key,town_area,A31a_205,a,river
足立区|中川1丁目,170395.3886517051,2,5357.886150443997,荒川
足立区|中川1丁目,170395.3886517051,2,20625.40031670447,荒川
足立区|中川1丁目,170395.3886517051,2,26.122154794040462,荒川
足立区|中川1丁目,170395.3886517051,2,286.9438352854689,荒川
足立区|中川1丁目,170395.3886517051,2,26.122262363687383,荒川
足立区|中川1丁目,170395.3886517051,2,112.77642304945378,荒川
足立区|中川1丁目,170395.3886517051,3,141876.7677944878,荒川
足立区|中川1丁目,170395.3886517051,3,960.0619818511747,荒川
足立区|中川1丁目,170395.3886517051,3,574.0857036921878,荒川
足立区|中川1丁目,170395.3886517051,3,79.20770945574911,荒川
足立区|中川1丁目,170395.3886517051,3,51.62135766242288,荒川
足立区|中川1丁目,170395.3886517051,3,131.24126108464753,荒川
足立区|中川1丁目,170395.3886517051,3,52.45409752567276,荒川
足立区|中川1丁目,170395.3886517051,3,130.40865046536229,荒川
足立区|中川1丁目,170395.3886517051,3,26.12181866472809,荒川
足立区|中川1丁目,170395.3886517051,3,78.16638353518738,荒川
足立区|中川2丁目,155741.20549975903,2,2770.8076709114835,荒川
足立区|中川2丁目,155741.20549975903,2,17667.544178921446,荒川
足立区|中川2丁目,155741.20549975903,2,654.3294215772771,荒川
足立区|中川2丁目,155741.20549975903,2,12836.35759872156,荒川
足立区|中川2丁目,155741.20549975903,2,603.1148731622634,荒川
足立区|中川2丁目,155741.20549975903,2,25.910834986726837,荒川
足立区|中川2丁目,155741.20549975903,2,130.1941222984947,荒川
足立区|中川2丁目,155741.20549975903,2,1200.401780919059,荒川
足立区|中川2丁目,155741.20549975903,2,26.12118758880677,荒川
足立区|中川2丁目,155741.20549975903,2,1307.1884364316913,荒川
足立区|中川2丁目,155741.20549975903,2,1829.8626730588558,荒川
足立区|中川2丁目,155741.20549975903,3,116658.42605344656,荒川
足立区|中川2丁目,155741.20549975903,3,4.8252376129159105,荒川
足立区|中川2丁目,155741.20549975903,3,26.12117394550618,荒川
足立区|中川3丁目,158254.45209946795,2,46716.98800972062,荒川
足立区|中川3丁目,158254.45209946795,2,182.64066047823388,荒川
足立区|中川3丁目,158254.45209946795,2,0.4114695324055657,荒川
足立区|中川3丁目,158254.45209946795,2,25.909349652547363,荒川
足立区|中川3丁目,158254.45209946795,2,547.5168947805582,荒川
足立区|中川3丁目,158254.45209946795,2,12942.25148618349,荒川
足立区|中川3丁目,158254.45209946795,2,26.54156608501842,荒川
足立区|中川3丁目,158254.45209946795,2,25.498961366774722,荒川
足立区|中川3丁目,158254.45209946795,2,2249.26587650322,荒川
足立区|中川3丁目,158254.45209946795,2,2794.0963550803776,荒川
足立区|中川3丁目,158254.45209946795,3,91399.66243132447,荒川
足立区|中川3丁目,158254.45209946795,3,25.498046908016644,荒川
足立区|中川3丁目,158254.45209946795,3,53.08252102988059,荒川
足立区|中川3丁目,158254.45209946795,3,25.498291927370012,荒川
足立区|中川3丁目,158254.45209946795,3,26.541294648847888,荒川
足立区|中川3丁目,158254.45209946795,3,25.49812569961169,荒川
足立区|中川3丁目,158254.45209946795,3,26.120044606182145,荒川
足立区|中川3丁目,158254.45209946795,3,430.447280992929,荒川
足立区|中川3丁目,158254.45209946795,3,25.909631454358546,荒川
足立区|中川3丁目,158254.45209946795,3,26.120295620650847,荒川
足立区|中川3丁目,158254.45209946795,3,25.909465849736357,荒川
足立区|中川3丁目,158254.45209946795,3,26.12012533483304,荒川
足立区|中川3丁目,158254.45209946795,3,25.498243564980505,荒川
足立区|中川3丁目,158254.45209946795,3,26.12020568792014,荒川
足立区|中川3丁目,158254.45209946795,3,26.120286774643226,荒川
足立区|中川3丁目,158254.45209946795,3,26.54151117376289,荒川
足立区|中川3丁目,158254.45209946795,3,208.7651042324852,荒川
足立区|中川3丁目,158254.45209946795,3,209.1861224843797,荒川
足立区|中川3丁目,158254.45209946795,3,104.6933652307933,荒川
足立区|中川4丁目,230399.89615935148,2,443.4516588322931,荒川
足立区|中川4丁目,230399.89615935148,3,229825.83013700452,荒川
足立区|中川4丁目,230399.89615935148,4,130.6143635146144,荒川
足立区|中川5丁目,429552.06564931484,1,365.2737002452381,荒川
足立区|中川5丁目,429552.06564931484,1,286.6963618099452,荒川
足立区|中川5丁目,429552.06564931484,1,365.06863063978113,荒川
足立区|中川5丁目,429552.06564931484,1,0.42128017632534287,荒川
足立区|中川5丁目,429552.06564931484,1,783.002943310621,荒川
足立区|中川5丁目,429552.06564931484,2,103423.5044615401,荒川
足立区|中川5丁目,429552.06564931484,2,938.8697952166394,荒川
足立区|中川5丁目,429552.06564931484,2,4341.03136383226,荒川
足立区|中川5丁目,429552.06564931484,2,575.0667641731624,荒川
足立区|中川5丁目,429552.06564931484,2,469.75145947582246,荒川
足立区|中川5丁目,429552.06564931484,2,598.0603380250168,荒川
足立区|中川5丁目,429552.06564931484,2,549.7873073320095,荒川
足立区|中川5丁目,429552.06564931484,2,338.7366784942619,荒川
足立区|中川5丁目,429552.06564931484,2,26.1192497845186,荒川
足立区|中川5丁目,429552.06564931484,2,444.8930306439151,荒川
足立区|中川5丁目,429552.06564931484,2,393.69765922466564,荒川
足立区|中川5丁目,429552.06564931484,2,1.6650618984386472,荒川
足立区|中川5丁目,429552.06564931484,2,468.09352610771015,荒川
足立区|中川5丁目,429552.06564931484,2,261.41613452779546,荒川
足立区|中川5丁目,429552.06564931484,2,26.540760276186013,荒川
足立区|中川5丁目,429552.06564931484,2,105.11021043988404,荒川
足立区|中川5丁目,429552.06564931484,2,26.54098465597643,荒川
足立区|中川5丁目,429552.06564931484,2,52.66089884274194,荒川
足立区|中川5丁目,429552.06564931484,3,205988.75855768556,荒川
足立区|中川5丁目,429552.06564931484,3,447.1968224954027,荒川
足立区|中川5丁目,429552.06564931484,3,755.018892738773,荒川
足立区|中川5丁目,429552.06564931484,3,25.909144938151538,荒川
足立区|中川5丁目,429552.06564931484,3,26.119801775721843,荒川
足立区|中川5丁目,429552.06564931484,3,26.541313306819376,荒川
足立区|中川5丁目,429552.06564931484,3,129.35570421580442,荒川
足立区|中川5丁目,429552.06564931484,3,103.85808362892455,荒川
足立区|中川5丁目,429552.06564931484,3,25.909591012037332,荒川
足立区|中川5丁目,429552.06564931484,3,52.66158997109435,荒川
足立区|中川5丁目,429552.06564931484,3,26.539878746080944,荒川
足立区|中川5丁目,429552.06564931484,3,26.541376074376362,荒川
足立区|中川5丁目,429552.06564931484,3,25.497148472581554,荒川
足立区|中川5丁目,429552.06564931484,3,26.540201228860358,荒川
足立区|中川5丁目,429552.06564931484,3,26.540452856684638,荒川
足立区|中川5丁目,429552.06564931484,3,53.08076334234411,荒川
足立区|中川5丁目,429552.06564931484,3,26.119299413612374,荒川
足立区|中川5丁目,429552.06564931484,3,26.540575894754667,荒川
足立区|中川5丁目,429552.06564931484,3,572.9900540930408,荒川
足立区|中川5丁目,429552.06564931484,3,26.54072614808488,荒川
足立区|中川5丁目,429552.06564931484,3,25.90883067911702,荒川
足立区|中川5丁目,429552.06564931484,3,25.49766061357296,荒川
足立区|中川5丁目,429552.06564931484,3,26.119100378316727,荒川
足立区|中川5丁目,429552.06564931484,3,51.61686795168798,荒川
足立区|中川5丁目,429552.06564931484,3,25.497612286778143,荒川
足立区|中川5丁目,429552.06564931484,3,52.45011616879283,荒川
足立区|中川5丁目,429552.06564931484,3,26.54092557212382,荒川
足立区|中川5丁目,429552.06564931484,3,26.119654351529213,荒川
足立区|中川5丁目,429552.06564931484,4,59166.73297367895,荒川
足立区|中川5丁目,429552.06564931484,4,444.47816144842943,荒川
足立区|中川5丁目,429552.06564931484,4,25.909430022006426,荒川
足立区|中川5丁目,429552.06564931484,4,26.54138102296885,荒川
足立区|西綾瀬1丁目,62683.114937912746,2,1085.8747510280343,荒川
足立区|西綾瀬1丁目,62683.114937912746,3,55678.67299866689,荒川
足立区|西綾瀬1丁目,62683.114937912746,4,600.8887300048777,荒川
足立区|西綾瀬1丁目,62683.114937912746,4,79.2146275783559,荒川
足立区|西綾瀬1丁目,62683.114937912746,4,2214.8981398686283,荒川
足立区|西綾瀬1丁目,62683.114937912746,4,2736.391668617281,荒川
足立区|西綾瀬1丁目,62683.114937912746,4,287.1736890376429,荒川
足立区|西綾瀬2丁目,153294.76099846358,2,495.3377638305397,荒川
足立区|西綾瀬2丁目,153294.76099846358,3,142113.92888804825,荒川
足立区|西綾瀬2丁目,153294.76099846358,3,52.665903803936466,荒川
足立区|西綾瀬2丁目,153294.76099846358,4,7000.624354675094,荒川
足立区|西綾瀬2丁目,153294.76099846358,4,26.122114587868317,荒川
足立区|西綾瀬2丁目,153294.76099846358,4,104.49907968863698,荒川
足立区|西綾瀬2丁目,153294.76099846358,4,209.83105837995586,荒川
足立区|西綾瀬2丁目,153294.76099846358,4,182.24390200226824,荒川
足立区|西綾瀬2丁目,153294.76099846358,4,2736.8090396368825,荒川
足立区|西綾瀬2丁目,153294.76099846358,4,78.78826372614607,荒川
足立区|西綾瀬2丁目,153294.76099846358,4,26.543671094463207,荒川
足立区|西綾瀬2丁目,153294.76099846358,4,26.12239661847171,荒川
足立区|西綾瀬2丁目,153294.76099846358,4,51.41219326312746,荒川
足立区|西綾瀬2丁目,153294.76099846358,4,56.77778858892542,荒川
足立区|西綾瀬2丁目,153294.76099846358,4,26.543963421074764,荒川
足立区|西綾瀬2丁目,153294.76099846358,4,25.911785747753274,荒川
足立区|西綾瀬2丁目,153294.76099846358,4,26.122674733372946,荒川
足立区|西綾瀬2丁目,153294.76099846358,4,1.389600237670552,荒川
足立区|西綾瀬2丁目,153294.76099846358,4,53.08654878112697,荒川
足立区|西綾瀬3丁目,186310.01222467297,3,178358.4736438045,荒川
足立区|西綾瀬3丁目,186310.01222467297,3,25.500259491876147,荒川
足立区|西綾瀬3丁目,186310.01222467297,3,7.93378277417254,荒川
足立区|西綾瀬3丁目,186310.01222467297,4,4879.4304612585,荒川
足立区|西綾瀬3丁目,186310.01222467297,4,388.5889639394905,荒川
足立区|西綾瀬3丁目,186310.01222467297,4,52.45679253241147,荒川
足立区|西綾瀬3丁目,186310.01222467297,4,104.91103857494495,荒川
足立区|西綾瀬3丁目,186310.01222467297,4,336.6684673426619,荒川
足立区|西綾瀬3丁目,186310.01222467297,4,25.500486472818636,荒川
足立区|西綾瀬3丁目,186310.01222467297,4,26.543848198516375,荒川
足立区|西綾瀬3丁目,186310.01222467297,4,25.500565804781324,荒川
足立区|西綾瀬3丁目,186310.01222467297,4,25.500771238067912,荒川
足立区|西綾瀬3丁目,186310.01222467297,4,862.742365553566,荒川
足立区|西綾瀬3丁目,186310.01222467297,4,50.23631637421439,荒川
足立区|西綾瀬3丁目,186310.01222467297,4,76.91379562416078,荒川
足立区|西綾瀬3丁目,186310.01222467297,4,1063.110742807324,荒川
足立区|西綾瀬4丁目,144379.90562141742,2,932.4802709455173,荒川
足立区|西綾瀬4丁目,144379.90562141742,3,132446.77338455073,荒川
足立区|西綾瀬4丁目,144379.90562141742,3,4.480418633491775,荒川
足立区|西綾瀬4丁目,144379.90562141742,3,79.00305164226802,荒川
足立区|西綾瀬4丁目,144379.90562141742,3,18.61027561342832,荒川
足立区|西綾瀬4丁目,144379.90562141742,4,4927.902200070112,荒川
足立区|西綾瀬4丁目,144379.90562141742,4,76.91233749818637,荒川
足立区|西綾瀬4丁目,144379.90562141742,4,52.665897194627995,荒川
足立区|西綾瀬4丁目,144379.90562141742,4,26.54350582842941,荒川
足立区|西綾瀬4丁目,144379.90562141742,4,156.32237935208923,荒川
足立区|西綾瀬4丁目,144379.90562141742,4,209.831666269502,荒川
足立区|西綾瀬4丁目,144379.90562141742,4,25.500652494445934,荒川
足立区|西綾瀬4丁目,144379.90562141742,4,78.57798578376443,荒川
足立区|西綾瀬4丁目,144379.90562141742,4,1600.2895026763033,荒川
足立区|西綾瀬4丁目,144379.90562141742,4,25.499659407196013,荒川
足立区|西綾瀬4丁目,144379.90562141742,4,53.087809954202726,荒川
足立区|西綾瀬4丁目,144379.90562141742,4,726.4664489099781,荒川
足立区|西綾瀬4丁目,144379.90562141742,4,26.543847624635156,荒川
足立区|西綾瀬4丁目,144379.90562141742,4,77.95668804407177,荒川
足立区|西綾瀬4丁目,144379.90562141742,4,157.1674259966974,荒川
足立区|西綾瀬4丁目,144379.90562141742,4,77.74590547759297,荒川
足立区|西綾瀬4丁目,144379.90562141742,4,1100.5781781627675,荒川
足立区|西綾瀬4丁目,144379.90562141742,4,26.12271818846751,荒川
足立区|西綾瀬4丁目,144379.90562141742,4,25.91206462208537,荒川
足立区|西綾瀬4丁目,144379.90562141742,4,25.500761897334645,荒川
足立区|西綾瀬4丁目,144379.90562141742,4,26.543974363958522,荒川
足立区|西綾瀬4丁目,144379.90562141742,4,26.122758658029984,荒川
足立区|西綾瀬4丁目,144379.90562141742,4,104.08043392981347,荒川
足立区|西綾瀬4丁目,144379.90562141742,4,79.21148934447469,荒川
足立区|西綾瀬4丁目,144379.90562141742,4,453.38036924445,荒川
足立区|西綾瀬4丁目,144379.90562141742,4,131.66386585292858,荒川
足立区|西綾瀬4丁目,144379.90562141742,4,366.9837046549268,荒川
足立区|西綾瀬4丁目,144379.90562141742,4,26.12201931589962,荒川
足立区|西綾瀬4丁目,144379.90562141742,4,26.122270212150056,荒川
足立区|西綾瀬4丁目,144379.90562141742,4,78.16580740469884,荒川
足立区|西綾瀬4丁目,144379.90562141742,4,51.41176235924551,荒川
足立区|西綾瀬4丁目,144379.90562141742,4,51.62264814223064,荒川
足立区|西新井1丁目,185715.30323405415,2,171879.411822749,荒川
足立区|西新井1丁目,185715.30323405415,2,1146.3171807475335,荒川
足立区|西新井1丁目,185715.30323405415,3,6243.731205032357,荒川
足立区|西新井1丁目,185715.30323405415,3,1033.18294422494,荒川
足立区|西新井1丁目,185715.30323405415,3,55.311862696738466,荒川
足立区|西新井1丁目,185715.30323405415,3,184.50284452789185,荒川
足立区|西新井1丁目,185715.30323405415,3,26.116964145379413,荒川
足立区|西新井1丁目,185715.30323405415,3,104.05666983490971,荒川
足立区|西新井1丁目,185715.30323405415,3,78.98279434974026,荒川
足立区|西新井1丁目,185715.30323405415,3,26.117810438944883,荒川
足立区|西新井1丁目,185715.30323405415,3,51.61221477777333,荒川
足立区|西新井1丁目,185715.30323405415,3,78.9854406861265,荒川
足立区|西新井1丁目,185715.30323405415,3,52.65693129366303,荒川
足立区|西新井1丁目,185715.30323405415,3,26.117044152819215,荒川
足立区|西新井1丁目,185715.30323405415,3,51.61226727055255,荒川
足立区|西新井1丁目,185715.30323405415,3,25.90643615253615,荒川
足立区|西新井1丁目,185715.30323405415,3,52.23415554363857,荒川
足立区|西新井1丁目,185715.30323405415,3,26.53913472383963,荒川
足立区|西新井1丁目,185715.30323405415,3,26.118088130537288,荒川
足立区|西新井1丁目,185715.30323405415,3,104.27103634676315,荒川
足立区|西新井1丁目,185715.30323405415,3,208.7530706002244,荒川
足立区|西新井1丁目,185715.30323405415,3,26.53839634685273,荒川
足立区|西新井1丁目,185715.30323405415,3,366.08254756801335,荒川
足立区|西新井1丁目,185715.30323405415,3,26.117918765334927,荒川
足立区|西新井1丁目,185715.30323405415,3,53.07857614171442,荒川
足立区|西新井1丁目,185715.30323405415,3,286.89499585600373,荒川
足立区|西新井1丁目,185715.30323405415,3,496.4834147355514,荒川
足立区|西新井1丁目,185715.30323405415,3,78.77563340112376,荒川
足立区|西新井1丁目,185715.30323405415,3,26.53938018937195,荒川
足立区|西新井1丁目,185715.30323405415,3,30.891747791548863,荒川
足立区|西新井1丁目,185715.30323405415,3,51.40396232676836,荒川
足立区|西新井1丁目,185715.30323405415,3,25.495656585910915,荒川
足立区|西新井1丁目,185715.30323405415,3,103.84879321068316,荒川
足立区|西新井1丁目,185715.30323405415,3,25.4956555987917,荒川
足立区|西新井1丁目,185715.30323405415,3,497.30818026729,荒川
足立区|西新井1丁目,185715.30323405415,3,25.906916770753433,荒川
足立区|西新井1丁目,185715.30323405415,3,52.23554761282713,荒川
足立区|西新井1丁目,185715.30323405415,3,105.31317208057031,荒川
足立区|西新井1丁目,185715.30323405415,3,182.2114042158658,荒川
足立区|西新井1丁目,185715.30323405415,3,417.27894648881386,荒川
足立区|西新井1丁目,185715.30323405415,3,103.84883069076335,荒川
足立区|西新井1丁目,185715.30323405415,3,25.906996129589125,荒川
足立区|西新井1丁目,185715.30323405415,3,104.89241154968488,荒川
足立区|西新井1丁目,185715.30323405415,3,25.495813713605685,荒川
足立区|西新井1丁目,185715.30323405415,3,965.5860906881804,荒川
足立区|西新井1丁目,185715.30323405415,3,77.73111298484402,荒川
足立区|西新井1丁目,185715.30323405415,3,51.40321391773544,荒川
足立区|西新井2丁目,159761.53617074137,2,156245.03777644818,荒川
足立区|西新井2丁目,159761.53617074137,3,78.1481981059399,荒川
足立区|西新井2丁目,159761.53617074137,3,51.40004069769332,荒川
足立区|西新井2丁目,159761.53617074137,3,52.653543696760224,荒川
足立区|西新井2丁目,159761.53617074137,3,166.11181440099128,荒川
足立区|西新井2丁目,159761.53617074137,3,77.93774512405882,荒川
足立区|西新井2丁目,159761.53617074137,3,52.65396984647414,荒川
足立区|西新井2丁目,159761.53617074137,3,2233.2868841762047,荒川
足立区|西新井2丁目,159761.53617074137,3,413.35579005024874,荒川
足立区|西新井2丁目,159761.53617074137,3,25.906195364531563,荒川
足立区|西新井2丁目,159761.53617074137,3,25.4949859794853,荒川
足立区|西新井2丁目,159761.53617074137,3,156.0893416500152,荒川
足立区|西新井2丁目,159761.53617074137,3,156.92181780011012,荒川
足立区|西新井2丁目,159761.53617074137,3,26.538067400684653,荒川
足立区|西新井3丁目,176526.29110908488,2,176526.29110908488,荒川
足立区|西新井4丁目,342669.0848884576,2,342669.08488845767,荒川
足立区|西新井5丁目,215094.49993788076,2,214888.59092547055,荒川
足立区|西新井5丁目,215094.49993788076,3,69.15957290903096,荒川
足立区|西新井5丁目,215094.49993788076,3,52.44379170489331,荒川
足立区|西新井5丁目,215094.49993788076,3,25.494949033951862,荒川
足立区|西新井5丁目,215094.49993788076,3,51.40079582859576,荒川
足立区|西新井5丁目,215094.49993788076,3,7.409902933782048,荒川
足立区|西新井6丁目,264479.39742056,2,262820.14747929695,荒川
足立区|西新井6丁目,264479.39742056,3,19.128350293766445,荒川
足立区|西新井6丁目,264479.39742056,3,103.42490407285582,荒川
足立区|西新井6丁目,264479.39742056,3,77.30794915408411,荒川
足立区|西新井6丁目,264479.39742056,3,26.116951666804574,荒川
足立区|西新井6丁目,264479.39742056,3,235.91254901271856,荒川
足立区|西新井6丁目,264479.39742056,3,182.83553100316436,荒川
足立区|西新井6丁目,264479.39742056,3,131.8533797847311,荒川
足立区|西新井6丁目,264479.39742056,3,26.11793493319642,荒川
足立区|西新井6丁目,264479.39742056,3,52.44653865267722,荒川
足立区|西新井6丁目,264479.39742056,3,77.31042911722515,荒川
足立区|西新井6丁目,264479.39742056,3,25.496337255273268,荒川
足立区|西新井6丁目,264479.39742056,3,105.3145509186179,荒川
足立区|西新井6丁目,264479.39742056,3,496.27499624223117,荒川
足立区|西新井6丁目,264479.39742056,3,77.94341032084783,荒川
足立区|西新井6丁目,264479.39742056,3,21.76612883460725,荒川
足立区|西新井7丁目,146440.92031171027,2,146440.92031171027,荒川
足立区|西新井栄町1丁目,248260.0415960125,3,248260.04159601254,荒川
足立区|西新井栄町2丁目,138988.76364671192,2,2494.4744479646943,荒川
足立区|西新井栄町2丁目,138988.76364671192,2,626.686935267969,荒川
足立区|西新井栄町2丁目,138988.76364671192,2,592.5957647012705,荒川
足立区|西新井栄町2丁目,138988.76364671192,2,1264.8128653091221,荒川
足立区|西新井栄町2丁目,138988.76364671192,3,133984.69723094974,荒川
足立区|西新井栄町2丁目,138988.76364671192,3,25.496402519222062,荒川
足立区|西新井栄町3丁目,87141.08056327766,2,25.49652140854916,荒川
足立区|西新井栄町3丁目,87141.08056327766,2,339.7704434857441,荒川
足立区|西新井栄町3丁目,87141.08056327766,2,417.08251173340494,荒川
足立区|西新井栄町3丁目,87141.08056327766,2,26.539706652877882,荒川
足立区|西新井栄町3丁目,87141.08056327766,2,1226.2258212459121,荒川
足立区|西新井栄町3丁目,87141.08056327766,2,863.8424021761725,荒川
足立区|西新井栄町3丁目,87141.08056327766,3,84242.12315657498,荒川
足立区|西新井本町1丁目,170806.36966688212,2,50262.26220825745,荒川
足立区|西新井本町1丁目,170806.36966688212,2,78.7767956307883,荒川
足立区|西新井本町1丁目,170806.36966688212,2,52.65838903276722,荒川
足立区|西新井本町1丁目,170806.36966688212,2,26.539959778082412,荒川
足立区|西新井本町1丁目,170806.36966688212,2,286.69247884974936,荒川
足立区|西新井本町1丁目,170806.36966688212,2,26.118789231003042,荒川
足立区|西新井本町1丁目,170806.36966688212,2,26.118901978612854,荒川
足立区|西新井本町1丁目,170806.36966688212,2,26.118928703948164,荒川
足立区|西新井本町1丁目,170806.36966688212,2,26.54024276655954,荒川
足立区|西新井本町1丁目,170806.36966688212,2,25.908398862639576,荒川
足立区|西新井本町1丁目,170806.36966688212,2,26.540338149992827,荒川
足立区|西新井本町1丁目,170806.36966688212,2,26.540338338849605,荒川
足立区|西新井本町1丁目,170806.36966688212,2,1805.683895622059,荒川
足立区|西新井本町1丁目,170806.36966688212,2,4437.650731090107,荒川
足立区|西新井本町1丁目,170806.36966688212,2,2428.124316318313,荒川
足立区|西新井本町1丁目,170806.36966688212,2,26.118362296045262,荒川
足立区|西新井本町1丁目,170806.36966688212,2,77.73684931826513,荒川
足立区|西新井本町1丁目,170806.36966688212,2,52.239371305162,荒川
足立区|西新井本町1丁目,170806.36966688212,3,108932.23233757535,荒川
足立区|西新井本町1丁目,170806.36966688212,3,26.11829595051396,荒川
足立区|西新井本町1丁目,170806.36966688212,3,25.907677773200533,荒川
足立区|西新井本町1丁目,170806.36966688212,3,1842.1224221319007,荒川
足立区|西新井本町1丁目,170806.36966688212,3,26.539600739749176,荒川
足立区|西新井本町1丁目,170806.36966688212,3,130.60254863572817,荒川
足立区|西新井本町1丁目,170806.36966688212,3,26.118969047418748,荒川
足立区|西新井本町1丁目,170806.36966688212,3,25.908559145127093,荒川
足立区|西新井本町1丁目,170806.36966688212,3,52.44996035271952,荒川
足立区|西新井本町2丁目,205496.22830295184,2,202422.91941443618,荒川
足立区|西新井本町2丁目,205496.22830295184,3,1504.383772305735,荒川
足立区|西新井本町2丁目,205496.22830295184,3,26.118570528751764,荒川
足立区|西新井本町2丁目,205496.22830295184,3,78.77878087401399,荒川
足立区|西新井本町2丁目,205496.22830295184,3,601.1939815468334,荒川
足立区|西新井本町2丁目,205496.22830295184,3,77.52566431644071,荒川
足立区|西新井本町2丁目,205496.22830295184,3,174.55073188486955,荒川
足立区|西新井本町2丁目,205496.22830295184,3,156.77978521722713,荒川
足立区|西新井本町2丁目,205496.22830295184,3,453.9776018418646,荒川
足立区|西新井本町3丁目,77074.6771665242,2,75939.22982423233,荒川
足立区|西新井本町3丁目,77074.6771665242,3,921.6455155218833,荒川
足立区|西新井本町3丁目,77074.6771665242,3,25.497706455947593,荒川
足立区|西新井本町3丁目,77074.6771665242,3,20.46531102211702,荒川
足立区|西新井本町3丁目,77074.6771665242,3,24.864777294115715,荒川
足立区|西新井本町3丁目,77074.6771665242,3,142.9740319977917,荒川
足立区|西新井本町4丁目,215600.33227555326,2,91741.44188515823,荒川
足立区|西新井本町4丁目,215600.33227555326,2,26.120111653849435,荒川
足立区|西新井本町4丁目,215600.33227555326,2,8696.163229501231,荒川
足立区|西新井本町4丁目,215600.33227555326,2,4518.733484236213,荒川
足立区|西新井本町4丁目,215600.33227555326,2,25.4986103255451,荒川
足立区|西新井本町4丁目,215600.33227555326,2,758.1507383656528,荒川
足立区|西新井本町4丁目,215600.33227555326,2,833.9939255635159,荒川
足立区|西新井本町4丁目,215600.33227555326,2,495.4708474151587,荒川
足立区|西新井本町4丁目,215600.33227555326,2,4238.822796977544,荒川
足立区|西新井本町4丁目,215600.33227555326,2,3919.5125949516073,荒川
足立区|西新井本町4丁目,215600.33227555326,3,95366.04259115674,荒川
足立区|西新井本町4丁目,215600.33227555326,3,26.119907168244794,荒川
足立区|西新井本町4丁目,215600.33227555326,3,183.270087426122,荒川
足立区|西新井本町4丁目,215600.33227555326,3,26.541063587594756,荒川
足立区|西新井本町4丁目,215600.33227555326,3,52.6612119835378,荒川
足立区|西新井本町4丁目,215600.33227555326,3,51.61805779450801,荒川
足立区|西新井本町4丁目,215600.33227555326,3,77.94870600287236,荒川
足立区|西新井本町4丁目,215600.33227555326,3,26.119950494171132,荒川
足立区|西新井本町4丁目,215600.33227555326,3,729.7360516166065,荒川
足立区|西新井本町4丁目,215600.33227555326,3,53.08280764577602,荒川
足立区|西新井本町4丁目,215600.33227555326,3,26.5414452326035,荒川
足立区|西新井本町4丁目,215600.33227555326,3,26.54144552877358,荒川
足立区|西新井本町4丁目,215600.33227555326,3,26.54169641849733,荒川
足立区|西新井本町4丁目,215600.33227555326,3,339.17303741435444,荒川
足立区|西新井本町4丁目,215600.33227555326,3,1767.8484551126598,荒川
足立区|西新井本町4丁目,215600.33227555326,3,26.54176580936253,荒川
足立区|西新井本町4丁目,215600.33227555326,3,79.20330304390343,荒川
足立区|西新井本町4丁目,215600.33227555326,3,76.90638814893016,荒川
足立区|西新井本町4丁目,215600.33227555326,3,157.56484840450798,荒川
足立区|西新井本町4丁目,215600.33227555326,3,103.85880333380787,荒川
足立区|西新井本町4丁目,215600.33227555326,3,26.12031267200587,荒川
足立区|西新井本町4丁目,215600.33227555326,3,77.31797591704267,荒川
足立区|西新井本町4丁目,215600.33227555326,3,105.53507631880632,荒川
足立区|西新井本町4丁目,215600.33227555326,3,130.1911405244996,荒川
足立区|西新井本町4丁目,215600.33227555326,3,477.0709560368401,荒川
足立区|西新井本町4丁目,215600.33227555326,3,26.12008259428823,荒川
足立区|西新井本町4丁目,215600.33227555326,3,51.40845834561197,荒川
足立区|西新井本町4丁目,215600.33227555326,3,5.654007351725489,荒川
足立区|西新井本町4丁目,215600.33227555326,3,0.6329690204303797,荒川
足立区|西新井本町4丁目,215600.33227555326,3,196.60240906496676,荒川
足立区|西新井本町4丁目,215600.33227555326,3,25.909040235084998,荒川
足立区|西新井本町5丁目,100325.83547818691,3,100325.83547818696,荒川
足立区|西伊興1丁目,262823.9279152525,1,364.97971687127813,荒川
足立区|西伊興1丁目,262823.9279152525,1,259.8880260369796,荒川
足立区|西伊興1丁目,262823.9279152525,1,393.181213017435,荒川
足立区|西伊興1丁目,262823.9279152525,1,469.8628929196882,荒川
足立区|西伊興1丁目,262823.9279152525,1,444.16962755202826,荒川
足立区|西伊興1丁目,262823.9279152525,1,519.1738042535709,荒川
足立区|西伊興1丁目,262823.9279152525,1,393.8222411307964,荒川
足立区|西伊興1丁目,262823.9279152525,2,248159.57896312536,荒川
足立区|西伊興2丁目,147985.29844253528,1,394.02018931264706,荒川
足立区|西伊興2丁目,147985.29844253528,2,147485.7725737934,荒川
足立区|西伊興2丁目,147985.29844253528,3,26.53439664196465,荒川
足立区|西伊興2丁目,147985.29844253528,3,78.97099039700458,荒川
足立区|西伊興3丁目,202679.13045428638,1,417.59564222774657,荒川
足立区|西伊興3丁目,202679.13045428638,1,45.72596589790711,荒川
足立区|西伊興3丁目,202679.13045428638,1,552.5348417726025,荒川
足立区|西伊興3丁目,202679.13045428638,1,483.8400091745508,荒川
足立区|西伊興3丁目,202679.13045428638,1,472.97059508828454,荒川
足立区|西伊興3丁目,202679.13045428638,2,193825.0994206408,荒川
足立区|西伊興4丁目,150422.58942047704,1,445.15958237863816,荒川
足立区|西伊興4丁目,150422.58942047704,1,2062.8663381067827,荒川
足立区|西伊興4丁目,150422.58942047704,1,339.4619341835758,荒川
足立区|西伊興4丁目,150422.58942047704,2,147575.10156580803,荒川
足立区|西伊興町,43164.711787654924,1,207.03960434397442,荒川
足立区|西伊興町,43164.711787654924,1,155.43595936737285,荒川
足立区|西伊興町,43164.711787654924,1,599.1785901609609,荒川
足立区|西伊興町,43164.711787654924,1,78.76096101869368,荒川
足立区|西伊興町,43164.711787654924,1,494.3069600263439,荒川
足立区|西伊興町,43164.711787654924,1,312.9580870387721,荒川
足立区|西伊興町,43164.711787654924,1,756.2951497932188,荒川
足立区|西伊興町,43164.711787654924,1,495.3515650009597,荒川
足立区|西伊興町,43164.711787654924,2,31587.429166965212,荒川
足立区|西加平1丁目,93331.49348901567,2,2565.8192939015157,荒川
足立区|西加平1丁目,93331.49348901567,3,90244.53637024094,荒川
足立区|西加平1丁目,93331.49348901567,4,26.11803496520881,荒川
足立区|西加平1丁目,93331.49348901567,4,468.9024669041424,荒川
足立区|西加平1丁目,93331.49348901567,4,26.118079958374576,荒川
足立区|西加平2丁目,118830.04634776138,2,392.2021662720855,荒川
足立区|西加平2丁目,118830.04634776138,2,1074.0132261822134,荒川
足立区|西加平2丁目,118830.04634776138,3,117363.83095530707,荒川
足立区|西竹の塚1丁目,186706.9941217483,2,186288.72958466492,荒川
足立区|西竹の塚1丁目,186706.9941217483,3,288.105214205308,荒川
足立区|西竹の塚1丁目,186706.9941217483,3,130.15932287809315,荒川
足立区|西竹の塚2丁目,108003.84140641998,2,108003.84140641999,荒川
足立区|西保木間1丁目,143843.01999705422,2,143843.0199970543,荒川
足立区|西保木間2丁目,207792.18909423126,1,573.639972050043,荒川
足立区|西保木間2丁目,207792.18909423126,2,207218.5491221812,荒川
足立区|西保木間3丁目,114031.53317209362,2,114031.53317209364,荒川
足立区|西保木間4丁目,193017.56305995313,1,2792.494537052664,荒川
足立区|西保木間4丁目,193017.56305995313,1,442.43912035492076,荒川
足立区|西保木間4丁目,193017.56305995313,1,209.10409594816718,荒川
足立区|西保木間4丁目,193017.56305995313,1,184.45387290769585,荒川
足立区|西保木間4丁目,193017.56305995313,1,52.64081815629225,荒川
足立区|西保木間4丁目,193017.56305995313,1,1148.075706911038,荒川
足立区|西保木間4丁目,193017.56305995313,2,177557.55544965097,荒川
足立区|西保木間4丁目,193017.56305995313,3,12.929127359587707,荒川
足立区|西保木間4丁目,193017.56305995313,3,25.487020830745614,荒川
足立区|西保木間4丁目,193017.56305995313,3,26.108668931025417,荒川
足立区|西保木間4丁目,193017.56305995313,3,51.388350417647345,荒川
足立区|西保木間4丁目,193017.56305995313,3,1282.0518548558066,荒川
足立区|西保木間4丁目,193017.56305995313,3,8.156821046677928,荒川
足立区|西保木間4丁目,193017.56305995313,3,1.0355278695953192,荒川
足立区|西保木間4丁目,193017.56305995313,3,341.94994786761566,荒川
足立区|西保木間4丁目,193017.56305995313,3,79.17088615377851,荒川
足立区|西保木間4丁目,193017.56305995313,3,3551.5538643877826,荒川
足立区|西保木間4丁目,193017.56305995313,3,26.530938929042208,荒川
足立区|花畑1丁目,204055.56372212962,1,313.3536382873146,荒川
足立区|花畑1丁目,204055.56372212962,2,203742.21002243317,荒川
足立区|花畑2丁目,171312.31028905304,2,170326.94076651818,荒川
足立区|花畑2丁目,171312.31028905304,3,289.31953473288456,荒川
足立区|花畑2丁目,171312.31028905304,3,25.48907397094577,荒川
足立区|花畑2丁目,171312.31028905304,3,26.531754398777068,荒川
足立区|花畑2丁目,171312.31028905304,3,20.786943334520792,荒川
足立区|花畑2丁目,171312.31028905304,3,103.81855474779722,荒川
足立区|花畑2丁目,171312.31028905304,3,25.90069990211218,荒川
足立区|花畑2丁目,171312.31028905304,3,284.42074493192985,荒川
足立区|花畑2丁目,171312.31028905304,3,131.39326807370938,荒川
足立区|花畑2丁目,171312.31028905304,3,77.7089484423388,荒川
足立区|花畑3丁目,222069.51036727024,1,939.5998365243363,荒川
足立区|花畑3丁目,222069.51036727024,2,221129.91104477263,荒川
足立区|花畑4丁目,250336.91365947385,1,263.61684390496606,荒川
足立区|花畑4丁目,250336.91365947385,1,235.62361420041557,荒川
足立区|花畑4丁目,250336.91365947385,2,247350.94384986506,荒川
足立区|花畑5丁目,295536.0236880254,1,78.74682195413392,荒川
足立区|花畑5丁目,295536.0236880254,1,364.9092578283648,荒川
足立区|花畑5丁目,295536.0236880254,1,860.1921633764514,荒川
足立区|花畑5丁目,295536.0236880254,2,293864.09356224345,荒川
足立区|花畑5丁目,295536.0236880254,3,36.46123415532435,荒川
足立区|花畑5丁目,295536.0236880254,3,51.24842730934705,荒川
足立区|花畑5丁目,295536.0236880254,3,51.7953703348853,荒川
足立区|花畑5丁目,295536.0236880254,3,52.63824217393957,荒川
足立区|花畑5丁目,295536.0236880254,3,26.108477126576318,荒川
足立区|花畑5丁目,295536.0236880254,3,26.52962270003271,荒川
足立区|花畑6丁目,269470.339925233,1,2481.7406539134813,荒川
足立区|花畑6丁目,269470.339925233,1,989.4839404888281,荒川
足立区|花畑6丁目,269470.339925233,1,150.82090319752862,荒川
足立区|花畑6丁目,269470.339925233,2,264095.75192962406,荒川
足立区|花畑6丁目,269470.339925233,3,26.109229434645197,荒川
足立区|花畑6丁目,269470.339925233,3,26.53007805360084,荒川
足立区|花畑6丁目,269470.339925233,3,26.108785301334052,荒川
足立区|花畑6丁目,269470.339925233,3,25.898257338363642,荒川
足立区|花畑6丁目,269470.339925233,3,51.59724936454873,荒川
足立区|花畑6丁目,269470.339925233,3,26.108879624996586,荒川
足立区|花畑6丁目,269470.339925233,3,26.530017809064695,荒川
足立区|花畑6丁目,269470.339925233,3,25.487497661640727,荒川
足立区|花畑6丁目,269470.339925233,3,26.5306469759997,荒川
足立区|花畑6丁目,269470.339925233,3,77.70717606688089,荒川
足立区|花畑6丁目,269470.339925233,3,53.061772381698646,荒川
足立区|花畑6丁目,269470.339925233,3,52.21997481389222,荒川
足立区|花畑7丁目,168028.7031824836,1,181.9346414577932,荒川
足立区|花畑7丁目,168028.7031824836,1,313.1077675656748,荒川
足立区|花畑7丁目,168028.7031824836,1,269.597955052034,荒川
足立区|花畑7丁目,168028.7031824836,1,52.216745089371024,荒川
足立区|花畑7丁目,168028.7031824836,2,164371.66938059006,荒川
足立区|花畑7丁目,168028.7031824836,3,79.1662229139714,荒川
足立区|花畑7丁目,168028.7031824836,3,105.27356717996125,荒川
足立区|花畑7丁目,168028.7031824836,3,210.96854372057936,荒川
足立区|花畑7丁目,168028.7031824836,3,25.486268026947585,荒川
足立区|花畑7丁目,168028.7031824836,3,50.972740898841295,荒川
足立区|花畑7丁目,168028.7031824836,3,26.107897766899352,荒川
足立区|花畑7丁目,168028.7031824836,3,26.107897353630136,荒川
足立区|花畑7丁目,168028.7031824836,3,755.305696647999,荒川
足立区|花畑7丁目,168028.7031824836,3,25.897582065367303,荒川
足立区|花畑7丁目,168028.7031824836,3,313.52681066771765,荒川
足立区|花畑7丁目,168028.7031824836,3,26.529074485998002,荒川
足立区|花畑7丁目,168028.7031824836,3,26.107991631054972,荒川
足立区|花畑7丁目,168028.7031824836,3,104.02139239452288,荒川
足立区|花畑7丁目,168028.7031824836,3,26.52911542533211,荒川
足立区|花畑7丁目,168028.7031824836,3,26.529129246466375,荒川
足立区|花畑7丁目,168028.7031824836,3,25.486630765459367,荒川
足立区|花畑7丁目,168028.7031824836,3,26.529156476180447,荒川
足立区|花畑7丁目,168028.7031824836,3,26.108072302637375,荒川
足立区|花畑7丁目,168028.7031824836,3,59.09315347141881,荒川
足立区|花畑7丁目,168028.7031824836,3,25.89777679159957,荒川
足立区|花畑7丁目,168028.7031824836,3,26.52965516878112,荒川
足立区|花畑7丁目,168028.7031824836,3,52.63789585569186,荒川
足立区|花畑7丁目,168028.7031824836,3,40.57627105264508,荒川
足立区|花畑7丁目,168028.7031824836,3,0.0032789155722536124,荒川
足立区|花畑7丁目,168028.7031824836,3,26.108111123570552,荒川
足立区|花畑7丁目,168028.7031824836,3,26.529859118065545,荒川
足立区|花畑7丁目,168028.7031824836,3,25.486989766693803,荒川
足立区|花畑8丁目,188867.2116368729,1,260.66844073642505,荒川
足立区|花畑8丁目,188867.2116368729,1,260.66720286916325,荒川
足立区|花畑8丁目,188867.2116368729,1,420.196788965439,荒川
足立区|花畑8丁目,188867.2116368729,1,468.91575461599564,荒川
足立区|花畑8丁目,188867.2116368729,1,262.75617323646463,荒川
足立区|花畑8丁目,188867.2116368729,1,155.39934461012604,荒川
足立区|花畑8丁目,188867.2116368729,1,57.89480960488561,荒川
足立区|花畑8丁目,188867.2116368729,1,26.106913831005677,荒川
足立区|花畑8丁目,188867.2116368729,1,3906.9682251452878,荒川
足立区|花畑8丁目,188867.2116368729,1,522.1848021913501,荒川
足立区|花畑8丁目,188867.2116368729,1,25.48639409770959,荒川
足立区|花畑8丁目,188867.2116368729,1,785.3729390218298,荒川
足立区|花畑8丁目,188867.2116368729,1,339.84658684970503,荒川
足立区|花畑8丁目,188867.2116368729,1,674.1184930505962,荒川
足立区|花畑8丁目,188867.2116368729,1,289.4602673083864,荒川
足立区|花畑8丁目,188867.2116368729,2,151934.1169821795,荒川
足立区|花畑8丁目,188867.2116368729,3,25.896655777177568,荒川
足立区|花畑8丁目,188867.2116368729,3,26.528172098504392,荒川
足立区|花畑8丁目,188867.2116368729,3,25.485208149733094,荒川
足立区|花畑8丁目,188867.2116368729,3,52.42452680741902,荒川
足立区|花畑8丁目,188867.2116368729,3,52.214465294210775,荒川
足立区|花畑8丁目,188867.2116368729,3,53.05750582224094,荒川
足立区|花畑8丁目,188867.2116368729,3,72.5005154419443,荒川
足立区|花畑8丁目,188867.2116368729,3,26.529416181231866,荒川
足立区|花畑8丁目,188867.2116368729,3,26.529654009952605,荒川
足立区|東綾瀬1丁目,197115.3340239723,3,197115.33402397236,荒川
足立区|東綾瀬2丁目,159990.15513118196,3,159990.15513118188,荒川
足立区|東綾瀬3丁目,154094.87322019463,2,313.2643106918654,荒川
足立区|東綾瀬3丁目,154094.87322019463,3,153755.0666747907,荒川
足立区|東綾瀬3丁目,154094.87322019463,4,26.54223471205309,荒川
足立区|東伊興1丁目,163692.67046783757,2,163692.6704678376,荒川
足立区|東伊興2丁目,157634.75530466138,1,41.066487260345205,荒川
足立区|東伊興2丁目,157634.75530466138,1,33.172252463650814,荒川
足立区|東伊興2丁目,157634.75530466138,2,146235.7285106469,荒川
足立区|東伊興2丁目,157634.75530466138,2,26.529999130559727,荒川
足立区|東伊興2丁目,157634.75530466138,2,104.0251594443973,荒川
足立区|東伊興2丁目,157634.75530466138,2,26.109239087587454,荒川
足立区|東伊興2丁目,157634.75530466138,2,157.08694494954653,荒川
足立区|東伊興2丁目,157634.75530466138,2,77.08481563560083,荒川
足立区|東伊興2丁目,157634.75530466138,2,105.2795417905974,荒川
足立区|東伊興2丁目,157634.75530466138,2,235.20250225289453,荒川
足立区|東伊興2丁目,157634.75530466138,2,287.22064749018836,荒川
足立区|東伊興2丁目,157634.75530466138,3,98.95554389204787,荒川
足立区|東伊興2丁目,157634.75530466138,3,3090.295262270139,荒川
足立区|東伊興2丁目,157634.75530466138,3,26.109039926955088,荒川
足立区|東伊興2丁目,157634.75530466138,3,3997.0419516306983,荒川
足立区|東伊興2丁目,157634.75530466138,3,476.96675457713576,荒川
足立区|東伊興2丁目,157634.75530466138,3,26.108782606516897,荒川
足立区|東伊興2丁目,157634.75530466138,3,26.109093558567682,荒川
足立区|東伊興2丁目,157634.75530466138,3,26.109303259920267,荒川
足立区|東伊興2丁目,157634.75530466138,3,26.530207168065644,荒川
足立区|東伊興2丁目,157634.75530466138,3,50.55110820148235,荒川
足立区|東伊興2丁目,157634.75530466138,3,175.29704344569416,荒川
足立区|東伊興2丁目,157634.75530466138,3,51.38577558983006,荒川
足立区|東伊興2丁目,157634.75530466138,3,1971.9193313483795,荒川
足立区|東伊興2丁目,157634.75530466138,3,52.63991960949133,荒川
足立区|東伊興2丁目,157634.75530466138,3,52.63994683173999,荒川
足立区|東伊興2丁目,157634.75530466138,3,157.5901405926978,荒川
足立区|東伊興3丁目,227037.84547890082,1,220.0491814178564,荒川
足立区|東伊興3丁目,227037.84547890082,1,45.99842947819568,荒川
足立区|東伊興3丁目,227037.84547890082,2,225567.10218571284,荒川
足立区|東伊興3丁目,227037.84547890082,3,323.3414950468186,荒川
足立区|東伊興3丁目,227037.84547890082,3,208.3837028795323,荒川
足立区|東伊興3丁目,227037.84547890082,3,26.53081115685928,荒川
足立区|東伊興3丁目,227037.84547890082,3,78.74981142185082,荒川
足立区|東伊興3丁目,227037.84547890082,3,358.3828697455215,荒川
足立区|東伊興3丁目,227037.84547890082,3,51.38700269556732,荒川
足立区|東伊興3丁目,227037.84547890082,3,157.91998935057762,荒川
足立区|東伊興4丁目,80527.87314302583,1,549.377563533513,荒川
足立区|東伊興4丁目,80527.87314302583,2,79978.49557949229,荒川
足立区|東保木間1丁目,211460.19328540686,2,211460.1932854069,荒川
足立区|東保木間2丁目,246582.12955759768,1,338.87723493488073,荒川
足立区|東保木間2丁目,246582.12955759768,2,246243.25232266277,荒川
足立区|東六月町,162428.54066226532,2,162428.5406622654,荒川
足立区|一ツ家1丁目,137904.36379456965,2,131503.7953484268,荒川
足立区|一ツ家1丁目,137904.36379456965,3,5098.375072540937,荒川
足立区|一ツ家1丁目,137904.36379456965,3,129.3400372064568,荒川
足立区|一ツ家1丁目,137904.36379456965,3,313.212028057303,荒川
足立区|一ツ家1丁目,137904.36379456965,3,26.539081983633928,荒川
足立区|一ツ家1丁目,137904.36379456965,3,182.00310911840478,荒川
足立区|一ツ家1丁目,137904.36379456965,3,131.428462145251,荒川
足立区|一ツ家1丁目,137904.36379456965,3,26.11804170387655,荒川
足立区|一ツ家1丁目,137904.36379456965,3,26.11825237978602,荒川
足立区|一ツ家1丁目,137904.36379456965,3,25.494739450407856,荒川
足立区|一ツ家1丁目,137904.36379456965,3,129.33943207082945,荒川
足立区|一ツ家1丁目,137904.36379456965,3,182.21182425031685,荒川
足立区|一ツ家1丁目,137904.36379456965,3,51.61380420922509,荒川
足立区|一ツ家1丁目,137904.36379456965,3,78.77456102663207,荒川
足立区|一ツ家2丁目,158445.6130484126,2,129837.81696152085,荒川
足立区|一ツ家2丁目,158445.6130484126,2,260.76557259891445,荒川
足立区|一ツ家2丁目,158445.6130484126,2,1173.4480164913728,荒川
足立区|一ツ家2丁目,158445.6130484126,2,4099.3643520328815,荒川
足立区|一ツ家2丁目,158445.6130484126,2,1513.2098382960728,荒川
足立区|一ツ家2丁目,158445.6130484126,2,2141.317098104487,荒川
足立区|一ツ家2丁目,158445.6130484126,3,17231.810549292888,荒川
足立区|一ツ家2丁目,158445.6130484126,3,51.61038436986288,荒川
足立区|一ツ家2丁目,158445.6130484126,3,26.538226117609415,荒川
足立区|一ツ家2丁目,158445.6130484126,3,26.53801508021195,荒川
足立区|一ツ家2丁目,158445.6130484126,3,52.44432072910717,荒川
足立区|一ツ家2丁目,158445.6130484126,3,310.9105849463445,荒川
足立区|一ツ家2丁目,158445.6130484126,3,240.06080862108485,荒川
足立区|一ツ家2丁目,158445.6130484126,3,51.4006499123489,荒川
足立区|一ツ家2丁目,158445.6130484126,3,26.11666425025965,荒川
足立区|一ツ家2丁目,158445.6130484126,3,309.86933154853733,荒川
足立区|一ツ家2丁目,158445.6130484126,3,25.4949836066706,荒川
足立区|一ツ家2丁目,158445.6130484126,3,1066.8966908931288,荒川
足立区|一ツ家3丁目,156580.5742108594,2,33376.567069567296,荒川
足立区|一ツ家3丁目,156580.5742108594,2,468.88963126134405,荒川
足立区|一ツ家3丁目,156580.5742108594,2,3999.530737781149,荒川
足立区|一ツ家3丁目,156580.5742108594,2,3110.0774553741517,荒川
足立区|一ツ家3丁目,156580.5742108594,2,470.9795353366179,荒川
足立区|一ツ家3丁目,156580.5742108594,2,418.5336455114657,荒川
足立区|一ツ家3丁目,156580.5742108594,2,235.70125191901823,荒川
足立区|一ツ家3丁目,156580.5742108594,2,9593.781947271007,荒川
足立区|一ツ家3丁目,156580.5742108594,2,912.9293687433135,荒川
足立区|一ツ家3丁目,156580.5742108594,2,78.98390455063765,荒川
足立区|一ツ家3丁目,156580.5742108594,2,1042.4944386357174,荒川
足立区|一ツ家3丁目,156580.5742108594,2,312.39390012933245,荒川
足立区|一ツ家3丁目,156580.5742108594,3,101936.59052112786,荒川
足立区|一ツ家3丁目,156580.5742108594,3,390.3410777821816,荒川
足立区|一ツ家3丁目,156580.5742108594,3,25.4952510547704,荒川
足立区|一ツ家3丁目,156580.5742108594,3,155.6708578494551,荒川
足立区|一ツ家3丁目,156580.5742108594,3,51.61361696411675,荒川
足立区|一ツ家4丁目,83544.21208858414,2,26.538465359705988,荒川
足立区|一ツ家4丁目,83544.21208858414,2,288.35475593870916,荒川
足立区|一ツ家4丁目,83544.21208858414,2,2116.905841732366,荒川
足立区|一ツ家4丁目,83544.21208858414,2,339.13335593376837,荒川
足立区|一ツ家4丁目,83544.21208858414,2,364.4081200539827,荒川
足立区|一ツ家4丁目,83544.21208858414,2,519.4567817246017,荒川
足立区|一ツ家4丁目,83544.21208858414,2,994.6334853421567,荒川
足立区|一ツ家4丁目,83544.21208858414,3,78894.78128249887,荒川
足立区|日の出町,144909.25098154493,4,144909.25098154493,荒川
足立区|平野1丁目,176960.24245437345,2,175485.7796479972,荒川
足立区|平野1丁目,176960.24245437345,3,444.2479880230523,荒川
足立区|平野1丁目,176960.24245437345,3,26.539287878595736,荒川
足立区|平野1丁目,176960.24245437345,3,26.11804277458326,荒川
足立区|平野1丁目,176960.24245437345,3,845.2818238887315,荒川
足立区|平野1丁目,176960.24245437345,3,26.539342471339797,荒川
足立区|平野1丁目,176960.24245437345,3,105.73632133990357,荒川
足立区|平野2丁目,117305.29090487164,2,117305.2909048716,荒川
足立区|平野3丁目,160957.62315582475,2,160957.62315582478,荒川
足立区|保木間1丁目,262632.2838723087,2,262632.2838723087,荒川
足立区|保木間2丁目,210328.02484071313,2,210328.0248407131,荒川
足立区|保木間3丁目,211614.79843410692,2,211614.79843410695,荒川
足立区|保木間4丁目,239039.06968085055,2,239039.06968085055,荒川
足立区|保木間5丁目,267579.750866246,1,520.3712353268598,荒川
足立区|保木間5丁目,267579.750866246,2,266864.2636834042,荒川
足立区|保木間5丁目,267579.750866246,3,52.63735687737272,荒川
足立区|保木間5丁目,267579.750866246,3,76.8717537023198,荒川
足立区|保木間5丁目,267579.750866246,3,25.897831129312056,荒川
足立区|保木間5丁目,267579.750866246,3,26.108507207179812,荒川
足立区|保木間5丁目,267579.750866246,3,13.600498598639302,荒川
足立区|保塚町,213185.45366746865,2,213016.03361757612,荒川
足立区|保塚町,213185.45366746865,3,50.76094857334782,荒川
足立区|保塚町,213185.45366746865,3,49.099777255732015,荒川
足立区|保塚町,213185.45366746865,3,69.55932406337725,荒川
足立区|堀之内1丁目,205152.3625820551,3,162291.71624736156,荒川
足立区|堀之内1丁目,205152.3625820551,3,25.90934471254689,荒川
足立区|堀之内1丁目,205152.3625820551,3,26.120282904763528,荒川
足立区|堀之内1丁目,205152.3625820551,3,26.119332552230013,荒川
足立区|堀之内1丁目,205152.3625820551,3,51.40614314617887,荒川
足立区|堀之内1丁目,205152.3625820551,3,52.44949824827737,荒川
足立区|堀之内1丁目,205152.3625820551,3,25.497722229207337,荒川
足立区|堀之内1丁目,205152.3625820551,4,51.616161393509074,荒川
足立区|堀之内1丁目,205152.3625820551,4,103.6436526990211,荒川
足立区|堀之内1丁目,205152.3625820551,4,26.11879741711674,荒川
足立区|堀之内1丁目,205152.3625820551,4,52.65949356830912,荒川
足立区|堀之内1丁目,205152.3625820551,4,26.540771414171033,荒川
足立区|堀之内1丁目,205152.3625820551,4,104.89917897661677,荒川
足立区|堀之内1丁目,205152.3625820551,4,25.909015923634527,荒川
足立区|堀之内1丁目,205152.3625820551,4,33.90996399881008,荒川
足立区|堀之内1丁目,205152.3625820551,4,7297.320810786636,荒川
足立区|堀之内1丁目,205152.3625820551,4,104.06784896297926,荒川
足立区|堀之内1丁目,205152.3625820551,4,207.92583198138013,荒川
足立区|堀之内1丁目,205152.3625820551,4,24.462245603976296,荒川
足立区|堀之内1丁目,205152.3625820551,4,64.18090400964726,荒川
足立区|堀之内1丁目,205152.3625820551,4,51.61787915295763,荒川
足立区|堀之内1丁目,205152.3625820551,4,156.94063715418767,荒川
足立区|堀之内1丁目,205152.3625820551,4,26.035614614107452,荒川
足立区|堀之内1丁目,205152.3625820551,4,24.05422657211582,荒川
足立区|堀之内1丁目,205152.3625820551,4,51.40732705612791,荒川
足立区|堀之内1丁目,205152.3625820551,4,95.73000623306216,荒川
足立区|堀之内1丁目,205152.3625820551,4,26.54132144919359,荒川
足立区|堀之内1丁目,205152.3625820551,4,26.120254787944305,荒川
足立区|堀之内1丁目,205152.3625820551,4,26.12004423102144,荒川
足立区|堀之内1丁目,205152.3625820551,4,33750.19822531802,荒川
足立区|堀之内1丁目,205152.3625820551,4,216.54273426575102,荒川
足立区|堀之内1丁目,205152.3625820551,4,26.54137644596087,荒川
足立区|堀之内1丁目,205152.3625820551,4,25.498191101736115,荒川
足立区|堀之内1丁目,205152.3625820551,4,26.541614408914413,荒川
足立区|堀之内2丁目,114083.89402291711,3,113939.77761961901,荒川
足立区|堀之内2丁目,114083.89402291711,4,97.74212672393779,荒川
足立区|堀之内2丁目,114083.89402291711,4,19.617388076899253,荒川
足立区|堀之内2丁目,114083.89402291711,4,1.6575973936378057,荒川
足立区|堀之内2丁目,114083.89402291711,4,14.60044186622364,荒川
足立区|堀之内2丁目,114083.89402291711,4,0.5055979078543432,荒川
足立区|堀之内2丁目,114083.89402291711,4,1.443806955666951,荒川
足立区|堀之内2丁目,114083.89402291711,4,8.549444373854843,荒川
足立区|南花畑1丁目,176734.36234974035,2,175817.5499318599,荒川
足立区|南花畑1丁目,176734.36234974035,3,866.2589585758187,荒川
足立区|南花畑1丁目,176734.36234974035,3,26.115614472206154,荒川
足立区|南花畑1丁目,176734.36234974035,3,24.437844832539614,荒川
足立区|南花畑2丁目,317130.18869462993,2,317130.18869463005,荒川
足立区|南花畑3丁目,258735.98234613484,1,122.11232575895279,荒川
足立区|南花畑3丁目,258735.98234613484,1,211.88380305777727,荒川
足立区|南花畑3丁目,258735.98234613484,1,313.1684715068715,荒川
足立区|南花畑3丁目,258735.98234613484,1,550.9309263197846,荒川
足立区|南花畑3丁目,258735.98234613484,1,716.2275809520559,荒川
足立区|南花畑3丁目,258735.98234613484,2,256638.65623925516,荒川
足立区|南花畑3丁目,258735.98234613484,3,26.113529219026695,荒川
足立区|南花畑3丁目,258735.98234613484,3,26.534542199417636,荒川
足立区|南花畑3丁目,258735.98234613484,3,25.902900734393196,荒川
足立区|南花畑3丁目,258735.98234613484,3,26.113426118550308,荒川
足立区|南花畑3丁目,258735.98234613484,3,26.113316990321973,荒川
足立区|南花畑3丁目,258735.98234613484,3,26.113668235757537,荒川
足立区|南花畑3丁目,258735.98234613484,3,26.113959524616256,荒川
足立区|南花畑4丁目,274407.4999311579,1,425.6654379362685,荒川
足立区|南花畑4丁目,274407.4999311579,2,273278.12256743887,荒川
足立区|南花畑4丁目,274407.4999311579,3,26.111784228763316,荒川
足立区|南花畑4丁目,274407.4999311579,3,0.3177355637474598,荒川
足立区|南花畑4丁目,274407.4999311579,3,25.490689172560984,荒川
足立区|南花畑4丁目,274407.4999311579,3,26.53307877458399,荒川
足立区|南花畑4丁目,274407.4999311579,3,25.490522972294286,荒川
足立区|南花畑4丁目,274407.4999311579,3,26.53333035766469,荒川
足立区|南花畑4丁目,274407.4999311579,3,25.490251491086816,荒川
足立区|南花畑4丁目,274407.4999311579,3,78.96619967541889,荒川
足立区|南花畑4丁目,274407.4999311579,3,77.713343589499,荒川
足立区|南花畑4丁目,274407.4999311579,3,25.901464623461795,荒川
足立区|南花畑4丁目,274407.4999311579,3,52.43344300502572,荒川
足立区|南花畑4丁目,274407.4999311579,3,78.96618467914548,荒川
足立区|南花畑4丁目,274407.4999311579,3,51.60184702657442,荒川
足立区|南花畑4丁目,274407.4999311579,3,25.902106099220397,荒川
足立区|南花畑4丁目,274407.4999311579,3,25.901140196659664,荒川
足立区|南花畑4丁目,274407.4999311579,3,51.602212064183654,荒川
足立区|南花畑4丁目,274407.4999311579,3,26.532943727436837,荒川
足立区|南花畑4丁目,274407.4999311579,3,52.223849489990535,荒川
足立区|南花畑5丁目,238257.61420114606,2,238257.6142011462,荒川
足立区|宮城1丁目,329377.2996866102,1,1052.4883002987349,荒川
足立区|宮城1丁目,329377.2996866102,2,384.0123183699417,荒川
足立区|宮城1丁目,329377.2996866102,3,69759.05774113811,荒川
足立区|宮城1丁目,329377.2996866102,3,26.545343626554,荒川
足立区|宮城1丁目,329377.2996866102,3,1229.9889283932393,荒川
足立区|宮城1丁目,329377.2996866102,3,522.7181113759578,荒川
足立区|宮城1丁目,329377.2996866102,3,3.133576871302509,荒川
足立区|宮城1丁目,329377.2996866102,3,2.5542410165062277,荒川
足立区|宮城1丁目,329377.2996866102,3,628.9000992292289,荒川
足立区|宮城1丁目,329377.2996866102,3,0.8806808355860978,荒川
足立区|宮城1丁目,329377.2996866102,3,0.387711669218787,荒川
足立区|宮城1丁目,329377.2996866102,3,0.20308524541204792,荒川
足立区|宮城1丁目,329377.2996866102,3,4046.3587426431577,荒川
足立区|宮城1丁目,329377.2996866102,3,495.7540620677044,荒川
足立区|宮城1丁目,329377.2996866102,3,52.6695572900817,荒川
足立区|宮城1丁目,329377.2996866102,3,51.41546042421147,荒川
足立区|宮城1丁目,329377.2996866102,3,3133.220441608271,荒川
足立区|宮城1丁目,329377.2996866102,3,5558.542711690123,荒川
足立区|宮城1丁目,329377.2996866102,3,3188.396325722081,荒川
足立区|宮城1丁目,329377.2996866102,3,22405.490497919913,荒川
足立区|宮城1丁目,329377.2996866102,3,470.6786447436962,荒川
足立区|宮城1丁目,329377.2996866102,3,914.6226564357482,荒川
足立区|宮城1丁目,329377.2996866102,3,365.1394465557877,荒川
足立区|宮城1丁目,329377.2996866102,3,966.6642661053226,荒川
足立区|宮城1丁目,329377.2996866102,3,234.508173459709,荒川
足立区|宮城1丁目,329377.2996866102,3,1621.5068100068484,荒川
足立区|宮城1丁目,329377.2996866102,3,7419.924627841668,荒川
足立区|宮城1丁目,329377.2996866102,3,550.3239896547955,荒川
足立区|宮城1丁目,329377.2996866102,3,1198.8902834515152,荒川
足立区|宮城1丁目,329377.2996866102,3,51.416831089048046,荒川
足立区|宮城1丁目,329377.2996866102,3,732.1650321318807,荒川
足立区|宮城1丁目,329377.2996866102,3,572.4885060774869,荒川
足立区|宮城1丁目,329377.2996866102,3,442.90197977229855,荒川
足立区|宮城1丁目,329377.2996866102,3,52.67185403383424,荒川
足立区|宮城1丁目,329377.2996866102,4,26.12359598534665,荒川
足立区|宮城1丁目,329377.2996866102,4,25.50161873302439,荒川
足立区|宮城1丁目,329377.2996866102,4,26.123635441336674,荒川
足立区|宮城1丁目,329377.2996866102,4,200589.47263418188,荒川
足立区|宮城1丁目,329377.2996866102,4,26.123795734692198,荒川
足立区|宮城1丁目,329377.2996866102,4,26.124127650469838,荒川
足立区|宮城1丁目,329377.2996866102,4,25.91350149462933,荒川
足立区|宮城1丁目,329377.2996866102,4,26.545341141396186,荒川
足立区|宮城1丁目,329377.2996866102,4,77.1309294657846,荒川
足立区|宮城1丁目,329377.2996866102,4,51.96811229688504,荒川
足立区|宮城1丁目,329377.2996866102,4,25.503196517047133,荒川
足立区|宮城1丁目,329377.2996866102,4,26.125292304368386,荒川
足立区|宮城1丁目,329377.2996866102,4,52.67230479131216,荒川
足立区|宮城1丁目,329377.2996866102,4,26.12537201888936,荒川
足立区|宮城1丁目,329377.2996866102,4,25.9149022769585,荒川
足立区|宮城1丁目,329377.2996866102,4,26.1253984180942,荒川
足立区|宮城1丁目,329377.2996866102,4,26.546789381799854,荒川
足立区|宮城1丁目,329377.2996866102,4,25.914775562983355,荒川
足立区|宮城1丁目,329377.2996866102,4,26.125728460654404,荒川
足立区|宮城1丁目,329377.2996866102,4,26.546910648607643,荒川
足立区|宮城1丁目,329377.2996866102,4,25.503507576854016,荒川
足立区|宮城1丁目,329377.2996866102,4,26.546937482143672,荒川
足立区|宮城2丁目,2046861.742756995,1,1068.1878439364136,荒川
足立区|宮城2丁目,2046861.742756995,1,1084.982551967184,荒川
足立区|宮城2丁目,2046861.742756995,1,26.12358430376824,荒川
足立区|宮城2丁目,2046861.742756995,1,26.123413736360483,荒川
足立区|宮城2丁目,2046861.742756995,1,52.66862510828764,荒川
足立区|宮城2丁目,2046861.742756995,1,1693.5620154436729,荒川
足立区|宮城2丁目,2046861.742756995,1,574.9675037437095,荒川
足立区|宮城2丁目,2046861.742756995,1,573.5126152684827,荒川
足立区|宮城2丁目,2046861.742756995,1,20.353645408726766,荒川
足立区|宮城2丁目,2046861.742756995,1,472.7415572589185,荒川
足立区|宮城2丁目,2046861.742756995,1,656.3117542623187,荒川
足立区|宮城2丁目,2046861.742756995,1,653.1792126774872,荒川
足立区|宮城2丁目,2046861.742756995,1,239.22839389471784,荒川
足立区|宮城2丁目,2046861.742756995,1,0.42117060302443277,荒川
足立区|宮城2丁目,2046861.742756995,2,668.86164821629,荒川
足立区|宮城2丁目,2046861.742756995,2,26.123030799509614,荒川
足立区|宮城2丁目,2046861.742756995,2,554.7221210640507,荒川
足立区|宮城2丁目,2046861.742756995,2,3029.9601628534692,荒川
足立区|宮城2丁目,2046861.742756995,2,157.17233298901235,荒川
足立区|宮城2丁目,2046861.742756995,2,3721.7385924510436,荒川
足立区|宮城2丁目,2046861.742756995,2,260.2107865244711,荒川
足立区|宮城2丁目,2046861.742756995,2,3528.6071071214633,荒川
足立区|宮城2丁目,2046861.742756995,2,26.545068681741064,荒川
足立区|宮城2丁目,2046861.742756995,2,4.396929231302181,荒川
足立区|宮城2丁目,2046861.742756995,2,25.50173812440132,荒川
足立区|宮城2丁目,2046861.742756995,2,524.3928830473178,荒川
足立区|宮城2丁目,2046861.742756995,2,25.501895557673947,荒川
足立区|宮城2丁目,2046861.742756995,2,26.073076825147854,荒川
足立区|宮城2丁目,2046861.742756995,2,26.545259775782245,荒川
足立区|宮城2丁目,2046861.742756995,2,444.97095489956484,荒川
足立区|宮城2丁目,2046861.742756995,2,654.1545100624734,荒川
足立区|宮城2丁目,2046861.742756995,2,29622.249661555772,荒川
足立区|宮城2丁目,2046861.742756995,2,5957.1830861768,荒川
足立区|宮城2丁目,2046861.742756995,2,78.37500910737414,荒川
足立区|宮城2丁目,2046861.742756995,2,497.6610400743312,荒川
足立区|宮城2丁目,2046861.742756995,2,650.4195523179379,荒川
足立区|宮城2丁目,2046861.742756995,2,497.4184170632399,荒川
足立区|宮城2丁目,2046861.742756995,2,12.443525784963988,荒川
足立区|宮城2丁目,2046861.742756995,2,225.06913787186215,荒川
足立区|宮城2丁目,2046861.742756995,2,1302.1826983391938,荒川
足立区|宮城2丁目,2046861.742756995,3,94735.51350227749,荒川
足立区|宮城2丁目,2046861.742756995,3,26.544437952953665,荒川
足立区|宮城2丁目,2046861.742756995,3,25.91281987842402,荒川
足立区|宮城2丁目,2046861.742756995,3,26.545225257465262,荒川
足立区|宮城2丁目,2046861.742756995,3,26.12367877649493,荒川
足立区|宮城2丁目,2046861.742756995,3,25.913017270475283,荒川
足立区|宮城2丁目,2046861.742756995,3,26.123916315206188,荒川
足立区|宮城2丁目,2046861.742756995,3,26.54506955204095,荒川
足立区|宮城2丁目,2046861.742756995,3,25.50173905612699,荒川
足立区|宮城2丁目,2046861.742756995,3,156.54213452415678,荒川
足立区|宮城2丁目,2046861.742756995,3,654.2260808396215,荒川
足立区|宮城2丁目,2046861.742756995,3,4836.903080267638,荒川
足立区|宮城2丁目,2046861.742756995,3,26.545096880212252,荒川
足立区|宮城2丁目,2046861.742756995,3,26.123970376479022,荒川
足立区|宮城2丁目,2046861.742756995,3,41.90906071016025,荒川
足立区|宮城2丁目,2046861.742756995,3,78.79272057005824,荒川
足立区|宮城2丁目,2046861.742756995,3,78.17112876425648,荒川
足立区|宮城2丁目,2046861.742756995,3,0.411348619898759,荒川
足立区|宮城2丁目,2046861.742756995,3,22.990248423192764,荒川
足立区|宮城2丁目,2046861.742756995,3,1201.9390823177798,荒川
足立区|宮城2丁目,2046861.742756995,3,26.545177536380773,荒川
足立区|宮城2丁目,2046861.742756995,3,1173.8525446121828,荒川
足立区|宮城2丁目,2046861.742756995,3,23.569597875198603,荒川
足立区|宮城2丁目,2046861.742756995,3,260.6271539040153,荒川
足立区|宮城2丁目,2046861.742756995,3,25.664551421334583,荒川
足立区|宮城2丁目,2046861.742756995,3,25.1143893511191,荒川
足立区|宮城2丁目,2046861.742756995,3,26.342174324327193,荒川
足立区|宮城2丁目,2046861.742756995,3,392.92309506910465,荒川
足立区|宮城2丁目,2046861.742756995,3,314.3393618760577,荒川
足立区|宮城2丁目,2046861.742756995,3,656.2511496469941,荒川
足立区|宮城2丁目,2046861.742756995,3,50833.42814750958,荒川
足立区|宮城2丁目,2046861.742756995,3,6825.565056758628,荒川
足立区|宮城2丁目,2046861.742756995,3,2796.8575971379337,荒川
足立区|宮城2丁目,2046861.742756995,3,599.6552582373803,荒川
足立区|宮城2丁目,2046861.742756995,3,26.124223925092608,荒川
足立区|宮城2丁目,2046861.742756995,3,26.124715285506817,荒川
足立区|宮城2丁目,2046861.742756995,3,25.91446999639595,荒川
足立区|宮城2丁目,2046861.742756995,3,26.545806334389813,荒川
足立区|宮城2丁目,2046861.742756995,3,52.671115520428074,荒川
足立区|宮城2丁目,2046861.742756995,3,26.546136242190556,荒川
足立区|宮城2丁目,2046861.742756995,3,548.6505313155811,荒川
足立区|宮城2丁目,2046861.742756995,3,25.502763694620462,荒川
足立区|宮城2丁目,2046861.742756995,3,540.5524156494293,荒川
足立区|宮城2丁目,2046861.742756995,3,54.87852146957319,荒川
足立区|宮城2丁目,2046861.742756995,3,648.6621418806546,荒川
足立区|宮城2丁目,2046861.742756995,3,654.2149204468205,荒川
足立区|宮城2丁目,2046861.742756995,3,1045.5019204940963,荒川
足立区|宮城2丁目,2046861.742756995,3,26.125531636583176,荒川
足立区|宮城2丁目,2046861.742756995,3,51.418154172745865,荒川
足立区|宮城2丁目,2046861.742756995,3,0.4213797981702603,荒川
足立区|宮城2丁目,2046861.742756995,3,654.3099968172997,荒川
足立区|宮城2丁目,2046861.742756995,3,653.2678584633943,荒川
足立区|宮城2丁目,2046861.742756995,3,1962.9596243496649,荒川
足立区|宮城2丁目,2046861.742756995,3,563.6731573770281,荒川
足立区|宮城2丁目,2046861.742756995,4,2429.6051169242646,荒川
足立区|宮城2丁目,2046861.742756995,4,269.42221494873723,荒川
足立区|宮城2丁目,2046861.742756995,4,25.912936998872723,荒川
足立区|宮城2丁目,2046861.742756995,4,78.3713092246514,荒川
足立区|宮城2丁目,2046861.742756995,4,496.5916622904983,荒川
足立区|宮城2丁目,2046861.742756995,4,50787.40462393715,荒川
足立区|宮城2丁目,2046861.742756995,4,4181.605891221085,荒川
足立区|宮城2丁目,2046861.742756995,4,26.5450607535393,荒川
足立区|宮城2丁目,2046861.742756995,4,366.1705878208703,荒川
足立区|宮城2丁目,2046861.742756995,4,21711.84668178539,荒川
足立区|宮城2丁目,2046861.742756995,4,25.91221344747425,荒川
足立区|宮城2丁目,2046861.742756995,4,52.45652718261067,荒川
足立区|宮城2丁目,2046861.742756995,4,26.123636546701537,荒川
足立区|宮城2丁目,2046861.742756995,4,14.347644751269709,荒川
足立区|宮城2丁目,2046861.742756995,4,26.546247085092396,荒川
足立区|宮城2丁目,2046861.742756995,4,25.502883426508962,荒川
足立区|宮城2丁目,2046861.742756995,4,26.546287963439056,荒川
足立区|宮城2丁目,2046861.742756995,4,26.12493179017182,荒川
足立区|宮城2丁目,2046861.742756995,4,25.91426008545819,荒川
足立区|宮城2丁目,2046861.742756995,4,26.12501209364671,荒川
足立区|宮城2丁目,2046861.742756995,4,26.546424058746943,荒川
足立区|宮城2丁目,2046861.742756995,4,25.503040202710718,荒川
足立区|宮城2丁目,2046861.742756995,4,26.54645115321692,荒川
足立区|宮城2丁目,2046861.742756995,4,26.546675493153625,荒川
足立区|宮城2丁目,2046861.742756995,4,26.1241237409899,荒川
足立区|宮城2丁目,2046861.742756995,4,25.503079341894818,荒川
足立区|宮城2丁目,2046861.742756995,4,26.125329635795456,荒川
足立区|宮城2丁目,2046861.742756995,4,26.54618951786421,荒川
足立区|宮城2丁目,2046861.742756995,4,25.914459072382456,荒川
足立区|宮城2丁目,2046861.742756995,4,52.67075350451113,荒川
足立区|宮城2丁目,2046861.742756995,4,26.545731991016382,荒川
足立区|宮城2丁目,2046861.742756995,4,26.124550459923334,荒川
足立区|宮城2丁目,2046861.742756995,4,51.41734021931617,荒川
足立区|宮城2丁目,2046861.742756995,4,26.124887968541948,荒川
足立区|宮城2丁目,2046861.742756995,4,0.7029546095928808,荒川
足立区|宮城2丁目,2046861.742756995,4,36290.47067075631,荒川
足立区|宮城2丁目,2046861.742756995,4,155.5032874584488,荒川
足立区|宮城2丁目,2046861.742756995,4,52.46023873832441,荒川
足立区|宮城2丁目,2046861.742756995,4,26.12481118162914,荒川
足立区|宮城2丁目,2046861.742756995,4,26.54620625163235,荒川
足立区|宮城2丁目,2046861.742756995,4,1396.4825669226427,荒川
足立区|宮城2丁目,2046861.742756995,4,25.502844186673165,荒川
足立区|宮城2丁目,2046861.742756995,4,119258.21479404962,荒川
足立区|宮城2丁目,2046861.742756995,4,15919.999247384421,荒川
足立区|宮城2丁目,2046861.742756995,4,13.372040745448196,荒川
足立区|六木1丁目,198771.85117506312,2,40231.83346489381,荒川
足立区|六木1丁目,198771.85117506312,2,1594.537520496473,荒川
足立区|六木1丁目,198771.85117506312,2,2271.049321420051,荒川
足立区|六木1丁目,198771.85117506312,2,10503.090022724862,荒川
足立区|六木1丁目,198771.85117506312,2,54505.04686032521,荒川
足立区|六木1丁目,198771.85117506312,2,1668.5144387015616,荒川
足立区|六木1丁目,198771.85117506312,2,2170.3258378518285,荒川
足立区|六木1丁目,198771.85117506312,2,2590.0479856245774,荒川
足立区|六木1丁目,198771.85117506312,2,3553.0040798712553,荒川
足立区|六木1丁目,198771.85117506312,2,705.5436011408001,荒川
足立区|六木1丁目,198771.85117506312,2,1228.0928857721126,荒川
足立区|六木1丁目,198771.85117506312,2,0.026841611144963813,荒川
足立区|六木1丁目,198771.85117506312,2,1332.744451486709,荒川
足立区|六木1丁目,198771.85117506312,3,26.5346979877552,荒川
足立区|六木1丁目,198771.85117506312,3,53.0692346215092,荒川
足立区|六木1丁目,198771.85117506312,3,103.21097511584398,荒川
足立区|六木1丁目,198771.85117506312,3,76105.22941354096,荒川
足立区|六木1丁目,198771.85117506312,3,52.438538142120834,荒川
足立区|六木1丁目,198771.85117506312,3,26.11432733577104,荒川
足立区|六木1丁目,198771.85117506312,3,51.396676398890094,荒川
足立区|六木2丁目,144668.53901300975,2,131285.54064335753,荒川
足立区|六木2丁目,144668.53901300975,2,4.078934422819525,荒川
足立区|六木2丁目,144668.53901300975,2,16.469342789197075,荒川
足立区|六木2丁目,144668.53901300975,3,782.6526284548456,荒川
足立区|六木2丁目,144668.53901300975,3,26.534733834184664,荒川
足立区|六木2丁目,144668.53901300975,3,77.5088147807503,荒川
足立区|六木2丁目,144668.53901300975,3,12423.736648868588,荒川
足立区|六木2丁目,144668.53901300975,3,25.903221358350258,荒川
足立区|六木2丁目,144668.53901300975,3,26.114045143377943,荒川
足立区|六木3丁目,331982.0556003702,1,468.8009315568172,荒川
足立区|六木3丁目,331982.0556003702,1,25.90165505755847,荒川
足立区|六木3丁目,331982.0556003702,1,653.897233098839,荒川
足立区|六木3丁目,331982.0556003702,2,324630.5003826882,荒川
足立区|六木3丁目,331982.0556003702,2,47.31417758030595,荒川
足立区|六木3丁目,331982.0556003702,2,62.29079034118769,荒川
足立区|六木3丁目,331982.0556003702,3,635.2842147816077,荒川
足立区|六木3丁目,331982.0556003702,3,1019.6108709973555,荒川
足立区|六木3丁目,331982.0556003702,3,26.11112597875159,荒川
足立区|六木3丁目,331982.0556003702,3,51.600624905562725,荒川
足立区|六木3丁目,331982.0556003702,3,26.532538407331238,荒川
足立区|六木3丁目,331982.0556003702,3,26.532538675468665,荒川
足立区|六木3丁目,331982.0556003702,3,51.60070467688226,荒川
足立区|六木3丁目,331982.0556003702,3,26.11124725666288,荒川
足立区|六木3丁目,331982.0556003702,3,402.8546532471029,荒川
足立区|六木3丁目,331982.0556003702,3,782.9786272895597,荒川
足立区|六木3丁目,331982.0556003702,3,53.06509852786075,荒川
足立区|六木3丁目,331982.0556003702,3,103.82369258143444,荒川
足立区|六木3丁目,331982.0556003702,3,104.65684305224308,荒川
足立区|六木3丁目,331982.0556003702,3,104.65658870224617,荒川
足立区|六木3丁目,331982.0556003702,3,26.111740475727345,荒川
足立区|六木3丁目,331982.0556003702,3,660.4631150997055,荒川
足立区|六木3丁目,331982.0556003702,3,26.11154345862286,荒川
足立区|六木3丁目,331982.0556003702,3,14.59237472342825,荒川
足立区|六木3丁目,331982.0556003702,3,25.49009808521926,荒川
足立区|六木3丁目,331982.0556003702,3,26.53297622796947,荒川
足立区|六木3丁目,331982.0556003702,3,51.596861640024485,荒川
足立区|六木3丁目,331982.0556003702,3,26.532806676227942,荒川
足立区|六木3丁目,331982.0556003702,3,136.81113371109984,荒川
足立区|六木3丁目,331982.0556003702,3,671.9763192747054,荒川
足立区|六木3丁目,331982.0556003702,3,52.28035972808672,荒川
足立区|六木3丁目,331982.0556003702,3,99.64004403718724,荒川
足立区|六木3丁目,331982.0556003702,3,603.3102421393082,荒川
足立区|六木3丁目,331982.0556003702,3,93.82633455899236,荒川
足立区|六木3丁目,331982.0556003702,3,22.441918385420383,荒川
足立区|六木3丁目,331982.0556003702,3,100.37030815670082,荒川
足立区|六木4丁目,124928.08926065947,2,121206.56270386011,荒川
足立区|六木4丁目,124928.08926065947,2,0.33060370416759205,荒川
足立区|六木4丁目,124928.08926065947,3,119.84099276003074,荒川
足立区|六木4丁目,124928.08926065947,3,255.41210196186984,荒川
足立区|六木4丁目,124928.08926065947,3,267.4944234606821,荒川
足立区|六木4丁目,124928.08926065947,3,32.06291673605294,荒川
足立区|六木4丁目,124928.08926065947,3,2893.4879304028286,荒川
足立区|六木4丁目,124928.08926065947,3,25.43608902860961,荒川
足立区|六木4丁目,124928.08926065947,3,57.879830310747366,荒川
足立区|六木4丁目,124928.08926065947,3,25.90250587836016,荒川
足立区|六木4丁目,124928.08926065947,3,9.381411019257191,荒川
足立区|六木4丁目,124928.08926065947,3,29.162474271206815,荒川
足立区|六木4丁目,124928.08926065947,3,5.13527726551691,荒川
足立区|本木1丁目,150237.79676689312,3,129037.00314153718,荒川
足立区|本木1丁目,150237.79676689312,4,26.123906525936643,荒川
足立区|本木1丁目,150237.79676689312,4,53.09024242158803,荒川
足立区|本木1丁目,150237.79676689312,4,26.123777428194586,荒川
足立区|本木1丁目,150237.79676689312,4,21095.455698980197,荒川
足立区|本木2丁目,145809.3015997298,2,0.012988652804295097,荒川
足立区|本木2丁目,145809.3015997298,2,418.40563738939187,荒川
足立区|本木2丁目,145809.3015997298,3,145390.88297368764,荒川
足立区|本木北町,90415.4762524048,2,8728.236792306752,荒川
足立区|本木北町,90415.4762524048,2,419.23855984840117,荒川
足立区|本木北町,90415.4762524048,2,758.6370569453636,荒川
足立区|本木北町,90415.4762524048,2,285.90079386995694,荒川
足立区|本木北町,90415.4762524048,2,1754.7034582297001,荒川
足立区|本木北町,90415.4762524048,2,3056.5005032029344,荒川
足立区|本木北町,90415.4762524048,2,364.0707072333884,荒川
足立区|本木北町,90415.4762524048,2,26.544025552787012,荒川
足立区|本木北町,90415.4762524048,2,286.7386930834342,荒川
足立区|本木北町,90415.4762524048,3,74591.74573117125,荒川
足立区|本木北町,90415.4762524048,3,13.460532486974543,荒川
足立区|本木北町,90415.4762524048,3,15.441537591586943,荒川
足立区|本木北町,90415.4762524048,3,9.969461535748627,荒川
足立区|本木北町,90415.4762524048,3,26.122113819600237,荒川
足立区|本木北町,90415.4762524048,3,26.122324830557247,荒川
足立区|本木北町,90415.4762524048,3,25.500303688533688,荒川
足立区|本木北町,90415.4762524048,3,26.543657012803358,荒川
足立区|本木西町,111588.61612584158,3,105805.03428045558,荒川
足立区|本木西町,111588.61612584158,3,28.62486714227087,荒川
足立区|本木西町,111588.61612584158,4,26.54511830690211,荒川
足立区|本木西町,111588.61612584158,4,3.37783886722104,荒川
足立区|本木西町,111588.61612584158,4,1.5197911229822778,荒川
足立区|本木西町,111588.61612584158,4,122.68697751786519,荒川
足立区|本木西町,111588.61612584158,4,51.414996081390065,荒川
足立区|本木西町,111588.61612584158,4,4718.856052518337,荒川
足立区|本木西町,111588.61612584158,4,8.071526908275274,荒川
足立区|本木西町,111588.61612584158,4,105.3383023336131,荒川
足立区|本木西町,111588.61612584158,4,26.545418811065304,荒川
足立区|本木西町,111588.61612584158,4,79.00455482820036,荒川
足立区|本木西町,111588.61612584158,4,506.2567935080533,荒川
足立区|本木西町,111588.61612584158,4,105.33960743969877,荒川
足立区|本木東町,103316.26309700168,2,7080.726419230412,荒川
足立区|本木東町,103316.26309700168,2,130.19741288627628,荒川
足立区|本木東町,103316.26309700168,2,25.499996516705636,荒川
足立区|本木東町,103316.26309700168,2,598.9575859580104,荒川
足立区|本木東町,103316.26309700168,2,103.8657479315931,荒川
足立区|本木東町,103316.26309700168,2,705.5365172215844,荒川
足立区|本木東町,103316.26309700168,2,548.3852402650999,荒川
足立区|本木東町,103316.26309700168,2,494.04858213098305,荒川
足立区|本木東町,103316.26309700168,3,93420.06130373992,荒川
足立区|本木東町,103316.26309700168,3,131.03014373316978,荒川
足立区|本木東町,103316.26309700168,3,51.41086830890022,荒川
足立区|本木東町,103316.26309700168,3,26.543279079024884,荒川
足立区|本木南町,121631.84128867036,3,116621.21402107166,荒川
足立区|本木南町,121631.84128867036,3,74.20639368879348,荒川
足立区|本木南町,121631.84128867036,4,22.12416533032717,荒川
足立区|本木南町,121631.84128867036,4,24.604226497105653,荒川
足立区|本木南町,121631.84128867036,4,85.4811734640045,荒川
足立区|本木南町,121631.84128867036,4,3043.711421578854,荒川
足立区|本木南町,121631.84128867036,4,51.415280339109444,荒川
足立区|本木南町,121631.84128867036,4,52.66933841848841,荒川
足立区|本木南町,121631.84128867036,4,52.669154834991346,荒川
足立区|本木南町,121631.84128867036,4,18.052374154860143,荒川
足立区|本木南町,121631.84128867036,4,26.545322003942974,荒川
足立区|本木南町,121631.84128867036,4,26.12410220816122,荒川
足立区|本木南町,121631.84128867036,4,1480.3546045331288,荒川
足立区|本木南町,121631.84128867036,4,52.669642193851324,荒川
足立区|谷在家1丁目,119835.7000883645,2,119835.70008836455,荒川
足立区|谷在家2丁目,145035.17204510263,2,113157.1877824025,荒川
足立区|谷在家2丁目,145035.17204510263,2,53.074096239737614,荒川
足立区|谷在家2丁目,145035.17204510263,2,339.9535758477333,荒川
足立区|谷在家2丁目,145035.17204510263,2,77.72641508135729,荒川
足立区|谷在家2丁目,145035.17204510263,2,1042.6438428474237,荒川
足立区|谷在家2丁目,145035.17204510263,2,393.2329396947475,荒川
足立区|谷在家2丁目,145035.17204510263,2,445.0555855978829,荒川
足立区|谷在家2丁目,145035.17204510263,3,29281.41588961195,荒川
足立区|谷在家2丁目,145035.17204510263,3,10.239293835982346,荒川
足立区|谷在家2丁目,145035.17204510263,3,155.4509310900157,荒川
足立区|谷在家2丁目,145035.17204510263,3,26.11611196798451,荒川
足立区|谷在家2丁目,145035.17204510263,3,53.07558088530092,荒川
足立区|谷在家3丁目,192934.03068211128,2,192934.03068211125,荒川
足立区|谷中1丁目,174626.82438985046,2,339.3765090336618,荒川
足立区|谷中1丁目,174626.82438985046,3,174287.44788081685,荒川
足立区|谷中2丁目,170811.84372591574,2,1125.8875211575469,荒川
足立区|谷中2丁目,170811.84372591574,2,366.3125356024287,荒川
足立区|谷中2丁目,170811.84372591574,3,169319.64366915566,荒川
足立区|谷中3丁目,115494.86323931516,2,366.2946648823631,荒川
足立区|谷中3丁目,115494.86323931516,2,5120.015200742096,荒川
足立区|谷中3丁目,115494.86323931516,2,25.90734839452724,荒川
足立区|谷中3丁目,115494.86323931516,2,287.10505392742783,荒川
足立区|谷中3丁目,115494.86323931516,2,444.8675224877042,荒川
足立区|谷中3丁目,115494.86323931516,3,109250.67344888103,荒川
足立区|谷中4丁目,261729.97673035527,2,154051.14044808742,荒川
足立区|谷中4丁目,261729.97673035527,2,418.92273927166855,荒川
足立区|谷中4丁目,261729.97673035527,2,4.843687065269908,荒川
足立区|谷中4丁目,261729.97673035527,2,417.6992893026322,荒川
足立区|谷中4丁目,261729.97673035527,2,52.44739565463195,荒川
足立区|谷中4丁目,261729.97673035527,2,52.656862349650986,荒川
足立区|谷中4丁目,261729.97673035527,2,155.8854770177184,荒川
足立区|谷中4丁目,261729.97673035527,2,392.2088997330486,荒川
足立区|谷中4丁目,261729.97673035527,2,234.65934995151926,荒川
足立区|谷中4丁目,261729.97673035527,2,391.16700000360385,荒川
足立区|谷中4丁目,261729.97673035527,2,130.81102296183494,荒川
足立区|谷中4丁目,261729.97673035527,2,0.8322824438493371,荒川
足立区|谷中4丁目,261729.97673035527,2,445.0822581182245,荒川
足立区|谷中4丁目,261729.97673035527,2,392.2144235857213,荒川
足立区|谷中4丁目,261729.97673035527,2,78.77592375595161,荒川
足立区|谷中4丁目,261729.97673035527,2,26.53930146593926,荒川
足立区|谷中4丁目,261729.97673035527,3,102560.70133613137,荒川
足立区|谷中4丁目,261729.97673035527,3,51.61043168713628,荒川
足立区|谷中4丁目,261729.97673035527,3,15.308708471237114,荒川
足立区|谷中4丁目,261729.97673035527,3,26.537357204330565,荒川
足立区|谷中4丁目,261729.97673035527,3,25.494548596438023,荒川
足立区|谷中4丁目,261729.97673035527,3,473.8855080694778,荒川
足立区|谷中4丁目,261729.97673035527,3,336.4104310252978,荒川
足立区|谷中4丁目,261729.97673035527,3,80.59471602478945,荒川
足立区|谷中4丁目,261729.97673035527,3,77.72951344016433,荒川
足立区|谷中4丁目,261729.97673035527,3,78.98382366951188,荒川
足立区|谷中4丁目,261729.97673035527,3,523.4296526612704,荒川
足立区|谷中4丁目,261729.97673035527,3,26.538641742166245,荒川
足立区|谷中4丁目,261729.97673035527,3,25.906782639739106,荒川
足立区|谷中4丁目,261729.97673035527,3,129.34408120581412,荒川
足立区|谷中4丁目,261729.97673035527,4,51.61483701772563,荒川
足立区|谷中5丁目,93032.51273639368,2,366.48943444792866,荒川
足立区|谷中5丁目,93032.51273639368,2,2356.079909665083,荒川
足立区|谷中5丁目,93032.51273639368,2,14924.939326833859,荒川
足立区|谷中5丁目,93032.51273639368,2,234.8561500587995,荒川
足立区|谷中5丁目,93032.51273639368,2,6541.762344694507,荒川
足立区|谷中5丁目,93032.51273639368,2,4000.9150112852126,荒川
足立区|谷中5丁目,93032.51273639368,2,2173.48204103477,荒川
足立区|谷中5丁目,93032.51273639368,2,2062.532449134035,荒川
足立区|谷中5丁目,93032.51273639368,2,1542.8679045558283,荒川
足立区|谷中5丁目,93032.51273639368,2,442.34068196874165,荒川
足立区|谷中5丁目,93032.51273639368,2,1729.2670504648,荒川
足立区|谷中5丁目,93032.51273639368,2,1411.4517499280598,荒川
足立区|谷中5丁目,93032.51273639368,2,443.5979883085818,荒川
足立区|谷中5丁目,93032.51273639368,2,1932.1531243885613,荒川
足立区|谷中5丁目,93032.51273639368,2,912.2746310194368,荒川
足立区|谷中5丁目,93032.51273639368,2,26.538272878275414,荒川
足立区|谷中5丁目,93032.51273639368,2,573.1527697927569,荒川
足立区|谷中5丁目,93032.51273639368,2,26.117070751940517,荒川
足立区|谷中5丁目,93032.51273639368,3,50780.28006464472,荒川
足立区|谷中5丁目,93032.51273639368,3,131.4238699359002,荒川
足立区|谷中5丁目,93032.51273639368,3,26.537739958664925,荒川
足立区|谷中5丁目,93032.51273639368,4,393.4531506531827,荒川
足立区|柳原1丁目,138957.6936516652,3,0.0017218946110968186,荒川
足立区|柳原1丁目,138957.6936516652,4,138957.69192977075,荒川
足立区|柳原2丁目,122130.34896299453,4,122130.34896299458,荒川
足立区|六月1丁目,203380.9873268443,2,203380.98732684433,荒川
足立区|六月2丁目,170806.76230540275,2,170806.76230540272,荒川
足立区|六月3丁目,109441.76537792134,2,109441.76537792136,荒川
足立区|六町1丁目,167302.9074029524,2,25942.262077138454,荒川
足立区|六町1丁目,167302.9074029524,2,471.16902563646397,荒川
足立区|六町1丁目,167302.9074029524,2,782.2905745955331,荒川
足立区|六町1丁目,167302.9074029524,2,26.116371969612693,荒川
足立区|六町1丁目,167302.9074029524,2,2118.0824821440387,荒川
足立区|六町1丁目,167302.9074029524,2,9744.437099260564,荒川
足立区|六町1丁目,167302.9074029524,2,26.5379372679903,荒川
足立区|六町1丁目,167302.9074029524,2,5535.670984249724,荒川
足立区|六町1丁目,167302.9074029524,2,157.96459775948495,荒川
足立区|六町1丁目,167302.9074029524,2,3552.1523071292654,荒川
足立区|六町1丁目,167302.9074029524,2,51.61279693727177,荒川
足立区|六町1丁目,167302.9074029524,2,78.7733564434215,荒川
足立区|六町1丁目,167302.9074029524,2,26.538560251640718,荒川
足立区|六町1丁目,167302.9074029524,2,210.202338073588,荒川
足立区|六町1丁目,167302.9074029524,2,236.31761913490254,荒川
足立区|六町1丁目,167302.9074029524,3,117872.0175136608,荒川
足立区|六町1丁目,167302.9074029524,3,25.906228354585195,荒川
足立区|六町1丁目,167302.9074029524,3,104.68768105438016,荒川
足立区|六町1丁目,167302.9074029524,3,26.53797247130944,荒川
足立区|六町1丁目,167302.9074029524,3,51.40033147771792,荒川
足立区|六町1丁目,167302.9074029524,3,209.1539333762166,荒川
足立区|六町1丁目,167302.9074029524,3,26.537822472889466,荒川
足立区|六町1丁目,167302.9074029524,3,26.537822305424136,荒川
足立区|六町2丁目,103926.23346811859,2,11.552472457764845,荒川
足立区|六町2丁目,103926.23346811859,2,7278.8122024012,荒川
足立区|六町2丁目,103926.23346811859,2,314.8807494732603,荒川
足立区|六町2丁目,103926.23346811859,2,418.5128492789802,荒川
足立区|六町2丁目,103926.23346811859,2,6841.495854085885,荒川
足立区|六町2丁目,103926.23346811859,2,546.1935824027664,荒川
足立区|六町2丁目,103926.23346811859,2,4464.163057667637,荒川
足立区|六町2丁目,103926.23346811859,2,597.7966258612936,荒川
足立区|六町2丁目,103926.23346811859,2,7310.072241309513,荒川
足立区|六町2丁目,103926.23346811859,2,2875.1248117128093,荒川
足立区|六町2丁目,103926.23346811859,2,419.1531606887487,荒川
足立区|六町2丁目,103926.23346811859,2,1198.1189069656493,荒川
足立区|六町2丁目,103926.23346811859,2,313.00234371984203,荒川
足立区|六町2丁目,103926.23346811859,2,916.6618676773787,荒川
足立区|六町2丁目,103926.23346811859,3,69924.0279334552,荒川
足立区|六町2丁目,103926.23346811859,3,52.232678528007895,荒川
足立区|六町2丁目,103926.23346811859,3,26.538110314840843,荒川
足立区|六町2丁目,103926.23346811859,3,417.8940201178291,荒川
足立区|六町3丁目,135674.03884820166,2,82453.5555913486,荒川
足立区|六町3丁目,135674.03884820166,2,2065.8152289581653,荒川
足立区|六町3丁目,135674.03884820166,2,339.5295011850128,荒川
足立区|六町3丁目,135674.03884820166,2,1623.2884413565569,荒川
足立区|六町3丁目,135674.03884820166,2,52.65238693889268,荒川
足立区|六町3丁目,135674.03884820166,2,103.84325948631549,荒川
足立区|六町3丁目,135674.03884820166,2,418.7169492404005,荒川
足立区|六町3丁目,135674.03884820166,3,48370.29834393206,荒川
足立区|六町3丁目,135674.03884820166,3,26.53672817376787,荒川
足立区|六町3丁目,135674.03884820166,3,52.44138393876317,荒川
足立区|六町3丁目,135674.03884820166,3,3.342679938155617,荒川
足立区|六町3丁目,135674.03884820166,3,8.166614633116314,荒川
足立区|六町3丁目,135674.03884820166,3,25.9050231159603,荒川
足立区|六町3丁目,135674.03884820166,3,52.23120624772524,荒川
足立区|六町3丁目,135674.03884820166,3,25.90538332180788,荒川
足立区|六町3丁目,135674.03884820166,3,51.810126386432074,荒川
足立区|六町4丁目,133053.63464063153,2,59173.11969791979,荒川
足立区|六町4丁目,133053.63464063153,2,2378.608434958957,荒川
足立区|六町4丁目,133053.63464063153,2,703.5145525936243,荒川
足立区|六町4丁目,133053.63464063153,2,862.0979327547803,荒川
足立区|六町4丁目,133053.63464063153,2,603.8372287793679,荒川
足立区|六町4丁目,133053.63464063153,2,1069.153598254204,荒川
足立区|六町4丁目,133053.63464063153,2,285.4210046671951,荒川
足立区|六町4丁目,133053.63464063153,2,808.3940006323472,荒川
足立区|六町4丁目,133053.63464063153,2,392.1810365567281,荒川
足立区|六町4丁目,133053.63464063153,2,234.43320827542888,荒川
足立区|六町4丁目,133053.63464063153,2,391.9757649198384,荒川
足立区|六町4丁目,133053.63464063153,2,52.23309759660995,荒川
足立区|六町4丁目,133053.63464063153,3,65993.14532554547,荒川
足立区|六町4丁目,133053.63464063153,3,103.84198325985193,荒川
足立区|六町4丁目,133053.63464063153,3,1.6777739171861767,荒川
葛飾区|青戸1丁目,120480.94023313241,2,180.5289548548209,荒川
葛飾区|青戸1丁目,120480.94023313241,2,3319.107619970633,荒川
葛飾区|青戸1丁目,120480.94023313241,3,116364.88833625235,荒川
葛飾区|青戸2丁目,166417.82099230535,1,330.75807356270536,荒川
葛飾区|青戸2丁目,166417.82099230535,1,524.474231705949,荒川
葛飾区|青戸2丁目,166417.82099230535,2,115207.67099457246,荒川
葛飾区|青戸2丁目,166417.82099230535,2,12280.880935356625,荒川
葛飾区|青戸2丁目,166417.82099230535,3,33868.96083698021,荒川
葛飾区|青戸2丁目,166417.82099230535,3,103.8897259351582,荒川
葛飾区|青戸2丁目,166417.82099230535,3,26.549339443109254,荒川
葛飾区|青戸2丁目,166417.82099230535,3,26.127989222227576,荒川
葛飾区|青戸2丁目,166417.82099230535,3,26.128069380553363,荒川
葛飾区|青戸2丁目,166417.82099230535,3,26.549503639777377,荒川
葛飾区|青戸2丁目,166417.82099230535,3,234.96296208301524,荒川
葛飾区|青戸2丁目,166417.82099230535,3,53.09907452562324,荒川
葛飾区|青戸2丁目,166417.82099230535,3,26.549544690026014,荒川
葛飾区|青戸2丁目,166417.82099230535,3,25.506243798783025,荒川
葛飾区|青戸2丁目,166417.82099230535,3,52.25653790057899,荒川
葛飾区|青戸2丁目,166417.82099230535,3,26.12819054726353,荒川
葛飾区|青戸2丁目,166417.82099230535,3,26.12820366207004,荒川
葛飾区|青戸2丁目,166417.82099230535,3,25.506116346716666,荒川
葛飾区|青戸2丁目,166417.82099230535,3,52.467364769705824,荒川
葛飾区|青戸2丁目,166417.82099230535,3,26.12824393886173,荒川
葛飾区|青戸2丁目,166417.82099230535,3,51.42390714766438,荒川
葛飾区|青戸2丁目,166417.82099230535,3,26.128284538512688,荒川
葛飾区|青戸2丁目,166417.82099230535,3,25.917791542340872,荒川
葛飾区|青戸2丁目,166417.82099230535,3,26.128311283171733,荒川
葛飾区|青戸2丁目,166417.82099230535,3,26.12853551376228,荒川
葛飾区|青戸2丁目,166417.82099230535,3,25.91762576390619,荒川
葛飾区|青戸2丁目,166417.82099230535,3,26.128351544792213,荒川
葛飾区|青戸2丁目,166417.82099230535,3,26.549790306152243,荒川
葛飾区|青戸2丁目,166417.82099230535,3,25.50627417692453,荒川
葛飾区|青戸2丁目,166417.82099230535,3,26.549817461497657,荒川
葛飾区|青戸2丁目,166417.82099230535,3,26.550041927131613,荒川
葛飾区|青戸2丁目,166417.82099230535,3,25.917911177288047,荒川
葛飾区|青戸2丁目,166417.82099230535,3,25.5063132615459,荒川
葛飾区|青戸2丁目,166417.82099230535,3,26.549753002976143,荒川
葛飾区|青戸2丁目,166417.82099230535,3,79.22816204855144,荒川
葛飾区|青戸2丁目,166417.82099230535,3,26.12844558019869,荒川
葛飾区|青戸2丁目,166417.82099230535,3,392.3788891289246,荒川
葛飾区|青戸2丁目,166417.82099230535,3,26.54991302470316,荒川
葛飾区|青戸2丁目,166417.82099230535,3,25.50659776195062,荒川
葛飾区|青戸2丁目,166417.82099230535,3,392.3709038429475,荒川
葛飾区|青戸2丁目,166417.82099230535,3,52.25818465992381,荒川
葛飾区|青戸2丁目,166417.82099230535,3,25.918184781371934,荒川
葛飾区|青戸3丁目,236872.26169198702,3,236872.26169198708,荒川
葛飾区|青戸4丁目,200918.515732188,2,1255.2439958959214,荒川
葛飾区|青戸4丁目,200918.515732188,3,199663.2717362921,荒川
葛飾区|青戸5丁目,160822.8336508221,3,160822.8336508221,荒川
葛飾区|青戸6丁目,268294.23144598963,1,126.31181176369078,荒川
葛飾区|青戸6丁目,268294.23144598963,1,69.76977887203418,荒川
葛飾区|青戸6丁目,268294.23144598963,1,325.6141217073132,荒川
葛飾区|青戸6丁目,268294.23144598963,2,173519.3934871431,荒川
葛飾区|青戸6丁目,268294.23144598963,2,1360.125684734949,荒川
葛飾区|青戸6丁目,268294.23144598963,2,22623.721298843953,荒川
葛飾区|青戸6丁目,268294.23144598963,2,105.56107843967473,荒川
葛飾区|青戸6丁目,268294.23144598963,2,103.26370033829387,荒川
葛飾区|青戸6丁目,268294.23144598963,2,77.75916917421024,荒川
葛飾区|青戸6丁目,268294.23144598963,2,25.916671151091407,荒川
葛飾区|青戸6丁目,268294.23144598963,2,131.26987956670092,荒川
葛飾区|青戸6丁目,268294.23144598963,3,63772.74376004609,荒川
葛飾区|青戸6丁目,268294.23144598963,3,52.673738467086835,荒川
葛飾区|青戸6丁目,268294.23144598963,3,26.126174484249468,荒川
葛飾区|青戸6丁目,268294.23144598963,3,104.72169354731085,荒川
葛飾区|青戸6丁目,268294.23144598963,3,53.09522450358929,荒川
葛飾区|青戸6丁目,268294.23144598963,3,25.50564446476948,荒川
葛飾区|青戸6丁目,268294.23144598963,3,26.12626869477471,荒川
葛飾区|青戸6丁目,268294.23144598963,3,157.19067540963363,荒川
葛飾区|青戸6丁目,268294.23144598963,3,26.12645677731205,荒川
葛飾区|青戸6丁目,268294.23144598963,3,26.547864409357622,荒川
葛飾区|青戸6丁目,268294.23144598963,3,26.548102920219424,荒川
葛飾区|青戸6丁目,268294.23144598963,3,25.504463969592422,荒川
葛飾区|青戸6丁目,268294.23144598963,3,26.54794699542589,荒川
葛飾区|青戸6丁目,268294.23144598963,3,26.12680203235132,荒川
葛飾区|青戸6丁目,268294.23144598963,3,26.54801516048735,荒川
葛飾区|青戸6丁目,268294.23144598963,3,51.63145124419687,荒川
葛飾区|青戸6丁目,268294.23144598963,3,26.126712337064582,荒川
葛飾区|青戸6丁目,268294.23144598963,3,51.420765228870344,荒川
葛飾区|青戸6丁目,268294.23144598963,3,26.54843079392809,荒川
葛飾区|青戸6丁目,268294.23144598963,3,390.0474670297458,荒川
葛飾区|青戸6丁目,268294.23144598963,3,25.504984644826177,荒川
葛飾区|青戸6丁目,268294.23144598963,3,705.046137218937,荒川
葛飾区|青戸6丁目,268294.23144598963,3,26.548274873694865,荒川
葛飾区|青戸6丁目,268294.23144598963,3,26.126981143501762,荒川
葛飾区|青戸6丁目,268294.23144598963,3,498.33018719348934,荒川
葛飾区|青戸6丁目,268294.23144598963,3,25.91651209547586,荒川
葛飾区|青戸6丁目,268294.23144598963,3,103.88577924616497,荒川
葛飾区|青戸6丁目,268294.23144598963,3,26.548437644061554,荒川
葛飾区|青戸6丁目,268294.23144598963,3,26.548466023409723,荒川
葛飾区|青戸6丁目,268294.23144598963,3,25.505220905203622,荒川
葛飾区|青戸6丁目,268294.23144598963,3,603.6851043841056,荒川
葛飾区|青戸6丁目,268294.23144598963,3,26.548758239747706,荒川
葛飾区|青戸6丁目,268294.23144598963,3,52.67571694144241,荒川
葛飾区|青戸6丁目,268294.23144598963,3,52.6757695794019,荒川
葛飾区|青戸6丁目,268294.23144598963,3,210.70354845116515,荒川
葛飾区|青戸6丁目,268294.23144598963,3,26.127235880548895,荒川
葛飾区|青戸6丁目,268294.23144598963,3,25.916545636520404,荒川
葛飾区|青戸6丁目,268294.23144598963,3,25.505172521100413,荒川
葛飾区|青戸6丁目,268294.23144598963,3,25.505172536277144,荒川
葛飾区|青戸6丁目,268294.23144598963,3,26.548670813020987,荒川
葛飾区|青戸6丁目,268294.23144598963,3,235.57822109202743,荒川
葛飾区|青戸6丁目,268294.23144598963,3,26.127357576223027,荒川
葛飾区|青戸6丁目,268294.23144598963,3,25.91670649645936,荒川
葛飾区|青戸6丁目,268294.23144598963,3,26.548834049251656,荒川
葛飾区|青戸6丁目,268294.23144598963,3,79.2253437142813,荒川
葛飾区|青戸6丁目,268294.23144598963,3,52.255024445196526,荒川
葛飾区|青戸6丁目,268294.23144598963,3,26.549052855843176,荒川
葛飾区|青戸6丁目,268294.23144598963,3,1308.9772892790036,荒川
葛飾区|青戸6丁目,268294.23144598963,3,105.35391356022906,荒川
葛飾区|青戸7丁目,297433.77862119355,1,653.1586058269982,荒川
葛飾区|青戸7丁目,297433.77862119355,1,1900.5654825807756,荒川
葛飾区|青戸7丁目,297433.77862119355,1,890.184964977102,荒川
葛飾区|青戸7丁目,297433.77862119355,1,418.63770701205317,荒川
葛飾区|青戸7丁目,297433.77862119355,1,53.204490020310445,荒川
葛飾区|青戸7丁目,297433.77862119355,1,2.8969838917281967,荒川
葛飾区|青戸7丁目,297433.77862119355,2,140491.2061239529,荒川
葛飾区|青戸7丁目,297433.77862119355,2,25.914905322498235,荒川
葛飾区|青戸7丁目,297433.77862119355,2,26.125609001114235,荒川
葛飾区|青戸7丁目,297433.77862119355,2,680.1475942067337,荒川
葛飾区|青戸7丁目,297433.77862119355,2,833.9927366822386,荒川
葛飾区|青戸7丁目,297433.77862119355,2,992.0137756591661,荒川
葛飾区|青戸7丁目,297433.77862119355,2,52.25171592331442,荒川
葛飾区|青戸7丁目,297433.77862119355,2,1046.3708115291272,荒川
葛飾区|青戸7丁目,297433.77862119355,2,1646.8994563977922,荒川
葛飾区|青戸7丁目,297433.77862119355,2,4388.264877713451,荒川
葛飾区|青戸7丁目,297433.77862119355,3,132112.09632785045,荒川
葛飾区|青戸7丁目,297433.77862119355,3,103.88062834387335,荒川
葛飾区|青戸7丁目,297433.77862119355,3,131.4706050945841,荒川
葛飾区|青戸7丁目,297433.77862119355,3,26.54717339074493,荒川
葛飾区|青戸7丁目,297433.77862119355,3,208.18302096128386,荒川
葛飾区|青戸7丁目,297433.77862119355,3,130.00614212049396,荒川
葛飾区|青戸7丁目,297433.77862119355,3,77.75506927694708,荒川
葛飾区|青戸7丁目,297433.77862119355,3,26.54729657362198,荒川
葛飾区|青戸7丁目,297433.77862119355,3,51.4187017090976,荒川
葛飾区|青戸7丁目,297433.77862119355,3,26.12594098889834,荒川
葛飾区|青戸7丁目,297433.77862119355,3,53.0942411094556,荒川
葛飾区|青戸7丁目,297433.77862119355,3,77.75585282385602,荒川
葛飾区|青戸7丁目,297433.77862119355,3,1043.8440556446722,荒川
葛飾区|青戸7丁目,297433.77862119355,3,25.915226247171518,荒川
葛飾区|青戸7丁目,297433.77862119355,3,26.125945462440882,荒川
葛飾区|青戸7丁目,297433.77862119355,3,79.01049638611548,荒川
葛飾区|青戸7丁目,297433.77862119355,3,51.63004507043942,荒川
葛飾区|青戸7丁目,297433.77862119355,3,25.504393663520528,荒川
葛飾区|青戸7丁目,297433.77862119355,3,52.46040677980663,荒川
葛飾区|青戸7丁目,297433.77862119355,3,26.124816826391566,荒川
葛飾区|青戸7丁目,297433.77862119355,3,25.502849838763215,荒川
葛飾区|青戸7丁目,297433.77862119355,3,104.08938260025651,荒川
葛飾区|青戸7丁目,297433.77862119355,3,25.503006987684522,荒川
葛飾区|青戸7丁目,297433.77862119355,3,2638.3909854959597,荒川
葛飾区|青戸7丁目,297433.77862119355,3,3137.143555555522,荒川
葛飾区|青戸7丁目,297433.77862119355,3,26.546305927925385,荒川
葛飾区|青戸7丁目,297433.77862119355,3,26.125187027017166,荒川
葛飾区|青戸7丁目,297433.77862119355,3,26.546703319881587,荒川
葛飾区|青戸7丁目,297433.77862119355,3,26.5463879006292,荒川
葛飾区|青戸7丁目,297433.77862119355,3,51.628590071725434,荒川
葛飾区|青戸7丁目,297433.77862119355,3,26.546469862228253,荒川
葛飾区|青戸7丁目,297433.77862119355,3,730.5131981420082,荒川
葛飾区|青戸7丁目,297433.77862119355,3,51.62882198715904,荒川
葛飾区|青戸7丁目,297433.77862119355,3,25.914745607845084,荒川
葛飾区|青戸7丁目,297433.77862119355,3,53.094088727705696,荒川
葛飾区|青戸7丁目,297433.77862119355,3,26.1251512101323,荒川
葛飾区|青戸7丁目,297433.77862119355,3,53.093642644189764,荒川
葛飾区|青戸7丁目,297433.77862119355,3,51.629186704100945,荒川
葛飾区|青戸7丁目,297433.77862119355,3,25.91503197430898,荒川
葛飾区|青戸8丁目,222266.61596576925,2,17904.545161713275,荒川
葛飾区|青戸8丁目,222266.61596576925,3,203145.44208244813,荒川
葛飾区|青戸8丁目,222266.61596576925,3,0.41372589531978265,荒川
葛飾区|青戸8丁目,222266.61596576925,3,26.12457477065221,荒川
葛飾区|奥戸1丁目,276566.7918806257,1,171.3356869636586,荒川
葛飾区|奥戸1丁目,276566.7918806257,2,133371.3334657185,荒川
葛飾区|奥戸1丁目,276566.7918806257,2,3369.170041620406,荒川
葛飾区|奥戸1丁目,276566.7918806257,2,1123.1901172309258,荒川
葛飾区|奥戸1丁目,276566.7918806257,2,8544.38417411739,荒川
葛飾区|奥戸1丁目,276566.7918806257,2,678.6875162786943,荒川
葛飾区|奥戸1丁目,276566.7918806257,2,601.9524427636926,荒川
葛飾区|奥戸1丁目,276566.7918806257,2,52.47837949595832,荒川
葛飾区|奥戸1丁目,276566.7918806257,2,393.0717755797001,荒川
葛飾区|奥戸1丁目,276566.7918806257,2,2506.1020246053013,荒川
葛飾区|奥戸1丁目,276566.7918806257,2,2403.4402765912896,荒川
葛飾区|奥戸1丁目,276566.7918806257,2,2197.090908832018,荒川
葛飾区|奥戸1丁目,276566.7918806257,2,136.42744745838243,荒川
葛飾区|奥戸1丁目,276566.7918806257,2,496.79204638048594,荒川
葛飾区|奥戸1丁目,276566.7918806257,2,548.2277978581668,荒川
葛飾区|奥戸1丁目,276566.7918806257,3,112543.84690124061,荒川
葛飾区|奥戸1丁目,276566.7918806257,3,26.55555535729696,荒川
葛飾区|奥戸1丁目,276566.7918806257,3,155.55957346082107,荒川
葛飾区|奥戸1丁目,276566.7918806257,3,25.923219987533077,荒川
葛飾区|奥戸1丁目,276566.7918806257,3,51.435371936086206,荒川
葛飾区|奥戸1丁目,276566.7918806257,3,26.55556345496382,荒川
葛飾区|奥戸2丁目,426557.0692081335,1,1228.0558225398902,荒川
葛飾区|奥戸2丁目,426557.0692081335,1,254.55801734430673,荒川
葛飾区|奥戸2丁目,426557.0692081335,1,4728.737606814536,荒川
葛飾区|奥戸2丁目,426557.0692081335,1,1152.5938116801556,荒川
葛飾区|奥戸2丁目,426557.0692081335,2,18242.026987083147,荒川
葛飾区|奥戸2丁目,426557.0692081335,2,232496.24249503255,荒川
葛飾区|奥戸2丁目,426557.0692081335,2,26.13243558394195,荒川
葛飾区|奥戸2丁目,426557.0692081335,2,53.10643274259359,荒川
葛飾区|奥戸2丁目,426557.0692081335,2,339.53234657259435,荒川
葛飾区|奥戸2丁目,426557.0692081335,2,2190.683378463234,荒川
葛飾区|奥戸2丁目,426557.0692081335,2,52.686221438107616,荒川
葛飾区|奥戸2丁目,426557.0692081335,2,26.132261224199844,荒川
葛飾区|奥戸2丁目,426557.0692081335,2,968.6411654354193,荒川
葛飾区|奥戸2丁目,426557.0692081335,3,140832.1243366908,荒川
葛飾区|奥戸2丁目,426557.0692081335,3,25.509302043390193,荒川
葛飾区|奥戸2丁目,426557.0692081335,3,104.94805520404397,荒川
葛飾区|奥戸2丁目,426557.0692081335,3,25.920942241209623,荒川
葛飾区|奥戸2丁目,426557.0692081335,3,52.26463279299639,荒川
葛飾区|奥戸2丁目,426557.0692081335,3,26.132037993454492,荒川
葛飾区|奥戸2丁目,426557.0692081335,3,26.132300155554958,荒川
葛飾区|奥戸2丁目,426557.0692081335,3,77.77490191139714,荒川
葛飾区|奥戸3丁目,215355.83937267112,2,25486.319730006686,荒川
葛飾区|奥戸3丁目,215355.83937267112,2,78.81879939531274,荒川
葛飾区|奥戸3丁目,215355.83937267112,2,1357.7288340873072,荒川
葛飾区|奥戸3丁目,215355.83937267112,2,53.09813376014717,荒川
葛飾区|奥戸3丁目,215355.83937267112,2,2195.3252996181736,荒川
葛飾区|奥戸3丁目,215355.83937267112,2,419.00275614700433,荒川
葛飾区|奥戸3丁目,215355.83937267112,2,704.4087037239594,荒川
葛飾区|奥戸3丁目,215355.83937267112,2,52.68606291226317,荒川
葛飾区|奥戸3丁目,215355.83937267112,2,546.9580750836769,荒川
葛飾区|奥戸3丁目,215355.83937267112,2,367.15083784494993,荒川
葛飾区|奥戸3丁目,215355.83937267112,3,183343.4605945549,荒川
葛飾区|奥戸3丁目,215355.83937267112,3,0.07260190628122894,荒川
葛飾区|奥戸3丁目,215355.83937267112,3,567.6592654901749,荒川
葛飾区|奥戸3丁目,215355.83937267112,3,26.55379066315991,荒川
葛飾区|奥戸3丁目,215355.83937267112,3,26.553790793738504,荒川
葛飾区|奥戸3丁目,215355.83937267112,3,25.921984118862575,荒川
葛飾区|奥戸3丁目,215355.83937267112,3,78.19784265405025,荒川
葛飾区|奥戸3丁目,215355.83937267112,3,25.922269915532432,荒川
葛飾区|奥戸4丁目,249469.9509155501,2,48979.5430073246,荒川
葛飾区|奥戸4丁目,249469.9509155501,2,6293.699690505773,荒川
葛飾区|奥戸4丁目,249469.9509155501,2,52.26771221143023,荒川
葛飾区|奥戸4丁目,249469.9509155501,2,26.134369889972756,荒川
葛飾区|奥戸4丁目,249469.9509155501,2,914.9658450995637,荒川
葛飾区|奥戸4丁目,249469.9509155501,2,17433.148856957312,荒川
葛飾区|奥戸4丁目,249469.9509155501,2,26.556002054322377,荒川
葛飾区|奥戸4丁目,249469.9509155501,2,104.54836520016384,荒川
葛飾区|奥戸4丁目,249469.9509155501,2,47459.71596199467,荒川
葛飾区|奥戸4丁目,249469.9509155501,2,130.0479074858549,荒川
葛飾区|奥戸4丁目,249469.9509155501,2,13247.44180134169,荒川
葛飾区|奥戸4丁目,249469.9509155501,2,315.0921742016528,荒川
葛飾区|奥戸4丁目,249469.9509155501,2,78.8256842423503,荒川
葛飾区|奥戸4丁目,249469.9509155501,2,25.92318417928808,荒川
葛飾区|奥戸4丁目,249469.9509155501,2,3983.070628053281,荒川
葛飾区|奥戸4丁目,249469.9509155501,2,1226.291185286729,荒川
葛飾区|奥戸4丁目,249469.9509155501,2,129.63679153626862,荒川
葛飾区|奥戸4丁目,249469.9509155501,2,4233.163752770622,荒川
葛飾区|奥戸4丁目,249469.9509155501,2,0.5730456235798642,荒川
葛飾区|奥戸4丁目,249469.9509155501,2,26.134088838971685,荒川
葛飾区|奥戸4丁目,249469.9509155501,2,1849.791124615048,荒川
葛飾区|奥戸4丁目,249469.9509155501,2,1729.1741521196511,荒川
葛飾区|奥戸4丁目,249469.9509155501,2,1543.0664321266174,荒川
葛飾区|奥戸4丁目,249469.9509155501,2,839.0680193312536,荒川
葛飾区|奥戸4丁目,249469.9509155501,2,574.5734224650386,荒川
葛飾区|奥戸4丁目,249469.9509155501,2,6874.211757000979,荒川
葛飾区|奥戸4丁目,249469.9509155501,2,2351.8389058573603,荒川
葛飾区|奥戸4丁目,249469.9509155501,3,76412.32617969606,荒川
葛飾区|奥戸4丁目,249469.9509155501,3,77.7790913077756,荒川
葛飾区|奥戸4丁目,249469.9509155501,3,25.51166474217659,荒川
葛飾区|奥戸4丁目,249469.9509155501,3,77.35815712547341,荒川
葛飾区|奥戸4丁目,249469.9509155501,3,287.7046822479171,荒川
葛飾区|奥戸4丁目,249469.9509155501,3,25.511705237767316,荒川
葛飾区|奥戸4丁目,249469.9509155501,3,25.511743280023957,荒川
葛飾区|奥戸4丁目,249469.9509155501,3,52.47894175951497,荒川
葛飾区|奥戸4丁目,249469.9509155501,3,51.64579218173536,荒川
葛飾区|奥戸4丁目,249469.9509155501,3,25.511782563368847,荒川
葛飾区|奥戸4丁目,249469.9509155501,3,53.11111969064716,荒川
葛飾区|奥戸4丁目,249469.9509155501,3,26.134048999271037,荒川
葛飾区|奥戸4丁目,249469.9509155501,3,157.8589352123962,荒川
葛飾区|奥戸4丁目,249469.9509155501,3,182.93970668665884,荒川
葛飾区|奥戸4丁目,249469.9509155501,3,21.138236056961766,荒川
葛飾区|奥戸4丁目,249469.9509155501,3,26.555925478133133,荒川
葛飾区|奥戸4丁目,249469.9509155501,3,26.134208995550686,荒川
葛飾区|奥戸4丁目,249469.9509155501,3,10859.448182644304,荒川
葛飾区|奥戸4丁目,249469.9509155501,3,26.55575570789609,荒川
葛飾区|奥戸4丁目,249469.9509155501,3,52.2686478985607,荒川
葛飾区|奥戸4丁目,249469.9509155501,3,51.64643084235697,荒川
葛飾区|奥戸4丁目,249469.9509155501,3,25.512138481667073,荒川
葛飾区|奥戸4丁目,249469.9509155501,3,26.134412811263925,荒川
葛飾区|奥戸4丁目,249469.9509155501,3,104.95950566478913,荒川
葛飾区|奥戸4丁目,249469.9509155501,3,26.134438115975072,荒川
葛飾区|奥戸4丁目,249469.9509155501,3,103.91579510839075,荒川
葛飾区|奥戸4丁目,249469.9509155501,3,51.64719846268309,荒川
葛飾区|奥戸4丁目,249469.9509155501,3,51.647668943551515,荒川
葛飾区|奥戸4丁目,249469.9509155501,3,86.3651710102692,荒川
葛飾区|奥戸5丁目,149677.35177228946,2,141372.9411241818,荒川
葛飾区|奥戸5丁目,149677.35177228946,2,5.354167474842503,荒川
葛飾区|奥戸5丁目,149677.35177228946,2,13.326052148668454,荒川
葛飾区|奥戸5丁目,149677.35177228946,3,7788.540636456406,荒川
葛飾区|奥戸5丁目,149677.35177228946,3,104.95513881681296,荒川
葛飾区|奥戸5丁目,149677.35177228946,3,105.37643834687627,荒川
葛飾区|奥戸5丁目,149677.35177228946,3,25.92262389444519,荒川
葛飾区|奥戸5丁目,149677.35177228946,3,260.9355909695283,荒川
葛飾区|奥戸6丁目,177813.58712157985,2,177363.47163521004,荒川
葛飾区|奥戸6丁目,177813.58712157985,3,7.4198387060520234,荒川
葛飾区|奥戸6丁目,177813.58712157985,4,26.55552647390376,荒川
葛飾区|奥戸6丁目,177813.58712157985,4,25.51199068817097,荒川
葛飾区|奥戸7丁目,193209.09887157736,1,992.8200834623615,荒川
葛飾区|奥戸7丁目,193209.09887157736,1,417.49277024907656,荒川
葛飾区|奥戸7丁目,193209.09887157736,1,4472.291491517553,荒川
葛飾区|奥戸7丁目,193209.09887157736,1,862.1718925995795,荒川
葛飾区|奥戸7丁目,193209.09887157736,1,379.97993778173526,荒川
葛飾区|奥戸7丁目,193209.09887157736,1,336.3398850222295,荒川
葛飾区|奥戸7丁目,193209.09887157736,1,365.86411861615693,荒川
葛飾区|奥戸7丁目,193209.09887157736,1,392.41783983690567,荒川
葛飾区|奥戸7丁目,193209.09887157736,1,396.6912253302023,荒川
葛飾区|奥戸7丁目,193209.09887157736,2,131605.33677099063,荒川
葛飾区|奥戸7丁目,193209.09887157736,2,170.99622191239501,荒川
葛飾区|奥戸7丁目,193209.09887157736,2,104.74633847840381,荒川
葛飾区|奥戸7丁目,193209.09887157736,2,25.50923442644489,荒川
葛飾区|奥戸7丁目,193209.09887157736,2,26.552684677661368,荒川
葛飾区|奥戸7丁目,193209.09887157736,2,391.36816202595264,荒川
葛飾区|奥戸7丁目,193209.09887157736,2,26.553392705580656,荒川
葛飾区|奥戸7丁目,193209.09887157736,3,14651.079862840763,荒川
葛飾区|奥戸7丁目,193209.09887157736,3,25.92146439066034,荒川
葛飾区|奥戸7丁目,193209.09887157736,3,78.74576027335122,荒川
葛飾区|奥戸7丁目,193209.09887157736,3,1189.1657501706122,荒川
葛飾区|奥戸8丁目,201291.81986470564,1,6.645284861525399,荒川
葛飾区|奥戸8丁目,201291.81986470564,2,200411.29287662337,荒川
葛飾区|奥戸9丁目,176923.8977826314,1,2563.25166270695,荒川
葛飾区|奥戸9丁目,176923.8977826314,1,2085.540968536977,荒川
葛飾区|奥戸9丁目,176923.8977826314,2,160568.0040672759,荒川
葛飾区|奥戸9丁目,176923.8977826314,2,574.9685531297945,荒川
葛飾区|奥戸9丁目,176923.8977826314,2,38.94502942157391,荒川
葛飾区|奥戸9丁目,176923.8977826314,3,1513.5884523032285,荒川
葛飾区|お花茶屋1丁目,115978.12439609713,3,69724.38756981911,荒川
葛飾区|お花茶屋1丁目,115978.12439609713,3,339.6823194761876,荒川
葛飾区|お花茶屋1丁目,115978.12439609713,3,287.21691201330646,荒川
葛飾区|お花茶屋1丁目,115978.12439609713,3,390.0627294431951,荒川
葛飾区|お花茶屋1丁目,115978.12439609713,3,1202.7709796898178,荒川
葛飾区|お花茶屋1丁目,115978.12439609713,3,1068.99535532699,荒川
葛飾区|お花茶屋1丁目,115978.12439609713,3,79.01443993431806,荒川
葛飾区|お花茶屋1丁目,115978.12439609713,3,158.02839626713995,荒川
葛飾区|お花茶屋1丁目,115978.12439609713,3,26.127513297875524,荒川
葛飾区|お花茶屋1丁目,115978.12439609713,3,391.3143793657811,荒川
葛飾区|お花茶屋1丁目,115978.12439609713,4,26.127470490387488,荒川
葛飾区|お花茶屋1丁目,115978.12439609713,4,25.505405061991915,荒川
葛飾区|お花茶屋1丁目,115978.12439609713,4,262.12959849608467,荒川
葛飾区|お花茶屋1丁目,115978.12439609713,4,41230.817818780735,荒川
葛飾区|お花茶屋1丁目,115978.12439609713,4,208.8306954042373,荒川
葛飾区|お花茶屋1丁目,115978.12439609713,4,26.127676233653723,荒川
葛飾区|お花茶屋1丁目,115978.12439609713,4,25.91698244600029,荒川
葛飾区|お花茶屋1丁目,115978.12439609713,4,25.916982448101358,荒川
葛飾区|お花茶屋1丁目,115978.12439609713,4,158.03088326145732,荒川
葛飾区|お花茶屋1丁目,115978.12439609713,4,26.549131377281274,荒川
葛飾区|お花茶屋1丁目,115978.12439609713,4,268.0218351328191,荒川
葛飾区|お花茶屋1丁目,115978.12439609713,4,26.54932233584061,荒川
葛飾区|お花茶屋2丁目,91559.37039717904,3,88622.35646464475,荒川
葛飾区|お花茶屋2丁目,91559.37039717904,4,182.51201090754182,荒川
葛飾区|お花茶屋2丁目,91559.37039717904,4,79.22253011195467,荒川
葛飾区|お花茶屋2丁目,91559.37039717904,4,104.09671641981085,荒川
葛飾区|お花茶屋2丁目,91559.37039717904,4,418.06329135722433,荒川
葛飾区|お花茶屋2丁目,91559.37039717904,4,1995.5140870915995,荒川
葛飾区|お花茶屋2丁目,91559.37039717904,4,26.127017896397437,荒川
葛飾区|お花茶屋2丁目,91559.37039717904,4,78.38132651061315,荒川
葛飾区|お花茶屋2丁目,91559.37039717904,4,53.096952239131305,荒川
葛飾区|お花茶屋3丁目,139370.78521028,3,139186.043933782,荒川
葛飾区|お花茶屋3丁目,139370.78521028,4,0.38378829551025556,荒川
葛飾区|お花茶屋3丁目,139370.78521028,4,25.915269176381802,荒川
葛飾区|お花茶屋3丁目,139370.78521028,4,26.125979137761096,荒川
葛飾区|お花茶屋3丁目,139370.78521028,4,26.54792992810814,荒川
葛飾区|お花茶屋3丁目,139370.78521028,4,53.09439941962833,荒川
葛飾区|お花茶屋3丁目,139370.78521028,4,52.67391054055182,荒川
葛飾区|金町1丁目,136556.62596839323,1,1103.460878289594,荒川
葛飾区|金町1丁目,136556.62596839323,2,135384.12737074966,荒川
葛飾区|金町1丁目,136556.62596839323,2,53.09019797491918,荒川
葛飾区|金町1丁目,136556.62596839323,2,15.947521379008014,荒川
葛飾区|金町2丁目,180028.54950598296,1,627.5931084282848,荒川
葛飾区|金町2丁目,180028.54950598296,1,382.9233758226151,荒川
葛飾区|金町2丁目,180028.54950598296,1,131.03774973709733,荒川
葛飾区|金町2丁目,180028.54950598296,1,840.1822825853471,荒川
葛飾区|金町2丁目,180028.54950598296,1,286.12434249843426,荒川
葛飾区|金町2丁目,180028.54950598296,1,26.12347664931739,荒川
葛飾区|金町2丁目,180028.54950598296,1,48.26763799643626,荒川
葛飾区|金町2丁目,180028.54950598296,1,209.40113386357774,荒川
葛飾区|金町2丁目,180028.54950598296,1,626.3834197469357,荒川
葛飾区|金町2丁目,180028.54950598296,1,1020.7155792398883,荒川
葛飾区|金町2丁目,180028.54950598296,1,0.2893858835453658,荒川
葛飾区|金町2丁目,180028.54950598296,1,35.008148306764305,荒川
葛飾区|金町2丁目,180028.54950598296,1,50.6724487556127,荒川
葛飾区|金町2丁目,180028.54950598296,1,3369.6203676469795,荒川
葛飾区|金町2丁目,180028.54950598296,1,5733.871741947067,荒川
葛飾区|金町2丁目,180028.54950598296,1,25.911950787190058,荒川
葛飾区|金町2丁目,180028.54950598296,1,25.91215642118399,荒川
葛飾区|金町2丁目,180028.54950598296,1,572.8576309680479,荒川
葛飾区|金町2丁目,180028.54950598296,1,1072.9861138497495,荒川
葛飾区|金町2丁目,180028.54950598296,1,340.0387298141235,荒川
葛飾区|金町2丁目,180028.54950598296,1,938.1880559805859,荒川
葛飾区|金町2丁目,180028.54950598296,1,131.45767906912116,荒川
葛飾区|金町2丁目,180028.54950598296,1,129.99330175658892,荒川
葛飾区|金町2丁目,180028.54950598296,1,8486.178497872688,荒川
葛飾区|金町2丁目,180028.54950598296,1,419.87433037307244,荒川
葛飾区|金町2丁目,180028.54950598296,1,1200.078311253993,荒川
葛飾区|金町2丁目,180028.54950598296,1,444.74582892225493,荒川
葛飾区|金町2丁目,180028.54950598296,1,416.324823678627,荒川
葛飾区|金町2丁目,180028.54950598296,1,418.200742784478,荒川
葛飾区|金町2丁目,180028.54950598296,1,131.2484752995964,荒川
葛飾区|金町2丁目,180028.54950598296,1,1.6759511759710761,荒川
葛飾区|金町2丁目,180028.54950598296,1,366.78858818229696,荒川
葛飾区|金町2丁目,180028.54950598296,1,1257.2218480685292,荒川
葛飾区|金町2丁目,180028.54950598296,2,142574.10290862733,荒川
葛飾区|金町2丁目,180028.54950598296,2,52.456616826828565,荒川
葛飾区|金町2丁目,180028.54950598296,2,51.62399824609215,荒川
葛飾区|金町2丁目,180028.54950598296,2,26.544373066484937,荒川
葛飾区|金町2丁目,180028.54950598296,2,26.123087561352442,荒川
葛飾区|金町2丁目,180028.54950598296,2,235.75060995255427,荒川
葛飾区|金町2丁目,180028.54950598296,2,26.544495912786115,荒川
葛飾区|金町2丁目,180028.54950598296,2,235.9621045475372,荒川
葛飾区|金町2丁目,180028.54950598296,2,51.62505193871959,荒川
葛飾区|金町2丁目,180028.54950598296,2,9.347199822984672,荒川
葛飾区|金町2丁目,180028.54950598296,2,13.992802493733683,荒川
葛飾区|金町2丁目,180028.54950598296,2,25.50049292343329,荒川
葛飾区|金町2丁目,180028.54950598296,2,26.543799737305324,荒川
葛飾区|金町2丁目,180028.54950598296,2,9.96515274761219,荒川
葛飾区|金町2丁目,180028.54950598296,2,26.122644313213257,荒川
葛飾区|金町2丁目,180028.54950598296,2,51.412886311066764,荒川
葛飾区|金町2丁目,180028.54950598296,2,52.45623948344584,荒川
葛飾区|金町2丁目,180028.54950598296,2,51.62365370703479,荒川
葛飾区|金町2丁目,180028.54950598296,2,156.7476116569877,荒川
葛飾区|金町2丁目,180028.54950598296,2,26.122873037698156,荒川
葛飾区|金町3丁目,310334.46228221094,1,26.121953085796434,荒川
葛飾区|金町3丁目,310334.46228221094,1,2298.054233465018,荒川
葛飾区|金町3丁目,310334.46228221094,1,26.543349530457206,荒川
葛飾区|金町3丁目,310334.46228221094,1,653.9345246324855,荒川
葛飾区|金町3丁目,310334.46228221094,1,10921.718443238498,荒川
葛飾区|金町3丁目,310334.46228221094,1,1906.208086340291,荒川
葛飾区|金町3丁目,310334.46228221094,1,25.911591582655575,荒川
葛飾区|金町3丁目,310334.46228221094,1,26.122268657386204,荒川
葛飾区|金町3丁目,310334.46228221094,1,30.73131882054016,荒川
葛飾区|金町3丁目,310334.46228221094,1,0.9649886347154553,荒川
葛飾区|金町3丁目,310334.46228221094,1,16.61507817008289,荒川
葛飾区|金町3丁目,310334.46228221094,1,390.81516178580745,荒川
葛飾区|金町3丁目,310334.46228221094,1,53.82789579768555,荒川
葛飾区|金町3丁目,310334.46228221094,1,143842.29866752587,荒川
葛飾区|金町3丁目,310334.46228221094,2,1923.8968098290088,荒川
葛飾区|金町3丁目,310334.46228221094,2,1201.666597956871,荒川
葛飾区|金町3丁目,310334.46228221094,2,22876.203405895052,荒川
葛飾区|金町3丁目,310334.46228221094,2,52.45370402949595,荒川
葛飾区|金町3丁目,310334.46228221094,2,78.99701963415541,荒川
葛飾区|金町3丁目,310334.46228221094,2,26.121556384745123,荒川
葛飾区|金町3丁目,310334.46228221094,2,158.20421752160556,荒川
葛飾区|金町3丁目,310334.46228221094,2,51.62064272719156,荒川
葛飾区|金町3丁目,310334.46228221094,2,0.2763546978573575,荒川
葛飾区|金町3丁目,310334.46228221094,2,234.69387908171015,荒川
葛飾区|金町3丁目,310334.46228221094,2,26.121624092505524,荒川
葛飾区|金町3丁目,310334.46228221094,2,26.12163690314855,荒川
葛飾区|金町3丁目,310334.46228221094,2,61.488171101745415,荒川
葛飾区|金町3丁目,310334.46228221094,2,234.69359555716053,荒川
葛飾区|金町3丁目,310334.46228221094,2,51.41070017577081,荒川
葛飾区|金町3丁目,310334.46228221094,2,52.66480782376693,荒川
葛飾区|金町3丁目,310334.46228221094,2,418.59976665074015,荒川
葛飾区|金町3丁目,310334.46228221094,2,26.54306350952065,荒川
葛飾区|金町3丁目,310334.46228221094,2,26.543064247486306,荒川
葛飾区|金町3丁目,310334.46228221094,2,26.306810119713923,荒川
葛飾区|金町3丁目,310334.46228221094,2,52.664672952160835,荒川
葛飾区|金町3丁目,310334.46228221094,2,26.121759289484753,荒川
葛飾区|金町3丁目,310334.46228221094,2,51.41098406867606,荒川
葛飾区|金町3丁目,310334.46228221094,2,25.9113182850152,荒川
葛飾区|金町3丁目,310334.46228221094,2,52.45426688405559,荒川
葛飾区|金町3丁目,310334.46228221094,2,78.16471460340429,荒川
葛飾区|金町3丁目,310334.46228221094,2,130.82963333280946,荒川
葛飾区|金町3丁目,310334.46228221094,2,573.2547383999174,荒川
葛飾区|金町3丁目,310334.46228221094,2,915.9890483783033,荒川
葛飾区|金町3丁目,310334.46228221094,2,51.411221417699124,荒川
葛飾区|金町3丁目,310334.46228221094,2,129.3651953074553,荒川
葛飾区|金町3丁目,310334.46228221094,2,25.91107220112224,荒川
葛飾区|金町3丁目,310334.46228221094,2,52.66496987017077,荒川
葛飾区|金町3丁目,310334.46228221094,2,26.54336921079137,荒川
葛飾区|金町3丁目,310334.46228221094,2,25.499903266936286,荒川
葛飾区|金町3丁目,310334.46228221094,2,26.12186640489811,荒川
葛飾区|金町3丁目,310334.46228221094,2,77.74193392898992,荒川
葛飾区|金町3丁目,310334.46228221094,2,26.54320048924143,荒川
葛飾区|金町3丁目,310334.46228221094,2,78.99755593550091,荒川
葛飾区|金町3丁目,310334.46228221094,2,25.499391904050896,荒川
葛飾区|金町3丁目,310334.46228221094,2,77.53328835355475,荒川
葛飾区|金町3丁目,310334.46228221094,2,25.91067420824853,荒川
葛飾区|金町3丁目,310334.46228221094,2,52.24382315949396,荒川
葛飾区|金町3丁目,310334.46228221094,2,26.543241770928283,荒川
葛飾区|金町3丁目,310334.46228221094,2,365.3156244208379,荒川
葛飾区|金町3丁目,310334.46228221094,2,52.454743532159725,荒川
葛飾区|金町3丁目,310334.46228221094,2,51.411256109371784,荒川
葛飾区|金町3丁目,310334.46228221094,2,52.665424468828824,荒川
葛飾区|金町3丁目,310334.46228221094,2,51.62197912265836,荒川
葛飾区|金町3丁目,310334.46228221094,2,104.07678339785949,荒川
葛飾区|金町3丁目,310334.46228221094,2,26.121985911370743,荒川
葛飾区|金町3丁目,310334.46228221094,2,52.4546727192314,荒川
葛飾区|金町3丁目,310334.46228221094,2,77.7445808003343,荒川
葛飾区|金町3丁目,310334.46228221094,2,26.543351025461824,荒川
葛飾区|金町3丁目,310334.46228221094,2,26.543245496227023,荒川
葛飾区|金町3丁目,310334.46228221094,2,26.122278394882436,荒川
葛飾区|金町3丁目,310334.46228221094,2,77.74436531388122,荒川
葛飾区|金町3丁目,310334.46228221094,2,26.543116474015044,荒川
葛飾区|金町3丁目,310334.46228221094,2,26.122120699202306,荒川
葛飾区|金町3丁目,310334.46228221094,2,52.45494306128154,荒川
葛飾区|金町3丁目,310334.46228221094,2,25.50038521311586,荒川
葛飾区|金町3丁目,310334.46228221094,2,209.1987878685432,荒川
葛飾区|金町3丁目,310334.46228221094,2,51.62240463880742,荒川
葛飾区|金町3丁目,310334.46228221094,2,207.32252390473826,荒川
葛飾区|金町3丁目,310334.46228221094,2,52.24445852824776,荒川
葛飾区|金町3丁目,310334.46228221094,2,26.543779937843706,荒川
葛飾区|金町3丁目,310334.46228221094,2,52.244760602926796,荒川
葛飾区|金町3丁目,310334.46228221094,2,1282.5782751188551,荒川
葛飾区|金町3丁目,310334.46228221094,2,52.66610370529416,荒川
葛飾区|金町3丁目,310334.46228221094,2,26.54361049157785,荒川
葛飾区|金町3丁目,310334.46228221094,2,25.911838654064972,荒川
葛飾区|金町3丁目,310334.46228221094,2,26.54365003388785,荒川
葛飾区|金町3丁目,310334.46228221094,2,51.62290279020043,荒川
葛飾区|金町3丁目,310334.46228221094,2,104.07823036821532,荒川
葛飾区|金町3丁目,310334.46228221094,2,25.91167214503026,荒川
葛飾区|金町3丁目,310334.46228221094,2,105.12197354215866,荒川
葛飾区|金町3丁目,310334.46228221094,2,25.500454204933032,荒川
葛飾区|金町3丁目,310334.46228221094,2,26.122429852835737,荒川
葛飾区|金町3丁目,310334.46228221094,2,209.8330907164386,荒川
葛飾区|金町3丁目,310334.46228221094,2,26.543813976401054,荒川
葛飾区|金町3丁目,310334.46228221094,2,2496.1577613299155,荒川
葛飾区|金町3丁目,310334.46228221094,2,26.1226447572965,荒川
葛飾区|金町3丁目,310334.46228221094,2,26.544215649662256,荒川
葛飾区|金町4丁目,161674.4743739479,2,160059.54552825604,荒川
葛飾区|金町4丁目,161674.4743739479,3,577.9170288639409,荒川
葛飾区|金町4丁目,161674.4743739479,3,469.46083696472067,荒川
葛飾区|金町4丁目,161674.4743739479,3,200.1738978662153,荒川
葛飾区|金町4丁目,161674.4743739479,3,16.811265702700656,荒川
葛飾区|金町4丁目,161674.4743739479,4,284.11994961479274,荒川
葛飾区|金町4丁目,161674.4743739479,4,35.57869617317374,荒川
葛飾区|金町4丁目,161674.4743739479,4,30.86739444450975,荒川
葛飾区|金町5丁目,162802.552090283,1,340.43062020982256,荒川
葛飾区|金町5丁目,162802.552090283,1,339.81056746595357,荒川
葛飾区|金町5丁目,162802.552090283,1,1148.4029189014568,荒川
葛飾区|金町5丁目,162802.552090283,1,2694.2782878725616,荒川
葛飾区|金町5丁目,162802.552090283,1,16565.87375599764,荒川
葛飾区|金町5丁目,162802.552090283,2,141307.3929105691,荒川
葛飾区|金町5丁目,162802.552090283,2,8.582394042821226,荒川
葛飾区|金町5丁目,162802.552090283,2,107.01651577030513,荒川
葛飾区|金町5丁目,162802.552090283,2,26.542897369099993,荒川
葛飾区|金町5丁目,162802.552090283,2,156.73982169063797,荒川
葛飾区|金町5丁目,162802.552090283,2,26.121702968336756,荒川
葛飾区|金町5丁目,162802.552090283,2,26.543552710413607,荒川
葛飾区|金町5丁目,162802.552090283,2,26.122239975230983,荒川
葛飾区|金町5丁目,162802.552090283,2,16.56443029775364,荒川
葛飾区|金町5丁目,162802.552090283,2,12.129504652965398,荒川
葛飾区|金町6丁目,132320.94782472594,1,295.45489765624035,荒川
葛飾区|金町6丁目,132320.94782472594,1,25.499194938875224,荒川
葛飾区|金町6丁目,132320.94782472594,1,52.66379904252889,荒川
葛飾区|金町6丁目,132320.94782472594,1,86804.42571964487,荒川
葛飾区|金町6丁目,132320.94782472594,2,35895.22215080097,荒川
葛飾区|金町6丁目,132320.94782472594,2,17.96003765091578,荒川
葛飾区|金町6丁目,132320.94782472594,2,651.1831965911463,荒川
葛飾区|金町6丁目,132320.94782472594,2,365.09983775626375,荒川
葛飾区|金町6丁目,132320.94782472594,2,46.481526428249325,荒川
葛飾区|金町6丁目,132320.94782472594,2,26.54228520275701,荒川
葛飾区|金町6丁目,132320.94782472594,2,473.3486621849217,荒川
葛飾区|金町6丁目,132320.94782472594,2,93.99449890130259,荒川
葛飾区|金町6丁目,132320.94782472594,2,156.73645532862355,荒川
葛飾区|金町6丁目,132320.94782472594,2,51.62046658397353,荒川
葛飾区|金町6丁目,132320.94782472594,2,51.62158036872756,荒川
葛飾区|金町6丁目,132320.94782472594,2,52.68834737324876,荒川
葛飾区|金町6丁目,132320.94782472594,2,810.017375608119,荒川
葛飾区|金町6丁目,132320.94782472594,2,496.74492138685,荒川
葛飾区|金町6丁目,132320.94782472594,2,26.54242178859373,荒川
葛飾区|金町6丁目,132320.94782472594,2,51.409821510253025,荒川
葛飾区|金町浄水場,387533.88283298124,1,523.127909166067,荒川
葛飾区|金町浄水場,387533.88283298124,1,0.8426644900556921,荒川
葛飾区|金町浄水場,387533.88283298124,1,17986.426677913827,荒川
葛飾区|金町浄水場,387533.88283298124,1,339.1936599898936,荒川
葛飾区|金町浄水場,387533.88283298124,1,16870.512758012588,荒川
葛飾区|金町浄水場,387533.88283298124,2,297.191254068308,荒川
葛飾区|金町浄水場,387533.88283298124,2,533.2039773173424,荒川
葛飾区|金町浄水場,387533.88283298124,2,25.501163031844193,荒川
葛飾区|金町浄水場,387533.88283298124,2,549.6710165972269,荒川
葛飾区|金町浄水場,387533.88283298124,2,129.9945188832041,荒川
葛飾区|金町浄水場,387533.88283298124,2,339.2136736869212,荒川
葛飾区|金町浄水場,387533.88283298124,2,26.12364925200444,荒川
葛飾区|金町浄水場,387533.88283298124,2,52.66825016737851,荒川
葛飾区|金町浄水場,387533.88283298124,2,26.123451990638767,荒川
葛飾区|金町浄水場,387533.88283298124,2,51.414475934259066,荒川
葛飾区|金町浄水場,387533.88283298124,2,25.91279231106151,荒川
葛飾区|金町浄水場,387533.88283298124,2,52.24718158419901,荒川
葛飾区|金町浄水場,387533.88283298124,2,52.457698296649966,荒川
葛飾区|金町浄水場,387533.88283298124,2,51.62508941553715,荒川
葛飾区|金町浄水場,387533.88283298124,2,130.62820211493437,荒川
葛飾区|金町浄水場,387533.88283298124,2,25.50128526921356,荒川
葛飾区|金町浄水場,387533.88283298124,2,79.00275723594629,荒川
葛飾区|金町浄水場,387533.88283298124,2,79.00336062849684,荒川
葛飾区|金町浄水場,387533.88283298124,2,637.9359863482871,荒川
葛飾区|金町浄水場,387533.88283298124,2,104.71564019852676,荒川
葛飾区|金町浄水場,387533.88283298124,2,26.122565426528222,荒川
葛飾区|金町浄水場,387533.88283298124,2,314.12378717243394,荒川
葛飾区|金町浄水場,387533.88283298124,2,79.00038720904985,荒川
葛飾区|金町浄水場,387533.88283298124,2,26.124339668776276,荒川
葛飾区|金町浄水場,387533.88283298124,2,16.8424773973139,荒川
葛飾区|金町浄水場,387533.88283298124,3,105.33575504287175,荒川
葛飾区|鎌倉1丁目,173660.15021384606,1,67555.63190495622,荒川
葛飾区|鎌倉1丁目,173660.15021384606,1,891.5923161589241,荒川
葛飾区|鎌倉1丁目,173660.15021384606,1,77.76761158284774,荒川
葛飾区|鎌倉1丁目,173660.15021384606,1,1149.173456842682,荒川
葛飾区|鎌倉1丁目,173660.15021384606,1,262.5771354966931,荒川
葛飾区|鎌倉1丁目,173660.15021384606,1,257.8503134986718,荒川
葛飾区|鎌倉1丁目,173660.15021384606,2,99852.24458079819,荒川
葛飾区|鎌倉1丁目,173660.15021384606,2,567.544303524861,荒川
葛飾区|鎌倉1丁目,173660.15021384606,2,51.4270479409394,荒川
葛飾区|鎌倉1丁目,173660.15021384606,2,25.50781588534984,荒川
葛飾区|鎌倉1丁目,173660.15021384606,2,26.129098324608947,荒川
葛飾区|鎌倉1丁目,173660.15021384606,2,4.548975549387558,荒川
葛飾区|鎌倉1丁目,173660.15021384606,2,234.97166315451534,荒川
葛飾区|鎌倉1丁目,173660.15021384606,2,25.918432864675314,荒川
葛飾区|鎌倉1丁目,173660.15021384606,2,26.1291655853952,荒川
葛飾区|鎌倉1丁目,173660.15021384606,2,52.679796757897634,荒川
葛飾区|鎌倉1丁目,173660.15021384606,2,25.50718684718656,荒川
葛飾区|鎌倉1丁目,173660.15021384606,2,131.8432200190326,荒川
葛飾区|鎌倉1丁目,173660.15021384606,2,209.6774970239079,荒川
葛飾区|鎌倉1丁目,173660.15021384606,2,52.46949476404188,荒川
葛飾区|鎌倉1丁目,173660.15021384606,2,26.55054704675438,荒川
葛飾区|鎌倉1丁目,173660.15021384606,2,128.77074771848254,荒川
葛飾区|鎌倉1丁目,173660.15021384606,2,52.680337835899245,荒川
葛飾区|鎌倉1丁目,173660.15021384606,2,26.551709163521945,荒川
葛飾区|鎌倉1丁目,173660.15021384606,2,287.23542928415105,荒川
葛飾区|鎌倉1丁目,173660.15021384606,2,26.551933606731644,荒川
葛飾区|鎌倉1丁目,173660.15021384606,2,52.68061034235313,荒川
葛飾区|鎌倉1丁目,173660.15021384606,2,76.93379879905095,荒川
葛飾区|鎌倉1丁目,173660.15021384606,2,26.551054560817363,荒川
葛飾区|鎌倉1丁目,173660.15021384606,2,52.6806636542338,荒川
葛飾区|鎌倉1丁目,173660.15021384606,2,5.9471436551960455,荒川
葛飾区|鎌倉2丁目,159669.28336289575,1,9640.441759344898,荒川
葛飾区|鎌倉2丁目,159669.28336289575,1,1909.769302713415,荒川
葛飾区|鎌倉2丁目,159669.28336289575,1,77.55292298693944,荒川
葛飾区|鎌倉2丁目,159669.28336289575,1,26.12860010812482,荒川
葛飾区|鎌倉2丁目,159669.28336289575,1,26.129066201474743,荒川
葛飾区|鎌倉2丁目,159669.28336289575,1,996.5265281958914,荒川
葛飾区|鎌倉2丁目,159669.28336289575,1,26.55056195544681,荒川
葛飾区|鎌倉2丁目,159669.28336289575,2,145325.16715293695,荒川
葛飾区|鎌倉2丁目,159669.28336289575,2,26.128248702895036,荒川
葛飾区|鎌倉2丁目,159669.28336289575,2,1201.8055518730284,荒川
葛飾区|鎌倉2丁目,159669.28336289575,2,26.550494050040804,荒川
葛飾区|鎌倉3丁目,254729.7998407527,1,168831.32267788303,荒川
葛飾区|鎌倉3丁目,254729.7998407527,1,1.6659545638815358,荒川
葛飾区|鎌倉3丁目,254729.7998407527,1,1884.6883148391657,荒川
葛飾区|鎌倉3丁目,254729.7998407527,1,994.5723409697302,荒川
葛飾区|鎌倉3丁目,254729.7998407527,1,26.54892779994508,荒川
葛飾区|鎌倉3丁目,254729.7998407527,1,26.127429943274542,荒川
葛飾区|鎌倉3丁目,254729.7998407527,2,41130.15481967039,荒川
葛飾区|鎌倉3丁目,254729.7998407527,2,26.126554267748283,荒川
葛飾区|鎌倉3丁目,254729.7998407527,2,53.09675731735883,荒川
葛飾区|鎌倉3丁目,254729.7998407527,2,25.916397342478312,荒川
葛飾区|鎌倉3丁目,254729.7998407527,2,52.46455263534409,荒川
葛飾区|鎌倉3丁目,254729.7998407527,2,77.75872822040202,荒川
葛飾区|鎌倉3丁目,254729.7998407527,2,1568.6215871871293,荒川
葛飾区|鎌倉3丁目,254729.7998407527,2,26.54949693533657,荒川
葛飾区|鎌倉3丁目,254729.7998407527,2,51.63417585594996,荒川
葛飾区|鎌倉3丁目,254729.7998407527,2,130.65052549423996,荒川
葛飾区|鎌倉3丁目,254729.7998407527,2,26.1271478312238,荒川
葛飾区|鎌倉3丁目,254729.7998407527,2,25.50509897242971,荒川
葛飾区|鎌倉3丁目,254729.7998407527,2,26.549844574853648,荒川
葛飾区|鎌倉3丁目,254729.7998407527,2,129.18645604471723,荒川
葛飾区|鎌倉3丁目,254729.7998407527,2,236.00748284287388,荒川
葛飾区|鎌倉3丁目,254729.7998407527,2,78.80585360656598,荒川
葛飾区|鎌倉3丁目,254729.7998407527,2,78.80617699372353,荒川
葛飾区|鎌倉3丁目,254729.7998407527,2,26.12827824783291,荒川
葛飾区|鎌倉3丁目,254729.7998407527,2,77.97095441374933,荒川
葛飾区|鎌倉3丁目,254729.7998407527,2,25.917593080761396,荒川
葛飾区|鎌倉3丁目,254729.7998407527,2,653.4607738327451,荒川
葛飾区|鎌倉3丁目,254729.7998407527,2,4.985327710581679,荒川
葛飾区|鎌倉3丁目,254729.7998407527,2,77.97088697239128,荒川
葛飾区|鎌倉3丁目,254729.7998407527,2,25.506486999900204,荒川
葛飾区|鎌倉3丁目,254729.7998407527,2,19.483468941760286,荒川
葛飾区|鎌倉3丁目,254729.7998407527,2,2842.5586155100245,荒川
葛飾区|鎌倉3丁目,254729.7998407527,2,2.8794603801514045,荒川
葛飾区|鎌倉3丁目,254729.7998407527,2,1070.0875143566811,荒川
葛飾区|鎌倉3丁目,254729.7998407527,2,54.134350227422246,荒川
葛飾区|鎌倉3丁目,254729.7998407527,2,18.983997176137386,荒川
葛飾区|鎌倉3丁目,254729.7998407527,2,48.990122401609675,荒川
葛飾区|鎌倉3丁目,254729.7998407527,2,37.04074464506465,荒川
葛飾区|鎌倉3丁目,254729.7998407527,2,550.2018929497333,荒川
葛飾区|鎌倉3丁目,254729.7998407527,2,77.34314609230935,荒川
葛飾区|鎌倉3丁目,254729.7998407527,2,51.63555796666887,荒川
葛飾区|鎌倉3丁目,254729.7998407527,2,207.9986906857915,荒川
葛飾区|鎌倉3丁目,254729.7998407527,2,22.45620118458089,荒川
葛飾区|鎌倉3丁目,254729.7998407527,2,84.10070713823144,荒川
葛飾区|鎌倉3丁目,254729.7998407527,2,79.23045624271575,荒川
葛飾区|鎌倉3丁目,254729.7998407527,2,13.835964747664963,荒川
葛飾区|鎌倉3丁目,254729.7998407527,2,26.128814363965642,荒川
葛飾区|鎌倉3丁目,254729.7998407527,2,0.06791200085149217,荒川
葛飾区|鎌倉4丁目,156642.7175267252,1,117165.27957397317,荒川
葛飾区|鎌倉4丁目,156642.7175267252,1,384.33221656847985,荒川
葛飾区|鎌倉4丁目,156642.7175267252,1,2611.5555086245686,荒川
葛飾区|鎌倉4丁目,156642.7175267252,1,130.15562196132134,荒川
葛飾区|鎌倉4丁目,156642.7175267252,1,500.65852453781713,荒川
葛飾区|鎌倉4丁目,156642.7175267252,1,52.678733661942026,荒川
葛飾区|鎌倉4丁目,156642.7175267252,1,25.506559086412476,荒川
葛飾区|鎌倉4丁目,156642.7175267252,1,706.1587470103575,荒川
葛飾区|鎌倉4丁目,156642.7175267252,1,828.780627520472,荒川
葛飾区|鎌倉4丁目,156642.7175267252,1,865.0326923732647,荒川
葛飾区|鎌倉4丁目,156642.7175267252,1,18.27561589255811,荒川
葛飾区|鎌倉4丁目,156642.7175267252,1,470.35183765727305,荒川
葛飾区|鎌倉4丁目,156642.7175267252,1,162.16959563549423,荒川
葛飾区|鎌倉4丁目,156642.7175267252,2,26.549558983448097,荒川
葛飾区|鎌倉4丁目,156642.7175267252,2,104.3111386362122,荒川
葛飾区|鎌倉4丁目,156642.7175267252,2,496.0438351703339,荒川
葛飾区|鎌倉4丁目,156642.7175267252,2,37.702189082593634,荒川
葛飾区|鎌倉4丁目,156642.7175267252,2,47.48020073551946,荒川
葛飾区|鎌倉4丁目,156642.7175267252,2,27.482209971168878,荒川
葛飾区|鎌倉4丁目,156642.7175267252,2,83.78248712623656,荒川
葛飾区|鎌倉4丁目,156642.7175267252,2,49.58631099727871,荒川
葛飾区|鎌倉4丁目,156642.7175267252,2,52.678551927284246,荒川
葛飾区|鎌倉4丁目,156642.7175267252,2,26.12856150702764,荒川
葛飾区|鎌倉4丁目,156642.7175267252,2,24.883598132867338,荒川
葛飾区|鎌倉4丁目,156642.7175267252,2,25.917873979458506,荒川
葛飾区|鎌倉4丁目,156642.7175267252,2,79.22867786267052,荒川
葛飾区|鎌倉4丁目,156642.7175267252,2,181.03446614713943,荒川
葛飾区|鎌倉4丁目,156642.7175267252,2,32.65136848741649,荒川
葛飾区|鎌倉4丁目,156642.7175267252,2,25.91791425942082,荒川
葛飾区|鎌倉4丁目,156642.7175267252,2,26.12864240272645,荒川
葛飾区|鎌倉4丁目,156642.7175267252,2,51.634063520514545,荒川
葛飾区|鎌倉4丁目,156642.7175267252,2,3079.6332411033895,荒川
葛飾区|鎌倉4丁目,156642.7175267252,2,30.028109939263924,荒川
葛飾区|鎌倉4丁目,156642.7175267252,2,26.550112761872597,荒川
葛飾区|鎌倉4丁目,156642.7175267252,2,25.917194243981598,荒川
葛飾区|鎌倉4丁目,156642.7175267252,2,17156.454950445303,荒川
葛飾区|鎌倉4丁目,156642.7175267252,2,40.72335010870514,荒川
葛飾区|鎌倉4丁目,156642.7175267252,2,26.550236115557762,荒川
葛飾区|鎌倉4丁目,156642.7175267252,2,26.55024981136488,荒川
葛飾区|鎌倉4丁目,156642.7175267252,2,26.550276877085118,荒川
葛飾区|鎌倉4丁目,156642.7175267252,2,52.67920161933545,荒川
葛飾区|鎌倉4丁目,156642.7175267252,2,29.80174119385577,荒川
葛飾区|鎌倉4丁目,156642.7175267252,2,47.598197731111206,荒川
葛飾区|鎌倉4丁目,156642.7175267252,2,11.671192222981947,荒川
葛飾区|亀有1丁目,257673.90937494897,3,257151.19428461805,荒川
葛飾区|亀有1丁目,257673.90937494897,3,51.414857067809095,荒川
葛飾区|亀有1丁目,257673.90937494897,4,471.3002332631189,荒川
葛飾区|亀有2丁目,317849.30537435313,2,19656.878064909964,荒川
葛飾区|亀有2丁目,317849.30537435313,3,297930.76507244323,荒川
葛飾区|亀有2丁目,317849.30537435313,3,1.0306061971677265,荒川
葛飾区|亀有2丁目,317849.30537435313,3,25.501323134294257,荒川
葛飾区|亀有2丁目,317849.30537435313,3,26.544674226152864,荒川
葛飾区|亀有2丁目,317849.30537435313,3,51.62430645488114,荒川
葛飾区|亀有2丁目,317849.30537435313,3,25.9127114294366,荒川
葛飾区|亀有2丁目,317849.30537435313,3,26.545241898577405,荒川
葛飾区|亀有2丁目,317849.30537435313,3,26.12360464120018,荒川
葛飾区|亀有2丁目,317849.30537435313,3,26.123969511487196,荒川
葛飾区|亀有2丁目,317849.30537435313,3,26.545575541225837,荒川
葛飾区|亀有2丁目,317849.30537435313,3,25.710223970770283,荒川
葛飾区|亀有3丁目,323363.82124007464,1,465.7313306218099,荒川
葛飾区|亀有3丁目,323363.82124007464,1,93.39919904627745,荒川
葛飾区|亀有3丁目,323363.82124007464,2,44508.21935901978,荒川
葛飾区|亀有3丁目,323363.82124007464,2,389.97347385809996,荒川
葛飾区|亀有3丁目,323363.82124007464,2,25968.68001738089,荒川
葛飾区|亀有3丁目,323363.82124007464,2,1175.3677246469028,荒川
葛飾区|亀有3丁目,323363.82124007464,2,3685.566373659481,荒川
葛飾区|亀有3丁目,323363.82124007464,2,287.36489895166073,荒川
葛飾区|亀有3丁目,323363.82124007464,2,236.16477619971985,荒川
葛飾区|亀有3丁目,323363.82124007464,2,930.727795085176,荒川
葛飾区|亀有3丁目,323363.82124007464,2,208.78904739636786,荒川
葛飾区|亀有3丁目,323363.82124007464,2,25.50048741716132,荒川
葛飾区|亀有3丁目,323363.82124007464,2,642.2696463577115,荒川
葛飾区|亀有3丁目,323363.82124007464,3,244431.508989992,荒川
葛飾区|亀有3丁目,323363.82124007464,3,26.544340723450542,荒川
葛飾区|亀有3丁目,323363.82124007464,3,26.544367915262367,荒川
葛飾区|亀有3丁目,323363.82124007464,3,51.62412038912074,荒川
葛飾区|亀有3丁目,323363.82124007464,3,25.51380265173763,荒川
葛飾区|亀有3丁目,323363.82124007464,3,26.54339711959163,荒川
葛飾区|亀有3丁目,323363.82124007464,3,53.08653252629208,荒川
葛飾区|亀有3丁目,323363.82124007464,3,26.122593911857994,荒川
葛飾区|亀有3丁目,323363.82124007464,3,52.45567699051537,荒川
葛飾区|亀有3丁目,323363.82124007464,3,26.122881085862836,荒川
葛飾区|亀有4丁目,221205.3629629605,3,221205.36296296047,荒川
葛飾区|亀有5丁目,251523.04670056415,2,600.835540265614,荒川
葛飾区|亀有5丁目,251523.04670056415,2,260.8120416735317,荒川
葛飾区|亀有5丁目,251523.04670056415,2,22406.61286128466,荒川
葛飾区|亀有5丁目,251523.04670056415,3,226816.32351249084,荒川
葛飾区|亀有5丁目,251523.04670056415,3,105.32863689216742,荒川
葛飾区|亀有5丁目,251523.04670056415,3,26.12196140828901,荒川
葛飾区|亀有5丁目,251523.04670056415,3,51.62177373761171,荒川
葛飾区|亀有5丁目,251523.04670056415,4,1255.3903728115126,荒川
葛飾区|小菅1丁目,672288.8113727624,1,288.66568505926966,荒川
葛飾区|小菅1丁目,672288.8113727624,2,687.6307511810736,荒川
葛飾区|小菅1丁目,672288.8113727624,2,26.547780790400594,荒川
葛飾区|小菅1丁目,672288.8113727624,2,3.304675414573713,荒川
葛飾区|小菅1丁目,672288.8113727624,2,10178.03893885771,荒川
葛飾区|小菅1丁目,672288.8113727624,2,11368.128871138522,荒川
葛飾区|小菅1丁目,672288.8113727624,2,156.55924072441258,荒川
葛飾区|小菅1丁目,672288.8113727624,2,235.77888158479868,荒川
葛飾区|小菅1丁目,672288.8113727624,2,299.45987823811896,荒川
葛飾区|小菅1丁目,672288.8113727624,2,14234.006379019926,荒川
葛飾区|小菅1丁目,672288.8113727624,3,245677.97352106243,荒川
葛飾区|小菅1丁目,672288.8113727624,3,1302.2218043352073,荒川
葛飾区|小菅1丁目,672288.8113727624,3,51.63093467991652,荒川
葛飾区|小菅1丁目,672288.8113727624,3,339.0326876201074,荒川
葛飾区|小菅1丁目,672288.8113727624,3,1202.7332485340667,荒川
葛飾区|小菅1丁目,672288.8113727624,3,259.823364607935,荒川
葛飾区|小菅1丁目,672288.8113727624,3,2611.686219749249,荒川
葛飾区|小菅1丁目,672288.8113727624,3,780.3237015709659,荒川
葛飾区|小菅1丁目,672288.8113727624,4,174411.882971444,荒川
葛飾区|小菅1丁目,672288.8113727624,4,26.124976954542625,荒川
葛飾区|小菅1丁目,672288.8113727624,4,25.91362536374227,荒川
葛飾区|小菅1丁目,672288.8113727624,4,25.503162740256286,荒川
葛飾区|小菅1丁目,672288.8113727624,4,184.55717335152468,荒川
葛飾区|小菅1丁目,672288.8113727624,4,496.39795422458224,荒川
葛飾区|小菅1丁目,672288.8113727624,4,102.4219889046804,荒川
葛飾区|小菅1丁目,672288.8113727624,4,15076.559327996216,荒川
葛飾区|小菅1丁目,672288.8113727624,4,79.01003176762705,荒川
葛飾区|小菅1丁目,672288.8113727624,4,2139.35855368955,荒川
葛飾区|小菅1丁目,672288.8113727624,4,26.127502233026142,荒川
葛飾区|小菅1丁目,672288.8113727624,4,52.46472587559046,荒川
葛飾区|小菅1丁目,672288.8113727624,4,26.127032233797213,荒川
葛飾区|小菅1丁目,672288.8113727624,5,653.201880508587,荒川
葛飾区|小菅2丁目,198373.71797857396,2,518.454098223794,荒川
葛飾区|小菅2丁目,198373.71797857396,2,4.373846366477377,荒川
葛飾区|小菅2丁目,198373.71797857396,2,131.47783517989717,荒川
葛飾区|小菅2丁目,198373.71797857396,2,0.8913418947888786,荒川
葛飾区|小菅2丁目,198373.71797857396,3,151881.92142897256,荒川
葛飾区|小菅2丁目,198373.71797857396,3,104.92836033937807,荒川
葛飾区|小菅2丁目,198373.71797857396,3,888.5781597918103,荒川
葛飾区|小菅2丁目,198373.71797857396,3,366.005376888392,荒川
葛飾区|小菅2丁目,198373.71797857396,3,51.631160733720264,荒川
葛飾区|小菅2丁目,198373.71797857396,3,1.2547912781397197,荒川
葛飾区|小菅2丁目,198373.71797857396,3,1617.4642732441482,荒川
葛飾区|小菅2丁目,198373.71797857396,3,25.91637683852862,荒川
葛飾区|小菅2丁目,198373.71797857396,3,104.3075563357424,荒川
葛飾区|小菅2丁目,198373.71797857396,3,26.127201825401762,荒川
葛飾区|小菅2丁目,198373.71797857396,3,364.76789795262215,荒川
葛飾区|小菅2丁目,198373.71797857396,3,26.127112439178486,荒川
葛飾区|小菅2丁目,198373.71797857396,3,79.01348517290027,荒川
葛飾区|小菅2丁目,198373.71797857396,4,706.43151184116,荒川
葛飾区|小菅2丁目,198373.71797857396,4,26.54793583638397,荒川
葛飾区|小菅2丁目,198373.71797857396,4,104.3052101548806,荒川
葛飾区|小菅2丁目,198373.71797857396,4,303.6652100018171,荒川
葛飾区|小菅2丁目,198373.71797857396,4,25.504587842119108,荒川
葛飾区|小菅2丁目,198373.71797857396,4,52.67430191709275,荒川
葛飾区|小菅2丁目,198373.71797857396,4,26.126664185099386,荒川
葛飾区|小菅2丁目,198373.71797857396,4,52.2529205723932,荒川
葛飾区|小菅2丁目,198373.71797857396,4,26.126493951509573,荒川
葛飾区|小菅2丁目,198373.71797857396,4,5646.952343859588,荒川
葛飾区|小菅2丁目,198373.71797857396,4,18.779592304085586,荒川
葛飾区|小菅2丁目,198373.71797857396,4,131.05512998082773,荒川
葛飾区|小菅2丁目,198373.71797857396,4,79.01182746436807,荒川
葛飾区|小菅2丁目,198373.71797857396,4,26.127470592270342,荒川
葛飾区|小菅2丁目,198373.71797857396,4,66.48631515902079,荒川
葛飾区|小菅2丁目,198373.71797857396,4,26.54810775466595,荒川
葛飾区|小菅2丁目,198373.71797857396,4,25.504657787699017,荒川
葛飾区|小菅2丁目,198373.71797857396,4,26.127300097748567,荒川
葛飾区|小菅2丁目,198373.71797857396,4,52.25348481829871,荒川
葛飾区|小菅2丁目,198373.71797857396,4,104.30878894160386,荒川
葛飾区|小菅2丁目,198373.71797857396,4,182.47695710072614,荒川
葛飾区|小菅2丁目,198373.71797857396,4,44.24395289316928,荒川
葛飾区|小菅2丁目,198373.71797857396,4,1597.6008021859764,荒川
葛飾区|小菅2丁目,198373.71797857396,4,15.370424215832445,荒川
葛飾区|小菅2丁目,198373.71797857396,4,103.88558970531126,荒川
葛飾区|小菅2丁目,198373.71797857396,4,18.216054669886017,荒川
葛飾区|小菅2丁目,198373.71797857396,4,130.22322616919354,荒川
葛飾区|小菅2丁目,198373.71797857396,4,105.35051643264799,荒川
葛飾区|小菅2丁目,198373.71797857396,4,26.126171554079367,荒川
葛飾区|小菅2丁目,198373.71797857396,4,156.98246821853107,荒川
葛飾区|小菅2丁目,198373.71797857396,4,27546.412248153054,荒川
葛飾区|小菅2丁目,198373.71797857396,4,155.30665056262703,荒川
葛飾区|小菅2丁目,198373.71797857396,4,25.504775827814953,荒川
葛飾区|小菅2丁目,198373.71797857396,4,26.548257768397423,荒川
葛飾区|小菅2丁目,198373.71797857396,4,79.0127543438912,荒川
葛飾区|小菅2丁目,198373.71797857396,4,1360.1606404980562,荒川
葛飾区|小菅2丁目,198373.71797857396,4,26.126870277494234,荒川
葛飾区|小菅2丁目,198373.71797857396,4,52.254229296863855,荒川
葛飾区|小菅2丁目,198373.71797857396,4,26.127121293801277,荒川
葛飾区|小菅2丁目,198373.71797857396,4,26.126910605953178,荒川
葛飾区|小菅2丁目,198373.71797857396,4,103.2610877492505,荒川
葛飾区|小菅2丁目,198373.71797857396,4,26.548563989608482,荒川
葛飾区|小菅2丁目,198373.71797857396,4,2605.475873588379,荒川
葛飾区|小菅2丁目,198373.71797857396,4,25.50509059198641,荒川
葛飾区|小菅2丁目,198373.71797857396,4,26.548795921549914,荒川
葛飾区|小菅2丁目,198373.71797857396,4,26.127233185265347,荒川
葛飾区|小菅2丁目,198373.71797857396,4,25.505169228670464,荒川
葛飾区|小菅2丁目,198373.71797857396,4,110.65938170667971,荒川
葛飾区|小菅3丁目,213917.1334012074,1,575.2217835201271,荒川
葛飾区|小菅3丁目,213917.1334012074,1,448.36762732953014,荒川
葛飾区|小菅3丁目,213917.1334012074,2,24597.86776966018,荒川
葛飾区|小菅3丁目,213917.1334012074,2,678.4794548441,荒川
葛飾区|小菅3丁目,213917.1334012074,2,913.2136487214963,荒川
葛飾区|小菅3丁目,213917.1334012074,2,72.81420431673087,荒川
葛飾区|小菅3丁目,213917.1334012074,2,776.1303544344066,荒川
葛飾区|小菅3丁目,213917.1334012074,2,971.3513422987226,荒川
葛飾区|小菅3丁目,213917.1334012074,3,134896.45592669406,荒川
葛飾区|小菅3丁目,213917.1334012074,3,26.125822367601465,荒川
葛飾区|小菅3丁目,213917.1334012074,3,103.88154299252196,荒川
葛飾区|小菅3丁目,213917.1334012074,3,25.915469156063086,荒川
葛飾区|小菅3丁目,213917.1334012074,3,338.8331609458357,荒川
葛飾区|小菅3丁目,213917.1334012074,3,181.02067563853794,荒川
葛飾区|小菅3丁目,213917.1334012074,3,211.12047451873954,荒川
葛飾区|小菅3丁目,213917.1334012074,3,26.126839333739188,荒川
葛飾区|小菅3丁目,213917.1334012074,4,824.4289842640098,荒川
葛飾区|小菅3丁目,213917.1334012074,4,0.9093876501362856,荒川
葛飾区|小菅3丁目,213917.1334012074,4,27.67399183654375,荒川
葛飾区|小菅3丁目,213917.1334012074,4,0.07702078723387841,荒川
葛飾区|小菅3丁目,213917.1334012074,4,3879.0550969605265,荒川
葛飾区|小菅3丁目,213917.1334012074,4,498.9277474521151,荒川
葛飾区|小菅3丁目,213917.1334012074,4,651.4680852981007,荒川
葛飾区|小菅3丁目,213917.1334012074,4,7.768644232607421,荒川
葛飾区|小菅3丁目,213917.1334012074,4,34.555959652019496,荒川
葛飾区|小菅3丁目,213917.1334012074,4,11.177096174530588,荒川
葛飾区|小菅3丁目,213917.1334012074,4,8.331479509732445,荒川
葛飾区|小菅4丁目,143952.6693356407,3,141754.11499550875,荒川
葛飾区|小菅4丁目,143952.6693356407,4,52.24977652068916,荒川
葛飾区|小菅4丁目,143952.6693356407,4,207.13473325759838,荒川
葛飾区|小菅4丁目,143952.6693356407,4,624.7478867829793,荒川
葛飾区|小菅4丁目,143952.6693356407,4,312.1765958048823,荒川
葛飾区|小菅4丁目,143952.6693356407,4,14.246972261110425,荒川
葛飾区|小菅4丁目,143952.6693356407,4,935.3266479908883,荒川
葛飾区|小菅4丁目,143952.6693356407,4,26.5469938473625,荒川
葛飾区|小菅4丁目,143952.6693356407,4,26.124733666622213,荒川
葛飾区|柴又1丁目,206799.05221005826,1,0.4215850611657337,荒川
葛飾区|柴又1丁目,206799.05221005826,1,104776.83321686756,荒川
葛飾区|柴又1丁目,206799.05221005826,1,26.5467493863594,荒川
葛飾区|柴又1丁目,206799.05221005826,1,52.25075808024246,荒川
葛飾区|柴又1丁目,206799.05221005826,1,26.54680412274517,荒川
葛飾区|柴又1丁目,206799.05221005826,1,443.1107078917211,荒川
葛飾区|柴又1丁目,206799.05221005826,1,26.12546631333224,荒川
葛飾区|柴又1丁目,206799.05221005826,1,1700.9941650123155,荒川
葛飾区|柴又1丁目,206799.05221005826,1,26.968600315109846,荒川
葛飾区|柴又1丁目,206799.05221005826,1,0.8329369171835744,荒川
葛飾区|柴又1丁目,206799.05221005826,1,1829.9616564778414,荒川
葛飾区|柴又1丁目,206799.05221005826,1,26.54737814548778,荒川
葛飾区|柴又1丁目,206799.05221005826,1,18.642263997901637,荒川
葛飾区|柴又1丁目,206799.05221005826,2,72526.69103168548,荒川
葛飾区|柴又1丁目,206799.05221005826,2,25.914830878667782,荒川
葛飾区|柴又1丁目,206799.05221005826,2,209.0251199244971,荒川
葛飾区|柴又1丁目,206799.05221005826,2,654.2241410429309,荒川
葛飾区|柴又1丁目,206799.05221005826,2,26.5471789956773,荒川
葛飾区|柴又1丁目,206799.05221005826,2,389.6067404713332,荒川
葛飾区|柴又1丁目,206799.05221005826,2,105.55604788406336,荒川
葛飾区|柴又1丁目,206799.05221005826,2,130.63887016738659,荒川
葛飾区|柴又1丁目,206799.05221005826,2,25.91503122321661,荒川
葛飾区|柴又1丁目,206799.05221005826,2,25.503799740205142,荒川
葛飾区|柴又1丁目,206799.05221005826,2,25.504005335455016,荒川
葛飾区|柴又1丁目,206799.05221005826,2,52.673336743402665,荒川
葛飾区|柴又1丁目,206799.05221005826,2,25.504044646843493,荒川
葛飾区|柴又1丁目,206799.05221005826,2,131.89409133230487,荒川
葛飾区|柴又1丁目,206799.05221005826,2,51.62981564174488,荒川
葛飾区|柴又1丁目,206799.05221005826,2,25.50391758055209,荒川
葛飾区|柴又1丁目,206799.05221005826,2,26.54740554158783,荒川
葛飾区|柴又1丁目,206799.05221005826,2,25.50399621082888,荒川
葛飾区|柴又1丁目,206799.05221005826,2,104.71114459222666,荒川
葛飾区|柴又1丁目,206799.05221005826,2,26.125024774372875,荒川
葛飾区|柴又1丁目,206799.05221005826,2,25.914557374840317,荒川
葛飾区|柴又1丁目,206799.05221005826,2,235.55738236518647,荒川
葛飾区|柴又1丁目,206799.05221005826,2,105.34265888051668,荒川
葛飾区|柴又1丁目,206799.05221005826,2,26.546423308006574,荒川
葛飾区|柴又1丁目,206799.05221005826,2,51.41752268400131,荒川
葛飾区|柴又1丁目,206799.05221005826,2,26.125131217639012,荒川
葛飾区|柴又1丁目,206799.05221005826,2,26.125131159780572,荒川
葛飾区|柴又1丁目,206799.05221005826,2,26.546728393461382,荒川
葛飾区|柴又1丁目,206799.05221005826,2,26.125144295726226,荒川
葛飾区|柴又1丁目,206799.05221005826,2,52.67166366452124,荒川
葛飾区|柴又1丁目,206799.05221005826,2,26.12514545564218,荒川
葛飾区|柴又1丁目,206799.05221005826,2,25.914470812177164,荒川
葛飾区|柴又1丁目,206799.05221005826,2,25.503131300313633,荒川
葛飾区|柴又1丁目,206799.05221005826,2,2221.6401367889744,荒川
葛飾区|柴又1丁目,206799.05221005826,2,105.55565098646429,荒川
葛飾区|柴又1丁目,206799.05221005826,2,14.629356173231296,荒川
葛飾区|柴又1丁目,206799.05221005826,2,155.5090936367806,荒川
葛飾区|柴又2丁目,135369.55037807254,1,1384.4600171520408,荒川
葛飾区|柴又2丁目,135369.55037807254,1,2037.1819907449221,荒川
葛飾区|柴又2丁目,135369.55037807254,1,0.4213561533024814,荒川
葛飾区|柴又2丁目,135369.55037807254,1,730.4887550494237,荒川
葛飾区|柴又2丁目,135369.55037807254,1,651.0700770256178,荒川
葛飾区|柴又2丁目,135369.55037807254,1,26.5457497259009,荒川
葛飾区|柴又2丁目,135369.55037807254,1,967.0984784052198,荒川
葛飾区|柴又2丁目,135369.55037807254,1,445.40517226253655,荒川
葛飾区|柴又2丁目,135369.55037807254,1,1357.5534922704687,荒川
葛飾区|柴又2丁目,135369.55037807254,1,286.7651644039681,荒川
葛飾区|柴又2丁目,135369.55037807254,1,36011.17234582431,荒川
葛飾区|柴又2丁目,135369.55037807254,2,82634.62934956612,荒川
葛飾区|柴又2丁目,135369.55037807254,2,15.38873259668981,荒川
葛飾区|柴又2丁目,135369.55037807254,2,25.502341642721156,荒川
葛飾区|柴又2丁目,135369.55037807254,2,25.502420271817662,荒川
葛飾区|柴又2丁目,135369.55037807254,2,417.8120887003055,荒川
葛飾区|柴又2丁目,135369.55037807254,2,130.21154053869756,荒川
葛飾区|柴又2丁目,135369.55037807254,2,182.47116340594343,荒川
葛飾区|柴又2丁目,135369.55037807254,2,25.913554030596266,荒川
葛飾区|柴又2丁目,135369.55037807254,2,26.124565325875786,荒川
葛飾区|柴又2丁目,135369.55037807254,2,26.124740107192807,荒川
葛飾区|柴又2丁目,135369.55037807254,2,52.46041471166149,荒川
葛飾区|柴又2丁目,135369.55037807254,2,26.124780360563385,荒川
葛飾区|柴又2丁目,135369.55037807254,2,25.502775237909994,荒川
葛飾区|柴又2丁目,135369.55037807254,2,52.670982985259336,荒川
葛飾区|柴又2丁目,135369.55037807254,2,26.546270772883958,荒川
葛飾区|柴又2丁目,135369.55037807254,2,130.21355032993796,荒川
葛飾区|柴又2丁目,135369.55037807254,2,26.546311547344246,荒川
葛飾区|柴又2丁目,135369.55037807254,2,25.50313781787627,荒川
葛飾区|柴又2丁目,135369.55037807254,2,78.79672421717171,荒川
葛飾区|柴又2丁目,135369.55037807254,2,130.84624996486053,荒川
葛飾区|柴又3丁目,221893.1245645975,1,1569.5899726211337,荒川
葛飾区|柴又3丁目,221893.1245645975,1,89.92576521012415,荒川
葛飾区|柴又3丁目,221893.1245645975,1,26.12389526570015,荒川
葛飾区|柴又3丁目,221893.1245645975,1,25.913676312624954,荒川
葛飾区|柴又3丁目,221893.1245645975,1,104.29749895041523,荒川
葛飾区|柴又3丁目,221893.1245645975,1,235.55328431023548,荒川
葛飾区|柴又3丁目,221893.1245645975,1,154391.82780299697,荒川
葛飾区|柴又3丁目,221893.1245645975,2,20735.86301752245,荒川
葛飾区|柴又3丁目,221893.1245645975,2,26.544906340914203,荒川
葛飾区|柴又3丁目,221893.1245645975,2,365.96188454582,荒川
葛飾区|柴又3丁目,221893.1245645975,2,25.50159544123738,荒川
葛飾区|柴又3丁目,221893.1245645975,2,130.20712476771791,荒川
葛飾区|柴又3丁目,221893.1245645975,2,26.12363891888377,荒川
葛飾区|柴又3丁目,221893.1245645975,2,4676.919413577842,荒川
葛飾区|柴又3丁目,221893.1245645975,2,26.545213183421154,荒川
葛飾区|柴又3丁目,221893.1245645975,2,52.45802206312494,荒川
葛飾区|柴又3丁目,221893.1245645975,2,26.123680074305433,荒川
葛飾区|柴又3丁目,221893.1245645975,2,26.123943145900625,荒川
葛飾区|柴又3丁目,221893.1245645975,2,26.544807974666558,荒川
葛飾区|柴又3丁目,221893.1245645975,2,104.70609069247374,荒川
葛飾区|柴又3丁目,221893.1245645975,2,52.248068519566054,荒川
葛飾区|柴又3丁目,221893.1245645975,2,51.625886631693625,荒川
葛飾区|柴又3丁目,221893.1245645975,2,26.545316739226493,荒川
葛飾区|柴又3丁目,221893.1245645975,2,52.669570319337716,荒川
葛飾区|柴又3丁目,221893.1245645975,2,1017.8583591476677,荒川
葛飾区|柴又3丁目,221893.1245645975,2,104.08466164309952,荒川
葛飾区|柴又3丁目,221893.1245645975,2,52.669440656171055,荒川
葛飾区|柴又3丁目,221893.1245645975,2,26.124056074970014,荒川
葛飾区|柴又3丁目,221893.1245645975,2,26.54562316746611,荒川
葛飾区|柴又3丁目,221893.1245645975,2,26.12408199960887,荒川
葛飾区|柴又3丁目,221893.1245645975,2,26.124081943375018,荒川
葛飾区|柴又3丁目,221893.1245645975,2,26.54566262145711,荒川
葛飾区|柴又3丁目,221893.1245645975,2,53.09097207878706,荒川
葛飾区|柴又3丁目,221893.1245645975,2,156.75490632912786,荒川
葛飾区|柴又3丁目,221893.1245645975,2,26.5454946523572,荒川
葛飾区|柴又3丁目,221893.1245645975,2,443.309165942282,荒川
葛飾区|柴又3丁目,221893.1245645975,2,969.3783950340527,荒川
葛飾区|柴又3丁目,221893.1245645975,2,78.7943440475896,荒川
葛飾区|柴又3丁目,221893.1245645975,2,260.8424446137802,荒川
葛飾区|柴又3丁目,221893.1245645975,2,52.45949604750664,荒川
葛飾区|柴又3丁目,221893.1245645975,2,11.156951153521101,荒川
葛飾区|柴又3丁目,221893.1245645975,2,2613.880766882157,荒川
葛飾区|柴又3丁目,221893.1245645975,2,52.66972471235083,荒川
葛飾区|柴又3丁目,221893.1245645975,2,79.00499251487462,荒川
葛飾区|柴又3丁目,221893.1245645975,2,79.21623679269793,荒川
葛飾区|柴又3丁目,221893.1245645975,2,26.54593652324859,荒川
葛飾区|柴又3丁目,221893.1245645975,2,261.25470276785757,荒川
葛飾区|柴又3丁目,221893.1245645975,2,756.4061011040542,荒川
葛飾区|柴又3丁目,221893.1245645975,2,390.22211220868513,荒川
葛飾区|柴又3丁目,221893.1245645975,2,130.00939722838098,荒川
葛飾区|柴又3丁目,221893.1245645975,2,102.83218911781717,荒川
葛飾区|柴又3丁目,221893.1245645975,2,51.41630002847725,荒川
葛飾区|柴又3丁目,221893.1245645975,2,26.12440577417135,荒川
葛飾区|柴又3丁目,221893.1245645975,2,364.7188782415092,荒川
葛飾区|柴又3丁目,221893.1245645975,2,79.00534012742251,荒川
葛飾区|柴又3丁目,221893.1245645975,2,26.54578176945578,荒川
葛飾区|柴又3丁目,221893.1245645975,2,26.545992384578888,荒川
葛飾区|柴又3丁目,221893.1245645975,2,1536.8525789921725,荒川
葛飾区|柴又3丁目,221893.1245645975,2,26.124670154273304,荒川
葛飾区|柴又3丁目,221893.1245645975,2,51.41645898013313,荒川
葛飾区|柴又3丁目,221893.1245645975,2,234.72004595732676,荒川
葛飾区|柴又3丁目,221893.1245645975,2,26.124526593291755,荒川
葛飾区|柴又3丁目,221893.1245645975,2,26.54614171977981,荒川
葛飾区|柴又3丁目,221893.1245645975,2,26.545945022536927,荒川
葛飾区|柴又4丁目,243468.17373778476,1,194907.5734624964,荒川
葛飾区|柴又4丁目,243468.17373778476,1,214.4952903338649,荒川
葛飾区|柴又4丁目,243468.17373778476,2,12130.167506999964,荒川
葛飾区|柴又4丁目,243468.17373778476,2,26.547207253749185,荒川
葛飾区|柴又4丁目,243468.17373778476,2,30.11661259257965,荒川
葛飾区|柴又4丁目,243468.17373778476,2,130.21721878745367,荒川
葛飾区|柴又4丁目,243468.17373778476,2,51.629339316097855,荒川
葛飾区|柴又4丁目,243468.17373778476,2,44.08611613987832,荒川
葛飾区|柴又4丁目,243468.17373778476,2,52.25169796185898,荒川
葛飾区|柴又4丁目,243468.17373778476,2,345.949500462545,荒川
葛飾区|柴又4丁目,243468.17373778476,2,26.547160822824644,荒川
葛飾区|柴又4丁目,243468.17373778476,2,26.12577758243842,荒川
葛飾区|柴又4丁目,243468.17373778476,2,26.547174519954275,荒川
葛飾区|柴又4丁目,243468.17373778476,2,77.96649167883224,荒川
葛飾区|柴又4丁目,243468.17373778476,2,26.547215261577136,荒川
葛飾区|柴又4丁目,243468.17373778476,2,26.125831390933172,荒川
葛飾区|柴又4丁目,243468.17373778476,2,25.915672304710355,荒川
葛飾区|柴又4丁目,243468.17373778476,2,52.46344763649098,荒川
葛飾区|柴又4丁目,243468.17373778476,2,52.67418438834547,荒川
葛飾区|柴又4丁目,243468.17373778476,2,1228.0201943125314,荒川
葛飾区|柴又4丁目,243468.17373778476,2,25.915395985138385,荒川
葛飾区|柴又4丁目,243468.17373778476,2,26.54781621719209,荒川
葛飾区|柴又4丁目,243468.17373778476,2,78.59001763967915,荒川
葛飾区|柴又4丁目,243468.17373778476,2,155.72523619475186,荒川
葛飾区|柴又4丁目,243468.17373778476,2,52.67320967174635,荒川
葛飾区|柴又4丁目,243468.17373778476,2,521.5171867566381,荒川
葛飾区|柴又4丁目,243468.17373778476,2,52.674320195336165,荒川
葛飾区|柴又4丁目,243468.17373778476,2,25.50395814143802,荒川
葛飾区|柴又4丁目,243468.17373778476,2,26.548081432636074,荒川
葛飾区|柴又4丁目,243468.17373778476,2,25.50443004146494,荒川
葛飾区|柴又4丁目,243468.17373778476,2,993.7140215527546,荒川
葛飾区|柴又4丁目,243468.17373778476,2,157.18747553211892,荒川
葛飾区|柴又4丁目,243468.17373778476,2,79.0116431993214,荒川
葛飾区|柴又4丁目,243468.17373778476,2,130.21883646225422,荒川
葛飾区|柴又4丁目,243468.17373778476,2,51.630985756000726,荒川
葛飾区|柴又4丁目,243468.17373778476,2,26.54742114283107,荒川
葛飾区|柴又4丁目,243468.17373778476,2,25.504675197459814,荒川
葛飾区|柴又4丁目,243468.17373778476,2,234.73800231210012,荒川
葛飾区|柴又4丁目,243468.17373778476,2,52.67451005087558,荒川
葛飾区|柴又4丁目,243468.17373778476,2,77.75781049510901,荒川
葛飾区|柴又4丁目,243468.17373778476,2,26.126060193566346,荒川
葛飾区|柴又4丁目,243468.17373778476,2,182.68624276724552,荒川
葛飾区|柴又4丁目,243468.17373778476,2,130.853919082304,荒川
葛飾区|柴又4丁目,243468.17373778476,2,209.2300307564438,荒川
葛飾区|柴又4丁目,243468.17373778476,2,78.37822647368041,荒川
葛飾区|柴又4丁目,243468.17373778476,2,442.9306819247103,荒川
葛飾区|柴又4丁目,243468.17373778476,2,25.504626484513043,荒川
葛飾区|柴又4丁目,243468.17373778476,2,393.17789717548465,荒川
葛飾区|柴又4丁目,243468.17373778476,2,1227.4100685813717,荒川
葛飾区|柴又4丁目,243468.17373778476,2,601.353316123115,荒川
葛飾区|柴又4丁目,243468.17373778476,2,131.47656336337604,荒川
葛飾区|柴又4丁目,243468.17373778476,2,2.337903114088677,荒川
葛飾区|柴又4丁目,243468.17373778476,2,467.794354058182,荒川
葛飾区|柴又4丁目,243468.17373778476,2,965.2931975107971,荒川
葛飾区|柴又4丁目,243468.17373778476,2,286.9870176348464,荒川
葛飾区|柴又4丁目,243468.17373778476,2,51.631890002045516,荒川
葛飾区|柴又4丁目,243468.17373778476,2,104.72577336726825,荒川
葛飾区|柴又4丁目,243468.17373778476,2,26.12627393506785,荒川
葛飾区|柴又4丁目,243468.17373778476,2,26.126274894062988,荒川
葛飾区|柴又4丁目,243468.17373778476,2,25.915591974462313,荒川
葛飾区|柴又4丁目,243468.17373778476,2,25.91559249527033,荒川
葛飾区|柴又4丁目,243468.17373778476,2,0.6898756820139273,荒川
葛飾区|柴又4丁目,243468.17373778476,2,26.12652549232168,荒川
葛飾区|柴又4丁目,243468.17373778476,2,25.915632178506648,荒川
葛飾区|柴又4丁目,243468.17373778476,2,52.25269715311958,荒川
葛飾区|柴又4丁目,243468.17373778476,2,26.125387504016942,荒川
葛飾区|柴又4丁目,243468.17373778476,2,26.12635540247851,荒川
葛飾区|柴又4丁目,243468.17373778476,2,11.917660078596912,荒川
葛飾区|柴又4丁目,243468.17373778476,2,25.915671946254754,荒川
葛飾区|柴又4丁目,243468.17373778476,2,53.0937623908797,荒川
葛飾区|柴又5丁目,411097.95864579384,1,118094.5961061281,荒川
葛飾区|柴又5丁目,411097.95864579384,1,297.6555110806598,荒川
葛飾区|柴又5丁目,411097.95864579384,1,655.0876252908985,荒川
葛飾区|柴又5丁目,411097.95864579384,1,651.1258043589183,荒川
葛飾区|柴又5丁目,411097.95864579384,1,77.75973591353099,荒川
葛飾区|柴又5丁目,411097.95864579384,2,23.038868341421328,荒川
葛飾区|柴又5丁目,411097.95864579384,2,49.29257879712083,荒川
葛飾区|柴又5丁目,411097.95864579384,2,4607.062325023144,荒川
葛飾区|柴又5丁目,411097.95864579384,2,50.94241514206684,荒川
葛飾区|柴又5丁目,411097.95864579384,2,77.13760675306528,荒川
葛飾区|柴又5丁目,411097.95864579384,2,26.548693056421296,荒川
葛飾区|柴又5丁目,411097.95864579384,2,25.505220062995072,荒川
葛飾区|柴又5丁目,411097.95864579384,2,79.22498985682127,荒川
葛飾区|柴又5丁目,411097.95864579384,2,155.94178858053257,荒川
葛飾区|柴又5丁目,411097.95864579384,2,181.43731905118221,荒川
葛飾区|柴又6丁目,282820.8034322438,1,88355.05738557634,荒川
葛飾区|柴又6丁目,282820.8034322438,1,25.914793427678347,荒川
葛飾区|柴又6丁目,282820.8034322438,1,356.57854107486435,荒川
葛飾区|柴又6丁目,282820.8034322438,2,25.503771774461768,荒川
葛飾区|柴又6丁目,282820.8034322438,2,52.67261642545559,荒川
葛飾区|柴又6丁目,282820.8034322438,2,73.14196389184033,荒川
葛飾区|柴又6丁目,282820.8034322438,2,286.9812741764301,荒川
葛飾区|柴又6丁目,282820.8034322438,2,88.01734526438699,荒川
葛飾区|柴又6丁目,282820.8034322438,2,676.3297785209132,荒川
葛飾区|柴又6丁目,282820.8034322438,2,103.67057431452069,荒川
葛飾区|柴又6丁目,282820.8034322438,2,77.75638526384739,荒川
葛飾区|柴又6丁目,282820.8034322438,2,286.9885999970783,荒川
葛飾区|柴又6丁目,282820.8034322438,2,287.20023462493725,荒川
葛飾区|柴又7丁目,241230.26133652494,1,18482.322437707113,荒川
葛飾区|柴又7丁目,241230.26133652494,2,62.16316060685562,荒川
葛飾区|柴又7丁目,241230.26133652494,2,77.7517523324052,荒川
葛飾区|柴又7丁目,241230.26133652494,2,0.20256669061290464,荒川
葛飾区|柴又7丁目,241230.26133652494,2,26.545850099165087,荒川
葛飾区|柴又7丁目,241230.26133652494,2,79.00587427913632,荒川
葛飾区|白鳥1丁目,94572.7402969461,3,94544.77219575748,荒川
葛飾区|白鳥1丁目,94572.7402969461,4,27.968101188601192,荒川
葛飾区|白鳥2丁目,170013.85642716632,3,169968.32357752507,荒川
葛飾区|白鳥2丁目,170013.85642716632,4,45.53284964119288,荒川
葛飾区|白鳥3丁目,187104.27107380787,3,187104.27107380785,荒川
葛飾区|白鳥4丁目,189727.36137627653,3,189727.3613762765,荒川
葛飾区|新小岩1丁目,274573.80655548006,2,16420.322786008757,荒川
葛飾区|新小岩1丁目,274573.80655548006,3,192222.90358374148,荒川
葛飾区|新小岩1丁目,274573.80655548006,4,1530.54266868325,荒川
葛飾区|新小岩1丁目,274573.80655548006,4,37.770227989013726,荒川
葛飾区|新小岩2丁目,149419.7800323807,2,2368.0783872926027,荒川
葛飾区|新小岩2丁目,149419.7800323807,3,146461.217644595,荒川
葛飾区|新小岩2丁目,149419.7800323807,3,79.25577503524242,荒川
葛飾区|新小岩2丁目,149419.7800323807,3,25.515448007370214,荒川
葛飾区|新小岩2丁目,149419.7800323807,3,130.90976665231065,荒川
葛飾区|新小岩2丁目,149419.7800323807,4,354.80301079677645,荒川
葛飾区|新小岩3丁目,189487.32807108512,2,341.07841225822585,荒川
葛飾区|新小岩3丁目,189487.32807108512,2,51.65505422618757,荒川
葛飾区|新小岩3丁目,189487.32807108512,2,588.198035242797,荒川
葛飾区|新小岩3丁目,189487.32807108512,2,469.8897021256028,荒川
葛飾区|新小岩3丁目,189487.32807108512,2,836.4977415237468,荒川
葛飾区|新小岩3丁目,189487.32807108512,2,574.2335268776786,荒川
葛飾区|新小岩3丁目,189487.32807108512,2,312.6482116466499,荒川
葛飾区|新小岩3丁目,189487.32807108512,2,23.081374871512086,荒川
葛飾区|新小岩3丁目,189487.32807108512,2,51.65655818921033,荒川
葛飾区|新小岩3丁目,189487.32807108512,2,445.2333840334569,荒川
葛飾区|新小岩3丁目,189487.32807108512,3,185793.15607009002,荒川
葛飾区|新小岩4丁目,190108.44695721898,2,706.9633659238112,荒川
葛飾区|新小岩4丁目,190108.44695721898,2,493.23077518512633,荒川
葛飾区|新小岩4丁目,190108.44695721898,2,53.9394546119203,荒川
葛飾区|新小岩4丁目,190108.44695721898,2,3332.1771907607276,荒川
葛飾区|新小岩4丁目,190108.44695721898,2,471.3243514395432,荒川
葛飾区|新小岩4丁目,190108.44695721898,2,470.91472447430044,荒川
葛飾区|新小岩4丁目,190108.44695721898,2,75.15635671336346,荒川
葛飾区|新小岩4丁目,190108.44695721898,3,184504.74073811006,荒川
葛飾区|高砂1丁目,350176.96590671723,1,1254.649894332144,荒川
葛飾区|高砂1丁目,350176.96590671723,1,114.3686901412773,荒川
葛飾区|高砂1丁目,350176.96590671723,1,6.819357526715525,荒川
葛飾区|高砂1丁目,350176.96590671723,1,57.949032210872396,荒川
葛飾区|高砂1丁目,350176.96590671723,2,3021.272582737851,荒川
葛飾区|高砂1丁目,350176.96590671723,2,1397.8214150851145,荒川
葛飾区|高砂1丁目,350176.96590671723,2,576.8634275685532,荒川
葛飾区|高砂1丁目,350176.96590671723,3,12986.919115622139,荒川
葛飾区|高砂2丁目,264597.7554813702,1,256.5498513363254,荒川
葛飾区|高砂2丁目,264597.7554813702,1,698.4188244408269,荒川
葛飾区|高砂2丁目,264597.7554813702,1,418.9034916893699,荒川
葛飾区|高砂2丁目,264597.7554813702,1,11035.656119971854,荒川
葛飾区|高砂2丁目,264597.7554813702,1,677.6924448428697,荒川
葛飾区|高砂2丁目,264597.7554813702,1,4048.884799619953,荒川
葛飾区|高砂2丁目,264597.7554813702,1,419.74675294853887,荒川
葛飾区|高砂2丁目,264597.7554813702,1,364.975443771684,荒川
葛飾区|高砂2丁目,264597.7554813702,1,26.128124497455527,荒川
葛飾区|高砂2丁目,264597.7554813702,1,1694.0730189129538,荒川
葛飾区|高砂2丁目,264597.7554813702,1,628.1712817249015,荒川
葛飾区|高砂2丁目,264597.7554813702,1,600.7918482865755,荒川
葛飾区|高砂2丁目,264597.7554813702,1,25.918352711680704,荒川
葛飾区|高砂2丁目,264597.7554813702,1,1015.1277020359832,荒川
葛飾区|高砂2丁目,264597.7554813702,1,539.9427133589655,荒川
葛飾区|高砂2丁目,264597.7554813702,1,524.7076138888641,荒川
葛飾区|高砂2丁目,264597.7554813702,1,471.3972932153653,荒川
葛飾区|高砂2丁目,264597.7554813702,1,97.56989238384385,荒川
葛飾区|高砂2丁目,264597.7554813702,2,225082.4741520493,荒川
葛飾区|高砂2丁目,264597.7554813702,2,26.548563157103157,荒川
葛飾区|高砂2丁目,264597.7554813702,2,53.100716795805496,荒川
葛飾区|高砂3丁目,199550.15825805572,2,199550.1582580559,荒川
葛飾区|高砂4丁目,148969.2963176757,1,390.07540931041746,荒川
葛飾区|高砂4丁目,148969.2963176757,2,148579.2209083653,荒川
葛飾区|高砂5丁目,250055.61153494575,1,3393.233409581984,荒川
葛飾区|高砂5丁目,250055.61153494575,1,184.70724338638385,荒川
葛飾区|高砂5丁目,250055.61153494575,1,364.75322751077425,荒川
葛飾区|高砂5丁目,250055.61153494575,1,838.2107898366879,荒川
葛飾区|高砂5丁目,250055.61153494575,1,341.9077750169518,荒川
葛飾区|高砂5丁目,250055.61153494575,1,525.2533926634467,荒川
葛飾区|高砂5丁目,250055.61153494575,2,243753.29192309448,荒川
葛飾区|高砂6丁目,152552.9792605085,1,481.89951117065687,荒川
葛飾区|高砂6丁目,152552.9792605085,1,576.8953998640717,荒川
葛飾区|高砂6丁目,152552.9792605085,1,21089.521696118718,荒川
葛飾区|高砂6丁目,152552.9792605085,1,2061.153494349192,荒川
葛飾区|高砂6丁目,152552.9792605085,1,7819.284849710804,荒川
葛飾区|高砂6丁目,152552.9792605085,1,56.82592719161183,荒川
葛飾区|高砂6丁目,152552.9792605085,1,13064.305340418308,荒川
葛飾区|高砂6丁目,152552.9792605085,1,836.7282195875931,荒川
葛飾区|高砂6丁目,152552.9792605085,1,2020.287954517552,荒川
葛飾区|高砂6丁目,152552.9792605085,2,80159.91433669924,荒川
葛飾区|高砂6丁目,152552.9792605085,2,26.126036727771446,荒川
葛飾区|高砂6丁目,152552.9792605085,2,209.44347848884794,荒川
葛飾区|高砂6丁目,152552.9792605085,2,26.54776990025896,荒川
葛飾区|高砂6丁目,152552.9792605085,2,26.125852658112308,荒川
葛飾区|高砂6丁目,152552.9792605085,2,25.91591248087619,荒川
葛飾区|高砂6丁目,152552.9792605085,2,25.915186962323368,荒川
葛飾区|高砂6丁目,152552.9792605085,2,260.43702255444094,荒川
葛飾区|高砂6丁目,152552.9792605085,2,79.01146388254321,荒川
葛飾区|高砂6丁目,152552.9792605085,2,77.75803888453812,荒川
葛飾区|高砂6丁目,152552.9792605085,2,53.096420404328285,荒川
葛飾区|高砂6丁目,152552.9792605085,2,51.41970351929142,荒川
葛飾区|高砂6丁目,152552.9792605085,2,53.095272951214056,荒川
葛飾区|高砂6丁目,152552.9792605085,2,26.547208167459353,荒川
葛飾区|高砂6丁目,152552.9792605085,2,2688.6741027587955,荒川
葛飾区|高砂6丁目,152552.9792605085,2,26.126385551190197,荒川
葛飾区|高砂6丁目,152552.9792605085,2,51.630548501638245,荒川
葛飾区|高砂6丁目,152552.9792605085,2,53.09522530019913,荒川
葛飾区|高砂6丁目,152552.9792605085,2,130.22017125360682,荒川
葛飾区|高砂6丁目,152552.9792605085,2,26.126295884993098,荒川
葛飾区|高砂7丁目,205275.07871137018,1,209.43489948959186,荒川
葛飾区|高砂7丁目,205275.07871137018,1,1618.0095135828597,荒川
葛飾区|高砂7丁目,205275.07871137018,1,1094.6285800405299,荒川
葛飾区|高砂7丁目,205275.07871137018,1,1033.0769036307922,荒川
葛飾区|高砂7丁目,205275.07871137018,1,937.2460180203394,荒川
葛飾区|高砂7丁目,205275.07871137018,1,105.34588425905942,荒川
葛飾区|高砂7丁目,205275.07871137018,1,577.316424009663,荒川
葛飾区|高砂7丁目,205275.07871137018,1,74.6458813353808,荒川
葛飾区|高砂7丁目,205275.07871137018,2,199625.37388882137,荒川
葛飾区|高砂8丁目,119346.91859332773,2,119346.91859332776,荒川
葛飾区|宝町1丁目,171568.9851365397,3,169934.11044219506,荒川
葛飾区|宝町1丁目,171568.9851365397,4,18.310175033206043,荒川
葛飾区|宝町1丁目,171568.9851365397,4,42.511553604996934,荒川
葛飾区|宝町1丁目,171568.9851365397,4,4.706707345602391,荒川
葛飾区|宝町1丁目,171568.9851365397,4,13.957512319434759,荒川
葛飾区|宝町1丁目,171568.9851365397,4,10.605493883417283,荒川
葛飾区|宝町1丁目,171568.9851365397,4,7.713388898921633,荒川
葛飾区|宝町1丁目,171568.9851365397,4,4.848671572621673,荒川
葛飾区|宝町1丁目,171568.9851365397,4,15.340782749476128,荒川
葛飾区|宝町1丁目,171568.9851365397,4,26.551574761684087,荒川
葛飾区|宝町1丁目,171568.9851365397,4,1490.3288341753932,荒川
葛飾区|宝町2丁目,245853.70057662242,3,221392.0064337536,荒川
葛飾区|宝町2丁目,245853.70057662242,3,1044.1419647866683,荒川
葛飾区|宝町2丁目,245853.70057662242,3,364.5710541195295,荒川
葛飾区|宝町2丁目,245853.70057662242,3,19.11492242963665,荒川
葛飾区|宝町2丁目,245853.70057662242,3,25.506506874904908,荒川
葛飾区|宝町2丁目,245853.70057662242,4,12191.624717746148,荒川
葛飾区|宝町2丁目,245853.70057662242,4,53.10132677858791,荒川
葛飾区|宝町2丁目,245853.70057662242,4,128.3527658372898,荒川
葛飾区|宝町2丁目,245853.70057662242,4,789.8771162259624,荒川
葛飾区|宝町2丁目,245853.70057662242,4,93.23602090973442,荒川
葛飾区|宝町2丁目,245853.70057662242,4,71.58619962916478,荒川
葛飾区|宝町2丁目,245853.70057662242,4,311.7207535486614,荒川
葛飾区|宝町2丁目,245853.70057662242,4,78.18429788469577,荒川
葛飾区|宝町2丁目,245853.70057662242,4,207.62397086044442,荒川
葛飾区|宝町2丁目,245853.70057662242,4,52.46744911139581,荒川
葛飾区|宝町2丁目,245853.70057662242,4,25.917662198492273,荒川
葛飾区|宝町2丁目,245853.70057662242,4,26.549827750629234,荒川
葛飾区|宝町2丁目,245853.70057662242,4,102.84843619779662,荒川
葛飾区|宝町2丁目,245853.70057662242,4,7321.120628674461,荒川
葛飾区|宝町2丁目,245853.70057662242,4,51.8358500937464,荒川
葛飾区|宝町2丁目,245853.70057662242,4,209.25001482203604,荒川
葛飾区|宝町2丁目,245853.70057662242,4,52.257596226990735,荒川
葛飾区|宝町2丁目,245853.70057662242,4,367.7119063617165,荒川
葛飾区|宝町2丁目,245853.70057662242,4,26.550278179821834,荒川
葛飾区|宝町2丁目,245853.70057662242,4,5.263075209342973,荒川
葛飾区|宝町2丁目,245853.70057662242,4,77.76477983809357,荒川
葛飾区|宝町2丁目,245853.70057662242,4,581.4441098961136,荒川
葛飾区|宝町2丁目,245853.70057662242,4,103.89398676006061,荒川
葛飾区|宝町2丁目,245853.70057662242,4,25.918341905800226,荒川
葛飾区|宝町2丁目,245853.70057662242,4,52.25858201075204,荒川
葛飾区|立石1丁目,102135.92666924071,3,64561.67893862414,荒川
葛飾区|立石1丁目,102135.92666924071,3,31.726222818685955,荒川
葛飾区|立石1丁目,102135.92666924071,3,469.7777411303352,荒川
葛飾区|立石1丁目,102135.92666924071,3,599.6031177113556,荒川
葛飾区|立石1丁目,102135.92666924071,3,0.9767930292939107,荒川
葛飾区|立石1丁目,102135.92666924071,3,22.542594686856823,荒川
葛飾区|立石1丁目,102135.92666924071,3,521.2101316227494,荒川
葛飾区|立石1丁目,102135.92666924071,3,186.878973310774,荒川
葛飾区|立石1丁目,102135.92666924071,4,35483.9666751505,荒川
葛飾区|立石1丁目,102135.92666924071,4,52.684183334972374,荒川
葛飾区|立石1丁目,102135.92666924071,4,26.552946732312048,荒川
葛飾区|立石1丁目,102135.92666924071,4,26.131501342907065,荒川
葛飾区|立石1丁目,102135.92666924071,4,51.64065843304391,荒川
葛飾区|立石1丁目,102135.92666924071,4,77.77181870643244,荒川
葛飾区|立石1丁目,102135.92666924071,4,22.78437260630531,荒川
葛飾区|立石2丁目,165234.99117735878,3,76432.69236344073,荒川
葛飾区|立石2丁目,165234.99117735878,3,3136.9472423501898,荒川
葛飾区|立石2丁目,165234.99117735878,3,4054.949801134806,荒川
葛飾区|立石2丁目,165234.99117735878,3,52.262061577493796,荒川
葛飾区|立石2丁目,165234.99117735878,3,51.639729722294234,荒川
葛飾区|立石2丁目,165234.99117735878,3,78.81472986967371,荒川
葛飾区|立石2丁目,165234.99117735878,3,418.75188240903947,荒川
葛飾区|立石2丁目,165234.99117735878,3,286.4220263822822,荒川
葛飾区|立石2丁目,165234.99117735878,3,2401.320584909634,荒川
葛飾区|立石2丁目,165234.99117735878,3,129.41217060453351,荒川
葛飾区|立石2丁目,165234.99117735878,3,325.7593543937933,荒川
葛飾区|立石2丁目,165234.99117735878,3,888.9461988556011,荒川
葛飾区|立石2丁目,165234.99117735878,3,25.920750052878503,荒川
葛飾区|立石2丁目,165234.99117735878,3,52.26323867611893,荒川
葛飾区|立石2丁目,165234.99117735878,3,25.15481957256662,荒川
葛飾区|立石2丁目,165234.99117735878,3,160.3895761305348,荒川
葛飾区|立石2丁目,165234.99117735878,3,332.6162734156625,荒川
葛飾区|立石2丁目,165234.99117735878,3,27.184538692323034,荒川
葛飾区|立石2丁目,165234.99117735878,4,898.4430289269554,荒川
葛飾区|立石2丁目,165234.99117735878,4,105.57549174808075,荒川
葛飾区|立石2丁目,165234.99117735878,4,51.63864171340815,荒川
葛飾区|立石2丁目,165234.99117735878,4,53.103723435424804,荒川
葛飾区|立石2丁目,165234.99117735878,4,77.55883873724656,荒川
葛飾区|立石2丁目,165234.99117735878,4,19.488275981713947,荒川
葛飾区|立石2丁目,165234.99117735878,4,52.47134139339244,荒川
葛飾区|立石2丁目,165234.99117735878,4,52.68205783217784,荒川
葛飾区|立石2丁目,165234.99117735878,4,8.92216938942476,荒川
葛飾区|立石2丁目,165234.99117735878,4,260.27161420912205,荒川
葛飾区|立石2丁目,165234.99117735878,4,26.551943633620056,荒川
葛飾区|立石2丁目,165234.99117735878,4,20.728631367775197,荒川
葛飾区|立石2丁目,165234.99117735878,4,128.98718884896297,荒川
葛飾区|立石2丁目,165234.99117735878,4,10.199550693788753,荒川
葛飾区|立石2丁目,165234.99117735878,4,2.893119341777297,荒川
葛飾区|立石2丁目,165234.99117735878,4,53.10398296108823,荒川
葛飾区|立石2丁目,165234.99117735878,4,26.551697895132783,荒川
葛飾区|立石2丁目,165234.99117735878,4,52.472186961603,荒川
葛飾区|立石2丁目,165234.99117735878,4,26.551752577030136,荒川
葛飾区|立石2丁目,165234.99117735878,4,74213.7830606752,荒川
葛飾区|立石2丁目,165234.99117735878,4,26.130927337080884,荒川
葛飾区|立石2丁目,165234.99117735878,4,52.47283414057985,荒川
葛飾区|立石2丁目,165234.99117735878,4,52.262853970322325,荒川
葛飾区|立石2丁目,165234.99117735878,4,51.430610630406605,荒川
葛飾区|立石2丁目,165234.99117735878,4,26.131782900593734,荒川
葛飾区|立石2丁目,165234.99117735878,4,3.1365278665721896,荒川
葛飾区|立石3丁目,143610.83780340894,3,93435.89714152506,荒川
葛飾区|立石3丁目,143610.83780340894,3,1280.9109744453538,荒川
葛飾区|立石3丁目,143610.83780340894,3,287.4589049580319,荒川
葛飾区|立石3丁目,143610.83780340894,3,628.0256841229749,荒川
葛飾区|立石3丁目,143610.83780340894,3,1567.9682264183898,荒川
葛飾区|立石3丁目,143610.83780340894,3,33.88471123460767,荒川
葛飾区|立石3丁目,143610.83780340894,3,314.6324175802154,荒川
葛飾区|立石3丁目,143610.83780340894,4,302.50027415871733,荒川
葛飾区|立石3丁目,143610.83780340894,4,53.1035737124787,荒川
葛飾区|立石3丁目,143610.83780340894,4,26.551834716662274,荒川
葛飾区|立石3丁目,143610.83780340894,4,52.6818868074407,荒川
葛飾区|立石3丁目,143610.83780340894,4,703.894005562796,荒川
葛飾区|立石3丁目,143610.83780340894,4,470.58238021357374,荒川
葛飾区|立石3丁目,143610.83780340894,4,707.2454401447058,荒川
葛飾区|立石3丁目,143610.83780340894,4,78.81329107739127,荒川
葛飾区|立石3丁目,143610.83780340894,4,26.130829679811015,荒川
葛飾区|立石3丁目,143610.83780340894,4,26.13064571784453,荒川
葛飾区|立石3丁目,143610.83780340894,4,71.25938816462367,荒川
葛飾区|立石3丁目,143610.83780340894,4,26.551963548016474,荒川
葛飾区|立石3丁目,143610.83780340894,4,418.95591744263794,荒川
葛飾区|立石3丁目,143610.83780340894,4,162.0100525153653,荒川
葛飾区|立石3丁目,143610.83780340894,4,26.130455414250818,荒川
葛飾区|立石3丁目,143610.83780340894,4,40813.906657799926,荒川
葛飾区|立石3丁目,143610.83780340894,4,1779.5357745265494,荒川
葛飾区|立石3丁目,143610.83780340894,4,133.35829645421862,荒川
葛飾区|立石3丁目,143610.83780340894,4,130.03307049452,荒川
葛飾区|立石3丁目,143610.83780340894,4,26.552490207344633,荒川
葛飾区|立石3丁目,143610.83780340894,4,26.13151476543016,荒川
葛飾区|立石4丁目,122703.41284810785,3,121542.21666233455,荒川
葛飾区|立石4丁目,122703.41284810785,4,549.6030726242074,荒川
葛飾区|立石4丁目,122703.41284810785,4,58.772233591674905,荒川
葛飾区|立石4丁目,122703.41284810785,4,178.9658442105101,荒川
葛飾区|立石4丁目,122703.41284810785,4,115.63885179253143,荒川
葛飾区|立石4丁目,122703.41284810785,4,25.50871070333882,荒川
葛飾区|立石4丁目,122703.41284810785,4,51.42926372520014,荒川
葛飾区|立石4丁目,122703.41284810785,4,181.27820912584676,荒川
葛飾区|立石5丁目,184884.1596837424,3,182398.45551932472,荒川
葛飾区|立石5丁目,184884.1596837424,4,2480.4435482696367,荒川
葛飾区|立石5丁目,184884.1596837424,4,5.2606161479915015,荒川
葛飾区|立石6丁目,208489.31095326232,3,208489.31095326235,荒川
葛飾区|立石7丁目,122512.86357497239,3,122512.86357497236,荒川
葛飾区|立石8丁目,321510.1916243164,2,3409.0355234811655,荒川
葛飾区|立石8丁目,321510.1916243164,2,17867.9056578477,荒川
葛飾区|立石8丁目,321510.1916243164,2,1362.661658797706,荒川
葛飾区|立石8丁目,321510.1916243164,3,298741.7502173055,荒川
葛飾区|立石8丁目,321510.1916243164,3,25.509115293884303,荒川
葛飾区|新宿1丁目,180887.24919841305,1,9.85177822045617,荒川
葛飾区|新宿1丁目,180887.24919841305,1,29.224672714927184,荒川
葛飾区|新宿1丁目,180887.24919841305,1,57.628860954540194,荒川
葛飾区|新宿1丁目,180887.24919841305,1,599.012676500869,荒川
葛飾区|新宿1丁目,180887.24919841305,1,37.38850677647412,荒川
葛飾区|新宿1丁目,180887.24919841305,1,577.7233663214605,荒川
葛飾区|新宿1丁目,180887.24919841305,1,651.0869292881883,荒川
葛飾区|新宿1丁目,180887.24919841305,1,232.45089211817066,荒川
葛飾区|新宿1丁目,180887.24919841305,1,601.5489142806217,荒川
葛飾区|新宿1丁目,180887.24919841305,1,653.1795233073866,荒川
葛飾区|新宿1丁目,180887.24919841305,1,601.0210765363472,荒川
葛飾区|新宿1丁目,180887.24919841305,2,175737.83232336142,荒川
葛飾区|新宿2丁目,221400.39063064265,1,2145.6933075970246,荒川
葛飾区|新宿2丁目,221400.39063064265,1,565.967300515795,荒川
葛飾区|新宿2丁目,221400.39063064265,1,621.8388042367033,荒川
葛飾区|新宿2丁目,221400.39063064265,1,439.5988306891707,荒川
葛飾区|新宿2丁目,221400.39063064265,1,26.124413772950646,荒川
葛飾区|新宿2丁目,221400.39063064265,1,496.78870914616465,荒川
葛飾区|新宿2丁目,221400.39063064265,1,54.14256855795365,荒川
葛飾区|新宿2丁目,221400.39063064265,1,1212.8353729438409,荒川
葛飾区|新宿2丁目,221400.39063064265,1,391.24324561155476,荒川
葛飾区|新宿2丁目,221400.39063064265,1,25.500833410263738,荒川
葛飾区|新宿2丁目,221400.39063064265,1,443.0805374619987,荒川
葛飾区|新宿2丁目,221400.39063064265,1,551.3475955217945,荒川
葛飾区|新宿2丁目,221400.39063064265,2,210032.02430873632,荒川
葛飾区|新宿2丁目,221400.39063064265,2,26.123190294368435,荒川
葛飾区|新宿2丁目,221400.39063064265,2,10.840977086830925,荒川
葛飾区|新宿2丁目,221400.39063064265,3,756.7653664242416,荒川
葛飾区|新宿2丁目,221400.39063064265,3,548.4110423765399,荒川
葛飾区|新宿3丁目,248110.53920432218,1,652.3160913470764,荒川
葛飾区|新宿3丁目,248110.53920432218,1,628.0725036289452,荒川
葛飾区|新宿3丁目,248110.53920432218,1,446.4517266123881,荒川
葛飾区|新宿3丁目,248110.53920432218,2,246383.69888273382,荒川
葛飾区|新宿4丁目,146462.00408647806,2,146462.0040864781,荒川
葛飾区|新宿5丁目,179916.50797024558,2,175313.2499838185,荒川
葛飾区|新宿5丁目,179916.50797024558,3,1669.259439560296,荒川
葛飾区|新宿5丁目,179916.50797024558,3,76.20192833505801,荒川
葛飾区|新宿5丁目,179916.50797024558,3,495.00623986409227,荒川
葛飾区|新宿5丁目,179916.50797024558,3,1029.917878001922,荒川
葛飾区|新宿5丁目,179916.50797024558,3,8.6883582694531,荒川
葛飾区|新宿5丁目,179916.50797024558,4,163.4734471569319,荒川
葛飾区|新宿5丁目,179916.50797024558,4,825.4344850915504,荒川
葛飾区|新宿5丁目,179916.50797024558,4,308.73333635337923,荒川
葛飾区|新宿5丁目,179916.50797024558,4,26.542936118872486,荒川
葛飾区|新宿6丁目,420826.09304174373,1,8909.793499613634,荒川
葛飾区|新宿6丁目,420826.09304174373,1,1098.3849854726884,荒川
葛飾区|新宿6丁目,420826.09304174373,1,4025.9692763404632,荒川
葛飾区|新宿6丁目,420826.09304174373,1,469.3589004042929,荒川
葛飾区|新宿6丁目,420826.09304174373,1,629.6653688819508,荒川
葛飾区|新宿6丁目,420826.09304174373,1,650.9853964963845,荒川
葛飾区|新宿6丁目,420826.09304174373,1,11999.57367627541,荒川
葛飾区|新宿6丁目,420826.09304174373,1,392.667170907893,荒川
葛飾区|新宿6丁目,420826.09304174373,1,130.19023502268544,荒川
葛飾区|新宿6丁目,420826.09304174373,1,729.9586172987335,荒川
葛飾区|新宿6丁目,420826.09304174373,2,352116.9841119609,荒川
葛飾区|新宿6丁目,420826.09304174373,2,26.541515916850916,荒川
葛飾区|新宿6丁目,420826.09304174373,3,953.3472779109626,荒川
葛飾区|新宿6丁目,420826.09304174373,3,216.74643347113698,荒川
葛飾区|新宿6丁目,420826.09304174373,3,339.8068101025582,荒川
葛飾区|新宿6丁目,420826.09304174373,4,277.8099041780433,荒川
葛飾区|西亀有1丁目,235962.04810395555,3,235962.04810395555,荒川
葛飾区|西亀有2丁目,275620.27364348026,3,275571.69644704834,荒川
葛飾区|西亀有2丁目,275620.27364348026,4,31.381105678811153,荒川
葛飾区|西亀有2丁目,275620.27364348026,4,17.196090753182176,荒川
葛飾区|西亀有3丁目,239651.70551046226,3,239651.70551046229,荒川
葛飾区|西亀有4丁目,137990.23966166456,3,137990.2396616645,荒川
葛飾区|西新小岩1丁目,201984.9241656675,2,97874.44987060317,荒川
葛飾区|西新小岩1丁目,201984.9241656675,2,0.002324517155929072,荒川
葛飾区|西新小岩1丁目,201984.9241656675,3,2980.4892394817425,荒川
葛飾区|西新小岩1丁目,201984.9241656675,3,32444.800037257017,荒川
葛飾区|西新小岩1丁目,201984.9241656675,3,26.13819495652038,荒川
葛飾区|西新小岩1丁目,201984.9241656675,3,79.25805809850368,荒川
葛飾区|西新小岩1丁目,201984.9241656675,3,25.92753547720365,荒川
葛飾区|西新小岩1丁目,201984.9241656675,3,26.559927971195492,荒川
葛飾区|西新小岩1丁目,201984.9241656675,3,53.12053666356542,荒川
葛飾区|西新小岩1丁目,201984.9241656675,3,10.584251290643039,荒川
葛飾区|西新小岩1丁目,201984.9241656675,3,52.6982858038239,荒川
葛飾区|西新小岩1丁目,201984.9241656675,4,584.4516436815175,荒川
葛飾区|西新小岩1丁目,201984.9241656675,4,366.7922927901154,荒川
葛飾区|西新小岩1丁目,201984.9241656675,4,182.7742411336403,荒川
葛飾区|西新小岩1丁目,201984.9241656675,4,26.55939698682429,荒川
葛飾区|西新小岩2丁目,239515.94226211886,2,9565.506761595452,荒川
葛飾区|西新小岩2丁目,239515.94226211886,2,4522.9546267388805,荒川
葛飾区|西新小岩2丁目,239515.94226211886,2,1776.85800685826,荒川
葛飾区|西新小岩2丁目,239515.94226211886,2,157.45566216291934,荒川
葛飾区|西新小岩2丁目,239515.94226211886,2,51.4425385271752,荒川
葛飾区|西新小岩2丁目,239515.94226211886,2,496.4379248055554,荒川
葛飾区|西新小岩2丁目,239515.94226211886,2,2351.3022501074283,荒川
葛飾区|西新小岩2丁目,239515.94226211886,2,5620.434171744404,荒川
葛飾区|西新小岩2丁目,239515.94226211886,2,312.0002928001903,荒川
葛飾区|西新小岩2丁目,239515.94226211886,2,630.071146791823,荒川
葛飾区|西新小岩2丁目,239515.94226211886,2,1569.001872651597,荒川
葛飾区|西新小岩2丁目,239515.94226211886,2,157.88240408226437,荒川
葛飾区|西新小岩2丁目,239515.94226211886,2,625.8885375873467,荒川
葛飾区|西新小岩2丁目,239515.94226211886,2,5299.911696427969,荒川
葛飾区|西新小岩2丁目,239515.94226211886,2,2774.8232889539986,荒川
葛飾区|西新小岩2丁目,239515.94226211886,2,651.4144941133089,荒川
葛飾区|西新小岩2丁目,239515.94226211886,3,67428.77155059669,荒川
葛飾区|西新小岩2丁目,239515.94226211886,3,732.5454389527146,荒川
葛飾区|西新小岩2丁目,239515.94226211886,3,25.51586902251931,荒川
葛飾区|西新小岩2丁目,239515.94226211886,3,26.559818615107382,荒川
葛飾区|西新小岩2丁目,239515.94226211886,3,706.6187727807044,荒川
葛飾区|西新小岩2丁目,239515.94226211886,3,26.138261037992788,荒川
葛飾区|西新小岩2丁目,239515.94226211886,3,26.138301361477204,荒川
葛飾区|西新小岩2丁目,239515.94226211886,3,104.77293626570554,荒川
葛飾区|西新小岩2丁目,239515.94226211886,3,836.8966196817993,荒川
葛飾区|西新小岩2丁目,239515.94226211886,3,26.559477358853435,荒川
葛飾区|西新小岩2丁目,239515.94226211886,3,782.9368211910146,荒川
葛飾区|西新小岩2丁目,239515.94226211886,3,651.4048871256971,荒川
葛飾区|西新小岩2丁目,239515.94226211886,3,104.14089673681875,荒川
葛飾区|西新小岩2丁目,239515.94226211886,3,14.931666784638061,荒川
葛飾区|西新小岩2丁目,239515.94226211886,3,26.559851850455367,荒川
葛飾区|西新小岩2丁目,239515.94226211886,3,25.92729537581872,荒川
葛飾区|西新小岩2丁目,239515.94226211886,3,103.7198831554383,荒川
葛飾区|西新小岩2丁目,239515.94226211886,3,26.13809977614315,荒川
葛飾区|西新小岩2丁目,239515.94226211886,3,26.13835084500485,荒川
葛飾区|西新小岩2丁目,239515.94226211886,3,26.559947517421875,荒川
葛飾区|西新小岩2丁目,239515.94226211886,3,78.21372029978443,荒川
葛飾区|西新小岩3丁目,520211.6828142921,2,651.3536214930647,荒川
葛飾区|西新小岩3丁目,520211.6828142921,2,377.1562611110396,荒川
葛飾区|西新小岩3丁目,520211.6828142921,3,244484.8880633295,荒川
葛飾区|西新小岩3丁目,520211.6828142921,3,26.55744381945622,荒川
葛飾区|西新小岩3丁目,520211.6828142921,3,0.12689344182672166,荒川
葛飾区|西新小岩3丁目,520211.6828142921,4,406.16418431213265,荒川
葛飾区|西新小岩3丁目,520211.6828142921,4,26.13577624007505,荒川
葛飾区|西新小岩3丁目,520211.6828142921,4,367.5984866101005,荒川
葛飾区|西新小岩3丁目,520211.6828142921,4,104.96494662229598,荒川
葛飾区|西新小岩3丁目,520211.6828142921,4,313.01965136559045,荒川
葛飾区|西新小岩3丁目,520211.6828142921,4,25.925302882855632,荒川
葛飾区|西新小岩3丁目,520211.6828142921,4,26.13588367849905,荒川
葛飾区|西新小岩3丁目,520211.6828142921,4,52.69355173812341,荒川
葛飾区|西新小岩3丁目,520211.6828142921,4,77.57510439903648,荒川
葛飾区|西新小岩3丁目,520211.6828142921,4,4389.280497467958,荒川
葛飾区|西新小岩3丁目,520211.6828142921,4,232.7257989690975,荒川
葛飾区|西新小岩3丁目,520211.6828142921,4,26.557209704775175,荒川
葛飾区|西新小岩3丁目,520211.6828142921,4,25.51391146868061,荒川
葛飾区|西新小岩3丁目,520211.6828142921,4,524.8513427657957,荒川
葛飾区|西新小岩3丁目,520211.6828142921,4,26.557593818101545,荒川
葛飾区|西新小岩3丁目,520211.6828142921,4,79.04087216699274,荒川
葛飾区|西新小岩3丁目,520211.6828142921,4,26.557689577778063,荒川
葛飾区|西新小岩3丁目,520211.6828142921,4,26.136179218552975,荒川
葛飾区|西新小岩3丁目,520211.6828142921,4,576.5066364146968,荒川
葛飾区|西新小岩3丁目,520211.6828142921,4,26.558085603465962,荒川
葛飾区|西新小岩3丁目,520211.6828142921,4,25.514374197873032,荒川
葛飾区|西新小岩3丁目,520211.6828142921,4,234.6207687750787,荒川
葛飾区|西新小岩3丁目,520211.6828142921,4,25.51484624071272,荒川
葛飾区|西新小岩3丁目,520211.6828142921,4,680.0310998909241,荒川
葛飾区|西新小岩3丁目,520211.6828142921,4,78.62346922363612,荒川
葛飾区|西新小岩4丁目,267675.862083076,2,5268.981498317318,荒川
葛飾区|西新小岩4丁目,267675.862083076,2,627.7481664191016,荒川
葛飾区|西新小岩4丁目,267675.862083076,2,706.5831781160529,荒川
葛飾区|西新小岩4丁目,267675.862083076,2,444.7894175045592,荒川
葛飾区|西新小岩4丁目,267675.862083076,3,260579.7035453664,荒川
葛飾区|西新小岩4丁目,267675.862083076,3,22.129699965489195,荒川
葛飾区|西新小岩4丁目,267675.862083076,3,25.92657738692781,荒川
葛飾区|西新小岩5丁目,287407.260010954,2,16748.454799274277,荒川
葛飾区|西新小岩5丁目,287407.260010954,2,2033.0624588886212,荒川
葛飾区|西新小岩5丁目,287407.260010954,2,602.3984519016603,荒川
葛飾区|西新小岩5丁目,287407.260010954,2,461.3840099818871,荒川
葛飾区|西新小岩5丁目,287407.260010954,2,376.28404486146724,荒川
葛飾区|西新小岩5丁目,287407.260010954,2,2233.0872027934606,荒川
葛飾区|西新小岩5丁目,287407.260010954,2,365.91758540401776,荒川
葛飾区|西新小岩5丁目,287407.260010954,3,261984.11380356588,荒川
葛飾区|西新小岩5丁目,287407.260010954,4,51.437780427950045,荒川
葛飾区|西新小岩5丁目,287407.260010954,4,25.924537626715857,荒川
葛飾区|西新小岩5丁目,287407.260010954,4,208.88279924424006,荒川
葛飾区|西新小岩5丁目,287407.260010954,4,288.9751468338197,荒川
葛飾区|西新小岩5丁目,287407.260010954,4,130.47690244676298,荒川
葛飾区|西新小岩5丁目,287407.260010954,4,969.5887190056665,荒川
葛飾区|西新小岩5丁目,287407.260010954,4,25.51351809569984,荒川
葛飾区|西新小岩5丁目,287407.260010954,4,822.9298131229107,荒川
葛飾区|西新小岩5丁目,287407.260010954,4,78.82855776742159,荒川
葛飾区|西水元1丁目,259526.58786631768,1,5505.603145349411,荒川
葛飾区|西水元1丁目,259526.58786631768,1,3080.3224159329275,荒川
葛飾区|西水元1丁目,259526.58786631768,1,2038.750190003299,荒川
葛飾区|西水元1丁目,259526.58786631768,1,367.5498808079605,荒川
葛飾区|西水元1丁目,259526.58786631768,2,243012.2429049032,荒川
葛飾区|西水元1丁目,259526.58786631768,2,26.11642638867088,荒川
葛飾区|西水元1丁目,259526.58786631768,3,5000.589424065962,荒川
葛飾区|西水元1丁目,259526.58786631768,3,26.538156695999188,荒川
葛飾区|西水元1丁目,259526.58786631768,3,26.116412832772134,荒川
葛飾区|西水元1丁目,259526.58786631768,3,103.22232480399802,荒川
葛飾区|西水元1丁目,259526.58786631768,3,26.53786969203282,荒川
葛飾区|西水元1丁目,259526.58786631768,3,312.9984569172599,荒川
葛飾区|西水元2丁目,239747.399124724,2,239616.1850254199,荒川
葛飾区|西水元2丁目,239747.399124724,3,131.2140993041021,荒川
葛飾区|西水元3丁目,361463.7320196493,2,361012.13925450906,荒川
葛飾区|西水元3丁目,361463.7320196493,3,451.59276514036355,荒川
葛飾区|西水元4丁目,214980.01534701016,1,260.8810083377821,荒川
葛飾区|西水元4丁目,214980.01534701016,1,156.4873441660426,荒川
葛飾区|西水元4丁目,214980.01534701016,1,804.2640319472357,荒川
葛飾区|西水元4丁目,214980.01534701016,1,1278.1586440512851,荒川
葛飾区|西水元4丁目,214980.01534701016,1,234.82837546294343,荒川
葛飾区|西水元4丁目,214980.01534701016,1,26.113198405646344,荒川
葛飾区|西水元4丁目,214980.01534701016,1,131.19853839976312,荒川
葛飾区|西水元4丁目,214980.01534701016,1,808.7291865792546,荒川
葛飾区|西水元4丁目,214980.01534701016,1,390.479414721996,荒川
葛飾区|西水元4丁目,214980.01534701016,2,206077.24002308876,荒川
葛飾区|西水元4丁目,214980.01534701016,3,26.112633357634557,荒川
葛飾区|西水元4丁目,214980.01534701016,3,51.39318381528519,荒川
葛飾区|西水元4丁目,214980.01534701016,3,26.112363032308323,荒川
葛飾区|西水元4丁目,214980.01534701016,3,51.39326287759794,荒川
葛飾区|西水元4丁目,214980.01534701016,3,25.902306707784405,荒川
葛飾区|西水元4丁目,214980.01534701016,3,26.534097700999936,荒川
葛飾区|西水元4丁目,214980.01534701016,3,26.5341249577425,荒川
葛飾区|西水元4丁目,214980.01534701016,3,51.60498359781614,荒川
葛飾区|西水元5丁目,114460.45772663606,2,114460.45772663604,荒川
葛飾区|西水元6丁目,216994.716508254,1,392.3668652408097,荒川
葛飾区|西水元6丁目,216994.716508254,1,7.547827033643306,荒川
葛飾区|西水元6丁目,216994.716508254,1,78.14024771491997,荒川
葛飾区|西水元6丁目,216994.716508254,1,1.6784448170621533,荒川
葛飾区|西水元6丁目,216994.716508254,1,260.7372447129322,荒川
葛飾区|西水元6丁目,216994.716508254,1,259.60401082632643,荒川
葛飾区|西水元6丁目,216994.716508254,1,656.0310369416245,荒川
葛飾区|西水元6丁目,216994.716508254,1,311.7268431688382,荒川
葛飾区|西水元6丁目,216994.716508254,1,182.8099617995802,荒川
葛飾区|西水元6丁目,216994.716508254,1,51.396327126119296,荒川
葛飾区|西水元6丁目,216994.716508254,2,169989.80737596875,荒川
葛飾区|西水元6丁目,216994.716508254,2,104.04595031520796,荒川
葛飾区|東金町1丁目,215553.79495472118,1,210.43818879422292,荒川
葛飾区|東金町1丁目,215553.79495472118,1,417.7471940729772,荒川
葛飾区|東金町1丁目,215553.79495472118,1,104.90382118459932,荒川
葛飾区|東金町1丁目,215553.79495472118,1,5405.854862303864,荒川
葛飾区|東金町1丁目,215553.79495472118,1,2611.0179723872466,荒川
葛飾区|東金町1丁目,215553.79495472118,1,2848.089394245227,荒川
葛飾区|東金町1丁目,215553.79495472118,1,226.99695013442135,荒川
葛飾区|東金町1丁目,215553.79495472118,1,732.2447347510814,荒川
葛飾区|東金町1丁目,215553.79495472118,1,53.08291940631315,荒川
葛飾区|東金町1丁目,215553.79495472118,1,599.1267295033815,荒川
葛飾区|東金町1丁目,215553.79495472118,1,574.47443523889,荒川
葛飾区|東金町1丁目,215553.79495472118,1,261.4235057520935,荒川
葛飾区|東金町1丁目,215553.79495472118,1,313.88434923680575,荒川
葛飾区|東金町1丁目,215553.79495472118,1,16124.54450788116,荒川
葛飾区|東金町1丁目,215553.79495472118,1,3195.017116682073,荒川
葛飾区|東金町1丁目,215553.79495472118,2,163828.41669753203,荒川
葛飾区|東金町1丁目,215553.79495472118,2,25.909991029607752,荒川
葛飾区|東金町1丁目,215553.79495472118,2,53.0842160544054,荒川
葛飾区|東金町1丁目,215553.79495472118,2,26.542119868124107,荒川
葛飾区|東金町1丁目,215553.79495472118,2,25.498852506416874,荒川
葛飾区|東金町1丁目,215553.79495472118,2,78.5736021180696,荒川
葛飾区|東金町1丁目,215553.79495472118,2,25.498052000624543,荒川
葛飾区|東金町1丁目,215553.79495472118,3,122.4283204923271,荒川
葛飾区|東金町1丁目,215553.79495472118,4,81.27822526558478,荒川
