key,town_area,A31a_205,a,river
葛飾区|東金町2丁目,188750.27469114715,2,188750.27469114712,荒川
葛飾区|東金町3丁目,162984.53708233222,1,10570.756962234158,荒川
葛飾区|東金町3丁目,162984.53708233222,1,547.4973197713591,荒川
葛飾区|東金町3丁目,162984.53708233222,1,77.52620070869995,荒川
葛飾区|東金町3丁目,162984.53708233222,1,51.61889864841531,荒川
葛飾区|東金町3丁目,162984.53708233222,1,208.3522954916712,荒川
葛飾区|東金町3丁目,162984.53708233222,1,1515.091398999993,荒川
葛飾区|東金町3丁目,162984.53708233222,1,418.7901211319687,荒川
葛飾区|東金町3丁目,162984.53708233222,1,366.7506094094388,荒川
葛飾区|東金町3丁目,162984.53708233222,1,390.98559801909937,荒川
葛飾区|東金町3丁目,162984.53708233222,1,416.4993249422539,荒川
葛飾区|東金町3丁目,162984.53708233222,1,1045.1049858639278,荒川
葛飾区|東金町3丁目,162984.53708233222,1,417.1184903181994,荒川
葛飾区|東金町3丁目,162984.53708233222,1,443.86213223988193,荒川
葛飾区|東金町3丁目,162984.53708233222,1,315.1380285834163,荒川
葛飾区|東金町3丁目,162984.53708233222,1,1461.572817104694,荒川
葛飾区|東金町3丁目,162984.53708233222,1,10354.10587573372,荒川
葛飾区|東金町3丁目,162984.53708233222,2,125500.80941348635,荒川
葛飾区|東金町3丁目,162984.53708233222,2,26.120266727012297,荒川
葛飾区|東金町3丁目,162984.53708233222,2,131.2339215966163,荒川
葛飾区|東金町3丁目,162984.53708233222,2,545.8401943901491,荒川
葛飾区|東金町3丁目,162984.53708233222,2,25.498564888547698,荒川
葛飾区|東金町3丁目,162984.53708233222,2,51.619698298315384,荒川
葛飾区|東金町3丁目,162984.53708233222,2,26.120938782418744,荒川
葛飾区|東金町3丁目,162984.53708233222,2,47.14400075144626,荒川
葛飾区|東金町3丁目,162984.53708233222,2,6.326703226944341,荒川
葛飾区|東金町4丁目,202420.13194508658,1,43065.57952913814,荒川
葛飾区|東金町4丁目,202420.13194508658,1,1775.800403979523,荒川
葛飾区|東金町4丁目,202420.13194508658,1,1306.2521164980158,荒川
葛飾区|東金町4丁目,202420.13194508658,1,2136.8955968557543,荒川
葛飾区|東金町4丁目,202420.13194508658,1,77.9460268175045,荒川
葛飾区|東金町4丁目,202420.13194508658,1,26.54073360020449,荒川
葛飾区|東金町4丁目,202420.13194508658,1,392.4352306790181,荒川
葛飾区|東金町4丁目,202420.13194508658,1,26.54091183103689,荒川
葛飾区|東金町4丁目,202420.13194508658,1,443.85217496500525,荒川
葛飾区|東金町4丁目,202420.13194508658,1,363.39570480300375,荒川
葛飾区|東金町4丁目,202420.13194508658,1,912.5800366004086,荒川
葛飾区|東金町4丁目,202420.13194508658,1,26.11987211223736,荒川
葛飾区|東金町4丁目,202420.13194508658,1,731.1959505287872,荒川
葛飾区|東金町4丁目,202420.13194508658,2,134700.67257027698,荒川
葛飾区|東金町4丁目,202420.13194508658,2,26.119097975881246,荒川
葛飾区|東金町4丁目,202420.13194508658,2,104.69893461843449,荒川
葛飾区|東金町4丁目,202420.13194508658,2,52.44936760212283,荒川
葛飾区|東金町4丁目,202420.13194508658,2,77.73681017348767,荒川
葛飾区|東金町4丁目,202420.13194508658,2,26.119621929001713,荒川
葛飾区|東金町4丁目,202420.13194508658,2,25.497944854568797,荒川
葛飾区|東金町4丁目,202420.13194508658,2,78.7802578494414,荒川
葛飾区|東金町5丁目,330706.5822663147,1,78.15349636383345,荒川
葛飾区|東金町5丁目,330706.5822663147,1,26.11805103524062,荒川
葛飾区|東金町5丁目,330706.5822663147,1,3837.9633576295955,荒川
葛飾区|東金町5丁目,330706.5822663147,1,495.85528423801804,荒川
葛飾区|東金町5丁目,330706.5822663147,1,128.5149318429875,荒川
葛飾区|東金町5丁目,330706.5822663147,1,781.9324479131237,荒川
葛飾区|東金町5丁目,330706.5822663147,1,392.8468064837078,荒川
葛飾区|東金町5丁目,330706.5822663147,1,550.4027944619742,荒川
葛飾区|東金町5丁目,330706.5822663147,1,549.1471578984364,荒川
葛飾区|東金町5丁目,330706.5822663147,1,653.0001568569094,荒川
葛飾区|東金町5丁目,330706.5822663147,1,339.9814066259303,荒川
葛飾区|東金町5丁目,330706.5822663147,1,1564.5023596817273,荒川
葛飾区|東金町5丁目,330706.5822663147,1,13859.259359906628,荒川
葛飾区|東金町5丁目,330706.5822663147,1,7891.41227092264,荒川
葛飾区|東金町5丁目,330706.5822663147,1,9789.124517031345,荒川
葛飾区|東金町5丁目,330706.5822663147,1,233.1932552700385,荒川
葛飾区|東金町5丁目,330706.5822663147,1,6225.593205319721,荒川
葛飾区|東金町5丁目,330706.5822663147,1,2248.14294532876,荒川
葛飾区|東金町5丁目,330706.5822663147,1,288.5689702410961,荒川
葛飾区|東金町5丁目,330706.5822663147,1,51.613481054912725,荒川
葛飾区|東金町5丁目,330706.5822663147,1,3293.151162833038,荒川
葛飾区|東金町5丁目,330706.5822663147,1,0.4212540561986722,荒川
葛飾区|東金町5丁目,330706.5822663147,1,286.4839480126488,荒川
葛飾区|東金町5丁目,330706.5822663147,1,26.11784914940661,荒川
葛飾区|東金町5丁目,330706.5822663147,1,1229.079805100855,荒川
葛飾区|東金町5丁目,330706.5822663147,1,181.5821415440474,荒川
葛飾区|東金町5丁目,330706.5822663147,1,1.011497523149169,荒川
葛飾区|東金町5丁目,330706.5822663147,1,104.06055017437691,荒川
葛飾区|東金町5丁目,330706.5822663147,1,1617.1232995287235,荒川
葛飾区|東金町5丁目,330706.5822663147,1,1803.9343842882952,荒川
葛飾区|東金町5丁目,330706.5822663147,1,365.2616648585751,荒川
葛飾区|東金町5丁目,330706.5822663147,1,4391.050500418841,荒川
葛飾区|東金町5丁目,330706.5822663147,2,193162.6314617436,荒川
葛飾区|東金町5丁目,330706.5822663147,2,156.92582248710843,荒川
葛飾区|東金町5丁目,330706.5822663147,2,26.117895270324937,荒川
葛飾区|東金町5丁目,330706.5822663147,2,26.117936729177455,荒川
葛飾区|東金町5丁目,330706.5822663147,2,25.90711251516559,荒川
葛飾区|東金町5丁目,330706.5822663147,2,26.11776638678891,荒川
葛飾区|東金町5丁目,330706.5822663147,2,26.539047880169733,荒川
葛飾区|東金町5丁目,330706.5822663147,2,25.49596720871768,荒川
葛飾区|東金町5丁目,330706.5822663147,2,25.495967870199514,荒川
葛飾区|東金町5丁目,330706.5822663147,2,415.62042836140114,荒川
葛飾区|東金町5丁目,330706.5822663147,2,25.90739211059104,荒川
葛飾区|東金町5丁目,330706.5822663147,2,26.11812932644156,荒川
葛飾区|東金町5丁目,330706.5822663147,2,26.539626398656537,荒川
葛飾区|東金町6丁目,206925.71316181237,1,5831.174621215244,荒川
葛飾区|東金町6丁目,206925.71316181237,1,52.44944407853208,荒川
葛飾区|東金町6丁目,206925.71316181237,1,17014.392764421165,荒川
葛飾区|東金町6丁目,206925.71316181237,1,941.2095238042392,荒川
葛飾区|東金町6丁目,206925.71316181237,1,1121.3315255615482,荒川
葛飾区|東金町6丁目,206925.71316181237,1,25.497819050400395,荒川
葛飾区|東金町6丁目,206925.71316181237,1,551.0637998893044,荒川
葛飾区|東金町6丁目,206925.71316181237,1,210.01170059917754,荒川
葛飾区|東金町6丁目,206925.71316181237,1,653.0348559707107,荒川
葛飾区|東金町6丁目,206925.71316181237,1,347.9055199451866,荒川
葛飾区|東金町6丁目,206925.71316181237,2,8612.254985063097,荒川
葛飾区|東金町6丁目,206925.71316181237,2,5.097579588846726,荒川
葛飾区|東金町6丁目,206925.71316181237,2,25.49754425500672,荒川
葛飾区|東金町6丁目,206925.71316181237,2,52.23859901366364,荒川
葛飾区|東金町6丁目,206925.71316181237,2,52.449981466574116,荒川
葛飾区|東金町6丁目,206925.71316181237,2,26.54071438523721,荒川
葛飾区|東金町7丁目,416423.56860201753,1,0.0006519625962316801,荒川
葛飾区|東金町7丁目,416423.56860201753,1,912.7419585571696,荒川
葛飾区|東金町7丁目,416423.56860201753,1,52.65835872281579,荒川
葛飾区|東金町7丁目,416423.56860201753,1,13322.797559498342,荒川
葛飾区|東金町7丁目,416423.56860201753,1,443.0017937227439,荒川
葛飾区|東金町7丁目,416423.56860201753,1,604.3385378661303,荒川
葛飾区|東金町7丁目,416423.56860201753,1,630.0235373298633,荒川
葛飾区|東金町7丁目,416423.56860201753,1,654.0466393726607,荒川
葛飾区|東金町7丁目,416423.56860201753,1,1777.0344273185972,荒川
葛飾区|東金町7丁目,416423.56860201753,1,3636.4298247391002,荒川
葛飾区|東金町7丁目,416423.56860201753,1,2060.4059985025597,荒川
葛飾区|東金町7丁目,416423.56860201753,1,650.2996753668891,荒川
葛飾区|東金町7丁目,416423.56860201753,1,1434.55656351732,荒川
葛飾区|東金町7丁目,416423.56860201753,1,808.2774258182193,荒川
葛飾区|東金町7丁目,416423.56860201753,1,784.0339829247562,荒川
葛飾区|東金町7丁目,416423.56860201753,1,77.73553439589955,荒川
葛飾区|東金町7丁目,416423.56860201753,1,25.497041345007638,荒川
葛飾区|東金町7丁目,416423.56860201753,1,26.11939069196867,荒川
葛飾区|東金町7丁目,416423.56860201753,1,574.852749970489,荒川
葛飾区|東金町7丁目,416423.56860201753,1,2481.02610080858,荒川
葛飾区|東金町7丁目,416423.56860201753,1,338.7387836371872,荒川
葛飾区|東金町7丁目,416423.56860201753,1,992.1835662142669,荒川
葛飾区|東金町7丁目,416423.56860201753,1,155.4690421716482,荒川
葛飾区|東金町7丁目,416423.56860201753,1,40298.12818352897,荒川
葛飾区|東金町7丁目,416423.56860201753,2,37691.22061077081,荒川
葛飾区|東金町7丁目,416423.56860201753,2,26.118493540211578,荒川
葛飾区|東金町7丁目,416423.56860201753,2,51.615849278739546,荒川
葛飾区|東金町7丁目,416423.56860201753,2,25.908234393705868,荒川
葛飾区|東金町7丁目,416423.56860201753,2,26.540253192953397,荒川
葛飾区|東金町7丁目,416423.56860201753,2,25.4971119246278,荒川
葛飾区|東金町7丁目,416423.56860201753,2,26.119046328391626,荒川
葛飾区|東金町7丁目,416423.56860201753,2,26.54033499384838,荒川
葛飾区|東金町7丁目,416423.56860201753,2,524.5102770961851,荒川
葛飾区|東金町7丁目,416423.56860201753,2,25.497268373884125,荒川
葛飾区|東金町7丁目,416423.56860201753,2,25.4973476638989,荒川
葛飾区|東金町7丁目,416423.56860201753,2,26.54056649610683,荒川
葛飾区|東金町7丁目,416423.56860201753,2,26.119301246475693,荒川
葛飾区|東金町7丁目,416423.56860201753,2,51.61712720287796,荒川
葛飾区|東金町7丁目,416423.56860201753,2,77.94788604161027,荒川
葛飾区|東金町7丁目,416423.56860201753,2,365.2866385130936,荒川
葛飾区|東新小岩1丁目,223812.1558257188,2,151365.22057154035,荒川
葛飾区|東新小岩1丁目,223812.1558257188,2,25.926544594351064,荒川
葛飾区|東新小岩1丁目,223812.1558257188,3,69021.28730448877,荒川
葛飾区|東新小岩1丁目,223812.1558257188,3,575.8805751916694,荒川
葛飾区|東新小岩1丁目,223812.1558257188,3,1488.8318072724537,荒川
葛飾区|東新小岩1丁目,223812.1558257188,3,6.16648051151999,荒川
葛飾区|東新小岩1丁目,223812.1558257188,3,5.071125827607841,荒川
葛飾区|東新小岩1丁目,223812.1558257188,3,3.985055768083261,荒川
葛飾区|東新小岩1丁目,223812.1558257188,3,26.136611708693536,荒川
葛飾区|東新小岩1丁目,223812.1558257188,3,52.69507362659541,荒川
葛飾区|東新小岩1丁目,223812.1558257188,3,53.11664620555585,荒川
葛飾区|東新小岩1丁目,223812.1558257188,3,26.558251711155293,荒川
葛飾区|東新小岩1丁目,223812.1558257188,3,52.274654848021044,荒川
葛飾区|東新小岩1丁目,223812.1558257188,4,1109.0058524818328,荒川
葛飾区|東新小岩2丁目,193075.68386803972,2,3237.803665133716,荒川
葛飾区|東新小岩2丁目,193075.68386803972,2,9699.399206424674,荒川
葛飾区|東新小岩2丁目,193075.68386803972,2,76224.36597402453,荒川
葛飾区|東新小岩2丁目,193075.68386803972,2,1779.1601480106003,荒川
葛飾区|東新小岩2丁目,193075.68386803972,2,680.3874972999633,荒川
葛飾区|東新小岩2丁目,193075.68386803972,2,3448.849286038152,荒川
葛飾区|東新小岩2丁目,193075.68386803972,2,4027.1588698444234,荒川
葛飾区|東新小岩2丁目,193075.68386803972,2,497.23087562028746,荒川
葛飾区|東新小岩2丁目,193075.68386803972,2,420.91504075368437,荒川
葛飾区|東新小岩2丁目,193075.68386803972,2,3.1777606253346473,荒川
葛飾区|東新小岩2丁目,193075.68386803972,3,90916.62965143108,荒川
葛飾区|東新小岩2丁目,193075.68386803972,3,52.48028664316806,荒川
葛飾区|東新小岩2丁目,193075.68386803972,3,25.923904334907434,荒川
葛飾区|東新小岩2丁目,193075.68386803972,3,26.13468118705495,荒川
葛飾区|東新小岩2丁目,193075.68386803972,3,52.48016645733421,荒川
葛飾区|東新小岩2丁目,193075.68386803972,3,26.556467136871184,荒川
葛飾区|東新小岩2丁目,193075.68386803972,3,26.134976617499156,荒川
葛飾区|東新小岩2丁目,193075.68386803972,3,2.5874145060761506,荒川
葛飾区|東新小岩2丁目,193075.68386803972,3,230.83483643523175,荒川
葛飾区|東新小岩2丁目,193075.68386803972,3,52.27143701109706,荒川
葛飾区|東新小岩2丁目,193075.68386803972,3,77.57407767753787,荒川
葛飾区|東新小岩2丁目,193075.68386803972,3,1541.0710428048576,荒川
葛飾区|東新小岩2丁目,193075.68386803972,3,26.55728510760955,荒川
葛飾区|東新小岩3丁目,105255.71846010286,2,57357.55725190799,荒川
葛飾区|東新小岩3丁目,105255.71846010286,2,78.20724290547086,荒川
葛飾区|東新小岩3丁目,105255.71846010286,2,522.128636673292,荒川
葛飾区|東新小岩3丁目,105255.71846010286,2,418.4078463229695,荒川
葛飾区|東新小岩3丁目,105255.71846010286,2,79.04022493604903,荒川
葛飾区|東新小岩3丁目,105255.71846010286,2,2695.2991976696217,荒川
葛飾区|東新小岩3丁目,105255.71846010286,3,43933.495380690205,荒川
葛飾区|東新小岩3丁目,105255.71846010286,3,4.68335349603,荒川
葛飾区|東新小岩3丁目,105255.71846010286,3,25.925220457950132,荒川
葛飾区|東新小岩3丁目,105255.71846010286,3,26.13621874306082,荒川
葛飾区|東新小岩3丁目,105255.71846010286,3,25.514141173351028,荒川
葛飾区|東新小岩3丁目,105255.71846010286,3,25.925699484784914,荒川
葛飾区|東新小岩3丁目,105255.71846010286,3,20.391777543103107,荒川
葛飾区|東新小岩3丁目,105255.71846010286,3,21.065378646220942,荒川
葛飾区|東新小岩3丁目,105255.71846010286,3,21.940889452645756,荒川
葛飾区|東新小岩4丁目,168315.5736513457,2,1046.9082636512044,荒川
葛飾区|東新小岩4丁目,168315.5736513457,2,628.5709883856673,荒川
葛飾区|東新小岩4丁目,168315.5736513457,2,32058.814267596856,荒川
葛飾区|東新小岩4丁目,168315.5736513457,2,26.134849121701976,荒川
葛飾区|東新小岩4丁目,168315.5736513457,2,498.266100985559,荒川
葛飾区|東新小岩4丁目,168315.5736513457,2,26.134678802725023,荒川
葛飾区|東新小岩4丁目,168315.5736513457,2,416.93078620357744,荒川
葛飾区|東新小岩4丁目,168315.5736513457,2,2251.294856788241,荒川
葛飾区|東新小岩4丁目,168315.5736513457,2,52.26967913968218,荒川
葛飾区|東新小岩4丁目,168315.5736513457,2,1516.0207125664326,荒川
葛飾区|東新小岩4丁目,168315.5736513457,2,6531.493583689408,荒川
葛飾区|東新小岩4丁目,168315.5736513457,2,856.0846547111283,荒川
葛飾区|東新小岩4丁目,168315.5736513457,2,1570.1040912847639,荒川
葛飾区|東新小岩4丁目,168315.5736513457,2,366.33646622229776,荒川
葛飾区|東新小岩4丁目,168315.5736513457,2,8709.689716403202,荒川
葛飾区|東新小岩4丁目,168315.5736513457,2,1046.5310026900256,荒川
葛飾区|東新小岩4丁目,168315.5736513457,2,234.81749435729355,荒川
葛飾区|東新小岩4丁目,168315.5736513457,3,108686.11690711863,荒川
葛飾区|東新小岩4丁目,168315.5736513457,3,650.2160874558926,荒川
葛飾区|東新小岩4丁目,168315.5736513457,3,97.212614797213,荒川
葛飾区|東新小岩4丁目,168315.5736513457,3,182.95643318690674,荒川
葛飾区|東新小岩4丁目,168315.5736513457,3,78.61653864586381,荒川
葛飾区|東新小岩4丁目,168315.5736513457,3,26.55692149312932,荒川
葛飾区|東新小岩4丁目,168315.5736513457,3,25.512923820452308,荒川
葛飾区|東新小岩4丁目,168315.5736513457,3,26.55673916621658,荒川
葛飾区|東新小岩4丁目,168315.5736513457,3,53.113572724662575,荒川
葛飾区|東新小岩4丁目,168315.5736513457,3,182.12445556340325,荒川
葛飾区|東新小岩4丁目,168315.5736513457,3,23.547923400517806,荒川
葛飾区|東新小岩4丁目,168315.5736513457,3,420.504897765791,荒川
葛飾区|東新小岩4丁目,168315.5736513457,3,26.135443607360674,荒川
葛飾区|東新小岩5丁目,138596.6388737319,2,4649.783886176013,荒川
葛飾区|東新小岩5丁目,138596.6388737319,2,394.37438715794036,荒川
葛飾区|東新小岩5丁目,138596.6388737319,2,1461.23372476606,荒川
葛飾区|東新小岩5丁目,138596.6388737319,3,132087.45003195893,荒川
葛飾区|東新小岩5丁目,138596.6388737319,3,3.796843672816091,荒川
葛飾区|東新小岩6丁目,147900.76423275025,2,3635.044212564929,荒川
葛飾区|東新小岩6丁目,147900.76423275025,2,0.02408188220623626,荒川
葛飾区|東新小岩6丁目,147900.76423275025,2,12705.886564772332,荒川
葛飾区|東新小岩6丁目,147900.76423275025,2,1568.3958183634556,荒川
葛飾区|東新小岩6丁目,147900.76423275025,2,967.0452454706739,荒川
葛飾区|東新小岩6丁目,147900.76423275025,2,1908.598736745673,荒川
葛飾区|東新小岩6丁目,147900.76423275025,2,287.29382332691404,荒川
葛飾区|東新小岩6丁目,147900.76423275025,2,1514.2530556950157,荒川
葛飾区|東新小岩6丁目,147900.76423275025,2,813.1378314796578,荒川
葛飾区|東新小岩6丁目,147900.76423275025,2,3424.729275710599,荒川
葛飾区|東新小岩6丁目,147900.76423275025,2,1.7843530766723799,荒川
葛飾区|東新小岩6丁目,147900.76423275025,2,4965.149467773671,荒川
葛飾区|東新小岩6丁目,147900.76423275025,2,10352.088139176854,荒川
葛飾区|東新小岩6丁目,147900.76423275025,2,470.024964546552,荒川
葛飾区|東新小岩6丁目,147900.76423275025,2,651.309135723055,荒川
葛飾区|東新小岩6丁目,147900.76423275025,2,6.0154396795757386,荒川
葛飾区|東新小岩6丁目,147900.76423275025,2,52.27025547972001,荒川
葛飾区|東新小岩6丁目,147900.76423275025,2,1696.321779298185,荒川
葛飾区|東新小岩6丁目,147900.76423275025,2,17.213312021626628,荒川
葛飾区|東新小岩6丁目,147900.76423275025,2,1070.948195613166,荒川
葛飾区|東新小岩6丁目,147900.76423275025,2,17.63621892800193,荒川
葛飾区|東新小岩6丁目,147900.76423275025,2,731.2140368092314,荒川
葛飾区|東新小岩6丁目,147900.76423275025,3,100834.86704349618,荒川
葛飾区|東新小岩6丁目,147900.76423275025,3,26.134942559385244,荒川
葛飾区|東新小岩6丁目,147900.76423275025,3,26.556188903065255,荒川
葛飾区|東新小岩6丁目,147900.76423275025,3,52.481331232094085,荒川
葛飾区|東新小岩6丁目,147900.76423275025,3,51.64793712003419,荒川
葛飾区|東新小岩6丁目,147900.76423275025,3,26.135644406743666,荒川
葛飾区|東新小岩6丁目,147900.76423275025,3,26.557200895079568,荒川
葛飾区|東新小岩7丁目,171718.6329976144,2,0.2741754057762638,荒川
葛飾区|東新小岩7丁目,171718.6329976144,2,3444.6190917936874,荒川
葛飾区|東新小岩7丁目,171718.6329976144,2,521.8991446338474,荒川
葛飾区|東新小岩7丁目,171718.6329976144,2,915.4119456883518,荒川
葛飾区|東新小岩7丁目,171718.6329976144,2,473.8143354462248,荒川
葛飾区|東新小岩7丁目,171718.6329976144,2,3297.7366808870756,荒川
葛飾区|東新小岩7丁目,171718.6329976144,2,3235.573134319637,荒川
葛飾区|東新小岩7丁目,171718.6329976144,2,1671.090720213487,荒川
葛飾区|東新小岩7丁目,171718.6329976144,2,52.481825103036776,荒川
葛飾区|東新小岩7丁目,171718.6329976144,2,8.499434735083732,荒川
葛飾区|東新小岩7丁目,171718.6329976144,2,965.6112915890373,荒川
葛飾区|東新小岩7丁目,171718.6329976144,2,25.924779163449095,荒川
葛飾区|東新小岩7丁目,171718.6329976144,2,2007.5643644496847,荒川
葛飾区|東新小岩7丁目,171718.6329976144,2,469.8398999136454,荒川
葛飾区|東新小岩7丁目,171718.6329976144,2,234.82002789341672,荒川
葛飾区|東新小岩7丁目,171718.6329976144,2,392.47750757271695,荒川
葛飾区|東新小岩7丁目,171718.6329976144,2,26.13568388621137,荒川
葛飾区|東新小岩7丁目,171718.6329976144,2,416.3170941244354,荒川
葛飾区|東新小岩7丁目,171718.6329976144,3,153479.92446707503,荒川
葛飾区|東新小岩7丁目,171718.6329976144,3,52.48197765645013,荒川
葛飾区|東新小岩7丁目,171718.6329976144,3,26.135416069020817,荒川
葛飾区|東新小岩8丁目,202389.48173632447,2,600.2894100757813,荒川
葛飾区|東新小岩8丁目,202389.48173632447,2,573.5325202759888,荒川
葛飾区|東新小岩8丁目,202389.48173632447,2,1593.0671664184651,荒川
葛飾区|東新小岩8丁目,202389.48173632447,2,862.0798659919942,荒川
葛飾区|東新小岩8丁目,202389.48173632447,2,416.50749572712675,荒川
葛飾区|東新小岩8丁目,202389.48173632447,2,1043.358789747459,荒川
葛飾区|東新小岩8丁目,202389.48173632447,2,155.98491871900092,荒川
葛飾区|東新小岩8丁目,202389.48173632447,2,1409.6970125970402,荒川
葛飾区|東新小岩8丁目,202389.48173632447,2,495.33469517174615,荒川
葛飾区|東新小岩8丁目,202389.48173632447,2,0.4114892132288736,荒川
葛飾区|東新小岩8丁目,202389.48173632447,2,418.5973081260887,荒川
葛飾区|東新小岩8丁目,202389.48173632447,2,263.8140127593043,荒川
葛飾区|東新小岩8丁目,202389.48173632447,2,810.0210762477258,荒川
葛飾区|東新小岩8丁目,202389.48173632447,2,470.45738242667016,荒川
葛飾区|東新小岩8丁目,202389.48173632447,2,156.61622035895047,荒川
葛飾区|東新小岩8丁目,202389.48173632447,2,5226.967051573677,荒川
葛飾区|東新小岩8丁目,202389.48173632447,2,1905.0030874530491,荒川
葛飾区|東新小岩8丁目,202389.48173632447,3,185961.81791308068,荒川
葛飾区|東新小岩8丁目,202389.48173632447,3,25.923619477454203,荒川
葛飾区|東立石1丁目,185975.03470405377,2,258.94963256024494,荒川
葛飾区|東立石1丁目,185975.03470405377,2,360.3516953663024,荒川
葛飾区|東立石1丁目,185975.03470405377,2,314.8094973872312,荒川
葛飾区|東立石1丁目,185975.03470405377,2,278.44417674053466,荒川
葛飾区|東立石1丁目,185975.03470405377,3,121966.34518317503,荒川
葛飾区|東立石1丁目,185975.03470405377,3,420.6736679753995,荒川
葛飾区|東立石1丁目,185975.03470405377,3,2248.683810754529,荒川
葛飾区|東立石1丁目,185975.03470405377,3,1.2551352634396917,荒川
葛飾区|東立石1丁目,185975.03470405377,3,2664.7085688188604,荒川
葛飾区|東立石1丁目,185975.03470405377,3,17.78817946664891,荒川
葛飾区|東立石1丁目,185975.03470405377,3,678.8807601620239,荒川
葛飾区|東立石1丁目,185975.03470405377,3,2061.516004502708,荒川
葛飾区|東立石1丁目,185975.03470405377,3,3740.0141473720214,荒川
葛飾区|東立石1丁目,185975.03470405377,4,49706.017365830805,荒川
葛飾区|東立石1丁目,185975.03470405377,4,26.133077463739713,荒川
葛飾区|東立石1丁目,185975.03470405377,4,26.55457884442881,荒川
葛飾区|東立石1丁目,185975.03470405377,4,52.687791595239325,荒川
葛飾区|東立石1丁目,185975.03470405377,4,52.47767400672354,荒川
葛飾区|東立石1丁目,185975.03470405377,4,129.42370590737593,荒川
葛飾区|東立石1丁目,185975.03470405377,4,77.77806423229569,荒川
葛飾区|東立石1丁目,185975.03470405377,4,157.02300229405668,荒川
葛飾区|東立石1丁目,185975.03470405377,4,105.37811642623221,荒川
葛飾区|東立石1丁目,185975.03470405377,4,79.24425137809769,荒川
葛飾区|東立石1丁目,185975.03470405377,4,25.51146419862227,荒川
葛飾区|東立石1丁目,185975.03470405377,4,25.92314520638937,荒川
葛飾区|東立石1丁目,185975.03470405377,4,51.64537881895869,荒川
葛飾区|東立石1丁目,185975.03470405377,4,51.645384001502535,荒川
葛飾区|東立石1丁目,185975.03470405377,4,26.55522013178779,荒川
葛飾区|東立石1丁目,185975.03470405377,4,26.133932978255014,荒川
葛飾区|東立石1丁目,185975.03470405377,4,53.111039059242685,荒川
葛飾区|東立石1丁目,185975.03470405377,4,52.478872625018084,荒川
葛飾区|東立石1丁目,185975.03470405377,4,26.555397560220122,荒川
葛飾区|東立石1丁目,185975.03470405377,4,52.47856408755247,荒川
葛飾区|東立石1丁目,185975.03470405377,4,131.7238348346628,荒川
葛飾区|東立石1丁目,185975.03470405377,4,26.13433575564578,荒川
葛飾区|東立石2丁目,139142.48414391078,3,50555.63302481057,荒川
葛飾区|東立石2丁目,139142.48414391078,3,80.28446982331393,荒川
葛飾区|東立石2丁目,139142.48414391078,3,0.4214921507993196,荒川
葛飾区|東立石2丁目,139142.48414391078,3,0.3773419196903227,荒川
葛飾区|東立石2丁目,139142.48414391078,3,7084.971947488408,荒川
葛飾区|東立石2丁目,139142.48414391078,3,7.823872202246847,荒川
葛飾区|東立石2丁目,139142.48414391078,3,602.1406466365326,荒川
葛飾区|東立石2丁目,139142.48414391078,3,656.5044100116389,荒川
葛飾区|東立石2丁目,139142.48414391078,3,1045.1778004514463,荒川
葛飾区|東立石2丁目,139142.48414391078,3,990.1948212422448,荒川
葛飾区|東立石2丁目,139142.48414391078,3,1124.2111836660722,荒川
葛飾区|東立石2丁目,139142.48414391078,4,76968.6102213375,荒川
葛飾区|東立石2丁目,139142.48414391078,4,26.132912170451352,荒川
葛飾区|東立石3丁目,146460.19106409786,3,37673.84039222211,荒川
葛飾区|東立石3丁目,146460.19106409786,3,3350.752285875433,荒川
葛飾区|東立石3丁目,146460.19106409786,3,26.13189467333634,荒川
葛飾区|東立石3丁目,146460.19106409786,3,103.90526727083706,荒川
葛飾区|東立石3丁目,146460.19106409786,3,52.474809027313576,荒川
葛飾区|東立石3丁目,146460.19106409786,3,603.3780818973946,荒川
葛飾区|東立石3丁目,146460.19106409786,3,1986.385354203643,荒川
葛飾区|東立石3丁目,146460.19106409786,3,1203.6328060785272,荒川
葛飾区|東立石3丁目,146460.19106409786,3,392.21477957983234,荒川
葛飾区|東立石3丁目,146460.19106409786,3,548.1885582338127,荒川
葛飾区|東立石3丁目,146460.19106409786,4,100050.54694422378,荒川
葛飾区|東立石3丁目,146460.19106409786,4,51.64156152454579,荒川
葛飾区|東立石3丁目,146460.19106409786,4,261.12865941712016,荒川
葛飾区|東立石3丁目,146460.19106409786,4,25.921426667243267,荒川
葛飾区|東立石3丁目,146460.19106409786,4,79.02823432479276,荒川
葛飾区|東立石3丁目,146460.19106409786,4,25.510087638898003,荒川
葛飾区|東立石3丁目,146460.19106409786,4,25.510126963319642,荒川
葛飾区|東立石4丁目,280763.4259884794,1,519.9895503613305,荒川
葛飾区|東立石4丁目,280763.4259884794,1,1683.2183618940728,荒川
葛飾区|東立石4丁目,280763.4259884794,2,8683.339107616921,荒川
葛飾区|東立石4丁目,280763.4259884794,2,578.7012415747984,荒川
葛飾区|東立石4丁目,280763.4259884794,2,15245.421650626984,荒川
葛飾区|東立石4丁目,280763.4259884794,2,102.45675295111843,荒川
葛飾区|東立石4丁目,280763.4259884794,3,229701.78373476813,荒川
葛飾区|東立石4丁目,280763.4259884794,3,26.554989118192893,荒川
葛飾区|東堀切1丁目,125277.77721336002,3,120967.91843683999,荒川
葛飾区|東堀切1丁目,125277.77721336002,4,26.127474596725357,荒川
葛飾区|東堀切1丁目,125277.77721336002,4,4127.5865413570955,荒川
葛飾区|東堀切1丁目,125277.77721336002,4,51.42286907234683,荒川
葛飾区|東堀切1丁目,125277.77721336002,4,25.917022331471216,荒川
葛飾区|東堀切1丁目,125277.77721336002,4,52.67711237869026,荒川
葛飾区|東堀切1丁目,125277.77721336002,4,26.127756783726927,荒川
葛飾区|東堀切2丁目,169676.40261048902,3,169467.57810395746,荒川
葛飾区|東堀切2丁目,169676.40261048902,4,130.2228362200304,荒川
葛飾区|東堀切2丁目,169676.40261048902,4,53.09661050721132,荒川
葛飾区|東堀切2丁目,169676.40261048902,4,25.505059804312353,荒川
葛飾区|東堀切3丁目,161799.62946038565,3,161799.62946038568,荒川
葛飾区|東水元1丁目,109512.80795525713,1,2825.35965042536,荒川
葛飾区|東水元1丁目,109512.80795525713,1,207.29327559271525,荒川
葛飾区|東水元1丁目,109512.80795525713,1,755.8178242949156,荒川
葛飾区|東水元1丁目,109512.80795525713,1,1357.808563568657,荒川
葛飾区|東水元1丁目,109512.80795525713,1,1561.3848619028258,荒川
葛飾区|東水元1丁目,109512.80795525713,2,102805.14377947763,荒川
葛飾区|東水元2丁目,246739.48448453678,1,1.674700538563543,荒川
葛飾区|東水元2丁目,246739.48448453678,1,600.9301412591661,荒川
葛飾区|東水元2丁目,246739.48448453678,1,52.23420892858407,荒川
葛飾区|東水元2丁目,246739.48448453678,1,78.77258416006775,荒川
葛飾区|東水元2丁目,246739.48448453678,1,467.63283188661353,荒川
葛飾区|東水元2丁目,246739.48448453678,1,937.7731698383374,荒川
葛飾区|東水元2丁目,246739.48448453678,1,4494.356173426441,荒川
葛飾区|東水元2丁目,246739.48448453678,1,1855.5719964154925,荒川
葛飾区|東水元2丁目,246739.48448453678,1,184.0860808818446,荒川
葛飾区|東水元2丁目,246739.48448453678,1,547.0427802884315,荒川
葛飾区|東水元2丁目,246739.48448453678,1,2588.5265457599467,荒川
葛飾区|東水元2丁目,246739.48448453678,1,601.5747440441748,荒川
葛飾区|東水元2丁目,246739.48448453678,1,2509.3320928108606,荒川
葛飾区|東水元2丁目,246739.48448453678,1,260.7743367203197,荒川
葛飾区|東水元2丁目,246739.48448453678,1,52.03435903537166,荒川
葛飾区|東水元2丁目,246739.48448453678,1,286.8931538784697,荒川
葛飾区|東水元2丁目,246739.48448453678,1,0.2390448448231163,荒川
葛飾区|東水元2丁目,246739.48448453678,1,1254.7785171787655,荒川
葛飾区|東水元2丁目,246739.48448453678,1,521.5541631562786,荒川
葛飾区|東水元2丁目,246739.48448453678,1,935.9200378908034,荒川
葛飾区|東水元2丁目,246739.48448453678,2,212859.31276899317,荒川
葛飾区|東水元2丁目,246739.48448453678,2,53.07679025169726,荒川
葛飾区|東水元3丁目,140115.26973280378,1,1022.6665113773042,荒川
葛飾区|東水元3丁目,140115.26973280378,1,496.01789449668,荒川
葛飾区|東水元3丁目,140115.26973280378,1,209.14629350044598,荒川
葛飾区|東水元3丁目,140115.26973280378,1,155.45402434458438,荒川
葛飾区|東水元3丁目,140115.26973280378,1,25.905548541322297,荒川
葛飾区|東水元3丁目,140115.26973280378,1,550.3556691964765,荒川
葛飾区|東水元3丁目,140115.26973280378,1,236.10066471717334,荒川
葛飾区|東水元3丁目,140115.26973280378,1,0.5933894298806107,荒川
葛飾区|東水元3丁目,140115.26973280378,2,135018.12703087027,荒川
葛飾区|東水元4丁目,147465.89316287477,1,392.1585754858146,荒川
葛飾区|東水元4丁目,147465.89316287477,1,1281.5778402297003,荒川
葛飾区|東水元4丁目,147465.89316287477,1,26.535366381450878,荒川
葛飾区|東水元4丁目,147465.89316287477,1,335.66637105951463,荒川
葛飾区|東水元4丁目,147465.89316287477,1,340.97589917098117,荒川
葛飾区|東水元4丁目,147465.89316287477,1,416.40210308901237,荒川
葛飾区|東水元4丁目,147465.89316287477,1,341.6110132932731,荒川
葛飾区|東水元4丁目,147465.89316287477,1,167.5032256956872,荒川
葛飾区|東水元4丁目,147465.89316287477,1,1344.0608635375938,荒川
葛飾区|東水元4丁目,147465.89316287477,1,25.904507908255784,荒川
葛飾区|東水元4丁目,147465.89316287477,1,677.7849746176412,荒川
葛飾区|東水元4丁目,147465.89316287477,1,52.65160367636814,荒川
葛飾区|東水元4丁目,147465.89316287477,1,887.7767290175489,荒川
葛飾区|東水元4丁目,147465.89316287477,1,77.30350212441789,荒川
葛飾区|東水元4丁目,147465.89316287477,1,200.57780973277627,荒川
葛飾区|東水元4丁目,147465.89316287477,2,135805.46423129662,荒川
葛飾区|東水元4丁目,147465.89316287477,2,78.97797905423805,荒川
葛飾区|東水元5丁目,178669.1882632927,1,4596.197316115704,荒川
葛飾区|東水元5丁目,178669.1882632927,1,1305.5322191652808,荒川
葛飾区|東水元5丁目,178669.1882632927,1,287.6780353856432,荒川
葛飾区|東水元5丁目,178669.1882632927,1,462.4959201093537,荒川
葛飾区|東水元5丁目,178669.1882632927,1,352.7272060419652,荒川
葛飾区|東水元5丁目,178669.1882632927,1,26.534922494798874,荒川
葛飾区|東水元5丁目,178669.1882632927,1,809.5421460391217,荒川
葛飾区|東水元5丁目,178669.1882632927,1,626.7680792414211,荒川
葛飾区|東水元5丁目,178669.1882632927,1,390.0615254357681,荒川
葛飾区|東水元5丁目,178669.1882632927,1,336.52832204281,荒川
葛飾区|東水元5丁目,178669.1882632927,1,1279.2347153103642,荒川
葛飾区|東水元5丁目,178669.1882632927,1,403.47314958065124,荒川
葛飾区|東水元5丁目,178669.1882632927,1,9310.305341568332,荒川
葛飾区|東水元5丁目,178669.1882632927,2,151308.35078167665,荒川
葛飾区|東水元6丁目,82755.87461268534,1,595.5802637259103,荒川
葛飾区|東水元6丁目,82755.87461268534,1,392.1418183177373,荒川
葛飾区|東水元6丁目,82755.87461268534,1,991.1202705118966,荒川
葛飾区|東水元6丁目,82755.87461268534,1,52.647907853459444,荒川
葛飾区|東水元6丁目,82755.87461268534,1,783.8804590985603,荒川
葛飾区|東水元6丁目,82755.87461268534,1,322.6184003801393,荒川
葛飾区|東水元6丁目,82755.87461268534,1,52.4378978031572,荒川
葛飾区|東水元6丁目,82755.87461268534,1,387.1009339202076,荒川
葛飾区|東水元6丁目,82755.87461268534,1,415.55407522468994,荒川
葛飾区|東水元6丁目,82755.87461268534,2,58863.537654694504,荒川
葛飾区|東四つ木1丁目,414050.53686291305,2,58.764225271927316,荒川
葛飾区|東四つ木1丁目,414050.53686291305,2,79.67272802433332,荒川
葛飾区|東四つ木1丁目,414050.53686291305,2,9174.823309998475,荒川
葛飾区|東四つ木1丁目,414050.53686291305,3,205166.00544036343,荒川
葛飾区|東四つ木1丁目,414050.53686291305,3,26.555225256803478,荒川
葛飾区|東四つ木1丁目,414050.53686291305,3,51.64904583080084,荒川
葛飾区|東四つ木1丁目,414050.53686291305,3,26.557449608419866,荒川
葛飾区|東四つ木1丁目,414050.53686291305,3,25.51363571292616,荒川
葛飾区|東四つ木1丁目,414050.53686291305,3,26.557279833873416,荒川
葛飾区|東四つ木1丁目,414050.53686291305,3,26.557279779823297,荒川
葛飾区|東四つ木1丁目,414050.53686291305,3,25.513469313562148,荒川
葛飾区|東四つ木1丁目,414050.53686291305,3,26.557306963628154,荒川
葛飾区|東四つ木1丁目,414050.53686291305,3,79.03968558001435,荒川
葛飾区|東四つ木1丁目,414050.53686291305,3,25.513714388430717,荒川
葛飾区|東四つ木1丁目,414050.53686291305,3,26.136027026447678,荒川
葛飾区|東四つ木1丁目,414050.53686291305,3,25.925262575473536,荒川
葛飾区|東四つ木1丁目,414050.53686291305,3,26.557599682888686,荒川
葛飾区|東四つ木1丁目,414050.53686291305,3,25.925096769557506,荒川
葛飾区|東四つ木1丁目,414050.53686291305,3,26.557429809565768,荒川
葛飾区|東四つ木1丁目,414050.53686291305,3,26.135896849603903,荒川
葛飾区|東四つ木1丁目,414050.53686291305,3,26.136107636325576,荒川
葛飾区|東四つ木1丁目,414050.53686291305,3,651.2261081624364,荒川
葛飾区|東四つ木1丁目,414050.53686291305,4,26.556283414908005,荒川
葛飾区|東四つ木1丁目,414050.53686291305,4,5571.149170437551,荒川
葛飾区|東四つ木1丁目,414050.53686291305,4,130.68570560936,荒川
葛飾区|東四つ木1丁目,414050.53686291305,4,25.512879326897536,荒川
葛飾区|東四つ木1丁目,414050.53686291305,4,26.135802762152494,荒川
葛飾区|東四つ木1丁目,414050.53686291305,4,78.6112598751556,荒川
葛飾区|東四つ木1丁目,414050.53686291305,4,21.352928717197717,荒川
葛飾区|東四つ木1丁目,414050.53686291305,4,26.55519208012356,荒川
葛飾区|東四つ木1丁目,414050.53686291305,4,729.9214406982479,荒川
葛飾区|東四つ木1丁目,414050.53686291305,4,94.38614763256945,荒川
葛飾区|東四つ木1丁目,414050.53686291305,4,443.0527343916573,荒川
葛飾区|東四つ木1丁目,414050.53686291305,4,614.5881646031669,荒川
葛飾区|東四つ木1丁目,414050.53686291305,4,51.64582804096313,荒川
葛飾区|東四つ木1丁目,414050.53686291305,4,25.92329846425444,荒川
葛飾区|東四つ木1丁目,414050.53686291305,4,495.7469970551255,荒川
葛飾区|東四つ木1丁目,414050.53686291305,4,26.556092487588025,荒川
葛飾区|東四つ木1丁目,414050.53686291305,4,26.13463424611535,荒川
葛飾区|東四つ木1丁目,414050.53686291305,4,26.134925596094206,荒川
葛飾区|東四つ木1丁目,414050.53686291305,4,210.13255741805605,荒川
葛飾区|東四つ木2丁目,185828.02231676326,2,4.731137028180383,荒川
葛飾区|東四つ木2丁目,185828.02231676326,2,5051.962519407341,荒川
葛飾区|東四つ木2丁目,185828.02231676326,3,104318.25997435671,荒川
葛飾区|東四つ木2丁目,185828.02231676326,3,8861.318582308288,荒川
葛飾区|東四つ木2丁目,185828.02231676326,3,26.555318719200866,荒川
葛飾区|東四つ木2丁目,185828.02231676326,3,744.3055949542255,荒川
葛飾区|東四つ木2丁目,185828.02231676326,3,2038.2637760555745,荒川
葛飾区|東四つ木2丁目,185828.02231676326,3,3271.4434424248698,荒川
葛飾区|東四つ木2丁目,185828.02231676326,3,916.1860742837614,荒川
葛飾区|東四つ木2丁目,185828.02231676326,4,58763.4742804735,荒川
葛飾区|東四つ木2丁目,185828.02231676326,4,1.698355908960007,荒川
葛飾区|東四つ木2丁目,185828.02231676326,4,52.477204260150366,荒川
葛飾区|東四つ木2丁目,185828.02231676326,4,4.68235701415672,荒川
葛飾区|東四つ木2丁目,185828.02231676326,4,25.511236937298662,荒川
葛飾区|東四つ木2丁目,185828.02231676326,4,26.13327827780263,荒川
葛飾区|東四つ木2丁目,185828.02231676326,4,53.11017223964745,荒川
葛飾区|東四つ木2丁目,185828.02231676326,4,26.133547062830242,荒川
葛飾区|東四つ木2丁目,185828.02231676326,4,156.81239221062629,荒川
葛飾区|東四つ木2丁目,185828.02231676326,4,181.49029480009563,荒川
葛飾区|東四つ木2丁目,185828.02231676326,4,130.88895225082325,荒川
葛飾区|東四つ木2丁目,185828.02231676326,4,26.133640888085594,荒川
葛飾区|東四つ木2丁目,185828.02231676326,4,87.51783392726293,荒川
葛飾区|東四つ木2丁目,185828.02231676326,4,561.3063289577568,荒川
葛飾区|東四つ木2丁目,185828.02231676326,4,25.923218789753726,荒川
葛飾区|東四つ木2丁目,185828.02231676326,4,26.1340035170533,荒川
葛飾区|東四つ木2丁目,185828.02231676326,4,25.92333892408864,荒川
葛飾区|東四つ木2丁目,185828.02231676326,4,52.268657634648825,荒川
葛飾区|東四つ木2丁目,185828.02231676326,4,26.55564283556984,荒川
葛飾区|東四つ木2丁目,185828.02231676326,4,26.555670018854272,荒川
葛飾区|東四つ木2丁目,185828.02231676326,4,52.69005921394509,荒川
葛飾区|東四つ木2丁目,185828.02231676326,4,25.512141563154973,荒川
葛飾区|東四つ木2丁目,185828.02231676326,4,130.89267405744084,荒川
葛飾区|東四つ木2丁目,185828.02231676326,4,26.5560584576875,荒川
葛飾区|東四つ木2丁目,185828.02231676326,4,52.4794265244806,荒川
葛飾区|東四つ木2丁目,185828.02231676326,4,26.13456378848678,荒川
葛飾区|東四つ木3丁目,370617.6143717618,3,194979.054720629,荒川
葛飾区|東四つ木3丁目,370617.6143717618,4,121.6000853992978,荒川
葛飾区|東四つ木3丁目,370617.6143717618,4,4.5698102705783405,荒川
葛飾区|東四つ木3丁目,370617.6143717618,4,26.13415995367301,荒川
葛飾区|東四つ木4丁目,224351.28988969148,3,190403.8923594708,荒川
葛飾区|東四つ木4丁目,224351.28988969148,3,3.793836147527567,荒川
葛飾区|東四つ木4丁目,224351.28988969148,3,1046.8306275359291,荒川
葛飾区|東四つ木4丁目,224351.28988969148,3,494.9199628199943,荒川
葛飾区|東四つ木4丁目,224351.28988969148,3,218.61124658432286,荒川
葛飾区|東四つ木4丁目,224351.28988969148,3,419.1997009441998,荒川
葛飾区|東四つ木4丁目,224351.28988969148,3,2716.1669044083374,荒川
葛飾区|東四つ木4丁目,224351.28988969148,3,26.13290212129776,荒川
葛飾区|東四つ木4丁目,224351.28988969148,4,28192.885824958943,荒川
葛飾区|東四つ木4丁目,224351.28988969148,4,259.6646911452741,荒川
葛飾区|東四つ木4丁目,224351.28988969148,4,234.36825060731599,荒川
葛飾区|東四つ木4丁目,224351.28988969148,4,183.98447068542217,荒川
葛飾区|東四つ木4丁目,224351.28988969148,4,24.856173527529375,荒川
葛飾区|東四つ木4丁目,224351.28988969148,4,78.82050082106811,荒川
葛飾区|東四つ木4丁目,224351.28988969148,4,25.922379257219767,荒川
葛飾区|東四つ木4丁目,224351.28988969148,4,21.24014225044167,荒川
葛飾区|細田1丁目,140069.88337100216,1,970.0479154174528,荒川
葛飾区|細田1丁目,140069.88337100216,1,209.06094064107052,荒川
葛飾区|細田1丁目,140069.88337100216,2,137586.21247535062,荒川
葛飾区|細田2丁目,49690.366319703586,1,774.8006332380586,荒川
葛飾区|細田2丁目,49690.366319703586,1,446.96056486900295,荒川
葛飾区|細田2丁目,49690.366319703586,2,44515.83769595438,荒川
葛飾区|細田3丁目,251600.8213520362,1,497.1105882337339,荒川
葛飾区|細田3丁目,251600.8213520362,1,241.9181140344852,荒川
葛飾区|細田3丁目,251600.8213520362,1,600.8134922083752,荒川
葛飾区|細田3丁目,251600.8213520362,1,1283.5831029817052,荒川
葛飾区|細田3丁目,251600.8213520362,1,373.11380707446165,荒川
葛飾区|細田3丁目,251600.8213520362,1,6221.466898417932,荒川
葛飾区|細田3丁目,251600.8213520362,1,599.5770274365417,荒川
葛飾区|細田3丁目,251600.8213520362,1,521.5974751776872,荒川
葛飾区|細田3丁目,251600.8213520362,2,238620.91919628982,荒川
葛飾区|細田4丁目,233965.99071479513,1,651.1748196051556,荒川
葛飾区|細田4丁目,233965.99071479513,1,26.129539280256587,荒川
葛飾区|細田4丁目,233965.99071479513,1,182.29434606797457,荒川
葛飾区|細田4丁目,233965.99071479513,1,444.24394820277234,荒川
葛飾区|細田4丁目,233965.99071479513,2,232662.14806163896,荒川
葛飾区|細田5丁目,140274.93679992133,1,653.3150706919829,荒川
葛飾区|細田5丁目,140274.93679992133,1,470.81273363832753,荒川
葛飾区|細田5丁目,140274.93679992133,1,339.72618910320676,荒川
葛飾区|細田5丁目,140274.93679992133,2,138811.08260078498,荒川
葛飾区|堀切1丁目,478252.14525916893,2,1.2537678951120963,荒川
葛飾区|堀切1丁目,478252.14525916893,3,259609.13968942448,荒川
葛飾区|堀切1丁目,478252.14525916893,3,0.41143399125367663,荒川
葛飾区|堀切1丁目,478252.14525916893,3,341.1925253134685,荒川
葛飾区|堀切1丁目,478252.14525916893,3,1.254764989037694,荒川
葛飾区|堀切1丁目,478252.14525916893,4,42832.9986221488,荒川
葛飾区|堀切1丁目,478252.14525916893,4,526.3460191000297,荒川
葛飾区|堀切1丁目,478252.14525916893,4,26.55153975504548,荒川
葛飾区|堀切1丁目,478252.14525916893,4,26.129892913350307,荒川
葛飾区|堀切1丁目,478252.14525916893,4,26.552045120138665,荒川
葛飾区|堀切1丁目,478252.14525916893,4,18.591289610708817,荒川
葛飾区|堀切1丁目,478252.14525916893,4,25.508316615966116,荒川
葛飾区|堀切1丁目,478252.14525916893,4,23.043927923307912,荒川
葛飾区|堀切1丁目,478252.14525916893,4,52.682535935742976,荒川
葛飾区|堀切1丁目,478252.14525916893,4,25.50860102402429,荒川
葛飾区|堀切1丁目,478252.14525916893,4,25.508552633373924,荒川
葛飾区|堀切1丁目,478252.14525916893,4,156.79558569677457,荒川
葛飾区|堀切1丁目,478252.14525916893,4,52.47259631536097,荒川
葛飾区|堀切1丁目,478252.14525916893,4,26.13084668920595,荒川
葛飾区|堀切1丁目,478252.14525916893,4,26.55232572349083,荒川
葛飾区|堀切1丁目,478252.14525916893,4,209.48291733542578,荒川
葛飾区|堀切1丁目,478252.14525916893,4,52.47404298244197,荒川
葛飾区|堀切1丁目,478252.14525916893,4,104.11468242324325,荒川
葛飾区|堀切1丁目,478252.14525916893,4,25.50929997232773,荒川
葛飾区|堀切1丁目,478252.14525916893,4,32.95251405962024,荒川
葛飾区|堀切2丁目,436450.55231889425,3,125301.42984311689,荒川
葛飾区|堀切2丁目,436450.55231889425,3,2698.522472213852,荒川
葛飾区|堀切2丁目,436450.55231889425,3,11098.182778829112,荒川
葛飾区|堀切2丁目,436450.55231889425,3,313.36326839828837,荒川
葛飾区|堀切2丁目,436450.55231889425,3,420.38967943362724,荒川
葛飾区|堀切2丁目,436450.55231889425,3,390.7101002284369,荒川
葛飾区|堀切2丁目,436450.55231889425,3,25.506742892122706,荒川
葛飾区|堀切2丁目,436450.55231889425,3,348.38867032186386,荒川
葛飾区|堀切2丁目,436450.55231889425,3,365.2043434037348,荒川
葛飾区|堀切2丁目,436450.55231889425,3,25.506549900613674,荒川
葛飾区|堀切2丁目,436450.55231889425,3,654.3095445647007,荒川
葛飾区|堀切2丁目,436450.55231889425,3,577.1781297286878,荒川
葛飾区|堀切2丁目,436450.55231889425,3,968.9340167267413,荒川
葛飾区|堀切2丁目,436450.55231889425,3,313.99236427795404,荒川
葛飾区|堀切2丁目,436450.55231889425,3,573.8428069195825,荒川
葛飾区|堀切2丁目,436450.55231889425,3,522.1960749940718,荒川
葛飾区|堀切2丁目,436450.55231889425,3,26.129274918423448,荒川
葛飾区|堀切2丁目,436450.55231889425,3,156.78603863164304,荒川
葛飾区|堀切2丁目,436450.55231889425,3,4387.748310787893,荒川
葛飾区|堀切2丁目,436450.55231889425,3,1175.7070772498978,荒川
葛飾区|堀切2丁目,436450.55231889425,3,105.36018058706267,荒川
葛飾区|堀切2丁目,436450.55231889425,3,524.0853020122353,荒川
葛飾区|堀切2丁目,436450.55231889425,3,51.63735880694081,荒川
葛飾区|堀切2丁目,436450.55231889425,3,656.4236795226404,荒川
葛飾区|堀切2丁目,436450.55231889425,4,52.25832144198663,荒川
葛飾区|堀切2丁目,436450.55231889425,4,25.507263207653168,荒川
葛飾区|堀切2丁目,436450.55231889425,4,52.25840205082169,荒川
葛飾区|堀切2丁目,436450.55231889425,4,26.551021388789312,荒川
葛飾区|堀切2丁目,436450.55231889425,4,26.129395831249283,荒川
葛飾区|堀切2丁目,436450.55231889425,4,26.551062398044174,荒川
葛飾区|堀切2丁目,436450.55231889425,4,26.550851457325628,荒川
葛飾区|堀切2丁目,436450.55231889425,4,25.50749936527061,荒川
葛飾区|堀切2丁目,436450.55231889425,4,152646.9265938659,荒川
葛飾区|堀切2丁目,436450.55231889425,4,25.918861716486752,荒川
葛飾区|堀切2丁目,436450.55231889425,4,7367.255582535026,荒川
葛飾区|堀切2丁目,436450.55231889425,4,25.50773543343697,荒川
葛飾区|堀切2丁目,436450.55231889425,4,103.68655865218088,荒川
葛飾区|堀切2丁目,436450.55231889425,4,26.12977218583017,荒川
葛飾区|堀切2丁目,436450.55231889425,4,26.129812399932135,荒川
葛飾区|堀切2丁目,436450.55231889425,4,155.9465383337707,荒川
葛飾区|堀切2丁目,436450.55231889425,4,26.12983914388881,荒川
葛飾区|堀切2丁目,436450.55231889425,4,26.12871067063321,荒川
葛飾区|堀切2丁目,436450.55231889425,4,52.25801744807873,荒川
葛飾区|堀切2丁目,436450.55231889425,4,52.681533962552884,荒川
葛飾区|堀切2丁目,436450.55231889425,4,26.128871954959195,荒川
葛飾区|堀切2丁目,436450.55231889425,4,58.96656534272513,荒川
葛飾区|堀切2丁目,436450.55231889425,4,52.67946907697995,荒川
葛飾区|堀切2丁目,436450.55231889425,4,29.63800644994783,荒川
葛飾区|堀切3丁目,185831.7455636716,3,145439.3590953058,荒川
葛飾区|堀切3丁目,185831.7455636716,3,26.54952707298817,荒川
葛飾区|堀切3丁目,185831.7455636716,3,888.4196640384698,荒川
葛飾区|堀切3丁目,185831.7455636716,3,25.917422178672858,荒川
葛飾区|堀切3丁目,185831.7455636716,3,7.434897239369921,荒川
葛飾区|堀切3丁目,185831.7455636716,3,26.549558467149446,荒川
葛飾区|堀切3丁目,185831.7455636716,3,1962.0581078572495,荒川
葛飾区|堀切3丁目,185831.7455636716,3,78.80699360460346,荒川
葛飾区|堀切3丁目,185831.7455636716,3,861.8825852370611,荒川
葛飾区|堀切3丁目,185831.7455636716,4,28197.1814059469,荒川
葛飾区|堀切3丁目,185831.7455636716,4,7437.889823111623,荒川
葛飾区|堀切3丁目,185831.7455636716,4,25.50599524430611,荒川
葛飾区|堀切3丁目,185831.7455636716,4,52.46716871423575,荒川
葛飾区|堀切3丁目,185831.7455636716,4,26.549568119758646,荒川
葛飾区|堀切3丁目,185831.7455636716,4,26.128159928694195,荒川
葛飾区|堀切3丁目,185831.7455636716,4,25.917462254785686,荒川
葛飾区|堀切3丁目,185831.7455636716,4,52.67800629977033,荒川
葛飾区|堀切3丁目,185831.7455636716,4,26.128397326226033,荒川
葛飾区|堀切3丁目,185831.7455636716,4,287.4306719352498,荒川
葛飾区|堀切3丁目,185831.7455636716,4,38.24795964110851,荒川
葛飾区|堀切3丁目,185831.7455636716,4,7.431235342789185,荒川
葛飾区|堀切3丁目,185831.7455636716,4,206.5286402197997,荒川
葛飾区|堀切3丁目,185831.7455636716,4,0.5800823404428384,荒川
葛飾区|堀切3丁目,185831.7455636716,4,51.63504839201063,荒川
葛飾区|堀切3丁目,185831.7455636716,4,26.55002445941558,荒川
葛飾区|堀切3丁目,185831.7455636716,4,25.918067632712038,荒川
葛飾区|堀切4丁目,401378.80031706503,2,1786.1700402646934,荒川
葛飾区|堀切4丁目,401378.80031706503,3,58253.10426726504,荒川
葛飾区|堀切4丁目,401378.80031706503,3,915.16976657045,荒川
葛飾区|堀切4丁目,401378.80031706503,3,78.18343295235259,荒川
葛飾区|堀切4丁目,401378.80031706503,3,25.50587761234203,荒川
葛飾区|堀切4丁目,401378.80031706503,3,4363.675214340855,荒川
葛飾区|堀切4丁目,401378.80031706503,3,259.83723690636594,荒川
葛飾区|堀切4丁目,401378.80031706503,3,78.59634009603502,荒川
葛飾区|堀切4丁目,401378.80031706503,3,653.2506694350477,荒川
葛飾区|堀切4丁目,401378.80031706503,3,1857.5440446252198,荒川
葛飾区|堀切4丁目,401378.80031706503,3,365.8187523370175,荒川
葛飾区|堀切4丁目,401378.80031706503,3,260.88436305868805,荒川
葛飾区|堀切4丁目,401378.80031706503,3,3601.453025069521,荒川
葛飾区|堀切4丁目,401378.80031706503,3,1047.09429566453,荒川
葛飾区|堀切4丁目,401378.80031706503,3,25.918022307090247,荒川
葛飾区|堀切4丁目,401378.80031706503,3,304.87719257702304,荒川
葛飾区|堀切4丁目,401378.80031706503,3,338.8439040501916,荒川
葛飾区|堀切4丁目,401378.80031706503,3,3736.2806334952097,荒川
葛飾区|堀切4丁目,401378.80031706503,3,26.548954014699774,荒川
葛飾区|堀切4丁目,401378.80031706503,3,40970.89526160781,荒川
葛飾区|堀切4丁目,401378.80031706503,3,77.76132916412709,荒川
葛飾区|堀切4丁目,401378.80031706503,4,79.01434800180502,荒川
葛飾区|堀切4丁目,401378.80031706503,4,193.13197946633235,荒川
葛飾区|堀切4丁目,401378.80031706503,4,601.8034611031185,荒川
葛飾区|堀切4丁目,401378.80031706503,4,25.91666282865296,荒川
葛飾区|堀切4丁目,401378.80031706503,4,130.64739189797444,荒川
葛飾区|堀切4丁目,401378.80031706503,4,313.13980824112565,荒川
葛飾区|堀切4丁目,401378.80031706503,4,52.67644269751266,荒川
葛飾区|堀切4丁目,401378.80031706503,4,132.11336020964487,荒川
葛飾区|堀切4丁目,401378.80031706503,4,130.64867897312175,荒川
葛飾区|堀切4丁目,401378.80031706503,4,25.916902720680866,荒川
葛飾区|堀切4丁目,401378.80031706503,4,26.127636071279774,荒川
葛飾区|堀切4丁目,401378.80031706503,4,6.5691179898475065,荒川
葛飾区|堀切4丁目,401378.80031706503,4,208.4099757997105,荒川
葛飾区|堀切4丁目,401378.80031706503,4,52.25563070953619,荒川
葛飾区|堀切4丁目,401378.80031706503,4,25.50584703078761,荒川
葛飾区|堀切4丁目,401378.80031706503,4,26.54917274526085,荒川
葛飾区|堀切4丁目,401378.80031706503,4,25.917102624457193,荒川
葛飾区|堀切4丁目,401378.80031706503,4,25.91734844786604,荒川
葛飾区|堀切4丁目,401378.80031706503,4,145252.46005731274,荒川
葛飾区|堀切4丁目,401378.80031706503,4,287.8495378095765,荒川
葛飾区|堀切4丁目,401378.80031706503,4,26.128146792831036,荒川
葛飾区|堀切4丁目,401378.80031706503,4,26.549779180001273,荒川
葛飾区|堀切4丁目,401378.80031706503,4,25.50631944176008,荒川
葛飾区|堀切4丁目,401378.80031706503,4,26.128227468401562,荒川
葛飾区|堀切4丁目,401378.80031706503,4,76.93005464649961,荒川
葛飾区|堀切4丁目,401378.80031706503,4,25.506398158401687,荒川
葛飾区|堀切4丁目,401378.80031706503,4,52.468307584399376,荒川
葛飾区|堀切5丁目,167623.19563179434,3,139852.66722102635,荒川
葛飾区|堀切5丁目,167623.19563179434,3,77.1390202825559,荒川
葛飾区|堀切5丁目,167623.19563179434,3,287.63685702636184,荒川
葛飾区|堀切5丁目,167623.19563179434,3,782.8252338919684,荒川
葛飾区|堀切5丁目,167623.19563179434,3,53.509349213814886,荒川
葛飾区|堀切5丁目,167623.19563179434,3,288.2579267692667,荒川
葛飾区|堀切5丁目,167623.19563179434,4,25.505208264752888,荒川
葛飾区|堀切5丁目,167623.19563179434,4,25.505208238029617,荒川
葛飾区|堀切5丁目,167623.19563179434,4,758.1724414784645,荒川
葛飾区|堀切5丁目,167623.19563179434,4,165.60086320776364,荒川
葛飾区|堀切5丁目,167623.19563179434,4,156.98583729183468,荒川
葛飾区|堀切5丁目,167623.19563179434,4,52.676652126177615,荒川
葛飾区|堀切5丁目,167623.19563179434,4,105.35322871835103,荒川
葛飾区|堀切5丁目,167623.19563179434,4,26.549178110548166,荒川
葛飾区|堀切5丁目,167623.19563179434,4,26.12776593243602,荒川
葛飾区|堀切5丁目,167623.19563179434,4,10798.662798555026,荒川
葛飾区|堀切5丁目,167623.19563179434,4,11.381790737071649,荒川
葛飾区|堀切5丁目,167623.19563179434,4,25.916862405620073,荒川
葛飾区|堀切5丁目,167623.19563179434,4,1045.9887973770103,荒川
葛飾区|堀切5丁目,167623.19563179434,4,53.09662212500422,荒川
葛飾区|堀切5丁目,167623.19563179434,4,3817.331116726107,荒川
葛飾区|堀切5丁目,167623.19563179434,4,25.916708359761504,荒川
葛飾区|堀切5丁目,167623.19563179434,4,103.88730218094325,荒川
葛飾区|堀切5丁目,167623.19563179434,4,77.33866544336131,荒川
葛飾区|堀切5丁目,167623.19563179434,4,8174.357142585082,荒川
葛飾区|堀切5丁目,167623.19563179434,4,26.54949213908303,荒川
葛飾区|堀切5丁目,167623.19563179434,4,26.12790460573519,荒川
葛飾区|堀切5丁目,167623.19563179434,4,627.9457373258447,荒川
葛飾区|堀切5丁目,167623.19563179434,4,26.549404248710054,荒川
葛飾区|堀切5丁目,167623.19563179434,4,52.67762759159078,荒川
葛飾区|堀切5丁目,167623.19563179434,4,26.127998702821465,荒川
葛飾区|堀切5丁目,167623.19563179434,4,18.827621993925618,荒川
葛飾区|堀切6丁目,160979.03927023328,3,160214.90271901852,荒川
葛飾区|堀切6丁目,160979.03927023328,4,471.7763112074723,荒川
葛飾区|堀切6丁目,160979.03927023328,4,26.548025388891,荒川
葛飾区|堀切6丁目,160979.03927023328,4,225.15087217912443,荒川
葛飾区|堀切6丁目,160979.03927023328,4,26.12691039792925,荒川
葛飾区|堀切6丁目,160979.03927023328,4,14.534432041333233,荒川
葛飾区|堀切7丁目,168070.6048882979,3,168045.10117544467,荒川
葛飾区|堀切7丁目,168070.6048882979,4,25.503712853173887,荒川
葛飾区|堀切8丁目,146099.43689002332,3,145839.40227894954,荒川
葛飾区|堀切8丁目,146099.43689002332,4,19.073452500825926,荒川
葛飾区|堀切8丁目,146099.43689002332,4,22.27197144813489,荒川
葛飾区|堀切8丁目,146099.43689002332,4,25.502610872840243,荒川
葛飾区|堀切8丁目,146099.43689002332,4,23.530934871326927,荒川
葛飾区|堀切8丁目,146099.43689002332,4,44.4116368418576,荒川
葛飾区|堀切8丁目,146099.43689002332,4,47.909380693228016,荒川
葛飾区|堀切8丁目,146099.43689002332,4,25.706889714721427,荒川
葛飾区|堀切8丁目,146099.43689002332,4,26.124760138446774,荒川
葛飾区|堀切8丁目,146099.43689002332,4,25.502973992335072,荒川
葛飾区|水元1丁目,286400.6169617706,1,731.1216568749635,荒川
葛飾区|水元1丁目,286400.6169617706,1,650.8921784467096,荒川
葛飾区|水元1丁目,286400.6169617706,1,888.2577012642952,荒川
葛飾区|水元1丁目,286400.6169617706,1,910.6260937628178,荒川
葛飾区|水元1丁目,286400.6169617706,2,281178.668752786,荒川
葛飾区|水元1丁目,286400.6169617706,3,26.11755750002328,荒川
葛飾区|水元1丁目,286400.6169617706,3,51.81389070842289,荒川
葛飾区|水元2丁目,183687.3182674786,2,183687.31826747864,荒川
葛飾区|水元3丁目,219285.80264794925,2,219285.80264794928,荒川
葛飾区|水元4丁目,215927.92915879187,2,215927.92915879187,荒川
葛飾区|水元5丁目,146389.12044122146,1,34.61319816173302,荒川
葛飾区|水元5丁目,146389.12044122146,1,30.53903432159947,荒川
葛飾区|水元5丁目,146389.12044122146,1,260.1010182258527,荒川
葛飾区|水元5丁目,146389.12044122146,1,80.52918064310363,荒川
葛飾区|水元5丁目,146389.12044122146,1,653.9445389021157,荒川
葛飾区|水元5丁目,146389.12044122146,2,143409.15540562745,荒川
葛飾区|水元公園,1036407.9159366406,1,12603.40938636595,荒川
葛飾区|水元公園,1036407.9159366406,1,363.78791666124374,荒川
葛飾区|水元公園,1036407.9159366406,1,408.42419874512814,荒川
葛飾区|水元公園,1036407.9159366406,1,43463.53008689923,荒川
葛飾区|水元公園,1036407.9159366406,1,0.42117721220969573,荒川
葛飾区|水元公園,1036407.9159366406,1,600.2523579024826,荒川
葛飾区|水元公園,1036407.9159366406,1,31.218114435929813,荒川
葛飾区|水元公園,1036407.9159366406,1,366.85747262916584,荒川
葛飾区|水元公園,1036407.9159366406,1,653.9099960973228,荒川
葛飾区|水元公園,1036407.9159366406,1,574.7598679139859,荒川
葛飾区|水元公園,1036407.9159366406,1,105.41700631192163,荒川
葛飾区|水元公園,1036407.9159366406,1,26.581658712969105,荒川
葛飾区|水元公園,1036407.9159366406,1,270.49027790217735,荒川
葛飾区|水元公園,1036407.9159366406,1,198.15574769244054,荒川
葛飾区|水元公園,1036407.9159366406,1,30237.763412714306,荒川
葛飾区|水元公園,1036407.9159366406,1,29.547462636155423,荒川
葛飾区|水元公園,1036407.9159366406,1,652.9060999031849,荒川
葛飾区|水元公園,1036407.9159366406,1,4.556683006311328,荒川
葛飾区|水元公園,1036407.9159366406,1,2673.0695176891463,荒川
葛飾区|水元公園,1036407.9159366406,1,1301.6498633102206,荒川
葛飾区|水元公園,1036407.9159366406,1,32.838378224551484,荒川
葛飾区|水元公園,1036407.9159366406,1,5.455000367786413,荒川
葛飾区|水元公園,1036407.9159366406,1,222.16643296820664,荒川
葛飾区|水元公園,1036407.9159366406,1,1800.3833000070383,荒川
葛飾区|水元公園,1036407.9159366406,1,35.11277565599522,荒川
葛飾区|水元公園,1036407.9159366406,1,1.8981101017665631,荒川
葛飾区|水元公園,1036407.9159366406,1,55766.47313871278,荒川
葛飾区|水元公園,1036407.9159366406,1,84.04061420894193,荒川
葛飾区|水元公園,1036407.9159366406,1,18149.47976088639,荒川
葛飾区|水元公園,1036407.9159366406,1,14.967988656722012,荒川
葛飾区|水元公園,1036407.9159366406,1,147.2314698635489,荒川
葛飾区|水元公園,1036407.9159366406,1,128.73315215952522,荒川
葛飾区|水元公園,1036407.9159366406,1,12.40981937484395,荒川
葛飾区|水元公園,1036407.9159366406,1,654.0073849693551,荒川
葛飾区|水元公園,1036407.9159366406,1,4.4338942969403075,荒川
葛飾区|水元公園,1036407.9159366406,1,1279.813466605863,荒川
葛飾区|水元公園,1036407.9159366406,1,13.533966417793707,荒川
葛飾区|水元公園,1036407.9159366406,1,1936.3080549116798,荒川
葛飾区|水元公園,1036407.9159366406,1,2386.631014463904,荒川
葛飾区|水元公園,1036407.9159366406,1,194.78176533001093,荒川
葛飾区|水元公園,1036407.9159366406,1,470.137858571579,荒川
葛飾区|水元公園,1036407.9159366406,1,223.42748971566692,荒川
葛飾区|水元公園,1036407.9159366406,1,3268.655295166675,荒川
葛飾区|水元公園,1036407.9159366406,1,91.33691200616957,荒川
葛飾区|水元公園,1036407.9159366406,1,156.9132814725598,荒川
葛飾区|水元公園,1036407.9159366406,1,386.9512419809797,荒川
葛飾区|水元公園,1036407.9159366406,1,653.9402521475793,荒川
葛飾区|水元公園,1036407.9159366406,1,650.8866691414418,荒川
葛飾区|水元公園,1036407.9159366406,1,1152.7752643519862,荒川
葛飾区|水元公園,1036407.9159366406,1,0.08660331487829057,荒川
葛飾区|水元公園,1036407.9159366406,1,1745.5965582433644,荒川
葛飾区|水元公園,1036407.9159366406,1,39.957931687984875,荒川
葛飾区|水元公園,1036407.9159366406,1,656.0919537280321,荒川
葛飾区|水元公園,1036407.9159366406,2,16.698972805210545,荒川
葛飾区|水元公園,1036407.9159366406,2,119.346309818344,荒川
葛飾区|水元公園,1036407.9159366406,2,103.93768175995005,荒川
葛飾区|水元公園,1036407.9159366406,2,2054.073428741025,荒川
葛飾区|水元公園,1036407.9159366406,2,130.7821242147139,荒川
葛飾区|水元公園,1036407.9159366406,2,129.1078890742819,荒川
葛飾区|水元公園,1036407.9159366406,2,26.112277133993494,荒川
葛飾区|水元公園,1036407.9159366406,2,26.5334428467811,荒川
葛飾区|水元公園,1036407.9159366406,2,51.60287270479297,荒川
葛飾区|水元公園,1036407.9159366406,2,25.490775516907014,荒川
葛飾区|水元公園,1036407.9159366406,2,105.08100409133343,荒川
葛飾区|水元公園,1036407.9159366406,2,26.11251408851558,荒川
葛飾区|水元公園,1036407.9159366406,2,26.533167579305818,荒川
葛飾区|水元公園,1036407.9159366406,2,51.60313692515263,荒川
葛飾区|水元公園,1036407.9159366406,2,52.436567460929034,荒川
葛飾区|水元公園,1036407.9159366406,2,128.68963314584516,荒川
葛飾区|水元公園,1036407.9159366406,2,650.7805368309618,荒川
葛飾区|水元公園,1036407.9159366406,2,78.13880179998742,荒川
葛飾区|水元公園,1036407.9159366406,2,52.22491206665828,荒川
葛飾区|水元公園,1036407.9159366406,2,26.533736289787846,荒川
葛飾区|水元公園,1036407.9159366406,2,2606.258268665375,荒川
葛飾区|水元公園,1036407.9159366406,2,25.90242481661109,荒川
葛飾区|水元公園,1036407.9159366406,2,76.88518149362417,荒川
葛飾区|水元公園,1036407.9159366406,2,25.490688404418993,荒川
葛飾区|水元公園,1036407.9159366406,2,4494.889763064187,荒川
葛飾区|水元公園,1036407.9159366406,2,656.0135512750069,荒川
葛飾区|水元公園,1036407.9159366406,2,652.8770455528331,荒川
葛飾区|水元公園,1036407.9159366406,2,2811.700601941009,荒川
葛飾区|水元公園,1036407.9159366406,2,134165.8227070132,荒川
葛飾区|水元公園,1036407.9159366406,2,105.26285581240708,荒川
葛飾区|水元公園,1036407.9159366406,2,26.535853813796614,荒川
葛飾区|水元公園,1036407.9159366406,2,26.114456070793683,荒川
葛飾区|水元公園,1036407.9159366406,2,677.7834644767601,荒川
葛飾区|水元公園,1036407.9159366406,2,4577.089148081718,荒川
葛飾区|水元公園,1036407.9159366406,2,51.604267457556304,荒川
葛飾区|水元公園,1036407.9159366406,2,287.473608903979,荒川
葛飾区|水元公園,1036407.9159366406,2,67.67805454001679,荒川
葛飾区|水元公園,1036407.9159366406,2,11.912305550344136,荒川
葛飾区|水元公園,1036407.9159366406,2,25.493207875165094,荒川
葛飾区|水元公園,1036407.9159366406,2,52.65273452788888,荒川
葛飾区|水元公園,1036407.9159366406,2,26.536569889750997,荒川
葛飾区|水元公園,1036407.9159366406,2,340.98830067197537,荒川
葛飾区|水元公園,1036407.9159366406,2,131.8435774385031,荒川
葛飾区|水元公園,1036407.9159366406,2,831.8012576087399,荒川
葛飾区|水元公園,1036407.9159366406,2,26.537911350013438,荒川
葛飾区|水元公園,1036407.9159366406,2,130.17274345942474,荒川
葛飾区|水元公園,1036407.9159366406,2,26.538204197527698,荒川
葛飾区|水元公園,1036407.9159366406,2,26.53806165920636,荒川
葛飾区|水元公園,1036407.9159366406,2,25.495579641456146,荒川
葛飾区|水元公園,1036407.9159366406,2,26.5385688543028,荒川
葛飾区|水元公園,1036407.9159366406,2,25.49518273615632,荒川
葛飾区|水元公園,1036407.9159366406,2,26.53860966462758,荒川
葛飾区|水元公園,1036407.9159366406,2,26.117195097295458,荒川
葛飾区|水元公園,1036407.9159366406,2,26.11738860220033,荒川
葛飾区|水元公園,1036407.9159366406,2,157.96857878770604,荒川
葛飾区|水元公園,1036407.9159366406,2,885.3249878951909,荒川
葛飾区|水元公園,1036407.9159366406,2,52.654745160202644,荒川
葛飾区|水元公園,1036407.9159366406,2,26.538531849815044,荒川
葛飾区|水元公園,1036407.9159366406,2,25.495255949431055,荒川
葛飾区|水元公園,1036407.9159366406,2,25.495255876965324,荒川
葛飾区|水元公園,1036407.9159366406,2,26.53834840399097,荒川
葛飾区|水元公園,1036407.9159366406,2,1226.9667759794306,荒川
葛飾区|水元公園,1036407.9159366406,2,26.53836222751164,荒川
葛飾区|水元公園,1036407.9159366406,2,51.61264597881407,荒川
葛飾区|水元公園,1036407.9159366406,2,130.5963197591266,荒川
葛飾区|南水元1丁目,280043.17737718555,1,286.9816362247323,荒川
葛飾区|南水元1丁目,280043.17737718555,2,279535.68768852716,荒川
葛飾区|南水元1丁目,280043.17737718555,3,220.50805243371676,荒川
葛飾区|南水元2丁目,264931.10059274634,1,866.7178636084046,荒川
葛飾区|南水元2丁目,264931.10059274634,1,2505.924259333572,荒川
葛飾区|南水元2丁目,264931.10059274634,1,1934.1631778632523,荒川
葛飾区|南水元2丁目,264931.10059274634,1,312.18130850164073,荒川
葛飾区|南水元2丁目,264931.10059274634,1,861.9666935111605,荒川
葛飾区|南水元2丁目,264931.10059274634,1,650.9201327765345,荒川
葛飾区|南水元2丁目,264931.10059274634,1,394.10936075151943,荒川
葛飾区|南水元2丁目,264931.10059274634,1,52.237650730422345,荒川
葛飾区|南水元2丁目,264931.10059274634,1,650.9260973690019,荒川
葛飾区|南水元2丁目,264931.10059274634,2,245474.98688367568,荒川
葛飾区|南水元2丁目,264931.10059274634,3,7018.879025337928,荒川
葛飾区|南水元2丁目,264931.10059274634,3,287.93871126349194,荒川
葛飾区|南水元3丁目,124775.6851523368,1,26.118918246789406,荒川
葛飾区|南水元3丁目,124775.6851523368,1,235.50215293969308,荒川
葛飾区|南水元3丁目,124775.6851523368,1,807.4314583445464,荒川
葛飾区|南水元3丁目,124775.6851523368,1,25.497271160048626,荒川
葛飾区|南水元3丁目,124775.6851523368,1,210.42787015404554,荒川
葛飾区|南水元3丁目,124775.6851523368,1,52.65972644739778,荒川
葛飾区|南水元3丁目,124775.6851523368,1,290.26000698504475,荒川
葛飾区|南水元3丁目,124775.6851523368,1,339.35442325924276,荒川
葛飾区|南水元3丁目,124775.6851523368,2,122656.15351470576,荒川
葛飾区|南水元3丁目,124775.6851523368,2,132.28023135015343,荒川
葛飾区|南水元4丁目,266118.6983142372,2,266118.6983142371,荒川
葛飾区|四つ木1丁目,285884.46550414717,2,0.8331623871066236,荒川
葛飾区|四つ木1丁目,285884.46550414717,2,382.0145153021865,荒川
葛飾区|四つ木1丁目,285884.46550414717,3,180077.56520295847,荒川
葛飾区|四つ木1丁目,285884.46550414717,4,388.21093805823506,荒川
葛飾区|四つ木1丁目,285884.46550414717,4,1879.6264937365186,荒川
葛飾区|四つ木1丁目,285884.46550414717,4,26.1327497399603,荒川
葛飾区|四つ木2丁目,107168.7209178134,3,105244.9159477167,荒川
葛飾区|四つ木2丁目,107168.7209178134,4,1740.6607700137258,荒川
葛飾区|四つ木2丁目,107168.7209178134,4,52.26369090835985,荒川
葛飾区|四つ木2丁目,107168.7209178134,4,53.10660332443538,荒川
葛飾区|四つ木2丁目,107168.7209178134,4,77.77390585017561,荒川
葛飾区|四つ木3丁目,262164.32399321336,2,1236.2040714489062,荒川
葛飾区|四つ木3丁目,262164.32399321336,2,0.8329438163440426,荒川
葛飾区|四つ木3丁目,262164.32399321336,3,116482.71898863727,荒川
葛飾区|四つ木3丁目,262164.32399321336,3,26.553308340777605,荒川
葛飾区|四つ木3丁目,262164.32399321336,3,651.2592759534894,荒川
葛飾区|四つ木3丁目,262164.32399321336,4,124.47890464815342,荒川
葛飾区|四つ木3丁目,262164.32399321336,4,51.641030297350255,荒川
葛飾区|四つ木3丁目,262164.32399321336,4,26.553314417799402,荒川
葛飾区|四つ木3丁目,262164.32399321336,4,15493.727884114207,荒川
葛飾区|四つ木3丁目,262164.32399321336,4,130.66882139706044,荒川
葛飾区|四つ木3丁目,262164.32399321336,4,105.37029222918198,荒川
葛飾区|四つ木3丁目,262164.32399321336,4,78.81774044861115,荒川
葛飾区|四つ木3丁目,262164.32399321336,4,632.1874198002357,荒川
葛飾区|四つ木4丁目,218794.41053218354,3,218663.5330736519,荒川
葛飾区|四つ木4丁目,218794.41053218354,4,26.55219496168196,荒川
葛飾区|四つ木4丁目,218794.41053218354,4,26.13159472246641,荒川
葛飾区|四つ木4丁目,218794.41053218354,4,52.6842418985205,荒川
葛飾区|四つ木4丁目,218794.41053218354,4,25.509426948890237,荒川
葛飾区|四つ木5丁目,176814.70196085234,3,168279.2779665181,荒川
葛飾区|四つ木5丁目,176814.70196085234,3,26.129772398029097,荒川
葛飾区|四つ木5丁目,176814.70196085234,3,25.919467227164727,荒川
葛飾区|四つ木5丁目,176814.70196085234,3,51.63839417810486,荒川
葛飾区|四つ木5丁目,176814.70196085234,4,601.2211290364181,荒川
葛飾区|四つ木5丁目,176814.70196085234,4,25.91902750018106,荒川
葛飾区|四つ木5丁目,176814.70196085234,4,25.918821759259547,荒川
葛飾区|四つ木5丁目,176814.70196085234,4,103.89651598311687,荒川
葛飾区|四つ木5丁目,176814.70196085234,4,34.79221645552256,荒川
葛飾区|四つ木5丁目,176814.70196085234,4,262.57147752340364,荒川
葛飾区|四つ木5丁目,176814.70196085234,4,25.507529873484128,荒川
葛飾区|四つ木5丁目,176814.70196085234,4,140.40684595326098,荒川
葛飾区|四つ木5丁目,176814.70196085234,4,26.129691798891905,荒川
葛飾区|四つ木5丁目,176814.70196085234,4,2961.9028889245296,荒川
葛飾区|四つ木5丁目,176814.70196085234,4,51.637551292904504,荒川
葛飾区|四つ木5丁目,176814.70196085234,4,25.50781425211413,荒川
葛飾区|四つ木5丁目,176814.70196085234,4,20.246992547746697,荒川
葛飾区|四つ木5丁目,176814.70196085234,4,26.551206437395518,荒川
葛飾区|四つ木5丁目,176814.70196085234,4,157.63206152612537,荒川
葛飾区|四つ木5丁目,176814.70196085234,4,26.129772263472194,荒川
葛飾区|四つ木5丁目,176814.70196085234,4,48.395801007862936,荒川
葛飾区|四つ木5丁目,176814.70196085234,4,78.18917736161659,荒川
葛飾区|四つ木5丁目,176814.70196085234,4,63.81028327130641,荒川
葛飾区|四つ木5丁目,176814.70196085234,4,1410.0571090953588,荒川
葛飾区|四つ木5丁目,176814.70196085234,4,41.8649767438979,荒川
葛飾区|四つ木5丁目,176814.70196085234,4,26.130103871595956,荒川
葛飾区|四つ木5丁目,176814.70196085234,4,71.30896796035437,荒川
葛飾区|四つ木5丁目,176814.70196085234,4,46.7890936831229,荒川
葛飾区|四つ木5丁目,176814.70196085234,4,37.130114153523365,荒川
葛飾区|四つ木5丁目,176814.70196085234,4,51.6359518035933,荒川
葛飾区|四つ木5丁目,176814.70196085234,4,104.10906352432532,荒川
葛飾区|四つ木5丁目,176814.70196085234,4,26.128885583000923,荒川
葛飾区|四つ木5丁目,176814.70196085234,4,412.8317251228105,荒川
葛飾区|四つ木5丁目,176814.70196085234,4,26.130305433603432,荒川
葛飾区|四つ木5丁目,176814.70196085234,4,32.98288617778849,荒川
葛飾区|四つ木5丁目,176814.70196085234,4,25.919381406203556,荒川
葛飾区|四つ木5丁目,176814.70196085234,4,17.207965611298466,荒川
葛飾区|四つ木5丁目,176814.70196085234,4,30.909738095561877,荒川
葛飾区|四つ木5丁目,176814.70196085234,4,1272.1624558213102,荒川
葛飾区|四つ木5丁目,176814.70196085234,4,16.352289780238866,荒川
葛飾区|四つ木5丁目,176814.70196085234,4,22.614921978179183,荒川
葛飾区|四つ木5丁目,176814.70196085234,4,53.103619916429324,荒川
江戸川区|小松川1丁目,894231.6097759064,1,724.2602865166057,荒川
江戸川区|小松川1丁目,894231.6097759064,1,367.9429753191861,荒川
江戸川区|小松川1丁目,894231.6097759064,1,417.1048344154397,荒川
江戸川区|小松川1丁目,894231.6097759064,1,367.94604443951937,荒川
江戸川区|小松川1丁目,894231.6097759064,1,366.48543662219566,荒川
江戸川区|小松川1丁目,894231.6097759064,1,247.31038108619907,荒川
江戸川区|小松川1丁目,894231.6097759064,1,526.7305307688407,荒川
江戸川区|小松川1丁目,894231.6097759064,1,495.14383060415025,荒川
江戸川区|小松川1丁目,894231.6097759064,1,391.5935393448586,荒川
江戸川区|小松川1丁目,894231.6097759064,1,2375.5855391368286,荒川
江戸川区|小松川1丁目,894231.6097759064,1,651.611641282239,荒川
江戸川区|小松川1丁目,894231.6097759064,1,653.7001944808617,荒川
江戸川区|小松川1丁目,894231.6097759064,1,577.5622920959161,荒川
江戸川区|小松川1丁目,894231.6097759064,1,2133.598662795343,荒川
江戸川区|小松川1丁目,894231.6097759064,1,995.3034686655999,荒川
江戸川区|小松川1丁目,894231.6097759064,1,1805.2802405686232,荒川
江戸川区|小松川1丁目,894231.6097759064,1,79.07580366211361,荒川
江戸川区|小松川1丁目,894231.6097759064,1,5071.727518836588,荒川
江戸川区|小松川1丁目,894231.6097759064,1,2486.4207477000714,荒川
江戸川区|小松川1丁目,894231.6097759064,1,548.2949381928853,荒川
江戸川区|小松川1丁目,894231.6097759064,1,25.525035412070913,荒川
江戸川区|小松川1丁目,894231.6097759064,1,1448.9168729874154,荒川
江戸川区|小松川1丁目,894231.6097759064,1,234.7213603989235,荒川
江戸川区|小松川1丁目,894231.6097759064,1,2053.4054204160066,荒川
江戸川区|小松川1丁目,894231.6097759064,1,622.2513801821539,荒川
江戸川区|小松川1丁目,894231.6097759064,1,579.1344473921088,荒川
江戸川区|小松川1丁目,894231.6097759064,1,261.08097569706865,荒川
江戸川区|小松川1丁目,894231.6097759064,1,766.895073561867,荒川
江戸川区|小松川1丁目,894231.6097759064,1,203.0644344064952,荒川
江戸川区|小松川1丁目,894231.6097759064,2,76645.35115683515,荒川
江戸川区|小松川1丁目,894231.6097759064,2,3526.0555765526606,荒川
江戸川区|小松川1丁目,894231.6097759064,2,9613.24404822422,荒川
江戸川区|小松川1丁目,894231.6097759064,2,1466.273723419431,荒川
江戸川区|小松川1丁目,894231.6097759064,2,130.95176614528023,荒川
江戸川区|小松川1丁目,894231.6097759064,2,680.7233528654032,荒川
江戸川区|小松川1丁目,894231.6097759064,2,1010.7886790752369,荒川
江戸川区|小松川1丁目,894231.6097759064,2,6102.787780770765,荒川
江戸川区|小松川1丁目,894231.6097759064,2,26.57011323989192,荒川
江戸川区|小松川1丁目,894231.6097759064,2,26.148589812940212,荒川
江戸川区|小松川1丁目,894231.6097759064,2,574.2431821652016,荒川
江戸川区|小松川1丁目,894231.6097759064,2,656.8991478879778,荒川
江戸川区|小松川1丁目,894231.6097759064,2,235.5586458819481,荒川
江戸川区|小松川1丁目,894231.6097759064,2,25.526213795214737,荒川
江戸川区|小松川1丁目,894231.6097759064,2,366.73426764987926,荒川
江戸川区|小松川1丁目,894231.6097759064,3,22297.398549361722,荒川
江戸川区|小松川1丁目,894231.6097759064,3,79.07525467487646,荒川
江戸川区|小松川1丁目,894231.6097759064,3,261.08565176158254,荒川
江戸川区|小松川1丁目,894231.6097759064,3,52.50807644013283,荒川
江戸川区|小松川1丁目,894231.6097759064,3,25.52604726645386,荒川
江戸川区|小松川1丁目,894231.6097759064,3,444.74190330650663,荒川
江戸川区|小松川1丁目,894231.6097759064,3,1204.7795317764264,荒川
江戸川区|小松川1丁目,894231.6097759064,3,157.94463587501392,荒川
江戸川区|小松川1丁目,894231.6097759064,4,130.33220383675848,荒川
江戸川区|小松川2丁目,300083.73426395276,1,390.53101219742797,荒川
江戸川区|小松川2丁目,300083.73426395276,1,577.5154964344612,荒川
江戸川区|小松川2丁目,300083.73426395276,1,477.44896783669293,荒川
江戸川区|小松川2丁目,300083.73426395276,1,522.0874552542186,荒川
江戸川区|小松川2丁目,300083.73426395276,1,1616.697251454991,荒川
江戸川区|小松川2丁目,300083.73426395276,1,349.13683097168047,荒川
江戸川区|小松川2丁目,300083.73426395276,2,1073.1886835735763,荒川
江戸川区|小松川2丁目,300083.73426395276,2,52.712356814029015,荒川
江戸川区|小松川2丁目,300083.73426395276,2,25.522630067322787,荒川
江戸川区|小松川2丁目,300083.73426395276,2,157.92562305056617,荒川
江戸川区|小松川2丁目,300083.73426395276,2,5120.0633292093535,荒川
江戸川区|小松川2丁目,300083.73426395276,2,79.27662883335529,荒川
江戸川区|小松川2丁目,300083.73426395276,2,6876.0645234278445,荒川
江戸川区|小松川2丁目,300083.73426395276,2,496.56391177483056,荒川
江戸川区|小松川2丁目,300083.73426395276,2,367.5116838688149,荒川
江戸川区|小松川2丁目,300083.73426395276,2,1857.0188874065204,荒川
江戸川区|小松川2丁目,300083.73426395276,2,366.6801775977966,荒川
江戸川区|小松川2丁目,300083.73426395276,2,47.182150174535664,荒川
江戸川区|小松川2丁目,300083.73426395276,2,8234.734700765952,荒川
江戸川区|小松川2丁目,300083.73426395276,2,78.85730952296271,荒川
江戸川区|小松川2丁目,300083.73426395276,2,52.711745391990206,荒川
江戸川区|小松川2丁目,300083.73426395276,2,2148.086461453548,荒川
江戸川区|小松川2丁目,300083.73426395276,2,1570.7535992694666,荒川
江戸川区|小松川2丁目,300083.73426395276,3,102252.9454995397,荒川
江戸川区|小松川2丁目,300083.73426395276,3,5120.916696285429,荒川
江戸川区|小松川2丁目,300083.73426395276,4,1806.0153365803772,荒川
江戸川区|小松川3丁目,268426.0779627061,1,546.3371644891362,荒川
江戸川区|小松川3丁目,268426.0779627061,1,156.87874793167302,荒川
江戸川区|小松川3丁目,268426.0779627061,1,357.1820698670014,荒川
江戸川区|小松川3丁目,268426.0779627061,1,71.84013257809293,荒川
江戸川区|小松川3丁目,268426.0779627061,1,1.3304349105811426,荒川
江戸川区|小松川3丁目,268426.0779627061,2,1645.757498347892,荒川
江戸川区|小松川3丁目,268426.0779627061,2,2007.84701966358,荒川
江戸川区|小松川3丁目,268426.0779627061,2,470.19249489152327,荒川
江戸川区|小松川3丁目,268426.0779627061,2,3555.992068883509,荒川
江戸川区|小松川3丁目,268426.0779627061,2,20380.93916375455,荒川
江戸川区|小松川3丁目,268426.0779627061,2,2378.834365040487,荒川
江戸川区|小松川3丁目,268426.0779627061,2,837.6890528731672,荒川
江戸川区|小松川3丁目,268426.0779627061,3,133789.93969054392,荒川
江戸川区|小松川3丁目,268426.0779627061,3,759.0541406761482,荒川
江戸川区|小松川3丁目,268426.0779627061,3,732.0790916978755,荒川
江戸川区|小松川3丁目,268426.0779627061,3,26.144273448405777,荒川
江戸川区|小松川3丁目,268426.0779627061,4,26.144189234489232,荒川
江戸川区|小松川3丁目,268426.0779627061,4,235.56193870485373,荒川
江戸川区|小松川3丁目,268426.0779627061,4,77.80846788143998,荒川
江戸川区|小松川3丁目,268426.0779627061,4,52.28758696937754,荒川
江戸川区|小松川3丁目,268426.0779627061,4,12.978113495240109,荒川
江戸川区|小松川3丁目,268426.0779627061,4,3992.917174170489,荒川
江戸川区|小松川3丁目,268426.0779627061,4,25.521342001452734,荒川
江戸川区|小松川3丁目,268426.0779627061,4,9.385501587231808,荒川
江戸川区|小松川3丁目,268426.0779627061,4,52.70911461813702,荒川
江戸川区|小松川3丁目,268426.0779627061,4,26.56528735886085,荒川
江戸川区|小松川3丁目,268426.0779627061,4,7452.956315882896,荒川
江戸川区|小松川3丁目,268426.0779627061,4,25.521254082629046,荒川
江戸川区|小松川4丁目,140437.68649071507,3,74925.66526459173,荒川
江戸川区|平井1丁目,378033.4420926114,3,224001.14705142015,荒川
江戸川区|平井1丁目,378033.4420926114,4,25.930650896777536,荒川
江戸川区|平井1丁目,378033.4420926114,4,182.79030267285827,荒川
江戸川区|平井1丁目,378033.4420926114,4,51.45030627019978,荒川
江戸川区|平井1丁目,378033.4420926114,4,130.51269121726284,荒川
江戸川区|平井1丁目,378033.4420926114,4,26.14287432152053,荒川
江戸川区|平井1丁目,378033.4420926114,4,26.14270364626841,荒川
江戸川区|平井1丁目,378033.4420926114,4,26.14278421351007,荒川
江戸川区|平井1丁目,378033.4420926114,4,78.01741015972868,荒川
江戸川区|平井1丁目,378033.4420926114,4,26.564469155967473,荒川
江戸川区|平井1丁目,378033.4420926114,4,26.14303529770421,荒川
江戸川区|平井1丁目,378033.4420926114,4,156.867568940534,荒川
江戸川区|平井1丁目,378033.4420926114,4,52.49698879343951,荒川
江戸川区|平井1丁目,378033.4420926114,4,25.52063426069816,荒川
江戸川区|平井1丁目,378033.4420926114,4,25.93225414111749,荒川
江戸川区|平井1丁目,378033.4420926114,4,26.143102250074648,荒川
江戸川区|平井1丁目,378033.4420926114,4,26.56455090786069,荒川
江戸川区|平井1丁目,378033.4420926114,4,833.6964856406561,荒川
江戸川区|平井1丁目,378033.4420926114,4,26.143115712476856,荒川
江戸川区|平井1丁目,378033.4420926114,4,25.52046778994874,荒川
江戸川区|平井1丁目,378033.4420926114,4,25.93208834932617,荒川
江戸川区|平井1丁目,378033.4420926114,4,26.564843629554986,荒川
江戸川区|平井1丁目,378033.4420926114,4,26.56492554789676,荒川
江戸川区|平井1丁目,378033.4420926114,4,6669.04669119677,荒川
江戸川区|平井1丁目,378033.4420926114,4,25.520625203041643,荒川
江戸川区|平井1丁目,378033.4420926114,4,157.29103463695475,荒川
江戸川区|平井1丁目,378033.4420926114,4,25.520860797634974,荒川
江戸川区|平井1丁目,378033.4420926114,4,26.56521169230331,荒川
江戸川区|平井1丁目,378033.4420926114,4,3136.5953563353373,荒川
江戸川区|平井1丁目,378033.4420926114,4,26.143706138906783,荒川
江戸川区|平井1丁目,378033.4420926114,4,13.587132923585846,荒川
江戸川区|平井1丁目,378033.4420926114,4,52.49802730185837,荒川
江戸川区|平井1丁目,378033.4420926114,4,630.863687600213,荒川
江戸川区|平井1丁目,378033.4420926114,4,121.96555613360124,荒川
江戸川区|平井1丁目,378033.4420926114,4,26.565341831581048,荒川
江戸川区|平井2丁目,214706.36983420933,2,563.833437018902,荒川
江戸川区|平井2丁目,214706.36983420933,2,412.0297448959526,荒川
江戸川区|平井2丁目,214706.36983420933,2,311.5200312547238,荒川
江戸川区|平井2丁目,214706.36983420933,2,156.86975589623992,荒川
江戸川区|平井2丁目,214706.36983420933,2,51.865694630817686,荒川
江戸川区|平井2丁目,214706.36983420933,2,2874.947969617777,荒川
江戸川区|平井2丁目,214706.36983420933,2,1522.0118581530387,荒川
江戸川区|平井2丁目,214706.36983420933,2,259.75994843073914,荒川
江戸川区|平井2丁目,214706.36983420933,2,1102.9666548618736,荒川
江戸川区|平井2丁目,214706.36983420933,2,5079.94670233768,荒川
江戸川区|平井2丁目,214706.36983420933,3,126714.63763405546,荒川
江戸川区|平井2丁目,214706.36983420933,3,2328.283417234639,荒川
江戸川区|平井2丁目,214706.36983420933,3,5852.953612254723,荒川
江戸川区|平井2丁目,214706.36983420933,3,3997.174948182393,荒川
江戸川区|平井2丁目,214706.36983420933,3,4415.251649732696,荒川
江戸川区|平井2丁目,214706.36983420933,3,1332.9449373560267,荒川
江戸川区|平井2丁目,214706.36983420933,3,2824.642678547181,荒川
江戸川区|平井2丁目,214706.36983420933,3,3628.030305946105,荒川
江戸川区|平井2丁目,214706.36983420933,3,3769.2131999402836,荒川
江戸川区|平井2丁目,214706.36983420933,3,314.5670501859552,荒川
江戸川区|平井2丁目,214706.36983420933,3,26.56473387301017,荒川
江戸川区|平井2丁目,214706.36983420933,3,25.932333790507442,荒川
江戸川区|平井2丁目,214706.36983420933,3,26.143182494544682,荒川
江戸川区|平井2丁目,214706.36983420933,3,52.708592972797106,荒川
江戸川区|平井2丁目,214706.36983420933,4,44735.12439445664,荒川
江戸川区|平井2丁目,214706.36983420933,4,79.05866180688372,荒川
江戸川区|平井2丁目,214706.36983420933,4,25.931169236549508,荒川
江戸川区|平井2丁目,214706.36983420933,4,130.93169535415075,荒川
江戸川区|平井2丁目,214706.36983420933,4,26.142528455068227,荒川
江戸川区|平井2丁目,214706.36983420933,4,25.931808093112643,荒川
江戸川区|平井2丁目,214706.36983420933,4,104.15984968643835,荒川
江戸川区|平井2丁目,214706.36983420933,4,51.66307989165996,荒川
江戸川区|平井2丁目,214706.36983420933,4,312.9046395159474,荒川
江戸川区|平井2丁目,214706.36983420933,4,25.932173767713024,荒川
江戸川区|平井2丁目,214706.36983420933,4,26.14302117727798,荒川
江戸川区|平井2丁目,214706.36983420933,4,26.14286395221217,荒川
江戸川区|平井2丁目,214706.36983420933,4,234.88448982438388,荒川
江戸川区|平井2丁目,214706.36983420933,4,25.93225404707672,荒川
江戸川区|平井2丁目,214706.36983420933,4,51.66339808738971,荒川
江戸川区|平井2丁目,214706.36983420933,4,182.80032907548716,荒川
江戸川区|平井2丁目,214706.36983420933,4,52.707733014148005,荒川
江戸川区|平井2丁目,214706.36983420933,4,105.4150584612891,荒川
江戸川区|平井2丁目,214706.36983420933,4,52.496943171665,荒川
江戸川区|平井2丁目,214706.36983420933,4,52.49676003454937,荒川
江戸川区|平井2丁目,214706.36983420933,4,78.8510111930425,荒川
江戸川区|平井2丁目,214706.36983420933,4,105.204893381994,荒川
江戸川区|平井2丁目,214706.36983420933,4,26.143025191557417,荒川
江戸川区|平井2丁目,214706.36983420933,4,26.564836780281887,荒川
江戸川区|平井2丁目,214706.36983420933,4,339.8837366062782,荒川
江戸川区|平井2丁目,214706.36983420933,4,104.79430739323621,荒川
江戸川区|平井2丁目,214706.36983420933,4,25.521026916789232,荒川
江戸川区|平井2丁目,214706.36983420933,4,26.14354451204185,荒川
江戸川区|平井3丁目,252662.02371106175,2,6863.325928730121,荒川
江戸川区|平井3丁目,252662.02371106175,2,38.844592655471175,荒川
江戸川区|平井3丁目,252662.02371106175,2,34795.57416672645,荒川
江戸川区|平井3丁目,252662.02371106175,2,26.142209906278083,荒川
江戸川区|平井3丁目,252662.02371106175,3,209689.84989736523,荒川
江戸川区|平井3丁目,252662.02371106175,3,51.66299168056742,荒川
江戸川区|平井3丁目,252662.02371106175,4,0.03983526097346431,荒川
江戸川区|平井3丁目,252662.02371106175,4,9.290405230103218,荒川
江戸川区|平井3丁目,252662.02371106175,4,1.299327740583038,荒川
江戸川区|平井3丁目,252662.02371106175,4,820.4017013843909,荒川
江戸川区|平井3丁目,252662.02371106175,4,26.1423501868216,荒川
江戸川区|平井3丁目,252662.02371106175,4,25.519916932546224,荒川
江戸川区|平井3丁目,252662.02371106175,4,52.49560055203539,荒川
江戸川区|平井3丁目,252662.02371106175,4,52.2850395687555,荒川
江戸川区|平井3丁目,252662.02371106175,4,26.564283855588236,荒川
江戸川区|平井3丁目,252662.02371106175,4,25.52020134219078,荒川
江戸川区|平井3丁目,252662.02371106175,4,26.564311025920098,荒川
江戸川区|平井3丁目,252662.02371106175,4,26.56432479745878,荒川
江戸川区|平井3丁目,252662.02371106175,4,103.93656536184047,荒川
江戸川区|平井4丁目,418972.69657022104,2,599.4110456193165,荒川
江戸川区|平井4丁目,418972.69657022104,3,218268.57833054554,荒川
江戸川区|平井4丁目,418972.69657022104,3,4675.629453216478,荒川
江戸川区|平井4丁目,418972.69657022104,3,341.1156102087308,荒川
江戸川区|平井4丁目,418972.69657022104,3,131.34136077206506,荒川
江戸川区|平井4丁目,418972.69657022104,3,104.36619709156473,荒川
江戸川区|平井4丁目,418972.69657022104,3,2245.0094319181535,荒川
江戸川区|平井4丁目,418972.69657022104,3,626.8244110851026,荒川
江戸川区|平井4丁目,418972.69657022104,3,2510.6345035485933,荒川
江戸川区|平井4丁目,418972.69657022104,3,25.931215516065187,荒川
江戸川区|平井4丁目,418972.69657022104,3,313.72337435048667,荒川
江戸川区|平井4丁目,418972.69657022104,3,25.519651494661208,荒川
江戸川区|平井4丁目,418972.69657022104,3,26.56352765617386,荒川
江戸川区|平井4丁目,418972.69657022104,3,652.1363293309748,荒川
江戸川区|平井4丁目,418972.69657022104,3,837.8535377540222,荒川
江戸川区|平井4丁目,418972.69657022104,3,233.62282687572073,荒川
江戸川区|平井4丁目,418972.69657022104,3,1.2154038957575608,荒川
江戸川区|平井4丁目,418972.69657022104,3,575.7657343353477,荒川
江戸川区|平井4丁目,418972.69657022104,4,78.01075115424757,荒川
江戸川区|平井4丁目,418972.69657022104,4,26.141008021341154,荒川
江戸川区|平井4丁目,418972.69657022104,4,26.562436709825665,荒川
江戸川区|平井4丁目,418972.69657022104,4,208.30529998655243,荒川
江戸川区|平井4丁目,418972.69657022104,4,26.562879408495323,荒川
江戸川区|平井4丁目,418972.69657022104,4,26.562668561092245,荒川
江戸川区|平井4丁目,418972.69657022104,4,26.56293410872965,荒川
江戸川区|平井4丁目,418972.69657022104,4,52.2824633359403,荒川
江戸川区|平井4丁目,418972.69657022104,4,26.56305673914126,荒川
江戸川区|平井4丁目,418972.69657022104,4,130.716623286366,荒川
江戸川区|平井4丁目,418972.69657022104,4,52.493606726209066,荒川
江戸川区|平井4丁目,418972.69657022104,4,366.42237552557094,荒川
江戸川区|平井4丁目,418972.69657022104,4,52.704648463208265,荒川
江戸川区|平井4丁目,418972.69657022104,4,25.5192978940845,荒川
江戸川区|平井4丁目,418972.69657022104,4,26.141772959320935,荒川
江戸川区|平井4丁目,418972.69657022104,4,52.494433269891466,荒川
江戸川区|平井4丁目,418972.69657022104,4,77.80299487458237,荒川
江戸川区|平井4丁目,418972.69657022104,4,122.06140237916365,荒川
江戸川区|平井4丁目,418972.69657022104,4,25.264118053539594,荒川
江戸川区|平井4丁目,418972.69657022104,4,25.931009869437013,荒川
江戸川区|平井4丁目,418972.69657022104,4,25.9310499186914,荒川
江戸川区|平井4丁目,418972.69657022104,4,26.141884843413195,荒川
江戸川区|平井4丁目,418972.69657022104,4,83437.78672706595,荒川
江戸川区|平井4丁目,418972.69657022104,4,26.14192493386628,荒川
江戸川区|平井4丁目,418972.69657022104,4,25.931614957153855,荒川
江戸川区|平井4丁目,418972.69657022104,4,26.142502166704567,荒川
江戸川区|平井5丁目,301430.1743442517,2,1802.7816528657927,荒川
江戸川区|平井5丁目,301430.1743442517,2,389.72390246924357,荒川
江戸川区|平井5丁目,301430.1743442517,2,396.61462462971076,荒川
江戸川区|平井5丁目,301430.1743442517,3,240608.0397632006,荒川
江戸川区|平井5丁目,301430.1743442517,4,25.929936910541713,荒川
江戸川区|平井5丁目,301430.1743442517,4,339.8481331831962,荒川
江戸川区|平井5丁目,301430.1743442517,4,26.140766130879015,荒川
江戸川区|平井5丁目,301430.1743442517,4,52.703052125126455,荒川
江戸川区|平井5丁目,301430.1743442517,4,25.929811181434694,荒川
江戸川区|平井5丁目,301430.1743442517,4,26.562272898082227,荒川
江戸川区|平井5丁目,301430.1743442517,4,25.519375621335186,荒川
江戸川区|平井5丁目,301430.1743442517,4,158.53679925228738,荒川
江戸川区|平井5丁目,301430.1743442517,4,52.70487002698385,荒川
江戸川区|平井5丁目,301430.1743442517,4,22.3455053844776,荒川
江戸川区|平井5丁目,301430.1743442517,4,52.45446157256975,荒川
江戸川区|平井5丁目,301430.1743442517,4,51.45022429707702,荒川
江戸川区|平井5丁目,301430.1743442517,4,26.56350626017599,荒川
江戸川区|平井5丁目,301430.1743442517,4,25.519454191604744,荒川
江戸川区|平井5丁目,301430.1743442517,4,26.563533318261022,荒川
江戸川区|平井5丁目,301430.1743442517,4,47.25822808323549,荒川
江戸川区|平井5丁目,301430.1743442517,4,26.140448236930652,荒川
江戸川区|平井5丁目,301430.1743442517,4,26.56210926282441,荒川
江戸川区|平井5丁目,301430.1743442517,4,25.51831457664391,荒川
江戸川区|平井5丁目,301430.1743442517,4,25.929897164861952,荒川
江戸川区|平井5丁目,301430.1743442517,4,25.518314745863282,荒川
江戸川区|平井5丁目,301430.1743442517,4,9157.593447665213,荒川
江戸川区|平井6丁目,542671.6637289901,2,1154.2041942942287,荒川
江戸川区|平井6丁目,542671.6637289901,2,4317.718247361676,荒川
江戸川区|平井6丁目,542671.6637289901,2,3519.3937526430864,荒川
江戸川区|平井6丁目,542671.6637289901,2,4815.461266819395,荒川
江戸川区|平井6丁目,542671.6637289901,2,220.17138627453303,荒川
江戸川区|平井6丁目,542671.6637289901,2,3776.4933695433633,荒川
江戸川区|平井6丁目,542671.6637289901,2,311.6182501168384,荒川
江戸川区|平井6丁目,542671.6637289901,2,8232.963275174423,荒川
江戸川区|平井6丁目,542671.6637289901,2,680.9250732129974,荒川
江戸川区|平井6丁目,542671.6637289901,2,25965.236200707404,荒川
江戸川区|平井6丁目,542671.6637289901,2,79.26633081660907,荒川
江戸川区|平井6丁目,542671.6637289901,3,338348.1582366107,荒川
江戸川区|平井6丁目,542671.6637289901,3,313.476132530131,荒川
江戸川区|平井6丁目,542671.6637289901,3,8.806282771704828,荒川
江戸川区|平井6丁目,542671.6637289901,3,25.519611261664693,荒川
江戸川区|平井6丁目,542671.6637289901,3,26.139669189282273,荒川
江戸川区|平井6丁目,542671.6637289901,4,7613.499278471377,荒川
江戸川区|平井6丁目,542671.6637289901,4,77.7947684211808,荒川
江戸川区|平井6丁目,542671.6637289901,4,132.3815323308197,荒川
江戸川区|平井6丁目,542671.6637289901,4,288.5940602000094,荒川
江戸川区|平井6丁目,542671.6637289901,4,26.1409978791455,荒川
江戸川区|平井6丁目,542671.6637289901,4,292.3699493651273,荒川
江戸川区|平井6丁目,542671.6637289901,4,182.9980496954352,荒川
江戸川区|平井6丁目,542671.6637289901,4,25.93032989509089,荒川
江戸川区|平井6丁目,542671.6637289901,4,26.141158971353924,荒川
江戸川区|平井6丁目,542671.6637289901,4,26.14117249694339,荒川
江戸川区|平井6丁目,542671.6637289901,4,52.49320135378684,荒川
江戸川区|平井6丁目,542671.6637289901,4,391.93914874045026,荒川
江戸川区|平井6丁目,542671.6637289901,4,51.66002876758286,荒川
江戸川区|平井6丁目,542671.6637289901,4,971.4181995180896,荒川
江戸川区|平井6丁目,542671.6637289901,4,52.70453354934298,荒川
江戸川区|平井6丁目,542671.6637289901,4,14051.061910988443,荒川
江戸川区|平井6丁目,542671.6637289901,4,209.3518158002587,荒川
江戸川区|平井6丁目,542671.6637289901,4,313.9069281621175,荒川
江戸川区|平井6丁目,542671.6637289901,4,26.13981305512643,荒川
江戸川区|平井6丁目,542671.6637289901,4,105.6201937081483,荒川
江戸川区|平井6丁目,542671.6637289901,4,313.4862090807472,荒川
江戸川区|平井6丁目,542671.6637289901,4,25.928932045138886,荒川
江戸川区|平井6丁目,542671.6637289901,4,52.490577521160475,荒川
江戸川区|平井6丁目,542671.6637289901,4,77.80198709712617,荒川
江戸川区|平井6丁目,542671.6637289901,4,25.517606956746768,荒川
江戸川区|平井6丁目,542671.6637289901,4,25.929217760799723,荒川
江戸川区|平井6丁目,542671.6637289901,4,26.56313158348405,荒川
江戸川区|平井6丁目,542671.6637289901,4,25.929217909142622,荒川
江戸川区|平井6丁目,542671.6637289901,4,77.80252356278982,荒川
江戸川区|平井6丁目,542671.6637289901,4,25.92901208882645,荒川
江戸川区|平井6丁目,542671.6637289901,4,26.561481545275903,荒川
江戸川区|平井6丁目,542671.6637289901,4,76.96466015042392,荒川
江戸川区|平井6丁目,542671.6637289901,4,105.6207313878261,荒川
江戸川区|平井6丁目,542671.6637289901,4,53.123337474877836,荒川
江戸川区|平井6丁目,542671.6637289901,4,26.139964750875265,荒川
江戸川区|平井6丁目,542671.6637289901,4,25.5175976987372,荒川
江戸川区|平井6丁目,542671.6637289901,4,392.98882183915504,荒川
江戸川区|平井6丁目,542671.6637289901,4,52.28041820234013,荒川
江戸川区|平井6丁目,542671.6637289901,4,26.141812677225637,荒川
江戸川区|平井6丁目,542671.6637289901,4,26.13999150135069,荒川
江戸川区|平井6丁目,542671.6637289901,4,78.21947102777223,荒川
江戸川区|平井6丁目,542671.6637289901,4,26.561869793754198,荒川
江戸川区|平井6丁目,542671.6637289901,4,1177.435655627396,荒川
江戸川区|平井6丁目,542671.6637289901,4,25.51941478932786,荒川
江戸川区|平井6丁目,542671.6637289901,4,3.584032205430589,荒川
江戸川区|平井6丁目,542671.6637289901,4,26.562060623920217,荒川
江戸川区|平井6丁目,542671.6637289901,4,837.6317401007531,荒川
江戸川区|平井6丁目,542671.6637289901,4,26.140246620754525,荒川
江戸川区|平井6丁目,542671.6637289901,4,53.12659049109091,荒川
江戸川区|平井6丁目,542671.6637289901,4,26.561863594478172,荒川
江戸川区|平井6丁目,542671.6637289901,4,25.929657171848305,荒川
江戸川区|平井6丁目,542671.6637289901,4,25.92945144149369,荒川
江戸川区|平井6丁目,542671.6637289901,4,51.45030324094563,荒川
江戸川区|平井6丁目,542671.6637289901,4,26.56190442529922,荒川
江戸川区|平井6丁目,542671.6637289901,4,52.705426463415364,荒川
江戸川区|平井6丁目,542671.6637289901,4,77.79915721026373,荒川
江戸川区|平井6丁目,542671.6637289901,4,5.865894447947013,荒川
江戸川区|平井6丁目,542671.6637289901,4,53.12420399960886,荒川
江戸川区|平井6丁目,542671.6637289901,4,25.5194448200712,荒川
江戸川区|平井6丁目,542671.6637289901,4,365.98846694486235,荒川
江戸川区|平井6丁目,542671.6637289901,4,52.70541061285469,荒川
江戸川区|平井7丁目,557019.9895323595,1,26.137910656230723,荒川
江戸川区|平井7丁目,557019.9895323595,1,444.37679829326083,荒川
江戸川区|平井7丁目,557019.9895323595,1,1094.1082661388205,荒川
江戸川区|平井7丁目,557019.9895323595,1,260.7720705852066,荒川
江戸川区|平井7丁目,557019.9895323595,2,210838.27349762956,荒川
江戸川区|平井7丁目,557019.9895323595,2,52.486937874197636,荒川
江戸川区|平井7丁目,557019.9895323595,2,1767.237455227309,荒川
江戸川区|平井7丁目,557019.9895323595,2,233.59584504008862,荒川
江戸川区|平井7丁目,557019.9895323595,2,548.9352206888461,荒川
江戸川区|平井7丁目,557019.9895323595,2,2755.2082487433527,荒川
江戸川区|平井7丁目,557019.9895323595,2,937.2807224768785,荒川
江戸川区|平井7丁目,557019.9895323595,2,77.37149786105017,荒川
江戸川区|平井7丁目,557019.9895323595,3,210650.06095931312,荒川
江戸川区|平井7丁目,557019.9895323595,3,25.927533934309906,荒川
江戸川区|平井7丁目,557019.9895323595,3,52.69855856969232,荒川
江戸川区|平井7丁目,557019.9895323595,3,1046.458152512726,荒川
江戸川区|平井7丁目,557019.9895323595,3,470.53151021486633,荒川
江戸川区|平井7丁目,557019.9895323595,3,156.84400949016018,荒川
江戸川区|平井7丁目,557019.9895323595,3,907.1640375664309,荒川
江戸川区|平井7丁目,557019.9895323595,3,26.56084041115652,荒川
江戸川区|平井7丁目,557019.9895323595,3,26.561242115972046,荒川
江戸川区|平井7丁目,557019.9895323595,3,52.49001078297184,荒川
江戸川区|平井7丁目,557019.9895323595,3,52.48948882042875,荒川
江戸川区|平井7丁目,557019.9895323595,3,26.561337425390377,荒川
江戸川区|平井7丁目,557019.9895323595,3,26.49576424073051,荒川
江戸川区|平井7丁目,557019.9895323595,3,25.51571949748557,荒川
江戸川区|平井7丁目,557019.9895323595,3,14.740149646904392,荒川
江戸川区|平井7丁目,557019.9895323595,3,52.487067805222054,荒川
江戸川区|平井7丁目,557019.9895323595,3,26.55974148924514,荒川
江戸川区|平井7丁目,557019.9895323595,3,77.79177107448935,荒川
江戸川区|平井7丁目,557019.9895323595,3,51.654025894673836,荒川
江戸川区|平井7丁目,557019.9895323595,3,26.559571648990143,荒川
江戸川区|平井7丁目,557019.9895323595,3,53.11942216193625,荒川
江戸川区|平井7丁目,557019.9895323595,4,51.442377287948425,荒川
江戸川区|平井7丁目,557019.9895323595,4,25.926894424950508,荒川
江戸川区|平井7丁目,557019.9895323595,4,52.697177631180296,荒川
江戸川区|平井7丁目,557019.9895323595,4,209.74482230682267,荒川
江戸川区|平井7丁目,557019.9895323595,4,287.1153305658931,荒川
江戸川区|平井7丁目,557019.9895323595,4,26.55961865386115,荒川
江戸川区|平井7丁目,557019.9895323595,4,25.927379964345484,荒川
江戸川区|平井7丁目,557019.9895323595,4,77.79189080441377,荒川
江戸川区|平井7丁目,557019.9895323595,4,13724.766394007622,荒川
江戸川区|平井7丁目,557019.9895323595,4,26.138913465378828,荒川
江戸川区|平井7丁目,557019.9895323595,4,26.56064192157836,荒川
江戸川区|平井7丁目,557019.9895323595,4,105.39976985216299,荒川
江戸川区|平井7丁目,557019.9895323595,4,71.7217558091221,荒川
江戸川区|平井7丁目,557019.9895323595,4,156.01184813683673,荒川
江戸川区|平井7丁目,557019.9895323595,4,52.48913129591784,荒川
江戸川区|平井7丁目,557019.9895323595,4,26.139410167364755,荒川
江戸川区|平井7丁目,557019.9895323595,4,26.139239648011593,荒川
江戸川区|平井7丁目,557019.9895323595,4,155.3800047075379,荒川
江戸川区|平井7丁目,557019.9895323595,4,53.12195950187946,荒川
江戸川区|平井7丁目,557019.9895323595,4,3527.799398466261,荒川
江戸川区|平井7丁目,557019.9895323595,4,3993.974208175159,荒川
江戸川区|平井7丁目,557019.9895323595,4,410.3285904489192,荒川
江戸川区|中央1丁目,235999.72925185144,3,235999.7292518515,荒川
江戸川区|中央2丁目,266687.647536552,2,50318.628518947546,荒川
江戸川区|中央2丁目,266687.647536552,2,970.2051322514253,荒川
江戸川区|中央2丁目,266687.647536552,2,78.84722682722395,荒川
江戸川区|中央2丁目,266687.647536552,2,313.08337371974227,荒川
江戸川区|中央2丁目,266687.647536552,2,261.00464867353236,荒川
江戸川区|中央2丁目,266687.647536552,2,51.662029117690835,荒川
江戸川区|中央2丁目,266687.647536552,2,25.519649976516284,荒川
江戸川区|中央2丁目,266687.647536552,3,214486.7397230173,荒川
江戸川区|中央2丁目,266687.647536552,3,26.56270170396723,荒川
江戸川区|中央2丁目,266687.647536552,3,51.660391284993246,荒川
江戸川区|中央2丁目,266687.647536552,3,26.14150326809571,荒川
江戸川区|中央2丁目,266687.647536552,3,26.141650897163167,荒川
江戸川区|中央2丁目,266687.647536552,3,51.45098686670947,荒川
江戸川区|中央3丁目,237574.95432505774,2,1173.4629883868915,荒川
江戸川区|中央3丁目,237574.95432505774,2,967.6357487711198,荒川
江戸川区|中央3丁目,237574.95432505774,3,235433.85558789986,荒川
江戸川区|中央4丁目,215590.11154990265,2,234.63900079751787,荒川
江戸川区|中央4丁目,215590.11154990265,2,1383.1627589369457,荒川
江戸川区|中央4丁目,215590.11154990265,2,130.71005752344124,荒川
江戸川区|中央4丁目,215590.11154990265,2,209.34032468716066,荒川
江戸川区|中央4丁目,215590.11154990265,2,472.5521065691779,荒川
江戸川区|中央4丁目,215590.11154990265,2,22.884301861742458,荒川
江戸川区|中央4丁目,215590.11154990265,2,256.06851454458683,荒川
江戸川区|中央4丁目,215590.11154990265,3,212880.75448498208,荒川
江戸川区|松島1丁目,316075.613741778,2,3972.0325134652835,荒川
江戸川区|松島1丁目,316075.613741778,2,277.99010815158096,荒川
江戸川区|松島1丁目,316075.613741778,2,395.9699478672767,荒川
江戸川区|松島1丁目,316075.613741778,2,93.86998634862887,荒川
江戸川区|松島1丁目,316075.613741778,2,468.10690095137414,荒川
江戸川区|松島1丁目,316075.613741778,3,250607.25880319372,荒川
江戸川区|松島1丁目,316075.613741778,4,26.56411917974831,荒川
江戸川区|松島1丁目,316075.613741778,4,41.60703069268039,荒川
江戸川区|松島2丁目,489079.0198040886,2,653.5830747802552,荒川
江戸川区|松島2丁目,489079.0198040886,2,269.7706041629701,荒川
江戸川区|松島2丁目,489079.0198040886,2,651.5011190896521,荒川
江戸川区|松島2丁目,489079.0198040886,2,448.5091230729501,荒川
江戸川区|松島2丁目,489079.0198040886,2,815.5592870446526,荒川
江戸川区|松島2丁目,489079.0198040886,2,178.96109618987896,荒川
江戸川区|松島2丁目,489079.0198040886,3,300324.8294150009,荒川
江戸川区|松島3丁目,259807.11656729758,2,864.1282191929103,荒川
江戸川区|松島3丁目,259807.11656729758,2,574.4838263547075,荒川
江戸川区|松島3丁目,259807.11656729758,3,258368.50452175,荒川
江戸川区|松島4丁目,440074.2680471365,2,653.5381761775864,荒川
江戸川区|松島4丁目,440074.2680471365,2,0.8333965376369783,荒川
江戸川区|松島4丁目,440074.2680471365,2,0.8434197279520224,荒川
江戸川区|松島4丁目,440074.2680471365,3,223446.46002454983,荒川
江戸川区|松島4丁目,440074.2680471365,4,13.886191218834652,荒川
江戸川区|松江1丁目,185393.8175958808,3,185393.81759588077,荒川
江戸川区|松江2丁目,274810.95003278245,2,15393.788762905948,荒川
江戸川区|松江2丁目,274810.95003278245,2,157.07779810340742,荒川
江戸川区|松江2丁目,274810.95003278245,3,259234.1514152143,荒川
江戸川区|松江2丁目,274810.95003278245,3,25.932056559116546,荒川
江戸川区|松江3丁目,109085.30744511278,3,109085.30744511278,荒川
江戸川区|松江4丁目,208282.24776152676,3,208282.24776152676,荒川
江戸川区|松江5丁目,228945.2614347136,2,26595.214791561368,荒川
江戸川区|松江5丁目,228945.2614347136,2,577.1528499670424,荒川
江戸川区|松江5丁目,228945.2614347136,2,598.9133345276232,荒川
江戸川区|松江5丁目,228945.2614347136,2,417.75324734204366,荒川
江戸川区|松江5丁目,228945.2614347136,2,26.5688236910187,荒川
江戸川区|松江5丁目,228945.2614347136,2,25.52455946686279,荒川
江戸川区|松江5丁目,228945.2614347136,3,199970.8946972668,荒川
江戸川区|松江5丁目,228945.2614347136,3,25.524962121960353,荒川
江戸川区|松江5丁目,228945.2614347136,3,26.569233206638447,荒川
江戸川区|松江5丁目,228945.2614347136,3,235.13794208029597,荒川
江戸川区|松江5丁目,228945.2614347136,3,446.00699348193655,荒川
江戸川区|松江6丁目,91918.2197948084,2,0.7592977408422342,荒川
江戸川区|松江6丁目,91918.2197948084,2,575.9108518956547,荒川
江戸川区|松江6丁目,91918.2197948084,2,470.48313656954474,荒川
江戸川区|松江6丁目,91918.2197948084,2,7864.390806506992,荒川
江戸川区|松江6丁目,91918.2197948084,3,82951.70915725279,荒川
江戸川区|松江6丁目,91918.2197948084,3,25.947498470897735,荒川
江戸川区|松江6丁目,91918.2197948084,3,17.62451134234448,荒川
江戸川区|松江6丁目,91918.2197948084,3,11.394535029389965,荒川
江戸川区|松江7丁目,269318.91245153744,2,12256.337333888638,荒川
江戸川区|松江7丁目,269318.91245153744,2,2037.6360924927808,荒川
江戸川区|松江7丁目,269318.91245153744,2,0.0029093706363135423,荒川
江戸川区|松江7丁目,269318.91245153744,2,7058.748873278407,荒川
江戸川区|松江7丁目,269318.91245153744,2,1886.222350635795,荒川
江戸川区|松江7丁目,269318.91245153744,2,1046.1798506796538,荒川
江戸川区|松江7丁目,269318.91245153744,2,201.17330476635112,荒川
江戸川区|松江7丁目,269318.91245153744,2,809.7554382166145,荒川
江戸川区|松江7丁目,269318.91245153744,3,243934.51204179882,荒川
江戸川区|松江7丁目,269318.91245153744,3,52.71454589250702,荒川
江戸川区|松江7丁目,269318.91245153744,3,25.524170052219926,荒川
江戸川区|松江7丁目,269318.91245153744,3,10.105540465116178,荒川
江戸川区|東小松川1丁目,109716.03095068022,2,1093.675059802165,荒川
江戸川区|東小松川1丁目,109716.03095068022,2,1636.2597434967895,荒川
江戸川区|東小松川1丁目,109716.03095068022,2,469.9838148137564,荒川
江戸川区|東小松川1丁目,109716.03095068022,3,105852.0312819734,荒川
江戸川区|東小松川1丁目,109716.03095068022,4,664.0810814633796,荒川
江戸川区|東小松川2丁目,193994.10148887348,2,549.0611152958811,荒川
江戸川区|東小松川2丁目,193994.10148887348,3,193445.04037357768,荒川
江戸川区|東小松川3丁目,378109.35530324484,2,991.4926335623754,荒川
江戸川区|東小松川3丁目,378109.35530324484,2,651.5852035064743,荒川
江戸川区|東小松川3丁目,378109.35530324484,2,1956.891145401108,荒川
江戸川区|東小松川3丁目,378109.35530324484,3,207956.6391355203,荒川
江戸川区|東小松川4丁目,437144.6774276237,2,653.70417160625,荒川
江戸川区|東小松川4丁目,437144.6774276237,2,654.7504710414735,荒川
江戸川区|東小松川4丁目,437144.6774276237,2,601.2037287467696,荒川
江戸川区|東小松川4丁目,437144.6774276237,2,17024.088066303666,荒川
江戸川区|東小松川4丁目,437144.6774276237,2,6171.990869739833,荒川
江戸川区|東小松川4丁目,437144.6774276237,2,26.56878207974777,荒川
江戸川区|東小松川4丁目,437144.6774276237,2,287.4298364696452,荒川
江戸川区|東小松川4丁目,437144.6774276237,3,273394.72247879,荒川
江戸川区|東小松川4丁目,437144.6774276237,3,651.6190105811576,荒川
江戸川区|東小松川4丁目,437144.6774276237,3,79.07371800787136,荒川
江戸川区|東小松川4丁目,437144.6774276237,3,77.81870267878307,荒川
江戸川区|東小松川4丁目,437144.6774276237,4,52.294597024189656,荒川
江戸川区|東小松川4丁目,437144.6774276237,4,51.67260580014431,荒川
江戸川区|西小松川町,511602.25845710357,2,8158.882757688776,荒川
江戸川区|西小松川町,511602.25845710357,2,759.0015404795317,荒川
江戸川区|西小松川町,511602.25845710357,2,471.67169771250803,荒川
江戸川区|西小松川町,511602.25845710357,2,524.7939061236494,荒川
江戸川区|西小松川町,511602.25845710357,2,313.74570318984445,荒川
江戸川区|西小松川町,511602.25845710357,2,604.3088435709392,荒川
江戸川区|西小松川町,511602.25845710357,2,2250.5152399958956,荒川
江戸川区|西小松川町,511602.25845710357,3,231780.86683071524,荒川
江戸川区|西一之江1丁目,127177.57866622007,2,112536.90184462404,荒川
江戸川区|西一之江1丁目,127177.57866622007,2,2351.4214118528553,荒川
江戸川区|西一之江1丁目,127177.57866622007,2,51.66542951378011,荒川
江戸川区|西一之江1丁目,127177.57866622007,2,26.565636968932917,荒川
江戸川区|西一之江1丁目,127177.57866622007,2,963.2815464502693,荒川
江戸川区|西一之江1丁目,127177.57866622007,3,11142.535412918041,荒川
江戸川区|西一之江1丁目,127177.57866622007,3,52.49804402501311,荒川
江戸川区|西一之江1丁目,127177.57866622007,3,26.14382578023623,荒川
江戸川区|西一之江1丁目,127177.57866622007,3,26.565514091935114,荒川
江戸川区|西一之江2丁目,194371.89008503,2,194371.89008502997,荒川
江戸川区|西一之江3丁目,265010.7483710849,2,106175.9997892632,荒川
江戸川区|西一之江3丁目,265010.7483710849,2,2931.025153726281,荒川
江戸川区|西一之江3丁目,265010.7483710849,2,392.62748429622167,荒川
江戸川区|西一之江3丁目,265010.7483710849,2,77.81134018876942,荒川
江戸川区|西一之江3丁目,265010.7483710849,2,630.2613792111036,荒川
江戸川区|西一之江3丁目,265010.7483710849,2,782.9571659826877,荒川
江戸川区|西一之江3丁目,265010.7483710849,2,286.79412341503786,荒川
江戸川区|西一之江3丁目,265010.7483710849,2,51.66655331907473,荒川
江戸川区|西一之江3丁目,265010.7483710849,2,443.669040586506,荒川
江戸川区|西一之江3丁目,265010.7483710849,2,261.4810011500315,荒川
江戸川区|西一之江3丁目,265010.7483710849,2,338.8616217912207,荒川
江戸川区|西一之江3丁目,265010.7483710849,2,444.9092624288838,荒川
江戸川区|西一之江3丁目,265010.7483710849,3,151219.0849423328,荒川
江戸川区|西一之江3丁目,265010.7483710849,3,26.568057776965304,荒川
江戸川区|西一之江3丁目,265010.7483710849,3,53.13597260958413,荒川
江戸川区|西一之江3丁目,265010.7483710849,3,396.6907080445098,荒川
江戸川区|西一之江3丁目,265010.7483710849,3,26.566114612212925,荒川
江戸川区|西一之江3丁目,265010.7483710849,3,51.667149430007846,荒川
江戸川区|西一之江3丁目,265010.7483710849,3,340.32534354450456,荒川
江戸川区|西一之江3丁目,265010.7483710849,3,26.144806440332143,荒川
江戸川区|西一之江3丁目,265010.7483710849,3,52.50136093504868,荒川
江戸川区|西一之江4丁目,127315.6397243257,2,5985.405516896964,荒川
江戸川区|西一之江4丁目,127315.6397243257,2,5.3645746417069144,荒川
江戸川区|西一之江4丁目,127315.6397243257,2,1044.1643776604406,荒川
江戸川区|西一之江4丁目,127315.6397243257,2,26.144429632420547,荒川
江戸川区|西一之江4丁目,127315.6397243257,2,993.9828694025457,荒川
江戸川区|西一之江4丁目,127315.6397243257,2,313.54989823051676,荒川
江戸川区|西一之江4丁目,127315.6397243257,3,118869.00694896627,荒川
江戸川区|西一之江4丁目,127315.6397243257,3,51.45502927780326,荒川
江戸川区|西一之江4丁目,127315.6397243257,3,26.56607961699948,荒川
江戸川区|一之江町,31357.49902379387,2,10722.683477315604,荒川
江戸川区|一之江町,31357.49902379387,2,77.82398541096512,荒川
江戸川区|一之江町,31357.49902379387,2,1307.9597512367934,荒川
江戸川区|一之江町,31357.49902379387,2,25.93792449952238,荒川
江戸川区|一之江町,31357.49902379387,3,19223.093885330996,荒川
江戸川区|一之江1丁目,163394.56922957354,1,1120.8740313402943,荒川
江戸川区|一之江1丁目,163394.56922957354,1,4.599597774219662,荒川
江戸川区|一之江1丁目,163394.56922957354,1,111.60789436864508,荒川
江戸川区|一之江1丁目,163394.56922957354,1,882.7800774299185,荒川
江戸川区|一之江1丁目,163394.56922957354,1,417.5637213409302,荒川
江戸川区|一之江1丁目,163394.56922957354,2,160254.8065910196,荒川
江戸川区|一之江2丁目,163277.2589224697,1,30.230459578426423,荒川
江戸川区|一之江2丁目,163277.2589224697,1,27.11978465271733,荒川
江戸川区|一之江2丁目,163277.2589224697,1,20.2411094184024,荒川
江戸川区|一之江2丁目,163277.2589224697,1,571.8480886280855,荒川
江戸川区|一之江2丁目,163277.2589224697,1,235.460019515363,荒川
江戸川区|一之江2丁目,163277.2589224697,1,46.99169314140191,荒川
江戸川区|一之江2丁目,163277.2589224697,2,162167.56866402863,荒川
江戸川区|一之江3丁目,217403.8161107577,1,13104.025035656878,荒川
江戸川区|一之江3丁目,217403.8161107577,2,204299.79107510092,荒川
江戸川区|一之江4丁目,110756.87291491678,2,106259.50372475009,荒川
江戸川区|一之江4丁目,110756.87291491678,2,26.568420012307048,荒川
江戸川区|一之江4丁目,110756.87291491678,3,4444.232363884311,荒川
江戸川区|一之江4丁目,110756.87291491678,3,26.568406270142212,荒川
江戸川区|一之江5丁目,173025.4267343475,2,160230.77511351233,荒川
江戸川区|一之江5丁目,173025.4267343475,2,1490.436526687172,荒川
江戸川区|一之江5丁目,173025.4267343475,2,781.315678855206,荒川
江戸川区|一之江5丁目,173025.4267343475,3,10135.14260803564,荒川
江戸川区|一之江5丁目,173025.4267343475,3,26.567751670851663,荒川
江戸川区|一之江5丁目,173025.4267343475,3,261.69275602867316,荒川
江戸川区|一之江5丁目,173025.4267343475,3,26.567806522886652,荒川
江戸川区|一之江5丁目,173025.4267343475,3,21.258577797527007,荒川
江戸川区|一之江5丁目,173025.4267343475,3,26.146215736497144,荒川
江戸川区|一之江5丁目,173025.4267343475,3,25.523699500529005,荒川
江戸川区|一之江6丁目,203797.5376714915,2,39312.79230259622,荒川
江戸川区|一之江6丁目,203797.5376714915,2,1177.1256559861395,荒川
江戸川区|一之江6丁目,203797.5376714915,2,3084.85920512399,荒川
江戸川区|一之江6丁目,203797.5376714915,2,391.61764585855985,荒川
江戸川区|一之江6丁目,203797.5376714915,2,9961.649022357691,荒川
江戸川区|一之江6丁目,203797.5376714915,2,3924.1588556412144,荒川
江戸川区|一之江6丁目,203797.5376714915,2,7166.670074801007,荒川
江戸川区|一之江6丁目,203797.5376714915,2,312.95812387808843,荒川
江戸川区|一之江6丁目,203797.5376714915,2,2482.943295400183,荒川
江戸川区|一之江6丁目,203797.5376714915,2,52.71566214495788,荒川
江戸川区|一之江6丁目,203797.5376714915,2,25.93744599324278,荒川
江戸川区|一之江6丁目,203797.5376714915,2,2695.2755406955007,荒川
江戸川区|一之江6丁目,203797.5376714915,2,653.54124149355,荒川
江戸川区|一之江6丁目,203797.5376714915,2,3480.400819702157,荒川
江戸川区|一之江6丁目,203797.5376714915,2,77.8211192943867,荒川
江戸川区|一之江6丁目,203797.5376714915,2,314.21600595690023,荒川
江戸川区|一之江6丁目,203797.5376714915,2,470.915289726472,荒川
江戸川区|一之江6丁目,203797.5376714915,2,9.733387842949318,荒川
江戸川区|一之江6丁目,203797.5376714915,2,340.36439514844983,荒川
江戸川区|一之江6丁目,203797.5376714915,2,366.5229178669482,荒川
江戸川区|一之江6丁目,203797.5376714915,2,1543.0801882246835,荒川
江戸川区|一之江6丁目,203797.5376714915,2,680.310076005665,荒川
江戸川区|一之江6丁目,203797.5376714915,2,26.148075337146246,荒川
江戸川区|一之江6丁目,203797.5376714915,2,130.53842844611617,荒川
江戸川区|一之江6丁目,203797.5376714915,2,9853.39504718616,荒川
江戸川区|一之江6丁目,203797.5376714915,2,445.1805492636255,荒川
江戸川区|一之江6丁目,203797.5376714915,2,26.570298684518423,荒川
江戸川区|一之江6丁目,203797.5376714915,3,113223.8887672669,荒川
江戸川区|一之江6丁目,203797.5376714915,3,15.830589253770164,荒川
江戸川区|一之江6丁目,203797.5376714915,3,53.13094127078649,荒川
江戸川区|一之江6丁目,203797.5376714915,3,26.57050949101657,荒川
江戸川区|一之江6丁目,203797.5376714915,3,79.07527811235586,荒川
江戸川区|一之江6丁目,203797.5376714915,3,11.645836261083915,荒川
江戸川区|一之江6丁目,203797.5376714915,3,25.525190735085925,荒川
江戸川区|一之江6丁目,203797.5376714915,3,51.6734567201955,荒川
江戸川区|一之江6丁目,203797.5376714915,3,77.82202872708345,荒川
江戸川区|一之江6丁目,203797.5376714915,3,34.049183372928056,荒川
江戸川区|一之江6丁目,203797.5376714915,3,52.71800246924329,荒川
江戸川区|一之江6丁目,203797.5376714915,3,25.52550473766221,荒川
江戸川区|一之江6丁目,203797.5376714915,3,223.74874306907734,荒川
江戸川区|一之江6丁目,203797.5376714915,3,314.4220080206077,荒川
江戸川区|一之江6丁目,203797.5376714915,3,51.051499388991644,荒川
江戸川区|一之江6丁目,203797.5376714915,3,76.98886486548608,荒川
江戸川区|一之江6丁目,203797.5376714915,3,26.569917002253973,荒川
江戸川区|一之江6丁目,203797.5376714915,3,52.296531381093125,荒川
江戸川区|一之江6丁目,203797.5376714915,3,77.82255238133611,荒川
江戸川区|一之江6丁目,203797.5376714915,3,289.7415963080365,荒川
江戸川区|一之江7丁目,324531.2844281964,2,217093.37847611352,荒川
江戸川区|一之江7丁目,324531.2844281964,2,494.7405313453745,荒川
江戸川区|一之江7丁目,324531.2844281964,2,346.83333888570104,荒川
江戸川区|一之江7丁目,324531.2844281964,2,522.5587372927479,荒川
江戸川区|一之江7丁目,324531.2844281964,2,470.8966012765929,荒川
江戸川区|一之江7丁目,324531.2844281964,2,469.8454147457401,荒川
江戸川区|一之江7丁目,324531.2844281964,2,26.14767473083853,荒川
江戸川区|一之江7丁目,324531.2844281964,2,418.5924365837111,荒川
江戸川区|一之江7丁目,324531.2844281964,2,1906.3935535088915,荒川
江戸川区|一之江7丁目,324531.2844281964,2,364.84084592794215,荒川
江戸川区|一之江7丁目,324531.2844281964,2,1412.0690786401908,荒川
江戸川区|一之江7丁目,324531.2844281964,2,182.42121361438382,荒川
江戸川区|一之江7丁目,324531.2844281964,2,104.1817538256971,荒川
江戸川区|一之江7丁目,324531.2844281964,2,471.50746763356943,荒川
江戸川区|一之江7丁目,324531.2844281964,2,391.1918227903533,荒川
江戸川区|一之江7丁目,324531.2844281964,2,78.0315233341792,荒川
江戸川区|一之江7丁目,324531.2844281964,2,104.8043609887826,荒川
江戸川区|一之江7丁目,324531.2844281964,2,496.6393390476089,荒川
江戸川区|一之江7丁目,324531.2844281964,2,236.1832319787808,荒川
江戸川区|一之江7丁目,324531.2844281964,2,523.6212863036084,荒川
江戸川区|一之江7丁目,324531.2844281964,2,263.1577033287446,荒川
江戸川区|一之江7丁目,324531.2844281964,2,997.204414211372,荒川
江戸川区|一之江7丁目,324531.2844281964,2,600.2003665424182,荒川
江戸川区|一之江7丁目,324531.2844281964,2,864.1610436352324,荒川
江戸川区|一之江7丁目,324531.2844281964,2,2211.875559978444,荒川
江戸川区|一之江7丁目,324531.2844281964,2,260.67234412311353,荒川
江戸川区|一之江7丁目,324531.2844281964,2,1516.2998126563814,荒川
江戸川区|一之江7丁目,324531.2844281964,3,91373.90303331446,荒川
江戸川区|一之江7丁目,324531.2844281964,3,51.67219552912086,荒川
江戸川区|一之江7丁目,324531.2844281964,3,14.50187742022592,荒川
江戸川区|一之江7丁目,324531.2844281964,3,26.570408840631018,荒川
江戸川区|一之江7丁目,324531.2844281964,3,26.14866985486437,荒川
江戸川区|一之江7丁目,324531.2844281964,3,105.22343625475891,荒川
江戸川区|一之江7丁目,324531.2844281964,3,25.52579097311753,荒川
江戸川区|一之江7丁目,324531.2844281964,3,79.28908296573273,荒川
江戸川区|一之江8丁目,68774.0439640539,2,68774.0439640539,荒川
江戸川区|二之江町,58751.68306695393,2,392.89059751131447,荒川
江戸川区|二之江町,58751.68306695393,2,339.4397845189233,荒川
江戸川区|二之江町,58751.68306695393,2,2480.579634674084,荒川
江戸川区|二之江町,58751.68306695393,2,287.8733421456488,荒川
江戸川区|二之江町,58751.68306695393,2,1306.0831933883132,荒川
江戸川区|二之江町,58751.68306695393,2,157.31818725983314,荒川
江戸川区|二之江町,58751.68306695393,2,30747.95807386274,荒川
江戸川区|二之江町,58751.68306695393,3,19993.593499040435,荒川
江戸川区|二之江町,58751.68306695393,3,390.9995476683224,荒川
江戸川区|二之江町,58751.68306695393,3,571.7163304640369,荒川
江戸川区|二之江町,58751.68306695393,3,503.0072588592003,荒川
江戸川区|二之江町,58751.68306695393,3,340.797682103747,荒川
江戸川区|二之江町,58751.68306695393,3,26.149378428542885,荒川
江戸川区|二之江町,58751.68306695393,3,393.5282615918278,荒川
江戸川区|二之江町,58751.68306695393,3,52.720895028504295,荒川
江戸川区|二之江町,58751.68306695393,3,52.7209224678475,荒川
江戸川区|二之江町,58751.68306695393,3,156.6967405674358,荒川
江戸川区|二之江町,58751.68306695393,3,557.6097373731491,荒川
江戸川区|春江町1丁目,31086.18236911731,1,1746.3037982259768,荒川
江戸川区|春江町1丁目,31086.18236911731,1,11789.152165848698,荒川
江戸川区|春江町1丁目,31086.18236911731,1,996.2059363835641,荒川
江戸川区|春江町1丁目,31086.18236911731,1,26.142760395116184,荒川
江戸川区|春江町1丁目,31086.18236911731,2,16216.524215932144,荒川
江戸川区|春江町1丁目,31086.18236911731,2,77.80503568009864,荒川
江戸川区|春江町1丁目,31086.18236911731,2,103.32558515931152,荒川
江戸川区|春江町1丁目,31086.18236911731,2,130.7231928943518,荒川
江戸川区|春江町2丁目,344865.1318011403,1,195429.9195435062,荒川
江戸川区|春江町2丁目,344865.1318011403,1,336.12471458451364,荒川
江戸川区|春江町2丁目,344865.1318011403,1,832.3901864104721,荒川
江戸川区|春江町2丁目,344865.1318011403,1,1411.2306618363973,荒川
江戸川区|春江町2丁目,344865.1318011403,1,3031.0176078769937,荒川
江戸川区|春江町2丁目,344865.1318011403,1,2269.657638183355,荒川
江戸川区|春江町2丁目,344865.1318011403,1,496.97704172661173,荒川
江戸川区|春江町2丁目,344865.1318011403,1,889.5853831440744,荒川
江戸川区|春江町2丁目,344865.1318011403,1,628.5434029397042,荒川
江戸川区|春江町2丁目,344865.1318011403,2,73319.6637134995,荒川
江戸川区|春江町2丁目,344865.1318011403,2,233.47449072393127,荒川
江戸川区|春江町2丁目,344865.1318011403,2,53.12964093691141,荒川
江戸川区|春江町2丁目,344865.1318011403,2,50.659672323908,荒川
江戸川区|春江町2丁目,344865.1318011403,2,26.14408225057185,荒川
江戸川区|春江町2丁目,344865.1318011403,2,52.49893723846989,荒川
江戸川区|春江町2丁目,344865.1318011403,2,26.565563602086083,荒川
江戸川区|春江町2丁目,344865.1318011403,2,209.79461420700915,荒川
江戸川区|春江町2丁目,344865.1318011403,2,25.933063240970675,荒川
江戸川区|春江町2丁目,344865.1318011403,2,131.55995280705088,荒川
江戸川区|春江町2丁目,344865.1318011403,2,340.5144214501413,荒川
江戸川区|春江町2丁目,344865.1318011403,2,26.565017915866097,荒川
江戸川区|春江町2丁目,344865.1318011403,2,26.143350751187974,荒川
江戸川区|春江町2丁目,344865.1318011403,2,208.5349536813909,荒川
江戸川区|春江町2丁目,344865.1318011403,2,25.93274738083813,荒川
江戸川区|春江町2丁目,344865.1318011403,2,104.58584767823359,荒川
江戸川区|春江町2丁目,344865.1318011403,2,26.14396839971769,荒川
江戸川区|春江町2丁目,344865.1318011403,2,703.6151159572248,荒川
江戸川区|春江町2丁目,344865.1318011403,2,77.59864453921891,荒川
江戸川区|春江町2丁目,344865.1318011403,2,26.56588319542061,荒川
江戸川区|春江町2丁目,344865.1318011403,2,522.0660422768907,荒川
江戸川区|春江町2丁目,344865.1318011403,2,26.565139017297295,荒川
江戸川区|春江町2丁目,344865.1318011403,2,25.932908892148202,荒川
江戸川区|春江町2丁目,344865.1318011403,2,51.666004080704965,荒川
江戸川区|春江町2丁目,344865.1318011403,2,209.58174584528007,荒川
江戸川区|春江町2丁目,344865.1318011403,2,25.9328637232612,荒川
江戸川区|春江町2丁目,344865.1318011403,2,78.64243916638623,荒川
江戸川区|春江町2丁目,344865.1318011403,2,26.565398684265592,荒川
江戸川区|春江町2丁目,344865.1318011403,2,25.521307958767636,荒川
江戸川区|春江町2丁目,344865.1318011403,2,182.80611050280314,荒川
江戸川区|春江町3丁目,391237.7632414877,1,392.81730981826763,荒川
江戸川区|春江町3丁目,391237.7632414877,1,5786.093923621029,荒川
江戸川区|春江町3丁目,391237.7632414877,1,1126.1675264128355,荒川
江戸川区|春江町3丁目,391237.7632414877,1,407.7172560334773,荒川
江戸川区|春江町3丁目,391237.7632414877,1,419.80644840188864,荒川
江戸川区|春江町3丁目,391237.7632414877,1,1304.3833999396084,荒川
江戸川区|春江町3丁目,391237.7632414877,1,25.933581355031052,荒川
江戸川区|春江町3丁目,391237.7632414877,1,51.66928277892577,荒川
江戸川区|春江町3丁目,391237.7632414877,1,25.933659375943495,荒川
江戸川区|春江町3丁目,391237.7632414877,1,26.567800629774478,荒川
江戸川区|春江町3丁目,391237.7632414877,1,51.458210192056946,荒川
江戸川区|春江町3丁目,391237.7632414877,1,496.5874598393852,荒川
江戸川区|春江町3丁目,391237.7632414877,1,208.34182378168583,荒川
江戸川区|春江町3丁目,391237.7632414877,1,104.17114289134445,荒川
江戸川区|春江町3丁目,391237.7632414877,1,77.60353861429364,荒川
江戸川区|春江町3丁目,391237.7632414877,1,1460.287804215551,荒川
江戸川区|春江町3丁目,391237.7632414877,1,52.29138060943946,荒川
江戸川区|春江町3丁目,391237.7632414877,1,1993.2436653905952,荒川
江戸川区|春江町3丁目,391237.7632414877,1,494.48375862692615,荒川
江戸川区|春江町3丁目,391237.7632414877,1,2323.653673099288,荒川
江戸川区|春江町3丁目,391237.7632414877,1,418.7749617923151,荒川
江戸川区|春江町3丁目,391237.7632414877,1,1282.4795555619164,荒川
江戸川区|春江町3丁目,391237.7632414877,1,91855.5909611116,荒川
江戸川区|春江町3丁目,391237.7632414877,2,254461.28546989558,荒川
江戸川区|春江町3丁目,391237.7632414877,2,53.13503737478977,荒川
江戸川区|春江町3丁目,391237.7632414877,2,8.227317950603592,荒川
江戸川区|春江町3丁目,391237.7632414877,2,26.567552715179435,荒川
江戸川区|春江町3丁目,391237.7632414877,2,366.2775485826681,荒川
江戸川区|春江町3丁目,391237.7632414877,2,2589.908590769691,荒川
江戸川区|春江町3丁目,391237.7632414877,2,26.146376916531977,荒川
江戸川区|春江町3丁目,391237.7632414877,2,77.81612995573023,荒川
江戸川区|春江町3丁目,391237.7632414877,2,25.524260231925048,荒川
江戸川区|春江町3丁目,391237.7632414877,2,78.23845347772752,荒川
江戸川区|春江町3丁目,391237.7632414877,2,233.45031679549018,荒川
江戸川区|春江町3丁目,391237.7632414877,2,26.14655236825617,荒川
江戸川区|春江町3丁目,391237.7632414877,2,26.146408538322305,荒川
江戸川区|春江町3丁目,391237.7632414877,2,233.87366063303972,荒川
江戸川区|春江町3丁目,391237.7632414877,2,467.7363372740463,荒川
江戸川区|春江町3丁目,391237.7632414877,2,51.6722298606685,荒川
江戸川区|春江町3丁目,391237.7632414877,2,888.8382849186289,荒川
江戸川区|春江町3丁目,391237.7632414877,2,26.1476379436649,荒川
江戸川区|春江町3丁目,391237.7632414877,2,18.92601196865672,荒川
江戸川区|春江町4丁目,54014.645288984364,2,23411.188680159878,荒川
江戸川区|春江町4丁目,54014.645288984364,2,2847.1911222385133,荒川
江戸川区|春江町4丁目,54014.645288984364,2,1411.5248359593343,荒川
江戸川区|春江町4丁目,54014.645288984364,2,651.6820404632269,荒川
江戸川区|春江町4丁目,54014.645288984364,2,0.09772387194093976,荒川
江戸川区|春江町4丁目,54014.645288984364,2,3.621498555749768,荒川
江戸川区|春江町4丁目,54014.645288984364,2,390.58764322482915,荒川
江戸川区|春江町4丁目,54014.645288984364,2,942.8927219579743,荒川
江戸川区|春江町4丁目,54014.645288984364,3,24250.41900423006,荒川
江戸川区|春江町4丁目,54014.645288984364,3,105.44001832253156,荒川
江戸川区|春江町5丁目,273902.0447326295,2,21001.07952638946,荒川
江戸川区|春江町5丁目,273902.0447326295,2,1.1596553963346579,荒川
江戸川区|春江町5丁目,273902.0447326295,2,9789.912803684318,荒川
江戸川区|春江町5丁目,273902.0447326295,2,2639.158312137217,荒川
江戸川区|春江町5丁目,273902.0447326295,2,51.46494157483178,荒川
江戸川区|春江町5丁目,273902.0447326295,2,418.83285861169355,荒川
江戸川区|春江町5丁目,273902.0447326295,2,576.3733431488445,荒川
江戸川区|春江町5丁目,273902.0447326295,2,863.2051653865755,荒川
江戸川区|春江町5丁目,273902.0447326295,2,157.11684648457015,荒川
江戸川区|春江町5丁目,273902.0447326295,2,1069.7417585942844,荒川
江戸川区|春江町5丁目,273902.0447326295,2,599.4191961039563,荒川
江戸川区|春江町5丁目,273902.0447326295,2,340.17580103096697,荒川
江戸川区|春江町5丁目,273902.0447326295,2,626.1911453634785,荒川
江戸川区|春江町5丁目,273902.0447326295,2,51.67651092017228,荒川
江戸川区|春江町5丁目,273902.0447326295,2,393.1087498417235,荒川
江戸川区|春江町5丁目,273902.0447326295,2,1937.285670177128,荒川
江戸川区|春江町5丁目,273902.0447326295,2,6202.10080824103,荒川
江戸川区|春江町5丁目,273902.0447326295,2,837.9345243986023,荒川
江戸川区|春江町5丁目,273902.0447326295,2,209.2167810193407,荒川
江戸川区|春江町5丁目,273902.0447326295,2,600.2559932985596,荒川
江戸川区|春江町5丁目,273902.0447326295,2,338.7273487956168,荒川
江戸川区|春江町5丁目,273902.0447326295,2,4922.569531303342,荒川
江戸川区|春江町5丁目,273902.0447326295,2,654.8312923834112,荒川
江戸川区|春江町5丁目,273902.0447326295,2,26.150007235276533,荒川
江戸川区|春江町5丁目,273902.0447326295,2,11581.31015191411,荒川
江戸川区|春江町5丁目,273902.0447326295,2,1650.9073346589134,荒川
江戸川区|春江町5丁目,273902.0447326295,2,890.406592305732,荒川
江戸川区|春江町5丁目,273902.0447326295,2,816.1460558547976,荒川
江戸川区|春江町5丁目,273902.0447326295,2,53.14374099586977,荒川
江戸川区|春江町5丁目,273902.0447326295,2,498.7636700108819,荒川
江戸川区|春江町5丁目,273902.0447326295,2,548.3533791635181,荒川
江戸川区|春江町5丁目,273902.0447326295,2,156.91199126097595,荒川
江戸川区|春江町5丁目,273902.0447326295,2,2352.6538311017944,荒川
江戸川区|春江町5丁目,273902.0447326295,2,2037.7871258330115,荒川
江戸川区|春江町5丁目,273902.0447326295,3,198929.7215835609,荒川
江戸川区|春江町5丁目,273902.0447326295,3,26.14999372582433,荒川
江戸川区|春江町5丁目,273902.0447326295,3,25.528136493210194,荒川
江戸川区|春江町5丁目,273902.0447326295,3,26.572574229445003,荒川
江戸川区|東瑞江1丁目,158703.20113065594,1,15696.763881544633,荒川
江戸川区|東瑞江1丁目,158703.20113065594,1,314.8187203267614,荒川
江戸川区|東瑞江1丁目,158703.20113065594,1,288.0414429735736,荒川
江戸川区|東瑞江1丁目,158703.20113065594,1,286.99677270471733,荒川
江戸川区|東瑞江1丁目,158703.20113065594,1,497.02387191460923,荒川
江戸川区|東瑞江1丁目,158703.20113065594,1,2302.5079951914895,荒川
江戸川区|東瑞江1丁目,158703.20113065594,1,45868.75542916986,荒川
江戸川区|東瑞江1丁目,158703.20113065594,1,837.378201997891,荒川
江戸川区|東瑞江1丁目,158703.20113065594,2,88922.06571549343,荒川
江戸川区|東瑞江1丁目,158703.20113065594,2,26.14614714414057,荒川
江戸川区|東瑞江1丁目,158703.20113065594,2,52.71416830600563,荒川
江戸川区|東瑞江1丁目,158703.20113065594,2,26.146316392793384,荒川
江戸川区|東瑞江1丁目,158703.20113065594,2,209.81794236719438,荒川
江戸川区|東瑞江1丁目,158703.20113065594,2,604.2264148799183,荒川
江戸川区|東瑞江1丁目,158703.20113065594,2,26.14695187608411,荒川
江戸川区|東瑞江1丁目,158703.20113065594,2,53.137506953684586,荒川
江戸川区|東瑞江1丁目,158703.20113065594,2,78.8632836083252,荒川
江戸川区|東瑞江2丁目,184820.20691341403,1,809.3535800685709,荒川
江戸川区|東瑞江2丁目,184820.20691341403,1,2170.138227462018,荒川
江戸川区|東瑞江2丁目,184820.20691341403,1,5489.830773132325,荒川
江戸川区|東瑞江2丁目,184820.20691341403,1,26.568921070336504,荒川
江戸川区|東瑞江2丁目,184820.20691341403,1,21032.721149737437,荒川
江戸川区|東瑞江2丁目,184820.20691341403,1,7323.850559578937,荒川
江戸川区|東瑞江2丁目,184820.20691341403,1,214.50173773038586,荒川
江戸川区|東瑞江2丁目,184820.20691341403,1,26.14774084477694,荒川
江戸川区|東瑞江2丁目,184820.20691341403,1,367.14341337074535,荒川
江戸川区|東瑞江2丁目,184820.20691341403,1,14196.533774864902,荒川
江戸川区|東瑞江2丁目,184820.20691341403,1,6562.404117911049,荒川
江戸川区|東瑞江2丁目,184820.20691341403,1,183.0428563812769,荒川
江戸川区|東瑞江2丁目,184820.20691341403,1,913.7569629983503,荒川
江戸川区|東瑞江2丁目,184820.20691341403,1,5459.787787591069,荒川
江戸川区|東瑞江2丁目,184820.20691341403,1,51.873082786624636,荒川
江戸川区|東瑞江2丁目,184820.20691341403,1,1906.187550575125,荒川
江戸川区|東瑞江2丁目,184820.20691341403,1,26.56920840911814,荒川
江戸川区|東瑞江2丁目,184820.20691341403,1,365.04226663007944,荒川
江戸川区|東瑞江2丁目,184820.20691341403,1,314.21944901356136,荒川
江戸川区|東瑞江2丁目,184820.20691341403,1,997.2259557910274,荒川
江戸川区|東瑞江2丁目,184820.20691341403,1,209.6132674279672,荒川
江戸川区|東瑞江2丁目,184820.20691341403,1,364.83835331644667,荒川
江戸川区|東瑞江2丁目,184820.20691341403,1,6.567424017789075,荒川
江戸川区|東瑞江2丁目,184820.20691341403,1,1437.9304156073972,荒川
江戸川区|東瑞江2丁目,184820.20691341403,1,416.7249577195386,荒川
江戸川区|東瑞江2丁目,184820.20691341403,1,104.80361196451271,荒川
江戸川区|東瑞江2丁目,184820.20691341403,1,469.0226469519854,荒川
江戸川区|東瑞江2丁目,184820.20691341403,1,1487.721273128252,荒川
江戸川区|東瑞江2丁目,184820.20691341403,1,1.255202827271841,荒川
江戸川区|東瑞江2丁目,184820.20691341403,1,52.71874718289211,荒川
江戸川区|東瑞江2丁目,184820.20691341403,1,1028.1971925246812,荒川
江戸川区|東瑞江2丁目,184820.20691341403,2,96006.24502851238,荒川
江戸川区|東瑞江2丁目,184820.20691341403,2,25.524654105444036,荒川
江戸川区|東瑞江2丁目,184820.20691341403,2,26.56925536504777,荒川
江戸川区|東瑞江2丁目,184820.20691341403,2,52.71640798674012,荒川
江戸川区|東瑞江2丁目,184820.20691341403,2,52.29468981137936,荒川
江戸川区|東瑞江2丁目,184820.20691341403,2,26.147562680410765,荒川
江戸川区|東瑞江2丁目,184820.20691341403,2,26.569083052316856,荒川
江戸川区|東瑞江2丁目,184820.20691341403,2,26.5690852216685,荒川
江戸川区|東瑞江2丁目,184820.20691341403,2,51.461312016886616,荒川
江戸川区|東瑞江2丁目,184820.20691341403,2,134.0832186064428,荒川
江戸川区|東瑞江2丁目,184820.20691341403,2,4.9391700412402715,荒川
江戸川区|東瑞江2丁目,184820.20691341403,2,17.944873029302684,荒川
江戸川区|東瑞江2丁目,184820.20691341403,2,105.01266381370787,荒川
江戸川区|東瑞江2丁目,184820.20691341403,2,25.525046653924555,荒川
江戸川区|東瑞江2丁目,184820.20691341403,2,25.937695530608437,荒川
江戸川区|東瑞江2丁目,184820.20691341403,2,26.569357298055916,荒川
江戸川区|東瑞江2丁目,184820.20691341403,2,206.5905034980961,荒川
江戸川区|東瑞江2丁目,184820.20691341403,2,26.569357170824084,荒川
江戸川区|東瑞江2丁目,184820.20691341403,2,25.525085097024487,荒川
江戸川区|東瑞江2丁目,184820.20691341403,2,26.56939806868509,荒川
江戸川区|東瑞江2丁目,184820.20691341403,2,26.56883905628949,荒川
江戸川区|東瑞江2丁目,184820.20691341403,2,25.524574185753504,荒川
江戸川区|東瑞江2丁目,184820.20691341403,2,25.936262267668113,荒川
江戸川区|東瑞江2丁目,184820.20691341403,2,26.569933344357743,荒川
江戸川区|東瑞江2丁目,184820.20691341403,2,25.525321659593935,荒川
江戸川区|東瑞江2丁目,184820.20691341403,2,26.147916689319313,荒川
江戸川区|東瑞江3丁目,136855.7282970765,1,41221.88144643174,荒川
江戸川区|東瑞江3丁目,136855.7282970765,1,4779.849808713323,荒川
江戸川区|東瑞江3丁目,136855.7282970765,1,705.5957812157251,荒川
江戸川区|東瑞江3丁目,136855.7282970765,1,105.4317424475065,荒川
江戸川区|東瑞江3丁目,136855.7282970765,1,1127.0887787488111,荒川
江戸川区|東瑞江3丁目,136855.7282970765,1,0.08604880747809426,荒川
江戸川区|東瑞江3丁目,136855.7282970765,1,52.71610676047753,荒川
江戸川区|東瑞江3丁目,136855.7282970765,1,25.523864497292507,荒川
江戸川区|東瑞江3丁目,136855.7282970765,1,26.568251574789322,荒川
江戸川区|東瑞江3丁目,136855.7282970765,1,6111.14659936584,荒川
江戸川区|東瑞江3丁目,136855.7282970765,1,2223.032267823448,荒川
江戸川区|東瑞江3丁目,136855.7282970765,1,1175.4248930407016,荒川
江戸川区|東瑞江3丁目,136855.7282970765,1,83.9718578767348,荒川
江戸川区|東瑞江3丁目,136855.7282970765,1,288.66823127419553,荒川
江戸川区|東瑞江3丁目,136855.7282970765,2,74789.95882982956,荒川
江戸川区|東瑞江3丁目,136855.7282970765,2,52.50366759091618,荒川
江戸川区|東瑞江3丁目,136855.7282970765,2,3328.3927505920874,荒川
江戸川区|東瑞江3丁目,136855.7282970765,2,26.146756593672936,荒川
江戸川区|東瑞江3丁目,136855.7282970765,2,52.71507505803805,荒川
江戸川区|東瑞江3丁目,136855.7282970765,2,25.935740816484117,荒川
江戸川区|東瑞江3丁目,136855.7282970765,2,25.524140635164816,荒川
江戸川区|東瑞江3丁目,136855.7282970765,2,157.93478809686263,荒川
江戸川区|東瑞江3丁目,136855.7282970765,2,26.568468981495766,荒川
江戸川区|東瑞江3丁目,136855.7282970765,2,25.524219768321665,荒川
江戸川区|東瑞江3丁目,136855.7282970765,2,25.52442674255443,荒川
江戸川区|東瑞江3丁目,136855.7282970765,2,26.146773931405814,荒川
江戸川区|東瑞江3丁目,136855.7282970765,2,77.81803249156575,荒川
江戸川区|東瑞江3丁目,136855.7282970765,2,262.1130686109873,荒川
江戸川区|東瑞江3丁目,136855.7282970765,2,25.93610006775348,荒川
江戸川区|西瑞江3丁目,407718.77478829375,1,1358.6349570800999,荒川
江戸川区|西瑞江3丁目,407718.77478829375,1,2196.8330592365246,荒川
江戸川区|西瑞江3丁目,407718.77478829375,1,20474.54911515617,荒川
江戸川区|西瑞江3丁目,407718.77478829375,1,158527.92922003195,荒川
江戸川区|西瑞江3丁目,407718.77478829375,1,26.146772566165964,荒川
江戸川区|西瑞江3丁目,407718.77478829375,1,234.92225844016426,荒川
江戸川区|西瑞江3丁目,407718.77478829375,1,287.2166410459952,荒川
江戸川区|西瑞江3丁目,407718.77478829375,1,25.936217177605094,荒川
江戸川区|西瑞江3丁目,407718.77478829375,1,1229.9561675183695,荒川
江戸川区|西瑞江3丁目,407718.77478829375,1,78.2409601765227,荒川
江戸川区|西瑞江3丁目,407718.77478829375,1,524.0299741114204,荒川
江戸川区|西瑞江3丁目,407718.77478829375,1,17655.11458155891,荒川
江戸川区|西瑞江3丁目,407718.77478829375,1,602.8391290470296,荒川
江戸川区|西瑞江3丁目,407718.77478829375,1,26.569447027258473,荒川
江戸川区|西瑞江3丁目,407718.77478829375,1,1360.554396266238,荒川
江戸川区|西瑞江3丁目,407718.77478829375,1,26.147253500980035,荒川
江戸川区|西瑞江3丁目,407718.77478829375,1,3113.2688669004096,荒川
江戸川区|西瑞江3丁目,407718.77478829375,1,156.0472571404817,荒川
江戸川区|西瑞江3丁目,407718.77478829375,1,51.46121672464619,荒川
江戸川区|西瑞江3丁目,407718.77478829375,1,51.673391334974504,荒川
江戸川区|西瑞江3丁目,407718.77478829375,1,2693.202284548338,荒川
江戸川区|西瑞江3丁目,407718.77478829375,1,1778.1732872738714,荒川
江戸川区|西瑞江3丁目,407718.77478829375,1,78.86441922091873,荒川
江戸川区|西瑞江3丁目,407718.77478829375,1,79.28612316718241,荒川
江戸川区|西瑞江3丁目,407718.77478829375,1,1096.6144384812362,荒川
江戸川区|西瑞江3丁目,407718.77478829375,1,76.98741432669189,荒川
江戸川区|西瑞江3丁目,407718.77478829375,1,496.6332529750126,荒川
江戸川区|西瑞江3丁目,407718.77478829375,1,522.3805267910028,荒川
江戸川区|西瑞江3丁目,407718.77478829375,1,207.95017070035385,荒川
江戸川区|西瑞江3丁目,407718.77478829375,1,1935.2971385998483,荒川
江戸川区|西瑞江3丁目,407718.77478829375,1,366.5167470101413,荒川
江戸川区|西瑞江3丁目,407718.77478829375,1,1127.3758527000514,荒川
江戸川区|西瑞江3丁目,407718.77478829375,1,2723.3593144243387,荒川
江戸川区|西瑞江3丁目,407718.77478829375,1,26.569937777342126,荒川
江戸川区|西瑞江3丁目,407718.77478829375,1,26.570020062143655,荒川
江戸川区|西瑞江3丁目,407718.77478829375,1,1356.873473818507,荒川
江戸川区|西瑞江3丁目,407718.77478829375,1,261.9170712742232,荒川
江戸川区|西瑞江3丁目,407718.77478829375,2,149326.2056919404,荒川
江戸川区|西瑞江3丁目,407718.77478829375,2,17.295994798883992,荒川
江戸川区|西瑞江3丁目,407718.77478829375,2,105.42779953830015,荒川
江戸川区|西瑞江3丁目,407718.77478829375,2,52.50307109424733,荒川
江戸川区|西瑞江3丁目,407718.77478829375,2,51.669768602843284,荒川
江戸川区|西瑞江3丁目,407718.77478829375,2,368.16623315840184,荒川
江戸川区|西瑞江3丁目,407718.77478829375,2,25.935695358682526,荒川
江戸川区|西瑞江3丁目,407718.77478829375,2,104.17735947007128,荒川
江戸川区|西瑞江3丁目,407718.77478829375,2,26.146262195275305,荒川
江戸川区|西瑞江3丁目,407718.77478829375,2,183.45579644706396,荒川
江戸川区|西瑞江3丁目,407718.77478829375,2,393.0730095219684,荒川
江戸川区|西瑞江3丁目,407718.77478829375,2,26.568955803696326,荒川
江戸川区|西瑞江3丁目,407718.77478829375,2,25.93545845649664,荒川
江戸川区|西瑞江3丁目,407718.77478829375,2,77.60893667989997,荒川
江戸川区|西瑞江3丁目,407718.77478829375,2,103.96291918106313,荒川
江戸川区|西瑞江3丁目,407718.77478829375,2,471.69960924575827,荒川
江戸川区|西瑞江3丁目,407718.77478829375,2,77.81925406887464,荒川
江戸川区|西瑞江3丁目,407718.77478829375,2,26.56921071678342,荒川
江戸川区|西瑞江3丁目,407718.77478829375,2,465.8489605265931,荒川
江戸川区|西瑞江3丁目,407718.77478829375,2,79.072050308686,荒川
江戸川区|西瑞江3丁目,407718.77478829375,2,236.380661943701,荒川
江戸川区|西瑞江3丁目,407718.77478829375,2,2799.9774959175356,荒川
江戸川区|西瑞江3丁目,407718.77478829375,2,25.52402082498714,荒川
江戸川区|西瑞江3丁目,407718.77478829375,2,785.4949297191986,荒川
江戸川区|西瑞江3丁目,407718.77478829375,2,105.22213734777526,荒川
江戸川区|西瑞江3丁目,407718.77478829375,2,26.146609961881722,荒川
江戸川区|西瑞江3丁目,407718.77478829375,2,25.935778316064194,荒川
江戸川区|西瑞江3丁目,407718.77478829375,2,103.75319521511102,荒川
江戸川区|西瑞江3丁目,407718.77478829375,2,52.295054534713465,荒川
江戸川区|西瑞江3丁目,407718.77478829375,2,26.56837039484867,荒川
江戸川区|西瑞江3丁目,407718.77478829375,2,287.63381278760806,荒川
江戸川区|西瑞江3丁目,407718.77478829375,2,25.9373009322848,荒川
江戸川区|西瑞江3丁目,407718.77478829375,2,79.07269446876963,荒川
江戸川区|西瑞江3丁目,407718.77478829375,2,32.74637698801369,荒川
江戸川区|西瑞江3丁目,407718.77478829375,2,26.14767911537502,荒川
江戸川区|西瑞江3丁目,407718.77478829375,2,79.07508795747843,荒川
江戸川区|西瑞江3丁目,407718.77478829375,2,51.46003670205664,荒川
江戸川区|西瑞江3丁目,407718.77478829375,2,26.568454037436833,荒川
江戸川区|西瑞江3丁目,407718.77478829375,2,79.0752085593696,荒川
江戸川区|西瑞江3丁目,407718.77478829375,2,25.936104314038246,荒川
江戸川区|西瑞江3丁目,407718.77478829375,2,26.14819347538158,荒川
江戸川区|西瑞江3丁目,407718.77478829375,2,25.52425554694866,荒川
江戸川区|西瑞江3丁目,407718.77478829375,2,209.40728129494445,荒川
江戸川区|西瑞江3丁目,407718.77478829375,2,79.07310069371886,荒川
江戸川区|西瑞江3丁目,407718.77478829375,2,26.568787527731008,荒川
江戸川区|西瑞江3丁目,407718.77478829375,2,52.50536637599284,荒川
江戸川区|西瑞江3丁目,407718.77478829375,2,25.52433389364919,荒川
江戸川区|西瑞江3丁目,407718.77478829375,2,235.96503412951463,荒川
江戸川区|西瑞江3丁目,407718.77478829375,2,25.93741379753098,荒川
江戸川区|西瑞江3丁目,407718.77478829375,2,184.93240741943308,荒川
江戸川区|西瑞江3丁目,407718.77478829375,2,51.674272628678764,荒川
江戸川区|西瑞江3丁目,407718.77478829375,2,78.8625403197366,荒川
江戸川区|西瑞江3丁目,407718.77478829375,2,26.146971977006128,荒川
江戸川区|西瑞江3丁目,407718.77478829375,2,26.570298300560527,荒川
江戸川区|西瑞江3丁目,407718.77478829375,2,26.14718410400391,荒川
江戸川区|西瑞江3丁目,407718.77478829375,2,1167.7486703753455,荒川
江戸川区|西瑞江3丁目,407718.77478829375,2,287.4424471473041,荒川
江戸川区|西瑞江3丁目,407718.77478829375,2,25.524657977323216,荒川
江戸川区|西瑞江3丁目,407718.77478829375,2,577.1563496720663,荒川
江戸川区|西瑞江3丁目,407718.77478829375,2,104.80509102385736,荒川
江戸川区|西瑞江3丁目,407718.77478829375,2,25.936176000901924,荒川
江戸川区|西瑞江3丁目,407718.77478829375,2,78.65207385949934,荒川
江戸川区|西瑞江3丁目,407718.77478829375,2,51.671622435387135,荒川
江戸川区|西瑞江3丁目,407718.77478829375,2,104.18231623158462,荒川
江戸川区|西瑞江3丁目,407718.77478829375,2,52.50778338974023,荒川
江戸川区|西瑞江3丁目,407718.77478829375,2,183.03990514624033,荒川
江戸川区|西瑞江3丁目,407718.77478829375,2,156.68186170259617,荒川
江戸川区|西瑞江3丁目,407718.77478829375,2,26.148474515914174,荒川
江戸川区|西瑞江3丁目,407718.77478829375,2,367.5582318629815,荒川
江戸川区|西瑞江3丁目,407718.77478829375,2,130.3344087243551,荒川
江戸川区|西瑞江3丁目,407718.77478829375,2,25.524815881151305,荒川
江戸川区|西瑞江3丁目,407718.77478829375,2,25.936297856927588,荒川
江戸川区|西瑞江3丁目,407718.77478829375,2,26.14884622865332,荒川
江戸川区|西瑞江4丁目,204431.0150986276,1,15040.43046186243,荒川
江戸川区|西瑞江4丁目,204431.0150986276,1,52.50888165264152,荒川
江戸川区|西瑞江4丁目,204431.0150986276,1,642.521379378804,荒川
江戸川区|西瑞江4丁目,204431.0150986276,2,187566.43097493582,荒川
江戸川区|西瑞江4丁目,204431.0150986276,2,26.570747591504126,荒川
江戸川区|西瑞江4丁目,204431.0150986276,2,366.73923605177026,荒川
江戸川区|西瑞江5丁目,215741.27023116132,2,197655.5121929039,荒川
江戸川区|西瑞江5丁目,215741.27023116132,2,3710.3972401009146,荒川
江戸川区|西瑞江5丁目,215741.27023116132,2,0.1490805142203633,荒川
江戸川区|西瑞江5丁目,215741.27023116132,3,12867.098885772548,荒川
江戸川区|西瑞江5丁目,215741.27023116132,3,234.73615134201012,荒川
江戸川区|西瑞江5丁目,215741.27023116132,3,26.57186114967042,荒川
江戸川区|西瑞江5丁目,215741.27023116132,3,78.66203729599108,荒川
江戸川区|西瑞江5丁目,215741.27023116132,3,79.08384396655507,荒川
江戸川区|西瑞江5丁目,215741.27023116132,3,262.14719020534056,荒川
江戸川区|西瑞江5丁目,215741.27023116132,3,26.150399982943583,荒川
江戸川区|西瑞江5丁目,215741.27023116132,3,26.572419780892126,荒川
江戸川区|西瑞江5丁目,215741.27023116132,3,77.82897742083601,荒川
江戸川区|西瑞江5丁目,215741.27023116132,3,79.08461791047891,荒川
江戸川区|西瑞江5丁目,215741.27023116132,3,51.67858238761473,荒川
江戸川区|西瑞江5丁目,215741.27023116132,3,209.42736794130127,荒川
江戸川区|西瑞江5丁目,215741.27023116132,3,26.57266482965125,荒川
江戸川区|西瑞江5丁目,215741.27023116132,3,103.35816519669204,荒川
江戸川区|西瑞江5丁目,215741.27023116132,3,131.8087065537544,荒川
江戸川区|西瑞江5丁目,215741.27023116132,3,42.127963371619124,荒川
江戸川区|西瑞江5丁目,215741.27023116132,3,52.301882534157976,荒川
江戸川区|江戸川1丁目,301284.5257285003,1,15.774838345140902,荒川
江戸川区|江戸川1丁目,301284.5257285003,1,2034.3595607413931,荒川
江戸川区|江戸川1丁目,301284.5257285003,1,1726.8295108747172,荒川
江戸川区|江戸川1丁目,301284.5257285003,1,389.0316081519158,荒川
江戸川区|江戸川1丁目,301284.5257285003,1,51.67137621608145,荒川
江戸川区|江戸川1丁目,301284.5257285003,1,26.56870704756134,荒川
江戸川区|江戸川1丁目,301284.5257285003,1,16025.816393695928,荒川
江戸川区|江戸川1丁目,301284.5257285003,1,313.5755348402063,荒川
江戸川区|江戸川1丁目,301284.5257285003,1,8912.466100924754,荒川
江戸川区|江戸川1丁目,301284.5257285003,1,103.75692968470747,荒川
江戸川区|江戸川1丁目,301284.5257285003,1,1672.519414103272,荒川
江戸川区|江戸川1丁目,301284.5257285003,1,1438.0054768733469,荒川
江戸川区|江戸川1丁目,301284.5257285003,1,13852.35983062504,荒川
江戸川区|江戸川1丁目,301284.5257285003,1,419.22728918603525,荒川
江戸川区|江戸川1丁目,301284.5257285003,1,26.147344370049552,荒川
江戸川区|江戸川1丁目,301284.5257285003,1,26.569075449713555,荒川
江戸川区|江戸川1丁目,301284.5257285003,1,548.5032506372434,荒川
江戸川区|江戸川1丁目,301284.5257285003,1,524.665080087152,荒川
江戸川区|江戸川1丁目,301284.5257285003,1,3298.98569908951,荒川
江戸川区|江戸川1丁目,301284.5257285003,1,966.4735029847818,荒川
江戸川区|江戸川1丁目,301284.5257285003,1,2696.511434417846,荒川
江戸川区|江戸川1丁目,301284.5257285003,1,0.3345227683911471,荒川
江戸川区|江戸川1丁目,301284.5257285003,1,26.568873240920468,荒川
江戸川区|江戸川1丁目,301284.5257285003,1,677.3774362956137,荒川
江戸川区|江戸川1丁目,301284.5257285003,1,653.9409807455563,荒川
江戸川区|江戸川1丁目,301284.5257285003,2,216470.64960090007,荒川
江戸川区|江戸川1丁目,301284.5257285003,2,1.305894000665995,荒川
江戸川区|江戸川1丁目,301284.5257285003,2,25.936545095006394,荒川
江戸川区|江戸川1丁目,301284.5257285003,2,26.147737281006858,荒川
江戸川区|江戸川1丁目,301284.5257285003,2,110.16739563777946,荒川
江戸川区|江戸川1丁目,301284.5257285003,2,52.505958397492115,荒川
江戸川区|江戸川1丁目,301284.5257285003,2,25.52438189886807,荒川
江戸川区|江戸川1丁目,301284.5257285003,2,26.14807417936148,荒川
江戸川区|江戸川1丁目,301284.5257285003,2,26.56950049878972,荒川
江戸川区|江戸川1丁目,301284.5257285003,2,25.936907130031397,荒川
江戸川区|江戸川1丁目,301284.5257285003,2,26.147788552299684,荒川
江戸川区|江戸川1丁目,301284.5257285003,2,26.14757888902026,荒川
江戸川区|江戸川1丁目,301284.5257285003,2,26.569542090927587,荒川
江戸川区|江戸川1丁目,301284.5257285003,2,25.93694590263334,荒川
江戸川区|江戸川1丁目,301284.5257285003,2,51.461991122498645,荒川
江戸川区|江戸川1丁目,301284.5257285003,2,80.25956720127036,荒川
江戸川区|江戸川2丁目,383785.6647591238,1,0.4217360832912847,荒川
江戸川区|江戸川2丁目,383785.6647591238,1,115.59805080162793,荒川
江戸川区|江戸川2丁目,383785.6647591238,1,16150.26144246018,荒川
江戸川区|江戸川2丁目,383785.6647591238,1,52.7171012391326,荒川
江戸川区|江戸川2丁目,383785.6647591238,1,155.0177538450735,荒川
江戸川区|江戸川2丁目,383785.6647591238,1,105.2230048766596,荒川
江戸川区|江戸川2丁目,383785.6647591238,1,26.56944436605332,荒川
江戸川区|江戸川2丁目,383785.6647591238,1,8649.919771276162,荒川
江戸川区|江戸川2丁目,383785.6647591238,1,4.044944335653233,荒川
江戸川区|江戸川2丁目,383785.6647591238,1,10429.703211435653,荒川
江戸川区|江戸川2丁目,383785.6647591238,1,26.569483709272625,荒川
江戸川区|江戸川2丁目,383785.6647591238,1,5608.4878676675835,荒川
江戸川区|江戸川2丁目,383785.6647591238,1,546.4216131531018,荒川
江戸川区|江戸川2丁目,383785.6647591238,1,390.3588244656407,荒川
江戸川区|江戸川2丁目,383785.6647591238,1,418.184726972028,荒川
江戸川区|江戸川2丁目,383785.6647591238,1,418.3873578425598,荒川
江戸川区|江戸川2丁目,383785.6647591238,1,471.52528555434446,荒川
江戸川区|江戸川2丁目,383785.6647591238,1,550.1930776872609,荒川
江戸川区|江戸川2丁目,383785.6647591238,1,393.7047432573759,荒川
江戸川区|江戸川2丁目,383785.6647591238,1,419.44102183662375,荒川
江戸川区|江戸川2丁目,383785.6647591238,1,496.2199364341144,荒川
江戸川区|江戸川2丁目,383785.6647591238,1,3450.027396477612,荒川
江戸川区|江戸川2丁目,383785.6647591238,1,2122.402505788281,荒川
江戸川区|江戸川2丁目,383785.6647591238,1,602.5007641320207,荒川
江戸川区|江戸川2丁目,383785.6647591238,1,495.3800366834888,荒川
江戸川区|江戸川2丁目,383785.6647591238,1,25155.757471405905,荒川
江戸川区|江戸川2丁目,383785.6647591238,1,5806.102874328614,荒川
江戸川区|江戸川2丁目,383785.6647591238,1,495.79898872124625,荒川
江戸川区|江戸川2丁目,383785.6647591238,1,181.3789854838232,荒川
江戸川区|江戸川2丁目,383785.6647591238,1,2037.1849420398382,荒川
江戸川区|江戸川2丁目,383785.6647591238,1,1440.3335754015814,荒川
江戸川区|江戸川2丁目,383785.6647591238,1,651.6701177846497,荒川
江戸川区|江戸川2丁目,383785.6647591238,1,469.44189143477627,荒川
江戸川区|江戸川2丁目,383785.6647591238,1,656.9044005393357,荒川
江戸川区|江戸川2丁目,383785.6647591238,1,186.76774684708477,荒川
江戸川区|江戸川2丁目,383785.6647591238,1,442.66427328316115,荒川
江戸川区|江戸川2丁目,383785.6647591238,1,103.96979341680672,荒川
江戸川区|江戸川2丁目,383785.6647591238,1,573.8379776428869,荒川
江戸川区|江戸川2丁目,383785.6647591238,1,1046.4185496787043,荒川
江戸川区|江戸川2丁目,383785.6647591238,2,146568.99532665545,荒川
江戸川区|江戸川2丁目,383785.6647591238,2,24.63049007848879,荒川
江戸川区|江戸川2丁目,383785.6647591238,2,52.294849455496106,荒川
江戸川区|江戸川2丁目,383785.6647591238,2,25.93674021560241,荒川
江戸川区|江戸川2丁目,383785.6647591238,2,52.294929744232554,荒川
江戸川区|江戸川2丁目,383785.6647591238,2,26.146893866512563,荒川
江戸川区|江戸川2丁目,383785.6647591238,2,25.936463431091305,荒川
江戸川区|江戸川2丁目,383785.6647591238,2,26.14739520959913,荒川
江戸川区|江戸川2丁目,383785.6647591238,2,25.5248527968525,荒川
江戸川区|江戸川2丁目,383785.6647591238,2,128.45674123587713,荒川
江戸川区|江戸川2丁目,383785.6647591238,2,366.09465301853413,荒川
江戸川区|江戸川2丁目,383785.6647591238,2,26.147960219487558,荒川
江戸川区|江戸川2丁目,383785.6647591238,2,26.147516603436316,荒川
江戸川区|江戸川2丁目,383785.6647591238,2,20.585798957434697,荒川
江戸川区|江戸川2丁目,383785.6647591238,2,261.69590834373656,荒川
江戸川区|江戸川2丁目,383785.6647591238,2,8.624417767813439,荒川
江戸川区|江戸川2丁目,383785.6647591238,2,26.56993271168513,荒川
江戸川区|江戸川2丁目,383785.6647591238,2,124.5483447573865,荒川
江戸川区|江戸川2丁目,383785.6647591238,2,314.0021083818133,荒川
江戸川区|江戸川2丁目,383785.6647591238,2,26.147216507642433,荒川
江戸川区|江戸川2丁目,383785.6647591238,2,156.9004686908921,荒川
江戸川区|江戸川2丁目,383785.6647591238,2,102.7808509688575,荒川
江戸川区|江戸川2丁目,383785.6647591238,2,53.14006586329593,荒川
江戸川区|江戸川3丁目,308750.2944490765,1,35486.49466958775,荒川
江戸川区|江戸川3丁目,308750.2944490765,1,495.381755856347,荒川
江戸川区|江戸川3丁目,308750.2944490765,1,92.54802712473307,荒川
江戸川区|江戸川3丁目,308750.2944490765,1,366.0903621927033,荒川
江戸川区|江戸川3丁目,308750.2944490765,1,312.1212874916563,荒川
江戸川区|江戸川3丁目,308750.2944490765,1,25.52594558574579,荒川
江戸川区|江戸川3丁目,308750.2944490765,1,104.39137196898785,荒川
江戸川区|江戸川3丁目,308750.2944490765,1,1176.1376128896825,荒川
江戸川区|江戸川3丁目,308750.2944490765,1,758.3481167813162,荒川
江戸川区|江戸川3丁目,308750.2944490765,1,26.570611042361016,荒川
江戸川区|江戸川3丁目,308750.2944490765,1,2012.0750141080553,荒川
江戸川区|江戸川3丁目,308750.2944490765,1,417.1455291615935,荒川
江戸川区|江戸川3丁目,308750.2944490765,1,260.8739415033716,荒川
江戸川区|江戸川3丁目,308750.2944490765,1,856.3476345405109,荒川
江戸川区|江戸川3丁目,308750.2944490765,1,0.2849429794579202,荒川
江戸川区|江戸川3丁目,308750.2944490765,1,129.70942165424105,荒川
江戸川区|江戸川3丁目,308750.2944490765,1,130.75392969126892,荒川
江戸川区|江戸川3丁目,308750.2944490765,1,444.1378152917013,荒川
江戸川区|江戸川3丁目,308750.2944490765,1,26.148676540787196,荒川
江戸川区|江戸川3丁目,308750.2944490765,1,288.2741140713649,荒川
江戸川区|江戸川3丁目,308750.2944490765,1,2219.404788844484,荒川
江戸川区|江戸川3丁目,308750.2944490765,1,1594.3184415037333,荒川
江戸川区|江戸川3丁目,308750.2944490765,1,25.937336370313915,荒川
江戸川区|江戸川3丁目,308750.2944490765,1,105.0167658142809,荒川
江戸川区|江戸川3丁目,308750.2944490765,1,547.2670139103454,荒川
江戸川区|江戸川3丁目,308750.2944490765,1,6801.727321189403,荒川
江戸川区|江戸川3丁目,308750.2944490765,1,5830.468961129516,荒川
江戸川区|江戸川3丁目,308750.2944490765,1,393.7135065937208,荒川
江戸川区|江戸川3丁目,308750.2944490765,1,25.525829627474515,荒川
江戸川区|江戸川3丁目,308750.2944490765,1,17.3924747681801,荒川
江戸川区|江戸川3丁目,308750.2944490765,1,2331.13956178521,荒川
江戸川区|江戸川3丁目,308750.2944490765,1,287.65238111493477,荒川
江戸川区|江戸川3丁目,308750.2944490765,1,26.57018637765332,荒川
江戸川区|江戸川3丁目,308750.2944490765,1,103.97127473679691,荒川
江戸川区|江戸川3丁目,308750.2944490765,2,117674.9705122822,荒川
江戸川区|江戸川3丁目,308750.2944490765,2,313.79796776741324,荒川
江戸川区|江戸川3丁目,308750.2944490765,2,79.07748378716846,荒川
江戸川区|江戸川3丁目,308750.2944490765,2,26.148984592967945,荒川
江戸川区|江戸川3丁目,308750.2944490765,2,627.1823207493354,荒川
江戸川区|江戸川3丁目,308750.2944490765,2,79.28891976271937,荒川
江戸川区|江戸川3丁目,308750.2944490765,2,25.52590562897874,荒川
江戸川区|江戸川3丁目,308750.2944490765,2,25.52611381380936,荒川
江戸川区|江戸川3丁目,308750.2944490765,2,130.95373010245132,荒川
江戸川区|江戸川3丁目,308750.2944490765,2,209.62078776170486,荒川
江戸川区|江戸川3丁目,308750.2944490765,2,25.937695140521996,荒川
江戸川区|江戸川3丁目,308750.2944490765,2,26.1485850017601,荒川
江戸川区|江戸川3丁目,308750.2944490765,2,51.46396639480886,荒川
江戸川区|江戸川3丁目,308750.2944490765,2,52.50816660190592,荒川
江戸川区|江戸川3丁目,308750.2944490765,2,52.2977331850763,荒川
江戸川区|江戸川3丁目,308750.2944490765,2,26.57051160356258,荒川
江戸川区|江戸川3丁目,308750.2944490765,2,209.41129451141165,荒川
江戸川区|江戸川3丁目,308750.2944490765,2,105.01706918076515,荒川
江戸川区|江戸川3丁目,308750.2944490765,2,653.3401561949819,荒川
江戸川区|江戸川3丁目,308750.2944490765,2,104.39454486717764,荒川
江戸川区|江戸川3丁目,308750.2944490765,2,26.148796604990483,荒川
江戸川区|江戸川3丁目,308750.2944490765,2,25.938138359532143,荒川
江戸川区|江戸川3丁目,308750.2944490765,2,1388.2780441423026,荒川
江戸川区|江戸川3丁目,308750.2944490765,2,25.937972143500716,荒川
江戸川区|江戸川3丁目,308750.2944490765,2,261.7101238152205,荒川
江戸川区|江戸川3丁目,308750.2944490765,2,52.508754116234414,荒川
江戸川区|江戸川3丁目,308750.2944490765,2,52.508808810262195,荒川
江戸川区|江戸川4丁目,171767.40300018244,1,7825.874309436648,荒川
江戸川区|江戸川4丁目,171767.40300018244,1,392.69755984737253,荒川
江戸川区|江戸川4丁目,171767.40300018244,1,885.2940613586178,荒川
江戸川区|江戸川4丁目,171767.40300018244,1,7724.361080433916,荒川
江戸川区|江戸川4丁目,171767.40300018244,1,392.4680588315511,荒川
江戸川区|江戸川4丁目,171767.40300018244,1,25.938331189484366,荒川
江戸川区|江戸川4丁目,171767.40300018244,1,340.1728832177279,荒川
江戸川区|江戸川4丁目,171767.40300018244,1,1045.4352542150405,荒川
江戸川区|江戸川4丁目,171767.40300018244,1,1175.9873203586371,荒川
江戸川区|江戸川4丁目,171767.40300018244,2,61674.402924765935,荒川
江戸川区|江戸川4丁目,171767.40300018244,2,26.148997204587232,荒川
江戸川区|江戸川4丁目,171767.40300018244,2,26.57075560882303,荒川
江戸川区|江戸川4丁目,171767.40300018244,2,156.49272192497324,荒川
江戸川区|江戸川4丁目,171767.40300018244,2,25.938211865616214,荒川
江戸川区|江戸川4丁目,171767.40300018244,2,26.149198341311784,荒川
江戸川区|江戸川4丁目,171767.40300018244,2,25.938330930162117,荒川
江戸川区|江戸川4丁目,171767.40300018244,2,25.52685642435462,荒川
江戸川区|江戸川4丁目,171767.40300018244,2,969.6888399459252,荒川
江戸川区|江戸川4丁目,171767.40300018244,2,26.14911434041217,荒川
江戸川区|江戸川5丁目,321430.01023986115,1,316.03283886731407,荒川
江戸川区|江戸川5丁目,321430.01023986115,1,1539.9002300920683,荒川
江戸川区|江戸川5丁目,321430.01023986115,1,0.4117549948608994,荒川
江戸川区|江戸川5丁目,321430.01023986115,1,1983.8484856867806,荒川
江戸川区|江戸川5丁目,321430.01023986115,1,1834.5054870383892,荒川
江戸川区|江戸川5丁目,321430.01023986115,1,313.0150862859547,荒川
江戸川区|江戸川5丁目,321430.01023986115,1,369.01205001561596,荒川
江戸川区|江戸川5丁目,321430.01023986115,1,48.51687725248109,荒川
江戸川区|江戸川5丁目,321430.01023986115,1,415.9523668122238,荒川
江戸川区|江戸川5丁目,321430.01023986115,1,2826.9306405080424,荒川
江戸川区|江戸川5丁目,321430.01023986115,1,500.27753821466445,荒川
江戸川区|江戸川5丁目,321430.01023986115,2,249822.0984431894,荒川
江戸川区|江戸川5丁目,321430.01023986115,2,129.51036955069708,荒川
江戸川区|江戸川5丁目,321430.01023986115,2,79.08627971279908,荒川
江戸川区|江戸川5丁目,321430.01023986115,2,104.19761119992992,荒川
江戸川区|江戸川5丁目,321430.01023986115,2,43.504085156789024,荒川
江戸川区|江戸川5丁目,321430.01023986115,2,3141.1552705347376,荒川
江戸川区|江戸川5丁目,321430.01023986115,3,76.01027223107982,荒川
江戸川区|江戸川5丁目,321430.01023986115,3,255.91314905055663,荒川
江戸川区|江戸川5丁目,321430.01023986115,3,52.79103838316696,荒川
江戸川区|江戸川5丁目,321430.01023986115,3,11.175573587690515,荒川
江戸川区|江戸川5丁目,321430.01023986115,3,52.51455928388605,荒川
江戸川区|江戸川5丁目,321430.01023986115,3,17.533583361725,荒川
江戸川区|江戸川5丁目,321430.01023986115,3,30.113661243245524,荒川
江戸川区|江戸川5丁目,321430.01023986115,3,59.56437975716034,荒川
江戸川区|江戸川6丁目,315826.98207282275,2,253739.27202312506,荒川
江戸川区|江戸川6丁目,315826.98207282275,2,2533.4834462544673,荒川
江戸川区|江戸川6丁目,315826.98207282275,2,312.57875981204955,荒川
江戸川区|江戸川6丁目,315826.98207282275,2,3925.2515974056946,荒川
江戸川区|江戸川6丁目,315826.98207282275,2,26.151292777819904,荒川
江戸川区|江戸川6丁目,315826.98207282275,2,2225.497977514568,荒川
江戸川区|江戸川6丁目,315826.98207282275,2,26.57290260853413,荒川
江戸川区|江戸川6丁目,315826.98207282275,2,364.47230494528543,荒川
江戸川区|江戸川6丁目,315826.98207282275,2,52.724678170497626,荒川
江戸川区|江戸川6丁目,315826.98207282275,3,46155.669663419016,荒川
江戸川区|江戸川6丁目,315826.98207282275,3,28.183885177989314,荒川
江戸川区|江戸川6丁目,315826.98207282275,3,25.94068703590397,荒川
江戸川区|江戸川6丁目,315826.98207282275,3,26.151392711043147,荒川
江戸川区|江戸川6丁目,315826.98207282275,3,293.9220773524612,荒川
江戸川区|江戸川6丁目,315826.98207282275,3,26.573413976627478,荒川
江戸川区|江戸川6丁目,315826.98207282275,3,25.940520989452015,荒川
江戸川区|江戸川6丁目,315826.98207282275,3,758.235337864316,荒川
江戸川区|江戸川6丁目,315826.98207282275,3,26.15165511408499,荒川
江戸川区|江戸川6丁目,315826.98207282275,3,26.151656061832103,荒川
江戸川区|江戸川6丁目,315826.98207282275,3,25.529010687213223,荒川
江戸川区|江戸川6丁目,315826.98207282275,3,26.15172232617823,荒川
江戸川区|江戸川6丁目,315826.98207282275,3,26.573534663632408,荒川
江戸川区|江戸川6丁目,315826.98207282275,3,470.76058516874997,荒川
江戸川区|江戸川6丁目,315826.98207282275,3,131.18015441538577,荒川
江戸川区|江戸川6丁目,315826.98207282275,3,183.49350111041664,荒川
江戸川区|江戸川6丁目,315826.98207282275,3,812.4318866195633,荒川
江戸川区|江戸川6丁目,315826.98207282275,3,105.87221509134959,荒川
江戸川区|江戸川6丁目,315826.98207282275,3,52.72551460665061,荒川
江戸川区|江戸川6丁目,315826.98207282275,3,416.5704894782144,荒川
江戸川区|江戸川6丁目,315826.98207282275,3,104.1298856886355,荒川
江戸川区|江戸川6丁目,315826.98207282275,3,233.92030771103052,荒川
江戸川区|江戸川6丁目,315826.98207282275,3,41.338949195963714,荒川
江戸川区|江戸川6丁目,315826.98207282275,3,52.725464397891976,荒川
江戸川区|江戸川6丁目,315826.98207282275,3,391.26439115347904,荒川
江戸川区|江戸川6丁目,315826.98207282275,3,51.681091881032636,荒川
江戸川区|江戸川6丁目,315826.98207282275,3,26.57369269207797,荒川
江戸川区|江戸川6丁目,315826.98207282275,3,10.384786800829652,荒川
江戸川区|江戸川6丁目,315826.98207282275,3,183.06710285335652,荒川
江戸川区|江戸川6丁目,315826.98207282275,3,131.59957006822026,荒川
江戸川区|江戸川6丁目,315826.98207282275,3,262.57659998204724,荒川
江戸川区|江戸川6丁目,315826.98207282275,3,287.261370991204,荒川
江戸川区|江戸川6丁目,315826.98207282275,3,446.4889552323612,荒川
江戸川区|江戸川6丁目,315826.98207282275,3,79.0865586250935,荒川
江戸川区|江戸川6丁目,315826.98207282275,3,51.46914636011395,荒川
江戸川区|江戸川6丁目,315826.98207282275,3,209.6425558868641,荒川
江戸川区|江戸川6丁目,315826.98207282275,3,104.19355982147988,荒川
江戸川区|江戸川6丁目,315826.98207282275,3,26.15140135773857,荒川
江戸川区|江戸川6丁目,315826.98207282275,3,52.30239620540727,荒川
江戸川区|江戸川6丁目,315826.98207282275,3,103.36014590639117,荒川
江戸川区|江戸川6丁目,315826.98207282275,3,25.528609445771995,荒川
江戸川区|江戸川6丁目,315826.98207282275,3,26.151521901704513,荒川
江戸川区|江戸川6丁目,315826.98207282275,3,8.617940918372765,荒川
江戸川区|江戸川6丁目,315826.98207282275,3,23.033005466817354,荒川
江戸川区|江戸川6丁目,315826.98207282275,3,25.528686150210763,荒川
江戸川区|江戸川6丁目,315826.98207282275,3,18.689234278462834,荒川
江戸川区|東小岩1丁目,281307.1091480618,1,161757.11285413068,荒川
江戸川区|東小岩1丁目,281307.1091480618,1,119.26724129148315,荒川
江戸川区|東小岩1丁目,281307.1091480618,1,680.628466873342,荒川
江戸川区|東小岩1丁目,281307.1091480618,1,599.7039737812964,荒川
江戸川区|東小岩1丁目,281307.1091480618,1,26.557610546087496,荒川
江戸川区|東小岩1丁目,281307.1091480618,1,416.74377299288227,荒川
江戸川区|東小岩1丁目,281307.1091480618,2,7047.10972313829,荒川
江戸川区|東小岩1丁目,281307.1091480618,2,26.1357789985328,荒川
江戸川区|東小岩1丁目,281307.1091480618,2,103.29874092928706,荒川
江戸川区|東小岩1丁目,281307.1091480618,2,966.4659146201149,荒川
江戸川区|東小岩1丁目,281307.1091480618,2,105.17569379901391,荒川
江戸川区|東小岩1丁目,281307.1091480618,2,104.13190210618318,荒川
江戸川区|東小岩1丁目,281307.1091480618,2,575.8563178120754,荒川
江戸川区|東小岩1丁目,281307.1091480618,2,234.41117795656206,荒川
江戸川区|東小岩1丁目,281307.1091480618,2,25.513721573990093,荒川
江戸川区|東小岩1丁目,281307.1091480618,2,156.82637887497438,荒川
江戸川区|東小岩1丁目,281307.1091480618,2,26.55761265489423,荒川
江戸川区|東小岩1丁目,281307.1091480618,2,25.925993950337627,荒川
江戸川区|東小岩1丁目,281307.1091480618,2,26.136075230931514,荒川
江戸川区|東小岩1丁目,281307.1091480618,2,469.66056224738827,荒川
江戸川区|東小岩1丁目,281307.1091480618,2,25.51380057762979,荒川
江戸川区|東小岩1丁目,281307.1091480618,2,25.514548070821974,荒川
江戸川区|東小岩1丁目,281307.1091480618,2,182.34104798154425,荒川
江戸川区|東小岩1丁目,281307.1091480618,2,26.13619595564824,荒川
江戸川区|東小岩1丁目,281307.1091480618,2,26.55774841306478,荒川
江戸川区|東小岩1丁目,281307.1091480618,2,26.13626268464821,荒川
江戸川区|東小岩1丁目,281307.1091480618,2,26.136881824355996,荒川
江戸川区|東小岩1丁目,281307.1091480618,2,26.13631781522853,荒川
江戸川区|東小岩1丁目,281307.1091480618,2,25.92611303386574,荒川
江戸川区|東小岩1丁目,281307.1091480618,2,51.43958974824721,荒川
江戸川区|東小岩1丁目,281307.1091480618,2,3920.5998925815293,荒川
江戸川区|東小岩1丁目,281307.1091480618,2,9465.153521799733,荒川
江戸川区|東小岩1丁目,281307.1091480618,2,366.351451996034,荒川
江戸川区|東小岩1丁目,281307.1091480618,2,26.557912305056004,荒川
江戸川区|東小岩1丁目,281307.1091480618,2,104.13624227547847,荒川
江戸川区|東小岩1丁目,281307.1091480618,2,26.557952521320686,荒川
江戸川区|東小岩1丁目,281307.1091480618,2,26.55795236712317,荒川
江戸川区|東小岩1丁目,281307.1091480618,2,79.04173306048291,荒川
江戸川区|東小岩1丁目,281307.1091480618,2,63.14762465342719,荒川
江戸川区|東小岩1丁目,281307.1091480618,2,103.30187895833298,荒川
江戸川区|東小岩1丁目,281307.1091480618,2,2.02019314659661,荒川
江戸川区|東小岩1丁目,281307.1091480618,2,521.7178947411602,荒川
江戸川区|東小岩1丁目,281307.1091480618,2,79.04205777276199,荒川
江戸川区|東小岩1丁目,281307.1091480618,2,25.926353302647364,荒川
江戸川区|東小岩1丁目,281307.1091480618,2,25.925834265354116,荒川
江戸川区|東小岩1丁目,281307.1091480618,2,52.69594717825193,荒川
江戸川区|東小岩1丁目,281307.1091480618,2,16766.565250161366,荒川
江戸川区|東小岩1丁目,281307.1091480618,2,1.0063771993290185,荒川
江戸川区|東小岩1丁目,281307.1091480618,2,51.651489148798554,荒川
江戸川区|東小岩1丁目,281307.1091480618,2,25.514431581052044,荒川
江戸川区|東小岩1丁目,281307.1091480618,2,1.2684120314331742,荒川
江戸川区|東小岩1丁目,281307.1091480618,2,1.362016252651403,荒川
江戸川区|東小岩1丁目,281307.1091480618,2,0.10408413269397498,荒川
江戸川区|東小岩1丁目,281307.1091480618,2,52.48601277162459,荒川
江戸川区|東小岩1丁目,281307.1091480618,2,1.5107673835618562,荒川
江戸川区|東小岩1丁目,281307.1091480618,2,0.3996750539632912,荒川
江戸川区|東小岩1丁目,281307.1091480618,2,13.217886436685507,荒川
江戸川区|東小岩1丁目,281307.1091480618,2,52.48568986859763,荒川
江戸川区|東小岩1丁目,281307.1091480618,2,0.590624067576548,荒川
江戸川区|東小岩1丁目,281307.1091480618,2,15.477998322878141,荒川
江戸川区|東小岩1丁目,281307.1091480618,2,14.224292698792851,荒川
江戸川区|東小岩2丁目,296446.8524544299,1,157005.72332755933,荒川
江戸川区|東小岩2丁目,296446.8524544299,1,26.135562297831658,荒川
江戸川区|東小岩2丁目,296446.8524544299,1,78.8284140041725,荒川
江戸川区|東小岩2丁目,296446.8524544299,1,10.999856412853976,荒川
江戸川区|東小岩2丁目,296446.8524544299,2,288.96476755144624,荒川
江戸川区|東小岩2丁目,296446.8524544299,2,99.49214924388893,荒川
江戸川区|東小岩2丁目,296446.8524544299,2,677.0352421056454,荒川
江戸川区|東小岩2丁目,296446.8524544299,2,209.08917216956434,荒川
江戸川区|東小岩2丁目,296446.8524544299,2,51.647489348870835,荒川
江戸川区|東小岩2丁目,296446.8524544299,2,77.7824291428212,荒川
江戸川区|東小岩2丁目,296446.8524544299,2,51.64765057855141,荒川
江戸川区|東小岩2丁目,296446.8524544299,2,130.47424360875564,荒川
江戸川区|東小岩2丁目,296446.8524544299,2,51.64924183236488,荒川
江戸川区|東小岩2丁目,296446.8524544299,2,25.92499644255671,荒川
江戸川区|東小岩2丁目,296446.8524544299,2,103.91789642849442,荒川
江戸川区|東小岩2丁目,296446.8524544299,2,25.51352755621786,荒川
江戸川区|東小岩2丁目,296446.8524544299,2,130.05297496087366,荒川
江戸川区|東小岩2丁目,296446.8524544299,2,261.9931926340785,荒川
江戸川区|東小岩2丁目,296446.8524544299,2,25.92431666555646,荒川
江戸川区|東小岩2丁目,296446.8524544299,2,5670.899696316895,荒川
江戸川区|東小岩2丁目,296446.8524544299,2,0.31717898851517223,荒川
江戸川区|東小岩2丁目,296446.8524544299,2,103.0853676780781,荒川
江戸川区|東小岩2丁目,296446.8524544299,2,51.437293673194276,荒川
江戸川区|東小岩2丁目,296446.8524544299,2,130.2651735993099,荒川
江戸川区|東小岩2丁目,296446.8524544299,2,233.96446815480493,荒川
江戸川区|東小岩2丁目,296446.8524544299,2,156.8231201181252,荒川
江戸川区|東小岩2丁目,296446.8524544299,2,130.6882405327705,荒川
江戸川区|東小岩2丁目,296446.8524544299,2,26.135619860635487,荒川
江戸川区|東小岩2丁目,296446.8524544299,2,2323.7947345807656,荒川
江戸川区|東小岩2丁目,296446.8524544299,2,52.69302394953486,荒川
江戸川区|東小岩2丁目,296446.8524544299,2,247.04127601629986,荒川
江戸川区|東小岩3丁目,347018.121754211,1,133435.30251957968,荒川
江戸川区|東小岩3丁目,347018.121754211,1,4077.6595059914025,荒川
江戸川区|東小岩3丁目,347018.121754211,1,313.62287583458055,荒川
江戸川区|東小岩3丁目,347018.121754211,1,79.24432335128972,荒川
江戸川区|東小岩3丁目,347018.121754211,1,26.133806033517914,荒川
江戸川区|東小岩3丁目,347018.121754211,2,132.13937271909597,荒川
江戸川区|東小岩3丁目,347018.121754211,2,15677.509791511166,荒川
江戸川区|東小岩3丁目,347018.121754211,2,51.644859863444715,荒川
江戸川区|東小岩3丁目,347018.121754211,2,52.2672865854789,荒川
江戸川区|東小岩3丁目,347018.121754211,2,79.03299525859497,荒川
江戸川区|東小岩3丁目,347018.121754211,2,1563.4829653450442,荒川
江戸川区|東小岩3丁目,347018.121754211,2,26.13361759323893,荒川
江戸川区|東小岩3丁目,347018.121754211,2,26.13304177347324,荒川
江戸川区|東小岩3丁目,347018.121754211,2,418.5905073389939,荒川
江戸川区|東小岩3丁目,347018.121754211,2,105.37519955453942,荒川
江戸川区|東小岩3丁目,347018.121754211,2,79.03157971263687,荒川
江戸川区|東小岩3丁目,347018.121754211,2,25.511441369818545,荒川
江戸川区|東小岩3丁目,347018.121754211,2,78.19870191547729,荒川
江戸川区|東小岩3丁目,347018.121754211,2,51.644303122914415,荒川
江戸川区|東小岩3丁目,347018.121754211,2,130.2572014805265,荒川
江戸川区|東小岩3丁目,347018.121754211,2,966.5675159021843,荒川
江戸川区|東小岩3丁目,347018.121754211,2,53.109328572173965,荒川
江戸川区|東小岩3丁目,347018.121754211,2,470.63951993030753,荒川
江戸川区|東小岩3丁目,347018.121754211,2,52.478273562624324,荒川
江戸川区|東小岩3丁目,347018.121754211,2,51.43364470604839,荒川
江戸川区|東小岩3丁目,347018.121754211,2,52.478354526332666,荒川
江戸川区|東小岩3丁目,347018.121754211,2,25.511332936635178,荒川
江戸川区|東小岩3丁目,347018.121754211,2,26.55488195739557,荒川
江戸川区|東小岩3丁目,347018.121754211,2,51.64544446869945,荒川
江戸川区|東小岩3丁目,347018.121754211,2,25.511165652725616,荒川
江戸川区|東小岩3丁目,347018.121754211,2,51.43380446901211,荒川
江戸川区|東小岩3丁目,347018.121754211,2,103.91323406101228,荒川
江戸川区|東小岩3丁目,347018.121754211,2,53.11073730110826,荒川
江戸川区|東小岩3丁目,347018.121754211,2,25.92271597813032,荒川
江戸川区|東小岩3丁目,347018.121754211,2,761.1034370990614,荒川
江戸川区|東小岩3丁目,347018.121754211,2,26.133483104420783,荒川
江戸川区|東小岩3丁目,347018.121754211,2,26.555442768065383,荒川
江戸川区|東小岩3丁目,347018.121754211,2,51.645657428612864,荒川
江戸川区|東小岩3丁目,347018.121754211,2,157.22268909584736,荒川
江戸川区|東小岩3丁目,347018.121754211,2,26.133980725709655,荒川
江戸川区|東小岩3丁目,347018.121754211,2,156.3928072338812,荒川
江戸川区|東小岩3丁目,347018.121754211,2,52.68961239651336,荒川
江戸川区|東小岩3丁目,347018.121754211,2,51.64589596908861,荒川
江戸川区|東小岩3丁目,347018.121754211,2,155.56024843793298,荒川
江戸川区|東小岩3丁目,347018.121754211,2,132.1458875658597,荒川
江戸川区|東小岩3丁目,347018.121754211,2,27.971729338072553,荒川
江戸川区|東小岩3丁目,347018.121754211,2,62.31026347242464,荒川
江戸川区|東小岩3丁目,347018.121754211,2,25.511913460767516,荒川
江戸川区|東小岩3丁目,347018.121754211,2,79.03482477052701,荒川
江戸川区|東小岩3丁目,347018.121754211,2,79.03486617334026,荒川
江戸川区|東小岩3丁目,347018.121754211,2,88.2581321605688,荒川
江戸川区|東小岩3丁目,347018.121754211,2,104.64121743994336,荒川
江戸川区|東小岩3丁目,347018.121754211,3,1149.9717145832717,荒川
江戸川区|東小岩4丁目,192954.85440012187,1,102147.96426958757,荒川
江戸川区|東小岩4丁目,192954.85440012187,1,2112.3711389899354,荒川
江戸川区|東小岩4丁目,192954.85440012187,1,2104.7264313002543,荒川
江戸川区|東小岩4丁目,192954.85440012187,1,470.02494158455266,荒川
江戸川区|東小岩4丁目,192954.85440012187,1,79.0351038285646,荒川
江戸川区|東小岩4丁目,192954.85440012187,1,26.555849291922943,荒川
江戸川区|東小岩4丁目,192954.85440012187,1,26.55589045161104,荒川
江戸川区|東小岩4丁目,192954.85440012187,1,21777.92633369529,荒川
江戸川区|東小岩4丁目,192954.85440012187,1,25.51250144309454,荒川
江戸川区|東小岩4丁目,192954.85440012187,1,0.42152945592090296,荒川
江戸川区|東小岩4丁目,192954.85440012187,1,2925.618325966319,荒川
江戸川区|東小岩4丁目,192954.85440012187,1,207.8337213602439,荒川
江戸川区|東小岩4丁目,192954.85440012187,1,1517.3771810436294,荒川
江戸川区|東小岩4丁目,192954.85440012187,1,2899.11264681826,荒川
江戸川区|東小岩4丁目,192954.85440012187,2,31119.95247519192,荒川
江戸川区|東小岩4丁目,192954.85440012187,2,2410.3611051841435,荒川
江戸川区|東小岩4丁目,192954.85440012187,2,26.555863115191862,荒川
江戸川区|東小岩4丁目,192954.85440012187,2,26.555863046295645,荒川
江戸川区|東小岩4丁目,192954.85440012187,2,26.1343410139899,荒川
江戸川区|東小岩4丁目,192954.85440012187,2,25.923593964421773,荒川
江戸川区|東小岩4丁目,192954.85440012187,2,26.134368343566635,荒川
江戸川区|東小岩4丁目,192954.85440012187,2,104.12352911931546,荒川
江戸川区|東小岩4丁目,192954.85440012187,2,51.6466888727231,荒川
江戸川区|東小岩4丁目,192954.85440012187,2,157.2343382084515,荒川
江戸川区|東小岩4丁目,192954.85440012187,2,131.30130588440485,荒川
江戸川区|東小岩4丁目,192954.85440012187,2,26.556069245620222,荒川
江戸川区|東小岩4丁目,192954.85440012187,2,51.43610130095112,荒川
江戸川区|東小岩4丁目,192954.85440012187,2,104.75906953650592,荒川
江戸川区|東小岩4丁目,192954.85440012187,2,314.2585498033008,荒川
江戸川区|東小岩4丁目,192954.85440012187,2,26.134272260301017,荒川
江戸川区|東小岩4丁目,192954.85440012187,2,732.8733201867146,荒川
江戸川区|東小岩4丁目,192954.85440012187,2,26.55535914905537,荒川
江戸川区|東小岩4丁目,192954.85440012187,2,26.134610692704324,荒川
江戸川区|東小岩4丁目,192954.85440012187,2,79.24701755216387,荒川
江戸川区|東小岩4丁目,192954.85440012187,2,26.134691385120576,荒川
江戸川区|東小岩4丁目,192954.85440012187,2,26.134704800265148,荒川
江戸川区|東小岩4丁目,192954.85440012187,2,25.511794080454038,荒川
江戸川区|東小岩4丁目,192954.85440012187,2,183.7816917290662,荒川
江戸川区|東小岩4丁目,192954.85440012187,2,26.555605109553113,荒川
江戸川区|東小岩4丁目,192954.85440012187,2,24.717990726502084,荒川
江戸川区|東小岩4丁目,192954.85440012187,2,95.7592077432586,荒川
江戸川区|東小岩4丁目,192954.85440012187,2,26.55655964529088,荒川
江戸川区|東小岩4丁目,192954.85440012187,2,51.43705077526003,荒川
江戸川区|東小岩4丁目,192954.85440012187,2,26.55569959519383,荒川
江戸川区|東小岩4丁目,192954.85440012187,2,25.923434215706887,荒川
江戸川区|東小岩4丁目,192954.85440012187,2,15.034203478647392,荒川
江戸川区|東小岩4丁目,192954.85440012187,2,51.435387827838284,荒川
江戸川区|東小岩4丁目,192954.85440012187,2,26.55572633658449,荒川
江戸川区|東小岩4丁目,192954.85440012187,2,52.68993622347223,荒川
江戸川区|東小岩4丁目,192954.85440012187,2,52.68996336609898,荒川
江戸川区|東小岩4丁目,192954.85440012187,2,155.77172336751752,荒川
江戸川区|東小岩4丁目,192954.85440012187,2,130.8968955855017,荒川
江戸川区|東小岩4丁目,192954.85440012187,2,26.555848924650437,荒川
江戸川区|東小岩4丁目,192954.85440012187,2,340.81005972440107,荒川
江戸川区|東小岩4丁目,192954.85440012187,2,26.135390149966618,荒川
江戸川区|東小岩4丁目,192954.85440012187,2,26.13541682882927,荒川
江戸川区|東小岩4丁目,192954.85440012187,2,26.556968990395777,荒川
江戸川区|東小岩4丁目,192954.85440012187,2,52.48164365165166,荒川
江戸川区|東小岩4丁目,192954.85440012187,2,917.1039193873029,荒川
江戸川区|東小岩4丁目,192954.85440012187,2,51.64891829356503,荒川
江戸川区|東小岩4丁目,192954.85440012187,2,52.27100847060872,荒川
江戸川区|東小岩4丁目,192954.85440012187,2,574.6011643504862,荒川
江戸川区|東小岩4丁目,192954.85440012187,2,1371.6980844151497,荒川
江戸川区|東小岩4丁目,192954.85440012187,2,26.135752095911865,荒川
江戸川区|東小岩4丁目,192954.85440012187,2,26.135752023787052,荒川
江戸川区|東小岩5丁目,171280.03899209687,1,123055.114172116,荒川
江戸川区|東小岩5丁目,171280.03899209687,1,2170.263978901798,荒川
江戸川区|東小岩5丁目,171280.03899209687,1,416.477813319568,荒川
江戸川区|東小岩5丁目,171280.03899209687,1,26.55459370523132,荒川
江戸川区|東小岩5丁目,171280.03899209687,1,1018.2098912890848,荒川
江戸川区|東小岩5丁目,171280.03899209687,1,522.0732824009768,荒川
江戸川区|東小岩5丁目,171280.03899209687,1,181.47760945654784,荒川
江戸川区|東小岩5丁目,171280.03899209687,1,209.91979630738362,荒川
江戸川区|東小岩5丁目,171280.03899209687,1,26.133293929299306,荒川
江戸川区|東小岩5丁目,171280.03899209687,1,25.92255401779559,荒川
江戸川区|東小岩5丁目,171280.03899209687,2,26.554089601473322,荒川
江戸川区|東小岩5丁目,171280.03899209687,2,52.476006724730766,荒川
江戸川区|東小岩5丁目,171280.03899209687,2,26.554169590199294,荒川
江戸川区|東小岩5丁目,171280.03899209687,2,52.68676600714057,荒川
江戸川区|東小岩5丁目,171280.03899209687,2,25.921956319444575,荒川
江戸川区|東小岩5丁目,171280.03899209687,2,967.1875463787848,荒川
江戸川区|東小岩5丁目,171280.03899209687,2,26.13284970655255,荒川
江戸川区|東小岩5丁目,171280.03899209687,2,26.132851980326908,荒川
江戸川区|東小岩5丁目,171280.03899209687,2,26.554388044742566,荒川
江戸川区|東小岩5丁目,171280.03899209687,2,77.77649985882239,荒川
江戸川区|東小岩5丁目,171280.03899209687,2,52.68728110726744,荒川
江戸川区|東小岩5丁目,171280.03899209687,2,53.11028366196475,荒川
江戸川区|東小岩5丁目,171280.03899209687,2,1017.8058174594541,荒川
江戸川区|東小岩5丁目,171280.03899209687,2,26.132916481392954,荒川
江戸川区|東小岩5丁目,171280.03899209687,2,1855.9895748258712,荒川
江戸川区|東小岩5丁目,171280.03899209687,2,26.555044372184547,荒川
江戸川区|東小岩5丁目,171280.03899209687,2,550.0877858953371,荒川
江戸川区|東小岩5丁目,171280.03899209687,2,26.132957911931957,荒川
江戸川区|東小岩5丁目,171280.03899209687,2,26.132971030550593,荒川
江戸川区|東小岩5丁目,171280.03899209687,2,8997.440667754736,荒川
江戸川区|東小岩5丁目,171280.03899209687,2,26.13301131053993,荒川
江戸川区|東小岩5丁目,171280.03899209687,2,16030.125081291746,荒川
江戸川区|東小岩5丁目,171280.03899209687,2,25.92231432173029,荒川
江戸川区|東小岩5丁目,171280.03899209687,2,26.13307772381801,荒川
江戸川区|東小岩5丁目,171280.03899209687,2,105.37533300324256,荒川
江戸川区|東小岩5丁目,171280.03899209687,2,52.687686246184015,荒川
江戸川区|東小岩5丁目,171280.03899209687,2,79.24228051500715,荒川
江戸川区|東小岩5丁目,171280.03899209687,2,1121.5247743474251,荒川
江戸川区|東小岩5丁目,171280.03899209687,2,26.55462199777165,荒川
江戸川区|東小岩5丁目,171280.03899209687,2,51.64408848586163,荒川
江戸川区|東小岩5丁目,171280.03899209687,2,156.80993726770063,荒川
江戸川区|東小岩5丁目,171280.03899209687,2,25.92247574968144,荒川
江戸川区|東小岩5丁目,171280.03899209687,2,26.133280901120838,荒川
江戸川区|東小岩5丁目,171280.03899209687,2,26.554799153509883,荒川
江戸川区|東小岩5丁目,171280.03899209687,2,25.923033923513046,荒川
江戸川区|東小岩5丁目,171280.03899209687,2,6470.54150546086,荒川
江戸川区|東小岩5丁目,171280.03899209687,2,340.38620168379407,荒川
江戸川区|東小岩5丁目,171280.03899209687,2,26.133817200761328,荒川
江戸川区|東小岩5丁目,171280.03899209687,2,341.00918445282133,荒川
江戸川区|東小岩5丁目,171280.03899209687,2,25.92263507369512,荒川
江戸川区|東小岩5丁目,171280.03899209687,2,25.511203622710923,荒川
江戸川区|東小岩5丁目,171280.03899209687,2,26.554989060649465,荒川
江戸川区|東小岩5丁目,171280.03899209687,2,25.922753871850187,荒川
江戸川区|東小岩6丁目,169340.69943589097,1,114465.8364416014,荒川
江戸川区|東小岩6丁目,169340.69943589097,1,0.14217740628235676,荒川
江戸川区|東小岩6丁目,169340.69943589097,1,2537.4352754587344,荒川
江戸川区|東小岩6丁目,169340.69943589097,1,1020.4658314374408,荒川
江戸川区|東小岩6丁目,169340.69943589097,1,1701.1990407217675,荒川
江戸川区|東小岩6丁目,169340.69943589097,1,1333.8830700006226,荒川
江戸川区|東小岩6丁目,169340.69943589097,1,1908.834680401438,荒川
江戸川区|東小岩6丁目,169340.69943589097,1,1749.1135238634315,荒川
江戸川区|東小岩6丁目,169340.69943589097,1,104.74094034243443,荒川
江戸川区|東小岩6丁目,169340.69943589097,2,7525.158160248431,荒川
江戸川区|東小岩6丁目,169340.69943589097,2,14.961520701326194,荒川
江戸川区|東小岩6丁目,169340.69943589097,2,0.8362801870964498,荒川
江戸川区|東小岩6丁目,169340.69943589097,2,21.987983001290097,荒川
江戸川区|東小岩6丁目,169340.69943589097,2,55.12314119823281,荒川
江戸川区|東小岩6丁目,169340.69943589097,2,153.64251556057206,荒川
江戸川区|東小岩6丁目,169340.69943589097,2,12.836581437417667,荒川
江戸川区|東小岩6丁目,169340.69943589097,2,5.786115788791369,荒川
江戸川区|東小岩6丁目,169340.69943589097,2,139.96661834977732,荒川
江戸川区|東小岩6丁目,169340.69943589097,2,52.68541169380421,荒川
江戸川区|東小岩6丁目,169340.69943589097,2,11.345232370183881,荒川
江戸川区|東小岩6丁目,169340.69943589097,2,26.55347449244649,荒川
江戸川区|東小岩6丁目,169340.69943589097,2,26.553516324463494,荒川
江戸川区|東小岩6丁目,169340.69943589097,2,25.921316149741507,荒川
江戸川区|東小岩6丁目,169340.69943589097,2,25.92135663986405,荒川
江戸川区|東小岩6丁目,169340.69943589097,2,26.13211415396597,荒川
江戸川区|東小岩6丁目,169340.69943589097,2,420.85404073537796,荒川
江戸川区|東小岩6丁目,169340.69943589097,2,131.71442499353915,荒川
江戸川区|東小岩6丁目,169340.69943589097,2,259.8767548279327,荒川
江戸川区|東小岩6丁目,169340.69943589097,2,25.50994518138868,荒川
江戸川区|東小岩6丁目,169340.69943589097,2,52.264008163329926,荒川
江戸川区|東小岩6丁目,169340.69943589097,2,26.553651736117537,荒川
江戸川区|東小岩6丁目,169340.69943589097,2,16170.480461118215,荒川
江戸川区|東小岩6丁目,169340.69943589097,2,258.6225932418279,荒川
江戸川区|東小岩6丁目,169340.69943589097,2,26.13219141831351,荒川
江戸川区|東小岩6丁目,169340.69943589097,2,26.132193150538527,荒川
江戸川区|東小岩6丁目,169340.69943589097,2,52.68587265452729,荒川
江戸川区|東小岩6丁目,169340.69943589097,2,130.03932369875017,荒川
江戸川区|東小岩6丁目,169340.69943589097,2,103.4952150405531,荒川
江戸川区|東小岩6丁目,169340.69943589097,2,51.64222872718136,荒川
江戸川区|東小岩6丁目,169340.69943589097,2,784.4401729439176,荒川
江戸川区|東小岩6丁目,169340.69943589097,2,52.685903944333795,荒川
江戸川区|東小岩6丁目,169340.69943589097,2,26.553695427604048,荒川
江戸川区|東小岩6丁目,169340.69943589097,2,232.2696819001398,荒川
江戸川区|東小岩6丁目,169340.69943589097,2,51.64225781555798,荒川
江戸川区|東小岩6丁目,169340.69943589097,2,26.55392953696178,荒川
江戸川区|東小岩6丁目,169340.69943589097,2,237.71927051873539,荒川
江戸川区|東小岩6丁目,169340.69943589097,2,340.1613536494081,荒川
江戸川区|東小岩6丁目,169340.69943589097,2,52.685983075255365,荒川
江戸川区|東小岩6丁目,169340.69943589097,2,26.55373563665192,荒川
江戸川区|東小岩6丁目,169340.69943589097,2,25.92151687445965,荒川
江戸川区|東小岩6丁目,169340.69943589097,2,261.75479346220163,荒川
江戸川区|東小岩6丁目,169340.69943589097,2,26.553773918241603,荒川
江戸川区|東小岩6丁目,169340.69943589097,2,183.56858637087655,荒川
江戸川区|東小岩6丁目,169340.69943589097,2,79.02929706109363,荒川
江戸川区|東小岩6丁目,169340.69943589097,2,51.43174127451909,荒川
江戸川区|東小岩6丁目,169340.69943589097,2,210.5343323084743,荒川
江戸川区|東小岩6丁目,169340.69943589097,2,79.24008560228863,荒川
江戸川区|東小岩6丁目,169340.69943589097,2,3987.7566465003138,荒川
江戸川区|東小岩6丁目,169340.69943589097,2,26.132409997974477,荒川
江戸川区|西小岩1丁目,264178.234608071,1,13595.747160783998,荒川
江戸川区|西小岩1丁目,264178.234608071,1,11242.29579376639,荒川
江戸川区|西小岩1丁目,264178.234608071,1,4230.424044520165,荒川
江戸川区|西小岩1丁目,264178.234608071,1,25.92195113723923,荒川
江戸川区|西小岩1丁目,264178.234608071,1,1019.9952912629032,荒川
江戸川区|西小岩1丁目,264178.234608071,1,2.183000079085225,荒川
江戸川区|西小岩1丁目,264178.234608071,1,3471.2286705329802,荒川
江戸川区|西小岩1丁目,264178.234608071,1,4598.570255674598,荒川
江戸川区|西小岩1丁目,264178.234608071,1,1802.0120328539238,荒川
江戸川区|西小岩1丁目,264178.234608071,2,216979.13522609125,荒川
江戸川区|西小岩1丁目,264178.234608071,2,26.553614156828264,荒川
江戸川区|西小岩1丁目,264178.234608071,2,26.554139094576193,荒川
江戸川区|西小岩1丁目,264178.234608071,2,52.26535658564304,荒川
江戸川区|西小岩1丁目,264178.234608071,2,51.642302145767715,荒川
江戸川区|西小岩1丁目,264178.234608071,2,25.510060132620197,荒川
江戸川区|西小岩1丁目,264178.234608071,2,339.88019028406285,荒川
江戸川区|西小岩1丁目,264178.234608071,2,25.510138441751415,荒川
江戸川区|西小岩1丁目,264178.234608071,2,25.921631102215496,荒川
江戸川区|西小岩2丁目,129529.19491904207,1,38.864159995182504,荒川
江戸川区|西小岩2丁目,129529.19491904207,1,2258.185469339921,荒川
江戸川区|西小岩2丁目,129529.19491904207,2,123823.51476435723,荒川
江戸川区|西小岩2丁目,129529.19491904207,2,26.55372372727017,荒川
江戸川区|西小岩2丁目,129529.19491904207,2,13.531219035576312,荒川
江戸川区|西小岩3丁目,232010.0340187731,1,991.5923805131288,荒川
江戸川区|西小岩3丁目,232010.0340187731,1,1255.4481104238414,荒川
江戸川区|西小岩3丁目,232010.0340187731,1,521.838840566098,荒川
江戸川区|西小岩3丁目,232010.0340187731,2,229237.1023677344,荒川
江戸川区|西小岩4丁目,130324.5483849143,1,8938.113041589395,荒川
江戸川区|西小岩4丁目,130324.5483849143,1,1409.6980866160782,荒川
江戸川区|西小岩4丁目,130324.5483849143,1,25.508839315799285,荒川
江戸川区|西小岩4丁目,130324.5483849143,1,130.87633885030715,荒川
江戸川区|西小岩4丁目,130324.5483849143,1,2479.477415838421,荒川
江戸川区|西小岩4丁目,130324.5483849143,1,20926.548676460352,荒川
江戸川区|西小岩4丁目,130324.5483849143,1,653.9204719131405,荒川
江戸川区|西小岩4丁目,130324.5483849143,1,4.095687739353914,荒川
江戸川区|西小岩4丁目,130324.5483849143,1,731.7025180531737,荒川
江戸川区|西小岩4丁目,130324.5483849143,1,6618.767649709822,荒川
江戸川区|西小岩4丁目,130324.5483849143,1,393.23055515874256,荒川
江戸川区|西小岩4丁目,130324.5483849143,1,1594.9585041203393,荒川
江戸川区|西小岩4丁目,130324.5483849143,1,26.553121924279363,荒川
江戸川区|西小岩4丁目,130324.5483849143,1,25.509350775560346,荒川
江戸川区|西小岩4丁目,130324.5483849143,1,1228.6893819594306,荒川
江戸川区|西小岩4丁目,130324.5483849143,1,1.2548159852074239,荒川
江戸川区|西小岩4丁目,130324.5483849143,1,25.509508119522685,荒川
江戸川区|西小岩4丁目,130324.5483849143,1,1436.9276516040873,荒川
江戸川区|西小岩4丁目,130324.5483849143,1,5118.975387931303,荒川
江戸川区|西小岩4丁目,130324.5483849143,2,76610.18444823768,荒川
江戸川区|西小岩4丁目,130324.5483849143,2,901.5419408643975,荒川
江戸川区|西小岩4丁目,130324.5483849143,2,73.91492747084779,荒川
江戸川区|西小岩4丁目,130324.5483849143,2,104.7345256002282,荒川
江戸川区|西小岩4丁目,130324.5483849143,2,25.920152394382164,荒川
江戸川区|西小岩4丁目,130324.5483849143,2,25.509516769718083,荒川
江戸川区|西小岩4丁目,130324.5483849143,2,25.92023247596289,荒川
江戸川区|西小岩4丁目,130324.5483849143,2,26.552657508851894,荒川
江戸川区|西小岩4丁目,130324.5483849143,2,26.131584005606225,荒川
江戸川区|西小岩4丁目,130324.5483849143,2,25.50887899361502,荒川
江戸川区|西小岩4丁目,130324.5483849143,2,193.4941123166978,荒川
江戸川区|西小岩4丁目,130324.5483849143,2,25.92103164934653,荒川
江戸川区|西小岩4丁目,130324.5483849143,2,25.920472453477434,荒川
江戸川区|西小岩4丁目,130324.5483849143,2,52.47316483352716,荒川
江戸川区|西小岩4丁目,130324.5483849143,2,20.18345484685667,荒川
江戸川区|西小岩4丁目,130324.5483849143,2,234.57517314383475,荒川
江戸川区|西小岩4丁目,130324.5483849143,2,26.13123459736998,荒川
江戸川区|西小岩4丁目,130324.5483849143,2,25.920717795743233,荒川
江戸川区|西小岩4丁目,130324.5483849143,2,77.7717180654398,荒川
江戸川区|西小岩4丁目,130324.5483849143,2,25.921437226379147,荒川
江戸川区|西小岩5丁目,161762.93199301604,1,43710.026312599584,荒川
江戸川区|西小岩5丁目,161762.93199301604,1,26.552134113971242,荒川
江戸川区|西小岩5丁目,161762.93199301604,1,1019.172619043526,荒川
江戸川区|西小岩5丁目,161762.93199301604,1,2955.9186851667414,荒川
江戸川区|西小岩5丁目,161762.93199301604,1,7312.161694971892,荒川
江戸川区|西小岩5丁目,161762.93199301604,1,26.129670407099532,荒川
江戸川区|西小岩5丁目,161762.93199301604,1,9928.33209729279,荒川
江戸川区|西小岩5丁目,161762.93199301604,1,14709.687535586801,荒川
江戸川区|西小岩5丁目,161762.93199301604,1,51.6402248896692,荒川
江戸川区|西小岩5丁目,161762.93199301604,1,575.7606557328638,荒川
江戸川区|西小岩5丁目,161762.93199301604,1,1698.5942202494773,荒川
江戸川区|西小岩5丁目,161762.93199301604,1,992.6320913984761,荒川
江戸川区|西小岩5丁目,161762.93199301604,1,26.131383524421523,荒川
江戸川区|西小岩5丁目,161762.93199301604,1,1280.524636169522,荒川
江戸川区|西小岩5丁目,161762.93199301604,1,7659.934782656307,荒川
江戸川区|西小岩5丁目,161762.93199301604,1,314.8422727775377,荒川
江戸川区|西小岩5丁目,161762.93199301604,1,260.3373479879535,荒川
江戸川区|西小岩5丁目,161762.93199301604,2,56419.92458967195,荒川
江戸川区|西小岩5丁目,161762.93199301604,2,2489.4214635286376,荒川
江戸川区|西小岩5丁目,161762.93199301604,2,314.0023653379317,荒川
江戸川区|西小岩5丁目,161762.93199301604,2,48.554047037608605,荒川
江戸川区|西小岩5丁目,161762.93199301604,2,770.7388500736466,荒川
江戸川区|西小岩5丁目,161762.93199301604,2,25.50884424820507,荒川
江戸川区|西小岩5丁目,161762.93199301604,2,26.552816544059542,荒川
江戸川区|西小岩5丁目,161762.93199301604,2,162.12082586467432,荒川
江戸川区|西小岩5丁目,161762.93199301604,2,1205.2031573860772,荒川
江戸川区|西小岩5丁目,161762.93199301604,2,51.638266289595464,荒川
江戸川区|西小岩5丁目,161762.93199301604,2,51.42773286327805,荒川
江戸川区|西小岩5丁目,161762.93199301604,2,26.131517663439904,荒川
江戸川区|西小岩5丁目,161762.93199301604,2,51.43014589463807,荒川
江戸川区|西小岩5丁目,161762.93199301604,2,260.914442177345,荒川
江戸川区|西小岩5丁目,161762.93199301604,2,77.77119760071739,荒川
江戸川区|西小岩5丁目,161762.93199301604,2,52.68456652189176,荒川
江戸川区|西小岩5丁目,161762.93199301604,2,26.551710057574464,荒川
江戸川区|西小岩5丁目,161762.93199301604,2,783.170003729966,荒川
江戸川区|西小岩5丁目,161762.93199301604,2,77.77331173572489,荒川
江戸川区|西小岩5丁目,161762.93199301604,2,25.920353216544694,荒川
江戸川区|西小岩5丁目,161762.93199301604,2,96.06337965048449,荒川
江戸川区|西小岩5丁目,161762.93199301604,2,26.55323939846238,荒川
江戸川区|西小岩5丁目,161762.93199301604,2,26.55273413622737,荒川
江戸川区|西小岩5丁目,161762.93199301604,2,26.130469988421936,荒川
江戸川区|南小岩1丁目,95272.51484562363,1,42.41473359381955,荒川
江戸川区|南小岩1丁目,95272.51484562363,1,1437.1458952490602,荒川
江戸川区|南小岩1丁目,95272.51484562363,1,495.3715720699996,荒川
江戸川区|南小岩1丁目,95272.51484562363,1,1069.3663893722694,荒川
江戸川区|南小岩1丁目,95272.51484562363,1,11416.390282839251,荒川
江戸川区|南小岩1丁目,95272.51484562363,1,341.47340059455956,荒川
江戸川区|南小岩1丁目,95272.51484562363,1,1382.6184863083968,荒川
江戸川区|南小岩1丁目,95272.51484562363,1,887.0360732035564,荒川
江戸川区|南小岩1丁目,95272.51484562363,1,1360.252794208664,荒川
江戸川区|南小岩1丁目,95272.51484562363,1,0.5751556315120757,荒川
江戸川区|南小岩1丁目,95272.51484562363,1,1.2876320692031293,荒川
江戸川区|南小岩1丁目,95272.51484562363,1,627.5372766967034,荒川
江戸川区|南小岩1丁目,95272.51484562363,1,391.45237368269306,荒川
江戸川区|南小岩1丁目,95272.51484562363,1,625.2408187194088,荒川
江戸川区|南小岩1丁目,95272.51484562363,1,1648.8371860719697,荒川
江戸川区|南小岩1丁目,95272.51484562363,1,9333.186601806885,荒川
江戸川区|南小岩1丁目,95272.51484562363,1,1142.1384680246945,荒川
江戸川区|南小岩1丁目,95272.51484562363,1,3.207415087609948,荒川
江戸川区|南小岩1丁目,95272.51484562363,1,837.4629073236748,荒川
江戸川区|南小岩1丁目,95272.51484562363,1,0.03937499539501573,荒川
江戸川区|南小岩1丁目,95272.51484562363,1,6403.389125861766,荒川
江戸川区|南小岩1丁目,95272.51484562363,1,339.17321297462814,荒川
江戸川区|南小岩1丁目,95272.51484562363,1,0.9347961881092562,荒川
江戸川区|南小岩1丁目,95272.51484562363,1,8.588240678157591,荒川
江戸川区|南小岩1丁目,95272.51484562363,2,53243.286579286294,荒川
江戸川区|南小岩1丁目,95272.51484562363,2,8.238444389649619,荒川
江戸川区|南小岩1丁目,95272.51484562363,2,0.003519428116554543,荒川
江戸川区|南小岩1丁目,95272.51484562363,2,0.0114805085348846,荒川
江戸川区|南小岩1丁目,95272.51484562363,2,25.51470263436826,荒川
江戸川区|南小岩1丁目,95272.51484562363,2,25.514781575156494,荒川
江戸川区|南小岩1丁目,95272.51484562363,2,26.559042257171306,荒川
江戸川区|南小岩1丁目,95272.51484562363,2,52.69653979011822,荒川
江戸川区|南小岩1丁目,95272.51484562363,2,25.515175815059152,荒川
江戸川区|南小岩1丁目,95272.51484562363,2,79.25570489760725,荒川
江戸川区|南小岩1丁目,95272.51484562363,2,341.273840283434,荒川
江戸川区|南小岩1丁目,95272.51484562363,2,25.515215340338372,荒川
江戸川区|南小岩1丁目,95272.51484562363,2,2.143528664994826,荒川
江戸川区|南小岩1丁目,95272.51484562363,2,52.69629631862257,荒川
江戸川区|南小岩1丁目,95272.51484562363,2,209.11925765256672,荒川
江戸川区|南小岩1丁目,95272.51484562363,2,25.515057906908638,荒川
江戸川区|南小岩1丁目,95272.51484562363,2,26.55921956633874,荒川
江戸川区|南小岩2丁目,195751.64421771397,1,23898.363593100512,荒川
江戸川区|南小岩2丁目,195751.64421771397,1,838.308136402407,荒川
江戸川区|南小岩2丁目,195751.64421771397,1,2303.248236950288,荒川
江戸川区|南小岩2丁目,195751.64421771397,1,10.326375155336473,荒川
江戸川区|南小岩2丁目,195751.64421771397,1,59641.25746191528,荒川
江戸川区|南小岩2丁目,195751.64421771397,1,12678.924900989812,荒川
江戸川区|南小岩2丁目,195751.64421771397,1,26.13659813703832,荒川
江戸川区|南小岩2丁目,195751.64421771397,1,989.4652087296166,荒川
江戸川区|南小岩2丁目,195751.64421771397,1,25.9252319349974,荒川
江戸川区|南小岩2丁目,195751.64421771397,1,472.15661037114154,荒川
江戸川区|南小岩2丁目,195751.64421771397,1,3652.5417733343807,荒川
江戸川区|南小岩2丁目,195751.64421771397,1,2639.723257946541,荒川
江戸川区|南小岩2丁目,195751.64421771397,1,4082.3505748532098,荒川
江戸川区|南小岩2丁目,195751.64421771397,1,6454.650724024991,荒川
江戸川区|南小岩2丁目,195751.64421771397,1,208.2681873954142,荒川
江戸川区|南小岩2丁目,195751.64421771397,1,4259.486271129283,荒川
江戸川区|南小岩2丁目,195751.64421771397,1,26.559343548055875,荒川
江戸川区|南小岩2丁目,195751.64421771397,1,26.558074246683667,荒川
江戸川区|南小岩2丁目,195751.64421771397,1,3160.0243808527016,荒川
江戸川区|南小岩2丁目,195751.64421771397,1,26.559206780848317,荒川
江戸川区|南小岩2丁目,195751.64421771397,1,5.360999040725739,荒川
江戸川区|南小岩2丁目,195751.64421771397,1,1.8636632579960624,荒川
江戸川区|南小岩2丁目,195751.64421771397,2,63196.754510277824,荒川
江戸川区|南小岩2丁目,195751.64421771397,2,25.924992548332085,荒川
江戸川区|南小岩2丁目,195751.64421771397,2,25.925237269419576,荒川
江戸川区|南小岩2丁目,195751.64421771397,2,26.55748617376612,荒川
江戸川区|南小岩2丁目,195751.64421771397,2,155.7819574405998,荒川
江戸川区|南小岩2丁目,195751.64421771397,2,26.557541456994056,荒川
江戸川区|南小岩2丁目,195751.64421771397,2,26.557622786928814,荒川
江戸川区|南小岩2丁目,195751.64421771397,2,26.558346824320388,荒川
江戸川区|南小岩2丁目,195751.64421771397,2,25.513798801031683,荒川
江戸川区|南小岩2丁目,195751.64421771397,2,26.55764988940735,荒川
江戸川区|南小岩2丁目,195751.64421771397,2,51.64995228893762,荒川
江戸川区|南小岩2丁目,195751.64421771397,2,26.136114491215032,荒川
江戸川区|南小岩2丁目,195751.64421771397,2,25.925352091994156,荒川
江戸川区|南小岩2丁目,195751.64421771397,2,25.513839044649657,荒川
江戸川区|南小岩2丁目,195751.64421771397,2,51.651413485234535,荒川
江戸川区|南小岩2丁目,195751.64421771397,2,25.925352466879026,荒川
江戸川区|南小岩2丁目,195751.64421771397,2,77.57565451016063,荒川
江戸川区|南小岩2丁目,195751.64421771397,2,53.11564131602085,荒川
江戸川区|南小岩2丁目,195751.64421771397,2,52.484553349562304,荒川
江戸川区|南小岩2丁目,195751.64421771397,2,26.557854165819784,荒川
江戸川区|南小岩2丁目,195751.64421771397,2,26.136906179214744,荒川
江戸川区|南小岩2丁目,195751.64421771397,2,993.0557978795832,荒川
江戸川区|南小岩2丁目,195751.64421771397,2,26.55789498514286,荒川
江戸川区|南小岩2丁目,195751.64421771397,2,52.273906510263615,荒川
江戸川区|南小岩2丁目,195751.64421771397,2,260.96952919398797,荒川
江戸川区|南小岩2丁目,195751.64421771397,2,52.696099255505565,荒川
江戸川区|南小岩2丁目,195751.64421771397,2,51.6494135895346,荒川
江戸川区|南小岩2丁目,195751.64421771397,2,207.8526127638727,荒川
江戸川区|南小岩2丁目,195751.64421771397,2,211.20506177126376,荒川
江戸川区|南小岩2丁目,195751.64421771397,2,77.78925385853587,荒川
江戸川区|南小岩2丁目,195751.64421771397,2,153.56567420993986,荒川
江戸川区|南小岩2丁目,195751.64421771397,2,25.515216142867736,荒川
江戸川区|南小岩2丁目,195751.64421771397,2,79.0443247235491,荒川
江戸川区|南小岩2丁目,195751.64421771397,2,26.55887936035786,荒川
江戸川区|南小岩2丁目,195751.64421771397,2,26.137350168426053,荒川
江戸川区|南小岩2丁目,195751.64421771397,2,79.0445277006891,荒川
江戸川区|南小岩2丁目,195751.64421771397,2,77.5798783475975,荒川
江戸川区|南小岩2丁目,195751.64421771397,2,0.25949616718327123,荒川
江戸川区|南小岩2丁目,195751.64421771397,2,0.9517480576748483,荒川
江戸川区|南小岩3丁目,165662.80598960948,1,65280.19463189469,荒川
江戸川区|南小岩3丁目,165662.80598960948,1,1.7893114965305046,荒川
江戸川区|南小岩3丁目,165662.80598960948,1,2245.467221444389,荒川
江戸川区|南小岩3丁目,165662.80598960948,1,1461.3753231457788,荒川
江戸川区|南小岩3丁目,165662.80598960948,1,236.07034967828716,荒川
江戸川区|南小岩3丁目,165662.80598960948,1,742.3163783261431,荒川
江戸川区|南小岩3丁目,165662.80598960948,1,3137.6928365960907,荒川
江戸川区|南小岩3丁目,165662.80598960948,1,104.13044181839913,荒川
江戸川区|南小岩3丁目,165662.80598960948,1,1932.282755165777,荒川
江戸川区|南小岩3丁目,165662.80598960948,1,9957.707080415319,荒川
江戸川区|南小岩3丁目,165662.80598960948,1,993.2191081780354,荒川
江戸川区|南小岩3丁目,165662.80598960948,1,15.809362897173411,荒川
江戸川区|南小岩3丁目,165662.80598960948,1,0.0008289679932116042,荒川
江戸川区|南小岩3丁目,165662.80598960948,1,1.541680913443931,荒川
江戸川区|南小岩3丁目,165662.80598960948,1,601.5445661234154,荒川
江戸川区|南小岩3丁目,165662.80598960948,1,6423.719674731289,荒川
江戸川区|南小岩3丁目,165662.80598960948,1,653.406230706757,荒川
江戸川区|南小岩3丁目,165662.80598960948,1,4888.8028538234885,荒川
江戸川区|南小岩3丁目,165662.80598960948,1,4438.439268219855,荒川
江戸川区|南小岩3丁目,165662.80598960948,2,59408.989998965495,荒川
江戸川区|南小岩3丁目,165662.80598960948,2,26.556189701576244,荒川
江戸川区|南小岩3丁目,165662.80598960948,2,77.99288659613474,荒川
江戸川区|南小岩3丁目,165662.80598960948,2,26.556394367357548,荒川
江戸川区|南小岩3丁目,165662.80598960948,2,26.556434669006546,荒川
江戸川区|南小岩3丁目,165662.80598960948,2,25.92415318015979,荒川
江戸川区|南小岩3丁目,165662.80598960948,2,26.556516448030088,荒川
江戸川区|南小岩3丁目,165662.80598960948,2,78.20450137576739,荒川
江戸川区|南小岩3丁目,165662.80598960948,2,51.436970172755046,荒川
江戸川区|南小岩3丁目,165662.80598960948,2,104.96158985791608,荒川
江戸川区|南小岩3丁目,165662.80598960948,2,26.556228449325893,荒川
江戸川区|南小岩3丁目,165662.80598960948,2,25.51277518088638,荒川
江戸川区|南小岩3丁目,165662.80598960948,2,53.113393329285316,荒川
江戸川区|南小岩3丁目,165662.80598960948,2,53.11318322428295,荒川
江戸川区|南小岩3丁目,165662.80598960948,2,79.0379953295402,荒川
江戸川区|南小岩3丁目,165662.80598960948,2,128.91012519921253,荒川
江戸川区|南小岩3丁目,165662.80598960948,2,52.27060140896519,荒川
江戸川区|南小岩3丁目,165662.80598960948,2,52.692152372363545,荒川
江戸川区|南小岩3丁目,165662.80598960948,2,79.03799148544762,荒川
江戸川区|南小岩3丁目,165662.80598960948,2,52.69220411777401,荒川
江戸川区|南小岩3丁目,165662.80598960948,2,26.135544991849578,荒川
江戸川区|南小岩3丁目,165662.80598960948,2,208.47110246452536,荒川
江戸川区|南小岩3丁目,165662.80598960948,2,1.409263084530582,荒川
江戸川区|南小岩3丁目,165662.80598960948,2,53.113839434169904,荒川
江戸川区|南小岩3丁目,165662.80598960948,2,25.51316935687553,荒川
江戸川区|南小岩3丁目,165662.80598960948,2,26.135507786024096,荒川
江戸川区|南小岩3丁目,165662.80598960948,2,25.51332609581781,荒川
江戸川区|南小岩3丁目,165662.80598960948,2,25.92483226861627,荒川
江戸川区|南小岩3丁目,165662.80598960948,2,25.92507653150137,荒川
江戸川区|南小岩3丁目,165662.80598960948,2,26.1359199605579,荒川
江戸川区|南小岩3丁目,165662.80598960948,2,25.513443416393983,荒川
江戸川区|南小岩3丁目,165662.80598960948,2,264.8370232276298,荒川
江戸川区|南小岩4丁目,151639.06331503988,1,6109.96523166013,荒川
江戸川区|南小岩4丁目,151639.06331503988,1,705.5000394677952,荒川
江戸川区|南小岩4丁目,151639.06331503988,1,52.69267918655139,荒川
江戸川区|南小岩4丁目,151639.06331503988,1,52.692717605947834,荒川
江戸川区|南小岩4丁目,151639.06331503988,1,8469.096939202847,荒川
江戸川区|南小岩4丁目,151639.06331503988,1,2756.7923634331214,荒川
江戸川区|南小岩4丁目,151639.06331503988,1,3664.6881602403,荒川
江戸川区|南小岩4丁目,151639.06331503988,1,704.8959882934034,荒川
江戸川区|南小岩4丁目,151639.06331503988,1,3264.2627900677994,荒川
江戸川区|南小岩4丁目,151639.06331503988,1,26.135775674824515,荒川
江戸川区|南小岩4丁目,151639.06331503988,1,1671.3576977462305,荒川
江戸川区|南小岩4丁目,151639.06331503988,1,25.926035513956283,荒川
江戸川区|南小岩4丁目,151639.06331503988,1,4652.965180139101,荒川
江戸川区|南小岩4丁目,151639.06331503988,1,5097.105946848573,荒川
江戸川区|南小岩4丁目,151639.06331503988,1,990.7674547217631,荒川
江戸川区|南小岩4丁目,151639.06331503988,1,26.13619156594787,荒川
江戸川区|南小岩4丁目,151639.06331503988,1,51.65031653392721,荒川
江戸川区|南小岩4丁目,151639.06331503988,1,996.8025627401482,荒川
江戸川区|南小岩4丁目,151639.06331503988,1,2508.002139468817,荒川
江戸川区|南小岩4丁目,151639.06331503988,1,0.20297226458143824,荒川
江戸川区|南小岩4丁目,151639.06331503988,1,522.9841860728767,荒川
江戸川区|南小岩4丁目,151639.06331503988,1,627.7373298688466,荒川
江戸川区|南小岩4丁目,151639.06331503988,1,549.318446398482,荒川
江戸川区|南小岩4丁目,151639.06331503988,1,20077.1958102303,荒川
江戸川区|南小岩4丁目,151639.06331503988,1,627.5286517338393,荒川
江戸川区|南小岩4丁目,151639.06331503988,1,182.96506793407133,荒川
江戸川区|南小岩4丁目,151639.06331503988,1,313.03665129449723,荒川
江戸川区|南小岩4丁目,151639.06331503988,2,85691.35682009134,荒川
江戸川区|南小岩4丁目,151639.06331503988,2,25.925149043246563,荒川
江戸川区|南小岩4丁目,151639.06331503988,2,28.126614872146995,荒川
江戸川区|南小岩4丁目,151639.06331503988,2,17.276021547975667,荒川
江戸川区|南小岩4丁目,151639.06331503988,2,52.691635938875145,荒川
江戸川区|南小岩4丁目,151639.06331503988,2,25.513088708498195,荒川
江戸川区|南小岩4丁目,151639.06331503988,2,25.51450548622242,荒川
江戸川区|南小岩4丁目,151639.06331503988,2,24.726109678849035,荒川
江戸川区|南小岩4丁目,151639.06331503988,2,26.546905064682853,荒川
江戸川区|南小岩4丁目,151639.06331503988,2,26.13718925855849,荒川
江戸川区|南小岩4丁目,151639.06331503988,2,26.13546646065009,荒川
江戸川区|南小岩4丁目,151639.06331503988,2,26.13708894799653,荒川
江戸川区|南小岩4丁目,151639.06331503988,2,78.8282440090903,荒川
江戸川区|南小岩4丁目,151639.06331503988,2,25.51462391776412,荒川
江戸川区|南小岩4丁目,151639.06331503988,2,26.55712894526826,荒川
江戸川区|南小岩4丁目,151639.06331503988,2,77.57640269435952,荒川
江戸川区|南小岩4丁目,151639.06331503988,2,182.9660039926657,荒川
江戸川区|南小岩4丁目,151639.06331503988,2,26.558072074258014,荒川
江戸川区|南小岩4丁目,151639.06331503988,2,26.558112866082137,荒川
江戸川区|南小岩4丁目,151639.06331503988,2,26.136555741065557,荒川
江戸川区|南小岩4丁目,151639.06331503988,2,25.51426980428282,荒川
江戸川区|南小岩4丁目,151639.06331503988,2,25.925156045684965,荒川
江戸川区|南小岩4丁目,151639.06331503988,2,78.83165122715432,荒川
江戸川区|南小岩4丁目,151639.06331503988,2,78.62075531969128,荒川
江戸川区|南小岩4丁目,151639.06331503988,2,26.55823579865899,荒川
江戸川区|南小岩4丁目,151639.06331503988,2,52.27341995846153,荒川
江戸川区|南小岩4丁目,151639.06331503988,2,53.116540490796204,荒川
江戸川区|南小岩4丁目,151639.06331503988,2,52.48425397682719,荒川
江戸川区|南小岩4丁目,151639.06331503988,2,24.414999302278215,荒川
江戸川区|南小岩4丁目,151639.06331503988,2,26.1369678723442,荒川
江戸川区|南小岩5丁目,231480.98198681948,1,4802.050465910794,荒川
江戸川区|南小岩5丁目,231480.98198681948,1,444.531076893202,荒川
江戸川区|南小岩5丁目,231480.98198681948,1,25.513009807095514,荒川
江戸川区|南小岩5丁目,231480.98198681948,1,443.70927883195986,荒川
江戸川区|南小岩5丁目,231480.98198681948,1,52.692724508000374,荒川
江戸川区|南小岩5丁目,231480.98198681948,1,7192.910058164786,荒川
江戸川区|南小岩5丁目,231480.98198681948,1,157.03482621633,荒川
江戸川区|南小岩5丁目,231480.98198681948,1,26.55735990547446,荒川
江戸川区|南小岩5丁目,231480.98198681948,1,129.22397219735308,荒川
江戸川区|南小岩5丁目,231480.98198681948,1,69.9002597347779,荒川
江戸川区|南小岩5丁目,231480.98198681948,1,2693.325573965498,荒川
江戸川区|南小岩5丁目,231480.98198681948,1,521.486299645309,荒川
江戸川区|南小岩5丁目,231480.98198681948,1,677.8857203679795,荒川
江戸川区|南小岩5丁目,231480.98198681948,1,470.03968755116625,荒川
江戸川区|南小岩5丁目,231480.98198681948,1,260.52856803181623,荒川
江戸川区|南小岩5丁目,231480.98198681948,2,211920.69075046064,荒川
江戸川区|南小岩5丁目,231480.98198681948,2,25.512536993178237,荒川
江戸川区|南小岩5丁目,231480.98198681948,2,26.1348880903969,荒川
江戸川区|南小岩5丁目,231480.98198681948,2,26.55758443839092,荒川
江戸川区|南小岩5丁目,231480.98198681948,2,25.925068167732782,荒川
江戸川区|南小岩5丁目,231480.98198681948,2,26.135344967074094,荒川
江戸川区|南小岩5丁目,231480.98198681948,2,25.92511436621804,荒川
江戸川区|南小岩5丁目,231480.98198681948,2,26.13570717047966,荒川
江戸川区|南小岩5丁目,231480.98198681948,2,25.924948560246364,荒川
江戸川区|南小岩5丁目,231480.98198681948,2,26.13573386519004,荒川
江戸川区|南小岩5丁目,231480.98198681948,2,26.13573396372164,荒川
江戸川区|南小岩5丁目,231480.98198681948,2,26.557502446524236,荒川
江戸川区|南小岩6丁目,251973.77816003724,1,11752.766547844843,荒川
江戸川区|南小岩6丁目,251973.77816003724,1,808.0971912312345,荒川
江戸川区|南小岩6丁目,251973.77816003724,1,1122.9735103596433,荒川
江戸川区|南小岩6丁目,251973.77816003724,1,1828.8542204642263,荒川
江戸川区|南小岩6丁目,251973.77816003724,1,26.133983999735957,荒川
江戸川区|南小岩6丁目,251973.77816003724,1,446.18193669585094,荒川
江戸川区|南小岩6丁目,251973.77816003724,1,3708.560510092317,荒川
江戸川区|南小岩6丁目,251973.77816003724,1,1490.145929155903,荒川
江戸川区|南小岩6丁目,251973.77816003724,1,392.4532707199037,荒川
江戸川区|南小岩6丁目,251973.77816003724,1,2165.937865838517,荒川
江戸川区|南小岩6丁目,251973.77816003724,1,2326.9335963351914,荒川
江戸川区|南小岩6丁目,251973.77816003724,1,1988.2237686407614,荒川
江戸川区|南小岩6丁目,251973.77816003724,1,784.9106683675215,荒川
江戸川区|南小岩6丁目,251973.77816003724,1,522.095660404362,荒川
江戸川区|南小岩6丁目,251973.77816003724,1,575.6218649971574,荒川
江戸川区|南小岩6丁目,251973.77816003724,1,365.90378666835096,荒川
江戸川区|南小岩6丁目,251973.77816003724,2,221487.12451080524,荒川
江戸川区|南小岩6丁目,251973.77816003724,2,24.25911028914462,荒川
江戸川区|南小岩6丁目,251973.77816003724,2,26.133330244476234,荒川
江戸川区|南小岩6丁目,251973.77816003724,2,25.922590256061792,荒川
江戸川区|南小岩6丁目,251973.77816003724,2,77.9888708928681,荒川
江戸川区|南小岩6丁目,251973.77816003724,2,26.555435733901724,荒川
江戸川区|南小岩7丁目,262754.65335713554,1,129380.30757474234,荒川
江戸川区|南小岩7丁目,262754.65335713554,1,496.1363494300208,荒川
江戸川区|南小岩7丁目,262754.65335713554,1,26.55465948293815,荒川
江戸川区|南小岩7丁目,262754.65335713554,1,26.554672887068204,荒川
江戸川区|南小岩7丁目,262754.65335713554,1,575.5954877403027,荒川
江戸川区|南小岩7丁目,262754.65335713554,1,26.55487675358019,荒川
江戸川区|南小岩7丁目,262754.65335713554,1,2591.16474017312,荒川
江戸川区|南小岩7丁目,262754.65335713554,1,3319.4233881848645,荒川
江戸川区|南小岩7丁目,262754.65335713554,1,26.13396306584301,荒川
江戸川区|南小岩7丁目,262754.65335713554,1,2460.3486636114962,荒川
江戸川区|南小岩7丁目,262754.65335713554,1,6719.914154831331,荒川
江戸川区|南小岩7丁目,262754.65335713554,1,1071.372919872895,荒川
江戸川区|南小岩7丁目,262754.65335713554,1,834.4783528757395,荒川
江戸川区|南小岩7丁目,262754.65335713554,1,52.690707069706235,荒川
江戸川区|南小岩7丁目,262754.65335713554,1,52.48001707534608,荒川
江戸川区|南小岩7丁目,262754.65335713554,1,104.12701762996797,荒川
江戸川区|南小岩7丁目,262754.65335713554,1,339.981402272944,荒川
江戸川区|南小岩7丁目,262754.65335713554,1,26.134647823644897,荒川
江戸川区|南小岩7丁目,262754.65335713554,1,26.556174733218885,荒川
江戸川区|南小岩7丁目,262754.65335713554,1,889.6837560887645,荒川
江戸川区|南小岩7丁目,262754.65335713554,1,26.134661670771187,荒川
江戸川区|南小岩7丁目,262754.65335713554,1,233.7675031738664,荒川
江戸川区|南小岩7丁目,262754.65335713554,1,26.556255329687485,荒川
江戸川区|南小岩7丁目,262754.65335713554,1,26.134416414006157,荒川
江戸川区|南小岩7丁目,262754.65335713554,1,52.26946973228005,荒川
江戸川区|南小岩7丁目,262754.65335713554,1,156.18670012554145,荒川
江戸川区|南小岩7丁目,262754.65335713554,1,26.13476777067929,荒川
江戸川区|南小岩7丁目,262754.65335713554,1,26.556296865723215,荒川
江戸川区|南小岩7丁目,262754.65335713554,1,523.1500314471307,荒川
江戸川区|南小岩7丁目,262754.65335713554,1,341.66068851981834,荒川
江戸川区|南小岩7丁目,262754.65335713554,1,26.55643322506016,荒川
江戸川区|南小岩7丁目,262754.65335713554,1,105.59425249775217,荒川
江戸川区|南小岩7丁目,262754.65335713554,1,183.16506373573307,荒川
江戸川区|南小岩7丁目,262754.65335713554,2,86488.8422533201,荒川
江戸川区|南小岩7丁目,262754.65335713554,2,559.8166959904772,荒川
江戸川区|南小岩7丁目,262754.65335713554,2,52.6870779993829,荒川
江戸川区|南小岩7丁目,262754.65335713554,2,26.13268641787787,荒川
江戸川区|南小岩7丁目,262754.65335713554,2,14172.690430078137,荒川
江戸川区|南小岩7丁目,262754.65335713554,2,15.851341950800862,荒川
江戸川区|南小岩7丁目,262754.65335713554,2,25.0513791586519,荒川
江戸川区|南小岩7丁目,262754.65335713554,2,26.133518943958464,荒川
江戸川区|南小岩7丁目,262754.65335713554,2,26.1329139987052,荒川
江戸川区|南小岩7丁目,262754.65335713554,2,26.555041059652616,荒川
江戸川区|南小岩7丁目,262754.65335713554,2,162.34607987320302,荒川
江戸川区|南小岩7丁目,262754.65335713554,2,272.4927225335375,荒川
江戸川区|南小岩7丁目,262754.65335713554,2,1911.01855543398,荒川
江戸川区|南小岩7丁目,262754.65335713554,2,26.133558593276444,荒川
江戸川区|南小岩7丁目,262754.65335713554,2,939.8260643216262,荒川
江戸川区|南小岩7丁目,262754.65335713554,2,26.133559813987684,荒川
江戸川区|南小岩7丁目,262754.65335713554,2,1.6631210334855608,荒川
江戸川区|南小岩7丁目,262754.65335713554,2,104.12592245381512,荒川
江戸川区|南小岩7丁目,262754.65335713554,2,52.6876795307891,荒川
江戸川区|南小岩7丁目,262754.65335713554,2,155.5577402141584,荒川
江戸川区|南小岩7丁目,262754.65335713554,2,77.35600003230591,荒川
江戸川区|南小岩7丁目,262754.65335713554,2,26.555888422523672,荒川
江戸川区|南小岩7丁目,262754.65335713554,2,26.13369420723457,荒川
江戸川区|南小岩7丁目,262754.65335713554,2,52.4770230960488,荒川
江戸川区|南小岩7丁目,262754.65335713554,2,26.133366637894348,荒川
江戸川区|南小岩7丁目,262754.65335713554,2,51.43585396244057,荒川
江戸川区|南小岩7丁目,262754.65335713554,2,26.555457243226968,荒川
江戸川区|南小岩7丁目,262754.65335713554,2,25.92247191737792,荒川
江戸川区|南小岩7丁目,262754.65335713554,2,208.03648826955907,荒川
江戸川区|南小岩7丁目,262754.65335713554,2,53.11076976328201,荒川
江戸川区|南小岩7丁目,262754.65335713554,2,26.133236915475372,荒川
江戸川区|南小岩7丁目,262754.65335713554,2,51.64439995888512,荒川
江戸川区|南小岩7丁目,262754.65335713554,2,26.55531387408108,荒川
江戸川区|南小岩7丁目,262754.65335713554,2,392.65420390715303,荒川
江戸川区|南小岩7丁目,262754.65335713554,2,25.922837567654753,荒川
江戸川区|南小岩7丁目,262754.65335713554,2,392.23366255016947,荒川
江戸川区|南小岩7丁目,262754.65335713554,2,78.82203454606096,荒川
江戸川区|南小岩7丁目,262754.65335713554,2,208.0377924253972,荒川
江戸川区|南小岩7丁目,262754.65335713554,2,78.20344572786854,荒川
江戸川区|南小岩7丁目,262754.65335713554,2,25.923951468538124,荒川
江戸川区|南小岩7丁目,262754.65335713554,2,391.4087351624448,荒川
江戸川区|南小岩7丁目,262754.65335713554,2,52.478831479728555,荒川
江戸川区|南小岩7丁目,262754.65335713554,2,130.25929708262458,荒川
江戸川区|南小岩7丁目,262754.65335713554,2,26.134056752689386,荒川
江戸川区|南小岩7丁目,262754.65335713554,2,26.555573385931034,荒川
江戸川区|南小岩7丁目,262754.65335713554,2,52.26818052901917,荒川
江戸川区|南小岩7丁目,262754.65335713554,2,26.134083188031394,荒川
江戸川区|南小岩7丁目,262754.65335713554,2,104.95811414076404,荒川
江戸川区|南小岩7丁目,262754.65335713554,2,132.14606865809415,荒川
江戸川区|南小岩7丁目,262754.65335713554,2,52.47904763749226,荒川
江戸川区|南小岩7丁目,262754.65335713554,2,51.646277242653156,荒川
江戸川区|南小岩7丁目,262754.65335713554,2,25.511948794615854,荒川
江戸川区|南小岩7丁目,262754.65335713554,2,105.38009255092643,荒川
江戸川区|南小岩7丁目,262754.65335713554,2,52.69003472742673,荒川
江戸川区|南小岩7丁目,262754.65335713554,2,77.56979936774572,荒川
江戸川区|南小岩7丁目,262754.65335713554,2,130.68177028857028,荒川
江戸川区|南小岩7丁目,262754.65335713554,2,26.134299215014078,荒川
江戸川区|南小岩7丁目,262754.65335713554,2,25.512067090444585,荒川
江戸川区|南小岩7丁目,262754.65335713554,2,26.55584741934608,荒川
江戸川区|南小岩7丁目,262754.65335713554,3,260.93024322883065,荒川
江戸川区|南小岩8丁目,139808.1328717391,1,114517.73310619031,荒川
江戸川区|南小岩8丁目,139808.1328717391,1,26.132472022172497,荒川
江戸川区|南小岩8丁目,139808.1328717391,1,1487.4512591810558,荒川
江戸川区|南小岩8丁目,139808.1328717391,1,25.51194984645671,荒川
江戸川区|南小岩8丁目,139808.1328717391,1,53.111545886168585,荒川
江戸川区|南小岩8丁目,139808.1328717391,2,8157.812154639487,荒川
江戸川区|南小岩8丁目,139808.1328717391,2,26.132431863509503,荒川
江戸川区|南小岩8丁目,139808.1328717391,2,1489.4334324854901,荒川
江戸川区|南小岩8丁目,139808.1328717391,2,78.81903863737553,荒川
江戸川区|南小岩8丁目,139808.1328717391,2,51.43197136902052,荒川
江戸川区|南小岩8丁目,139808.1328717391,2,540.3427572393794,荒川
江戸川区|南小岩8丁目,139808.1328717391,2,79.02973543696247,荒川
江戸川区|南小岩8丁目,139808.1328717391,2,26.132552915228146,荒川
江戸川区|南小岩8丁目,139808.1328717391,2,77.15331843268225,荒川
江戸川区|南小岩8丁目,139808.1328717391,2,76.94299627265059,荒川
江戸川区|南小岩8丁目,139808.1328717391,2,236.66926973468594,荒川
江戸川区|南小岩8丁目,139808.1328717391,2,25.921873061370277,荒川
江戸川区|南小岩8丁目,139808.1328717391,2,1088.80292085125,荒川
江戸川区|南小岩8丁目,139808.1328717391,2,10.281465729364875,荒川
江戸川区|南小岩8丁目,139808.1328717391,2,25.51081733893752,荒川
江戸川区|南小岩8丁目,139808.1328717391,2,1178.147028330619,荒川
江戸川区|南小岩8丁目,139808.1328717391,2,28.057298172001868,荒川
江戸川区|南小岩8丁目,139808.1328717391,2,26.554346241979687,荒川
江戸川区|南小岩8丁目,139808.1328717391,2,26.1328888770584,荒川
江戸川区|南小岩8丁目,139808.1328717391,2,52.47664778265026,荒川
江戸川区|南小岩8丁目,139808.1328717391,2,21.020651009231386,荒川
江戸川区|南小岩8丁目,139808.1328717391,2,300.377931353526,荒川
江戸川区|南小岩8丁目,139808.1328717391,2,129.63123515753807,荒川
江戸川区|南小岩8丁目,139808.1328717391,2,25.510768589215896,荒川
江戸川区|南小岩8丁目,139808.1328717391,2,104.12308466452743,荒川
江戸川区|南小岩8丁目,139808.1328717391,2,26.133600807190415,荒川
江戸川区|南小岩8丁目,139808.1328717391,2,25.511398683851603,荒川
江戸川区|南小岩8丁目,139808.1328717391,2,2875.7458189451086,荒川
江戸川区|南小岩8丁目,139808.1328717391,2,209.0684185247282,荒川
江戸川区|南小岩8丁目,139808.1328717391,2,52.477788925907774,荒川
江戸川区|南小岩8丁目,139808.1328717391,2,131.9307662112801,荒川
江戸川区|南小岩8丁目,139808.1328717391,2,51.64558871027154,荒川
江戸川区|南小岩8丁目,139808.1328717391,2,79.0331571305683,荒川
江戸川区|南小岩8丁目,139808.1328717391,2,78.05667234740511,荒川
江戸川区|南小岩8丁目,139808.1328717391,2,105.37603802117735,荒川
江戸川区|南小岩8丁目,139808.1328717391,2,155.97144508547544,荒川
江戸川区|南小岩8丁目,139808.1328717391,2,53.109497402133066,荒川
江戸川区|南小岩8丁目,139808.1328717391,2,51.644324002093185,荒川
江戸川区|南小岩8丁目,139808.1328717391,2,77.56683724578475,荒川
江戸川区|南小岩8丁目,139808.1328717391,2,53.107777665702905,荒川
江戸川区|南小岩8丁目,139808.1328717391,2,79.02945033132201,荒川
江戸川区|南小岩8丁目,139808.1328717391,2,53.11064445975532,荒川
江戸川区|南小岩8丁目,139808.1328717391,2,418.7722859171979,荒川
江戸川区|南小岩8丁目,139808.1328717391,2,26.55532935917939,荒川
江戸川区|南小岩8丁目,139808.1328717391,2,260.92275797378164,荒川
江戸川区|南小岩8丁目,139808.1328717391,2,26.13389664913734,荒川
江戸川区|南小岩8丁目,139808.1328717391,2,340.17782711366783,荒川
江戸川区|南小岩8丁目,139808.1328717391,2,52.689443151611925,荒川
江戸川区|南小岩8丁目,139808.1328717391,2,52.68965489205377,荒川
江戸川区|南小岩8丁目,139808.1328717391,2,26.133977788489283,荒川
江戸川区|南小岩8丁目,139808.1328717391,2,366.3198774553875,荒川
江戸川区|南小岩8丁目,139808.1328717391,2,25.923638697844787,荒川
江戸川区|南小岩8丁目,139808.1328717391,2,25.92343269510797,荒川
江戸川区|北小岩1丁目,176138.6663564664,1,48639.696075978754,荒川
江戸川区|北小岩1丁目,176138.6663564664,1,410.92173230586786,荒川
江戸川区|北小岩1丁目,176138.6663564664,1,2427.2619564100137,荒川
江戸川区|北小岩1丁目,176138.6663564664,1,6138.675443398532,荒川
江戸川区|北小岩1丁目,176138.6663564664,1,25.920957534238255,荒川
江戸川区|北小岩1丁目,176138.6663564664,2,4112.1425757298275,荒川
江戸川区|北小岩1丁目,176138.6663564664,2,26.13154798396345,荒川
江戸川区|北小岩1丁目,176138.6663564664,2,5129.768235694957,荒川
江戸川区|北小岩1丁目,176138.6663564664,2,26.131602039077258,荒川
江戸川区|北小岩1丁目,176138.6663564664,2,25.50912284947868,荒川
江戸川区|北小岩1丁目,176138.6663564664,2,79.23784103787646,荒川
江戸川区|北小岩1丁目,176138.6663564664,2,1463.2640089113186,荒川
江戸川区|北小岩1丁目,176138.6663564664,2,52.263415290141054,荒川
江戸川区|北小岩1丁目,176138.6663564664,2,52.684922611360385,荒川
江戸川区|北小岩1丁目,176138.6663564664,2,77.56226707966212,荒川
江戸川区|北小岩1丁目,176138.6663564664,2,26.553203520371767,荒川
江戸川区|北小岩1丁目,176138.6663564664,2,25.50955243943218,荒川
江戸川区|北小岩1丁目,176138.6663564664,2,52.68497603539932,荒川
江戸川区|北小岩1丁目,176138.6663564664,2,26.553244070991962,荒川
江戸川区|北小岩1丁目,176138.6663564664,2,889.3767070310417,荒川
江戸川区|北小岩1丁目,176138.6663564664,2,10.959555050528936,荒川
江戸川区|北小岩1丁目,176138.6663564664,2,25.084795408494944,荒川
江戸川区|北小岩1丁目,176138.6663564664,2,30.697183615638178,荒川
江戸川区|北小岩1丁目,176138.6663564664,2,22.228963718928213,荒川
江戸川区|北小岩1丁目,176138.6663564664,2,211.1812174182041,荒川
江戸川区|北小岩1丁目,176138.6663564664,2,26.553350456216677,荒川
江戸川区|北小岩1丁目,176138.6663564664,2,65.98051579159687,荒川
江戸川区|北小岩1丁目,176138.6663564664,2,73.45218856468354,荒川
江戸川区|北小岩1丁目,176138.6663564664,2,121.58402349344183,荒川
江戸川区|北小岩1丁目,176138.6663564664,2,275.9162036929206,荒川
江戸川区|北小岩1丁目,176138.6663564664,2,3821.7360064296304,荒川
江戸川区|北小岩2丁目,225073.55686083034,1,24740.8955343395,荒川
江戸川区|北小岩2丁目,225073.55686083034,1,80195.80129704975,荒川
江戸川区|北小岩2丁目,225073.55686083034,1,2458.965950507586,荒川
江戸川区|北小岩2丁目,225073.55686083034,1,1333.387732128363,荒川
江戸川区|北小岩2丁目,225073.55686083034,1,26.551178379746787,荒川
江戸川区|北小岩2丁目,225073.55686083034,1,77.98146229497425,荒川
江戸川区|北小岩2丁目,225073.55686083034,1,33105.42624575899,荒川
江戸川区|北小岩2丁目,225073.55686083034,1,25.50777822095412,荒川
江戸川区|北小岩2丁目,225073.55686083034,1,2353.8395902519546,荒川
江戸川区|北小岩2丁目,225073.55686083034,1,26.551560959322458,荒川
江戸川区|北小岩2丁目,225073.55686083034,1,16496.466149994063,荒川
江戸川区|北小岩2丁目,225073.55686083034,1,2534.2123465171594,荒川
江戸川区|北小岩2丁目,225073.55686083034,2,42496.27743683478,荒川
江戸川区|北小岩2丁目,225073.55686083034,2,26.55143018193825,荒川
江戸川区|北小岩2丁目,225073.55686083034,2,330.333840223811,荒川
江戸川区|北小岩2丁目,225073.55686083034,2,235.39569862858778,荒川
江戸川区|北小岩2丁目,225073.55686083034,2,78.60257412063783,荒川
江戸川区|北小岩2丁目,225073.55686083034,2,390.94617453155,荒川
江戸川区|北小岩2丁目,225073.55686083034,2,77.98052670234607,荒川
江戸川区|北小岩2丁目,225073.55686083034,2,53.10425900525102,荒川
江戸川区|北小岩2丁目,225073.55686083034,2,104.11155420413273,荒川
江戸川区|北小岩2丁目,225073.55686083034,2,156.58385799586912,荒川
江戸川区|北小岩2丁目,225073.55686083034,2,52.682892699163496,荒川
江戸川区|北小岩2丁目,225073.55686083034,2,25.919994051944716,荒川
江戸川区|北小岩2丁目,225073.55686083034,2,25.508567883597458,荒川
江戸川区|北小岩2丁目,225073.55686083034,2,181.04889617388383,荒川
江戸川区|北小岩2丁目,225073.55686083034,2,79.23504022237968,荒川
江戸川区|北小岩2丁目,225073.55686083034,2,76.93522653296723,荒川
江戸川区|北小岩2丁目,225073.55686083034,2,76.93563855506714,荒川
江戸川区|北小岩2丁目,225073.55686083034,2,26.55154742556948,荒川
江戸川区|北小岩2丁目,225073.55686083034,2,26.551772301866727,荒川
江戸川区|北小岩2丁目,225073.55686083034,2,25.50797509495429,荒川
江戸川区|北小岩2丁目,225073.55686083034,2,77.98118629082485,荒川
江戸川区|北小岩2丁目,225073.55686083034,2,26.13100448613223,荒川
江戸川区|北小岩2丁目,225073.55686083034,2,444.2436505934466,荒川
江戸川区|北小岩2丁目,225073.55686083034,2,78.19331751771111,荒川
江戸川区|北小岩2丁目,225073.55686083034,2,103.271146951634,荒川
江戸川区|北小岩2丁目,225073.55686083034,2,102.85950389736256,荒川
江戸川区|北小岩2丁目,225073.55686083034,2,105.57956754955647,荒川
江戸川区|北小岩2丁目,225073.55686083034,2,79.02653440600837,荒川
江戸川区|北小岩2丁目,225073.55686083034,2,25.50919599119021,荒川
江戸川区|北小岩2丁目,225073.55686083034,2,26.551970937552007,荒川
江戸川区|北小岩2丁目,225073.55686083034,2,25.919434345663607,荒川
江戸川区|北小岩2丁目,225073.55686083034,2,26.131084888610843,荒川
江戸川区|北小岩2丁目,225073.55686083034,2,26.552859505262106,荒川
江戸川区|北小岩2丁目,225073.55686083034,2,26.1315967277108,荒川
江戸川区|北小岩2丁目,225073.55686083034,2,155.54408917520286,荒川
江戸川区|北小岩2丁目,225073.55686083034,2,52.47396510466387,荒川
江戸川区|北小岩2丁目,225073.55686083034,2,26.552899352731885,荒川
江戸川区|北小岩2丁目,225073.55686083034,2,52.68326688017529,荒川
江戸川区|北小岩2丁目,225073.55686083034,2,26.552914204557855,荒川
江戸川区|北小岩2丁目,225073.55686083034,2,314.6424123641538,荒川
江戸川区|北小岩2丁目,225073.55686083034,2,52.47257547838598,荒川
江戸川区|北小岩2丁目,225073.55686083034,2,79.23356857457915,荒川
江戸川区|北小岩2丁目,225073.55686083034,2,32.16195002656967,荒川
江戸川区|北小岩2丁目,225073.55686083034,2,26.55101425900506,荒川
江戸川区|北小岩2丁目,225073.55686083034,2,26.129583173835655,荒川
江戸川区|北小岩2丁目,225073.55686083034,2,5831.476498418733,荒川
江戸川区|北小岩2丁目,225073.55686083034,2,25.508881356270763,荒川
江戸川区|北小岩2丁目,225073.55686083034,2,26.130295994755084,荒川
江戸川区|北小岩2丁目,225073.55686083034,2,573.0401565141539,荒川
江戸川区|北小岩2丁目,225073.55686083034,2,261.7440209880226,荒川
江戸川区|北小岩2丁目,225073.55686083034,2,25.920474837543455,荒川
江戸川区|北小岩2丁目,225073.55686083034,2,51.64000423833767,荒川
江戸川区|北小岩2丁目,225073.55686083034,2,25.92051461819566,荒川
江戸川区|北小岩2丁目,225073.55686083034,2,26.131277579720283,荒川
江戸川区|北小岩2丁目,225073.55686083034,2,25.508497215086212,荒川
江戸川区|北小岩2丁目,225073.55686083034,2,52.473334829306935,荒川
江戸川区|北小岩2丁目,225073.55686083034,2,26.13130376895367,荒川
江戸川区|北小岩2丁目,225073.55686083034,2,25.919754073368253,荒川
江戸川区|北小岩2丁目,225073.55686083034,2,26.131528618318995,荒川
江戸川区|北小岩2丁目,225073.55686083034,2,484.6925489556162,荒川
江戸川区|北小岩2丁目,225073.55686083034,2,52.47197120867426,荒川
江戸川区|北小岩3丁目,250502.262878697,1,66734.7954344064,荒川
江戸川区|北小岩3丁目,250502.262878697,2,1.6355072226736618,荒川
江戸川区|北小岩3丁目,250502.262878697,2,26.131320797960825,荒川
江戸川区|北小岩3丁目,250502.262878697,2,3.808080356007159,荒川
江戸川区|北小岩3丁目,250502.262878697,2,0.14594008867155833,荒川
江戸川区|北小岩3丁目,250502.262878697,2,104.94673734043808,荒川
江戸川区|北小岩3丁目,250502.262878697,2,25.50872661162163,荒川
江戸川区|北小岩3丁目,250502.262878697,2,5020.239998199053,荒川
江戸川区|北小岩3丁目,250502.262878697,2,20.31073800628332,荒川
江戸川区|北小岩3丁目,250502.262878697,2,598.9677271770979,荒川
江戸川区|北小岩3丁目,250502.262878697,2,26.55250635375441,荒川
江戸川区|北小岩3丁目,250502.262878697,2,26.13103833885003,荒川
江戸川区|北小岩3丁目,250502.262878697,2,157.41844487798983,荒川
江戸川区|北小岩3丁目,250502.262878697,2,287.461478041452,荒川
江戸川区|北小岩3丁目,250502.262878697,2,26.131118998180206,荒川
江戸川区|北小岩3丁目,250502.262878697,2,52.47269786427872,荒川
江戸川区|北小岩3丁目,250502.262878697,2,290.2786535530439,荒川
江戸川区|北小岩4丁目,557987.5255434599,1,85797.32370221036,荒川
江戸川区|北小岩4丁目,557987.5255434599,2,26.55205801646769,荒川
江戸川区|北小岩4丁目,557987.5255434599,2,26.130623572544728,荒川
江戸川区|北小岩4丁目,557987.5255434599,2,77.34916602366249,荒川
江戸川区|北小岩4丁目,557987.5255434599,2,53.10500375980169,荒川
江戸川区|北小岩4丁目,557987.5255434599,2,53.10500361778543,荒川
江戸川区|北小岩5丁目,167465.03171564316,1,144217.36109935222,荒川
江戸川区|北小岩5丁目,167465.03171564316,1,26.13046083402302,荒川
江戸川区|北小岩5丁目,167465.03171564316,1,52.682458583060004,荒川
江戸川区|北小岩5丁目,167465.03171564316,2,1409.8441673434947,荒川
江戸川区|北小岩5丁目,167465.03171564316,2,26.129856395268632,荒川
江戸川区|北小岩5丁目,167465.03171564316,2,26.551385711496586,荒川
江戸川区|北小岩5丁目,167465.03171564316,2,51.428248698391464,荒川
江戸川区|北小岩5丁目,167465.03171564316,2,20.839563494469292,荒川
江戸川区|北小岩5丁目,167465.03171564316,2,209.47091122103217,荒川
江戸川区|北小岩5丁目,167465.03171564316,2,131.49607324794962,荒川
江戸川区|北小岩5丁目,167465.03171564316,2,86.6138490449716,荒川
江戸川区|北小岩5丁目,167465.03171564316,2,155.53552558072968,荒川
江戸川区|北小岩5丁目,167465.03171564316,2,130.66311038846268,荒川
江戸川区|北小岩5丁目,167465.03171564316,2,1044.665092817659,荒川
江戸川区|北小岩5丁目,167465.03171564316,2,319.2695894335734,荒川
江戸川区|北小岩5丁目,167465.03171564316,2,52.68272992740425,荒川
江戸川区|北小岩5丁目,167465.03171564316,2,104.73337606014319,荒川
江戸川区|北小岩5丁目,167465.03171564316,2,259.7017349804225,荒川
江戸川区|北小岩5丁目,167465.03171564316,2,26.130030914349085,荒川
江戸川区|北小岩5丁目,167465.03171564316,2,51.427218422883215,荒川
江戸川区|北小岩5丁目,167465.03171564316,2,26.551509862109626,荒川
江戸川区|北小岩5丁目,167465.03171564316,2,363.13190548551785,荒川
江戸川区|北小岩5丁目,167465.03171564316,2,157.4128345871036,荒川
江戸川区|北小岩5丁目,167465.03171564316,2,260.3147849480119,荒川
江戸川区|北小岩5丁目,167465.03171564316,2,182.09257507485307,荒川
江戸川区|北小岩5丁目,167465.03171564316,2,157.00133087248764,荒川
江戸川区|北小岩5丁目,167465.03171564316,2,26.55224704600319,荒川
江戸川区|北小岩5丁目,167465.03171564316,2,48.874976922066566,荒川
江戸川区|北小岩5丁目,167465.03171564316,2,129.8179968663103,荒川
江戸川区|北小岩5丁目,167465.03171564316,2,25.507976762818746,荒川
江戸川区|北小岩5丁目,167465.03171564316,2,77.34718063366067,荒川
江戸川区|北小岩5丁目,167465.03171564316,2,51.28278522126428,荒川
江戸川区|北小岩5丁目,167465.03171564316,2,26.13013827459028,荒川
江戸川区|北小岩5丁目,167465.03171564316,2,575.5266711216505,荒川
江戸川区|北小岩5丁目,167465.03171564316,2,25.919435230861122,荒川
江戸川区|北小岩5丁目,167465.03171564316,2,25.50801604247714,荒川
江戸川区|北小岩5丁目,167465.03171564316,2,25.919477706499563,荒川
江戸川区|北小岩5丁目,167465.03171564316,2,52.26015063723251,荒川
江戸川区|北小岩5丁目,167465.03171564316,2,259.64741105775073,荒川
江戸川区|北小岩5丁目,167465.03171564316,2,183.13305958269598,荒川
江戸川区|北小岩5丁目,167465.03171564316,2,25.508135196948736,荒川
江戸川区|北小岩5丁目,167465.03171564316,2,51.4276917839602,荒川
江戸川区|北小岩5丁目,167465.03171564316,2,52.471392403400486,荒川
江戸川区|北小岩5丁目,167465.03171564316,2,26.551794628664734,荒川
江戸川区|北小岩5丁目,167465.03171564316,2,77.97989464546659,荒川
江戸川区|北小岩5丁目,167465.03171564316,2,988.010865076099,荒川
江戸川区|北小岩5丁目,167465.03171564316,2,551.0673787769091,荒川
江戸川区|北小岩5丁目,167465.03171564316,2,26.55183597775092,荒川
江戸川区|北小岩5丁目,167465.03171564316,2,26.130378764890224,荒川
江戸川区|北小岩5丁目,167465.03171564316,2,130.240792936447,荒川
江戸川区|北小岩5丁目,167465.03171564316,2,131.91622687769117,荒川
江戸川区|北小岩5丁目,167465.03171564316,2,2560.7510181591356,荒川
江戸川区|北小岩5丁目,167465.03171564316,2,78.602037845769,荒川
江戸川区|北小岩5丁目,167465.03171564316,2,53.104062056925315,荒川
江戸川区|北小岩5丁目,167465.03171564316,2,104.11090700644449,荒川
江戸川区|北小岩5丁目,167465.03171564316,2,316.09524269521967,荒川
江戸川区|北小岩5丁目,167465.03171564316,2,862.9906342439385,荒川
江戸川区|北小岩5丁目,167465.03171564316,2,365.436949605341,荒川
江戸川区|北小岩6丁目,255236.287043951,1,4665.061053442205,荒川
江戸川区|北小岩6丁目,255236.287043951,1,7206.927961000978,荒川
江戸川区|北小岩6丁目,255236.287043951,1,1418.8612137008058,荒川
江戸川区|北小岩6丁目,255236.287043951,1,522.8140864986295,荒川
江戸川区|北小岩6丁目,255236.287043951,1,1069.3340087770491,荒川
江戸川区|北小岩6丁目,255236.287043951,1,25522.26053890013,荒川
江戸川区|北小岩6丁目,255236.287043951,1,100646.89519300582,荒川
江戸川区|北小岩6丁目,255236.287043951,1,293.3638984590832,荒川
江戸川区|北小岩6丁目,255236.287043951,1,266.2427113773394,荒川
江戸川区|北小岩6丁目,255236.287043951,1,262.5637342170538,荒川
江戸川区|北小岩6丁目,255236.287043951,1,601.6278235473044,荒川
江戸川区|北小岩6丁目,255236.287043951,1,313.14549458188463,荒川
江戸川区|北小岩6丁目,255236.287043951,1,464.96698867574673,荒川
江戸川区|北小岩6丁目,255236.287043951,1,4180.714226527378,荒川
江戸川区|北小岩6丁目,255236.287043951,1,704.6939068051557,荒川
江戸川区|北小岩6丁目,255236.287043951,1,809.009966479496,荒川
江戸川区|北小岩6丁目,255236.287043951,1,7501.22924275114,荒川
江戸川区|北小岩6丁目,255236.287043951,1,26.1291263405467,荒川
江戸川区|北小岩6丁目,255236.287043951,1,1356.9323072137158,荒川
江戸川区|北小岩6丁目,255236.287043951,1,681.2864230174667,荒川
江戸川区|北小岩6丁目,255236.287043951,1,1700.6007741417177,荒川
江戸川区|北小岩6丁目,255236.287043951,1,732.7153693103398,荒川
江戸川区|北小岩6丁目,255236.287043951,1,130.23558790962844,荒川
江戸川区|北小岩6丁目,255236.287043951,1,364.5895107647353,荒川
江戸川区|北小岩6丁目,255236.287043951,1,26.129692100659994,荒川
江戸川区|北小岩6丁目,255236.287043951,1,26.551153178957232,荒川
江戸川区|北小岩6丁目,255236.287043951,2,25.506531031459467,荒川
江戸川区|北小岩6丁目,255236.287043951,2,26.12845775223951,荒川
江戸川区|北小岩6丁目,255236.287043951,2,130.23746022057776,荒川
江戸川区|北小岩6丁目,255236.287043951,2,26.551138774719064,荒川
江戸川区|北小岩6丁目,255236.287043951,2,52.259610890710256,荒川
江戸川区|北小岩6丁目,255236.287043951,2,26.551140568796985,荒川
江戸川区|北小岩6丁目,255236.287043951,2,52.678396401244605,荒川
江戸川区|北小岩6丁目,255236.287043951,2,105.36171540775567,荒川
江戸川区|北小岩6丁目,255236.287043951,2,26.129706254438823,荒川
江戸川区|北小岩6丁目,255236.287043951,2,51.426783121690484,荒川
江戸川区|北小岩6丁目,255236.287043951,2,25.918996133733906,荒川
江戸川区|北小岩6丁目,255236.287043951,2,25.50758341935952,荒川
江戸川区|北小岩6丁目,255236.287043951,2,26.129733088338426,荒川
江戸川区|北小岩6丁目,255236.287043951,2,988.817219058425,荒川
江戸川区|北小岩6丁目,255236.287043951,2,26.129747168060995,荒川
江戸川区|北小岩6丁目,255236.287043951,2,26.129773325110207,荒川
江戸川区|北小岩6丁目,255236.287043951,2,258.7984819586729,荒川
江戸川区|北小岩6丁目,255236.287043951,2,26.55123358232209,荒川
江戸川区|北小岩6丁目,255236.287043951,2,236.65340625793237,荒川
江戸川区|北小岩6丁目,255236.287043951,2,131.0806138861661,荒川
江戸川区|北小岩6丁目,255236.287043951,2,25.507660760820688,荒川
江戸川区|北小岩6丁目,255236.287043951,2,1462.7339191019864,荒川
江戸川区|北小岩6丁目,255236.287043951,2,26.129812294933373,荒川
江戸川区|北小岩6丁目,255236.287043951,2,77849.80287853007,荒川
江戸川区|北小岩6丁目,255236.287043951,2,26.12893611502202,荒川
江戸川区|北小岩6丁目,255236.287043951,2,263.18445401685375,荒川
江戸川区|北小岩6丁目,255236.287043951,2,26.128738809280474,荒川
江戸川区|北小岩6丁目,255236.287043951,2,77.55678871397538,荒川
江戸川区|北小岩6丁目,255236.287043951,2,25.918282848936478,荒川
江戸川区|北小岩6丁目,255236.287043951,2,26.551344638665174,荒川
江戸川区|北小岩6丁目,255236.287043951,2,52.68131845275832,荒川
江戸川区|北小岩6丁目,255236.287043951,2,158.4656567717821,荒川
江戸川区|北小岩6丁目,255236.287043951,2,287.0156435237875,荒川
江戸川区|北小岩6丁目,255236.287043951,2,5.290384971052233,荒川
江戸川区|北小岩6丁目,255236.287043951,2,77.34284202525154,荒川
江戸川区|北小岩6丁目,255236.287043951,2,102.84982614662064,荒川
江戸川区|北小岩6丁目,255236.287043951,2,79.22973628529752,荒川
江戸川区|北小岩6丁目,255236.287043951,2,26.128887801155994,荒川
江戸川区|北小岩6丁目,255236.287043951,2,16.240468451848574,荒川
江戸川区|北小岩6丁目,255236.287043951,2,77.97556200253958,荒川
江戸川区|北小岩6丁目,255236.287043951,2,130.02234567122917,荒川
江戸川区|北小岩6丁目,255236.287043951,2,21.062871243613106,荒川
江戸川区|北小岩6丁目,255236.287043951,2,3.7057300257850634,荒川
江戸川区|北小岩6丁目,255236.287043951,2,25.506993197107818,荒川
江戸川区|北小岩6丁目,255236.287043951,2,130.44527290537772,荒川
江戸川区|北小岩6丁目,255236.287043951,2,26.550872282642064,荒川
江戸川区|北小岩6丁目,255236.287043951,2,156.5756293007478,荒川
江戸川区|北小岩6丁目,255236.287043951,2,79.02011029402935,荒川
江戸川区|北小岩6丁目,255236.287043951,2,26.129330280150597,荒川
江戸川区|北小岩6丁目,255236.287043951,2,3100.4159374499163,荒川
江戸川区|北小岩6丁目,255236.287043951,2,26.550866901946968,荒川
江戸川区|北小岩6丁目,255236.287043951,2,391.3406884132859,荒川
江戸川区|北小岩6丁目,255236.287043951,2,183.33818148597817,荒川
江戸川区|北小岩6丁目,255236.287043951,2,131.29045589657213,荒川
江戸川区|北小岩6丁目,255236.287043951,2,25.91887710844755,荒川
江戸川区|北小岩6丁目,255236.287043951,2,26.1296242596911,荒川
江戸川区|北小岩6丁目,255236.287043951,2,26.129626497199766,荒川
江戸川区|北小岩6丁目,255236.287043951,2,78.59987341661098,荒川
江戸川区|北小岩6丁目,255236.287043951,2,79.23210052086745,荒川
江戸川区|北小岩6丁目,255236.287043951,2,208.63642991441446,荒川
江戸川区|北小岩7丁目,322637.57866641413,1,7175.240576312068,荒川
江戸川区|北小岩7丁目,322637.57866641413,1,4681.057644646622,荒川
江戸川区|北小岩7丁目,322637.57866641413,1,7163.697191108117,荒川
江戸川区|北小岩7丁目,322637.57866641413,1,3189.781109658955,荒川
江戸川区|北小岩7丁目,322637.57866641413,1,64790.32605094579,荒川
江戸川区|北小岩7丁目,322637.57866641413,2,79.01805984267665,荒川
江戸川区|北小岩7丁目,322637.57866641413,2,15968.202702660132,荒川
江戸川区|北小岩7丁目,322637.57866641413,2,52.67896610659773,荒川
江戸川区|北小岩7丁目,322637.57866641413,2,105.35761673426178,荒川
江戸川区|北小岩7丁目,322637.57866641413,2,419.76703705912985,荒川
江戸川区|北小岩7丁目,322637.57866641413,2,25.506916504384197,荒川
江戸川区|北小岩7丁目,322637.57866641413,2,25.506916445381087,荒川
江戸川区|北小岩7丁目,322637.57866641413,2,26.55070490608655,荒川
江戸川区|北小岩7丁目,322637.57866641413,2,26.12950908489985,荒川
江戸川区|北小岩8丁目,352975.5436536523,1,169629.21230394184,荒川
江戸川区|北小岩8丁目,352975.5436536523,2,26.54937754861359,荒川
江戸川区|北小岩8丁目,352975.5436536523,2,26.54960113740924,荒川
江戸川区|北小岩8丁目,352975.5436536523,2,77.97279483831589,荒川
江戸川区|北小岩8丁目,352975.5436536523,2,53.09883923245806,荒川
江戸川区|北小岩8丁目,352975.5436536523,2,26.54943137204343,荒川
江戸川区|北小岩8丁目,352975.5436536523,2,25.505931867307062,荒川
江戸川区|北小岩8丁目,352975.5436536523,2,78.18343326850264,荒川
江戸川区|北小岩8丁目,352975.5436536523,2,26.12813284798289,荒川
江戸川区|北小岩8丁目,352975.5436536523,2,105.35575121480323,荒川
江戸川区|北小岩8丁目,352975.5436536523,2,129.39672317019557,荒川
江戸川区|北小岩8丁目,352975.5436536523,2,79.22745115634402,荒川
江戸川区|北小岩8丁目,352975.5436536523,2,52.25641815795188,荒川
江戸川区|北小岩8丁目,352975.5436536523,2,26.54962480687724,荒川
江戸川区|北小岩8丁目,352975.5436536523,2,146.45978592598266,荒川
江戸川区|北小岩8丁目,352975.5436536523,2,210.2906716665953,荒川
江戸川区|北小岩8丁目,352975.5436536523,2,77.75994248339062,荒川
江戸川区|北小岩8丁目,352975.5436536523,2,128.3540124840083,荒川
江戸川区|北小岩8丁目,352975.5436536523,2,25.195856594338807,荒川
江戸川区|北小岩8丁目,352975.5436536523,2,366.226575070611,荒川
江戸川区|北小岩8丁目,352975.5436536523,2,25.917636278528406,荒川
江戸川区|北小岩8丁目,352975.5436536523,2,758.3703056294793,荒川
江戸川区|北小岩8丁目,352975.5436536523,2,79.22549687606926,荒川
江戸川区|北小岩8丁目,352975.5436536523,2,26.127567378883377,荒川
江戸川区|北小岩8丁目,352975.5436536523,2,131.48100560504267,荒川
江戸川区|北小岩8丁目,352975.5436536523,2,52.67671548935881,荒川
江戸川区|北小岩8丁目,352975.5436536523,2,78.80457659142691,荒川
江戸川区|北小岩8丁目,352975.5436536523,2,52.466045115803084,荒川
江戸川区|北小岩8丁目,352975.5436536523,2,25.505575403854507,荒川
江戸川区|北小岩8丁目,352975.5436536523,2,51.633303708389235,荒川
江戸川区|北小岩8丁目,352975.5436536523,2,51.42261047901434,荒川
江戸川区|北小岩8丁目,352975.5436536523,2,236.0031106906172,荒川
江戸川区|北小岩8丁目,352975.5436536523,2,53.09843920499989,荒川
江戸川区|北小岩8丁目,352975.5436536523,2,234.32833132609733,荒川
江戸川区|北小岩8丁目,352975.5436536523,2,26.549267612234672,荒川
江戸川区|北小岩8丁目,352975.5436536523,2,25.91715589775553,荒川
江戸川区|北小岩8丁目,352975.5436536523,2,26.127877828725488,荒川
江戸川区|北小岩8丁目,352975.5436536523,2,26.127890930190404,荒川
江戸川区|北小岩8丁目,352975.5436536523,2,14729.503412405691,荒川
江戸川区|鹿骨町,6623.53338875408,1,0.036894709599859944,荒川
江戸川区|鹿骨町,6623.53338875408,1,891.8836775065523,荒川
江戸川区|鹿骨町,6623.53338875408,1,287.2642330822169,荒川
江戸川区|鹿骨町,6623.53338875408,2,5444.3485834557,荒川
江戸川区|鹿骨1丁目,382022.01559125993,1,3096.036286686904,荒川
江戸川区|鹿骨1丁目,382022.01559125993,1,6285.415413551008,荒川
江戸川区|鹿骨1丁目,382022.01559125993,1,262.6777429610803,荒川
江戸川区|鹿骨1丁目,382022.01559125993,1,132.17715317749446,荒川
江戸川区|鹿骨1丁目,382022.01559125993,1,419.74172251026704,荒川
江戸川区|鹿骨1丁目,382022.01559125993,1,653.3388565044562,荒川
江戸川区|鹿骨1丁目,382022.01559125993,1,599.8039557232653,荒川
江戸川区|鹿骨1丁目,382022.01559125993,1,418.69122962111663,荒川
江戸川区|鹿骨1丁目,382022.01559125993,1,3351.0428136752407,荒川
江戸川区|鹿骨1丁目,382022.01559125993,1,261.8485368895779,荒川
江戸川区|鹿骨1丁目,382022.01559125993,1,3617.6050794462144,荒川
江戸川区|鹿骨1丁目,382022.01559125993,1,3535.1528028917837,荒川
江戸川区|鹿骨1丁目,382022.01559125993,1,340.68251320221157,荒川
江戸川区|鹿骨1丁目,382022.01559125993,1,443.3771947517693,荒川
江戸川区|鹿骨1丁目,382022.01559125993,1,1648.3854498475241,荒川
江戸川区|鹿骨1丁目,382022.01559125993,1,603.9969794006691,荒川
江戸川区|鹿骨1丁目,382022.01559125993,1,443.5792054974256,荒川
江戸川区|鹿骨1丁目,382022.01559125993,1,498.16931255015265,荒川
江戸川区|鹿骨1丁目,382022.01559125993,1,470.35999225391674,荒川
江戸川区|鹿骨1丁目,382022.01559125993,1,0.42163143512004186,荒川
江戸川区|鹿骨1丁目,382022.01559125993,1,810.8373205160245,荒川
江戸川区|鹿骨1丁目,382022.01559125993,1,600.8280732984115,荒川
江戸川区|鹿骨1丁目,382022.01559125993,1,521.3988222944797,荒川
江戸川区|鹿骨1丁目,382022.01559125993,1,156.63981098521546,荒川
江戸川区|鹿骨1丁目,382022.01559125993,1,52.28021511563212,荒川
江戸川区|鹿骨1丁目,382022.01559125993,1,2167.7514112125177,荒川
江戸川区|鹿骨1丁目,382022.01559125993,1,418.4844136142073,荒川
江戸川区|鹿骨1丁目,382022.01559125993,1,26.56241094742546,荒川
江戸川区|鹿骨1丁目,382022.01559125993,1,365.9922274229404,荒川
江戸川区|鹿骨1丁目,382022.01559125993,1,1176.1699130550205,荒川
江戸川区|鹿骨1丁目,382022.01559125993,1,599.192673021316,荒川
江戸川区|鹿骨1丁目,382022.01559125993,1,760.82316857234,荒川
江戸川区|鹿骨1丁目,382022.01559125993,1,26.562452693720015,荒川
江戸川区|鹿骨1丁目,382022.01559125993,1,1306.24758771817,荒川
江戸川区|鹿骨1丁目,382022.01559125993,1,1125.356452225675,荒川
江戸川区|鹿骨1丁目,382022.01559125993,1,392.7725970958285,荒川
江戸川区|鹿骨1丁目,382022.01559125993,1,990.8883766550795,荒川
江戸川区|鹿骨1丁目,382022.01559125993,1,446.0984673804744,荒川
江戸川区|鹿骨1丁目,382022.01559125993,1,521.5785900466475,荒川
江戸川区|鹿骨1丁目,382022.01559125993,1,970.6296070930257,荒川
江戸川区|鹿骨1丁目,382022.01559125993,1,4107.232678311992,荒川
江戸川区|鹿骨1丁目,382022.01559125993,1,2303.691213863788,荒川
江戸川区|鹿骨1丁目,382022.01559125993,1,500.483372902156,荒川
江戸川区|鹿骨1丁目,382022.01559125993,1,366.83779315022355,荒川
江戸川区|鹿骨1丁目,382022.01559125993,1,1570.0351109504443,荒川
江戸川区|鹿骨1丁目,382022.01559125993,1,1780.853680779319,荒川
江戸川区|鹿骨1丁目,382022.01559125993,1,656.7111888276959,荒川
江戸川区|鹿骨1丁目,382022.01559125993,1,451.2582205485449,荒川
江戸川区|鹿骨1丁目,382022.01559125993,2,324426.6308901943,荒川
江戸川区|鹿骨1丁目,382022.01559125993,2,26.13984599499468,荒川
江戸川区|鹿骨1丁目,382022.01559125993,2,25.929067632932384,荒川
江戸川区|鹿骨1丁目,382022.01559125993,2,25.92971121714025,荒川
江戸川区|鹿骨1丁目,382022.01559125993,2,26.562170247658752,荒川
江戸川区|鹿骨1丁目,382022.01559125993,2,26.140944772323195,荒川
江戸川区|鹿骨2丁目,232645.19082770846,1,2889.8075370494803,荒川
江戸川区|鹿骨2丁目,232645.19082770846,1,5248.50994861833,荒川
江戸川区|鹿骨2丁目,232645.19082770846,1,523.6691953940997,荒川
江戸川区|鹿骨2丁目,232645.19082770846,1,1756.3312343236232,荒川
江戸川区|鹿骨2丁目,232645.19082770846,1,1700.0755536493295,荒川
江戸川区|鹿骨2丁目,232645.19082770846,1,2456.324789269439,荒川
江戸川区|鹿骨2丁目,232645.19082770846,1,524.310538068846,荒川
江戸川区|鹿骨2丁目,232645.19082770846,1,1175.9925688809878,荒川
江戸川区|鹿骨2丁目,232645.19082770846,1,860.6231322198134,荒川
江戸川区|鹿骨2丁目,232645.19082770846,1,26.56281039779782,荒川
江戸川区|鹿骨2丁目,232645.19082770846,1,6093.762205492229,荒川
江戸川区|鹿骨2丁目,232645.19082770846,1,1541.5736512960445,荒川
江戸川区|鹿骨2丁目,232645.19082770846,1,8339.355015496278,荒川
江戸川区|鹿骨2丁目,232645.19082770846,1,365.16457958555964,荒川
江戸川区|鹿骨2丁目,232645.19082770846,1,1540.5707700016094,荒川
江戸川区|鹿骨2丁目,232645.19082770846,1,2092.697388721291,荒川
江戸川区|鹿骨2丁目,232645.19082770846,1,25.930749892601966,荒川
江戸川区|鹿骨2丁目,232645.19082770846,1,26.56265936905377,荒川
江戸川区|鹿骨2丁目,232645.19082770846,1,3395.8958394698284,荒川
江戸川区|鹿骨2丁目,232645.19082770846,1,2142.702591778037,荒川
江戸川区|鹿骨2丁目,232645.19082770846,1,2717.1798408236573,荒川
江戸川区|鹿骨2丁目,232645.19082770846,1,26.563234543899437,荒川
江戸川区|鹿骨2丁目,232645.19082770846,1,51.659747705021395,荒川
江戸川区|鹿骨2丁目,232645.19082770846,1,941.9843712219437,荒川
江戸川区|鹿骨2丁目,232645.19082770846,1,419.3490256629208,荒川
江戸川区|鹿骨2丁目,232645.19082770846,1,2279.9140133728374,荒川
江戸川区|鹿骨2丁目,232645.19082770846,1,1961.1724208583437,荒川
江戸川区|鹿骨2丁目,232645.19082770846,1,261.4392823615279,荒川
江戸川区|鹿骨2丁目,232645.19082770846,1,104.98956971294696,荒川
江戸川区|鹿骨2丁目,232645.19082770846,1,286.11716358527934,荒川
江戸川区|鹿骨2丁目,232645.19082770846,1,652.1274272750886,荒川
江戸川区|鹿骨2丁目,232645.19082770846,2,179406.19174620934,荒川
江戸川区|鹿骨2丁目,232645.19082770846,2,25.51859873404493,荒川
江戸川区|鹿骨2丁目,232645.19082770846,2,26.141408879132154,荒川
江戸川区|鹿骨2丁目,232645.19082770846,2,364.952604664206,荒川
江戸川区|鹿骨2丁目,232645.19082770846,2,367.0382756540043,荒川
江戸川区|鹿骨3丁目,120549.35591146661,1,5811.950037893978,荒川
江戸川区|鹿骨3丁目,120549.35591146661,1,23574.415711856072,荒川
江戸川区|鹿骨3丁目,120549.35591146661,1,991.2643650689488,荒川
江戸川区|鹿骨3丁目,120549.35591146661,1,12057.94130268622,荒川
江戸川区|鹿骨3丁目,120549.35591146661,1,10.334157775340833,荒川
江戸川区|鹿骨3丁目,120549.35591146661,1,1387.571827782932,荒川
江戸川区|鹿骨3丁目,120549.35591146661,1,26.138277450412094,荒川
江戸川区|鹿骨3丁目,120549.35591146661,1,2192.6811942864283,荒川
江戸川区|鹿骨3丁目,120549.35591146661,1,1934.2228900947164,荒川
江戸川区|鹿骨3丁目,120549.35591146661,1,445.64894929291836,荒川
江戸川区|鹿骨3丁目,120549.35591146661,1,2194.7341044501036,荒川
江戸川区|鹿骨3丁目,120549.35591146661,1,888.8125213410194,荒川
江戸川区|鹿骨3丁目,120549.35591146661,1,2.6043807470922067,荒川
江戸川区|鹿骨3丁目,120549.35591146661,1,442.92371232123406,荒川
江戸川区|鹿骨3丁目,120549.35591146661,1,52.70125514556363,荒川
江戸川区|鹿骨3丁目,120549.35591146661,1,1488.128993399932,荒川
江戸川区|鹿骨3丁目,120549.35591146661,2,61071.16094139503,荒川
江戸川区|鹿骨3丁目,120549.35591146661,2,26.56027123593831,荒川
江戸川区|鹿骨3丁目,120549.35591146661,2,134.75737043506805,荒川
江戸川区|鹿骨3丁目,120549.35591146661,2,26.56126861974864,荒川
江戸川区|鹿骨3丁目,120549.35591146661,2,48.82488920996173,荒川
江戸川区|鹿骨3丁目,120549.35591146661,2,98.30748741979784,荒川
江戸川区|鹿骨3丁目,120549.35591146661,2,26.559657450012665,荒川
江戸川区|鹿骨3丁目,120549.35591146661,2,51.39435954399126,荒川
江戸川区|鹿骨3丁目,120549.35591146661,2,25.515630527420203,荒川
江戸川区|鹿骨3丁目,120549.35591146661,2,52.16766227022886,荒川
江戸川区|鹿骨3丁目,120549.35591146661,2,78.84131792540465,荒川
江戸川区|鹿骨3丁目,120549.35591146661,2,52.49065264979922,荒川
江戸川区|鹿骨3丁目,120549.35591146661,2,26.138196741540455,荒川
江戸川区|鹿骨3丁目,120549.35591146661,2,26.561582065126174,荒川
江戸川区|鹿骨3丁目,120549.35591146661,2,14.921244640831471,荒川
江戸川区|鹿骨3丁目,120549.35591146661,2,26.491227696298825,荒川
江戸川区|鹿骨3丁目,120549.35591146661,2,21.745052649075646,荒川
江戸川区|鹿骨3丁目,120549.35591146661,2,50.746450344315285,荒川
江戸川区|鹿骨4丁目,186004.01440365467,1,28835.016897941758,荒川
江戸川区|鹿骨4丁目,186004.01440365467,1,1.9027864839352073,荒川
江戸川区|鹿骨4丁目,186004.01440365467,1,2423.466204974431,荒川
江戸川区|鹿骨4丁目,186004.01440365467,1,2265.4062792968325,荒川
江戸川区|鹿骨4丁目,186004.01440365467,1,2537.244650991061,荒川
江戸川区|鹿骨4丁目,186004.01440365467,1,837.1028879349891,荒川
江戸川区|鹿骨4丁目,186004.01440365467,1,313.69298055715996,荒川
江戸川区|鹿骨4丁目,186004.01440365467,1,5515.422545364128,荒川
江戸川区|鹿骨4丁目,186004.01440365467,1,25.515804728482262,荒川
江戸川区|鹿骨4丁目,186004.01440365467,1,24.06368757122338,荒川
江戸川区|鹿骨4丁目,186004.01440365467,1,679.2523402994084,荒川
江戸川区|鹿骨4丁目,186004.01440365467,1,1043.5112786974378,荒川
江戸川区|鹿骨4丁目,186004.01440365467,1,338.5771609708598,荒川
江戸川区|鹿骨4丁目,186004.01440365467,1,0.0045208557844144594,荒川
江戸川区|鹿骨4丁目,186004.01440365467,1,1881.8645371717034,荒川
江戸川区|鹿骨4丁目,186004.01440365467,1,1703.3638080205303,荒川
江戸川区|鹿骨4丁目,186004.01440365467,1,0.42139465423901223,荒川
江戸川区|鹿骨4丁目,186004.01440365467,1,26.139226627166902,荒川
江戸川区|鹿骨4丁目,186004.01440365467,1,1410.1058915382516,荒川
江戸川区|鹿骨4丁目,186004.01440365467,1,703.7229033251945,荒川
江戸川区|鹿骨4丁目,186004.01440365467,1,258.8951496835747,荒川
江戸川区|鹿骨4丁目,186004.01440365467,1,0.42158639935131514,荒川
江戸川区|鹿骨4丁目,186004.01440365467,1,26.561185510193017,荒川
江戸川区|鹿骨4丁目,186004.01440365467,1,1490.6162494039584,荒川
江戸川区|鹿骨4丁目,186004.01440365467,1,1.6763124599114365,荒川
江戸川区|鹿骨4丁目,186004.01440365467,1,0.83375930105718,荒川
江戸川区|鹿骨4丁目,186004.01440365467,1,653.5314097693797,荒川
江戸川区|鹿骨4丁目,186004.01440365467,1,498.1509772628442,荒川
江戸川区|鹿骨4丁目,186004.01440365467,1,130.2820874022963,荒川
江戸川区|鹿骨4丁目,186004.01440365467,1,104.56411978088613,荒川
江戸川区|鹿骨4丁目,186004.01440365467,1,651.448245112027,荒川
江戸川区|鹿骨4丁目,186004.01440365467,1,52.27686942530027,荒川
江戸川区|鹿骨4丁目,186004.01440365467,1,598.0194904032371,荒川
江戸川区|鹿骨4丁目,186004.01440365467,1,287.1241333667767,荒川
江戸川区|鹿骨4丁目,186004.01440365467,1,933.5432140071023,荒川
江戸川区|鹿骨4丁目,186004.01440365467,1,887.3497139922075,荒川
江戸川区|鹿骨4丁目,186004.01440365467,1,52.48870714394793,荒川
江戸川区|鹿骨4丁目,186004.01440365467,1,679.4540397204574,荒川
江戸川区|鹿骨4丁目,186004.01440365467,1,2534.3986660412324,荒川
江戸川区|鹿骨4丁目,186004.01440365467,1,996.699881172311,荒川
江戸川区|鹿骨4丁目,186004.01440365467,1,858.6795241482223,荒川
江戸川区|鹿骨4丁目,186004.01440365467,1,3972.1859733272954,荒川
江戸川区|鹿骨4丁目,186004.01440365467,2,117350.33723996558,荒川
江戸川区|鹿骨4丁目,186004.01440365467,2,26.138759909835766,荒川
江戸川区|鹿骨4丁目,186004.01440365467,2,26.138852978381756,荒川
江戸川区|鹿骨4丁目,186004.01440365467,2,101.13586507119828,荒川
江戸川区|鹿骨4丁目,186004.01440365467,2,2.8307974102882816,荒川
江戸川区|鹿骨4丁目,186004.01440365467,2,136.7606082255317,荒川
江戸川区|鹿骨4丁目,186004.01440365467,2,0.0018666478827628317,荒川
江戸川区|鹿骨4丁目,186004.01440365467,2,26.561007063304082,荒川
江戸川区|鹿骨4丁目,186004.01440365467,2,26.138330114148875,荒川
江戸川区|鹿骨4丁目,186004.01440365467,2,0.06994437901425092,荒川
江戸川区|鹿骨4丁目,186004.01440365467,2,4.815013808080781,荒川
江戸川区|鹿骨4丁目,186004.01440365467,2,156.21866777069775,荒川
江戸川区|鹿骨4丁目,186004.01440365467,2,1.530600016772702,荒川
江戸川区|鹿骨5丁目,224438.2175468017,1,3320.334424942224,荒川
江戸川区|鹿骨5丁目,224438.2175468017,1,11403.298944699289,荒川
江戸川区|鹿骨5丁目,224438.2175468017,1,2.572577444525798,荒川
江戸川区|鹿骨5丁目,224438.2175468017,1,261.610314847916,荒川
江戸川区|鹿骨5丁目,224438.2175468017,1,102.30258404970469,荒川
江戸川区|鹿骨5丁目,224438.2175468017,1,680.6648722204878,荒川
江戸川区|鹿骨5丁目,224438.2175468017,1,6801.515092761063,荒川
江戸川区|鹿骨5丁目,224438.2175468017,1,1209.7122741985709,荒川
江戸川区|鹿骨5丁目,224438.2175468017,1,2381.440575309889,荒川
江戸川区|鹿骨5丁目,224438.2175468017,1,1387.091015068035,荒川
江戸川区|鹿骨5丁目,224438.2175468017,1,79.04708778074756,荒川
江戸川区|鹿骨5丁目,224438.2175468017,1,3397.496162574213,荒川
江戸川区|鹿骨5丁目,224438.2175468017,1,991.2241242425758,荒川
江戸川区|鹿骨5丁目,224438.2175468017,1,495.61184849647225,荒川
江戸川区|鹿骨5丁目,224438.2175468017,1,2450.6570209410743,荒川
江戸川区|鹿骨5丁目,224438.2175468017,1,1778.2244257370587,荒川
江戸川区|鹿骨5丁目,224438.2175468017,1,2093.0667084718266,荒川
江戸川区|鹿骨5丁目,224438.2175468017,1,2064.315755612808,荒川
江戸川区|鹿骨5丁目,224438.2175468017,1,1100.4390236155512,荒川
江戸川区|鹿骨5丁目,224438.2175468017,1,52.48729935024676,荒川
江戸川区|鹿骨5丁目,224438.2175468017,1,942.5496670585004,荒川
江戸川区|鹿骨5丁目,224438.2175468017,1,392.306525081495,荒川
江戸川区|鹿骨5丁目,224438.2175468017,1,4917.880714315917,荒川
江戸川区|鹿骨5丁目,224438.2175468017,1,389.4038451279972,荒川
江戸川区|鹿骨5丁目,224438.2175468017,1,1542.9053783861987,荒川
江戸川区|鹿骨5丁目,224438.2175468017,1,340.25605019001887,荒川
江戸川区|鹿骨5丁目,224438.2175468017,1,1435.056894742461,荒川
江戸川区|鹿骨5丁目,224438.2175468017,1,3913.7273691498826,荒川
江戸川区|鹿骨5丁目,224438.2175468017,1,365.33826346953526,荒川
江戸川区|鹿骨5丁目,224438.2175468017,1,262.0396209098144,荒川
江戸川区|鹿骨5丁目,224438.2175468017,1,445.43206252397613,荒川
江戸川区|鹿骨5丁目,224438.2175468017,1,934.5055456609358,荒川
江戸川区|鹿骨5丁目,224438.2175468017,1,468.85245222127924,荒川
江戸川区|鹿骨5丁目,224438.2175468017,1,444.5918854320973,荒川
江戸川区|鹿骨5丁目,224438.2175468017,1,26.138566649935207,荒川
江戸川区|鹿骨5丁目,224438.2175468017,1,2694.3698312938195,荒川
江戸川区|鹿骨5丁目,224438.2175468017,1,52.48859360573709,荒川
江戸川区|鹿骨5丁目,224438.2175468017,1,51.655759107121284,荒川
江戸川区|鹿骨5丁目,224438.2175468017,1,155.79980853838148,荒川
江戸川区|鹿骨5丁目,224438.2175468017,1,601.0280976155246,荒川
江戸川区|鹿骨5丁目,224438.2175468017,1,1360.7901627967947,荒川
江戸川区|鹿骨5丁目,224438.2175468017,1,496.8822627118537,荒川
江戸川区|鹿骨5丁目,224438.2175468017,1,26.56065100169318,荒川
江戸川区|鹿骨5丁目,224438.2175468017,1,2299.555376244445,荒川
江戸川区|鹿骨5丁目,224438.2175468017,1,1304.9650931269896,荒川
江戸川区|鹿骨5丁目,224438.2175468017,1,469.2831641011861,荒川
江戸川区|鹿骨5丁目,224438.2175468017,2,155294.93964082084,荒川
江戸川区|鹿骨5丁目,224438.2175468017,2,26.13787952840729,荒川
江戸川区|鹿骨5丁目,224438.2175468017,2,26.560432071354896,荒川
江戸川区|鹿骨5丁目,224438.2175468017,2,25.51702306425209,荒川
江戸川区|鹿骨5丁目,224438.2175468017,2,26.139402554845393,荒川
江戸川区|鹿骨6丁目,118008.60122614574,1,364.1299340200378,荒川
江戸川区|鹿骨6丁目,118008.60122614574,1,8.590703511105716,荒川
江戸川区|鹿骨6丁目,118008.60122614574,1,5068.671068366846,荒川
江戸川区|鹿骨6丁目,118008.60122614574,1,9350.420402489117,荒川
江戸川区|鹿骨6丁目,118008.60122614574,1,3912.137288901299,荒川
江戸川区|鹿骨6丁目,118008.60122614574,1,2433.9905047043167,荒川
江戸川区|鹿骨6丁目,118008.60122614574,1,391.06266749252603,荒川
江戸川区|鹿骨6丁目,118008.60122614574,1,391.9079334333041,荒川
江戸川区|鹿骨6丁目,118008.60122614574,2,96036.03568111955,荒川
江戸川区|鹿骨6丁目,118008.60122614574,2,51.65504210753022,荒川
江戸川区|興宮町,212268.45696109498,2,166799.17523108842,荒川
江戸川区|興宮町,212268.45696109498,2,26.557657290871724,荒川
江戸川区|興宮町,212268.45696109498,2,627.5193601882901,荒川
江戸川区|興宮町,212268.45696109498,2,1022.1197775534016,荒川
江戸川区|興宮町,212268.45696109498,2,26.136254745060604,荒川
江戸川区|興宮町,212268.45696109498,2,365.9302996104443,荒川
江戸川区|興宮町,212268.45696109498,2,26.558347950601984,荒川
江戸川区|興宮町,212268.45696109498,2,158.71044653520707,荒川
江戸川区|興宮町,212268.45696109498,2,713.3284467634197,荒川
江戸川区|興宮町,212268.45696109498,3,42317.9914410038,荒川
江戸川区|興宮町,212268.45696109498,3,26.557403634395502,荒川
江戸川区|興宮町,212268.45696109498,3,26.55747946713508,荒川
江戸川区|興宮町,212268.45696109498,3,26.558196416426703,荒川
江戸川区|興宮町,212268.45696109498,3,25.925665722281927,荒川
江戸川区|興宮町,212268.45696109498,3,26.13645676279626,荒川
江戸川区|興宮町,212268.45696109498,3,52.69449636738984,荒川
江戸川区|篠崎町1丁目,307899.7696593451,1,52994.754701375714,荒川
江戸川区|篠崎町1丁目,307899.7696593451,1,261.8346390219962,荒川
江戸川区|篠崎町1丁目,307899.7696593451,1,103.72860222939214,荒川
江戸川区|篠崎町1丁目,307899.7696593451,1,390.04060314925505,荒川
江戸川区|篠崎町1丁目,307899.7696593451,1,261.2081783219519,荒川
江戸川区|篠崎町1丁目,307899.7696593451,1,3817.533766743691,荒川
江戸川区|篠崎町1丁目,307899.7696593451,1,392.5517411852074,荒川
江戸川区|篠崎町1丁目,307899.7696593451,1,888.0038488557677,荒川
江戸川区|篠崎町1丁目,307899.7696593451,1,102.89676172975092,荒川
江戸川区|篠崎町1丁目,307899.7696593451,1,799.2977422097539,荒川
江戸川区|篠崎町1丁目,307899.7696593451,1,3477.695770100481,荒川
江戸川区|篠崎町1丁目,307899.7696593451,1,26.140097433354043,荒川
江戸川区|篠崎町1丁目,307899.7696593451,1,913.2568005596735,荒川
江戸川区|篠崎町1丁目,307899.7696593451,1,444.42400912094206,荒川
江戸川区|篠崎町1丁目,307899.7696593451,1,26.561624321816154,荒川
江戸川区|篠崎町1丁目,307899.7696593451,2,35442.03993806317,荒川
江戸川区|篠崎町1丁目,307899.7696593451,2,7844.008451548257,荒川
江戸川区|篠崎町1丁目,307899.7696593451,2,25.929118250588395,荒川
江戸川区|篠崎町1丁目,307899.7696593451,2,3760.6904248049873,荒川
江戸川区|篠崎町1丁目,307899.7696593451,2,10080.297306600412,荒川
江戸川区|篠崎町1丁目,307899.7696593451,2,131.5455736417306,荒川
江戸川区|篠崎町1丁目,307899.7696593451,2,131.33421848412615,荒川
江戸川区|篠崎町1丁目,307899.7696593451,2,78.84258121325064,荒川
江戸川区|篠崎町1丁目,307899.7696593451,2,26.562096131857768,荒川
江戸川区|篠崎町1丁目,307899.7696593451,2,53.12419201581005,荒川
江戸川区|篠崎町2丁目,264456.6349557728,1,0.5592232636924053,荒川
江戸川区|篠崎町2丁目,264456.6349557728,1,394.02312923907397,荒川
江戸川区|篠崎町2丁目,264456.6349557728,1,1232.4768700655777,荒川
江戸川区|篠崎町2丁目,264456.6349557728,1,1212.408448208529,荒川
江戸川区|篠崎町2丁目,264456.6349557728,1,366.2070339483884,荒川
江戸川区|篠崎町2丁目,264456.6349557728,1,416.4110542760998,荒川
江戸川区|篠崎町2丁目,264456.6349557728,1,25.930358793047628,荒川
江戸川区|篠崎町2丁目,264456.6349557728,1,417.6562129310097,荒川
江戸川区|篠崎町2丁目,264456.6349557728,1,653.5689949242038,荒川
江戸川区|篠崎町2丁目,264456.6349557728,1,26.141188056595787,荒川
江戸川区|篠崎町2丁目,264456.6349557728,1,288.61715609937147,荒川
江戸川区|篠崎町2丁目,264456.6349557728,1,2.778151070120923,荒川
江戸川区|篠崎町2丁目,264456.6349557728,1,53.12528701411094,荒川
江戸川区|篠崎町2丁目,264456.6349557728,1,312.88205626142064,荒川
江戸川区|篠崎町2丁目,264456.6349557728,1,340.27801078248575,荒川
江戸川区|篠崎町2丁目,264456.6349557728,1,1557.4152393371608,荒川
江戸川区|篠崎町2丁目,264456.6349557728,1,524.3141098508615,荒川
江戸川区|篠崎町2丁目,264456.6349557728,1,498.595019775703,荒川
江戸川区|篠崎町2丁目,264456.6349557728,1,51.6601112246568,荒川
江戸川区|篠崎町2丁目,264456.6349557728,1,574.5162967441763,荒川
江戸川区|篠崎町2丁目,264456.6349557728,1,104.364340750953,荒川
江戸川区|篠崎町2丁目,264456.6349557728,1,913.5307906670861,荒川
江戸川区|篠崎町2丁目,264456.6349557728,1,418.07554603388616,荒川
江戸川区|篠崎町2丁目,264456.6349557728,1,1595.145184653792,荒川
江戸川区|篠崎町2丁目,264456.6349557728,1,498.8129238671038,荒川
江戸川区|篠崎町2丁目,264456.6349557728,1,549.0018253411049,荒川
江戸川区|篠崎町2丁目,264456.6349557728,1,547.9471880420587,荒川
江戸川区|篠崎町2丁目,264456.6349557728,1,338.80890041205697,荒川
江戸川区|篠崎町2丁目,264456.6349557728,1,444.0113345346231,荒川
江戸川区|篠崎町2丁目,264456.6349557728,1,680.1371757474014,荒川
江戸川区|篠崎町2丁目,264456.6349557728,1,155.81449110596765,荒川
江戸川区|篠崎町2丁目,264456.6349557728,1,497.9772959164675,荒川
江戸川区|篠崎町2丁目,264456.6349557728,1,339.43756340603267,荒川
江戸川区|篠崎町2丁目,264456.6349557728,1,23676.35834878012,荒川
江戸川区|篠崎町2丁目,264456.6349557728,1,51.45031013514666,荒川
江戸川区|篠崎町2丁目,264456.6349557728,1,26.141844666702095,荒川
江戸川区|篠崎町2丁目,264456.6349557728,2,139402.23642798213,荒川
江戸川区|篠崎町2丁目,264456.6349557728,2,26.1415113696457,荒川
江戸川区|篠崎町2丁目,264456.6349557728,2,26.14183132297451,荒川
江戸川区|篠崎町2丁目,264456.6349557728,2,25.519433785320565,荒川
江戸川区|篠崎町2丁目,264456.6349557728,2,25.931037269057857,荒川
江戸川区|篠崎町3丁目,455621.3986311686,1,56539.55626864311,荒川
江戸川区|篠崎町3丁目,455621.3986311686,1,25.93131859275475,荒川
江戸川区|篠崎町3丁目,455621.3986311686,1,2372.816635083623,荒川
江戸川区|篠崎町3丁目,455621.3986311686,1,2066.022009420776,荒川
江戸川区|篠崎町3丁目,455621.3986311686,1,1545.611433795303,荒川
江戸川区|篠崎町3丁目,455621.3986311686,1,1019.8862499541217,荒川
江戸川区|篠崎町3丁目,455621.3986311686,1,21357.764724607943,荒川
江戸川区|篠崎町3丁目,455621.3986311686,2,4806.973649496818,荒川
江戸川区|篠崎町3丁目,455621.3986311686,2,1149.2589909358408,荒川
江戸川区|篠崎町3丁目,455621.3986311686,2,26.14268145585658,荒川
江戸川区|篠崎町3丁目,455621.3986311686,2,78.84635561377857,荒川
江戸川区|篠崎町3丁目,455621.3986311686,2,130.51271196438114,荒川
江戸川区|篠崎町3丁目,455621.3986311686,2,51.45007935828493,荒川
江戸川区|篠崎町3丁目,455621.3986311686,2,25.519890902177437,荒川
江戸川区|篠崎町3丁目,455621.3986311686,2,21.996181913945946,荒川
江戸川区|篠崎町3丁目,455621.3986311686,2,11420.162451795088,荒川
江戸川区|篠崎町3丁目,455621.3986311686,2,992.1954161323944,荒川
江戸川区|篠崎町3丁目,455621.3986311686,2,25.51939622560881,荒川
江戸川区|篠崎町3丁目,455621.3986311686,2,155.60623790715508,荒川
江戸川区|篠崎町3丁目,455621.3986311686,2,104.36670543930794,荒川
江戸川区|篠崎町3丁目,455621.3986311686,2,2303.5827091843607,荒川
江戸川区|篠崎町3丁目,455621.3986311686,2,78.63667985447371,荒川
江戸川区|篠崎町3丁目,455621.3986311686,2,25.519349842771,荒川
江戸川区|篠崎町3丁目,455621.3986311686,2,16601.98752009098,荒川
江戸川区|篠崎町3丁目,455621.3986311686,2,26.14201072312749,荒川
江戸川区|篠崎町3丁目,455621.3986311686,2,11.106434928202109,荒川
江戸川区|篠崎町3丁目,455621.3986311686,2,9.683281025210713,荒川
江戸川区|篠崎町3丁目,455621.3986311686,2,313.72686390116866,荒川
江戸川区|篠崎町3丁目,455621.3986311686,2,8.93841663568968,荒川
江戸川区|篠崎町3丁目,455621.3986311686,2,601.9805908106295,荒川
江戸川区|篠崎町3丁目,455621.3986311686,2,14.672945167087267,荒川
江戸川区|篠崎町3丁目,455621.3986311686,2,18.77030719494052,荒川
江戸川区|篠崎町3丁目,455621.3986311686,2,26.14237102214346,荒川
江戸川区|篠崎町3丁目,455621.3986311686,2,2.9102189323302863,荒川
江戸川区|篠崎町4丁目,257129.26726158903,1,3374.5005262685386,荒川
江戸川区|篠崎町4丁目,257129.26726158903,1,340.09930504676134,荒川
江戸川区|篠崎町4丁目,257129.26726158903,1,3765.373949957879,荒川
江戸川区|篠崎町4丁目,257129.26726158903,1,1491.5473043899979,荒川
江戸川区|篠崎町4丁目,257129.26726158903,1,4918.941185816278,荒川
江戸川区|篠崎町4丁目,257129.26726158903,1,26102.115594569805,荒川
江戸川区|篠崎町4丁目,257129.26726158903,1,2639.9878393142803,荒川
江戸川区|篠崎町4丁目,257129.26726158903,1,1357.0511754715214,荒川
江戸川区|篠崎町4丁目,257129.26726158903,1,496.74705257588215,荒川
江戸川区|篠崎町4丁目,257129.26726158903,1,8516.728853943116,荒川
江戸川区|篠崎町4丁目,257129.26726158903,1,3138.6382371736936,荒川
江戸川区|篠崎町4丁目,257129.26726158903,1,8678.682681567983,荒川
江戸川区|篠崎町4丁目,257129.26726158903,1,3238.632421963525,荒川
江戸川区|篠崎町4丁目,257129.26726158903,1,129.68551602614806,荒川
江戸川区|篠崎町4丁目,257129.26726158903,1,3500.712412151105,荒川
江戸川区|篠崎町4丁目,257129.26726158903,1,78.8513359867126,荒川
江戸川区|篠崎町4丁目,257129.26726158903,1,3975.2817738428816,荒川
江戸川区|篠崎町4丁目,257129.26726158903,1,54296.41671683187,荒川
江戸川区|篠崎町4丁目,257129.26726158903,1,25.932432822207307,荒川
江戸川区|篠崎町4丁目,257129.26726158903,1,103.95153042675084,荒川
江戸川区|篠崎町4丁目,257129.26726158903,1,512.6339170989794,荒川
江戸川区|篠崎町4丁目,257129.26726158903,1,26.143891321533115,荒川
江戸川区|篠崎町4丁目,257129.26726158903,1,653.6293118411452,荒川
江戸川区|篠崎町4丁目,257129.26726158903,1,1021.341348111868,荒川
江戸川区|篠崎町4丁目,257129.26726158903,1,2269.493341695548,荒川
江戸川区|篠崎町4丁目,257129.26726158903,1,3242.0594049221627,荒川
江戸川区|篠崎町4丁目,257129.26726158903,1,38.43397216842012,荒川
江戸川区|篠崎町4丁目,257129.26726158903,2,87512.91421838634,荒川
江戸川区|篠崎町4丁目,257129.26726158903,2,181.75309768818212,荒川
江戸川区|篠崎町4丁目,257129.26726158903,2,26.14267960759289,荒川
江戸川区|篠崎町4丁目,257129.26726158903,2,26.142482407584197,荒川
江戸川区|篠崎町4丁目,257129.26726158903,2,31.132459236470833,荒川
江戸川区|篠崎町4丁目,257129.26726158903,2,26.142591044738136,荒川
江戸川区|篠崎町4丁目,257129.26726158903,2,26.14315291009053,荒川
江戸川区|篠崎町4丁目,257129.26726158903,2,25.932118804779382,荒川
江戸川区|篠崎町4丁目,257129.26726158903,2,51.66362013255772,荒川
江戸川区|篠崎町4丁目,257129.26726158903,2,1046.910119261337,荒川
江戸川区|篠崎町4丁目,257129.26726158903,2,25.932789764213176,荒川
江戸川区|篠崎町4丁目,257129.26726158903,2,26.143846945726548,荒川
江戸川区|篠崎町4丁目,257129.26726158903,2,25.52139919735496,荒川
江戸川区|篠崎町4丁目,257129.26726158903,2,131.3490793355881,荒川
江戸川区|篠崎町4丁目,257129.26726158903,2,103.74027522792889,荒川
江戸川区|篠崎町4丁目,257129.26726158903,2,441.2739112868073,荒川
江戸川区|篠崎町4丁目,257129.26726158903,2,26.565086489692067,荒川
江戸川区|篠崎町4丁目,257129.26726158903,2,26.565087575226883,荒川
江戸川区|篠崎町4丁目,257129.26726158903,2,129.4724053389442,荒川
江戸川区|篠崎町4丁目,257129.26726158903,2,242.25154091708825,荒川
江戸川区|篠崎町4丁目,257129.26726158903,2,3137.695268457334,荒川
江戸川区|篠崎町4丁目,257129.26726158903,2,51.45483361297069,荒川
江戸川区|篠崎町4丁目,257129.26726158903,2,76.36027725043152,荒川
江戸川区|篠崎町4丁目,257129.26726158903,2,26.144189288521524,荒川
江戸川区|篠崎町4丁目,257129.26726158903,2,77.80982755685419,荒川
江戸川区|篠崎町4丁目,257129.26726158903,2,26.56557020113523,荒川
江戸川区|篠崎町4丁目,257129.26726158903,2,77.5993285347112,荒川
江戸川区|篠崎町4丁目,257129.26726158903,2,79.06452974325026,荒川
江戸川区|篠崎町4丁目,257129.26726158903,2,78.64213520579601,荒川
江戸川区|篠崎町4丁目,257129.26726158903,2,26.14414014495037,荒川
江戸川区|篠崎町4丁目,257129.26726158903,2,51.45182371368567,荒川
江戸川区|篠崎町4丁目,257129.26726158903,2,52.28814089864587,荒川
江戸川区|篠崎町4丁目,257129.26726158903,2,25.521713054997274,荒川
江戸川区|篠崎町4丁目,257129.26726158903,2,837.0898755667607,荒川
江戸川区|篠崎町4丁目,257129.26726158903,2,52.49986390152522,荒川
江戸川区|篠崎町5丁目,140251.2480982047,1,24980.37149238853,荒川
江戸川区|篠崎町5丁目,140251.2480982047,1,312.05980991875253,荒川
江戸川区|篠崎町5丁目,140251.2480982047,1,366.64700420277035,荒川
江戸川区|篠崎町5丁目,140251.2480982047,1,1225.8541884696845,荒川
江戸川区|篠崎町5丁目,140251.2480982047,1,1.3923707774368497,荒川
江戸川区|篠崎町5丁目,140251.2480982047,1,42773.20326228235,荒川
江戸川区|篠崎町5丁目,140251.2480982047,1,420.6183960951085,荒川
江戸川区|篠崎町5丁目,140251.2480982047,1,1854.8248589736866,荒川
江戸川区|篠崎町5丁目,140251.2480982047,1,4546.740636310809,荒川
江戸川区|篠崎町5丁目,140251.2480982047,1,0.25031217696611213,荒川
江戸川区|篠崎町5丁目,140251.2480982047,2,37396.292133426614,荒川
江戸川区|篠崎町5丁目,140251.2480982047,2,25.520219007097445,荒川
江戸川区|篠崎町5丁目,140251.2480982047,2,259.14294383314507,荒川
江戸川区|篠崎町5丁目,140251.2480982047,2,0.06998236970518391,荒川
江戸川区|篠崎町5丁目,140251.2480982047,2,26.142892758900388,荒川
江戸川区|篠崎町5丁目,140251.2480982047,2,105.4113590100988,荒川
江戸川区|篠崎町5丁目,140251.2480982047,2,67.95237311044703,荒川
江戸川区|篠崎町5丁目,140251.2480982047,2,41.97871685674217,荒川
江戸川区|篠崎町5丁目,140251.2480982047,2,43.55692019052795,荒川
江戸川区|篠崎町5丁目,140251.2480982047,2,141.76894079349987,荒川
江戸川区|篠崎町5丁目,140251.2480982047,2,26.14237023406293,荒川
江戸川区|篠崎町5丁目,140251.2480982047,2,523.0898972810731,荒川
江戸川区|篠崎町5丁目,140251.2480982047,2,835.3537429928409,荒川
江戸川区|篠崎町5丁目,140251.2480982047,2,51.662498310050054,荒川
江戸川区|篠崎町5丁目,140251.2480982047,2,26.56414216867721,荒川
江戸川区|篠崎町6丁目,195214.11614343734,1,36810.154792017944,荒川
江戸川区|篠崎町6丁目,195214.11614343734,1,394.0627230421669,荒川
江戸川区|篠崎町6丁目,195214.11614343734,1,2408.923684778975,荒川
江戸川区|篠崎町6丁目,195214.11614343734,1,79.0638419964734,荒川
江戸川区|篠崎町6丁目,195214.11614343734,1,4782.137847717156,荒川
江戸川区|篠崎町6丁目,195214.11614343734,1,29368.85614530273,荒川
江戸川区|篠崎町6丁目,195214.11614343734,1,3320.7977274063883,荒川
江戸川区|篠崎町6丁目,195214.11614343734,1,103.94962379689511,荒川
江戸川区|篠崎町6丁目,195214.11614343734,1,550.7111820544793,荒川
江戸川区|篠崎町6丁目,195214.11614343734,1,83.79756355293759,荒川
江戸川区|篠崎町6丁目,195214.11614343734,1,425.8258106531455,荒川
江戸川区|篠崎町6丁目,195214.11614343734,1,1722.4246440276775,荒川
江戸川区|篠崎町6丁目,195214.11614343734,1,471.6533727923401,荒川
江戸川区|篠崎町6丁目,195214.11614343734,1,365.4058837840301,荒川
江戸川区|篠崎町6丁目,195214.11614343734,1,887.8869408720104,荒川
江戸川区|篠崎町6丁目,195214.11614343734,1,2276.7295720725833,荒川
江戸川区|篠崎町6丁目,195214.11614343734,1,26.14315304542761,荒川
江戸川区|篠崎町6丁目,195214.11614343734,2,101375.25631559435,荒川
江戸川区|篠崎町6丁目,195214.11614343734,2,51.6627351351197,荒川
江戸川区|篠崎町6丁目,195214.11614343734,2,25.52017732750776,荒川
江戸川区|篠崎町6丁目,195214.11614343734,2,25.931833810553247,荒川
江戸川区|篠崎町6丁目,195214.11614343734,2,52.70690446893699,荒川
江戸川区|篠崎町6丁目,195214.11614343734,2,182.38599000384946,荒川
江戸川区|篠崎町6丁目,195214.11614343734,2,25.520091712159022,荒川
江戸川区|篠崎町6丁目,195214.11614343734,2,52.707197708323605,荒川
江戸川区|篠崎町6丁目,195214.11614343734,2,26.494445968923365,荒川
江戸川区|篠崎町6丁目,195214.11614343734,2,25.93199440066993,荒川
江戸川区|篠崎町6丁目,195214.11614343734,2,25.521359379644437,荒川
江戸川区|篠崎町6丁目,195214.11614343734,2,26.142921735892156,荒川
江戸川区|篠崎町6丁目,195214.11614343734,2,25.93210825306488,荒川
江戸川区|篠崎町6丁目,195214.11614343734,2,2.6238805217433514,荒川
江戸川区|篠崎町6丁目,195214.11614343734,2,53.13088988001668,荒川
江戸川区|篠崎町7丁目,225483.16085467653,1,4939.781713316397,荒川
江戸川区|篠崎町7丁目,225483.16085467653,1,523.4772162989609,荒川
江戸川区|篠崎町7丁目,225483.16085467653,1,3763.170112914563,荒川
江戸川区|篠崎町7丁目,225483.16085467653,1,104.3644985369774,荒川
江戸川区|篠崎町7丁目,225483.16085467653,1,156.85810510667358,荒川
江戸川区|篠崎町7丁目,225483.16085467653,1,391.09157063809477,荒川
江戸川区|篠崎町7丁目,225483.16085467653,1,4186.48701793001,荒川
江戸川区|篠崎町7丁目,225483.16085467653,1,471.19988592378945,荒川
江戸川区|篠崎町7丁目,225483.16085467653,1,235.07824390737798,荒川
江戸川区|篠崎町7丁目,225483.16085467653,1,182.58561809235877,荒川
江戸川区|篠崎町7丁目,225483.16085467653,1,3369.3198059565057,荒川
江戸川区|篠崎町7丁目,225483.16085467653,1,10329.968495134171,荒川
江戸川区|篠崎町7丁目,225483.16085467653,1,808.9771436305357,荒川
江戸川区|篠崎町7丁目,225483.16085467653,1,26.563402220041596,荒川
江戸川区|篠崎町7丁目,225483.16085467653,1,470.36544630527135,荒川
江戸川区|篠崎町7丁目,225483.16085467653,1,29176.873436960766,荒川
江戸川区|篠崎町7丁目,225483.16085467653,1,26.142190554094793,荒川
江戸川区|篠崎町7丁目,225483.16085467653,1,653.5843800674276,荒川
江戸川区|篠崎町7丁目,225483.16085467653,1,1935.04090237706,荒川
江戸川区|篠崎町7丁目,225483.16085467653,1,3137.861909307509,荒川
江戸川区|篠崎町7丁目,225483.16085467653,1,3137.035576420054,荒川
江戸川区|篠崎町7丁目,225483.16085467653,1,26.141963190434943,荒川
江戸川区|篠崎町7丁目,225483.16085467653,1,26.563689541217144,荒川
江戸川区|篠崎町7丁目,225483.16085467653,1,1098.2493542921293,荒川
江戸川区|篠崎町7丁目,225483.16085467653,1,1151.7892750208046,荒川
江戸川区|篠崎町7丁目,225483.16085467653,2,152111.63895262472,荒川
江戸川区|篠崎町7丁目,225483.16085467653,2,26.14085305194899,荒川
江戸川区|篠崎町7丁目,225483.16085467653,2,52.70407981451621,荒川
江戸川区|篠崎町7丁目,225483.16085467653,2,26.563019318662107,荒川
江戸川区|篠崎町7丁目,225483.16085467653,2,51.66079183376685,荒川
江戸川区|篠崎町7丁目,225483.16085467653,2,26.563580544822628,荒川
江戸川区|篠崎町7丁目,225483.16085467653,2,26.56371610703878,荒川
江戸川区|篠崎町7丁目,225483.16085467653,2,131.97573442531677,荒川
江戸川区|篠崎町7丁目,225483.16085467653,2,26.563588038303045,荒川
江戸川区|篠崎町7丁目,225483.16085467653,2,26.56400205793004,荒川
江戸川区|篠崎町7丁目,225483.16085467653,2,25.505186069749332,荒川
江戸川区|篠崎町8丁目,137930.24507557045,1,1960.0807002086028,荒川
江戸川区|篠崎町8丁目,137930.24507557045,1,130.717043135542,荒川
江戸川区|篠崎町8丁目,137930.24507557045,1,525.5925977781061,荒川
江戸川区|篠崎町8丁目,137930.24507557045,1,1100.5187959226726,荒川
江戸川区|篠崎町8丁目,137930.24507557045,1,471.4080419012247,荒川
江戸川区|篠崎町8丁目,137930.24507557045,1,470.36795199388376,荒川
江戸川区|篠崎町8丁目,137930.24507557045,1,3895.9896521167425,荒川
江戸川区|篠崎町8丁目,137930.24507557045,1,79.05660015075217,荒川
江戸川区|篠崎町8丁目,137930.24507557045,1,1441.6512633826783,荒川
江戸川区|篠崎町8丁目,137930.24507557045,1,2820.573578774782,荒川
江戸川区|篠崎町8丁目,137930.24507557045,1,1357.1474011653825,荒川
江戸川区|篠崎町8丁目,137930.24507557045,1,156.85866385959594,荒川
江戸川区|篠崎町8丁目,137930.24507557045,1,705.2572704297077,荒川
江戸川区|篠崎町8丁目,137930.24507557045,1,5004.051460436995,荒川
江戸川区|篠崎町8丁目,137930.24507557045,1,1614.2205566033754,荒川
江戸川区|篠崎町8丁目,137930.24507557045,1,417.26337547788836,荒川
江戸川区|篠崎町8丁目,137930.24507557045,1,52.706143876817215,荒川
江戸川区|篠崎町8丁目,137930.24507557045,1,944.5366131185513,荒川
江戸川区|篠崎町8丁目,137930.24507557045,1,365.60602214650515,荒川
江戸川区|篠崎町8丁目,137930.24507557045,1,1487.6868668641123,荒川
江戸川区|篠崎町8丁目,137930.24507557045,1,1231.8965484020648,荒川
江戸川区|篠崎町8丁目,137930.24507557045,2,106877.57842793422,荒川
江戸川区|篠崎町8丁目,137930.24507557045,2,25.518798128479837,荒川
江戸川区|篠崎町8丁目,137930.24507557045,2,209.5657136855728,荒川
江戸川区|篠崎町8丁目,137930.24507557045,2,26.56384970387714,荒川
江戸川区|東篠崎2丁目,346498.49653099966,1,26.567158822264503,荒川
江戸川区|東篠崎2丁目,346498.49653099966,1,60403.9664476051,荒川
江戸川区|東篠崎2丁目,346498.49653099966,1,0.11400860238152472,荒川
江戸川区|東篠崎2丁目,346498.49653099966,1,997.7917720003176,荒川
江戸川区|東篠崎2丁目,346498.49653099966,1,0.8334056190831957,荒川
江戸川区|東篠崎2丁目,346498.49653099966,1,5842.525313653925,荒川
江戸川区|東篠崎2丁目,346498.49653099966,1,630.7088733172415,荒川
江戸川区|東篠崎2丁目,346498.49653099966,1,20321.96680675611,荒川
江戸川区|東篠崎2丁目,346498.49653099966,1,444.1069401009139,荒川
江戸川区|東篠崎2丁目,346498.49653099966,1,51.67170639435248,荒川
江戸川区|東篠崎2丁目,346498.49653099966,1,497.03651451704343,荒川
江戸川区|東篠崎2丁目,346498.49653099966,1,78.02998093938717,荒川
江戸川区|東篠崎2丁目,346498.49653099966,2,42823.445732085565,荒川
江戸川区|東篠崎2丁目,346498.49653099966,2,25.522660384046155,荒川
江戸川区|東篠崎2丁目,346498.49653099966,2,157.92708008504832,荒川
江戸川区|東篠崎2丁目,346498.49653099966,2,52.71321356089455,荒川
江戸川区|東篠崎2丁目,346498.49653099966,2,364.8042761485513,荒川
江戸川区|東篠崎2丁目,346498.49653099966,2,674.8732907115503,荒川
江戸川区|東篠崎2丁目,346498.49653099966,2,6576.655978670579,荒川
江戸川区|東篠崎2丁目,346498.49653099966,2,4002.673126082138,荒川
江戸川区|東篠崎2丁目,346498.49653099966,2,25.936350526187475,荒川
江戸川区|東篠崎2丁目,346498.49653099966,2,26.147228496367383,荒川
江戸川区|東篠崎2丁目,346498.49653099966,2,26.56818189492869,荒川
江戸川区|東篠崎2丁目,346498.49653099966,2,181.78079012683352,荒川
江戸川区|東篠崎2丁目,346498.49653099966,2,26.56810644189941,荒川
江戸川区|東篠崎2丁目,346498.49653099966,2,3292.6311825072758,荒川
江戸川区|東篠崎2丁目,346498.49653099966,2,26.146856330290845,荒川
江戸川区|東篠崎2丁目,346498.49653099966,2,157.10455237089434,荒川
江戸川区|西篠崎1丁目,98598.12356917922,1,43695.40025653809,荒川
江戸川区|西篠崎1丁目,98598.12356917922,1,93.26645436194833,荒川
江戸川区|西篠崎1丁目,98598.12356917922,1,390.8631027634242,荒川
江戸川区|西篠崎1丁目,98598.12356917922,1,3676.6702147239944,荒川
江戸川区|西篠崎1丁目,98598.12356917922,1,4.552507855677558,荒川
江戸川区|西篠崎1丁目,98598.12356917922,1,948.6568100527004,荒川
江戸川区|西篠崎1丁目,98598.12356917922,1,2223.175987675889,荒川
江戸川区|西篠崎1丁目,98598.12356917922,1,1540.207575112897,荒川
江戸川区|西篠崎1丁目,98598.12356917922,1,51.65577211116746,荒川
江戸川区|西篠崎1丁目,98598.12356917922,1,1673.623754807475,荒川
江戸川区|西篠崎1丁目,98598.12356917922,1,236.93854379589897,荒川
江戸川区|西篠崎1丁目,98598.12356917922,2,34658.69180946821,荒川
江戸川区|西篠崎1丁目,98598.12356917922,2,79.74170023698566,荒川
江戸川区|西篠崎1丁目,98598.12356917922,2,18.0660868926764,荒川
江戸川区|西篠崎1丁目,98598.12356917922,2,25.273729144013224,荒川
江戸川区|西篠崎1丁目,98598.12356917922,2,6.406599279160375,荒川
江戸川区|西篠崎1丁目,98598.12356917922,2,1.4749661605539783,荒川
江戸川区|西篠崎1丁目,98598.12356917922,2,154.3029438179481,荒川
江戸川区|西篠崎1丁目,98598.12356917922,2,207.454883884466,荒川
江戸川区|西篠崎1丁目,98598.12356917922,2,1.7086248620963087,荒川
江戸川区|西篠崎1丁目,98598.12356917922,2,42.410407333056185,荒川
江戸川区|西篠崎1丁目,98598.12356917922,2,26.56047747256496,荒川
江戸川区|西篠崎1丁目,98598.12356917922,2,26.13888378396164,荒川
江戸川区|西篠崎1丁目,98598.12356917922,2,3.1310695006136884,荒川
江戸川区|西篠崎1丁目,98598.12356917922,2,26.560724102407832,荒川
江戸川区|西篠崎1丁目,98598.12356917922,2,11.006267137446118,荒川
江戸川区|西篠崎1丁目,98598.12356917922,2,52.69863076628631,荒川
江戸川区|西篠崎1丁目,98598.12356917922,2,79.2587814090086,荒川
江戸川区|西篠崎1丁目,98598.12356917922,2,25.927752811783076,荒川
江戸川区|西篠崎1丁目,98598.12356917922,2,156.84198159002335,荒川
江戸川区|西篠崎2丁目,122158.20512235617,1,56939.40981548046,荒川
江戸川区|西篠崎2丁目,122158.20512235617,1,7526.103787434988,荒川
江戸川区|西篠崎2丁目,122158.20512235617,1,521.9844344887529,荒川
江戸川区|西篠崎2丁目,122158.20512235617,1,733.6224305146449,荒川
江戸川区|西篠崎2丁目,122158.20512235617,1,782.5720526988034,荒川
江戸川区|西篠崎2丁目,122158.20512235617,1,444.19171273942806,荒川
江戸川区|西篠崎2丁目,122158.20512235617,1,0.02679381998922016,荒川
江戸川区|西篠崎2丁目,122158.20512235617,1,25.517301852360575,荒川
江戸川区|西篠崎2丁目,122158.20512235617,1,26.139348959379138,荒川
江戸川区|西篠崎2丁目,122158.20512235617,1,0.004589268529178864,荒川
江戸川区|西篠崎2丁目,122158.20512235617,2,46183.55709357528,荒川
江戸川区|西篠崎2丁目,122158.20512235617,2,52.490252957258505,荒川
江戸川区|西篠崎2丁目,122158.20512235617,2,599.581704054277,荒川
江戸川区|西篠崎2丁目,122158.20512235617,2,25.92907180970861,荒川
江戸川区|西篠崎2丁目,122158.20512235617,2,27.996214424022302,荒川
江戸川区|西篠崎2丁目,122158.20512235617,2,25.517539735899767,荒川
江戸川区|西篠崎2丁目,122158.20512235617,2,26.56154361944872,荒川
江戸川区|西篠崎2丁目,122158.20512235617,2,757.9011140023908,荒川
江戸川区|西篠崎2丁目,122158.20512235617,2,52.490872113827386,荒川
江戸川区|西篠崎2丁目,122158.20512235617,2,52.280119283228274,荒川
江戸川区|西篠崎2丁目,122158.20512235617,2,52.490952582298476,荒川
江戸川区|西篠崎2丁目,122158.20512235617,2,26.140303953202416,荒川
江戸川区|西篠崎2丁目,122158.20512235617,2,79.05274277084565,荒川
江戸川区|西篠崎2丁目,122158.20512235617,2,391.7110564343287,荒川
江戸川区|西篠崎2丁目,122158.20512235617,2,79.0532191477863,荒川
江戸川区|西篠崎2丁目,122158.20512235617,2,234.86018788942732,荒川
江戸川区|西篠崎2丁目,122158.20512235617,2,26.561024393917265,荒川
江戸川区|西篠崎2丁目,122158.20512235617,2,26.139529655770662,荒川
江戸川区|南篠崎町1丁目,247857.62521105795,1,0.18987730186371513,荒川
江戸川区|南篠崎町1丁目,247857.62521105795,1,19.32353311547082,荒川
江戸川区|南篠崎町1丁目,247857.62521105795,1,20.636827237596428,荒川
江戸川区|南篠崎町1丁目,247857.62521105795,1,1018.2237163803794,荒川
江戸川区|南篠崎町1丁目,247857.62521105795,1,314.79467253567003,荒川
江戸川区|南篠崎町1丁目,247857.62521105795,1,1.4376614950665594,荒川
江戸川区|南篠崎町1丁目,247857.62521105795,1,25.522500489629635,荒川
江戸川区|南篠崎町1丁目,247857.62521105795,1,836.694613500039,荒川
江戸川区|南篠崎町1丁目,247857.62521105795,1,1700.5991945096096,荒川
江戸川区|南篠崎町1丁目,247857.62521105795,1,4339.327637021769,荒川
江戸川区|南篠崎町1丁目,247857.62521105795,1,3527.430252961287,荒川
江戸川区|南篠崎町1丁目,247857.62521105795,1,234.90464192025206,荒川
江戸川区|南篠崎町1丁目,247857.62521105795,1,52.70992687669216,荒川
江戸川区|南篠崎町1丁目,247857.62521105795,1,4970.0280419410665,荒川
江戸川区|南篠崎町1丁目,247857.62521105795,1,1176.404300327366,荒川
江戸川区|南篠崎町1丁目,247857.62521105795,1,1936.142353127075,荒川
江戸川区|南篠崎町1丁目,247857.62521105795,1,6533.427748119145,荒川
江戸川区|南篠崎町1丁目,247857.62521105795,1,11741.363860238616,荒川
江戸川区|南篠崎町1丁目,247857.62521105795,1,1568.4018581704056,荒川
江戸川区|南篠崎町1丁目,247857.62521105795,1,3910.3849427909813,荒川
江戸川区|南篠崎町1丁目,247857.62521105795,1,2379.1874672827807,荒川
江戸川区|南篠崎町1丁目,247857.62521105795,1,26.567153903977275,荒川
江戸川区|南篠崎町1丁目,247857.62521105795,1,391.79022251394775,荒川
江戸川区|南篠崎町1丁目,247857.62521105795,1,990.8669608055875,荒川
江戸川区|南篠崎町1丁目,247857.62521105795,1,4918.236241563141,荒川
江戸川区|南篠崎町1丁目,247857.62521105795,1,3767.7201379952403,荒川
江戸川区|南篠崎町1丁目,247857.62521105795,1,642.0779912991304,荒川
江戸川区|南篠崎町1丁目,247857.62521105795,1,11790.228831963539,荒川
江戸川区|南篠崎町1丁目,247857.62521105795,1,0.42168923673985115,荒川
江戸川区|南篠崎町1丁目,247857.62521105795,1,312.51120698104097,荒川
江戸川区|南篠崎町1丁目,247857.62521105795,1,26.14562847433101,荒川
江戸川区|南篠崎町1丁目,247857.62521105795,1,4677.90968390288,荒川
江戸川区|南篠崎町1丁目,247857.62521105795,1,5049.84646375584,荒川
江戸川区|南篠崎町1丁目,247857.62521105795,1,5591.6154884225925,荒川
江戸川区|南篠崎町1丁目,247857.62521105795,1,12761.966275960984,荒川
江戸川区|南篠崎町1丁目,247857.62521105795,1,365.4273814049619,荒川
江戸川区|南篠崎町1丁目,247857.62521105795,1,1986.096273531764,荒川
江戸川区|南篠崎町1丁目,247857.62521105795,2,123637.75979409047,荒川
江戸川区|南篠崎町1丁目,247857.62521105795,2,25.93410747908939,荒川
江戸川区|南篠崎町1丁目,247857.62521105795,2,25.934389599372196,荒川
江戸川区|南篠崎町1丁目,247857.62521105795,2,78.02461152669109,荒川
江戸川区|南篠崎町1丁目,247857.62521105795,2,51.66814377306288,荒川
江戸川区|南篠崎町1丁目,247857.62521105795,2,25.93355310830114,荒川
江戸川区|南篠崎町1丁目,247857.62521105795,2,79.06952413993785,荒川
江戸川区|南篠崎町1丁目,247857.62521105795,2,25.523126938959006,荒川
江戸川区|南篠崎町1丁目,247857.62521105795,2,26.566418964229296,荒川
江戸川区|南篠崎町1丁目,247857.62521105795,2,26.144729366667647,荒川
江戸川区|南篠崎町1丁目,247857.62521105795,2,26.144773062803047,荒川
江戸川区|南篠崎町1丁目,247857.62521105795,2,26.566262886530545,荒川
江戸川区|南篠崎町1丁目,247857.62521105795,2,26.56658235173601,荒川
江戸川区|南篠崎町1丁目,247857.62521105795,2,287.6137386955792,荒川
江戸川区|南篠崎町1丁目,247857.62521105795,2,157.3014786928717,荒川
江戸川区|南篠崎町1丁目,247857.62521105795,2,26.566454057286755,荒川
江戸川区|南篠崎町1丁目,247857.62521105795,2,26.144762579702103,荒川
江戸川区|南篠崎町1丁目,247857.62521105795,2,26.144773708693695,荒川
江戸川区|南篠崎町1丁目,247857.62521105795,2,26.144985386224537,荒川
江戸川区|南篠崎町1丁目,247857.62521105795,2,52.50085629895949,荒川
江戸川区|南篠崎町1丁目,247857.62521105795,2,26.566493361671007,荒川
江戸川区|南篠崎町1丁目,247857.62521105795,2,77.60187954040724,荒川
江戸川区|南篠崎町1丁目,247857.62521105795,2,51.45672830692863,荒川
江戸川区|南篠崎町2丁目,207404.0443646977,1,2667.820139625976,荒川
江戸川区|南篠崎町2丁目,207404.0443646977,1,8.45148694419554,荒川
江戸川区|南篠崎町2丁目,207404.0443646977,1,1175.1774267100038,荒川
江戸川区|南篠崎町2丁目,207404.0443646977,1,499.9548765921482,荒川
江戸川区|南篠崎町2丁目,207404.0443646977,1,2456.4701938912185,荒川
江戸川区|南篠崎町2丁目,207404.0443646977,2,200596.170451798,荒川
江戸川区|南篠崎町3丁目,103634.82792989153,1,27015.557163746715,荒川
江戸川区|南篠崎町3丁目,103634.82792989153,1,418.1395755117505,荒川
江戸川区|南篠崎町3丁目,103634.82792989153,1,391.7846948154265,荒川
江戸川区|南篠崎町3丁目,103634.82792989153,1,1204.4215265379628,荒川
江戸川区|南篠崎町3丁目,103634.82792989153,1,25.52261143890621,荒川
江戸川区|南篠崎町3丁目,103634.82792989153,1,469.1695010139434,荒川
江戸川区|南篠崎町3丁目,103634.82792989153,1,471.470146707626,荒川
江戸川区|南篠崎町3丁目,103634.82792989153,2,70129.13258890824,荒川
江戸川区|南篠崎町3丁目,103634.82792989153,2,26.14460380636988,荒川
江戸川区|南篠崎町3丁目,103634.82792989153,2,52.711221589078065,荒川
江戸川区|南篠崎町3丁目,103634.82792989153,2,114.84833743227742,荒川
江戸川区|南篠崎町3丁目,103634.82792989153,2,26.144941009747896,荒川
江戸川区|南篠崎町3丁目,103634.82792989153,2,24.7995024897866,荒川
江戸川区|南篠崎町4丁目,234306.7048122982,1,93751.88465680624,荒川
江戸川区|南篠崎町4丁目,234306.7048122982,1,209.16042535314892,荒川
江戸川区|南篠崎町4丁目,234306.7048122982,1,105.6292614633815,荒川
江戸川区|南篠崎町4丁目,234306.7048122982,1,495.7166848800995,荒川
江戸川区|南篠崎町4丁目,234306.7048122982,1,4808.499275554864,荒川
江戸川区|南篠崎町4丁目,234306.7048122982,1,79.06419803672091,荒川
江戸川区|南篠崎町4丁目,234306.7048122982,1,5856.436113417556,荒川
江戸川区|南篠崎町4丁目,234306.7048122982,1,523.1204092795489,荒川
江戸川区|南篠崎町4丁目,234306.7048122982,1,6426.999495724534,荒川
江戸川区|南篠崎町4丁目,234306.7048122982,1,260.20645177795825,荒川
江戸川区|南篠崎町4丁目,234306.7048122982,1,26.144179113751107,荒川
江戸川区|南篠崎町4丁目,234306.7048122982,1,1931.2409332170919,荒川
江戸川区|南篠崎町4丁目,234306.7048122982,1,2300.2177913680575,荒川
江戸川区|南篠崎町4丁目,234306.7048122982,1,26.56587800245105,荒川
江戸川区|南篠崎町4丁目,234306.7048122982,1,156.87620356570815,荒川
江戸川区|南篠崎町4丁目,234306.7048122982,1,130.73222984172207,荒川
江戸川区|南篠崎町4丁目,234306.7048122982,1,26.14444397154716,荒川
江戸川区|南篠崎町4丁目,234306.7048122982,1,758.6619604493745,荒川
江戸川区|南篠崎町4丁目,234306.7048122982,1,1493.0496752802715,荒川
江戸川区|南篠崎町4丁目,234306.7048122982,2,100569.02000170723,荒川
江戸川区|南篠崎町4丁目,234306.7048122982,2,26.565528740688812,荒川
江戸川区|南篠崎町4丁目,234306.7048122982,2,25.933029331099167,荒川
江戸川区|南篠崎町4丁目,234306.7048122982,2,26.143880299191252,荒川
江戸川区|南篠崎町4丁目,234306.7048122982,2,23.519437853545945,荒川
江戸川区|南篠崎町4丁目,234306.7048122982,2,25.52122800169375,荒川
江戸川区|南篠崎町4丁目,234306.7048122982,2,157.29480965086242,荒川
江戸川区|南篠崎町4丁目,234306.7048122982,2,26.14371023966028,荒川
江戸川区|南篠崎町4丁目,234306.7048122982,2,26.143936899413823,荒川
江戸川区|南篠崎町4丁目,234306.7048122982,2,79.69522881403101,荒川
江戸川区|南篠崎町4丁目,234306.7048122982,2,26.143960638411116,荒川
江戸川区|南篠崎町4丁目,234306.7048122982,2,26.565366081721166,荒川
江戸川区|南篠崎町4丁目,234306.7048122982,2,52.49826356789553,荒川
江戸川区|南篠崎町4丁目,234306.7048122982,2,53.13080024508636,荒川
江戸川区|南篠崎町4丁目,234306.7048122982,2,26.56540676406354,荒川
江戸川区|南篠崎町4丁目,234306.7048122982,2,26.14352430392176,荒川
江戸川区|南篠崎町4丁目,234306.7048122982,2,26.56543383953436,荒川
江戸川区|南篠崎町4丁目,234306.7048122982,2,235.51412740165057,荒川
江戸川区|南篠崎町4丁目,234306.7048122982,2,52.71043815742265,荒川
江戸川区|南篠崎町4丁目,234306.7048122982,2,25.93294984430539,荒川
江戸川区|南篠崎町4丁目,234306.7048122982,2,52.70938018543952,荒川
江戸川区|南篠崎町4丁目,234306.7048122982,2,25.933548744649617,荒川
江戸川区|南篠崎町4丁目,234306.7048122982,2,15.88565505948745,荒川
江戸川区|南篠崎町4丁目,234306.7048122982,2,1.3454388007355322,荒川
江戸川区|南篠崎町5丁目,135685.54177856861,1,914.3198036120064,荒川
江戸川区|南篠崎町5丁目,135685.54177856861,1,14.180379356110377,荒川
江戸川区|南篠崎町5丁目,135685.54177856861,1,24780.208048422617,荒川
江戸川区|南篠崎町5丁目,135685.54177856861,1,26.145647838916062,荒川
江戸川区|南篠崎町5丁目,135685.54177856861,1,1710.6168433430757,荒川
江戸川区|南篠崎町5丁目,135685.54177856861,1,157.92389988820673,荒川
江戸川区|南篠崎町5丁目,135685.54177856861,2,74938.94284303284,荒川
江戸川区|南篠崎町5丁目,135685.54177856861,2,26.145872727853295,荒川
江戸川区|南篠崎町5丁目,135685.54177856861,2,26.567369344049787,荒川
江戸川区|南篠崎町5丁目,135685.54177856861,2,59.96750253965161,荒川
江戸川区|南篠崎町5丁目,135685.54177856861,2,15.837196685595302,荒川
江戸川区|南篠崎町5丁目,135685.54177856861,2,2835.409285945198,荒川
江戸川区|南篠崎町5丁目,135685.54177856861,2,208.54829436284027,荒川
江戸川区|下篠崎町,123371.87841366716,1,7683.812888031559,荒川
江戸川区|下篠崎町,123371.87841366716,1,656.7849617224243,荒川
江戸川区|下篠崎町,123371.87841366716,1,73.57363479107765,荒川
江戸川区|下篠崎町,123371.87841366716,1,11.733561316098598,荒川
江戸川区|下篠崎町,123371.87841366716,1,4896.251008641299,荒川
江戸川区|下篠崎町,123371.87841366716,1,156.34189068268233,荒川
江戸川区|下篠崎町,123371.87841366716,2,163.70576933489141,荒川
江戸川区|下篠崎町,123371.87841366716,2,44.82264225038733,荒川
江戸川区|下篠崎町,123371.87841366716,2,10.729070237149994,荒川
江戸川区|船堀1丁目,296486.85399245104,2,11952.414695580845,荒川
江戸川区|船堀1丁目,296486.85399245104,2,3139.592283951285,荒川
江戸川区|船堀1丁目,296486.85399245104,2,1254.1388338466948,荒川
江戸川区|船堀1丁目,296486.85399245104,2,366.09521406752253,荒川
江戸川区|船堀1丁目,296486.85399245104,2,26.569803980787263,荒川
江戸川区|船堀1丁目,296486.85399245104,2,182.00284844261603,荒川
江戸川区|船堀1丁目,296486.85399245104,2,26.14829844756051,荒川
江戸川区|船堀1丁目,296486.85399245104,2,25.937448431641094,荒川
江戸川区|船堀1丁目,296486.85399245104,2,26.569885656542013,荒川
江戸川区|船堀1丁目,296486.85399245104,2,209.1958099374493,荒川
江戸川区|船堀1丁目,296486.85399245104,2,651.647326534423,荒川
江戸川区|船堀1丁目,296486.85399245104,2,26303.026863607014,荒川
江戸川区|船堀1丁目,296486.85399245104,2,341.40760641886413,荒川
江戸川区|船堀1丁目,296486.85399245104,2,26.14798978788449,荒川
江戸川区|船堀1丁目,296486.85399245104,2,51.673394435917174,荒川
江戸川区|船堀1丁目,296486.85399245104,3,140516.37888458994,荒川
江戸川区|船堀1丁目,296486.85399245104,3,26.569836105800512,荒川
江戸川区|船堀1丁目,296486.85399245104,3,26.14810957270751,荒川
江戸川区|船堀1丁目,296486.85399245104,3,25.52557887048898,荒川
江戸川区|船堀1丁目,296486.85399245104,3,52.29655954171349,荒川
江戸川区|船堀1丁目,296486.85399245104,3,51.674322051058375,荒川
江戸川区|船堀1丁目,296486.85399245104,3,26.14855280318649,荒川
江戸川区|船堀1丁目,296486.85399245104,4,655.8307568162869,荒川
江戸川区|船堀2丁目,404457.4088177776,2,41286.59909720921,荒川
江戸川区|船堀2丁目,404457.4088177776,2,78.86747845246182,荒川
江戸川区|船堀2丁目,404457.4088177776,2,1802.899953971274,荒川
江戸川区|船堀2丁目,404457.4088177776,2,914.0309594819563,荒川
江戸川区|船堀2丁目,404457.4088177776,2,617.5720776450471,荒川
江戸川区|船堀2丁目,404457.4088177776,2,3637.478494459748,荒川
江戸川区|船堀2丁目,404457.4088177776,3,184702.43819594584,荒川
江戸川区|船堀2丁目,404457.4088177776,3,131.58830030263147,荒川
江戸川区|船堀2丁目,404457.4088177776,3,26.570898421737226,荒川
江戸川区|船堀2丁目,404457.4088177776,3,260.1459590440941,荒川
江戸川区|船堀2丁目,404457.4088177776,3,25.526608569641553,荒川
江戸川区|船堀2丁目,404457.4088177776,3,13.172066746330064,荒川
江戸川区|船堀2丁目,404457.4088177776,3,26.149132222756997,荒川
江戸川区|船堀2丁目,404457.4088177776,3,25.526884133223806,荒川
江戸川区|船堀3丁目,157376.17794497468,2,11468.323821687027,荒川
江戸川区|船堀3丁目,157376.17794497468,2,2875.1156237236137,荒川
江戸川区|船堀3丁目,157376.17794497468,3,142875.82682185172,荒川
江戸川区|船堀3丁目,157376.17794497468,3,156.9116777122053,荒川
江戸川区|船堀4丁目,146609.2070545178,3,146609.20705451778,荒川
江戸川区|船堀5丁目,144865.99136663903,2,15844.479354013807,荒川
江戸川区|船堀5丁目,144865.99136663903,3,128689.36378235425,荒川
江戸川区|船堀5丁目,144865.99136663903,3,2.9334577276060863,荒川
江戸川区|船堀5丁目,144865.99136663903,3,56.11773020410559,荒川
江戸川区|船堀5丁目,144865.99136663903,3,126.49989268837793,荒川
江戸川区|船堀5丁目,144865.99136663903,3,146.59714965089964,荒川
江戸川区|船堀6丁目,124005.46912128272,2,18414.452617056388,荒川
江戸川区|船堀6丁目,124005.46912128272,2,2332.8608111645776,荒川
江戸川区|船堀6丁目,124005.46912128272,2,77.61814805804948,荒川
江戸川区|船堀6丁目,124005.46912128272,3,102892.02122832857,荒川
江戸川区|船堀6丁目,124005.46912128272,3,79.29527811237256,荒川
江戸川区|船堀6丁目,124005.46912128272,3,51.67846673539485,荒川
江戸川区|船堀6丁目,124005.46912128272,3,26.572455369856392,荒川
江戸川区|船堀6丁目,124005.46912128272,3,26.150476326253937,荒川
江戸川区|船堀6丁目,124005.46912128272,3,104.81964013134206,荒川
江戸川区|船堀7丁目,158301.79105675916,2,21277.33613149371,荒川
江戸川区|船堀7丁目,158301.79105675916,2,9051.118829541261,荒川
江戸川区|船堀7丁目,158301.79105675916,2,3189.1352576159748,荒川
江戸川区|船堀7丁目,158301.79105675916,2,25.528252192824255,荒川
江戸川区|船堀7丁目,158301.79105675916,2,1022.6749898290766,荒川
江戸川区|船堀7丁目,158301.79105675916,2,969.5098240391422,荒川
江戸川区|船堀7丁目,158301.79105675916,2,654.8418392115738,荒川
江戸川区|船堀7丁目,158301.79105675916,2,628.4801892130374,荒川
江戸川区|船堀7丁目,158301.79105675916,2,3373.4016747666738,荒川
江戸川区|船堀7丁目,158301.79105675916,2,26.150263843323096,荒川
江戸川区|船堀7丁目,158301.79105675916,2,469.89384089987817,荒川
江戸川区|船堀7丁目,158301.79105675916,2,2475.1764004604697,荒川
江戸川区|船堀7丁目,158301.79105675916,2,550.8673644907454,荒川
江戸川区|船堀7丁目,158301.79105675916,2,732.8889059289265,荒川
江戸川区|船堀7丁目,158301.79105675916,2,287.677200640461,荒川
江戸川区|船堀7丁目,158301.79105675916,3,113332.13909767522,荒川
江戸川区|船堀7丁目,158301.79105675916,3,25.52809632023097,荒川
江戸川区|船堀7丁目,158301.79105675916,3,105.86901709621722,荒川
江戸川区|船堀7丁目,158301.79105675916,3,0.0044356906701147,荒川
江戸川区|船堀7丁目,158301.79105675916,3,25.528173315046978,荒川
江戸川区|船堀7丁目,158301.79105675916,3,26.572612586958723,荒川
江戸川区|船堀7丁目,158301.79105675916,3,25.94064347419915,荒川
江戸川区|船堀7丁目,158301.79105675916,4,25.528016433267393,荒川
江戸川区|宇喜田町,258466.86747048583,2,37537.69645829456,荒川
江戸川区|宇喜田町,258466.86747048583,2,445.4298557577134,荒川
江戸川区|宇喜田町,258466.86747048583,2,2088.870387471138,荒川
江戸川区|宇喜田町,258466.86747048583,2,52.511176707715585,荒川
江戸川区|宇喜田町,258466.86747048583,2,25.527710295386527,荒川
江戸川区|宇喜田町,258466.86747048583,2,314.8682885598566,荒川
江戸川区|宇喜田町,258466.86747048583,2,391.4415573041596,荒川
江戸川区|宇喜田町,258466.86747048583,2,520.9507004041279,荒川
江戸川区|宇喜田町,258466.86747048583,2,2563.152565921635,荒川
江戸川区|宇喜田町,258466.86747048583,2,497.5477341288826,荒川
江戸川区|宇喜田町,258466.86747048583,3,26.150162947672513,荒川
江戸川区|宇喜田町,258466.86747048583,3,25.939078509011857,荒川
江戸川区|宇喜田町,258466.86747048583,3,213775.6504085254,荒川
江戸川区|宇喜田町,258466.86747048583,3,25.939604117961274,荒川
江戸川区|宇喜田町,258466.86747048583,3,26.150511892071265,荒川
江戸川区|宇喜田町,258466.86747048583,3,25.939803650405025,荒川
江戸川区|宇喜田町,258466.86747048583,3,123.10146599312611,荒川
江戸川区|新堀1丁目,224262.2970036675,1,1207.5818479422305,荒川
江戸川区|新堀1丁目,224262.2970036675,1,130.50763054078337,荒川
江戸川区|新堀1丁目,224262.2970036675,1,524.5380433417373,荒川
江戸川区|新堀1丁目,224262.2970036675,1,969.1707361612994,荒川
江戸川区|新堀1丁目,224262.2970036675,1,547.7576342030761,荒川
江戸川区|新堀1丁目,224262.2970036675,1,602.3363771883796,荒川
江戸川区|新堀1丁目,224262.2970036675,1,3872.8806853158767,荒川
江戸川区|新堀1丁目,224262.2970036675,1,914.5966369959848,荒川
江戸川区|新堀1丁目,224262.2970036675,1,990.7165799221922,荒川
江戸川区|新堀1丁目,224262.2970036675,1,3342.5815719282245,荒川
江戸川区|新堀1丁目,224262.2970036675,1,2040.7778405972679,荒川
江戸川区|新堀1丁目,224262.2970036675,1,287.57604211111794,荒川
江戸川区|新堀1丁目,224262.2970036675,1,233.40611542773334,荒川
江戸川区|新堀1丁目,224262.2970036675,1,1023.1515953581867,荒川
江戸川区|新堀1丁目,224262.2970036675,1,1881.0557334007024,荒川
江戸川区|新堀1丁目,224262.2970036675,1,390.2757298406186,荒川
江戸川区|新堀1丁目,224262.2970036675,1,783.8960755990208,荒川
江戸川区|新堀1丁目,224262.2970036675,1,1330.5953487822756,荒川
江戸川区|新堀1丁目,224262.2970036675,1,6759.164938688406,荒川
江戸川区|新堀1丁目,224262.2970036675,1,10515.590720212445,荒川
江戸川区|新堀1丁目,224262.2970036675,1,706.9264990566523,荒川
江戸川区|新堀1丁目,224262.2970036675,1,1228.329124354983,荒川
江戸川区|新堀1丁目,224262.2970036675,1,2354.8550982011125,荒川
江戸川区|新堀1丁目,224262.2970036675,1,496.72658380943113,荒川
江戸川区|新堀1丁目,224262.2970036675,1,809.8255430716938,荒川
江戸川区|新堀1丁目,224262.2970036675,1,78.63807711119942,荒川
江戸川区|新堀1丁目,224262.2970036675,1,2486.210786629013,荒川
江戸川区|新堀1丁目,224262.2970036675,1,3868.854278371841,荒川
江戸川区|新堀1丁目,224262.2970036675,1,7578.561788591308,荒川
江戸川区|新堀1丁目,224262.2970036675,1,77.80519385786393,荒川
江戸川区|新堀1丁目,224262.2970036675,1,2899.2505864329287,荒川
江戸川区|新堀1丁目,224262.2970036675,1,6718.114467238207,荒川
江戸川区|新堀1丁目,224262.2970036675,1,25353.68878585063,荒川
江戸川区|新堀1丁目,224262.2970036675,2,118477.54237368837,荒川
江戸川区|新堀1丁目,224262.2970036675,2,5.751911511584356,荒川
江戸川区|新堀1丁目,224262.2970036675,2,471.79814583476144,荒川
江戸川区|新堀1丁目,224262.2970036675,2,52.49412119636654,荒川
江戸川区|新堀1丁目,224262.2970036675,2,77.80291522007778,荒川
江戸川区|新堀1丁目,224262.2970036675,2,25.93122456903216,荒川
江戸川区|新堀1丁目,224262.2970036675,2,3191.2676317500127,荒川
江戸川区|新堀1丁目,224262.2970036675,2,26.563964816500043,荒川
江戸川区|新堀1丁目,224262.2970036675,2,158.11970096895772,荒川
江戸川区|新堀1丁目,224262.2970036675,2,233.62519495222134,荒川
江戸川区|新堀1丁目,224262.2970036675,2,51.45155634936679,荒川
江戸川区|新堀1丁目,224262.2970036675,2,26.564114089092648,荒川
江戸川区|新堀1丁目,224262.2970036675,2,654.6495664483599,荒川
江戸川区|新堀2丁目,122528.10670848962,1,13486.57894752709,荒川
江戸川区|新堀2丁目,122528.10670848962,1,1543.0829967496115,荒川
江戸川区|新堀2丁目,122528.10670848962,1,889.7146301476471,荒川
江戸川区|新堀2丁目,122528.10670848962,1,750.074292086523,荒川
江戸川区|新堀2丁目,122528.10670848962,1,6529.47719316478,荒川
江戸川区|新堀2丁目,122528.10670848962,1,600.4575672552711,荒川
江戸川区|新堀2丁目,122528.10670848962,1,522.032450578052,荒川
江戸川区|新堀2丁目,122528.10670848962,1,916.5077390228598,荒川
江戸川区|新堀2丁目,122528.10670848962,1,158.11560672778285,荒川
江戸川区|新堀2丁目,122528.10670848962,1,469.1283949790748,荒川
江戸川区|新堀2丁目,122528.10670848962,1,1541.6669818186865,荒川
江戸川区|新堀2丁目,122528.10670848962,1,552.3640733950177,荒川
江戸川区|新堀2丁目,122528.10670848962,2,94494.96644217907,荒川
江戸川区|新堀2丁目,122528.10670848962,2,20.812369094650865,荒川
江戸川区|新堀2丁目,122528.10670848962,2,26.563230398596353,荒川
江戸川区|新堀2丁目,122528.10670848962,2,26.563257564110444,荒川
江戸川区|東葛西1丁目,292361.2188880176,1,76.6531517091183,荒川
江戸川区|東葛西1丁目,292361.2188880176,1,1027.5720141624035,荒川
江戸川区|東葛西1丁目,292361.2188880176,1,651.7657196505314,荒川
江戸川区|東葛西1丁目,292361.2188880176,1,309.7611156210806,荒川
江戸川区|東葛西1丁目,292361.2188880176,2,273760.20548700733,荒川
江戸川区|東葛西1丁目,292361.2188880176,2,113.42022049680283,荒川
江戸川区|東葛西1丁目,292361.2188880176,2,26.153189448801115,荒川
江戸川区|東葛西1丁目,292361.2188880176,3,77.83656063628388,荒川
江戸川区|東葛西1丁目,292361.2188880176,3,26.152261041745437,荒川
江戸川区|東葛西1丁目,292361.2188880176,3,51.47076123540714,荒川
江戸川区|東葛西1丁目,292361.2188880176,3,52.7259619048406,荒川
江戸川区|東葛西1丁目,292361.2188880176,3,25.941406061135865,荒川
江戸川区|東葛西1丁目,292361.2188880176,3,26.15316466266625,荒川
江戸川区|東葛西1丁目,292361.2188880176,3,52.30444642364335,荒川
江戸川区|東葛西1丁目,292361.2188880176,3,25.94144637818148,荒川
江戸川区|東葛西1丁目,292361.2188880176,3,26.152158410778014,荒川
江戸川区|東葛西1丁目,292361.2188880176,3,52.72636420244796,荒川
江戸川区|東葛西1丁目,292361.2188880176,3,52.72641868652546,荒川
江戸川区|東葛西1丁目,292361.2188880176,3,25.941526318632718,荒川
江戸川区|東葛西1丁目,292361.2188880176,3,210.91512697000115,荒川
江戸川区|東葛西1丁目,292361.2188880176,3,2298.639614173449,荒川
江戸川区|東葛西1丁目,292361.2188880176,3,26.57434227180228,荒川
江戸川区|東葛西1丁目,292361.2188880176,3,26.574356058371638,荒川
江戸川区|東葛西1丁目,292361.2188880176,3,78.66830532417478,荒川
江戸川区|東葛西1丁目,292361.2188880176,3,26.57422708504591,荒川
江戸川区|東葛西1丁目,292361.2188880176,3,25.52995640863464,荒川
江戸川区|東葛西1丁目,292361.2188880176,3,418.4722766513511,荒川
江戸川区|東葛西1丁目,292361.2188880176,3,51.682534745167274,荒川
江戸川区|東葛西1丁目,292361.2188880176,3,26.57433623598758,荒川
江戸川区|東葛西1丁目,292361.2188880176,3,78.66873651253414,荒川
江戸川区|東葛西1丁目,292361.2188880176,3,129.51812721897196,荒川
江戸川区|東葛西1丁目,292361.2188880176,3,105.66486556514441,荒川
江戸川区|東葛西1丁目,292361.2188880176,3,26.574601888074845,荒川
江戸川区|東葛西1丁目,292361.2188880176,3,444.20486193884625,荒川
江戸川区|東葛西1丁目,292361.2188880176,3,51.68292670723167,荒川
江戸川区|東葛西1丁目,292361.2188880176,3,78.8807034235861,荒川
江戸川区|東葛西1丁目,292361.2188880176,3,26.152826004745297,荒川
江戸川区|東葛西1丁目,292361.2188880176,3,26.574959203935094,荒川
江戸川区|東葛西1丁目,292361.2188880176,3,52.30550802921192,荒川
江戸川区|東葛西1丁目,292361.2188880176,3,25.94196648109654,荒川
江戸川区|東葛西1丁目,292361.2188880176,3,287.27967935375636,荒川
江戸川区|東葛西1丁目,292361.2188880176,3,26.15289353064105,荒川
江戸川区|東葛西1丁目,292361.2188880176,3,103.98880213091171,荒川
江戸川区|東葛西1丁目,292361.2188880176,3,417.8432329558361,荒川
江戸川区|東葛西1丁目,292361.2188880176,3,25.942043407333923,荒川
江戸川区|東葛西1丁目,292361.2188880176,3,26.152970992007667,荒川
江戸川区|東葛西1丁目,292361.2188880176,3,52.516469872121355,荒川
江戸川区|東葛西1丁目,292361.2188880176,3,25.942085576646214,荒川
江戸川区|東葛西1丁目,292361.2188880176,3,102.70792489614833,荒川
江戸川区|東葛西1丁目,292361.2188880176,3,26.574847628892154,荒川
江戸川区|東葛西1丁目,292361.2188880176,3,52.72792964531554,荒川
江戸川区|東葛西1丁目,292361.2188880176,3,287.49150063217655,荒川
江戸川区|東葛西1丁目,292361.2188880176,3,26.15288162424533,荒川
江戸川区|東葛西2丁目,191011.41887459776,2,172482.37436314704,荒川
江戸川区|東葛西2丁目,191011.41887459776,2,418.0705297874533,荒川
江戸川区|東葛西2丁目,191011.41887459776,3,234.55505468267177,荒川
江戸川区|東葛西2丁目,191011.41887459776,3,26.574986931502345,荒川
江戸川区|東葛西2丁目,191011.41887459776,3,26.153175282347128,荒川
江戸川区|東葛西2丁目,191011.41887459776,3,52.72838759288797,荒川
江戸川区|東葛西2丁目,191011.41887459776,3,51.47297627638715,荒川
江戸川区|東葛西2丁目,191011.41887459776,3,26.575239314564232,荒川
江戸川区|東葛西2丁目,191011.41887459776,3,7483.773331963017,荒川
江戸川区|東葛西2丁目,191011.41887459776,3,262.38810006438626,荒川
江戸川区|東葛西2丁目,191011.41887459776,3,26.15342709265797,荒川
江戸川区|東葛西2丁目,191011.41887459776,3,2484.748574354392,荒川
江戸川区|東葛西2丁目,191011.41887459776,3,235.191820450631,荒川
江戸川区|東葛西2丁目,191011.41887459776,3,26.153875129117043,荒川
江戸川区|東葛西2丁目,191011.41887459776,3,26.153619362436963,荒川
江戸川区|東葛西2丁目,191011.41887459776,3,105.66977290749911,荒川
江戸川区|東葛西2丁目,191011.41887459776,3,131.82356705290726,荒川
江戸川区|東葛西2丁目,191011.41887459776,3,25.942960897652302,荒川
江戸川区|東葛西2丁目,191011.41887459776,3,26.15369988533643,荒川
江戸川区|東葛西2丁目,191011.41887459776,3,25.531004453221275,荒川
江戸川区|東葛西2丁目,191011.41887459776,3,25.94279624251372,荒川
江戸川区|東葛西2丁目,191011.41887459776,3,1518.6941925105737,荒川
江戸川区|東葛西2丁目,191011.41887459776,3,234.77199271356994,荒川
江戸川区|東葛西2丁目,191011.41887459776,3,25.531043738353752,荒川
江戸川区|東葛西2丁目,191011.41887459776,3,26.15376539389166,荒川
江戸川区|東葛西2丁目,191011.41887459776,3,26.15409023527953,荒川
江戸川区|東葛西2丁目,191011.41887459776,3,25.94308040925898,荒川
江戸川区|東葛西2丁目,191011.41887459776,3,77.83912902870362,荒川
江戸川区|東葛西2丁目,191011.41887459776,3,262.18227478113164,荒川
江戸川区|東葛西2丁目,191011.41887459776,3,598.4487233848829,荒川
江戸川区|東葛西2丁目,191011.41887459776,3,182.46552619693762,荒川
江戸川区|東葛西2丁目,191011.41887459776,3,26.57573825774473,荒川
江戸川区|東葛西2丁目,191011.41887459776,3,52.72998458724695,荒川
江戸川区|東葛西2丁目,191011.41887459776,3,52.73001195791447,荒川
江戸川区|東葛西2丁目,191011.41887459776,3,26.154219313797448,荒川
江戸川区|東葛西2丁目,191011.41887459776,3,52.964788789459874,荒川
江戸川区|東葛西2丁目,191011.41887459776,3,3486.751709211477,荒川
江戸川区|東葛西2丁目,191011.41887459776,3,105.66704373120636,荒川
江戸川区|東葛西2丁目,191011.41887459776,3,25.53029748568557,荒川
江戸川区|東葛西3丁目,273550.5620382864,1,813.4281819341204,荒川
江戸川区|東葛西3丁目,273550.5620382864,1,0.42205434488521665,荒川
江戸川区|東葛西3丁目,273550.5620382864,1,2297.0497460077063,荒川
江戸川区|東葛西3丁目,273550.5620382864,1,192.65463203275567,荒川
江戸川区|東葛西3丁目,273550.5620382864,2,94469.50047425751,荒川
江戸川区|東葛西3丁目,273550.5620382864,2,52.51717305818173,荒川
江戸川区|東葛西3丁目,273550.5620382864,3,78.05128476392923,荒川
江戸川区|東葛西3丁目,273550.5620382864,3,77.84012591819126,荒川
江戸川区|東葛西3丁目,273550.5620382864,3,131.6155717544542,荒川
江戸川区|東葛西3丁目,273550.5620382864,3,52.308516543564814,荒川
江戸川区|東葛西4丁目,349529.2034248367,1,1262.9071641091073,荒川
江戸川区|東葛西4丁目,349529.2034248367,1,1559.209425666231,荒川
江戸川区|東葛西4丁目,349529.2034248367,1,367.86304393464945,荒川
江戸川区|東葛西4丁目,349529.2034248367,1,654.9679939240517,荒川
江戸川区|東葛西4丁目,349529.2034248367,2,210696.68766414715,荒川
江戸川区|東葛西4丁目,349529.2034248367,2,9893.348507407438,荒川
江戸川区|東葛西4丁目,349529.2034248367,2,2249.7494094063513,荒川
江戸川区|東葛西4丁目,349529.2034248367,2,0.611958556643081,荒川
江戸川区|東葛西4丁目,349529.2034248367,2,993.3666805559641,荒川
江戸川区|東葛西4丁目,349529.2034248367,2,575.6832642121796,荒川
江戸川区|東葛西4丁目,349529.2034248367,2,417.27402327158256,荒川
江戸川区|東葛西4丁目,349529.2034248367,2,625.7005107015023,荒川
江戸川区|東葛西4丁目,349529.2034248367,3,25.943802332452748,荒川
江戸川区|東葛西4丁目,349529.2034248367,3,26.154878485602488,荒川
江戸川区|東葛西4丁目,349529.2034248367,3,26.5771778393693,荒川
江戸川区|東葛西4丁目,349529.2034248367,3,77.84288109096322,荒川
江戸川区|東葛西4丁目,349529.2034248367,3,82452.87280284367,荒川
江戸川区|東葛西4丁目,349529.2034248367,3,654.1349342040165,荒川
江戸川区|東葛西4丁目,349529.2034248367,3,26.577368285077583,荒川
江戸川区|東葛西4丁目,349529.2034248367,3,26.155378002278724,荒川
江戸川区|東葛西4丁目,349529.2034248367,3,25.533059352498952,荒川
江戸川区|東葛西4丁目,349529.2034248367,3,25.532893295712135,荒川
江戸川区|東葛西4丁目,349529.2034248367,3,25.533137877640122,荒川
江戸川区|東葛西4丁目,349529.2034248367,3,155.68923016721362,荒川
江戸川区|東葛西4丁目,349529.2034248367,3,261.7802043074276,荒川
江戸川区|東葛西4丁目,349529.2034248367,3,26.156152076746984,荒川
江戸川区|東葛西4丁目,349529.2034248367,3,940.2458907759188,荒川
江戸川区|東葛西4丁目,349529.2034248367,3,25.945592473078673,荒川
江戸川区|東葛西5丁目,315366.66023957444,2,131469.59905905725,荒川
江戸川区|東葛西5丁目,315366.66023957444,2,2328.787285653436,荒川
江戸川区|東葛西5丁目,315366.66023957444,2,1435.4918989500288,荒川
江戸川区|東葛西5丁目,315366.66023957444,2,5076.987675611825,荒川
江戸川区|東葛西5丁目,315366.66023957444,2,197.4832254811678,荒川
江戸川区|東葛西5丁目,315366.66023957444,2,22.43708004063185,荒川
江戸川区|東葛西5丁目,315366.66023957444,2,25.53183814594241,荒川
江戸川区|東葛西5丁目,315366.66023957444,2,1539.4545733176733,荒川
江戸川区|東葛西5丁目,315366.66023957444,2,366.3961843202967,荒川
江戸川区|東葛西5丁目,315366.66023957444,2,838.4767378492385,荒川
江戸川区|東葛西5丁目,315366.66023957444,2,758.95741569177,荒川
江戸川区|東葛西5丁目,315366.66023957444,2,26.576350757371486,荒川
江戸川区|東葛西5丁目,315366.66023957444,2,419.55008902878336,荒川
江戸川区|東葛西5丁目,315366.66023957444,2,2618.5763646017053,荒川
江戸川区|東葛西5丁目,315366.66023957444,2,392.7651466773849,荒川
江戸川区|東葛西5丁目,315366.66023957444,2,1021.5675804427206,荒川
江戸川区|東葛西5丁目,315366.66023957444,2,551.5935750598267,荒川
江戸川区|東葛西5丁目,315366.66023957444,2,2560.83704624887,荒川
江戸川区|東葛西5丁目,315366.66023957444,2,2269.357593763687,荒川
江戸川区|東葛西5丁目,315366.66023957444,2,1880.5673767344927,荒川
江戸川区|東葛西5丁目,315366.66023957444,2,366.4027025267375,荒川
江戸川区|東葛西5丁目,315366.66023957444,2,2847.3308950231785,荒川
江戸川区|東葛西5丁目,315366.66023957444,3,105.46115718134016,荒川
江戸川区|東葛西5丁目,315366.66023957444,3,471.44294594821287,荒川
江戸川区|東葛西5丁目,315366.66023957444,3,155.8918541698149,荒川
江戸川区|東葛西5丁目,315366.66023957444,3,394.85776850781684,荒川
江戸川区|東葛西5丁目,315366.66023957444,3,131.40529845923726,荒川
江戸川区|東葛西5丁目,315366.66023957444,3,26.1544249854294,荒川
江戸川区|東葛西5丁目,315366.66023957444,3,366.60599949665425,荒川
江戸川区|東葛西5丁目,315366.66023957444,3,77.41939310263382,荒川
江戸川区|東葛西5丁目,315366.66023957444,3,26.154531760114875,荒川
江戸川区|東葛西5丁目,315366.66023957444,3,26.576392802787986,荒川
江戸川区|東葛西5丁目,315366.66023957444,3,26.154782689245202,荒川
江戸川区|東葛西5丁目,315366.66023957444,3,51.68648206468906,荒川
江戸川区|東葛西5丁目,315366.66023957444,3,52.52039265200366,荒川
江戸川区|東葛西5丁目,315366.66023957444,3,52.73109989204519,荒川
江戸川区|東葛西5丁目,315366.66023957444,3,77.62844473339872,荒川
江戸川区|東葛西5丁目,315366.66023957444,3,26.154814435394126,荒川
江戸川区|東葛西5丁目,315366.66023957444,3,183.51090832428517,荒川
江戸川区|東葛西5丁目,315366.66023957444,3,79.09515826307452,荒川
江戸川区|東葛西5丁目,315366.66023957444,3,156.1065207499564,荒川
江戸川区|東葛西5丁目,315366.66023957444,3,26.57696377938472,荒川
江戸川区|東葛西5丁目,315366.66023957444,3,26.155149600612077,荒川
江戸川区|東葛西5丁目,315366.66023957444,3,153811.6419555377,荒川
江戸川区|東葛西6丁目,311396.60935795266,2,61403.26537588116,荒川
江戸川区|東葛西6丁目,311396.60935795266,2,3279.5157121586612,荒川
江戸川区|東葛西6丁目,311396.60935795266,2,11330.44173239946,荒川
江戸川区|東葛西6丁目,311396.60935795266,2,997.48314590113,荒川
江戸川区|東葛西6丁目,311396.60935795266,2,367.03913860073527,荒川
江戸川区|東葛西6丁目,311396.60935795266,2,1306.401743826685,荒川
江戸川区|東葛西6丁目,311396.60935795266,2,549.717386957524,荒川
江戸川区|東葛西6丁目,311396.60935795266,2,862.1421185961884,荒川
江戸川区|東葛西6丁目,311396.60935795266,2,26.577691386022632,荒川
江戸川区|東葛西6丁目,311396.60935795266,2,600.1569728937164,荒川
江戸川区|東葛西6丁目,311396.60935795266,2,2484.133626117082,荒川
江戸川区|東葛西6丁目,311396.60935795266,2,5149.904298141526,荒川
江戸川区|東葛西6丁目,311396.60935795266,2,341.1009012344547,荒川
江戸川区|東葛西6丁目,311396.60935795266,2,3011.0527178407556,荒川
江戸川区|東葛西6丁目,311396.60935795266,2,470.62511336428855,荒川
江戸川区|東葛西6丁目,311396.60935795266,2,2507.5694034547782,荒川
江戸川区|東葛西6丁目,311396.60935795266,2,418.10330296302755,荒川
江戸川区|東葛西6丁目,311396.60935795266,2,1621.572660712222,荒川
江戸川区|東葛西6丁目,311396.60935795266,2,261.36853769256214,荒川
江戸川区|東葛西6丁目,311396.60935795266,2,3560.3806594113435,荒川
江戸川区|東葛西6丁目,311396.60935795266,2,18463.189870277187,荒川
江戸川区|東葛西6丁目,311396.60935795266,2,10069.301335437262,荒川
江戸川区|東葛西6丁目,311396.60935795266,2,1832.3022617660638,荒川
江戸川区|東葛西6丁目,311396.60935795266,2,26.15601744040634,荒川
江戸川区|東葛西6丁目,311396.60935795266,2,4263.7286232508195,荒川
江戸川区|東葛西6丁目,311396.60935795266,2,313.6826687510053,荒川
江戸川区|東葛西6丁目,311396.60935795266,2,547.6439573851745,荒川
江戸川区|東葛西6丁目,311396.60935795266,2,6396.850610852413,荒川
江戸川区|東葛西6丁目,311396.60935795266,2,521.4896095187589,荒川
江戸川区|東葛西6丁目,311396.60935795266,2,574.2265237556337,荒川
江戸川区|東葛西6丁目,311396.60935795266,2,367.6759585685782,荒川
江戸川区|東葛西6丁目,311396.60935795266,3,166086.26011589923,荒川
江戸川区|東葛西6丁目,311396.60935795266,3,79.09880214006854,荒川
江戸川区|東葛西6丁目,311396.60935795266,3,52.31110239453028,荒川
江戸川区|東葛西6丁目,311396.60935795266,3,26.155335260901666,荒川
江戸川区|東葛西6丁目,311396.60935795266,3,78.67740099890057,荒川
江戸川区|東葛西6丁目,311396.60935795266,3,26.577209198351284,荒川
江戸川区|東葛西6丁目,311396.60935795266,3,26.577210936592085,荒川
江戸川区|東葛西6丁目,311396.60935795266,3,26.577447271403823,荒川
江戸川区|東葛西6丁目,311396.60935795266,3,103.37671455066605,荒川
江戸川区|東葛西6丁目,311396.60935795266,3,26.155666159245158,荒川
江戸川区|東葛西6丁目,311396.60935795266,3,156.32133953273043,荒川
江戸川区|東葛西6丁目,311396.60935795266,3,25.9447919614075,荒川
江戸川区|東葛西6丁目,311396.60935795266,3,26.15573610563347,荒川
江戸川区|東葛西6丁目,311396.60935795266,3,24.520593737985543,荒川
江戸川区|東葛西6丁目,311396.60935795266,3,25.944830005208107,荒川
江戸川区|東葛西6丁目,311396.60935795266,3,79.10099146476108,荒川
江戸川区|東葛西6丁目,311396.60935795266,3,183.52461354643034,荒川
江戸川区|東葛西6丁目,311396.60935795266,3,77.8459096400798,荒川
江戸川区|東葛西6丁目,311396.60935795266,3,131.00210259000866,荒川
江戸川区|東葛西6丁目,311396.60935795266,3,105.67962969487414,荒川
江戸川区|東葛西6丁目,311396.60935795266,3,104.00213832718904,荒川
江戸川区|東葛西7丁目,179950.4600194417,2,88800.86679493584,荒川
江戸川区|東葛西7丁目,179950.4600194417,2,38.00438306743389,荒川
江戸川区|東葛西7丁目,179950.4600194417,2,3979.811704426115,荒川
江戸川区|東葛西7丁目,179950.4600194417,2,546.6060195921314,荒川
江戸川区|東葛西7丁目,179950.4600194417,2,1441.2184227052926,荒川
江戸川区|東葛西7丁目,179950.4600194417,2,52.52419277245325,荒川
江戸川区|東葛西7丁目,179950.4600194417,2,1908.7208975453295,荒川
江戸川区|東葛西7丁目,179950.4600194417,2,2667.1077780303303,荒川
江戸川区|東葛西7丁目,179950.4600194417,2,2195.217365648335,荒川
江戸川区|東葛西7丁目,179950.4600194417,2,1726.0510382388222,荒川
江戸川区|東葛西7丁目,179950.4600194417,2,79.1034329872479,荒川
江戸川区|東葛西7丁目,179950.4600194417,2,1776.897994306253,荒川
江戸川区|東葛西7丁目,179950.4600194417,2,314.9475523687882,荒川
江戸川区|東葛西7丁目,179950.4600194417,2,6332.709611312105,荒川
江戸川区|東葛西7丁目,179950.4600194417,3,66886.97847064976,荒川
江戸川区|東葛西7丁目,179950.4600194417,3,52.73452218322671,荒川
江戸川区|東葛西7丁目,179950.4600194417,3,26.57813343764256,荒川
江戸川区|東葛西7丁目,179950.4600194417,3,52.31293274818303,荒川
江戸川区|東葛西7丁目,179950.4600194417,3,156.73917023457219,荒川
江戸川区|東葛西7丁目,179950.4600194417,3,52.52454438633807,荒川
江戸川区|東葛西7丁目,179950.4600194417,3,52.73557901058525,荒川
江戸川区|東葛西7丁目,179950.4600194417,3,51.69074367964779,荒川
江戸川区|東葛西7丁目,179950.4600194417,3,78.89236261781149,荒川
江戸川区|東葛西7丁目,179950.4600194417,3,77.84794749645982,荒川
江戸川区|東葛西7丁目,179950.4600194417,3,51.891861726296696,荒川
江戸川区|東葛西7丁目,179950.4600194417,3,25.94582808785818,荒川
江戸川区|東葛西7丁目,179950.4600194417,3,26.57887657649289,荒川
江戸川区|東葛西7丁目,179950.4600194417,3,445.53080680270955,荒川
江戸川区|東葛西7丁目,179950.4600194417,3,26.156795596222707,荒川
江戸川区|東葛西7丁目,179950.4600194417,3,25.534187089369773,荒川
江戸川区|東葛西8丁目,307015.18457981537,2,291030.68977052526,荒川
江戸川区|東葛西8丁目,307015.18457981537,2,25.945968902997457,荒川
江戸川区|東葛西8丁目,307015.18457981537,2,78.47069201903271,荒川
江戸川区|東葛西8丁目,307015.18457981537,3,5289.184440533484,荒川
江戸川区|東葛西8丁目,307015.18457981537,3,25.534350789234864,荒川
江戸川区|東葛西8丁目,307015.18457981537,3,26.57882842899256,荒川
江戸川区|東葛西8丁目,307015.18457981537,3,52.52513973634548,荒川
江戸川区|東葛西8丁目,307015.18457981537,3,104.00613355349884,荒川
江戸川区|東葛西8丁目,307015.18457981537,3,10278.664103683906,荒川
江戸川区|東葛西8丁目,307015.18457981537,3,25.534537921714445,荒川
江戸川区|東葛西8丁目,307015.18457981537,3,25.946386074033576,荒川
江戸川区|東葛西8丁目,307015.18457981537,3,25.94663136678522,荒川
江戸川区|東葛西8丁目,307015.18457981537,3,26.15759628019546,荒川
江戸川区|東葛西9丁目,507008.5567348179,1,3138.175109071275,荒川
江戸川区|東葛西9丁目,507008.5567348179,1,26.58042761942367,荒川
江戸川区|東葛西9丁目,507008.5567348179,1,573.4434382154669,荒川
江戸川区|東葛西9丁目,507008.5567348179,1,3220.898833461245,荒川
江戸川区|東葛西9丁目,507008.5567348179,1,209.2815098888706,荒川
江戸川区|東葛西9丁目,507008.5567348179,1,52.528945228241746,荒川
江戸川区|東葛西9丁目,507008.5567348179,1,551.0482824704727,荒川
江戸川区|東葛西9丁目,507008.5567348179,1,183.33495129382464,荒川
江戸川区|東葛西9丁目,507008.5567348179,1,391.9986077008982,荒川
江戸川区|東葛西9丁目,507008.5567348179,1,1123.3909667144594,荒川
江戸川区|東葛西9丁目,507008.5567348179,2,304787.4361604708,荒川
江戸川区|東葛西9丁目,507008.5567348179,2,4497.005475120189,荒川
江戸川区|東葛西9丁目,507008.5567348179,2,2645.3643004574383,荒川
江戸川区|東葛西9丁目,507008.5567348179,2,0.8435565765328471,荒川
江戸川区|東葛西9丁目,507008.5567348179,2,1227.1585482670107,荒川
江戸川区|東葛西9丁目,507008.5567348179,2,102.95960445815268,荒川
江戸川区|東葛西9丁目,507008.5567348179,2,2542.4302387691155,荒川
江戸川区|東葛西9丁目,507008.5567348179,2,0.42188690041072485,荒川
江戸川区|東葛西9丁目,507008.5567348179,2,367.47556324769226,荒川
江戸川区|東葛西9丁目,507008.5567348179,2,2456.2152948933604,荒川
江戸川区|東葛西9丁目,507008.5567348179,2,1465.7377651280144,荒川
江戸川区|東葛西9丁目,507008.5567348179,2,312.03005028965015,荒川
江戸川区|東葛西9丁目,507008.5567348179,2,4809.948237934435,荒川
江戸川区|東葛西9丁目,507008.5567348179,2,25.947633490202954,荒川
江戸川区|東葛西9丁目,507008.5567348179,2,105.68849221460424,荒川
江戸川区|東葛西9丁目,507008.5567348179,2,2355.507387634404,荒川
江戸川区|東葛西9丁目,507008.5567348179,2,2914.5317545303506,荒川
江戸川区|東葛西9丁目,507008.5567348179,3,66202.3699734458,荒川
江戸川区|東葛西9丁目,507008.5567348179,3,25.534551856856886,荒川
江戸川区|東葛西9丁目,507008.5567348179,3,52.31476012172554,荒川
江戸川区|東葛西9丁目,507008.5567348179,3,183.5335692403031,荒川
江戸川区|東葛西9丁目,507008.5567348179,3,26.579452062672466,荒川
江戸川区|東葛西9丁目,507008.5567348179,3,26.157361942400094,荒川
江戸川区|東葛西9丁目,507008.5567348179,3,1284.1095129432342,荒川
江戸川区|東葛西9丁目,507008.5567348179,3,52.52659991516609,荒川
江戸川区|西葛西1丁目,292237.50648703316,2,5264.406345014606,荒川
江戸川区|西葛西1丁目,292237.50648703316,2,5224.070310735206,荒川
江戸川区|西葛西1丁目,292237.50648703316,2,550.9091935081262,荒川
江戸川区|西葛西1丁目,292237.50648703316,2,1671.7738082059122,荒川
江戸川区|西葛西1丁目,292237.50648703316,2,703.1355222219246,荒川
江戸川区|西葛西1丁目,292237.50648703316,2,0.8436386888351963,荒川
江戸川区|西葛西1丁目,292237.50648703316,2,834.437797088656,荒川
江戸川区|西葛西1丁目,292237.50648703316,3,131089.3903156378,荒川
江戸川区|西葛西1丁目,292237.50648703316,3,25.94179054705217,荒川
江戸川区|西葛西1丁目,292237.50648703316,3,26.152766436170904,荒川
江戸川区|西葛西1丁目,292237.50648703316,3,25.942076128016023,荒川
江戸川区|西葛西1丁目,292237.50648703316,4,26.152091616951083,荒川
江戸川区|西葛西1丁目,292237.50648703316,4,26.152766276168038,荒川
江戸川区|西葛西2丁目,511014.175297636,1,17.49245948751894,荒川
江戸川区|西葛西2丁目,511014.175297636,2,10958.089052142604,荒川
江戸川区|西葛西2丁目,511014.175297636,2,2120.423772924426,荒川
江戸川区|西葛西2丁目,511014.175297636,3,238815.98468856825,荒川
江戸川区|西葛西2丁目,511014.175297636,3,28.35560503603284,荒川
江戸川区|西葛西2丁目,511014.175297636,4,52.51932631555579,荒川
江戸川区|西葛西2丁目,511014.175297636,4,26.154331181925983,荒川
江戸川区|西葛西3丁目,229983.1229217449,2,17.53148531859012,荒川
江戸川区|西葛西3丁目,229983.1229217449,2,418.69574605481836,荒川
江戸川区|西葛西3丁目,229983.1229217449,2,496.5400105747421,荒川
江戸川区|西葛西3丁目,229983.1229217449,2,1700.1561109477136,荒川
江戸川区|西葛西3丁目,229983.1229217449,2,867.775458291762,荒川
江戸川区|西葛西3丁目,229983.1229217449,2,1360.758802339111,荒川
江戸川区|西葛西3丁目,229983.1229217449,2,522.5020178735426,荒川
江戸川区|西葛西3丁目,229983.1229217449,2,341.26753775505415,荒川
江戸川区|西葛西3丁目,229983.1229217449,2,1152.5584536274946,荒川
江戸川区|西葛西3丁目,229983.1229217449,2,524.5623197881841,荒川
江戸川区|西葛西3丁目,229983.1229217449,2,4263.112693008656,荒川
江戸川区|西葛西3丁目,229983.1229217449,2,7084.584889686001,荒川
江戸川区|西葛西3丁目,229983.1229217449,2,4498.340391495491,荒川
江戸川区|西葛西3丁目,229983.1229217449,3,206656.474506244,荒川
江戸川区|西葛西3丁目,229983.1229217449,3,26.576431202422874,荒川
江戸川区|西葛西3丁目,229983.1229217449,3,51.686067537371216,荒川
江戸川区|西葛西4丁目,139641.49025175365,2,18663.105927648452,荒川
江戸川区|西葛西4丁目,139641.49025175365,2,259.8834095677731,荒川
江戸川区|西葛西4丁目,139641.49025175365,2,183.0892323754225,荒川
江戸川区|西葛西4丁目,139641.49025175365,2,887.6132834519136,荒川
江戸川区|西葛西4丁目,139641.49025175365,3,119621.96109971606,荒川
江戸川区|西葛西4丁目,139641.49025175365,3,25.53155010048928,荒川
江戸川区|西葛西4丁目,139641.49025175365,3,0.3057488936627186,荒川
江戸川区|西葛西5丁目,142786.6813598165,2,70861.18990157012,荒川
江戸川区|西葛西5丁目,142786.6813598165,2,1042.1233489827684,荒川
江戸川区|西葛西5丁目,142786.6813598165,2,1905.2759381657274,荒川
江戸川区|西葛西5丁目,142786.6813598165,2,523.5498942832061,荒川
江戸川区|西葛西5丁目,142786.6813598165,3,65735.42296910487,荒川
江戸川区|西葛西5丁目,142786.6813598165,3,77.00626537569043,荒川
江戸川区|西葛西5丁目,142786.6813598165,3,131.82591558050697,荒川
江戸川区|西葛西5丁目,142786.6813598165,3,1493.6234496411544,荒川
江戸川区|西葛西5丁目,142786.6813598165,3,25.637639950890147,荒川
江戸川区|西葛西5丁目,142786.6813598165,3,26.576378188665778,荒川
江戸川区|西葛西5丁目,142786.6813598165,3,25.53183353922957,荒川
江戸川区|西葛西5丁目,142786.6813598165,3,26.576208181677455,荒川
江戸川区|西葛西5丁目,142786.6813598165,3,337.943180939841,荒川
江戸川区|西葛西5丁目,142786.6813598165,3,419.13024955570165,荒川
江戸川区|西葛西5丁目,142786.6813598165,3,51.6853803175042,荒川
江戸川区|西葛西5丁目,142786.6813598165,3,25.944033451125865,荒川
江戸川区|西葛西5丁目,142786.6813598165,3,26.57581302588185,荒川
江戸川区|西葛西5丁目,142786.6813598165,3,25.53148000249466,荒川
江戸川区|西葛西5丁目,142786.6813598165,3,25.53147995932045,荒川
江戸川区|西葛西6丁目,202088.74752626606,1,422.0269511910547,荒川
江戸川区|西葛西6丁目,202088.74752626606,1,15.029807866656789,荒川
江戸川区|西葛西6丁目,202088.74752626606,1,53.791840968595665,荒川
江戸川区|西葛西6丁目,202088.74752626606,1,137.82217498589324,荒川
江戸川区|西葛西6丁目,202088.74752626606,1,70.06345725262597,荒川
江戸川区|西葛西6丁目,202088.74752626606,2,95636.48949531994,荒川
江戸川区|西葛西6丁目,202088.74752626606,2,940.8207536926407,荒川
江戸川区|西葛西6丁目,202088.74752626606,2,1672.8009245247424,荒川
江戸川区|西葛西6丁目,202088.74752626606,2,3958.64414646526,荒川
江戸川区|西葛西6丁目,202088.74752626606,2,1239.756324208102,荒川
江戸川区|西葛西6丁目,202088.74752626606,2,2937.8635048117967,荒川
江戸川区|西葛西6丁目,202088.74752626606,2,3.3147137829643376,荒川
江戸川区|西葛西6丁目,202088.74752626606,2,2853.576423327541,荒川
江戸川区|西葛西6丁目,202088.74752626606,2,810.4310173306266,荒川
江戸川区|西葛西6丁目,202088.74752626606,2,2224.982320855582,荒川
江戸川区|西葛西6丁目,202088.74752626606,2,104.2085963579578,荒川
江戸川区|西葛西6丁目,202088.74752626606,2,52.73202418730159,荒川
江戸川区|西葛西6丁目,202088.74752626606,3,83720.1278988038,荒川
江戸川区|西葛西6丁目,202088.74752626606,3,95.56559180915033,荒川
江戸川区|西葛西6丁目,202088.74752626606,3,26.576533038583996,荒川
江戸川区|西葛西6丁目,202088.74752626606,3,26.15490773700499,荒川
江戸川区|西葛西6丁目,202088.74752626606,3,25.938508719370766,荒川
江戸川区|西葛西6丁目,202088.74752626606,3,0.01196029549842899,荒川
江戸川区|西葛西6丁目,202088.74752626606,3,26.15509678167371,荒川
江戸川区|西葛西6丁目,202088.74752626606,3,26.57699040244472,荒川
江戸川区|西葛西6丁目,202088.74752626606,3,11.261950306999857,荒川
江戸川区|西葛西6丁目,202088.74752626606,3,1.992133755080407,荒川
江戸川区|西葛西6丁目,202088.74752626606,3,25.532461760413096,荒川
江戸川区|西葛西6丁目,202088.74752626606,3,3320.4717643861472,荒川
江戸川区|西葛西6丁目,202088.74752626606,3,26.577155014597693,荒川
江戸川区|西葛西6丁目,202088.74752626606,3,26.576944065092057,荒川
江戸川区|西葛西6丁目,202088.74752626606,3,77.84302006008755,荒川
江戸川区|西葛西6丁目,202088.74752626606,3,26.576998648998376,荒川
江戸川区|西葛西6丁目,202088.74752626606,3,52.52130313068998,荒川
江戸川区|西葛西6丁目,202088.74752626606,3,26.577250989067828,荒川
江戸川区|西葛西6丁目,202088.74752626606,3,26.15508188613098,荒川
江戸川区|西葛西6丁目,202088.74752626606,3,26.155419901828107,荒川
江戸川区|西葛西6丁目,202088.74752626606,3,524.182021516699,荒川
江戸川区|西葛西6丁目,202088.74752626606,3,259.8984477535026,荒川
江戸川区|西葛西6丁目,202088.74752626606,3,51.68840273711093,荒川
江戸川区|西葛西6丁目,202088.74752626606,3,26.577353400236213,荒川
江戸川区|西葛西6丁目,202088.74752626606,3,26.155503828212815,荒川
江戸川区|西葛西6丁目,202088.74752626606,3,52.52218539383011,荒川
江戸川区|西葛西6丁目,202088.74752626606,3,77.84434258873154,荒川
江戸川区|西葛西6丁目,202088.74752626606,3,26.577407682458194,荒川
江戸川区|西葛西6丁目,202088.74752626606,3,166.67981443987765,荒川
江戸川区|西葛西6丁目,202088.74752626606,3,26.577448469763482,荒川
江戸川区|西葛西6丁目,202088.74752626606,3,26.15561089586611,荒川
江戸川区|西葛西6丁目,202088.74752626606,4,21.754595931264575,荒川
江戸川区|西葛西6丁目,202088.74752626606,4,19.14674856969079,荒川
江戸川区|西葛西6丁目,202088.74752626606,4,53.28419428355973,荒川
江戸川区|西葛西7丁目,265514.59328135947,1,197.39556002960757,荒川
江戸川区|西葛西7丁目,265514.59328135947,1,1573.4199669783754,荒川
江戸川区|西葛西7丁目,265514.59328135947,1,6874.004811076276,荒川
江戸川区|西葛西7丁目,265514.59328135947,1,6750.26895335631,荒川
江戸川区|西葛西7丁目,265514.59328135947,1,177.06646864956934,荒川
江戸川区|西葛西7丁目,265514.59328135947,1,100.28064084332667,荒川
江戸川区|西葛西7丁目,265514.59328135947,1,392.79253678150843,荒川
江戸川区|西葛西7丁目,265514.59328135947,1,8.582790854869058,荒川
江戸川区|西葛西7丁目,265514.59328135947,2,70977.19042296684,荒川
江戸川区|西葛西7丁目,265514.59328135947,2,68.5239858991389,荒川
江戸川区|西葛西7丁目,265514.59328135947,2,13.285602810338835,荒川
江戸川区|西葛西7丁目,265514.59328135947,2,4709.385192931068,荒川
江戸川区|西葛西7丁目,265514.59328135947,2,444.46667772832257,荒川
江戸川区|西葛西7丁目,265514.59328135947,2,103.36782907103373,荒川
江戸川区|西葛西7丁目,265514.59328135947,2,30351.843749827258,荒川
江戸川区|西葛西7丁目,265514.59328135947,2,2775.449985016382,荒川
江戸川区|西葛西7丁目,265514.59328135947,2,107.4229206724824,荒川
江戸川区|西葛西7丁目,265514.59328135947,2,3457.004644033115,荒川
江戸川区|西葛西7丁目,265514.59328135947,2,1123.7432223878097,荒川
江戸川区|西葛西7丁目,265514.59328135947,2,26.577979457760556,荒川
江戸川区|西葛西7丁目,265514.59328135947,2,1304.7655471099147,荒川
江戸川区|西葛西7丁目,265514.59328135947,2,5935.797981109354,荒川
江戸川区|西葛西7丁目,265514.59328135947,2,2278.686760398326,荒川
江戸川区|西葛西7丁目,265514.59328135947,2,2379.34184975433,荒川
江戸川区|西葛西7丁目,265514.59328135947,2,1123.754113668264,荒川
江戸川区|西葛西7丁目,265514.59328135947,2,2170.3024782196685,荒川
江戸川区|西葛西7丁目,265514.59328135947,2,26.578388001681,荒川
江戸川区|西葛西7丁目,265514.59328135947,2,287.3207545430101,荒川
江戸川区|西葛西7丁目,265514.59328135947,2,2039.5187019620446,荒川
江戸川区|西葛西7丁目,265514.59328135947,2,1929.6465232079447,荒川
江戸川区|西葛西7丁目,265514.59328135947,2,26.5784960470006,荒川
江戸川区|西葛西7丁目,265514.59328135947,2,470.6416739896179,荒川
江戸川区|西葛西7丁目,265514.59328135947,3,107178.3992312966,荒川
江戸川区|西葛西7丁目,265514.59328135947,3,103.57917565787739,荒川
江戸川区|西葛西7丁目,265514.59328135947,3,26.577890007998263,荒川
江戸川区|西葛西7丁目,265514.59328135947,3,26.57767980118774,荒川
江戸川区|西葛西7丁目,265514.59328135947,3,26.156036339253927,荒川
江戸川区|西葛西7丁目,265514.59328135947,3,25.94511109690483,荒川
江戸川区|西葛西7丁目,265514.59328135947,3,52.31192866447041,荒川
江戸川区|西葛西7丁目,265514.59328135947,3,1201.7832753830191,荒川
江戸川区|西葛西7丁目,265514.59328135947,3,51.689587932053065,荒川
江戸川区|西葛西7丁目,265514.59328135947,3,52.52333781391574,荒川
江戸川区|西葛西7丁目,265514.59328135947,3,26.578094983675623,荒川
江戸川区|西葛西7丁目,265514.59328135947,3,52.523239755863635,荒川
江戸川区|西葛西7丁目,265514.59328135947,3,78.26777285259571,荒川
江戸川区|西葛西7丁目,265514.59328135947,3,79.31271765289277,荒川
江戸川区|西葛西7丁目,265514.59328135947,3,53.157511392738115,荒川
江戸川区|西葛西8丁目,237647.81241450104,1,37.30470894434214,荒川
江戸川区|西葛西8丁目,237647.81241450104,1,550.382658169191,荒川
江戸川区|西葛西8丁目,237647.81241450104,1,1034.8851572435303,荒川
江戸川区|西葛西8丁目,237647.81241450104,1,4102.422537411846,荒川
江戸川区|西葛西8丁目,237647.81241450104,1,26.579688544700886,荒川
江戸川区|西葛西8丁目,237647.81241450104,1,7245.160947004905,荒川
江戸川区|西葛西8丁目,237647.81241450104,1,8755.350376152794,荒川
江戸川区|西葛西8丁目,237647.81241450104,1,160.48107639018014,荒川
江戸川区|西葛西8丁目,237647.81241450104,1,7663.767425483764,荒川
江戸川区|西葛西8丁目,237647.81241450104,1,244.14655666846357,荒川
江戸川区|西葛西8丁目,237647.81241450104,1,92.33167149926474,荒川
江戸川区|西葛西8丁目,237647.81241450104,1,0.4177733672492845,荒川
江戸川区|西葛西8丁目,237647.81241450104,2,111329.84887759484,荒川
江戸川区|西葛西8丁目,237647.81241450104,2,3464.433498605686,荒川
江戸川区|西葛西8丁目,237647.81241450104,2,1572.2371483106683,荒川
江戸川区|西葛西8丁目,237647.81241450104,2,3472.6270502446714,荒川
江戸川区|西葛西8丁目,237647.81241450104,2,2274.3362444922964,荒川
江戸川区|西葛西8丁目,237647.81241450104,2,1228.6262584023614,荒川
江戸川区|西葛西8丁目,237647.81241450104,2,79.10318574059646,荒川
江戸川区|西葛西8丁目,237647.81241450104,2,3528.093931815685,荒川
江戸川区|西葛西8丁目,237647.81241450104,2,2220.5880101923353,荒川
江戸川区|西葛西8丁目,237647.81241450104,2,2278.759201813032,荒川
江戸川区|西葛西8丁目,237647.81241450104,2,25.94630063406982,荒川
江戸川区|西葛西8丁目,237647.81241450104,2,52.31554904328083,荒川
江戸川区|西葛西8丁目,237647.81241450104,2,25.947184829459644,荒川
江戸川区|西葛西8丁目,237647.81241450104,2,26.157943327376643,荒川
江戸川区|西葛西8丁目,237647.81241450104,3,57863.49335842872,荒川
江戸川区|西葛西8丁目,237647.81241450104,3,26.578952722443084,荒川
江戸川区|西葛西8丁目,237647.81241450104,3,104.84904564042452,荒川
江戸川区|西葛西8丁目,237647.81241450104,3,157.37409697084482,荒川
江戸川区|西葛西8丁目,237647.81241450104,3,236.26776459149076,荒川
江戸川区|西葛西8丁目,237647.81241450104,3,25.94610062358792,荒川
江戸川区|西葛西8丁目,237647.81241450104,3,25.534257796010102,荒川
江戸川区|西葛西8丁目,237647.81241450104,3,26.579170651927534,荒川
江戸川区|西葛西8丁目,237647.81241450104,3,26.57925304523671,荒川
江戸川区|西葛西8丁目,237647.81241450104,3,26.579069214091888,荒川
江戸川区|西葛西8丁目,237647.81241450104,3,26.157604808781688,荒川
