key,town_area,A31a_205,a,river
板橋区|蓮根2丁目,274027.41395095934,2,261.1911617889216,荒川
板橋区|蓮根2丁目,274027.41395095934,3,99626.51421030312,荒川
板橋区|蓮根2丁目,274027.41395095934,3,26.120540570833338,荒川
板橋区|蓮根2丁目,274027.41395095934,3,2350.6769993751113,荒川
板橋区|蓮根2丁目,274027.41395095934,3,26.11434492086976,荒川
板橋区|蓮根2丁目,274027.41395095934,3,26.120626740949792,荒川
板橋区|蓮根2丁目,274027.41395095934,3,26.120665943075437,荒川
板橋区|蓮根2丁目,274027.41395095934,3,26.114629082362065,荒川
板橋区|蓮根2丁目,274027.41395095934,3,26.12091555477422,荒川
板橋区|蓮根2丁目,274027.41395095934,3,208.94735390888442,荒川
板橋区|蓮根2丁目,274027.41395095934,3,52.22892971363832,荒川
板橋区|蓮根2丁目,274027.41395095934,3,130.59138095000802,荒川
板橋区|蓮根2丁目,274027.41395095934,3,26.114710772981525,荒川
板橋区|蓮根2丁目,274027.41395095934,3,52.22900875583795,荒川
板橋区|蓮根2丁目,274027.41395095934,3,52.241597456611075,荒川
板橋区|蓮根2丁目,274027.41395095934,3,496.2486745766072,荒川
板橋区|蓮根2丁目,274027.41395095934,3,104.47169542947925,荒川
板橋区|蓮根2丁目,274027.41395095934,3,26.120384538203048,荒川
板橋区|蓮根2丁目,274027.41395095934,3,339.55069676054967,荒川
板橋区|蓮根2丁目,274027.41395095934,3,78.34881796426242,荒川
板橋区|蓮根2丁目,274027.41395095934,3,26.114179338761492,荒川
板橋区|蓮根2丁目,274027.41395095934,3,26.11390576282389,荒川
板橋区|蓮根2丁目,274027.41395095934,3,2794.6698562980446,荒川
板橋区|蓮根2丁目,274027.41395095934,3,26.114472654918288,荒川
板橋区|蓮根2丁目,274027.41395095934,4,166408.6538850685,荒川
板橋区|蓮根2丁目,274027.41395095934,4,261.1700097829988,荒川
板橋区|蓮根2丁目,274027.41395095934,4,26.120957461399783,荒川
板橋区|蓮根2丁目,274027.41395095934,4,26.114547753256907,荒川
板橋区|蓮根2丁目,274027.41395095934,4,26.120841286709,荒川
板橋区|蓮根2丁目,274027.41395095934,4,156.71399745094368,荒川
板橋区|蓮根2丁目,274027.41395095934,4,182.84121559121766,荒川
板橋区|蓮根2丁目,274027.41395095934,4,26.121250551926416,荒川
板橋区|蓮根2丁目,274027.41395095934,4,26.11511343620663,荒川
板橋区|蓮根2丁目,274027.41395095934,4,52.242373414555665,荒川
板橋区|蓮根3丁目,337195.03382633615,3,844.0902286747237,荒川
板橋区|蓮根3丁目,337195.03382633615,3,77.16580189529216,荒川
板橋区|蓮根3丁目,337195.03382633615,3,3443.8708459779295,荒川
板橋区|蓮根3丁目,337195.03382633615,3,52.22302675252879,荒川
板橋区|蓮根3丁目,337195.03382633615,3,0.620557109680403,荒川
板橋区|蓮根3丁目,337195.03382633615,3,104.46190247398769,荒川
板橋区|蓮根3丁目,337195.03382633615,3,783.4849575660897,荒川
板橋区|蓮根3丁目,337195.03382633615,3,443.9988266556627,荒川
板橋区|蓮根3丁目,337195.03382633615,3,287.29479570633964,荒川
板橋区|蓮根3丁目,337195.03382633615,4,330792.18222563324,荒川
板橋区|蓮根3丁目,337195.03382633615,5,365.6412830122233,荒川
板橋区|相生町,165485.21146355552,1,2298.4147025499324,荒川
板橋区|相生町,165485.21146355552,1,0.08467149084709952,荒川
板橋区|相生町,165485.21146355552,1,437.2032367978095,荒川
板橋区|相生町,165485.21146355552,2,54688.21933940176,荒川
板橋区|相生町,165485.21146355552,2,26.116156358293193,荒川
板橋区|相生町,165485.21146355552,2,26.116432404401507,荒川
板橋区|相生町,165485.21146355552,3,107393.7959417879,荒川
板橋区|相生町,165485.21146355552,3,26.1223193983681,荒川
板橋区|相生町,165485.21146355552,3,26.11623774458291,荒川
板橋区|相生町,165485.21146355552,3,26.12264857155705,荒川
板橋区|相生町,165485.21146355552,3,26.1165138613867,荒川
板橋区|相生町,165485.21146355552,4,104.47734446468006,荒川
板橋区|前野町4丁目,248952.1084168556,1,6.279537031609148,荒川
板橋区|前野町4丁目,248952.1084168556,1,19.045630766181922,荒川
板橋区|前野町4丁目,248952.1084168556,1,97.47358814977498,荒川
板橋区|前野町4丁目,248952.1084168556,1,78.37017942421174,荒川
板橋区|前野町4丁目,248952.1084168556,1,391.79002664467635,荒川
板橋区|前野町4丁目,248952.1084168556,1,78.35143863564382,荒川
板橋区|前野町4丁目,248952.1084168556,1,78.35082032622435,荒川
板橋区|前野町4丁目,248952.1084168556,1,26.11714936930897,荒川
板橋区|前野町4丁目,248952.1084168556,1,52.246857091154894,荒川
板橋区|前野町4丁目,248952.1084168556,1,78.3703252420409,荒川
板橋区|前野町4丁目,248952.1084168556,1,287.32634459968784,荒川
板橋区|前野町4丁目,248952.1084168556,1,812.9403687739318,荒川
板橋区|前野町4丁目,248952.1084168556,1,3186.8491391172547,荒川
板橋区|前野町4丁目,248952.1084168556,1,2496.2355286171423,荒川
板橋区|前野町4丁目,248952.1084168556,1,1358.3306042610945,荒川
板橋区|前野町4丁目,248952.1084168556,1,26.123788352831912,荒川
板橋区|前野町4丁目,248952.1084168556,1,261.2259871862669,荒川
板橋区|前野町4丁目,248952.1084168556,1,52.24137999414124,荒川
板橋区|前野町4丁目,248952.1084168556,2,47905.3900298798,荒川
板橋区|前野町4丁目,248952.1084168556,2,26.12403721034834,荒川
板橋区|前野町5丁目,227171.40707442915,1,549.422959277015,荒川
板橋区|前野町5丁目,227171.40707442915,1,724.6056353982317,荒川
板橋区|前野町5丁目,227171.40707442915,1,8.05168303384194,荒川
板橋区|前野町5丁目,227171.40707442915,1,0.020844914507031614,荒川
板橋区|前野町5丁目,227171.40707442915,1,101.22503699596847,荒川
板橋区|前野町5丁目,227171.40707442915,1,1369.844453130485,荒川
板橋区|前野町5丁目,227171.40707442915,1,967.1220490403172,荒川
板橋区|前野町5丁目,227171.40707442915,1,493.78606207440583,荒川
板橋区|前野町5丁目,227171.40707442915,1,52.24737506706727,荒川
板橋区|前野町5丁目,227171.40707442915,1,104.4827610339632,荒川
板橋区|前野町5丁目,227171.40707442915,1,26.117677217267218,荒川
板橋区|前野町5丁目,227171.40707442915,1,26.123960128240242,荒川
板橋区|前野町5丁目,227171.40707442915,1,312.2134923002299,荒川
板橋区|前野町5丁目,227171.40707442915,1,52.24801630570158,荒川
板橋区|前野町5丁目,227171.40707442915,1,78.365854581195,荒川
板橋区|前野町5丁目,227171.40707442915,1,26.117758963720508,荒川
板橋区|前野町5丁目,227171.40707442915,1,78.36596513735091,荒川
板橋区|前野町5丁目,227171.40707442915,1,26.11748591311202,荒川
板橋区|前野町5丁目,227171.40707442915,1,26.11779961214423,荒川
板橋区|前野町5丁目,227171.40707442915,1,26.12408190027689,荒川
板橋区|前野町5丁目,227171.40707442915,1,26.117839618633695,荒川
板橋区|前野町5丁目,227171.40707442915,1,809.7919640441089,荒川
板橋区|前野町5丁目,227171.40707442915,1,27.570546853468624,荒川
板橋区|前野町5丁目,227171.40707442915,2,55677.20723234983,荒川
板橋区|前野町5丁目,227171.40707442915,2,55.56143774270671,荒川
板橋区|赤塚4丁目,259830.9938691216,1,182.82867867250562,荒川
板橋区|赤塚4丁目,259830.9938691216,1,52.02513328772315,荒川
板橋区|赤塚4丁目,259830.9938691216,1,58.49940744316148,荒川
板橋区|赤塚4丁目,259830.9938691216,1,26.113217975328197,荒川
板橋区|赤塚4丁目,259830.9938691216,1,26.119159463197896,荒川
板橋区|赤塚4丁目,259830.9938691216,1,26.119698390283197,荒川
板橋区|赤塚4丁目,259830.9938691216,1,0.33260349393059924,荒川
板橋区|赤塚4丁目,259830.9938691216,2,4238.371895399722,荒川
板橋区|赤塚4丁目,259830.9938691216,2,103.62195428329457,荒川
板橋区|赤塚4丁目,259830.9938691216,3,70.07204867365688,荒川
板橋区|赤塚5丁目,338637.1615949171,1,157.18257206161232,荒川
板橋区|赤塚5丁目,338637.1615949171,2,682.28487886285,荒川
板橋区|赤塚8丁目,120413.13653995964,1,25.62486590107695,荒川
板橋区|赤塚8丁目,120413.13653995964,2,0.0990860792192567,荒川
板橋区|四葉2丁目,202786.73540740772,1,131.4740204145886,荒川
板橋区|四葉2丁目,202786.73540740772,1,2040.5678328276438,荒川
板橋区|四葉2丁目,202786.73540740772,1,26.12044485497387,荒川
板橋区|四葉2丁目,202786.73540740772,1,26.114189774529926,荒川
板橋区|四葉2丁目,202786.73540740772,1,26.12036706090715,荒川
板橋区|四葉2丁目,202786.73540740772,1,26.120484842668013,荒川
板橋区|四葉2丁目,202786.73540740772,1,78.35690905122368,荒川
板橋区|四葉2丁目,202786.73540740772,1,156.7109002855623,荒川
板橋区|四葉2丁目,202786.73540740772,1,235.05406844788956,荒川
板橋区|四葉2丁目,202786.73540740772,1,19.388060191643408,荒川
板橋区|四葉2丁目,202786.73540740772,2,3419.2111275045377,荒川
板橋区|大門,138347.09718195914,1,273.5305233236248,荒川
板橋区|大門,138347.09718195914,1,110.77323606610366,荒川
板橋区|大門,138347.09718195914,1,31.893524181955062,荒川
板橋区|大門,138347.09718195914,1,16.12682945579515,荒川
板橋区|大門,138347.09718195914,1,0.4024233117954981,荒川
板橋区|大門,138347.09718195914,1,555.257859281222,荒川
板橋区|大門,138347.09718195914,1,3166.9775528134237,荒川
板橋区|大門,138347.09718195914,1,26.120156610815698,荒川
板橋区|大門,138347.09718195914,1,52.234293671378055,荒川
板橋区|大門,138347.09718195914,1,26.120196231872765,荒川
板橋区|大門,138347.09718195914,1,26.120418528287267,荒川
板橋区|大門,138347.09718195914,1,26.114163327415774,荒川
板橋区|大門,138347.09718195914,1,26.12045803730127,荒川
板橋区|大門,138347.09718195914,1,103.60230606027855,荒川
板橋区|大門,138347.09718195914,2,2676.0586476334593,荒川
板橋区|大門,138347.09718195914,2,26.120234538012674,荒川
板橋区|大門,138347.09718195914,2,26.12024858767645,荒川
板橋区|大門,138347.09718195914,2,177.15668461262408,荒川
板橋区|大門,138347.09718195914,2,65.353956151902,荒川
板橋区|大門,138347.09718195914,2,130.60044920570382,荒川
板橋区|三園1丁目,345783.8107203135,1,52.23919657091316,荒川
板橋区|三園1丁目,345783.8107203135,1,25.90639484996324,荒川
板橋区|三園1丁目,345783.8107203135,1,130.58518786172652,荒川
板橋区|三園1丁目,345783.8107203135,1,52.23269452969823,荒川
板橋区|三園1丁目,345783.8107203135,1,0.7008219502698377,荒川
板橋区|三園1丁目,345783.8107203135,1,26.119198687243383,荒川
板橋区|三園1丁目,345783.8107203135,1,130.57951685497298,荒川
板橋区|三園1丁目,345783.8107203135,1,103.8461015906125,荒川
板橋区|三園1丁目,345783.8107203135,1,78.35932645701874,荒川
板橋区|三園1丁目,345783.8107203135,1,52.23321441422453,荒川
板橋区|三園1丁目,345783.8107203135,1,78.57415730736699,荒川
板橋区|三園1丁目,345783.8107203135,1,26.119632303230617,荒川
板橋区|三園1丁目,345783.8107203135,1,52.23970854735219,荒川
板橋区|三園1丁目,345783.8107203135,1,26.120091175790925,荒川
板橋区|三園1丁目,345783.8107203135,2,25.834688748090432,荒川
板橋区|三園1丁目,345783.8107203135,2,129.95224513283654,荒川
板橋区|三園1丁目,345783.8107203135,2,0.2068431449013669,荒川
板橋区|三園1丁目,345783.8107203135,2,562.452822272466,荒川
板橋区|三園1丁目,345783.8107203135,2,366.4580860932452,荒川
板橋区|三園1丁目,345783.8107203135,2,52.23564004177095,荒川
板橋区|三園1丁目,345783.8107203135,2,156.69556594861763,荒川
板橋区|三園1丁目,345783.8107203135,2,26.111468232314145,荒川
板橋区|三園1丁目,345783.8107203135,2,26.117971953398367,荒川
板橋区|三園1丁目,345783.8107203135,2,52.85662664326771,荒川
板橋区|三園1丁目,345783.8107203135,2,182.80054734035872,荒川
板橋区|三園1丁目,345783.8107203135,2,25.90491991629586,荒川
板橋区|三園1丁目,345783.8107203135,2,0.20549280374667372,荒川
板橋区|三園1丁目,345783.8107203135,2,3.0010080979238034,荒川
板橋区|三園1丁目,345783.8107203135,2,156.70082075803316,荒川
板橋区|三園1丁目,345783.8107203135,2,729.7370638950678,荒川
板橋区|三園1丁目,345783.8107203135,2,78.35183819540389,荒川
板橋区|三園1丁目,345783.8107203135,2,26.119286065827772,荒川
板橋区|三園1丁目,345783.8107203135,2,26.11898624179373,荒川
板橋区|三園1丁目,345783.8107203135,2,208.9371153351926,荒川
板橋区|三園1丁目,345783.8107203135,2,26.119299889280374,荒川
板橋区|三園1丁目,345783.8107203135,2,26.113253607486833,荒川
板橋区|三園1丁目,345783.8107203135,2,130.57529132667764,荒川
板橋区|三園1丁目,345783.8107203135,2,78.35025584351874,荒川
板橋区|三園1丁目,345783.8107203135,2,130.58703616167153,荒川
板橋区|三園1丁目,345783.8107203135,2,26.1188562152449,荒川
板橋区|三園1丁目,345783.8107203135,2,238.58345058596436,荒川
板橋区|三園1丁目,345783.8107203135,2,26.11905441331165,荒川
板橋区|三園1丁目,345783.8107203135,2,52.231281990801335,荒川
板橋区|三園1丁目,345783.8107203135,2,4335.398045366196,荒川
板橋区|三園1丁目,345783.8107203135,2,287.28901367432115,荒川
板橋区|三園1丁目,345783.8107203135,2,156.07431316580787,荒川
板橋区|三園1丁目,345783.8107203135,2,130.5850630994906,荒川
板橋区|三園1丁目,345783.8107203135,2,26256.11087045741,荒川
板橋区|三園1丁目,345783.8107203135,2,35.84031358014365,荒川
板橋区|三園1丁目,345783.8107203135,2,26.11900701279447,荒川
板橋区|三園1丁目,345783.8107203135,2,26.119314073378327,荒川
板橋区|三園1丁目,345783.8107203135,2,52.23800219835743,荒川
板橋区|三園1丁目,345783.8107203135,2,26.119732355685912,荒川
板橋区|三園1丁目,345783.8107203135,2,26.119536346351044,荒川
板橋区|三園1丁目,345783.8107203135,2,261.1773249165769,荒川
板橋区|三園1丁目,345783.8107203135,2,26.119769607130927,荒川
板橋区|三園1丁目,345783.8107203135,2,182.83312650857647,荒川
板橋区|三園1丁目,345783.8107203135,2,52.23310208884988,荒川
板橋区|三園1丁目,345783.8107203135,2,1697.270951725424,荒川
板橋区|三園1丁目,345783.8107203135,2,78.35126921943937,荒川
板橋区|三園1丁目,345783.8107203135,2,78.34526506538957,荒川
板橋区|三園1丁目,345783.8107203135,2,26.118997811935603,荒川
板橋区|三園1丁目,345783.8107203135,2,0.21673521715908667,荒川
板橋区|三園1丁目,345783.8107203135,2,26.11961648652656,荒川
板橋区|三園1丁目,345783.8107203135,2,421.58858835592537,荒川
板橋区|三園1丁目,345783.8107203135,2,15.596256271446718,荒川
板橋区|三園1丁目,345783.8107203135,2,449.6760990474723,荒川
板橋区|三園1丁目,345783.8107203135,3,289874.1066161206,荒川
板橋区|三園1丁目,345783.8107203135,3,26.111526149631445,荒川
板橋区|三園1丁目,345783.8107203135,3,478.3856875685874,荒川
板橋区|三園1丁目,345783.8107203135,3,26.118750134277814,荒川
板橋区|三園1丁目,345783.8107203135,3,26.112932131293434,荒川
板橋区|三園1丁目,345783.8107203135,3,52.23937834005938,荒川
板橋区|三園1丁目,345783.8107203135,3,26.113480856520727,荒川
板橋区|三園1丁目,345783.8107203135,3,26.119775854271964,荒川
板橋区|三園1丁目,345783.8107203135,3,365.67782588082747,荒川
板橋区|三園1丁目,345783.8107203135,4,365.62304777224944,荒川
板橋区|三園1丁目,345783.8107203135,4,52.22915503504289,荒川
板橋区|三園1丁目,345783.8107203135,4,284.23975492148486,荒川
板橋区|三園1丁目,345783.8107203135,4,21.953680324268234,荒川
板橋区|三園1丁目,345783.8107203135,4,0.35164422178188226,荒川
板橋区|三園1丁目,345783.8107203135,4,7.528857567621051,荒川
板橋区|三園1丁目,345783.8107203135,4,26.11191486991021,荒川
板橋区|三園1丁目,345783.8107203135,4,26.11211096280996,荒川
板橋区|三園1丁目,345783.8107203135,4,26.117883331383073,荒川
板橋区|三園1丁目,345783.8107203135,4,26.111956126941323,荒川
板橋区|三園1丁目,345783.8107203135,4,208.93470061228732,荒川
板橋区|三園1丁目,345783.8107203135,4,26.111996484192733,荒川
板橋区|三園1丁目,345783.8107203135,4,26.118174006313215,荒川
板橋区|三園1丁目,345783.8107203135,4,26.118318684879757,荒川
板橋区|三園1丁目,345783.8107203135,4,4962.186791919514,荒川
板橋区|三園1丁目,345783.8107203135,4,3395.193965159537,荒川
板橋区|三園1丁目,345783.8107203135,4,52.23237879111003,荒川
板橋区|三園1丁目,345783.8107203135,4,417.88285538664974,荒川
板橋区|三園2丁目,248989.01568187244,2,942.3283293178088,荒川
板橋区|三園2丁目,248989.01568187244,2,51.80719095518417,荒川
板橋区|三園2丁目,248989.01568187244,2,26.116921110685233,荒川
板橋区|三園2丁目,248989.01568187244,2,52.01182498177507,荒川
板橋区|三園2丁目,248989.01568187244,2,52.2274593435846,荒川
板橋区|三園2丁目,248989.01568187244,2,26.116782974708286,荒川
板橋区|三園2丁目,248989.01568187244,2,26.11710684295545,荒川
板橋区|三園2丁目,248989.01568187244,2,4988.374337111359,荒川
板橋区|三園2丁目,248989.01568187244,2,9114.141699319107,荒川
板橋区|三園2丁目,248989.01568187244,2,194.9077951188867,荒川
板橋区|三園2丁目,248989.01568187244,3,123423.85055159371,荒川
板橋区|三園2丁目,248989.01568187244,3,6310.742923590364,荒川
板橋区|三園2丁目,248989.01568187244,3,26.11613969760106,荒川
板橋区|三園2丁目,248989.01568187244,3,104.8786845821065,荒川
板橋区|三園2丁目,248989.01568187244,3,52.232326799344165,荒川
板橋区|三園2丁目,248989.01568187244,3,470.0562495397307,荒川
板橋区|三園2丁目,248989.01568187244,3,2349.2483191740425,荒川
板橋区|三園2丁目,248989.01568187244,3,52.23270120698779,荒川
板橋区|三園2丁目,248989.01568187244,3,17867.10140674756,荒川
板橋区|三園2丁目,248989.01568187244,3,26.116704456986433,荒川
板橋区|三園2丁目,248989.01568187244,3,26.110295582855436,荒川
板橋区|三園2丁目,248989.01568187244,3,26.110625143102,荒川
板橋区|三園2丁目,248989.01568187244,3,365.6027927017372,荒川
板橋区|三園2丁目,248989.01568187244,3,26.11660849351542,荒川
板橋区|三園2丁目,248989.01568187244,3,52.22763576222371,荒川
板橋区|三園2丁目,248989.01568187244,3,239.12965238871215,荒川
板橋区|三園2丁目,248989.01568187244,3,365.61861193876086,荒川
板橋区|三園2丁目,248989.01568187244,3,69.13232933952187,荒川
板橋区|三園2丁目,248989.01568187244,3,208.9270160476049,荒川
板橋区|三園2丁目,248989.01568187244,3,52.23517571805499,荒川
板橋区|三園2丁目,248989.01568187244,3,26.1176037655799,荒川
板橋区|三園2丁目,248989.01568187244,3,26.117602128523743,荒川
板橋区|三園2丁目,248989.01568187244,3,52.23509349028486,荒川
板橋区|三園2丁目,248989.01568187244,3,26.117336232615493,荒川
板橋区|三園2丁目,248989.01568187244,3,78.34640402596506,荒川
板橋区|三園2丁目,248989.01568187244,4,114.73540299331269,荒川
板橋区|三園2丁目,248989.01568187244,4,558.8557834405036,荒川
板橋区|三園2丁目,248989.01568187244,4,66264.86492811765,荒川
板橋区|三園2丁目,248989.01568187244,4,52.22559524161975,荒川
板橋区|三園2丁目,248989.01568187244,4,26.10960698213276,荒川
板橋区|三園2丁目,248989.01568187244,4,25.402723084031017,荒川
板橋区|三園2丁目,248989.01568187244,4,18.035586527340868,荒川
板橋区|三園2丁目,248989.01568187244,4,26.11666975280065,荒川
板橋区|三園2丁目,248989.01568187244,4,864.0924544812533,荒川
板橋区|三園2丁目,248989.01568187244,4,540.7240956198453,荒川
板橋区|三園2丁目,248989.01568187244,4,26.116291622686422,荒川
板橋区|三園2丁目,248989.01568187244,4,78.3370345022901,荒川
板橋区|三園2丁目,248989.01568187244,4,78.34324521806036,荒川
板橋区|三園2丁目,248989.01568187244,4,26.116507876177238,荒川
板橋区|三園2丁目,248989.01568187244,4,261.1396052800382,荒川
板橋区|三園2丁目,248989.01568187244,4,6693.237230648095,荒川
板橋区|三園2丁目,248989.01568187244,4,52.23314444757524,荒川
板橋区|三園2丁目,248989.01568187244,4,26.116734723833567,荒川
板橋区|三園2丁目,248989.01568187244,4,89.9933684039525,荒川
板橋区|三園2丁目,248989.01568187244,4,260.30992864493317,荒川
板橋区|三園2丁目,248989.01568187244,4,808.9476185283769,荒川
板橋区|三園2丁目,248989.01568187244,4,182.79908519761003,荒川
板橋区|三園2丁目,248989.01568187244,4,13.899326781013379,荒川
板橋区|三園2丁目,248989.01568187244,4,1671.3529824805862,荒川
板橋区|三園2丁目,248989.01568187244,4,26.11764009506411,荒川
板橋区|三園2丁目,248989.01568187244,4,26.117511995348032,荒川
板橋区|三園2丁目,248989.01568187244,4,26.1112709630224,荒川
板橋区|三園2丁目,248989.01568187244,4,26.111520314987054,荒川
板橋区|三園2丁目,248989.01568187244,4,26.117393314274338,荒川
板橋区|三園2丁目,248989.01568187244,4,26.111138965482503,荒川
板橋区|三園2丁目,248989.01568187244,4,52.23548934132879,荒川
板橋区|三園2丁目,248989.01568187244,4,52.23525869070156,荒川
板橋区|三園2丁目,248989.01568187244,4,26.117625397872782,荒川
板橋区|三園2丁目,248989.01568187244,4,26.117415723672917,荒川
板橋区|三園2丁目,248989.01568187244,4,52.22882147870106,荒川
板橋区|三園2丁目,248989.01568187244,4,78.34606168380667,荒川
板橋区|三園2丁目,248989.01568187244,4,26.111179941217188,荒川
板橋区|三園2丁目,248989.01568187244,4,52.23533890548369,荒川
板橋区|三園2丁目,248989.01568187244,4,26.117683978649126,荒川
板橋区|三園2丁目,248989.01568187244,4,26.117892160792053,荒川
板橋区|三園2丁目,248989.01568187244,4,26.11767908805952,荒川
板橋区|三園2丁目,248989.01568187244,4,52.229102880833,荒川
板橋区|三園2丁目,248989.01568187244,4,26.11126458276162,荒川
板橋区|三園2丁目,248989.01568187244,5,941.3685539038121,荒川
板橋区|三園2丁目,248989.01568187244,5,650.9907046673692,荒川
板橋区|三園2丁目,248989.01568187244,5,26.11098669885423,荒川
板橋区|三園2丁目,248989.01568187244,5,134.56087171045894,荒川
板橋区|成増3丁目,331576.1150086942,1,25.176629207274196,荒川
板橋区|成増3丁目,331576.1150086942,1,26.12015003920101,荒川
板橋区|成増3丁目,331576.1150086942,1,26.120045834697677,荒川
板橋区|成増3丁目,331576.1150086942,1,87.81153504052584,荒川
板橋区|成増3丁目,331576.1150086942,1,57.24419230633184,荒川
板橋区|成増3丁目,331576.1150086942,1,130.588776593209,荒川
板橋区|成増3丁目,331576.1150086942,1,26.12047830522879,荒川
板橋区|成増3丁目,331576.1150086942,1,26.120492959146706,荒川
板橋区|成増3丁目,331576.1150086942,1,130.59000219362284,荒川
板橋区|成増3丁目,331576.1150086942,1,1305.9208180962187,荒川
板橋区|成増3丁目,331576.1150086942,1,52.23460347772617,荒川
板橋区|成増3丁目,331576.1150086942,1,26.120532234067245,荒川
板橋区|成増3丁目,331576.1150086942,1,470.1257687190602,荒川
板橋区|成増3丁目,331576.1150086942,1,26.120575263914517,荒川
板橋区|成増3丁目,331576.1150086942,1,2667.459426363981,荒川
板橋区|成増3丁目,331576.1150086942,1,26.114320142651607,荒川
板橋区|成増3丁目,331576.1150086942,1,26.120392396385036,荒川
板橋区|成増3丁目,331576.1150086942,1,26.12060162337054,荒川
板橋区|成増3丁目,331576.1150086942,1,52.241089007980186,荒川
板橋区|成増3丁目,331576.1150086942,1,26.12064142872112,荒川
板橋区|成増3丁目,331576.1150086942,1,26.114398666089457,荒川
板橋区|成増3丁目,331576.1150086942,2,20858.359942595474,荒川
板橋区|成増3丁目,331576.1150086942,2,26.120573126037023,荒川
板橋区|成増3丁目,331576.1150086942,3,5.593575055265869,荒川
板橋区|成増3丁目,331576.1150086942,3,52.23425001854687,荒川
板橋区|成増3丁目,331576.1150086942,3,1.364679245353754e-05,荒川
板橋区|成増3丁目,331576.1150086942,3,10.962910094450997,荒川
板橋区|成増3丁目,331576.1150086942,4,26.120175033812277,荒川
板橋区|成増4丁目,328276.38192582864,1,254.90057814385875,荒川
板橋区|成増4丁目,328276.38192582864,1,26.11877176091151,荒川
板橋区|成増4丁目,328276.38192582864,1,26.119307725736107,荒川
板橋区|成増4丁目,328276.38192582864,1,52.22610644547811,荒川
板橋区|成増4丁目,328276.38192582864,1,208.72652710540117,荒川
板橋区|成増4丁目,328276.38192582864,1,313.4139200410772,荒川
板橋区|成増4丁目,328276.38192582864,1,104.25148190861157,荒川
板橋区|成増4丁目,328276.38192582864,1,26.11947185359566,荒川
板橋区|成増4丁目,328276.38192582864,1,78.3523354685638,荒川
板橋区|成増4丁目,328276.38192582864,1,26.119553214621263,荒川
板橋区|成増4丁目,328276.38192582864,1,52.23277437830507,荒川
板橋区|成増4丁目,328276.38192582864,1,26.113066923070825,荒川
板橋区|成増4丁目,328276.38192582864,2,7.456156563175361,荒川
板橋区|成増4丁目,328276.38192582864,2,5487.122638956077,荒川
板橋区|成増4丁目,328276.38192582864,2,3340.056864723065,荒川
板橋区|成増4丁目,328276.38192582864,2,9.018374002625446,荒川
板橋区|成増4丁目,328276.38192582864,2,1.5773165151388004,荒川
板橋区|成増4丁目,328276.38192582864,2,6.320369535416906,荒川
板橋区|成増4丁目,328276.38192582864,3,809.0283416682869,荒川
板橋区|成増4丁目,328276.38192582864,3,20.51174396079587,荒川
板橋区|成増4丁目,328276.38192582864,3,8.684179754728328,荒川
板橋区|成増5丁目,245138.8498358152,1,156.69874411403077,荒川
板橋区|成増5丁目,245138.8498358152,1,26.11967598618083,荒川
板橋区|成増5丁目,245138.8498358152,1,654.1653666746341,荒川
板橋区|成増5丁目,245138.8498358152,1,26.11970353988862,荒川
板橋区|成増5丁目,245138.8498358152,1,26.11970444768142,荒川
板橋区|成増5丁目,245138.8498358152,1,26.119716849181618,荒川
板橋区|成増5丁目,245138.8498358152,1,26.113296797630557,荒川
板橋区|成増5丁目,245138.8498358152,1,26.11978752139947,荒川
板橋区|成増5丁目,245138.8498358152,1,52.23983353638328,荒川
板橋区|成増5丁目,245138.8498358152,1,52.2389993428666,荒川
板橋区|成増5丁目,245138.8498358152,1,0.0016548132608225786,荒川
板橋区|成増5丁目,245138.8498358152,1,52.239404997127,荒川
板橋区|成増5丁目,245138.8498358152,1,104.46839622234681,荒川
板橋区|成増5丁目,245138.8498358152,1,26.12020809420074,荒川
板橋区|成増5丁目,245138.8498358152,1,26.119921708662897,荒川
板橋区|成増5丁目,245138.8498358152,1,26.113995418781528,荒川
板橋区|成増5丁目,245138.8498358152,1,21.1042268989115,荒川
板橋区|成増5丁目,245138.8498358152,2,193.87446695367356,荒川
板橋区|成増5丁目,245138.8498358152,2,0.8317953452365783,荒川
板橋区|成増5丁目,245138.8498358152,2,26.11927242992057,荒川
板橋区|成増5丁目,245138.8498358152,2,18.65685729210885,荒川
板橋区|成増5丁目,245138.8498358152,2,15.778754524427884,荒川
板橋区|成増5丁目,245138.8498358152,2,78.35152944482954,荒川
板橋区|成増5丁目,245138.8498358152,2,26.119380820571497,荒川
板橋区|成増5丁目,245138.8498358152,2,37004.412051448504,荒川
板橋区|成増5丁目,245138.8498358152,2,756.2312246082793,荒川
板橋区|成増5丁目,245138.8498358152,2,26.73919571491824,荒川
板橋区|成増5丁目,245138.8498358152,2,79.94569060123172,荒川
板橋区|成増5丁目,245138.8498358152,2,114.99612256379645,荒川
板橋区|成増5丁目,245138.8498358152,2,523.1679051344591,荒川
板橋区|成増5丁目,245138.8498358152,2,1749.8335455054737,荒川
板橋区|成増5丁目,245138.8498358152,2,26.119026525759423,荒川
板橋区|成増5丁目,245138.8498358152,2,26.11871065762629,荒川
板橋区|成増5丁目,245138.8498358152,2,905.0778977825806,荒川
板橋区|成増5丁目,245138.8498358152,2,76.77277218668286,荒川
板橋区|成増5丁目,245138.8498358152,2,600.7026555007301,荒川
板橋区|成増5丁目,245138.8498358152,2,52.23848807816117,荒川
板橋区|成増5丁目,245138.8498358152,2,26.11914655355956,荒川
板橋区|成増5丁目,245138.8498358152,2,365.6372894716802,荒川
板橋区|成増5丁目,245138.8498358152,2,78.35769386799255,荒川
板橋区|成増5丁目,245138.8498358152,2,26.11276602235557,荒川
板橋区|成増5丁目,245138.8498358152,2,19.792394548478093,荒川
板橋区|成増5丁目,245138.8498358152,2,52.238525147197116,荒川
板橋区|成増5丁目,245138.8498358152,3,107713.50979848133,荒川
板橋区|成増5丁目,245138.8498358152,3,5.607356227721665,荒川
板橋区|成増5丁目,245138.8498358152,3,17.42887496111352,荒川
板橋区|成増5丁目,245138.8498358152,3,156.69706435615285,荒川
板橋区|成増5丁目,245138.8498358152,3,52.23883910860788,荒川
板橋区|成増5丁目,245138.8498358152,3,26.119224372876783,荒川
板橋区|成増5丁目,245138.8498358152,3,26.11285078584763,荒川
板橋区|成増5丁目,245138.8498358152,3,26.112656550990028,荒川
板橋区|成増5丁目,245138.8498358152,3,26.113219749715853,荒川
板橋区|成増5丁目,245138.8498358152,3,235.0678809566372,荒川
板橋区|成増5丁目,245138.8498358152,3,26.119333703247143,荒川
板橋区|成増5丁目,245138.8498358152,3,52.2326489928905,荒川
板橋区|成増5丁目,245138.8498358152,3,26.113136217784703,荒川
板橋区|成増5丁目,245138.8498358152,3,26.119624396855833,荒川
板橋区|成増5丁目,245138.8498358152,3,44.846995798105965,荒川
板橋区|成増5丁目,245138.8498358152,3,26.11359252039191,荒川
板橋区|成増5丁目,245138.8498358152,3,26.119665412845773,荒川
板橋区|成増5丁目,245138.8498358152,4,26.112079108668624,荒川
板橋区|成増5丁目,245138.8498358152,4,26.112287629940155,荒川
板橋区|成増5丁目,245138.8498358152,4,26.118360345147238,荒川
板橋区|成増5丁目,245138.8498358152,4,52.237139232720686,荒川
板橋区|成増5丁目,245138.8498358152,4,26.118268951939772,荒川
板橋区|成増5丁目,245138.8498358152,4,26.11232809154193,荒川
板橋区|成増5丁目,245138.8498358152,4,26.118310752404888,荒川
板橋区|成増5丁目,245138.8498358152,4,26.112369860459246,荒川
板橋区|成増5丁目,245138.8498358152,4,26.11812855528712,荒川
板橋区|成増5丁目,245138.8498358152,4,26.11845567606441,荒川
板橋区|成増5丁目,245138.8498358152,4,52.230790046503124,荒川
板橋区|成増5丁目,245138.8498358152,4,26.118705363524768,荒川
板橋区|成増5丁目,245138.8498358152,4,26.112137695837227,荒川
板橋区|成増5丁目,245138.8498358152,4,26.118523972236716,荒川
板橋区|成増5丁目,245138.8498358152,4,26.118733445397517,荒川
板橋区|成増5丁目,245138.8498358152,4,182.81136178383125,荒川
板橋区|成増5丁目,245138.8498358152,4,26.118746634911943,荒川
板橋区|成増5丁目,245138.8498358152,4,26.11856565492689,荒川
板橋区|成増5丁目,245138.8498358152,4,26.118788302851186,荒川
板橋区|成増5丁目,245138.8498358152,4,26.11253400459598,荒川
板橋区|成増5丁目,245138.8498358152,4,26.118815074312938,荒川
板橋区|成増5丁目,245138.8498358152,4,26.11882878328026,荒川
板橋区|成増5丁目,245138.8498358152,4,52.237516925001984,荒川
板橋区|成増5丁目,245138.8498358152,4,26.1124063193052,荒川
板橋区|成増5丁目,245138.8498358152,4,26.112511510676253,荒川
板橋区|成増5丁目,245138.8498358152,4,26.118897099644464,荒川
板橋区|成増5丁目,245138.8498358152,4,26.11859740888773,荒川
板橋区|成増5丁目,245138.8498358152,4,26.118911341363578,荒川
板橋区|成増5丁目,245138.8498358152,4,26.112657002696423,荒川
板橋区|成増5丁目,245138.8498358152,4,26.11897925885735,荒川
板橋区|成増5丁目,245138.8498358152,4,104.46935401494491,荒川
板橋区|成増5丁目,245138.8498358152,4,26.118993236100984,荒川
板橋区|成増5丁目,245138.8498358152,4,104.46326820508149,荒川
板橋区|成増5丁目,245138.8498358152,4,52.23805348661395,荒川
板橋区|成増5丁目,245138.8498358152,4,26.11298788052985,荒川
板橋区|成増5丁目,245138.8498358152,4,26.118747224687816,荒川
板橋区|成増5丁目,245138.8498358152,4,26.119061031479472,荒川
板橋区|成増5丁目,245138.8498358152,4,26.11886525311843,荒川
板橋区|成増5丁目,245138.8498358152,4,26.112819714298304,荒川
板橋区|徳丸1丁目,300668.81595537876,1,156.28047769275747,荒川
板橋区|徳丸1丁目,300668.81595537876,1,197.9283231930302,荒川
板橋区|徳丸1丁目,300668.81595537876,1,444.0497632500117,荒川
板橋区|徳丸1丁目,300668.81595537876,2,1127.8923355003506,荒川
板橋区|徳丸2丁目,262411.5426591377,1,4056.1579621192595,荒川
板橋区|徳丸2丁目,262411.5426591377,2,3007.4777930974524,荒川
板橋区|徳丸2丁目,262411.5426591377,2,572.4765033476929,荒川
板橋区|徳丸6丁目,275328.4927285221,1,26.122145482891717,荒川
板橋区|徳丸6丁目,275328.4927285221,1,1122.9605134154606,荒川
板橋区|徳丸6丁目,275328.4927285221,1,63.425446541521396,荒川
板橋区|徳丸6丁目,275328.4927285221,1,26.328488386627214,荒川
板橋区|徳丸6丁目,275328.4927285221,1,574.6773960962371,荒川
板橋区|徳丸6丁目,275328.4927285221,1,104.48398527039444,荒川
板橋区|徳丸6丁目,275328.4927285221,1,3347.3634045824942,荒川
板橋区|徳丸6丁目,275328.4927285221,1,26.121822173247462,荒川
板橋区|徳丸6丁目,275328.4927285221,1,210.42785659357529,荒川
板橋区|徳丸6丁目,275328.4927285221,1,156.7180117342123,荒川
板橋区|徳丸6丁目,275328.4927285221,1,26.116220102859547,荒川
板橋区|徳丸6丁目,275328.4927285221,1,130.60761858712314,荒川
板橋区|徳丸6丁目,275328.4927285221,1,522.4287798426526,荒川
板橋区|徳丸6丁目,275328.4927285221,1,208.7473077020893,荒川
板橋区|徳丸6丁目,275328.4927285221,1,104.47188565469347,荒川
板橋区|徳丸6丁目,275328.4927285221,1,104.47591037063971,荒川
板橋区|徳丸6丁目,275328.4927285221,1,1567.287968563274,荒川
板橋区|徳丸6丁目,275328.4927285221,1,52.24561658915184,荒川
板橋区|徳丸6丁目,275328.4927285221,1,105.5238780436675,荒川
板橋区|徳丸6丁目,275328.4927285221,2,40010.873476507964,荒川
板橋区|徳丸6丁目,275328.4927285221,2,80.55296126669799,荒川
板橋区|徳丸7丁目,108162.67285080429,1,2.0786204376042115e-05,荒川
板橋区|徳丸7丁目,108162.67285080429,1,52.242637773210014,荒川
板橋区|徳丸7丁目,108162.67285080429,1,104.47258557996773,荒川
板橋区|徳丸7丁目,108162.67285080429,1,26.12140507057083,荒川
板橋区|徳丸7丁目,108162.67285080429,1,52.229881155493906,荒川
板橋区|徳丸7丁目,108162.67285080429,1,52.24244475021095,荒川
板橋区|徳丸7丁目,108162.67285080429,1,104.48515051548094,荒川
板橋区|徳丸7丁目,108162.67285080429,1,26.115188751608727,荒川
板橋区|徳丸7丁目,108162.67285080429,1,209.99838697246977,荒川
板橋区|徳丸7丁目,108162.67285080429,1,26.114849692561897,荒川
板橋区|徳丸7丁目,108162.67285080429,1,78.34508559456908,荒川
板橋区|徳丸7丁目,108162.67285080429,1,26.12169323809939,荒川
板橋区|徳丸7丁目,108162.67285080429,1,78.35886428482041,荒川
板橋区|徳丸7丁目,108162.67285080429,1,0.4137402487643148,荒川
板橋区|徳丸7丁目,108162.67285080429,1,940.3070157161573,荒川
板橋区|徳丸7丁目,108162.67285080429,1,26.12176161803492,荒川
板橋区|徳丸7丁目,108162.67285080429,1,14.932710268092587,荒川
板橋区|徳丸7丁目,108162.67285080429,2,21977.840238490156,荒川
板橋区|徳丸8丁目,170446.0760446383,1,52.241575440873476,荒川
板橋区|徳丸8丁目,170446.0760446383,1,1.0324373976096632,荒川
板橋区|徳丸8丁目,170446.0760446383,1,261.18814925528943,荒川
板橋区|徳丸8丁目,170446.0760446383,1,130.58514024376376,荒川
板橋区|徳丸8丁目,170446.0760446383,1,182.39434518086784,荒川
板橋区|徳丸8丁目,170446.0760446383,1,78.36249521428923,荒川
板橋区|徳丸8丁目,170446.0760446383,1,78.3500113038721,荒川
板橋区|徳丸8丁目,170446.0760446383,1,26.120960173005955,荒川
板橋区|徳丸8丁目,170446.0760446383,1,26.11491412825135,荒川
板橋区|徳丸8丁目,170446.0760446383,1,26.114913891759965,荒川
板橋区|徳丸8丁目,170446.0760446383,1,313.40884117250715,荒川
板橋区|徳丸8丁目,170446.0760446383,1,287.2928051028645,荒川
板橋区|徳丸8丁目,170446.0760446383,1,286.6794796471855,荒川
板橋区|徳丸8丁目,170446.0760446383,1,27.15478457941078,荒川
板橋区|徳丸8丁目,170446.0760446383,1,25.907938092374465,荒川
板橋区|徳丸8丁目,170446.0760446383,1,52.2426382486798,荒川
板橋区|徳丸8丁目,170446.0760446383,1,1129.8393957733883,荒川
板橋区|徳丸8丁目,170446.0760446383,2,20093.54657211574,荒川
板橋区|徳丸8丁目,170446.0760446383,2,26.114954577244056,荒川
板橋区|徳丸8丁目,170446.0760446383,3,2458.951298169032,荒川
板橋区|高島平1丁目,463227.0363456662,2,16764.76591806005,荒川
板橋区|高島平1丁目,463227.0363456662,2,78.36240141747831,荒川
板橋区|高島平1丁目,463227.0363456662,2,78.36281209296905,荒川
板橋区|高島平1丁目,463227.0363456662,2,548.5023331300357,荒川
板橋区|高島平1丁目,463227.0363456662,2,2767.7903887961315,荒川
板橋区|高島平1丁目,463227.0363456662,2,26.121024270495457,荒川
板橋区|高島平1丁目,463227.0363456662,2,130.6012173303921,荒川
板橋区|高島平1丁目,463227.0363456662,2,1018.6354613657817,荒川
板橋区|高島平1丁目,463227.0363456662,2,26.12143129811244,荒川
板橋区|高島平1丁目,463227.0363456662,2,130.60586844384173,荒川
板橋区|高島平1丁目,463227.0363456662,3,187312.93441652047,荒川
板橋区|高島平1丁目,463227.0363456662,3,26.119314891128127,荒川
板橋区|高島平1丁目,463227.0363456662,3,52.23958070407602,荒川
板橋区|高島平1丁目,463227.0363456662,3,208.9535694110306,荒川
板橋区|高島平1丁目,463227.0363456662,3,52.23372148889024,荒川
板橋区|高島平1丁目,463227.0363456662,3,52.24008175193102,荒川
板橋区|高島平1丁目,463227.0363456662,3,2690.162308274462,荒川
板橋区|高島平1丁目,463227.0363456662,3,14025.446538219489,荒川
板橋区|高島平1丁目,463227.0363456662,3,1253.6708414089346,荒川
板橋区|高島平1丁目,463227.0363456662,3,104.46787942499782,荒川
板橋区|高島平1丁目,463227.0363456662,3,444.00341293142577,荒川
板橋区|高島平1丁目,463227.0363456662,3,1593.1964962637758,荒川
板橋区|高島平1丁目,463227.0363456662,3,1096.944339387551,荒川
板橋区|高島平1丁目,463227.0363456662,3,26.120215002935396,荒川
板橋区|高島平1丁目,463227.0363456662,3,26.120006919103975,荒川
板橋区|高島平1丁目,463227.0363456662,3,52.23405691308343,荒川
板橋区|高島平1丁目,463227.0363456662,3,1985.0122479263882,荒川
板橋区|高島平1丁目,463227.0363456662,3,78.3554991785418,荒川
板橋区|高島平1丁目,463227.0363456662,3,52.234141126132634,荒川
板橋区|高島平1丁目,463227.0363456662,3,626.8538849549146,荒川
板橋区|高島平1丁目,463227.0363456662,3,1619.329166028491,荒川
板橋区|高島平1丁目,463227.0363456662,3,26.120120560329788,荒川
板橋区|高島平1丁目,463227.0363456662,3,26.114283188021957,荒川
板橋区|高島平1丁目,463227.0363456662,3,548.4831417161597,荒川
板橋区|高島平1丁目,463227.0363456662,3,26.1202011477088,荒川
板橋区|高島平1丁目,463227.0363456662,3,261.1851384346257,荒川
板橋区|高島平1丁目,463227.0363456662,3,104.46934422481948,荒川
板橋区|高島平1丁目,463227.0363456662,3,26.114196659486723,荒川
板橋区|高島平1丁目,463227.0363456662,3,52.2407693979657,荒川
板橋区|高島平1丁目,463227.0363456662,3,287.3018651098674,荒川
板橋区|高島平1丁目,463227.0363456662,3,470.13076852168547,荒川
板橋区|高島平1丁目,463227.0363456662,3,313.42683393157137,荒川
板橋区|高島平1丁目,463227.0363456662,3,1723.8005740303129,荒川
板橋区|高島平1丁目,463227.0363456662,3,156.70430649600038,荒川
板橋区|高島平1丁目,463227.0363456662,3,104.4695728935133,荒川
板橋区|高島平1丁目,463227.0363456662,3,783.5464949076885,荒川
板橋区|高島平1丁目,463227.0363456662,3,26.120390299207337,荒川
板橋区|高島平1丁目,463227.0363456662,3,208.93934028927194,荒川
板橋区|高島平1丁目,463227.0363456662,3,888.0379442406221,荒川
板橋区|高島平1丁目,463227.0363456662,3,104.47630022409109,荒川
板橋区|高島平1丁目,463227.0363456662,3,104.47606962300178,荒川
板橋区|高島平1丁目,463227.0363456662,4,221200.21098360553,荒川
板橋区|高島平1丁目,463227.0363456662,4,52.23993493834445,荒川
板橋区|高島平1丁目,463227.0363456662,4,130.59577532374837,荒川
板橋区|高島平1丁目,463227.0363456662,4,26.120326466621698,荒川
板橋区|高島平1丁目,463227.0363456662,4,130.59620790947335,荒川
板橋区|高島平1丁目,463227.0363456662,4,391.77794232380717,荒川
板橋区|高島平1丁目,463227.0363456662,4,26.120634089472276,荒川
板橋区|高島平1丁目,463227.0363456662,4,26.120919420126075,荒川
板橋区|高島平1丁目,463227.0363456662,4,26.120712968938342,荒川
板橋区|高島平1丁目,463227.0363456662,4,26.114677791645395,荒川
板橋区|高島平2丁目,479332.95498267113,2,46843.493762629805,荒川
板橋区|高島平2丁目,479332.95498267113,2,52.2405214958308,荒川
板橋区|高島平2丁目,479332.95498267113,2,78.36120669305892,荒川
板橋区|高島平2丁目,479332.95498267113,2,26.120119997881364,荒川
板橋区|高島平2丁目,479332.95498267113,2,26.120331830688485,荒川
板橋区|高島平2丁目,479332.95498267113,2,26.113878569231776,荒川
板橋区|高島平2丁目,479332.95498267113,2,26.120173550469943,荒川
板橋区|高島平2丁目,479332.95498267113,2,26.1141274705746,荒川
板橋区|高島平2丁目,479332.95498267113,2,235.05816059165505,荒川
板橋区|高島平2丁目,479332.95498267113,2,52.24103863152102,荒川
板橋区|高島平2丁目,479332.95498267113,2,52.24062112695583,荒川
板橋区|高島平2丁目,479332.95498267113,2,208.95047464351993,荒川
板橋区|高島平2丁目,479332.95498267113,2,287.29769984577496,荒川
板橋区|高島平2丁目,479332.95498267113,2,1463.28300085137,荒川
板橋区|高島平2丁目,479332.95498267113,2,26.11474034226604,荒川
板橋区|高島平2丁目,479332.95498267113,3,303700.8423675517,荒川
板橋区|高島平2丁目,479332.95498267113,3,52.23225258354887,荒川
板橋区|高島平2丁目,479332.95498267113,3,52.237933673579526,荒川
板橋区|高島平2丁目,479332.95498267113,3,783.5122324579278,荒川
板橋区|高島平2丁目,479332.95498267113,3,339.5130271499928,荒川
板橋区|高島平2丁目,479332.95498267113,3,130.58393867851737,荒川
板橋区|高島平2丁目,479332.95498267113,3,235.0738143603095,荒川
板橋区|高島平2丁目,479332.95498267113,3,156.69771137280406,荒川
板橋区|高島平2丁目,479332.95498267113,3,626.8165942083104,荒川
板橋区|高島平2丁目,479332.95498267113,3,52.23217634329522,荒川
板橋区|高島平2丁目,479332.95498267113,3,52.22610596362675,荒川
板橋区|高島平2丁目,479332.95498267113,3,52.23889683890825,荒川
板橋区|高島平2丁目,479332.95498267113,3,78.35833980269467,荒川
板橋区|高島平2丁目,479332.95498267113,3,130.58424706456438,荒川
板橋区|高島平2丁目,479332.95498267113,3,156.69702421538327,荒川
板橋区|高島平2丁目,479332.95498267113,3,78.35845934006596,荒川
板橋区|高島平2丁目,479332.95498267113,3,26.11928939991804,荒川
板橋区|高島平2丁目,479332.95498267113,3,52.239052144537084,荒川
板橋区|高島平2丁目,479332.95498267113,3,182.81823811416663,荒川
板橋区|高島平2丁目,479332.95498267113,3,26.113653701578116,荒川
板橋区|高島平2丁目,479332.95498267113,3,1462.6045310109268,荒川
板橋区|高島平2丁目,479332.95498267113,3,26.11986056975412,荒川
板橋区|高島平2丁目,479332.95498267113,3,26.120018009104427,荒川
板橋区|高島平2丁目,479332.95498267113,3,26.120512560666782,荒川
板橋区|高島平2丁目,479332.95498267113,3,26.114087568764276,荒川
板橋区|高島平2丁目,479332.95498267113,3,52.24062379494546,荒川
板橋区|高島平2丁目,479332.95498267113,3,26.120915473033158,荒川
板橋区|高島平2丁目,479332.95498267113,3,470.14241324721235,荒川
板橋区|高島平2丁目,479332.95498267113,3,26.120505569677753,荒川
板橋区|高島平2丁目,479332.95498267113,3,130.58339119679786,荒川
板橋区|高島平2丁目,479332.95498267113,3,52.22836930721533,荒川
板橋区|高島平2丁目,479332.95498267113,3,26.114725356623197,荒川
板橋区|高島平2丁目,479332.95498267113,4,120172.99561759207,荒川
板橋区|高島平2丁目,479332.95498267113,4,52.23957029493033,荒川
板橋区|高島平2丁目,479332.95498267113,4,78.3411693244027,荒川
板橋区|高島平2丁目,479332.95498267113,4,22.197187995624184,荒川
板橋区|高島平2丁目,479332.95498267113,4,26.119969970784428,荒川
板橋区|高島平2丁目,479332.95498267113,4,104.47453058742423,荒川
板橋区|高島平2丁目,479332.95498267113,4,26.119003578025595,荒川
板橋区|高島平2丁目,479332.95498267113,4,26.11973105696896,荒川
板橋区|高島平2丁目,479332.95498267113,4,78.35303536930515,荒川
板橋区|高島平3丁目,436516.22335263086,1,22.757975461648247,荒川
板橋区|高島平3丁目,436516.22335263086,2,34693.621705362755,荒川
板橋区|高島平3丁目,436516.22335263086,2,26.11373691675673,荒川
板橋区|高島平3丁目,436516.22335263086,2,26.113668178316008,荒川
板橋区|高島平3丁目,436516.22335263086,2,1802.1694746059823,荒川
板橋区|高島平3丁目,436516.22335263086,2,52.23506848327584,荒川
板橋区|高島平3丁目,436516.22335263086,2,26.114304466826074,荒川
板橋区|高島平3丁目,436516.22335263086,2,26.120586230578837,荒川
板橋区|高島平3丁目,436516.22335263086,2,261.1746185969935,荒川
板橋区|高島平3丁目,436516.22335263086,3,234851.86314738504,荒川
板橋区|高島平3丁目,436516.22335263086,3,26.112533807875778,荒川
板橋区|高島平3丁目,436516.22335263086,3,548.4576161419474,荒川
板橋区|高島平3丁目,436516.22335263086,3,470.10713716172285,荒川
板橋区|高島平3丁目,436516.22335263086,3,1358.0669084226047,荒川
板橋区|高島平3丁目,436516.22335263086,3,78.35764371496774,荒川
板橋区|高島平3丁目,436516.22335263086,3,52.2375295716703,荒川
板橋区|高島平3丁目,436516.22335263086,3,182.82199073712283,荒川
板橋区|高島平3丁目,436516.22335263086,3,26.119106344856608,荒川
板橋区|高島平3丁目,436516.22335263086,3,104.46322448293655,荒川
板橋区|高島平3丁目,436516.22335263086,3,78.34423247200672,荒川
板橋区|高島平3丁目,436516.22335263086,3,52.22529768452551,荒川
板橋区|高島平3丁目,436516.22335263086,3,26.113220328853444,荒川
板橋区|高島平3丁目,436516.22335263086,3,52.22602342136248,荒川
板橋区|高島平3丁目,436516.22335263086,3,26.113221033116,荒川
板橋区|高島平3丁目,436516.22335263086,3,78.3554339621847,荒川
板橋区|高島平3丁目,436516.22335263086,3,26.112293621118788,荒川
板橋区|高島平3丁目,436516.22335263086,3,26.119070731308444,荒川
板橋区|高島平3丁目,436516.22335263086,3,2246.089293579618,荒川
板橋区|高島平3丁目,436516.22335263086,3,52.23813246983117,荒川
板橋区|高島平3丁目,436516.22335263086,3,52.22562998074716,荒川
板橋区|高島平3丁目,436516.22335263086,3,26.113020681563885,荒川
板橋区|高島平3丁目,436516.22335263086,3,313.4141781061265,荒川
板橋区|高島平3丁目,436516.22335263086,3,26.11909193033351,荒川
板橋区|高島平3丁目,436516.22335263086,3,104.46391150763674,荒川
板橋区|高島平3丁目,436516.22335263086,3,966.3203919696708,荒川
板橋区|高島平3丁目,436516.22335263086,3,313.4031988500358,荒川
板橋区|高島平3丁目,436516.22335263086,3,26.11330129863024,荒川
板橋区|高島平3丁目,436516.22335263086,3,26.11308481624823,荒川
板橋区|高島平3丁目,436516.22335263086,3,2455.0462439077037,荒川
板橋区|高島平3丁目,436516.22335263086,3,26.12020226577172,荒川
板橋区|高島平3丁目,436516.22335263086,3,26.1139469028537,荒川
板橋区|高島平3丁目,436516.22335263086,3,26.12028203424523,荒川
板橋区|高島平3丁目,436516.22335263086,3,104.48221486839932,荒川
板橋区|高島平3丁目,436516.22335263086,4,152235.91598175294,荒川
板橋区|高島平3丁目,436516.22335263086,4,30.03693583937794,荒川
板橋区|高島平3丁目,436516.22335263086,4,26.11868903097141,荒川
板橋区|高島平3丁目,436516.22335263086,4,652.9160871284805,荒川
板橋区|高島平3丁目,436516.22335263086,4,104.46941219237834,荒川
板橋区|高島平3丁目,436516.22335263086,4,26.113025714373805,荒川
板橋区|高島平3丁目,436516.22335263086,4,26.119097872178752,荒川
板橋区|高島平3丁目,436516.22335263086,4,26.112684861695683,荒川
板橋区|高島平3丁目,436516.22335263086,4,26.119174948588682,荒川
板橋区|高島平3丁目,436516.22335263086,4,26.119437711326558,荒川
板橋区|高島平3丁目,436516.22335263086,4,2.060837643383903,荒川
板橋区|高島平3丁目,436516.22335263086,4,26.112928805417727,荒川
板橋区|高島平3丁目,436516.22335263086,4,28.18876410426538,荒川
板橋区|高島平3丁目,436516.22335263086,4,757.4087655717101,荒川
板橋区|高島平3丁目,436516.22335263086,4,287.28323494808643,荒川
板橋区|高島平3丁目,436516.22335263086,4,26.119726772947043,荒川
板橋区|高島平3丁目,436516.22335263086,4,26.11347080734438,荒川
板橋区|高島平3丁目,436516.22335263086,4,26.119543187162378,荒川
板橋区|高島平3丁目,436516.22335263086,4,339.52306330839656,荒川
板橋区|高島平3丁目,436516.22335263086,4,26.119595931432393,荒川
板橋区|高島平4丁目,214586.57990306776,1,1960.0896009402616,荒川
板橋区|高島平4丁目,214586.57990306776,1,3529.776951550754,荒川
板橋区|高島平4丁目,214586.57990306776,1,26.119848086965348,荒川
板橋区|高島平4丁目,214586.57990306776,1,1618.9098669990265,荒川
板橋区|高島平4丁目,214586.57990306776,1,95.4250299024733,荒川
板橋区|高島平4丁目,214586.57990306776,1,271.17394073353614,荒川
板橋区|高島平4丁目,214586.57990306776,1,313.4269390878835,荒川
板橋区|高島平4丁目,214586.57990306776,1,51.825086581084726,荒川
板橋区|高島平4丁目,214586.57990306776,1,26.11396065378435,荒川
板橋区|高島平4丁目,214586.57990306776,1,1018.5939941316105,荒川
板橋区|高島平4丁目,214586.57990306776,1,149.92754588645485,荒川
板橋区|高島平4丁目,214586.57990306776,1,19.461914250752773,荒川
板橋区|高島平4丁目,214586.57990306776,1,26.119904521877167,荒川
板橋区|高島平4丁目,214586.57990306776,2,0.41744008283762557,荒川
板橋区|高島平4丁目,214586.57990306776,2,26.119484670250415,荒川
板橋区|高島平4丁目,214586.57990306776,2,36592.34867723478,荒川
板橋区|高島平4丁目,214586.57990306776,2,26.119591179258776,荒川
板橋区|高島平4丁目,214586.57990306776,2,235.05131820446263,荒川
板橋区|高島平4丁目,214586.57990306776,2,52.23956477181989,荒川
板橋区|高島平4丁目,214586.57990306776,2,130.57986640382043,荒川
板橋区|高島平4丁目,214586.57990306776,2,104.46617585794658,荒川
板橋区|高島平4丁目,214586.57990306776,2,78.35294270774493,荒川
板橋区|高島平4丁目,214586.57990306776,2,26.113468274111142,荒川
板橋区|高島平4丁目,214586.57990306776,2,26.11954064808048,荒川
板橋区|高島平4丁目,214586.57990306776,2,26.11954086866126,荒川
板橋区|高島平4丁目,214586.57990306776,2,52.22742388574725,荒川
板橋区|高島平4丁目,214586.57990306776,3,93035.79343805418,荒川
板橋区|高島平4丁目,214586.57990306776,3,470.08570082942515,荒川
板橋区|高島平4丁目,214586.57990306776,3,26.11859192615705,荒川
板橋区|高島平4丁目,214586.57990306776,3,52.237237781562264,荒川
板橋区|高島平4丁目,214586.57990306776,3,2611.6623634588454,荒川
板橋区|高島平4丁目,214586.57990306776,3,156.69227829224525,荒川
板橋区|高島平4丁目,214586.57990306776,3,235.0556623294391,荒川
板橋区|高島平4丁目,214586.57990306776,3,26.118911248224965,荒川
板橋区|高島平4丁目,214586.57990306776,3,365.6367431237185,荒川
板橋区|高島平4丁目,214586.57990306776,3,26.11850451929961,荒川
板橋区|高島平4丁目,214586.57990306776,3,208.9435355579158,荒川
板橋区|高島平4丁目,214586.57990306776,3,104.47514116820773,荒川
板橋区|高島平4丁目,214586.57990306776,3,78.35637367524008,荒川
板橋区|高島平4丁目,214586.57990306776,3,1540.848075047803,荒川
板橋区|高島平4丁目,214586.57990306776,3,26.118990041871392,荒川
板橋区|高島平4丁目,214586.57990306776,3,52.23758419393959,荒川
板橋区|高島平4丁目,214586.57990306776,3,156.7006596185745,荒川
板橋区|高島平4丁目,214586.57990306776,3,626.8012090696899,荒川
板橋区|高島平4丁目,214586.57990306776,3,52.231153995528146,荒川
板橋区|高島平4丁目,214586.57990306776,3,26.112332039901357,荒川
板橋区|高島平4丁目,214586.57990306776,3,26.118142654909754,荒川
板橋区|高島平4丁目,214586.57990306776,3,78.33608104481769,荒川
板橋区|高島平4丁目,214586.57990306776,3,156.69718408198113,荒川
板橋区|高島平4丁目,214586.57990306776,3,52.23042202652493,荒川
板橋区|高島平4丁目,214586.57990306776,3,548.4391030846803,荒川
板橋区|高島平4丁目,214586.57990306776,3,443.98398093174865,荒川
板橋区|高島平4丁目,214586.57990306776,3,26.119087229216227,荒川
板橋区|高島平4丁目,214586.57990306776,3,26.11820930246845,荒川
板橋区|高島平4丁目,214586.57990306776,3,26.11862598438607,荒川
板橋区|高島平4丁目,214586.57990306776,3,548.4369883315381,荒川
板橋区|高島平4丁目,214586.57990306776,3,52.23714538026546,荒川
板橋区|高島平4丁目,214586.57990306776,3,26.11868413471154,荒川
板橋区|高島平4丁目,214586.57990306776,3,391.7457609910145,荒川
板橋区|高島平4丁目,214586.57990306776,3,2063.1981395846933,荒川
板橋区|高島平4丁目,214586.57990306776,3,8.711874275051303,荒川
板橋区|高島平4丁目,214586.57990306776,3,156.70501637415373,荒川
板橋区|高島平4丁目,214586.57990306776,3,26.11964786709779,荒川
板橋区|高島平4丁目,214586.57990306776,3,26.119881575351236,荒川
板橋区|高島平4丁目,214586.57990306776,3,26.119556356306457,荒川
板橋区|高島平4丁目,214586.57990306776,4,60841.743121409825,荒川
板橋区|高島平4丁目,214586.57990306776,4,78.34912670545842,荒川
板橋区|高島平4丁目,214586.57990306776,4,26.11838632795076,荒川
板橋区|高島平4丁目,214586.57990306776,4,26.112422191364317,荒川
板橋区|高島平4丁目,214586.57990306776,4,26.11879549736593,荒川
板橋区|高島平4丁目,214586.57990306776,4,27.706643173054594,荒川
板橋区|高島平4丁目,214586.57990306776,4,26.119209133080105,荒川
板橋区|高島平4丁目,214586.57990306776,4,104.46349366046393,荒川
板橋区|高島平4丁目,214586.57990306776,4,313.4093173560117,荒川
板橋区|高島平4丁目,214586.57990306776,4,182.82731869528368,荒川
板橋区|高島平4丁目,214586.57990306776,4,52.23812703915287,荒川
板橋区|高島平4丁目,214586.57990306776,4,130.58999003552503,荒川
板橋区|高島平4丁目,214586.57990306776,4,26.119515860641513,荒川
板橋区|高島平4丁目,214586.57990306776,4,26.118864042396496,荒川
板橋区|高島平4丁目,214586.57990306776,4,26.11939950374235,荒川
板橋区|高島平4丁目,214586.57990306776,4,26.11335454578623,荒川
板橋区|高島平4丁目,214586.57990306776,4,24.052514507185254,荒川
板橋区|高島平4丁目,214586.57990306776,4,650.8846433851681,荒川
板橋区|高島平4丁目,214586.57990306776,4,104.47770493050602,荒川
板橋区|高島平5丁目,266148.09600432613,1,26.11992545933073,荒川
板橋区|高島平5丁目,266148.09600432613,1,1645.4148994529764,荒川
板橋区|高島平5丁目,266148.09600432613,1,26.119770795371743,荒川
板橋区|高島平5丁目,266148.09600432613,1,52.2398219874148,荒川
板橋区|高島平5丁目,266148.09600432613,1,78.35316072359561,荒川
板橋区|高島平5丁目,266148.09600432613,1,2805.5463058599653,荒川
板橋区|高島平5丁目,266148.09600432613,1,98.16727382941397,荒川
板橋区|高島平5丁目,266148.09600432613,1,177.02175222014955,荒川
板橋区|高島平5丁目,266148.09600432613,1,9.05480042294705,荒川
板橋区|高島平5丁目,266148.09600432613,2,287.2953860311367,荒川
板橋区|高島平5丁目,266148.09600432613,2,104.46481338703465,荒川
板橋区|高島平5丁目,266148.09600432613,2,8476.656029058442,荒川
板橋区|高島平5丁目,266148.09600432613,2,1070.8246462563213,荒川
板橋区|高島平5丁目,266148.09600432613,2,0.5833464927940385,荒川
板橋区|高島平5丁目,266148.09600432613,2,130.5855440227929,荒川
板橋区|高島平5丁目,266148.09600432613,2,52.23286818785981,荒川
板橋区|高島平5丁目,266148.09600432613,2,52.23275952074887,荒川
板橋区|高島平5丁目,266148.09600432613,2,783.528277729484,荒川
板橋区|高島平5丁目,266148.09600432613,2,182.81525141934617,荒川
板橋区|高島平5丁目,266148.09600432613,2,26.119430674696382,荒川
板橋区|高島平5丁目,266148.09600432613,2,26.11965292905951,荒川
板橋区|高島平5丁目,266148.09600432613,2,78.35119754593008,荒川
板橋区|高島平5丁目,266148.09600432613,2,26.119717611256515,荒川
板橋区|高島平5丁目,266148.09600432613,2,22.41481437389553,荒川
板橋区|高島平5丁目,266148.09600432613,2,26.119730333834667,荒川
板橋区|高島平5丁目,266148.09600432613,2,10.523517112422391,荒川
板橋区|高島平5丁目,266148.09600432613,2,12.99963846705716,荒川
板橋区|高島平5丁目,266148.09600432613,3,206758.79494327636,荒川
板橋区|高島平5丁目,266148.09600432613,3,2376.5998959169347,荒川
板橋区|高島平5丁目,266148.09600432613,3,15.6636513288417,荒川
板橋区|高島平5丁目,266148.09600432613,3,37.50434448067339,荒川
板橋区|高島平5丁目,266148.09600432613,3,21.50504669632387,荒川
板橋区|高島平5丁目,266148.09600432613,3,17.82325954599762,荒川
板橋区|高島平5丁目,266148.09600432613,3,26.118324061685048,荒川
板橋区|高島平5丁目,266148.09600432613,3,78.33495469849272,荒川
板橋区|高島平5丁目,266148.09600432613,3,52.23628248122436,荒川
板橋区|高島平5丁目,266148.09600432613,3,26.118718887005315,荒川
板橋区|高島平5丁目,266148.09600432613,3,26.11806664287699,荒川
板橋区|高島平5丁目,266148.09600432613,3,783.4800023411418,荒川
板橋区|高島平5丁目,266148.09600432613,3,26.118313987906227,荒川
板橋区|高島平5丁目,266148.09600432613,3,3160.0622695041648,荒川
板橋区|高島平5丁目,266148.09600432613,3,52.236490926196566,荒川
板橋区|高島平5丁目,266148.09600432613,3,26.118551552887773,荒川
板橋区|高島平5丁目,266148.09600432613,3,78.34871276900576,荒川
板橋区|高島平5丁目,266148.09600432613,3,52.224282319611135,荒川
板橋区|高島平5丁目,266148.09600432613,3,783.4896828471814,荒川
板橋区|高島平5丁目,266148.09600432613,3,104.46712263606548,荒川
板橋区|高島平5丁目,266148.09600432613,3,78.34884925847985,荒川
板橋区|高島平5丁目,266148.09600432613,3,26.118254729257114,荒川
板橋区|高島平5丁目,266148.09600432613,3,574.5629742928177,荒川
板橋区|高島平5丁目,266148.09600432613,3,52.23700599542375,荒川
板橋区|高島平5丁目,266148.09600432613,3,182.8171558313006,荒川
板橋区|高島平5丁目,266148.09600432613,3,2002.2758184406748,荒川
板橋区|高島平5丁目,266148.09600432613,3,78.3489253937859,荒川
板橋区|高島平5丁目,266148.09600432613,3,26.118585604498357,荒川
板橋区|高島平5丁目,266148.09600432613,3,26.119599876885868,荒川
板橋区|高島平5丁目,266148.09600432613,3,52.23318062733701,荒川
板橋区|高島平5丁目,266148.09600432613,3,26.119653067025045,荒川
板橋区|高島平5丁目,266148.09600432613,3,26.113189254600094,荒川
板橋区|高島平5丁目,266148.09600432613,4,29762.40556271119,荒川
板橋区|高島平5丁目,266148.09600432613,4,52.22365169724186,荒川
板橋区|高島平5丁目,266148.09600432613,4,52.229737915762094,荒川
板橋区|高島平5丁目,266148.09600432613,4,51.878905812255645,荒川
板橋区|高島平5丁目,266148.09600432613,4,26.11831754140019,荒川
板橋区|高島平5丁目,266148.09600432613,4,52.23692965352196,荒川
板橋区|高島平5丁目,266148.09600432613,4,26.11847748803782,荒川
板橋区|高島平5丁目,266148.09600432613,4,26.112431787644766,荒川
板橋区|高島平5丁目,266148.09600432613,4,26.111993359497422,荒川
板橋区|高島平5丁目,266148.09600432613,4,26.112551486627645,荒川
板橋区|高島平5丁目,266148.09600432613,4,26.118641367963413,荒川
板橋区|高島平5丁目,266148.09600432613,4,26.11238672440097,荒川
板橋区|高島平5丁目,266148.09600432613,4,235.05671104211333,荒川
板橋区|高島平5丁目,266148.09600432613,4,313.413319492659,荒川
板橋区|高島平5丁目,266148.09600432613,4,26.112376615273202,荒川
板橋区|高島平5丁目,266148.09600432613,4,24.524942627269237,荒川
板橋区|高島平5丁目,266148.09600432613,4,26.1126675607835,荒川
板橋区|高島平5丁目,266148.09600432613,4,26.11291545347719,荒川
板橋区|高島平6丁目,358569.6840175866,2,1610.4861147331628,荒川
板橋区|高島平6丁目,358569.6840175866,3,102590.53601364329,荒川
板橋区|高島平6丁目,358569.6840175866,3,8557.746270548658,荒川
板橋区|高島平6丁目,358569.6840175866,3,1658.4177223059346,荒川
板橋区|高島平6丁目,358569.6840175866,3,10.615315508683146,荒川
板橋区|高島平6丁目,358569.6840175866,3,33.602866007786616,荒川
板橋区|高島平6丁目,358569.6840175866,3,26.110452152405603,荒川
板橋区|高島平6丁目,358569.6840175866,3,34.986547034544465,荒川
板橋区|高島平6丁目,358569.6840175866,3,26.11673139696132,荒川
板橋区|高島平6丁目,358569.6840175866,3,52.233459483713496,荒川
板橋区|高島平6丁目,358569.6840175866,3,26.116743009075723,荒川
板橋区|高島平6丁目,358569.6840175866,3,52.22097729950214,荒川
板橋区|高島平6丁目,358569.6840175866,3,104.46710437550298,荒川
板橋区|高島平6丁目,358569.6840175866,3,26.11052843898452,荒川
板橋区|高島平6丁目,358569.6840175866,3,26.11064720317166,荒川
板橋区|高島平6丁目,358569.6840175866,3,182.812345138026,荒川
板橋区|高島平6丁目,358569.6840175866,3,156.68313466062358,荒川
板橋区|高島平6丁目,358569.6840175866,3,26.11697454545711,荒川
板橋区|高島平6丁目,358569.6840175866,3,26.117020454415304,荒川
板橋区|高島平6丁目,358569.6840175866,3,26.116841332708596,荒川
板橋区|高島平6丁目,358569.6840175866,3,26.11707044934745,荒川
板橋区|高島平6丁目,358569.6840175866,3,26.116878787822387,荒川
板橋区|高島平6丁目,358569.6840175866,3,78.34493141284594,荒川
板橋区|高島平6丁目,358569.6840175866,3,3196.4904642416714,荒川
板橋区|高島平6丁目,358569.6840175866,3,104.45555948474036,荒川
板橋区|高島平6丁目,358569.6840175866,3,26.117177710410743,荒川
板橋区|高島平6丁目,358569.6840175866,3,1436.320512058573,荒川
板橋区|高島平6丁目,358569.6840175866,3,78.34541508929678,荒川
板橋区|高島平6丁目,358569.6840175866,3,52.23443911025025,荒川
板橋区|高島平6丁目,358569.6840175866,3,26.116939158005245,荒川
板橋区|高島平6丁目,358569.6840175866,3,26.117089132133113,荒川
板橋区|高島平6丁目,358569.6840175866,3,26.111252876473184,荒川
板橋区|高島平6丁目,358569.6840175866,3,208.9261650192542,荒川
板橋区|高島平6丁目,358569.6840175866,3,52.23424530857914,荒川
板橋区|高島平6丁目,358569.6840175866,3,22.018835275360953,荒川
板橋区|高島平6丁目,358569.6840175866,3,626.7560946735673,荒川
板橋区|高島平6丁目,358569.6840175866,3,52.222167628952626,荒川
板橋区|高島平6丁目,358569.6840175866,3,26.117377719696478,荒川
板橋区|高島平6丁目,358569.6840175866,3,52.235050616205456,荒川
板橋区|高島平6丁目,358569.6840175866,3,9.201005381749763,荒川
板橋区|高島平6丁目,358569.6840175866,3,52.22235806334563,荒川
板橋区|高島平6丁目,358569.6840175866,3,861.8077544415239,荒川
板橋区|高島平6丁目,358569.6840175866,3,52.2289389175792,荒川
板橋区|高島平6丁目,358569.6840175866,3,10.454410489326703,荒川
板橋区|高島平6丁目,358569.6840175866,3,537.0492303773262,荒川
板橋区|高島平6丁目,358569.6840175866,3,30.718593209830228,荒川
板橋区|高島平6丁目,358569.6840175866,3,8.295050340238742,荒川
板橋区|高島平6丁目,358569.6840175866,3,52.23641507951291,荒川
板橋区|高島平6丁目,358569.6840175866,3,26.117903985369537,荒川
板橋区|高島平6丁目,358569.6840175866,3,391.76063112135563,荒川
板橋区|高島平6丁目,358569.6840175866,4,222523.01576266804,荒川
板橋区|高島平6丁目,358569.6840175866,4,104.44900159008237,荒川
板橋区|高島平6丁目,358569.6840175866,4,52.23424753954142,荒川
板橋区|高島平6丁目,358569.6840175866,4,287.2682386915068,荒川
板橋区|高島平6丁目,358569.6840175866,4,52.22154317980348,荒川
板橋区|高島平6丁目,358569.6840175866,4,52.226707810626024,荒川
板橋区|高島平6丁目,358569.6840175866,4,26.110620930384805,荒川
板橋区|高島平6丁目,358569.6840175866,4,78.34967850989513,荒川
板橋区|高島平6丁目,358569.6840175866,4,5719.241969120556,荒川
板橋区|高島平6丁目,358569.6840175866,4,26.11036198861757,荒川
板橋区|高島平6丁目,358569.6840175866,4,26.11730004127194,荒川
板橋区|高島平6丁目,358569.6840175866,4,26.111059409261237,荒川
板橋区|高島平6丁目,358569.6840175866,4,26.110684926989464,荒川
板橋区|高島平6丁目,358569.6840175866,4,1331.8542331324988,荒川
板橋区|高島平6丁目,358569.6840175866,4,992.3664227734263,荒川
板橋区|高島平6丁目,358569.6840175866,4,417.8317593646348,荒川
板橋区|高島平6丁目,358569.6840175866,4,26.1174749290698,荒川
板橋区|高島平6丁目,358569.6840175866,4,52.234463574894086,荒川
板橋区|高島平6丁目,358569.6840175866,4,26.11726155078855,荒川
板橋区|高島平6丁目,358569.6840175866,4,52.228923088704875,荒川
板橋区|高島平6丁目,358569.6840175866,4,835.6872093744948,荒川
板橋区|高島平6丁目,358569.6840175866,4,26.111047709824394,荒川
板橋区|高島平6丁目,358569.6840175866,4,313.40467948913937,荒川
板橋区|高島平6丁目,358569.6840175866,4,26.117434173214594,荒川
板橋区|高島平6丁目,358569.6840175866,4,78.34704067950298,荒川
板橋区|高島平6丁目,358569.6840175866,4,182.80492853220514,荒川
板橋区|高島平6丁目,358569.6840175866,4,26.111499311018513,荒川
板橋区|高島平6丁目,358569.6840175866,4,26.111745994249937,荒川
板橋区|高島平6丁目,358569.6840175866,4,52.22306993729522,荒川
板橋区|高島平6丁目,358569.6840175866,4,26.117816368857387,荒川
板橋区|高島平6丁目,358569.6840175866,4,626.7844660863841,荒川
板橋区|高島平6丁目,358569.6840175866,4,339.51259643204577,荒川
板橋区|高島平6丁目,358569.6840175866,4,26.11141418385047,荒川
板橋区|高島平6丁目,358569.6840175866,4,26.118125099267566,荒川
板橋区|高島平6丁目,358569.6840175866,4,26.111661317926085,荒川
板橋区|高島平6丁目,358569.6840175866,4,78.35403737905439,荒川
板橋区|高島平6丁目,358569.6840175866,4,26.11793755814361,荒川
板橋区|高島平6丁目,358569.6840175866,4,26.118159614664243,荒川
板橋区|高島平6丁目,358569.6840175866,5,212.7399456741517,荒川
板橋区|高島平6丁目,358569.6840175866,5,261.14772557942956,荒川
板橋区|高島平7丁目,261710.8954952516,3,12635.77380825892,荒川
板橋区|高島平7丁目,261710.8954952516,3,78.35239061644074,荒川
板橋区|高島平7丁目,261710.8954952516,4,248667.8780843233,荒川
板橋区|高島平7丁目,261710.8954952516,4,328.89140930245287,荒川
板橋区|高島平8丁目,196427.07749911968,3,11926.23133313949,荒川
板橋区|高島平8丁目,196427.07749911968,3,12308.723038958946,荒川
板橋区|高島平8丁目,196427.07749911968,3,26.111381634158885,荒川
板橋区|高島平8丁目,196427.07749911968,3,992.4119133200348,荒川
板橋区|高島平8丁目,196427.07749911968,3,78.33467337164167,荒川
板橋区|高島平8丁目,196427.07749911968,3,208.93058742984226,荒川
板橋区|高島平8丁目,196427.07749911968,3,104.45918977299739,荒川
板橋区|高島平8丁目,196427.07749911968,3,365.62008034973076,荒川
板橋区|高島平8丁目,196427.07749911968,3,26.11175057947879,荒川
板橋区|高島平8丁目,196427.07749911968,3,52.23029218209905,荒川
板橋区|高島平8丁目,196427.07749911968,3,26.118026373087353,荒川
板橋区|高島平8丁目,196427.07749911968,3,26.118457612635627,荒川
板橋区|高島平8丁目,196427.07749911968,3,78.35472779470068,荒川
板橋区|高島平8丁目,196427.07749911968,4,170130.2967512505,荒川
板橋区|高島平8丁目,196427.07749911968,4,26.111997699755502,荒川
板橋区|高島平8丁目,196427.07749911968,4,50.91392605777843,荒川
板橋区|高島平9丁目,463492.2367788046,3,165430.00787812262,荒川
板橋区|高島平9丁目,463492.2367788046,3,58556.12740013106,荒川
板橋区|高島平9丁目,463492.2367788046,3,52.22941972249262,荒川
板橋区|高島平9丁目,463492.2367788046,3,104.46438588283664,荒川
板橋区|高島平9丁目,463492.2367788046,3,182.81240014034893,荒川
板橋区|高島平9丁目,463492.2367788046,3,52.22945987952991,荒川
板橋区|高島平9丁目,463492.2367788046,3,26.11879871036672,荒川
板橋区|高島平9丁目,463492.2367788046,3,2559.428330830597,荒川
板橋区|高島平9丁目,463492.2367788046,3,1619.2266278742425,荒川
板橋区|高島平9丁目,463492.2367788046,3,104.45967350808046,荒川
板橋区|高島平9丁目,463492.2367788046,3,78.34815172079847,荒川
板橋区|高島平9丁目,463492.2367788046,3,26.118545558219296,荒川
板橋区|高島平9丁目,463492.2367788046,3,104.46266859351687,荒川
板橋区|高島平9丁目,463492.2367788046,3,2272.1496767199365,荒川
板橋区|高島平9丁目,463492.2367788046,3,679.0486922954943,荒川
板橋区|高島平9丁目,463492.2367788046,3,26.11814187253379,荒川
板橋区|高島平9丁目,463492.2367788046,3,0.6274127189899897,荒川
板橋区|高島平9丁目,463492.2367788046,3,2925.037641086611,荒川
板橋区|高島平9丁目,463492.2367788046,3,2690.021492147997,荒川
板橋区|高島平9丁目,463492.2367788046,3,51.81068038371239,荒川
板橋区|高島平9丁目,463492.2367788046,3,78.34882378972134,荒川
板橋区|高島平9丁目,463492.2367788046,3,78.35067687063852,荒川
板橋区|高島平9丁目,463492.2367788046,3,26.112862670422775,荒川
板橋区|高島平9丁目,463492.2367788046,3,182.83515079581474,荒川
板橋区|高島平9丁目,463492.2367788046,3,78.35790953734289,荒川
板橋区|高島平9丁目,463492.2367788046,3,26.11319186020264,荒川
板橋区|高島平9丁目,463492.2367788046,4,224278.6028593857,荒川
板橋区|高島平9丁目,463492.2367788046,4,130.5877625287994,荒川
板橋区|高島平9丁目,463492.2367788046,4,130.55648729046396,荒川
板橋区|高島平9丁目,463492.2367788046,4,52.23603314162703,荒川
板橋区|高島平9丁目,463492.2367788046,4,26.11770345699786,荒川
板橋区|高島平9丁目,463492.2367788046,4,26.117507072864758,荒川
板橋区|高島平9丁目,463492.2367788046,4,52.222504693143094,荒川
板橋区|高島平9丁目,463492.2367788046,4,130.58854182989182,荒川
板橋区|高島平9丁目,463492.2367788046,4,26.1177696454516,荒川
板橋区|高島平9丁目,463492.2367788046,4,26.11820079290635,荒川
板橋区|高島平9丁目,463492.2367788046,4,52.22347397932911,荒川
板橋区|高島平9丁目,463492.2367788046,4,52.235618191822475,荒川
板橋区|高島平9丁目,463492.2367788046,4,78.35388476392258,荒川
板橋区|高島平9丁目,463492.2367788046,4,1.3163753998051098,荒川
板橋区|高島平9丁目,463492.2367788046,4,78.34921845466239,荒川
板橋区|高島平9丁目,463492.2367788046,4,156.70510810070184,荒川
板橋区|高島平9丁目,463492.2367788046,4,26.112683284979546,荒川
板橋区|高島平9丁目,463492.2367788046,4,52.237703940100715,荒川
板橋区|高島平9丁目,463492.2367788046,4,26.119313899581883,荒川
板橋区|高島平9丁目,463492.2367788046,4,52.23260783604648,荒川
板橋区|高島平9丁目,463492.2367788046,4,26.11932767383828,荒川
板橋区|新河岸1丁目,2057604.5203948384,1,0.6210494351345632,荒川
板橋区|新河岸1丁目,2057604.5203948384,1,0.20682081711297046,荒川
板橋区|新河岸1丁目,2057604.5203948384,1,0.4140452278000397,荒川
板橋区|新河岸1丁目,2057604.5203948384,1,0.20682358664325218,荒川
板橋区|新河岸1丁目,2057604.5203948384,1,0.20682370223112906,荒川
板橋区|新河岸1丁目,2057604.5203948384,2,208.49020589617098,荒川
板橋区|新河岸1丁目,2057604.5203948384,2,672.3673107266387,荒川
板橋区|新河岸1丁目,2057604.5203948384,2,1.240819145194895,荒川
板橋区|新河岸1丁目,2057604.5203948384,2,0.8281281258140286,荒川
板橋区|新河岸1丁目,2057604.5203948384,2,1.861094729653471,荒川
板橋区|新河岸1丁目,2057604.5203948384,2,7945.245812719558,荒川
板橋区|新河岸1丁目,2057604.5203948384,2,1.0345232086523688,荒川
板橋区|新河岸1丁目,2057604.5203948384,2,0.8271963209912153,荒川
板橋区|新河岸1丁目,2057604.5203948384,2,1.0351773648510774,荒川
板橋区|新河岸1丁目,2057604.5203948384,2,3.307972092251578,荒川
板橋区|新河岸1丁目,2057604.5203948384,2,650.7705872341825,荒川
板橋区|新河岸1丁目,2057604.5203948384,3,21893.704434244308,荒川
板橋区|新河岸1丁目,2057604.5203948384,3,11721.87431361768,荒川
板橋区|新河岸1丁目,2057604.5203948384,3,1020.7505689533485,荒川
板橋区|新河岸1丁目,2057604.5203948384,3,653.8932932075664,荒川
板橋区|新河岸1丁目,2057604.5203948384,3,365.6080432602249,荒川
板橋区|新河岸1丁目,2057604.5203948384,3,261.1309650619456,荒川
板橋区|新河岸1丁目,2057604.5203948384,3,0.2068255818037043,荒川
板橋区|新河岸1丁目,2057604.5203948384,3,208.91057974376923,荒川
板橋区|新河岸1丁目,2057604.5203948384,3,130.57494495667075,荒川
板橋区|新河岸1丁目,2057604.5203948384,3,5.00084657336579,荒川
板橋区|新河岸1丁目,2057604.5203948384,3,927.5248989978643,荒川
板橋区|新河岸1丁目,2057604.5203948384,3,2.895049039076553,荒川
板橋区|新河岸1丁目,2057604.5203948384,3,83.29198435553907,荒川
板橋区|新河岸1丁目,2057604.5203948384,3,261.1405082762669,荒川
板橋区|新河岸1丁目,2057604.5203948384,3,21.57198303231278,荒川
板橋区|新河岸1丁目,2057604.5203948384,3,1.0339034383166368,荒川
板橋区|新河岸1丁目,2057604.5203948384,3,4194.046028152028,荒川
板橋区|新河岸1丁目,2057604.5203948384,3,10.753320176909446,荒川
板橋区|新河岸1丁目,2057604.5203948384,3,0.20682080625733573,荒川
板橋区|新河岸1丁目,2057604.5203948384,3,52.23340610068549,荒川
板橋区|新河岸1丁目,2057604.5203948384,3,12626.495143899487,荒川
板橋区|新河岸1丁目,2057604.5203948384,3,6110.959930817394,荒川
板橋区|新河岸1丁目,2057604.5203948384,3,26.117541243601334,荒川
板橋区|新河岸1丁目,2057604.5203948384,3,26.117552840290628,荒川
板橋区|新河岸1丁目,2057604.5203948384,3,130.5815420819194,荒川
板橋区|新河岸1丁目,2057604.5203948384,3,313.3779603361272,荒川
板橋区|新河岸1丁目,2057604.5203948384,3,26.11751345711474,荒川
板橋区|新河岸1丁目,2057604.5203948384,3,52.2346130938933,荒川
板橋区|新河岸1丁目,2057604.5203948384,3,0.20893938513300359,荒川
板橋区|新河岸1丁目,2057604.5203948384,3,26.11784174675073,荒川
板橋区|新河岸1丁目,2057604.5203948384,3,78.33336349850606,荒川
板橋区|新河岸1丁目,2057604.5203948384,3,51.809095960845426,荒川
板橋区|新河岸1丁目,2057604.5203948384,3,26.11745001431126,荒川
板橋区|新河岸1丁目,2057604.5203948384,3,26.117463147896377,荒川
板橋区|新河岸1丁目,2057604.5203948384,3,26.111665843214897,荒川
板橋区|新河岸1丁目,2057604.5203948384,3,52.235372313770675,荒川
板橋区|新河岸1丁目,2057604.5203948384,3,26.111327157017314,荒川
板橋区|新河岸1丁目,2057604.5203948384,3,130.79763442820945,荒川
板橋区|新河岸1丁目,2057604.5203948384,3,42.8979443689316,荒川
板橋区|新河岸1丁目,2057604.5203948384,4,5599.461522858987,荒川
板橋区|新河岸1丁目,2057604.5203948384,4,474248.6622265039,荒川
板橋区|新河岸1丁目,2057604.5203948384,4,208.91590648015455,荒川
板橋区|新河岸1丁目,2057604.5203948384,4,26.109779234662895,荒川
板橋区|新河岸1丁目,2057604.5203948384,4,52.21980189135769,荒川
板橋区|新河岸1丁目,2057604.5203948384,4,313.3704455500242,荒川
板橋区|新河岸1丁目,2057604.5203948384,4,52.22025240002573,荒川
板橋区|新河岸1丁目,2057604.5203948384,4,1566.8827640378577,荒川
板橋区|新河岸1丁目,2057604.5203948384,4,26.116249597380907,荒川
板橋区|新河岸1丁目,2057604.5203948384,4,26.116250191751227,荒川
板橋区|新河岸1丁目,2057604.5203948384,5,52.220073973976554,荒川
板橋区|新河岸1丁目,2057604.5203948384,5,26.10993162701027,荒川
板橋区|新河岸1丁目,2057604.5203948384,5,26.10984619786512,荒川
板橋区|新河岸1丁目,2057604.5203948384,5,78.32995518142133,荒川
板橋区|新河岸1丁目,2057604.5203948384,5,28.574493820515382,荒川
板橋区|新河岸1丁目,2057604.5203948384,5,52.21968172965935,荒川
板橋区|新河岸1丁目,2057604.5203948384,5,26.11004932234829,荒川
板橋区|新河岸1丁目,2057604.5203948384,5,26.116052696866145,荒川
板橋区|新河岸1丁目,2057604.5203948384,5,104.46511208072003,荒川
板橋区|新河岸1丁目,2057604.5203948384,5,52.23244619856785,荒川
板橋区|新河岸1丁目,2057604.5203948384,5,156.69772509429492,荒川
板橋区|新河岸1丁目,2057604.5203948384,5,52.23274776671771,荒川
板橋区|新河岸1丁目,2057604.5203948384,5,101.2504768747434,荒川
板橋区|新河岸1丁目,2057604.5203948384,5,26.116477885485807,荒川
板橋区|新河岸1丁目,2057604.5203948384,5,8.458920899618793,荒川
板橋区|新河岸1丁目,2057604.5203948384,5,21.830208832004757,荒川
板橋区|新河岸1丁目,2057604.5203948384,5,78.32983763834511,荒川
板橋区|新河岸1丁目,2057604.5203948384,5,130.56332692129527,荒川
板橋区|新河岸1丁目,2057604.5203948384,5,26.116486801664504,荒川
板橋区|新河岸1丁目,2057604.5203948384,5,2.3552015448184522,荒川
板橋区|新河岸1丁目,2057604.5203948384,5,26.11648628818972,荒川
板橋区|新河岸1丁目,2057604.5203948384,5,52.22021711429402,荒川
板橋区|新河岸1丁目,2057604.5203948384,5,208.93962761883213,荒川
板橋区|新河岸1丁目,2057604.5203948384,5,843.5053555208461,荒川
板橋区|新河岸1丁目,2057604.5203948384,5,78.34868678800383,荒川
板橋区|新河岸1丁目,2057604.5203948384,5,26.109750267230705,荒川
板橋区|新河岸2丁目,196139.34237779494,3,235.04547830341033,荒川
板橋区|新河岸2丁目,196139.34237779494,3,261.13209211453744,荒川
板橋区|新河岸2丁目,196139.34237779494,3,8.147230820737828,荒川
板橋区|新河岸2丁目,196139.34237779494,3,6209.6691175843125,荒川
板橋区|新河岸2丁目,196139.34237779494,4,189276.5145641383,荒川
板橋区|新河岸2丁目,196139.34237779494,5,52.2321923237549,荒川
板橋区|新河岸2丁目,196139.34237779494,5,96.60170250995522,荒川
板橋区|新河岸3丁目,300362.49811096524,1,547.5544600022829,荒川
板橋区|新河岸3丁目,300362.49811096524,2,0.0005606553176260614,荒川
板橋区|新河岸3丁目,300362.49811096524,2,785.5211944658558,荒川
板橋区|新河岸3丁目,300362.49811096524,2,366.3612257015432,荒川
板橋区|新河岸3丁目,300362.49811096524,2,1157.9138678518857,荒川
板橋区|新河岸3丁目,300362.49811096524,2,50008.74293604799,荒川
板橋区|新河岸3丁目,300362.49811096524,2,340.3279236243619,荒川
板橋区|新河岸3丁目,300362.49811096524,2,730.7981866671255,荒川
板橋区|新河岸3丁目,300362.49811096524,3,8419.670717597579,荒川
板橋区|新河岸3丁目,300362.49811096524,3,15538.298543855817,荒川
板橋区|新河岸3丁目,300362.49811096524,3,62388.17331413846,荒川
板橋区|新河岸3丁目,300362.49811096524,3,3.0895162430537413,荒川
板橋区|新河岸3丁目,300362.49811096524,3,51.80673790988344,荒川
板橋区|新河岸3丁目,300362.49811096524,3,652.8800129542535,荒川
板橋区|新河岸3丁目,300362.49811096524,3,235.04860944904294,荒川
板橋区|新河岸3丁目,300362.49811096524,3,44836.08289370267,荒川
板橋区|新河岸3丁目,300362.49811096524,3,26.116763162358005,荒川
板橋区|新河岸3丁目,300362.49811096524,3,15.494885073973483,荒川
板橋区|新河岸3丁目,300362.49811096524,3,18.630540872009437,荒川
板橋区|新河岸3丁目,300362.49811096524,3,52.233399112617796,荒川
板橋区|新河岸3丁目,300362.49811096524,3,26.116699984683166,荒川
板橋区|新河岸3丁目,300362.49811096524,3,26.116700213053974,荒川
板橋区|新河岸3丁目,300362.49811096524,3,17.2340378806386,荒川
板橋区|新河岸3丁目,300362.49811096524,3,26.11651770618888,荒川
板橋区|新河岸3丁目,300362.49811096524,3,443.96578899703553,荒川
板橋区|新河岸3丁目,300362.49811096524,3,52.23332571015044,荒川
板橋区|新河岸3丁目,300362.49811096524,3,26.116760804725402,荒川
板橋区|新河岸3丁目,300362.49811096524,3,26.116584885967722,荒川
板橋区|新河岸3丁目,300362.49811096524,3,313.3707498642856,荒川
板橋区|新河岸3丁目,300362.49811096524,3,26.11060037100807,荒川
板橋区|新河岸3丁目,300362.49811096524,3,391.7094118103318,荒川
板橋区|新河岸3丁目,300362.49811096524,3,104.46760910027005,荒川
板橋区|新河岸3丁目,300362.49811096524,3,26.11649479054335,荒川
板橋区|新河岸3丁目,300362.49811096524,3,26.116874002311015,荒川
板橋区|新河岸3丁目,300362.49811096524,3,26.117304853818013,荒川
板橋区|新河岸3丁目,300362.49811096524,3,11602.673018671825,荒川
板橋区|新河岸3丁目,300362.49811096524,3,26.11095915966152,荒川
板橋区|新河岸3丁目,300362.49811096524,3,235.05618203056312,荒川
板橋区|新河岸3丁目,300362.49811096524,3,52.23481923808858,荒川
板橋区|新河岸3丁目,300362.49811096524,3,104.46978798638403,荒川
板橋区|新河岸3丁目,300362.49811096524,4,692.5870284104508,荒川
板橋区|新河岸3丁目,300362.49811096524,4,98369.86233905349,荒川
板橋区|新河岸3丁目,300362.49811096524,4,26.116425928404915,荒川
板橋区|新河岸3丁目,300362.49811096524,4,391.7221493843624,荒川
板橋区|新河岸3丁目,300362.49811096524,4,104.4614019479234,荒川
板橋区|新河岸3丁目,300362.49811096524,4,26.117173030429775,荒川
板橋区|新河岸3丁目,300362.49811096524,4,52.22735439457088,荒川
板橋区|新河岸3丁目,300362.49811096524,4,287.27493912774526,荒川
板橋区|新河岸3丁目,300362.49811096524,4,26.1167181368141,荒川
板橋区|新河岸3丁目,300362.49811096524,4,104.4669252122939,荒川
板橋区|新河岸3丁目,300362.49811096524,4,26.117135097029866,荒川
板橋区|新河岸3丁目,300362.49811096524,4,26.117409278330488,荒川
板橋区|新河岸3丁目,300362.49811096524,4,104.45645723585768,荒川
板橋区|新河岸3丁目,300362.49811096524,4,327.12814043595836,荒川
板橋区|新河岸3丁目,300362.49811096524,5,18.293450568745147,荒川
板橋区|新河岸3丁目,300362.49811096524,5,26.116230886719844,荒川
板橋区|舟渡1丁目,234780.70723474235,2,284.9401621014195,荒川
板橋区|舟渡1丁目,234780.70723474235,2,2409.621673773689,荒川
板橋区|舟渡1丁目,234780.70723474235,3,474.5917785333274,荒川
板橋区|舟渡1丁目,234780.70723474235,3,52.23077333523117,荒川
板橋区|舟渡1丁目,234780.70723474235,3,1739.1272820290294,荒川
板橋区|舟渡1丁目,234780.70723474235,3,61.89252662086109,荒川
板橋区|舟渡1丁目,234780.70723474235,3,25.90490112072969,荒川
板橋区|舟渡1丁目,234780.70723474235,3,391.94124087883876,荒川
板橋区|舟渡1丁目,234780.70723474235,3,25.90289111646371,荒川
板橋区|舟渡1丁目,234780.70723474235,3,0.20683911523330306,荒川
板橋区|舟渡1丁目,234780.70723474235,3,156.69668665742785,荒川
板橋区|舟渡1丁目,234780.70723474235,3,52.65068703525642,荒川
板橋区|舟渡1丁目,234780.70723474235,3,849.1017276520839,荒川
板橋区|舟渡1丁目,234780.70723474235,3,210.3101362807643,荒川
板橋区|舟渡1丁目,234780.70723474235,3,0.4176328764831888,荒川
板橋区|舟渡1丁目,234780.70723474235,3,261.7837779695679,荒川
板橋区|舟渡1丁目,234780.70723474235,3,110.03392307628407,荒川
板橋区|舟渡1丁目,234780.70723474235,4,227673.3532522029,荒川
板橋区|舟渡2丁目,278601.8028204563,1,26.116224067559045,荒川
板橋区|舟渡2丁目,278601.8028204563,1,26.109970524964844,荒川
板橋区|舟渡2丁目,278601.8028204563,2,273.27069678736115,荒川
板橋区|舟渡2丁目,278601.8028204563,2,208.90551270859254,荒川
板橋区|舟渡2丁目,278601.8028204563,3,351.46384788589523,荒川
板橋区|舟渡2丁目,278601.8028204563,3,3459.1123202893123,荒川
板橋区|舟渡2丁目,278601.8028204563,3,52.219941325700084,荒川
板橋区|舟渡2丁目,278601.8028204563,3,26.1164599094926,荒川
板橋区|舟渡2丁目,278601.8028204563,3,26.116735893007437,荒川
板橋区|舟渡2丁目,278601.8028204563,3,103.834502679618,荒川
板橋区|舟渡2丁目,278601.8028204563,4,273566.2603071656,荒川
板橋区|舟渡2丁目,278601.8028204563,4,52.23271196091104,荒川
板橋区|舟渡2丁目,278601.8028204563,5,75.86488770516738,荒川
板橋区|舟渡2丁目,278601.8028204563,5,3.19614161809776,荒川
板橋区|舟渡2丁目,278601.8028204563,5,127.62698215942858,荒川
板橋区|舟渡3丁目,211621.9933104767,2,23.69606699010368,荒川
板橋区|舟渡3丁目,211621.9933104767,3,3581.4410009643366,荒川
板橋区|舟渡3丁目,211621.9933104767,3,550.8582086301665,荒川
板橋区|舟渡3丁目,211621.9933104767,3,2195.156438919858,荒川
板橋区|舟渡3丁目,211621.9933104767,3,7256.327341444587,荒川
板橋区|舟渡3丁目,211621.9933104767,3,20.357027339739368,荒川
板橋区|舟渡3丁目,211621.9933104767,4,197994.15944737045,荒川
板橋区|舟渡4丁目,422915.1059176503,2,2585.6457784376535,荒川
板橋区|舟渡4丁目,422915.1059176503,3,234.60944985745473,荒川
板橋区|舟渡4丁目,422915.1059176503,3,652.8597124526792,荒川
板橋区|舟渡4丁目,422915.1059176503,3,130.57718142775886,荒川
板橋区|舟渡4丁目,422915.1059176503,3,78.3436784252298,荒川
板橋区|舟渡4丁目,422915.1059176503,3,52.0199665662526,荒川
板橋区|舟渡4丁目,422915.1059176503,3,443.7427417674996,荒川
板橋区|舟渡4丁目,422915.1059176503,3,9073.886585189144,荒川
板橋区|舟渡4丁目,422915.1059176503,3,1961.1765331743645,荒川
板橋区|舟渡4丁目,422915.1059176503,3,52.01590607549078,荒川
板橋区|舟渡4丁目,422915.1059176503,3,782.645643142829,荒川
板橋区|舟渡4丁目,422915.1059176503,3,1.0618700209204621,荒川
板橋区|舟渡4丁目,422915.1059176503,3,139.28103892341593,荒川
板橋区|舟渡4丁目,422915.1059176503,3,3822.1557257040536,荒川
板橋区|舟渡4丁目,422915.1059176503,3,52.23630137497475,荒川
板橋区|舟渡4丁目,422915.1059176503,4,395745.08663146733,荒川
板橋区|舟渡4丁目,422915.1059176503,5,52.22984632577891,荒川
板橋区|舟渡4丁目,422915.1059176503,5,26.117972670572204,荒川
板橋区|舟渡4丁目,422915.1059176503,5,52.23597194206296,荒川
板橋区|舟渡4丁目,422915.1059176503,5,26.117772623819274,荒川
板橋区|舟渡4丁目,422915.1059176503,5,78.34092355195455,荒川
板橋区|舟渡4丁目,422915.1059176503,5,52.236063464623804,荒川
板橋区|舟渡4丁目,422915.1059176503,5,391.7217993688925,荒川
板橋区|舟渡4丁目,422915.1059176503,5,26.11160523202368,荒川
板橋区|舟渡4丁目,422915.1059176503,5,4.279858931588905,荒川
板橋区|舟渡4丁目,422915.1059176503,5,26.117696892074875,荒川
板橋区|舟渡4丁目,422915.1059176503,5,26.117683536306405,荒川
板橋区|舟渡4丁目,422915.1059176503,5,6346.1333996190315,荒川
足立区|青井1丁目,111479.71520605218,3,110190.86369108653,荒川
足立区|青井1丁目,111479.71520605218,4,26.119129666245197,荒川
足立区|青井1丁目,111479.71520605218,4,388.47015845243374,荒川
足立区|青井1丁目,111479.71520605218,4,25.422406377886514,荒川
足立区|青井1丁目,111479.71520605218,4,26.11898436741754,荒川
足立区|青井1丁目,111479.71520605218,4,3.5881820478629054,荒川
足立区|青井1丁目,111479.71520605218,4,50.87339912513846,荒川
足立区|青井1丁目,111479.71520605218,4,2.2375593942313245,荒川
足立区|青井1丁目,111479.71520605218,4,739.901691415564,荒川
足立区|青井1丁目,111479.71520605218,4,26.120004118846772,荒川
足立区|青井2丁目,168468.1345913013,3,126113.6234312071,荒川
足立区|青井2丁目,168468.1345913013,3,25.909310913808177,荒川
足立区|青井2丁目,168468.1345913013,3,416.069694156737,荒川
足立区|青井2丁目,168468.1345913013,3,2901.21215627692,荒川
足立区|青井2丁目,168468.1345913013,3,989.9166659957039,荒川
足立区|青井2丁目,168468.1345913013,3,8.802008627104282,荒川
足立区|青井2丁目,168468.1345913013,3,1149.5887335745006,荒川
足立区|青井2丁目,168468.1345913013,3,26.54069679593026,荒川
足立区|青井2丁目,168468.1345913013,4,25.909991205182024,荒川
足立区|青井2丁目,168468.1345913013,4,25.90999085251896,荒川
足立区|青井2丁目,168468.1345913013,4,0.48646412418674934,荒川
足立区|青井2丁目,168468.1345913013,4,52.241504823584414,荒川
足立区|青井2丁目,168468.1345913013,4,25.90887041911935,荒川
足立区|青井2丁目,168468.1345913013,4,77.31865372569324,荒川
足立区|青井2丁目,168468.1345913013,4,0.0003334646099820375,荒川
足立区|青井2丁目,168468.1345913013,4,26.120568474751217,荒川
足立区|青井2丁目,168468.1345913013,4,26.542092377374168,荒川
足立区|青井2丁目,168468.1345913013,4,26.540862563830174,荒川
足立区|青井2丁目,168468.1345913013,4,312.8366335671554,荒川
足立区|青井2丁目,168468.1345913013,4,25.497495003651412,荒川
足立区|青井2丁目,168468.1345913013,4,26.540679168128303,荒川
足立区|青井2丁目,168468.1345913013,4,1329.004209712316,荒川
足立区|青井2丁目,168468.1345913013,4,26.119519508757122,荒川
足立区|青井2丁目,168468.1345913013,4,78.15829736168313,荒川
足立区|青井2丁目,168468.1345913013,4,26.540938993644062,荒川
足立区|青井2丁目,168468.1345913013,4,26.119891739871207,荒川
足立区|青井2丁目,168468.1345913013,4,48.3569123136122,荒川
足立区|青井2丁目,168468.1345913013,4,106.27570298097012,荒川
足立区|青井2丁目,168468.1345913013,4,24.30346168379226,荒川
足立区|青井2丁目,168468.1345913013,4,1507.19335427545,荒川
足立区|青井2丁目,168468.1345913013,4,25.497928395575638,荒川
足立区|青井2丁目,168468.1345913013,4,26.541129945826043,荒川
足立区|青井2丁目,168468.1345913013,4,26.11985574242642,荒川
足立区|青井2丁目,168468.1345913013,4,233.21589800753583,荒川
足立区|青井2丁目,168468.1345913013,4,234.6803382809924,荒川
足立区|青井2丁目,168468.1345913013,4,26.541458024358736,荒川
足立区|青井2丁目,168468.1345913013,4,183.06231319911032,荒川
足立区|青井2丁目,168468.1345913013,4,32074.665068404913,荒川
足立区|青井2丁目,168468.1345913013,4,182.22149200884198,荒川
足立区|青井3丁目,252068.88692190507,3,35445.581567787944,荒川
足立区|青井3丁目,252068.88692190507,3,53.08202587888579,荒川
足立区|青井3丁目,252068.88692190507,3,784.6891054419524,荒川
足立区|青井3丁目,252068.88692190507,3,10360.088118573964,荒川
足立区|青井3丁目,252068.88692190507,3,418.99353473738955,荒川
足立区|青井3丁目,252068.88692190507,3,26.11997626811764,荒川
足立区|青井3丁目,252068.88692190507,3,105.53417257956394,荒川
足立区|青井3丁目,252068.88692190507,3,1832.0864351082141,荒川
足立区|青井3丁目,252068.88692190507,3,25.90974977483505,荒川
足立区|青井3丁目,252068.88692190507,3,78.99305085103543,荒川
足立区|青井3丁目,252068.88692190507,3,132.07638018964147,荒川
足立区|青井3丁目,252068.88692190507,3,52.45170128131129,荒川
足立区|青井3丁目,252068.88692190507,3,52.66218398837798,荒川
足立区|青井3丁目,252068.88692190507,3,25.909909794410407,荒川
足立区|青井3丁目,252068.88692190507,3,26.12036576703537,荒川
足立区|青井3丁目,252068.88692190507,3,1669.3034342321519,荒川
足立区|青井3丁目,252068.88692190507,3,442.82495848291387,荒川
足立区|青井3丁目,252068.88692190507,3,26.12065739828377,荒川
足立区|青井3丁目,252068.88692190507,3,17905.00767898885,荒川
足立区|青井3丁目,252068.88692190507,3,1673.9165088959755,荒川
足立区|青井3丁目,252068.88692190507,3,3973.1237750777095,荒川
足立区|青井3丁目,252068.88692190507,3,52448.36224523981,荒川
足立区|青井3丁目,252068.88692190507,3,26.542569011205288,荒川
足立区|青井3丁目,252068.88692190507,4,288.38946148808037,荒川
足立区|青井3丁目,252068.88692190507,4,26.54209144078153,荒川
足立区|青井3丁目,252068.88692190507,4,25.49879389202406,荒川
足立区|青井3丁目,252068.88692190507,4,25.498793246527704,荒川
足立区|青井3丁目,252068.88692190507,4,26.54192577494513,荒川
足立区|青井3丁目,252068.88692190507,4,470.20547964883036,荒川
足立区|青井3丁目,252068.88692190507,4,131.02032305903364,荒川
足立区|青井3丁目,252068.88692190507,4,25.497927650089565,荒川
足立区|青井3丁目,252068.88692190507,4,26.541142973489357,荒川
足立区|青井3丁目,252068.88692190507,4,209.80235240638325,荒川
足立区|青井3丁目,252068.88692190507,4,129.7672748538854,荒川
足立区|青井3丁目,252068.88692190507,4,52.66158247703823,荒川
足立区|青井3丁目,252068.88692190507,4,26.541504224603024,荒川
足立区|青井3丁目,252068.88692190507,4,51.61816823389613,荒川
足立区|青井3丁目,252068.88692190507,4,26.12034840124065,荒川
足立区|青井3丁目,252068.88692190507,4,26.120258260239382,荒川
足立区|青井3丁目,252068.88692190507,4,52.4513045796775,荒川
足立区|青井3丁目,252068.88692190507,4,122497.69404526205,荒川
足立区|青井3丁目,252068.88692190507,4,259.7602456863239,荒川
足立区|青井3丁目,252068.88692190507,4,105.11379299667844,荒川
足立区|青井4丁目,224688.1234395199,2,78.08330742335399,荒川
足立区|青井4丁目,224688.1234395199,3,100102.89481207824,荒川
足立区|青井4丁目,224688.1234395199,3,26.118976425578392,荒川
足立区|青井4丁目,224688.1234395199,3,311.3604357958486,荒川
足立区|青井4丁目,224688.1234395199,3,836.0683308707487,荒川
足立区|青井4丁目,224688.1234395199,3,1250.2482651929797,荒川
足立区|青井4丁目,224688.1234395199,3,1097.0747795777136,荒川
足立区|青井4丁目,224688.1234395199,3,78.98992645540856,荒川
足立区|青井4丁目,224688.1234395199,3,2085.491719957532,荒川
足立区|青井4丁目,224688.1234395199,3,416.68497105625414,荒川
足立区|青井4丁目,224688.1234395199,3,364.0257300022573,荒川
足立区|青井4丁目,224688.1234395199,3,1.2538087758148686,荒川
足立区|青井4丁目,224688.1234395199,3,0.8325204750539803,荒川
足立区|青井4丁目,224688.1234395199,3,1358.5143492017526,荒川
足立区|青井4丁目,224688.1234395199,3,25.908989917161257,荒川
足立区|青井4丁目,224688.1234395199,3,52.659847597866495,荒川
足立区|青井4丁目,224688.1234395199,3,339.7853219820332,荒川
足立区|青井4丁目,224688.1234395199,3,1828.7044995210833,荒川
足立区|青井4丁目,224688.1234395199,3,653.031319304324,荒川
足立区|青井4丁目,224688.1234395199,3,469.55239995273723,荒川
足立区|青井4丁目,224688.1234395199,4,26.11876586030209,荒川
足立区|青井4丁目,224688.1234395199,4,25.497108787395096,荒川
足立区|青井4丁目,224688.1234395199,4,158.1875802550936,荒川
足立区|青井4丁目,224688.1234395199,4,735.755514409927,荒川
足立区|青井4丁目,224688.1234395199,4,157.55725459952836,荒川
足立区|青井4丁目,224688.1234395199,4,25.49714033192211,荒川
足立区|青井4丁目,224688.1234395199,4,26.11903499604817,荒川
足立区|青井4丁目,224688.1234395199,4,51.61625512018216,荒川
足立区|青井4丁目,224688.1234395199,4,130.39538313120727,荒川
足立区|青井4丁目,224688.1234395199,4,25.49717955007781,荒川
足立区|青井4丁目,224688.1234395199,4,104.89801482983489,荒川
足立区|青井4丁目,224688.1234395199,4,26.54035077460223,荒川
足立区|青井4丁目,224688.1234395199,4,26.119299555343314,荒川
足立区|青井4丁目,224688.1234395199,4,237.180383795145,荒川
足立区|青井4丁目,224688.1234395199,4,157.98003584962603,荒川
足立区|青井4丁目,224688.1234395199,4,26.540240043090563,荒川
足立区|青井4丁目,224688.1234395199,4,25.908909841268486,荒川
足立区|青井4丁目,224688.1234395199,4,26.11925718131629,荒川
足立区|青井4丁目,224688.1234395199,4,1146.6094634783724,荒川
足立区|青井4丁目,224688.1234395199,4,51.406444248395694,荒川
足立区|青井4丁目,224688.1234395199,4,110119.29550024775,荒川
足立区|青井5丁目,132908.70191702057,2,451.9128078838681,荒川
足立区|青井5丁目,132908.70191702057,3,123766.63056272408,荒川
足立区|青井5丁目,132908.70191702057,3,1434.3223500915785,荒川
足立区|青井5丁目,132908.70191702057,4,210.63390476873496,荒川
足立区|青井5丁目,132908.70191702057,4,7045.202291542234,荒川
足立区|青井6丁目,142975.56058637326,3,142975.56058637323,荒川
足立区|足立1丁目,151704.76548013592,2,1.0086159483042734,荒川
足立区|足立1丁目,151704.76548013592,2,229.47050412722174,荒川
足立区|足立1丁目,151704.76548013592,3,68227.60398280041,荒川
足立区|足立1丁目,151704.76548013592,3,25.50123666360981,荒川
足立区|足立1丁目,151704.76548013592,3,3537.1911662221105,荒川
足立区|足立1丁目,151704.76548013592,3,3161.7713260398396,荒川
足立区|足立1丁目,151704.76548013592,3,548.8331620880756,荒川
足立区|足立1丁目,151704.76548013592,3,1045.8400474250843,荒川
足立区|足立1丁目,151704.76548013592,3,26.12340728557892,荒川
足立区|足立1丁目,151704.76548013592,3,416.3305239452238,荒川
足立区|足立1丁目,151704.76548013592,3,1488.1057575770544,荒川
足立区|足立1丁目,151704.76548013592,3,76.9159708452275,荒川
足立区|足立1丁目,151704.76548013592,3,25.912867240475535,荒川
足立区|足立1丁目,151704.76548013592,3,443.4992186186393,荒川
足立区|足立1丁目,151704.76548013592,3,251.63294318536757,荒川
足立区|足立1丁目,151704.76548013592,3,26.545460505027883,荒川
足立区|足立1丁目,151704.76548013592,3,1.3798713635198425,荒川
足立区|足立1丁目,151704.76548013592,3,26.122747496998883,荒川
足立区|足立1丁目,151704.76548013592,4,155.9160522284699,荒川
足立区|足立1丁目,151704.76548013592,4,121.13231862697705,荒川
足立区|足立1丁目,151704.76548013592,4,209.83799833250484,荒川
足立区|足立1丁目,151704.76548013592,4,52.457294961003235,荒川
足立区|足立1丁目,151704.76548013592,4,339.6226389562328,荒川
足立区|足立1丁目,151704.76548013592,4,527.6107564221031,荒川
足立区|足立1丁目,151704.76548013592,4,13.369162904184664,荒川
足立区|足立1丁目,151704.76548013592,4,51.41291096692292,荒川
足立区|足立1丁目,151704.76548013592,4,25.500803758471836,荒川
足立区|足立1丁目,151704.76548013592,4,6015.22613382967,荒川
足立区|足立1丁目,151704.76548013592,4,64632.89057260245,荒川
足立区|足立2丁目,184851.9474208189,3,103793.61899583395,荒川
足立区|足立2丁目,184851.9474208189,3,10.456673305545946,荒川
足立区|足立2丁目,184851.9474208189,3,104.29394889670408,荒川
足立区|足立2丁目,184851.9474208189,3,261.0467482266606,荒川
足立区|足立2丁目,184851.9474208189,3,1122.9694893948201,荒川
足立区|足立2丁目,184851.9474208189,3,52.66978183392672,荒川
足立区|足立2丁目,184851.9474208189,3,378.2226206776542,荒川
足立区|足立2丁目,184851.9474208189,4,26.123553834370142,荒川
足立区|足立2丁目,184851.9474208189,4,279.0490755565571,荒川
足立区|足立2丁目,184851.9474208189,4,25.501708521168478,荒川
足立区|足立2丁目,184851.9474208189,4,25.501953443664142,荒川
足立区|足立2丁目,184851.9474208189,4,227.78499896159883,荒川
足立区|足立2丁目,184851.9474208189,4,65.11536868718441,荒川
足立区|足立2丁目,184851.9474208189,4,25.50167811014095,荒川
足立区|足立2丁目,184851.9474208189,4,25.913146223386995,荒川
足立区|足立2丁目,184851.9474208189,4,78.58120009008645,荒川
足立区|足立2丁目,184851.9474208189,4,1407.0228412596896,荒川
足立区|足立2丁目,184851.9474208189,4,75650.7894970845,荒川
足立区|足立2丁目,184851.9474208189,4,53.090634960292675,荒川
足立区|足立2丁目,184851.9474208189,4,795.1901706575994,荒川
足立区|足立2丁目,184851.9474208189,4,25.913306018390998,荒川
足立区|足立2丁目,184851.9474208189,4,314.1354595539848,荒川
足立区|足立2丁目,184851.9474208189,4,26.124372905262973,荒川
足立区|足立2丁目,184851.9474208189,4,25.91391141186227,荒川
足立区|足立2丁目,184851.9474208189,4,51.416447012605076,荒川
足立区|足立3丁目,170763.87615459034,3,153421.88632453507,荒川
足立区|足立3丁目,170763.87615459034,3,19.375196697678206,荒川
足立区|足立3丁目,170763.87615459034,3,26.54399974584356,荒川
足立区|足立3丁目,170763.87615459034,3,25.912352066578027,荒川
足立区|足立3丁目,170763.87615459034,4,732.094584574297,荒川
足立区|足立3丁目,170763.87615459034,4,284.44531034328014,荒川
足立区|足立3丁目,170763.87615459034,4,2334.005495621607,荒川
足立区|足立3丁目,170763.87615459034,4,79.21177300229083,荒川
足立区|足立3丁目,170763.87615459034,4,52.667472612649576,荒川
足立区|足立3丁目,170763.87615459034,4,26.123001897300984,荒川
足立区|足立3丁目,170763.87615459034,4,25.501078774678255,荒川
足立区|足立3丁目,170763.87615459034,4,165.61097992268486,荒川
足立区|足立3丁目,170763.87615459034,4,234.90230356307532,荒川
足立区|足立3丁目,170763.87615459034,4,26.123083230665024,荒川
足立区|足立3丁目,170763.87615459034,4,156.53815549052572,荒川
足立区|足立3丁目,170763.87615459034,4,52.457293335301586,荒川
足立区|足立3丁目,170763.87615459034,4,602.763522995536,荒川
足立区|足立3丁目,170763.87615459034,4,26.54383592318198,荒川
足立区|足立3丁目,170763.87615459034,4,26.544467963453744,荒川
足立区|足立3丁目,170763.87615459034,4,26.12323089434141,荒川
足立区|足立3丁目,170763.87615459034,4,26.123441622720247,荒川
足立区|足立3丁目,170763.87615459034,4,26.12345536041895,荒川
足立区|足立3丁目,170763.87615459034,4,25.501275702034327,荒川
足立区|足立3丁目,170763.87615459034,4,313.9111050243488,荒川
足立区|足立3丁目,170763.87615459034,4,26.123285086498875,荒川
足立区|足立3丁目,170763.87615459034,4,53.089535706240255,荒川
足立区|足立3丁目,170763.87615459034,4,5955.961869643734,荒川
足立区|足立3丁目,170763.87615459034,4,712.238518697697,荒川
足立区|足立3丁目,170763.87615459034,4,25.501393734551183,荒川
足立区|足立3丁目,170763.87615459034,4,25.912746682409868,荒川
足立区|足立3丁目,170763.87615459034,4,25.501638977230783,荒川
足立区|足立3丁目,170763.87615459034,4,61.46893006063387,荒川
足立区|足立3丁目,170763.87615459034,4,12.212088511907071,荒川
足立区|足立3丁目,170763.87615459034,4,993.9842463700932,荒川
足立区|足立3丁目,170763.87615459034,4,25.91210619413226,荒川
足立区|足立3丁目,170763.87615459034,4,2830.12109534051,荒川
足立区|足立3丁目,170763.87615459034,4,26.12292129697343,荒川
足立区|足立3丁目,170763.87615459034,4,1252.6930373880446,荒川
足立区|足立4丁目,171606.21579214727,3,102625.1830174446,荒川
足立区|足立4丁目,171606.21579214727,3,418.3846335523027,荒川
足立区|足立4丁目,171606.21579214727,3,416.2993385950077,荒川
足立区|足立4丁目,171606.21579214727,3,25.911153177685147,荒川
足立区|足立4丁目,171606.21579214727,3,104.2859028501497,荒川
足立区|足立4丁目,171606.21579214727,3,79.62906553294113,荒川
足立区|足立4丁目,171606.21579214727,3,25.49985968831363,荒川
足立区|足立4丁目,171606.21579214727,3,416.099490138432,荒川
足立区|足立4丁目,171606.21579214727,3,0.4211144509899717,荒川
足立区|足立4丁目,171606.21579214727,3,130.19995331430727,荒川
足立区|足立4丁目,171606.21579214727,3,287.36607310700094,荒川
足立区|足立4丁目,171606.21579214727,3,78.57753115228007,荒川
足立区|足立4丁目,171606.21579214727,3,79.20877758846065,荒川
足立区|足立4丁目,171606.21579214727,3,523.3090796880533,荒川
足立区|足立4丁目,171606.21579214727,3,418.60991763000396,荒川
足立区|足立4丁目,171606.21579214727,3,25.50041024307315,荒川
足立区|足立4丁目,171606.21579214727,3,77.74543842473427,荒川
足立区|足立4丁目,171606.21579214727,4,4.4779723830204725,荒川
足立区|足立4丁目,171606.21579214727,4,156.73722355346214,荒川
足立区|足立4丁目,171606.21579214727,4,26.5434403866054,荒川
足立区|足立4丁目,171606.21579214727,4,33668.29646153086,荒川
足立区|足立4丁目,171606.21579214727,4,51.62231656004454,荒川
足立区|足立4丁目,171606.21579214727,4,52.24429888331254,荒川
足立区|足立4丁目,171606.21579214727,4,25.911506915467264,荒川
足立区|足立4丁目,171606.21579214727,4,51.62260187283647,荒川
足立区|足立4丁目,171606.21579214727,4,130.62163998354987,荒川
足立区|足立4丁目,171606.21579214727,4,25.500458250723298,荒川
足立区|足立4丁目,171606.21579214727,4,26.543550354265026,荒川
足立区|足立4丁目,171606.21579214727,4,78.78822005117499,荒川
足立区|足立4丁目,171606.21579214727,4,316.6089589786728,荒川
足立区|足立4丁目,171606.21579214727,4,131.03290102489234,荒川
足立区|足立4丁目,171606.21579214727,4,51.62088341521827,荒川
足立区|足立4丁目,171606.21579214727,4,25.91158681157167,荒川
足立区|足立4丁目,171606.21579214727,4,85.81226085253594,荒川
足立区|足立4丁目,171606.21579214727,4,131.24336175776241,荒川
足立区|足立4丁目,171606.21579214727,4,26.122514457600026,荒川
足立区|足立4丁目,171606.21579214727,4,573.8908482637545,荒川
足立区|足立4丁目,171606.21579214727,4,26.122317323897732,荒川
足立区|足立4丁目,171606.21579214727,4,51.41203922832017,荒川
足立区|足立4丁目,171606.21579214727,4,0.05111378642017302,荒川
足立区|足立4丁目,171606.21579214727,4,369.8296807010196,荒川
足立区|足立4丁目,171606.21579214727,4,78.78711524665256,荒川
足立区|足立4丁目,171606.21579214727,4,26.121549917336772,荒川
足立区|足立4丁目,171606.21579214727,4,25.499977282829683,荒川
足立区|足立4丁目,171606.21579214727,4,78.16550773113185,荒川
足立区|足立4丁目,171606.21579214727,4,29105.781436539994,荒川
足立区|足立4丁目,171606.21579214727,4,26.54331763278058,荒川
足立区|足立4丁目,171606.21579214727,4,25.91134713035948,荒川
足立区|足立4丁目,171606.21579214727,4,105.33097259563681,荒川
足立区|足立4丁目,171606.21579214727,4,26.543358525858558,荒川
足立区|足立4丁目,171606.21579214727,4,26.12207665769258,荒川
足立区|足立4丁目,171606.21579214727,4,104.70943409424079,荒川
足立区|足立4丁目,171606.21579214727,4,26.12231325714857,荒川
足立区|足立4丁目,171606.21579214727,4,129.77847163544845,荒川
足立区|綾瀬1丁目,237888.72747564048,2,97.29904140350136,荒川
足立区|綾瀬1丁目,237888.72747564048,2,2607.225947118612,荒川
足立区|綾瀬1丁目,237888.72747564048,2,325.70688737830903,荒川
足立区|綾瀬1丁目,237888.72747564048,3,228713.34576300738,荒川
足立区|綾瀬1丁目,237888.72747564048,4,5701.474296829845,荒川
足立区|綾瀬1丁目,237888.72747564048,4,0.9267271583287439,荒川
足立区|綾瀬1丁目,237888.72747564048,4,26.546660266837513,荒川
足立区|綾瀬1丁目,237888.72747564048,4,51.628605767124306,荒川
足立区|綾瀬1丁目,237888.72747564048,4,182.6773822128,荒川
足立区|綾瀬1丁目,237888.72747564048,4,25.00539596211981,荒川
足立区|綾瀬1丁目,237888.72747564048,4,156.89041744531377,荒川
足立区|綾瀬2丁目,244209.27089583708,3,244113.05500446062,荒川
足立区|綾瀬2丁目,244209.27089583708,4,47.62128290806925,荒川
足立区|綾瀬2丁目,244209.27089583708,4,8.92760336957633,荒川
足立区|綾瀬2丁目,244209.27089583708,4,6.8407308099963124,荒川
足立区|綾瀬2丁目,244209.27089583708,4,4.274278714850415,荒川
足立区|綾瀬2丁目,244209.27089583708,4,3.014964107505002,荒川
足立区|綾瀬2丁目,244209.27089583708,4,8.680467472157426,荒川
足立区|綾瀬2丁目,244209.27089583708,4,3.7180287156723373,荒川
足立区|綾瀬2丁目,244209.27089583708,4,12.29932496122664,荒川
足立区|綾瀬2丁目,244209.27089583708,4,0.8392103175622312,荒川
足立区|綾瀬3丁目,208682.00832932952,3,208393.39039481813,荒川
足立区|綾瀬3丁目,208682.00832932952,4,209.40874399339177,荒川
足立区|綾瀬3丁目,208682.00832932952,4,79.20919051800526,荒川
足立区|綾瀬4丁目,227877.01628795048,2,313.58721220850487,荒川
足立区|綾瀬4丁目,227877.01628795048,3,227563.4291838422,荒川
足立区|綾瀬5丁目,131096.97875461777,3,131096.97875461777,荒川
足立区|綾瀬6丁目,256222.78692760397,3,255362.60764584035,荒川
足立区|綾瀬6丁目,256222.78692760397,4,51.4087446991159,荒川
足立区|綾瀬6丁目,256222.78692760397,4,104.90477438978245,荒川
足立区|綾瀬6丁目,256222.78692760397,4,26.120808635844984,荒川
足立区|綾瀬6丁目,256222.78692760397,4,26.54233644974895,荒川
足立区|綾瀬6丁目,256222.78692760397,4,25.498910955455344,荒川
足立区|綾瀬6丁目,256222.78692760397,4,26.12092965494032,荒川
足立区|綾瀬6丁目,256222.78692760397,4,208.77792717032798,荒川
足立区|綾瀬6丁目,256222.78692760397,4,77.95182021870839,荒川
足立区|綾瀬6丁目,256222.78692760397,4,25.4990684341719,荒川
足立区|綾瀬6丁目,256222.78692760397,4,287.353961155477,荒川
足立区|綾瀬7丁目,172105.04407532248,2,1851.7231486116,荒川
足立区|綾瀬7丁目,172105.04407532248,2,5198.169880186486,荒川
足立区|綾瀬7丁目,172105.04407532248,3,165055.15111617604,荒川
足立区|伊興1丁目,132676.11091577276,2,132676.1109157727,荒川
足立区|伊興2丁目,172272.14610661825,2,172272.14610661822,荒川
足立区|伊興3丁目,181427.5624712945,2,181427.56247129448,荒川
足立区|伊興4丁目,186800.19460135535,2,186800.19460135532,荒川
足立区|伊興5丁目,181550.20229129703,2,181550.20229129703,荒川
足立区|伊興本町1丁目,82840.5975257881,2,82840.59752578811,荒川
足立区|伊興本町2丁目,134446.8810742062,2,134446.88107420618,荒川
足立区|入谷1丁目,252730.4023451495,1,314.5952519566581,荒川
足立区|入谷1丁目,252730.4023451495,1,441.6064644905323,荒川
足立区|入谷1丁目,252730.4023451495,1,574.4655733102888,荒川
足立区|入谷1丁目,252730.4023451495,2,250486.23711065386,荒川
足立区|入谷1丁目,252730.4023451495,3,260.7021144699448,荒川
足立区|入谷2丁目,202557.8598203494,1,390.6047867430504,荒川
足立区|入谷2丁目,202557.8598203494,1,1330.98634819979,荒川
足立区|入谷2丁目,202557.8598203494,1,2246.3372070280434,荒川
足立区|入谷2丁目,202557.8598203494,1,284.6965518858202,荒川
足立区|入谷2丁目,202557.8598203494,1,496.30278067121975,荒川
足立区|入谷2丁目,202557.8598203494,1,418.37720920181044,荒川
足立区|入谷2丁目,202557.8598203494,1,311.244440182802,荒川
足立区|入谷2丁目,202557.8598203494,1,338.80945003323836,荒川
足立区|入谷2丁目,202557.8598203494,2,195439.2112973551,荒川
足立区|入谷3丁目,140740.1728244573,1,1127.8660610157433,荒川
足立区|入谷3丁目,140740.1728244573,2,139555.3467946188,荒川
足立区|入谷3丁目,140740.1728244573,2,20.03886962896851,荒川
足立区|入谷3丁目,140740.1728244573,3,11.435365418231946,荒川
足立区|入谷3丁目,140740.1728244573,3,25.485703559314707,荒川
足立区|入谷4丁目,161133.81411985363,2,161133.8141198537,荒川
足立区|入谷5丁目,143762.98420436055,1,493.40926574077383,荒川
足立区|入谷5丁目,143762.98420436055,2,143269.57493861968,荒川
足立区|入谷6丁目,280293.66988411575,2,280293.6698841159,荒川
足立区|入谷7丁目,266169.4690635933,2,243148.44238410686,荒川
足立区|入谷7丁目,266169.4690635933,2,11093.055916780357,荒川
足立区|入谷7丁目,266169.4690635933,3,8720.765949377881,荒川
足立区|入谷7丁目,266169.4690635933,3,314.60208497195595,荒川
足立区|入谷7丁目,266169.4690635933,3,130.14661641078746,荒川
足立区|入谷7丁目,266169.4690635933,3,314.6091333411676,荒川
足立区|入谷7丁目,266169.4690635933,4,50.034487641363924,荒川
足立区|入谷7丁目,266169.4690635933,4,26.114520695372025,荒川
足立区|入谷7丁目,266169.4690635933,4,26.114325184659172,荒川
足立区|入谷7丁目,266169.4690635933,4,1329.259057144205,荒川
足立区|入谷7丁目,266169.4690635933,4,50.965014160390716,荒川
足立区|入谷7丁目,266169.4690635933,4,52.219455578471404,荒川
足立区|入谷7丁目,266169.4690635933,4,78.33798361353466,荒川
足立区|入谷7丁目,266169.4690635933,4,417.0832002059685,荒川
足立区|入谷7丁目,266169.4690635933,4,412.6549791311725,荒川
足立区|入谷7丁目,266169.4690635933,4,5.065004684197057,荒川
足立区|入谷8丁目,249707.91710462098,2,229920.78133336196,荒川
足立区|入谷8丁目,249707.91710462098,2,11035.342233001094,荒川
足立区|入谷8丁目,249707.91710462098,3,6670.20085327174,荒川
足立区|入谷8丁目,249707.91710462098,3,471.68311558384823,荒川
足立区|入谷8丁目,249707.91710462098,3,120.19292598369765,荒川
足立区|入谷8丁目,249707.91710462098,3,316.9903393612194,荒川
足立区|入谷8丁目,249707.91710462098,3,234.14764384940133,荒川
足立区|入谷8丁目,249707.91710462098,4,14.720174428917934,荒川
足立区|入谷8丁目,249707.91710462098,4,19.55991384436255,荒川
足立区|入谷8丁目,249707.91710462098,4,0.08480886078611867,荒川
足立区|入谷8丁目,249707.91710462098,4,2.130991876043303,荒川
足立区|入谷8丁目,249707.91710462098,4,10.55035892549458,荒川
足立区|入谷8丁目,249707.91710462098,4,782.6614871179555,荒川
足立区|入谷8丁目,249707.91710462098,4,0.4717469455673299,荒川
足立区|入谷8丁目,249707.91710462098,4,1.7207976289028795,荒川
足立区|入谷8丁目,249707.91710462098,4,25.4379822796732,荒川
足立区|入谷8丁目,249707.91710462098,4,0.4495340275198923,荒川
足立区|入谷8丁目,249707.91710462098,4,80.5306567955758,荒川
足立区|入谷8丁目,249707.91710462098,5,0.2600888087467786,荒川
足立区|入谷9丁目,386262.75051741855,1,821.284748297769,荒川
足立区|入谷9丁目,386262.75051741855,2,348424.9119100674,荒川
足立区|入谷9丁目,386262.75051741855,2,52.63596362865869,荒川
足立区|入谷9丁目,386262.75051741855,2,6.489549797622887,荒川
足立区|入谷9丁目,386262.75051741855,2,9055.090767655605,荒川
足立区|入谷9丁目,386262.75051741855,2,0.21055900441595818,荒川
足立区|入谷9丁目,386262.75051741855,2,1856.7851748344528,荒川
足立区|入谷9丁目,386262.75051741855,2,181.94236930837425,荒川
足立区|入谷9丁目,386262.75051741855,3,17360.35185706694,荒川
足立区|入谷9丁目,386262.75051741855,3,25.897770174030427,荒川
足立区|入谷9丁目,386262.75051741855,3,26.10654209380134,荒川
足立区|入谷9丁目,386262.75051741855,3,26.113030968458784,荒川
足立区|入谷9丁目,386262.75051741855,3,156.66480938897155,荒川
足立区|入谷9丁目,386262.75051741855,3,52.22573844056915,荒川
足立区|入谷9丁目,386262.75051741855,3,26.11307702386585,荒川
足立区|入谷9丁目,386262.75051741855,3,234.3729840926378,荒川
足立区|入谷9丁目,386262.75051741855,3,419.23634767928024,荒川
足立区|入谷9丁目,386262.75051741855,3,312.70166355417496,荒川
足立区|入谷9丁目,386262.75051741855,3,61.95499035752458,荒川
足立区|入谷9丁目,386262.75051741855,3,522.6346581851823,荒川
足立区|入谷9丁目,386262.75051741855,3,78.33224755898488,荒川
足立区|入谷9丁目,386262.75051741855,3,26.113004169952156,荒川
足立区|入谷9丁目,386262.75051741855,3,154.02906837174433,荒川
足立区|入谷9丁目,386262.75051741855,4,21.230437282683187,荒川
足立区|入谷9丁目,386262.75051741855,4,261.0949832552411,荒川
足立区|入谷9丁目,386262.75051741855,4,208.88288475934698,荒川
足立区|入谷9丁目,386262.75051741855,4,26.10646152813827,荒川
足立区|入谷9丁目,386262.75051741855,4,287.21439145114584,荒川
足立区|入谷9丁目,386262.75051741855,4,26.112950386318936,荒川
足立区|入谷9丁目,386262.75051741855,4,156.66432604278532,荒川
足立区|入谷9丁目,386262.75051741855,4,26.106750898503464,荒川
足立区|入谷9丁目,386262.75051741855,4,52.21308456711435,荒川
足立区|入谷9丁目,386262.75051741855,4,26.113044329402328,荒川
足立区|入谷9丁目,386262.75051741855,4,207.87696302871598,荒川
足立区|入谷9丁目,386262.75051741855,4,26.106582242776263,荒川
足立区|入谷9丁目,386262.75051741855,4,104.44544487233141,荒川
足立区|入谷9丁目,386262.75051741855,4,26.082758561584434,荒川
足立区|入谷9丁目,386262.75051741855,4,26.112902502081944,荒川
足立区|入谷9丁目,386262.75051741855,4,86.31938483759589,荒川
足立区|入谷9丁目,386262.75051741855,4,26.113124806531935,荒川
足立区|入谷9丁目,386262.75051741855,4,84.88805403335103,荒川
足立区|入谷9丁目,386262.75051741855,4,26.112942747642904,荒川
足立区|入谷9丁目,386262.75051741855,4,106.74785938576329,荒川
足立区|入谷9丁目,386262.75051741855,4,234.99209741746444,荒川
足立区|入谷9丁目,386262.75051741855,4,15.307755006605506,荒川
足立区|入谷9丁目,386262.75051741855,4,4.7190295822126345,荒川
足立区|入谷9丁目,386262.75051741855,4,26.113023277026535,荒川
足立区|入谷9丁目,386262.75051741855,4,26.113036695127555,荒川
足立区|入谷9丁目,386262.75051741855,4,26.113063565931945,荒川
足立区|入谷9丁目,386262.75051741855,4,1625.7033476299835,荒川
足立区|入谷町,29113.89617606939,1,184.88099021391628,荒川
足立区|入谷町,29113.89617606939,1,314.39898049666317,荒川
足立区|入谷町,29113.89617606939,1,117.4843055541829,荒川
足立区|入谷町,29113.89617606939,2,18692.03198675088,荒川
足立区|梅島1丁目,223487.1989771032,3,211258.5689161684,荒川
足立区|梅島1丁目,223487.1989771032,3,2.3400483484876933,荒川
足立区|梅島1丁目,223487.1989771032,3,3.2684619464276774,荒川
足立区|梅島1丁目,223487.1989771032,4,26.541931779318855,荒川
足立区|梅島1丁目,223487.1989771032,4,51.618972505333495,荒川
足立区|梅島1丁目,223487.1989771032,4,78.99384180531894,荒川
足立区|梅島1丁目,223487.1989771032,4,78.16168659739161,荒川
足立区|梅島1丁目,223487.1989771032,4,77.73969248840741,荒川
足立区|梅島1丁目,223487.1989771032,4,25.909749171885586,荒川
足立区|梅島1丁目,223487.1989771032,4,26.54170782978698,荒川
足立区|梅島1丁目,223487.1989771032,4,11857.513968462628,荒川
足立区|梅島2丁目,207743.2905620532,2,19766.204203254394,荒川
足立区|梅島2丁目,207743.2905620532,2,51.61490728479511,荒川
足立区|梅島2丁目,207743.2905620532,2,443.0016805126679,荒川
足立区|梅島2丁目,207743.2905620532,2,26.53971277218106,荒川
足立区|梅島2丁目,207743.2905620532,2,625.2098605190713,荒川
足立区|梅島2丁目,207743.2905620532,2,3446.2164267775725,荒川
足立区|梅島2丁目,207743.2905620532,2,288.3690328971062,荒川
足立区|梅島2丁目,207743.2905620532,2,0.42126853780784046,荒川
足立区|梅島2丁目,207743.2905620532,2,1380.639930329807,荒川
足立区|梅島2丁目,207743.2905620532,2,546.6509169341314,荒川
足立区|梅島2丁目,207743.2905620532,2,12067.682361935995,荒川
足立区|梅島2丁目,207743.2905620532,2,26.539841383765022,荒川
足立区|梅島2丁目,207743.2905620532,3,168340.74874350932,荒川
足立区|梅島2丁目,207743.2905620532,3,51.61488041719241,荒川
足立区|梅島2丁目,207743.2905620532,3,52.44742360121079,荒川
足立区|梅島2丁目,207743.2905620532,3,26.118326823957275,荒川
足立区|梅島2丁目,207743.2905620532,3,26.53958959672152,荒川
足立区|梅島2丁目,207743.2905620532,3,157.76285132874452,荒川
足立区|梅島2丁目,207743.2905620532,3,26.11836645786228,荒川
足立区|梅島2丁目,207743.2905620532,3,79.19712068588895,荒川
足立区|梅島2丁目,207743.2905620532,3,103.64160006598414,荒川
足立区|梅島2丁目,207743.2905620532,3,26.53967143856431,荒川
足立区|梅島2丁目,207743.2905620532,3,52.65834410663665,荒川
足立区|梅島2丁目,207743.2905620532,3,26.118447729158195,荒川
足立区|梅島2丁目,207743.2905620532,3,26.539713114190462,荒川
足立区|梅島2丁目,207743.2905620532,3,25.49667171422871,荒川
足立区|梅島2丁目,207743.2905620532,3,26.118595115895765,荒川
足立区|梅島2丁目,207743.2905620532,3,26.54007320832161,荒川
足立区|梅島3丁目,263293.95722422603,2,11.21638340456028,荒川
足立区|梅島3丁目,263293.95722422603,2,32.217515812135424,荒川
足立区|梅島3丁目,263293.95722422603,3,263250.5233250093,荒川
足立区|梅田1丁目,139365.54745209552,2,67.18400715390011,荒川
足立区|梅田1丁目,139365.54745209552,3,70054.64725747785,荒川
足立区|梅田1丁目,139365.54745209552,3,3235.5031100142196,荒川
足立区|梅田1丁目,139365.54745209552,3,444.33610010313384,荒川
足立区|梅田1丁目,139365.54745209552,3,51.62428590499041,荒川
足立区|梅田1丁目,139365.54745209552,3,287.3654280420344,荒川
足立区|梅田1丁目,139365.54745209552,3,26.544473086049727,荒川
足立区|梅田1丁目,139365.54745209552,4,63430.83795731431,荒川
足立区|梅田1丁目,139365.54745209552,4,51.4136279323514,荒川
足立区|梅田1丁目,139365.54745209552,4,79.21183648745327,荒川
足立区|梅田1丁目,139365.54745209552,4,26.5445072425203,荒川
足立区|梅田1丁目,139365.54745209552,4,26.123192447083916,荒川
足立区|梅田1丁目,139365.54745209552,4,125.09898143141993,荒川
足立区|梅田1丁目,139365.54745209552,4,38.87810456194608,荒川
足立区|梅田1丁目,139365.54745209552,4,557.7840242725607,荒川
足立区|梅田1丁目,139365.54745209552,4,259.3682856562371,荒川
足立区|梅田1丁目,139365.54745209552,4,236.7001835732507,荒川
足立区|梅田1丁目,139365.54745209552,4,25.50068766113371,荒川
足立区|梅田1丁目,139365.54745209552,4,26.544002169272012,荒川
足立区|梅田1丁目,139365.54745209552,4,129.79098525531415,荒川
足立区|梅田1丁目,139365.54745209552,4,52.666752754219694,荒川
足立区|梅田1丁目,139365.54745209552,4,52.666991848105944,荒川
足立区|梅田1丁目,139365.54745209552,4,53.08986628343668,荒川
足立区|梅田1丁目,139365.54745209552,4,26.122803422640057,荒川
足立区|梅田2丁目,120369.21906718802,3,93885.48327253861,荒川
足立区|梅田2丁目,120369.21906718802,3,1580.3200113470311,荒川
足立区|梅田2丁目,120369.21906718802,3,26.121458429290428,荒川
足立区|梅田2丁目,120369.21906718802,3,653.9127536333227,荒川
足立区|梅田2丁目,120369.21906718802,3,26.121740800028633,荒川
足立区|梅田2丁目,120369.21906718802,3,207.73063574456344,荒川
足立区|梅田2丁目,120369.21906718802,3,393.12097672160036,荒川
足立区|梅田2丁目,120369.21906718802,3,26.543674669786302,荒川
足立区|梅田2丁目,120369.21906718802,4,11324.76244577137,荒川
足立区|梅田2丁目,120369.21906718802,4,10795.016152460375,荒川
足立区|梅田2丁目,120369.21906718802,4,26.12226650465488,荒川
足立区|梅田2丁目,120369.21906718802,4,25.50033407870401,荒川
足立区|梅田2丁目,120369.21906718802,4,77.74542188952826,荒川
足立区|梅田2丁目,120369.21906718802,4,26.12147197790639,荒川
足立区|梅田2丁目,120369.21906718802,4,26.543885673365256,荒川
足立区|梅田2丁目,120369.21906718802,4,52.45542599297285,荒川
足立区|梅田2丁目,120369.21906718802,4,77.74549146046282,荒川
足立区|梅田2丁目,120369.21906718802,4,25.499584576106212,荒川
足立区|梅田2丁目,120369.21906718802,4,26.12240023140511,荒川
足立区|梅田2丁目,120369.21906718802,4,183.71022383455076,荒川
足立区|梅田2丁目,120369.21906718802,4,25.911829589693134,荒川
足立区|梅田2丁目,120369.21906718802,4,26.121660074558395,荒川
足立区|梅田2丁目,120369.21906718802,4,25.50053033242776,荒川
足立区|梅田2丁目,120369.21906718802,4,25.500530436460174,荒川
足立区|梅田2丁目,120369.21906718802,4,25.91102825837243,荒川
足立区|梅田2丁目,120369.21906718802,4,413.6210183475107,荒川
足立区|梅田2丁目,120369.21906718802,4,50.45857969241913,荒川
足立区|梅田2丁目,120369.21906718802,4,26.54319625444306,荒川
足立区|梅田2丁目,120369.21906718802,4,47.63188713845143,荒川
足立区|梅田2丁目,120369.21906718802,4,52.454613675132094,荒川
足立区|梅田2丁目,120369.21906718802,4,182.86467038405823,荒川
足立区|梅田3丁目,149931.3006180645,3,7590.617751687566,荒川
足立区|梅田3丁目,149931.3006180645,3,2193.4370540240443,荒川
足立区|梅田3丁目,149931.3006180645,3,547.9930980036748,荒川
足立区|梅田3丁目,149931.3006180645,3,1200.654252642327,荒川
足立区|梅田3丁目,149931.3006180645,3,40392.05353993449,荒川
足立区|梅田3丁目,149931.3006180645,3,365.9437626589066,荒川
足立区|梅田3丁目,149931.3006180645,3,448.2969344589225,荒川
足立区|梅田3丁目,149931.3006180645,3,471.70548709029856,荒川
足立区|梅田3丁目,149931.3006180645,3,26.123015094339046,荒川
足立区|梅田3丁目,149931.3006180645,4,95174.0426791124,荒川
足立区|梅田3丁目,149931.3006180645,4,53.086956279190204,荒川
足立区|梅田3丁目,149931.3006180645,4,26.122266608794845,荒川
足立区|梅田3丁目,149931.3006180645,4,52.66621241856454,荒川
足立区|梅田3丁目,149931.3006180645,4,26.12248254803336,荒川
足立区|梅田3丁目,149931.3006180645,4,263.7534417167578,荒川
足立区|梅田3丁目,149931.3006180645,4,836.399067025827,荒川
足立区|梅田3丁目,149931.3006180645,4,210.0371635050173,荒川
足立区|梅田3丁目,149931.3006180645,4,26.12312307697257,荒川
足立区|梅田3丁目,149931.3006180645,4,26.122330178344793,荒川
足立区|梅田4丁目,197937.22318645343,3,108434.12728837586,荒川
足立区|梅田4丁目,197937.22318645343,3,79.42291806630038,荒川
足立区|梅田4丁目,197937.22318645343,3,26.544516115315368,荒川
足立区|梅田4丁目,197937.22318645343,3,598.1526652919312,荒川
足立区|梅田4丁目,197937.22318645343,3,17894.182548530134,荒川
足立区|梅田4丁目,197937.22318645343,3,1827.9103505710343,荒川
足立区|梅田4丁目,197937.22318645343,3,312.2480628406028,荒川
足立区|梅田4丁目,197937.22318645343,3,52.667074121035974,荒川
足立区|梅田4丁目,197937.22318645343,3,2693.148676122606,荒川
足立区|梅田4丁目,197937.22318645343,4,63058.57574154432,荒川
足立区|梅田4丁目,197937.22318645343,4,25.91159117137558,荒川
足立区|梅田4丁目,197937.22318645343,4,26.543595083698996,荒川
足立区|梅田4丁目,197937.22318645343,4,26.12228173137727,荒川
足立区|梅田4丁目,197937.22318645343,4,26.123179018074694,荒川
足立区|梅田4丁目,197937.22318645343,4,104.49991140310755,荒川
足立区|梅田4丁目,197937.22318645343,4,51.413524066246715,荒川
足立区|梅田4丁目,197937.22318645343,4,26.12303468639097,荒川
足立区|梅田4丁目,197937.22318645343,4,26.544429336100237,荒川
足立区|梅田4丁目,197937.22318645343,4,26.544884632886166,荒川
足立区|梅田4丁目,197937.22318645343,4,1786.9936989920996,荒川
足立区|梅田4丁目,197937.22318645343,4,156.53543188971153,荒川
足立区|梅田4丁目,197937.22318645343,4,26.122645196618578,荒川
足立区|梅田4丁目,197937.22318645343,4,523.5386422380467,荒川
足立区|梅田4丁目,197937.22318645343,4,78.78939148278316,荒川
足立区|梅田4丁目,197937.22318645343,4,22.314997309337457,荒川
足立区|梅田4丁目,197937.22318645343,4,26.122106636284684,荒川
足立区|梅田5丁目,161745.09165436376,3,154885.5717148826,荒川
足立区|梅田5丁目,161745.09165436376,4,15.111065147676133,荒川
足立区|梅田5丁目,161745.09165436376,4,6505.021329014277,荒川
足立区|梅田5丁目,161745.09165436376,4,104.0734795683853,荒川
足立区|梅田5丁目,161745.09165436376,4,130.40496286073065,荒川
足立区|梅田5丁目,161745.09165436376,4,25.91107149257306,荒川
足立区|梅田5丁目,161745.09165436376,4,25.911271777022677,荒川
足立区|梅田5丁目,161745.09165436376,4,26.543478185308057,荒川
足立区|梅田5丁目,161745.09165436376,4,26.54328143519968,荒川
足立区|梅田6丁目,179083.66788419604,3,52339.29247898676,荒川
足立区|梅田6丁目,179083.66788419604,3,678.1622397822063,荒川
足立区|梅田6丁目,179083.66788419604,3,991.0025059087305,荒川
足立区|梅田6丁目,179083.66788419604,3,104.07499836411668,荒川
足立区|梅田6丁目,179083.66788419604,3,25.911076759380023,荒川
足立区|梅田6丁目,179083.66788419604,3,445.1410874094547,荒川
足立区|梅田6丁目,179083.66788419604,3,10738.048470334072,荒川
足立区|梅田6丁目,179083.66788419604,3,0.42131801765370447,荒川
足立区|梅田6丁目,179083.66788419604,3,3712.466750834105,荒川
足立区|梅田6丁目,179083.66788419604,3,5930.066224594603,荒川
足立区|梅田6丁目,179083.66788419604,3,25.49986229530627,荒川
足立区|梅田6丁目,179083.66788419604,3,77.74310601575654,荒川
足立区|梅田6丁目,179083.66788419604,3,51.62223428782325,荒川
足立区|梅田6丁目,179083.66788419604,3,26.12186365260728,荒川
足立区|梅田6丁目,179083.66788419604,3,104.28683713387245,荒川
足立区|梅田6丁目,179083.66788419604,3,287.36220409232646,荒川
足立区|梅田6丁目,179083.66788419604,3,3368.297241768513,荒川
足立区|梅田6丁目,179083.66788419604,3,52.66530810092151,荒川
足立区|梅田6丁目,179083.66788419604,3,1.2073480180950746,荒川
足立区|梅田6丁目,179083.66788419604,3,26.12214302918257,荒川
足立区|梅田6丁目,179083.66788419604,3,25.499891640228242,荒川
足立区|梅田6丁目,179083.66788419604,3,53.086872877598424,荒川
足立区|梅田6丁目,179083.66788419604,3,53.085257139462406,荒川
足立区|梅田6丁目,179083.66788419604,4,36.5085305088179,荒川
足立区|梅田6丁目,179083.66788419604,4,99087.7079774202,荒川
足立区|梅田6丁目,179083.66788419604,4,26.121111448405294,荒川
足立区|梅田6丁目,179083.66788419604,4,26.542657727575968,荒川
足立区|梅田6丁目,179083.66788419604,4,26.12115195515505,荒川
足立区|梅田6丁目,179083.66788419604,4,26.12084071306476,荒川
足立区|梅田6丁目,179083.66788419604,4,52.45296966189231,荒川
足立区|梅田6丁目,179083.66788419604,4,78.57417682365187,荒川
足立区|梅田6丁目,179083.66788419604,4,25.49927133372796,荒川
足立区|梅田6丁目,179083.66788419604,4,182.0264331608905,荒川
足立区|梅田6丁目,179083.66788419604,4,25.499516317883646,荒川
足立区|梅田6丁目,179083.66788419604,4,52.24287523286834,荒川
足立区|梅田6丁目,179083.66788419604,4,25.499821851814893,荒川
足立区|梅田6丁目,179083.66788419604,4,55.78135634893296,荒川
足立区|梅田6丁目,179083.66788419604,4,1.3813434838995775,荒川
足立区|梅田6丁目,179083.66788419604,4,26.54327864927232,荒川
足立区|梅田6丁目,179083.66788419604,4,25.500224138477158,荒川
足立区|梅田6丁目,179083.66788419604,4,26.543307249177992,荒川
足立区|梅田6丁目,179083.66788419604,4,26.54298989734117,荒川
足立区|梅田6丁目,179083.66788419604,4,26.121998457315698,荒川
足立区|梅田6丁目,179083.66788419604,4,2.0277167558412104,荒川
足立区|梅田6丁目,179083.66788419604,4,26.122289759661292,荒川
足立区|梅田6丁目,179083.66788419604,4,78.9987242573484,荒川
足立区|梅田7丁目,190313.67632591986,3,87181.51881276525,荒川
足立区|梅田7丁目,190313.67632591986,3,2367.6080402373864,荒川
足立区|梅田7丁目,190313.67632591986,3,756.5230713382705,荒川
足立区|梅田7丁目,190313.67632591986,3,417.34383042910684,荒川
足立区|梅田7丁目,190313.67632591986,3,78.78626710022561,荒川
足立区|梅田7丁目,190313.67632591986,3,77.6956674672491,荒川
足立区|梅田7丁目,190313.67632591986,3,2612.0247852659845,荒川
足立区|梅田7丁目,190313.67632591986,3,156.73391546812294,荒川
足立区|梅田7丁目,190313.67632591986,3,104.0751370044998,荒川
足立区|梅田7丁目,190313.67632591986,3,443.8724183506177,荒川
足立区|梅田7丁目,190313.67632591986,3,23.063119082891273,荒川
足立区|梅田7丁目,190313.67632591986,3,524.754403919057,荒川
足立区|梅田7丁目,190313.67632591986,3,522.2345887753627,荒川
足立区|梅田7丁目,190313.67632591986,3,25.91114866927042,荒川
足立区|梅田7丁目,190313.67632591986,3,521.6150322109239,荒川
足立区|梅田7丁目,190313.67632591986,3,1144.1837514139165,荒川
足立区|梅田7丁目,190313.67632591986,3,25.49911299029543,荒川
足立区|梅田7丁目,190313.67632591986,3,25.49935791449184,荒川
足立区|梅田7丁目,190313.67632591986,3,1540.6220616537123,荒川
足立区|梅田7丁目,190313.67632591986,4,26.12045129272986,荒川
足立区|梅田7丁目,190313.67632591986,4,26.12046488070544,荒川
足立区|梅田7丁目,190313.67632591986,4,52.45234925092208,荒川
足立区|梅田7丁目,190313.67632591986,4,25.49895631617834,荒川
足立区|梅田7丁目,190313.67632591986,4,25.4991620088813,荒川
足立区|梅田7丁目,190313.67632591986,4,26.54220028239302,荒川
足立区|梅田7丁目,190313.67632591986,4,51.61993150877708,荒川
足立区|梅田7丁目,190313.67632591986,4,8660.001689856375,荒川
足立区|梅田7丁目,190313.67632591986,4,131.44793119480207,荒川
足立区|梅田7丁目,190313.67632591986,4,26.542323164783056,荒川
足立区|梅田7丁目,190313.67632591986,4,78.99569974279794,荒川
足立区|梅田7丁目,190313.67632591986,4,81956.5951091501,荒川
足立区|梅田7丁目,190313.67632591986,4,25.49934965195449,荒川
足立区|梅田7丁目,190313.67632591986,4,183.49149252282953,荒川
足立区|梅田7丁目,190313.67632591986,4,105.32760960113906,荒川
足立区|梅田7丁目,190313.67632591986,4,25.499388665606233,荒川
足立区|梅田7丁目,190313.67632591986,4,52.45313829428085,荒川
足立区|梅田7丁目,190313.67632591986,4,26.542915699803295,荒川
足立区|梅田7丁目,190313.67632591986,4,25.499869962687292,荒川
足立区|梅田7丁目,190313.67632591986,4,51.62194158985505,荒川
足立区|梅田7丁目,190313.67632591986,4,26.121875747243827,荒川
足立区|梅田7丁目,190313.67632591986,4,29.901389029524942,荒川
足立区|梅田7丁目,190313.67632591986,4,76.09235875211473,荒川
足立区|梅田7丁目,190313.67632591986,4,24.52992551268582,荒川
足立区|梅田7丁目,190313.67632591986,4,24.094280184390062,荒川
足立区|梅田8丁目,115582.69612590017,3,115215.94070063264,荒川
足立区|梅田8丁目,115582.69612590017,4,131.031733100092,荒川
足立区|梅田8丁目,115582.69612590017,4,26.541381087028512,荒川
足立区|梅田8丁目,115582.69612590017,4,209.18231108046203,荒川
足立区|扇1丁目,505079.8575396379,2,13058.376502855255,荒川
足立区|扇1丁目,505079.8575396379,2,913.0757438259049,荒川
足立区|扇1丁目,505079.8575396379,2,174.0212790149494,荒川
足立区|扇1丁目,505079.8575396379,2,944.4247297013836,荒川
足立区|扇1丁目,505079.8575396379,2,1748.0020161052548,荒川
足立区|扇1丁目,505079.8575396379,2,495.30710127182306,荒川
足立区|扇1丁目,505079.8575396379,2,365.7293099871703,荒川
足立区|扇1丁目,505079.8575396379,2,288.4069270273694,荒川
足立区|扇1丁目,505079.8575396379,2,76.91202085794868,荒川
足立区|扇1丁目,505079.8575396379,2,892.6097858297167,荒川
足立区|扇1丁目,505079.8575396379,2,1647.6990405494375,荒川
足立区|扇1丁目,505079.8575396379,2,6871.446188363824,荒川
足立区|扇1丁目,505079.8575396379,2,26.122367568540977,荒川
足立区|扇1丁目,505079.8575396379,2,340.2402126221221,荒川
足立区|扇1丁目,505079.8575396379,2,472.54219429960636,荒川
足立区|扇1丁目,505079.8575396379,2,15179.442696209535,荒川
足立区|扇1丁目,505079.8575396379,2,391.25191181075763,荒川
足立区|扇1丁目,505079.8575396379,2,1121.4614946181518,荒川
足立区|扇1丁目,505079.8575396379,2,419.0337858601523,荒川
足立区|扇1丁目,505079.8575396379,2,1015.0868825525512,荒川
足立区|扇1丁目,505079.8575396379,2,598.7753696348454,荒川
足立区|扇1丁目,505079.8575396379,2,966.1805462396189,荒川
足立区|扇1丁目,505079.8575396379,2,8.32456648806556,荒川
足立区|扇1丁目,505079.8575396379,3,438207.94698460127,荒川
足立区|扇1丁目,505079.8575396379,3,133.38081738114684,荒川
足立区|扇1丁目,505079.8575396379,3,130.2049143498682,荒川
足立区|扇1丁目,505079.8575396379,3,77.74400746172898,荒川
足立区|扇1丁目,505079.8575396379,3,157.57559808691903,荒川
足立区|扇1丁目,505079.8575396379,4,17808.842468990875,荒川
足立区|扇1丁目,505079.8575396379,4,26.123971531901486,荒川
足立区|扇1丁目,505079.8575396379,4,103.25245181272759,荒川
足立区|扇1丁目,505079.8575396379,4,26.54540961382849,荒川
足立区|扇1丁目,505079.8575396379,4,26.545423120158972,荒川
足立区|扇1丁目,505079.8575396379,4,78.79376869475162,荒川
足立区|扇1丁目,505079.8575396379,4,262.3047790532067,荒川
足立区|扇1丁目,505079.8575396379,4,26.124133943788266,荒川
足立区|扇2丁目,377030.45691819023,2,3265.2152492600712,荒川
足立区|扇2丁目,377030.45691819023,2,1308.0552522468506,荒川
足立区|扇2丁目,377030.45691819023,2,1934.8235432961474,荒川
足立区|扇2丁目,377030.45691819023,2,338.98689478464416,荒川
足立区|扇2丁目,377030.45691819023,2,835.9653096270378,荒川
足立区|扇2丁目,377030.45691819023,2,546.7243284392164,荒川
足立区|扇2丁目,377030.45691819023,2,6633.009872488837,荒川
足立区|扇2丁目,377030.45691819023,2,942.9725812142341,荒川
足立区|扇2丁目,377030.45691819023,2,392.70257226400116,荒川
足立区|扇2丁目,377030.45691819023,2,1596.5106954469877,荒川
足立区|扇2丁目,377030.45691819023,2,365.3270259821975,荒川
足立区|扇2丁目,377030.45691819023,3,329050.9781793343,荒川
足立区|扇2丁目,377030.45691819023,3,51.624190882451586,荒川
足立区|扇2丁目,377030.45691819023,3,228.29141699413614,荒川
足立区|扇2丁目,377030.45691819023,3,331.29465750471593,荒川
足立区|扇2丁目,377030.45691819023,3,372.96794880249536,荒川
足立区|扇2丁目,377030.45691819023,3,240.0718041060663,荒川
足立区|扇2丁目,377030.45691819023,3,26.122376365188554,荒川
足立区|扇2丁目,377030.45691819023,3,77.74576110539473,荒川
足立区|扇2丁目,377030.45691819023,3,1746.918353690414,荒川
足立区|扇2丁目,377030.45691819023,4,25855.284099044547,荒川
足立区|扇2丁目,377030.45691819023,4,77.74739022881528,荒川
足立区|扇2丁目,377030.45691819023,4,26.12297024202472,荒川
足立区|扇2丁目,377030.45691819023,4,79.00107914584373,荒川
足立区|扇2丁目,377030.45691819023,4,104.08113532659773,荒川
足立区|扇2丁目,377030.45691819023,4,52.45578750943653,荒川
足立区|扇2丁目,377030.45691819023,4,79.21363979753009,荒川
足立区|扇2丁目,377030.45691819023,4,131.66673033977577,荒川
足立区|扇2丁目,377030.45691819023,4,26.12387753576703,荒川
足立区|扇2丁目,377030.45691819023,4,129.9970300950192,荒川
足立区|扇2丁目,377030.45691819023,4,52.2477860249736,荒川
足立区|扇2丁目,377030.45691819023,4,25.913330829001428,荒川
足立区|扇2丁目,377030.45691819023,4,26.54485308193957,荒川
足立区|扇2丁目,377030.45691819023,4,77.74878119307903,荒川
足立区|扇3丁目,279187.2332389899,2,149239.22747586988,荒川
足立区|扇3丁目,279187.2332389899,2,26.541844577518905,荒川
足立区|扇3丁目,279187.2332389899,2,1598.9007884751854,荒川
足立区|扇3丁目,279187.2332389899,2,314.1014924161569,荒川
足立区|扇3丁目,279187.2332389899,2,730.8234343933639,荒川
足立区|扇3丁目,279187.2332389899,2,3706.181150697874,荒川
足立区|扇3丁目,279187.2332389899,2,25.910921533658335,荒川
足立区|扇3丁目,279187.2332389899,2,1673.1160547508603,荒川
足立区|扇3丁目,279187.2332389899,2,77.74320451507091,荒川
足立区|扇3丁目,279187.2332389899,2,26.54108078723446,荒川
足立区|扇3丁目,279187.2332389899,2,1252.4696137089395,荒川
足立区|扇3丁目,279187.2332389899,2,2280.566060197135,荒川
足立区|扇3丁目,279187.2332389899,2,1151.30003702367,荒川
足立区|扇3丁目,279187.2332389899,2,444.29517660379594,荒川
足立区|扇3丁目,279187.2332389899,2,4487.466258812632,荒川
足立区|扇3丁目,279187.2332389899,3,108979.03187191214,荒川
足立区|扇3丁目,279187.2332389899,3,627.5349026478798,荒川
足立区|扇3丁目,279187.2332389899,3,26.541121320832474,荒川
足立区|扇3丁目,279187.2332389899,3,26.12007106405271,荒川
足立区|扇3丁目,279187.2332389899,3,26.11990068326786,荒川
足立区|扇3丁目,279187.2332389899,3,26.541203110665286,荒川
足立区|扇3丁目,279187.2332389899,3,25.498230125923854,荒川
足立区|扇3丁目,279187.2332389899,3,26.541481765662233,荒川
足立区|扇3丁目,279187.2332389899,3,26.11999460734176,荒川
足立区|扇3丁目,279187.2332389899,3,25.498103010117156,荒川
足立区|扇3丁目,279187.2332389899,3,155.47699697618407,荒川
足立区|扇3丁目,279187.2332389899,3,26.120567962311053,荒川
足立区|扇3丁目,279187.2332389899,3,15.983532772700766,荒川
足立区|扇3丁目,279187.2332389899,3,130.61212359296653,荒川
足立区|扇3丁目,279187.2332389899,3,26.542949762591714,荒川
足立区|扇3丁目,279187.2332389899,3,112.36375259246623,荒川
足立区|扇3丁目,279187.2332389899,3,183.21684650523127,荒川
足立区|扇3丁目,279187.2332389899,3,860.4989227213948,荒川
足立区|扇3丁目,279187.2332389899,3,26.542268882898306,荒川
足立区|扇3丁目,279187.2332389899,3,155.48261974147087,荒川
足立区|扇3丁目,279187.2332389899,3,156.11346547980352,荒川
足立区|扇3丁目,279187.2332389899,3,52.66268397675158,荒川
足立区|扇3丁目,279187.2332389899,3,26.542376586454495,荒川
足立区|扇3丁目,279187.2332389899,3,26.12108268571137,荒川
足立区|扇3丁目,279187.2332389899,3,164.13012183518703,荒川
足立区|扇3丁目,279187.2332389899,3,52.66368347062922,荒川
足立区|扇3丁目,279187.2332389899,3,26.120771652447992,荒川
足立区|扇3丁目,279187.2332389899,3,42.73103816406351,荒川
足立区|扇3丁目,279187.2332389899,3,96.57595902246648,荒川
足立区|大谷田1丁目,249778.50685877443,2,17990.438271304614,荒川
足立区|大谷田1丁目,249778.50685877443,2,26.53879285854692,荒川
足立区|大谷田1丁目,249778.50685877443,2,1172.0355402801008,荒川
足立区|大谷田1丁目,249778.50685877443,3,230020.42164989008,荒川
足立区|大谷田1丁目,249778.50685877443,3,26.117784630244316,荒川
足立区|大谷田1丁目,249778.50685877443,3,25.90718408017552,荒川
足立区|大谷田1丁目,249778.50685877443,3,20.79312374824497,荒川
足立区|大谷田1丁目,249778.50685877443,3,26.538853567358878,荒川
足立区|大谷田1丁目,249778.50685877443,3,26.11763204040669,荒川
足立区|大谷田1丁目,249778.50685877443,3,25.906823817081836,荒川
足立区|大谷田1丁目,249778.50685877443,3,52.235147263074374,荒川
足立区|大谷田1丁目,249778.50685877443,3,26.5386196436668,荒川
足立区|大谷田1丁目,249778.50685877443,3,25.907069177367763,荒川
足立区|大谷田1丁目,249778.50685877443,3,26.538751862095445,荒川
足立区|大谷田1丁目,249778.50685877443,3,26.11719122637369,荒川
足立区|大谷田1丁目,249778.50685877443,3,25.906903848463163,荒川
足立区|大谷田1丁目,249778.50685877443,3,26.117556066123424,荒川
足立区|大谷田1丁目,249778.50685877443,3,26.53883419701816,荒川
足立区|大谷田1丁目,249778.50685877443,3,25.495761956738356,荒川
足立区|大谷田1丁目,249778.50685877443,3,26.539099599688406,荒川
足立区|大谷田1丁目,249778.50685877443,3,26.11735262941598,荒川
足立区|大谷田1丁目,249778.50685877443,3,26.11792810666255,荒川
足立区|大谷田1丁目,249778.50685877443,3,25.90710401036482,荒川
足立区|大谷田1丁目,249778.50685877443,3,51.613882970608984,荒川
足立区|大谷田2丁目,177015.22499027345,2,67726.49038681772,荒川
足立区|大谷田2丁目,177015.22499027345,2,311.3313460679411,荒川
足立区|大谷田2丁目,177015.22499027345,2,26.116372022711957,荒川
足立区|大谷田2丁目,177015.22499027345,2,26.116412337988237,荒川
足立区|大谷田2丁目,177015.22499027345,2,572.7175238653483,荒川
足立区|大谷田2丁目,177015.22499027345,2,1043.4809672081817,荒川
足立区|大谷田2丁目,177015.22499027345,2,522.9970118996242,荒川
足立区|大谷田2丁目,177015.22499027345,2,497.9224042652006,荒川
足立区|大谷田2丁目,177015.22499027345,2,392.40407574831823,荒川
足立区|大谷田2丁目,177015.22499027345,2,26.538232741252195,荒川
足立区|大谷田2丁目,177015.22499027345,3,105550.35066726917,荒川
足立区|大谷田2丁目,177015.22499027345,3,51.40040992307853,荒川
足立区|大谷田2丁目,177015.22499027345,3,26.53819186809053,荒川
足立区|大谷田2丁目,177015.22499027345,3,26.116990935395336,荒川
足立区|大谷田2丁目,177015.22499027345,3,25.49521043722372,荒川
足立区|大谷田2丁目,177015.22499027345,3,26.53838311843996,荒川
足立区|大谷田2丁目,177015.22499027345,3,26.538437906967253,荒川
足立区|大谷田2丁目,177015.22499027345,3,26.117233223885897,荒川
足立区|大谷田2丁目,177015.22499027345,3,26.53850614148828,荒川
足立区|大谷田2丁目,177015.22499027345,3,25.495446800141558,荒川
足立区|大谷田2丁目,177015.22499027345,3,26.11731392272032,荒川
足立区|大谷田2丁目,177015.22499027345,3,26.116547218348863,荒川
足立区|大谷田2丁目,177015.22499027345,3,5.745675023327003,荒川
足立区|大谷田3丁目,191478.14442404153,2,705.4201717289928,荒川
足立区|大谷田3丁目,191478.14442404153,3,190772.72425231262,荒川
足立区|大谷田4丁目,128979.28208923595,2,3028.2236529664624,荒川
足立区|大谷田4丁目,128979.28208923595,2,364.63257577095465,荒川
足立区|大谷田4丁目,128979.28208923595,2,314.0720147437362,荒川
足立区|大谷田4丁目,128979.28208923595,3,125272.35384575475,荒川
足立区|大谷田5丁目,202856.58927003242,2,2903.0540926713834,荒川
足立区|大谷田5丁目,202856.58927003242,2,1696.393915611312,荒川
足立区|大谷田5丁目,202856.58927003242,2,1488.5135326309598,荒川
足立区|大谷田5丁目,202856.58927003242,2,391.35263986669025,荒川
足立区|大谷田5丁目,202856.58927003242,2,1279.7760270387028,荒川
足立区|大谷田5丁目,202856.58927003242,2,3160.4699382175927,荒川
足立区|大谷田5丁目,202856.58927003242,2,1148.7470727853545,荒川
足立区|大谷田5丁目,202856.58927003242,2,548.2621321935106,荒川
足立区|大谷田5丁目,202856.58927003242,2,1643.1403995559322,荒川
足立区|大谷田5丁目,202856.58927003242,2,2640.1835208945367,荒川
足立区|大谷田5丁目,202856.58927003242,2,1878.5961194611177,荒川
足立区|大谷田5丁目,202856.58927003242,2,3630.1736972410185,荒川
足立区|大谷田5丁目,202856.58927003242,2,3182.861183868463,荒川
足立区|大谷田5丁目,202856.58927003242,2,1956.7666787564062,荒川
足立区|大谷田5丁目,202856.58927003242,2,1385.3060903031837,荒川
足立区|大谷田5丁目,202856.58927003242,2,993.5474597850873,荒川
足立区|大谷田5丁目,202856.58927003242,2,572.0984221923844,荒川
足立区|大谷田5丁目,202856.58927003242,2,1363.167234225804,荒川
足立区|大谷田5丁目,202856.58927003242,2,603.4449408674159,荒川
足立区|大谷田5丁目,202856.58927003242,2,442.3422234978121,荒川
足立区|大谷田5丁目,202856.58927003242,2,1383.6552989054871,荒川
足立区|大谷田5丁目,202856.58927003242,2,417.4798271036371,荒川
足立区|大谷田5丁目,202856.58927003242,2,391.1520730522151,荒川
足立区|大谷田5丁目,202856.58927003242,2,882.1933999345844,荒川
足立区|大谷田5丁目,202856.58927003242,2,521.7492450473364,荒川
足立区|大谷田5丁目,202856.58927003242,2,261.1916967923478,荒川
足立区|大谷田5丁目,202856.58927003242,3,166064.85415683477,荒川
足立区|大谷田5丁目,202856.58927003242,3,26.116250540169283,荒川
足立区|興野1丁目,133768.218928862,2,2036.5524107967713,荒川
足立区|興野1丁目,133768.218928862,2,25.910962430143186,荒川
足立区|興野1丁目,133768.218928862,2,364.67778069422405,荒川
足立区|興野1丁目,133768.218928862,2,994.1478115960634,荒川
足立区|興野1丁目,133768.218928862,2,602.5161801133954,荒川
足立区|興野1丁目,133768.218928862,2,26.121279614944463,荒川
足立区|興野1丁目,133768.218928862,2,1412.7331390852544,荒川
足立区|興野1丁目,133768.218928862,2,313.887771442,荒川
足立区|興野1丁目,133768.218928862,3,127886.96504981296,荒川
足立区|興野1丁目,133768.218928862,3,79.20694970046068,荒川
足立区|興野1丁目,133768.218928862,3,25.49959357582208,荒川
足立区|興野2丁目,283483.23786021397,2,36520.39426875001,荒川
足立区|興野2丁目,283483.23786021397,2,678.1310115007186,荒川
足立区|興野2丁目,283483.23786021397,2,496.5332881576683,荒川
足立区|興野2丁目,283483.23786021397,2,338.33512154404985,荒川
足立区|興野2丁目,283483.23786021397,2,366.7537629293119,荒川
足立区|興野2丁目,283483.23786021397,2,419.21676139417093,荒川
足立区|興野2丁目,283483.23786021397,2,6740.468927914048,荒川
足立区|興野2丁目,283483.23786021397,2,8312.440880652131,荒川
足立区|興野2丁目,283483.23786021397,2,472.2915211520394,荒川
足立区|興野2丁目,283483.23786021397,2,4158.208746456824,荒川
足立区|興野2丁目,283483.23786021397,2,156.52454466779568,荒川
足立区|興野2丁目,283483.23786021397,2,33566.72414090696,荒川
足立区|興野2丁目,283483.23786021397,2,23979.127385112304,荒川
足立区|興野2丁目,283483.23786021397,2,1751.8895316486978,荒川
足立区|興野2丁目,283483.23786021397,2,314.9361979095868,荒川
足立区|興野2丁目,283483.23786021397,2,365.72442952773446,荒川
足立区|興野2丁目,283483.23786021397,2,496.5509665281668,荒川
足立区|興野2丁目,283483.23786021397,2,495.0852015207255,荒川
足立区|興野2丁目,283483.23786021397,2,628.0072314291159,荒川
足立区|興野2丁目,283483.23786021397,2,348.7299180770539,荒川
足立区|興野2丁目,283483.23786021397,2,469.39145413980697,荒川
足立区|興野2丁目,283483.23786021397,2,5612.2544912117255,荒川
足立区|興野2丁目,283483.23786021397,2,104.90612975430567,荒川
足立区|興野2丁目,283483.23786021397,2,313.9048482680226,荒川
足立区|興野2丁目,283483.23786021397,2,52.66531374648051,荒川
足立区|興野2丁目,283483.23786021397,2,8177.134390677372,荒川
足立区|興野2丁目,283483.23786021397,3,146103.35569582603,荒川
足立区|興野2丁目,283483.23786021397,3,53.085243324864905,荒川
足立区|興野2丁目,283483.23786021397,3,140.30340254651048,荒川
足立区|興野2丁目,283483.23786021397,3,25.9107594861714,荒川
足立区|興野2丁目,283483.23786021397,3,25.910838917647112,荒川
足立区|興野2丁目,283483.23786021397,3,279.6310666112618,荒川
足立区|興野2丁目,283483.23786021397,3,9.927594370728816,荒川
足立区|興野2丁目,283483.23786021397,3,79.20740536002491,荒川
足立区|興野2丁目,283483.23786021397,3,26.121604745773,荒川
足立区|興野2丁目,283483.23786021397,3,25.49857359633064,荒川
足立区|興野2丁目,283483.23786021397,3,157.14444207373134,荒川
足立区|興野2丁目,283483.23786021397,3,78.57247319334299,荒川
足立区|興野2丁目,283483.23786021397,3,130.40262792905284,荒川
足立区|興野2丁目,283483.23786021397,3,24.614563037917094,荒川
足立区|興野2丁目,283483.23786021397,3,12.450951451131987,荒川
足立区|興野2丁目,283483.23786021397,3,26.121967283564274,荒川
足立区|興野2丁目,283483.23786021397,3,26.543330129364445,荒川
足立区|興野2丁目,283483.23786021397,3,103.65086698909415,荒川
足立区|興野2丁目,283483.23786021397,3,26.12203379405541,荒川
足立区|興野2丁目,283483.23786021397,3,26.121168886981188,荒川
足立区|興野2丁目,283483.23786021397,3,37.2238803008143,荒川
足立区|興野2丁目,283483.23786021397,3,15.941937484149717,荒川
足立区|興野2丁目,283483.23786021397,3,26.12104082449703,荒川
足立区|興野2丁目,283483.23786021397,3,18.727620631959528,荒川
足立区|興野2丁目,283483.23786021397,3,25.499241991498554,荒川
足立区|興野2丁目,283483.23786021397,3,35.011059351341004,荒川
足立区|興野2丁目,283483.23786021397,3,102.81988556336867,荒川
足立区|興野2丁目,283483.23786021397,3,104.90644561959013,荒川
足立区|興野2丁目,283483.23786021397,3,6.454531366406683,荒川
足立区|興野2丁目,283483.23786021397,3,262.266615238443,荒川
足立区|興野2丁目,283483.23786021397,3,105.11704787512014,荒川
足立区|興野2丁目,283483.23786021397,3,26.121478836307467,荒川
足立区|小台1丁目,353784.09035201743,1,155.19552122252833,荒川
足立区|小台1丁目,353784.09035201743,1,809.1217359361356,荒川
足立区|小台1丁目,353784.09035201743,1,1605.7302036824894,荒川
足立区|小台1丁目,353784.09035201743,2,919.6875210203114,荒川
足立区|小台1丁目,353784.09035201743,2,48.0650030213794,荒川
足立区|小台1丁目,353784.09035201743,2,469.2494089226147,荒川
足立区|小台1丁目,353784.09035201743,2,966.9799037889399,荒川
足立区|小台1丁目,353784.09035201743,2,296.2026346815003,荒川
足立区|小台1丁目,353784.09035201743,2,889.3853661178397,荒川
足立区|小台1丁目,353784.09035201743,2,498.7217017875295,荒川
足立区|小台1丁目,353784.09035201743,2,1148.5682047514363,荒川
足立区|小台1丁目,353784.09035201743,2,416.7898978347402,荒川
足立区|小台1丁目,353784.09035201743,2,1562.7809018552396,荒川
足立区|小台1丁目,353784.09035201743,2,4722.348238050581,荒川
足立区|小台1丁目,353784.09035201743,2,223.48242119245506,荒川
足立区|小台1丁目,353784.09035201743,2,1723.840603124556,荒川
足立区|小台1丁目,353784.09035201743,2,427.19264795966495,荒川
足立区|小台1丁目,353784.09035201743,2,38.08131423486003,荒川
足立区|小台1丁目,353784.09035201743,3,87526.84093433229,荒川
足立区|小台1丁目,353784.09035201743,3,5363.242105884526,荒川
足立区|小台1丁目,353784.09035201743,3,10.763521528525192,荒川
足立区|小台1丁目,353784.09035201743,3,26.125851776043554,荒川
足立区|小台1丁目,353784.09035201743,3,52.46222006409164,荒川
足立区|小台1丁目,353784.09035201743,3,1.589223010149106,荒川
足立区|小台1丁目,353784.09035201743,3,26.547089928346054,荒川
足立区|小台1丁目,353784.09035201743,3,260.6472189670165,荒川
足立区|小台1丁目,353784.09035201743,3,26.12579878356422,荒川
足立区|小台1丁目,353784.09035201743,3,26.12582555319731,荒川
足立区|小台1丁目,353784.09035201743,3,549.7295762817297,荒川
足立区|小台1丁目,353784.09035201743,3,130.63967271442527,荒川
足立区|小台1丁目,353784.09035201743,3,443.9601054900219,荒川
足立区|小台1丁目,353784.09035201743,3,26.547305394640183,荒川
足立区|小台1丁目,353784.09035201743,3,26.54751625248396,荒川
足立区|小台1丁目,353784.09035201743,3,26.547243971972623,荒川
足立区|小台1丁目,353784.09035201743,3,392.193100417958,荒川
足立区|小台1丁目,353784.09035201743,3,77.5454092891904,荒川
足立区|小台1丁目,353784.09035201743,3,1177.6306294481967,荒川
足立区|小台1丁目,353784.09035201743,3,2351.4961066332025,荒川
足立区|小台1丁目,353784.09035201743,3,517.6322827997953,荒川
足立区|小台1丁目,353784.09035201743,3,1461.859938496288,荒川
足立区|小台1丁目,353784.09035201743,3,25.503341906749164,荒川
足立区|小台1丁目,353784.09035201743,3,1045.9225587064052,荒川
足立区|小台1丁目,353784.09035201743,3,444.15375652999353,荒川
足立区|小台1丁目,353784.09035201743,4,81890.97174369723,荒川
足立区|小台1丁目,353784.09035201743,4,31545.80635167678,荒川
足立区|小台1丁目,353784.09035201743,4,104.30164941427833,荒川
足立区|小台1丁目,353784.09035201743,4,6566.740916201313,荒川
足立区|小台1丁目,353784.09035201743,4,51.41855619367313,荒川
足立区|小台1丁目,353784.09035201743,4,26.546945398125285,荒川
足立区|小台1丁目,353784.09035201743,4,208.39333339628854,荒川
足立区|小台1丁目,353784.09035201743,4,45543.53768190173,荒川
足立区|小台1丁目,353784.09035201743,4,156.76403651093202,荒川
足立区|小台1丁目,353784.09035201743,4,26.12584312328692,荒川
足立区|小台1丁目,353784.09035201743,4,25.915008319785095,荒川
足立区|小台1丁目,353784.09035201743,4,26.547305951331992,荒川
足立区|小台1丁目,353784.09035201743,4,1879.4976406402463,荒川
足立区|小台1丁目,353784.09035201743,4,53.09451479085097,荒川
足立区|小台1丁目,353784.09035201743,4,52.67336652301771,荒川
足立区|小台1丁目,353784.09035201743,4,263.36692704422217,荒川
足立区|小台1丁目,353784.09035201743,4,182.05938278972184,荒川
足立区|小台1丁目,353784.09035201743,4,26.547377196488636,荒川
足立区|小台2丁目,289206.45758802193,1,955.6240576303844,荒川
足立区|小台2丁目,289206.45758802193,2,9.085945303850874,荒川
足立区|小台2丁目,289206.45758802193,2,354.89616110402017,荒川
足立区|小台2丁目,289206.45758802193,3,71996.00757322082,荒川
足立区|小台2丁目,289206.45758802193,3,651.0530210944314,荒川
足立区|小台2丁目,289206.45758802193,3,1018.7061517723221,荒川
足立区|小台2丁目,289206.45758802193,3,26.544909861812325,荒川
足立区|小台2丁目,289206.45758802193,3,25.913634739096253,荒川
足立区|小台2丁目,289206.45758802193,3,939.0722556227961,荒川
足立区|小台2丁目,289206.45758802193,3,1804.3878022833487,荒川
足立区|小台2丁目,289206.45758802193,3,1149.3395353695382,荒川
足立区|小台2丁目,289206.45758802193,3,26.54584094691153,荒川
足立区|小台2丁目,289206.45758802193,3,545.7311809896237,荒川
足立区|小台2丁目,289206.45758802193,3,341.73955386560226,荒川
足立区|小台2丁目,289206.45758802193,3,391.483101862088,荒川
足立区|小台2丁目,289206.45758802193,3,393.14924118596156,荒川
足立区|小台2丁目,289206.45758802193,4,207093.120967151,荒川
足立区|小台2丁目,289206.45758802193,4,26.546977874551946,荒川
足立区|小台2丁目,289206.45758802193,4,26.54720213076238,荒川
足立区|小台2丁目,289206.45758802193,4,25.91493323360462,荒川
足立区|小台2丁目,289206.45758802193,4,26.12563687762936,荒川
足立区|小台2丁目,289206.45758802193,4,26.547031688149037,荒川
足立区|小台2丁目,289206.45758802193,4,25.50362376452246,荒川
足立区|小台2丁目,289206.45758802193,4,25.503662440526185,荒川
足立区|小台2丁目,289206.45758802193,4,52.672841766337655,荒川
足立区|小台2丁目,289206.45758802193,4,25.50370109599252,荒川
足立区|小台2丁目,289206.45758802193,4,1223.1911198266423,荒川
足立区|加賀1丁目,111493.2852888264,2,105929.29462177017,荒川
足立区|加賀1丁目,111493.2852888264,3,5485.013897926612,荒川
足立区|加賀1丁目,111493.2852888264,3,26.535994072375342,荒川
足立区|加賀1丁目,111493.2852888264,3,52.4407750571986,荒川
足立区|加賀2丁目,225768.2630207978,2,223109.98754903846,荒川
足立区|加賀2丁目,225768.2630207978,3,26.1139140639226,荒川
足立区|加賀2丁目,225768.2630207978,3,25.903331220919267,荒川
足立区|加賀2丁目,225768.2630207978,3,2606.2582264745956,荒川
足立区|加平1丁目,171912.6686593856,2,1094.1186321264952,荒川
足立区|加平1丁目,171912.6686593856,2,834.1779039766718,荒川
足立区|加平1丁目,171912.6686593856,2,3422.4680549682253,荒川
足立区|加平1丁目,171912.6686593856,2,26.540027359520494,荒川
足立区|加平1丁目,171912.6686593856,3,166535.36410237124,荒川
足立区|加平2丁目,139043.65874408194,2,95733.31818716718,荒川
足立区|加平2丁目,139043.65874408194,2,545.5865142790058,荒川
足立区|加平2丁目,139043.65874408194,2,785.8958404546493,荒川
足立区|加平2丁目,139043.65874408194,2,576.101168272645,荒川
足立区|加平2丁目,139043.65874408194,2,1624.852205565465,荒川
足立区|加平2丁目,139043.65874408194,2,1279.0437163656993,荒川
足立区|加平2丁目,139043.65874408194,2,103.22884056342204,荒川
足立区|加平2丁目,139043.65874408194,3,34720.65705001425,荒川
足立区|加平2丁目,139043.65874408194,3,3504.9734964082845,荒川
足立区|加平2丁目,139043.65874408194,3,25.49603656854938,荒川
足立区|加平2丁目,139043.65874408194,3,105.10064074599744,荒川
足立区|加平2丁目,139043.65874408194,3,25.49540656089911,荒川
足立区|加平2丁目,139043.65874408194,3,13.910367057146761,荒川
足立区|加平3丁目,128770.53826178255,2,91788.15425575059,荒川
足立区|加平3丁目,128770.53826178255,2,17.984101878190515,荒川
足立区|加平3丁目,128770.53826178255,2,5096.321514223666,荒川
足立区|加平3丁目,128770.53826178255,2,77.5222625751229,荒川
足立区|加平3丁目,128770.53826178255,2,287.73273577859084,荒川
足立区|加平3丁目,128770.53826178255,2,1775.1153044644714,荒川
足立区|加平3丁目,128770.53826178255,3,28983.75488395649,荒川
足立区|加平3丁目,128770.53826178255,3,52.446893824734474,荒川
足立区|加平3丁目,128770.53826178255,3,105.31281727853694,荒川
足立区|加平3丁目,128770.53826178255,3,38.53541693186015,荒川
足立区|加平3丁目,128770.53826178255,4,547.6580751202315,荒川
足立区|北加平町,167169.17391400487,2,157679.19578833398,荒川
足立区|北加平町,167169.17391400487,3,4965.719254615168,荒川
足立区|北加平町,167169.17391400487,3,4017.156909056456,荒川
足立区|北加平町,167169.17391400487,3,10.5967936252865,荒川
足立区|北加平町,167169.17391400487,3,496.50516837400517,荒川
足立区|栗原1丁目,134836.29662155564,2,17607.709057152566,荒川
足立区|栗原1丁目,134836.29662155564,2,2317.7382226069694,荒川
足立区|栗原1丁目,134836.29662155564,2,104.6904753162862,荒川
足立区|栗原1丁目,134836.29662155564,2,1018.2149245209295,荒川
足立区|栗原1丁目,134836.29662155564,2,209.37079161693012,荒川
足立区|栗原1丁目,134836.29662155564,2,728.8217911660087,荒川
足立区|栗原1丁目,134836.29662155564,2,523.633630903242,荒川
足立区|栗原1丁目,134836.29662155564,2,25.906677362804245,荒川
足立区|栗原1丁目,134836.29662155564,2,26.538350768348444,荒川
足立区|栗原1丁目,134836.29662155564,2,17.665215864976837,荒川
足立区|栗原1丁目,134836.29662155564,2,1412.9292289701582,荒川
足立区|栗原1丁目,134836.29662155564,3,109645.00926963618,荒川
足立区|栗原1丁目,134836.29662155564,3,1123.9624786482777,荒川
足立区|栗原1丁目,134836.29662155564,3,26.11735074715468,荒川
足立区|栗原1丁目,134836.29662155564,3,25.90687361768424,荒川
足立区|栗原1丁目,134836.29662155564,4,22.082282657047823,荒川
足立区|栗原2丁目,182661.1350832426,2,117853.76670992076,荒川
足立区|栗原2丁目,182661.1350832426,2,21625.66012001995,荒川
足立区|栗原2丁目,182661.1350832426,2,8284.882513675102,荒川
足立区|栗原2丁目,182661.1350832426,2,26.116516808603432,荒川
足立区|栗原2丁目,182661.1350832426,2,676.9884174794502,荒川
足立区|栗原2丁目,182661.1350832426,2,1828.2987997162932,荒川
足立区|栗原2丁目,182661.1350832426,2,572.522949060079,荒川
足立区|栗原2丁目,182661.1350832426,2,62.65432856809221,荒川
足立区|栗原2丁目,182661.1350832426,3,28382.248035006585,荒川
足立区|栗原2丁目,182661.1350832426,3,234.22142626258469,荒川
足立区|栗原2丁目,182661.1350832426,3,52.44271751111852,荒川
足立区|栗原2丁目,182661.1350832426,3,548.8902596844031,荒川
足立区|栗原2丁目,182661.1350832426,3,26.537380904998358,荒川
足立区|栗原2丁目,182661.1350832426,3,52.44296182907027,荒川
足立区|栗原2丁目,182661.1350832426,3,26.116178960511917,荒川
足立区|栗原2丁目,182661.1350832426,3,51.610821652233064,荒川
足立区|栗原2丁目,182661.1350832426,3,51.61074390341837,荒川
足立区|栗原2丁目,182661.1350832426,3,792.1718400074244,荒川
足立区|栗原2丁目,182661.1350832426,3,26.53796159412662,荒川
足立区|栗原2丁目,182661.1350832426,3,26.11658398974891,荒川
足立区|栗原2丁目,182661.1350832426,3,25.494786865138032,荒川
足立区|栗原2丁目,182661.1350832426,4,1433.8024441527973,荒川
足立区|栗原3丁目,197031.74210551055,2,72270.74361578257,荒川
足立区|栗原3丁目,197031.74210551055,2,25.495457413739462,荒川
足立区|栗原3丁目,197031.74210551055,2,914.379866717486,荒川
足立区|栗原3丁目,197031.74210551055,2,365.87730963722174,荒川
足立区|栗原3丁目,197031.74210551055,2,417.2804805836679,荒川
足立区|栗原3丁目,197031.74210551055,2,687.9707745475843,荒川
足立区|栗原3丁目,197031.74210551055,2,600.3337179976307,荒川
足立区|栗原3丁目,197031.74210551055,2,392.62879253071657,荒川
足立区|栗原3丁目,197031.74210551055,2,1256.240270053324,荒川
足立区|栗原3丁目,197031.74210551055,2,26.117796229266382,荒川
足立区|栗原3丁目,197031.74210551055,2,521.3451398163228,荒川
足立区|栗原3丁目,197031.74210551055,2,2769.7356269331176,荒川
足立区|栗原3丁目,197031.74210551055,2,1696.745848559591,荒川
足立区|栗原3丁目,197031.74210551055,2,323.69597626782274,荒川
足立区|栗原3丁目,197031.74210551055,3,110528.85142977706,荒川
足立区|栗原3丁目,197031.74210551055,3,1432.558347946215,荒川
足立区|栗原3丁目,197031.74210551055,3,26.539051050803053,荒川
足立区|栗原3丁目,197031.74210551055,3,52.44474801754441,荒川
足立区|栗原3丁目,197031.74210551055,3,26.538578450986883,荒川
足立区|栗原3丁目,197031.74210551055,3,78.77290476305272,荒川
足立区|栗原3丁目,197031.74210551055,3,26.539187518575112,荒川
足立区|栗原3丁目,197031.74210551055,3,25.495417523224155,荒川
足立区|栗原3丁目,197031.74210551055,3,51.61297314702594,荒川
足立区|栗原3丁目,197031.74210551055,3,26.117325455937447,荒川
足立区|栗原3丁目,197031.74210551055,3,26.538572912483716,荒川
足立区|栗原3丁目,197031.74210551055,3,1538.7607048765503,荒川
足立区|栗原3丁目,197031.74210551055,3,25.906919486388134,荒川
足立区|栗原3丁目,197031.74210551055,3,51.614418021490295,荒川
足立区|栗原3丁目,197031.74210551055,3,26.539631255864528,荒川
足立区|栗原3丁目,197031.74210551055,3,52.445447148616054,荒川
足立区|栗原3丁目,197031.74210551055,3,26.53942001839922,荒川
足立区|栗原3丁目,197031.74210551055,4,263.8950743425991,荒川
足立区|栗原3丁目,197031.74210551055,4,161.5852603690505,荒川
足立区|栗原3丁目,197031.74210551055,4,313.8560203535394,荒川
足立区|栗原4丁目,202786.91768708872,2,199682.39140839703,荒川
足立区|栗原4丁目,202786.91768708872,3,470.32811961067176,荒川
足立区|栗原4丁目,202786.91768708872,3,2114.538490896013,荒川
足立区|栗原4丁目,202786.91768708872,4,519.659668184978,荒川
足立区|弘道1丁目,210239.62693346856,3,159643.4708049164,荒川
足立区|弘道1丁目,210239.62693346856,3,52.66420368602255,荒川
足立区|弘道1丁目,210239.62693346856,3,156.31726854115328,荒川
足立区|弘道1丁目,210239.62693346856,3,158.41352188734254,荒川
足立区|弘道1丁目,210239.62693346856,3,25.499464220798544,荒川
足立区|弘道1丁目,210239.62693346856,3,79.83791731830007,荒川
足立区|弘道1丁目,210239.62693346856,3,78.16267480096822,荒川
足立区|弘道1丁目,210239.62693346856,4,28.962337813199625,荒川
足立区|弘道1丁目,210239.62693346856,4,77.95131272105888,荒川
足立区|弘道1丁目,210239.62693346856,4,77.52983010428346,荒川
足立区|弘道1丁目,210239.62693346856,4,36455.20865205463,荒川
足立区|弘道1丁目,210239.62693346856,4,366.135174765574,荒川
足立区|弘道1丁目,210239.62693346856,4,26.54240639222327,荒川
足立区|弘道1丁目,210239.62693346856,4,524.9578927792708,荒川
足立区|弘道1丁目,210239.62693346856,4,26.542209881847505,荒川
足立区|弘道1丁目,210239.62693346856,4,26.95390861770651,荒川
足立区|弘道1丁目,210239.62693346856,4,26.121196609156563,荒川
足立区|弘道1丁目,210239.62693346856,4,26.12101228207094,荒川
足立区|弘道1丁目,210239.62693346856,4,445.131812403946,荒川
足立区|弘道1丁目,210239.62693346856,4,49.30656253654334,荒川
足立区|弘道1丁目,210239.62693346856,4,25.499315296752425,荒川
足立区|弘道1丁目,210239.62693346856,4,1.63754563493058,荒川
足立区|弘道1丁目,210239.62693346856,4,26.121106401184313,荒川
足立区|弘道1丁目,210239.62693346856,4,10294.748410064603,荒川
足立区|弘道1丁目,210239.62693346856,4,26.12118687778091,荒川
足立区|弘道1丁目,210239.62693346856,4,26.121227157547608,荒川
足立区|弘道1丁目,210239.62693346856,4,183.06979514571256,荒川
足立区|弘道1丁目,210239.62693346856,4,26.12125393720678,荒川
足立区|弘道1丁目,210239.62693346856,4,155.69493258863224,荒川
足立区|弘道1丁目,210239.62693346856,4,52.664138013589344,荒川
足立区|弘道1丁目,210239.62693346856,4,25.910746292780363,荒川
足立区|弘道1丁目,210239.62693346856,4,26.121469699236854,荒川
足立区|弘道1丁目,210239.62693346856,4,26.121469725073574,荒川
足立区|弘道1丁目,210239.62693346856,4,130.40709527442746,荒川
足立区|弘道1丁目,210239.62693346856,4,26.121679839690366,荒川
足立区|弘道1丁目,210239.62693346856,4,51.410573670718364,荒川
足立区|弘道1丁目,210239.62693346856,4,53.085635662874026,荒川
足立区|弘道1丁目,210239.62693346856,4,52.66430646142483,荒川
足立区|弘道1丁目,210239.62693346856,4,26.121509930884656,荒川
足立区|弘道1丁目,210239.62693346856,4,25.499787628259156,荒川
足立区|弘道1丁目,210239.62693346856,4,26.121760638574884,荒川
足立区|弘道1丁目,210239.62693346856,4,78.78661829631572,荒川
足立区|弘道1丁目,210239.62693346856,4,26.12184204078217,荒川
足立区|弘道1丁目,210239.62693346856,4,26.12188179238121,荒川
足立区|弘道1丁目,210239.62693346856,4,26.121671165655194,荒川
足立区|弘道1丁目,210239.62693346856,4,78.99707072138978,荒川
足立区|弘道1丁目,210239.62693346856,4,129.98745915224984,荒川
足立区|弘道1丁目,210239.62693346856,4,52.45462944646104,荒川
足立区|弘道1丁目,210239.62693346856,4,26.12187241267548,荒川
足立区|弘道1丁目,210239.62693346856,4,25.499975820223508,荒川
足立区|弘道1丁目,210239.62693346856,4,26.54326146583189,荒川
足立区|弘道1丁目,210239.62693346856,4,26.12195350739287,荒川
足立区|弘道1丁目,210239.62693346856,4,25.91130607723192,荒川
足立区|弘道1丁目,210239.62693346856,4,51.62228129570752,荒川
足立区|弘道2丁目,171924.671340601,3,94220.89085882837,荒川
足立区|弘道2丁目,171924.671340601,3,53.08530628742712,荒川
足立区|弘道2丁目,171924.671340601,3,2035.5193283883443,荒川
足立区|弘道2丁目,171924.671340601,3,990.5936058646372,荒川
足立区|弘道2丁目,171924.671340601,3,77.53183837856992,荒川
足立区|弘道2丁目,171924.671340601,3,2299.4808313970334,荒川
足立区|弘道2丁目,171924.671340601,3,7.018358299818529,荒川
足立区|弘道2丁目,171924.671340601,3,412.0324016381968,荒川
足立区|弘道2丁目,171924.671340601,3,680.0469990805074,荒川
足立区|弘道2丁目,171924.671340601,3,26.542276890826372,荒川
足立区|弘道2丁目,171924.671340601,3,17366.39591279171,荒川
足立区|弘道2丁目,171924.671340601,4,52.452809783778925,荒川
足立区|弘道2丁目,171924.671340601,4,26.54219551694159,荒川
足立区|弘道2丁目,171924.671340601,4,155.28092733357752,荒川
足立区|弘道2丁目,171924.671340601,4,80.05517004701571,荒川
足立区|弘道2丁目,171924.671340601,4,24.90481377268426,荒川
足立区|弘道2丁目,171924.671340601,4,26.54204289204648,荒川
足立区|弘道2丁目,171924.671340601,4,105.1164834944623,荒川
足立区|弘道2丁目,171924.671340601,4,52552.774462968744,荒川
足立区|弘道2丁目,171924.671340601,4,25.910544991679036,荒川
足立区|弘道2丁目,171924.671340601,4,26.542536836894456,荒川
足立区|弘道2丁目,171924.671340601,4,25.499345109913257,荒川
足立区|弘道2丁目,171924.671340601,4,78.99646798466198,荒川
足立区|弘道2丁目,171924.671340601,4,26.121558198582843,荒川
足立区|弘道2丁目,171924.671340601,4,207.93835866228244,荒川
足立区|弘道2丁目,171924.671340601,4,79.20695743814164,荒川
足立区|弘道2丁目,171924.671340601,4,52.66422303887468,荒川
足立区|弘道2丁目,171924.671340601,4,77.74275274072389,荒川
足立区|弘道2丁目,171924.671340601,4,26.54282318187956,荒川
足立区|弘道2丁目,171924.671340601,4,25.911070396810576,荒川
足立区|弘道2丁目,171924.671340601,4,78.7869034241431,荒川
足立区|江北1丁目,207832.27711945283,2,17827.889339571975,荒川
足立区|江北1丁目,207832.27711945283,2,521.3963716760819,荒川
足立区|江北1丁目,207832.27711945283,2,522.0212350279369,荒川
足立区|江北1丁目,207832.27711945283,2,442.61819592257126,荒川
足立区|江北1丁目,207832.27711945283,2,392.4677520562162,荒川
足立区|江北1丁目,207832.27711945283,2,524.3383520323428,荒川
足立区|江北1丁目,207832.27711945283,2,208.97907353508091,荒川
足立区|江北1丁目,207832.27711945283,2,415.2499844291505,荒川
足立区|江北1丁目,207832.27711945283,2,1382.8389170427345,荒川
足立区|江北1丁目,207832.27711945283,2,445.9757420294669,荒川
足立区|江北1丁目,207832.27711945283,2,53.08514562402573,荒川
足立区|江北1丁目,207832.27711945283,2,1176.9899342945998,荒川
足立区|江北1丁目,207832.27711945283,3,183839.22863562722,荒川
足立区|江北1丁目,207832.27711945283,3,51.61886203466095,荒川
足立区|江北1丁目,207832.27711945283,3,27.57957854844234,荒川
足立区|江北2丁目,263775.98105818906,2,444.7161392476862,荒川
足立区|江北2丁目,263775.98105818906,2,5.890901461393644,荒川
足立区|江北2丁目,263775.98105818906,3,246730.20811645096,荒川
足立区|江北2丁目,263775.98105818906,4,1398.968958942369,荒川
足立区|江北2丁目,263775.98105818906,4,52.24160405067902,荒川
足立区|江北2丁目,263775.98105818906,4,7634.769598025991,荒川
足立区|江北2丁目,263775.98105818906,4,26.542466768057874,荒川
足立区|江北2丁目,263775.98105818906,4,158.62321802533182,荒川
足立区|江北2丁目,263775.98105818906,4,25.499536043803445,荒川
足立区|江北2丁目,263775.98105818906,4,51.62066198277161,荒川
足立区|江北2丁目,263775.98105818906,4,77.7446791431243,荒川
足立区|江北2丁目,263775.98105818906,4,78.99914923057717,荒川
足立区|江北2丁目,263775.98105818906,4,365.0983490333268,荒川
足立区|江北2丁目,263775.98105818906,4,52.664138084631205,荒川
足立区|江北2丁目,263775.98105818906,4,4118.579271636732,荒川
足立区|江北2丁目,263775.98105818906,4,77.74489972319682,荒川
足立区|江北2丁目,263775.98105818906,4,181.81742462237915,荒川
足立区|江北2丁目,263775.98105818906,4,78.99671109167738,荒川
足立区|江北2丁目,263775.98105818906,4,1513.4767392481958,荒川
足立区|江北2丁目,263775.98105818906,4,26.5427940473827,荒川
足立区|江北2丁目,263775.98105818906,4,26.121520262715514,荒川
足立区|江北2丁目,263775.98105818906,4,103.65415434670254,荒川
足立区|江北2丁目,263775.98105818906,4,467.9269092851161,荒川
足立区|江北2丁目,263775.98105818906,4,25.911374682636687,荒川
足立区|江北2丁目,263775.98105818906,4,51.62188279643145,荒川
足立区|江北3丁目,307865.3645980992,2,17868.338878912604,荒川
足立区|江北3丁目,307865.3645980992,2,26.118579188552843,荒川
足立区|江北3丁目,307865.3645980992,2,288.36831446488617,荒川
足立区|江北3丁目,307865.3645980992,2,63.35687449865764,荒川
足立区|江北3丁目,307865.3645980992,2,0.019300266731532355,荒川
足立区|江北3丁目,307865.3645980992,2,6351.895840703237,荒川
足立区|江北3丁目,307865.3645980992,3,280468.13754697883,荒川
足立区|江北3丁目,307865.3645980992,3,25.90760741295029,荒川
足立区|江北3丁目,307865.3645980992,4,1159.1491968317155,荒川
足立区|江北3丁目,307865.3645980992,4,26.5412940544117,荒川
足立区|江北3丁目,307865.3645980992,4,77.73818645078676,荒川
足立区|江北3丁目,307865.3645980992,4,1327.15128240309,荒川
足立区|江北3丁目,307865.3645980992,4,26.12032568820606,荒川
足立区|江北3丁目,307865.3645980992,4,52.45155017587528,荒川
足立区|江北3丁目,307865.3645980992,4,77.94937400144599,荒川
足立区|江北3丁目,307865.3645980992,4,26.12044606716117,荒川
足立区|江北4丁目,287140.75399553665,2,38819.57251274293,荒川
足立区|江北4丁目,287140.75399553665,2,52.240274528702834,荒川
足立区|江北4丁目,287140.75399553665,2,129.35671568189383,荒川
足立区|江北4丁目,287140.75399553665,2,2632.4740178342413,荒川
足立区|江北4丁目,287140.75399553665,2,521.6079282977948,荒川
足立区|江北4丁目,287140.75399553665,2,52.65935847537454,荒川
足立区|江北4丁目,287140.75399553665,2,3104.81586561235,荒川
足立区|江北4丁目,287140.75399553665,2,703.1713611860914,荒川
足立区|江北4丁目,287140.75399553665,2,1096.86590024001,荒川
足立区|江北4丁目,287140.75399553665,2,551.2599556465694,荒川
足立区|江北4丁目,287140.75399553665,2,496.50611593896497,荒川
足立区|江北4丁目,287140.75399553665,2,756.0446840890082,荒川
足立区|江北4丁目,287140.75399553665,2,25.497359205484962,荒川
足立区|江北4丁目,287140.75399553665,2,26.54053784107386,荒川
足立区|江北4丁目,287140.75399553665,2,3423.1167702500484,荒川
足立区|江北4丁目,287140.75399553665,2,3370.0783196155153,荒川
足立区|江北4丁目,287140.75399553665,2,1957.8773867587058,荒川
足立区|江北4丁目,287140.75399553665,2,1541.5942459696785,荒川
足立区|江北4丁目,287140.75399553665,2,912.7978785196556,荒川
足立区|江北4丁目,287140.75399553665,3,225272.24254956056,荒川
足立区|江北4丁目,287140.75399553665,3,26.540291739805408,荒川
足立区|江北4丁目,287140.75399553665,3,26.541616269595835,荒川
足立区|江北4丁目,287140.75399553665,3,186.1236520894548,荒川
足立区|江北4丁目,287140.75399553665,3,182.63245489798504,荒川
足立区|江北4丁目,287140.75399553665,3,26.11940058984458,荒川
足立区|江北4丁目,287140.75399553665,3,26.540467857397047,荒川
足立区|江北4丁目,287140.75399553665,3,25.49731813409529,荒川
足立区|江北4丁目,287140.75399553665,3,26.540494992942484,荒川
足立区|江北4丁目,287140.75399553665,3,26.540493984960257,荒川
足立区|江北4丁目,287140.75399553665,3,52.44952916933801,荒川
足立区|江北4丁目,287140.75399553665,3,105.31958603665123,荒川
足立区|江北4丁目,287140.75399553665,3,52.23873851719034,荒川
足立区|江北4丁目,287140.75399553665,3,366.7442664227183,荒川
足立区|江北4丁目,287140.75399553665,3,26.119337735752843,荒川
足立区|江北4丁目,287140.75399553665,3,104.06676266701633,荒川
足立区|江北4丁目,287140.75399553665,3,26.540753880539306,荒川
足立区|江北4丁目,287140.75399553665,3,233.4217027666764,荒川
足立区|江北4丁目,287140.75399553665,3,131.4412848872495,荒川
足立区|江北4丁目,287140.75399553665,3,43.01610490262762,荒川
足立区|江北5丁目,133351.16715043812,2,101340.04648321583,荒川
足立区|江北5丁目,133351.16715043812,2,7582.846050868467,荒川
足立区|江北5丁目,133351.16715043812,2,14.375685949481877,荒川
足立区|江北5丁目,133351.16715043812,2,52.42795528495751,荒川
足立区|江北5丁目,133351.16715043812,3,23921.350711435058,荒川
足立区|江北5丁目,133351.16715043812,3,50.336112801614135,荒川
足立区|江北5丁目,133351.16715043812,3,25.49641437442731,荒川
足立区|江北5丁目,133351.16715043812,3,25.907930885549142,荒川
足立区|江北5丁目,133351.16715043812,3,184.5153292263674,荒川
足立区|江北5丁目,133351.16715043812,3,153.86447639639906,荒川
足立区|江北6丁目,245788.41212606672,2,140293.7771542844,荒川
足立区|江北6丁目,245788.41212606672,2,969.7318929519137,荒川
足立区|江北6丁目,245788.41212606672,2,522.3677939277379,荒川
足立区|江北6丁目,245788.41212606672,2,52.65511706027951,荒川
足立区|江北6丁目,245788.41212606672,2,467.6395169922866,荒川
足立区|江北6丁目,245788.41212606672,2,77.72944938863338,荒川
足立区|江北6丁目,245788.41212606672,2,5636.478801160784,荒川
足立区|江北6丁目,245788.41212606672,2,3004.7913837691985,荒川
足立区|江北6丁目,245788.41212606672,2,1515.766836729126,荒川
足立区|江北6丁目,245788.41212606672,2,1725.5615025018337,荒川
足立区|江北6丁目,245788.41212606672,3,88382.74743874853,荒川
足立区|江北6丁目,245788.41212606672,3,367.7513023154606,荒川
足立区|江北6丁目,245788.41212606672,3,236.53676642389186,荒川
足立区|江北6丁目,245788.41212606672,3,26.538213480392905,荒川
足立区|江北6丁目,245788.41212606672,3,51.612050952348724,荒川
足立区|江北6丁目,245788.41212606672,3,209.3744856483842,荒川
足立区|江北6丁目,245788.41212606672,3,104.88911032109819,荒川
足立区|江北6丁目,245788.41212606672,3,52.235789645334954,荒川
足立区|江北6丁目,245788.41212606672,3,808.8762673373776,荒川
足立区|江北6丁目,245788.41212606672,3,53.07858982842848,荒川
足立区|江北6丁目,245788.41212606672,3,77.94283105045687,荒川
足立区|江北6丁目,245788.41212606672,3,50.992400063382604,荒川
足立区|江北6丁目,245788.41212606672,3,26.53923911525153,荒川
足立区|江北6丁目,245788.41212606672,3,25.496501763082463,荒川
足立区|江北6丁目,245788.41212606672,3,1.0678689741687437,荒川
足立区|江北6丁目,245788.41212606672,3,26.117576548914112,荒川
足立区|江北6丁目,245788.41212606672,3,418.745673761209,荒川
足立区|江北6丁目,245788.41212606672,3,523.639559542798,荒川
足立区|江北6丁目,245788.41212606672,3,77.73101177988447,荒川
足立区|江北7丁目,180198.24131263007,2,8767.462297343778,荒川
足立区|江北7丁目,180198.24131263007,2,859.39446605881,荒川
足立区|江北7丁目,180198.24131263007,2,3185.6041059071295,荒川
足立区|江北7丁目,180198.24131263007,2,1281.0543183053112,荒川
足立区|江北7丁目,180198.24131263007,2,1019.4468890349301,荒川
足立区|江北7丁目,180198.24131263007,2,418.7345640495465,荒川
足立区|江北7丁目,180198.24131263007,2,469.72708276267895,荒川
足立区|江北7丁目,180198.24131263007,2,2772.212956553114,荒川
足立区|江北7丁目,180198.24131263007,2,154.63057703438392,荒川
足立区|江北7丁目,180198.24131263007,2,129.55581700729425,荒川
足立区|江北7丁目,180198.24131263007,2,52.65693007293737,荒川
足立区|江北7丁目,180198.24131263007,2,546.8277712801043,荒川
足立区|江北7丁目,180198.24131263007,2,366.0910590193358,荒川
足立区|江北7丁目,180198.24131263007,2,105.31381911474762,荒川
足立区|江北7丁目,180198.24131263007,2,1387.8954433694926,荒川
足立区|江北7丁目,180198.24131263007,2,25.907694579585733,荒川
足立区|江北7丁目,180198.24131263007,3,158655.7255211368,荒川
足立区|古千谷1丁目,245808.6407585833,1,573.2554336915617,荒川
足立区|古千谷1丁目,245808.6407585833,1,499.309095154893,荒川
足立区|古千谷1丁目,245808.6407585833,1,441.8614689027315,荒川
足立区|古千谷1丁目,245808.6407585833,1,364.9776294958283,荒川
足立区|古千谷1丁目,245808.6407585833,1,0.420964453258891,荒川
足立区|古千谷1丁目,245808.6407585833,1,182.1669540370345,荒川
足立区|古千谷1丁目,245808.6407585833,1,312.12276763090364,荒川
足立区|古千谷1丁目,245808.6407585833,1,468.7803356660901,荒川
足立区|古千谷1丁目,245808.6407585833,1,380.12620232779784,荒川
足立区|古千谷1丁目,245808.6407585833,1,2999.71341346518,荒川
足立区|古千谷1丁目,245808.6407585833,1,353.88409041186094,荒川
足立区|古千谷1丁目,245808.6407585833,1,1361.0557160072494,荒川
足立区|古千谷1丁目,245808.6407585833,1,51.392390840354864,荒川
足立区|古千谷1丁目,245808.6407585833,2,197885.67026359227,荒川
足立区|古千谷1丁目,245808.6407585833,2,286.83003599078774,荒川
足立区|古千谷1丁目,245808.6407585833,3,25.901397650605045,荒川
足立区|古千谷1丁目,245808.6407585833,3,105.29073717327718,荒川
足立区|古千谷1丁目,245808.6407585833,3,130.36029132558724,荒川
足立区|古千谷1丁目,245808.6407585833,3,102.99186938634264,荒川
足立区|古千谷1丁目,245808.6407585833,3,26.53257879760372,荒川
足立区|古千谷1丁目,245808.6407585833,3,19984.75690311707,荒川
足立区|古千谷1丁目,245808.6407585833,3,130.1463675765651,荒川
足立区|古千谷2丁目,96927.97090187589,1,210.78094965742122,荒川
足立区|古千谷2丁目,96927.97090187589,1,234.59547199099472,荒川
足立区|古千谷2丁目,96927.97090187589,1,233.13158849385343,荒川
足立区|古千谷2丁目,96927.97090187589,1,1725.1194395138998,荒川
足立区|古千谷2丁目,96927.97090187589,1,189.9165187888582,荒川
足立区|古千谷2丁目,96927.97090187589,1,523.0893022583548,荒川
足立区|古千谷2丁目,96927.97090187589,2,11533.649398304362,荒川
足立区|古千谷本町1丁目,167411.22606047,2,167411.1305339917,荒川
足立区|古千谷本町2丁目,214413.21643708428,1,1044.4465186293137,荒川
足立区|古千谷本町2丁目,214413.21643708428,1,417.1542279106695,荒川
足立区|古千谷本町2丁目,214413.21643708428,1,2089.762291842468,荒川
足立区|古千谷本町2丁目,214413.21643708428,1,470.8407167488976,荒川
足立区|古千谷本町2丁目,214413.21643708428,2,210391.01268195803,荒川
足立区|古千谷本町3丁目,121537.32568259285,1,549.1564203019999,荒川
足立区|古千谷本町3丁目,121537.32568259285,2,120651.20739394822,荒川
足立区|古千谷本町3丁目,121537.32568259285,2,1.537769015014728,荒川
足立区|古千谷本町3丁目,121537.32568259285,2,6.916721331874724,荒川
足立区|古千谷本町3丁目,121537.32568259285,3,71.08971468208169,荒川
足立区|古千谷本町3丁目,121537.32568259285,3,0.16926018135167523,荒川
足立区|古千谷本町3丁目,121537.32568259285,3,4.048135439965751,荒川
足立区|古千谷本町3丁目,121537.32568259285,3,32.57572329423267,荒川
足立区|古千谷本町3丁目,121537.32568259285,3,58.30163225794504,荒川
足立区|古千谷本町3丁目,121537.32568259285,3,82.64858851638971,荒川
足立区|古千谷本町3丁目,121537.32568259285,3,79.67474487877871,荒川
足立区|古千谷本町4丁目,125003.5344666211,2,121426.11561941808,荒川
足立区|古千谷本町4丁目,125003.5344666211,2,22.041760578828946,荒川
足立区|古千谷本町4丁目,125003.5344666211,2,25.16054562596851,荒川
足立区|古千谷本町4丁目,125003.5344666211,2,14.402373132037447,荒川
足立区|古千谷本町4丁目,125003.5344666211,2,31.325425306047844,荒川
足立区|古千谷本町4丁目,125003.5344666211,2,18.157596603013797,荒川
足立区|古千谷本町4丁目,125003.5344666211,2,37.277800351207006,荒川
足立区|古千谷本町4丁目,125003.5344666211,2,89.97727722448793,荒川
足立区|古千谷本町4丁目,125003.5344666211,2,97.87681698424745,荒川
足立区|古千谷本町4丁目,125003.5344666211,2,25.487069409902,荒川
足立区|古千谷本町4丁目,125003.5344666211,2,26.529826977455755,荒川
足立区|古千谷本町4丁目,125003.5344666211,2,181.71256710331215,荒川
足立区|古千谷本町4丁目,125003.5344666211,2,52.21762543164115,荒川
足立区|古千谷本町4丁目,125003.5344666211,3,107.31657980759718,荒川
足立区|古千谷本町4丁目,125003.5344666211,3,1037.4838805416102,荒川
足立区|古千谷本町4丁目,125003.5344666211,3,155.62118223175992,荒川
足立区|古千谷本町4丁目,125003.5344666211,3,29.30364568394605,荒川
足立区|古千谷本町4丁目,125003.5344666211,3,262.99618204399366,荒川
足立区|古千谷本町4丁目,125003.5344666211,3,76.87335576507294,荒川
足立区|古千谷本町4丁目,125003.5344666211,3,128.59548521447948,荒川
足立区|古千谷本町4丁目,125003.5344666211,3,297.31224861589374,荒川
足立区|古千谷本町4丁目,125003.5344666211,3,3.3971880483635686,荒川
足立区|古千谷本町4丁目,125003.5344666211,3,181.7394179750981,荒川
足立区|古千谷本町4丁目,125003.5344666211,3,7.047628525532286,荒川
足立区|古千谷本町4丁目,125003.5344666211,3,13.136106033275354,荒川
足立区|古千谷本町4丁目,125003.5344666211,3,575.6809642648981,荒川
足立区|古千谷本町4丁目,125003.5344666211,3,26.10897342632265,荒川
足立区|古千谷本町4丁目,125003.5344666211,3,52.63932429701294,荒川
足立区|佐野1丁目,253563.48268024455,2,76963.48905299115,荒川
足立区|佐野1丁目,253563.48268024455,2,78.97517369623428,荒川
足立区|佐野1丁目,253563.48268024455,2,26.53555381717259,荒川
足立区|佐野1丁目,253563.48268024455,2,1828.757215373921,荒川
足立区|佐野1丁目,253563.48268024455,2,2950.530175483077,荒川
足立区|佐野1丁目,253563.48268024455,2,234.21558463982817,荒川
足立区|佐野1丁目,253563.48268024455,2,2795.518401276792,荒川
足立区|佐野1丁目,253563.48268024455,2,26.53641635713539,荒川
足立区|佐野1丁目,253563.48268024455,2,51.39812919302261,荒川
足立区|佐野1丁目,253563.48268024455,2,548.8751199583195,荒川
足立区|佐野1丁目,253563.48268024455,2,938.1145677280804,荒川
足立区|佐野1丁目,253563.48268024455,2,548.0341020990803,荒川
足立区|佐野1丁目,253563.48268024455,2,390.30782749516027,荒川
足立区|佐野1丁目,253563.48268024455,2,524.4501465678943,荒川
足立区|佐野1丁目,253563.48268024455,2,1568.9607572716732,荒川
足立区|佐野1丁目,253563.48268024455,2,130.58861658234946,荒川
足立区|佐野1丁目,253563.48268024455,2,25.494549092160874,荒川
足立区|佐野1丁目,253563.48268024455,2,936.6963082252489,荒川
足立区|佐野1丁目,253563.48268024455,3,161301.76044359835,荒川
足立区|佐野1丁目,253563.48268024455,3,885.0242057135072,荒川
足立区|佐野1丁目,253563.48268024455,3,26.114354555446077,荒川
足立区|佐野1丁目,253563.48268024455,3,26.114057256503344,荒川
足立区|佐野1丁目,253563.48268024455,3,26.536099008687493,荒川
足立区|佐野1丁目,253563.48268024455,3,26.53560862048669,荒川
足立区|佐野1丁目,253563.48268024455,3,25.49355592065119,荒川
足立区|佐野1丁目,253563.48268024455,3,26.536528374936754,荒川
足立区|佐野1丁目,253563.48268024455,3,26.115888023256932,荒川
足立区|佐野1丁目,253563.48268024455,3,25.49414672171732,荒川
足立区|佐野1丁目,253563.48268024455,3,78.97990643330044,荒川
足立区|佐野1丁目,253563.48268024455,3,51.399139171272886,荒川
足立区|佐野1丁目,253563.48268024455,3,52.44256105414574,荒川
足立区|佐野1丁目,253563.48268024455,3,26.115699710105023,荒川
足立区|佐野1丁目,253563.48268024455,3,25.90530810533022,荒川
足立区|佐野1丁目,253563.48268024455,3,208.10707000003092,荒川
足立区|佐野1丁目,253563.48268024455,3,157.32893811667938,荒川
足立区|佐野2丁目,207596.6233178921,2,3368.363125391059,荒川
足立区|佐野2丁目,207596.6233178921,2,7.291960538880446,荒川
足立区|佐野2丁目,207596.6233178921,2,2690.402205325801,荒川
足立区|佐野2丁目,207596.6233178921,2,3105.5371970261294,荒川
足立区|佐野2丁目,207596.6233178921,2,2245.1852383114006,荒川
足立区|佐野2丁目,207596.6233178921,2,496.63979583172596,荒川
足立区|佐野2丁目,207596.6233178921,2,2689.1585011766715,荒川
足立区|佐野2丁目,207596.6233178921,2,25.90426697857521,荒川
足立区|佐野2丁目,207596.6233178921,2,26.115636232160693,荒川
足立区|佐野2丁目,207596.6233178921,2,784.3507125182565,荒川
足立区|佐野2丁目,207596.6233178921,2,835.7335241692465,荒川
足立区|佐野2丁目,207596.6233178921,2,896.2135627888962,荒川
足立区|佐野2丁目,207596.6233178921,2,1957.6931675708602,荒川
足立区|佐野2丁目,207596.6233178921,2,2479.0007349772927,荒川
足立区|佐野2丁目,207596.6233178921,2,1801.4163445933884,荒川
足立区|佐野2丁目,207596.6233178921,2,286.4518958878421,荒川
足立区|佐野2丁目,207596.6233178921,2,1.8147640560888068,荒川
足立区|佐野2丁目,207596.6233178921,2,26.114838280192366,荒川
足立区|佐野2丁目,207596.6233178921,2,2347.82284630916,荒川
足立区|佐野2丁目,207596.6233178921,2,1878.340466406802,荒川
足立区|佐野2丁目,207596.6233178921,2,1067.4627263049551,荒川
足立区|佐野2丁目,207596.6233178921,2,547.6125663339619,荒川
足立区|佐野2丁目,207596.6233178921,2,1042.5776954671596,荒川
足立区|佐野2丁目,207596.6233178921,2,520.6663964544146,荒川
足立区|佐野2丁目,207596.6233178921,2,2328.406338647241,荒川
足立区|佐野2丁目,207596.6233178921,2,2771.7226163287405,荒川
足立区|佐野2丁目,207596.6233178921,2,3.149378889956564,荒川
足立区|佐野2丁目,207596.6233178921,2,287.28569225855443,荒川
足立区|佐野2丁目,207596.6233178921,2,26.115053621648823,荒川
足立区|佐野2丁目,207596.6233178921,2,548.6595118234634,荒川
足立区|佐野2丁目,207596.6233178921,2,1147.6938235754233,荒川
足立区|佐野2丁目,207596.6233178921,2,2869.5690134618767,荒川
足立区|佐野2丁目,207596.6233178921,2,497.060723383498,荒川
足立区|佐野2丁目,207596.6233178921,2,2558.8779740723453,荒川
足立区|佐野2丁目,207596.6233178921,2,392.38742458231724,荒川
足立区|佐野2丁目,207596.6233178921,2,2430.3983722879952,荒川
足立区|佐野2丁目,207596.6233178921,2,2398.2168104027837,荒川
足立区|佐野2丁目,207596.6233178921,2,365.0197977724002,荒川
足立区|佐野2丁目,207596.6233178921,2,26.11570648269462,荒川
足立区|佐野2丁目,207596.6233178921,2,3216.021696625724,荒川
足立区|佐野2丁目,207596.6233178921,2,574.1725658515377,荒川
足立区|佐野2丁目,207596.6233178921,3,153896.1083586474,荒川
足立区|佐野2丁目,207596.6233178921,3,25.904021335231057,荒川
足立区|佐野2丁目,207596.6233178921,3,52.22928661075434,荒川
足立区|佐野2丁目,207596.6233178921,3,0.9866197693179056,荒川
足立区|佐野2丁目,207596.6233178921,3,26.536481265943237,荒川
足立区|佐野2丁目,207596.6233178921,3,26.115881274287666,荒川
足立区|皿沼1丁目,122433.15053097231,2,122433.15053097234,荒川
足立区|皿沼2丁目,129516.18606287231,2,129516.18606287225,荒川
足立区|皿沼3丁目,212871.88859857572,2,212428.77324742184,荒川
足立区|皿沼3丁目,212871.88859857572,3,443.11535115386505,荒川
足立区|鹿浜1丁目,176983.77298104373,3,153387.32536572253,荒川
足立区|鹿浜1丁目,176983.77298104373,3,0.4214803329363232,荒川
足立区|鹿浜1丁目,176983.77298104373,3,2705.966344167969,荒川
足立区|鹿浜1丁目,176983.77298104373,3,78.989134012582,荒川
足立区|鹿浜1丁目,176983.77298104373,4,26.11847879199093,荒川
足立区|鹿浜1丁目,176983.77298104373,4,26.53974485412967,荒川
足立区|鹿浜1丁目,176983.77298104373,4,210.63331984833005,荒川
足立区|鹿浜1丁目,176983.77298104373,4,26.539746050475106,荒川
足立区|鹿浜1丁目,176983.77298104373,4,25.496899610061305,荒川
足立区|鹿浜1丁目,176983.77298104373,4,26.54005930998996,荒川
足立区|鹿浜1丁目,176983.77298104373,4,26.11880204359384,荒川
足立区|鹿浜1丁目,176983.77298104373,4,25.497144445657973,荒川
足立区|鹿浜1丁目,176983.77298104373,4,26.540100139030038,荒川
足立区|鹿浜1丁目,176983.77298104373,4,20261.91875575011,荒川
足立区|鹿浜1丁目,176983.77298104373,4,77.31219273166607,荒川
足立区|鹿浜1丁目,176983.77298104373,4,51.815686714100394,荒川
足立区|鹿浜2丁目,2240032.245247251,1,101.06987011194266,荒川
足立区|鹿浜2丁目,2240032.245247251,1,2196.9319581639197,荒川
足立区|鹿浜2丁目,2240032.245247251,2,164.53022582288295,荒川
足立区|鹿浜2丁目,2240032.245247251,2,42806.57300215667,荒川
足立区|鹿浜2丁目,2240032.245247251,2,4222.042138247589,荒川
足立区|鹿浜2丁目,2240032.245247251,2,4419.631060716794,荒川
足立区|鹿浜2丁目,2240032.245247251,2,1950.193981734022,荒川
足立区|鹿浜2丁目,2240032.245247251,2,1238.0748187708202,荒川
足立区|鹿浜2丁目,2240032.245247251,2,397.1180378105522,荒川
足立区|鹿浜2丁目,2240032.245247251,2,656.2758350523172,荒川
足立区|鹿浜2丁目,2240032.245247251,2,3762.343221467641,荒川
足立区|鹿浜2丁目,2240032.245247251,2,3249.0730782183205,荒川
足立区|鹿浜2丁目,2240032.245247251,3,8859.940577337367,荒川
足立区|鹿浜2丁目,2240032.245247251,3,404401.1694890733,荒川
足立区|鹿浜2丁目,2240032.245247251,3,2552.418341115382,荒川
足立区|鹿浜2丁目,2240032.245247251,3,197.46165914470853,荒川
足立区|鹿浜2丁目,2240032.245247251,3,1357.5077829205902,荒川
足立区|鹿浜2丁目,2240032.245247251,3,26.116128154568482,荒川
足立区|鹿浜2丁目,2240032.245247251,3,52.44291087114275,荒川
足立区|鹿浜2丁目,2240032.245247251,3,26.116168608217837,荒川
足立区|鹿浜2丁目,2240032.245247251,3,52.44299207573091,荒川
足立区|鹿浜2丁目,2240032.245247251,3,104.67488323127694,荒川
足立区|鹿浜2丁目,2240032.245247251,3,52.23251261116899,荒川
足立区|鹿浜2丁目,2240032.245247251,3,104.6759859241786,荒川
足立区|鹿浜2丁目,2240032.245247251,3,104.67614809286944,荒川
足立区|鹿浜2丁目,2240032.245247251,3,104.67631028155421,荒川
足立区|鹿浜2丁目,2240032.245247251,3,104.67667801533064,荒川
足立区|鹿浜2丁目,2240032.245247251,3,1852.9629791826678,荒川
足立区|鹿浜2丁目,2240032.245247251,3,25.906027528246916,荒川
足立区|鹿浜2丁目,2240032.245247251,3,156.77053198628124,荒川
足立区|鹿浜2丁目,2240032.245247251,3,26.538232368181667,荒川
足立区|鹿浜2丁目,2240032.245247251,3,26.11650588774756,荒川
足立区|鹿浜2丁目,2240032.245247251,3,25.49469745622555,荒川
足立区|鹿浜2丁目,2240032.245247251,3,26.01746680951141,荒川
足立区|鹿浜2丁目,2240032.245247251,3,17.51426702771793,荒川
足立区|鹿浜2丁目,2240032.245247251,3,0.9491714730971204,荒川
足立区|鹿浜2丁目,2240032.245247251,3,51.61457587462218,荒川
足立区|鹿浜2丁目,2240032.245247251,3,654.0888813020451,荒川
足立区|鹿浜2丁目,2240032.245247251,3,5312.833358967354,荒川
足立区|鹿浜2丁目,2240032.245247251,3,650.9609334878774,荒川
足立区|鹿浜2丁目,2240032.245247251,3,2534.158145561136,荒川
足立区|鹿浜2丁目,2240032.245247251,3,650.9359535186616,荒川
足立区|鹿浜2丁目,2240032.245247251,3,651.0311661938239,荒川
足立区|鹿浜2丁目,2240032.245247251,3,656.2004586616657,荒川
足立区|鹿浜2丁目,2240032.245247251,3,1733.7871937318148,荒川
足立区|鹿浜2丁目,2240032.245247251,3,216.70355600293007,荒川
足立区|鹿浜2丁目,2240032.245247251,3,651.0388892034431,荒川
足立区|鹿浜2丁目,2240032.245247251,3,654.1705624782717,荒川
足立区|鹿浜2丁目,2240032.245247251,3,252.57107553794876,荒川
足立区|鹿浜2丁目,2240032.245247251,3,653.1278540649009,荒川
足立区|鹿浜2丁目,2240032.245247251,3,653.129526058463,荒川
足立区|鹿浜2丁目,2240032.245247251,3,387.5588754314098,荒川
足立区|鹿浜2丁目,2240032.245247251,3,654.1745459089398,荒川
足立区|鹿浜2丁目,2240032.245247251,3,653.1328778986622,荒川
足立区|鹿浜2丁目,2240032.245247251,3,1960.1247617996598,荒川
足立区|鹿浜2丁目,2240032.245247251,3,1309.3521551134656,荒川
足立区|鹿浜2丁目,2240032.245247251,3,2224.41704985235,荒川
足立区|鹿浜2丁目,2240032.245247251,3,1964.650778297698,荒川
足立区|鹿浜2丁目,2240032.245247251,3,653.1437024933304,荒川
足立区|鹿浜2丁目,2240032.245247251,3,1957.347391928123,荒川
足立区|鹿浜2丁目,2240032.245247251,3,4610.091956255495,荒川
足立区|鹿浜2丁目,2240032.245247251,3,654.2154372138551,荒川
足立区|鹿浜2丁目,2240032.245247251,4,131.8880374224358,荒川
足立区|鹿浜2丁目,2240032.245247251,4,104.67398079521577,荒川
足立区|鹿浜2丁目,2240032.245247251,4,104.67414298372961,荒川
足立区|鹿浜2丁目,2240032.245247251,4,104.67388389465626,荒川
足立区|鹿浜2丁目,2240032.245247251,4,104.67404606480189,荒川
足立区|鹿浜2丁目,2240032.245247251,4,104.67420821095654,荒川
足立区|鹿浜2丁目,2240032.245247251,4,234.8430475542618,荒川
足立区|鹿浜2丁目,2240032.245247251,4,104.6746946782807,荒川
足立区|鹿浜2丁目,2240032.245247251,4,1334.419038325985,荒川
足立区|鹿浜2丁目,2240032.245247251,4,3660.2510094277845,荒川
足立区|鹿浜2丁目,2240032.245247251,4,77.73089850404087,荒川
足立区|鹿浜2丁目,2240032.245247251,4,6400.135639271048,荒川
足立区|鹿浜2丁目,2240032.245247251,4,52.65673876557433,荒川
足立区|鹿浜2丁目,2240032.245247251,4,3080.1026119000558,荒川
足立区|鹿浜2丁目,2240032.245247251,4,527.1034210274289,荒川
足立区|鹿浜2丁目,2240032.245247251,4,130.38841020827132,荒川
足立区|鹿浜2丁目,2240032.245247251,4,102.80648332024198,荒川
足立区|鹿浜2丁目,2240032.245247251,4,52.44631438918901,荒川
足立区|鹿浜2丁目,2240032.245247251,4,32300.09007788667,荒川
足立区|鹿浜2丁目,2240032.245247251,4,25.907381588516856,荒川
足立区|鹿浜2丁目,2240032.245247251,4,548.465290099875,荒川
足立区|鹿浜2丁目,2240032.245247251,4,157.55124591540812,荒川
足立区|鹿浜2丁目,2240032.245247251,4,26.539364935549994,荒川
足立区|鹿浜2丁目,2240032.245247251,4,25723.88686840215,荒川
足立区|鹿浜2丁目,2240032.245247251,4,25.496271762634212,荒川
足立区|鹿浜2丁目,2240032.245247251,4,26.53940579443282,荒川
足立区|鹿浜2丁目,2240032.245247251,4,10025.756311112325,荒川
足立区|鹿浜2丁目,2240032.245247251,4,12297.984735324624,荒川
足立区|鹿浜2丁目,2240032.245247251,4,5382.089136180972,荒川
足立区|鹿浜2丁目,2240032.245247251,4,21684.59419680935,荒川
足立区|鹿浜2丁目,2240032.245247251,4,33446.0902274911,荒川
足立区|鹿浜3丁目,251086.72759759348,2,782.7056559156109,荒川
足立区|鹿浜3丁目,251086.72759759348,2,2164.687106260533,荒川
足立区|鹿浜3丁目,251086.72759759348,2,651.2913226587631,荒川
足立区|鹿浜3丁目,251086.72759759348,2,51.61124831655077,荒川
足立区|鹿浜3丁目,251086.72759759348,2,940.8924100582457,荒川
足立区|鹿浜3丁目,251086.72759759348,2,234.23043471457206,荒川
足立区|鹿浜3丁目,251086.72759759348,2,1225.4786367003903,荒川
足立区|鹿浜3丁目,251086.72759759348,2,497.7228425495767,荒川
足立区|鹿浜3丁目,251086.72759759348,2,182.61854765152296,荒川
足立区|鹿浜3丁目,251086.72759759348,2,601.7788614980027,荒川
足立区|鹿浜3丁目,251086.72759759348,2,471.3909479581458,荒川
足立区|鹿浜3丁目,251086.72759759348,2,834.5502469849297,荒川
足立区|鹿浜3丁目,251086.72759759348,2,834.3643161712606,荒川
足立区|鹿浜3丁目,251086.72759759348,3,241613.40502015533,荒川
足立区|鹿浜4丁目,192354.48720514233,2,4704.976782749565,荒川
足立区|鹿浜4丁目,192354.48720514233,2,3634.6271730186922,荒川
足立区|鹿浜4丁目,192354.48720514233,2,2250.136570099082,荒川
足立区|鹿浜4丁目,192354.48720514233,2,969.3155206452838,荒川
足立区|鹿浜4丁目,192354.48720514233,2,3633.3825935851955,荒川
足立区|鹿浜4丁目,192354.48720514233,2,4652.637941552296,荒川
足立区|鹿浜4丁目,192354.48720514233,2,4075.945626866466,荒川
足立区|鹿浜4丁目,192354.48720514233,2,4230.37440815001,荒川
足立区|鹿浜4丁目,192354.48720514233,2,26.53809864958824,荒川
足立区|鹿浜4丁目,192354.48720514233,2,1985.650078080567,荒川
足立区|鹿浜4丁目,192354.48720514233,2,1488.7686032360577,荒川
足立区|鹿浜4丁目,192354.48720514233,2,390.7309719297953,荒川
足立区|鹿浜4丁目,192354.48720514233,2,1226.9635850621362,荒川
足立区|鹿浜4丁目,192354.48720514233,2,6977.049555596264,荒川
足立区|鹿浜4丁目,192354.48720514233,2,157.54432289366252,荒川
足立区|鹿浜4丁目,192354.48720514233,2,1254.1176662667724,荒川
足立区|鹿浜4丁目,192354.48720514233,2,524.8866274535408,荒川
足立区|鹿浜4丁目,192354.48720514233,2,760.7955813548471,荒川
足立区|鹿浜4丁目,192354.48720514233,2,340.5891914625431,荒川
足立区|鹿浜4丁目,192354.48720514233,2,1411.259708392457,荒川
足立区|鹿浜4丁目,192354.48720514233,2,1199.369758133259,荒川
足立区|鹿浜4丁目,192354.48720514233,2,2345.6838281420905,荒川
足立区|鹿浜4丁目,192354.48720514233,2,1645.2749700834786,荒川
足立区|鹿浜4丁目,192354.48720514233,2,364.82967141555537,荒川
足立区|鹿浜4丁目,192354.48720514233,2,523.0075063981615,荒川
足立区|鹿浜4丁目,192354.48720514233,2,469.3082468049604,荒川
足立区|鹿浜4丁目,192354.48720514233,2,808.4493519611729,荒川
足立区|鹿浜4丁目,192354.48720514233,2,989.3829327848459,荒川
足立区|鹿浜4丁目,192354.48720514233,3,139099.62473091536,荒川
足立区|鹿浜4丁目,192354.48720514233,3,26.53820866793904,荒川
足立区|鹿浜4丁目,192354.48720514233,3,4.513019692305832,荒川
足立区|鹿浜4丁目,192354.48720514233,3,52.44507778033562,荒川
足立区|鹿浜4丁目,192354.48720514233,3,26.53846721512724,荒川
足立区|鹿浜4丁目,192354.48720514233,3,25.495514170794504,荒川
足立区|鹿浜4丁目,192354.48720514233,3,25.495202524206054,荒川
足立区|鹿浜4丁目,192354.48720514233,3,26.11973488902484,荒川
足立区|鹿浜4丁目,192354.48720514233,3,26.12037651384803,荒川
足立区|鹿浜5丁目,263416.37330341403,2,65405.67570797088,荒川
足立区|鹿浜5丁目,263416.37330341403,2,3916.0862761454846,荒川
足立区|鹿浜5丁目,263416.37330341403,2,2955.43400895649,荒川
足立区|鹿浜5丁目,263416.37330341403,2,4119.453182037928,荒川
足立区|鹿浜5丁目,263416.37330341403,2,2851.6478390965544,荒川
足立区|鹿浜5丁目,263416.37330341403,2,599.9769606964082,荒川
足立区|鹿浜5丁目,263416.37330341403,2,7262.167463649711,荒川
足立区|鹿浜5丁目,263416.37330341403,2,1283.7322730005126,荒川
足立区|鹿浜5丁目,263416.37330341403,2,497.6979906187927,荒川
足立区|鹿浜5丁目,263416.37330341403,2,8226.508314220397,荒川
足立区|鹿浜5丁目,263416.37330341403,2,417.8829557926895,荒川
足立区|鹿浜5丁目,263416.37330341403,2,937.3245412191689,荒川
足立区|鹿浜5丁目,263416.37330341403,3,164144.8276889308,荒川
足立区|鹿浜5丁目,263416.37330341403,3,720.4451646174591,荒川
足立区|鹿浜5丁目,263416.37330341403,3,25.90377259097926,荒川
足立区|鹿浜5丁目,263416.37330341403,3,25.4931915912109,荒川
足立区|鹿浜5丁目,263416.37330341403,3,26.11613570379047,荒川
足立区|鹿浜6丁目,205108.7869750226,2,142805.4196534727,荒川
足立区|鹿浜6丁目,205108.7869750226,2,2502.467002440825,荒川
足立区|鹿浜6丁目,205108.7869750226,2,12383.621896626872,荒川
足立区|鹿浜6丁目,205108.7869750226,2,864.3846578731691,荒川
足立区|鹿浜6丁目,205108.7869750226,2,25.494489900315486,荒川
足立区|鹿浜6丁目,205108.7869750226,2,1020.9070043767908,荒川
足立区|鹿浜6丁目,205108.7869750226,3,42039.04957161564,荒川
足立区|鹿浜6丁目,205108.7869750226,3,52.23095843896437,荒川
足立区|鹿浜6丁目,205108.7869750226,3,52.65237492236838,荒川
足立区|鹿浜6丁目,205108.7869750226,3,1645.827139549884,荒川
足立区|鹿浜6丁目,205108.7869750226,3,79.18925945543636,荒川
足立区|鹿浜6丁目,205108.7869750226,3,181.14752933140826,荒川
足立区|鹿浜6丁目,205108.7869750226,3,1016.2802376075002,荒川
足立区|鹿浜6丁目,205108.7869750226,3,52.23232998194462,荒川
足立区|鹿浜6丁目,205108.7869750226,3,182.82344478503003,荒川
足立区|鹿浜6丁目,205108.7869750226,3,51.399942120744434,荒川
足立区|鹿浜6丁目,205108.7869750226,3,26.53765199840879,荒川
足立区|鹿浜6丁目,205108.7869750226,3,26.537468594926615,荒川
足立区|鹿浜6丁目,205108.7869750226,3,52.44316042205199,荒川
足立区|鹿浜6丁目,205108.7869750226,3,48.14120150767594,荒川
足立区|鹿浜7丁目,135528.8366707575,2,62858.97238669375,荒川
足立区|鹿浜7丁目,135528.8366707575,2,2481.8258292870346,荒川
足立区|鹿浜7丁目,135528.8366707575,2,26.53747958203507,荒川
足立区|鹿浜7丁目,135528.8366707575,2,183.2444326068615,荒川
足立区|鹿浜7丁目,135528.8366707575,2,599.2506592657949,荒川
足立区|鹿浜7丁目,135528.8366707575,2,1801.7174144057237,荒川
足立区|鹿浜7丁目,135528.8366707575,2,104.05418361479713,荒川
足立区|鹿浜7丁目,135528.8366707575,2,1777.7015898745644,荒川
足立区|鹿浜7丁目,135528.8366707575,2,2296.691965312787,荒川
足立区|鹿浜7丁目,135528.8366707575,2,2951.3470835020003,荒川
足立区|鹿浜7丁目,135528.8366707575,2,26.537629401680398,荒川
足立区|鹿浜7丁目,135528.8366707575,2,2743.24537124123,荒川
足立区|鹿浜7丁目,135528.8366707575,2,2897.4603929768773,荒川
足立区|鹿浜7丁目,135528.8366707575,2,315.0936976347879,荒川
足立区|鹿浜7丁目,135528.8366707575,2,886.7702471009964,荒川
足立区|鹿浜7丁目,135528.8366707575,3,52648.79988573338,荒川
足立区|鹿浜7丁目,135528.8366707575,3,26.11580416720166,荒川
足立区|鹿浜7丁目,135528.8366707575,3,26.115871133076016,荒川
足立区|鹿浜7丁目,135528.8366707575,3,26.53732136973858,荒川
足立区|鹿浜7丁目,135528.8366707575,3,26.115913514754517,荒川
足立区|鹿浜7丁目,135528.8366707575,3,52.231842393405984,荒川
足立区|鹿浜7丁目,135528.8366707575,3,25.494132317566347,荒川
足立区|鹿浜7丁目,135528.8366707575,3,78.55846312830991,荒川
足立区|鹿浜7丁目,135528.8366707575,3,53.07437144010007,荒川
足立区|鹿浜7丁目,135528.8366707575,3,51.61034654860172,荒川
足立区|鹿浜7丁目,135528.8366707575,3,52.65315703108004,荒川
足立区|鹿浜7丁目,135528.8366707575,3,130.5898337517449,荒川
足立区|鹿浜7丁目,135528.8366707575,3,25.49417161123246,荒川
足立区|鹿浜7丁目,135528.8366707575,3,52.65342058118535,荒川
足立区|鹿浜7丁目,135528.8366707575,3,26.116008709673167,荒川
足立区|鹿浜7丁目,135528.8366707575,3,15.665791827724407,荒川
足立区|鹿浜7丁目,135528.8366707575,3,156.29525975216168,荒川
足立区|鹿浜7丁目,135528.8366707575,3,26.116113104732456,荒川
足立区|鹿浜7丁目,135528.8366707575,3,25.494573687995235,荒川
足立区|鹿浜7丁目,135528.8366707575,3,52.65402645297633,荒川
足立区|鹿浜8丁目,153733.1673126721,2,153733.16731267207,荒川
足立区|島根1丁目,108803.59888012944,2,60720.715198064034,荒川
足立区|島根1丁目,108803.59888012944,2,77.73172554712218,荒川
足立区|島根1丁目,108803.59888012944,3,47300.54217396334,荒川
足立区|島根1丁目,108803.59888012944,3,26.539350548485693,荒川
足立区|島根1丁目,108803.59888012944,3,51.61403244629429,荒川
足立区|島根1丁目,108803.59888012944,3,26.117949939491623,荒川
足立区|島根1丁目,108803.59888012944,3,25.49581457640461,荒川
足立区|島根1丁目,108803.59888012944,3,26.117480002564257,荒川
足立区|島根1丁目,108803.59888012944,3,51.61352661800139,荒川
足立区|島根1丁目,108803.59888012944,3,53.0779371324773,荒川
足立区|島根1丁目,108803.59888012944,3,365.2589517232447,荒川
足立区|島根1丁目,108803.59888012944,3,78.77473956800095,荒川
足立区|島根2丁目,247478.2242553754,2,228382.26591872345,荒川
足立区|島根2丁目,247478.2242553754,3,18991.90143463629,荒川
足立区|島根2丁目,247478.2242553754,3,26.116794547896255,荒川
足立区|島根2丁目,247478.2242553754,3,25.4948654494815,荒川
足立区|島根2丁目,247478.2242553754,3,52.44524201807333,荒川
足立区|島根3丁目,175014.5073009728,2,39206.119557436825,荒川
足立区|島根3丁目,175014.5073009728,2,339.7550418234147,荒川
足立区|島根3丁目,175014.5073009728,2,51.40212590916795,荒川
足立区|島根3丁目,175014.5073009728,2,25.9070750499791,荒川
足立区|島根3丁目,175014.5073009728,2,26.538812695039624,荒川
足立区|島根3丁目,175014.5073009728,2,572.9553918905269,荒川
足立区|島根3丁目,175014.5073009728,2,52.44634617954421,荒川
足立区|島根3丁目,175014.5073009728,3,132957.31777294402,荒川
足立区|島根3丁目,175014.5073009728,3,3.026855154353259,荒川
足立区|島根3丁目,175014.5073009728,3,1256.2361822112714,荒川
足立区|島根3丁目,175014.5073009728,3,208.9494295053835,荒川
足立区|島根3丁目,175014.5073009728,3,77.52020765777176,荒川
足立区|島根3丁目,175014.5073009728,3,26.538800472073255,荒川
足立区|島根3丁目,175014.5073009728,3,183.25476509924363,荒川
足立区|島根3丁目,175014.5073009728,3,26.53893694898895,荒川
足立区|島根4丁目,220500.95077556898,2,197311.58711075084,荒川
足立区|島根4丁目,220500.95077556898,2,47.60579228414332,荒川
足立区|島根4丁目,220500.95077556898,3,15021.042812342694,荒川
足立区|島根4丁目,220500.95077556898,3,25.90611029224445,荒川
足立区|島根4丁目,220500.95077556898,3,26.11686442608765,荒川
足立区|島根4丁目,220500.95077556898,3,26.116945276144822,荒川
足立区|島根4丁目,220500.95077556898,3,41.72068475386621,荒川
足立区|島根4丁目,220500.95077556898,3,26.11719623375032,荒川
足立区|島根4丁目,220500.95077556898,3,26.116671168279908,荒川
足立区|島根4丁目,220500.95077556898,3,52.654361995053414,荒川
足立区|島根4丁目,220500.95077556898,3,6696.927552195364,荒川
足立区|島根4丁目,220500.95077556898,3,235.26974633574466,荒川
足立区|島根4丁目,220500.95077556898,3,208.32585016935587,荒川
足立区|島根4丁目,220500.95077556898,3,25.906076418961828,荒川
足立区|島根4丁目,220500.95077556898,3,52.23301569917284,荒川
足立区|島根4丁目,220500.95077556898,3,26.537943627991027,荒川
足立区|島根4丁目,220500.95077556898,3,25.494704514425663,荒川
足立区|島根4丁目,220500.95077556898,3,26.11654143807346,荒川
足立区|島根4丁目,220500.95077556898,3,131.2150217802414,荒川
足立区|島根4丁目,220500.95077556898,3,154.94118402991674,荒川
足立区|島根4丁目,220500.95077556898,3,52.4438182140465,荒川
足立区|島根4丁目,220500.95077556898,3,104.26589529861775,荒川
足立区|島根4丁目,220500.95077556898,3,52.23325430319187,荒川
足立区|島根4丁目,220500.95077556898,3,104.05562202075045,荒川
足立区|新田1丁目,838298.8243980127,2,1.0528469863866343,荒川
足立区|新田1丁目,838298.8243980127,3,10203.56007393553,荒川
足立区|新田1丁目,838298.8243980127,3,1514.2137934367156,荒川
足立区|新田1丁目,838298.8243980127,3,650.9561476506485,荒川
足立区|新田1丁目,838298.8243980127,3,262.8865592337899,荒川
足立区|新田1丁目,838298.8243980127,3,523.0368705597532,荒川
足立区|新田1丁目,838298.8243980127,3,4341.187307699419,荒川
足立区|新田1丁目,838298.8243980127,3,4521.873458760184,荒川
足立区|新田1丁目,838298.8243980127,3,418.5345155623005,荒川
足立区|新田1丁目,838298.8243980127,3,1437.5108984265637,荒川
足立区|新田1丁目,838298.8243980127,3,181.8040917120774,荒川
足立区|新田1丁目,838298.8243980127,4,300434.30509633437,荒川
足立区|新田1丁目,838298.8243980127,4,184.5282170812138,荒川
足立区|新田1丁目,838298.8243980127,4,129.35843934647954,荒川
足立区|新田1丁目,838298.8243980127,4,202.05478066718203,荒川
足立区|新田1丁目,838298.8243980127,5,110.50465808747697,荒川
足立区|新田2丁目,233332.34381031463,2,800.2657960625361,荒川
足立区|新田2丁目,233332.34381031463,3,86.0437930144381,荒川
足立区|新田2丁目,233332.34381031463,3,5040.900580254835,荒川
足立区|新田2丁目,233332.34381031463,3,26.120073733720524,荒川
足立区|新田2丁目,233332.34381031463,3,1017.110395704945,荒川
足立区|新田2丁目,233332.34381031463,3,632.0210229651361,荒川
足立区|新田2丁目,233332.34381031463,4,225548.0100551318,荒川
足立区|新田2丁目,233332.34381031463,4,31.16445658205578,荒川
足立区|新田2丁目,233332.34381031463,5,150.70763686530987,荒川
足立区|新田3丁目,431862.59218696324,1,656.2157757556823,荒川
足立区|新田3丁目,431862.59218696324,1,1939.4414378595116,荒川
足立区|新田3丁目,431862.59218696324,1,393.33355448326415,荒川
足立区|新田3丁目,431862.59218696324,2,30358.57064131265,荒川
足立区|新田3丁目,431862.59218696324,2,349.4279314335319,荒川
足立区|新田3丁目,431862.59218696324,2,16.250314065218436,荒川
足立区|新田3丁目,431862.59218696324,2,472.64255568739134,荒川
足立区|新田3丁目,431862.59218696324,2,2319.7222927883995,荒川
足立区|新田3丁目,431862.59218696324,2,82.77825527806255,荒川
足立区|新田3丁目,431862.59218696324,2,1310.335038441428,荒川
足立区|新田3丁目,431862.59218696324,3,16726.17379325758,荒川
足立区|新田3丁目,431862.59218696324,3,811.4913637613795,荒川
足立区|新田3丁目,431862.59218696324,3,234.69232326808597,荒川
足立区|新田3丁目,431862.59218696324,3,626.9570212044244,荒川
足立区|新田3丁目,431862.59218696324,3,157.5713421365375,荒川
足立区|新田3丁目,431862.59218696324,3,25.910944037552014,荒川
足立区|新田3丁目,431862.59218696324,3,12225.254575752233,荒川
足立区|新田3丁目,431862.59218696324,3,26.54293177660044,荒川
足立区|新田3丁目,431862.59218696324,3,26.542945409474484,荒川
足立区|新田3丁目,431862.59218696324,3,25.499698188749306,荒川
足立区|新田3丁目,431862.59218696324,3,210.48469363432395,荒川
足立区|新田3丁目,431862.59218696324,3,27176.269384185627,荒川
足立区|新田3丁目,431862.59218696324,3,79.20573917880529,荒川
足立区|新田3丁目,431862.59218696324,4,172195.1364457371,荒川
足立区|新田3丁目,431862.59218696324,4,259.55295574516543,荒川
足立区|新田3丁目,431862.59218696324,4,52.45233358334963,荒川
足立区|新田3丁目,431862.59218696324,4,77.7409782441924,荒川
足立区|新田3丁目,431862.59218696324,4,26.12125520408303,荒川
足立区|新田3丁目,431862.59218696324,4,25.910626459162835,荒川
足立区|新田3丁目,431862.59218696324,4,25.91066623259819,荒川
足立区|新田3丁目,431862.59218696324,4,26.542647195359542,荒川
足立区|新田3丁目,431862.59218696324,4,26.12155945548152,荒川
足立区|新田3丁目,431862.59218696324,4,52.66406340307865,荒川
足立区|神明1丁目,87447.51128695051,1,643.6540884073808,荒川
足立区|神明1丁目,87447.51128695051,1,1905.3816120251802,荒川
足立区|神明1丁目,87447.51128695051,1,103.21246055072315,荒川
足立区|神明1丁目,87447.51128695051,1,76.869089459724,荒川
足立区|神明1丁目,87447.51128695051,2,83930.99710052297,荒川
足立区|神明1丁目,87447.51128695051,3,16.876700846053666,荒川
足立区|神明1丁目,87447.51128695051,3,25.49155518185504,荒川
足立区|神明1丁目,87447.51128695051,3,77.71970668931128,荒川
足立区|神明1丁目,87447.51128695051,3,52.438322379591085,荒川
足立区|神明1丁目,87447.51128695051,3,25.492303586015474,荒川
足立区|神明1丁目,87447.51128695051,3,26.535061353341092,荒川
足立区|神明1丁目,87447.51128695051,3,562.8440433146762,荒川
足立区|神明2丁目,150276.93213351644,2,80185.39244080473,荒川
足立区|神明2丁目,150276.93213351644,2,364.3488804022975,荒川
足立区|神明2丁目,150276.93213351644,2,26.53415920944846,荒川
足立区|神明2丁目,150276.93213351644,2,1330.8150239624588,荒川
足立区|神明2丁目,150276.93213351644,2,314.84115613705325,荒川
足立区|神明2丁目,150276.93213351644,2,26.534588599835857,荒川
足立区|神明2丁目,150276.93213351644,2,1094.7440803113127,荒川
足立区|神明2丁目,150276.93213351644,2,9559.438467305603,荒川
足立区|神明2丁目,150276.93213351644,2,9008.6701677703,荒川
足立区|神明2丁目,150276.93213351644,2,25.491318721315555,荒川
足立区|神明2丁目,150276.93213351644,3,46.90678100588975,荒川
足立区|神明2丁目,150276.93213351644,3,47640.34168111654,荒川
足立区|神明2丁目,150276.93213351644,3,25.902180095488063,荒川
足立区|神明2丁目,150276.93213351644,3,25.902540415622763,荒川
足立区|神明2丁目,150276.93213351644,3,53.06866019641463,荒川
足立区|神明2丁目,150276.93213351644,3,155.43607034794923,荒川
足立区|神明2丁目,150276.93213351644,3,25.902700434132257,荒川
足立区|神明2丁目,150276.93213351644,3,51.39401055463938,荒川
足立区|神明2丁目,150276.93213351644,3,105.5068361871736,荒川
足立区|神明2丁目,150276.93213351644,3,53.06973745515882,荒川
足立区|神明2丁目,150276.93213351644,3,26.53458304908277,荒川
足立区|神明2丁目,150276.93213351644,3,77.71894630654378,荒川
足立区|神明2丁目,150276.93213351644,3,52.43712312242253,荒川
足立区|神明3丁目,206726.319914242,2,184790.85598197245,荒川
足立区|神明3丁目,206726.319914242,2,1700.3249517995002,荒川
足立区|神明3丁目,206726.319914242,2,3500.749217823887,荒川
足立区|神明3丁目,206726.319914242,3,25.801503713604095,荒川
足立区|神明3丁目,206726.319914242,3,77.29043036083726,荒川
足立区|神明3丁目,206726.319914242,3,102.7796920993309,荒川
足立区|神明3丁目,206726.319914242,3,26.53233324570072,荒川
足立区|神明3丁目,206726.319914242,3,51.39021030209639,荒川
足立区|神明3丁目,206726.319914242,3,26.11218376790152,荒川
足立区|神明3丁目,206726.319914242,3,26.112027116627427,荒川
足立区|神明3丁目,206726.319914242,3,51.60237926423778,荒川
足立区|神明3丁目,206726.319914242,3,23.514198334650143,荒川
足立区|神明3丁目,206726.319914242,3,53.066656504933775,荒川
足立区|神明3丁目,206726.319914242,3,155.42933170496053,荒川
足立区|神明3丁目,206726.319914242,3,51.602148060322776,荒川
足立区|神明3丁目,206726.319914242,3,78.75766978968666,荒川
足立区|神明3丁目,206726.319914242,3,26.533481430946356,荒川
足立区|神明3丁目,206726.319914242,3,103.61336853439875,荒川
足立区|神明3丁目,206726.319914242,3,26.112215350289677,荒川
足立区|神明3丁目,206726.319914242,3,26.533434865891568,荒川
足立区|神明3丁目,206726.319914242,3,26.11198517607829,荒川
足立区|神明3丁目,206726.319914242,3,25.48973433996285,荒川
足立区|神明3丁目,206726.319914242,3,52.4334085563457,荒川
足立区|神明3丁目,206726.319914242,3,26.111488936160104,荒川
足立区|神明3丁目,206726.319914242,3,25.901739731735297,荒川
足立区|神明3丁目,206726.319914242,3,25.489813132324876,荒川
足立区|神明3丁目,206726.319914242,3,51.60299039861198,荒川
足立区|神明3丁目,206726.319914242,3,26.532696772602037,荒川
足立区|神明3丁目,206726.319914242,3,11.308810158840897,荒川
足立区|神明3丁目,206726.319914242,3,26.111482917481876,荒川
足立区|神明3丁目,206726.319914242,3,26.112600890295415,荒川
足立区|神明3丁目,206726.319914242,3,77.5028246756624,荒川
足立区|神明3丁目,206726.319914242,3,0.004693545881422557,荒川
足立区|神明3丁目,206726.319914242,3,26.533283034583114,荒川
足立区|神明3丁目,206726.319914242,3,71.04935989741028,荒川
足立区|神明3丁目,206726.319914242,3,26.112457470864964,荒川
足立区|神明3丁目,206726.319914242,3,26.11191483855875,荒川
足立区|神明3丁目,206726.319914242,3,26.533534616099065,荒川
足立区|神明3丁目,206726.319914242,3,25.490964178279295,荒川
足立区|神明3丁目,206726.319914242,3,25.90113929085791,荒川
足立区|神明3丁目,206726.319914242,3,26.533877729724068,荒川
足立区|神明3丁目,206726.319914242,3,26.533680928660665,荒川
足立区|神明3丁目,206726.319914242,3,25.4910035449896,荒川
足立区|神明3丁目,206726.319914242,3,53.067114197753945,荒川
足立区|神明3丁目,206726.319914242,3,26.533708144234517,荒川
足立区|神明3丁目,206726.319914242,3,26.533153372211764,荒川
足立区|神明3丁目,206726.319914242,3,51.60307827320242,荒川
足立区|神明3丁目,206726.319914242,3,26.533011076967433,荒川
足立区|神明3丁目,206726.319914242,3,25.901979910705478,荒川
足立区|神明3丁目,206726.319914242,3,26.53302482749314,荒川
足立区|神明3丁目,206726.319914242,3,52.645911538883325,荒川
足立区|神明3丁目,206726.319914242,3,25.490373230783693,荒川
足立区|神明3丁目,206726.319914242,3,419.0873552537024,荒川
足立区|神明3丁目,206726.319914242,3,25.49041264003104,荒川
足立区|神明3丁目,206726.319914242,3,25.49087678599807,荒川
足立区|神明3丁目,206726.319914242,3,51.60370124187351,荒川
足立区|神明3丁目,206726.319914242,3,13317.341083601454,荒川
足立区|神明3丁目,206726.319914242,3,26.534014522046522,荒川
足立区|神明3丁目,206726.319914242,3,26.112950539563265,荒川
足立区|神明3丁目,206726.319914242,3,26.53413754069497,荒川
足立区|神明3丁目,206726.319914242,3,25.491034367016955,荒川
足立区|神明3丁目,206726.319914242,3,52.64694505920047,荒川
足立区|神明3丁目,206726.319914242,3,52.64718300716237,荒川
足立区|神明3丁目,206726.319914242,3,547.5687111055162,荒川
足立区|神明3丁目,206726.319914242,3,52.43642584154977,荒川
足立区|神明3丁目,206726.319914242,3,26.11252335121177,荒川
足立区|神明3丁目,206726.319914242,3,26.112914943589725,荒川
足立区|神明3丁目,206726.319914242,3,26.533816114904543,荒川
足立区|神明3丁目,206726.319914242,3,25.90238025931856,荒川
足立区|神明3丁目,206726.319914242,3,26.113192690705457,荒川
足立区|神明南1丁目,198213.56683354254,1,105.51810178222856,荒川
足立区|神明南1丁目,198213.56683354254,1,364.3747248332811,荒川
足立区|神明南1丁目,198213.56683354254,1,315.8977420497318,荒川
足立区|神明南1丁目,198213.56683354254,2,192371.18835054833,荒川
足立区|神明南1丁目,198213.56683354254,3,52.64895851040703,荒川
足立区|神明南1丁目,198213.56683354254,3,51.39543826626532,荒川
足立区|神明南1丁目,198213.56683354254,3,78.76313337549435,荒川
足立区|神明南1丁目,198213.56683354254,3,79.18373983641887,荒川
足立区|神明南1丁目,198213.56683354254,3,3996.2793406998176,荒川
足立区|神明南1丁目,198213.56683354254,3,51.39572329572512,荒川
足立区|神明南1丁目,198213.56683354254,3,616.5505652203212,荒川
足立区|神明南1丁目,198213.56683354254,3,26.53535395307685,荒川
足立区|神明南1丁目,198213.56683354254,3,26.114295886280875,荒川
足立区|神明南1丁目,198213.56683354254,3,77.7219884665753,荒川
足立区|神明南2丁目,127797.89812135354,2,127543.6647725608,荒川
足立区|神明南2丁目,127797.89812135354,3,254.23334879272315,荒川
足立区|関原1丁目,139986.86308501777,3,126585.53208114776,荒川
足立区|関原1丁目,139986.86308501777,3,365.7512238410141,荒川
足立区|関原1丁目,139986.86308501777,4,26.12329105806365,荒川
足立区|関原1丁目,139986.86308501777,4,26.54487242604951,荒川
足立区|関原1丁目,139986.86308501777,4,105.33693650462277,荒川
足立区|関原1丁目,139986.86308501777,4,2239.638523121779,荒川
足立区|関原1丁目,139986.86308501777,4,25.91275301443527,荒川
足立区|関原1丁目,139986.86308501777,4,26.12364990082246,荒川
足立区|関原1丁目,139986.86308501777,4,25.501684467843962,荒川
足立区|関原1丁目,139986.86308501777,4,26.12349389152001,荒川
足立区|関原1丁目,139986.86308501777,4,26.544867939293148,荒川
足立区|関原1丁目,139986.86308501777,4,10507.729903574475,荒川
足立区|関原2丁目,278382.875602658,3,278382.8756026582,荒川
足立区|関原3丁目,269662.2704389059,3,269662.270438906,荒川
足立区|千住1丁目,105927.86600868103,3,53261.11326713052,荒川
足立区|千住1丁目,105927.86600868103,3,537.2875820665098,荒川
足立区|千住1丁目,105927.86600868103,4,48703.51640645713,荒川
足立区|千住1丁目,105927.86600868103,4,2928.6399584742676,荒川
足立区|千住1丁目,105927.86600868103,4,364.9812556153186,荒川
足立区|千住1丁目,105927.86600868103,4,26.549757692553438,荒川
足立区|千住1丁目,105927.86600868103,4,26.54975738810738,荒川
足立区|千住1丁目,105927.86600868103,4,26.549736676185876,荒川
足立区|千住1丁目,105927.86600868103,4,52.678287180402954,荒川
足立区|千住2丁目,93338.42542422783,3,36129.58604221449,荒川
足立区|千住2丁目,93338.42542422783,3,0.42119678593195264,荒川
足立区|千住2丁目,93338.42542422783,3,651.1422388266475,荒川
足立区|千住2丁目,93338.42542422783,3,78.59350085230592,荒川
足立区|千住2丁目,93338.42542422783,4,56374.16210343265,荒川
足立区|千住2丁目,93338.42542422783,4,26.548808261692155,荒川
足立区|千住2丁目,93338.42542422783,4,77.97153385416439,荒川
足立区|千住3丁目,104050.0293960151,3,34357.515266774295,荒川
足立区|千住3丁目,104050.0293960151,3,1308.5148510255997,荒川
足立区|千住3丁目,104050.0293960151,4,68305.82001995562,荒川
足立区|千住3丁目,104050.0293960151,4,52.67463595207027,荒川
足立区|千住3丁目,104050.0293960151,4,25.504622307599387,荒川
足立区|千住4丁目,93312.18872652623,3,15027.590404319766,荒川
足立区|千住4丁目,93312.18872652623,4,78258.47172049069,荒川
足立区|千住4丁目,93312.18872652623,4,26.126601715707217,荒川
足立区|千住5丁目,125499.57787662544,1,23.665902654894914,荒川
足立区|千住5丁目,125499.57787662544,2,3.790255073824627,荒川
足立区|千住5丁目,125499.57787662544,2,486.05116778704195,荒川
足立区|千住5丁目,125499.57787662544,3,47.68911612836521,荒川
足立区|千住5丁目,125499.57787662544,3,569.6563281230871,荒川
足立区|千住5丁目,125499.57787662544,3,4.505546820238606,荒川
足立区|千住5丁目,125499.57787662544,3,25.503087812456407,荒川
足立区|千住5丁目,125499.57787662544,4,122620.46234732747,荒川
足立区|千住曙町,250607.42617314687,1,4284.537908091943,荒川
足立区|千住曙町,250607.42617314687,1,522.8421834096735,荒川
足立区|千住曙町,250607.42617314687,1,393.56832751954926,荒川
足立区|千住曙町,250607.42617314687,2,2778.57869406793,荒川
足立区|千住曙町,250607.42617314687,2,9330.890877262224,荒川
足立区|千住曙町,250607.42617314687,2,9.881434426736922,荒川
足立区|千住曙町,250607.42617314687,2,757.816827670456,荒川
足立区|千住曙町,250607.42617314687,2,131.70394522170236,荒川
足立区|千住曙町,250607.42617314687,2,392.6027043789946,荒川
足立区|千住曙町,250607.42617314687,2,2682.9451885366398,荒川
足立区|千住曙町,250607.42617314687,2,0.464093871084122,荒川
足立区|千住曙町,250607.42617314687,2,25.507846595100858,荒川
足立区|千住曙町,250607.42617314687,2,5715.900552905875,荒川
足立区|千住曙町,250607.42617314687,2,1464.0210865849267,荒川
足立区|千住曙町,250607.42617314687,2,970.651048976807,荒川
足立区|千住曙町,250607.42617314687,2,26.130405035439992,荒川
足立区|千住曙町,250607.42617314687,2,1301.0418247697862,荒川
足立区|千住曙町,250607.42617314687,3,112180.43754184927,荒川
足立区|千住曙町,250607.42617314687,3,417.8996501452259,荒川
足立区|千住曙町,250607.42617314687,4,93953.88112310549,荒川
足立区|千住曙町,250607.42617314687,4,104.74232543677604,荒川
足立区|千住曙町,250607.42617314687,4,26.551822285761823,荒川
足立区|千住曙町,250607.42617314687,4,26.551385626006663,荒川
足立区|千住曙町,250607.42617314687,4,51.63818500914738,荒川
足立区|千住曙町,250607.42617314687,4,51.638617840427166,荒川
足立区|千住曙町,250607.42617314687,4,26.551637268044345,荒川
足立区|千住曙町,250607.42617314687,4,25.507846105708865,荒川
足立区|千住曙町,250607.42617314687,4,1698.1593894874452,荒川
足立区|千住曙町,250607.42617314687,4,104.11095315881023,荒川
足立区|千住曙町,250607.42617314687,4,262.777028900867,荒川
足立区|千住曙町,250607.42617314687,4,390.93484974687783,荒川
足立区|千住旭町,285834.84864737,3,1249.911148093477,荒川
足立区|千住旭町,285834.84864737,3,651.157638155423,荒川
足立区|千住旭町,285834.84864737,3,587.8199896485177,荒川
足立区|千住旭町,285834.84864737,3,651.1211695231514,荒川
足立区|千住旭町,285834.84864737,3,656.3534351211617,荒川
足立区|千住旭町,285834.84864737,4,282038.48597518395,荒川
足立区|千住東1丁目,116319.85061166808,3,26819.96192704524,荒川
足立区|千住東1丁目,116319.85061166808,3,17.30503480940196,荒川
足立区|千住東1丁目,116319.85061166808,4,89199.80948154263,荒川
足立区|千住東1丁目,116319.85061166808,4,51.42601682287916,荒川
足立区|千住東1丁目,116319.85061166808,4,51.42560492507261,荒川
足立区|千住東1丁目,116319.85061166808,4,25.91850469586703,荒川
足立区|千住東1丁目,116319.85061166808,4,78.80936411120156,荒川
足立区|千住東1丁目,116319.85061166808,4,75.19467771587546,荒川
足立区|千住東2丁目,134039.3569448577,3,574.4625555388573,荒川
足立区|千住東2丁目,134039.3569448577,3,46.03685510069651,荒川
足立区|千住東2丁目,134039.3569448577,4,133418.85753421808,荒川
足立区|千住大川町,164131.83247816507,3,68.06596600009284,荒川
足立区|千住大川町,164131.83247816507,3,521.0832112742407,荒川
足立区|千住大川町,164131.83247816507,4,163542.68330089096,荒川
足立区|千住河原町,161305.33588149495,3,80097.73666013943,荒川
足立区|千住河原町,161305.33588149495,3,5256.964380980684,荒川
足立区|千住河原町,161305.33588149495,3,366.67521482992896,荒川
足立区|千住河原町,161305.33588149495,3,1230.04205377175,荒川
足立区|千住河原町,161305.33588149495,3,79.65288450283278,荒川
足立区|千住河原町,161305.33588149495,3,25.507663793373048,荒川
足立区|千住河原町,161305.33588149495,3,340.13114155625976,荒川
足立区|千住河原町,161305.33588149495,4,39734.526598766235,荒川
足立区|千住河原町,161305.33588149495,4,25.91850866205255,荒川
足立区|千住河原町,161305.33588149495,4,25.5074273783983,荒川
足立区|千住河原町,161305.33588149495,4,26.550967904837766,荒川
足立区|千住河原町,161305.33588149495,4,25.507574574599353,荒川
足立区|千住河原町,161305.33588149495,4,392.39239675898386,荒川
足立区|千住河原町,161305.33588149495,4,33678.2223432128,荒川
足立区|千住寿町,106426.02838389591,4,106426.02838389587,荒川
足立区|千住桜木1丁目,173605.30712301366,1,417.8633699347829,荒川
足立区|千住桜木1丁目,173605.30712301366,2,1021.1185637224783,荒川
足立区|千住桜木1丁目,173605.30712301366,2,706.3083523871027,荒川
足立区|千住桜木1丁目,173605.30712301366,2,3.7978244216077335,荒川
足立区|千住桜木1丁目,173605.30712301366,2,8039.989298511015,荒川
足立区|千住桜木1丁目,173605.30712301366,2,57.926616122773936,荒川
足立区|千住桜木1丁目,173605.30712301366,2,1931.4787153045731,荒川
足立区|千住桜木1丁目,173605.30712301366,2,185.424598405927,荒川
足立区|千住桜木1丁目,173605.30712301366,2,51.42327156928729,荒川
足立区|千住桜木1丁目,173605.30712301366,3,158824.67068653554,荒川
足立区|千住桜木1丁目,173605.30712301366,4,1760.9406347645538,荒川
足立区|千住桜木1丁目,173605.30712301366,4,2.7779979856400994,荒川
足立区|千住桜木1丁目,173605.30712301366,4,25.915712694125595,荒川
足立区|千住桜木1丁目,173605.30712301366,4,26.547816794618917,荒川
足立区|千住桜木1丁目,173605.30712301366,4,26.548068423976808,荒川
足立区|千住桜木1丁目,173605.30712301366,4,25.504675737590063,荒川
足立区|千住桜木1丁目,173605.30712301366,4,26.12659745976933,荒川
足立区|千住桜木1丁目,173605.30712301366,4,26.548021368837887,荒川
足立区|千住桜木1丁目,173605.30712301366,4,26.548143023742753,荒川
足立区|千住桜木1丁目,173605.30712301366,4,26.548730786048225,荒川
足立区|千住桜木1丁目,173605.30712301366,4,25.916072107659666,荒川
足立区|千住桜木1丁目,173605.30712301366,4,26.127532900558762,荒川
足立区|千住桜木1丁目,173605.30712301366,4,25.91663127576311,荒川
足立区|千住桜木1丁目,173605.30712301366,4,77.75855653365078,荒川
足立区|千住桜木1丁目,173605.30712301366,4,26.127158936528406,荒川
足立区|千住桜木1丁目,173605.30712301366,4,25.504473481129367,荒川
足立区|千住桜木1丁目,173605.30712301366,4,26.548614042860585,荒川
足立区|千住桜木1丁目,173605.30712301366,4,26.549181265697097,荒川
足立区|千住桜木1丁目,173605.30712301366,4,52.25580920237049,荒川
足立区|千住桜木1丁目,173605.30712301366,4,52.466777114214494,荒川
足立区|千住桜木1丁目,173605.30712301366,4,26.127846403230926,荒川
足立区|千住桜木2丁目,186043.10939473676,1,277.9855906411947,荒川
足立区|千住桜木2丁目,186043.10939473676,1,340.0726520156042,荒川
足立区|千住桜木2丁目,186043.10939473676,1,3082.7595256341547,荒川
足立区|千住桜木2丁目,186043.10939473676,1,508.11730015805216,荒川
足立区|千住桜木2丁目,186043.10939473676,2,283.73522959288266,荒川
足立区|千住桜木2丁目,186043.10939473676,2,7.985930374247273,荒川
足立区|千住桜木2丁目,186043.10939473676,2,2558.239681313012,荒川
足立区|千住桜木2丁目,186043.10939473676,2,130.85225163496975,荒川
足立区|千住桜木2丁目,186043.10939473676,2,25.504116973482724,荒川
足立区|千住桜木2丁目,186043.10939473676,2,752.6617452003356,荒川
足立区|千住桜木2丁目,186043.10939473676,2,4645.756872324927,荒川
足立区|千住桜木2丁目,186043.10939473676,2,115.6634679837909,荒川
足立区|千住桜木2丁目,186043.10939473676,3,16445.873224138617,荒川
足立区|千住桜木2丁目,186043.10939473676,3,549.7217410859271,荒川
足立区|千住桜木2丁目,186043.10939473676,3,2168.3612628870405,荒川
足立区|千住桜木2丁目,186043.10939473676,3,1282.7665095838136,荒川
足立区|千住桜木2丁目,186043.10939473676,3,7390.17295798987,荒川
足立区|千住桜木2丁目,186043.10939473676,3,1098.6145222912824,荒川
足立区|千住桜木2丁目,186043.10939473676,3,574.602033689003,荒川
足立区|千住桜木2丁目,186043.10939473676,3,288.24034581321166,荒川
足立区|千住桜木2丁目,186043.10939473676,3,1020.23571964551,荒川
足立区|千住桜木2丁目,186043.10939473676,3,472.81002558484226,荒川
足立区|千住桜木2丁目,186043.10939473676,3,349.1425363237192,荒川
足立区|千住桜木2丁目,186043.10939473676,3,3708.2103610681943,荒川
足立区|千住桜木2丁目,186043.10939473676,4,110432.78089399941,荒川
足立区|千住桜木2丁目,186043.10939473676,4,25360.77161554662,荒川
足立区|千住桜木2丁目,186043.10939473676,4,8.27503518377164,荒川
足立区|千住桜木2丁目,186043.10939473676,4,26.126031280320625,荒川
足立区|千住桜木2丁目,186043.10939473676,4,2033.3865612986915,荒川
足立区|千住桜木2丁目,186043.10939473676,4,52.673992086684144,荒川
足立区|千住桜木2丁目,186043.10939473676,4,51.00851829153766,荒川
足立区|千住関屋町,318677.0676815113,1,86.24323233583458,荒川
足立区|千住関屋町,318677.0676815113,2,131.28174536230168,荒川
足立区|千住関屋町,318677.0676815113,2,843.8072792276304,荒川
足立区|千住関屋町,318677.0676815113,2,206.70996599878316,荒川
足立区|千住関屋町,318677.0676815113,2,286.40829172219367,荒川
足立区|千住関屋町,318677.0676815113,2,52.683002913015166,荒川
足立区|千住関屋町,318677.0676815113,2,418.5355191365532,荒川
足立区|千住関屋町,318677.0676815113,2,651.1887028123019,荒川
足立区|千住関屋町,318677.0676815113,2,4057.921202073282,荒川
足立区|千住関屋町,318677.0676815113,2,26.963011237656755,荒川
足立区|千住関屋町,318677.0676815113,2,341.1770472572386,荒川
足立区|千住関屋町,318677.0676815113,2,26.551714827067226,荒川
足立区|千住関屋町,318677.0676815113,2,651.2124953700177,荒川
足立区|千住関屋町,318677.0676815113,2,104.53135780387255,荒川
足立区|千住関屋町,318677.0676815113,2,182.92321183776616,荒川
足立区|千住関屋町,318677.0676815113,2,26.551796980701212,荒川
足立区|千住関屋町,318677.0676815113,2,8882.826000974215,荒川
足立区|千住関屋町,318677.0676815113,2,52.68227239589594,荒川
足立区|千住関屋町,318677.0676815113,2,261.3245983284761,荒川
足立区|千住関屋町,318677.0676815113,2,129.4080777551524,荒川
足立区|千住関屋町,318677.0676815113,3,215645.8133199065,荒川
足立区|千住関屋町,318677.0676815113,3,4626.15117439635,荒川
足立区|千住関屋町,318677.0676815113,3,3289.665227775209,荒川
足立区|千住関屋町,318677.0676815113,3,1099.622060281919,荒川
足立区|千住関屋町,318677.0676815113,3,392.8145051837428,荒川
足立区|千住関屋町,318677.0676815113,3,390.306216854501,荒川
足立区|千住関屋町,318677.0676815113,3,1384.996312122866,荒川
足立区|千住関屋町,318677.0676815113,3,494.208809178931,荒川
足立区|千住関屋町,318677.0676815113,3,469.1256247797189,荒川
足立区|千住関屋町,318677.0676815113,4,69853.23655357772,荒川
足立区|千住関屋町,318677.0676815113,4,576.4090182135451,荒川
足立区|千住関屋町,318677.0676815113,4,182.29537764189817,荒川
足立区|千住関屋町,318677.0676815113,4,102.85305163553251,荒川
足立区|千住関屋町,318677.0676815113,4,105.36150638208703,荒川
足立区|千住関屋町,318677.0676815113,4,603.1220961369393,荒川
足立区|千住関屋町,318677.0676815113,4,51.63771643213231,荒川
足立区|千住関屋町,318677.0676815113,4,26.1300530886318,荒川
足立区|千住関屋町,318677.0676815113,4,26.12985644185506,荒川
足立区|千住関屋町,318677.0676815113,4,131.91464679547667,荒川
足立区|千住関屋町,318677.0676815113,4,26.551624347775743,荒川
足立区|千住関屋町,318677.0676815113,4,26.55192064993363,荒川
足立区|千住関屋町,318677.0676815113,4,234.98409884795475,荒川
足立区|千住関屋町,318677.0676815113,4,235.60404301647648,荒川
足立区|千住関屋町,318677.0676815113,4,158.46730359924607,荒川
足立区|千住関屋町,318677.0676815113,4,155.74841550907203,荒川
足立区|千住関屋町,318677.0676815113,4,130.87216733869627,荒川
足立区|千住関屋町,318677.0676815113,4,51.63827790793178,荒川
足立区|千住関屋町,318677.0676815113,4,77.97941031588765,荒川
足立区|千住龍田町,97688.50784543056,3,5130.871725992586,荒川
足立区|千住龍田町,97688.50784543056,4,92557.63611943796,荒川
足立区|千住中居町,126356.38053329686,3,9719.121161746441,荒川
足立区|千住中居町,126356.38053329686,3,26.127991915221642,荒川
足立区|千住中居町,126356.38053329686,3,53.09925731079103,荒川
足立区|千住中居町,126356.38053329686,3,11.6565423524802,荒川
足立区|千住中居町,126356.38053329686,4,116469.51153840007,荒川
足立区|千住中居町,126356.38053329686,4,76.86404157187793,荒川
足立区|千住仲町,156787.62735750398,3,67315.0135602365,荒川
足立区|千住仲町,156787.62735750398,3,334.92817472287993,荒川
足立区|千住仲町,156787.62735750398,3,26.128514143459988,荒川
足立区|千住仲町,156787.62735750398,3,25.506945458047724,荒川
足立区|千住仲町,156787.62735750398,3,52.25847594940029,荒川
足立区|千住仲町,156787.62735750398,3,287.0207091742799,荒川
足立区|千住仲町,156787.62735750398,3,262.1459272358095,荒川
足立区|千住仲町,156787.62735750398,4,88484.62505058358,荒川
足立区|千住橋戸町,222588.86887106986,1,651.2123560575212,荒川
足立区|千住橋戸町,222588.86887106986,2,5126.544672730062,荒川
足立区|千住橋戸町,222588.86887106986,2,7068.214225383553,荒川
足立区|千住橋戸町,222588.86887106986,2,52.68283868916099,荒川
足立区|千住橋戸町,222588.86887106986,2,77.98044096924284,荒川
足立区|千住橋戸町,222588.86887106986,2,233.73053688153402,荒川
足立区|千住橋戸町,222588.86887106986,2,266.6906369487597,荒川
足立区|千住橋戸町,222588.86887106986,2,58.27457869060204,荒川
足立区|千住橋戸町,222588.86887106986,2,338.67271412576207,荒川
足立区|千住橋戸町,222588.86887106986,2,522.0188552834189,荒川
足立区|千住橋戸町,222588.86887106986,3,139492.3877284504,荒川
足立区|千住橋戸町,222588.86887106986,3,182.91804379698632,荒川
足立区|千住橋戸町,222588.86887106986,3,130.6596592745632,荒川
足立区|千住橋戸町,222588.86887106986,3,1121.1508164144186,荒川
足立区|千住橋戸町,222588.86887106986,3,157.0001197721391,荒川
足立区|千住橋戸町,222588.86887106986,3,0.0005266878512807053,荒川
足立区|千住橋戸町,222588.86887106986,4,26763.319379267003,荒川
足立区|千住橋戸町,222588.86887106986,4,78.60215546151382,荒川
足立区|千住橋戸町,222588.86887106986,4,182.30088278365915,荒川
足立区|千住橋戸町,222588.86887106986,4,26.130060433472032,荒川
足立区|千住橋戸町,222588.86887106986,4,25.508529197043174,荒川
足立区|千住橋戸町,222588.86887106986,4,25.919633947096376,荒川
足立区|千住橋戸町,222588.86887106986,4,6.763440607780355,荒川
足立区|千住橋戸町,222588.86887106986,4,287.2462127691811,荒川
足立区|千住橋戸町,222588.86887106986,4,39660.87991158939,荒川
足立区|千住橋戸町,222588.86887106986,4,25.508165265743976,荒川
足立区|千住橋戸町,222588.86887106986,4,26.55193342486179,荒川
足立区|千住緑町1丁目,147554.31511042258,1,1124.2335962520044,荒川
足立区|千住緑町1丁目,147554.31511042258,2,334.79854347520677,荒川
足立区|千住緑町1丁目,147554.31511042258,2,4309.161155969239,荒川
足立区|千住緑町1丁目,147554.31511042258,2,8887.048212135585,荒川
足立区|千住緑町1丁目,147554.31511042258,2,835.3797656567302,荒川
足立区|千住緑町1丁目,147554.31511042258,3,95486.72904028116,荒川
足立区|千住緑町1丁目,147554.31511042258,3,1618.6560163477675,荒川
足立区|千住緑町1丁目,147554.31511042258,3,418.518925051646,荒川
足立区|千住緑町1丁目,147554.31511042258,3,865.2465446783802,荒川
足立区|千住緑町1丁目,147554.31511042258,3,416.2134666004405,荒川
足立区|千住緑町1丁目,147554.31511042258,3,313.36235077447276,荒川
足立区|千住緑町1丁目,147554.31511042258,3,887.1983336211964,荒川
足立区|千住緑町1丁目,147554.31511042258,3,26.129888590814314,荒川
足立区|千住緑町1丁目,147554.31511042258,3,51.637676721112555,荒川
足立区|千住緑町1丁目,147554.31511042258,3,26.551590011842144,荒川
足立区|千住緑町1丁目,147554.31511042258,3,26.12963127123874,荒川
足立区|千住緑町1丁目,147554.31511042258,3,25.919230252922333,荒川
足立区|千住緑町1丁目,147554.31511042258,3,26.12996903949544,荒川
足立区|千住緑町1丁目,147554.31511042258,3,26.551433889744633,荒川
足立区|千住緑町1丁目,147554.31511042258,3,25.5078531448381,荒川
足立区|千住緑町1丁目,147554.31511042258,3,26.55167176662483,荒川
足立区|千住緑町1丁目,147554.31511042258,3,287.0295605873023,荒川
足立区|千住緑町1丁目,147554.31511042258,3,78.60126031976375,荒川
足立区|千住緑町1丁目,147554.31511042258,3,52.68192430128694,荒川
足立区|千住緑町1丁目,147554.31511042258,3,26.130354169162388,荒川
足立区|千住緑町1丁目,147554.31511042258,3,25.508010200952285,荒川
足立区|千住緑町1丁目,147554.31511042258,3,26.130380837207483,荒川
足立区|千住緑町1丁目,147554.31511042258,3,77.97915725465269,荒川
足立区|千住緑町1丁目,147554.31511042258,3,26.130210308997114,荒川
足立区|千住緑町1丁目,147554.31511042258,3,26.551679047042462,荒川
足立区|千住緑町1丁目,147554.31511042258,3,25.507561985196233,荒川
足立区|千住緑町1丁目,147554.31511042258,4,52.25854940201924,荒川
足立区|千住緑町1丁目,147554.31511042258,4,26.129175936938644,荒川
足立区|千住緑町1丁目,147554.31511042258,4,312.9398987483067,荒川
足立区|千住緑町1丁目,147554.31511042258,4,51.42553575807987,荒川
足立区|千住緑町1丁目,147554.31511042258,4,209.46569758251923,荒川
足立区|千住緑町1丁目,147554.31511042258,4,52.46956291380491,荒川
足立区|千住緑町1丁目,147554.31511042258,4,548.1273160091404,荒川
足立区|千住緑町1丁目,147554.31511042258,4,365.2128587499478,荒川
足立区|千住緑町1丁目,147554.31511042258,4,209.25850384873905,荒川
足立区|千住緑町1丁目,147554.31511042258,4,25.91915630647329,荒川
足立区|千住緑町1丁目,147554.31511042258,4,26.12993780481082,荒川
足立区|千住緑町1丁目,147554.31511042258,4,888.0584848848684,荒川
足立区|千住緑町1丁目,147554.31511042258,4,25.9195557068485,荒川
足立区|千住緑町1丁目,147554.31511042258,4,523.0653770364751,荒川
足立区|千住緑町1丁目,147554.31511042258,4,25973.910536305713,荒川
足立区|千住緑町1丁目,147554.31511042258,4,28.51486120077088,荒川
足立区|千住緑町1丁目,147554.31511042258,4,255.39262027097368,荒川
足立区|千住緑町1丁目,147554.31511042258,4,5.413934168226205,荒川
足立区|千住緑町1丁目,147554.31511042258,4,0.4424028373092651,荒川
足立区|千住緑町1丁目,147554.31511042258,4,79.01948696751768,荒川
足立区|千住緑町1丁目,147554.31511042258,4,1485.3373757740849,荒川
足立区|千住緑町2丁目,135331.37141495905,2,140.1472676175193,荒川
足立区|千住緑町2丁目,135331.37141495905,3,115061.61287816934,荒川
足立区|千住緑町2丁目,135331.37141495905,3,1938.4570935624683,荒川
足立区|千住緑町2丁目,135331.37141495905,3,52.67870409129098,荒川
足立区|千住緑町2丁目,135331.37141495905,3,25.506986635730208,荒川
足立区|千住緑町2丁目,135331.37141495905,4,10937.551024345365,荒川
足立区|千住緑町2丁目,135331.37141495905,4,78.18610654774041,荒川
足立区|千住緑町2丁目,135331.37141495905,4,77.76421918069008,荒川
足立区|千住緑町2丁目,135331.37141495905,4,130.23358706371457,荒川
足立区|千住緑町2丁目,135331.37141495905,4,25.507036123448515,荒川
足立区|千住緑町2丁目,135331.37141495905,4,321.57199038094603,荒川
足立区|千住緑町2丁目,135331.37141495905,4,156.7841751119204,荒川
足立区|千住緑町2丁目,135331.37141495905,4,26.55039650307238,荒川
足立区|千住緑町2丁目,135331.37141495905,4,26.128974976288916,荒川
足立区|千住緑町2丁目,135331.37141495905,4,26.128973858993177,荒川
足立区|千住緑町2丁目,135331.37141495905,4,156.7847908507976,荒川
足立区|千住緑町2丁目,135331.37141495905,4,24.164604662233693,荒川
足立区|千住緑町2丁目,135331.37141495905,4,26.12904113802113,荒川
足立区|千住緑町2丁目,135331.37141495905,4,130.23396403808565,荒川
足立区|千住緑町2丁目,135331.37141495905,4,26.550701727531845,荒川
足立区|千住緑町2丁目,135331.37141495905,4,26.55049044746429,荒川
足立区|千住緑町2丁目,135331.37141495905,4,20.50462320876584,荒川
足立区|千住緑町2丁目,135331.37141495905,4,25.918555223170067,荒川
足立区|千住緑町2丁目,135331.37141495905,4,25.686891339260413,荒川
足立区|千住緑町2丁目,135331.37141495905,4,26.129305750035883,荒川
足立区|千住緑町2丁目,135331.37141495905,4,25.918389611700988,荒川
足立区|千住緑町2丁目,135331.37141495905,4,5791.990642793485,荒川
足立区|千住緑町3丁目,120761.09947260955,2,1129.5608523708715,荒川
足立区|千住緑町3丁目,120761.09947260955,3,113930.36333296848,荒川
足立区|千住緑町3丁目,120761.09947260955,3,26.549577492567245,荒川
足立区|千住緑町3丁目,120761.09947260955,4,2143.7088476119443,荒川
足立区|千住緑町3丁目,120761.09947260955,4,1040.803807129827,荒川
足立区|千住緑町3丁目,120761.09947260955,4,26.549536547285616,荒川
足立区|千住緑町3丁目,120761.09947260955,4,26.128169665575143,荒川
足立区|千住緑町3丁目,120761.09947260955,4,131.48424116743354,荒川
足立区|千住緑町3丁目,120761.09947260955,4,77.76279542659404,荒川
足立区|千住緑町3丁目,120761.09947260955,4,2202.0597033665263,荒川
足立区|千住緑町3丁目,120761.09947260955,4,26.128608862446605,荒川
足立区|千住宮元町,128287.86022328545,3,76788.59420588874,荒川
足立区|千住宮元町,128287.86022328545,3,523.0216969713649,荒川
足立区|千住宮元町,128287.86022328545,3,184.3745649697213,荒川
足立区|千住宮元町,128287.86022328545,3,1149.5150405150002,荒川
足立区|千住宮元町,128287.86022328545,3,1228.7466878176547,荒川
足立区|千住宮元町,128287.86022328545,3,4.763248201851395,荒川
足立区|千住宮元町,128287.86022328545,3,781.8311374076721,荒川
足立区|千住宮元町,128287.86022328545,3,26.12852959820088,荒川
足立区|千住宮元町,128287.86022328545,3,364.9869636655267,荒川
足立区|千住宮元町,128287.86022328545,3,25.91814836960686,荒川
足立区|千住宮元町,128287.86022328545,4,46685.23360136441,荒川
足立区|千住宮元町,128287.86022328545,4,26.54917228966299,荒川
足立区|千住宮元町,128287.86022328545,4,52.466249086544934,荒川
足立区|千住宮元町,128287.86022328545,4,104.10070875785013,荒川
足立区|千住宮元町,128287.86022328545,4,79.01618687554783,荒川
足立区|千住宮元町,128287.86022328545,4,26.12825673634167,荒川
足立区|千住宮元町,128287.86022328545,4,77.34086709840048,荒川
足立区|千住宮元町,128287.86022328545,4,80.33789348794471,荒川
足立区|千住宮元町,128287.86022328545,4,52.67850741668639,荒川
足立区|千住宮元町,128287.86022328545,4,26.128556766713285,荒川
足立区|千住元町,142702.3660022554,3,6095.412311835946,荒川
足立区|千住元町,142702.3660022554,3,542.1009157563515,荒川
足立区|千住元町,142702.3660022554,4,15.25693222823444,荒川
足立区|千住元町,142702.3660022554,4,136049.59564617617,荒川
足立区|千住柳町,78883.47684938558,4,78883.4768493856,荒川
足立区|竹の塚1丁目,251105.42208130148,2,251105.4220813015,荒川
足立区|竹の塚2丁目,163466.63082378003,2,163466.63082378,荒川
足立区|竹の塚3丁目,200116.145769299,2,199858.75137926455,荒川
足立区|竹の塚3丁目,200116.145769299,3,257.39439003436655,荒川
足立区|竹の塚4丁目,102917.59936641014,2,102917.59936641014,荒川
足立区|竹の塚5丁目,189347.3834051575,2,189347.3834051575,荒川
足立区|竹の塚6丁目,142891.35690780415,2,142891.35690780412,荒川
足立区|竹の塚7丁目,140674.27198199322,2,140674.2719819933,荒川
足立区|辰沼1丁目,87405.89900550286,2,130.21191115095604,荒川
足立区|辰沼1丁目,87405.89900550286,2,471.78571819995034,荒川
足立区|辰沼1丁目,87405.89900550286,2,3104.3967328943936,荒川
足立区|辰沼1丁目,87405.89900550286,2,363.76278777987295,荒川
足立区|辰沼1丁目,87405.89900550286,2,991.0029556193863,荒川
足立区|辰沼1丁目,87405.89900550286,2,1592.527292320294,荒川
足立区|辰沼1丁目,87405.89900550286,2,1094.217217007832,荒川
足立区|辰沼1丁目,87405.89900550286,2,15021.007658805645,荒川
足立区|辰沼1丁目,87405.89900550286,2,8960.562855872204,荒川
足立区|辰沼1丁目,87405.89900550286,2,11729.786586137354,荒川
足立区|辰沼1丁目,87405.89900550286,2,11.342084790044124,荒川
足立区|辰沼1丁目,87405.89900550286,2,4.2411555227350854,荒川
足立区|辰沼1丁目,87405.89900550286,3,43931.05404940221,荒川
足立区|辰沼2丁目,160417.71260308,2,95270.37865736391,荒川
足立区|辰沼2丁目,160417.71260308,2,6077.184369832764,荒川
足立区|辰沼2丁目,160417.71260308,2,445.6330430969924,荒川
足立区|辰沼2丁目,160417.71260308,2,5011.937326874752,荒川
足立区|辰沼2丁目,160417.71260308,2,700.0516060650094,荒川
足立区|辰沼2丁目,160417.71260308,2,1725.4332190484106,荒川
足立区|辰沼2丁目,160417.71260308,2,2113.818565242902,荒川
足立区|辰沼2丁目,160417.71260308,2,1513.5196982145849,荒川
足立区|辰沼2丁目,160417.71260308,2,2219.3393095482056,荒川
足立区|辰沼2丁目,160417.71260308,2,229.39917714759653,荒川
足立区|辰沼2丁目,160417.71260308,3,26.534665076809283,荒川
足立区|辰沼2丁目,160417.71260308,3,25.491743467185326,荒川
足立区|辰沼2丁目,160417.71260308,3,44694.34927329173,荒川
足立区|辰沼2丁目,160417.71260308,3,25.903300837968608,荒川
足立区|辰沼2丁目,160417.71260308,3,26.535558902039234,荒川
足立区|辰沼2丁目,160417.71260308,3,26.535936086663746,荒川
足立区|辰沼2丁目,160417.71260308,3,78.76570250991314,荒川
足立区|辰沼2丁目,160417.71260308,3,25.493209485812987,荒川
足立区|辰沼2丁目,160417.71260308,3,25.903630817531933,荒川
足立区|辰沼2丁目,160417.71260308,3,52.44096869785113,荒川
足立区|辰沼2丁目,160417.71260308,3,77.51351331917408,荒川
足立区|辰沼2丁目,160417.71260308,3,25.55012815216085,荒川
足立区|中央本町1丁目,177398.57968863784,2,184.60009781041754,荒川
足立区|中央本町1丁目,177398.57968863784,2,416.252435308202,荒川
足立区|中央本町1丁目,177398.57968863784,3,172854.902837036,荒川
足立区|中央本町1丁目,177398.57968863784,4,919.8757575366742,荒川
足立区|中央本町1丁目,177398.57968863784,4,777.1998276562022,荒川
足立区|中央本町1丁目,177398.57968863784,4,181.59436367523958,荒川
足立区|中央本町1丁目,177398.57968863784,4,25.498087895202524,荒川
足立区|中央本町1丁目,177398.57968863784,4,26.541296565764764,荒川
足立区|中央本町1丁目,177398.57968863784,4,21.643136403434163,荒川
足立区|中央本町1丁目,177398.57968863784,4,1990.4718487507037,荒川
足立区|中央本町2丁目,171169.51432052418,3,144740.6964179388,荒川
足立区|中央本町2丁目,171169.51432052418,3,26.121667468385994,荒川
足立区|中央本町2丁目,171169.51432052418,4,4432.148707495437,荒川
足立区|中央本町2丁目,171169.51432052418,4,624.6401721159518,荒川
足立区|中央本町2丁目,171169.51432052418,4,314.1018940304343,荒川
足立区|中央本町2丁目,171169.51432052418,4,26.120744153282278,荒川
足立区|中央本町2丁目,171169.51432052418,4,26.542046667938237,荒川
足立区|中央本町2丁目,171169.51432052418,4,25.910107175072344,荒川
足立区|中央本町2丁目,171169.51432052418,4,26.120812322664403,荒川
足立区|中央本町2丁目,171169.51432052418,4,1881.2512211804624,荒川
足立区|中央本町2丁目,171169.51432052418,4,10752.230747816187,荒川
足立区|中央本町2丁目,171169.51432052418,4,52.24186663394048,荒川
足立区|中央本町2丁目,171169.51432052418,4,5701.261478908086,荒川
足立区|中央本町2丁目,171169.51432052418,4,79.20587292365553,荒川
足立区|中央本町2丁目,171169.51432052418,4,26.1211843136248,荒川
足立区|中央本町2丁目,171169.51432052418,4,131.86863012701232,荒川
足立区|中央本町2丁目,171169.51432052418,4,77.53052331723734,荒川
足立区|中央本町2丁目,171169.51432052418,4,315.9810594005247,荒川
足立区|中央本町2丁目,171169.51432052418,4,39.71343460636595,荒川
足立区|中央本町2丁目,171169.51432052418,4,357.2396118650316,荒川
足立区|中央本町2丁目,171169.51432052418,4,732.284514068703,荒川
足立区|中央本町2丁目,171169.51432052418,4,26.542853192071856,荒川
足立区|中央本町2丁目,171169.51432052418,4,25.44871484612627,荒川
足立区|中央本町2丁目,171169.51432052418,4,261.2362658262668,荒川
足立区|中央本町2丁目,171169.51432052418,4,466.95377213086147,荒川
足立区|中央本町3丁目,125987.78825200236,1,471.86499392171675,荒川
足立区|中央本町3丁目,125987.78825200236,1,392.45411954352505,荒川
足立区|中央本町3丁目,125987.78825200236,2,654.4992489097597,荒川
足立区|中央本町3丁目,125987.78825200236,2,941.4270405897273,荒川
足立区|中央本町3丁目,125987.78825200236,3,118658.14704779825,荒川
足立区|中央本町3丁目,125987.78825200236,4,935.4993379767789,荒川
足立区|中央本町3丁目,125987.78825200236,4,12.52730279538899,荒川
足立区|中央本町4丁目,193509.42399490494,2,443.8365957746711,荒川
足立区|中央本町4丁目,193509.42399490494,3,192949.78332889234,荒川
足立区|中央本町4丁目,193509.42399490494,4,115.80407023803416,荒川
足立区|中央本町5丁目,109913.13151799183,2,31424.41763451483,荒川
足立区|中央本町5丁目,109913.13151799183,2,1045.2185566691073,荒川
足立区|中央本町5丁目,109913.13151799183,2,2664.2409141079465,荒川
足立区|中央本町5丁目,109913.13151799183,2,234.4535123268509,荒川
足立区|中央本町5丁目,109913.13151799183,2,1485.7077868000163,荒川
足立区|中央本町5丁目,109913.13151799183,2,470.57097962909995,荒川
足立区|中央本町5丁目,109913.13151799183,2,391.1720050832637,荒川
足立区|中央本町5丁目,109913.13151799183,3,71277.35174825162,荒川
足立区|中央本町5丁目,109913.13151799183,3,633.931704190776,荒川
足立区|中央本町5丁目,109913.13151799183,3,25.49627569636646,荒川
足立区|中央本町5丁目,109913.13151799183,3,51.40398742425274,荒川
足立区|中央本町5丁目,109913.13151799183,3,52.65756128166248,荒川
足立区|中央本町5丁目,109913.13151799183,3,77.73267150524583,荒川
足立区|中央本町5丁目,109913.13151799183,3,78.7761805108217,荒川
足立区|椿1丁目,34607.24230845324,3,34607.24230845325,荒川
足立区|椿2丁目,110939.09774213568,2,967.2557434225457,荒川
足立区|椿2丁目,110939.09774213568,2,886.3843097023181,荒川
足立区|椿2丁目,110939.09774213568,2,758.0946837020565,荒川
足立区|椿2丁目,110939.09774213568,3,108327.36300530875,荒川
足立区|東和1丁目,196903.49844458967,3,196903.4984445896,荒川
足立区|東和2丁目,168524.33100975325,3,168524.33100975328,荒川
足立区|東和3丁目,214257.44805488884,3,214231.32715663195,荒川
足立区|東和3丁目,214257.44805488884,4,26.120898256955343,荒川
足立区|東和4丁目,198997.23264750672,3,198997.23264750672,荒川
足立区|東和5丁目,152985.05528961218,3,152985.05528961212,荒川
足立区|舎人1丁目,191344.21614356068,1,912.3953982394603,荒川
足立区|舎人1丁目,191344.21614356068,1,130.5529896347336,荒川
足立区|舎人1丁目,191344.21614356068,1,914.075029980921,荒川
足立区|舎人1丁目,191344.21614356068,1,2510.9895126240826,荒川
足立区|舎人1丁目,191344.21614356068,1,287.00587591503324,荒川
足立区|舎人1丁目,191344.21614356068,1,967.5525035663261,荒川
足立区|舎人1丁目,191344.21614356068,1,366.17829866381084,荒川
足立区|舎人1丁目,191344.21614356068,1,653.8107797667695,荒川
足立区|舎人1丁目,191344.21614356068,1,1383.4543117505802,荒川
足立区|舎人1丁目,191344.21614356068,1,417.98747337773705,荒川
足立区|舎人1丁目,191344.21614356068,1,25.48746914586944,荒川
足立区|舎人1丁目,191344.21614356068,1,1589.2223854619522,荒川
足立区|舎人1丁目,191344.21614356068,1,574.8538287798282,荒川
足立区|舎人1丁目,191344.21614356068,1,417.567033918841,荒川
足立区|舎人1丁目,191344.21614356068,2,180166.97412310497,荒川
足立区|舎人1丁目,191344.21614356068,2,26.109129629751003,荒川
足立区|舎人2丁目,186438.23827405664,1,51.991376502236704,荒川
足立区|舎人2丁目,186438.23827405664,1,859.4957012451315,荒川
足立区|舎人2丁目,186438.23827405664,1,10372.477006797833,荒川
足立区|舎人2丁目,186438.23827405664,1,257.756472602469,荒川
足立区|舎人2丁目,186438.23827405664,1,364.90405059710054,荒川
足立区|舎人2丁目,186438.23827405664,1,52.426053539653296,荒川
足立区|舎人2丁目,186438.23827405664,1,26.5286426284687,荒川
足立区|舎人2丁目,186438.23827405664,1,2792.023232769645,荒川
足立区|舎人2丁目,186438.23827405664,1,51.383459172481615,荒川
足立区|舎人2丁目,186438.23827405664,1,444.27329068817977,荒川
足立区|舎人2丁目,186438.23827405664,1,521.3588244610189,荒川
足立区|舎人2丁目,186438.23827405664,1,495.87368919827003,荒川
足立区|舎人2丁目,186438.23827405664,2,166403.1305001121,荒川
足立区|舎人2丁目,186438.23827405664,2,26.106800046479787,荒川
足立区|舎人2丁目,186438.23827405664,2,52.636548166828184,荒川
足立区|舎人3丁目,187083.4143181203,1,454.4005444265482,荒川
足立区|舎人3丁目,187083.4143181203,1,177.78465793850887,荒川
足立区|舎人3丁目,187083.4143181203,1,3242.43107326629,荒川
足立区|舎人3丁目,187083.4143181203,1,2512.1619898859094,荒川
足立区|舎人3丁目,187083.4143181203,1,495.8509127691172,荒川
足立区|舎人3丁目,187083.4143181203,2,176627.8271566597,荒川
足立区|舎人3丁目,187083.4143181203,2,182.54538693044907,荒川
足立区|舎人3丁目,187083.4143181203,2,26.106503594678166,荒川
足立区|舎人3丁目,187083.4143181203,2,52.42358390455288,荒川
足立区|舎人3丁目,187083.4143181203,3,576.6125467210131,荒川
足立区|舎人3丁目,187083.4143181203,3,85.63232805565812,荒川
足立区|舎人3丁目,187083.4143181203,3,77.27558685020908,荒川
足立区|舎人3丁目,187083.4143181203,3,77.9069903473502,荒川
足立区|舎人3丁目,187083.4143181203,3,104.43418038327938,荒川
足立区|舎人3丁目,187083.4143181203,3,26.527097475617296,荒川
足立区|舎人3丁目,187083.4143181203,3,156.64687483740312,荒川
足立区|舎人3丁目,187083.4143181203,3,26.106099263620713,荒川
足立区|舎人3丁目,187083.4143181203,3,329.13577191919563,荒川
足立区|舎人3丁目,187083.4143181203,3,0.3101124723415136,荒川
足立区|舎人3丁目,187083.4143181203,3,26.52726094471885,荒川
足立区|舎人3丁目,187083.4143181203,3,13.731426207572344,荒川
足立区|舎人3丁目,187083.4143181203,3,25.895836636828307,荒川
足立区|舎人3丁目,187083.4143181203,3,1.4571611211140463,荒川
足立区|舎人3丁目,187083.4143181203,3,25.48466965061467,荒川
足立区|舎人3丁目,187083.4143181203,3,26.527329052043882,荒川
足立区|舎人3丁目,187083.4143181203,3,5.8058047898678815,荒川
足立区|舎人3丁目,187083.4143181203,3,26.10644669183149,荒川
足立区|舎人3丁目,187083.4143181203,3,23.765333413934247,荒川
足立区|舎人3丁目,187083.4143181203,3,43.02551940852238,荒川
足立区|舎人3丁目,187083.4143181203,3,26.52786142890596,荒川
足立区|舎人3丁目,187083.4143181203,3,25.484709000144264,荒川
足立区|舎人3丁目,187083.4143181203,3,26.52755935975091,荒川
足立区|舎人3丁目,187083.4143181203,3,21.385644195637433,荒川
足立区|舎人3丁目,187083.4143181203,3,26.106824555265504,荒川
足立区|舎人3丁目,187083.4143181203,3,37.72343890321007,荒川
足立区|舎人3丁目,187083.4143181203,3,76.71195291253292,荒川
足立区|舎人3丁目,187083.4143181203,3,25.484748334034396,荒川
足立区|舎人3丁目,187083.4143181203,3,0.7037249219949924,荒川
足立区|舎人3丁目,187083.4143181203,3,25.484993193048474,荒川
足立区|舎人3丁目,187083.4143181203,3,9.495955873045382,荒川
足立区|舎人3丁目,187083.4143181203,3,65.77975203636532,荒川
足立区|舎人3丁目,187083.4143181203,3,25.44534052512971,荒川
足立区|舎人3丁目,187083.4143181203,3,26.52824952986,荒川
足立区|舎人3丁目,187083.4143181203,3,26.1066456158203,荒川
足立区|舎人3丁目,187083.4143181203,3,26.527231736535064,荒川
足立区|舎人3丁目,187083.4143181203,3,92.54326523257912,荒川
足立区|舎人3丁目,187083.4143181203,3,517.2403764537742,荒川
足立区|舎人3丁目,187083.4143181203,3,20.418624518096617,荒川
足立区|舎人3丁目,187083.4143181203,3,92.64807864574594,荒川
足立区|舎人3丁目,187083.4143181203,3,85.33384707578195,荒川
足立区|舎人3丁目,187083.4143181203,3,44.075526965624235,荒川
足立区|舎人3丁目,187083.4143181203,3,23.49862931774603,荒川
足立区|舎人3丁目,187083.4143181203,3,39.65953634648575,荒川
足立区|舎人3丁目,187083.4143181203,3,20.506254395456075,荒川
足立区|舎人4丁目,112729.06700958792,1,26.10610139582969,荒川
足立区|舎人4丁目,112729.06700958792,1,417.3033219728542,荒川
足立区|舎人4丁目,112729.06700958792,1,886.8192477572086,荒川
足立区|舎人4丁目,112729.06700958792,1,458.1052450700483,荒川
足立区|舎人4丁目,112729.06700958792,1,271.41993058777507,荒川
足立区|舎人4丁目,112729.06700958792,1,14141.225678975496,荒川
足立区|舎人4丁目,112729.06700958792,1,425.4124119157436,荒川
足立区|舎人4丁目,112729.06700958792,1,25.895760602331396,荒川
足立区|舎人4丁目,112729.06700958792,1,73.0010676579669,荒川
足立区|舎人4丁目,112729.06700958792,2,88208.3357066361,荒川
足立区|舎人4丁目,112729.06700958792,2,61.525843067382496,荒川
足立区|舎人4丁目,112729.06700958792,2,0.005872638184177734,荒川
足立区|舎人4丁目,112729.06700958792,2,131.79331313942797,荒川
足立区|舎人4丁目,112729.06700958792,2,26.527018455117464,荒川
足立区|舎人4丁目,112729.06700958792,2,51.38003919985542,荒川
足立区|舎人4丁目,112729.06700958792,2,26.1061922766195,荒川
足立区|舎人4丁目,112729.06700958792,3,3369.2002465577457,荒川
足立区|舎人4丁目,112729.06700958792,3,157.89888317718848,荒川
足立区|舎人4丁目,112729.06700958792,3,76.86411134338962,荒川
足立区|舎人4丁目,112729.06700958792,3,76.86463802780976,荒川
足立区|舎人4丁目,112729.06700958792,3,26.527059878604295,荒川
足立区|舎人4丁目,112729.06700958792,3,151.00618443973937,荒川
足立区|舎人4丁目,112729.06700958792,3,25.895476596956364,荒川
足立区|舎人4丁目,112729.06700958792,3,26.106022367620163,荒川
足立区|舎人4丁目,112729.06700958792,3,26.52710107785419,荒川
足立区|舎人4丁目,112729.06700958792,3,25.89551681418458,荒川
足立区|舎人5丁目,289347.5254349934,1,2135.9268076704634,荒川
足立区|舎人5丁目,289347.5254349934,1,7144.708932336605,荒川
足立区|舎人5丁目,289347.5254349934,1,573.7496111323211,荒川
足立区|舎人5丁目,289347.5254349934,1,128.13743769863018,荒川
足立区|舎人5丁目,289347.5254349934,1,679.2303848021819,荒川
足立区|舎人5丁目,289347.5254349934,1,10532.613569855252,荒川
足立区|舎人5丁目,289347.5254349934,1,1671.7690281203024,荒川
足立区|舎人5丁目,289347.5254349934,1,1276.1818394346305,荒川
足立区|舎人5丁目,289347.5254349934,1,1488.4176452625834,荒川
足立区|舎人5丁目,289347.5254349934,1,1017.0507035440003,荒川
足立区|舎人5丁目,289347.5254349934,1,1827.001817930522,荒川
足立区|舎人5丁目,289347.5254349934,1,3001.3222685578403,荒川
足立区|舎人5丁目,289347.5254349934,1,1253.249346409651,荒川
足立区|舎人5丁目,289347.5254349934,1,26.107589180916797,荒川
足立区|舎人5丁目,289347.5254349934,1,2011.2677275523668,荒川
足立区|舎人5丁目,289347.5254349934,1,2589.234570675552,荒川
足立区|舎人5丁目,289347.5254349934,1,391.0175456990786,荒川
足立区|舎人5丁目,289347.5254349934,1,312.2729329876126,荒川
足立区|舎人5丁目,289347.5254349934,1,0.41106980470052656,荒川
足立区|舎人5丁目,289347.5254349934,1,25.897397655829344,荒川
足立区|舎人5丁目,289347.5254349934,1,525.1187434943055,荒川
足立区|舎人5丁目,289347.5254349934,1,625.8046137388677,荒川
足立区|舎人5丁目,289347.5254349934,1,364.0705037520039,荒川
足立区|舎人5丁目,289347.5254349934,1,4567.552802307497,荒川
足立区|舎人5丁目,289347.5254349934,1,25.89771775367619,荒川
足立区|舎人5丁目,289347.5254349934,2,223798.4415239856,荒川
足立区|舎人5丁目,289347.5254349934,2,280.38207936434986,荒川
足立区|舎人5丁目,289347.5254349934,2,315.7964897274383,荒川
足立区|舎人5丁目,289347.5254349934,2,26.528252606171932,荒川
足立区|舎人5丁目,289347.5254349934,2,78.12306376006457,荒川
足立区|舎人5丁目,289347.5254349934,2,26.529301126205816,荒川
足立区|舎人6丁目,145753.54035094683,1,3334.961167767832,荒川
足立区|舎人6丁目,145753.54035094683,2,142183.40246143148,荒川
足立区|舎人6丁目,145753.54035094683,3,208.6494224854013,荒川
足立区|舎人6丁目,145753.54035094683,3,26.52746247524567,荒川
足立区|舎人公園,165413.5577425178,1,25336.349877651417,荒川
足立区|舎人公園,165413.5577425178,1,0.4209371791952102,荒川
足立区|舎人公園,165413.5577425178,1,391.06632673735805,荒川
足立区|舎人公園,165413.5577425178,1,25.489764628021625,荒川
足立区|舎人公園,165413.5577425178,1,470.03424731478054,荒川
足立区|舎人公園,165413.5577425178,2,137650.39554730852,荒川
足立区|舎人公園,165413.5577425178,2,182.57659324001398,荒川
足立区|舎人公園,165413.5577425178,2,26.53254627430641,荒川
足立区|舎人公園,165413.5577425178,2,26.111438954889444,荒川
足立区|舎人町,29113.89617606939,1,184.88099021391628,荒川
足立区|舎人町,29113.89617606939,1,314.39898049666317,荒川
足立区|舎人町,29113.89617606939,1,117.4843055541829,荒川
足立区|舎人町,29113.89617606939,2,18692.03198675088,荒川
