key,town_area,A31a_205,a,river
台東区|根岸5丁目,106692.00414514611,2,87186.17650071392,荒川
台東区|根岸5丁目,106692.00414514611,2,25.92382848277805,荒川
台東区|根岸5丁目,106692.00414514611,3,19244.471124833286,荒川
台東区|根岸5丁目,106692.00414514611,3,52.480060339375115,荒川
台東区|根岸5丁目,106692.00414514611,3,77.99269257330126,荒川
台東区|根岸5丁目,106692.00414514611,3,104.95993820348751,荒川
台東区|入谷1丁目,88473.76786001939,2,250.3691738145525,荒川
台東区|入谷1丁目,88473.76786001939,2,469.45235115769725,荒川
台東区|入谷1丁目,88473.76786001939,3,87753.94633504211,荒川
台東区|入谷2丁目,85491.06123303305,3,85491.06123303309,荒川
台東区|竜泉1丁目,85505.8599619971,2,418.40636758284415,荒川
台東区|竜泉1丁目,85505.8599619971,3,85087.45359441427,荒川
台東区|竜泉2丁目,76353.02045975643,2,5466.431013919351,荒川
台東区|竜泉2丁目,76353.02045975643,3,70886.58944583699,荒川
台東区|竜泉3丁目,108578.45929980886,2,237.92420303923865,荒川
台東区|竜泉3丁目,108578.45929980886,2,25.51258120554807,荒川
台東区|竜泉3丁目,108578.45929980886,2,3121.0979051358368,荒川
台東区|竜泉3丁目,108578.45929980886,3,105193.92461042825,荒川
台東区|松が谷1丁目,64520.69997615241,2,1225.9368883599109,荒川
台東区|松が谷1丁目,64520.69997615241,2,1490.0773045830135,荒川
台東区|松が谷1丁目,64520.69997615241,2,1201.0554242358583,荒川
台東区|松が谷1丁目,64520.69997615241,2,470.1270031537066,荒川
台東区|松が谷1丁目,64520.69997615241,2,188.46727701027578,荒川
台東区|松が谷1丁目,64520.69997615241,2,966.3891720031195,荒川
台東区|松が谷1丁目,64520.69997615241,3,58978.64690680657,荒川
台東区|松が谷2丁目,82036.2997175345,2,287.5535971599262,荒川
台東区|松が谷2丁目,82036.2997175345,3,81748.7461203746,荒川
台東区|松が谷3丁目,82806.88997491018,2,1410.7123570874248,荒川
台東区|松が谷3丁目,82806.88997491018,2,2089.1240972692613,荒川
台東区|松が谷3丁目,82806.88997491018,3,79227.79454864058,荒川
台東区|松が谷3丁目,82806.88997491018,3,26.56022974305317,荒川
台東区|松が谷3丁目,82806.88997491018,3,52.69874216986023,荒川
台東区|松が谷4丁目,57723.40854965793,3,57723.40854965791,荒川
台東区|西浅草1丁目,72269.14731231391,2,39265.873152335094,荒川
台東区|西浅草1丁目,72269.14731231391,2,6092.082681320022,荒川
台東区|西浅草1丁目,72269.14731231391,2,252.91766678285612,荒川
台東区|西浅草1丁目,72269.14731231391,2,26.562028813132976,荒川
台東区|西浅草1丁目,72269.14731231391,3,25900.79240615502,荒川
台東区|西浅草1丁目,72269.14731231391,3,25.517330894380777,荒川
台東区|西浅草1丁目,72269.14731231391,3,77.5872907110713,荒川
台東区|西浅草1丁目,72269.14731231391,3,287.97304490943196,荒川
台東区|西浅草1丁目,72269.14731231391,3,52.490849519113766,荒川
台東区|西浅草1丁目,72269.14731231391,3,77.79807080517969,荒川
台東区|西浅草1丁目,72269.14731231391,3,103.93818058442463,荒川
台東区|西浅草1丁目,72269.14731231391,3,105.61460948412339,荒川
台東区|西浅草2丁目,78096.25765578893,2,1884.5616445681133,荒川
台東区|西浅草2丁目,78096.25765578893,3,76211.69601122088,荒川
台東区|西浅草3丁目,127704.43399333536,2,235.4611883740485,荒川
台東区|西浅草3丁目,127704.43399333536,2,289.83836172317086,荒川
台東区|西浅草3丁目,127704.43399333536,2,314.1049800843994,荒川
台東区|西浅草3丁目,127704.43399333536,2,996.2603166102745,荒川
台東区|西浅草3丁目,127704.43399333536,3,125868.76914654348,荒川
台東区|雷門1丁目,56198.812837651516,2,56093.1973252691,荒川
台東区|雷門1丁目,56198.812837651516,3,105.61551238240907,荒川
台東区|雷門2丁目,84618.80468848081,1,432.5431548726108,荒川
台東区|雷門2丁目,84618.80468848081,1,23532.61193794736,荒川
台東区|雷門2丁目,84618.80468848081,2,53732.369059894925,荒川
台東区|雷門2丁目,84618.80468848081,3,151.44828331187384,荒川
台東区|雷門2丁目,84618.80468848081,3,26.561746914910806,荒川
台東区|雷門2丁目,84618.80468848081,3,26.140369460021997,荒川
台東区|雷門2丁目,84618.80468848081,3,26.140490386210736,荒川
台東区|雷門2丁目,84618.80468848081,3,25.929497604891058,荒川
台東区|雷門2丁目,84618.80468848081,3,26.561978910007426,荒川
台東区|雷門2丁目,84618.80468848081,3,26.140665164931704,荒川
台東区|雷門2丁目,84618.80468848081,3,26.562312605101383,荒川
台東区|雷門2丁目,84618.80468848081,3,26.562353571112173,荒川
台東区|雷門2丁目,84618.80468848081,3,25.929737493580607,荒川
台東区|雷門2丁目,84618.80468848081,3,344.78936637088606,荒川
台東区|浅草1丁目,111958.5470808251,2,78372.14854501616,荒川
台東区|浅草1丁目,111958.5470808251,2,26.139821284978403,荒川
台東区|浅草1丁目,111958.5470808251,3,33300.307105834276,荒川
台東区|浅草1丁目,111958.5470808251,3,52.48995728583334,荒川
台東区|浅草1丁目,111958.5470808251,3,77.79687661127008,荒川
台東区|浅草1丁目,111958.5470808251,3,52.701038742580465,荒川
台東区|浅草1丁目,111958.5470808251,3,76.96373605003228,荒川
台東区|浅草2丁目,206244.80364486776,2,110786.9367268067,荒川
台東区|浅草2丁目,206244.80364486776,2,497.71476065605657,荒川
台東区|浅草2丁目,206244.80364486776,2,208.9066604838094,荒川
台東区|浅草2丁目,206244.80364486776,2,209.32992524775872,荒川
台東区|浅草2丁目,206244.80364486776,3,93862.67924419213,荒川
台東区|浅草2丁目,206244.80364486776,3,25.51607142961832,荒川
台東区|浅草2丁目,206244.80364486776,3,392.52307656435823,荒川
台東区|浅草2丁目,206244.80364486776,3,26.13889415673229,荒川
台東区|浅草2丁目,206244.80364486776,3,209.54170217104448,荒川
台東区|浅草2丁目,206244.80364486776,4,25.516583159579216,荒川
台東区|浅草3丁目,92744.01896733324,2,23316.12645780891,荒川
台東区|浅草3丁目,92744.01896733324,3,69427.89250952427,荒川
台東区|浅草4丁目,111398.96457966215,2,20340.115699309732,荒川
台東区|浅草4丁目,111398.96457966215,3,91058.84888035746,荒川
台東区|浅草5丁目,161725.32568136434,2,1007.4015501343171,荒川
台東区|浅草5丁目,161725.32568136434,2,293.1166989829747,荒川
台東区|浅草5丁目,161725.32568136434,2,444.3461029698716,荒川
台東区|浅草5丁目,161725.32568136434,2,2118.438518786672,荒川
台東区|浅草5丁目,161725.32568136434,3,157836.09730819802,荒川
台東区|浅草5丁目,161725.32568136434,3,25.92550229231938,荒川
台東区|浅草6丁目,126019.37687933195,2,89977.11240633097,荒川
台東区|浅草6丁目,126019.37687933195,3,35154.969282437174,荒川
台東区|浅草6丁目,126019.37687933195,3,25.51611834603601,荒川
台東区|浅草6丁目,126019.37687933195,3,26.559850238082372,荒川
台東区|浅草6丁目,126019.37687933195,3,52.698142715289315,荒川
台東区|浅草6丁目,126019.37687933195,3,26.5596925726637,荒川
台東区|浅草6丁目,126019.37687933195,3,26.138126986317907,荒川
台東区|浅草6丁目,126019.37687933195,3,52.276338481650285,荒川
台東区|浅草6丁目,126019.37687933195,3,547.2672094774172,荒川
台東区|浅草6丁目,126019.37687933195,3,26.1383955724619,荒川
台東区|浅草6丁目,126019.37687933195,4,104.14131617384237,荒川
台東区|浅草7丁目,90202.47122290212,1,2919.5537977834033,荒川
台東区|浅草7丁目,90202.47122290212,1,313.47259880049154,荒川
台東区|浅草7丁目,90202.47122290212,1,23.536260481045876,荒川
台東区|浅草7丁目,90202.47122290212,2,71180.78940603798,荒川
台東区|浅草7丁目,90202.47122290212,2,9811.80192506293,荒川
台東区|浅草7丁目,90202.47122290212,3,326.0472052793108,荒川
台東区|浅草7丁目,90202.47122290212,3,1023.9189182586883,荒川
台東区|浅草7丁目,90202.47122290212,3,1777.6979465630209,荒川
台東区|浅草7丁目,90202.47122290212,3,66.99662927684642,荒川
台東区|浅草7丁目,90202.47122290212,3,25.92677939259813,荒川
台東区|浅草7丁目,90202.47122290212,3,26.13757956935551,荒川
台東区|浅草7丁目,90202.47122290212,3,5.837484424495751,荒川
台東区|浅草7丁目,90202.47122290212,3,45.5510600229065,荒川
台東区|浅草7丁目,90202.47122290212,3,52.48724393471908,荒川
台東区|花川戸1丁目,108281.74938054467,1,104.1475438133531,荒川
台東区|花川戸1丁目,108281.74938054467,1,130.70890367410064,荒川
台東区|花川戸1丁目,108281.74938054467,1,654.5787755021474,荒川
台東区|花川戸1丁目,108281.74938054467,2,102733.84910648104,荒川
台東区|花川戸1丁目,108281.74938054467,2,26.561241654113555,荒川
台東区|花川戸1丁目,108281.74938054467,3,2872.7077839758613,荒川
台東区|花川戸1丁目,108281.74938054467,3,26.56144645730584,荒川
台東区|花川戸1丁目,108281.74938054467,3,25.517485425714984,荒川
台東区|花川戸1丁目,108281.74938054467,3,26.561698214278042,荒川
台東区|花川戸1丁目,108281.74938054467,3,25.517524775736646,荒川
台東区|花川戸1丁目,108281.74938054467,3,339.6307112562566,荒川
台東区|花川戸1丁目,108281.74938054467,3,26.140051316762527,荒川
台東区|花川戸1丁目,108281.74938054467,3,5.19179462451548,荒川
台東区|花川戸2丁目,75375.95791373124,2,72784.08075434325,荒川
台東区|花川戸2丁目,75375.95791373124,3,387.03082944742806,荒川
台東区|花川戸2丁目,75375.95791373124,3,155.7984007460332,荒川
台東区|花川戸2丁目,75375.95791373124,3,1075.4171231139114,荒川
台東区|千束1丁目,59653.62876880027,3,59653.628768800285,荒川
台東区|千束2丁目,63405.21322930224,3,63405.21322930226,荒川
台東区|千束3丁目,118762.01736120178,2,15073.409976689172,荒川
台東区|千束3丁目,118762.01736120178,2,519.8318418066918,荒川
台東区|千束3丁目,118762.01736120178,2,25.51395811618887,荒川
台東区|千束3丁目,118762.01736120178,2,444.1234540584195,荒川
台東区|千束3丁目,118762.01736120178,2,25.514350908058876,荒川
台東区|千束3丁目,118762.01736120178,2,26.55806500442474,荒川
台東区|千束3丁目,118762.01736120178,3,102465.76679234082,荒川
台東区|千束3丁目,118762.01736120178,3,51.65065143326201,荒川
台東区|千束3丁目,118762.01736120178,3,78.20858040375313,荒川
台東区|千束3丁目,118762.01736120178,3,25.51406665010539,荒川
台東区|千束3丁目,118762.01736120178,3,25.92562379095162,荒川
台東区|千束4丁目,128333.0467918422,2,92372.87471374912,荒川
台東区|千束4丁目,128333.0467918422,2,26.557395350467186,荒川
台東区|千束4丁目,128333.0467918422,2,26.55733502965273,荒川
台東区|千束4丁目,128333.0467918422,3,35881.132175276325,荒川
台東区|千束4丁目,128333.0467918422,3,25.925383196624352,荒川
台東区|今戸1丁目,178867.6612515359,1,457.11482390460833,荒川
台東区|今戸1丁目,178867.6612515359,2,85925.97429053884,荒川
台東区|今戸1丁目,178867.6612515359,2,29270.325402341336,荒川
台東区|今戸1丁目,178867.6612515359,2,25.5152522938986,荒川
台東区|今戸1丁目,178867.6612515359,2,26.13760225756806,荒川
台東区|今戸1丁目,178867.6612515359,3,58053.18777725977,荒川
台東区|今戸1丁目,178867.6612515359,3,391.2461555808639,荒川
台東区|今戸1丁目,178867.6612515359,3,3241.3170179853664,荒川
台東区|今戸1丁目,178867.6612515359,3,26.558866017920035,荒川
台東区|今戸1丁目,178867.6612515359,3,209.10993466599416,荒川
台東区|今戸1丁目,178867.6612515359,3,62.656576950792804,荒川
台東区|今戸1丁目,178867.6612515359,3,25.926579540141528,荒川
台東区|今戸1丁目,178867.6612515359,3,25.92678437997892,荒川
台東区|今戸1丁目,178867.6612515359,3,26.137587937613734,荒川
台東区|今戸1丁目,178867.6612515359,3,20.721805396883354,荒川
台東区|今戸1丁目,178867.6612515359,3,6.102922557147681,荒川
台東区|今戸2丁目,167172.76103099593,1,149.28590489180579,荒川
台東区|今戸2丁目,167172.76103099593,2,1919.4503671461096,荒川
台東区|今戸2丁目,167172.76103099593,2,25.576953595412235,荒川
台東区|今戸2丁目,167172.76103099593,2,390.198203061693,荒川
台東区|今戸2丁目,167172.76103099593,2,7213.382764208674,荒川
台東区|今戸2丁目,167172.76103099593,2,236.08370124057387,荒川
台東区|今戸2丁目,167172.76103099593,2,209.94655469565595,荒川
台東区|今戸2丁目,167172.76103099593,3,156463.37736388145,荒川
台東区|東浅草1丁目,59690.99504072946,2,931.2377643189913,荒川
台東区|東浅草1丁目,59690.99504072946,3,58759.75727641045,荒川
台東区|東浅草2丁目,86869.9063655287,2,2599.060531061749,荒川
台東区|東浅草2丁目,86869.9063655287,3,84270.84583446698,荒川
台東区|橋場1丁目,150630.25395901877,2,16605.78976583049,荒川
台東区|橋場1丁目,150630.25395901877,2,106.57947340671902,荒川
台東区|橋場1丁目,150630.25395901877,2,7736.671118695569,荒川
台東区|橋場1丁目,150630.25395901877,3,124760.50753494892,荒川
台東区|橋場1丁目,150630.25395901877,3,1420.706066137131,荒川
台東区|橋場2丁目,110802.07922047249,2,2556.6110123087137,荒川
台東区|橋場2丁目,110802.07922047249,3,108218.91191568226,荒川
台東区|橋場2丁目,110802.07922047249,4,26.55629248153904,荒川
台東区|清川1丁目,115889.37954450879,3,115889.3795445088,荒川
台東区|清川2丁目,130158.75524951189,3,130158.7552495119,荒川
台東区|日本堤1丁目,85179.08134261875,2,5105.509124843444,荒川
台東区|日本堤1丁目,85179.08134261875,3,80047.43743094643,荒川
台東区|日本堤1丁目,85179.08134261875,3,26.134786828814537,荒川
台東区|日本堤2丁目,102077.54765546056,2,1133.2655648309103,荒川
台東区|日本堤2丁目,102077.54765546056,2,3188.390474509444,荒川
台東区|日本堤2丁目,102077.54765546056,3,97755.8916161202,荒川
台東区|三の輪1丁目,84912.61328024525,2,11512.073925291446,荒川
台東区|三の輪1丁目,84912.61328024525,2,120.0494257926641,荒川
台東区|三の輪1丁目,84912.61328024525,2,130.47195891551317,荒川
台東区|三の輪1丁目,84912.61328024525,2,260.7293825971019,荒川
台東区|三の輪1丁目,84912.61328024525,3,72889.28858764852,荒川
台東区|三の輪2丁目,39335.186623715716,2,7357.340153873666,荒川
台東区|三の輪2丁目,39335.186623715716,3,31977.846469842072,荒川
墨田区|両国1丁目,101716.28998933763,1,24030.65899690239,荒川
墨田区|両国1丁目,101716.28998933763,1,156.05343586079272,荒川
墨田区|両国1丁目,101716.28998933763,1,487.2967089300631,荒川
墨田区|両国1丁目,101716.28998933763,1,786.910920796381,荒川
墨田区|両国1丁目,101716.28998933763,1,4000.262908483949,荒川
墨田区|両国1丁目,101716.28998933763,2,61845.55484396483,荒川
墨田区|両国1丁目,101716.28998933763,2,26.14590208546008,荒川
墨田区|両国1丁目,101716.28998933763,2,52.502583884748105,荒川
墨田区|両国1丁目,101716.28998933763,2,172.95660771413256,荒川
墨田区|両国1丁目,101716.28998933763,2,102.9171302708548,荒川
墨田区|両国1丁目,101716.28998933763,2,52.71421211878226,荒川
墨田区|両国1丁目,101716.28998933763,2,52.71400086644387,荒川
墨田区|両国1丁目,101716.28998933763,3,501.8098540342196,荒川
墨田区|両国1丁目,101716.28998933763,3,250.26649710689014,荒川
墨田区|両国1丁目,101716.28998933763,3,947.1899713617162,荒川
墨田区|両国2丁目,79640.4330682019,1,14819.184497522374,荒川
墨田区|両国2丁目,79640.4330682019,1,366.6899612360804,荒川
墨田区|両国2丁目,79640.4330682019,1,76.98072037408068,荒川
墨田区|両国2丁目,79640.4330682019,1,258.5243568335059,荒川
墨田区|両国2丁目,79640.4330682019,1,417.5189692818369,荒川
墨田区|両国2丁目,79640.4330682019,2,63154.5437139373,荒川
墨田区|両国2丁目,79640.4330682019,2,51.45776965897543,荒川
墨田区|両国2丁目,79640.4330682019,2,90.61271096693079,荒川
墨田区|両国3丁目,62265.96408254326,1,1043.9880193326962,荒川
墨田区|両国3丁目,62265.96408254326,1,214.64466412060844,荒川
墨田区|両国3丁目,62265.96408254326,2,60744.61310972979,荒川
墨田区|両国4丁目,96317.08082528238,1,4692.865671407828,荒川
墨田区|両国4丁目,96317.08082528238,1,757.013445692278,荒川
墨田区|両国4丁目,96317.08082528238,2,90441.64800605085,荒川
墨田区|千歳1丁目,77891.4351217222,1,293.14871930266094,荒川
墨田区|千歳1丁目,77891.4351217222,1,166.39755442822616,荒川
墨田区|千歳1丁目,77891.4351217222,1,371.43971538902014,荒川
墨田区|千歳1丁目,77891.4351217222,1,1310.5347673206966,荒川
墨田区|千歳1丁目,77891.4351217222,1,834.8540567344044,荒川
墨田区|千歳1丁目,77891.4351217222,1,2434.907535683091,荒川
墨田区|千歳1丁目,77891.4351217222,1,77.19369689616062,荒川
墨田区|千歳1丁目,77891.4351217222,1,3632.6297085347724,荒川
墨田区|千歳1丁目,77891.4351217222,1,365.86936031337495,荒川
墨田区|千歳1丁目,77891.4351217222,1,3205.1599235716017,荒川
墨田区|千歳1丁目,77891.4351217222,1,220.04887542665278,荒川
墨田区|千歳1丁目,77891.4351217222,2,53771.86579098221,荒川
墨田区|千歳1丁目,77891.4351217222,2,25.93545711676741,荒川
墨田区|千歳1丁目,77891.4351217222,2,181.99055979765126,荒川
墨田区|千歳1丁目,77891.4351217222,2,1938.6443706047232,荒川
墨田区|千歳1丁目,77891.4351217222,2,14.732712268067097,荒川
墨田区|千歳1丁目,77891.4351217222,3,280.3046632065931,荒川
墨田区|千歳1丁目,77891.4351217222,3,1736.6845165583009,荒川
墨田区|千歳2丁目,47527.20659859187,1,266.13063021238986,荒川
墨田区|千歳2丁目,47527.20659859187,1,125.78987171269861,荒川
墨田区|千歳2丁目,47527.20659859187,1,298.47987256265395,荒川
墨田区|千歳2丁目,47527.20659859187,1,313.56381406060615,荒川
墨田区|千歳2丁目,47527.20659859187,2,46189.452719771645,荒川
墨田区|千歳3丁目,61166.353674842416,1,197.56037024809305,荒川
墨田区|千歳3丁目,61166.353674842416,1,1846.2827567185695,荒川
墨田区|千歳3丁目,61166.353674842416,1,647.5746326946803,荒川
墨田区|千歳3丁目,61166.353674842416,1,779.0208651504353,荒川
墨田区|千歳3丁目,61166.353674842416,1,331.8046986533109,荒川
墨田区|千歳3丁目,61166.353674842416,2,56925.09842417149,荒川
墨田区|緑1丁目,95879.73547488509,1,3042.10490570826,荒川
墨田区|緑1丁目,95879.73547488509,1,558.3906550657667,荒川
墨田区|緑1丁目,95879.73547488509,2,91630.42221801344,荒川
墨田区|緑1丁目,95879.73547488509,2,26.567596918191427,荒川
墨田区|緑2丁目,94192.47283306386,1,861.6025648413016,荒川
墨田区|緑2丁目,94192.47283306386,1,540.3085363935194,荒川
墨田区|緑2丁目,94192.47283306386,2,92765.03801934997,荒川
墨田区|緑2丁目,94192.47283306386,2,25.523506645532738,荒川
墨田区|緑3丁目,91794.76446573023,1,707.7471906413822,荒川
墨田区|緑3丁目,91794.76446573023,1,44.76059982467767,荒川
墨田区|緑3丁目,91794.76446573023,2,90962.97517798666,荒川
墨田区|緑3丁目,91794.76446573023,2,79.28125556600466,荒川
墨田区|緑4丁目,120106.714893144,1,339.2964060188392,荒川
墨田区|緑4丁目,120106.714893144,1,399.9587079438946,荒川
墨田区|緑4丁目,120106.714893144,1,428.96196031205176,荒川
墨田区|緑4丁目,120106.714893144,1,338.8615530398664,荒川
墨田区|緑4丁目,120106.714893144,2,118282.3938605309,荒川
墨田区|緑4丁目,120106.714893144,3,317.24242604601216,荒川
墨田区|立川1丁目,60737.82352370804,1,771.0684819161238,荒川
墨田区|立川1丁目,60737.82352370804,1,600.5046037961043,荒川
墨田区|立川1丁目,60737.82352370804,1,372.4071335543595,荒川
墨田区|立川1丁目,60737.82352370804,1,587.5969035624598,荒川
墨田区|立川1丁目,60737.82352370804,2,57715.76866322962,荒川
墨田区|立川1丁目,60737.82352370804,2,18.683781943274454,荒川
墨田区|立川1丁目,60737.82352370804,2,26.567916846309775,荒川
墨田区|立川2丁目,54185.26965271275,1,389.16931257363893,荒川
墨田区|立川2丁目,54185.26965271275,1,1075.9990018830501,荒川
墨田区|立川2丁目,54185.26965271275,1,131.99523651670088,荒川
墨田区|立川2丁目,54185.26965271275,1,285.42715530878,荒川
墨田区|立川2丁目,54185.26965271275,1,234.70233286612046,荒川
墨田区|立川2丁目,54185.26965271275,2,52009.67826813663,荒川
墨田区|立川2丁目,54185.26965271275,2,58.29855626451409,荒川
墨田区|立川3丁目,65739.52945899448,1,29.936129627534637,荒川
墨田区|立川3丁目,65739.52945899448,1,343.37328118921,荒川
墨田区|立川3丁目,65739.52945899448,2,65366.22004817744,荒川
墨田区|立川4丁目,84176.4561982797,1,1411.1249654262851,荒川
墨田区|立川4丁目,84176.4561982797,1,48.45060119515152,荒川
墨田区|立川4丁目,84176.4561982797,1,90.61598522542192,荒川
墨田区|立川4丁目,84176.4561982797,1,105.65985963008299,荒川
墨田区|立川4丁目,84176.4561982797,2,82311.42604997227,荒川
墨田区|立川4丁目,84176.4561982797,3,209.17892147368912,荒川
墨田区|菊川1丁目,68335.14029666352,1,521.1634201570579,荒川
墨田区|菊川1丁目,68335.14029666352,2,67813.97687650651,荒川
墨田区|菊川2丁目,66428.85569505779,2,66428.85569505779,荒川
墨田区|菊川3丁目,112406.03992300024,1,31.08136513881918,荒川
墨田区|菊川3丁目,112406.03992300024,1,118.76112074994211,荒川
墨田区|菊川3丁目,112406.03992300024,2,112256.19780091941,荒川
墨田区|江東橋1丁目,78779.76939262864,1,133.35470581823955,荒川
墨田区|江東橋1丁目,78779.76939262864,2,77161.41730080343,荒川
墨田区|江東橋1丁目,78779.76939262864,3,1458.4314627309857,荒川
墨田区|江東橋1丁目,78779.76939262864,3,26.5667618072758,荒川
墨田区|江東橋2丁目,69832.0897570119,2,69680.39190605676,荒川
墨田区|江東橋2丁目,69832.0897570119,3,151.6978509552426,荒川
墨田区|江東橋3丁目,75595.7193900791,2,74319.5080655815,荒川
墨田区|江東橋3丁目,75595.7193900791,2,26.145629445029,荒川
墨田区|江東橋3丁目,75595.7193900791,3,1250.065695052446,荒川
墨田区|江東橋4丁目,158723.09567299992,1,2648.12457430019,荒川
墨田区|江東橋4丁目,158723.09567299992,1,7.643760082802111,荒川
墨田区|江東橋4丁目,158723.09567299992,2,152918.09997475124,荒川
墨田区|江東橋4丁目,158723.09567299992,3,152.5781396305726,荒川
墨田区|江東橋4丁目,158723.09567299992,3,51.66684510042775,荒川
墨田区|江東橋4丁目,158723.09567299992,3,315.8471000601847,荒川
墨田区|江東橋4丁目,158723.09567299992,3,1198.355080635085,荒川
墨田区|江東橋4丁目,158723.09567299992,3,52.71238785125959,荒川
墨田区|江東橋4丁目,158723.09567299992,3,26.56725684242201,荒川
墨田区|江東橋4丁目,158723.09567299992,3,1351.5010758317994,荒川
墨田区|江東橋5丁目,111617.38483768771,1,17.39620095197939,荒川
墨田区|江東橋5丁目,111617.38483768771,1,302.65195660870876,荒川
墨田区|江東橋5丁目,111617.38483768771,1,103.96216477901908,荒川
墨田区|江東橋5丁目,111617.38483768771,1,468.1344840944289,荒川
墨田区|江東橋5丁目,111617.38483768771,2,110567.94320424534,荒川
墨田区|江東橋5丁目,111617.38483768771,3,131.36181722372837,荒川
墨田区|江東橋5丁目,111617.38483768771,3,25.934924966857402,荒川
墨田区|横網1丁目,216301.8041581614,1,407.80815412692164,荒川
墨田区|横網1丁目,216301.8041581614,1,811.3552929880701,荒川
墨田区|横網1丁目,216301.8041581614,1,1127.195306669711,荒川
墨田区|横網1丁目,216301.8041581614,1,286.138839915954,荒川
墨田区|横網1丁目,216301.8041581614,1,705.5203333514366,荒川
墨田区|横網1丁目,216301.8041581614,1,1779.174880875291,荒川
墨田区|横網1丁目,216301.8041581614,1,130.30896726828297,荒川
墨田区|横網1丁目,216301.8041581614,1,562.9329984294374,荒川
墨田区|横網1丁目,216301.8041581614,1,1.666845329293477,荒川
墨田区|横網1丁目,216301.8041581614,1,651.5589557071908,荒川
墨田区|横網1丁目,216301.8041581614,1,1307.2941350921956,荒川
墨田区|横網1丁目,216301.8041581614,1,2515.0598292561135,荒川
墨田区|横網1丁目,216301.8041581614,1,157.29831839983586,荒川
墨田区|横網1丁目,216301.8041581614,1,1986.2215710753621,荒川
墨田区|横網1丁目,216301.8041581614,1,1153.568227669007,荒川
墨田区|横網1丁目,216301.8041581614,1,13726.61149967313,荒川
墨田区|横網1丁目,216301.8041581614,1,1254.8136093844635,荒川
墨田区|横網1丁目,216301.8041581614,1,210.42232835384013,荒川
墨田区|横網1丁目,216301.8041581614,1,653.6600457314685,荒川
墨田区|横網1丁目,216301.8041581614,1,651.5716751462986,荒川
墨田区|横網1丁目,216301.8041581614,2,149772.55957908896,荒川
墨田区|横網1丁目,216301.8041581614,3,92.98851983184812,荒川
墨田区|横網1丁目,216301.8041581614,3,129.05721852226728,荒川
墨田区|横網1丁目,216301.8041581614,3,288.6562582296291,荒川
墨田区|横網2丁目,120467.28403122263,1,9199.389960351065,荒川
墨田区|横網2丁目,120467.28403122263,1,311.6468622150356,荒川
墨田区|横網2丁目,120467.28403122263,1,52.70776361862647,荒川
墨田区|横網2丁目,120467.28403122263,1,26.56461182809621,荒川
墨田区|横網2丁目,120467.28403122263,1,26.5646801871388,荒川
墨田区|横網2丁目,120467.28403122263,1,1022.1651521526085,荒川
墨田区|横網2丁目,120467.28403122263,1,653.6221843218497,荒川
墨田区|横網2丁目,120467.28403122263,1,968.6193571970227,荒川
墨田区|横網2丁目,120467.28403122263,1,8526.719890055108,荒川
墨田区|横網2丁目,120467.28403122263,1,547.1662392642342,荒川
墨田区|横網2丁目,120467.28403122263,1,259.9909651236229,荒川
墨田区|横網2丁目,120467.28403122263,2,91195.12823865653,荒川
墨田区|横網2丁目,120467.28403122263,2,52.70782859795077,荒川
墨田区|横網2丁目,120467.28403122263,3,643.8931932789003,荒川
墨田区|横網2丁目,120467.28403122263,3,738.8826256023137,荒川
墨田区|横網2丁目,120467.28403122263,3,362.002494999444,荒川
墨田区|亀沢1丁目,77921.18980559266,2,77921.18980559264,荒川
墨田区|亀沢2丁目,76526.19831910507,2,76526.19831910504,荒川
墨田区|亀沢3丁目,74536.26161985924,2,74536.26161985926,荒川
墨田区|亀沢4丁目,100199.18651760115,2,100199.18651760113,荒川
墨田区|石原1丁目,89884.72305493485,2,89884.72305493483,荒川
墨田区|石原2丁目,84961.3612470749,2,84961.36124707492,荒川
墨田区|石原3丁目,79866.08558801551,2,79866.0855880155,荒川
墨田区|石原4丁目,111323.71804868699,2,111323.71804868702,荒川
墨田区|本所1丁目,165023.8440101356,1,37250.3914454574,荒川
墨田区|本所1丁目,165023.8440101356,1,26.302955457060428,荒川
墨田区|本所1丁目,165023.8440101356,1,1247.2926493295747,荒川
墨田区|本所1丁目,165023.8440101356,1,732.6561203388328,荒川
墨田区|本所1丁目,165023.8440101356,1,77.80372069921732,荒川
墨田区|本所1丁目,165023.8440101356,1,425.02699199576864,荒川
墨田区|本所1丁目,165023.8440101356,1,420.3964402502174,荒川
墨田区|本所1丁目,165023.8440101356,1,2745.7526491075223,荒川
墨田区|本所1丁目,165023.8440101356,1,757.3276566289594,荒川
墨田区|本所1丁目,165023.8440101356,1,391.5289810887928,荒川
墨田区|本所1丁目,165023.8440101356,1,2145.1069644987683,荒川
墨田区|本所1丁目,165023.8440101356,2,105791.25688159156,荒川
墨田区|本所1丁目,165023.8440101356,2,25.520199020371685,荒川
墨田区|本所1丁目,165023.8440101356,2,315.65769612744333,荒川
墨田区|本所1丁目,165023.8440101356,2,130.72010381989685,荒川
墨田区|本所1丁目,165023.8440101356,2,26.14217243618708,荒川
墨田区|本所1丁目,165023.8440101356,2,51.45150529314493,荒川
墨田区|本所1丁目,165023.8440101356,2,26.142293275472817,荒川
墨田区|本所1丁目,165023.8440101356,2,26.142678855610065,荒川
墨田区|本所1丁目,165023.8440101356,2,183.2191713381405,荒川
墨田区|本所1丁目,165023.8440101356,3,77.478369349909,荒川
墨田区|本所1丁目,165023.8440101356,3,469.90781090670043,荒川
墨田区|本所2丁目,70151.28403209268,2,70151.28403209265,荒川
墨田区|本所3丁目,73021.88069306586,2,73021.88069306586,荒川
墨田区|本所4丁目,102008.95219326898,1,314.7696486927985,荒川
墨田区|本所4丁目,102008.95219326898,2,101694.18191708316,荒川
墨田区|東駒形1丁目,88750.24507844442,1,599.6160149918817,荒川
墨田区|東駒形1丁目,88750.24507844442,1,53.57488406915475,荒川
墨田区|東駒形1丁目,88750.24507844442,1,943.0457437080156,荒川
墨田区|東駒形1丁目,88750.24507844442,1,1310.714822903921,荒川
墨田区|東駒形1丁目,88750.24507844442,1,26.29204260434842,荒川
墨田区|東駒形1丁目,88750.24507844442,1,651.4786233973388,荒川
墨田区|東駒形1丁目,88750.24507844442,1,15.628338185120594,荒川
墨田区|東駒形1丁目,88750.24507844442,1,457.992848422855,荒川
墨田区|東駒形1丁目,88750.24507844442,1,646.2113611306452,荒川
墨田区|東駒形1丁目,88750.24507844442,1,51.659643938008614,荒川
墨田区|東駒形1丁目,88750.24507844442,1,29727.95233978465,荒川
墨田区|東駒形1丁目,88750.24507844442,1,651.4922504300991,荒川
墨田区|東駒形1丁目,88750.24507844442,1,917.5225542306383,荒川
墨田区|東駒形1丁目,88750.24507844442,1,573.5314376949243,荒川
墨田区|東駒形1丁目,88750.24507844442,1,1333.7462240556963,荒川
墨田区|東駒形1丁目,88750.24507844442,1,390.69220160093084,荒川
墨田区|東駒形1丁目,88750.24507844442,2,40330.16121710312,荒川
墨田区|東駒形1丁目,88750.24507844442,2,26.56283766061356,荒川
墨田区|東駒形1丁目,88750.24507844442,2,77.8015331641582,荒川
墨田区|東駒形1丁目,88750.24507844442,2,182.3766763477655,荒川
墨田区|東駒形1丁目,88750.24507844442,2,79.05668213669433,荒川
墨田区|東駒形1丁目,88750.24507844442,2,51.66085591872795,荒川
墨田区|東駒形1丁目,88750.24507844442,2,651.4921187139289,荒川
墨田区|東駒形1丁目,88750.24507844442,2,335.83766157035166,荒川
墨田区|東駒形2丁目,68987.6683135344,1,128.80163022630097,荒川
墨田区|東駒形2丁目,68987.6683135344,1,1018.7475521351158,荒川
墨田区|東駒形2丁目,68987.6683135344,1,26.833938745196388,荒川
墨田区|東駒形2丁目,68987.6683135344,1,312.46379444077434,荒川
墨田区|東駒形2丁目,68987.6683135344,1,10.302117362901132,荒川
墨田区|東駒形2丁目,68987.6683135344,1,961.175523064052,荒川
墨田区|東駒形2丁目,68987.6683135344,1,1490.5786646261004,荒川
墨田区|東駒形2丁目,68987.6683135344,1,1016.8549858786894,荒川
墨田区|東駒形2丁目,68987.6683135344,2,63786.83915269858,荒川
墨田区|東駒形2丁目,68987.6683135344,2,25.930295941782276,荒川
墨田区|東駒形2丁目,68987.6683135344,2,209.1401034598651,荒川
墨田区|東駒形3丁目,67836.46541330077,2,67836.4654133008,荒川
墨田区|東駒形4丁目,104390.44795678675,1,297.10654257253043,荒川
墨田区|東駒形4丁目,104390.44795678675,1,364.9541765884386,荒川
墨田区|東駒形4丁目,104390.44795678675,2,103728.38647055485,荒川
墨田区|吾妻橋1丁目,133478.88199389091,1,522.0072421628458,荒川
墨田区|吾妻橋1丁目,133478.88199389091,1,6200.366513382913,荒川
墨田区|吾妻橋1丁目,133478.88199389091,1,390.88550209047935,荒川
墨田区|吾妻橋1丁目,133478.88199389091,1,6827.033005332893,荒川
墨田区|吾妻橋1丁目,133478.88199389091,1,470.35368151556935,荒川
墨田区|吾妻橋1丁目,133478.88199389091,1,494.11779676670653,荒川
墨田区|吾妻橋1丁目,133478.88199389091,2,51450.25352245835,荒川
墨田区|吾妻橋1丁目,133478.88199389091,2,262.0512647323625,荒川
墨田区|吾妻橋2丁目,62726.80533671864,1,26.140412207436427,荒川
墨田区|吾妻橋2丁目,62726.80533671864,1,339.0139134657699,荒川
墨田区|吾妻橋2丁目,62726.80533671864,1,260.7929933177369,荒川
墨田区|吾妻橋2丁目,62726.80533671864,1,300.1717883194689,荒川
墨田区|吾妻橋2丁目,62726.80533671864,1,155.17398329333037,荒川
墨田区|吾妻橋2丁目,62726.80533671864,1,17512.896817994246,荒川
墨田区|吾妻橋2丁目,62726.80533671864,1,388.9896352991905,荒川
墨田区|吾妻橋2丁目,62726.80533671864,1,26.561751401615574,荒川
墨田区|吾妻橋2丁目,62726.80533671864,1,186.49946087161257,荒川
墨田区|吾妻橋2丁目,62726.80533671864,1,131.33280071049634,荒川
墨田区|吾妻橋2丁目,62726.80533671864,1,0.7240805242795841,荒川
墨田区|吾妻橋2丁目,62726.80533671864,2,32606.07857291265,荒川
墨田区|吾妻橋2丁目,62726.80533671864,2,262.87548028728656,荒川
墨田区|吾妻橋2丁目,62726.80533671864,2,235.2806958689669,荒川
墨田区|吾妻橋2丁目,62726.80533671864,2,52.70241119532284,荒川
墨田区|吾妻橋3丁目,65761.41756957889,1,788.6508451416693,荒川
墨田区|吾妻橋3丁目,65761.41756957889,1,381.34361256373586,荒川
墨田区|吾妻橋3丁目,65761.41756957889,1,4494.156241336177,荒川
墨田区|吾妻橋3丁目,65761.41756957889,1,669.0879829797694,荒川
墨田区|吾妻橋3丁目,65761.41756957889,2,57563.014807090134,荒川
墨田区|吾妻橋3丁目,65761.41756957889,2,25.517846642976156,荒川
墨田区|錦糸1丁目,115756.93713392346,2,109679.37881617672,荒川
墨田区|錦糸1丁目,115756.93713392346,3,4928.889218801441,荒川
墨田区|錦糸1丁目,115756.93713392346,3,680.4235204475846,荒川
墨田区|錦糸1丁目,115756.93713392346,3,468.245578114413,荒川
墨田区|錦糸2丁目,40377.628770612006,2,37812.51876455327,荒川
墨田区|錦糸2丁目,40377.628770612006,2,26.14435124937466,荒川
墨田区|錦糸2丁目,40377.628770612006,3,52.28748896760715,荒川
墨田区|錦糸2丁目,40377.628770612006,3,52.49858546867761,荒川
墨田区|錦糸2丁目,40377.628770612006,3,240.49614353697572,荒川
墨田区|錦糸2丁目,40377.628770612006,3,25.521578508325497,荒川
墨田区|錦糸2丁目,40377.628770612006,3,25.521578566041374,荒川
墨田区|錦糸2丁目,40377.628770612006,3,152.33763897465218,荒川
墨田区|錦糸2丁目,40377.628770612006,3,1056.653189018308,荒川
墨田区|錦糸2丁目,40377.628770612006,3,933.649451768843,荒川
墨田区|錦糸3丁目,33398.212108746644,2,29431.42489789613,荒川
墨田区|錦糸3丁目,33398.212108746644,3,677.6916581226234,荒川
墨田区|錦糸3丁目,33398.212108746644,3,51.665124521972295,荒川
墨田区|錦糸3丁目,33398.212108746644,3,334.5099384619153,荒川
墨田区|錦糸3丁目,33398.212108746644,3,105.84009015176949,荒川
墨田区|錦糸3丁目,33398.212108746644,3,1813.0063143752927,荒川
墨田区|錦糸3丁目,33398.212108746644,3,14.498096878461197,荒川
墨田区|錦糸3丁目,33398.212108746644,3,787.5996690082857,荒川
墨田区|錦糸3丁目,33398.212108746644,4,181.9764893699617,荒川
墨田区|錦糸4丁目,150440.76399499053,1,628.1289408267194,荒川
墨田区|錦糸4丁目,150440.76399499053,1,258.9543129002002,荒川
墨田区|錦糸4丁目,150440.76399499053,1,626.039922670332,荒川
墨田区|錦糸4丁目,150440.76399499053,1,261.04275592489176,荒川
墨田区|錦糸4丁目,150440.76399499053,2,145881.2576051531,荒川
墨田区|錦糸4丁目,150440.76399499053,3,1023.8827512662594,荒川
墨田区|錦糸4丁目,150440.76399499053,3,25.932647239387258,荒川
墨田区|錦糸4丁目,150440.76399499053,3,26.14418906602378,荒川
墨田区|錦糸4丁目,150440.76399499053,3,467.49225302601246,荒川
墨田区|錦糸4丁目,150440.76399499053,3,51.66609631245463,荒川
墨田区|錦糸4丁目,150440.76399499053,3,259.9970489186715,荒川
墨田区|錦糸4丁目,150440.76399499053,3,52.49918702733165,荒川
墨田区|錦糸4丁目,150440.76399499053,3,136.0762424532393,荒川
墨田区|錦糸4丁目,150440.76399499053,3,87.99751657794586,荒川
墨田区|太平1丁目,103666.48446668345,2,103666.48446668343,荒川
墨田区|太平2丁目,49240.28075362998,2,49201.31233266107,荒川
墨田区|太平2丁目,49240.28075362998,3,38.96842096891422,荒川
墨田区|太平3丁目,48217.481456007175,2,46429.22046041095,荒川
墨田区|太平3丁目,48217.481456007175,3,26.564974501437412,荒川
墨田区|太平3丁目,48217.481456007175,3,365.82766354592934,荒川
墨田区|太平3丁目,48217.481456007175,3,390.91844871731996,荒川
墨田区|太平3丁目,48217.481456007175,3,52.70873699773272,荒川
墨田区|太平3丁目,48217.481456007175,3,130.93553746077464,荒川
墨田区|太平3丁目,48217.481456007175,3,612.5614262099531,荒川
墨田区|太平3丁目,48217.481456007175,3,51.66346111011819,荒川
墨田区|太平3丁目,48217.481456007175,3,157.08074705296212,荒川
墨田区|太平4丁目,124968.8677936801,2,124079.06942888888,荒川
墨田区|太平4丁目,124968.8677936801,3,328.3526880990644,荒川
墨田区|太平4丁目,124968.8677936801,3,25.520114012514536,荒川
墨田区|太平4丁目,124968.8677936801,3,105.83633462412823,荒川
墨田区|太平4丁目,124968.8677936801,3,26.142985724689105,荒川
墨田区|太平4丁目,124968.8677936801,3,25.932168543108787,荒川
墨田区|太平4丁目,124968.8677936801,3,51.452715446211705,荒川
墨田区|太平4丁目,124968.8677936801,3,326.56135834136586,荒川
墨田区|横川1丁目,127548.25448244704,1,394.4608835296737,荒川
墨田区|横川1丁目,127548.25448244704,2,127153.79359454475,荒川
墨田区|横川2丁目,42630.250268228076,2,42630.25026822807,荒川
墨田区|横川3丁目,43221.26226331964,2,43143.668864559266,荒川
墨田区|横川3丁目,43221.26226331964,3,77.59339876038855,荒川
墨田区|横川4丁目,51416.098254412624,2,50268.06521462694,荒川
墨田区|横川4丁目,51416.098254412624,3,1148.0330397856912,荒川
墨田区|横川5丁目,89679.62552149105,2,88580.81312209852,荒川
墨田区|横川5丁目,89679.62552149105,3,311.5727112776453,荒川
墨田区|横川5丁目,89679.62552149105,3,526.2194334575704,荒川
墨田区|横川5丁目,89679.62552149105,3,25.931049820559238,荒川
墨田区|横川5丁目,89679.62552149105,3,129.4656702404536,荒川
墨田区|横川5丁目,89679.62552149105,3,26.563984312162205,荒川
墨田区|横川5丁目,89679.62552149105,3,79.0595502841335,荒川
墨田区|業平1丁目,99457.23030418842,1,904.7630834320785,荒川
墨田区|業平1丁目,99457.23030418842,1,25.518160122008084,荒川
墨田区|業平1丁目,99457.23030418842,1,808.1146173016989,荒川
墨田区|業平1丁目,99457.23030418842,1,442.9670689956187,荒川
墨田区|業平1丁目,99457.23030418842,2,96816.81550456113,荒川
墨田区|業平2丁目,61228.68205617654,2,61228.68205617653,荒川
墨田区|業平3丁目,56143.53552776736,1,329.6842765718009,荒川
墨田区|業平3丁目,56143.53552776736,2,55758.80643276003,荒川
墨田区|業平4丁目,72305.48523738008,2,72230.32059054416,荒川
墨田区|業平5丁目,61759.033079062814,2,61471.61116840783,荒川
墨田区|業平5丁目,61759.033079062814,3,132.18154336264553,荒川
墨田区|業平5丁目,61759.033079062814,3,155.24036729232407,荒川
墨田区|向島1丁目,178322.18011078276,1,681.5524939554329,荒川
墨田区|向島1丁目,178322.18011078276,1,445.65819358685417,荒川
墨田区|向島1丁目,178322.18011078276,1,287.9672018594414,荒川
墨田区|向島1丁目,178322.18011078276,1,453.7966153137522,荒川
墨田区|向島1丁目,178322.18011078276,1,0.42181713957452044,荒川
墨田区|向島1丁目,178322.18011078276,1,3634.0773668570932,荒川
墨田区|向島1丁目,178322.18011078276,1,285.2574369378309,荒川
墨田区|向島1丁目,178322.18011078276,1,237.78756145183337,荒川
墨田区|向島1丁目,178322.18011078276,1,12.484000205984723,荒川
墨田区|向島1丁目,178322.18011078276,1,443.5656597259095,荒川
墨田区|向島1丁目,178322.18011078276,1,369.9543479806339,荒川
墨田区|向島1丁目,178322.18011078276,1,523.8842378872812,荒川
墨田区|向島1丁目,178322.18011078276,1,392.33100763773,荒川
墨田区|向島1丁目,178322.18011078276,1,99.17417037632075,荒川
墨田区|向島1丁目,178322.18011078276,1,653.5179724074235,荒川
墨田区|向島1丁目,178322.18011078276,1,297.43247518298676,荒川
墨田区|向島1丁目,178322.18011078276,1,445.0182685932153,荒川
墨田区|向島1丁目,178322.18011078276,1,26.139123235755704,荒川
墨田区|向島1丁目,178322.18011078276,1,1044.3749355004618,荒川
墨田区|向島1丁目,178322.18011078276,1,810.5682725138349,荒川
墨田区|向島1丁目,178322.18011078276,1,548.1226005323808,荒川
墨田区|向島1丁目,178322.18011078276,2,126272.27666489924,荒川
墨田区|向島2丁目,147129.0695365983,1,469.0170030191559,荒川
墨田区|向島2丁目,147129.0695365983,1,521.9619704453148,荒川
墨田区|向島2丁目,147129.0695365983,1,84.89901751512501,荒川
墨田区|向島2丁目,147129.0695365983,1,289.2223827111485,荒川
墨田区|向島2丁目,147129.0695365983,1,2222.869918497378,荒川
墨田区|向島2丁目,147129.0695365983,1,416.7873361320147,荒川
墨田区|向島2丁目,147129.0695365983,1,1283.3994780386595,荒川
墨田区|向島2丁目,147129.0695365983,2,95618.43288214701,荒川
墨田区|向島2丁目,147129.0695365983,2,914.3881606361188,荒川
墨田区|向島3丁目,166890.51396331648,2,166890.5139633164,荒川
墨田区|向島4丁目,101226.13992099448,2,78637.63777476856,荒川
墨田区|向島4丁目,101226.13992099448,2,2430.187846499526,荒川
墨田区|向島4丁目,101226.13992099448,2,339.1971195995224,荒川
墨田区|向島4丁目,101226.13992099448,2,236.7227119981557,荒川
墨田区|向島4丁目,101226.13992099448,3,26.13827486951425,荒川
墨田区|向島4丁目,101226.13992099448,3,26.13827479981783,荒川
墨田区|向島4丁目,101226.13992099448,3,26.138315279089863,荒川
墨田区|向島4丁目,101226.13992099448,3,78.69524663663603,荒川
墨田区|向島4丁目,101226.13992099448,3,53.11986982859417,荒川
墨田区|向島4丁目,101226.13992099448,3,52.27690828666201,荒川
墨田区|向島4丁目,101226.13992099448,3,287.5435252340055,荒川
墨田区|向島4丁目,101226.13992099448,3,105.60816196885821,荒川
墨田区|向島4丁目,101226.13992099448,3,25.516350547315064,荒川
墨田区|向島4丁目,101226.13992099448,3,18422.607268890813,荒川
墨田区|向島4丁目,101226.13992099448,3,14.446650877570285,荒川
墨田区|向島4丁目,101226.13992099448,3,7.91273597533137,荒川
墨田区|向島4丁目,101226.13992099448,3,26.55955976183531,荒川
墨田区|向島4丁目,101226.13992099448,3,33.3409206181938,荒川
墨田区|向島4丁目,101226.13992099448,3,29.35305379932096,荒川
墨田区|向島4丁目,101226.13992099448,3,105.18542246206678,荒川
墨田区|向島4丁目,101226.13992099448,3,79.0470962882777,荒川
墨田区|向島4丁目,101226.13992099448,3,78.83610830021027,荒川
墨田区|向島4丁目,101226.13992099448,3,103.93072370453864,荒川
墨田区|向島5丁目,248586.20811302637,1,549.3275759435276,荒川
墨田区|向島5丁目,248586.20811302637,1,22.728075341220173,荒川
墨田区|向島5丁目,248586.20811302637,1,7024.693462127158,荒川
墨田区|向島5丁目,248586.20811302637,1,1095.535941285189,荒川
墨田区|向島5丁目,248586.20811302637,1,2482.49934916111,荒川
墨田区|向島5丁目,248586.20811302637,1,3603.869740087967,荒川
墨田区|向島5丁目,248586.20811302637,1,416.98221015801573,荒川
墨田区|向島5丁目,248586.20811302637,1,364.6975319706707,荒川
墨田区|向島5丁目,248586.20811302637,1,1.9196042193739997,荒川
墨田区|向島5丁目,248586.20811302637,2,152437.60836637972,荒川
墨田区|向島5丁目,248586.20811302637,2,0.8433264969185288,荒川
墨田区|向島5丁目,248586.20811302637,2,26.558829735040224,荒川
墨田区|向島5丁目,248586.20811302637,2,1465.037711422079,荒川
墨田区|向島5丁目,248586.20811302637,2,52.48542769301913,荒川
墨田区|向島5丁目,248586.20811302637,2,3423.162435343829,荒川
墨田区|向島5丁目,248586.20811302637,2,1346.697981259726,荒川
墨田区|向島5丁目,248586.20811302637,2,1984.9208837548313,荒川
墨田区|向島5丁目,248586.20811302637,2,1126.2848095673262,荒川
墨田区|向島5丁目,248586.20811302637,3,36643.47530535203,荒川
墨田区|向島5丁目,248586.20811302637,3,104.13654126193322,荒川
墨田区|向島5丁目,248586.20811302637,3,26.137680800794648,荒川
墨田区|向島5丁目,248586.20811302637,3,51.65289826996147,荒川
墨田区|向島5丁目,248586.20811302637,3,25.515358564497014,荒川
墨田区|向島5丁目,248586.20811302637,3,208.49288917818566,荒川
墨田区|東向島1丁目,135076.59988150676,2,22289.08021267671,荒川
墨田区|東向島1丁目,135076.59988150676,2,4.482004103967372,荒川
墨田区|東向島1丁目,135076.59988150676,2,26.558372362286903,荒川
墨田区|東向島1丁目,135076.59988150676,2,25.92602862037333,荒川
墨田区|東向島1丁目,135076.59988150676,2,26.55853676871164,荒川
墨田区|東向島1丁目,135076.59988150676,2,365.10658297140054,荒川
墨田区|東向島1丁目,135076.59988150676,2,1331.4104351191372,荒川
墨田区|東向島1丁目,135076.59988150676,2,10721.653257295851,荒川
墨田区|東向島1丁目,135076.59988150676,2,52.48414803181069,荒川
墨田区|東向島1丁目,135076.59988150676,3,100207.41388068962,荒川
墨田区|東向島1丁目,135076.59988150676,3,25.926422866796862,荒川
墨田区|東向島2丁目,209742.76304377412,2,84661.4184122302,荒川
墨田区|東向島2丁目,209742.76304377412,2,77.99918050284872,荒川
墨田区|東向島2丁目,209742.76304377412,2,2.824556946775847e-05,荒川
墨田区|東向島2丁目,209742.76304377412,2,2193.506245378359,荒川
墨田区|東向島2丁目,209742.76304377412,2,53.11731005474922,荒川
墨田区|東向島2丁目,209742.76304377412,2,26.55797643800329,荒川
墨田区|東向島2丁目,209742.76304377412,2,25.514138587368183,荒川
墨田区|東向島2丁目,209742.76304377412,2,1567.6905386833514,荒川
墨田区|東向島2丁目,209742.76304377412,2,391.86681159982913,荒川
墨田区|東向島2丁目,209742.76304377412,2,993.2798358512117,荒川
墨田区|東向島2丁目,209742.76304377412,2,2165.5208726533124,荒川
墨田区|東向島2丁目,209742.76304377412,2,52.48565185800436,荒川
墨田区|東向島2丁目,209742.76304377412,2,1593.6521957500822,荒川
墨田区|東向島2丁目,209742.76304377412,2,26.05057217743342,荒川
墨田区|東向島2丁目,209742.76304377412,2,1020.6979215033803,荒川
墨田区|東向島2丁目,209742.76304377412,2,992.8670737725313,荒川
墨田区|東向島2丁目,209742.76304377412,2,155.79370332136742,荒川
墨田区|東向島2丁目,209742.76304377412,3,94130.99302394198,荒川
墨田区|東向島2丁目,209742.76304377412,3,629.1306653808375,荒川
墨田区|東向島2丁目,209742.76304377412,3,735.6888993784011,荒川
墨田区|東向島2丁目,209742.76304377412,3,25.02517877625934,荒川
墨田区|東向島2丁目,209742.76304377412,3,52.6943704986752,荒川
墨田区|東向島2丁目,209742.76304377412,3,26.558555879916778,荒川
墨田区|東向島2丁目,209742.76304377412,3,26.13682432354557,荒川
墨田区|東向島2丁目,209742.76304377412,3,51.65194033176799,荒川
墨田区|東向島2丁目,209742.76304377412,3,25.515052373560106,荒川
墨田区|東向島2丁目,209742.76304377412,3,25.514925129438062,荒川
墨田区|東向島2丁目,209742.76304377412,3,26.13726725230342,荒川
墨田区|東向島2丁目,209742.76304377412,3,25.92649608881783,荒川
墨田区|東向島2丁目,209742.76304377412,3,26.558877277977857,荒川
墨田区|東向島2丁目,209742.76304377412,3,26.137518284908374,荒川
墨田区|東向島2丁目,209742.76304377412,3,601.2010549989056,荒川
墨田区|東向島2丁目,209742.76304377412,3,25.92653591317761,荒川
墨田区|東向島2丁目,209742.76304377412,3,26.137022952090838,荒川
墨田区|東向島2丁目,209742.76304377412,3,3635.666376497257,荒川
墨田区|東向島2丁目,209742.76304377412,3,78.00107441601388,荒川
墨田区|東向島2丁目,209742.76304377412,3,158.51127260175335,荒川
墨田区|東向島2丁目,209742.76304377412,3,25.51505595522277,荒川
墨田区|東向島2丁目,209742.76304377412,3,26.13749567117975,荒川
墨田区|東向島2丁目,209742.76304377412,3,26.559319885187378,荒川
墨田区|東向島2丁目,209742.76304377412,3,25.515446028942865,荒川
墨田区|東向島2丁目,209742.76304377412,3,235.24919462253206,荒川
墨田区|東向島2丁目,209742.76304377412,3,26.13759007074679,荒川
墨田区|東向島2丁目,209742.76304377412,3,365.74761459923053,荒川
墨田区|東向島2丁目,209742.76304377412,3,3894.584036769841,荒川
墨田区|東向島2丁目,209742.76304377412,3,25.515563941214424,荒川
墨田区|東向島2丁目,209742.76304377412,3,25.51535773188854,荒川
墨田区|東向島2丁目,209742.76304377412,3,4683.8686428083765,荒川
墨田区|東向島2丁目,209742.76304377412,3,526.1474448055071,荒川
墨田区|東向島2丁目,209742.76304377412,3,26.559286369700793,荒川
墨田区|東向島2丁目,209742.76304377412,3,26.559524526728474,荒川
墨田区|東向島2丁目,209742.76304377412,3,25.515642321895257,荒川
墨田区|東向島2丁目,209742.76304377412,3,26.1380022392839,荒川
墨田区|東向島2丁目,209742.76304377412,3,1966.9489437942589,荒川
墨田区|東向島2丁目,209742.76304377412,3,89.69339531710027,荒川
墨田区|東向島2丁目,209742.76304377412,3,43.74071770911242,荒川
墨田区|東向島2丁目,209742.76304377412,3,25.515633339629744,荒川
墨田区|東向島2丁目,209742.76304377412,3,51.6533011441877,荒川
墨田区|東向島2丁目,209742.76304377412,3,19.146285217675178,荒川
墨田区|東向島2丁目,209742.76304377412,3,939.5683147007848,荒川
墨田区|東向島2丁目,209742.76304377412,3,22.300691388716114,荒川
墨田区|東向島2丁目,209742.76304377412,3,25.927335499010663,荒川
墨田区|東向島2丁目,209742.76304377412,3,26.138351026040343,荒川
墨田区|東向島2丁目,209742.76304377412,3,26.559736902979875,荒川
墨田区|東向島2丁目,209742.76304377412,3,0.5497523189421013,荒川
墨田区|東向島2丁目,209742.76304377412,4,156.62396616314948,荒川
墨田区|東向島3丁目,180402.14406896953,2,6969.340681445123,荒川
墨田区|東向島3丁目,180402.14406896953,2,3549.926599272056,荒川
墨田区|東向島3丁目,180402.14406896953,2,465.5772255145343,荒川
墨田区|東向島3丁目,180402.14406896953,2,341.254727832293,荒川
墨田区|東向島3丁目,180402.14406896953,2,1698.0834820378427,荒川
墨田区|東向島3丁目,180402.14406896953,3,167274.24308235943,荒川
墨田区|東向島3丁目,180402.14406896953,3,52.6912804635025,荒川
墨田区|東向島3丁目,180402.14406896953,3,51.02699004472653,荒川
墨田区|東向島4丁目,182574.86663385615,2,3534.4261425713944,荒川
墨田区|東向島4丁目,182574.86663385615,2,337.6945678067465,荒川
墨田区|東向島4丁目,182574.86663385615,2,808.9989382232005,荒川
墨田区|東向島4丁目,182574.86663385615,2,520.4450192040036,荒川
墨田区|東向島4丁目,182574.86663385615,3,177346.74459727822,荒川
墨田区|東向島4丁目,182574.86663385615,3,26.557368772669953,荒川
墨田区|東向島5丁目,140782.63121132308,2,599.6669049147031,荒川
墨田区|東向島5丁目,140782.63121132308,3,140182.96430640834,荒川
墨田区|東向島6丁目,219881.46098298056,3,219881.4609829806,荒川
墨田区|堤通1丁目,202134.88252301133,1,4246.530288316234,荒川
墨田区|堤通1丁目,202134.88252301133,1,496.3999678435354,荒川
墨田区|堤通1丁目,202134.88252301133,1,549.0957914181506,荒川
墨田区|堤通1丁目,202134.88252301133,1,3035.838967956312,荒川
墨田区|堤通1丁目,202134.88252301133,2,190089.40025689118,荒川
墨田区|堤通1丁目,202134.88252301133,2,381.78073996839515,荒川
墨田区|堤通1丁目,202134.88252301133,3,1315.7540280434807,荒川
墨田区|堤通1丁目,202134.88252301133,3,119.43968708175011,荒川
墨田区|堤通1丁目,202134.88252301133,3,26.134529457473796,荒川
墨田区|堤通1丁目,202134.88252301133,3,25.924944668261467,荒川
墨田区|堤通1丁目,202134.88252301133,3,542.7510437618846,荒川
墨田区|堤通2丁目,480679.0375590455,1,210.00244061883,荒川
墨田区|堤通2丁目,480679.0375590455,1,3.0509520815883233,荒川
墨田区|堤通2丁目,480679.0375590455,1,1463.1434592266596,荒川
墨田区|堤通2丁目,480679.0375590455,1,209.48995087828007,荒川
墨田区|堤通2丁目,480679.0375590455,1,28019.426660972902,荒川
墨田区|堤通2丁目,480679.0375590455,1,7865.26647080076,荒川
墨田区|堤通2丁目,480679.0375590455,1,704.3723472568969,荒川
墨田区|堤通2丁目,480679.0375590455,1,2433.0943773748113,荒川
墨田区|堤通2丁目,480679.0375590455,1,1072.3809036032828,荒川
墨田区|堤通2丁目,480679.0375590455,1,839.8985656715887,荒川
墨田区|堤通2丁目,480679.0375590455,1,51.64565291331957,荒川
墨田区|堤通2丁目,480679.0375590455,1,602.1691363261698,荒川
墨田区|堤通2丁目,480679.0375590455,2,346223.5617332087,荒川
墨田区|堤通2丁目,480679.0375590455,2,26.132741967629585,荒川
墨田区|堤通2丁目,480679.0375590455,2,26.13201676212234,荒川
墨田区|堤通2丁目,480679.0375590455,2,88.88080491934222,荒川
墨田区|堤通2丁目,480679.0375590455,2,52.26743347179785,荒川
墨田区|堤通2丁目,480679.0375590455,2,0.4305842625306124,荒川
墨田区|堤通2丁目,480679.0375590455,3,37724.89227159257,荒川
墨田区|堤通2丁目,480679.0375590455,3,5327.204721909739,荒川
墨田区|堤通2丁目,480679.0375590455,3,287.4616378661277,荒川
墨田区|堤通2丁目,480679.0375590455,3,1281.7717726956714,荒川
墨田区|堤通2丁目,480679.0375590455,3,77.77803076501131,荒川
墨田区|堤通2丁目,480679.0375590455,3,105.58781418318146,荒川
墨田区|堤通2丁目,480679.0375590455,3,77.7783855684641,荒川
墨田区|堤通2丁目,480679.0375590455,3,26.555030516933932,荒川
墨田区|堤通2丁目,480679.0375590455,3,51.645353446851615,荒川
墨田区|堤通2丁目,480679.0375590455,3,3527.2198043181274,荒川
墨田区|堤通2丁目,480679.0375590455,3,53.107472384738706,荒川
墨田区|堤通2丁目,480679.0375590455,3,52.47524857233489,荒川
墨田区|堤通2丁目,480679.0375590455,3,51.64236098644165,荒川
墨田区|堤通2丁目,480679.0375590455,3,105.58338936899567,荒川
墨田区|堤通2丁目,480679.0375590455,3,417.93812785448563,荒川
墨田区|堤通2丁目,480679.0375590455,3,26.132339553015967,荒川
墨田区|堤通2丁目,480679.0375590455,3,26.553842661004467,荒川
墨田区|堤通2丁目,480679.0375590455,3,25.510373013781006,荒川
墨田区|堤通2丁目,480679.0375590455,3,26.553869878152497,荒川
墨田区|堤通2丁目,480679.0375590455,3,26.13260418104161,荒川
墨田区|堤通2丁目,480679.0375590455,3,25.921661599965468,荒川
墨田区|堤通2丁目,480679.0375590455,3,156.3838189926205,荒川
墨田区|堤通2丁目,480679.0375590455,3,26.132474077788487,荒川
墨田区|堤通2丁目,480679.0375590455,3,25.921741625087044,荒川
墨田区|堤通2丁目,480679.0375590455,3,36.122889618447026,荒川
墨田区|堤通2丁目,480679.0375590455,3,52.26522602275658,荒川
墨田区|堤通2丁目,480679.0375590455,3,236.03644822294154,荒川
墨田区|堤通2丁目,480679.0375590455,3,104.7413348582752,荒川
墨田区|堤通2丁目,480679.0375590455,3,52.476058283313044,荒川
墨田区|堤通2丁目,480679.0375590455,3,312.99179533933506,荒川
墨田区|堤通2丁目,480679.0375590455,3,130.88479323182702,荒川
墨田区|堤通2丁目,480679.0375590455,3,6930.798821236447,荒川
墨田区|堤通2丁目,480679.0375590455,3,105.58527801663105,荒川
墨田区|堤通2丁目,480679.0375590455,3,51.64347502880355,荒川
墨田区|堤通2丁目,480679.0375590455,3,51.84469311225356,荒川
墨田区|堤通2丁目,480679.0375590455,3,51.64398081387389,荒川
墨田区|堤通2丁目,480679.0375590455,3,157.2147745709594,荒川
墨田区|堤通2丁目,480679.0375590455,3,234.3528969631291,荒川
墨田区|堤通2丁目,480679.0375590455,3,26.133105446831923,荒川
墨田区|堤通2丁目,480679.0375590455,3,26.13311895997976,荒川
墨田区|堤通2丁目,480679.0375590455,3,77.77742593156569,荒川
墨田区|堤通2丁目,480679.0375590455,3,25.922381187196308,荒川
墨田区|堤通2丁目,480679.0375590455,3,52.477316224809655,荒川
墨田区|堤通2丁目,480679.0375590455,3,156.81022798826248,荒川
墨田区|堤通2丁目,480679.0375590455,3,156.8101146540043,荒川
墨田区|堤通2丁目,480679.0375590455,4,26.552155573071467,荒川
墨田区|堤通2丁目,480679.0375590455,4,25.91998812517979,荒川
墨田区|堤通2丁目,480679.0375590455,4,1654.525392145696,荒川
墨田区|堤通2丁目,480679.0375590455,4,1516.408778104719,荒川
墨田区|堤通2丁目,480679.0375590455,4,2616.4149418586353,荒川
墨田区|墨田1丁目,108122.92856729939,2,2805.671346658987,荒川
墨田区|墨田1丁目,108122.92856729939,2,26.555889670227707,荒川
墨田区|墨田1丁目,108122.92856729939,3,105290.70133097006,荒川
墨田区|墨田2丁目,191060.44455155043,2,2116.7171051774994,荒川
墨田区|墨田2丁目,191060.44455155043,2,366.9101406307556,荒川
墨田区|墨田2丁目,191060.44455155043,3,156502.0682711497,荒川
墨田区|墨田2丁目,191060.44455155043,3,6195.726416311736,荒川
墨田区|墨田2丁目,191060.44455155043,3,548.1979553924914,荒川
墨田区|墨田2丁目,191060.44455155043,4,22947.83496875782,荒川
墨田区|墨田2丁目,191060.44455155043,4,234.99314074070966,荒川
墨田区|墨田2丁目,191060.44455155043,4,524.5692464184953,荒川
墨田区|墨田2丁目,191060.44455155043,4,26.13288532732342,荒川
墨田区|墨田2丁目,191060.44455155043,4,26.13295263853783,荒川
墨田区|墨田2丁目,191060.44455155043,4,104.12037028923531,荒川
墨田区|墨田2丁目,191060.44455155043,4,156.3864040089752,荒川
墨田区|墨田2丁目,191060.44455155043,4,156.38652352605655,荒川
墨田区|墨田2丁目,191060.44455155043,4,51.64386604245881,荒川
墨田区|墨田2丁目,191060.44455155043,4,26.554442508172226,荒川
墨田区|墨田2丁目,191060.44455155043,4,182.74072729707973,荒川
墨田区|墨田2丁目,191060.44455155043,4,25.510913925647813,荒川
墨田区|墨田2丁目,191060.44455155043,4,25.92238033452677,荒川
墨田区|墨田2丁目,191060.44455155043,4,841.8958410730814,荒川
墨田区|墨田3丁目,143633.34093307206,3,131713.97703663295,荒川
墨田区|墨田3丁目,143633.34093307206,3,51.64437589578265,荒川
墨田区|墨田3丁目,143633.34093307206,4,9205.658806145044,荒川
墨田区|墨田3丁目,143633.34093307206,4,25.510756167994582,荒川
墨田区|墨田3丁目,143633.34093307206,4,26.55474830192381,荒川
墨田区|墨田3丁目,143633.34093307206,4,26.55478920074431,荒川
墨田区|墨田3丁目,143633.34093307206,4,367.3508335497662,荒川
墨田区|墨田3丁目,143633.34093307206,4,1224.0202256252423,荒川
墨田区|墨田3丁目,143633.34093307206,4,78.19891507423868,荒川
墨田区|墨田3丁目,143633.34093307206,4,26.133368531687374,荒川
墨田区|墨田3丁目,143633.34093307206,4,25.92262549292686,荒川
墨田区|墨田3丁目,143633.34093307206,4,26.5546874630936,荒川
墨田区|墨田3丁目,143633.34093307206,4,26.55472840693655,荒川
墨田区|墨田3丁目,143633.34093307206,4,25.922705371902627,荒川
墨田区|墨田3丁目,143633.34093307206,4,26.55498027677931,荒川
墨田区|墨田3丁目,143633.34093307206,4,104.74429706165843,荒川
墨田区|墨田3丁目,143633.34093307206,4,210.7539734358262,荒川
墨田区|墨田3丁目,143633.34093307206,4,26.133556365894897,荒川
墨田区|墨田3丁目,143633.34093307206,4,52.26720686711101,荒川
墨田区|墨田3丁目,143633.34093307206,4,128.79096595223612,荒川
墨田区|墨田3丁目,143633.34093307206,4,25.92290522208767,荒川
墨田区|墨田3丁目,143633.34093307206,4,51.43413311241451,荒川
墨田区|墨田3丁目,143633.34093307206,4,25.92290515739222,荒川
墨田区|墨田3丁目,143633.34093307206,4,103.70205939159199,荒川
墨田区|墨田3丁目,143633.34093307206,4,26.55534836896328,荒川
墨田区|墨田4丁目,409260.2645270567,3,72908.33576119907,荒川
墨田区|墨田4丁目,409260.2645270567,3,26.133358744581976,荒川
墨田区|墨田4丁目,409260.2645270567,3,653.3439315052872,荒川
墨田区|墨田4丁目,409260.2645270567,3,656.4878581928045,荒川
墨田区|墨田4丁目,409260.2645270567,3,1308.7948660891923,荒川
墨田区|墨田4丁目,409260.2645270567,3,8070.383239439645,荒川
墨田区|墨田4丁目,409260.2645270567,3,314.44871049248627,荒川
墨田区|墨田4丁目,409260.2645270567,3,473.142538875211,荒川
墨田区|墨田4丁目,409260.2645270567,3,26.554373678535367,荒川
墨田区|墨田4丁目,409260.2645270567,3,1204.720346693548,荒川
墨田区|墨田4丁目,409260.2645270567,3,521.021905751421,荒川
墨田区|墨田4丁目,409260.2645270567,4,145983.67587394596,荒川
墨田区|墨田4丁目,409260.2645270567,4,26.132942280269297,荒川
墨田区|墨田4丁目,409260.2645270567,4,104.12061855051203,荒川
墨田区|墨田4丁目,409260.2645270567,4,26.13319331953435,荒川
墨田区|墨田4丁目,409260.2645270567,4,26.554687026873548,荒川
墨田区|墨田4丁目,409260.2645270567,4,365.2642489347283,荒川
墨田区|墨田4丁目,409260.2645270567,4,25.922499326218993,荒川
墨田区|墨田4丁目,409260.2645270567,4,77.98880892849289,荒川
墨田区|墨田4丁目,409260.2645270567,4,105.37624352973826,荒川
墨田区|墨田4丁目,409260.2645270567,4,78.19966852594865,荒川
墨田区|墨田4丁目,409260.2645270567,4,287.48736179733737,荒川
墨田区|墨田4丁目,409260.2645270567,4,26.13339915733758,荒川
墨田区|墨田4丁目,409260.2645270567,4,155.76759828369467,荒川
墨田区|墨田4丁目,409260.2645270567,4,26.1334393021988,荒川
墨田区|墨田4丁目,409260.2645270567,4,52.68838550961821,荒川
墨田区|墨田4丁目,409260.2645270567,4,234.3892452476493,荒川
墨田区|墨田4丁目,409260.2645270567,4,26.555014511009297,荒川
墨田区|墨田4丁目,409260.2645270567,4,26.13350623205413,荒川
墨田区|墨田4丁目,409260.2645270567,4,52.47804492034188,荒川
墨田区|墨田4丁目,409260.2645270567,4,2664.019386909342,荒川
墨田区|墨田4丁目,409260.2645270567,4,25.92277886116525,荒川
墨田区|墨田4丁目,409260.2645270567,4,752.8826396337965,荒川
墨田区|墨田4丁目,409260.2645270567,4,51.64513808585106,荒川
墨田区|墨田4丁目,409260.2645270567,4,26.55532085914345,荒川
墨田区|墨田4丁目,409260.2645270567,4,79.03335282229139,荒川
墨田区|墨田4丁目,409260.2645270567,4,52.689294393468494,荒川
墨田区|墨田4丁目,409260.2645270567,4,26.13374800166332,荒川
墨田区|墨田4丁目,409260.2645270567,4,26.555470814074965,荒川
墨田区|墨田5丁目,428155.34789265576,2,722.4776705847019,荒川
墨田区|墨田5丁目,428155.34789265576,2,1767.0553939341435,荒川
墨田区|墨田5丁目,428155.34789265576,3,62425.37270482187,荒川
墨田区|墨田5丁目,428155.34789265576,3,1409.5282820697898,荒川
墨田区|墨田5丁目,428155.34789265576,3,51.6410834976878,荒川
墨田区|墨田5丁目,428155.34789265576,3,118.66959063573614,荒川
墨田区|墨田5丁目,428155.34789265576,3,651.1980016857644,荒川
墨田区|墨田5丁目,428155.34789265576,3,78.1907482782069,荒川
墨田区|墨田5丁目,428155.34789265576,4,1.4868730518087918,荒川
墨田区|墨田5丁目,428155.34789265576,4,12.135490052726857,荒川
墨田区|墨田5丁目,428155.34789265576,4,51.637422113863664,荒川
墨田区|墨田5丁目,428155.34789265576,4,205394.6172796862,荒川
墨田区|墨田5丁目,428155.34789265576,4,26.131506038224373,荒川
墨田区|墨田5丁目,428155.34789265576,4,15.107298048039665,荒川
墨田区|押上1丁目,191105.19674569622,1,221.1812632819099,荒川
墨田区|押上1丁目,191105.19674569622,1,9938.297559792547,荒川
墨田区|押上1丁目,191105.19674569622,1,210.8073936102476,荒川
墨田区|押上1丁目,191105.19674569622,2,153663.89522265267,荒川
墨田区|押上1丁目,191105.19674569622,2,419.31428458671627,荒川
墨田区|押上1丁目,191105.19674569622,2,14.209932919094712,荒川
墨田区|押上1丁目,191105.19674569622,2,52.49160850784958,荒川
墨田区|押上1丁目,191105.19674569622,2,26.562028199082505,荒川
墨田区|押上1丁目,191105.19674569622,3,20439.519840394067,荒川
墨田区|押上1丁目,191105.19674569622,3,360.17524208377745,荒川
墨田区|押上1丁目,191105.19674569622,3,705.8225992313048,荒川
墨田区|押上1丁目,191105.19674569622,3,25.517324024311677,荒川
墨田区|押上1丁目,191105.19674569622,3,26.56145554006654,荒川
墨田区|押上1丁目,191105.19674569622,3,26.140032765853555,荒川
墨田区|押上1丁目,191105.19674569622,3,26.561768942488307,荒川
墨田区|押上1丁目,191105.19674569622,3,3735.797267367223,荒川
墨田区|押上1丁目,191105.19674569622,3,26.14045831674279,荒川
墨田区|押上1丁目,191105.19674569622,3,25.929532835547935,荒川
墨田区|押上1丁目,191105.19674569622,3,183.41605020025733,荒川
墨田区|押上1丁目,191105.19674569622,3,25.929612221183728,荒川
墨田区|押上1丁目,191105.19674569622,3,130.29125812741972,荒川
墨田区|押上1丁目,191105.19674569622,3,78.8431638613159,荒川
墨田区|押上1丁目,191105.19674569622,3,25.51814922453172,荒川
墨田区|押上1丁目,191105.19674569622,4,189.79099702000872,荒川
墨田区|押上2丁目,170990.84534102917,2,122710.63459360138,荒川
墨田区|押上2丁目,170990.84534102917,2,77.7944545952765,荒川
墨田区|押上2丁目,170990.84534102917,2,418.66868871936595,荒川
墨田区|押上2丁目,170990.84534102917,2,524.2792976021485,荒川
墨田区|押上2丁目,170990.84534102917,2,495.8478350874561,荒川
墨田区|押上2丁目,170990.84534102917,2,53.12032549409797,荒川
墨田区|押上2丁目,170990.84534102917,3,36711.55760408783,荒川
墨田区|押上2丁目,170990.84534102917,3,1567.0420514956265,荒川
墨田区|押上2丁目,170990.84534102917,3,26.138341420798902,荒川
墨田区|押上2丁目,170990.84534102917,3,53.12007964163769,荒川
墨田区|押上2丁目,170990.84534102917,3,25.516026179858017,荒川
墨田区|押上2丁目,170990.84534102917,3,1826.045378024327,荒川
墨田区|押上2丁目,170990.84534102917,3,287.965075730249,荒川
墨田区|押上2丁目,170990.84534102917,3,606.5780444229772,荒川
墨田区|押上2丁目,170990.84534102917,3,26.138422162918495,荒川
墨田区|押上2丁目,170990.84534102917,3,182.76949664154012,荒川
墨田区|押上2丁目,170990.84534102917,3,1199.5482702926224,荒川
墨田区|押上2丁目,170990.84534102917,3,52.278165105553896,荒川
墨田区|押上2丁目,170990.84534102917,3,758.282666383444,荒川
墨田区|押上2丁目,170990.84534102917,3,340.25044600500405,荒川
墨田区|押上2丁目,170990.84534102917,3,26.560847923776635,荒川
墨田区|押上2丁目,170990.84534102917,3,1027.809511169926,荒川
墨田区|押上2丁目,170990.84534102917,3,848.5850259171098,荒川
墨田区|押上2丁目,170990.84534102917,3,26.13803967454746,荒川
墨田区|押上2丁目,170990.84534102917,3,24.9660773686686,荒川
墨田区|押上2丁目,170990.84534102917,3,79.04733825982474,荒川
墨田区|押上2丁目,170990.84534102917,4,25.928739710160034,荒川
墨田区|押上2丁目,170990.84534102917,4,988.2352478193543,荒川
墨田区|押上3丁目,195283.0111911951,2,39602.82458488583,荒川
墨田区|押上3丁目,195283.0111911951,2,3187.7968823809533,荒川
墨田区|押上3丁目,195283.0111911951,2,46.58483698335423,荒川
墨田区|押上3丁目,195283.0111911951,2,5.207755409174954,荒川
墨田区|押上3丁目,195283.0111911951,2,601.6789094146485,荒川
墨田区|押上3丁目,195283.0111911951,2,2773.242516314486,荒川
墨田区|押上3丁目,195283.0111911951,2,365.13631651856605,荒川
墨田区|押上3丁目,195283.0111911951,2,3300.4671546974746,荒川
墨田区|押上3丁目,195283.0111911951,2,2402.2648630129183,荒川
墨田区|押上3丁目,195283.0111911951,2,3395.637343763847,荒川
墨田区|押上3丁目,195283.0111911951,2,52.7002342052961,荒川
墨田区|押上3丁目,195283.0111911951,2,51.65652286198743,荒川
墨田区|押上3丁目,195283.0111911951,2,11.930350853697337,荒川
墨田区|押上3丁目,195283.0111911951,2,79.05176573009808,荒川
墨田区|押上3丁目,195283.0111911951,3,137397.4604387973,荒川
墨田区|押上3丁目,195283.0111911951,3,26.560541376839737,荒川
墨田区|押上3丁目,195283.0111911951,3,51.65599149110137,荒川
墨田区|押上3丁目,195283.0111911951,3,25.51682164585276,荒川
墨田区|押上3丁目,195283.0111911951,3,156.63661032759194,荒川
墨田区|押上3丁目,195283.0111911951,3,26.139509281779155,荒川
墨田区|押上3丁目,195283.0111911951,3,25.517686379242825,荒川
墨田区|押上3丁目,195283.0111911951,3,208.29679456058915,荒川
墨田区|押上3丁目,195283.0111911951,3,26.140095888230313,荒川
墨田区|押上3丁目,195283.0111911951,3,26.139951882596577,荒川
墨田区|押上3丁目,195283.0111911951,3,26.561577734882142,荒川
墨田区|押上3丁目,195283.0111911951,3,26.56178846979971,荒川
墨田区|押上3丁目,195283.0111911951,3,25.517598301671164,荒川
墨田区|押上3丁目,195283.0111911951,3,26.561604868976517,荒川
墨田区|押上3丁目,195283.0111911951,3,416.8058205504447,荒川
墨田区|押上3丁目,195283.0111911951,3,78.21912545187057,荒川
墨田区|押上3丁目,195283.0111911951,3,130.71055001348364,荒川
墨田区|押上3丁目,195283.0111911951,3,26.561727643048823,荒川
墨田区|押上3丁目,195283.0111911951,3,52.28066091615271,荒川
墨田区|押上3丁目,195283.0111911951,3,26.140126518966454,荒川
墨田区|押上3丁目,195283.0111911951,3,79.26412584851,荒川
墨田区|押上3丁目,195283.0111911951,3,51.658405057658705,荒川
墨田区|押上3丁目,195283.0111911951,3,26.140193501160628,荒川
墨田区|押上3丁目,195283.0111911951,3,103.9388936068715,荒川
墨田区|押上3丁目,195283.0111911951,3,78.00948616764764,荒川
墨田区|押上3丁目,195283.0111911951,3,26.561823279568333,荒川
墨田区|押上3丁目,195283.0111911951,3,78.84254289488929,荒川
墨田区|押上3丁目,195283.0111911951,3,26.140444550934106,荒川
墨田区|押上3丁目,195283.0111911951,3,104.150059606708,荒川
墨田区|押上3丁目,195283.0111911951,3,26.140214077911587,荒川
墨田区|京島1丁目,214937.02148386845,2,23064.68183423036,荒川
墨田区|京島1丁目,214937.02148386845,2,575.0567467002294,荒川
墨田区|京島1丁目,214937.02148386845,2,417.3832797605199,荒川
墨田区|京島1丁目,214937.02148386845,2,521.7391011522564,荒川
墨田区|京島1丁目,214937.02148386845,2,521.7319750598173,荒川
墨田区|京島1丁目,214937.02148386845,2,52.275083871869256,荒川
墨田区|京島1丁目,214937.02148386845,2,261.80812390527007,荒川
墨田区|京島1丁目,214937.02148386845,2,11019.453884666458,荒川
墨田区|京島1丁目,214937.02148386845,2,0.08701297385957432,荒川
墨田区|京島1丁目,214937.02148386845,2,1099.9444318224155,荒川
墨田区|京島1丁目,214937.02148386845,2,26.559442155961257,荒川
墨田区|京島1丁目,214937.02148386845,2,2350.658522587258,荒川
墨田区|京島1丁目,214937.02148386845,2,339.8123353321288,荒川
墨田区|京島1丁目,214937.02148386845,2,337.73795811100524,荒川
墨田区|京島1丁目,214937.02148386845,2,4550.213458922628,荒川
墨田区|京島1丁目,214937.02148386845,2,625.8871484497105,荒川
墨田区|京島1丁目,214937.02148386845,2,4209.144776235609,荒川
墨田区|京島1丁目,214937.02148386845,2,1618.3736713384462,荒川
墨田区|京島1丁目,214937.02148386845,2,25.92754067659812,荒川
墨田区|京島1丁目,214937.02148386845,2,10360.930399884439,荒川
墨田区|京島1丁目,214937.02148386845,2,234.0025985469784,荒川
墨田区|京島1丁目,214937.02148386845,2,630.0870434843617,荒川
墨田区|京島1丁目,214937.02148386845,3,147331.35489830957,荒川
墨田区|京島1丁目,214937.02148386845,3,26.138220505853646,荒川
墨田区|京島1丁目,214937.02148386845,3,51.44336273753092,荒川
墨田区|京島1丁目,214937.02148386845,3,122.63024206287044,荒川
墨田区|京島1丁目,214937.02148386845,3,26.138632612476783,荒川
墨田区|京島1丁目,214937.02148386845,3,26.560233506317076,荒川
墨田区|京島1丁目,214937.02148386845,3,25.516104404814513,荒川
墨田区|京島1丁目,214937.02148386845,3,26.13884717970904,荒川
墨田区|京島1丁目,214937.02148386845,3,50.513945617321504,荒川
墨田区|京島1丁目,214937.02148386845,3,4380.953418857722,荒川
墨田区|京島1丁目,214937.02148386845,3,26.13807271494074,荒川
墨田区|京島2丁目,76331.59833335875,2,25.928099898137408,荒川
墨田区|京島2丁目,76331.59833335875,2,78.21638310940538,荒川
墨田区|京島2丁目,76331.59833335875,2,365.34695283958564,荒川
墨田区|京島2丁目,76331.59833335875,2,1703.1266647058233,荒川
墨田区|京島2丁目,76331.59833335875,2,29178.83127440589,荒川
墨田区|京島2丁目,76331.59833335875,3,43722.36337931213,荒川
墨田区|京島2丁目,76331.59833335875,3,2.1857185644643056,荒川
墨田区|京島2丁目,76331.59833335875,3,26.5606427633042,荒川
墨田区|京島2丁目,76331.59833335875,3,26.56043179350853,荒川
墨田区|京島2丁目,76331.59833335875,3,26.138904595429455,荒川
墨田区|京島2丁目,76331.59833335875,3,25.92833957578189,荒川
墨田区|京島2丁目,76331.59833335875,3,731.9447252053536,荒川
墨田区|京島2丁目,76331.59833335875,3,130.91623220061177,荒川
墨田区|京島2丁目,76331.59833335875,3,260.9898662887097,荒川
墨田区|京島2丁目,76331.59833335875,3,26.56071810566909,荒川
墨田区|京島3丁目,181173.87910368122,2,472.20475462034574,荒川
墨田区|京島3丁目,181173.87910368122,2,26.138887147066914,荒川
墨田区|京島3丁目,181173.87910368122,2,2586.6556583314605,荒川
墨田区|京島3丁目,181173.87910368122,3,178088.87980358241,荒川
墨田区|文花1丁目,243307.10680746083,1,370.67106552682,荒川
墨田区|文花1丁目,243307.10680746083,1,36.26543804379898,荒川
墨田区|文花1丁目,243307.10680746083,2,192069.6782034303,荒川
墨田区|文花1丁目,243307.10680746083,2,471.5891358900435,荒川
墨田区|文花1丁目,243307.10680746083,2,947.6219702529638,荒川
墨田区|文花1丁目,243307.10680746083,2,675.3135239879081,荒川
墨田区|文花1丁目,243307.10680746083,2,444.2028015976277,荒川
墨田区|文花1丁目,243307.10680746083,2,2486.6448326415752,荒川
墨田区|文花1丁目,243307.10680746083,2,36.944669252560516,荒川
墨田区|文花1丁目,243307.10680746083,3,40117.20385693186,荒川
墨田区|文花1丁目,243307.10680746083,3,26.56164559504282,荒川
墨田区|文花1丁目,243307.10680746083,3,51.44721394261445,荒川
墨田区|文花1丁目,243307.10680746083,3,25.51803962785392,荒川
墨田区|文花1丁目,243307.10680746083,3,26.140457714319936,荒川
墨田区|文花1丁目,243307.10680746083,3,51.65856361642523,荒川
墨田区|文花1丁目,243307.10680746083,3,1674.1436346750556,荒川
墨田区|文花1丁目,243307.10680746083,3,391.5045670420342,荒川
墨田区|文花1丁目,243307.10680746083,3,26.562027556836483,荒川
墨田区|文花1丁目,243307.10680746083,3,497.123807418896,荒川
墨田区|文花1丁目,243307.10680746083,3,59.1911447610519,荒川
墨田区|文花1丁目,243307.10680746083,3,2821.1202079553054,荒川
墨田区|文花2丁目,154330.4035890086,2,46578.95906121585,荒川
墨田区|文花2丁目,154330.4035890086,2,130.7152421186791,荒川
墨田区|文花2丁目,154330.4035890086,2,2179.2127339461285,荒川
墨田区|文花2丁目,154330.4035890086,2,1120.9616788567423,荒川
墨田区|文花2丁目,154330.4035890086,2,601.0608449717942,荒川
墨田区|文花2丁目,154330.4035890086,3,103299.95969673898,荒川
墨田区|文花2丁目,154330.4035890086,3,26.56272262026604,荒川
墨田区|文花2丁目,154330.4035890086,3,314.54854640365846,荒川
墨田区|文花2丁目,154330.4035890086,3,25.930130306002546,荒川
墨田区|文花2丁目,154330.4035890086,3,52.49293183057985,荒川
墨田区|文花3丁目,84289.75530658952,2,15.023878767366362,荒川
墨田区|文花3丁目,84289.75530658952,3,84274.7314278221,荒川
墨田区|八広1丁目,168296.83251046756,2,993.8901568955787,荒川
墨田区|八広1丁目,168296.83251046756,2,2225.146641502905,荒川
墨田区|八広1丁目,168296.83251046756,2,1310.0892763920485,荒川
墨田区|八広1丁目,168296.83251046756,2,442.06826043511103,荒川
墨田区|八広1丁目,168296.83251046756,3,163325.6381752419,荒川
墨田区|八広2丁目,182332.9742450939,3,182332.97424509388,荒川
墨田区|八広3丁目,141219.4584299644,3,141219.45842996435,荒川
墨田区|八広4丁目,179157.1631637369,3,179157.1631637369,荒川
墨田区|八広5丁目,159309.26182309247,2,11159.299644858056,荒川
墨田区|八広5丁目,159309.26182309247,2,313.44038359850356,荒川
墨田区|八広5丁目,159309.26182309247,2,25.9243774171616,荒川
墨田区|八広5丁目,159309.26182309247,2,208.89186086360576,荒川
墨田区|八広5丁目,159309.26182309247,2,26.556917394984698,荒川
墨田区|八広5丁目,159309.26182309247,2,261.3779791100394,荒川
墨田区|八広5丁目,159309.26182309247,3,147105.72142416617,荒川
墨田区|八広5丁目,159309.26182309247,3,25.5130851097015,荒川
墨田区|八広5丁目,159309.26182309247,3,53.11339953415993,荒川
墨田区|八広5丁目,159309.26182309247,3,25.92462311045029,荒川
墨田区|八広5丁目,159309.26182309247,3,77.57343083454205,荒川
墨田区|八広5丁目,159309.26182309247,3,25.924697095028893,荒川
墨田区|八広6丁目,354704.22710095113,3,194175.30935031667,荒川
墨田区|八広6丁目,354704.22710095113,3,25.512092614295163,荒川
墨田区|八広6丁目,354704.22710095113,3,105.17224427919334,荒川
墨田区|八広6丁目,354704.22710095113,4,759.2161950673197,荒川
墨田区|八広6丁目,354704.22710095113,4,131.09596243137187,荒川
墨田区|八広6丁目,354704.22710095113,4,549.7075556486935,荒川
墨田区|八広6丁目,354704.22710095113,4,104.76030548374919,荒川
墨田区|八広6丁目,354704.22710095113,4,730.7871821229595,荒川
墨田区|八広6丁目,354704.22710095113,4,79.24876123467924,荒川
墨田区|八広6丁目,354704.22710095113,4,210.1456830357041,荒川
墨田区|八広6丁目,354704.22710095113,4,445.37522096507064,荒川
墨田区|八広6丁目,354704.22710095113,4,127.09410192659769,荒川
墨田区|八広6丁目,354704.22710095113,4,38.52252927939881,荒川
墨田区|八広6丁目,354704.22710095113,4,1804.3108957810975,荒川
墨田区|八広6丁目,354704.22710095113,4,551.7936852569239,荒川
墨田区|八広6丁目,354704.22710095113,4,26.133949371273918,荒川
墨田区|八広6丁目,354704.22710095113,4,105.37955327396688,荒川
墨田区|八広6丁目,354704.22710095113,4,1802.327591902943,荒川
墨田区|八広6丁目,354704.22710095113,4,2195.008833040394,荒川
墨田区|八広6丁目,354704.22710095113,4,26.13428517532549,荒川
墨田区|八広6丁目,354704.22710095113,4,52.47994934903509,荒川
墨田区|八広6丁目,354704.22710095113,4,25.923657918386418,荒川
墨田区|八広6丁目,354704.22710095113,4,25.923657873855035,荒川
墨田区|八広6丁目,354704.22710095113,4,156.4058487636409,荒川
墨田区|八広6丁目,354704.22710095113,4,26.556248446368155,荒川
墨田区|八広6丁目,354704.22710095113,4,104.12708345181944,荒川
墨田区|八広6丁目,354704.22710095113,4,104.3378647999541,荒川
墨田区|八広6丁目,354704.22710095113,4,783.6727199368187,荒川
墨田区|立花1丁目,210013.1350780829,2,85320.0510749813,荒川
墨田区|立花1丁目,210013.1350780829,2,444.43271561606184,荒川
墨田区|立花1丁目,210013.1350780829,2,5499.03177745225,荒川
墨田区|立花1丁目,210013.1350780829,3,118115.66844020961,荒川
墨田区|立花1丁目,210013.1350780829,3,285.070515679561,荒川
墨田区|立花1丁目,210013.1350780829,3,77.80295214785268,荒川
墨田区|立花1丁目,210013.1350780829,3,104.15621129640363,荒川
墨田区|立花1丁目,210013.1350780829,3,25.519366214001096,荒川
墨田区|立花1丁目,210013.1350780829,3,0.4468683091440766,荒川
墨田区|立花1丁目,210013.1350780829,3,2.7933426306844606,荒川
墨田区|立花1丁目,210013.1350780829,3,26.563751596827448,荒川
墨田区|立花1丁目,210013.1350780829,3,8.903857978044972,荒川
墨田区|立花1丁目,210013.1350780829,3,2.2665723756937544,荒川
墨田区|立花1丁目,210013.1350780829,3,4.182645262171272,荒川
墨田区|立花1丁目,210013.1350780829,3,26.563731547802607,荒川
墨田区|立花1丁目,210013.1350780829,3,10.159940486017566,荒川
墨田区|立花1丁目,210013.1350780829,3,9.240212696682573,荒川
墨田区|立花1丁目,210013.1350780829,3,25.519719973810986,荒川
墨田区|立花1丁目,210013.1350780829,3,10.418886765053522,荒川
墨田区|立花1丁目,210013.1350780829,3,14.342801847473538,荒川
墨田区|立花2丁目,87374.10856723964,2,367.0395892380679,荒川
墨田区|立花2丁目,87374.10856723964,2,2013.627669944303,荒川
墨田区|立花2丁目,87374.10856723964,2,705.0167394588121,荒川
墨田区|立花2丁目,87374.10856723964,2,891.1598094678245,荒川
墨田区|立花2丁目,87374.10856723964,2,943.0190560104248,荒川
墨田区|立花2丁目,87374.10856723964,3,82454.24570312024,荒川
墨田区|立花3丁目,147766.77085435623,2,3982.5684910937657,荒川
墨田区|立花3丁目,147766.77085435623,2,207.89336786705826,荒川
墨田区|立花3丁目,147766.77085435623,2,312.4580444265854,荒川
墨田区|立花3丁目,147766.77085435623,2,1646.160617491546,荒川
墨田区|立花3丁目,147766.77085435623,2,549.4235303908093,荒川
墨田区|立花3丁目,147766.77085435623,2,13463.527274169768,荒川
墨田区|立花3丁目,147766.77085435623,2,335.62385830916554,荒川
墨田区|立花3丁目,147766.77085435623,2,191.35876947860106,荒川
墨田区|立花3丁目,147766.77085435623,3,122948.33128699909,荒川
墨田区|立花3丁目,147766.77085435623,3,79.05783999788966,荒川
墨田区|立花3丁目,147766.77085435623,3,26.141897116631924,荒川
墨田区|立花3丁目,147766.77085435623,4,626.3823517804635,荒川
墨田区|立花3丁目,147766.77085435623,4,156.0217009860857,荒川
墨田区|立花3丁目,147766.77085435623,4,105.19615758316291,荒川
墨田区|立花3丁目,147766.77085435623,4,52.28181726890693,荒川
墨田区|立花3丁目,147766.77085435623,4,26.562463117936726,荒川
墨田区|立花3丁目,147766.77085435623,4,26.563049672781656,荒川
墨田区|立花3丁目,147766.77085435623,4,2716.6505967720386,荒川
墨田区|立花3丁目,147766.77085435623,4,79.05771322263251,荒川
墨田区|立花3丁目,147766.77085435623,4,26.563485986097316,荒川
墨田区|立花3丁目,147766.77085435623,4,103.3234444483579,荒川
墨田区|立花3丁目,147766.77085435623,4,79.05873224470695,荒川
墨田区|立花3丁目,147766.77085435623,4,26.563704273457056,荒川
墨田区|立花4丁目,183981.50835490605,2,402.5342033206777,荒川
墨田区|立花4丁目,183981.50835490605,3,182710.63621904037,荒川
墨田区|立花4丁目,183981.50835490605,4,105.40620943751456,荒川
墨田区|立花4丁目,183981.50835490605,4,26.561942313636337,荒川
墨田区|立花4丁目,183981.50835490605,4,78.84345625527558,荒川
墨田区|立花4丁目,183981.50835490605,4,368.70538541138404,荒川
墨田区|立花4丁目,183981.50835490605,4,26.562223850753227,荒川
墨田区|立花4丁目,183981.50835490605,4,105.40507903590488,荒川
墨田区|立花4丁目,183981.50835490605,4,79.05414913339229,荒川
墨田区|立花4丁目,183981.50835490605,4,77.79948710707257,荒川
墨田区|立花5丁目,230175.63053227644,2,36771.134048786145,荒川
墨田区|立花5丁目,230175.63053227644,2,4647.697700191178,荒川
墨田区|立花5丁目,230175.63053227644,2,130.0725347673117,荒川
墨田区|立花5丁目,230175.63053227644,2,2953.5213378419066,荒川
墨田区|立花5丁目,230175.63053227644,2,339.18924186562964,荒川
墨田区|立花5丁目,230175.63053227644,3,183979.08892035848,荒川
墨田区|立花5丁目,230175.63053227644,3,26.561132864275493,荒川
墨田区|立花5丁目,230175.63053227644,3,25.51696838962819,荒川
墨田区|立花6丁目,158290.8559893967,2,12567.971883745437,荒川
墨田区|立花6丁目,158290.8559893967,2,12622.641560907728,荒川
墨田区|立花6丁目,158290.8559893967,2,628.4407142653632,荒川
墨田区|立花6丁目,158290.8559893967,2,2693.000437065286,荒川
墨田区|立花6丁目,158290.8559893967,2,4606.851634429259,荒川
墨田区|立花6丁目,158290.8559893967,2,1953.9579732831744,荒川
墨田区|立花6丁目,158290.8559893967,2,1542.3925150600842,荒川
墨田区|立花6丁目,158290.8559893967,2,371.91790775996844,荒川
墨田区|立花6丁目,158290.8559893967,3,120599.11968844688,荒川
墨田区|立花6丁目,158290.8559893967,3,496.4750505029174,荒川
墨田区|立花6丁目,158290.8559893967,3,26.561331177628126,荒川
墨田区|立花6丁目,158290.8559893967,4,155.38601259086218,荒川
墨田区|立花6丁目,158290.8559893967,4,26.14040335462583,荒川
墨田区|東墨田1丁目,114573.44327012858,2,77943.48826839075,荒川
墨田区|東墨田1丁目,114573.44327012858,2,6744.223822867434,荒川
墨田区|東墨田1丁目,114573.44327012858,2,601.0138599494794,荒川
墨田区|東墨田1丁目,114573.44327012858,3,29233.06333862275,荒川
墨田区|東墨田1丁目,114573.44327012858,3,51.65398029827618,荒川
墨田区|東墨田2丁目,289206.4418974452,2,730.2264554174185,荒川
墨田区|東墨田2丁目,289206.4418974452,2,27673.629184347825,荒川
墨田区|東墨田2丁目,289206.4418974452,2,2508.320071826771,荒川
墨田区|東墨田2丁目,289206.4418974452,2,1674.9999988460897,荒川
墨田区|東墨田2丁目,289206.4418974452,3,176973.2851946022,荒川
墨田区|東墨田2丁目,289206.4418974452,3,158.0865392230578,荒川
墨田区|東墨田2丁目,289206.4418974452,3,104.96988968204236,荒川
墨田区|東墨田2丁目,289206.4418974452,3,26.55883476268773,荒川
墨田区|東墨田2丁目,289206.4418974452,3,25.51516891246871,荒川
墨田区|東墨田2丁目,289206.4418974452,4,238.19920398509498,荒川
墨田区|東墨田2丁目,289206.4418974452,4,13.7487047752354,荒川
墨田区|東墨田3丁目,407692.6731708591,2,58270.577610232096,荒川
墨田区|東墨田3丁目,407692.6731708591,2,16834.75213882349,荒川
墨田区|東墨田3丁目,407692.6731708591,3,156392.71791808782,荒川
墨田区|東墨田3丁目,407692.6731708591,3,77.78918383683543,荒川
墨田区|東墨田3丁目,407692.6731708591,3,52.48513094900223,荒川
墨田区|東墨田3丁目,407692.6731708591,3,53.11881448612925,荒川
墨田区|東墨田3丁目,407692.6731708591,3,341.76027349608347,荒川
墨田区|東墨田3丁目,407692.6731708591,3,11.397760895468277,荒川
墨田区|東墨田3丁目,407692.6731708591,4,392.5037572243794,荒川
墨田区|東墨田3丁目,407692.6731708591,4,52.48576146593231,荒川
墨田区|東墨田3丁目,407692.6731708591,4,25.51544419993955,荒川
墨田区|東墨田3丁目,407692.6731708591,4,26.137574709037338,荒川
墨田区|東墨田3丁目,407692.6731708591,4,25.515277788970202,荒川
墨田区|東墨田3丁目,407692.6731708591,4,52.69701525779463,荒川
墨田区|東墨田3丁目,407692.6731708591,4,79.25645652082117,荒川
墨田区|東墨田3丁目,407692.6731708591,4,51.442377375850334,荒川
墨田区|東墨田3丁目,407692.6731708591,4,25.9268546162804,荒川
墨田区|東墨田3丁目,407692.6731708591,4,340.6441277151115,荒川
墨田区|東墨田3丁目,407692.6731708591,4,235.24973013254353,荒川
江東区|清澄1丁目,98557.14046610614,1,768.3765606176726,荒川
江東区|清澄1丁目,98557.14046610614,1,207.32377298257242,荒川
江東区|清澄1丁目,98557.14046610614,1,1336.4021875569354,荒川
江東区|清澄1丁目,98557.14046610614,1,209.0009997815946,荒川
江東区|清澄1丁目,98557.14046610614,1,183.4754018284575,荒川
江東区|清澄1丁目,98557.14046610614,1,430.9077373043494,荒川
江東区|清澄1丁目,98557.14046610614,1,52.50966197873851,荒川
江東区|清澄1丁目,98557.14046610614,1,208.36946565189402,荒川
江東区|清澄1丁目,98557.14046610614,1,652.1063299074941,荒川
江東区|清澄1丁目,98557.14046610614,1,1678.4759170547752,荒川
江東区|清澄1丁目,98557.14046610614,1,990.6099285648311,荒川
江東区|清澄1丁目,98557.14046610614,1,1072.4053077154924,荒川
江東区|清澄1丁目,98557.14046610614,1,338.71048952919386,荒川
江東区|清澄1丁目,98557.14046610614,1,6279.011402207699,荒川
江東区|清澄1丁目,98557.14046610614,2,36389.02923375049,荒川
江東区|清澄1丁目,98557.14046610614,2,313.8098489886272,荒川
江東区|清澄1丁目,98557.14046610614,2,105.65243362251951,荒川
江東区|清澄1丁目,98557.14046610614,2,26.14947357169262,荒川
江東区|清澄1丁目,98557.14046610614,2,103.35408376006677,荒川
江東区|清澄1丁目,98557.14046610614,2,261.9212249374728,荒川
江東区|清澄1丁目,98557.14046610614,2,26.57083611668372,荒川
江東区|清澄2丁目,99353.5936907212,1,438.26869729858765,荒川
江東区|清澄2丁目,99353.5936907212,1,0.05191871291733403,荒川
江東区|清澄2丁目,99353.5936907212,1,3.2347903873982364,荒川
江東区|清澄2丁目,99353.5936907212,1,460.7305623754528,荒川
江東区|清澄2丁目,99353.5936907212,1,12047.666174992673,荒川
江東区|清澄2丁目,99353.5936907212,1,702.1148907444588,荒川
江東区|清澄2丁目,99353.5936907212,1,2091.6122163009127,荒川
江東区|清澄2丁目,99353.5936907212,1,29.698126159634956,荒川
江東区|清澄2丁目,99353.5936907212,1,940.2792400034923,荒川
江東区|清澄2丁目,99353.5936907212,1,208.79942624917965,荒川
江東区|清澄2丁目,99353.5936907212,1,26.57183730460385,荒川
江東区|清澄2丁目,99353.5936907212,1,2.656854131080705,荒川
江東区|清澄2丁目,99353.5936907212,2,60290.400523034135,荒川
江東区|清澄2丁目,99353.5936907212,2,105.2311779857173,荒川
江東区|清澄2丁目,99353.5936907212,2,209.62962492250156,荒川
江東区|清澄2丁目,99353.5936907212,2,130.54853737622096,荒川
江東区|清澄2丁目,99353.5936907212,2,26.57150989824826,荒川
江東区|清澄2丁目,99353.5936907212,2,1749.8589732129058,荒川
江東区|清澄2丁目,99353.5936907212,2,2873.064841371831,荒川
江東区|清澄2丁目,99353.5936907212,2,26.149982100641417,荒川
江東区|清澄2丁目,99353.5936907212,2,26.572021354721006,荒川
江東区|清澄3丁目,107188.61762381902,1,959.9936931334399,荒川
江東区|清澄3丁目,107188.61762381902,1,462.5807537974732,荒川
江東区|清澄3丁目,107188.61762381902,1,289.69356070454165,荒川
江東区|清澄3丁目,107188.61762381902,1,4.336019707497739,荒川
江東区|清澄3丁目,107188.61762381902,1,498.324060276504,荒川
江東区|清澄3丁目,107188.61762381902,1,544.8770712278806,荒川
江東区|清澄3丁目,107188.61762381902,1,653.7637371369786,荒川
江東区|清澄3丁目,107188.61762381902,1,322.2931710602695,荒川
江東区|清澄3丁目,107188.61762381902,1,338.23619002753634,荒川
江東区|清澄3丁目,107188.61762381902,1,26.57187795260502,荒川
江東区|清澄3丁目,107188.61762381902,1,926.9631344248553,荒川
江東区|清澄3丁目,107188.61762381902,2,85688.42641663301,荒川
江東区|清澄3丁目,107188.61762381902,2,77.40202300040924,荒川
江東区|清澄3丁目,107188.61762381902,2,77.40559649077441,荒川
江東区|清澄3丁目,107188.61762381902,2,26.149940452061006,荒川
江東区|清澄3丁目,107188.61762381902,2,25.939400289324567,荒川
江東区|清澄3丁目,107188.61762381902,3,495.20290909829566,荒川
江東区|清澄3丁目,107188.61762381902,3,11195.363789333649,荒川
江東区|清澄3丁目,107188.61762381902,3,26.150272152526355,荒川
江東区|清澄3丁目,107188.61762381902,3,25.527506433313892,荒川
江東区|清澄3丁目,107188.61762381902,3,25.527712180400783,荒川
江東区|清澄3丁目,107188.61762381902,3,26.149659085393466,荒川
江東区|常盤1丁目,80624.25269541466,1,3067.638655926159,荒川
江東区|常盤1丁目,80624.25269541466,1,273.0665158292196,荒川
江東区|常盤1丁目,80624.25269541466,1,884.4976735045054,荒川
江東区|常盤1丁目,80624.25269541466,1,577.398776062178,荒川
江東区|常盤1丁目,80624.25269541466,1,1177.173116758071,荒川
江東区|常盤1丁目,80624.25269541466,1,392.6724619471579,荒川
江東区|常盤1丁目,80624.25269541466,1,1361.3031259123259,荒川
江東区|常盤1丁目,80624.25269541466,1,653.7596273798307,荒川
江東区|常盤1丁目,80624.25269541466,1,26.14866768910027,荒川
江東区|常盤1丁目,80624.25269541466,1,314.8488991040339,荒川
江東区|常盤1丁目,80624.25269541466,1,553.5686297382508,荒川
江東区|常盤1丁目,80624.25269541466,1,620.3246489311173,荒川
江東区|常盤1丁目,80624.25269541466,1,627.3915921027061,荒川
江東区|常盤1丁目,80624.25269541466,1,839.5211278874875,荒川
江東区|常盤1丁目,80624.25269541466,2,60729.485619606334,荒川
江東区|常盤1丁目,80624.25269541466,2,273.22627143257233,荒川
江東区|常盤2丁目,55535.9151727182,1,1445.0077155573094,荒川
江東区|常盤2丁目,55535.9151727182,1,52.68142269746352,荒川
江東区|常盤2丁目,55535.9151727182,1,67.31761950987232,荒川
江東区|常盤2丁目,55535.9151727182,2,51538.29017885936,荒川
江東区|常盤2丁目,55535.9151727182,2,26.57057516393651,荒川
江東区|新大橋1丁目,87294.49719348604,1,495.3552569766706,荒川
江東区|新大橋1丁目,87294.49719348604,1,1308.686114616329,荒川
江東区|新大橋1丁目,87294.49719348604,1,3131.7502798151436,荒川
江東区|新大橋1丁目,87294.49719348604,1,940.5263157491056,荒川
江東区|新大橋1丁目,87294.49719348604,1,52.29424510829469,荒川
江東区|新大橋1丁目,87294.49719348604,1,2576.881866159184,荒川
江東区|新大橋1丁目,87294.49719348604,1,392.87097198889006,荒川
江東区|新大橋1丁目,87294.49719348604,1,1295.455138239924,荒川
江東区|新大橋1丁目,87294.49719348604,1,16.12617536683691,荒川
江東区|新大橋1丁目,87294.49719348604,1,196.248114307461,荒川
江東区|新大橋1丁目,87294.49719348604,1,194.91617811797647,荒川
江東区|新大橋1丁目,87294.49719348604,1,340.15038111166655,荒川
江東区|新大橋1丁目,87294.49719348604,1,104.39028353649319,荒川
江東区|新大橋1丁目,87294.49719348604,1,2533.459355376537,荒川
江東区|新大橋1丁目,87294.49719348604,1,442.24156294181245,荒川
江東区|新大橋1丁目,87294.49719348604,2,60227.80693127271,荒川
江東区|新大橋1丁目,87294.49719348604,2,207.6705925032469,荒川
江東区|新大橋1丁目,87294.49719348604,2,497.45726952990253,荒川
江東区|新大橋1丁目,87294.49719348604,2,66.29542944001051,荒川
江東区|新大橋1丁目,87294.49719348604,3,52.504602699175415,荒川
江東区|新大橋1丁目,87294.49719348604,3,104.17557700622118,荒川
江東区|新大橋1丁目,87294.49719348604,3,506.48162300729973,荒川
江東区|新大橋2丁目,57003.4068131198,2,57003.406813119786,荒川
江東区|新大橋3丁目,56607.104839947686,1,548.9226822922333,荒川
江東区|新大橋3丁目,56607.104839947686,1,138.8673523357466,荒川
江東区|新大橋3丁目,56607.104839947686,1,1089.9855182866834,荒川
江東区|新大橋3丁目,56607.104839947686,1,26.147258362665717,荒川
江東区|新大橋3丁目,56607.104839947686,1,967.3164766018515,荒川
江東区|新大橋3丁目,56607.104839947686,2,53835.86511092547,荒川
江東区|森下1丁目,47453.3827230081,1,566.2943657762047,荒川
江東区|森下1丁目,47453.3827230081,1,628.6328020103363,荒川
江東区|森下1丁目,47453.3827230081,1,244.87524715985813,荒川
江東区|森下1丁目,47453.3827230081,2,45999.58915335479,荒川
江東区|森下2丁目,70948.65533472337,1,580.07892258024,荒川
江東区|森下2丁目,70948.65533472337,1,242.6670804737493,荒川
江東区|森下2丁目,70948.65533472337,2,69596.82620639863,荒川
江東区|森下3丁目,129908.64412562882,1,1430.3889552544563,荒川
江東区|森下3丁目,129908.64412562882,1,333.285228419367,荒川
江東区|森下3丁目,129908.64412562882,1,487.24129205585956,荒川
江東区|森下3丁目,129908.64412562882,1,690.9362789938616,荒川
江東区|森下3丁目,129908.64412562882,2,126561.9608006669,荒川
江東区|森下4丁目,93063.24430170638,1,857.6005197890106,荒川
江東区|森下4丁目,93063.24430170638,1,572.7982691160571,荒川
江東区|森下4丁目,93063.24430170638,1,520.0751191641662,荒川
江東区|森下4丁目,93063.24430170638,1,625.7093162317203,荒川
江東区|森下4丁目,93063.24430170638,2,86501.30924849414,荒川
江東区|森下4丁目,93063.24430170638,2,78.86734765780251,荒川
江東区|森下5丁目,88418.71073996754,1,2194.3967127893948,荒川
江東区|森下5丁目,88418.71073996754,1,716.1601086772641,荒川
江東区|森下5丁目,88418.71073996754,1,1310.6434948733454,荒川
江東区|森下5丁目,88418.71073996754,2,82234.76153262219,荒川
江東区|平野1丁目,51483.23102451244,1,35.98432188887323,荒川
江東区|平野1丁目,51483.23102451244,1,1437.0332041896952,荒川
江東区|平野1丁目,51483.23102451244,1,146.279595121101,荒川
江東区|平野1丁目,51483.23102451244,1,191.96812683462718,荒川
江東区|平野1丁目,51483.23102451244,1,46.57189033081624,荒川
江東区|平野1丁目,51483.23102451244,2,48754.57317625247,荒川
江東区|平野1丁目,51483.23102451244,2,26.572258917408234,荒川
江東区|平野2丁目,110016.79533650594,1,94.64725492367205,荒川
江東区|平野2丁目,110016.79533650594,1,1512.9702417979584,荒川
江東区|平野2丁目,110016.79533650594,1,35.361524863844174,荒川
江東区|平野2丁目,110016.79533650594,1,146.0575296449636,荒川
江東区|平野2丁目,110016.79533650594,1,521.5976373658368,荒川
江東区|平野2丁目,110016.79533650594,1,503.5219156976686,荒川
江東区|平野2丁目,110016.79533650594,1,88.1259954749527,荒川
江東区|平野2丁目,110016.79533650594,2,105892.9426734838,荒川
江東区|平野3丁目,77582.72415010436,1,335.04424697734095,荒川
江東区|平野3丁目,77582.72415010436,1,316.8802505620384,荒川
江東区|平野3丁目,77582.72415010436,1,74.96006150836992,荒川
江東区|平野3丁目,77582.72415010436,2,76752.27997049892,荒川
江東区|平野3丁目,77582.72415010436,3,26.150926604512037,荒川
江東区|平野3丁目,77582.72415010436,3,77.40765450682781,荒川
江東区|平野4丁目,125384.19078520588,1,26.572255499983793,荒川
江東区|平野4丁目,125384.19078520588,1,1379.5105938803972,荒川
江東区|平野4丁目,125384.19078520588,1,181.185801003997,荒川
江東区|平野4丁目,125384.19078520588,1,808.843965656241,荒川
江東区|平野4丁目,125384.19078520588,1,237.46558703291464,荒川
江東区|平野4丁目,125384.19078520588,1,810.10301570668,荒川
江東区|平野4丁目,125384.19078520588,1,1206.9987167052354,荒川
江東区|平野4丁目,125384.19078520588,1,606.5339036834396,荒川
江東区|平野4丁目,125384.19078520588,1,1047.1619975237682,荒川
江東区|平野4丁目,125384.19078520588,1,1538.1742026531401,荒川
江東区|平野4丁目,125384.19078520588,1,144.25099744211713,荒川
江東区|平野4丁目,125384.19078520588,1,16531.24733873229,荒川
江東区|平野4丁目,125384.19078520588,1,135.28498877033707,荒川
江東区|平野4丁目,125384.19078520588,1,129.50622137898063,荒川
江東区|平野4丁目,125384.19078520588,2,80048.00996244542,荒川
江東区|平野4丁目,125384.19078520588,2,26.572574875817455,荒川
江東区|平野4丁目,125384.19078520588,2,263.19926059294505,荒川
江東区|三好1丁目,32854.31962228136,2,32854.31962228136,荒川
江東区|三好2丁目,51502.04372263609,2,51502.04372263609,荒川
江東区|三好3丁目,64494.71136197036,2,64494.711361970374,荒川
江東区|三好4丁目,75392.46120605388,1,187.93031639630107,荒川
江東区|三好4丁目,75392.46120605388,1,131.59136758115145,荒川
江東区|三好4丁目,75392.46120605388,1,131.79142401209924,荒川
江東区|三好4丁目,75392.46120605388,2,74543.43383758423,荒川
江東区|白河1丁目,68870.6332071132,1,1458.3148945377184,荒川
江東区|白河1丁目,68870.6332071132,1,71.81085994205128,荒川
江東区|白河1丁目,68870.6332071132,1,4887.852393643222,荒川
江東区|白河1丁目,68870.6332071132,1,1070.4996103039337,荒川
江東区|白河1丁目,68870.6332071132,1,252.3920147023966,荒川
江東区|白河1丁目,68870.6332071132,2,54206.21511819017,荒川
江東区|白河1丁目,68870.6332071132,2,76.9901903958667,荒川
江東区|白河1丁目,68870.6332071132,2,316.31546321973957,荒川
江東区|白河1丁目,68870.6332071132,2,26.57069715002133,荒川
江東区|白河2丁目,80553.90431436057,1,2316.143755463431,荒川
江東区|白河2丁目,80553.90431436057,1,419.03420013242777,荒川
江東区|白河2丁目,80553.90431436057,1,192.7348294814891,荒川
江東区|白河2丁目,80553.90431436057,1,389.3315162804094,荒川
江東区|白河2丁目,80553.90431436057,1,1589.8952796736135,荒川
江東区|白河2丁目,80553.90431436057,2,73687.57001338246,荒川
江東区|白河2丁目,80553.90431436057,2,238.19131264368042,荒川
江東区|白河2丁目,80553.90431436057,2,105.43858735457509,荒川
江東区|白河3丁目,81112.22620018377,1,896.1356989117353,荒川
江東区|白河3丁目,81112.22620018377,1,309.29060904125345,荒川
江東区|白河3丁目,81112.22620018377,1,1095.806571831242,荒川
江東区|白河3丁目,81112.22620018377,1,469.6646092411745,荒川
江東区|白河3丁目,81112.22620018377,1,174.83573252530957,荒川
江東区|白河3丁目,81112.22620018377,1,280.2316748556948,荒川
江東区|白河3丁目,81112.22620018377,2,75627.97303023722,荒川
江東区|白河3丁目,81112.22620018377,2,75.82443104991576,荒川
江東区|白河4丁目,100417.73088129525,1,16934.22383442551,荒川
江東区|白河4丁目,100417.73088129525,1,135.532679236126,荒川
江東区|白河4丁目,100417.73088129525,2,77759.07980690479,荒川
江東区|白河4丁目,100417.73088129525,2,237.44668849871854,荒川
江東区|白河4丁目,100417.73088129525,2,648.9471839503627,荒川
江東区|白河4丁目,100417.73088129525,2,77.61275695401967,荒川
江東区|白河4丁目,100417.73088129525,2,26.570045020360563,荒川
江東区|高橋,51790.91375612681,1,189.29482355136872,荒川
江東区|高橋,51790.91375612681,1,1485.9521206262134,荒川
江東区|高橋,51790.91375612681,1,479.0201972019181,荒川
江東区|高橋,51790.91375612681,1,480.78713591697095,荒川
江東区|高橋,51790.91375612681,1,601.0340938530333,荒川
江東区|高橋,51790.91375612681,2,44774.00013827787,荒川
江東区|高橋,51790.91375612681,2,25.525973256665814,荒川
江東区|佐賀1丁目,98194.29570204193,1,4277.856067340045,荒川
江東区|佐賀1丁目,98194.29570204193,1,219.7508122348234,荒川
江東区|佐賀1丁目,98194.29570204193,1,339.3491066715335,荒川
江東区|佐賀1丁目,98194.29570204193,1,551.9288924301883,荒川
江東区|佐賀1丁目,98194.29570204193,1,698.7209143333431,荒川
江東区|佐賀1丁目,98194.29570204193,1,26.572658045272163,荒川
江東区|佐賀1丁目,98194.29570204193,1,367.60123736860044,荒川
江東区|佐賀1丁目,98194.29570204193,1,79.08568136884848,荒川
江東区|佐賀1丁目,98194.29570204193,1,1493.2542907178258,荒川
江東区|佐賀1丁目,98194.29570204193,1,555.8028220295066,荒川
江東区|佐賀1丁目,98194.29570204193,1,4222.708855216641,荒川
江東区|佐賀1丁目,98194.29570204193,1,2657.8584654559018,荒川
江東区|佐賀1丁目,98194.29570204193,2,68131.30772600268,荒川
江東区|佐賀1丁目,98194.29570204193,2,25.452105847080787,荒川
江東区|佐賀1丁目,98194.29570204193,2,77.3798669835899,荒川
江東区|佐賀1丁目,98194.29570204193,2,52.03968802457307,荒川
江東区|佐賀1丁目,98194.29570204193,2,157.12744291466427,荒川
江東区|佐賀1丁目,98194.29570204193,2,25.72825140725575,荒川
江東区|佐賀1丁目,98194.29570204193,3,36.65174465321677,荒川
江東区|佐賀2丁目,102075.2217790339,1,366.1261129510431,荒川
江東区|佐賀2丁目,102075.2217790339,1,162.48025746740112,荒川
江東区|佐賀2丁目,102075.2217790339,1,285.79661852197313,荒川
江東区|佐賀2丁目,102075.2217790339,1,391.65671283639483,荒川
江東区|佐賀2丁目,102075.2217790339,1,576.1875671357641,荒川
江東区|佐賀2丁目,102075.2217790339,1,628.7011366616089,荒川
江東区|佐賀2丁目,102075.2217790339,1,225.05252604571143,荒川
江東区|佐賀2丁目,102075.2217790339,1,1735.7315716934063,荒川
江東区|佐賀2丁目,102075.2217790339,1,1746.513347625931,荒川
江東区|佐賀2丁目,102075.2217790339,1,419.4748589643911,荒川
江東区|佐賀2丁目,102075.2217790339,1,677.4322105616623,荒川
江東区|佐賀2丁目,102075.2217790339,1,5191.797000469559,荒川
江東区|佐賀2丁目,102075.2217790339,1,469.0569945160676,荒川
江東区|佐賀2丁目,102075.2217790339,1,366.3333061137897,荒川
江東区|佐賀2丁目,102075.2217790339,1,970.962397738425,荒川
江東区|佐賀2丁目,102075.2217790339,1,2467.1430795529277,荒川
江東区|佐賀2丁目,102075.2217790339,2,37919.5370541649,荒川
江東区|佐賀2丁目,102075.2217790339,2,234.11656951152696,荒川
江東区|佐賀2丁目,102075.2217790339,2,26.57213188720849,荒川
江東区|佐賀2丁目,102075.2217790339,2,26.572253567519333,荒川
江東区|佐賀2丁目,102075.2217790339,2,21.886739161634743,荒川
江東区|佐賀2丁目,102075.2217790339,3,1.03415988983969,荒川
江東区|永代1丁目,68358.12960289784,1,273.78717637925484,荒川
江東区|永代1丁目,68358.12960289784,1,495.426647836992,荒川
江東区|永代1丁目,68358.12960289784,1,3009.3079351865317,荒川
江東区|永代1丁目,68358.12960289784,1,2475.3501586506327,荒川
江東区|永代1丁目,68358.12960289784,1,104.19436837777096,荒川
江東区|永代1丁目,68358.12960289784,1,997.1761566960786,荒川
江東区|永代1丁目,68358.12960289784,1,966.2189903872512,荒川
江東区|永代1丁目,68358.12960289784,1,203.0557128629481,荒川
江東区|永代1丁目,68358.12960289784,1,415.7362464836411,荒川
江東区|永代1丁目,68358.12960289784,1,604.2555760275682,荒川
江東区|永代1丁目,68358.12960289784,1,27.8242237993335,荒川
江東区|永代1丁目,68358.12960289784,1,236.22017086494634,荒川
江東区|永代1丁目,68358.12960289784,1,44.43273687441534,荒川
江東区|永代1丁目,68358.12960289784,1,51.681543576606444,荒川
江東区|永代1丁目,68358.12960289784,1,339.16180482068,荒川
江東区|永代1丁目,68358.12960289784,1,368.4579452682016,荒川
江東区|永代1丁目,68358.12960289784,1,656.9859453442751,荒川
江東区|永代1丁目,68358.12960289784,1,34.93912309953179,荒川
江東区|永代1丁目,68358.12960289784,2,44722.64839172117,荒川
江東区|永代1丁目,68358.12960289784,2,24.469101966609866,荒川
江東区|永代1丁目,68358.12960289784,2,25.10895250734499,荒川
江東区|永代1丁目,68358.12960289784,2,78.87698243932716,荒川
江東区|永代1丁目,68358.12960289784,2,51.46973170850739,荒川
江東区|永代1丁目,68358.12960289784,2,25.52924702485759,荒川
江東区|永代1丁目,68358.12960289784,2,26.15196505631958,荒川
江東区|永代2丁目,107724.89331226668,1,7233.0420678558385,荒川
江東区|永代2丁目,107724.89331226668,1,100.38113891445806,荒川
江東区|永代2丁目,107724.89331226668,1,7852.861701286517,荒川
江東区|永代2丁目,107724.89331226668,1,1285.0824259521369,荒川
江東区|永代2丁目,107724.89331226668,1,1022.5269880413948,荒川
江東区|永代2丁目,107724.89331226668,1,34.44470120579146,荒川
江東区|永代2丁目,107724.89331226668,1,3491.0468407030307,荒川
江東区|永代2丁目,107724.89331226668,1,77.83377129999474,荒川
江東区|永代2丁目,107724.89331226668,2,80320.58439292214,荒川
江東区|永代2丁目,107724.89331226668,2,130.34914664910937,荒川
江東区|永代2丁目,107724.89331226668,2,25.941524875548154,荒川
江東区|永代2丁目,107724.89331226668,2,26.152448253398834,荒川
江東区|永代2丁目,107724.89331226668,2,0.4196559862165849,荒川
江東区|永代2丁目,107724.89331226668,2,52.51563106405807,荒川
江東区|永代2丁目,107724.89331226668,2,26.152277522383525,荒川
江東区|永代2丁目,107724.89331226668,2,26.57410215703275,荒川
江東区|永代2丁目,107724.89331226668,2,25.941398658295466,荒川
江東区|永代2丁目,107724.89331226668,2,104.82033074440994,荒川
江東区|永代2丁目,107724.89331226668,2,104.19834572405782,荒川
江東区|永代2丁目,107724.89331226668,2,26.57426536986314,荒川
江東区|永代2丁目,107724.89331226668,2,25.529787246703556,荒川
江東区|永代2丁目,107724.89331226668,2,52.51561454214537,荒川
江東区|永代2丁目,107724.89331226668,2,26.57433327583491,荒川
江東区|永代2丁目,107724.89331226668,2,26.152742882600357,荒川
江東区|永代2丁目,107724.89331226668,2,51.47191506863475,荒川
江東区|永代2丁目,107724.89331226668,2,26.574584966018392,荒川
江東区|永代2丁目,107724.89331226668,2,52.72717074363639,荒川
江東区|永代2丁目,107724.89331226668,2,25.941677434048913,荒川
江東区|永代2丁目,107724.89331226668,2,26.57462552187436,荒川
江東区|永代2丁目,107724.89331226668,2,26.574414349212418,荒川
江東区|永代2丁目,107724.89331226668,2,26.152611815586308,荒川
江東区|永代2丁目,107724.89331226668,2,52.72730516519157,荒川
江東区|福住1丁目,57058.905492635684,1,187.4165956232117,荒川
江東区|福住1丁目,57058.905492635684,1,395.9164232920444,荒川
江東区|福住1丁目,57058.905492635684,1,574.7286494238497,荒川
江東区|福住1丁目,57058.905492635684,1,1024.5798861683686,荒川
江東区|福住1丁目,57058.905492635684,1,2049.990302521497,荒川
江東区|福住1丁目,57058.905492635684,1,444.5997432028108,荒川
江東区|福住1丁目,57058.905492635684,2,50729.960269165655,荒川
江東区|福住1丁目,57058.905492635684,2,0.07607024359695409,荒川
江東区|福住1丁目,57058.905492635684,2,1.7055494291366542,荒川
江東区|福住1丁目,57058.905492635684,2,1.105720321381658,荒川
江東区|福住1丁目,57058.905492635684,2,0.42273758060411354,荒川
江東区|福住1丁目,57058.905492635684,2,52.51355562906976,荒川
江東区|福住1丁目,57058.905492635684,2,2.104133544874833,荒川
江東区|福住2丁目,47599.495538095434,1,1285.430670970805,荒川
江東区|福住2丁目,47599.495538095434,1,26.572334863428573,荒川
江東区|福住2丁目,47599.495538095434,1,960.8078195995179,荒川
江東区|福住2丁目,47599.495538095434,1,993.9961748316133,荒川
江東区|福住2丁目,47599.495538095434,1,156.06254934407872,荒川
江東区|福住2丁目,47599.495538095434,1,605.0583174171453,荒川
江東区|福住2丁目,47599.495538095434,1,469.69964836931564,荒川
江東区|福住2丁目,47599.495538095434,1,36.41078332661577,荒川
江東区|福住2丁目,47599.495538095434,1,78.66378354958815,荒川
江東区|福住2丁目,47599.495538095434,1,473.56686771287326,荒川
江東区|福住2丁目,47599.495538095434,1,3826.4710682545733,荒川
江東区|福住2丁目,47599.495538095434,1,1379.4255155347846,荒川
江東区|福住2丁目,47599.495538095434,1,26.864495598644268,荒川
江東区|福住2丁目,47599.495538095434,2,28260.493365122067,荒川
江東区|福住2丁目,47599.495538095434,2,181.87262730992794,荒川
江東区|福住2丁目,47599.495538095434,2,25.939327760509446,荒川
江東区|福住2丁目,47599.495538095434,2,26.150233280933463,荒川
江東区|福住2丁目,47599.495538095434,2,26.15036710859499,荒川
江東区|福住2丁目,47599.495538095434,2,28.839688574213667,荒川
江東区|福住2丁目,47599.495538095434,2,365.713377913449,荒川
江東区|福住2丁目,47599.495538095434,2,4.685677995609971,荒川
江東区|福住2丁目,47599.495538095434,3,181.59913568226943,荒川
江東区|福住2丁目,47599.495538095434,3,79.29591548300213,荒川
江東区|深川1丁目,77768.65131806984,1,175.20841040814665,荒川
江東区|深川1丁目,77768.65131806984,1,261.95405014482907,荒川
江東区|深川1丁目,77768.65131806984,1,498.3595544028852,荒川
江東区|深川1丁目,77768.65131806984,1,521.378813995903,荒川
江東区|深川1丁目,77768.65131806984,1,1895.586141673553,荒川
江東区|深川1丁目,77768.65131806984,1,237.04468429361134,荒川
江東区|深川1丁目,77768.65131806984,1,4380.1398681891915,荒川
江東区|深川1丁目,77768.65131806984,1,3096.591551088967,荒川
江東区|深川1丁目,77768.65131806984,2,51799.56855523093,荒川
江東区|深川1丁目,77768.65131806984,2,22.627217920200753,荒川
江東区|深川1丁目,77768.65131806984,2,25.5276247935537,荒川
江東区|深川1丁目,77768.65131806984,2,52.72251553952171,荒川
江東区|深川1丁目,77768.65131806984,2,25.52735264753294,荒川
江東区|深川1丁目,77768.65131806984,2,26.572306895145324,荒川
江東区|深川2丁目,136969.4830743223,1,1552.2256427071293,荒川
江東区|深川2丁目,136969.4830743223,1,26.15080856897909,荒川
江東区|深川2丁目,136969.4830743223,1,247.68180884818005,荒川
江東区|深川2丁目,136969.4830743223,1,78.87437978579557,荒川
江東区|深川2丁目,136969.4830743223,1,437.8130273037861,荒川
江東区|深川2丁目,136969.4830743223,1,161.81118228357226,荒川
江東区|深川2丁目,136969.4830743223,1,947.6280260083846,荒川
江東区|深川2丁目,136969.4830743223,1,107.73553160976658,荒川
江東区|深川2丁目,136969.4830743223,1,52.72383798436229,荒川
江東区|深川2丁目,136969.4830743223,1,1306.6284587778948,荒川
江東区|深川2丁目,136969.4830743223,1,1142.9536274448449,荒川
江東区|深川2丁目,136969.4830743223,1,26.573690001934672,荒川
江東区|深川2丁目,136969.4830743223,1,4445.318715595539,荒川
江東区|深川2丁目,136969.4830743223,2,123665.84600710755,荒川
江東区|深川2丁目,136969.4830743223,2,26.571983514060193,荒川
江東区|深川2丁目,136969.4830743223,2,25.52789898031567,荒川
江東区|冬木,131738.29037523305,1,1449.0153166031741,荒川
江東区|冬木,131738.29037523305,1,969.7509342345709,荒川
江東区|冬木,131738.29037523305,1,1243.9642706574616,荒川
江東区|冬木,131738.29037523305,1,47.92538822354727,荒川
江東区|冬木,131738.29037523305,1,479.0971912111343,荒川
江東区|冬木,131738.29037523305,1,6725.93147589856,荒川
江東区|冬木,131738.29037523305,1,470.13502387197724,荒川
江東区|冬木,131738.29037523305,1,838.8603098957186,荒川
江東区|冬木,131738.29037523305,2,117211.783431103,荒川
江東区|冬木,131738.29037523305,2,26.572959475216784,荒川
江東区|冬木,131738.29037523305,2,51.68175154210502,荒川
江東区|冬木,131738.29037523305,2,0.6627247007038731,荒川
江東区|冬木,131738.29037523305,2,235.58250479512017,荒川
江東区|門前仲町1丁目,68065.61816301354,1,1087.0574884704545,荒川
江東区|門前仲町1丁目,68065.61816301354,1,5007.493644114876,荒川
江東区|門前仲町1丁目,68065.61816301354,1,2305.532429997983,荒川
江東区|門前仲町1丁目,68065.61816301354,1,451.6009315908141,荒川
江東区|門前仲町1丁目,68065.61816301354,2,56742.24051092415,荒川
江東区|門前仲町1丁目,68065.61816301354,2,26.152316205491793,荒川
江東区|門前仲町1丁目,68065.61816301354,2,26.152571403816275,荒川
江東区|門前仲町1丁目,68065.61816301354,2,51.47126977863512,荒川
江東区|門前仲町2丁目,39129.93293345213,1,2065.6214184489386,荒川
江東区|門前仲町2丁目,39129.93293345213,1,586.0273201711881,荒川
江東区|門前仲町2丁目,39129.93293345213,1,152.65799222548688,荒川
江東区|門前仲町2丁目,39129.93293345213,1,528.7189383813137,荒川
江東区|門前仲町2丁目,39129.93293345213,1,390.84633252348584,荒川
江東区|門前仲町2丁目,39129.93293345213,2,32905.94061602087,荒川
江東区|門前仲町2丁目,39129.93293345213,2,26.152597296065437,荒川
江東区|門前仲町2丁目,39129.93293345213,2,26.152610767344036,荒川
江東区|門前仲町2丁目,39129.93293345213,2,25.942001242075616,荒川
江東区|富岡1丁目,146615.81921683432,1,259.32327715692594,荒川
江東区|富岡1丁目,146615.81921683432,1,604.2699365813785,荒川
江東区|富岡1丁目,146615.81921683432,1,4050.233756521081,荒川
江東区|富岡1丁目,146615.81921683432,1,519.9474742411628,荒川
江東区|富岡1丁目,146615.81921683432,1,29.98414370487152,荒川
江東区|富岡1丁目,146615.81921683432,1,1074.6310461487128,荒川
江東区|富岡1丁目,146615.81921683432,1,85.55146737540409,荒川
江東区|富岡1丁目,146615.81921683432,1,659.9980225781314,荒川
江東区|富岡1丁目,146615.81921683432,1,599.7268193863541,荒川
江東区|富岡1丁目,146615.81921683432,1,646.0714910839971,荒川
江東区|富岡1丁目,146615.81921683432,1,1246.826184925598,荒川
江東区|富岡1丁目,146615.81921683432,2,134730.99191002877,荒川
江東区|富岡1丁目,146615.81921683432,2,26.152323450805902,荒川
江東区|富岡1丁目,146615.81921683432,2,26.574746505490353,荒川
江東区|富岡1丁目,146615.81921683432,2,52.72749124162605,荒川
江東区|富岡1丁目,146615.81921683432,2,26.5746578828566,荒川
江東区|富岡2丁目,59713.91614121661,1,1058.3798747888245,荒川
江東区|富岡2丁目,59713.91614121661,1,2448.1749369428926,荒川
江東区|富岡2丁目,59713.91614121661,1,599.0571692914597,荒川
江東区|富岡2丁目,59713.91614121661,1,2.866366364467918,荒川
江東区|富岡2丁目,59713.91614121661,1,522.6728748128583,荒川
江東区|富岡2丁目,59713.91614121661,1,25.530761892960925,荒川
江東区|富岡2丁目,59713.91614121661,2,52837.773685798056,荒川
江東区|富岡2丁目,59713.91614121661,2,25.911290848592092,荒川
江東区|富岡2丁目,59713.91614121661,2,77.83572666138025,荒川
江東区|富岡2丁目,59713.91614121661,2,78.67052983455143,荒川
江東区|牡丹1丁目,36116.91339052883,1,5326.326923272771,荒川
江東区|牡丹1丁目,36116.91339052883,1,277.60271498518074,荒川
江東区|牡丹1丁目,36116.91339052883,1,472.6737466652585,荒川
江東区|牡丹1丁目,36116.91339052883,2,28054.10553368894,荒川
江東区|牡丹1丁目,36116.91339052883,2,52.72695781534501,荒川
江東区|牡丹1丁目,36116.91339052883,2,77.00169027053315,荒川
江東区|牡丹1丁目,36116.91339052883,2,52.72722284094705,荒川
江東区|牡丹1丁目,36116.91339052883,2,26.152808503867995,荒川
江東区|牡丹1丁目,36116.91339052883,2,52.72725019211406,荒川
江東区|牡丹1丁目,36116.91339052883,2,26.574321916617045,荒川
江東区|牡丹1丁目,36116.91339052883,2,157.54846206466888,荒川
江東区|牡丹1丁目,36116.91339052883,2,51.47207175360929,荒川
江東区|牡丹1丁目,36116.91339052883,2,26.152638159123693,荒川
江東区|牡丹1丁目,36116.91339052883,2,52.72730426112071,荒川
江東区|牡丹1丁目,36116.91339052883,2,45.79979917249075,荒川
江東区|牡丹1丁目,36116.91339052883,2,51.471943723160614,荒川
江東区|牡丹1丁目,36116.91339052883,2,26.152942199669305,荒川
江東区|牡丹1丁目,36116.91339052883,2,4.4129598528680685,荒川
江東区|牡丹2丁目,50390.107357302455,1,1177.8176681916561,荒川
江東区|牡丹2丁目,50390.107357302455,1,493.3844128045747,荒川
江東区|牡丹2丁目,50390.107357302455,1,572.8354676359276,荒川
江東区|牡丹2丁目,50390.107357302455,1,1095.5641892381618,荒川
江東区|牡丹2丁目,50390.107357302455,1,297.5857095022283,荒川
江東区|牡丹2丁目,50390.107357302455,1,682.1199207329372,荒川
江東区|牡丹2丁目,50390.107357302455,1,361.4164882859999,荒川
江東区|牡丹2丁目,50390.107357302455,1,78.2585659936163,荒川
江東区|牡丹2丁目,50390.107357302455,1,655.3273952080099,荒川
江東区|牡丹2丁目,50390.107357302455,1,26.153292325204458,荒川
江東区|牡丹2丁目,50390.107357302455,2,41534.29823130582,荒川
江東区|牡丹2丁目,50390.107357302455,2,47.05934749657045,荒川
江東区|牡丹2丁目,50390.107357302455,2,26.152757923860484,荒川
江東区|牡丹2丁目,50390.107357302455,2,25.530383568762325,荒川
江東区|牡丹2丁目,50390.107357302455,2,52.72799892178651,荒川
江東区|牡丹2丁目,50390.107357302455,2,26.15310264922207,荒川
江東区|牡丹2丁目,50390.107357302455,2,51.47210088313463,荒川
江東区|牡丹2丁目,50390.107357302455,2,52.72786890002794,荒川
江東区|牡丹2丁目,50390.107357302455,2,52.72794975245074,荒川
江東区|牡丹2丁目,50390.107357302455,2,26.153182848320036,荒川
江東区|牡丹2丁目,50390.107357302455,2,51.472781025924135,荒川
江東区|牡丹2丁目,50390.107357302455,2,26.574821151002322,荒川
江東区|牡丹3丁目,74270.57675738016,1,545.0084355012059,荒川
江東区|牡丹3丁目,74270.57675738016,1,962.5443696485752,荒川
江東区|牡丹3丁目,74270.57675738016,1,5872.186598322371,荒川
江東区|牡丹3丁目,74270.57675738016,1,39.92249319589772,荒川
江東区|牡丹3丁目,74270.57675738016,1,421.00262517797626,荒川
江東区|牡丹3丁目,74270.57675738016,2,64023.521540281305,荒川
江東区|牡丹3丁目,74270.57675738016,2,26.57560993586619,荒川
江東区|牡丹3丁目,74270.57675738016,2,145.60170852337896,荒川
江東区|牡丹3丁目,74270.57675738016,2,77.62703470179055,荒川
江東区|古石場1丁目,41293.08445764115,1,654.9220512065461,荒川
江東区|古石場1丁目,41293.08445764115,1,574.5743785584666,荒川
江東区|古石場1丁目,41293.08445764115,1,42.0964686603003,荒川
江東区|古石場1丁目,41293.08445764115,2,40021.4914058434,荒川
江東区|古石場2丁目,65124.04233073401,1,202.33238897067218,荒川
江東区|古石場2丁目,65124.04233073401,1,803.2844570235118,荒川
江東区|古石場2丁目,65124.04233073401,1,11.128738327763426,荒川
江東区|古石場2丁目,65124.04233073401,1,26.575775152203015,荒川
江東区|古石場2丁目,65124.04233073401,1,27.719617430872084,荒川
江東区|古石場2丁目,65124.04233073401,1,216.74180799114419,荒川
江東区|古石場2丁目,65124.04233073401,1,682.1369345658572,荒川
江東区|古石場2丁目,65124.04233073401,1,113.49079895091064,荒川
江東区|古石場2丁目,65124.04233073401,1,69.94501860562417,荒川
江東区|古石場2丁目,65124.04233073401,2,62909.41631916693,荒川
江東区|古石場2丁目,65124.04233073401,2,1.0176495787688427,荒川
江東区|古石場2丁目,65124.04233073401,2,26.15437900047273,荒川
江東区|古石場2丁目,65124.04233073401,2,25.94366892984538,荒川
江東区|古石場3丁目,44928.4818215335,1,2226.7889342145513,荒川
江東区|古石場3丁目,44928.4818215335,1,1289.8994024743163,荒川
江東区|古石場3丁目,44928.4818215335,1,216.37070698393822,荒川
江東区|古石場3丁目,44928.4818215335,1,331.4774676661198,荒川
江東区|古石場3丁目,44928.4818215335,1,3388.304499965417,荒川
江東区|古石場3丁目,44928.4818215335,2,36405.95205930083,荒川
江東区|古石場3丁目,44928.4818215335,2,169.73188090239933,荒川
江東区|古石場3丁目,44928.4818215335,2,26.576045652162403,荒川
江東区|古石場3丁目,44928.4818215335,2,269.88859311151873,荒川
江東区|古石場3丁目,44928.4818215335,2,1.5536003360663637,荒川
江東区|古石場3丁目,44928.4818215335,2,2.375079165216659,荒川
江東区|古石場3丁目,44928.4818215335,2,50.723418450935874,荒川
江東区|越中島1丁目,122422.71500957201,1,66267.31944610734,荒川
江東区|越中島1丁目,122422.71500957201,1,13.581813747599728,荒川
江東区|越中島1丁目,122422.71500957201,1,59.79629687631749,荒川
江東区|越中島1丁目,122422.71500957201,2,15641.3352646469,荒川
江東区|越中島1丁目,122422.71500957201,2,26.152277690711877,荒川
江東区|越中島1丁目,122422.71500957201,2,26.574313234464057,荒川
江東区|越中島1丁目,122422.71500957201,2,25.529836482392163,荒川
江東区|越中島1丁目,122422.71500957201,2,26.574340319926087,荒川
江東区|越中島1丁目,122422.71500957201,2,26.152542239844067,荒川
江東区|越中島1丁目,122422.71500957201,2,26.574170218187973,荒川
江東区|越中島1丁目,122422.71500957201,2,26.152371508350754,荒川
江東区|越中島1丁目,122422.71500957201,2,25.941478500836475,荒川
江東区|越中島1丁目,122422.71500957201,2,838.6082056418363,荒川
江東区|越中島1丁目,122422.71500957201,2,26.574211031114395,荒川
江東区|越中島1丁目,122422.71500957201,2,51.682365723177284,荒川
江東区|越中島1丁目,122422.71500957201,2,26.15237804279239,荒川
江東区|越中島1丁目,122422.71500957201,2,838.4114832558683,荒川
江東区|越中島1丁目,122422.71500957201,2,26.15255879166564,荒川
江東区|越中島1丁目,122422.71500957201,2,129.72854919631152,荒川
江東区|越中島1丁目,122422.71500957201,2,26.574387974575675,荒川
江東区|越中島1丁目,122422.71500957201,2,25.52990500188337,荒川
江東区|越中島1丁目,122422.71500957201,2,26.574625962183298,荒川
江東区|越中島1丁目,122422.71500957201,2,5097.3938673475595,荒川
江東区|越中島1丁目,122422.71500957201,2,26.574469503578634,荒川
江東区|越中島1丁目,122422.71500957201,2,6.927532486743386,荒川
江東区|越中島1丁目,122422.71500957201,2,51.47194644503172,荒川
江東区|越中島1丁目,122422.71500957201,2,51.47173954159871,荒川
江東区|越中島1丁目,122422.71500957201,2,26.574707459949295,荒川
江東区|越中島1丁目,122422.71500957201,2,53.14920315885086,荒川
江東区|越中島1丁目,122422.71500957201,2,52.72741378026062,荒川
江東区|越中島1丁目,122422.71500957201,2,78.88010545730533,荒川
江東区|越中島1丁目,122422.71500957201,2,260.5038511492346,荒川
江東区|越中島1丁目,122422.71500957201,2,154.41555818168968,荒川
江東区|越中島1丁目,122422.71500957201,2,207.1438069077153,荒川
江東区|越中島2丁目,221884.5582895199,1,17552.871585910758,荒川
江東区|越中島2丁目,221884.5582895199,1,33781.06990140667,荒川
江東区|越中島2丁目,221884.5582895199,1,654.9426562344554,荒川
江東区|越中島2丁目,221884.5582895199,1,401.91833318579955,荒川
江東区|越中島2丁目,221884.5582895199,1,40303.852709813094,荒川
江東区|越中島2丁目,221884.5582895199,1,3.585956215595375,荒川
江東区|越中島2丁目,221884.5582895199,2,82515.72959487411,荒川
江東区|越中島2丁目,221884.5582895199,2,156.51102358596034,荒川
江東区|越中島2丁目,221884.5582895199,2,17.66190741404852,荒川
江東区|越中島2丁目,221884.5582895199,2,4.769631942268586,荒川
江東区|越中島2丁目,221884.5582895199,2,41.5347856375209,荒川
江東区|越中島2丁目,221884.5582895199,2,25.94339862686509,荒川
江東区|越中島2丁目,221884.5582895199,2,13.560045705629188,荒川
江東区|越中島2丁目,221884.5582895199,2,100.08376977710506,荒川
江東区|越中島2丁目,221884.5582895199,2,81.92110758940333,荒川
江東区|越中島2丁目,221884.5582895199,2,17.54480184027048,荒川
江東区|越中島2丁目,221884.5582895199,2,16.233242346922317,荒川
江東区|越中島2丁目,221884.5582895199,2,4.081663860783193,荒川
江東区|越中島2丁目,221884.5582895199,2,8.563534334808622,荒川
江東区|越中島2丁目,221884.5582895199,2,2.2925486137109403,荒川
江東区|越中島2丁目,221884.5582895199,2,25.53117087002671,荒川
江東区|越中島2丁目,221884.5582895199,2,26.575729283698198,荒川
江東区|越中島3丁目,219534.31877851122,1,27359.768180348867,荒川
江東区|越中島3丁目,219534.31877851122,1,55.641631674741255,荒川
江東区|越中島3丁目,219534.31877851122,1,67.54593687271955,荒川
江東区|越中島3丁目,219534.31877851122,1,75.86102812440932,荒川
江東区|越中島3丁目,219534.31877851122,1,229.5925143702446,荒川
江東区|越中島3丁目,219534.31877851122,1,59762.67518983324,荒川
江東区|越中島3丁目,219534.31877851122,1,174.01823478719663,荒川
江東区|越中島3丁目,219534.31877851122,1,16.919114245429085,荒川
江東区|越中島3丁目,219534.31877851122,1,112.52490907455416,荒川
江東区|越中島3丁目,219534.31877851122,1,445.07353766567593,荒川
江東区|越中島3丁目,219534.31877851122,1,343.39527368810076,荒川
江東区|越中島3丁目,219534.31877851122,1,129.74353219332252,荒川
江東区|越中島3丁目,219534.31877851122,2,115559.46266491832,荒川
江東区|越中島3丁目,219534.31877851122,2,25.136498856994844,荒川
江東区|越中島3丁目,219534.31877851122,2,21.528201676670477,荒川
江東区|越中島3丁目,219534.31877851122,2,21.944194609773124,荒川
江東区|越中島3丁目,219534.31877851122,2,7.870430636584766,荒川
江東区|越中島3丁目,219534.31877851122,2,21.495498278684682,荒川
江東区|越中島3丁目,219534.31877851122,2,22.534532314440042,荒川
江東区|越中島3丁目,219534.31877851122,2,25.943357576725177,荒川
江東区|越中島3丁目,219534.31877851122,2,22.4515843015025,荒川
江東区|越中島3丁目,219534.31877851122,2,79.30637053370157,荒川
江東区|越中島3丁目,219534.31877851122,2,22.87232606033294,荒川
江東区|越中島3丁目,219534.31877851122,2,23.137825326256767,荒川
江東区|越中島3丁目,219534.31877851122,2,22.233363834998595,荒川
江東区|越中島3丁目,219534.31877851122,2,50.08093099266006,荒川
江東区|越中島3丁目,219534.31877851122,2,46.27624940222874,荒川
江東区|越中島3丁目,219534.31877851122,2,7.871176306799707,荒川
江東区|越中島3丁目,219534.31877851122,2,7.671463480267311,荒川
江東区|越中島3丁目,219534.31877851122,2,7.3096994580810595,荒川
江東区|越中島3丁目,219534.31877851122,2,6.65759654589021,荒川
江東区|越中島3丁目,219534.31877851122,2,6.142423355866921,荒川
江東区|越中島3丁目,219534.31877851122,2,5.819440013699205,荒川
江東区|越中島3丁目,219534.31877851122,2,86.30842440910834,荒川
江東区|越中島3丁目,219534.31877851122,2,25.943430754297353,荒川
江東区|越中島3丁目,219534.31877851122,2,26.576224639832972,荒川
江東区|越中島3丁目,219534.31877851122,2,51.34523502218269,荒川
江東区|越中島3丁目,219534.31877851122,2,209.66803216795327,荒川
江東区|越中島3丁目,219534.31877851122,2,24.69493849799625,荒川
江東区|越中島3丁目,219534.31877851122,2,19.272022369793014,荒川
江東区|越中島3丁目,219534.31877851122,2,29.70647983659384,荒川
江東区|越中島3丁目,219534.31877851122,2,0.1695762484929427,荒川
江東区|越中島3丁目,219534.31877851122,2,0.1803969607027461,荒川
江東区|越中島3丁目,219534.31877851122,2,0.35409162313247894,荒川
江東区|越中島3丁目,219534.31877851122,2,0.44421358420131457,荒川
江東区|越中島3丁目,219534.31877851122,2,0.5858474127114558,荒川
江東区|越中島3丁目,219534.31877851122,2,0.9004077551920493,荒川
江東区|越中島3丁目,219534.31877851122,2,0.5105536307291408,荒川
江東区|越中島3丁目,219534.31877851122,2,79.30751699061622,荒川
江東区|越中島3丁目,219534.31877851122,2,78.05219968226695,荒川
江東区|越中島3丁目,219534.31877851122,2,26.15455969456963,荒川
江東区|越中島3丁目,219534.31877851122,2,104.20733198271576,荒川
江東区|越中島3丁目,219534.31877851122,2,26.15491119414855,荒川
江東区|越中島3丁目,219534.31877851122,2,235.61561478855046,荒川
江東区|越中島3丁目,219534.31877851122,2,0.1678751398736617,荒川
江東区|越中島3丁目,219534.31877851122,2,22.27949171190941,荒川
江東区|越中島3丁目,219534.31877851122,2,47.92512629495698,荒川
江東区|越中島3丁目,219534.31877851122,2,20.082869620854204,荒川
江東区|越中島3丁目,219534.31877851122,2,21.056561682295143,荒川
江東区|越中島3丁目,219534.31877851122,3,1854.3841974805928,荒川
江東区|越中島3丁目,219534.31877851122,3,3844.7985708594047,荒川
江東区|越中島3丁目,219534.31877851122,3,26.57682982417083,荒川
江東区|塩浜1丁目,204333.19409189312,1,69.79069964604298,荒川
江東区|塩浜1丁目,204333.19409189312,1,5.18154768851908,荒川
江東区|塩浜1丁目,204333.19409189312,1,0.9856003997905797,荒川
江東区|塩浜1丁目,204333.19409189312,2,4.487438356164034,荒川
江東区|塩浜1丁目,204333.19409189312,2,1.3982500962753837,荒川
江東区|塩浜1丁目,204333.19409189312,2,1.1356397184440872,荒川
江東区|塩浜1丁目,204333.19409189312,2,1.550813916589908,荒川
江東区|塩浜1丁目,204333.19409189312,2,5.114622246548385,荒川
江東区|塩浜1丁目,204333.19409189312,2,3.8430020806403964,荒川
江東区|塩浜1丁目,204333.19409189312,2,3.252330948016758,荒川
江東区|塩浜1丁目,204333.19409189312,2,0.7237903765246507,荒川
江東区|塩浜1丁目,204333.19409189312,2,0.951398948395486,荒川
江東区|塩浜1丁目,204333.19409189312,2,1.272277935482688,荒川
江東区|塩浜2丁目,665394.6841460242,1,0.27202195984632044,荒川
江東区|豊洲1丁目,112532.34018363041,1,16.956782573680226,荒川
江東区|千石1丁目,145739.8614085397,1,651.7139994553698,荒川
江東区|千石1丁目,145739.8614085397,1,27.695041116914435,荒川
江東区|千石1丁目,145739.8614085397,1,1721.3611543106738,荒川
江東区|千石1丁目,145739.8614085397,1,103.56986373220386,荒川
江東区|千石1丁目,145739.8614085397,1,109.45669306067836,荒川
江東区|千石1丁目,145739.8614085397,1,255.32238451687405,荒川
江東区|千石1丁目,145739.8614085397,2,142047.11160310244,荒川
江東区|千石1丁目,145739.8614085397,3,98.46358968275817,荒川
江東区|千石1丁目,145739.8614085397,3,602.1154813569534,荒川
江東区|千石1丁目,145739.8614085397,3,79.29723371616926,荒川
江東区|千石1丁目,145739.8614085397,3,26.151287073676386,荒川
江東区|千石1丁目,145739.8614085397,3,11.255553814711671,荒川
江東区|千石1丁目,145739.8614085397,3,6.347004525552344,荒川
江東区|千石2丁目,105351.64845481986,1,314.0440269619848,荒川
江東区|千石2丁目,105351.64845481986,2,71523.30754953115,荒川
江東区|千石2丁目,105351.64845481986,3,32917.27738611794,荒川
江東区|千石2丁目,105351.64845481986,3,597.0194922067265,荒川
江東区|千石3丁目,90177.15906303027,2,52342.50876146796,荒川
江東区|千石3丁目,90177.15906303027,2,78.04049380262737,荒川
江東区|千石3丁目,90177.15906303027,2,5963.6626624829505,荒川
江東区|千石3丁目,90177.15906303027,3,29695.0994695356,荒川
江東区|千石3丁目,90177.15906303027,3,26.57180374001635,荒川
江東区|千石3丁目,90177.15906303027,3,78.8726795457778,荒川
江東区|千石3丁目,90177.15906303027,3,52.72261159584287,荒川
江東区|千石3丁目,90177.15906303027,3,157.95706920172978,荒川
江東区|千石3丁目,90177.15906303027,3,1567.046296946294,荒川
江東区|千石3丁目,90177.15906303027,3,130.13032829740794,荒川
江東区|千石3丁目,90177.15906303027,3,59.86684549165394,荒川
江東区|千石3丁目,90177.15906303027,3,15.236704681657441,荒川
江東区|千石3丁目,90177.15906303027,3,9.44330778822677,荒川
江東区|石島,80334.87171412056,1,204.755611626208,荒川
江東区|石島,80334.87171412056,2,39607.205500704804,荒川
江東区|石島,80334.87171412056,2,51.67662464745738,荒川
江東区|石島,80334.87171412056,3,784.7580852295964,荒川
江東区|石島,80334.87171412056,3,39321.54196090017,荒川
江東区|石島,80334.87171412056,3,108.86894072667022,荒川
江東区|千田,80003.33364958291,2,16069.928324558226,荒川
江東区|千田,80003.33364958291,2,53.1420882199935,荒川
江東区|千田,80003.33364958291,2,52.50942380885219,荒川
江東区|千田,80003.33364958291,3,64.17651898206296,荒川
江東区|千田,80003.33364958291,3,63763.57729401373,荒川
