key,town_area,A31a_205,a,river
千代田区|丸の内1丁目,379200.51389348914,1,291953.0061118094,荒川
千代田区|丸の内1丁目,379200.51389348914,1,0.833873627925074,荒川
千代田区|丸の内1丁目,379200.51389348914,1,1232.4622139876199,荒川
千代田区|丸の内1丁目,379200.51389348914,1,26.149005682383425,荒川
千代田区|丸の内1丁目,379200.51389348914,2,5226.284457767577,荒川
千代田区|丸の内1丁目,379200.51389348914,2,3936.5721171787536,荒川
千代田区|丸の内1丁目,379200.51389348914,2,26.14814965206537,荒川
千代田区|丸の内1丁目,379200.51389348914,2,7678.363741864083,荒川
千代田区|丸の内1丁目,379200.51389348914,2,26.14908635184008,荒川
千代田区|丸の内1丁目,379200.51389348914,2,25.526708054305736,荒川
千代田区|丸の内1丁目,379200.51389348914,2,840.8033969704948,荒川
千代田区|丸の内1丁目,379200.51389348914,2,26.14837077133096,荒川
千代田区|丸の内1丁目,379200.51389348914,2,53.14074798500728,荒川
千代田区|丸の内1丁目,379200.51389348914,2,26.571244807851684,荒川
千代田区|丸の内1丁目,379200.51389348914,2,26.14931454592096,荒川
千代田区|丸の内1丁目,379200.51389348914,2,51.67476425334999,荒川
千代田区|丸の内1丁目,379200.51389348914,2,26.570315188794588,荒川
千代田区|丸の内1丁目,379200.51389348914,2,58.776862782578306,荒川
千代田区|丸の内1丁目,379200.51389348914,2,157.1181087199292,荒川
千代田区|丸の内1丁目,379200.51389348914,2,26.14948939088635,荒川
千代田区|丸の内1丁目,379200.51389348914,2,675.4477104541409,荒川
千代田区|丸の内1丁目,379200.51389348914,2,1178.2709062364377,荒川
千代田区|丸の内1丁目,379200.51389348914,2,25.937987674063173,荒川
千代田区|丸の内1丁目,379200.51389348914,2,22.877818266268307,荒川
千代田区|丸の内1丁目,379200.51389348914,2,41.21012217320644,荒川
千代田区|丸の内1丁目,379200.51389348914,2,25.938068415040505,荒川
千代田区|丸の内1丁目,379200.51389348914,2,25.526149611596168,荒川
千代田区|丸の内1丁目,379200.51389348914,2,26.135372075348723,荒川
千代田区|丸の内1丁目,379200.51389348914,2,26.14896369016047,荒川
千代田区|丸の内1丁目,379200.51389348914,2,156.9032929486546,荒川
千代田区|丸の内1丁目,379200.51389348914,2,104.39495022737225,荒川
千代田区|丸の内1丁目,379200.51389348914,2,2928.220037807698,荒川
千代田区|丸の内1丁目,379200.51389348914,2,53.141528705503355,荒川
千代田区|丸の内1丁目,379200.51389348914,2,26.57056118804882,荒川
千代田区|丸の内1丁目,379200.51389348914,2,25.526227910349405,荒川
千代田区|丸の内1丁目,379200.51389348914,2,131.3774819792599,荒川
千代田区|丸の内1丁目,379200.51389348914,2,965.9045780552659,荒川
千代田区|丸の内1丁目,379200.51389348914,2,26.148871990873566,荒川
千代田区|丸の内1丁目,379200.51389348914,2,811.9386768919087,荒川
千代田区|丸の内1丁目,379200.51389348914,3,25.526786611568934,荒川
千代田区|丸の内1丁目,379200.51389348914,3,313.8163728095886,荒川
千代田区|丸の内1丁目,379200.51389348914,3,25.528006477713966,荒川
千代田区|丸の内2丁目,142909.5396229178,1,126503.75611043323,荒川
千代田区|丸の内2丁目,142909.5396229178,1,0.6766480682125755,荒川
千代田区|丸の内2丁目,142909.5396229178,1,327.6264655592499,荒川
千代田区|丸の内2丁目,142909.5396229178,2,6438.0752204737755,荒川
千代田区|丸の内2丁目,142909.5396229178,2,71.15324080553998,荒川
千代田区|丸の内2丁目,142909.5396229178,2,103.97527530412074,荒川
千代田区|丸の内2丁目,142909.5396229178,2,51.67641201218957,荒川
千代田区|丸の内2丁目,142909.5396229178,2,79.08178249570794,荒川
千代田区|丸の内2丁目,142909.5396229178,2,51.676861660455025,荒川
千代田区|丸の内2丁目,142909.5396229178,2,52.51022602200409,荒川
千代田区|丸の内2丁目,142909.5396229178,2,3.6933113405134925,荒川
千代田区|丸の内2丁目,142909.5396229178,2,11.300284069323347,荒川
千代田区|丸の内2丁目,142909.5396229178,2,26.14973119221196,荒川
千代田区|丸の内2丁目,142909.5396229178,2,0.014569425052828112,荒川
千代田区|丸の内2丁目,142909.5396229178,2,78.0377355506117,荒川
千代田区|丸の内2丁目,142909.5396229178,2,25.939064839261032,荒川
千代田区|丸の内2丁目,142909.5396229178,2,26.57154180601634,荒川
千代田区|丸の内2丁目,142909.5396229178,2,915.5104602370724,荒川
千代田区|丸の内2丁目,142909.5396229178,2,105.23301627977573,荒川
千代田区|丸の内2丁目,142909.5396229178,2,25.527367464166097,荒川
千代田区|丸の内2丁目,142909.5396229178,2,26.150012972168447,荒川
千代田区|丸の内2丁目,142909.5396229178,2,26.15003968293604,荒川
千代田区|丸の内2丁目,142909.5396229178,2,51.67771026400829,荒川
千代田区|丸の内2丁目,142909.5396229178,2,51.67773555300634,荒川
千代田区|丸の内2丁目,142909.5396229178,2,105.02242879726342,荒川
千代田区|丸の内2丁目,142909.5396229178,2,262.5665022901582,荒川
千代田区|丸の内2丁目,142909.5396229178,2,52.30025784817496,荒川
千代田区|丸の内2丁目,142909.5396229178,2,51.67810181028922,荒川
千代田区|丸の内2丁目,142909.5396229178,2,103.3562047851168,荒川
千代田区|丸の内2丁目,142909.5396229178,2,2067.4783062653173,荒川
千代田区|丸の内2丁目,142909.5396229178,2,261.3135194825711,荒川
千代田区|丸の内2丁目,142909.5396229178,2,445.4224000343384,荒川
千代田区|丸の内2丁目,142909.5396229178,2,156.28082341104806,荒川
千代田区|丸の内2丁目,142909.5396229178,2,0.9134510077912418,荒川
千代田区|丸の内3丁目,125331.37853334068,1,38419.06323246882,荒川
千代田区|丸の内3丁目,125331.37853334068,1,19700.985922907137,荒川
千代田区|丸の内3丁目,125331.37853334068,1,1065.815623840355,荒川
千代田区|丸の内3丁目,125331.37853334068,1,548.156663497611,荒川
千代田区|丸の内3丁目,125331.37853334068,1,52.302240224161416,荒川
千代田区|丸の内3丁目,125331.37853334068,1,78.25280994504026,荒川
千代田区|丸の内3丁目,125331.37853334068,1,86.62434593133969,荒川
千代田区|丸の内3丁目,125331.37853334068,1,15.303810212797881,荒川
千代田区|丸の内3丁目,125331.37853334068,2,35514.13642229256,荒川
千代田区|丸の内3丁目,125331.37853334068,2,5.557011785909375,荒川
千代田区|丸の内3丁目,125331.37853334068,2,51.67921397962529,荒川
千代田区|丸の内3丁目,125331.37853334068,2,26.15105523390925,荒川
千代田区|丸の内3丁目,125331.37853334068,2,1804.9646783765122,荒川
千代田区|丸の内3丁目,125331.37853334068,2,155.87262604327506,荒川
千代田区|丸の内3丁目,125331.37853334068,2,25.940382841150296,荒川
千代田区|丸の内3丁目,125331.37853334068,2,26.151085747916333,荒川
千代田区|丸の内3丁目,125331.37853334068,2,78.2526682392418,荒川
千代田区|丸の内3丁目,125331.37853334068,2,26.572918299318168,荒川
千代田区|丸の内3丁目,125331.37853334068,2,181.06863705494214,荒川
千代田区|丸の内3丁目,125331.37853334068,2,26.151327068152735,荒川
千代田区|丸の内3丁目,125331.37853334068,2,10.84684657823146,荒川
千代田区|丸の内3丁目,125331.37853334068,2,158.16837736573734,荒川
千代田区|丸の内3丁目,125331.37853334068,2,392.4895715306322,荒川
千代田区|丸の内3丁目,125331.37853334068,2,260.81411835388184,荒川
千代田区|大手町1丁目,274876.21088235325,1,48229.19995808338,荒川
千代田区|大手町1丁目,274876.21088235325,1,597.2784449454938,荒川
千代田区|大手町1丁目,274876.21088235325,1,4359.528083788097,荒川
千代田区|大手町1丁目,274876.21088235325,1,6243.557664003087,荒川
千代田区|大手町1丁目,274876.21088235325,1,1925.4144127867553,荒川
千代田区|大手町1丁目,274876.21088235325,2,4928.399458217389,荒川
千代田区|大手町1丁目,274876.21088235325,2,77.82181895240517,荒川
千代田区|大手町1丁目,274876.21088235325,2,25.937350896630846,荒川
千代田区|大手町1丁目,274876.21088235325,2,5471.586027624656,荒川
千代田区|大手町1丁目,274876.21088235325,2,51.46244561017348,荒川
千代田区|大手町2丁目,175053.34366964785,1,95234.88251195554,荒川
千代田区|大手町2丁目,175053.34366964785,1,602.5764519175733,荒川
千代田区|大手町2丁目,175053.34366964785,1,26.147968154927838,荒川
千代田区|大手町2丁目,175053.34366964785,1,208.7867858279039,荒川
千代田区|大手町2丁目,175053.34366964785,1,9.193175566668472,荒川
千代田区|大手町2丁目,175053.34366964785,1,40.87404808957924,荒川
千代田区|大手町2丁目,175053.34366964785,2,1361.0107137603995,荒川
千代田区|大手町2丁目,175053.34366964785,2,968.152078712077,荒川
千代田区|大手町2丁目,175053.34366964785,2,77.82176242366137,荒川
千代田区|大手町2丁目,175053.34366964785,2,581.4505851199756,荒川
千代田区|大手町2丁目,175053.34366964785,2,105.64459969325931,荒川
千代田区|大手町2丁目,175053.34366964785,2,77.60979628299931,荒川
千代田区|大手町2丁目,175053.34366964785,2,25.52584146679824,荒川
千代田区|大手町2丁目,175053.34366964785,2,10258.400210666252,荒川
千代田区|大手町2丁目,175053.34366964785,2,658.2844945497725,荒川
千代田区|大手町2丁目,175053.34366964785,2,209.825682147654,荒川
千代田区|大手町2丁目,175053.34366964785,2,51.67337706981266,荒川
千代田区|大手町2丁目,175053.34366964785,2,52.71730696470725,荒川
千代田区|大手町2丁目,175053.34366964785,2,709.7990640962615,荒川
千代田区|大手町2丁目,175053.34366964785,2,79.28708028457204,荒川
千代田区|大手町2丁目,175053.34366964785,2,52.71733370412115,荒川
千代田区|大手町2丁目,175053.34366964785,2,76.98784009173608,荒川
千代田区|大手町2丁目,175053.34366964785,2,26.14782448871042,荒川
千代田区|大手町2丁目,175053.34366964785,2,25.525282872671823,荒川
千代田区|大手町2丁目,175053.34366964785,2,210.87052853106886,荒川
千代田区|大手町2丁目,175053.34366964785,2,79.28533709194294,荒川
千代田区|大手町2丁目,175053.34366964785,2,262.3326170633598,荒川
千代田区|大手町2丁目,175053.34366964785,2,26.569684569037108,荒川
千代田区|大手町2丁目,175053.34366964785,3,1837.7615540190786,荒川
千代田区|大手町2丁目,175053.34366964785,3,351.253102651654,荒川
千代田区|大手町2丁目,175053.34366964785,3,52.71678459860168,荒川
千代田区|大手町2丁目,175053.34366964785,3,77.60893040321952,荒川
千代田区|大手町2丁目,175053.34366964785,3,26.147711651231912,荒川
千代田区|大手町2丁目,175053.34366964785,3,260.86615187545226,荒川
千代田区|大手町2丁目,175053.34366964785,3,25.937497713483836,荒川
千代田区|大手町2丁目,175053.34366964785,4,207.10159372150628,荒川
千代田区|内幸町1丁目,121977.7937516567,1,29498.95112204823,荒川
千代田区|内幸町1丁目,121977.7937516567,1,970.4538842062425,荒川
千代田区|内幸町1丁目,121977.7937516567,1,2846.9258841814835,荒川
千代田区|内幸町1丁目,121977.7937516567,1,58.58879897613175,荒川
千代田区|内幸町1丁目,121977.7937516567,1,574.5573787015902,荒川
千代田区|内幸町1丁目,121977.7937516567,1,1645.491457488804,荒川
千代田区|内幸町1丁目,121977.7937516567,1,418.8867070102323,荒川
千代田区|内幸町1丁目,121977.7937516567,1,164.13605640511142,荒川
千代田区|内幸町1丁目,121977.7937516567,1,4866.095965974887,荒川
千代田区|内幸町1丁目,121977.7937516567,1,2533.673287576482,荒川
千代田区|内幸町1丁目,121977.7937516567,2,55520.98645433308,荒川
千代田区|内幸町1丁目,121977.7937516567,2,261.5393462796195,荒川
千代田区|内幸町1丁目,121977.7937516567,2,470.99627671206713,荒川
千代田区|内幸町1丁目,121977.7937516567,2,25.942057605493503,荒川
千代田区|内幸町1丁目,121977.7937516567,2,156.93015239791663,荒川
千代田区|内幸町1丁目,121977.7937516567,3,1124.6531822804882,荒川
千代田区|内幸町2丁目,51559.241788918196,1,560.3174742440415,荒川
千代田区|内幸町2丁目,51559.241788918196,1,222.71756670236118,荒川
千代田区|内幸町2丁目,51559.241788918196,1,443.3766177897958,荒川
千代田区|内幸町2丁目,51559.241788918196,1,2114.94085620617,荒川
千代田区|内幸町2丁目,51559.241788918196,2,1614.5527795622,荒川
千代田区|内幸町2丁目,51559.241788918196,2,26.153033462775184,荒川
千代田区|内幸町2丁目,51559.241788918196,2,79.3019418916021,荒川
千代田区|有楽町1丁目,109799.37918710317,1,1528.966481079116,荒川
千代田区|有楽町1丁目,109799.37918710317,1,16538.662439248583,荒川
千代田区|有楽町1丁目,109799.37918710317,1,36.165034602406365,荒川
千代田区|有楽町1丁目,109799.37918710317,2,91564.29464266807,荒川
千代田区|有楽町1丁目,109799.37918710317,2,1.5779354324882937,荒川
千代田区|有楽町1丁目,109799.37918710317,2,51.46894542534288,荒川
千代田区|有楽町1丁目,109799.37918710317,2,52.30309075658998,荒川
千代田区|有楽町1丁目,109799.37918710317,2,25.940617889644052,荒川
千代田区|有楽町2丁目,71683.03531008259,1,26918.332696623827,荒川
千代田区|有楽町2丁目,71683.03531008259,1,577.2640815731166,荒川
千代田区|有楽町2丁目,71683.03531008259,1,3210.8640165826964,荒川
千代田区|有楽町2丁目,71683.03531008259,1,969.8923617062355,荒川
千代田区|有楽町2丁目,71683.03531008259,2,22256.995302547024,荒川
千代田区|有楽町2丁目,71683.03531008259,2,95.02391936654413,荒川
千代田区|有楽町2丁目,71683.03531008259,2,25.94057633220087,荒川
千代田区|有楽町2丁目,71683.03531008259,2,26.15133817689902,荒川
千代田区|有楽町2丁目,71683.03531008259,2,26.573450621096573,荒川
千代田区|有楽町2丁目,71683.03531008259,2,26.57367498573313,荒川
千代田区|有楽町2丁目,71683.03531008259,2,575.1678020028347,荒川
千代田区|有楽町2丁目,71683.03531008259,3,26.574084891402116,荒川
千代田区|有楽町2丁目,71683.03531008259,3,25.529411205674773,荒川
千代田区|有楽町2丁目,71683.03531008259,3,26.573901035732362,荒川
千代田区|皇居外苑,463566.327065405,1,753.2241436743183,荒川
千代田区|皇居外苑,463566.327065405,1,2.4277655022203937,荒川
千代田区|皇居外苑,463566.327065405,1,262.3417740354189,荒川
千代田区|皇居外苑,463566.327065405,1,146.51718566301,荒川
千代田区|皇居外苑,463566.327065405,1,243.32924401746794,荒川
千代田区|皇居外苑,463566.327065405,1,477.89865262771553,荒川
千代田区|皇居外苑,463566.327065405,1,5912.806814093538,荒川
千代田区|皇居外苑,463566.327065405,1,34.59270098950067,荒川
千代田区|皇居外苑,463566.327065405,1,385.2847364714521,荒川
千代田区|皇居外苑,463566.327065405,1,235.79001053251162,荒川
千代田区|皇居外苑,463566.327065405,1,183.6876931976171,荒川
千代田区|皇居外苑,463566.327065405,1,26.149330474175407,荒川
千代田区|皇居外苑,463566.327065405,1,182.01242609060614,荒川
千代田区|皇居外苑,463566.327065405,1,392.4967569785437,荒川
千代田区|皇居外苑,463566.327065405,1,52.510149158196924,荒川
千代田区|皇居外苑,463566.327065405,1,78.40598070857781,荒川
千代田区|皇居外苑,463566.327065405,1,172.112180275778,荒川
千代田区|皇居外苑,463566.327065405,1,157.12134473814052,荒川
千代田区|皇居外苑,463566.327065405,1,4402.763802677207,荒川
千代田区|皇居外苑,463566.327065405,2,94920.93511018521,荒川
千代田区|日比谷公園,203037.04377706104,1,8422.216454117513,荒川
千代田区|日比谷公園,203037.04377706104,1,260.06971778976975,荒川
千代田区|日比谷公園,203037.04377706104,1,834.418399912873,荒川
千代田区|日比谷公園,203037.04377706104,1,1004.9776867889638,荒川
千代田区|日比谷公園,203037.04377706104,1,1231.5274256734979,荒川
千代田区|日比谷公園,203037.04377706104,1,3348.389900619022,荒川
千代田区|日比谷公園,203037.04377706104,1,203.5822960651342,荒川
千代田区|日比谷公園,203037.04377706104,1,1086.36916318457,荒川
千代田区|日比谷公園,203037.04377706104,1,53.149623828602955,荒川
千代田区|日比谷公園,203037.04377706104,1,187.49773413266252,荒川
千代田区|日比谷公園,203037.04377706104,1,706.3623031705724,荒川
千代田区|日比谷公園,203037.04377706104,2,32525.183455291313,荒川
千代田区|日比谷公園,203037.04377706104,2,26.15158700658749,荒川
千代田区|日比谷公園,203037.04377706104,2,26.573829304384752,荒川
千代田区|日比谷公園,203037.04377706104,3,52.72482703987361,荒川
千代田区|日比谷公園,203037.04377706104,3,131.1885841938883,荒川
千代田区|千代田,1450880.3802640303,1,276.87385017675405,荒川
千代田区|千代田,1450880.3802640303,1,4.976743228030029,荒川
千代田区|千代田,1450880.3802640303,1,34.316089230275914,荒川
千代田区|千代田,1450880.3802640303,1,1.3307925079906253,荒川
千代田区|千代田,1450880.3802640303,1,5.914521827445453,荒川
千代田区|千代田,1450880.3802640303,1,181.99213077865073,荒川
千代田区|千代田,1450880.3802640303,1,6.06456520844481,荒川
千代田区|千代田,1450880.3802640303,1,367.76933463415486,荒川
千代田区|千代田,1450880.3802640303,1,181.1729253304283,荒川
千代田区|千代田,1450880.3802640303,1,182.0062098556393,荒川
千代田区|千代田,1450880.3802640303,1,337.1036791020588,荒川
千代田区|千代田,1450880.3802640303,1,220.6329829759649,荒川
千代田区|千代田,1450880.3802640303,1,123.4088430399552,荒川
千代田区|千代田,1450880.3802640303,1,71.68031151749385,荒川
千代田区|千代田,1450880.3802640303,1,157.11618833067743,荒川
千代田区|千代田,1450880.3802640303,1,129.07839543503408,荒川
千代田区|千代田,1450880.3802640303,1,176.70879114083422,荒川
千代田区|千代田,1450880.3802640303,1,214.92944706916307,荒川
千代田区|千代田,1450880.3802640303,2,68829.99430283163,荒川
千代田区|北の丸公園,430572.28900606907,1,13.517301906963628,荒川
千代田区|北の丸公園,430572.28900606907,1,134.1400482820878,荒川
千代田区|北の丸公園,430572.28900606907,1,3.953064147587428,荒川
千代田区|北の丸公園,430572.28900606907,1,234.07287243371871,荒川
千代田区|北の丸公園,430572.28900606907,1,78.13277201176447,荒川
千代田区|北の丸公園,430572.28900606907,2,16480.582412052365,荒川
千代田区|九段南1丁目,81700.34307924706,1,507.97528803275634,荒川
千代田区|九段南1丁目,81700.34307924706,1,126.08251943228157,荒川
千代田区|九段南1丁目,81700.34307924706,1,442.23371597337905,荒川
千代田区|九段南1丁目,81700.34307924706,2,942.3880916277286,荒川
千代田区|一ツ橋1丁目,47896.05502979347,1,182.93039780567855,荒川
千代田区|一ツ橋1丁目,47896.05502979347,1,313.2821621934233,荒川
千代田区|一ツ橋1丁目,47896.05502979347,2,524.1217270321745,荒川
千代田区|神田錦町1丁目,50226.28686091216,1,160.5406870886909,荒川
千代田区|神田錦町1丁目,50226.28686091216,1,387.29714147117494,荒川
千代田区|神田錦町1丁目,50226.28686091216,1,2220.0043585603794,荒川
千代田区|神田小川町1丁目,29574.23033644366,1,12654.205059655586,荒川
千代田区|神田小川町1丁目,29574.23033644366,2,21.883438247508792,荒川
千代田区|神田小川町1丁目,29574.23033644366,2,52.71162615765288,荒川
千代田区|神田小川町1丁目,29574.23033644366,2,26.14519101599843,荒川
千代田区|神田小川町1丁目,29574.23033644366,2,26.14525799265811,荒川
千代田区|神田美土代町,21170.37201738202,1,1466.704543803339,荒川
千代田区|神田美土代町,21170.37201738202,1,267.43448835927325,荒川
千代田区|内神田1丁目,85946.52841852249,1,7970.932897742554,荒川
千代田区|内神田1丁目,85946.52841852249,1,1802.8371214668132,荒川
千代田区|内神田1丁目,85946.52841852249,1,1052.6928216651136,荒川
千代田区|内神田2丁目,66306.56777207142,1,19874.378193345052,荒川
千代田区|内神田2丁目,66306.56777207142,1,49.05597207252115,荒川
千代田区|内神田2丁目,66306.56777207142,2,10.982084029571581,荒川
千代田区|内神田2丁目,66306.56777207142,2,78.8629933764067,荒川
千代田区|内神田2丁目,66306.56777207142,2,130.74606168440243,荒川
千代田区|内神田2丁目,66306.56777207142,2,52.71605515316483,荒川
千代田区|内神田2丁目,66306.56777207142,2,26.569010057751413,荒川
千代田区|内神田2丁目,66306.56777207142,2,25.463538839612475,荒川
千代田区|内神田3丁目,54610.951121284605,1,28648.39112395499,荒川
千代田区|内神田3丁目,54610.951121284605,2,1306.9038597748915,荒川
千代田区|内神田3丁目,54610.951121284605,2,26.567741107397943,荒川
千代田区|内神田3丁目,54610.951121284605,2,26.14603393155791,荒川
千代田区|内神田3丁目,54610.951121284605,2,181.15450064366937,荒川
千代田区|内神田3丁目,54610.951121284605,2,26.567598184106252,荒川
千代田区|内神田3丁目,54610.951121284605,2,11614.481403955482,荒川
千代田区|内神田3丁目,54610.951121284605,2,41.52088374447621,荒川
千代田区|内神田3丁目,54610.951121284605,2,52.503322207269434,荒川
千代田区|内神田3丁目,54610.951121284605,2,1070.9022055694686,荒川
千代田区|神田司町2丁目,50877.18393493363,1,7806.992013767075,荒川
千代田区|神田多町2丁目,29492.774246767865,1,16188.172319956766,荒川
千代田区|神田淡路町1丁目,18459.816525562408,1,7049.610542135212,荒川
千代田区|神田淡路町1丁目,18459.816525562408,2,80.3960624363169,荒川
千代田区|神田淡路町1丁目,18459.816525562408,2,25.522296785510505,荒川
千代田区|神田淡路町1丁目,18459.816525562408,2,51.570159345852076,荒川
千代田区|神田淡路町1丁目,18459.816525562408,2,104.16812497115964,荒川
千代田区|神田淡路町1丁目,18459.816525562408,2,26.145069807590286,荒川
千代田区|神田淡路町1丁目,18459.816525562408,2,26.566760867488405,荒川
千代田区|神田淡路町1丁目,18459.816525562408,2,104.57988363182479,荒川
千代田区|神田淡路町1丁目,18459.816525562408,2,82.28511140336803,荒川
千代田区|神田淡路町2丁目,57659.45951752053,1,3.7553881551545327,荒川
千代田区|神田淡路町2丁目,57659.45951752053,1,2298.948743340545,荒川
千代田区|神田淡路町2丁目,57659.45951752053,1,1045.6323040886364,荒川
千代田区|神田淡路町2丁目,57659.45951752053,1,14047.038295072374,荒川
千代田区|神田淡路町2丁目,57659.45951752053,1,577.0952998051081,荒川
千代田区|神田淡路町2丁目,57659.45951752053,2,85.43858156511416,荒川
千代田区|神田淡路町2丁目,57659.45951752053,2,15323.401663421317,荒川
千代田区|神田淡路町2丁目,57659.45951752053,2,23.56083918680073,荒川
千代田区|神田須田町1丁目,95582.71489208852,1,63262.174937248354,荒川
千代田区|神田須田町1丁目,95582.71489208852,1,188.42694039832435,荒川
千代田区|神田須田町1丁目,95582.71489208852,1,25.933465581667683,荒川
千代田区|神田須田町1丁目,95582.71489208852,1,0.573421063790453,荒川
千代田区|神田須田町1丁目,95582.71489208852,2,2789.53201800851,荒川
千代田区|神田須田町1丁目,95582.71489208852,2,53.200409004120765,荒川
千代田区|神田須田町1丁目,95582.71489208852,2,26.14445065724336,荒川
千代田区|神田須田町1丁目,95582.71489208852,2,575.2116753995206,荒川
千代田区|神田須田町1丁目,95582.71489208852,2,77.8116052119478,荒川
千代田区|神田須田町1丁目,95582.71489208852,2,79.06696044920649,荒川
千代田区|神田須田町1丁目,95582.71489208852,2,25.933824885427892,荒川
千代田区|神田須田町1丁目,95582.71489208852,2,25.933905827002413,荒川
千代田区|神田須田町1丁目,95582.71489208852,2,105.42290532408016,荒川
千代田区|神田須田町1丁目,95582.71489208852,2,51.45624236053088,荒川
千代田区|神田須田町1丁目,95582.71489208852,2,235.9470115694292,荒川
千代田区|神田須田町1丁目,95582.71489208852,2,1.1413786347867605,荒川
千代田区|神田須田町1丁目,95582.71489208852,2,25.933985925137712,荒川
千代田区|神田須田町1丁目,95582.71489208852,2,26.566535701933347,荒川
千代田区|神田須田町1丁目,95582.71489208852,2,52.711591433788364,荒川
千代田区|神田須田町1丁目,95582.71489208852,2,134.7136676303392,荒川
千代田区|神田須田町1丁目,95582.71489208852,2,52.71182972086134,荒川
千代田区|神田須田町1丁目,95582.71489208852,2,25.522374873361834,荒川
千代田区|神田須田町1丁目,95582.71489208852,2,25.934066217891743,荒川
千代田区|神田須田町1丁目,95582.71489208852,2,26.566618082311855,荒川
千代田区|神田須田町1丁目,95582.71489208852,2,209.59186503880244,荒川
千代田区|神田須田町1丁目,95582.71489208852,2,25.934144030476354,荒川
千代田区|神田須田町1丁目,95582.71489208852,2,105.21313450732363,荒川
千代田区|神田須田町1丁目,95582.71489208852,3,26.565887317746117,荒川
千代田区|神田須田町1丁目,95582.71489208852,3,26.1442234017479,荒川
千代田区|神田須田町1丁目,95582.71489208852,3,126.35560146316831,荒川
千代田区|神田須田町1丁目,95582.71489208852,3,26.144250039378097,荒川
千代田区|神田須田町1丁目,95582.71489208852,3,26.56585324327028,荒川
千代田区|神田須田町1丁目,95582.71489208852,3,25.521950693178226,荒川
千代田区|神田須田町1丁目,95582.71489208852,3,26.56613190203735,荒川
千代田区|神田須田町1丁目,95582.71489208852,3,26.566186386107894,荒川
千代田区|神田須田町1丁目,95582.71489208852,3,25.52182322025232,荒川
千代田区|神田須田町2丁目,70935.47776134053,1,16520.096946542388,荒川
千代田区|神田須田町2丁目,70935.47776134053,2,49633.383179060016,荒川
千代田区|神田須田町2丁目,70935.47776134053,2,52.50007754377736,荒川
千代田区|神田須田町2丁目,70935.47776134053,2,22.99920648674373,荒川
千代田区|神田須田町2丁目,70935.47776134053,3,758.4521948692047,荒川
千代田区|神田須田町2丁目,70935.47776134053,3,51.455807407183116,荒川
千代田区|外神田1丁目,79482.99421821572,1,1173.783304671306,荒川
千代田区|外神田1丁目,79482.99421821572,1,360.6356954490773,荒川
千代田区|外神田1丁目,79482.99421821572,1,628.1864343974546,荒川
千代田区|外神田1丁目,79482.99421821572,2,75551.98830479708,荒川
千代田区|外神田1丁目,79482.99421821572,3,52.70980490463139,荒川
千代田区|外神田1丁目,79482.99421821572,3,25.933352667337413,荒川
千代田区|外神田1丁目,79482.99421821572,3,26.14420962176441,荒川
千代田区|外神田1丁目,79482.99421821572,3,26.56568987491026,荒川
千代田区|外神田1丁目,79482.99421821572,3,553.8537476916343,荒川
千代田区|外神田1丁目,79482.99421821572,3,25.933472103346986,荒川
千代田区|外神田1丁目,79482.99421821572,3,26.144329962955034,荒川
千代田区|外神田1丁目,79482.99421821572,3,26.566023000587933,荒川
千代田区|外神田1丁目,79482.99421821572,3,25.521872091199903,荒川
千代田区|外神田1丁目,79482.99421821572,3,26.56583924822406,荒川
千代田区|外神田1丁目,79482.99421821572,3,78.64399899670674,荒川
千代田区|外神田1丁目,79482.99421821572,3,26.14419938866456,荒川
千代田区|外神田1丁目,79482.99421821572,3,26.565893741216282,荒川
千代田区|外神田1丁目,79482.99421821572,3,25.521744616711516,荒川
千代田区|外神田1丁目,79482.99421821572,3,26.565920806474345,荒川
千代田区|外神田1丁目,79482.99421821572,3,26.565961541498524,荒川
千代田区|外神田1丁目,79482.99421821572,3,105.42122691164455,荒川
千代田区|外神田1丁目,79482.99421821572,3,131.98732188916324,荒川
千代田区|外神田1丁目,79482.99421821572,4,52.70983212089818,荒川
千代田区|外神田2丁目,81585.01118822223,1,742.5910656614468,荒川
千代田区|外神田2丁目,81585.01118822223,1,265.7211381833585,荒川
千代田区|外神田2丁目,81585.01118822223,1,179.26084406026888,荒川
千代田区|外神田2丁目,81585.01118822223,1,271.80795780521913,荒川
千代田区|外神田2丁目,81585.01118822223,1,469.5724067950657,荒川
千代田区|外神田2丁目,81585.01118822223,1,1072.8000959951817,荒川
千代田区|外神田2丁目,81585.01118822223,2,4859.535776366579,荒川
千代田区|外神田2丁目,81585.01118822223,3,26.56548612949149,荒川
千代田区|外神田2丁目,81585.01118822223,3,25.521558832485752,荒川
千代田区|外神田2丁目,81585.01118822223,3,25.933273156045587,荒川
千代田区|外神田2丁目,81585.01118822223,3,26.144129423836386,荒川
千代田区|外神田3丁目,69546.56299012006,1,4334.058222559596,荒川
千代田区|外神田3丁目,69546.56299012006,1,4569.051229948257,荒川
千代田区|外神田3丁目,69546.56299012006,2,57212.95558326316,荒川
千代田区|外神田4丁目,71494.06624269634,2,71494.06624269634,荒川
千代田区|外神田5丁目,29646.673708902443,2,29646.673708902443,荒川
千代田区|外神田6丁目,51213.39029215478,1,610.7979818852874,荒川
千代田区|外神田6丁目,51213.39029215478,1,564.8291741396912,荒川
千代田区|外神田6丁目,51213.39029215478,2,44906.92896594507,荒川
千代田区|鍛冶町1丁目,38232.565156408506,1,23352.348434679927,荒川
千代田区|鍛冶町1丁目,38232.565156408506,2,4957.859743431152,荒川
千代田区|鍛冶町1丁目,38232.565156408506,2,2011.541861965578,荒川
千代田区|鍛冶町1丁目,38232.565156408506,2,1204.0800714880675,荒川
千代田区|鍛冶町1丁目,38232.565156408506,2,236.95869548848833,荒川
千代田区|鍛冶町2丁目,69681.49124759853,1,41474.436138390614,荒川
千代田区|鍛冶町2丁目,69681.49124759853,1,575.8758067463623,荒川
千代田区|鍛冶町2丁目,69681.49124759853,2,23454.556703156428,荒川
千代田区|鍛冶町2丁目,69681.49124759853,2,318.2196997781898,荒川
千代田区|鍛冶町2丁目,69681.49124759853,2,362.909916652692,荒川
千代田区|鍛冶町2丁目,69681.49124759853,2,25.5234427411297,荒川
千代田区|鍛冶町2丁目,69681.49124759853,2,1037.1318729704453,荒川
千代田区|鍛冶町2丁目,69681.49124759853,2,79.0717005626764,荒川
千代田区|神田鍛冶町3丁目,19337.932134419523,1,15551.336958925,荒川
千代田区|神田鍛冶町3丁目,19337.932134419523,1,26.14558107679015,荒川
千代田区|神田鍛冶町3丁目,19337.932134419523,2,1177.3108452429422,荒川
千代田区|神田鍛冶町3丁目,19337.932134419523,2,25.52297168026287,荒川
千代田区|神田鍛冶町3丁目,19337.932134419523,2,79.06906560573745,荒川
千代田区|神田鍛冶町3丁目,19337.932134419523,2,105.00377546215609,荒川
千代田区|神田鍛冶町3丁目,19337.932134419523,2,26.567106850830008,荒川
千代田区|神田鍛冶町3丁目,19337.932134419523,2,51.668370220110155,荒川
千代田区|神田鍛冶町3丁目,19337.932134419523,2,1875.692943308674,荒川
千代田区|神田鍛冶町3丁目,19337.932134419523,2,26.1456714241071,荒川
千代田区|神田鍛冶町3丁目,19337.932134419523,2,129.69332572106012,荒川
千代田区|神田鍛冶町3丁目,19337.932134419523,2,52.50209861574902,荒川
千代田区|神田鍛冶町3丁目,19337.932134419523,2,53.1341569476769,荒川
千代田区|神田鍛冶町3丁目,19337.932134419523,2,53.1342387345513,荒川
千代田区|神田鍛冶町3丁目,19337.932134419523,2,26.145913183022937,荒川
千代田区|神田鍛冶町3丁目,19337.932134419523,2,26.145607722811558,荒川
千代田区|神田鍛冶町3丁目,19337.932134419523,2,52.713503697949264,荒川
千代田区|神田紺屋町,20961.908280438198,1,0.01194291384377024,荒川
千代田区|神田紺屋町,20961.908280438198,2,20961.896337524217,荒川
千代田区|神田北乗物町,6804.799673911723,2,6804.799673911724,荒川
千代田区|神田富山町,13504.19710700333,1,2009.865869257264,荒川
千代田区|神田富山町,13504.19710700333,1,26.145579866913394,荒川
千代田区|神田富山町,13504.19710700333,1,838.1768352362288,荒川
千代田区|神田富山町,13504.19710700333,2,10574.346838977242,荒川
千代田区|神田富山町,13504.19710700333,2,26.145777176919744,荒川
千代田区|神田富山町,13504.19710700333,2,2.9487128289777824,荒川
千代田区|神田富山町,13504.19710700333,2,26.567493659965457,荒川
千代田区|神田美倉町,7797.834697212597,1,179.08776763002734,荒川
千代田区|神田美倉町,7797.834697212597,2,7618.746929582544,荒川
千代田区|岩本町1丁目,44130.75018221334,2,44130.75018221335,荒川
千代田区|岩本町2丁目,87392.31376825387,2,87392.31376825387,荒川
千代田区|岩本町3丁目,69953.77213558694,1,525.231148100518,荒川
千代田区|岩本町3丁目,69953.77213558694,2,69138.8421164123,荒川
千代田区|岩本町3丁目,69953.77213558694,3,289.69887107412563,荒川
千代田区|神田西福田町,4793.693184048523,2,4793.693184048522,荒川
千代田区|神田東松下町,30928.122038403846,1,741.7118694153957,荒川
千代田区|神田東松下町,30928.122038403846,1,26.14537866873691,荒川
千代田区|神田東松下町,30928.122038403846,2,30160.2647903197,荒川
千代田区|神田東紺屋町,3039.3379537235905,2,3039.3379537235905,荒川
千代田区|神田岩本町,14939.83520398651,2,14939.835203986506,荒川
千代田区|東神田1丁目,64578.76003922165,1,52.71172103344856,荒川
千代田区|東神田1丁目,64578.76003922165,1,262.3074929663478,荒川
千代田区|東神田1丁目,64578.76003922165,2,64263.74082522186,荒川
千代田区|東神田2丁目,54121.93065648035,1,719.3481418356739,荒川
千代田区|東神田2丁目,54121.93065648035,2,52500.06072807278,荒川
千代田区|東神田2丁目,54121.93065648035,3,560.9456276886053,荒川
千代田区|東神田2丁目,54121.93065648035,3,78.85565274012306,荒川
千代田区|東神田2丁目,54121.93065648035,3,105.84355377427126,荒川
千代田区|東神田2丁目,54121.93065648035,3,51.45595654109922,荒川
千代田区|東神田2丁目,54121.93065648035,3,105.42201239181819,荒川
千代田区|東神田3丁目,27662.52804464411,2,27429.879068671242,荒川
千代田区|東神田3丁目,27662.52804464411,3,158.5540142694015,荒川
千代田区|東神田3丁目,27662.52804464411,3,25.521973278882157,荒川
千代田区|東神田3丁目,27662.52804464411,3,48.57298842458502,荒川
千代田区|神田和泉町,83637.8489849764,2,82458.29018958834,荒川
千代田区|神田和泉町,83637.8489849764,3,79.27347121972682,荒川
千代田区|神田和泉町,83637.8489849764,3,222.9236850148502,荒川
千代田区|神田和泉町,83637.8489849764,3,52.708522292883515,荒川
千代田区|神田和泉町,83637.8489849764,3,78.85213444554567,荒川
千代田区|神田和泉町,83637.8489849764,3,0.6613358494126381,荒川
千代田区|神田和泉町,83637.8489849764,3,131.56056543730114,荒川
千代田区|神田和泉町,83637.8489849764,3,613.5790811284463,荒川
千代田区|神田佐久間町1丁目,33659.51546482413,2,33554.094191709264,荒川
千代田区|神田佐久間町1丁目,33659.51546482413,3,105.42127311486719,荒川
千代田区|神田佐久間町2丁目,18180.19301843109,2,18180.19301843109,荒川
千代田区|神田佐久間町3丁目,38957.15615519282,2,38957.15615519282,荒川
千代田区|神田佐久間町4丁目,12296.665780641766,2,12296.665780641768,荒川
千代田区|神田平河町,4947.254877209848,2,4947.25487720985,荒川
千代田区|神田松永町,16584.085671180557,2,16584.085671180565,荒川
千代田区|神田花岡町,23923.821759345672,2,23923.82175934567,荒川
千代田区|神田佐久間河岸,15162.176271574983,2,14965.090188766308,荒川
千代田区|神田佐久間河岸,15162.176271574983,3,78.23194897287387,荒川
千代田区|神田佐久間河岸,15162.176271574983,3,26.14440832724122,荒川
千代田区|神田佐久間河岸,15162.176271574983,3,92.70975271534965,荒川
千代田区|神田練塀町,34303.997268890664,2,34303.997268890664,荒川
千代田区|神田相生町,8033.972351024711,2,8033.972351024711,荒川
中央区|八重洲2丁目,93254.47316200455,1,27623.092655438686,荒川
中央区|八重洲2丁目,93254.47316200455,1,423.32900451158537,荒川
中央区|八重洲2丁目,93254.47316200455,1,1.652643280340411,荒川
中央区|京橋1丁目,81060.83715806447,1,38583.93344556625,荒川
中央区|京橋1丁目,81060.83715806447,1,48.3417529264908,荒川
中央区|京橋1丁目,81060.83715806447,1,366.33980675289405,荒川
中央区|京橋1丁目,81060.83715806447,1,390.40627860703603,荒川
中央区|京橋1丁目,81060.83715806447,1,416.97078464320623,荒川
中央区|京橋1丁目,81060.83715806447,2,36475.1797354397,荒川
中央区|京橋1丁目,81060.83715806447,2,26.572354379017895,荒川
中央区|京橋1丁目,81060.83715806447,2,52.723217027359645,荒川
中央区|京橋1丁目,81060.83715806447,2,26.571972735375315,荒川
中央区|京橋1丁目,81060.83715806447,2,26.150209047886996,荒川
中央区|京橋1丁目,81060.83715806447,2,25.52759798266259,荒川
中央区|京橋1丁目,81060.83715806447,2,26.572238351025202,荒川
中央区|京橋1丁目,81060.83715806447,2,26.150289521011562,荒川
中央区|京橋1丁目,81060.83715806447,2,25.939619256149903,荒川
中央区|京橋1丁目,81060.83715806447,2,104.19053203383703,荒川
中央区|京橋1丁目,81060.83715806447,2,26.571983137094293,荒川
中央区|京橋1丁目,81060.83715806447,2,52.72289823900996,荒川
中央区|京橋1丁目,81060.83715806447,3,26.572152222224386,荒川
中央区|京橋1丁目,81060.83715806447,3,26.150475865215395,荒川
中央区|京橋1丁目,81060.83715806447,3,27.892080874308867,荒川
中央区|京橋1丁目,81060.83715806447,3,25.939611517086334,荒川
中央区|京橋1丁目,81060.83715806447,3,367.80618867218686,荒川
中央区|京橋1丁目,81060.83715806447,3,8.813266780461463,荒川
中央区|京橋1丁目,81060.83715806447,3,17.651142954705538,荒川
中央区|京橋1丁目,81060.83715806447,3,311.84983875925286,荒川
中央区|京橋1丁目,81060.83715806447,3,0.8439974195131297,荒川
中央区|京橋1丁目,81060.83715806447,3,20.843884057842164,荒川
中央区|京橋1丁目,81060.83715806447,3,10.10210890879679,荒川
中央区|京橋1丁目,81060.83715806447,3,38.705043626664704,荒川
中央区|京橋1丁目,81060.83715806447,3,83.25529141550182,荒川
中央区|京橋1丁目,81060.83715806447,4,83.24403741819992,荒川
中央区|京橋1丁目,81060.83715806447,4,208.3813401198677,荒川
中央区|京橋2丁目,86881.7581027922,1,16933.198652880237,荒川
中央区|京橋2丁目,86881.7581027922,1,229.22109167127417,荒川
中央区|京橋2丁目,86881.7581027922,1,366.3489837928824,荒川
中央区|京橋2丁目,86881.7581027922,1,4534.134789050498,荒川
中央区|京橋2丁目,86881.7581027922,2,13227.565296890838,荒川
中央区|京橋2丁目,86881.7581027922,2,53.14534807072595,荒川
中央区|京橋2丁目,86881.7581027922,2,25.528264863400434,荒川
中央区|京橋2丁目,86881.7581027922,2,26.151129961988374,荒川
中央区|京橋2丁目,86881.7581027922,2,1047.3673729661934,荒川
中央区|京橋2丁目,86881.7581027922,2,25.528579521442666,荒川
中央区|京橋2丁目,86881.7581027922,2,400.43428491646296,荒川
中央区|京橋2丁目,86881.7581027922,3,59.18537702963715,荒川
中央区|京橋2丁目,86881.7581027922,3,7.987660445231761,荒川
中央区|京橋2丁目,86881.7581027922,3,1.604680962105803,荒川
中央区|京橋2丁目,86881.7581027922,3,224.89391926749676,荒川
中央区|京橋2丁目,86881.7581027922,3,365.72614315921425,荒川
中央区|京橋2丁目,86881.7581027922,3,4.538024629544379,荒川
中央区|京橋2丁目,86881.7581027922,3,25.528785516642674,荒川
中央区|京橋2丁目,86881.7581027922,3,318.70958515795996,荒川
中央区|京橋2丁目,86881.7581027922,3,53.14628175052947,荒川
中央区|京橋2丁目,86881.7581027922,3,12.019388252378022,荒川
中央区|京橋2丁目,86881.7581027922,3,408.7904529687139,荒川
中央区|京橋2丁目,86881.7581027922,4,210.0969005224061,荒川
中央区|京橋2丁目,86881.7581027922,4,78.4538758830251,荒川
中央区|京橋3丁目,55217.75614892563,1,6709.957495704759,荒川
中央区|京橋3丁目,55217.75614892563,2,1753.0208713837685,荒川
中央区|京橋3丁目,55217.75614892563,2,330.8023175507843,荒川
中央区|京橋3丁目,55217.75614892563,3,16.268689065763603,荒川
中央区|京橋3丁目,55217.75614892563,4,5.413653491761504,荒川
中央区|銀座1丁目,135464.32869598753,1,37170.924229803866,荒川
中央区|銀座1丁目,135464.32869598753,1,652.1744103375444,荒川
中央区|銀座1丁目,135464.32869598753,1,2980.663644748426,荒川
中央区|銀座1丁目,135464.32869598753,1,2165.5246356391926,荒川
中央区|銀座1丁目,135464.32869598753,1,568.7647580937377,荒川
中央区|銀座1丁目,135464.32869598753,1,2222.025749231697,荒川
中央区|銀座1丁目,135464.32869598753,2,55001.843693094655,荒川
中央区|銀座1丁目,135464.32869598753,2,1153.6794535550791,荒川
中央区|銀座1丁目,135464.32869598753,2,1599.1860294978017,荒川
中央区|銀座1丁目,135464.32869598753,2,26.5733799198134,荒川
中央区|銀座1丁目,135464.32869598753,3,316.3537986425387,荒川
中央区|銀座1丁目,135464.32869598753,3,25.529415525953805,荒川
中央区|銀座1丁目,135464.32869598753,3,26.573902147810564,荒川
中央区|銀座1丁目,135464.32869598753,3,491.55942803961824,荒川
中央区|銀座1丁目,135464.32869598753,3,25.529454823047516,荒川
中央区|銀座1丁目,135464.32869598753,3,524.5376140660642,荒川
中央区|銀座1丁目,135464.32869598753,3,18.1204958262823,荒川
中央区|銀座1丁目,135464.32869598753,3,25.529367080155186,荒川
中央区|銀座1丁目,135464.32869598753,3,26.152047834239067,荒川
中央区|銀座1丁目,135464.32869598753,3,26.89643791682844,荒川
中央区|銀座1丁目,135464.32869598753,3,25.941376819755796,荒川
中央区|銀座1丁目,135464.32869598753,3,26.15198781893183,荒川
中央区|銀座1丁目,135464.32869598753,3,26.573909826922748,荒川
中央区|銀座1丁目,135464.32869598753,3,205.69800253717872,荒川
中央区|銀座1丁目,135464.32869598753,3,56.65727158228637,荒川
中央区|銀座1丁目,135464.32869598753,3,43.655346340860675,荒川
中央区|銀座1丁目,135464.32869598753,3,543.9102502101098,荒川
中央区|銀座1丁目,135464.32869598753,3,64.54458964825275,荒川
中央区|銀座1丁目,135464.32869598753,3,19.81203558936904,荒川
中央区|銀座1丁目,135464.32869598753,3,2.991921357839982,荒川
中央区|銀座1丁目,135464.32869598753,4,105.45160508816474,荒川
中央区|銀座1丁目,135464.32869598753,4,156.92211437780642,荒川
中央区|銀座1丁目,135464.32869598753,4,25.529181027183178,荒川
中央区|銀座1丁目,135464.32869598753,4,130.77039020594168,荒川
中央区|銀座1丁目,135464.32869598753,4,260.0484595420566,荒川
中央区|銀座1丁目,135464.32869598753,4,287.6938114717965,荒川
中央区|銀座2丁目,92891.82567352417,1,36608.826035597864,荒川
中央区|銀座2丁目,92891.82567352417,1,62.08293701602457,荒川
中央区|銀座2丁目,92891.82567352417,1,256.4937111053994,荒川
中央区|銀座2丁目,92891.82567352417,1,50.1495511837236,荒川
中央区|銀座2丁目,92891.82567352417,2,39120.49383369424,荒川
中央区|銀座2丁目,92891.82567352417,2,262.376097711997,荒川
中央区|銀座2丁目,92891.82567352417,2,208.6062690493692,荒川
中央区|銀座2丁目,92891.82567352417,2,2455.8188310625083,荒川
中央区|銀座2丁目,92891.82567352417,2,26.5743937619291,荒川
中央区|銀座2丁目,92891.82567352417,2,51.68059225982569,荒川
中央区|銀座2丁目,92891.82567352417,2,26.151621606839814,荒川
中央区|銀座2丁目,92891.82567352417,2,316.5812938349162,荒川
中央区|銀座2丁目,92891.82567352417,2,155.8763310358955,荒川
中央区|銀座2丁目,92891.82567352417,2,24.515889551019328,荒川
中央区|銀座2丁目,92891.82567352417,3,418.66962410605464,荒川
中央区|銀座2丁目,92891.82567352417,3,26.15262075291852,荒川
中央区|銀座2丁目,92891.82567352417,3,26.15263419835553,荒川
中央区|銀座2丁目,92891.82567352417,3,26.574236694204135,荒川
中央区|銀座2丁目,92891.82567352417,3,207.76406706854522,荒川
中央区|銀座2丁目,92891.82567352417,3,157.34774434574678,荒川
中央区|銀座2丁目,92891.82567352417,3,0.2124891394490439,荒川
中央区|銀座2丁目,92891.82567352417,3,4.857520458446003,荒川
中央区|銀座2丁目,92891.82567352417,3,0.5288316443778673,荒川
中央区|銀座2丁目,92891.82567352417,3,4.07012217536263,荒川
中央区|銀座2丁目,92891.82567352417,3,1.1529059755968851,荒川
中央区|銀座2丁目,92891.82567352417,3,5.623073320654311,荒川
中央区|銀座2丁目,92891.82567352417,3,0.6313432123696532,荒川
中央区|銀座2丁目,92891.82567352417,4,78.85210164434503,荒川
中央区|銀座2丁目,92891.82567352417,4,392.5193768609006,荒川
中央区|銀座3丁目,90698.95996650447,1,22017.473392832508,荒川
中央区|銀座3丁目,90698.95996650447,1,51.68323788782496,荒川
中央区|銀座3丁目,90698.95996650447,1,397.3506628546776,荒川
中央区|銀座3丁目,90698.95996650447,2,33443.657396065,荒川
中央区|銀座3丁目,90698.95996650447,2,261.12410542659535,荒川
中央区|銀座3丁目,90698.95996650447,2,75.51510545785447,荒川
中央区|銀座3丁目,90698.95996650447,2,26.151993517627822,荒川
中央区|銀座3丁目,90698.95996650447,2,26.151809369786246,荒川
中央区|銀座3丁目,90698.95996650447,2,1.4249339684422795,荒川
中央区|銀座3丁目,90698.95996650447,2,444.20407661032266,荒川
中央区|銀座3丁目,90698.95996650447,3,78.52811548628985,荒川
中央区|銀座3丁目,90698.95996650447,3,835.0631807791003,荒川
中央区|銀座3丁目,90698.95996650447,3,25.530035138437626,荒川
中央区|銀座3丁目,90698.95996650447,3,25.53028038878726,荒川
中央区|銀座3丁目,90698.95996650447,3,133.08407418871633,荒川
中央区|銀座3丁目,90698.95996650447,3,130.98509572799597,荒川
中央区|銀座3丁目,90698.95996650447,3,25.530358943991676,荒川
中央区|銀座3丁目,90698.95996650447,3,25.529841792370338,荒川
中央区|銀座3丁目,90698.95996650447,4,1019.8001184413574,荒川
中央区|銀座4丁目,89664.73196068259,1,6847.168344167054,荒川
中央区|銀座4丁目,89664.73196068259,1,0.42161083120759746,荒川
中央区|銀座4丁目,89664.73196068259,1,438.6753917271866,荒川
中央区|銀座4丁目,89664.73196068259,1,26.57481049149889,荒川
中央区|銀座4丁目,89664.73196068259,1,197.93190918053196,荒川
中央区|銀座4丁目,89664.73196068259,2,30417.876759585324,荒川
中央区|銀座4丁目,89664.73196068259,3,443.78944938038427,荒川
中央区|銀座4丁目,89664.73196068259,3,26.153068351527565,荒川
中央区|銀座4丁目,89664.73196068259,3,26.153095102537886,荒川
中央区|銀座4丁目,89664.73196068259,3,443.16802862364545,荒川
中央区|銀座4丁目,89664.73196068259,3,37.89049485424103,荒川
中央区|銀座4丁目,89664.73196068259,3,0.47730319638608265,荒川
中央区|銀座4丁目,89664.73196068259,3,2.33383841272919,荒川
中央区|銀座4丁目,89664.73196068259,3,112.95870750955689,荒川
中央区|銀座4丁目,89664.73196068259,3,3.5233675797682196,荒川
中央区|銀座4丁目,89664.73196068259,3,7.488890176120014,荒川
中央区|銀座4丁目,89664.73196068259,3,261.5397074266004,荒川
中央区|銀座4丁目,89664.73196068259,3,53.14960616270397,荒川
中央区|銀座4丁目,89664.73196068259,4,967.3247085695142,荒川
中央区|銀座5丁目,106328.4091523087,1,23.337012140139255,荒川
中央区|銀座5丁目,106328.4091523087,1,111.0034323496713,荒川
中央区|銀座5丁目,106328.4091523087,1,394.2133520120728,荒川
中央区|銀座5丁目,106328.4091523087,1,6409.115310746034,荒川
中央区|銀座5丁目,106328.4091523087,1,946.822044189983,荒川
中央区|銀座5丁目,106328.4091523087,2,25057.419660932508,荒川
中央区|銀座5丁目,106328.4091523087,2,49.802204529652,荒川
中央区|銀座5丁目,106328.4091523087,2,26.575165645938537,荒川
中央区|銀座5丁目,106328.4091523087,3,26.153507534973073,荒川
中央区|銀座5丁目,106328.4091523087,3,156.09740562475525,荒川
中央区|銀座5丁目,106328.4091523087,3,182.66245455486342,荒川
中央区|銀座5丁目,106328.4091523087,3,183.29479190896382,荒川
中央区|銀座5丁目,106328.4091523087,3,26.15337716507044,荒川
中央区|銀座5丁目,106328.4091523087,3,80.13723164708293,荒川
中央区|銀座5丁目,106328.4091523087,3,25.530949288524596,荒川
中央区|銀座5丁目,106328.4091523087,3,25.53074349232807,荒川
中央区|銀座5丁目,106328.4091523087,3,26.575287817392997,荒川
中央区|銀座5丁目,106328.4091523087,3,86.3772663079089,荒川
中央区|銀座5丁目,106328.4091523087,3,285.04245926865076,荒川
中央区|銀座5丁目,106328.4091523087,3,18.92247315725019,荒川
中央区|銀座5丁目,106328.4091523087,4,811.2294918707263,荒川
中央区|銀座5丁目,106328.4091523087,4,36.840801293691015,荒川
中央区|銀座6丁目,104189.76933104529,1,201.4716830537764,荒川
中央区|銀座6丁目,104189.76933104529,1,8462.858205577395,荒川
中央区|銀座6丁目,104189.76933104529,1,569.9852257816646,荒川
中央区|銀座6丁目,104189.76933104529,2,32469.61192733972,荒川
中央区|銀座6丁目,104189.76933104529,2,26.57537065341908,荒川
中央区|銀座6丁目,104189.76933104529,2,26.15376385908198,荒川
中央区|銀座6丁目,104189.76933104529,3,21.76993426007632,荒川
中央区|銀座6丁目,104189.76933104529,3,0.35392619374263895,荒川
中央区|銀座6丁目,104189.76933104529,3,0.14701799348448735,荒川
中央区|銀座6丁目,104189.76933104529,3,26.576063994987,荒川
中央区|銀座6丁目,104189.76933104529,3,25.53090090497175,荒川
中央区|銀座6丁目,104189.76933104529,3,29.65789309313738,荒川
中央区|銀座6丁目,104189.76933104529,3,25.942895662135946,荒川
中央区|銀座6丁目,104189.76933104529,3,391.4823732851564,荒川
中央区|銀座6丁目,104189.76933104529,3,8.412940965540226,荒川
中央区|銀座6丁目,104189.76933104529,3,126.64457835415772,荒川
中央区|銀座6丁目,104189.76933104529,4,236.2370677611656,荒川
中央区|銀座6丁目,104189.76933104529,4,70.55781216362891,荒川
中央区|銀座7丁目,105873.68588048044,1,418.8354170625048,荒川
中央区|銀座7丁目,105873.68588048044,1,10169.746510629506,荒川
中央区|銀座7丁目,105873.68588048044,1,205.2128361668627,荒川
中央区|銀座7丁目,105873.68588048044,2,33547.388995893525,荒川
中央区|銀座7丁目,105873.68588048044,2,78.2608733906458,荒川
中央区|銀座7丁目,105873.68588048044,2,26.15400568514718,荒川
中央区|銀座7丁目,105873.68588048044,2,0.3930785463710542,荒川
中央区|銀座7丁目,105873.68588048044,2,26.15374110509483,荒川
中央区|銀座7丁目,105873.68588048044,3,83.95241499891884,荒川
中央区|銀座7丁目,105873.68588048044,3,166.69262260481645,荒川
中央区|銀座7丁目,105873.68588048044,3,14.847587831476769,荒川
中央区|銀座7丁目,105873.68588048044,3,258.2636810314644,荒川
中央区|銀座7丁目,105873.68588048044,3,332.3970088246058,荒川
中央区|銀座7丁目,105873.68588048044,4,40.01350478056343,荒川
中央区|銀座8丁目,151425.82814855097,1,7.394206701572654,荒川
中央区|銀座8丁目,151425.82814855097,1,2090.987786088123,荒川
中央区|銀座8丁目,151425.82814855097,1,9302.401838621914,荒川
中央区|銀座8丁目,151425.82814855097,1,371.2630564217582,荒川
中央区|銀座8丁目,151425.82814855097,1,1.666649121429606,荒川
中央区|銀座8丁目,151425.82814855097,1,7659.4730768993195,荒川
中央区|銀座8丁目,151425.82814855097,1,550.5350445984999,荒川
中央区|銀座8丁目,151425.82814855097,1,103.78563285186293,荒川
中央区|銀座8丁目,151425.82814855097,2,29890.060615424307,荒川
中央区|銀座8丁目,151425.82814855097,2,0.028768283698449772,荒川
中央区|銀座8丁目,151425.82814855097,2,548.4303791682837,荒川
中央区|銀座8丁目,151425.82814855097,3,25.94337593215669,荒川
中央区|銀座8丁目,151425.82814855097,3,26.154103523538843,荒川
中央区|銀座8丁目,151425.82814855097,3,130.7813106610595,荒川
中央区|銀座8丁目,151425.82814855097,3,26.1546350670543,荒川
中央区|銀座8丁目,151425.82814855097,3,834.4844580957761,荒川
中央区|銀座8丁目,151425.82814855097,3,26.576494305211845,荒川
中央区|銀座8丁目,151425.82814855097,3,0.033284906058677684,荒川
中央区|銀座8丁目,151425.82814855097,3,26.576562578437677,荒川
中央区|銀座8丁目,151425.82814855097,3,389.20450045779506,荒川
中央区|銀座8丁目,151425.82814855097,3,4.763140458140113,荒川
中央区|銀座8丁目,151425.82814855097,3,26.15454490978384,荒川
中央区|銀座8丁目,151425.82814855097,3,11.164312208147816,荒川
中央区|銀座8丁目,151425.82814855097,3,20.24449561404519,荒川
中央区|銀座8丁目,151425.82814855097,3,3.7176237593898662,荒川
中央区|銀座8丁目,151425.82814855097,3,295.84391274434347,荒川
中央区|銀座8丁目,151425.82814855097,3,5.67394079098278,荒川
中央区|銀座8丁目,151425.82814855097,3,1.7830788962075645,荒川
中央区|銀座8丁目,151425.82814855097,3,375.63743682130695,荒川
中央区|銀座8丁目,151425.82814855097,3,167.30700211802235,荒川
中央区|銀座8丁目,151425.82814855097,4,245.76662738918287,荒川
中央区|銀座8丁目,151425.82814855097,4,26.154437658303067,荒川
中央区|銀座8丁目,151425.82814855097,4,52.52004941440376,荒川
中央区|銀座8丁目,151425.82814855097,4,314.7198394377435,荒川
中央区|銀座8丁目,151425.82814855097,4,7.660797409486838,荒川
中央区|銀座8丁目,151425.82814855097,4,2.9037632729682232,荒川
中央区|銀座8丁目,151425.82814855097,4,11.322410780972913,荒川
中央区|銀座8丁目,151425.82814855097,4,0.41160372542091533,荒川
中央区|銀座8丁目,151425.82814855097,4,23.298583023377002,荒川
中央区|銀座8丁目,151425.82814855097,4,12.388339455236036,荒川
中央区|銀座8丁目,151425.82814855097,4,2.249710115666462,荒川
中央区|銀座8丁目,151425.82814855097,5,53.47008497561852,荒川
中央区|新富1丁目,77689.03713741805,1,69.1921820371424,荒川
中央区|新富1丁目,77689.03713741805,1,635.2411603563249,荒川
中央区|新富1丁目,77689.03713741805,1,2013.1991112194191,荒川
中央区|新富1丁目,77689.03713741805,1,391.88834151215417,荒川
中央区|新富1丁目,77689.03713741805,1,548.5996207190288,荒川
中央区|新富1丁目,77689.03713741805,1,3949.6370228481223,荒川
中央区|新富1丁目,77689.03713741805,2,63311.02623809224,荒川
中央区|新富1丁目,77689.03713741805,3,1676.4811600107287,荒川
中央区|新富1丁目,77689.03713741805,3,34.18342819931843,荒川
中央区|新富1丁目,77689.03713741805,3,25.619014347474405,荒川
中央区|新富1丁目,77689.03713741805,3,27.80374117432237,荒川
中央区|新富1丁目,77689.03713741805,3,79.08923167057385,荒川
中央区|新富1丁目,77689.03713741805,3,77.83439430132516,荒川
中央区|新富1丁目,77689.03713741805,3,22.432752822084918,荒川
中央区|新富1丁目,77689.03713741805,3,138.0888995640236,荒川
中央区|新富1丁目,77689.03713741805,4,2724.057587851402,荒川
中央区|新富2丁目,47386.92674759869,1,965.4133806103597,荒川
中央区|新富2丁目,47386.92674759869,2,35960.567522883764,荒川
中央区|新富2丁目,47386.92674759869,2,25.53019924599765,荒川
中央区|新富2丁目,47386.92674759869,3,26.57505729369783,荒川
中央区|新富2丁目,47386.92674759869,3,74.64416906301568,荒川
中央区|新富2丁目,47386.92674759869,3,464.923206792634,荒川
中央区|新富2丁目,47386.92674759869,3,8.86020135335447,荒川
中央区|新富2丁目,47386.92674759869,3,30.44125446777779,荒川
中央区|新富2丁目,47386.92674759869,3,51.68225860821516,荒川
中央区|新富2丁目,47386.92674759869,3,26.15273951842357,荒川
中央区|新富2丁目,47386.92674759869,3,14.545941979975616,荒川
中央区|新富2丁目,47386.92674759869,3,6.340587274234461,荒川
中央区|新富2丁目,47386.92674759869,3,52.516539258472264,荒川
中央区|新富2丁目,47386.92674759869,3,68.69418161170069,荒川
中央区|新富2丁目,47386.92674759869,3,26.15287371809595,荒川
中央区|新富2丁目,47386.92674759869,3,26.152689484988464,荒川
中央区|新富2丁目,47386.92674759869,3,26.574758648248995,荒川
中央区|新富2丁目,47386.92674759869,3,26.15295390794961,荒川
中央区|新富2丁目,47386.92674759869,3,26.15274247695858,荒川
中央区|新富2丁目,47386.92674759869,3,25.53027748780266,荒川
中央区|新富2丁目,47386.92674759869,3,51.472329339426636,荒川
中央区|新富2丁目,47386.92674759869,3,52.516645527122904,荒川
中央区|新富2丁目,47386.92674759869,3,290.00124197523076,荒川
中央区|新富2丁目,47386.92674759869,3,784.2265780695809,荒川
中央区|新富2丁目,47386.92674759869,3,26.57462909654907,荒川
中央区|新富2丁目,47386.92674759869,3,26.15278925747171,荒川
中央区|新富2丁目,47386.92674759869,3,26.15335152976691,荒川
中央区|新富2丁目,47386.92674759869,3,52.51733481286177,荒川
中央区|新富2丁目,47386.92674759869,4,7253.418996616134,荒川
中央区|新富2丁目,47386.92674759869,4,235.3850250105246,荒川
中央区|入船1丁目,34971.16001153347,1,813.3497321976058,荒川
中央区|入船1丁目,34971.16001153347,2,34157.8102793358,荒川
中央区|入船2丁目,25264.619696954247,2,25264.619696954243,荒川
中央区|入船3丁目,34449.13259824956,2,34449.13259824956,荒川
中央区|湊1丁目,53800.06713904671,1,26.15250675355544,荒川
中央区|湊1丁目,53800.06713904671,1,1469.4175143871046,荒川
中央区|湊1丁目,53800.06713904671,1,10450.390375783712,荒川
中央区|湊1丁目,53800.06713904671,1,26.151849804071826,荒川
中央区|湊1丁目,53800.06713904671,2,41518.95647137439,荒川
中央区|湊1丁目,53800.06713904671,2,26.574194864388552,荒川
中央区|湊1丁目,53800.06713904671,2,26.152416233402743,荒川
中央区|湊1丁目,53800.06713904671,2,26.15269397599213,荒川
中央区|湊1丁目,53800.06713904671,2,26.574311080761507,荒川
中央区|湊1丁目,53800.06713904671,2,26.574521913201963,荒川
中央区|湊1丁目,53800.06713904671,2,26.574021865831554,荒川
中央区|湊1丁目,53800.06713904671,2,71.19934376900105,荒川
中央区|湊1丁目,53800.06713904671,2,29.23130210510216,荒川
中央区|湊1丁目,53800.06713904671,3,26.574181132824506,荒川
中央区|湊1丁目,53800.06713904671,3,23.392139299892875,荒川
中央区|湊2丁目,40620.42828105476,1,12330.614005600195,荒川
中央区|湊2丁目,40620.42828105476,2,27713.565605062275,荒川
中央区|湊2丁目,40620.42828105476,2,58.52934575010257,荒川
中央区|湊2丁目,40620.42828105476,2,22.451105657484966,荒川
中央区|湊2丁目,40620.42828105476,2,105.03267526074337,荒川
中央区|湊2丁目,40620.42828105476,2,103.3654968610343,荒川
中央区|湊2丁目,40620.42828105476,2,129.30701489108338,荒川
中央区|湊2丁目,40620.42828105476,2,25.530194216821315,荒川
中央区|湊2丁目,40620.42828105476,2,105.45503245183822,荒川
中央区|湊2丁目,40620.42828105476,2,26.574958028712906,荒川
中央区|湊2丁目,40620.42828105476,2,0.002847274445571049,荒川
中央区|湊3丁目,49843.65409609646,1,207.54012207739723,荒川
中央区|湊3丁目,49843.65409609646,1,13744.776603865435,荒川
中央区|湊3丁目,49843.65409609646,2,35891.33687321562,荒川
中央区|明石町,171253.14483209638,1,159.25978838337252,荒川
中央区|明石町,171253.14483209638,1,12897.215250942081,荒川
中央区|明石町,171253.14483209638,1,234.29386208934164,荒川
中央区|明石町,171253.14483209638,1,1539.8426873599924,荒川
中央区|明石町,171253.14483209638,1,183.09084203197168,荒川
中央区|明石町,171253.14483209638,1,700.6963560265197,荒川
中央区|明石町,171253.14483209638,1,157.14627758157454,荒川
中央区|明石町,171253.14483209638,1,86.68319915575591,荒川
中央区|明石町,171253.14483209638,1,2297.2241861676257,荒川
中央区|明石町,171253.14483209638,1,0.015439402426442888,荒川
中央区|明石町,171253.14483209638,2,144005.95536478938,荒川
中央区|明石町,171253.14483209638,2,79.72778840293087,荒川
中央区|明石町,171253.14483209638,2,11.823457950602187,荒川
中央区|明石町,171253.14483209638,2,7.0919363517257965,荒川
中央区|明石町,171253.14483209638,2,26.5754900484661,荒川
中央区|明石町,171253.14483209638,2,51.47278682909694,荒川
中央区|明石町,171253.14483209638,2,67.33064050604357,荒川
中央区|明石町,171253.14483209638,2,77.83834245713024,荒川
中央区|明石町,171253.14483209638,2,51.684845372761664,荒川
中央区|明石町,171253.14483209638,3,160.12120129683703,荒川
中央区|明石町,171253.14483209638,3,25.94252998555015,荒川
中央区|明石町,171253.14483209638,3,52.7285389814659,荒川
中央区|明石町,171253.14483209638,3,26.575410982820365,荒川
中央区|明石町,171253.14483209638,3,51.68429428061987,荒川
中央区|明石町,171253.14483209638,3,182.03984690120637,荒川
中央区|明石町,171253.14483209638,3,358.42705079889464,荒川
中央区|明石町,171253.14483209638,4,1719.3182914288975,荒川
中央区|明石町,171253.14483209638,4,26.15358236763703,荒川
中央区|明石町,171253.14483209638,4,79.09314950506979,荒川
中央区|明石町,171253.14483209638,4,135.02992654396002,荒川
中央区|築地1丁目,77306.27719602616,1,391.076571012199,荒川
中央区|築地1丁目,77306.27719602616,1,471.82598839955847,荒川
中央区|築地1丁目,77306.27719602616,1,635.0586668541843,荒川
中央区|築地1丁目,77306.27719602616,1,237.13247751007032,荒川
中央区|築地1丁目,77306.27719602616,1,390.0271980689636,荒川
中央区|築地1丁目,77306.27719602616,1,2523.2592389787283,荒川
中央区|築地1丁目,77306.27719602616,2,54957.125447791834,荒川
中央区|築地1丁目,77306.27719602616,3,26.57483520813668,荒川
中央区|築地1丁目,77306.27719602616,3,339.5311250559836,荒川
中央区|築地1丁目,77306.27719602616,3,236.23187302409144,荒川
中央区|築地1丁目,77306.27719602616,3,26.153106271197267,荒川
中央区|築地1丁目,77306.27719602616,3,25.530426643263333,荒川
中央区|築地1丁目,77306.27719602616,3,25.941891049856856,荒川
中央区|築地1丁目,77306.27719602616,3,26.153343993463324,荒川
中央区|築地1丁目,77306.27719602616,3,78.88192882958106,荒川
中央区|築地1丁目,77306.27719602616,3,525.1958844322143,荒川
中央区|築地1丁目,77306.27719602616,3,183.0831565137156,荒川
中央区|築地1丁目,77306.27719602616,3,500.93377243290126,荒川
中央区|築地1丁目,77306.27719602616,3,40.369004893094626,荒川
中央区|築地1丁目,77306.27719602616,3,26.0980845365971,荒川
中央区|築地1丁目,77306.27719602616,3,23.197030394407598,荒川
中央区|築地1丁目,77306.27719602616,3,95.86735318760478,荒川
中央区|築地1丁目,77306.27719602616,3,22.630061698405775,荒川
中央区|築地1丁目,77306.27719602616,3,18.453843544509013,荒川
中央区|築地1丁目,77306.27719602616,3,25.530780898219867,荒川
中央区|築地1丁目,77306.27719602616,3,0.4218305748441153,荒川
中央区|築地1丁目,77306.27719602616,3,1554.7632524225105,荒川
中央区|築地1丁目,77306.27719602616,3,49.52453767452918,荒川
中央区|築地1丁目,77306.27719602616,3,25.94020075714775,荒川
中央区|築地1丁目,77306.27719602616,3,21.295182986051266,荒川
中央区|築地1丁目,77306.27719602616,3,25.623898554265107,荒川
中央区|築地1丁目,77306.27719602616,3,22.504123677394617,荒川
中央区|築地1丁目,77306.27719602616,3,26.1527834553303,荒川
中央区|築地1丁目,77306.27719602616,3,25.941887142334025,荒川
中央区|築地1丁目,77306.27719602616,3,26.5746295660082,荒川
中央区|築地1丁目,77306.27719602616,3,25.4219490710827,荒川
中央区|築地1丁目,77306.27719602616,3,19.907077822758183,荒川
中央区|築地1丁目,77306.27719602616,3,25.94213267701626,荒川
中央区|築地1丁目,77306.27719602616,3,25.943552795387383,荒川
中央区|築地1丁目,77306.27719602616,3,216.31728757552077,荒川
中央区|築地1丁目,77306.27719602616,4,3344.1104540643455,荒川
中央区|築地1丁目,77306.27719602616,4,2170.435237247263,荒川
中央区|築地1丁目,77306.27719602616,4,1962.4556112945038,荒川
中央区|築地2丁目,71205.8182658331,1,383.9245571596678,荒川
中央区|築地2丁目,71205.8182658331,2,67224.75660944685,荒川
中央区|築地2丁目,71205.8182658331,2,26.574935586392076,荒川
中央区|築地2丁目,71205.8182658331,3,51.47288280717116,荒川
中央区|築地2丁目,71205.8182658331,3,52.72813492444091,荒川
中央区|築地2丁目,71205.8182658331,3,26.575098280692593,荒川
中央区|築地2丁目,71205.8182658331,3,26.153314754344237,荒川
中央区|築地2丁目,71205.8182658331,3,0.7308630140768727,荒川
中央区|築地2丁目,71205.8182658331,3,19.281682562537526,荒川
中央区|築地2丁目,71205.8182658331,3,443.9980890842544,荒川
中央区|築地2丁目,71205.8182658331,3,26.574792355344997,荒川
中央区|築地2丁目,71205.8182658331,3,26.57480601005012,荒川
中央区|築地2丁目,71205.8182658331,3,261.96285331033454,荒川
中央区|築地2丁目,71205.8182658331,4,2634.510454883998,荒川
中央区|築地3丁目,85375.65862388711,1,628.7877989234996,荒川
中央区|築地3丁目,85375.65862388711,1,1193.4737994219313,荒川
中央区|築地3丁目,85375.65862388711,1,313.7141769390144,荒川
中央区|築地3丁目,85375.65862388711,1,12440.139762612525,荒川
中央区|築地3丁目,85375.65862388711,1,38.99856426212965,荒川
中央区|築地3丁目,85375.65862388711,1,0.0056747323169154176,荒川
中央区|築地3丁目,85375.65862388711,2,62903.54982573933,荒川
中央区|築地3丁目,85375.65862388711,3,365.433314801823,荒川
中央区|築地3丁目,85375.65862388711,3,445.89246616215104,荒川
中央区|築地3丁目,85375.65862388711,3,25.94232416162069,荒川
中央区|築地3丁目,85375.65862388711,3,157.34705620512412,荒川
中央区|築地3丁目,85375.65862388711,3,26.154096525775802,荒川
中央区|築地3丁目,85375.65862388711,3,109.030859633941,荒川
中央区|築地3丁目,85375.65862388711,3,26.575787139311114,荒川
中央区|築地3丁目,85375.65862388711,4,1259.2499849533585,荒川
中央区|築地3丁目,85375.65862388711,4,49.313614900536855,荒川
中央区|築地4丁目,81126.30598511499,1,1971.092041561941,荒川
中央区|築地4丁目,81126.30598511499,1,428.8737661313247,荒川
中央区|築地4丁目,81126.30598511499,1,417.8619666070902,荒川
中央区|築地4丁目,81126.30598511499,1,49.49385688731347,荒川
中央区|築地4丁目,81126.30598511499,1,550.9535297223835,荒川
中央区|築地4丁目,81126.30598511499,1,808.381414121951,荒川
中央区|築地4丁目,81126.30598511499,1,2114.8989166518886,荒川
中央区|築地4丁目,81126.30598511499,1,498.0068889374312,荒川
中央区|築地4丁目,81126.30598511499,1,91.8887005916441,荒川
中央区|築地4丁目,81126.30598511499,1,471.23660051758594,荒川
中央区|築地4丁目,81126.30598511499,1,971.7206005320285,荒川
中央区|築地4丁目,81126.30598511499,1,26.576565635792306,荒川
中央区|築地4丁目,81126.30598511499,2,63848.871635051764,荒川
中央区|築地4丁目,81126.30598511499,2,2.7166786738228588,荒川
中央区|築地4丁目,81126.30598511499,2,25.943644652126068,荒川
中央区|築地4丁目,81126.30598511499,3,26.153671239992956,荒川
中央区|築地4丁目,81126.30598511499,3,26.153386505968367,荒川
中央区|築地4丁目,81126.30598511499,3,26.575742748456754,荒川
中央区|築地4丁目,81126.30598511499,3,288.96846081910826,荒川
中央区|築地4丁目,81126.30598511499,3,254.47610295690612,荒川
中央区|築地4丁目,81126.30598511499,3,160.01596630206876,荒川
中央区|築地4丁目,81126.30598511499,3,26.154002842002868,荒川
中央区|築地4丁目,81126.30598511499,3,26.15354767447112,荒川
中央区|築地4丁目,81126.30598511499,3,25.94296750569607,荒川
中央区|築地4丁目,81126.30598511499,3,7.65347441472022,荒川
中央区|築地4丁目,81126.30598511499,3,18.16315294567706,荒川
中央区|築地4丁目,81126.30598511499,3,211.0319231972031,荒川
中央区|築地4丁目,81126.30598511499,4,3420.511495677246,荒川
中央区|築地5丁目,332359.96581656905,1,172.50256354902857,荒川
中央区|築地5丁目,332359.96581656905,1,364.09231953841424,荒川
中央区|築地5丁目,332359.96581656905,1,184.66019885342013,荒川
中央区|築地5丁目,332359.96581656905,1,26.576437714082083,荒川
中央区|築地5丁目,332359.96581656905,1,157.9818946380152,荒川
中央区|築地5丁目,332359.96581656905,1,26311.40696961538,荒川
中央区|築地5丁目,332359.96581656905,1,26.154904498903687,荒川
中央区|築地5丁目,332359.96581656905,1,338.99143448429396,荒川
中央区|築地5丁目,332359.96581656905,1,392.9805859929021,荒川
中央区|築地5丁目,332359.96581656905,1,104967.7293878629,荒川
中央区|築地5丁目,332359.96581656905,1,2.4603141184337667,荒川
中央区|築地5丁目,332359.96581656905,1,78.26226255746823,荒川
中央区|築地5丁目,332359.96581656905,1,181.84061803635498,荒川
中央区|築地5丁目,332359.96581656905,1,1393.6441119862764,荒川
中央区|築地5丁目,332359.96581656905,1,2330.479921441591,荒川
中央区|築地5丁目,332359.96581656905,1,1257.0049337203486,荒川
中央区|築地5丁目,332359.96581656905,1,1553.4511102201543,荒川
中央区|築地5丁目,332359.96581656905,1,415.8532626121474,荒川
中央区|築地5丁目,332359.96581656905,1,3270.292495511271,荒川
中央区|築地5丁目,332359.96581656905,1,1255.9690251150282,荒川
中央区|築地5丁目,332359.96581656905,1,3635.97463603141,荒川
中央区|築地5丁目,332359.96581656905,1,252.8646253836388,荒川
中央区|築地5丁目,332359.96581656905,1,261.15555843519047,荒川
中央区|築地5丁目,332359.96581656905,1,51.68857394081508,荒川
中央区|築地5丁目,332359.96581656905,2,134150.18886595505,荒川
中央区|築地5丁目,332359.96581656905,2,5362.002518418864,荒川
中央区|築地5丁目,332359.96581656905,2,523.3492609507315,荒川
中央区|築地5丁目,332359.96581656905,2,20.536195396520714,荒川
中央区|築地5丁目,332359.96581656905,2,20.835656517883244,荒川
中央区|築地5丁目,332359.96581656905,2,104.83279121731744,荒川
中央区|築地5丁目,332359.96581656905,2,26.155465415092436,荒川
中央区|築地5丁目,332359.96581656905,2,25.53193083209541,荒川
中央区|築地5丁目,332359.96581656905,2,79.56896842492877,荒川
中央区|築地5丁目,332359.96581656905,2,52.30851834964223,荒川
中央区|築地5丁目,332359.96581656905,2,549.4885196571181,荒川
中央区|築地5丁目,332359.96581656905,2,156.94537732519106,荒川
中央区|築地5丁目,332359.96581656905,2,26.155804241900164,荒川
中央区|築地5丁目,332359.96581656905,2,26.15601440267598,荒川
中央区|築地5丁目,332359.96581656905,2,445.4925376944556,荒川
中央区|築地5丁目,332359.96581656905,2,52.312097117140695,荒川
中央区|築地5丁目,332359.96581656905,2,53.15561575728367,荒川
中央区|築地5丁目,332359.96581656905,2,26.15463779178907,荒川
中央区|築地5丁目,332359.96581656905,2,26.156118943326554,荒川
中央区|築地5丁目,332359.96581656905,2,26.576527523124717,荒川
中央区|築地5丁目,332359.96581656905,2,23.7623233830373,荒川
中央区|築地5丁目,332359.96581656905,2,26.156030835205407,荒川
中央区|築地5丁目,332359.96581656905,2,627.7555565918894,荒川
中央区|築地5丁目,332359.96581656905,2,26.578124970738024,荒川
中央区|築地5丁目,332359.96581656905,2,26.57819319152812,荒川
中央区|築地5丁目,332359.96581656905,2,25.533616811773776,荒川
中央区|築地5丁目,332359.96581656905,2,25.945239902134958,荒川
中央区|築地5丁目,332359.96581656905,2,551.1718711270493,荒川
中央区|築地5丁目,332359.96581656905,2,26.15486563740901,荒川
中央区|築地5丁目,332359.96581656905,2,366.1903841975877,荒川
中央区|築地5丁目,332359.96581656905,2,0.4543542443014171,荒川
中央区|築地5丁目,332359.96581656905,2,53.153955262767006,荒川
中央区|築地5丁目,332359.96581656905,2,25.94400642370641,荒川
中央区|築地5丁目,332359.96581656905,2,26.57702519477276,荒川
中央区|築地5丁目,332359.96581656905,2,26.154959814767018,荒川
中央区|築地5丁目,332359.96581656905,2,25.53244182250436,荒川
中央区|築地5丁目,332359.96581656905,2,25.944251913814636,荒川
中央区|築地5丁目,332359.96581656905,2,25.532233633903967,荒川
中央区|築地5丁目,332359.96581656905,2,26.577066063622556,荒川
中央区|築地5丁目,332359.96581656905,2,1334.4787693603662,荒川
中央区|築地5丁目,332359.96581656905,2,21.021205320206818,荒川
中央区|築地5丁目,332359.96581656905,2,8.323263352424553,荒川
中央区|築地5丁目,332359.96581656905,2,26.578323978487507,荒川
中央区|築地5丁目,332359.96581656905,2,57.21502179255562,荒川
中央区|築地5丁目,332359.96581656905,2,4.6319223181191065,荒川
中央区|築地5丁目,332359.96581656905,3,30.538491658714772,荒川
中央区|築地5丁目,332359.96581656905,3,25.17772929948308,荒川
中央区|築地5丁目,332359.96581656905,3,26.576233611494082,荒川
中央区|築地5丁目,332359.96581656905,3,0.26478022785627153,荒川
中央区|築地5丁目,332359.96581656905,3,25.531385797409992,荒川
中央区|築地5丁目,332359.96581656905,3,67.81357182931569,荒川
中央区|築地5丁目,332359.96581656905,3,26.154472614511317,荒川
中央区|築地5丁目,332359.96581656905,3,26.576118383806488,荒川
中央区|築地5丁目,332359.96581656905,3,418.91054223158585,荒川
中央区|築地5丁目,332359.96581656905,3,42.141669746960055,荒川
中央区|築地5丁目,332359.96581656905,3,10.684058671411606,荒川
中央区|築地5丁目,332359.96581656905,3,56.44392884870253,荒川
中央区|築地5丁目,332359.96581656905,3,367.6499867554859,荒川
中央区|築地5丁目,332359.96581656905,3,31.041416168335704,荒川
中央区|築地5丁目,332359.96581656905,3,25.531519086157424,荒川
中央区|築地5丁目,332359.96581656905,3,20.76866353886669,荒川
中央区|築地5丁目,332359.96581656905,3,15.412290530960973,荒川
中央区|築地5丁目,332359.96581656905,3,26.154544019230258,荒川
中央区|築地5丁目,332359.96581656905,3,5.910062259114691,荒川
中央区|築地5丁目,332359.96581656905,3,26.576657164257213,荒川
中央区|築地5丁目,332359.96581656905,3,25.532088354948076,荒川
中央区|築地5丁目,332359.96581656905,3,26.154624680994278,荒川
中央区|築地5丁目,332359.96581656905,3,22.85907464379416,荒川
中央区|築地5丁目,332359.96581656905,3,69.93031500279643,荒川
中央区|築地5丁目,332359.96581656905,3,315.5550416843934,荒川
中央区|築地5丁目,332359.96581656905,3,20.480805059786096,荒川
中央区|築地5丁目,332359.96581656905,3,24.16076827800775,荒川
中央区|築地5丁目,332359.96581656905,3,29.03461779659835,荒川
中央区|築地5丁目,332359.96581656905,3,25.532079216965244,荒川
中央区|築地5丁目,332359.96581656905,3,519.6563156168912,荒川
中央区|築地5丁目,332359.96581656905,3,26.576692007012817,荒川
中央区|築地5丁目,332359.96581656905,3,15.039287894945522,荒川
中央区|築地5丁目,332359.96581656905,3,25.94400684971039,荒川
中央区|築地5丁目,332359.96581656905,3,803.6362057085461,荒川
中央区|築地5丁目,332359.96581656905,4,9083.754286828547,荒川
中央区|築地5丁目,332359.96581656905,4,44.02639402659538,荒川
中央区|築地5丁目,332359.96581656905,4,23.673180856241483,荒川
中央区|築地5丁目,332359.96581656905,4,14.621556350125758,荒川
中央区|築地5丁目,332359.96581656905,4,51.6875094546918,荒川
中央区|築地5丁目,332359.96581656905,4,2.856364395126116,荒川
中央区|築地5丁目,332359.96581656905,4,13.555707669363095,荒川
中央区|築地5丁目,332359.96581656905,4,26.57699839183698,荒川
中央区|築地5丁目,332359.96581656905,4,26.155211987802883,荒川
中央区|築地5丁目,332359.96581656905,4,23.905502062846573,荒川
中央区|築地5丁目,332359.96581656905,4,25.944292828578547,荒川
中央区|築地5丁目,332359.96581656905,4,25.9442929202412,荒川
中央区|築地5丁目,332359.96581656905,5,1253.3264276883745,荒川
中央区|築地6丁目,112417.15771378188,1,53.859521292459604,荒川
中央区|築地6丁目,112417.15771378188,1,350.34506305152513,荒川
中央区|築地6丁目,112417.15771378188,1,288.14662125213806,荒川
中央区|築地6丁目,112417.15771378188,1,77.84236052474813,荒川
中央区|築地6丁目,112417.15771378188,1,2604.8432212588496,荒川
中央区|築地6丁目,112417.15771378188,1,498.0315509838463,荒川
中央区|築地6丁目,112417.15771378188,1,2822.205358807612,荒川
中央区|築地6丁目,112417.15771378188,1,286.04962857889103,荒川
中央区|築地6丁目,112417.15771378188,1,390.8818461320154,荒川
中央区|築地6丁目,112417.15771378188,1,441.948486466298,荒川
中央区|築地6丁目,112417.15771378188,1,654.9665783701686,荒川
中央区|築地6丁目,112417.15771378188,1,2169.37257986209,荒川
中央区|築地6丁目,112417.15771378188,1,392.5537415179578,荒川
中央区|築地6丁目,112417.15771378188,2,67014.93588555828,荒川
中央区|築地6丁目,112417.15771378188,2,104.8325043378502,荒川
中央区|築地6丁目,112417.15771378188,2,25.94448771846048,荒川
中央区|築地6丁目,112417.15771378188,2,26.155435160614353,荒川
中央区|築地6丁目,112417.15771378188,2,2.1279941349564098,荒川
中央区|築地6丁目,112417.15771378188,2,25.64131186664982,荒川
中央区|築地7丁目,76547.69064094115,1,899.9629536240378,荒川
中央区|築地7丁目,76547.69064094115,1,838.033587006059,荒川
中央区|築地7丁目,76547.69064094115,1,500.15344840113795,荒川
中央区|築地7丁目,76547.69064094115,1,262.8257040943506,荒川
中央区|築地7丁目,76547.69064094115,1,237.36253668399843,荒川
中央区|築地7丁目,76547.69064094115,1,364.9319669452998,荒川
中央区|築地7丁目,76547.69064094115,1,183.09884881251992,荒川
中央区|築地7丁目,76547.69064094115,2,66911.19579419885,荒川
中央区|浜離宮庭園,261373.95364273872,1,24.6195727710067,荒川
中央区|八丁堀1丁目,32548.115148558132,1,546.558762265306,荒川
中央区|八丁堀1丁目,32548.115148558132,2,29883.9810181737,荒川
中央区|八丁堀1丁目,32548.115148558132,3,55.73961734699904,荒川
中央区|八丁堀1丁目,32548.115148558132,3,320.3249309332851,荒川
中央区|八丁堀1丁目,32548.115148558132,3,104.39111740005643,荒川
中央区|八丁堀1丁目,32548.115148558132,3,26.572215908903903,荒川
中央区|八丁堀1丁目,32548.115148558132,3,26.5722157833829,荒川
中央区|八丁堀1丁目,32548.115148558132,3,25.527831457729025,荒川
中央区|八丁堀1丁目,32548.115148558132,3,134.7093175812124,荒川
中央区|八丁堀1丁目,32548.115148558132,3,38.95872179531323,荒川
中央区|八丁堀1丁目,32548.115148558132,4,1209.6567988676366,荒川
中央区|八丁堀2丁目,75412.59627721693,1,0.9675246618040186,荒川
中央区|八丁堀2丁目,75412.59627721693,2,69667.95015184903,荒川
中央区|八丁堀2丁目,75412.59627721693,3,168.00657813986263,荒川
中央区|八丁堀2丁目,75412.59627721693,3,276.3363836647155,荒川
中央区|八丁堀2丁目,75412.59627721693,3,51.679094527614936,荒川
中央区|八丁堀2丁目,75412.59627721693,3,26.150860402370675,荒川
中央区|八丁堀2丁目,75412.59627721693,3,26.572686010298337,荒川
中央区|八丁堀2丁目,75412.59627721693,3,227.18663247480887,荒川
中央区|八丁堀2丁目,75412.59627721693,3,442.70724187724835,荒川
中央区|八丁堀2丁目,75412.59627721693,3,7.8771698250562725,荒川
中央区|八丁堀2丁目,75412.59627721693,3,27.498218184328085,荒川
中央区|八丁堀2丁目,75412.59627721693,3,25.939930274720226,荒川
中央区|八丁堀2丁目,75412.59627721693,3,51.67928649934348,荒川
中央区|八丁堀2丁目,75412.59627721693,3,31.458096107599342,荒川
中央区|八丁堀2丁目,75412.59627721693,3,288.51469848364604,荒川
中央区|八丁堀2丁目,75412.59627721693,3,16.47059826262489,荒川
中央区|八丁堀2丁目,75412.59627721693,3,12.974191617675233,荒川
中央区|八丁堀2丁目,75412.59627721693,3,7.196162332810722,荒川
中央区|八丁堀2丁目,75412.59627721693,3,51.67954704894523,荒川
中央区|八丁堀2丁目,75412.59627721693,4,3335.5067143983347,荒川
中央区|八丁堀3丁目,76595.99800783707,1,44.7651946260354,荒川
中央区|八丁堀3丁目,76595.99800783707,1,0.30766737990313414,荒川
中央区|八丁堀3丁目,76595.99800783707,2,69370.09483956665,荒川
中央区|八丁堀3丁目,76595.99800783707,3,445.2289955547511,荒川
中央区|八丁堀3丁目,76595.99800783707,3,25.52905973830201,荒川
中央区|八丁堀3丁目,76595.99800783707,3,26.57337144092515,荒川
中央区|八丁堀3丁目,76595.99800783707,3,59.58174981696973,荒川
中央区|八丁堀3丁目,76595.99800783707,3,25.528381969096955,荒川
中央区|八丁堀3丁目,76595.99800783707,3,18.58499265659143,荒川
中央区|八丁堀3丁目,76595.99800783707,3,24.54639834172373,荒川
中央区|八丁堀3丁目,76595.99800783707,3,61.1123786591827,荒川
中央区|八丁堀3丁目,76595.99800783707,3,366.9700463999706,荒川
中央区|八丁堀3丁目,76595.99800783707,3,25.528539260874176,荒川
中央区|八丁堀3丁目,76595.99800783707,3,22.035249144763718,荒川
中央区|八丁堀3丁目,76595.99800783707,3,46.1731018074352,荒川
中央区|八丁堀3丁目,76595.99800783707,3,262.1561586276495,荒川
中央区|八丁堀3丁目,76595.99800783707,3,25.528863136144633,荒川
中央区|八丁堀3丁目,76595.99800783707,3,25.52890245642916,荒川
中央区|八丁堀3丁目,76595.99800783707,3,13.921061731235675,荒川
中央区|八丁堀3丁目,76595.99800783707,3,38.1137558017212,荒川
中央区|八丁堀3丁目,76595.99800783707,4,5668.188993732177,荒川
中央区|八丁堀4丁目,59555.57391626824,1,1002.2061534636044,荒川
中央区|八丁堀4丁目,59555.57391626824,1,455.55224990434704,荒川
中央区|八丁堀4丁目,59555.57391626824,1,145.5259743819202,荒川
中央区|八丁堀4丁目,59555.57391626824,1,406.85279477818875,荒川
中央区|八丁堀4丁目,59555.57391626824,2,55585.26114452353,荒川
中央区|八丁堀4丁目,59555.57391626824,3,9.260165033230114,荒川
中央区|八丁堀4丁目,59555.57391626824,3,1073.3349230700182,荒川
中央区|八丁堀4丁目,59555.57391626824,3,183.93429998024175,荒川
中央区|八丁堀4丁目,59555.57391626824,4,661.3384189012883,荒川
中央区|新川1丁目,205427.57449250703,1,4.892570637945614,荒川
中央区|新川1丁目,205427.57449250703,1,313.0039441941911,荒川
中央区|新川1丁目,205427.57449250703,1,182.6109946624326,荒川
中央区|新川1丁目,205427.57449250703,1,235.1732944378275,荒川
中央区|新川1丁目,205427.57449250703,1,627.0361565504145,荒川
中央区|新川1丁目,205427.57449250703,1,300.1215026568188,荒川
中央区|新川1丁目,205427.57449250703,1,157.12288263946368,荒川
中央区|新川1丁目,205427.57449250703,2,187225.63830254896,荒川
中央区|新川1丁目,205427.57449250703,3,667.2358167593582,荒川
中央区|新川1丁目,205427.57449250703,3,26.15025257126907,荒川
中央区|新川1丁目,205427.57449250703,3,25.93941289441468,荒川
中央区|新川1丁目,205427.57449250703,3,124.87431930711763,荒川
中央区|新川1丁目,205427.57449250703,3,52.511377637888145,荒川
中央区|新川1丁目,205427.57449250703,3,25.52755194991377,荒川
中央区|新川1丁目,205427.57449250703,3,26.571965712160452,荒川
中央区|新川1丁目,205427.57449250703,3,26.57200649276018,荒川
中央区|新川1丁目,205427.57449250703,3,26.150242119043618,荒川
中央区|新川1丁目,205427.57449250703,3,78.66189325674841,荒川
中央区|新川1丁目,205427.57449250703,3,342.63034941630724,荒川
中央区|新川1丁目,205427.57449250703,3,26.57227187692973,荒川
中央区|新川1丁目,205427.57449250703,3,25.527875364402483,荒川
中央区|新川1丁目,205427.57449250703,3,26.572298968790765,荒川
中央区|新川1丁目,205427.57449250703,3,26.15032239217442,荒川
中央区|新川1丁目,205427.57449250703,3,104.19046595099387,荒川
中央区|新川1丁目,205427.57449250703,3,26.150573372605834,荒川
中央区|新川1丁目,205427.57449250703,3,25.527953691514966,荒川
中央区|新川1丁目,205427.57449250703,3,52.72276964289442,荒川
中央区|新川1丁目,205427.57449250703,3,26.57239417786995,荒川
中央区|新川1丁目,205427.57449250703,3,25.52799285420747,荒川
中央区|新川1丁目,205427.57449250703,3,26.572421278202665,荒川
中央区|新川1丁目,205427.57449250703,3,26.572224073579925,荒川
中央区|新川1丁目,205427.57449250703,3,51.46780318388724,荒川
中央区|新川1丁目,205427.57449250703,3,26.15068026115798,荒川
中央区|新川1丁目,205427.57449250703,3,331.12899618353083,荒川
中央区|新川1丁目,205427.57449250703,3,156.91364709020417,荒川
中央区|新川1丁目,205427.57449250703,3,26.5725164835772,荒川
中央区|新川1丁目,205427.57449250703,3,104.19084834204253,荒川
中央区|新川1丁目,205427.57449250703,3,156.50238741614436,荒川
中央区|新川1丁目,205427.57449250703,3,104.19069746008415,荒川
中央区|新川1丁目,205427.57449250703,3,26.572414167358748,荒川
中央区|新川1丁目,205427.57449250703,3,26.572427853474473,荒川
中央区|新川1丁目,205427.57449250703,3,104.190911020758,荒川
中央区|新川1丁目,205427.57449250703,3,26.57246861160122,荒川
中央区|新川1丁目,205427.57449250703,3,51.46786511105211,荒川
中央区|新川1丁目,205427.57449250703,3,26.15071001481109,荒川
中央区|新川1丁目,205427.57449250703,3,26.572509395621545,荒川
中央区|新川1丁目,205427.57449250703,3,1.132421367912962,荒川
中央区|新川1丁目,205427.57449250703,3,0.6430161698494681,荒川
中央区|新川1丁目,205427.57449250703,3,12.866910583653747,荒川
中央区|新川1丁目,205427.57449250703,3,216.40762836229547,荒川
中央区|新川1丁目,205427.57449250703,3,10.930753168944037,荒川
中央区|新川1丁目,205427.57449250703,3,22.622192256367114,荒川
中央区|新川2丁目,172421.34379993234,1,577.8922543053885,荒川
中央区|新川2丁目,172421.34379993234,1,1019.3319373946553,荒川
中央区|新川2丁目,172421.34379993234,1,556.9910486891523,荒川
中央区|新川2丁目,172421.34379993234,1,369.29197548915215,荒川
中央区|新川2丁目,172421.34379993234,1,45.83452076449755,荒川
中央区|新川2丁目,172421.34379993234,1,1043.858947624215,荒川
中央区|新川2丁目,172421.34379993234,1,445.45249386583777,荒川
中央区|新川2丁目,172421.34379993234,2,142401.89148651995,荒川
中央区|新川2丁目,172421.34379993234,2,52.514815793304315,荒川
中央区|新川2丁目,172421.34379993234,2,52.51466245083204,荒川
中央区|新川2丁目,172421.34379993234,3,53.14715051126721,荒川
中央区|新川2丁目,172421.34379993234,3,25.529134111201884,荒川
中央区|新川2丁目,172421.34379993234,3,467.81148950016825,荒川
中央区|新川2丁目,172421.34379993234,3,418.25000293285626,荒川
中央区|新川2丁目,172421.34379993234,3,25.529408066493467,荒川
中央区|新川2丁目,172421.34379993234,3,314.26509688790026,荒川
中央区|新川2丁目,172421.34379993234,3,653.8160776321434,荒川
中央区|新川2丁目,172421.34379993234,3,1483.5400927774908,荒川
中央区|新川2丁目,172421.34379993234,3,26.152304834058164,荒川
中央区|新川2丁目,172421.34379993234,3,1238.4554191190498,荒川
中央区|新川2丁目,172421.34379993234,3,368.46271164279426,荒川
中央区|新川2丁目,172421.34379993234,3,25.528584832141693,荒川
中央区|新川2丁目,172421.34379993234,4,26.151567682557666,荒川
中央区|日本橋本石町1丁目,22971.211427599763,1,5645.912900222946,荒川
中央区|日本橋本石町1丁目,22971.211427599763,2,630.1314781125327,荒川
中央区|日本橋本石町1丁目,22971.211427599763,2,291.98471728350654,荒川
中央区|日本橋本石町1丁目,22971.211427599763,2,677.6020705135221,荒川
中央区|日本橋本石町1丁目,22971.211427599763,2,26.570172694985736,荒川
中央区|日本橋本石町1丁目,22971.211427599763,3,129.9620768378527,荒川
中央区|日本橋本石町4丁目,41442.3153266002,1,16250.733245291845,荒川
中央区|日本橋本石町4丁目,41442.3153266002,1,130.3259633057797,荒川
中央区|日本橋本石町4丁目,41442.3153266002,2,25.936381262069432,荒川
中央区|日本橋本石町4丁目,41442.3153266002,2,26.147259486401296,荒川
中央区|日本橋本石町4丁目,41442.3153266002,2,104.81068338261888,荒川
中央区|日本橋本石町4丁目,41442.3153266002,2,340.15822918595853,荒川
中央区|日本橋本石町4丁目,41442.3153266002,2,18.728290114805944,荒川
中央区|日本橋本石町4丁目,41442.3153266002,2,0.06120290090974494,荒川
中央区|日本橋本石町4丁目,41442.3153266002,2,26.56903714554434,荒川
中央区|日本橋本石町4丁目,41442.3153266002,2,26.147112347710546,荒川
中央区|日本橋本石町4丁目,41442.3153266002,3,153.53892601651717,荒川
中央区|日本橋本石町4丁目,41442.3153266002,3,25.93670661259103,荒川
中央区|日本橋本石町4丁目,41442.3153266002,3,326.9566660547921,荒川
中央区|日本橋室町1丁目,72601.8056049326,1,5426.9910546634665,荒川
中央区|日本橋室町1丁目,72601.8056049326,1,5388.394877853947,荒川
中央区|日本橋室町1丁目,72601.8056049326,1,779.8579677761385,荒川
中央区|日本橋室町1丁目,72601.8056049326,2,2674.484074970114,荒川
中央区|日本橋室町1丁目,72601.8056049326,2,3687.1564491606273,荒川
中央区|日本橋室町1丁目,72601.8056049326,2,128.45316162920102,荒川
中央区|日本橋室町1丁目,72601.8056049326,2,52.71888552334666,荒川
中央区|日本橋室町1丁目,72601.8056049326,2,342.8768316595969,荒川
中央区|日本橋室町1丁目,72601.8056049326,3,52.71888536957336,荒川
中央区|日本橋室町1丁目,72601.8056049326,3,105.43766163552587,荒川
中央区|日本橋室町1丁目,72601.8056049326,3,25.525866869453857,荒川
中央区|日本橋室町2丁目,36451.16481506613,1,14514.662563547061,荒川
中央区|日本橋室町2丁目,36451.16481506613,2,749.2772983646057,荒川
中央区|日本橋室町3丁目,24365.637441619994,1,12411.335187791898,荒川
中央区|日本橋室町4丁目,29371.262890344486,1,16136.955952640801,荒川
中央区|日本橋室町4丁目,29371.262890344486,2,188.21432019082263,荒川
中央区|日本橋本町1丁目,52001.66578017896,1,10486.536401613223,荒川
中央区|日本橋本町1丁目,52001.66578017896,1,25.5254340629381,荒川
中央区|日本橋本町1丁目,52001.66578017896,1,131.3733026761961,荒川
中央区|日本橋本町1丁目,52001.66578017896,1,277.0129825392487,荒川
中央区|日本橋本町1丁目,52001.66578017896,2,31099.14628132632,荒川
中央区|日本橋本町1丁目,52001.66578017896,2,25.52567919071497,荒川
中央区|日本橋本町1丁目,52001.66578017896,2,77.82214182686737,荒川
中央区|日本橋本町1丁目,52001.66578017896,2,52.507425371206104,荒川
中央区|日本橋本町1丁目,52001.66578017896,3,235.5572943037768,荒川
中央区|日本橋本町2丁目,36585.980727827045,1,6524.622781064421,荒川
中央区|日本橋本町2丁目,36585.980727827045,1,1616.0352579439427,荒川
中央区|日本橋本町2丁目,36585.980727827045,1,26.14738942831961,荒川
中央区|日本橋本町2丁目,36585.980727827045,1,52.7170189978354,荒川
中央区|日本橋本町2丁目,36585.980727827045,1,1215.5931724670002,荒川
中央区|日本橋本町2丁目,36585.980727827045,2,24978.548027562105,荒川
中央区|日本橋本町3丁目,43959.6797056212,1,21855.144970244997,荒川
中央区|日本橋本町3丁目,43959.6797056212,1,12089.051298781747,荒川
中央区|日本橋本町3丁目,43959.6797056212,2,5736.528978510967,荒川
中央区|日本橋本町3丁目,43959.6797056212,2,264.60342186576173,荒川
中央区|日本橋本町3丁目,43959.6797056212,2,6.230972324229074,荒川
中央区|日本橋本町3丁目,43959.6797056212,2,209.39806258720614,荒川
中央区|日本橋本町3丁目,43959.6797056212,3,1.2176751219762123,荒川
中央区|日本橋本町3丁目,43959.6797056212,3,676.9400659861326,荒川
中央区|日本橋本町3丁目,43959.6797056212,3,261.9012569563521,荒川
中央区|日本橋本町3丁目,43959.6797056212,4,243.81063168830846,荒川
中央区|日本橋本町4丁目,60286.339358847115,1,26051.197846494513,荒川
中央区|日本橋本町4丁目,60286.339358847115,1,10713.420353205824,荒川
中央区|日本橋本町4丁目,60286.339358847115,1,188.86984108038698,荒川
中央区|日本橋本町4丁目,60286.339358847115,1,339.0926661627929,荒川
中央区|日本橋本町4丁目,60286.339358847115,2,19707.296549821454,荒川
中央区|日本橋本町4丁目,60286.339358847115,2,26.14657191149278,荒川
中央区|日本橋本町4丁目,60286.339358847115,2,26.14631477132357,荒川
中央区|日本橋本町4丁目,60286.339358847115,2,26.14666569248733,荒川
中央区|日本橋本町4丁目,60286.339358847115,2,26.568427283848276,荒川
中央区|日本橋本町4丁目,60286.339358847115,2,648.921292721802,荒川
中央区|日本橋本町4丁目,60286.339358847115,2,25.936064846832647,荒川
中央区|日本橋本町4丁目,60286.339358847115,2,1454.39581146283,荒川
中央区|日本橋本町4丁目,60286.339358847115,3,470.6724945017988,荒川
中央区|日本橋本町4丁目,60286.339358847115,3,52.50478164539781,荒川
中央区|日本橋本町4丁目,60286.339358847115,3,76.60017906389609,荒川
中央区|日本橋本町4丁目,60286.339358847115,3,51.67127452087635,荒川
中央区|日本橋本町4丁目,60286.339358847115,4,253.0106080976654,荒川
中央区|日本橋小舟町,57588.14844811601,1,445.36930981844665,荒川
中央区|日本橋小舟町,57588.14844811601,1,7792.975384993916,荒川
中央区|日本橋小舟町,57588.14844811601,2,49349.80418534315,荒川
中央区|日本橋小伝馬町,76716.8720067724,1,35790.58046369016,荒川
中央区|日本橋小伝馬町,76716.8720067724,1,602.0212258143579,荒川
中央区|日本橋小伝馬町,76716.8720067724,1,25.935461883085196,荒川
中央区|日本橋小伝馬町,76716.8720067724,1,262.10471618190246,荒川
中央区|日本橋小伝馬町,76716.8720067724,1,651.6103599463074,荒川
中央区|日本橋小伝馬町,76716.8720067724,2,26068.542586760486,荒川
中央区|日本橋小伝馬町,76716.8720067724,2,26.568343226310667,荒川
中央区|日本橋小伝馬町,76716.8720067724,3,26.56748280344186,荒川
中央区|日本橋小伝馬町,76716.8720067724,3,51.66928546032849,荒川
中央区|日本橋大伝馬町,56209.04933539809,1,33292.96145268421,荒川
中央区|日本橋大伝馬町,56209.04933539809,2,20969.24043364505,荒川
中央区|日本橋大伝馬町,56209.04933539809,2,26.568219119048898,荒川
中央区|日本橋大伝馬町,56209.04933539809,2,51.46028355828451,荒川
中央区|日本橋大伝馬町,56209.04933539809,2,26.14664881840495,荒川
中央区|日本橋大伝馬町,56209.04933539809,2,26.568922092038335,荒川
中央区|日本橋堀留町1丁目,56515.41969262082,1,15650.429462885812,荒川
中央区|日本橋堀留町1丁目,56515.41969262082,1,7007.3574469897385,荒川
中央区|日本橋堀留町1丁目,56515.41969262082,2,33857.63278274531,荒川
中央区|日本橋堀留町2丁目,35665.649302843995,1,14900.170517820305,荒川
中央区|日本橋堀留町2丁目,35665.649302843995,2,20661.934788886865,荒川
中央区|日本橋堀留町2丁目,35665.649302843995,2,25.9363739819215,荒川
中央区|日本橋堀留町2丁目,35665.649302843995,2,77.60762215488776,荒川
中央区|日本橋富沢町,58954.35413552138,2,58954.35413552138,荒川
中央区|日本橋人形町1丁目,61499.214401595134,1,1151.2220398191173,荒川
中央区|日本橋人形町1丁目,61499.214401595134,1,2774.8220918436364,荒川
中央区|日本橋人形町1丁目,61499.214401595134,2,57573.170269932365,荒川
中央区|日本橋人形町2丁目,101959.26612929376,2,98031.10168551165,荒川
中央区|日本橋人形町2丁目,101959.26612929376,2,17.19108272836383,荒川
中央区|日本橋人形町2丁目,101959.26612929376,3,1982.09320951154,荒川
中央区|日本橋人形町2丁目,101959.26612929376,3,26.148546802155813,荒川
中央区|日本橋人形町2丁目,101959.26612929376,3,26.57009703956033,荒川
中央区|日本橋人形町2丁目,101959.26612929376,3,1876.1615077004396,荒川
中央区|日本橋人形町3丁目,44587.999435336766,1,13572.91611285976,荒川
中央区|日本橋人形町3丁目,44587.999435336766,1,3118.044681783635,荒川
中央区|日本橋人形町3丁目,44587.999435336766,2,27897.038640693412,荒川
中央区|日本橋小網町,100738.92475993908,1,4054.9771027853094,荒川
中央区|日本橋小網町,100738.92475993908,1,209.62282070882418,荒川
中央区|日本橋小網町,100738.92475993908,1,1310.6778433498264,荒川
中央区|日本橋小網町,100738.92475993908,1,656.9147683228163,荒川
中央区|日本橋小網町,100738.92475993908,1,629.7168191499244,荒川
中央区|日本橋小網町,100738.92475993908,1,78.8706698337961,荒川
中央区|日本橋小網町,100738.92475993908,1,97.10045226400021,荒川
中央区|日本橋小網町,100738.92475993908,1,213.6362016158284,荒川
中央区|日本橋小網町,100738.92475993908,2,90473.28368010402,荒川
中央区|日本橋小網町,100738.92475993908,2,26.571163044486937,荒川
中央区|日本橋小網町,100738.92475993908,3,52.29802954789681,荒川
中央区|日本橋小網町,100738.92475993908,3,77.82544948791649,荒川
中央区|日本橋小網町,100738.92475993908,3,25.527326307381095,荒川
中央区|日本橋小網町,100738.92475993908,3,236.61990804871908,荒川
中央区|日本橋小網町,100738.92475993908,3,26.57172745141979,荒川
中央区|日本橋小網町,100738.92475993908,3,26.57174113793877,荒川
中央区|日本橋小網町,100738.92475993908,3,51.67649013324879,荒川
中央区|日本橋小網町,100738.92475993908,3,25.52736548280114,荒川
中央区|日本橋小網町,100738.92475993908,3,209.3094022892966,荒川
中央区|日本橋小網町,100738.92475993908,3,104.18597613831277,荒川
中央区|日本橋小網町,100738.92475993908,3,26.148604844941907,荒川
中央区|日本橋小網町,100738.92475993908,3,63.013497923257276,荒川
中央区|日本橋小網町,100738.92475993908,3,25.525826137174576,荒川
中央区|日本橋小網町,100738.92475993908,3,26.149087304819098,荒川
中央区|日本橋小網町,100738.92475993908,3,1.186196224222913,荒川
中央区|日本橋小網町,100738.92475993908,3,26.57157793452255,荒川
中央区|日本橋小網町,100738.92475993908,3,51.677045591803996,荒川
中央区|日本橋小網町,100738.92475993908,3,26.571618756479673,荒川
中央区|日本橋小網町,100738.92475993908,3,25.527247905073622,荒川
中央区|日本橋小網町,100738.92475993908,3,26.149877024151763,荒川
中央区|日本橋小網町,100738.92475993908,3,26.57144867151991,荒川
中央区|日本橋蛎殻町1丁目,104498.763475746,2,100808.10253468917,荒川
中央区|日本橋蛎殻町1丁目,104498.763475746,2,46.13080187593129,荒川
中央区|日本橋蛎殻町1丁目,104498.763475746,3,26.14911077147852,荒川
中央区|日本橋蛎殻町1丁目,104498.763475746,3,51.465299615470116,荒川
中央区|日本橋蛎殻町1丁目,104498.763475746,3,3541.530681324253,荒川
中央区|日本橋蛎殻町1丁目,104498.763475746,3,25.38504746964035,荒川
中央区|日本橋蛎殻町2丁目,73504.32207486956,2,58326.089958618715,荒川
中央区|日本橋蛎殻町2丁目,73504.32207486956,2,9.379178350288155,荒川
中央区|日本橋蛎殻町2丁目,73504.32207486956,2,6.378360243597177,荒川
中央区|日本橋蛎殻町2丁目,73504.32207486956,2,26.570710497547488,荒川
中央区|日本橋蛎殻町2丁目,73504.32207486956,3,24.831352012275822,荒川
中央区|日本橋蛎殻町2丁目,73504.32207486956,3,26.57041084101391,荒川
中央区|日本橋蛎殻町2丁目,73504.32207486956,3,25.52633279525556,荒川
中央区|日本橋蛎殻町2丁目,73504.32207486956,3,78.86901141882154,荒川
中央区|日本橋蛎殻町2丁目,73504.32207486956,3,314.4426031551063,荒川
中央区|日本橋蛎殻町2丁目,73504.32207486956,3,235.5635899564798,荒川
中央区|日本橋蛎殻町2丁目,73504.32207486956,3,77.61409310278675,荒川
中央区|日本橋蛎殻町2丁目,73504.32207486956,3,1336.283414866823,荒川
中央区|日本橋蛎殻町2丁目,73504.32207486956,3,12101.978583482283,荒川
中央区|日本橋蛎殻町2丁目,73504.32207486956,4,600.4178772078926,荒川
中央区|日本橋蛎殻町2丁目,73504.32207486956,4,26.57074451397692,荒川
中央区|日本橋蛎殻町2丁目,73504.32207486956,4,183.05215953769456,荒川
中央区|日本橋蛎殻町2丁目,73504.32207486956,4,104.18369426921592,荒川
中央区|日本橋箱崎町,248460.7151220554,1,341.4423204051643,荒川
中央区|日本橋箱崎町,248460.7151220554,1,394.1696998534054,荒川
中央区|日本橋箱崎町,248460.7151220554,1,307.260837878369,荒川
中央区|日本橋箱崎町,248460.7151220554,1,115.97425733562,荒川
中央区|日本橋箱崎町,248460.7151220554,1,705.6767994584889,荒川
中央区|日本橋箱崎町,248460.7151220554,1,77.61627427433747,荒川
中央区|日本橋箱崎町,248460.7151220554,1,523.4547782787677,荒川
中央区|日本橋箱崎町,248460.7151220554,1,51.67776009295713,荒川
中央区|日本橋箱崎町,248460.7151220554,1,651.7103425340755,荒川
中央区|日本橋箱崎町,248460.7151220554,1,403.0873431005806,荒川
中央区|日本橋箱崎町,248460.7151220554,2,148796.13842062146,荒川
中央区|日本橋箱崎町,248460.7151220554,2,26.150853763956782,荒川
中央区|日本橋箱崎町,248460.7151220554,2,25.939653330056238,荒川
中央区|日本橋箱崎町,248460.7151220554,2,25.938851907113545,荒川
中央区|日本橋箱崎町,248460.7151220554,2,1779.3566363515747,荒川
中央区|日本橋箱崎町,248460.7151220554,2,1098.7923316177444,荒川
中央区|日本橋箱崎町,248460.7151220554,2,653.799292958491,荒川
中央区|日本橋箱崎町,248460.7151220554,3,13.79829302366306,荒川
中央区|日本橋箱崎町,248460.7151220554,3,57142.53855876334,荒川
中央区|日本橋箱崎町,248460.7151220554,3,0.3215456530336124,荒川
中央区|日本橋箱崎町,248460.7151220554,3,25.939131770378978,荒川
中央区|日本橋箱崎町,248460.7151220554,3,93.89554085206957,荒川
中央区|日本橋箱崎町,248460.7151220554,3,25.480596523682074,荒川
中央区|日本橋箱崎町,248460.7151220554,3,26.57084208572996,荒川
中央区|日本橋箱崎町,248460.7151220554,3,104.80898240960735,荒川
中央区|日本橋箱崎町,248460.7151220554,3,443.52007122188786,荒川
中央区|日本橋箱崎町,248460.7151220554,3,78.03744957418742,荒川
中央区|日本橋箱崎町,248460.7151220554,3,26.15019958504856,荒川
中央区|日本橋箱崎町,248460.7151220554,3,26.57231224304053,荒川
中央区|日本橋箱崎町,248460.7151220554,3,25.527914134620943,荒川
中央区|日本橋箱崎町,248460.7151220554,3,26.5721421185029,荒川
中央区|日本橋箱崎町,248460.7151220554,3,25.527747421720164,荒川
中央区|日本橋箱崎町,248460.7151220554,3,26.572182879771702,荒川
中央区|日本橋箱崎町,248460.7151220554,3,51.467311615955076,荒川
中央区|日本橋箱崎町,248460.7151220554,3,26.150428809301705,荒川
中央区|日本橋箱崎町,248460.7151220554,3,26.15044230252409,荒川
中央区|日本橋箱崎町,248460.7151220554,3,25.93956486221645,荒川
中央区|日本橋箱崎町,248460.7151220554,3,25.939604649495998,荒川
中央区|日本橋箱崎町,248460.7151220554,3,26.150719930921554,荒川
中央区|日本橋箱崎町,248460.7151220554,3,26.57230512813744,荒川
中央区|日本橋箱崎町,248460.7151220554,3,25.527904056625452,荒川
中央区|日本橋箱崎町,248460.7151220554,3,26.57242745182809,荒川
中央区|日本橋箱崎町,248460.7151220554,3,25.52771023745374,荒川
中央区|日本橋箱崎町,248460.7151220554,3,26.57245454299232,荒川
中央区|日本橋箱崎町,248460.7151220554,4,53.14336724394533,荒川
中央区|日本橋馬喰町1丁目,59121.385280118484,1,23756.501087642453,荒川
中央区|日本橋馬喰町1丁目,59121.385280118484,2,35051.511596926706,荒川
中央区|日本橋馬喰町1丁目,59121.385280118484,2,52.71265623756381,荒川
中央区|日本橋馬喰町1丁目,59121.385280118484,2,26.14566405095689,荒川
中央区|日本橋馬喰町1丁目,59121.385280118484,2,25.52295561157032,荒川
中央区|日本橋馬喰町1丁目,59121.385280118484,2,10.52555029937792,荒川
中央区|日本橋馬喰町1丁目,59121.385280118484,2,88.10783452045051,荒川
中央区|日本橋馬喰町1丁目,59121.385280118484,2,52.29179930001169,荒川
中央区|日本橋馬喰町1丁目,59121.385280118484,2,58.06613552962226,荒川
中央区|日本橋馬喰町2丁目,45474.52445249801,1,195.3538052596367,荒川
中央区|日本橋馬喰町2丁目,45474.52445249801,2,45097.60283604285,荒川
中央区|日本橋馬喰町2丁目,45474.52445249801,3,25.522090893778504,荒川
中央区|日本橋馬喰町2丁目,45474.52445249801,3,26.144647682662537,荒川
中央区|日本橋馬喰町2丁目,45474.52445249801,3,25.52237488777469,荒川
中央区|日本橋馬喰町2丁目,45474.52445249801,3,26.144965246105173,荒川
中央区|日本橋馬喰町2丁目,45474.52445249801,3,52.71143634912189,荒川
中央区|日本橋馬喰町2丁目,45474.52445249801,3,25.522286381273148,荒川
中央区|日本橋横山町,43756.66924289241,1,3892.9821507771285,荒川
中央区|日本橋横山町,43756.66924289241,1,1539.1561333428742,荒川
中央区|日本橋横山町,43756.66924289241,2,38141.51521997502,荒川
中央区|日本橋横山町,43756.66924289241,2,14.997886267748104,荒川
中央区|日本橋横山町,43756.66924289241,2,69.19899449431685,荒川
中央区|日本橋横山町,43756.66924289241,2,73.29530345106079,荒川
中央区|日本橋横山町,43756.66924289241,2,25.52355458405978,荒川
中央区|東日本橋1丁目,65707.02483204335,2,63935.77189669179,荒川
中央区|東日本橋1丁目,65707.02483204335,3,49.21341540009077,荒川
中央区|東日本橋1丁目,65707.02483204335,3,6.365471482748783,荒川
中央区|東日本橋1丁目,65707.02483204335,3,195.5507231111287,荒川
中央区|東日本橋1丁目,65707.02483204335,3,854.742677158119,荒川
中央区|東日本橋1丁目,65707.02483204335,3,26.145893455330885,荒川
中央区|東日本橋1丁目,65707.02483204335,3,639.2347547440979,荒川
中央区|東日本橋2丁目,107715.74245110342,2,104032.86496854042,荒川
中央区|東日本橋2丁目,107715.74245110342,3,369.64411830274634,荒川
中央区|東日本橋2丁目,107715.74245110342,3,1306.1759770525848,荒川
中央区|東日本橋2丁目,107715.74245110342,3,51.868031277160334,荒川
中央区|東日本橋2丁目,107715.74245110342,3,131.56789354458573,荒川
中央区|東日本橋2丁目,107715.74245110342,3,52.71189372522636,荒川
中央区|東日本橋2丁目,107715.74245110342,3,26.145219010778753,荒川
中央区|東日本橋2丁目,107715.74245110342,3,51.45690134095417,荒川
中央区|東日本橋2丁目,107715.74245110342,3,26.566939749864424,荒川
中央区|東日本橋2丁目,107715.74245110342,3,559.1649996761446,荒川
中央区|東日本橋2丁目,107715.74245110342,3,25.522560106903057,荒川
中央区|東日本橋2丁目,107715.74245110342,3,53.133763911887954,荒川
中央区|東日本橋2丁目,107715.74245110342,3,51.6681311396401,荒川
中央区|東日本橋2丁目,107715.74245110342,3,77.81319318325038,荒川
中央区|東日本橋2丁目,107715.74245110342,3,53.13430199974644,荒川
中央区|東日本橋2丁目,107715.74245110342,3,51.66803265046802,荒川
中央区|東日本橋2丁目,107715.74245110342,3,25.52304094105046,荒川
中央区|東日本橋2丁目,107715.74245110342,3,691.2985765264347,荒川
中央区|東日本橋2丁目,107715.74245110342,4,77.81289129204833,荒川
中央区|東日本橋3丁目,54284.659791352206,2,54284.6597913522,荒川
中央区|日本橋久松町,40099.68174230129,2,40099.6817423013,荒川
中央区|日本橋浜町1丁目,51919.84201946598,2,38952.349226256614,荒川
中央区|日本橋浜町1丁目,51919.84201946598,2,19.131928528776143,荒川
中央区|日本橋浜町1丁目,51919.84201946598,2,0.05492661934730579,荒川
中央区|日本橋浜町1丁目,51919.84201946598,3,100.58085859196493,荒川
中央区|日本橋浜町1丁目,51919.84201946598,3,19.780954984223918,荒川
中央区|日本橋浜町1丁目,51919.84201946598,3,326.3619492787795,荒川
中央区|日本橋浜町1丁目,51919.84201946598,3,26.568051550808672,荒川
中央区|日本橋浜町1丁目,51919.84201946598,3,12475.014123655608,荒川
中央区|日本橋浜町2丁目,211998.5157975764,1,58.185776253147935,荒川
中央区|日本橋浜町2丁目,211998.5157975764,1,24.359233670531168,荒川
中央区|日本橋浜町2丁目,211998.5157975764,1,0.4217287326887357,荒川
中央区|日本橋浜町2丁目,211998.5157975764,1,339.10136130839635,荒川
中央区|日本橋浜町2丁目,211998.5157975764,1,41.161889647097084,荒川
中央区|日本橋浜町2丁目,211998.5157975764,1,102.994217182324,荒川
中央区|日本橋浜町2丁目,211998.5157975764,1,367.12795989410523,荒川
中央区|日本橋浜町2丁目,211998.5157975764,2,119771.89141915295,荒川
中央区|日本橋浜町2丁目,211998.5157975764,2,26.147459367438874,荒川
中央区|日本橋浜町2丁目,211998.5157975764,2,20.378845114775828,荒川
中央区|日本橋浜町2丁目,211998.5157975764,2,418.1779948673391,荒川
中央区|日本橋浜町2丁目,211998.5157975764,2,2359.741037256436,荒川
中央区|日本橋浜町2丁目,211998.5157975764,2,810.9632121806093,荒川
中央区|日本橋浜町2丁目,211998.5157975764,2,233.88091494104597,荒川
中央区|日本橋浜町2丁目,211998.5157975764,2,2242.593261852896,荒川
中央区|日本橋浜町2丁目,211998.5157975764,2,155.84669798684084,荒川
中央区|日本橋浜町2丁目,211998.5157975764,2,2247.7319218617963,荒川
中央区|日本橋浜町2丁目,211998.5157975764,2,10574.964493783587,荒川
中央区|日本橋浜町2丁目,211998.5157975764,2,625.4835761824659,荒川
中央区|日本橋浜町2丁目,211998.5157975764,2,1413.5149547884873,荒川
中央区|日本橋浜町2丁目,211998.5157975764,3,371.3179460239778,荒川
中央区|日本橋浜町2丁目,211998.5157975764,3,51.67139294573051,荒川
中央区|日本橋浜町2丁目,211998.5157975764,3,651.6253261582899,荒川
中央区|日本橋浜町2丁目,211998.5157975764,3,53.13789976553724,荒川
中央区|日本橋浜町2丁目,211998.5157975764,3,130.323999400732,荒川
中央区|日本橋浜町2丁目,211998.5157975764,3,29291.034018803843,荒川
中央区|日本橋浜町2丁目,211998.5157975764,3,26.14730294355907,荒川
中央区|日本橋浜町2丁目,211998.5157975764,3,52.50551157606358,荒川
中央区|日本橋浜町2丁目,211998.5157975764,3,103.34473034903439,荒川
中央区|日本橋浜町2丁目,211998.5157975764,3,52.505645883474685,荒川
中央区|日本橋浜町2丁目,211998.5157975764,3,26.14738311577016,荒川
中央区|日本橋浜町2丁目,211998.5157975764,3,26.147382564193514,荒川
中央区|日本橋浜町2丁目,211998.5157975764,3,25.93653042994428,荒川
中央区|日本橋浜町2丁目,211998.5157975764,3,26.14762086545717,荒川
中央区|日本橋浜町2丁目,211998.5157975764,3,26.569036222237305,荒川
中央区|日本橋浜町2丁目,211998.5157975764,3,51.67222212767391,荒川
中央区|日本橋浜町2丁目,211998.5157975764,3,25.52508323439099,荒川
中央区|日本橋浜町2丁目,211998.5157975764,3,915.2371995452892,荒川
中央区|日本橋浜町2丁目,211998.5157975764,3,25.525123351981044,荒川
中央区|日本橋浜町2丁目,211998.5157975764,3,53.13846076069342,荒川
中央区|日本橋浜町2丁目,211998.5157975764,3,340.9936381264844,荒川
中央区|日本橋浜町2丁目,211998.5157975764,3,25.525075037309634,荒川
中央区|日本橋浜町2丁目,211998.5157975764,3,25.93676905723573,荒川
中央区|日本橋浜町2丁目,211998.5157975764,3,1155.6618670112896,荒川
中央区|日本橋浜町2丁目,211998.5157975764,3,131.79412708973672,荒川
中央区|日本橋浜町2丁目,211998.5157975764,3,26.569527283639896,荒川
中央区|日本橋浜町2丁目,211998.5157975764,3,25.937168917969,荒川
中央区|日本橋浜町2丁目,211998.5157975764,3,26.148278056428452,荒川
中央区|日本橋浜町2丁目,211998.5157975764,3,31512.24774913737,荒川
中央区|日本橋浜町2丁目,211998.5157975764,4,523.6032516540394,荒川
中央区|日本橋浜町3丁目,127141.63581054604,1,4.710925723175011,荒川
中央区|日本橋浜町3丁目,127141.63581054604,2,18401.945049803307,荒川
中央区|日本橋浜町3丁目,127141.63581054604,2,582.4126533165347,荒川
中央区|日本橋浜町3丁目,127141.63581054604,2,2752.3534825379566,荒川
中央区|日本橋浜町3丁目,127141.63581054604,2,339.9570894225928,荒川
中央区|日本橋浜町3丁目,127141.63581054604,2,261.9096724836477,荒川
中央区|日本橋浜町3丁目,127141.63581054604,3,101374.26831369328,荒川
中央区|日本橋浜町3丁目,127141.63581054604,3,26.148438846207227,荒川
中央区|日本橋浜町3丁目,127141.63581054604,3,2221.6011798632494,荒川
中央区|日本橋中洲,94413.44465866806,1,262.1520005236084,荒川
中央区|日本橋中洲,94413.44465866806,2,63080.34279268606,荒川
中央区|日本橋中洲,94413.44465866806,2,308.5643652474879,荒川
中央区|日本橋中洲,94413.44465866806,2,236.61891269999626,荒川
中央区|日本橋中洲,94413.44465866806,3,9520.040773661194,荒川
中央区|日本橋中洲,94413.44465866806,3,26.56996880857797,荒川
中央区|日本橋中洲,94413.44465866806,3,156.90255093784936,荒川
中央区|日本橋中洲,94413.44465866806,3,1019.4586932413332,荒川
中央区|日本橋中洲,94413.44465866806,3,9320.342474840467,荒川
中央区|日本橋中洲,94413.44465866806,3,862.3300220240392,荒川
中央区|日本橋中洲,94413.44465866806,3,0.04616658086015645,荒川
中央区|八重洲1丁目,86284.72956605678,1,51221.10642209718,荒川
中央区|八重洲1丁目,86284.72956605678,1,16.744362026382355,荒川
中央区|八重洲1丁目,86284.72956605678,1,1158.896577998996,荒川
中央区|八重洲1丁目,86284.72956605678,2,728.5035744480496,荒川
中央区|八重洲1丁目,86284.72956605678,2,7133.4593985020965,荒川
中央区|八重洲1丁目,86284.72956605678,2,25.938462114869658,荒川
中央区|八重洲1丁目,86284.72956605678,2,25.938581780889663,荒川
中央区|八重洲1丁目,86284.72956605678,2,26.571456049470264,荒川
中央区|八重洲1丁目,86284.72956605678,2,4.2457601074783975,荒川
中央区|八重洲1丁目,86284.72956605678,2,130.54836749696517,荒川
中央区|八重洲1丁目,86284.72956605678,2,15612.604285142554,荒川
中央区|八重洲1丁目,86284.72956605678,3,26.14845780234909,荒川
中央区|八重洲1丁目,86284.72956605678,3,523.7913443395595,荒川
中央区|八重洲1丁目,86284.72956605678,3,26.148438694280905,荒川
中央区|日本橋1丁目,109769.87533576334,1,30313.231449885956,荒川
中央区|日本橋1丁目,109769.87533576334,1,444.345994599177,荒川
中央区|日本橋1丁目,109769.87533576334,1,369.03283758948993,荒川
中央区|日本橋1丁目,109769.87533576334,1,448.32315934830734,荒川
中央区|日本橋1丁目,109769.87533576334,1,1045.1756510234923,荒川
中央区|日本橋1丁目,109769.87533576334,1,104.39413894670825,荒川
中央区|日本橋1丁目,109769.87533576334,1,3.39506059146306,荒川
中央区|日本橋1丁目,109769.87533576334,1,25.52689772269031,荒川
中央区|日本橋1丁目,109769.87533576334,1,138.73113407866305,荒川
中央区|日本橋1丁目,109769.87533576334,1,145.2648698328278,荒川
中央区|日本橋1丁目,109769.87533576334,2,54590.488001253194,荒川
中央区|日本橋1丁目,109769.87533576334,2,1042.0543428887518,荒川
中央区|日本橋1丁目,109769.87533576334,2,26.14910654884555,荒川
中央区|日本橋1丁目,109769.87533576334,2,25.52657438379819,荒川
中央区|日本橋1丁目,109769.87533576334,2,105.86270566502003,荒川
中央区|日本橋1丁目,109769.87533576334,2,26.149398194819515,荒川
中央区|日本橋1丁目,109769.87533576334,2,1798.7363309514685,荒川
中央区|日本橋1丁目,109769.87533576334,2,25.525986472574473,荒川
中央区|日本橋1丁目,109769.87533576334,2,184.7272492108543,荒川
中央区|日本橋1丁目,109769.87533576334,2,76.98998593410806,荒川
中央区|日本橋1丁目,109769.87533576334,2,3321.3231459761028,荒川
中央区|日本橋1丁目,109769.87533576334,2,26.5706010387101,荒川
中央区|日本橋1丁目,109769.87533576334,2,25.526064341804812,荒川
中央区|日本橋1丁目,109769.87533576334,2,26.570628917150422,荒川
中央区|日本橋1丁目,109769.87533576334,2,48.262904291077454,荒川
中央区|日本橋1丁目,109769.87533576334,2,26.149117128172122,荒川
中央区|日本橋1丁目,109769.87533576334,3,158.15700551835016,荒川
中央区|日本橋1丁目,109769.87533576334,3,25.937695893393524,荒川
中央区|日本橋1丁目,109769.87533576334,3,809.8164489800135,荒川
中央区|日本橋1丁目,109769.87533576334,3,25.52598344531952,荒川
中央区|日本橋1丁目,109769.87533576334,3,26.57001673722146,荒川
中央区|日本橋1丁目,109769.87533576334,3,25.93773382675038,荒川
中央区|日本橋1丁目,109769.87533576334,3,26.14863791380006,荒川
中央区|日本橋1丁目,109769.87533576334,3,130.411111185068,荒川
中央区|日本橋1丁目,109769.87533576334,3,25.93798056563738,荒川
中央区|日本橋1丁目,109769.87533576334,3,52.29734217394804,荒川
中央区|日本橋1丁目,109769.87533576334,3,392.46662846288007,荒川
中央区|日本橋1丁目,109769.87533576334,3,25.9381329428795,荒川
中央区|日本橋1丁目,109769.87533576334,4,52.71996638684998,荒川
中央区|日本橋2丁目,98366.10393169557,1,40925.401836048164,荒川
中央区|日本橋2丁目,98366.10393169557,1,546.4517498352022,荒川
中央区|日本橋2丁目,98366.10393169557,1,470.0975479732437,荒川
中央区|日本橋2丁目,98366.10393169557,1,148.93222467195332,荒川
中央区|日本橋2丁目,98366.10393169557,1,231.88413248264763,荒川
中央区|日本橋2丁目,98366.10393169557,2,41150.07330955423,荒川
中央区|日本橋2丁目,98366.10393169557,2,783.4800150280809,荒川
中央区|日本橋2丁目,98366.10393169557,2,51.67605419327389,荒川
中央区|日本橋2丁目,98366.10393169557,2,183.05645481621633,荒川
中央区|日本橋2丁目,98366.10393169557,2,101.94545293432762,荒川
中央区|日本橋2丁目,98366.10393169557,2,244.0120609097695,荒川
中央区|日本橋2丁目,98366.10393169557,2,25.52713551373421,荒川
中央区|日本橋2丁目,98366.10393169557,2,26.149564695229827,荒川
中央区|日本橋2丁目,98366.10393169557,2,26.14956355360009,荒川
中央区|日本橋2丁目,98366.10393169557,3,199.31793336363944,荒川
中央区|日本橋2丁目,98366.10393169557,3,418.0014413632007,荒川
中央区|日本橋2丁目,98366.10393169557,3,27.81933356739324,荒川
中央区|日本橋2丁目,98366.10393169557,4,130.96823438804302,荒川
中央区|日本橋2丁目,98366.10393169557,4,11.060996962582266,荒川
中央区|日本橋3丁目,79143.36381982027,1,34331.47292104165,荒川
中央区|日本橋3丁目,79143.36381982027,1,422.185412884696,荒川
中央区|日本橋3丁目,79143.36381982027,1,105.23365583353814,荒川
中央区|日本橋3丁目,79143.36381982027,2,37445.938002214236,荒川
中央区|日本橋3丁目,79143.36381982027,2,2.0303349194935456,荒川
中央区|日本橋3丁目,79143.36381982027,2,17.293959361971144,荒川
中央区|日本橋3丁目,79143.36381982027,3,756.1052585607417,荒川
中央区|日本橋3丁目,79143.36381982027,3,7.2013165956863565,荒川
中央区|日本橋3丁目,79143.36381982027,3,340.36777909829846,荒川
中央区|日本橋3丁目,79143.36381982027,3,26.15036442895861,荒川
中央区|日本橋3丁目,79143.36381982027,3,7.836440466012634,荒川
中央区|日本橋3丁目,79143.36381982027,3,2.6670770129965575,荒川
中央区|日本橋3丁目,79143.36381982027,3,158.21897654614335,荒川
中央区|日本橋3丁目,79143.36381982027,3,36.565411009219616,荒川
中央区|日本橋3丁目,79143.36381982027,4,78.32296569980753,荒川
中央区|日本橋3丁目,79143.36381982027,4,183.48335986790295,荒川
中央区|日本橋茅場町1丁目,72417.69862628373,1,554.5911145525869,荒川
中央区|日本橋茅場町1丁目,72417.69862628373,1,314.64931053988926,荒川
中央区|日本橋茅場町1丁目,72417.69862628373,1,443.28803269157254,荒川
中央区|日本橋茅場町1丁目,72417.69862628373,2,69179.59436195111,荒川
中央区|日本橋茅場町1丁目,72417.69862628373,3,26.1489535775399,荒川
中央区|日本橋茅場町1丁目,72417.69862628373,3,25.938410339055245,荒川
中央区|日本橋茅場町1丁目,72417.69862628373,3,26.149218160310564,荒川
中央区|日本橋茅場町1丁目,72417.69862628373,3,26.571639457037787,荒川
中央区|日本橋茅場町1丁目,72417.69862628373,3,25.52727773027688,荒川
中央区|日本橋茅場町1丁目,72417.69862628373,3,209.63239352909153,荒川
中央区|日本橋茅場町1丁目,72417.69862628373,3,26.149439095925555,荒川
中央区|日本橋茅場町1丁目,72417.69862628373,3,15.6381527216322,荒川
中央区|日本橋茅場町1丁目,72417.69862628373,3,26.15021250614302,荒川
中央区|日本橋茅場町1丁目,72417.69862628373,3,52.722042363550074,荒川
中央区|日本橋茅場町1丁目,72417.69862628373,3,25.52743499160288,荒川
中央区|日本橋茅場町2丁目,57533.82766915902,1,14.536417216399228,荒川
中央区|日本橋茅場町2丁目,57533.82766915902,2,56329.939385270016,荒川
中央区|日本橋茅場町2丁目,57533.82766915902,3,557.5935688467944,荒川
中央区|日本橋茅場町2丁目,57533.82766915902,3,311.17071353940077,荒川
中央区|日本橋茅場町2丁目,57533.82766915902,3,320.58671143531296,荒川
中央区|日本橋茅場町3丁目,32348.878935340606,2,32348.878935340592,荒川
中央区|日本橋兜町,103499.00442780596,1,1530.2135999648517,荒川
中央区|日本橋兜町,103499.00442780596,2,94731.66077230478,荒川
中央区|日本橋兜町,103499.00442780596,3,0.3427561087732529,荒川
中央区|日本橋兜町,103499.00442780596,3,313.8067638107206,荒川
中央区|日本橋兜町,103499.00442780596,3,25.937891919821666,荒川
中央区|日本橋兜町,103499.00442780596,3,52.29757832523365,荒川
中央区|日本橋兜町,103499.00442780596,3,52.50850958182034,荒川
中央区|日本橋兜町,103499.00442780596,3,77.82416759108138,荒川
中央区|日本橋兜町,103499.00442780596,3,26.570843259717137,荒川
中央区|日本橋兜町,103499.00442780596,3,26.57099290072939,荒川
中央区|日本橋兜町,103499.00442780596,3,26.148752489448164,荒川
中央区|日本橋兜町,103499.00442780596,3,1605.5778417058777,荒川
中央区|日本橋兜町,103499.00442780596,3,17.279954426956465,荒川
中央区|日本橋兜町,103499.00442780596,3,53.7923933321692,荒川
中央区|日本橋兜町,103499.00442780596,3,651.4986664936574,荒川
中央区|日本橋兜町,103499.00442780596,3,43.8413885416812,荒川
中央区|日本橋兜町,103499.00442780596,3,25.939536721059834,荒川
中央区|日本橋兜町,103499.00442780596,3,22.860557970894366,荒川
中央区|日本橋兜町,103499.00442780596,3,465.63132250918414,荒川
中央区|日本橋兜町,103499.00442780596,3,46.17212391733184,荒川
中央区|日本橋兜町,103499.00442780596,4,3702.5276517163584,荒川
港区|新橋1丁目,76730.66814390212,1,54.40625949994573,荒川
港区|新橋1丁目,76730.66814390212,1,11625.741590199748,荒川
港区|新橋1丁目,76730.66814390212,2,834.3890879545094,荒川
港区|新橋2丁目,100086.16590388947,1,17309.122548726053,荒川
港区|新橋2丁目,100086.16590388947,2,45.17609904180367,荒川
港区|新橋2丁目,100086.16590388947,2,74.60032029096016,荒川
港区|新橋2丁目,100086.16590388947,2,11.132095633073053,荒川
港区|新橋3丁目,63075.664459274725,1,21813.152037863932,荒川
港区|新橋3丁目,63075.664459274725,2,59.45110618034576,荒川
港区|新橋3丁目,63075.664459274725,2,133.81149846633656,荒川
港区|新橋3丁目,63075.664459274725,2,79.30696682468529,荒川
港区|新橋3丁目,63075.664459274725,2,93.07447168750048,荒川
港区|新橋4丁目,65392.02158565915,1,21063.11586974246,荒川
港区|新橋4丁目,65392.02158565915,2,25.531736551993088,荒川
港区|新橋4丁目,65392.02158565915,2,26.57695217079079,荒川
港区|新橋4丁目,65392.02158565915,2,1049.829739573029,荒川
港区|新橋4丁目,65392.02158565915,3,262.19438217687025,荒川
港区|新橋5丁目,75358.74341359282,1,2886.3031088976086,荒川
港区|西新橋1丁目,103218.43374035151,1,146.30218272166678,荒川
港区|東新橋1丁目,238749.00241648767,1,2859.393212423025,荒川
港区|東新橋1丁目,238749.00241648767,2,93.34425043439903,荒川
文京区|湯島3丁目,169278.56263991358,1,25081.264770462956,荒川
文京区|湯島3丁目,169278.56263991358,1,2.5101505013426606,荒川
文京区|湯島3丁目,169278.56263991358,1,0.8332376546912681,荒川
文京区|湯島3丁目,169278.56263991358,1,2.9311888616932746,荒川
文京区|湯島3丁目,169278.56263991358,1,3.3425558902158596,荒川
文京区|湯島3丁目,169278.56263991358,1,773.5801305917373,荒川
文京区|湯島3丁目,169278.56263991358,1,4.597911870421303,荒川
文京区|湯島3丁目,169278.56263991358,1,0.8330433991423206,荒川
文京区|湯島3丁目,169278.56263991358,1,0.4216451467229596,荒川
文京区|湯島3丁目,169278.56263991358,2,13130.86284622972,荒川
文京区|湯島3丁目,169278.56263991358,2,26.562605883477804,荒川
台東区|台東1丁目,106749.57980309513,2,103382.11844694422,荒川
台東区|台東1丁目,106749.57980309513,2,4.231612482847295,荒川
台東区|台東1丁目,106749.57980309513,2,6.092291250264221,荒川
台東区|台東1丁目,106749.57980309513,3,53.130160407771555,荒川
台東区|台東1丁目,106749.57980309513,3,26.56518572392406,荒川
台東区|台東1丁目,106749.57980309513,3,10.288914214028305,荒川
台東区|台東1丁目,106749.57980309513,3,78.61225306092818,荒川
台東区|台東1丁目,106749.57980309513,3,26.143572109696496,荒川
台東区|台東1丁目,106749.57980309513,3,91.91231925927639,荒川
台東区|台東1丁目,106749.57980309513,3,205.80894867488922,荒川
台東区|台東1丁目,106749.57980309513,3,131.55705676078418,荒川
台東区|台東1丁目,106749.57980309513,3,25.93190392305385,荒川
台東区|台東1丁目,106749.57980309513,3,1824.1225466813748,荒川
台東区|台東1丁目,106749.57980309513,3,78.01758354201077,荒川
台東区|台東1丁目,106749.57980309513,3,26.142960573647986,荒川
台東区|台東1丁目,106749.57980309513,3,778.9040474862903,荒川
台東区|台東2丁目,87055.90058312874,2,63300.52184851436,荒川
台東区|台東2丁目,87055.90058312874,2,1225.4273096437526,荒川
台東区|台東2丁目,87055.90058312874,3,155.60884220443654,荒川
台東区|台東2丁目,87055.90058312874,3,26.142276057449454,荒川
台東区|台東2丁目,87055.90058312874,3,26.142485753982864,荒川
台東区|台東2丁目,87055.90058312874,3,26.56392366020134,荒川
台東区|台東2丁目,87055.90058312874,3,51.66212650943845,荒川
台東区|台東2丁目,87055.90058312874,3,129.6779771752333,荒川
台東区|台東2丁目,87055.90058312874,3,78.63844482579425,荒川
台東区|台東2丁目,87055.90058312874,3,25.931622115448878,荒川
台東区|台東2丁目,87055.90058312874,3,26.1425033639889,荒川
台東区|台東2丁目,87055.90058312874,3,76.97253174918797,荒川
台東区|台東2丁目,87055.90058312874,3,51.45215802304352,荒川
台東区|台東2丁目,87055.90058312874,3,52.70711491496709,荒川
台東区|台東2丁目,87055.90058312874,3,26.142624203974705,荒川
台東区|台東2丁目,87055.90058312874,3,26.14262429529709,荒川
台東区|台東2丁目,87055.90058312874,3,21750.024170118042,荒川
台東区|台東3丁目,90216.93795464638,2,73503.5962618678,荒川
台東区|台東3丁目,90216.93795464638,2,392.35796236996157,荒川
台東区|台東3丁目,90216.93795464638,2,26.142310050223422,荒川
台東区|台東3丁目,90216.93795464638,3,103.32176595496648,荒川
台東区|台東3丁目,90216.93795464638,3,51.661042143280525,荒川
台東区|台東3丁目,90216.93795464638,3,79.05837819545283,荒川
台東区|台東3丁目,90216.93795464638,3,51.45072943580209,荒川
台東区|台東3丁目,90216.93795464638,3,25.931142660974356,荒川
台東区|台東3丁目,90216.93795464638,3,26.56391650722501,荒川
台東区|台東3丁目,90216.93795464638,3,15956.854445465933,荒川
台東区|台東4丁目,99010.04170899044,2,84875.10051750716,荒川
台東区|台東4丁目,99010.04170899044,3,26.562738320760104,荒川
台東区|台東4丁目,99010.04170899044,3,26.56296844504834,荒川
台東区|台東4丁目,99010.04170899044,3,26.141599926907336,荒川
台東区|台東4丁目,99010.04170899044,3,14055.673884790476,荒川
台東区|柳橋1丁目,102305.05854844084,2,95918.83668766925,荒川
台東区|柳橋1丁目,102305.05854844084,3,2772.5609139270996,荒川
台東区|柳橋1丁目,102305.05854844084,3,1218.5090872984053,荒川
台東区|柳橋1丁目,102305.05854844084,3,52.500234040346065,荒川
台東区|柳橋1丁目,102305.05854844084,3,308.496689060737,荒川
台東区|柳橋1丁目,102305.05854844084,3,25.934141532917575,荒川
台東区|柳橋1丁目,102305.05854844084,3,78.85649392359231,荒川
台東区|柳橋1丁目,102305.05854844084,3,655.4616931582361,荒川
台東区|柳橋1丁目,102305.05854844084,3,26.566749436577357,荒川
台東区|柳橋1丁目,102305.05854844084,3,403.3960071159146,荒川
台東区|柳橋1丁目,102305.05854844084,3,130.73501230663095,荒川
台東区|柳橋1丁目,102305.05854844084,3,52.711731353161674,荒川
台東区|柳橋1丁目,102305.05854844084,3,26.144967724937874,荒川
台東区|柳橋1丁目,102305.05854844084,3,25.522481401963336,荒川
台東区|柳橋1丁目,102305.05854844084,3,51.456821702241605,荒川
台東区|柳橋1丁目,102305.05854844084,3,451.52428908006857,荒川
台東区|柳橋1丁目,102305.05854844084,4,26.145018336279165,荒川
台東区|柳橋1丁目,102305.05854844084,4,53.13358040905262,荒川
台東区|柳橋1丁目,102305.05854844084,4,26.566620072289705,荒川
台東区|柳橋2丁目,80423.74834002115,1,88.6226104712069,荒川
台東区|柳橋2丁目,80423.74834002115,2,78156.56883698225,荒川
台東区|柳橋2丁目,80423.74834002115,3,53.13081856907359,荒川
台東区|柳橋2丁目,80423.74834002115,3,2072.716292779991,荒川
台東区|柳橋2丁目,80423.74834002115,3,52.709781218594664,荒川
台東区|浅草橋1丁目,88698.62768332566,2,87597.18791858389,荒川
台東区|浅草橋1丁目,88698.62768332566,3,25.521666278084215,荒川
台東区|浅草橋1丁目,88698.62768332566,3,78.4320695426426,荒川
台東区|浅草橋1丁目,88698.62768332566,3,4.137854974742217,荒川
台東区|浅草橋1丁目,88698.62768332566,3,26.144527055292777,荒川
台東区|浅草橋1丁目,88698.62768332566,3,51.45595438142093,荒川
台東区|浅草橋1丁目,88698.62768332566,3,339.2685788526427,荒川
台東区|浅草橋1丁目,88698.62768332566,3,523.9785997229357,荒川
台東区|浅草橋1丁目,88698.62768332566,4,26.56649158474689,荒川
台東区|浅草橋1丁目,88698.62768332566,4,25.934022349277082,荒川
台東区|浅草橋2丁目,73826.91962164595,2,72381.55361764389,荒川
台東区|浅草橋2丁目,73826.91962164595,3,26.565067472475512,荒川
台東区|浅草橋2丁目,73826.91962164595,3,1418.8009365294586,荒川
台東区|浅草橋3丁目,67315.23053484787,2,61347.61881367563,荒川
台東区|浅草橋3丁目,67315.23053484787,2,52.70799564998684,荒川
台東区|浅草橋3丁目,67315.23053484787,2,522.6835947816028,荒川
台東区|浅草橋3丁目,67315.23053484787,3,5001.710444976066,荒川
台東区|浅草橋3丁目,67315.23053484787,3,102.49363282682224,荒川
台東区|浅草橋3丁目,67315.23053484787,3,25.9321392655913,荒川
台東区|浅草橋3丁目,67315.23053484787,3,209.99835324449865,荒川
台東区|浅草橋3丁目,67315.23053484787,3,25.52071321597861,荒川
台東区|浅草橋3丁目,67315.23053484787,3,26.564847211824826,荒川
台東区|浅草橋4丁目,34498.180704200495,2,34498.18070420051,荒川
台東区|浅草橋5丁目,90323.9556039778,2,60004.88266889775,荒川
台東区|浅草橋5丁目,90323.9556039778,2,74.82948121336246,荒川
台東区|浅草橋5丁目,90323.9556039778,2,550.4991194674993,荒川
台東区|浅草橋5丁目,90323.9556039778,2,601.5331163828511,荒川
台東区|浅草橋5丁目,90323.9556039778,2,259.98734342062534,荒川
台東区|浅草橋5丁目,90323.9556039778,2,71.7153486854506,荒川
台東区|浅草橋5丁目,90323.9556039778,3,25.932579933995985,荒川
台東区|浅草橋5丁目,90323.9556039778,3,26.565306320833184,荒川
台東区|浅草橋5丁目,90323.9556039778,3,52.49814590987175,荒川
台東区|浅草橋5丁目,90323.9556039778,3,2302.1490567531646,荒川
台東区|浅草橋5丁目,90323.9556039778,3,26222.848468936045,荒川
台東区|浅草橋5丁目,90323.9556039778,3,79.06186430934834,荒川
台東区|浅草橋5丁目,90323.9556039778,3,51.453103746867,荒川
台東区|鳥越1丁目,49418.89976773629,2,45264.13288411208,荒川
台東区|鳥越1丁目,49418.89976773629,3,1564.4368560183493,荒川
台東区|鳥越1丁目,49418.89976773629,3,26.56407944133644,荒川
台東区|鳥越1丁目,49418.89976773629,3,25.51981239821594,荒川
台東区|鳥越1丁目,49418.89976773629,3,732.8743563765926,荒川
台東区|鳥越1丁目,49418.89976773629,3,1.0229700437222344,荒川
台東区|鳥越1丁目,49418.89976773629,3,100.92791667448368,荒川
台東区|鳥越1丁目,49418.89976773629,3,1427.777908616795,荒川
台東区|鳥越1丁目,49418.89976773629,3,275.6429840548776,荒川
台東区|鳥越2丁目,48707.65996660968,2,44823.02336917872,荒川
台東区|鳥越2丁目,48707.65996660968,3,2888.51083976833,荒川
台東区|鳥越2丁目,48707.65996660968,3,25.520085975319557,荒川
台東区|鳥越2丁目,48707.65996660968,3,51.66278567620178,荒川
台東区|鳥越2丁目,48707.65996660968,3,25.541360866515266,荒川
台東区|鳥越2丁目,48707.65996660968,3,52.496401043011524,荒川
台東区|鳥越2丁目,48707.65996660968,3,626.8438435189821,荒川
台東区|鳥越2丁目,48707.65996660968,3,53.12872990335441,荒川
台東区|鳥越2丁目,48707.65996660968,3,4.065151929513733,荒川
台東区|鳥越2丁目,48707.65996660968,3,26.56460981265143,荒川
台東区|鳥越2丁目,48707.65996660968,3,26.142782133698105,荒川
台東区|鳥越2丁目,48707.65996660968,3,52.70746007100382,荒川
台東区|鳥越2丁目,48707.65996660968,3,51.452546732283594,荒川
台東区|蔵前1丁目,93226.38483188895,1,245.8290531005201,荒川
台東区|蔵前1丁目,93226.38483188895,2,88175.23553565747,荒川
台東区|蔵前1丁目,93226.38483188895,3,79.06209274262554,荒川
台東区|蔵前1丁目,93226.38483188895,3,209.57905525401864,荒川
台東区|蔵前1丁目,93226.38483188895,3,25.520869738319178,荒川
台東区|蔵前1丁目,93226.38483188895,3,2325.3561353824052,荒川
台東区|蔵前1丁目,93226.38483188895,3,201.12808015099995,荒川
台東区|蔵前1丁目,93226.38483188895,3,52.496543245429244,荒川
台東区|蔵前1丁目,93226.38483188895,3,104.79353311200326,荒川
台東区|蔵前1丁目,93226.38483188895,3,1202.4480462535475,荒川
台東区|蔵前1丁目,93226.38483188895,3,26.143101563715053,荒川
台東区|蔵前1丁目,93226.38483188895,3,52.49728588556376,荒川
台東区|蔵前1丁目,93226.38483188895,3,26.143352718200454,荒川
台東区|蔵前1丁目,93226.38483188895,3,291.61802949455296,荒川
台東区|蔵前1丁目,93226.38483188895,3,104.78430074451391,荒川
台東区|蔵前1丁目,93226.38483188895,4,103.74981684499211,荒川
台東区|蔵前2丁目,126138.85866992283,1,1865.5263718484862,荒川
台東区|蔵前2丁目,126138.85866992283,1,330.991269255367,荒川
台東区|蔵前2丁目,126138.85866992283,2,116209.69328187456,荒川
台東区|蔵前2丁目,126138.85866992283,3,3999.736524364467,荒川
台東区|蔵前2丁目,126138.85866992283,3,577.1609546138058,荒川
台東区|蔵前2丁目,126138.85866992283,3,26.14190341706719,荒川
台東区|蔵前2丁目,126138.85866992283,3,840.4367205763091,荒川
台東区|蔵前2丁目,126138.85866992283,3,25.5205248021041,荒川
台東区|蔵前2丁目,126138.85866992283,3,659.156623773559,荒川
台東区|蔵前2丁目,126138.85866992283,3,26.56443692696543,荒川
台東区|蔵前2丁目,126138.85866992283,3,444.45991625928144,荒川
台東区|蔵前2丁目,126138.85866992283,3,564.1777536678176,荒川
台東区|蔵前2丁目,126138.85866992283,4,26.563835269758002,荒川
台東区|蔵前3丁目,53957.55280272317,1,1013.5628363162625,荒川
台東区|蔵前3丁目,53957.55280272317,2,38003.78279575359,荒川
台東区|蔵前3丁目,53957.55280272317,3,14416.081662889488,荒川
台東区|蔵前3丁目,53957.55280272317,3,105.41093464671464,荒川
台東区|蔵前3丁目,53957.55280272317,3,26.1420770232449,荒川
台東区|蔵前3丁目,53957.55280272317,3,157.69514255753262,荒川
台東区|蔵前3丁目,53957.55280272317,3,26.563591143150372,荒川
台東区|蔵前3丁目,53957.55280272317,3,51.66168502480736,荒川
台東区|蔵前3丁目,53957.55280272317,3,25.51973841519463,荒川
台東区|蔵前3丁目,53957.55280272317,3,52.494910159513694,荒川
台東区|蔵前3丁目,53957.55280272317,3,52.70596515950024,荒川
台東区|蔵前3丁目,53957.55280272317,3,25.93146363410282,荒川
台東区|蔵前4丁目,100247.2606928085,2,16047.136659808832,荒川
台東区|蔵前4丁目,100247.2606928085,2,314.1466333715853,荒川
台東区|蔵前4丁目,100247.2606928085,2,469.7592637996469,荒川
台東区|蔵前4丁目,100247.2606928085,3,83416.21813583351,荒川
台東区|小島1丁目,42393.56771217564,2,28767.537057924666,荒川
台東区|小島1丁目,42393.56771217564,3,13312.725921480982,荒川
台東区|小島1丁目,42393.56771217564,3,131.55428490611044,荒川
台東区|小島1丁目,42393.56771217564,3,181.75044786381338,荒川
台東区|小島2丁目,60622.96012567721,2,9032.333763464692,荒川
台東区|小島2丁目,60622.96012567721,2,496.9275684815252,荒川
台東区|小島2丁目,60622.96012567721,2,13457.750285492328,荒川
台東区|小島2丁目,60622.96012567721,3,37428.68286365115,荒川
台東区|小島2丁目,60622.96012567721,3,51.66068638305097,荒川
台東区|小島2丁目,60622.96012567721,3,52.28300330953428,荒川
台東区|小島2丁目,60622.96012567721,3,103.32195488990604,荒川
台東区|三筋1丁目,60057.327218144725,2,19047.146298630418,荒川
台東区|三筋1丁目,60057.327218144725,2,313.5155080582048,荒川
台東区|三筋1丁目,60057.327218144725,2,52.49531310851968,荒川
台東区|三筋1丁目,60057.327218144725,2,366.22083716829945,荒川
台東区|三筋1丁目,60057.327218144725,2,2353.7951060734526,荒川
台東区|三筋1丁目,60057.327218144725,3,37897.59024796182,荒川
台東区|三筋1丁目,60057.327218144725,3,26.563907143452155,荒川
台東区|三筋2丁目,56775.164790194925,2,392.56775792826556,荒川
台東区|三筋2丁目,56775.164790194925,3,56382.59703226666,荒川
台東区|秋葉原,22105.828816533958,2,22105.828816533958,荒川
台東区|上野1丁目,54641.11831944211,1,4789.816098518635,荒川
台東区|上野1丁目,54641.11831944211,1,26.140706109541927,荒川
台東区|上野1丁目,54641.11831944211,1,419.34094047026855,荒川
台東区|上野1丁目,54641.11831944211,2,46795.70687430915,荒川
台東区|上野2丁目,46031.0091169409,1,9616.015207836774,荒川
台東区|上野2丁目,46031.0091169409,2,1903.315569258025,荒川
台東区|上野3丁目,73585.04699008862,1,1543.8771359515526,荒川
台東区|上野3丁目,73585.04699008862,2,72041.16985413707,荒川
台東区|上野4丁目,39352.302100847926,1,7652.793470361544,荒川
台東区|上野4丁目,39352.302100847926,1,1544.4624447331055,荒川
台東区|上野4丁目,39352.302100847926,1,600.0128405293641,荒川
台東区|上野4丁目,39352.302100847926,2,14557.289330544394,荒川
台東区|上野5丁目,89173.33227675164,2,89173.33227675165,荒川
台東区|上野6丁目,67318.56985275242,1,4023.1078487586133,荒川
台東区|上野6丁目,67318.56985275242,1,26.13982098067137,荒川
台東区|上野6丁目,67318.56985275242,2,60117.94555723031,荒川
台東区|上野7丁目,213023.92481444078,1,412.981565061527,荒川
台東区|上野7丁目,213023.92481444078,1,496.89081410213913,荒川
台東区|上野7丁目,213023.92481444078,1,131.74715119820058,荒川
台東区|上野7丁目,213023.92481444078,1,391.4949019594436,荒川
台東区|上野7丁目,213023.92481444078,1,783.4019656955588,荒川
台東区|上野7丁目,213023.92481444078,1,105.60876488174306,荒川
台東区|上野7丁目,213023.92481444078,2,107872.36455427091,荒川
台東区|上野7丁目,213023.92481444078,3,25.335224437351087,荒川
台東区|上野7丁目,213023.92481444078,3,26.559654109382414,荒川
台東区|上野7丁目,213023.92481444078,3,51.65406019726793,荒川
台東区|上野7丁目,213023.92481444078,3,26.138113296021157,荒川
台東区|上野7丁目,213023.92481444078,3,26.559695094932984,荒川
台東区|東上野1丁目,83872.04420337142,2,79033.57591128131,荒川
台東区|東上野1丁目,83872.04420337142,3,3673.1744531109966,荒川
台東区|東上野1丁目,83872.04420337142,3,903.6632968413402,荒川
台東区|東上野1丁目,83872.04420337142,3,261.6305421378083,荒川
台東区|東上野2丁目,78689.44638087729,2,71303.10275678216,荒川
台東区|東上野2丁目,78689.44638087729,3,4646.423508376449,荒川
台東区|東上野2丁目,78689.44638087729,3,1210.0470510942773,荒川
台東区|東上野2丁目,78689.44638087729,3,392.1269401032123,荒川
台東区|東上野2丁目,78689.44638087729,3,79.26456468558183,荒川
台東区|東上野2丁目,78689.44638087729,3,26.14063358640759,荒川
台東区|東上野2丁目,78689.44638087729,3,26.14042122936976,荒川
台東区|東上野2丁目,78689.44638087729,3,104.78239227145036,荒川
台東区|東上野2丁目,78689.44638087729,3,131.33471456237638,荒川
台東区|東上野2丁目,78689.44638087729,3,770.0833981859153,荒川
台東区|東上野3丁目,97791.93373420941,2,82163.54756580197,荒川
台東区|東上野3丁目,97791.93373420941,2,601.4747444969645,荒川
台東区|東上野3丁目,97791.93373420941,2,26.561842721067038,荒川
台東区|東上野3丁目,97791.93373420941,2,10.060593206656753,荒川
台東区|東上野3丁目,97791.93373420941,3,3321.4376090202863,荒川
台東区|東上野3丁目,97791.93373420941,3,1062.9864448555613,荒川
台東区|東上野3丁目,97791.93373420941,3,26.56130540433552,荒川
台東区|東上野3丁目,97791.93373420941,3,26.56151592232215,荒川
台東区|東上野3丁目,97791.93373420941,3,602.0906392951454,荒川
台東区|東上野3丁目,97791.93373420941,3,6271.100862201824,荒川
台東区|東上野3丁目,97791.93373420941,3,707.5102592343404,荒川
台東区|東上野3丁目,97791.93373420941,3,131.75384704350762,荒川
台東区|東上野3丁目,97791.93373420941,3,313.91081040371904,荒川
台東区|東上野3丁目,97791.93373420941,3,26.13997904204124,荒川
台東区|東上野3丁目,97791.93373420941,3,2342.121757321369,荒川
台東区|東上野3丁目,97791.93373420941,3,0.21819867238443413,荒川
台東区|東上野3丁目,97791.93373420941,3,26.56179598821793,荒川
台東区|東上野3丁目,97791.93373420941,3,104.77212393561514,荒川
台東区|東上野3丁目,97791.93373420941,3,26.561839641974142,荒川
台東区|東上野4丁目,92895.10726426424,2,74638.34918990741,荒川
台東区|東上野4丁目,92895.10726426424,2,461.528652247029,荒川
台東区|東上野4丁目,92895.10726426424,3,13986.008978735623,荒川
台東区|東上野4丁目,92895.10726426424,3,26.560117831874894,荒川
台東区|東上野4丁目,92895.10726426424,3,11.662241744030592,荒川
台東区|東上野4丁目,92895.10726426424,3,52.278092058439896,荒川
台東区|東上野4丁目,92895.10726426424,3,0.8038292056562288,荒川
台東区|東上野4丁目,92895.10726426424,3,25.928473043941032,荒川
台東区|東上野4丁目,92895.10726426424,3,52.48939957835438,荒川
台東区|東上野4丁目,92895.10726426424,3,51.445577914729654,荒川
台東区|東上野4丁目,92895.10726426424,3,26.56089656652413,荒川
台東区|東上野4丁目,92895.10726426424,3,77.79560102541961,荒川
台東区|東上野4丁目,92895.10726426424,3,52.48971803237191,荒川
台東区|東上野4丁目,92895.10726426424,3,51.44589474070278,荒川
台東区|東上野4丁目,92895.10726426424,3,3299.0719366351996,荒川
台東区|東上野4丁目,92895.10726426424,3,80.68866499693966,荒川
台東区|東上野5丁目,71143.02299410214,2,27026.839378896268,荒川
台東区|東上野5丁目,71143.02299410214,2,25.51631315603538,荒川
台東区|東上野5丁目,71143.02299410214,2,1724.6592033437807,荒川
台東区|東上野5丁目,71143.02299410214,2,26.561092712637887,荒川
台東区|東上野5丁目,71143.02299410214,2,1698.4913045592016,荒川
台東区|東上野5丁目,71143.02299410214,3,40258.57931337129,荒川
台東区|東上野5丁目,71143.02299410214,3,26.138957931634618,荒川
台東区|東上野5丁目,71143.02299410214,3,14.898537104512087,荒川
台東区|東上野5丁目,71143.02299410214,3,3.1313475144121776,荒川
台東区|東上野5丁目,71143.02299410214,3,23.87970567019385,荒川
台東区|東上野5丁目,71143.02299410214,3,104.97984350245878,荒川
台東区|東上野5丁目,71143.02299410214,3,25.51734548525829,荒川
台東区|東上野5丁目,71143.02299410214,3,157.2695100476065,荒川
台東区|東上野5丁目,71143.02299410214,3,26.561140806807863,荒川
台東区|東上野6丁目,97535.89912309634,2,19215.182845563584,荒川
台東区|東上野6丁目,97535.89912309634,2,2037.7149403189278,荒川
台東区|東上野6丁目,97535.89912309634,2,289.64667082168967,荒川
台東区|東上野6丁目,97535.89912309634,2,2664.3334545965,荒川
台東区|東上野6丁目,97535.89912309634,2,26.139292314083185,荒川
台東区|東上野6丁目,97535.89912309634,2,1464.1260502968476,荒川
台東区|東上野6丁目,97535.89912309634,2,469.2724269317712,荒川
台東区|東上野6丁目,97535.89912309634,3,71002.67283700495,荒川
台東区|東上野6丁目,97535.89912309634,3,52.48845642124887,荒川
台東区|東上野6丁目,97535.89912309634,3,237.35994336148136,荒川
台東区|東上野6丁目,97535.89912309634,3,76.96220546523922,荒川
台東区|元浅草1丁目,69147.69008983337,2,22258.198335296733,荒川
台東区|元浅草1丁目,69147.69008983337,2,25.93014276731337,荒川
台東区|元浅草1丁目,69147.69008983337,2,26.140970451919674,荒川
台東区|元浅草1丁目,69147.69008983337,2,2172.9522968441956,荒川
台東区|元浅草1丁目,69147.69008983337,2,990.6952950616808,荒川
台東区|元浅草1丁目,69147.69008983337,2,1698.832343057962,荒川
台東区|元浅草1丁目,69147.69008983337,2,313.49715222203014,荒川
台東区|元浅草1丁目,69147.69008983337,2,3398.331430558359,荒川
台東区|元浅草1丁目,69147.69008983337,2,26.562782632270693,荒川
台東区|元浅草1丁目,69147.69008983337,3,38183.424047376815,荒川
台東区|元浅草1丁目,69147.69008983337,3,53.125293564138005,荒川
台東区|元浅草2丁目,42955.882049065105,2,12814.381700363983,荒川
台東区|元浅草2丁目,42955.882049065105,2,1644.8335043306563,荒川
台東区|元浅草2丁目,42955.882049065105,2,992.9644394177521,荒川
台東区|元浅草2丁目,42955.882049065105,2,473.905108955498,荒川
台東区|元浅草2丁目,42955.882049065105,2,6038.402709055785,荒川
台東区|元浅草2丁目,42955.882049065105,3,20836.009574860964,荒川
台東区|元浅草2丁目,42955.882049065105,3,51.446635795364536,荒川
台東区|元浅草2丁目,42955.882049065105,3,77.37639040496104,荒川
台東区|元浅草2丁目,42955.882049065105,3,26.561985880137513,荒川
台東区|元浅草3丁目,72123.1582003039,2,30868.009841107498,荒川
台東区|元浅草3丁目,72123.1582003039,2,444.4315995662432,荒川
台東区|元浅草3丁目,72123.1582003039,2,444.01038320538925,荒川
台東区|元浅草3丁目,72123.1582003039,3,40366.70637642478,荒川
台東区|元浅草4丁目,54789.05382279468,2,30254.609611572276,荒川
台東区|元浅草4丁目,54789.05382279468,2,3949.103968519928,荒川
台東区|元浅草4丁目,54789.05382279468,2,23.38479145443075,荒川
台東区|元浅草4丁目,54789.05382279468,3,20510.507938963066,荒川
台東区|元浅草4丁目,54789.05382279468,3,25.929628434280207,荒川
台東区|元浅草4丁目,54789.05382279468,3,25.51788385064588,荒川
台東区|寿1丁目,65090.84808562591,2,688.3863444249528,荒川
台東区|寿1丁目,65090.84808562591,2,732.4163210350839,荒川
台東区|寿1丁目,65090.84808562591,2,630.7814664748549,荒川
台東区|寿1丁目,65090.84808562591,2,104.1534197581341,荒川
台東区|寿1丁目,65090.84808562591,2,496.7069124732209,荒川
台東区|寿1丁目,65090.84808562591,3,62438.403621459714,荒川
台東区|寿2丁目,46116.89711772299,2,10964.877996522675,荒川
台東区|寿2丁目,46116.89711772299,2,32.13454483561211,荒川
台東区|寿2丁目,46116.89711772299,2,2488.515358221825,荒川
台東区|寿2丁目,46116.89711772299,2,1308.7778002397663,荒川
台東区|寿2丁目,46116.89711772299,2,1335.1386654879252,荒川
台東区|寿2丁目,46116.89711772299,2,707.513562800223,荒川
台東区|寿2丁目,46116.89711772299,3,29279.93918961488,荒川
台東区|寿3丁目,61536.23949258785,2,55306.39110346042,荒川
台東区|寿3丁目,61536.23949258785,3,6229.848389127425,荒川
台東区|寿4丁目,37024.14731661099,1,1695.7438004132946,荒川
台東区|寿4丁目,37024.14731661099,2,35197.90231489918,荒川
台東区|寿4丁目,37024.14731661099,3,130.5012012985634,荒川
台東区|駒形1丁目,50760.73218702003,1,21514.383466202762,荒川
台東区|駒形1丁目,50760.73218702003,1,3557.8269619016346,荒川
台東区|駒形1丁目,50760.73218702003,2,9731.882437226714,荒川
台東区|駒形1丁目,50760.73218702003,2,26.562321356601927,荒川
台東区|駒形2丁目,69366.78892866724,1,1114.2618170512592,荒川
台東区|駒形2丁目,69366.78892866724,1,53.95571388759199,荒川
台東区|駒形2丁目,69366.78892866724,1,4458.86367164092,荒川
台東区|駒形2丁目,69366.78892866724,1,550.2580100295852,荒川
台東区|駒形2丁目,69366.78892866724,1,196.62629422602976,荒川
台東区|駒形2丁目,69366.78892866724,1,7.3570063141653055,荒川
台東区|駒形2丁目,69366.78892866724,1,627.019260461065,荒川
台東区|駒形2丁目,69366.78892866724,1,0.0009154433070779187,荒川
台東区|駒形2丁目,69366.78892866724,1,2237.691072877831,荒川
台東区|駒形2丁目,69366.78892866724,1,341.3345535090021,荒川
台東区|駒形2丁目,69366.78892866724,1,64.06345303736488,荒川
台東区|駒形2丁目,69366.78892866724,1,228.5625688422014,荒川
台東区|駒形2丁目,69366.78892866724,1,89.60921828131517,荒川
台東区|駒形2丁目,69366.78892866724,2,48642.011607731045,荒川
台東区|駒形2丁目,69366.78892866724,3,103.73447675371996,荒川
台東区|駒形2丁目,69366.78892866724,3,125.77424736982195,荒川
台東区|駒形2丁目,69366.78892866724,3,3002.4742411885463,荒川
台東区|北上野1丁目,42602.30674017591,2,15344.509742429063,荒川
台東区|北上野1丁目,42602.30674017591,2,376.84999756516686,荒川
台東区|北上野1丁目,42602.30674017591,2,313.6758643701377,荒川
台東区|北上野1丁目,42602.30674017591,2,104.14167145427787,荒川
台東区|北上野1丁目,42602.30674017591,3,26123.524411243936,荒川
台東区|北上野1丁目,42602.30674017591,3,26.559618719679598,荒川
台東区|北上野1丁目,42602.30674017591,3,25.515732673017762,荒川
台東区|北上野1丁目,42602.30674017591,3,182.7659628678908,荒川
台東区|北上野1丁目,42602.30674017591,3,52.2762384680062,荒川
台東区|北上野1丁目,42602.30674017591,3,52.48750038472789,荒川
台東区|北上野2丁目,95577.70970666158,2,2.869181442743824,荒川
台東区|北上野2丁目,95577.70970666158,2,25.515211507858176,荒川
台東区|北上野2丁目,95577.70970666158,2,704.7133238241709,荒川
台東区|北上野2丁目,95577.70970666158,2,602.0486072789697,荒川
台東区|北上野2丁目,95577.70970666158,2,1386.668056685108,荒川
台東区|北上野2丁目,95577.70970666158,2,3713.334985879989,荒川
台東区|北上野2丁目,95577.70970666158,3,89142.56034004285,荒川
台東区|下谷1丁目,71719.26234511497,1,2367.2584790724673,荒川
台東区|下谷1丁目,71719.26234511497,1,26.137356838976604,荒川
台東区|下谷1丁目,71719.26234511497,2,60472.508216240254,荒川
台東区|下谷1丁目,71719.26234511497,2,51.65177723348355,荒川
台東区|下谷1丁目,71719.26234511497,2,432.2057963827228,荒川
台東区|下谷1丁目,71719.26234511497,3,8291.721314943226,荒川
台東区|下谷1丁目,71719.26234511497,3,51.852456324341574,荒川
台東区|下谷1丁目,71719.26234511497,3,25.926948079544076,荒川
台東区|下谷2丁目,85754.27845060462,2,63749.324348643735,荒川
台東区|下谷2丁目,85754.27845060462,3,21978.816934377825,荒川
台東区|下谷2丁目,85754.27845060462,3,26.13716758307286,荒川
台東区|下谷3丁目,77672.74626962226,2,21572.284071636568,荒川
台東区|下谷3丁目,77672.74626962226,2,156.82381228914699,荒川
台東区|下谷3丁目,77672.74626962226,2,339.995764488225,荒川
台東区|下谷3丁目,77672.74626962226,3,55292.53898108387,荒川
台東区|下谷3丁目,77672.74626962226,3,25.513213850801275,荒川
台東区|下谷3丁目,77672.74626962226,3,232.4760006922329,荒川
台東区|下谷3丁目,77672.74626962226,3,26.55700498762124,荒川
台東区|下谷3丁目,77672.74626962226,3,26.557420593835605,荒川
台東区|根岸1丁目,88277.71314663134,1,6930.145106323693,荒川
台東区|根岸1丁目,88277.71314663134,2,643.5742809121459,荒川
台東区|根岸1丁目,88277.71314663134,2,26.136877534005166,荒川
台東区|根岸2丁目,92672.49159750623,1,236.0710471360813,荒川
台東区|根岸2丁目,92672.49159750623,1,11932.851274498888,荒川
台東区|根岸2丁目,92672.49159750623,1,26.556928170014697,荒川
台東区|根岸2丁目,92672.49159750623,1,394.7726147522863,荒川
台東区|根岸2丁目,92672.49159750623,1,9.628046712021998,荒川
台東区|根岸2丁目,92672.49159750623,1,917.7206556299541,荒川
台東区|根岸2丁目,92672.49159750623,2,31052.94168587254,荒川
台東区|根岸3丁目,144935.80735332737,1,15203.901617458665,荒川
台東区|根岸3丁目,144935.80735332737,1,234.8194295131775,荒川
台東区|根岸3丁目,144935.80735332737,1,1178.0930938729284,荒川
台東区|根岸3丁目,144935.80735332737,1,547.6502399906981,荒川
台東区|根岸3丁目,144935.80735332737,1,3520.1464258654223,荒川
台東区|根岸3丁目,144935.80735332737,2,87909.68584005476,荒川
台東区|根岸3丁目,144935.80735332737,2,25.925031449635966,荒川
台東区|根岸3丁目,144935.80735332737,2,51.65058560359142,荒川
台東区|根岸3丁目,144935.80735332737,2,53.11625832329785,荒川
台東区|根岸3丁目,144935.80735332737,2,156.61408025198014,荒川
台東区|根岸4丁目,91596.75707050845,2,91200.69797261679,荒川
台東区|根岸4丁目,91596.75707050845,3,26.556392347250657,荒川
台東区|根岸4丁目,91596.75707050845,3,78.61704359470106,荒川
台東区|根岸4丁目,91596.75707050845,3,26.13530412586575,荒川
台東区|根岸4丁目,91596.75707050845,3,25.924754310182433,荒川
台東区|根岸4丁目,91596.75707050845,3,26.135330649021046,荒川
台東区|根岸4丁目,91596.75707050845,3,212.69027286461693,荒川
