key,town_area,A31a_205,a,river
江東区|海辺,86822.42325964116,2,46281.807131815614,荒川
江東区|海辺,86822.42325964116,2,339.75793092251814,荒川
江東区|海辺,86822.42325964116,2,575.1296226239323,荒川
江東区|海辺,86822.42325964116,3,52.51075559956387,荒川
江東区|海辺,86822.42325964116,3,25.93843660711445,荒川
江東区|海辺,86822.42325964116,3,37949.74348250954,荒川
江東区|海辺,86822.42325964116,3,286.8318678024597,荒川
江東区|海辺,86822.42325964116,3,1205.6835226231394,荒川
江東区|海辺,86822.42325964116,3,25.938802017509524,荒川
江東区|海辺,86822.42325964116,3,79.08149894176988,荒川
江東区|扇橋1丁目,95950.37145620142,1,180.7447941643655,荒川
江東区|扇橋1丁目,95950.37145620142,1,2072.111171133869,荒川
江東区|扇橋1丁目,95950.37145620142,1,518.2383349056048,荒川
江東区|扇橋1丁目,95950.37145620142,2,84268.24759749428,荒川
江東区|扇橋1丁目,95950.37145620142,2,26.570939148588014,荒川
江東区|扇橋1丁目,95950.37145620142,2,25.355478000537566,荒川
江東区|扇橋1丁目,95950.37145620142,2,131.58623299570175,荒川
江東区|扇橋1丁目,95950.37145620142,2,105.43760123207015,荒川
江東区|扇橋1丁目,95950.37145620142,2,51.46382295962102,荒川
江東区|扇橋1丁目,95950.37145620142,3,52.71885454116211,荒川
江東区|扇橋1丁目,95950.37145620142,3,182.42132821775414,荒川
江東区|扇橋1丁目,95950.37145620142,3,7952.427700699321,荒川
江東区|扇橋2丁目,77115.18681318709,1,4.334826996735055,荒川
江東区|扇橋2丁目,77115.18681318709,2,59119.71068779845,荒川
江東区|扇橋2丁目,77115.18681318709,2,52.30729180428523,荒川
江東区|扇橋2丁目,77115.18681318709,2,367.9891523925919,荒川
江東区|扇橋2丁目,77115.18681318709,3,26.148657840167676,荒川
江東区|扇橋2丁目,77115.18681318709,3,118.04416802539544,荒川
江東区|扇橋2丁目,77115.18681318709,3,26.14841987454878,荒川
江東区|扇橋2丁目,77115.18681318709,3,25.93755893321339,荒川
江東区|扇橋2丁目,77115.18681318709,3,17374.56602066876,荒川
江東区|扇橋3丁目,93168.5526675328,1,548.5338672846178,荒川
江東区|扇橋3丁目,93168.5526675328,2,85948.4127989536,荒川
江東区|扇橋3丁目,93168.5526675328,2,0.8343902109560296,荒川
江東区|扇橋3丁目,93168.5526675328,3,26.570130389584293,荒川
江東区|扇橋3丁目,93168.5526675328,3,16.05600651271429,荒川
江東区|扇橋3丁目,93168.5526675328,3,98.89150408496639,荒川
江東区|扇橋3丁目,93168.5526675328,3,79.08069560929415,荒川
江東区|扇橋3丁目,93168.5526675328,3,696.6633604192366,荒川
江東区|扇橋3丁目,93168.5526675328,3,26.148590125872907,荒川
江東区|扇橋3丁目,93168.5526675328,3,25.52581193188873,荒川
江東区|扇橋3丁目,93168.5526675328,3,5701.835512009926,荒川
江東区|猿江1丁目,114759.09947532848,1,4025.3787317693036,荒川
江東区|猿江1丁目,114759.09947532848,1,360.4489363376556,荒川
江東区|猿江1丁目,114759.09947532848,1,4747.940514355818,荒川
江東区|猿江1丁目,114759.09947532848,2,102527.73037639164,荒川
江東区|猿江1丁目,114759.09947532848,2,51.67432567961522,荒川
江東区|猿江1丁目,114759.09947532848,2,51.46345935421757,荒川
江東区|猿江1丁目,114759.09947532848,2,105.43744085412187,荒川
江東区|猿江1丁目,114759.09947532848,2,1.2148883079756179,荒川
江東区|猿江2丁目,179462.4142888911,1,7947.284971095949,荒川
江東区|猿江2丁目,179462.4142888911,1,84.93632213327733,荒川
江東区|猿江2丁目,179462.4142888911,1,109.1636098778099,荒川
江東区|猿江2丁目,179462.4142888911,2,169217.15524700456,荒川
江東区|猿江2丁目,179462.4142888911,2,51.87492365508984,荒川
江東区|猿江2丁目,179462.4142888911,2,25.937564783888668,荒川
江東区|猿江2丁目,179462.4142888911,2,25.525654851247282,荒川
江東区|猿江2丁目,179462.4142888911,2,26.56999112349908,荒川
江東区|猿江2丁目,179462.4142888911,2,26.148245177580687,荒川
江東区|猿江2丁目,179462.4142888911,3,77.8200922178849,荒川
江東区|猿江2丁目,179462.4142888911,3,390.769775008175,荒川
江東区|猿江2丁目,179462.4142888911,3,52.506504214001545,荒川
江東区|猿江2丁目,179462.4142888911,3,667.5383923930426,荒川
江東区|猿江2丁目,179462.4142888911,3,105.43684747304589,荒川
江東区|住吉1丁目,91431.73087061278,1,466.3665545670418,荒川
江東区|住吉1丁目,91431.73087061278,1,453.8007383743969,荒川
江東区|住吉1丁目,91431.73087061278,2,90511.56265180135,荒川
江東区|住吉2丁目,151336.25900138266,1,122.44551731730247,荒川
江東区|住吉2丁目,151336.25900138266,1,52.50505902145122,荒川
江東区|住吉2丁目,151336.25900138266,1,313.78713888725366,荒川
江東区|住吉2丁目,151336.25900138266,1,314.199769014048,荒川
江東区|住吉2丁目,151336.25900138266,1,520.0547457403221,荒川
江東区|住吉2丁目,151336.25900138266,1,174.33647757474026,荒川
江東区|住吉2丁目,151336.25900138266,1,25.936320521100647,荒川
江東区|住吉2丁目,151336.25900138266,1,417.13245839110124,荒川
江東区|住吉2丁目,151336.25900138266,1,442.86080600333713,荒川
江東区|住吉2丁目,151336.25900138266,2,143061.09993388175,荒川
江東区|住吉2丁目,151336.25900138266,3,51.67177670253362,荒川
江東区|住吉2丁目,151336.25900138266,3,342.86661372344435,荒川
江東区|住吉2丁目,151336.25900138266,3,628.6230649054704,荒川
江東区|住吉2丁目,151336.25900138266,3,207.93423207157835,荒川
江東区|住吉2丁目,151336.25900138266,3,77.3982819379448,荒川
江東区|毛利1丁目,87954.5660532578,2,86730.16136662754,荒川
江東区|毛利1丁目,87954.5660532578,3,1224.404686630438,荒川
江東区|毛利2丁目,171743.35590600545,1,98.38703027581127,荒川
江東区|毛利2丁目,171743.35590600545,1,4609.383733194532,荒川
江東区|毛利2丁目,171743.35590600545,1,278.7784745467572,荒川
江東区|毛利2丁目,171743.35590600545,1,77.81658128761441,荒川
江東区|毛利2丁目,171743.35590600545,1,7951.179081215322,荒川
江東区|毛利2丁目,171743.35590600545,1,573.1190617753164,荒川
江東区|毛利2丁目,171743.35590600545,2,149440.09597002328,荒川
江東区|毛利2丁目,171743.35590600545,2,51.67076446721945,荒川
江東区|毛利2丁目,171743.35590600545,2,105.64171704733629,荒川
江東区|毛利2丁目,171743.35590600545,3,53.136408790176745,荒川
江東区|毛利2丁目,171743.35590600545,3,25.935927527233474,荒川
江東区|毛利2丁目,171743.35590600545,3,26.146755565846284,荒川
江東区|毛利2丁目,171743.35590600545,3,26.568783818078295,荒川
江東区|毛利2丁目,171743.35590600545,3,1193.0780516877305,荒川
江東区|毛利2丁目,171743.35590600545,3,25.523100628679877,荒川
江東区|毛利2丁目,171743.35590600545,3,26.56733233549365,荒川
江東区|木場1丁目,126455.50629543266,1,8177.48322293721,荒川
江東区|木場1丁目,126455.50629543266,1,523.1005172762874,荒川
江東区|木場1丁目,126455.50629543266,1,2867.6343961267817,荒川
江東区|木場1丁目,126455.50629543266,1,142.27265436581317,荒川
江東区|木場1丁目,126455.50629543266,1,575.2210797085958,荒川
江東区|木場1丁目,126455.50629543266,1,969.0129160491826,荒川
江東区|木場1丁目,126455.50629543266,1,313.657922957937,荒川
江東区|木場1丁目,126455.50629543266,1,1231.599073998649,荒川
江東区|木場1丁目,126455.50629543266,1,287.72001162661314,荒川
江東区|木場1丁目,126455.50629543266,1,3950.971702875638,荒川
江東区|木場1丁目,126455.50629543266,1,537.7761129383193,荒川
江東区|木場1丁目,126455.50629543266,2,100810.09715545828,荒川
江東区|木場1丁目,126455.50629543266,2,25.94299009897474,荒川
江東区|木場1丁目,126455.50629543266,2,52.51901416013103,荒川
江東区|木場1丁目,126455.50629543266,2,26.575977581143988,荒川
江東区|木場1丁目,126455.50629543266,2,51.686171329624216,荒川
江東区|木場1丁目,126455.50629543266,2,15.292713776902124,荒川
江東区|木場1丁目,126455.50629543266,2,87.97634258612081,荒川
江東区|木場1丁目,126455.50629543266,2,7.559501819065478,荒川
江東区|木場1丁目,126455.50629543266,2,30.174488215191957,荒川
江東区|木場1丁目,126455.50629543266,2,77.62765648105672,荒川
江東区|木場1丁目,126455.50629543266,2,130.56797173887455,荒川
江東区|木場1丁目,126455.50629543266,2,52.518237890499364,荒川
江東区|木場1丁目,126455.50629543266,2,105.03716713596233,荒川
江東区|木場2丁目,131897.18114128496,1,8916.990957003476,荒川
江東区|木場2丁目,131897.18114128496,1,11.17691965081863,荒川
江東区|木場2丁目,131897.18114128496,1,2375.656164033822,荒川
江東区|木場2丁目,131897.18114128496,1,4203.676867198225,荒川
江東区|木場2丁目,131897.18114128496,1,25.529851642259636,荒川
江東区|木場2丁目,131897.18114128496,1,443.37709368702986,荒川
江東区|木場2丁目,131897.18114128496,1,390.22758787773415,荒川
江東区|木場2丁目,131897.18114128496,1,339.5908201243863,荒川
江東区|木場2丁目,131897.18114128496,2,108609.12220790527,荒川
江東区|木場2丁目,131897.18114128496,2,25.530027796433643,荒川
江東区|木場2丁目,131897.18114128496,2,52.51626218206661,荒川
江東区|木場2丁目,131897.18114128496,2,26.574451209642017,荒川
江東区|木場2丁目,131897.18114128496,2,52.30528268539836,荒川
江東区|木場2丁目,131897.18114128496,2,51.68286469047284,荒川
江東区|木場2丁目,131897.18114128496,2,26.57453304262168,荒川
江東区|木場2丁目,131897.18114128496,2,342.948332524213,荒川
江東区|木場2丁目,131897.18114128496,3,129.52056886485445,荒川
江東区|木場2丁目,131897.18114128496,3,210.70349856477537,荒川
江東区|木場2丁目,131897.18114128496,3,26.153582586377038,荒川
江東区|木場2丁目,131897.18114128496,3,48.346109594862746,荒川
江東区|木場2丁目,131897.18114128496,3,66.19001765649756,荒川
江東区|木場3丁目,128160.20423267338,1,2035.3573706950617,荒川
江東区|木場3丁目,128160.20423267338,1,2277.0003711485033,荒川
江東区|木場3丁目,128160.20423267338,1,323.9656782011432,荒川
江東区|木場3丁目,128160.20423267338,1,2526.5419654865254,荒川
江東区|木場3丁目,128160.20423267338,1,497.123033202771,荒川
江東区|木場3丁目,128160.20423267338,1,3768.7330444573095,荒川
江東区|木場3丁目,128160.20423267338,1,126.89816941368731,荒川
江東区|木場3丁目,128160.20423267338,1,52.726737330336974,荒川
江東区|木場3丁目,128160.20423267338,1,654.2743953695009,荒川
江東区|木場3丁目,128160.20423267338,1,0.009065968699103897,荒川
江東区|木場3丁目,128160.20423267338,1,1283.1656741971274,荒川
江東区|木場3丁目,128160.20423267338,2,112829.2335903875,荒川
江東区|木場3丁目,128160.20423267338,2,105.4528357432392,荒川
江東区|木場3丁目,128160.20423267338,3,26.15161077671997,荒川
江東区|木場3丁目,128160.20423267338,3,26.1522449273101,荒川
江東区|木場3丁目,128160.20423267338,3,53.148178825130444,荒川
江東区|木場3丁目,128160.20423267338,3,105.03150800427899,荒川
江東区|木場3丁目,128160.20423267338,3,77.83458788532894,荒川
江東区|木場3丁目,128160.20423267338,3,52.30522010599687,荒川
江東区|木場3丁目,128160.20423267338,3,4.16985509949593,荒川
江東区|木場3丁目,128160.20423267338,3,12.900544354743133,荒川
江東区|木場3丁目,128160.20423267338,3,79.08699188624638,荒川
江東区|木場4丁目,126374.01365156879,1,755.9287501284316,荒川
江東区|木場4丁目,126374.01365156879,1,1542.3966848885514,荒川
江東区|木場4丁目,126374.01365156879,1,104.19323102951567,荒川
江東区|木場4丁目,126374.01365156879,1,5900.955792004729,荒川
江東区|木場4丁目,126374.01365156879,1,1936.3862422656935,荒川
江東区|木場4丁目,126374.01365156879,1,628.2980169380116,荒川
江東区|木場4丁目,126374.01365156879,1,2489.8425580952667,荒川
江東区|木場4丁目,126374.01365156879,1,0.0428704947047263,荒川
江東区|木場4丁目,126374.01365156879,1,2034.87588807742,荒川
江東区|木場4丁目,126374.01365156879,1,1281.8539131232217,荒川
江東区|木場4丁目,126374.01365156879,1,103.18133612997367,荒川
江東区|木場4丁目,126374.01365156879,1,266.7764982062732,荒川
江東区|木場4丁目,126374.01365156879,1,12954.631286853346,荒川
江東区|木場4丁目,126374.01365156879,1,52.72640126866728,荒川
江東区|木場4丁目,126374.01365156879,2,34942.27936121492,荒川
江東区|木場4丁目,126374.01365156879,2,52.304152962626695,荒川
江東区|木場4丁目,126374.01365156879,2,26.572936320440483,荒川
江東区|木場4丁目,126374.01365156879,2,52.72623905122142,荒川
江東区|木場4丁目,126374.01365156879,2,207.34227216620025,荒川
江東区|木場4丁目,126374.01365156879,2,52.72410772991628,荒川
江東区|木場4丁目,126374.01365156879,2,51.679886735142595,荒川
江東区|木場4丁目,126374.01365156879,2,26.57418373680636,荒川
江東区|木場4丁目,126374.01365156879,2,26.57318906199408,荒川
江東区|木場4丁目,126374.01365156879,2,26.573229548348106,荒川
江東区|木場4丁目,126374.01365156879,2,26.151449229909865,荒川
江東区|木場4丁目,126374.01365156879,2,55.100007933794174,荒川
江東区|木場4丁目,126374.01365156879,2,51.680603952868125,荒川
江東区|木場5丁目,114791.81456214978,1,2166.297976536696,荒川
江東区|木場5丁目,114791.81456214978,1,264.4775322023803,荒川
江東区|木場5丁目,114791.81456214978,1,11674.130038497042,荒川
江東区|木場5丁目,114791.81456214978,1,561.7118651814608,荒川
江東区|木場5丁目,114791.81456214978,1,2624.8157926168647,荒川
江東区|木場5丁目,114791.81456214978,2,92416.43208504294,荒川
江東区|木場5丁目,114791.81456214978,2,100.56878673478651,荒川
江東区|木場5丁目,114791.81456214978,2,3.7933704778188186,荒川
江東区|木場6丁目,117676.15562745565,1,90.07645003044094,荒川
江東区|木場6丁目,117676.15562745565,1,433.7731438865676,荒川
江東区|木場6丁目,117676.15562745565,1,1223.2847175623017,荒川
江東区|木場6丁目,117676.15562745565,1,119.27529762327408,荒川
江東区|木場6丁目,117676.15562745565,1,1493.630433929816,荒川
江東区|木場6丁目,117676.15562745565,1,1779.282728182056,荒川
江東区|木場6丁目,117676.15562745565,2,108787.11525035507,荒川
江東区|木場6丁目,117676.15562745565,2,25.94254942409912,荒川
江東区|東陽1丁目,176072.25892665522,1,336.6646889928398,荒川
江東区|東陽1丁目,176072.25892665522,1,198.04432844944168,荒川
江東区|東陽1丁目,176072.25892665522,1,28.148129333301462,荒川
江東区|東陽1丁目,176072.25892665522,1,375.389745722992,荒川
江東区|東陽1丁目,176072.25892665522,1,172.54051474580623,荒川
江東区|東陽1丁目,176072.25892665522,1,399.68555137270056,荒川
江東区|東陽1丁目,176072.25892665522,2,174043.93966761976,荒川
江東区|東陽1丁目,176072.25892665522,2,10.8736811370767,荒川
江東区|東陽1丁目,176072.25892665522,2,15.583282958448764,荒川
江東区|東陽1丁目,176072.25892665522,3,26.154250648139598,荒川
江東区|東陽1丁目,176072.25892665522,3,26.576171735722156,荒川
江東区|東陽1丁目,176072.25892665522,3,52.308414722869536,荒川
江東区|東陽1丁目,176072.25892665522,3,366.8000295448702,荒川
江東区|東陽2丁目,217911.1751516711,1,26.083414228784658,荒川
江東区|東陽2丁目,217911.1751516711,1,26.57547678984076,荒川
江東区|東陽2丁目,217911.1751516711,1,26.575405286629646,荒川
江東区|東陽2丁目,217911.1751516711,1,236.0255849123899,荒川
江東区|東陽2丁目,217911.1751516711,1,7463.08759616935,荒川
江東区|東陽2丁目,217911.1751516711,1,208.40522785480204,荒川
江東区|東陽2丁目,217911.1751516711,1,234.34740737997876,荒川
江東区|東陽2丁目,217911.1751516711,1,340.0257851594113,荒川
江東区|東陽2丁目,217911.1751516711,1,391.2886598100485,荒川
江東区|東陽2丁目,217911.1751516711,1,236.2428477737834,荒川
江東区|東陽2丁目,217911.1751516711,1,417.439295765902,荒川
江東区|東陽2丁目,217911.1751516711,1,392.96186322522453,荒川
江東区|東陽2丁目,217911.1751516711,1,157.97863552684893,荒川
江東区|東陽2丁目,217911.1751516711,1,1175.1235849276627,荒川
江東区|東陽2丁目,217911.1751516711,1,1020.3875911157503,荒川
江東区|東陽2丁目,217911.1751516711,1,23208.693960005636,荒川
江東区|東陽2丁目,217911.1751516711,1,157.76788810161887,荒川
江東区|東陽2丁目,217911.1751516711,1,132.03618537636703,荒川
江東区|東陽2丁目,217911.1751516711,2,106310.72576183263,荒川
江東区|東陽2丁目,217911.1751516711,2,287.9281020315886,荒川
江東区|東陽2丁目,217911.1751516711,2,415.56894604578935,荒川
江東区|東陽2丁目,217911.1751516711,2,51.47525607794745,荒川
江東区|東陽2丁目,217911.1751516711,2,52.73088526155816,荒川
江東区|東陽2丁目,217911.1751516711,2,105.4617702878307,荒川
江東区|東陽2丁目,217911.1751516711,2,184.76891342315847,荒川
江東区|東陽2丁目,217911.1751516711,2,52.520209003168915,荒川
江東区|東陽2丁目,217911.1751516711,2,11.250790757994055,荒川
江東区|東陽2丁目,217911.1751516711,2,66.12614161292493,荒川
江東区|東陽2丁目,217911.1751516711,2,7.062348247295541,荒川
江東区|東陽2丁目,217911.1751516711,2,29.84623768195695,荒川
江東区|東陽2丁目,217911.1751516711,2,63.4000271859978,荒川
江東区|東陽2丁目,217911.1751516711,2,16.499852220572013,荒川
江東区|東陽2丁目,217911.1751516711,2,4.423493481868668,荒川
江東区|東陽2丁目,217911.1751516711,2,37.6366165058985,荒川
江東区|東陽3丁目,149755.84424594286,1,289.5961169004355,荒川
江東区|東陽3丁目,149755.84424594286,1,4682.14192801422,荒川
江東区|東陽3丁目,149755.84424594286,2,103070.74969553227,荒川
江東区|東陽3丁目,149755.84424594286,2,26.574758407865012,荒川
江東区|東陽3丁目,149755.84424594286,2,26.574707014969704,荒川
江東区|東陽3丁目,149755.84424594286,2,1439.9756832348453,荒川
江東区|東陽3丁目,149755.84424594286,2,22.36002673037721,荒川
江東区|東陽3丁目,149755.84424594286,2,26.57526710940824,荒川
江東区|東陽3丁目,149755.84424594286,2,26.153661944632667,荒川
江東区|東陽3丁目,149755.84424594286,3,40039.89620218421,荒川
江東区|東陽3丁目,149755.84424594286,3,52.72902248959163,荒川
江東区|東陽3丁目,149755.84424594286,3,52.51814796132908,荒川
江東区|東陽4丁目,172099.364617493,2,55765.699168299856,荒川
江東区|東陽4丁目,172099.364617493,2,364.27562209407046,荒川
江東区|東陽4丁目,172099.364617493,2,18018.473900803343,荒川
江東区|東陽4丁目,172099.364617493,2,26.152483544503617,荒川
江東区|東陽4丁目,172099.364617493,2,26.574297823261922,荒川
江東区|東陽4丁目,172099.364617493,2,3371.2491753915283,荒川
江東区|東陽4丁目,172099.364617493,2,888.4252187523182,荒川
江東区|東陽4丁目,172099.364617493,3,91358.79826483798,荒川
江東区|東陽4丁目,172099.364617493,3,1833.6193294936847,荒川
江東区|東陽4丁目,172099.364617493,3,26.57373176965765,荒川
江東区|東陽4丁目,172099.364617493,3,79.30286152436337,荒川
江東区|東陽4丁目,172099.364617493,3,262.59527187834635,荒川
江東区|東陽4丁目,172099.364617493,3,26.153324401763072,荒川
江東区|東陽4丁目,172099.364617493,3,25.94179533480224,荒川
江東区|東陽4丁目,172099.364617493,3,25.530171543588132,荒川
江東区|東陽5丁目,193534.00604084294,1,0.7585861514664939,荒川
江東区|東陽5丁目,193534.00604084294,1,13.565482139301647,荒川
江東区|東陽5丁目,193534.00604084294,2,151208.12273950648,荒川
江東区|東陽5丁目,193534.00604084294,2,26.574673045148522,荒川
江東区|東陽5丁目,193534.00604084294,2,51.683065086891276,荒川
江東区|東陽5丁目,193534.00604084294,2,313.64254994591016,荒川
江東区|東陽5丁目,193534.00604084294,3,37756.8023596845,荒川
江東区|東陽5丁目,193534.00604084294,3,156.92319436945837,荒川
江東区|東陽5丁目,193534.00604084294,3,2851.6319826683166,荒川
江東区|東陽5丁目,193534.00604084294,3,25.941390407450143,荒川
江東区|東陽5丁目,193534.00604084294,3,78.04564634030687,荒川
江東区|東陽5丁目,193534.00604084294,3,26.152645278508174,荒川
江東区|東陽5丁目,193534.00604084294,3,155.8819525607233,荒川
江東区|東陽6丁目,139810.1660751127,1,575.7851809991198,荒川
江東区|東陽6丁目,139810.1660751127,1,180.93004663000033,荒川
江東区|東陽6丁目,139810.1660751127,1,0.4217971941938257,荒川
江東区|東陽6丁目,139810.1660751127,1,129.46957138923074,荒川
江東区|東陽6丁目,139810.1660751127,1,1051.9362937218639,荒川
江東区|東陽6丁目,139810.1660751127,1,679.1485192776639,荒川
江東区|東陽6丁目,139810.1660751127,1,150.60882304623706,荒川
江東区|東陽6丁目,139810.1660751127,1,0.843817179239363,荒川
江東区|東陽6丁目,139810.1660751127,1,6433.446211596426,荒川
江東区|東陽6丁目,139810.1660751127,1,551.3052684340121,荒川
江東区|東陽6丁目,139810.1660751127,1,274.5389355572247,荒川
江東区|東陽6丁目,139810.1660751127,2,113185.48683074125,荒川
江東区|東陽6丁目,139810.1660751127,3,14.617822922059181,荒川
江東区|東陽6丁目,139810.1660751127,3,15.317524662750635,荒川
江東区|東陽6丁目,139810.1660751127,3,19.804071457545895,荒川
江東区|東陽6丁目,139810.1660751127,3,25.5286502656595,荒川
江東区|東陽6丁目,139810.1660751127,3,51.468637719555616,荒川
江東区|東陽6丁目,139810.1660751127,3,26.151103003721015,荒川
江東区|東陽6丁目,139810.1660751127,3,26.151313771967196,荒川
江東区|東陽6丁目,139810.1660751127,3,51.06997500306571,荒川
江東区|東陽6丁目,139810.1660751127,3,26.572908509472917,荒川
江東区|東陽6丁目,139810.1660751127,3,26.15111612094669,荒川
江東区|東陽7丁目,86002.66362702694,1,417.6175232306658,荒川
江東区|東陽7丁目,86002.66362702694,1,1676.9452129199879,荒川
江東区|東陽7丁目,86002.66362702694,2,79271.87315785888,荒川
江東区|東陽7丁目,86002.66362702694,2,261.73554779219813,荒川
江東区|東陽7丁目,86002.66362702694,3,704.0419796917606,荒川
江東区|東陽7丁目,86002.66362702694,3,25.940471981438385,荒川
江東区|東陽7丁目,86002.66362702694,3,25.52912055962487,荒川
江東区|東陽7丁目,86002.66362702694,3,25.966063199893664,荒川
江東区|東陽7丁目,86002.66362702694,3,283.5542679103952,荒川
江東区|東陽7丁目,86002.66362702694,3,42.18048603644319,荒川
江東区|東陽7丁目,86002.66362702694,3,43.07052177232234,荒川
江東区|東陽7丁目,86002.66362702694,3,116.78440734650647,荒川
江東区|東陽7丁目,86002.66362702694,3,17.12950439661819,荒川
江東区|東陽7丁目,86002.66362702694,3,26.572825668104546,荒川
江東区|東陽7丁目,86002.66362702694,3,339.774413239173,荒川
江東区|東陽7丁目,86002.66362702694,3,26.57285307801631,荒川
江東区|東陽7丁目,86002.66362702694,3,77.40903601596854,荒川
江東区|東陽7丁目,86002.66362702694,3,1.6539212652643003,荒川
江東区|東陽7丁目,86002.66362702694,3,21.009820072502983,荒川
江東区|東陽7丁目,86002.66362702694,3,1835.099978257214,荒川
江東区|東陽7丁目,86002.66362702694,3,79.08705920173402,荒川
江東区|東陽7丁目,86002.66362702694,3,26.15134344232017,荒川
江東区|亀戸1丁目,231622.92672484452,1,262.30729714170343,荒川
江東区|亀戸1丁目,231622.92672484452,1,264.40585441739313,荒川
江東区|亀戸1丁目,231622.92672484452,1,565.9993233214989,荒川
江東区|亀戸1丁目,231622.92672484452,1,36.265980180180414,荒川
江東区|亀戸1丁目,231622.92672484452,1,27.02648555572813,荒川
江東区|亀戸1丁目,231622.92672484452,2,119396.7469618454,荒川
江東区|亀戸1丁目,231622.92672484452,2,656.7934813294221,荒川
江東区|亀戸1丁目,231622.92672484452,2,391.5647548438023,荒川
江東区|亀戸1丁目,231622.92672484452,2,1881.4830478087517,荒川
江東区|亀戸1丁目,231622.92672484452,2,546.144358831177,荒川
江東区|亀戸1丁目,231622.92672484452,2,549.2817698847265,荒川
江東区|亀戸1丁目,231622.92672484452,2,1045.229467547865,荒川
江東区|亀戸1丁目,231622.92672484452,2,965.5448835937768,荒川
江東区|亀戸1丁目,231622.92672484452,3,102909.115138909,荒川
江東区|亀戸1丁目,231622.92672484452,3,129.47896105184057,荒川
江東区|亀戸1丁目,231622.92672484452,3,26.144927104638597,荒川
江東区|亀戸1丁目,231622.92672484452,3,26.5666977141646,荒川
江東区|亀戸1丁目,231622.92672484452,3,26.14479651797319,荒川
江東区|亀戸1丁目,231622.92672484452,3,103.9572984788613,荒川
江東区|亀戸1丁目,231622.92672484452,3,77.8124710020153,荒川
江東区|亀戸1丁目,231622.92672484452,3,103.74630962404152,荒川
江東区|亀戸1丁目,231622.92672484452,3,52.500612864533416,荒川
江東区|亀戸1丁目,231622.92672484452,3,77.81287501027538,荒川
江東区|亀戸1丁目,231622.92672484452,3,52.712516546049805,荒川
江東区|亀戸1丁目,231622.92672484452,3,70.52546922160104,荒川
江東区|亀戸1丁目,231622.92672484452,3,70.29798440266445,荒川
江東区|亀戸2丁目,280802.19286782376,1,1096.6294301006146,荒川
江東区|亀戸2丁目,280802.19286782376,2,112270.99433959335,荒川
江東区|亀戸2丁目,280802.19286782376,2,1461.180677822831,荒川
江東区|亀戸2丁目,280802.19286782376,2,26.14327633791893,荒川
江東区|亀戸2丁目,280802.19286782376,2,1099.1296957054572,荒川
江東区|亀戸2丁目,280802.19286782376,2,131.5609138288623,荒川
江東区|亀戸2丁目,280802.19286782376,2,7813.472822914181,荒川
江東区|亀戸2丁目,280802.19286782376,2,26.565095815576484,荒川
江東区|亀戸2丁目,280802.19286782376,2,26.56569573818698,荒川
江東区|亀戸2丁目,280802.19286782376,2,26.14350800879524,荒川
江東区|亀戸2丁目,280802.19286782376,2,261.0349380144376,荒川
江東区|亀戸2丁目,280802.19286782376,2,2355.4330158967887,荒川
江東区|亀戸2丁目,280802.19286782376,2,339.8884206829658,荒川
江東区|亀戸2丁目,280802.19286782376,2,2118.414634757322,荒川
江東区|亀戸2丁目,280802.19286782376,2,11641.308092405496,荒川
江東区|亀戸2丁目,280802.19286782376,3,137541.72064408,荒川
江東区|亀戸2丁目,280802.19286782376,3,26.565014463495544,荒川
江東区|亀戸2丁目,280802.19286782376,3,26.565252474336603,荒川
江東区|亀戸2丁目,280802.19286782376,3,182.18233608466238,荒川
江東区|亀戸2丁目,280802.19286782376,3,52.28758637071748,荒川
江東区|亀戸2丁目,280802.19286782376,3,25.932766407975073,荒川
江東区|亀戸2丁目,280802.19286782376,3,77.8088369329343,荒川
江東区|亀戸2丁目,280802.19286782376,3,471.8723182002792,荒川
江東区|亀戸2丁目,280802.19286782376,3,26.565511059347443,荒川
江東区|亀戸2丁目,280802.19286782376,3,78.85285069272824,荒川
江東区|亀戸2丁目,280802.19286782376,3,26.56534112936035,荒川
江東区|亀戸2丁目,280802.19286782376,3,158.1293742162834,荒川
江東区|亀戸2丁目,280802.19286782376,3,26.143897368142824,荒川
江東区|亀戸2丁目,280802.19286782376,3,419.3808653275143,荒川
江東区|亀戸2丁目,280802.19286782376,3,262.08570791468895,荒川
江東区|亀戸2丁目,280802.19286782376,3,103.95505914858946,荒川
江東区|亀戸2丁目,280802.19286782376,3,52.28898577993883,荒川
江東区|亀戸2丁目,280802.19286782376,3,26.143236329959763,荒川
江東区|亀戸2丁目,280802.19286782376,3,338.4156337794016,荒川
江東区|亀戸2丁目,280802.19286782376,3,131.98073632217606,荒川
江東区|亀戸2丁目,280802.19286782376,3,26.143343113291518,荒川
江東区|亀戸2丁目,280802.19286782376,3,26.143343039075695,荒川
江東区|亀戸3丁目,339403.9478370605,1,704.3112681371754,荒川
江東区|亀戸3丁目,339403.9478370605,1,227.46457228870665,荒川
江東区|亀戸3丁目,339403.9478370605,2,135111.98745347545,荒川
江東区|亀戸3丁目,339403.9478370605,2,2324.87021946206,荒川
江東区|亀戸3丁目,339403.9478370605,2,4337.268411475401,荒川
江東区|亀戸3丁目,339403.9478370605,2,366.63642651436214,荒川
江東区|亀戸3丁目,339403.9478370605,2,523.4985317775427,荒川
江東区|亀戸3丁目,339403.9478370605,2,1175.409164285247,荒川
江東区|亀戸3丁目,339403.9478370605,2,26.14274358335804,荒川
江東区|亀戸3丁目,339403.9478370605,2,756.6996773428542,荒川
江東区|亀戸3丁目,339403.9478370605,2,522.4546085748964,荒川
江東区|亀戸3丁目,339403.9478370605,2,156.86221671770727,荒川
江東区|亀戸3丁目,339403.9478370605,2,208.73553730300202,荒川
江東区|亀戸3丁目,339403.9478370605,2,523.0846938222161,荒川
江東区|亀戸3丁目,339403.9478370605,2,156.65202959139995,荒川
江東区|亀戸3丁目,339403.9478370605,2,1073.7886822316439,荒川
江東区|亀戸3丁目,339403.9478370605,2,104.15727116163566,荒川
江東区|亀戸3丁目,339403.9478370605,2,51.45089050282844,荒川
江東区|亀戸3丁目,339403.9478370605,2,3505.396129192169,荒川
江東区|亀戸3丁目,339403.9478370605,2,313.9383398766552,荒川
江東区|亀戸3丁目,339403.9478370605,2,469.5481354579469,荒川
江東区|亀戸3丁目,339403.9478370605,2,197.92313460433525,荒川
江東区|亀戸3丁目,339403.9478370605,2,730.7743596157942,荒川
江東区|亀戸3丁目,339403.9478370605,3,183180.15579631002,荒川
江東区|亀戸3丁目,339403.9478370605,3,26.562873381116667,荒川
江東区|亀戸3丁目,339403.9478370605,3,26.562968668177426,荒川
江東区|亀戸3丁目,339403.9478370605,3,26.141495566702318,荒川
江東区|亀戸3丁目,339403.9478370605,3,181.74673413641216,荒川
江東区|亀戸3丁目,339403.9478370605,3,26.563173021095377,荒川
江東区|亀戸3丁目,339403.9478370605,3,26.56346575708753,荒川
江東区|亀戸3丁目,339403.9478370605,3,393.1906685045212,荒川
江東区|亀戸3丁目,339403.9478370605,3,104.98840786492481,荒川
江東区|亀戸3丁目,339403.9478370605,3,26.563404841678206,荒川
江東区|亀戸3丁目,339403.9478370605,3,105.6215579590917,荒川
江東区|亀戸3丁目,339403.9478370605,3,25.93108908442516,荒川
江東区|亀戸3丁目,339403.9478370605,3,77.80367916012382,荒川
江東区|亀戸3丁目,339403.9478370605,3,25.519808820765366,荒川
江東区|亀戸3丁目,339403.9478370605,3,155.60819712105067,荒川
江東区|亀戸3丁目,339403.9478370605,3,26.563814143464345,荒川
江東区|亀戸3丁目,339403.9478370605,3,261.02226454892565,荒川
江東区|亀戸3丁目,339403.9478370605,3,129.46736958505443,荒川
江東区|亀戸3丁目,339403.9478370605,3,26.142421447597435,荒川
江東区|亀戸3丁目,339403.9478370605,3,651.3049963475842,荒川
江東区|亀戸3丁目,339403.9478370605,3,181.75533752338768,荒川
江東区|亀戸3丁目,339403.9478370605,3,149.1138162780285,荒川
江東区|亀戸4丁目,222371.56380700978,2,41746.795357623385,荒川
江東区|亀戸4丁目,222371.56380700978,2,51.66276062582084,荒川
江東区|亀戸4丁目,222371.56380700978,2,11888.032501940392,荒川
江東区|亀戸4丁目,222371.56380700978,2,1644.5909147713326,荒川
江東区|亀戸4丁目,222371.56380700978,2,443.6156157536706,荒川
江東区|亀戸4丁目,222371.56380700978,2,390.91790134623767,荒川
江東区|亀戸4丁目,222371.56380700978,2,419.36202252143926,荒川
江東区|亀戸4丁目,222371.56380700978,2,391.54400086595876,荒川
江東区|亀戸4丁目,222371.56380700978,2,1591.241006763846,荒川
江東区|亀戸4丁目,222371.56380700978,2,2400.2735141074418,荒川
江東区|亀戸4丁目,222371.56380700978,3,159355.32561719918,荒川
江東区|亀戸4丁目,222371.56380700978,3,26.116658809163457,荒川
江東区|亀戸4丁目,222371.56380700978,3,49.91209556996534,荒川
江東区|亀戸4丁目,222371.56380700978,3,17.02731071355669,荒川
江東区|亀戸4丁目,222371.56380700978,3,1461.1174645094418,荒川
江東区|亀戸4丁目,222371.56380700978,3,23.664881954179624,荒川
江東区|亀戸4丁目,222371.56380700978,3,22.381086327006052,荒川
江東区|亀戸4丁目,222371.56380700978,3,130.72107598450012,荒川
江東区|亀戸4丁目,222371.56380700978,3,52.70610882190446,荒川
江東区|亀戸4丁目,222371.56380700978,3,16.404042808146386,荒川
江東区|亀戸4丁目,222371.56380700978,3,130.0889247217884,荒川
江東区|亀戸4丁目,222371.56380700978,3,17.32378434126412,荒川
江東区|亀戸4丁目,222371.56380700978,3,15.512441610871793,荒川
江東区|亀戸4丁目,222371.56380700978,3,12.221011525406887,荒川
江東区|亀戸4丁目,222371.56380700978,3,26.14229991950284,荒川
江東区|亀戸4丁目,222371.56380700978,3,26.56411355528471,荒川
江東区|亀戸4丁目,222371.56380700978,3,20.299146864281703,荒川
江東区|亀戸5丁目,237335.07999748515,2,731.2446968924903,荒川
江東区|亀戸5丁目,237335.07999748515,2,780.0151595393725,荒川
江東区|亀戸5丁目,237335.07999748515,2,1254.797117908362,荒川
江東区|亀戸5丁目,237335.07999748515,3,234542.8783027311,荒川
江東区|亀戸5丁目,237335.07999748515,4,26.144308781122582,荒川
江東区|亀戸6丁目,267317.5446674628,2,32900.007034014765,荒川
江東区|亀戸6丁目,267317.5446674628,2,5.616862174052734,荒川
江東区|亀戸6丁目,267317.5446674628,2,6773.9369290857685,荒川
江東区|亀戸6丁目,267317.5446674628,2,651.5622306727363,荒川
江東区|亀戸6丁目,267317.5446674628,2,392.40733860882534,荒川
江東区|亀戸6丁目,267317.5446674628,2,17691.842567316857,荒川
江東区|亀戸6丁目,267317.5446674628,3,205662.8573183417,荒川
江東区|亀戸6丁目,267317.5446674628,4,24.9053400244793,荒川
江東区|亀戸6丁目,267317.5446674628,4,130.10300112828787,荒川
江東区|亀戸6丁目,267317.5446674628,4,26.1452749211819,荒川
江東区|亀戸6丁目,267317.5446674628,4,3058.160356135294,荒川
江東区|亀戸7丁目,320457.2821515779,2,556.4980509717791,荒川
江東区|亀戸7丁目,320457.2821515779,2,88.35411707668612,荒川
江東区|亀戸7丁目,320457.2821515779,2,496.5796200212504,荒川
江東区|亀戸7丁目,320457.2821515779,2,473.01883168352845,荒川
江東区|亀戸7丁目,320457.2821515779,2,326.1442262121713,荒川
江東区|亀戸7丁目,320457.2821515779,3,257626.1131026175,荒川
江東区|亀戸7丁目,320457.2821515779,3,25.933804214792126,荒川
江東区|亀戸7丁目,320457.2821515779,4,26.565919818205103,荒川
江東区|亀戸7丁目,320457.2821515779,4,26.56570896886688,荒川
江東区|亀戸7丁目,320457.2821515779,4,52.28833996872741,荒川
江東区|亀戸7丁目,320457.2821515779,4,52.71016689318891,荒川
江東区|亀戸7丁目,320457.2821515779,4,25.93336498032916,荒川
江東区|亀戸7丁目,320457.2821515779,4,1.2390895122068724,荒川
江東区|亀戸7丁目,320457.2821515779,4,52.49973498057616,荒川
江東区|亀戸7丁目,320457.2821515779,4,25.933610724767746,荒川
江東区|亀戸7丁目,320457.2821515779,4,205.82244829716382,荒川
江東区|亀戸7丁目,320457.2821515779,4,52.49988010972096,荒川
江東区|亀戸7丁目,320457.2821515779,4,235.7352182487489,荒川
江東区|亀戸7丁目,320457.2821515779,4,148.08004007089983,荒川
江東区|亀戸7丁目,320457.2821515779,4,26.14474202526693,荒川
江東区|亀戸7丁目,320457.2821515779,4,52.50036920219964,荒川
江東区|亀戸7丁目,320457.2821515779,4,52.71206082505117,荒川
江東区|亀戸7丁目,320457.2821515779,4,961.9638671220217,荒川
江東区|亀戸7丁目,320457.2821515779,4,78.01951793537326,荒川
江東区|亀戸7丁目,320457.2821515779,4,26.143668672070266,荒川
江東区|亀戸7丁目,320457.2821515779,4,52.498630438361396,荒川
江東区|亀戸7丁目,320457.2821515779,4,26.565262495515977,荒川
江東区|亀戸7丁目,320457.2821515779,4,25033.06415414754,荒川
江東区|亀戸7丁目,320457.2821515779,4,209.3717432190849,荒川
江東区|亀戸7丁目,320457.2821515779,4,78.85313177910312,荒川
江東区|亀戸7丁目,320457.2821515779,4,35.80738546323038,荒川
江東区|亀戸7丁目,320457.2821515779,4,33021.06312031874,荒川
江東区|亀戸7丁目,320457.2821515779,4,79.0642556725173,荒川
江東区|亀戸7丁目,320457.2821515779,4,103.95293206087294,荒川
江東区|亀戸7丁目,320457.2821515779,4,66.61857169855028,荒川
江東区|亀戸7丁目,320457.2821515779,4,26.565701500093965,荒川
江東区|亀戸7丁目,320457.2821515779,4,27.858085441200018,荒川
江東区|亀戸8丁目,190779.4026718738,2,4336.871860157426,荒川
江東区|亀戸8丁目,190779.4026718738,2,35430.76089457208,荒川
江東区|亀戸8丁目,190779.4026718738,2,9631.100997916337,荒川
江東区|亀戸8丁目,190779.4026718738,2,16011.983535581683,荒川
江東区|亀戸8丁目,190779.4026718738,3,115655.58369372065,荒川
江東区|亀戸8丁目,190779.4026718738,3,26.143427115799618,荒川
江東区|亀戸8丁目,190779.4026718738,3,26.565701436063435,荒川
江東区|亀戸8丁目,190779.4026718738,3,32.407719379580996,荒川
江東区|亀戸8丁目,190779.4026718738,3,79.27123137600516,荒川
江東区|亀戸8丁目,190779.4026718738,3,2565.5279481757784,荒川
江東区|亀戸8丁目,190779.4026718738,3,51.45312387296499,荒川
江東区|亀戸8丁目,190779.4026718738,3,26.143010979779838,荒川
江東区|亀戸8丁目,190779.4026718738,3,26.564978838756723,荒川
江東区|亀戸8丁目,190779.4026718738,3,25.52066317976494,荒川
江東区|亀戸8丁目,190779.4026718738,4,25.932366634816226,荒川
江東区|亀戸8丁目,190779.4026718738,4,2431.702664480228,荒川
江東区|亀戸8丁目,190779.4026718738,4,26.565224276515266,荒川
江東区|亀戸8丁目,190779.4026718738,4,52.2869709399788,荒川
江東区|亀戸8丁目,190779.4026718738,4,26.143597659180497,荒川
江東区|亀戸8丁目,190779.4026718738,4,156.87122530151316,荒川
江東区|亀戸8丁目,190779.4026718738,4,51.66461547005106,荒川
江東区|亀戸8丁目,190779.4026718738,4,25.932765985855625,荒川
江東区|亀戸8丁目,190779.4026718738,4,4056.405049954024,荒川
江東区|亀戸9丁目,427343.9537242885,1,612.3359035122897,荒川
江東区|亀戸9丁目,427343.9537242885,1,573.5514602220173,荒川
江東区|亀戸9丁目,427343.9537242885,1,373.6997081173605,荒川
江東区|亀戸9丁目,427343.9537242885,1,3322.2875846639304,荒川
江東区|亀戸9丁目,427343.9537242885,1,172.67438839853534,荒川
江東区|亀戸9丁目,427343.9537242885,2,4831.453059134104,荒川
江東区|亀戸9丁目,427343.9537242885,2,16935.87076409963,荒川
江東区|亀戸9丁目,427343.9537242885,2,25.52062395830215,荒川
江東区|亀戸9丁目,427343.9537242885,2,288.42981350989675,荒川
江東区|亀戸9丁目,427343.9537242885,2,81.07584242016216,荒川
江東区|亀戸9丁目,427343.9537242885,2,19.058971595995363,荒川
江東区|亀戸9丁目,427343.9537242885,2,1682.7385326095718,荒川
江東区|亀戸9丁目,427343.9537242885,2,1.8002541513195975,荒川
江東区|亀戸9丁目,427343.9537242885,2,54279.82642609201,荒川
江東区|亀戸9丁目,427343.9537242885,2,615.3110966936238,荒川
江東区|亀戸9丁目,427343.9537242885,2,524.8232948739139,荒川
江東区|亀戸9丁目,427343.9537242885,2,99.81296640551098,荒川
江東区|亀戸9丁目,427343.9537242885,2,1.4860532124284886,荒川
江東区|亀戸9丁目,427343.9537242885,2,572.2267621123056,荒川
江東区|亀戸9丁目,427343.9537242885,2,1120.7903598224293,荒川
江東区|亀戸9丁目,427343.9537242885,2,25.9339249788626,荒川
江東区|亀戸9丁目,427343.9537242885,2,526.8373632434675,荒川
江東区|亀戸9丁目,427343.9537242885,2,51.66752813978341,荒川
江東区|亀戸9丁目,427343.9537242885,2,26.56680004854629,荒川
江東区|亀戸9丁目,427343.9537242885,2,52.711906008548205,荒川
江東区|亀戸9丁目,427343.9537242885,3,276303.1152225242,荒川
江東区|亀戸9丁目,427343.9537242885,3,210.4163121299454,荒川
江東区|亀戸9丁目,427343.9537242885,3,3375.099171293411,荒川
江東区|亀戸9丁目,427343.9537242885,3,1021.354810297479,荒川
江東区|亀戸9丁目,427343.9537242885,3,2483.433532430642,荒川
江東区|亀戸9丁目,427343.9537242885,3,181.97483747832774,荒川
江東区|亀戸9丁目,427343.9537242885,3,104.3758504424806,荒川
江東区|亀戸9丁目,427343.9537242885,3,471.6696209898796,荒川
江東区|亀戸9丁目,427343.9537242885,3,26.144282506432987,荒川
江東区|亀戸9丁目,427343.9537242885,3,25.933451465725263,荒川
江東区|亀戸9丁目,427343.9537242885,3,25.93324564582764,荒川
江東区|亀戸9丁目,427343.9537242885,3,26.14430925021636,荒川
江東区|亀戸9丁目,427343.9537242885,3,548.8511067929888,荒川
江東区|亀戸9丁目,427343.9537242885,3,208.33233973916,荒川
江東区|亀戸9丁目,427343.9537242885,3,25.521881758859838,荒川
江東区|亀戸9丁目,427343.9537242885,3,104.58820236881505,荒川
江東区|亀戸9丁目,427343.9537242885,3,26.566274877371512,荒川
江東区|亀戸9丁目,427343.9537242885,3,26.566315334855155,荒川
江東区|亀戸9丁目,427343.9537242885,3,444.0692150442555,荒川
江東区|亀戸9丁目,427343.9537242885,3,890.4439529642023,荒川
江東区|亀戸9丁目,427343.9537242885,3,26.14511891107375,荒川
江東区|亀戸9丁目,427343.9537242885,3,285.59081597105217,荒川
江東区|亀戸9丁目,427343.9537242885,3,1633.0238123126571,荒川
江東区|亀戸9丁目,427343.9537242885,4,25.521370726751435,荒川
江東区|亀戸9丁目,427343.9537242885,4,79.27515796706004,荒川
江東区|亀戸9丁目,427343.9537242885,4,26.143870067896458,荒川
江東区|亀戸9丁目,427343.9537242885,4,77.59856507199437,荒川
江東区|亀戸9丁目,427343.9537242885,4,25.93341153283623,荒川
江東区|亀戸9丁目,427343.9537242885,4,26.144268971722994,荒川
江東区|亀戸9丁目,427343.9537242885,4,26.565961090226857,荒川
江東区|亀戸9丁目,427343.9537242885,4,26.56575025039129,荒川
江東区|亀戸9丁目,427343.9537242885,4,287.82030302655676,荒川
江東区|亀戸9丁目,427343.9537242885,4,52.28943693594921,荒川
江東区|亀戸9丁目,427343.9537242885,4,52.7112985153403,荒川
江東区|亀戸9丁目,427343.9537242885,4,25.52232343821492,荒川
江東区|亀戸9丁目,427343.9537242885,4,78.85580375787856,荒川
江東区|亀戸9丁目,427343.9537242885,4,25.93401049761046,荒川
江東区|亀戸9丁目,427343.9537242885,4,26.144661945598745,荒川
江東区|亀戸9丁目,427343.9537242885,4,25.522196255946813,荒川
江東区|亀戸9丁目,427343.9537242885,4,25.522402221615785,荒川
江東区|亀戸9丁目,427343.9537242885,4,8.798665693987271,荒川
江東区|亀戸9丁目,427343.9537242885,4,710.502224154512,荒川
江東区|亀戸9丁目,427343.9537242885,4,47198.494440512775,荒川
江東区|亀戸9丁目,427343.9537242885,4,68.35603104605411,荒川
江東区|亀戸9丁目,427343.9537242885,4,26.143776078174447,荒川
江東区|亀戸9丁目,427343.9537242885,4,236.9819559233347,荒川
江東区|亀戸9丁目,427343.9537242885,4,64.11101299405836,荒川
江東区|亀戸9丁目,427343.9537242885,4,26.565674441358457,荒川
江東区|亀戸9丁目,427343.9537242885,4,76.30648522794851,荒川
江東区|亀戸9丁目,427343.9537242885,4,78.64239398427016,荒川
江東区|大島1丁目,248450.52624137478,1,189.04016892973925,荒川
江東区|大島1丁目,248450.52624137478,1,84.64585122431234,荒川
江東区|大島1丁目,248450.52624137478,2,121533.17855511085,荒川
江東区|大島1丁目,248450.52624137478,2,656.8689926087962,荒川
江東区|大島1丁目,248450.52624137478,2,364.41826630510747,荒川
江東区|大島1丁目,248450.52624137478,2,105.64379231452857,荒川
江東区|大島1丁目,248450.52624137478,2,261.0751076966865,荒川
江東区|大島1丁目,248450.52624137478,2,261.07511753625255,荒川
江東区|大島1丁目,248450.52624137478,2,339.31879673582375,荒川
江東区|大島1丁目,248450.52624137478,2,26.568988110904446,荒川
江東区|大島1丁目,248450.52624137478,2,26.147131118377356,荒川
江東区|大島1丁目,248450.52624137478,3,123093.60463232607,荒川
江東区|大島1丁目,248450.52624137478,3,576.3248500828951,荒川
江東区|大島1丁目,248450.52624137478,3,394.12295811727574,荒川
江東区|大島1丁目,248450.52624137478,3,104.18011146435467,荒川
江東区|大島1丁目,248450.52624137478,3,341.4131161380268,荒川
江東区|大島1丁目,248450.52624137478,3,13.61146041885063,荒川
江東区|大島1丁目,248450.52624137478,3,79.28831426246978,荒川
江東区|大島2丁目,263934.78859397175,1,431.2540424736949,荒川
江東区|大島2丁目,263934.78859397175,1,130.08659982490718,荒川
江東区|大島2丁目,263934.78859397175,1,243.3444681832591,荒川
江東区|大島2丁目,263934.78859397175,1,574.6292304559983,荒川
江東区|大島2丁目,263934.78859397175,1,0.47079450178957494,荒川
江東区|大島2丁目,263934.78859397175,2,134093.6564149794,荒川
江東区|大島2丁目,263934.78859397175,2,471.71052978454526,荒川
江東区|大島2丁目,263934.78859397175,2,547.2307013799938,荒川
江東区|大島2丁目,263934.78859397175,2,893.0121123563406,荒川
江東区|大島2丁目,263934.78859397175,2,944.899557767488,荒川
江東区|大島2丁目,263934.78859397175,2,310.8589615106506,荒川
江東区|大島2丁目,263934.78859397175,2,26.146363438990402,荒川
江東区|大島2丁目,263934.78859397175,3,123894.25336873987,荒川
江東区|大島2丁目,263934.78859397175,3,103.96198853843839,荒川
江東区|大島2丁目,263934.78859397175,3,25.93536828834841,荒川
江東区|大島2丁目,263934.78859397175,3,26.146312809421822,荒川
江東区|大島2丁目,263934.78859397175,3,180.94792416409334,荒川
江東区|大島2丁目,263934.78859397175,3,51.67084993646572,荒川
江東区|大島2丁目,263934.78859397175,3,137.39510135113565,荒川
江東区|大島2丁目,263934.78859397175,3,111.68759665811966,荒川
江東区|大島2丁目,263934.78859397175,3,26.567638639510907,荒川
江東区|大島2丁目,263934.78859397175,3,211.2757358920503,荒川
江東区|大島2丁目,263934.78859397175,3,51.66920556024272,荒川
江東区|大島2丁目,263934.78859397175,3,131.78433088461182,荒川
江東区|大島2丁目,263934.78859397175,3,314.1941227028599,荒川
江東区|大島3丁目,250402.3483869032,2,43284.73102403952,荒川
江東区|大島3丁目,250402.3483869032,3,207083.51260305388,荒川
江東区|大島3丁目,250402.3483869032,3,26.56751513772988,荒川
江東区|大島3丁目,250402.3483869032,4,7.5372446721485264,荒川
江東区|大島4丁目,235301.1118465539,2,52401.35643140633,荒川
江東区|大島4丁目,235301.1118465539,2,758.1150500242005,荒川
江東区|大島4丁目,235301.1118465539,2,1935.0377911405812,荒川
江東区|大島4丁目,235301.1118465539,2,51.67383711827956,荒川
江東区|大島4丁目,235301.1118465539,2,25.52510356182039,荒川
江東区|大島4丁目,235301.1118465539,2,51.67302262094984,荒川
江東区|大島4丁目,235301.1118465539,3,179173.08856735504,荒川
江東区|大島4丁目,235301.1118465539,3,184.29668592559506,荒川
江東区|大島4丁目,235301.1118465539,3,258.9854687183134,荒川
江東区|大島4丁目,235301.1118465539,3,25.936559301848,荒川
江東区|大島4丁目,235301.1118465539,3,26.148065734894647,荒川
江東区|大島4丁目,235301.1118465539,3,26.148132714351853,荒川
江東区|大島4丁目,235301.1118465539,4,270.5640461282583,荒川
江東区|大島4丁目,235301.1118465539,4,1.9865917097815446,荒川
江東区|大島4丁目,235301.1118465539,4,26.56921902630378,荒川
江東区|大島4丁目,235301.1118465539,4,78.86417964308522,荒川
江東区|大島4丁目,235301.1118465539,4,2.81503220529099,荒川
江東区|大島4丁目,235301.1118465539,4,2.3280629743027577,荒川
江東区|大島5丁目,225506.7041046958,2,261.07618883076077,荒川
江東区|大島5丁目,225506.7041046958,2,13668.946453123614,荒川
江東区|大島5丁目,225506.7041046958,3,143883.56464736065,荒川
江東区|大島5丁目,225506.7041046958,3,25.52435697024742,荒川
江東区|大島5丁目,225506.7041046958,3,393.28002649031845,荒川
江東区|大島5丁目,225506.7041046958,3,491.80745197608496,荒川
江東区|大島5丁目,225506.7041046958,3,105.22084179871575,荒川
江東区|大島5丁目,225506.7041046958,3,2846.6679176246535,荒川
江東区|大島5丁目,225506.7041046958,3,366.29044264144693,荒川
江東区|大島5丁目,225506.7041046958,3,373.033381468147,荒川
江東区|大島5丁目,225506.7041046958,3,105.85364346291367,荒川
江東区|大島5丁目,225506.7041046958,3,523.1846081666629,荒川
江東区|大島5丁目,225506.7041046958,3,12.622613355181214,荒川
江東区|大島5丁目,225506.7041046958,3,1985.4453829797528,荒川
江東区|大島5丁目,225506.7041046958,3,25.936525462796943,荒川
江東区|大島5丁目,225506.7041046958,3,25.936319630857838,荒川
江東区|大島5丁目,225506.7041046958,3,391.6069564610218,荒川
江東区|大島5丁目,225506.7041046958,3,25.524877138599784,荒川
江東区|大島5丁目,225506.7041046958,3,1276.7033176767138,荒川
江東区|大島5丁目,225506.7041046958,3,26.147781170090823,荒川
江東区|大島5丁目,225506.7041046958,3,105.43542811603324,荒川
江東区|大島5丁目,225506.7041046958,3,26.56983247484142,荒川
江東区|大島5丁目,225506.7041046958,3,25.937038230918972,荒川
江東区|大島5丁目,225506.7041046958,4,57762.905623878076,荒川
江東区|大島5丁目,225506.7041046958,4,178.64203573265695,荒川
江東区|大島5丁目,225506.7041046958,4,25.524160541059324,荒川
江東区|大島5丁目,225506.7041046958,4,103.3422196596108,荒川
江東区|大島5丁目,225506.7041046958,4,52.5047244214407,荒川
江東区|大島5丁目,225506.7041046958,4,77.08703730483992,荒川
江東区|大島5丁目,225506.7041046958,4,53.13803017306076,荒川
江東区|大島5丁目,225506.7041046958,4,128.4485367331359,荒川
江東区|大島5丁目,225506.7041046958,4,49.480391822881394,荒川
江東区|大島5丁目,225506.7041046958,4,76.74787864527808,荒川
江東区|大島5丁目,225506.7041046958,4,26.569668886304058,荒川
江東区|大島6丁目,248640.05137174888,2,1678.7123962091068,荒川
江東区|大島6丁目,248640.05137174888,2,987.491881081701,荒川
江東区|大島6丁目,248640.05137174888,2,375.4974176846194,荒川
江東区|大島6丁目,248640.05137174888,2,7353.754369941689,荒川
江東区|大島6丁目,248640.05137174888,2,339.08447022685453,荒川
江東区|大島6丁目,248640.05137174888,3,225628.716551544,荒川
江東区|大島6丁目,248640.05137174888,3,129.48833883344543,荒川
江東区|大島6丁目,248640.05137174888,4,1021.4295757097444,荒川
江東区|大島6丁目,248640.05137174888,4,79.703390219704,荒川
江東区|大島6丁目,248640.05137174888,4,313.5615201618016,荒川
江東区|大島6丁目,248640.05137174888,4,79.07102135413066,荒川
江東区|大島6丁目,248640.05137174888,4,2008.793585501751,荒川
江東区|大島6丁目,248640.05137174888,4,5935.448385505653,荒川
江東区|大島6丁目,248640.05137174888,4,830.942848437339,荒川
江東区|大島6丁目,248640.05137174888,4,105.43007275092118,荒川
江東区|大島6丁目,248640.05137174888,4,104.38562175265807,荒川
江東区|大島6丁目,248640.05137174888,4,1491.3628566231278,荒川
江東区|大島6丁目,248640.05137174888,4,79.0728169341911,荒川
江東区|大島6丁目,248640.05137174888,4,98.10425127670594,荒川
江東区|大島7丁目,250064.66050347305,2,1047.702881479466,荒川
江東区|大島7丁目,250064.66050347305,2,36.272310742381805,荒川
江東区|大島7丁目,250064.66050347305,2,83.00307947568768,荒川
江東区|大島7丁目,250064.66050347305,2,832.2396797639296,荒川
江東区|大島7丁目,250064.66050347305,2,225.6779131787724,荒川
江東区|大島7丁目,250064.66050347305,3,230053.84864383715,荒川
江東区|大島7丁目,250064.66050347305,4,13492.554579439291,荒川
江東区|大島7丁目,250064.66050347305,4,26.567378966386393,荒川
江東区|大島7丁目,250064.66050347305,4,26.145758376469246,荒川
江東区|大島7丁目,250064.66050347305,4,835.045811441808,荒川
江東区|大島7丁目,250064.66050347305,4,104.79320262640954,荒川
江東区|大島7丁目,250064.66050347305,4,52.71290576055075,荒川
江東区|大島7丁目,250064.66050347305,4,78.02531466370672,荒川
江東区|大島7丁目,250064.66050347305,4,52.50243960298998,荒川
江東区|大島7丁目,250064.66050347305,4,78.85904119270094,荒川
江東区|大島7丁目,250064.66050347305,4,52.50252094148812,荒川
江東区|大島7丁目,250064.66050347305,4,809.3189798807584,荒川
江東区|大島7丁目,250064.66050347305,4,315.2367420942203,荒川
江東区|大島7丁目,250064.66050347305,4,237.4219931305361,荒川
江東区|大島7丁目,250064.66050347305,4,79.07066721460782,荒川
江東区|大島7丁目,250064.66050347305,4,25.93528800326171,荒川
江東区|大島7丁目,250064.66050347305,4,155.63169125711312,荒川
江東区|大島7丁目,250064.66050347305,4,314.1948486360817,荒川
江東区|大島7丁目,250064.66050347305,4,261.89363684577705,荒川
江東区|大島7丁目,250064.66050347305,4,208.979419157404,荒川
江東区|大島7丁目,250064.66050347305,4,52.503562335177115,荒川
江東区|大島7丁目,250064.66050347305,4,79.25669038063737,荒川
江東区|大島7丁目,250064.66050347305,4,26.568087770273515,荒川
江東区|大島7丁目,250064.66050347305,4,52.503490446636334,荒川
江東区|大島7丁目,250064.66050347305,4,25.523768106914012,荒川
江東区|大島7丁目,250064.66050347305,4,342.1681767243245,荒川
江東区|大島8丁目,272590.4791172615,2,2698.503346594684,荒川
江東区|大島8丁目,272590.4791172615,2,8895.620425958288,荒川
江東区|大島8丁目,272590.4791172615,3,234482.03750204292,荒川
江東区|大島8丁目,272590.4791172615,3,26.146768545949648,荒川
江東区|大島8丁目,272590.4791172615,3,6.271382899216427,荒川
江東区|大島8丁目,272590.4791172615,3,19.404167066979987,荒川
江東区|大島8丁目,272590.4791172615,3,13.94641503509461,荒川
江東区|大島8丁目,272590.4791172615,3,51.873963970667354,荒川
江東区|大島8丁目,272590.4791172615,4,1907.4888694871204,荒川
江東区|大島8丁目,272590.4791172615,4,3801.376071763615,荒川
江東区|大島8丁目,272590.4791172615,4,1360.5503143809528,荒川
江東区|大島8丁目,272590.4791172615,4,11397.230735391453,荒川
江東区|大島8丁目,272590.4791172615,4,26.146804934223695,荒川
江東区|大島8丁目,272590.4791172615,4,214.0021348462738,荒川
江東区|大島8丁目,272590.4791172615,4,25.93584071017905,荒川
江東区|大島8丁目,272590.4791172615,4,130.1115825178024,荒川
江東区|大島8丁目,272590.4791172615,4,26.14692550649813,荒川
江東区|大島8丁目,272590.4791172615,4,26.146728156391163,荒川
江東区|大島8丁目,272590.4791172615,4,52.71555075691346,荒川
江東区|大島8丁目,272590.4791172615,4,390.34633123458656,荒川
江東区|大島8丁目,272590.4791172615,4,498.2900903330245,荒川
江東区|大島8丁目,272590.4791172615,4,25.52439665265737,荒川
江東区|大島8丁目,272590.4791172615,4,731.9597167672306,荒川
江東区|大島8丁目,272590.4791172615,4,312.74101100867495,荒川
江東区|大島8丁目,272590.4791172615,4,26.147010045071962,荒川
江東区|大島8丁目,272590.4791172615,4,78.86320963430683,荒川
江東区|大島8丁目,272590.4791172615,4,25.93624013575969,荒川
江東区|大島8丁目,272590.4791172615,4,259.6059712856407,荒川
江東区|大島8丁目,272590.4791172615,4,26.568940528686895,荒川
江東区|大島8丁目,272590.4791172615,4,4974.187032575604,荒川
江東区|大島8丁目,272590.4791172615,4,52.50573195328298,荒川
江東区|大島8丁目,272590.4791172615,4,26.147663706482923,荒川
江東区|大島9丁目,278422.3380588523,1,131.57045075990285,荒川
江東区|大島9丁目,278422.3380588523,1,105.00315550685725,荒川
江東区|大島9丁目,278422.3380588523,1,708.2827441020846,荒川
江東区|大島9丁目,278422.3380588523,1,131.57245554209942,荒川
江東区|大島9丁目,278422.3380588523,1,394.5171409934789,荒川
江東区|大島9丁目,278422.3380588523,1,132.20527690579908,荒川
江東区|大島9丁目,278422.3380588523,1,277.31292648511294,荒川
江東区|大島9丁目,278422.3380588523,1,657.463627136941,荒川
江東区|大島9丁目,278422.3380588523,1,183.24629247092284,荒川
江東区|大島9丁目,278422.3380588523,1,419.00866674828455,荒川
江東区|大島9丁目,278422.3380588523,1,1009.7304951851594,荒川
江東区|大島9丁目,278422.3380588523,1,260.02068743095975,荒川
江東区|大島9丁目,278422.3380588523,1,417.5336487672789,荒川
江東区|大島9丁目,278422.3380588523,1,314.6213382835255,荒川
江東区|大島9丁目,278422.3380588523,1,103.96722282702076,荒川
江東区|大島9丁目,278422.3380588523,1,5.334105467944936,荒川
江東区|大島9丁目,278422.3380588523,2,32.60921984549714,荒川
江東区|大島9丁目,278422.3380588523,2,19427.66265145587,荒川
江東区|大島9丁目,278422.3380588523,2,26.566937088338015,荒川
江東区|大島9丁目,278422.3380588523,2,2042.0025459540004,荒川
江東区|大島9丁目,278422.3380588523,2,26.56720947516249,荒川
江東区|大島9丁目,278422.3380588523,2,78.64742808966479,荒川
江東区|大島9丁目,278422.3380588523,2,26.145758857708923,荒川
江東区|大島9丁目,278422.3380588523,2,52.50198765018482,荒川
江東区|大島9丁目,278422.3380588523,2,103.96034077724688,荒川
江東区|大島9丁目,278422.3380588523,2,1989.3171016569513,荒川
江東区|大島9丁目,278422.3380588523,2,1773.6597100391211,荒川
江東区|大島9丁目,278422.3380588523,2,4199.841913694429,荒川
江東区|大島9丁目,278422.3380588523,2,22635.89359129109,荒川
江東区|大島9丁目,278422.3380588523,2,8662.349937010471,荒川
江東区|大島9丁目,278422.3380588523,2,863.3114832970278,荒川
江東区|大島9丁目,278422.3380588523,2,1600.7112603870198,荒川
江東区|大島9丁目,278422.3380588523,2,26.146715232417925,荒川
江東区|大島9丁目,278422.3380588523,2,1178.1498211785104,荒川
江東区|大島9丁目,278422.3380588523,2,26.14732848405593,荒川
江東区|大島9丁目,278422.3380588523,2,836.3530293535492,荒川
江東区|大島9丁目,278422.3380588523,3,108260.3933756016,荒川
江東区|大島9丁目,278422.3380588523,3,5882.759911019877,荒川
江東区|大島9丁目,278422.3380588523,3,3295.8739471040303,荒川
江東区|大島9丁目,278422.3380588523,3,446.94859833139435,荒川
江東区|大島9丁目,278422.3380588523,3,852.8171434745627,荒川
江東区|大島9丁目,278422.3380588523,3,158.13663927035856,荒川
江東区|大島9丁目,278422.3380588523,3,5329.488048037887,荒川
江東区|大島9丁目,278422.3380588523,4,52.50348163946283,荒川
江東区|大島9丁目,278422.3380588523,4,1930.7987560558868,荒川
江東区|北砂1丁目,195436.45671182562,1,262.3422679893345,荒川
江東区|北砂1丁目,195436.45671182562,2,84262.13241005492,荒川
江東区|北砂1丁目,195436.45671182562,2,79.0812661696651,荒川
江東区|北砂1丁目,195436.45671182562,2,444.5613686499435,荒川
江東区|北砂1丁目,195436.45671182562,3,108459.49713188452,荒川
江東区|北砂1丁目,195436.45671182562,3,184.09480929243938,荒川
江東区|北砂1丁目,195436.45671182562,3,9.470167924576304,荒川
江東区|北砂1丁目,195436.45671182562,3,26.148817628564665,荒川
江東区|北砂1丁目,195436.45671182562,3,26.148871397823346,荒川
江東区|北砂1丁目,195436.45671182562,3,5.0827618870786075,荒川
江東区|北砂1丁目,195436.45671182562,3,52.71844531878624,荒川
江東区|北砂1丁目,195436.45671182562,3,576.5497987080043,荒川
江東区|北砂1丁目,195436.45671182562,3,8.138494540117627,荒川
江東区|北砂1丁目,195436.45671182562,3,79.0782156625732,荒川
江東区|北砂1丁目,195436.45671182562,4,521.1381673247768,荒川
江東区|北砂1丁目,195436.45671182562,4,440.2737479078081,荒川
江東区|北砂2丁目,194981.84091999783,2,100745.77839047198,荒川
江東区|北砂2丁目,194981.84091999783,3,93323.43733556225,荒川
江東区|北砂2丁目,194981.84091999783,4,912.627691920106,荒川
江東区|北砂3丁目,221267.47275950562,2,24861.011114866258,荒川
江東区|北砂3丁目,221267.47275950562,3,196073.87746190422,荒川
江東区|北砂3丁目,221267.47275950562,4,282.1993502550728,荒川
江東区|北砂3丁目,221267.47275950562,4,50.38483172414797,荒川
江東区|北砂4丁目,215174.81918110445,3,120112.99164765702,荒川
江東区|北砂4丁目,215174.81918110445,3,132.22846290046502,荒川
江東区|北砂4丁目,215174.81918110445,3,78.03999530601855,荒川
江東区|北砂4丁目,215174.81918110445,3,78.66252163555868,荒川
江東区|北砂4丁目,215174.81918110445,3,26.57233411673426,荒川
江東区|北砂4丁目,215174.81918110445,3,129.50865036687912,荒川
江東区|北砂4丁目,215174.81918110445,3,0.4217867470549592,荒川
江東区|北砂4丁目,215174.81918110445,3,314.0439078856551,荒川
江東区|北砂4丁目,215174.81918110445,4,89855.61410697478,荒川
江東区|北砂4丁目,215174.81918110445,4,25.52757834654817,荒川
江東区|北砂4丁目,215174.81918110445,4,130.7615595742244,荒川
江東区|北砂4丁目,215174.81918110445,4,996.9208152028235,荒川
江東区|北砂4丁目,215174.81918110445,4,26.150520482003046,荒川
江東区|北砂4丁目,215174.81918110445,4,51.46728791898259,荒川
江東区|北砂4丁目,215174.81918110445,4,26.15068146538512,荒川
江東区|北砂4丁目,215174.81918110445,4,703.1860520975449,荒川
江東区|北砂4丁目,215174.81918110445,4,26.15072167494752,荒川
江東区|北砂4丁目,215174.81918110445,4,26.15053749264439,荒川
江東区|北砂4丁目,215174.81918110445,4,105.02421696325474,荒川
江東区|北砂4丁目,215174.81918110445,4,26.572585907929415,荒川
江東区|北砂4丁目,215174.81918110445,4,26.572085815466586,荒川
江東区|北砂4丁目,215174.81918110445,4,52.512374275111235,荒川
江東区|北砂4丁目,215174.81918110445,4,130.76346428838707,荒川
江東区|北砂4丁目,215174.81918110445,4,2014.1615452713731,荒川
江東区|北砂4丁目,215174.81918110445,4,52.51261671660876,荒川
江東区|北砂4丁目,215174.81918110445,4,26.15112402115773,荒川
江東区|北砂5丁目,289399.7641949461,2,17470.915749246305,荒川
江東区|北砂5丁目,289399.7641949461,2,4962.910237387464,荒川
江東区|北砂5丁目,289399.7641949461,2,473.64205709100327,荒川
江東区|北砂5丁目,289399.7641949461,3,192569.4401231644,荒川
江東区|北砂5丁目,289399.7641949461,3,26.1483377515174,荒川
江東区|北砂5丁目,289399.7641949461,3,18697.13908393718,荒川
江東区|北砂5丁目,289399.7641949461,3,756.0872868570443,荒川
江東区|北砂5丁目,289399.7641949461,4,26.57004429771621,荒川
江東区|北砂5丁目,289399.7641949461,4,49736.33113171057,荒川
江東区|北砂5丁目,289399.7641949461,4,182.216680233826,荒川
江東区|北砂5丁目,289399.7641949461,4,78.8675512346118,荒川
江東区|北砂5丁目,289399.7641949461,4,2089.3212595911846,荒川
江東区|北砂5丁目,289399.7641949461,4,1619.665165460088,荒川
江東区|北砂5丁目,289399.7641949461,4,313.5967620023183,荒川
江東区|北砂5丁目,289399.7641949461,4,25.938155937869595,荒川
江東区|北砂5丁目,289399.7641949461,4,52.72033761435423,荒川
江東区|北砂5丁目,289399.7641949461,4,26.57127098517991,荒川
江東区|北砂5丁目,289399.7641949461,4,265.11067735353174,荒川
江東区|北砂5丁目,289399.7641949461,4,26.571625242787974,荒川
江東区|北砂6丁目,195721.27663148954,2,9513.939814040707,荒川
江東区|北砂6丁目,195721.27663148954,2,416.12549699038453,荒川
江東区|北砂6丁目,195721.27663148954,2,816.7259797557135,荒川
江東区|北砂6丁目,195721.27663148954,2,391.6435543061659,荒川
江東区|北砂6丁目,195721.27663148954,2,915.6108607091068,荒川
江東区|北砂6丁目,195721.27663148954,3,125874.22643697915,荒川
江東区|北砂6丁目,195721.27663148954,3,26.570405036908166,荒川
江東区|北砂6丁目,195721.27663148954,3,26.570405038031687,荒川
江東区|北砂6丁目,195721.27663148954,3,25.526046377546617,荒川
江東区|北砂6丁目,195721.27663148954,3,25.938275750607886,荒川
江東区|北砂6丁目,195721.27663148954,4,55514.38179787312,荒川
江東区|北砂6丁目,195721.27663148954,4,52.71847687166074,荒川
江東区|北砂6丁目,195721.27663148954,4,79.078457002892,荒川
江東区|北砂6丁目,195721.27663148954,4,25.93784297959366,荒川
江東区|北砂6丁目,195721.27663148954,4,105.64897616146858,荒川
江東区|北砂6丁目,195721.27663148954,4,26.570316877388766,荒川
江東区|北砂6丁目,195721.27663148954,4,52.50825330519922,荒川
江東区|北砂6丁目,195721.27663148954,4,26.14865974107621,荒川
江東区|北砂6丁目,195721.27663148954,4,26.148740248369535,荒川
江東区|北砂6丁目,195721.27663148954,4,25.937876582973622,荒川
江東区|北砂6丁目,195721.27663148954,4,26.148767021747812,荒川
江東区|北砂6丁目,195721.27663148954,4,51.67506359248149,荒川
江東区|北砂6丁目,195721.27663148954,4,129.28914275141213,荒川
江東区|北砂6丁目,195721.27663148954,4,52.50908852264332,荒川
江東区|北砂6丁目,195721.27663148954,4,25.526439227631894,荒川
江東区|北砂6丁目,195721.27663148954,4,25.938481615631378,荒川
江東区|北砂6丁目,195721.27663148954,4,51.67617093088515,荒川
江東区|北砂6丁目,195721.27663148954,4,1390.5568051989362,荒川
江東区|北砂7丁目,138870.89682529285,2,288.72531783940485,荒川
江東区|北砂7丁目,138870.89682529285,2,575.9820718038525,荒川
江東区|北砂7丁目,138870.89682529285,2,897.115684246576,荒川
江東区|北砂7丁目,138870.89682529285,2,703.6345499091473,荒川
江東区|北砂7丁目,138870.89682529285,2,51.679727493729736,荒川
江東区|北砂7丁目,138870.89682529285,2,1017.4130399813706,荒川
江東区|北砂7丁目,138870.89682529285,2,862.3871095097442,荒川
江東区|北砂7丁目,138870.89682529285,2,0.4117345042196311,荒川
江東区|北砂7丁目,138870.89682529285,2,340.1854420517403,荒川
江東区|北砂7丁目,138870.89682529285,2,259.84726869696414,荒川
江東区|北砂7丁目,138870.89682529285,2,1021.6145445158812,荒川
江東区|北砂7丁目,138870.89682529285,3,82355.61079913644,荒川
江東区|北砂7丁目,138870.89682529285,3,393.31590998098443,荒川
江東区|北砂7丁目,138870.89682529285,3,26.57196620144966,荒川
江東区|北砂7丁目,138870.89682529285,4,49843.12895095813,荒川
江東区|北砂7丁目,138870.89682529285,4,207.1226135909537,荒川
江東区|北砂7丁目,138870.89682529285,4,26.150094872440686,荒川
江東区|東砂1丁目,119848.30822338603,2,7531.096465272391,荒川
江東区|東砂1丁目,119848.30822338603,2,52.720067377147615,荒川
江東区|東砂1丁目,119848.30822338603,2,470.49813485117676,荒川
江東区|東砂1丁目,119848.30822338603,2,113.13808600078573,荒川
江東区|東砂1丁目,119848.30822338603,2,128.86703189518357,荒川
江東区|東砂1丁目,119848.30822338603,2,498.11650409426977,荒川
江東区|東砂1丁目,119848.30822338603,2,889.9581542932553,荒川
江東区|東砂1丁目,119848.30822338603,2,1831.3871755271443,荒川
江東区|東砂1丁目,119848.30822338603,2,0.7117044319217004,荒川
江東区|東砂1丁目,119848.30822338603,3,100823.5856912761,荒川
江東区|東砂1丁目,119848.30822338603,4,3896.5678043215084,荒川
江東区|東砂1丁目,119848.30822338603,4,341.6313078775272,荒川
江東区|東砂1丁目,119848.30822338603,4,78.8679160885376,荒川
江東区|東砂1丁目,119848.30822338603,4,52.71925624653032,荒川
江東区|東砂1丁目,119848.30822338603,4,130.96496198540578,荒川
江東区|東砂1丁目,119848.30822338603,4,78.86814542189933,荒川
江東区|東砂1丁目,119848.30822338603,4,52.71920763945431,荒川
江東区|東砂1丁目,119848.30822338603,4,26.570494339687595,荒川
江東区|東砂1丁目,119848.30822338603,4,52.71949957364416,荒川
江東区|東砂1丁目,119848.30822338603,4,0.24409413242698738,荒川
江東区|東砂1丁目,119848.30822338603,4,26.570726001914203,荒川
江東区|東砂1丁目,119848.30822338603,4,26.14931353006783,荒川
江東区|東砂1丁目,119848.30822338603,4,2743.63648120802,荒川
江東区|東砂2丁目,221325.7429879417,1,767.9617371098161,荒川
江東区|東砂2丁目,221325.7429879417,1,121.25379745394326,荒川
江東区|東砂2丁目,221325.7429879417,1,45.954513315506965,荒川
江東区|東砂2丁目,221325.7429879417,1,465.50605541817754,荒川
江東区|東砂2丁目,221325.7429879417,1,266.80724339721365,荒川
江東区|東砂2丁目,221325.7429879417,2,18072.877325643072,荒川
江東区|東砂2丁目,221325.7429879417,2,1234.147028292165,荒川
江東区|東砂2丁目,221325.7429879417,2,25.52569352945151,荒川
江東区|東砂2丁目,221325.7429879417,2,182.42596682549927,荒川
江東区|東砂2丁目,221325.7429879417,2,13429.459092909121,荒川
江東区|東砂2丁目,221325.7429879417,2,3875.384212732127,荒川
江東区|東砂2丁目,221325.7429879417,3,161240.62769518213,荒川
江東区|東砂2丁目,221325.7429879417,3,103.97213069920836,荒川
江東区|東砂2丁目,221325.7429879417,3,26.148911270619905,荒川
江東区|東砂2丁目,221325.7429879417,3,26.570691602361435,荒川
江東区|東砂2丁目,221325.7429879417,3,26.148026179292636,荒川
江東区|東砂2丁目,221325.7429879417,3,339.1235189192723,荒川
江東区|東砂2丁目,221325.7429879417,3,208.5795683504709,荒川
江東区|東砂2丁目,221325.7429879417,3,26.57068525882653,荒川
江東区|東砂2丁目,221325.7429879417,3,103.96999120319612,荒川
江東区|東砂2丁目,221325.7429879417,3,52.50752301904949,荒川
江東区|東砂2丁目,221325.7429879417,4,51.673978343002105,荒川
江東区|東砂2丁目,221325.7429879417,4,105.01565289587022,荒川
江東区|東砂2丁目,221325.7429879417,4,16157.306215280718,荒川
江東区|東砂2丁目,221325.7429879417,4,129.28645507907385,荒川
江東区|東砂2丁目,221325.7429879417,4,26.570167461169742,荒川
江東区|東砂2丁目,221325.7429879417,4,156.6904314321728,荒川
江東区|東砂2丁目,221325.7429879417,4,262.5405551202514,荒川
江東区|東砂2丁目,221325.7429879417,4,25.90488399472501,荒川
江東区|東砂2丁目,221325.7429879417,4,79.29035484705074,荒川
江東区|東砂2丁目,221325.7429879417,4,52.71939770627854,荒川
江東区|東砂2丁目,221325.7429879417,4,263.8107549184618,荒川
江東区|東砂2丁目,221325.7429879417,4,157.32621490245015,荒川
江東区|東砂2丁目,221325.7429879417,4,103.97452713514696,荒川
江東区|東砂2丁目,221325.7429879417,4,16.87095410919509,荒川
江東区|東砂2丁目,221325.7429879417,4,49.955526418337534,荒川
江東区|東砂3丁目,338319.024486211,2,3574.612839584533,荒川
江東区|東砂3丁目,338319.024486211,3,90000.8308828606,荒川
江東区|東砂3丁目,338319.024486211,3,9199.117105928795,荒川
江東区|東砂3丁目,338319.024486211,3,78.2481990320644,荒川
江東区|東砂3丁目,338319.024486211,3,314.6532187839884,荒川
江東区|東砂3丁目,338319.024486211,3,654.6240875307844,荒川
江東区|東砂3丁目,338319.024486211,3,314.2358258676103,荒川
江東区|東砂3丁目,338319.024486211,3,26.14945182687834,荒川
江東区|東砂3丁目,338319.024486211,3,26.149974488502856,荒川
江東区|東砂3丁目,338319.024486211,3,25.938635513597802,荒川
江東区|東砂3丁目,338319.024486211,3,4397.8212206322,荒川
江東区|東砂3丁目,338319.024486211,3,51.67768240630231,荒川
江東区|東砂3丁目,338319.024486211,3,31431.31090993456,荒川
江東区|東砂3丁目,338319.024486211,3,79.084141273717,荒川
江東区|東砂3丁目,338319.024486211,3,183.48581256842965,荒川
江東区|東砂3丁目,338319.024486211,4,76714.02087305456,荒川
江東区|東砂3丁目,338319.024486211,4,25.52647878763942,荒川
江東区|東砂3丁目,338319.024486211,4,9.699935625851763,荒川
江東区|東砂3丁目,338319.024486211,4,55.484988606326255,荒川
江東区|東砂3丁目,338319.024486211,4,418.83332158654815,荒川
江東区|東砂3丁目,338319.024486211,4,25.527077655538115,荒川
江東区|東砂3丁目,338319.024486211,4,26.14969303212658,荒川
江東区|東砂3丁目,338319.024486211,4,26.149813591557862,荒川
江東区|東砂3丁目,338319.024486211,4,25.52722514741677,荒川
江東区|東砂3丁目,338319.024486211,4,26.571625588201286,荒川
江東区|東砂3丁目,338319.024486211,4,26.57183653505887,荒川
江東区|東砂3丁目,338319.024486211,4,26.150145186899735,荒川
江東区|東砂3丁目,338319.024486211,4,26.57193205166713,荒川
江東区|東砂3丁目,338319.024486211,4,26.57201380550823,荒川
江東区|東砂3丁目,338319.024486211,4,259.2121974701775,荒川
江東区|東砂3丁目,338319.024486211,4,78.8725565968477,荒川
江東区|東砂3丁目,338319.024486211,4,25.939519965906594,荒川
江東区|東砂3丁目,338319.024486211,4,52.51234345476103,荒川
江東区|東砂4丁目,127409.1453249413,2,7.396452768742686,荒川
江東区|東砂4丁目,127409.1453249413,2,577.6370915656533,荒川
江東区|東砂4丁目,127409.1453249413,2,261.0972650681213,荒川
江東区|東砂4丁目,127409.1453249413,2,26.571625419542592,荒川
江東区|東砂4丁目,127409.1453249413,2,1646.2977271775687,荒川
江東区|東砂4丁目,127409.1453249413,2,4181.393496750651,荒川
江東区|東砂4丁目,127409.1453249413,2,25.939193903539202,荒川
江東区|東砂4丁目,127409.1453249413,2,26.57217067273832,荒川
江東区|東砂4丁目,127409.1453249413,3,103908.75831851554,荒川
江東区|東砂4丁目,127409.1453249413,3,52.72164129898912,荒川
江東区|東砂4丁目,127409.1453249413,3,52.51123907954651,荒川
江東区|東砂4丁目,127409.1453249413,3,52.72212284279437,荒川
江東区|東砂4丁目,127409.1453249413,3,26.57213626391536,荒川
江東区|東砂4丁目,127409.1453249413,3,131.80552025331258,荒川
江東区|東砂4丁目,127409.1453249413,3,52.722609499660614,荒川
江東区|東砂4丁目,127409.1453249413,3,51.67824367648301,荒川
江東区|東砂4丁目,127409.1453249413,3,26.572503150673025,荒川
江東区|東砂4丁目,127409.1453249413,4,13712.5260382201,荒川
江東区|東砂4丁目,127409.1453249413,4,184.3163688676367,荒川
江東区|東砂4丁目,127409.1453249413,4,207.75959030267055,荒川
江東区|東砂4丁目,127409.1453249413,4,77.82972227671483,荒川
江東区|東砂4丁目,127409.1453249413,4,26.15063162336962,荒川
江東区|東砂4丁目,127409.1453249413,4,498.1524202409547,荒川
江東区|東砂4丁目,127409.1453249413,4,103.77001725779952,荒川
江東区|東砂4丁目,127409.1453249413,4,105.65840636271649,荒川
江東区|東砂4丁目,127409.1453249413,4,183.69946880858117,荒川
江東区|東砂4丁目,127409.1453249413,4,781.0295488983252,荒川
江東区|東砂4丁目,127409.1453249413,4,131.5991819767757,荒川
江東区|東砂4丁目,127409.1453249413,4,25.94031780829072,荒川
江東区|東砂4丁目,127409.1453249413,4,51.67991354093612,荒川
江東区|東砂4丁目,127409.1453249413,4,210.0643408489631,荒川
江東区|東砂5丁目,203776.36688981418,3,90159.18796550577,荒川
江東区|東砂5丁目,203776.36688981418,3,340.1922593395284,荒川
江東区|東砂5丁目,203776.36688981418,4,15450.476204279283,荒川
江東区|東砂5丁目,203776.36688981418,4,25.528324931684242,荒川
江東区|東砂5丁目,203776.36688981418,4,132.0213380491773,荒川
江東区|東砂5丁目,203776.36688981418,4,315.0901219702972,荒川
江東区|東砂5丁目,203776.36688981418,4,157.75027675859485,荒川
江東区|東砂5丁目,203776.36688981418,4,155.66191160241272,荒川
江東区|東砂5丁目,203776.36688981418,4,156.29497820699973,荒川
江東区|東砂5丁目,203776.36688981418,4,79.08657000345622,荒川
江東区|東砂6丁目,320934.1736178301,3,152484.59888396514,荒川
江東区|東砂6丁目,320934.1736178301,4,26.573730980857235,荒川
江東区|東砂6丁目,320934.1736178301,4,2640.676362355871,荒川
江東区|東砂6丁目,320934.1736178301,4,130.981304088931,荒川
江東区|東砂6丁目,320934.1736178301,4,26.152237444489998,荒川
江東区|東砂6丁目,320934.1736178301,4,682.108069372493,荒川
江東区|東砂6丁目,320934.1736178301,4,659.9743420734447,荒川
江東区|東砂7丁目,228961.25126108903,2,77273.91349807271,荒川
江東区|東砂7丁目,228961.25126108903,3,151477.68513824968,荒川
江東区|東砂7丁目,228961.25126108903,3,26.151784956264756,荒川
江東区|東砂7丁目,228961.25126108903,4,52.72461032699225,荒川
江東区|東砂7丁目,228961.25126108903,4,52.72828779562974,荒川
江東区|東砂7丁目,228961.25126108903,4,25.942227064817207,荒川
江東区|東砂7丁目,228961.25126108903,4,25.53048495153757,荒川
江東区|東砂7丁目,228961.25126108903,4,26.575229671372174,荒川
江東区|東砂8丁目,274910.3753487671,2,2020.6328808454664,荒川
江東区|東砂8丁目,274910.3753487671,2,78.88493288866616,荒川
江東区|東砂8丁目,274910.3753487671,3,109323.43652394749,荒川
江東区|東砂8丁目,274910.3753487671,3,681.921741811025,荒川
江東区|東砂8丁目,274910.3753487671,3,575.8432628614764,荒川
江東区|東砂8丁目,274910.3753487671,3,43.17513722955691,荒川
江東区|東砂8丁目,274910.3753487671,3,8237.727233730768,荒川
江東区|東砂8丁目,274910.3753487671,3,26.575720077339124,荒川
江東区|東砂8丁目,274910.3753487671,3,5595.412906485327,荒川
江東区|東砂8丁目,274910.3753487671,4,41424.007202538065,荒川
江東区|東砂8丁目,274910.3753487671,4,26.15335401964684,荒川
江東区|東砂8丁目,274910.3753487671,4,156.51084957372854,荒川
江東区|東砂8丁目,274910.3753487671,4,26.57584306855823,荒川
江東区|東砂8丁目,274910.3753487671,4,1722.933258348159,荒川
江東区|東砂8丁目,274910.3753487671,4,26.154302600059385,荒川
江東区|東砂8丁目,274910.3753487671,4,339.19217209297534,荒川
江東区|南砂1丁目,236586.32942921185,2,63572.70024512123,荒川
江東区|南砂1丁目,236586.32942921185,2,2775.519624899047,荒川
江東区|南砂1丁目,236586.32942921185,2,260.0513591238384,荒川
江東区|南砂1丁目,236586.32942921185,2,235.58326535702687,荒川
江東区|南砂1丁目,236586.32942921185,3,161444.84956139265,荒川
江東区|南砂1丁目,236586.32942921185,3,26.571517176657096,荒川
江東区|南砂1丁目,236586.32942921185,3,28.705117746194514,荒川
江東区|南砂1丁目,236586.32942921185,3,26.150561560124945,荒川
江東区|南砂1丁目,236586.32942921185,3,131.38520402375747,荒川
江東区|南砂1丁目,236586.32942921185,3,77.82943969115145,荒川
江東区|南砂1丁目,236586.32942921185,3,26.15067200016094,荒川
江東区|南砂1丁目,236586.32942921185,3,51.679166604660956,荒川
江東区|南砂1丁目,236586.32942921185,3,52.51248780918881,荒川
江東区|南砂1丁目,236586.32942921185,3,52.30186447898834,荒川
江東区|南砂1丁目,236586.32942921185,3,1900.6075509501545,荒川
江東区|南砂1丁目,236586.32942921185,3,21.593045428331887,荒川
江東区|南砂1丁目,236586.32942921185,3,26.151060835569666,荒川
江東区|南砂1丁目,236586.32942921185,3,104.81555973701576,荒川
江東区|南砂1丁目,236586.32942921185,3,142.22404592546476,荒川
江東区|南砂1丁目,236586.32942921185,3,574.5246468819355,荒川
江東区|南砂1丁目,236586.32942921185,3,125.45765002720151,荒川
江東区|南砂1丁目,236586.32942921185,3,2576.7753720485885,荒川
江東区|南砂1丁目,236586.32942921185,3,25.94047757521775,荒川
江東区|南砂1丁目,236586.32942921185,3,26.151392487614295,荒川
江東区|南砂1丁目,236586.32942921185,3,26.572988571266347,荒川
江東区|南砂1丁目,236586.32942921185,3,906.9801658221086,荒川
江東区|南砂1丁目,236586.32942921185,4,1366.545593040117,荒川
江東区|南砂2丁目,439208.83649274055,1,498.1585778093268,荒川
江東区|南砂2丁目,439208.83649274055,2,213928.89895009782,荒川
江東区|南砂2丁目,439208.83649274055,2,53.14792651252545,荒川
江東区|南砂2丁目,439208.83649274055,2,26.15187522985468,荒川
江東区|南砂2丁目,439208.83649274055,2,1205.1534748592312,荒川
江東区|南砂2丁目,439208.83649274055,2,393.56368346545054,荒川
江東区|南砂2丁目,439208.83649274055,2,104.19593189220016,荒川
江東区|南砂2丁目,439208.83649274055,2,861.3977179033454,荒川
江東区|南砂2丁目,439208.83649274055,2,105.029581593305,荒川
江東区|南砂2丁目,439208.83649274055,2,786.0798943972361,荒川
江東区|南砂2丁目,439208.83649274055,2,2277.2822073101156,荒川
江東区|南砂2丁目,439208.83649274055,3,198676.9027299937,荒川
江東区|南砂2丁目,439208.83649274055,3,0.6075456950398413,荒川
江東区|南砂2丁目,439208.83649274055,3,288.3122026322558,荒川
江東区|南砂2丁目,439208.83649274055,3,25.941475654171526,荒川
江東区|南砂2丁目,439208.83649274055,3,26.152187739844486,荒川
江東区|南砂2丁目,439208.83649274055,3,26.574221857455278,荒川
江東区|南砂2丁目,439208.83649274055,3,25.52974870827509,荒川
江東区|南砂2丁目,439208.83649274055,3,25.529827245620297,荒川
江東区|南砂2丁目,439208.83649274055,3,143.28360828519578,荒川
江東区|南砂2丁目,439208.83649274055,3,26.57433073735372,荒川
江東区|南砂2丁目,439208.83649274055,3,77.83454205965113,荒川
江東区|南砂2丁目,439208.83649274055,3,4.557989077170444,荒川
江東区|南砂2丁目,439208.83649274055,3,25.53002354869994,荒川
江東区|南砂2丁目,439208.83649274055,3,26.574324168271833,荒川
江東区|南砂2丁目,439208.83649274055,3,317.09879836242374,荒川
江東区|南砂2丁目,439208.83649274055,3,120.9754197665479,荒川
江東区|南砂2丁目,439208.83649274055,3,52.516464909697106,荒川
江東区|南砂2丁目,439208.83649274055,3,25.530102114244244,荒川
江東区|南砂2丁目,439208.83649274055,3,15556.239992509723,荒川
江東区|南砂2丁目,439208.83649274055,3,4.264027147670047,荒川
江東区|南砂2丁目,439208.83649274055,3,36.63998978248593,荒川
江東区|南砂2丁目,439208.83649274055,3,129.30702054254235,荒川
江東区|南砂2丁目,439208.83649274055,3,25.53014125240423,荒川
江東区|南砂2丁目,439208.83649274055,3,52.30548477791776,荒川
江東区|南砂2丁目,439208.83649274055,3,52.30527366052696,荒川
江東区|南砂2丁目,439208.83649274055,3,34.54132506086804,荒川
江東区|南砂2丁目,439208.83649274055,3,208.6095908692419,荒川
江東区|南砂2丁目,439208.83649274055,3,26.152683827027932,荒川
江東区|南砂2丁目,439208.83649274055,3,25.530219787974893,荒川
江東区|南砂2丁目,439208.83649274055,3,26.15292153663738,荒川
江東区|南砂2丁目,439208.83649274055,3,26.1529616817068,荒川
江東区|南砂2丁目,439208.83649274055,3,259.0382553704555,荒川
江東区|南砂2丁目,439208.83649274055,3,808.4932670254793,荒川
江東区|南砂2丁目,439208.83649274055,3,130.77473336718836,荒川
江東区|南砂2丁目,439208.83649274055,3,26.574943838886906,荒川
江東区|南砂2丁目,439208.83649274055,3,1071.934075707947,荒川
江東区|南砂2丁目,439208.83649274055,3,105.24464700729489,荒川
江東区|南砂2丁目,439208.83649274055,4,447.95957436069875,荒川
江東区|南砂3丁目,262210.14749871066,2,111510.36234486254,荒川
江東区|南砂3丁目,262210.14749871066,2,471.4068408607294,荒川
江東区|南砂3丁目,262210.14749871066,2,551.1251975236652,荒川
江東区|南砂3丁目,262210.14749871066,2,26.152934650870286,荒川
江東区|南砂3丁目,262210.14749871066,2,576.2468740928786,荒川
江東区|南砂3丁目,262210.14749871066,2,260.9193033672963,荒川
江東区|南砂3丁目,262210.14749871066,3,142348.05988778351,荒川
江東区|南砂3丁目,262210.14749871066,3,156.92983281930105,荒川
江東区|南砂3丁目,262210.14749871066,3,53.15034351940573,荒川
江東区|南砂3丁目,262210.14749871066,3,916.0617721287928,荒川
江東区|南砂3丁目,262210.14749871066,3,26.574452905639294,荒川
江東区|南砂3丁目,262210.14749871066,3,262.16862218536914,荒川
江東区|南砂3丁目,262210.14749871066,3,103.15407010730851,荒川
江東区|南砂3丁目,262210.14749871066,3,288.7335609275297,荒川
江東区|南砂3丁目,262210.14749871066,3,79.30117319213105,荒川
江東区|南砂3丁目,262210.14749871066,3,26.57463013611705,荒川
江東区|南砂3丁目,262210.14749871066,3,1258.3467995422002,荒川
江東区|南砂3丁目,262210.14749871066,3,314.275602292307,荒川
江東区|南砂3丁目,262210.14749871066,4,1315.8770623688047,荒川
江東区|南砂3丁目,262210.14749871066,4,26.573955774350125,荒川
江東区|南砂3丁目,262210.14749871066,4,14.455932435356473,荒川
江東区|南砂3丁目,262210.14749871066,4,549.4476023278154,荒川
江東区|南砂3丁目,262210.14749871066,4,79.09102763771817,荒川
江東区|南砂3丁目,262210.14749871066,4,890.5032624062003,荒川
江東区|南砂3丁目,262210.14749871066,4,104.65441286320213,荒川
江東区|南砂4丁目,130868.37010308438,2,1457.225070037754,荒川
江東区|南砂4丁目,130868.37010308438,3,105077.06794963883,荒川
江東区|南砂4丁目,130868.37010308438,3,26.15190545764248,荒川
江東区|南砂4丁目,130868.37010308438,3,104.1959400971925,荒川
江東区|南砂4丁目,130868.37010308438,3,52.51503006073025,荒川
江東区|南砂4丁目,130868.37010308438,4,22702.354506791038,荒川
江東区|南砂4丁目,130868.37010308438,4,26.57389422531319,荒川
江東区|南砂4丁目,130868.37010308438,4,1099.085763643398,荒川
江東区|南砂4丁目,130868.37010308438,4,102.46358672960875,荒川
江東区|南砂4丁目,130868.37010308438,4,26.57420744096686,荒川
江東区|南砂4丁目,130868.37010308438,4,25.529748067799364,荒川
江東区|南砂4丁目,130868.37010308438,4,25.529748080511578,荒川
江東区|南砂4丁目,130868.37010308438,4,51.68253189460533,荒川
江東区|南砂4丁目,130868.37010308438,4,91.42022091913283,荒川
江東区|南砂5丁目,210677.99118753016,2,15753.060609241575,荒川
江東区|南砂5丁目,210677.99118753016,2,16066.190325922958,荒川
江東区|南砂5丁目,210677.99118753016,2,968.2927596541938,荒川
江東区|南砂5丁目,210677.99118753016,2,52.30290882881965,荒川
江東区|南砂5丁目,210677.99118753016,2,1463.7523567223927,荒川
江東区|南砂5丁目,210677.99118753016,2,287.901788174956,荒川
江東区|南砂5丁目,210677.99118753016,2,52.30411584910919,荒川
江東区|南砂5丁目,210677.99118753016,3,135539.51196369244,荒川
江東区|南砂5丁目,210677.99118753016,3,130.76757015607362,荒川
江東区|南砂5丁目,210677.99118753016,3,25.940470955437718,荒川
江東区|南砂5丁目,210677.99118753016,3,103.77224588467666,荒川
江東区|南砂5丁目,210677.99118753016,3,25.94055082847762,荒川
江東区|南砂5丁目,210677.99118753016,3,104.40563748499778,荒川
江東区|南砂5丁目,210677.99118753016,3,25.940590713827397,荒川
江東区|南砂5丁目,210677.99118753016,3,366.77525947804077,荒川
江東区|南砂5丁目,210677.99118753016,3,52.72542113985658,荒川
江東区|南砂5丁目,210677.99118753016,3,26.15171779728329,荒川
江東区|南砂5丁目,210677.99118753016,3,103.98493659781305,荒川
江東区|南砂5丁目,210677.99118753016,3,25.941195618020444,荒川
江東区|南砂5丁目,210677.99118753016,3,51.46871325250198,荒川
江東区|南砂5丁目,210677.99118753016,3,26.151315490751553,荒川
江東区|南砂5丁目,210677.99118753016,4,37777.26263524758,荒川
江東区|南砂5丁目,210677.99118753016,4,77.61979965700567,荒川
江東区|南砂5丁目,210677.99118753016,4,26.151194839534863,荒川
江東区|南砂5丁目,210677.99118753016,4,313.8366026130552,荒川
江東区|南砂5丁目,210677.99118753016,4,52.513985985778795,荒川
江東区|南砂5丁目,210677.99118753016,4,51.68030588143803,荒川
江東区|南砂5丁目,210677.99118753016,4,1125.6442098266555,荒川
江東区|南砂6丁目,134981.85140000403,2,3847.384444359124,荒川
江東区|南砂6丁目,134981.85140000403,2,443.150662112267,荒川
江東区|南砂6丁目,134981.85140000403,3,126188.81037508593,荒川
江東区|南砂6丁目,134981.85140000403,3,52.51609067078929,荒川
江東区|南砂6丁目,134981.85140000403,4,2896.523858672902,荒川
江東区|南砂6丁目,134981.85140000403,4,3.2002366483615496,荒川
江東区|南砂6丁目,134981.85140000403,4,77.83385031182644,荒川
江東区|南砂6丁目,134981.85140000403,4,105.66382462327195,荒川
江東区|南砂6丁目,134981.85140000403,4,942.1818813336008,荒川
江東区|南砂6丁目,134981.85140000403,4,25.941794221251378,荒川
江東区|南砂6丁目,134981.85140000403,4,26.574364459100778,荒川
江東区|南砂6丁目,134981.85140000403,4,26.15285402503885,荒川
江東区|南砂6丁目,134981.85140000403,4,0.8003014046284002,荒川
江東区|南砂6丁目,134981.85140000403,4,199.21272844275342,荒川
江東区|南砂6丁目,134981.85140000403,4,26.57489592941782,荒川
江東区|南砂6丁目,134981.85140000403,4,119.32923770368572,荒川
江東区|南砂7丁目,136772.16898391585,2,12809.739106842166,荒川
江東区|南砂7丁目,136772.16898391585,3,123287.2953161384,荒川
江東区|南砂7丁目,136772.16898391585,4,244.16217187696972,荒川
江東区|南砂7丁目,136772.16898391585,4,157.13910237734348,荒川
江東区|南砂7丁目,136772.16898391585,4,26.15316237839586,荒川
江東区|南砂7丁目,136772.16898391585,4,25.942273105123252,荒川
江東区|南砂7丁目,136772.16898391585,4,169.22022979836686,荒川
江東区|南砂7丁目,136772.16898391585,4,25.94243279627554,荒川
江東区|南砂7丁目,136772.16898391585,4,26.57518860298554,荒川
江東区|新砂1丁目,530709.790876771,1,2852.370434408975,荒川
江東区|新砂1丁目,530709.790876771,1,340.2251308858883,荒川
江東区|新砂1丁目,530709.790876771,1,29135.386009739326,荒川
江東区|新砂1丁目,530709.790876771,1,838.8485061479714,荒川
江東区|新砂1丁目,530709.790876771,1,288.3312247606458,荒川
江東区|新砂1丁目,530709.790876771,1,259.0442987140372,荒川
江東区|新砂1丁目,530709.790876771,1,2065.257756291533,荒川
江東区|新砂1丁目,530709.790876771,1,1096.228601354136,荒川
江東区|新砂1丁目,530709.790876771,1,235.60521511197473,荒川
江東区|新砂1丁目,530709.790876771,1,415.55812312780546,荒川
江東区|新砂1丁目,530709.790876771,1,1175.1337343370851,荒川
江東区|新砂1丁目,530709.790876771,1,1021.7372169128627,荒川
江東区|新砂1丁目,530709.790876771,1,551.5805966947314,荒川
江東区|新砂1丁目,530709.790876771,1,4818.436995589013,荒川
江東区|新砂1丁目,530709.790876771,1,574.3826281667524,荒川
江東区|新砂1丁目,530709.790876771,1,261.14182669448985,荒川
江東区|新砂1丁目,530709.790876771,1,105.4613821051465,荒川
江東区|新砂1丁目,530709.790876771,1,469.1427681208468,荒川
江東区|新砂1丁目,530709.790876771,1,11.192151372504043,荒川
江東区|新砂1丁目,530709.790876771,1,366.39260712611286,荒川
江東区|新砂1丁目,530709.790876771,1,679.2131282267308,荒川
江東区|新砂1丁目,530709.790876771,1,5776.981046236478,荒川
江東区|新砂1丁目,530709.790876771,1,130.78101481142792,荒川
江東区|新砂1丁目,530709.790876771,1,26.5763269427517,荒川
江東区|新砂1丁目,530709.790876771,1,2283.01348337145,荒川
江東区|新砂1丁目,530709.790876771,1,626.5053221132166,荒川
江東区|新砂1丁目,530709.790876771,1,78.88596706694959,荒川
江東区|新砂1丁目,530709.790876771,1,522.5021440572905,荒川
江東区|新砂1丁目,530709.790876771,1,105.25222378193878,荒川
江東区|新砂1丁目,530709.790876771,2,165104.93361580075,荒川
江東区|新砂1丁目,530709.790876771,2,26.154624908945483,荒川
江東区|新砂1丁目,530709.790876771,2,5.906922129855392,荒川
江東区|新砂1丁目,530709.790876771,2,967.572345565601,荒川
江東区|新砂1丁目,530709.790876771,2,26.154771835693726,荒川
江東区|新砂1丁目,530709.790876771,2,208.62575746920632,荒川
江東区|新砂1丁目,530709.790876771,2,26.575448458696016,荒川
江東区|新砂2丁目,495276.3060094653,1,3944.3841026765344,荒川
江東区|新砂2丁目,495276.3060094653,1,653.8752213583174,荒川
江東区|新砂2丁目,495276.3060094653,1,208.3591429284392,荒川
江東区|新砂2丁目,495276.3060094653,1,2246.423984490045,荒川
江東区|新砂2丁目,495276.3060094653,1,43.60605534273511,荒川
江東区|新砂2丁目,495276.3060094653,1,14371.110814289672,荒川
江東区|新砂2丁目,495276.3060094653,1,393.7990937259,荒川
江東区|新砂2丁目,495276.3060094653,1,31934.023651229214,荒川
江東区|新砂2丁目,495276.3060094653,1,601.3841284506051,荒川
江東区|新砂2丁目,495276.3060094653,2,44945.33520575644,荒川
江東区|新砂2丁目,495276.3060094653,2,76.23033893214998,荒川
江東区|新砂2丁目,495276.3060094653,2,170.28076470767775,荒川
江東区|新砂2丁目,495276.3060094653,2,26.154574420171663,荒川
江東区|新砂2丁目,495276.3060094653,2,366.6081194974342,荒川
江東区|新砂2丁目,495276.3060094653,2,26.154762040197696,荒川
江東区|新砂2丁目,495276.3060094653,2,39.82854689408591,荒川
江東区|新砂2丁目,495276.3060094653,2,938.0899620764166,荒川
江東区|新砂2丁目,495276.3060094653,2,77.84281322085944,荒川
江東区|新砂2丁目,495276.3060094653,3,444.456875260853,荒川
江東区|新砂3丁目,2331417.7799308277,1,769.221830446969,荒川
江東区|新砂3丁目,2331417.7799308277,1,31773.166250540176,荒川
江東区|新砂3丁目,2331417.7799308277,1,445.27126354268506,荒川
江東区|新砂3丁目,2331417.7799308277,1,730.0460129649721,荒川
江東区|新砂3丁目,2331417.7799308277,1,286.04910935698524,荒川
江東区|新砂3丁目,2331417.7799308277,1,288.7577946497164,荒川
江東区|新砂3丁目,2331417.7799308277,1,470.59026176199296,荒川
江東区|新砂3丁目,2331417.7799308277,1,390.8735665795493,荒川
江東区|新砂3丁目,2331417.7799308277,1,3250.8901251979937,荒川
江東区|新砂3丁目,2331417.7799308277,1,522.0655040658596,荒川
江東区|新砂3丁目,2331417.7799308277,1,1698.260525894162,荒川
江東区|新砂3丁目,2331417.7799308277,1,1492.3868141994185,荒川
江東区|新砂3丁目,2331417.7799308277,1,445.6999381546222,荒川
江東区|新砂3丁目,2331417.7799308277,1,496.9748273681448,荒川
江東区|新砂3丁目,2331417.7799308277,1,601.3846307324334,荒川
江東区|新砂3丁目,2331417.7799308277,1,7920.973194952641,荒川
江東区|新砂3丁目,2331417.7799308277,1,522.3006676584193,荒川
江東区|新砂3丁目,2331417.7799308277,1,1.2555351864776607,荒川
江東区|新砂3丁目,2331417.7799308277,1,418.3061063937243,荒川
江東区|新砂3丁目,2331417.7799308277,1,260.94076098056746,荒川
江東区|新砂3丁目,2331417.7799308277,1,2120.8187075196615,荒川
江東区|新砂3丁目,2331417.7799308277,1,781.3733993195941,荒川
江東区|新砂3丁目,2331417.7799308277,1,3693.197913568819,荒川
江東区|新砂3丁目,2331417.7799308277,1,9885.243488802018,荒川
江東区|新砂3丁目,2331417.7799308277,1,6375.948891629854,荒川
江東区|新砂3丁目,2331417.7799308277,1,787.447603774051,荒川
江東区|新砂3丁目,2331417.7799308277,1,444.46850291322477,荒川
江東区|新砂3丁目,2331417.7799308277,1,4171.270054278808,荒川
江東区|新砂3丁目,2331417.7799308277,1,182.0574546932737,荒川
江東区|新砂3丁目,2331417.7799308277,1,579.0294537087608,荒川
江東区|新砂3丁目,2331417.7799308277,1,1253.0641873634231,荒川
江東区|新砂3丁目,2331417.7799308277,1,1651.4997771054707,荒川
江東区|新砂3丁目,2331417.7799308277,1,1122.487399103062,荒川
江東区|新砂3丁目,2331417.7799308277,1,14212.487336525885,荒川
江東区|新砂3丁目,2331417.7799308277,1,287.1057783084449,荒川
江東区|新砂3丁目,2331417.7799308277,1,51.68981576392301,荒川
江東区|新砂3丁目,2331417.7799308277,1,3929.9750543389728,荒川
江東区|新砂3丁目,2331417.7799308277,1,0.42187390912142125,荒川
江東区|新砂3丁目,2331417.7799308277,1,9491.649035955277,荒川
江東区|新砂3丁目,2331417.7799308277,1,1463.8154714222915,荒川
江東区|新砂3丁目,2331417.7799308277,1,391.7433215847699,荒川
江東区|新砂3丁目,2331417.7799308277,1,527.3483073291268,荒川
江東区|新砂3丁目,2331417.7799308277,1,969.5291783610503,荒川
江東区|新砂3丁目,2331417.7799308277,1,603.5167313789532,荒川
江東区|新砂3丁目,2331417.7799308277,1,235.84150390372827,荒川
江東区|新砂3丁目,2331417.7799308277,1,77.01351874856852,荒川
江東区|新砂3丁目,2331417.7799308277,1,25.533988994559454,荒川
江東区|新砂3丁目,2331417.7799308277,1,32285.672961884095,荒川
江東区|新砂3丁目,2331417.7799308277,1,1284.269989337372,荒川
江東区|新砂3丁目,2331417.7799308277,1,1850.973398144244,荒川
江東区|新砂3丁目,2331417.7799308277,1,184.15257795597475,荒川
江東区|新砂3丁目,2331417.7799308277,1,25.94581771568145,荒川
江東区|新砂3丁目,2331417.7799308277,2,324493.8317107726,荒川
江東区|新砂3丁目,2331417.7799308277,2,470.7995137078148,荒川
江東区|新砂3丁目,2331417.7799308277,2,571.8628021091937,荒川
江東区|新砂3丁目,2331417.7799308277,2,26.575686271021155,荒川
江東区|新砂3丁目,2331417.7799308277,2,25.53115231171993,荒川
江東区|新砂3丁目,2331417.7799308277,2,26.153876693419882,荒川
江東区|新砂3丁目,2331417.7799308277,2,26.575727159705483,荒川
江東区|新砂3丁目,2331417.7799308277,2,337.300860955062,荒川
江東区|新砂3丁目,2331417.7799308277,2,77.84017436008703,荒川
江東区|新砂3丁目,2331417.7799308277,2,51.68616145761245,荒川
江東区|新砂3丁目,2331417.7799308277,2,25.531750989709444,荒川
江東区|新砂3丁目,2331417.7799308277,2,159.5547418964359,荒川
江東区|新砂3丁目,2331417.7799308277,2,4312.670366401785,荒川
江東区|新砂3丁目,2331417.7799308277,2,52.52271481551432,荒川
江東区|新砂3丁目,2331417.7799308277,2,419.33930920545197,荒川
江東区|新砂3丁目,2331417.7799308277,2,105.04569383148576,荒川
江東区|新砂3丁目,2331417.7799308277,2,1283.6141994397533,荒川
江東区|新砂3丁目,2331417.7799308277,2,105.03714163550075,荒川
江東区|新砂3丁目,2331417.7799308277,2,52.87013870974519,荒川
江東区|新砂3丁目,2331417.7799308277,2,26.578376668516526,荒川
江東区|新砂3丁目,2331417.7799308277,2,104.21398986911794,荒川
江東区|新砂3丁目,2331417.7799308277,2,51.47908468036144,荒川
江東区|新砂3丁目,2331417.7799308277,2,77.05533133178878,荒川
江東区|新砂3丁目,2331417.7799308277,2,45.376737180781674,荒川
江東区|新砂3丁目,2331417.7799308277,2,11.338733216373548,荒川
江東区|新砂3丁目,2331417.7799308277,2,549.7499631957003,荒川
江東区|新砂3丁目,2331417.7799308277,2,287.5373333488949,荒川
江東区|新砂3丁目,2331417.7799308277,2,237.52350193545786,荒川
江東区|新砂3丁目,2331417.7799308277,2,26.578955931768064,荒川
江東区|新砂3丁目,2331417.7799308277,2,52.73628848567925,荒川
江東区|新砂3丁目,2331417.7799308277,2,103.79479226631923,荒川
江東区|新砂3丁目,2331417.7799308277,2,573.823338966682,荒川
江東区|新砂3丁目,2331417.7799308277,2,158.20939270797507,荒川
江東区|新砂3丁目,2331417.7799308277,2,26.57906478674134,荒川
江東区|新砂3丁目,2331417.7799308277,2,52.525568122960536,荒川
江東区|新砂3丁目,2331417.7799308277,2,53.15864691695867,荒川
江東区|新砂3丁目,2331417.7799308277,2,52.525994260146305,荒川
江東区|新砂3丁目,2331417.7799308277,3,1671.203046522409,荒川
江東区|新砂3丁目,2331417.7799308277,3,35.709722576331515,荒川
江東区|新砂3丁目,2331417.7799308277,3,26.153849992495324,荒川
江東区|新砂3丁目,2331417.7799308277,3,51.474303278616894,荒川
江東区|新砂3丁目,2331417.7799308277,3,393.59565971645077,荒川
江東区|新砂3丁目,2331417.7799308277,3,51.47466755419806,荒川
江東区|新砂3丁目,2331417.7799308277,3,626.9299207016469,荒川
江東区|新砂3丁目,2331417.7799308277,3,341.72149426496406,荒川
江東区|新砂3丁目,2331417.7799308277,3,78.89084468128317,荒川
江東区|新砂3丁目,2331417.7799308277,3,52.31264380956439,荒川
江東区|新砂3丁目,2331417.7799308277,4,52.72980105282399,荒川
北区|王子1丁目,298312.3152982049,1,1421.4568662929832,荒川
北区|王子1丁目,298312.3152982049,1,3578.886572252239,荒川
北区|王子1丁目,298312.3152982049,1,364.9574097047304,荒川
北区|王子1丁目,298312.3152982049,1,288.0335096674337,荒川
北区|王子1丁目,298312.3152982049,2,188482.54913207926,荒川
北区|王子1丁目,298312.3152982049,2,341.1293847032433,荒川
北区|王子1丁目,298312.3152982049,2,25.915995516318183,荒川
北区|王子1丁目,298312.3152982049,2,676.2021806835777,荒川
北区|王子1丁目,298312.3152982049,2,77.33585979865062,荒川
北区|王子1丁目,298312.3152982049,3,17671.345953968073,荒川
北区|王子1丁目,298312.3152982049,3,25.914986195701793,荒川
北区|王子1丁目,298312.3152982049,3,104.09159773473844,荒川
北区|王子1丁目,298312.3152982049,3,26.12573101906929,荒川
北区|王子1丁目,298312.3152982049,3,25.915312070611808,荒川
北区|王子1丁目,298312.3152982049,3,25.503912980424335,荒川
北区|王子1丁目,298312.3152982049,3,156.76731257497312,荒川
北区|王子1丁目,298312.3152982049,3,25.915752562568375,荒川
北区|王子1丁目,298312.3152982049,3,26.126255828681387,荒川
北区|王子1丁目,298312.3152982049,3,26.547660874432434,荒川
北区|王子1丁目,298312.3152982049,3,1928.419771990895,荒川
北区|王子1丁目,298312.3152982049,3,1147.3318491220136,荒川
北区|王子1丁目,298312.3152982049,3,63.77387090705321,荒川
北区|王子1丁目,298312.3152982049,3,287.2003527584438,荒川
北区|王子1丁目,298312.3152982049,3,77.5465663871387,荒川
北区|王子1丁目,298312.3152982049,3,157.19011961938529,荒川
北区|王子1丁目,298312.3152982049,3,26.126006321092397,荒川
北区|王子1丁目,298312.3152982049,3,52.67425667362587,荒川
北区|王子1丁目,298312.3152982049,3,26.12643171405483,荒川
北区|王子1丁目,298312.3152982049,3,25.91595334824172,荒川
北区|王子1丁目,298312.3152982049,3,104.7267835642269,荒川
北区|王子1丁目,298312.3152982049,3,26.12645810974408,荒川
北区|王子1丁目,298312.3152982049,3,26.126682583632714,荒川
北区|王子1丁目,298312.3152982049,3,1428.7816297455927,荒川
北区|王子1丁目,298312.3152982049,3,213.51696900108894,荒川
北区|王子1丁目,298312.3152982049,3,26.548104691467884,荒川
北区|王子1丁目,298312.3152982049,3,25.504671501267094,荒川
北区|王子1丁目,298312.3152982049,3,26.126539482580274,荒川
北区|王子1丁目,298312.3152982049,3,53.09589825475863,荒川
北区|王子1丁目,298312.3152982049,3,22.753716086403323,荒川
北区|王子1丁目,298312.3152982049,3,17.134610963773284,荒川
北区|王子1丁目,298312.3152982049,3,4.875574955780114,荒川
北区|王子1丁目,298312.3152982049,3,25.50336474883194,荒川
北区|王子1丁目,298312.3152982049,3,77.75475133494308,荒川
北区|王子1丁目,298312.3152982049,4,104.71279663164542,荒川
北区|王子1丁目,298312.3152982049,4,549.3174992326337,荒川
北区|王子1丁目,298312.3152982049,4,1881.7971635832257,荒川
北区|王子1丁目,298312.3152982049,4,25.915707416030976,荒川
北区|王子1丁目,298312.3152982049,4,26.547852797867154,荒川
北区|王子1丁目,298312.3152982049,4,156.34288865723448,荒川
北区|王子1丁目,298312.3152982049,4,26.547907890520065,荒川
北区|王子1丁目,298312.3152982049,4,25.915828233216367,荒川
北区|王子1丁目,298312.3152982049,4,26.547935330945506,荒川
北区|王子1丁目,298312.3152982049,4,25.50450553675702,荒川
北区|王子1丁目,298312.3152982049,4,25.91586945081259,荒川
北区|王子1丁目,298312.3152982049,4,25.13292278606744,荒川
北区|王子1丁目,298312.3152982049,4,21.670529238345065,荒川
北区|王子1丁目,298312.3152982049,4,25.915591886160882,荒川
北区|王子1丁目,298312.3152982049,4,46.68787569949308,荒川
北区|王子1丁目,298312.3152982049,4,43.36275378402594,荒川
北区|王子1丁目,298312.3152982049,4,25.50426775335099,荒川
北区|王子2丁目,157556.92384692028,2,125077.48086774313,荒川
北区|王子2丁目,157556.92384692028,2,627.8602657008607,荒川
北区|王子2丁目,157556.92384692028,2,340.47157069243616,荒川
北区|王子2丁目,157556.92384692028,2,26.12499272697881,荒川
北区|王子2丁目,157556.92384692028,3,31406.191212870108,荒川
北区|王子2丁目,157556.92384692028,3,26.124095182542888,荒川
北区|王子2丁目,157556.92384692028,3,26.124407207593737,荒川
北区|王子2丁目,157556.92384692028,3,26.546434796616253,荒川
北区|王子3丁目,114674.6553594137,2,21670.21257390141,荒川
北区|王子3丁目,114674.6553594137,2,20843.706791976667,荒川
北区|王子3丁目,114674.6553594137,2,105.76070394574525,荒川
北区|王子3丁目,114674.6553594137,2,420.9479545669179,荒川
北区|王子3丁目,114674.6553594137,3,68502.4617245553,荒川
北区|王子3丁目,114674.6553594137,3,441.0044412692588,荒川
北区|王子3丁目,114674.6553594137,3,26.545123900752202,荒川
北区|王子3丁目,114674.6553594137,3,77.96023653098987,荒川
北区|王子3丁目,114674.6553594137,3,105.33825335293496,荒川
北区|王子3丁目,114674.6553594137,3,25.501948846547833,荒川
北区|王子3丁目,114674.6553594137,3,26.54537368294737,荒川
北区|王子3丁目,114674.6553594137,3,104.08541136787564,荒川
北区|王子3丁目,114674.6553594137,3,209.84732318123108,荒川
北区|王子3丁目,114674.6553594137,3,52.670164673240365,荒川
北区|王子3丁目,114674.6553594137,4,2062.066912412731,荒川
北区|王子4丁目,109562.77380764604,2,11076.446824330838,荒川
北区|王子4丁目,109562.77380764604,3,96776.58147520965,荒川
北区|王子4丁目,109562.77380764604,3,0.03960308049882817,荒川
北区|王子4丁目,109562.77380764604,3,52.24705912924591,荒川
北区|王子4丁目,109562.77380764604,3,51.62541499192698,荒川
北区|王子4丁目,109562.77380764604,3,26.545074574916192,荒川
北区|王子4丁目,109562.77380764604,3,25.91311538274435,荒川
北区|王子4丁目,109562.77380764604,4,12.688670416493627,荒川
北区|王子4丁目,109562.77380764604,4,38.171321364929625,荒川
北区|王子4丁目,109562.77380764604,4,3.9134995631720115,荒川
北区|王子4丁目,109562.77380764604,4,1488.9088909602012,荒川
北区|王子4丁目,109562.77380764604,4,9.692858641317795,荒川
北区|王子5丁目,280477.26628562616,2,47157.0067853669,荒川
北区|王子5丁目,280477.26628562616,2,53.08902706714739,荒川
北区|王子5丁目,280477.26628562616,2,625.3111391145064,荒川
北区|王子5丁目,280477.26628562616,2,1383.3294459099984,荒川
北区|王子5丁目,280477.26628562616,2,235.32209093266715,荒川
北区|王子5丁目,280477.26628562616,2,286.94684027933357,荒川
北区|王子5丁目,280477.26628562616,2,53.087868059444745,荒川
北区|王子5丁目,280477.26628562616,2,131.87785681878344,荒川
北区|王子5丁目,280477.26628562616,2,77.74667604126637,荒川
北区|王子5丁目,280477.26628562616,2,235.74722892501057,荒川
北区|王子5丁目,280477.26628562616,2,25.912115913023584,荒川
北区|王子5丁目,280477.26628562616,2,469.62056331450714,荒川
北区|王子5丁目,280477.26628562616,2,888.8715001927584,荒川
北区|王子5丁目,280477.26628562616,3,180832.75656344136,荒川
北区|王子5丁目,280477.26628562616,3,26.50472999218074,荒川
北区|王子5丁目,280477.26628562616,3,70.1717916014351,荒川
北区|王子5丁目,280477.26628562616,3,45.216365705940476,荒川
北区|王子5丁目,280477.26628562616,3,938.2401763060512,荒川
北区|王子5丁目,280477.26628562616,3,2421.6795093071632,荒川
北区|王子5丁目,280477.26628562616,3,26.543987406753427,荒川
北区|王子5丁目,280477.26628562616,3,77.7459974239179,荒川
北区|王子5丁目,280477.26628562616,3,52.455763222516836,荒川
北区|王子5丁目,280477.26628562616,3,52.24520479170239,荒川
北区|王子5丁目,280477.26628562616,3,78.99994738882756,荒川
北区|王子5丁目,280477.26628562616,3,77.7460997349285,荒川
北区|王子5丁目,280477.26628562616,3,40.629534572529295,荒川
北区|王子5丁目,280477.26628562616,4,43369.37613621972,荒川
北区|王子5丁目,280477.26628562616,4,104.07743236525721,荒川
北区|王子5丁目,280477.26628562616,4,52.24439074328912,荒川
北区|王子5丁目,280477.26628562616,4,26.122268733391984,荒川
北区|王子5丁目,280477.26628562616,4,52.66589191024818,荒川
北区|王子5丁目,280477.26628562616,4,13.434323979144763,荒川
北区|王子5丁目,280477.26628562616,4,223.50064998856033,荒川
北区|王子5丁目,280477.26628562616,4,22.209548998289666,荒川
北区|王子5丁目,280477.26628562616,4,25.500739360074743,荒川
北区|王子5丁目,280477.26628562616,4,26.121744310245013,荒川
北区|王子5丁目,280477.26628562616,4,78.16502196824683,荒川
北区|王子5丁目,280477.26628562616,4,51.41133092317774,荒川
北区|王子5丁目,280477.26628562616,4,25.500020643572135,荒川
北区|王子5丁目,280477.26628562616,4,16.21965873846471,荒川
北区|王子5丁目,280477.26628562616,4,25.912311859980605,荒川
北区|王子6丁目,182043.2312055548,2,25.912310746013564,荒川
北区|王子6丁目,182043.2312055548,2,133434.11596063105,荒川
北区|王子6丁目,182043.2312055548,3,48134.34947401464,荒川
北区|王子6丁目,182043.2312055548,3,104.91400951864948,荒川
北区|王子6丁目,182043.2312055548,3,79.00143326315018,荒川
北区|王子6丁目,182043.2312055548,3,209.2066470370983,荒川
北区|王子6丁目,182043.2312055548,4,55.73137033948299,荒川
北区|豊島1丁目,105802.36581659374,2,18481.360659468635,荒川
北区|豊島1丁目,105802.36581659374,2,25.50289234686884,荒川
北区|豊島1丁目,105802.36581659374,2,755.1770777091804,荒川
北区|豊島1丁目,105802.36581659374,3,85208.27288572326,荒川
北区|豊島1丁目,105802.36581659374,4,1332.052296166642,荒川
北区|豊島2丁目,127924.87690300055,2,11.632520336385507,荒川
北区|豊島2丁目,127924.87690300055,3,125040.25271888867,荒川
北区|豊島2丁目,127924.87690300055,4,26.546263734104688,荒川
北区|豊島2丁目,127924.87690300055,4,26.124935427839738,荒川
北区|豊島2丁目,127924.87690300055,4,0.15003000762747767,荒川
北区|豊島2丁目,127924.87690300055,4,128.0508130835936,荒川
北区|豊島2丁目,127924.87690300055,4,12.218991458411447,荒川
北区|豊島2丁目,127924.87690300055,4,25.91346105367268,荒川
北区|豊島2丁目,127924.87690300055,4,50.73998112720586,荒川
北区|豊島2丁目,127924.87690300055,4,26.124166579613664,荒川
北区|豊島2丁目,127924.87690300055,4,24.85223652382686,荒川
北区|豊島2丁目,127924.87690300055,4,25.501553740696615,荒川
北区|豊島2丁目,127924.87690300055,4,26.545606262480185,荒川
北区|豊島2丁目,127924.87690300055,4,26.12427425734898,荒川
北区|豊島2丁目,127924.87690300055,4,26.545688326107477,荒川
北区|豊島2丁目,127924.87690300055,4,51.62676819143721,荒川
北区|豊島2丁目,127924.87690300055,4,525.2379555617191,荒川
北区|豊島2丁目,127924.87690300055,4,79.00539039207949,荒川
北区|豊島2丁目,127924.87690300055,4,436.72427717665664,荒川
北区|豊島2丁目,127924.87690300055,4,25.913823188067816,荒川
北区|豊島2丁目,127924.87690300055,4,287.39300206501815,荒川
北区|豊島2丁目,127924.87690300055,4,784.2089916221394,荒川
北区|豊島2丁目,127924.87690300055,4,257.4434539958065,荒川
北区|豊島3丁目,148815.4955342648,3,144249.57191429572,荒川
北区|豊島3丁目,148815.4955342648,4,4310.627975393713,荒川
北区|豊島3丁目,148815.4955342648,4,26.545359662494448,荒川
北区|豊島3丁目,148815.4955342648,4,25.50201776586593,荒川
北区|豊島3丁目,148815.4955342648,4,26.54538696372922,荒川
北区|豊島3丁目,148815.4955342648,4,26.124255919548453,荒川
北区|豊島3丁目,148815.4955342648,4,25.913380786077735,荒川
北区|豊島3丁目,148815.4955342648,4,25.352233416834487,荒川
北区|豊島3丁目,148815.4955342648,4,26.124072102342335,荒川
北区|豊島3丁目,148815.4955342648,4,26.54544194398987,荒川
北区|豊島3丁目,148815.4955342648,4,3.2017597854629427,荒川
北区|豊島3丁目,148815.4955342648,4,26.124112550889304,荒川
北区|豊島3丁目,148815.4955342648,4,14.32670224313889,荒川
北区|豊島3丁目,148815.4955342648,4,1.7189909832738253,荒川
北区|豊島3丁目,148815.4955342648,4,1.2719304518386068,荒川
北区|豊島4丁目,160585.65075660005,1,217.10093669659744,荒川
北区|豊島4丁目,160585.65075660005,2,92.49410519504288,荒川
北区|豊島4丁目,160585.65075660005,2,104.06739765903549,荒川
北区|豊島4丁目,160585.65075660005,2,1436.86844504109,荒川
北区|豊島4丁目,160585.65075660005,2,18.245568995277203,荒川
北区|豊島4丁目,160585.65075660005,2,1906.9241679652764,荒川
北区|豊島4丁目,160585.65075660005,2,3.071054571859095,荒川
北区|豊島4丁目,160585.65075660005,2,177.42162553864867,荒川
北区|豊島4丁目,160585.65075660005,3,97742.08715454715,荒川
北区|豊島4丁目,160585.65075660005,3,130.20659934155185,荒川
北区|豊島4丁目,160585.65075660005,3,2718.90706313321,荒川
北区|豊島4丁目,160585.65075660005,3,155.7083928261906,荒川
北区|豊島4丁目,160585.65075660005,3,2638.4517156713373,荒川
北区|豊島4丁目,160585.65075660005,3,5752.613295719236,荒川
北区|豊島4丁目,160585.65075660005,4,45740.32117866379,荒川
北区|豊島4丁目,160585.65075660005,4,340.46352476958424,荒川
北区|豊島4丁目,160585.65075660005,4,9.899460464867424,荒川
北区|豊島4丁目,160585.65075660005,4,52.66770537985654,荒川
北区|豊島4丁目,160585.65075660005,4,52.45730838010298,荒川
北区|豊島4丁目,160585.65075660005,4,184.5472994429852,荒川
北区|豊島4丁目,160585.65075660005,4,26.544607623161667,荒川
北区|豊島4丁目,160585.65075660005,4,25.912701625781676,荒川
北区|豊島4丁目,160585.65075660005,4,25.50138490067486,荒川
北区|豊島4丁目,160585.65075660005,4,26.12338745549889,荒川
北区|豊島4丁目,160585.65075660005,4,26.544728240341694,荒川
北区|豊島4丁目,160585.65075660005,4,26.123607670003917,荒川
北区|豊島4丁目,160585.65075660005,4,25.912421765757056,荒川
北区|豊島4丁目,160585.65075660005,4,52.66840401334517,荒川
北区|豊島4丁目,160585.65075660005,4,52.66892833894572,荒川
北区|豊島4丁目,160585.65075660005,4,26.123802101982918,荒川
北区|豊島4丁目,160585.65075660005,4,25.91313961407744,荒川
北区|豊島4丁目,160585.65075660005,4,26.545391790924704,荒川
北区|豊島4丁目,160585.65075660005,4,26.123842638396955,荒川
北区|豊島4丁目,160585.65075660005,4,26.545222317112962,荒川
北区|豊島4丁目,160585.65075660005,4,26.12388316940189,荒川
北区|豊島4丁目,160585.65075660005,4,25.913425756252906,荒川
北区|豊島4丁目,160585.65075660005,4,639.8373277320865,荒川
北区|豊島5丁目,538468.1674876927,1,670.7861134132477,荒川
北区|豊島5丁目,538468.1674876927,1,1959.2413868084163,荒川
北区|豊島5丁目,538468.1674876927,1,6530.871119831854,荒川
北区|豊島5丁目,538468.1674876927,1,2819.8624991076244,荒川
北区|豊島5丁目,538468.1674876927,1,833.8623507939351,荒川
北区|豊島5丁目,538468.1674876927,1,651.0011549835868,荒川
北区|豊島5丁目,538468.1674876927,1,25.500215395581705,荒川
北区|豊島5丁目,538468.1674876927,1,469.595509583352,荒川
北区|豊島5丁目,538468.1674876927,1,11338.76942189878,荒川
北区|豊島5丁目,538468.1674876927,1,2673.8437404886768,荒川
北区|豊島5丁目,538468.1674876927,1,2403.257806034828,荒川
北区|豊島5丁目,538468.1674876927,2,300.5103709000174,荒川
北区|豊島5丁目,538468.1674876927,2,634.7425141492548,荒川
北区|豊島5丁目,538468.1674876927,2,8257.373404800644,荒川
北区|豊島5丁目,538468.1674876927,2,1277.9575907480623,荒川
北区|豊島5丁目,538468.1674876927,2,21907.540119738493,荒川
北区|豊島5丁目,538468.1674876927,2,811.5018752700296,荒川
北区|豊島5丁目,538468.1674876927,2,4127.281944028171,荒川
北区|豊島5丁目,538468.1674876927,2,105655.29024953484,荒川
北区|豊島5丁目,538468.1674876927,2,26792.7919781166,荒川
北区|豊島5丁目,538468.1674876927,2,755.9163815698014,荒川
北区|豊島5丁目,538468.1674876927,2,15719.621585599785,荒川
北区|豊島5丁目,538468.1674876927,2,1216.8793091621494,荒川
北区|豊島5丁目,538468.1674876927,2,286.3436005819241,荒川
北区|豊島5丁目,538468.1674876927,2,81.19541614530272,荒川
北区|豊島5丁目,538468.1674876927,2,130.20197179732924,荒川
北区|豊島5丁目,538468.1674876927,2,52.666940698159124,荒川
北区|豊島5丁目,538468.1674876927,2,79.21075234661772,荒川
北区|豊島5丁目,538468.1674876927,3,109539.98561246869,荒川
北区|豊島5丁目,538468.1674876927,3,1721.2187894735855,荒川
北区|豊島5丁目,538468.1674876927,3,1176.1466035984658,荒川
北区|豊島5丁目,538468.1674876927,3,443.67943090496607,荒川
北区|豊島5丁目,538468.1674876927,3,131.24224102486386,荒川
北区|豊島5丁目,538468.1674876927,3,129.9880756485365,荒川
北区|豊島5丁目,538468.1674876927,3,26.543291416649936,荒川
北区|豊島5丁目,538468.1674876927,3,77.74428648987387,荒川
北区|豊島5丁目,538468.1674876927,3,104.0771440582741,荒川
北区|豊島5丁目,538468.1674876927,3,26.5433342922208,荒川
北区|豊島5丁目,538468.1674876927,3,651.0061800050042,荒川
北区|豊島5丁目,538468.1674876927,3,51.62260728990048,荒川
北区|豊島5丁目,538468.1674876927,3,26.12214590223046,荒川
北区|豊島5丁目,538468.1674876927,3,1959.2891317894928,荒川
北区|豊島5丁目,538468.1674876927,3,52.45505744812035,荒川
北区|豊島5丁目,538468.1674876927,3,26.543832382511805,荒川
北区|豊島5丁目,538468.1674876927,3,209.41113521616737,荒川
北区|豊島5丁目,538468.1674876927,3,26.543760273246896,荒川
北区|豊島5丁目,538468.1674876927,3,25.50068677741716,荒川
北区|豊島5丁目,538468.1674876927,3,131.87650343518254,荒川
北区|豊島5丁目,538468.1674876927,3,26.543996287907643,荒川
北区|豊島5丁目,538468.1674876927,3,26.543797168639834,荒川
北区|豊島5丁目,538468.1674876927,3,365.74618022285887,荒川
北区|豊島5丁目,538468.1674876927,3,53.087664092719066,荒川
北区|豊島5丁目,538468.1674876927,3,25.91185803477168,荒川
北区|豊島5丁目,538468.1674876927,3,732.1053011177853,荒川
北区|豊島5丁目,538468.1674876927,3,52.66678392082224,荒川
北区|豊島5丁目,538468.1674876927,3,26.543966587112706,荒川
北区|豊島5丁目,538468.1674876927,3,417.1508321564183,荒川
北区|豊島5丁目,538468.1674876927,3,51.622919827298155,荒川
北区|豊島5丁目,538468.1674876927,3,26.122700448082387,荒川
北区|豊島5丁目,538468.1674876927,3,26.12300045855727,荒川
北区|豊島5丁目,538468.1674876927,3,77.32510280379121,荒川
北区|豊島5丁目,538468.1674876927,3,131.87809193489718,荒川
北区|豊島5丁目,538468.1674876927,3,65.28285782382196,荒川
北区|豊島5丁目,538468.1674876927,3,732.1169921168164,荒川
北区|豊島5丁目,538468.1674876927,3,434.57531730302,荒川
北区|豊島5丁目,538468.1674876927,4,609.3503083652348,荒川
北区|豊島5丁目,538468.1674876927,4,7589.642151771063,荒川
北区|豊島5丁目,538468.1674876927,4,43.18952327994463,荒川
北区|豊島5丁目,538468.1674876927,4,23.95796196505582,荒川
北区|豊島5丁目,538468.1674876927,4,2994.39396308952,荒川
北区|豊島5丁目,538468.1674876927,4,79.00025608431297,荒川
北区|豊島5丁目,538468.1674876927,4,443.4851021221776,荒川
北区|豊島5丁目,538468.1674876927,4,862.1200744490096,荒川
北区|豊島6丁目,97608.15943358354,2,213.72921438230085,荒川
北区|豊島6丁目,97608.15943358354,3,89648.81792119944,荒川
北区|豊島6丁目,97608.15943358354,3,25.91218923766449,荒川
北区|豊島6丁目,97608.15943358354,3,25.50076104189062,荒川
北区|豊島6丁目,97608.15943358354,4,26.122434601350264,荒川
北区|豊島6丁目,97608.15943358354,4,1681.6472721628659,荒川
北区|豊島6丁目,97608.15943358354,4,2.1646318935789854,荒川
北区|豊島6丁目,97608.15943358354,4,2176.977707470527,荒川
北区|豊島6丁目,97608.15943358354,4,17.23764784414562,荒川
北区|豊島6丁目,97608.15943358354,4,25.911982802726072,荒川
北区|豊島6丁目,97608.15943358354,4,25.50068264157499,荒川
北区|豊島6丁目,97608.15943358354,4,3623.0038810870756,荒川
北区|豊島7丁目,182888.24003059737,2,55.41568902948941,荒川
北区|豊島7丁目,182888.24003059737,3,151217.90093955863,荒川
北区|豊島7丁目,182888.24003059737,4,26.54375344479496,荒川
北区|豊島7丁目,182888.24003059737,4,2818.268622889672,荒川
北区|豊島7丁目,182888.24003059737,4,182.86294931516534,荒川
北区|豊島7丁目,182888.24003059737,4,26.121832872074066,荒川
北区|豊島7丁目,182888.24003059737,4,426.45578936156187,荒川
北区|豊島7丁目,182888.24003059737,4,679.0108580723368,荒川
北区|豊島7丁目,182888.24003059737,4,27334.888599079197,荒川
北区|豊島8丁目,208409.23727874618,2,6330.856752272034,荒川
北区|豊島8丁目,208409.23727874618,2,7419.14715691173,荒川
北区|豊島8丁目,208409.23727874618,3,185525.8962293067,荒川
北区|豊島8丁目,208409.23727874618,3,552.3163482024354,荒川
北区|豊島8丁目,208409.23727874618,3,52.663610582250854,荒川
北区|豊島8丁目,208409.23727874618,3,51.40974117256714,荒川
北区|豊島8丁目,208409.23727874618,3,26.12117734065939,荒川
北区|豊島8丁目,208409.23727874618,3,599.1541948433369,荒川
北区|豊島8丁目,208409.23727874618,3,26.542581577915676,荒川
北区|豊島8丁目,208409.23727874618,3,25.91062849995879,荒川
北区|豊島8丁目,208409.23727874618,4,6566.969705724361,荒川
北区|豊島8丁目,208409.23727874618,4,392.4754758383377,荒川
北区|豊島8丁目,208409.23727874618,4,839.7738566427224,荒川
北区|堀船1丁目,140359.75733949046,1,26.54822886803298,荒川
北区|堀船1丁目,140359.75733949046,1,392.76157269111275,荒川
北区|堀船1丁目,140359.75733949046,2,46042.59097859826,荒川
北区|堀船1丁目,140359.75733949046,2,2038.4094045003646,荒川
北区|堀船1丁目,140359.75733949046,2,3.370546165705027e-05,荒川
北区|堀船1丁目,140359.75733949046,2,26.548031760021537,荒川
北区|堀船1丁目,140359.75733949046,2,498.49067097777254,荒川
北区|堀船1丁目,140359.75733949046,3,87313.80763970203,荒川
北区|堀船1丁目,140359.75733949046,3,73.47869769988637,荒川
北区|堀船1丁目,140359.75733949046,3,104.09181436738331,荒川
北区|堀船1丁目,140359.75733949046,3,25.915145800570155,荒川
北区|堀船1丁目,140359.75733949046,3,212.619153602093,荒川
北区|堀船1丁目,140359.75733949046,3,26.547822652823204,荒川
北区|堀船1丁目,140359.75733949046,3,216.05121039161793,荒川
北区|堀船1丁目,140359.75733949046,3,936.3352714265901,荒川
北区|堀船1丁目,140359.75733949046,3,26.125888091967937,荒川
北区|堀船1丁目,140359.75733949046,3,25.91582572408089,荒川
北区|堀船1丁目,140359.75733949046,3,2.7507893997715183,荒川
北区|堀船1丁目,140359.75733949046,3,9.413365577314567,荒川
北区|堀船1丁目,140359.75733949046,3,21.672415481471027,荒川
北区|堀船1丁目,140359.75733949046,3,26.12663451096392,荒川
北区|堀船1丁目,140359.75733949046,3,25.50458497006899,荒川
北区|堀船1丁目,140359.75733949046,4,2099.3594995624017,荒川
北区|堀船1丁目,140359.75733949046,4,0.993868062437411,荒川
北区|堀船1丁目,140359.75733949046,4,25.504545244151892,荒川
北区|堀船1丁目,140359.75733949046,4,26.54803189650283,荒川
北区|堀船1丁目,140359.75733949046,4,4.876871103234487,荒川
北区|堀船1丁目,140359.75733949046,4,4.941679902642867,荒川
北区|堀船1丁目,140359.75733949046,4,9.732306961749762,荒川
北区|堀船2丁目,207394.35745116862,2,152.5838288993248,荒川
北区|堀船2丁目,207394.35745116862,2,80171.2213894718,荒川
北区|堀船2丁目,207394.35745116862,2,26.546373688382843,荒川
北区|堀船2丁目,207394.35745116862,2,26.125377120078547,荒川
北区|堀船2丁目,207394.35745116862,2,158.43916304169045,荒川
北区|堀船2丁目,207394.35745116862,3,115689.05965080715,荒川
北区|堀船2丁目,207394.35745116862,3,1202.9059645885097,荒川
北区|堀船2丁目,207394.35745116862,3,26.546989856021085,荒川
北区|堀船2丁目,207394.35745116862,3,52.672787535229126,荒川
北区|堀船2丁目,207394.35745116862,3,78.17684901719441,荒川
北区|堀船2丁目,207394.35745116862,3,4.276195784840276,荒川
北区|堀船2丁目,207394.35745116862,3,26.546535402378392,荒川
北区|堀船2丁目,207394.35745116862,3,155.29974696764793,荒川
北区|堀船2丁目,207394.35745116862,3,51.417188661644595,荒川
北区|堀船2丁目,207394.35745116862,3,703.5314833314151,荒川
北区|堀船2丁目,207394.35745116862,3,4522.256680933632,荒川
北区|堀船2丁目,207394.35745116862,3,25.91442342035,荒川
北区|堀船2丁目,207394.35745116862,3,25.503330142250263,荒川
北区|堀船2丁目,207394.35745116862,3,25.503203663230767,荒川
北区|堀船2丁目,207394.35745116862,3,105.3439739653802,荒川
北区|堀船2丁目,207394.35745116862,3,26.12536467465172,荒川
北区|堀船2丁目,207394.35745116862,3,26.546741634180293,荒川
北区|堀船2丁目,207394.35745116862,3,3417.211029983792,荒川
北区|堀船2丁目,207394.35745116862,4,52.67162216121138,荒川
北区|堀船2丁目,207394.35745116862,4,26.12521964099279,荒川
北区|堀船2丁目,207394.35745116862,4,25.91475137984403,荒川
北区|堀船2丁目,207394.35745116862,4,25.50344892253831,荒川
北区|堀船2丁目,207394.35745116862,4,25.91483160527983,荒川
北区|堀船2丁目,207394.35745116862,4,51.62814719929632,荒川
北区|堀船2丁目,207394.35745116862,4,486.84495757937077,荒川
北区|堀船3丁目,200435.01618345059,1,548.5182728736893,荒川
北区|堀船3丁目,200435.01618345059,2,0.29148019946657633,荒川
北区|堀船3丁目,200435.01618345059,2,44.49124913342245,荒川
北区|堀船3丁目,200435.01618345059,2,573.319688002373,荒川
北区|堀船3丁目,200435.01618345059,2,911.2879929261677,荒川
北区|堀船3丁目,200435.01618345059,2,155.74694331537123,荒川
北区|堀船3丁目,200435.01618345059,3,196307.1403553312,荒川
北区|堀船3丁目,200435.01618345059,3,78.795683394081,荒川
北区|堀船3丁目,200435.01618345059,4,261.89308366424893,荒川
北区|堀船3丁目,200435.01618345059,4,26.54658859687457,荒川
北区|堀船3丁目,200435.01618345059,4,25.503198285173852,荒川
北区|堀船3丁目,200435.01618345059,4,26.546615679461837,荒川
北区|堀船3丁目,200435.01618345059,4,6.791104337103578,荒川
北区|堀船3丁目,200435.01618345059,4,26.125321079770018,荒川
北区|堀船3丁目,200435.01618345059,4,311.0066639568236,荒川
北区|堀船3丁目,200435.01618345059,4,26.54671093609516,荒川
北区|堀船3丁目,200435.01618345059,4,26.12536118653326,荒川
北区|堀船3丁目,200435.01618345059,4,339.220596038901,荒川
北区|堀船3丁目,200435.01618345059,4,26.546751662576767,荒川
北区|堀船3丁目,200435.01618345059,4,26.125401270461943,荒川
北区|堀船3丁目,200435.01618345059,4,25.9147391012484,荒川
北区|堀船3丁目,200435.01618345059,4,26.125454812573828,荒川
北区|堀船3丁目,200435.01618345059,4,25.91410234939832,荒川
北区|堀船3丁目,200435.01618345059,4,52.671177691611874,荒川
北区|堀船3丁目,200435.01618345059,4,26.546860093496434,荒川
北区|堀船3丁目,200435.01618345059,4,287.1904209257865,荒川
北区|堀船3丁目,200435.01618345059,4,26.546181223051885,荒川
北区|堀船3丁目,200435.01618345059,4,3.6148740683094194,荒川
北区|堀船3丁目,200435.01618345059,4,26.12483883449916,荒川
北区|堀船3丁目,200435.01618345059,4,25.502845046936265,荒川
北区|堀船3丁目,200435.01618345059,4,134.7911570010508,荒川
北区|堀船3丁目,200435.01618345059,4,25.504259669263945,荒川
北区|堀船4丁目,131741.9049452462,1,5347.793878914727,荒川
北区|堀船4丁目,131741.9049452462,1,51.41865442127025,荒川
北区|堀船4丁目,131741.9049452462,1,1097.7713486172818,荒川
北区|堀船4丁目,131741.9049452462,1,914.0404349545468,荒川
北区|堀船4丁目,131741.9049452462,2,260.5636070408256,荒川
北区|堀船4丁目,131741.9049452462,2,2071.6196308869053,荒川
北区|堀船4丁目,131741.9049452462,2,12145.977115692102,荒川
北区|堀船4丁目,131741.9049452462,2,52.67261048986871,荒川
北区|堀船4丁目,131741.9049452462,2,626.226238050305,荒川
北区|堀船4丁目,131741.9049452462,2,2210.0766824418756,荒川
北区|堀船4丁目,131741.9049452462,2,500.0072406218756,荒川
北区|堀船4丁目,131741.9049452462,2,420.13126832982977,荒川
北区|堀船4丁目,131741.9049452462,2,107.54520834509191,荒川
北区|堀船4丁目,131741.9049452462,2,26.547532670132767,荒川
北区|堀船4丁目,131741.9049452462,2,156.55590734051407,荒川
北区|堀船4丁目,131741.9049452462,2,158.02070146706916,荒川
北区|堀船4丁目,131741.9049452462,2,2492.296291947939,荒川
北区|堀船4丁目,131741.9049452462,3,101302.9640781605,荒川
北区|堀船4丁目,131741.9049452462,4,26.547165487483163,荒川
北区|堀船4丁目,131741.9049452462,4,77.33334477881219,荒川
北区|堀船4丁目,131741.9049452462,4,26.547192087462257,荒川
北区|堀船4丁目,131741.9049452462,4,26.125640317921494,荒川
北区|堀船4丁目,131741.9049452462,4,26.54727262037504,荒川
北区|堀船4丁目,131741.9049452462,4,26.125693331132915,荒川
北区|堀船4丁目,131741.9049452462,4,25.9150153889962,荒川
北区|堀船4丁目,131741.9049452462,4,26.54710238787296,荒川
北区|堀船4丁目,131741.9049452462,4,51.41875980209534,荒川
北区|堀船4丁目,131741.9049452462,4,26.125812698860614,荒川
北区|堀船4丁目,131741.9049452462,4,25.503782406663866,荒川
北区|堀船4丁目,131741.9049452462,4,26.12521707277915,荒川
北区|堀船4丁目,131741.9049452462,4,26.12575212464322,荒川
北区|堀船4丁目,131741.9049452462,4,72.1407134799327,荒川
北区|東十条1丁目,99053.59102008284,1,8.19416577150907,荒川
北区|東十条1丁目,99053.59102008284,1,2410.0868656614825,荒川
北区|東十条1丁目,99053.59102008284,2,95626.6019136554,荒川
北区|東十条1丁目,99053.59102008284,3,7.4898494559637685,荒川
北区|東十条1丁目,99053.59102008284,3,7.029707866091166,荒川
北区|東十条1丁目,99053.59102008284,3,416.9214358345935,荒川
北区|東十条1丁目,99053.59102008284,3,156.12946411340022,荒川
北区|東十条1丁目,99053.59102008284,3,25.501639420071356,荒川
北区|東十条2丁目,77090.14563647554,1,364.4911655681425,荒川
北区|東十条2丁目,77090.14563647554,1,538.9766636280026,荒川
北区|東十条2丁目,77090.14563647554,2,66028.98190965882,荒川
北区|東十条2丁目,77090.14563647554,3,2884.578019126007,荒川
北区|東十条2丁目,77090.14563647554,3,1.3394881744301854,荒川
北区|東十条2丁目,77090.14563647554,3,25.501209046936754,荒川
北区|東十条2丁目,77090.14563647554,3,10.994475480128814,荒川
北区|東十条3丁目,155303.44527708134,1,442.0348923624131,荒川
北区|東十条3丁目,155303.44527708134,2,56657.678594106095,荒川
北区|東十条3丁目,155303.44527708134,2,839.7406570844603,荒川
北区|東十条3丁目,155303.44527708134,3,62418.08666442331,荒川
北区|東十条3丁目,155303.44527708134,3,26.122235568206506,荒川
北区|東十条4丁目,88927.88453695526,1,742.3494667001734,荒川
北区|東十条4丁目,88927.88453695526,2,61191.743054348866,荒川
北区|東十条4丁目,88927.88453695526,3,12970.393551616145,荒川
北区|東十条4丁目,88927.88453695526,3,26.121766581972388,荒川
北区|東十条5丁目,110855.5956105652,1,234.26827536654073,荒川
北区|東十条5丁目,110855.5956105652,1,341.0639501436522,荒川
北区|東十条5丁目,110855.5956105652,1,445.1401186596919,荒川
北区|東十条5丁目,110855.5956105652,1,90.06101882244317,荒川
北区|東十条5丁目,110855.5956105652,2,82515.64018119354,荒川
北区|東十条5丁目,110855.5956105652,2,26.120921838610364,荒川
北区|東十条5丁目,110855.5956105652,2,805.6237760146136,荒川
北区|東十条5丁目,110855.5956105652,2,26.121163035517434,荒川
北区|東十条5丁目,110855.5956105652,3,10790.740426486947,荒川
北区|東十条5丁目,110855.5956105652,3,25.499440141944383,荒川
北区|東十条6丁目,95481.42282718577,1,1086.0159867133154,荒川
北区|東十条6丁目,95481.42282718577,1,469.7804773163695,荒川
北区|東十条6丁目,95481.42282718577,1,364.45589535070303,荒川
北区|東十条6丁目,95481.42282718577,1,313.26306921832355,荒川
北区|東十条6丁目,95481.42282718577,2,71047.30822304665,荒川
北区|東十条6丁目,95481.42282718577,3,10206.405162424617,荒川
北区|東十条6丁目,95481.42282718577,3,26.120555712200552,荒川
北区|東十条6丁目,95481.42282718577,3,25.498458385798394,荒川
北区|東十条6丁目,95481.42282718577,3,25.91017022206109,荒川
北区|王子本町1丁目,130995.29425284354,1,34.689516514813164,荒川
北区|岸町1丁目,80239.69613262382,1,91.88220971990924,荒川
北区|岸町1丁目,80239.69613262382,1,500.99899383367256,荒川
北区|岸町1丁目,80239.69613262382,1,77.96331899414353,荒川
北区|岸町1丁目,80239.69613262382,1,261.0592384509701,荒川
北区|岸町1丁目,80239.69613262382,1,130.21364547040636,荒川
北区|岸町1丁目,80239.69613262382,1,182.26143243196935,荒川
北区|岸町1丁目,80239.69613262382,1,599.4583085343984,荒川
北区|岸町1丁目,80239.69613262382,1,104.30165524751155,荒川
北区|岸町1丁目,80239.69613262382,1,313.10567596895555,荒川
北区|岸町1丁目,80239.69613262382,1,2344.6798517574935,荒川
北区|岸町1丁目,80239.69613262382,1,3264.9460110944783,荒川
北区|岸町1丁目,80239.69613262382,2,45536.08960556259,荒川
北区|岸町1丁目,80239.69613262382,2,26.546195528385162,荒川
北区|岸町1丁目,80239.69613262382,2,25.502820661730276,荒川
北区|岸町1丁目,80239.69613262382,3,15.447978075714342,荒川
北区|岸町2丁目,62336.26416400347,1,5068.3271452033305,荒川
北区|岸町2丁目,62336.26416400347,1,368.4781449734273,荒川
北区|岸町2丁目,62336.26416400347,1,3109.8413893659404,荒川
北区|岸町2丁目,62336.26416400347,1,550.9553003512648,荒川
北区|岸町2丁目,62336.26416400347,1,298.34192415796525,荒川
北区|岸町2丁目,62336.26416400347,2,18583.434094633172,荒川
北区|岸町2丁目,62336.26416400347,2,26.124515507148246,荒川
北区|中十条4丁目,69483.82432355103,1,1003.5453191021238,荒川
北区|中十条4丁目,69483.82432355103,2,1926.3045001211926,荒川
北区|神谷1丁目,174816.4474530667,2,654.1101331539528,荒川
北区|神谷1丁目,174816.4474530667,2,312.4304145452266,荒川
北区|神谷1丁目,174816.4474530667,3,116317.97702180696,荒川
北区|神谷1丁目,174816.4474530667,3,228.08773768772338,荒川
北区|神谷1丁目,174816.4474530667,3,353.868646768259,荒川
北区|神谷1丁目,174816.4474530667,3,3943.0228856022673,荒川
北区|神谷1丁目,174816.4474530667,3,1436.135133333331,荒川
北区|神谷1丁目,174816.4474530667,4,50031.41547050303,荒川
北区|神谷1丁目,174816.4474530667,4,25.910635873263818,荒川
北区|神谷1丁目,174816.4474530667,4,0.004991046904686737,荒川
北区|神谷1丁目,174816.4474530667,4,25.499436763676393,荒川
北区|神谷1丁目,174816.4474530667,4,78.16379416897273,荒川
北区|神谷1丁目,174816.4474530667,4,78.99651024795519,荒川
北区|神谷1丁目,174816.4474530667,4,131.2395566171699,荒川
北区|神谷1丁目,174816.4474530667,4,77.74321619115409,荒川
北区|神谷1丁目,174816.4474530667,4,25.49966891344384,荒川
北区|神谷1丁目,174816.4474530667,4,26.121625193860588,荒川
北区|神谷1丁目,174816.4474530667,4,78.99693164236294,荒川
北区|神谷1丁目,174816.4474530667,4,77.74347024010164,荒川
北区|神谷1丁目,174816.4474530667,4,77.74309274325738,荒川
北区|神谷1丁目,174816.4474530667,4,261.4385764725756,荒川
北区|神谷1丁目,174816.4474530667,4,262.0704086749731,荒川
北区|神谷1丁目,174816.4474530667,4,104.90865448727622,荒川
北区|神谷1丁目,174816.4474530667,4,103.24343854754156,荒川
北区|神谷1丁目,174816.4474530667,4,51.62182490803297,荒川
北区|神谷1丁目,174816.4474530667,4,52.45414661418907,荒川
北区|神谷2丁目,229856.4774291001,2,42.32700227204119,荒川
北区|神谷2丁目,229856.4774291001,2,312.4205089744517,荒川
北区|神谷2丁目,229856.4774291001,2,2845.938461188581,荒川
北区|神谷2丁目,229856.4774291001,2,600.6120196615351,荒川
北区|神谷2丁目,229856.4774291001,2,26.12100185572395,荒川
北区|神谷2丁目,229856.4774291001,2,183.69002117839622,荒川
北区|神谷2丁目,229856.4774291001,2,392.23589429603754,荒川
北区|神谷2丁目,229856.4774291001,3,205233.1154216051,荒川
北区|神谷2丁目,229856.4774291001,3,51.619686966401474,荒川
北区|神谷2丁目,229856.4774291001,3,52.45253575216471,荒川
北区|神谷2丁目,229856.4774291001,3,680.2323357329047,荒川
北区|神谷2丁目,229856.4774291001,4,18414.061179887893,荒川
北区|神谷2丁目,229856.4774291001,4,26.542047077117473,荒川
北区|神谷2丁目,229856.4774291001,4,289.214596321932,荒川
北区|神谷2丁目,229856.4774291001,4,53.08231910407783,荒川
北区|神谷2丁目,229856.4774291001,4,155.89711106073497,荒川
北区|神谷2丁目,229856.4774291001,4,129.35595518294176,荒川
北区|神谷2丁目,229856.4774291001,4,11.937631891050803,荒川
北区|神谷2丁目,229856.4774291001,4,355.62169909092387,荒川
北区|神谷3丁目,364599.5688103853,3,89536.2773904223,荒川
北区|神谷3丁目,364599.5688103853,3,15169.877770149124,荒川
北区|神谷3丁目,364599.5688103853,3,38447.53011491873,荒川
北区|神谷3丁目,364599.5688103853,3,443.02965794844897,荒川
北区|神谷3丁目,364599.5688103853,3,25.498254484835794,荒川
北区|神谷3丁目,364599.5688103853,3,26.54164598038321,荒川
北区|神谷3丁目,364599.5688103853,3,4.1849700114707105,荒川
北区|神谷3丁目,364599.5688103853,3,209.39463603464873,荒川
北区|神谷3丁目,364599.5688103853,3,8704.380915230353,荒川
北区|神谷3丁目,364599.5688103853,3,550.2381623047763,荒川
北区|神谷3丁目,364599.5688103853,3,4805.7122049310865,荒川
北区|神谷3丁目,364599.5688103853,3,600.6075690661263,荒川
北区|神谷3丁目,364599.5688103853,3,233.64260261277116,荒川
北区|神谷3丁目,364599.5688103853,3,26.119423609571307,荒川
北区|神谷3丁目,364599.5688103853,3,1991.49206643443,荒川
北区|神谷3丁目,364599.5688103853,3,77.74086428574707,荒川
北区|神谷3丁目,364599.5688103853,3,2330.3545653027854,荒川
北区|神谷3丁目,364599.5688103853,3,496.1180617594557,荒川
北区|神谷3丁目,364599.5688103853,3,734.3688178419936,荒川
北区|神谷3丁目,364599.5688103853,3,262.0629995828923,荒川
北区|神谷3丁目,364599.5688103853,4,199329.94486178883,荒川
北区|神谷3丁目,364599.5688103853,4,26.54179468728914,荒川
北区|神谷3丁目,364599.5688103853,4,26.5418383201491,荒川
北区|神谷3丁目,364599.5688103853,4,26.119383014269886,荒川
北区|神谷3丁目,364599.5688103853,4,26.119572920405204,荒川
北区|神谷3丁目,364599.5688103853,4,77.73770735502835,荒川
北区|神谷3丁目,364599.5688103853,4,26.121112003495575,荒川
北区|神谷3丁目,364599.5688103853,4,26.540593368635108,荒川
北区|神谷3丁目,364599.5688103853,4,40.302255554543585,荒川
北区|神谷3丁目,364599.5688103853,4,12.797086314824066,荒川
北区|神谷3丁目,364599.5688103853,4,25.910438380520922,荒川
北区|神谷3丁目,364599.5688103853,4,77.53091896261212,荒川
北区|神谷3丁目,364599.5688103853,4,52.45152038184434,荒川
北区|神谷3丁目,364599.5688103853,4,25.494406334544415,荒川
北区|神谷3丁目,364599.5688103853,5,8.713688397820604,荒川
北区|神谷3丁目,364599.5688103853,5,115.52898104907774,荒川
北区|赤羽1丁目,207691.40496058398,1,100.400409411594,荒川
北区|赤羽1丁目,207691.40496058398,1,70.246188066015,荒川
北区|赤羽1丁目,207691.40496058398,1,1.85813422507247,荒川
北区|赤羽1丁目,207691.40496058398,2,121565.9711560295,荒川
北区|赤羽1丁目,207691.40496058398,2,20.833742751165715,荒川
北区|赤羽1丁目,207691.40496058398,2,26.117486631980448,荒川
北区|赤羽1丁目,207691.40496058398,2,260.3547428377508,荒川
北区|赤羽1丁目,207691.40496058398,3,84768.91103686618,荒川
北区|赤羽1丁目,207691.40496058398,3,26.539186109844984,荒川
北区|赤羽1丁目,207691.40496058398,3,51.403427265918516,荒川
北区|赤羽1丁目,207691.40496058398,3,78.98615941482704,荒川
北区|赤羽1丁目,207691.40496058398,3,26.538736327919644,荒川
北区|赤羽1丁目,207691.40496058398,3,51.61316817951438,荒川
北区|赤羽1丁目,207691.40496058398,3,157.13693616060627,荒川
北区|赤羽1丁目,207691.40496058398,3,26.53885929233032,荒川
北区|赤羽1丁目,207691.40496058398,3,52.44598914462282,荒川
北区|赤羽2丁目,191701.40524130405,2,13145.921284547414,荒川
北区|赤羽2丁目,191701.40524130405,2,130.59967873023015,荒川
北区|赤羽2丁目,191701.40524130405,2,367.56067860489816,荒川
北区|赤羽2丁目,191701.40524130405,2,469.5280104259425,荒川
北区|赤羽2丁目,191701.40524130405,3,177587.79558899556,荒川
北区|赤羽3丁目,163268.65821334568,1,600.5087610734672,荒川
北区|赤羽3丁目,163268.65821334568,2,432.0411522208193,荒川
北区|赤羽3丁目,163268.65821334568,2,2120.669623697771,荒川
北区|赤羽3丁目,163268.65821334568,2,2144.8129999864186,荒川
北区|赤羽3丁目,163268.65821334568,2,1227.3468516814223,荒川
北区|赤羽3丁目,163268.65821334568,2,288.9697927836378,荒川
北区|赤羽3丁目,163268.65821334568,2,8798.657904938302,荒川
北区|赤羽3丁目,163268.65821334568,3,120672.1873688043,荒川
北区|赤羽3丁目,163268.65821334568,3,416.6231037306232,荒川
北区|赤羽3丁目,163268.65821334568,3,25.905009231419825,荒川
北区|赤羽3丁目,163268.65821334568,3,78.3550337929442,荒川
北区|赤羽3丁目,163268.65821334568,3,26.120734215977997,荒川
北区|赤羽3丁目,163268.65821334568,3,52.24114419264844,荒川
北区|赤羽3丁目,163268.65821334568,3,26.12012206815652,荒川
北区|赤羽3丁目,163268.65821334568,3,26.120162326518454,荒川
北区|赤羽3丁目,163268.65821334568,3,26.120202613931568,荒川
北区|赤羽3丁目,163268.65821334568,3,206.43398472441186,荒川
北区|赤羽3丁目,163268.65821334568,3,26.120337110703456,荒川
北区|赤羽3丁目,163268.65821334568,3,26.114082266985132,荒川
北区|赤羽3丁目,163268.65821334568,3,340.3782080233198,荒川
北区|赤羽3丁目,163268.65821334568,4,23012.979813554794,荒川
北区|赤羽3丁目,163268.65821334568,4,130.5957742423046,荒川
北区|赤羽3丁目,163268.65821334568,4,0.7603724703511376,荒川
北区|赤羽3丁目,163268.65821334568,4,26.112993722251403,荒川
北区|赤羽3丁目,163268.65821334568,4,861.4583791639322,荒川
北区|赤羽3丁目,163268.65821334568,4,90.05448369962937,荒川
北区|赤羽3丁目,163268.65821334568,4,12.186375684019326,荒川
北区|赤羽3丁目,163268.65821334568,4,363.426295764696,荒川
北区|赤羽3丁目,163268.65821334568,5,189.4899056794977,荒川
北区|赤羽3丁目,163268.65821334568,5,78.35734978266444,荒川
北区|赤羽西1丁目,163009.10876929035,1,523.6534482971601,荒川
北区|赤羽西1丁目,163009.10876929035,1,5018.229845867287,荒川
北区|赤羽西1丁目,163009.10876929035,1,0.20897204062145938,荒川
北区|赤羽西1丁目,163009.10876929035,1,544.776355055533,荒川
北区|赤羽西1丁目,163009.10876929035,1,287.32659995763004,荒川
北区|赤羽西1丁目,163009.10876929035,1,0.41748002997018996,荒川
北区|赤羽西1丁目,163009.10876929035,1,1226.8061038114226,荒川
北区|赤羽西1丁目,163009.10876929035,1,0.6268981661728378,荒川
北区|赤羽西1丁目,163009.10876929035,1,625.8276584399292,荒川
北区|赤羽西1丁目,163009.10876929035,1,0.8358801801983287,荒川
北区|赤羽西1丁目,163009.10876929035,1,733.8929514270548,荒川
北区|赤羽西1丁目,163009.10876929035,1,625.0267973636212,荒川
北区|赤羽西1丁目,163009.10876929035,1,4078.2220277204106,荒川
北区|赤羽西1丁目,163009.10876929035,2,78363.42109518354,荒川
北区|赤羽西1丁目,163009.10876929035,2,26.12250944868213,荒川
北区|赤羽西1丁目,163009.10876929035,2,287.33399448227283,荒川
北区|赤羽西1丁目,163009.10876929035,2,52.24501811694432,荒川
北区|赤羽西1丁目,163009.10876929035,2,52.239502957142456,荒川
北区|赤羽西1丁目,163009.10876929035,2,26.1229599942154,荒川
北区|赤羽西2丁目,133856.90543145436,1,288.7884662486838,荒川
北区|赤羽西2丁目,133856.90543145436,1,5359.928258887454,荒川
北区|赤羽西2丁目,133856.90543145436,1,8.794834034862816,荒川
北区|赤羽西2丁目,133856.90543145436,1,2616.5829943265067,荒川
北区|赤羽西2丁目,133856.90543145436,1,390.1592179057926,荒川
北区|赤羽西2丁目,133856.90543145436,1,26.117868667517197,荒川
北区|赤羽西2丁目,133856.90543145436,2,22758.025928490955,荒川
北区|赤羽西3丁目,134159.3091937464,1,9083.237545253265,荒川
北区|赤羽西3丁目,134159.3091937464,1,495.06277833519465,荒川
北区|赤羽西3丁目,134159.3091937464,1,0.413789931044219,荒川
北区|赤羽西3丁目,134159.3091937464,2,480.7850969400192,荒川
北区|赤羽西3丁目,134159.3091937464,2,26.124353467672705,荒川
北区|赤羽西3丁目,134159.3091937464,2,26.124575984739817,荒川
北区|赤羽西3丁目,134159.3091937464,2,26.118111146107847,荒川
北区|赤羽西3丁目,134159.3091937464,2,26.124407470438076,荒川
北区|赤羽西3丁目,134159.3091937464,2,52.236592054762674,荒川
北区|赤羽西3丁目,134159.3091937464,2,862.2526497698477,荒川
北区|赤羽西3丁目,134159.3091937464,2,78.37409804692281,荒川
北区|赤羽西3丁目,134159.3091937464,2,287.35196486195974,荒川
北区|赤羽西3丁目,134159.3091937464,2,78.36793213079031,荒川
北区|赤羽西4丁目,165209.7668694173,1,601.9901618867084,荒川
北区|志茂1丁目,183712.04787162645,3,171788.01448682474,荒川
北区|志茂1丁目,183712.04787162645,3,15.740827264261283,荒川
北区|志茂1丁目,183712.04787162645,3,32.63141252751383,荒川
北区|志茂1丁目,183712.04787162645,4,11771.387252616156,荒川
北区|志茂1丁目,183712.04787162645,4,26.53971047378832,荒川
北区|志茂1丁目,183712.04787162645,4,26.118458723334925,荒川
北区|志茂1丁目,183712.04787162645,4,26.11876785639216,荒川
北区|志茂1丁目,183712.04787162645,4,25.49695534044364,荒川
北区|志茂2丁目,195424.13158004277,3,147059.76198787877,荒川
北区|志茂2丁目,195424.13158004277,3,0.0016549489014845752,荒川
北区|志茂2丁目,195424.13158004277,3,25.907479216693577,荒川
北区|志茂2丁目,195424.13158004277,3,910.4390336892875,荒川
北区|志茂2丁目,195424.13158004277,3,1017.2136399711725,荒川
北区|志茂2丁目,195424.13158004277,3,794.6175164148297,荒川
北区|志茂2丁目,195424.13158004277,3,26.53968078551907,荒川
北区|志茂2丁目,195424.13158004277,3,95.67390879635383,荒川
北区|志茂2丁目,195424.13158004277,4,41681.574296621686,荒川
北区|志茂2丁目,195424.13158004277,4,26.117611478851018,荒川
北区|志茂2丁目,195424.13158004277,4,26.11763838975006,荒川
北区|志茂2丁目,195424.13158004277,4,3027.5575940645904,荒川
北区|志茂2丁目,195424.13158004277,4,26.117812080120853,荒川
北区|志茂2丁目,195424.13158004277,4,25.907238669104018,荒川
北区|志茂2丁目,195424.13158004277,4,25.907319971991793,荒川
北区|志茂2丁目,195424.13158004277,4,105.31440425598515,荒川
北区|志茂2丁目,195424.13158004277,4,25.496132254080585,荒川
北区|志茂2丁目,195424.13158004277,4,53.07790041292876,荒川
北区|志茂2丁目,195424.13158004277,4,25.496171033118003,荒川
北区|志茂2丁目,195424.13158004277,4,52.65758847552278,荒川
北区|志茂2丁目,195424.13158004277,4,26.118244226488727,荒川
北区|志茂2丁目,195424.13158004277,4,26.539519584801603,荒川
北区|志茂2丁目,195424.13158004277,4,52.65777758398353,荒川
北区|志茂2丁目,195424.13158004277,4,287.3197451815623,荒川
北区|志茂3丁目,262469.67387116357,3,25.495814429491375,荒川
北区|志茂3丁目,262469.67387116357,3,442.7841866177434,荒川
北区|志茂3丁目,262469.67387116357,3,2980.215057382602,荒川
北区|志茂3丁目,262469.67387116357,3,5.48559075791802,荒川
北区|志茂3丁目,262469.67387116357,3,2302.9725078790275,荒川
北区|志茂3丁目,262469.67387116357,3,5037.900641209223,荒川
北区|志茂3丁目,262469.67387116357,3,1045.6552363461099,荒川
北区|志茂3丁目,262469.67387116357,3,468.7090458015921,荒川
北区|志茂3丁目,262469.67387116357,3,26.11888391943378,荒川
北区|志茂3丁目,262469.67387116357,3,2299.4695486700693,荒川
北区|志茂3丁目,262469.67387116357,3,6576.693921245647,荒川
北区|志茂3丁目,262469.67387116357,3,25.497109827439633,荒川
北区|志茂3丁目,262469.67387116357,3,385.85808994894234,荒川
北区|志茂3丁目,262469.67387116357,3,79.196128900142,荒川
北区|志茂3丁目,262469.67387116357,3,546.6364714373041,荒川
北区|志茂3丁目,262469.67387116357,4,235942.24478183224,荒川
北区|志茂3丁目,262469.67387116357,4,52.23593645145394,荒川
北区|志茂3丁目,262469.67387116357,4,52.2353632344646,荒川
北区|志茂3丁目,262469.67387116357,4,52.243123627893624,荒川
北区|志茂3丁目,262469.67387116357,4,26.11531322679491,荒川
北区|志茂3丁目,262469.67387116357,4,26.53938237067121,荒川
北区|志茂3丁目,262469.67387116357,5,52.23849054922028,荒川
北区|志茂3丁目,262469.67387116357,5,52.23878030615141,荒川
北区|志茂3丁目,262469.67387116357,5,26.122332587617517,荒川
北区|志茂3丁目,262469.67387116357,5,26.122723312555053,荒川
北区|志茂3丁目,262469.67387116357,5,26.116440869483494,荒川
北区|志茂3丁目,262469.67387116357,5,339.5567147567133,荒川
北区|志茂3丁目,262469.67387116357,5,26.122642429197093,荒川
北区|志茂3丁目,262469.67387116357,5,26.122763703067477,荒川
北区|志茂3丁目,262469.67387116357,5,26.116400460074576,荒川
北区|志茂3丁目,262469.67387116357,5,26.12261547711039,荒川
北区|志茂3丁目,262469.67387116357,5,26.116319600214982,荒川
北区|志茂3丁目,262469.67387116357,5,17.409317754806715,荒川
北区|志茂3丁目,262469.67387116357,5,78.36296545983038,荒川
北区|志茂3丁目,262469.67387116357,5,981.5471345257315,荒川
北区|志茂3丁目,262469.67387116357,5,26.12284460132632,荒川
北区|志茂3丁目,262469.67387116357,5,52.24505576372789,荒川
北区|志茂3丁目,262469.67387116357,5,26.12288499692667,荒川
北区|志茂3丁目,262469.67387116357,5,52.23884079064501,荒川
北区|志茂3丁目,262469.67387116357,5,130.6056173056605,荒川
北区|志茂3丁目,262469.67387116357,5,208.95134414084194,荒川
北区|志茂3丁目,262469.67387116357,5,771.8210902858677,荒川
北区|志茂3丁目,262469.67387116357,5,26.12249420113087,荒川
北区|志茂3丁目,262469.67387116357,5,26.12245378976332,荒川
北区|志茂3丁目,262469.67387116357,5,626.903261486885,荒川
北区|志茂3丁目,262469.67387116357,5,26.122817630451266,荒川
北区|志茂3丁目,262469.67387116357,5,26.11652169971683,荒川
北区|志茂3丁目,262469.67387116357,5,339.560867562635,荒川
北区|志茂4丁目,200301.10087126636,3,11697.51375667868,荒川
北区|志茂4丁目,200301.10087126636,3,0.20686101994139922,荒川
北区|志茂4丁目,200301.10087126636,3,9610.980600695639,荒川
北区|志茂4丁目,200301.10087126636,3,78.56699817798392,荒川
北区|志茂4丁目,200301.10087126636,3,10598.17806279527,荒川
北区|志茂4丁目,200301.10087126636,3,25.907002962560913,荒川
北区|志茂4丁目,200301.10087126636,3,886.5920802924859,荒川
北区|志茂4丁目,200301.10087126636,3,0.2087610328456166,荒川
北区|志茂4丁目,200301.10087126636,3,3935.2213476744964,荒川
北区|志茂4丁目,200301.10087126636,4,159929.1139958925,荒川
北区|志茂4丁目,200301.10087126636,4,26.120385405246605,荒川
北区|志茂4丁目,200301.10087126636,4,26.120479041649364,荒川
北区|志茂4丁目,200301.10087126636,4,26.120626269251943,荒川
北区|志茂4丁目,200301.10087126636,4,25.370141673554482,荒川
北区|志茂4丁目,200301.10087126636,4,47.64092229380703,荒川
北区|志茂4丁目,200301.10087126636,4,101.54268373154702,荒川
北区|志茂4丁目,200301.10087126636,4,52.235185162325806,荒川
北区|志茂4丁目,200301.10087126636,4,26.120746925319242,荒川
北区|志茂4丁目,200301.10087126636,4,49.299416534827856,荒川
北区|志茂4丁目,200301.10087126636,4,48.73766313817732,荒川
北区|志茂4丁目,200301.10087126636,4,48.13305989686833,荒川
北区|志茂4丁目,200301.10087126636,4,25.906755234257652,荒川
北区|志茂4丁目,200301.10087126636,4,26.1211702995001,荒川
北区|志茂4丁目,200301.10087126636,4,26.121437393806495,荒川
北区|志茂4丁目,200301.10087126636,4,26.53894013378333,荒川
北区|志茂4丁目,200301.10087126636,5,52.242118867441754,荒川
北区|志茂4丁目,200301.10087126636,5,8.756329311324293,荒川
北区|志茂4丁目,200301.10087126636,5,8.14378583879001,荒川
北区|志茂4丁目,200301.10087126636,5,9.724330084775426,荒川
北区|志茂4丁目,200301.10087126636,5,496.2509666822481,荒川
北区|志茂4丁目,200301.10087126636,5,5.50662905322755,荒川
北区|志茂4丁目,200301.10087126636,5,7.731271310986548,荒川
北区|志茂4丁目,200301.10087126636,5,78.34913622083428,荒川
北区|志茂4丁目,200301.10087126636,5,2.361935012584239,荒川
北区|志茂4丁目,200301.10087126636,5,49.8282077134639,荒川
北区|志茂4丁目,200301.10087126636,5,2.323435552793291,荒川
北区|志茂4丁目,200301.10087126636,5,28.831001432959578,荒川
北区|志茂4丁目,200301.10087126636,5,3.6620153777368682,荒川
北区|志茂4丁目,200301.10087126636,5,313.43677855234614,荒川
北区|志茂4丁目,200301.10087126636,5,13.192627823432497,荒川
北区|志茂4丁目,200301.10087126636,5,1279.7977127135907,荒川
北区|志茂4丁目,200301.10087126636,5,1.3467700895546377,荒川
北区|志茂4丁目,200301.10087126636,5,31.51843336818158,荒川
北区|志茂4丁目,200301.10087126636,5,1.1838952278563348,荒川
北区|志茂4丁目,200301.10087126636,5,1.7061127707228056,荒川
北区|志茂4丁目,200301.10087126636,5,1.522142839115921,荒川
北区|志茂4丁目,200301.10087126636,5,22.33762160265838,荒川
北区|志茂4丁目,200301.10087126636,5,4.687517635322006,荒川
北区|志茂4丁目,200301.10087126636,5,67.89367131691023,荒川
北区|志茂4丁目,200301.10087126636,5,0.10728879091116841,荒川
北区|志茂4丁目,200301.10087126636,5,1.9005569688719868,荒川
北区|志茂4丁目,200301.10087126636,5,417.89081403571214,荒川
北区|志茂4丁目,200301.10087126636,5,12.083077839519737,荒川
北区|志茂4丁目,200301.10087126636,5,11.017668857408614,荒川
北区|志茂4丁目,200301.10087126636,5,10.001824387873373,荒川
北区|志茂4丁目,200301.10087126636,5,9.0381829975687,荒川
北区|志茂4丁目,200301.10087126636,5,2.1079306333216548,荒川
北区|志茂5丁目,658670.8272344373,3,138414.10135199098,荒川
北区|志茂5丁目,658670.8272344373,3,943.9838093780198,荒川
北区|志茂5丁目,658670.8272344373,3,7520.567479197605,荒川
北区|志茂5丁目,658670.8272344373,3,1041.55757884518,荒川
北区|志茂5丁目,658670.8272344373,3,1202.041837468586,荒川
北区|志茂5丁目,658670.8272344373,3,52.652538833224376,荒川
北区|志茂5丁目,658670.8272344373,3,15931.147583001994,荒川
北区|志茂5丁目,658670.8272344373,3,656.0744649610202,荒川
北区|志茂5丁目,658670.8272344373,3,367.526353772585,荒川
北区|志茂5丁目,658670.8272344373,3,105.72684069270485,荒川
北区|志茂5丁目,658670.8272344373,3,5456.072016039067,荒川
北区|志茂5丁目,658670.8272344373,3,26.537760676371512,荒川
北区|志茂5丁目,658670.8272344373,3,0.42123138527629406,荒川
北区|志茂5丁目,658670.8272344373,3,549.1133771281964,荒川
北区|志茂5丁目,658670.8272344373,3,25.90624265565609,荒川
北区|志茂5丁目,658670.8272344373,4,197215.0437724094,荒川
北区|志茂5丁目,658670.8272344373,4,26.537103294834672,荒川
北区|志茂5丁目,658670.8272344373,4,26.11611941805901,荒川
北区|志茂5丁目,658670.8272344373,4,51.39983808713178,荒川
北区|志茂5丁目,658670.8272344373,4,576.2714559378504,荒川
北区|志茂5丁目,658670.8272344373,4,103.4322129940771,荒川
北区|志茂5丁目,658670.8272344373,4,25.905638354050218,荒川
北区|志茂5丁目,658670.8272344373,4,26.11626662791177,荒川
北区|志茂5丁目,658670.8272344373,4,26.53751042105185,荒川
北区|志茂5丁目,658670.8272344373,4,26.1166379309825,荒川
北区|志茂5丁目,658670.8272344373,4,25.9059178609589,荒川
北区|志茂5丁目,658670.8272344373,4,79.19248674811783,荒川
北区|志茂5丁目,658670.8272344373,4,26.11685279592271,荒川
北区|志茂5丁目,658670.8272344373,4,0.7504979805496838,荒川
北区|志茂5丁目,658670.8272344373,4,4.5938153719826875,荒川
北区|志茂5丁目,658670.8272344373,4,2.9275525546481918,荒川
北区|志茂5丁目,658670.8272344373,4,2.9359564072880837,荒川
北区|志茂5丁目,658670.8272344373,4,3.4977634522714194,荒川
北区|志茂5丁目,658670.8272344373,4,4.108688875215468,荒川
北区|志茂5丁目,658670.8272344373,5,43.47925815119815,荒川
北区|志茂5丁目,658670.8272344373,5,44.091747949888365,荒川
北区|志茂5丁目,658670.8272344373,5,42.51757957588543,荒川
北区|志茂5丁目,658670.8272344373,5,20.607514599269418,荒川
北区|志茂5丁目,658670.8272344373,5,44.50957950196784,荒川
北区|志茂5丁目,658670.8272344373,5,23.75228885575923,荒川
北区|志茂5丁目,658670.8272344373,5,133.00248757012105,荒川
北区|志茂5丁目,658670.8272344373,5,23.797279084537138,荒川
北区|志茂5丁目,658670.8272344373,5,75.63797625628081,荒川
北区|志茂5丁目,658670.8272344373,5,22.458592247512655,荒川
北区|志茂5丁目,658670.8272344373,5,39.04263763668052,荒川
北区|志茂5丁目,658670.8272344373,5,24.767534078189033,荒川
北区|志茂5丁目,658670.8272344373,5,72.95148088881771,荒川
北区|志茂5丁目,658670.8272344373,5,24.936690771743997,荒川
北区|志茂5丁目,658670.8272344373,5,24.414433060637787,荒川
北区|志茂5丁目,658670.8272344373,5,24.598416384277037,荒川
北区|志茂5丁目,658670.8272344373,5,82.13877553860388,荒川
北区|志茂5丁目,658670.8272344373,5,21.433330921327325,荒川
北区|志茂5丁目,658670.8272344373,5,114.93319031297003,荒川
北区|志茂5丁目,658670.8272344373,5,11.648721731362008,荒川
北区|志茂5丁目,658670.8272344373,5,26.120638330743606,荒川
北区|志茂5丁目,658670.8272344373,5,26.12062480213713,荒川
北区|志茂5丁目,658670.8272344373,5,24.213707065743957,荒川
北区|志茂5丁目,658670.8272344373,5,40.158509793145846,荒川
北区|志茂5丁目,658670.8272344373,5,41.217703934767904,荒川
北区|志茂5丁目,658670.8272344373,5,42.233602084319216,荒川
北区|志茂5丁目,658670.8272344373,5,43.203565647989144,荒川
北区|志茂5丁目,658670.8272344373,5,24.012588433083813,荒川
北区|岩淵町,231166.17472702303,2,1671.2861984000788,荒川
北区|岩淵町,231166.17472702303,3,195455.69053843696,荒川
北区|岩淵町,231166.17472702303,3,2.6632446051038614,荒川
北区|岩淵町,231166.17472702303,3,392.3835280938569,荒川
北区|岩淵町,231166.17472702303,3,157.95687877851293,荒川
北区|岩淵町,231166.17472702303,3,1103.006176653384,荒川
北区|岩淵町,231166.17472702303,3,78.55766184513355,荒川
北区|岩淵町,231166.17472702303,4,27517.616379852,荒川
北区|岩淵町,231166.17472702303,4,25.905483824236498,荒川
北区|岩淵町,231166.17472702303,4,782.9142418616794,荒川
北区|岩淵町,231166.17472702303,4,2142.7034114058224,荒川
北区|岩淵町,231166.17472702303,4,25.905523985968035,荒川
北区|岩淵町,231166.17472702303,4,26.11636209144098,荒川
北区|岩淵町,231166.17472702303,4,26.116165805859165,荒川
北区|岩淵町,231166.17472702303,4,53.074938660953514,荒川
北区|岩淵町,231166.17472702303,4,26.11624477336015,荒川
北区|岩淵町,231166.17472702303,4,365.02683210987914,荒川
北区|岩淵町,231166.17472702303,4,25.905645181230284,荒川
北区|岩淵町,231166.17472702303,4,26.116273802048113,荒川
北区|岩淵町,231166.17472702303,4,26.537557241384818,荒川
北区|岩淵町,231166.17472702303,4,26.537558060586285,荒川
北区|岩淵町,231166.17472702303,4,26.53755834463527,荒川
北区|岩淵町,231166.17472702303,4,26.53755938526669,荒川
北区|岩淵町,231166.17472702303,4,51.40024724663108,荒川
北区|岩淵町,231166.17472702303,4,287.3006700402511,荒川
北区|岩淵町,231166.17472702303,4,26.537625985205153,荒川
北区|岩淵町,231166.17472702303,4,26.537627752560255,荒川
北区|岩淵町,231166.17472702303,4,26.116406718446893,荒川
北区|岩淵町,231166.17472702303,4,52.65425709029168,荒川
北区|岩淵町,231166.17472702303,4,25.49460080492409,荒川
北区|岩淵町,231166.17472702303,4,26.537666382774212,荒川
北区|岩淵町,231166.17472702303,4,26.116447075997534,荒川
北区|岩淵町,231166.17472702303,4,79.19257412447845,荒川
北区|岩淵町,231166.17472702303,4,78.76774659436093,荒川
北区|岩淵町,231166.17472702303,4,52.65247222377825,荒川
北区|岩淵町,231166.17472702303,4,26.53707028503471,荒川
北区|岩淵町,231166.17472702303,4,316.46464106391676,荒川
北区|岩淵町,231166.17472702303,4,52.65255616863979,荒川
北区|赤羽台3丁目,207805.56864205727,1,599.2559124141919,荒川
北区|赤羽台3丁目,207805.56864205727,1,835.7890506700438,荒川
北区|赤羽台3丁目,207805.56864205727,1,113.51783727632917,荒川
北区|赤羽台3丁目,207805.56864205727,1,0.11452622490086879,荒川
北区|赤羽台3丁目,207805.56864205727,1,0.2087070132452472,荒川
北区|赤羽台3丁目,207805.56864205727,1,0.2068634367437157,荒川
北区|赤羽台3丁目,207805.56864205727,1,78.36267456106809,荒川
北区|赤羽台3丁目,207805.56864205727,1,104.47083975253052,荒川
北区|赤羽台3丁目,207805.56864205727,1,313.0061038649863,荒川
北区|赤羽台3丁目,207805.56864205727,1,1.6597067098533502,荒川
北区|赤羽台3丁目,207805.56864205727,1,368.17625233002815,荒川
北区|赤羽台3丁目,207805.56864205727,1,549.1290054777263,荒川
北区|赤羽台3丁目,207805.56864205727,1,79.39955413798808,荒川
北区|赤羽台3丁目,207805.56864205727,1,1228.009889850345,荒川
北区|赤羽台3丁目,207805.56864205727,1,209.9871956050234,荒川
北区|赤羽台3丁目,207805.56864205727,1,390.94538647923895,荒川
北区|赤羽台3丁目,207805.56864205727,1,3.6583719608282905,荒川
北区|赤羽台3丁目,207805.56864205727,1,8.110968092037773,荒川
北区|赤羽台3丁目,207805.56864205727,1,524.8788048955481,荒川
北区|赤羽台3丁目,207805.56864205727,2,38626.42884704678,荒川
北区|赤羽台3丁目,207805.56864205727,2,52.21627804919636,荒川
北区|赤羽台3丁目,207805.56864205727,2,26.120567354020878,荒川
北区|赤羽台3丁目,207805.56864205727,2,294.7171226598423,荒川
北区|赤羽台3丁目,207805.56864205727,2,0.4137068361112281,荒川
北区|赤羽台3丁目,207805.56864205727,2,0.2052046967397671,荒川
北区|赤羽台3丁目,207805.56864205727,2,5.280912369083168,荒川
北区|赤羽台3丁目,207805.56864205727,3,6239.866651399844,荒川
北区|赤羽台3丁目,207805.56864205727,3,52.241372820638034,荒川
北区|赤羽台3丁目,207805.56864205727,3,52.23470313025538,荒川
北区|赤羽台3丁目,207805.56864205727,3,52.24129912498561,荒川
北区|赤羽台3丁目,207805.56864205727,3,26.120871786079555,荒川
北区|赤羽台3丁目,207805.56864205727,3,853.4549568446192,荒川
北区|赤羽台3丁目,207805.56864205727,3,26.12086256241846,荒川
北区|赤羽台3丁目,207805.56864205727,3,182.83354771943738,荒川
北区|赤羽台4丁目,186888.53886221838,1,123.63603675761131,荒川
北区|赤羽台4丁目,186888.53886221838,1,0.5053817049409296,荒川
北区|赤羽台4丁目,186888.53886221838,1,21.284606914682858,荒川
北区|赤羽台4丁目,186888.53886221838,1,0.4845085830066602,荒川
北区|赤羽台4丁目,186888.53886221838,1,251.37782207989252,荒川
北区|赤羽台4丁目,186888.53886221838,2,92.91128052109539,荒川
北区|赤羽台4丁目,186888.53886221838,2,23.95763947279923,荒川
北区|赤羽台4丁目,186888.53886221838,2,6.244998549329592,荒川
北区|赤羽台4丁目,186888.53886221838,2,5983.09256014484,荒川
北区|赤羽台4丁目,186888.53886221838,2,0.018757018631331696,荒川
北区|赤羽台4丁目,186888.53886221838,2,71.55346729417812,荒川
北区|赤羽台4丁目,186888.53886221838,3,112.93304569140611,荒川
北区|赤羽台4丁目,186888.53886221838,3,28.64340285286577,荒川
北区|赤羽南1丁目,116514.40838493033,2,49624.67421619116,荒川
北区|赤羽南1丁目,116514.40838493033,2,156.7209131339325,荒川
北区|赤羽南1丁目,116514.40838493033,2,547.6869323884127,荒川
北区|赤羽南1丁目,116514.40838493033,2,25.496608841829914,荒川
北区|赤羽南1丁目,116514.40838493033,2,26.539756786232466,荒川
北区|赤羽南1丁目,116514.40838493033,2,26.540453920883422,荒川
北区|赤羽南1丁目,116514.40838493033,2,287.7442063038399,荒川
北区|赤羽南1丁目,116514.40838493033,2,2376.7167972986413,荒川
北区|赤羽南1丁目,116514.40838493033,2,314.90641245934586,荒川
北区|赤羽南1丁目,116514.40838493033,3,62917.79208717224,荒川
北区|赤羽南1丁目,116514.40838493033,3,79.19775998399398,荒川
北区|赤羽南1丁目,116514.40838493033,3,103.85190743668677,荒川
北区|赤羽南1丁目,116514.40838493033,3,26.540332080289474,荒川
北区|赤羽南2丁目,128594.94937969839,2,117315.98167977498,荒川
北区|赤羽南2丁目,128594.94937969839,3,9764.375719248012,荒川
北区|赤羽南2丁目,128594.94937969839,3,25.90932490848022,荒川
北区|赤羽南2丁目,128594.94937969839,3,25.90864353841585,荒川
北区|赤羽南2丁目,128594.94937969839,3,1252.34455098268,荒川
北区|赤羽南2丁目,128594.94937969839,3,79.20056985694605,荒川
北区|赤羽南2丁目,128594.94937969839,3,26.1193777111958,荒川
北区|赤羽南2丁目,128594.94937969839,3,26.119377987008782,荒川
北区|赤羽南2丁目,128594.94937969839,3,78.99013569064677,荒川
北区|赤羽北1丁目,165215.6991845049,1,234.63698016393553,荒川
北区|赤羽北1丁目,165215.6991845049,1,157.11751666918073,荒川
北区|赤羽北1丁目,165215.6991845049,1,393.2275741509921,荒川
北区|赤羽北1丁目,165215.6991845049,1,2165.4450021224566,荒川
北区|赤羽北1丁目,165215.6991845049,1,416.4199297872498,荒川
北区|赤羽北1丁目,165215.6991845049,1,260.7473757250624,荒川
北区|赤羽北1丁目,165215.6991845049,1,0.20916654450707817,荒川
北区|赤羽北1丁目,165215.6991845049,1,111.3904659918889,荒川
北区|赤羽北1丁目,165215.6991845049,1,0.20685162917547573,荒川
北区|赤羽北1丁目,165215.6991845049,1,0.20685162214871095,荒川
北区|赤羽北1丁目,165215.6991845049,1,235.41564941405179,荒川
北区|赤羽北1丁目,165215.6991845049,1,9.797285883190998,荒川
北区|赤羽北1丁目,165215.6991845049,2,38.078724287368914,荒川
北区|赤羽北1丁目,165215.6991845049,2,1956.0756440849996,荒川
北区|赤羽北1丁目,165215.6991845049,2,27168.449750263815,荒川
北区|赤羽北1丁目,165215.6991845049,2,4443.9307615792295,荒川
北区|赤羽北1丁目,165215.6991845049,3,50280.91505794792,荒川
北区|赤羽北1丁目,165215.6991845049,3,1382.7351964817362,荒川
北区|赤羽北1丁目,165215.6991845049,3,574.1576846019885,荒川
北区|赤羽北1丁目,165215.6991845049,3,52.23181228929194,荒川
北区|赤羽北1丁目,165215.6991845049,3,1.0340261128423245,荒川
北区|赤羽北1丁目,165215.6991845049,3,1.0340251771230073,荒川
北区|赤羽北1丁目,165215.6991845049,3,0.20724698020499677,荒川
北区|赤羽北1丁目,165215.6991845049,3,153.83893271645326,荒川
北区|赤羽北1丁目,165215.6991845049,3,119.70384613703602,荒川
北区|赤羽北1丁目,165215.6991845049,3,755.9317469720798,荒川
北区|赤羽北1丁目,165215.6991845049,3,2509.7455826621945,荒川
北区|赤羽北1丁目,165215.6991845049,3,391.97213110084476,荒川
北区|赤羽北1丁目,165215.6991845049,3,52.02526884166329,荒川
北区|赤羽北1丁目,165215.6991845049,3,1251.336861537675,荒川
北区|赤羽北1丁目,165215.6991845049,3,2031.4735973094212,荒川
北区|赤羽北1丁目,165215.6991845049,3,26.113357492134355,荒川
北区|赤羽北1丁目,165215.6991845049,3,52.23344709813772,荒川
北区|赤羽北1丁目,165215.6991845049,3,52.239822767836884,荒川
北区|赤羽北1丁目,165215.6991845049,3,522.3616632220934,荒川
北区|赤羽北1丁目,165215.6991845049,4,50753.62442715137,荒川
北区|赤羽北1丁目,165215.6991845049,4,52.2336082590949,荒川
北区|赤羽北1丁目,165215.6991845049,4,52.51629010932605,荒川
北区|赤羽北1丁目,165215.6991845049,4,78.34454080685848,荒川
北区|赤羽北1丁目,165215.6991845049,4,78.35089075830659,荒川
北区|赤羽北1丁目,165215.6991845049,4,286.52464048421535,荒川
北区|赤羽北1丁目,165215.6991845049,4,52.23824586294212,荒川
北区|赤羽北1丁目,165215.6991845049,4,26.119159615402346,荒川
北区|赤羽北1丁目,165215.6991845049,4,26.113122638694605,荒川
北区|赤羽北1丁目,165215.6991845049,4,417.8703481731847,荒川
北区|赤羽北1丁目,165215.6991845049,4,182.8227463845833,荒川
北区|赤羽北1丁目,165215.6991845049,4,235.05504944069006,荒川
北区|赤羽北1丁目,165215.6991845049,4,589.0055851942478,荒川
北区|赤羽北1丁目,165215.6991845049,4,40.052313901121096,荒川
北区|赤羽北1丁目,165215.6991845049,4,757.4118383857747,荒川
北区|赤羽北1丁目,165215.6991845049,5,97.81723337272982,荒川
北区|赤羽北1丁目,165215.6991845049,5,52.23830352267215,荒川
北区|赤羽北2丁目,296312.40923998854,1,26.12043266097355,荒川
北区|赤羽北2丁目,296312.40923998854,1,52.2410015598027,荒川
北区|赤羽北2丁目,296312.40923998854,1,0.6196795595147374,荒川
北区|赤羽北2丁目,296312.40923998854,1,132.68037720937212,荒川
北区|赤羽北2丁目,296312.40923998854,1,182.41548029392635,荒川
北区|赤羽北2丁目,296312.40923998854,1,52.24054008523156,荒川
北区|赤羽北2丁目,296312.40923998854,1,26.114015275176293,荒川
北区|赤羽北2丁目,296312.40923998854,1,259.9299732688775,荒川
北区|赤羽北2丁目,296312.40923998854,2,733.0177830645998,荒川
北区|赤羽北2丁目,296312.40923998854,2,338.4794700892466,荒川
北区|赤羽北2丁目,296312.40923998854,2,26.113648498177792,荒川
北区|赤羽北2丁目,296312.40923998854,2,0.4137166723304442,荒川
北区|赤羽北2丁目,296312.40923998854,2,28057.04889971918,荒川
北区|赤羽北2丁目,296312.40923998854,2,26.11368900341528,荒川
北区|赤羽北2丁目,296312.40923998854,2,78.35991271849797,荒川
北区|赤羽北2丁目,296312.40923998854,2,134.83992788308785,荒川
北区|赤羽北2丁目,296312.40923998854,2,3907.478421184702,荒川
北区|赤羽北2丁目,296312.40923998854,2,26.113812144274725,荒川
北区|赤羽北2丁目,296312.40923998854,2,0.8274605232462983,荒川
北区|赤羽北2丁目,296312.40923998854,2,26.120475351925535,荒川
北区|赤羽北2丁目,296312.40923998854,3,146977.1498593606,荒川
北区|赤羽北2丁目,296312.40923998854,3,23843.453685170673,荒川
北区|赤羽北2丁目,296312.40923998854,3,8166.377396636592,荒川
北区|赤羽北2丁目,296312.40923998854,3,5.040478208005995,荒川
北区|赤羽北2丁目,296312.40923998854,3,566.1495848646928,荒川
北区|赤羽北2丁目,296312.40923998854,3,443.14993813821445,荒川
北区|赤羽北2丁目,296312.40923998854,3,26.119667768641317,荒川
北区|赤羽北2丁目,296312.40923998854,3,26.113621986256952,荒川
北区|赤羽北2丁目,296312.40923998854,3,26.11969483574383,荒川
北区|赤羽北2丁目,296312.40923998854,3,26.119708375095396,荒川
北区|赤羽北2丁目,296312.40923998854,3,26.1134536727887,荒川
北区|赤羽北2丁目,296312.40923998854,3,26.119735437810093,荒川
北区|赤羽北2丁目,296312.40923998854,3,26.1197489903695,荒川
北区|赤羽北2丁目,296312.40923998854,3,26.113494269715645,荒川
北区|赤羽北2丁目,296312.40923998854,3,8182.1794335739,荒川
北区|赤羽北2丁目,296312.40923998854,3,26.119789487409662,荒川
北区|赤羽北2丁目,296312.40923998854,3,26.113784290294923,荒川
北区|赤羽北2丁目,296312.40923998854,3,26.119741640483667,荒川
北区|赤羽北2丁目,296312.40923998854,3,26.119546210072794,荒川
北区|赤羽北2丁目,296312.40923998854,3,130.5918205081058,荒川
北区|赤羽北2丁目,296312.40923998854,3,156.70518693677158,荒川
北区|赤羽北2丁目,296312.40923998854,3,235.04924531419104,荒川
北区|赤羽北2丁目,296312.40923998854,3,26.120073652021127,荒川
北区|赤羽北2丁目,296312.40923998854,3,26.113818867204998,荒川
北区|赤羽北2丁目,296312.40923998854,3,809.6689278790742,荒川
北区|赤羽北2丁目,296312.40923998854,4,57849.79478501956,荒川
北区|赤羽北2丁目,296312.40923998854,4,26.11324920068961,荒川
北区|赤羽北2丁目,296312.40923998854,4,208.95969397911117,荒川
北区|赤羽北2丁目,296312.40923998854,4,365.64944081996856,荒川
北区|赤羽北2丁目,296312.40923998854,4,78.06604588277452,荒川
北区|赤羽北2丁目,296312.40923998854,4,104.45153468998008,荒川
北区|赤羽北2丁目,296312.40923998854,4,52.23250557491236,荒川
北区|赤羽北2丁目,296312.40923998854,4,261.1567829760299,荒川
北区|赤羽北2丁目,296312.40923998854,4,26.119406639572865,荒川
北区|赤羽北2丁目,296312.40923998854,4,522.3525945560123,荒川
北区|赤羽北2丁目,296312.40923998854,4,235.05670902216772,荒川
北区|赤羽北3丁目,214317.88915843316,2,90.22947434479897,荒川
北区|浮間1丁目,212975.34144673738,1,0.20868869999504264,荒川
北区|浮間1丁目,212975.34144673738,1,0.20684260359550213,荒川
北区|浮間1丁目,212975.34144673738,2,222.77349552410004,荒川
北区|浮間1丁目,212975.34144673738,2,131.62306412821445,荒川
北区|浮間1丁目,212975.34144673738,2,358.1821013926854,荒川
北区|浮間1丁目,212975.34144673738,2,652.0644997803284,荒川
北区|浮間1丁目,212975.34144673738,2,603.8099056772783,荒川
北区|浮間1丁目,212975.34144673738,2,0.2068426051810902,荒川
北区|浮間1丁目,212975.34144673738,2,5012.921083245604,荒川
北区|浮間1丁目,212975.34144673738,2,2554.5712885771845,荒川
北区|浮間1丁目,212975.34144673738,3,390.6921778829057,荒川
北区|浮間1丁目,212975.34144673738,3,287.69655735517694,荒川
北区|浮間1丁目,212975.34144673738,3,78.34263863770181,荒川
北区|浮間1丁目,212975.34144673738,3,104.46117298432905,荒川
北区|浮間1丁目,212975.34144673738,3,2227.264586905115,荒川
北区|浮間1丁目,212975.34144673738,3,234.63320292469697,荒川
北区|浮間1丁目,212975.34144673738,3,1.5204295044465046,荒川
北区|浮間1丁目,212975.34144673738,3,52.23720282605017,荒川
北区|浮間1丁目,212975.34144673738,3,261.16832920247583,荒川
北区|浮間1丁目,212975.34144673738,3,392.16669031371003,荒川
北区|浮間1丁目,212975.34144673738,3,26.11892595825717,荒川
北区|浮間1丁目,212975.34144673738,3,52.23730846721616,荒川
北区|浮間1丁目,212975.34144673738,3,913.2259972727779,荒川
北区|浮間1丁目,212975.34144673738,3,51.81365307290692,荒川
北区|浮間1丁目,212975.34144673738,3,6251.4990562923795,荒川
北区|浮間1丁目,212975.34144673738,3,1020.4296764497429,荒川
北区|浮間1丁目,212975.34144673738,3,522.3513472969329,荒川
北区|浮間1丁目,212975.34144673738,3,104.04963628140543,荒川
北区|浮間1丁目,212975.34144673738,4,181596.25745201577,荒川
北区|浮間1丁目,212975.34144673738,4,26.11893897309209,荒川
北区|浮間1丁目,212975.34144673738,5,409.81985561572793,荒川
北区|浮間1丁目,212975.34144673738,5,48.48282582046754,荒川
北区|浮間1丁目,212975.34144673738,5,111.32174188485246,荒川
北区|浮間1丁目,212975.34144673738,5,17.413275042445978,荒川
北区|浮間1丁目,212975.34144673738,5,26.112847024436924,荒川
北区|浮間1丁目,212975.34144673738,5,52.23818969327861,荒川
北区|浮間1丁目,212975.34144673738,5,261.16556553267765,荒川
北区|浮間1丁目,212975.34144673738,5,235.04621779984083,荒川
北区|浮間1丁目,212975.34144673738,5,26.11893991143309,荒川
北区|浮間1丁目,212975.34144673738,5,26.11897991846119,荒川
北区|浮間1丁目,212975.34144673738,5,705.1459115784015,荒川
北区|浮間1丁目,212975.34144673738,5,88.22329563760266,荒川
北区|浮間1丁目,212975.34144673738,5,73.08554636431327,荒川
北区|浮間1丁目,212975.34144673738,5,5.514390732685411,荒川
北区|浮間1丁目,212975.34144673738,5,78.3479191055635,荒川
北区|浮間1丁目,212975.34144673738,5,79.6560896399381,荒川
北区|浮間1丁目,212975.34144673738,5,324.17297594642696,荒川
北区|浮間2丁目,1360789.009888669,1,0.20682674452209673,荒川
北区|浮間2丁目,1360789.009888669,1,0.206828326974823,荒川
北区|浮間2丁目,1360789.009888669,1,0.20684100267955313,荒川
北区|浮間2丁目,1360789.009888669,2,498.9171978060299,荒川
北区|浮間2丁目,1360789.009888669,2,0.6271867611182085,荒川
北区|浮間2丁目,1360789.009888669,2,1.0366005469306498,荒川
北区|浮間2丁目,1360789.009888669,2,0.41365916873066355,荒川
北区|浮間2丁目,1360789.009888669,2,220.57717955685666,荒川
北区|浮間2丁目,1360789.009888669,2,546.9799310492257,荒川
北区|浮間2丁目,1360789.009888669,2,85.16762685824831,荒川
北区|浮間2丁目,1360789.009888669,2,0.0016547028104187049,荒川
北区|浮間2丁目,1360789.009888669,2,0.8298105095793746,荒川
北区|浮間2丁目,1360789.009888669,2,0.4180567929880922,荒川
北区|浮間2丁目,1360789.009888669,3,6036.297157277797,荒川
北区|浮間2丁目,1360789.009888669,3,0.41615919303618,荒川
北区|浮間2丁目,1360789.009888669,3,1122.304620753203,荒川
北区|浮間2丁目,1360789.009888669,3,363.7348402446307,荒川
北区|浮間2丁目,1360789.009888669,3,1042.9202269996813,荒川
北区|浮間2丁目,1360789.009888669,3,652.880825427593,荒川
北区|浮間2丁目,1360789.009888669,3,0.2068379835387415,荒川
北区|浮間2丁目,1360789.009888669,3,0.20518157187196537,荒川
北区|浮間2丁目,1360789.009888669,3,104.4681917641453,荒川
北区|浮間2丁目,1360789.009888669,3,471.1322358805914,荒川
北区|浮間2丁目,1360789.009888669,3,44.04567972278912,荒川
北区|浮間2丁目,1360789.009888669,3,653.540761018739,荒川
北区|浮間2丁目,1360789.009888669,3,524.2186015185817,荒川
北区|浮間2丁目,1360789.009888669,3,0.4136749660981526,荒川
北区|浮間2丁目,1360789.009888669,3,547.340718660442,荒川
北区|浮間2丁目,1360789.009888669,3,5276.669507512899,荒川
北区|浮間2丁目,1360789.009888669,3,940.4181548219755,荒川
北区|浮間2丁目,1360789.009888669,3,653.964672874147,荒川
北区|浮間2丁目,1360789.009888669,3,1827.9788321634417,荒川
北区|浮間2丁目,1360789.009888669,3,7550.998572939021,荒川
北区|浮間2丁目,1360789.009888669,3,2543.339989593274,荒川
北区|浮間2丁目,1360789.009888669,3,130.38504403883294,荒川
北区|浮間2丁目,1360789.009888669,3,4973.902382225647,荒川
北区|浮間2丁目,1360789.009888669,3,28065.918698873258,荒川
北区|浮間2丁目,1360789.009888669,3,309.8323390166628,荒川
北区|浮間2丁目,1360789.009888669,4,436040.75871969055,荒川
北区|浮間2丁目,1360789.009888669,4,365.6556339125244,荒川
北区|浮間2丁目,1360789.009888669,4,26.536438192123583,荒川
北区|浮間2丁目,1360789.009888669,5,130.5852500411792,荒川
北区|浮間2丁目,1360789.009888669,5,451.9703011094573,荒川
北区|浮間2丁目,1360789.009888669,5,52.22127491778441,荒川
北区|浮間2丁目,1360789.009888669,5,29.86402108233162,荒川
北区|浮間2丁目,1360789.009888669,5,52.235946036698884,荒川
北区|浮間2丁目,1360789.009888669,5,97.59477167537179,荒川
北区|浮間2丁目,1360789.009888669,5,78.34663668661561,荒川
北区|浮間2丁目,1360789.009888669,5,165.40381770800496,荒川
北区|浮間2丁目,1360789.009888669,5,470.0761920098947,荒川
北区|浮間2丁目,1360789.009888669,5,52.23434464621054,荒川
北区|浮間2丁目,1360789.009888669,5,78.33876788504593,荒川
北区|浮間2丁目,1360789.009888669,5,104.46245108643507,荒川
北区|浮間2丁目,1360789.009888669,5,78.33923964609424,荒川
北区|浮間2丁目,1360789.009888669,5,52.22287671496594,荒川
北区|浮間2丁目,1360789.009888669,5,130.57660955029186,荒川
北区|浮間2丁目,1360789.009888669,5,496.15557200599864,荒川
北区|浮間2丁目,1360789.009888669,5,496.17309538096436,荒川
北区|浮間2丁目,1360789.009888669,5,26.116517226684856,荒川
北区|浮間2丁目,1360789.009888669,5,130.57776004772495,荒川
北区|浮間2丁目,1360789.009888669,5,130.57791189790788,荒川
北区|浮間2丁目,1360789.009888669,5,26.116838235560174,荒川
北区|浮間2丁目,1360789.009888669,5,120.72542617923838,荒川
北区|浮間2丁目,1360789.009888669,5,52.2375455675704,荒川
北区|浮間2丁目,1360789.009888669,5,104.45335882573208,荒川
北区|浮間2丁目,1360789.009888669,5,26.118051771016248,荒川
北区|浮間2丁目,1360789.009888669,5,26.118127439497936,荒川
北区|浮間2丁目,1360789.009888669,5,318.636131624105,荒川
北区|浮間2丁目,1360789.009888669,5,72.84151882897945,荒川
北区|浮間2丁目,1360789.009888669,5,26.11884515238904,荒川
北区|浮間2丁目,1360789.009888669,5,77.05214168967115,荒川
北区|浮間2丁目,1360789.009888669,5,41.427848280507234,荒川
北区|浮間2丁目,1360789.009888669,5,26.110637866378383,荒川
北区|浮間2丁目,1360789.009888669,5,26.11710098267713,荒川
北区|浮間3丁目,374430.4921688568,2,109.51245687079597,荒川
北区|浮間3丁目,374430.4921688568,3,1080.2681563451083,荒川
北区|浮間3丁目,374430.4921688568,3,234.84074843921374,荒川
北区|浮間3丁目,374430.4921688568,3,26.11221000365599,荒川
北区|浮間3丁目,374430.4921688568,3,52.224500629185506,荒川
北区|浮間3丁目,374430.4921688568,3,157.1248262714133,荒川
北区|浮間3丁目,374430.4921688568,3,7739.072218737707,荒川
北区|浮間3丁目,374430.4921688568,3,52.237365735907716,荒川
北区|浮間3丁目,374430.4921688568,3,338.8856103294672,荒川
北区|浮間3丁目,374430.4921688568,3,2506.561925658115,荒川
北区|浮間3丁目,374430.4921688568,3,1175.2694409501141,荒川
北区|浮間3丁目,374430.4921688568,3,0.206845909453677,荒川
北区|浮間3丁目,374430.4921688568,3,1018.5572049170972,荒川
北区|浮間3丁目,374430.4921688568,3,704.5316885043467,荒川
北区|浮間3丁目,374430.4921688568,3,861.8619875814629,荒川
北区|浮間3丁目,374430.4921688568,3,651.8806200931003,荒川
北区|浮間3丁目,374430.4921688568,3,26.118773808324498,荒川
北区|浮間3丁目,374430.4921688568,3,1467.85839524038,荒川
北区|浮間3丁目,374430.4921688568,3,234.22085590952548,荒川
北区|浮間3丁目,374430.4921688568,3,779.6071522979803,荒川
北区|浮間3丁目,374430.4921688568,4,353306.96045081475,荒川
北区|浮間3丁目,374430.4921688568,4,26.11313104235343,荒川
北区|浮間3丁目,374430.4921688568,5,1567.0422975901345,荒川
北区|浮間3丁目,374430.4921688568,5,26.119344945245857,荒川
北区|浮間3丁目,374430.4921688568,5,104.47203183968685,荒川
北区|浮間3丁目,374430.4921688568,5,26.11958834938353,荒川
北区|浮間3丁目,374430.4921688568,5,26.119466593387855,荒川
北区|浮間3丁目,374430.4921688568,5,26.11941263803322,荒川
北区|浮間3丁目,374430.4921688568,5,26.11313093991267,荒川
北区|浮間3丁目,374430.4921688568,5,26.120446683892965,荒川
北区|浮間3丁目,374430.4921688568,5,52.24029939897106,荒川
北区|浮間4丁目,373751.1501167138,1,25.905299591553216,荒川
北区|浮間4丁目,373751.1501167138,1,208.3090686943243,荒川
北区|浮間4丁目,373751.1501167138,1,417.870670579114,荒川
北区|浮間4丁目,373751.1501167138,1,8539.484568651857,荒川
北区|浮間4丁目,373751.1501167138,1,26.118476196088793,荒川
北区|浮間4丁目,373751.1501167138,1,78.34924107863999,荒川
北区|浮間4丁目,373751.1501167138,1,208.93012624118876,荒川
北区|浮間4丁目,373751.1501167138,1,25.9058274349889,荒川
北区|浮間4丁目,373751.1501167138,2,27893.766534470284,荒川
北区|浮間4丁目,373751.1501167138,2,77.71614629689427,荒川
北区|浮間4丁目,373751.1501167138,2,25.9056137647466,荒川
北区|浮間4丁目,373751.1501167138,2,4165.792801283656,荒川
北区|浮間4丁目,373751.1501167138,2,150.75936711728647,荒川
北区|浮間4丁目,373751.1501167138,3,52.236713689321554,荒川
北区|浮間4丁目,373751.1501167138,3,78.33651426816537,荒川
北区|浮間4丁目,373751.1501167138,3,368.35647874179625,荒川
北区|浮間4丁目,373751.1501167138,3,77.7161149392736,荒川
北区|浮間4丁目,373751.1501167138,3,52.236842248588054,荒川
北区|浮間4丁目,373751.1501167138,3,78.3555108958342,荒川
北区|浮間4丁目,373751.1501167138,3,260.7351528928687,荒川
北区|浮間4丁目,373751.1501167138,3,747.7239612965831,荒川
北区|浮間4丁目,373751.1501167138,3,26.112427356893697,荒川
北区|浮間4丁目,373751.1501167138,3,129.95015245550042,荒川
北区|浮間4丁目,373751.1501167138,3,469.88236575711227,荒川
北区|浮間4丁目,373751.1501167138,3,780.7811986963377,荒川
北区|浮間4丁目,373751.1501167138,3,6285.748572732001,荒川
北区|浮間4丁目,373751.1501167138,3,1305.8412484204812,荒川
北区|浮間4丁目,373751.1501167138,3,391.74844517952505,荒川
北区|浮間4丁目,373751.1501167138,3,603.3892621365388,荒川
北区|浮間4丁目,373751.1501167138,3,52.2315115973166,荒川
北区|浮間4丁目,373751.1501167138,3,167.74183385461535,荒川
北区|浮間4丁目,373751.1501167138,3,261.1709915303524,荒川
北区|浮間4丁目,373751.1501167138,3,24.936938058512037,荒川
北区|浮間4丁目,373751.1501167138,3,1358.4805458414578,荒川
北区|浮間4丁目,373751.1501167138,3,365.6371495159779,荒川
北区|浮間4丁目,373751.1501167138,3,573.1122638706723,荒川
北区|浮間4丁目,373751.1501167138,3,51.81260928587692,荒川
北区|浮間4丁目,373751.1501167138,3,26.11903563378351,荒川
北区|浮間4丁目,373751.1501167138,3,469.2348288328588,荒川
北区|浮間4丁目,373751.1501167138,3,77.71682487815542,荒川
北区|浮間4丁目,373751.1501167138,3,1043.8559199967335,荒川
北区|浮間4丁目,373751.1501167138,3,417.85508063245743,荒川
北区|浮間4丁目,373751.1501167138,3,52.23184314713917,荒川
北区|浮間4丁目,373751.1501167138,3,1098.553925813015,荒川
北区|浮間4丁目,373751.1501167138,3,498.30721677460986,荒川
北区|浮間4丁目,373751.1501167138,3,391.7497098656893,荒川
北区|浮間4丁目,373751.1501167138,3,938.1244967887159,荒川
北区|浮間4丁目,373751.1501167138,3,365.22232768986163,荒川
北区|浮間4丁目,373751.1501167138,3,52.23757032029677,荒川
北区|浮間4丁目,373751.1501167138,3,104.4754015076865,荒川
北区|浮間4丁目,373751.1501167138,3,26.119102526945312,荒川
北区|浮間4丁目,373751.1501167138,3,314.65797749149317,荒川
北区|浮間4丁目,373751.1501167138,3,3967.9003593424745,荒川
北区|浮間4丁目,373751.1501167138,4,307471.5820553309,荒川
北区|浮間4丁目,373751.1501167138,4,26.11878901337292,荒川
北区|浮間5丁目,288502.148859778,2,3.7278915110180706,荒川
北区|浮間5丁目,288502.148859778,3,1617.5771439437972,荒川
北区|浮間5丁目,288502.148859778,3,860.8167691638197,荒川
北区|浮間5丁目,288502.148859778,3,312.5649925025753,荒川
北区|浮間5丁目,288502.148859778,3,574.5867142632327,荒川
北区|浮間5丁目,288502.148859778,3,144.77614836153532,荒川
北区|浮間5丁目,288502.148859778,3,404.1235172810237,荒川
北区|浮間5丁目,288502.148859778,4,283043.01276947046,荒川
北区|浮間5丁目,288502.148859778,5,235.05394702644563,荒川
北区|浮間5丁目,288502.148859778,5,26.119955704915363,荒川
北区|浮間5丁目,288502.148859778,5,1175.3199678633205,荒川
北区|浮間5丁目,288502.148859778,5,26.113752799075968,荒川
北区|浮間5丁目,288502.148859778,5,26.120408941932688,荒川
北区|浮間5丁目,288502.148859778,5,26.120568157527373,荒川
北区|浮間5丁目,288502.148859778,5,26.114312787441563,荒川
北区|栄町,178672.20770646486,1,130.64625973025656,荒川
北区|栄町,178672.20770646486,1,262.34325497392535,荒川
北区|栄町,178672.20770646486,1,5167.32374733825,荒川
北区|栄町,178672.20770646486,1,260.66392180491255,荒川
北区|栄町,178672.20770646486,1,314.3851685584824,荒川
北区|栄町,178672.20770646486,1,53.09853196370259,荒川
北区|栄町,178672.20770646486,1,130.01713924228133,荒川
北区|栄町,178672.20770646486,1,52.67707717499339,荒川
北区|栄町,178672.20770646486,1,316.4845387364636,荒川
北区|栄町,178672.20770646486,2,108307.73457318259,荒川
北区|栄町,178672.20770646486,2,1672.247687972485,荒川
北区|栄町,178672.20770646486,2,601.1749548486472,荒川
北区|栄町,178672.20770646486,2,3553.549003451335,荒川
北区|栄町,178672.20770646486,2,25.91658311381037,荒川
北区|栄町,178672.20770646486,2,915.7802475276236,荒川
北区|栄町,178672.20770646486,2,26.549051354509217,荒川
北区|栄町,178672.20770646486,2,51.63343973964999,荒川
北区|栄町,178672.20770646486,2,260.876024686847,荒川
北区|栄町,178672.20770646486,2,209.66440568989498,荒川
北区|栄町,178672.20770646486,3,28434.29477805929,荒川
北区|栄町,178672.20770646486,3,25.50505121064614,荒川
北区|栄町,178672.20770646486,3,77.7600246961917,荒川
北区|栄町,178672.20770646486,3,52.465192600831266,荒川
北区|栄町,178672.20770646486,3,26.12746078336742,荒川
北区|栄町,178672.20770646486,3,26.127502031297738,荒川
北区|上中里2丁目,399435.5669927231,1,207.78016006497492,荒川
北区|上中里2丁目,399435.5669927231,1,211.76302425673939,荒川
北区|上中里2丁目,399435.5669927231,1,313.55871650221366,荒川
北区|上中里2丁目,399435.5669927231,1,287.2214452871137,荒川
北区|上中里2丁目,399435.5669927231,1,546.8504742016261,荒川
北区|上中里2丁目,399435.5669927231,1,340.1125308871683,荒川
北区|上中里2丁目,399435.5669927231,1,392.16066083431105,荒川
北区|上中里2丁目,399435.5669927231,1,392.9944946344632,荒川
北区|上中里2丁目,399435.5669927231,1,446.0923260036439,荒川
北区|上中里2丁目,399435.5669927231,1,365.4114473776849,荒川
北区|上中里2丁目,399435.5669927231,1,183.33442485765283,荒川
北区|上中里2丁目,399435.5669927231,1,259.63355463165146,荒川
北区|上中里2丁目,399435.5669927231,1,51.42519166685314,荒川
北区|上中里2丁目,399435.5669927231,1,156.99535781275884,荒川
北区|上中里2丁目,399435.5669927231,1,574.4608519093738,荒川
北区|上中里2丁目,399435.5669927231,1,314.4032750113244,荒川
北区|上中里2丁目,399435.5669927231,1,235.8047537574333,荒川
北区|上中里2丁目,399435.5669927231,1,211.1417298672003,荒川
北区|上中里2丁目,399435.5669927231,1,1513.5056073031333,荒川
北区|上中里2丁目,399435.5669927231,1,26.12936022443845,荒川
北区|上中里2丁目,399435.5669927231,1,17593.204023250877,荒川
北区|上中里2丁目,399435.5669927231,2,280387.77511379065,荒川
北区|上中里2丁目,399435.5669927231,2,26.129158079539156,荒川
北区|上中里2丁目,399435.5669927231,2,52.68051116749953,荒川
北区|上中里2丁目,399435.5669927231,2,209.25701512104067,荒川
北区|上中里2丁目,399435.5669927231,2,52.68040815425338,荒川
北区|上中里2丁目,399435.5669927231,2,25.507570604960627,荒川
北区|上中里3丁目,53144.338060649294,2,11486.666842633038,荒川
北区|上中里3丁目,53144.338060649294,2,2793.9441345520154,荒川
北区|上中里3丁目,53144.338060649294,2,131.47971585858076,荒川
北区|上中里3丁目,53144.338060649294,2,234.32595714482324,荒川
北区|上中里3丁目,53144.338060649294,3,38418.69609316654,荒川
北区|上中里3丁目,53144.338060649294,3,79.22531729433703,荒川
北区|昭和町1丁目,52457.20273660723,2,30950.838222261893,荒川
北区|昭和町1丁目,52457.20273660723,2,261.0932389653047,荒川
北区|昭和町1丁目,52457.20273660723,3,20903.90575003824,荒川
北区|昭和町1丁目,52457.20273660723,3,26.549502334935948,荒川
北区|昭和町1丁目,52457.20273660723,3,289.3099937767259,荒川
北区|昭和町1丁目,52457.20273660723,3,25.50602923009693,荒川
北区|昭和町2丁目,66520.7041532521,2,23626.91554555134,荒川
北区|昭和町2丁目,66520.7041532521,2,390.6965190364711,荒川
北区|昭和町2丁目,66520.7041532521,2,25.917501417164242,荒川
北区|昭和町2丁目,66520.7041532521,2,26.1280187788433,荒川
北区|昭和町2丁目,66520.7041532521,2,25.917375327683075,荒川
北区|昭和町2丁目,66520.7041532521,2,32.633894514206354,荒川
北区|昭和町2丁目,66520.7041532521,2,25.825969410787504,荒川
北区|昭和町2丁目,66520.7041532521,3,39227.956935830436,荒川
北区|昭和町2丁目,66520.7041532521,3,26.54920749077458,荒川
北区|昭和町2丁目,66520.7041532521,3,103.67908859707786,荒川
北区|昭和町2丁目,66520.7041532521,3,25.91746155675707,荒川
北区|昭和町2丁目,66520.7041532521,3,104.9337824714524,荒川
北区|昭和町2丁目,66520.7041532521,3,25.917415208681227,荒川
北区|昭和町2丁目,66520.7041532521,3,26.128139017886355,荒川
北区|昭和町2丁目,66520.7041532521,3,26.54978503472753,荒川
北区|昭和町2丁目,66520.7041532521,3,26.54915310400714,荒川
北区|昭和町2丁目,66520.7041532521,3,2772.4883609038,荒川
北区|昭和町3丁目,42792.517190643186,2,19119.882902779507,荒川
北区|昭和町3丁目,42792.517190643186,2,2107.677670802342,荒川
北区|昭和町3丁目,42792.517190643186,2,25.917057004920615,荒川
北区|昭和町3丁目,42792.517190643186,2,0.3018086852537021,荒川
北区|昭和町3丁目,42792.517190643186,3,19133.205259247865,荒川
北区|昭和町3丁目,42792.517190643186,3,1358.9349006044533,荒川
北区|昭和町3丁目,42792.517190643186,3,52.6769691951823,荒川
北区|昭和町3丁目,42792.517190643186,3,26.549113002405395,荒川
北区|昭和町3丁目,42792.517190643186,3,156.77638549849706,荒川
北区|昭和町3丁目,42792.517190643186,3,810.5951238227414,荒川
北区|田端新町1丁目,106295.62148691525,2,106295.62148691526,荒川
北区|田端新町2丁目,99328.25128951758,2,99328.25128951755,荒川
北区|田端新町3丁目,81575.86613185074,2,81575.86613185078,荒川
北区|東田端1丁目,157471.59601243504,1,206.70292821086258,荒川
北区|東田端1丁目,157471.59601243504,1,1178.061621616835,荒川
北区|東田端1丁目,157471.59601243504,1,2245.1193390607154,荒川
北区|東田端1丁目,157471.59601243504,1,1309.7854791805707,荒川
北区|東田端1丁目,157471.59601243504,1,1619.826003614274,荒川
北区|東田端1丁目,157471.59601243504,1,651.2441728630073,荒川
北区|東田端1丁目,157471.59601243504,1,603.3682018890861,荒川
北区|東田端1丁目,157471.59601243504,1,496.74469412229945,荒川
北区|東田端1丁目,157471.59601243504,2,80953.86041389154,荒川
北区|東田端2丁目,278102.8819285265,1,81060.432561754,荒川
北区|東田端2丁目,278102.8819285265,1,523.8796328306772,荒川
北区|東田端2丁目,278102.8819285265,2,151272.91529991743,荒川
北区|東田端2丁目,278102.8819285265,2,25.507676330030392,荒川
北区|東田端2丁目,278102.8819285265,2,25.50744158456455,荒川
北区|東田端2丁目,278102.8819285265,3,366.89639495136356,荒川
荒川区|南千住1丁目,179809.03915255767,2,19.043280572654435,荒川
荒川区|南千住1丁目,179809.03915255767,2,19.859476558263566,荒川
荒川区|南千住1丁目,179809.03915255767,2,444.90779778894785,荒川
荒川区|南千住1丁目,179809.03915255767,2,1333.6996714179927,荒川
荒川区|南千住1丁目,179809.03915255767,2,1463.3195585004407,荒川
荒川区|南千住1丁目,179809.03915255767,2,26.55425901012393,荒川
荒川区|南千住1丁目,179809.03915255767,2,1886.3022833156235,荒川
荒川区|南千住1丁目,179809.03915255767,2,25.51076504503492,荒川
荒川区|南千住1丁目,179809.03915255767,2,392.42639373344997,荒川
荒川区|南千住1丁目,179809.03915255767,2,147.90599986535116,荒川
荒川区|南千住1丁目,179809.03915255767,2,8739.524010096735,荒川
荒川区|南千住1丁目,179809.03915255767,3,165178.8902649061,荒川
荒川区|南千住1丁目,179809.03915255767,3,53.10817568527391,荒川
荒川区|南千住1丁目,179809.03915255767,3,25.922233649796667,荒川
荒川区|南千住1丁目,179809.03915255767,3,25.51064568226843,荒川
荒川区|南千住1丁目,179809.03915255767,3,26.554369486923676,荒川
荒川区|南千住2丁目,136951.3305046076,2,312.7294247662791,荒川
荒川区|南千住2丁目,136951.3305046076,2,573.0860328750834,荒川
荒川区|南千住2丁目,136951.3305046076,3,130507.79613291021,荒川
荒川区|南千住2丁目,136951.3305046076,4,1486.803975861635,荒川
荒川区|南千住2丁目,136951.3305046076,4,1973.6203189636506,荒川
荒川区|南千住2丁目,136951.3305046076,4,2018.894112215336,荒川
荒川区|南千住2丁目,136951.3305046076,4,52.26704054154379,荒川
荒川区|南千住2丁目,136951.3305046076,5,26.133405043249606,荒川
荒川区|南千住3丁目,384245.56990936626,1,0.22376690189272858,荒川
荒川区|南千住3丁目,384245.56990936626,1,0.42149910137757474,荒川
荒川区|南千住3丁目,384245.56990936626,1,651.2794246394071,荒川
荒川区|南千住3丁目,384245.56990936626,1,0.42149996954587143,荒川
荒川区|南千住3丁目,384245.56990936626,1,706.46920454992,荒川
荒川区|南千住3丁目,384245.56990936626,1,3681.3527718814103,荒川
荒川区|南千住3丁目,384245.56990936626,1,479.0404691800512,荒川
荒川区|南千住3丁目,384245.56990936626,2,26579.32801302906,荒川
荒川区|南千住3丁目,384245.56990936626,2,150.87331150921602,荒川
荒川区|南千住3丁目,384245.56990936626,2,9.18017764207589,荒川
荒川区|南千住3丁目,384245.56990936626,2,260.9270358768486,荒川
荒川区|南千住3丁目,384245.56990936626,2,314.86873990462567,荒川
荒川区|南千住3丁目,384245.56990936626,2,0.8325453877383227,荒川
荒川区|南千住3丁目,384245.56990936626,2,1.2540464146333334,荒川
荒川区|南千住3丁目,384245.56990936626,2,3684.4045333428703,荒川
荒川区|南千住3丁目,384245.56990936626,2,183.36424866447888,荒川
荒川区|南千住3丁目,384245.56990936626,2,442.0059280526793,荒川
荒川区|南千住3丁目,384245.56990936626,2,18032.95948579188,荒川
荒川区|南千住3丁目,384245.56990936626,2,2402.3762983164947,荒川
荒川区|南千住3丁目,384245.56990936626,2,1465.9096791373743,荒川
荒川区|南千住3丁目,384245.56990936626,3,311210.4023963882,荒川
荒川区|南千住3丁目,384245.56990936626,3,22.63333259597445,荒川
荒川区|南千住3丁目,384245.56990936626,3,129.1286983553658,荒川
荒川区|南千住3丁目,384245.56990936626,4,288.31718656933157,荒川
荒川区|南千住3丁目,384245.56990936626,4,155.76530659863667,荒川
荒川区|南千住3丁目,384245.56990936626,4,375.6272614233193,荒川
荒川区|南千住4丁目,435559.99172885413,2,5467.945457986144,荒川
荒川区|南千住4丁目,435559.99172885413,2,731.9508762331473,荒川
荒川区|南千住4丁目,435559.99172885413,2,33678.2624351744,荒川
荒川区|南千住4丁目,435559.99172885413,3,392525.54159751144,荒川
荒川区|南千住4丁目,435559.99172885413,4,1098.856411290152,荒川
荒川区|南千住4丁目,435559.99172885413,4,820.0995514634649,荒川
荒川区|南千住4丁目,435559.99172885413,4,706.048335152597,荒川
荒川区|南千住4丁目,435559.99172885413,4,531.2870640423364,荒川
荒川区|南千住5丁目,181726.8467361359,2,1123.1496709017006,荒川
荒川区|南千住5丁目,181726.8467361359,2,6.273084221255411,荒川
荒川区|南千住5丁目,181726.8467361359,2,5165.879930592672,荒川
荒川区|南千住5丁目,181726.8467361359,3,174805.21032177485,荒川
荒川区|南千住5丁目,181726.8467361359,3,52.476200166854376,荒川
荒川区|南千住5丁目,181726.8467361359,3,51.64398482474841,荒川
荒川区|南千住5丁目,181726.8467361359,4,522.2135424450822,荒川
荒川区|南千住6丁目,396981.48095284606,1,549.1980368699664,荒川
荒川区|南千住6丁目,396981.48095284606,1,7159.750726197875,荒川
荒川区|南千住6丁目,396981.48095284606,1,14270.375659695883,荒川
荒川区|南千住6丁目,396981.48095284606,1,522.6415914904438,荒川
荒川区|南千住6丁目,396981.48095284606,2,8544.704022477517,荒川
荒川区|南千住6丁目,396981.48095284606,2,25.919789473788462,荒川
荒川区|南千住6丁目,396981.48095284606,2,2011.983676854748,荒川
荒川区|南千住6丁目,396981.48095284606,2,183.75740615213226,荒川
荒川区|南千住6丁目,396981.48095284606,2,1645.3248816341913,荒川
荒川区|南千住6丁目,396981.48095284606,2,26.130654337689407,荒川
荒川区|南千住6丁目,396981.48095284606,2,316.5184638391005,荒川
荒川区|南千住6丁目,396981.48095284606,2,79.23513763529792,荒川
荒川区|南千住6丁目,396981.48095284606,2,2918.7552595579455,荒川
荒川区|南千住6丁目,396981.48095284606,2,1307.8840588373575,荒川
荒川区|南千住6丁目,396981.48095284606,2,53.104852377615344,荒川
荒川区|南千住6丁目,396981.48095284606,2,210.73190608848367,荒川
荒川区|南千住6丁目,396981.48095284606,2,15958.404401729895,荒川
荒川区|南千住6丁目,396981.48095284606,2,8.14418099227561,荒川
荒川区|南千住6丁目,396981.48095284606,2,26.130084074669504,荒川
荒川区|南千住6丁目,396981.48095284606,2,25.91947037822662,荒川
荒川区|南千住6丁目,396981.48095284606,2,32768.027107172595,荒川
荒川区|南千住6丁目,396981.48095284606,2,366.70375033248536,荒川
荒川区|南千住6丁目,396981.48095284606,2,104.74208162545413,荒川
荒川区|南千住6丁目,396981.48095284606,2,25.50875769591327,荒川
荒川区|南千住6丁目,396981.48095284606,2,26.551707047027467,荒川
荒川区|南千住6丁目,396981.48095284606,2,25.508836472332874,荒川
荒川区|南千住6丁目,396981.48095284606,2,26.130264892561854,荒川
荒川区|南千住6丁目,396981.48095284606,2,26.552695304271957,荒川
荒川区|南千住6丁目,396981.48095284606,2,25.919755885785978,荒川
荒川区|南千住6丁目,396981.48095284606,2,26.130291580472058,荒川
荒川区|南千住6丁目,396981.48095284606,2,365.2236840624722,荒川
荒川区|南千住6丁目,396981.48095284606,2,77.35195539516721,荒川
荒川区|南千住6丁目,396981.48095284606,2,26.55187052080902,荒川
荒川区|南千住6丁目,396981.48095284606,2,26.130425784826834,荒川
荒川区|南千住6丁目,396981.48095284606,2,26.131256882987717,荒川
荒川区|南千住6丁目,396981.48095284606,2,25.91970978334075,荒川
荒川区|南千住6丁目,396981.48095284606,2,156.80175920850522,荒川
荒川区|南千住6丁目,396981.48095284606,2,156.80205300019392,荒川
荒川区|南千住6丁目,396981.48095284606,2,105.78642481968102,荒川
荒川区|南千住6丁目,396981.48095284606,2,365.4574269965992,荒川
荒川区|南千住6丁目,396981.48095284606,2,51.42807468866017,荒川
荒川区|南千住6丁目,396981.48095284606,2,103.07369414743118,荒川
荒川区|南千住6丁目,396981.48095284606,2,52.68244483444024,荒川
荒川区|南千住6丁目,396981.48095284606,2,52.261012248783956,荒川
荒川区|南千住6丁目,396981.48095284606,2,53.107112301154615,荒川
荒川区|南千住6丁目,396981.48095284606,2,53492.2230285656,荒川
荒川区|南千住6丁目,396981.48095284606,3,239570.95332809194,荒川
荒川区|南千住6丁目,396981.48095284606,3,235.608385535517,荒川
荒川区|南千住6丁目,396981.48095284606,3,52.472472315447234,荒川
荒川区|南千住6丁目,396981.48095284606,3,77.55984754394187,荒川
荒川区|南千住6丁目,396981.48095284606,3,25.508678485071762,荒川
荒川区|南千住6丁目,396981.48095284606,3,77.77086385036282,荒川
荒川区|南千住6丁目,396981.48095284606,3,26.131078896070534,荒川
荒川区|南千住6丁目,396981.48095284606,3,52.2619151001234,荒川
荒川区|南千住6丁目,396981.48095284606,3,25.508963374016197,荒川
荒川区|南千住6丁目,396981.48095284606,3,1414.932738328876,荒川
荒川区|南千住6丁目,396981.48095284606,3,26.13098984179604,荒川
荒川区|南千住6丁目,396981.48095284606,3,76.93826629511393,荒川
荒川区|南千住6丁目,396981.48095284606,3,52.6837928209817,荒川
荒川区|南千住6丁目,396981.48095284606,3,26.552524843161322,荒川
荒川区|南千住6丁目,396981.48095284606,3,26.131508830317614,荒川
荒川区|南千住6丁目,396981.48095284606,3,26.553467287344965,荒川
荒川区|南千住6丁目,396981.48095284606,3,26.553480976322742,荒川
荒川区|南千住6丁目,396981.48095284606,3,183.54641207208596,荒川
荒川区|南千住6丁目,396981.48095284606,3,26.552074635584443,荒川
荒川区|南千住6丁目,396981.48095284606,3,26.130626600454523,荒川
荒川区|南千住6丁目,396981.48095284606,3,25.91990900142015,荒川
荒川区|南千住6丁目,396981.48095284606,3,1222.5774690421915,荒川
荒川区|南千住6丁目,396981.48095284606,4,26.55184329104634,荒川
荒川区|南千住6丁目,396981.48095284606,4,25.508246452659183,荒川
荒川区|南千住6丁目,396981.48095284606,4,26.551911244950304,荒川
荒川区|南千住6丁目,396981.48095284606,4,26.130465817583023,荒川
荒川区|南千住6丁目,396981.48095284606,4,1.4585503102295518,荒川
荒川区|南千住6丁目,396981.48095284606,4,25.919636074193875,荒川
荒川区|南千住7丁目,179716.26597940188,2,4219.47461416664,荒川
荒川区|南千住7丁目,179716.26597940188,2,1246.2653171638085,荒川
荒川区|南千住7丁目,179716.26597940188,2,313.38102262271826,荒川
荒川区|南千住7丁目,179716.26597940188,2,51.42951193595454,荒川
荒川区|南千住7丁目,179716.26597940188,2,2824.8655030962477,荒川
荒川区|南千住7丁目,179716.26597940188,3,166352.6943992034,荒川
荒川区|南千住7丁目,179716.26597940188,3,51.63998158025505,荒川
荒川区|南千住7丁目,179716.26597940188,4,1456.1661886316951,荒川
荒川区|南千住7丁目,179716.26597940188,4,182.93345412402903,荒川
荒川区|南千住7丁目,179716.26597940188,4,25.50965991449574,荒川
荒川区|南千住7丁目,179716.26597940188,4,2451.3635980082995,荒川
荒川区|南千住7丁目,179716.26597940188,4,51.64215758233021,荒川
荒川区|南千住7丁目,179716.26597940188,4,210.74448175362534,荒川
荒川区|南千住7丁目,179716.26597940188,4,252.02259747757526,荒川
荒川区|南千住7丁目,179716.26597940188,4,26.13238400221558,荒川
荒川区|南千住8丁目,646499.1548721177,1,937.848117390584,荒川
荒川区|南千住8丁目,646499.1548721177,1,1.665159526593481,荒川
荒川区|南千住8丁目,646499.1548721177,1,442.7911918389632,荒川
荒川区|南千住8丁目,646499.1548721177,1,564.965894791351,荒川
荒川区|南千住8丁目,646499.1548721177,1,262.8694788519183,荒川
荒川区|南千住8丁目,646499.1548721177,1,653.301380646104,荒川
荒川区|南千住8丁目,646499.1548721177,1,364.8165715344077,荒川
荒川区|南千住8丁目,646499.1548721177,1,651.268600557852,荒川
荒川区|南千住8丁目,646499.1548721177,1,729.6093255206539,荒川
荒川区|南千住8丁目,646499.1548721177,1,2225.7266669158917,荒川
荒川区|南千住8丁目,646499.1548721177,1,2059.5156904469063,荒川
荒川区|南千住8丁目,646499.1548721177,1,575.5361911198388,荒川
荒川区|南千住8丁目,646499.1548721177,1,941.5989557587616,荒川
荒川区|南千住8丁目,646499.1548721177,1,184.39040935694297,荒川
荒川区|南千住8丁目,646499.1548721177,1,102.86526089170135,荒川
荒川区|南千住8丁目,646499.1548721177,1,105.16357908241613,荒川
荒川区|南千住8丁目,646499.1548721177,1,0.42126951935489176,荒川
荒川区|南千住8丁目,646499.1548721177,1,0.4114479751214704,荒川
荒川区|南千住8丁目,646499.1548721177,2,12448.285836383719,荒川
荒川区|南千住8丁目,646499.1548721177,2,174025.22078661263,荒川
荒川区|南千住8丁目,646499.1548721177,2,242.3954062045737,荒川
荒川区|南千住8丁目,646499.1548721177,2,257.39859402371246,荒川
荒川区|南千住8丁目,646499.1548721177,2,183.1413356849027,荒川
荒川区|南千住8丁目,646499.1548721177,2,758.7051883989442,荒川
荒川区|南千住8丁目,646499.1548721177,2,129.622190398803,荒川
荒川区|南千住8丁目,646499.1548721177,2,6.8525984361149215,荒川
荒川区|南千住8丁目,646499.1548721177,2,26.552773099925194,荒川
荒川区|南千住8丁目,646499.1548721177,2,25271.20197666763,荒川
荒川区|南千住8丁目,646499.1548721177,2,16.952498866780264,荒川
荒川区|南千住8丁目,646499.1548721177,2,184.38896638969172,荒川
荒川区|南千住8丁目,646499.1548721177,2,1.3931349636126948,荒川
荒川区|南千住8丁目,646499.1548721177,3,242518.1033078555,荒川
荒川区|南千住8丁目,646499.1548721177,3,1280.7763720341195,荒川
荒川区|南千住8丁目,646499.1548721177,3,3369.8756728077883,荒川
荒川区|南千住8丁目,646499.1548721177,3,656.8573510041563,荒川
荒川区|南千住8丁目,646499.1548721177,3,182.08854185460453,荒川
荒川区|荒川1丁目,204281.37048718837,2,575.3697321074307,荒川
荒川区|荒川1丁目,204281.37048718837,2,444.71094221506087,荒川
荒川区|荒川1丁目,204281.37048718837,2,1042.0172385770993,荒川
荒川区|荒川1丁目,204281.37048718837,2,339.11973196995797,荒川
荒川区|荒川1丁目,204281.37048718837,3,201880.15284231876,荒川
荒川区|荒川2丁目,167563.1892566119,2,418.75982774210337,荒川
荒川区|荒川2丁目,167563.1892566119,2,547.9648053871438,荒川
荒川区|荒川2丁目,167563.1892566119,2,5019.135359855445,荒川
荒川区|荒川2丁目,167563.1892566119,2,498.1858270845312,荒川
荒川区|荒川2丁目,167563.1892566119,3,159819.03603953114,荒川
荒川区|荒川2丁目,167563.1892566119,3,25.50986311945556,荒川
荒川区|荒川2丁目,167563.1892566119,4,156.80156967234493,荒川
荒川区|荒川3丁目,202507.26251171503,2,39541.37595814812,荒川
荒川区|荒川3丁目,202507.26251171503,2,1281.17118021065,荒川
荒川区|荒川3丁目,202507.26251171503,2,51.6424335346024,荒川
荒川区|荒川3丁目,202507.26251171503,3,160169.79604204537,荒川
荒川区|荒川3丁目,202507.26251171503,3,549.430258877759,荒川
荒川区|荒川3丁目,202507.26251171503,3,784.2188262271372,荒川
荒川区|荒川3丁目,202507.26251171503,3,25.50978724400208,荒川
荒川区|荒川3丁目,202507.26251171503,3,51.43122900338214,荒川
荒川区|荒川3丁目,202507.26251171503,3,52.68700214677881,荒川
荒川区|荒川4丁目,150226.14253494987,2,13858.084774916271,荒川
荒川区|荒川4丁目,150226.14253494987,2,7555.422556710392,荒川
荒川区|荒川4丁目,150226.14253494987,2,706.8338678438923,荒川
荒川区|荒川4丁目,150226.14253494987,2,5483.092752632552,荒川
荒川区|荒川4丁目,150226.14253494987,2,807.6017699301088,荒川
荒川区|荒川4丁目,150226.14253494987,2,312.95926008067306,荒川
荒川区|荒川4丁目,150226.14253494987,2,497.56476013045295,荒川
荒川区|荒川4丁目,150226.14253494987,2,730.6681323458768,荒川
荒川区|荒川4丁目,150226.14253494987,2,627.4135625844297,荒川
荒川区|荒川4丁目,150226.14253494987,2,105.36793982415703,荒川
荒川区|荒川4丁目,150226.14253494987,2,53.10532440593749,荒川
荒川区|荒川4丁目,150226.14253494987,2,366.2877844947938,荒川
荒川区|荒川4丁目,150226.14253494987,3,118860.41921902625,荒川
荒川区|荒川4丁目,150226.14253494987,3,26.130700274783926,荒川
荒川区|荒川4丁目,150226.14253494987,3,53.10471485106231,荒川
荒川区|荒川4丁目,150226.14253494987,3,52.26228381273608,荒川
荒川区|荒川4丁目,150226.14253494987,3,52.26280357011133,荒川
荒川区|荒川4丁目,150226.14253494987,3,26.1317180402731,荒川
荒川区|荒川4丁目,150226.14253494987,3,51.428609470027126,荒川
荒川区|荒川5丁目,139836.05605013308,2,86494.58657560217,荒川
荒川区|荒川5丁目,139836.05605013308,3,53000.289181098284,荒川
荒川区|荒川5丁目,139836.05605013308,3,25.92028368043626,荒川
荒川区|荒川5丁目,139836.05605013308,3,52.472836725091035,荒川
荒川区|荒川5丁目,139836.05605013308,3,157.84063696837774,荒川
荒川区|荒川5丁目,139836.05605013308,3,79.02605872831296,荒川
荒川区|荒川5丁目,139836.05605013308,3,25.920477330460848,荒川
荒川区|荒川6丁目,161774.18228532196,2,1996.0034548186395,荒川
荒川区|荒川6丁目,161774.18228532196,2,2746.53425311579,荒川
荒川区|荒川6丁目,161774.18228532196,2,26.551180554051122,荒川
荒川区|荒川6丁目,161774.18228532196,2,863.4018073474534,荒川
荒川区|荒川6丁目,161774.18228532196,2,25.507946893089972,荒川
荒川区|荒川6丁目,161774.18228532196,2,964.9935447276417,荒川
荒川区|荒川6丁目,161774.18228532196,2,417.4787153644096,荒川
荒川区|荒川6丁目,161774.18228532196,2,1072.4572761444151,荒川
荒川区|荒川6丁目,161774.18228532196,2,26.551399650409248,荒川
荒川区|荒川6丁目,161774.18228532196,2,366.46677690331484,荒川
荒川区|荒川6丁目,161774.18228532196,2,181.66791899736458,荒川
荒川区|荒川6丁目,161774.18228532196,2,1517.7093140612535,荒川
荒川区|荒川6丁目,161774.18228532196,2,393.43053344348164,荒川
荒川区|荒川6丁目,161774.18228532196,2,1882.091003538722,荒川
荒川区|荒川6丁目,161774.18228532196,3,149241.91032704842,荒川
荒川区|荒川6丁目,161774.18228532196,3,25.507712292501772,荒川
荒川区|荒川6丁目,161774.18228532196,3,25.919156846356522,荒川
荒川区|荒川7丁目,134645.15483287553,2,1936.664673256735,荒川
荒川区|荒川7丁目,134645.15483287553,2,1173.2094519746477,荒川
荒川区|荒川7丁目,134645.15483287553,2,4525.041692103491,荒川
荒川区|荒川7丁目,134645.15483287553,2,163.3087776487757,荒川
荒川区|荒川7丁目,134645.15483287553,2,365.0112317731425,荒川
荒川区|荒川7丁目,134645.15483287553,2,259.8584461219367,荒川
荒川区|荒川7丁目,134645.15483287553,2,339.71603732580894,荒川
荒川区|荒川7丁目,134645.15483287553,3,125555.69716115811,荒川
荒川区|荒川7丁目,134645.15483287553,4,184.17260545610495,荒川
荒川区|荒川8丁目,330986.44338207017,1,156.78733683974775,荒川
荒川区|荒川8丁目,330986.44338207017,1,77.7662083302822,荒川
荒川区|荒川8丁目,330986.44338207017,1,2451.733351465538,荒川
荒川区|荒川8丁目,330986.44338207017,1,19529.389904795473,荒川
荒川区|荒川8丁目,330986.44338207017,1,4000.333211041422,荒川
荒川区|荒川8丁目,330986.44338207017,1,2795.5953224617083,荒川
荒川区|荒川8丁目,330986.44338207017,2,1178.109761550597,荒川
荒川区|荒川8丁目,330986.44338207017,2,145.49207419688946,荒川
荒川区|荒川8丁目,330986.44338207017,2,104.74079107559521,荒川
荒川区|荒川8丁目,330986.44338207017,2,52.25987237638363,荒川
荒川区|荒川8丁目,330986.44338207017,2,52.47065166109686,荒川
荒川区|荒川8丁目,330986.44338207017,2,26.551420940760742,荒川
荒川区|荒川8丁目,330986.44338207017,2,104.10878019305073,荒川
荒川区|荒川8丁目,330986.44338207017,2,25.91927096425645,荒川
荒川区|荒川8丁目,330986.44338207017,2,2794.599975125058,荒川
荒川区|荒川8丁目,330986.44338207017,2,51.63812223114525,荒川
荒川区|荒川8丁目,330986.44338207017,2,104.74122575060935,荒川
荒川区|荒川8丁目,330986.44338207017,2,2872.8271343868264,荒川
荒川区|荒川8丁目,330986.44338207017,2,235.4012773666162,荒川
荒川区|荒川8丁目,330986.44338207017,2,11968.152796150676,荒川
荒川区|荒川8丁目,330986.44338207017,2,286.39907555239995,荒川
荒川区|荒川8丁目,330986.44338207017,2,2565.657635702332,荒川
荒川区|荒川8丁目,330986.44338207017,2,707.8446619855514,荒川
荒川区|荒川8丁目,330986.44338207017,2,18.407444282440395,荒川
荒川区|荒川8丁目,330986.44338207017,2,6161.378587738675,荒川
荒川区|荒川8丁目,330986.44338207017,2,52.68044722377725,荒川
荒川区|荒川8丁目,330986.44338207017,2,25.507383620357352,荒川
荒川区|荒川8丁目,330986.44338207017,2,12978.547416000003,荒川
荒川区|荒川8丁目,330986.44338207017,2,1623.7036810621648,荒川
荒川区|荒川8丁目,330986.44338207017,2,105.36461155983353,荒川
荒川区|荒川8丁目,330986.44338207017,2,25.508023946733278,荒川
荒川区|荒川8丁目,330986.44338207017,3,172496.36293537146,荒川
荒川区|荒川8丁目,330986.44338207017,3,26.550862131443388,荒川
荒川区|荒川8丁目,330986.44338207017,3,393.23756668673565,荒川
荒川区|荒川8丁目,330986.44338207017,3,234.57070388969393,荒川
荒川区|荒川8丁目,330986.44338207017,4,25.093258452863438,荒川
荒川区|荒川8丁目,330986.44338207017,4,6710.894878535906,荒川
荒川区|町屋1丁目,191736.14353114463,2,168.28247820027414,荒川
荒川区|町屋1丁目,191736.14353114463,2,78.05113683746697,荒川
荒川区|町屋1丁目,191736.14353114463,3,191489.81014877683,荒川
荒川区|町屋2丁目,119007.08346986483,2,838.4729372455123,荒川
荒川区|町屋2丁目,119007.08346986483,2,496.2711826466311,荒川
荒川区|町屋2丁目,119007.08346986483,2,3449.901887377795,荒川
荒川区|町屋2丁目,119007.08346986483,2,548.3314657118335,荒川
荒川区|町屋2丁目,119007.08346986483,2,786.8596235191153,荒川
荒川区|町屋2丁目,119007.08346986483,2,1047.1297295716956,荒川
荒川区|町屋2丁目,119007.08346986483,2,365.41061945989316,荒川
荒川区|町屋2丁目,119007.08346986483,3,111291.3792830704,荒川
荒川区|町屋2丁目,119007.08346986483,3,25.918564319196292,荒川
荒川区|町屋2丁目,119007.08346986483,3,26.129090318001413,荒川
荒川区|町屋2丁目,119007.08346986483,3,52.258514985166656,荒川
荒川区|町屋2丁目,119007.08346986483,3,52.46975882697103,荒川
荒川区|町屋2丁目,119007.08346986483,3,26.550812812508354,荒川
荒川区|町屋3丁目,150961.27149851673,3,150961.2714985166,荒川
荒川区|町屋4丁目,168641.37085989397,2,862.0760015344686,荒川
荒川区|町屋4丁目,168641.37085989397,2,209.45852526631234,荒川
荒川区|町屋4丁目,168641.37085989397,2,442.336494400131,荒川
荒川区|町屋4丁目,168641.37085989397,2,3887.157163351431,荒川
荒川区|町屋4丁目,168641.37085989397,2,391.1174966265824,荒川
荒川区|町屋4丁目,168641.37085989397,3,162849.22517871513,荒川
荒川区|町屋5丁目,172456.82211999779,2,128.75568039277653,荒川
荒川区|町屋5丁目,172456.82211999779,2,234.52525087742686,荒川
荒川区|町屋5丁目,172456.82211999779,2,573.7217215252774,荒川
荒川区|町屋5丁目,172456.82211999779,3,170366.80312206916,荒川
荒川区|町屋5丁目,172456.82211999779,4,1049.1322560477627,荒川
荒川区|町屋5丁目,172456.82211999779,4,25.91599741451668,荒川
荒川区|町屋5丁目,172456.82211999779,4,26.54833272271992,荒川
荒川区|町屋5丁目,172456.82211999779,4,51.41996463094525,荒川
荒川区|町屋6丁目,205648.0922662542,1,8450.819181023338,荒川
荒川区|町屋6丁目,205648.0922662542,1,58.43845784574032,荒川
荒川区|町屋6丁目,205648.0922662542,1,1670.5252062806603,荒川
荒川区|町屋6丁目,205648.0922662542,2,263.7929094133979,荒川
荒川区|町屋6丁目,205648.0922662542,2,53.095863929720906,荒川
荒川区|町屋6丁目,205648.0922662542,2,521.9378348527566,荒川
荒川区|町屋6丁目,205648.0922662542,2,643.1202917618887,荒川
荒川区|町屋6丁目,205648.0922662542,2,2223.375797371378,荒川
荒川区|町屋6丁目,205648.0922662542,2,988.2743636089764,荒川
荒川区|町屋6丁目,205648.0922662542,2,2450.587810612331,荒川
荒川区|町屋6丁目,205648.0922662542,2,131.89633698149063,荒川
荒川区|町屋6丁目,205648.0922662542,2,368.7188975701357,荒川
荒川区|町屋6丁目,205648.0922662542,2,726.361344467426,荒川
荒川区|町屋6丁目,205648.0922662542,2,535.4504415714634,荒川
荒川区|町屋6丁目,205648.0922662542,2,678.9053369682132,荒川
荒川区|町屋6丁目,205648.0922662542,3,183086.93145181256,荒川
荒川区|町屋6丁目,205648.0922662542,4,217.64357410936324,荒川
荒川区|町屋6丁目,205648.0922662542,4,26.126304410822254,荒川
荒川区|町屋6丁目,205648.0922662542,4,26.547710072471094,荒川
荒川区|町屋6丁目,205648.0922662542,4,1123.9333796741726,荒川
荒川区|町屋6丁目,205648.0922662542,4,25.504473222448198,荒川
荒川区|町屋6丁目,205648.0922662542,4,862.24292439431,荒川
荒川区|町屋6丁目,205648.0922662542,4,179.76414594384266,荒川
荒川区|町屋6丁目,205648.0922662542,4,51.419832896004976,荒川
荒川区|町屋6丁目,205648.0922662542,4,51.41983316751392,荒川
荒川区|町屋6丁目,205648.0922662542,4,16.026596154117946,荒川
荒川区|町屋6丁目,205648.0922662542,4,215.2334330752243,荒川
荒川区|町屋7丁目,192417.49719337217,1,228.26686174340085,荒川
荒川区|町屋7丁目,192417.49719337217,1,148.22399874825078,荒川
荒川区|町屋7丁目,192417.49719337217,1,577.1342847709172,荒川
荒川区|町屋7丁目,192417.49719337217,1,287.8304107030998,荒川
荒川区|町屋7丁目,192417.49719337217,2,15964.116517945113,荒川
荒川区|町屋7丁目,192417.49719337217,2,862.2293312706014,荒川
荒川区|町屋7丁目,192417.49719337217,2,448.5759494186453,荒川
荒川区|町屋7丁目,192417.49719337217,2,26.548314772240218,荒川
荒川区|町屋7丁目,192417.49719337217,2,77.96892805165433,荒川
荒川区|町屋7丁目,192417.49719337217,2,78.80211712322728,荒川
荒川区|町屋7丁目,192417.49719337217,2,1591.142252092495,荒川
荒川区|町屋7丁目,192417.49719337217,2,8769.516883865432,荒川
荒川区|町屋7丁目,192417.49719337217,2,155.9402736902758,荒川
荒川区|町屋7丁目,192417.49719337217,2,3344.2992983426334,荒川
荒川区|町屋7丁目,192417.49719337217,2,416.179211996832,荒川
荒川区|町屋7丁目,192417.49719337217,3,151635.06558524366,荒川
荒川区|町屋7丁目,192417.49719337217,3,26.126759272652354,荒川
荒川区|町屋7丁目,192417.49719337217,3,26.54822664111433,荒川
荒川区|町屋7丁目,192417.49719337217,3,26.54898501100815,荒川
荒川区|町屋7丁目,192417.49719337217,4,104.09576933551203,荒川
荒川区|町屋7丁目,192417.49719337217,4,25.916799263403817,荒川
荒川区|町屋7丁目,192417.49719337217,4,130.64429931739392,荒川
荒川区|町屋7丁目,192417.49719337217,4,26.126799461267325,荒川
荒川区|町屋7丁目,192417.49719337217,4,25.916112735081757,荒川
荒川区|町屋7丁目,192417.49719337217,4,26.127432702673616,荒川
荒川区|町屋7丁目,192417.49719337217,4,26.548856635644754,荒川
荒川区|町屋7丁目,192417.49719337217,4,26.127036874066317,荒川
荒川区|町屋7丁目,192417.49719337217,4,171.485168935091,荒川
荒川区|町屋7丁目,192417.49719337217,4,208.82471398297213,荒川
荒川区|町屋7丁目,192417.49719337217,4,26.127696101041813,荒川
荒川区|町屋7丁目,192417.49719337217,4,53.09663053204092,荒川
荒川区|町屋7丁目,192417.49719337217,4,26.12759297467729,荒川
荒川区|町屋7丁目,192417.49719337217,4,25.505533667377307,荒川
荒川区|町屋7丁目,192417.49719337217,4,26.127646780355718,荒川
荒川区|町屋7丁目,192417.49719337217,4,182.69373079402376,荒川
荒川区|町屋7丁目,192417.49719337217,4,44.98576089087387,荒川
荒川区|町屋7丁目,192417.49719337217,4,77.55019842449684,荒川
荒川区|町屋7丁目,192417.49719337217,4,136.83848016521233,荒川
荒川区|町屋7丁目,192417.49719337217,4,10.522047605147035,荒川
荒川区|町屋7丁目,192417.49719337217,4,182.89925875681652,荒川
荒川区|町屋7丁目,192417.49719337217,4,71.76341778540683,荒川
荒川区|町屋7丁目,192417.49719337217,4,26.54912867103018,荒川
荒川区|町屋7丁目,192417.49719337217,4,51.63358415192994,荒川
荒川区|町屋7丁目,192417.49719337217,4,26.548596702617864,荒川
荒川区|町屋7丁目,192417.49719337217,4,26.548637799684435,荒川
荒川区|町屋7丁目,192417.49719337217,4,26.12744164026806,荒川
荒川区|町屋7丁目,192417.49719337217,4,52.676106722751165,荒川
荒川区|町屋7丁目,192417.49719337217,4,5880.298214265025,荒川
荒川区|町屋8丁目,133820.54027289714,2,511.02523310472606,荒川
荒川区|町屋8丁目,133820.54027289714,2,119.15461021181748,荒川
荒川区|町屋8丁目,133820.54027289714,2,25.220121592189884,荒川
荒川区|町屋8丁目,133820.54027289714,3,132523.45236787962,荒川
荒川区|町屋8丁目,133820.54027289714,4,430.9534718761235,荒川
荒川区|町屋8丁目,133820.54027289714,4,34.02957935121088,荒川
荒川区|町屋8丁目,133820.54027289714,4,150.78785556086868,荒川
荒川区|町屋8丁目,133820.54027289714,4,25.9170333207358,荒川
荒川区|東尾久1丁目,163412.11201374274,2,163224.12827931932,荒川
荒川区|東尾久1丁目,163412.11201374274,3,8.294111669952501,荒川
荒川区|東尾久1丁目,163412.11201374274,3,6.59295732908836,荒川
荒川区|東尾久1丁目,163412.11201374274,3,1.247539780983065,荒川
荒川区|東尾久1丁目,163412.11201374274,3,131.67806749021986,荒川
荒川区|東尾久1丁目,163412.11201374274,3,14.122330826356938,荒川
荒川区|東尾久1丁目,163412.11201374274,3,26.04872732677263,荒川
荒川区|東尾久2丁目,180106.25044759945,2,58406.493988927876,荒川
荒川区|東尾久2丁目,180106.25044759945,2,26.130229966358193,荒川
荒川区|東尾久2丁目,180106.25044759945,2,210.72182323687824,荒川
荒川区|東尾久2丁目,180106.25044759945,2,78.81005301070593,荒川
荒川区|東尾久2丁目,180106.25044759945,2,392.38693596535586,荒川
荒川区|東尾久2丁目,180106.25044759945,3,119469.29845825462,荒川
荒川区|東尾久2丁目,180106.25044759945,3,600.3914896694965,荒川
荒川区|東尾久2丁目,180106.25044759945,3,26.550899588484867,荒川
荒川区|東尾久2丁目,180106.25044759945,3,26.550940219034175,荒川
荒川区|東尾久2丁目,180106.25044759945,3,26.129630808183194,荒川
荒川区|東尾久2丁目,180106.25044759945,3,52.25948972056608,荒川
荒川区|東尾久2丁目,180106.25044759945,3,78.60025655580748,荒川
荒川区|東尾久2丁目,180106.25044759945,3,26.551281092072692,荒川
荒川区|東尾久2丁目,180106.25044759945,3,26.129952743958807,荒川
荒川区|東尾久2丁目,180106.25044759945,3,25.91944632344244,荒川
荒川区|東尾久2丁目,180106.25044759945,3,130.44928700501688,荒川
荒川区|東尾久2丁目,180106.25044759945,3,46.08854228696473,荒川
荒川区|東尾久2丁目,180106.25044759945,3,51.43432454668446,荒川
荒川区|東尾久2丁目,180106.25044759945,3,26.551567095943664,荒川
荒川区|東尾久2丁目,180106.25044759945,3,287.0572838206396,荒川
荒川区|東尾久2丁目,180106.25044759945,3,26.551859024143987,荒川
荒川区|東尾久2丁目,180106.25044759945,3,38.55951169336166,荒川
荒川区|東尾久2丁目,180106.25044759945,3,26.633196043988203,荒川
荒川区|東尾久3丁目,131648.4004666853,3,131648.40046668533,荒川
荒川区|東尾久4丁目,175199.5983744307,2,172294.4540186697,荒川
荒川区|東尾久4丁目,175199.5983744307,3,2224.9037780962244,荒川
荒川区|東尾久4丁目,175199.5983744307,3,523.0336623049637,荒川
荒川区|東尾久4丁目,175199.5983744307,3,26.550614649747146,荒川
荒川区|東尾久4丁目,175199.5983744307,3,130.65630071000845,荒川
荒川区|東尾久5丁目,186730.44164677765,2,30579.153972085445,荒川
荒川区|東尾久5丁目,186730.44164677765,2,155.94723285080542,荒川
荒川区|東尾久5丁目,186730.44164677765,2,155.73682892944754,荒川
荒川区|東尾久5丁目,186730.44164677765,2,340.3224757561214,荒川
荒川区|東尾久5丁目,186730.44164677765,2,1153.0812518056644,荒川
荒川区|東尾久5丁目,186730.44164677765,3,153844.44703630617,荒川
荒川区|東尾久5丁目,186730.44164677765,3,25.50661724923498,荒川
荒川区|東尾久5丁目,186730.44164677765,3,4.4325217350047845,荒川
荒川区|東尾久5丁目,186730.44164677765,3,26.55000245845076,荒川
荒川区|東尾久5丁目,186730.44164677765,3,52.46838036175108,荒川
荒川区|東尾久5丁目,186730.44164677765,3,131.48674293270753,荒川
荒川区|東尾久5丁目,186730.44164677765,3,26.55038999316941,荒川
荒川区|東尾久5丁目,186730.44164677765,3,130.02187202409056,荒川
荒川区|東尾久5丁目,186730.44164677765,3,26.550415905044392,荒川
荒川区|東尾久5丁目,186730.44164677765,3,52.67921907126733,荒川
荒川区|東尾久5丁目,186730.44164677765,3,25.50668731328404,荒川
荒川区|東尾久6丁目,187280.31452188847,2,338.4326185004371,荒川
荒川区|東尾久6丁目,187280.31452188847,2,1884.3281116213846,荒川
荒川区|東尾久6丁目,187280.31452188847,3,185057.5537917666,荒川
荒川区|東尾久7丁目,259421.65867654592,1,2750.9608728571156,荒川
荒川区|東尾久7丁目,259421.65867654592,1,653.1967168270676,荒川
荒川区|東尾久7丁目,259421.65867654592,1,3217.3187589025097,荒川
荒川区|東尾久7丁目,259421.65867654592,1,3060.3461508906707,荒川
荒川区|東尾久7丁目,259421.65867654592,1,468.63209028195536,荒川
荒川区|東尾久7丁目,259421.65867654592,1,518.8019453752556,荒川
荒川区|東尾久7丁目,259421.65867654592,1,524.0390880099112,荒川
荒川区|東尾久7丁目,259421.65867654592,1,524.4529889450818,荒川
荒川区|東尾久7丁目,259421.65867654592,2,133.85091568333797,荒川
荒川区|東尾久7丁目,259421.65867654592,2,22871.415777915045,荒川
荒川区|東尾久7丁目,259421.65867654592,2,79.22449077821115,荒川
荒川区|東尾久7丁目,259421.65867654592,2,122002.37525252008,荒川
荒川区|東尾久7丁目,259421.65867654592,3,74692.9563480326,荒川
荒川区|東尾久7丁目,259421.65867654592,3,3395.2743680959834,荒川
荒川区|東尾久7丁目,259421.65867654592,3,53.0959122790416,荒川
荒川区|東尾久7丁目,259421.65867654592,3,11988.992913658325,荒川
荒川区|東尾久7丁目,259421.65867654592,3,836.9467728147671,荒川
荒川区|東尾久7丁目,259421.65867654592,3,105.34961197656787,荒川
荒川区|東尾久7丁目,259421.65867654592,3,25.916160121074213,荒川
荒川区|東尾久7丁目,259421.65867654592,3,26.127084190515266,荒川
荒川区|東尾久7丁目,259421.65867654592,3,25.91619927561894,荒川
荒川区|東尾久7丁目,259421.65867654592,3,364.9650053678343,荒川
荒川区|東尾久7丁目,259421.65867654592,3,1673.486373567574,荒川
荒川区|東尾久7丁目,259421.65867654592,3,52.67554770698361,荒川
荒川区|東尾久7丁目,259421.65867654592,3,51.42118878499208,荒川
荒川区|東尾久7丁目,259421.65867654592,3,105.35102979878458,荒川
荒川区|東尾久7丁目,259421.65867654592,3,78.80259608603005,荒川
荒川区|東尾久7丁目,259421.65867654592,3,366.2208683129668,荒川
荒川区|東尾久7丁目,259421.65867654592,3,77.54886938973739,荒川
荒川区|東尾久7丁目,259421.65867654592,3,887.3345776265268,荒川
荒川区|東尾久7丁目,259421.65867654592,4,26.126323925065737,荒川
荒川区|東尾久7丁目,259421.65867654592,4,25.91564147334512,荒川
荒川区|東尾久7丁目,259421.65867654592,4,26.547744288632057,荒川
荒川区|東尾久7丁目,259421.65867654592,4,78.80069910716685,荒川
荒川区|東尾久7丁目,259421.65867654592,4,78.80048889642715,荒川
荒川区|東尾久7丁目,259421.65867654592,4,25.915888163717838,荒川
荒川区|東尾久7丁目,259421.65867654592,4,24.02333683180969,荒川
荒川区|東尾久7丁目,259421.65867654592,4,4987.801230362531,荒川
荒川区|東尾久7丁目,259421.65867654592,4,209.44741274030974,荒川
荒川区|東尾久7丁目,259421.65867654592,4,285.94498110996426,荒川
荒川区|東尾久8丁目,232051.2086389898,1,225.09547306354878,荒川
荒川区|東尾久8丁目,232051.2086389898,2,52.67428923720464,荒川
荒川区|東尾久8丁目,232051.2086389898,2,1302.480074462682,荒川
荒川区|東尾久8丁目,232051.2086389898,2,232.60760895485674,荒川
荒川区|東尾久8丁目,232051.2086389898,2,226.00174197687167,荒川
荒川区|東尾久8丁目,232051.2086389898,2,426.55483173272796,荒川
荒川区|東尾久8丁目,232051.2086389898,2,965.4840285147235,荒川
荒川区|東尾久8丁目,232051.2086389898,2,272.0408222227562,荒川
荒川区|東尾久8丁目,232051.2086389898,3,225673.3446734416,荒川
荒川区|東尾久8丁目,232051.2086389898,4,26.12569355453197,荒川
荒川区|東尾久8丁目,232051.2086389898,4,26.547721418954975,荒川
荒川区|東尾久8丁目,232051.2086389898,4,25.504286412561473,荒川
荒川区|東尾久8丁目,232051.2086389898,4,26.54774817769816,荒川
荒川区|東尾久8丁目,232051.2086389898,4,26.547972455920526,荒川
荒川区|東尾久8丁目,232051.2086389898,4,76.9243344718341,荒川
荒川区|東尾久8丁目,232051.2086389898,4,205.68045225280966,荒川
荒川区|東尾久8丁目,232051.2086389898,4,131.89625718581954,荒川
荒川区|東尾久8丁目,232051.2086389898,4,78.79963398025221,荒川
荒川区|東尾久8丁目,232051.2086389898,4,26.547800252769342,荒川
荒川区|東尾久8丁目,232051.2086389898,4,79.22221814188258,荒川
荒川区|東尾久8丁目,232051.2086389898,4,26.126406951628038,荒川
荒川区|東尾久8丁目,232051.2086389898,4,52.67441941697749,荒川
荒川区|東尾久8丁目,232051.2086389898,4,26.54782810226768,荒川
荒川区|東尾久8丁目,232051.2086389898,4,209.4516104520982,荒川
荒川区|東尾久8丁目,232051.2086389898,4,25.915812126663774,荒川
荒川区|西尾久1丁目,111940.08892171817,2,72134.01132153632,荒川
荒川区|西尾久1丁目,111940.08892171817,2,129.39895489684508,荒川
荒川区|西尾久1丁目,111940.08892171817,2,1069.0439234391063,荒川
荒川区|西尾久1丁目,111940.08892171817,2,339.06912170557746,荒川
荒川区|西尾久1丁目,111940.08892171817,2,51.635080797705555,荒川
荒川区|西尾久1丁目,111940.08892171817,2,76.93135673128292,荒川
荒川区|西尾久1丁目,111940.08892171817,3,37936.02449247006,荒川
荒川区|西尾久1丁目,111940.08892171817,3,26.12841386135297,荒川
荒川区|西尾久1丁目,111940.08892171817,3,21.696025390200838,荒川
荒川区|西尾久1丁目,111940.08892171817,3,52.467822637109535,荒川
荒川区|西尾久1丁目,111940.08892171817,3,51.42461792430394,荒川
荒川区|西尾久1丁目,111940.08892171817,3,52.25779032832572,荒川
荒川区|西尾久2丁目,128596.14176671312,3,128596.14176671315,荒川
荒川区|西尾久3丁目,170036.02436356922,2,315.48564991141683,荒川
荒川区|西尾久3丁目,170036.02436356922,2,3962.810908036583,荒川
荒川区|西尾久3丁目,170036.02436356922,2,1306.3852849824914,荒川
荒川区|西尾久3丁目,170036.02436356922,2,2974.4077106436002,荒川
荒川区|西尾久3丁目,170036.02436356922,2,628.1143505359921,荒川
荒川区|西尾久3丁目,170036.02436356922,2,496.6414885322498,荒川
荒川区|西尾久3丁目,170036.02436356922,2,119.8319432780764,荒川
荒川区|西尾久3丁目,170036.02436356922,3,159100.84162860588,荒川
荒川区|西尾久3丁目,170036.02436356922,4,60.892539946282724,荒川
荒川区|西尾久3丁目,170036.02436356922,4,77.33528416064303,荒川
荒川区|西尾久3丁目,170036.02436356922,4,52.67362300405685,荒川
荒川区|西尾久3丁目,170036.02436356922,4,104.92612137784658,荒川
荒川区|西尾久3丁目,170036.02436356922,4,51.41974698311766,荒川
荒川区|西尾久3丁目,170036.02436356922,4,105.34761682689353,荒川
荒川区|西尾久3丁目,170036.02436356922,4,79.2209738258396,荒川
荒川区|西尾久3丁目,170036.02436356922,4,102.83861205411375,荒川
荒川区|西尾久3丁目,170036.02436356922,4,131.47418418988727,荒川
荒川区|西尾久3丁目,170036.02436356922,4,105.3478308600586,荒川
荒川区|西尾久3丁目,170036.02436356922,4,76.92386772902164,荒川
荒川区|西尾久3丁目,170036.02436356922,4,26.12623614467106,荒川
荒川区|西尾久3丁目,170036.02436356922,4,52.25270974591484,荒川
荒川区|西尾久3丁目,170036.02436356922,4,25.504414514917602,荒川
荒川区|西尾久3丁目,170036.02436356922,4,26.54766740444728,荒川
荒川区|西尾久3丁目,170036.02436356922,4,52.673970275670335,荒川
荒川区|西尾久4丁目,142890.6797858541,2,105863.24588901768,荒川
荒川区|西尾久4丁目,142890.6797858541,3,37001.30507777408,荒川
荒川区|西尾久4丁目,142890.6797858541,3,26.128819062326883,荒川
荒川区|西尾久5丁目,118115.52820236482,3,118115.52820236482,荒川
荒川区|西尾久6丁目,144474.18272413232,1,7898.305881472722,荒川
荒川区|西尾久6丁目,144474.18272413232,1,2509.5116795933145,荒川
荒川区|西尾久6丁目,144474.18272413232,2,361.36444184031,荒川
荒川区|西尾久6丁目,144474.18272413232,2,12954.052469253213,荒川
荒川区|西尾久6丁目,144474.18272413232,2,653.1901043712369,荒川
荒川区|西尾久6丁目,144474.18272413232,2,340.8464568270908,荒川
荒川区|西尾久6丁目,144474.18272413232,2,236.3988188720565,荒川
荒川区|西尾久6丁目,144474.18272413232,2,154.46948071018664,荒川
荒川区|西尾久6丁目,144474.18272413232,2,208.39730132223485,荒川
荒川区|西尾久6丁目,144474.18272413232,3,117441.8565134096,荒川
荒川区|西尾久6丁目,144474.18272413232,4,52.25178439320181,荒川
荒川区|西尾久6丁目,144474.18272413232,4,51.419072511847304,荒川
荒川区|西尾久6丁目,144474.18272413232,4,78.79914156943721,荒川
荒川区|西尾久6丁目,144474.18272413232,4,52.673460534691856,荒川
荒川区|西尾久6丁目,144474.18272413232,4,441.6639241389824,荒川
荒川区|西尾久6丁目,144474.18272413232,4,237.6630046156071,荒川
荒川区|西尾久6丁目,144474.18272413232,4,76.92348929733924,荒川
荒川区|西尾久6丁目,144474.18272413232,4,653.8147928659304,荒川
荒川区|西尾久6丁目,144474.18272413232,4,70.58090154974356,荒川
荒川区|西尾久7丁目,180316.55705663958,3,180316.55705663975,荒川
荒川区|西尾久8丁目,187938.04359712428,3,187938.0435971242,荒川
荒川区|東日暮里1丁目,139362.88645844118,2,865.8424688381858,荒川
荒川区|東日暮里1丁目,139362.88645844118,2,4705.039221982147,荒川
荒川区|東日暮里1丁目,139362.88645844118,2,1031.5156926009681,荒川
荒川区|東日暮里1丁目,139362.88645844118,2,470.6501885877919,荒川
荒川区|東日暮里1丁目,139362.88645844118,2,496.3680992130041,荒川
荒川区|東日暮里1丁目,139362.88645844118,2,366.53248017847125,荒川
荒川区|東日暮里1丁目,139362.88645844118,2,314.88763027533435,荒川
荒川区|東日暮里1丁目,139362.88645844118,3,131112.0516176217,荒川
荒川区|東日暮里2丁目,158429.91612867295,2,0.5150431271569994,荒川
荒川区|東日暮里2丁目,158429.91612867295,2,524.6082539122918,荒川
荒川区|東日暮里2丁目,158429.91612867295,2,629.566729664474,荒川
荒川区|東日暮里2丁目,158429.91612867295,2,263.03125510881176,荒川
荒川区|東日暮里2丁目,158429.91612867295,2,603.8406485502923,荒川
荒川区|東日暮里2丁目,158429.91612867295,2,549.0540686364043,荒川
荒川区|東日暮里2丁目,158429.91612867295,2,942.5613084286634,荒川
荒川区|東日暮里2丁目,158429.91612867295,2,1779.1123188150762,荒川
荒川区|東日暮里2丁目,158429.91612867295,2,521.4620252210874,荒川
荒川区|東日暮里2丁目,158429.91612867295,2,417.75921593229265,荒川
荒川区|東日暮里2丁目,158429.91612867295,2,389.5378593730586,荒川
荒川区|東日暮里2丁目,158429.91612867295,3,151808.86740190332,荒川
荒川区|東日暮里3丁目,210733.2849179215,2,57123.667793179884,荒川
荒川区|東日暮里3丁目,210733.2849179215,2,207.19590737025288,荒川
荒川区|東日暮里3丁目,210733.2849179215,2,286.02456609755967,荒川
荒川区|東日暮里3丁目,210733.2849179215,2,550.0882668025511,荒川
荒川区|東日暮里3丁目,210733.2849179215,2,2271.493987951422,荒川
荒川区|東日暮里3丁目,210733.2849179215,2,364.63896584028583,荒川
荒川区|東日暮里3丁目,210733.2849179215,2,3840.0459688693404,荒川
荒川区|東日暮里3丁目,210733.2849179215,2,78.61122484839521,荒川
荒川区|東日暮里3丁目,210733.2849179215,2,391.3989266497308,荒川
荒川区|東日暮里3丁目,210733.2849179215,2,391.8228574777706,荒川
荒川区|東日暮里3丁目,210733.2849179215,2,364.22472037330215,荒川
荒川区|東日暮里3丁目,210733.2849179215,2,77.77875758489041,荒川
荒川区|東日暮里3丁目,210733.2849179215,2,840.3334888583278,荒川
荒川区|東日暮里3丁目,210733.2849179215,2,286.0323042160066,荒川
荒川区|東日暮里3丁目,210733.2849179215,2,26.555806323968405,荒川
荒川区|東日暮里3丁目,210733.2849179215,3,142981.876547671,荒川
荒川区|東日暮里3丁目,210733.2849179215,3,129.84592352526906,荒川
荒川区|東日暮里3丁目,210733.2849179215,3,26.133695729642724,荒川
荒川区|東日暮里3丁目,210733.2849179215,3,52.68924887807655,荒川
荒川区|東日暮里3丁目,210733.2849179215,3,235.20574240552617,荒川
荒川区|東日暮里3丁目,210733.2849179215,3,26.55441564456079,荒川
荒川区|東日暮里3丁目,210733.2849179215,3,26.132970706672914,荒川
荒川区|東日暮里3丁目,210733.2849179215,3,51.64376759018713,荒川
荒川区|東日暮里3丁目,210733.2849179215,3,103.28932565429808,荒川
荒川区|東日暮里4丁目,133267.7053324432,2,122535.51320319934,荒川
荒川区|東日暮里4丁目,133267.7053324432,2,130.26155153447766,荒川
荒川区|東日暮里4丁目,133267.7053324432,2,26.556480733987122,荒川
荒川区|東日暮里4丁目,133267.7053324432,3,9401.939344486493,荒川
荒川区|東日暮里4丁目,133267.7053324432,3,25.511756014224755,荒川
荒川区|東日暮里4丁目,133267.7053324432,3,26.555983907144217,荒川
荒川区|東日暮里4丁目,133267.7053324432,3,25.51222424668427,荒川
荒川区|東日暮里4丁目,133267.7053324432,3,209.08698257361186,荒川
荒川区|東日暮里4丁目,133267.7053324432,3,26.556064630549375,荒川
荒川区|東日暮里4丁目,133267.7053324432,3,25.512301837300882,荒川
荒川区|東日暮里4丁目,133267.7053324432,3,155.77520407242648,荒川
荒川区|東日暮里4丁目,133267.7053324432,3,25.924156604135963,荒川
荒川区|東日暮里4丁目,133267.7053324432,3,286.66900873062775,荒川
荒川区|東日暮里4丁目,133267.7053324432,3,26.134722150953937,荒川
荒川区|東日暮里4丁目,133267.7053324432,3,26.5565898948876,荒川
荒川区|東日暮里4丁目,133267.7053324432,3,77.99332714420669,荒川
荒川区|東日暮里4丁目,133267.7053324432,3,78.82622680320809,荒川
荒川区|東日暮里4丁目,133267.7053324432,3,104.55011961118083,荒川
荒川区|東日暮里4丁目,133267.7053324432,3,52.27008426774254,荒川
荒川区|東日暮里5丁目,201696.48026327245,1,339.1487735736262,荒川
荒川区|東日暮里5丁目,201696.48026327245,1,495.5479648737379,荒川
荒川区|東日暮里5丁目,201696.48026327245,1,496.17137371124045,荒川
荒川区|東日暮里5丁目,201696.48026327245,1,471.7137809988166,荒川
荒川区|東日暮里5丁目,201696.48026327245,1,380.9620935349622,荒川
荒川区|東日暮里5丁目,201696.48026327245,2,188605.29488812992,荒川
荒川区|東日暮里6丁目,219669.16920536495,2,219669.169205365,荒川
荒川区|西日暮里1丁目,222100.33746320935,1,627.2241149500127,荒川
荒川区|西日暮里1丁目,222100.33746320935,2,221473.11391688883,荒川
荒川区|西日暮里2丁目,246973.43861726645,1,1912.2636592641834,荒川
荒川区|西日暮里2丁目,246973.43861726645,1,835.0826005887492,荒川
荒川区|西日暮里2丁目,246973.43861726645,1,209.5032196824376,荒川
荒川区|西日暮里2丁目,246973.43861726645,1,155.77123468031846,荒川
荒川区|西日暮里2丁目,246973.43861726645,1,286.0319551382479,荒川
荒川区|西日暮里2丁目,246973.43861726645,1,234.8077535478364,荒川
荒川区|西日暮里2丁目,246973.43861726645,1,0.42173354754107173,荒川
荒川区|西日暮里2丁目,246973.43861726645,2,202656.45076108535,荒川
荒川区|西日暮里2丁目,246973.43861726645,2,25.5115330757977,荒川
荒川区|西日暮里2丁目,246973.43861726645,2,70.67878599940492,荒川
荒川区|西日暮里2丁目,246973.43861726645,2,26.13373858773511,荒川
荒川区|西日暮里2丁目,246973.43861726645,3,242.58567157973974,荒川
荒川区|西日暮里5丁目,197303.2623336372,1,51.64314621114678,荒川
荒川区|西日暮里5丁目,197303.2623336372,1,1304.6397260742415,荒川
荒川区|西日暮里5丁目,197303.2623336372,1,2593.9266458245656,荒川
荒川区|西日暮里5丁目,197303.2623336372,1,2878.6480350751212,荒川
荒川区|西日暮里5丁目,197303.2623336372,1,5353.122926664299,荒川
荒川区|西日暮里5丁目,197303.2623336372,2,114499.41591336137,荒川
荒川区|西日暮里5丁目,197303.2623336372,2,25.921722671112526,荒川
荒川区|西日暮里5丁目,197303.2623336372,2,130.46219980314157,荒川
荒川区|西日暮里5丁目,197303.2623336372,2,25.922008053603918,荒川
荒川区|西日暮里5丁目,197303.2623336372,2,26.55427968190615,荒川
荒川区|西日暮里5丁目,197303.2623336372,2,77.77545988512824,荒川
荒川区|西日暮里5丁目,197303.2623336372,2,7.932695120362274,荒川
荒川区|西日暮里5丁目,197303.2623336372,3,638.1675257572705,荒川
荒川区|西日暮里5丁目,197303.2623336372,3,26.058489361380204,荒川
荒川区|西日暮里5丁目,197303.2623336372,3,79.02959813681915,荒川
荒川区|西日暮里5丁目,197303.2623336372,3,158.2702621012946,荒川
荒川区|西日暮里5丁目,197303.2623336372,3,384.24243151731264,荒川
荒川区|西日暮里5丁目,197303.2623336372,4,768.8946209759602,荒川
荒川区|西日暮里6丁目,187231.50380703967,1,8674.57082059276,荒川
荒川区|西日暮里6丁目,187231.50380703967,2,171112.73915120124,荒川
荒川区|西日暮里6丁目,187231.50380703967,3,1406.1315537691382,荒川
荒川区|西日暮里6丁目,187231.50380703967,3,158.55363020604747,荒川
荒川区|西日暮里6丁目,187231.50380703967,4,927.931994465627,荒川
板橋区|志村1丁目,292801.2936659208,1,130.6163793146909,荒川
板橋区|志村1丁目,292801.2936659208,1,7.071475477897291,荒川
板橋区|志村1丁目,292801.2936659208,1,26.146743119396064,荒川
板橋区|志村1丁目,292801.2936659208,1,623.7285076681031,荒川
板橋区|志村1丁目,292801.2936659208,2,56.30213297762689,荒川
板橋区|志村2丁目,205358.1257010133,1,470.3813972977673,荒川
板橋区|志村2丁目,205358.1257010133,1,52.244186635193486,荒川
板橋区|志村2丁目,205358.1257010133,1,0.20687102200071916,荒川
板橋区|志村2丁目,205358.1257010133,1,26.122189262061706,荒川
板橋区|志村2丁目,205358.1257010133,1,26.11593418453212,荒川
板橋区|志村2丁目,205358.1257010133,1,26.1222707972716,荒川
板橋区|志村2丁目,205358.1257010133,1,52.23203109910384,荒川
板橋区|志村2丁目,205358.1257010133,1,26.116056679579962,荒川
板橋区|志村2丁目,205358.1257010133,1,52.24467844923509,荒川
板橋区|志村2丁目,205358.1257010133,1,0.6200317769217013,荒川
板橋区|志村2丁目,205358.1257010133,1,25.9068520186146,荒川
板橋区|志村2丁目,205358.1257010133,1,26.12178461671268,荒川
板橋区|志村2丁目,205358.1257010133,1,26.12181142664549,荒川
板橋区|志村2丁目,205358.1257010133,1,26.121511326629662,荒川
板橋区|志村2丁目,205358.1257010133,1,155.66950865126682,荒川
板橋区|志村2丁目,205358.1257010133,1,26.12319230055059,荒川
板橋区|志村2丁目,205358.1257010133,1,130.60421005253096,荒川
板橋区|志村2丁目,205358.1257010133,1,96.70326241828889,荒川
板橋区|志村2丁目,205358.1257010133,2,2312.9213564939587,荒川
板橋区|志村2丁目,205358.1257010133,2,965.9328654966516,荒川
板橋区|志村2丁目,205358.1257010133,2,419.6535116462391,荒川
板橋区|志村2丁目,205358.1257010133,2,52.24541671000722,荒川
板橋区|志村2丁目,205358.1257010133,2,20230.830544807653,荒川
板橋区|志村2丁目,205358.1257010133,3,1148.4906758746745,荒川
板橋区|志村2丁目,205358.1257010133,3,574.6525484067287,荒川
板橋区|志村2丁目,205358.1257010133,3,190.7584241831246,荒川
板橋区|志村2丁目,205358.1257010133,3,96.58943226394949,荒川
板橋区|志村3丁目,211794.19384849988,1,82.2054371293107,荒川
板橋区|志村3丁目,211794.19384849988,1,471.20635493030454,荒川
板橋区|志村3丁目,211794.19384849988,1,26.12174474263466,荒川
板橋区|志村3丁目,211794.19384849988,1,0.0059450653149047995,荒川
板橋区|志村3丁目,211794.19384849988,2,9001.90425863546,荒川
板橋区|志村3丁目,211794.19384849988,2,1665.6225501866295,荒川
板橋区|志村3丁目,211794.19384849988,2,3265.342092994712,荒川
板橋区|志村3丁目,211794.19384849988,2,26.122383054525066,荒川
板橋区|志村3丁目,211794.19384849988,2,26.122396397615155,荒川
板橋区|志村3丁目,211794.19384849988,2,52.23260814414395,荒川
板橋区|志村3丁目,211794.19384849988,2,104.84901940125455,荒川
板橋区|志村3丁目,211794.19384849988,2,182.84008538703767,荒川
板橋区|志村3丁目,211794.19384849988,2,52.2391351890656,荒川
板橋区|志村3丁目,211794.19384849988,2,78.35871629483528,荒川
板橋区|志村3丁目,211794.19384849988,2,940.3635676800969,荒川
板橋区|志村3丁目,211794.19384849988,2,5972.990536273304,荒川
板橋区|志村3丁目,211794.19384849988,2,130.59600592525913,荒川
板橋区|志村3丁目,211794.19384849988,2,26.123046158962467,荒川
板橋区|志村3丁目,211794.19384849988,3,174913.6085402205,荒川
板橋区|志村3丁目,211794.19384849988,3,26.121694792913647,荒川
板橋区|志村3丁目,211794.19384849988,3,18.999465624343905,荒川
板橋区|志村3丁目,211794.19384849988,3,26.122383140928502,荒川
板橋区|志村3丁目,211794.19384849988,3,174.9283122654201,荒川
板橋区|志村3丁目,211794.19384849988,3,112.37379453044382,荒川
板橋区|志村3丁目,211794.19384849988,4,12610.417399861817,荒川
板橋区|志村3丁目,211794.19384849988,4,235.07282436845665,荒川
板橋区|志村3丁目,211794.19384849988,4,444.0426077615485,荒川
板橋区|志村3丁目,211794.19384849988,4,0.11893354902563595,荒川
板橋区|志村3丁目,211794.19384849988,4,26.12198269476466,荒川
板橋区|志村3丁目,211794.19384849988,4,26.122019088930777,荒川
板橋区|坂下1丁目,285082.7398048773,3,82257.96450768027,荒川
板橋区|坂下1丁目,285082.7398048773,3,78.3590028252155,荒川
板橋区|坂下1丁目,285082.7398048773,3,966.41761631269,荒川
板橋区|坂下1丁目,285082.7398048773,3,25.90782749981132,荒川
板橋区|坂下1丁目,285082.7398048773,3,26.121751167719257,荒川
板橋区|坂下1丁目,285082.7398048773,3,52.2416073295608,荒川
板橋区|坂下1丁目,285082.7398048773,3,1592.8386739097855,荒川
板橋区|坂下1丁目,285082.7398048773,3,52.24357249742454,荒川
板橋区|坂下1丁目,285082.7398048773,3,417.8949486314435,荒川
板橋区|坂下1丁目,285082.7398048773,3,7.116279933729552,荒川
板橋区|坂下1丁目,285082.7398048773,3,52.23725329296708,荒川
板橋区|坂下1丁目,285082.7398048773,3,261.18622878011564,荒川
板橋区|坂下1丁目,285082.7398048773,3,208.95794234015045,荒川
板橋区|坂下1丁目,285082.7398048773,3,156.7090268459456,荒川
板橋区|坂下1丁目,285082.7398048773,3,26.115014571973624,荒川
板橋区|坂下1丁目,285082.7398048773,3,705.2076833157098,荒川
板橋区|坂下1丁目,285082.7398048773,3,52.24259919729614,荒川
板橋区|坂下1丁目,285082.7398048773,3,26.115052612506318,荒川
板橋区|坂下1丁目,285082.7398048773,3,78.3514406122004,荒川
板橋区|坂下1丁目,285082.7398048773,3,522.384709030291,荒川
板橋区|坂下1丁目,285082.7398048773,3,26.115103681346266,荒川
板橋区|坂下1丁目,285082.7398048773,3,52.242869798949435,荒川
板橋区|坂下1丁目,285082.7398048773,3,52.02975818034833,荒川
板橋区|坂下1丁目,285082.7398048773,3,26.121671325668004,荒川
板橋区|坂下1丁目,285082.7398048773,3,417.9201597258117,荒川
板橋区|坂下1丁目,285082.7398048773,3,835.6254539317657,荒川
板橋区|坂下1丁目,285082.7398048773,4,195296.50927879993,荒川
板橋区|坂下1丁目,285082.7398048773,4,26.121558282740192,荒川
板橋区|坂下1丁目,285082.7398048773,4,52.236941993711675,荒川
板橋区|坂下1丁目,285082.7398048773,4,313.41651252513634,荒川
板橋区|坂下1丁目,285082.7398048773,4,391.7910317455351,荒川
板橋区|坂下1丁目,285082.7398048773,4,25.99672649979078,荒川
板橋区|坂下2丁目,281528.08846930106,3,391.7823276342043,荒川
板橋区|坂下2丁目,281528.08846930106,4,281136.3061416668,荒川
板橋区|坂下3丁目,382734.94098545716,3,10942.420705380413,荒川
板橋区|坂下3丁目,382734.94098545716,3,104.47141364520493,荒川
板橋区|坂下3丁目,382734.94098545716,3,52.22926997168315,荒川
板橋区|坂下3丁目,382734.94098545716,3,52.22330337981053,荒川
板橋区|坂下3丁目,382734.94098545716,3,26.118037279864303,荒川
板橋区|坂下3丁目,382734.94098545716,3,26.111795962992577,荒川
板橋区|坂下3丁目,382734.94098545716,3,1052.3819019515524,荒川
板橋区|坂下3丁目,382734.94098545716,3,0.2088930210748933,荒川
板橋区|坂下3丁目,382734.94098545716,3,52.2374569176361,荒川
板橋区|坂下3丁目,382734.94098545716,3,5.8888774910151,荒川
板橋区|坂下3丁目,382734.94098545716,4,370210.3764645154,荒川
板橋区|坂下3丁目,382734.94098545716,4,130.5707152098916,荒川
板橋区|坂下3丁目,382734.94098545716,4,26.117841400519715,荒川
板橋区|坂下3丁目,382734.94098545716,4,53.58430932939975,荒川
板橋区|東坂下1丁目,180176.73074854416,3,20421.40072325409,荒川
板橋区|東坂下1丁目,180176.73074854416,3,508.18784380530064,荒川
板橋区|東坂下1丁目,180176.73074854416,3,1681.2802683723312,荒川
板橋区|東坂下1丁目,180176.73074854416,3,236.11739746307452,荒川
板橋区|東坂下1丁目,180176.73074854416,3,0.20912503428404206,荒川
板橋区|東坂下1丁目,180176.73074854416,3,25.908102830785413,荒川
板橋区|東坂下1丁目,180176.73074854416,4,154317.64733318693,荒川
板橋区|東坂下1丁目,180176.73074854416,4,26.120518551060947,荒川
板橋区|東坂下1丁目,180176.73074854416,4,52.241063750298615,荒川
板橋区|東坂下1丁目,180176.73074854416,4,40.787786800999186,荒川
板橋区|東坂下1丁目,180176.73074854416,4,46.04561775872755,荒川
板橋区|東坂下1丁目,180176.73074854416,5,888.0139879575783,荒川
板橋区|東坂下1丁目,180176.73074854416,5,339.5226157792216,荒川
板橋区|東坂下1丁目,180176.73074854416,5,130.5838930594559,荒川
板橋区|東坂下1丁目,180176.73074854416,5,0.007162408011520832,荒川
板橋区|東坂下1丁目,180176.73074854416,5,652.9789189380994,荒川
板橋区|東坂下1丁目,180176.73074854416,5,52.228312858222,荒川
板橋区|東坂下1丁目,180176.73074854416,5,26.12043813083643,荒川
板橋区|東坂下1丁目,180176.73074854416,5,26.120660457708635,荒川
板橋区|東坂下1丁目,180176.73074854416,5,26.120571516410028,荒川
板橋区|東坂下1丁目,180176.73074854416,5,52.24122368768023,荒川
板橋区|東坂下1丁目,180176.73074854416,5,26.12067774679373,荒川
板橋区|東坂下1丁目,180176.73074854416,5,313.4240885917849,荒川
板橋区|東坂下1丁目,180176.73074854416,5,52.22895093248999,荒川
板橋区|東坂下1丁目,180176.73074854416,5,26.120796876299256,荒川
板橋区|東坂下1丁目,180176.73074854416,5,26.120810151566523,荒川
板橋区|東坂下1丁目,180176.73074854416,5,52.22884171153091,荒川
板橋区|東坂下1丁目,180176.73074854416,5,130.60301693253828,荒川
板橋区|東坂下2丁目,291793.71959464415,2,182.1934961342207,荒川
板橋区|東坂下2丁目,291793.71959464415,2,364.59116770501987,荒川
板橋区|東坂下2丁目,291793.71959464415,2,25.910133442278678,荒川
板橋区|東坂下2丁目,291793.71959464415,2,208.53040656296005,荒川
板橋区|東坂下2丁目,291793.71959464415,2,914.9348022867172,荒川
板橋区|東坂下2丁目,291793.71959464415,2,1750.4962315751586,荒川
板橋区|東坂下2丁目,291793.71959464415,2,634.4252956563134,荒川
板橋区|東坂下2丁目,291793.71959464415,2,390.2889610712736,荒川
板橋区|東坂下2丁目,291793.71959464415,3,7498.0124440900145,荒川
板橋区|東坂下2丁目,291793.71959464415,3,52.22526213187674,荒川
板橋区|東坂下2丁目,291793.71959464415,3,2323.7066649127105,荒川
板橋区|東坂下2丁目,291793.71959464415,3,6687.243054912759,荒川
板橋区|東坂下2丁目,291793.71959464415,3,1044.2604687371218,荒川
板橋区|東坂下2丁目,291793.71959464415,3,3136.595113838437,荒川
板橋区|東坂下2丁目,291793.71959464415,3,52.231540487444065,荒川
板橋区|東坂下2丁目,291793.71959464415,3,20.229406742668065,荒川
板橋区|東坂下2丁目,291793.71959464415,3,592.8225453584674,荒川
板橋区|東坂下2丁目,291793.71959464415,3,547.832521051457,荒川
板橋区|東坂下2丁目,291793.71959464415,3,129.74217561031534,荒川
板橋区|東坂下2丁目,291793.71959464415,3,729.3974863757326,荒川
板橋区|東坂下2丁目,291793.71959464415,3,2115.693630212203,荒川
板橋区|東坂下2丁目,291793.71959464415,3,2638.901507470465,荒川
板橋区|東坂下2丁目,291793.71959464415,3,52.2324001044809,荒川
板橋区|東坂下2丁目,291793.71959464415,3,0.20684869804296696,荒川
板橋区|東坂下2丁目,291793.71959464415,3,626.81639949845,荒川
板橋区|東坂下2丁目,291793.71959464415,3,572.4938700564811,荒川
板橋区|東坂下2丁目,291793.71959464415,3,130.57882319751081,荒川
板橋区|東坂下2丁目,291793.71959464415,3,52.23267153490217,荒川
板橋区|東坂下2丁目,291793.71959464415,4,256988.2741954222,荒川
板橋区|東坂下2丁目,291793.71959464415,4,50.887717285823165,荒川
板橋区|東坂下2丁目,291793.71959464415,4,26.1117066229846,荒川
板橋区|東坂下2丁目,291793.71959464415,4,156.6954710163626,荒川
板橋区|東坂下2丁目,291793.71959464415,4,130.58433058511443,荒川
板橋区|東坂下2丁目,291793.71959464415,4,182.82738029166927,荒川
板橋区|東坂下2丁目,291793.71959464415,4,26.11271093389724,荒川
板橋区|東坂下2丁目,291793.71959464415,4,52.23799815090521,荒川
板橋区|東坂下2丁目,291793.71959464415,4,26.112751090740048,荒川
板橋区|東坂下2丁目,291793.71959464415,4,391.75547983681787,荒川
板橋区|東坂下2丁目,291793.71959464415,4,26.119287704378046,荒川
板橋区|東坂下2丁目,291793.71959464415,4,26.119356581437945,荒川
板橋区|東坂下2丁目,291793.71959464415,5,26.113354044402808,荒川
板橋区|東坂下2丁目,291793.71959464415,5,26.11391612014373,荒川
板橋区|東坂下2丁目,291793.71959464415,5,26.120197804973284,荒川
板橋区|東坂下2丁目,291793.71959464415,5,52.24047566599127,荒川
板橋区|東坂下2丁目,291793.71959464415,5,26.113088725614457,荒川
板橋区|東坂下2丁目,291793.71959464415,5,26.113956168262177,荒川
板橋区|東坂下2丁目,291793.71959464415,5,52.24076568254579,荒川
板橋区|小豆沢3丁目,200377.36037359832,1,104.47509885628695,荒川
板橋区|小豆沢3丁目,200377.36037359832,1,104.47507302016244,荒川
板橋区|小豆沢3丁目,200377.36037359832,1,208.939041695718,荒川
板橋区|小豆沢3丁目,200377.36037359832,1,394.09029353673185,荒川
板橋区|小豆沢3丁目,200377.36037359832,1,131.65112167798162,荒川
板橋区|小豆沢3丁目,200377.36037359832,1,204.70627385226075,荒川
板橋区|小豆沢3丁目,200377.36037359832,1,26.115483632123606,荒川
板橋区|小豆沢3丁目,200377.36037359832,1,51.8176163183985,荒川
板橋区|小豆沢3丁目,200377.36037359832,1,313.4374658394129,荒川
板橋区|小豆沢3丁目,200377.36037359832,2,22030.461243358364,荒川
板橋区|小豆沢3丁目,200377.36037359832,2,2489.0265961480973,荒川
板橋区|小豆沢3丁目,200377.36037359832,2,78.35823674202626,荒川
板橋区|小豆沢3丁目,200377.36037359832,2,25.908813205227773,荒川
板橋区|小豆沢3丁目,200377.36037359832,2,156.71752406857217,荒川
板橋区|小豆沢3丁目,200377.36037359832,2,26.121688803801035,荒川
板橋区|小豆沢3丁目,200377.36037359832,2,52.24296017842964,荒川
板橋区|小豆沢3丁目,200377.36037359832,2,417.8974404447357,荒川
板橋区|小豆沢3丁目,200377.36037359832,2,52.23057715127844,荒川
板橋区|小豆沢3丁目,200377.36037359832,2,26.11548603231132,荒川
板橋区|小豆沢3丁目,200377.36037359832,3,47760.21202888206,荒川
板橋区|小豆沢3丁目,200377.36037359832,3,861.9475785032063,荒川
板橋区|小豆沢3丁目,200377.36037359832,3,104.48735464606322,荒川
板橋区|小豆沢3丁目,200377.36037359832,3,26.115524910166016,荒川
板橋区|小豆沢3丁目,200377.36037359832,3,52.243641526375484,荒川
板橋区|小豆沢3丁目,200377.36037359832,3,522.3802954080641,荒川
板橋区|小豆沢3丁目,200377.36037359832,3,522.3881023940553,荒川
板橋区|小豆沢3丁目,200377.36037359832,3,235.06360879485135,荒川
板橋区|小豆沢3丁目,200377.36037359832,3,104.46165865309862,荒川
板橋区|小豆沢3丁目,200377.36037359832,4,2969.4920593761844,荒川
板橋区|小豆沢3丁目,200377.36037359832,4,6.190500181911537,荒川
板橋区|小豆沢3丁目,200377.36037359832,4,8.15778295233704,荒川
板橋区|小豆沢3丁目,200377.36037359832,4,522.410394377162,荒川
板橋区|小豆沢4丁目,245505.88106893236,1,52.235465542084384,荒川
板橋区|小豆沢4丁目,245505.88106893236,1,0.2091768898621888,荒川
板橋区|小豆沢4丁目,245505.88106893236,1,208.52445861880986,荒川
板橋区|小豆沢4丁目,245505.88106893236,1,288.14424077069145,荒川
板橋区|小豆沢4丁目,245505.88106893236,1,26.11503477724237,荒川
板橋区|小豆沢4丁目,245505.88106893236,1,0.20686454786937358,荒川
板橋区|小豆沢4丁目,245505.88106893236,1,26.12109861100705,荒川
板橋区|小豆沢4丁目,245505.88106893236,2,17381.950950443228,荒川
板橋区|小豆沢4丁目,245505.88106893236,2,3726.1979449306186,荒川
板橋区|小豆沢4丁目,245505.88106893236,2,208.7346168136366,荒川
板橋区|小豆沢4丁目,245505.88106893236,2,51.81655112382268,荒川
板橋区|小豆沢4丁目,245505.88106893236,2,235.0758841810812,荒川
板橋区|小豆沢4丁目,245505.88106893236,2,235.06371843792155,荒川
板橋区|小豆沢4丁目,245505.88106893236,2,130.60484243457353,荒川
板橋区|小豆沢4丁目,245505.88106893236,2,26.12099530419939,荒川
板橋区|小豆沢4丁目,245505.88106893236,3,86976.05380628987,荒川
板橋区|小豆沢4丁目,245505.88106893236,3,50.29028247277896,荒川
板橋区|小豆沢4丁目,245505.88106893236,3,26.114346844381892,荒川
板橋区|小豆沢4丁目,245505.88106893236,3,26.12064244471361,荒川
板橋区|小豆沢4丁目,245505.88106893236,3,26.120222457662,荒川
板橋区|小豆沢4丁目,245505.88106893236,3,4808.87477052496,荒川
板橋区|小豆沢4丁目,245505.88106893236,3,26.120236008712983,荒川
板橋区|小豆沢4丁目,245505.88106893236,3,104.468697595342,荒川
板橋区|小豆沢4丁目,245505.88106893236,3,26.120276706272186,荒川
板橋区|小豆沢4丁目,245505.88106893236,3,52.23437967830638,荒川
板橋区|小豆沢4丁目,245505.88106893236,3,522.3882477152822,荒川
板橋区|小豆沢4丁目,245505.88106893236,3,130.58947505957133,荒川
板橋区|小豆沢4丁目,245505.88106893236,3,26.12038497510124,荒川
板橋区|小豆沢4丁目,245505.88106893236,3,26.120398596821715,荒川
板橋区|小豆沢4丁目,245505.88106893236,3,26.12042558795728,荒川
板橋区|小豆沢4丁目,245505.88106893236,3,26.11418434928862,荒川
板橋区|小豆沢4丁目,245505.88106893236,4,7851.8055803192,荒川
板橋区|小豆沢4丁目,245505.88106893236,4,1096.9665328875992,荒川
板橋区|小豆沢4丁目,245505.88106893236,4,470.13062814728676,荒川
板橋区|小豆沢4丁目,245505.88106893236,4,26.120588296348433,荒川
板橋区|小豆沢4丁目,245505.88106893236,4,966.3885600524319,荒川
板橋区|小豆沢4丁目,245505.88106893236,4,470.12953062715536,荒川
板橋区|小豆沢4丁目,245505.88106893236,4,2455.207527991988,荒川
板橋区|小豆沢4丁目,245505.88106893236,4,2039.774748950891,荒川
板橋区|小豆沢4丁目,245505.88106893236,4,104.47788371496713,荒川
板橋区|小豆沢4丁目,245505.88106893236,4,26.12128400427204,荒川
板橋区|小豆沢4丁目,245505.88106893236,4,63.68464913297646,荒川
板橋区|小豆沢4丁目,245505.88106893236,4,17.963456595412747,荒川
板橋区|西台1丁目,252194.11994514152,1,580.4297231298051,荒川
板橋区|西台1丁目,252194.11994514152,1,73.65124934530867,荒川
板橋区|西台1丁目,252194.11994514152,1,26.116079387514375,荒川
板橋区|西台1丁目,252194.11994514152,1,26.122361602170965,荒川
板橋区|西台1丁目,252194.11994514152,1,104.47719771079078,荒川
板橋区|西台1丁目,252194.11994514152,1,26.1161594401329,荒川
板橋区|西台1丁目,252194.11994514152,1,104.40533065736271,荒川
板橋区|西台1丁目,252194.11994514152,1,467.4570747337484,荒川
板橋区|西台1丁目,252194.11994514152,2,1100.0409750594595,荒川
板橋区|西台2丁目,273123.86103588704,1,52.24442303875206,荒川
板橋区|西台2丁目,273123.86103588704,1,67.38175021061777,荒川
板橋区|西台2丁目,273123.86103588704,1,26.122131413632577,荒川
板橋区|西台2丁目,273123.86103588704,1,835.8126884291402,荒川
板橋区|西台2丁目,273123.86103588704,1,26.121375313300682,荒川
板橋区|西台2丁目,273123.86103588704,1,26.115538178699254,荒川
板橋区|西台2丁目,273123.86103588704,1,26.121483332033307,荒川
板橋区|西台2丁目,273123.86103588704,1,522.3944676323781,荒川
板橋区|西台2丁目,273123.86103588704,1,104.47432294002196,荒川
板橋区|西台2丁目,273123.86103588704,1,26.11531881222177,荒川
板橋区|西台2丁目,273123.86103588704,1,26.529457808457394,荒川
板橋区|西台2丁目,273123.86103588704,1,417.7049154582496,荒川
板橋区|西台2丁目,273123.86103588704,1,26.12168656941347,荒川
板橋区|西台2丁目,273123.86103588704,1,52.23717205458583,荒川
板橋区|西台2丁目,273123.86103588704,1,1.0431141961001742,荒川
板橋区|西台2丁目,273123.86103588704,1,130.60350065724168,荒川
板橋区|西台2丁目,273123.86103588704,1,52.24425814829678,荒川
板橋区|西台2丁目,273123.86103588704,1,574.6524218027203,荒川
板橋区|西台2丁目,273123.86103588704,1,26.115776198386477,荒川
板橋区|西台2丁目,273123.86103588704,1,26.121849559666675,荒川
板橋区|西台2丁目,273123.86103588704,1,342.2554456205753,荒川
板橋区|西台2丁目,273123.86103588704,1,26.322480893142945,荒川
板橋区|西台2丁目,273123.86103588704,2,91566.66899337435,荒川
板橋区|西台2丁目,273123.86103588704,2,391.80124259213653,荒川
板橋区|西台2丁目,273123.86103588704,2,26.121165210156274,荒川
板橋区|西台2丁目,273123.86103588704,2,600.7655693838756,荒川
板橋区|西台2丁目,273123.86103588704,2,52.24284865508144,荒川
板橋区|西台2丁目,273123.86103588704,2,52.23056919293504,荒川
板橋区|西台2丁目,273123.86103588704,2,52.24337380051969,荒川
板橋区|西台2丁目,273123.86103588704,3,44794.5735330078,荒川
板橋区|西台2丁目,273123.86103588704,3,26.11504190898495,荒川
板橋区|西台2丁目,273123.86103588704,3,26.11504225853321,荒川
板橋区|西台2丁目,273123.86103588704,3,26.115364593351025,荒川
板橋区|西台2丁目,273123.86103588704,3,104.48058412706409,荒川
板橋区|西台3丁目,258460.37069203184,1,11.187156640649535,荒川
板橋区|西台3丁目,258460.37069203184,1,78.1528201833178,荒川
板橋区|西台3丁目,258460.37069203184,1,52.23779803252182,荒川
板橋区|西台3丁目,258460.37069203184,1,78.36064011814875,荒川
板橋区|西台3丁目,258460.37069203184,1,78.36053925974366,荒川
板橋区|西台3丁目,258460.37069203184,1,52.244653209094615,荒川
板橋区|西台3丁目,258460.37069203184,1,78.36141993320093,荒川
板橋区|西台3丁目,258460.37069203184,1,26.11645997687923,荒川
板橋区|西台3丁目,258460.37069203184,1,156.73065866744247,荒川
板橋区|西台3丁目,258460.37069203184,1,261.45398025169794,荒川
板橋区|西台3丁目,258460.37069203184,1,104.48329101808919,荒川
板橋区|西台3丁目,258460.37069203184,1,52.23247856862306,荒川
板橋区|西台3丁目,258460.37069203184,1,26.122417761988878,荒川
板橋区|西台3丁目,258460.37069203184,1,78.3610647895037,荒川
板橋区|西台3丁目,258460.37069203184,1,26.122849296420863,荒川
板橋区|西台3丁目,258460.37069203184,1,1044.6152229318177,荒川
板橋区|西台3丁目,258460.37069203184,1,26.116297890013325,荒川
板橋区|西台3丁目,258460.37069203184,1,78.35527000706882,荒川
板橋区|西台3丁目,258460.37069203184,1,0.41415022562502,荒川
板橋区|西台3丁目,258460.37069203184,1,26.12303910800986,荒川
板橋区|西台3丁目,258460.37069203184,1,26.116692561558796,荒川
板橋区|西台3丁目,258460.37069203184,1,26.122661584075285,荒川
板橋区|西台3丁目,258460.37069203184,2,37537.54542286276,荒川
板橋区|西台3丁目,258460.37069203184,2,52.2377673313855,荒川
板橋区|西台3丁目,258460.37069203184,2,52.244111661694035,荒川
板橋区|西台3丁目,258460.37069203184,3,4753.0706762225245,荒川
板橋区|中台2丁目,182932.27376940005,1,1.043584239599619,荒川
板橋区|中台2丁目,182932.27376940005,1,129.5540941513506,荒川
板橋区|中台2丁目,182932.27376940005,1,158.81452785038417,荒川
板橋区|中台2丁目,182932.27376940005,1,633.7607779969097,荒川
板橋区|中台2丁目,182932.27376940005,1,184.07589987262577,荒川
板橋区|中台2丁目,182932.27376940005,1,1.0436062517027922,荒川
板橋区|中台2丁目,182932.27376940005,1,159.99535853109415,荒川
板橋区|中台2丁目,182932.27376940005,1,108.05246510651902,荒川
板橋区|中台2丁目,182932.27376940005,1,78.36606266684846,荒川
板橋区|中台2丁目,182932.27376940005,1,52.24185445937367,荒川
板橋区|中台2丁目,182932.27376940005,1,599.366695615316,荒川
板橋区|中台2丁目,182932.27376940005,2,9281.23249286154,荒川
板橋区|中台2丁目,182932.27376940005,2,231.76721766970388,荒川
板橋区|中台3丁目,284763.48967197904,1,20.652827530961765,荒川
板橋区|中台3丁目,284763.48967197904,1,26.123022650012615,荒川
板橋区|中台3丁目,284763.48967197904,1,392.23011897308874,荒川
板橋区|中台3丁目,284763.48967197904,1,26.12289365232043,荒川
板橋区|中台3丁目,284763.48967197904,1,626.8950413555114,荒川
板橋区|中台3丁目,284763.48967197904,1,78.36367345330211,荒川
板橋区|中台3丁目,284763.48967197904,1,130.60311688666647,荒川
板橋区|中台3丁目,284763.48967197904,1,1274.54188245216,荒川
板橋区|中台3丁目,284763.48967197904,2,19320.434710992147,荒川
板橋区|若木3丁目,139948.02813514325,1,281.1793764248978,荒川
板橋区|若木3丁目,139948.02813514325,1,208.96338590802594,荒川
板橋区|若木3丁目,139948.02813514325,1,26.122761921743965,荒川
板橋区|若木3丁目,139948.02813514325,1,5.470156522313721,荒川
板橋区|若木3丁目,139948.02813514325,1,104.47875943872889,荒川
板橋区|若木3丁目,139948.02813514325,1,26.116561629273814,荒川
板橋区|若木3丁目,139948.02813514325,1,235.9244150350013,荒川
板橋区|若木3丁目,139948.02813514325,1,325.67074563451814,荒川
板橋区|若木3丁目,139948.02813514325,1,26.122693984819534,荒川
板橋区|若木3丁目,139948.02813514325,1,78.36207037355364,荒川
板橋区|若木3丁目,139948.02813514325,2,7616.129645286252,荒川
板橋区|蓮根1丁目,142535.99394781634,1,960.2099519067417,荒川
板橋区|蓮根1丁目,142535.99394781634,1,392.41717998564405,荒川
板橋区|蓮根1丁目,142535.99394781634,1,26.122040743331716,荒川
板橋区|蓮根1丁目,142535.99394781634,1,26.122054070139356,荒川
板橋区|蓮根1丁目,142535.99394781634,1,26.122094301048534,荒川
板橋区|蓮根1丁目,142535.99394781634,1,26.122343068873327,荒川
板橋区|蓮根1丁目,142535.99394781634,1,208.75884625749063,荒川
板橋区|蓮根1丁目,142535.99394781634,1,182.42516568104392,荒川
板橋区|蓮根1丁目,142535.99394781634,1,26.122214304455376,荒川
板橋区|蓮根1丁目,142535.99394781634,1,977.686329851064,荒川
板橋区|蓮根1丁目,142535.99394781634,2,25673.144975542597,荒川
板橋区|蓮根1丁目,142535.99394781634,2,52.24354645403366,荒川
板橋区|蓮根1丁目,142535.99394781634,2,26.115554631728262,荒川
板橋区|蓮根1丁目,142535.99394781634,2,26.122170852812538,荒川
板橋区|蓮根1丁目,142535.99394781634,3,108879.84639029992,荒川
板橋区|蓮根1丁目,142535.99394781634,3,52.24441121356924,荒川
板橋区|蓮根1丁目,142535.99394781634,4,941.5316968893383,荒川
