key,town_area,A31a_205,a,river
品川区|東大井2丁目,179098.20467549813,1,30968.129757622806,多摩川
品川区|東大井2丁目,179098.20467549813,1,26.18017217286356,多摩川
品川区|東大井2丁目,179098.20467549813,1,26.180252440325546,多摩川
品川区|東大井2丁目,179098.20467549813,1,26.17296154903667,多摩川
品川区|東大井2丁目,179098.20467549813,1,78.53313929682834,多摩川
品川区|東大井2丁目,179098.20467549813,1,52.35987786828241,多摩川
品川区|東大井2丁目,179098.20467549813,1,52.35421085100236,多摩川
品川区|東大井2丁目,179098.20467549813,1,26.180226767520324,多摩川
品川区|東大井2丁目,179098.20467549813,1,7321.460254307518,多摩川
品川区|東大井2丁目,179098.20467549813,1,52.3534623394041,多摩川
品川区|東大井2丁目,179098.20467549813,1,26.179812240473517,多摩川
品川区|東大井2丁目,179098.20467549813,1,157.06710903914384,多摩川
品川区|東大井2丁目,179098.20467549813,1,26.173483106001928,多摩川
品川区|東大井2丁目,179098.20467549813,1,52.3537036758313,多摩川
品川区|東大井2丁目,179098.20467549813,1,52.353623340785454,多摩川
品川区|東大井2丁目,179098.20467549813,1,26.17344342977367,多摩川
品川区|東大井2丁目,179098.20467549813,1,26.18002697423456,多摩川
品川区|東大井2丁目,179098.20467549813,1,104.72011738855605,多摩川
品川区|東大井2丁目,179098.20467549813,1,52.34735548346015,多摩川
品川区|東大井2丁目,179098.20467549813,1,78.54005009283235,多摩川
品川区|東大井2丁目,179098.20467549813,2,25.073152578698497,多摩川
品川区|東大井2丁目,179098.20467549813,2,26.180385944858212,多摩川
品川区|東大井2丁目,179098.20467549813,2,26.063566288437645,多摩川
品川区|東大井2丁目,179098.20467549813,2,418.8395371086738,多摩川
品川区|東大井2丁目,179098.20467549813,2,26.180412894833715,多摩川
品川区|東大井2丁目,179098.20467549813,2,78.53774148207647,多摩川
品川区|東大井2丁目,179098.20467549813,2,130.8858647727777,多摩川
品川区|東大井2丁目,179098.20467549813,2,26.17360421310819,多摩川
品川区|東大井2丁目,179098.20467549813,2,26.179704528881693,多摩川
品川区|東大井2丁目,179098.20467549813,2,4764.366786831789,多摩川
品川区|東大井2丁目,179098.20467549813,2,104.71985964869097,多摩川
品川区|東大井2丁目,179098.20467549813,2,26.179891974148,多摩川
品川区|東大井2丁目,179098.20467549813,2,26.17395739659521,多摩川
品川区|東大井2丁目,179098.20467549813,2,52.360453734364505,多摩川
品川区|東大井2丁目,179098.20467549813,2,26.18021357790918,多摩川
品川区|東大井2丁目,179098.20467549813,2,26.179954558053836,多摩川
品川区|東大井2丁目,179098.20467549813,2,261.7765867595287,多摩川
品川区|東大井2丁目,179098.20467549813,2,26.180066866245618,多摩川
品川区|東大井2丁目,179098.20467549813,2,26.18005335487446,多摩川
品川区|東大井2丁目,179098.20467549813,2,26.173757182409172,多摩川
品川区|東大井2丁目,179098.20467549813,2,26.180093504132696,多摩川
品川区|東大井2丁目,179098.20467549813,2,26.17379749047094,多摩川
品川区|東大井2丁目,179098.20467549813,2,78.5400543292063,多摩川
品川区|東大井2丁目,179098.20467549813,2,26.173717664530976,多摩川
品川区|東大井2丁目,179098.20467549813,2,52.359974167383996,多摩川
品川区|東大井2丁目,179098.20467549813,2,26.179973788082037,多摩川
品川区|東大井3丁目,178618.80049728695,1,2128.5723105632082,多摩川
品川区|南大井1丁目,125646.15510711486,1,26.180466991271913,多摩川
品川区|南大井1丁目,125646.15510711486,1,40915.39356316049,多摩川
品川区|南大井1丁目,125646.15510711486,1,26.18026712235766,多摩川
品川区|南大井1丁目,125646.15510711486,1,2591.753607817534,多摩川
品川区|南大井1丁目,125646.15510711486,1,14.759863703639763,多摩川
品川区|南大井1丁目,125646.15510711486,1,0.09128740347001069,多摩川
品川区|南大井1丁目,125646.15510711486,1,6866.093851876537,多摩川
品川区|南大井1丁目,125646.15510711486,1,52.353791102086944,多摩川
品川区|南大井1丁目,125646.15510711486,1,315.23308566778013,多摩川
品川区|南大井1丁目,125646.15510711486,1,25.290359541099193,多摩川
品川区|南大井1丁目,125646.15510711486,1,26.1815615153092,多摩川
品川区|南大井1丁目,125646.15510711486,1,78.53473028740292,多摩川
品川区|南大井1丁目,125646.15510711486,1,26.180294567608954,多摩川
品川区|南大井1丁目,125646.15510711486,1,78.54166463225405,多摩川
品川区|南大井1丁目,125646.15510711486,1,0.6369084335048782,多摩川
品川区|南大井1丁目,125646.15510711486,1,52.33268998087277,多摩川
品川区|南大井1丁目,125646.15510711486,1,602.1165322963279,多摩川
品川区|南大井1丁目,125646.15510711486,1,235.60586784512364,多摩川
品川区|南大井1丁目,125646.15510711486,1,209.4319158569517,多摩川
品川区|南大井1丁目,125646.15510711486,1,26.18129895802432,多摩川
品川区|南大井1丁目,125646.15510711486,1,26.175212041362006,多摩川
品川区|南大井1丁目,125646.15510711486,1,157.07384994115247,多摩川
品川区|南大井1丁目,125646.15510711486,1,1347.1597684026972,多摩川
品川区|南大井1丁目,125646.15510711486,1,26.181154354132985,多摩川
品川区|南大井1丁目,125646.15510711486,1,26.17496286625017,多摩川
品川区|南大井1丁目,125646.15510711486,1,235.5995138472407,多摩川
品川区|南大井1丁目,125646.15510711486,1,418.88074474834815,多摩川
品川区|南大井1丁目,125646.15510711486,1,26.181152870664413,多摩川
品川区|南大井1丁目,125646.15510711486,1,26.181300115787714,多摩川
品川区|南大井1丁目,125646.15510711486,1,26.175003632154933,多摩川
品川区|南大井1丁目,125646.15510711486,1,5417.0086064447105,多摩川
品川区|南大井1丁目,125646.15510711486,1,52.35008802257556,多摩川
品川区|南大井1丁目,125646.15510711486,1,26.175213230121944,多摩川
品川区|南大井1丁目,125646.15510711486,2,21487.19111345478,多摩川
品川区|南大井1丁目,125646.15510711486,2,1099.5006893842003,多摩川
品川区|南大井1丁目,125646.15510711486,2,26.18083770023093,多摩川
品川区|南大井1丁目,125646.15510711486,2,26.18078885080613,多摩川
品川区|南大井1丁目,125646.15510711486,2,26.18077539534667,多摩川
品川区|南大井1丁目,125646.15510711486,2,26.17447904965569,多摩川
品川区|南大井1丁目,125646.15510711486,2,104.71509241696448,多摩川
品川区|南大井1丁目,125646.15510711486,2,2958.135820910581,多摩川
品川区|南大井1丁目,125646.15510711486,2,78.53639287538908,多摩川
品川区|南大井1丁目,125646.15510711486,2,370.4008193977514,多摩川
品川区|南大井1丁目,125646.15510711486,2,26.174921468610606,多摩川
品川区|南大井1丁目,125646.15510711486,2,26.180383341453158,多摩川
品川区|南大井1丁目,125646.15510711486,2,26.180664621409193,多摩川
品川区|南大井1丁目,125646.15510711486,2,2329.885949618386,多摩川
品川区|南大井1丁目,125646.15510711486,2,26.17485011319366,多摩川
品川区|南大井1丁目,125646.15510711486,2,78.53031226930348,多摩川
品川区|南大井1丁目,125646.15510711486,2,26.18103079269016,多摩川
品川区|南大井1丁目,125646.15510711486,2,52.3622886604911,多摩川
品川区|南大井1丁目,125646.15510711486,2,183.26210907994107,多摩川
品川区|南大井1丁目,125646.15510711486,2,26.181097468467062,多摩川
品川区|南大井1丁目,125646.15510711486,2,680.6566169079769,多摩川
品川区|南大井1丁目,125646.15510711486,2,26.18073646588914,多摩川
品川区|南大井1丁目,125646.15510711486,2,157.078327757869,多摩川
品川区|南大井1丁目,125646.15510711486,2,26.18148132244138,多摩川
品川区|南大井1丁目,125646.15510711486,2,209.41594167032787,多摩川
品川区|南大井1丁目,125646.15510711486,2,52.35402642023003,多摩川
品川区|南大井1丁目,125646.15510711486,2,78.53549480709349,多摩川
品川区|南大井1丁目,125646.15510711486,2,26.17460963807278,多摩川
品川区|南大井1丁目,125646.15510711486,2,26.173918809437367,多摩川
品川区|南大井1丁目,125646.15510711486,2,26.18018811538343,多摩川
品川区|南大井1丁目,125646.15510711486,2,52.36065284081849,多摩川
品川区|南大井1丁目,125646.15510711486,2,78.52859672578238,多摩川
品川区|南大井1丁目,125646.15510711486,2,26.180616559112025,多摩川
品川区|南大井1丁目,125646.15510711486,2,78.53709734997715,多摩川
品川区|南大井1丁目,125646.15510711486,2,15.745073532660028,多摩川
品川区|南大井2丁目,84625.83350781293,1,26.175243293437234,多摩川
品川区|南大井2丁目,84625.83350781293,1,51.72611765129539,多摩川
品川区|南大井2丁目,84625.83350781293,1,785.383447811887,多摩川
品川区|南大井2丁目,84625.83350781293,1,52.35686355618872,多摩川
品川区|南大井2丁目,84625.83350781293,1,0.21163892768264453,多摩川
品川区|南大井2丁目,84625.83350781293,1,459.2211047616347,多摩川
品川区|南大井2丁目,84625.83350781293,1,235.61565040914425,多摩川
品川区|南大井2丁目,84625.83350781293,1,261.7922953633591,多摩川
品川区|南大井2丁目,84625.83350781293,1,1.9239176569156615,多摩川
品川区|南大井2丁目,84625.83350781293,1,52.35169356214846,多摩川
品川区|南大井2丁目,84625.83350781293,1,26.182325971608172,多摩川
品川区|南大井2丁目,84625.83350781293,1,26.18210305283087,多摩川
品川区|南大井2丁目,84625.83350781293,1,52.36465685064125,多摩川
品川区|南大井2丁目,84625.83350781293,1,1171.3709261830693,多摩川
品川区|南大井2丁目,84625.83350781293,1,0.02218886332793625,多摩川
品川区|南大井2丁目,84625.83350781293,1,329.8378435418908,多摩川
品川区|南大井2丁目,84625.83350781293,1,261.79567752718475,多摩川
品川区|南大井2丁目,84625.83350781293,1,52.356705844052684,多摩川
品川区|南大井2丁目,84625.83350781293,1,52.3512298940538,多摩川
品川区|南大井2丁目,84625.83350781293,1,26.182004907095887,多摩川
品川区|南大井2丁目,84625.83350781293,1,26.181891711438887,多摩川
品川区|南大井2丁目,84625.83350781293,1,26.182192552732154,多摩川
品川区|南大井2丁目,84625.83350781293,1,78.53962537565711,多摩川
品川区|南大井2丁目,84625.83350781293,1,5484.303054559523,多摩川
品川区|南大井2丁目,84625.83350781293,1,52.3642334581525,多摩川
品川区|南大井2丁目,84625.83350781293,1,26.176176904981617,多摩川
品川区|南大井2丁目,84625.83350781293,1,26.17617678180408,多摩川
品川区|南大井2丁目,84625.83350781293,1,52.364447885277485,多摩川
品川区|南大井2丁目,84625.83350781293,1,18761.375184693472,多摩川
品川区|南大井2丁目,84625.83350781293,1,26.17536548063022,多摩川
品川区|南大井2丁目,84625.83350781293,1,209.43540420458868,多摩川
品川区|南大井2丁目,84625.83350781293,1,183.26057526210232,多摩川
品川区|南大井2丁目,84625.83350781293,1,26.181983408076423,多摩川
品川区|南大井2丁目,84625.83350781293,1,26.18224628483101,多摩川
品川区|南大井2丁目,84625.83350781293,1,26.18239836662847,多摩川
品川区|南大井2丁目,84625.83350781293,1,26.182425059035403,多摩川
品川区|南大井2丁目,84625.83350781293,1,26.176810679573247,多摩川
品川区|南大井2丁目,84625.83350781293,1,52.362936261533854,多摩川
品川区|南大井2丁目,84625.83350781293,1,26.18172450223865,多摩川
品川区|南大井2丁目,84625.83350781293,1,26.175205207661598,多摩川
品川区|南大井2丁目,84625.83350781293,1,26.18162219867464,多摩川
品川区|南大井2丁目,84625.83350781293,1,104.7149775708419,多摩川
品川区|南大井2丁目,84625.83350781293,1,26.181903286664664,多摩川
品川区|南大井2丁目,84625.83350781293,1,26.175372774727613,多摩川
品川区|南大井2丁目,84625.83350781293,1,52.36470395355172,多摩川
品川区|南大井2丁目,84625.83350781293,1,26.17604868407954,多摩川
品川区|南大井2丁目,84625.83350781293,1,10.55033771163817,多摩川
品川区|南大井2丁目,84625.83350781293,1,15.655214403343084,多摩川
品川区|南大井2丁目,84625.83350781293,1,12.349790893306961,多摩川
品川区|南大井2丁目,84625.83350781293,2,47951.02614166405,多摩川
品川区|南大井2丁目,84625.83350781293,2,52.352867101851224,多摩川
品川区|南大井2丁目,84625.83350781293,2,130.9063612019697,多摩川
品川区|南大井2丁目,84625.83350781293,2,130.90736156605595,多摩川
品川区|南大井2丁目,84625.83350781293,2,235.61336374716808,多摩川
品川区|南大井2丁目,84625.83350781293,2,78.54183531181853,多摩川
品川区|南大井2丁目,84625.83350781293,2,10.430011182881415,多摩川
品川区|南大井2丁目,84625.83350781293,2,52.35857146264182,多摩川
品川区|南大井2丁目,84625.83350781293,2,26.18238517053436,多摩川
品川区|南大井2丁目,84625.83350781293,2,26.18294772271016,多摩川
品川区|南大井2丁目,84625.83350781293,2,52.36603810631987,多摩川
品川区|南大井2丁目,84625.83350781293,2,78.53657938241588,多摩川
品川区|南大井2丁目,84625.83350781293,2,71.63219805164911,多摩川
品川区|南大井3丁目,159329.9413303528,1,2395.915261368881,多摩川
品川区|南大井3丁目,159329.9413303528,1,5735.569314687147,多摩川
品川区|南大井3丁目,159329.9413303528,1,26.181983986233597,多摩川
品川区|南大井3丁目,159329.9413303528,1,26.181643004846464,多摩川
品川区|南大井3丁目,159329.9413303528,1,26.181863770142044,多摩川
品川区|南大井3丁目,159329.9413303528,1,26.181823558789148,多摩川
品川区|南大井3丁目,159329.9413303528,1,183.26173178187105,多摩川
品川区|南大井3丁目,159329.9413303528,1,52.35796667118977,多摩川
品川区|南大井3丁目,159329.9413303528,1,52.358474716888495,多摩川
品川区|南大井3丁目,159329.9413303528,1,15.626112622297608,多摩川
品川区|南大井3丁目,159329.9413303528,1,10.527586216296276,多摩川
品川区|南大井3丁目,159329.9413303528,1,13.833179030737194,多摩川
品川区|南大井3丁目,159329.9413303528,1,103.9926034164107,多摩川
品川区|南大井3丁目,159329.9413303528,1,52.36090612921141,多摩川
品川区|南大井3丁目,159329.9413303528,1,26.177173115677455,多摩川
品川区|南大井3丁目,159329.9413303528,1,26.182104903126877,多摩川
品川区|南大井3丁目,159329.9413303528,1,1099.5739998107588,多摩川
品川区|南大井3丁目,159329.9413303528,1,1518.4734523950879,多摩川
品川区|南大井3丁目,159329.9413303528,1,26.17629877236491,多摩川
品川区|南大井3丁目,159329.9413303528,1,1989.7024488377624,多摩川
品川区|南大井3丁目,159329.9413303528,1,26.17573728526716,多摩川
品川区|南大井3丁目,159329.9413303528,1,130.89663584477205,多摩川
品川区|南大井3丁目,159329.9413303528,1,78.53462878631582,多摩川
品川区|南大井3丁目,159329.9413303528,1,78.53655507522963,多摩川
品川区|南大井3丁目,159329.9413303528,1,26.181784382860766,多摩川
品川区|南大井3丁目,159329.9413303528,1,78.53991382577128,多摩川
品川区|南大井3丁目,159329.9413303528,1,26.182105700531423,多摩川
品川区|南大井3丁目,159329.9413303528,1,549.7923652444532,多摩川
品川区|南大井3丁目,159329.9413303528,1,104.72082103554888,多摩川
品川区|南大井3丁目,159329.9413303528,1,52.35812481273844,多摩川
品川区|南大井3丁目,159329.9413303528,1,52.36454641843506,多摩川
品川区|南大井3丁目,159329.9413303528,1,26.182435882146606,多摩川
品川区|南大井3丁目,159329.9413303528,1,52.35805620719579,多摩川
品川区|南大井3丁目,159329.9413303528,1,235.6287211749547,多摩川
品川区|南大井3丁目,159329.9413303528,1,104.72389849932638,多摩川
品川区|南大井3丁目,159329.9413303528,1,26.1824405831701,多摩川
品川区|南大井3丁目,159329.9413303528,1,340.34785567050346,多摩川
品川区|南大井3丁目,159329.9413303528,1,52.365849001712064,多摩川
品川区|南大井3丁目,159329.9413303528,1,78.54843783991338,多摩川
品川区|南大井3丁目,159329.9413303528,1,104.72530852403202,多摩川
品川区|南大井3丁目,159329.9413303528,1,26.17657213270749,多摩川
品川区|南大井3丁目,159329.9413303528,1,209.44679565518402,多摩川
品川区|南大井3丁目,159329.9413303528,1,314.1753662582216,多摩川
品川区|南大井3丁目,159329.9413303528,1,78.54547116946871,多摩川
品川区|南大井3丁目,159329.9413303528,1,209.43060592377162,多摩川
品川区|南大井3丁目,159329.9413303528,1,26.181825385380407,多摩川
品川区|南大井3丁目,159329.9413303528,1,78.53408688476829,多摩川
品川区|南大井3丁目,159329.9413303528,1,287.97512259834593,多摩川
品川区|南大井3丁目,159329.9413303528,1,1073.3865167435379,多摩川
品川区|南大井3丁目,159329.9413303528,1,680.6911348453358,多摩川
品川区|南大井3丁目,159329.9413303528,1,26.182882618516715,多摩川
品川区|南大井3丁目,159329.9413303528,1,340.3500357245817,多摩川
品川区|南大井3丁目,159329.9413303528,1,183.27748272999514,多摩川
品川区|南大井3丁目,159329.9413303528,1,235.61918443048705,多摩川
品川区|南大井3丁目,159329.9413303528,1,130.90148598743096,多摩川
品川区|南大井3丁目,159329.9413303528,1,78.53643893665509,多摩川
品川区|南大井3丁目,159329.9413303528,1,130.90955963691852,多摩川
品川区|南大井3丁目,159329.9413303528,1,130.91667055848606,多摩川
品川区|南大井3丁目,159329.9413303528,1,209.446022402846,多摩川
品川区|南大井3丁目,159329.9413303528,1,26.182321236379963,多摩川
品川区|南大井3丁目,159329.9413303528,1,549.7972396035051,多摩川
品川区|南大井3丁目,159329.9413303528,1,104.72472323183013,多摩川
品川区|南大井3丁目,159329.9413303528,1,235.62650635242974,多摩川
品川区|南大井3丁目,159329.9413303528,1,26.183084163522437,多摩川
品川区|南大井3丁目,159329.9413303528,1,5707.480585003807,多摩川
品川区|南大井3丁目,159329.9413303528,1,26.183231336504022,多摩川
品川区|南大井3丁目,159329.9413303528,1,183.271250965009,多摩川
品川区|南大井3丁目,159329.9413303528,1,235.63115542339466,多摩川
品川区|南大井3丁目,159329.9413303528,1,706.8793094104876,多摩川
品川区|南大井3丁目,159329.9413303528,1,785.4137577107582,多摩川
品川区|南大井3丁目,159329.9413303528,1,26.176653727669713,多摩川
品川区|南大井3丁目,159329.9413303528,1,26.183392271821575,多摩川
品川区|南大井3丁目,159329.9413303528,1,26.17673449689037,多摩川
品川区|南大井3丁目,159329.9413303528,1,43.415386803141345,多摩川
品川区|南大井3丁目,159329.9413303528,2,129755.39715635423,多摩川
品川区|南大井3丁目,159329.9413303528,2,52.3578318978152,多摩川
品川区|南大井3丁目,159329.9413303528,2,52.358126630853405,多摩川
品川区|南大井3丁目,159329.9413303528,2,52.358706228944726,多摩川
品川区|南大井3丁目,159329.9413303528,2,287.9872326588074,多摩川
品川区|南大井3丁目,159329.9413303528,2,26.18312208824721,多摩川
品川区|南大井3丁目,159329.9413303528,2,49.30429409251308,多摩川
品川区|南大井3丁目,159329.9413303528,2,26.18347886322516,多摩川
品川区|南大井3丁目,159329.9413303528,2,52.35897555647525,多摩川
品川区|南大井3丁目,159329.9413303528,2,26.18250679717368,多摩川
品川区|南大井3丁目,159329.9413303528,2,26.183231391788965,多摩川
品川区|南大井3丁目,159329.9413303528,2,78.54919739003351,多摩川
品川区|南大井3丁目,159329.9413303528,2,26.1834818154569,多摩川
品川区|南大井4丁目,127902.29240763166,1,7322.5118000398215,多摩川
品川区|南大井4丁目,127902.29240763166,1,26.17379872450617,多摩川
品川区|南大井4丁目,127902.29240763166,1,26.173798620261277,多摩川
品川区|南大井4丁目,127902.29240763166,1,26.18011106757435,多摩川
品川区|南大井4丁目,127902.29240763166,1,27599.355098756012,多摩川
品川区|南大井4丁目,127902.29240763166,1,26.181524212552908,多摩川
品川区|南大井4丁目,127902.29240763166,1,392.68457793052426,多摩川
品川区|南大井4丁目,127902.29240763166,1,1099.5573698218323,多摩川
品川区|南大井4丁目,127902.29240763166,1,130.89659420754109,多摩川
品川区|南大井4丁目,127902.29240763166,1,26.17452350272722,多摩川
品川区|南大井4丁目,127902.29240763166,1,78.53152114479659,多摩川
品川区|南大井4丁目,127902.29240763166,1,52.35615320250167,多摩川
品川区|南大井4丁目,127902.29240763166,1,157.077242706406,多摩川
品川区|南大井4丁目,127902.29240763166,1,445.06108527104334,多摩川
品川区|南大井4丁目,127902.29240763166,1,52.3631350916191,多摩川
品川区|南大井4丁目,127902.29240763166,1,78.54464321080198,多摩川
品川区|南大井4丁目,127902.29240763166,1,52.363550377729005,多摩川
品川区|南大井4丁目,127902.29240763166,1,52.36283531860502,多摩川
品川区|南大井4丁目,127902.29240763166,1,52.35660326657627,多摩川
品川区|南大井4丁目,127902.29240763166,1,26.181503337235903,多摩川
品川区|南大井4丁目,127902.29240763166,1,157.0651641961913,多摩川
品川区|南大井4丁目,127902.29240763166,1,26.181276115552798,多摩川
品川区|南大井4丁目,127902.29240763166,1,209.43859484817176,多摩川
品川区|南大井4丁目,127902.29240763166,1,104.7262999770675,多摩川
品川区|南大井4丁目,127902.29240763166,1,26.181323434773752,多摩川
品川区|南大井4丁目,127902.29240763166,1,235.6161708413774,多摩川
品川区|南大井4丁目,127902.29240763166,2,27549.252197501035,多摩川
品川区|南大井4丁目,127902.29240763166,2,52.35616697518555,多摩川
品川区|南大井4丁目,127902.29240763166,2,340.322364106748,多摩川
品川区|南大井4丁目,127902.29240763166,2,26.180980040920147,多摩川
品川区|南大井4丁目,127902.29240763166,2,183.25564219429856,多摩川
品川区|南大井4丁目,127902.29240763166,2,26.1807793764955,多摩川
品川区|南大井4丁目,127902.29240763166,2,26.181712587935777,多摩川
品川区|南大井4丁目,127902.29240763166,2,78.53752246447893,多摩川
品川区|南大井4丁目,127902.29240763166,2,26.18078785698612,多摩川
品川区|南大井5丁目,148496.96525144752,1,25742.062592909057,多摩川
品川区|南大井5丁目,148496.96525144752,1,26.181686935304775,多摩川
品川区|南大井5丁目,148496.96525144752,1,26.181598413545423,多摩川
品川区|南大井5丁目,148496.96525144752,2,7201.876822040966,多摩川
品川区|南大井5丁目,148496.96525144752,2,26.181116254807854,多摩川
品川区|南大井5丁目,148496.96525144752,2,104.72485805193116,多摩川
品川区|南大井5丁目,148496.96525144752,2,26.17501625728964,多摩川
品川区|南大井5丁目,148496.96525144752,2,52.357002835551526,多摩川
品川区|南大井5丁目,148496.96525144752,2,52.36254173283884,多摩川
品川区|南大井5丁目,148496.96525144752,2,26.181224013828107,多摩川
品川区|南大井5丁目,148496.96525144752,2,26.181513770130984,多摩川
品川区|南大井5丁目,148496.96525144752,2,26.175007720424716,多摩川
品川区|南大井5丁目,148496.96525144752,2,26.181464891919873,多摩川
品川区|南大井5丁目,148496.96525144752,2,78.53865060708863,多摩川
品川区|南大井5丁目,148496.96525144752,2,52.356365941269004,多摩川
品川区|南大井5丁目,148496.96525144752,2,104.71943874482163,多摩川
品川区|南大井5丁目,148496.96525144752,2,104.71936566954723,多摩川
品川区|南大井5丁目,148496.96525144752,2,26.18176897536697,多摩川
品川区|南大井6丁目,197096.29265135454,1,55461.47496065096,多摩川
品川区|南大井6丁目,197096.29265135454,1,28350.921865024775,多摩川
品川区|南大井6丁目,197096.29265135454,1,1701.6941959371313,多摩川
品川区|南大井6丁目,197096.29265135454,1,26.1755293890896,多摩川
品川区|南大井6丁目,197096.29265135454,1,26.175698705476997,多摩川
品川区|南大井6丁目,197096.29265135454,1,130.9026820340717,多摩川
品川区|南大井6丁目,197096.29265135454,1,52.3574353444269,多摩川
品川区|南大井6丁目,197096.29265135454,1,1675.5220992290645,多摩川
品川区|南大井6丁目,197096.29265135454,1,1387.5329780485947,多摩川
品川区|南大井6丁目,197096.29265135454,1,78.53411707520439,多摩川
品川区|南大井6丁目,197096.29265135454,1,26.175811100950483,多摩川
品川区|南大井6丁目,197096.29265135454,1,78.53510218160882,多摩川
品川区|南大井6丁目,197096.29265135454,1,2958.418987359379,多摩川
品川区|南大井6丁目,197096.29265135454,1,26.182598682393063,多摩川
品川区|南大井6丁目,197096.29265135454,1,26.182799321650187,多摩川
品川区|南大井6丁目,197096.29265135454,1,314.170467093288,多摩川
品川区|南大井6丁目,197096.29265135454,1,26.176574323852925,多摩川
品川区|南大井6丁目,197096.29265135454,1,1937.3771380891073,多摩川
品川区|南大井6丁目,197096.29265135454,1,26.176494086064174,多摩川
品川区|南大井6丁目,197096.29265135454,1,26.182924893252597,多摩川
品川区|南大井6丁目,197096.29265135454,1,8.951769898265365,多摩川
品川区|南大井6丁目,197096.29265135454,1,26.18194852798447,多摩川
品川区|南大井6丁目,197096.29265135454,1,104.71776826157102,多摩川
品川区|南大井6丁目,197096.29265135454,1,26.182523946367482,多摩川
品川区|南大井6丁目,197096.29265135454,1,26.182631037409685,多摩川
品川区|南大井6丁目,197096.29265135454,1,104.71854676529348,多摩川
品川区|南大井6丁目,197096.29265135454,1,26.182751966389063,多摩川
品川区|南大井6丁目,197096.29265135454,1,26.182921195748023,多摩川
品川区|南大井6丁目,197096.29265135454,1,26.17641494121683,多摩川
品川区|南大井6丁目,197096.29265135454,1,52.365633276213735,多摩川
品川区|南大井6丁目,197096.29265135454,1,52.35251659268575,多摩川
品川区|南大井6丁目,197096.29265135454,1,26.176415554476527,多摩川
品川区|南大井6丁目,197096.29265135454,2,37496.269323827175,多摩川
品川区|南大井6丁目,197096.29265135454,2,26.181986793413976,多摩川
品川区|南大井6丁目,197096.29265135454,2,26.181679190624784,多摩川
品川区|南大井6丁目,197096.29265135454,2,78.54057526253484,多摩川
品川区|南大井6丁目,197096.29265135454,2,26.182321698201804,多摩川
品川区|南大井6丁目,197096.29265135454,2,26.18212131585278,多摩川
品川区|南大井6丁目,197096.29265135454,2,26.182188788984767,多摩川
品川区|南大井6丁目,197096.29265135454,2,26.175787348848587,多摩川
品川区|南大井6丁目,197096.29265135454,2,26.182558734407912,多摩川
品川区|南大井6丁目,197096.29265135454,2,26.182389288935987,多摩川
品川区|南大井6丁目,197096.29265135454,2,52.35218587610297,多摩川
品川区|南大井6丁目,197096.29265135454,2,104.73247569852427,多摩川
品川区|南大井6丁目,197096.29265135454,2,26.182001524999926,多摩川
品川区|南大井6丁目,197096.29265135454,2,130.8998194751202,多摩川
品川区|南大井6丁目,197096.29265135454,2,52.36500221199471,多摩川
品川区|南大井6丁目,197096.29265135454,2,26.182590465954327,多摩川
品川区|南大井6丁目,197096.29265135454,2,26.182920326416294,多摩川
品川区|南大井6丁目,197096.29265135454,2,52.366559680696106,多摩川
品川区|南大井6丁目,197096.29265135454,2,26.182550588723764,多摩川
品川区|南大井6丁目,197096.29265135454,2,52.359952384854665,多摩川
品川区|南大井6丁目,197096.29265135454,2,78.52966588855838,多摩川
品川区|南大井6丁目,197096.29265135454,2,26.183122521783957,多摩川
品川区|南大井6丁目,197096.29265135454,2,52.366932162204655,多摩川
品川区|南大井6丁目,197096.29265135454,2,52.36070235135274,多摩川
品川区|南大井6丁目,197096.29265135454,2,209.43700083317722,多摩川
品川区|南大井6丁目,197096.29265135454,2,52.3656662320451,多摩川
品川区|勝島3丁目,128646.7997004356,1,211.1287866260176,多摩川
品川区|勝島3丁目,128646.7997004356,1,11.415057701883526,多摩川
品川区|勝島3丁目,128646.7997004356,1,26.089589371096427,多摩川
品川区|勝島3丁目,128646.7997004356,1,26.17488112033598,多摩川
品川区|勝島3丁目,128646.7997004356,1,77.45626980734635,多摩川
品川区|勝島3丁目,128646.7997004356,1,0.8910325551351523,多摩川
品川区|勝島3丁目,128646.7997004356,1,0.02401233746201775,多摩川
品川区|勝島3丁目,128646.7997004356,1,78.32725970341443,多摩川
品川区|勝島3丁目,128646.7997004356,1,104.72078919392798,多摩川
品川区|勝島3丁目,128646.7997004356,1,78.539542021203,多摩川
品川区|勝島3丁目,128646.7997004356,1,392.69979400932533,多摩川
品川区|勝島3丁目,128646.7997004356,1,52.35862181944761,多摩川
品川区|勝島3丁目,128646.7997004356,1,102.8047295359575,多摩川
品川区|勝島3丁目,128646.7997004356,1,26.18227695308795,多摩川
品川区|勝島3丁目,128646.7997004356,1,52.364435409030534,多摩川
品川区|勝島3丁目,128646.7997004356,1,130.89261031426702,多摩川
品川区|勝島3丁目,128646.7997004356,1,26.182223222284364,多摩川
品川区|勝島3丁目,128646.7997004356,1,268.5326333650288,多摩川
品川区|勝島3丁目,128646.7997004356,1,104.70132751969982,多摩川
品川区|勝島3丁目,128646.7997004356,1,826.8572710646729,多摩川
品川区|勝島3丁目,128646.7997004356,2,1395.6579145476303,多摩川
品川区|勝島3丁目,128646.7997004356,2,100.81578068360237,多摩川
品川区|勝島3丁目,128646.7997004356,2,523.608096959116,多摩川
大田区|大森東1丁目,264192.96967381507,1,78.54362270881718,多摩川
大田区|大森東1丁目,264192.96967381507,1,41345.80786473999,多摩川
大田区|大森東1丁目,264192.96967381507,1,52.373566016098266,多摩川
大田区|大森東1丁目,264192.96967381507,1,130.9374119650204,多摩川
大田区|大森東1丁目,264192.96967381507,1,26.181088422915167,多摩川
大田区|大森東1丁目,264192.96967381507,1,52.3743291785548,多摩川
大田区|大森東1丁目,264192.96967381507,1,4.6730601545923784,多摩川
大田区|大森東1丁目,264192.96967381507,1,52.374723943918156,多摩川
大田区|大森東1丁目,264192.96967381507,1,784.2572957500759,多摩川
大田区|大森東1丁目,264192.96967381507,1,386.7861812925769,多摩川
大田区|大森東1丁目,264192.96967381507,1,26.18647246732823,多摩川
大田区|大森東1丁目,264192.96967381507,1,104.73557934299085,多摩川
大田区|大森東1丁目,264192.96967381507,1,26.180728154608875,多摩川
大田区|大森東1丁目,264192.96967381507,1,26.187026001973706,多摩川
大田区|大森東1丁目,264192.96967381507,1,4032.5035686996157,多摩川
大田区|大森東1丁目,264192.96967381507,1,3901.5883971998933,多摩川
大田区|大森東1丁目,264192.96967381507,1,209.4691323043714,多摩川
大田区|大森東1丁目,264192.96967381507,1,26.186357769950206,多摩川
大田区|大森東1丁目,264192.96967381507,1,26.186424738730395,多摩川
大田区|大森東1丁目,264192.96967381507,1,52.36025402968594,多摩川
大田区|大森東1丁目,264192.96967381507,1,130.91988468563625,多摩川
大田区|大森東1丁目,264192.96967381507,1,52.37302330148232,多摩川
大田区|大森東1丁目,264192.96967381507,1,52.373250696470556,多摩川
大田区|大森東1丁目,264192.96967381507,1,52.3747098872522,多摩川
大田区|大森東1丁目,264192.96967381507,1,26.186846873595925,多摩川
大田区|大森東1丁目,264192.96967381507,1,26.187147660944284,多摩川
大田区|大森東1丁目,264192.96967381507,1,26.18771841445393,多摩川
大田区|大森東1丁目,264192.96967381507,1,130.93766466235064,多摩川
大田区|大森東1丁目,264192.96967381507,1,157.11400135057025,多摩川
大田区|大森東1丁目,264192.96967381507,1,26.186761547502357,多摩川
大田区|大森東1丁目,264192.96967381507,1,52.37373353113968,多摩川
大田区|大森東1丁目,264192.96967381507,1,104.72828377534736,多摩川
大田区|大森東1丁目,264192.96967381507,1,26.18676217948201,多摩川
大田区|大森東1丁目,264192.96967381507,1,837.356157733364,多摩川
大田区|大森東1丁目,264192.96967381507,2,52.375166448074395,多摩川
大田区|大森東1丁目,264192.96967381507,2,209.47540291493377,多摩川
大田区|大森東1丁目,264192.96967381507,2,129.17402463337632,多摩川
大田区|大森東1丁目,264192.96967381507,2,52.36847283204097,多摩川
大田区|大森東1丁目,264192.96967381507,2,52.3624154568092,多摩川
大田区|大森東1丁目,264192.96967381507,2,78.54275067972102,多摩川
大田区|大森東1丁目,264192.96967381507,2,101.81915014433667,多摩川
大田区|大森東1丁目,264192.96967381507,2,26.187327843676044,多摩川
大田区|大森東1丁目,264192.96967381507,2,133863.54962997406,多摩川
大田区|大森東1丁目,264192.96967381507,2,101.46259722194185,多摩川
大田区|大森東1丁目,264192.96967381507,2,49.39849106718513,多摩川
大田区|大森東1丁目,264192.96967381507,2,26.180486747910436,多摩川
大田区|大森東1丁目,264192.96967381507,2,26.180486501821257,多摩川
大田区|大森東1丁目,264192.96967381507,2,97.0162520583658,多摩川
大田区|大森東1丁目,264192.96967381507,2,26.1873197904172,多摩川
大田区|大森東1丁目,264192.96967381507,2,104.74976399127716,多摩川
大田区|大森東1丁目,264192.96967381507,2,211.98795283578835,多摩川
大田区|大森東1丁目,264192.96967381507,2,26.18662488223398,多摩川
大田区|大森東1丁目,264192.96967381507,2,26.187347424011868,多摩川
大田区|大森東1丁目,264192.96967381507,2,26.187160471500007,多摩川
大田区|大森東1丁目,264192.96967381507,2,26.187356532237686,多摩川
大田区|大森東1丁目,264192.96967381507,2,52.374087192946085,多摩川
大田区|大森東1丁目,264192.96967381507,2,26.18088949685292,多摩川
大田区|大森東1丁目,264192.96967381507,2,26.181099137387704,多摩川
大田区|大森東2丁目,136581.1196737188,1,86.5993605586749,多摩川
大田区|大森東2丁目,136581.1196737188,1,0.8247860082352864,多摩川
大田区|大森東2丁目,136581.1196737188,1,78.55146832737942,多摩川
大田区|大森東2丁目,136581.1196737188,1,130.9343308634735,多摩川
大田区|大森東2丁目,136581.1196737188,1,235.66451497042496,多摩川
大田区|大森東2丁目,136581.1196737188,1,26.187683927060235,多摩川
大田区|大森東2丁目,136581.1196737188,1,78.55293867840416,多摩川
大田区|大森東2丁目,136581.1196737188,1,1145.0188560254742,多摩川
大田区|大森東2丁目,136581.1196737188,1,26.181615997840836,多摩川
大田区|大森東2丁目,136581.1196737188,1,78.55205120461054,多摩川
大田区|大森東2丁目,136581.1196737188,1,18.02448754596269,多摩川
大田区|大森東2丁目,136581.1196737188,2,129785.17828188943,多摩川
大田区|大森東2丁目,136581.1196737188,2,83.89959097732978,多摩川
大田区|大森東3丁目,236672.30485800546,1,26.182659431397845,多摩川
大田区|大森東3丁目,236672.30485800546,1,26.1887213398656,多摩川
大田区|大森東3丁目,236672.30485800546,1,26.18870787679934,多摩川
大田区|大森東3丁目,236672.30485800546,1,26.182490320575454,多摩川
大田区|大森東3丁目,236672.30485800546,1,27024.353134079996,多摩川
大田区|大森東3丁目,236672.30485800546,1,26.18856126648578,多摩川
大田区|大森東3丁目,236672.30485800546,1,78.55389042556406,多摩川
大田区|大森東3丁目,236672.30485800546,1,26.188802069620372,多摩川
大田区|大森東3丁目,236672.30485800546,1,26.18827468476758,多摩川
大田区|大森東3丁目,236672.30485800546,1,5499.022639854864,多摩川
大田区|大森東3丁目,236672.30485800546,1,26.188322391599407,多摩川
大田区|大森東3丁目,236672.30485800546,1,183.30346355932346,多摩川
大田区|大森東3丁目,236672.30485800546,1,26.188242662671847,多摩川
大田区|大森東3丁目,236672.30485800546,1,26.188523753570216,多摩川
大田区|大森東3丁目,236672.30485800546,1,3325.7242269739354,多摩川
大田区|大森東3丁目,236672.30485800546,1,26.182702529181007,多摩川
大田区|大森東3丁目,236672.30485800546,1,1066.8787589485369,多摩川
大田区|大森東3丁目,236672.30485800546,1,104.7463662651244,多摩川
大田区|大森東3丁目,236672.30485800546,1,26.1889608721269,多摩川
大田区|大森東3丁目,236672.30485800546,1,130.93793580919865,多摩川
大田区|大森東3丁目,236672.30485800546,1,445.1602321048672,多摩川
大田区|大森東3丁目,236672.30485800546,1,183.30236807481702,多摩川
大田区|大森東3丁目,236672.30485800546,1,26.181611022992424,多摩川
大田区|大森東3丁目,236672.30485800546,1,288.0441141315882,多摩川
大田区|大森東3丁目,236672.30485800546,1,2382.9468603397668,多摩川
大田区|大森東3丁目,236672.30485800546,1,26.1878911615333,多摩川
大田区|大森東3丁目,236672.30485800546,1,104.7397049292342,多摩川
大田区|大森東3丁目,236672.30485800546,1,26.187989386151273,多摩川
大田区|大森東3丁目,236672.30485800546,1,157.11815865439428,多摩川
大田区|大森東3丁目,236672.30485800546,1,78.56350150555488,多摩川
大田区|大森東3丁目,236672.30485800546,1,78.55107448647271,多摩川
大田区|大森東3丁目,236672.30485800546,1,26.181531122695326,多摩川
大田区|大森東3丁目,236672.30485800546,1,471.3576949900925,多摩川
大田区|大森東3丁目,236672.30485800546,1,52.375371024309196,多摩川
大田区|大森東3丁目,236672.30485800546,1,26.187949499147244,多摩川
大田区|大森東3丁目,236672.30485800546,1,52.36968152068583,多摩川
大田区|大森東3丁目,236672.30485800546,1,26.181821294157857,多摩川
大田区|大森東3丁目,236672.30485800546,1,51.551189753304335,多摩川
大田区|大森東3丁目,236672.30485800546,1,26.187609066455828,多摩川
大田区|大森東3丁目,236672.30485800546,1,26.18790986602847,多摩川
大田区|大森東3丁目,236672.30485800546,1,26.18797018046182,多摩川
大田区|大森東3丁目,236672.30485800546,1,26.188139628379318,多摩川
大田区|大森東3丁目,236672.30485800546,1,26.187909990639355,多摩川
大田区|大森東3丁目,236672.30485800546,1,418.99114188807147,多摩川
大田区|大森東3丁目,236672.30485800546,1,26.188767131505543,多摩川
大田区|大森東3丁目,236672.30485800546,1,3008.1312682826856,多摩川
大田区|大森東3丁目,236672.30485800546,1,209.49395259155077,多摩川
大田区|大森東3丁目,236672.30485800546,1,1230.7821473919992,多摩川
大田区|大森東3丁目,236672.30485800546,1,26.188794512269094,多摩川
大田区|大森東3丁目,236672.30485800546,1,78.56675743020577,多摩川
大田区|大森東3丁目,236672.30485800546,1,26.18877439538435,多摩川
大田区|大森東3丁目,236672.30485800546,1,26.188754559550667,多摩川
大田区|大森東3丁目,236672.30485800546,1,52.37171470370872,多摩川
大田区|大森東3丁目,236672.30485800546,1,26.18895519207433,多摩川
大田区|大森東3丁目,236672.30485800546,1,104.74359440211528,多摩川
大田区|大森東3丁目,236672.30485800546,1,52.371826165186015,多摩川
大田区|大森東3丁目,236672.30485800546,1,549.9304402137298,多摩川
大田区|大森東3丁目,236672.30485800546,1,52.37185369662988,多摩川
大田区|大森東3丁目,236672.30485800546,1,392.8128769541762,多摩川
大田区|大森東3丁目,236672.30485800546,1,78.5667909927195,多摩川
大田区|大森東3丁目,236672.30485800546,1,52.37736507914501,多摩川
大田区|大森東3丁目,236672.30485800546,2,153769.2211491007,多摩川
大田区|大森東3丁目,236672.30485800546,2,26.182491523689308,多摩川
大田区|大森東3丁目,236672.30485800546,2,26.188429041141468,多摩川
大田区|大森東3丁目,236672.30485800546,2,61.842881008027135,多摩川
大田区|大森東3丁目,236672.30485800546,2,123.08207388833983,多摩川
大田区|大森東3丁目,236672.30485800546,2,209.47640439539376,多摩川
大田区|大森東3丁目,236672.30485800546,2,52.375363120095464,多摩川
大田区|大森東3丁目,236672.30485800546,2,26.188765113842308,多摩川
大田区|大森東3丁目,236672.30485800546,2,26.182453696097156,多摩川
大田区|大森東3丁目,236672.30485800546,2,26.188179757179576,多摩川
大田区|大森東3丁目,236672.30485800546,2,78.55378570223547,多摩川
大田区|大森東3丁目,236672.30485800546,2,13.359117075159478,多摩川
大田区|大森東4丁目,189420.77161054552,1,157.13693973880424,多摩川
大田区|大森東4丁目,189420.77161054552,1,12520.945584705993,多摩川
大田区|大森東4丁目,189420.77161054552,1,1309.3766268785396,多摩川
大田区|大森東4丁目,189420.77161054552,1,52.379286240223905,多摩川
大田区|大森東4丁目,189420.77161054552,1,26.18947621985634,多摩川
大田区|大森東4丁目,189420.77161054552,1,52.372523066416015,多摩川
大田区|大森東4丁目,189420.77161054552,1,26.18951642490404,多摩川
大田区|大森東4丁目,189420.77161054552,1,209.49858019300515,多摩川
大田区|大森東4丁目,189420.77161054552,1,52.3788730060029,多摩川
大田区|大森東4丁目,189420.77161054552,1,52.36656603863383,多摩川
大田区|大森東4丁目,189420.77161054552,1,26.18932293569656,多摩川
大田区|大森東4丁目,189420.77161054552,1,26.18354835057682,多摩川
大田区|大森東4丁目,189420.77161054552,1,104.75268749529465,多摩川
大田区|大森東4丁目,189420.77161054552,1,26.18979784737899,多摩川
大田区|大森東4丁目,189420.77161054552,1,209.50100835719988,多摩川
大田区|大森東4丁目,189420.77161054552,1,392.8181782448042,多摩川
大田区|大森東4丁目,189420.77161054552,1,2880.633875987711,多摩川
大田区|大森東4丁目,189420.77161054552,1,2723.529171638198,多摩川
大田区|大森東4丁目,189420.77161054552,1,78.57018798802075,多摩川
大田区|大森東4丁目,189420.77161054552,1,157.13587901159457,多摩川
大田区|大森東4丁目,189420.77161054552,1,14.03574064184679,多摩川
大田区|大森東4丁目,189420.77161054552,1,78.57157009120027,多摩川
大田区|大森東4丁目,189420.77161054552,1,688.9897579953397,多摩川
大田区|大森東4丁目,189420.77161054552,1,52.37402059898363,多摩川
大田区|大森東4丁目,189420.77161054552,1,52.37459996464104,多摩川
大田区|大森東4丁目,189420.77161054552,1,26.189771859885923,多摩川
大田区|大森東4丁目,189420.77161054552,1,104.75330897069418,多摩川
大田区|大森東4丁目,189420.77161054552,1,6.611618601701865,多摩川
大田区|大森東4丁目,189420.77161054552,1,5.0432035896193584e-05,多摩川
大田区|大森東4丁目,189420.77161054552,1,8.68433060942934,多摩川
大田区|大森東4丁目,189420.77161054552,1,26.189691926418746,多摩川
大田区|大森東4丁目,189420.77161054552,2,42506.13084903051,多摩川
大田区|大森東4丁目,189420.77161054552,2,120549.7366493872,多摩川
大田区|大森東4丁目,189420.77161054552,2,12.823780826249319,多摩川
大田区|大森東4丁目,189420.77161054552,2,26.183227533557364,多摩川
大田区|大森東4丁目,189420.77161054552,2,130.92785191176512,多摩川
大田区|大森東4丁目,189420.77161054552,2,26.18970040119152,多摩川
大田区|大森東4丁目,189420.77161054552,2,26.189651420577064,多摩川
大田区|大森東4丁目,189420.77161054552,2,26.189972476719397,多摩川
大田区|大森東4丁目,189420.77161054552,2,78.55580599756635,多摩川
大田区|大森東4丁目,189420.77161054552,2,26.189292892488083,多摩川
大田区|大森東4丁目,189420.77161054552,2,26.183099235118135,多摩川
大田区|大森東4丁目,189420.77161054552,2,26.189317685217212,多摩川
大田区|大森東5丁目,161152.73201840298,1,2042.6032587229301,多摩川
大田区|大森東5丁目,161152.73201840298,1,26.189396726231635,多摩川
大田区|大森東5丁目,161152.73201840298,1,26.18288898845705,多摩川
大田区|大森東5丁目,161152.73201840298,1,209.5003952231825,多摩川
大田区|大森東5丁目,161152.73201840298,1,340.4208728884521,多摩川
大田区|大森東5丁目,161152.73201840298,1,26.189348275530232,多摩川
大田区|大森東5丁目,161152.73201840298,1,26.18313031827598,多摩川
大田区|大森東5丁目,161152.73201840298,1,52.37805504389994,多摩川
大田区|大森東5丁目,161152.73201840298,1,26.18898729978909,多摩川
大田区|大森東5丁目,161152.73201840298,1,26.182689112966266,多摩川
大田区|大森東5丁目,161152.73201840298,1,26.18942894829092,多摩川
大田区|大森東5丁目,161152.73201840298,1,209.49739701216677,多摩川
大田区|大森東5丁目,161152.73201840298,1,26.189442386564146,多摩川
大田区|大森東5丁目,161152.73201840298,1,26.18896106227507,多摩川
大田区|大森東5丁目,161152.73201840298,1,130.94498728964746,多摩川
大田区|大森東5丁目,161152.73201840298,1,26.18264941262479,多摩川
大田区|大森東5丁目,161152.73201840298,1,26.182649235450217,多摩川
大田区|大森東5丁目,161152.73201840298,1,26.188907554255593,多摩川
大田区|大森東5丁目,161152.73201840298,1,26.18911682359149,多摩川
大田区|大森東5丁目,161152.73201840298,1,26.189330931976684,多摩川
大田区|大森東5丁目,161152.73201840298,1,314.2343672646379,多摩川
大田区|大森東5丁目,161152.73201840298,1,52.37180707550351,多摩川
大田区|大森東5丁目,161152.73201840298,1,52.37167764507484,多摩川
大田区|大森東5丁目,161152.73201840298,1,45.932860569280095,多摩川
大田区|大森東5丁目,161152.73201840298,1,2828.1777916631986,多摩川
大田区|大森東5丁目,161152.73201840298,1,52.36506039006629,多摩川
大田区|大森東5丁目,161152.73201840298,1,26.182651195017808,多摩川
大田区|大森東5丁目,161152.73201840298,1,26.182612647831004,多摩川
大田区|大森東5丁目,161152.73201840298,2,146571.82118028082,多摩川
大田区|大森東5丁目,161152.73201840298,2,52.37249939423832,多摩川
大田区|大森東5丁目,161152.73201840298,2,78.56793615790303,多摩川
大田区|大森東5丁目,161152.73201840298,2,26.188947432092164,多摩川
大田区|大森南1丁目,140884.87567524408,1,81.02249703757451,多摩川
大田区|大森南1丁目,140884.87567524408,1,209.50597435979924,多摩川
大田区|大森南1丁目,140884.87567524408,1,2931.0448372623964,多摩川
大田区|大森南1丁目,140884.87567524408,1,26.190507038552578,多摩川
大田区|大森南1丁目,140884.87567524408,1,12.148454564241746,多摩川
大田区|大森南1丁目,140884.87567524408,1,26.19053377045537,多摩川
大田区|大森南1丁目,140884.87567524408,1,26.184315363068986,多摩川
大田区|大森南1丁目,140884.87567524408,1,314.0163662395904,多摩川
大田区|大森南1丁目,140884.87567524408,1,26.19066742859242,多摩川
大田区|大森南1丁目,140884.87567524408,1,26.190654098902883,多摩川
大田区|大森南1丁目,140884.87567524408,1,46.331628318495554,多摩川
大田区|大森南1丁目,140884.87567524408,1,2.50981692013704,多摩川
大田区|大森南1丁目,140884.87567524408,2,130651.84892820384,多摩川
大田区|大森南1丁目,140884.87567524408,2,261.88148361085143,多摩川
大田区|大森南1丁目,140884.87567524408,2,52.38363299473795,多摩川
大田区|大森南2丁目,187457.59462484493,1,85.58071515963849,多摩川
大田区|大森南2丁目,187457.59462484493,1,26.18558943444527,多摩川
大田区|大森南2丁目,187457.59462484493,1,235.71438637107198,多摩川
大田区|大森南2丁目,187457.59462484493,1,52.37737806746237,多摩川
大田区|大森南2丁目,187457.59462484493,1,52.37738167516392,多摩川
大田区|大森南2丁目,187457.59462484493,1,78.57566385983215,多摩川
大田区|大森南2丁目,187457.59462484493,1,26.191853798568278,多摩川
大田区|大森南2丁目,187457.59462484493,1,76.12290812699378,多摩川
大田区|大森南2丁目,187457.59462484493,2,175179.59389905806,多摩川
大田区|大森南2丁目,187457.59462484493,2,26.19186816711057,多摩川
大田区|大森南3丁目,179301.08800327065,2,154531.08723364727,多摩川
大田区|大森南3丁目,179301.08800327065,2,24769.614055969407,多摩川
大田区|大森南4丁目,142817.66797881416,1,5.007759331315485,多摩川
大田区|大森南4丁目,142817.66797881416,1,26.1838221318161,多摩川
大田区|大森南4丁目,142817.66797881416,1,549.9399662236301,多摩川
大田区|大森南4丁目,142817.66797881416,1,26.19029029046091,多摩川
大田区|大森南4丁目,142817.66797881416,1,838.034859951876,多摩川
大田区|大森南4丁目,142817.66797881416,1,26.189713213950895,多摩川
大田区|大森南4丁目,142817.66797881416,1,26.183938534827504,多摩川
大田区|大森南4丁目,142817.66797881416,1,26.183608903598063,多摩川
大田区|大森南4丁目,142817.66797881416,1,26.18988056631249,多摩川
大田区|大森南4丁目,142817.66797881416,1,78.5630019019488,多摩川
大田区|大森南4丁目,142817.66797881416,1,52.37982801764276,多摩川
大田区|大森南4丁目,142817.66797881416,1,288.05825747803436,多摩川
大田区|大森南4丁目,142817.66797881416,1,26.190197206073382,多摩川
大田区|大森南4丁目,142817.66797881416,1,26.183488674827583,多摩川
大田区|大森南4丁目,142817.66797881416,1,26.18964039569446,多摩川
大田区|大森南4丁目,142817.66797881416,1,52.37324980452443,多摩川
大田区|大森南4丁目,142817.66797881416,1,26.189809952606197,多摩川
大田区|大森南4丁目,142817.66797881416,1,26.1835783970664,多摩川
大田区|大森南4丁目,142817.66797881416,1,26.183248797353336,多摩川
大田区|大森南4丁目,142817.66797881416,1,26.18952044926332,多摩川
大田区|大森南4丁目,142817.66797881416,1,52.36633769457587,多摩川
大田区|大森南4丁目,142817.66797881416,1,78.56832175885917,多摩川
大田区|大森南4丁目,142817.66797881416,1,26.183338905147096,多摩川
大田区|大森南4丁目,142817.66797881416,1,52.37221597821165,多摩川
大田区|大森南4丁目,142817.66797881416,1,1440.2916512106958,多摩川
大田区|大森南4丁目,142817.66797881416,1,52.372618303913875,多摩川
大田区|大森南4丁目,142817.66797881416,1,32.629731344124686,多摩川
大田区|大森南4丁目,142817.66797881416,2,58251.07895289557,多摩川
大田区|大森南4丁目,142817.66797881416,2,70018.8496808921,多摩川
大田区|大森南4丁目,142817.66797881416,2,26.18998702925819,多摩川
大田区|大森南4丁目,142817.66797881416,2,26.189947224475283,多摩川
大田区|大森南4丁目,142817.66797881416,2,26.189987744616474,多摩川
大田区|大森南4丁目,142817.66797881416,2,235.68598052969156,多摩川
大田区|大森南4丁目,142817.66797881416,2,52.379092464875825,多摩川
大田区|大森南4丁目,142817.66797881416,2,26.189468384790587,多摩川
大田区|大森南4丁目,142817.66797881416,2,26.183169962693203,多摩川
大田区|大森南4丁目,142817.66797881416,2,26.189718267207425,多摩川
大田区|大森南5丁目,265955.24779627845,1,42582.74809914875,多摩川
大田区|大森南5丁目,265955.24779627845,1,1859.4485043986292,多摩川
大田区|大森南5丁目,265955.24779627845,1,52.37090149101684,多摩川
大田区|大森南5丁目,265955.24779627845,1,340.48138993648126,多摩川
大田区|大森南5丁目,265955.24779627845,1,366.64697075894594,多摩川
大田区|大森南5丁目,265955.24779627845,1,78.56179860405489,多摩川
大田区|大森南5丁目,265955.24779627845,1,78.56906472884133,多摩川
大田区|大森南5丁目,265955.24779627845,1,78.57568444542238,多摩川
大田区|大森南5丁目,265955.24779627845,1,125.92442001942399,多摩川
大田区|大森南5丁目,265955.24779627845,1,26.191244226655364,多摩川
大田区|大森南5丁目,265955.24779627845,1,314.28378589807653,多摩川
大田区|大森南5丁目,265955.24779627845,1,26.183902424249656,多摩川
大田区|大森南5丁目,265955.24779627845,1,26.19188655142928,多摩川
大田区|大森南5丁目,265955.24779627845,1,26.192095838890765,多摩川
大田区|大森南5丁目,265955.24779627845,1,52.368126760188794,多摩川
大田区|大森南5丁目,265955.24779627845,1,26.190321727567934,多摩川
大田区|大森南5丁目,265955.24779627845,1,3954.4747502829405,多摩川
大田区|大森南5丁目,265955.24779627845,1,26.191293662282565,多摩川
大田区|大森南5丁目,265955.24779627845,1,78.56936112855635,多摩川
大田区|大森南5丁目,265955.24779627845,1,26.190562662603035,多摩川
大田区|大森南5丁目,265955.24779627845,1,104.76350121371838,多摩川
大田区|大森南5丁目,265955.24779627845,1,26.185589023817787,多摩川
大田区|大森南5丁目,265955.24779627845,1,97.7561454733771,多摩川
大田区|大森南5丁目,265955.24779627845,1,26.185798632253558,多摩川
大田区|大森南5丁目,265955.24779627845,1,26.185229936183163,多摩川
大田区|大森南5丁目,265955.24779627845,1,26.192012495443088,多摩川
大田区|大森南5丁目,265955.24779627845,1,8.553837851690426,多摩川
大田区|大森南5丁目,265955.24779627845,1,52.377280336089456,多摩川
大田区|大森南5丁目,265955.24779627845,1,5.406418135303057,多摩川
大田区|大森南5丁目,265955.24779627845,1,3.9203131075318884,多摩川
大田区|大森南5丁目,265955.24779627845,1,1.5349100555358,多摩川
大田区|大森南5丁目,265955.24779627845,1,12.314179095537467,多摩川
大田区|大森南5丁目,265955.24779627845,1,26.191482094406624,多摩川
大田区|大森南5丁目,265955.24779627845,1,130.9518692934978,多摩川
大田区|大森南5丁目,265955.24779627845,1,26.18538380332214,多摩川
大田区|大森南5丁目,265955.24779627845,1,26.191896736784443,多摩川
大田区|大森南5丁目,265955.24779627845,1,52.377440969286575,多摩川
大田区|大森南5丁目,265955.24779627845,1,366.64985137514293,多摩川
大田区|大森南5丁目,265955.24779627845,1,1.945045429949083,多摩川
大田区|大森南5丁目,265955.24779627845,1,25.356299158689637,多摩川
大田区|大森南5丁目,265955.24779627845,1,104.75170007393054,多摩川
大田区|大森南5丁目,265955.24779627845,1,26.191041023751712,多摩川
大田区|大森南5丁目,265955.24779627845,1,13.957475605334798,多摩川
大田区|大森南5丁目,265955.24779627845,1,8.862044513908142,多摩川
大田区|大森南5丁目,265955.24779627845,1,26.184662219293617,多摩川
大田区|大森南5丁目,265955.24779627845,1,52.38227414163989,多摩川
大田区|大森南5丁目,265955.24779627845,1,471.40849405065785,多摩川
大田区|大森南5丁目,265955.24779627845,1,52.370367785636034,多摩川
大田区|大森南5丁目,265955.24779627845,1,4.552589553476564,多摩川
大田区|大森南5丁目,265955.24779627845,1,26.19080073949528,多摩川
大田区|大森南5丁目,265955.24779627845,1,26.19077404667845,多摩川
大田区|大森南5丁目,265955.24779627845,1,26.19137586193402,多摩川
大田区|大森南5丁目,265955.24779627845,1,314.2734959724425,多摩川
大田区|大森南5丁目,265955.24779627845,2,52.38074818011664,多摩川
大田区|大森南5丁目,265955.24779627845,2,176179.22726318164,多摩川
大田区|大森南5丁目,265955.24779627845,2,26.184022508924272,多摩川
大田区|大森南5丁目,265955.24779627845,2,104.76195326532897,多摩川
大田区|大森南5丁目,265955.24779627845,2,52.38125331622118,多摩川
大田区|大森南5丁目,265955.24779627845,2,26.184232304591195,多摩川
大田区|大森南5丁目,265955.24779627845,2,26.190535356587255,多摩川
大田区|大森南5丁目,265955.24779627845,2,26.19038262567548,多摩川
大田区|大森南5丁目,265955.24779627845,2,26.19068356522134,多摩川
大田区|大森南5丁目,265955.24779627845,2,0.3386804614141519,多摩川
大田区|大森南5丁目,265955.24779627845,2,25.10455529117618,多摩川
大田区|大森南5丁目,265955.24779627845,2,48.5758838379822,多摩川
大田区|大森南5丁目,265955.24779627845,2,26.180581401780227,多摩川
大田区|大森南5丁目,265955.24779627845,2,26.191375207105935,多摩川
大田区|大森南5丁目,265955.24779627845,2,62.39299740237267,多摩川
大田区|大森南5丁目,265955.24779627845,2,96.9241885583288,多摩川
大田区|大森南5丁目,265955.24779627845,2,13.257651721339066,多摩川
大田区|大森南5丁目,265955.24779627845,2,31.016395295256977,多摩川
大田区|大森南5丁目,265955.24779627845,2,5.25488022729353,多摩川
大田区|大森南5丁目,265955.24779627845,2,49.27611786735406,多摩川
大田区|大森南5丁目,265955.24779627845,2,26.184622168629392,多摩川
大田区|大森南5丁目,265955.24779627845,2,74.1015561641137,多摩川
大田区|大森南5丁目,265955.24779627845,3,12.55444634621536,多摩川
大田区|大森南5丁目,265955.24779627845,3,4.49077356678138,多摩川
大田区|大森南5丁目,265955.24779627845,3,8.509950424872635,多摩川
大田区|大森中1丁目,133314.1822025155,1,3456.694630950856,多摩川
大田区|大森中1丁目,133314.1822025155,1,680.8677675460954,多摩川
大田区|大森中1丁目,133314.1822025155,1,52.377614288952586,多摩川
大田区|大森中1丁目,133314.1822025155,1,26.182138108780123,多摩川
大田区|大森中1丁目,133314.1822025155,1,26.18892647421777,多摩川
大田区|大森中1丁目,133314.1822025155,1,52.37759493021905,多摩川
大田区|大森中1丁目,133314.1822025155,1,26.182619563174864,多摩川
大田区|大森中1丁目,133314.1822025155,1,26.188891069217732,多摩川
大田区|大森中1丁目,133314.1822025155,1,104.73776228702083,多摩川
大田区|大森中1丁目,133314.1822025155,1,78.55829306979365,多摩川
大田区|大森中1丁目,133314.1822025155,1,78.56474751714168,多摩川
大田区|大森中1丁目,133314.1822025155,1,5996.667342214845,多摩川
大田区|大森中1丁目,133314.1822025155,1,26.18209804018575,多摩川
大田区|大森中1丁目,133314.1822025155,1,26.188556803108064,多摩川
大田区|大森中1丁目,133314.1822025155,1,1073.6463833195987,多摩川
大田区|大森中1丁目,133314.1822025155,1,52.37675305166083,多摩川
大田区|大森中1丁目,133314.1822025155,1,157.1134413113276,多摩川
大田区|大森中1丁目,133314.1822025155,1,26.189020445661015,多摩川
大田区|大森中1丁目,133314.1822025155,1,261.87068195594554,多摩川
大田区|大森中1丁目,133314.1822025155,1,52.37796511125882,多摩川
大田区|大森中1丁目,133314.1822025155,1,26.188971674611167,多摩川
大田区|大森中1丁目,133314.1822025155,1,26.188971418319113,多摩川
大田区|大森中1丁目,133314.1822025155,1,26.182940688334057,多摩川
大田区|大森中1丁目,133314.1822025155,1,418.986599426991,多摩川
大田区|大森中1丁目,133314.1822025155,1,26.182629115587254,多摩川
大田区|大森中1丁目,133314.1822025155,1,26.18892705891226,多摩川
大田区|大森中1丁目,133314.1822025155,1,26.18897194574513,多摩川
大田区|大森中1丁目,133314.1822025155,1,104.7519610841442,多摩川
大田区|大森中1丁目,133314.1822025155,1,26.188169486508762,多摩川
大田区|大森中1丁目,133314.1822025155,1,26.188156026826487,多摩川
大田区|大森中1丁目,133314.1822025155,1,26.18811584091155,多摩川
大田区|大森中1丁目,133314.1822025155,1,26.18819630620486,多摩川
大田区|大森中1丁目,133314.1822025155,1,183.3089144221747,多摩川
大田区|大森中1丁目,133314.1822025155,1,314.23642516111414,多摩川
大田区|大森中1丁目,133314.1822025155,1,26.189012271542037,多摩川
大田区|大森中1丁目,133314.1822025155,1,26.18311082052439,多摩川
大田区|大森中1丁目,133314.1822025155,1,26.183061777312076,多摩川
大田区|大森中1丁目,133314.1822025155,1,52.372502147445,多摩川
大田区|大森中1丁目,133314.1822025155,1,130.92880879465267,多摩川
大田区|大森中1丁目,133314.1822025155,1,26.18877179555283,多摩川
大田区|大森中1丁目,133314.1822025155,1,26.182788054129183,多摩川
大田区|大森中1丁目,133314.1822025155,1,26.18209937530186,多摩川
大田区|大森中1丁目,133314.1822025155,1,892.3331484256785,多摩川
大田区|大森中1丁目,133314.1822025155,1,2618.6657283808813,多摩川
大田区|大森中1丁目,133314.1822025155,1,26.188852417337728,多摩川
大田区|大森中1丁目,133314.1822025155,1,471.3776609565264,多摩川
大田区|大森中1丁目,133314.1822025155,1,26.188932871723367,多摩川
大田区|大森中1丁目,133314.1822025155,1,26.18928941353392,多摩川
大田区|大森中1丁目,133314.1822025155,1,26.189173675461696,多摩川
大田区|大森中1丁目,133314.1822025155,1,78.56139625778258,多摩川
大田区|大森中1丁目,133314.1822025155,1,52.37790198219571,多摩川
大田区|大森中1丁目,133314.1822025155,1,78.55353501669363,多摩川
大田区|大森中1丁目,133314.1822025155,1,26.188732883097572,多摩川
大田区|大森中1丁目,133314.1822025155,1,104.74270897765896,多摩川
大田区|大森中1丁目,133314.1822025155,1,52.37170328477785,多摩川
大田区|大森中1丁目,133314.1822025155,1,2592.513581375838,多摩川
大田区|大森中1丁目,133314.1822025155,1,26.189464463196575,多摩川
大田区|大森中1丁目,133314.1822025155,1,52.3786457748505,多摩川
大田区|大森中1丁目,133314.1822025155,1,130.9466838342721,多摩川
大田区|大森中1丁目,133314.1822025155,1,78.56699066871535,多摩川
大田区|大森中1丁目,133314.1822025155,1,1545.0488565343057,多摩川
大田区|大森中1丁目,133314.1822025155,1,52.37224635632747,多摩川
大田区|大森中1丁目,133314.1822025155,1,104.72344149753184,多摩川
大田区|大森中1丁目,133314.1822025155,2,110058.35169877285,多摩川
大田区|大森中1丁目,133314.1822025155,2,26.18832982973118,多摩川
大田区|大森中1丁目,133314.1822025155,2,78.56500988611124,多摩川
大田区|大森中1丁目,133314.1822025155,2,52.37674029640901,多摩川
大田区|大森中1丁目,133314.1822025155,2,26.188356654373408,多摩川
大田区|大森中1丁目,133314.1822025155,2,52.37054954685277,多摩川
大田区|大森中1丁目,133314.1822025155,2,26.18860649586859,多摩川
大田区|大森中1丁目,133314.1822025155,2,26.182903233162047,多摩川
大田区|大森中2丁目,133330.27845923966,1,395.5623094200488,多摩川
大田区|大森中2丁目,133330.27845923966,1,517.1456774037507,多摩川
大田区|大森中2丁目,133330.27845923966,1,78.56991894526293,多摩川
大田区|大森中2丁目,133330.27845923966,1,52.38001283317441,多摩川
大田区|大森中2丁目,133330.27845923966,1,52.37289908033513,多摩川
大田区|大森中2丁目,133330.27845923966,1,549.9474533716434,多摩川
大田区|大森中2丁目,133330.27845923966,1,340.4403790566425,多摩川
大田区|大森中2丁目,133330.27845923966,1,52.36644767029742,多摩川
大田区|大森中2丁目,133330.27845923966,1,52.37343027126439,多摩川
大田区|大森中2丁目,133330.27845923966,1,26.18963952091118,多摩川
大田区|大森中2丁目,133330.27845923966,1,26.183550664913007,多摩川
大田区|大森中2丁目,133330.27845923966,1,78.56268679166772,多摩川
大田区|大森中2丁目,133330.27845923966,1,26.189719663437344,多摩川
大田区|大森中2丁目,133330.27845923966,1,261.87997185166165,多摩川
大田区|大森中2丁目,133330.27845923966,1,26.189773497832793,多摩川
大田区|大森中2丁目,133330.27845923966,1,52.373195178031466,多摩川
大田区|大森中2丁目,133330.27845923966,1,157.12642836833632,多摩川
大田区|大森中2丁目,133330.27845923966,1,26.183477412799753,多摩川
大田区|大森中2丁目,133330.27845923966,1,26.18978261340751,多摩川
大田区|大森中2丁目,133330.27845923966,1,52.379349271896935,多摩川
大田区|大森中2丁目,133330.27845923966,1,52.37920081361562,多摩川
大田区|大森中2丁目,133330.27845923966,1,52.37354414222943,多摩川
大田区|大森中2丁目,133330.27845923966,1,52.37347091885412,多摩川
大田区|大森中2丁目,133330.27845923966,1,130.93594573211973,多摩川
大田区|大森中2丁目,133330.27845923966,1,26.183703900301325,多摩川
大田区|大森中2丁目,133330.27845923966,1,78.55598697701306,多摩川
大田区|大森中2丁目,133330.27845923966,1,157.13445685198033,多摩川
大田区|大森中2丁目,133330.27845923966,1,104.75222435470408,多摩川
大田区|大森中2丁目,133330.27845923966,1,26.189574800828154,多摩川
大田区|大森中2丁目,133330.27845923966,1,1021.3218625511008,多摩川
大田区|大森中2丁目,133330.27845923966,1,130.9418167019512,多摩川
大田区|大森中2丁目,133330.27845923966,1,26.18338350637945,多摩川
大田区|大森中2丁目,133330.27845923966,1,26.18346388688689,多摩川
大田区|大森中2丁目,133330.27845923966,1,26.18963073463512,多摩川
大田区|大森中2丁目,133330.27845923966,1,26.189721970343122,多摩川
大田区|大森中2丁目,133330.27845923966,1,26.18981581127673,多摩川
大田区|大森中2丁目,133330.27845923966,1,26.18993693504401,多摩川
大田区|大森中2丁目,133330.27845923966,1,157.11816794715625,多摩川
大田区|大森中2丁目,133330.27845923966,1,26.189773102640444,多摩川
大田区|大森中2丁目,133330.27845923966,2,10391.397758471017,多摩川
大田区|大森中2丁目,133330.27845923966,2,117790.58310203868,多摩川
大田区|大森中2丁目,133330.27845923966,2,26.18359330446694,多摩川
大田区|大森中3丁目,147382.7871279713,1,172.48462772011428,多摩川
大田区|大森中3丁目,147382.7871279713,1,26.190427222914316,多摩川
大田区|大森中3丁目,147382.7871279713,1,26.190296588114123,多摩川
大田区|大森中3丁目,147382.7871279713,1,17.499704465866863,多摩川
大田区|大森中3丁目,147382.7871279713,1,52.38103752886068,多摩川
大田区|大森中3丁目,147382.7871279713,1,130.94580926064995,多摩川
大田区|大森中3丁目,147382.7871279713,1,130.93253331384017,多摩川
大田区|大森中3丁目,147382.7871279713,1,26.1901496395176,多摩川
大田区|大森中3丁目,147382.7871279713,1,26.190551415411615,多摩川
大田区|大森中3丁目,147382.7871279713,1,26.184440160082904,多摩川
大田区|大森中3丁目,147382.7871279713,1,26.19055166134053,多摩川
大田区|大森中3丁目,147382.7871279713,1,26.19071238996761,多摩川
大田区|大森中3丁目,147382.7871279713,1,183.32130307780204,多摩川
大田区|大森中3丁目,147382.7871279713,1,52.3683998858399,多摩川
大田区|大森中3丁目,147382.7871279713,1,26.184280141163875,多摩川
大田区|大森中3丁目,147382.7871279713,2,145831.93740412378,多摩川
大田区|大森中3丁目,147382.7871279713,2,172.86029478944909,多摩川
大田区|大森西1丁目,235560.29499442066,1,44979.43740050646,多摩川
大田区|大森西1丁目,235560.29499442066,1,78.55220377527561,多摩川
大田区|大森西1丁目,235560.29499442066,1,52.35984429078293,多摩川
大田区|大森西1丁目,235560.29499442066,1,52.37233741861906,多摩川
大田区|大森西1丁目,235560.29499442066,1,52.3660128967261,多摩川
大田区|大森西1丁目,235560.29499442066,1,26.186128521148756,多摩川
大田区|大森西1丁目,235560.29499442066,1,26.186128383457387,多摩川
大田区|大森西1丁目,235560.29499442066,1,26.186048460770486,多摩川
大田区|大森西1丁目,235560.29499442066,1,52.37250561966268,多摩川
大田区|大森西1丁目,235560.29499442066,1,26.18017921907436,多摩川
大田区|大森西1丁目,235560.29499442066,1,26.186579433560425,多摩川
大田区|大森西1丁目,235560.29499442066,1,1885.2866816612666,多摩川
大田区|大森西1丁目,235560.29499442066,1,26.186691522112476,多摩川
大田区|大森西1丁目,235560.29499442066,1,78.5537379147936,多摩川
大田区|大森西1丁目,235560.29499442066,1,26.17981913978622,多摩川
大田区|大森西1丁目,235560.29499442066,1,235.6476117519755,多摩川
大田区|大森西1丁目,235560.29499442066,1,576.0805939845128,多摩川
大田区|大森西1丁目,235560.29499442066,1,942.633614362408,多摩川
大田区|大森西1丁目,235560.29499442066,1,26.18682128195693,多摩川
大田区|大森西1丁目,235560.29499442066,1,26.181032194606377,多摩川
大田区|大森西1丁目,235560.29499442066,1,26.18621094349657,多摩川
大田区|大森西1丁目,235560.29499442066,1,26.18002040553249,多摩川
大田区|大森西1丁目,235560.29499442066,1,26.186460422059756,多摩川
大田区|大森西1丁目,235560.29499442066,1,52.36714126201981,多摩川
大田区|大森西1丁目,235560.29499442066,1,52.367564418208495,多摩川
大田区|大森西1丁目,235560.29499442066,1,26.186485255328037,多摩川
大田区|大森西1丁目,235560.29499442066,1,26.180477258733326,多摩川
大田区|大森西1丁目,235560.29499442066,1,52.37415641835919,多摩川
大田区|大森西1丁目,235560.29499442066,1,26.18066228983676,多摩川
大田区|大森西1丁目,235560.29499442066,1,26.18693340699692,多摩川
大田区|大森西1丁目,235560.29499442066,1,52.37424127114095,多摩川
大田区|大森西1丁目,235560.29499442066,1,130.91185152344826,多摩川
大田区|大森西1丁目,235560.29499442066,1,340.3984633195487,多摩川
大田区|大森西1丁目,235560.29499442066,1,52.372597234912966,多摩川
大田区|大森西1丁目,235560.29499442066,1,157.1146987200904,多摩川
大田区|大森西1丁目,235560.29499442066,1,26.180190490598385,多摩川
大田区|大森西1丁目,235560.29499442066,1,78.5591033632785,多摩川
大田区|大森西1丁目,235560.29499442066,1,104.73318291746848,多摩川
大田区|大森西1丁目,235560.29499442066,1,1099.7268887532055,多摩川
大田区|大森西1丁目,235560.29499442066,1,392.7675248543879,多摩川
大田区|大森西1丁目,235560.29499442066,1,418.9465629782055,多摩川
大田区|大森西1丁目,235560.29499442066,1,11494.960513293405,多摩川
大田区|大森西1丁目,235560.29499442066,1,366.57020473477206,多摩川
大田区|大森西1丁目,235560.29499442066,1,52.37330650575768,多摩川
大田区|大森西1丁目,235560.29499442066,1,52.361857138845096,多摩川
大田区|大森西1丁目,235560.29499442066,1,549.8591993161397,多摩川
大田区|大森西1丁目,235560.29499442066,1,2094.721664930366,多摩川
大田区|大森西1丁目,235560.29499442066,1,1099.7583015685857,多摩川
大田区|大森西1丁目,235560.29499442066,1,680.7759324892064,多摩川
大田区|大森西1丁目,235560.29499442066,1,26.186381510156295,多摩川
大田区|大森西1丁目,235560.29499442066,1,52.37252694702009,多摩川
大田区|大森西1丁目,235560.29499442066,1,78.56017129176173,多摩川
大田区|大森西1丁目,235560.29499442066,1,1728.1719016824813,多摩川
大田区|大森西1丁目,235560.29499442066,1,235.65560447244533,多摩川
大田区|大森西1丁目,235560.29499442066,1,104.7469687047064,多摩川
大田区|大森西1丁目,235560.29499442066,1,217.34959128217037,多摩川
大田区|大森西1丁目,235560.29499442066,1,445.1299381126803,多摩川
大田区|大森西1丁目,235560.29499442066,1,78.558356420035,多摩川
大田区|大森西1丁目,235560.29499442066,1,78.55217455426575,多摩川
大田区|大森西1丁目,235560.29499442066,1,288.0244918753789,多摩川
大田区|大森西1丁目,235560.29499442066,1,78.5535977252928,多摩川
大田区|大森西1丁目,235560.29499442066,1,52.366479394403136,多摩川
大田区|大森西1丁目,235560.29499442066,1,52.36608478003873,多摩川
大田区|大森西1丁目,235560.29499442066,1,52.37288398134156,多摩川
大田区|大森西1丁目,235560.29499442066,1,26.180144475239857,多摩川
大田区|大森西1丁目,235560.29499442066,1,104.73275103177572,多摩川
大田区|大森西1丁目,235560.29499442066,1,26.186415256734968,多摩川
大田区|大森西1丁目,235560.29499442066,1,26.18680330439883,多摩川
大田区|大森西1丁目,235560.29499442066,1,209.47333817738576,多摩川
大田区|大森西1丁目,235560.29499442066,1,52.366988522578694,多摩川
大田区|大森西1丁目,235560.29499442066,1,78.55352438312703,多摩川
大田区|大森西1丁目,235560.29499442066,1,52.367122178466936,多摩川
大田区|大森西1丁目,235560.29499442066,1,26.18668330889905,多摩川
大田区|大森西1丁目,235560.29499442066,1,52.36704172714841,多摩川
大田区|大森西1丁目,235560.29499442066,1,706.9835669261463,多摩川
大田区|大森西1丁目,235560.29499442066,1,78.55433612157307,多摩川
大田区|大森西1丁目,235560.29499442066,1,1518.7294928135414,多摩川
大田区|大森西1丁目,235560.29499442066,1,78.56073684347336,多摩川
大田区|大森西1丁目,235560.29499442066,1,52.37314620915471,多摩川
大田区|大森西1丁目,235560.29499442066,1,26.186937693125465,多摩川
大田区|大森西1丁目,235560.29499442066,1,52.36792101930111,多摩川
大田区|大森西1丁目,235560.29499442066,1,1099.7713097670721,多摩川
大田区|大森西1丁目,235560.29499442066,1,52.368376629931696,多摩川
大田区|大森西1丁目,235560.29499442066,1,157.09861864664677,多摩川
大田区|大森西1丁目,235560.29499442066,1,807.6660303701173,多摩川
大田区|大森西1丁目,235560.29499442066,2,132370.4921220742,多摩川
大田区|大森西1丁目,235560.29499442066,2,52.36630835268886,多摩川
大田区|大森西1丁目,235560.29499442066,2,733.1557386860205,多摩川
大田区|大森西1丁目,235560.29499442066,2,104.73312757707771,多摩川
大田区|大森西1丁目,235560.29499442066,2,21.382973046948294,多摩川
大田区|大森西1丁目,235560.29499442066,2,26.186236767859945,多摩川
大田区|大森西1丁目,235560.29499442066,2,52.366729112201824,多摩川
大田区|大森西1丁目,235560.29499442066,2,340.3973556271474,多摩川
大田区|大森西1丁目,235560.29499442066,2,26.186317332251214,多摩川
大田区|大森西1丁目,235560.29499442066,2,26.179658612246552,多摩川
大田区|大森西1丁目,235560.29499442066,2,26.18608992408472,多摩川
大田区|大森西1丁目,235560.29499442066,2,680.7958407493435,多摩川
大田区|大森西1丁目,235560.29499442066,2,26.18623742622288,多摩川
大田区|大森西1丁目,235560.29499442066,2,26.180019828374043,多摩川
大田区|大森西1丁目,235560.29499442066,2,78.54795442925506,多摩川
大田区|大森西1丁目,235560.29499442066,2,78.55788393572428,多摩川
大田区|大森西1丁目,235560.29499442066,2,52.36567038879779,多摩川
大田区|大森西1丁目,235560.29499442066,2,157.11062178485165,多摩川
大田区|大森西1丁目,235560.29499442066,2,26.18615833440058,多摩川
大田区|大森西1丁目,235560.29499442066,2,26.179900851438077,多摩川
大田区|大森西1丁目,235560.29499442066,2,104.7335949614152,多摩川
大田区|大森西1丁目,235560.29499442066,2,4659.899700853821,多摩川
大田区|大森西1丁目,235560.29499442066,2,26.186453297992642,多摩川
大田区|大森西1丁目,235560.29499442066,2,26.180303044859755,多摩川
大田区|大森西1丁目,235560.29499442066,2,104.74033360935904,多摩川
大田区|大森西1丁目,235560.29499442066,2,183.29600639427974,多摩川
大田区|大森西1丁目,235560.29499442066,2,104.73859840907653,多摩川
大田区|大森西1丁目,235560.29499442066,2,104.73258178778394,多摩川
大田区|大森西1丁目,235560.29499442066,2,26.18606032266829,多摩川
大田区|大森西1丁目,235560.29499442066,2,157.10636749806258,多摩川
大田区|大森西1丁目,235560.29499442066,2,235.66139928552104,多摩川
大田区|大森西1丁目,235560.29499442066,2,183.3038203797692,多摩川
大田区|大森西2丁目,281203.9090824487,1,262.4221243087229,多摩川
大田区|大森西2丁目,281203.9090824487,1,52.367657406223,多摩川
大田区|大森西2丁目,281203.9090824487,1,314.21694014308713,多摩川
大田区|大森西2丁目,281203.9090824487,1,104.73688468586795,多摩川
大田区|大森西2丁目,281203.9090824487,1,130.92281731559214,多摩川
大田区|大森西2丁目,281203.9090824487,1,183.29851518203398,多摩川
大田区|大森西2丁目,281203.9090824487,1,183.29803681587066,多摩川
大田区|大森西2丁目,281203.9090824487,1,104.74754977569692,多摩川
大田区|大森西2丁目,281203.9090824487,1,52.37383708030582,多摩川
大田区|大森西2丁目,281203.9090824487,1,52.367205293708814,多摩川
大田区|大森西2丁目,281203.9090824487,1,78.54100180206228,多摩川
大田区|大森西2丁目,281203.9090824487,1,26.180614666682466,多摩川
大田区|大森西2丁目,281203.9090824487,1,52.36116261905785,多摩川
大田区|大森西2丁目,281203.9090824487,1,157.11948537922908,多摩川
大田区|大森西2丁目,281203.9090824487,1,26.18029386900472,多摩川
大田区|大森西2丁目,281203.9090824487,1,78.5542038760694,多摩川
大田区|大森西2丁目,281203.9090824487,1,288.03551978117395,多摩川
大田区|大森西2丁目,281203.9090824487,1,26.186966239536474,多摩川
大田区|大森西2丁目,281203.9090824487,1,340.3931527991522,多摩川
大田区|大森西2丁目,281203.9090824487,1,26.186725925576738,多摩川
大田区|大森西2丁目,281203.9090824487,1,78.56108313654714,多摩川
大田区|大森西2丁目,281203.9090824487,1,3796.8865460247644,多摩川
大田区|大森西2丁目,281203.9090824487,1,130.92386735999997,多摩川
大田区|大森西2丁目,281203.9090824487,1,183.27952095037648,多摩川
大田区|大森西2丁目,281203.9090824487,1,235.6696096703854,多摩川
大田区|大森西2丁目,281203.9090824487,1,78.55613274950183,多摩川
大田区|大森西2丁目,281203.9090824487,1,26.186391962865777,多摩川
大田区|大森西2丁目,281203.9090824487,1,104.73350361966718,多摩川
大田区|大森西2丁目,281203.9090824487,1,209.48338299339827,多摩川
大田区|大森西2丁目,281203.9090824487,1,26.18684694810849,多摩川
大田区|大森西2丁目,281203.9090824487,1,26.18684681413477,多摩川
大田区|大森西2丁目,281203.9090824487,1,261.85745771759474,多摩川
大田区|大森西2丁目,281203.9090824487,1,209.4786600872941,多摩川
大田区|大森西2丁目,281203.9090824487,1,78.5530355130838,多摩川
大田区|大森西2丁目,281203.9090824487,1,52.37291359286354,多摩川
大田区|大森西2丁目,281203.9090824487,1,209.46647843612593,多摩川
大田区|大森西2丁目,281203.9090824487,1,52.37294523204284,多摩川
大田区|大森西2丁目,281203.9090824487,1,26.18659293578569,多摩川
大田区|大森西2丁目,281203.9090824487,1,52.37374805690357,多摩川
大田区|大森西2丁目,281203.9090824487,1,104.74161130403292,多摩川
大田区|大森西2丁目,281203.9090824487,1,26.18086596941886,多摩川
大田区|大森西2丁目,281203.9090824487,1,26.187074704993222,多摩川
大田区|大森西2丁目,281203.9090824487,1,8013.607261155722,多摩川
大田区|大森西2丁目,281203.9090824487,1,52.366461166943964,多摩川
大田区|大森西2丁目,281203.9090824487,1,26.186432903132502,多摩川
大田区|大森西2丁目,281203.9090824487,1,104.7274181879009,多摩川
大田区|大森西2丁目,281203.9090824487,1,2278.1117857138,多摩川
大田区|大森西2丁目,281203.9090824487,1,26.187177631731323,多摩川
大田区|大森西2丁目,281203.9090824487,1,26.187297925161502,多摩川
大田区|大森西2丁目,281203.9090824487,1,759.3792846862841,多摩川
大田区|大森西2丁目,281203.9090824487,1,52.37263848363895,多摩川
大田区|大森西2丁目,281203.9090824487,1,52.36088170575699,多摩川
大田区|大森西2丁目,281203.9090824487,1,26.186994966288463,多摩川
大田区|大森西2丁目,281203.9090824487,1,26.187155579103084,多摩川
大田区|大森西2丁目,281203.9090824487,1,26.186495819457996,多摩川
大田区|大森西2丁目,281203.9090824487,1,26.18627301238564,多摩川
大田区|大森西2丁目,281203.9090824487,1,576.043317939222,多摩川
大田区|大森西2丁目,281203.9090824487,1,52.36638185169644,多摩川
大田区|大森西2丁目,281203.9090824487,1,26.179821694513922,多摩川
大田区|大森西2丁目,281203.9090824487,1,78.55941603139496,多摩川
大田区|大森西2丁目,281203.9090824487,1,26.179901871830275,多摩川
大田区|大森西2丁目,281203.9090824487,1,26.186487128096793,多摩川
大田区|大森西2丁目,281203.9090824487,1,183.28694499006954,多摩川
大田区|大森西2丁目,281203.9090824487,1,52.373016429292875,多摩川
大田区|大森西2丁目,281203.9090824487,1,157.101919741456,多摩川
大田区|大森西2丁目,281203.9090824487,1,104.74191624316212,多摩川
大田区|大森西2丁目,281203.9090824487,1,3561.1696064539187,多摩川
大田区|大森西2丁目,281203.9090824487,1,26.18069760713994,多摩川
大田区|大森西2丁目,281203.9090824487,1,26.18013611001524,多摩川
大田区|大森西2丁目,281203.9090824487,1,26.18651414256024,多摩川
大田区|大森西2丁目,281203.9090824487,1,994.9915950440172,多摩川
大田区|大森西2丁目,281203.9090824487,1,26.180176654829914,多摩川
大田区|大森西2丁目,281203.9090824487,1,52.37334558531735,多摩川
大田区|大森西2丁目,281203.9090824487,1,1125.936732903115,多摩川
大田区|大森西2丁目,281203.9090824487,1,78.5621747580719,多摩川
大田区|大森西2丁目,281203.9090824487,1,104.7339412379472,多摩川
大田区|大森西2丁目,281203.9090824487,1,52.37348022469165,多摩川
大田区|大森西2丁目,281203.9090824487,1,392.76947944146286,多摩川
大田区|大森西2丁目,281203.9090824487,1,2749.4016580932866,多摩川
大田区|大森西2丁目,281203.9090824487,1,52.37424728454508,多摩川
大田区|大森西2丁目,281203.9090824487,1,52.36657188647014,多摩川
大田区|大森西2丁目,281203.9090824487,1,288.0198026100469,多摩川
大田区|大森西2丁目,281203.9090824487,1,340.407906164519,多摩川
大田区|大森西2丁目,281203.9090824487,1,26.186595412577386,多摩川
大田区|大森西2丁目,281203.9090824487,1,52.373538499828776,多摩川
大田区|大森西2丁目,281203.9090824487,1,26.187117385267324,多摩川
大田区|大森西2丁目,281203.9090824487,1,2801.8208482375794,多摩川
大田区|大森西2丁目,281203.9090824487,1,366.59215364187787,多摩川
大田区|大森西2丁目,281203.9090824487,1,26.180507458918985,多摩川
大田区|大森西2丁目,281203.9090824487,1,602.2430346070802,多摩川
大田区|大森西2丁目,281203.9090824487,1,78.56049172326024,多摩川
大田区|大森西2丁目,281203.9090824487,1,26.18713089965784,多摩川
大田区|大森西2丁目,281203.9090824487,1,52.36833848089566,多摩川
大田区|大森西2丁目,281203.9090824487,1,209.4786123301435,多摩川
大田区|大森西2丁目,281203.9090824487,1,261.8512931706059,多摩川
大田区|大森西2丁目,281203.9090824487,1,104.7334635005511,多摩川
大田区|大森西2丁目,281203.9090824487,1,52.37372314591545,多摩川
大田区|大森西2丁目,281203.9090824487,1,26.186837083804793,多摩川
大田区|大森西2丁目,281203.9090824487,1,288.0259164545713,多摩川
大田区|大森西2丁目,281203.9090824487,1,78.55493593784507,多摩川
大田区|大森西2丁目,281203.9090824487,1,26.186435744386436,多摩川
大田区|大森西2丁目,281203.9090824487,1,26.1801782593639,多摩川
大田区|大森西2丁目,281203.9090824487,1,314.2017460243327,多摩川
大田区|大森西2丁目,281203.9090824487,1,235.66193825473965,多摩川
大田区|大森西2丁目,281203.9090824487,1,52.36044409488732,多摩川
大田区|大森西2丁目,281203.9090824487,1,130.9338121759186,多摩川
大田区|大森西2丁目,281203.9090824487,1,26.186716723223537,多摩川
大田区|大森西2丁目,281203.9090824487,1,3351.671198574533,多摩川
大田区|大森西2丁目,281203.9090824487,1,26.186877571728708,多摩川
大田区|大森西2丁目,281203.9090824487,1,1571.1375719046746,多摩川
大田区|大森西2丁目,281203.9090824487,1,26.187118128431113,多摩川
大田区|大森西2丁目,281203.9090824487,1,130.91915748816865,多摩川
大田区|大森西2丁目,281203.9090824487,1,549.8718784487469,多摩川
大田区|大森西2丁目,281203.9090824487,1,26.180098620771155,多摩川
大田区|大森西2丁目,281203.9090824487,1,26.186658968127333,多摩川
大田区|大森西2丁目,281203.9090824487,1,340.40155019546296,多摩川
大田区|大森西2丁目,281203.9090824487,1,52.36718597856305,多摩川
大田区|大森西2丁目,281203.9090824487,1,52.361048567042715,多摩川
大田区|大森西2丁目,281203.9090824487,1,26.186690388919722,多摩川
大田区|大森西2丁目,281203.9090824487,1,26.186891020869552,多摩川
大田区|大森西2丁目,281203.9090824487,1,26.18709180561942,多摩川
大田区|大森西2丁目,281203.9090824487,1,52.36836329061825,多摩川
大田区|大森西2丁目,281203.9090824487,1,4844.267567574551,多摩川
大田区|大森西2丁目,281203.9090824487,1,26.18750192697827,多摩川
大田区|大森西2丁目,281203.9090824487,1,78.5534734817921,多摩川
大田区|大森西2丁目,281203.9090824487,1,26.186931597508273,多摩川
大田区|大森西2丁目,281203.9090824487,1,26.186918135853688,多摩川
大田区|大森西2丁目,281203.9090824487,1,157.11707616005722,多摩川
大田区|大森西2丁目,281203.9090824487,1,26.18127143439034,多摩川
大田区|大森西2丁目,281203.9090824487,1,26.18687840443492,多摩川
大田区|大森西2丁目,281203.9090824487,1,26.187368826231385,多摩川
大田区|大森西2丁目,281203.9090824487,2,226299.19810807108,多摩川
大田区|大森西2丁目,281203.9090824487,2,52.359871646497325,多摩川
大田区|大森西2丁目,281203.9090824487,2,52.372449952147896,多摩川
大田区|大森西2丁目,281203.9090824487,2,157.10524850637026,多摩川
大田区|大森西2丁目,281203.9090824487,2,26.187367566730167,多摩川
大田区|大森西2丁目,281203.9090824487,2,26.180860200108164,多摩川
大田区|大森西2丁目,281203.9090824487,2,26.17993757135159,多摩川
大田区|大森西2丁目,281203.9090824487,2,26.186931092403547,多摩川
大田区|大森西2丁目,281203.9090824487,2,104.73566585725514,多摩川
大田区|大森西3丁目,250987.26938777042,1,740.3412781642215,多摩川
大田区|大森西3丁目,250987.26938777042,1,8.162904867945535,多摩川
大田区|大森西3丁目,250987.26938777042,1,26.187433366411156,多摩川
大田区|大森西3丁目,250987.26938777042,1,1204.5300524799948,多摩川
大田区|大森西3丁目,250987.26938777042,1,26.18121681820635,多摩川
大田区|大森西3丁目,250987.26938777042,1,26.181426004928078,多摩川
大田区|大森西3丁目,250987.26938777042,1,26.187527812054554,多摩川
大田区|大森西3丁目,250987.26938777042,1,104.75061600520183,多摩川
大田区|大森西3丁目,250987.26938777042,1,78.55618538568395,多摩川
大田区|大森西3丁目,250987.26938777042,1,26.188138965315996,多摩川
大田区|大森西3丁目,250987.26938777042,1,104.74740408978255,多摩川
大田区|大森西3丁目,250987.26938777042,1,52.376086775248886,多摩川
大田区|大森西3丁目,250987.26938777042,1,0.3098094750207152,多摩川
大田区|大森西3丁目,250987.26938777042,1,26.181377527555767,多摩川
大田区|大森西3丁目,250987.26938777042,1,52.36921365421008,多摩川
大田区|大森西3丁目,250987.26938777042,1,52.375765512316754,多摩川
大田区|大森西3丁目,250987.26938777042,1,104.7457949165301,多摩川
大田区|大森西3丁目,250987.26938777042,1,130.9339079948186,多摩川
大田区|大森西3丁目,250987.26938777042,1,261.85576017204943,多摩川
大田区|大森西3丁目,250987.26938777042,1,26.1817787518853,多摩川
大田区|大森西3丁目,250987.26938777042,1,497.5360556806125,多摩川
大田区|大森西3丁目,250987.26938777042,1,26.188527086267175,多摩川
大田区|大森西3丁目,250987.26938777042,1,2251.959093732934,多摩川
大田区|大森西3丁目,250987.26938777042,1,209.4931846025583,多摩川
大田区|大森西3丁目,250987.26938777042,1,873.5210011205834,多摩川
大田区|大森西3丁目,250987.26938777042,1,52.36923774572954,多摩川
大田区|大森西3丁目,250987.26938777042,1,392.7979264790541,多摩川
大田区|大森西3丁目,250987.26938777042,1,26.18780373620833,多摩川
大田区|大森西3丁目,250987.26938777042,1,78.55807572213996,多摩川
大田区|大森西3丁目,250987.26938777042,1,26.181820284270515,多摩川
大田区|大森西3丁目,250987.26938777042,1,26.187924432282557,多摩川
大田区|大森西3丁目,250987.26938777042,1,1387.8382990107482,多摩川
大田区|大森西3丁目,250987.26938777042,1,235.66955029851601,多摩川
大田区|大森西3丁目,250987.26938777042,1,549.9119799375846,多摩川
大田区|大森西3丁目,250987.26938777042,1,26.181219182071867,多摩川
大田区|大森西3丁目,250987.26938777042,1,785.5743469190064,多摩川
大田区|大森西3丁目,250987.26938777042,1,314.2304760857588,多摩川
大田区|大森西3丁目,250987.26938777042,1,52.3754315442087,多摩川
大田区|大森西3丁目,250987.26938777042,1,471.3290966227077,多摩川
大田区|大森西3丁目,250987.26938777042,1,52.36905693340628,多摩川
大田区|大森西3丁目,250987.26938777042,1,130.93334990324223,多摩川
大田区|大森西3丁目,250987.26938777042,1,52.36978148954257,多摩川
大田区|大森西3丁目,250987.26938777042,1,26.188222552258985,多摩川
大田区|大森西3丁目,250987.26938777042,1,52.37533944084337,多摩川
大田区|大森西3丁目,250987.26938777042,1,104.7376386187107,多摩川
大田区|大森西3丁目,250987.26938777042,1,26.18798200045253,多摩川
大田区|大森西3丁目,250987.26938777042,1,2906.6359270375924,多摩川
大田区|大森西3丁目,250987.26938777042,1,26.187812635417373,多摩川
大田区|大森西3丁目,250987.26938777042,1,209.491278374512,多摩川
大田区|大森西3丁目,250987.26938777042,1,26.188209322976974,多摩川
大田区|大森西3丁目,250987.26938777042,1,52.37010335205019,多摩川
大田区|大森西3丁目,250987.26938777042,1,3142.2569037416188,多摩川
大田区|大森西3丁目,250987.26938777042,1,78.56313969630997,多摩川
大田区|大森西3丁目,250987.26938777042,1,26.188013748983316,多摩川
大田区|大森西3丁目,250987.26938777042,1,26.188504125849704,多摩川
大田区|大森西3丁目,250987.26938777042,1,26.187719683197475,多摩川
大田区|大森西3丁目,250987.26938777042,1,1152.1919905852446,多摩川
大田区|大森西3丁目,250987.26938777042,1,209.4918760805866,多摩川
大田区|大森西3丁目,250987.26938777042,1,52.37026490458806,多摩川
大田区|大森西3丁目,250987.26938777042,1,209.47048457898597,多摩川
大田区|大森西3丁目,250987.26938777042,1,52.37608244673294,多摩川
大田区|大森西3丁目,250987.26938777042,1,26.18170292886057,多摩川
大田区|大森西3丁目,250987.26938777042,1,4058.7467430723145,多摩川
大田区|大森西3丁目,250987.26938777042,1,52.363085864251104,多摩川
大田区|大森西3丁目,250987.26938777042,1,26.181623093140793,多摩川
大田区|大森西3丁目,250987.26938777042,1,864.1463988607228,多摩川
大田区|大森西3丁目,250987.26938777042,1,26.187640928629122,多摩川
大田区|大森西3丁目,250987.26938777042,1,52.36927800087941,多摩川
大田区|大森西3丁目,250987.26938777042,1,26.188024734273753,多摩川
大田区|大森西3丁目,250987.26938777042,1,3351.742966814782,多摩川
大田区|大森西3丁目,250987.26938777042,1,52.3752292555699,多摩川
大田区|大森西3丁目,250987.26938777042,1,26.187721621766343,多摩川
大田区|大森西3丁目,250987.26938777042,1,26.181504026477555,多摩川
大田区|大森西3丁目,250987.26938777042,1,26.187735647551644,多摩川
大田区|大森西3丁目,250987.26938777042,1,104.73866779617256,多摩川
大田区|大森西3丁目,250987.26938777042,1,52.375092752951964,多摩川
大田区|大森西3丁目,250987.26938777042,1,26.181183780211764,多摩川
大田区|大森西3丁目,250987.26938777042,1,52.37491026232336,多摩川
大田区|大森西3丁目,250987.26938777042,2,215423.4387277454,多摩川
大田区|大森西3丁目,250987.26938777042,2,26.1875559099312,多摩川
大田区|大森西3丁目,250987.26938777042,2,26.181219116579776,多摩川
大田区|大森西3丁目,250987.26938777042,2,26.187565933047154,多摩川
大田区|大森西3丁目,250987.26938777042,2,26.18747911288399,多摩川
大田区|大森西3丁目,250987.26938777042,2,26.187653697666182,多摩川
大田区|大森西3丁目,250987.26938777042,2,78.55664039952167,多摩川
大田区|大森西4丁目,187731.65042678028,1,1492.5652537425274,多摩川
大田区|大森西4丁目,187731.65042678028,1,26.188460772066726,多摩川
大田区|大森西4丁目,187731.65042678028,1,3273.2529029911157,多摩川
大田区|大森西4丁目,187731.65042678028,1,1440.2442540017191,多摩川
大田区|大森西4丁目,187731.65042678028,1,130.92961568559753,多摩川
大田区|大森西4丁目,187731.65042678028,1,52.37596022540775,多摩川
大田区|大森西4丁目,187731.65042678028,1,235.68394308941924,多摩川
大田区|大森西4丁目,187731.65042678028,1,1365.7307825514215,多摩川
大田区|大森西4丁目,187731.65042678028,1,52.376833151503874,多摩川
大田区|大森西4丁目,187731.65042678028,1,78.54711524703409,多摩川
大田区|大森西4丁目,187731.65042678028,1,52.36893949444044,多摩川
大田区|大森西4丁目,187731.65042678028,1,52.36864955535904,多摩川
大田区|大森西4丁目,187731.65042678028,1,130.92725939035984,多摩川
大田区|大森西4丁目,187731.65042678028,1,157.11220896054425,多摩川
大田区|大森西4丁目,187731.65042678028,1,26.188611027763518,多摩川
大田区|大森西4丁目,187731.65042678028,1,26.18789765533831,多摩川
大田区|大森西4丁目,187731.65042678028,1,26.18763701636217,多摩川
大田区|大森西4丁目,187731.65042678028,1,445.1619446889492,多摩川
大田区|大森西4丁目,187731.65042678028,1,26.18780865935942,多摩川
大田区|大森西4丁目,187731.65042678028,1,26.181791454655816,多摩川
大田区|大森西4丁目,187731.65042678028,1,52.36443431422526,多摩川
大田区|大森西4丁目,187731.65042678028,1,288.04692252338555,多摩川
大田区|大森西4丁目,187731.65042678028,1,52.36929316742912,多摩川
大田区|大森西4丁目,187731.65042678028,1,78.56356102270443,多摩川
大田区|大森西4丁目,187731.65042678028,1,26.18782240980222,多摩川
大田区|大森西4丁目,187731.65042678028,1,26.18163138949373,多摩川
大田区|大森西4丁目,187731.65042678028,1,104.7458027336661,多摩川
大田区|大森西4丁目,187731.65042678028,1,52.37587192590283,多摩川
大田区|大森西4丁目,187731.65042678028,1,1094.0569917843857,多摩川
大田区|大森西4丁目,187731.65042678028,1,26.181711719051258,多摩川
大田区|大森西4丁目,187731.65042678028,1,392.7806184947356,多摩川
大田区|大森西4丁目,187731.65042678028,1,104.74645102484145,多摩川
大田区|大森西4丁目,187731.65042678028,1,104.7466921742816,多摩川
大田区|大森西4丁目,187731.65042678028,1,1246.990179910186,多摩川
大田区|大森西4丁目,187731.65042678028,1,52.37717517834941,多摩川
大田区|大森西4丁目,187731.65042678028,1,261.86019098270407,多摩川
大田区|大森西4丁目,187731.65042678028,1,643.202290921449,多摩川
大田区|大森西4丁目,187731.65042678028,1,32.734170036358556,多摩川
大田区|大森西4丁目,187731.65042678028,1,94.09967229138715,多摩川
大田区|大森西4丁目,187731.65042678028,2,166292.7910995635,多摩川
大田区|大森西4丁目,187731.65042678028,2,104.73765591611728,多摩川
大田区|大森西4丁目,187731.65042678028,2,1794.657905344914,多摩川
大田区|大森西5丁目,214417.36966554486,1,102.43502163416828,多摩川
大田区|大森西5丁目,214417.36966554486,1,16.808179949710823,多摩川
大田区|大森西5丁目,214417.36966554486,1,1544.98541609208,多摩川
大田区|大森西5丁目,214417.36966554486,1,1152.2130462873383,多摩川
大田区|大森西5丁目,214417.36966554486,1,104.74113282145782,多摩川
大田区|大森西5丁目,214417.36966554486,1,1544.9995921647635,多摩川
大田区|大森西5丁目,214417.36966554486,1,52.37111058885195,多摩川
大田区|大森西5丁目,214417.36966554486,1,26.182381863410953,多摩川
大田区|大森西5丁目,214417.36966554486,1,78.5593722203364,多摩川
大田区|大森西5丁目,214417.36966554486,1,157.12638876857577,多摩川
大田区|大森西5丁目,214417.36966554486,1,2697.2489153469746,多摩川
大田区|大森西5丁目,214417.36966554486,1,733.2101199091783,多摩川
大田区|大森西5丁目,214417.36966554486,1,78.55982573188783,多摩川
大田区|大森西5丁目,214417.36966554486,1,52.37794348893881,多摩川
大田区|大森西5丁目,214417.36966554486,1,1466.4926885214747,多摩川
大田区|大森西5丁目,214417.36966554486,1,26.188613871979612,多摩川
大田区|大森西5丁目,214417.36966554486,1,26.189184604087234,多摩川
大田区|大森西5丁目,214417.36966554486,1,130.93322055866864,多摩川
大田区|大森西5丁目,214417.36966554486,1,26.188494090440273,多摩川
大田区|大森西5丁目,214417.36966554486,1,26.1887214567874,多摩川
大田区|大森西5丁目,214417.36966554486,1,78.56120408529605,多摩川
大田区|大森西5丁目,214417.36966554486,1,52.37825898053849,多摩川
大田区|大森西5丁目,214417.36966554486,1,26.182985037154594,多摩川
大田区|大森西5丁目,214417.36966554486,1,78.5540187305476,多摩川
大田区|大森西5丁目,214417.36966554486,1,157.12229583429868,多摩川
大田区|大森西5丁目,214417.36966554486,1,104.74870619359318,多摩川
大田区|大森西5丁目,214417.36966554486,1,26.18857524254041,多摩川
大田区|大森西5丁目,214417.36966554486,1,52.370801286581255,多摩川
大田区|大森西5丁目,214417.36966554486,1,26.188414916380417,多摩川
大田区|大森西5丁目,214417.36966554486,1,78.55306389942787,多摩川
大田区|大森西5丁目,214417.36966554486,1,1126.0183032792766,多摩川
大田区|大森西5丁目,214417.36966554486,1,418.9846470861445,多摩川
大田区|大森西5丁目,214417.36966554486,2,201990.40520427193,多摩川
大田区|大森西5丁目,214417.36966554486,2,52.371678037084756,多摩川
大田区|大森西6丁目,125698.46530114328,1,1047.4994674196053,多摩川
大田区|大森西6丁目,125698.46530114328,1,26.183105823184306,多摩川
大田区|大森西6丁目,125698.46530114328,1,837.988808341026,多摩川
大田区|大森西6丁目,125698.46530114328,1,52.378226883194785,多摩川
大田区|大森西6丁目,125698.46530114328,1,890.3580419693211,多摩川
大田区|大森西6丁目,125698.46530114328,2,122817.86837846479,多摩川
大田区|大森西6丁目,125698.46530114328,2,26.18927224213249,多摩川
大田区|大森西7丁目,100899.64011947993,1,26.18247792990349,多摩川
大田区|大森西7丁目,100899.64011947993,1,52.36558517316485,多摩川
大田区|大森西7丁目,100899.64011947993,1,26.189063822679664,多摩川
大田区|大森西7丁目,100899.64011947993,1,26.189064504650283,多摩川
大田区|大森西7丁目,100899.64011947993,1,26.182513062348193,多摩川
大田区|大森西7丁目,100899.64011947993,1,26.182593256976872,多摩川
大田区|大森西7丁目,100899.64011947993,1,26.182633666016276,多摩川
大田区|大森西7丁目,100899.64011947993,1,3194.77929791245,多摩川
大田区|大森西7丁目,100899.64011947993,1,1545.0196601232356,多摩川
大田区|大森西7丁目,100899.64011947993,1,52.37129997293782,多摩川
大田区|大森西7丁目,100899.64011947993,1,445.18515292434836,多摩川
大田区|大森西7丁目,100899.64011947993,1,183.3194846685957,多摩川
大田区|大森西7丁目,100899.64011947993,1,52.371060803566216,多摩川
大田区|大森西7丁目,100899.64011947993,1,157.12241220873779,多摩川
大田区|大森西7丁目,100899.64011947993,1,26.189437448414125,多摩川
大田区|大森西7丁目,100899.64011947993,1,26.18299650647428,多摩川
大田区|大森西7丁目,100899.64011947993,1,2781.0350641456325,多摩川
大田区|大森西7丁目,100899.64011947993,1,26.188706532405433,多摩川
大田区|大森西7丁目,100899.64011947993,1,104.74855206385183,多摩川
大田区|大森西7丁目,100899.64011947993,1,26.189014238393007,多摩川
大田区|大森西7丁目,100899.64011947993,1,26.18922806903457,多摩川
大田区|大森西7丁目,100899.64011947993,1,26.182756361972693,多摩川
大田区|大森西7丁目,100899.64011947993,1,2551.204800887794,多摩川
大田区|大森西7丁目,100899.64011947993,1,26.189398349885348,多摩川
大田区|大森西7丁目,100899.64011947993,1,26.18291738804502,多摩川
大田区|大森西7丁目,100899.64011947993,2,87505.52336011174,多摩川
大田区|大森西7丁目,100899.64011947993,2,202.66230332325486,多摩川
大田区|大森西7丁目,100899.64011947993,2,26.18889263318193,多摩川
大田区|大森西7丁目,100899.64011947993,2,26.18898301402954,多摩川
大田区|大森西7丁目,100899.64011947993,2,26.18263598277531,多摩川
大田区|大森北1丁目,172338.87795860722,1,39169.56097490688,多摩川
大田区|大森北1丁目,172338.87795860722,1,1439.9731041189216,多摩川
大田区|大森北1丁目,172338.87795860722,1,52.36712412230407,多摩川
大田区|大森北1丁目,172338.87795860722,1,26.176943973188003,多摩川
大田区|大森北1丁目,172338.87795860722,1,104.72828064739412,多摩川
大田区|大森北1丁目,172338.87795860722,1,52.361317386194834,多摩川
大田区|大森北1丁目,172338.87795860722,1,52.367191751941704,多摩川
大田区|大森北1丁目,172338.87795860722,1,314.16083645742145,多摩川
大田区|大森北1丁目,172338.87795860722,1,104.72891568763137,多摩川
大田区|大森北1丁目,172338.87795860722,1,8207.889478525885,多摩川
大田区|大森北1丁目,172338.87795860722,1,130.90577935524183,多摩川
大田区|大森北1丁目,172338.87795860722,1,183.26699265018533,多摩川
大田区|大森北1丁目,172338.87795860722,1,26.18376990586703,多摩川
大田区|大森北1丁目,172338.87795860722,1,26.183957543080897,多摩川
大田区|大森北1丁目,172338.87795860722,1,26.18355618033872,多摩川
大田区|大森北1丁目,172338.87795860722,1,2644.3648382798633,多摩川
大田区|大森北1丁目,172338.87795860722,1,104.72769532201517,多摩川
大田区|大森北1丁目,172338.87795860722,1,26.183797960688075,多摩川
大田区|大森北1丁目,172338.87795860722,1,104.71753624956344,多摩川
大田区|大森北1丁目,172338.87795860722,2,32456.81544670155,多摩川
大田区|大森北1丁目,172338.87795860722,2,26.17807057460346,多摩川
大田区|大森北1丁目,172338.87795860722,2,26.177861014474963,多摩川
大田区|大森北1丁目,172338.87795860722,2,104.71758147689152,多摩川
大田区|大森北1丁目,172338.87795860722,2,26.17819106907813,多摩川
大田区|大森北1丁目,172338.87795860722,2,26.17782128549344,多摩川
大田区|大森北1丁目,172338.87795860722,2,26.177259714866295,多摩川
大田区|大森北1丁目,172338.87795860722,2,26.17770984622235,多摩川
大田区|大森北1丁目,172338.87795860722,2,235.6391829281346,多摩川
大田区|大森北1丁目,172338.87795860722,2,497.4595666029832,多摩川
大田区|大森北1丁目,172338.87795860722,2,78.5391509071546,多摩川
大田区|大森北1丁目,172338.87795860722,2,26.184092674151454,多摩川
大田区|大森北1丁目,172338.87795860722,2,26.177822330836083,多摩川
大田区|大森北1丁目,172338.87795860722,2,52.36665354927834,多摩川
大田区|大森北1丁目,172338.87795860722,2,26.184093031388436,多摩川
大田区|大森北1丁目,172338.87795860722,2,78.54583689170722,多摩川
大田区|大森北1丁目,172338.87795860722,2,26.184160000290248,多摩川
大田区|大森北1丁目,172338.87795860722,2,52.36199604941454,多摩川
大田区|大森北1丁目,172338.87795860722,2,26.18411974371103,多摩川
大田区|大森北1丁目,172338.87795860722,2,26.177822786324697,多摩川
大田区|大森北1丁目,172338.87795860722,2,353.86114753204976,多摩川
大田区|大森北1丁目,172338.87795860722,2,104.73059517770582,多摩川
大田区|大森北1丁目,172338.87795860722,2,5.450852710325995,多摩川
大田区|大森北1丁目,172338.87795860722,2,52.35614562920919,多摩川
大田区|大森北1丁目,172338.87795860722,2,26.184120298193037,多摩川
大田区|大森北1丁目,172338.87795860722,2,52.361886289518715,多摩川
大田区|大森北2丁目,120240.79873303993,1,5349.0506016407335,多摩川
大田区|大森北2丁目,120240.79873303993,1,471.2845191718432,多摩川
大田区|大森北2丁目,120240.79873303993,1,52.36863978557803,多摩川
大田区|大森北2丁目,120240.79873303993,1,13.237595245580046,多摩川
大田区|大森北2丁目,120240.79873303993,1,26.184393745444332,多摩川
大田区|大森北2丁目,120240.79873303993,1,26.184368086075658,多摩川
大田区|大森北2丁目,120240.79873303993,1,26.183591911358356,多摩川
大田区|大森北2丁目,120240.79873303993,1,1466.1873514091706,多摩川
大田区|大森北2丁目,120240.79873303993,1,130.91411707940617,多摩川
大田区|大森北2丁目,120240.79873303993,1,52.368000199206485,多摩川
大田区|大森北2丁目,120240.79873303993,1,78.5462320196994,多摩川
大田区|大森北2丁目,120240.79873303993,1,78.53824532949675,多摩川
大田区|大森北2丁目,120240.79873303993,1,52.368531552982205,多摩川
大田区|大森北2丁目,120240.79873303993,1,52.36693347655829,多摩川
大田区|大森北2丁目,120240.79873303993,1,9634.80600037135,多摩川
大田区|大森北2丁目,120240.79873303993,1,261.8365783012351,多摩川
大田区|大森北2丁目,120240.79873303993,1,26.184524874374258,多摩川
大田区|大森北2丁目,120240.79873303993,1,26.178018161283056,多摩川
大田区|大森北2丁目,120240.79873303993,1,26.177697495422766,多摩川
大田区|大森北2丁目,120240.79873303993,1,26.184538660318513,多摩川
大田区|大森北2丁目,120240.79873303993,1,733.0984093068945,多摩川
大田区|大森北2丁目,120240.79873303993,1,26.177777984865262,多摩川
大田区|大森北2丁目,120240.79873303993,1,602.1930821527163,多摩川
大田区|大森北2丁目,120240.79873303993,1,1544.767333481671,多摩川
大田区|大森北2丁目,120240.79873303993,1,26.17729668705666,多摩川
大田区|大森北2丁目,120240.79873303993,1,26.183553883372785,多摩川
大田区|大森北2丁目,120240.79873303993,1,104.7220051217132,多摩川
大田区|大森北2丁目,120240.79873303993,1,26.183808099043368,多摩川
大田区|大森北2丁目,120240.79873303993,1,52.36227806605271,多摩川
大田区|大森北2丁目,120240.79873303993,1,392.7395578165446,多摩川
大田区|大森北2丁目,120240.79873303993,1,26.184299290222175,多摩川
大田区|大森北2丁目,120240.79873303993,1,26.18404974399026,多摩川
大田区|大森北2丁目,120240.79873303993,1,209.45515413340402,多摩川
大田区|大森北2丁目,120240.79873303993,1,52.36236294085775,多摩川
大田区|大森北2丁目,120240.79873303993,2,98286.13697013324,多摩川
大田区|大森北2丁目,120240.79873303993,2,26.183604046794578,多摩川
大田区|大森北2丁目,120240.79873303993,2,26.18372691849985,多摩川
大田区|大森北2丁目,120240.79873303993,2,26.183607082196197,多摩川
大田区|大森北2丁目,120240.79873303993,2,26.183593615062335,多摩川
大田区|大森北2丁目,120240.79873303993,2,78.54463969189531,多摩川
大田区|大森北3丁目,228242.61055602683,1,103.58096132577889,多摩川
大田区|大森北3丁目,228242.61055602683,1,167.1741417878972,多摩川
大田区|大森北3丁目,228242.61055602683,1,86.14180973551156,多摩川
大田区|大森北3丁目,228242.61055602683,1,26.184874435745428,多摩川
大田区|大森北3丁目,228242.61055602683,1,26.178459045063295,多摩川
大田区|大森北3丁目,228242.61055602683,1,26.17868420104849,多摩川
大田区|大森北3丁目,228242.61055602683,1,78.54890454376762,多摩川
大田区|大森北3丁目,228242.61055602683,1,52.36964251292199,多摩川
大田区|大森北3丁目,228242.61055602683,1,26.18519695833355,多摩川
大田区|大森北3丁目,228242.61055602683,1,52.37071553328131,多摩川
大田区|大森北3丁目,228242.61055602683,1,26.18555376977322,多摩川
大田区|大森北3丁目,228242.61055602683,1,261.82763508742096,多摩川
大田区|大森北3丁目,228242.61055602683,1,445.1065194249358,多摩川
大田区|大森北3丁目,228242.61055602683,1,18.71436783507691,多摩川
大田区|大森北3丁目,228242.61055602683,1,26.179088309696837,多摩川
大田区|大森北3丁目,228242.61055602683,1,52.37022306106415,多摩川
大田区|大森北3丁目,228242.61055602683,1,26.18531459724217,多摩川
大田区|大森北3丁目,228242.61055602683,1,104.72910561585043,多摩川
大田区|大森北3丁目,228242.61055602683,1,104.73508809460628,多摩川
大田区|大森北3丁目,228242.61055602683,1,26.18503833991833,多摩川
大田区|大森北3丁目,228242.61055602683,1,4764.445502753036,多摩川
大田区|大森北3丁目,228242.61055602683,1,26.179129123540093,多摩川
大田区|大森北3丁目,228242.61055602683,1,104.72917324083124,多摩川
大田区|大森北3丁目,228242.61055602683,1,497.455500489374,多摩川
大田区|大森北3丁目,228242.61055602683,1,26.178937425480704,多摩川
大田区|大森北3丁目,228242.61055602683,1,26.178888827067105,多摩川
大田区|大森北3丁目,228242.61055602683,1,157.09349713043585,多摩川
大田区|大森北3丁目,228242.61055602683,1,26.184798457766117,多摩川
大田区|大森北3丁目,228242.61055602683,1,78.54887028734052,多摩川
大田区|大森北3丁目,228242.61055602683,1,26.178768791719467,多摩川
大田区|大森北3丁目,228242.61055602683,1,26.17892934688528,多摩川
大田区|大森北3丁目,228242.61055602683,1,26.185409473322743,多摩川
大田区|大森北3丁目,228242.61055602683,1,26.185507842562316,多摩川
大田区|大森北3丁目,228242.61055602683,1,157.09044272595202,多摩川
大田区|大森北3丁目,228242.61055602683,1,2068.4094738074914,多摩川
大田区|大森北3丁目,228242.61055602683,1,3875.070211992584,多摩川
大田区|大森北3丁目,228242.61055602683,1,157.09933371878273,多摩川
大田区|大森北3丁目,228242.61055602683,1,52.37072173861546,多摩川
大田区|大森北3丁目,228242.61055602683,1,26.17921064233893,多摩川
大田区|大森北3丁目,228242.61055602683,1,0.3861743160237021,多摩川
大田区|大森北3丁目,228242.61055602683,1,52.370454770482546,多摩川
大田区|大森北3丁目,228242.61055602683,1,52.370610600830986,多摩川
大田区|大森北3丁目,228242.61055602683,1,26.185361111849684,多摩川
大田区|大森北3丁目,228242.61055602683,1,52.370905288409254,多摩川
大田区|大森北3丁目,228242.61055602683,1,104.73554462960156,多摩川
大田区|大森北3丁目,228242.61055602683,1,7174.156871734794,多摩川
大田区|大森北3丁目,228242.61055602683,1,52.3707589464925,多摩川
大田区|大森北3丁目,228242.61055602683,1,3351.472278491281,多摩川
大田区|大森北3丁目,228242.61055602683,1,130.90232874492534,多摩川
大田区|大森北3丁目,228242.61055602683,1,78.54399391864224,多摩川
大田区|大森北3丁目,228242.61055602683,1,52.358712676308144,多摩川
大田区|大森北3丁目,228242.61055602683,1,5707.8636600835825,多摩川
大田区|大森北3丁目,228242.61055602683,1,52.363730817642235,多摩川
大田区|大森北3丁目,228242.61055602683,1,26.185000461306146,多摩川
大田区|大森北3丁目,228242.61055602683,1,52.36997437001458,多摩川
大田区|大森北3丁目,228242.61055602683,1,26.185611615013464,多摩川
大田区|大森北3丁目,228242.61055602683,1,26.179140409331154,多摩川
大田区|大森北3丁目,228242.61055602683,1,26.18540226556684,多摩川
大田区|大森北3丁目,228242.61055602683,1,52.3707779779813,多摩川
大田区|大森北3丁目,228242.61055602683,1,52.364641262080774,多摩川
大田区|大森北3丁目,228242.61055602683,1,104.73981842507395,多摩川
大田区|大森北3丁目,228242.61055602683,1,78.54894293505542,多摩川
大田区|大森北3丁目,228242.61055602683,1,26.185469709444703,多摩川
大田区|大森北3丁目,228242.61055602683,1,654.5823147195501,多摩川
大田区|大森北3丁目,228242.61055602683,1,26.184988093662664,多摩川
大田区|大森北3丁目,228242.61055602683,1,52.36456261573227,多摩川
大田区|大森北3丁目,228242.61055602683,1,26.185075631388038,多摩川
大田区|大森北3丁目,228242.61055602683,1,104.72794893740998,多摩川
大田区|大森北3丁目,228242.61055602683,1,942.5863931729856,多摩川
大田区|大森北3丁目,228242.61055602683,1,52.36421604737149,多摩川
大田区|大森北3丁目,228242.61055602683,1,26.178972606311746,多摩川
大田区|大森北3丁目,228242.61055602683,1,26.18531029277351,多摩川
大田区|大森北3丁目,228242.61055602683,1,26.184526980044016,多摩川
大田区|大森北3丁目,228242.61055602683,1,52.36286400595196,多摩川
大田区|大森北3丁目,228242.61055602683,1,104.72632095134705,多摩川
大田区|大森北3丁目,228242.61055602683,1,78.5410433222053,多摩川
大田区|大森北3丁目,228242.61055602683,1,78.54761286319973,多摩川
大田区|大森北3丁目,228242.61055602683,1,52.368979497895026,多摩川
大田区|大森北3丁目,228242.61055602683,1,104.7379816487905,多摩川
大田区|大森北3丁目,228242.61055602683,1,130.91132989475548,多摩川
大田区|大森北3丁目,228242.61055602683,1,26.18448991670845,多摩川
大田区|大森北3丁目,228242.61055602683,1,78.5473421718412,多摩川
大田区|大森北3丁目,228242.61055602683,1,78.54779227998132,多摩川
大田区|大森北3丁目,228242.61055602683,1,52.356439366905605,多摩川
大田区|大森北3丁目,228242.61055602683,1,104.73206009873972,多摩川
大田区|大森北3丁目,228242.61055602683,1,785.4645921584661,多摩川
大田区|大森北3丁目,228242.61055602683,1,235.64897726925858,多摩川
大田区|大森北3丁目,228242.61055602683,1,104.73292579720946,多摩川
大田区|大森北3丁目,228242.61055602683,1,26.184490708474147,多摩川
大田区|大森北3丁目,228242.61055602683,1,26.184477195351292,多摩川
大田区|大森北3丁目,228242.61055602683,1,52.36281809177769,多摩川
大田区|大森北3丁目,228242.61055602683,1,26.17834074652484,多摩川
大田区|大森北3丁目,228242.61055602683,1,549.8358598787685,多摩川
大田区|大森北3丁目,228242.61055602683,1,26.184571479377247,多摩川
大田区|大森北3丁目,228242.61055602683,1,26.184571343992808,多摩川
大田区|大森北3丁目,228242.61055602683,1,26.18469185346386,多摩川
大田区|大森北3丁目,228242.61055602683,1,52.36289971814461,多摩川
大田区|大森北3丁目,228242.61055602683,1,26.184678868089115,多摩川
大田区|大森北3丁目,228242.61055602683,1,261.83195393397955,多摩川
大田区|大森北3丁目,228242.61055602683,1,52.362929620287616,多摩川
大田区|大森北3丁目,228242.61055602683,1,26.184639077147445,多摩川
大田区|大森北3丁目,228242.61055602683,1,497.472185664386,多摩川
大田区|大森北3丁目,228242.61055602683,1,26.18457242193852,多摩川
大田区|大森北3丁目,228242.61055602683,1,78.54840047936479,多摩川
大田区|大森北3丁目,228242.61055602683,1,157.09475674021638,多摩川
大田区|大森北3丁目,228242.61055602683,1,52.3567648970133,多摩川
大田区|大森北3丁目,228242.61055602683,1,26.178462705869613,多摩川
大田区|大森北3丁目,228242.61055602683,1,26.178342689916065,多摩川
大田区|大森北3丁目,228242.61055602683,2,189666.5927603877,多摩川
大田区|大森北3丁目,228242.61055602683,2,104.74014738288909,多摩川
大田区|大森北3丁目,228242.61055602683,2,78.555302594775,多摩川
大田区|大森北3丁目,228242.61055602683,2,157.098456784922,多摩川
大田区|大森北3丁目,228242.61055602683,2,26.184722244304183,多摩川
大田区|大森北3丁目,228242.61055602683,2,78.5548424348521,多摩川
大田区|大森北3丁目,228242.61055602683,2,523.6594489572748,多摩川
大田区|大森北3丁目,228242.61055602683,2,26.18537093329671,多摩川
大田区|大森北3丁目,228242.61055602683,2,104.7332349003375,多摩川
大田区|大森北3丁目,228242.61055602683,2,26.178650410111548,多摩川
大田区|大森北3丁目,228242.61055602683,2,104.72825808027736,多摩川
大田区|大森北3丁目,228242.61055602683,2,26.178731240290233,多摩川
大田区|大森北3丁目,228242.61055602683,2,26.18536362941918,多摩川
大田区|大森北4丁目,161105.67045927435,1,78.54782036939042,多摩川
大田区|大森北4丁目,161105.67045927435,1,52.36978576031674,多摩川
大田区|大森北4丁目,161105.67045927435,1,52.363519887335194,多摩川
大田区|大森北4丁目,161105.67045927435,1,26.18494878227836,多摩川
大田区|大森北4丁目,161105.67045927435,1,52.363573665527625,多摩川
大田区|大森北4丁目,161105.67045927435,1,1282.9469699114004,多摩川
大田区|大森北4丁目,161105.67045927435,1,157.09638706202614,多摩川
大田区|大森北4丁目,161105.67045927435,1,26.18496236416814,多摩川
大田区|大森北4丁目,161105.67045927435,1,130.91215144412288,多摩川
大田区|大森北4丁目,161105.67045927435,1,288.01073635530486,多摩川
大田区|大森北4丁目,161105.67045927435,1,183.28968881496579,多摩川
大田区|大森北4丁目,161105.67045927435,1,26.185149991940403,多摩川
大田区|大森北4丁目,161105.67045927435,1,1021.1417489926404,多摩川
大田区|大森北4丁目,161105.67045927435,1,26.185212405325274,多摩川
大田区|大森北4丁目,161105.67045927435,1,26.185150189551795,多摩川
大田区|大森北4丁目,161105.67045927435,1,26.185123381343292,多摩川
大田区|大森北4丁目,161105.67045927435,1,26.18543984091953,多摩川
大田区|大森北4丁目,161105.67045927435,1,785.4653177667923,多摩川
大田区|大森北4丁目,161105.67045927435,1,78.54255352727279,多摩川
大田区|大森北4丁目,161105.67045927435,1,78.55535783004935,多摩川
大田区|大森北4丁目,161105.67045927435,1,26.18519083434771,多摩川
大田区|大森北4丁目,161105.67045927435,1,52.36453462224838,多摩川
大田区|大森北4丁目,161105.67045927435,1,26.18482979535299,多摩川
大田区|大森北4丁目,161105.67045927435,1,314.1934843972323,多摩川
大田区|大森北4丁目,161105.67045927435,1,26.178782171688056,多摩川
大田区|大森北4丁目,161105.67045927435,1,235.6524704934268,多摩川
大田区|大森北4丁目,161105.67045927435,1,209.46771257894025,多摩川
大田区|大森北4丁目,161105.67045927435,1,523.6529822681526,多摩川
大田区|大森北4丁目,161105.67045927435,1,52.36429898686472,多摩川
大田区|大森北4丁目,161105.67045927435,1,392.7557704965205,多摩川
大田区|大森北4丁目,161105.67045927435,1,26.185200267807126,多摩川
大田区|大森北4丁目,161105.67045927435,1,1518.5747048871215,多摩川
大田区|大森北4丁目,161105.67045927435,1,497.4856708045572,多摩川
大田区|大森北4丁目,161105.67045927435,1,104.73490720860806,多摩川
大田区|大森北4丁目,161105.67045927435,1,235.64860443499214,多摩川
大田区|大森北4丁目,161105.67045927435,1,78.54897518874118,多摩川
大田区|大森北4丁目,161105.67045927435,1,26.185031561895276,多摩川
大田区|大森北4丁目,161105.67045927435,1,1570.975438367814,多摩川
大田区|大森北4丁目,161105.67045927435,1,26.185191950866216,多摩川
大田区|大森北4丁目,161105.67045927435,1,104.72721128077441,多摩川
大田区|大森北4丁目,161105.67045927435,1,26.184911546759842,多摩川
大田区|大森北4丁目,161105.67045927435,1,52.36442589688276,多摩川
大田区|大森北4丁目,161105.67045927435,1,26.18523249610481,多摩川
大田区|大森北4丁目,161105.67045927435,1,130.90741437430896,多摩川
大田区|大森北4丁目,161105.67045927435,1,26.184804620032835,多摩川
大田区|大森北4丁目,161105.67045927435,1,26.18484477993995,多摩川
大田区|大森北4丁目,161105.67045927435,1,26.184925017396495,多摩川
大田区|大森北4丁目,161105.67045927435,1,864.0240564559466,多摩川
大田区|大森北4丁目,161105.67045927435,1,26.18490057633785,多摩川
大田区|大森北4丁目,161105.67045927435,1,235.6542190110988,多摩川
大田区|大森北4丁目,161105.67045927435,1,26.185152792377792,多摩川
大田区|大森北4丁目,161105.67045927435,1,78.55524673219844,多摩川
大田区|大森北4丁目,161105.67045927435,1,157.1086000874811,多摩川
大田区|大森北4丁目,161105.67045927435,1,35747.548420002364,多摩川
大田区|大森北4丁目,161105.67045927435,1,497.48124197445134,多摩川
大田区|大森北4丁目,161105.67045927435,1,26.18508172840822,多摩川
大田区|大森北4丁目,161105.67045927435,1,104.72721577169351,多摩川
大田区|大森北4丁目,161105.67045927435,1,26.17834129544709,多摩川
大田区|大森北4丁目,161105.67045927435,1,834.2790911171837,多摩川
大田区|大森北4丁目,161105.67045927435,1,1204.4015848599122,多摩川
大田区|大森北4丁目,161105.67045927435,1,26.17857550502265,多摩川
大田区|大森北4丁目,161105.67045927435,1,157.09801952233954,多摩川
大田区|大森北4丁目,161105.67045927435,1,576.0344871059702,多摩川
大田区|大森北4丁目,161105.67045927435,1,52.3697462818358,多摩川
大田区|大森北4丁目,161105.67045927435,1,104.72092937414675,多摩川
大田区|大森北4丁目,161105.67045927435,1,26.17885674196073,多摩川
大田区|大森北4丁目,161105.67045927435,1,392.7366593033144,多摩川
大田区|大森北4丁目,161105.67045927435,1,2418.6466129246505,多摩川
大田区|大森北4丁目,161105.67045927435,1,26.184873819956422,多摩川
大田区|大森北4丁目,161105.67045927435,1,99.6314659041654,多摩川
大田区|大森北4丁目,161105.67045927435,1,26.13348216361295,多摩川
大田区|大森北4丁目,161105.67045927435,1,13.294782575594411,多摩川
大田区|大森北4丁目,161105.67045927435,1,2356.4051801861565,多摩川
大田区|大森北4丁目,161105.67045927435,1,602.2081142814274,多摩川
大田区|大森北4丁目,161105.67045927435,1,549.8364026058442,多摩川
大田区|大森北4丁目,161105.67045927435,1,1256.762904172663,多摩川
大田区|大森北4丁目,161105.67045927435,1,78.53581105222531,多摩川
大田区|大森北4丁目,161105.67045927435,1,4686.672950072524,多摩川
大田区|大森北4丁目,161105.67045927435,1,26.18464139005131,多摩川
大田区|大森北4丁目,161105.67045927435,1,26.18481140919539,多摩川
大田区|大森北4丁目,161105.67045927435,1,340.3756760814184,多摩川
大田区|大森北4丁目,161105.67045927435,1,130.91748111015065,多摩川
大田区|大森北4丁目,161105.67045927435,1,7.857996960098582,多摩川
大田区|大森北4丁目,161105.67045927435,2,78464.5759288036,多摩川
大田区|大森北4丁目,161105.67045927435,2,130.91296224492143,多摩川
大田区|大森北4丁目,161105.67045927435,2,52.3704341213326,多摩川
大田区|大森北4丁目,161105.67045927435,2,26.185032418664466,多摩川
大田区|大森北4丁目,161105.67045927435,2,26.184832254879893,多摩川
大田区|大森北4丁目,161105.67045927435,2,52.369479816385265,多摩川
大田区|大森北4丁目,161105.67045927435,2,78.54880802183841,多摩川
大田区|大森北4丁目,161105.67045927435,2,26.178946428127396,多摩川
大田区|大森北4丁目,161105.67045927435,2,217.37996770314447,多摩川
大田区|大森北4丁目,161105.67045927435,2,340.38027804814715,多摩川
大田区|大森北4丁目,161105.67045927435,2,26.18482367568493,多摩川
大田区|大森北4丁目,161105.67045927435,2,26.184360765579676,多摩川
大田区|大森北4丁目,161105.67045927435,2,91.22823812751402,多摩川
大田区|大森北4丁目,161105.67045927435,2,26.184824234283646,多摩川
大田区|大森北4丁目,161105.67045927435,2,52.363088516327956,多摩川
大田区|大森北4丁目,161105.67045927435,2,26.18433426942248,多摩川
大田区|大森北4丁目,161105.67045927435,2,20.72717113228264,多摩川
大田区|大森北4丁目,161105.67045927435,2,26.184771594513442,多摩川
大田区|大森北4丁目,161105.67045927435,2,52.35602411816438,多摩川
大田区|大森北4丁目,161105.67045927435,2,26.18433928044385,多摩川
大田区|大森北4丁目,161105.67045927435,2,26.184538183508796,多摩川
大田区|大森北4丁目,161105.67045927435,2,26.17855754268743,多摩川
大田区|大森北4丁目,161105.67045927435,2,26.17830784082598,多摩川
大田区|大森北4丁目,161105.67045927435,2,24.100586219007297,多摩川
大田区|大森北4丁目,161105.67045927435,2,157.09600260064815,多摩川
大田区|大森北5丁目,95602.06839912095,1,26.1792143872755,多摩川
大田区|大森北5丁目,95602.06839912095,1,26.185444902111673,多摩川
大田区|大森北5丁目,95602.06839912095,1,59048.8858228109,多摩川
大田区|大森北5丁目,95602.06839912095,1,759.3164752867368,多摩川
大田区|大森北5丁目,95602.06839912095,1,26.185051215383652,多摩川
大田区|大森北5丁目,95602.06839912095,1,26.185561455250735,多摩川
大田区|大森北5丁目,95602.06839912095,1,26.17913487353362,多摩川
大田区|大森北5丁目,95602.06839912095,1,26.179055014623557,多摩川
大田区|大森北5丁目,95602.06839912095,1,235.64294034338914,多摩川
大田区|大森北5丁目,95602.06839912095,1,183.2788970242743,多摩川
大田区|大森北5丁目,95602.06839912095,1,26.185366342137016,多摩川
大田区|大森北5丁目,95602.06839912095,1,26.185352866228094,多摩川
大田区|大森北5丁目,95602.06839912095,1,261.8345381191442,多摩川
大田区|大森北5丁目,95602.06839912095,1,26.18523341883037,多摩川
大田区|大森北5丁目,95602.06839912095,1,52.36424953096969,多摩川
大田区|大森北5丁目,95602.06839912095,1,26.185246750357912,多摩川
大田区|大森北5丁目,95602.06839912095,1,78.55015596146346,多摩川
大田区|大森北5丁目,95602.06839912095,1,26.185313649580927,多摩川
大田区|大森北5丁目,95602.06839912095,1,3.576758594058822,多摩川
大田区|大森北5丁目,95602.06839912095,1,2091.1592349435323,多摩川
大田区|大森北5丁目,95602.06839912095,1,26.185690795756905,多摩川
大田区|大森北5丁目,95602.06839912095,1,1174.8033083100343,多摩川
大田区|大森北5丁目,95602.06839912095,1,26.179259913509004,多摩川
大田区|大森北5丁目,95602.06839912095,1,26.1855171190177,多摩川
大田区|大森北5丁目,95602.06839912095,1,694.8933748213657,多摩川
大田区|大森北5丁目,95602.06839912095,2,16017.120921945778,多摩川
大田区|大森北5丁目,95602.06839912095,2,392.74260161676165,多摩川
大田区|大森北5丁目,95602.06839912095,2,104.74396892197474,多摩川
大田区|大森北5丁目,95602.06839912095,2,26.185727144961586,多摩川
大田区|大森北5丁目,95602.06839912095,2,52.371668062457644,多摩川
大田区|大森北5丁目,95602.06839912095,2,340.3847505446969,多摩川
大田区|大森北5丁目,95602.06839912095,2,26.18535280577649,多摩川
大田区|大森北5丁目,95602.06839912095,2,26.185575741622507,多摩川
大田区|大森北5丁目,95602.06839912095,2,78.55017693524889,多摩川
大田区|大森北5丁目,95602.06839912095,2,26.18555388678026,多摩川
大田区|大森北5丁目,95602.06839912095,2,26.185553673224852,多摩川
大田区|大森北5丁目,95602.06839912095,2,26.186057705817458,多摩川
大田区|大森北5丁目,95602.06839912095,2,340.38333951010515,多摩川
大田区|大森北5丁目,95602.06839912095,2,52.358834259460956,多摩川
大田区|大森北5丁目,95602.06839912095,2,26.186057855126194,多摩川
大田区|大森北5丁目,95602.06839912095,2,26.17953791702466,多摩川
大田区|大森北5丁目,95602.06839912095,2,26.179497713202906,多摩川
大田区|大森北5丁目,95602.06839912095,2,4.796645313771974,多摩川
大田区|大森北5丁目,95602.06839912095,2,130.92306697770914,多摩川
大田区|大森北5丁目,95602.06839912095,2,130.91999494972475,多摩川
大田区|大森北5丁目,95602.06839912095,2,26.185523916087817,多摩川
大田区|大森北5丁目,95602.06839912095,2,1204.4141633991724,多摩川
大田区|大森北5丁目,95602.06839912095,2,26.185194501251644,多摩川
大田区|大森北5丁目,95602.06839912095,2,26.18549814964677,多摩川
大田区|大森北5丁目,95602.06839912095,2,26.185368908091498,多摩川
大田区|大森北5丁目,95602.06839912095,2,130.92076603463843,多摩川
大田区|大森北5丁目,95602.06839912095,2,438.52268972913004,多摩川
大田区|大森北5丁目,95602.06839912095,2,52.35824624462051,多摩川
大田区|大森北5丁目,95602.06839912095,2,52.358117089677044,多摩川
大田区|大森北5丁目,95602.06839912095,2,52.371095047075336,多摩川
大田区|大森北5丁目,95602.06839912095,2,261.8364894661736,多摩川
大田区|大森北5丁目,95602.06839912095,2,52.37138498246102,多摩川
大田区|大森北5丁目,95602.06839912095,2,26.185596744308054,多摩川
大田区|大森北5丁目,95602.06839912095,2,104.73643518561447,多摩川
大田区|大森北5丁目,95602.06839912095,2,314.21602276786655,多摩川
大田区|大森北5丁目,95602.06839912095,2,288.01520133228195,多摩川
大田区|大森北5丁目,95602.06839912095,2,52.37112802984056,多摩川
大田区|大森北5丁目,95602.06839912095,2,52.36479034432466,多摩川
大田区|大森北6丁目,201846.85529677637,1,77.25858373675995,多摩川
大田区|大森北6丁目,201846.85529677637,1,26.186146797934605,多摩川
大田区|大森北6丁目,201846.85529677637,1,52.372467789671056,多摩川
大田区|大森北6丁目,201846.85529677637,1,52.36649536598633,多摩川
大田区|大森北6丁目,201846.85529677637,1,39.07671673393921,多摩川
大田区|大森北6丁目,201846.85529677637,1,78.54358153879654,多摩川
大田区|大森北6丁目,201846.85529677637,1,4065.910383065484,多摩川
大田区|大森北6丁目,201846.85529677637,1,78.5511889375273,多摩川
大田区|大森北6丁目,201846.85529677637,1,0.9151015045740899,多摩川
大田区|大森北6丁目,201846.85529677637,1,26.18595713324745,多摩川
大田区|大森北6丁目,201846.85529677637,1,26.179490255252958,多摩川
大田区|大森北6丁目,201846.85529677637,1,26.18554739225106,多摩川
大田区|大森北6丁目,201846.85529677637,1,26.185507175042012,多摩川
大田区|大森北6丁目,201846.85529677637,1,104.7306113576572,多摩川
大田区|大森北6丁目,201846.85529677637,1,994.9723277903521,多摩川
大田区|大森北6丁目,201846.85529677637,1,26.1856681521283,多摩川
大田区|大森北6丁目,201846.85529677637,1,130.9153887441753,多摩川
大田区|大森北6丁目,201846.85529677637,1,104.73904735827692,多摩川
大田区|大森北6丁目,201846.85529677637,1,25.799387461056277,多摩川
大田区|大森北6丁目,201846.85529677637,1,26.18577806741412,多摩川
大田区|大森北6丁目,201846.85529677637,1,78.54507200841496,多摩川
大田区|大森北6丁目,201846.85529677637,1,130.91899285902915,多摩川
大田区|大森北6丁目,201846.85529677637,1,445.12471446258104,多摩川
大田区|大森北6丁目,201846.85529677637,1,26.18579673511721,多摩川
大田区|大森北6丁目,201846.85529677637,1,26.179412332271653,多摩川
大田区|大森北6丁目,201846.85529677637,1,26.17982257425117,多摩川
大田区|大森北6丁目,201846.85529677637,1,26.18588395594406,多摩川
大田区|大森北6丁目,201846.85529677637,1,104.7245894957145,多摩川
大田区|大森北6丁目,201846.85529677637,1,26.18560299467298,多摩川
大田区|大森北6丁目,201846.85529677637,1,26.185830550264882,多摩川
大田区|大森北6丁目,201846.85529677637,1,26.185843862828094,多摩川
大田区|大森北6丁目,201846.85529677637,1,3743.1058211661293,多摩川
大田区|大森北6丁目,201846.85529677637,1,26.18524905556574,多摩川
大田区|大森北6丁目,201846.85529677637,1,78.55792514954784,多摩川
大田区|大森北6丁目,201846.85529677637,1,733.1455086374436,多摩川
大田区|大森北6丁目,201846.85529677637,1,52.36501736354505,多摩川
大田区|大森北6丁目,201846.85529677637,1,471.3156489057901,多摩川
大田区|大森北6丁目,201846.85529677637,1,52.37112837555875,多摩川
大田区|大森北6丁目,201846.85529677637,1,52.37141758795583,多摩川
大田区|大森北6丁目,201846.85529677637,1,52.36507365480989,多摩川
大田区|大森北6丁目,201846.85529677637,1,26.186045753876066,多摩川
大田区|大森北6丁目,201846.85529677637,1,78.55130985938912,多摩川
大田区|大森北6丁目,201846.85529677637,1,26.179494509161767,多摩川
大田区|大森北6丁目,201846.85529677637,1,26.179944619488218,多摩川
大田区|大森北6丁目,201846.85529677637,1,157.0979106629051,多摩川
大田区|大森北6丁目,201846.85529677637,1,1073.522433595499,多摩川
大田区|大森北6丁目,201846.85529677637,1,130.92105072793683,多摩川
大田区|大森北6丁目,201846.85529677637,1,2356.530968803595,多摩川
大田区|大森北6丁目,201846.85529677637,1,26.17961511255314,多摩川
大田区|大森北6丁目,201846.85529677637,1,209.46841439307252,多摩川
大田区|大森北6丁目,201846.85529677637,1,52.093293048953676,多摩川
大田区|大森北6丁目,201846.85529677637,1,26.18608257740292,多摩川
大田区|大森北6丁目,201846.85529677637,1,680.7862606768873,多摩川
大田区|大森北6丁目,201846.85529677637,1,26.186256483785172,多摩川
大田区|大森北6丁目,201846.85529677637,1,26.185873375243748,多摩川
大田区|大森北6丁目,201846.85529677637,2,184092.4350228212,多摩川
大田区|大森北6丁目,201846.85529677637,2,26.185688900292902,多摩川
大田区|大森北6丁目,201846.85529677637,2,26.185479548336726,多摩川
大田区|大森北6丁目,201846.85529677637,2,26.179253094575746,多摩川
大田区|大森北6丁目,201846.85529677637,2,26.185551519343342,多摩川
大田区|大森本町1丁目,106935.23699062712,1,0.05782838476302766,多摩川
大田区|大森本町1丁目,106935.23699062712,1,41.49778796109227,多摩川
大田区|大森本町1丁目,106935.23699062712,1,12.823823535111728,多摩川
大田区|大森本町1丁目,106935.23699062712,1,0.42343559092746896,多摩川
大田区|大森本町1丁目,106935.23699062712,1,12.375044750495404,多摩川
大田区|大森本町1丁目,106935.23699062712,1,16.02194528955199,多摩川
大田区|大森本町1丁目,106935.23699062712,1,1937.5268243024125,多摩川
大田区|大森本町1丁目,106935.23699062712,1,26.178482505886983,多摩川
大田区|大森本町1丁目,106935.23699062712,1,26.17880367214657,多摩川
大田区|大森本町1丁目,106935.23699062712,1,471.2908698758594,多摩川
大田区|大森本町1丁目,106935.23699062712,1,104.72839216436466,多摩川
大田区|大森本町1丁目,106935.23699062712,1,183.26813563225312,多摩川
大田区|大森本町1丁目,106935.23699062712,1,5184.137813782131,多摩川
大田区|大森本町1丁目,106935.23699062712,1,104.7268480365119,多摩川
大田区|大森本町1丁目,106935.23699062712,1,1204.4037977737491,多摩川
大田区|大森本町1丁目,106935.23699062712,1,52.37063517894322,多摩川
大田区|大森本町1丁目,106935.23699062712,1,26.178924591329867,多摩川
大田区|大森本町1丁目,106935.23699062712,1,52.36456964916013,多摩川
大田区|大森本町1丁目,106935.23699062712,1,53.52219071503537,多摩川
大田区|大森本町1丁目,106935.23699062712,1,68.4782239097822,多摩川
大田区|大森本町1丁目,106935.23699062712,1,44.76943064804912,多摩川
大田区|大森本町1丁目,106935.23699062712,1,5000.783208484325,多摩川
大田区|大森本町1丁目,106935.23699062712,1,52.36213370465522,多摩川
大田区|大森本町1丁目,106935.23699062712,1,24386.47853573414,多摩川
大田区|大森本町1丁目,106935.23699062712,1,26.18432521828337,多摩川
大田区|大森本町1丁目,106935.23699062712,1,183.2787069768183,多摩川
大田区|大森本町1丁目,106935.23699062712,1,130.910282009534,多摩川
大田区|大森本町1丁目,106935.23699062712,1,104.73217053702606,多摩川
大田区|大森本町1丁目,106935.23699062712,1,26.176818534327296,多摩川
大田区|大森本町1丁目,106935.23699062712,1,26.183483137894363,多摩川
大田区|大森本町1丁目,106935.23699062712,1,130.91144200788668,多摩川
大田区|大森本町1丁目,106935.23699062712,1,0.7226442634472521,多摩川
大田区|大森本町1丁目,106935.23699062712,1,52.36711376469198,多摩川
大田区|大森本町1丁目,106935.23699062712,1,52.36096442938563,多摩川
大田区|大森本町1丁目,106935.23699062712,1,26.18381319738066,多摩川
大田区|大森本町1丁目,106935.23699062712,1,26.177583306835672,多摩川
大田区|大森本町1丁目,106935.23699062712,1,26.18375107538185,多摩川
大田区|大森本町1丁目,106935.23699062712,1,26.18376427769902,多摩川
大田区|大森本町1丁目,106935.23699062712,1,12.94600875763324,多摩川
大田区|大森本町1丁目,106935.23699062712,2,48127.721875733645,多摩川
大田区|大森本町1丁目,106935.23699062712,2,26.178482444040288,多摩川
大田区|大森本町1丁目,106935.23699062712,2,26.18491349301268,多摩川
大田区|大森本町1丁目,106935.23699062712,2,26.184333493453636,多摩川
大田区|大森本町1丁目,106935.23699062712,2,26.184190942274903,多摩川
大田区|大森本町1丁目,106935.23699062712,2,157.07352729423744,多摩川
大田区|大森本町1丁目,106935.23699062712,2,52.362165739494365,多摩川
大田区|大森本町1丁目,106935.23699062712,2,52.35426369034573,多摩川
大田区|大森本町1丁目,106935.23699062712,2,288.00525952461044,多摩川
大田区|大森本町1丁目,106935.23699062712,2,52.367503198794374,多摩川
大田区|大森本町1丁目,106935.23699062712,2,26.177012224474673,多摩川
大田区|大森本町1丁目,106935.23699062712,2,26.183643504816704,多摩川
大田区|大森本町1丁目,106935.23699062712,2,26.178064415040694,多摩川
大田区|大森本町1丁目,106935.23699062712,2,62.333840443158145,多摩川
大田区|大森本町2丁目,116998.30368141778,1,157.11024736323353,多摩川
大田区|大森本町2丁目,116998.30368141778,1,51.1757671427144,多摩川
大田区|大森本町2丁目,116998.30368141778,1,2.815781247734395,多摩川
大田区|大森本町2丁目,116998.30368141778,1,24.87808952803688,多摩川
大田区|大森本町2丁目,116998.30368141778,1,235.65300531455694,多摩川
大田区|大森本町2丁目,116998.30368141778,1,104.72297585613939,多摩川
大田区|大森本町2丁目,116998.30368141778,1,37.806816270642415,多摩川
大田区|大森本町2丁目,116998.30368141778,1,1361.535183755824,多摩川
大田区|大森本町2丁目,116998.30368141778,1,157.107565972817,多摩川
大田区|大森本町2丁目,116998.30368141778,1,52.35840925185771,多摩川
大田区|大森本町2丁目,116998.30368141778,1,26.18567139910585,多摩川
大田区|大森本町2丁目,116998.30368141778,1,52.37092336672511,多摩川
大田区|大森本町2丁目,116998.30368141778,1,26.1855018656341,多摩川
大田区|大森本町2丁目,116998.30368141778,1,418.9198870414257,多摩川
大田区|大森本町2丁目,116998.30368141778,1,1806.6690739506114,多摩川
大田区|大森本町2丁目,116998.30368141778,1,418.9455702342986,多摩川
大田区|大森本町2丁目,116998.30368141778,1,78.55664277716906,多摩川
大田区|大森本町2丁目,116998.30368141778,1,26.185556418956097,多摩川
大田区|大森本町2丁目,116998.30368141778,1,78.55167884043398,多摩川
大田区|大森本町2丁目,116998.30368141778,1,209.4700102149767,多摩川
大田区|大森本町2丁目,116998.30368141778,1,52.37246421371761,多摩川
大田区|大森本町2丁目,116998.30368141778,1,26.179927897372533,多摩川
大田区|大森本町2丁目,116998.30368141778,1,52.36460220834223,多摩川
大田区|大森本町2丁目,116998.30368141778,1,130.9150062887412,多摩川
大田区|大森本町2丁目,116998.30368141778,1,183.28743147026535,多摩川
大田区|大森本町2丁目,116998.30368141778,1,52.37169794643175,多摩川
大田区|大森本町2丁目,116998.30368141778,1,288.0198448426747,多摩川
大田区|大森本町2丁目,116998.30368141778,1,340.37546778487916,多摩川
大田区|大森本町2丁目,116998.30368141778,1,26.186065097676597,多摩川
大田区|大森本町2丁目,116998.30368141778,1,209.47010609794452,多摩川
大田区|大森本町2丁目,116998.30368141778,1,26.18627945932367,多摩川
大田区|大森本町2丁目,116998.30368141778,1,26.186386487911065,多摩川
大田区|大森本町2丁目,116998.30368141778,1,78.55066325685284,多摩川
大田区|大森本町2丁目,116998.30368141778,1,968.8006613852275,多摩川
大田区|大森本町2丁目,116998.30368141778,1,288.01174993608356,多摩川
大田区|大森本町2丁目,116998.30368141778,1,26.180169221022908,多摩川
大田区|大森本町2丁目,116998.30368141778,1,26.186159663300902,多摩川
大田区|大森本町2丁目,116998.30368141778,1,26.180058173661145,多摩川
大田区|大森本町2丁目,116998.30368141778,1,78.54605727839218,多摩川
大田区|大森本町2丁目,116998.30368141778,1,26.18619975417313,多摩川
大田区|大森本町2丁目,116998.30368141778,1,78.55264267130721,多摩川
大田区|大森本町2丁目,116998.30368141778,1,78.55355484166061,多摩川
大田区|大森本町2丁目,116998.30368141778,1,26.186146331756245,多摩川
大田区|大森本町2丁目,116998.30368141778,1,106.03794460132187,多摩川
大田区|大森本町2丁目,116998.30368141778,1,26.179889184958654,多摩川
大田区|大森本町2丁目,116998.30368141778,1,13.283512451354984,多摩川
大田区|大森本町2丁目,116998.30368141778,1,26.186240333207405,多摩川
大田区|大森本町2丁目,116998.30368141778,2,106250.58415080087,多摩川
大田区|大森本町2丁目,116998.30368141778,2,104.73627471581742,多摩川
大田区|山王3丁目,238372.41759630587,1,634.4523661693671,多摩川
大田区|山王3丁目,238372.41759630587,1,124.60040282972004,多摩川
大田区|山王3丁目,238372.41759630587,1,5.095586750571369,多摩川
大田区|山王3丁目,238372.41759630587,1,0.051512520323961225,多摩川
大田区|山王3丁目,238372.41759630587,1,235.6390472068322,多摩川
大田区|山王3丁目,238372.41759630587,1,78.53570004408635,多摩川
大田区|山王3丁目,238372.41759630587,1,52.364035958543,多摩川
大田区|山王3丁目,238372.41759630587,1,3456.1750446683195,多摩川
大田区|山王3丁目,238372.41759630587,1,3.4469709005662583,多摩川
大田区|山王3丁目,238372.41759630587,1,4.179678669617434,多摩川
大田区|山王3丁目,238372.41759630587,1,26.185611502262162,多摩川
大田区|山王3丁目,238372.41759630587,1,26.185571856273917,多摩川
大田区|山王3丁目,238372.41759630587,1,26.18555857083419,多摩川
大田区|山王3丁目,238372.41759630587,1,26.17930099599486,多摩川
大田区|山王3丁目,238372.41759630587,1,52.364762271669655,多摩川
大田区|山王3丁目,238372.41759630587,1,52.37119345075151,多摩川
大田区|山王3丁目,238372.41759630587,1,130.91503325574033,多摩川
大田区|山王3丁目,238372.41759630587,1,26.185478480995364,多摩川
大田区|山王3丁目,238372.41759630587,1,26.185532014887894,多摩川
大田区|山王3丁目,238372.41759630587,1,1125.880208252169,多摩川
大田区|山王3丁目,238372.41759630587,1,130.90805583726592,多摩川
大田区|山王3丁目,238372.41759630587,1,1657.9238778482168,多摩川
大田区|山王3丁目,238372.41759630587,1,18.32658230113006,多摩川
大田区|山王3丁目,238372.41759630587,1,26.184767199651546,多摩川
大田区|山王3丁目,238372.41759630587,1,26.184740445096523,多摩川
大田区|山王3丁目,238372.41759630587,2,25462.715168955096,多摩川
大田区|山王3丁目,238372.41759630587,2,26.184955556252504,多摩川
大田区|山王3丁目,238372.41759630587,2,52.36462996660994,多摩川
大田区|山王3丁目,238372.41759630587,2,26.18533209866996,多摩川
大田区|山王3丁目,238372.41759630587,2,28.26246274260403,多摩川
大田区|平和の森公園,131920.71184024177,1,78.55786618713013,多摩川
大田区|平和の森公園,131920.71184024177,1,78.55173761991287,多摩川
大田区|平和の森公園,131920.71184024177,1,26.185915061504254,多摩川
大田区|平和の森公園,131920.71184024177,1,32.167147025283185,多摩川
大田区|平和の森公園,131920.71184024177,1,52.36539946340709,多摩川
大田区|平和の森公園,131920.71184024177,1,1.1962109145238615,多摩川
大田区|平和の森公園,131920.71184024177,1,26.179684774689385,多摩川
大田区|平和の森公園,131920.71184024177,1,52.36494564760599,多摩川
大田区|平和の森公園,131920.71184024177,1,26.179533363816894,多摩川
大田区|平和の森公園,131920.71184024177,1,26.185594664485393,多摩川
大田区|平和の森公園,131920.71184024177,1,52.36486524973488,多摩川
大田区|平和の森公園,131920.71184024177,1,78.55722119023316,多摩川
大田区|平和の森公園,131920.71184024177,1,26.185911258387144,多摩川
大田区|平和の森公園,131920.71184024177,1,23.363792575782885,多摩川
大田区|平和の森公園,131920.71184024177,1,1.3075455844396817,多摩川
大田区|平和の森公園,131920.71184024177,1,26.1856349939912,多摩川
大田区|平和の森公園,131920.71184024177,1,26.18515355673592,多摩川
大田区|平和の森公園,131920.71184024177,1,26.185113476020092,多摩川
大田区|平和の森公園,131920.71184024177,1,26.127271747439615,多摩川
大田区|平和の森公園,131920.71184024177,1,298.87979288483075,多摩川
大田区|平和の森公園,131920.71184024177,1,1.7338249054340442,多摩川
大田区|平和の森公園,131920.71184024177,1,25.75549660671261,多摩川
大田区|平和の森公園,131920.71184024177,1,13.809948590315013,多摩川
大田区|平和の森公園,131920.71184024177,1,10.15673744781239,多摩川
大田区|平和の森公園,131920.71184024177,2,1512.005385690515,多摩川
大田区|平和の森公園,131920.71184024177,2,26.179644331065255,多摩川
大田区|平和の森公園,131920.71184024177,2,130.92299856457507,多摩川
大田区|平和の森公園,131920.71184024177,2,26.185830840259417,多摩川
大田区|平和の森公園,131920.71184024177,2,78.54466168749944,多摩川
大田区|平和の森公園,131920.71184024177,2,52.36486516386751,多摩川
大田区|ふるさとの浜辺公園,47021.50953921268,1,21.514266223085535,多摩川
大田区|ふるさとの浜辺公園,47021.50953921268,2,443.4134443146489,多摩川
大田区|中央1丁目,101501.01343748896,1,6225.520155108913,多摩川
大田区|中央1丁目,101501.01343748896,1,52.37153726980086,多摩川
大田区|中央1丁目,101501.01343748896,1,52.359379899096545,多摩川
大田区|中央1丁目,101501.01343748896,1,26.185883059436343,多摩川
大田区|中央1丁目,101501.01343748896,1,26.179585489779573,多摩川
大田区|中央1丁目,101501.01343748896,1,366.57066431870976,多摩川
大田区|中央1丁目,101501.01343748896,1,26.185842973848416,多摩川
大田区|中央1丁目,101501.01343748896,1,748.1143929209674,多摩川
大田区|中央1丁目,101501.01343748896,2,7017.278317752087,多摩川
大田区|中央1丁目,101501.01343748896,2,340.3922994224969,多摩川
大田区|中央2丁目,120482.53033877461,1,26.185732018686238,多摩川
大田区|中央2丁目,120482.53033877461,1,130.91006884382264,多摩川
大田区|中央2丁目,120482.53033877461,1,26.185718916379443,多摩川
大田区|中央2丁目,120482.53033877461,1,26.18567927871907,多摩川
大田区|中央2丁目,120482.53033877461,1,26.179591358057262,多摩川
大田区|中央2丁目,120482.53033877461,1,26.185639426909713,多摩川
大田区|中央2丁目,120482.53033877461,1,52.35889367642238,多摩川
大田区|中央2丁目,120482.53033877461,1,26.186321731519456,多摩川
大田区|中央2丁目,120482.53033877461,1,992.7715101420657,多摩川
大田区|中央2丁目,120482.53033877461,1,52.371471525179295,多摩川
大田区|中央2丁目,120482.53033877461,1,26.17930246439517,多摩川
大田区|中央2丁目,120482.53033877461,1,26.18625237198981,多摩川
大田区|中央2丁目,120482.53033877461,2,113745.32091654974,多摩川
大田区|中央3丁目,170471.24655813878,2,170471.2465581388,多摩川
大田区|中央4丁目,174868.5126021303,1,1503.6689595898742,多摩川
大田区|中央4丁目,174868.5126021303,1,26.179868766264075,多摩川
大田区|中央4丁目,174868.5126021303,1,78.55840493988352,多摩川
大田区|中央4丁目,174868.5126021303,1,26.180118648655046,多摩川
大田区|中央4丁目,174868.5126021303,1,314.1970165739933,多摩川
大田区|中央4丁目,174868.5126021303,1,157.11139154383048,多摩川
大田区|中央4丁目,174868.5126021303,1,52.36666978347626,多摩川
大田区|中央4丁目,174868.5126021303,1,2962.194803703678,多摩川
大田区|中央4丁目,174868.5126021303,1,104.74554939571976,多摩川
大田区|中央4丁目,174868.5126021303,2,15384.943082205,多摩川
大田区|中央6丁目,143349.9243188863,1,7860.491863625959,多摩川
大田区|中央6丁目,143349.9243188863,2,5625.725273949178,多摩川
大田区|中央7丁目,102447.79513776509,1,864.1031307209024,多摩川
大田区|中央7丁目,102447.79513776509,2,101583.6920070442,多摩川
大田区|中央8丁目,240566.37493866985,1,84.30487934887515,多摩川
大田区|中央8丁目,240566.37493866985,1,36.149224652822106,多摩川
大田区|中央8丁目,240566.37493866985,1,11.459593530431782,多摩川
大田区|中央8丁目,240566.37493866985,1,261.85712214863577,多摩川
大田区|中央8丁目,240566.37493866985,1,40.58436858535421,多摩川
大田区|中央8丁目,240566.37493866985,1,10.648645812840646,多摩川
大田区|中央8丁目,240566.37493866985,1,17.567930471874938,多摩川
大田区|中央8丁目,240566.37493866985,1,3122.645486663381,多摩川
大田区|中央8丁目,240566.37493866985,1,26.18861685163492,多摩川
大田区|中央8丁目,240566.37493866985,1,1702.115124602759,多摩川
大田区|中央8丁目,240566.37493866985,1,78.55280927885588,多摩川
大田区|中央8丁目,240566.37493866985,1,157.1162866677928,多摩川
大田区|中央8丁目,240566.37493866985,1,209.49816235415878,多摩川
大田区|中央8丁目,240566.37493866985,1,26.18809899672992,多摩川
大田区|中央8丁目,240566.37493866985,1,26.1880325883292,多摩川
大田区|中央8丁目,240566.37493866985,1,26.18801926972754,多摩川
大田区|中央8丁目,240566.37493866985,1,26.181721348838703,多摩川
大田区|中央8丁目,240566.37493866985,1,340.40587295366214,多摩川
大田区|中央8丁目,240566.37493866985,1,26.187992765223107,多摩川
大田区|中央8丁目,240566.37493866985,1,130.9268095094874,多摩川
大田区|中央8丁目,240566.37493866985,1,26.187912953886514,多摩川
大田区|中央8丁目,240566.37493866985,1,26.1878996574396,多摩川
大田区|中央8丁目,240566.37493866985,1,78.54939222819989,多摩川
大田区|中央8丁目,240566.37493866985,1,130.9391348987367,多摩川
大田区|中央8丁目,240566.37493866985,1,26.181521915947002,多摩川
大田区|中央8丁目,240566.37493866985,1,26.187311611116407,多摩川
大田区|中央8丁目,240566.37493866985,1,26.187820027479752,多摩川
大田区|中央8丁目,240566.37493866985,1,26.18152214748946,多摩川
大田区|中央8丁目,240566.37493866985,1,1073.5934326195968,多摩川
大田区|中央8丁目,240566.37493866985,1,26.18165183582003,多摩川
大田区|中央8丁目,240566.37493866985,2,221792.35520081664,多摩川
大田区|中央8丁目,240566.37493866985,2,26.188162448875968,多摩川
大田区|中央8丁目,240566.37493866985,2,26.181851185699998,多摩川
大田区|中央8丁目,240566.37493866985,2,26.187913047046,多摩川
大田区|中央8丁目,240566.37493866985,2,26.18758550659505,多摩川
大田区|中央8丁目,240566.37493866985,2,26.187939639403623,多摩川
大田区|中央8丁目,240566.37493866985,2,26.18104053552488,多摩川
大田区|中央8丁目,240566.37493866985,2,25.832947026237065,多摩川
大田区|中央8丁目,240566.37493866985,2,26.187338602106482,多摩川
大田区|中央8丁目,240566.37493866985,2,26.18108113254484,多摩川
大田区|中央8丁目,240566.37493866985,2,26.187660505691625,多摩川
大田区|中央8丁目,240566.37493866985,2,261.84492427640146,多摩川
大田区|中央8丁目,240566.37493866985,2,26.18767382507388,多摩川
大田区|池上1丁目,362444.0324880247,1,1006.2868822440657,多摩川
大田区|池上1丁目,362444.0324880247,1,52.362050279388086,多摩川
大田区|池上1丁目,362444.0324880247,2,83.01534274551099,多摩川
大田区|池上1丁目,362444.0324880247,2,0.35436464237441123,多摩川
大田区|池上3丁目,234544.27639453133,1,221.33912518607463,多摩川
大田区|池上3丁目,234544.27639453133,1,15528.058991987991,多摩川
大田区|池上3丁目,234544.27639453133,1,52.36928498115697,多摩川
大田区|池上3丁目,234544.27639453133,1,78.55740596667984,多摩川
大田区|池上3丁目,234544.27639453133,1,26.18760458529831,多摩川
大田区|池上3丁目,234544.27639453133,1,52.362958075456646,多摩川
大田区|池上3丁目,234544.27639453133,1,26.181414567863676,多摩川
大田区|池上3丁目,234544.27639453133,1,26.187652133617256,多摩川
大田区|池上3丁目,234544.27639453133,1,1963.9395782050403,多摩川
大田区|池上3丁目,234544.27639453133,1,602.2770476149166,多摩川
大田区|池上3丁目,234544.27639453133,1,26.187727520767346,多摩川
大田区|池上3丁目,234544.27639453133,1,733.1906423954272,多摩川
大田区|池上3丁目,234544.27639453133,1,130.9274108530411,多摩川
大田区|池上3丁目,234544.27639453133,1,157.11608193710043,多摩川
大田区|池上3丁目,234544.27639453133,1,26.187754461551386,多摩川
大田区|池上3丁目,234544.27639453133,1,209.48445893207713,多摩川
大田区|池上3丁目,234544.27639453133,1,26.18161730406149,多摩川
大田区|池上3丁目,234544.27639453133,1,26.188004799630946,多摩川
大田区|池上3丁目,234544.27639453133,1,2173.4397181878157,多摩川
大田区|池上3丁目,234544.27639453133,1,26.187809303066366,多摩川
大田区|池上3丁目,234544.27639453133,1,52.369294077058285,多摩川
大田区|池上3丁目,234544.27639453133,1,20445.724817399936,多摩川
大田区|池上3丁目,234544.27639453133,1,52.37553183101031,多摩川
大田区|池上3丁目,234544.27639453133,1,26.187889583430312,多摩川
大田区|池上3丁目,234544.27639453133,1,366.6108665379656,多摩川
大田区|池上3丁目,234544.27639453133,2,62877.1986503095,多摩川
大田区|池上3丁目,234544.27639453133,2,52.37504029274013,多摩川
大田区|池上3丁目,234544.27639453133,2,26.18791563382102,多摩川
大田区|池上3丁目,234544.27639453133,2,26.181063279126118,多摩川
大田区|池上3丁目,234544.27639453133,2,52.36344555630015,多摩川
大田区|池上3丁目,234544.27639453133,2,26.187889476224477,多摩川
大田区|池上3丁目,234544.27639453133,2,26.1813776740926,多摩川
大田区|池上3丁目,234544.27639453133,2,26.1816197034507,多摩川
大田区|池上3丁目,234544.27639453133,2,26.18816046660188,多摩川
大田区|池上3丁目,234544.27639453133,2,52.37002342810235,多摩川
大田区|池上4丁目,134371.89082326033,1,435.17695682811745,多摩川
大田区|池上4丁目,134371.89082326033,1,104.74329419233635,多摩川
大田区|池上4丁目,134371.89082326033,1,31410.809030400967,多摩川
大田区|池上4丁目,134371.89082326033,1,26.1873420149973,多摩川
大田区|池上4丁目,134371.89082326033,1,26.18775262702286,多摩川
大田区|池上4丁目,134371.89082326033,1,104.73788879997737,多摩川
大田区|池上4丁目,134371.89082326033,1,26.187625143300814,多摩川
大田区|池上4丁目,134371.89082326033,1,52.36919370662961,多摩川
大田区|池上4丁目,134371.89082326033,1,26.18778587080935,多摩川
大田区|池上4丁目,134371.89082326033,1,157.1083360592473,多摩川
大田区|池上4丁目,134371.89082326033,1,523.7039649965956,多摩川
大田区|池上4丁目,134371.89082326033,1,104.75118653002144,多摩川
大田区|池上4丁目,134371.89082326033,1,78.55715633848043,多摩川
大田区|池上4丁目,134371.89082326033,1,26.18762674157611,多摩川
大田区|池上4丁目,134371.89082326033,1,26.18132891017975,多摩川
大田区|池上4丁目,134371.89082326033,1,26.187720744439993,多摩川
大田区|池上4丁目,134371.89082326033,1,52.37557518994225,多摩川
大田区|池上4丁目,134371.89082326033,1,209.4842607480524,多摩川
大田区|池上4丁目,134371.89082326033,1,26.187600501341024,多摩川
大田区|池上4丁目,134371.89082326033,1,340.40228525844867,多摩川
大田区|池上4丁目,134371.89082326033,1,26.187640622607447,多摩川
大田区|池上4丁目,134371.89082326033,1,52.37581246922749,多摩川
大田区|池上4丁目,134371.89082326033,1,26.187761206707375,多摩川
大田区|池上4丁目,134371.89082326033,1,26.181490189488997,多摩川
大田区|池上4丁目,134371.89082326033,1,26.187433868335617,多摩川
大田区|池上4丁目,134371.89082326033,1,26.181539802617166,多摩川
大田区|池上4丁目,134371.89082326033,1,26.181700859477626,多摩川
大田区|池上4丁目,134371.89082326033,1,26.187909732780447,多摩川
大田区|池上4丁目,134371.89082326033,1,26.18794979077743,多摩川
大田区|池上4丁目,134371.89082326033,1,183.29543590171858,多摩川
大田区|池上4丁目,134371.89082326033,1,209.4896942625186,多摩川
大田区|池上4丁目,134371.89082326033,1,523.7314269505828,多摩川
大田区|池上4丁目,134371.89082326033,1,26.181772877304894,多摩川
大田区|池上4丁目,134371.89082326033,1,26.18173274601883,多摩川
大田区|池上4丁目,134371.89082326033,1,104.74444392235789,多摩川
大田区|池上4丁目,134371.89082326033,1,26.18133197622905,多摩川
大田区|池上4丁目,134371.89082326033,1,26.18820073221817,多摩川
大田区|池上4丁目,134371.89082326033,1,26.188071571832282,多摩川
大田区|池上4丁目,134371.89082326033,2,56188.96569960902,多摩川
大田区|池上4丁目,134371.89082326033,2,52.37470346800495,多摩川
大田区|池上4丁目,134371.89082326033,2,523.717090757824,多摩川
大田区|池上4丁目,134371.89082326033,2,26.1874230380704,多摩川
大田区|池上4丁目,134371.89082326033,2,1806.7673884834135,多摩川
大田区|池上4丁目,134371.89082326033,2,26.181335959573182,多摩川
大田区|池上4丁目,134371.89082326033,2,78.55010296938968,多摩川
大田区|池上4丁目,134371.89082326033,2,261.83842251110497,多摩川
大田区|池上4丁目,134371.89082326033,2,78.55592317746753,多摩川
大田区|池上4丁目,134371.89082326033,2,52.37478114878387,多摩川
大田区|池上4丁目,134371.89082326033,2,26.187601503562462,多摩川
大田区|池上4丁目,134371.89082326033,2,26.1813304433302,多摩川
大田区|池上4丁目,134371.89082326033,2,104.73812501480941,多摩川
大田区|池上4丁目,134371.89082326033,2,52.369169484103274,多摩川
大田区|池上4丁目,134371.89082326033,2,26.181491464266678,多摩川
大田区|池上5丁目,146305.24268241544,1,48.033834429128106,多摩川
大田区|池上5丁目,146305.24268241544,1,26.181682096304744,多摩川
大田区|池上5丁目,146305.24268241544,1,314.2349058009265,多摩川
大田区|池上5丁目,146305.24268241544,1,978.8814322115103,多摩川
大田区|池上5丁目,146305.24268241544,1,52.37714269321399,多摩川
大田区|池上5丁目,146305.24268241544,1,78.55939837061993,多摩川
大田区|池上5丁目,146305.24268241544,1,78.55860330757007,多摩川
大田区|池上5丁目,146305.24268241544,1,26.181938223165623,多摩川
大田区|池上5丁目,146305.24268241544,2,141875.17282157877,多摩川
大田区|池上5丁目,146305.24268241544,2,26.18168203708042,多摩川
大田区|池上5丁目,146305.24268241544,2,26.187780614582735,多摩川
大田区|池上5丁目,146305.24268241544,2,26.181482766888728,多摩川
大田区|池上5丁目,146305.24268241544,2,26.187740711031722,多摩川
大田区|池上5丁目,146305.24268241544,3,26.188109653574216,多摩川
大田区|池上5丁目,146305.24268241544,3,26.1878603319047,多摩川
大田区|池上5丁目,146305.24268241544,3,26.181562447536027,多摩川
大田区|池上5丁目,146305.24268241544,3,26.187833720835705,多摩川
大田区|池上5丁目,146305.24268241544,3,26.18782042474634,多摩川
大田区|池上6丁目,227915.64793813555,1,26.183455616623114,多摩川
大田区|池上6丁目,227915.64793813555,1,26.18891189460055,多摩川
大田区|池上6丁目,227915.64793813555,1,130.9324574003693,多摩川
大田区|池上6丁目,227915.64793813555,1,130.93148722557333,多摩川
大田区|池上6丁目,227915.64793813555,1,26.188684861478123,多摩川
大田区|池上6丁目,227915.64793813555,1,26.188791575373326,多摩川
大田区|池上6丁目,227915.64793813555,1,26.182293523496618,多摩川
大田区|池上6丁目,227915.64793813555,1,314.24469437406293,多摩川
大田区|池上6丁目,227915.64793813555,1,26.188605279736315,多摩川
大田区|池上6丁目,227915.64793813555,1,26.18859200446611,多摩川
大田区|池上6丁目,227915.64793813555,1,52.37751828349371,多摩川
大田区|池上6丁目,227915.64793813555,1,26.188815138032783,多摩川
大田区|池上6丁目,227915.64793813555,1,26.182294361985875,多摩川
大田区|池上6丁目,227915.64793813555,1,26.1823341376257,多摩川
大田区|池上6丁目,227915.64793813555,1,52.378420138317054,多摩川
大田区|池上6丁目,227915.64793813555,1,183.31119648363693,多摩川
大田区|池上6丁目,227915.64793813555,1,26.18225458427274,多摩川
大田区|池上6丁目,227915.64793813555,1,26.188526031851346,多摩川
大田区|池上6丁目,227915.64793813555,1,26.188775344482323,多摩川
大田区|池上6丁目,227915.64793813555,1,52.3771051573482,多摩川
大田区|池上6丁目,227915.64793813555,1,26.1889940176845,多摩川
大田区|池上6丁目,227915.64793813555,1,26.182174843466747,多摩川
大田区|池上6丁目,227915.64793813555,1,26.182214878787345,多摩川
大田区|池上6丁目,227915.64793813555,1,157.1305779139589,多摩川
大田区|池上6丁目,227915.64793813555,1,1859.2151178398483,多摩川
大田区|池上6丁目,227915.64793813555,1,26.188617190884898,多摩川
大田区|池上6丁目,227915.64793813555,1,26.188434189182615,多摩川
大田区|池上6丁目,227915.64793813555,1,340.4212499968369,多摩川
大田区|池上6丁目,227915.64793813555,1,26.182546797584237,多摩川
大田区|池上6丁目,227915.64793813555,1,8.177656637693268,多摩川
大田区|池上6丁目,227915.64793813555,2,224136.6151404127,多摩川
大田区|池上7丁目,183753.118026953,1,18.004480662057993,多摩川
大田区|池上7丁目,183753.118026953,1,104.75024148556246,多摩川
大田区|池上7丁目,183753.118026953,1,288.06198374519374,多摩川
大田区|池上7丁目,183753.118026953,1,78.56705587682572,多摩川
大田区|池上7丁目,183753.118026953,1,942.6898104444076,多摩川
大田区|池上7丁目,183753.118026953,1,52.37073498701004,多摩川
大田区|池上7丁目,183753.118026953,1,26.188610196051116,多摩川
大田区|池上7丁目,183753.118026953,1,26.188249309984833,多摩川
大田区|池上7丁目,183753.118026953,1,26.188236035563243,多摩川
大田区|池上7丁目,183753.118026953,1,340.4191164473193,多摩川
大田区|池上7丁目,183753.118026953,1,130.9308336274931,多摩川
大田区|池上7丁目,183753.118026953,1,235.68166744129306,多摩川
大田区|池上7丁目,183753.118026953,1,26.188250285869163,多摩川
大田区|池上7丁目,183753.118026953,1,628.4920496402667,多摩川
大田区|池上7丁目,183753.118026953,1,995.0742298253698,多摩川
大田区|池上7丁目,183753.118026953,1,183.31322099444802,多摩川
大田区|池上7丁目,183753.118026953,1,26.188318317837805,多摩川
大田区|池上7丁目,183753.118026953,1,157.1307010350846,多摩川
大田区|池上7丁目,183753.118026953,1,26.1884924422652,多摩川
大田区|池上7丁目,183753.118026953,1,52.36412871777738,多摩川
大田区|池上7丁目,183753.118026953,1,20.222285333741542,多摩川
大田区|池上7丁目,183753.118026953,1,26.188348196916287,多摩川
大田区|池上7丁目,183753.118026953,1,52.36465292962095,多摩川
大田区|池上7丁目,183753.118026953,2,177927.70163290345,多摩川
大田区|池上8丁目,164784.9393370034,1,32.15468794660519,多摩川
大田区|池上8丁目,164784.9393370034,1,26.182182275306346,多摩川
大田区|池上8丁目,164784.9393370034,1,52.364364117392796,多摩川
大田区|池上8丁目,164784.9393370034,1,52.37704043413308,多摩川
大田区|池上8丁目,164784.9393370034,1,78.55867508205841,多摩川
大田区|池上8丁目,164784.9393370034,1,104.74068484246017,多摩川
大田区|池上8丁目,164784.9393370034,1,78.56518382575112,多摩川
大田区|池上8丁目,164784.9393370034,1,26.188533997831726,多摩川
大田区|池上8丁目,164784.9393370034,1,392.7880946788705,多摩川
大田区|池上8丁目,164784.9393370034,1,52.3645265936239,多摩川
大田区|池上8丁目,164784.9393370034,1,26.188691243403596,多摩川
大田区|池上8丁目,164784.9393370034,1,26.181869112209107,多摩川
大田区|池上8丁目,164784.9393370034,1,52.36473678032967,多摩川
大田区|池上8丁目,164784.9393370034,1,78.56544602849169,多摩川
大田区|池上8丁目,164784.9393370034,1,104.75426296339096,多摩川
大田区|池上8丁目,164784.9393370034,1,26.18977952295972,多摩川
大田区|池上8丁目,164784.9393370034,1,26.188576021435367,多摩川
大田区|池上8丁目,164784.9393370034,1,26.18864308483697,多摩川
大田区|池上8丁目,164784.9393370034,1,1073.6642446306348,多摩川
大田区|池上8丁目,164784.9393370034,1,20.44019702799088,多摩川
大田区|池上8丁目,164784.9393370034,1,26.188745754389764,多摩川
大田区|池上8丁目,164784.9393370034,1,21.371570056887172,多摩川
大田区|池上8丁目,164784.9393370034,1,157.11445122810136,多摩川
大田区|池上8丁目,164784.9393370034,1,1283.1769973169983,多摩川
大田区|池上8丁目,164784.9393370034,1,52.37211351010718,多摩川
大田区|池上8丁目,164784.9393370034,1,26.189700594889615,多摩川
大田区|池上8丁目,164784.9393370034,2,1993.8041745156058,多摩川
大田区|池上8丁目,164784.9393370034,2,155681.18564993632,多摩川
大田区|西嶺町,214546.65621607073,1,68.27777880308446,多摩川
大田区|西嶺町,214546.65621607073,1,26.17748547972717,多摩川
大田区|西嶺町,214546.65621607073,1,52.365348313780444,多摩川
大田区|西嶺町,214546.65621607073,1,26.179565442664344,多摩川
大田区|西嶺町,214546.65621607073,1,78.55104270933525,多摩川
大田区|西嶺町,214546.65621607073,1,235.65787355371197,多摩川
大田区|西嶺町,214546.65621607073,1,100.33340187439237,多摩川
大田区|西嶺町,214546.65621607073,2,4789.938844373453,多摩川
大田区|田園調布南,225276.8528536116,1,26.185349450754458,多摩川
大田区|田園調布南,225276.8528536116,1,30.582948258089328,多摩川
大田区|田園調布南,225276.8528536116,1,26.185663861007995,多摩川
大田区|田園調布南,225276.8528536116,1,26.179576066785174,多摩川
大田区|田園調布南,225276.8528536116,1,26.18583360245941,多摩川
大田区|田園調布南,225276.8528536116,1,26.17953624489853,多摩川
大田区|田園調布南,225276.8528536116,1,26.185544353653633,多摩川
大田区|田園調布南,225276.8528536116,1,26.178932848046337,多摩川
大田区|田園調布南,225276.8528536116,1,26.1855177995811,多摩川
大田区|田園調布南,225276.8528536116,1,52.364605026552304,多摩川
大田区|田園調布南,225276.8528536116,1,26.185424540296943,多摩川
大田区|田園調布南,225276.8528536116,1,26.17912727627144,多摩川
大田区|田園調布南,225276.8528536116,1,26.185397976524197,多摩川
大田区|田園調布南,225276.8528536116,1,26.18535804041847,多摩川
大田区|田園調布南,225276.8528536116,1,26.185344786286862,多摩川
大田区|田園調布南,225276.8528536116,1,26.185318219955942,多摩川
大田区|田園調布南,225276.8528536116,1,26.17900768784782,多摩川
大田区|田園調布南,225276.8528536116,1,26.18495081601914,多摩川
大田区|田園調布南,225276.8528536116,1,26.178967873071322,多摩川
大田区|田園調布南,225276.8528536116,1,26.178928035310612,多摩川
大田区|田園調布南,225276.8528536116,1,26.185198725215876,多摩川
大田区|田園調布南,225276.8528536116,1,26.185185445929008,多摩川
大田区|田園調布南,225276.8528536116,1,26.17884860064843,多摩川
大田区|田園調布南,225276.8528536116,1,23.340791822590216,多摩川
大田区|田園調布南,225276.8528536116,1,26.185185979448292,多摩川
大田区|田園調布南,225276.8528536116,1,0.5482737130582835,多摩川
大田区|田園調布南,225276.8528536116,1,0.26964295871431143,多摩川
大田区|田園調布南,225276.8528536116,1,26.185199553661263,多摩川
大田区|田園調布南,225276.8528536116,1,26.18664518043911,多摩川
大田区|田園調布南,225276.8528536116,1,26.1852402256956,多摩川
大田区|田園調布南,225276.8528536116,1,26.185186904184057,多摩川
大田区|田園調布南,225276.8528536116,1,52.365497374714955,多摩川
大田区|田園調布南,225276.8528536116,1,9.863635305017885,多摩川
大田区|田園調布南,225276.8528536116,1,52.36517271051119,多摩川
大田区|田園調布南,225276.8528536116,1,0.9173532961153696,多摩川
大田区|田園調布南,225276.8528536116,1,0.3075193209749205,多摩川
大田区|田園調布南,225276.8528536116,2,65712.22262463866,多摩川
大田区|田園調布南,225276.8528536116,2,52.35962757499034,多摩川
大田区|田園調布南,225276.8528536116,2,104.73997379586942,多摩川
大田区|田園調布南,225276.8528536116,2,3403.9581764940694,多摩川
大田区|田園調布南,225276.8528536116,2,78.54669313052511,多摩川
大田区|田園調布南,225276.8528536116,2,52.37354950681005,多摩川
大田区|田園調布南,225276.8528536116,2,811.7177804721985,多摩川
大田区|田園調布南,225276.8528536116,2,9.964163832528488,多摩川
大田区|田園調布南,225276.8528536116,2,288.01937255251994,多摩川
大田区|田園調布南,225276.8528536116,2,52.36605030592957,多摩川
大田区|田園調布南,225276.8528536116,2,52.36509906584989,多摩川
大田区|田園調布南,225276.8528536116,2,26.186323934367337,多摩川
大田区|田園調布南,225276.8528536116,2,288.02869471112245,多摩川
大田区|田園調布南,225276.8528536116,2,26.18546794243531,多摩川
大田区|田園調布南,225276.8528536116,2,261.8384274337372,多摩川
大田区|田園調布南,225276.8528536116,2,209.46065991984813,多摩川
大田区|田園調布南,225276.8528536116,2,26.179492058758996,多摩川
大田区|田園調布南,225276.8528536116,2,26.179452032403,多摩川
大田区|田園調布南,225276.8528536116,2,26.1857228381882,多摩川
大田区|田園調布南,225276.8528536116,2,130.91785291900132,多摩川
大田区|田園調布南,225276.8528536116,2,1.144173585183851,多摩川
大田区|田園調布南,225276.8528536116,2,0.011823612529360795,多摩川
大田区|田園調布南,225276.8528536116,2,78.55035067584356,多摩川
大田区|田園調布南,225276.8528536116,2,340.386296567438,多摩川
大田区|田園調布南,225276.8528536116,2,0.003211491831064743,多摩川
大田区|田園調布南,225276.8528536116,2,0.1597638997437737,多摩川
大田区|田園調布南,225276.8528536116,2,130.9147691371328,多摩川
大田区|田園調布南,225276.8528536116,2,116.24959466353398,多摩川
大田区|田園調布南,225276.8528536116,2,497.50209555873823,多摩川
大田区|田園調布南,225276.8528536116,2,52.37119287976426,多摩川
大田区|田園調布南,225276.8528536116,2,10.738859533352977,多摩川
大田区|田園調布南,225276.8528536116,3,55430.85306828354,多摩川
大田区|田園調布南,225276.8528536116,3,52.35926552814239,多摩川
大田区|田園調布南,225276.8528536116,3,26.1800100443307,多摩川
大田区|田園調布南,225276.8528536116,3,26.186107538511116,多摩川
大田区|田園調布南,225276.8528536116,3,26.18001202641682,多摩川
大田区|田園調布南,225276.8528536116,3,26.17990081005732,多摩川
大田区|田園調布南,225276.8528536116,3,183.28574819392063,多摩川
大田区|田園調布南,225276.8528536116,3,78.54978013409595,多摩川
大田区|田園調布南,225276.8528536116,3,26.178737743746794,多摩川
大田区|田園調布本町,431578.7249205151,1,2.8447462054796726,多摩川
大田区|田園調布本町,431578.7249205151,1,78.53672450200875,多摩川
大田区|田園調布本町,431578.7249205151,1,25.636872729742336,多摩川
大田区|田園調布本町,431578.7249205151,1,25.915476311517555,多摩川
大田区|田園調布本町,431578.7249205151,1,26.185378257292136,多摩川
大田区|田園調布本町,431578.7249205151,1,26.185155519941546,多摩川
大田区|田園調布本町,431578.7249205151,1,26.185338324913438,多摩川
大田区|田園調布本町,431578.7249205151,1,26.184999352812305,多摩川
大田区|田園調布本町,431578.7249205151,1,16.321856573059343,多摩川
大田区|田園調布本町,431578.7249205151,1,25.267956388619304,多摩川
大田区|田園調布本町,431578.7249205151,1,25.87138803324624,多摩川
大田区|田園調布本町,431578.7249205151,1,52.370941108907374,多摩川
大田区|田園調布本町,431578.7249205151,1,26.178901730156657,多摩川
大田区|田園調布本町,431578.7249205151,1,78.54081444203618,多摩川
大田区|田園調布本町,431578.7249205151,1,26.184364715298692,多摩川
大田区|田園調布本町,431578.7249205151,1,78.54831389210587,多摩川
大田区|田園調布本町,431578.7249205151,1,130.92401685571585,多摩川
大田区|田園調布本町,431578.7249205151,1,26.18495330558708,多摩川
大田区|田園調布本町,431578.7249205151,1,26.1846906127493,多摩川
大田区|田園調布本町,431578.7249205151,1,26.17839352541955,多摩川
大田区|田園調布本町,431578.7249205151,1,288.00008422025326,多摩川
大田区|田園調布本町,431578.7249205151,1,26.18453129390015,多摩川
大田区|田園調布本町,431578.7249205151,1,26.177904954224026,多摩川
大田区|田園調布本町,431578.7249205151,1,52.361946808750275,多摩川
大田区|田園調布本町,431578.7249205151,1,26.184452055783062,多摩川
大田区|田園調布本町,431578.7249205151,2,34358.714602664884,多摩川
大田区|田園調布本町,431578.7249205151,2,16.22095531898134,多摩川
大田区|田園調布本町,431578.7249205151,2,25.04106811866861,多摩川
大田区|田園調布本町,431578.7249205151,2,26.173613991459515,多摩川
大田区|田園調布本町,431578.7249205151,2,52.36410225444487,多摩川
大田区|田園調布本町,431578.7249205151,2,78.54926797129353,多摩川
大田区|田園調布本町,431578.7249205151,2,26.182057419107874,多摩川
大田区|田園調布本町,431578.7249205151,2,26.019207459400693,多摩川
大田区|田園調布本町,431578.7249205151,2,40.84903784414195,多摩川
大田区|田園調布本町,431578.7249205151,2,78.54904297477898,多摩川
大田区|田園調布本町,431578.7249205151,2,15.44645003226848,多摩川
大田区|田園調布本町,431578.7249205151,2,26.179012340828002,多摩川
大田区|田園調布本町,431578.7249205151,2,26.185082301569068,多摩川
大田区|田園調布本町,431578.7249205151,2,26.179190484179813,多摩川
大田区|田園調布本町,431578.7249205151,2,183.2722951428109,多摩川
大田区|田園調布本町,431578.7249205151,2,26.1844115051696,多摩川
大田区|田園調布本町,431578.7249205151,2,26.17802546653004,多摩川
大田区|田園調布本町,431578.7249205151,2,968.7326555474397,多摩川
大田区|田園調布本町,431578.7249205151,2,52.36854786780017,多摩川
大田区|田園調布本町,431578.7249205151,2,26.18445196099309,多摩川
大田区|田園調布本町,431578.7249205151,2,52.3627896355934,多摩川
大田区|田園調布本町,431578.7249205151,2,52.36231753617786,多摩川
大田区|田園調布本町,431578.7249205151,3,26.185160355834043,多摩川
大田区|田園調布本町,431578.7249205151,3,26.18510713813847,多摩川
大田区|田園調布本町,431578.7249205151,3,52.36417975133213,多摩川
大田区|田園調布本町,431578.7249205151,3,5419.922423739611,多摩川
大田区|田園調布本町,431578.7249205151,3,52.37002644679,多摩川
大田区|田園調布本町,431578.7249205151,3,314.2022043930466,多摩川
大田区|田園調布本町,431578.7249205151,3,183.2762950667441,多摩川
大田区|田園調布本町,431578.7249205151,3,288.0075426131502,多摩川
大田区|田園調布本町,431578.7249205151,3,235.6361355012543,多摩川
大田区|田園調布本町,431578.7249205151,3,26.184455338846647,多摩川
大田区|田園調布本町,431578.7249205151,3,1518.563066745832,多摩川
大田区|田園調布1丁目,528103.5252489713,1,4948.355394992476,多摩川
大田区|田園調布1丁目,528103.5252489713,1,261.82378055723075,多摩川
大田区|田園調布1丁目,528103.5252489713,1,52.3612804809256,多摩川
大田区|田園調布1丁目,528103.5252489713,1,130.91361751173082,多摩川
大田区|田園調布1丁目,528103.5252489713,1,261.82558673634094,多摩川
大田区|田園調布1丁目,528103.5252489713,1,26.183946193886122,多摩川
大田区|田園調布1丁目,528103.5252489713,1,26.183932942033888,多摩川
大田区|田園調布1丁目,528103.5252489713,2,261.8116636820603,多摩川
大田区|田園調布1丁目,528103.5252489713,2,26.183890281165837,多摩川
大田区|田園調布1丁目,528103.5252489713,2,52.36773268420087,多摩川
大田区|田園調布1丁目,528103.5252489713,2,261.8270474162585,多摩川
大田区|田園調布1丁目,528103.5252489713,2,261.8189681062274,多摩川
大田区|田園調布1丁目,528103.5252489713,2,130.9114588791857,多摩川
大田区|田園調布1丁目,528103.5252489713,2,235.63546182238153,多摩川
大田区|田園調布1丁目,528103.5252489713,2,392.7230778097287,多摩川
大田区|田園調布4丁目,271125.9782552212,1,78.54070714286806,多摩川
大田区|田園調布4丁目,271125.9782552212,1,26.182220160192173,多摩川
大田区|田園調布4丁目,271125.9782552212,1,26.176119905499256,多摩川
大田区|田園調布4丁目,271125.9782552212,1,26.182286989865887,多摩川
大田区|田園調布4丁目,271125.9782552212,1,26.182140858428973,多摩川
大田区|田園調布4丁目,271125.9782552212,1,78.54025445412273,多摩川
大田区|田園調布4丁目,271125.9782552212,1,26.175711789752235,多摩川
大田区|田園調布4丁目,271125.9782552212,1,104.71490719609399,多摩川
大田区|田園調布4丁目,271125.9782552212,1,157.08504062796945,多摩川
大田区|田園調布4丁目,271125.9782552212,1,26.181808935726067,多摩川
大田区|田園調布4丁目,271125.9782552212,1,26.175931109644477,多摩川
大田区|田園調布4丁目,271125.9782552212,1,26.175512530608927,多摩川
大田区|田園調布4丁目,271125.9782552212,1,26.182148317229924,多摩川
大田区|田園調布4丁目,271125.9782552212,1,78.54445442011536,多摩川
大田区|田園調布4丁目,271125.9782552212,1,26.17539347490991,多摩川
大田区|田園調布4丁目,271125.9782552212,1,52.363745575454374,多摩川
大田区|田園調布4丁目,271125.9782552212,1,104.71405752276881,多摩川
大田区|田園調布4丁目,271125.9782552212,2,32549.488144743988,多摩川
大田区|田園調布4丁目,271125.9782552212,2,78.53457200329113,多摩川
大田区|田園調布4丁目,271125.9782552212,2,3351.0372869408334,多摩川
大田区|田園調布4丁目,271125.9782552212,2,26.18198604959262,多摩川
大田区|田園調布4丁目,271125.9782552212,2,26.182062436171023,多摩川
大田区|田園調布4丁目,271125.9782552212,3,26.176240128452598,多摩川
大田区|田園調布4丁目,271125.9782552212,3,26.182719616847166,多摩川
大田区|田園調布4丁目,271125.9782552212,3,52.358697074056806,多摩川
大田区|田園調布4丁目,271125.9782552212,3,52.35840800135661,多摩川
大田区|田園調布4丁目,271125.9782552212,3,26.182167962144412,多摩川
大田区|田園調布4丁目,271125.9782552212,3,26.17587147979181,多摩川
大田区|田園調布4丁目,271125.9782552212,3,26.182101717359124,多摩川
大田区|田園調布4丁目,271125.9782552212,3,26.182141871571215,多摩川
大田区|田園調布4丁目,271125.9782552212,3,26.182350989196145,多摩川
大田区|田園調布4丁目,271125.9782552212,3,26.1823377301006,多摩川
大田区|田園調布4丁目,271125.9782552212,3,26.182231659063405,多摩川
大田区|田園調布4丁目,271125.9782552212,3,26.18198250674864,多摩川
大田区|田園調布4丁目,271125.9782552212,3,130.89727720570343,多摩川
大田区|田園調布4丁目,271125.9782552212,3,130.90328362844616,多摩川
大田区|田園調布4丁目,271125.9782552212,3,209.44237729210502,多摩川
大田区|田園調布4丁目,271125.9782552212,3,968.6751521068096,多摩川
大田区|田園調布4丁目,271125.9782552212,3,130.90362180650513,多摩川
大田区|田園調布4丁目,271125.9782552212,3,183.26094459461456,多摩川
大田区|田園調布4丁目,271125.9782552212,3,130.9103022650197,多摩川
大田区|田園調布4丁目,271125.9782552212,3,104.7208930715094,多摩川
大田区|田園調布4丁目,271125.9782552212,3,52.36375120677974,多摩川
大田区|田園調布4丁目,271125.9782552212,3,26.175893362501753,多摩川
大田区|田園調布4丁目,271125.9782552212,3,2999.1439189603043,多摩川
大田区|田園調布4丁目,271125.9782552212,3,157.07165517791213,多摩川
大田区|田園調布4丁目,271125.9782552212,3,26.181953849574413,多摩川
大田区|田園調布4丁目,271125.9782552212,3,52.36369221216328,多摩川
大田区|田園調布4丁目,271125.9782552212,3,26.175595107035292,多摩川
大田区|田園調布4丁目,271125.9782552212,3,75.8641558371263,多摩川
大田区|田園調布4丁目,271125.9782552212,3,26.181691545406757,多摩川
大田区|田園調布4丁目,271125.9782552212,3,26.17617554716632,多摩川
大田区|田園調布4丁目,271125.9782552212,3,18.271252533768592,多摩川
大田区|田園調布4丁目,271125.9782552212,3,97.9297022724369,多摩川
大田区|田園調布4丁目,271125.9782552212,3,26.18194634137417,多摩川
大田区|田園調布4丁目,271125.9782552212,3,26.182236112109145,多摩川
大田区|田園調布5丁目,329178.2259523224,1,26.181465019972435,多摩川
大田区|田園調布5丁目,329178.2259523224,1,52.362931284673806,多摩川
大田区|田園調布5丁目,329178.2259523224,1,26.18183151949007,多摩川
大田区|田園調布5丁目,329178.2259523224,1,994.7893292441734,多摩川
大田区|田園調布5丁目,329178.2259523224,1,26.181592409664674,多摩川
大田区|田園調布5丁目,329178.2259523224,1,26.17508668032447,多摩川
大田区|田園調布5丁目,329178.2259523224,1,26.18121365880731,多摩川
大田区|田園調布5丁目,329178.2259523224,1,52.36204051942378,多摩川
大田区|田園調布5丁目,329178.2259523224,1,52.36125152906396,多摩川
大田区|田園調布5丁目,329178.2259523224,1,26.174316330526352,多摩川
大田区|田園調布5丁目,329178.2259523224,1,26.180786462719077,多摩川
大田区|田園調布5丁目,329178.2259523224,1,26.180982406733204,多摩川
大田区|田園調布5丁目,329178.2259523224,1,26.174557119136058,多摩川
大田区|田園調布5丁目,329178.2259523224,1,26.180813368710062,多摩川
大田区|田園調布5丁目,329178.2259523224,1,104.71763460484692,多摩川
大田区|田園調布5丁目,329178.2259523224,1,10.318298742316795,多摩川
大田区|田園調布5丁目,329178.2259523224,1,26.180426055891015,多摩川
大田区|田園調布5丁目,329178.2259523224,1,26.174116616475324,多摩川
大田区|田園調布5丁目,329178.2259523224,2,8290.983694950255,多摩川
大田区|田園調布5丁目,329178.2259523224,2,863.9398584493922,多摩川
大田区|田園調布5丁目,329178.2259523224,2,52.35148418623801,多摩川
大田区|田園調布5丁目,329178.2259523224,2,314.1583326197236,多摩川
大田区|田園調布5丁目,329178.2259523224,2,2722.7482290683183,多摩川
大田区|田園調布5丁目,329178.2259523224,2,26.18207696325659,多摩川
大田区|田園調布5丁目,329178.2259523224,2,157.0762842581407,多摩川
大田区|田園調布5丁目,329178.2259523224,2,52.350957041328385,多摩川
大田区|田園調布5丁目,329178.2259523224,2,26.18185504924552,多摩川
大田区|田園調布5丁目,329178.2259523224,2,26.18207801994682,多摩川
大田区|田園調布5丁目,329178.2259523224,2,26.181422434170884,多摩川
大田区|田園調布5丁目,329178.2259523224,2,52.36317976076039,多摩川
大田区|田園調布5丁目,329178.2259523224,2,26.18195811769702,多摩川
大田区|田園調布5丁目,329178.2259523224,2,52.35622997995685,多摩川
大田区|田園調布5丁目,329178.2259523224,2,26.174717376622354,多摩川
大田区|田園調布5丁目,329178.2259523224,2,52.36220095510575,多摩川
大田区|田園調布5丁目,329178.2259523224,2,5457.218780964257,多摩川
大田区|田園調布5丁目,329178.2259523224,2,26.18202691533109,多摩川
大田区|田園調布5丁目,329178.2259523224,2,130.8841623679761,多摩川
大田区|田園調布5丁目,329178.2259523224,2,104.725071146293,多摩川
大田区|田園調布5丁目,329178.2259523224,2,183.24619145810917,多摩川
大田区|田園調布5丁目,329178.2259523224,2,17816.45150410435,多摩川
大田区|田園調布5丁目,329178.2259523224,2,58.10820086233419,多摩川
大田区|田園調布5丁目,329178.2259523224,2,654.4837564041161,多摩川
大田区|田園調布5丁目,329178.2259523224,2,26.175040568084665,多摩川
大田区|田園調布5丁目,329178.2259523224,2,549.7602251740868,多摩川
大田区|田園調布5丁目,329178.2259523224,2,261.7973717802409,多摩川
大田区|田園調布5丁目,329178.2259523224,2,26.174760908122607,多摩川
大田区|田園調布5丁目,329178.2259523224,2,104.71918963820966,多摩川
大田区|田園調布5丁目,329178.2259523224,2,26.180551655239384,多摩川
大田区|田園調布5丁目,329178.2259523224,2,235.6225216566787,多摩川
大田区|田園調布5丁目,329178.2259523224,2,52.35557866382411,多摩川
大田区|田園調布5丁目,329178.2259523224,2,26.18085750440536,多摩川
大田区|田園調布5丁目,329178.2259523224,2,26.174770499416628,多摩川
大田区|田園調布5丁目,329178.2259523224,2,104.71775947472445,多摩川
大田区|田園調布5丁目,329178.2259523224,2,26.180831456524444,多摩川
大田区|田園調布5丁目,329178.2259523224,2,1466.0160859533046,多摩川
大田区|田園調布5丁目,329178.2259523224,2,26.17424178461722,多摩川
大田区|田園調布5丁目,329178.2259523224,2,26.180511324151052,多摩川
大田区|田園調布5丁目,329178.2259523224,2,104.71648767591836,多摩川
大田区|田園調布5丁目,329178.2259523224,3,90600.7553987898,多摩川
大田区|田園調布5丁目,329178.2259523224,3,2.6683112689812925,多摩川
大田区|田園調布5丁目,329178.2259523224,3,7.910372656447535,多摩川
大田区|田園調布5丁目,329178.2259523224,3,26.181611907931856,多摩川
大田区|田園調布5丁目,329178.2259523224,3,26.175315566472918,多摩川
大田区|田園調布5丁目,329178.2259523224,3,294.7662455126565,多摩川
大田区|田園調布5丁目,329178.2259523224,3,26.18208448280231,多摩川
大田区|田園調布5丁目,329178.2259523224,3,26.181821701171877,多摩川
大田区|田園調布5丁目,329178.2259523224,3,78.53899572712349,多摩川
大田区|田園調布5丁目,329178.2259523224,3,26.175679779806387,多摩川
大田区|田園調布5丁目,329178.2259523224,3,52.362669134062095,多摩川
大田区|田園調布5丁目,329178.2259523224,3,26.17513627606635,多摩川
大田区|田園調布5丁目,329178.2259523224,3,52.361690077857844,多摩川
大田区|田園調布5丁目,329178.2259523224,3,141.02113153322077,多摩川
大田区|田園調布5丁目,329178.2259523224,3,78.53527232888489,多摩川
大田区|田園調布5丁目,329178.2259523224,3,1.9849301544401863,多摩川
大田区|田園調布5丁目,329178.2259523224,3,26.17484250929944,多摩川
大田区|田園調布5丁目,329178.2259523224,3,26.181348448512168,多摩川
大田区|田園調布5丁目,329178.2259523224,3,52.361984774347995,多摩川
大田区|田園調布5丁目,329178.2259523224,3,26.18128198866084,多摩川
大田区|田園調布5丁目,329178.2259523224,3,72.6965887725992,多摩川
大田区|田園調布5丁目,329178.2259523224,3,5.659830414598083,多摩川
大田区|田園調布5丁目,329178.2259523224,3,130.89174760312196,多摩川
大田区|田園調布5丁目,329178.2259523224,3,104.71031412657638,多摩川
大田区|田園調布5丁目,329178.2259523224,4,61.80728422969331,多摩川
大田区|田園調布5丁目,329178.2259523224,4,26.175167092503674,多摩川
大田区|田園調布5丁目,329178.2259523224,4,418.8660125219154,多摩川
大田区|田園調布5丁目,329178.2259523224,4,19.610282777904043,多摩川
大田区|田園調布5丁目,329178.2259523224,4,157.07408283912002,多摩川
大田区|田園調布5丁目,329178.2259523224,4,287.96779588739525,多摩川
大田区|田園調布5丁目,329178.2259523224,4,26.18122776737654,多摩川
大田区|田園調布5丁目,329178.2259523224,4,26.18142856108509,多摩川
大田区|田園調布5丁目,329178.2259523224,4,48.18331170192724,多摩川
大田区|田園調布5丁目,329178.2259523224,4,191.67611800469018,多摩川
大田区|田園調布5丁目,329178.2259523224,4,26.18127702886495,多摩川
大田区|田園調布5丁目,329178.2259523224,4,135.1234053276009,多摩川
大田区|田園調布5丁目,329178.2259523224,4,26.174597973277848,多摩川
大田区|鵜の木1丁目,201801.5378565653,1,78.5578116694963,多摩川
大田区|鵜の木1丁目,201801.5378565653,1,26.188072322835733,多摩川
大田区|鵜の木1丁目,201801.5378565653,1,314.2253672339356,多摩川
大田区|鵜の木1丁目,201801.5378565653,1,837.9416746931123,多摩川
大田区|鵜の木1丁目,201801.5378565653,1,52.37630747051954,多摩川
大田区|鵜の木1丁目,201801.5378565653,1,2944.268356015704,多摩川
大田区|鵜の木1丁目,201801.5378565653,1,26.18737815954499,多摩川
大田区|鵜の木1丁目,201801.5378565653,1,104.7439506442144,多摩川
大田区|鵜の木1丁目,201801.5378565653,1,104.74427172476231,多摩川
大田区|鵜の木1丁目,201801.5378565653,1,26.187699074819076,多摩川
大田区|鵜の木1丁目,201801.5378565653,1,52.36907369311404,多摩川
大田区|鵜の木1丁目,201801.5378565653,1,52.36979607992815,多摩川
大田区|鵜の木1丁目,201801.5378565653,1,602.2676505595273,多摩川
大田区|鵜の木1丁目,201801.5378565653,1,78.56420763945877,多摩川
大田区|鵜の木1丁目,201801.5378565653,1,26.18814050361221,多摩川
大田区|鵜の木1丁目,201801.5378565653,1,26.187994209351867,多摩川
大田区|鵜の木1丁目,201801.5378565653,1,26.187781345082527,多摩川
大田区|鵜の木1丁目,201801.5378565653,1,26.18738133702274,多摩川
大田区|鵜の木1丁目,201801.5378565653,1,26.187261422755032,多摩川
大田区|鵜の木1丁目,201801.5378565653,1,26.18710125990905,多摩川
大田区|鵜の木1丁目,201801.5378565653,1,26.18695466768949,多摩川
大田区|鵜の木1丁目,201801.5378565653,1,26.18064365984155,多摩川
大田区|鵜の木1丁目,201801.5378565653,1,26.18698134634889,多摩川
大田区|鵜の木1丁目,201801.5378565653,1,26.18678122957361,多摩川
大田区|鵜の木1丁目,201801.5378565653,1,26.186594923939115,多摩川
大田区|鵜の木1丁目,201801.5378565653,1,78.5591590791216,多摩川
大田区|鵜の木1丁目,201801.5378565653,2,27563.59192534312,多摩川
大田区|鵜の木1丁目,201801.5378565653,2,26.181962862351718,多摩川
大田区|鵜の木1丁目,201801.5378565653,2,26.18108052147269,多摩川
大田区|鵜の木1丁目,201801.5378565653,2,26.187338222020365,多摩川
大田区|鵜の木1丁目,201801.5378565653,2,26.18795436445211,多摩川
大田区|鵜の木1丁目,201801.5378565653,2,78.55752550565833,多摩川
大田区|鵜の木1丁目,201801.5378565653,2,26.181722975640973,多摩川
大田区|鵜の木1丁目,201801.5378565653,2,26.18799431688411,多摩川
大田区|鵜の木1丁目,201801.5378565653,2,26.18798105083328,多摩川
大田区|鵜の木1丁目,201801.5378565653,2,26.188124038492724,多摩川
大田区|鵜の木1丁目,201801.5378565653,2,209.48342745543079,多摩川
大田区|鵜の木1丁目,201801.5378565653,2,26.1879909331821,多摩川
大田区|鵜の木1丁目,201801.5378565653,2,366.58427218364477,多摩川
大田区|鵜の木1丁目,201801.5378565653,2,21594.68251310102,多摩川
大田区|鵜の木1丁目,201801.5378565653,2,26.187075419068186,多摩川
大田区|鵜の木1丁目,201801.5378565653,2,52.374588177624254,多摩川
大田区|鵜の木1丁目,201801.5378565653,2,21.745095268581114,多摩川
大田区|鵜の木1丁目,201801.5378565653,2,5.6774368547514396,多摩川
大田区|鵜の木1丁目,201801.5378565653,3,13803.285862427765,多摩川
大田区|鵜の木1丁目,201801.5378565653,3,26.188403231868257,多摩川
大田区|鵜の木1丁目,201801.5378565653,3,26.18818044175834,多摩川
大田区|鵜の木1丁目,201801.5378565653,3,26.181842787387872,多摩川
大田区|鵜の木1丁目,201801.5378565653,3,130.92774621636823,多摩川
大田区|鵜の木1丁目,201801.5378565653,3,26.181722883495993,多摩川
大田区|鵜の木1丁目,201801.5378565653,3,78.55770337569544,多摩川
大田区|鵜の木1丁目,201801.5378565653,3,26.18775986862815,多摩川
大田区|鵜の木1丁目,201801.5378565653,3,26.187435167715982,多摩川
大田区|鵜の木1丁目,201801.5378565653,3,104.73602949710606,多摩川
大田区|鵜の木1丁目,201801.5378565653,3,649.7349026026588,多摩川
大田区|鵜の木1丁目,201801.5378565653,3,2.1110882433133678,多摩川
大田区|鵜の木1丁目,201801.5378565653,3,49.34665745019016,多摩川
大田区|鵜の木1丁目,201801.5378565653,3,3.4886218769380717,多摩川
大田区|鵜の木1丁目,201801.5378565653,3,494.70889448281235,多摩川
大田区|鵜の木1丁目,201801.5378565653,3,86.09192475826303,多摩川
大田区|鵜の木1丁目,201801.5378565653,3,102.21958930272396,多摩川
大田区|鵜の木1丁目,201801.5378565653,4,52.376055137239995,多摩川
大田区|鵜の木1丁目,201801.5378565653,4,26.18180284053507,多摩川
大田区|鵜の木2丁目,231315.0443670995,2,8.642843814729641,多摩川
大田区|鵜の木2丁目,231315.0443670995,2,209.49797264303498,多摩川
大田区|鵜の木2丁目,231315.0443670995,2,26.18176459980686,多摩川
大田区|鵜の木2丁目,231315.0443670995,2,21185.851388588842,多摩川
大田区|鵜の木2丁目,231315.0443670995,2,157.11456816377748,多摩川
大田区|鵜の木2丁目,231315.0443670995,2,104.74569587955905,多摩川
大田区|鵜の木2丁目,231315.0443670995,2,26.188125634997537,多摩川
大田区|鵜の木2丁目,231315.0443670995,2,26.181725260168466,多摩川
大田区|鵜の木2丁目,231315.0443670995,2,26.18782297666285,多摩川
大田区|鵜の木2丁目,231315.0443670995,2,26.18746880842758,多摩川
大田区|鵜の木2丁目,231315.0443670995,2,104.7376818589685,多摩川
大田区|鵜の木2丁目,231315.0443670995,2,157.11330897538184,多摩川
大田区|鵜の木2丁目,231315.0443670995,2,26.18775637517971,多摩川
大田区|鵜の木2丁目,231315.0443670995,2,52.36887404874126,多摩川
大田区|鵜の木2丁目,231315.0443670995,2,733.1904013265101,多摩川
大田区|鵜の木2丁目,231315.0443670995,2,26.187872726371516,多摩川
大田区|鵜の木2丁目,231315.0443670995,2,26.18774380838046,多摩川
大田区|鵜の木2丁目,231315.0443670995,2,130.92730063170433,多摩川
大田区|鵜の木2丁目,231315.0443670995,2,104.73109268201942,多摩川
大田区|鵜の木2丁目,231315.0443670995,2,130.9262731176741,多摩川
大田区|鵜の木2丁目,231315.0443670995,2,52.37658125541493,多摩川
大田区|鵜の木2丁目,231315.0443670995,2,30.62916580506124,多摩川
大田区|鵜の木2丁目,231315.0443670995,2,52.3753108967433,多摩川
大田区|鵜の木2丁目,231315.0443670995,2,52.375792589823696,多摩川
大田区|鵜の木2丁目,231315.0443670995,2,26.188427168605408,多摩川
大田区|鵜の木2丁目,231315.0443670995,2,20.50992893571968,多摩川
大田区|鵜の木2丁目,231315.0443670995,2,26.181246541944216,多摩川
大田区|鵜の木2丁目,231315.0443670995,2,418.9713294148578,多摩川
大田区|鵜の木2丁目,231315.0443670995,2,26.18140725378994,多摩川
大田区|鵜の木2丁目,231315.0443670995,2,26.187678533853276,多摩川
大田区|鵜の木2丁目,231315.0443670995,2,680.8279922306261,多摩川
大田区|鵜の木2丁目,231315.0443670995,2,183.29620044393482,多摩川
大田区|鵜の木2丁目,231315.0443670995,2,26.18836086053298,多摩川
大田区|鵜の木2丁目,231315.0443670995,2,366.61214045858327,多摩川
大田区|鵜の木2丁目,231315.0443670995,2,104.74108658122528,多摩川
大田区|鵜の木2丁目,231315.0443670995,2,1204.5351256153515,多摩川
大田区|鵜の木2丁目,231315.0443670995,2,78.56415132555165,多摩川
大田区|鵜の木2丁目,231315.0443670995,2,26.187866141927287,多摩川
大田区|鵜の木2丁目,231315.0443670995,2,157.11290582726528,多摩川
大田区|鵜の木2丁目,231315.0443670995,2,1571.143963321151,多摩川
大田区|鵜の木2丁目,231315.0443670995,2,52.369569110050364,多摩川
大田区|鵜の木2丁目,231315.0443670995,2,968.8715473825554,多摩川
大田区|鵜の木2丁目,231315.0443670995,2,1832.9882551084984,多摩川
大田区|鵜の木2丁目,231315.0443670995,2,1492.585071425885,多摩川
大田区|鵜の木2丁目,231315.0443670995,2,1518.7512659262306,多摩川
大田区|鵜の木2丁目,231315.0443670995,2,1125.9896702123765,多摩川
大田区|鵜の木2丁目,231315.0443670995,2,1518.7256527417317,多摩川
大田区|鵜の木2丁目,231315.0443670995,2,1571.1310733370497,多摩川
大田区|鵜の木2丁目,231315.0443670995,2,183.30892756018434,多摩川
大田区|鵜の木2丁目,231315.0443670995,2,1152.150301184221,多摩川
大田区|鵜の木2丁目,231315.0443670995,2,1335.4727126418065,多摩川
大田区|鵜の木2丁目,231315.0443670995,2,864.1153147054872,多摩川
大田区|鵜の木2丁目,231315.0443670995,2,26.187748998432056,多摩川
大田区|鵜の木2丁目,231315.0443670995,2,1702.0531457892478,多摩川
大田区|鵜の木2丁目,231315.0443670995,2,112.15017251710663,多摩川
大田区|鵜の木2丁目,231315.0443670995,2,26.1814233499583,多摩川
大田区|鵜の木2丁目,231315.0443670995,2,52.36906500019833,多摩川
大田区|鵜の木2丁目,231315.0443670995,2,26.187471730058107,多摩川
大田区|鵜の木2丁目,231315.0443670995,2,235.67270333306587,多摩川
大田区|鵜の木2丁目,231315.0443670995,2,183.30065173771482,多摩川
大田区|鵜の木2丁目,231315.0443670995,3,177571.76170921774,多摩川
大田区|鵜の木2丁目,231315.0443670995,3,24.076014839737432,多摩川
大田区|鵜の木2丁目,231315.0443670995,3,26.18736589297223,多摩川
大田区|鵜の木2丁目,231315.0443670995,3,55.389475167893075,多摩川
大田区|鵜の木2丁目,231315.0443670995,3,52.36820273673861,多摩川
大田区|鵜の木2丁目,231315.0443670995,3,52.37520051546975,多摩川
大田区|鵜の木2丁目,231315.0443670995,3,26.1876784140305,多摩川
大田区|鵜の木2丁目,231315.0443670995,3,52.368069908107465,多摩川
大田区|鵜の木2丁目,231315.0443670995,3,26.187446983100223,多摩川
大田区|鵜の木2丁目,231315.0443670995,3,26.18722379617479,多摩川
大田区|鵜の木2丁目,231315.0443670995,3,26.1806116714443,多摩川
大田区|鵜の木2丁目,231315.0443670995,3,130.93071435052335,多摩川
大田区|鵜の木2丁目,231315.0443670995,3,130.92467773537274,多摩川
大田区|鵜の木2丁目,231315.0443670995,3,104.73648412481138,多摩川
大田区|鵜の木2丁目,231315.0443670995,3,26.187184266875796,多摩川
大田区|鵜の木2丁目,231315.0443670995,3,26.1867636225805,多摩川
大田区|鵜の木2丁目,231315.0443670995,3,26.187368238203963,多摩川
大田区|鵜の木2丁目,231315.0443670995,3,26.187158425113623,多摩川
大田区|鵜の木2丁目,231315.0443670995,3,52.374290405862155,多摩川
大田区|鵜の木2丁目,231315.0443670995,3,78.5490220953857,多摩川
大田区|鵜の木2丁目,231315.0443670995,3,104.74897760623625,多摩川
大田区|鵜の木2丁目,231315.0443670995,3,26.187488250211416,多摩川
大田区|鵜の木2丁目,231315.0443670995,3,26.180573565167,多摩川
大田区|鵜の木2丁目,231315.0443670995,3,78.561463653422,多摩川
大田区|鵜の木3丁目,182194.6382488703,1,26.18631554155538,多摩川
大田区|鵜の木3丁目,182194.6382488703,1,36.454987198104234,多摩川
大田区|鵜の木3丁目,182194.6382488703,1,26.18000488044485,多摩川
大田区|鵜の木3丁目,182194.6382488703,1,0.008497367655708417,多摩川
大田区|鵜の木3丁目,182194.6382488703,1,52.368060952742724,多摩川
大田区|鵜の木3丁目,182194.6382488703,1,26.18061454764917,多摩川
大田区|鵜の木3丁目,182194.6382488703,2,80657.35415249989,多摩川
大田区|鵜の木3丁目,182194.6382488703,2,26.18700532675343,多摩川
大田区|鵜の木3丁目,182194.6382488703,2,1649.6603003582068,多摩川
大田区|鵜の木3丁目,182194.6382488703,2,4189.602749172137,多摩川
大田区|鵜の木3丁目,182194.6382488703,2,26.186959885755712,多摩川
大田区|鵜の木3丁目,182194.6382488703,2,1256.88836239974,多摩川
大田区|鵜の木3丁目,182194.6382488703,2,445.1481748512911,多摩川
大田区|鵜の木3丁目,182194.6382488703,2,52.36668729611736,多摩川
大田区|鵜の木3丁目,182194.6382488703,2,288.0356659937415,多摩川
大田区|鵜の木3丁目,182194.6382488703,2,26.180368954355494,多摩川
大田区|鵜の木3丁目,182194.6382488703,2,3116.003699313886,多摩川
大田区|鵜の木3丁目,182194.6382488703,2,52.374617887427355,多摩川
大田区|鵜の木3丁目,182194.6382488703,2,157.10697119457257,多摩川
大田区|鵜の木3丁目,182194.6382488703,2,104.74096824838878,多摩川
大田区|鵜の木3丁目,182194.6382488703,2,52.368080173228805,多摩川
大田区|鵜の木3丁目,182194.6382488703,2,261.8519024514589,多摩川
大田区|鵜の木3丁目,182194.6382488703,2,130.9178265067018,多摩川
大田区|鵜の木3丁目,182194.6382488703,2,2461.349739224583,多摩川
大田区|鵜の木3丁目,182194.6382488703,2,288.02890111234933,多摩川
大田区|鵜の木3丁目,182194.6382488703,2,209.48152805118758,多摩川
大田区|鵜の木3丁目,182194.6382488703,2,26.1868015727731,多摩川
大田区|鵜の木3丁目,182194.6382488703,2,1466.3513245384902,多摩川
大田区|鵜の木3丁目,182194.6382488703,2,52.3679492726366,多摩川
大田区|鵜の木3丁目,182194.6382488703,2,209.4827730150079,多摩川
大田区|鵜の木3丁目,182194.6382488703,2,314.2126313557241,多摩川
大田区|鵜の木3丁目,182194.6382488703,2,18.780949384529986,多摩川
大田区|鵜の木3丁目,182194.6382488703,2,130.91796394832394,多摩川
大田区|鵜の木3丁目,182194.6382488703,2,314.2154380124766,多摩川
大田区|鵜の木3丁目,182194.6382488703,2,314.22270723887544,多摩川
大田区|鵜の木3丁目,182194.6382488703,3,67917.00082174322,多摩川
大田区|鵜の木3丁目,182194.6382488703,3,528.5888607652225,多摩川
大田区|鵜の木3丁目,182194.6382488703,3,26.187005429493947,多摩川
大田区|鵜の木3丁目,182194.6382488703,3,22.697909276471965,多摩川
大田区|鵜の木3丁目,182194.6382488703,3,343.19703956227585,多摩川
大田区|鵜の木3丁目,182194.6382488703,3,18.641155138102008,多摩川
大田区|鵜の木3丁目,182194.6382488703,3,81.06564321527875,多摩川
大田区|鵜の木3丁目,182194.6382488703,3,26.180566556091254,多摩川
大田区|鵜の木3丁目,182194.6382488703,3,52.36759360048535,多摩川
大田区|鵜の木3丁目,182194.6382488703,3,1283.0430097639357,多摩川
大田区|鵜の木3丁目,182194.6382488703,3,26.187067022113645,多摩川
大田区|鵜の木3丁目,182194.6382488703,3,52.3617476377462,多摩川
大田区|鵜の木3丁目,182194.6382488703,3,366.5859949555352,多摩川
大田区|鵜の木3丁目,182194.6382488703,3,52.36689660145269,多摩川
大田区|鵜の木3丁目,182194.6382488703,3,104.72729257184021,多摩川
大田区|鵜の木3丁目,182194.6382488703,3,26.186929542914537,多摩川
大田区|鵜の木3丁目,182194.6382488703,3,26.186031794592633,多摩川
大田区|鵜の木3丁目,182194.6382488703,3,26.186801487651117,多摩川
大田区|鵜の木3丁目,182194.6382488703,3,26.187149160450474,多摩川
大田区|鵜の木3丁目,182194.6382488703,3,26.180129611832935,多摩川
大田区|千鳥1丁目,122177.26517736881,1,2593.836608685284,多摩川
大田区|千鳥1丁目,122177.26517736881,1,314.22858138741975,多摩川
大田区|千鳥1丁目,122177.26517736881,1,26.181743480164563,多摩川
大田区|千鳥1丁目,122177.26517736881,1,104.74002417357991,多摩川
大田区|千鳥1丁目,122177.26517736881,1,52.37673871732022,多摩川
大田区|千鳥1丁目,122177.26517736881,1,5.742067939195673,多摩川
大田区|千鳥1丁目,122177.26517736881,1,4.81065469004096,多摩川
大田区|千鳥1丁目,122177.26517736881,1,19.51941990051754,多摩川
大田区|千鳥1丁目,122177.26517736881,1,52.37637377226146,多摩川
大田区|千鳥1丁目,122177.26517736881,1,26.188363136788524,多摩川
大田区|千鳥1丁目,122177.26517736881,1,52.376967169856634,多摩川
大田区|千鳥1丁目,122177.26517736881,1,52.3699536133367,多摩川
大田区|千鳥1丁目,122177.26517736881,1,968.9100025552489,多摩川
大田区|千鳥1丁目,122177.26517736881,1,14.604997906751812,多摩川
大田区|千鳥1丁目,122177.26517736881,1,189.52401461896886,多摩川
大田区|千鳥1丁目,122177.26517736881,1,26.18190527533888,多摩川
大田区|千鳥1丁目,122177.26517736881,1,52.363866358666485,多摩川
大田区|千鳥1丁目,122177.26517736881,1,288.04710030836054,多摩川
大田区|千鳥1丁目,122177.26517736881,1,115.64469626400268,多摩川
大田区|千鳥1丁目,122177.26517736881,1,10.994245580756065,多摩川
大田区|千鳥1丁目,122177.26517736881,1,52.364453771411874,多摩川
大田区|千鳥1丁目,122177.26517736881,1,52.37624816763743,多摩川
大田区|千鳥1丁目,122177.26517736881,1,52.3769974203511,多摩川
大田区|千鳥1丁目,122177.26517736881,1,26.188485551854406,多摩川
大田区|千鳥1丁目,122177.26517736881,1,654.6612016375213,多摩川
大田区|千鳥1丁目,122177.26517736881,1,130.93004369653792,多摩川
大田区|千鳥1丁目,122177.26517736881,1,26.18218816845089,多摩川
大田区|千鳥1丁目,122177.26517736881,1,183.30498915627862,多摩川
大田区|千鳥1丁目,122177.26517736881,1,52.37011428151712,多摩川
大田区|千鳥1丁目,122177.26517736881,1,26.181948137775187,多摩川
大田区|千鳥1丁目,122177.26517736881,1,5850.2114682843985,多摩川
大田区|千鳥1丁目,122177.26517736881,1,26.188223082068706,多摩川
大田区|千鳥1丁目,122177.26517736881,1,26.1882497258548,多摩川
大田区|千鳥1丁目,122177.26517736881,2,76091.14160226283,多摩川
大田区|千鳥2丁目,186364.03165861295,1,6.669143387723136,多摩川
大田区|千鳥2丁目,186364.03165861295,1,1073.6392290858835,多摩川
大田区|千鳥2丁目,186364.03165861295,1,11.577267982164003,多摩川
大田区|千鳥2丁目,186364.03165861295,1,130.93742440682132,多摩川
大田区|千鳥2丁目,186364.03165861295,1,104.7356833011001,多摩川
大田区|千鳥2丁目,186364.03165861295,1,26.18873811286241,多摩川
大田区|千鳥2丁目,186364.03165861295,1,52.37099756713782,多摩川
大田区|千鳥2丁目,186364.03165861295,1,15.19427911209477,多摩川
大田区|千鳥2丁目,186364.03165861295,2,1076.1978191426763,多摩川
大田区|千鳥2丁目,186364.03165861295,2,183333.9311815646,多摩川
大田区|千鳥3丁目,145921.87749632055,1,4215.080398511904,多摩川
大田区|千鳥3丁目,145921.87749632055,1,26.188090508723647,多摩川
大田区|千鳥3丁目,145921.87749632055,1,445.17236637028424,多摩川
大田区|千鳥3丁目,145921.87749632055,1,26.18794409435688,多摩川
大田区|千鳥3丁目,145921.87749632055,1,26.18798422991632,多摩川
大田区|千鳥3丁目,145921.87749632055,1,183.30410668992573,多摩川
大田区|千鳥3丁目,145921.87749632055,1,157.12881811861175,多摩川
大田区|千鳥3丁目,145921.87749632055,1,157.1035394383968,多摩川
大田区|千鳥3丁目,145921.87749632055,1,157.12200651242205,多摩川
大田区|千鳥3丁目,145921.87749632055,1,104.73382099351912,多摩川
大田区|千鳥3丁目,145921.87749632055,1,52.36396075198947,多摩川
大田区|千鳥3丁目,145921.87749632055,1,157.12256909057032,多摩川
大田区|千鳥3丁目,145921.87749632055,1,785.5814634383084,多摩川
大田区|千鳥3丁目,145921.87749632055,1,26.18817421839062,多摩川
大田区|千鳥3丁目,145921.87749632055,1,26.188134858741392,多摩川
大田区|千鳥3丁目,145921.87749632055,1,26.18183894904673,多摩川
大田区|千鳥3丁目,145921.87749632055,1,26.188110312894132,多摩川
大田区|千鳥3丁目,145921.87749632055,2,108106.95262222814,多摩川
大田区|千鳥3丁目,145921.87749632055,2,78.55800392803728,多摩川
大田区|千鳥3丁目,145921.87749632055,2,26.187983382961573,多摩川
大田区|千鳥3丁目,145921.87749632055,2,52.369856244275596,多摩川
大田区|千鳥3丁目,145921.87749632055,2,26.187890004214204,多摩川
大田区|千鳥3丁目,145921.87749632055,2,26.18793014828179,多摩川
大田区|千鳥3丁目,145921.87749632055,2,26.18794419000821,多摩川
大田区|千鳥3丁目,145921.87749632055,2,78.54571556298431,多摩川
大田区|千鳥3丁目,145921.87749632055,2,52.37589858250333,多摩川
大田区|千鳥3丁目,145921.87749632055,2,26.181876179205467,多摩川
大田区|南久が原2丁目,204898.12264560975,1,707.027411518674,多摩川
大田区|南久が原2丁目,204898.12264560975,1,130.92642844256017,多摩川
大田区|南久が原2丁目,204898.12264560975,1,52.36931581545805,多摩川
大田区|南久が原2丁目,204898.12264560975,1,445.16233378677464,多摩川
大田区|南久が原2丁目,204898.12264560975,1,52.36917614977784,多摩川
大田区|南久が原2丁目,204898.12264560975,1,52.362878726990786,多摩川
大田区|南久が原2丁目,204898.12264560975,1,26.187710401208484,多摩川
大田区|南久が原2丁目,204898.12264560975,1,471.34613000880665,多摩川
大田区|南久が原2丁目,204898.12264560975,1,26.187697402604933,多摩川
大田区|南久が原2丁目,204898.12264560975,1,26.18092541501222,多摩川
大田区|南久が原2丁目,204898.12264560975,1,26.181239443265532,多摩川
大田区|南久が原2丁目,204898.12264560975,1,26.18751089096703,多摩川
大田区|南久が原2丁目,204898.12264560975,1,995.0474320628874,多摩川
大田区|南久が原2丁目,204898.12264560975,1,669.2941770167702,多摩川
大田区|南久が原2丁目,204898.12264560975,2,13509.881313185415,多摩川
大田区|久が原5丁目,240166.52136643493,1,30.252355958629632,多摩川
大田区|久が原6丁目,160903.7584177495,1,19.981175704906253,多摩川
大田区|久が原6丁目,160903.7584177495,1,67.64083585705377,多摩川
大田区|久が原6丁目,160903.7584177495,1,68.64049534631302,多摩川
大田区|東糀谷1丁目,170491.5494358339,1,113.27639214697098,多摩川
大田区|東糀谷1丁目,170491.5494358339,1,26.192141883632388,多摩川
大田区|東糀谷1丁目,170491.5494358339,1,445.24480276767133,多摩川
大田区|東糀谷1丁目,170491.5494358339,1,419.0403536498417,多摩川
大田区|東糀谷1丁目,170491.5494358339,1,26.18651749838989,多摩川
大田区|東糀谷1丁目,170491.5494358339,1,26.191975222124967,多摩川
大田区|東糀谷1丁目,170491.5494358339,1,26.185676218217324,多摩川
大田区|東糀谷1丁目,170491.5494358339,1,26.18600742243307,多摩川
大田区|東糀谷1丁目,170491.5494358339,1,52.3777081027174,多摩川
大田区|東糀谷1丁目,170491.5494358339,1,52.38440391444627,多摩川
大田区|東糀谷1丁目,170491.5494358339,1,367.85106047469674,多摩川
大田区|東糀谷1丁目,170491.5494358339,1,26.185718262639426,多摩川
大田区|東糀谷1丁目,170491.5494358339,1,14.18111184667091,多摩川
大田区|東糀谷1丁目,170491.5494358339,2,162265.3172666861,多摩川
大田区|東糀谷1丁目,170491.5494358339,2,26.19194766851176,多摩川
大田区|東糀谷2丁目,99607.77010986923,2,99607.77010986922,多摩川
大田区|東糀谷3丁目,94521.67947482636,1,30.17661419922741,多摩川
大田区|東糀谷3丁目,94521.67947482636,1,80.44323342097753,多摩川
大田区|東糀谷3丁目,94521.67947482636,1,130.14348894695442,多摩川
大田区|東糀谷3丁目,94521.67947482636,2,94279.74714638313,多摩川
大田区|東糀谷4丁目,172492.84949117145,1,47.536991645173984,多摩川
大田区|東糀谷4丁目,172492.84949117145,1,2.145438849664658,多摩川
大田区|東糀谷4丁目,172492.84949117145,1,26.187763723950372,多摩川
大田区|東糀谷4丁目,172492.84949117145,1,104.76404099949735,多摩川
大田区|東糀谷4丁目,172492.84949117145,1,48.393255815031424,多摩川
大田区|東糀谷4丁目,172492.84949117145,1,52.37604631071819,多摩川
大田区|東糀谷4丁目,172492.84949117145,1,209.52896689319195,多摩川
大田区|東糀谷4丁目,172492.84949117145,2,171976.89191019497,多摩川
大田区|東糀谷5丁目,178139.11748174866,1,588.5139059167451,多摩川
大田区|東糀谷5丁目,178139.11748174866,1,78.56966175078148,多摩川
大田区|東糀谷5丁目,178139.11748174866,1,52.377641984255156,多摩川
大田区|東糀谷5丁目,178139.11748174866,1,157.14518427223405,多摩川
大田区|東糀谷5丁目,178139.11748174866,1,43.85672821989696,多摩川
大田区|東糀谷5丁目,178139.11748174866,2,171431.6837388675,多摩川
大田区|東糀谷5丁目,178139.11748174866,3,181.37993366181152,多摩川
大田区|東糀谷6丁目,224274.56178198187,1,16236.399916551532,多摩川
大田区|東糀谷6丁目,224274.56178198187,1,261.90009796419184,多摩川
大田区|東糀谷6丁目,224274.56178198187,1,104.76478759035783,多摩川
大田区|東糀谷6丁目,224274.56178198187,1,288.0952346866869,多摩川
大田区|東糀谷6丁目,224274.56178198187,1,26.18623517927916,多摩川
大田区|東糀谷6丁目,224274.56178198187,1,26.186549355314753,多摩川
大田区|東糀谷6丁目,224274.56178198187,1,52.38001986094193,多摩川
大田区|東糀谷6丁目,224274.56178198187,1,26.193370196116078,多摩川
大田区|東糀谷6丁目,224274.56178198187,1,130.95526449145854,多摩川
大田区|東糀谷6丁目,224274.56178198187,1,104.76437808826797,多摩川
大田区|東糀谷6丁目,224274.56178198187,1,52.385229372914694,多摩川
大田区|東糀谷6丁目,224274.56178198187,1,26.192701750693008,多摩川
大田区|東糀谷6丁目,224274.56178198187,1,654.7888568962654,多摩川
大田区|東糀谷6丁目,224274.56178198187,1,130.95538597567702,多摩川
大田区|東糀谷6丁目,224274.56178198187,1,104.74529934280869,多摩川
大田区|東糀谷6丁目,224274.56178198187,1,26.186750538409235,多摩川
大田区|東糀谷6丁目,224274.56178198187,1,183.3467039388991,多摩川
大田区|東糀谷6丁目,224274.56178198187,1,52.38674157995821,多摩川
大田区|東糀谷6丁目,224274.56178198187,1,26.19355362141225,多摩川
大田区|東糀谷6丁目,224274.56178198187,1,157.14812299651763,多摩川
大田区|東糀谷6丁目,224274.56178198187,1,52.387062652974734,多摩川
大田区|東糀谷6丁目,224274.56178198187,1,2069.0366013874886,多摩川
大田区|東糀谷6丁目,224274.56178198187,1,549.9854406814308,多摩川
大田区|東糀谷6丁目,224274.56178198187,1,26.19264884790507,多摩川
大田区|東糀谷6丁目,224274.56178198187,1,288.1072047056427,多摩川
大田区|東糀谷6丁目,224274.56178198187,1,26.193370979658514,多摩川
大田区|東糀谷6丁目,224274.56178198187,1,26.19236831295101,多摩川
大田区|東糀谷6丁目,224274.56178198187,1,628.5634836462043,多摩川
大田区|東糀谷6丁目,224274.56178198187,1,78.56598192201311,多摩川
大田区|東糀谷6丁目,224274.56178198187,1,52.37286066547424,多摩川
大田区|東糀谷6丁目,224274.56178198187,1,52.37310111470176,多摩川
大田区|東糀谷6丁目,224274.56178198187,1,104.77158629898884,多摩川
大田区|東糀谷6丁目,224274.56178198187,1,157.15134832469977,多摩川
大田区|東糀谷6丁目,224274.56178198187,1,157.14602903158413,多摩川
大田区|東糀谷6丁目,224274.56178198187,1,26.19337115239594,多摩川
大田区|東糀谷6丁目,224274.56178198187,1,811.9335802218869,多摩川
大田区|東糀谷6丁目,224274.56178198187,1,26.186029446732917,多摩川
大田区|東糀谷6丁目,224274.56178198187,1,52.372219402406124,多摩川
大田区|東糀谷6丁目,224274.56178198187,1,52.38513403324209,多摩川
大田区|東糀谷6丁目,224274.56178198187,1,52.37245964614213,多摩川
大田区|東糀谷6丁目,224274.56178198187,1,26.19230177817419,多摩川
大田区|東糀谷6丁目,224274.56178198187,1,78.56643355864124,多摩川
大田区|東糀谷6丁目,224274.56178198187,1,57.232345036582025,多摩川
大田区|東糀谷6丁目,224274.56178198187,1,0.6005612790205321,多摩川
大田区|東糀谷6丁目,224274.56178198187,1,130.94272933174847,多摩川
大田区|東糀谷6丁目,224274.56178198187,1,26.19253857824961,多摩川
大田区|東糀谷6丁目,224274.56178198187,1,52.37958045000003,多摩川
大田区|東糀谷6丁目,224274.56178198187,1,52.38594162125851,多摩川
大田区|東糀谷6丁目,224274.56178198187,1,130.94151063234125,多摩川
大田区|東糀谷6丁目,224274.56178198187,1,40.045209094976705,多摩川
大田区|東糀谷6丁目,224274.56178198187,1,157.14100437429224,多摩川
大田区|東糀谷6丁目,224274.56178198187,1,41.12906597496486,多摩川
大田区|東糀谷6丁目,224274.56178198187,1,11.730376139535352,多摩川
大田区|東糀谷6丁目,224274.56178198187,1,17.315762842779886,多摩川
大田区|東糀谷6丁目,224274.56178198187,1,52.38527490918568,多摩川
大田区|東糀谷6丁目,224274.56178198187,1,366.65879842505035,多摩川
大田区|東糀谷6丁目,224274.56178198187,1,26.192686810572855,多摩川
大田区|東糀谷6丁目,224274.56178198187,1,26.193021169598286,多摩川
大田区|東糀谷6丁目,224274.56178198187,1,19.93198237061664,多摩川
大田区|東糀谷6丁目,224274.56178198187,1,258.9524416661779,多摩川
大田区|東糀谷6丁目,224274.56178198187,1,157.1472021566477,多摩川
大田区|東糀谷6丁目,224274.56178198187,1,26.18706960366132,多摩川
大田区|東糀谷6丁目,224274.56178198187,1,680.9821058585139,多摩川
大田区|東糀谷6丁目,224274.56178198187,1,130.96350177478743,多摩川
大田区|東糀谷6丁目,224274.56178198187,1,52.37357815537273,多摩川
大田区|東糀谷6丁目,224274.56178198187,1,130.95457687498856,多摩川
大田区|東糀谷6丁目,224274.56178198187,1,130.9637129190138,多摩川
大田区|東糀谷6丁目,224274.56178198187,1,26.186789814569206,多摩川
大田区|東糀谷6丁目,224274.56178198187,2,156411.98495309107,多摩川
大田区|東糀谷6丁目,224274.56178198187,2,38.32709186411944,多摩川
大田区|東糀谷6丁目,224274.56178198187,2,21.947656718012325,多摩川
大田区|東糀谷6丁目,224274.56178198187,2,26.19260634790519,多摩川
大田区|東糀谷6丁目,224274.56178198187,2,4.4190350720605025,多摩川
大田区|東糀谷6丁目,224274.56178198187,2,25.55088539068435,多摩川
大田区|東糀谷6丁目,224274.56178198187,2,157.15572147720457,多摩川
大田区|東糀谷6丁目,224274.56178198187,2,26.192292340043217,多摩川
大田区|東糀谷6丁目,224274.56178198187,2,209.54170607200703,多摩川
大田区|東糀谷6丁目,224274.56178198187,3,185.28630460068928,多摩川
大田区|西糀谷1丁目,207398.02222215215,1,26.19207590296958,多摩川
大田区|西糀谷1丁目,207398.02222215215,2,202009.7301344413,多摩川
大田区|西糀谷1丁目,207398.02222215215,3,78.5763765627628,多摩川
大田区|西糀谷2丁目,191232.41521475662,1,103.56924602028056,多摩川
大田区|西糀谷2丁目,191232.41521475662,1,273.8938826755492,多摩川
大田区|西糀谷2丁目,191232.41521475662,1,26.192097723991417,多摩川
大田区|西糀谷2丁目,191232.41521475662,2,185621.31126193254,多摩川
大田区|西糀谷3丁目,280736.0520351164,2,279897.9313282975,多摩川
大田区|西糀谷4丁目,206467.58265543357,2,206467.58265543357,多摩川
大田区|北糀谷1丁目,133758.24361972135,1,237.9304475018478,多摩川
大田区|北糀谷1丁目,133758.24361972135,1,26.191897296445156,多摩川
大田区|北糀谷1丁目,133758.24361972135,1,0.24729474780180424,多摩川
大田区|北糀谷1丁目,133758.24361972135,1,26.1842756092799,多摩川
大田区|北糀谷1丁目,133758.24361972135,1,26.184235592638828,多摩川
大田区|北糀谷1丁目,133758.24361972135,1,32.23404952244616,多摩川
大田区|北糀谷1丁目,133758.24361972135,1,23.680797359772555,多摩川
大田区|北糀谷1丁目,133758.24361972135,1,628.5621556324502,多摩川
大田区|北糀谷1丁目,133758.24361972135,1,52.37468974737647,多摩川
大田区|北糀谷1丁目,133758.24361972135,1,392.84564488059726,多摩川
大田区|北糀谷1丁目,133758.24361972135,1,26.185479748884315,多摩川
大田区|北糀谷1丁目,133758.24361972135,1,26.191778966623044,多摩川
大田区|北糀谷1丁目,133758.24361972135,1,26.18564163980175,多摩川
大田区|北糀谷1丁目,133758.24361972135,2,124459.00298571099,多摩川
大田区|北糀谷2丁目,90132.810539855,1,366.6680799749198,多摩川
大田区|北糀谷2丁目,90132.810539855,1,26.185603456546502,多摩川
大田区|北糀谷2丁目,90132.810539855,2,82588.75234555396,多摩川
大田区|羽田旭町,275968.8635935349,1,23505.91729762265,多摩川
大田区|羽田旭町,275968.8635935349,1,26.193731516050093,多摩川
大田区|羽田旭町,275968.8635935349,1,26.187472634826797,多摩川
大田区|羽田旭町,275968.8635935349,1,26.187408115948756,多摩川
大田区|羽田旭町,275968.8635935349,1,26.19385241809328,多摩川
大田区|羽田旭町,275968.8635935349,1,104.76955428863432,多摩川
大田区|羽田旭町,275968.8635935349,1,52.38164680167353,多摩川
大田区|羽田旭町,275968.8635935349,1,209.5398130992214,多摩川
大田区|羽田旭町,275968.8635935349,1,75.8298531254287,多摩川
大田区|羽田旭町,275968.8635935349,1,24.32096419814162,多摩川
大田区|羽田旭町,275968.8635935349,1,159.19404951808534,多摩川
大田区|羽田旭町,275968.8635935349,1,733.3731953792367,多摩川
大田区|羽田旭町,275968.8635935349,1,52.38827333692384,多摩川
大田区|羽田旭町,275968.8635935349,1,707.1896912084737,多摩川
大田区|羽田旭町,275968.8635935349,1,78.576344375417,多摩川
大田区|羽田旭町,275968.8635935349,1,26.18815132225213,多摩川
大田区|羽田旭町,275968.8635935349,1,314.3153941304538,多摩川
大田区|羽田旭町,275968.8635935349,1,7567.735068614596,多摩川
大田区|羽田旭町,275968.8635935349,1,23.108694932210682,多摩川
大田区|羽田旭町,275968.8635935349,1,11.944707803002753,多摩川
大田区|羽田旭町,275968.8635935349,1,26.187830895327238,多摩川
大田区|羽田旭町,275968.8635935349,1,1309.5164583370827,多摩川
大田区|羽田旭町,275968.8635935349,1,284.10070872826964,多摩川
大田区|羽田旭町,275968.8635935349,1,52.39042419006523,多摩川
大田区|羽田旭町,275968.8635935349,1,183.3526643228225,多摩川
大田区|羽田旭町,275968.8635935349,1,26.187270826507927,多摩川
大田区|羽田旭町,275968.8635935349,2,205458.9372798516,多摩川
大田区|羽田旭町,275968.8635935349,2,26.194049791248716,多摩川
大田区|羽田旭町,275968.8635935349,2,26.187830527063777,多摩川
大田区|羽田旭町,275968.8635935349,2,26.194183414870892,多摩川
大田区|羽田旭町,275968.8635935349,2,154.68178625393938,多摩川
大田区|羽田旭町,275968.8635935349,2,23.94119357396011,多摩川
大田区|羽田旭町,275968.8635935349,2,26.82659816212646,多摩川
大田区|羽田旭町,275968.8635935349,2,445.2711197043107,多摩川
大田区|羽田旭町,275968.8635935349,2,8.195728814101017,多摩川
大田区|羽田旭町,275968.8635935349,2,26.187229450738542,多摩川
大田区|羽田旭町,275968.8635935349,2,52.38689734094684,多摩川
大田区|羽田旭町,275968.8635935349,2,52.38705935229282,多摩川
大田区|羽田旭町,275968.8635935349,2,26.187230212802007,多摩川
大田区|羽田旭町,275968.8635935349,2,419.06680763263586,多摩川
大田区|羽田旭町,275968.8635935349,2,26.19362346721685,多摩川
大田区|羽田旭町,275968.8635935349,2,104.76185550460265,多摩川
大田区|羽田旭町,275968.8635935349,2,104.76229604314736,多摩川
大田区|羽田旭町,275968.8635935349,2,130.9497880711521,多摩川
大田区|羽田旭町,275968.8635935349,2,104.76799451507175,多摩川
大田区|羽田1丁目,138217.25627416963,1,32.45322103623618,多摩川
大田区|羽田1丁目,138217.25627416963,2,138184.80305313328,多摩川
大田区|羽田2丁目,111225.85781891506,1,157.15730507564473,多摩川
大田区|羽田2丁目,111225.85781891506,1,26.19097632680552,多摩川
大田区|羽田2丁目,111225.85781891506,1,26.19704056867708,多摩川
大田区|羽田2丁目,111225.85781891506,1,26.197116678143413,多摩川
大田区|羽田2丁目,111225.85781891506,1,26.196526469308978,多摩川
大田区|羽田2丁目,111225.85781891506,1,1257.3569862204681,多摩川
大田区|羽田2丁目,111225.85781891506,1,52.39418621913546,多摩川
大田区|羽田2丁目,111225.85781891506,2,102295.17478038662,多摩川
大田区|羽田2丁目,111225.85781891506,2,471.4949181442862,多摩川
大田区|羽田3丁目,133156.24999377682,1,7.776137907719567,多摩川
大田区|羽田3丁目,133156.24999377682,1,130.98549050153073,多摩川
大田区|羽田3丁目,133156.24999377682,1,52.39421214979348,多摩川
大田区|羽田3丁目,133156.24999377682,2,120517.38168884839,多摩川
大田区|羽田4丁目,124501.96972557821,1,1040.244383610385,多摩川
大田区|羽田4丁目,124501.96972557821,2,122101.1547375825,多摩川
大田区|羽田4丁目,124501.96972557821,3,391.4189069592412,多摩川
大田区|羽田4丁目,124501.96972557821,3,52.39102234517435,多摩川
大田区|羽田4丁目,124501.96972557821,3,26.18923796961613,多摩川
大田区|羽田4丁目,124501.96972557821,3,523.8659668293001,多摩川
大田区|羽田4丁目,124501.96972557821,3,26.195497940544392,多摩川
大田区|羽田4丁目,124501.96972557821,4,314.314501094758,多摩川
大田区|羽田4丁目,124501.96972557821,4,26.195471246725877,多摩川
大田区|羽田5丁目,150538.6276211168,1,1257.2644927253648,多摩川
大田区|羽田5丁目,150538.6276211168,1,2984.3668946551925,多摩川
大田区|羽田5丁目,150538.6276211168,1,559.1382848405577,多摩川
大田区|羽田5丁目,150538.6276211168,1,169.42079936576954,多摩川
大田区|羽田5丁目,150538.6276211168,1,501.6788661123115,多摩川
大田区|羽田5丁目,150538.6276211168,1,26.195267257583524,多摩川
大田区|羽田5丁目,150538.6276211168,1,26.195267050207917,多摩川
大田区|羽田5丁目,150538.6276211168,1,52.39050760226799,多摩川
大田区|羽田5丁目,150538.6276211168,1,235.745010994843,多摩川
大田区|羽田5丁目,150538.6276211168,1,392.9110067081412,多摩川
大田区|羽田5丁目,150538.6276211168,1,511.14227263668545,多摩川
大田区|羽田5丁目,150538.6276211168,1,26.189475741561314,多摩川
大田区|羽田5丁目,150538.6276211168,1,26.19574872398004,多摩川
大田区|羽田5丁目,150538.6276211168,1,27.129327355917745,多摩川
大田区|羽田5丁目,150538.6276211168,2,137121.1129602765,多摩川
大田区|羽田5丁目,150538.6276211168,2,26.195347102876685,多摩川
大田区|羽田5丁目,150538.6276211168,2,0.5223829126803441,多摩川
大田区|羽田5丁目,150538.6276211168,2,35.40110306138145,多摩川
大田区|羽田5丁目,150538.6276211168,2,26.195668010052906,多摩川
大田区|羽田5丁目,150538.6276211168,2,18.57852295510791,多摩川
大田区|羽田5丁目,150538.6276211168,2,157.1489842151696,多摩川
大田区|羽田5丁目,150538.6276211168,2,0.0009003356512339542,多摩川
大田区|羽田5丁目,150538.6276211168,2,7.588012226670081,多摩川
大田区|羽田5丁目,150538.6276211168,2,3.5373692377517743,多摩川
大田区|羽田5丁目,150538.6276211168,2,24.909945508663533,多摩川
大田区|羽田5丁目,150538.6276211168,2,7.494812205553144,多摩川
大田区|羽田5丁目,150538.6276211168,2,0.006399648671117521,多摩川
大田区|羽田5丁目,150538.6276211168,3,1.4882216210242518,多摩川
大田区|羽田6丁目,134202.14599048864,1,26.196913615340023,多摩川
大田区|羽田6丁目,134202.14599048864,1,26.196980949715496,多摩川
大田区|羽田6丁目,134202.14599048864,1,227.99833293196113,多摩川
大田区|羽田6丁目,134202.14599048864,1,39.76936340147807,多摩川
大田区|羽田6丁目,134202.14599048864,1,26.196617932303766,多摩川
大田区|羽田6丁目,134202.14599048864,1,26.190317932519964,多摩川
大田区|羽田6丁目,134202.14599048864,1,52.3865945155343,多摩川
大田区|羽田6丁目,134202.14599048864,1,26.196397035727323,多摩川
大田区|羽田6丁目,134202.14599048864,1,78.58397688049038,多摩川
大田区|羽田6丁目,134202.14599048864,1,26.196657987245036,多摩川
大田区|羽田6丁目,134202.14599048864,1,26.19047816496993,多摩川
大田区|羽田6丁目,134202.14599048864,1,313.4119159796802,多摩川
大田区|羽田6丁目,134202.14599048864,1,52.38677558156456,多摩川
大田区|羽田6丁目,134202.14599048864,2,106283.32223100272,多摩川
大田区|羽田6丁目,134202.14599048864,2,104.76325773497257,多摩川
大田区|羽田6丁目,134202.14599048864,2,14.478394804987582,多摩川
大田区|羽田6丁目,134202.14599048864,3,52.39433593117636,多摩川
大田区|本羽田1丁目,226394.90764015977,1,52.39400391980941,多摩川
大田区|本羽田1丁目,226394.90764015977,1,26.190783728838436,多摩川
大田区|本羽田1丁目,226394.90764015977,2,218452.28893281045,多摩川
大田区|本羽田1丁目,226394.90764015977,3,25.01529659804457,多摩川
大田区|本羽田1丁目,226394.90764015977,3,497.67781225258227,多摩川
大田区|本羽田1丁目,226394.90764015977,3,26.196933848747463,多摩川
大田区|本羽田1丁目,226394.90764015977,3,104.78149756385461,多摩川
大田区|本羽田1丁目,226394.90764015977,3,26.196880490813502,多摩川
大田区|本羽田1丁目,226394.90764015977,3,130.98482367195078,多摩川
大田区|本羽田1丁目,226394.90764015977,3,130.9833351858766,多摩川
大田区|本羽田1丁目,226394.90764015977,3,26.190663225044485,多摩川
大田区|本羽田1丁目,226394.90764015977,3,289.574643467334,多摩川
大田区|本羽田1丁目,226394.90764015977,3,26.190422904545095,多摩川
大田区|本羽田1丁目,226394.90764015977,3,84.04842891952487,多摩川
大田区|本羽田1丁目,226394.90764015977,3,26.190792817785137,多摩川
大田区|本羽田1丁目,226394.90764015977,3,40.54986228249757,多摩川
大田区|本羽田1丁目,226394.90764015977,3,183.36627671254575,多摩川
大田区|本羽田1丁目,226394.90764015977,3,2.6230893231297827,多摩川
大田区|本羽田1丁目,226394.90764015977,3,24.724042821688908,多摩川
大田区|本羽田1丁目,226394.90764015977,3,28.51535449823828,多摩川
大田区|本羽田2丁目,168116.08072615828,1,130.9848568184521,多摩川
大田区|本羽田2丁目,168116.08072615828,1,52.39406932710534,多摩川
大田区|本羽田2丁目,168116.08072615828,1,52.39383448029506,多摩川
大田区|本羽田2丁目,168116.08072615828,1,78.5909619883735,多摩川
大田区|本羽田2丁目,168116.08072615828,1,314.36296663448195,多摩川
大田区|本羽田2丁目,168116.08072615828,2,161874.7440266622,多摩川
大田区|本羽田2丁目,168116.08072615828,3,1163.6189632353862,多摩川
大田区|本羽田2丁目,168116.08072615828,3,7.580750020523585,多摩川
大田区|本羽田2丁目,168116.08072615828,3,26.196890532087146,多摩川
大田区|本羽田2丁目,168116.08072615828,3,130.98462387387366,多摩川
大田区|本羽田2丁目,168116.08072615828,3,78.58994305827271,多摩川
大田区|本羽田2丁目,168116.08072615828,3,27.378463211679936,多摩川
大田区|本羽田3丁目,293370.1544286915,1,130.97095463851633,多摩川
大田区|本羽田3丁目,293370.1544286915,1,104.77476291756977,多摩川
大田区|本羽田3丁目,293370.1544286915,1,52.39352355599165,多摩川
大田区|本羽田3丁目,293370.1544286915,1,183.37747399365594,多摩川
大田区|本羽田3丁目,293370.1544286915,1,130.9711467379174,多摩川
大田区|本羽田3丁目,293370.1544286915,1,52.38741077486015,多摩川
大田区|本羽田3丁目,293370.1544286915,1,3641.078057825344,多摩川
大田区|本羽田3丁目,293370.1544286915,1,1021.6025941822206,多摩川
大田区|本羽田3丁目,293370.1544286915,1,602.5000131867343,多摩川
大田区|本羽田3丁目,293370.1544286915,1,52.393815168785395,多摩川
大田区|本羽田3丁目,293370.1544286915,1,26.196923059346794,多摩川
大田区|本羽田3丁目,293370.1544286915,1,1021.6027987222033,多摩川
大田区|本羽田3丁目,293370.1544286915,1,26.190450777463383,多摩川
大田区|本羽田3丁目,293370.1544286915,1,26.190571080180423,多摩川
大田区|本羽田3丁目,293370.1544286915,1,104.78753654899894,多摩川
大田区|本羽田3丁目,293370.1544286915,1,104.7867527774785,多摩川
大田区|本羽田3丁目,293370.1544286915,1,78.5719261776174,多摩川
大田区|本羽田3丁目,293370.1544286915,1,26.196929130666554,多摩川
大田区|本羽田3丁目,293370.1544286915,1,26.196928990536772,多摩川
大田区|本羽田3丁目,293370.1544286915,2,266157.49382683006,多摩川
大田区|本羽田3丁目,293370.1544286915,2,26.19060999382779,多摩川
大田区|本羽田3丁目,293370.1544286915,2,26.190609864160265,多摩川
大田区|本羽田3丁目,293370.1544286915,3,157.1703352058896,多摩川
大田区|本羽田3丁目,293370.1544286915,3,26.196712589982468,多摩川
大田区|本羽田3丁目,293370.1544286915,3,26.190662012208048,多摩川
大田区|本羽田3丁目,293370.1544286915,3,235.7586058032949,多摩川
大田区|本羽田3丁目,293370.1544286915,3,157.16551639496498,多摩川
大田区|本羽田3丁目,293370.1544286915,3,261.9490528523064,多摩川
大田区|本羽田3丁目,293370.1544286915,3,52.3872357706651,多摩川
大田区|本羽田3丁目,293370.1544286915,3,26.196736786549717,多摩川
大田区|本羽田3丁目,293370.1544286915,3,26.190213822232273,多摩川
大田区|本羽田3丁目,293370.1544286915,3,2556.007647140188,多摩川
大田区|本羽田3丁目,293370.1544286915,3,26.19062432821121,多摩川
大田区|本羽田3丁目,293370.1544286915,3,52.38689526739852,多摩川
大田区|本羽田3丁目,293370.1544286915,3,183.3500161631096,多摩川
大田区|本羽田3丁目,293370.1544286915,3,26.19671525225033,多摩川
大田区|本羽田3丁目,293370.1544286915,3,26.19041511808544,多摩川
大田区|本羽田3丁目,293370.1544286915,3,26.196688399000344,多摩川
大田区|本羽田3丁目,293370.1544286915,3,26.196674943631702,多摩川
大田区|本羽田3丁目,293370.1544286915,3,18.615773969636493,多摩川
大田区|本羽田3丁目,293370.1544286915,4,26.19635439876659,多摩川
大田区|羽田空港1丁目,1182510.3941357473,1,6640.081654988939,多摩川
大田区|羽田空港1丁目,1182510.3941357473,1,3.1884875049920223,多摩川
大田区|羽田空港1丁目,1182510.3941357473,1,7490.3880711260745,多摩川
大田区|羽田空港1丁目,1182510.3941357473,1,26.18629771889517,多摩川
大田区|羽田空港1丁目,1182510.3941357473,1,52.38534998551383,多摩川
大田区|羽田空港1丁目,1182510.3941357473,1,209.15063166932197,多摩川
大田区|羽田空港1丁目,1182510.3941357473,1,2.0560107526163813,多摩川
大田区|羽田空港1丁目,1182510.3941357473,1,52.37203699165993,多摩川
大田区|羽田空港1丁目,1182510.3941357473,1,209.52876711418372,多摩川
大田区|羽田空港1丁目,1182510.3941357473,1,2504.8398158967325,多摩川
大田区|羽田空港1丁目,1182510.3941357473,1,26.193133612572275,多摩川
大田区|羽田空港1丁目,1182510.3941357473,1,5133.401972485397,多摩川
大田区|羽田空港1丁目,1182510.3941357473,1,26.19333402701595,多摩川
大田区|羽田空港1丁目,1182510.3941357473,1,78.57695390751265,多摩川
大田区|羽田空港1丁目,1182510.3941357473,1,26.186018848639726,多摩川
大田区|羽田空港1丁目,1182510.3941357473,1,26.19304023231346,多摩川
大田区|羽田空港1丁目,1182510.3941357473,1,52.385773350577225,多摩川
大田区|羽田空港1丁目,1182510.3941357473,1,78.57216761376844,多摩川
大田区|羽田空港1丁目,1182510.3941357473,1,26.186540861918747,多摩川
大田区|羽田空港1丁目,1182510.3941357473,1,392.86111134487476,多摩川
大田区|羽田空港1丁目,1182510.3941357473,1,157.14765441147253,多摩川
大田区|羽田空港1丁目,1182510.3941357473,1,1702.4209798869927,多摩川
大田区|羽田空港1丁目,1182510.3941357473,1,26.19328168586624,多摩川
大田区|羽田空港1丁目,1182510.3941357473,1,26.192318798094167,多摩川
大田区|羽田空港1丁目,1182510.3941357473,1,26.186019812932656,多摩川
大田区|羽田空港1丁目,1182510.3941357473,1,26.19269338384035,多摩川
大田区|羽田空港1丁目,1182510.3941357473,1,2016.692410346667,多摩川
大田区|羽田空港1丁目,1182510.3941357473,1,26.192421590131197,多摩川
大田区|羽田空港1丁目,1182510.3941357473,1,52.37117093316721,多摩川
大田区|羽田空港1丁目,1182510.3941357473,1,26.192172065968695,多摩川
大田区|羽田空港1丁目,1182510.3941357473,1,157.13528055236984,多摩川
大田区|羽田空港1丁目,1182510.3941357473,1,26.192653500216046,多摩川
大田区|羽田空港1丁目,1182510.3941357473,1,104.75560961402707,多摩川
大田区|羽田空港1丁目,1182510.3941357473,1,78.57012847760065,多摩川
大田区|羽田空港1丁目,1182510.3941357473,1,26.192301504071054,多摩川
大田区|羽田空港1丁目,1182510.3941357473,1,26.192118669218573,多摩川
大田区|羽田空港1丁目,1182510.3941357473,1,78.57081507366617,多摩川
大田区|羽田空港1丁目,1182510.3941357473,1,104.76272470464504,多摩川
大田区|羽田空港1丁目,1182510.3941357473,1,52.379833215427595,多摩川
大田区|羽田空港1丁目,1182510.3941357473,1,26.18538536644238,多摩川
大田区|羽田空港1丁目,1182510.3941357473,1,235.71147085822358,多摩川
大田区|羽田空港1丁目,1182510.3941357473,1,26.18586019202128,多摩川
大田区|羽田空港1丁目,1182510.3941357473,1,78.56375940983717,多摩川
大田区|羽田空港1丁目,1182510.3941357473,1,1492.8457606024851,多摩川
大田区|羽田空港1丁目,1182510.3941357473,1,26.192007741616358,多摩川
大田区|羽田空港1丁目,1182510.3941357473,1,26.191838385088683,多摩川
大田区|羽田空港1丁目,1182510.3941357473,1,157.14572771052954,多摩川
大田区|羽田空港1丁目,1182510.3941357473,1,26.185860500751936,多摩川
大田区|羽田空港1丁目,1182510.3941357473,1,26.192132670854825,多摩川
大田区|羽田空港1丁目,1182510.3941357473,1,26.191858384720895,多摩川
大田区|羽田空港1丁目,1182510.3941357473,1,2331.1360323698914,多摩川
大田区|羽田空港1丁目,1182510.3941357473,1,7385.367614956809,多摩川
大田区|羽田空港1丁目,1182510.3941357473,1,26.188748844022363,多摩川
大田区|羽田空港1丁目,1182510.3941357473,1,26.191210601381833,多摩川
大田区|羽田空港1丁目,1182510.3941357473,1,26.191518020077375,多摩川
大田区|羽田空港1丁目,1182510.3941357473,1,26.195311714637256,多摩川
大田区|羽田空港1丁目,1182510.3941357473,1,26.1851884148138,多摩川
大田区|羽田空港1丁目,1182510.3941357473,1,130.9562009691805,多摩川
大田区|羽田空港1丁目,1182510.3941357473,1,340.4832221069047,多摩川
大田区|羽田空港1丁目,1182510.3941357473,1,52.381685691741104,多摩川
大田区|羽田空港1丁目,1182510.3941357473,1,104.75219995374093,多摩川
大田区|羽田空港1丁目,1182510.3941357473,1,26.191277767066076,多摩川
大田区|羽田空港1丁目,1182510.3941357473,1,26.18497904563911,多摩川
大田区|羽田空港1丁目,1182510.3941357473,1,104.76517401571756,多摩川
大田区|羽田空港1丁目,1182510.3941357473,1,104.75363808527581,多摩川
大田区|羽田空港1丁目,1182510.3941357473,1,26.192883224717065,多摩川
大田区|羽田空港1丁目,1182510.3941357473,1,366.70073155937695,多摩川
大田区|羽田空港1丁目,1182510.3941357473,1,26.191492490759067,多摩川
大田区|羽田空港1丁目,1182510.3941357473,1,340.4767617500931,多摩川
大田区|羽田空港1丁目,1182510.3941357473,1,26.187948018082793,多摩川
大田区|羽田空港1丁目,1182510.3941357473,1,130.96513881856117,多摩川
大田区|羽田空港1丁目,1182510.3941357473,1,26.194247461557538,多摩川
大田区|羽田空港1丁目,1182510.3941357473,1,52.38240946636146,多摩川
大田区|羽田空港1丁目,1182510.3941357473,1,26.18522045339442,多摩川
大田区|羽田空港1丁目,1182510.3941357473,1,235.7219497954688,多摩川
大田区|羽田空港1丁目,1182510.3941357473,1,26.187467031115922,多摩川
大田区|羽田空港1丁目,1182510.3941357473,1,183.3467149153203,多摩川
大田区|羽田空港1丁目,1182510.3941357473,1,26.187146277171145,多摩川
大田区|羽田空港1丁目,1182510.3941357473,1,5264.498246751636,多摩川
大田区|羽田空港1丁目,1182510.3941357473,1,46596.355042430354,多摩川
大田区|羽田空港1丁目,1182510.3941357473,1,26.189151566576033,多摩川
大田区|羽田空港1丁目,1182510.3941357473,1,26.18923216001602,多摩川
大田区|羽田空港1丁目,1182510.3941357473,1,130.9644530539678,多摩川
大田区|羽田空港1丁目,1182510.3941357473,1,52.38546657775736,多摩川
大田区|羽田空港1丁目,1182510.3941357473,1,52.39209638257435,多摩川
大田区|羽田空港1丁目,1182510.3941357473,1,104.76138074304453,多摩川
大田区|羽田空港1丁目,1182510.3941357473,1,602.3859795350008,多摩川
大田区|羽田空港1丁目,1182510.3941357473,1,942.9684930798138,多摩川
大田区|羽田空港1丁目,1182510.3941357473,1,52.384497617190796,多摩川
大田区|羽田空港1丁目,1182510.3941357473,1,7386.626781555525,多摩川
大田区|羽田空港1丁目,1182510.3941357473,1,78.5755354635437,多摩川
大田区|羽田空港1丁目,1182510.3941357473,1,288.10085828556373,多摩川
大田区|羽田空港1丁目,1182510.3941357473,1,52.37939053350049,多摩川
大田区|羽田空港1丁目,1182510.3941357473,1,26.187267538290236,多摩川
大田区|羽田空港1丁目,1182510.3941357473,1,183.3487294522526,多摩川
大田区|羽田空港1丁目,1182510.3941357473,1,52.381048484066625,多摩川
大田区|羽田空港1丁目,1182510.3941357473,1,26.1946502936717,多摩川
大田区|羽田空港1丁目,1182510.3941357473,1,209.53000132485232,多摩川
大田区|羽田空港1丁目,1182510.3941357473,1,52.38578385223771,多摩川
大田区|羽田空港1丁目,1182510.3941357473,1,52.379631682473494,多摩川
大田区|羽田空港1丁目,1182510.3941357473,1,26.192938726441348,多摩川
大田区|羽田空港1丁目,1182510.3941357473,1,26.192938583251973,多摩川
大田区|羽田空港1丁目,1182510.3941357473,1,838.10908827728,多摩川
大田区|羽田空港1丁目,1182510.3941357473,1,104.76586993549098,多摩川
大田区|羽田空港1丁目,1182510.3941357473,1,52.37968525770557,多摩川
大田区|羽田空港1丁目,1182510.3941357473,1,78.57305179404841,多摩川
大田区|羽田空港1丁目,1182510.3941357473,1,26.193246374887124,多摩川
大田区|羽田空港1丁目,1182510.3941357473,1,654.7790581116392,多摩川
大田区|羽田空港1丁目,1182510.3941357473,1,26.19354038814769,多摩川
大田区|羽田空港1丁目,1182510.3941357473,1,104.75518443886604,多摩川
大田区|羽田空港1丁目,1182510.3941357473,1,26.18722770489989,多摩川
大田区|羽田空港1丁目,1182510.3941357473,1,52.384685938189484,多摩川
大田区|羽田空港1丁目,1182510.3941357473,1,366.66753054340785,多摩川
大田区|羽田空港1丁目,1182510.3941357473,1,52.379605230468286,多摩川
大田区|羽田空港1丁目,1182510.3941357473,1,1414.3244104129087,多摩川
大田区|羽田空港1丁目,1182510.3941357473,1,26.186706532727392,多摩川
大田区|羽田空港1丁目,1182510.3941357473,1,288.10860585714767,多摩川
大田区|羽田空港1丁目,1182510.3941357473,1,78.57429655226613,多摩川
大田区|羽田空港1丁目,1182510.3941357473,1,26.193701233540978,多摩川
大田区|羽田空港1丁目,1182510.3941357473,1,26.189032980075403,多摩川
大田区|羽田空港1丁目,1182510.3941357473,1,78.57995199802785,多摩川
大田区|羽田空港1丁目,1182510.3941357473,1,26.195493069914466,多摩川
大田区|羽田空港1丁目,1182510.3941357473,1,52.390919612937196,多摩川
大田区|羽田空港1丁目,1182510.3941357473,1,26.195533197777664,多摩川
大田区|羽田空港1丁目,1182510.3941357473,1,288.0924620605308,多摩川
大田区|羽田空港1丁目,1182510.3941357473,1,288.0934336016377,多摩川
大田区|羽田空港1丁目,1182510.3941357473,1,52.382494165263736,多摩川
大田区|羽田空港1丁目,1182510.3941357473,1,26.18835142938067,多摩川
大田区|羽田空港1丁目,1182510.3941357473,1,78.57999289245275,多摩川
大田区|羽田空港1丁目,1182510.3941357473,1,78.58120280141596,多摩川
大田区|羽田空港1丁目,1182510.3941357473,1,26.18963479979036,多摩川
大田区|羽田空港1丁目,1182510.3941357473,1,26.195613958734626,多摩川
大田区|羽田空港1丁目,1182510.3941357473,1,26.195587146683344,多摩川
大田区|羽田空港1丁目,1182510.3941357473,1,26.195654052297847,多摩川
大田区|羽田空港1丁目,1182510.3941357473,1,52.3914820781708,多摩川
大田区|羽田空港1丁目,1182510.3941357473,1,157.1623280804221,多摩川
大田区|羽田空港1丁目,1182510.3941357473,1,392.90737447912784,多摩川
大田区|羽田空港1丁目,1182510.3941357473,1,52.39205704943674,多摩川
大田区|羽田空港1丁目,1182510.3941357473,1,26.196630333017914,多摩川
大田区|羽田空港1丁目,1182510.3941357473,1,26.196617083979646,多摩川
大田区|羽田空港1丁目,1182510.3941357473,1,26.19052665556132,多摩川
大田区|羽田空港1丁目,1182510.3941357473,1,289.8308147596345,多摩川
大田区|羽田空港1丁目,1182510.3941357473,1,95.70599059091292,多摩川
大田区|羽田空港1丁目,1182510.3941357473,1,171.10980424010145,多摩川
大田区|羽田空港1丁目,1182510.3941357473,1,26.196590549824226,多摩川
大田区|羽田空港1丁目,1182510.3941357473,1,91.32364018311227,多摩川
大田区|羽田空港1丁目,1182510.3941357473,1,12.617337970111649,多摩川
大田区|羽田空港1丁目,1182510.3941357473,2,368.1368681523967,多摩川
大田区|羽田空港1丁目,1182510.3941357473,2,703685.1830783361,多摩川
大田区|羽田空港1丁目,1182510.3941357473,2,3805.504358585032,多摩川
大田区|羽田空港1丁目,1182510.3941357473,2,26.193053597347955,多摩川
大田区|羽田空港1丁目,1182510.3941357473,2,26.193040294914724,多摩川
大田区|羽田空港1丁目,1182510.3941357473,2,26.193053930323646,多摩川
大田区|羽田空港1丁目,1182510.3941357473,2,26.18691172886435,多摩川
大田区|羽田空港1丁目,1182510.3941357473,2,52.37614863368168,多摩川
大田区|羽田空港1丁目,1182510.3941357473,2,26.19092261647735,多摩川
大田区|羽田空港1丁目,1182510.3941357473,2,2147.5171592206684,多摩川
大田区|羽田空港1丁目,1182510.3941357473,2,26.19137108310865,多摩川
大田区|羽田空港1丁目,1182510.3941357473,2,26.191580420200765,多摩川
大田区|羽田空港1丁目,1182510.3941357473,2,52.382711935691134,多摩川
大田区|羽田空港1丁目,1182510.3941357473,2,26.191451956465936,多摩川
大田区|羽田空港1丁目,1182510.3941357473,2,26.19143862428725,多摩川
大田区|羽田空港1丁目,1182510.3941357473,2,52.37615790195321,多摩川
大田区|羽田空港1丁目,1182510.3941357473,2,26.191438952775226,多摩川
大田区|羽田空港1丁目,1182510.3941357473,2,26.193699986967104,多摩川
大田区|羽田空港1丁目,1182510.3941357473,2,26.193726683439998,多摩川
大田区|羽田空港1丁目,1182510.3941357473,2,26.193700205447954,多摩川
大田区|羽田空港1丁目,1182510.3941357473,2,26.1874275184907,多摩川
大田区|羽田空港1丁目,1182510.3941357473,2,52.377889704293565,多摩川
大田区|羽田空港1丁目,1182510.3941357473,2,52.377363809554254,多摩川
大田区|羽田空港1丁目,1182510.3941357473,2,26.192416550059512,多摩川
大田区|羽田空港1丁目,1182510.3941357473,2,26.19260375524094,多摩川
大田区|羽田空港1丁目,1182510.3941357473,2,130.96438101774817,多摩川
大田区|羽田空港1丁目,1182510.3941357473,2,78.57559618210672,多摩川
大田区|羽田空港1丁目,1182510.3941357473,2,576.1655483148811,多摩川
大田区|羽田空港1丁目,1182510.3941357473,2,419.04770121048887,多摩川
大田区|羽田空港1丁目,1182510.3941357473,2,78.57036221852749,多摩川
大田区|羽田空港1丁目,1182510.3941357473,2,487.329465753204,多摩川
大田区|羽田空港1丁目,1182510.3941357473,2,78.5696813792499,多摩川
大田区|羽田空港1丁目,1182510.3941357473,2,2121.6712484986247,多摩川
大田区|羽田空港1丁目,1182510.3941357473,2,78.57056483037083,多摩川
大田区|羽田空港1丁目,1182510.3941357473,2,350.7693682575752,多摩川
大田区|羽田空港1丁目,1182510.3941357473,2,26.18770945042304,多摩川
大田区|羽田空港1丁目,1182510.3941357473,2,52.38193237918751,多摩川
大田区|羽田空港1丁目,1182510.3941357473,2,26.187789714933782,多摩川
大田区|羽田空港1丁目,1182510.3941357473,2,52.38436552175299,多摩川
大田区|羽田空港1丁目,1182510.3941357473,2,52.37944564273974,多摩川
大田区|羽田空港1丁目,1182510.3941357473,2,104.77095394826485,多摩川
大田区|羽田空港1丁目,1182510.3941357473,2,157.15545436295915,多摩川
大田区|羽田空港1丁目,1182510.3941357473,2,78.5710699395324,多摩川
大田区|羽田空港1丁目,1182510.3941357473,2,209.54621973147616,多摩川
大田区|羽田空港1丁目,1182510.3941357473,2,26.189314145165447,多摩川
大田区|羽田空港1丁目,1182510.3941357473,2,52.38524917236933,多摩川
大田区|羽田空港1丁目,1182510.3941357473,2,471.50090397432143,多摩川
大田区|羽田空港1丁目,1182510.3941357473,2,25.666931716631016,多摩川
大田区|羽田空港1丁目,1182510.3941357473,2,16.983672403711733,多摩川
大田区|羽田空港1丁目,1182510.3941357473,2,217.167254910856,多摩川
大田区|羽田空港1丁目,1182510.3941357473,2,52.390663449791525,多摩川
大田区|羽田空港1丁目,1182510.3941357473,2,44.79721148338197,多摩川
大田区|羽田空港1丁目,1182510.3941357473,2,22.658446151167382,多摩川
大田区|羽田空港1丁目,1182510.3941357473,2,1.2859100287814687,多摩川
大田区|羽田空港1丁目,1182510.3941357473,2,26.18967591621634,多摩川
大田区|羽田空港1丁目,1182510.3941357473,2,18.694823661159482,多摩川
大田区|羽田空港1丁目,1182510.3941357473,2,26.18966305411026,多摩川
大田区|羽田空港1丁目,1182510.3941357473,2,26.196350261298655,多摩川
大田区|羽田空港1丁目,1182510.3941357473,2,11.718236318399237,多摩川
大田区|羽田空港1丁目,1182510.3941357473,3,785.7060253068537,多摩川
大田区|羽田空港1丁目,1182510.3941357473,3,26.185861927689395,多摩川
大田区|羽田空港1丁目,1182510.3941357473,3,3273.7645930079634,多摩川
大田区|羽田空港1丁目,1182510.3941357473,3,26.185501781812654,多摩川
大田区|羽田空港1丁目,1182510.3941357473,3,52.378042789744576,多摩川
大田区|羽田空港1丁目,1182510.3941357473,3,104.7615191005175,多摩川
大田区|羽田空港1丁目,1182510.3941357473,3,4347.465649391374,多摩川
大田区|羽田空港1丁目,1182510.3941357473,3,8479.100646708614,多摩川
大田区|羽田空港1丁目,1182510.3941357473,3,26.18558267945207,多摩川
大田区|羽田空港1丁目,1182510.3941357473,3,52.37124567915157,多摩川
大田区|羽田空港1丁目,1182510.3941357473,3,52.38401713192681,多摩川
大田区|羽田空港1丁目,1182510.3941357473,3,1283.3022544713972,多摩川
大田区|羽田空港1丁目,1182510.3941357473,3,26.19218471715579,多摩川
大田区|羽田空港1丁目,1182510.3941357473,3,26.19205534121565,多摩川
大田区|羽田空港1丁目,1182510.3941357473,3,104.75647479522598,多摩川
大田区|羽田空港1丁目,1182510.3941357473,3,1335.6828043566056,多摩川
大田区|羽田空港1丁目,1182510.3941357473,3,52.378193545522514,多摩川
大田区|羽田空港1丁目,1182510.3941357473,3,2065.637702924589,多摩川
大田区|羽田空港1丁目,1182510.3941357473,3,78.56956104086689,多摩川
大田区|羽田空港1丁目,1182510.3941357473,3,157.14412717091128,多摩川
大田区|羽田空港1丁目,1182510.3941357473,3,26.190155820126506,多摩川
大田区|羽田空港1丁目,1182510.3941357473,3,5.486194204628809,多摩川
大田区|羽田空港1丁目,1182510.3941357473,3,2.7219294724185055,多摩川
大田区|羽田空港1丁目,1182510.3941357473,3,157.15963850822416,多摩川
大田区|羽田空港1丁目,1182510.3941357473,3,130.9679710756515,多摩川
大田区|羽田空港1丁目,1182510.3941357473,3,26.190156294480012,多摩川
大田区|羽田空港1丁目,1182510.3941357473,3,26.196456251205504,多摩川
大田区|羽田空港1丁目,1182510.3941357473,3,104.77370742812815,多摩川
大田区|羽田空港1丁目,1182510.3941357473,3,26.190236712846342,多摩川
大田区|羽田空港1丁目,1182510.3941357473,4,9899.928024449042,多摩川
大田区|羽田空港1丁目,1182510.3941357473,4,471.41428254068603,多摩川
大田区|羽田空港1丁目,1182510.3941357473,4,527.1469821043137,多摩川
大田区|羽田空港1丁目,1182510.3941357473,4,26.1962754083841,多摩川
大田区|羽田空港1丁目,1182510.3941357473,5,209.5177526562628,多摩川
大田区|羽田空港1丁目,1182510.3941357473,5,392.8447407528143,多摩川
大田区|羽田空港1丁目,1182510.3941357473,5,654.740856930255,多摩川
大田区|羽田空港1丁目,1182510.3941357473,5,26.192296347526764,多摩川
大田区|羽田空港2丁目,3142930.971581475,1,26.19905698382936,多摩川
大田区|羽田空港2丁目,3142930.971581475,1,8409.197131522349,多摩川
大田区|羽田空港2丁目,3142930.971581475,1,26.19896348791614,多摩川
大田区|羽田空港2丁目,3142930.971581475,1,26.192348457290752,多摩川
大田区|羽田空港2丁目,3142930.971581475,1,130.97626300112412,多摩川
大田区|羽田空港2丁目,3142930.971581475,1,26.198782844543526,多摩川
大田区|羽田空港2丁目,3142930.971581475,1,26.19290359714835,多摩川
大田区|羽田空港2丁目,3142930.971581475,1,26.198622794003974,多摩川
大田区|羽田空港2丁目,3142930.971581475,1,733.5166784865032,多摩川
大田区|羽田空港2丁目,3142930.971581475,1,314.3592067830843,多摩川
大田区|羽田空港2丁目,3142930.971581475,1,26.199298205863762,多摩川
大田区|羽田空港2丁目,3142930.971581475,1,26.1926698722932,多摩川
大田区|羽田空港2丁目,3142930.971581475,1,52.39098621983157,多摩川
大田区|羽田空港2丁目,3142930.971581475,1,26.198603309621035,多摩川
大田区|羽田空港2丁目,3142930.971581475,1,26.198576635300576,多摩川
大田区|羽田空港2丁目,3142930.971581475,1,26.198696797259466,多摩川
大田区|羽田空港2丁目,3142930.971581475,1,52.39103961818952,多摩川
大田区|羽田空港2丁目,3142930.971581475,1,78.58534753259025,多摩川
大田区|羽田空港2丁目,3142930.971581475,1,15527.20366152786,多摩川
大田区|羽田空港2丁目,3142930.971581475,1,78.58892804875025,多摩川
大田区|羽田空港2丁目,3142930.971581475,1,52.390665800864305,多摩川
大田区|羽田空港2丁目,3142930.971581475,1,52.39658519207957,多摩川
大田区|羽田空港2丁目,3142930.971581475,1,26.19247230312754,多摩川
大田区|羽田空港2丁目,3142930.971581475,1,78.59595758894044,多摩川
大田区|羽田空港2丁目,3142930.971581475,1,52.39122718032329,多摩川
大田区|羽田空港2丁目,3142930.971581475,1,26.19873706806884,多摩川
大田区|羽田空港2丁目,3142930.971581475,1,26.198723803802935,多摩川
大田区|羽田空港2丁目,3142930.971581475,1,26.192423302848262,多摩川
大田区|羽田空港2丁目,3142930.971581475,1,26.192509863936642,多摩川
大田区|羽田空港2丁目,3142930.971581475,1,26.19933874805527,多摩川
大田区|羽田空港2丁目,3142930.971581475,1,340.54725656776054,多摩川
大田区|羽田空港2丁目,3142930.971581475,1,26.19226306472799,多摩川
大田区|羽田空港2丁目,3142930.971581475,1,26.19852350470249,多摩川
大田区|羽田空港2丁目,3142930.971581475,1,235.79405069151298,多摩川
大田区|羽田空港2丁目,3142930.971581475,1,52.390105093511366,多摩川
大田区|羽田空港2丁目,3142930.971581475,1,26.19817607804947,多摩川
大田区|羽田空港2丁目,3142930.971581475,1,78.58848146745993,多摩川
大田区|羽田空港2丁目,3142930.971581475,1,26.19214295038205,多摩川
大田区|羽田空港2丁目,3142930.971581475,1,26.198403355096904,多摩川
大田区|羽田空港2丁目,3142930.971581475,1,340.5492998917051,多摩川
大田区|羽田空港2丁目,3142930.971581475,1,26.198703826651005,多摩川
大田区|羽田空港2丁目,3142930.971581475,1,864.4854323931148,多摩川
大田区|羽田空港2丁目,3142930.971581475,1,26.199405942524248,多摩川
大田区|羽田空港2丁目,3142930.971581475,1,261.9614964611165,多摩川
大田区|羽田空港2丁目,3142930.971581475,1,78.59414104913822,多摩川
大田区|羽田空港2丁目,3142930.971581475,1,26.19933920827765,多摩川
大田区|羽田空港2丁目,3142930.971581475,1,26.19932592581492,多摩川
大田区|羽田空港2丁目,3142930.971581475,1,261.95508771048827,多摩川
大田区|羽田空港2丁目,3142930.971581475,1,52.39617906484672,多摩川
大田区|羽田空港2丁目,3142930.971581475,1,52.38983865332634,多摩川
大田区|羽田空港2丁目,3142930.971581475,1,26.192152338907338,多摩川
大田区|羽田空港2丁目,3142930.971581475,1,26.191902787375366,多摩川
大田区|羽田空港2丁目,3142930.971581475,1,26.199366215790654,多摩川
大田区|羽田空港2丁目,3142930.971581475,1,52.386050708979596,多摩川
大田区|羽田空港2丁目,3142930.971581475,1,445.32384669828974,多摩川
大田区|羽田空港2丁目,3142930.971581475,1,26.19804297526741,多摩川
大田区|羽田空港2丁目,3142930.971581475,1,26.19804281858608,多摩川
大田区|羽田空港2丁目,3142930.971581475,1,52.38548962102689,多摩川
大田区|羽田空港2丁目,3142930.971581475,1,82885.21747838467,多摩川
大田区|羽田空港2丁目,3142930.971581475,1,26.19294530348148,多摩川
大田区|羽田空港2丁目,3142930.971581475,1,26.199219310382034,多摩川
大田区|羽田空港2丁目,3142930.971581475,1,209.5885548831871,多摩川
大田区|羽田空港2丁目,3142930.971581475,1,26.19306558581085,多摩川
大田区|羽田空港2丁目,3142930.971581475,1,52.39537747124068,多摩川
大田区|羽田空港2丁目,3142930.971581475,1,78.58667911625909,多摩川
大田区|羽田空港2丁目,3142930.971581475,1,26.19765544070942,多摩川
大田区|羽田空港2丁目,3142930.971581475,1,26.197936217071742,多摩川
大田区|羽田空港2丁目,3142930.971581475,1,26.192945527989643,多摩川
大田区|羽田空港2丁目,3142930.971581475,1,52.398098032708845,多摩川
大田区|羽田空港2丁目,3142930.971581475,1,26.19920607137431,多摩川
大田区|羽田空港2丁目,3142930.971581475,1,26.192905473840508,多摩川
大田区|羽田空港2丁目,3142930.971581475,1,340.5647170410185,多摩川
大田区|羽田空港2丁目,3142930.971581475,1,235.76430093419523,多摩川
大田区|羽田空港2丁目,3142930.971581475,1,681.0790275072725,多摩川
大田区|羽田空港2丁目,3142930.971581475,1,26.197762444852074,多摩川
大田区|羽田空港2丁目,3142930.971581475,1,26.191542417242374,多摩川
大田区|羽田空港2丁目,3142930.971581475,1,576.3201467257925,多摩川
大田区|羽田空港2丁目,3142930.971581475,1,523.8904500803916,多摩川
大田区|羽田空港2丁目,3142930.971581475,1,52.394977217639656,多摩川
大田区|羽田空港2丁目,3142930.971581475,1,26.19130206312506,多摩川
大田区|羽田空港2丁目,3142930.971581475,1,26.19769592565357,多摩川
大田区|羽田空港2丁目,3142930.971581475,1,13909.751087065844,多摩川
大田区|羽田空港2丁目,3142930.971581475,1,52.39410227181555,多摩川
大田区|羽田空港2丁目,3142930.971581475,1,26.19090138234293,多摩川
大田区|羽田空港2丁目,3142930.971581475,1,130.97348096837212,多摩川
大田区|羽田空港2丁目,3142930.971581475,1,26.19724170137936,多摩川
大田区|羽田空港2丁目,3142930.971581475,1,26.192424991230894,多摩川
大田区|羽田空港2丁目,3142930.971581475,1,26.198939455325615,多摩川
大田区|羽田空港2丁目,3142930.971581475,1,26.192625605071438,多摩川
大田区|羽田空港2丁目,3142930.971581475,1,26.19262548079913,多摩川
大田区|羽田空港2丁目,3142930.971581475,1,26.192385093685886,多摩川
大田区|羽田空港2丁目,3142930.971581475,1,26.19834461467819,多摩川
大田区|羽田空港2丁目,3142930.971581475,1,26.198645625613654,多摩川
大田区|羽田空港2丁目,3142930.971581475,1,26.196479984286007,多摩川
大田区|羽田空港2丁目,3142930.971581475,1,26.19017999975992,多摩川
大田区|羽田空港2丁目,3142930.971581475,1,52.38746212950441,多摩川
大田区|羽田空港2丁目,3142930.971581475,1,52.38681204294456,多摩川
大田区|羽田空港2丁目,3142930.971581475,1,26.19631978556721,多摩川
大田区|羽田空港2丁目,3142930.971581475,1,52.393022834409344,多摩川
大田区|羽田空港2丁目,3142930.971581475,1,26.196098916503516,多摩川
大田区|羽田空港2丁目,3142930.971581475,1,52.386473270659465,多摩川
大田区|羽田空港2丁目,3142930.971581475,1,52.38647308359397,多摩川
大田区|羽田空港2丁目,3142930.971581475,1,576.285374514167,多摩川
大田区|羽田空港2丁目,3142930.971581475,1,52.39753270337329,多摩川
大田区|羽田空港2丁目,3142930.971581475,1,26.196213044696343,多摩川
大田区|羽田空港2丁目,3142930.971581475,1,52.392412561838434,多摩川
大田区|羽田空港2丁目,3142930.971581475,1,52.38631305820208,多摩川
大田区|羽田空港2丁目,3142930.971581475,1,26.189979855746554,多摩川
大田区|羽田空港2丁目,3142930.971581475,1,26.195925414308803,多摩川
大田区|羽田空港2丁目,3142930.971581475,1,52.38778373102778,多摩川
大田区|羽田空港2丁目,3142930.971581475,1,78.58491916875329,多摩川
大田区|羽田空港2丁目,3142930.971581475,1,52.387997618115534,多摩川
大田区|羽田空港2丁目,3142930.971581475,1,26.19680787567504,多摩川
大田区|羽田空港2丁目,3142930.971581475,1,288.1467258991491,多摩川
大田区|羽田空港2丁目,3142930.971581475,1,26.198686283688744,多摩川
大田区|羽田空港2丁目,3142930.971581475,1,26.192385774310857,多摩川
大田区|羽田空港2丁目,3142930.971581475,1,26.192465832806803,多摩川
大田区|羽田空港2丁目,3142930.971581475,1,26.198726302903978,多摩川
大田区|羽田空港2丁目,3142930.971581475,1,26.198886834820577,多摩川
大田区|羽田空港2丁目,3142930.971581475,1,26.192626226835827,多摩川
大田区|羽田空港2丁目,3142930.971581475,1,26.19010035706677,多摩川
大田区|羽田空港2丁目,3142930.971581475,1,26.196373651918073,多摩川
大田区|羽田空港2丁目,3142930.971581475,1,26.196453737761388,多摩川
大田区|羽田空港2丁目,3142930.971581475,1,26.196560850347662,多摩川
大田区|羽田空港2丁目,3142930.971581475,1,52.393616449288906,多摩川
大田区|羽田空港2丁目,3142930.971581475,1,26.1967747928666,多摩川
大田区|羽田空港2丁目,3142930.971581475,1,78.58431828040312,多摩川
大田区|羽田空港2丁目,3142930.971581475,1,26.190661708562942,多摩川
大田区|羽田空港2丁目,3142930.971581475,1,52.38786432528116,多摩川
大田区|羽田空港2丁目,3142930.971581475,1,78.5851336109917,多摩川
大田区|羽田空港2丁目,3142930.971581475,1,26.19082214467254,多摩川
大田区|羽田空港2丁目,3142930.971581475,1,392.93020167534775,多摩川
大田区|羽田空港2丁目,3142930.971581475,1,26.1959593660577,多摩川
大田区|羽田空港2丁目,3142930.971581475,1,52.385591903440016,多摩川
大田区|羽田空港2丁目,3142930.971581475,1,104.77708976675703,多摩川
大田区|羽田空港2丁目,3142930.971581475,1,26.189619318006287,多摩川
大田区|羽田空港2丁目,3142930.971581475,1,26.19601274581128,多摩川
大田区|羽田空港2丁目,3142930.971581475,1,26.18969951767843,多摩川
大田区|羽田空港2丁目,3142930.971581475,1,26.18969943859954,多摩川
大田区|羽田空港2丁目,3142930.971581475,1,26.196213380330736,多摩川
大田区|羽田空港2丁目,3142930.971581475,1,78.58224673359513,多摩川
大田区|羽田空港2丁目,3142930.971581475,1,209.5446337610181,多摩川
大田区|羽田空港2丁目,3142930.971581475,1,2016.9709246630327,多摩川
大田区|羽田空港2丁目,3142930.971581475,1,26.19632025092696,多摩川
大田区|羽田空港2丁目,3142930.971581475,1,26.196494213821445,多摩川
大田区|羽田空港2丁目,3142930.971581475,1,576.2726972671124,多摩川
大田区|羽田空港2丁目,3142930.971581475,1,26.190341174602707,多摩川
大田区|羽田空港2丁目,3142930.971581475,1,6548.672993046079,多摩川
大田区|羽田空港2丁目,3142930.971581475,1,26.196962051284903,多摩川
大田区|羽田空港2丁目,3142930.971581475,1,26.19704228928331,多摩川
大田区|羽田空港2丁目,3142930.971581475,1,52.39019696370315,多摩川
大田区|羽田空港2丁目,3142930.971581475,1,340.52130288325145,多摩川
大田区|羽田空港2丁目,3142930.971581475,1,203.06688896692438,多摩川
大田区|羽田空港2丁目,3142930.971581475,1,6496.06676832494,多摩川
大田区|羽田空港2丁目,3142930.971581475,1,314.32787852862265,多摩川
大田区|羽田空港2丁目,3142930.971581475,1,26.190060718800417,多摩川
大田区|羽田空港2丁目,3142930.971581475,1,26.196414101872055,多摩川
大田区|羽田空港2丁目,3142930.971581475,1,26.190100779207967,多摩川
大田区|羽田空港2丁目,3142930.971581475,1,78.58992408615165,多摩川
大田区|羽田空港2丁目,3142930.971581475,1,52.39417850503796,多摩川
大田区|羽田空港2丁目,3142930.971581475,1,26.19708264603767,多摩川
大田区|羽田空港2丁目,3142930.971581475,1,26.19688855848431,多摩川
大田区|羽田空港2丁目,3142930.971581475,1,26.19696877766544,多摩川
大田区|羽田空港2丁目,3142930.971581475,1,26.19724299432533,多摩川
大田区|羽田空港2丁目,3142930.971581475,1,26.19733659417122,多摩川
大田区|羽田空港2丁目,3142930.971581475,1,26.19745686953942,多摩川
大田区|羽田空港2丁目,3142930.971581475,1,26.197684153646804,多摩川
大田区|羽田空港2丁目,3142930.971581475,1,104.77090919078526,多摩川
大田区|羽田空港2丁目,3142930.971581475,1,25.552618337074804,多摩川
大田区|羽田空港2丁目,3142930.971581475,1,52.39249444430777,多摩川
大田区|羽田空港2丁目,3142930.971581475,1,26.19066234047444,多摩川
大田区|羽田空港2丁目,3142930.971581475,1,157.17567550650995,多摩川
大田区|羽田空港2丁目,3142930.971581475,1,314.33993537120097,多摩川
大田区|羽田空港2丁目,3142930.971581475,1,52.394482022881625,多摩川
大田区|羽田空港2丁目,3142930.971581475,1,52.39539555626053,多摩川
大田区|羽田空港2丁目,3142930.971581475,1,26.19218596686254,多摩川
大田区|羽田空港2丁目,3142930.971581475,1,172.08770355714802,多摩川
大田区|羽田空港2丁目,3142930.971581475,1,707.2241550516312,多摩川
大田区|羽田空港2丁目,3142930.971581475,1,26.189459415556563,多摩川
大田区|羽田空港2丁目,3142930.971581475,1,104.78449497926684,多摩川
大田区|羽田空港2丁目,3142930.971581475,1,314.33625317617634,多摩川
大田区|羽田空港2丁目,3142930.971581475,1,40052.57991285595,多摩川
大田区|羽田空港2丁目,3142930.971581475,1,26.189780609096854,多摩川
大田区|羽田空港2丁目,3142930.971581475,1,130.96820332450352,多摩川
大田区|羽田空港2丁目,3142930.971581475,1,26.189506243810868,多摩川
大田区|羽田空港2丁目,3142930.971581475,1,26.196802399594844,多摩川
大田区|羽田空港2丁目,3142930.971581475,1,26.198379916359855,多摩川
大田区|羽田空港2丁目,3142930.971581475,1,6600.905690198002,多摩川
大田区|羽田空港2丁目,3142930.971581475,1,26.191384706089906,多摩川
大田区|羽田空港2丁目,3142930.971581475,1,52.38469401012842,多摩川
大田区|羽田空港2丁目,3142930.971581475,1,157.17875638554457,多摩川
大田区|羽田空港2丁目,3142930.971581475,1,26.192306885093775,多摩川
大田区|羽田空港2丁目,3142930.971581475,1,26.1985807176708,多摩川
大田区|羽田空港2丁目,3142930.971581475,1,52.39336488967652,多摩川
大田区|羽田空港2丁目,3142930.971581475,1,26.190382452271756,多摩川
大田区|羽田空港2丁目,3142930.971581475,1,26.197337710629824,多摩川
大田区|羽田空港2丁目,3142930.971581475,1,26.1973242949355,多摩川
大田区|羽田空港2丁目,3142930.971581475,1,52.38904341077549,多摩川
大田区|羽田空港2丁目,3142930.971581475,1,26.198220012755115,多摩川
大田区|羽田空港2丁目,3142930.971581475,1,26.192106691501557,多摩川
大田区|羽田空港2丁目,3142930.971581475,1,19.54368217569421,多摩川
大田区|羽田空港2丁目,3142930.971581475,1,52.384712474475776,多摩川
大田区|羽田空港2丁目,3142930.971581475,1,26.19551955422973,多摩川
大田区|羽田空港2丁目,3142930.971581475,1,26.197324379577438,多摩川
大田区|羽田空港2丁目,3142930.971581475,1,26.197645231286636,多摩川
大田区|羽田空港2丁目,3142930.971581475,1,26.19214689865766,多摩川
大田区|羽田空港2丁目,3142930.971581475,1,26.198656944564746,多摩川
大田区|羽田空港2丁目,3142930.971581475,1,26.18913976590889,多摩川
大田区|羽田空港2丁目,3142930.971581475,1,26.195412705798233,多摩川
大田区|羽田空港2丁目,3142930.971581475,1,26.195399282658194,多摩川
大田区|羽田空港2丁目,3142930.971581475,1,26.189099476248167,多摩川
大田区|羽田空港2丁目,3142930.971581475,1,26.195559828362242,多摩川
大田区|羽田空港2丁目,3142930.971581475,1,26.189260059229827,多摩川
大田区|羽田空港2丁目,3142930.971581475,1,26.189259992492687,多摩川
大田区|羽田空港2丁目,3142930.971581475,1,26.195519614488923,多摩川
大田区|羽田空港2丁目,3142930.971581475,1,707.2202591054495,多摩川
大田区|羽田空港2丁目,3142930.971581475,1,26.19668282893651,多摩川
大田区|羽田空港2丁目,3142930.971581475,1,130.95818764059447,多摩川
大田区|羽田空港2丁目,3142930.971581475,1,26.190823995860804,多摩川
大田区|羽田空港2丁目,3142930.971581475,1,26.197485097535093,多摩川
大田区|羽田空港2丁目,3142930.971581475,1,52.389531763598555,多摩川
大田区|羽田空港2丁目,3142930.971581475,1,26.198501204258413,多摩川
大田区|羽田空港2丁目,3142930.971581475,1,8.650143103376124,多摩川
大田区|羽田空港2丁目,3142930.971581475,1,5.156606471613037,多摩川
大田区|羽田空港2丁目,3142930.971581475,1,26.19513213605476,多摩川
大田区|羽田空港2丁目,3142930.971581475,1,51.03817449090665,多摩川
大田区|羽田空港2丁目,3142930.971581475,1,26.18881912907895,多摩川
大田区|羽田空港2丁目,3142930.971581475,1,104.77507130402677,多摩川
大田区|羽田空港2丁目,3142930.971581475,1,104.76929282253626,多摩川
大田区|羽田空港2丁目,3142930.971581475,1,26.195439591735997,多摩川
大田区|羽田空港2丁目,3142930.971581475,1,445.2925205720539,多摩川
大田区|羽田空港2丁目,3142930.971581475,1,52.37868099743749,多摩川
大田区|羽田空港2丁目,3142930.971581475,1,26.19561351942334,多摩川
大田区|羽田空港2丁目,3142930.971581475,1,26.195600085803626,多摩川
大田区|羽田空港2丁目,3142930.971581475,1,26.189300243126336,多摩川
大田区|羽田空港2丁目,3142930.971581475,1,26.195760648000018,多摩川
大田区|羽田空港2丁目,3142930.971581475,1,26.19572039590212,多摩川
大田区|羽田空港2丁目,3142930.971581475,1,26.189420645476794,多摩川
大田区|羽田空港2丁目,3142930.971581475,1,26.196081485637592,多摩川
大田区|羽田空港2丁目,3142930.971581475,1,26.192067130109137,多摩川
大田区|羽田空港2丁目,3142930.971581475,1,26.195078731501603,多摩川
大田区|羽田空港2丁目,3142930.971581475,1,26.189220317623032,多摩川
大田区|羽田空港2丁目,3142930.971581475,1,26.195640371336165,多摩川
大田区|羽田空港2丁目,3142930.971581475,1,26.189541189328857,多摩川
大田区|羽田空港2丁目,3142930.971581475,1,26.19581428915121,多摩川
大田区|羽田空港2丁目,3142930.971581475,1,26.19580087296939,多摩川
大田区|羽田空港2丁目,3142930.971581475,1,26.189500962581974,多摩川
大田区|羽田空港2丁目,3142930.971581475,1,26.195774038990066,多摩川
大田区|羽田空港2丁目,3142930.971581475,1,26.195961366535,多摩川
大田区|羽田空港2丁目,3142930.971581475,1,104.77743813022603,多摩川
大田区|羽田空港2丁目,3142930.971581475,1,104.78124881992194,多摩川
大田区|羽田空港2丁目,3142930.971581475,1,52.39354681652826,多摩川
大田区|羽田空港2丁目,3142930.971581475,1,26.19062382257743,多摩川
大田区|羽田空港2丁目,3142930.971581475,1,26.197325110777786,多摩川
大田区|羽田空港2丁目,3142930.971581475,1,78.5952503770267,多摩川
大田区|羽田空港2丁目,3142930.971581475,1,104.78071665034894,多摩川
大田区|羽田空港2丁目,3142930.971581475,1,26.19489177366372,多摩川
大田区|羽田空港2丁目,3142930.971581475,1,0.06553241321431988,多摩川
大田区|羽田空港2丁目,3142930.971581475,1,26.19491850206397,多摩川
大田区|羽田空港2丁目,3142930.971581475,1,26.189260595037705,多摩川
大田区|羽田空港2丁目,3142930.971581475,1,26.195680637867582,多摩川
大田区|羽田空港2丁目,3142930.971581475,1,26.19576096239168,多摩川
大田区|羽田空港2丁目,3142930.971581475,1,26.195734146609578,多摩川
大田区|羽田空港2丁目,3142930.971581475,1,26.19540660381855,多摩川
大田区|羽田空港2丁目,3142930.971581475,1,26.195540246769554,多摩川
大田区|羽田空港2丁目,3142930.971581475,1,26.195841219679856,多摩川
大田区|羽田空港2丁目,3142930.971581475,1,26.195841104638003,多摩川
大田区|羽田空港2丁目,3142930.971581475,1,26.19596144691895,多摩川
大田区|羽田空港2丁目,3142930.971581475,1,26.19059303586844,多摩川
大田区|羽田空港2丁目,3142930.971581475,1,26.190383378019384,多摩川
大田区|羽田空港2丁目,3142930.971581475,1,26.196656753793846,多摩川
大田区|羽田空港2丁目,3142930.971581475,1,26.196763807239,多摩川
大田区|羽田空港2丁目,3142930.971581475,1,183.3644929106045,多摩川
大田区|羽田空港2丁目,3142930.971581475,1,52.38728311092197,多摩川
大田区|羽田空港2丁目,3142930.971581475,1,52.39362128259618,多摩川
大田区|羽田空港2丁目,3142930.971581475,1,26.196803820780605,多摩川
大田区|羽田空港2丁目,3142930.971581475,1,1728.884008534968,多摩川
大田区|羽田空港2丁目,3142930.971581475,1,26.197418952785647,多摩川
大田区|羽田空港2丁目,3142930.971581475,1,26.195600763315753,多摩川
大田区|羽田空港2丁目,3142930.971581475,1,26.18930089393023,多摩川
大田区|羽田空港2丁目,3142930.971581475,1,314.33058261614633,多摩川
大田区|羽田空港2丁目,3142930.971581475,1,26.18946127745838,多摩川
大田区|羽田空港2丁目,3142930.971581475,1,26.195734342115184,多摩川
大田区|羽田空港2丁目,3142930.971581475,1,654.8713481084452,多摩川
大田区|羽田空港2丁目,3142930.971581475,1,104.77442884262501,多摩川
大田区|羽田空港2丁目,3142930.971581475,1,104.7742954553682,多摩川
大田区|羽田空港2丁目,3142930.971581475,1,183.36179629106377,多摩川
大田区|羽田空港2丁目,3142930.971581475,1,26.194404088700693,多摩川
大田区|羽田空港2丁目,3142930.971581475,1,26.18841869739614,多摩川
大田区|羽田空港2丁目,3142930.971581475,1,2435.9503363734916,多摩川
大田区|羽田空港2丁目,3142930.971581475,1,26.18934118199411,多摩川
大田区|羽田空港2丁目,3142930.971581475,1,26.195614202649686,多摩川
大田区|羽田空港2丁目,3142930.971581475,1,26.189381418266045,多摩川
大田区|羽田空港2丁目,3142930.971581475,1,26.195654424675183,多摩川
大田区|羽田空港2丁目,3142930.971581475,1,26.189501595366032,多摩川
大田区|羽田空港2丁目,3142930.971581475,1,26.190865180165662,多摩川
大田区|羽田空港2丁目,3142930.971581475,1,52.393949319416045,多摩川
大田区|羽田空港2丁目,3142930.971581475,1,26.197245401289656,多摩川
大田区|羽田空港2丁目,3142930.971581475,1,26.19786045992611,多摩川
大田区|羽田空港2丁目,3142930.971581475,1,26.197847161991945,多摩川
大田区|羽田空港2丁目,3142930.971581475,1,26.19477214039174,多摩川
大田区|羽田空港2丁目,3142930.971581475,1,26.19483886362537,多摩川
大田区|羽田空港2丁目,3142930.971581475,1,130.9630133278926,多摩川
大田区|羽田空港2丁目,3142930.971581475,1,26.195694782036796,多摩川
大田区|羽田空港2丁目,3142930.971581475,1,26.195681311060987,多摩川
大田区|羽田空港2丁目,3142930.971581475,1,26.19046420535613,多摩川
大田区|羽田空港2丁目,3142930.971581475,1,52.39346184167715,多摩川
大田区|羽田空港2丁目,3142930.971581475,1,26.190424182257708,多摩川
大田区|羽田空港2丁目,3142930.971581475,1,26.196777829116293,多摩川
大田区|羽田空港2丁目,3142930.971581475,1,26.196978303910413,多摩川
大田区|羽田空港2丁目,3142930.971581475,1,26.197165376670796,多摩川
大田区|羽田空港2丁目,3142930.971581475,1,183.37364415074381,多摩川
大田区|羽田空港2丁目,3142930.971581475,1,1178.7759651371005,多摩川
大田区|羽田空港2丁目,3142930.971581475,1,104.78671571977885,多摩川
大田区|羽田空港2丁目,3142930.971581475,1,707.2061482421061,多摩川
大田区|羽田空港2丁目,3142930.971581475,1,52.391135845900614,多摩川
大田区|羽田空港2丁目,3142930.971581475,1,26.19573514968076,多摩川
大田区|羽田空港2丁目,3142930.971581475,1,26.195721691134516,多摩川
大田区|羽田空港2丁目,3142930.971581475,1,26.190344107708974,多摩川
大田区|羽田空港2丁目,3142930.971581475,1,26.196617467216015,多摩川
大田区|羽田空港2丁目,3142930.971581475,1,26.190304045566116,多摩川
大田区|羽田空港2丁目,3142930.971581475,1,26.1965774524518,多摩川
大田区|羽田空港2丁目,3142930.971581475,1,26.196577322450636,多摩川
大田区|羽田空港2丁目,3142930.971581475,1,785.8347376624256,多摩川
大田区|羽田空港2丁目,3142930.971581475,1,130.9712161754525,多摩川
大田区|羽田空港2丁目,3142930.971581475,1,26.19050453215639,多摩川
大田区|羽田空港2丁目,3142930.971581475,1,11735.235609518086,多摩川
大田区|羽田空港2丁目,3142930.971581475,1,261.9443273058851,多摩川
大田区|羽田空港2丁目,3142930.971581475,1,26.19780731226927,多摩川
大田区|羽田空港2丁目,3142930.971581475,1,26.191507058326444,多摩川
大田区|羽田空港2丁目,3142930.971581475,1,26.197780750801048,多摩川
大田区|羽田空港2丁目,3142930.971581475,1,471.53538474578284,多摩川
大田区|羽田空港2丁目,3142930.971581475,1,26.191827834963004,多摩川
大田区|羽田空港2丁目,3142930.971581475,1,26.194879582966752,多摩川
大田区|羽田空港2丁目,3142930.971581475,1,26.188579901340454,多摩川
大田区|羽田空港2丁目,3142930.971581475,1,26.194852704503447,多摩川
大田区|羽田空港2丁目,3142930.971581475,1,2200.2127483092318,多摩川
大田区|羽田空港2丁目,3142930.971581475,1,26.195133609719193,多摩川
大田区|羽田空港2丁目,3142930.971581475,1,26.19512014715607,多摩川
大田区|羽田空港2丁目,3142930.971581475,1,26.19521383786859,多摩川
大田区|羽田空港2丁目,3142930.971581475,1,26.189061076971207,多摩川
大田区|羽田空港2丁目,3142930.971581475,1,26.195904732795917,多摩川
大田区|羽田空港2丁目,3142930.971581475,1,26.195681822999852,多摩川
大田区|羽田空港2丁目,3142930.971581475,1,26.18938203283696,多摩川
大田区|羽田空港2丁目,3142930.971581475,1,759.67199419321,多摩川
大田区|羽田空港2丁目,3142930.971581475,1,26.196934266035328,多摩川
大田区|羽田空港2丁目,3142930.971581475,1,26.196724612895306,多摩川
大田区|羽田空港2丁目,3142930.971581475,1,3195.7979281925946,多摩川
大田区|羽田空港2丁目,3142930.971581475,1,26.19717933880123,多摩川
大田区|羽田空港2丁目,3142930.971581475,1,26.191747868377934,多摩川
大田区|羽田空港2丁目,3142930.971581475,1,26.194933282157777,多摩川
大田区|羽田空港2丁目,3142930.971581475,1,26.19491984813432,多摩川
大田区|羽田空港2丁目,3142930.971581475,1,26.19525419231513,多摩川
大田区|羽田空港2丁目,3142930.971581475,1,52.378684352579626,多摩川
大田区|羽田空港2丁目,3142930.971581475,1,26.19561517177997,多摩川
大田区|羽田空港2丁目,3142930.971581475,1,78.59151188537572,多摩川
大田区|羽田空港2丁目,3142930.971581475,1,52.3944123286235,多摩川
大田区|羽田空港2丁目,3142930.971581475,1,26.19090606826201,多摩川
大田区|羽田空港2丁目,3142930.971581475,1,26.197767718833603,多摩川
大田区|羽田空港2丁目,3142930.971581475,1,52.38920847111536,多摩川
大田区|羽田空港2丁目,3142930.971581475,1,52.39545518263122,多摩川
大田区|羽田空港2丁目,3142930.971581475,1,26.19142733993337,多摩川
大田区|羽田空港2丁目,3142930.971581475,1,26.197821240308155,多摩川
大田区|羽田空港2丁目,3142930.971581475,1,26.191507594467275,多摩川
大田区|羽田空港2丁目,3142930.971581475,1,26.197781127568163,多摩川
大田区|羽田空港2丁目,3142930.971581475,1,26.1978479369929,多摩川
大田区|羽田空港2丁目,3142930.971581475,1,1021.6483979518695,多摩川
大田区|羽田空港2丁目,3142930.971581475,1,26.189028000996416,多摩川
大田区|羽田空港2丁目,3142930.971581475,1,26.195602079451366,多摩川
大田区|羽田空港2丁目,3142930.971581475,1,104.78003195024884,多摩川
大田区|羽田空港2丁目,3142930.971581475,1,26.197166413070207,多摩川
大田区|羽田空港2丁目,3142930.971581475,1,26.197567410162392,多摩川
大田区|羽田空港2丁目,3142930.971581475,1,7884.890211779614,多摩川
大田区|羽田空港2丁目,3142930.971581475,1,26.197781210030534,多摩川
大田区|羽田空港2丁目,3142930.971581475,1,681.0954559688446,多摩川
大田区|羽田空港2丁目,3142930.971581475,1,104.7819544317211,多摩川
大田区|羽田空港2丁目,3142930.971581475,1,26.195535428100698,多摩川
大田区|羽田空港2丁目,3142930.971581475,1,209.54607880009686,多摩川
大田区|羽田空港2丁目,3142930.971581475,1,340.52905831344344,多摩川
大田区|羽田空港2丁目,3142930.971581475,1,52.39419933277355,多摩川
大田区|羽田空港2丁目,3142930.971581475,1,340.53804499204483,多摩川
大田区|羽田空港2丁目,3142930.971581475,1,78.58653599105722,多摩川
大田区|羽田空港2丁目,3142930.971581475,1,26.19786168831257,多摩川
大田区|羽田空港2丁目,3142930.971581475,1,26.197848266251075,多摩川
大田区|羽田空港2丁目,3142930.971581475,1,26.19800871731308,多摩川
大田区|羽田空港2丁目,3142930.971581475,1,26.194726448159972,多摩川
大田区|羽田空港2丁目,3142930.971581475,1,5160.06533392692,多摩川
大田区|羽田空港2丁目,3142930.971581475,1,183.3645450848263,多摩川
大田区|羽田空港2丁目,3142930.971581475,1,26.196819061553533,多摩川
大田区|羽田空港2丁目,3142930.971581475,1,26.19665188130925,多摩川
大田区|羽田空港2丁目,3142930.971581475,1,26.196939516326907,多摩川
大田区|羽田空港2丁目,3142930.971581475,1,78.59079158636001,多摩川
大田区|羽田空港2丁目,3142930.971581475,1,26.197019599922037,多摩川
大田区|羽田空港2丁目,3142930.971581475,1,26.19134773852092,多摩川
大田区|羽田空港2丁目,3142930.971581475,1,26.197608018632963,多摩川
大田区|羽田空港2丁目,3142930.971581475,1,104.77281414288537,多摩川
大田区|羽田空港2丁目,3142930.971581475,1,26.19512135125268,多摩川
大田区|羽田空港2丁目,3142930.971581475,1,26.18882160744876,多摩川
大田区|羽田空港2丁目,3142930.971581475,1,26.18994447580082,多摩川
大田区|羽田空港2丁目,3142930.971581475,1,26.19621766049436,多摩川
大田区|羽田空港2丁目,3142930.971581475,1,26.19620440698491,多摩川
大田区|羽田空港2丁目,3142930.971581475,1,26.19620424228749,多摩川
大田区|羽田空港2丁目,3142930.971581475,1,26.189904408301295,多摩川
大田区|羽田空港2丁目,3142930.971581475,1,26.196177585474288,多摩川
大田区|羽田空港2丁目,3142930.971581475,1,26.196899666261018,多摩川
大田区|羽田空港2丁目,3142930.971581475,1,52.387472364695846,多摩川
大田区|羽田空港2丁目,3142930.971581475,1,26.190987136629282,多摩川
大田区|羽田空港2丁目,3142930.971581475,1,78.59196445646192,多摩川
大田区|羽田空港2丁目,3142930.971581475,1,288.15824682793794,多摩川
大田区|羽田空港2丁目,3142930.971581475,1,26.189944733147264,多摩川
大田区|羽田空港2丁目,3142930.971581475,1,26.196217859653462,多摩川
大田区|羽田空港2丁目,3142930.971581475,1,26.196365040833953,多摩川
大田区|羽田空港2丁目,3142930.971581475,1,209.55192588162726,多摩川
大田区|羽田空港2丁目,3142930.971581475,1,26.19657882111411,多摩川
大田区|羽田空港2丁目,3142930.971581475,1,26.196806239144266,多摩川
大田区|羽田空港2丁目,3142930.971581475,1,78.59080668731099,多摩川
大田区|羽田空港2丁目,3142930.971581475,1,26.19692652788002,多摩川
大田区|羽田空港2丁目,3142930.971581475,1,52.394040121668375,多摩川
大田区|羽田空港2丁目,3142930.971581475,1,26.197501422627063,多摩川
大田区|羽田空港2丁目,3142930.971581475,1,26.195215390376674,多摩川
大田区|羽田空港2丁目,3142930.971581475,1,209.55024478099742,多摩川
大田区|羽田空港2丁目,3142930.971581475,1,157.15754654414468,多摩川
大田区|羽田空港2丁目,3142930.971581475,1,26.189985007363113,多摩川
大田区|羽田空港2丁目,3142930.971581475,1,26.196418722650293,多摩川
大田区|羽田空港2丁目,3142930.971581475,1,26.19640531951562,多摩川
大田区|羽田空港2丁目,3142930.971581475,1,52.392757014191865,多摩川
大田区|羽田空港2丁目,3142930.971581475,1,104.77978902305973,多摩川
大田区|羽田空港2丁目,3142930.971581475,1,26.196445423949896,多摩川
大田区|羽田空港2丁目,3142930.971581475,1,26.190265635976342,多摩川
大田区|羽田空港2丁目,3142930.971581475,1,78.58329039722153,多摩川
大田区|羽田空港2丁目,3142930.971581475,1,26.190746917539883,多摩川
大田区|羽田空港2丁目,3142930.971581475,1,26.197020385641142,多摩川
大田区|羽田空港2丁目,3142930.971581475,1,52.3940272327294,多摩川
大田区|羽田空港2丁目,3142930.971581475,1,26.190706860228367,多摩川
大田区|羽田空港2丁目,3142930.971581475,1,26.195295796865064,多摩川
大田区|羽田空港2丁目,3142930.971581475,1,52.39056470397496,多摩川
大田区|羽田空港2丁目,3142930.971581475,1,26.195242273971417,多摩川
大田区|羽田空港2丁目,3142930.971581475,1,969.1362734989837,多摩川
大田区|羽田空港2丁目,3142930.971581475,1,130.97060748878388,多摩川
大田区|羽田空港2丁目,3142930.971581475,1,26.196164918505424,多摩川
大田区|羽田空港2丁目,3142930.971581475,1,26.18982487093075,多摩川
大田区|羽田空港2丁目,3142930.971581475,1,26.19629847715558,多摩川
大田区|羽田空港2丁目,3142930.971581475,1,26.196325316535656,多摩川
大田区|羽田空港2丁目,3142930.971581475,1,26.190025281828298,多摩川
大田区|羽田空港2丁目,3142930.971581475,1,26.19657926449834,多摩川
大田区|羽田空港2丁目,3142930.971581475,1,78.57976199051438,多摩川
大田区|羽田空港2丁目,3142930.971581475,1,26.1953226718382,多摩川
大田区|羽田空港2丁目,3142930.971581475,1,26.19549644801054,多摩川
大田区|羽田空港2丁目,3142930.971581475,1,26.196379057466306,多摩川
大田区|羽田空港2丁目,3142930.971581475,1,183.36488710005352,多摩川
大田区|羽田空港2丁目,3142930.971581475,1,26.193156565755977,多摩川
大田区|羽田空港2丁目,3142930.971581475,1,78.57310346805747,多摩川
大田区|羽田空港2丁目,3142930.971581475,1,26.19532289523361,多摩川
大田区|羽田空港2丁目,3142930.971581475,1,26.188708784547153,多摩川
大田区|羽田空港2丁目,3142930.971581475,1,52.390806455237794,多摩川
大田区|羽田空港2丁目,3142930.971581475,1,26.195376418453378,多摩川
大田区|羽田空港2丁目,3142930.971581475,1,1597.7897275743285,多摩川
大田区|羽田空港2丁目,3142930.971581475,1,26.196299109398574,多摩川
大田区|羽田空港2丁目,3142930.971581475,1,26.18967128757204,多摩川
大田区|羽田空港2丁目,3142930.971581475,1,26.196419349358116,多摩川
大田区|羽田空港2丁目,3142930.971581475,1,26.19640593380281,多摩川
大田区|羽田空港2丁目,3142930.971581475,1,26.196486250485968,多摩川
大田区|羽田空港2丁目,3142930.971581475,1,52.387795513886516,多摩川
大田区|羽田空港2丁目,3142930.971581475,1,78.57839605196303,多摩川
大田区|羽田空港2丁目,3142930.971581475,1,26.186777288049093,多摩川
大田区|羽田空港2丁目,3142930.971581475,1,26.19304980969226,多摩川
大田区|羽田空港2丁目,3142930.971581475,1,26.193036456324585,多摩川
大田区|羽田空港2丁目,3142930.971581475,1,52.38014788809069,多摩川
大田区|羽田空港2丁目,3142930.971581475,1,26.195483694828294,多摩川
大田区|羽田空港2丁目,3142930.971581475,1,26.1954569084415,多摩川
大田区|羽田空港2丁目,3142930.971581475,1,78.58887119843652,多摩川
大田区|羽田空港2丁目,3142930.971581475,1,26.189985895522124,多摩川
大田区|羽田空港2丁目,3142930.971581475,1,26.19625909862186,多摩川
大田区|羽田空港2丁目,3142930.971581475,1,26.19624566612142,多摩川
大田区|羽田空港2丁目,3142930.971581475,1,26.19632599178778,多摩川
大田区|羽田空港2丁目,3142930.971581475,1,209.55949249596512,多摩川
大田区|羽田空港2丁目,3142930.971581475,1,26.190186390990846,多摩川
大田区|羽田空港2丁目,3142930.971581475,1,26.196459639564935,多摩川
大田区|羽田空港2丁目,3142930.971581475,1,26.196446229451734,多摩川
大田区|羽田空港2丁目,3142930.971581475,1,26.190667523145706,多摩川
大田区|羽田空港2丁目,3142930.971581475,1,26.19062741150961,多摩川
大田区|羽田空港2丁目,3142930.971581475,1,26.197703168017412,多摩川
大田区|羽田空港2丁目,3142930.971581475,1,26.18669724712432,多摩川
大田区|羽田空港2丁目,3142930.971581475,1,26.19296973830545,多摩川
大田区|羽田空港2丁目,3142930.971581475,1,26.187058261733647,多摩川
大田区|羽田空港2丁目,3142930.971581475,1,26.195604272596604,多摩川
大田区|羽田空港2丁目,3142930.971581475,1,26.19557747594076,多摩川
大田区|羽田空港2丁目,3142930.971581475,1,52.38506881193018,多摩川
大田区|羽田空港2丁目,3142930.971581475,1,26.195764725620414,多摩川
大田区|羽田空港2丁目,3142930.971581475,1,52.39152921962092,多摩川
大田区|羽田空港2丁目,3142930.971581475,1,26.196366275299017,多摩川
大田区|羽田空港2丁目,3142930.971581475,1,26.190066236910646,多摩川
大田区|羽田空港2丁目,3142930.971581475,1,26.19633966345047,多摩川
大田区|羽田空港2丁目,3142930.971581475,1,52.39265244016258,多摩川
大田区|羽田空港2丁目,3142930.971581475,1,26.190026185915357,多摩川
大田区|羽田空港2丁目,3142930.971581475,1,78.58984744862694,多摩川
大田区|羽田空港2丁目,3142930.971581475,1,26.190306990384123,多摩川
大田区|羽田空港2丁目,3142930.971581475,1,78.58968719018863,多摩川
大田区|羽田空港2丁目,3142930.971581475,1,104.77457645555774,多摩川
大田区|羽田空港2丁目,3142930.971581475,1,26.192916422220627,多摩川
大田区|羽田空港2丁目,3142930.971581475,1,26.18682678180857,多摩川
大田区|羽田空港2丁目,3142930.971581475,1,366.6581914451192,多摩川
大田区|羽田空港2丁目,3142930.971581475,1,26.19347815221939,多摩川
大田区|羽田空港2丁目,3142930.971581475,1,26.18717881789498,多摩川
大田区|羽田空港2丁目,3142930.971581475,1,52.39138272619637,多摩川
大田区|羽田空港2丁目,3142930.971581475,1,26.189384792310236,多摩川
大田区|羽田空港2丁目,3142930.971581475,1,26.195330164471965,多摩川
大田区|羽田空港2丁目,3142930.971581475,1,26.189425004318068,多摩川
大田区|羽田空港2丁目,3142930.971581475,1,235.73057831285567,多摩川
大田区|羽田空港2丁目,3142930.971581475,1,26.195778130332535,多摩川
大田区|羽田空港2丁目,3142930.971581475,1,52.380132976987696,多摩川
大田区|羽田空港2丁目,3142930.971581475,1,26.19633980064767,多摩川
大田区|羽田空港2丁目,3142930.971581475,1,78.57599151193946,多摩川
大田区|羽田空港2丁目,3142930.971581475,1,26.19640663900192,多摩川
大田区|羽田空港2丁目,3142930.971581475,1,26.196406559462567,多摩川
大田区|羽田空港2丁目,3142930.971581475,1,26.190347339243658,多摩川
大田区|羽田空港2丁目,3142930.971581475,1,26.1966206239819,多摩川
大田区|羽田空港2丁目,3142930.971581475,1,26.190307073741316,多摩川
大田区|羽田空港2丁目,3142930.971581475,1,1624.0407887378376,多摩川
大田区|羽田空港2丁目,3142930.971581475,1,15569.773874829449,多摩川
大田区|羽田空港2丁目,3142930.971581475,1,26.187219148146607,多摩川
大田区|羽田空港2丁目,3142930.971581475,1,26.187339559096326,多摩川
大田区|羽田空港2丁目,3142930.971581475,1,26.193598731402126,多摩川
大田区|羽田空港2丁目,3142930.971581475,1,52.38560050490827,多摩川
大田区|羽田空港2丁目,3142930.971581475,1,26.195818619815203,多摩川
大田区|羽田空港2丁目,3142930.971581475,1,26.1895053295951,多摩川
大田区|羽田空港2丁目,3142930.971581475,1,26.195778422871207,多摩川
大田区|羽田空港2丁目,3142930.971581475,1,340.52135052625454,多摩川
大田区|羽田空港2丁目,3142930.971581475,1,52.38563142473739,多摩川
大田区|羽田空港2丁目,3142930.971581475,1,26.195938868471668,多摩川
大田区|羽田空港2丁目,3142930.971581475,1,26.1959320601498,多摩川
大田区|羽田空港2丁目,3142930.971581475,1,26.196549687191677,多摩川
大田区|羽田空港2丁目,3142930.971581475,1,26.196629911024647,多摩川
大田区|羽田空港2丁目,3142930.971581475,1,26.190106878065137,多摩川
大田区|羽田空港2丁目,3142930.971581475,1,26.190187083451352,多摩川
大田区|羽田空港2丁目,3142930.971581475,1,26.196460317959218,多摩川
大田区|羽田空港2丁目,3142930.971581475,1,104.7859881106291,多摩川
大田区|羽田空港2丁目,3142930.971581475,1,26.19245559500479,多摩川
大田区|羽田空港2丁目,3142930.971581475,1,26.193692523829082,多摩川
大田区|羽田空港2丁目,3142930.971581475,1,26.189666076320453,多摩川
大田区|羽田空港2丁目,3142930.971581475,1,52.385551726059546,多摩川
大田区|羽田空港2丁目,3142930.971581475,1,26.19601926019378,多摩川
大田区|羽田空港2丁目,3142930.971581475,1,26.196086172101282,多摩川
大田区|羽田空港2丁目,3142930.971581475,1,52.39210547407532,多摩川
大田区|羽田空港2丁目,3142930.971581475,1,26.189866399322277,多摩川
大田区|羽田空港2丁目,3142930.971581475,1,26.19612627884302,多摩川
大田区|羽田空港2丁目,3142930.971581475,1,26.196220010684485,多摩川
大田区|羽田空港2丁目,3142930.971581475,1,26.196500616852994,多摩川
大田区|羽田空港2丁目,3142930.971581475,1,26.196460627162967,多摩川
大田区|羽田空港2丁目,3142930.971581475,1,26.196447215050462,多摩川
大田区|羽田空港2丁目,3142930.971581475,1,26.19622657549963,多摩川
大田区|羽田空港2丁目,3142930.971581475,1,26.19022735824518,多摩川
大田区|羽田空港2丁目,3142930.971581475,1,52.38554001272925,多摩川
大田区|羽田空港2丁目,3142930.971581475,1,26.193813133472087,多摩川
大田区|羽田空港2丁目,3142930.971581475,1,26.196206783296688,多摩川
大田区|羽田空港2丁目,3142930.971581475,1,52.37981351122419,多摩川
大田区|羽田空港2丁目,3142930.971581475,1,628.6773209699801,多摩川
大田区|羽田空港2丁目,3142930.971581475,1,26.190267646695872,多摩川
大田区|羽田空港2丁目,3142930.971581475,1,26.196581193988877,多摩川
大田区|羽田空港2丁目,3142930.971581475,1,127.76251130211713,多摩川
大田区|羽田空港2丁目,3142930.971581475,1,26.193933715667704,多摩川
大田区|羽田空港2丁目,3142930.971581475,1,130.96856939849621,多摩川
大田区|羽田空港2丁目,3142930.971581475,1,26.196300573824622,多摩川
大田区|羽田空港2丁目,3142930.971581475,1,26.18998717057635,多摩川
大田区|羽田空港2丁目,3142930.971581475,1,104.7801862378926,多摩川
大田区|羽田空港2丁目,3142930.971581475,1,26.19674186534089,多摩川
大田区|羽田空港2丁目,3142930.971581475,1,52.39347006085636,多摩川
大田区|羽田空港2丁目,3142930.971581475,1,681.0643377481034,多摩川
大田区|羽田空港2丁目,3142930.971581475,1,52.38817564958648,多摩川
大田区|羽田空港2丁目,3142930.971581475,1,9429.045093486422,多摩川
大田区|羽田空港2丁目,3142930.971581475,1,26.18778163761922,多摩川
大田区|羽田空港2丁目,3142930.971581475,1,26.194250484204616,多摩川
大田区|羽田空港2丁目,3142930.971581475,1,26.196207343824376,多摩川
大田区|羽田空港2丁目,3142930.971581475,1,26.19620720699435,多摩川
大田区|羽田空港2丁目,3142930.971581475,1,26.189907272464964,多摩川
大田区|羽田空港2丁目,3142930.971581475,1,26.190388517553142,多摩川
大田区|羽田空港2丁目,3142930.971581475,1,26.196661779106037,多摩川
大田区|羽田空港2丁目,3142930.971581475,1,104.77093675018754,多摩川
大田区|羽田空港2丁目,3142930.971581475,1,26.19429551925854,多摩川
大田区|羽田空港2丁目,3142930.971581475,1,26.19428209062185,多摩川
大田区|羽田空港2丁目,3142930.971581475,1,78.58878356691635,多摩川
大田区|羽田空港2丁目,3142930.971581475,1,3876.4372114428506,多摩川
大田区|羽田空港2丁目,3142930.971581475,1,52.382559441597806,多摩川
大田区|羽田空港2丁目,3142930.971581475,1,52.38250584958465,多摩川
大田区|羽田空港2丁目,3142930.971581475,1,26.1962479476623,多摩川
大田区|羽田空港2丁目,3142930.971581475,1,52.38282741808578,多摩川
大田区|羽田空港2丁目,3142930.971581475,1,26.19453668606679,多摩川
大田区|羽田空港2丁目,3142930.971581475,1,26.188223721675406,多摩川
大田区|羽田空港2丁目,3142930.971581475,1,183.36722440672472,多摩川
大田区|羽田空港2丁目,3142930.971581475,1,26.196221441492337,多摩川
大田区|羽田空港2丁目,3142930.971581475,1,26.19618152026291,多摩川
大田区|羽田空港2丁目,3142930.971581475,1,26.18834427112657,多摩川
大田区|羽田空港2丁目,3142930.971581475,1,19776.63516409956,多摩川
大田区|羽田空港2丁目,3142930.971581475,1,0.3721912905867719,多摩川
大田区|羽田空港2丁目,3142930.971581475,1,50.31851253885373,多摩川
大田区|羽田空港2丁目,3142930.971581475,1,209.5368788133464,多摩川
大田区|羽田空港2丁目,3142930.971581475,1,52.3870241342833,多摩川
大田区|羽田空港2丁目,3142930.971581475,1,26.193721463383397,多摩川
大田区|羽田空港2丁目,3142930.971581475,1,26.19476450116808,多摩川
大田区|羽田空港2丁目,3142930.971581475,1,26.18846482576044,多摩川
大田区|羽田空港2丁目,3142930.971581475,1,26.187462375268982,多摩川
大田区|羽田空港2丁目,3142930.971581475,1,35396.024015617346,多摩川
大田区|羽田空港2丁目,3142930.971581475,1,26.19488508478199,多摩川
大田区|羽田空港2丁目,3142930.971581475,1,52.38344367422163,多摩川
大田区|羽田空港2丁目,3142930.971581475,1,523.8496632449043,多摩川
大田区|羽田空港2丁目,3142930.971581475,1,5448.141475748242,多摩川
大田区|羽田空港2丁目,3142930.971581475,1,26.19478527851777,多摩川
大田区|羽田空港2丁目,3142930.971581475,1,288.1269814357044,多摩川
大田区|羽田空港2丁目,3142930.971581475,1,52.38708812524003,多摩川
大田区|羽田空港2丁目,3142930.971581475,1,26.195367408410085,多摩川
大田区|羽田空港2丁目,3142930.971581475,1,26.18906763287562,多摩川
大田区|羽田空港2丁目,3142930.971581475,1,26.19518939458355,多摩川
大田区|羽田空港2丁目,3142930.971581475,1,26.195300844058835,多摩川
大田区|羽田空港2丁目,3142930.971581475,1,78.5797498317946,多摩川
大田区|羽田空港2丁目,3142930.971581475,1,26.195187096628345,多摩川
大田区|羽田空港2丁目,3142930.971581475,1,26.195461222972806,多摩川
大田区|羽田空港2丁目,3142930.971581475,1,52.38497092513359,多摩川
大田区|羽田空港2丁目,3142930.971581475,1,26.195608582994453,多摩川
大田区|羽田空港2丁目,3142930.971581475,1,26.19558181260153,多摩川
大田区|羽田空港2丁目,3142930.971581475,1,52.39147169868726,多摩川
大田区|羽田空港2丁目,3142930.971581475,1,78.58138250027159,多摩川
大田区|羽田空港2丁目,3142930.971581475,1,26.196059124418667,多摩川
大田区|羽田空港2丁目,3142930.971581475,1,26.196223835266117,多摩川
大田区|羽田空港2丁目,3142930.971581475,1,235.7517462846383,多摩川
大田区|羽田空港2丁目,3142930.971581475,1,52.391966881725175,多摩川
大田区|羽田空港2丁目,3142930.971581475,1,261.91828216815287,多摩川
大田区|羽田空港2丁目,3142930.971581475,1,209.54324385193888,多摩川
大田区|羽田空港2丁目,3142930.971581475,1,471.5026250809146,多摩川
大田区|羽田空港2丁目,3142930.971581475,1,52.38086650615511,多摩川
大田区|羽田空港2丁目,3142930.971581475,1,1807.4260018405387,多摩川
大田区|羽田空港2丁目,3142930.971581475,1,261.9456597568557,多摩川
大田区|羽田空港2丁目,3142930.971581475,1,104.78632931082855,多摩川
大田区|羽田空港2丁目,3142930.971581475,2,459.7304456168787,多摩川
大田区|羽田空港2丁目,3142930.971581475,2,26.199016781517944,多摩川
大田区|羽田空港2丁目,3142930.971581475,2,5.244863486200396,多摩川
大田区|羽田空港2丁目,3142930.971581475,2,26.198896739904637,多摩川
大田区|羽田空港2丁目,3142930.971581475,2,78.59036267273856,多摩川
大田区|羽田空港2丁目,3142930.971581475,2,52.39792283205058,多摩川
大田区|羽田空港2丁目,3142930.971581475,2,812.1054591360008,多摩川
大田区|羽田空港2丁目,3142930.971581475,2,26.199083823523907,多摩川
大田区|羽田空港2丁目,3142930.971581475,2,1886.1912529365309,多摩川
大田区|羽田空港2丁目,3142930.971581475,2,26.19862276622707,多摩川
大田区|羽田空港2丁目,3142930.971581475,2,26.199097599979314,多摩川
大田区|羽田空港2丁目,3142930.971581475,2,26.199164297382044,多摩川
大田区|羽田空港2丁目,3142930.971581475,2,52.3913601421499,多摩川
大田区|羽田空港2丁目,3142930.971581475,2,26.19880365267621,多摩川
大田区|羽田空港2丁目,3142930.971581475,2,26.19877695520512,多摩川
大田区|羽田空港2丁目,3142930.971581475,2,78.59036405658418,多摩川
大田区|羽田空港2丁目,3142930.971581475,2,26.198883896038787,多摩川
大田区|羽田空港2丁目,3142930.971581475,2,52.39770073455663,多摩川
大田区|羽田空港2丁目,3142930.971581475,2,26.1989639922582,多摩川
大田区|羽田空港2丁目,3142930.971581475,2,26.19893726842738,多摩川
大田区|羽田空港2丁目,3142930.971581475,2,26.192623383028653,多摩川
大田区|羽田空港2丁目,3142930.971581475,2,26.19262330009166,多摩川
大田区|羽田空港2丁目,3142930.971581475,2,26.19270343715211,多摩川
大田区|羽田空港2丁目,3142930.971581475,2,16765.390059994235,多摩川
大田区|羽田空港2丁目,3142930.971581475,2,52.39136044584358,多摩川
大田区|羽田空港2丁目,3142930.971581475,2,52.390992663687065,多摩川
大田区|羽田空港2丁目,3142930.971581475,2,78.58997000204349,多摩川
大田区|羽田空港2丁目,3142930.971581475,2,3038.857226508529,多摩川
大田区|羽田空港2丁目,3142930.971581475,2,340.5550676942318,多摩川
大田区|羽田空港2丁目,3142930.971581475,2,261.958871403799,多摩川
大田区|羽田空港2丁目,3142930.971581475,2,628.7367778472959,多摩川
大田区|羽田空港2丁目,3142930.971581475,2,52.38581104712423,多摩川
大田区|羽田空港2丁目,3142930.971581475,2,130.9901572747492,多摩川
大田区|羽田空港2丁目,3142930.971581475,2,106168.26912333649,多摩川
大田区|羽田空港2丁目,3142930.971581475,2,78.59016891218894,多摩川
大田区|羽田空港2丁目,3142930.971581475,2,26.19885872507933,多摩川
大田区|羽田空港2丁目,3142930.971581475,2,26.198845397570025,多摩川
大田区|羽田空港2丁目,3142930.971581475,2,26.19757561385453,多摩川
大田区|羽田空港2丁目,3142930.971581475,2,130.982099108859,多摩川
大田区|羽田空港2丁目,3142930.971581475,2,497.73905381930746,多摩川
大田区|羽田空港2丁目,3142930.971581475,2,26.19250479226792,多摩川
大田区|羽田空港2丁目,3142930.971581475,2,26.19885884727514,多摩川
大田区|羽田空港2丁目,3142930.971581475,2,26.1970142506836,多摩川
大田区|羽田空港2丁目,3142930.971581475,2,26.190700770723893,多摩川
大田区|羽田空港2丁目,3142930.971581475,2,288.14205474334716,多摩川
大田区|羽田空港2丁目,3142930.971581475,2,26.191342211136845,多摩川
大田区|羽田空港2丁目,3142930.971581475,2,52.39833324327106,多摩川
大田区|羽田空港2丁目,3142930.971581475,2,1231.1455683096922,多摩川
大田区|羽田空港2丁目,3142930.971581475,2,26.19688074771295,多摩川
大田区|羽田空港2丁目,3142930.971581475,2,130.97463021218792,多摩川
大田区|羽田空港2丁目,3142930.971581475,2,52.38863766344384,多摩川
大田区|羽田空港2丁目,3142930.971581475,2,864.5002213931908,多摩川
大田区|羽田空港2丁目,3142930.971581475,2,52.38501053288148,多摩川
大田区|羽田空港2丁目,3142930.971581475,2,26.192745872200756,多摩川
大田区|羽田空港2丁目,3142930.971581475,2,26.199046438853482,多摩川
大田区|羽田空港2丁目,3142930.971581475,2,26.196613541904526,多摩川
大田区|羽田空港2丁目,3142930.971581475,2,26.19660020237662,多摩川
大田区|羽田空港2丁目,3142930.971581475,2,26.196814102086083,多摩川
大田区|羽田空港2丁目,3142930.971581475,2,52.39360129546208,多摩川
大田区|羽田空港2丁目,3142930.971581475,2,445.32562163076295,多摩川
大田区|羽田空港2丁目,3142930.971581475,2,26.1974424641559,多摩川
大田区|羽田空港2丁目,3142930.971581475,2,52.397230671212455,多摩川
大田区|羽田空港2丁目,3142930.971581475,2,26.192465347089858,多摩川
大田区|羽田空港2丁目,3142930.971581475,2,26.19901986378878,多摩川
大田区|羽田空港2丁目,3142930.971581475,2,209.58665657641214,多摩川
大田区|羽田空港2丁目,3142930.971581475,2,26.199086652842716,多摩川
大田区|羽田空港2丁目,3142930.971581475,2,130.96959262412918,多摩川
大田区|羽田空港2丁目,3142930.971581475,2,26.190180061653145,多摩川
大田区|羽田空港2丁目,3142930.971581475,2,104.77632130072381,多摩川
大田区|羽田空港2丁目,3142930.971581475,2,26.19732231783827,多摩川
大田区|羽田空港2丁目,3142930.971581475,2,52.38858505002651,多摩川
大田区|羽田空港2丁目,3142930.971581475,2,26.197402506435534,多摩川
大田区|羽田空港2丁目,3142930.971581475,2,26.197442578742326,多摩川
大田区|羽田空港2丁目,3142930.971581475,2,52.39794645754008,多摩川
大田区|羽田空港2丁目,3142930.971581475,2,26.19266600732412,多摩川
大田区|羽田空港2丁目,3142930.971581475,2,26.19274626739999,多摩川
大田区|羽田空港2丁目,3142930.971581475,2,733.4331324311311,多摩川
大田区|羽田空港2丁目,3142930.971581475,2,104.77309320827756,多摩川
大田区|羽田空港2丁目,3142930.971581475,2,26.196413402123895,多摩川
大田区|羽田空港2丁目,3142930.971581475,2,52.382494523624125,多摩川
大田区|羽田空港2丁目,3142930.971581475,2,1309.8270176185413,多摩川
大田区|羽田空港2丁目,3142930.971581475,2,26.198900000952754,多摩川
大田区|羽田空港2丁目,3142930.971581475,2,26.198926628903315,多摩川
大田区|羽田空港2丁目,3142930.971581475,2,26.190100073597023,多摩川
大田区|羽田空港2丁目,3142930.971581475,2,157.16502245653857,多摩川
大田区|羽田空港2丁目,3142930.971581475,2,26.197242380402493,多摩川
大田区|羽田空港2丁目,3142930.971581475,2,26.198766396627335,多摩川
大田区|羽田空港2丁目,3142930.971581475,2,183.37386741148674,多摩川
大田区|羽田空港2丁目,3142930.971581475,2,261.94498951278626,多摩川
大田区|羽田空港2丁目,3142930.971581475,2,26.196373681481575,多摩川
大田区|羽田空港2丁目,3142930.971581475,2,26.190862199700216,多摩川
大田区|羽田空港2丁目,3142930.971581475,2,26.19090235876488,多摩川
大田区|羽田空港2丁目,3142930.971581475,2,104.78265034961028,多摩川
大田区|羽田空港2丁目,3142930.971581475,2,26.192265617733852,多摩川
大田区|羽田空港2丁目,3142930.971581475,2,26.198539423383366,多摩川
大田区|羽田空港2丁目,3142930.971581475,2,26.19852608909607,多摩川
大田区|羽田空港2丁目,3142930.971581475,2,52.397158954956694,多摩川
大田区|羽田空港2丁目,3142930.971581475,2,471.4891805146881,多摩川
大田区|羽田空港2丁目,3142930.971581475,2,2121.7117323421926,多摩川
大田区|羽田空港2丁目,3142930.971581475,2,130.97519444933744,多摩川
大田区|羽田空港2丁目,3142930.971581475,2,26.19006050925652,多摩川
大田区|羽田空港2丁目,3142930.971581475,2,52.38639398094973,多摩川
大田区|羽田空港2丁目,3142930.971581475,2,26.196413915611334,多摩川
大田区|羽田空港2丁目,3142930.971581475,2,26.19010057912742,多摩川
大田区|羽田空港2丁目,3142930.971581475,2,366.71879608565985,多摩川
大田区|羽田空港2丁目,3142930.971581475,2,26.196621094491125,多摩川
大田区|羽田空港2丁目,3142930.971581475,2,52.390564790665785,多摩川
大田区|羽田空港2丁目,3142930.971581475,2,52.39019703218609,多摩川
大田区|羽田空港2丁目,3142930.971581475,2,419.10142571409716,多摩川
大田区|羽田空港2丁目,3142930.971581475,2,523.8834067348879,多摩川
大田区|羽田空港2丁目,3142930.971581475,2,52.39233993111866,多摩川
大田区|羽田空港2丁目,3142930.971581475,2,26.190662198157376,多摩川
大田区|羽田空港2丁目,3142930.971581475,2,209.56141864597362,多摩川
大田区|羽田空港2丁目,3142930.971581475,2,41.06607647525629,多摩川
大田区|羽田空港2丁目,3142930.971581475,2,366.709729923899,多摩川
大田区|羽田空港2丁目,3142930.971581475,2,52.38607420025818,多摩川
大田区|羽田空港2丁目,3142930.971581475,2,26.196935740850193,多摩川
大田区|羽田空港2丁目,3142930.971581475,2,26.19692240272078,多摩川
大田区|羽田空港2丁目,3142930.971581475,2,445.33060466677233,多摩川
大田区|羽田空港2丁目,3142930.971581475,2,26.191905405317723,多摩川
大田区|羽田空港2丁目,3142930.971581475,2,52.390405188892906,多摩川
大田区|羽田空港2丁目,3142930.971581475,2,32559.843399905312,多摩川
大田区|羽田空港2丁目,3142930.971581475,2,52.379560740893915,多摩川
大田区|羽田空港2丁目,3142930.971581475,2,26.196120316881988,多摩川
大田区|羽田空港2丁目,3142930.971581475,2,26.196882368343694,多摩川
大田区|羽田空港2丁目,3142930.971581475,2,26.196922483250617,多摩川
大田区|羽田空港2丁目,3142930.971581475,2,104.7798753456524,多摩川
大田区|羽田空港2丁目,3142930.971581475,2,26.19804563228523,多摩川
大田区|羽田空港2丁目,3142930.971581475,2,6627.658664212714,多摩川
大田区|羽田空港2丁目,3142930.971581475,2,26.196080364406782,多摩川
大田区|羽田空港2丁目,3142930.971581475,2,26.198366556992486,多摩川
大田区|羽田空港2丁目,3142930.971581475,2,52.39705397440702,多摩川
大田区|羽田空港2丁目,3142930.971581475,2,76817.06426154917,多摩川
大田区|羽田空港2丁目,3142930.971581475,2,78.59248041170825,多摩川
大田区|羽田空港2丁目,3142930.971581475,2,26.197524594192764,多摩川
大田区|羽田空港2丁目,3142930.971581475,2,26.198540643644833,多摩川
大田区|羽田空港2丁目,3142930.971581475,2,52.38469416284554,多摩川
大田区|羽田空港2丁目,3142930.971581475,2,26.19114429375648,多摩川
大田区|羽田空港2丁目,3142930.971581475,2,26.197417853035233,多摩川
大田区|羽田空港2丁目,3142930.971581475,2,26.197377773503785,多摩川
大田区|羽田空港2丁目,3142930.971581475,2,26.19745787459005,多摩川
大田区|羽田空港2丁目,3142930.971581475,2,419.143916761184,多摩川
大田区|羽田空港2丁目,3142930.971581475,2,26.19812646613596,多摩川
大田区|羽田空港2丁目,3142930.971581475,2,52.396359837693815,多摩川
大田区|羽田空港2丁目,3142930.971581475,2,4715.310816440837,多摩川
大田区|羽田空港2丁目,3142930.971581475,2,26.19850071023894,多摩川
大田区|羽田空港2丁目,3142930.971581475,2,26.198567637845258,多摩川
大田区|羽田空港2丁目,3142930.971581475,2,52.390798432349705,多摩川
大田区|羽田空港2丁目,3142930.971581475,2,26.189099414965078,多摩川
大田区|羽田空港2丁目,3142930.971581475,2,582723.9794889707,多摩川
大田区|羽田空港2丁目,3142930.971581475,2,26.191345027220486,多摩川
大田区|羽田空港2丁目,3142930.971581475,2,183.36438874531325,多摩川
大田区|羽田空港2丁目,3142930.971581475,2,26.19768543371024,多摩川
大田区|羽田空港2丁目,3142930.971581475,2,26.191866257739193,多摩川
大田区|羽田空港2丁目,3142930.971581475,2,52.39628004807457,多摩川
大田区|羽田空港2丁目,3142930.971581475,2,392.93919587851974,多摩川
大田区|羽田空港2丁目,3142930.971581475,2,26.195412654339293,多摩川
大田区|羽田空港2丁目,3142930.971581475,2,26.19822047567607,多摩川
大田区|羽田空港2丁目,3142930.971581475,2,26.198501154713156,多摩川
大田区|羽田空港2丁目,3142930.971581475,2,26.198487823941743,多摩川
大田区|羽田空港2丁目,3142930.971581475,2,26.197605696285603,多摩川
大田区|羽田空港2丁目,3142930.971581475,2,26.195519998987717,多摩川
大田区|羽田空港2丁目,3142930.971581475,2,26.19717796724096,多摩川
大田区|羽田空港2丁目,3142930.971581475,2,104.7837090177876,多摩川
大田区|羽田空港2丁目,3142930.971581475,2,261.96784314501514,多摩川
大田区|羽田空港2丁目,3142930.971581475,2,52.38888454838746,多摩川
大田区|羽田空港2丁目,3142930.971581475,2,26.197980183945646,多摩川
大田区|羽田空港2丁目,3142930.971581475,2,52.39666867159955,多摩川
大田区|羽田空港2丁目,3142930.971581475,2,235.7540955636784,多摩川
大田区|羽田空港2丁目,3142930.971581475,2,26.191145436221955,多摩川
大田区|羽田空港2丁目,3142930.971581475,2,104.78354496657725,多摩川
大田区|羽田空港2丁目,3142930.971581475,2,26.198261182043442,多摩川
大田区|羽田空港2丁目,3142930.971581475,2,26.19673718094907,多摩川
大田区|羽田空港2丁目,3142930.971581475,2,52.387147637233475,多摩川
大田区|羽田空港2丁目,3142930.971581475,2,26.19741898582984,多摩川
大田区|羽田空港2丁目,3142930.971581475,2,52.39506557398307,多摩川
大田区|羽田空港2丁目,3142930.971581475,2,26.19163319463472,多摩川
大田区|羽田空港2丁目,3142930.971581475,2,26.194731799730935,多摩川
大田区|羽田空港2丁目,3142930.971581475,2,52.37908361009944,多摩川
大田区|羽田空港2丁目,3142930.971581475,2,78.5813185333341,多摩川
大田区|羽田空港2丁目,3142930.971581475,2,628.7107030660071,多摩川
大田区|羽田空港2丁目,3142930.971581475,2,26.198221378272226,多摩川
大田区|羽田空港2丁目,3142930.971581475,2,26.19820809501791,多摩川
大田区|羽田空港2丁目,3142930.971581475,2,26.188499298524277,多摩川
大田区|羽田空港2丁目,3142930.971581475,2,26.197853754075517,多摩川
大田区|羽田空港2丁目,3142930.971581475,2,26.198141421785262,多摩川
大田区|羽田空港2丁目,3142930.971581475,2,26.196804781652595,多摩川
大田区|羽田空港2丁目,3142930.971581475,2,26.197820678861817,多摩川
大田区|羽田空港2丁目,3142930.971581475,2,52.39561477335759,多摩川
大田区|羽田空港2丁目,3142930.971581475,2,52.38301424874214,多摩川
大田区|羽田空港2丁目,3142930.971581475,2,26.195160305537378,多摩川
大田区|羽田空港2丁目,3142930.971581475,2,26.19686741251093,多摩川
大田区|羽田空港2丁目,3142930.971581475,2,26.19694763091117,多摩川
大田区|羽田空港2丁目,3142930.971581475,2,26.197493316332164,多摩川
大田区|羽田空港2丁目,3142930.971581475,2,52.39556163524339,多摩川
大田区|羽田空港2丁目,3142930.971581475,2,26.191587439181635,多摩川
大田区|羽田空港2丁目,3142930.971581475,2,26.19664464600753,多摩川
大田区|羽田空港2丁目,3142930.971581475,2,26.19776767631087,多摩川
大田区|羽田空港2丁目,3142930.971581475,2,78.58694931080538,多摩川
大田区|羽田空港2丁目,3142930.971581475,2,26.19778109794502,多摩川
大田区|羽田空港2丁目,3142930.971581475,2,261.9246971505772,多摩川
大田区|羽田空港2丁目,3142930.971581475,2,104.78098837752903,多摩川
大田区|羽田空港2丁目,3142930.971581475,2,26.19696607862954,多摩川
大田区|羽田空港2丁目,3142930.971581475,2,26.197340260179836,多摩川
大田区|羽田空港2丁目,3142930.971581475,2,26.197012586256214,多摩川
大田区|羽田空港2丁目,3142930.971581475,2,235.77656767759981,多摩川
大田区|羽田空港2丁目,3142930.971581475,2,157.16729845315575,多摩川
大田区|羽田空港2丁目,3142930.971581475,2,759.6116265259468,多摩川
大田区|羽田空港2丁目,3142930.971581475,2,26.19126794036289,多摩川
大田区|羽田空港2丁目,3142930.971581475,2,104.78452515144258,多摩川
大田区|羽田空港2丁目,3142930.971581475,2,52.379649073075385,多摩川
大田区|羽田空港2丁目,3142930.971581475,2,1152.4820893071953,多摩川
大田区|羽田空港2丁目,3142930.971581475,2,261.93624894564755,多摩川
大田区|羽田空港2丁目,3142930.971581475,2,73013.56686581542,多摩川
大田区|羽田空港2丁目,3142930.971581475,2,26.195523448609062,多摩川
大田区|羽田空港2丁目,3142930.971581475,2,26.19678085595042,多摩川
大田区|羽田空港2丁目,3142930.971581475,2,52.38077513098875,多摩川
大田区|羽田空港2丁目,3142930.971581475,2,104.76404740648096,多摩川
大田区|羽田空港2丁目,3142930.971581475,2,26.193934450510238,多摩川
大田区|羽田空港2丁目,3142930.971581475,2,26.19509955796522,多摩川
大田区|羽田空港2丁目,3142930.971581475,2,26.195045979081847,多摩川
大田区|羽田空港2丁目,3142930.971581475,2,26.19617619665752,多摩川
大田区|羽田空港2丁目,3142930.971581475,2,26.18891641693783,多摩川
大田区|羽田空港2丁目,3142930.971581475,2,26.195300803987415,多摩川
大田区|羽田空港2丁目,3142930.971581475,2,26.189916506834777,多摩川
大田区|羽田空港2丁目,3142930.971581475,2,26.187991985888893,多摩川
大田区|羽田空港2丁目,3142930.971581475,2,26.19019114055926,多摩川
大田区|羽田空港2丁目,3142930.971581475,2,26.194619313686193,多摩川
大田区|羽田空港2丁目,3142930.971581475,2,26.196464532629022,多摩川
大田区|羽田空港2丁目,3142930.971581475,2,52.390512265798705,多摩川
大田区|羽田空港2丁目,3142930.971581475,2,78.57990394721712,多摩川
大田区|羽田空港2丁目,3142930.971581475,2,26.195745052169713,多摩川
大田区|羽田空港2丁目,3142930.971581475,2,104.78014889654756,多摩川
大田区|羽田空港2丁目,3142930.971581475,2,1555.8152951209895,多摩川
大田区|羽田空港2丁目,3142930.971581475,3,49.57690929713988,多摩川
大田区|羽田空港2丁目,3142930.971581475,3,130.9818289295363,多摩川
大田区|羽田空港2丁目,3142930.971581475,3,130.99545895723952,多摩川
大田区|羽田空港2丁目,3142930.971581475,3,52.39859669300792,多摩川
大田区|羽田空港2丁目,3142930.971581475,3,1052.4067781877952,多摩川
大田区|羽田空港2丁目,3142930.971581475,3,0.1093412812637955,多摩川
大田区|羽田空港2丁目,3142930.971581475,3,209.56856239447967,多摩川
大田区|羽田空港2丁目,3142930.971581475,3,26.195569795032128,多摩川
大田区|羽田空港2丁目,3142930.971581475,3,26.189270074542723,多摩川
大田区|羽田空港2丁目,3142930.971581475,3,26.195529840864747,多摩川
大田区|羽田空港2丁目,3142930.971581475,3,26.196379676226442,多摩川
大田区|羽田空港2丁目,3142930.971581475,3,78.57601238577716,多摩川
大田区|羽田空港2丁目,3142930.971581475,3,2200.3261871591585,多摩川
大田区|羽田空港2丁目,3142930.971581475,3,78.58964651314491,多摩川
大田区|羽田空港2丁目,3142930.971581475,3,318.0471572759318,多摩川
大田区|羽田空港2丁目,3142930.971581475,3,26.19630146302462,多摩川
大田区|羽田空港2丁目,3142930.971581475,3,654.8522190454645,多摩川
大田区|羽田空港2丁目,3142930.971581475,3,20.704081848257776,多摩川
大田区|羽田空港2丁目,3142930.971581475,3,23.474660055289306,多摩川
大田区|羽田空港2丁目,3142930.971581475,4,80.31071730169914,多摩川
大田区|羽田空港2丁目,3142930.971581475,4,183.35071186056246,多摩川
大田区|羽田空港2丁目,3142930.971581475,4,26.196575390775422,多摩川
大田区|羽田空港2丁目,3142930.971581475,4,52.38685101859422,多摩川
大田区|羽田空港2丁目,3142930.971581475,4,26.19662910675187,多摩川
大田区|羽田空港2丁目,3142930.971581475,4,75.33533869497707,多摩川
大田区|羽田空港3丁目,10119950.52465042,1,26.19274272780863,多摩川
大田区|羽田空港3丁目,10119950.52465042,1,26.199003321121648,多摩川
大田区|羽田空港3丁目,10119950.52465042,1,26.19900319420222,多摩川
大田区|羽田空港3丁目,10119950.52465042,1,26.19238833025307,多摩川
大田区|羽田空港3丁目,10119950.52465042,1,26.198976528674407,多摩川
大田区|羽田空港3丁目,10119950.52465042,1,2802.920995765936,多摩川
大田区|羽田空港3丁目,10119950.52465042,1,32618.25870835205,多摩川
大田区|羽田空港3丁目,10119950.52465042,1,26.19097981992322,多摩川
大田区|羽田空港3丁目,10119950.52465042,1,523.9029760141897,多摩川
大田区|羽田空港3丁目,10119950.52465042,1,26.196573163287937,多摩川
大田区|羽田空港3丁目,10119950.52465042,1,2016.8146995701513,多摩川
大田区|羽田空港3丁目,10119950.52465042,1,6.480369487767668,多摩川
大田区|羽田空港3丁目,10119950.52465042,1,0.6431006476067881,多摩川
大田区|羽田空港3丁目,10119950.52465042,1,28587.439794023478,多摩川
大田区|羽田空港3丁目,10119950.52465042,1,52.38334250184143,多摩川
大田区|羽田空港3丁目,10119950.52465042,1,26.195598850452704,多摩川
大田区|羽田空港3丁目,10119950.52465042,1,52.389285854500955,多摩川
大田区|羽田空港3丁目,10119950.52465042,1,26.195211471120288,多摩川
大田区|羽田空港3丁目,10119950.52465042,1,26.195107039545434,多摩川
大田区|羽田空港3丁目,10119950.52465042,1,52.39049051867262,多摩川
大田区|羽田空港3丁目,10119950.52465042,1,32.834436200129545,多摩川
大田区|羽田空港3丁目,10119950.52465042,1,78.57902887402663,多摩川
大田区|羽田空港3丁目,10119950.52465042,1,17.544935502328205,多摩川
大田区|羽田空港3丁目,10119950.52465042,1,21.038445431324863,多摩川
大田区|羽田空港3丁目,10119950.52465042,1,1.3524953409323417,多摩川
大田区|羽田空港3丁目,10119950.52465042,1,26.194958423935752,多摩川
大田区|羽田空港3丁目,10119950.52465042,1,26.188618746093645,多摩川
大田区|羽田空港3丁目,10119950.52465042,1,392.8763913070957,多摩川
大田区|羽田空港3丁目,10119950.52465042,1,26.129345938350486,多摩川
大田区|羽田空港3丁目,10119950.52465042,2,288.1636529003712,多摩川
大田区|羽田空港3丁目,10119950.52465042,2,11.814387013474834,多摩川
大田区|羽田空港3丁目,10119950.52465042,2,20.954139869316542,多摩川
大田区|羽田空港3丁目,10119950.52465042,2,1545.5167871526862,多摩川
大田区|羽田空港3丁目,10119950.52465042,2,864.4227961825171,多摩川
大田区|羽田空港3丁目,10119950.52465042,2,812.0225397898353,多摩川
大田区|羽田空港3丁目,10119950.52465042,2,26.196599168448707,多摩川
大田区|羽田空港3丁目,10119950.52465042,2,26.196372147021627,多摩川
大田区|羽田空港3丁目,10119950.52465042,2,26.189978724298683,多摩川
大田区|羽田空港3丁目,10119950.52465042,2,26.19623864142649,多摩川
大田区|羽田空港3丁目,10119950.52465042,2,63.704632202404476,多摩川
大田区|羽田空港3丁目,10119950.52465042,2,1047.7141579784388,多摩川
大田区|羽田空港3丁目,10119950.52465042,2,130.96471234301546,多摩川
大田区|羽田空港3丁目,10119950.52465042,2,25.09840213183422,多摩川
大田区|羽田空港3丁目,10119950.52465042,2,13811.109139270673,多摩川
大田区|羽田空港3丁目,10119950.52465042,2,52.38439078374992,多摩川
大田区|羽田空港3丁目,10119950.52465042,2,26.188136655145158,多摩川
大田区|羽田空港3丁目,10119950.52465042,2,26.194409471109143,多摩川
大田区|羽田空港3丁目,10119950.52465042,2,26.18877835378016,多摩川
大田区|羽田空港3丁目,10119950.52465042,2,26.195412222725352,多摩川
大田区|羽田空港3丁目,10119950.52465042,2,26.18909908023331,多摩川
大田区|羽田空港3丁目,10119950.52465042,2,26.18805659065717,多摩川
大田区|羽田空港3丁目,10119950.52465042,2,26.194315981361548,多摩川
大田区|羽田空港3丁目,10119950.52465042,2,52.382492758754644,多摩川
大田区|羽田空港3丁目,10119950.52465042,2,26.194169124706306,多摩川
大田区|羽田空港3丁目,10119950.52465042,3,29.00759313990941,多摩川
大田区|羽田空港3丁目,10119950.52465042,3,21.51723492607744,多摩川
大田区|羽田空港3丁目,10119950.52465042,3,26.08607096047564,多摩川
大田区|羽田空港3丁目,10119950.52465042,3,26.195398841086124,多摩川
大田区|羽田空港3丁目,10119950.52465042,3,26.189099112907556,多摩川
大田区|羽田空港3丁目,10119950.52465042,4,364.9789707883802,多摩川
大田区|萩中1丁目,162715.26838087285,2,162715.2683808728,多摩川
大田区|萩中2丁目,130611.65457982024,2,130611.65457982032,多摩川
大田区|萩中3丁目,226241.26288156692,1,445.28859317776323,多摩川
大田区|萩中3丁目,226241.26288156692,2,225665.0040563226,多摩川
大田区|東六郷1丁目,156902.68294038926,2,156902.68294038932,多摩川
大田区|東六郷2丁目,164470.4168987127,2,160533.93072811526,多摩川
大田区|東六郷2丁目,164470.4168987127,3,2502.7661673426187,多摩川
大田区|東六郷2丁目,164470.4168987127,3,26.195487655382117,多摩川
大田区|東六郷2丁目,164470.4168987127,3,130.96513401234898,多摩川
大田区|東六郷2丁目,164470.4168987127,3,25.43657811462665,多摩川
大田区|東六郷2丁目,164470.4168987127,3,44.123067779671175,多摩川
大田区|東六郷2丁目,164470.4168987127,3,21.24514465453583,多摩川
大田区|東六郷2丁目,164470.4168987127,3,26.19625231119085,多摩川
大田区|東六郷2丁目,164470.4168987127,3,26.196454191416407,多摩川
大田区|東六郷2丁目,164470.4168987127,3,785.8388826374072,多摩川
大田区|東六郷2丁目,164470.4168987127,3,26.19015526426501,多摩川
大田区|東六郷2丁目,164470.4168987127,3,26.19641539323288,多摩川
大田区|東六郷2丁目,164470.4168987127,3,78.57730702172965,多摩川
大田区|東六郷2丁目,164470.4168987127,3,26.196455733095398,多摩川
大田区|東六郷2丁目,164470.4168987127,3,26.190155656456678,多摩川
大田区|東六郷2丁目,164470.4168987127,3,26.196428844545466,多摩川
大田区|東六郷2丁目,164470.4168987127,3,52.38695516191995,多摩川
大田区|東六郷2丁目,164470.4168987127,3,7.006484811518407,多摩川
大田区|東六郷2丁目,164470.4168987127,3,26.190036903218704,多摩川
大田区|東六郷2丁目,164470.4168987127,3,52.39260710822403,多摩川
大田区|東六郷3丁目,182135.12541329133,2,69582.29838262776,多摩川
大田区|東六郷3丁目,182135.12541329133,2,43.6280630926872,多摩川
大田区|東六郷3丁目,182135.12541329133,2,261.95061544417433,多摩川
大田区|東六郷3丁目,182135.12541329133,2,78.58472638075534,多摩川
大田区|東六郷3丁目,182135.12541329133,2,235.75370644141123,多摩川
大田区|東六郷3丁目,182135.12541329133,2,26.197057948149293,多摩川
大田区|東六郷3丁目,182135.12541329133,2,183.37105047410628,多摩川
大田区|東六郷3丁目,182135.12541329133,2,52.39390315226703,多摩川
大田区|東六郷3丁目,182135.12541329133,2,104.78140616383561,多摩川
大田区|東六郷3丁目,182135.12541329133,2,26.197361656692827,多摩川
大田区|東六郷3丁目,182135.12541329133,2,26.19713879508876,多摩川
大田区|東六郷3丁目,182135.12541329133,2,78.58528976626195,多摩川
大田区|東六郷3丁目,182135.12541329133,2,52.05231954297075,多摩川
大田区|東六郷3丁目,182135.12541329133,2,26.19075890137879,多摩川
大田区|東六郷3丁目,182135.12541329133,2,52.388299039422286,多摩川
大田区|東六郷3丁目,182135.12541329133,2,52.38837939504023,多摩川
大田区|東六郷3丁目,182135.12541329133,2,26.19701917246283,多摩川
大田区|東六郷3丁目,182135.12541329133,2,26.19703247832045,多摩川
大田区|東六郷3丁目,182135.12541329133,2,157.17386936532705,多摩川
大田区|東六郷3丁目,182135.12541329133,2,130.9598879186173,多摩川
大田区|東六郷3丁目,182135.12541329133,2,26.191242064477592,多摩川
大田区|東六郷3丁目,182135.12541329133,2,104.77129152998155,多摩川
大田区|東六郷3丁目,182135.12541329133,2,52.38916582511211,多摩川
大田区|東六郷3丁目,182135.12541329133,2,183.3721164794623,多摩川
大田区|東六郷3丁目,182135.12541329133,2,26.197716620411164,多摩川
大田区|東六郷3丁目,182135.12541329133,2,52.39071024577094,多摩川
大田区|東六郷3丁目,182135.12541329133,2,78.58930604801337,多摩川
大田区|東六郷3丁目,182135.12541329133,2,995.502135941097,多摩川
大田区|東六郷3丁目,182135.12541329133,2,52.39527370249374,多摩川
大田区|東六郷3丁目,182135.12541329133,2,183.37926741337415,多摩川
大田区|東六郷3丁目,182135.12541329133,2,183.364681501448,多摩川
大田区|東六郷3丁目,182135.12541329133,2,26.1916052848416,多摩川
大田区|東六郷3丁目,182135.12541329133,3,95000.52132213154,多摩川
大田区|東六郷3丁目,182135.12541329133,3,26.196697190752786,多摩川
大田区|東六郷3丁目,182135.12541329133,3,26.196670604494035,多摩川
大田区|東六郷3丁目,182135.12541329133,3,26.19035733430157,多摩川
大田区|東六郷3丁目,182135.12541329133,3,26.196898222432736,多摩川
大田区|東六郷3丁目,182135.12541329133,3,1881.609929001127,多摩川
大田区|東六郷3丁目,182135.12541329133,3,157.16713576018327,多摩川
大田区|東六郷3丁目,182135.12541329133,3,78.57749491493585,多摩川
大田区|東六郷3丁目,182135.12541329133,3,26.196658189919262,多摩川
大田区|東六郷3丁目,182135.12541329133,3,26.19671165852131,多摩川
大田区|東六郷3丁目,182135.12541329133,3,26.196658738093358,多摩川
大田区|東六郷3丁目,182135.12541329133,3,52.394300049194335,多摩川
大田区|東六郷3丁目,182135.12541329133,3,52.38707106623345,多摩川
大田区|東六郷3丁目,182135.12541329133,3,7.387489037611456,多摩川
大田区|東六郷3丁目,182135.12541329133,3,104.7765759441242,多摩川
大田区|東六郷3丁目,182135.12541329133,3,26.191209894140073,多摩川
大田区|東六郷3丁目,182135.12541329133,3,26.197260720023543,多摩川
大田区|東六郷3丁目,182135.12541329133,3,26.190960422402426,多摩川
大田区|東六郷3丁目,182135.12541329133,3,26.197073845543812,多摩川
大田区|東六郷3丁目,182135.12541329133,3,26.19076087412639,多摩川
大田区|東六郷3丁目,182135.12541329133,3,2364.442571691438,多摩川
大田区|東六郷3丁目,182135.12541329133,3,26.197362886000484,多摩川
大田区|東六郷3丁目,182135.12541329133,3,2.268220746602644,多摩川
大田区|東六郷3丁目,182135.12541329133,3,13.243045733303704,多摩川
大田区|東六郷3丁目,182135.12541329133,3,209.5703896908376,多摩川
大田区|東六郷3丁目,182135.12541329133,3,52.38486430876074,多摩川
大田区|東六郷3丁目,182135.12541329133,3,26.198601556598156,多摩川
大田区|東六郷3丁目,182135.12541329133,3,78.59538674664259,多摩川
大田区|東六郷3丁目,182135.12541329133,3,26.192087597272646,多摩川
大田区|東六郷3丁目,182135.12541329133,3,104.7753636996857,多摩川
大田区|東六郷3丁目,182135.12541329133,3,26.198508215297565,多摩川
大田区|東六郷3丁目,182135.12541329133,3,764.0233385299589,多摩川
大田区|西六郷1丁目,285609.09591446305,1,130.9623928875602,多摩川
大田区|西六郷1丁目,285609.09591446305,1,340.49982134515494,多摩川
大田区|西六郷1丁目,285609.09591446305,1,78.57514830567277,多摩川
大田区|西六郷1丁目,285609.09591446305,1,78.57478348254362,多摩川
大田区|西六郷1丁目,285609.09591446305,1,26.187447536068966,多摩川
大田区|西六郷1丁目,285609.09591446305,1,4.228307730323596,多摩川
大田区|西六郷1丁目,285609.09591446305,1,26.19484694803036,多摩川
大田区|西六郷1丁目,285609.09591446305,1,52.383188643350806,多摩川
大田区|西六郷1丁目,285609.09591446305,1,26.194767071191727,多摩川
大田区|西六郷1丁目,285609.09591446305,1,26.188244655464096,多摩川
大田区|西六郷1丁目,285609.09591446305,1,26.188254391205216,多摩川
大田区|西六郷1丁目,285609.09591446305,2,277940.31690288143,多摩川
大田区|西六郷2丁目,240128.80970543472,1,21.960337148991897,多摩川
大田区|西六郷2丁目,240128.80970543472,1,183.3467105788797,多摩川
大田区|西六郷2丁目,240128.80970543472,1,52.383990537705984,多摩川
大田区|西六郷2丁目,240128.80970543472,1,26.195595639797965,多摩川
大田区|西六郷2丁目,240128.80970543472,1,26.19567594402429,多摩川
大田区|西六郷2丁目,240128.80970543472,1,26.19572950769261,多摩川
大田区|西六郷2丁目,240128.80970543472,1,26.189093344697483,多摩川
大田区|西六郷2丁目,240128.80970543472,1,26.19566729866785,多摩川
大田区|西六郷2丁目,240128.80970543472,1,26.18960861062377,多摩川
大田区|西六郷2丁目,240128.80970543472,1,26.1898095594361,多摩川
大田区|西六郷2丁目,240128.80970543472,1,26.189455029719454,多摩川
大田区|西六郷2丁目,240128.80970543472,1,26.189849748057846,多摩川
大田区|西六郷2丁目,240128.80970543472,2,221201.1297035308,多摩川
大田区|西六郷2丁目,240128.80970543472,2,52.38396264293423,多摩川
大田区|西六郷2丁目,240128.80970543472,2,157.1582645051248,多摩川
大田区|西六郷2丁目,240128.80970543472,2,104.77442311505784,多摩川
大田区|西六郷2丁目,240128.80970543472,2,29.094592415008314,多摩川
大田区|西六郷2丁目,240128.80970543472,3,234.0876061447916,多摩川
大田区|西六郷2丁目,240128.80970543472,3,26.195916721978527,多摩川
大田区|西六郷2丁目,240128.80970543472,3,183.36557048693905,多摩川
大田区|西六郷2丁目,240128.80970543472,3,26.196126944074756,多摩川
大田区|西六郷2丁目,240128.80970543472,3,24.256876483251723,多摩川
大田区|西六郷2丁目,240128.80970543472,3,26.195643757417805,多摩川
大田区|西六郷2丁目,240128.80970543472,3,313.34272374361103,多摩川
大田区|西六郷2丁目,240128.80970543472,3,26.155444805708733,多摩川
大田区|西六郷2丁目,240128.80970543472,3,157.1591941819413,多摩川
大田区|西六郷2丁目,240128.80970543472,3,6076.8264112791785,多摩川
大田区|西六郷2丁目,240128.80970543472,3,209.54458060705153,多摩川
大田区|西六郷2丁目,240128.80970543472,3,52.39075776669249,多摩川
大田区|西六郷2丁目,240128.80970543472,3,52.39092896832101,多摩川
大田区|西六郷2丁目,240128.80970543472,3,26.195745574452125,多摩川
大田区|西六郷2丁目,240128.80970543472,3,25.88170961046771,多摩川
大田区|西六郷2丁目,240128.80970543472,3,78.56915002966674,多摩川
大田区|西六郷2丁目,240128.80970543472,3,892.974667687375,多摩川
大田区|西六郷2丁目,240128.80970543472,3,78.58196982318842,多摩川
大田区|西六郷2丁目,240128.80970543472,3,26.19606832782499,多摩川
大田区|西六郷3丁目,173811.87703056232,1,52.38624072216804,多摩川
大田区|西六郷3丁目,173811.87703056232,1,26.19631056701801,多摩川
大田区|西六郷3丁目,173811.87703056232,1,392.9153030173028,多摩川
大田区|西六郷3丁目,173811.87703056232,1,52.393165816337415,多摩川
大田区|西六郷3丁目,173811.87703056232,1,26.190412455828223,多摩川
大田区|西六郷3丁目,173811.87703056232,1,52.38704458559326,多摩川
大田区|西六郷3丁目,173811.87703056232,1,15.984776413063283,多摩川
大田区|西六郷3丁目,173811.87703056232,2,58546.68259755655,多摩川
大田区|西六郷3丁目,173811.87703056232,2,1047.7768196228342,多摩川
大田区|西六郷3丁目,173811.87703056232,2,26.190846532374714,多摩川
大田区|西六郷3丁目,173811.87703056232,2,890.624098549166,多摩川
大田区|西六郷3丁目,173811.87703056232,2,78.59083647170874,多摩川
大田区|西六郷3丁目,173811.87703056232,2,26.19666690772589,多摩川
大田区|西六郷3丁目,173811.87703056232,2,78.57146091469247,多摩川
大田区|西六郷3丁目,173811.87703056232,2,157.16887045865354,多摩川
大田区|西六郷3丁目,173811.87703056232,2,340.5419384408138,多摩川
大田区|西六郷3丁目,173811.87703056232,2,78.58523316031203,多摩川
大田区|西六郷3丁目,173811.87703056232,2,52.38073443754549,多摩川
大田区|西六郷3丁目,173811.87703056232,2,1126.3601804596758,多摩川
大田区|西六郷3丁目,173811.87703056232,2,995.4071980111715,多摩川
大田区|西六郷3丁目,173811.87703056232,2,261.94547375022887,多摩川
大田区|西六郷3丁目,173811.87703056232,2,26.197278165878345,多摩川
大田区|西六郷3丁目,173811.87703056232,2,26.19658767983822,多摩川
大田区|西六郷3丁目,173811.87703056232,2,26.19040803259372,多摩川
大田区|西六郷3丁目,173811.87703056232,2,52.39418773742034,多摩川
大田区|西六郷3丁目,173811.87703056232,2,4164.935014382782,多摩川
大田区|西六郷3丁目,173811.87703056232,2,104.78814380768131,多摩川
大田区|西六郷3丁目,173811.87703056232,2,26.190488902619826,多摩川
大田区|西六郷3丁目,173811.87703056232,2,392.91644231801337,多摩川
大田区|西六郷3丁目,173811.87703056232,2,183.37364848373798,多摩川
大田区|西六郷3丁目,173811.87703056232,2,3218.9984364345523,多摩川
大田区|西六郷3丁目,173811.87703056232,2,1676.4512968314432,多摩川
大田区|西六郷3丁目,173811.87703056232,2,26.196763444201586,多摩川
大田区|西六郷3丁目,173811.87703056232,2,576.2999173720017,多摩川
大田区|西六郷3丁目,173811.87703056232,2,26.196990821445294,多摩川
大田区|西六郷3丁目,173811.87703056232,2,78.58984226195032,多摩川
大田区|西六郷3丁目,173811.87703056232,2,104.77441574463593,多摩川
大田区|西六郷3丁目,173811.87703056232,2,26.19716105211576,多摩川
大田区|西六郷3丁目,173811.87703056232,2,419.10361964521707,多摩川
大田区|西六郷3丁目,173811.87703056232,2,52.386801541665946,多摩川
大田区|西六郷3丁目,173811.87703056232,2,288.12618625275644,多摩川
大田区|西六郷3丁目,173811.87703056232,2,1309.734325776086,多摩川
大田区|西六郷3丁目,173811.87703056232,2,52.39359560708265,多摩川
大田区|西六郷3丁目,173811.87703056232,2,26.19069168711303,多摩川
大田区|西六郷3丁目,173811.87703056232,2,209.55845402923939,多摩川
大田区|西六郷3丁目,173811.87703056232,2,78.58314437937962,多摩川
大田区|西六郷3丁目,173811.87703056232,2,209.5565507146311,多摩川
大田区|西六郷3丁目,173811.87703056232,2,78.58321632785511,多摩川
大田区|西六郷3丁目,173811.87703056232,2,52.392795272493025,多摩川
大田区|西六郷3丁目,173811.87703056232,2,26.190091210083622,多摩川
大田区|西六郷3丁目,173811.87703056232,2,78.58345751868346,多摩川
大田区|西六郷3丁目,173811.87703056232,2,78.58333690744719,多摩川
大田区|西六郷3丁目,173811.87703056232,2,785.8546013396907,多摩川
大田区|西六郷3丁目,173811.87703056232,2,26.1968455543396,多摩川
大田区|西六郷3丁目,173811.87703056232,2,740.6703909073755,多摩川
大田区|西六郷3丁目,173811.87703056232,2,209.54850758704492,多摩川
大田区|西六郷3丁目,173811.87703056232,3,85183.64963065565,多摩川
大田区|西六郷3丁目,173811.87703056232,3,26.196865283273823,多摩川
大田区|西六郷3丁目,173811.87703056232,3,78.58402620020208,多摩川
大田区|西六郷3丁目,173811.87703056232,3,52.39325268954788,多摩川
大田区|西六郷3丁目,173811.87703056232,3,104.77400832744678,多摩川
大田区|西六郷3丁目,173811.87703056232,3,26.196848154372116,多摩川
大田区|西六郷3丁目,173811.87703056232,3,1.9394377506168152,多摩川
大田区|西六郷3丁目,173811.87703056232,3,26.190326063694897,多摩川
大田区|西六郷3丁目,173811.87703056232,3,26.19667994392934,多摩川
大田区|西六郷3丁目,173811.87703056232,3,105.772062815136,多摩川
大田区|西六郷3丁目,173811.87703056232,3,0.040990686362939496,多摩川
大田区|西六郷3丁目,173811.87703056232,3,52.38655328645483,多摩川
大田区|西六郷3丁目,173811.87703056232,3,104.78580835692982,多摩川
大田区|西六郷3丁目,173811.87703056232,3,288.13079124729165,多摩川
大田区|西六郷3丁目,173811.87703056232,3,26.511176416468945,多摩川
大田区|西六郷3丁目,173811.87703056232,3,26.19623997388755,多摩川
大田区|西六郷3丁目,173811.87703056232,3,340.52475732258074,多摩川
大田区|西六郷3丁目,173811.87703056232,3,26.190168000041513,多摩川
大田区|西六郷3丁目,173811.87703056232,3,1647.883919776838,多摩川
大田区|西六郷3丁目,173811.87703056232,3,52.38686862285115,多摩川
大田区|西六郷3丁目,173811.87703056232,3,26.190088383937074,多摩川
大田区|西六郷3丁目,173811.87703056232,3,26.196749376236795,多摩川
大田区|西六郷3丁目,173811.87703056232,3,26.196348884529783,多摩川
大田区|西六郷3丁目,173811.87703056232,3,26.190009200272055,多摩川
大田区|西六郷3丁目,173811.87703056232,3,26.1897748244417,多摩川
大田区|西六郷3丁目,173811.87703056232,3,26.190409955156245,多摩川
大田区|西六郷3丁目,173811.87703056232,3,209.56129825581084,多摩川
大田区|西六郷3丁目,173811.87703056232,3,26.196832863691938,多摩川
大田区|西六郷3丁目,173811.87703056232,3,157.1678684644398,多摩川
大田区|西六郷3丁目,173811.87703056232,3,26.190492305227828,多摩川
大田区|西六郷4丁目,218339.59417543642,1,2.1456427617393223,多摩川
大田区|西六郷4丁目,218339.59417543642,1,5.198907922014182,多摩川
大田区|西六郷4丁目,218339.59417543642,1,2.4027262262923816,多摩川
大田区|西六郷4丁目,218339.59417543642,1,62.59951693373849,多摩川
大田区|西六郷4丁目,218339.59417543642,1,78.58571647305357,多摩川
大田区|西六郷4丁目,218339.59417543642,2,2371.1591774640174,多摩川
大田区|西六郷4丁目,218339.59417543642,2,890.6387278375165,多摩川
大田区|西六郷4丁目,218339.59417543642,2,16.122134093025032,多摩川
大田区|西六郷4丁目,218339.59417543642,2,75.71477465011199,多摩川
大田区|西六郷4丁目,218339.59417543642,2,19.413988605557805,多摩川
大田区|西六郷4丁目,218339.59417543642,2,68.81502449969253,多摩川
大田区|西六郷4丁目,218339.59417543642,2,995.4271044414498,多摩川
大田区|西六郷4丁目,218339.59417543642,2,26.19181918231061,多摩川
大田区|西六郷4丁目,218339.59417543642,2,78.59365035710682,多摩川
大田区|西六郷4丁目,218339.59417543642,2,157.1812277328232,多摩川
大田区|西六郷4丁目,218339.59417543642,2,26.198133393261458,多摩川
大田区|西六郷4丁目,218339.59417543642,2,26.197844254806167,多摩川
大田区|西六郷4丁目,218339.59417543642,2,0.20118387617728414,多摩川
大田区|西六郷4丁目,218339.59417543642,2,52.38813210796615,多摩川
大田区|西六郷4丁目,218339.59417543642,2,78.59239267352089,多摩川
大田区|西六郷4丁目,218339.59417543642,2,26.197530168083286,多摩川
大田区|西六郷4丁目,218339.59417543642,2,104.78336361136627,多摩川
大田区|西六郷4丁目,218339.59417543642,2,78.57915375331856,多摩川
大田区|西六郷4丁目,218339.59417543642,2,78.58533724259058,多摩川
大田区|西六郷4丁目,218339.59417543642,2,26.19796558777862,多摩川
大田区|西六郷4丁目,218339.59417543642,2,26.197912203205384,多摩川
大田区|西六郷4丁目,218339.59417543642,2,26.197972009970925,多摩川
大田区|西六郷4丁目,218339.59417543642,2,26.198273076499326,多摩川
大田区|西六郷4丁目,218339.59417543642,2,13124.292130553495,多摩川
大田区|西六郷4丁目,218339.59417543642,2,157.1720279466194,多摩川
大田区|西六郷4丁目,218339.59417543642,2,26.19133174359543,多摩川
大田区|西六郷4丁目,218339.59417543642,2,78.59225978399347,多摩川
大田区|西六郷4丁目,218339.59417543642,2,52.394489097655644,多摩川
大田区|西六郷4丁目,218339.59417543642,2,104.77670129747463,多摩川
大田区|西六郷4丁目,218339.59417543642,2,26.197311597168458,多摩川
大田区|西六郷4丁目,218339.59417543642,2,209.5599346477802,多摩川
大田区|西六郷4丁目,218339.59417543642,2,26.19751214839294,多摩川
大田区|西六郷4丁目,218339.59417543642,2,445.33484468936956,多摩川
大田区|西六郷4丁目,218339.59417543642,2,602.4922617756905,多摩川
大田区|西六郷4丁目,218339.59417543642,2,523.9154364650094,多摩川
大田区|西六郷4丁目,218339.59417543642,2,26.191132097518075,多摩川
大田区|西六郷4丁目,218339.59417543642,2,26.191774009977998,多摩川
大田区|西六郷4丁目,218339.59417543642,2,26.191773759863953,多摩川
大田区|西六郷4丁目,218339.59417543642,2,26.198257099809293,多摩川
大田区|西六郷4丁目,218339.59417543642,2,26.19824432054567,多摩川
大田区|西六郷4丁目,218339.59417543642,2,392.928212288186,多摩川
大田区|西六郷4丁目,218339.59417543642,2,1459.689884654622,多摩川
大田区|西六郷4丁目,218339.59417543642,2,157.1768962367743,多摩川
大田区|西六郷4丁目,218339.59417543642,2,26.19720671555591,多摩川
大田区|西六郷4丁目,218339.59417543642,2,157.1655076950004,多摩川
大田区|西六郷4丁目,218339.59417543642,2,235.7684436788765,多摩川
大田区|西六郷4丁目,218339.59417543642,2,183.36857604470922,多摩川
大田区|西六郷4丁目,218339.59417543642,2,52.394303910862774,多摩川
大田区|西六郷4丁目,218339.59417543642,2,235.76818958957773,多摩川
大田区|西六郷4丁目,218339.59417543642,2,104.78534200651362,多摩川
大田区|西六郷4丁目,218339.59417543642,2,523.8950403877234,多摩川
大田区|西六郷4丁目,218339.59417543642,2,157.17426230554491,多摩川
大田区|西六郷4丁目,218339.59417543642,3,171556.18406638983,多摩川
大田区|西六郷4丁目,218339.59417543642,3,26.191811306316954,多摩川
大田区|西六郷4丁目,218339.59417543642,3,26.19855415233906,多摩川
大田区|西六郷4丁目,218339.59417543642,3,235.76709355985795,多摩川
大田区|西六郷4丁目,218339.59417543642,3,26.198434770273508,多摩川
大田区|西六郷4丁目,218339.59417543642,3,104.7809907988042,多摩川
大田区|南六郷1丁目,205747.73887242025,1,52.39427837273288,多摩川
大田区|南六郷1丁目,205747.73887242025,1,26.197416667586815,多摩川
大田区|南六郷1丁目,205747.73887242025,2,164981.1584993131,多摩川
大田区|南六郷1丁目,205747.73887242025,2,26.19673669150275,多摩川
大田区|南六郷1丁目,205747.73887242025,2,4164.954522978486,多摩川
大田区|南六郷1丁目,205747.73887242025,2,2409.918317182374,多摩川
大田区|南六郷1丁目,205747.73887242025,2,130.97364507207308,多摩川
大田区|南六郷1丁目,205747.73887242025,2,26.1970071286269,多摩川
大田区|南六郷1丁目,205747.73887242025,2,26.196966789196043,多摩川
大田区|南六郷1丁目,205747.73887242025,2,26.190787008471347,多摩川
大田区|南六郷1丁目,205747.73887242025,2,26.197060523885654,多摩川
大田区|南六郷1丁目,205747.73887242025,2,26.19714066615316,多摩川
大田区|南六郷1丁目,205747.73887242025,2,288.1427155442638,多摩川
大田区|南六郷1丁目,205747.73887242025,2,26.190707185212332,多摩川
大田区|南六郷1丁目,205747.73887242025,2,209.55782838731548,多摩川
大田区|南六郷1丁目,205747.73887242025,2,1.3657964554563424,多摩川
大田区|南六郷1丁目,205747.73887242025,3,26013.726053684837,多摩川
大田区|南六郷1丁目,205747.73887242025,3,73.1251716253171,多摩川
大田区|南六郷1丁目,205747.73887242025,3,195.21593605141962,多摩川
大田区|南六郷1丁目,205747.73887242025,3,26.190623904683733,多摩川
大田区|南六郷1丁目,205747.73887242025,3,157.15700415181513,多摩川
大田区|南六郷1丁目,205747.73887242025,3,23.56757446142441,多摩川
大田区|南六郷1丁目,205747.73887242025,3,1.4724936864719869,多摩川
大田区|南六郷1丁目,205747.73887242025,3,76.25813851804284,多摩川
大田区|南六郷1丁目,205747.73887242025,3,26.196523561618058,多摩川
大田区|南六郷1丁目,205747.73887242025,3,26.19022345499758,多摩川
大田区|南六郷1丁目,205747.73887242025,3,52.380527780382295,多摩川
大田区|南六郷1丁目,205747.73887242025,3,52.39371654779194,多摩川
大田区|南六郷1丁目,205747.73887242025,3,26.196925010677788,多摩川
大田区|南六郷1丁目,205747.73887242025,3,26.196884975561765,多摩川
大田区|南六郷1丁目,205747.73887242025,3,26.190915699759746,多摩川
大田区|南六郷1丁目,205747.73887242025,3,26.197296046606674,多摩川
大田区|南六郷2丁目,255340.00143837676,1,26.19734259703054,多摩川
大田区|南六郷2丁目,255340.00143837676,1,26.19741018948573,多摩川
大田区|南六郷2丁目,255340.00143837676,1,26.191393236029285,多摩川
大田区|南六郷2丁目,255340.00143837676,2,105295.72079417272,多摩川
大田区|南六郷2丁目,255340.00143837676,2,24.825191712901262,多摩川
大田区|南六郷2丁目,255340.00143837676,2,235.74996899105147,多摩川
大田区|南六郷2丁目,255340.00143837676,2,392.934511040119,多摩川
大田区|南六郷2丁目,255340.00143837676,2,26.190674192059767,多摩川
大田区|南六郷2丁目,255340.00143837676,2,340.5394926105804,多摩川
大田区|南六郷2丁目,255340.00143837676,2,104.78892682934286,多摩川
大田区|南六郷2丁目,255340.00143837676,2,6679.756972096859,多摩川
大田区|南六郷2丁目,255340.00143837676,2,130.97466051469917,多摩川
大田区|南六郷2丁目,255340.00143837676,2,26.197192597330194,多摩川
大田区|南六郷2丁目,255340.00143837676,2,26.19694306798268,多摩川
大田区|南六郷2丁目,255340.00143837676,2,183.3572620960838,多摩川
大田区|南六郷2丁目,255340.00143837676,2,26.19071035358475,多摩川
大田区|南六郷2丁目,255340.00143837676,2,26.196983673869354,多摩川
大田区|南六郷2丁目,255340.00143837676,2,26.19095990998718,多摩川
大田区|南六郷2丁目,255340.00143837676,2,392.93832569113096,多摩川
大田区|南六郷2丁目,255340.00143837676,2,1414.5179728779765,多摩川
大田区|南六郷2丁目,255340.00143837676,2,26.197220229034826,多摩川
大田区|南六郷2丁目,255340.00143837676,2,26.197050684947143,多摩川
大田区|南六郷2丁目,255340.00143837676,2,26.19702415184706,多摩川
大田区|南六郷2丁目,255340.00143837676,2,26.197384914876622,多摩川
大田区|南六郷2丁目,255340.00143837676,2,52.386011168240984,多摩川
大田区|南六郷2丁目,255340.00143837676,2,654.8570334508338,多摩川
大田区|南六郷2丁目,255340.00143837676,2,26.196663482843064,多摩川
大田区|南六郷2丁目,255340.00143837676,2,26.19096044368295,多摩川
大田区|南六郷2丁目,255340.00143837676,2,26.197091164525578,多摩川
大田区|南六郷2丁目,255340.00143837676,2,864.4585435641192,多摩川
大田区|南六郷2丁目,255340.00143837676,2,366.74061499027437,多摩川
大田区|南六郷2丁目,255340.00143837676,2,104.77287431670379,多摩川
大田区|南六郷2丁目,255340.00143837676,2,183.36274563381602,多摩川
大田区|南六郷2丁目,255340.00143837676,2,52.38748231650498,多摩川
大田区|南六郷2丁目,255340.00143837676,2,52.38756266515863,多摩川
大田区|南六郷2丁目,255340.00143837676,2,26.197622205348132,多摩川
大田区|南六郷2丁目,255340.00143837676,2,1755.0328422518335,多摩川
大田区|南六郷2丁目,255340.00143837676,2,26.196700132077897,多摩川
大田区|南六郷2丁目,255340.00143837676,2,157.16944250852129,多摩川
大田区|南六郷2丁目,255340.00143837676,2,26.19127294081904,多摩川
大田区|南六郷2丁目,255340.00143837676,2,261.9455486522619,多摩川
大田区|南六郷2丁目,255340.00143837676,2,26.190721243560674,多摩川
大田区|南六郷2丁目,255340.00143837676,2,26.190712071769376,多摩川
大田区|南六郷2丁目,255340.00143837676,2,52.38764422237357,多摩川
大田区|南六郷2丁目,255340.00143837676,2,26.19096154911853,多摩川
大田区|南六郷2丁目,255340.00143837676,2,78.59343958778722,多摩川
大田区|南六郷2丁目,255340.00143837676,2,26.19641117422193,多摩川
大田区|南六郷2丁目,255340.00143837676,2,392.90584903093963,多摩川
大田区|南六郷2丁目,255340.00143837676,2,26.196571984142015,多摩川
大田区|南六郷2丁目,255340.00143837676,2,26.190593137275023,多摩川
大田区|南六郷2丁目,255340.00143837676,3,120970.96536210072,多摩川
大田区|南六郷2丁目,255340.00143837676,3,1178.7451655257948,多摩川
大田区|南六郷2丁目,255340.00143837676,3,26.189748739586324,多摩川
大田区|南六郷2丁目,255340.00143837676,3,26.197613110437814,多摩川
大田区|南六郷2丁目,255340.00143837676,3,104.77780394358201,多摩川
大田区|南六郷2丁目,255340.00143837676,3,52.379628507243076,多摩川
大田区|南六郷2丁目,255340.00143837676,3,52.3926737582692,多摩川
大田区|南六郷2丁目,255340.00143837676,3,78.58231348509474,多摩川
大田区|南六郷2丁目,255340.00143837676,3,209.55621842848316,多摩川
大田区|南六郷2丁目,255340.00143837676,3,26.196089889613816,多摩川
大田区|南六郷2丁目,255340.00143837676,3,157.15838399817048,多摩川
大田区|南六郷2丁目,255340.00143837676,3,26.18999070455653,多摩川
大田区|南六郷2丁目,255340.00143837676,3,130.9685603327908,多摩川
大田区|南六郷2丁目,255340.00143837676,3,26.19663479318595,多摩川
大田区|南六郷2丁目,255340.00143837676,3,0.7532935818249532,多摩川
大田区|南六郷2丁目,255340.00143837676,3,86.84607916633536,多摩川
大田区|南六郷2丁目,255340.00143837676,3,108.20455278901863,多摩川
大田区|南六郷2丁目,255340.00143837676,3,4.944847793979741,多摩川
大田区|南六郷2丁目,255340.00143837676,3,18.568076239873818,多摩川
大田区|南六郷3丁目,247027.37669544012,2,1966.1645956104087,多摩川
大田区|南六郷3丁目,247027.37669544012,2,366.73682454370055,多摩川
大田区|南六郷3丁目,247027.37669544012,2,261.9596968353188,多摩川
大田区|南六郷3丁目,247027.37669544012,2,209.55199226972834,多摩川
大田区|南六郷3丁目,247027.37669544012,2,419.12999967792763,多摩川
大田区|南六郷3丁目,247027.37669544012,2,52.3871664756661,多摩川
大田区|南六郷3丁目,247027.37669544012,2,26.1971032094813,多摩川
大田区|南六郷3丁目,247027.37669544012,2,14747.696784530472,多摩川
大田区|南六郷3丁目,247027.37669544012,2,995.4001865907875,多摩川
大田区|南六郷3丁目,247027.37669544012,2,183.36652865789122,多摩川
大田区|南六郷3丁目,247027.37669544012,2,78.59352297178872,多摩川
大田区|南六郷3丁目,247027.37669544012,2,26.196493677487176,多摩川
大田区|南六郷3丁目,247027.37669544012,2,52.38829215094253,多摩川
大田区|南六郷3丁目,247027.37669544012,2,104.77367545996827,多摩川
大田区|南六郷3丁目,247027.37669544012,2,26.196829015418643,多摩川
大田区|南六郷3丁目,247027.37669544012,2,52.3884539558676,多摩川
大田区|南六郷3丁目,247027.37669544012,2,26.197907627569016,多摩川
大田区|南六郷3丁目,247027.37669544012,2,943.0288709349418,多摩川
大田区|南六郷3丁目,247027.37669544012,2,5212.938170047444,多摩川
大田区|南六郷3丁目,247027.37669544012,2,24344.958204626426,多摩川
大田区|南六郷3丁目,247027.37669544012,2,26.196911976527215,多摩川
大田区|南六郷3丁目,247027.37669544012,2,26.1909663001641,多摩川
大田区|南六郷3丁目,247027.37669544012,2,26.190756619231045,多摩川
大田区|南六郷3丁目,247027.37669544012,2,157.17035032379343,多摩川
大田区|南六郷3丁目,247027.37669544012,2,26.197400198915403,多摩川
大田区|南六郷3丁目,247027.37669544012,2,26.191037381645906,多摩川
大田区|南六郷3丁目,247027.37669544012,2,26.19737766564665,多摩川
大田区|南六郷3丁目,247027.37669544012,2,52.38947113366743,多摩川
大田区|南六郷3丁目,247027.37669544012,2,183.35519896529337,多摩川
大田区|南六郷3丁目,247027.37669544012,2,52.38183521143907,多摩川
大田区|南六郷3丁目,247027.37669544012,2,26.19140770509934,多摩川
大田区|南六郷3丁目,247027.37669544012,2,52.38292723020192,多摩川
大田区|南六郷3丁目,247027.37669544012,2,5501.130025129489,多摩川
大田区|南六郷3丁目,247027.37669544012,2,26.19727178218077,多摩川
大田区|南六郷3丁目,247027.37669544012,2,104.77706690758771,多摩川
大田区|南六郷3丁目,247027.37669544012,2,26.197231903341514,多摩川
大田区|南六郷3丁目,247027.37669544012,2,26.19723174481259,多摩川
大田区|南六郷3丁目,247027.37669544012,2,26.197419147838946,多摩川
大田区|南六郷3丁目,247027.37669544012,2,104.78355131647422,多摩川
大田区|南六郷3丁目,247027.37669544012,2,26.19743285635881,多摩川
大田区|南六郷3丁目,247027.37669544012,2,261.94953089226743,多摩川
大田区|南六郷3丁目,247027.37669544012,2,759.6783362825472,多摩川
大田区|南六郷3丁目,247027.37669544012,2,26.191360626385226,多摩川
大田区|南六郷3丁目,247027.37669544012,2,52.39631569861891,多摩川
大田区|南六郷3丁目,247027.37669544012,2,78.5877276335404,多摩川
大田区|南六郷3丁目,247027.37669544012,2,52.39564003793151,多摩川
大田区|南六郷3丁目,247027.37669544012,2,26.191811610255485,多摩川
大田区|南六郷3丁目,247027.37669544012,2,26.197601533614915,多摩川
大田区|南六郷3丁目,247027.37669544012,2,26.19221273927257,多摩川
大田区|南六郷3丁目,247027.37669544012,2,392.9385343107497,多摩川
大田区|南六郷3丁目,247027.37669544012,3,169919.9354459437,多摩川
大田区|南六郷3丁目,247027.37669544012,3,48.96227714690818,多摩川
大田区|南六郷3丁目,247027.37669544012,3,7.628390096616924,多摩川
大田区|南六郷3丁目,247027.37669544012,3,26.190362934957832,多摩川
大田区|南六郷3丁目,247027.37669544012,3,26.196654444138357,多摩川
大田区|南六郷3丁目,247027.37669544012,3,52.38751189980055,多摩川
大田区|南六郷3丁目,247027.37669544012,3,26.190755157653136,多摩川
大田区|南六郷3丁目,247027.37669544012,3,157.1758435850854,多摩川
大田区|南六郷3丁目,247027.37669544012,3,26.19673518975138,多摩川
大田区|南六郷3丁目,247027.37669544012,3,26.190675638121746,多摩川
大田区|南六郷3丁目,247027.37669544012,3,26.19713653100751,多摩川
大田区|南六郷3丁目,247027.37669544012,3,26.196869294559672,多摩川
大田区|南六郷3丁目,247027.37669544012,3,26.197145934432243,多摩川
大田区|南六郷3丁目,247027.37669544012,3,52.394206346782006,多摩川
大田区|南六郷3丁目,247027.37669544012,3,26.19757842616665,多摩川
大田区|南六郷3丁目,247027.37669544012,3,26.191478389521553,多摩川
大田区|南六郷3丁目,247027.37669544012,3,26.19783337517331,多摩川
大田区|南六郷3丁目,247027.37669544012,3,52.396234815187206,多摩川
大田区|南六郷3丁目,247027.37669544012,3,26.198234751542657,多摩川
大田区|南六郷3丁目,247027.37669544012,3,26.198101298792096,多摩川
大田区|南六郷3丁目,247027.37669544012,3,104.78676185258594,多摩川
大田区|南六郷3丁目,247027.37669544012,3,26.19852501825884,多摩川
大田区|南六郷3丁目,247027.37669544012,3,26.19196285337741,多摩川
大田区|南六郷3丁目,247027.37669544012,3,209.56885478240892,多摩川
大田区|南六郷3丁目,247027.37669544012,3,26.192083146049498,多摩川
大田区|仲六郷1丁目,211837.08430363008,2,211837.08430363008,多摩川
大田区|仲六郷2丁目,183006.23376918695,2,182980.0444526256,多摩川
大田区|仲六郷2丁目,183006.23376918695,3,26.189316561369377,多摩川
大田区|仲六郷3丁目,163263.85581749742,2,157536.93824656733,多摩川
大田区|仲六郷3丁目,163263.85581749742,2,0.3343176008151735,多摩川
大田区|仲六郷3丁目,163263.85581749742,2,26.19666106427868,多摩川
大田区|仲六郷3丁目,163263.85581749742,2,52.38030310746694,多摩川
大田区|仲六郷3丁目,163263.85581749742,3,573.6485474567291,多摩川
大田区|仲六郷3丁目,163263.85581749742,3,18.802950249838574,多摩川
大田区|仲六郷3丁目,163263.85581749742,3,26.196272509683396,多摩川
大田区|仲六郷3丁目,163263.85581749742,3,366.71586236996274,多摩川
大田区|仲六郷3丁目,163263.85581749742,3,26.19052042696709,多摩川
大田区|仲六郷3丁目,163263.85581749742,3,2750.4482258063094,多摩川
大田区|仲六郷3丁目,163263.85581749742,3,26.196553619191064,多摩川
大田区|仲六郷3丁目,163263.85581749742,3,654.8632767680004,多摩川
大田区|仲六郷3丁目,163263.85581749742,3,26.19615300190324,多摩川
大田区|仲六郷3丁目,163263.85581749742,3,288.14493102713914,多摩川
大田区|仲六郷3丁目,163263.85581749742,3,288.1398790074922,多摩川
大田区|仲六郷3丁目,163263.85581749742,3,52.38064268855839,多摩川
大田区|仲六郷3丁目,163263.85581749742,3,26.190361242482012,多摩川
大田区|仲六郷3丁目,163263.85581749742,3,26.19671494024285,多摩川
大田区|仲六郷3丁目,163263.85581749742,3,78.58257566112763,多摩川
大田区|仲六郷3丁目,163263.85581749742,3,26.196233867891713,多摩川
大田区|仲六郷3丁目,163263.85581749742,3,130.9825425637633,多摩川
大田区|仲六郷3丁目,163263.85581749742,3,26.196710911353136,多摩川
大田区|仲六郷3丁目,163263.85581749742,3,26.19032153035887,多摩川
大田区|仲六郷3丁目,163263.85581749742,3,26.190281356794483,多摩川
大田区|仲六郷3丁目,163263.85581749742,3,26.19036171558306,多摩川
大田区|仲六郷3丁目,163263.85581749742,3,26.19016164219694,多摩川
大田区|仲六郷3丁目,163263.85581749742,3,52.3867566286592,多摩川
大田区|仲六郷3丁目,163263.85581749742,3,26.1965818082236,多摩川
大田区|仲六郷3丁目,163263.85581749742,3,52.39287035699698,多摩川
大田区|仲六郷4丁目,169877.87319914383,1,888.4887818495037,多摩川
大田区|仲六郷4丁目,169877.87319914383,1,20.9983589499426,多摩川
大田区|仲六郷4丁目,169877.87319914383,1,26.197306827939272,多摩川
大田区|仲六郷4丁目,169877.87319914383,1,26.191086873030685,多摩川
大田区|仲六郷4丁目,169877.87319914383,1,23.788401093239315,多摩川
大田区|仲六郷4丁目,169877.87319914383,2,83617.44233050512,多摩川
大田区|仲六郷4丁目,169877.87319914383,2,26.191245624228984,多摩川
大田区|仲六郷4丁目,169877.87319914383,2,26.191455572762607,多摩川
大田区|仲六郷4丁目,169877.87319914383,2,52.38945676140484,多摩川
大田区|仲六郷4丁目,169877.87319914383,2,890.6339741815301,多摩川
大田区|仲六郷4丁目,169877.87319914383,2,26.19061166724567,多摩川
大田区|仲六郷4丁目,169877.87319914383,2,52.394639798778655,多摩川
大田区|仲六郷4丁目,169877.87319914383,2,26.197841257255355,多摩川
大田区|仲六郷4丁目,169877.87319914383,2,78.58645431334477,多摩川
大田区|仲六郷4丁目,169877.87319914383,2,78.58778603768532,多摩川
大田区|仲六郷4丁目,169877.87319914383,2,157.17906620028882,多摩川
大田区|仲六郷4丁目,169877.87319914383,2,10.068872769747188,多摩川
大田区|仲六郷4丁目,169877.87319914383,2,29.068880668177556,多摩川
大田区|仲六郷4丁目,169877.87319914383,2,6.777058438881857,多摩川
大田区|仲六郷4丁目,169877.87319914383,2,35.96224383640653,多摩川
大田区|仲六郷4丁目,169877.87319914383,2,78.5926123547778,多摩川
大田区|仲六郷4丁目,169877.87319914383,2,576.3108625299695,多摩川
大田区|仲六郷4丁目,169877.87319914383,2,26.197416306673496,多摩川
大田区|仲六郷4丁目,169877.87319914383,2,26.197808247974343,多摩川
大田区|仲六郷4丁目,169877.87319914383,2,78.58656474876712,多摩川
大田区|仲六郷4丁目,169877.87319914383,2,26.198359576161728,多摩川
大田区|仲六郷4丁目,169877.87319914383,2,52.39034298449424,多摩川
大田区|仲六郷4丁目,169877.87319914383,2,26.192179309720125,多摩川
大田区|仲六郷4丁目,169877.87319914383,2,52.39069134662695,多摩川
大田区|仲六郷4丁目,169877.87319914383,2,130.979529461835,多摩川
大田区|仲六郷4丁目,169877.87319914383,2,2698.0282345981523,多摩川
大田区|仲六郷4丁目,169877.87319914383,3,857.5623107064189,多摩川
大田区|仲六郷4丁目,169877.87319914383,3,23.922982845751598,多摩川
大田区|仲六郷4丁目,169877.87319914383,3,12.954431291867085,多摩川
大田区|仲六郷4丁目,169877.87319914383,3,64312.58618284465,多摩川
大田区|仲六郷4丁目,169877.87319914383,3,26.190925254597126,多摩川
大田区|仲六郷4丁目,169877.87319914383,3,78.59228752257486,多摩川
大田区|仲六郷4丁目,169877.87319914383,3,78.5945147589522,多摩川
大田区|仲六郷4丁目,169877.87319914383,3,52.38761882634985,多摩川
大田区|仲六郷4丁目,169877.87319914383,3,26.198148252521577,多摩川
大田区|仲六郷4丁目,169877.87319914383,3,7723.6755046465205,多摩川
大田区|下丸子1丁目,157196.94173477343,2,97642.36431429353,多摩川
大田区|下丸子1丁目,157196.94173477343,2,20521.24503757979,多摩川
大田区|下丸子1丁目,157196.94173477343,2,78.56204337535719,多摩川
大田区|下丸子1丁目,157196.94173477343,2,78.55730598833829,多摩川
大田区|下丸子1丁目,157196.94173477343,2,26.18932013654554,多摩川
大田区|下丸子1丁目,157196.94173477343,2,26.18855644018667,多摩川
大田区|下丸子1丁目,157196.94173477343,2,26.18885719839222,多摩川
大田区|下丸子1丁目,157196.94173477343,3,25472.735036649177,多摩川
大田区|下丸子1丁目,157196.94173477343,3,11858.378922855241,多摩川
大田区|下丸子1丁目,157196.94173477343,3,104.75719658287817,多摩川
大田区|下丸子1丁目,157196.94173477343,3,52.37416616439035,多摩川
大田区|下丸子1丁目,157196.94173477343,3,26.184054175934804,多摩川
大田区|下丸子1丁目,157196.94173477343,3,26.189817840812303,多摩川
大田区|下丸子1丁目,157196.94173477343,3,26.18922968779467,多摩川
大田区|下丸子1丁目,157196.94173477343,3,26.189426024490388,多摩川
大田区|下丸子1丁目,157196.94173477343,3,26.18291830090956,多摩川
大田区|下丸子1丁目,157196.94173477343,3,235.6838383569382,多摩川
大田区|下丸子1丁目,157196.94173477343,3,26.189110136597776,多摩川
大田区|下丸子1丁目,157196.94173477343,3,26.189137017775032,多摩川
大田区|下丸子1丁目,157196.94173477343,3,130.94423416487956,多摩川
大田区|下丸子1丁目,157196.94173477343,3,340.42416771805136,多摩川
大田区|下丸子1丁目,157196.94173477343,3,52.37149665460513,多摩川
大田区|下丸子1丁目,157196.94173477343,3,130.93251634156383,多摩川
大田区|下丸子1丁目,157196.94173477343,3,52.37757523083512,多摩川
大田区|下丸子1丁目,157196.94173477343,3,52.36512564672425,多摩川
大田区|下丸子1丁目,157196.94173477343,3,78.56696151256341,多摩川
大田区|下丸子1丁目,157196.94173477343,3,52.16661905669856,多摩川
大田区|下丸子2丁目,432519.02494108264,1,26.186023419476836,多摩川
大田区|下丸子2丁目,432519.02494108264,1,26.185824209849553,多摩川
大田区|下丸子2丁目,432519.02494108264,1,26.19172923660812,多摩川
大田区|下丸子2丁目,432519.02494108264,1,157.13038483113922,多摩川
大田区|下丸子2丁目,432519.02494108264,1,26.19157626623756,多摩川
大田区|下丸子2丁目,432519.02494108264,1,26.184989772154214,多摩川
大田区|下丸子2丁目,432519.02494108264,1,26.185834668569523,多摩川
大田区|下丸子2丁目,432519.02494108264,1,26.191844346874234,多摩川
大田区|下丸子2丁目,432519.02494108264,1,471.3871512458545,多摩川
大田区|下丸子2丁目,432519.02494108264,1,399.17725269944316,多摩川
大田区|下丸子2丁目,432519.02494108264,1,26.18442817723579,多摩川
大田区|下丸子2丁目,432519.02494108264,1,25.674625873162885,多摩川
大田区|下丸子2丁目,432519.02494108264,1,24.359749283939422,多摩川
大田区|下丸子2丁目,432519.02494108264,2,45.22358777199091,多摩川
大田区|下丸子2丁目,432519.02494108264,2,35299.44944017805,多摩川
大田区|下丸子2丁目,432519.02494108264,2,94969.89491291223,多摩川
大田区|下丸子2丁目,432519.02494108264,2,261.89345930379056,多摩川
大田区|下丸子2丁目,432519.02494108264,2,26.19127656898951,多摩川
大田区|下丸子2丁目,432519.02494108264,2,26.18497789445925,多摩川
大田区|下丸子2丁目,432519.02494108264,2,26.1912499995494,多摩川
大田区|下丸子2丁目,432519.02494108264,2,26.18505802621216,多摩川
大田区|下丸子2丁目,432519.02494108264,2,368.5665990416718,多摩川
大田区|下丸子2丁目,432519.02494108264,2,52.38370467786792,多摩川
大田区|下丸子2丁目,432519.02494108264,2,26.191658097410492,多摩川
大田区|下丸子2丁目,432519.02494108264,2,1990.3879948916137,多摩川
大田区|下丸子2丁目,432519.02494108264,2,235.70521932957055,多摩川
大田区|下丸子2丁目,432519.02494108264,2,183.3295683690107,多摩川
大田区|下丸子2丁目,432519.02494108264,2,26.191839117219523,多摩川
大田区|下丸子2丁目,432519.02494108264,2,130.95625992843054,多摩川
大田区|下丸子2丁目,432519.02494108264,2,26.192374984690307,多摩川
大田区|下丸子2丁目,432519.02494108264,2,52.38240963170549,多摩川
大田区|下丸子2丁目,432519.02494108264,2,9559.334710971452,多摩川
大田区|下丸子2丁目,432519.02494108264,2,52.37148473690059,多摩川
大田区|下丸子2丁目,432519.02494108264,2,78.56970461127413,多摩川
大田区|下丸子2丁目,432519.02494108264,2,366.65413413811297,多摩川
大田区|下丸子2丁目,432519.02494108264,2,21999.191673227775,多摩川
大田区|下丸子2丁目,432519.02494108264,2,157.1293597685038,多摩川
大田区|下丸子2丁目,432519.02494108264,2,26.190932833269436,多摩川
大田区|下丸子2丁目,432519.02494108264,2,78.57359678344312,多摩川
大田区|下丸子2丁目,432519.02494108264,2,52.38288215261525,多摩川
大田区|下丸子2丁目,432519.02494108264,2,52.38390732197887,多摩川
大田区|下丸子2丁目,432519.02494108264,2,130.94687474923413,多摩川
大田区|下丸子2丁目,432519.02494108264,2,26.191142558150908,多摩川
大田区|下丸子2丁目,432519.02494108264,2,157.12141330303373,多摩川
大田区|下丸子2丁目,432519.02494108264,2,5656.8562079677195,多摩川
大田区|下丸子2丁目,432519.02494108264,2,209.50372315466797,多摩川
大田区|下丸子2丁目,432519.02494108264,2,26.18486168593249,多摩川
大田区|下丸子2丁目,432519.02494108264,2,26.184902095804382,多摩川
大田区|下丸子2丁目,432519.02494108264,2,52.375354716015714,多摩川
大田区|下丸子2丁目,432519.02494108264,2,26.184501293473538,多摩川
大田区|下丸子2丁目,432519.02494108264,2,26.19101396633416,多摩川
大田区|下丸子2丁目,432519.02494108264,2,78.5610997062932,多摩川
大田区|下丸子2丁目,432519.02494108264,2,78.57183922636305,多摩川
大田区|下丸子2丁目,432519.02494108264,2,864.2352056062674,多摩川
大田区|下丸子2丁目,432519.02494108264,2,78.56667408623558,多摩川
大田区|下丸子2丁目,432519.02494108264,2,288.0852064326162,多摩川
大田区|下丸子2丁目,432519.02494108264,2,1597.507086589946,多摩川
大田区|下丸子2丁目,432519.02494108264,2,26.190881777785286,多摩川
大田区|下丸子2丁目,432519.02494108264,2,26.191015338484608,多摩川
大田区|下丸子2丁目,432519.02494108264,2,3509.2997453809285,多摩川
大田区|下丸子2丁目,432519.02494108264,2,26.18422211464628,多摩川
大田区|下丸子2丁目,432519.02494108264,2,78.56511759058023,多摩川
大田区|下丸子2丁目,432519.02494108264,2,497.57935206081277,多摩川
大田区|下丸子2丁目,432519.02494108264,2,1859.3660856072122,多摩川
大田区|下丸子2丁目,432519.02494108264,2,26.19088265383686,多摩川
大田区|下丸子2丁目,432519.02494108264,2,288.07422656857375,多摩川
大田区|下丸子2丁目,432519.02494108264,2,130.93931797927712,多摩川
大田区|下丸子2丁目,432519.02494108264,2,8642.223233382776,多摩川
大田区|下丸子2丁目,432519.02494108264,2,179.07526749467013,多摩川
大田区|下丸子2丁目,432519.02494108264,2,26.190335306601146,多摩川
大田区|下丸子2丁目,432519.02494108264,2,183.3148473573474,多摩川
大田区|下丸子2丁目,432519.02494108264,2,26.184625077487908,多摩川
大田区|下丸子2丁目,432519.02494108264,2,26.190362349865143,多摩川
大田区|下丸子2丁目,432519.02494108264,2,78.56520611435855,多摩川
大田区|下丸子2丁目,432519.02494108264,2,78.56545989966273,多摩川
大田区|下丸子2丁目,432519.02494108264,2,26.190577781757334,多摩川
大田区|下丸子2丁目,432519.02494108264,3,140097.65243689524,多摩川
大田区|下丸子2丁目,432519.02494108264,3,26.19107620632014,多摩川
大田区|下丸子2丁目,432519.02494108264,3,26.191250298849134,多摩川
大田区|下丸子2丁目,432519.02494108264,3,104.7519279421242,多摩川
大田区|下丸子2丁目,432519.02494108264,3,52.37743762338816,多摩川
大田区|下丸子2丁目,432519.02494108264,3,78.56220739371267,多摩川
大田区|下丸子2丁目,432519.02494108264,3,52.377760162766386,多摩川
大田区|下丸子2丁目,432519.02494108264,3,104.7580894429057,多摩川
大田区|下丸子2丁目,432519.02494108264,3,130.94959291695102,多摩川
大田区|下丸子2丁目,432519.02494108264,3,26.191615398552166,多摩川
大田区|下丸子2丁目,432519.02494108264,3,183.3262977627946,多摩川
大田区|下丸子2丁目,432519.02494108264,3,26.191214526896346,多摩川
大田区|下丸子2丁目,432519.02494108264,3,26.184221025891283,多摩川
大田区|下丸子2丁目,432519.02494108264,3,26.1844281341695,多摩川
大田区|下丸子2丁目,432519.02494108264,3,26.1912104100546,多摩川
大田区|下丸子2丁目,432519.02494108264,3,104.75841012209119,多摩川
大田区|下丸子2丁目,432519.02494108264,3,52.38239925820316,多摩川
大田区|下丸子2丁目,432519.02494108264,3,52.37583720401975,多摩川
大田区|下丸子2丁目,432519.02494108264,3,26.184862748195403,多摩川
大田区|下丸子2丁目,432519.02494108264,3,26.184782815601583,多摩川
大田区|下丸子2丁目,432519.02494108264,3,157.14035989224143,多摩川
大田区|下丸子2丁目,432519.02494108264,3,78.55552132240416,多摩川
大田区|下丸子2丁目,432519.02494108264,3,84.7786852062845,多摩川
大田区|下丸子2丁目,432519.02494108264,3,26.19060124238343,多摩川
大田区|下丸子2丁目,432519.02494108264,3,26.19016020630665,多摩川
大田区|下丸子2丁目,432519.02494108264,3,26.19077134970218,多摩川
大田区|下丸子2丁目,432519.02494108264,3,26.18462519941566,多摩川
大田区|下丸子2丁目,432519.02494108264,3,12.341144230274052,多摩川
大田区|下丸子2丁目,432519.02494108264,4,261.90992784782554,多摩川
大田区|下丸子3丁目,238537.27924894664,1,72.2213279500614,多摩川
大田区|下丸子3丁目,238537.27924894664,1,0.5162838194946521,多摩川
大田区|下丸子3丁目,238537.27924894664,1,1.8309374119514699,多摩川
大田区|下丸子3丁目,238537.27924894664,1,26.19070078737364,多摩川
大田区|下丸子3丁目,238537.27924894664,1,26.184388961171358,多摩川
大田区|下丸子3丁目,238537.27924894664,1,26.190567718907403,多摩川
大田区|下丸子3丁目,238537.27924894664,1,26.190607646675637,多摩川
大田区|下丸子3丁目,238537.27924894664,1,26.19044784205832,多摩川
大田区|下丸子3丁目,238537.27924894664,1,26.190501137097627,多摩川
大田区|下丸子3丁目,238537.27924894664,1,26.184189286492465,多摩川
大田区|下丸子3丁目,238537.27924894664,1,26.190381258136554,多摩川
大田区|下丸子3丁目,238537.27924894664,1,26.18406940856603,多摩川
大田区|下丸子3丁目,238537.27924894664,1,26.190327946218552,多摩川
大田区|下丸子3丁目,238537.27924894664,1,9.795600380703787,多摩川
大田区|下丸子3丁目,238537.27924894664,1,26.190261362413008,多摩川
大田区|下丸子3丁目,238537.27924894664,2,144624.3061749807,多摩川
大田区|下丸子3丁目,238537.27924894664,2,26.18860382171487,多摩川
大田区|下丸子3丁目,238537.27924894664,2,78.55900267742541,多摩川
大田区|下丸子3丁目,238537.27924894664,2,26.18859083598287,多摩川
大田区|下丸子3丁目,238537.27924894664,2,52.38018282464464,多摩川
大田区|下丸子3丁目,238537.27924894664,2,26.183889132752455,多摩川
大田区|下丸子3丁目,238537.27924894664,2,19925.853741130904,多摩川
大田区|下丸子3丁目,238537.27924894664,2,37997.76240774739,多摩川
大田区|下丸子3丁目,238537.27924894664,2,26.183529634412942,多摩川
大田区|下丸子3丁目,238537.27924894664,2,26.189801404114746,多摩川
大田区|下丸子3丁目,238537.27924894664,2,1230.8286480405316,多摩川
大田区|下丸子3丁目,238537.27924894664,2,52.3734944647238,多摩川
大田区|下丸子3丁目,238537.27924894664,3,1574.4297639772876,多摩川
大田区|下丸子3丁目,238537.27924894664,3,0.20493244461452223,多摩川
大田区|下丸子3丁目,238537.27924894664,3,19099.795038520795,多摩川
大田区|下丸子3丁目,238537.27924894664,3,52.370596351434386,多摩川
大田区|下丸子3丁目,238537.27924894664,3,52.37684126897056,多摩川
大田区|下丸子3丁目,238537.27924894664,3,26.182122667406947,多摩川
大田区|下丸子3丁目,238537.27924894664,3,26.182163090871335,多摩川
大田区|下丸子3丁目,238537.27924894664,3,52.37064813249436,多摩川
大田区|下丸子3丁目,238537.27924894664,3,26.189800208579612,多摩川
大田区|下丸子3丁目,238537.27924894664,3,26.189786623454374,多摩川
大田区|下丸子3丁目,238537.27924894664,3,26.183889538593576,多摩川
大田区|下丸子3丁目,238537.27924894664,3,78.5580074543146,多摩川
大田区|下丸子3丁目,238537.27924894664,3,78.55760768480886,多摩川
大田区|下丸子3丁目,238537.27924894664,3,209.5081410227196,多摩川
大田区|下丸子3丁目,238537.27924894664,3,209.50240537128963,多摩川
大田区|下丸子3丁目,238537.27924894664,3,52.380325891394435,多摩川
大田区|下丸子3丁目,238537.27924894664,3,26.183811289107464,多摩川
大田区|下丸子3丁目,238537.27924894664,3,26.19021650812489,多摩川
大田区|下丸子3丁目,238537.27924894664,3,78.56480877119914,多摩川
大田区|下丸子3丁目,238537.27924894664,3,13.849421065977303,多摩川
大田区|下丸子3丁目,238537.27924894664,3,26.189677240365192,多摩川
大田区|下丸子3丁目,238537.27924894664,3,26.18389343131027,多摩川
大田区|下丸子3丁目,238537.27924894664,3,26.023834767246,多摩川
大田区|下丸子4丁目,361415.85607283766,1,16.388349170671177,多摩川
大田区|下丸子4丁目,361415.85607283766,1,26.19020806283943,多摩川
大田区|下丸子4丁目,361415.85607283766,1,26.190034880762607,多摩川
大田区|下丸子4丁目,361415.85607283766,1,26.190008211997462,多摩川
大田区|下丸子4丁目,361415.85607283766,1,26.182736676253757,多摩川
大田区|下丸子4丁目,361415.85607283766,2,65436.88295095042,多摩川
大田区|下丸子4丁目,361415.85607283766,2,56149.136985812394,多摩川
大田区|下丸子4丁目,361415.85607283766,2,267.44124197535825,多摩川
大田区|下丸子4丁目,361415.85607283766,2,26.18822226010574,多摩川
大田区|下丸子4丁目,361415.85607283766,2,104.74691697277035,多摩川
大田区|下丸子4丁目,361415.85607283766,2,26.188102427852673,多摩川
大田区|下丸子4丁目,361415.85607283766,2,17.54542819516714,多摩川
大田区|下丸子4丁目,361415.85607283766,2,26.188142376597753,多摩川
大田区|下丸子4丁目,361415.85607283766,2,26.181844474115458,多摩川
大田区|下丸子4丁目,361415.85607283766,2,26.183369346436915,多摩川
大田区|下丸子4丁目,361415.85607283766,2,1623.6319607111755,多摩川
大田区|下丸子4丁目,361415.85607283766,2,26.188424750611453,多摩川
大田区|下丸子4丁目,361415.85607283766,2,130.94068662179464,多摩川
大田区|下丸子4丁目,361415.85607283766,2,52.3796537107425,多摩川
大田区|下丸子4丁目,361415.85607283766,2,995.1008523942199,多摩川
大田区|下丸子4丁目,361415.85607283766,2,1204.6241335938473,多摩川
大田区|下丸子4丁目,361415.85607283766,2,52.37896396497776,多摩川
大田区|下丸子4丁目,361415.85607283766,2,183.30725309267638,多摩川
大田区|下丸子4丁目,361415.85607283766,2,157.10593722236146,多摩川
大田区|下丸子4丁目,361415.85607283766,2,366.62086845644166,多摩川
大田区|下丸子4丁目,361415.85607283766,2,78.5689728566463,多摩川
大田区|下丸子4丁目,361415.85607283766,2,183.29993965542886,多摩川
大田区|下丸子4丁目,361415.85607283766,2,26.188426042686302,多摩川
大田区|下丸子4丁目,361415.85607283766,2,26.188769338255867,多摩川
大田区|下丸子4丁目,361415.85607283766,2,26.188586497993928,多摩川
大田区|下丸子4丁目,361415.85607283766,2,26.18285924957509,多摩川
大田区|下丸子4丁目,361415.85607283766,2,1309.3715220344716,多摩川
大田区|下丸子4丁目,361415.85607283766,2,52.36602156243703,多摩川
大田区|下丸子4丁目,361415.85607283766,2,26.189268986508907,多摩川
大田区|下丸子4丁目,361415.85607283766,2,26.189482848501385,多摩川
大田区|下丸子4丁目,361415.85607283766,2,26.18325156188802,多摩川
大田区|下丸子4丁目,361415.85607283766,2,26.182449286689796,多摩川
大田区|下丸子4丁目,361415.85607283766,2,26.183060079815057,多摩川
大田区|下丸子4丁目,361415.85607283766,2,52.372294408818334,多摩川
大田区|下丸子4丁目,361415.85607283766,2,26.182860164477194,多摩川
大田区|下丸子4丁目,361415.85607283766,2,78.56098953861304,多摩川
大田区|下丸子4丁目,361415.85607283766,2,26.189321216064968,多摩川
大田区|下丸子4丁目,361415.85607283766,2,52.371895682811925,多摩川
大田区|下丸子4丁目,361415.85607283766,2,445.1790903300422,多摩川
大田区|下丸子4丁目,361415.85607283766,2,209.4956164907757,多摩川
大田区|下丸子4丁目,361415.85607283766,2,523.7306447062292,多摩川
大田区|下丸子4丁目,361415.85607283766,2,78.56094601285997,多摩川
大田区|下丸子4丁目,361415.85607283766,2,209.48901153047873,多摩川
大田区|下丸子4丁目,361415.85607283766,2,1204.57215392917,多摩川
大田区|下丸子4丁目,361415.85607283766,2,26.1883188090749,多摩川
大田区|下丸子4丁目,361415.85607283766,2,130.9369532492921,多摩川
大田区|下丸子4丁目,361415.85607283766,2,26.18888238728627,多摩川
大田区|下丸子4丁目,361415.85607283766,2,52.371288575227865,多摩川
大田区|下丸子4丁目,361415.85607283766,2,340.41841273411353,多摩川
大田区|下丸子4丁目,361415.85607283766,2,52.371750608031746,多摩川
大田区|下丸子4丁目,361415.85607283766,2,52.37206403786994,多摩川
大田区|下丸子4丁目,361415.85607283766,2,26.188722562631185,多摩川
大田区|下丸子4丁目,361415.85607283766,2,78.55961597081834,多摩川
大田区|下丸子4丁目,361415.85607283766,2,235.6799725207867,多摩川
大田区|下丸子4丁目,361415.85607283766,2,26.182141552349165,多摩川
大田区|下丸子4丁目,361415.85607283766,2,314.2541655988356,多摩川
大田区|下丸子4丁目,361415.85607283766,2,104.73947172878958,多摩川
大田区|下丸子4丁目,361415.85607283766,2,26.181894426320472,多摩川
大田区|下丸子4丁目,361415.85607283766,2,968.8843909883067,多摩川
大田区|下丸子4丁目,361415.85607283766,2,811.7849094202916,多摩川
大田区|下丸子4丁目,361415.85607283766,2,183.29488375388468,多摩川
大田区|下丸子4丁目,361415.85607283766,2,183.3149811008839,多摩川
大田区|下丸子4丁目,361415.85607283766,2,78.56467656570601,多摩川
大田区|下丸子4丁目,361415.85607283766,2,183.30600385475316,多摩川
大田区|下丸子4丁目,361415.85607283766,2,52.37086402548262,多摩川
大田区|下丸子4丁目,361415.85607283766,2,392.79793396467954,多摩川
大田区|下丸子4丁目,361415.85607283766,2,52.3764939703787,多摩川
大田区|下丸子4丁目,361415.85607283766,2,52.370463751782395,多摩川
大田区|下丸子4丁目,361415.85607283766,2,78.5580256304302,多摩川
大田区|下丸子4丁目,361415.85607283766,2,52.37609340890217,多摩川
大田区|下丸子4丁目,361415.85607283766,2,209.48013105200658,多摩川
大田区|下丸子4丁目,361415.85607283766,2,130.93458180632092,多摩川
大田区|下丸子4丁目,361415.85607283766,3,146968.7995906098,多摩川
大田区|下丸子4丁目,361415.85607283766,3,26.188436227013007,多摩川
大田区|下丸子4丁目,361415.85607283766,3,26.182205512693848,多摩川
大田区|下丸子4丁目,361415.85607283766,3,130.9177307069432,多摩川
大田区|下丸子4丁目,361415.85607283766,3,26.18244806805057,多摩川
大田区|下丸子4丁目,361415.85607283766,3,26.182528304028995,多摩川
大田区|下丸子4丁目,361415.85607283766,3,26.188799663977363,多摩川
大田区|下丸子4丁目,361415.85607283766,3,26.188800064654334,多摩川
大田区|下丸子4丁目,361415.85607283766,3,52.378068123753735,多摩川
大田区|下丸子4丁目,361415.85607283766,3,26.189000729295362,多摩川
大田区|下丸子4丁目,361415.85607283766,3,26.18268950768121,多摩川
大田区|下丸子4丁目,361415.85607283766,3,26.1834611367917,多摩川
大田区|下丸子4丁目,361415.85607283766,3,52.3792616968896,多摩川
大田区|下丸子4丁目,361415.85607283766,3,26.183332226049686,多摩川
大田区|下丸子4丁目,361415.85607283766,3,0.16617030514114856,多摩川
大田区|下丸子4丁目,361415.85607283766,3,26.183261517008376,多摩川
大田区|下丸子4丁目,361415.85607283766,3,26.189372797269947,多摩川
大田区|下丸子4丁目,361415.85607283766,3,26.189243468824692,多摩川
大田区|下丸子4丁目,361415.85607283766,3,366.6237931160002,多摩川
大田区|下丸子4丁目,361415.85607283766,3,52.36623465257029,多摩川
大田区|下丸子4丁目,361415.85607283766,3,26.18289277695048,多摩川
大田区|下丸子4丁目,361415.85607283766,3,26.18937391993391,多摩川
大田区|下丸子4丁目,361415.85607283766,3,26.18293370917251,多摩川
大田区|下丸子4丁目,361415.85607283766,4,78.56042807209361,多摩川
大田区|下丸子4丁目,361415.85607283766,4,52.377602196127725,多摩川
大田区|矢口1丁目,216933.20499745922,1,26.184405600038303,多摩川
大田区|矢口1丁目,216933.20499745922,1,26.19091367976555,多摩川
大田区|矢口1丁目,216933.20499745922,1,26.184325837746982,多摩川
大田区|矢口1丁目,216933.20499745922,1,26.184415380320615,多摩川
大田区|矢口1丁目,216933.20499745922,1,26.19050432749986,多摩川
大田区|矢口1丁目,216933.20499745922,1,26.190584486495766,多摩川
大田区|矢口1丁目,216933.20499745922,1,26.18428596745784,多摩川
大田区|矢口1丁目,216933.20499745922,1,26.190277282670905,多摩川
大田区|矢口1丁目,216933.20499745922,1,130.93264857751652,多摩川
大田区|矢口1丁目,216933.20499745922,1,26.18441565339759,多摩川
大田区|矢口1丁目,216933.20499745922,1,26.190478113437656,多摩川
大田区|矢口1丁目,216933.20499745922,1,26.19034489903565,多摩川
大田区|矢口1丁目,216933.20499745922,1,26.184126404436196,多摩川
大田区|矢口1丁目,216933.20499745922,1,26.190398310862072,多摩川
大田区|矢口1丁目,216933.20499745922,1,26.190398043879142,多摩川
大田区|矢口1丁目,216933.20499745922,1,26.190385014316195,多摩川
大田区|矢口1丁目,216933.20499745922,1,26.190384741066147,多摩川
大田区|矢口1丁目,216933.20499745922,1,26.184086292173816,多摩川
大田区|矢口1丁目,216933.20499745922,1,209.50969941502075,多摩川
大田区|矢口1丁目,216933.20499745922,1,26.190318333200505,多摩川
大田区|矢口1丁目,216933.20499745922,2,109562.31243967182,多摩川
大田区|矢口1丁目,216933.20499745922,2,91597.26787605313,多摩川
大田区|矢口1丁目,216933.20499745922,2,26.18418198852258,多摩川
大田区|矢口1丁目,216933.20499745922,3,6502.221111012669,多摩川
大田区|矢口1丁目,216933.20499745922,3,4635.559293167724,多摩川
大田区|矢口2丁目,243047.1184789803,1,26.19170799406469,多摩川
大田区|矢口2丁目,243047.1184789803,1,78.56844528021722,多摩川
大田区|矢口2丁目,243047.1184789803,2,224336.32810498183,多摩川
大田区|矢口2丁目,243047.1184789803,2,157.13278257735362,多摩川
大田区|矢口2丁目,243047.1184789803,2,52.3756632235115,多摩川
大田区|矢口2丁目,243047.1184789803,2,26.190967304309005,多摩川
大田区|矢口2丁目,243047.1184789803,2,26.190927359609624,多摩川
大田区|矢口2丁目,243047.1184789803,2,78.56673752561802,多摩川
大田区|矢口2丁目,243047.1184789803,2,26.184816069486907,多摩川
大田区|矢口2丁目,243047.1184789803,2,78.5740629521658,多摩川
大田区|矢口2丁目,243047.1184789803,2,104.75993181953373,多摩川
大田区|矢口2丁目,243047.1184789803,2,26.19147616002892,多摩川
大田区|矢口2丁目,243047.1184789803,2,24.273978854390336,多摩川
大田区|矢口2丁目,243047.1184789803,3,26.185335526700936,多摩川
大田区|矢口2丁目,243047.1184789803,3,16041.393539393686,多摩川
大田区|矢口2丁目,243047.1184789803,3,864.2389768298957,多摩川
大田区|矢口2丁目,243047.1184789803,3,52.376811325708125,多摩川
大田区|矢口2丁目,243047.1184789803,3,26.191515050833047,多摩川
大田区|矢口2丁目,243047.1184789803,3,261.8978492615439,多摩川
大田区|矢口2丁目,243047.1184789803,3,366.65303143428696,多摩川
大田区|矢口2丁目,243047.1184789803,3,78.57552092639159,多摩川
大田区|矢口2丁目,243047.1184789803,3,26.185257187241277,多摩川
大田区|矢口2丁目,243047.1184789803,3,157.1370716380729,多摩川
大田区|矢口2丁目,243047.1184789803,3,52.37697751127648,多摩川
大田区|矢口2丁目,243047.1184789803,3,26.1853391331465,多摩川
大田区|矢口2丁目,243047.1184789803,3,26.191651659386856,多摩川
大田区|矢口3丁目,290397.5820167175,1,591.4966015430438,多摩川
大田区|矢口3丁目,290397.5820167175,1,113.29068498011033,多摩川
大田区|矢口3丁目,290397.5820167175,1,26.19316038688917,多摩川
大田区|矢口3丁目,290397.5820167175,1,24.3220982977598,多摩川
大田区|矢口3丁目,290397.5820167175,1,26.18637095693188,多摩川
大田区|矢口3丁目,290397.5820167175,1,104.74746255881735,多摩川
大田区|矢口3丁目,290397.5820167175,1,104.77234693936836,多摩川
大田区|矢口3丁目,290397.5820167175,1,183.33885659771812,多摩川
大田区|矢口3丁目,290397.5820167175,2,239057.0059149507,多摩川
大田区|矢口3丁目,290397.5820167175,2,26.192664852251255,多摩川
大田区|矢口3丁目,290397.5820167175,2,26.19280942213365,多摩川
大田区|矢口3丁目,290397.5820167175,2,52.385766174146035,多摩川
大田区|矢口3丁目,290397.5820167175,2,419.04293126982867,多摩川
大田区|矢口3丁目,290397.5820167175,2,104.77135279103949,多摩川
大田区|矢口3丁目,290397.5820167175,2,235.70322754312375,多摩川
大田区|矢口3丁目,290397.5820167175,2,183.3294774411489,多摩川
大田区|矢口3丁目,290397.5820167175,3,1126.18660030955,多摩川
大田区|矢口3丁目,290397.5820167175,3,26.18665322316238,多摩川
大田区|矢口3丁目,290397.5820167175,3,26.193005968310374,多摩川
大田区|矢口3丁目,290397.5820167175,3,26.19299243328356,多摩川
大田区|矢口3丁目,290397.5820167175,3,261.87975933294007,多摩川
大田区|矢口3丁目,290397.5820167175,3,366.68306364750686,多摩川
大田区|矢口3丁目,290397.5820167175,3,26.193165254084953,多摩川
大田区|矢口3丁目,290397.5820167175,3,183.3439826632824,多摩川
大田区|矢口3丁目,290397.5820167175,3,52.38584436177264,多摩川
大田区|矢口3丁目,290397.5820167175,3,26.192755371583754,多摩川
大田区|矢口3丁目,290397.5820167175,3,8433.378814437716,多摩川
大田区|矢口3丁目,290397.5820167175,3,52.37184139361346,多摩川
大田区|矢口3丁目,290397.5820167175,3,26.192689916322472,多摩川
大田区|矢口3丁目,290397.5820167175,3,26.19192894157436,多摩川
大田区|矢口3丁目,290397.5820167175,3,2045.389273797837,多摩川
大田区|矢口3丁目,290397.5820167175,3,5185.720779217737,多摩川
大田区|東矢口1丁目,156276.0922788264,1,26.190260525239463,多摩川
大田区|東矢口1丁目,156276.0922788264,2,130219.71353463059,多摩川
大田区|東矢口1丁目,156276.0922788264,2,26029.695822906484,多摩川
大田区|東矢口2丁目,157072.42941179272,2,150522.81406060077,多摩川
大田区|東矢口2丁目,157072.42941179272,2,6549.2145550615605,多摩川
大田区|東矢口3丁目,176482.15030560127,2,173357.0489432725,多摩川
大田区|東矢口3丁目,176482.15030560127,2,52.383521525298875,多摩川
大田区|東矢口3丁目,176482.15030560127,3,26.422148973146186,多摩川
大田区|東矢口3丁目,176482.15030560127,3,654.7318384778573,多摩川
大田区|東矢口3丁目,176482.15030560127,3,104.24225546210786,多摩川
大田区|東矢口3丁目,176482.15030560127,3,372.10994326935753,多摩川
大田区|東矢口3丁目,176482.15030560127,3,1174.5396208760258,多摩川
大田区|東矢口3丁目,176482.15030560127,3,79.90951621002134,多摩川
大田区|東矢口3丁目,176482.15030560127,4,660.7625175350946,多摩川
大田区|多摩川1丁目,251581.20830720445,1,52.376145856054315,多摩川
大田区|多摩川1丁目,251581.20830720445,1,52.37547730686478,多摩川
大田区|多摩川1丁目,251581.20830720445,1,523.8032431905967,多摩川
大田区|多摩川1丁目,251581.20830720445,1,52.369767863908216,多摩川
大田区|多摩川1丁目,251581.20830720445,1,157.14025733620502,多摩川
大田区|多摩川1丁目,251581.20830720445,1,26.18468417570547,多摩川
大田区|多摩川1丁目,251581.20830720445,1,26.190642317649363,多摩川
大田区|多摩川1丁目,251581.20830720445,1,26.19095622679893,多摩川
大田区|多摩川1丁目,251581.20830720445,1,26.191205986579106,多摩川
大田区|多摩川1丁目,251581.20830720445,1,26.19108595108406,多摩川
大田区|多摩川1丁目,251581.20830720445,1,26.190863135518576,多摩川
大田区|多摩川1丁目,251581.20830720445,1,26.184564547827712,多摩川
大田区|多摩川1丁目,251581.20830720445,1,26.19094331220097,多摩川
大田区|多摩川1丁目,251581.20830720445,1,26.19074345558032,多摩川
大田区|多摩川1丁目,251581.20830720445,1,26.190783326455062,多摩川
大田区|多摩川1丁目,251581.20830720445,2,247495.71862646966,多摩川
大田区|多摩川2丁目,320354.6848272025,1,130.95653367536644,多摩川
大田区|多摩川2丁目,320354.6848272025,1,78.58167810173393,多摩川
大田区|多摩川2丁目,320354.6848272025,1,26.193822590584382,多摩川
大田区|多摩川2丁目,320354.6848272025,1,314.2972516954279,多摩川
大田区|多摩川2丁目,320354.6848272025,1,26.194224568127353,多摩川
大田区|多摩川2丁目,320354.6848272025,1,52.38254180283498,多摩川
大田区|多摩川2丁目,320354.6848272025,1,26.18788479633453,多摩川
大田区|多摩川2丁目,320354.6848272025,1,3876.342904238071,多摩川
大田区|多摩川2丁目,320354.6848272025,1,78.57514448986939,多摩川
大田区|多摩川2丁目,320354.6848272025,1,104.76922235119206,多摩川
大田区|多摩川2丁目,320354.6848272025,1,26.193863589495905,多摩川
大田区|多摩川2丁目,320354.6848272025,1,1335.7715255260116,多摩川
大田区|多摩川2丁目,320354.6848272025,1,26.19347695221299,多摩川
大田区|多摩川2丁目,320354.6848272025,1,26.193556845492743,多摩川
大田区|多摩川2丁目,320354.6848272025,1,523.8364333282997,多摩川
大田区|多摩川2丁目,320354.6848272025,1,52.3869543410618,多摩川
大田区|多摩川2丁目,320354.6848272025,1,26.193833958634556,多摩川
大田区|多摩川2丁目,320354.6848272025,1,26.193693249420193,多摩川
大田区|多摩川2丁目,320354.6848272025,1,235.72679795772342,多摩川
大田区|多摩川2丁目,320354.6848272025,1,209.53304196813778,多摩川
大田区|多摩川2丁目,320354.6848272025,1,26.193544596312172,多摩川
大田区|多摩川2丁目,320354.6848272025,1,1597.677721966609,多摩川
大田区|多摩川2丁目,320354.6848272025,1,26.193638124473793,多摩川
大田区|多摩川2丁目,320354.6848272025,1,26.193718186331623,多摩川
大田区|多摩川2丁目,320354.6848272025,1,261.92499014250353,多摩川
大田区|多摩川2丁目,320354.6848272025,1,26.193825703403732,多摩川
大田区|多摩川2丁目,320354.6848272025,1,26.187526409987747,多摩川
大田区|多摩川2丁目,320354.6848272025,1,52.38758487691508,多摩川
大田区|多摩川2丁目,320354.6848272025,1,26.187695977336453,多摩川
大田区|多摩川2丁目,320354.6848272025,1,78.57160581550666,多摩川
大田区|多摩川2丁目,320354.6848272025,1,26.187406851089424,多摩川
大田区|多摩川2丁目,320354.6848272025,1,26.19367955783039,多摩川
大田区|多摩川2丁目,320354.6848272025,1,26.19363961045917,多摩川
大田区|多摩川2丁目,320354.6848272025,1,52.38542198423386,多摩川
大田区|多摩川2丁目,320354.6848272025,1,78.58029138541083,多摩川
大田区|多摩川2丁目,320354.6848272025,1,52.386904647470274,多摩川
大田区|多摩川2丁目,320354.6848272025,1,26.193162499449627,多摩川
大田区|多摩川2丁目,320354.6848272025,1,927.5550086597704,多摩川
大田区|多摩川2丁目,320354.6848272025,1,26.19282966503932,多摩川
大田区|多摩川2丁目,320354.6848272025,1,78.57261365075463,多摩川
大田区|多摩川2丁目,320354.6848272025,1,26.192843121122536,多摩川
大田区|多摩川2丁目,320354.6848272025,1,26.192923468144134,多摩川
大田区|多摩川2丁目,320354.6848272025,1,26.193044013212045,多摩川
大田区|多摩川2丁目,320354.6848272025,1,122.4258983208189,多摩川
大田区|多摩川2丁目,320354.6848272025,1,1.8708123458959212,多摩川
大田区|多摩川2丁目,320354.6848272025,1,26.18649756894336,多摩川
大田区|多摩川2丁目,320354.6848272025,1,26.19307094901537,多摩川
大田区|多摩川2丁目,320354.6848272025,2,267619.2948062233,多摩川
大田区|多摩川2丁目,320354.6848272025,2,26.19383300380245,多摩川
大田区|多摩川2丁目,320354.6848272025,2,26.187324032625487,多摩川
大田区|多摩川2丁目,320354.6848272025,2,26.193636654539457,多摩川
大田区|多摩川2丁目,320354.6848272025,2,26.18756521349686,多摩川
大田区|多摩川2丁目,320354.6848272025,2,52.38774396511121,多摩川
大田区|多摩川2丁目,320354.6848272025,2,26.193838896861966,多摩川
大田区|多摩川2丁目,320354.6848272025,2,26.193825611761927,多摩川
大田区|多摩川2丁目,320354.6848272025,3,549.9885446966866,多摩川
大田区|多摩川2丁目,320354.6848272025,3,26.193108903918574,多摩川
大田区|東蒲田1丁目,108430.32463681838,2,107036.99481602026,多摩川
大田区|東蒲田1丁目,108430.32463681838,2,1393.2611451400523,多摩川
大田区|東蒲田2丁目,145145.55656488988,1,130.9523974157319,多摩川
大田区|東蒲田2丁目,145145.55656488988,1,365.2706720145963,多摩川
大田区|東蒲田2丁目,145145.55656488988,1,130.9466294501084,多摩川
大田区|東蒲田2丁目,145145.55656488988,1,130.9529335013249,多摩川
大田区|東蒲田2丁目,145145.55656488988,1,26.19200018897306,多摩川
大田区|東蒲田2丁目,145145.55656488988,2,133852.6181452896,多摩川
大田区|東蒲田2丁目,145145.55656488988,2,26.185531791866705,多摩川
大田区|南蒲田1丁目,165777.62081034455,1,340.4728844537063,多摩川
大田区|南蒲田1丁目,165777.62081034455,1,209.52398892252882,多摩川
大田区|南蒲田1丁目,165777.62081034455,1,26.18577207389744,多摩川
大田区|南蒲田1丁目,165777.62081034455,1,993.5883910315679,多摩川
大田区|南蒲田1丁目,165777.62081034455,1,26.18561218146825,多摩川
大田区|南蒲田1丁目,165777.62081034455,1,26.192526992259374,多摩川
大田区|南蒲田1丁目,165777.62081034455,1,78.5649430046864,多摩川
大田区|南蒲田1丁目,165777.62081034455,1,26.19272753463948,多摩川
大田区|南蒲田1丁目,165777.62081034455,1,52.38573162374518,多摩川
大田区|南蒲田1丁目,165777.62081034455,1,26.192473777546503,多摩川
大田区|南蒲田1丁目,165777.62081034455,1,628.577078738287,多摩川
大田区|南蒲田1丁目,165777.62081034455,1,26.1928978384597,多摩川
大田区|南蒲田1丁目,165777.62081034455,2,156499.72000515737,多摩川
大田区|南蒲田1丁目,165777.62081034455,2,26.192320127450074,多摩川
大田区|南蒲田1丁目,165777.62081034455,2,26.185811670564025,多摩川
大田区|南蒲田1丁目,165777.62081034455,2,340.47165650748394,多摩川
大田区|南蒲田1丁目,165777.62081034455,3,52.384694726724504,多摩川
大田区|南蒲田2丁目,200944.91928028324,1,340.48081903795935,多摩川
大田区|南蒲田2丁目,200944.91928028324,2,200604.43846124527,多摩川
大田区|南蒲田3丁目,125588.22021523894,2,125588.22021523894,多摩川
大田区|西蒲田1丁目,147539.45688402644,1,26.189186426173443,多摩川
大田区|西蒲田1丁目,147539.45688402644,1,83.86486726949437,多摩川
大田区|西蒲田1丁目,147539.45688402644,1,365.4270844465256,多摩川
大田区|西蒲田1丁目,147539.45688402644,1,52.37780775525998,多摩川
大田区|西蒲田1丁目,147539.45688402644,1,26.188870594519074,多摩川
大田区|西蒲田1丁目,147539.45688402644,1,26.1888704277333,多摩川
大田区|西蒲田1丁目,147539.45688402644,1,26.1889066409436,多摩川
大田区|西蒲田1丁目,147539.45688402644,1,26.18239902323434,多摩川
大田区|西蒲田1丁目,147539.45688402644,1,26.188670608776775,多摩川
大田区|西蒲田1丁目,147539.45688402644,1,26.182199891044846,多摩川
大田区|西蒲田1丁目,147539.45688402644,1,130.93543194132954,多摩川
大田区|西蒲田1丁目,147539.45688402644,1,26.188338855783233,多摩川
大田区|西蒲田1丁目,147539.45688402644,1,104.7397019949166,多摩川
大田区|西蒲田1丁目,147539.45688402644,1,82.89963800609519,多摩川
大田区|西蒲田1丁目,147539.45688402644,2,8032.806827139025,多摩川
大田区|西蒲田1丁目,147539.45688402644,2,132984.34957262743,多摩川
大田区|西蒲田1丁目,147539.45688402644,2,235.68236148749452,多摩川
大田区|西蒲田1丁目,147539.45688402644,2,26.18259897466655,多摩川
大田区|西蒲田1丁目,147539.45688402644,2,26.188298645546205,多摩川
大田区|西蒲田1丁目,147539.45688402644,2,26.187979841228984,多摩川
大田区|西蒲田2丁目,103436.64292358755,1,157.11491824031634,多摩川
大田区|西蒲田2丁目,103436.64292358755,1,26.188665001737142,多摩川
大田区|西蒲田2丁目,103436.64292358755,1,157.11939028517537,多摩川
大田区|西蒲田2丁目,103436.64292358755,1,52.37727642498588,多摩川
大田区|西蒲田2丁目,103436.64292358755,1,3430.4527498087855,多摩川
大田区|西蒲田2丁目,103436.64292358755,1,26.188888061797726,多摩川
大田区|西蒲田2丁目,103436.64292358755,1,26.18892845314149,多摩川
大田区|西蒲田2丁目,103436.64292358755,1,183.30744014486535,多摩川
大田区|西蒲田2丁目,103436.64292358755,1,26.18236783826952,多摩川
大田区|西蒲田2丁目,103436.64292358755,1,52.37037211417555,多摩川
大田区|西蒲田2丁目,103436.64292358755,1,52.36489710897405,多摩川
大田区|西蒲田2丁目,103436.64292358755,1,26.18904975349823,多摩川
大田区|西蒲田2丁目,103436.64292358755,1,26.182569390082765,多摩川
大田区|西蒲田2丁目,103436.64292358755,1,26.18866738156221,多摩川
大田区|西蒲田2丁目,103436.64292358755,1,26.182619151225097,多摩川
大田区|西蒲田2丁目,103436.64292358755,1,26.188761556826087,多摩川
大田区|西蒲田2丁目,103436.64292358755,1,26.189083707460895,多摩川
大田区|西蒲田2丁目,103436.64292358755,1,26.189401329056082,多摩川
大田区|西蒲田2丁目,103436.64292358755,2,98984.91614387326,多摩川
大田区|西蒲田2丁目,103436.64292358755,2,26.189076266839685,多摩川
大田区|西蒲田2丁目,103436.64292358755,2,26.182568223104234,多摩川
大田区|西蒲田2丁目,103436.64292358755,2,26.189089472467455,多摩川
大田区|西蒲田3丁目,124663.57401009754,1,26.183613601732475,多摩川
大田区|西蒲田3丁目,124663.57401009754,1,26.18988536107242,多摩川
大田区|西蒲田3丁目,124663.57401009754,2,124611.20051113468,多摩川
大田区|西蒲田4丁目,164513.41972014657,1,312.5370521779522,多摩川
大田区|西蒲田4丁目,164513.41972014657,1,10.387865621366636,多摩川
大田区|西蒲田4丁目,164513.41972014657,1,99.44016554602386,多摩川
大田区|西蒲田4丁目,164513.41972014657,1,261.87577144245824,多摩川
大田区|西蒲田4丁目,164513.41972014657,1,79.75491929331783,多摩川
大田区|西蒲田4丁目,164513.41972014657,1,52.37216045623705,多摩川
大田区|西蒲田4丁目,164513.41972014657,1,26.182766226563288,多摩川
大田区|西蒲田4丁目,164513.41972014657,2,29750.22388488227,多摩川
大田区|西蒲田4丁目,164513.41972014657,2,128468.0865598481,多摩川
大田区|西蒲田5丁目,156395.81620010355,1,35.66044262751369,多摩川
大田区|西蒲田5丁目,156395.81620010355,1,42.70410546169538,多摩川
大田区|西蒲田5丁目,156395.81620010355,1,157.1206424378939,多摩川
大田区|西蒲田5丁目,156395.81620010355,2,91806.91529570112,多摩川
大田区|西蒲田5丁目,156395.81620010355,2,2688.4273568165822,多摩川
大田区|西蒲田5丁目,156395.81620010355,2,40.174620084862475,多摩川
大田区|西蒲田5丁目,156395.81620010355,2,13.123259083707817,多摩川
大田区|西蒲田5丁目,156395.81620010355,2,8.70489069451105,多摩川
大田区|西蒲田5丁目,156395.81620010355,2,54208.19462626647,多摩川
大田区|西蒲田5丁目,156395.81620010355,2,37.248948458335775,多摩川
大田区|西蒲田5丁目,156395.81620010355,2,11.736548196839996,多摩川
大田区|西蒲田5丁目,156395.81620010355,2,728.9946056430392,多摩川
大田区|西蒲田5丁目,156395.81620010355,2,42.01788583927306,多摩川
大田区|西蒲田5丁目,156395.81620010355,3,52.374786783364584,多摩川
大田区|西蒲田5丁目,156395.81620010355,3,11.127979247472762,多摩川
大田区|西蒲田5丁目,156395.81620010355,3,26.184587449238755,多摩川
大田区|西蒲田5丁目,156395.81620010355,3,6.039374119212747,多摩川
大田区|西蒲田5丁目,156395.81620010355,3,5.471867987299292,多摩川
大田区|西蒲田6丁目,145631.7251000133,1,52.37503952219278,多摩川
大田区|西蒲田6丁目,145631.7251000133,1,26.183906410002372,多摩川
大田区|西蒲田6丁目,145631.7251000133,1,26.19020504013025,多摩川
大田区|西蒲田6丁目,145631.7251000133,1,26.183947184051235,多摩川
大田区|西蒲田6丁目,145631.7251000133,2,112905.14263498835,多摩川
大田区|西蒲田6丁目,145631.7251000133,2,32595.11949308194,多摩川
大田区|西蒲田7丁目,210066.56670910434,1,549.9700189205328,多摩川
大田区|西蒲田7丁目,210066.56670910434,2,209056.71471340235,多摩川
大田区|西蒲田7丁目,210066.56670910434,3,386.7868490232421,多摩川
大田区|西蒲田7丁目,210066.56670910434,3,20.713001245279095,多摩川
大田区|西蒲田7丁目,210066.56670910434,4,52.382126512898466,多摩川
大田区|西蒲田8丁目,107311.00621822146,1,52.37824782553283,多摩川
大田区|西蒲田8丁目,107311.00621822146,1,26.186066993594597,多摩川
大田区|西蒲田8丁目,107311.00621822146,1,418.72748669557257,多摩川
大田区|西蒲田8丁目,107311.00621822146,1,48.12689422412942,多摩川
大田区|西蒲田8丁目,107311.00621822146,2,106607.2349263159,多摩川
大田区|蒲田1丁目,253464.77890842798,1,26.18974136406245,多摩川
大田区|蒲田1丁目,253464.77890842798,1,26.191433836891296,多摩川
大田区|蒲田1丁目,253464.77890842798,1,261.9009404478134,多摩川
大田区|蒲田1丁目,253464.77890842798,1,942.7715441362014,多摩川
大田区|蒲田1丁目,253464.77890842798,1,995.1269930354301,多摩川
大田区|蒲田1丁目,253464.77890842798,1,52.379040615017665,多摩川
大田区|蒲田1丁目,253464.77890842798,1,653.9226193301986,多摩川
大田区|蒲田1丁目,253464.77890842798,1,26.183077652672388,多摩川
大田区|蒲田1丁目,253464.77890842798,1,52.36655707489727,多摩川
大田区|蒲田1丁目,253464.77890842798,1,26.183639517696875,多摩川
大田区|蒲田1丁目,253464.77890842798,1,78.56200531590473,多摩川
大田区|蒲田1丁目,253464.77890842798,1,52.3727488088214,多摩川
大田区|蒲田1丁目,253464.77890842798,1,1178.4338634838489,多摩川
大田区|蒲田1丁目,253464.77890842798,1,26.183488342145612,多摩川
大田区|蒲田1丁目,253464.77890842798,1,26.183640056300106,多摩川
大田区|蒲田1丁目,253464.77890842798,1,26.189918392385025,多摩川
大田区|蒲田1丁目,253464.77890842798,1,78.56268863971194,多摩川
大田区|蒲田1丁目,253464.77890842798,1,3122.678662394041,多摩川
大田区|蒲田1丁目,253464.77890842798,1,3964.1127812948976,多摩川
大田区|蒲田1丁目,253464.77890842798,1,26.183855095384168,多摩川
大田区|蒲田1丁目,253464.77890842798,2,136929.74449649104,多摩川
大田区|蒲田1丁目,253464.77890842798,2,56.09408725683427,多摩川
大田区|蒲田1丁目,253464.77890842798,2,94568.31121617311,多摩川
大田区|蒲田1丁目,253464.77890842798,2,1167.0260207026108,多摩川
大田区|蒲田1丁目,253464.77890842798,2,38.38963700041031,多摩川
大田区|蒲田1丁目,253464.77890842798,2,39.25095977048717,多摩川
大田区|蒲田1丁目,253464.77890842798,2,17.485343637304034,多摩川
大田区|蒲田1丁目,253464.77890842798,2,15.125591972232485,多摩川
大田区|蒲田1丁目,253464.77890842798,2,14.453726339057907,多摩川
大田区|蒲田1丁目,253464.77890842798,2,135.2286699406261,多摩川
大田区|蒲田1丁目,253464.77890842798,2,10.356525517552024,多摩川
大田区|蒲田1丁目,253464.77890842798,2,52.374579206426986,多摩川
大田区|蒲田1丁目,253464.77890842798,2,52.37515630224381,多摩川
大田区|蒲田1丁目,253464.77890842798,3,26.18973396331724,多摩川
大田区|蒲田1丁目,253464.77890842798,3,15.05631828210441,多摩川
大田区|蒲田1丁目,253464.77890842798,3,26.190609408956416,多摩川
大田区|蒲田1丁目,253464.77890842798,3,5.658487654557882,多摩川
大田区|蒲田2丁目,158508.44286795834,1,26.190221879495624,多摩川
大田区|蒲田2丁目,158508.44286795834,1,130.93910614738837,多摩川
大田区|蒲田2丁目,158508.44286795834,1,759.4600250798127,多摩川
大田区|蒲田2丁目,158508.44286795834,1,78.56488486773097,多摩川
大田区|蒲田2丁目,158508.44286795834,1,52.36790305960125,多摩川
大田区|蒲田2丁目,158508.44286795834,1,26.190463520111766,多摩川
大田区|蒲田2丁目,158508.44286795834,2,92467.57624805902,多摩川
大田区|蒲田2丁目,158508.44286795834,2,64966.55485270583,多摩川
大田区|蒲田3丁目,140210.08253170684,1,472.7944791534276,多摩川
大田区|蒲田3丁目,140210.08253170684,1,52.382947522394616,多摩川
大田区|蒲田3丁目,140210.08253170684,2,135167.8932547254,多摩川
大田区|蒲田3丁目,140210.08253170684,2,26.191933519555324,多摩川
大田区|蒲田4丁目,162003.80965310783,1,237.32810911909922,多摩川
大田区|蒲田4丁目,162003.80965310783,1,52.383885460629365,多摩川
大田区|蒲田4丁目,162003.80965310783,1,26.18553230195674,多摩川
大田区|蒲田4丁目,162003.80965310783,1,52.38344203952158,多摩川
大田区|蒲田4丁目,162003.80965310783,1,104.76343514328845,多摩川
大田区|蒲田4丁目,162003.80965310783,1,92.52327473443596,多摩川
大田区|蒲田4丁目,162003.80965310783,2,155385.46864900624,多摩川
大田区|蒲田5丁目,220488.78469828874,1,117.00312354126851,多摩川
大田区|蒲田5丁目,220488.78469828874,1,314.2720253748541,多摩川
大田区|蒲田5丁目,220488.78469828874,1,52.383689248326604,多摩川
大田区|蒲田5丁目,220488.78469828874,1,7071.285384615262,多摩川
大田区|蒲田5丁目,220488.78469828874,1,104.76125452843448,多摩川
大田区|蒲田5丁目,220488.78469828874,1,52.37751040922264,多摩川
大田区|蒲田5丁目,220488.78469828874,1,26.191877998381138,多摩川
大田区|蒲田5丁目,220488.78469828874,1,26.185699272510874,多摩川
大田区|蒲田5丁目,220488.78469828874,1,26.191971388269835,多摩川
大田区|蒲田5丁目,220488.78469828874,1,942.8221146824803,多摩川
大田区|蒲田5丁目,220488.78469828874,1,26.185539403991722,多摩川
大田区|蒲田5丁目,220488.78469828874,1,78.55661754006077,多摩川
大田区|蒲田5丁目,220488.78469828874,1,759.528378382729,多摩川
大田区|蒲田5丁目,220488.78469828874,1,26.185820074783464,多摩川
大田区|蒲田5丁目,220488.78469828874,1,26.192079005515023,多摩川
大田区|蒲田5丁目,220488.78469828874,1,1466.5941052236913,多摩川
大田区|蒲田5丁目,220488.78469828874,1,52.38255423369919,多摩川
大田区|蒲田5丁目,220488.78469828874,1,52.37772299800681,多摩川
大田区|蒲田5丁目,220488.78469828874,1,78.5668487396315,多摩川
大田区|蒲田5丁目,220488.78469828874,1,4766.3898024499595,多摩川
大田区|蒲田5丁目,220488.78469828874,1,26.184819230562656,多摩川
大田区|蒲田5丁目,220488.78469828874,1,26.191648351406073,多摩川
大田区|蒲田5丁目,220488.78469828874,1,1443.8058168763598,多摩川
大田区|蒲田5丁目,220488.78469828874,1,104.75808544691505,多摩川
大田区|蒲田5丁目,220488.78469828874,1,26.19141252543422,多摩川
大田区|蒲田5丁目,220488.78469828874,1,52.382972341888376,多摩川
大田区|蒲田5丁目,220488.78469828874,1,26.18530093580573,多摩川
大田区|蒲田5丁目,220488.78469828874,1,78.56723110833244,多摩川
大田区|蒲田5丁目,220488.78469828874,1,78.5684127030608,多摩川
大田区|蒲田5丁目,220488.78469828874,1,314.2733230091681,多摩川
大田区|蒲田5丁目,220488.78469828874,1,2933.231197224831,多摩川
大田区|蒲田5丁目,220488.78469828874,1,26.18562294794495,多摩川
大田区|蒲田5丁目,220488.78469828874,1,26.19196201037654,多摩川
大田区|蒲田5丁目,220488.78469828874,1,26.192265109362836,多摩川
大田区|蒲田5丁目,220488.78469828874,1,130.94927584214872,多摩川
大田区|蒲田5丁目,220488.78469828874,1,26.904703708073676,多摩川
大田区|蒲田5丁目,220488.78469828874,2,190517.35393297713,多摩川
大田区|蒲田5丁目,220488.78469828874,3,130.943115966072,多摩川
大田区|蒲田5丁目,220488.78469828874,3,20.53245167697869,多摩川
大田区|蒲田5丁目,220488.78469828874,3,26.1907564860124,多摩川
大田区|蒲田本町1丁目,145519.4571353567,1,2144.299295233275,多摩川
大田区|蒲田本町1丁目,145519.4571353567,1,26.186503839721,多摩川
大田区|蒲田本町1丁目,145519.4571353567,1,26.186183961966186,多摩川
大田区|蒲田本町1丁目,145519.4571353567,1,130.96345372544283,多摩川
大田区|蒲田本町1丁目,145519.4571353567,1,3850.0388661837055,多摩川
大田区|蒲田本町1丁目,145519.4571353567,1,183.32474760817655,多摩川
大田区|蒲田本町1丁目,145519.4571353567,1,26.185950295506764,多摩川
大田区|蒲田本町1丁目,145519.4571353567,1,26.192804154116608,多摩川
大田区|蒲田本町1丁目,145519.4571353567,1,26.186754688584244,多摩川
大田区|蒲田本町1丁目,145519.4571353567,1,52.37945000234557,多摩川
大田区|蒲田本町1丁目,145519.4571353567,1,52.38603619903955,多摩川
大田区|蒲田本町1丁目,145519.4571353567,1,78.57175841112357,多摩川
大田区|蒲田本町1丁目,145519.4571353567,1,26.186514482968313,多摩川
大田区|蒲田本町1丁目,145519.4571353567,1,26.193094556114826,多摩川
大田区|蒲田本町1丁目,145519.4571353567,1,235.7080168659831,多摩川
大田区|蒲田本町1丁目,145519.4571353567,1,52.385881818819676,多摩川
大田区|蒲田本町1丁目,145519.4571353567,1,575.4719418034258,多摩川
大田区|蒲田本町1丁目,145519.4571353567,1,52.385418870028765,多摩川
大田区|蒲田本町1丁目,145519.4571353567,1,104.76334452781902,多摩川
大田区|蒲田本町1丁目,145519.4571353567,1,157.15120016784556,多摩川
大田区|蒲田本町1丁目,145519.4571353567,1,52.385771042654284,多摩川
大田区|蒲田本町1丁目,145519.4571353567,1,26.193059676573295,多摩川
大田区|蒲田本町1丁目,145519.4571353567,1,130.95091373337607,多摩川
大田区|蒲田本町1丁目,145519.4571353567,1,52.379045301273536,多摩川
大田区|蒲田本町1丁目,145519.4571353567,1,419.0517020989109,多摩川
大田区|蒲田本町1丁目,145519.4571353567,1,52.38628477315723,多摩川
大田区|蒲田本町1丁目,145519.4571353567,1,78.57249218673734,多摩川
大田区|蒲田本町1丁目,145519.4571353567,1,52.38579874089453,多摩川
大田区|蒲田本町1丁目,145519.4571353567,1,26.192886182998848,多摩川
大田区|蒲田本町1丁目,145519.4571353567,2,134600.26930307323,多摩川
大田区|蒲田本町1丁目,145519.4571353567,2,157.13733781365087,多摩川
大田区|蒲田本町1丁目,145519.4571353567,2,26.192657893607,多摩川
大田区|蒲田本町2丁目,115982.34676739073,2,115982.3467673907,多摩川
大田区|新蒲田1丁目,183036.72202122994,1,78.57229730685562,多摩川
大田区|新蒲田1丁目,183036.72202122994,1,52.372862368990525,多摩川
大田区|新蒲田1丁目,183036.72202122994,1,26.193137268619914,多摩川
大田区|新蒲田1丁目,183036.72202122994,1,157.46166514286256,多摩川
大田区|新蒲田1丁目,183036.72202122994,1,104.76660301398539,多摩川
大田区|新蒲田1丁目,183036.72202122994,1,759.5429958107397,多摩川
大田区|新蒲田1丁目,183036.72202122994,1,292.3562956855126,多摩川
大田区|新蒲田1丁目,183036.72202122994,1,471.43484594516985,多摩川
大田区|新蒲田1丁目,183036.72202122994,1,52.37427117613018,多摩川
大田区|新蒲田1丁目,183036.72202122994,1,78.56613176361964,多摩川
大田区|新蒲田1丁目,183036.72202122994,1,576.2070552866239,多摩川
大田区|新蒲田1丁目,183036.72202122994,1,157.15922730059128,多摩川
大田区|新蒲田1丁目,183036.72202122994,1,26.193130985218872,多摩川
大田区|新蒲田1丁目,183036.72202122994,2,179969.02563992655,多摩川
大田区|新蒲田2丁目,135238.3818933473,2,121130.62552496717,多摩川
大田区|新蒲田2丁目,135238.3818933473,2,235.69608196254725,多摩川
大田区|新蒲田2丁目,135238.3818933473,2,26.191909902021656,多摩川
大田区|新蒲田2丁目,135238.3818933473,2,104.74862789515315,多摩川
大田区|新蒲田2丁目,135238.3818933473,3,2068.7815911004395,多摩川
大田区|新蒲田2丁目,135238.3818933473,3,0.500337149612242,多摩川
大田区|新蒲田2丁目,135238.3818933473,3,52.37135203576897,多摩川
大田区|新蒲田2丁目,135238.3818933473,3,1487.3370547023596,多摩川
大田区|新蒲田2丁目,135238.3818933473,3,26.191935142231063,多摩川
大田区|新蒲田2丁目,135238.3818933473,3,26.185716421321395,多摩川
大田区|新蒲田2丁目,135238.3818933473,3,4351.484202716019,多摩川
大田区|新蒲田2丁目,135238.3818933473,3,155.79781702573928,多摩川
大田区|新蒲田2丁目,135238.3818933473,3,759.5414833816884,多摩川
大田区|新蒲田2丁目,135238.3818933473,3,26.19178969741128,多摩川
大田区|新蒲田2丁目,135238.3818933473,3,654.7379544147174,多摩川
大田区|新蒲田2丁目,135238.3818933473,3,497.61527660776045,多摩川
大田区|新蒲田2丁目,135238.3818933473,4,1539.2166479406774,多摩川
大田区|新蒲田2丁目,135238.3818933473,4,1702.3190678512938,多摩川
大田区|新蒲田2丁目,135238.3818933473,4,392.8475224331973,多摩川
大田区|新蒲田3丁目,189268.06668758052,2,189268.06668758052,多摩川
世田谷区|宇奈根1丁目,338715.1637357809,1,26.167780222522133,多摩川
世田谷区|宇奈根1丁目,338715.1637357809,1,52.347994004206704,多摩川
世田谷区|宇奈根1丁目,338715.1637357809,1,78.50940401949454,多摩川
世田谷区|宇奈根1丁目,338715.1637357809,1,26.173932350074878,多摩川
世田谷区|宇奈根1丁目,338715.1637357809,1,26.173605031898425,多摩川
世田谷区|宇奈根1丁目,338715.1637357809,1,26.167585952435246,多摩川
世田谷区|宇奈根1丁目,338715.1637357809,1,26.17385424083249,多摩川
世田谷区|宇奈根1丁目,338715.1637357809,1,52.34781329152732,多摩川
世田谷区|宇奈根1丁目,338715.1637357809,1,52.33522463175449,多摩川
世田谷区|宇奈根1丁目,338715.1637357809,1,52.347472976236446,多摩川
世田谷区|宇奈根1丁目,338715.1637357809,1,52.347446802028436,多摩川
世田谷区|宇奈根1丁目,338715.1637357809,2,101346.83172889854,多摩川
世田谷区|宇奈根1丁目,338715.1637357809,2,1308.517739930064,多摩川
世田谷区|宇奈根1丁目,338715.1637357809,2,340.22646914768313,多摩川
世田谷区|宇奈根1丁目,338715.1637357809,2,130.86856691989558,多摩川
世田谷区|宇奈根1丁目,338715.1637357809,2,26.173044081564967,多摩川
世田谷区|宇奈根1丁目,338715.1637357809,2,26.173191573239336,多摩川
世田谷区|宇奈根1丁目,338715.1637357809,2,26.16693745189666,多摩川
世田谷区|宇奈根1丁目,338715.1637357809,2,235.52670734720564,多摩川
世田谷区|宇奈根1丁目,338715.1637357809,2,52.34014497733,多摩川
世田谷区|宇奈根1丁目,338715.1637357809,2,26.173656829296448,多摩川
世田谷区|宇奈根1丁目,338715.1637357809,2,78.51436940465908,多摩川
世田谷区|宇奈根1丁目,338715.1637357809,2,26.166417108509172,多摩川
世田谷区|宇奈根1丁目,338715.1637357809,2,26.173448638030123,多摩川
世田谷区|宇奈根1丁目,338715.1637357809,2,26.173997961150086,多摩川
世田谷区|宇奈根1丁目,338715.1637357809,2,26.172444260876105,多摩川
世田谷区|宇奈根1丁目,338715.1637357809,2,52.33870199828245,多摩川
世田谷区|宇奈根1丁目,338715.1637357809,2,52.338890143548944,多摩川
世田谷区|宇奈根1丁目,338715.1637357809,2,26.166940587402863,多摩川
世田谷区|宇奈根1丁目,338715.1637357809,2,52.34102791793816,多摩川
世田谷区|宇奈根1丁目,338715.1637357809,2,52.34735373753763,多摩川
世田谷区|宇奈根1丁目,338715.1637357809,2,26.172525847962717,多摩川
世田谷区|宇奈根1丁目,338715.1637357809,2,1465.5758529771908,多摩川
世田谷区|宇奈根1丁目,338715.1637357809,2,26.17345709271077,多摩川
世田谷区|宇奈根1丁目,338715.1637357809,2,104.67715660658207,多摩川
世田谷区|宇奈根1丁目,338715.1637357809,2,52.33891471022234,多摩川
世田谷区|宇奈根1丁目,338715.1637357809,2,26.16625863789316,多摩川
世田谷区|宇奈根1丁目,338715.1637357809,2,130.8587086003238,多摩川
世田谷区|宇奈根1丁目,338715.1637357809,2,26.167102963768127,多摩川
世田谷区|宇奈根1丁目,338715.1637357809,2,78.51206032545917,多摩川
世田谷区|宇奈根1丁目,338715.1637357809,2,26.172687638318628,多摩川
世田谷区|宇奈根1丁目,338715.1637357809,2,78.50604104091087,多摩川
世田谷区|宇奈根1丁目,338715.1637357809,2,1674.9180563812697,多摩川
世田谷区|宇奈根1丁目,338715.1637357809,2,26.17287595164143,多摩川
世田谷区|宇奈根1丁目,338715.1637357809,2,52.33890446309087,多摩川
世田谷区|宇奈根1丁目,338715.1637357809,2,26.166952973011316,多摩川
世田谷区|宇奈根1丁目,338715.1637357809,2,26.16686372230904,多摩川
世田谷区|宇奈根1丁目,338715.1637357809,2,78.50604484480404,多摩川
世田谷区|宇奈根1丁目,338715.1637357809,2,26.172837427754885,多摩川
世田谷区|宇奈根1丁目,338715.1637357809,2,157.0251431601697,多摩川
世田谷区|宇奈根1丁目,338715.1637357809,2,26.16690464797669,多摩川
世田谷区|宇奈根1丁目,338715.1637357809,3,128675.40642123886,多摩川
世田谷区|宇奈根1丁目,338715.1637357809,3,261.7257086384324,多摩川
世田谷区|宇奈根1丁目,338715.1637357809,3,104.68621720300156,多摩川
世田谷区|宇奈根1丁目,338715.1637357809,3,1099.1878518190829,多摩川
世田谷区|宇奈根1丁目,338715.1637357809,3,26.173247568733288,多摩川
世田谷区|宇奈根1丁目,338715.1637357809,3,26.173154256262855,多摩川
世田谷区|宇奈根1丁目,338715.1637357809,3,26.173891550575,多摩川
世田谷区|宇奈根1丁目,338715.1637357809,3,26.16669983688673,多摩川
世田谷区|宇奈根1丁目,338715.1637357809,3,52.34632338507715,多摩川
世田谷区|宇奈根1丁目,338715.1637357809,3,26.167391739331304,多摩川
世田谷区|宇奈根1丁目,338715.1637357809,3,26.172365843472647,多摩川
世田谷区|宇奈根1丁目,338715.1637357809,3,2512.474484850828,多摩川
世田谷区|宇奈根1丁目,338715.1637357809,3,26.167062166691927,多摩川
世田谷区|宇奈根1丁目,338715.1637357809,3,23.631607500374734,多摩川
世田谷区|宇奈根1丁目,338715.1637357809,3,11.289485982790543,多摩川
世田谷区|宇奈根1丁目,338715.1637357809,3,52.34047480539887,多摩川
世田谷区|宇奈根1丁目,338715.1637357809,3,209.36301803244413,多摩川
世田谷区|宇奈根1丁目,338715.1637357809,3,104.69216371001711,多摩川
世田谷区|宇奈根1丁目,338715.1637357809,3,26.166791796360528,多摩川
世田谷区|宇奈根1丁目,338715.1637357809,3,26.172876711262603,多摩川
世田谷区|宇奈根1丁目,338715.1637357809,3,78.51888494729862,多摩川
世田谷区|宇奈根1丁目,338715.1637357809,3,78.51192349933542,多摩川
世田谷区|宇奈根1丁目,338715.1637357809,3,26.172899290510635,多摩川
世田谷区|宇奈根1丁目,338715.1637357809,3,26.167467554467734,多摩川
世田谷区|宇奈根1丁目,338715.1637357809,3,26.166584135391044,多摩川
世田谷区|宇奈根1丁目,338715.1637357809,3,26.172851876626314,多摩川
世田谷区|宇奈根1丁目,338715.1637357809,3,52.33952333368464,多摩川
世田谷区|宇奈根1丁目,338715.1637357809,3,26.173213090847042,多摩川
世田谷区|宇奈根1丁目,338715.1637357809,3,321.46953119127295,多摩川
世田谷区|宇奈根1丁目,338715.1637357809,3,52.346800118265264,多摩川
世田谷区|宇奈根1丁目,338715.1637357809,3,12.541514693706995,多摩川
世田谷区|宇奈根1丁目,338715.1637357809,3,17.969916263618803,多摩川
世田谷区|宇奈根1丁目,338715.1637357809,4,157.02397823174041,多摩川
世田谷区|宇奈根1丁目,338715.1637357809,4,183.19596636602697,多摩川
世田谷区|宇奈根1丁目,338715.1637357809,4,26.172628211170252,多摩川
世田谷区|宇奈根1丁目,338715.1637357809,4,52.338621612121294,多摩川
世田谷区|宇奈根2丁目,332686.8137074412,1,52.34721087786056,多摩川
世田谷区|宇奈根2丁目,332686.8137074412,1,26.167520436465907,多摩川
世田谷区|宇奈根2丁目,332686.8137074412,1,52.34715819454348,多摩川
世田谷区|宇奈根2丁目,332686.8137074412,1,26.173526378228466,多摩川
世田谷区|宇奈根2丁目,332686.8137074412,1,26.167192567386536,多摩川
世田谷区|宇奈根2丁目,332686.8137074412,1,52.34692138750386,多摩川
世田谷区|宇奈根2丁目,332686.8137074412,1,392.580100433859,多摩川
世田谷区|宇奈根2丁目,332686.8137074412,1,26.173181775069743,多摩川
世田谷区|宇奈根2丁目,332686.8137074412,1,52.34668548892201,多摩川
世田谷区|宇奈根2丁目,332686.8137074412,1,26.17316883655063,多摩川
世田谷区|宇奈根2丁目,332686.8137074412,1,52.346659315057,多摩川
世田谷区|宇奈根2丁目,332686.8137074412,1,52.33407095616546,多摩川
世田谷区|宇奈根2丁目,332686.8137074412,1,471.09240138422575,多摩川
世田谷区|宇奈根2丁目,332686.8137074412,1,52.33399243184454,多摩川
世田谷区|宇奈根2丁目,332686.8137074412,1,340.21864129103034,多摩川
世田谷区|宇奈根2丁目,332686.8137074412,1,104.67974469189016,多摩川
世田谷区|宇奈根2丁目,332686.8137074412,1,26.17314405467343,多摩川
世田谷区|宇奈根2丁目,332686.8137074412,1,52.34590032507847,多摩川
世田谷区|宇奈根2丁目,332686.8137074412,1,52.34650226080937,多摩川
世田谷区|宇奈根2丁目,332686.8137074412,1,26.17313097146763,多摩川
世田谷区|宇奈根2丁目,332686.8137074412,1,52.33367351279359,多摩川
世田谷区|宇奈根2丁目,332686.8137074412,1,26.173104621970985,多摩川
世田谷区|宇奈根2丁目,332686.8137074412,1,78.50644624788347,多摩川
世田谷区|宇奈根2丁目,332686.8137074412,1,889.8670377635838,多摩川
世田谷区|宇奈根2丁目,332686.8137074412,1,26.166837300020823,多摩川
世田谷区|宇奈根2丁目,332686.8137074412,1,26.173234582365183,多摩川
世田谷区|宇奈根2丁目,332686.8137074412,1,261.7120964465275,多摩川
世田谷区|宇奈根2丁目,332686.8137074412,2,206732.88859678953,多摩川
世田谷区|宇奈根2丁目,332686.8137074412,2,26.173605962847777,多摩川
世田谷区|宇奈根2丁目,332686.8137074412,3,1439.35879489683,多摩川
世田谷区|宇奈根2丁目,332686.8137074412,3,149.59996858855837,多摩川
世田谷区|宇奈根2丁目,332686.8137074412,3,13.632070652156752,多摩川
世田谷区|宇奈根2丁目,332686.8137074412,3,26.172652762273046,多摩川
世田谷区|宇奈根2丁目,332686.8137074412,3,26.16634564465958,多摩川
世田谷区|宇奈根2丁目,332686.8137074412,3,26.17267955291632,多摩川
世田谷区|宇奈根2丁目,332686.8137074412,3,8.197031885445465,多摩川
世田谷区|宇奈根2丁目,332686.8137074412,3,157.03365855717763,多摩川
世田谷区|宇奈根2丁目,332686.8137074412,3,2067.4733949781803,多摩川
世田谷区|宇奈根2丁目,332686.8137074412,3,26.172801500177904,多摩川
世田谷区|宇奈根2丁目,332686.8137074412,3,52.34513501751112,多摩川
世田谷区|宇奈根2丁目,332686.8137074412,3,26.172655369133484,多摩川
世田谷区|宇奈根2丁目,332686.8137074412,3,37.37268041958715,多摩川
世田谷区|宇奈根2丁目,332686.8137074412,3,1429.6769357207538,多摩川
世田谷区|宇奈根2丁目,332686.8137074412,3,11.134358613529493,多摩川
世田谷区|宇奈根2丁目,332686.8137074412,3,42.5128130205573,多摩川
世田谷区|宇奈根3丁目,131151.59228706453,2,102800.00232976409,多摩川
世田谷区|宇奈根3丁目,131151.59228706453,2,183.19991616658737,多摩川
世田谷区|宇奈根3丁目,131151.59228706453,2,78.5043448347191,多摩川
世田谷区|宇奈根3丁目,131151.59228706453,2,26.16549778518349,多摩川
世田谷区|宇奈根3丁目,131151.59228706453,2,26.171764973574405,多摩川
世田谷区|宇奈根3丁目,131151.59228706453,3,11719.930598614968,多摩川
世田谷区|宇奈根3丁目,131151.59228706453,3,52.33741550251587,多摩川
世田谷区|宇奈根3丁目,131151.59228706453,3,78.51575264393952,多摩川
世田谷区|宇奈根3丁目,131151.59228706453,3,26.165823592868804,多摩川
世田谷区|宇奈根3丁目,131151.59228706453,3,26.165654892587668,多摩川
世田谷区|宇奈根3丁目,131151.59228706453,3,78.5163416232899,多摩川
世田谷区|宇奈根3丁目,131151.59228706453,3,26.172190195900107,多摩川
世田谷区|宇奈根3丁目,131151.59228706453,3,26.172149862999046,多摩川
世田谷区|宇奈根3丁目,131151.59228706453,3,26.172270725216997,多摩川
世田谷区|宇奈根3丁目,131151.59228706453,3,26.172203893352048,多摩川
世田谷区|宇奈根3丁目,131151.59228706453,3,98.44490155034977,多摩川
世田谷区|宇奈根3丁目,131151.59228706453,3,26.17142837389846,多摩川
世田谷区|宇奈根3丁目,131151.59228706453,3,28.712964193225595,多摩川
世田谷区|宇奈根3丁目,131151.59228706453,3,41.055059503452455,多摩川
世田谷区|宇奈根3丁目,131151.59228706453,3,26.17179130242937,多摩川
世田谷区|宇奈根3丁目,131151.59228706453,3,497.21393386447767,多摩川
世田谷区|宇奈根3丁目,131151.59228706453,3,26.171765104510033,多摩川
世田谷区|宇奈根3丁目,131151.59228706453,3,26.17176480013288,多摩川
世田谷区|宇奈根3丁目,131151.59228706453,3,26.1717515817249,多摩川
世田谷区|宇奈根3丁目,131151.59228706453,3,26.165457758313124,多摩川
世田谷区|宇奈根3丁目,131151.59228706453,3,146.32209804084602,多摩川
世田谷区|宇奈根3丁目,131151.59228706453,3,26.16545926765443,多摩川
世田谷区|宇奈根3丁目,131151.59228706453,3,52.3431859980509,多摩川
世田谷区|宇奈根3丁目,131151.59228706453,3,26.171633424395406,多摩川
世田谷区|宇奈根3丁目,131151.59228706453,3,52.336972150194356,多摩川
世田谷区|宇奈根3丁目,131151.59228706453,3,26.171713499879562,多摩川
世田谷区|大蔵5丁目,218930.22498035213,1,157.01051208806825,多摩川
世田谷区|大蔵5丁目,218930.22498035213,1,654.2116087335268,多摩川
世田谷区|大蔵5丁目,218930.22498035213,1,52.34093548015375,多摩川
世田谷区|大蔵5丁目,218930.22498035213,1,104.67626013101804,多摩川
世田谷区|大蔵5丁目,218930.22498035213,1,26.16432768342041,多摩川
世田谷区|大蔵5丁目,218930.22498035213,1,26.164689490896787,多摩川
世田谷区|大蔵5丁目,218930.22498035213,1,26.164649448711945,多摩川
世田谷区|大蔵5丁目,218930.22498035213,1,26.171117254602674,多摩川
世田谷区|大蔵5丁目,218930.22498035213,1,287.84303500181204,多摩川
世田谷区|大蔵5丁目,218930.22498035213,1,26.17083724530083,多摩川
世田谷区|大蔵5丁目,218930.22498035213,1,52.34182185348871,多摩川
世田谷区|大蔵5丁目,218930.22498035213,1,26.16461017932756,多摩川
世田谷区|大蔵5丁目,218930.22498035213,1,3987.970743849812,多摩川
世田谷区|大蔵5丁目,218930.22498035213,1,497.19971533197116,多摩川
世田谷区|大蔵5丁目,218930.22498035213,1,157.006332365088,多摩川
世田谷区|大蔵5丁目,218930.22498035213,1,52.34164814272672,多摩川
世田谷区|大蔵5丁目,218930.22498035213,1,26.170917926685465,多摩川
世田谷区|大蔵5丁目,218930.22498035213,1,183.17790468567418,多摩川
世田谷区|大蔵5丁目,218930.22498035213,2,28813.421300117945,多摩川
世田谷区|大蔵5丁目,218930.22498035213,2,78.50442399601022,多摩川
世田谷区|大蔵5丁目,218930.22498035213,2,26.163927786733403,多摩川
世田谷区|大蔵5丁目,218930.22498035213,3,157.01286691277875,多摩川
世田谷区|大蔵5丁目,218930.22498035213,3,26.17107706402531,多摩川
世田谷区|大蔵6丁目,158179.52863421038,1,235.52737291379717,多摩川
世田谷区|大蔵6丁目,158179.52863421038,1,31.352015000157056,多摩川
世田谷区|大蔵6丁目,158179.52863421038,1,2145.9119195697253,多摩川
世田谷区|大蔵6丁目,158179.52863421038,1,26.165358845275264,多摩川
世田谷区|大蔵6丁目,158179.52863421038,1,26.171835340372315,多摩川
世田谷区|大蔵6丁目,158179.52863421038,1,0.00745308681325582,多摩川
世田谷区|大蔵6丁目,158179.52863421038,1,26.17173490176186,多摩川
世田谷区|大蔵6丁目,158179.52863421038,1,26.171735499736236,多摩川
世田谷区|大蔵6丁目,158179.52863421038,1,26.165441522681192,多摩川
世田谷区|大蔵6丁目,158179.52863421038,1,157.02996464762148,多摩川
世田谷区|大蔵6丁目,158179.52863421038,1,314.02822643805825,多摩川
世田谷区|大蔵6丁目,158179.52863421038,1,52.33686185264314,多摩川
世田谷区|大蔵6丁目,158179.52863421038,1,680.4222821799863,多摩川
世田谷区|大蔵6丁目,158179.52863421038,1,628.0841999903494,多摩川
世田谷区|大蔵6丁目,158179.52863421038,1,497.2114799645121,多摩川
世田谷区|大蔵6丁目,158179.52863421038,1,26.171301069243647,多摩川
世田谷区|大蔵6丁目,158179.52863421038,1,52.330014572105846,多摩川
世田谷区|大蔵6丁目,158179.52863421038,1,52.34254960883964,多摩川
世田谷区|大蔵6丁目,158179.52863421038,1,26.17094818060364,多摩川
世田谷区|大蔵6丁目,158179.52863421038,1,26.171261628791076,多摩川
世田谷区|大蔵6丁目,158179.52863421038,1,26.17126296959253,多摩川
世田谷区|大蔵6丁目,158179.52863421038,1,52.336205727709874,多摩川
世田谷区|大蔵6丁目,158179.52863421038,1,104.68492029119655,多摩川
世田谷区|大蔵6丁目,158179.52863421038,1,26.17140563586708,多摩川
世田谷区|大蔵6丁目,158179.52863421038,1,26.165049632695784,多摩川
世田谷区|大蔵6丁目,158179.52863421038,1,549.5520689763734,多摩川
世田谷区|大蔵6丁目,158179.52863421038,1,26.171344847546777,多摩川
世田谷区|大蔵6丁目,158179.52863421038,2,49450.62920588606,多摩川
世田谷区|大蔵6丁目,158179.52863421038,2,474.2586006073101,多摩川
世田谷区|大蔵6丁目,158179.52863421038,2,52.33620544927295,多摩川
世田谷区|大蔵6丁目,158179.52863421038,2,1873.437864541847,多摩川
世田谷区|大蔵6丁目,158179.52863421038,2,26.171044209195525,多摩川
世田谷区|大蔵6丁目,158179.52863421038,3,331.8409772833518,多摩川
世田谷区|大蔵6丁目,158179.52863421038,3,266.77471393108664,多摩川
世田谷区|大蔵6丁目,158179.52863421038,3,1256.1122125696115,多摩川
世田谷区|岡本2丁目,256499.5582853603,1,334.22950989158,多摩川
世田谷区|岡本2丁目,256499.5582853603,1,1491.7476992417157,多摩川
世田谷区|岡本2丁目,256499.5582853603,1,52.33316882364003,多摩川
世田谷区|岡本2丁目,256499.5582853603,1,26.166585471684833,多摩川
世田谷区|岡本2丁目,256499.5582853603,1,26.17285320331567,多摩川
世田谷区|岡本2丁目,256499.5582853603,1,26.1728399352713,多摩川
世田谷区|岡本2丁目,256499.5582853603,1,26.172813436356638,多摩川
世田谷区|岡本2丁目,256499.5582853603,1,26.172800176945145,多摩川
世田谷区|岡本2丁目,256499.5582853603,1,52.333012053956544,多摩川
世田谷区|岡本2丁目,256499.5582853603,1,26.172773820615063,多摩川
世田谷区|岡本2丁目,256499.5582853603,1,52.33940933759313,多摩川
世田谷区|岡本2丁目,256499.5582853603,1,52.34565053106679,多摩川
世田谷区|岡本2丁目,256499.5582853603,1,26.16642646180255,多摩川
世田谷区|岡本2丁目,256499.5582853603,1,52.339469000600815,多摩川
世田谷区|岡本2丁目,256499.5582853603,1,209.3763330865544,多摩川
世田谷区|岡本2丁目,256499.5582853603,1,78.50626716292665,多摩川
世田谷区|岡本2丁目,256499.5582853603,1,52.34528323568558,多摩川
世田谷区|岡本2丁目,256499.5582853603,1,26.166588285580847,多摩川
世田谷区|岡本2丁目,256499.5582853603,1,130.8503946489605,多摩川
世田谷区|岡本2丁目,256499.5582853603,1,52.33261933035738,多摩川
世田谷区|岡本2丁目,256499.5582853603,1,26.172576830863115,多摩川
世田谷区|岡本2丁目,256499.5582853603,1,732.7812961854748,多摩川
世田谷区|岡本2丁目,256499.5582853603,1,78.51117385884812,多摩川
世田谷区|岡本2丁目,256499.5582853603,1,52.34490311638087,多摩川
世田谷区|岡本2丁目,256499.5582853603,1,26.172445147711564,多摩川
世田谷区|岡本2丁目,256499.5582853603,1,680.4314491760496,多摩川
世田谷区|岡本2丁目,256499.5582853603,1,78.50621891803542,多摩川
世田谷区|岡本2丁目,256499.5582853603,1,26.17240540748332,多摩川
世田谷区|岡本2丁目,256499.5582853603,1,26.166111259911453,多摩川
世田谷区|岡本2丁目,256499.5582853603,1,26.172780901955967,多摩川
世田谷区|岡本2丁目,256499.5582853603,1,235.5205508854494,多摩川
世田谷区|岡本2丁目,256499.5582853603,1,287.8731428496254,多摩川
世田谷区|岡本2丁目,256499.5582853603,1,471.0712917404532,多摩川
世田谷区|岡本2丁目,256499.5582853603,1,26.172327573156927,多摩川
世田谷区|岡本2丁目,256499.5582853603,1,785.1189219772783,多摩川
世田谷区|岡本2丁目,256499.5582853603,1,26.172630450020556,多摩川
世田谷区|岡本2丁目,256499.5582853603,1,52.339244990356754,多摩川
世田谷区|岡本2丁目,256499.5582853603,1,26.166033497104692,多摩川
世田谷区|岡本2丁目,256499.5582853603,1,78.51184250314355,多摩川
世田谷区|岡本2丁目,256499.5582853603,1,26.172730053328312,多摩川
世田谷区|岡本2丁目,256499.5582853603,1,78.51229163973466,多摩川
世田谷区|岡本2丁目,256499.5582853603,1,26.172261612731567,多摩川
世田谷区|岡本2丁目,256499.5582853603,1,26.17248935499832,多摩川
世田谷区|岡本2丁目,256499.5582853603,1,261.70057777306226,多摩川
世田谷区|岡本2丁目,256499.5582853603,1,26.172703694258352,多摩川
世田谷区|岡本2丁目,256499.5582853603,1,157.0234606053505,多摩川
世田谷区|岡本2丁目,256499.5582853603,1,1360.8686146029804,多摩川
世田谷区|岡本2丁目,256499.5582853603,1,26.165915112423484,多摩川
世田谷区|岡本2丁目,256499.5582853603,1,8.456457357348413,多摩川
世田谷区|岡本2丁目,256499.5582853603,1,26.166076244451666,多摩川
世田谷区|岡本2丁目,256499.5582853603,1,26.172343872356933,多摩川
世田谷区|岡本2丁目,256499.5582853603,1,26.17253969595599,多摩川
世田谷区|岡本2丁目,256499.5582853603,2,119682.11009214574,多摩川
世田谷区|岡本2丁目,256499.5582853603,2,253.1811305602381,多摩川
世田谷区|岡本2丁目,256499.5582853603,2,26.173167624840655,多摩川
世田谷区|岡本2丁目,256499.5582853603,2,26.166584217938716,多摩川
世田谷区|岡本2丁目,256499.5582853603,2,52.338834843529455,多摩川
世田谷区|岡本2丁目,256499.5582853603,2,26.16651976946148,多摩川
世田谷区|岡本2丁目,256499.5582853603,2,26.166194198551686,多摩川
世田谷区|岡本2丁目,256499.5582853603,2,26.166445297591128,多摩川
世田谷区|岡本2丁目,256499.5582853603,2,52.33852657024987,多摩川
世田谷区|岡本2丁目,256499.5582853603,3,1471.6577112038617,多摩川
世田谷区|岡本2丁目,256499.5582853603,3,575.7727692251165,多摩川
世田谷区|岡本2丁目,256499.5582853603,3,3.568297426289164,多摩川
世田谷区|岡本2丁目,256499.5582853603,3,261.70934864050565,多摩川
世田谷区|岡本3丁目,238792.7264809629,1,17.715725330987738,多摩川
世田谷区|岡本3丁目,238792.7264809629,1,26.166044944930654,多摩川
世田谷区|岡本3丁目,238792.7264809629,1,78.50962858317364,多摩川
世田谷区|岡本3丁目,238792.7264809629,1,26.165635432386956,多摩川
世田谷区|岡本3丁目,238792.7264809629,1,26.16575582729171,多摩川
世田谷区|岡本3丁目,238792.7264809629,1,549.5781987256552,多摩川
世田谷区|岡本3丁目,238792.7264809629,1,52.34379396866661,多摩川
世田谷区|岡本3丁目,238792.7264809629,1,78.5090847399925,多摩川
世田谷区|岡本3丁目,238792.7264809629,1,26.16572552877234,多摩川
世田谷区|岡本3丁目,238792.7264809629,1,26.171783694899425,多摩川
世田谷区|岡本3丁目,238792.7264809629,1,21.209896125500265,多摩川
世田谷区|岡本3丁目,238792.7264809629,1,680.4217208544133,多摩川
世田谷区|岡本3丁目,238792.7264809629,1,52.33079292535632,多摩川
世田谷区|岡本3丁目,238792.7264809629,1,52.343684148310324,多摩川
世田谷区|岡本3丁目,238792.7264809629,1,4003.9237889745527,多摩川
世田谷区|岡本3丁目,238792.7264809629,1,26.16535692434924,多摩川
世田谷区|岡本3丁目,238792.7264809629,1,26.1654779180545,多摩川
世田谷区|岡本3丁目,238792.7264809629,1,78.51520921368925,多摩川
世田谷区|岡本3丁目,238792.7264809629,1,26.165437596472525,多摩川
世田谷区|岡本3丁目,238792.7264809629,1,104.68052299960678,多摩川
世田谷区|岡本3丁目,238792.7264809629,1,52.343237412136276,多摩川
世田谷区|岡本3丁目,238792.7264809629,1,26.171585345649802,多摩川
世田谷区|岡本3丁目,238792.7264809629,1,104.68006859109899,多摩川
世田谷区|岡本3丁目,238792.7264809629,1,26.165438034460163,多摩川
世田谷区|岡本3丁目,238792.7264809629,1,26.171291651524115,多摩川
世田谷区|岡本3丁目,238792.7264809629,1,26.16379864361187,多摩川
世田谷区|岡本3丁目,238792.7264809629,1,52.33007551254249,多摩川
世田谷区|岡本3丁目,238792.7264809629,2,6796.698152916829,多摩川
世田谷区|岡本3丁目,238792.7264809629,2,104.68620586081245,多摩川
世田谷区|岡本3丁目,238792.7264809629,2,26.171530590665913,多摩川
世田谷区|岡本3丁目,238792.7264809629,2,52.3432370751998,多摩川
世田谷区|岡本3丁目,238792.7264809629,2,78.50848820425588,多摩川
世田谷区|岡本3丁目,238792.7264809629,2,26.171874807149038,多摩川
世田谷区|岡本3丁目,238792.7264809629,2,52.343477664905244,多摩川
世田谷区|岡本3丁目,238792.7264809629,2,284.6594926959276,多摩川
世田谷区|尾山台1丁目,147098.47217513723,1,157.05572547331994,多摩川
世田谷区|尾山台1丁目,147098.47217513723,1,52.35402783540999,多摩川
世田谷区|尾山台1丁目,147098.47217513723,1,146.74461886509528,多摩川
世田谷区|尾山台1丁目,147098.47217513723,1,78.53375356747816,多摩川
世田谷区|尾山台1丁目,147098.47217513723,1,52.35407045871669,多摩川
世田谷区|尾山台1丁目,147098.47217513723,1,26.180564387335917,多摩川
世田谷区|尾山台1丁目,147098.47217513723,1,157.06835922569448,多摩川
世田谷区|尾山台1丁目,147098.47217513723,1,26.180275568499145,多摩川
世田谷区|尾山台1丁目,147098.47217513723,1,392.6751237670319,多摩川
世田谷区|尾山台1丁目,147098.47217513723,1,258.02802843046584,多摩川
世田谷区|尾山台1丁目,147098.47217513723,1,26.180062990728423,多摩川
世田谷区|尾山台1丁目,147098.47217513723,1,52.35984986050617,多摩川
世田谷区|尾山台1丁目,147098.47217513723,1,78.53427565180044,多摩川
世田谷区|尾山台1丁目,147098.47217513723,1,26.180076280978646,多摩川
世田谷区|尾山台1丁目,147098.47217513723,2,9814.873737894182,多摩川
世田谷区|尾山台1丁目,147098.47217513723,2,24436.27534790002,多摩川
世田谷区|尾山台1丁目,147098.47217513723,3,3601.8001870355247,多摩川
世田谷区|尾山台1丁目,147098.47217513723,3,68.41092639985756,多摩川
世田谷区|尾山台1丁目,147098.47217513723,3,26.180293254418608,多摩川
世田谷区|尾山台1丁目,147098.47217513723,3,24.195456544770593,多摩川
世田谷区|尾山台1丁目,147098.47217513723,3,104.70929377246625,多摩川
世田谷区|尾山台1丁目,147098.47217513723,3,26.180555877976253,多摩川
世田谷区|尾山台2丁目,185579.0012945315,1,710.600171753818,多摩川
世田谷区|尾山台2丁目,185579.0012945315,1,811.516547607873,多摩川
世田谷区|尾山台2丁目,185579.0012945315,1,52.359248053967846,多摩川
世田谷区|尾山台2丁目,185579.0012945315,1,78.52688941673078,多摩川
世田谷区|尾山台2丁目,185579.0012945315,1,287.94440932012685,多摩川
世田谷区|尾山台2丁目,185579.0012945315,1,366.4822434283865,多摩川
世田谷区|尾山台2丁目,185579.0012945315,1,52.35952409525251,多摩川
世田谷区|尾山台2丁目,185579.0012945315,1,428.7422629212659,多摩川
世田谷区|尾山台2丁目,185579.0012945315,2,4701.807581920626,多摩川
世田谷区|尾山台2丁目,185579.0012945315,2,51.852069923434705,多摩川
世田谷区|尾山台2丁目,185579.0012945315,2,2958.0334913167567,多摩川
世田谷区|尾山台2丁目,185579.0012945315,2,330.42351107111523,多摩川
世田谷区|尾山台2丁目,185579.0012945315,3,26.180012678331497,多摩川
世田谷区|尾山台2丁目,185579.0012945315,3,7.114222455741777,多摩川
世田谷区|尾山台2丁目,185579.0012945315,3,26.179839927318895,多摩川
世田谷区|尾山台2丁目,185579.0012945315,3,5.292853364294906,多摩川
世田谷区|鎌田1丁目,393922.89554785495,2,29.478344585848625,多摩川
世田谷区|鎌田1丁目,393922.89554785495,2,183.2203016224026,多摩川
世田谷区|鎌田1丁目,393922.89554785495,2,26.16816740525369,多摩川
世田谷区|鎌田1丁目,393922.89554785495,2,26.167958354705526,多摩川
世田谷区|鎌田1丁目,393922.89554785495,2,340.22806429748175,多摩川
世田谷区|鎌田1丁目,393922.89554785495,2,52.3359199786296,多摩川
世田谷区|鎌田1丁目,393922.89554785495,2,52.33576475094563,多摩川
世田谷区|鎌田1丁目,393922.89554785495,2,3742.580127395121,多摩川
世田谷区|鎌田1丁目,393922.89554785495,2,26.167964936692094,多摩川
世田谷区|鎌田1丁目,393922.89554785495,2,52.348136695911776,多摩川
世田谷区|鎌田1丁目,393922.89554785495,3,36218.49169260093,多摩川
世田谷区|鎌田1丁目,393922.89554785495,3,1.3120013317773507,多摩川
世田谷区|鎌田1丁目,393922.89554785495,3,26.174197426473366,多摩川
世田谷区|鎌田1丁目,393922.89554785495,3,26.17419385389531,多摩川
世田谷区|鎌田1丁目,393922.89554785495,3,26.174193554420302,多摩川
世田谷区|鎌田1丁目,393922.89554785495,3,78.51622027998454,多摩川
世田谷区|鎌田1丁目,393922.89554785495,4,78.52275780638784,多摩川
世田谷区|鎌田1丁目,393922.89554785495,4,26.174181826948374,多摩川
世田谷区|鎌田1丁目,393922.89554785495,4,78.52264291219252,多摩川
世田谷区|鎌田1丁目,393922.89554785495,4,32950.34722646682,多摩川
世田谷区|鎌田1丁目,393922.89554785495,4,26.173658075283562,多摩川
世田谷区|鎌田2丁目,237680.24202670628,1,26.17412595907495,多摩川
世田谷区|鎌田2丁目,237680.24202670628,1,52.34846053207673,多摩川
世田谷区|鎌田2丁目,237680.24202670628,2,29731.19875100057,多摩川
世田谷区|鎌田2丁目,237680.24202670628,2,17351.790580537643,多摩川
世田谷区|鎌田2丁目,237680.24202670628,2,26.173421321663795,多摩川
世田谷区|鎌田2丁目,237680.24202670628,2,26.166858137721782,多摩川
世田谷区|鎌田2丁目,237680.24202670628,2,26.166648504704806,多摩川
世田谷区|鎌田2丁目,237680.24202670628,2,392.58134226414995,多摩川
世田谷区|鎌田2丁目,237680.24202670628,2,4449.04972304621,多摩川
世田谷区|鎌田2丁目,237680.24202670628,2,2591.514245100624,多摩川
世田谷区|鎌田2丁目,237680.24202670628,2,26.17274492349041,多摩川
世田谷区|鎌田2丁目,237680.24202670628,3,113677.45482729215,多摩川
世田谷区|鎌田2丁目,237680.24202670628,3,261.73000705017273,多摩川
世田谷区|鎌田2丁目,237680.24202670628,3,104.68991686446704,多摩川
世田谷区|鎌田2丁目,237680.24202670628,3,130.86397940360894,多摩川
世田谷区|鎌田2丁目,237680.24202670628,3,52.34180711111928,多摩川
世田谷区|鎌田2丁目,237680.24202670628,3,104.68372015501679,多摩川
世田谷区|鎌田2丁目,237680.24202670628,3,52.348221994591185,多摩川
世田谷区|鎌田2丁目,237680.24202670628,3,654.2927992869292,多摩川
世田谷区|鎌田2丁目,237680.24202670628,3,78.51029352680344,多摩川
世田谷区|鎌田2丁目,237680.24202670628,3,104.6836807392041,多摩川
世田谷区|鎌田2丁目,237680.24202670628,3,26.16716786569966,多摩川
世田谷区|鎌田2丁目,237680.24202670628,3,209.38219983526642,多摩川
世田谷区|鎌田2丁目,237680.24202670628,3,157.0171994679403,多摩川
世田谷区|鎌田2丁目,237680.24202670628,3,78.52246449440594,多摩川
世田谷区|鎌田2丁目,237680.24202670628,3,78.50376489206457,多摩川
世田谷区|鎌田2丁目,237680.24202670628,3,52.34830767451785,多摩川
世田谷区|鎌田2丁目,237680.24202670628,4,287.89618083678937,多摩川
世田谷区|鎌田2丁目,237680.24202670628,4,26.173021811200883,多摩川
世田谷区|鎌田2丁目,237680.24202670628,4,52.34021164077751,多摩川
世田谷区|鎌田2丁目,237680.24202670628,4,78.51304308019103,多摩川
世田谷区|鎌田2丁目,237680.24202670628,4,1910.568882659715,多摩川
世田谷区|鎌田2丁目,237680.24202670628,4,26.173610676478724,多摩川
世田谷区|鎌田3丁目,217150.05736633277,1,183.2059960523657,多摩川
世田谷区|鎌田3丁目,217150.05736633277,1,2512.4350523585513,多摩川
世田谷区|鎌田3丁目,217150.05736633277,1,340.23149250336553,多摩川
世田谷区|鎌田3丁目,217150.05736633277,1,130.85388353911657,多摩川
世田谷区|鎌田3丁目,217150.05736633277,1,26.166995891585564,多摩川
世田谷区|鎌田3丁目,217150.05736633277,1,1439.3893176075317,多摩川
世田谷区|鎌田3丁目,217150.05736633277,1,26.166481801727357,多摩川
世田谷区|鎌田3丁目,217150.05736633277,1,26.17306364574025,多摩川
世田谷区|鎌田3丁目,217150.05736633277,1,78.50716298328949,多摩川
世田谷区|鎌田3丁目,217150.05736633277,1,52.34580709564252,多摩川
世田谷区|鎌田3丁目,217150.05736633277,1,1256.1993900505001,多摩川
世田谷区|鎌田3丁目,217150.05736633277,1,26.173104556908353,多摩川
世田谷区|鎌田3丁目,217150.05736633277,1,26.173090996353935,多摩川
世田谷区|鎌田3丁目,217150.05736633277,1,26.173064076857365,多摩川
世田谷区|鎌田3丁目,217150.05736633277,1,26.173259927390028,多摩川
世田谷区|鎌田3丁目,217150.05736633277,1,392.56851394100926,多摩川
世田谷区|鎌田3丁目,217150.05736633277,1,26.17289036687704,多摩川
世田谷区|鎌田3丁目,217150.05736633277,1,26.172944373876916,多摩川
世田谷区|鎌田3丁目,217150.05736633277,1,52.34002236242651,多摩川
世田谷区|鎌田3丁目,217150.05736633277,1,26.173340876588913,多摩川
世田谷区|鎌田3丁目,217150.05736633277,1,52.34637028104073,多摩川
世田谷区|鎌田3丁目,217150.05736633277,1,130.8591950413331,多摩川
世田谷区|鎌田3丁目,217150.05736633277,1,26.173293085587623,多摩川
世田谷区|鎌田3丁目,217150.05736633277,1,78.5183408043577,多摩川
世田谷区|鎌田3丁目,217150.05736633277,1,261.713278332379,多摩川
世田谷区|鎌田3丁目,217150.05736633277,1,1256.1898067954255,多摩川
世田谷区|鎌田3丁目,217150.05736633277,1,26.166598439054038,多摩川
世田谷区|鎌田3丁目,217150.05736633277,1,26.165956013669366,多摩川
世田谷区|鎌田3丁目,217150.05736633277,1,78.51709594190845,多摩川
世田谷区|鎌田3丁目,217150.05736633277,1,26.172290701341893,多摩川
世田谷区|鎌田3丁目,217150.05736633277,1,26.17242482975573,多摩川
世田谷区|鎌田3丁目,217150.05736633277,1,26.16623769826942,多摩川
世田谷区|鎌田3丁目,217150.05736633277,1,26.166318197548506,多摩川
世田谷区|鎌田3丁目,217150.05736633277,1,418.72676407057816,多摩川
世田谷区|鎌田3丁目,217150.05736633277,1,1465.5333930864624,多摩川
世田谷区|鎌田3丁目,217150.05736633277,1,78.50437991632225,多摩川
世田谷区|鎌田3丁目,217150.05736633277,1,26.172331488672548,多摩川
世田谷区|鎌田3丁目,217150.05736633277,1,628.0847412402685,多摩川
世田谷区|鎌田3丁目,217150.05736633277,1,104.68427280172102,多摩川
世田谷区|鎌田3丁目,217150.05736633277,1,26.172612802140534,多摩川
世田谷区|鎌田3丁目,217150.05736633277,1,3663.8215309912753,多摩川
世田谷区|鎌田3丁目,217150.05736633277,1,26.172573332511927,多摩川
世田谷区|鎌田3丁目,217150.05736633277,1,3616.4146053348372,多摩川
世田谷区|鎌田3丁目,217150.05736633277,1,1517.8762205823987,多摩川
世田谷区|鎌田3丁目,217150.05736633277,1,1203.8318926980173,多摩川
世田谷区|鎌田3丁目,217150.05736633277,1,26.17303869205496,多摩川
世田谷区|鎌田3丁目,217150.05736633277,1,209.36487777513244,多摩川
世田谷区|鎌田3丁目,217150.05736633277,1,26.172173478188924,多摩川
世田谷区|鎌田3丁目,217150.05736633277,1,26.16640218592709,多摩川
世田谷区|鎌田3丁目,217150.05736633277,2,164784.8479496411,多摩川
世田谷区|鎌田3丁目,217150.05736633277,2,52.34644977832022,多摩川
世田谷区|鎌田3丁目,217150.05736633277,2,889.7746171073907,多摩川
世田谷区|鎌田3丁目,217150.05736633277,3,284.6033693725364,多摩川
世田谷区|鎌田3丁目,217150.05736633277,3,12.884647148026472,多摩川
世田谷区|鎌田3丁目,217150.05736633277,3,598.3855763217233,多摩川
世田谷区|鎌田3丁目,217150.05736633277,3,26.173855004256318,多摩川
世田谷区|鎌田3丁目,217150.05736633277,3,606.9702353262114,多摩川
世田谷区|鎌田3丁目,217150.05736633277,3,104.69510430586465,多摩川
世田谷区|鎌田3丁目,217150.05736633277,3,26.1735006957055,多摩川
世田谷区|鎌田3丁目,217150.05736633277,3,26.173570945335946,多摩川
世田谷区|鎌田3丁目,217150.05736633277,3,314.0528907332162,多摩川
世田谷区|鎌田3丁目,217150.05736633277,3,26.173584192266254,多摩川
世田谷区|鎌田3丁目,217150.05736633277,3,314.058968378852,多摩川
世田谷区|鎌田4丁目,152688.06114952316,1,125.66000974762237,多摩川
世田谷区|鎌田4丁目,152688.06114952316,2,103434.20770041266,多摩川
世田谷区|鎌田4丁目,152688.06114952316,2,78.51145541284525,多摩川
世田谷区|鎌田4丁目,152688.06114952316,2,52.34509930697274,多摩川
世田谷区|鎌田4丁目,152688.06114952316,2,78.50503949097254,多摩川
世田谷区|鎌田4丁目,152688.06114952316,2,1439.3444677906482,多摩川
世田谷区|鎌田4丁目,152688.06114952316,2,1858.0902574596184,多摩川
世田谷区|鎌田4丁目,152688.06114952316,2,26.17215756570281,多摩川
世田谷区|鎌田4丁目,152688.06114952316,2,26.172144044406707,多摩川
世田谷区|鎌田4丁目,152688.06114952316,2,130.86156785269645,多摩川
世田谷区|鎌田4丁目,152688.06114952316,2,52.344224356338515,多摩川
世田谷区|鎌田4丁目,152688.06114952316,3,26.172952492860333,多摩川
世田谷区|鎌田4丁目,152688.06114952316,3,18162.09355579211,多摩川
世田谷区|鎌田4丁目,152688.06114952316,3,235.53530353910836,多摩川
世田谷区|鎌田4丁目,152688.06114952316,3,139.2012556286344,多摩川
世田谷区|鎌田4丁目,152688.06114952316,3,26.165970216601323,多摩川
世田谷区|鎌田4丁目,152688.06114952316,3,104.6826687272091,多摩川
世田谷区|鎌田4丁目,152688.06114952316,3,26.16592989230495,多摩川
世田谷区|鎌田4丁目,152688.06114952316,3,26.17203746331007,多摩川
世田谷区|鎌田4丁目,152688.06114952316,3,1151.4806231740904,多摩川
世田谷区|鎌田4丁目,152688.06114952316,3,47.249940001359924,多摩川
世田谷区|上野毛2丁目,252770.07320976668,1,26.17694356998836,多摩川
世田谷区|上野毛2丁目,252770.07320976668,1,26.17081756580416,多摩川
世田谷区|上野毛2丁目,252770.07320976668,1,52.34785501344978,多摩川
世田谷区|上野毛2丁目,252770.07320976668,1,26.17032768613155,多摩川
世田谷区|上野毛2丁目,252770.07320976668,1,26.176582917497377,多摩川
世田谷区|上野毛2丁目,252770.07320976668,1,26.176556269107653,多摩川
世田谷区|上野毛2丁目,252770.07320976668,1,26.17663624681773,多摩川
世田谷区|上野毛2丁目,252770.07320976668,1,26.176502954305764,多摩川
世田谷区|上野毛2丁目,252770.07320976668,1,43.46877374746344,多摩川
世田谷区|上野毛2丁目,252770.07320976668,1,1099.3414437832341,多摩川
世田谷区|上野毛2丁目,252770.07320976668,1,523.4981362740291,多摩川
世田谷区|上野毛2丁目,252770.07320976668,2,5496.674197571534,多摩川
世田谷区|上野毛2丁目,252770.07320976668,2,157.04922956277662,多摩川
世田谷区|上野毛2丁目,252770.07320976668,2,422.23554440006853,多摩川
世田谷区|上野毛2丁目,252770.07320976668,2,26.176423271527,多摩川
世田谷区|上野毛2丁目,252770.07320976668,2,621.0551109438863,多摩川
世田谷区|上野毛2丁目,252770.07320976668,2,1136.4884189752931,多摩川
世田谷区|上野毛2丁目,252770.07320976668,2,2172.5949274785016,多摩川
世田谷区|上野毛2丁目,252770.07320976668,2,1884.6194852801686,多摩川
世田谷区|上野毛2丁目,252770.07320976668,2,26.17109526558822,多摩川
世田谷区|上野毛2丁目,252770.07320976668,2,83.97166126962,多摩川
世田谷区|上野毛2丁目,252770.07320976668,3,8595.486203411148,多摩川
世田谷区|上野毛2丁目,252770.07320976668,3,52.34748572839517,多摩川
世田谷区|上野毛2丁目,252770.07320976668,3,52.34775326019561,多摩川
世田谷区|上野毛2丁目,252770.07320976668,3,26.177157976805503,多摩川
世田谷区|上野毛2丁目,252770.07320976668,3,183.2294746221103,多摩川
世田谷区|上野毛2丁目,252770.07320976668,3,26.176926510870118,多摩川
世田谷区|上野毛2丁目,252770.07320976668,3,52.34787363302755,多摩川
世田谷区|上野毛2丁目,252770.07320976668,3,1361.0718361134475,多摩川
世田谷区|上野毛2丁目,252770.07320976668,3,26.176998465199354,多摩川
世田谷区|上野毛2丁目,252770.07320976668,3,26.17065018552832,多摩川
世田谷区|上野毛2丁目,252770.07320976668,3,130.88071886886843,多摩川
世田谷区|上野毛2丁目,252770.07320976668,3,52.35485052852828,多摩川
世田谷区|上野毛2丁目,252770.07320976668,3,78.52586736089435,多摩川
世田谷区|上野毛2丁目,252770.07320976668,3,52.34715401246625,多摩川
世田谷区|上野毛2丁目,252770.07320976668,3,52.35286175627176,多摩川
世田谷区|上野毛2丁目,252770.07320976668,3,444.99962619906523,多摩川
世田谷区|上野毛2丁目,252770.07320976668,3,130.86821327414722,多摩川
世田谷区|上野毛2丁目,252770.07320976668,3,183.21730128161795,多摩川
世田谷区|上野毛2丁目,252770.07320976668,3,26.17736394078678,多摩川
世田谷区|上野毛2丁目,252770.07320976668,3,2318.375068897499,多摩川
世田谷区|上野毛2丁目,252770.07320976668,3,130.88062139524877,多摩川
世田谷区|上野毛2丁目,252770.07320976668,3,235.57780151786528,多摩川
世田谷区|上野毛2丁目,252770.07320976668,4,59227.189099748015,多摩川
世田谷区|上野毛2丁目,252770.07320976668,4,104.69326025179309,多摩川
世田谷区|上野毛2丁目,252770.07320976668,4,26.1710922355443,多摩川
世田谷区|上野毛2丁目,252770.07320976668,4,26.17737382065635,多摩川
世田谷区|上野毛3丁目,158839.6520026188,1,139.74655955350843,多摩川
世田谷区|上野毛3丁目,158839.6520026188,1,26.17607653128707,多摩川
世田谷区|上野毛3丁目,158839.6520026188,1,26.1761031581822,多摩川
世田谷区|上野毛3丁目,158839.6520026188,1,52.35183280331277,多摩川
世田谷区|上野毛3丁目,158839.6520026188,1,78.50924382000943,多摩川
世田谷区|上野毛3丁目,158839.6520026188,2,127.43273266066662,多摩川
世田谷区|上野毛3丁目,158839.6520026188,2,6522.215704568897,多摩川
世田谷区|上野毛3丁目,158839.6520026188,2,425.9009281205178,多摩川
世田谷区|上野毛3丁目,158839.6520026188,3,10459.587506338867,多摩川
世田谷区|上野毛3丁目,158839.6520026188,3,52.35230113711542,多摩川
世田谷区|上野毛3丁目,158839.6520026188,3,26.169928785294104,多摩川
世田谷区|上野毛3丁目,158839.6520026188,3,52.34607264027444,多摩川
世田谷区|上野毛3丁目,158839.6520026188,3,26.1763043123941,多摩川
世田谷区|上野毛3丁目,158839.6520026188,3,130.86181703013546,多摩川
世田谷区|上野毛3丁目,158839.6520026188,3,26.17606405046886,多摩川
世田谷区|上野毛3丁目,158839.6520026188,3,26.169769045812146,多摩川
世田谷区|上野毛3丁目,158839.6520026188,3,26.16984884373428,多摩川
世田谷区|上野毛3丁目,158839.6520026188,3,26.169729252570356,多摩川
世田谷区|上野毛3丁目,158839.6520026188,3,26.176024266759846,多摩川
世田谷区|上野毛3丁目,158839.6520026188,3,26.175904649371184,多摩川
世田谷区|上野毛3丁目,158839.6520026188,3,78.516688646246,多摩川
世田谷区|上野毛3丁目,158839.6520026188,3,26.145455221717594,多摩川
世田谷区|上野毛3丁目,158839.6520026188,3,52.35166251904227,多摩川
世田谷区|上野毛3丁目,158839.6520026188,4,11917.001996973448,多摩川
世田谷区|上野毛3丁目,158839.6520026188,4,26.176234855898905,多摩川
世田谷区|喜多見1丁目,283194.48796939454,1,157.00542045674425,多摩川
世田谷区|喜多見1丁目,283194.48796939454,1,26.165476028054705,多摩川
世田谷区|喜多見1丁目,283194.48796939454,1,26.16680208873333,多摩川
世田谷区|喜多見1丁目,283194.48796939454,1,26.17306989494427,多摩川
世田谷区|喜多見1丁目,283194.48796939454,1,52.346036554499655,多摩川
世田谷区|喜多見1丁目,283194.48796939454,2,153414.2536458263,多摩川
世田谷区|喜多見1丁目,283194.48796939454,2,26.17226911716005,多摩川
世田谷区|喜多見1丁目,283194.48796939454,2,26.172416156189122,多摩川
世田谷区|喜多見1丁目,283194.48796939454,2,1413.1839342372314,多摩川
世田谷区|喜多見1丁目,283194.48796939454,2,26.17221632377031,多摩川
世田谷区|喜多見1丁目,283194.48796939454,2,52.34484919440105,多摩川
世田谷区|喜多見1丁目,283194.48796939454,2,26.17243160054376,多摩川
世田谷区|喜多見1丁目,283194.48796939454,2,26.166003708568844,多摩川
世田谷区|喜多見1丁目,283194.48796939454,2,26.172298267840844,多摩川
世田谷区|喜多見1丁目,283194.48796939454,2,26.165810677116724,多摩川
世田谷区|喜多見1丁目,283194.48796939454,2,26.172472564418293,多摩川
世田谷区|喜多見1丁目,283194.48796939454,2,78.50476061091521,多摩川
世田谷区|喜多見1丁目,283194.48796939454,2,497.2259657808305,多摩川
世田谷区|喜多見1丁目,283194.48796939454,2,52.3387851273383,多摩川
世田谷区|喜多見1丁目,283194.48796939454,3,1271.123889116277,多摩川
世田谷区|喜多見1丁目,283194.48796939454,3,26.16579171881384,多摩川
世田谷区|喜多見1丁目,283194.48796939454,3,1579.922563135569,多摩川
世田谷区|喜多見1丁目,283194.48796939454,3,15.038090715794507,多摩川
世田谷区|喜多見1丁目,283194.48796939454,3,9.826123357378513,多摩川
世田谷区|喜多見1丁目,283194.48796939454,3,78.51031475042487,多摩川
世田谷区|喜多見1丁目,283194.48796939454,3,26.172265980088703,多摩川
世田谷区|喜多見1丁目,283194.48796939454,3,104.67639419090378,多摩川
世田谷区|喜多見1丁目,283194.48796939454,3,26.17229293453841,多摩川
世田谷区|喜多見1丁目,283194.48796939454,3,26.172306490621907,多摩川
世田谷区|喜多見1丁目,283194.48796939454,3,235.53799084876007,多摩川
世田谷区|喜多見1丁目,283194.48796939454,3,209.35850460512506,多摩川
世田谷区|喜多見1丁目,283194.48796939454,3,26.171946339430423,多摩川
世田谷区|喜多見1丁目,283194.48796939454,3,104.6876137171054,多摩川
世田谷区|喜多見1丁目,283194.48796939454,3,20359.719599946235,多摩川
世田谷区|喜多見1丁目,283194.48796939454,3,183.17915117429732,多摩川
世田谷区|喜多見1丁目,283194.48796939454,3,26.172415991058255,多摩川
世田谷区|喜多見1丁目,283194.48796939454,3,26.1724295584134,多摩川
世田谷区|喜多見1丁目,283194.48796939454,3,22.472750635969682,多摩川
世田谷区|喜多見1丁目,283194.48796939454,3,115.27183160730719,多摩川
世田谷区|喜多見1丁目,283194.48796939454,3,26.171867520773517,多摩川
世田谷区|喜多見1丁目,283194.48796939454,3,26.166243206263466,多摩川
世田谷区|喜多見1丁目,283194.48796939454,3,52.33160452412353,多摩川
世田谷区|喜多見1丁目,283194.48796939454,3,26.172109765019954,多摩川
世田谷区|喜多見2丁目,292927.50229821634,1,26.173029742726552,多摩川
世田谷区|喜多見2丁目,292927.50229821634,2,99690.92445330576,多摩川
世田谷区|喜多見2丁目,292927.50229821634,2,18894.50168269743,多摩川
世田谷区|喜多見2丁目,292927.50229821634,2,942.1250924882734,多摩川
世田谷区|喜多見2丁目,292927.50229821634,2,26.165561725629594,多摩川
世田谷区|喜多見2丁目,292927.50229821634,2,104.68188343994883,多摩川
世田谷区|喜多見2丁目,292927.50229821634,2,52.34517638808707,多摩川
世田谷区|喜多見2丁目,292927.50229821634,2,26.16636767616616,多摩川
世田谷区|喜多見2丁目,292927.50229821634,2,130.84974915784645,多摩川
世田谷区|喜多見2丁目,292927.50229821634,2,13627.742074596568,多摩川
世田谷区|喜多見2丁目,292927.50229821634,2,26.17211466019942,多摩川
世田谷区|喜多見2丁目,292927.50229821634,2,26.17259788250731,多摩川
世田谷区|喜多見2丁目,292927.50229821634,2,26.172597403532357,多摩川
世田谷区|喜多見2丁目,292927.50229821634,2,104.69018773047648,多摩川
世田谷区|喜多見2丁目,292927.50229821634,3,40142.15773511659,多摩川
世田谷区|喜多見2丁目,292927.50229821634,3,3.6928501853746094,多摩川
世田谷区|喜多見2丁目,292927.50229821634,3,15.587467594444995,多摩川
世田谷区|喜多見2丁目,292927.50229821634,3,52.33738986212094,多摩川
世田谷区|喜多見2丁目,292927.50229821634,3,26.16560206474157,多摩川
世田谷区|喜多見2丁目,292927.50229821634,3,26.16564271055753,多摩川
世田谷区|喜多見2丁目,292927.50229821634,3,26.1662885995842,多摩川
世田谷区|喜多見2丁目,292927.50229821634,3,601.9227883166195,多摩川
世田谷区|喜多見2丁目,292927.50229821634,3,78.51140161066726,多摩川
世田谷区|喜多見2丁目,292927.50229821634,3,52.33876464575213,多摩川
世田谷区|喜多見2丁目,292927.50229821634,3,2302.994625548389,多摩川
世田谷区|喜多見2丁目,292927.50229821634,3,26.166369098729675,多摩川
世田谷区|喜多見2丁目,292927.50229821634,3,1936.6301312308292,多摩川
世田谷区|喜多見2丁目,292927.50229821634,3,78.51787881389869,多摩川
世田谷区|喜多見2丁目,292927.50229821634,3,287.8793363806975,多摩川
世田谷区|喜多見2丁目,292927.50229821634,3,261.71355254197476,多摩川
世田谷区|喜多見2丁目,292927.50229821634,3,52.33266500097274,多摩川
世田谷区|喜多見2丁目,292927.50229821634,3,78.5053805989306,多摩川
世田谷区|喜多見2丁目,292927.50229821634,3,78.51776447849477,多摩川
世田谷区|喜多見2丁目,292927.50229821634,3,26.166294165066404,多摩川
世田谷区|喜多見2丁目,292927.50229821634,3,52.33789399682346,多摩川
世田谷区|喜多見2丁目,292927.50229821634,3,26.17256263417446,多摩川
世田谷区|喜多見2丁目,292927.50229821634,3,26.172549568130826,多摩川
世田谷区|喜多見2丁目,292927.50229821634,3,26.172201743375958,多摩川
世田谷区|喜多見2丁目,292927.50229821634,3,26.172188506709954,多摩川
世田谷区|喜多見2丁目,292927.50229821634,3,52.33861891978164,多摩川
世田谷区|喜多見2丁目,292927.50229821634,3,26.16573502243128,多摩川
世田谷区|喜多見2丁目,292927.50229821634,3,26.172002568895756,多摩川
世田谷区|喜多見2丁目,292927.50229821634,3,104.68169696115055,多摩川
世田谷区|喜多見2丁目,292927.50229821634,3,26.17206986878134,多摩川
世田谷区|喜多見2丁目,292927.50229821634,3,26.17253281360764,多摩川
世田谷区|喜多見2丁目,292927.50229821634,3,26.165615933506768,多摩川
世田谷区|喜多見2丁目,292927.50229821634,3,52.343752852314985,多摩川
世田谷区|喜多見2丁目,292927.50229821634,3,130.855825181135,多摩川
世田谷区|喜多見2丁目,292927.50229821634,3,13.927361330461641,多摩川
世田谷区|喜多見2丁目,292927.50229821634,4,157.03578494794718,多摩川
世田谷区|喜多見3丁目,177071.58420476964,1,7083.618576687157,多摩川
世田谷区|喜多見3丁目,177071.58420476964,1,26.164747167271322,多摩川
世田谷区|喜多見3丁目,177071.58420476964,1,130.8426077262469,多摩川
世田谷区|喜多見3丁目,177071.58420476964,1,287.8573746363596,多摩川
世田谷区|喜多見3丁目,177071.58420476964,1,52.34250005237733,多摩川
世田谷区|喜多見3丁目,177071.58420476964,1,8505.101048903707,多摩川
世田谷区|喜多見3丁目,177071.58420476964,1,52.341951509169775,多摩川
世田谷区|喜多見3丁目,177071.58420476964,1,52.336354930819155,多摩川
世田谷区|喜多見3丁目,177071.58420476964,1,52.3430510316924,多摩川
世田谷区|喜多見3丁目,177071.58420476964,1,78.50179499877099,多摩川
世田谷区|喜多見3丁目,177071.58420476964,1,26.16478984138687,多摩川
世田谷区|喜多見3丁目,177071.58420476964,1,1334.6166007270976,多摩川
世田谷区|喜多見3丁目,177071.58420476964,1,51.927289444643996,多摩川
世田谷区|喜多見3丁目,177071.58420476964,1,26.171325114836158,多摩川
世田谷区|喜多見3丁目,177071.58420476964,1,78.51325375738666,多摩川
世田谷区|喜多見3丁目,177071.58420476964,1,52.33705460571484,多摩川
世田谷区|喜多見3丁目,177071.58420476964,1,26.165072972019175,多摩川
世田谷区|喜多見3丁目,177071.58420476964,1,26.17168790083613,多摩川
世田谷区|喜多見3丁目,177071.58420476964,1,26.171529632790147,多摩川
世田谷区|喜多見3丁目,177071.58420476964,1,52.34315304135274,多摩川
世田谷区|喜多見3丁目,177071.58420476964,2,115706.61985643991,多摩川
世田谷区|喜多見3丁目,177071.58420476964,2,235.52115012564803,多摩川
世田谷区|喜多見3丁目,177071.58420476964,2,26.171449222275353,多摩川
世田谷区|喜多見3丁目,177071.58420476964,2,654.2299927705715,多摩川
世田谷区|喜多見3丁目,177071.58420476964,2,26.171194812366927,多摩川
世田谷区|喜多見3丁目,177071.58420476964,2,4396.426858777231,多摩川
世田谷区|喜多見3丁目,177071.58420476964,2,26.17145060405951,多摩川
世田谷区|喜多見3丁目,177071.58420476964,2,52.33679497753658,多摩川
世田谷区|喜多見3丁目,177071.58420476964,2,78.51359088140514,多摩川
世田谷区|喜多見3丁目,177071.58420476964,2,78.50112379724538,多摩川
世田谷区|喜多見3丁目,177071.58420476964,2,52.34242209499328,多摩川
世田谷区|喜多見3丁目,177071.58420476964,2,26.171331697137084,多摩川
世田谷区|喜多見3丁目,177071.58420476964,2,26.171399300018876,多摩川
世田谷区|喜多見3丁目,177071.58420476964,2,26.171453037942833,多摩川
世田谷区|喜多見3丁目,177071.58420476964,2,26.171533278394733,多摩川
世田谷区|喜多見3丁目,177071.58420476964,2,26.171413014249833,多摩川
世田谷区|喜多見3丁目,177071.58420476964,2,26.170999693410852,多摩川
世田谷区|喜多見3丁目,177071.58420476964,2,52.3428970071657,多摩川
世田谷区|喜多見3丁目,177071.58420476964,2,78.50615821414544,多摩川
世田谷区|喜多見3丁目,177071.58420476964,2,26.171001691842022,多摩川
世田谷区|喜多見3丁目,177071.58420476964,2,26.16470790848632,多摩川
世田谷区|喜多見3丁目,177071.58420476964,2,26.16515040055551,多摩川
世田谷区|喜多見3丁目,177071.58420476964,2,130.84473276746775,多摩川
世田谷区|喜多見3丁目,177071.58420476964,2,26.16515116981843,多摩川
世田谷区|喜多見3丁目,177071.58420476964,2,26.16491083930545,多摩川
世田谷区|喜多見3丁目,177071.58420476964,2,26.171164628667277,多摩川
世田谷区|喜多見3丁目,177071.58420476964,2,104.67301313205682,多摩川
世田谷区|喜多見3丁目,177071.58420476964,2,654.2309837878822,多摩川
世田谷区|喜多見3丁目,177071.58420476964,2,104.66785016928348,多摩川
世田谷区|喜多見3丁目,177071.58420476964,3,1393.219145596662,多摩川
世田谷区|喜多見3丁目,177071.58420476964,3,758.9001767894807,多摩川
世田谷区|喜多見3丁目,177071.58420476964,3,26.171243101966567,多摩川
世田谷区|喜多見3丁目,177071.58420476964,3,28744.542286750988,多摩川
世田谷区|喜多見3丁目,177071.58420476964,3,104.666040868889,多摩川
世田谷区|喜多見3丁目,177071.58420476964,3,26.164937367364303,多摩川
世田谷区|喜多見3丁目,177071.58420476964,3,26.17136109490728,多摩川
世田谷区|喜多見3丁目,177071.58420476964,3,26.164543584335867,多摩川
世田谷区|喜多見3丁目,177071.58420476964,3,26.164980293006842,多摩川
世田谷区|喜多見3丁目,177071.58420476964,3,628.069350375535,多摩川
世田谷区|喜多見3丁目,177071.58420476964,3,26.171435827028958,多摩川
世田谷区|喜多見3丁目,177071.58420476964,3,26.171435354455152,多摩川
世田谷区|喜多見3丁目,177071.58420476964,3,1177.6137051525309,多摩川
世田谷区|喜多見3丁目,177071.58420476964,3,26.165388236241522,多摩川
世田谷区|喜多見3丁目,177071.58420476964,3,26.17157623612254,多摩川
世田谷区|喜多見3丁目,177071.58420476964,3,26.171562679992746,多摩川
世田谷区|喜多見3丁目,177071.58420476964,3,209.349090753404,多摩川
世田谷区|喜多見3丁目,177071.58420476964,3,183.19586740293983,多摩川
世田谷区|喜多見3丁目,177071.58420476964,3,52.33086253580956,多摩川
世田谷区|喜多見3丁目,177071.58420476964,3,261.71112891718855,多摩川
世田谷区|喜多見3丁目,177071.58420476964,4,26.17107011751826,多摩川
世田谷区|喜多見4丁目,270023.6200459657,1,43434.02180584274,多摩川
世田谷区|喜多見4丁目,270023.6200459657,1,26.170881725520484,多摩川
世田谷区|喜多見4丁目,270023.6200459657,1,96.83341635043085,多摩川
世田谷区|喜多見4丁目,270023.6200459657,1,26.17085601752816,多摩川
世田谷区|喜多見4丁目,270023.6200459657,1,26.164549031560874,多摩川
世田谷区|喜多見4丁目,270023.6200459657,1,0.41487859329134863,多摩川
世田谷区|喜多見4丁目,270023.6200459657,1,26.170802887615057,多摩川
世田谷区|喜多見4丁目,270023.6200459657,1,52.341539443070026,多摩川
世田谷区|喜多見4丁目,270023.6200459657,1,130.84793715200894,多摩川
世田谷区|喜多見4丁目,270023.6200459657,1,471.0434862243461,多摩川
世田谷区|喜多見4丁目,270023.6200459657,1,26.17057730796072,多摩川
世田谷区|喜多見4丁目,270023.6200459657,1,2276.669991700327,多摩川
世田谷区|喜多見4丁目,270023.6200459657,1,52.33528946516647,多摩川
世田谷区|喜多見4丁目,270023.6200459657,1,52.3416365052333,多摩川
世田谷区|喜多見4丁目,270023.6200459657,1,26.17053202041283,多摩川
世田谷区|喜多見4丁目,270023.6200459657,1,785.0633149749631,多摩川
世田谷区|喜多見4丁目,270023.6200459657,1,26.164271013885923,多摩川
世田谷区|喜多見4丁目,270023.6200459657,1,26.171463120335815,多摩川
世田谷区|喜多見4丁目,270023.6200459657,1,52.34082342452817,多摩川
世田谷区|喜多見4丁目,270023.6200459657,1,26.16499573468149,多摩川
世田谷区|喜多見4丁目,270023.6200459657,1,130.84338108101016,多摩川
世田谷区|喜多見4丁目,270023.6200459657,1,26.165116767576123,多摩川
世田谷区|喜多見4丁目,270023.6200459657,1,26.16495663789083,多摩川
世田谷区|喜多見4丁目,270023.6200459657,1,78.50518568472683,多摩川
世田谷区|喜多見4丁目,270023.6200459657,1,26.17044882687803,多摩川
世田谷区|喜多見4丁目,270023.6200459657,1,52.34083220924359,多摩川
世田谷区|喜多見4丁目,270023.6200459657,1,78.51124037087635,多摩川
世田谷区|喜多見4丁目,270023.6200459657,1,287.8626006353008,多摩川
世田谷区|喜多見4丁目,270023.6200459657,1,26.163995711752932,多摩川
世田谷区|喜多見4丁目,270023.6200459657,1,52.33947626174696,多摩川
世田谷区|喜多見4丁目,270023.6200459657,1,26.170611328379106,多摩川
世田谷区|喜多見4丁目,270023.6200459657,1,758.8853485936198,多摩川
世田谷区|喜多見4丁目,270023.6200459657,1,52.3412388832198,多摩川
世田谷区|喜多見4丁目,270023.6200459657,1,10249.365200961756,多摩川
世田谷区|喜多見4丁目,270023.6200459657,1,26.164680251680576,多摩川
世田谷区|喜多見4丁目,270023.6200459657,1,26.16990406910392,多摩川
世田谷区|喜多見4丁目,270023.6200459657,1,26.16989049476782,多摩川
世田谷区|喜多見4丁目,270023.6200459657,1,209.34272780200388,多摩川
世田谷区|喜多見4丁目,270023.6200459657,1,52.340356542797196,多摩川
世田谷区|喜多見4丁目,270023.6200459657,1,1700.9192197825778,多摩川
世田谷区|喜多見4丁目,270023.6200459657,1,26.170332503058887,多摩川
世田谷区|喜多見4丁目,270023.6200459657,1,26.170306172580894,多摩川
世田谷区|喜多見4丁目,270023.6200459657,1,104.68065983295487,多摩川
世田谷区|喜多見4丁目,270023.6200459657,1,26.1699715355726,多摩川
世田谷区|喜多見4丁目,270023.6200459657,1,26.170333442008562,多摩川
世田谷区|喜多見4丁目,270023.6200459657,1,287.8630748702696,多摩川
世田谷区|喜多見4丁目,270023.6200459657,1,1497.5092554871067,多摩川
世田谷区|喜多見4丁目,270023.6200459657,1,26.169672026159496,多摩川
世田谷区|喜多見4丁目,270023.6200459657,1,26.170508422336457,多摩川
世田谷区|喜多見4丁目,270023.6200459657,1,26.170817524627125,多摩川
世田谷区|喜多見4丁目,270023.6200459657,1,26.164564285970265,多摩川
世田谷区|喜多見4丁目,270023.6200459657,1,26.17083172350719,多摩川
世田谷区|喜多見4丁目,270023.6200459657,1,30.659033318444784,多摩川
世田谷区|喜多見4丁目,270023.6200459657,2,144941.7968170477,多摩川
世田谷区|喜多見4丁目,270023.6200459657,2,26.170841239693544,多摩川
世田谷区|喜多見4丁目,270023.6200459657,2,43.082556363312364,多摩川
世田谷区|喜多見4丁目,270023.6200459657,2,26.170130259602278,多摩川
世田谷区|喜多見4丁目,270023.6200459657,2,78.50589639797487,多摩川
世田谷区|喜多見4丁目,270023.6200459657,2,27.219221013033223,多摩川
世田谷区|喜多見4丁目,270023.6200459657,2,39.47462686276125,多摩川
世田谷区|喜多見4丁目,270023.6200459657,2,26.1640314893284,多摩川
世田谷区|喜多見4丁目,270023.6200459657,2,25.477970578733967,多摩川
世田谷区|喜多見4丁目,270023.6200459657,2,26.170365604129397,多摩川
世田谷区|喜多見4丁目,270023.6200459657,2,26.163953615470945,多摩川
世田谷区|喜多見4丁目,270023.6200459657,2,26.17022073103739,多摩川
世田谷区|喜多見4丁目,270023.6200459657,2,26.169986937873503,多摩川
世田谷区|喜多見4丁目,270023.6200459657,2,13503.360103032055,多摩川
世田谷区|喜多見4丁目,270023.6200459657,2,26.17042360476379,多摩川
世田谷区|喜多見4丁目,270023.6200459657,2,52.33506689839019,多摩川
世田谷区|喜多見4丁目,270023.6200459657,2,26.164439782363672,多摩川
世田谷区|喜多見4丁目,270023.6200459657,2,26.17070732649777,多摩川
世田谷区|喜多見4丁目,270023.6200459657,2,8.508918445563161,多摩川
世田谷区|喜多見4丁目,270023.6200459657,2,6.651699114791814,多摩川
世田谷区|喜多見4丁目,270023.6200459657,2,26.169971370910687,多摩川
世田谷区|喜多見4丁目,270023.6200459657,2,52.33389209884525,多摩川
世田谷区|喜多見4丁目,270023.6200459657,2,26.170226723933133,多摩川
世田谷区|喜多見4丁目,270023.6200459657,2,102.86750105410421,多摩川
世田谷区|喜多見4丁目,270023.6200459657,2,26.1705092046611,多摩川
世田谷区|喜多見4丁目,270023.6200459657,2,26.16343895825687,多摩川
世田谷区|喜多見4丁目,270023.6200459657,2,26.169735285843828,多摩川
世田谷区|喜多見4丁目,270023.6200459657,2,50.68036153058496,多摩川
世田谷区|喜多見4丁目,270023.6200459657,3,10651.6316769443,多摩川
世田谷区|喜多見4丁目,270023.6200459657,3,26.171496200460773,多摩川
世田谷区|喜多見4丁目,270023.6200459657,3,41.05973675213023,多摩川
世田谷区|喜多見5丁目,223509.07643647637,1,26.17076214019258,多摩川
世田谷区|喜多見5丁目,223509.07643647637,1,52.32890957915799,多摩川
世田谷区|喜多見5丁目,223509.07643647637,1,5783.285982827134,多摩川
世田谷区|喜多見5丁目,223509.07643647637,1,52.33461097131001,多摩川
世田谷区|喜多見5丁目,223509.07643647637,1,104.67713361268243,多摩川
世田谷区|喜多見5丁目,223509.07643647637,1,26.164055149195452,多摩川
世田谷区|喜多見5丁目,223509.07643647637,1,104.6756515180442,多摩川
世田谷区|喜多見5丁目,223509.07643647637,1,26.16425608679191,多摩川
世田谷区|喜多見5丁目,223509.07643647637,1,183.1738340441706,多摩川
世田谷区|喜多見5丁目,223509.07643647637,1,6175.856620562865,多摩川
世田谷区|喜多見5丁目,223509.07643647637,1,261.6952870208129,多摩川
世田谷区|喜多見5丁目,223509.07643647637,1,104.6673814905887,多摩川
世田谷区|喜多見5丁目,223509.07643647637,1,157.01492043294263,多摩川
世田谷区|喜多見5丁目,223509.07643647637,1,26.163856648317925,多摩川
世田谷区|喜多見5丁目,223509.07643647637,1,104.68093713677801,多摩川
世田谷区|喜多見5丁目,223509.07643647637,1,78.49201948394438,多摩川
世田谷区|喜多見5丁目,223509.07643647637,1,575.6898307636827,多摩川
世田谷区|喜多見5丁目,223509.07643647637,1,45924.305148476924,多摩川
世田谷区|喜多見5丁目,223509.07643647637,1,183.17818370379112,多摩川
世田谷区|喜多見5丁目,223509.07643647637,1,287.8598475271407,多摩川
世田谷区|喜多見5丁目,223509.07643647637,1,52.33433011471543,多摩川
世田谷区|喜多見5丁目,223509.07643647637,1,418.6832230391672,多摩川
世田谷区|喜多見5丁目,223509.07643647637,1,104.68017740935151,多摩川
世田谷区|喜多見5丁目,223509.07643647637,1,26.17000406356778,多摩川
世田谷区|喜多見5丁目,223509.07643647637,1,52.3403172482758,多摩川
世田谷区|喜多見5丁目,223509.07643647637,1,52.32771592604823,多摩川
世田谷区|喜多見5丁目,223509.07643647637,1,26.170494659765225,多摩川
世田谷区|喜多見5丁目,223509.07643647637,1,26.170272044510334,多摩川
世田谷区|喜多見5丁目,223509.07643647637,1,26.17052676501862,多摩川
世田谷区|喜多見5丁目,223509.07643647637,1,104.67713764023634,多摩川
世田谷区|喜多見5丁目,223509.07643647637,1,26.170874817617964,多摩川
世田谷区|喜多見5丁目,223509.07643647637,1,3715.8228791588695,多摩川
世田谷区|喜多見5丁目,223509.07643647637,1,52.340238074166976,多摩川
世田谷区|喜多見5丁目,223509.07643647637,1,261.6889908677835,多摩川
世田谷区|喜多見5丁目,223509.07643647637,1,1727.0856965352455,多摩川
世田谷区|喜多見5丁目,223509.07643647637,1,52.329084045545905,多摩川
世田谷区|喜多見5丁目,223509.07643647637,1,26.170808599984426,多摩川
世田谷区|喜多見5丁目,223509.07643647637,1,26.17015330562278,多摩川
世田谷区|喜多見5丁目,223509.07643647637,1,26.1707694625193,多摩川
世田谷区|喜多見5丁目,223509.07643647637,1,26.16454240759163,多摩川
世田谷区|喜多見5丁目,223509.07643647637,1,26.16999298311068,多摩川
世田谷区|喜多見5丁目,223509.07643647637,1,26.170153614046782,多摩川
世田谷区|喜多見5丁目,223509.07643647637,1,26.17076991622707,多摩川
世田谷区|喜多見5丁目,223509.07643647637,1,26.170329025727654,多摩川
世田谷区|喜多見5丁目,223509.07643647637,1,104.67512884754437,多摩川
世田谷区|喜多見5丁目,223509.07643647637,1,52.33361588869514,多摩川
世田谷区|喜多見5丁目,223509.07643647637,1,2852.350890489844,多摩川
世田谷区|喜多見5丁目,223509.07643647637,1,979.9868736268344,多摩川
世田谷区|喜多見5丁目,223509.07643647637,1,157.0127435637914,多摩川
世田谷区|喜多見5丁目,223509.07643647637,1,26.17012928295239,多摩川
世田谷区|喜多見5丁目,223509.07643647637,1,52.3407148617792,多摩川
世田谷区|喜多見5丁目,223509.07643647637,1,52.3329831237706,多摩川
世田谷区|喜多見5丁目,223509.07643647637,1,26.16370267727421,多摩川
世田谷区|喜多見5丁目,223509.07643647637,1,52.33375202883049,多摩川
世田谷区|喜多見5丁目,223509.07643647637,1,52.33407569747758,多摩川
世田谷区|喜多見5丁目,223509.07643647637,1,26.170211670796597,多摩川
世田谷区|喜多見5丁目,223509.07643647637,1,104.68067236374638,多摩川
世田谷区|喜多見5丁目,223509.07643647637,1,26.164024938239073,多摩川
世田谷区|喜多見5丁目,223509.07643647637,1,26.170292065262245,多摩川
世田谷区|喜多見5丁目,223509.07643647637,1,26.17001099397243,多摩川
世田谷区|喜多見5丁目,223509.07643647637,1,26.170252335062358,多摩川
世田谷区|喜多見5丁目,223509.07643647637,1,26.17023908104961,多摩川
世田谷区|喜多見5丁目,223509.07643647637,1,52.33391714967408,多摩川
世田谷区|喜多見5丁目,223509.07643647637,1,235.51309369195533,多摩川
世田谷区|喜多見5丁目,223509.07643647637,1,7.8434072734367355,多摩川
世田谷区|喜多見5丁目,223509.07643647637,2,96855.54337633407,多摩川
世田谷区|喜多見5丁目,223509.07643647637,2,26.16465335861324,多摩川
世田谷区|喜多見5丁目,223509.07643647637,2,26.170669271429645,多摩川
世田谷区|喜多見5丁目,223509.07643647637,2,26.16421589710542,多摩川
世田谷区|喜多見5丁目,223509.07643647637,2,52.341113215452374,多摩川
世田谷区|喜多見5丁目,223509.07643647637,2,26.170330881742505,多摩川
世田谷区|喜多見5丁目,223509.07643647637,2,26.17075208866241,多摩川
世田谷区|喜多見5丁目,223509.07643647637,2,26.1638588070303,多摩川
世田谷区|喜多見5丁目,223509.07643647637,2,26.169925228371874,多摩川
世田谷区|喜多見5丁目,223509.07643647637,2,26.16999204985953,多摩川
世田谷区|喜多見5丁目,223509.07643647637,2,52.328524226949575,多摩川
世田谷区|喜多見5丁目,223509.07643647637,2,78.5055978323117,多摩川
世田谷区|喜多見5丁目,223509.07643647637,2,52.33495276652441,多摩川
世田谷区|喜多見5丁目,223509.07643647637,2,26.164583973849602,多摩川
世田谷区|喜多見5丁目,223509.07643647637,2,26.170557096062787,多摩川
世田谷区|喜多見5丁目,223509.07643647637,2,26.164584731067666,多摩川
世田谷区|喜多見5丁目,223509.07643647637,2,26.17083843469316,多摩川
世田谷区|喜多見5丁目,223509.07643647637,2,104.67540189017348,多摩川
世田谷区|喜多見5丁目,223509.07643647637,2,104.67628613534069,多摩川
世田谷区|喜多見5丁目,223509.07643647637,2,26.170678746646637,多摩川
世田谷区|喜多見5丁目,223509.07643647637,2,52.32885715594386,多摩川
世田谷区|喜多見5丁目,223509.07643647637,2,26.1639037624159,多摩川
世田谷区|喜多見5丁目,223509.07643647637,2,26.170531991094784,多摩川
世田谷区|喜多見5丁目,223509.07643647637,2,26.164264816106392,多摩川
世田谷区|喜多見5丁目,223509.07643647637,2,26.17073280576497,多摩川
世田谷区|喜多見5丁目,223509.07643647637,2,26.163663421263376,多摩川
世田谷区|喜多見5丁目,223509.07643647637,2,52.32812946093959,多摩川
世田谷区|喜多見5丁目,223509.07643647637,2,26.164266827051982,多摩川
世田谷区|喜多見5丁目,223509.07643647637,2,52.34122772401349,多摩川
世田谷区|喜多見5丁目,223509.07643647637,2,28.959984786363865,多摩川
世田谷区|喜多見5丁目,223509.07643647637,2,183.1745901163928,多摩川
世田谷区|喜多見5丁目,223509.07643647637,2,26.16438768083211,多摩川
世田谷区|喜多見5丁目,223509.07643647637,2,104.67650023889057,多摩川
世田谷区|喜多見5丁目,223509.07643647637,2,26.170522180536132,多摩川
世田谷区|喜多見5丁目,223509.07643647637,2,67.85430783660752,多摩川
世田谷区|喜多見5丁目,223509.07643647637,2,78.49955644523419,多摩川
世田谷区|喜多見5丁目,223509.07643647637,2,26.170683246888345,多摩川
世田谷区|喜多見5丁目,223509.07643647637,3,2486.038176594689,多摩川
世田谷区|喜多見5丁目,223509.07643647637,3,0.009909227953249732,多摩川
世田谷区|喜多見6丁目,138639.270367614,1,3548.388170157496,多摩川
世田谷区|喜多見6丁目,138639.270367614,1,261.6805010639478,多摩川
世田谷区|喜多見6丁目,138639.270367614,1,628.0320202319563,多摩川
世田谷区|喜多見6丁目,138639.270367614,1,209.34074814496532,多摩川
世田谷区|喜多見6丁目,138639.270367614,1,26.169920775986867,多摩川
世田谷区|喜多見6丁目,138639.270367614,1,130.843177638477,多摩川
世田谷区|喜多見6丁目,138639.270367614,2,6995.703964844702,多摩川
世田谷区|喜多見6丁目,138639.270367614,2,26.16956446339209,多摩川
世田谷区|喜多見6丁目,138639.270367614,2,26.169839319854717,多摩川
世田谷区|喜多見7丁目,333857.46213794796,1,40856.547798013475,多摩川
世田谷区|喜多見7丁目,333857.46213794796,1,1008.7398515590932,多摩川
世田谷区|喜多見7丁目,333857.46213794796,1,26.163300954938254,多摩川
世田谷区|喜多見7丁目,333857.46213794796,1,26.162777030287558,多摩川
世田谷区|喜多見7丁目,333857.46213794796,1,26.169567612069514,多摩川
世田谷区|喜多見7丁目,333857.46213794796,1,52.33281450757291,多摩川
世田谷区|喜多見7丁目,333857.46213794796,1,78.50255877002122,多摩川
世田谷区|喜多見7丁目,333857.46213794796,1,26.163341314574808,多摩川
世田谷区|喜多見7丁目,333857.46213794796,1,26.169435480197436,多摩川
世田谷区|喜多見7丁目,333857.46213794796,1,26.163142533244727,多摩川
世田谷区|喜多見7丁目,333857.46213794796,1,78.50196037953945,多摩川
世田谷区|喜多見7丁目,333857.46213794796,1,130.8339479448652,多摩川
世田谷区|喜多見7丁目,333857.46213794796,1,52.33891804013273,多摩川
世田谷区|喜多見7丁目,333857.46213794796,1,26.163263584716702,多摩川
世田谷区|喜多見7丁目,333857.46213794796,1,26.16963738817044,多摩川
世田谷区|喜多見7丁目,333857.46213794796,1,78.50883227188717,多摩川
世田谷区|喜多見7丁目,333857.46213794796,1,706.5150409701947,多摩川
世田谷区|喜多見7丁目,333857.46213794796,1,235.5085943395457,多摩川
世田谷区|喜多見7丁目,333857.46213794796,1,287.84934683049545,多摩川
世田谷区|喜多見7丁目,333857.46213794796,1,26.169967115154634,多摩川
世田谷区|喜多見7丁目,333857.46213794796,1,26.163673112147897,多摩川
世田谷区|喜多見7丁目,333857.46213794796,1,26.163159565133533,多摩川
世田谷区|喜多見7丁目,333857.46213794796,1,0.026625182418034764,多摩川
世田谷区|喜多見7丁目,333857.46213794796,2,2497.4260941131733,多摩川
世田谷区|喜多見7丁目,333857.46213794796,2,575.6835022891554,多摩川
世田谷区|喜多見7丁目,333857.46213794796,2,314.00264712978026,多摩川
世田谷区|喜多見7丁目,333857.46213794796,2,23.373530731496988,多摩川
世田谷区|喜多見7丁目,333857.46213794796,2,78.50116364201496,多摩川
世田谷区|喜多見7丁目,333857.46213794796,2,26.16354455999327,多摩川
世田谷区|喜多見7丁目,333857.46213794796,2,26.16968245422542,多摩川
世田谷区|喜多見7丁目,333857.46213794796,2,26.169998990875975,多摩川
世田谷区|喜多見7丁目,333857.46213794796,2,26.169958818468544,多摩川
世田谷区|喜多見7丁目,333857.46213794796,2,209.34718639986625,多摩川
世田谷区|喜多見7丁目,333857.46213794796,2,52.34034653269926,多摩川
世田谷区|喜多見7丁目,333857.46213794796,2,52.32773381568062,多摩川
世田谷区|喜多見7丁目,333857.46213794796,2,26.17024110937375,多摩川
世田谷区|喜多見7丁目,333857.46213794796,2,10.644551067452142,多摩川
世田谷区|喜多見7丁目,333857.46213794796,2,26.170080948631973,多摩川
世田谷区|喜多見7丁目,333857.46213794796,2,157.00324039715437,多摩川
世田谷区|喜多見7丁目,333857.46213794796,2,78.50477390207416,多摩川
世田谷区|喜多見7丁目,333857.46213794796,2,52.333682222906326,多摩川
世田谷区|喜多見7丁目,333857.46213794796,2,26.1699613013131,多摩川
世田谷区|喜多見7丁目,333857.46213794796,2,26.17032290242991,多摩川
世田谷区|喜多見7丁目,333857.46213794796,2,52.33408569204235,多摩川
世田谷区|喜多見7丁目,333857.46213794796,2,26.17021664581749,多摩川
世田谷区|喜多見7丁目,333857.46213794796,2,192.43171711857067,多摩川
世田谷区|喜多見7丁目,333857.46213794796,2,26.163991153341378,多摩川
世田谷区|喜多見7丁目,333857.46213794796,2,77.44950285360726,多摩川
世田谷区|喜多見7丁目,333857.46213794796,2,39.03626755416336,多摩川
世田谷区|喜多見7丁目,333857.46213794796,2,0.6923144726641044,多摩川
世田谷区|瀬田1丁目,259659.3037208181,1,26.16944901483936,多摩川
世田谷区|瀬田1丁目,259659.3037208181,1,26.169408574218373,多摩川
世田谷区|瀬田1丁目,259659.3037208181,1,26.175927480654675,多摩川
世田谷区|瀬田1丁目,259659.3037208181,1,26.175426879799964,多摩川
世田谷区|瀬田1丁目,259659.3037208181,1,78.5137546322128,多摩川
世田谷区|瀬田1丁目,259659.3037208181,1,104.68895712172446,多摩川
世田谷区|瀬田1丁目,259659.3037208181,1,26.169013136624354,多摩川
世田谷区|瀬田1丁目,259659.3037208181,1,157.03240484508146,多摩川
世田谷区|瀬田1丁目,259659.3037208181,1,26.175541938803374,多摩川
世田谷区|瀬田1丁目,259659.3037208181,1,26.168814819528325,多摩川
世田谷区|瀬田1丁目,259659.3037208181,1,26.168984422651935,多摩川
世田谷区|瀬田1丁目,259659.3037208181,1,26.175252719022396,多摩川
世田谷区|瀬田1丁目,259659.3037208181,1,26.16869525017572,多摩川
世田谷区|瀬田1丁目,259659.3037208181,1,26.174963507447764,多摩川
世田谷区|瀬田1丁目,259659.3037208181,1,26.17484349871389,多摩川
世田谷区|瀬田1丁目,259659.3037208181,1,26.174830239152744,多摩川
世田谷区|瀬田1丁目,259659.3037208181,1,40.33550216168288,多摩川
世田谷区|瀬田1丁目,259659.3037208181,1,26.168143102777634,多摩川
世田谷区|瀬田1丁目,259659.3037208181,1,26.168455588543015,多摩川
世田谷区|瀬田1丁目,259659.3037208181,1,78.51708792548779,多摩川
世田谷区|瀬田1丁目,259659.3037208181,2,56.474664349660635,多摩川
世田谷区|瀬田1丁目,259659.3037208181,2,440.0618077150524,多摩川
世田谷区|瀬田1丁目,259659.3037208181,2,21.607404525951996,多摩川
世田谷区|瀬田1丁目,259659.3037208181,2,3454.897979957762,多摩川
世田谷区|瀬田1丁目,259659.3037208181,2,1.4377674035489196,多摩川
世田谷区|瀬田1丁目,259659.3037208181,2,26.16906435881823,多摩川
世田谷区|瀬田1丁目,259659.3037208181,2,942.2365510599706,多摩川
世田谷区|瀬田1丁目,259659.3037208181,2,52.34344570847902,多摩川
世田谷区|瀬田1丁目,259659.3037208181,2,26.174843632698867,多摩川
世田谷区|瀬田1丁目,259659.3037208181,2,2365.068168853804,多摩川
世田谷区|瀬田1丁目,259659.3037208181,2,104.69215066355017,多摩川
世田谷区|瀬田1丁目,259659.3037208181,3,36.71957174671274,多摩川
世田谷区|瀬田1丁目,259659.3037208181,3,0.024074383060867607,多摩川
世田谷区|瀬田1丁目,259659.3037208181,3,130.86709014925032,多摩川
世田谷区|瀬田1丁目,259659.3037208181,3,7.583639702798682,多摩川
世田谷区|瀬田1丁目,259659.3037208181,3,0.47894868621121356,多摩川
世田谷区|瀬田2丁目,210400.06486285158,1,116.69665588830081,多摩川
世田谷区|瀬田2丁目,210400.06486285158,2,1089.6399815140696,多摩川
世田谷区|瀬田4丁目,291571.7587855183,1,444.91642208024433,多摩川
世田谷区|瀬田4丁目,291571.7587855183,1,26.173326934427656,多摩川
世田谷区|瀬田4丁目,291571.7587855183,1,104.68098854259728,多摩川
世田谷区|瀬田4丁目,291571.7587855183,1,26.173247518106614,多摩川
世田谷区|瀬田4丁目,291571.7587855183,1,26.17323428471714,多摩川
世田谷区|瀬田4丁目,291571.7587855183,1,157.03369039611533,多摩川
世田谷区|瀬田4丁目,291571.7587855183,1,26.173247793312573,多摩川
世田谷区|瀬田4丁目,291571.7587855183,1,26.173234551308752,多摩川
世田谷区|瀬田4丁目,291571.7587855183,1,78.51971583855445,多摩川
世田谷区|瀬田4丁目,291571.7587855183,1,26.173168262874334,多摩川
世田谷区|瀬田4丁目,291571.7587855183,1,26.17299538012475,多摩川
世田谷区|瀬田4丁目,291571.7587855183,1,26.16670137495575,多摩川
世田谷区|瀬田4丁目,291571.7587855183,1,26.172969146896545,多摩川
世田谷区|瀬田4丁目,291571.7587855183,1,78.51340510228215,多摩川
世田谷区|瀬田4丁目,291571.7587855183,1,241.51310548198077,多摩川
世田谷区|瀬田4丁目,291571.7587855183,1,26.173917643162163,多摩川
世田谷区|瀬田4丁目,291571.7587855183,1,26.167614413679182,多摩川
世田谷区|瀬田4丁目,291571.7587855183,1,157.0232936226525,多摩川
世田谷区|瀬田4丁目,291571.7587855183,1,52.34728433015121,多摩川
世田谷区|瀬田4丁目,291571.7587855183,1,104.68885065587135,多摩川
世田谷区|瀬田4丁目,291571.7587855183,1,26.173589191950192,多摩川
世田谷区|瀬田4丁目,291571.7587855183,1,26.173562686270916,多摩川
世田谷区|瀬田4丁目,291571.7587855183,1,235.54473383913523,多摩川
世田谷区|瀬田4丁目,291571.7587855183,1,994.5205732445553,多摩川
世田谷区|瀬田4丁目,291571.7587855183,1,52.33456321217731,多摩川
世田谷区|瀬田4丁目,291571.7587855183,1,52.34708571195485,多摩川
世田谷区|瀬田4丁目,291571.7587855183,1,52.34675896700002,多摩川
世田谷区|瀬田4丁目,291571.7587855183,1,26.17339238942976,多摩川
世田谷区|瀬田4丁目,291571.7587855183,1,26.167098016494478,多摩川
世田谷区|瀬田4丁目,291571.7587855183,1,26.173784781043686,多摩川
世田谷区|瀬田4丁目,291571.7587855183,2,28343.71687384086,多摩川
世田谷区|瀬田4丁目,291571.7587855183,2,337.6301143567687,多摩川
世田谷区|瀬田4丁目,291571.7587855183,2,26.173169089654664,多摩川
世田谷区|瀬田4丁目,291571.7587855183,2,3122.890905766092,多摩川
世田谷区|瀬田4丁目,291571.7587855183,3,78.5148290739306,多摩川
世田谷区|玉川1丁目,296393.4460696677,1,26.177125797319334,多摩川
世田谷区|玉川1丁目,296393.4460696677,1,26.17711255968017,多摩川
世田谷区|玉川1丁目,296393.4460696677,1,26.17627102392182,多摩川
世田谷区|玉川1丁目,296393.4460696677,1,209.38094529199233,多摩川
世田谷区|玉川1丁目,296393.4460696677,1,52.35312594748545,多摩川
世田谷区|玉川1丁目,296393.4460696677,1,444.98169224962277,多摩川
世田谷区|玉川1丁目,296393.4460696677,2,1864.5559406062018,多摩川
世田谷区|玉川1丁目,296393.4460696677,2,387.1796388628923,多摩川
世田谷区|玉川1丁目,296393.4460696677,2,104.69369476314333,多摩川
世田谷区|玉川1丁目,296393.4460696677,2,9161.08100716813,多摩川
世田谷区|玉川1丁目,296393.4460696677,2,261.7327205327539,多摩川
世田谷区|玉川1丁目,296393.4460696677,2,314.08315922522854,多摩川
世田谷区|玉川1丁目,296393.4460696677,2,26.170829424368364,多摩川
世田谷区|玉川1丁目,296393.4460696677,2,26.170958992929247,多摩川
世田谷区|玉川1丁目,296393.4460696677,2,26.177018360951976,多摩川
世田谷区|玉川1丁目,296393.4460696677,2,26.17718786820796,多摩川
世田谷区|玉川1丁目,296393.4460696677,2,26.17714795878802,多摩川
世田谷区|玉川1丁目,296393.4460696677,2,26.176925294583725,多摩川
世田谷区|玉川1丁目,296393.4460696677,2,4554.341263704178,多摩川
世田谷区|玉川1丁目,296393.4460696677,2,26.170550300573254,多摩川
世田谷区|玉川1丁目,296393.4460696677,2,26.176818960814316,多摩川
世田谷区|玉川1丁目,296393.4460696677,2,26.176805708051127,多摩川
世田谷区|玉川1丁目,296393.4460696677,2,52.34708020788053,多摩川
世田谷区|玉川1丁目,296393.4460696677,2,26.17685887686214,多摩川
世田谷区|玉川1丁目,296393.4460696677,2,209.3996557919071,多摩川
世田谷区|玉川1丁目,296393.4460696677,2,26.176765818035094,多摩川
世田谷区|玉川1丁目,296393.4460696677,2,26.170470622370537,多摩川
世田谷区|玉川1丁目,296393.4460696677,2,104.70020310821376,多摩川
世田谷区|玉川1丁目,296393.4460696677,2,261.7401910699724,多摩川
世田谷区|玉川1丁目,296393.4460696677,2,26.176357118757977,多摩川
世田谷区|玉川1丁目,296393.4460696677,2,104.69904041637231,多摩川
世田谷区|玉川1丁目,296393.4460696677,2,26.1763703953633,多摩川
世田谷区|玉川1丁目,296393.4460696677,2,287.91916687357826,多摩川
世田谷区|玉川1丁目,296393.4460696677,2,26.176290724309197,多摩川
世田谷区|玉川1丁目,296393.4460696677,2,26.17627745640437,多摩川
世田谷区|玉川1丁目,296393.4460696677,2,52.34623320692002,多摩川
世田谷区|玉川1丁目,296393.4460696677,2,26.176237541247424,多摩川
世田谷区|玉川1丁目,296393.4460696677,2,26.170022149162726,多摩川
世田谷区|玉川1丁目,296393.4460696677,2,26.176157879225322,多摩川
世田谷区|玉川1丁目,296393.4460696677,3,20748.37402067634,多摩川
世田谷区|玉川1丁目,296393.4460696677,3,55569.549490295874,多摩川
世田谷区|玉川1丁目,296393.4460696677,3,168.26205111995256,多摩川
世田谷区|玉川1丁目,296393.4460696677,3,287.9306872303351,多摩川
世田谷区|玉川1丁目,296393.4460696677,3,235.5796850013808,多摩川
世田谷区|玉川1丁目,296393.4460696677,3,52.34781936718553,多摩川
世田谷区|玉川1丁目,296393.4460696677,3,575.8651537010903,多摩川
世田谷区|玉川1丁目,296393.4460696677,3,52.352374724432416,多摩川
世田谷区|玉川1丁目,296393.4460696677,3,26.16977379936646,多摩川
世田谷区|玉川1丁目,296393.4460696677,3,1727.5153929533042,多摩川
世田谷区|玉川1丁目,296393.4460696677,3,104.70166086358486,多摩川
世田谷区|玉川1丁目,296393.4460696677,3,1387.2265100881827,多摩川
世田谷区|玉川1丁目,296393.4460696677,3,209.38553557235423,多摩川
世田谷区|玉川1丁目,296393.4460696677,3,78.51667975672673,多摩川
世田谷区|玉川1丁目,296393.4460696677,3,78.52324651606865,多摩川
世田谷区|玉川1丁目,296393.4460696677,3,654.3517935513496,多摩川
世田谷区|玉川1丁目,296393.4460696677,3,235.57423636382626,多摩川
世田谷区|玉川1丁目,296393.4460696677,3,26.176004251354932,多摩川
世田谷区|玉川1丁目,296393.4460696677,3,26.177217775617613,多摩川
世田谷区|玉川1丁目,296393.4460696677,3,26.170908966462378,多摩川
世田谷区|玉川1丁目,296393.4460696677,3,157.04998499712414,多摩川
世田谷区|玉川1丁目,296393.4460696677,3,104.70799717874021,多摩川
世田谷区|玉川1丁目,296393.4460696677,3,157.04980576218173,多摩川
世田谷区|玉川1丁目,296393.4460696677,3,78.52436645807762,多摩川
世田谷区|玉川1丁目,296393.4460696677,3,26.17673007480424,多摩川
世田谷区|玉川1丁目,296393.4460696677,3,26.176925971481317,多摩川
世田谷区|玉川1丁目,296393.4460696677,3,26.17063075289861,多摩川
世田谷区|玉川1丁目,296393.4460696677,3,52.35301605088919,多摩川
世田谷区|玉川1丁目,296393.4460696677,3,26.170101547740842,多摩川
世田谷区|玉川1丁目,296393.4460696677,3,497.30251926655995,多摩川
世田谷区|玉川1丁目,296393.4460696677,3,26.176701674520594,多摩川
世田谷区|玉川1丁目,296393.4460696677,3,26.176496623710406,多摩川
世田谷区|玉川1丁目,296393.4460696677,3,23.153677109523606,多摩川
世田谷区|玉川1丁目,296393.4460696677,4,70400.62859343941,多摩川
世田谷区|玉川1丁目,296393.4460696677,4,3140.932735140863,多摩川
世田谷区|玉川1丁目,296393.4460696677,4,1099.317939286875,多摩川
世田谷区|玉川1丁目,296393.4460696677,4,52.34088119446937,多摩川
世田谷区|玉川1丁目,296393.4460696677,4,26.170335597041877,多摩川
世田谷区|玉川1丁目,296393.4460696677,4,104.69374953243702,多摩川
世田谷区|玉川1丁目,296393.4460696677,4,104.70672951351447,多摩川
世田谷区|玉川1丁目,296393.4460696677,4,157.05377603433567,多摩川
世田谷区|玉川1丁目,296393.4460696677,4,471.14624740318084,多摩川
世田谷区|玉川1丁目,296393.4460696677,4,654.3538860490453,多摩川
世田谷区|玉川1丁目,296393.4460696677,4,130.87299690170158,多摩川
世田谷区|玉川1丁目,296393.4460696677,4,26.176312522653735,多摩川
世田谷区|玉川1丁目,296393.4460696677,4,26.17636742236088,多摩川
世田谷区|玉川1丁目,296393.4460696677,4,183.2113406337612,多摩川
世田谷区|玉川1丁目,296393.4460696677,4,314.088465749218,多摩川
世田谷区|玉川1丁目,296393.4460696677,4,366.44157192962484,多摩川
世田谷区|玉川1丁目,296393.4460696677,4,314.07740629413587,多摩川
世田谷区|玉川1丁目,296393.4460696677,4,26.176358754202532,多摩川
世田谷区|玉川1丁目,296393.4460696677,4,52.353278776023195,多摩川
世田谷区|玉川1丁目,296393.4460696677,4,366.4471484213506,多摩川
世田谷区|玉川1丁目,296393.4460696677,4,26.17649213604584,多摩川
世田谷区|玉川1丁目,296393.4460696677,4,1099.3207353345567,多摩川
世田谷区|玉川1丁目,296393.4460696677,4,340.26125208180736,多摩川
世田谷区|玉川1丁目,296393.4460696677,4,366.4496397819292,多摩川
世田谷区|玉川1丁目,296393.4460696677,4,1491.901099521168,多摩川
世田谷区|玉川1丁目,296393.4460696677,4,261.7491352518887,多摩川
世田谷区|玉川1丁目,296393.4460696677,4,78.51551120682535,多摩川
世田谷区|玉川1丁目,296393.4460696677,5,16411.524184019974,多摩川
世田谷区|玉川1丁目,296393.4460696677,5,26.176965502151276,多摩川
世田谷区|玉川1丁目,296393.4460696677,5,183.2288260771737,多摩川
世田谷区|玉川1丁目,296393.4460696677,5,1361.0854960154961,多摩川
世田谷区|玉川1丁目,296393.4460696677,5,26.176767168265755,多摩川
世田谷区|玉川1丁目,296393.4460696677,5,52.3537173810101,多摩川
世田谷区|玉川1丁目,296393.4460696677,5,183.23367188610155,多摩川
世田谷区|玉川1丁目,296393.4460696677,5,26.17074161953078,多摩川
世田谷区|玉川1丁目,296393.4460696677,5,26.176957314871864,多摩川
世田谷区|玉川2丁目,170672.81973463562,1,26.17595480234062,多摩川
世田谷区|玉川2丁目,170672.81973463562,1,26.17591502362876,多摩川
世田谷区|玉川2丁目,170672.81973463562,1,26.17575918586317,多摩川
世田谷区|玉川2丁目,170672.81973463562,1,52.351648607991784,多摩川
世田谷区|玉川2丁目,170672.81973463562,1,26.175721133371265,多摩川
世田谷区|玉川2丁目,170672.81973463562,1,26.175958124921046,多摩川
世田谷区|玉川2丁目,170672.81973463562,1,26.16945405967531,多摩川
世田谷区|玉川2丁目,170672.81973463562,1,26.174724156175934,多摩川
世田谷区|玉川2丁目,170672.81973463562,1,26.168536193895278,多摩川
世田谷区|玉川2丁目,170672.81973463562,1,26.17487135732505,多摩川
世田谷区|玉川2丁目,170672.81973463562,1,52.34205643798057,多摩川
世田谷区|玉川2丁目,170672.81973463562,1,26.168536609137156,多摩川
世田谷区|玉川2丁目,170672.81973463562,1,26.167733979202872,多摩川
世田谷区|玉川2丁目,170672.81973463562,1,130.85901162215552,多摩川
世田谷区|玉川2丁目,170672.81973463562,1,52.34848656463999,多摩川
世田谷区|玉川2丁目,170672.81973463562,1,232.48190036890097,多摩川
世田谷区|玉川2丁目,170672.81973463562,2,56514.20578275452,多摩川
世田谷区|玉川2丁目,170672.81973463562,2,52.34519546977505,多摩川
世田谷区|玉川2丁目,170672.81973463562,2,2595.7394552803753,多摩川
世田谷区|玉川2丁目,170672.81973463562,2,78.52748616870593,多摩川
世田谷区|玉川2丁目,170672.81973463562,2,130.87853007878715,多摩川
世田谷区|玉川2丁目,170672.81973463562,2,392.5436375046119,多摩川
世田谷区|玉川2丁目,170672.81973463562,2,261.75783222835014,多摩川
世田谷区|玉川2丁目,170672.81973463562,2,78.5268601993778,多摩川
世田谷区|玉川2丁目,170672.81973463562,2,130.8789601728289,多摩川
世田谷区|玉川2丁目,170672.81973463562,2,104.70231425848488,多摩川
世田谷区|玉川2丁目,170672.81973463562,2,52.351707237982886,多摩川
世田谷区|玉川2丁目,170672.81973463562,2,52.338908489766695,多摩川
世田谷区|玉川2丁目,170672.81973463562,2,209.36707813699388,多摩川
世田谷区|玉川2丁目,170672.81973463562,2,78.51381495528841,多摩川
世田谷区|玉川2丁目,170672.81973463562,2,50.906898136482674,多摩川
世田谷区|玉川2丁目,170672.81973463562,2,235.56693893853685,多摩川
世田谷区|玉川2丁目,170672.81973463562,2,52.33823843570508,多摩川
世田谷区|玉川2丁目,170672.81973463562,2,26.17528291506037,多摩川
世田谷区|玉川2丁目,170672.81973463562,2,340.2477528318378,多摩川
世田谷区|玉川2丁目,170672.81973463562,2,26.168935187984363,多摩川
世田谷区|玉川2丁目,170672.81973463562,2,26.17574472434009,多摩川
世田谷区|玉川2丁目,170672.81973463562,2,26.17528668957817,多摩川
世田谷区|玉川2丁目,170672.81973463562,2,52.35063928583307,多摩川
世田谷区|玉川2丁目,170672.81973463562,2,26.174068401885812,多摩川
世田谷区|玉川2丁目,170672.81973463562,2,26.17404176554893,多摩川
世田谷区|玉川2丁目,170672.81973463562,2,26.167733842796743,多摩川
世田谷区|玉川2丁目,170672.81973463562,2,52.3511922542641,多摩川
世田谷区|玉川2丁目,170672.81973463562,2,26.175852451415953,多摩川
世田谷区|玉川2丁目,170672.81973463562,3,458.15583020379114,多摩川
世田谷区|玉川2丁目,170672.81973463562,3,83049.07142668885,多摩川
世田谷区|玉川2丁目,170672.81973463562,3,26.175718479517947,多摩川
世田谷区|玉川2丁目,170672.81973463562,3,18.59195918682285,多摩川
世田谷区|玉川2丁目,170672.81973463562,3,366.4368737436592,多摩川
世田谷区|玉川2丁目,170672.81973463562,3,26.169413486294975,多摩川
世田谷区|玉川2丁目,170672.81973463562,3,26.17488407552628,多摩川
世田谷区|玉川2丁目,170672.81973463562,3,51.86465799162754,多摩川
世田谷区|玉川2丁目,170672.81973463562,3,52.34352659921304,多摩川
世田谷区|玉川2丁目,170672.81973463562,3,26.174990824084794,多摩川
世田谷区|玉川2丁目,170672.81973463562,3,4362.490283691012,多摩川
世田谷区|玉川2丁目,170672.81973463562,3,3.0225701840303967,多摩川
世田谷区|玉川2丁目,170672.81973463562,3,26.1746858795348,多摩川
世田谷区|玉川2丁目,170672.81973463562,3,130.86095856982863,多摩川
世田谷区|玉川2丁目,170672.81973463562,3,52.3441166685414,多摩川
世田谷区|玉川2丁目,170672.81973463562,3,26.169832563994774,多摩川
世田谷区|玉川2丁目,170672.81973463562,3,104.69689730079001,多摩川
世田谷区|玉川2丁目,170672.81973463562,4,8243.08886023772,多摩川
世田谷区|玉川2丁目,170672.81973463562,4,1020.7349918713151,多摩川
世田谷区|玉川2丁目,170672.81973463562,4,78.51528556628648,多摩川
世田谷区|玉川2丁目,170672.81973463562,4,26.175601126520384,多摩川
世田谷区|玉川2丁目,170672.81973463562,4,26.17628804828701,多摩川
世田谷区|玉川2丁目,170672.81973463562,4,183.21056213152502,多摩川
世田谷区|玉川2丁目,170672.81973463562,4,26.17595904970441,多摩川
世田谷区|玉川2丁目,170672.81973463562,4,104.69612365099341,多摩川
世田谷区|玉川3丁目,278932.0585203855,1,52.342650906696406,多摩川
世田谷区|玉川3丁目,278932.0585203855,2,104558.61290438486,多摩川
世田谷区|玉川3丁目,278932.0585203855,2,732.8491001507073,多摩川
世田谷区|玉川3丁目,278932.0585203855,2,26.175214815732016,多摩川
世田谷区|玉川3丁目,278932.0585203855,2,104.68527039451085,多摩川
世田谷区|玉川3丁目,278932.0585203855,2,26.175014870003814,多摩川
世田谷区|玉川3丁目,278932.0585203855,2,26.168144606310154,多摩川
世田谷区|玉川3丁目,278932.0585203855,2,2564.886594538569,多摩川
世田谷区|玉川3丁目,278932.0585203855,2,26.174613349075635,多摩川
世田谷区|玉川3丁目,278932.0585203855,2,26.17461691530685,多摩川
世田谷区|玉川3丁目,278932.0585203855,2,26.168507105595612,多摩川
世田谷区|玉川3丁目,278932.0585203855,2,26.17477505165477,多摩川
世田谷区|玉川3丁目,278932.0585203855,2,78.52286838264976,多摩川
世田谷区|玉川3丁目,278932.0585203855,2,157.035761645107,多摩川
世田谷区|玉川3丁目,278932.0585203855,2,26.17456906449631,多摩川
世田谷区|玉川3丁目,278932.0585203855,2,104.69126113306083,多摩川
世田谷区|玉川3丁目,278932.0585203855,2,78.51678836344948,多摩川
世田谷区|玉川3丁目,278932.0585203855,2,26.17493223685266,多摩川
世田谷区|玉川3丁目,278932.0585203855,2,157.02653563637776,多摩川
世田谷区|玉川3丁目,278932.0585203855,2,52.34870551634072,多摩川
世田谷区|玉川3丁目,278932.0585203855,2,26.174463870711982,多摩川
世田谷区|玉川3丁目,278932.0585203855,2,52.34223807905136,多摩川
世田谷区|玉川3丁目,278932.0585203855,2,157.03327547376128,多摩川
世田谷区|玉川3丁目,278932.0585203855,2,26.17430508583094,多摩川
世田谷区|玉川3丁目,278932.0585203855,2,26.17416210280608,多摩川
世田谷区|玉川3丁目,278932.0585203855,2,26.16790758834566,多摩川
世田谷区|玉川3丁目,278932.0585203855,2,52.34981157371259,多摩川
世田谷区|玉川3丁目,278932.0585203855,2,26.168460072619798,多摩川
世田谷区|玉川3丁目,278932.0585203855,2,26.168499829278016,多摩川
世田谷区|玉川3丁目,278932.0585203855,2,104.69283507066027,多摩川
世田谷区|玉川3丁目,278932.0585203855,2,26.174890479442986,多摩川
世田谷区|玉川3丁目,278932.0585203855,2,52.35025370323552,多摩川
世田谷区|玉川3丁目,278932.0585203855,2,52.34975787025241,多摩川
世田谷区|玉川3丁目,278932.0585203855,2,26.17528971304303,多摩川
世田谷区|玉川3丁目,278932.0585203855,2,26.16899489120607,多摩川
世田谷区|玉川3丁目,278932.0585203855,3,89560.0239457997,多摩川
世田谷区|玉川3丁目,278932.0585203855,3,7715.6676964178705,多摩川
世田谷区|玉川3丁目,278932.0585203855,3,26.169267846904834,多摩川
世田谷区|玉川3丁目,278932.0585203855,3,26.175497143741417,多摩川
世田谷区|玉川3丁目,278932.0585203855,3,78.52514099833662,多摩川
世田谷区|玉川3丁目,278932.0585203855,3,104.68704672198173,多摩川
世田谷区|玉川3丁目,278932.0585203855,3,104.6944289403107,多摩川
世田谷区|玉川3丁目,278932.0585203855,3,183.21570571298278,多摩川
世田谷区|玉川3丁目,278932.0585203855,3,26.168065513535836,多摩川
世田谷区|玉川3丁目,278932.0585203855,3,26.174722987327073,多摩川
世田谷区|玉川3丁目,278932.0585203855,3,52.34976726860347,多摩川
世田谷区|玉川3丁目,278932.0585203855,3,157.04638333524593,多摩川
世田谷区|玉川3丁目,278932.0585203855,3,52.3483339382247,多摩川
世田谷区|玉川3丁目,278932.0585203855,3,26.16843762392677,多摩川
世田谷区|玉川3丁目,278932.0585203855,3,26.1747242311924,多摩川
世田谷区|玉川3丁目,278932.0585203855,3,26.167827802264362,多摩川
世田谷区|玉川3丁目,278932.0585203855,3,78.51643466512809,多摩川
世田谷区|玉川3丁目,278932.0585203855,3,26.174363148958143,多摩川
世田谷区|玉川3丁目,278932.0585203855,3,26.174095839690168,多摩川
世田谷区|玉川3丁目,278932.0585203855,3,32.756551336675216,多摩川
世田谷区|玉川3丁目,278932.0585203855,3,52.33586733057292,多摩川
世田谷区|玉川3丁目,278932.0585203855,3,3.279153928630277,多摩川
世田谷区|玉川3丁目,278932.0585203855,3,26.174083853069696,多摩川
世田谷区|玉川3丁目,278932.0585203855,3,26.17397964519772,多摩川
世田谷区|玉川3丁目,278932.0585203855,3,26.16775307999673,多摩川
世田谷区|玉川3丁目,278932.0585203855,3,700.2966268686154,多摩川
世田谷区|玉川3丁目,278932.0585203855,3,2857.7805212620538,多摩川
世田谷区|玉川3丁目,278932.0585203855,3,52.349813491751654,多摩川
世田谷区|玉川3丁目,278932.0585203855,4,52.34517510196561,多摩川
世田谷区|玉川3丁目,278932.0585203855,4,26.16883587860233,多摩川
世田谷区|玉川3丁目,278932.0585203855,4,261.7300796732968,多摩川
世田谷区|玉川3丁目,278932.0585203855,4,52.35213553870537,多摩川
世田谷区|玉川3丁目,278932.0585203855,4,314.09859804212505,多摩川
世田谷区|玉川3丁目,278932.0585203855,4,104.69673250338636,多摩川
世田谷区|玉川4丁目,194018.23181014627,1,78.51568736622689,多摩川
世田谷区|玉川4丁目,194018.23181014627,1,26.174279150412854,多摩川
世田谷区|玉川4丁目,194018.23181014627,1,55.41167602482299,多摩川
世田谷区|玉川4丁目,194018.23181014627,2,96079.19594262374,多摩川
世田谷区|玉川4丁目,194018.23181014627,2,1308.6024910448755,多摩川
世田谷区|玉川4丁目,194018.23181014627,2,183.2064118651916,多摩川
世田谷区|玉川4丁目,194018.23181014627,2,183.21267664143573,多摩川
世田谷区|玉川4丁目,194018.23181014627,2,183.19403747104,多摩川
世田谷区|玉川4丁目,194018.23181014627,2,26.167903437350393,多摩川
世田谷区|玉川4丁目,194018.23181014627,2,1805.8716744648682,多摩川
世田谷区|玉川4丁目,194018.23181014627,2,1151.5676495444486,多摩川
世田谷区|玉川4丁目,194018.23181014627,2,758.9819871293998,多摩川
世田谷区|玉川4丁目,194018.23181014627,2,26.1741210979258,多摩川
世田谷区|玉川4丁目,194018.23181014627,2,418.74559837206147,多摩川
世田谷区|玉川4丁目,194018.23181014627,2,1020.7012733897667,多摩川
世田谷区|玉川4丁目,194018.23181014627,2,444.926386193782,多摩川
世田谷区|玉川4丁目,194018.23181014627,2,26.167786933048255,多摩川
世田谷区|玉川4丁目,194018.23181014627,2,366.39066645465624,多摩川
世田谷区|玉川4丁目,194018.23181014627,2,26.17355963256852,多摩川
世田谷区|玉川4丁目,194018.23181014627,2,130.8619815586676,多摩川
世田谷区|玉川4丁目,194018.23181014627,2,1125.3826501711133,多摩川
世田谷区|玉川4丁目,194018.23181014627,2,78.51597333141568,多摩川
世田谷区|玉川4丁目,194018.23181014627,2,3114.4357615262634,多摩川
世田谷区|玉川4丁目,194018.23181014627,2,392.578724195642,多摩川
世田谷区|玉川4丁目,194018.23181014627,2,157.0221361661455,多摩川
世田谷区|玉川4丁目,194018.23181014627,2,26.173482075701052,多摩川
世田谷区|玉川4丁目,194018.23181014627,2,26.167227444178014,多摩川
世田谷区|玉川4丁目,194018.23181014627,2,78.52288858188327,多摩川
世田谷区|玉川4丁目,194018.23181014627,2,26.17415175502193,多摩川
世田谷区|玉川4丁目,194018.23181014627,2,130.8722414996392,多摩川
世田谷区|玉川4丁目,194018.23181014627,2,130.87118798104686,多摩川
世田谷区|玉川4丁目,194018.23181014627,2,52.342411428802706,多摩川
世田谷区|玉川4丁目,194018.23181014627,2,52.34871875267136,多摩川
世田谷区|玉川4丁目,194018.23181014627,2,157.03235630825745,多摩川
世田谷区|玉川4丁目,194018.23181014627,2,26.167987166135937,多摩川
世田谷区|玉川4丁目,194018.23181014627,2,26.174152715249647,多摩川
世田谷区|玉川4丁目,194018.23181014627,2,26.174562761011348,多摩川
世田谷区|玉川4丁目,194018.23181014627,2,52.34185116347168,多摩川
世田谷区|玉川4丁目,194018.23181014627,2,26.174033002602016,多摩川
世田谷区|玉川4丁目,194018.23181014627,2,889.8448829882595,多摩川
世田谷区|玉川4丁目,194018.23181014627,3,77469.76490574496,多摩川
世田谷区|玉川4丁目,194018.23181014627,3,130.85562437671652,多摩川
世田谷区|玉川4丁目,194018.23181014627,3,26.17375846232767,多摩川
世田谷区|玉川4丁目,194018.23181014627,3,26.174021726121964,多摩川
世田谷区|玉川4丁目,194018.23181014627,3,26.16750420306043,多摩川
世田谷区|玉川4丁目,194018.23181014627,3,26.173612102923684,多摩川
世田谷区|玉川4丁目,194018.23181014627,3,26.173852645686644,多摩川
世田谷区|玉川4丁目,194018.23181014627,3,78.50191957082141,多摩川
世田谷区|玉川4丁目,194018.23181014627,3,26.1675476998576,多摩川
世田谷区|玉川4丁目,194018.23181014627,3,124.26912840645483,多摩川
世田谷区|玉川4丁目,194018.23181014627,3,52.34160407138465,多摩川
世田谷区|玉川4丁目,194018.23181014627,3,26.173360679767868,多摩川
世田谷区|玉川4丁目,194018.23181014627,3,78.50761412365775,多摩川
世田谷区|玉川4丁目,194018.23181014627,3,75.23611238906203,多摩川
世田谷区|玉川4丁目,194018.23181014627,3,130.86328999551537,多摩川
世田谷区|玉川4丁目,194018.23181014627,3,13.289206311209409,多摩川
世田谷区|玉川4丁目,194018.23181014627,3,1181.205047342117,多摩川
世田谷区|玉川4丁目,194018.23181014627,3,130.8588083847415,多摩川
世田谷区|玉川4丁目,194018.23181014627,3,52.34166146161482,多摩川
世田谷区|玉川4丁目,194018.23181014627,3,287.9015232455298,多摩川
世田谷区|玉川4丁目,194018.23181014627,3,26.167737647569297,多摩川
世田谷区|玉川4丁目,194018.23181014627,3,52.34229069262758,多摩川
世田谷区|玉川4丁目,194018.23181014627,3,52.335395647819,多摩川
世田谷区|玉川4丁目,194018.23181014627,3,104.67756292469373,多摩川
世田谷区|玉川4丁目,194018.23181014627,3,157.03073418580792,多摩川
世田谷区|玉堤1丁目,498641.1371708381,1,26.174931758252978,多摩川
世田谷区|玉堤1丁目,498641.1371708381,1,26.181655634949646,多摩川
世田谷区|玉堤1丁目,498641.1371708381,1,26.180801124355188,多摩川
世田谷区|玉堤1丁目,498641.1371708381,2,52.363018580280674,多摩川
世田谷区|玉堤1丁目,498641.1371708381,2,26.181906662868933,多摩川
世田谷区|玉堤1丁目,498641.1371708381,2,26.175481494654335,多摩川
世田谷区|玉堤1丁目,498641.1371708381,2,152843.29679240618,多摩川
世田谷区|玉堤1丁目,498641.1371708381,2,130.90295920491596,多摩川
世田谷区|玉堤1丁目,498641.1371708381,2,26.181791624270584,多摩川
世田谷区|玉堤1丁目,498641.1371708381,2,130.8967185485743,多摩川
世田谷区|玉堤1丁目,498641.1371708381,2,157.07897846757527,多摩川
世田谷区|玉堤1丁目,498641.1371708381,2,52321.564337691496,多摩川
世田谷区|玉堤1丁目,498641.1371708381,2,26.18021954989625,多摩川
世田谷区|玉堤1丁目,498641.1371708381,2,26.17413305610394,多摩川
世田谷区|玉堤1丁目,498641.1371708381,2,52.36022673957501,多摩川
世田谷区|玉堤1丁目,498641.1371708381,2,130.88136478864521,多摩川
世田谷区|玉堤1丁目,498641.1371708381,2,26.17414323246057,多摩川
世田谷区|玉堤1丁目,498641.1371708381,2,78.54091578240977,多摩川
世田谷区|玉堤1丁目,498641.1371708381,2,26.17999631030937,多摩川
世田谷区|玉堤1丁目,498641.1371708381,2,26.173726855178835,多摩川
世田谷区|玉堤1丁目,498641.1371708381,2,26.18007869214906,多摩川
世田谷区|玉堤1丁目,498641.1371708381,2,1387.4656848888153,多摩川
世田谷区|玉堤1丁目,498641.1371708381,2,26.18040059861793,多摩川
世田谷区|玉堤1丁目,498641.1371708381,2,171.59333493168333,多摩川
世田谷区|玉堤1丁目,498641.1371708381,3,46948.18897615082,多摩川
世田谷区|玉堤1丁目,498641.1371708381,3,52.36291546054524,多摩川
世田谷区|玉堤1丁目,498641.1371708381,3,26.175120976368245,多摩川
世田谷区|玉堤1丁目,498641.1371708381,3,52.356700401712736,多摩川
世田谷区|玉堤1丁目,498641.1371708381,3,78.52581639449694,多摩川
世田谷区|玉堤1丁目,498641.1371708381,3,26.181538697399134,多摩川
世田谷区|玉堤1丁目,498641.1371708381,3,78.54416329769728,多摩川
世田谷区|玉堤1丁目,498641.1371708381,3,26.181351997468724,多摩川
世田谷区|玉堤1丁目,498641.1371708381,3,26.17516252523766,多摩川
世田谷区|玉堤1丁目,498641.1371708381,3,78.54470291476103,多摩川
世田谷区|玉堤1丁目,498641.1371708381,3,5.840317578630553,多摩川
世田谷区|玉堤1丁目,498641.1371708381,3,20.521189747418454,多摩川
世田谷区|玉堤1丁目,498641.1371708381,3,942.4014042052437,多摩川
世田谷区|玉堤1丁目,498641.1371708381,3,497.3783466873225,多摩川
世田谷区|玉堤1丁目,498641.1371708381,3,19.06573724278936,多摩川
世田谷区|玉堤1丁目,498641.1371708381,3,235.60565914890176,多摩川
世田谷区|玉堤1丁目,498641.1371708381,3,52.35446230393052,多摩川
世田谷区|玉堤1丁目,498641.1371708381,3,52.35429546346465,多摩川
世田谷区|玉堤1丁目,498641.1371708381,3,78.534214229375,多摩川
世田谷区|玉堤1丁目,498641.1371708381,3,26.174203889945453,多摩川
世田谷区|玉堤1丁目,498641.1371708381,3,52.36180348899281,多摩川
世田谷区|玉堤1丁目,498641.1371708381,3,26.173970418520874,多摩川
世田谷区|玉堤1丁目,498641.1371708381,3,1387.4347388888843,多摩川
世田谷区|玉堤1丁目,498641.1371708381,3,26.179992435390503,多摩川
世田谷区|玉堤1丁目,498641.1371708381,3,104.70260786857588,多摩川
世田谷区|玉堤1丁目,498641.1371708381,3,104.71641156074884,多摩川
世田谷区|玉堤1丁目,498641.1371708381,3,20.880548658150033,多摩川
世田谷区|玉堤1丁目,498641.1371708381,3,26.173883866710323,多摩川
世田谷区|玉堤1丁目,498641.1371708381,3,26.17412477558674,多摩川
世田谷区|玉堤1丁目,498641.1371708381,3,78.5425210633228,多摩川
世田谷区|玉堤1丁目,498641.1371708381,3,26.173941851709912,多摩川
世田谷区|玉堤1丁目,498641.1371708381,3,26.180604946181475,多摩川
世田谷区|玉堤1丁目,498641.1371708381,3,26.17408584814039,多摩川
世田谷区|玉堤1丁目,498641.1371708381,3,26.179955286440784,多摩川
世田谷区|玉堤1丁目,498641.1371708381,3,183.25225944647195,多摩川
世田谷区|玉堤1丁目,498641.1371708381,3,130.8797761451888,多摩川
世田谷区|玉堤1丁目,498641.1371708381,3,26.17388736172785,多摩川
世田谷区|玉堤1丁目,498641.1371708381,3,26.180103399810918,多摩川
世田谷区|玉堤1丁目,498641.1371708381,3,26.180157084555898,多摩川
世田谷区|玉堤1丁目,498641.1371708381,3,26.18015682209897,多摩川
世田谷区|玉堤1丁目,498641.1371708381,3,26.180352998810754,多摩川
世田谷区|玉堤1丁目,498641.1371708381,3,287.952980296795,多摩川
世田谷区|玉堤1丁目,498641.1371708381,3,26.180344383508267,多摩川
世田谷区|玉堤1丁目,498641.1371708381,3,26.174458739906513,多摩川
世田谷区|玉堤1丁目,498641.1371708381,3,26.180888626077216,多摩川
世田谷区|玉堤1丁目,498641.1371708381,3,25.795590388469698,多摩川
世田谷区|玉堤1丁目,498641.1371708381,3,26.1801173999973,多摩川
世田谷区|玉堤1丁目,498641.1371708381,3,26.180103884297264,多摩川
世田谷区|玉堤1丁目,498641.1371708381,3,26.180434171059662,多摩川
世田谷区|玉堤1丁目,498641.1371708381,3,26.174138116602123,多摩川
世田谷区|玉堤1丁目,498641.1371708381,3,26.174459223468656,多摩川
世田谷区|玉堤1丁目,498641.1371708381,3,26.180518891123402,多摩川
世田谷区|玉堤1丁目,498641.1371708381,3,26.180545795363702,多摩川
世田谷区|玉堤1丁目,498641.1371708381,3,261.7954412207898,多摩川
世田谷区|玉堤1丁目,498641.1371708381,3,26.173848910736844,多摩川
世田谷区|玉堤1丁目,498641.1371708381,3,26.180118362051743,多摩川
世田谷区|玉堤1丁目,498641.1371708381,3,52.3605792056968,多摩川
世田谷区|玉堤1丁目,498641.1371708381,3,26.18036761621608,多摩川
世田谷区|玉堤1丁目,498641.1371708381,3,26.180354332237755,多摩川
世田谷区|玉堤1丁目,498641.1371708381,3,52.354370658339086,多摩川
世田谷区|玉堤1丁目,498641.1371708381,3,78.53589183006771,多摩川
世田谷区|玉堤1丁目,498641.1371708381,4,16.71924255078631,多摩川
世田谷区|玉堤1丁目,498641.1371708381,4,85.10991649148811,多摩川
世田谷区|玉堤1丁目,498641.1371708381,4,265.96372877002347,多摩川
世田谷区|玉堤1丁目,498641.1371708381,4,174.83715018866596,多摩川
世田谷区|玉堤1丁目,498641.1371708381,4,126.66997556910457,多摩川
世田谷区|玉堤1丁目,498641.1371708381,4,26.175521299328206,多摩川
世田谷区|玉堤2丁目,148455.70766920695,1,26.174054686724524,多摩川
世田谷区|玉堤2丁目,148455.70766920695,1,26.18027115191351,多摩川
世田谷区|玉堤2丁目,148455.70766920695,2,49149.698050379586,多摩川
世田谷区|玉堤2丁目,148455.70766920695,2,26.17994495594708,多摩川
世田谷区|玉堤2丁目,148455.70766920695,2,26.179784395729115,多摩川
世田谷区|玉堤2丁目,148455.70766920695,2,26.18019636329121,多摩川
世田谷区|玉堤2丁目,148455.70766920695,2,52.34738278556812,多摩川
世田谷区|玉堤2丁目,148455.70766920695,2,52.347784345650375,多摩川
世田谷区|玉堤2丁目,148455.70766920695,2,1006.4472895524441,多摩川
世田谷区|玉堤2丁目,148455.70766920695,2,26.180197103681692,多摩川
世田谷区|玉堤2丁目,148455.70766920695,2,157.0742697822942,多摩川
世田谷区|玉堤2丁目,148455.70766920695,2,6178.036114474935,多摩川
世田谷区|玉堤2丁目,148455.70766920695,2,104.72179760302004,多摩川
世田谷区|玉堤2丁目,148455.70766920695,2,26.179958214948886,多摩川
世田谷区|玉堤2丁目,148455.70766920695,2,261.780977756438,多摩川
世田谷区|玉堤2丁目,148455.70766920695,2,26.17361386475689,多摩川
世田谷区|玉堤2丁目,148455.70766920695,2,287.9495964881509,多摩川
世田谷区|玉堤2丁目,148455.70766920695,2,26.180070837289865,多摩川
世田谷区|玉堤2丁目,148455.70766920695,2,26.18048946201916,多摩川
世田谷区|玉堤2丁目,148455.70766920695,2,26.180084087094443,多摩川
世田谷区|玉堤2丁目,148455.70766920695,2,235.61684765819763,多摩川
世田谷区|玉堤2丁目,148455.70766920695,2,26.173333268152007,多摩川
世田谷区|玉堤2丁目,148455.70766920695,2,44.67657251372537,多摩川
世田谷区|玉堤2丁目,148455.70766920695,3,40148.46644756428,多摩川
世田谷区|玉堤2丁目,148455.70766920695,3,0.38457088483497576,多摩川
世田谷区|玉堤2丁目,148455.70766920695,3,104.70564095081154,多摩川
世田谷区|玉堤2丁目,148455.70766920695,3,52.35332727665395,多摩川
世田谷区|玉堤2丁目,148455.70766920695,3,157.0682796132763,多摩川
世田谷区|玉堤2丁目,148455.70766920695,3,26.179412674173296,多摩川
世田谷区|玉堤2丁目,148455.70766920695,3,26.17925105028821,多摩川
世田谷区|玉堤2丁目,148455.70766920695,3,26.179798637193365,多摩川
世田谷区|玉堤2丁目,148455.70766920695,3,26.180039762164107,多摩川
世田谷区|玉堤2丁目,148455.70766920695,3,26.17968749178934,多摩川
世田谷区|玉堤2丁目,148455.70766920695,3,26.17959830775932,多摩川
世田谷区|玉堤2丁目,148455.70766920695,3,26.179705402956905,多摩川
世田谷区|玉堤2丁目,148455.70766920695,3,52.35943187394716,多摩川
世田谷区|玉堤2丁目,148455.70766920695,3,52.353645464477665,多摩川
世田谷区|玉堤2丁目,148455.70766920695,3,52.36029378109642,多摩川
世田谷区|玉堤2丁目,148455.70766920695,3,26.180209751394784,多摩川
世田谷区|玉堤2丁目,148455.70766920695,3,183.24168824908557,多摩川
世田谷区|玉堤2丁目,148455.70766920695,3,26.174060606253953,多摩川
世田谷区|玉堤2丁目,148455.70766920695,3,26.179674343100164,多摩川
世田谷区|玉堤2丁目,148455.70766920695,3,392.67136913111943,多摩川
世田谷区|玉堤2丁目,148455.70766920695,3,52.34799325696482,多摩川
世田谷区|玉堤2丁目,148455.70766920695,3,26.17946576644683,多摩川
世田谷区|玉堤2丁目,148455.70766920695,3,130.8789989574023,多摩川
世田谷区|玉堤2丁目,148455.70766920695,3,26.180077353109013,多摩川
世田谷区|玉堤2丁目,148455.70766920695,3,52.35966866674004,多摩川
世田谷区|玉堤2丁目,148455.70766920695,3,26.17353169934315,多摩川
世田谷区|玉堤2丁目,148455.70766920695,3,104.71347170870487,多摩川
世田谷区|玉堤2丁目,148455.70766920695,3,130.88710514985874,多摩川
世田谷区|玉堤2丁目,148455.70766920695,3,26.173460747782123,多摩川
世田谷区|玉堤2丁目,148455.70766920695,3,26.17325111807446,多摩川
世田谷区|玉堤2丁目,148455.70766920695,3,26.17390234050157,多摩川
世田谷区|玉堤2丁目,148455.70766920695,3,104.7063898321757,多摩川
世田谷区|玉堤2丁目,148455.70766920695,3,26.179562201858616,多摩川
世田谷区|玉堤2丁目,148455.70766920695,3,261.765487734814,多摩川
世田谷区|玉堤2丁目,148455.70766920695,3,26.179548939495156,多摩川
世田谷区|玉堤2丁目,148455.70766920695,3,0.1769191869956396,多摩川
世田谷区|玉堤2丁目,148455.70766920695,3,18.707715993329916,多摩川
世田谷区|玉堤2丁目,148455.70766920695,3,46.06323149999326,多摩川
世田谷区|玉堤2丁目,148455.70766920695,4,157.08296417143137,多摩川
世田谷区|玉堤2丁目,148455.70766920695,4,18.598754774982822,多摩川
世田谷区|玉堤2丁目,148455.70766920695,4,8.035060944530214,多摩川
世田谷区|等々力1丁目,242568.1657758686,1,42.46023304713906,多摩川
世田谷区|等々力1丁目,242568.1657758686,1,78.53263083913944,多摩川
世田谷区|等々力1丁目,242568.1657758686,1,444.99706264270793,多摩川
世田谷区|等々力1丁目,242568.1657758686,1,26.17915694483998,多摩川
世田谷区|等々力1丁目,242568.1657758686,1,26.179288897150848,多摩川
世田谷区|等々力1丁目,242568.1657758686,1,26.179551405827695,多摩川
世田谷区|等々力1丁目,242568.1657758686,1,104.71190578638368,多摩川
世田谷区|等々力1丁目,242568.1657758686,1,52.352682755229914,多摩川
世田谷区|等々力1丁目,242568.1657758686,1,523.5311518889291,多摩川
世田谷区|等々力1丁目,242568.1657758686,1,78.52516948521088,多摩川
世田谷区|等々力1丁目,242568.1657758686,1,26.173135929746,多摩川
世田谷区|等々力1丁目,242568.1657758686,1,26.179384100429438,多摩川
世田谷区|等々力1丁目,242568.1657758686,1,26.179370939954293,多摩川
世田谷区|等々力1丁目,242568.1657758686,1,26.172761010913344,多摩川
世田谷区|等々力1丁目,242568.1657758686,1,78.53803433736506,多摩川
世田谷区|等々力1丁目,242568.1657758686,1,209.43514597476303,多摩川
世田谷区|等々力1丁目,242568.1657758686,1,130.89037754747014,多摩川
世田谷区|等々力1丁目,242568.1657758686,1,52.35782645846583,多摩川
世田谷区|等々力1丁目,242568.1657758686,1,26.178893247324112,多摩川
世田谷区|等々力1丁目,242568.1657758686,1,654.4014784419306,多摩川
世田谷区|等々力1丁目,242568.1657758686,1,26.178826571438044,多摩川
世田谷区|等々力1丁目,242568.1657758686,1,26.179147913467,多摩川
世田谷区|等々力1丁目,242568.1657758686,2,29.21246630706538,多摩川
世田谷区|等々力1丁目,242568.1657758686,2,88.41808292354965,多摩川
世田谷区|等々力1丁目,242568.1657758686,2,10183.05476262841,多摩川
世田谷区|等々力1丁目,242568.1657758686,2,52.35873478420614,多摩川
世田谷区|等々力1丁目,242568.1657758686,2,418.8317099576744,多摩川
世田谷区|等々力1丁目,242568.1657758686,2,1020.8936542820047,多摩川
世田谷区|等々力1丁目,242568.1657758686,2,78.53780445293644,多摩川
世田谷区|等々力1丁目,242568.1657758686,2,52.35292139429263,多摩川
世田谷区|等々力1丁目,242568.1657758686,2,26.172530886135206,多摩川
世田谷区|等々力1丁目,242568.1657758686,2,38.96349634265174,多摩川
世田谷区|等々力1丁目,242568.1657758686,2,130.89001035165367,多摩川
世田谷区|等々力1丁目,242568.1657758686,2,139.6466032057592,多摩川
世田谷区|等々力1丁目,242568.1657758686,3,0.00046260639431905875,多摩川
世田谷区|等々力1丁目,242568.1657758686,3,2164.1197401077743,多摩川
世田谷区|等々力1丁目,242568.1657758686,3,26.17882669513869,多摩川
世田谷区|等々力1丁目,242568.1657758686,3,11.705492906131514,多摩川
世田谷区|等々力1丁目,242568.1657758686,3,78.53076853906151,多摩川
世田谷区|等々力1丁目,242568.1657758686,3,38.934494471217775,多摩川
世田谷区|等々力1丁目,242568.1657758686,3,23.436123568128536,多摩川
世田谷区|等々力1丁目,242568.1657758686,3,26.172731683626562,多摩川
世田谷区|等々力1丁目,242568.1657758686,3,63.88716330133591,多摩川
世田谷区|等々力1丁目,242568.1657758686,3,147.89930247048127,多摩川
世田谷区|等々力1丁目,242568.1657758686,3,25.996214680638726,多摩川
世田谷区|等々力1丁目,242568.1657758686,4,52.026022498909704,多摩川
世田谷区|等々力1丁目,242568.1657758686,4,78.5313078164852,多摩川
世田谷区|等々力1丁目,242568.1657758686,4,76.0089720095472,多摩川
世田谷区|等々力1丁目,242568.1657758686,4,70.58051072051568,多摩川
世田谷区|等々力1丁目,242568.1657758686,4,65.2542481020818,多摩川
世田谷区|等々力1丁目,242568.1657758686,4,25.882285032147674,多摩川
世田谷区|野毛1丁目,217743.52026586427,1,26.17257141843269,多摩川
世田谷区|野毛1丁目,217743.52026586427,1,26.17892066911007,多摩川
世田谷区|野毛1丁目,217743.52026586427,1,26.172598065444117,多摩川
世田谷区|野毛1丁目,217743.52026586427,1,26.179156874761652,多摩川
世田谷区|野毛1丁目,217743.52026586427,1,52.35170854104599,多摩川
世田谷区|野毛1丁目,217743.52026586427,1,130.88379660500857,多摩川
世田谷区|野毛1丁目,217743.52026586427,1,26.17945192600915,多摩川
世田谷区|野毛1丁目,217743.52026586427,1,26.172933203774548,多摩川
世田谷区|野毛1丁目,217743.52026586427,1,104.71100109574235,多摩川
世田谷区|野毛1丁目,217743.52026586427,1,26.17931005548024,多摩川
世田谷区|野毛1丁目,217743.52026586427,1,26.17321001087712,多摩川
世田谷区|野毛1丁目,217743.52026586427,1,26.173290945470107,多摩川
世田谷区|野毛1丁目,217743.52026586427,1,26.179351093705133,多摩川
世田谷区|野毛1丁目,217743.52026586427,1,26.179614711746773,多摩川
世田谷区|野毛1丁目,217743.52026586427,1,52.35246084188441,多摩川
世田谷区|野毛1丁目,217743.52026586427,1,52.34637364163154,多摩川
世田谷区|野毛1丁目,217743.52026586427,1,26.179560903689726,多摩川
世田谷区|野毛1丁目,217743.52026586427,1,706.7020776029639,多摩川
世田谷区|野毛1丁目,217743.52026586427,2,157.06131491936372,多摩川
世田谷区|野毛1丁目,217743.52026586427,2,693.9954755988696,多摩川
世田谷区|野毛1丁目,217743.52026586427,2,26.17890727985108,多摩川
世田谷区|野毛1丁目,217743.52026586427,2,12559.496164023793,多摩川
世田谷区|野毛1丁目,217743.52026586427,2,445.015525701756,多摩川
世田谷区|野毛1丁目,217743.52026586427,2,130.89348825872221,多摩川
世田谷区|野毛1丁目,217743.52026586427,2,130.89288102144508,多摩川
世田谷区|野毛1丁目,217743.52026586427,3,34.773623836580335,多摩川
世田谷区|野毛1丁目,217743.52026586427,3,14.467038105794229,多摩川
世田谷区|野毛1丁目,217743.52026586427,3,65.77482492866386,多摩川
世田谷区|野毛1丁目,217743.52026586427,3,2.7431535502987794,多摩川
世田谷区|野毛1丁目,217743.52026586427,3,14.637871738306458,多摩川
世田谷区|野毛1丁目,217743.52026586427,3,35.34278095260447,多摩川
世田谷区|野毛1丁目,217743.52026586427,3,130.8974340095675,多摩川
世田谷区|野毛1丁目,217743.52026586427,3,52.35274802312847,多摩川
世田谷区|野毛1丁目,217743.52026586427,3,26.179390380691977,多摩川
世田谷区|野毛1丁目,217743.52026586427,3,59.824791897604285,多摩川
世田谷区|野毛1丁目,217743.52026586427,3,78.53830604184574,多摩川
世田谷区|野毛1丁目,217743.52026586427,3,5110.943368855668,多摩川
世田谷区|野毛1丁目,217743.52026586427,3,26.179912536792372,多摩川
世田谷区|野毛1丁目,217743.52026586427,3,209.42399551792278,多摩川
世田谷区|野毛1丁目,217743.52026586427,3,130.87944872294423,多摩川
世田谷区|野毛1丁目,217743.52026586427,4,52.683501489693484,多摩川
世田谷区|野毛1丁目,217743.52026586427,4,2.5218682698255366,多摩川
世田谷区|野毛1丁目,217743.52026586427,4,7.950071327115301,多摩川
世田谷区|野毛1丁目,217743.52026586427,4,13.2775823021026,多摩川
世田谷区|野毛1丁目,217743.52026586427,4,0.29736243539905344,多摩川
世田谷区|野毛1丁目,217743.52026586427,4,33.76057015067733,多摩川
世田谷区|野毛1丁目,217743.52026586427,4,18.14458369802776,多摩川
世田谷区|野毛2丁目,313630.9855983839,1,0.10614703489785152,多摩川
世田谷区|野毛2丁目,313630.9855983839,1,52.352386256101475,多摩川
世田谷区|野毛2丁目,313630.9855983839,1,26.179510352111507,多摩川
世田谷区|野毛2丁目,313630.9855983839,1,52.3462197782509,多摩川
世田谷区|野毛2丁目,313630.9855983839,1,26.179354366621354,多摩川
世田谷区|野毛2丁目,313630.9855983839,1,261.76783313001687,多摩川
世田谷区|野毛2丁目,313630.9855983839,1,26.17289843958578,多摩川
世田谷区|野毛2丁目,313630.9855983839,1,26.179234736034807,多摩川
世田谷区|野毛2丁目,313630.9855983839,1,261.76755950540485,多摩川
世田谷区|野毛2丁目,313630.9855983839,1,26.179154917081885,多摩川
世田谷区|野毛2丁目,313630.9855983839,1,26.179035034413516,多摩川
世田谷区|野毛2丁目,313630.9855983839,1,26.172739581030108,多摩川
世田谷区|野毛2丁目,313630.9855983839,1,26.178915669312982,多摩川
世田谷区|野毛2丁目,313630.9855983839,1,52.351295848794976,多摩川
世田谷区|野毛2丁目,313630.9855983839,1,52.35752495332579,多摩川
世田谷区|野毛2丁目,313630.9855983839,1,26.172327137949274,多摩川
世田谷区|野毛2丁目,313630.9855983839,1,104.71464139482735,多摩川
世田谷区|野毛2丁目,313630.9855983839,1,157.0649431146637,多摩川
世田谷区|野毛2丁目,313630.9855983839,1,26.17241667825241,多摩川
世田谷区|野毛2丁目,313630.9855983839,1,26.178422955969083,多摩川
世田谷区|野毛2丁目,313630.9855983839,1,26.171926946006373,多摩川
世田谷区|野毛2丁目,313630.9855983839,1,26.17818269858104,多摩川
世田谷区|野毛2丁目,313630.9855983839,1,26.178156306784164,多摩川
世田谷区|野毛2丁目,313630.9855983839,1,26.177983529821102,多摩川
世田谷区|野毛2丁目,313630.9855983839,1,26.178037218544667,多摩川
世田谷区|野毛2丁目,313630.9855983839,2,7726.908066738722,多摩川
世田谷区|野毛2丁目,313630.9855983839,2,26.173259087693925,多摩川
世田谷区|野毛2丁目,313630.9855983839,2,366.4826874631846,多摩川
世田谷区|野毛2丁目,313630.9855983839,2,52.352807127284336,多摩川
世田谷区|野毛2丁目,313630.9855983839,2,130.8969914335437,多摩川
世田谷区|野毛2丁目,313630.9855983839,2,52.35923610126699,多摩川
世田谷区|野毛2丁目,313630.9855983839,2,183.23716504885897,多摩川
世田谷区|野毛2丁目,313630.9855983839,2,157.05779610812635,多摩川
世田谷区|野毛2丁目,313630.9855983839,2,26.179721057607566,多摩川
世田谷区|野毛2丁目,313630.9855983839,2,24108.780562346376,多摩川
世田谷区|野毛2丁目,313630.9855983839,2,52.358524338800905,多摩川
世田谷区|野毛2丁目,313630.9855983839,2,26.172900452991797,多摩川
世田谷区|野毛2丁目,313630.9855983839,2,104.70301779928973,多摩川
世田谷区|野毛2丁目,313630.9855983839,2,261.7690057398935,多摩川
世田谷区|野毛2丁目,313630.9855983839,2,1622.9536622631338,多摩川
世田谷区|野毛2丁目,313630.9855983839,2,26.178712461738655,多摩川
世田谷区|野毛2丁目,313630.9855983839,2,52.35083970151941,多摩川
世田谷区|野毛2丁目,313630.9855983839,2,26.178436341750167,多摩川
世田谷区|野毛2丁目,313630.9855983839,2,968.5213113433377,多摩川
世田谷区|野毛2丁目,313630.9855983839,2,261.7563127990342,多摩川
世田谷区|野毛2丁目,313630.9855983839,2,602.0558250745541,多摩川
世田谷区|野毛2丁目,313630.9855983839,2,52.35035316426801,多摩川
世田谷区|野毛2丁目,313630.9855983839,2,26.17819307619512,多摩川
世田谷区|野毛2丁目,313630.9855983839,2,26.17210692777624,多摩川
世田谷区|野毛2丁目,313630.9855983839,2,26.178166561331814,多摩川
世田谷区|野毛2丁目,313630.9855983839,2,104.6996777424184,多摩川
世田谷区|野毛2丁目,313630.9855983839,2,52.35606126999596,多摩川
世田谷区|野毛2丁目,313630.9855983839,2,26.17205845564463,多摩川
世田谷区|野毛2丁目,313630.9855983839,2,46.2804241964343,多摩川
世田谷区|野毛2丁目,313630.9855983839,2,26.1784807479879,多摩川
世田谷区|野毛2丁目,313630.9855983839,2,78.52287456557842,多摩川
世田谷区|野毛2丁目,313630.9855983839,2,26.17855757162987,多摩川
世田谷区|野毛2丁目,313630.9855983839,3,4738.103664816416,多摩川
世田谷区|野毛2丁目,313630.9855983839,3,26.179567701279872,多摩川
世田谷区|野毛2丁目,313630.9855983839,3,26.17278012322751,多摩川
世田谷区|野毛2丁目,313630.9855983839,3,52.35211879179722,多摩川
世田谷区|野毛2丁目,313630.9855983839,3,26.172790998649134,多摩川
世田谷区|野毛2丁目,313630.9855983839,3,209.4150760828675,多摩川
世田谷区|野毛2丁目,313630.9855983839,3,26.178717391484003,多摩川
世田谷区|野毛2丁目,313630.9855983839,3,78.52980335281707,多摩川
世田谷区|野毛2丁目,313630.9855983839,3,52.35056939743983,多摩川
世田谷区|野毛2丁目,313630.9855983839,3,523.5309582344158,多摩川
世田谷区|野毛2丁目,313630.9855983839,3,26.172386134972697,多摩川
世田谷区|野毛2丁目,313630.9855983839,3,26.178445811692413,多摩川
世田谷区|野毛2丁目,313630.9855983839,3,104.70183298628378,多摩川
世田谷区|野毛2丁目,313630.9855983839,3,10555.037574238924,多摩川
世田谷区|野毛2丁目,313630.9855983839,3,26.17867836394897,多摩川
世田谷区|野毛2丁目,313630.9855983839,3,26.171967779905906,多摩川
世田谷区|野毛2丁目,313630.9855983839,3,78.53532584814113,多摩川
世田谷区|野毛2丁目,313630.9855983839,3,78.52183950809764,多摩川
世田谷区|野毛2丁目,313630.9855983839,3,52.34993468044702,多摩川
世田谷区|野毛2丁目,313630.9855983839,3,26.17819320338308,多摩川
世田谷区|野毛2丁目,313630.9855983839,3,26.171688322081835,多摩川
世田谷区|野毛2丁目,313630.9855983839,3,26.177957246737126,多摩川
世田谷区|野毛2丁目,313630.9855983839,3,26.178063995640677,多摩川
世田谷区|野毛2丁目,313630.9855983839,3,26.17176849273035,多摩川
世田谷区|野毛2丁目,313630.9855983839,3,104.71273836368516,多摩川
世田谷区|野毛2丁目,313630.9855983839,3,759.1102821046778,多摩川
世田谷区|野毛2丁目,313630.9855983839,3,14.529914982845336,多摩川
世田谷区|野毛2丁目,313630.9855983839,3,26.178480639719677,多摩川
世田谷区|野毛2丁目,313630.9855983839,3,26.178467348193696,多摩川
世田谷区|野毛2丁目,313630.9855983839,3,26.172131893131137,多摩川
世田谷区|野毛2丁目,313630.9855983839,3,26.178400929177137,多摩川
世田谷区|野毛2丁目,313630.9855983839,3,26.178387664417656,多摩川
世田谷区|野毛2丁目,313630.9855983839,3,157.05826765119127,多摩川
世田谷区|野毛2丁目,313630.9855983839,4,506.03694234891486,多摩川
世田谷区|野毛2丁目,313630.9855983839,4,10948.600825369178,多摩川
世田谷区|野毛3丁目,174826.7339532863,1,26.17125002494011,多摩川
世田谷区|野毛3丁目,174826.7339532863,1,26.171209983161738,多摩川
世田谷区|野毛3丁目,174826.7339532863,2,6.075477184660231,多摩川
世田谷区|野毛3丁目,174826.7339532863,2,26.171648532789554,多摩川
世田谷区|野毛3丁目,174826.7339532863,2,26.177917482402634,多摩川
世田谷区|野毛3丁目,174826.7339532863,2,52.349512831636744,多摩川
世田谷区|野毛3丁目,174826.7339532863,2,26.17786430785842,多摩川
世田谷区|野毛3丁目,174826.7339532863,2,26.171568843767155,多摩川
世田谷区|野毛3丁目,174826.7339532863,2,52.35566219568274,多摩川
世田谷区|野毛3丁目,174826.7339532863,2,261.7664468524666,多摩川
世田谷区|野毛3丁目,174826.7339532863,2,183.23183920244153,多摩川
世田谷区|野毛3丁目,174826.7339532863,2,130.88294481079726,多摩川
世田谷区|野毛3丁目,174826.7339532863,2,26.171410009835846,多摩川
世田谷区|野毛3丁目,174826.7339532863,2,104.70518874676752,多摩川
世田谷区|野毛3丁目,174826.7339532863,2,78.5339107113985,多摩川
世田谷区|野毛3丁目,174826.7339532863,2,26.178281854858945,多摩川
世田谷区|野毛3丁目,174826.7339532863,2,1465.8128845793176,多摩川
世田谷区|野毛3丁目,174826.7339532863,2,26.177545514490795,多摩川
世田谷区|野毛3丁目,174826.7339532863,2,235.57485694011524,多摩川
世田谷区|野毛3丁目,174826.7339532863,2,1387.325798397853,多摩川
世田谷区|野毛3丁目,174826.7339532863,2,1361.1466094987356,多摩川
世田谷区|野毛3丁目,174826.7339532863,2,52.35618525749089,多摩川
世田谷区|野毛3丁目,174826.7339532863,2,78.52818356127466,多摩川
世田谷区|野毛3丁目,174826.7339532863,2,78.53447635758329,多摩川
世田谷区|野毛3丁目,174826.7339532863,2,643.4402403491608,多摩川
世田谷区|野毛3丁目,174826.7339532863,2,78.52129424798002,多摩川
世田谷区|野毛3丁目,174826.7339532863,3,124.8945907324208,多摩川
世田谷区|野毛3丁目,174826.7339532863,3,37.8259866355516,多摩川
世田谷区|野毛3丁目,174826.7339532863,3,26.17164868142669,多摩川
世田谷区|野毛3丁目,174826.7339532863,3,26.17791759242062,多摩川
世田谷区|野毛3丁目,174826.7339532863,3,157.04330517942037,多摩川
世田谷区|野毛3丁目,174826.7339532863,3,26.17786442671481,多摩川
世田谷区|野毛3丁目,174826.7339532863,3,26.177824509824575,多摩川
世田谷区|野毛3丁目,174826.7339532863,3,26.178194501327262,多摩川
世田谷区|野毛3丁目,174826.7339532863,3,26.17189897312607,多摩川
世田谷区|野毛3丁目,174826.7339532863,3,130.88351114565125,多摩川
世田谷区|野毛3丁目,174826.7339532863,3,26.17795802755702,多摩川
世田谷区|野毛3丁目,174826.7339532863,3,9672.176702266803,多摩川
世田谷区|野毛3丁目,174826.7339532863,3,26.177878329933225,多摩川
世田谷区|野毛3丁目,174826.7339532863,3,26.17786508319936,多摩川
世田谷区|野毛3丁目,174826.7339532863,3,26.171569629692303,多摩川
世田谷区|野毛3丁目,174826.7339532863,3,183.23101408846645,多摩川
世田谷区|野毛3丁目,174826.7339532863,3,1020.8632203503586,多摩川
世田谷区|野毛3丁目,174826.7339532863,3,863.7999751656469,多摩川
世田谷区|野毛3丁目,174826.7339532863,3,261.7715442859853,多摩川
世田谷区|野毛3丁目,174826.7339532863,3,78.52665397862077,多摩川
世田谷区|野毛3丁目,174826.7339532863,3,11752.918087906868,多摩川
世田谷区|野毛3丁目,174826.7339532863,3,78.52818565833606,多摩川
世田谷区|野毛3丁目,174826.7339532863,3,52.35516824647483,多摩川
世田谷区|野毛3丁目,174826.7339532863,3,340.2831841359712,多摩川
世田谷区|野毛3丁目,174826.7339532863,3,26.17760142646155,多摩川
世田谷区|野毛3丁目,174826.7339532863,3,26.177797313228837,多摩川
世田谷区|野毛3丁目,174826.7339532863,3,104.69833604102084,多摩川
世田谷区|野毛3丁目,174826.7339532863,3,287.940838580609,多摩川
世田谷区|野毛3丁目,174826.7339532863,3,104.69827255395073,多摩川
世田谷区|野毛3丁目,174826.7339532863,4,1012.1623050304554,多摩川
世田谷区|野毛3丁目,174826.7339532863,4,20864.74309253783,多摩川
世田谷区|野毛3丁目,174826.7339532863,4,26.178154579600772,多摩川
世田谷区|野毛3丁目,174826.7339532863,4,26.17787533030624,多摩川
世田谷区|野毛3丁目,174826.7339532863,4,26.177948402357245,多摩川
世田谷区|野毛3丁目,174826.7339532863,4,26.17796166026737,多摩川
世田谷区|野毛3丁目,174826.7339532863,4,26.17177317861464,多摩川
世田谷区|野毛3丁目,174826.7339532863,4,26.177386117791592,多摩川
世田谷区|野毛3丁目,174826.7339532863,4,26.171652924972285,多摩川
世田谷区|野毛3丁目,174826.7339532863,4,26.177748978743505,多摩川
世田谷区|野毛3丁目,174826.7339532863,4,157.05434058234573,多摩川
