key,town_area,A31a_205,a,river
足立区|綾瀬1丁目,237888.72747564048,1,287.3772791308756,江戸川
足立区|綾瀬1丁目,237888.72747564048,1,52.25633406162492,江戸川
足立区|綾瀬1丁目,237888.72747564048,1,52.2490571104426,江戸川
足立区|綾瀬1丁目,237888.72747564048,1,339.64091189257624,江戸川
足立区|綾瀬1丁目,237888.72747564048,1,26.127729803738863,江戸川
足立区|綾瀬1丁目,237888.72747564048,1,26.12748177250068,江戸川
足立区|綾瀬1丁目,237888.72747564048,1,156.74109791854963,江戸川
足立区|綾瀬1丁目,237888.72747564048,1,52.25552809623933,江戸川
足立区|綾瀬1丁目,237888.72747564048,2,207361.31078123138,江戸川
足立区|綾瀬1丁目,237888.72747564048,3,0.9447358631302436,江戸川
足立区|綾瀬2丁目,244209.27089583708,2,244209.27089583714,江戸川
足立区|綾瀬3丁目,208682.00832932952,2,208603.63681438612,江戸川
足立区|綾瀬3丁目,208682.00832932952,3,78.37151494341268,江戸川
足立区|綾瀬4丁目,227877.01628795048,1,355.3180434981288,江戸川
足立区|綾瀬4丁目,227877.01628795048,2,194228.88942108912,江戸川
足立区|綾瀬5丁目,131096.97875461777,2,131096.97875461777,江戸川
足立区|綾瀬6丁目,256222.78692760397,1,323.88080953768514,江戸川
足立区|綾瀬6丁目,256222.78692760397,1,444.07247098310313,江戸川
足立区|綾瀬6丁目,256222.78692760397,1,52.24824683805346,江戸川
足立区|綾瀬6丁目,256222.78692760397,1,78.36635943564777,江戸川
足立区|綾瀬6丁目,256222.78692760397,2,238732.61887294406,江戸川
足立区|綾瀬7丁目,172105.04407532248,1,5589.998449680952,江戸川
足立区|綾瀬7丁目,172105.04407532248,1,391.8237119462251,江戸川
足立区|綾瀬7丁目,172105.04407532248,1,78.36443153005759,江戸川
足立区|綾瀬7丁目,172105.04407532248,2,151245.55861268047,江戸川
足立区|綾瀬7丁目,172105.04407532248,2,78.36495610954249,江戸川
足立区|大谷田1丁目,249778.50685877443,1,287.3196465516588,江戸川
足立区|大谷田1丁目,249778.50685877443,1,182.85325153469535,江戸川
足立区|大谷田1丁目,249778.50685877443,1,712.7539074739225,江戸川
足立区|大谷田1丁目,249778.50685877443,1,52.24308482167894,江戸川
足立区|大谷田1丁目,249778.50685877443,1,104.4798405668251,江戸川
足立区|大谷田1丁目,249778.50685877443,1,130.60616122438628,江戸川
足立区|大谷田1丁目,249778.50685877443,1,261.18966769753365,江戸川
足立区|大谷田1丁目,249778.50685877443,1,26.121405017890208,江戸川
足立区|大谷田1丁目,249778.50685877443,1,26.114981234585073,江戸川
足立区|大谷田1丁目,249778.50685877443,1,26.115021592337754,江戸川
足立区|大谷田1丁目,249778.50685877443,1,52.237119653212154,江戸川
足立区|大谷田1丁目,249778.50685877443,1,26.1151022933087,江戸川
足立区|大谷田1丁目,249778.50685877443,1,52.23073623311814,江戸川
足立区|大谷田1丁目,249778.50685877443,1,26.121545793650704,江戸川
足立区|大谷田1丁目,249778.50685877443,1,26.121768229090318,江戸川
足立区|大谷田1丁目,249778.50685877443,1,26.121599656401656,江戸川
足立区|大谷田1丁目,249778.50685877443,1,26.11546545931033,江戸川
足立区|大谷田1丁目,249778.50685877443,1,52.2441078828979,江戸川
足立区|大谷田1丁目,249778.50685877443,2,222797.9594963955,江戸川
足立区|大谷田2丁目,177015.22499027345,1,26.11438500216144,江戸川
足立区|大谷田2丁目,177015.22499027345,1,626.8423355158018,江戸川
足立区|大谷田2丁目,177015.22499027345,1,1279.8627820542883,江戸川
足立区|大谷田2丁目,177015.22499027345,1,208.9377687131829,江戸川
足立区|大谷田2丁目,177015.22499027345,1,12059.40089377109,江戸川
足立区|大谷田2丁目,177015.22499027345,1,104.47571840827521,江戸川
足立区|大谷田2丁目,177015.22499027345,1,130.5973986343671,江戸川
足立区|大谷田2丁目,177015.22499027345,1,26.114335658518108,江戸川
足立区|大谷田2丁目,177015.22499027345,1,104.46976371743182,江戸川
足立区|大谷田2丁目,177015.22499027345,1,861.9035376354745,江戸川
足立区|大谷田2丁目,177015.22499027345,1,78.35397710169892,江戸川
足立区|大谷田2丁目,177015.22499027345,1,26.120052535519438,江戸川
足立区|大谷田2丁目,177015.22499027345,1,52.240336860053226,江戸川
足立区|大谷田2丁目,177015.22499027345,1,26.113932151300936,江戸川
足立区|大谷田2丁目,177015.22499027345,1,26.119940866951517,江戸川
足立区|大谷田2丁目,177015.22499027345,1,26.114020035080053,江戸川
足立区|大谷田2丁目,177015.22499027345,1,26.120106354951524,江戸川
足立区|大谷田2丁目,177015.22499027345,1,52.24071758161542,江戸川
足立区|大谷田2丁目,177015.22499027345,2,129154.61523233718,江戸川
足立区|大谷田3丁目,191478.14442404153,1,444.041821465382,江戸川
足立区|大谷田3丁目,191478.14442404153,2,191034.10260257623,江戸川
足立区|大谷田4丁目,128979.28208923595,1,182.8417505856923,江戸川
足立区|大谷田4丁目,128979.28208923595,1,104.47602852559791,江戸川
足立区|大谷田4丁目,128979.28208923595,1,2194.0713942679395,江戸川
足立区|大谷田4丁目,128979.28208923595,1,26.122009145867388,江戸川
足立区|大谷田4丁目,128979.28208923595,1,78.36615990696153,江戸川
足立区|大谷田4丁目,128979.28208923595,1,52.24402453457909,江戸川
足立区|大谷田4丁目,128979.28208923595,1,235.0769725190125,江戸川
足立区|大谷田4丁目,128979.28208923595,1,78.3599428482499,江戸川
足立区|大谷田4丁目,128979.28208923595,1,26.12181676843484,江戸川
足立区|大谷田4丁目,128979.28208923595,2,125191.89225779485,江戸川
足立区|大谷田5丁目,202856.58927003242,1,104.47757230206295,江戸川
足立区|大谷田5丁目,202856.58927003242,1,417.89339810831336,江戸川
足立区|大谷田5丁目,202856.58927003242,1,809.6586057163504,江戸川
足立区|大谷田5丁目,202856.58927003242,1,26.120139900739513,江戸川
足立区|大谷田5丁目,202856.58927003242,2,201237.26472587613,江戸川
足立区|加平1丁目,171912.6686593856,1,391.8040188404776,江戸川
足立区|加平1丁目,171912.6686593856,1,52.24467054958532,江戸川
足立区|加平1丁目,171912.6686593856,1,156.7139491089215,江戸川
足立区|加平1丁目,171912.6686593856,1,26.12216351335271,江戸川
足立区|加平1丁目,171912.6686593856,1,239.20354700064235,江戸川
足立区|加平1丁目,171912.6686593856,1,313.430972769609,江戸川
足立区|加平1丁目,171912.6686593856,1,1044.7910916939552,江戸川
足立区|加平1丁目,171912.6686593856,1,940.3409222220528,江戸川
足立区|加平1丁目,171912.6686593856,2,158164.45410367212,江戸川
足立区|加平2丁目,139043.65874408194,1,52.23769520737553,江戸川
足立区|加平2丁目,139043.65874408194,1,52.24413256211687,江戸川
足立区|加平2丁目,139043.65874408194,1,52.244084964082354,江戸川
足立区|加平2丁目,139043.65874408194,1,1201.5197058820868,江戸川
足立区|加平2丁目,139043.65874408194,1,78.359293882207,江戸川
足立区|加平2丁目,139043.65874408194,1,26.115666111859,江戸川
足立区|加平2丁目,139043.65874408194,1,74.23740179459503,江戸川
足立区|加平2丁目,139043.65874408194,1,37764.20220509089,江戸川
足立区|加平2丁目,139043.65874408194,1,26.11551202837861,江戸川
足立区|加平2丁目,139043.65874408194,1,783.5746533827343,江戸川
足立区|加平2丁目,139043.65874408194,1,365.6928991386035,江戸川
足立区|加平2丁目,139043.65874408194,1,130.58473196382536,江戸川
足立区|加平2丁目,139043.65874408194,1,6241.270309689757,江戸川
足立区|加平2丁目,139043.65874408194,1,809.7070211956683,江戸川
足立区|加平2丁目,139043.65874408194,1,26.121325483118362,江戸川
足立区|加平2丁目,139043.65874408194,1,156.73162517891586,江戸川
足立区|加平2丁目,139043.65874408194,1,600.7557204241479,江戸川
足立区|加平2丁目,139043.65874408194,1,1802.2744273842331,江戸川
足立区|加平2丁目,139043.65874408194,1,1358.2592116628662,江戸川
足立区|加平2丁目,139043.65874408194,1,2873.0352738174897,江戸川
足立区|加平2丁目,139043.65874408194,2,47184.85486607541,江戸川
足立区|加平2丁目,139043.65874408194,2,26.12176729194222,江戸川
足立区|加平2丁目,139043.65874408194,2,574.5979055200687,江戸川
足立区|加平2丁目,139043.65874408194,2,26.120747250078935,江戸川
足立区|加平2丁目,139043.65874408194,2,522.3618847365652,江戸川
足立区|加平2丁目,139043.65874408194,2,26.121316119959687,江戸川
足立区|加平2丁目,139043.65874408194,2,26.114785843510802,江戸川
足立区|加平2丁目,139043.65874408194,2,26.114738264091415,江戸川
足立区|加平2丁目,139043.65874408194,2,29.473724477014187,江戸川
足立区|加平2丁目,139043.65874408194,2,12.75055327508582,江戸川
足立区|加平3丁目,128770.53826178255,1,23933.29916490852,江戸川
足立区|加平3丁目,128770.53826178255,1,15620.865459972903,江戸川
足立区|加平3丁目,128770.53826178255,1,182.83561901297267,江戸川
足立区|加平3丁目,128770.53826178255,1,78.35998642361851,江戸川
足立区|加平3丁目,128770.53826178255,1,78.35403410460731,江戸川
足立区|加平3丁目,128770.53826178255,1,5850.621489575617,江戸川
足立区|加平3丁目,128770.53826178255,1,1462.7310927638173,江戸川
足立区|加平3丁目,128770.53826178255,1,26.122291556273964,江戸川
足立区|加平3丁目,128770.53826178255,1,52.231863382483894,江戸川
足立区|加平3丁目,128770.53826178255,1,13921.648506171528,江戸川
足立区|加平3丁目,128770.53826178255,1,26.115706226885948,江戸川
足立区|加平3丁目,128770.53826178255,1,4022.445661122943,江戸川
足立区|加平3丁目,128770.53826178255,1,26.121995672319187,江戸川
足立区|加平3丁目,128770.53826178255,1,52.2436540525477,江戸川
足立区|加平3丁目,128770.53826178255,1,26.121607720630088,江戸川
足立区|加平3丁目,128770.53826178255,1,52.237300472591734,江戸川
足立区|加平3丁目,128770.53826178255,1,2402.945968347112,江戸川
足立区|加平3丁目,128770.53826178255,1,52.242034027648,江戸川
足立区|加平3丁目,128770.53826178255,1,104.48545535929532,江戸川
足立区|加平3丁目,128770.53826178255,1,26.120872180886465,江戸川
足立区|加平3丁目,128770.53826178255,2,47415.479967294894,江戸川
足立区|加平3丁目,128770.53826178255,2,48.87069915722009,江戸川
足立区|加平3丁目,128770.53826178255,2,26.121558154623642,江戸川
足立区|加平3丁目,128770.53826178255,2,26.12159851096966,江戸川
足立区|加平3丁目,128770.53826178255,2,13.37004592892889,江戸川
足立区|加平3丁目,128770.53826178255,2,26.121229165774505,江戸川
足立区|加平3丁目,128770.53826178255,2,52.23583910419257,江戸川
足立区|加平3丁目,128770.53826178255,2,26.1212426220377,江戸川
足立区|加平3丁目,128770.53826178255,2,940.2807842688663,江戸川
足立区|加平3丁目,128770.53826178255,2,26.121383307548378,江戸川
足立区|加平3丁目,128770.53826178255,2,26.121471240900398,江戸川
足立区|加平3丁目,128770.53826178255,2,26.12072018978205,江戸川
足立区|加平3丁目,128770.53826178255,2,26.11498019135749,江戸川
足立区|加平3丁目,128770.53826178255,2,104.47821248485612,江戸川
足立区|加平3丁目,128770.53826178255,2,26.12126224677903,江戸川
足立区|加平3丁目,128770.53826178255,2,52.24169376825763,江戸川
足立区|加平3丁目,128770.53826178255,2,1723.8468449151565,江戸川
足立区|加平3丁目,128770.53826178255,2,208.97040618635958,江戸川
足立区|加平3丁目,128770.53826178255,2,26.121242560586822,江戸川
足立区|加平3丁目,128770.53826178255,2,104.48849883393784,江戸川
足立区|加平3丁目,128770.53826178255,2,26.11582721098442,江戸川
足立区|加平3丁目,128770.53826178255,2,26.121077049333728,江戸川
足立区|加平3丁目,128770.53826178255,2,26.121100799333135,江戸川
足立区|加平3丁目,128770.53826178255,3,208.92352306638875,江戸川
足立区|加平3丁目,128770.53826178255,3,26.12087218267738,江戸川
足立区|加平3丁目,128770.53826178255,4,182.8468739237771,江戸川
足立区|北加平町,167169.17391400487,1,23449.995033671083,江戸川
足立区|北加平町,167169.17391400487,1,6712.371187724437,江戸川
足立区|北加平町,167169.17391400487,1,104.46288022286004,江戸川
足立区|北加平町,167169.17391400487,1,548.4902252628052,江戸川
足立区|北加平町,167169.17391400487,1,52.23405168306129,江戸川
足立区|北加平町,167169.17391400487,1,26.120065393345694,江戸川
足立区|北加平町,167169.17391400487,1,313.4146030884741,江戸川
足立区|北加平町,167169.17391400487,1,78.35418432112108,江戸川
足立区|北加平町,167169.17391400487,1,104.47963651140631,江戸川
足立区|北加平町,167169.17391400487,1,371.90687917579527,江戸川
足立区|北加平町,167169.17391400487,1,2507.3043138461876,江戸川
足立区|北加平町,167169.17391400487,1,757.4136446104225,江戸川
足立区|北加平町,167169.17391400487,1,52.23419239390427,江戸川
足立区|北加平町,167169.17391400487,1,809.6526336678138,江戸川
足立区|北加平町,167169.17391400487,1,2977.4481792112524,江戸川
足立区|北加平町,167169.17391400487,1,548.465362402079,江戸川
足立区|北加平町,167169.17391400487,1,417.8653864782358,江戸川
足立区|北加平町,167169.17391400487,1,156.6996575992229,江戸川
足立区|北加平町,167169.17391400487,1,52.23262097385601,江戸川
足立区|北加平町,167169.17391400487,1,52.22710366406393,江戸川
足立区|北加平町,167169.17391400487,1,339.5399745273297,江戸川
足立区|北加平町,167169.17391400487,1,4570.606460099822,江戸川
足立区|北加平町,167169.17391400487,1,26.11968869681334,江戸川
足立区|北加平町,167169.17391400487,1,156.71758874821003,江戸川
足立区|北加平町,167169.17391400487,1,4857.932027785507,江戸川
足立区|北加平町,167169.17391400487,1,52.22681399520185,江戸川
足立区|北加平町,167169.17391400487,1,235.0588389520285,江戸川
足立区|北加平町,167169.17391400487,1,26.11989759013902,江戸川
足立区|北加平町,167169.17391400487,1,5092.999290182395,江戸川
足立区|北加平町,167169.17391400487,1,26.119459975738078,江戸川
足立区|北加平町,167169.17391400487,1,235.03176937551999,江戸川
足立区|北加平町,167169.17391400487,1,470.1090723806654,江戸川
足立区|北加平町,167169.17391400487,1,1802.1325021318141,江戸川
足立区|北加平町,167169.17391400487,1,1488.737385870624,江戸川
足立区|北加平町,167169.17391400487,1,182.82874332544083,江戸川
足立区|北加平町,167169.17391400487,1,26.119446487316978,江戸川
足立区|北加平町,167169.17391400487,1,52.23300235764712,江戸川
足立区|北加平町,167169.17391400487,1,104.47786987294806,江戸川
足立区|北加平町,167169.17391400487,1,156.7071574047485,江戸川
足立区|北加平町,167169.17391400487,1,26.11324556695076,江戸川
足立区|北加平町,167169.17391400487,1,26.113810327798145,江戸川
足立区|北加平町,167169.17391400487,1,104.47818324999787,江戸川
足立区|北加平町,167169.17391400487,1,52.233405794755136,江戸川
足立区|北加平町,167169.17391400487,2,76752.94653422966,江戸川
足立区|北加平町,167169.17391400487,2,26.113819753399525,江戸川
足立区|北加平町,167169.17391400487,2,78.35461355778558,江戸川
足立区|北加平町,167169.17391400487,2,705.1985450862852,江戸川
足立区|北加平町,167169.17391400487,2,313.4107537496905,江戸川
足立区|北加平町,167169.17391400487,2,26.113971796475358,江戸川
足立区|北加平町,167169.17391400487,2,52.240454324184334,江戸川
足立区|北加平町,167169.17391400487,2,26.113527997288294,江戸川
足立区|佐野1丁目,253563.48268024455,1,52.23217572573893,江戸川
足立区|佐野1丁目,253563.48268024455,1,26.1183243045231,江戸川
足立区|佐野1丁目,253563.48268024455,1,52.23576935657107,江戸川
足立区|佐野1丁目,253563.48268024455,1,26.118145438965946,江戸川
足立区|佐野1丁目,253563.48268024455,1,52.23714636231158,江戸川
足立区|佐野1丁目,253563.48268024455,1,52.23059507441659,江戸川
足立区|佐野1丁目,253563.48268024455,1,104.46166816311118,江戸川
足立区|佐野1丁目,253563.48268024455,1,104.46975914658567,江戸川
足立区|佐野1丁目,253563.48268024455,1,52.23795356797337,江戸川
足立区|佐野1丁目,253563.48268024455,1,52.23141154000749,江戸川
足立区|佐野1丁目,253563.48268024455,1,52.22589442857271,江戸川
足立区|佐野1丁目,253563.48268024455,1,52.23204777703197,江戸川
足立区|佐野1丁目,253563.48268024455,1,26.11317272767462,江戸川
足立区|佐野1丁目,253563.48268024455,1,26.119379911467192,江戸川
足立区|佐野1丁目,253563.48268024455,1,26.119535077618128,江戸川
足立区|佐野1丁目,253563.48268024455,1,26.119147218466352,江戸川
足立区|佐野1丁目,253563.48268024455,1,26.119568252488712,江戸川
足立区|佐野1丁目,253563.48268024455,1,26.11345519064453,江戸川
足立区|佐野1丁目,253563.48268024455,1,26.119871367645263,江戸川
足立区|佐野1丁目,253563.48268024455,1,26.113286613083297,江戸川
足立区|佐野1丁目,253563.48268024455,1,26.119689313137982,江戸川
足立区|佐野1丁目,253563.48268024455,1,52.227266326864225,江戸川
足立区|佐野1丁目,253563.48268024455,1,26.11986422017055,江戸川
足立区|佐野1丁目,253563.48268024455,2,195856.2715846376,江戸川
足立区|佐野1丁目,253563.48268024455,2,52.22428055243616,江戸川
足立区|佐野1丁目,253563.48268024455,2,104.46174713392293,江戸川
足立区|佐野1丁目,253563.48268024455,2,26.113044538709996,江戸川
足立区|佐野1丁目,253563.48268024455,2,78.35273342020903,江戸川
足立区|佐野2丁目,207596.6233178921,2,207596.62331789217,江戸川
足立区|神明1丁目,87447.51128695051,1,1671.398390714012,江戸川
足立区|神明1丁目,87447.51128695051,1,3.5003232555704984,江戸川
足立区|神明1丁目,87447.51128695051,1,2.631111820021145,江戸川
足立区|神明1丁目,87447.51128695051,1,3212.144863573426,江戸川
足立区|神明1丁目,87447.51128695051,1,652.8838678019105,江戸川
足立区|神明1丁目,87447.51128695051,1,1018.5133399213812,江戸川
足立区|神明1丁目,87447.51128695051,1,783.4382195195725,江戸川
足立区|神明1丁目,87447.51128695051,1,78.34029623884065,江戸川
足立区|神明1丁目,87447.51128695051,1,130.57486745918013,江戸川
足立区|神明1丁目,87447.51128695051,1,52.23412487267323,江戸川
足立区|神明1丁目,87447.51128695051,1,26.110784527845592,江戸川
足立区|神明1丁目,87447.51128695051,1,26.11703867965351,江戸川
足立区|神明1丁目,87447.51128695051,1,26.117234148681852,江戸川
足立区|神明1丁目,87447.51128695051,1,208.91019763033398,江戸川
足立区|神明1丁目,87447.51128695051,1,130.5717844964063,江戸川
足立区|神明1丁目,87447.51128695051,1,182.8108964854988,江戸川
足立区|神明1丁目,87447.51128695051,2,62017.76416966705,江戸川
足立区|神明1丁目,87447.51128695051,2,30.83528323016856,江戸川
足立区|神明1丁目,87447.51128695051,3,26.117606894359323,江戸川
足立区|神明1丁目,87447.51128695051,3,52.22953240740692,江戸川
足立区|神明1丁目,87447.51128695051,3,26.11767094869727,江戸川
足立区|神明1丁目,87447.51128695051,3,26.111598670885197,江戸川
足立区|神明1丁目,87447.51128695051,3,26.117644024664358,江戸川
足立区|神明1丁目,87447.51128695051,3,52.228666607133334,江戸川
足立区|神明1丁目,87447.51128695051,3,2269.792626515658,江戸川
足立区|神明1丁目,87447.51128695051,3,26.117563299510593,江戸川
足立区|神明1丁目,87447.51128695051,3,26.11723644457917,江戸川
足立区|神明2丁目,150276.93213351644,2,149571.83510111697,江戸川
足立区|神明2丁目,150276.93213351644,3,52.222375915533064,江戸川
足立区|神明2丁目,150276.93213351644,3,26.117469103510892,江戸川
足立区|神明2丁目,150276.93213351644,3,26.11118795536214,江戸川
足立区|神明2丁目,150276.93213351644,3,26.11744219378268,江戸川
足立区|神明2丁目,150276.93213351644,3,26.1108342216873,江戸川
足立区|神明2丁目,150276.93213351644,3,26.117610763820384,江戸川
足立区|神明2丁目,150276.93213351644,3,52.22857317353654,江戸川
足立区|神明2丁目,150276.93213351644,3,26.117216676710804,江戸川
足立区|神明2丁目,150276.93213351644,3,26.117307680032575,江戸川
足立区|神明2丁目,150276.93213351644,3,26.111195112537438,江戸川
足立区|神明2丁目,150276.93213351644,3,52.23467632856163,江戸川
足立区|神明2丁目,150276.93213351644,3,26.111154776919086,江戸川
足立区|神明2丁目,150276.93213351644,3,26.11618713766827,江戸川
足立区|神明2丁目,150276.93213351644,3,26.117200077434262,江戸川
足立区|神明2丁目,150276.93213351644,3,52.23426879722241,江戸川
足立区|神明2丁目,150276.93213351644,3,52.22806527253209,江戸川
足立区|神明2丁目,150276.93213351644,3,52.23450151405995,江戸川
足立区|神明2丁目,150276.93213351644,3,52.221625953388454,江戸川
足立区|神明2丁目,150276.93213351644,3,52.22813974517785,江戸川
足立区|神明3丁目,206726.319914242,1,52.221132279683005,江戸川
足立区|神明3丁目,206726.319914242,1,26.116500473628342,江戸川
足立区|神明3丁目,206726.319914242,1,26.115935432285386,江戸川
足立区|神明3丁目,206726.319914242,1,130.5736795935346,江戸川
足立区|神明3丁目,206726.319914242,2,196640.0223047934,江戸川
足立区|神明3丁目,206726.319914242,2,26.116611327298546,江戸川
足立区|神明3丁目,206726.319914242,2,20.341367608548463,江戸川
足立区|神明3丁目,206726.319914242,2,49.85597558328078,江戸川
足立区|神明3丁目,206726.319914242,2,14.336383110532536,江戸川
足立区|神明3丁目,206726.319914242,2,78.15430437634097,江戸川
足立区|神明3丁目,206726.319914242,2,52.2252339452751,江戸川
足立区|神明3丁目,206726.319914242,3,934.3594172840598,江戸川
足立区|神明3丁目,206726.319914242,3,233.0163934324509,江戸川
足立区|神明3丁目,206726.319914242,3,415.42415591833077,江戸川
足立区|神明3丁目,206726.319914242,3,476.41346917175844,江戸川
足立区|神明3丁目,206726.319914242,3,26.11635249969164,江戸川
足立区|神明3丁目,206726.319914242,3,548.0467883146727,江戸川
足立区|神明3丁目,206726.319914242,3,365.58958646349856,江戸川
足立区|神明3丁目,206726.319914242,3,1318.564831740895,江戸川
足立区|神明3丁目,206726.319914242,3,15.295897384427596,江戸川
足立区|神明3丁目,206726.319914242,3,9.525077160596766,江戸川
足立区|神明3丁目,206726.319914242,3,223.2865089014244,江戸川
足立区|神明3丁目,206726.319914242,3,17.646181101214474,江戸川
足立区|神明3丁目,206726.319914242,3,212.26325474218498,江戸川
足立区|神明3丁目,206726.319914242,3,52.22507888034426,江戸川
足立区|神明3丁目,206726.319914242,3,154.43079357392116,江戸川
足立区|神明3丁目,206726.319914242,3,355.4310783322728,江戸川
足立区|神明3丁目,206726.319914242,3,104.46223563508079,江戸川
足立区|神明3丁目,206726.319914242,3,156.68011508423288,江戸川
足立区|神明3丁目,206726.319914242,3,208.8983658207893,江戸川
足立区|神明3丁目,206726.319914242,3,26.115330004991463,江戸川
足立区|神明3丁目,206726.319914242,3,78.33361073376226,江戸川
足立区|神明3丁目,206726.319914242,3,241.40931480130394,江戸川
足立区|神明3丁目,206726.319914242,3,522.2651303774797,江戸川
足立区|神明3丁目,206726.319914242,3,313.36068497246947,江戸川
足立区|神明3丁目,206726.319914242,3,18.868199764894875,江戸川
足立区|神明3丁目,206726.319914242,3,4.37225512889742,江戸川
足立区|神明3丁目,206726.319914242,3,16.417594665409478,江戸川
足立区|神明3丁目,206726.319914242,3,208.90018564607598,江戸川
足立区|神明3丁目,206726.319914242,3,417.8069676012346,江戸川
足立区|神明3丁目,206726.319914242,3,78.3322457311182,江戸川
足立区|神明3丁目,206726.319914242,3,156.66987641745558,江戸川
足立区|神明3丁目,206726.319914242,3,1699.7135084311792,江戸川
足立区|神明南1丁目,198213.56683354254,1,672.7858982127339,江戸川
足立区|神明南1丁目,198213.56683354254,1,4335.406541867414,江戸川
足立区|神明南1丁目,198213.56683354254,1,235.06214083578584,江戸川
足立区|神明南1丁目,198213.56683354254,1,6659.727378030812,江戸川
足立区|神明南1丁目,198213.56683354254,1,78.35244918647045,江戸川
足立区|神明南1丁目,198213.56683354254,1,1044.6523657536754,江戸川
足立区|神明南1丁目,198213.56683354254,1,26.118727424188254,江戸川
足立区|神明南1丁目,198213.56683354254,1,130.5757728222772,江戸川
足立区|神明南1丁目,198213.56683354254,1,26.11192370284056,江戸川
足立区|神明南1丁目,198213.56683354254,1,1279.7421544402682,江戸川
足立区|神明南1丁目,198213.56683354254,1,1671.4300662166575,江戸川
足立区|神明南1丁目,198213.56683354254,1,443.9948834009347,江戸川
足立区|神明南1丁目,198213.56683354254,1,1018.5182624921196,江戸川
足立区|神明南1丁目,198213.56683354254,1,313.38526805218174,江戸川
足立区|神明南1丁目,198213.56683354254,1,1018.5389435749719,江戸川
足立区|神明南1丁目,198213.56683354254,1,22.61114724355707,江戸川
足立区|神明南1丁目,198213.56683354254,1,52.23559756741372,江戸川
足立区|神明南1丁目,198213.56683354254,1,26.117832406096362,江戸川
足立区|神明南1丁目,198213.56683354254,1,156.6944302859413,江戸川
足立区|神明南1丁目,198213.56683354254,1,52.231744513579834,江戸川
足立区|神明南1丁目,198213.56683354254,1,2533.3921138960573,江戸川
足立区|神明南1丁目,198213.56683354254,1,1462.5505740337358,江戸川
足立区|神明南1丁目,198213.56683354254,1,470.12659634067165,江戸川
足立区|神明南1丁目,198213.56683354254,1,1149.1548315626512,江戸川
足立区|神明南1丁目,198213.56683354254,1,1018.5380680168921,江戸川
足立区|神明南1丁目,198213.56683354254,1,78.35088159660933,江戸川
足立区|神明南1丁目,198213.56683354254,1,26.118137755107405,江戸川
足立区|神明南1丁目,198213.56683354254,1,1201.3943922272922,江戸川
足立区|神明南1丁目,198213.56683354254,1,26.11876053714741,江戸川
足立区|神明南1丁目,198213.56683354254,1,2037.1330741473485,江戸川
足立区|神明南1丁目,198213.56683354254,1,26.112882499881167,江戸川
足立区|神明南1丁目,198213.56683354254,1,208.92364838630144,江戸川
足立区|神明南1丁目,198213.56683354254,1,26.119346110385113,江戸川
足立区|神明南1丁目,198213.56683354254,1,104.4765351148137,江戸川
足立区|神明南1丁目,198213.56683354254,1,104.46510894590708,江戸川
足立区|神明南1丁目,198213.56683354254,1,2272.1396856275496,江戸川
足立区|神明南1丁目,198213.56683354254,1,914.0743576417924,江戸川
足立区|神明南1丁目,198213.56683354254,1,365.6390200513162,江戸川
足立区|神明南1丁目,198213.56683354254,1,52.22900997720891,江戸川
足立区|神明南1丁目,198213.56683354254,2,126417.61892073252,江戸川
足立区|神明南1丁目,198213.56683354254,2,26.11937310128275,江戸川
足立区|神明南1丁目,198213.56683354254,2,52.2382144098969,江戸川
足立区|神明南1丁目,198213.56683354254,2,21.39414789808799,江戸川
足立区|神明南1丁目,198213.56683354254,3,26.111719724588745,江戸川
足立区|神明南1丁目,198213.56683354254,3,52.235934707726265,江戸川
足立区|神明南1丁目,198213.56683354254,3,26.111679360619384,江戸川
足立区|神明南1丁目,198213.56683354254,3,26.117933723162377,江戸川
足立区|神明南1丁目,198213.56683354254,3,78.35311729421858,江戸川
足立区|神明南1丁目,198213.56683354254,3,52.22298836199909,江戸川
足立区|神明南1丁目,198213.56683354254,3,26.117644006463095,江戸川
足立区|神明南1丁目,198213.56683354254,3,52.22918882675574,江戸川
足立区|神明南1丁目,198213.56683354254,3,35.240377476979106,江戸川
足立区|神明南2丁目,127797.89812135354,1,2559.454642757738,江戸川
足立区|神明南2丁目,127797.89812135354,1,26.11733060884209,江戸川
足立区|神明南2丁目,127797.89812135354,1,52.2291888255164,江戸川
足立区|神明南2丁目,127797.89812135354,1,182.8235894266287,江戸川
足立区|神明南2丁目,127797.89812135354,2,124568.54407137193,江戸川
足立区|神明南2丁目,127797.89812135354,3,16.9944119770682,江戸川
足立区|神明南2丁目,127797.89812135354,3,26.11779913341625,江戸川
足立区|神明南2丁目,127797.89812135354,3,26.111309006279843,江戸川
足立区|神明南2丁目,127797.89812135354,3,26.117772207653754,江戸川
足立区|神明南2丁目,127797.89812135354,3,52.23509963520147,江戸川
足立区|神明南2丁目,127797.89812135354,3,26.11126865320451,江戸川
足立区|辰沼1丁目,87405.89900550286,2,87405.89900550286,江戸川
足立区|辰沼2丁目,160417.71260308,2,160008.50400256168,江戸川
足立区|辰沼2丁目,160417.71260308,3,26.11744218132315,江戸川
足立区|辰沼2丁目,160417.71260308,3,26.117428743560517,江戸川
足立区|辰沼2丁目,160417.71260308,3,52.228677623241445,江戸川
足立区|辰沼2丁目,160417.71260308,3,52.228414928253365,江戸川
足立区|辰沼2丁目,160417.71260308,3,52.23464226714748,江戸川
足立区|辰沼2丁目,160417.71260308,3,26.116994302443256,江戸川
足立区|辰沼2丁目,160417.71260308,3,26.111026570360735,江戸川
足立区|辰沼2丁目,160417.71260308,3,26.11728079127139,江戸川
足立区|辰沼2丁目,160417.71260308,3,52.23474362363621,江戸川
足立区|辰沼2丁目,160417.71260308,3,26.110672879462378,江戸川
足立区|辰沼2丁目,160417.71260308,3,43.59127660759039,江戸川
足立区|東和1丁目,196903.49844458967,2,196903.4984445896,江戸川
足立区|東和2丁目,168524.33100975325,2,168524.33100975328,江戸川
足立区|東和3丁目,214257.44805488884,2,214257.4480548889,江戸川
足立区|東和4丁目,198997.23264750672,2,198997.23264750672,江戸川
足立区|東和5丁目,152985.05528961218,2,152985.05528961212,江戸川
足立区|中川1丁目,170395.3886517051,1,4037.307459127447,江戸川
足立区|中川1丁目,170395.3886517051,1,287.3781059445957,江戸川
足立区|中川1丁目,170395.3886517051,1,22382.8093714645,江戸川
足立区|中川1丁目,170395.3886517051,1,182.86242784840638,江戸川
足立区|中川1丁目,170395.3886517051,1,35.64363217296433,江戸川
足立区|中川1丁目,170395.3886517051,1,444.1125692882829,江戸川
足立区|中川1丁目,170395.3886517051,1,114.8238735377151,江戸川
足立区|中川1丁目,170395.3886517051,1,52.245382876856006,江戸川
足立区|中川1丁目,170395.3886517051,1,130.61594527852742,江戸川
足立区|中川1丁目,170395.3886517051,1,574.7192448186872,江戸川
足立区|中川1丁目,170395.3886517051,1,600.8489610224859,江戸川
足立区|中川1丁目,170395.3886517051,1,26.12636080672666,江戸川
足立区|中川1丁目,170395.3886517051,1,52.24598170800817,江戸川
足立区|中川1丁目,170395.3886517051,1,26.126065292510155,江戸川
足立区|中川1丁目,170395.3886517051,1,26.11966123402877,江戸川
足立区|中川1丁目,170395.3886517051,1,52.251855929075,江戸川
足立区|中川1丁目,170395.3886517051,1,26.125692115704297,江戸川
足立区|中川1丁目,170395.3886517051,1,156.74119335859967,江戸川
足立区|中川1丁目,170395.3886517051,1,313.4773258504585,江戸川
足立区|中川1丁目,170395.3886517051,1,26.119378261150654,江戸川
足立区|中川1丁目,170395.3886517051,1,26.119587446364037,江戸川
足立区|中川1丁目,170395.3886517051,1,208.98484600378262,江戸川
足立区|中川1丁目,170395.3886517051,1,26.12545017962201,江戸川
足立区|中川1丁目,170395.3886517051,1,26.125562012382286,江戸川
足立区|中川1丁目,170395.3886517051,1,52.24471874741359,江戸川
足立区|中川1丁目,170395.3886517051,1,78.37012676982738,江戸川
足立区|中川1丁目,170395.3886517051,1,52.24455744416823,江戸川
足立区|中川1丁目,170395.3886517051,2,104182.48007008691,江戸川
足立区|中川1丁目,170395.3886517051,2,156.73750403255616,江戸川
足立区|中川1丁目,170395.3886517051,2,52.251981034954255,江戸川
足立区|中川1丁目,170395.3886517051,2,104.4979894092623,江戸川
足立区|中川1丁目,170395.3886517051,2,78.3706808039919,江戸川
足立区|中川1丁目,170395.3886517051,2,26.119506409594802,江戸川
足立区|中川1丁目,170395.3886517051,2,26.12564174927164,江戸川
足立区|中川1丁目,170395.3886517051,2,365.7310360849037,江戸川
足立区|中川1丁目,170395.3886517051,2,104.49644443684008,江戸川
足立区|中川1丁目,170395.3886517051,2,548.5961186653378,江戸川
足立区|中川1丁目,170395.3886517051,2,52.25109442500432,江戸川
足立区|中川2丁目,155741.20549975903,1,13954.785978824882,江戸川
足立区|中川2丁目,155741.20549975903,1,1515.139441921092,江戸川
足立区|中川2丁目,155741.20549975903,1,52.24390955308987,江戸川
足立区|中川2丁目,155741.20549975903,1,2638.4082603187585,江戸川
足立区|中川2丁目,155741.20549975903,1,78.3754431141685,江戸川
足立区|中川2丁目,155741.20549975903,1,182.85587754688765,江戸川
足立区|中川2丁目,155741.20549975903,1,78.36934228137908,江戸川
足立区|中川2丁目,155741.20549975903,1,52.24980290463662,江戸川
足立区|中川2丁目,155741.20549975903,1,52.25002546322858,江戸川
足立区|中川2丁目,155741.20549975903,1,26.124894789214586,江戸川
足立区|中川2丁目,155741.20549975903,1,104.48780165220752,江戸川
足立区|中川2丁目,155741.20549975903,1,26.118450704617203,江戸川
足立区|中川2丁目,155741.20549975903,1,26.11877328729602,江戸川
足立区|中川2丁目,155741.20549975903,1,104.49274133024309,江戸川
足立区|中川2丁目,155741.20549975903,1,26.12502936866683,江戸川
足立区|中川2丁目,155741.20549975903,1,17095.316071744113,江戸川
足立区|中川2丁目,155741.20549975903,1,156.73814953548646,江戸川
足立区|中川2丁目,155741.20549975903,1,1175.5107128929117,江戸川
足立区|中川2丁目,155741.20549975903,1,261.2252071741518,江戸川
足立区|中川2丁目,155741.20549975903,1,26.12494271641803,江戸川
足立区|中川2丁目,155741.20549975903,1,26.125110162331566,江戸川
足立区|中川2丁目,155741.20549975903,1,156.7303421630918,江戸川
足立区|中川2丁目,155741.20549975903,1,130.6131210021408,江戸川
足立区|中川2丁目,155741.20549975903,1,626.9508876772143,江戸川
足立区|中川2丁目,155741.20549975903,1,104.5006231991016,江戸川
足立区|中川2丁目,155741.20549975903,1,52.24404509543295,江戸川
足立区|中川2丁目,155741.20549975903,1,26.125157938873635,江戸川
足立区|中川2丁目,155741.20549975903,1,496.33448474821597,江戸川
足立区|中川2丁目,155741.20549975903,1,156.75069982665804,江戸川
足立区|中川2丁目,155741.20549975903,1,52.244045389227196,江戸川
足立区|中川2丁目,155741.20549975903,1,26.125346339555556,江戸川
足立区|中川2丁目,155741.20549975903,1,26.11885437032207,江戸川
足立区|中川2丁目,155741.20549975903,1,182.8500382713361,江戸川
足立区|中川2丁目,155741.20549975903,1,26.124420676002792,江戸川
足立区|中川2丁目,155741.20549975903,1,104.49228226192261,江戸川
足立区|中川2丁目,155741.20549975903,1,52.24334690856215,江戸川
足立区|中川2丁目,155741.20549975903,1,78.36762533766117,江戸川
足立区|中川2丁目,155741.20549975903,1,26.124916486404537,江戸川
足立区|中川2丁目,155741.20549975903,1,26.1247478577949,江戸川
足立区|中川2丁目,155741.20549975903,1,26.124855492801114,江戸川
足立区|中川2丁目,155741.20549975903,1,52.250626528233056,江戸川
足立区|中川2丁目,155741.20549975903,2,76738.80173102129,江戸川
足立区|中川2丁目,155741.20549975903,2,78.37012318032296,江戸川
足立区|中川2丁目,155741.20549975903,2,26.12517706727882,江戸川
足立区|中川2丁目,155741.20549975903,2,26.12523859483366,江戸川
足立区|中川2丁目,155741.20549975903,2,77.07635024036502,江戸川
足立区|中川3丁目,158254.45209946795,1,78.3617215753754,江戸川
足立区|中川3丁目,158254.45209946795,1,2560.010072433799,江戸川
足立区|中川3丁目,158254.45209946795,1,3735.5524318417833,江戸川
足立区|中川3丁目,158254.45209946795,1,52.243586874259,江戸川
足立区|中川3丁目,158254.45209946795,1,5700.66686360784,江戸川
足立区|中川3丁目,158254.45209946795,1,26.11797391613743,江戸川
足立区|中川3丁目,158254.45209946795,1,992.6447321940401,江戸川
足立区|中川3丁目,158254.45209946795,1,522.4432652567674,江戸川
足立区|中川3丁目,158254.45209946795,1,104.49731584369758,江戸川
足立区|中川3丁目,158254.45209946795,1,11743.915325232434,江戸川
足立区|中川3丁目,158254.45209946795,1,626.9313689055895,江戸川
足立区|中川3丁目,158254.45209946795,1,26.123900027933477,江戸川
足立区|中川3丁目,158254.45209946795,1,261.2152834999776,江戸川
足立区|中川3丁目,158254.45209946795,1,26.124545486020537,江戸川
足立区|中川3丁目,158254.45209946795,1,914.2622259239369,江戸川
足立区|中川3丁目,158254.45209946795,1,52.23614288515455,江戸川
足立区|中川3丁目,158254.45209946795,1,26.124061532339944,江戸川
足立区|中川3丁目,158254.45209946795,1,26.124230220492592,江戸川
足立区|中川3丁目,158254.45209946795,1,705.3077265253067,江戸川
足立区|中川3丁目,158254.45209946795,1,26.11776559063037,江戸川
足立区|中川3丁目,158254.45209946795,1,26.117886626678846,江戸川
足立区|中川3丁目,158254.45209946795,1,52.24854778597612,江戸川
足立区|中川3丁目,158254.45209946795,1,26.12449945681217,江戸川
足立区|中川3丁目,158254.45209946795,1,208.97629667399025,江戸川
足立区|中川3丁目,158254.45209946795,1,78.36709342165439,江戸川
足立区|中川3丁目,158254.45209946795,1,208.97121202474685,江戸川
足立区|中川3丁目,158254.45209946795,2,84384.08603371761,江戸川
足立区|中川3丁目,158254.45209946795,2,104.49060077297061,江戸川
足立区|中川3丁目,158254.45209946795,2,208.97652162204832,江戸川
足立区|中川3丁目,158254.45209946795,2,52.23573961211104,江戸川
足立区|中川3丁目,158254.45209946795,2,78.36544052889484,江戸川
足立区|中川3丁目,158254.45209946795,2,104.49203506598636,江戸川
足立区|中川3丁目,158254.45209946795,2,52.24299048056686,江戸川
足立区|中川3丁目,158254.45209946795,2,26.12471427774578,江戸川
足立区|中川3丁目,158254.45209946795,2,26.12462020988333,江戸川
足立区|中川3丁目,158254.45209946795,2,104.4852345467831,江戸川
足立区|中川3丁目,158254.45209946795,2,26.12437092657523,江戸川
足立区|中川3丁目,158254.45209946795,2,1.2971826858133124,江戸川
足立区|中川3丁目,158254.45209946795,2,26.118297315151906,江戸川
足立区|中川4丁目,230399.89615935148,1,26.118094175704673,江戸川
足立区|中川4丁目,230399.89615935148,1,104.47768338357648,江戸川
足立区|中川4丁目,230399.89615935148,1,104.48640714134382,江戸川
足立区|中川4丁目,230399.89615935148,1,78.36625925899726,江戸川
足立区|中川4丁目,230399.89615935148,1,261.2209149933546,江戸川
足立区|中川4丁目,230399.89615935148,2,229692.72741357502,江戸川
足立区|中川5丁目,429552.06564931484,1,52.24008946267867,江戸川
足立区|中川5丁目,429552.06564931484,1,130.60033087252077,江戸川
足立区|中川5丁目,429552.06564931484,1,26.12410786758663,江戸川
足立区|中川5丁目,429552.06564931484,1,26.123885482608593,江戸川
足立区|中川5丁目,429552.06564931484,1,26.11773113211742,江戸川
足立区|中川5丁目,429552.06564931484,1,26.117562544463425,江戸川
足立区|中川5丁目,429552.06564931484,1,52.241664707957156,江戸川
足立区|中川5丁目,429552.06564931484,1,2690.51515770651,江戸川
足立区|中川5丁目,429552.06564931484,1,156.7396917905837,江戸川
足立区|中川5丁目,429552.06564931484,1,26.123906574500147,江戸川
足立区|中川5丁目,429552.06564931484,1,26.116957902787952,江戸川
足立区|中川5丁目,429552.06564931484,1,52.24631961430295,江戸川
足立区|中川5丁目,429552.06564931484,1,26.11691763784701,江戸川
足立区|中川5丁目,429552.06564931484,1,1384.4517656038763,江戸川
足立区|中川5丁目,429552.06564931484,1,52.24634652265635,江戸川
足立区|中川5丁目,429552.06564931484,1,52.240165416455824,江戸川
足立区|中川5丁目,429552.06564931484,1,52.24652869612172,江戸川
足立区|中川5丁目,429552.06564931484,1,78.35691461796478,江戸川
足立区|中川5丁目,429552.06564931484,1,52.23985209409242,江戸川
足立区|中川5丁目,429552.06564931484,1,130.59697386926115,江戸川
足立区|中川5丁目,429552.06564931484,1,313.45271042160874,江戸川
足立区|中川5丁目,429552.06564931484,1,104.49577983607536,江戸川
足立区|中川5丁目,429552.06564931484,1,104.49610253364635,江戸川
足立区|中川5丁目,429552.06564931484,1,26.124020451267683,江戸川
足立区|中川5丁目,429552.06564931484,1,78.36938565434252,江戸川
足立区|中川5丁目,429552.06564931484,1,52.24202096980021,江戸川
足立区|中川5丁目,429552.06564931484,1,235.09772849718348,江戸川
足立区|中川5丁目,429552.06564931484,1,52.24194648997669,江戸川
足立区|中川5丁目,429552.06564931484,1,365.71893079573,江戸川
足立区|中川5丁目,429552.06564931484,1,26.116877459737637,江戸川
足立区|中川5丁目,429552.06564931484,1,26.123173422772155,江戸川
足立区|中川5丁目,429552.06564931484,1,26.117805034888875,江戸川
足立区|中川5丁目,429552.06564931484,1,4231.633360897808,江戸川
足立区|中川5丁目,429552.06564931484,1,26.123818897420513,江戸川
足立区|中川5丁目,429552.06564931484,1,3657.066951361808,江戸川
足立区|中川5丁目,429552.06564931484,1,156.73191875678597,江戸川
足立区|中川5丁目,429552.06564931484,1,26.117563148439444,江戸川
足立区|中川5丁目,429552.06564931484,1,26.123039033167643,江戸川
足立区|中川5丁目,429552.06564931484,1,391.8221927218917,江戸川
足立区|中川5丁目,429552.06564931484,1,52.24188070711847,江戸川
足立区|中川5丁目,429552.06564931484,1,26.116998604699763,江戸川
足立区|中川5丁目,429552.06564931484,1,26.123503568309204,江戸川
足立区|中川5丁目,429552.06564931484,1,1358.2890991478466,江戸川
足立区|中川5丁目,429552.06564931484,1,208.9786100156059,江戸川
足立区|中川5丁目,429552.06564931484,1,130.59739383953823,江戸川
足立区|中川5丁目,429552.06564931484,1,26.12352322970889,江戸川
足立区|中川5丁目,429552.06564931484,1,104.48853747018087,江戸川
足立区|中川5丁目,429552.06564931484,1,17939.45137713453,江戸川
足立区|中川5丁目,429552.06564931484,1,78.36391194177934,江戸川
足立区|中川5丁目,429552.06564931484,1,26.123442634005464,江戸川
足立区|中川5丁目,429552.06564931484,1,156.7219365591496,江戸川
足立区|中川5丁目,429552.06564931484,1,235.0737589816442,江戸川
足立区|中川5丁目,429552.06564931484,1,26.122634501775572,江戸川
足立区|中川5丁目,429552.06564931484,1,208.97013327249425,江戸川
足立区|中川5丁目,429552.06564931484,1,52.23984099043192,江戸川
足立区|中川5丁目,429552.06564931484,1,52.24539740696972,江戸川
足立区|中川5丁目,429552.06564931484,1,52.2334303163912,江戸川
足立区|中川5丁目,429552.06564931484,1,26.1163118599069,江戸川
足立区|中川5丁目,429552.06564931484,1,26.122849727726027,江戸川
足立区|中川5丁目,429552.06564931484,1,78.36118379678713,江戸川
足立区|中川5丁目,429552.06564931484,1,26.116280748963288,江戸川
足立区|中川5丁目,429552.06564931484,1,78.36779008072605,江戸川
足立区|中川5丁目,429552.06564931484,1,52.24013082818707,江戸川
足立区|中川5丁目,429552.06564931484,1,26.115917834379704,江戸川
足立区|中川5丁目,429552.06564931484,1,52.24518251835484,江戸川
足立区|中川5丁目,429552.06564931484,1,26.122601791639777,江戸川
足立区|中川5丁目,429552.06564931484,1,26.1162315308232,江戸川
足立区|中川5丁目,429552.06564931484,1,130.6012564359667,江戸川
足立区|中川5丁目,429552.06564931484,1,26.122070530530394,江戸川
足立区|中川5丁目,429552.06564931484,1,26.1221006040477,江戸川
足立区|中川5丁目,429552.06564931484,1,52.23210828426587,江戸川
足立区|中川5丁目,429552.06564931484,1,52.24468637112397,江戸川
足立区|中川5丁目,429552.06564931484,1,26.12231270496873,江戸川
足立区|中川5丁目,429552.06564931484,1,26.116070766984958,江戸川
足立区|中川5丁目,429552.06564931484,1,130.60609566580223,江戸川
足立区|中川5丁目,429552.06564931484,1,52.24580281904834,江戸川
足立区|中川5丁目,429552.06564931484,1,653.0246324829943,江戸川
足立区|中川5丁目,429552.06564931484,1,52.23882743319699,江戸川
足立区|中川5丁目,429552.06564931484,1,52.24544605017008,江戸川
足立区|中川5丁目,429552.06564931484,1,78.36200822816552,江戸川
足立区|中川5丁目,429552.06564931484,2,174288.30341489232,江戸川
足立区|中川5丁目,429552.06564931484,2,26.12348915101805,江戸川
足立区|中川5丁目,429552.06564931484,2,52.24638870762071,江戸川
足立区|中川5丁目,429552.06564931484,2,26.123421997340817,江戸川
足立区|中川5丁目,429552.06564931484,2,26.12315927455831,江戸川
足立区|中川5丁目,429552.06564931484,2,26.117085729855404,江戸川
足立区|中川5丁目,429552.06564931484,2,26.122947364840712,江戸川
足立区|中川5丁目,429552.06564931484,2,444.06983908837776,江戸川
足立区|中川5丁目,429552.06564931484,2,548.5472192471701,江戸川
足立区|中川5丁目,429552.06564931484,2,78.36322750375072,江戸川
足立区|中川5丁目,429552.06564931484,2,130.60578035956033,江戸川
足立区|中川5丁目,429552.06564931484,2,156.73408059409866,江戸川
足立区|中川5丁目,429552.06564931484,2,26.123805743325484,江戸川
足立区|中川5丁目,429552.06564931484,2,52.23525517226456,江戸川
足立区|中川5丁目,429552.06564931484,2,26.1175634423823,江戸川
足立区|中川5丁目,429552.06564931484,2,52.234780466677556,江戸川
足立区|中川5丁目,429552.06564931484,2,52.24739655560852,江戸川
足立区|中川5丁目,429552.06564931484,2,26.117402231156856,江戸川
足立区|中川5丁目,429552.06564931484,2,52.239734330439155,江戸川
足立区|中川5丁目,429552.06564931484,2,26.116715608413266,江戸川
足立区|中川5丁目,429552.06564931484,3,1279.9595584816877,江戸川
足立区|中川5丁目,429552.06564931484,3,26.116957368914115,江戸川
足立区|中川5丁目,429552.06564931484,3,235.0926347200335,江戸川
足立区|中川5丁目,429552.06564931484,3,78.35171921799213,江戸川
足立区|中川5丁目,429552.06564931484,3,26.11708573014995,江戸川
足立区|中川5丁目,429552.06564931484,3,52.24699093857316,江戸川
足立区|中川5丁目,429552.06564931484,3,1567.3045139958383,江戸川
足立区|中川5丁目,429552.06564931484,3,26.11723979498864,江戸川
足立区|中川5丁目,429552.06564931484,3,26.116836549257897,江戸川
足立区|中川5丁目,429552.06564931484,3,52.246170880921206,江戸川
足立区|中川5丁目,429552.06564931484,3,26.11704739986509,江戸川
足立区|中川5丁目,429552.06564931484,3,130.6156101620929,江戸川
足立区|中川5丁目,429552.06564931484,3,26.117569823707903,江戸川
足立区|中川5丁目,429552.06564931484,3,104.49435286357279,江戸川
足立区|中川5丁目,429552.06564931484,3,26.116964927639707,江戸川
足立区|中川5丁目,429552.06564931484,3,156.72252532338058,江戸川
足立区|中川5丁目,429552.06564931484,3,52.246023185604436,江戸川
足立区|中川5丁目,429552.06564931484,3,52.24126113888704,江戸川
足立区|中川5丁目,429552.06564931484,3,26.123643589640892,江戸川
足立区|中川5丁目,429552.06564931484,3,78.35866860829714,江戸川
足立区|中川5丁目,429552.06564931484,3,78.36449420074653,江戸川
足立区|中川5丁目,429552.06564931484,3,52.24723343319962,江戸川
足立区|中川5丁目,429552.06564931484,3,26.116756051197502,江戸川
足立区|中川5丁目,429552.06564931484,3,52.24752312648438,江戸川
足立区|中川5丁目,429552.06564931484,3,52.24649506686838,江戸川
足立区|中川5丁目,429552.06564931484,3,26.116756078360282,江戸川
足立区|中川5丁目,429552.06564931484,3,26.123643663087677,江戸川
足立区|中川5丁目,429552.06564931484,3,26.1232609910487,江戸川
足立区|中川5丁目,429552.06564931484,3,26.11683678194128,江戸川
足立区|中川5丁目,429552.06564931484,3,26.123132712646658,江戸川
足立区|中川5丁目,429552.06564931484,3,26.123159620995708,江戸川
足立区|中川5丁目,429552.06564931484,3,52.23472215939966,江戸川
足立区|中川5丁目,429552.06564931484,3,26.116917450619,江戸川
足立区|中川5丁目,429552.06564931484,3,26.116957800100014,江戸川
足立区|中川5丁目,429552.06564931484,3,26.11720707475092,江戸川
足立区|中川5丁目,429552.06564931484,3,26.123825815867736,江戸川
足立区|中川5丁目,429552.06564931484,3,26.123530009604842,江戸川
足立区|中川5丁目,429552.06564931484,3,78.36491860538655,江戸川
足立区|中川5丁目,429552.06564931484,3,26.1233748061342,江戸川
足立区|中川5丁目,429552.06564931484,3,52.24733515040793,江戸川
足立区|中川5丁目,429552.06564931484,3,52.24078367460308,江戸川
足立区|中川5丁目,429552.06564931484,3,52.24068225283195,江戸川
足立区|中川5丁目,429552.06564931484,3,26.11724018342013,江戸川
足立区|中川5丁目,429552.06564931484,3,26.117280500578758,江戸川
足立区|中川5丁目,429552.06564931484,3,26.12353623343739,江戸川
足立区|中川5丁目,429552.06564931484,3,5380.9165459002415,江戸川
足立区|中川5丁目,429552.06564931484,3,52.24005132161535,江戸川
足立区|中川5丁目,429552.06564931484,3,26.122931050257684,江戸川
足立区|中川5丁目,429552.06564931484,4,41323.89817900964,江戸川
足立区|花畑8丁目,188867.2116368729,1,1879.8743251924222,江戸川
足立区|花畑8丁目,188867.2116368729,1,26.111556121065632,江戸川
足立区|花畑8丁目,188867.2116368729,1,78.32768774708155,江戸川
足立区|花畑8丁目,188867.2116368729,1,104.4201117960676,江戸川
足立区|花畑8丁目,188867.2116368729,1,78.3271388903894,江戸川
足立区|花畑8丁目,188867.2116368729,1,26.11129332267727,江戸川
足立区|花畑8丁目,188867.2116368729,1,52.22220975862412,江戸川
足立区|花畑8丁目,188867.2116368729,2,18252.588471733943,江戸川
足立区|花畑8丁目,188867.2116368729,2,158.2847847414252,江戸川
足立区|花畑8丁目,188867.2116368729,2,52.222909918084085,江戸川
足立区|東綾瀬1丁目,197115.3340239723,1,52.25219077016629,江戸川
足立区|東綾瀬1丁目,197115.3340239723,2,197063.0818332022,江戸川
足立区|東綾瀬2丁目,159990.15513118196,1,104.48903633567693,江戸川
足立区|東綾瀬2丁目,159990.15513118196,2,159885.6660948462,江戸川
足立区|東綾瀬3丁目,154094.87322019463,1,26.118818793365783,江戸川
足立区|東綾瀬3丁目,154094.87322019463,1,26.12486586815096,江戸川
足立区|東綾瀬3丁目,154094.87322019463,1,26.11860983498814,江戸川
足立区|東綾瀬3丁目,154094.87322019463,1,52.24379224758169,江戸川
足立区|東綾瀬3丁目,154094.87322019463,2,153676.91112435656,江戸川
足立区|六木1丁目,198771.85117506312,2,198237.2062320638,江戸川
足立区|六木1丁目,198771.85117506312,3,8.643190849876419,江戸川
足立区|六木1丁目,198771.85117506312,3,26.111154801653115,江戸川
足立区|六木1丁目,198771.85117506312,3,52.23460913770356,江戸川
足立区|六木1丁目,198771.85117506312,3,78.35197787965946,江戸川
足立区|六木1丁目,198771.85117506312,3,26.117146309733506,江戸川
足立区|六木1丁目,198771.85117506312,3,52.22193942850953,江戸川
足立区|六木1丁目,198771.85117506312,3,52.23423890685331,江戸川
足立区|六木1丁目,198771.85117506312,3,52.2279309237364,江戸川
足立区|六木1丁目,198771.85117506312,3,78.35123732700956,江戸川
足立区|六木1丁目,198771.85117506312,3,26.11706566846815,江戸川
足立区|六木1丁目,198771.85117506312,3,52.22156926252113,江戸川
足立区|六木1丁目,198771.85117506312,3,26.117038792177716,江戸川
足立区|六木1丁目,198771.85117506312,3,3.695843711396519,江戸川
足立区|六木2丁目,144668.53901300975,1,130.582328320631,江戸川
足立区|六木2丁目,144668.53901300975,1,78.34723791262208,江戸川
足立区|六木2丁目,144668.53901300975,1,8.278215883290502,江戸川
足立区|六木2丁目,144668.53901300975,1,339.4894026050566,江戸川
足立区|六木2丁目,144668.53901300975,1,261.1486008226132,江戸川
足立区|六木2丁目,144668.53901300975,1,26.110711444001296,江戸川
足立区|六木2丁目,144668.53901300975,1,78.34441301311838,江戸川
足立区|六木2丁目,144668.53901300975,1,156.69019115783192,江戸川
足立区|六木2丁目,144668.53901300975,1,52.23409890440086,江戸川
足立区|六木2丁目,144668.53901300975,1,52.23306857865473,江戸川
足立区|六木2丁目,144668.53901300975,1,26.110623621504057,江戸川
足立区|六木2丁目,144668.53901300975,2,106961.4522832699,江戸川
足立区|六木2丁目,144668.53901300975,2,104.45463864421444,江戸川
足立区|六木2丁目,144668.53901300975,2,52.22132793142081,江戸川
足立区|六木2丁目,144668.53901300975,2,12.181378484555047,江戸川
足立区|六木2丁目,144668.53901300975,2,130.572473233499,江戸川
足立区|六木2丁目,144668.53901300975,3,182.81048301617636,江戸川
足立区|六木2丁目,144668.53901300975,3,246.4124006216852,江戸川
足立区|六木2丁目,144668.53901300975,3,26.117759030144963,江戸川
足立区|六木2丁目,144668.53901300975,3,26.116591011137288,江戸川
足立区|六木2丁目,144668.53901300975,3,539.3266448241334,江戸川
足立区|六木3丁目,331982.0556003702,1,148.41674716667995,江戸川
足立区|六木3丁目,331982.0556003702,1,52.22036902494797,江戸川
足立区|六木3丁目,331982.0556003702,1,26.116541418028746,江戸川
足立区|六木3丁目,331982.0556003702,1,26.11650106376617,江戸川
足立区|六木3丁目,331982.0556003702,1,52.23292143721994,江戸川
足立区|六木3丁目,331982.0556003702,1,940.0944660254346,江戸川
足立区|六木3丁目,331982.0556003702,1,26.116066659530894,江戸川
足立区|六木3丁目,331982.0556003702,1,26.11648138557486,江戸川
足立区|六木3丁目,331982.0556003702,1,365.60171862814775,江戸川
足立区|六木3丁目,331982.0556003702,1,52.225995192832926,江戸川
足立区|六木3丁目,331982.0556003702,1,26.109615137575176,江戸川
足立区|六木3丁目,331982.0556003702,1,26.109864382360467,江戸川
足立区|六木3丁目,331982.0556003702,1,26.115936279337763,江戸川
足立区|六木3丁目,331982.0556003702,2,299182.0459572938,江戸川
足立区|六木3丁目,331982.0556003702,2,13.935506399155337,江戸川
足立区|六木3丁目,331982.0556003702,2,52.22089135001609,江戸川
足立区|六木3丁目,331982.0556003702,2,104.45157255350802,江戸川
足立区|六木3丁目,331982.0556003702,2,26.11611110704986,江戸川
足立区|六木3丁目,331982.0556003702,2,52.23201427981115,江戸川
足立区|六木3丁目,331982.0556003702,3,59.471335991785764,江戸川
足立区|六木3丁目,331982.0556003702,3,21.742913579949686,江戸川
足立区|六木3丁目,331982.0556003702,3,182.78637133779284,江戸川
足立区|六木3丁目,331982.0556003702,3,52.230213173989306,江戸川
足立区|六木3丁目,331982.0556003702,3,9.691616285445509,江戸川
足立区|六木3丁目,331982.0556003702,3,32.416454358012686,江戸川
足立区|六木3丁目,331982.0556003702,3,127.41081632312009,江戸川
足立区|六木3丁目,331982.0556003702,3,227.7327296275419,江戸川
足立区|六木3丁目,331982.0556003702,3,78.34166778844164,江戸川
足立区|六木3丁目,331982.0556003702,3,104.45760978290525,江戸川
足立区|六木3丁目,331982.0556003702,3,103.37635708123575,江戸川
足立区|六木3丁目,331982.0556003702,3,8.554317720302201,江戸川
足立区|六木3丁目,331982.0556003702,3,1.360926635752205,江戸川
足立区|六木3丁目,331982.0556003702,3,17.05588118302683,江戸川
足立区|六木3丁目,331982.0556003702,3,235.0397021206905,江戸川
足立区|六木3丁目,331982.0556003702,3,11.030148123471855,江戸川
足立区|六木3丁目,331982.0556003702,3,260.7207826337724,江戸川
足立区|六木3丁目,331982.0556003702,3,26.11521647633861,江戸川
足立区|六木3丁目,331982.0556003702,3,767.1257101777084,江戸川
足立区|六木3丁目,331982.0556003702,3,531.371640121087,江戸川
足立区|六木3丁目,331982.0556003702,3,44.62652316276014,江戸川
足立区|六木3丁目,331982.0556003702,3,104.29450499948122,江戸川
足立区|六木3丁目,331982.0556003702,3,26.115290237708063,江戸川
足立区|六木3丁目,331982.0556003702,3,26.115512613834248,江戸川
足立区|六木3丁目,331982.0556003702,3,25.61151755288531,江戸川
足立区|六木3丁目,331982.0556003702,3,440.00300058235865,江戸川
足立区|六木3丁目,331982.0556003702,3,25.00922115853339,江戸川
足立区|六木3丁目,331982.0556003702,3,36.89415094996196,江戸川
足立区|六木3丁目,331982.0556003702,3,50.16261002575073,江戸川
足立区|六木3丁目,331982.0556003702,3,28.007791259092173,江戸川
足立区|六木3丁目,331982.0556003702,3,49.083627492830665,江戸川
足立区|六木3丁目,331982.0556003702,3,11.416925168048568,江戸川
足立区|六木3丁目,331982.0556003702,3,182.45713694473153,江戸川
足立区|六木3丁目,331982.0556003702,3,1222.9296048685515,江戸川
足立区|六木3丁目,331982.0556003702,3,52.22954356190943,江戸川
足立区|六木3丁目,331982.0556003702,3,26.114818864277126,江戸川
足立区|六木3丁目,331982.0556003702,3,26.11449213197687,江戸川
足立区|六木3丁目,331982.0556003702,3,26.114859346835743,江戸川
足立区|六木3丁目,331982.0556003702,3,52.2172115194089,江戸川
足立区|六木3丁目,331982.0556003702,3,1134.09834098804,江戸川
足立区|六木4丁目,124928.08926065947,1,235.02747901785705,江戸川
足立区|六木4丁目,124928.08926065947,1,156.70181216063835,江戸川
足立区|六木4丁目,124928.08926065947,1,78.3449031974338,江戸川
足立区|六木4丁目,124928.08926065947,2,123644.09768494096,江戸川
足立区|六木4丁目,124928.08926065947,3,26.117065615147638,江戸川
足立区|六木4丁目,124928.08926065947,3,26.11078458262788,江戸川
足立区|六木4丁目,124928.08926065947,3,26.117038739293136,江戸川
足立区|六木4丁目,124928.08926065947,3,26.110953152625534,江戸川
足立区|六木4丁目,124928.08926065947,3,26.110912827679915,江戸川
足立区|六木4丁目,124928.08926065947,3,52.233902693120164,江戸川
足立区|六木4丁目,124928.08926065947,3,78.3406183698533,江戸川
足立区|六木4丁目,124928.08926065947,3,72.0401201814944,江戸川
足立区|六木4丁目,124928.08926065947,3,26.115666547228713,江戸川
足立区|六木4丁目,124928.08926065947,3,26.110663622885276,江戸川
足立区|六木4丁目,124928.08926065947,3,81.5022537303874,江戸川
足立区|六木4丁目,124928.08926065947,3,7.291830500220495,江戸川
足立区|六木4丁目,124928.08926065947,3,26.11681330647639,江戸川
足立区|六木4丁目,124928.08926065947,3,1.0755804065601628,江戸川
足立区|六木4丁目,124928.08926065947,3,17.555740658576703,江戸川
足立区|六木4丁目,124928.08926065947,3,24.755426077869977,江戸川
足立区|六木4丁目,124928.08926065947,3,26.116904310517363,江戸川
足立区|六木4丁目,124928.08926065947,3,9.061023144906919,江戸川
足立区|谷中1丁目,174626.82438985046,1,52.23613826743904,江戸川
足立区|谷中1丁目,174626.82438985046,1,78.37307954160269,江戸川
足立区|谷中1丁目,174626.82438985046,1,52.24850829534316,江戸川
足立区|谷中1丁目,174626.82438985046,1,104.48183054357656,江戸川
足立区|谷中1丁目,174626.82438985046,1,52.2361382516138,江戸川
足立区|谷中1丁目,174626.82438985046,1,208.97643128563553,江戸川
足立区|谷中1丁目,174626.82438985046,1,78.37290664824026,江戸川
足立区|谷中1丁目,174626.82438985046,2,173581.9485303791,江戸川
足立区|谷中2丁目,170811.84372591574,1,78.36302050117385,江戸川
足立区|谷中2丁目,170811.84372591574,1,26.11708468221753,江戸川
足立区|谷中2丁目,170811.84372591574,1,391.8093236355121,江戸川
足立区|谷中2丁目,170811.84372591574,1,1201.541363252725,江戸川
足立区|谷中2丁目,170811.84372591574,1,52.23903909820473,江戸川
足立区|谷中2丁目,170811.84372591574,1,208.96527381756175,江戸川
足立区|谷中2丁目,170811.84372591574,1,156.70384101196936,江戸川
足立区|谷中2丁目,170811.84372591574,1,78.36143824396981,江戸川
足立区|谷中2丁目,170811.84372591574,1,182.8386836537718,江戸川
足立区|谷中2丁目,170811.84372591574,1,26.12248591965566,江戸川
足立区|谷中2丁目,170811.84372591574,1,287.3066722186112,江戸川
足立区|谷中2丁目,170811.84372591574,1,78.36280963977492,江戸川
足立区|谷中2丁目,170811.84372591574,1,182.84598694158,江戸川
足立区|谷中2丁目,170811.84372591574,1,52.23943623289112,江戸川
足立区|谷中2丁目,170811.84372591574,1,365.69398532199824,江戸川
足立区|谷中2丁目,170811.84372591574,1,78.36745769889797,江戸川
足立区|谷中2丁目,170811.84372591574,1,235.08366901470706,江戸川
足立区|谷中2丁目,170811.84372591574,1,52.24457769856888,江戸川
足立区|谷中2丁目,170811.84372591574,1,52.244631479176995,江戸川
足立区|谷中2丁目,170811.84372591574,1,26.12264728363634,江戸川
足立区|谷中2丁目,170811.84372591574,1,52.24455393735134,江戸川
足立区|谷中2丁目,170811.84372591574,2,166319.1333042389,江戸川
足立区|谷中2丁目,170811.84372591574,2,130.59276978117276,江戸川
足立区|谷中3丁目,115494.86323931516,1,391.80511642044985,江戸川
足立区|谷中3丁目,115494.86323931516,1,679.1010942161606,江戸川
足立区|谷中3丁目,115494.86323931516,1,104.48564144491077,江戸川
足立区|谷中3丁目,115494.86323931516,1,235.0816730065701,江戸川
足立区|谷中3丁目,115494.86323931516,2,114084.38971422704,江戸川
足立区|谷中4丁目,261729.97673035527,1,809.7007187627695,江戸川
足立区|谷中4丁目,261729.97673035527,1,104.47367099948372,江戸川
足立区|谷中4丁目,261729.97673035527,1,52.23678949258059,江戸川
足立区|谷中4丁目,261729.97673035527,1,235.07941002993994,江戸川
足立区|谷中4丁目,261729.97673035527,1,104.47563939747194,江戸川
足立区|谷中4丁目,261729.97673035527,1,496.27985654184374,江戸川
足立区|谷中4丁目,261729.97673035527,1,26.121108041945327,江戸川
足立区|谷中4丁目,261729.97673035527,1,26.114697773950795,江戸川
足立区|谷中4丁目,261729.97673035527,1,104.47215879435402,江戸川
足立区|谷中4丁目,261729.97673035527,1,52.23624230117343,江戸川
足立区|谷中4丁目,261729.97673035527,1,208.9557984686099,江戸川
足立区|谷中4丁目,261729.97673035527,1,78.35576869862126,江戸川
足立区|谷中4丁目,261729.97673035527,1,52.2354892336416,江戸川
足立区|谷中4丁目,261729.97673035527,1,104.46238816401856,江戸川
足立区|谷中4丁目,261729.97673035527,1,52.24066836602684,江戸川
足立区|谷中4丁目,261729.97673035527,1,52.228394306117465,江戸川
足立区|谷中4丁目,261729.97673035527,1,78.3611339604088,江戸川
足立区|谷中4丁目,261729.97673035527,1,52.24095800506603,江戸川
足立区|谷中4丁目,261729.97673035527,1,26.12146389331722,江戸川
足立区|谷中4丁目,261729.97673035527,1,26.121753536532367,江戸川
足立区|谷中4丁目,261729.97673035527,1,156.72920125112265,江戸川
足立区|谷中4丁目,261729.97673035527,1,104.4816516221655,江戸川
足立区|谷中4丁目,261729.97673035527,1,365.664175280786,江戸川
足立区|谷中4丁目,261729.97673035527,1,130.6031506238807,江戸川
足立区|谷中4丁目,261729.97673035527,1,26.122116636213896,江戸川
足立区|谷中4丁目,261729.97673035527,1,78.35995284110267,江戸川
足立区|谷中4丁目,261729.97673035527,1,182.84104578527752,江戸川
足立区|谷中4丁目,261729.97673035527,1,26.12237214921244,江戸川
足立区|谷中4丁目,261729.97673035527,1,130.59540172050555,江戸川
足立区|谷中4丁目,261729.97673035527,1,26.1161167159469,江戸川
足立区|谷中4丁目,261729.97673035527,1,78.35815608948104,江戸川
足立区|谷中4丁目,261729.97673035527,1,26.122372146845017,江戸川
足立区|谷中4丁目,261729.97673035527,1,26.12159836762621,江戸川
足立区|谷中4丁目,261729.97673035527,1,182.8350127957324,江戸川
足立区|谷中4丁目,261729.97673035527,1,26.121463884695796,江戸川
足立区|谷中4丁目,261729.97673035527,1,78.35309861589812,江戸川
足立区|谷中4丁目,261729.97673035527,1,287.30555851371827,江戸川
足立区|谷中4丁目,261729.97673035527,1,287.30857432790583,江戸川
足立区|谷中4丁目,261729.97673035527,1,235.06863594526507,江戸川
足立区|谷中4丁目,261729.97673035527,1,444.0506198635972,江戸川
足立区|谷中4丁目,261729.97673035527,1,78.3631812417577,江戸川
足立区|谷中4丁目,261729.97673035527,1,26.12217042062847,江戸川
足立区|谷中4丁目,261729.97673035527,1,574.6082976974373,江戸川
足立区|谷中4丁目,261729.97673035527,1,26.11312453185743,江戸川
足立区|谷中4丁目,261729.97673035527,1,52.23274891065165,江戸川
足立区|谷中4丁目,261729.97673035527,1,26.12046243330983,江戸川
足立区|谷中4丁目,261729.97673035527,1,78.35503100615941,江戸川
足立区|谷中4丁目,261729.97673035527,1,130.58638435210918,江戸川
足立区|谷中4丁目,261729.97673035527,1,19065.832317683395,江戸川
足立区|谷中4丁目,261729.97673035527,1,444.0273834130996,江戸川
足立区|谷中4丁目,261729.97673035527,1,1645.3822136181248,江戸川
足立区|谷中4丁目,261729.97673035527,1,26.120032036371036,江戸川
足立区|谷中4丁目,261729.97673035527,1,1958.8286217582684,江戸川
足立区|谷中4丁目,261729.97673035527,1,104.46716233640086,江戸川
足立区|谷中4丁目,261729.97673035527,1,52.233821655682235,江戸川
足立区|谷中4丁目,261729.97673035527,1,78.35263609273164,江戸川
足立区|谷中4丁目,261729.97673035527,2,120499.90175132036,江戸川
足立区|谷中4丁目,261729.97673035527,2,26.115141460233502,江戸川
足立区|谷中4丁目,261729.97673035527,2,26.119025457614185,江戸川
足立区|谷中4丁目,261729.97673035527,3,78.36019491218231,江戸川
足立区|谷中5丁目,93032.51273639368,1,78.36222019476513,江戸川
足立区|谷中5丁目,93032.51273639368,1,313.4196792189185,江戸川
足立区|谷中5丁目,93032.51273639368,1,26.120791478317024,江戸川
足立区|谷中5丁目,93032.51273639368,2,92379.52132735093,江戸川
足立区|谷中5丁目,93032.51273639368,3,26.12110799366922,江戸川
足立区|谷中5丁目,93032.51273639368,3,130.60470411860223,江戸川
足立区|谷中5丁目,93032.51273639368,4,78.36290603847507,江戸川
葛飾区|青戸1丁目,120480.94023313241,1,104.52522687063669,江戸川
葛飾区|青戸1丁目,120480.94023313241,1,156.78588469877374,江戸川
葛飾区|青戸1丁目,120480.94023313241,1,52.26003822829678,江戸川
葛飾区|青戸1丁目,120480.94023313241,1,157.65555289138618,江戸川
葛飾区|青戸1丁目,120480.94023313241,1,52.26577223644582,江戸川
葛飾区|青戸1丁目,120480.94023313241,1,78.39345513309118,江戸川
葛飾区|青戸1丁目,120480.94023313241,1,261.31675428132115,江戸川
葛飾区|青戸1丁目,120480.94023313241,1,67.25792295660347,江戸川
葛飾区|青戸1丁目,120480.94023313241,2,94832.6987540199,江戸川
葛飾区|青戸2丁目,166417.82099230535,1,25.254714024103116,江戸川
葛飾区|青戸2丁目,166417.82099230535,1,679.4059624242342,江戸川
葛飾区|青戸2丁目,166417.82099230535,1,418.07811329625946,江戸川
葛飾区|青戸2丁目,166417.82099230535,1,2045.5850418349055,江戸川
葛飾区|青戸2丁目,166417.82099230535,1,52.252753787567656,江戸川
葛飾区|青戸2丁目,166417.82099230535,1,6715.427730594841,江戸川
葛飾区|青戸2丁目,166417.82099230535,1,26.126400826576972,江戸川
葛飾区|青戸2丁目,166417.82099230535,1,130.64080132522733,江戸川
葛飾区|青戸2丁目,166417.82099230535,1,26.132449686784643,江戸川
葛飾区|青戸2丁目,166417.82099230535,1,391.9542761120574,江戸川
葛飾区|青戸2丁目,166417.82099230535,1,26.1264009141832,江戸川
葛飾区|青戸2丁目,166417.82099230535,1,78.39103774988575,江戸川
葛飾区|青戸2丁目,166417.82099230535,1,26.132476644134556,江戸川
葛飾区|青戸2丁目,166417.82099230535,1,78.39743753167978,江戸川
葛飾区|青戸2丁目,166417.82099230535,1,104.5168536619207,江戸川
葛飾区|青戸2丁目,166417.82099230535,1,52.25868964200311,江戸川
葛飾区|青戸2丁目,166417.82099230535,2,22612.460393141904,江戸川
葛飾区|青戸2丁目,166417.82099230535,2,26.12619192727871,江戸川
葛飾区|青戸2丁目,166417.82099230535,2,52.26446966779911,江戸川
葛飾区|青戸2丁目,166417.82099230535,2,52.264496618795,江戸川
葛飾区|青戸3丁目,236872.26169198702,1,182.9057105298014,江戸川
葛飾区|青戸3丁目,236872.26169198702,1,26.132078944587377,江戸川
葛飾区|青戸3丁目,236872.26169198702,1,104.52168026757926,江戸川
葛飾区|青戸3丁目,236872.26169198702,1,78.3900314828754,江戸川
葛飾区|青戸3丁目,236872.26169198702,1,78.39056299490235,江戸川
葛飾区|青戸3丁目,236872.26169198702,1,52.25818118556514,江戸川
葛飾区|青戸3丁目,236872.26169198702,1,26.126028886957315,江戸川
葛飾区|青戸3丁目,236872.26169198702,1,391.9582826756104,江戸川
葛飾区|青戸3丁目,236872.26169198702,1,209.02743489488404,江戸川
葛飾区|青戸3丁目,236872.26169198702,1,156.78167700945198,江戸川
葛飾区|青戸3丁目,236872.26169198702,1,26.132536172605526,江戸川
葛飾区|青戸3丁目,236872.26169198702,1,888.4429584454797,江戸川
葛飾区|青戸3丁目,236872.26169198702,1,52.25205807984659,江戸川
葛飾区|青戸3丁目,236872.26169198702,1,52.26510525088869,江戸川
葛飾区|青戸3丁目,236872.26169198702,1,52.25827106104872,江戸川
葛飾区|青戸3丁目,236872.26169198702,1,26.12578725756591,江戸川
葛飾区|青戸3丁目,236872.26169198702,1,26.13204503325702,江戸川
葛飾区|青戸3丁目,236872.26169198702,1,130.65394898424816,江戸川
葛飾区|青戸3丁目,236872.26169198702,1,130.66029051369597,江戸川
葛飾区|青戸3丁目,236872.26169198702,1,26.132007923936502,江戸川
葛飾区|青戸3丁目,236872.26169198702,1,391.95097315982935,江戸川
葛飾区|青戸3丁目,236872.26169198702,1,182.91747733388178,江戸川
葛飾区|青戸3丁目,236872.26169198702,1,78.38352638326657,江戸川
葛飾区|青戸3丁目,236872.26169198702,1,26.132515636914288,江戸川
葛飾区|青戸3丁目,236872.26169198702,1,26.125996595288946,江戸川
葛飾区|青戸3丁目,236872.26169198702,1,78.39040386924013,江戸川
葛飾区|青戸3丁目,236872.26169198702,1,52.263916307409595,江戸川
葛飾区|青戸3丁目,236872.26169198702,2,233083.38641802894,江戸川
葛飾区|青戸4丁目,200918.515732188,1,862.2727917546634,江戸川
葛飾区|青戸4丁目,200918.515732188,1,26.12518228380459,江戸川
葛飾区|青戸4丁目,200918.515732188,1,365.81615414001976,江戸川
葛飾区|青戸4丁目,200918.515732188,1,26.125310767775375,江戸川
葛飾区|青戸4丁目,200918.515732188,1,52.26286653532002,江戸川
葛飾区|青戸4丁目,200918.515732188,1,26.12518238783285,江戸川
葛飾区|青戸4丁目,200918.515732188,1,104.51226565750318,江戸川
葛飾区|青戸4丁目,200918.515732188,1,78.38782233297175,江戸川
葛飾区|青戸4丁目,200918.515732188,1,26.124860450518497,江戸川
葛飾区|青戸4丁目,200918.515732188,1,78.39404683435352,江戸川
葛飾区|青戸4丁目,200918.515732188,1,679.3603976534673,江戸川
葛飾区|青戸4丁目,200918.515732188,1,78.38772217528052,江戸川
葛飾区|青戸4丁目,200918.515732188,2,196607.198949037,江戸川
葛飾区|青戸4丁目,200918.515732188,3,130.6423572649273,江戸川
葛飾区|青戸4丁目,200918.515732188,3,130.642585690325,江戸川
葛飾区|青戸5丁目,160822.8336508221,1,52.25020593456991,江戸川
葛飾区|青戸5丁目,160822.8336508221,1,52.26286904446279,江戸川
葛飾区|青戸5丁目,160822.8336508221,1,156.77628186187994,江戸川
葛飾区|青戸5丁目,160822.8336508221,1,470.3265259253478,江戸川
葛飾区|青戸5丁目,160822.8336508221,1,0.5052223843078292,江戸川
葛飾区|青戸5丁目,160822.8336508221,1,26.124384658636522,江戸川
葛飾区|青戸5丁目,160822.8336508221,1,26.130459916494186,江戸川
葛飾区|青戸5丁目,160822.8336508221,1,26.124384701357066,江戸川
葛飾区|青戸5丁目,160822.8336508221,1,104.51568405328612,江戸川
葛飾区|青戸5丁目,160822.8336508221,1,26.130580947869248,江戸川
葛飾区|青戸5丁目,160822.8336508221,1,104.52442956376532,江戸川
葛飾区|青戸5丁目,160822.8336508221,1,156.76776589640158,江戸川
葛飾区|青戸5丁目,160822.8336508221,1,52.2556037028177,江戸川
葛飾区|青戸5丁目,160822.8336508221,1,26.13094404852707,江戸川
葛飾区|青戸5丁目,160822.8336508221,2,159542.00830818244,江戸川
葛飾区|青戸6丁目,268294.23144598963,1,3919.331793596857,江戸川
葛飾区|青戸6丁目,268294.23144598963,1,574.8439462000302,江戸川
葛飾区|青戸6丁目,268294.23144598963,1,156.77609644822152,江戸川
葛飾区|青戸6丁目,268294.23144598963,1,444.20721817214513,江戸川
葛飾区|青戸6丁目,268294.23144598963,1,235.16390167874155,江戸川
葛飾区|青戸6丁目,268294.23144598963,1,52.25073820458771,江戸川
葛飾区|青戸6丁目,268294.23144598963,1,209.03218452413063,江戸川
葛飾区|青戸6丁目,268294.23144598963,1,104648.17930031872,江戸川
葛飾区|青戸6丁目,268294.23144598963,1,26.13181204385095,江戸川
葛飾区|青戸6丁目,268294.23144598963,1,52.25089979336742,江戸川
葛飾区|青戸6丁目,268294.23144598963,1,26.131844942669467,江戸川
葛飾区|青戸6丁目,268294.23144598963,1,209.0290781569465,江戸川
葛飾区|青戸6丁目,268294.23144598963,1,52.25697542217565,江戸川
葛飾区|青戸6丁目,268294.23144598963,1,261.2921173481697,江戸川
葛飾区|青戸6丁目,268294.23144598963,1,52.26373789758869,江戸川
葛飾区|青戸6丁目,268294.23144598963,1,26.13111951713282,江戸川
葛飾区|青戸6丁目,268294.23144598963,1,130.64437104672558,江戸川
葛飾区|青戸6丁目,268294.23144598963,1,52.26238807705809,江戸川
葛飾区|青戸6丁目,268294.23144598963,1,52.26253599021854,江戸川
葛飾区|青戸6丁目,268294.23144598963,1,52.25664275742834,江戸川
葛飾区|青戸6丁目,268294.23144598963,1,104.51519537845249,江戸川
葛飾区|青戸6丁目,268294.23144598963,1,52.256028127272096,江戸川
葛飾区|青戸6丁目,268294.23144598963,1,52.247707543604996,江戸川
葛飾区|青戸6丁目,268294.23144598963,1,26.124385253671356,江戸川
葛飾区|青戸6丁目,268294.23144598963,1,52.262099657802565,江戸川
葛飾区|青戸6丁目,268294.23144598963,2,50323.629515442524,江戸川
葛飾区|青戸6丁目,268294.23144598963,2,235.1498770608443,江戸川
葛飾区|青戸6丁目,268294.23144598963,2,26.131288035221623,江戸川
葛飾区|青戸6丁目,268294.23144598963,2,26.131105854349855,江戸川
葛飾区|青戸6丁目,268294.23144598963,2,26.125030477579372,江戸川
葛飾区|青戸6丁目,268294.23144598963,2,182.9003273865229,江戸川
葛飾区|青戸6丁目,268294.23144598963,2,261.2891764462242,江戸川
葛飾区|青戸6丁目,268294.23144598963,2,78.38144190787776,江戸川
葛飾区|青戸6丁目,268294.23144598963,2,182.90729791771614,江戸川
葛飾区|青戸6丁目,268294.23144598963,2,365.7969088664106,江戸川
葛飾区|青戸6丁目,268294.23144598963,2,52.25665338268115,江戸川
葛飾区|青戸6丁目,268294.23144598963,2,26.12526507019654,江戸川
葛飾区|青戸6丁目,268294.23144598963,2,104.52599924836633,江戸川
葛飾区|青戸6丁目,268294.23144598963,2,1410.969551694126,江戸川
葛飾区|青戸6丁目,268294.23144598963,2,78.38502963298454,江戸川
葛飾区|青戸6丁目,268294.23144598963,2,52.26078346559035,江戸川
葛飾区|青戸6丁目,268294.23144598963,2,52.26188864818264,江戸川
葛飾区|青戸6丁目,268294.23144598963,2,104.51604025627788,江戸川
葛飾区|青戸6丁目,268294.23144598963,2,52.2611854562654,江戸川
葛飾区|青戸6丁目,268294.23144598963,2,26.130951850047214,江戸川
葛飾区|青戸6丁目,268294.23144598963,2,78.38618302794194,江戸川
葛飾区|青戸6丁目,268294.23144598963,2,52.25504902384238,江戸川
葛飾区|青戸6丁目,268294.23144598963,2,104.52112426843767,江戸川
葛飾区|青戸6丁目,268294.23144598963,2,78.38633694190939,江戸川
葛飾区|青戸6丁目,268294.23144598963,2,22.261443121880966,江戸川
葛飾区|青戸6丁目,268294.23144598963,2,26.12425707409882,江戸川
葛飾区|青戸6丁目,268294.23144598963,2,78.37343225292403,江戸川
葛飾区|青戸6丁目,268294.23144598963,2,78.39197334135389,江戸川
葛飾区|青戸6丁目,268294.23144598963,2,26.131127112735673,江戸川
葛飾区|青戸6丁目,268294.23144598963,2,600.9566617662617,江戸川
葛飾区|青戸6丁目,268294.23144598963,2,182.90333581953087,江戸川
葛飾区|青戸6丁目,268294.23144598963,2,313.5591260825408,江戸川
葛飾区|青戸6丁目,268294.23144598963,2,130.64840196908756,江戸川
葛飾区|青戸6丁目,268294.23144598963,2,52.26190378286792,江戸川
葛飾区|青戸6丁目,268294.23144598963,2,130.65451726336028,江戸川
葛飾区|青戸6丁目,268294.23144598963,2,235.1540182484153,江戸川
葛飾区|青戸6丁目,268294.23144598963,2,52.26191748655335,江戸川
葛飾区|青戸7丁目,297433.77862119355,1,77613.91485132634,江戸川
葛飾区|青戸7丁目,297433.77862119355,1,418.06213988954926,江戸川
葛飾区|青戸7丁目,297433.77862119355,1,966.7379948832653,江戸川
葛飾区|青戸7丁目,297433.77862119355,1,26.12373970487281,江戸川
葛飾区|青戸7丁目,297433.77862119355,1,391.9080922340646,江戸川
葛飾区|青戸7丁目,297433.77862119355,1,182.8941271606695,江戸川
葛飾区|青戸7丁目,297433.77862119355,1,104.51291396825079,江戸川
葛飾区|青戸7丁目,297433.77862119355,1,783.8397150028029,江戸川
葛飾区|青戸7丁目,297433.77862119355,1,52.252700639989705,江戸川
葛飾区|青戸7丁目,297433.77862119355,1,52.25186144981973,江戸川
葛飾区|青戸7丁目,297433.77862119355,1,52.2581782897528,江戸川
葛飾区|青戸7丁目,297433.77862119355,1,130.644216489312,江戸川
葛飾区|青戸7丁目,297433.77862119355,1,313.5275038427024,江戸川
葛飾区|青戸7丁目,297433.77862119355,1,26.129102614988835,江戸川
葛飾区|青戸7丁目,297433.77862119355,1,1384.7560848415835,江戸川
葛飾区|青戸7丁目,297433.77862119355,1,325.1500613334572,江戸川
葛飾区|青戸7丁目,297433.77862119355,1,52.25326534039216,江戸川
葛飾区|青戸7丁目,297433.77862119355,1,104.50929501211112,江戸川
葛飾区|青戸7丁目,297433.77862119355,1,130.63218707607632,江戸川
葛飾区|青戸7丁目,297433.77862119355,1,209.01694061489644,江戸川
葛飾区|青戸7丁目,297433.77862119355,1,2273.0967782065095,江戸川
葛飾区|青戸7丁目,297433.77862119355,1,78.38451983201561,江戸川
葛飾区|青戸7丁目,297433.77862119355,1,78.38703965629416,江戸川
葛飾区|青戸7丁目,297433.77862119355,1,104.51305894322094,江戸川
葛飾区|青戸7丁目,297433.77862119355,1,26.129775041799043,江戸川
葛飾区|青戸7丁目,297433.77862119355,1,26.12260415399341,江戸川
葛飾区|青戸7丁目,297433.77862119355,1,104.50952355162549,江戸川
葛飾区|青戸7丁目,297433.77862119355,1,104.51528659229236,江戸川
葛飾区|青戸7丁目,297433.77862119355,1,26.122563950884786,江戸川
葛飾区|青戸7丁目,297433.77862119355,2,115801.53243163595,江戸川
葛飾区|青戸7丁目,297433.77862119355,2,52.25270076757834,江戸川
葛飾区|青戸7丁目,297433.77862119355,2,52.252387371970514,江戸川
葛飾区|青戸7丁目,297433.77862119355,2,26.129008642155892,江戸川
葛飾区|青戸7丁目,297433.77862119355,2,287.3885857725826,江戸川
葛飾区|青戸7丁目,297433.77862119355,2,78.38769962882216,江戸川
葛飾区|青戸7丁目,297433.77862119355,2,26.129411938840317,江戸川
葛飾区|青戸7丁目,297433.77862119355,2,26.129022199971118,江戸川
葛飾区|青戸7丁目,297433.77862119355,2,78.38861223596207,江戸川
葛飾区|青戸7丁目,297433.77862119355,2,52.25812209279466,江戸川
葛飾区|青戸7丁目,297433.77862119355,2,52.246384337190435,江戸川
葛飾区|青戸7丁目,297433.77862119355,2,209.02504243632185,江戸川
葛飾区|青戸7丁目,297433.77862119355,2,52.25251311698407,江戸川
葛飾区|青戸7丁目,297433.77862119355,2,1541.500149875532,江戸川
葛飾区|青戸7丁目,297433.77862119355,2,26.122886152643318,江戸川
葛飾区|青戸7丁目,297433.77862119355,2,26.12975547322385,江戸川
葛飾区|青戸7丁目,297433.77862119355,2,26.129210439560325,江戸川
葛飾区|青戸7丁目,297433.77862119355,2,78.38267480284726,江戸川
葛飾区|青戸7丁目,297433.77862119355,2,52.25239973788181,江戸川
葛飾区|青戸7丁目,297433.77862119355,2,78.38065002174525,江戸川
葛飾区|青戸7丁目,297433.77862119355,2,52.252298271766534,江戸川
葛飾区|青戸7丁目,297433.77862119355,2,78.38180448082684,江戸川
葛飾区|青戸7丁目,297433.77862119355,2,26.129674895038125,江戸川
葛飾区|青戸7丁目,297433.77862119355,2,52.25882423214399,江戸川
葛飾区|青戸7丁目,297433.77862119355,2,26.122563771512958,江戸川
葛飾区|青戸7丁目,297433.77862119355,2,1045.0818650276626,江戸川
葛飾区|青戸7丁目,297433.77862119355,2,836.0316858570516,江戸川
葛飾区|青戸7丁目,297433.77862119355,2,313.53470039312225,江戸川
葛飾区|青戸7丁目,297433.77862119355,2,3.868587513909749,江戸川
葛飾区|青戸8丁目,222266.61596576925,1,26.128699305562304,江戸川
葛飾区|青戸8丁目,222266.61596576925,1,130.63100074354523,江戸川
葛飾区|青戸8丁目,222266.61596576925,1,26.128699364472887,江戸川
葛飾区|青戸8丁目,222266.61596576925,1,1712.7173394202675,江戸川
葛飾区|青戸8丁目,222266.61596576925,1,365.73890929729885,江戸川
葛飾区|青戸8丁目,222266.61596576925,1,209.0003497899793,江戸川
葛飾区|青戸8丁目,222266.61596576925,1,26.128202081449317,江戸川
葛飾区|青戸8丁目,222266.61596576925,1,104.48788261663245,江戸川
葛飾区|青戸8丁目,222266.61596576925,1,130.62855092958603,江戸川
葛飾区|青戸8丁目,222266.61596576925,1,78.38451552414199,江戸川
葛飾区|青戸8丁目,222266.61596576925,1,52.24404599431754,江戸川
葛飾区|青戸8丁目,222266.61596576925,1,1175.6815581919786,江戸川
葛飾区|青戸8丁目,222266.61596576925,2,192781.24537140632,江戸川
葛飾区|奥戸9丁目,176923.8977826314,1,26.12833818377354,江戸川
葛飾区|奥戸9丁目,176923.8977826314,1,26.13442779980206,江戸川
葛飾区|奥戸9丁目,176923.8977826314,1,232.25314918606557,江戸川
葛飾区|奥戸9丁目,176923.8977826314,1,26.134427856701556,江戸川
葛飾区|奥戸9丁目,176923.8977826314,1,52.26275867380528,江戸川
葛飾区|奥戸9丁目,176923.8977826314,1,104.5261027031865,江戸川
葛飾区|奥戸9丁目,176923.8977826314,1,26.134669871425196,江戸川
葛飾区|奥戸9丁目,176923.8977826314,1,26.128451792560128,江戸川
葛飾区|奥戸9丁目,176923.8977826314,1,26.128532464838088,江戸川
葛飾区|奥戸9丁目,176923.8977826314,1,26.134831177738757,江戸川
葛飾区|奥戸9丁目,176923.8977826314,1,78.39834260523497,江戸川
葛飾区|奥戸9丁目,176923.8977826314,1,78.39834275311259,江戸川
葛飾区|奥戸9丁目,176923.8977826314,1,26.128693769125064,江戸川
葛飾区|奥戸9丁目,176923.8977826314,1,52.26375344142101,江戸川
葛飾区|奥戸9丁目,176923.8977826314,1,26.129023769832155,江戸川
葛飾区|奥戸9丁目,176923.8977826314,1,26.13511353256149,江戸川
葛飾区|奥戸9丁目,176923.8977826314,1,26.135322647198077,江戸川
葛飾区|奥戸9丁目,176923.8977826314,1,26.135261460215382,江戸川
葛飾区|奥戸9丁目,176923.8977826314,1,52.264500408039346,江戸川
葛飾区|奥戸9丁目,176923.8977826314,1,26.135301812077536,江戸川
葛飾区|奥戸9丁目,176923.8977826314,1,78.3997141892953,江戸川
葛飾区|奥戸9丁目,176923.8977826314,1,26.13551690186553,江戸川
葛飾区|奥戸9丁目,176923.8977826314,1,26.13518990015632,江戸川
葛飾区|奥戸9丁目,176923.8977826314,1,52.27155219466645,江戸川
葛飾区|奥戸9丁目,176923.8977826314,1,26.135785844578557,江戸川
葛飾区|奥戸9丁目,176923.8977826314,1,26.13583958647053,江戸川
葛飾区|奥戸9丁目,176923.8977826314,1,26.136129423831534,江戸川
葛飾区|奥戸9丁目,176923.8977826314,1,26.129701932145398,江戸川
葛飾区|奥戸9丁目,176923.8977826314,1,52.272082634738744,江戸川
葛飾区|奥戸9丁目,176923.8977826314,1,26.13610849229216,江戸川
葛飾区|奥戸9丁目,176923.8977826314,1,78.4019325375798,江戸川
葛飾区|奥戸9丁目,176923.8977826314,1,26.13610859538293,江戸川
葛飾区|奥戸9丁目,176923.8977826314,1,78.40848746047898,江戸川
葛飾区|奥戸9丁目,176923.8977826314,1,26.136149099632632,江戸川
葛飾区|奥戸9丁目,176923.8977826314,1,26.136600036121038,江戸川
葛飾区|奥戸9丁目,176923.8977826314,1,26.136444733691572,江戸川
葛飾区|奥戸9丁目,176923.8977826314,1,26.13570622750995,江戸川
葛飾区|奥戸9丁目,176923.8977826314,1,52.265416549549784,江戸川
葛飾区|奥戸9丁目,176923.8977826314,2,44837.70839974079,江戸川
葛飾区|奥戸9丁目,176923.8977826314,2,4229.19776240717,江戸川
葛飾区|奥戸9丁目,176923.8977826314,2,52.26884214117785,江戸川
葛飾区|奥戸9丁目,176923.8977826314,2,104.53252964907966,江戸川
葛飾区|奥戸9丁目,176923.8977826314,2,156.7951676246697,江戸川
葛飾区|奥戸9丁目,176923.8977826314,2,52.26946800750339,江戸川
葛飾区|奥戸9丁目,176923.8977826314,2,26.134784821267015,江戸川
葛飾区|奥戸9丁目,176923.8977826314,2,235.1869295126977,江戸川
葛飾区|奥戸9丁目,176923.8977826314,2,209.05928981118433,江戸川
葛飾区|奥戸9丁目,176923.8977826314,2,209.0641228481137,江戸川
葛飾区|奥戸9丁目,176923.8977826314,2,26.13471019710524,江戸川
葛飾区|奥戸9丁目,176923.8977826314,2,78.39814842955049,江戸川
葛飾区|奥戸9丁目,176923.8977826314,2,2456.4613263320853,江戸川
葛飾区|奥戸9丁目,176923.8977826314,2,52.26925472405065,江戸川
葛飾区|奥戸9丁目,176923.8977826314,2,156.79733919596268,江戸川
葛飾区|奥戸9丁目,176923.8977826314,2,52.26355926125103,江戸川
葛飾区|奥戸9丁目,176923.8977826314,2,52.269361008822095,江戸川
葛飾区|奥戸9丁目,176923.8977826314,2,78.39823528435598,江戸川
葛飾区|奥戸9丁目,176923.8977826314,2,104.53365940957963,江戸川
葛飾区|奥戸9丁目,176923.8977826314,2,104.53204743627157,江戸川
葛飾区|奥戸9丁目,176923.8977826314,2,26.134744808213114,江戸川
葛飾区|奥戸9丁目,176923.8977826314,2,104.52690996550604,江戸川
葛飾区|奥戸9丁目,176923.8977826314,2,104.53391478797934,江戸川
葛飾区|奥戸9丁目,176923.8977826314,2,130.66922966465302,江戸川
葛飾区|奥戸9丁目,176923.8977826314,2,235.19711494040865,江戸川
葛飾区|奥戸9丁目,176923.8977826314,2,2508.7559931575915,江戸川
葛飾区|奥戸9丁目,176923.8977826314,2,52.270132998159546,江戸川
葛飾区|奥戸9丁目,176923.8977826314,2,182.9276523573515,江戸川
葛飾区|奥戸9丁目,176923.8977826314,2,26.128814773444752,江戸川
葛飾区|奥戸9丁目,176923.8977826314,2,26.135309215616893,江戸川
葛飾区|奥戸9丁目,176923.8977826314,2,52.26284032070358,江戸川
葛飾区|奥戸9丁目,176923.8977826314,2,26.1349196562561,江戸川
葛飾区|奥戸9丁目,176923.8977826314,2,78.39939879801732,江戸川
葛飾区|奥戸9丁目,176923.8977826314,2,26.134576257994805,江戸川
葛飾区|奥戸9丁目,176923.8977826314,2,156.7954933700475,江戸川
葛飾区|奥戸9丁目,176923.8977826314,2,1228.2522628360537,江戸川
葛飾区|奥戸9丁目,176923.8977826314,2,52.27081256426985,江戸川
葛飾区|奥戸9丁目,176923.8977826314,2,391.9998254546843,江戸川
葛飾区|奥戸9丁目,176923.8977826314,2,130.67119268539938,江戸川
葛飾区|奥戸9丁目,176923.8977826314,2,496.5421575698197,江戸川
葛飾区|奥戸9丁目,176923.8977826314,2,52.27093977860241,江戸川
葛飾区|奥戸9丁目,176923.8977826314,2,156.79461833192454,江戸川
葛飾区|奥戸9丁目,176923.8977826314,2,26.12921804232076,江戸川
葛飾区|奥戸9丁目,176923.8977826314,2,52.27143866644102,江戸川
葛飾区|奥戸9丁目,176923.8977826314,2,52.26506498451014,江戸川
葛飾区|奥戸9丁目,176923.8977826314,2,104.53669786136555,江戸川
葛飾区|奥戸9丁目,176923.8977826314,2,26.135705098732412,江戸川
葛飾区|奥戸9丁目,176923.8977826314,2,1045.3368128839484,江戸川
葛飾区|奥戸9丁目,176923.8977826314,2,209.06706869958128,江戸川
葛飾区|奥戸9丁目,176923.8977826314,2,78.40092420696614,江戸川
葛飾区|奥戸9丁目,176923.8977826314,2,130.67279138987834,江戸川
葛飾区|奥戸9丁目,176923.8977826314,2,130.66638685956906,江戸川
葛飾区|奥戸9丁目,176923.8977826314,2,52.26546838603744,江戸川
葛飾区|奥戸9丁目,176923.8977826314,2,78.40133486999856,江戸川
葛飾区|奥戸9丁目,176923.8977826314,2,26.13583962721198,江戸川
葛飾区|奥戸9丁目,176923.8977826314,2,260.95104268131143,江戸川
葛飾区|奥戸9丁目,176923.8977826314,2,130.67337734525586,江戸川
葛飾区|奥戸9丁目,176923.8977826314,2,104.53195217809336,江戸川
葛飾区|奥戸9丁目,176923.8977826314,2,78.40152925912433,江戸川
葛飾区|奥戸9丁目,176923.8977826314,2,130.66807280906735,江戸川
葛飾区|奥戸9丁目,176923.8977826314,2,78.40302150311409,江戸川
葛飾区|奥戸9丁目,176923.8977826314,2,182.92987249230907,江戸川
葛飾区|奥戸9丁目,176923.8977826314,2,209.06719707541583,江戸川
葛飾区|奥戸9丁目,176923.8977826314,2,26.135639151527513,江戸川
葛飾区|奥戸9丁目,176923.8977826314,3,26.134629418142815,江戸川
葛飾区|奥戸9丁目,176923.8977826314,3,2351.9088032981795,江戸川
葛飾区|奥戸9丁目,176923.8977826314,3,156.79492585074237,江戸川
葛飾区|奥戸9丁目,176923.8977826314,3,313.5967481607868,江戸川
葛飾区|奥戸9丁目,176923.8977826314,3,26.128701071051243,江戸川
葛飾区|奥戸9丁目,176923.8977826314,3,22293.466906012676,江戸川
葛飾区|奥戸9丁目,176923.8977826314,3,78.3967712610682,江戸川
葛飾区|奥戸9丁目,176923.8977826314,3,52.26415699388142,江戸川
葛飾区|奥戸9丁目,176923.8977826314,3,130.66368318045198,江戸川
葛飾区|奥戸9丁目,176923.8977826314,3,5331.231693645375,江戸川
葛飾区|奥戸9丁目,176923.8977826314,3,78.40591334666644,江戸川
葛飾区|奥戸9丁目,176923.8977826314,3,836.2715123519478,江戸川
葛飾区|奥戸9丁目,176923.8977826314,3,26.135470768413843,江戸川
葛飾区|奥戸9丁目,176923.8977826314,3,26.12897630640875,江戸川
葛飾区|奥戸9丁目,176923.8977826314,3,6301.563271049337,江戸川
葛飾区|奥戸9丁目,176923.8977826314,3,182.93943756277963,江戸川
葛飾区|奥戸9丁目,176923.8977826314,3,565.4934869829581,江戸川
葛飾区|奥戸9丁目,176923.8977826314,3,104.54226177131513,江戸川
葛飾区|奥戸9丁目,176923.8977826314,3,26.13602829355967,江戸川
葛飾区|奥戸9丁目,176923.8977826314,3,1176.0183213935588,江戸川
葛飾区|奥戸9丁目,176923.8977826314,3,26.135477674563397,江戸川
葛飾区|奥戸9丁目,176923.8977826314,3,235.2102555661652,江戸川
葛飾区|奥戸9丁目,176923.8977826314,3,52.27205108994777,江戸川
葛飾区|奥戸9丁目,176923.8977826314,3,26.129702634417853,江戸川
葛飾区|奥戸9丁目,176923.8977826314,3,1960.0186037763197,江戸川
葛飾区|奥戸9丁目,176923.8977826314,3,139.98755458245418,江戸川
葛飾区|奥戸9丁目,176923.8977826314,3,26.13520481078931,江戸川
葛飾区|奥戸9丁目,176923.8977826314,3,8.263131182032676,江戸川
葛飾区|奥戸9丁目,176923.8977826314,4,26.13414131748787,江戸川
葛飾区|奥戸9丁目,176923.8977826314,4,1202.0836024968307,江戸川
葛飾区|お花茶屋1丁目,115978.12439609713,2,115978.12439609712,江戸川
葛飾区|お花茶屋2丁目,91559.37039717904,2,91559.37039717905,江戸川
葛飾区|お花茶屋3丁目,139370.78521028,2,139370.78521028,江戸川
葛飾区|金町1丁目,136556.62596839323,2,93617.49810111654,江戸川
葛飾区|金町1丁目,136556.62596839323,2,2.780107565843693,江戸川
葛飾区|金町1丁目,136556.62596839323,2,470.2412342411088,江戸川
葛飾区|金町1丁目,136556.62596839323,2,26.127089170938895,江戸川
葛飾区|金町1丁目,136556.62596839323,2,2272.906379702604,江戸川
葛飾区|金町1丁目,136556.62596839323,2,52.254662808520784,江戸川
葛飾区|金町1丁目,136556.62596839323,2,365.75195443658174,江戸川
葛飾区|金町1丁目,136556.62596839323,2,26.12099440710731,江戸川
葛飾区|金町1丁目,136556.62596839323,2,104.50083904186523,江戸川
葛飾区|金町1丁目,136556.62596839323,2,78.38145643186546,江戸川
葛飾区|金町1丁目,136556.62596839323,2,156.74731405512986,江戸川
葛飾区|金町1丁目,136556.62596839323,2,26.126841887477266,江戸川
葛飾区|金町1丁目,136556.62596839323,2,78.37355730331016,江戸川
葛飾区|金町1丁目,136556.62596839323,2,52.253844573153266,江戸川
葛飾区|金町1丁目,136556.62596839323,2,444.122530420463,江戸川
葛飾区|金町1丁目,136556.62596839323,3,31435.259364644127,江戸川
葛飾区|金町1丁目,136556.62596839323,3,26.120832621477007,江戸川
葛飾区|金町1丁目,136556.62596839323,3,26.127298218638867,江戸川
葛飾区|金町1丁目,136556.62596839323,3,104.50837785704792,江戸川
葛飾区|金町1丁目,136556.62596839323,3,52.248339929541224,江戸川
葛飾区|金町1丁目,136556.62596839323,3,26.127129607367166,江戸川
葛飾区|金町1丁目,136556.62596839323,3,26.120961069051617,江戸川
葛飾区|金町1丁目,136556.62596839323,3,26.12715651680329,江戸川
葛飾区|金町1丁目,136556.62596839323,3,26.120873084087414,江戸川
葛飾区|金町1丁目,136556.62596839323,3,78.3752803090881,江戸川
葛飾区|金町1丁目,136556.62596839323,3,26.121082086845615,江戸川
葛飾区|金町1丁目,136556.62596839323,3,26.127210365406754,江戸川
葛飾区|金町1丁目,136556.62596839323,3,78.38220308366294,江戸川
葛飾区|金町1丁目,136556.62596839323,3,653.1215436157927,江戸川
葛飾区|金町1丁目,136556.62596839323,3,7.363121422381842,江戸川
葛飾区|金町1丁目,136556.62596839323,3,52.254441680865426,江戸川
葛飾区|金町1丁目,136556.62596839323,3,12.931359801754072,江戸川
葛飾区|金町1丁目,136556.62596839323,3,26.120832914839333,江戸川
葛飾区|金町1丁目,136556.62596839323,3,52.25408497303286,江戸川
葛飾区|金町1丁目,136556.62596839323,3,104.49441273866918,江戸川
葛飾区|金町1丁目,136556.62596839323,3,52.2546306355288,江戸川
葛飾区|金町1丁目,136556.62596839323,3,26.12719740876848,江戸川
葛飾区|金町1丁目,136556.62596839323,3,104.50282287328461,江戸川
葛飾区|金町1丁目,136556.62596839323,3,130.6235757099222,江戸川
葛飾区|金町1丁目,136556.62596839323,3,705.371554109023,江戸川
葛飾区|金町1丁目,136556.62596839323,3,52.24749040448466,江戸川
葛飾区|金町1丁目,136556.62596839323,3,78.37423709265033,江戸川
葛飾区|金町1丁目,136556.62596839323,3,78.37470598180494,江戸川
葛飾区|金町1丁目,136556.62596839323,3,78.3691634630281,江戸川
葛飾区|金町1丁目,136556.62596839323,3,52.25450298828976,江戸川
葛飾区|金町1丁目,136556.62596839323,3,444.13256846390294,江戸川
葛飾区|金町1丁目,136556.62596839323,3,26.126807936896178,江戸川
葛飾区|金町1丁目,136556.62596839323,3,2272.86952202505,江戸川
葛飾区|金町1丁目,136556.62596839323,3,52.24752082866199,江戸川
葛飾区|金町1丁目,136556.62596839323,3,162.74785635085752,江戸川
葛飾区|金町1丁目,136556.62596839323,3,52.253511653047646,江戸川
葛飾区|金町1丁目,136556.62596839323,3,261.259395697893,江戸川
葛飾区|金町1丁目,136556.62596839323,3,595.2379877120442,江戸川
葛飾区|金町1丁目,136556.62596839323,3,52.24741657472757,江戸川
葛飾区|金町1丁目,136556.62596839323,3,78.37544481298923,江戸川
葛飾区|金町1丁目,136556.62596839323,3,52.247939124737435,江戸川
葛飾区|金町1丁目,136556.62596839323,3,487.05169545310747,江戸川
葛飾区|金町1丁目,136556.62596839323,3,20.83560738953117,江戸川
葛飾区|金町2丁目,180028.54950598296,2,103989.67074046642,江戸川
葛飾区|金町2丁目,180028.54950598296,2,26.120148896927866,江戸川
葛飾区|金町2丁目,180028.54950598296,2,26.11990700900308,江戸川
葛飾区|金町2丁目,180028.54950598296,2,26.119907054978825,江戸川
葛飾区|金町2丁目,180028.54950598296,2,653.1067388194488,江戸川
葛飾区|金町2丁目,180028.54950598296,2,104.48585494947739,江戸川
葛飾区|金町2丁目,180028.54950598296,2,156.75690803956832,江戸川
葛飾区|金町2丁目,180028.54950598296,2,52.24010401333784,江戸川
葛飾区|金町2丁目,180028.54950598296,2,52.25305437999903,江戸川
葛飾区|金町2丁目,180028.54950598296,2,287.3601761743559,江戸川
葛飾区|金町2丁目,180028.54950598296,2,313.50305551707373,江戸川
葛飾区|金町2丁目,180028.54950598296,2,26.11990736616341,江戸川
葛飾区|金町2丁目,180028.54950598296,2,574.7344198501726,江戸川
葛飾区|金町2丁目,180028.54950598296,2,835.9582761658711,江戸川
葛飾区|金町2丁目,180028.54950598296,2,287.36282728365353,江戸川
葛飾区|金町2丁目,180028.54950598296,2,26.125881478380222,江戸川
葛飾区|金町2丁目,180028.54950598296,2,52.23995258353995,江戸川
葛飾区|金町2丁目,180028.54950598296,2,208.99885683637567,江戸川
葛飾区|金町2丁目,180028.54950598296,2,26.126150526103206,江戸川
葛飾区|金町2丁目,180028.54950598296,2,182.87775810648137,江戸川
葛飾区|金町2丁目,180028.54950598296,2,104.49159954844828,江戸川
葛飾区|金町2丁目,180028.54950598296,2,862.078376536719,江戸川
葛飾区|金町2丁目,180028.54950598296,2,26.126271610445784,江戸川
葛飾区|金町2丁目,180028.54950598296,2,261.24237191075116,江戸川
葛飾区|金町2丁目,180028.54950598296,2,26.120028713797296,江戸川
葛飾区|金町2丁目,180028.54950598296,2,104.50711799831896,江戸川
葛飾区|金町2丁目,180028.54950598296,2,208.9914060620921,江戸川
葛飾区|金町2丁目,180028.54950598296,2,78.3739165305239,江戸川
葛飾区|金町2丁目,180028.54950598296,2,417.9963702580017,江戸川
葛飾区|金町2丁目,180028.54950598296,2,114.8060528309532,江戸川
葛飾区|金町2丁目,180028.54950598296,2,130.62511755553714,江戸川
葛飾区|金町2丁目,180028.54950598296,2,78.36670608310195,江戸川
葛飾区|金町2丁目,180028.54950598296,2,42.79690641074412,江戸川
葛飾区|金町2丁目,180028.54950598296,2,32.64292688931187,江戸川
葛飾区|金町2丁目,180028.54950598296,2,6.125165880498909,江戸川
葛飾区|金町2丁目,180028.54950598296,2,2.011273224725576,江戸川
葛飾区|金町2丁目,180028.54950598296,2,156.7413636557994,江戸川
葛飾区|金町2丁目,180028.54950598296,2,52.25405749310495,江戸川
葛飾区|金町2丁目,180028.54950598296,2,313.49111642133425,江戸川
葛飾区|金町2丁目,180028.54950598296,3,98.49105267925839,江戸川
葛飾区|金町2丁目,180028.54950598296,3,423.62738529822633,江戸川
葛飾区|金町2丁目,180028.54950598296,3,66181.87383391666,江戸川
葛飾区|金町2丁目,180028.54950598296,3,322.8076272616315,江戸川
葛飾区|金町2丁目,180028.54950598296,3,26.12640499510394,江戸川
葛飾区|金町2丁目,180028.54950598296,3,26.126351244282368,江戸川
葛飾区|金町2丁目,180028.54950598296,3,5.285105702358311,江戸川
葛飾区|金町2丁目,180028.54950598296,3,26.126163118880257,江戸川
葛飾区|金町2丁目,180028.54950598296,3,52.252635912953856,江戸川
葛飾区|金町2丁目,180028.54950598296,3,26.126560579116227,江戸川
葛飾区|金町2丁目,180028.54950598296,3,26.126656583000837,江戸川
葛飾区|金町2丁目,180028.54950598296,3,574.750002918811,江戸川
葛飾区|金町2丁目,180028.54950598296,3,104.49321172980402,江戸川
葛飾区|金町2丁目,180028.54950598296,3,52.253652452052044,江戸川
葛飾区|金町2丁目,180028.54950598296,3,130.62772926396465,江戸川
葛飾区|金町2丁目,180028.54950598296,3,26.12640583248179,江戸川
葛飾区|金町2丁目,180028.54950598296,3,104.49952863215049,江戸川
葛飾区|金町2丁目,180028.54950598296,3,705.3556059223765,江戸川
葛飾区|金町2丁目,180028.54950598296,3,52.24663628114978,江戸川
葛飾区|金町2丁目,180028.54950598296,3,26.126634578926318,江戸川
葛飾区|金町2丁目,180028.54950598296,3,26.11987479280305,江戸川
葛飾区|金町2丁目,180028.54950598296,3,26.12643297109162,江戸川
葛飾区|金町2丁目,180028.54950598296,3,52.25176362059322,江戸川
葛飾区|金町2丁目,180028.54950598296,3,0.5539709506670418,江戸川
葛飾区|金町2丁目,180028.54950598296,3,3.9795076130577254,江戸川
葛飾区|金町3丁目,310334.46228221094,1,156.7427038858758,江戸川
葛飾区|金町3丁目,310334.46228221094,1,104.49784946274164,江戸川
葛飾区|金町3丁目,310334.46228221094,1,52.25191789726671,江戸川
葛飾区|金町3丁目,310334.46228221094,1,26.12620157890509,江戸川
葛飾区|金町3丁目,310334.46228221094,1,50.09369987261677,江戸川
葛飾区|金町3丁目,310334.46228221094,1,104.48676819958312,江戸川
葛飾区|金町3丁目,310334.46228221094,1,26.118788388802678,江戸川
葛飾区|金町3丁目,310334.46228221094,1,26.124549042104974,江戸川
葛飾区|金町3丁目,310334.46228221094,1,78.36941523537442,江戸川
葛飾区|金町3丁目,310334.46228221094,1,104.488989117611,江戸川
葛飾区|金町3丁目,310334.46228221094,1,78.37037620962839,江戸川
葛飾区|金町3丁目,310334.46228221094,1,26.119346228241245,江戸川
葛飾区|金町3丁目,310334.46228221094,2,29899.04599428441,江戸川
葛飾区|金町3丁目,310334.46228221094,2,41.93742545105796,江戸川
葛飾区|金町3丁目,310334.46228221094,2,9.455260932785766,江戸川
葛飾区|金町3丁目,310334.46228221094,2,19.60930774379517,江戸川
葛飾区|金町3丁目,310334.46228221094,2,19.99470187339869,江戸川
葛飾区|金町3丁目,310334.46228221094,2,24.114891192163718,江戸川
葛飾区|金町3丁目,310334.46228221094,2,757.5958205993566,江戸川
葛飾区|金町3丁目,310334.46228221094,2,313.4911812761177,江戸川
葛飾区|金町3丁目,310334.46228221094,2,391.8618721411887,江戸川
葛飾区|金町3丁目,310334.46228221094,2,78.36513426717976,江戸川
葛飾区|金町3丁目,310334.46228221094,2,182.86825642238176,江戸川
葛飾区|金町3丁目,310334.46228221094,2,391.86824710892915,江戸川
葛飾区|金町3丁目,310334.46228221094,2,182.86563517455053,江戸川
葛飾区|金町3丁目,310334.46228221094,2,26.12640665768847,江戸川
葛飾区|金町3丁目,310334.46228221094,2,26.126043715787247,江戸川
葛飾区|金町3丁目,310334.46228221094,2,26.126433581257416,江戸川
葛飾区|金町3丁目,310334.46228221094,2,52.245697071310666,江戸川
葛飾区|金町3丁目,310334.46228221094,2,78.37196217659742,江戸川
葛飾区|金町3丁目,310334.46228221094,2,26.12608433201037,江戸川
葛飾区|金町3丁目,310334.46228221094,2,78.37101543459308,江戸川
葛飾区|金町3丁目,310334.46228221094,2,52.24611540115386,江戸川
葛飾区|金町3丁目,310334.46228221094,2,600.859614063072,江戸川
葛飾区|金町3丁目,310334.46228221094,2,182.87034400669185,江戸川
葛飾区|金町3丁目,310334.46228221094,2,26.125600069163525,江戸川
葛飾区|金町3丁目,310334.46228221094,2,339.6076518202722,江戸川
葛飾区|金町3丁目,310334.46228221094,2,26.12560766975911,江戸川
葛飾区|金町3丁目,310334.46228221094,2,26.125627280733802,江戸川
葛飾区|金町3丁目,310334.46228221094,2,104.50083775823126,江戸川
葛飾区|金町3丁目,310334.46228221094,2,47.27424116126085,江戸川
葛飾区|金町3丁目,310334.46228221094,2,417.98170545116835,江戸川
葛飾区|金町3丁目,310334.46228221094,2,1071.0958671881226,江戸川
葛飾区|金町3丁目,310334.46228221094,2,26.12007886372561,江戸川
葛飾区|金町3丁目,310334.46228221094,2,1306.1709606029162,江戸川
葛飾区|金町3丁目,310334.46228221094,2,156.73553071479122,江戸川
葛飾区|金町3丁目,310334.46228221094,2,313.4912643106709,江戸川
葛飾区|金町3丁目,310334.46228221094,2,760.0950291881114,江戸川
葛飾区|金町3丁目,310334.46228221094,2,470.2246307018063,江戸川
葛飾区|金町3丁目,310334.46228221094,2,261.2249275287565,江戸川
葛飾区|金町3丁目,310334.46228221094,2,52.23721608015484,江戸川
葛飾区|金町3丁目,310334.46228221094,2,2011.4834631382678,江戸川
葛飾区|金町3丁目,310334.46228221094,3,189254.951791852,江戸川
葛飾区|金町3丁目,310334.46228221094,3,78.37129535290237,江戸川
葛飾区|金町3丁目,310334.46228221094,3,51.69806913554313,江戸川
葛飾区|金町3丁目,310334.46228221094,3,126.64406272250919,江戸川
葛飾区|金町3丁目,310334.46228221094,3,52.23925159500182,江戸川
葛飾区|金町3丁目,310334.46228221094,3,78.37089266744259,江戸川
葛飾区|金町3丁目,310334.46228221094,3,182.86064453613946,江戸川
葛飾区|金町3丁目,310334.46228221094,3,0.10153734114864081,江戸川
葛飾区|金町3丁目,310334.46228221094,3,10.463575743251344,江戸川
葛飾区|金町3丁目,310334.46228221094,3,26.11869978941673,江戸川
葛飾区|金町3丁目,310334.46228221094,3,26.11922467736417,江戸川
葛飾区|金町3丁目,310334.46228221094,3,417.9828269835329,江戸川
葛飾区|金町3丁目,310334.46228221094,3,26.119144368023527,江戸川
葛飾区|金町3丁目,310334.46228221094,4,391.86120969746565,江戸川
葛飾区|金町3丁目,310334.46228221094,4,26.125790115217146,江戸川
葛飾区|金町3丁目,310334.46228221094,4,7575.771709113345,江戸川
葛飾区|金町3丁目,310334.46228221094,4,78.37073719590957,江戸川
葛飾区|金町3丁目,310334.46228221094,4,26.11942619223751,江戸川
葛飾区|金町3丁目,310334.46228221094,4,26.125628787088406,江戸川
葛飾区|金町3丁目,310334.46228221094,4,52.250417391213496,江戸川
葛飾区|金町4丁目,161674.4743739479,1,46.09418249124778,江戸川
葛飾区|金町4丁目,161674.4743739479,1,52.250488359973,江戸川
葛飾区|金町4丁目,161674.4743739479,1,2709.526967907964,江戸川
葛飾区|金町4丁目,161674.4743739479,1,102.51165779293508,江戸川
葛飾区|金町4丁目,161674.4743739479,1,18.039409995468805,江戸川
葛飾区|金町4丁目,161674.4743739479,2,4649.551494302066,江戸川
葛飾区|金町4丁目,161674.4743739479,2,235.1158860553842,江戸川
葛飾区|金町4丁目,161674.4743739479,2,235.12188627391063,江戸川
葛飾区|金町4丁目,161674.4743739479,2,653.1258975863053,江戸川
葛飾区|金町4丁目,161674.4743739479,2,470.233619617104,江戸川
葛飾区|金町4丁目,161674.4743739479,2,29.979047958874197,江戸川
葛飾区|金町4丁目,161674.4743739479,2,1044.9610793813945,江戸川
葛飾区|金町4丁目,161674.4743739479,2,104.5033635501522,江戸川
葛飾区|金町4丁目,161674.4743739479,2,1280.0394344003664,江戸川
葛飾区|金町4丁目,161674.4743739479,2,26.12587950447347,江戸川
葛飾区|金町4丁目,161674.4743739479,2,78.37128845340213,江戸川
葛飾区|金町4丁目,161674.4743739479,2,2014.9092129776564,江戸川
葛飾区|金町4丁目,161674.4743739479,2,757.5966043954721,江戸川
葛飾区|金町4丁目,161674.4743739479,2,130.62978260275935,江戸川
葛飾区|金町4丁目,161674.4743739479,2,130.6247290643795,江戸川
葛飾区|金町4丁目,161674.4743739479,2,760.2867090624392,江戸川
葛飾区|金町4丁目,161674.4743739479,2,1093.4389649200739,江戸川
葛飾区|金町4丁目,161674.4743739479,2,130.59386647445655,江戸川
葛飾区|金町4丁目,161674.4743739479,2,156.75088784044348,江戸川
葛飾区|金町4丁目,161674.4743739479,2,182.87611694202008,江戸川
葛飾区|金町4丁目,161674.4743739479,2,30.068137971572792,江戸川
葛飾区|金町4丁目,161674.4743739479,2,26.12514026101219,江戸川
葛飾区|金町4丁目,161674.4743739479,3,142762.4350267211,江戸川
葛飾区|金町4丁目,161674.4743739479,3,13.186211643315024,江戸川
葛飾区|金町4丁目,161674.4743739479,3,26.123863763324216,江戸川
葛飾区|金町4丁目,161674.4743739479,3,136.50780812810467,江戸川
葛飾区|金町4丁目,161674.4743739479,3,26.118623815664943,江戸川
葛飾区|金町4丁目,161674.4743739479,3,25.032141878919496,江戸川
葛飾区|金町4丁目,161674.4743739479,4,57.278644549732796,江戸川
葛飾区|金町4丁目,161674.4743739479,4,111.04948848368149,江戸川
葛飾区|金町5丁目,162802.552090283,1,22.068854611476645,江戸川
葛飾区|金町5丁目,162802.552090283,1,26.125282956859696,江戸川
葛飾区|金町5丁目,162802.552090283,1,2.623019426509593,江戸川
葛飾区|金町5丁目,162802.552090283,1,42.26000760734836,江戸川
葛飾区|金町5丁目,162802.552090283,2,129978.15324350927,江戸川
葛飾区|金町5丁目,162802.552090283,2,22.737159331437468,江戸川
葛飾区|金町5丁目,162802.552090283,2,89.0276173782341,江戸川
葛飾区|金町5丁目,162802.552090283,2,705.3216461820032,江戸川
葛飾区|金町5丁目,162802.552090283,2,52.2378433737419,江戸川
葛飾区|金町5丁目,162802.552090283,2,26.118938365655076,江戸川
葛飾区|金町5丁目,162802.552090283,2,5.896485373635071,江戸川
葛飾区|金町5丁目,162802.552090283,2,26.11922079688953,江戸川
葛飾区|金町5丁目,162802.552090283,3,22580.660077410404,江戸川
葛飾区|金町5丁目,162802.552090283,3,104.48491230099935,江戸川
葛飾区|金町5丁目,162802.552090283,3,26.125947259130314,江戸川
葛飾区|金町5丁目,162802.552090283,3,52.25099344452842,江戸川
葛飾区|金町5丁目,162802.552090283,3,0.6118794887655589,江戸川
葛飾区|金町5丁目,162802.552090283,3,5642.6914764931125,江戸川
葛飾区|金町5丁目,162802.552090283,3,52.238682796619244,江戸川
葛飾区|金町5丁目,162802.552090283,3,52.244401742915805,江戸川
葛飾区|金町5丁目,162802.552090283,3,130.62174879597956,江戸川
葛飾区|金町5丁目,162802.552090283,3,391.85017142047934,江戸川
葛飾区|金町5丁目,162802.552090283,3,52.25129776005944,江戸川
葛飾区|金町5丁目,162802.552090283,3,52.24440247352804,江戸川
葛飾区|金町5丁目,162802.552090283,3,26.125557857800914,江戸川
葛飾区|金町5丁目,162802.552090283,3,208.9906688401242,江戸川
葛飾区|金町5丁目,162802.552090283,3,208.99257055710027,江戸川
葛飾区|金町5丁目,162802.552090283,3,104.48954582654123,江戸川
葛飾区|金町5丁目,162802.552090283,3,417.96868362776706,江戸川
葛飾区|金町5丁目,162802.552090283,3,52.25100229014795,江戸川
葛飾区|金町5丁目,162802.552090283,3,52.25108296945493,江戸川
葛飾区|金町5丁目,162802.552090283,3,104.48970754622053,江戸川
葛飾区|金町5丁目,162802.552090283,3,365.72944496559774,江戸川
葛飾区|金町5丁目,162802.552090283,3,26.125437057992862,江戸川
葛飾区|金町5丁目,162802.552090283,3,104.48922415640001,江戸川
葛飾区|金町5丁目,162802.552090283,3,52.250533958130084,江戸川
葛飾区|金町5丁目,162802.552090283,3,78.36963870278313,江戸川
葛飾区|金町5丁目,162802.552090283,3,52.244423971492324,江戸川
葛飾区|金町5丁目,162802.552090283,3,391.8531691491415,江戸川
葛飾区|金町5丁目,162802.552090283,3,130.6138749663102,江戸川
葛飾区|金町5丁目,162802.552090283,3,26.119302566304967,江戸川
葛飾区|金町6丁目,132320.94782472594,1,163.9940471009422,江戸川
葛飾区|金町6丁目,132320.94782472594,1,22.080481983091385,江戸川
葛飾区|金町6丁目,132320.94782472594,1,78.37542859131712,江戸川
葛飾区|金町6丁目,132320.94782472594,1,52.23723137996107,江戸川
葛飾区|金町6丁目,132320.94782472594,1,26.12487183218647,江戸川
葛飾区|金町6丁目,132320.94782472594,1,56.306574955932014,江戸川
葛飾区|金町6丁目,132320.94782472594,1,26.12485846603839,江戸川
葛飾区|金町6丁目,132320.94782472594,1,261.218979227436,江戸川
葛飾区|金町6丁目,132320.94782472594,1,154.12147327539483,江戸川
葛飾区|金町6丁目,132320.94782472594,1,9.983726188250682,江戸川
葛飾区|金町6丁目,132320.94782472594,1,26.12493994413964,江戸川
葛飾区|金町6丁目,132320.94782472594,1,3.9574272358506843,江戸川
葛飾区|金町6丁目,132320.94782472594,1,1.077017057228885,江戸川
葛飾区|金町6丁目,132320.94782472594,1,52.2499287982913,江戸川
葛飾区|金町6丁目,132320.94782472594,1,26.11857721259149,江戸川
葛飾区|金町6丁目,132320.94782472594,1,52.23704113514461,江戸川
葛飾区|金町6丁目,132320.94782472594,1,26.12483345814268,江戸川
葛飾区|金町6丁目,132320.94782472594,1,26.125043627296282,江戸川
葛飾区|金町6丁目,132320.94782472594,2,72752.64353053056,江戸川
葛飾区|金町6丁目,132320.94782472594,2,142.09220623367395,江戸川
葛飾区|金町6丁目,132320.94782472594,2,568.8122810647261,江戸川
葛飾区|金町6丁目,132320.94782472594,2,78.37551880336677,江戸川
葛飾区|金町6丁目,132320.94782472594,2,4.9693691914865985,江戸川
葛飾区|金町6丁目,132320.94782472594,2,26.12503619599704,江戸川
葛飾区|金町6丁目,132320.94782472594,3,299.14919076269734,江戸川
葛飾区|金町6丁目,132320.94782472594,3,4044.3130600034997,江戸川
葛飾区|金町6丁目,132320.94782472594,3,26.12539794946327,江戸川
葛飾区|金町6丁目,132320.94782472594,3,888.1840985148466,江戸川
葛飾区|金町6丁目,132320.94782472594,3,79.12657653082103,江戸川
葛飾区|金町6丁目,132320.94782472594,3,496.34302227911206,江戸川
葛飾区|金町6丁目,132320.94782472594,3,78.37500176095878,江戸川
葛飾区|金町6丁目,132320.94782472594,3,26.12487475209693,江戸川
葛飾区|金町6丁目,132320.94782472594,3,156.73124085333288,江戸川
葛飾区|金町6丁目,132320.94782472594,3,26.0172026268404,江戸川
葛飾区|金町6丁目,132320.94782472594,3,182.8621048191597,江戸川
葛飾区|金町6丁目,132320.94782472594,3,172.39154038619955,江戸川
葛飾区|金町6丁目,132320.94782472594,3,52.2434942322722,江戸川
葛飾区|金町6丁目,132320.94782472594,3,52.243359989500775,江戸川
葛飾区|金町浄水場,387533.88283298124,1,8098.607961651019,江戸川
葛飾区|金町浄水場,387533.88283298124,1,26.121247125788166,江戸川
葛飾区|金町浄水場,387533.88283298124,1,52.25502706786908,江戸川
葛飾区|金町浄水場,387533.88283298124,1,52.254589604867846,江戸川
葛飾区|金町浄水場,387533.88283298124,1,52.24876319856703,江戸川
葛飾区|金町浄水場,387533.88283298124,1,26.127281463408483,江戸川
葛飾区|金町浄水場,387533.88283298124,1,26.127214279549086,江戸川
葛飾区|金町浄水場,387533.88283298124,1,418.01894861194495,江戸川
葛飾区|金町浄水場,387533.88283298124,1,26.127617552571323,江戸川
葛飾区|金町浄水場,387533.88283298124,1,26.127866910545897,江戸川
葛飾区|金町浄水場,387533.88283298124,1,52.255686257688616,江戸川
葛飾区|金町浄水場,387533.88283298124,1,26.12780589766605,江戸川
葛飾区|金町浄水場,387533.88283298124,1,78.3730436924769,江戸川
葛飾区|金町浄水場,387533.88283298124,1,52.24677760702488,江戸川
葛飾区|金町浄水場,387533.88283298124,1,52.25289231048284,江戸川
葛飾区|金町浄水場,387533.88283298124,1,52.25601535098415,江戸川
葛飾区|金町浄水場,387533.88283298124,1,52.24829501776862,江戸川
葛飾区|金町浄水場,387533.88283298124,1,3422.3089695707927,江戸川
葛飾区|金町浄水場,387533.88283298124,1,26.126932888397384,江戸川
葛飾区|金町浄水場,387533.88283298124,1,783.735929085458,江戸川
葛飾区|金町浄水場,387533.88283298124,1,313.4855578574873,江戸川
葛飾区|金町浄水場,387533.88283298124,1,104.49547594118783,江戸川
葛飾区|金町浄水場,387533.88283298124,1,26.126933079513726,江戸川
葛飾区|金町浄水場,387533.88283298124,1,52.24763659234667,江戸川
葛飾区|金町浄水場,387533.88283298124,1,26.12652554780417,江戸川
葛飾区|金町浄水場,387533.88283298124,1,26.12697347128147,江戸川
葛飾区|金町浄水場,387533.88283298124,1,52.25455938515358,江戸川
葛飾区|金町浄水場,387533.88283298124,1,26.127336616825637,江戸川
葛飾区|金町浄水場,387533.88283298124,1,26.1272963240974,江戸川
葛飾区|金町浄水場,387533.88283298124,1,182.88644451467263,江戸川
葛飾区|金町浄水場,387533.88283298124,1,52.25375937665024,江戸川
葛飾区|金町浄水場,387533.88283298124,1,104.49661254311125,江戸川
葛飾区|金町浄水場,387533.88283298124,1,862.1527323795793,江戸川
葛飾区|金町浄水場,387533.88283298124,1,130.60460209857789,江戸川
葛飾区|金町浄水場,387533.88283298124,1,26.127444311329903,江戸川
葛飾区|金町浄水場,387533.88283298124,1,26.127532378818017,江戸川
葛飾区|金町浄水場,387533.88283298124,1,26.121080212510876,江戸川
葛飾区|金町浄水場,387533.88283298124,1,2.152345509936126,江戸川
葛飾区|金町浄水場,387533.88283298124,1,156.7583500236513,江戸川
葛飾区|金町浄水場,387533.88283298124,1,574.7316249340067,江戸川
葛飾区|金町浄水場,387533.88283298124,1,104.50367962197903,江戸川
葛飾区|金町浄水場,387533.88283298124,1,26.12124159722913,江戸川
葛飾区|金町浄水場,387533.88283298124,1,26.12606297039628,江戸川
葛飾区|金町浄水場,387533.88283298124,1,235.12841196755747,江戸川
葛飾区|金町浄水場,387533.88283298124,1,26.125921201251273,江戸川
葛飾区|金町浄水場,387533.88283298124,1,261.2499782154304,江戸川
葛飾区|金町浄水場,387533.88283298124,1,26.12728323958681,江戸川
葛飾区|金町浄水場,387533.88283298124,1,26.12596157706168,江戸川
葛飾区|金町浄水場,387533.88283298124,1,130.6309409196345,江戸川
葛飾区|金町浄水場,387533.88283298124,1,52.25482201469161,江戸川
葛飾区|金町浄水場,387533.88283298124,1,26.12653367668577,江戸川
葛飾区|金町浄水場,387533.88283298124,1,52.24753051470094,江戸川
葛飾区|金町浄水場,387533.88283298124,1,235.11573974777184,江戸川
葛飾区|金町浄水場,387533.88283298124,1,24.381468493178943,江戸川
葛飾区|金町浄水場,387533.88283298124,1,26.12609613616582,江戸川
葛飾区|金町浄水場,387533.88283298124,1,78.37622539799231,江戸川
葛飾区|金町浄水場,387533.88283298124,1,26.12752542728561,江戸川
葛飾区|金町浄水場,387533.88283298124,1,26.12071780999165,江戸川
葛飾区|金町浄水場,387533.88283298124,1,78.37523238634438,江戸川
葛飾区|金町浄水場,387533.88283298124,1,26.127095391111503,江戸川
葛飾区|金町浄水場,387533.88283298124,1,26.12754649177107,江戸川
葛飾区|金町浄水場,387533.88283298124,1,26.12737781851891,江戸川
葛飾区|金町浄水場,387533.88283298124,2,12159.35161568807,江戸川
葛飾区|金町浄水場,387533.88283298124,2,182.86730887602374,江戸川
葛飾区|金町浄水場,387533.88283298124,2,1828.7088778757927,江戸川
葛飾区|金町浄水場,387533.88283298124,2,27483.171557197526,江戸川
葛飾区|金町浄水場,387533.88283298124,2,1018.8510801459167,江戸川
葛飾区|金町浄水場,387533.88283298124,2,130.61454429754514,江戸川
葛飾区|金町浄水場,387533.88283298124,2,52.24794346957322,江戸川
葛飾区|金町浄水場,387533.88283298124,2,130.62215724996764,江戸川
葛飾区|金町浄水場,387533.88283298124,2,104.49505135757373,江戸川
葛飾区|金町浄水場,387533.88283298124,2,2194.516697345542,江戸川
葛飾区|金町浄水場,387533.88283298124,2,2978.177810277123,江戸川
葛飾区|金町浄水場,387533.88283298124,2,26.126971842514443,江戸川
葛飾区|金町浄水場,387533.88283298124,2,156.74086660946165,江戸川
葛飾区|金町浄水場,387533.88283298124,2,26.127052604870997,江戸川
葛飾区|金町浄水場,387533.88283298124,2,26.126488080033326,江戸川
葛飾区|金町浄水場,387533.88283298124,2,26.127207972104404,江戸川
葛飾区|金町浄水場,387533.88283298124,2,26.127294766718528,江戸川
葛飾区|金町浄水場,387533.88283298124,2,26.12656896883431,江戸川
葛飾区|金町浄水場,387533.88283298124,2,26.12728142395264,江戸川
葛飾区|金町浄水場,387533.88283298124,2,26.127096319695937,江戸川
葛飾区|金町浄水場,387533.88283298124,2,130.6171359203236,江戸川
葛飾区|金町浄水場,387533.88283298124,2,52.24809136697526,江戸川
葛飾区|金町浄水場,387533.88283298124,2,26.127160640436962,江戸川
葛飾区|金町浄水場,387533.88283298124,2,26.120877227558736,江戸川
葛飾区|金町浄水場,387533.88283298124,2,182.86748587102755,江戸川
葛飾区|金町浄水場,387533.88283298124,2,52.24188308315037,江戸川
葛飾区|金町浄水場,387533.88283298124,2,156.762489025373,江戸川
葛飾区|金町浄水場,387533.88283298124,2,470.2425249598824,江戸川
葛飾区|金町浄水場,387533.88283298124,2,574.7371510280533,江戸川
葛飾区|金町浄水場,387533.88283298124,2,52.241513272264584,江戸川
葛飾区|金町浄水場,387533.88283298124,2,26.126908745849352,江戸川
葛飾区|金町浄水場,387533.88283298124,2,26.12699981743386,江戸川
葛飾区|金町浄水場,387533.88283298124,2,4571.8334984117455,江戸川
葛飾区|金町浄水場,387533.88283298124,2,104.50480017790557,江戸川
葛飾区|金町浄水場,387533.88283298124,2,52.25286451067719,江戸川
葛飾区|金町浄水場,387533.88283298124,2,52.2541550608149,江戸川
葛飾区|金町浄水場,387533.88283298124,2,235.11174712030459,江戸川
葛飾区|金町浄水場,387533.88283298124,2,52.25391928249828,江戸川
葛飾区|金町浄水場,387533.88283298124,2,26.120313404841323,江戸川
葛飾区|金町浄水場,387533.88283298124,2,52.24156153645563,江戸川
葛飾区|金町浄水場,387533.88283298124,2,888.2256001548291,江戸川
葛飾区|金町浄水場,387533.88283298124,2,235.11942495596423,江戸川
葛飾区|金町浄水場,387533.88283298124,2,26.126216124684206,江戸川
葛飾区|金町浄水場,387533.88283298124,2,52.25270987350702,江戸川
葛飾区|金町浄水場,387533.88283298124,2,156.7477352542183,江戸川
葛飾区|金町浄水場,387533.88283298124,2,39935.1595239336,江戸川
葛飾区|金町浄水場,387533.88283298124,2,78.37995282401711,江戸川
葛飾区|金町浄水場,387533.88283298124,2,232.63022435500716,江戸川
葛飾区|金町浄水場,387533.88283298124,2,26.12649002781648,江戸川
葛飾区|金町浄水場,387533.88283298124,2,104.50372299214392,江戸川
葛飾区|金町浄水場,387533.88283298124,2,75.33915518091209,江戸川
葛飾区|金町浄水場,387533.88283298124,2,26.12789558693253,江戸川
葛飾区|金町浄水場,387533.88283298124,2,20.03418730290652,江戸川
葛飾区|金町浄水場,387533.88283298124,2,50.520782044956974,江戸川
葛飾区|金町浄水場,387533.88283298124,2,10.082137590695623,江戸川
葛飾区|金町浄水場,387533.88283298124,3,74229.58196396318,江戸川
葛飾区|金町浄水場,387533.88283298124,3,130.62669258623467,江戸川
葛飾区|金町浄水場,387533.88283298124,3,52.247068442592564,江戸川
葛飾区|金町浄水場,387533.88283298124,3,261.2544904509882,江戸川
葛飾区|金町浄水場,387533.88283298124,3,52.24752579038193,江戸川
葛飾区|金町浄水場,387533.88283298124,3,0.0739982167293292,江戸川
葛飾区|金町浄水場,387533.88283298124,3,521.803555530907,江戸川
葛飾区|金町浄水場,387533.88283298124,3,52.248440160537115,江戸川
葛飾区|金町浄水場,387533.88283298124,3,52.24870296541498,江戸川
葛飾区|金町浄水場,387533.88283298124,3,26.120764884486768,江戸川
葛飾区|金町浄水場,387533.88283298124,3,78.37647560568229,江戸川
葛飾区|金町浄水場,387533.88283298124,3,26.127375381482885,江戸川
葛飾区|金町浄水場,387533.88283298124,3,26.12136807401474,江戸川
葛飾区|金町浄水場,387533.88283298124,3,26.126838235795542,江戸川
葛飾区|金町浄水場,387533.88283298124,3,26.126759018250244,江戸川
葛飾区|金町浄水場,387533.88283298124,3,160.3178335161761,江戸川
葛飾区|金町浄水場,387533.88283298124,3,2116.151613899962,江戸川
葛飾区|金町浄水場,387533.88283298124,3,26.127008487023097,江戸川
葛飾区|金町浄水場,387533.88283298124,3,107.23086042465823,江戸川
葛飾区|金町浄水場,387533.88283298124,4,261.25643419320664,江戸川
葛飾区|金町浄水場,387533.88283298124,4,52.23982171003026,江戸川
葛飾区|金町浄水場,387533.88283298124,4,1515.2008513701373,江戸川
葛飾区|金町浄水場,387533.88283298124,4,78.3677103727564,江戸川
葛飾区|金町浄水場,387533.88283298124,4,121.80449761645465,江戸川
葛飾区|金町浄水場,387533.88283298124,4,2.560617048826493,江戸川
葛飾区|鎌倉1丁目,173660.15021384606,2,143875.39443357583,江戸川
葛飾区|鎌倉1丁目,173660.15021384606,2,5696.635475664802,江戸川
葛飾区|鎌倉1丁目,173660.15021384606,2,2221.132440970986,江戸川
葛飾区|鎌倉1丁目,173660.15021384606,2,26.133611903382217,江戸川
葛飾区|鎌倉1丁目,173660.15021384606,2,104.52205261324306,江戸川
葛飾区|鎌倉1丁目,173660.15021384606,2,78.40142139920886,江戸川
葛飾区|鎌倉1丁目,173660.15021384606,2,26.127367404748455,江戸川
葛飾区|鎌倉1丁目,173660.15021384606,2,496.50835800965,江戸川
葛飾区|鎌倉1丁目,173660.15021384606,3,20926.254340109623,江戸川
葛飾区|鎌倉1丁目,173660.15021384606,3,182.9135871783832,江戸川
葛飾区|鎌倉1丁目,173660.15021384606,3,26.127125016155738,江戸川
葛飾区|鎌倉2丁目,159669.28336289575,2,86217.27674800938,江戸川
葛飾区|鎌倉2丁目,159669.28336289575,2,1855.223935912156,江戸川
葛飾区|鎌倉2丁目,159669.28336289575,2,52.258599854321,江戸川
葛飾区|鎌倉2丁目,159669.28336289575,2,78.39101545107397,江戸川
葛飾区|鎌倉2丁目,159669.28336289575,2,130.65015590058968,江戸川
葛飾区|鎌倉2丁目,159669.28336289575,2,52.26530124866148,江戸川
葛飾区|鎌倉2丁目,159669.28336289575,2,130.65116058690873,江戸川
葛飾区|鎌倉2丁目,159669.28336289575,2,52.25843883435884,江戸川
葛飾区|鎌倉2丁目,159669.28336289575,2,130.66206593653857,江戸川
葛飾区|鎌倉2丁目,159669.28336289575,2,130.65094906273006,江戸川
葛飾区|鎌倉2丁目,159669.28336289575,2,209.03261506551056,江戸川
葛飾区|鎌倉2丁目,159669.28336289575,2,2926.601354408286,江戸川
葛飾区|鎌倉2丁目,159669.28336289575,2,26.1329263509595,江戸川
葛飾区|鎌倉2丁目,159669.28336289575,2,574.8707463201688,江戸川
葛飾区|鎌倉2丁目,159669.28336289575,2,4128.618235303848,江戸川
葛飾区|鎌倉2丁目,159669.28336289575,2,4677.438099146614,江戸川
葛飾区|鎌倉2丁目,159669.28336289575,3,56223.43332508394,江戸川
葛飾区|鎌倉2丁目,159669.28336289575,3,480.7219898321699,江戸川
葛飾区|鎌倉2丁目,159669.28336289575,3,162.25643326842817,江戸川
葛飾区|鎌倉2丁目,159669.28336289575,3,3.9753169650146796,江戸川
葛飾区|鎌倉2丁目,159669.28336289575,3,7.238219697248551,江戸川
葛飾区|鎌倉2丁目,159669.28336289575,3,52.25948609424238,江戸川
葛飾区|鎌倉2丁目,159669.28336289575,3,26.031528949249143,江戸川
葛飾区|鎌倉2丁目,159669.28336289575,3,7.760864326372081,江戸川
葛飾区|鎌倉2丁目,159669.28336289575,3,26.132415282116824,江戸川
葛飾区|鎌倉2丁目,159669.28336289575,3,26.13261093089985,江戸川
葛飾区|鎌倉2丁目,159669.28336289575,3,130.6463336265138,江戸川
葛飾区|鎌倉2丁目,159669.28336289575,3,26.13173011664996,江戸川
葛飾区|鎌倉2丁目,159669.28336289575,3,52.25743849178,江戸川
葛飾区|鎌倉2丁目,159669.28336289575,3,78.38905379246803,江戸川
葛飾区|鎌倉2丁目,159669.28336289575,3,52.26441444322522,江戸川
葛飾区|鎌倉2丁目,159669.28336289575,3,26.13233489830003,江戸川
葛飾区|鎌倉2丁目,159669.28336289575,3,235.16798321908283,江戸川
葛飾区|鎌倉2丁目,159669.28336289575,3,26.132321462297078,江戸川
葛飾区|鎌倉2丁目,159669.28336289575,3,52.25207365592586,江戸川
葛飾区|鎌倉2丁目,159669.28336289575,3,52.26352678411888,江戸川
葛飾区|鎌倉2丁目,159669.28336289575,3,156.7798584519886,江戸川
葛飾区|鎌倉2丁目,159669.28336289575,3,182.89469934009458,江戸川
葛飾区|鎌倉2丁目,159669.28336289575,3,52.26538336697225,江戸川
葛飾区|鎌倉2丁目,159669.28336289575,3,26.13237595003833,江戸川
葛飾区|鎌倉2丁目,159669.28336289575,3,52.258279213014134,江戸川
葛飾区|鎌倉2丁目,159669.28336289575,3,78.39101826157324,江戸川
葛飾区|鎌倉3丁目,254729.7998407527,2,252347.9563756843,江戸川
葛飾区|鎌倉3丁目,254729.7998407527,3,11.803660563609041,江戸川
葛飾区|鎌倉3丁目,254729.7998407527,3,52.25687964436975,江戸川
葛飾区|鎌倉3丁目,254729.7998407527,3,2134.8812301189764,江戸川
葛飾区|鎌倉3丁目,254729.7998407527,3,104.52062023585425,江戸川
葛飾区|鎌倉3丁目,254729.7998407527,3,78.38107450550642,江戸川
葛飾区|鎌倉4丁目,156642.7175267252,2,138437.72274299452,江戸川
葛飾区|鎌倉4丁目,156642.7175267252,2,528.5617040910234,江戸川
葛飾区|鎌倉4丁目,156642.7175267252,2,78.39078598958531,江戸川
葛飾区|鎌倉4丁目,156642.7175267252,2,1045.2198116053546,江戸川
葛飾区|鎌倉4丁目,156642.7175267252,2,52.26492001827213,江戸川
葛飾区|鎌倉4丁目,156642.7175267252,2,209.04811999382466,江戸川
葛飾区|鎌倉4丁目,156642.7175267252,2,52.258017547935324,江戸川
葛飾区|鎌倉4丁目,156642.7175267252,2,626.2464591780519,江戸川
葛飾区|鎌倉4丁目,156642.7175267252,2,3.4382062611738555,江戸川
葛飾区|鎌倉4丁目,156642.7175267252,2,26.12604116560612,江戸川
葛飾区|鎌倉4丁目,156642.7175267252,2,52.252082567427706,江戸川
葛飾区|鎌倉4丁目,156642.7175267252,3,14654.542301094825,江戸川
葛飾区|鎌倉4丁目,156642.7175267252,3,78.38731279233575,江戸川
葛飾区|鎌倉4丁目,156642.7175267252,3,26.131403856440237,江戸川
葛飾区|鎌倉4丁目,156642.7175267252,3,78.38147274438714,江戸川
葛飾区|鎌倉4丁目,156642.7175267252,3,103.95900112254094,江戸川
葛飾区|鎌倉4丁目,156642.7175267252,3,26.13161206940954,江戸川
葛飾区|鎌倉4丁目,156642.7175267252,3,52.26391846352321,江戸川
葛飾区|鎌倉4丁目,156642.7175267252,3,130.6561881480945,江戸川
葛飾区|鎌倉4丁目,156642.7175267252,3,78.39114835696566,江戸川
葛飾区|鎌倉4丁目,156642.7175267252,3,130.65649789490095,江戸川
葛飾区|鎌倉4丁目,156642.7175267252,3,52.264309019690046,江戸川
葛飾区|鎌倉4丁目,156642.7175267252,3,41.03344077426774,江戸川
葛飾区|鎌倉4丁目,156642.7175267252,3,78.3900289750847,江戸川
葛飾区|亀有1丁目,257673.90937494897,2,257673.90937494897,江戸川
葛飾区|亀有2丁目,317849.30537435313,1,76.7000902411495,江戸川
葛飾区|亀有2丁目,317849.30537435313,1,287.38243553902754,江戸川
葛飾区|亀有2丁目,317849.30537435313,1,52.249441799988524,江戸川
葛飾区|亀有2丁目,317849.30537435313,1,52.24899099382705,江戸川
葛飾区|亀有2丁目,317849.30537435313,1,26.12151500048187,江戸川
葛飾区|亀有2丁目,317849.30537435313,1,26.12075803577015,江戸川
葛飾区|亀有2丁目,317849.30537435313,1,26.127812056363243,江戸川
葛飾区|亀有2丁目,317849.30537435313,1,26.12119988167951,江戸川
葛飾区|亀有2丁目,317849.30537435313,1,26.127725372300677,江戸川
葛飾区|亀有2丁目,317849.30537435313,1,156.74825465112366,江戸川
葛飾区|亀有2丁目,317849.30537435313,1,26.12708626477159,江戸川
葛飾区|亀有2丁目,317849.30537435313,1,52.24743213597925,江戸川
葛飾区|亀有2丁目,317849.30537435313,1,52.24751280096097,江戸川
葛飾区|亀有2丁目,317849.30537435313,1,156.7495086972166,江戸川
葛飾区|亀有2丁目,317849.30537435313,2,279940.95383531327,江戸川
葛飾区|亀有3丁目,323363.82124007464,1,25873.41909603122,江戸川
葛飾区|亀有3丁目,323363.82124007464,1,52.24581095807948,江戸川
葛飾区|亀有3丁目,323363.82124007464,1,104.49152066878389,江戸川
葛飾区|亀有3丁目,323363.82124007464,1,26.126286120437797,江戸川
葛飾区|亀有3丁目,323363.82124007464,1,52.24645652102396,江戸川
葛飾区|亀有3丁目,323363.82124007464,1,78.37182134321094,江戸川
葛飾区|亀有3丁目,323363.82124007464,1,52.25173770102314,江戸川
葛飾区|亀有3丁目,323363.82124007464,1,26.12590248217174,江戸川
葛飾区|亀有3丁目,323363.82124007464,1,2194.392676977843,江戸川
葛飾区|亀有3丁目,323363.82124007464,1,52.251485400553605,江戸川
葛飾区|亀有3丁目,323363.82124007464,1,26.12578151949364,江戸川
葛飾区|亀有3丁目,323363.82124007464,1,26.12579496370984,江戸川
葛飾区|亀有3丁目,323363.82124007464,1,313.4909491803464,江戸川
葛飾区|亀有3丁目,323363.82124007464,1,52.23977036984866,江戸川
葛飾区|亀有3丁目,323363.82124007464,1,182.87102368415964,江戸川
葛飾区|亀有3丁目,323363.82124007464,1,1175.5556646095358,江戸川
葛飾区|亀有3丁目,323363.82124007464,1,52.245934447528924,江戸川
葛飾区|亀有3丁目,323363.82124007464,1,52.25231176812164,江戸川
葛飾区|亀有3丁目,323363.82124007464,1,104.4842503594484,江戸川
葛飾区|亀有3丁目,323363.82124007464,1,2978.1404957974855,江戸川
葛飾区|亀有3丁目,323363.82124007464,1,261.2092336103599,江戸川
葛飾区|亀有3丁目,323363.82124007464,1,26.120063093684422,江戸川
葛飾区|亀有3丁目,323363.82124007464,1,26.12018410111442,江戸川
葛飾区|亀有3丁目,323363.82124007464,1,34262.66250982448,江戸川
葛飾区|亀有3丁目,323363.82124007464,1,52.25283059072331,江戸川
葛飾区|亀有3丁目,323363.82124007464,1,52.23980454230931,江戸川
葛飾区|亀有3丁目,323363.82124007464,1,52.246458023372405,江戸川
葛飾区|亀有3丁目,323363.82124007464,1,121.10022170573392,江戸川
葛飾区|亀有3丁目,323363.82124007464,1,52.25252629488857,江戸川
葛飾区|亀有3丁目,323363.82124007464,1,52.252071043227026,江戸川
葛飾区|亀有3丁目,323363.82124007464,1,182.86492273549086,江戸川
葛飾区|亀有3丁目,323363.82124007464,1,1322.0188122901145,江戸川
葛飾区|亀有3丁目,323363.82124007464,1,26.126279676289016,江戸川
葛飾区|亀有3丁目,323363.82124007464,1,52.24630607980124,江戸川
葛飾区|亀有3丁目,323363.82124007464,1,52.24004673790763,江戸川
葛飾区|亀有3丁目,323363.82124007464,1,287.35957879281705,江戸川
葛飾区|亀有3丁目,323363.82124007464,1,365.7592068723478,江戸川
葛飾区|亀有3丁目,323363.82124007464,1,627.0021916314838,江戸川
葛飾区|亀有3丁目,323363.82124007464,1,365.7511736983423,江戸川
葛飾区|亀有3丁目,323363.82124007464,1,104.49297094568902,江戸川
葛飾区|亀有3丁目,323363.82124007464,1,52.25292588724143,江戸川
葛飾区|亀有3丁目,323363.82124007464,1,52.25285567914542,江戸川
葛飾区|亀有3丁目,323363.82124007464,1,26.126690698906014,江戸川
葛飾区|亀有3丁目,323363.82124007464,1,26.126427959622422,江戸川
葛飾区|亀有3丁目,323363.82124007464,1,26.12014469396332,江戸川
葛飾区|亀有3丁目,323363.82124007464,1,0.0516944414989682,江戸川
葛飾区|亀有3丁目,323363.82124007464,1,26.11962683205648,江戸川
葛飾区|亀有3丁目,323363.82124007464,1,470.19821293985575,江戸川
葛飾区|亀有3丁目,323363.82124007464,1,417.95488941204457,江戸川
葛飾区|亀有3丁目,323363.82124007464,1,277.88093389051676,江戸川
葛飾区|亀有3丁目,323363.82124007464,1,52.250945020196426,江戸川
葛飾区|亀有3丁目,323363.82124007464,1,26.119505963523366,江戸川
葛飾区|亀有3丁目,323363.82124007464,2,226595.2780030275,江戸川
葛飾区|亀有3丁目,323363.82124007464,2,104.50316113344611,江戸川
葛飾区|亀有3丁目,323363.82124007464,2,26.126030682833036,江戸川
葛飾区|亀有3丁目,323363.82124007464,2,26.119538587680623,江戸川
葛飾区|亀有3丁目,323363.82124007464,2,26.12590246902961,江戸川
葛飾区|亀有3丁目,323363.82124007464,2,26.125915934265038,江戸川
葛飾区|亀有3丁目,323363.82124007464,2,156.751086338664,江戸川
葛飾区|亀有3丁目,323363.82124007464,2,26.12055498429317,江戸川
葛飾区|亀有3丁目,323363.82124007464,2,104.50297306207388,江戸川
葛飾区|亀有4丁目,221205.3629629605,2,221205.36296296047,江戸川
葛飾区|亀有5丁目,251523.04670056415,1,52.245621665988175,江戸川
葛飾区|亀有5丁目,251523.04670056415,1,287.3603687319472,江戸川
葛飾区|亀有5丁目,251523.04670056415,1,78.37189382505944,江戸川
葛飾区|亀有5丁目,251523.04670056415,1,12005.795124605977,江戸川
葛飾区|亀有5丁目,251523.04670056415,1,130.5705992912941,江戸川
葛飾区|亀有5丁目,251523.04670056415,1,208.9798606478871,江戸川
葛飾区|亀有5丁目,251523.04670056415,1,156.7334957892535,江戸川
葛飾区|亀有5丁目,251523.04670056415,1,104.48893346109593,江戸川
葛飾区|亀有5丁目,251523.04670056415,1,26.125351048527484,江戸川
葛飾区|亀有5丁目,251523.04670056415,1,78.36359590395878,江戸川
葛飾区|亀有5丁目,251523.04670056415,1,26.125391391822685,江戸川
葛飾区|亀有5丁目,251523.04670056415,1,626.952561938552,江戸川
葛飾区|亀有5丁目,251523.04670056415,1,287.3577911194042,江戸川
葛飾区|亀有5丁目,251523.04670056415,1,52.25043328327378,江戸川
葛飾区|亀有5丁目,251523.04670056415,1,313.47794222139265,江戸川
葛飾区|亀有5丁目,251523.04670056415,1,78.36823477956032,江戸川
葛飾区|亀有5丁目,251523.04670056415,1,391.85001150331397,江戸川
葛飾区|亀有5丁目,251523.04670056415,1,26.125015222020956,江戸川
葛飾区|亀有5丁目,251523.04670056415,1,104.48808766893323,江戸川
葛飾区|亀有5丁目,251523.04670056415,1,52.24958257431676,江戸川
葛飾区|亀有5丁目,251523.04670056415,1,78.36910621220443,江戸川
葛飾区|亀有5丁目,251523.04670056415,1,26.124907686494176,江戸川
葛飾区|亀有5丁目,251523.04670056415,1,130.61912643857974,江戸川
葛飾区|亀有5丁目,251523.04670056415,1,26.12521701626647,江戸川
葛飾区|亀有5丁目,251523.04670056415,1,52.24404352163386,江戸川
葛飾区|亀有5丁目,251523.04670056415,1,2804.6381552682296,江戸川
葛飾区|亀有5丁目,251523.04670056415,1,156.73781002769718,江戸川
葛飾区|亀有5丁目,251523.04670056415,2,223483.57429508003,江戸川
葛飾区|亀有5丁目,251523.04670056415,2,26.125721471266814,江戸川
葛飾区|亀有5丁目,251523.04670056415,2,26.11909509433579,江戸川
葛飾区|亀有5丁目,251523.04670056415,2,104.4950010402948,江戸川
葛飾区|亀有5丁目,251523.04670056415,3,261.2332414791475,江戸川
葛飾区|亀有5丁目,251523.04670056415,3,52.23928470325431,江戸川
葛飾区|亀有5丁目,251523.04670056415,3,104.49060428196418,江戸川
葛飾区|亀有5丁目,251523.04670056415,3,130.6289857209801,江戸川
葛飾区|亀有5丁目,251523.04670056415,4,104.50314958049753,江戸川
葛飾区|亀有5丁目,251523.04670056415,4,52.245406623602065,江戸川
葛飾区|小菅2丁目,198373.71797857396,1,17.458432060657636,江戸川
葛飾区|小菅2丁目,198373.71797857396,1,13.75024082498743,江戸川
葛飾区|小菅2丁目,198373.71797857396,2,193771.294476521,江戸川
葛飾区|小菅3丁目,213917.1334012074,1,52.254250513502264,江戸川
葛飾区|小菅3丁目,213917.1334012074,1,78.3904078023549,江戸川
葛飾区|小菅3丁目,213917.1334012074,1,26.123247084657233,江戸川
葛飾区|小菅3丁目,213917.1334012074,1,8.672195096125575,江戸川
葛飾区|小菅3丁目,213917.1334012074,1,208.9866033555052,江戸川
葛飾区|小菅3丁目,213917.1334012074,1,26.12345597683533,江戸川
葛飾区|小菅3丁目,213917.1334012074,1,156.77744273617614,江戸川
葛飾区|小菅3丁目,213917.1334012074,1,12.37389288351308,江戸川
葛飾区|小菅3丁目,213917.1334012074,1,52.254444038965175,江戸川
葛飾区|小菅3丁目,213917.1334012074,1,26.1302775186346,江戸川
葛飾区|小菅3丁目,213917.1334012074,1,104.50930608037318,江戸川
葛飾区|小菅3丁目,213917.1334012074,2,127370.49068453838,江戸川
葛飾区|小菅4丁目,143952.6693356407,1,600.9056852898641,江戸川
葛飾区|小菅4丁目,143952.6693356407,1,78.38695361240464,江戸川
葛飾区|小菅4丁目,143952.6693356407,1,130.62007146349163,江戸川
葛飾区|小菅4丁目,143952.6693356407,2,142960.80600843378,江戸川
葛飾区|小菅4丁目,143952.6693356407,3,25.17831685275778,江戸川
葛飾区|小菅4丁目,143952.6693356407,3,52.25810748276591,江戸川
葛飾区|小菅4丁目,143952.6693356407,3,104.51419250573758,江戸川
葛飾区|柴又1丁目,206799.05221005826,2,206442.59067280512,江戸川
葛飾区|柴又1丁目,206799.05221005826,3,52.25988191193455,江戸川
葛飾区|柴又1丁目,206799.05221005826,3,147.42686052552153,江戸川
葛飾区|柴又1丁目,206799.05221005826,3,78.39063726967312,江戸川
葛飾区|柴又1丁目,206799.05221005826,3,52.260218331752185,江戸川
葛飾区|柴又1丁目,206799.05221005826,3,26.123939214324736,江戸川
葛飾区|柴又2丁目,135369.55037807254,2,135369.55037807248,江戸川
葛飾区|柴又3丁目,221893.1245645975,2,206142.6912003504,江戸川
葛飾区|柴又3丁目,221893.1245645975,2,1097.2525757760502,江戸川
葛飾区|柴又3丁目,221893.1245645975,2,52.248089017043924,江戸川
葛飾区|柴又3丁目,221893.1245645975,2,26.12091655249892,江戸川
葛飾区|柴又3丁目,221893.1245645975,3,14365.192428699387,江戸川
葛飾区|柴又3丁目,221893.1245645975,3,104.42307100546581,江戸川
葛飾区|柴又3丁目,221893.1245645975,3,0.6926883955862136,江戸川
葛飾区|柴又3丁目,221893.1245645975,3,104.50359480081126,江戸川
葛飾区|柴又4丁目,243468.17373778476,2,243336.30151503233,江戸川
葛飾区|柴又4丁目,243468.17373778476,3,131.87222275243803,江戸川
葛飾区|柴又5丁目,411097.95864579384,1,26.12342049226687,江戸川
葛飾区|柴又5丁目,411097.95864579384,1,104.51900657117743,江戸川
葛飾区|柴又5丁目,411097.95864579384,1,26.123541580973935,江戸川
葛飾区|柴又5丁目,411097.95864579384,1,52.26004877545725,江戸川
葛飾区|柴又5丁目,411097.95864579384,1,26.12366267331302,江戸川
葛飾区|柴又5丁目,411097.95864579384,1,26.13037117004332,江戸川
葛飾区|柴又5丁目,411097.95864579384,1,26.123945232543647,江戸川
葛飾区|柴又5丁目,411097.95864579384,1,26.130492249043655,江戸川
葛飾区|柴又5丁目,411097.95864579384,1,52.248051858321745,江戸川
葛飾区|柴又5丁目,411097.95864579384,1,209.0308561904481,江戸川
葛飾区|柴又5丁目,411097.95864579384,1,52.25471295474556,江戸川
葛飾区|柴又5丁目,411097.95864579384,1,52.26103758710952,江戸川
葛飾区|柴又5丁目,411097.95864579384,1,52.255035803986246,江戸川
葛飾区|柴又5丁目,411097.95864579384,1,52.261360480250296,江戸川
葛飾区|柴又5丁目,411097.95864579384,1,26.124510277794375,江戸川
葛飾区|柴又5丁目,411097.95864579384,1,26.131017128493426,江戸川
葛飾区|柴又5丁目,411097.95864579384,1,52.255729015943125,江戸川
葛飾区|柴又5丁目,411097.95864579384,1,26.1309156620338,江戸川
葛飾区|柴又5丁目,411097.95864579384,1,19.012600438237538,江戸川
葛飾区|柴又5丁目,411097.95864579384,2,62802.311172022884,江戸川
葛飾区|柴又5丁目,411097.95864579384,2,1123.5528625673596,江戸川
葛飾区|柴又5丁目,411097.95864579384,2,313.5499172587874,江戸川
葛飾区|柴又5丁目,411097.95864579384,2,0.0004244406464852626,江戸川
葛飾区|柴又5丁目,411097.95864579384,2,47.1210527576971,江戸川
葛飾区|柴又5丁目,411097.95864579384,2,26.131121310318665,江戸川
葛飾区|柴又5丁目,411097.95864579384,2,78.38615712178188,江戸川
葛飾区|柴又5丁目,411097.95864579384,2,365.8078672415543,江戸川
葛飾区|柴又5丁目,411097.95864579384,2,52.261274579572856,江戸川
葛飾区|柴又5丁目,411097.95864579384,2,130.6345152351673,江戸川
葛飾区|柴又5丁目,411097.95864579384,2,653.2389053170649,江戸川
葛飾区|柴又5丁目,411097.95864579384,2,52.261274980657625,江戸川
葛飾区|柴又5丁目,411097.95864579384,2,104.52259797600875,江戸川
葛飾区|柴又5丁目,411097.95864579384,2,130.6354572038379,江戸川
葛飾区|柴又5丁目,411097.95864579384,2,156.7667540829548,江戸川
葛飾区|柴又5丁目,411097.95864579384,2,391.9275763684712,江戸川
葛飾区|柴又5丁目,411097.95864579384,2,104.50839669831484,江戸川
葛飾区|柴又5丁目,411097.95864579384,2,52.26054533278881,江戸川
葛飾区|柴又5丁目,411097.95864579384,2,78.38441295608692,江戸川
葛飾区|柴又5丁目,411097.95864579384,2,78.3846951595632,江戸川
葛飾区|柴又5丁目,411097.95864579384,2,130.64365379753193,江戸川
葛飾区|柴又5丁目,411097.95864579384,2,104.5097947814591,江戸川
葛飾区|柴又5丁目,411097.95864579384,2,418.0564407188986,江戸川
葛飾区|柴又5丁目,411097.95864579384,2,418.0498216903614,江戸川
葛飾区|柴又5丁目,411097.95864579384,2,209.02323655548417,江戸川
葛飾区|柴又5丁目,411097.95864579384,2,104.51271040465264,江戸川
葛飾区|柴又5丁目,411097.95864579384,2,104.51082026943217,江戸川
葛飾区|柴又5丁目,411097.95864579384,2,104.51353068359118,江戸川
葛飾区|柴又5丁目,411097.95864579384,2,26.124750795146007,江戸川
葛飾区|柴又5丁目,411097.95864579384,2,26.129879468355092,江戸川
葛飾区|柴又5丁目,411097.95864579384,2,26.129906376247533,江戸川
葛飾区|柴又5丁目,411097.95864579384,2,209.02081585019002,江戸川
葛飾区|柴又5丁目,411097.95864579384,2,287.3994478330598,江戸川
葛飾区|柴又5丁目,411097.95864579384,2,130.63841774635182,江戸川
葛飾区|柴又5丁目,411097.95864579384,2,627.0820224440159,江戸川
葛飾区|柴又5丁目,411097.95864579384,2,235.15426839997372,江戸川
葛飾区|柴又5丁目,411097.95864579384,2,496.4405845172723,江戸川
葛飾区|柴又5丁目,411097.95864579384,2,391.92724294158245,江戸川
葛飾区|柴又5丁目,411097.95864579384,2,52.25498199600605,江戸川
葛飾区|柴又5丁目,411097.95864579384,2,52.26136040014525,江戸川
葛飾区|柴又5丁目,411097.95864579384,2,78.3855571120881,江戸川
葛飾区|柴又5丁目,411097.95864579384,2,444.19563631735724,江戸川
葛飾区|柴又5丁目,411097.95864579384,3,156054.16359972666,江戸川
葛飾区|柴又5丁目,411097.95864579384,3,26.124466528963467,江戸川
葛飾区|柴又5丁目,411097.95864579384,3,26.13079121466133,江戸川
葛飾区|柴又5丁目,411097.95864579384,3,156.7433099928488,江戸川
葛飾区|柴又5丁目,411097.95864579384,3,26.123982956439246,江戸川
葛飾区|柴又5丁目,411097.95864579384,3,156.7721262325481,江戸川
葛飾区|柴又5丁目,411097.95864579384,3,26.13075118194055,江戸川
葛飾区|柴又5丁目,411097.95864579384,3,914.4755934320794,江戸川
葛飾区|柴又5丁目,411097.95864579384,3,104.51568601810753,江戸川
葛飾区|柴又5丁目,411097.95864579384,3,26.130160104614482,江戸川
葛飾区|柴又5丁目,411097.95864579384,3,52.24861180721402,江戸川
葛飾区|柴又5丁目,411097.95864579384,3,26.13060360280109,江戸川
葛飾区|柴又5丁目,411097.95864579384,3,50.503659701327074,江戸川
葛飾区|柴又5丁目,411097.95864579384,3,156.7696417988912,江戸川
葛飾区|柴又5丁目,411097.95864579384,3,52.24853553490168,江戸川
葛飾区|柴又5丁目,411097.95864579384,3,104.51576440289189,江戸川
葛飾区|柴又5丁目,411097.95864579384,3,26.130431205039134,江戸川
葛飾区|柴又5丁目,411097.95864579384,3,182.8948664751684,江戸川
葛飾区|柴又5丁目,411097.95864579384,3,26.1305656394101,江戸川
葛飾区|柴又5丁目,411097.95864579384,3,914.4939667685435,江戸川
葛飾区|柴又5丁目,411097.95864579384,4,522.582876944375,江戸川
葛飾区|柴又5丁目,411097.95864579384,4,2612.850206899822,江戸川
葛飾区|柴又5丁目,411097.95864579384,4,1855.1090272369208,江戸川
葛飾区|柴又5丁目,411097.95864579384,4,261.27623793674877,江戸川
葛飾区|柴又6丁目,282820.8034322438,1,130.6433905252966,江戸川
葛飾区|柴又6丁目,282820.8034322438,1,78.38005732708305,江戸川
葛飾区|柴又6丁目,282820.8034322438,1,19.130419927090884,江戸川
葛飾区|柴又6丁目,282820.8034322438,1,78.38056325403716,江戸川
葛飾区|柴又6丁目,282820.8034322438,1,52.258144278348105,江戸川
葛飾区|柴又6丁目,282820.8034322438,1,26.129099072311256,江戸川
葛飾区|柴又6丁目,282820.8034322438,1,26.122936209442955,江戸川
葛飾区|柴又6丁目,282820.8034322438,1,26.129429242280555,江戸川
葛飾区|柴又6丁目,282820.8034322438,1,26.12948301552002,江戸川
葛飾区|柴又6丁目,282820.8034322438,1,26.123097648579744,江戸川
葛飾区|柴又6丁目,282820.8034322438,1,52.25903236455717,江戸川
葛飾区|柴又6丁目,282820.8034322438,1,26.123259077572364,江戸川
葛飾区|柴又6丁目,282820.8034322438,1,26.12962389041546,江戸川
葛飾区|柴又6丁目,282820.8034322438,2,173858.59929510468,江戸川
葛飾区|柴又6丁目,282820.8034322438,3,436.73898440251224,江戸川
葛飾区|柴又6丁目,282820.8034322438,3,261.27372052639157,江戸川
葛飾区|柴又6丁目,282820.8034322438,3,78.38337540499622,江戸川
葛飾区|柴又6丁目,282820.8034322438,3,52.25370816808961,江戸川
葛飾区|柴又6丁目,282820.8034322438,3,1.7498081185271617,江戸川
葛飾区|柴又7丁目,241230.26133652494,1,783.809843960182,江戸川
葛飾区|柴又7丁目,241230.26133652494,1,6.998167958219759,江戸川
葛飾区|柴又7丁目,241230.26133652494,1,0.0010722331305363622,江戸川
葛飾区|柴又7丁目,241230.26133652494,1,1.7398539420826133,江戸川
葛飾区|柴又7丁目,241230.26133652494,1,26.121612473502324,江戸川
葛飾区|柴又7丁目,241230.26133652494,1,78.37728983909112,江戸川
葛飾区|柴又7丁目,241230.26133652494,1,26.121524531596926,江戸川
葛飾区|柴又7丁目,241230.26133652494,1,104.50665587566978,江戸川
葛飾区|柴又7丁目,241230.26133652494,2,132185.44889120435,江戸川
葛飾区|柴又7丁目,241230.26133652494,2,61.98858449225549,江戸川
葛飾区|柴又7丁目,241230.26133652494,2,3.037473079367626,江戸川
葛飾区|柴又7丁目,241230.26133652494,2,32.22071111636349,江戸川
葛飾区|柴又7丁目,241230.26133652494,2,1.728280670916184,江戸川
葛飾区|柴又7丁目,241230.26133652494,2,16.03918485063935,江戸川
葛飾区|柴又7丁目,241230.26133652494,2,26.1215317476247,江戸川
葛飾区|柴又7丁目,241230.26133652494,3,388.3132809734149,江戸川
葛飾区|柴又7丁目,241230.26133652494,3,2165.6847576911487,江戸川
葛飾区|柴又7丁目,241230.26133652494,3,52.2493531304071,江戸川
葛飾区|柴又7丁目,241230.26133652494,4,139.44648429120355,江戸川
葛飾区|柴又7丁目,241230.26133652494,4,23.567130968735846,江戸川
葛飾区|白鳥1丁目,94572.7402969461,1,7.269870190741578,江戸川
葛飾区|白鳥1丁目,94572.7402969461,1,20.03232861134756,江戸川
葛飾区|白鳥1丁目,94572.7402969461,1,16.12069075723903,江戸川
葛飾区|白鳥1丁目,94572.7402969461,1,12.20330701062634,江戸川
葛飾区|白鳥1丁目,94572.7402969461,1,0.05839385170531136,江戸川
葛飾区|白鳥1丁目,94572.7402969461,1,26.126068372146506,江戸川
葛飾区|白鳥1丁目,94572.7402969461,2,94458.4225490509,江戸川
葛飾区|白鳥2丁目,170013.85642716632,1,201.7807370893148,江戸川
葛飾区|白鳥2丁目,170013.85642716632,1,6.099910926882275,江戸川
葛飾区|白鳥2丁目,170013.85642716632,1,10.011353204901422,江戸川
葛飾区|白鳥2丁目,170013.85642716632,1,26.125745933279475,江戸川
葛飾区|白鳥2丁目,170013.85642716632,1,13.922688224489445,江戸川
葛飾区|白鳥2丁目,170013.85642716632,1,26.067392387001533,江戸川
葛飾区|白鳥2丁目,170013.85642716632,2,169135.23627564887,江戸川
葛飾区|白鳥3丁目,187104.27107380787,1,52.25884703561965,江戸川
葛飾区|白鳥3丁目,187104.27107380787,2,187052.01222677223,江戸川
葛飾区|白鳥4丁目,189727.36137627653,1,78.38704801332571,江戸川
葛飾区|白鳥4丁目,189727.36137627653,2,189648.97432826317,江戸川
葛飾区|高砂2丁目,264597.7554813702,1,26.124863353603942,江戸川
葛飾区|高砂2丁目,264597.7554813702,1,52.2624135841781,江戸川
葛飾区|高砂2丁目,264597.7554813702,1,52.25630679335604,江戸川
葛飾区|高砂2丁目,264597.7554813702,1,52.25599332986082,江戸川
葛飾区|高砂2丁目,264597.7554813702,1,23.887935339122357,江戸川
葛飾区|高砂2丁目,264597.7554813702,1,104.52075423414817,江戸川
葛飾区|高砂2丁目,264597.7554813702,1,26.132082584577766,江戸川
葛飾区|高砂2丁目,264597.7554813702,1,26.132015402856496,江戸川
葛飾区|高砂2丁目,264597.7554813702,1,26.132082615183776,江戸川
葛飾区|高砂2丁目,264597.7554813702,1,52.263096220058635,江戸川
葛飾区|高砂2丁目,264597.7554813702,1,78.39020369476238,江戸川
葛飾区|高砂2丁目,264597.7554813702,1,26.12591145873067,江戸川
葛飾区|高砂2丁目,264597.7554813702,1,26.132445510102528,江戸川
葛飾区|高砂2丁目,264597.7554813702,1,26.126032426165075,江戸川
葛飾区|高砂2丁目,264597.7554813702,1,26.132397780921515,江戸川
葛飾区|高砂2丁目,264597.7554813702,1,26.13266060376737,江戸川
葛飾区|高砂2丁目,264597.7554813702,1,261.2953382691606,江戸川
葛飾区|高砂2丁目,264597.7554813702,1,130.6450143204404,江戸川
葛飾区|高砂2丁目,264597.7554813702,1,26.132532211528414,江戸川
葛飾区|高砂2丁目,264597.7554813702,1,78.3915672848715,江戸川
葛飾区|高砂2丁目,264597.7554813702,1,26.132848817085154,江戸川
葛飾区|高砂2丁目,264597.7554813702,1,26.126395303092487,江戸川
葛飾区|高砂2丁目,264597.7554813702,1,52.25912911291529,江戸川
葛飾区|高砂2丁目,264597.7554813702,1,26.13273384493879,江戸川
葛飾区|高砂2丁目,264597.7554813702,1,52.25977440655732,江戸川
葛飾区|高砂2丁目,264597.7554813702,1,11.195883819484067,江戸川
葛飾区|高砂2丁目,264597.7554813702,1,13.234348654322641,江戸川
葛飾区|高砂2丁目,264597.7554813702,2,162940.92118003927,江戸川
葛飾区|高砂2丁目,264597.7554813702,2,287.41385356697947,江戸川
葛飾区|高砂2丁目,264597.7554813702,2,130.64744499244006,江戸川
葛飾区|高砂2丁目,264597.7554813702,2,78.39453995162155,江戸川
葛飾区|高砂2丁目,264597.7554813702,2,548.7287945803452,江戸川
葛飾区|高砂2丁目,264597.7554813702,2,156.76993710159036,江戸川
葛飾区|高砂2丁目,264597.7554813702,2,104.51797714700349,江戸川
葛飾区|高砂2丁目,264597.7554813702,2,156.77816208547551,江戸川
葛飾区|高砂2丁目,264597.7554813702,2,418.08327394846407,江戸川
葛飾区|高砂2丁目,264597.7554813702,2,26.132922121892776,江戸川
葛飾区|高砂2丁目,264597.7554813702,2,44.92709809622212,江戸川
葛飾区|高砂2丁目,264597.7554813702,2,78.3912052479633,江戸川
葛飾区|高砂2丁目,264597.7554813702,2,26.131632658388064,江戸川
葛飾区|高砂2丁目,264597.7554813702,2,26.12619452102974,江戸川
葛飾区|高砂2丁目,264597.7554813702,2,52.265181032001784,江戸川
葛飾区|高砂2丁目,264597.7554813702,2,52.263923920994316,江戸川
葛飾区|高砂2丁目,264597.7554813702,2,52.26428078872678,江戸川
葛飾区|高砂2丁目,264597.7554813702,2,26.12623485497014,江戸川
葛飾区|高砂2丁目,264597.7554813702,2,26.132573405683374,江戸川
葛飾区|高砂2丁目,264597.7554813702,2,104.5278959475168,江戸川
葛飾区|高砂2丁目,264597.7554813702,2,20.011753520100374,江戸川
葛飾区|高砂2丁目,264597.7554813702,2,156.78334945539336,江戸川
葛飾区|高砂2丁目,264597.7554813702,2,52.25590641774529,江戸川
葛飾区|高砂2丁目,264597.7554813702,2,0.6618424091201478,江戸川
葛飾区|高砂2丁目,264597.7554813702,2,24.747076651392423,江戸川
葛飾区|高砂2丁目,264597.7554813702,3,6237.040188311996,江戸川
葛飾区|高砂2丁目,264597.7554813702,3,52.26251816006733,江戸川
葛飾区|高砂2丁目,264597.7554813702,3,26.131201599189907,江戸川
葛飾区|高砂2丁目,264597.7554813702,3,130.6440035978158,江戸川
葛飾区|高砂2丁目,264597.7554813702,3,52.2630349050641,江戸川
葛飾区|高砂2丁目,264597.7554813702,3,104.51395770250502,江戸川
葛飾区|高砂2丁目,264597.7554813702,3,810.0016199757825,江戸川
葛飾区|高砂2丁目,264597.7554813702,3,182.89675599273997,江戸川
葛飾区|高砂2丁目,264597.7554813702,3,78.39092922931914,江戸川
葛飾区|高砂2丁目,264597.7554813702,3,219.6162393824329,江戸川
葛飾区|高砂2丁目,264597.7554813702,3,26.131672158020468,江戸川
葛飾区|高砂2丁目,264597.7554813702,3,52.25668061910178,江戸川
葛飾区|高砂2丁目,264597.7554813702,3,26.132196304187566,江戸川
葛飾区|高砂2丁目,264597.7554813702,3,52.25816171161576,江戸川
葛飾区|高砂2丁目,264597.7554813702,3,26.132459132385744,江戸川
葛飾区|高砂2丁目,264597.7554813702,3,261.30419951761195,江戸川
葛飾区|高砂2丁目,264597.7554813702,3,78.38876087198338,江戸川
葛飾区|高砂2丁目,264597.7554813702,3,496.47354747302603,江戸川
葛飾区|高砂2丁目,264597.7554813702,3,5859.90238567678,江戸川
葛飾区|高砂2丁目,264597.7554813702,3,156.7792734357473,江戸川
葛飾区|高砂2丁目,264597.7554813702,3,130.6459650297188,江戸川
葛飾区|高砂2丁目,264597.7554813702,3,679.4073951456189,江戸川
葛飾区|高砂2丁目,264597.7554813702,3,26.13280122186017,江戸川
葛飾区|高砂2丁目,264597.7554813702,3,104.50716482364913,江戸川
葛飾区|高砂2丁目,264597.7554813702,3,9100.077141020354,江戸川
葛飾区|高砂2丁目,264597.7554813702,3,26.132814687664485,江戸川
葛飾区|高砂2丁目,264597.7554813702,3,26.13280127430924,江戸川
葛飾区|高砂2丁目,264597.7554813702,3,52.26279428960576,江戸川
葛飾区|高砂2丁目,264597.7554813702,3,52.26518024794496,江戸川
葛飾区|高砂2丁目,264597.7554813702,3,209.0406698579991,江戸川
葛飾区|高砂2丁目,264597.7554813702,3,26.131592088377317,江戸川
葛飾区|高砂2丁目,264597.7554813702,3,78.3892053456459,江戸川
葛飾区|高砂2丁目,264597.7554813702,3,52.2570817995008,江戸川
葛飾区|高砂2丁目,264597.7554813702,3,52.250695781178806,江戸川
葛飾区|高砂2丁目,264597.7554813702,3,2822.0000595283136,江戸川
葛飾区|高砂2丁目,264597.7554813702,3,26.131793722767014,江戸川
葛飾区|高砂2丁目,264597.7554813702,3,130.66185357821178,江戸川
葛飾区|高砂2丁目,264597.7554813702,3,78.39056149741955,江戸川
葛飾区|高砂2丁目,264597.7554813702,3,26.132250781004473,江戸川
葛飾区|高砂2丁目,264597.7554813702,3,26.12640351253159,江戸川
葛飾区|高砂2丁目,264597.7554813702,3,3753.7403356545333,江戸川
葛飾区|高砂2丁目,264597.7554813702,3,287.4259096410469,江戸川
葛飾区|高砂2丁目,264597.7554813702,3,52.264971908401996,江戸川
葛飾区|高砂2丁目,264597.7554813702,3,26.126234846932,江戸川
葛飾区|高砂2丁目,264597.7554813702,3,52.26409863159411,江戸川
葛飾区|高砂2丁目,264597.7554813702,3,104.5193073804704,江戸川
葛飾区|高砂2丁目,264597.7554813702,3,26.126234888275732,江戸川
葛飾区|高砂2丁目,264597.7554813702,3,130.64359281755165,江戸川
葛飾区|高砂2丁目,264597.7554813702,3,78.39397117418686,江戸川
葛飾区|高砂2丁目,264597.7554813702,3,104.51981084558462,江戸川
葛飾区|高砂2丁目,264597.7554813702,3,1.7848691045422342,江戸川
葛飾区|高砂2丁目,264597.7554813702,3,283.19210234470546,江戸川
葛飾区|高砂2丁目,264597.7554813702,3,0.019813637050777304,江戸川
葛飾区|高砂2丁目,264597.7554813702,3,26.130920302660922,江戸川
葛飾区|高砂2丁目,264597.7554813702,3,26.130947193165895,江戸川
葛飾区|高砂2丁目,264597.7554813702,3,104.51185952158673,江戸川
葛飾区|高砂3丁目,199550.15825805572,2,102049.23146849607,江戸川
葛飾区|高砂3丁目,199550.15825805572,2,103.85576314315763,江戸川
葛飾区|高砂3丁目,199550.15825805572,2,132.04856079009105,江戸川
葛飾区|高砂3丁目,199550.15825805572,2,182.90758902931012,江戸川
葛飾区|高砂3丁目,199550.15825805572,2,26.13108244044261,江戸川
葛飾区|高砂3丁目,199550.15825805572,2,339.67709521455726,江戸川
葛飾区|高砂3丁目,199550.15825805572,2,52.26309986645429,江戸川
葛飾区|高砂3丁目,199550.15825805572,2,496.4550899919211,江戸川
葛飾区|高砂3丁目,199550.15825805572,2,313.55123619942793,江戸川
葛飾区|高砂3丁目,199550.15825805572,2,52.25623038848813,江戸川
葛飾区|高砂3丁目,199550.15825805572,2,130.6374490663067,江戸川
葛飾区|高砂3丁目,199550.15825805572,2,444.1855567076074,江戸川
葛飾区|高砂3丁目,199550.15825805572,2,78.38843646772996,江戸川
葛飾区|高砂3丁目,199550.15825805572,2,26.124825548976023,江戸川
葛飾区|高砂3丁目,199550.15825805572,2,470.3382090841975,江戸川
葛飾区|高砂3丁目,199550.15825805572,2,731.6104958947448,江戸川
葛飾区|高砂3丁目,199550.15825805572,2,26.131849082679878,江戸川
葛飾区|高砂3丁目,199550.15825805572,2,104.51519035882959,江戸川
葛飾区|高砂3丁目,199550.15825805572,2,1646.113540057909,江戸川
葛飾区|高砂3丁目,199550.15825805572,2,3239.9975831295924,江戸川
葛飾区|高砂3丁目,199550.15825805572,2,548.694705358458,江戸川
葛飾区|高砂3丁目,199550.15825805572,2,235.16543914188915,江戸川
葛飾区|高砂3丁目,199550.15825805572,2,50.72469197750871,江戸川
葛飾区|高砂3丁目,199550.15825805572,2,78.37988814184004,江戸川
葛飾区|高砂3丁目,199550.15825805572,2,78.38677135865458,江戸川
葛飾区|高砂3丁目,199550.15825805572,3,7586.096131907576,江戸川
葛飾区|高砂3丁目,199550.15825805572,3,3860.2721454142593,江戸川
葛飾区|高砂3丁目,199550.15825805572,3,72903.66745161849,江戸川
葛飾区|高砂3丁目,199550.15825805572,3,76.60445110065568,江戸川
葛飾区|高砂3丁目,199550.15825805572,3,579.0705184255983,江戸川
葛飾区|高砂3丁目,199550.15825805572,3,130.62540560375774,江戸川
葛飾区|高砂3丁目,199550.15825805572,3,104.51927404737249,江戸川
葛飾区|高砂3丁目,199550.15825805572,3,26.12522759217129,江戸川
葛飾区|高砂3丁目,199550.15825805572,3,26.124905238232994,江戸川
葛飾区|高砂3丁目,199550.15825805572,3,52.250374821912466,江戸川
葛飾区|高砂3丁目,199550.15825805572,3,104.51621490989557,江戸川
葛飾区|高砂3丁目,199550.15825805572,3,26.13215727090528,江戸川
葛飾区|高砂3丁目,199550.15825805572,3,26.13160634302227,江戸川
葛飾区|高砂3丁目,199550.15825805572,3,470.3505212338464,江戸川
葛飾区|高砂3丁目,199550.15825805572,3,104.52087485576648,江戸川
葛飾区|高砂3丁目,199550.15825805572,3,26.131923158805385,江戸川
葛飾区|高砂3丁目,199550.15825805572,3,235.17958022691107,江戸川
葛飾区|高砂3丁目,199550.15825805572,3,52.25118186775461,江戸川
葛飾区|高砂3丁目,199550.15825805572,3,78.37725646521314,江戸川
葛飾区|高砂3丁目,199550.15825805572,3,26.125631246453477,江戸川
葛飾区|高砂3丁目,199550.15825805572,3,78.37645945820884,江戸川
葛飾区|高砂3丁目,199550.15825805572,3,156.79243029907946,江戸川
葛飾区|高砂3丁目,199550.15825805572,3,26.131647272051197,江戸川
葛飾区|高砂3丁目,199550.15825805572,3,235.16710861107276,江戸川
葛飾区|高砂3丁目,199550.15825805572,3,26.125712069999906,江戸川
葛飾区|高砂3丁目,199550.15825805572,3,52.251472033031675,江戸川
葛飾区|高砂3丁目,199550.15825805572,3,842.4687480267089,江戸川
葛飾区|高砂4丁目,148969.2963176757,2,111549.47073382608,江戸川
葛飾区|高砂4丁目,148969.2963176757,2,470.3350857621787,江戸川
葛飾区|高砂4丁目,148969.2963176757,2,104.51380580749283,江戸川
葛飾区|高砂4丁目,148969.2963176757,2,5.420403357341402,江戸川
葛飾区|高砂4丁目,148969.2963176757,2,37.78987032018593,江戸川
葛飾区|高砂4丁目,148969.2963176757,2,46.495627036433,江戸川
葛飾区|高砂4丁目,148969.2963176757,2,20.53928306333239,江戸川
葛飾区|高砂4丁目,148969.2963176757,2,4023.9753989385777,江戸川
葛飾区|高砂4丁目,148969.2963176757,2,21.312066584732626,江戸川
葛飾区|高砂4丁目,148969.2963176757,2,52.251071997223164,江戸川
葛飾区|高砂4丁目,148969.2963176757,2,26.131402554689295,江戸川
葛飾区|高砂4丁目,148969.2963176757,2,470.3407167095296,江戸川
葛飾区|高砂4丁目,148969.2963176757,2,26.13100282072755,江戸川
葛飾区|高砂4丁目,148969.2963176757,2,130.64267456520128,江戸川
葛飾区|高砂4丁目,148969.2963176757,2,31.700746964938336,江戸川
葛飾区|高砂4丁目,148969.2963176757,3,8.04737551852813,江戸川
葛飾区|高砂4丁目,148969.2963176757,3,25612.25420319502,江戸川
葛飾区|高砂4丁目,148969.2963176757,3,516.3129567839865,江戸川
葛飾区|高砂4丁目,148969.2963176757,3,22.24870583591656,江戸川
葛飾区|高砂4丁目,148969.2963176757,3,75.27862610911954,江戸川
葛飾区|高砂4丁目,148969.2963176757,3,391.95792136665716,江戸川
葛飾区|高砂4丁目,148969.2963176757,3,78.3953874741558,江戸川
葛飾区|高砂4丁目,148969.2963176757,3,26.131513629738706,江戸川
葛飾区|高砂4丁目,148969.2963176757,3,78.39562943670485,江戸川
葛飾区|高砂4丁目,148969.2963176757,3,26.131204585290106,江戸川
葛飾区|高砂4丁目,148969.2963176757,3,26.1309985729308,江戸川
葛飾区|高砂4丁目,148969.2963176757,3,26.131795896326597,江戸川
葛飾区|高砂4丁目,148969.2963176757,3,1149.688057754937,江戸川
葛飾区|高砂4丁目,148969.2963176757,3,26.131722784286552,江戸川
葛飾区|高砂4丁目,148969.2963176757,3,26.125962195989338,江戸川
葛飾区|高砂4丁目,148969.2963176757,3,418.0819541526783,江戸川
葛飾区|高砂4丁目,148969.2963176757,3,926.5740108738128,江戸川
葛飾区|高砂4丁目,148969.2963176757,3,26.12490693083511,江戸川
葛飾区|高砂4丁目,148969.2963176757,3,52.25631326589767,江戸川
葛飾区|高砂4丁目,148969.2963176757,3,26.125438367051586,江戸川
葛飾区|高砂4丁目,148969.2963176757,3,26.13222012005831,江戸川
葛飾区|高砂4丁目,148969.2963176757,3,26.125753330920958,江戸川
葛飾区|高砂4丁目,148969.2963176757,3,26.125914544422383,江戸川
葛飾区|高砂4丁目,148969.2963176757,3,26.125720549667108,江戸川
葛飾区|高砂4丁目,148969.2963176757,3,26.125632449566904,江戸川
葛飾区|高砂4丁目,148969.2963176757,3,78.38363881524947,江戸川
葛飾区|高砂4丁目,148969.2963176757,3,78.37774387700047,江戸川
葛飾区|高砂4丁目,148969.2963176757,3,470.3483159722814,江戸川
葛飾区|高砂4丁目,148969.2963176757,3,26.131715635246177,江戸川
葛飾区|高砂4丁目,148969.2963176757,3,156.7915436710114,江戸川
葛飾区|高砂4丁目,148969.2963176757,3,130.65857865900807,江戸川
葛飾区|高砂4丁目,148969.2963176757,3,52.258167957034395,江戸川
葛飾区|高砂4丁目,148969.2963176757,3,124.79502807926099,江戸川
葛飾区|高砂4丁目,148969.2963176757,3,26.12563278564007,江戸川
葛飾区|高砂4丁目,148969.2963176757,3,130.6476510902547,江戸川
葛飾区|高砂4丁目,148969.2963176757,3,26.125753746867215,江戸川
葛飾区|高砂4丁目,148969.2963176757,3,26.13226085545219,江戸川
葛飾区|高砂4丁目,148969.2963176757,3,26.13132618650272,江戸川
葛飾区|高砂4丁目,148969.2963176757,3,26.132060758333708,江戸川
葛飾区|高砂4丁目,148969.2963176757,3,26.125277656370855,江戸川
葛飾区|高砂4丁目,148969.2963176757,3,287.44392809405724,江戸川
葛飾区|高砂4丁目,148969.2963176757,3,45.74698359110473,江戸川
葛飾区|高砂4丁目,148969.2963176757,3,26.132247560736822,江戸川
葛飾区|高砂4丁目,148969.2963176757,3,26.125753915758033,江戸川
葛飾区|高砂4丁目,148969.2963176757,3,52.264850561222076,江戸川
葛飾区|高砂4丁目,148969.2963176757,3,26.12575398061565,江戸川
葛飾区|高砂4丁目,148969.2963176757,3,261.29005336423285,江戸川
葛飾区|高砂4丁目,148969.2963176757,3,26.125189778108833,江戸川
葛飾区|高砂4丁目,148969.2963176757,3,26.131890819515185,江戸川
葛飾区|高砂4丁目,148969.2963176757,3,52.262948580786194,江戸川
葛飾区|高砂4丁目,148969.2963176757,3,26.131890917683513,江戸川
葛飾区|高砂4丁目,148969.2963176757,3,22.140314733405344,江戸川
葛飾区|高砂5丁目,250055.61153494575,1,2.2431453444419933,江戸川
葛飾区|高砂5丁目,250055.61153494575,1,26.131074312801452,江戸川
葛飾区|高砂5丁目,250055.61153494575,1,26.130838419266077,江戸川
葛飾区|高砂5丁目,250055.61153494575,1,26.130986309308664,江戸川
葛飾区|高砂5丁目,250055.61153494575,1,26.130999794344753,江戸川
葛飾区|高砂5丁目,250055.61153494575,1,26.130986398468465,江戸川
葛飾区|高砂5丁目,250055.61153494575,1,26.131208907658127,江戸川
葛飾区|高砂5丁目,250055.61153494575,1,52.25576912406988,江戸川
葛飾区|高砂5丁目,250055.61153494575,1,26.12491126796286,江戸川
葛飾区|高砂5丁目,250055.61153494575,1,26.124702393165123,江戸川
葛飾区|高砂5丁目,250055.61153494575,1,221.9258320276476,江戸川
葛飾区|高砂5丁目,250055.61153494575,2,135274.65083716996,江戸川
葛飾区|高砂5丁目,250055.61153494575,2,46.84212159614737,江戸川
葛飾区|高砂5丁目,250055.61153494575,2,52.26231606773833,江戸川
葛飾区|高砂5丁目,250055.61153494575,2,249.63467009151395,江戸川
葛飾区|高砂5丁目,250055.61153494575,2,52.250023491942,江戸川
葛飾区|高砂5丁目,250055.61153494575,2,104.52472807025059,江戸川
葛飾区|高砂5丁目,250055.61153494575,2,84.14800047820519,江戸川
葛飾区|高砂5丁目,250055.61153494575,2,5.592252219434281,江戸川
葛飾区|高砂5丁目,250055.61153494575,2,30.938279772308213,江戸川
葛飾区|高砂5丁目,250055.61153494575,2,26.130999754480378,江戸川
葛飾区|高砂5丁目,250055.61153494575,2,52.262196015306756,江戸川
葛飾区|高砂5丁目,250055.61153494575,2,26.130766885862883,江戸川
葛飾区|高砂5丁目,250055.61153494575,2,52.25512709820931,江戸川
葛飾区|高砂5丁目,250055.61153494575,2,156.7703909665916,江戸川
葛飾区|高砂5丁目,250055.61153494575,2,26.12430052130082,江戸川
葛飾区|高砂5丁目,250055.61153494575,2,26.130665444177197,江戸川
葛飾区|高砂5丁目,250055.61153494575,2,261.2825745371102,江戸川
葛飾区|高砂5丁目,250055.61153494575,2,52.26081427557505,江戸川
葛飾区|高砂5丁目,250055.61153494575,2,26.130928328135546,江戸川
葛飾区|高砂5丁目,250055.61153494575,2,52.254644412157496,江戸川
葛飾区|高砂5丁目,250055.61153494575,2,365.79291292790117,江戸川
葛飾区|高砂5丁目,250055.61153494575,2,26.130512274846637,江戸川
葛飾区|高砂5丁目,250055.61153494575,2,52.260815818005284,江戸川
葛飾区|高砂5丁目,250055.61153494575,2,209.0300282607569,江戸川
葛飾区|高砂5丁目,250055.61153494575,2,182.9075083581863,江戸川
葛飾区|高砂5丁目,250055.61153494575,2,653.2171233147071,江戸川
葛飾区|高砂5丁目,250055.61153494575,2,1.5370921785863236,江戸川
葛飾区|高砂5丁目,250055.61153494575,2,104.51052798812445,江戸川
葛飾区|高砂5丁目,250055.61153494575,2,261.28844890233154,江戸川
葛飾区|高砂5丁目,250055.61153494575,2,940.6164292914293,江戸川
葛飾区|高砂5丁目,250055.61153494575,2,26.13082829331813,江戸川
葛飾区|高砂5丁目,250055.61153494575,2,26.13105081590605,江戸川
葛飾区|高砂5丁目,250055.61153494575,2,52.26187926814241,江戸川
葛飾区|高砂5丁目,250055.61153494575,2,26.13092255508125,江戸川
葛飾区|高砂5丁目,250055.61153494575,2,365.7966381796628,江戸川
葛飾区|高砂5丁目,250055.61153494575,2,20.555082565714976,江戸川
葛飾区|高砂5丁目,250055.61153494575,2,78.39200202484069,江戸川
葛飾区|高砂5丁目,250055.61153494575,2,26.131070630696172,江戸川
葛飾区|高砂5丁目,250055.61153494575,3,459.7345214569258,江戸川
葛飾区|高砂5丁目,250055.61153494575,3,86978.21177856303,江戸川
葛飾区|高砂5丁目,250055.61153494575,3,5.855514722458237,江戸川
葛飾区|高砂5丁目,250055.61153494575,3,6.515931722399071,江戸川
葛飾区|高砂5丁目,250055.61153494575,3,810.0090525970054,江戸川
葛飾区|高砂5丁目,250055.61153494575,3,26.131205666845176,江戸川
葛飾区|高砂5丁目,250055.61153494575,3,26.125189914809816,江戸川
葛飾区|高砂5丁目,250055.61153494575,3,0.0161055219148177,江戸川
葛飾区|高砂5丁目,250055.61153494575,3,2.472715950920687,江戸川
葛飾区|高砂5丁目,250055.61153494575,3,26.12446106297122,江戸川
葛飾区|高砂5丁目,250055.61153494575,3,52.25514080641143,江戸川
葛飾区|高砂5丁目,250055.61153494575,3,78.39151866061223,江戸川
葛飾区|高砂5丁目,250055.61153494575,3,52.254803870443546,江戸川
葛飾区|高砂5丁目,250055.61153494575,3,52.24835853908842,江戸川
葛飾区|高砂5丁目,250055.61153494575,3,78.3853616063354,江戸川
葛飾区|高砂5丁目,250055.61153494575,3,52.25493837798657,江戸川
葛飾区|高砂5丁目,250055.61153494575,3,52.255019015933925,江戸川
葛飾区|高砂5丁目,250055.61153494575,3,365.7920315054295,江戸川
葛飾区|高砂5丁目,250055.61153494575,3,26.13031873119571,江戸川
葛飾区|高砂5丁目,250055.61153494575,3,52.25453537222391,江戸川
葛飾区|高砂5丁目,250055.61153494575,3,78.37311382281649,江戸川
葛飾区|高砂5丁目,250055.61153494575,3,470.3089531953137,江戸川
葛飾区|高砂5丁目,250055.61153494575,3,209.02466843755252,江戸川
葛飾区|高砂5丁目,250055.61153494575,3,26.12414042546014,江戸川
葛飾区|高砂5丁目,250055.61153494575,3,52.25482842922213,江戸川
葛飾区|高砂5丁目,250055.61153494575,3,130.64015806410578,江戸川
葛飾区|高砂5丁目,250055.61153494575,3,78.39119448133454,江戸川
葛飾区|高砂5丁目,250055.61153494575,3,78.37335693962213,江戸川
葛飾区|高砂5丁目,250055.61153494575,3,52.261059206569364,江戸川
葛飾区|高砂5丁目,250055.61153494575,3,26.130559545717247,江戸川
葛飾区|高砂5丁目,250055.61153494575,3,26.130478953079212,江戸川
葛飾区|高砂5丁目,250055.61153494575,3,418.05082884476104,江戸川
葛飾区|高砂6丁目,152552.9792605085,1,182.89345501925885,江戸川
葛飾区|高砂6丁目,152552.9792605085,1,26.129655020995862,江戸川
葛飾区|高砂6丁目,152552.9792605085,1,130.63499475395662,江戸川
葛飾区|高砂6丁目,152552.9792605085,1,26.129837200373583,江戸川
葛飾区|高砂6丁目,152552.9792605085,1,52.25951919649016,江戸川
葛飾区|高砂6丁目,152552.9792605085,1,26.12974917557321,江戸川
葛飾区|高砂6丁目,152552.9792605085,1,52.26006305039147,江戸川
葛飾区|高砂6丁目,152552.9792605085,1,26.130361589955854,江戸川
葛飾区|高砂6丁目,152552.9792605085,1,26.12389525702556,江戸川
葛飾区|高砂6丁目,152552.9792605085,1,26.130260148425126,江戸川
葛飾区|高砂6丁目,152552.9792605085,1,26.130509520504777,江戸川
葛飾区|高砂6丁目,152552.9792605085,1,26.130434956550616,江戸川
葛飾区|高砂6丁目,152552.9792605085,1,26.130670897638364,江戸川
葛飾区|高砂6丁目,152552.9792605085,1,26.130269332178027,江戸川
葛飾区|高砂6丁目,152552.9792605085,1,26.1305963251407,江戸川
葛飾区|高砂6丁目,152552.9792605085,1,104.51024707235814,江戸川
葛飾区|高砂6丁目,152552.9792605085,2,100796.70152222914,江戸川
葛飾区|高砂6丁目,152552.9792605085,2,52.25356366142923,江戸川
葛飾区|高砂6丁目,152552.9792605085,2,26.130058383962417,江戸川
葛飾区|高砂6丁目,152552.9792605085,2,52.254370476290546,江戸川
葛飾区|高砂6丁目,152552.9792605085,2,209.0335495210358,江戸川
葛飾区|高砂6丁目,152552.9792605085,3,2322.968595711277,江戸川
葛飾区|高砂7丁目,205275.07871137018,2,193260.73639191187,江戸川
葛飾区|高砂7丁目,205275.07871137018,2,104.50385039558027,江戸川
葛飾区|高砂7丁目,205275.07871137018,2,26.129234469922732,江戸川
葛飾区|高砂7丁目,205275.07871137018,3,2190.509411251304,江戸川
葛飾区|高砂7丁目,205275.07871137018,3,78.38476092552011,江戸川
葛飾区|高砂7丁目,205275.07871137018,3,313.5458374022238,江戸川
葛飾区|高砂7丁目,205275.07871137018,3,52.25772259536011,江戸川
葛飾区|高砂7丁目,205275.07871137018,3,130.63278452254096,江戸川
葛飾区|高砂7丁目,205275.07871137018,3,3448.7915448188796,江戸川
葛飾区|高砂7丁目,205275.07871137018,3,78.38201420585963,江戸川
葛飾区|高砂7丁目,205275.07871137018,3,705.4531992144807,江戸川
葛飾区|高砂7丁目,205275.07871137018,3,209.01406285228495,江戸川
葛飾区|高砂7丁目,205275.07871137018,3,26.129105755108597,江戸川
葛飾区|高砂7丁目,205275.07871137018,3,52.258696787967125,江戸川
葛飾区|高砂7丁目,205275.07871137018,3,52.24674561684769,江戸川
葛飾区|高砂7丁目,205275.07871137018,3,26.129597128425374,江戸川
葛飾区|高砂7丁目,205275.07871137018,3,4519.973751515987,江戸川
葛飾区|高砂8丁目,119346.91859332773,2,52859.8588763791,江戸川
葛飾区|高砂8丁目,119346.91859332773,2,26.129818542892547,江戸川
葛飾区|高砂8丁目,119346.91859332773,2,78.37622313482704,江戸川
葛飾区|高砂8丁目,119346.91859332773,2,78.38362857018106,江戸川
葛飾区|高砂8丁目,119346.91859332773,2,339.6546376860869,江戸川
葛飾区|高砂8丁目,119346.91859332773,2,104.51845662399128,江戸川
葛飾区|高砂8丁目,119346.91859332773,2,261.2806004601405,江戸川
葛飾区|高砂8丁目,119346.91859332773,2,1410.9200047828278,江戸川
葛飾区|高砂8丁目,119346.91859332773,2,365.79004070928784,江戸川
葛飾区|高砂8丁目,119346.91859332773,2,627.0701418962578,江戸川
葛飾区|高砂8丁目,119346.91859332773,2,313.53243829547915,江戸川
葛飾区|高砂8丁目,119346.91859332773,2,130.64206082519453,江戸川
葛飾区|高砂8丁目,119346.91859332773,2,130.64852552135238,江戸川
葛飾区|高砂8丁目,119346.91859332773,2,548.6924428588568,江戸川
葛飾区|高砂8丁目,119346.91859332773,2,26.130061075002757,江戸川
葛飾区|高砂8丁目,119346.91859332773,2,914.4801712670019,江戸川
葛飾区|高砂8丁目,119346.91859332773,2,574.8165437617841,江戸川
葛飾区|高砂8丁目,119346.91859332773,2,52.259571678780155,江戸川
葛飾区|高砂8丁目,119346.91859332773,2,52.25420882713148,江戸川
葛飾区|高砂8丁目,119346.91859332773,2,26.123704048172918,江戸川
葛飾区|高砂8丁目,119346.91859332773,2,52.25982710187521,江戸川
葛飾区|高砂8丁目,119346.91859332773,2,52.25969580385681,江戸川
葛飾区|高砂8丁目,119346.91859332773,2,26.129994258408882,江戸川
葛飾区|高砂8丁目,119346.91859332773,2,52.2605067316915,江戸川
葛飾区|高砂8丁目,119346.91859332773,2,78.38363167426606,江戸川
葛飾区|高砂8丁目,119346.91859332773,2,182.8992029618993,江戸川
葛飾区|高砂8丁目,119346.91859332773,2,26.130142459912825,江戸川
葛飾区|高砂8丁目,119346.91859332773,3,59632.155525342576,江戸川
葛飾区|高砂8丁目,119346.91859332773,3,26.123614931871998,江戸川
葛飾区|高砂8丁目,119346.91859332773,3,52.26014808833266,江戸川
葛飾区|高砂8丁目,119346.91859332773,3,244.49414702868458,江戸川
葛飾区|宝町1丁目,171568.9851365397,2,171568.98513653976,江戸川
葛飾区|宝町2丁目,245853.70057662242,2,245853.70057662245,江戸川
葛飾区|立石1丁目,102135.92666924071,2,102135.92666924068,江戸川
葛飾区|立石2丁目,165234.99117735878,2,165234.99117735875,江戸川
葛飾区|立石3丁目,143610.83780340894,2,143610.83780340888,江戸川
葛飾区|立石4丁目,122703.41284810785,2,122677.28520012529,江戸川
葛飾区|立石4丁目,122703.41284810785,3,26.127647982559502,江戸川
葛飾区|立石5丁目,184884.1596837424,1,339.69793075430175,江戸川
葛飾区|立石5丁目,184884.1596837424,1,26.133126554642885,江戸川
葛飾区|立石5丁目,184884.1596837424,2,184492.19569550283,江戸川
葛飾区|立石6丁目,208489.31095326232,1,156.78288534680615,江戸川
葛飾区|立石6丁目,208489.31095326232,2,208332.52806791555,江戸川
葛飾区|立石7丁目,122512.86357497239,1,52.26879590953746,江戸川
葛飾区|立石7丁目,122512.86357497239,2,122460.59477906283,江戸川
葛飾区|立石8丁目,321510.1916243164,1,434.8922262248399,江戸川
葛飾区|立石8丁目,321510.1916243164,1,52.26395291845549,江戸川
葛飾区|立石8丁目,321510.1916243164,1,104.5270949508005,江戸川
葛飾区|立石8丁目,321510.1916243164,1,52.2694654920992,江戸川
葛飾区|立石8丁目,321510.1916243164,1,261.334633027869,江戸川
葛飾区|立石8丁目,321510.1916243164,1,156.78317202394663,江戸川
葛飾区|立石8丁目,321510.1916243164,1,78.39135397611801,江戸川
葛飾区|立石8丁目,321510.1916243164,1,52.269157071394176,江戸川
葛飾区|立石8丁目,321510.1916243164,1,78.39756467866992,江戸川
葛飾区|立石8丁目,321510.1916243164,1,52.26923787482994,江戸川
葛飾区|立石8丁目,321510.1916243164,1,78.40420711277902,江戸川
葛飾区|立石8丁目,321510.1916243164,1,209.0513167196547,江戸川
葛飾区|立石8丁目,321510.1916243164,1,104.53233919187332,江戸川
葛飾区|立石8丁目,321510.1916243164,1,52.26299640197989,江戸川
葛飾区|立石8丁目,321510.1916243164,1,287.461568811382,江戸川
葛飾区|立石8丁目,321510.1916243164,1,52.26310096619521,江戸川
葛飾区|立石8丁目,321510.1916243164,1,1358.9042825863721,江戸川
葛飾区|立石8丁目,321510.1916243164,1,287.44978086398373,江戸川
葛飾区|立石8丁目,321510.1916243164,1,313.585462188988,江戸川
葛飾区|立石8丁目,321510.1916243164,1,52.25601037400177,江戸川
葛飾区|立石8丁目,321510.1916243164,1,52.269467352497415,江戸川
葛飾区|立石8丁目,321510.1916243164,1,209.06598065488254,江戸川
葛飾区|立石8丁目,321510.1916243164,1,26.134303869181824,江戸川
葛飾区|立石8丁目,321510.1916243164,1,78.40457170235435,江戸川
葛飾区|立石8丁目,321510.1916243164,1,156.80325310414682,江戸川
葛飾区|立石8丁目,321510.1916243164,1,26.134814455879987,江戸川
葛飾区|立石8丁目,321510.1916243164,1,52.26182737050674,江戸川
葛飾区|立石8丁目,321510.1916243164,1,705.5637533123942,江戸川
葛飾区|立石8丁目,321510.1916243164,1,26.12760245415864,江戸川
葛飾区|立石8丁目,321510.1916243164,1,26.13384725133895,江戸川
葛飾区|立石8丁目,321510.1916243164,1,52.26987099865656,江戸川
葛飾区|立石8丁目,321510.1916243164,1,26.133860708245372,江戸川
葛飾区|立石8丁目,321510.1916243164,1,26.127562225168624,江戸川
葛飾区|立石8丁目,321510.1916243164,1,26.127602525261842,江戸川
葛飾区|立石8丁目,321510.1916243164,1,26.128690535417988,江戸川
葛飾区|立石8丁目,321510.1916243164,1,26.127642878615404,江戸川
葛飾区|立石8丁目,321510.1916243164,1,26.13417737321926,江戸川
葛飾区|立石8丁目,321510.1916243164,1,26.134989388692603,江戸川
葛飾区|立石8丁目,321510.1916243164,1,78.39628583806102,江戸川
葛飾区|立石8丁目,321510.1916243164,1,52.26416531805497,江戸川
葛飾区|立石8丁目,321510.1916243164,1,26.134183349163607,江戸川
葛飾区|立石8丁目,321510.1916243164,1,156.78740922277916,江戸川
葛飾区|立石8丁目,321510.1916243164,1,52.268836945407436,江戸川
葛飾区|立石8丁目,321510.1916243164,1,52.2563337523924,江戸川
葛飾区|立石8丁目,321510.1916243164,1,26.13523885465989,江戸川
葛飾区|立石8丁目,321510.1916243164,1,104.5273901787945,江戸川
葛飾区|立石8丁目,321510.1916243164,1,26.134452130057262,江戸川
葛飾区|立石8丁目,321510.1916243164,1,156.79569053941051,江戸川
葛飾区|立石8丁目,321510.1916243164,1,26.135037356313855,江戸川
葛飾区|立石8丁目,321510.1916243164,1,182.93194121093214,江戸川
葛飾区|立石8丁目,321510.1916243164,1,78.39733404779491,江戸川
葛飾区|立石8丁目,321510.1916243164,1,26.134653664904214,江戸川
葛飾区|立石8丁目,321510.1916243164,1,52.269980744714154,江戸川
葛飾区|立石8丁目,321510.1916243164,1,26.134814870231992,江戸川
葛飾区|立石8丁目,321510.1916243164,1,26.135029844039472,江戸川
葛飾区|立石8丁目,321510.1916243164,1,52.263923971094094,江戸川
葛飾区|立石8丁目,321510.1916243164,1,37.26451309294604,江戸川
葛飾区|立石8丁目,321510.1916243164,2,237772.03290624503,江戸川
葛飾区|立石8丁目,321510.1916243164,2,26.128690441516426,江戸川
葛飾区|立石8丁目,321510.1916243164,2,26.127562250457338,江戸川
葛飾区|立石8丁目,321510.1916243164,2,26.128375965278508,江戸川
葛飾区|立石8丁目,321510.1916243164,2,313.5905451284362,江戸川
葛飾区|立石8丁目,321510.1916243164,2,78.39850298553698,江戸川
葛飾区|新宿1丁目,180887.24919841305,1,78.37927347298594,江戸川
葛飾区|新宿1丁目,180887.24919841305,1,156.75278159086935,江戸川
葛飾区|新宿1丁目,180887.24919841305,1,104.50807131089961,江戸川
葛飾区|新宿1丁目,180887.24919841305,1,78.3731469103795,江戸川
葛飾区|新宿1丁目,180887.24919841305,1,26.122483846263105,江戸川
葛飾区|新宿1丁目,180887.24919841305,1,52.25796704722973,江戸川
葛飾区|新宿1丁目,180887.24919841305,1,26.12905747037305,江戸川
葛飾区|新宿1丁目,180887.24919841305,1,26.128861903830344,江戸川
葛飾区|新宿1丁目,180887.24919841305,1,52.25154745971397,江戸川
葛飾区|新宿1丁目,180887.24919841305,1,156.76193593844593,江戸川
葛飾区|新宿1丁目,180887.24919841305,1,104.51650228116554,江戸川
葛飾区|新宿1丁目,180887.24919841305,1,26.129103914993152,江戸川
葛飾区|新宿1丁目,180887.24919841305,1,52.2582750223258,江戸川
葛飾区|新宿1丁目,180887.24919841305,1,276.7806974114784,江戸川
葛飾区|新宿1丁目,180887.24919841305,1,104.50008303411643,江戸川
葛飾区|新宿1丁目,180887.24919841305,1,104.4999337771666,江戸川
葛飾区|新宿1丁目,180887.24919841305,1,261.258047406675,江戸川
葛飾区|新宿1丁目,180887.24919841305,1,156.75803610056076,江戸川
葛飾区|新宿1丁目,180887.24919841305,2,120190.47221838801,江戸川
葛飾区|新宿1丁目,180887.24919841305,2,156.75237688754137,江戸川
葛飾区|新宿1丁目,180887.24919841305,2,52.251137804846486,江戸川
葛飾区|新宿1丁目,180887.24919841305,2,78.37983835138974,江戸川
葛飾区|新宿1丁目,180887.24919841305,2,52.257235294810734,江戸川
葛飾区|新宿1丁目,180887.24919841305,2,52.25154736320918,江戸川
葛飾区|新宿1丁目,180887.24919841305,2,261.27189742677814,江戸川
葛飾区|新宿1丁目,180887.24919841305,2,444.14737156190984,江戸川
葛飾区|新宿1丁目,180887.24919841305,2,339.6311950305318,江戸川
葛飾区|新宿1丁目,180887.24919841305,2,52.249486653307336,江戸川
葛飾区|新宿1丁目,180887.24919841305,2,26.128324214613293,江戸川
葛飾区|新宿1丁目,180887.24919841305,2,3726.138848145265,江戸川
葛飾区|新宿1丁目,180887.24919841305,2,26.127733249798077,江戸川
葛飾区|新宿1丁目,180887.24919841305,2,992.8001210637345,江戸川
葛飾区|新宿1丁目,180887.24919841305,3,78.38004724219802,江戸川
葛飾区|新宿1丁目,180887.24919841305,3,7498.187268528028,江戸川
葛飾区|新宿1丁目,180887.24919841305,3,26.12857950928792,江戸川
葛飾区|新宿1丁目,180887.24919841305,3,26.128775125351005,江戸川
葛飾区|新宿1丁目,180887.24919841305,3,600.9112597001401,江戸川
葛飾区|新宿1丁目,180887.24919841305,3,26.12856618287455,江戸川
葛飾区|新宿1丁目,180887.24919841305,3,156.75797941882732,江戸川
葛飾区|新宿1丁目,180887.24919841305,3,26.12224225619206,江戸川
葛飾区|新宿1丁目,180887.24919841305,3,52.25715967489422,江戸川
葛飾区|新宿1丁目,180887.24919841305,3,8462.918369061868,江戸川
葛飾区|新宿1丁目,180887.24919841305,3,78.37865091931765,江戸川
葛飾区|新宿1丁目,180887.24919841305,3,26.122168614947913,江戸川
葛飾区|新宿1丁目,180887.24919841305,3,26.1283242507493,江戸川
葛飾区|新宿1丁目,180887.24919841305,3,52.255855485361074,江戸川
葛飾区|新宿1丁目,180887.24919841305,3,52.2433554692049,江戸川
葛飾区|新宿1丁目,180887.24919841305,3,1071.1372611196673,江戸川
葛飾区|新宿1丁目,180887.24919841305,3,574.7783693151741,江戸川
葛飾区|新宿1丁目,180887.24919841305,3,26.121637944269466,江戸川
葛飾区|新宿1丁目,180887.24919841305,3,26.127700451276056,江戸川
葛飾区|新宿2丁目,221400.39063064265,1,287.3785694003968,江戸川
葛飾区|新宿2丁目,221400.39063064265,1,26.121152567003925,江戸川
葛飾区|新宿2丁目,221400.39063064265,1,26.12139447462647,江戸川
葛飾区|新宿2丁目,221400.39063064265,1,26.121434776735136,江戸川
葛飾区|新宿2丁目,221400.39063064265,1,26.12111226225099,江戸川
葛飾区|新宿2丁目,221400.39063064265,1,26.1276780491011,江戸川
葛飾区|新宿2丁目,221400.39063064265,1,104.49620975526707,江戸川
葛飾区|新宿2丁目,221400.39063064265,1,52.25413166426038,江戸川
葛飾区|新宿2丁目,221400.39063064265,1,26.127247977139078,江戸川
葛飾区|新宿2丁目,221400.39063064265,1,26.127772220373764,江戸川
葛飾区|新宿2丁目,221400.39063064265,1,26.12724194598697,江戸川
葛飾区|新宿2丁目,221400.39063064265,1,26.127708097869668,江戸川
葛飾区|新宿2丁目,221400.39063064265,1,26.12074952062234,江戸川
葛飾区|新宿2丁目,221400.39063064265,1,26.127799149649988,江戸川
葛飾区|新宿2丁目,221400.39063064265,1,26.127839484995036,江戸川
葛飾区|新宿2丁目,221400.39063064265,1,52.255625249666735,江戸川
葛飾区|新宿2丁目,221400.39063064265,1,182.86999537039628,江戸川
葛飾区|新宿2丁目,221400.39063064265,1,26.12783953539866,江戸川
葛飾区|新宿2丁目,221400.39063064265,1,26.12676423367116,江戸川
葛飾区|新宿2丁目,221400.39063064265,1,26.127080773828844,江戸川
葛飾区|新宿2丁目,221400.39063064265,1,52.24117680024815,江戸川
葛飾区|新宿2丁目,221400.39063064265,1,26.126764269300175,江戸川
葛飾区|新宿2丁目,221400.39063064265,1,26.120362952986355,江戸川
葛飾区|新宿2丁目,221400.39063064265,1,26.126670191927516,江戸川
葛飾区|新宿2丁目,221400.39063064265,1,52.24703021170147,江戸川
葛飾区|新宿2丁目,221400.39063064265,1,26.127647153535378,江戸川
葛飾区|新宿2丁目,221400.39063064265,1,26.12801450116899,江戸川
葛飾区|新宿2丁目,221400.39063064265,1,52.240612627231236,江戸川
葛飾区|新宿2丁目,221400.39063064265,1,26.128041407725416,江戸川
葛飾区|新宿2丁目,221400.39063064265,1,26.12022572802171,江戸川
葛飾区|新宿2丁目,221400.39063064265,1,26.12612833479006,江戸川
葛飾区|新宿2丁目,221400.39063064265,1,26.122007116103457,江戸川
葛飾区|新宿2丁目,221400.39063064265,1,26.126441885780288,江戸川
葛飾区|新宿2丁目,221400.39063064265,1,26.120354141893642,江戸川
葛飾区|新宿2丁目,221400.39063064265,1,52.2527897347781,江戸川
葛飾区|新宿2丁目,221400.39063064265,1,52.25629217551325,江戸川
葛飾区|新宿2丁目,221400.39063064265,1,52.252561335538964,江戸川
葛飾区|新宿2丁目,221400.39063064265,1,88.9819545101942,江戸川
葛飾区|新宿2丁目,221400.39063064265,1,104.49292054078825,江戸川
葛飾区|新宿2丁目,221400.39063064265,1,26.12011238005688,江戸川
葛飾区|新宿2丁目,221400.39063064265,1,26.119903445957846,江戸川
葛飾区|新宿2丁目,221400.39063064265,2,78656.40563946276,江戸川
葛飾区|新宿2丁目,221400.39063064265,2,287.3764370332618,江戸川
葛飾区|新宿2丁目,221400.39063064265,2,209.00301830194695,江戸川
葛飾区|新宿2丁目,221400.39063064265,2,287.38158634362225,江戸川
葛飾区|新宿2丁目,221400.39063064265,2,78.37095116554651,江戸川
葛飾区|新宿2丁目,221400.39063064265,2,313.50209971595484,江戸川
葛飾区|新宿2丁目,221400.39063064265,2,52.24744813767131,江戸川
葛飾区|新宿2丁目,221400.39063064265,2,26.126879241042438,江戸川
葛飾区|新宿2丁目,221400.39063064265,2,52.2470302508361,江戸川
葛飾区|新宿2丁目,221400.39063064265,2,52.24700040678729,江戸川
葛飾区|新宿2丁目,221400.39063064265,2,26.126838966962154,江戸川
葛飾区|新宿2丁目,221400.39063064265,2,26.120346623390432,江戸川
葛飾区|新宿2丁目,221400.39063064265,2,26.126589644449876,江戸川
葛飾区|新宿2丁目,221400.39063064265,2,26.120306350282355,江戸川
葛飾区|新宿2丁目,221400.39063064265,2,52.24662724165266,江戸川
葛飾区|新宿2丁目,221400.39063064265,2,26.126482169524323,江戸川
葛飾区|新宿2丁目,221400.39063064265,2,52.252310500738155,江戸川
葛飾区|新宿2丁目,221400.39063064265,2,26.120185495627396,江戸川
葛飾区|新宿2丁目,221400.39063064265,2,26.12010484823476,江戸川
葛飾区|新宿2丁目,221400.39063064265,2,26.12642846392285,江戸川
葛飾区|新宿2丁目,221400.39063064265,2,26.12035415992658,江戸川
葛飾区|新宿2丁目,221400.39063064265,2,52.240418746185824,江戸川
葛飾区|新宿2丁目,221400.39063064265,2,26.121112874586178,江戸川
葛飾区|新宿2丁目,221400.39063064265,2,182.87164142734528,江戸川
葛飾区|新宿2丁目,221400.39063064265,2,52.25264199736844,江戸川
葛飾区|新宿2丁目,221400.39063064265,2,26.126516582527266,江戸川
葛飾区|新宿2丁目,221400.39063064265,2,26.126280723409074,江戸川
葛飾区|新宿2丁目,221400.39063064265,2,52.246460342675846,江戸川
葛飾区|新宿2丁目,221400.39063064265,2,104.49874263358741,江戸川
葛飾区|新宿2丁目,221400.39063064265,2,52.252386776413886,江戸川
葛飾区|新宿2丁目,221400.39063064265,2,26.127436965380248,江戸川
葛飾区|新宿2丁目,221400.39063064265,2,104.50338534586155,江戸川
葛飾区|新宿2丁目,221400.39063064265,2,496.3848189474842,江戸川
葛飾区|新宿2丁目,221400.39063064265,3,26.12769144312773,江戸川
葛飾区|新宿2丁目,221400.39063064265,3,3004.4022428812423,江戸川
葛飾区|新宿2丁目,221400.39063064265,3,26.12763773774842,江戸川
葛飾区|新宿2丁目,221400.39063064265,3,1306.2852378852574,江戸川
葛飾区|新宿2丁目,221400.39063064265,3,78.37560232363903,江戸川
葛飾区|新宿2丁目,221400.39063064265,3,600.8810972290175,江戸川
葛飾区|新宿2丁目,221400.39063064265,3,26.127839471113315,江戸川
葛飾区|新宿2丁目,221400.39063064265,3,52.24823364170187,江戸川
葛飾区|新宿2丁目,221400.39063064265,3,26.127040497742364,江戸川
葛飾区|新宿2丁目,221400.39063064265,3,69884.32360660587,江戸川
葛飾区|新宿2丁目,221400.39063064265,3,52.25352438151627,江戸川
葛飾区|新宿2丁目,221400.39063064265,3,313.5016496257572,江戸川
葛飾区|新宿2丁目,221400.39063064265,3,2272.973347442846,江戸川
葛飾区|新宿2丁目,221400.39063064265,3,52.25529015895806,江戸川
葛飾区|新宿2丁目,221400.39063064265,3,26.121604293984063,江戸川
葛飾区|新宿2丁目,221400.39063064265,3,52.25551346752121,江戸川
葛飾区|新宿3丁目,248110.53920432218,2,222367.54981959437,江戸川
葛飾区|新宿3丁目,248110.53920432218,2,2586.406522548417,江戸川
葛飾区|新宿3丁目,248110.53920432218,2,470.2630868980689,江戸川
葛飾区|新宿3丁目,248110.53920432218,2,26.127297937905997,江戸川
葛飾区|新宿3丁目,248110.53920432218,2,1.1574568148703785,江戸川
葛飾区|新宿3丁目,248110.53920432218,2,52.241503495055966,江戸川
葛飾区|新宿3丁目,248110.53920432218,2,940.5139442070013,江戸川
葛飾区|新宿3丁目,248110.53920432218,2,26.120872757864714,江戸川
葛飾区|新宿3丁目,248110.53920432218,3,52.25769534319812,江戸川
葛飾区|新宿3丁目,248110.53920432218,3,104.5089861470322,江戸川
葛飾区|新宿3丁目,248110.53920432218,3,18969.50458576346,江戸川
葛飾区|新宿3丁目,248110.53920432218,3,261.25943630765136,江戸川
葛飾区|新宿3丁目,248110.53920432218,3,26.121323310543886,江戸川
葛飾区|新宿3丁目,248110.53920432218,3,104.49658275922248,江戸川
葛飾区|新宿3丁目,248110.53920432218,3,78.37620620582726,江戸川
葛飾区|新宿3丁目,248110.53920432218,3,52.24860796731524,江戸川
葛飾区|新宿3丁目,248110.53920432218,3,287.38521174055387,江戸川
葛飾区|新宿3丁目,248110.53920432218,3,156.76474230130128,江戸川
葛飾区|新宿3丁目,248110.53920432218,3,26.12746093011559,江戸川
葛飾区|新宿3丁目,248110.53920432218,3,1254.042865999741,江戸川
葛飾区|新宿3丁目,248110.53920432218,3,104.48503776651904,江戸川
葛飾区|新宿3丁目,248110.53920432218,3,52.242680357476175,江戸川
葛飾区|新宿3丁目,248110.53920432218,3,78.38279376358628,江戸川
葛飾区|新宿3丁目,248110.53920432218,3,18.75811460039932,江戸川
葛飾区|新宿3丁目,248110.53920432218,3,13.196368804544154,江戸川
葛飾区|新宿4丁目,146462.00408647806,2,4614.514280253381,江戸川
葛飾区|新宿4丁目,146462.00408647806,2,182.88849314469596,江戸川
葛飾区|新宿4丁目,146462.00408647806,2,52.24751562674605,江戸川
葛飾区|新宿4丁目,146462.00408647806,2,156.75266254348628,江戸川
葛飾区|新宿4丁目,146462.00408647806,2,444.12749854198574,江戸川
葛飾区|新宿4丁目,146462.00408647806,2,130.62702853899552,江戸川
葛飾区|新宿4丁目,146462.00408647806,2,26.12747757674076,江戸川
葛飾区|新宿4丁目,146462.00408647806,2,8673.344274710733,江戸川
葛飾区|新宿4丁目,146462.00408647806,2,52.24751589086775,江戸川
葛飾区|新宿4丁目,146462.00408647806,2,52.254337044695625,江戸川
葛飾区|新宿4丁目,146462.00408647806,2,104.49523538266874,江戸川
葛飾区|新宿4丁目,146462.00408647806,2,1698.1305314589213,江戸川
葛飾区|新宿4丁目,146462.00408647806,2,182.873391089722,江戸川
葛飾区|新宿4丁目,146462.00408647806,2,9.836323554467008,江戸川
葛飾区|新宿4丁目,146462.00408647806,2,78.38208408111139,江戸川
葛飾区|新宿4丁目,146462.00408647806,2,182.88578695135382,江戸川
葛飾区|新宿4丁目,146462.00408647806,2,182.87563381108689,江戸川
葛飾区|新宿4丁目,146462.00408647806,2,26.12039712276402,江戸川
葛飾区|新宿4丁目,146462.00408647806,2,52.24066282446435,江戸川
葛飾区|新宿4丁目,146462.00408647806,2,966.6287212342208,江戸川
葛飾区|新宿4丁目,146462.00408647806,2,52.246462640205415,江戸川
葛飾区|新宿4丁目,146462.00408647806,2,52.252630997798825,江戸川
葛飾区|新宿4丁目,146462.00408647806,2,52.252065181852885,江戸川
葛飾区|新宿4丁目,146462.00408647806,2,182.85302760974554,江戸川
葛飾区|新宿4丁目,146462.00408647806,2,365.74918824720686,江戸川
葛飾区|新宿4丁目,146462.00408647806,2,26.12663888087527,江戸川
葛飾区|新宿4丁目,146462.00408647806,2,156.74019990271066,江戸川
葛飾区|新宿4丁目,146462.00408647806,2,26.126840510909133,江戸川
葛飾区|新宿4丁目,146462.00408647806,2,52.25261782229473,江戸川
葛飾区|新宿4丁目,146462.00408647806,2,287.3678031161761,江戸川
葛飾区|新宿4丁目,146462.00408647806,2,26.126685315080096,江戸川
葛飾区|新宿4丁目,146462.00408647806,2,26.12051696295383,江戸川
葛飾区|新宿4丁目,146462.00408647806,2,52.24751173438907,江戸川
葛飾区|新宿4丁目,146462.00408647806,2,52.25380424450862,江戸川
葛飾区|新宿4丁目,146462.00408647806,2,104.49539268160012,江戸川
葛飾区|新宿4丁目,146462.00408647806,2,70.57874646254518,江戸川
葛飾区|新宿4丁目,146462.00408647806,3,126510.23133388493,江戸川
葛飾区|新宿4丁目,146462.00408647806,3,261.2553766914989,江戸川
葛飾区|新宿4丁目,146462.00408647806,3,209.00075203013225,江戸川
葛飾区|新宿4丁目,146462.00408647806,3,26.126640177613872,江戸川
葛飾区|新宿5丁目,179916.50797024558,1,52.239645729440156,江戸川
葛飾区|新宿5丁目,179916.50797024558,1,26.11978255147979,江戸川
葛飾区|新宿5丁目,179916.50797024558,1,52.2520449200465,江戸川
葛飾区|新宿5丁目,179916.50797024558,1,52.24518558179017,江戸川
葛飾区|新宿5丁目,179916.50797024558,1,52.24517653054402,江戸川
葛飾区|新宿5丁目,179916.50797024558,1,26.125531238587282,江戸川
葛飾区|新宿5丁目,179916.50797024558,1,52.251234199935446,江戸川
葛飾区|新宿5丁目,179916.50797024558,1,26.11913764994309,江戸川
葛飾区|新宿5丁目,179916.50797024558,1,26.125474442913042,江戸川
葛飾区|新宿5丁目,179916.50797024558,1,26.119097324381727,江戸川
葛飾区|新宿5丁目,179916.50797024558,1,104.49548166426169,江戸川
葛飾区|新宿5丁目,179916.50797024558,1,0.035870790077554,江戸川
葛飾区|新宿5丁目,179916.50797024558,1,104.48825824027043,江戸川
葛飾区|新宿5丁目,179916.50797024558,1,22.29947575051343,江戸川
葛飾区|新宿5丁目,179916.50797024558,1,52.2380019921031,江戸川
葛飾区|新宿5丁目,179916.50797024558,1,24.84578408082679,江戸川
葛飾区|新宿5丁目,179916.50797024558,1,26.11885642039502,江戸川
葛飾区|新宿5丁目,179916.50797024558,1,78.37595752245832,江戸川
葛飾区|新宿5丁目,179916.50797024558,1,130.59449915611185,江戸川
葛飾区|新宿5丁目,179916.50797024558,1,52.244258892022515,江戸川
葛飾区|新宿5丁目,179916.50797024558,1,52.24415446172589,江戸川
葛飾区|新宿5丁目,179916.50797024558,1,52.250144823481776,江戸川
葛飾区|新宿5丁目,179916.50797024558,1,6.1560162026665655,江戸川
葛飾区|新宿5丁目,179916.50797024558,2,698.2097843039542,江戸川
葛飾区|新宿5丁目,179916.50797024558,2,130.62400515299893,江戸川
葛飾区|新宿5丁目,179916.50797024558,2,26.126368833266707,江戸川
葛飾区|新宿5丁目,179916.50797024558,2,26.126106070790186,江戸川
葛飾区|新宿5丁目,179916.50797024558,2,26.126288210461244,江戸川
葛飾区|新宿5丁目,179916.50797024558,2,78.37157381244508,江戸川
葛飾区|新宿5丁目,179916.50797024558,2,261.23972506143565,江戸川
葛飾区|新宿5丁目,179916.50797024558,2,52.25232110238327,江戸川
葛飾区|新宿5丁目,179916.50797024558,2,52.239323349652985,江戸川
葛飾区|新宿5丁目,179916.50797024558,2,26.125904552061193,江戸川
葛飾区|新宿5丁目,179916.50797024558,2,548.5996831629844,江戸川
葛飾区|新宿5丁目,179916.50797024558,2,208.98654846176538,江戸川
葛飾区|新宿5丁目,179916.50797024558,2,235.1057597616173,江戸川
葛飾区|新宿5丁目,179916.50797024558,2,7732.560666720844,江戸川
葛飾区|新宿5丁目,179916.50797024558,2,26.119662054462296,江戸川
葛飾区|新宿5丁目,179916.50797024558,2,235.11613866578577,江戸川
葛飾区|新宿5丁目,179916.50797024558,2,104.49870890752705,江戸川
葛飾区|新宿5丁目,179916.50797024558,2,104.50514618376054,江戸川
葛飾区|新宿5丁目,179916.50797024558,2,52.246542310293734,江戸川
葛飾区|新宿5丁目,179916.50797024558,2,78.37122439744213,江戸川
葛飾区|新宿5丁目,179916.50797024558,2,78.35808524455503,江戸川
葛飾区|新宿5丁目,179916.50797024558,2,52.24557488248131,江戸川
葛飾区|新宿5丁目,179916.50797024558,2,52.25096836803739,江戸川
葛飾区|新宿5丁目,179916.50797024558,2,26.125993267900327,江戸川
葛飾区|新宿5丁目,179916.50797024558,2,496.35866700670255,江戸川
葛飾区|新宿5丁目,179916.50797024558,2,313.4801497562079,江戸川
葛飾区|新宿5丁目,179916.50797024558,2,548.6068320459444,江戸川
葛飾区|新宿5丁目,179916.50797024558,2,992.6943237255281,江戸川
葛飾区|新宿5丁目,179916.50797024558,2,235.11600620648673,江戸川
葛飾区|新宿5丁目,179916.50797024558,2,130.61545262377675,江戸川
葛飾区|新宿5丁目,179916.50797024558,2,78.37089433366941,江戸川
葛飾区|新宿5丁目,179916.50797024558,2,104.49565214876755,江戸川
葛飾区|新宿5丁目,179916.50797024558,2,52.24468670628898,江戸川
葛飾区|新宿5丁目,179916.50797024558,2,26.125508719761186,江戸川
葛飾区|新宿5丁目,179916.50797024558,2,1071.048880258049,江戸川
葛飾区|新宿5丁目,179916.50797024558,2,522.4687139474388,江戸川
葛飾区|新宿5丁目,179916.50797024558,2,283.19151847772724,江戸川
葛飾区|新宿5丁目,179916.50797024558,2,235.0997673886276,江戸川
葛飾区|新宿5丁目,179916.50797024558,2,574.7169446597985,江戸川
葛飾区|新宿5丁目,179916.50797024558,2,78.36971085560009,江戸川
葛飾区|新宿5丁目,179916.50797024558,2,78.3759567319698,江戸川
葛飾区|新宿5丁目,179916.50797024558,2,757.5846871242803,江戸川
葛飾区|新宿5丁目,179916.50797024558,2,104.50129592673348,江戸川
葛飾区|新宿5丁目,179916.50797024558,2,4176.954569144157,江戸川
葛飾区|新宿5丁目,179916.50797024558,2,417.9540792994826,江戸川
葛飾区|新宿5丁目,179916.50797024558,2,966.5480033047406,江戸川
葛飾区|新宿5丁目,179916.50797024558,2,156.7342462953896,江戸川
葛飾区|新宿5丁目,179916.50797024558,2,9.337284792129902,江戸川
葛飾区|新宿5丁目,179916.50797024558,2,26.125233371389022,江戸川
葛飾区|新宿5丁目,179916.50797024558,2,78.36330888930395,江戸川
葛飾区|新宿5丁目,179916.50797024558,2,496.3486389144117,江戸川
葛飾区|新宿5丁目,179916.50797024558,2,3.733305385292552,江戸川
葛飾区|新宿5丁目,179916.50797024558,3,120642.27136478928,江戸川
葛飾区|新宿5丁目,179916.50797024558,3,156.74169091242493,江戸川
葛飾区|新宿5丁目,179916.50797024558,3,104.49542777994353,江戸川
葛飾区|新宿5丁目,179916.50797024558,3,52.250864464773066,江戸川
葛飾区|新宿5丁目,179916.50797024558,3,78.37117734286605,江戸川
葛飾区|新宿5丁目,179916.50797024558,3,26.119339608503807,江戸川
葛飾区|新宿5丁目,179916.50797024558,3,26.125622726210626,江戸川
葛飾区|新宿5丁目,179916.50797024558,3,12.068280774928239,江戸川
葛飾区|新宿5丁目,179916.50797024558,3,26.125220231520203,江戸川
葛飾区|新宿5丁目,179916.50797024558,3,52.25037331092018,江戸川
葛飾区|新宿5丁目,179916.50797024558,3,12.93276594421099,江戸川
葛飾区|新宿5丁目,179916.50797024558,3,26.125139607168855,江戸川
葛飾区|新宿5丁目,179916.50797024558,3,0.0013699489294125501,江戸川
葛飾区|新宿5丁目,179916.50797024558,3,46.34967727711478,江戸川
葛飾区|新宿5丁目,179916.50797024558,3,43.29867499130562,江戸川
葛飾区|新宿5丁目,179916.50797024558,4,256.20083123801663,江戸川
葛飾区|新宿5丁目,179916.50797024558,4,463.66837717766816,江戸川
葛飾区|新宿6丁目,420826.09304174373,1,118.80150382061161,江戸川
葛飾区|新宿6丁目,420826.09304174373,1,26.117524090506066,江戸川
葛飾区|新宿6丁目,420826.09304174373,1,52.2484819065443,江戸川
葛飾区|新宿6丁目,420826.09304174373,1,52.248609220699834,江戸川
葛飾区|新宿6丁目,420826.09304174373,1,156.74015114485798,江戸川
葛飾区|新宿6丁目,420826.09304174373,1,26.12449290346365,江戸川
葛飾区|新宿6丁目,420826.09304174373,1,52.24900845896062,江戸川
葛飾区|新宿6丁目,420826.09304174373,1,26.124613912879994,江戸川
葛飾区|新宿6丁目,420826.09304174373,1,26.118620695002726,江戸川
葛飾区|新宿6丁目,420826.09304174373,1,26.11861343011909,江戸川
葛飾区|新宿6丁目,420826.09304174373,1,52.249773144069515,江戸川
葛飾区|新宿6丁目,420826.09304174373,1,52.2140928066881,江戸川
葛飾区|新宿6丁目,420826.09304174373,1,130.6085622487557,江戸川
葛飾区|新宿6丁目,420826.09304174373,1,7418.627942899242,江戸川
葛飾区|新宿6丁目,420826.09304174373,1,52.24251592005827,江戸川
葛飾区|新宿6丁目,420826.09304174373,1,182.8646849233175,江戸川
葛飾区|新宿6丁目,420826.09304174373,1,26.118097122086215,江戸川
葛飾区|新宿6丁目,420826.09304174373,1,3.825636323635086,江戸川
葛飾区|新宿6丁目,420826.09304174373,1,52.2486588864931,江戸川
葛飾区|新宿6丁目,420826.09304174373,1,26.117969116416518,江戸川
葛飾区|新宿6丁目,420826.09304174373,1,104.49703443160018,江戸川
葛飾区|新宿6丁目,420826.09304174373,1,1.2730319132515473,江戸川
葛飾区|新宿6丁目,420826.09304174373,1,26.124346228519556,江戸川
葛飾区|新宿6丁目,420826.09304174373,1,52.236180705698104,江戸川
葛飾区|新宿6丁目,420826.09304174373,1,156.7341991469795,江戸川
葛飾区|新宿6丁目,420826.09304174373,1,26.12401020812682,江戸川
葛飾区|新宿6丁目,420826.09304174373,1,26.124636109669556,江戸川
葛飾区|新宿6丁目,420826.09304174373,2,348758.37071327283,江戸川
葛飾区|新宿6丁目,420826.09304174373,2,26.123806670971536,江戸川
葛飾区|新宿6丁目,420826.09304174373,2,444.07551377277844,江戸川
葛飾区|新宿6丁目,420826.09304174373,2,26.118411714190927,江戸川
葛飾区|新宿6丁目,420826.09304174373,2,30.286256608689577,江戸川
葛飾区|新宿6丁目,420826.09304174373,2,16.787813919992207,江戸川
葛飾区|新宿6丁目,420826.09304174373,3,167.65523361367292,江戸川
葛飾区|新宿6丁目,420826.09304174373,3,78.3587840814884,江戸川
葛飾区|新宿6丁目,420826.09304174373,3,52.24780220945137,江戸川
葛飾区|新宿6丁目,420826.09304174373,3,26.12419082006909,江戸川
葛飾区|新宿6丁目,420826.09304174373,3,78.36575693276825,江戸川
葛飾区|新宿6丁目,420826.09304174373,3,78.36541242194266,江戸川
葛飾区|新宿6丁目,420826.09304174373,3,417.95570063729286,江戸川
葛飾区|新宿6丁目,420826.09304174373,3,49.383395894059746,江戸川
葛飾区|新宿6丁目,420826.09304174373,3,2.2139265064265863,江戸川
葛飾区|新宿6丁目,420826.09304174373,3,1835.4306839722844,江戸川
葛飾区|新宿6丁目,420826.09304174373,3,130.59469605842426,江戸川
葛飾区|新宿6丁目,420826.09304174373,3,26.125111798310606,江戸川
葛飾区|新宿6丁目,420826.09304174373,3,130.6241354443499,江戸川
葛飾区|新宿6丁目,420826.09304174373,3,522.4367667872484,江戸川
葛飾区|新宿6丁目,420826.09304174373,3,52.24289530124606,江戸川
葛飾区|新宿6丁目,420826.09304174373,3,26.124917561023658,江戸川
葛飾区|新宿6丁目,420826.09304174373,3,26.12532094148932,江戸川
葛飾区|新宿6丁目,420826.09304174373,3,156.71053996405297,江戸川
葛飾区|新宿6丁目,420826.09304174373,3,588.7344773524878,江戸川
葛飾区|新宿6丁目,420826.09304174373,3,2951.839383507773,江戸川
葛飾区|新宿6丁目,420826.09304174373,3,81.69271770023606,江戸川
葛飾区|新宿6丁目,420826.09304174373,3,388.9826871815778,江戸川
葛飾区|新宿6丁目,420826.09304174373,3,25.686091198611763,江戸川
葛飾区|新宿6丁目,420826.09304174373,4,2403.3174732950133,江戸川
葛飾区|新宿6丁目,420826.09304174373,4,103.66233585144094,江戸川
葛飾区|西亀有1丁目,235962.04810395555,1,26.122440458049937,江戸川
葛飾区|西亀有1丁目,235962.04810395555,1,26.128906424315566,江戸川
葛飾区|西亀有1丁目,235962.04810395555,1,26.128724277754024,江戸川
葛飾区|西亀有1丁目,235962.04810395555,1,130.63040450988132,江戸川
葛飾区|西亀有1丁目,235962.04810395555,1,26.122279307870414,江戸川
葛飾区|西亀有1丁目,235962.04810395555,1,52.257490492484,江戸川
葛飾区|西亀有1丁目,235962.04810395555,1,26.128576560620058,江戸川
葛飾区|西亀有1丁目,235962.04810395555,1,26.12860344332679,江戸川
葛飾区|西亀有1丁目,235962.04810395555,1,52.25730095624367,江戸川
葛飾区|西亀有1丁目,235962.04810395555,2,235308.88216808625,江戸川
葛飾区|西亀有2丁目,275620.27364348026,2,275620.2736434803,江戸川
葛飾区|西亀有3丁目,239651.70551046226,2,239651.70551046229,江戸川
葛飾区|西亀有4丁目,137990.23966166456,2,137990.2396616645,江戸川
葛飾区|西水元1丁目,259526.58786631768,1,679.0804865971289,江戸川
葛飾区|西水元1丁目,259526.58786631768,1,130.59120544947132,江戸川
葛飾区|西水元1丁目,259526.58786631768,1,26.12098828575563,江戸川
葛飾区|西水元1丁目,259526.58786631768,1,78.35660844130567,江戸川
葛飾区|西水元1丁目,259526.58786631768,1,26.120913859471624,江戸川
葛飾区|西水元1丁目,259526.58786631768,1,52.24197564960323,江戸川
葛飾区|西水元1丁目,259526.58786631768,1,26.12123043230286,江戸川
葛飾区|西水元1丁目,259526.58786631768,1,26.121405348145565,江戸川
葛飾区|西水元1丁目,259526.58786631768,1,52.23663620691613,江戸川
葛飾区|西水元1丁目,259526.58786631768,1,208.95257590605758,江戸川
葛飾区|西水元1丁目,259526.58786631768,1,26.1213847279122,江戸川
葛飾区|西水元1丁目,259526.58786631768,1,287.3113755951668,江戸川
葛飾区|西水元1丁目,259526.58786631768,1,78.36456104801343,江戸川
葛飾区|西水元1丁目,259526.58786631768,1,26.12172112746626,江戸川
葛飾区|西水元1丁目,259526.58786631768,1,3.968793234482507,江戸川
葛飾区|西水元1丁目,259526.58786631768,1,261.18402606935956,江戸川
葛飾区|西水元1丁目,259526.58786631768,1,104.47504006651282,江戸川
葛飾区|西水元1丁目,259526.58786631768,2,188124.19869707845,江戸川
葛飾区|西水元1丁目,259526.58786631768,2,78.35080339371007,江戸川
葛飾区|西水元1丁目,259526.58786631768,2,78.36504537003044,江戸川
葛飾区|西水元2丁目,239747.399124724,1,29.429621523440826,江戸川
葛飾区|西水元2丁目,239747.399124724,1,365.6316972630806,江戸川
葛飾区|西水元2丁目,239747.399124724,1,26.119299517332543,江戸川
葛飾区|西水元2丁目,239747.399124724,1,52.232452043958794,江戸川
葛飾区|西水元2丁目,239747.399124724,1,26.1195892282555,江戸川
葛飾区|西水元2丁目,239747.399124724,1,26.11333451041979,江戸川
葛飾区|西水元2丁目,239747.399124724,1,52.232795484930946,江戸川
葛飾区|西水元2丁目,239747.399124724,1,391.7628804207444,江戸川
葛飾区|西水元2丁目,239747.399124724,1,888.0057721447092,江戸川
葛飾区|西水元2丁目,239747.399124724,1,130.58152049692478,江戸川
葛飾区|西水元2丁目,239747.399124724,2,178977.00057079992,江戸川
葛飾区|西水元2丁目,239747.399124724,3,11.09925729807018,江戸川
葛飾区|西水元3丁目,361463.7320196493,1,52.229244064837815,江戸川
葛飾区|西水元3丁目,361463.7320196493,1,156.69564739874954,江戸川
葛飾区|西水元3丁目,361463.7320196493,1,104.46595228369003,江戸川
葛飾区|西水元3丁目,361463.7320196493,1,104.4675001482527,江戸川
葛飾区|西水元3丁目,361463.7320196493,1,130.580013304837,江戸川
葛飾区|西水元3丁目,361463.7320196493,1,156.6999655364613,江戸川
葛飾区|西水元3丁目,361463.7320196493,1,26.11876132229075,江戸川
葛飾区|西水元3丁目,361463.7320196493,1,78.35058814950385,江戸川
葛飾区|西水元3丁目,361463.7320196493,1,205.62314491156184,江戸川
葛飾区|西水元3丁目,361463.7320196493,1,49.97926523918934,江戸川
葛飾区|西水元3丁目,361463.7320196493,1,78.35194729457999,江戸川
葛飾区|西水元3丁目,361463.7320196493,1,52.22858723222999,江戸川
葛飾区|西水元3丁目,361463.7320196493,1,88.12636237153612,江戸川
葛飾区|西水元3丁目,361463.7320196493,1,26.117251750015264,江戸川
葛飾区|西水元3丁目,361463.7320196493,2,310933.84033441194,江戸川
葛飾区|西水元3丁目,361463.7320196493,2,287.2762793834649,江戸川
葛飾区|西水元3丁目,361463.7320196493,2,26.11817885341793,江戸川
葛飾区|西水元3丁目,361463.7320196493,3,52.23190772360041,江戸川
葛飾区|西水元3丁目,361463.7320196493,3,15.01371404396865,江戸川
葛飾区|西水元4丁目,214980.01534701016,1,26.11039112042613,江戸川
葛飾区|西水元4丁目,214980.01534701016,1,365.6185326631374,江戸川
葛飾区|西水元4丁目,214980.01534701016,1,26.116904797178712,江戸川
葛飾区|西水元4丁目,214980.01534701016,1,52.2336711309147,江戸川
葛飾区|西水元4丁目,214980.01534701016,1,26.11700615882897,江戸川
葛飾区|西水元4丁目,214980.01534701016,1,52.23340929104195,江戸川
葛飾区|西水元4丁目,214980.01534701016,1,26.116622352477812,江戸川
葛飾区|西水元4丁目,214980.01534701016,1,26.116676193153673,江戸川
葛飾区|西水元4丁目,214980.01534701016,1,26.116871665098643,江戸川
葛飾区|西水元4丁目,214980.01534701016,1,26.11650136836768,江戸川
葛飾区|西水元4丁目,214980.01534701016,1,26.110220477731982,江戸川
葛飾区|西水元4丁目,214980.01534701016,1,26.116147770589734,江戸川
葛飾区|西水元4丁目,214980.01534701016,1,26.110220645357764,江戸川
葛飾区|西水元4丁目,214980.01534701016,1,26.116710522673852,江戸川
葛飾区|西水元4丁目,214980.01534701016,1,26.110469943783357,江戸川
葛飾区|西水元4丁目,214980.01534701016,1,104.46853661995448,江戸川
葛飾区|西水元4丁目,214980.01534701016,1,52.226543539927945,江戸川
葛飾区|西水元4丁目,214980.01534701016,1,26.11679131894148,江戸川
葛飾区|西水元4丁目,214980.01534701016,1,26.116582407926145,江戸川
葛飾区|西水元4丁目,214980.01534701016,1,26.116622792889792,江戸川
葛飾区|西水元4丁目,214980.01534701016,1,26.116663172318624,江戸川
葛飾区|西水元4丁目,214980.01534701016,1,52.2271262126792,江戸川
葛飾区|西水元4丁目,214980.01534701016,1,26.116717027546322,江戸川
葛飾区|西水元4丁目,214980.01534701016,1,26.11675738826075,江戸川
葛飾区|西水元4丁目,214980.01534701016,1,26.1105033507703,江戸川
葛飾区|西水元4丁目,214980.01534701016,1,287.2730590182577,江戸川
葛飾区|西水元4丁目,214980.01534701016,1,26.11675741238908,江戸川
葛飾区|西水元4丁目,214980.01534701016,1,26.116784326756935,江戸川
葛飾区|西水元4丁目,214980.01534701016,1,26.11700673572725,江戸川
葛飾区|西水元4丁目,214980.01534701016,1,26.110792952080878,江戸川
葛飾区|西水元4丁目,214980.01534701016,1,26.11062446074302,江戸川
葛飾区|西水元4丁目,214980.01534701016,1,26.116918941033845,江戸川
葛飾区|西水元4丁目,214980.01534701016,1,26.1171682494244,江戸川
葛飾区|西水元4丁目,214980.01534701016,1,26.110705222880696,江戸川
葛飾区|西水元4丁目,214980.01534701016,1,52.23419492571823,江戸川
葛飾区|西水元4丁目,214980.01534701016,1,26.11706700294193,江戸川
葛飾区|西水元4丁目,214980.01534701016,1,52.22811570062117,江戸川
葛飾区|西水元4丁目,214980.01534701016,1,26.117107393677227,江戸川
葛飾区|西水元4丁目,214980.01534701016,1,26.11722856395481,江戸川
葛飾区|西水元4丁目,214980.01534701016,1,78.3454718765534,江戸川
葛飾区|西水元4丁目,214980.01534701016,1,104.46317865887667,江戸川
葛飾区|西水元4丁目,214980.01534701016,1,52.228576618416945,江戸川
葛飾区|西水元4丁目,214980.01534701016,1,26.11739010852021,江戸川
葛飾区|西水元4丁目,214980.01534701016,1,16.33134270043731,江戸川
葛飾区|西水元4丁目,214980.01534701016,2,141742.0135618063,江戸川
葛飾区|西水元4丁目,214980.01534701016,2,182.80026530318696,江戸川
葛飾区|西水元4丁目,214980.01534701016,2,78.33715195503324,江戸川
葛飾区|西水元4丁目,214980.01534701016,2,104.45413170583099,江戸川
葛飾区|西水元4丁目,214980.01534701016,2,26.116622823819235,江戸川
葛飾区|西水元4丁目,214980.01534701016,2,52.227335079716795,江戸川
葛飾区|西水元4丁目,214980.01534701016,2,104.45496636479369,江戸川
葛飾区|西水元4丁目,214980.01534701016,2,26.110833359824305,江戸川
葛飾区|西水元4丁目,214980.01534701016,2,78.34483278209728,江戸川
葛飾区|西水元4丁目,214980.01534701016,2,26.117437504323085,江戸川
葛飾区|西水元4丁目,214980.01534701016,2,26.110923756547912,江戸川
葛飾区|西水元4丁目,214980.01534701016,2,130.57349887712834,江戸川
葛飾区|西水元4丁目,214980.01534701016,3,26.116757440576805,江戸川
葛飾区|西水元5丁目,114460.45772663606,2,114460.45772663604,江戸川
葛飾区|西水元6丁目,216994.716508254,1,2.255999630985693,江戸川
葛飾区|西水元6丁目,216994.716508254,1,78.35334220944365,江戸川
葛飾区|西水元6丁目,216994.716508254,1,26.11767286452804,江戸川
葛飾区|西水元6丁目,216994.716508254,1,52.23542650797456,江戸川
葛飾区|西水元6丁目,216994.716508254,1,26.11771328975439,江戸川
葛飾区|西水元6丁目,216994.716508254,1,26.111472460523764,江戸川
葛飾区|西水元6丁目,216994.716508254,1,26.111721712603448,江戸川
葛飾区|西水元6丁目,216994.716508254,1,26.117834487217717,江戸川
葛飾区|西水元6丁目,216994.716508254,1,26.117847930963038,江戸川
葛飾区|西水元6丁目,216994.716508254,1,26.117834499057743,江戸川
葛飾区|西水元6丁目,216994.716508254,1,26.117915268595553,江戸川
葛飾区|西水元6丁目,216994.716508254,1,26.111634027441553,江戸川
葛飾区|西水元6丁目,216994.716508254,1,52.23625829911566,江戸川
葛飾区|西水元6丁目,216994.716508254,1,26.111795618637032,江戸川
葛飾区|西水元6丁目,216994.716508254,1,26.1183262689076,江戸川
葛飾区|西水元6丁目,216994.716508254,1,26.111836031491062,江戸川
葛飾区|西水元6丁目,216994.716508254,1,26.118339716394086,江戸川
葛飾区|西水元6丁目,216994.716508254,1,26.118117335256922,江戸川
葛飾区|西水元6丁目,216994.716508254,1,52.23003408949483,江戸川
葛飾区|西水元6丁目,216994.716508254,1,26.11817118326445,江戸川
葛飾区|西水元6丁目,216994.716508254,1,26.117857865630462,江戸川
葛飾区|西水元6丁目,216994.716508254,1,26.118130997059296,江戸川
葛飾区|西水元6丁目,216994.716508254,1,26.11169154573851,江戸川
葛飾区|西水元6丁目,216994.716508254,1,52.22343099698332,江戸川
葛飾区|西水元6丁目,216994.716508254,1,26.111321472108152,江戸川
葛飾区|西水元6丁目,216994.716508254,1,26.117522130382127,江戸川
葛飾区|西水元6丁目,216994.716508254,1,26.117795203752287,江戸川
葛飾区|西水元6丁目,216994.716508254,1,26.49121376697792,江戸川
葛飾区|西水元6丁目,216994.716508254,1,26.117775675319994,江戸川
葛飾区|西水元6丁目,216994.716508254,1,26.11123903399345,江戸川
葛飾区|西水元6丁目,216994.716508254,1,25.345062455779182,江戸川
葛飾区|西水元6丁目,216994.716508254,1,34.10281875815127,江戸川
葛飾区|西水元6丁目,216994.716508254,2,128280.95406330089,江戸川
葛飾区|西水元6丁目,216994.716508254,2,208.93527737856695,江戸川
葛飾区|西水元6丁目,216994.716508254,2,104.45263629466851,江戸川
葛飾区|西水元6丁目,216994.716508254,2,130.57590931549242,江戸川
葛飾区|西水元6丁目,216994.716508254,2,208.94465952215776,江戸川
葛飾区|西水元6丁目,216994.716508254,2,26.111836035792535,江戸川
葛飾区|西水元6丁目,216994.716508254,2,104.45362620166888,江戸川
葛飾区|西水元6丁目,216994.716508254,2,104.47175686741518,江戸川
葛飾区|西水元6丁目,216994.716508254,2,26.11791611098345,江戸川
葛飾区|西水元6丁目,216994.716508254,2,187.91092479783396,江戸川
葛飾区|西水元6丁目,216994.716508254,2,208.9222423999007,江戸川
葛飾区|西水元6丁目,216994.716508254,2,52.22057445597516,江戸川
葛飾区|西水元6丁目,216994.716508254,3,538.7043508474131,江戸川
葛飾区|東金町1丁目,215553.79495472118,1,1.9887023412666291,江戸川
葛飾区|東金町1丁目,215553.79495472118,1,8.079285937677108,江戸川
葛飾区|東金町1丁目,215553.79495472118,1,4.044470073462521,江戸川
葛飾区|東金町1丁目,215553.79495472118,1,26.12443757569816,江戸川
葛飾区|東金町1丁目,215553.79495472118,1,26.12473762011051,江戸川
葛飾区|東金町1丁目,215553.79495472118,1,48.29225853579452,江戸川
葛飾区|東金町1丁目,215553.79495472118,1,25.04164754903733,江戸川
葛飾区|東金町1丁目,215553.79495472118,1,52.235588412822686,江戸川
葛飾区|東金町1丁目,215553.79495472118,1,1697.9354656969924,江戸川
葛飾区|東金町1丁目,215553.79495472118,1,26.117810814637348,江戸川
葛飾区|東金町1丁目,215553.79495472118,1,78.37273191388022,江戸川
葛飾区|東金町1丁目,215553.79495472118,1,52.248651658239986,江戸川
葛飾区|東金町1丁目,215553.79495472118,1,104.49110744915035,江戸川
葛飾区|東金町1丁目,215553.79495472118,1,235.08582166842726,江戸川
葛飾区|東金町1丁目,215553.79495472118,1,26.12414753875538,江戸川
葛飾区|東金町1丁目,215553.79495472118,1,52.24812956819435,江戸川
葛飾区|東金町1丁目,215553.79495472118,2,209992.878480283,江戸川
葛飾区|東金町1丁目,215553.79495472118,2,52.23554116836932,江戸川
葛飾区|東金町1丁目,215553.79495472118,3,6.714617751104642,江戸川
葛飾区|東金町1丁目,215553.79495472118,3,28.985575877494394,江戸川
葛飾区|東金町1丁目,215553.79495472118,3,26.557663276453756,江戸川
葛飾区|東金町1丁目,215553.79495472118,3,52.247588963674936,江戸川
葛飾区|東金町1丁目,215553.79495472118,3,26.117407404006972,江戸川
葛飾区|東金町1丁目,215553.79495472118,3,98.88158762669313,江戸川
葛飾区|東金町1丁目,215553.79495472118,4,0.830863280116374,江戸川
葛飾区|東金町2丁目,188750.27469114715,2,188750.27469114712,江戸川
葛飾区|東金町3丁目,162984.53708233222,2,162184.2232537124,江戸川
葛飾区|東金町3丁目,162984.53708233222,3,109.35109193114928,江戸川
葛飾区|東金町4丁目,202420.13194508658,2,169274.32292151137,江戸川
葛飾区|東金町4丁目,202420.13194508658,2,0.005273015048141589,江戸川
葛飾区|東金町4丁目,202420.13194508658,2,2298.6575614759913,江戸川
葛飾区|東金町4丁目,202420.13194508658,2,26.122455109005614,江戸川
葛飾区|東金町4丁目,202420.13194508658,2,26.12269099548854,江戸川
葛飾区|東金町4丁目,202420.13194508658,2,2572.277495826546,江戸川
葛飾区|東金町4丁目,202420.13194508658,3,12286.78643635874,江戸川
葛飾区|東金町4丁目,202420.13194508658,3,104.47789310397683,江戸川
葛飾区|東金町4丁目,202420.13194508658,3,3578.6568690498148,江戸川
葛飾区|東金町4丁目,202420.13194508658,3,8515.460395019669,江戸川
葛飾区|東金町4丁目,202420.13194508658,3,26.122988834490982,江戸川
葛飾区|東金町4丁目,202420.13194508658,3,52.24678680316229,江戸川
葛飾区|東金町4丁目,202420.13194508658,3,52.246672426378055,江戸川
葛飾区|東金町4丁目,202420.13194508658,3,287.34186932256364,江戸川
葛飾区|東金町4丁目,202420.13194508658,3,52.24699540184289,江戸川
葛飾区|東金町4丁目,202420.13194508658,3,26.123652333692142,江戸川
葛飾区|東金町4丁目,202420.13194508658,3,33.98742396069501,江戸川
葛飾区|東金町4丁目,202420.13194508658,3,156.72422315488134,江戸川
葛飾区|東金町4丁目,202420.13194508658,3,365.7117606570054,江戸川
葛飾区|東金町4丁目,202420.13194508658,3,156.72506361390649,江戸川
葛飾区|東金町4丁目,202420.13194508658,3,26.12288551278796,江戸川
葛飾区|東金町4丁目,202420.13194508658,3,104.4900125928493,江戸川
葛飾区|東金町4丁目,202420.13194508658,3,52.23272238714112,江戸川
葛飾区|東金町4丁目,202420.13194508658,3,26.122966376975306,江戸川
葛飾区|東金町4丁目,202420.13194508658,3,130.58209840959668,江戸川
葛飾区|東金町4丁目,202420.13194508658,3,52.245395463034306,江戸川
葛飾区|東金町4丁目,202420.13194508658,3,653.0132457592919,江戸川
葛飾区|東金町4丁目,202420.13194508658,3,78.36847100915696,江戸川
葛飾区|東金町4丁目,202420.13194508658,3,52.24541633907557,江戸川
葛飾区|東金町4丁目,202420.13194508658,3,52.23926853270934,江戸川
葛飾区|東金町4丁目,202420.13194508658,3,208.97133975806227,江戸川
葛飾区|東金町4丁目,202420.13194508658,3,699.315211650648,江戸川
葛飾区|東金町4丁目,202420.13194508658,3,365.69904080129993,江戸川
葛飾区|東金町4丁目,202420.13194508658,3,26.116442519722533,江戸川
葛飾区|東金町5丁目,330706.5822663147,1,21.272291225855867,江戸川
葛飾区|東金町5丁目,330706.5822663147,1,44.62358512630094,江戸川
葛飾区|東金町5丁目,330706.5822663147,1,26.12140537630991,江戸川
葛飾区|東金町5丁目,330706.5822663147,1,52.24299303206399,江戸川
葛飾区|東金町5丁目,330706.5822663147,1,554.7453500757422,江戸川
葛飾区|東金町5丁目,330706.5822663147,1,770.4634780432249,江戸川
葛飾区|東金町5丁目,330706.5822663147,1,8.3813080597093,江戸川
葛飾区|東金町5丁目,330706.5822663147,1,26.121302405702238,江戸川
葛飾区|東金町5丁目,330706.5822663147,1,52.24302309025962,江戸川
葛飾区|東金町5丁目,330706.5822663147,1,4.891468628380819,江戸川
葛飾区|東金町5丁目,330706.5822663147,1,26.121575750874822,江戸川
葛飾区|東金町5丁目,330706.5822663147,1,84.7997001553141,江戸川
葛飾区|東金町5丁目,330706.5822663147,1,36.02592071759135,江戸川
葛飾区|東金町5丁目,330706.5822663147,1,95.2791292313247,江戸川
葛飾区|東金町5丁目,330706.5822663147,1,78.34446808366623,江戸川
葛飾区|東金町5丁目,330706.5822663147,1,104.48505242938273,江戸川
葛飾区|東金町5丁目,330706.5822663147,1,287.29709769226986,江戸川
葛飾区|東金町5丁目,330706.5822663147,1,3291.0404999405287,江戸川
葛飾区|東金町5丁目,330706.5822663147,1,130.58773097813693,江戸川
葛飾区|東金町5丁目,330706.5822663147,1,26.121287124531314,江戸川
葛飾区|東金町5丁目,330706.5822663147,1,1384.3472402653815,江戸川
葛飾区|東金町5丁目,330706.5822663147,1,26.115315079565384,江戸川
葛飾区|東金町5丁目,330706.5822663147,1,52.24320793497739,江戸川
葛飾区|東金町5丁目,330706.5822663147,1,26.115355498917257,江戸川
葛飾区|東金町5丁目,330706.5822663147,1,104.48709629908916,江戸川
葛飾区|東金町5丁目,330706.5822663147,1,26.115476676596046,江戸川
葛飾区|東金町5丁目,330706.5822663147,1,104.48118491299047,江戸川
葛飾区|東金町5丁目,330706.5822663147,1,26.121405164860704,江戸川
葛飾区|東金町5丁目,330706.5822663147,1,78.36486941077527,江戸川
葛飾区|東金町5丁目,330706.5822663147,1,26.115517143530354,江戸川
葛飾区|東金町5丁目,330706.5822663147,1,52.24290457815458,江戸川
葛飾区|東金町5丁目,330706.5822663147,1,182.83857575603008,江戸川
葛飾区|東金町5丁目,330706.5822663147,2,278893.88041191455,江戸川
葛飾区|東金町5丁目,330706.5822663147,2,104.47803387713918,江戸川
葛飾区|東金町5丁目,330706.5822663147,2,13.641439873768777,江戸川
葛飾区|東金町5丁目,330706.5822663147,2,1514.9583780377695,江戸川
葛飾区|東金町5丁目,330706.5822663147,2,130.59911714089608,江戸川
葛飾区|東金町5丁目,330706.5822663147,2,52.23212603492152,江戸川
葛飾区|東金町5丁目,330706.5822663147,2,104.4814203892537,江戸川
葛飾区|東金町5丁目,330706.5822663147,2,26.122052733032845,江戸川
葛飾区|東金町5丁目,330706.5822663147,2,52.23204584226774,江戸川
葛飾区|東金町5丁目,330706.5822663147,2,104.48850949677391,江戸川
葛飾区|東金町5丁目,330706.5822663147,2,417.93025231567583,江戸川
葛飾区|東金町5丁目,330706.5822663147,2,26.12230288195431,江戸川
葛飾区|東金町5丁目,330706.5822663147,2,52.24278312606111,江戸川
葛飾区|東金町5丁目,330706.5822663147,2,26.11579823526222,江戸川
葛飾区|東金町5丁目,330706.5822663147,2,26.115112590303923,江戸川
葛飾区|東金町5丁目,330706.5822663147,2,26.12157677963991,江戸川
葛飾区|東金町5丁目,330706.5822663147,2,26.115960209993805,江戸川
葛飾区|東金町5丁目,330706.5822663147,3,325.9766932425711,江戸川
葛飾区|東金町5丁目,330706.5822663147,3,17.280023170546684,江戸川
葛飾区|東金町5丁目,330706.5822663147,3,23132.231357616205,江戸川
葛飾区|東金町5丁目,330706.5822663147,3,26.122158388930906,江戸川
葛飾区|東金町5丁目,330706.5822663147,3,287.3257525557027,江戸川
葛飾区|東金町5丁目,330706.5822663147,3,859.0447871714017,江戸川
葛飾区|東金町5丁目,330706.5822663147,3,26.12223958529107,江戸川
葛飾区|東金町5丁目,330706.5822663147,3,319.38653514422094,江戸川
葛飾区|東金町5丁目,330706.5822663147,3,52.237607841814665,江戸川
葛飾区|東金町5丁目,330706.5822663147,3,26.11551519866044,江戸川
葛飾区|東金町5丁目,330706.5822663147,3,78.35947010316735,江戸川
葛飾区|東金町5丁目,330706.5822663147,3,130.5983004345718,江戸川
葛飾区|東金町5丁目,330706.5822663147,3,26.12221455877129,江戸川
葛飾区|東金町5丁目,330706.5822663147,3,182.82486328778302,江戸川
葛飾区|東金町5丁目,330706.5822663147,3,12015.181460324888,江戸川
葛飾区|東金町5丁目,330706.5822663147,3,26.11555600432306,江戸川
葛飾区|東金町5丁目,330706.5822663147,3,52.244315733837745,江戸川
葛飾区|東金町5丁目,330706.5822663147,3,52.24372430475535,江戸川
葛飾区|東金町5丁目,330706.5822663147,3,104.48163816780541,江戸川
葛飾区|東金町5丁目,330706.5822663147,3,20.4710366554353,江戸川
葛飾区|東金町5丁目,330706.5822663147,3,52.23212924762157,江戸川
葛飾区|東金町5丁目,330706.5822663147,3,130.59372065845463,江戸川
葛飾区|東金町5丁目,330706.5822663147,3,26.121362347629763,江戸川
葛飾区|東金町5丁目,330706.5822663147,3,26.114992375010708,江戸川
葛飾区|東金町5丁目,330706.5822663147,3,26.1161290010576,江戸川
葛飾区|東金町5丁目,330706.5822663147,3,26.121274440598974,江戸川
葛飾区|東金町5丁目,330706.5822663147,3,52.24251588142779,江戸川
葛飾区|東金町5丁目,330706.5822663147,3,104.47902561611058,江戸川
葛飾区|東金町5丁目,330706.5822663147,3,156.71520094338524,江戸川
葛飾区|東金町5丁目,330706.5822663147,3,26.121315109397447,江戸川
葛飾区|東金町5丁目,330706.5822663147,3,2.6766972085083016,江戸川
葛飾区|東金町6丁目,206925.71316181237,1,78.37309755994407,江戸川
葛飾区|東金町6丁目,206925.71316181237,1,104.49684047524768,江戸川
葛飾区|東金町6丁目,206925.71316181237,1,78.36700302756519,江戸川
葛飾区|東金町6丁目,206925.71316181237,1,26.124741947322487,江戸川
葛飾区|東金町6丁目,206925.71316181237,1,26.118264783872807,江戸川
葛飾区|東金町6丁目,206925.71316181237,1,104.47831822357986,江戸川
葛飾区|東金町6丁目,206925.71316181237,1,52.236482133632194,江戸川
葛飾区|東金町6丁目,206925.71316181237,1,52.24924215633267,江戸川
葛飾区|東金町6丁目,206925.71316181237,1,52.24236784917525,江戸川
葛飾区|東金町6丁目,206925.71316181237,1,52.24266669765009,江戸川
葛飾区|東金町6丁目,206925.71316181237,1,52.24877187501909,江戸川
葛飾区|東金町6丁目,206925.71316181237,1,26.124352354130643,江戸川
葛飾区|東金町6丁目,206925.71316181237,1,26.118144183928052,江戸川
葛飾区|東金町6丁目,206925.71316181237,1,26.117894940126618,江戸川
葛飾区|東金町6丁目,206925.71316181237,1,26.124150833773413,江戸川
葛飾区|東金町6丁目,206925.71316181237,1,26.123555306058115,江戸川
葛飾区|東金町6丁目,206925.71316181237,1,52.241577264877094,江戸川
葛飾区|東金町6丁目,206925.71316181237,1,26.11762042864392,江戸川
葛飾区|東金町6丁目,206925.71316181237,1,52.247159902338815,江戸川
葛飾区|東金町6丁目,206925.71316181237,1,26.123441891194037,江戸川
葛飾区|東金町6丁目,206925.71316181237,2,73373.8860430529,江戸川
葛飾区|東金町6丁目,206925.71316181237,2,78.35211252365599,江戸川
葛飾区|東金町6丁目,206925.71316181237,2,104.48048310296869,江戸川
葛飾区|東金町6丁目,206925.71316181237,2,2854.9744821542745,江戸川
葛飾区|東金町6丁目,206925.71316181237,3,70.50071826435699,江戸川
葛飾区|東金町6丁目,206925.71316181237,3,54341.29154499432,江戸川
葛飾区|東金町6丁目,206925.71316181237,3,104.49597920929185,江戸川
葛飾区|東金町6丁目,206925.71316181237,4,444.06317481350294,江戸川
葛飾区|東金町6丁目,206925.71316181237,4,104.48188941112386,江戸川
葛飾区|東金町6丁目,206925.71316181237,4,2690.520692106762,江戸川
葛飾区|東金町7丁目,416423.56860201753,1,52.240675842058636,江戸川
葛飾区|東金町7丁目,416423.56860201753,1,156.72847279731496,江戸川
葛飾区|東金町7丁目,416423.56860201753,1,26.117129496662113,江戸川
葛飾区|東金町7丁目,416423.56860201753,1,52.2468853393379,江戸川
葛飾区|東金町7丁目,416423.56860201753,1,26.1170489356998,江戸川
葛飾区|東金町7丁目,416423.56860201753,1,52.24672414020699,江戸川
葛飾区|東金町7丁目,416423.56860201753,1,52.23982522843366,江戸川
葛飾区|東金町7丁目,416423.56860201753,1,26.12339271280581,江戸川
葛飾区|東金町7丁目,416423.56860201753,1,26.116702753679952,江戸川
葛飾区|東金町7丁目,416423.56860201753,1,26.123009191523508,江戸川
葛飾区|東金町7丁目,416423.56860201753,1,26.116935695210344,江戸川
葛飾区|東金町7丁目,416423.56860201753,1,26.1229823686303,江戸川
葛飾区|東金町7丁目,416423.56860201753,1,26.116686505387896,江戸川
葛飾区|東金町7丁目,416423.56860201753,1,52.239228818071965,江戸川
葛飾区|東金町7丁目,416423.56860201753,1,104.49093612638002,江戸川
葛飾区|東金町7丁目,416423.56860201753,1,52.233098896136255,江戸川
葛飾区|東金町7丁目,416423.56860201753,1,26.12250222863525,江戸川
葛飾区|東金町7丁目,416423.56860201753,1,104.49054952576253,江戸川
葛飾区|東金町7丁目,416423.56860201753,1,26.12253405057067,江戸川
葛飾区|東金町7丁目,416423.56860201753,1,26.11604279874672,江戸川
葛飾区|東金町7丁目,416423.56860201753,1,52.23846958997039,江戸川
葛飾区|東金町7丁目,416423.56860201753,1,26.122244591408272,江戸川
葛飾区|東金町7丁目,416423.56860201753,1,26.115962334334128,江戸川
葛飾区|東金町7丁目,416423.56860201753,1,26.122204356063612,江戸川
葛飾区|東金町7丁目,416423.56860201753,1,26.115608680008847,江戸川
葛飾区|東金町7丁目,416423.56860201753,1,26.122177521623378,江戸川
葛飾区|東金町7丁目,416423.56860201753,1,26.122373087050484,江戸川
葛飾区|東金町7丁目,416423.56860201753,1,26.115801421960818,江戸川
葛飾区|東金町7丁目,416423.56860201753,1,26.122265782917623,江戸川
葛飾区|東金町7丁目,416423.56860201753,1,52.23682890823123,江戸川
葛飾区|東金町7丁目,416423.56860201753,1,0.43796527157437654,江戸川
葛飾区|東金町7丁目,416423.56860201753,2,38129.288607260394,江戸川
葛飾区|東金町7丁目,416423.56860201753,2,1637.8925778789958,江戸川
葛飾区|東金町7丁目,416423.56860201753,2,809.7503965166533,江戸川
葛飾区|東金町7丁目,416423.56860201753,2,104.48517173636668,江戸川
葛飾区|東金町7丁目,416423.56860201753,2,78.34981441990809,江戸川
葛飾区|東金町7丁目,416423.56860201753,2,731.3754169115384,江戸川
葛飾区|東金町7丁目,416423.56860201753,2,26.122755945906107,江戸川
葛飾区|東金町7丁目,416423.56860201753,2,52.23900818518446,江戸川
葛飾区|東金町7丁目,416423.56860201753,2,78.3500237331639,江戸川
葛飾区|東金町7丁目,416423.56860201753,2,104.4782258722834,江戸川
葛飾区|東金町7丁目,416423.56860201753,2,26.116242138522153,江戸川
葛飾区|東金町7丁目,416423.56860201753,2,52.23900867992733,江戸川
葛飾区|東金町7丁目,416423.56860201753,2,261.1919004689931,江戸川
葛飾区|東金町7丁目,416423.56860201753,2,235.08112243623086,江戸川
葛飾区|東金町7丁目,416423.56860201753,2,156.73001243743354,江戸川
葛飾区|東金町7丁目,416423.56860201753,2,52.245467995431106,江戸川
葛飾区|東金町7丁目,416423.56860201753,2,130.60033723953262,江戸川
葛飾区|東金町7丁目,416423.56860201753,2,104.49034025558693,江戸川
葛飾区|東金町7丁目,416423.56860201753,2,104.47769514842031,江戸川
葛飾区|東金町7丁目,416423.56860201753,2,156.71607921851586,江戸川
葛飾区|東金町7丁目,416423.56860201753,2,235.0888858853744,江戸川
葛飾区|東金町7丁目,416423.56860201753,2,914.2167766703973,江戸川
葛飾区|東金町7丁目,416423.56860201753,2,26.122164063232276,江戸川
葛飾区|東金町7丁目,416423.56860201753,2,26.11609077077638,江戸川
葛飾区|東金町7丁目,416423.56860201753,2,104.47636211278677,江戸川
葛飾区|東金町7丁目,416423.56860201753,2,26.121935615975687,江戸川
葛飾区|東金町7丁目,416423.56860201753,2,130.61087613118735,江戸川
葛飾区|東金町7丁目,416423.56860201753,2,287.3292348215644,江戸川
葛飾区|東金町7丁目,416423.56860201753,2,26.11548795269449,江戸川
葛飾区|東金町7丁目,416423.56860201753,2,26.122056769114124,江戸川
葛飾区|東金町7丁目,416423.56860201753,2,52.237804487099,江戸川
葛飾区|東金町7丁目,416423.56860201753,2,26.122225478438867,江戸川
葛飾区|東金町7丁目,416423.56860201753,2,52.23772392941234,江戸川
葛飾区|東金町7丁目,416423.56860201753,2,2559.7421342069338,江戸川
葛飾区|東金町7丁目,416423.56860201753,2,26.121976224109936,江戸川
葛飾区|東金町7丁目,416423.56860201753,2,26.121962866472312,江戸川
葛飾区|東金町7丁目,416423.56860201753,2,26.12136738221559,江戸川
葛飾区|東金町7丁目,416423.56860201753,2,26.121802002183372,江戸川
葛飾区|東金町7丁目,416423.56860201753,2,52.23093525074553,江戸川
葛飾区|東金町7丁目,416423.56860201753,2,104.48692634302469,江戸川
葛飾区|東金町7丁目,416423.56860201753,2,51.768833941479635,江戸川
葛飾区|東金町7丁目,416423.56860201753,3,73497.59129212513,江戸川
葛飾区|東金町7丁目,416423.56860201753,3,5772.612489129635,江戸川
葛飾区|東金町7丁目,416423.56860201753,3,30070.58921233938,江戸川
葛飾区|東金町7丁目,416423.56860201753,3,52.23216531031109,江戸川
葛飾区|東金町7丁目,416423.56860201753,3,26.115688561214867,江戸川
葛飾区|東金町7丁目,416423.56860201753,3,470.176699596024,江戸川
葛飾区|東金町7丁目,416423.56860201753,3,26.122049699935378,江戸川
葛飾区|東金町7丁目,416423.56860201753,3,26.122096345984403,江戸川
葛飾区|東金町7丁目,416423.56860201753,3,182.83269351319666,江戸川
葛飾区|東金町7丁目,416423.56860201753,3,52.244193862794575,江戸川
葛飾区|東金町7丁目,416423.56860201753,3,52.24364988136044,江戸川
葛飾区|東金町7丁目,416423.56860201753,3,26.122083522966335,江戸川
葛飾区|東金町7丁目,416423.56860201753,3,26.121720572855068,江戸川
葛飾区|東金町7丁目,416423.56860201753,3,182.84011340390308,江戸川
葛飾区|東金町7丁目,416423.56860201753,3,52.237132303734434,江戸川
葛飾区|東金町7丁目,416423.56860201753,4,2873.2540238297174,江戸川
葛飾区|東金町7丁目,416423.56860201753,4,8854.739266900007,江戸川
葛飾区|東金町7丁目,416423.56860201753,4,600.7609682425051,江戸川
葛飾区|東金町7丁目,416423.56860201753,4,757.4764114118688,江戸川
葛飾区|東金町8丁目,617766.4191773076,1,26.114356274331755,江戸川
葛飾区|東金町8丁目,617766.4191773076,1,313.43855617928193,江戸川
葛飾区|東金町8丁目,617766.4191773076,1,26.114872395936878,江戸川
葛飾区|東金町8丁目,617766.4191773076,1,391.771345055442,江戸川
葛飾区|東金町8丁目,617766.4191773076,1,26.120442216657352,江戸川
葛飾区|東金町8丁目,617766.4191773076,1,51.80539029813843,江戸川
葛飾区|東金町8丁目,617766.4191773076,1,26.120733513740092,江戸川
葛飾区|東金町8丁目,617766.4191773076,1,78.35546660309502,江戸川
葛飾区|東金町8丁目,617766.4191773076,1,104.46904447990572,江戸川
葛飾区|東金町8丁目,617766.4191773076,1,104.4706582978247,江戸川
葛飾区|東金町8丁目,617766.4191773076,1,10839.17869051536,江戸川
葛飾区|東金町8丁目,617766.4191773076,1,26.114639949542955,江戸川
葛飾区|東金町8丁目,617766.4191773076,1,26.120363306433596,江戸川
葛飾区|東金町8丁目,617766.4191773076,1,26.120712978306837,江戸川
葛飾区|東金町8丁目,617766.4191773076,1,26.1207667848324,江戸川
葛飾区|東金町8丁目,617766.4191773076,1,26.114511837521725,江戸川
葛飾区|東金町8丁目,617766.4191773076,1,104.48161539215617,江戸川
葛飾区|東金町8丁目,617766.4191773076,1,104.47013989946765,江戸川
葛飾区|東金町8丁目,617766.4191773076,1,26.115399275311614,江戸川
葛飾区|東金町8丁目,617766.4191773076,1,26.121654632709507,江戸川
葛飾区|東金町8丁目,617766.4191773076,1,156.71714672291776,江戸川
葛飾区|東金町8丁目,617766.4191773076,1,26.12029963104306,江戸川
葛飾区|東金町8丁目,617766.4191773076,1,235.05623081980102,江戸川
葛飾区|東金町8丁目,617766.4191773076,1,26.120413595578647,江戸川
葛飾区|東金町8丁目,617766.4191773076,1,52.235145259324085,江戸川
葛飾区|東金町8丁目,617766.4191773076,1,26.11415859969986,江戸川
葛飾区|東金町8丁目,617766.4191773076,1,26.121783325495933,江戸川
葛飾区|東金町8丁目,617766.4191773076,1,52.23686070749142,江戸川
葛飾区|東金町8丁目,617766.4191773076,1,52.236177233025494,江戸川
葛飾区|東金町8丁目,617766.4191773076,1,156.71579575409405,江戸川
葛飾区|東金町8丁目,617766.4191773076,1,26.121407320464854,江戸川
葛飾区|東金町8丁目,617766.4191773076,1,182.82815206158526,江戸川
葛飾区|東金町8丁目,617766.4191773076,1,26.120161550947923,江戸川
葛飾区|東金町8丁目,617766.4191773076,1,26.113946997998944,江戸川
葛飾区|東金町8丁目,617766.4191773076,1,52.24039045082084,江戸川
葛飾区|東金町8丁目,617766.4191773076,1,26.120161623419655,江戸川
葛飾区|東金町8丁目,617766.4191773076,1,26.120323645294086,江戸川
葛飾区|東金町8丁目,617766.4191773076,1,78.36097168434618,江戸川
葛飾区|東金町8丁目,617766.4191773076,1,52.23425852585605,江戸川
葛飾区|東金町8丁目,617766.4191773076,2,228949.01830865862,江戸川
葛飾区|東金町8丁目,617766.4191773076,2,26.12072161935866,江戸川
葛飾区|東金町8丁目,617766.4191773076,2,156.70851303140103,江戸川
葛飾区|東金町8丁目,617766.4191773076,2,0.46850904498918816,江戸川
葛飾区|東金町8丁目,617766.4191773076,2,470.1047379593718,江戸川
葛飾区|東金町8丁目,617766.4191773076,2,182.84529579372818,江戸川
葛飾区|東金町8丁目,617766.4191773076,2,52.24351815741408,江戸川
葛飾区|東金町8丁目,617766.4191773076,2,52.24328241762274,江戸川
葛飾区|東金町8丁目,617766.4191773076,2,26.120753646237574,江戸川
葛飾区|東金町8丁目,617766.4191773076,2,78.34616564815059,江戸川
葛飾区|東金町8丁目,617766.4191773076,2,130.58531453378689,江戸川
葛飾区|東金町8丁目,617766.4191773076,2,548.5148939410998,江戸川
葛飾区|東金町8丁目,617766.4191773076,2,208.9593292984218,江戸川
葛飾区|東金町8丁目,617766.4191773076,2,339.5416334893638,江戸川
葛飾区|東金町8丁目,617766.4191773076,2,26.114472152008595,江戸川
葛飾区|東金町8丁目,617766.4191773076,2,104.47970802046757,江戸川
葛飾区|東金町8丁目,617766.4191773076,2,130.59423008485035,江戸川
葛飾区|東金町8丁目,617766.4191773076,2,104.48535121634264,江戸川
葛飾区|東金町8丁目,617766.4191773076,2,888.0377920370312,江戸川
葛飾区|東金町8丁目,617766.4191773076,2,235.07527672779503,江戸川
葛飾区|東金町8丁目,617766.4191773076,2,339.5421407558629,江戸川
葛飾区|東金町8丁目,617766.4191773076,2,14.282072316701488,江戸川
葛飾区|東金町8丁目,617766.4191773076,2,16.018529090454845,江戸川
葛飾区|東金町8丁目,617766.4191773076,2,15.487858702699734,江戸川
葛飾区|東金町8丁目,617766.4191773076,3,52.24135258686839,江戸川
葛飾区|東金町8丁目,617766.4191773076,3,64.93924575734599,江戸川
葛飾区|東金町8丁目,617766.4191773076,3,1305.9544706834856,江戸川
葛飾区|東金町8丁目,617766.4191773076,3,4.956357523159417,江戸川
葛飾区|東金町8丁目,617766.4191773076,3,23759.172990906718,江戸川
葛飾区|東金町8丁目,617766.4191773076,3,52.24251750105777,江戸川
葛飾区|東金町8丁目,617766.4191773076,3,130.60258383796634,江戸川
葛飾区|東金町8丁目,617766.4191773076,3,52.242517888412145,江戸川
葛飾区|東金町8丁目,617766.4191773076,3,130.59319618880826,江戸川
葛飾区|東金町8丁目,617766.4191773076,3,52.241928347012724,江戸川
葛飾区|東金町8丁目,617766.4191773076,3,522.3817960505817,江戸川
葛飾区|東金町8丁目,617766.4191773076,3,26.1145902189415,江戸川
葛飾区|東金町8丁目,617766.4191773076,3,0.47134731524242685,江戸川
葛飾区|東金町8丁目,617766.4191773076,3,104.4730766436675,江戸川
葛飾区|東金町8丁目,617766.4191773076,3,5.125166379503088,江戸川
葛飾区|東金町8丁目,617766.4191773076,3,26.12161202720467,江戸川
葛飾区|東金町8丁目,617766.4191773076,3,8.828941408073753,江戸川
葛飾区|東金町8丁目,617766.4191773076,3,104.47258088812751,江戸川
葛飾区|東金町8丁目,617766.4191773076,3,36.71649992343218,江戸川
葛飾区|東金町8丁目,617766.4191773076,3,130.60683086229201,江戸川
葛飾区|東金町8丁目,617766.4191773076,3,26.115525512271052,江戸川
葛飾区|東金町8丁目,617766.4191773076,3,18.652371290724652,江戸川
葛飾区|東金町8丁目,617766.4191773076,3,26.114630973158157,江戸川
葛飾区|東金町8丁目,617766.4191773076,3,130.58810021849987,江戸川
葛飾区|東金町8丁目,617766.4191773076,3,26.120962754719947,江戸川
葛飾区|東金町8丁目,617766.4191773076,3,182.8342397734115,江戸川
葛飾区|東金町8丁目,617766.4191773076,3,26.114712376102062,江戸川
葛飾区|東金町8丁目,617766.4191773076,3,104.48442243159138,江戸川
葛飾区|東金町8丁目,617766.4191773076,3,2167.8505743075225,江戸川
葛飾区|東金町8丁目,617766.4191773076,3,52.22996626997172,江戸川
葛飾区|東金町8丁目,617766.4191773076,3,1044.7686140877015,江戸川
葛飾区|東金町8丁目,617766.4191773076,3,548.5103737681618,江戸川
葛飾区|東金町8丁目,617766.4191773076,3,52.230927075413845,江戸川
葛飾区|東金町8丁目,617766.4191773076,3,313.4332749186742,江戸川
葛飾区|東金町8丁目,617766.4191773076,3,78.35820728064824,江戸川
葛飾区|東金町8丁目,617766.4191773076,3,3186.4902092342186,江戸川
葛飾区|東金町8丁目,617766.4191773076,3,679.1158837393953,江戸川
葛飾区|東金町8丁目,617766.4191773076,3,3761.1130351722018,江戸川
葛飾区|東金町8丁目,617766.4191773076,3,339.5461048747504,江戸川
葛飾区|東金町8丁目,617766.4191773076,3,130.57942215431947,江戸川
葛飾区|東金町8丁目,617766.4191773076,3,757.4569756586054,江戸川
葛飾区|東金町8丁目,617766.4191773076,3,130.5982957387655,江戸川
葛飾区|東金町8丁目,617766.4191773076,3,5327.669652206914,江戸川
葛飾区|東金町8丁目,617766.4191773076,3,47.71161943007621,江戸川
葛飾区|東金町8丁目,617766.4191773076,3,65.10071580802054,江戸川
葛飾区|東金町8丁目,617766.4191773076,3,20.263513840019694,江戸川
葛飾区|東金町8丁目,617766.4191773076,3,12.181257902657268,江戸川
葛飾区|東金町8丁目,617766.4191773076,3,18.72421173557504,江戸川
葛飾区|東金町8丁目,617766.4191773076,3,147.43688265938545,江戸川
葛飾区|東金町8丁目,617766.4191773076,3,16.62355022813304,江戸川
葛飾区|東金町8丁目,617766.4191773076,3,182.82319294754342,江戸川
葛飾区|東金町8丁目,617766.4191773076,3,261.1845601363436,江戸川
葛飾区|東金町8丁目,617766.4191773076,3,9.905214258730512,江戸川
葛飾区|東金町8丁目,617766.4191773076,4,52.23673040207156,江戸川
葛飾区|東金町8丁目,617766.4191773076,4,20059.530593383013,江戸川
葛飾区|東金町8丁目,617766.4191773076,4,104.48010771818491,江戸川
葛飾区|東金町8丁目,617766.4191773076,4,26.120875555334962,江戸川
葛飾区|東金町8丁目,617766.4191773076,4,26.114842838554893,江戸川
葛飾区|東立石1丁目,185975.03470405377,1,104.54579924244484,江戸川
葛飾区|東立石1丁目,185975.03470405377,1,52.270097072760436,江戸川
葛飾区|東立石1丁目,185975.03470405377,1,26.13820504171784,江戸川
葛飾区|東立石1丁目,185975.03470405377,1,26.131750232306622,江戸川
葛飾区|東立石1丁目,185975.03470405377,1,52.276437093843874,江戸川
葛飾区|東立石1丁目,185975.03470405377,1,26.13804973505608,江戸川
葛飾区|東立石1丁目,185975.03470405377,1,104.53998555171994,江戸川
葛飾区|東立石1丁目,185975.03470405377,1,52.26980767592227,江戸川
葛飾区|東立石1丁目,185975.03470405377,1,78.40725325913365,江戸川
葛飾区|東立石1丁目,185975.03470405377,1,52.27548943834815,江戸川
葛飾区|東立石1丁目,185975.03470405377,1,52.275859738388085,江戸川
葛飾区|東立石1丁目,185975.03470405377,1,26.137654574568856,江戸川
葛飾区|東立石1丁目,185975.03470405377,1,26.137641196354217,江戸川
葛飾区|東立石1丁目,185975.03470405377,1,52.268310041810665,江戸川
葛飾区|東立石1丁目,185975.03470405377,1,52.275041028418066,江戸川
葛飾区|東立石1丁目,185975.03470405377,2,153393.58249542676,江戸川
葛飾区|東立石1丁目,185975.03470405377,2,104.5389172887707,江戸川
葛飾区|東立石1丁目,185975.03470405377,3,26.130541248684324,江戸川
葛飾区|東立石1丁目,185975.03470405377,3,26.13724346129193,江戸川
葛飾区|東立石2丁目,139142.48414391078,2,136607.42688395118,江戸川
葛飾区|東立石2丁目,139142.48414391078,2,26.130387592395692,江戸川
葛飾区|東立石2丁目,139142.48414391078,3,1855.5568872528531,江戸川
葛飾区|東立石2丁目,139142.48414391078,3,52.26669662694536,江戸川
葛飾区|東立石2丁目,139142.48414391078,3,26.136302921248948,江戸川
葛飾区|東立石2丁目,139142.48414391078,3,496.55822957767106,江戸川
葛飾区|東立石2丁目,139142.48414391078,3,78.40875598857535,江戸川
葛飾区|東立石3丁目,146460.19106409786,2,144447.88444450402,江戸川
葛飾区|東立石3丁目,146460.19106409786,3,78.40773992205807,江戸川
葛飾区|東立石3丁目,146460.19106409786,3,104.54386249853957,江戸川
葛飾区|東立石3丁目,146460.19106409786,3,26.136082158449092,江戸川
葛飾区|東立石3丁目,146460.19106409786,3,235.20455533780347,江戸川
葛飾区|東立石3丁目,146460.19106409786,3,26.135658152242016,江戸川
葛飾区|東立石3丁目,146460.19106409786,3,52.271585028939406,江戸川
葛飾区|東立石3丁目,146460.19106409786,3,26.135553668157414,江戸川
葛飾区|東立石3丁目,146460.19106409786,3,26.135913414811007,江戸川
葛飾区|東立石3丁目,146460.19106409786,3,104.5305873833848,江戸川
葛飾区|東立石3丁目,146460.19106409786,3,313.5993187076862,江戸川
葛飾区|東立石3丁目,146460.19106409786,3,757.8695719655143,江戸川
葛飾区|東立石3丁目,146460.19106409786,3,52.26000203513293,江戸川
葛飾区|東立石3丁目,146460.19106409786,3,26.13604194718304,江戸川
葛飾区|東立石3丁目,146460.19106409786,3,78.40195186003677,江戸川
葛飾区|東立石3丁目,146460.19106409786,3,78.4023221686073,江戸川
葛飾区|東立石3丁目,146460.19106409786,3,26.135873345327823,江戸川
葛飾区|東立石4丁目,280763.4259884794,1,26.13724435420418,江戸川
葛飾区|東立石4丁目,280763.4259884794,1,26.130945124774506,江戸川
葛飾区|東立石4丁目,280763.4259884794,1,52.2744888712691,江戸川
葛飾区|東立石4丁目,280763.4259884794,1,26.13719072809026,江戸川
葛飾区|東立石4丁目,280763.4259884794,1,26.130904963568945,江戸川
葛飾区|東立石4丁目,280763.4259884794,1,26.13111407549203,江戸川
葛飾区|東立石4丁目,280763.4259884794,1,104.53597177803633,江戸川
葛飾区|東立石4丁目,280763.4259884794,1,78.4032056200164,江戸川
葛飾区|東立石4丁目,280763.4259884794,1,26.13672860085392,江戸川
葛飾区|東立石4丁目,280763.4259884794,1,26.136441860932308,江戸川
葛飾区|東立石4丁目,280763.4259884794,1,1541.9623747365188,江戸川
葛飾区|東立石4丁目,280763.4259884794,1,26.130300984833532,江戸川
葛飾区|東立石4丁目,280763.4259884794,1,26.130260702309492,江戸川
葛飾区|東立石4丁目,280763.4259884794,1,52.26696827543328,江戸川
葛飾区|東立石4丁目,280763.4259884794,1,26.136876392123582,江戸川
葛飾区|東立石4丁目,280763.4259884794,1,26.13676894208249,江戸川
葛飾区|東立石4丁目,280763.4259884794,1,496.54097209108187,江戸川
葛飾区|東立石4丁目,280763.4259884794,1,574.923464389575,江戸川
葛飾区|東立石4丁目,280763.4259884794,1,26.135793628582743,江戸川
葛飾区|東立石4丁目,280763.4259884794,1,156.79669382543364,江戸川
葛飾区|東立石4丁目,280763.4259884794,1,113.90096282539419,江戸川
葛飾区|東立石4丁目,280763.4259884794,1,52.271796489051766,江戸川
葛飾区|東立石4丁目,280763.4259884794,1,496.5401756077594,江戸川
葛飾区|東立石4丁目,280763.4259884794,1,26.135108625685127,江戸川
葛飾区|東立石4丁目,280763.4259884794,1,261.3414888304991,江戸川
葛飾区|東立石4丁目,280763.4259884794,1,52.25770025882764,江戸川
葛飾区|東立石4丁目,280763.4259884794,1,679.4531534062338,江戸川
葛飾区|東立石4丁目,280763.4259884794,1,104.52914160497038,江戸川
葛飾区|東立石4丁目,280763.4259884794,1,52.27197711841659,江戸川
葛飾区|東立石4丁目,280763.4259884794,1,52.272286168469876,江戸川
葛飾区|東立石4丁目,280763.4259884794,1,26.136156543601885,江戸川
葛飾区|東立石4丁目,280763.4259884794,1,26.136183465977005,江戸川
葛飾区|東立石4丁目,280763.4259884794,1,26.13018751373012,江戸川
葛飾区|東立石4丁目,280763.4259884794,1,26.1362775428073,江戸川
葛飾区|東立石4丁目,280763.4259884794,1,52.26003756298634,江戸川
葛飾区|東立石4丁目,280763.4259884794,1,52.26640388144133,江戸川
葛飾区|東立石4丁目,280763.4259884794,1,26.136567300089,江戸川
葛飾区|東立石4丁目,280763.4259884794,1,26.136385084992423,江戸川
葛飾区|東立石4丁目,280763.4259884794,2,193698.3543048832,江戸川
葛飾区|東立石4丁目,280763.4259884794,2,26.137244444793915,江戸川
葛飾区|東立石4丁目,280763.4259884794,2,104.53984621717765,江戸川
葛飾区|東立石4丁目,280763.4259884794,2,52.26016602907086,江戸川
葛飾区|東堀切1丁目,125277.77721336002,2,125277.77721336002,江戸川
葛飾区|東堀切2丁目,169676.40261048902,2,169676.402610489,江戸川
葛飾区|東堀切3丁目,161799.62946038565,2,161799.62946038568,江戸川
葛飾区|東水元1丁目,109512.80795525713,1,26.115510723228617,江戸川
葛飾区|東水元1丁目,109512.80795525713,1,78.36561458943777,江戸川
葛飾区|東水元1丁目,109512.80795525713,1,26.121766016050547,江戸川
葛飾区|東水元1丁目,109512.80795525713,2,109329.96776029596,江戸川
葛飾区|東水元2丁目,246739.48448453678,1,78.3567383855154,江戸川
葛飾区|東水元2丁目,246739.48448453678,1,104.48234969244423,江戸川
葛飾区|東水元2丁目,246739.48448453678,1,888.027474621809,江戸川
葛飾区|東水元2丁目,246739.48448453678,1,26.120027649585307,江戸川
葛飾区|東水元2丁目,246739.48448453678,1,391.785102717456,江戸川
葛飾区|東水元2丁目,246739.48448453678,1,26.113995110325902,江戸川
葛飾区|東水元2丁目,246739.48448453678,1,444.02521897842195,江戸川
葛飾区|東水元2丁目,246739.48448453678,1,78.35564277277163,江戸川
葛飾区|東水元2丁目,246739.48448453678,1,104.47689224282755,江戸川
葛飾区|東水元2丁目,246739.48448453678,1,26.120785017884554,江戸川
葛飾区|東水元2丁目,246739.48448453678,1,0.009521140749684713,江戸川
葛飾区|東水元2丁目,246739.48448453678,1,5.65857007586378,江戸川
葛飾区|東水元2丁目,246739.48448453678,1,26.120959915168527,江戸川
葛飾区|東水元2丁目,246739.48448453678,1,0.9033935958393248,江戸川
葛飾区|東水元2丁目,246739.48448453678,1,26.1211958222626,江戸川
葛飾区|東水元2丁目,246739.48448453678,1,52.24214857466271,江戸川
葛飾区|東水元2丁目,246739.48448453678,1,104.47223838704346,江戸川
葛飾区|東水元2丁目,246739.48448453678,1,26.11451260695452,江戸川
葛飾区|東水元2丁目,246739.48448453678,1,130.60638217748942,江戸川
葛飾区|東水元2丁目,246739.48448453678,1,52.23614980770782,江戸川
葛飾区|東水元2丁目,246739.48448453678,1,53.38299866151529,江戸川
葛飾区|東水元2丁目,246739.48448453678,1,26.12096992303273,江戸川
葛飾区|東水元2丁目,246739.48448453678,1,52.2300564834848,江戸川
葛飾区|東水元2丁目,246739.48448453678,1,23.978434786618454,江戸川
葛飾区|東水元2丁目,246739.48448453678,1,52.23662823796056,江戸川
葛飾区|東水元2丁目,246739.48448453678,1,26.121364192941513,江戸川
葛飾区|東水元2丁目,246739.48448453678,1,26.11510906878998,江戸川
葛飾区|東水元2丁目,246739.48448453678,1,40.70178584072421,江戸川
葛飾区|東水元2丁目,246739.48448453678,1,26.121431673532797,江戸川
葛飾区|東水元2丁目,246739.48448453678,1,19.56712711876211,江戸川
葛飾区|東水元2丁目,246739.48448453678,1,156.72900904444373,江戸川
葛飾区|東水元2丁目,246739.48448453678,1,44.612171041917236,江戸川
葛飾区|東水元2丁目,246739.48448453678,1,30.81742625936064,江戸川
葛飾区|東水元2丁目,246739.48448453678,1,3.734127959046725,江戸川
葛飾区|東水元2丁目,246739.48448453678,1,26.11393816640583,江戸川
葛飾区|東水元2丁目,246739.48448453678,1,26.11397851622588,江戸川
葛飾区|東水元2丁目,246739.48448453678,2,238473.05484159075,江戸川
葛飾区|東水元2丁目,246739.48448453678,2,26.113866900908633,江戸川
葛飾区|東水元2丁目,246739.48448453678,3,222.559062490644,江戸川
葛飾区|東水元2丁目,246739.48448453678,3,8.835651122729164,江戸川
葛飾区|東水元3丁目,140115.26973280378,1,52.239113479296066,江戸川
葛飾区|東水元3丁目,140115.26973280378,1,26.119664082038625,江戸川
葛飾区|東水元3丁目,140115.26973280378,1,10.189193380023681,江戸川
葛飾区|東水元3丁目,140115.26973280378,1,0.10022273495265888,江戸川
葛飾区|東水元3丁目,140115.26973280378,1,549.3188524428131,江戸川
葛飾区|東水元3丁目,140115.26973280378,1,52.2403257576209,江戸川
葛飾区|東水元3丁目,140115.26973280378,1,301.56805410184757,江戸川
葛飾区|東水元3丁目,140115.26973280378,2,138589.8991000952,江戸川
葛飾区|東水元4丁目,147465.89316287477,1,26.118698897323036,江戸川
葛飾区|東水元4丁目,147465.89316287477,1,78.3492314815538,江戸川
葛飾区|東水元4丁目,147465.89316287477,1,52.23817245832082,江戸川
葛飾区|東水元4丁目,147465.89316287477,1,26.1190221061497,江戸川
葛飾区|東水元4丁目,147465.89316287477,1,182.81502539220756,江戸川
葛飾区|東水元4丁目,147465.89316287477,1,26.11817493797167,江戸川
葛飾区|東水元4丁目,147465.89316287477,1,559.4863781767245,江戸川
葛飾区|東水元4丁目,147465.89316287477,1,26.118305439130303,江戸川
葛飾区|東水元4丁目,147465.89316287477,1,26.118094246555557,江戸川
葛飾区|東水元4丁目,147465.89316287477,1,0.9984352649228888,江戸川
葛飾区|東水元4丁目,147465.89316287477,1,26.118080821873384,江戸川
葛飾区|東水元4丁目,147465.89316287477,1,18.157970430593302,江戸川
葛飾区|東水元4丁目,147465.89316287477,1,63.56781515498098,江戸川
葛飾区|東水元4丁目,147465.89316287477,1,65.07643094001476,江戸川
葛飾区|東水元4丁目,147465.89316287477,1,419.55857721832996,江戸川
葛飾区|東水元4丁目,147465.89316287477,1,3.576267184025917,江戸川
葛飾区|東水元4丁目,147465.89316287477,1,15.479553524765617,江戸川
葛飾区|東水元4丁目,147465.89316287477,1,73.90036550339912,江戸川
葛飾区|東水元4丁目,147465.89316287477,2,144343.50851808873,江戸川
葛飾区|東水元5丁目,178669.1882632927,1,462.96275587164297,江戸川
葛飾区|東水元5丁目,178669.1882632927,1,7.954038000776199,江戸川
葛飾区|東水元5丁目,178669.1882632927,1,180.61687398209034,江戸川
葛飾区|東水元5丁目,178669.1882632927,1,636.4629512325984,江戸川
葛飾区|東水元5丁目,178669.1882632927,1,44.08811600145708,江戸川
葛飾区|東水元5丁目,178669.1882632927,1,62.11232505160616,江戸川
葛飾区|東水元5丁目,178669.1882632927,1,26.11743352828844,江戸川
葛飾区|東水元5丁目,178669.1882632927,1,52.234060020927224,江戸川
葛飾区|東水元5丁目,178669.1882632927,1,78.33191704692065,江戸川
葛飾区|東水元5丁目,178669.1882632927,1,156.6890949823988,江戸川
葛飾区|東水元5丁目,178669.1882632927,1,339.50456526484993,江戸川
葛飾区|東水元5丁目,178669.1882632927,1,4.505943807814677,江戸川
葛飾区|東水元5丁目,178669.1882632927,1,12.41242171621262,江戸川
葛飾区|東水元5丁目,178669.1882632927,1,24.02392190552027,江戸川
葛飾区|東水元5丁目,178669.1882632927,1,113.00469467466723,江戸川
葛飾区|東水元5丁目,178669.1882632927,1,221.34189581034292,江戸川
葛飾区|東水元5丁目,178669.1882632927,1,37.48396799391012,江戸川
葛飾区|東水元5丁目,178669.1882632927,1,26.107992037904477,江戸川
葛飾区|東水元5丁目,178669.1882632927,2,174818.09559913728,江戸川
葛飾区|東水元6丁目,82755.87461268534,1,73.66945947748533,江戸川
葛飾区|東水元6丁目,82755.87461268534,1,78.35184289709792,江戸川
葛飾区|東水元6丁目,82755.87461268534,1,52.22218870008871,江戸川
葛飾区|東水元6丁目,82755.87461268534,1,182.80768217699782,江戸川
葛飾区|東水元6丁目,82755.87461268534,1,130.5797522651217,江戸川
葛飾区|東水元6丁目,82755.87461268534,1,26.117399280259377,江戸川
葛飾区|東水元6丁目,82755.87461268534,1,85.57468771072105,江戸川
葛飾区|東水元6丁目,82755.87461268534,1,52.22807276955231,江戸川
葛飾区|東水元6丁目,82755.87461268534,1,74.62972259039518,江戸川
葛飾区|東水元6丁目,82755.87461268534,1,55.54749777671647,江戸川
葛飾区|東水元6丁目,82755.87461268534,1,30.413262290015638,江戸川
葛飾区|東水元6丁目,82755.87461268534,1,31.177756513095147,江戸川
葛飾区|東水元6丁目,82755.87461268534,1,0.5315753165542562,江戸川
葛飾区|東水元6丁目,82755.87461268534,1,0.6344277183331491,江戸川
葛飾区|東水元6丁目,82755.87461268534,1,36.876931900734675,江戸川
葛飾区|東水元6丁目,82755.87461268534,1,26.116881504508925,江戸川
葛飾区|東水元6丁目,82755.87461268534,1,2376.466738260874,江戸川
葛飾区|東水元6丁目,82755.87461268534,1,26.117190950857484,江戸川
葛飾区|東水元6丁目,82755.87461268534,1,26.116568161519965,江戸川
葛飾区|東水元6丁目,82755.87461268534,1,130.572672566352,江戸川
葛飾区|東水元6丁目,82755.87461268534,1,26.11720439549506,江戸川
葛飾区|東水元6丁目,82755.87461268534,1,104.45672081377718,江戸川
葛飾区|東水元6丁目,82755.87461268534,1,26.116881568060638,江戸川
葛飾区|東水元6丁目,82755.87461268534,1,261.1729678369307,江戸川
葛飾区|東水元6丁目,82755.87461268534,1,0.9254874760165314,江戸川
葛飾区|東水元6丁目,82755.87461268534,1,26.116908549505503,江戸川
葛飾区|東水元6丁目,82755.87461268534,1,3.6397728669300267,江戸川
葛飾区|東水元6丁目,82755.87461268534,1,9.1007770298996,江戸川
葛飾区|東水元6丁目,82755.87461268534,1,26.110990701102104,江戸川
葛飾区|東水元6丁目,82755.87461268534,1,26.117130984835697,江戸川
葛飾区|東水元6丁目,82755.87461268534,1,3.363016477821784,江戸川
葛飾区|東水元6丁目,82755.87461268534,1,26.117271828877875,江戸川
葛飾区|東水元6丁目,82755.87461268534,1,26.117494251538133,江戸川
葛飾区|東水元6丁目,82755.87461268534,1,0.03077621336144153,江戸川
葛飾区|東水元6丁目,82755.87461268534,1,104.46934421403061,江戸川
葛飾区|東水元6丁目,82755.87461268534,1,26.110990842699376,江戸川
葛飾区|東水元6丁目,82755.87461268534,1,63.378942530471974,江戸川
葛飾区|東水元6丁目,82755.87461268534,1,60.366710240852335,江戸川
葛飾区|東水元6丁目,82755.87461268534,1,16.233197449783148,江戸川
葛飾区|東水元6丁目,82755.87461268534,1,26.111031330207837,江戸川
葛飾区|東水元6丁目,82755.87461268534,2,66319.58779797396,江戸川
葛飾区|東四つ木1丁目,414050.53686291305,1,26.139177001748717,江戸川
葛飾区|東四つ木1丁目,414050.53686291305,1,52.26625322666711,江戸川
葛飾区|東四つ木1丁目,414050.53686291305,1,26.139284495371378,江戸川
葛飾区|東四つ木1丁目,414050.53686291305,1,26.139507013766046,江戸川
葛飾区|東四つ木1丁目,414050.53686291305,1,26.133247474247852,江戸川
葛飾区|東四つ木1丁目,414050.53686291305,1,26.139533890684362,江戸川
葛飾区|東四つ木1丁目,414050.53686291305,1,26.13332808352579,江戸川
葛飾区|東四つ木1丁目,414050.53686291305,1,156.82394987725135,江戸川
葛飾区|東四つ木1丁目,414050.53686291305,1,26.13311904606071,江戸川
葛飾区|東四つ木1丁目,414050.53686291305,1,45.7348927046322,江戸川
葛飾区|東四つ木1丁目,414050.53686291305,1,52.27059018798301,江戸川
葛飾区|東四つ木1丁目,414050.53686291305,1,52.270643919131,江戸川
葛飾区|東四つ木1丁目,414050.53686291305,1,26.138518773637017,江戸川
葛飾区|東四つ木1丁目,414050.53686291305,1,26.13857251299747,江戸川
葛飾区|東四つ木1丁目,414050.53686291305,1,26.132313208689823,江戸川
葛飾区|東四つ木1丁目,414050.53686291305,1,26.138693403487366,江戸川
葛飾区|東四つ木1丁目,414050.53686291305,1,26.132643116236682,江戸川
葛飾区|東四つ木1丁目,414050.53686291305,1,52.277858781794244,江戸川
葛飾区|東四つ木1丁目,414050.53686291305,1,26.138760589522022,江戸川
葛飾区|東四つ木1丁目,414050.53686291305,1,52.27128863494454,江戸川
葛飾区|東四つ木1丁目,414050.53686291305,1,52.27778983876371,江戸川
葛飾区|東四つ木1丁目,414050.53686291305,1,26.13263549996698,江戸川
葛飾区|東四つ木1丁目,414050.53686291305,1,26.138921794692628,江戸川
葛飾区|東四つ木1丁目,414050.53686291305,1,52.27169157767031,江戸川
葛飾区|東四つ木1丁目,414050.53686291305,1,52.27185276903004,江戸川
葛飾区|東四つ木1丁目,414050.53686291305,1,52.27216933138419,江戸川
葛飾区|東四つ木1丁目,414050.53686291305,1,26.139292089198875,江戸川
葛飾区|東四つ木1丁目,414050.53686291305,1,52.2719602611827,江戸川
葛飾区|東四つ木1丁目,414050.53686291305,1,52.27699301208938,江戸川
葛飾区|東四つ木1丁目,414050.53686291305,1,78.41002481275457,江戸川
葛飾区|東四つ木1丁目,414050.53686291305,1,26.138962246182878,江戸川
葛飾区|東四つ木1丁目,414050.53686291305,1,287.5123419316057,江戸川
葛飾区|東四つ木1丁目,414050.53686291305,1,52.27096679248151,江戸川
葛飾区|東四つ木1丁目,414050.53686291305,1,52.27149817930489,江戸川
葛飾区|東四つ木1丁目,414050.53686291305,1,26.13256278966082,江戸川
葛飾区|東四つ木1丁目,414050.53686291305,1,26.132434290854363,江戸川
葛飾区|東四つ木1丁目,414050.53686291305,1,26.138572809761023,江戸川
葛飾区|東四つ木1丁目,414050.53686291305,1,26.13876847691767,江戸川
葛飾区|東四つ木1丁目,414050.53686291305,1,26.138519100490658,江戸川
葛飾区|東四つ木1丁目,414050.53686291305,1,104.54186859466533,江戸川
葛飾区|東四つ木1丁目,414050.53686291305,1,26.138438556110735,江戸川
葛飾区|東四つ木1丁目,414050.53686291305,1,26.132361470761214,江戸川
葛飾区|東四つ木1丁目,414050.53686291305,2,169952.03537399645,江戸川
葛飾区|東四つ木2丁目,185828.02231676326,1,52.27695202096203,江戸川
葛飾区|東四つ木2丁目,185828.02231676326,1,26.13856716307223,江戸川
葛飾区|東四つ木2丁目,185828.02231676326,1,52.27055856849537,江戸川
葛飾区|東四つ木2丁目,185828.02231676326,1,26.138500074090704,江戸川
葛飾区|東四つ木2丁目,185828.02231676326,1,52.27671052198967,江戸川
葛飾区|東四つ木2丁目,185828.02231676326,1,52.27647460862528,江戸川
葛飾区|東四つ木2丁目,185828.02231676326,1,52.26411149015642,江戸川
葛飾区|東四つ木2丁目,185828.02231676326,1,52.26382200585404,江戸川
葛飾区|東四つ木2丁目,185828.02231676326,1,78.41451094754424,江戸川
葛飾区|東四つ木2丁目,185828.02231676326,1,705.6715877120223,江戸川
葛飾区|東四つ木2丁目,185828.02231676326,1,78.40824640660989,江戸川
葛飾区|東四つ木2丁目,185828.02231676326,2,157262.7613848779,江戸川
葛飾区|東四つ木2丁目,185828.02231676326,2,26.137995843039803,江戸川
葛飾区|東四つ木2丁目,185828.02231676326,2,26.138218399562867,江戸川
葛飾区|東四つ木3丁目,370617.6143717618,1,26.131031537029543,江戸川
葛飾区|東四つ木3丁目,370617.6143717618,1,26.137108329707303,江戸川
葛飾区|東四つ木3丁目,370617.6143717618,1,26.137188925086832,江戸川
葛飾区|東四つ木3丁目,370617.6143717618,1,26.13115239503579,江戸川
葛飾区|東四つ木3丁目,370617.6143717618,1,52.27447188030284,江戸川
葛飾区|東四つ木3丁目,370617.6143717618,1,52.27503780467973,江戸川
葛飾区|東四つ木3丁目,370617.6143717618,1,52.26241808127389,江戸川
葛飾区|東四つ木3丁目,370617.6143717618,1,26.13760533443993,江戸川
葛飾区|東四つ木3丁目,370617.6143717618,1,104.55076475352604,江戸川
葛飾区|東四つ木3丁目,370617.6143717618,1,26.137975631867057,江戸川
葛飾区|東四つ木3丁目,370617.6143717618,1,26.131716460689816,江戸川
葛飾区|東四つ木3丁目,370617.6143717618,1,104.55219804475954,江戸川
葛飾区|東四つ木3丁目,370617.6143717618,1,26.13820399388971,江戸川
葛飾区|東四つ木3丁目,370617.6143717618,1,26.138217418291738,江戸川
葛飾区|東四つ木3丁目,370617.6143717618,1,26.138035189952195,江戸川
葛飾区|東四つ木3丁目,370617.6143717618,1,52.26386847391059,江戸川
葛飾区|東四つ木3丁目,370617.6143717618,1,26.13832490296769,江戸川
葛飾区|東四つ木3丁目,370617.6143717618,1,52.27010668053318,江戸川
葛飾区|東四つ木3丁目,370617.6143717618,1,26.13215964255363,江戸川
葛飾区|東四つ木3丁目,370617.6143717618,1,26.138445784921043,江戸川
葛飾区|東四つ木3丁目,370617.6143717618,1,52.27670933241635,江戸川
葛飾区|東四つ木3丁目,370617.6143717618,1,26.132199923783823,江戸川
葛飾区|東四つ木3丁目,370617.6143717618,1,52.276776536159275,江戸川
葛飾区|東四つ木3丁目,370617.6143717618,1,26.132031153299092,江戸川
葛飾区|東四つ木3丁目,370617.6143717618,1,26.13839788596419,江戸川
葛飾区|東四つ木3丁目,370617.6143717618,1,6.541929925945254,江戸川
葛飾区|東四つ木3丁目,370617.6143717618,2,170812.84323579457,江戸川
葛飾区|東四つ木4丁目,224351.28988969148,1,5.234249835726854,江戸川
葛飾区|東四つ木4丁目,224351.28988969148,1,7.975158612363035,江戸川
葛飾区|東四つ木4丁目,224351.28988969148,1,104.58930091885934,江戸川
葛飾区|東四つ木4丁目,224351.28988969148,2,224233.49118032458,江戸川
葛飾区|細田1丁目,140069.88337100216,1,496.5335584554814,江戸川
葛飾区|細田1丁目,140069.88337100216,1,26.129307248384542,江戸川
葛飾区|細田1丁目,140069.88337100216,1,78.39421310303871,江戸川
葛飾区|細田1丁目,140069.88337100216,2,93756.89514901933,江戸川
葛飾区|細田1丁目,140069.88337100216,2,4991.432038583062,江戸川
葛飾区|細田1丁目,140069.88337100216,2,5879.815098465956,江戸川
葛飾区|細田1丁目,140069.88337100216,2,496.5227306405748,江戸川
葛飾区|細田1丁目,140069.88337100216,2,156.79602586995486,江戸川
葛飾区|細田1丁目,140069.88337100216,2,2926.832947429315,江戸川
葛飾区|細田1丁目,140069.88337100216,2,444.2413565992273,江戸川
葛飾区|細田1丁目,140069.88337100216,2,0.37923611410495334,江戸川
葛飾区|細田1丁目,140069.88337100216,2,26.12813806284261,江戸川
葛飾区|細田1丁目,140069.88337100216,2,26.134429362701837,江戸川
葛飾区|細田1丁目,140069.88337100216,2,52.26910078355757,江戸川
葛飾区|細田1丁目,140069.88337100216,2,26.12837274257096,江戸川
葛飾区|細田1丁目,140069.88337100216,2,52.26423985290293,江戸川
葛飾区|細田1丁目,140069.88337100216,2,104.52848269478052,江戸川
葛飾区|細田1丁目,140069.88337100216,2,52.27103758420528,江戸川
葛飾区|細田1丁目,140069.88337100216,2,26.13504317115438,江戸川
葛飾区|細田1丁目,140069.88337100216,2,104.5409658129551,江戸川
葛飾区|細田1丁目,140069.88337100216,3,16073.660258146852,江戸川
葛飾区|細田1丁目,140069.88337100216,3,4806.153343502272,江戸川
葛飾区|細田1丁目,140069.88337100216,3,26.134455468939144,江戸川
葛飾区|細田1丁目,140069.88337100216,3,261.33462206235265,江戸川
葛飾区|細田1丁目,140069.88337100216,3,52.26852212925845,江戸川
葛飾区|細田1丁目,140069.88337100216,3,78.39837961139152,江戸川
葛飾区|細田1丁目,140069.88337100216,3,26.134952943387866,江戸川
葛飾区|細田1丁目,140069.88337100216,3,522.684823405903,江戸川
葛飾区|細田1丁目,140069.88337100216,3,182.93864260970196,江戸川
葛飾区|細田1丁目,140069.88337100216,3,26.13506042940744,江戸川
葛飾区|細田1丁目,140069.88337100216,3,26.134254379525036,江戸川
葛飾区|細田1丁目,140069.88337100216,3,52.26340571952436,江戸川
葛飾区|細田1丁目,140069.88337100216,3,52.268535715412916,江戸川
葛飾区|細田1丁目,140069.88337100216,3,156.79689986221084,江戸川
葛飾区|細田1丁目,140069.88337100216,3,101.18548452824723,江戸川
葛飾区|細田1丁目,140069.88337100216,3,26.134396372841152,江戸川
葛飾区|細田1丁目,140069.88337100216,3,26.134576954131894,江戸川
葛飾区|細田1丁目,140069.88337100216,3,26.13458451763411,江戸川
葛飾区|細田1丁目,140069.88337100216,3,26.129427672610817,江戸川
葛飾区|細田1丁目,140069.88337100216,3,26.134147223027327,江戸川
葛飾区|細田1丁目,140069.88337100216,3,52.25658406197573,江戸川
葛飾区|細田1丁目,140069.88337100216,3,1280.4865060946634,江戸川
葛飾区|細田1丁目,140069.88337100216,3,339.72872861147266,江戸川
葛飾区|細田1丁目,140069.88337100216,3,3547.383950048674,江戸川
葛飾区|細田1丁目,140069.88337100216,3,26.128292092981813,江戸川
葛飾区|細田1丁目,140069.88337100216,3,52.26315904853113,江戸川
葛飾区|細田1丁目,140069.88337100216,3,757.8410594336442,江戸川
葛飾区|細田1丁目,140069.88337100216,3,182.92894124339742,江戸川
葛飾区|細田1丁目,140069.88337100216,3,26.13459078980523,江戸川
葛飾区|細田1丁目,140069.88337100216,3,26.134631126074282,江戸川
葛飾区|細田1丁目,140069.88337100216,3,0.5038213374031504,江戸川
葛飾区|細田1丁目,140069.88337100216,3,78.39840254729029,江戸川
葛飾区|細田1丁目,140069.88337100216,3,78.39895988865678,江戸川
葛飾区|細田1丁目,140069.88337100216,3,52.25739083060668,江戸川
葛飾区|細田1丁目,140069.88337100216,3,104.52782999319935,江戸川
葛飾区|細田1丁目,140069.88337100216,3,26.13516299746002,江戸川
葛飾区|細田1丁目,140069.88337100216,3,52.263729960546854,江戸川
葛飾区|細田1丁目,140069.88337100216,3,66.51328458301447,江戸川
葛飾区|細田1丁目,140069.88337100216,3,130.66228732504783,江戸川
葛飾区|細田1丁目,140069.88337100216,3,0.8740085015071589,江戸川
葛飾区|細田1丁目,140069.88337100216,3,26.129025407467367,江戸川
葛飾区|細田1丁目,140069.88337100216,3,26.13510177522106,江戸川
葛飾区|細田1丁目,140069.88337100216,3,130.66856717690675,江戸川
葛飾区|細田1丁目,140069.88337100216,3,130.6565202716987,江戸川
葛飾区|細田1丁目,140069.88337100216,3,78.40506372707682,江戸川
葛飾区|細田1丁目,140069.88337100216,3,156.7981152336263,江戸川
葛飾区|細田1丁目,140069.88337100216,3,209.0687360896047,江戸川
葛飾区|細田3丁目,251600.8213520362,1,26.13386316917631,江戸川
葛飾区|細田3丁目,251600.8213520362,1,26.13409913997118,江戸川
葛飾区|細田3丁目,251600.8213520362,1,26.12764533692623,江戸川
葛飾区|細田3丁目,251600.8213520362,1,26.133616834745194,江戸川
葛飾区|細田3丁目,251600.8213520362,1,52.261898356540186,江戸川
葛飾区|細田3丁目,251600.8213520362,1,26.13414547236995,江戸川
葛飾区|細田3丁目,251600.8213520362,1,26.127846932288485,江戸川
葛飾区|細田3丁目,251600.8213520362,1,26.134145514252403,江戸川
葛飾区|細田3丁目,251600.8213520362,1,26.134394924151806,江戸川
葛飾区|細田3丁目,251600.8213520362,1,26.127927594994162,江戸川
葛飾区|細田3丁目,251600.8213520362,1,26.134475575097554,江戸川
葛飾区|細田3丁目,251600.8213520362,1,52.26858680834266,江戸川
葛飾区|細田3丁目,251600.8213520362,1,26.134306865790546,江戸川
葛飾区|細田3丁目,251600.8213520362,1,133.590897127128,江戸川
葛飾区|細田3丁目,251600.8213520362,1,14.937381774843447,江戸川
葛飾区|細田3丁目,251600.8213520362,1,26.133083412530624,江戸川
葛飾区|細田3丁目,251600.8213520362,1,52.253919645117215,江戸川
葛飾区|細田3丁目,251600.8213520362,1,104.5207793024884,江戸川
葛飾区|細田3丁目,251600.8213520362,1,26.133365743399864,江戸川
葛飾区|細田3丁目,251600.8213520362,1,26.127121143643077,江戸川
葛飾区|細田3丁目,251600.8213520362,1,52.26724376309545,江戸川
葛飾区|細田3丁目,251600.8213520362,1,26.133500193259213,江戸川
葛飾区|細田3丁目,251600.8213520362,1,104.52201023641994,江戸川
葛飾区|細田3丁目,251600.8213520362,1,26.13358083773611,江戸川
葛飾区|細田3丁目,251600.8213520362,1,26.133816809926625,江戸川
葛飾区|細田3丁目,251600.8213520362,1,26.133728702022445,江戸川
葛飾区|細田3丁目,251600.8213520362,2,79031.50997548818,江戸川
葛飾区|細田3丁目,251600.8213520362,2,339.709463772836,江戸川
葛飾区|細田3丁目,251600.8213520362,2,182.91918285952218,江戸川
葛飾区|細田3丁目,251600.8213520362,2,104.52405348831869,江戸川
葛飾区|細田3丁目,251600.8213520362,2,156.7919350760703,江戸川
葛飾区|細田3丁目,251600.8213520362,2,26.134064861619503,江戸川
葛飾区|細田3丁目,251600.8213520362,2,26.127887215394576,江戸川
葛飾区|細田3丁目,251600.8213520362,2,1567.8966939334184,江戸川
葛飾区|細田3丁目,251600.8213520362,2,78.39600359516284,江戸川
葛飾区|細田3丁目,251600.8213520362,2,209.04745384648666,江戸川
葛飾区|細田3丁目,251600.8213520362,2,235.18898009008885,江戸川
葛飾区|細田3丁目,251600.8213520362,2,209.05577498519153,江戸川
葛飾区|細田3丁目,251600.8213520362,2,9045.813472892456,江戸川
葛飾区|細田3丁目,251600.8213520362,2,26.13402476755399,江戸川
葛飾区|細田3丁目,251600.8213520362,2,182.9255111377806,江戸川
葛飾区|細田3丁目,251600.8213520362,2,26.13406510166859,江戸川
葛飾区|細田3丁目,251600.8213520362,2,10531.109631188114,江戸川
葛飾区|細田3丁目,251600.8213520362,2,627.1605230809231,江戸川
葛飾区|細田3丁目,251600.8213520362,2,130.66438448754025,江戸川
葛飾区|細田3丁目,251600.8213520362,2,26.13427442004323,江戸川
葛飾区|細田3丁目,251600.8213520362,2,261.3158234327047,江戸川
葛飾区|細田3丁目,251600.8213520362,2,601.0353814758016,江戸川
葛飾区|細田3丁目,251600.8213520362,2,810.0862862528472,江戸川
葛飾区|細田3丁目,251600.8213520362,2,2351.8924255960274,江戸川
葛飾区|細田3丁目,251600.8213520362,2,52.26139014148616,江戸川
葛飾区|細田3丁目,251600.8213520362,2,26.13438262028527,江戸川
葛飾区|細田3丁目,251600.8213520362,2,59.59881912649623,江戸川
葛飾区|細田3丁目,251600.8213520362,2,156.7957792157108,江戸川
葛飾区|細田3丁目,251600.8213520362,2,52.261226144128976,江戸川
葛飾区|細田3丁目,251600.8213520362,2,78.39508336774357,江戸川
葛飾区|細田3丁目,251600.8213520362,2,52.25517708715266,江戸川
葛飾区|細田3丁目,251600.8213520362,2,26.132855490226696,江戸川
葛飾区|細田3丁目,251600.8213520362,2,26.133258600741136,江戸川
葛飾区|細田3丁目,251600.8213520362,2,26.132970552311658,江戸川
葛飾区|細田3丁目,251600.8213520362,2,78.39267306179602,江戸川
葛飾区|細田3丁目,251600.8213520362,2,182.91700463040002,江戸川
葛飾区|細田3丁目,251600.8213520362,2,32.24721916896792,江戸川
葛飾区|細田3丁目,251600.8213520362,2,156.77944995496748,江戸川
葛飾区|細田3丁目,251600.8213520362,2,26.132815397332756,江戸川
葛飾区|細田3丁目,251600.8213520362,2,418.09443503063716,江戸川
葛飾区|細田3丁目,251600.8213520362,2,679.4112481704551,江戸川
葛飾区|細田3丁目,251600.8213520362,2,26.132831848214096,江戸川
葛飾区|細田3丁目,251600.8213520362,2,52.25990435430938,江戸川
葛飾区|細田3丁目,251600.8213520362,2,52.26584591299031,江戸川
葛飾区|細田3丁目,251600.8213520362,2,104.519701453234,江戸川
葛飾区|細田3丁目,251600.8213520362,2,1829.1928826564522,江戸川
葛飾区|細田3丁目,251600.8213520362,2,104.52121203169983,江戸川
葛飾区|細田3丁目,251600.8213520362,2,757.8176021999732,江戸川
葛飾区|細田3丁目,251600.8213520362,2,209.04264295075137,江戸川
葛飾区|細田3丁目,251600.8213520362,2,548.7642286908477,江戸川
葛飾区|細田3丁目,251600.8213520362,2,2116.6581663847082,江戸川
葛飾区|細田3丁目,251600.8213520362,2,26.12664575616558,江戸川
葛飾区|細田3丁目,251600.8213520362,2,444.22567247936604,江戸川
葛飾区|細田3丁目,251600.8213520362,2,1306.554129984437,江戸川
葛飾区|細田3丁目,251600.8213520362,2,522.5976694178169,江戸川
葛飾区|細田3丁目,251600.8213520362,2,574.8948538813817,江戸川
葛飾区|細田3丁目,251600.8213520362,2,26.13292317383776,江戸川
葛飾区|細田3丁目,251600.8213520362,2,2116.6000937721474,江戸川
葛飾区|細田3丁目,251600.8213520362,2,182.9214416328016,江戸川
葛飾区|細田3丁目,251600.8213520362,2,26.132573877669717,江戸川
葛飾区|細田3丁目,251600.8213520362,2,26.127371319543684,江戸川
葛飾区|細田3丁目,251600.8213520362,2,261.3012659824096,江戸川
葛飾区|細田3丁目,251600.8213520362,2,52.26682735412413,江戸川
葛飾区|細田3丁目,251600.8213520362,2,1071.3751915518294,江戸川
葛飾区|細田3丁目,251600.8213520362,2,156.78893169883992,江戸川
葛飾区|細田3丁目,251600.8213520362,2,731.6721407515862,江戸川
葛飾区|細田3丁目,251600.8213520362,2,1895.372887404694,江戸川
葛飾区|細田3丁目,251600.8213520362,2,235.18383932208616,江戸川
葛飾区|細田3丁目,251600.8213520362,2,26.133447419154624,江戸川
葛飾区|細田3丁目,251600.8213520362,2,52.25364756663977,江戸川
葛飾区|細田3丁目,251600.8213520362,3,84465.74097363326,江戸川
葛飾区|細田3丁目,251600.8213520362,3,52.25598338058223,江戸川
葛飾区|細田3丁目,251600.8213520362,3,78.39640767498754,江戸川
葛飾区|細田3丁目,251600.8213520362,3,836.2207214705362,江戸川
葛飾区|細田3丁目,251600.8213520362,3,26.134274552853825,江戸川
葛飾区|細田3丁目,251600.8213520362,3,52.26787648470203,江戸川
葛飾区|細田3丁目,251600.8213520362,3,104.53039934125238,江戸川
葛飾区|細田3丁目,251600.8213520362,3,280.74743727753906,江戸川
葛飾区|細田3丁目,251600.8213520362,3,339.70445817533266,江戸川
葛飾区|細田3丁目,251600.8213520362,3,26.126798818448812,江戸川
葛飾区|細田3丁目,251600.8213520362,3,26.132488068715716,江戸川
葛飾区|細田3丁目,251600.8213520362,3,52.26012453826973,江戸川
葛飾区|細田3丁目,251600.8213520362,3,26.133534855869563,江戸川
葛飾区|細田3丁目,251600.8213520362,3,52.25969620890278,江戸川
葛飾区|細田3丁目,251600.8213520362,3,26.13321306835288,江戸川
葛飾区|細田3丁目,251600.8213520362,3,26.12671923081458,江戸川
葛飾区|細田3丁目,251600.8213520362,3,8.984260723624967,江戸川
葛飾区|細田3丁目,251600.8213520362,3,460.5757832616841,江戸川
葛飾区|細田3丁目,251600.8213520362,3,782.3864441184564,江戸川
葛飾区|細田3丁目,251600.8213520362,3,9.297238760408785,江戸川
葛飾区|細田3丁目,251600.8213520362,3,78.38097186234643,江戸川
葛飾区|細田3丁目,251600.8213520362,3,1748.1339457242989,江戸川
葛飾区|細田4丁目,233965.99071479513,2,185687.32560347777,江戸川
葛飾区|細田4丁目,233965.99071479513,2,12528.77032766468,江戸川
葛飾区|細田4丁目,233965.99071479513,2,26.12757400196323,江戸川
葛飾区|細田4丁目,233965.99071479513,2,287.43361640762026,江戸川
葛飾区|細田4丁目,233965.99071479513,2,104.51767947775716,江戸川
葛飾区|細田4丁目,233965.99071479513,2,26.132938597357082,江戸川
葛飾区|細田4丁目,233965.99071479513,2,235.17844728133946,江戸川
葛飾区|細田4丁目,233965.99071479513,3,2645.7785851531353,江戸川
葛飾区|細田4丁目,233965.99071479513,3,8858.585916352184,江戸川
葛飾区|細田4丁目,233965.99071479513,3,1149.8092780685597,江戸川
葛飾区|細田4丁目,233965.99071479513,3,52.26134026377136,江戸川
葛飾区|細田4丁目,233965.99071479513,3,1204.1191585587762,江戸川
葛飾区|細田4丁目,233965.99071479513,3,104.5186347569056,江戸川
葛飾区|細田4丁目,233965.99071479513,3,43.28179535420894,江戸川
葛飾区|細田4丁目,233965.99071479513,3,6829.979416906326,江戸川
葛飾区|細田4丁目,233965.99071479513,3,26.132931055849898,江戸川
葛飾区|細田4丁目,233965.99071479513,3,26.12643723986977,江戸川
葛飾区|細田4丁目,233965.99071479513,3,26.132574257184913,江戸川
葛飾区|細田4丁目,233965.99071479513,3,26.13269520371301,江戸川
葛飾区|細田4丁目,233965.99071479513,3,26.1326817746626,江戸川
葛飾区|細田4丁目,233965.99071479513,3,2222.689082277204,江戸川
葛飾区|細田4丁目,233965.99071479513,3,16.835859556531865,江戸川
葛飾区|細田4丁目,233965.99071479513,3,394.6655454374702,江戸川
葛飾区|細田4丁目,233965.99071479513,3,78.37919195963138,江戸川
葛飾区|細田4丁目,233965.99071479513,3,52.2528424332475,江戸川
葛飾区|細田4丁目,233965.99071479513,3,130.6628584689033,江戸川
葛飾区|細田4丁目,233965.99071479513,3,52.25998722518391,江戸川
葛飾区|細田4丁目,233965.99071479513,3,26.132641946715772,江戸川
葛飾区|細田4丁目,233965.99071479513,3,52.26542586754165,江戸川
葛飾区|細田4丁目,233965.99071479513,3,26.12732442542743,江戸川
葛飾区|細田4丁目,233965.99071479513,3,3.8838690071927036,江戸川
葛飾区|細田4丁目,233965.99071479513,3,3.113325878815461,江戸川
葛飾区|細田4丁目,233965.99071479513,3,26.132937680847682,江戸川
葛飾区|細田4丁目,233965.99071479513,3,26.126848495920896,江戸川
葛飾区|細田4丁目,233965.99071479513,3,26.12663953451573,江戸川
葛飾区|細田4丁目,233965.99071479513,3,52.26602357564574,江戸川
葛飾区|細田4丁目,233965.99071479513,3,601.0318820135835,江戸川
葛飾区|細田4丁目,233965.99071479513,3,130.64672188451922,江戸川
葛飾区|細田4丁目,233965.99071479513,3,78.39318161056958,江戸川
葛飾区|細田4丁目,233965.99071479513,3,26.13295447475771,江戸川
葛飾区|細田4丁目,233965.99071479513,3,104.52662439405437,江戸川
葛飾区|細田4丁目,233965.99071479513,3,2146.4291184504464,江戸川
葛飾区|細田4丁目,233965.99071479513,3,52.25905391562521,江戸川
葛飾区|細田4丁目,233965.99071479513,3,261.30726624286535,江戸川
葛飾区|細田4丁目,233965.99071479513,3,156.78989282870637,江戸川
葛飾区|細田4丁目,233965.99071479513,3,104.5324188288321,江戸川
葛飾区|細田4丁目,233965.99071479513,3,26.13290547129678,江戸川
葛飾区|細田4丁目,233965.99071479513,3,130.66220284782568,江戸川
葛飾区|細田4丁目,233965.99071479513,3,26.126760902956008,江戸川
葛飾区|細田4丁目,233965.99071479513,3,209.03620578224366,江戸川
葛飾区|細田4丁目,233965.99071479513,3,4076.4287585443967,江戸川
葛飾区|細田4丁目,233965.99071479513,3,26.12712368133001,江戸川
葛飾区|細田4丁目,233965.99071479513,3,52.25948449102079,江戸川
葛飾区|細田4丁目,233965.99071479513,3,26.133261140282347,江戸川
葛飾区|細田4丁目,233965.99071479513,3,26.12676894959671,江戸川
葛飾区|細田4丁目,233965.99071479513,3,621.6645745597024,江戸川
葛飾区|細田4丁目,233965.99071479513,3,26.13308662542393,江戸川
葛飾区|細田4丁目,233965.99071479513,3,78.3924586849647,江戸川
葛飾区|細田4丁目,233965.99071479513,3,26.133100103782787,江戸川
葛飾区|細田4丁目,233965.99071479513,3,365.8462426732674,江戸川
葛飾区|細田4丁目,233965.99071479513,3,287.4333446085932,江戸川
葛飾区|細田4丁目,233965.99071479513,3,78.39977104065763,江戸川
葛飾区|細田4丁目,233965.99071479513,3,149.56013341678957,江戸川
葛飾区|細田4丁目,233965.99071479513,3,26.228832071821635,江戸川
葛飾区|細田4丁目,233965.99071479513,3,52.26069527342188,江戸川
葛飾区|細田4丁目,233965.99071479513,3,783.9358175134726,江戸川
葛飾区|細田4丁目,233965.99071479513,3,52.26746424388289,江戸川
葛飾区|細田4丁目,233965.99071479513,3,26.127447117904627,江戸川
葛飾区|細田4丁目,233965.99071479513,3,26.127124782079477,江戸川
葛飾区|細田5丁目,140274.93679992133,2,132859.09431158367,江戸川
葛飾区|細田5丁目,140274.93679992133,3,130.1673625818922,江戸川
葛飾区|細田5丁目,140274.93679992133,3,78.38378879228289,江戸川
葛飾区|細田5丁目,140274.93679992133,3,104.52480095213502,江戸川
葛飾区|細田5丁目,140274.93679992133,3,26.127929687587102,江戸川
葛飾区|細田5丁目,140274.93679992133,3,313.5915306777848,江戸川
葛飾区|細田5丁目,140274.93679992133,3,78.40297472810165,江戸川
葛飾区|細田5丁目,140274.93679992133,3,313.57499427616386,江戸川
葛飾区|細田5丁目,140274.93679992133,3,1646.3461983340069,江戸川
葛飾区|細田5丁目,140274.93679992133,3,52.262762870979984,江戸川
葛飾区|細田5丁目,140274.93679992133,3,757.8436675164804,江戸川
葛飾区|細田5丁目,140274.93679992133,3,601.0418373483059,江戸川
葛飾区|細田5丁目,140274.93679992133,3,130.6532980707578,江戸川
葛飾区|細田5丁目,140274.93679992133,3,26.134518620422504,江戸川
葛飾区|細田5丁目,140274.93679992133,3,130.65262542632024,江戸川
葛飾区|細田5丁目,140274.93679992133,3,78.40299036985205,江戸川
葛飾区|細田5丁目,140274.93679992133,3,1.1836514070821846,江戸川
葛飾区|細田5丁目,140274.93679992133,3,52.25615075210502,江戸川
葛飾区|細田5丁目,140274.93679992133,3,52.26214635212668,江戸川
葛飾区|細田5丁目,140274.93679992133,3,104.53013045878993,江戸川
葛飾区|細田5丁目,140274.93679992133,3,52.26214667386571,江戸川
葛飾区|細田5丁目,140274.93679992133,3,52.268620108365255,江戸川
葛飾区|細田5丁目,140274.93679992133,3,26.134505733623772,江戸川
葛飾区|細田5丁目,140274.93679992133,3,104.52456283154416,江戸川
葛飾区|細田5丁目,140274.93679992133,3,26.134465533820176,江戸川
葛飾区|細田5丁目,140274.93679992133,3,287.4515411883339,江戸川
葛飾区|細田5丁目,140274.93679992133,3,26.13425655519819,江戸川
葛飾区|細田5丁目,140274.93679992133,3,182.92708050049131,江戸川
葛飾区|細田5丁目,140274.93679992133,3,104.53145379816877,江戸川
葛飾区|細田5丁目,140274.93679992133,3,235.1886900789025,江戸川
葛飾区|細田5丁目,140274.93679992133,3,182.92903500871685,江戸川
葛飾区|細田5丁目,140274.93679992133,3,52.25699093541172,江戸川
葛飾区|細田5丁目,140274.93679992133,3,26.128294013757944,江戸川
葛飾区|細田5丁目,140274.93679992133,3,261.3176715917525,江戸川
葛飾区|細田5丁目,140274.93679992133,3,52.26918085590069,江戸川
葛飾区|細田5丁目,140274.93679992133,3,104.5318573465117,江戸川
葛飾区|細田5丁目,140274.93679992133,3,52.256910522235486,江戸川
葛飾区|細田5丁目,140274.93679992133,3,26.128294122291024,江戸川
葛飾区|細田5丁目,140274.93679992133,3,26.13492277770607,江戸川
葛飾区|細田5丁目,140274.93679992133,3,552.4507678272907,江戸川
葛飾区|細田5丁目,140274.93679992133,3,91.94936612633617,江戸川
葛飾区|細田5丁目,140274.93679992133,3,26.128301770759045,江戸川
葛飾区|細田5丁目,140274.93679992133,3,143.73816465204555,江戸川
葛飾区|細田5丁目,140274.93679992133,3,18.168192043794118,江戸川
葛飾区|細田5丁目,140274.93679992133,3,23.553856517712838,江戸川
葛飾区|堀切1丁目,478252.14525916893,1,52.26161830260946,江戸川
葛飾区|堀切1丁目,478252.14525916893,1,26.134187615462306,江戸川
葛飾区|堀切1丁目,478252.14525916893,1,26.12780091839075,江戸川
葛飾区|堀切1丁目,478252.14525916893,1,52.26862291327863,江戸川
葛飾区|堀切1丁目,478252.14525916893,1,26.13451003025898,江戸川
葛飾区|堀切1丁目,478252.14525916893,1,26.128042655660547,江戸川
葛飾区|堀切1丁目,478252.14525916893,1,52.26910650076075,江戸川
葛飾区|堀切1丁目,478252.14525916893,1,52.2627821744959,江戸川
葛飾区|堀切1丁目,478252.14525916893,1,26.128364979208975,江戸川
葛飾区|堀切1丁目,478252.14525916893,1,26.134663646284917,江戸川
葛飾区|堀切1丁目,478252.14525916893,1,26.134913014865987,江戸川
葛飾区|堀切1丁目,478252.14525916893,1,52.269925891333386,江戸川
葛飾区|堀切1丁目,478252.14525916893,1,104.52741545519442,江戸川
葛飾区|堀切1丁目,478252.14525916893,1,52.26342684553948,江戸川
葛飾区|堀切1丁目,478252.14525916893,2,281945.99502045166,江戸川
葛飾区|堀切1丁目,478252.14525916893,2,130.65846029265137,江戸川
葛飾区|堀切2丁目,436450.55231889425,1,78.39518042162047,江戸川
葛飾区|堀切2丁目,436450.55231889425,1,26.12667277001811,江戸川
葛飾区|堀切2丁目,436450.55231889425,1,63.44427838727766,江戸川
葛飾区|堀切2丁目,436450.55231889425,1,26.13272918967429,江戸川
葛飾区|堀切2丁目,436450.55231889425,1,52.26610490883657,江戸川
葛飾区|堀切2丁目,436450.55231889425,1,26.13261713729429,江戸川
葛飾区|堀切2丁目,436450.55231889425,1,52.25379624940125,江戸川
葛飾区|堀切2丁目,436450.55231889425,1,26.133253129433513,江戸川
葛飾区|堀切2丁目,436450.55231889425,1,26.133650285516225,江戸川
葛飾区|堀切2丁目,436450.55231889425,1,52.2672988901878,江戸川
葛飾区|堀切2丁目,436450.55231889425,2,297344.1387874019,江戸川
葛飾区|堀切2丁目,436450.55231889425,3,52.26077931935849,江戸川
葛飾区|堀切3丁目,185831.7455636716,1,123.22459646689387,江戸川
葛飾区|堀切3丁目,185831.7455636716,2,185267.75380364858,江戸川
葛飾区|堀切4丁目,401378.80031706503,1,52.2564542399772,江戸川
葛飾区|堀切4丁目,401378.80031706503,1,26.12518186771213,江戸川
葛飾区|堀切4丁目,401378.80031706503,1,26.125746002055692,江戸川
葛飾区|堀切4丁目,401378.80031706503,1,52.25785720996415,江戸川
葛飾区|堀切4丁目,401378.80031706503,1,235.16201916091728,江戸川
葛飾区|堀切4丁目,401378.80031706503,1,26.13220526226109,江戸川
葛飾区|堀切4丁目,401378.80031706503,1,78.39103724410357,江戸川
葛飾区|堀切4丁目,401378.80031706503,1,104.52803549394224,江戸川
葛飾区|堀切4丁目,401378.80031706503,1,26.132527677155608,江戸川
葛飾区|堀切4丁目,401378.80031706503,1,52.25253961541831,江戸川
葛飾区|堀切4丁目,401378.80031706503,1,26.13207828828469,江戸川
葛飾区|堀切4丁目,401378.80031706503,1,26.126599695892942,江戸川
葛飾区|堀切4丁目,401378.80031706503,1,52.26397433407834,江戸川
葛飾区|堀切4丁目,401378.80031706503,1,119.47256094848021,江戸川
葛飾区|堀切4丁目,401378.80031706503,1,52.25737306448294,江戸川
葛飾区|堀切4丁目,401378.80031706503,1,26.125793558205537,江戸川
葛飾区|堀切4丁目,401378.80031706503,1,52.25758200836256,江戸川
葛飾区|堀切4丁目,401378.80031706503,1,78.39561461462806,江戸川
葛飾区|堀切4丁目,401378.80031706503,1,26.131801843931846,江戸川
葛飾区|堀切4丁目,401378.80031706503,1,130.65911364547813,江戸川
葛飾区|堀切4丁目,401378.80031706503,2,237943.52682903086,江戸川
葛飾区|堀切5丁目,167623.19563179434,1,26.131801687007922,江戸川
葛飾区|堀切5丁目,167623.19563179434,1,52.25737240821203,江戸川
葛飾区|堀切5丁目,167623.19563179434,1,85.80572898041832,江戸川
葛飾区|堀切5丁目,167623.19563179434,1,156.79097813236763,江戸川
葛飾区|堀切5丁目,167623.19563179434,2,161837.54523933955,江戸川
葛飾区|堀切6丁目,160979.03927023328,2,160979.03927023328,江戸川
葛飾区|堀切7丁目,168070.6048882979,2,168070.60488829785,江戸川
葛飾区|堀切8丁目,146099.43689002332,2,146099.4368900233,江戸川
葛飾区|水元1丁目,286400.6169617706,1,365.67282841898174,江戸川
葛飾区|水元1丁目,286400.6169617706,1,1932.8002531972782,江戸川
葛飾区|水元1丁目,286400.6169617706,1,104.48334190603806,江戸川
葛飾区|水元1丁目,286400.6169617706,1,26.114579726477405,江戸川
葛飾区|水元1丁目,286400.6169617706,1,156.71557303863088,江戸川
葛飾区|水元1丁目,286400.6169617706,1,940.2870529665613,江戸川
葛飾区|水元1丁目,286400.6169617706,2,281673.05016169726,江戸川
葛飾区|水元1丁目,286400.6169617706,3,26.115103198261444,江戸川
葛飾区|水元1丁目,286400.6169617706,3,26.121271812066198,江戸川
葛飾区|水元1丁目,286400.6169617706,3,26.120901486531626,江戸川
葛飾区|水元1丁目,286400.6169617706,3,130.59366598452976,江戸川
葛飾区|水元1丁目,286400.6169617706,3,156.71518615654122,江戸川
葛飾区|水元1丁目,286400.6169617706,3,104.48588806894676,江戸川
葛飾区|水元1丁目,286400.6169617706,3,470.1510340711257,江戸川
葛飾区|水元1丁目,286400.6169617706,3,52.241804972598224,江戸川
葛飾区|水元1丁目,286400.6169617706,3,52.235463026258614,江戸川
葛飾区|水元1丁目,286400.6169617706,3,156.71285204240772,江戸川
葛飾区|水元2丁目,183687.3182674786,2,183687.31826747864,江戸川
葛飾区|水元3丁目,219285.80264794925,2,219285.80264794928,江戸川
葛飾区|水元4丁目,215927.92915879187,2,215927.92915879187,江戸川
葛飾区|水元5丁目,146389.12044122146,1,77.97327682765844,江戸川
葛飾区|水元5丁目,146389.12044122146,1,104.47269844504206,江戸川
葛飾区|水元5丁目,146389.12044122146,1,52.23001366770168,江戸川
葛飾区|水元5丁目,146389.12044122146,1,52.23024638977216,江戸川
葛飾区|水元5丁目,146389.12044122146,1,26.117607092994284,江戸川
葛飾区|水元5丁目,146389.12044122146,1,26.117593672172895,江戸川
葛飾区|水元5丁目,146389.12044122146,1,26.11755339020828,江戸川
葛飾区|水元5丁目,146389.12044122146,1,56.91161664578795,江戸川
葛飾区|水元5丁目,146389.12044122146,1,52.23454107717699,江戸川
葛飾区|水元5丁目,146389.12044122146,1,52.23524854043983,江戸川
葛飾区|水元5丁目,146389.12044122146,2,144561.86412799236,江戸川
葛飾区|水元公園,1036407.9159366406,1,52.23437355730728,江戸川
葛飾区|水元公園,1036407.9159366406,1,26.120354622298514,江戸川
葛飾区|水元公園,1036407.9159366406,1,26.12062367050067,江戸川
葛飾区|水元公園,1036407.9159366406,1,26.111472888491456,江戸川
葛飾区|水元公園,1036407.9159366406,1,78.34887291820709,江戸川
葛飾区|水元公園,1036407.9159366406,1,26.120596797080424,江戸川
葛飾区|水元公園,1036407.9159366406,1,20.462295700294135,江戸川
葛飾区|水元公園,1036407.9159366406,1,25.217199121668795,江戸川
葛飾区|水元公園,1036407.9159366406,1,130.60417615653265,江戸川
葛飾区|水元公園,1036407.9159366406,1,104.47719591467369,江戸川
葛飾区|水元公園,1036407.9159366406,1,26.114785728611196,江戸川
葛飾区|水元公園,1036407.9159366406,1,52.24214896862908,江戸川
葛飾区|水元公園,1036407.9159366406,1,52.24242524486457,江戸川
葛飾区|水元公園,1036407.9159366406,1,52.236278067462145,江戸川
葛飾区|水元公園,1036407.9159366406,1,24.980777673324692,江戸川
葛飾区|水元公園,1036407.9159366406,1,52.23606942318652,江戸川
葛飾区|水元公園,1036407.9159366406,1,52.242378529766285,江戸川
葛飾区|水元公園,1036407.9159366406,1,26.114987940043402,江戸川
葛飾区|水元公園,1036407.9159366406,1,2.1428755433854425,江戸川
葛飾区|水元公園,1036407.9159366406,1,37.66259690623173,江戸川
葛飾区|水元公園,1036407.9159366406,1,26.121364358088556,江戸川
葛飾区|水元公園,1036407.9159366406,1,26.121077928436048,江戸川
葛飾区|水元公園,1036407.9159366406,1,6.5479179829028515,江戸川
葛飾区|水元公園,1036407.9159366406,1,112.10354018735971,江戸川
葛飾区|水元公園,1036407.9159366406,1,130.60088560506372,江戸川
葛飾区|水元公園,1036407.9159366406,1,0.1407914897064213,江戸川
葛飾区|水元公園,1036407.9159366406,1,7.619434489826916,江戸川
葛飾区|水元公園,1036407.9159366406,1,26.12105161430247,江戸川
葛飾区|水元公園,1036407.9159366406,1,156.716119380926,江戸川
葛飾区|水元公園,1036407.9159366406,1,725.1201604633582,江戸川
葛飾区|水元公園,1036407.9159366406,1,424.96416440392466,江戸川
葛飾区|水元公園,1036407.9159366406,1,850.7937099189289,江戸川
葛飾区|水元公園,1036407.9159366406,1,26.117717589046347,江戸川
葛飾区|水元公園,1036407.9159366406,1,25.12001590069673,江戸川
葛飾区|水元公園,1036407.9159366406,1,443.969159653419,江戸川
葛飾区|水元公園,1036407.9159366406,1,26.11841083289447,江戸川
葛飾区|水元公園,1036407.9159366406,1,328.1613208242645,江戸川
葛飾区|水元公園,1036407.9159366406,1,117.74121856627109,江戸川
葛飾区|水元公園,1036407.9159366406,1,2322.719153220424,江戸川
葛飾区|水元公園,1036407.9159366406,1,886.5561141664381,江戸川
葛飾区|水元公園,1036407.9159366406,1,52.230347173219904,江戸川
葛飾区|水元公園,1036407.9159366406,1,62.87041281398741,江戸川
葛飾区|水元公園,1036407.9159366406,1,26.1182114035526,江戸川
葛飾区|水元公園,1036407.9159366406,1,26.11857863876562,江戸川
葛飾区|水元公園,1036407.9159366406,1,52.23550592309368,江戸川
葛飾区|水元公園,1036407.9159366406,1,787.9722855061333,江戸川
葛飾区|水元公園,1036407.9159366406,1,26.119372310768764,江戸川
葛飾区|水元公園,1036407.9159366406,1,78.34684531736023,江戸川
葛飾区|水元公園,1036407.9159366406,1,52.23206896834845,江戸川
葛飾区|水元公園,1036407.9159366406,1,52.23254374853941,江戸川
葛飾区|水元公園,1036407.9159366406,1,52.229235165003786,江戸川
葛飾区|水元公園,1036407.9159366406,1,26.11905894073203,江戸川
葛飾区|水元公園,1036407.9159366406,1,172.63448215555275,江戸川
葛飾区|水元公園,1036407.9159366406,1,26.11108294406625,江戸川
葛飾区|水元公園,1036407.9159366406,1,26.11798061120942,江戸川
葛飾区|水元公園,1036407.9159366406,1,470.0089641042173,江戸川
葛飾区|水元公園,1036407.9159366406,1,26.11151737544518,江戸川
葛飾区|水元公園,1036407.9159366406,1,913.2691403138242,江戸川
葛飾区|水元公園,1036407.9159366406,1,26.1180075617119,江戸川
葛飾区|水元公園,1036407.9159366406,1,26.117677562146753,江戸川
葛飾区|水元公園,1036407.9159366406,1,52.235913890895205,江戸川
葛飾区|水元公園,1036407.9159366406,1,104.46600562626077,江戸川
葛飾区|水元公園,1036407.9159366406,1,26.117691064258423,江戸川
葛飾区|水元公園,1036407.9159366406,1,26.119587701327106,江戸川
葛飾区|水元公園,1036407.9159366406,1,78.34711172608526,江戸川
葛飾区|水元公園,1036407.9159366406,1,1444.6018431988198,江戸川
葛飾区|水元公園,1036407.9159366406,1,26.111204097854166,江戸川
葛飾区|水元公園,1036407.9159366406,1,26.11139648532754,江戸川
葛飾区|水元公園,1036407.9159366406,1,78.34654202209423,江戸川
葛飾区|水元公園,1036407.9159366406,1,52.240225572710266,江戸川
葛飾区|水元公園,1036407.9159366406,1,78.34722354487617,江戸川
葛飾区|水元公園,1036407.9159366406,1,104.47018553191278,江戸川
葛飾区|水元公園,1036407.9159366406,1,52.23544960261257,江戸川
葛飾区|水元公園,1036407.9159366406,1,26.111517591067656,江戸川
葛飾区|水元公園,1036407.9159366406,1,26.113897839449297,江戸川
葛飾区|水元公園,1036407.9159366406,1,26.120193085966367,江戸川
葛飾区|水元公園,1036407.9159366406,1,391.7427651193052,江戸川
葛飾区|水元公園,1036407.9159366406,1,26.12042898637292,江戸川
葛飾区|水元公園,1036407.9159366406,1,26.11139663415146,江戸川
葛飾区|水元公園,1036407.9159366406,1,26.113978600587686,江戸川
葛飾区|水元公園,1036407.9159366406,1,52.23536911225408,江戸川
葛飾区|水元公園,1036407.9159366406,1,26.11741827652139,江戸川
葛飾区|水元公園,1036407.9159366406,1,104.46723095410248,江戸川
葛飾区|水元公園,1036407.9159366406,1,26.110916411842517,江戸川
葛飾区|水元公園,1036407.9159366406,1,977.1616555178873,江戸川
葛飾区|水元公園,1036407.9159366406,1,97.22566481553847,江戸川
葛飾区|水元公園,1036407.9159366406,1,82.06044898793722,江戸川
葛飾区|水元公園,1036407.9159366406,1,52.2339101315868,江戸川
葛飾区|水元公園,1036407.9159366406,1,48.920692936588054,江戸川
葛飾区|水元公園,1036407.9159366406,1,26.11699589297151,江戸川
葛飾区|水元公園,1036407.9159366406,1,47.919278718043316,江戸川
葛飾区|水元公園,1036407.9159366406,1,104.45442779602088,江戸川
葛飾区|水元公園,1036407.9159366406,1,99.40052274937383,江戸川
葛飾区|水元公園,1036407.9159366406,1,156.68128123606687,江戸川
葛飾区|水元公園,1036407.9159366406,1,26.11062713069956,江戸川
葛飾区|水元公園,1036407.9159366406,1,26.116921619625572,江戸川
葛飾区|水元公園,1036407.9159366406,1,52.23376260007526,江戸川
葛飾区|水元公園,1036407.9159366406,1,51.702450028378415,江戸川
葛飾区|水元公園,1036407.9159366406,1,104.46692094920952,江戸川
葛飾区|水元公園,1036407.9159366406,1,25.476199530746992,江戸川
葛飾区|水元公園,1036407.9159366406,1,1373.3189289119853,江戸川
葛飾区|水元公園,1036407.9159366406,1,156.693214754361,江戸川
葛飾区|水元公園,1036407.9159366406,1,261.14104269596316,江戸川
葛飾区|水元公園,1036407.9159366406,1,25.185308594520357,江戸川
葛飾区|水元公園,1036407.9159366406,1,22.477095323740684,江戸川
葛飾区|水元公園,1036407.9159366406,1,69.24382283446022,江戸川
葛飾区|水元公園,1036407.9159366406,1,48.87080078327961,江戸川
葛飾区|水元公園,1036407.9159366406,1,287.21753185253505,江戸川
葛飾区|水元公園,1036407.9159366406,1,104.43649450485003,江戸川
葛飾区|水元公園,1036407.9159366406,1,553.6600976748349,江戸川
葛飾区|水元公園,1036407.9159366406,1,26.116882100981755,江戸川
葛飾区|水元公園,1036407.9159366406,1,574.5285951055904,江戸川
葛飾区|水元公園,1036407.9159366406,1,26.11677801179584,江戸川
葛飾区|水元公園,1036407.9159366406,1,26.116869030941245,江戸川
葛飾区|水元公園,1036407.9159366406,1,182.80614851581188,江戸川
葛飾区|水元公園,1036407.9159366406,1,52.233670959461655,江戸川
葛飾区|水元公園,1036407.9159366406,1,26.110547792714552,江戸川
葛飾区|水元公園,1036407.9159366406,1,26.11669747000756,江戸川
葛飾区|水元公園,1036407.9159366406,1,26.116788483727124,江戸川
葛飾区|水元公園,1036407.9159366406,1,78.34421904872589,江戸川
葛飾区|水元公園,1036407.9159366406,1,26.11058826070509,江戸川
葛飾区|水元公園,1036407.9159366406,1,235.03883657389602,江戸川
葛飾区|水元公園,1036407.9159366406,1,496.18348134422666,江戸川
葛飾区|水元公園,1036407.9159366406,1,26.117253201860517,江戸川
葛飾区|水元公園,1036407.9159366406,1,26.11079014074724,江戸川
葛飾区|水元公園,1036407.9159366406,1,104.4620711055241,江戸川
葛飾区|水元公園,1036407.9159366406,1,52.23376182857242,江戸川
葛飾区|水元公園,1036407.9159366406,1,52.22178933295342,江戸川
葛飾区|水元公園,1036407.9159366406,1,52.23394717932984,江戸川
葛飾区|水元公園,1036407.9159366406,1,21.61147096366625,江戸川
葛飾区|水元公園,1036407.9159366406,1,65.92692327984398,江戸川
葛飾区|水元公園,1036407.9159366406,1,28.20431637430594,江戸川
葛飾区|水元公園,1036407.9159366406,1,26.111079913396388,江戸川
葛飾区|水元公園,1036407.9159366406,1,1036.06526733125,江戸川
葛飾区|水元公園,1036407.9159366406,1,26.11715210624501,江戸川
葛飾区|水元公園,1036407.9159366406,1,52.22797253668656,江戸川
葛飾区|水元公園,1036407.9159366406,1,1488.5115739522437,江戸川
葛飾区|水元公園,1036407.9159366406,1,13.700507014822767,江戸川
葛飾区|水元公園,1036407.9159366406,1,182.80323439707172,江戸川
葛飾区|水元公園,1036407.9159366406,1,26.111362551803985,江戸川
葛飾区|水元公園,1036407.9159366406,1,14.75110033910424,江戸川
葛飾区|水元公園,1036407.9159366406,1,0.002929013026280116,江戸川
葛飾区|水元公園,1036407.9159366406,1,52.23509217574463,江戸川
葛飾区|水元公園,1036407.9159366406,1,130.58133101523447,江戸川
葛飾区|水元公園,1036407.9159366406,1,26.117556106561572,江戸川
葛飾区|水元公園,1036407.9159366406,1,156.68715627245263,江戸川
葛飾区|水元公園,1036407.9159366406,1,78.3444520856984,江戸川
葛飾区|水元公園,1036407.9159366406,1,26.11688417781358,江戸川
葛飾区|水元公園,1036407.9159366406,1,26.11687075606693,江戸川
葛飾区|水元公園,1036407.9159366406,1,104.45492116297943,江戸川
葛飾区|水元公園,1036407.9159366406,1,26.110397434759754,江戸川
葛飾区|水元公園,1036407.9159366406,1,78.35023519608055,江戸川
葛飾区|水元公園,1036407.9159366406,1,52.22179218992377,江戸川
葛飾区|水元公園,1036407.9159366406,1,208.91615385739482,江戸川
葛飾区|水元公園,1036407.9159366406,1,52.227918258017496,江戸川
葛飾区|水元公園,1036407.9159366406,1,52.23420652195579,江戸川
葛飾区|水元公園,1036407.9159366406,1,26.117045900761823,江戸川
葛飾区|水元公園,1036407.9159366406,1,52.22799286530904,江戸川
葛飾区|水元公園,1036407.9159366406,1,7468.852797958442,江戸川
葛飾区|水元公園,1036407.9159366406,1,652.8606572222188,江戸川
葛飾区|水元公園,1036407.9159366406,1,78.33928059146557,江戸川
葛飾区|水元公園,1036407.9159366406,1,26.11099444530967,江戸川
葛飾区|水元公園,1036407.9159366406,1,130.5864119427466,江戸川
葛飾区|水元公園,1036407.9159366406,1,182.79906708646868,江戸川
葛飾区|水元公園,1036407.9159366406,1,78.34544538983097,江戸川
葛飾区|水元公園,1036407.9159366406,1,52.22195600341267,江戸川
葛飾区|水元公園,1036407.9159366406,1,52.23434657721599,江戸川
葛飾区|水元公園,1036407.9159366406,1,26.110833283703318,江戸川
葛飾区|水元公園,1036407.9159366406,1,574.5230931474687,江戸川
葛飾区|水元公園,1036407.9159366406,1,26.12128479794697,江戸川
葛飾区|水元公園,1036407.9159366406,1,78.36405015721918,江戸川
葛飾区|水元公園,1036407.9159366406,1,104.4843059559671,江戸川
葛飾区|水元公園,1036407.9159366406,1,496.2425499541433,江戸川
葛飾区|水元公園,1036407.9159366406,1,104.47808847440186,江戸川
葛飾区|水元公園,1036407.9159366406,1,156.71430097446787,江戸川
葛飾区|水元公園,1036407.9159366406,1,274.32286763988793,江戸川
葛飾区|水元公園,1036407.9159366406,1,17.733803273468688,江戸川
葛飾区|水元公園,1036407.9159366406,1,261.20766105992254,江戸川
葛飾区|水元公園,1036407.9159366406,1,52.24265273020107,江戸川
葛飾区|水元公園,1036407.9159366406,1,21.230107062936835,江戸川
葛飾区|水元公園,1036407.9159366406,1,45.79437121775601,江戸川
葛飾区|水元公園,1036407.9159366406,1,26.115031019290946,江戸川
葛飾区|水元公園,1036407.9159366406,1,42.33822768132712,江戸川
葛飾区|水元公園,1036407.9159366406,1,427.0655193425441,江戸川
葛飾区|水元公園,1036407.9159366406,1,52.228030177889856,江戸川
葛飾区|水元公園,1036407.9159366406,1,52.227519346348835,江戸川
葛飾区|水元公園,1036407.9159366406,2,863664.8349491925,江戸川
葛飾区|水元公園,1036407.9159366406,2,52.24236012488105,江戸川
葛飾区|水元公園,1036407.9159366406,2,52.22569884185008,江戸川
葛飾区|水元公園,1036407.9159366406,2,26.119130975867343,江戸川
葛飾区|水元公園,1036407.9159366406,2,26.119171341812457,江戸川
葛飾区|水元公園,1036407.9159366406,2,1026.8126053199787,江戸川
葛飾区|水元公園,1036407.9159366406,2,26.116163946631133,江戸川
葛飾区|水元公園,1036407.9159366406,2,52.23663345913859,江戸川
葛飾区|水元公園,1036407.9159366406,2,156.72627961643934,江戸川
葛飾区|水元公園,1036407.9159366406,3,8132.067260839167,江戸川
葛飾区|水元公園,1036407.9159366406,3,25165.56071825655,江戸川
葛飾区|水元公園,1036407.9159366406,3,52.24250720630321,江戸川
葛飾区|水元公園,1036407.9159366406,3,104.47139748227264,江戸川
葛飾区|水元公園,1036407.9159366406,3,26.11381717871647,江戸川
葛飾区|水元公園,1036407.9159366406,3,26.11860612796285,江戸川
葛飾区|水元公園,1036407.9159366406,3,52.22429372333735,江戸川
葛飾区|水元公園,1036407.9159366406,3,5214.144054951666,江戸川
葛飾区|水元公園,1036407.9159366406,3,26.119312901907392,江戸川
葛飾区|水元公園,1036407.9159366406,3,52.22590765237117,江戸川
葛飾区|水元公園,1036407.9159366406,3,26.120112764596286,江戸川
葛飾区|水元公園,1036407.9159366406,3,78.35793178729436,江戸川
葛飾区|水元公園,1036407.9159366406,3,287.28972163459736,江戸川
葛飾区|水元公園,1036407.9159366406,3,52.238470854444024,江戸川
葛飾区|水元公園,1036407.9159366406,3,26.11971651644994,江戸川
葛飾区|水元公園,1036407.9159366406,3,52.23609656042557,江戸川
葛飾区|水元公園,1036407.9159366406,3,26.112204092703998,江戸川
葛飾区|水元公園,1036407.9159366406,3,52.23017886598662,江戸川
葛飾区|水元公園,1036407.9159366406,3,1723.684204014009,江戸川
葛飾区|水元公園,1036407.9159366406,3,0.006030251192881366,江戸川
葛飾区|水元公園,1036407.9159366406,3,52.23001812287952,江戸川
葛飾区|水元公園,1036407.9159366406,3,20.862557115522456,江戸川
葛飾区|水元公園,1036407.9159366406,3,12.88060364358393,江戸川
葛飾区|水元公園,1036407.9159366406,3,4.319687756680538,江戸川
葛飾区|水元公園,1036407.9159366406,3,26.117934725242172,江戸川
葛飾区|水元公園,1036407.9159366406,3,652.891987099903,江戸川
葛飾区|水元公園,1036407.9159366406,3,26.1179618927125,江戸川
葛飾区|水元公園,1036407.9159366406,3,52.229696374050555,江戸川
葛飾区|水元公園,1036407.9159366406,3,208.9242084590939,江戸川
葛飾区|水元公園,1036407.9159366406,3,52.2356010996551,江戸川
葛飾区|水元公園,1036407.9159366406,3,104.45795025056985,江戸川
葛飾区|水元公園,1036407.9159366406,3,78.35362439396235,江戸川
葛飾区|水元公園,1036407.9159366406,3,78.3530391527454,江戸川
葛飾区|水元公園,1036407.9159366406,3,26.111607469609687,江戸川
葛飾区|水元公園,1036407.9159366406,3,104.47100260001336,江戸川
葛飾区|水元公園,1036407.9159366406,3,78.34406743141423,江戸川
葛飾区|水元公園,1036407.9159366406,3,0.14010695916138527,江戸川
葛飾区|水元公園,1036407.9159366406,3,14.151303687675124,江戸川
葛飾区|水元公園,1036407.9159366406,3,1.4338604492907816,江戸川
葛飾区|水元公園,1036407.9159366406,3,40.08666032834197,江戸川
葛飾区|水元公園,1036407.9159366406,3,26.109993111095427,江戸川
葛飾区|水元公園,1036407.9159366406,3,139.9669367124998,江戸川
葛飾区|水元公園,1036407.9159366406,3,26.11579218440267,江戸川
葛飾区|水元公園,1036407.9159366406,3,26.115805682998413,江戸川
葛飾区|水元公園,1036407.9159366406,3,26.109986290293854,江戸川
葛飾区|水元公園,1036407.9159366406,3,130.56924605947617,江戸川
葛飾区|水元公園,1036407.9159366406,3,26.109946050971793,江戸川
葛飾区|水元公園,1036407.9159366406,3,78.34893012288849,江戸川
葛飾区|水元公園,1036407.9159366406,3,548.4129932202085,江戸川
葛飾区|水元公園,1036407.9159366406,3,174.22849671974424,江戸川
葛飾区|水元公園,1036407.9159366406,3,26.11482799439385,江戸川
葛飾区|水元公園,1036407.9159366406,3,26.114828045554788,江戸川
葛飾区|水元公園,1036407.9159366406,3,861.8790498168493,江戸川
葛飾区|水元公園,1036407.9159366406,3,783.5560620352254,江戸川
葛飾区|水元公園,1036407.9159366406,3,176.41011912337345,江戸川
葛飾区|水元公園,1036407.9159366406,3,339.54391952513527,江戸川
葛飾区|水元公園,1036407.9159366406,3,156.72687454966774,江戸川
葛飾区|水元公園,1036407.9159366406,3,182.8165092969792,江戸川
葛飾区|水元公園,1036407.9159366406,3,518.8795506682648,江戸川
葛飾区|水元公園,1036407.9159366406,3,78.35736199423121,江戸川
葛飾区|水元公園,1036407.9159366406,3,78.34394898516696,江戸川
葛飾区|水元公園,1036407.9159366406,3,2611.889605272634,江戸川
葛飾区|水元公園,1036407.9159366406,3,1201.4584902125468,江戸川
葛飾区|水元公園,1036407.9159366406,3,52.24229799330371,江戸川
葛飾区|水元公園,1036407.9159366406,3,52.22963564130506,江戸川
葛飾区|水元公園,1036407.9159366406,3,19.61486217163116,江戸川
葛飾区|水元公園,1036407.9159366406,3,52.22918513618264,江戸川
葛飾区|水元公園,1036407.9159366406,3,104.47215377592849,江戸川
葛飾区|水元公園,1036407.9159366406,3,26.114829972177606,江戸川
葛飾区|水元公園,1036407.9159366406,3,156.7261956954498,江戸川
葛飾区|水元公園,1036407.9159366406,3,156.72037839870015,江戸川
葛飾区|水元公園,1036407.9159366406,3,26.114709156297387,江戸川
葛飾区|水元公園,1036407.9159366406,3,235.07627081795994,江戸川
葛飾区|水元公園,1036407.9159366406,3,365.6732384019361,江戸川
葛飾区|水元公園,1036407.9159366406,3,26.11458828431983,江戸川
葛飾区|水元公園,1036407.9159366406,3,26.120449316837004,江戸川
葛飾区|水元公園,1036407.9159366406,3,52.23563476787689,江戸川
葛飾区|水元公園,1036407.9159366406,3,52.23527075314539,江戸川
葛飾区|水元公園,1036407.9159366406,3,966.4059060406356,江戸川
葛飾区|水元公園,1036407.9159366406,3,52.24195022469858,江戸川
葛飾区|水元公園,1036407.9159366406,3,52.22917744806995,江戸川
葛飾区|水元公園,1036407.9159366406,3,710.8552945872801,江戸川
葛飾区|水元公園,1036407.9159366406,3,52.22106997298912,江戸川
葛飾区|水元公園,1036407.9159366406,3,992.3802467731199,江戸川
葛飾区|水元公園,1036407.9159366406,3,26.117316961461242,江戸川
葛飾区|水元公園,1036407.9159366406,3,26.117499019553172,江戸川
葛飾区|水元公園,1036407.9159366406,3,26.117397687681002,江戸川
葛飾区|水元公園,1036407.9159366406,3,26.116963277845926,江戸川
葛飾区|水元公園,1036407.9159366406,3,26.117236363359783,江戸川
葛飾区|水元公園,1036407.9159366406,3,52.22118434291314,江戸川
葛飾区|水元公園,1036407.9159366406,3,104.46819244992861,江戸川
葛飾区|水元公園,1036407.9159366406,3,52.2341635247909,江戸川
葛飾区|水元公園,1036407.9159366406,3,26.116752199598075,江戸川
葛飾区|水元公園,1036407.9159366406,3,104.4680043117256,江戸川
葛飾区|水元公園,1036407.9159366406,3,52.23466216024809,江戸川
葛飾区|水元公園,1036407.9159366406,3,835.6893293307988,江戸川
葛飾区|水元公園,1036407.9159366406,3,26.11679257699116,江戸川
葛飾区|水元公園,1036407.9159366406,3,26.11739803657161,江戸川
葛飾区|水元公園,1036407.9159366406,3,182.79976146557968,江戸川
葛飾区|水元公園,1036407.9159366406,3,26.11688700661911,江戸川
葛飾区|水元公園,1036407.9159366406,3,990.0718369356879,江戸川
葛飾区|水元公園,1036407.9159366406,3,26.110592799598557,江戸川
葛飾区|水元公園,1036407.9159366406,3,145.3712151590221,江戸川
葛飾区|水元公園,1036407.9159366406,3,26.116614438430894,江戸川
葛飾区|南水元1丁目,280043.17737718555,1,26.12303986484277,江戸川
葛飾区|南水元1丁目,280043.17737718555,1,26.123134000193865,江戸川
葛飾区|南水元1丁目,280043.17737718555,1,26.12316095820828,江戸川
葛飾区|南水元1丁目,280043.17737718555,1,52.24670569651312,江戸川
葛飾区|南水元1丁目,280043.17737718555,1,26.1233834107195,江戸川
葛飾区|南水元1丁目,280043.17737718555,1,52.24641608016987,江戸川
葛飾区|南水元1丁目,280043.17737718555,1,52.246496765183295,江戸川
葛飾区|南水元1丁目,280043.17737718555,1,26.117120563678135,江戸川
葛飾区|南水元1丁目,280043.17737718555,1,26.12365247670558,江戸川
葛飾区|南水元1丁目,280043.17737718555,1,26.12353762238714,江戸川
葛飾区|南水元1丁目,280043.17737718555,1,26.1235241824414,江戸川
葛飾区|南水元1丁目,280043.17737718555,1,142.41086194467638,江戸川
葛飾区|南水元1丁目,280043.17737718555,1,42.469649693692276,江戸川
葛飾区|南水元1丁目,280043.17737718555,1,26.116595927031945,江戸川
葛飾区|南水元1丁目,280043.17737718555,1,52.24589853622752,江戸川
葛飾区|南水元1丁目,280043.17737718555,1,104.4919110008228,江戸川
葛飾区|南水元1丁目,280043.17737718555,1,26.1229725759907,江戸川
葛飾区|南水元1丁目,280043.17737718555,1,26.12299949419606,江戸川
葛飾区|南水元1丁目,280043.17737718555,2,226785.42025825309,江戸川
葛飾区|南水元1丁目,280043.17737718555,2,26.117208382309073,江戸川
葛飾区|南水元1丁目,280043.17737718555,2,26.12340305967242,江戸川
葛飾区|南水元1丁目,280043.17737718555,2,26.12374660202803,江戸川
葛飾区|南水元1丁目,280043.17737718555,2,104.48210988298945,江戸川
葛飾区|南水元1丁目,280043.17737718555,3,522.4221940108959,江戸川
葛飾区|南水元1丁目,280043.17737718555,3,26.12328228534051,江戸川
葛飾区|南水元1丁目,280043.17737718555,3,28.980593893143777,江戸川
葛飾区|南水元1丁目,280043.17737718555,3,26.123323085047822,江戸川
葛飾区|南水元1丁目,280043.17737718555,3,156.72748251965612,江戸川
葛飾区|南水元1丁目,280043.17737718555,3,26.12350523837147,江戸川
葛飾区|南水元1丁目,280043.17737718555,3,23.90307385314779,江戸川
葛飾区|南水元1丁目,280043.17737718555,3,52.24633734960931,江戸川
葛飾区|南水元1丁目,280043.17737718555,3,235.08317673331783,江戸川
葛飾区|南水元1丁目,280043.17737718555,3,19.1695674592485,江戸川
葛飾区|南水元1丁目,280043.17737718555,3,26.122014227673112,江戸川
葛飾区|南水元1丁目,280043.17737718555,3,137.64779886697158,江戸川
葛飾区|南水元1丁目,280043.17737718555,3,51.02334933509242,江戸川
葛飾区|南水元2丁目,264931.10059274634,1,22.146672654280056,江戸川
葛飾区|南水元2丁目,264931.10059274634,1,26.115715145047883,江戸川
葛飾区|南水元2丁目,264931.10059274634,1,26.121909553846052,江戸川
葛飾区|南水元2丁目,264931.10059274634,1,26.121923001294974,江戸川
葛飾区|南水元2丁目,264931.10059274634,1,26.1159169864273,江戸川
葛飾区|南水元2丁目,264931.10059274634,1,26.12199031034995,江戸川
葛飾区|南水元2丁目,264931.10059274634,1,26.11578877800126,江戸川
葛飾区|南水元2丁目,264931.10059274634,1,26.122124825481954,江戸川
葛飾区|南水元2丁目,264931.10059274634,1,52.24422592447663,江戸川
葛飾区|南水元2丁目,264931.10059274634,1,26.122393905055915,江戸川
葛飾区|南水元2丁目,264931.10059274634,1,26.12235360661569,江戸川
葛飾区|南水元2丁目,264931.10059274634,1,26.122434331376397,江戸川
葛飾区|南水元2丁目,264931.10059274634,1,26.122515059933,江戸川
葛飾区|南水元2丁目,264931.10059274634,1,26.12280474398117,江戸川
葛飾区|南水元2丁目,264931.10059274634,1,114.26731920217054,江戸川
葛飾区|南水元2丁目,264931.10059274634,1,26.115595001029824,江戸川
葛飾区|南水元2丁目,264931.10059274634,2,209730.73249779464,江戸川
葛飾区|南水元2丁目,264931.10059274634,2,26.121788401326675,江戸川
葛飾区|南水元2丁目,264931.10059274634,2,104.48380458774042,江戸川
葛飾区|南水元2丁目,264931.10059274634,3,78.35934737905704,江戸川
葛飾区|南水元2丁目,264931.10059274634,3,417.90891147619703,江戸川
葛飾区|南水元2丁目,264931.10059274634,3,45.209028221041876,江戸川
葛飾区|南水元2丁目,264931.10059274634,3,27.324746993950306,江戸川
葛飾区|南水元3丁目,124775.6851523368,2,124775.6851523368,江戸川
葛飾区|南水元4丁目,266118.6983142372,2,266118.6983142371,江戸川
葛飾区|四つ木1丁目,285884.46550414717,1,52.27360053592457,江戸川
葛飾区|四つ木1丁目,285884.46550414717,1,52.26665016930889,江戸川
葛飾区|四つ木1丁目,285884.46550414717,1,26.13041959982235,江戸川
葛飾区|四つ木1丁目,285884.46550414717,1,78.40441543082213,江戸川
葛飾区|四つ木1丁目,285884.46550414717,1,26.130580757028042,江戸川
葛飾区|四つ木1丁目,285884.46550414717,1,52.27395562316332,江戸川
葛飾区|四つ木1丁目,285884.46550414717,1,26.130830094368015,江戸川
葛飾区|四つ木1丁目,285884.46550414717,1,26.13690682676876,江戸川
葛飾区|四つ木1丁目,285884.46550414717,1,26.137129365589946,江戸川
葛飾区|四つ木1丁目,285884.46550414717,1,26.13696058188636,江戸川
葛飾区|四つ木1丁目,285884.46550414717,1,26.130701614034592,江戸川
葛飾区|四つ木1丁目,285884.46550414717,1,26.137236830474173,江戸川
葛飾区|四つ木1丁目,285884.46550414717,1,26.137041162172032,江戸川
葛飾区|四つ木1丁目,285884.46550414717,1,26.136645801189104,江戸川
葛飾区|四つ木1丁目,285884.46550414717,1,11.843889692182088,江戸川
葛飾区|四つ木1丁目,285884.46550414717,1,26.129855568432745,江戸川
葛飾区|四つ木1丁目,285884.46550414717,1,26.136323383950224,江戸川
葛飾区|四つ木1丁目,285884.46550414717,1,20.901904886824482,江戸川
葛飾区|四つ木1丁目,285884.46550414717,1,18.16119178182576,江戸川
葛飾区|四つ木1丁目,285884.46550414717,1,26.07896295523849,江戸川
葛飾区|四つ木1丁目,285884.46550414717,2,165927.79748283545,江戸川
葛飾区|四つ木1丁目,285884.46550414717,2,52.272362940083006,江戸川
葛飾区|四つ木1丁目,285884.46550414717,3,1084.5535619884445,江戸川
葛飾区|四つ木2丁目,107168.7209178134,2,107168.72091781339,江戸川
葛飾区|四つ木3丁目,262164.32399321336,1,26.129420039771514,江戸川
葛飾区|四つ木3丁目,262164.32399321336,1,26.135496444233794,江戸川
葛飾区|四つ木3丁目,262164.32399321336,1,26.13590700974866,江戸川
葛飾区|四つ木3丁目,262164.32399321336,1,52.27150330151182,江戸川
葛飾区|四つ木3丁目,262164.32399321336,1,52.265722343609994,江戸川
葛飾区|四つ木3丁目,262164.32399321336,1,26.129694445946726,江戸川
葛飾区|四つ木3丁目,262164.32399321336,1,26.136202517940575,江戸川
葛飾区|四つ木3丁目,262164.32399321336,1,26.129943770291028,江戸川
葛飾区|四つ木3丁目,262164.32399321336,1,26.136235214223834,江戸川
葛飾区|四つ木3丁目,262164.32399321336,1,104.53172486769144,江戸川
葛飾区|四つ木3丁目,262164.32399321336,1,26.13610088029843,江戸川
葛飾区|四つ木3丁目,262164.32399321336,1,26.13006460605382,江戸川
葛飾区|四つ木3丁目,262164.32399321336,1,26.12994373276173,江戸川
葛飾区|四つ木3丁目,262164.32399321336,1,275.6217147632135,江戸川
葛飾区|四つ木3丁目,262164.32399321336,2,117917.88379929548,江戸川
葛飾区|四つ木3丁目,262164.32399321336,3,169.8947367089628,江戸川
葛飾区|四つ木4丁目,218794.41053218354,2,218794.41053218348,江戸川
葛飾区|四つ木5丁目,176814.70196085234,2,176814.70196085228,江戸川
江戸川区|春江町1丁目,31086.18236911731,2,21745.542121037415,江戸川
江戸川区|春江町1丁目,31086.18236911731,2,7.118317962723308,江戸川
江戸川区|春江町1丁目,31086.18236911731,2,261.4615815537829,江戸川
江戸川区|春江町1丁目,31086.18236911731,2,26.13982176762596,江戸川
江戸川区|春江町1丁目,31086.18236911731,3,8975.23999850371,江戸川
江戸川区|春江町1丁目,31086.18236911731,3,8.004946389840345,江戸川
江戸川区|春江町1丁目,31086.18236911731,3,10.382557197205774,江戸川
江戸川区|春江町1丁目,31086.18236911731,3,52.293024705077634,江戸川
江戸川区|春江町2丁目,344865.1318011403,1,78.43571506580726,江戸川
江戸川区|春江町2丁目,344865.1318011403,1,52.288790257338235,江戸川
江戸川区|春江町2丁目,344865.1318011403,1,78.4358683796494,江戸川
江戸川区|春江町2丁目,344865.1318011403,1,52.29512452072455,江戸川
江戸川区|春江町2丁目,344865.1318011403,1,78.43619050281497,江戸川
江戸川区|春江町2丁目,344865.1318011403,1,26.141388004421195,江戸川
江戸川区|春江町2丁目,344865.1318011403,1,26.148272084543162,江戸川
江戸川区|春江町2丁目,344865.1318011403,1,113.05667545614456,江戸川
江戸川区|春江町2丁目,344865.1318011403,1,26.146709760957812,江戸川
江戸川区|春江町2丁目,344865.1318011403,1,52.293755099391745,江戸川
江戸川区|春江町2丁目,344865.1318011403,1,78.4341767836477,江戸川
江戸川区|春江町2丁目,344865.1318011403,1,26.140703471828562,江戸川
江戸川区|春江町2丁目,344865.1318011403,1,78.43449902030703,江戸川
江戸川区|春江町2丁目,344865.1318011403,1,52.29428662088166,江戸川
江戸川区|春江町2丁目,344865.1318011403,1,407.46007765615764,江戸川
江戸川区|春江町2丁目,344865.1318011403,2,261.4538467784247,江戸川
江戸川区|春江町2丁目,344865.1318011403,2,627.487733428866,江戸川
江戸川区|春江町2丁目,344865.1318011403,2,235.30771689006795,江戸川
江戸川区|春江町2丁目,344865.1318011403,2,209.16112017052743,江戸川
江戸川区|春江町2丁目,344865.1318011403,2,470.6072140511307,江戸川
江戸川区|春江町2丁目,344865.1318011403,2,130.72995447352216,江戸川
江戸川区|春江町2丁目,344865.1318011403,2,78.43578824614235,江戸川
江戸川区|春江町2丁目,344865.1318011403,2,1171.0857918284555,江戸川
江戸川区|春江町2丁目,344865.1318011403,2,339.9035166017407,江戸川
江戸川区|春江町2丁目,344865.1318011403,2,1359.56074721439,江戸川
江戸川区|春江町2丁目,344865.1318011403,2,156.86765538583256,江戸川
江戸川区|春江町2丁目,344865.1318011403,2,26.141388218995978,江戸川
江戸川区|春江町2丁目,344865.1318011403,2,287.6008690922423,江戸川
江戸川区|春江町2丁目,344865.1318011403,2,156.8668214368736,江戸川
江戸川区|春江町2丁目,344865.1318011403,2,78.44314515243526,江戸川
江戸川区|春江町2丁目,344865.1318011403,2,26.140945490418083,江戸川
江戸川区|春江町2丁目,344865.1318011403,2,26.141227295697774,江戸川
江戸川区|春江町2丁目,344865.1318011403,2,1281.1321330464307,江戸川
江戸川区|春江町2丁目,344865.1318011403,2,78.4297524399509,江戸川
江戸川区|春江町2丁目,344865.1318011403,2,575.2039679135236,江戸川
江戸川区|春江町2丁目,344865.1318011403,2,78.4362264489536,江戸川
江戸川区|春江町2丁目,344865.1318011403,2,470.62571250312214,江戸川
江戸川区|春江町2丁目,344865.1318011403,2,26.14114702244006,江戸川
江戸川区|春江町2丁目,344865.1318011403,2,52.28890441854389,江戸川
江戸川区|春江町2丁目,344865.1318011403,2,52.28826040634245,江戸川
江戸川区|春江町2丁目,344865.1318011403,2,52.288421466690814,江戸川
江戸川区|春江町2丁目,344865.1318011403,2,26.14760431013508,江戸川
江戸川区|春江町2丁目,344865.1318011403,2,4418.574951071532,江戸川
江戸川区|春江町2丁目,344865.1318011403,2,123193.38228264854,江戸川
江戸川区|春江町2丁目,344865.1318011403,2,732.0815726164938,江戸川
江戸川区|春江町2丁目,344865.1318011403,2,4836.891631378892,江戸川
江戸川区|春江町2丁目,344865.1318011403,2,26.148125368890767,江戸川
江戸川区|春江町2丁目,344865.1318011403,2,52.29604718176532,江戸川
江戸川区|春江町2丁目,344865.1318011403,2,156.88094402667974,江戸川
江戸川区|春江町2丁目,344865.1318011403,2,52.295752342217426,江戸川
江戸川区|春江町2丁目,344865.1318011403,2,26.14789242287835,江戸川
江戸川区|春江町2丁目,344865.1318011403,2,1176.548103300163,江戸川
江戸川区|春江町2丁目,344865.1318011403,2,758.2237428748547,江戸川
江戸川区|春江町2丁目,344865.1318011403,2,7006.957697029769,江戸川
江戸川区|春江町2丁目,344865.1318011403,2,52.28322957120718,江戸川
江戸川区|春江町2丁目,344865.1318011403,2,444.4789470962976,江戸川
江戸川区|春江町2丁目,344865.1318011403,2,130.7333348410736,江戸川
江戸川区|春江町2丁目,344865.1318011403,2,52.28826315646503,江戸川
江戸川区|春江町2丁目,344865.1318011403,2,496.7559638968253,江戸川
江戸川区|春江町2丁目,344865.1318011403,2,1411.8526299141345,江戸川
江戸川区|春江町2丁目,344865.1318011403,2,1411.8543524773597,江戸川
江戸川区|春江町2丁目,344865.1318011403,2,3163.596504429854,江戸川
江戸川区|春江町2丁目,344865.1318011403,2,784.3692293402102,江戸川
江戸川区|春江町2丁目,344865.1318011403,2,941.2362561939234,江戸川
江戸川区|春江町2丁目,344865.1318011403,2,26.1479207132439,江戸川
江戸川区|春江町2丁目,344865.1318011403,2,52.288479685576526,江戸川
江戸川区|春江町2丁目,344865.1318011403,2,3346.6141644920385,江戸川
江戸川区|春江町2丁目,344865.1318011403,2,3291.8333919457855,江戸川
江戸川区|春江町2丁目,344865.1318011403,2,1150.3754880858573,江戸川
江戸川区|春江町2丁目,344865.1318011403,2,130.72613830468435,江戸川
江戸川区|春江町2丁目,344865.1318011403,2,104.58490053923917,江戸川
江戸川区|春江町2丁目,344865.1318011403,2,3757.221014151578,江戸川
江戸川区|春江町2丁目,344865.1318011403,2,496.7821912216915,江戸川
江戸川区|春江町2丁目,344865.1318011403,2,78.44388537767709,江戸川
江戸川区|春江町2丁目,344865.1318011403,2,26.147559197777966,江戸川
江戸川区|春江町2丁目,344865.1318011403,2,366.028196190309,江戸川
江戸川区|春江町2丁目,344865.1318011403,2,78.43768279486217,江戸川
江戸川区|春江町2丁目,344865.1318011403,2,130.73197783502928,江戸川
江戸川区|春江町2丁目,344865.1318011403,2,496.75019949227317,江戸川
江戸川区|春江町2丁目,344865.1318011403,2,183.01241734142175,江戸川
江戸川区|春江町2丁目,344865.1318011403,2,52.293920585423976,江戸川
江戸川区|春江町2丁目,344865.1318011403,2,104.5822688122088,江戸川
江戸川区|春江町2丁目,344865.1318011403,2,52.294258680496675,江戸川
江戸川区|春江町2丁目,344865.1318011403,2,235.2990736566185,江戸川
江戸川区|春江町2丁目,344865.1318011403,3,133574.69981117613,江戸川
江戸川区|春江町2丁目,344865.1318011403,3,26.14187914045012,江戸川
江戸川区|春江町2丁目,344865.1318011403,3,26.14761755025679,江戸川
江戸川区|春江町2丁目,344865.1318011403,3,261.45335743276235,江戸川
江戸川区|春江町2丁目,344865.1318011403,3,183.01962899005204,江戸川
江戸川区|春江町2丁目,344865.1318011403,3,26.14755891978283,江戸川
江戸川区|春江町2丁目,344865.1318011403,3,52.287292745164564,江戸川
江戸川区|春江町2丁目,344865.1318011403,3,52.287832955585344,江戸川
江戸川区|春江町2丁目,344865.1318011403,3,52.28777942846161,江戸川
江戸川区|春江町2丁目,344865.1318011403,3,26.146953446149595,江戸川
江戸川区|春江町2丁目,344865.1318011403,3,78.4347089631172,江戸川
江戸川区|春江町2丁目,344865.1318011403,3,183.0261454326606,江戸川
江戸川区|春江町2丁目,344865.1318011403,3,339.8772504146047,江戸川
江戸川区|春江町2丁目,344865.1318011403,3,26.146565569729507,江戸川
江戸川区|春江町2丁目,344865.1318011403,3,44.28818498755136,江戸川
江戸川区|春江町2丁目,344865.1318011403,3,52.29383937284223,江戸川
江戸川区|春江町2丁目,344865.1318011403,3,15.764217748409216,江戸川
江戸川区|春江町2丁目,344865.1318011403,3,26.146606043002073,江戸川
江戸川区|春江町3丁目,391237.7632414877,1,26.144729120951368,江戸川
江戸川区|春江町3丁目,391237.7632414877,1,26.14408524650888,江戸川
江戸川区|春江町3丁目,391237.7632414877,1,29.512944134602648,江戸川
江戸川区|春江町3丁目,391237.7632414877,1,78.44488772481787,江戸川
江戸川区|春江町3丁目,391237.7632414877,1,26.141951664528854,江戸川
江戸川区|春江町3丁目,391237.7632414877,1,122.25719533603197,江戸川
江戸川区|春江町3丁目,391237.7632414877,1,26.148288322639516,江戸川
江戸川区|春江町3丁目,391237.7632414877,1,52.29654194529984,江戸川
江戸川区|春江町3丁目,391237.7632414877,1,104.5875630817902,江戸川
江戸川区|春江町3丁目,391237.7632414877,1,104.5812825540163,江戸川
江戸川区|春江町3丁目,391237.7632414877,1,26.142402412292277,江戸川
江戸川区|春江町3丁目,391237.7632414877,1,156.88121517316904,江戸川
江戸川区|春江町3丁目,391237.7632414877,1,156.8824229459331,江戸川
江戸川区|春江町3丁目,391237.7632414877,1,104.59121101402644,江戸川
江戸川区|春江町3丁目,391237.7632414877,1,52.29306373228299,江戸川
江戸川区|春江町3丁目,391237.7632414877,1,78.44349383429713,江戸川
江戸川区|春江町3丁目,391237.7632414877,1,26.149823893485223,江戸川
江戸川区|春江町3丁目,391237.7632414877,1,104.59202185222566,江戸川
江戸川区|春江町3丁目,391237.7632414877,1,26.149858732842368,江戸川
江戸川区|春江町3丁目,391237.7632414877,1,130.73733073910313,江戸川
江戸川区|春江町3丁目,391237.7632414877,1,78.43688330461742,江戸川
江戸川区|春江町3丁目,391237.7632414877,2,26.1503473758027,江戸川
江戸川区|春江町3丁目,391237.7632414877,2,24050.025752457223,江戸川
江戸川区|春江町3丁目,391237.7632414877,2,209.18785602304487,江戸川
江戸川区|春江町3丁目,391237.7632414877,2,78.44464847046639,江戸川
江戸川区|春江町3丁目,391237.7632414877,2,78.4324650862643,江戸川
江戸川区|春江町3丁目,391237.7632414877,2,52.294588328463405,江戸川
江戸川区|春江町3丁目,391237.7632414877,2,78.43842445840795,江戸川
江戸川区|春江町3丁目,391237.7632414877,2,1647.3148835106438,江戸川
江戸川区|春江町3丁目,391237.7632414877,2,1464.297482101178,江戸川
江戸川区|春江町3丁目,391237.7632414877,2,1647.3181660887783,江戸川
江戸川区|春江町3丁目,391237.7632414877,2,130.74547448843737,江戸川
江戸川区|春江町3丁目,391237.7632414877,2,26.143924833384716,江戸川
江戸川区|春江町3丁目,391237.7632414877,2,26.150066508018128,江戸川
江戸川区|春江町3丁目,391237.7632414877,2,1411.9749032547056,江戸川
江戸川区|春江町3丁目,391237.7632414877,2,737.5648658832876,江戸川
江戸川区|春江町3丁目,391237.7632414877,2,575.2224904070232,江戸川
江戸川区|春江町3丁目,391237.7632414877,2,287.61250629215857,江戸川
江戸川区|春江町3丁目,391237.7632414877,2,1124.268470936492,江戸川
江戸川区|春江町3丁目,391237.7632414877,2,313.7564151253569,江戸川
江戸川区|春江町3丁目,391237.7632414877,2,418.3508223477207,江戸川
江戸川区|春江町3丁目,391237.7632414877,2,1882.6015057192053,江戸川
江戸川区|春江町3丁目,391237.7632414877,2,653.6912867672174,江戸川
江戸川区|春江町3丁目,391237.7632414877,2,8916.324924339113,江戸川
江戸川区|春江町3丁目,391237.7632414877,2,26.14815995133125,江戸川
江戸川区|春江町3丁目,391237.7632414877,2,104.5803193389843,江戸川
江戸川区|春江町3丁目,391237.7632414877,2,156.88615428774824,江戸川
江戸川区|春江町3丁目,391237.7632414877,2,209.18539825933408,江戸川
江戸川区|春江町3丁目,391237.7632414877,2,52.293065658160145,江戸川
江戸川区|春江町3丁目,391237.7632414877,2,52.299215132175554,江戸川
江戸川区|春江町3丁目,391237.7632414877,2,287.6331790142993,江戸川
江戸川区|春江町3丁目,391237.7632414877,2,52.29024863688479,江戸川
江戸川区|春江町3丁目,391237.7632414877,2,26.141953411653255,江戸川
江戸川区|春江町3丁目,391237.7632414877,2,967.3949474125808,江戸川
江戸川区|春江町3丁目,391237.7632414877,2,1411.9739715302126,江戸川
江戸川区|春江町3丁目,391237.7632414877,2,496.78296707376484,江戸川
江戸川区|春江町3丁目,391237.7632414877,2,26.148404297657954,江戸川
江戸川区|春江町3丁目,391237.7632414877,2,287.6136005678417,江戸川
江戸川区|春江町3丁目,391237.7632414877,3,263077.2216508998,江戸川
江戸川区|春江町3丁目,391237.7632414877,3,1412.0206121728975,江戸川
江戸川区|春江町3丁目,391237.7632414877,3,156.898540635283,江戸川
江戸川区|春江町3丁目,391237.7632414877,3,183.04401899409007,江戸川
江戸川区|春江町3丁目,391237.7632414877,3,26.144165947185453,江戸川
江戸川区|春江町3丁目,391237.7632414877,3,52.29534539285696,江戸川
江戸川区|春江町3丁目,391237.7632414877,3,52.29568334029731,江戸川
江戸川区|春江町3丁目,391237.7632414877,3,209.1875343052407,江戸川
江戸川区|春江町3丁目,391237.7632414877,3,130.7335428973547,江戸川
江戸川区|春江町3丁目,391237.7632414877,3,26.15023502792296,江戸川
江戸川区|春江町3丁目,391237.7632414877,3,678.0899595580795,江戸川
江戸川区|春江町3丁目,391237.7632414877,3,26.149892499187942,江戸川
江戸川区|春江町3丁目,391237.7632414877,3,26.142506934899153,江戸川
江戸川区|春江町3丁目,391237.7632414877,3,104.58016361319208,江戸川
江戸川区|春江町3丁目,391237.7632414877,3,78.44271309790601,江戸川
江戸川区|春江町3丁目,391237.7632414877,3,78.44338682609028,江戸川
江戸川区|春江町3丁目,391237.7632414877,3,52.293273944247105,江戸川
江戸川区|春江町3丁目,391237.7632414877,3,26.149954177421897,江戸川
江戸川区|春江町3丁目,391237.7632414877,3,22.05053616586982,江戸川
江戸川区|東瑞江1丁目,158703.20113065594,2,3391.082603549207,江戸川
江戸川区|東瑞江1丁目,158703.20113065594,2,26.150313893857565,江戸川
江戸川区|東瑞江1丁目,158703.20113065594,2,156.88925235151092,江戸川
江戸川区|東瑞江1丁目,158703.20113065594,2,26.14438192800143,江戸川
江戸川区|東瑞江1丁目,158703.20113065594,2,52.30101753511193,江戸川
江戸川区|東瑞江1丁目,158703.20113065594,2,78.44554458956102,江戸川
江戸川区|東瑞江1丁目,158703.20113065594,2,2641.0145739542772,江戸川
江戸川区|東瑞江1丁目,158703.20113065594,2,13021.702330623697,江戸川
江戸川区|東瑞江1丁目,158703.20113065594,2,2.8872678281697266,江戸川
江戸川区|東瑞江1丁目,158703.20113065594,2,392.22376114328097,江戸川
江戸川区|東瑞江1丁目,158703.20113065594,2,313.7816552862992,江戸川
江戸川区|東瑞江1丁目,158703.20113065594,2,235.33322163279763,江戸川
江戸川区|東瑞江1丁目,158703.20113065594,2,6955.5570043001535,江戸川
江戸川区|東瑞江1丁目,158703.20113065594,2,1202.8049497944696,江戸川
江戸川区|東瑞江1丁目,158703.20113065594,2,52.301676881936025,江戸川
江戸川区|東瑞江1丁目,158703.20113065594,2,52.3020714237198,江戸川
江戸川区|東瑞江1丁目,158703.20113065594,2,183.03814793790013,江戸川
江戸川区|東瑞江1丁目,158703.20113065594,2,130.74500860921796,江戸川
江戸川区|東瑞江1丁目,158703.20113065594,2,1124.391029600664,江戸川
江戸川区|東瑞江1丁目,158703.20113065594,2,26.143917264980917,江戸川
江戸川区|東瑞江1丁目,158703.20113065594,2,209.18669538873087,江戸川
江戸川区|東瑞江1丁目,158703.20113065594,2,26.144456553092667,江戸川
江戸川区|東瑞江1丁目,158703.20113065594,3,128010.38932553137,江戸川
江戸川区|東瑞江1丁目,158703.20113065594,3,52.300307940954504,江戸川
江戸川区|東瑞江1丁目,158703.20113065594,3,130.74797505971515,江戸川
江戸川区|東瑞江1丁目,158703.20113065594,3,52.294931757056375,江戸川
江戸川区|東瑞江1丁目,158703.20113065594,3,26.1507984571613,江戸川
江戸川区|東瑞江1丁目,158703.20113065594,3,78.445427599251,江戸川
江戸川区|東瑞江1丁目,158703.20113065594,3,26.150946340272853,江戸川
江戸川区|東瑞江1丁目,158703.20113065594,3,26.150535899534677,江戸川
江戸川区|東瑞江2丁目,184820.20691341403,2,941.3648202107116,江戸川
江戸川区|東瑞江2丁目,184820.20691341403,2,418.3854906345336,江戸川
江戸川区|東瑞江2丁目,184820.20691341403,2,52.28995100888194,江戸川
江戸川区|東瑞江2丁目,184820.20691341403,2,104.59355628016189,江戸川
江戸川区|東瑞江2丁目,184820.20691341403,2,549.1348651838033,江戸川
江戸川区|東瑞江2丁目,184820.20691341403,2,1229.0202834426095,江戸川
江戸川区|東瑞江2丁目,184820.20691341403,2,26.151270263741814,江戸川
江戸川区|東瑞江2丁目,184820.20691341403,2,889.0641034544324,江戸川
江戸川区|東瑞江2丁目,184820.20691341403,2,601.4272312426552,江戸川
江戸川区|東瑞江2丁目,184820.20691341403,2,156.90015151283527,江戸川
江戸川区|東瑞江2丁目,184820.20691341403,2,1269.6631462850291,江戸川
江戸川区|東瑞江2丁目,184820.20691341403,2,209.18972825565206,江戸川
江戸川区|東瑞江2丁目,184820.20691341403,2,26.145128939531972,江戸川
江戸川区|東瑞江2丁目,184820.20691341403,2,78.45332666116313,江戸川
江戸川区|東瑞江2丁目,184820.20691341403,2,679.8799318152122,江戸川
江戸川区|東瑞江2丁目,184820.20691341403,2,26.144855543881448,江戸川
江戸川区|東瑞江2丁目,184820.20691341403,2,78.4500243752097,江戸川
江戸川区|東瑞江2丁目,184820.20691341403,2,130.74411470095245,江戸川
江戸川区|東瑞江2丁目,184820.20691341403,2,444.5513962661956,江戸川
江戸川区|東瑞江2丁目,184820.20691341403,2,26.14457420716671,江戸川
江戸川区|東瑞江2丁目,184820.20691341403,2,156.89357927137337,江戸川
江戸川区|東瑞江2丁目,184820.20691341403,2,836.7763757962636,江戸川
江戸川区|東瑞江2丁目,184820.20691341403,2,26.15227230720113,江戸川
江戸川区|東瑞江2丁目,184820.20691341403,2,26.15106485080882,江戸川
江戸川区|東瑞江2丁目,184820.20691341403,2,22429.49915111552,江戸川
江戸川区|東瑞江2丁目,184820.20691341403,2,784.4623417442706,江戸川
江戸川区|東瑞江2丁目,184820.20691341403,2,52.304008575859406,江戸川
江戸川区|東瑞江2丁目,184820.20691341403,2,261.4851731314909,江戸川
江戸川区|東瑞江2丁目,184820.20691341403,2,1647.3992452992084,江戸川
江戸川区|東瑞江2丁目,184820.20691341403,2,1150.6019914443548,江戸川
江戸川区|東瑞江2丁目,184820.20691341403,2,2902.52151685032,江戸川
江戸川区|東瑞江2丁目,184820.20691341403,2,2013.4695106968345,江戸川
江戸川区|東瑞江2丁目,184820.20691341403,2,52.29535874964211,江戸川
江戸川区|東瑞江2丁目,184820.20691341403,2,26.15138753480764,江戸川
江戸川区|東瑞江2丁目,184820.20691341403,2,836.7565894584177,江戸川
江戸川区|東瑞江2丁目,184820.20691341403,2,287.64310316807706,江戸川
江戸川区|東瑞江2丁目,184820.20691341403,2,26.150878099981973,江戸川
江戸川区|東瑞江2丁目,184820.20691341403,2,415.4833036327681,江戸川
江戸川区|東瑞江2丁目,184820.20691341403,2,1124.3945745758722,江戸川
江戸川区|東瑞江2丁目,184820.20691341403,3,141250.61612573994,江戸川
江戸川区|東瑞江2丁目,184820.20691341403,3,366.1062960877948,江戸川
江戸川区|東瑞江2丁目,184820.20691341403,3,183.04997625022534,江戸川
江戸川区|東瑞江2丁目,184820.20691341403,3,26.14513874851643,江戸川
江戸川区|東瑞江3丁目,136855.7282970765,2,0.0009737674940037917,江戸川
江戸川区|東瑞江3丁目,136855.7282970765,2,209.18281398359682,江戸川
江戸川区|東瑞江3丁目,136855.7282970765,2,0.6667027101778326,江戸川
江戸川区|東瑞江3丁目,136855.7282970765,2,183.04151232162505,江戸川
江戸川区|東瑞江3丁目,136855.7282970765,2,26.15017688181147,江戸川
江戸川区|東瑞江3丁目,136855.7282970765,2,26.14425020885828,江戸川
江戸川区|東瑞江3丁目,136855.7282970765,2,287.63372620936,江戸川
江戸川区|東瑞江3丁目,136855.7282970765,2,130.74785732404797,江戸川
江戸川区|東瑞江3丁目,136855.7282970765,2,339.922011376829,江戸川
江戸川区|東瑞江3丁目,136855.7282970765,2,418.37521233485506,江戸川
江戸川区|東瑞江3丁目,136855.7282970765,2,78.44656743068968,江戸川
江戸川区|東瑞江3丁目,136855.7282970765,2,52.29566582729908,江戸川
江戸川区|東瑞江3丁目,136855.7282970765,2,26.144412143606846,江戸川
江戸川区|東瑞江3丁目,136855.7282970765,2,183.04414155408267,江戸川
江戸川区|東瑞江3丁目,136855.7282970765,2,52.28745765537301,江戸川
江戸川区|東瑞江3丁目,136855.7282970765,2,52.30003562725815,江戸川
江戸川区|東瑞江3丁目,136855.7282970765,2,209.18771880010354,江戸川
江戸川区|東瑞江3丁目,136855.7282970765,2,78.44424869289216,江戸川
江戸川区|東瑞江3丁目,136855.7282970765,2,26.144051357727896,江戸川
江戸川区|東瑞江3丁目,136855.7282970765,2,52.29478608028527,江戸川
江戸川区|東瑞江3丁目,136855.7282970765,2,209.1914441516676,江戸川
江戸川区|東瑞江3丁目,136855.7282970765,2,104.58932022998027,江戸川
江戸川区|東瑞江3丁目,136855.7282970765,2,26.150582001229907,江戸川
江戸川区|東瑞江3丁目,136855.7282970765,2,78.44545780665112,江戸川
江戸川区|東瑞江3丁目,136855.7282970765,3,134004.89717059906,江戸川
江戸川区|西瑞江3丁目,407718.77478829375,1,26.15178305338662,江戸川
江戸川区|西瑞江3丁目,407718.77478829375,1,26.145936379536955,江戸川
江戸川区|西瑞江3丁目,407718.77478829375,1,75.08510293127422,江戸川
江戸川区|西瑞江3丁目,407718.77478829375,1,26.151112243239776,江戸川
江戸川区|西瑞江3丁目,407718.77478829375,1,26.151742843073492,江戸川
江戸川区|西瑞江3丁目,407718.77478829375,1,26.152266087657683,江戸川
江戸川区|西瑞江3丁目,407718.77478829375,1,26.146226082424114,江戸川
江戸川区|西瑞江3丁目,407718.77478829375,1,87.58361835296932,江戸川
江戸川区|西瑞江3丁目,407718.77478829375,2,978.6270917410466,江戸川
江戸川区|西瑞江3丁目,407718.77478829375,2,35385.40587363685,江戸川
江戸川区|西瑞江3丁目,407718.77478829375,2,52.30454568911383,江戸川
江戸川区|西瑞江3丁目,407718.77478829375,2,26.1519173385538,江戸川
江戸川区|西瑞江3丁目,407718.77478829375,2,183.05185126094443,江戸川
江戸川区|西瑞江3丁目,407718.77478829375,2,78.45085240849072,江戸川
江戸川区|西瑞江3丁目,407718.77478829375,2,104.59886613432194,江戸川
江戸川区|西瑞江3丁目,407718.77478829375,2,758.3452053717928,江戸川
江戸川区|西瑞江3丁目,407718.77478829375,2,26.151308225348718,江戸川
江戸川区|西瑞江3丁目,407718.77478829375,2,52.30446561525125,江戸川
江戸川区|西瑞江3丁目,407718.77478829375,2,26.15127351770213,江戸川
江戸川区|西瑞江3丁目,407718.77478829375,2,104.59840225249286,江戸川
江戸川区|西瑞江3丁目,407718.77478829375,2,26.14509166437753,江戸川
江戸川区|西瑞江3丁目,407718.77478829375,2,52.30446575168282,江戸川
江戸川区|西瑞江3丁目,407718.77478829375,2,52.3045328762949,江戸川
江戸川区|西瑞江3丁目,407718.77478829375,2,339.92430407467316,江戸川
江戸川区|西瑞江3丁目,407718.77478829375,2,339.9381624453296,江戸川
江戸川区|西瑞江3丁目,407718.77478829375,2,1725.884626746655,江戸川
江戸川区|西瑞江3丁目,407718.77478829375,2,313.78800793969543,江戸川
江戸川区|西瑞江3丁目,407718.77478829375,2,52.29660706419497,江戸川
江戸川区|西瑞江3丁目,407718.77478829375,2,26.146186317712186,江戸川
江戸川区|西瑞江3丁目,407718.77478829375,2,1019.8792742875966,江戸川
江戸川区|西瑞江3丁目,407718.77478829375,2,52.30446618556331,江戸川
江戸川区|西瑞江3丁目,407718.77478829375,2,235.35117814966762,江戸川
江戸川区|西瑞江3丁目,407718.77478829375,2,706.0319020123009,江戸川
江戸川区|西瑞江3丁目,407718.77478829375,2,915.2204759379936,江戸川
江戸川区|西瑞江3丁目,407718.77478829375,2,26.152441157231287,江戸川
江戸川区|西瑞江3丁目,407718.77478829375,2,130.7444356009394,江戸川
江戸川区|西瑞江3丁目,407718.77478829375,2,26.151354538967247,江戸川
江戸川区|西瑞江3丁目,407718.77478829375,2,52.297026022840015,江戸川
江戸川区|西瑞江3丁目,407718.77478829375,2,313.78435005052677,江戸川
江戸川区|西瑞江3丁目,407718.77478829375,2,418.3958790354214,江戸川
江戸川区|西瑞江3丁目,407718.77478829375,2,366.0883502708816,江戸川
江戸川区|西瑞江3丁目,407718.77478829375,2,26.145897063528814,江戸川
江戸川区|西瑞江3丁目,407718.77478829375,2,52.30172988895611,江戸川
江戸川区|西瑞江3丁目,407718.77478829375,2,26.144649603597117,江戸川
江戸川区|西瑞江3丁目,407718.77478829375,2,1856.5992342636628,江戸川
江戸川区|西瑞江3丁目,407718.77478829375,2,26.14585685299459,江戸川
江戸川区|西瑞江3丁目,407718.77478829375,2,130.73625055572563,江戸川
江戸川区|西瑞江3丁目,407718.77478829375,2,522.9962378365384,江戸川
江戸川区|西瑞江3丁目,407718.77478829375,2,235.3435319449191,江戸川
江戸川区|西瑞江3丁目,407718.77478829375,2,26.150831535702753,江戸川
江戸川区|西瑞江3丁目,407718.77478829375,2,1882.7093411820429,江戸川
江戸川区|西瑞江3丁目,407718.77478829375,2,156.89319520177793,江戸川
江戸川区|西瑞江3丁目,407718.77478829375,2,26.15069749764842,江戸川
江戸川区|西瑞江3丁目,407718.77478829375,2,836.7715965990886,江戸川
江戸川区|西瑞江3丁目,407718.77478829375,2,78.45350945177611,江戸川
江戸川区|西瑞江3丁目,407718.77478829375,2,52.30413226455412,江戸川
江戸川区|西瑞江3丁目,407718.77478829375,2,78.45394434672352,江戸川
江戸川区|西瑞江3丁目,407718.77478829375,2,183.0428398769828,江戸川
江戸川区|西瑞江3丁目,407718.77478829375,2,52.30438729434828,江戸川
江戸川区|西瑞江3丁目,407718.77478829375,2,209.19839626964904,江戸川
江戸川区|西瑞江3丁目,407718.77478829375,2,1725.8633699848804,江戸川
江戸川区|西瑞江3丁目,407718.77478829375,2,130.74614256629332,江戸川
江戸川区|西瑞江3丁目,407718.77478829375,2,78.45133348626673,江戸川
江戸川区|西瑞江3丁目,407718.77478829375,2,52.29430136561106,江戸川
江戸川区|西瑞江3丁目,407718.77478829375,2,2797.9225155660215,江戸川
江戸川区|西瑞江3丁目,407718.77478829375,2,52.28962224299675,江戸川
江戸川区|西瑞江3丁目,407718.77478829375,2,26.14493182994503,江戸川
江戸川区|西瑞江3丁目,407718.77478829375,2,78.45195366377872,江戸川
江戸川区|西瑞江3丁目,407718.77478829375,2,26.144851386255183,江戸川
江戸川区|西瑞江3丁目,407718.77478829375,2,26.15119422683441,江戸川
江戸川区|西瑞江3丁目,407718.77478829375,2,26.145664175437485,江戸川
江戸川区|西瑞江3丁目,407718.77478829375,2,418.36196110632693,江戸川
江戸川区|西瑞江3丁目,407718.77478829375,2,575.2598048239746,江戸川
江戸川区|西瑞江3丁目,407718.77478829375,2,52.2885761138296,江戸川
江戸川区|西瑞江3丁目,407718.77478829375,2,156.89545142686958,江戸川
江戸川区|西瑞江3丁目,407718.77478829375,2,5491.2233275643275,江戸川
江戸川区|西瑞江3丁目,407718.77478829375,2,261.50251073794,江戸川
江戸川区|西瑞江3丁目,407718.77478829375,2,418.3871842394035,江戸川
江戸川区|西瑞江3丁目,407718.77478829375,2,601.4407571288643,江戸川
江戸川区|西瑞江3丁目,407718.77478829375,2,26.15174463911917,江戸川
江戸川区|西瑞江3丁目,407718.77478829375,2,130.7459617179283,江戸川
江戸川区|西瑞江3丁目,407718.77478829375,2,392.247405054996,江戸川
江戸川区|西瑞江3丁目,407718.77478829375,2,26.150268861899562,江戸川
江戸川区|西瑞江3丁目,407718.77478829375,2,836.767701374272,江戸川
江戸川区|西瑞江3丁目,407718.77478829375,2,209.17796153233883,江戸川
江戸川区|西瑞江3丁目,407718.77478829375,2,26.150832488472467,江戸川
江戸川区|西瑞江3丁目,407718.77478829375,2,4235.969173022867,江戸川
江戸川区|西瑞江3丁目,407718.77478829375,2,575.2550926870465,江戸川
江戸川区|西瑞江3丁目,407718.77478829375,2,287.63594919766456,江戸川
江戸川区|西瑞江3丁目,407718.77478829375,2,156.91041342735778,江戸川
江戸川区|西瑞江3丁目,407718.77478829375,2,444.53094289640904,江戸川
江戸川区|西瑞江3丁目,407718.77478829375,2,26.144811877449122,江戸川
江戸川区|西瑞江3丁目,407718.77478829375,2,104.59845038078848,江戸川
江戸川区|西瑞江3丁目,407718.77478829375,2,52.2952691113714,江戸川
江戸川区|西瑞江3丁目,407718.77478829375,2,78.44896752284083,江戸川
江戸川区|西瑞江3丁目,407718.77478829375,2,26.15017531983239,江戸川
江戸川区|西瑞江3丁目,407718.77478829375,2,78.44565927474642,江戸川
江戸川区|西瑞江3丁目,407718.77478829375,2,130.7537214229245,江戸川
江戸川区|西瑞江3丁目,407718.77478829375,2,26.144200213693075,江戸川
江戸川区|西瑞江3丁目,407718.77478829375,2,209.189354147487,江戸川
江戸川区|西瑞江3丁目,407718.77478829375,2,444.50137760673783,江戸川
江戸川区|西瑞江3丁目,407718.77478829375,2,78.45092919545719,江戸川
江戸川区|西瑞江3丁目,407718.77478829375,2,26.144377461306973,江戸川
江戸川区|西瑞江3丁目,407718.77478829375,2,52.30086120005517,江戸川
江戸川区|西瑞江3丁目,407718.77478829375,2,1072.049512884927,江戸川
江戸川区|西瑞江3丁目,407718.77478829375,2,889.0555301254573,江戸川
江戸川区|西瑞江3丁目,407718.77478829375,2,78.45345724695801,江戸川
江戸川区|西瑞江3丁目,407718.77478829375,2,52.30123713085214,江戸川
江戸川区|西瑞江3丁目,407718.77478829375,2,3003.053231871339,江戸川
江戸川区|西瑞江3丁目,407718.77478829375,2,26.150055048041203,江戸川
江戸川区|西瑞江3丁目,407718.77478829375,2,26.144643453862003,江戸川
江戸川区|西瑞江3丁目,407718.77478829375,2,1176.688713709772,江戸川
江戸川区|西瑞江3丁目,407718.77478829375,2,470.67960915494075,江戸川
江戸川区|西瑞江3丁目,407718.77478829375,2,78.44566128143661,江戸川
江戸川区|西瑞江3丁目,407718.77478829375,2,26.151584609232714,江戸川
江戸川区|西瑞江3丁目,407718.77478829375,2,156.88742211664743,江戸川
江戸川区|西瑞江3丁目,407718.77478829375,2,261.489678850556,江戸川
江戸川区|西瑞江3丁目,407718.77478829375,2,26.151075253603132,江戸川
江戸川区|西瑞江3丁目,407718.77478829375,2,1621.2236021228298,江戸川
江戸川区|西瑞江3丁目,407718.77478829375,2,732.1774443055272,江戸川
江戸川区|西瑞江3丁目,407718.77478829375,2,26.150753468758957,江戸川
江戸川区|西瑞江3丁目,407718.77478829375,2,496.15401048256496,江戸川
江戸川区|西瑞江3丁目,407718.77478829375,2,26.15115085030323,江戸川
江戸川区|西瑞江3丁目,407718.77478829375,2,235.33940671416218,江戸川
江戸川区|西瑞江3丁目,407718.77478829375,2,313.77820785117376,江戸川
江戸川区|西瑞江3丁目,407718.77478829375,2,78.44922333579129,江戸川
江戸川区|西瑞江3丁目,407718.77478829375,2,52.29973364424091,江戸川
江戸川区|西瑞江3丁目,407718.77478829375,3,299604.9431683455,江戸川
江戸川区|西瑞江3丁目,407718.77478829375,3,26.151756332927224,江戸川
江戸川区|西瑞江3丁目,407718.77478829375,3,156.90563775935883,江戸川
江戸川区|西瑞江3丁目,407718.77478829375,3,1.774251700577853,江戸川
江戸川区|西瑞江3丁目,407718.77478829375,3,104.58720814387684,江戸川
江戸川区|西瑞江3丁目,407718.77478829375,3,52.299879858449394,江戸川
江戸川区|西瑞江3丁目,407718.77478829375,3,183.0431291680771,江戸川
江戸川区|西瑞江3丁目,407718.77478829375,3,26.144328537770818,江戸川
江戸川区|西瑞江3丁目,407718.77478829375,3,52.30152825215176,江戸川
江戸川区|西瑞江3丁目,407718.77478829375,3,108.69183419107503,江戸川
江戸川区|西瑞江3丁目,407718.77478829375,3,52.29976677287683,江戸川
江戸川区|西瑞江4丁目,204431.0150986276,1,78.45105337539772,江戸川
江戸川区|西瑞江4丁目,204431.0150986276,1,147.76950219097844,江戸川
江戸川区|西瑞江4丁目,204431.0150986276,2,4084.598864797257,江戸川
江戸川区|西瑞江4丁目,204431.0150986276,2,78.4586607987388,江戸川
江戸川区|西瑞江4丁目,204431.0150986276,3,5346.020665023247,江戸川
江戸川区|江戸川1丁目,301284.5257285003,1,26.1514272049548,江戸川
江戸川区|江戸川1丁目,301284.5257285003,1,52.3024980233622,江戸川
江戸川区|江戸川1丁目,301284.5257285003,2,2350.3440647970756,江戸川
江戸川区|江戸川1丁目,301284.5257285003,2,1961.1547494881709,江戸川
江戸川区|江戸川1丁目,301284.5257285003,2,78.44668738597879,江戸川
江戸川区|江戸川1丁目,301284.5257285003,2,26.144248014691325,江戸川
江戸川区|江戸川1丁目,301284.5257285003,2,52.295047907419104,江戸川
江戸川区|江戸川1丁目,301284.5257285003,2,470.66335190123544,江戸川
江戸川区|江戸川1丁目,301284.5257285003,2,26.14457819692066,江戸川
江戸川区|江戸川1丁目,301284.5257285003,2,758.3058665066466,江戸川
江戸川区|江戸川1丁目,301284.5257285003,2,287.63268688472067,江戸川
江戸川区|江戸川1丁目,301284.5257285003,2,52.295579813213415,江戸川
江戸川区|江戸川1丁目,301284.5257285003,2,26.150867445363325,江戸川
江戸川区|江戸川1丁目,301284.5257285003,2,26.150585970811324,江戸川
江戸川区|江戸川1丁目,301284.5257285003,2,26.150519128723314,江戸川
江戸川区|江戸川1丁目,301284.5257285003,2,209.18497013424002,江戸川
江戸川区|江戸川1丁目,301284.5257285003,2,339.9218667022033,江戸川
江戸川区|江戸川1丁目,301284.5257285003,2,26.144256960332847,江戸川
江戸川区|江戸川1丁目,301284.5257285003,2,14.374144047612816,江戸川
江戸川区|江戸川1丁目,301284.5257285003,2,627.5805444266468,江戸川
江戸川区|江戸川1丁目,301284.5257285003,2,1307.4527489346635,江戸川
江戸川区|江戸川1丁目,301284.5257285003,2,1673.5526473253672,江戸川
江戸川区|江戸川1丁目,301284.5257285003,2,52.296600251366726,江戸川
江戸川区|江戸川1丁目,301284.5257285003,2,235.3439830559146,江戸川
江戸川区|江戸川1丁目,301284.5257285003,2,575.298610649796,江戸川
江戸川区|江戸川1丁目,301284.5257285003,2,889.0858760760257,江戸川
江戸川区|江戸川1丁目,301284.5257285003,2,261.4961235075585,江戸川
江戸川区|江戸川1丁目,301284.5257285003,2,52.29045037654297,江戸川
江戸川区|江戸川1丁目,301284.5257285003,2,287.6521324127834,江戸川
江戸川区|江戸川1丁目,301284.5257285003,2,1307.497917986511,江戸川
江戸川区|江戸川1丁目,301284.5257285003,2,156.89557172890719,江戸川
江戸川区|江戸川1丁目,301284.5257285003,2,418.38939859513636,江戸川
江戸川区|江戸川1丁目,301284.5257285003,2,78.44839057461458,江戸川
江戸川区|江戸川1丁目,301284.5257285003,2,26.145225994694627,江戸川
江戸川区|江戸川1丁目,301284.5257285003,2,52.30239779147052,江戸川
江戸川区|江戸川1丁目,301284.5257285003,2,26.14489634965063,江戸川
江戸川区|江戸川1丁目,301284.5257285003,2,7910.2494674828995,江戸川
江戸川区|江戸川1丁目,301284.5257285003,3,255711.92385669623,江戸川
江戸川区|江戸川2丁目,383785.6647591238,1,19.86107159699665,江戸川
江戸川区|江戸川2丁目,383785.6647591238,1,156.89729244649243,江戸川
江戸川区|江戸川2丁目,383785.6647591238,1,183.0683927055495,江戸川
江戸川区|江戸川2丁目,383785.6647591238,1,52.298823924299,江戸川
江戸川区|江戸川2丁目,383785.6647591238,1,52.29224658532948,江戸川
江戸川区|江戸川2丁目,383785.6647591238,1,679.8828777442418,江戸川
江戸川区|江戸川2丁目,383785.6647591238,1,26.152371371435933,江戸川
江戸川区|江戸川2丁目,383785.6647591238,1,52.29811302883692,江戸川
江戸川区|江戸川2丁目,383785.6647591238,1,26.152331406046976,江戸川
江戸川区|江戸川2丁目,383785.6647591238,1,26.152291544314004,江戸川
江戸川区|江戸川2丁目,383785.6647591238,1,26.151962221923487,江戸川
江戸川区|江戸川2丁目,383785.6647591238,2,81710.04253031148,江戸川
江戸川区|江戸川2丁目,383785.6647591238,2,8618.053299984314,江戸川
江戸川区|江戸川2丁目,383785.6647591238,2,52.30484089455498,江戸川
江戸川区|江戸川2丁目,383785.6647591238,2,784.4921006680775,江戸川
江戸川区|江戸川2丁目,383785.6647591238,2,78.45030344354784,江戸川
江戸川区|江戸川2丁目,383785.6647591238,2,784.482850799302,江戸川
江戸川区|江戸川2丁目,383785.6647591238,2,104.59297576151646,江戸川
江戸川区|江戸川2丁目,383785.6647591238,2,26.151241210935744,江戸川
江戸川区|江戸川2丁目,383785.6647591238,2,183.0521699011647,江戸川
江戸川区|江戸川2丁目,383785.6647591238,2,52.30254751678069,江戸川
江戸川区|江戸川2丁目,383785.6647591238,2,26.151260406574416,江戸川
江戸川区|江戸川2丁目,383785.6647591238,2,2379.6369592889437,江戸川
江戸川区|江戸川2丁目,383785.6647591238,2,6981.882444141248,江戸川
江戸川区|江戸川2丁目,383785.6647591238,2,209.1983140376643,江戸川
江戸川区|江戸川2丁目,383785.6647591238,2,366.11670357255827,江戸川
江戸川区|江戸川2丁目,383785.6647591238,2,1673.5348937193326,江戸川
江戸川区|江戸川2丁目,383785.6647591238,2,52.30440254134284,江戸川
江戸川区|江戸川2丁目,383785.6647591238,2,52.2981803032037,江戸川
江戸川区|江戸川2丁目,383785.6647591238,2,470.7030808318774,江戸川
江戸川区|江戸川2丁目,383785.6647591238,2,52.29783158428314,江戸川
江戸川区|江戸川2丁目,383785.6647591238,2,1045.9983675566564,江戸川
江戸川区|江戸川2丁目,383785.6647591238,2,679.8679718708431,江戸川
江戸川区|江戸川2丁目,383785.6647591238,2,52.28963761601012,江戸川
江戸川区|江戸川2丁目,383785.6647591238,2,209.19717246842924,江戸川
江戸川区|江戸川2丁目,383785.6647591238,2,26.151695945134634,江戸川
江戸川区|江戸川2丁目,383785.6647591238,2,209.18953172188426,江戸川
江戸川区|江戸川2丁目,383785.6647591238,2,1412.0705675357392,江戸川
江戸川区|江戸川2丁目,383785.6647591238,2,679.883207775333,江戸川
江戸川区|江戸川2丁目,383785.6647591238,2,104.60846415747308,江戸川
江戸川区|江戸川2丁目,383785.6647591238,2,26.151484105696248,江戸川
江戸川区|江戸川2丁目,383785.6647591238,2,183.0448702498953,江戸川
江戸川区|江戸川2丁目,383785.6647591238,2,52.29799374459509,江戸川
江戸川区|江戸川2丁目,383785.6647591238,2,52.30440410587942,江戸川
江戸川区|江戸川2丁目,383785.6647591238,2,52.28977581513584,江戸川
江戸川区|江戸川2丁目,383785.6647591238,2,26.15103356966376,江戸川
江戸川区|江戸川2丁目,383785.6647591238,2,52.297269584144004,江戸川
江戸川区|江戸川2丁目,383785.6647591238,2,52.29630374902027,江戸川
江戸川区|江戸川2丁目,383785.6647591238,2,104.60072150040669,江戸川
江戸川区|江戸川2丁目,383785.6647591238,2,104.5925004413317,江戸川
江戸川区|江戸川2丁目,383785.6647591238,2,26.15187081269088,江戸川
江戸川区|江戸川2丁目,383785.6647591238,2,26.151766304355327,江戸川
江戸川区|江戸川2丁目,383785.6647591238,2,52.29737743843874,江戸川
江戸川区|江戸川2丁目,383785.6647591238,2,130.7452794095443,江戸川
江戸川区|江戸川2丁目,383785.6647591238,2,339.95089866027314,江戸川
江戸川区|江戸川2丁目,383785.6647591238,2,183.06087204829296,江戸川
江戸川区|江戸川2丁目,383785.6647591238,2,26.15164587680919,江戸川
江戸川区|江戸川2丁目,383785.6647591238,2,26.151436757061283,江戸川
江戸川区|江戸川2丁目,383785.6647591238,2,26.15160578889524,江戸川
江戸川区|江戸川2丁目,383785.6647591238,2,26.151423402221482,江戸川
江戸川区|江戸川2丁目,383785.6647591238,2,26.151632967518175,江戸川
江戸川区|江戸川2丁目,383785.6647591238,2,183.04178528037397,江戸川
江戸川区|江戸川2丁目,383785.6647591238,2,90.2178406066361,江戸川
江戸川区|江戸川2丁目,383785.6647591238,2,235.35090243944862,江戸川
江戸川区|江戸川2丁目,383785.6647591238,2,366.0818012886747,江戸川
江戸川区|江戸川2丁目,383785.6647591238,2,26.151486044984246,江戸川
江戸川区|江戸川2丁目,383785.6647591238,2,52.303765135433316,江戸川
江戸川区|江戸川2丁目,383785.6647591238,2,104.59540835849543,江戸川
江戸川区|江戸川2丁目,383785.6647591238,2,52.29722711916528,江戸川
江戸川区|江戸川2丁目,383785.6647591238,3,193699.74419358396,江戸川
江戸川区|江戸川2丁目,383785.6647591238,3,26.151241243555212,江戸川
江戸川区|江戸川2丁目,383785.6647591238,3,52.30253656348483,江戸川
江戸川区|江戸川2丁目,383785.6647591238,3,26.151241520553683,江戸川
江戸川区|江戸川2丁目,383785.6647591238,3,26.15215467184876,江戸川
江戸川区|江戸川2丁目,383785.6647591238,3,26.151470511352258,江戸川
江戸川区|江戸川2丁目,383785.6647591238,3,78.45403361311584,江戸川
江戸川区|江戸川2丁目,383785.6647591238,3,26.145221664561532,江戸川
江戸川区|江戸川2丁目,383785.6647591238,3,52.30342654450399,江戸川
江戸川区|江戸川2丁目,383785.6647591238,3,1229.0466996201758,江戸川
江戸川区|江戸川3丁目,308750.2944490765,1,104.60066066889588,江戸川
江戸川区|江戸川3丁目,308750.2944490765,1,209.2107917985297,江戸川
江戸川区|江戸川3丁目,308750.2944490765,1,52.2930841805609,江戸川
江戸川区|江戸川3丁目,308750.2944490765,1,78.45258933005617,江戸川
江戸川区|江戸川3丁目,308750.2944490765,1,209.1989196591168,江戸川
江戸川区|江戸川3丁目,308750.2944490765,1,130.75138033868055,江戸川
江戸川区|江戸川3丁目,308750.2944490765,1,183.050350805816,江戸川
江戸川区|江戸川3丁目,308750.2944490765,1,52.30557964532335,江戸川
江戸川区|江戸川3丁目,308750.2944490765,1,26.152671855437482,江戸川
江戸川区|江戸川3丁目,308750.2944490765,1,52.298974499964366,江戸川
江戸川区|江戸川3丁目,308750.2944490765,1,78.45802495493325,江戸川
江戸川区|江戸川3丁目,308750.2944490765,1,26.152591972914294,江戸川
江戸川区|江戸川3丁目,308750.2944490765,1,78.45769596206021,江戸川
江戸川区|江戸川3丁目,308750.2944490765,1,52.299023704297234,江戸川
江戸川区|江戸川3丁目,308750.2944490765,1,26.152565483922398,江戸川
江戸川区|江戸川3丁目,308750.2944490765,1,78.45769791002367,江戸川
江戸川区|江戸川3丁目,308750.2944490765,1,52.304944786969976,江戸川
江戸川区|江戸川3丁目,308750.2944490765,1,104.60385797052841,江戸川
江戸川区|江戸川3丁目,308750.2944490765,1,26.15240553451749,江戸川
江戸川区|江戸川3丁目,308750.2944490765,1,26.146062574473504,江戸川
江戸川区|江戸川3丁目,308750.2944490765,1,26.146143175324383,江戸川
江戸川区|江戸川3丁目,308750.2944490765,1,26.152432694820313,江戸川
江戸川区|江戸川3丁目,308750.2944490765,1,84.7363492793839,江戸川
江戸川区|江戸川3丁目,308750.2944490765,2,59484.28372490201,江戸川
江戸川区|江戸川3丁目,308750.2944490765,2,26.152589234007337,江戸川
江戸川区|江戸川3丁目,308750.2944490765,2,26.152602722220706,江戸川
江戸川区|江戸川3丁目,308750.2944490765,2,52.305387962132755,江戸川
江戸川区|江戸川3丁目,308750.2944490765,2,78.4523774929319,江戸川
江戸川区|江戸川3丁目,308750.2944490765,2,156.90335080084523,江戸川
江戸川区|江戸川3丁目,308750.2944490765,2,26.146863525917674,江戸川
江戸川区|江戸川3丁目,308750.2944490765,2,26.14646126066397,江戸川
江戸川区|江戸川3丁目,308750.2944490765,2,26.14638086719134,江戸川
江戸川区|江戸川3丁目,308750.2944490765,2,26.146654728325416,江戸川
江戸川区|江戸川3丁目,308750.2944490765,2,26.152845486724328,江戸川
江戸川区|江戸川3丁目,308750.2944490765,2,104.59237114310615,江戸川
江戸川区|江戸川3丁目,308750.2944490765,2,26.152522254327685,江戸川
江戸川区|江戸川3丁目,308750.2944490765,2,78.45179016482125,江戸川
江戸川区|江戸川3丁目,308750.2944490765,2,1098.306011705618,江戸川
江戸川区|江戸川3丁目,308750.2944490765,2,706.0472638456463,江戸川
江戸川区|江戸川3丁目,308750.2944490765,2,52.30503216773064,江戸川
江戸川区|江戸川3丁目,308750.2944490765,2,418.4156301899811,江戸川
江戸川区|江戸川3丁目,308750.2944490765,2,26.146107376485652,江戸川
江戸川区|江戸川3丁目,308750.2944490765,2,1098.3412275020357,江戸川
江戸川区|江戸川3丁目,308750.2944490765,2,3687.159665256262,江戸川
江戸川区|江戸川3丁目,308750.2944490765,2,287.6402299447686,江戸川
江戸川区|江戸川3丁目,308750.2944490765,2,26.152678990363484,江戸川
江戸川区|江戸川3丁目,308750.2944490765,2,1124.434408627067,江戸川
江戸川区|江戸川3丁目,308750.2944490765,2,784.4887432175838,江戸川
江戸川区|江戸川3丁目,308750.2944490765,2,78.45102219297218,江戸川
江戸川区|江戸川3丁目,308750.2944490765,2,52.30389463503024,江戸川
江戸川区|江戸川3丁目,308750.2944490765,2,183.04607247581015,江戸川
江戸川区|江戸川3丁目,308750.2944490765,2,26.14521542395472,江戸川
江戸川区|江戸川3丁目,308750.2944490765,2,156.90145090876683,江戸川
江戸川区|江戸川3丁目,308750.2944490765,2,339.9433662649399,江戸川
江戸川区|江戸川3丁目,308750.2944490765,2,549.164074125696,江戸川
江戸川区|江戸川3丁目,308750.2944490765,2,52.291236504633765,江戸川
江戸川区|江戸川3丁目,308750.2944490765,2,523.0001940105608,江戸川
江戸川区|江戸川3丁目,308750.2944490765,2,26.152162688666678,江戸川
江戸川区|江戸川3丁目,308750.2944490765,2,209.20629803246084,江戸川
江戸川区|江戸川3丁目,308750.2944490765,2,26.14548961450883,江戸川
江戸川区|江戸川3丁目,308750.2944490765,2,78.45085138959645,江戸川
江戸川区|江戸川3丁目,308750.2944490765,2,496.8350039436416,江戸川
江戸川区|江戸川3丁目,308750.2944490765,2,52.302957833531075,江戸川
江戸川区|江戸川3丁目,308750.2944490765,2,130.73942014840844,江戸川
江戸川区|江戸川3丁目,308750.2944490765,2,156.91363280188153,江戸川
江戸川区|江戸川3丁目,308750.2944490765,2,78.45100756520357,江戸川
江戸川区|江戸川3丁目,308750.2944490765,2,37.831243119082316,江戸川
江戸川区|江戸川3丁目,308750.2944490765,2,52.305283723732074,江戸川
江戸川区|江戸川3丁目,308750.2944490765,2,26.15231192437681,江戸川
江戸川区|江戸川3丁目,308750.2944490765,2,52.29891948435507,江戸川
江戸川区|江戸川3丁目,308750.2944490765,2,78.45082132137645,江戸川
江戸川区|江戸川3丁目,308750.2944490765,2,26.15253492833449,江戸川
江戸川区|江戸川3丁目,308750.2944490765,3,166767.60333855255,江戸川
江戸川区|江戸川3丁目,308750.2944490765,3,52.29974941324968,江戸川
江戸川区|江戸川3丁目,308750.2944490765,3,26.152952666320623,江戸川
江戸川区|江戸川3丁目,308750.2944490765,3,104.61188616075596,江戸川
江戸川区|江戸川3丁目,308750.2944490765,3,261.5009255299755,江戸川
江戸川区|江戸川3丁目,308750.2944490765,3,78.45143321938635,江戸川
江戸川区|江戸川3丁目,308750.2944490765,3,26.146586049586475,江戸川
江戸川区|江戸川4丁目,171767.40300018244,1,104.60179137959088,江戸川
江戸川区|江戸川4丁目,171767.40300018244,1,52.30747806646165,江戸川
江戸川区|江戸川4丁目,171767.40300018244,1,706.0814367247432,江戸川
江戸川区|江戸川4丁目,171767.40300018244,1,78.45416011587211,江戸川
江戸川区|江戸川4丁目,171767.40300018244,1,26.147433165786858,江戸川
江戸川区|江戸川4丁目,171767.40300018244,1,26.15348694655057,江戸川
江戸川区|江戸川4丁目,171767.40300018244,1,26.153682768383756,江戸川
江戸川区|江戸川4丁目,171767.40300018244,1,26.15335286081472,江戸川
江戸川区|江戸川4丁目,171767.40300018244,1,26.147183836650253,江戸川
江戸川区|江戸川4丁目,171767.40300018244,1,26.15356749261074,江戸川
江戸川区|江戸川4丁目,171767.40300018244,1,366.1169545062396,江戸川
江戸川区|江戸川4丁目,171767.40300018244,1,26.153575606969518,江戸川
江戸川区|江戸川4丁目,171767.40300018244,1,78.45436196157983,江戸川
江戸川区|江戸川4丁目,171767.40300018244,1,26.153352996774935,江戸川
江戸川区|江戸川4丁目,171767.40300018244,1,52.294657745624896,江戸川
江戸川区|江戸川4丁目,171767.40300018244,1,26.153433736282153,江戸川
江戸川区|江戸川4丁目,171767.40300018244,1,26.147272894866905,江戸川
江戸川区|江戸川4丁目,171767.40300018244,1,26.147023691231286,江戸川
江戸川区|江戸川4丁目,171767.40300018244,1,26.153442396476624,江戸川
江戸川区|江戸川4丁目,171767.40300018244,1,26.15319313150485,江戸川
江戸川区|江戸川4丁目,171767.40300018244,1,26.147112672296288,江戸川
江戸川区|江戸川4丁目,171767.40300018244,1,26.15316643542507,江戸川
江戸川区|江戸川4丁目,171767.40300018244,2,28142.82649025589,江戸川
江戸川区|江戸川4丁目,171767.40300018244,2,52.30723642720627,江戸川
江戸川区|江戸川4丁目,171767.40300018244,2,78.45449555595994,江戸川
江戸川区|江戸川4丁目,171767.40300018244,2,26.152990626239266,江戸川
江戸川区|江戸川4丁目,171767.40300018244,2,130.74042264219574,江戸川
江戸川区|江戸川4丁目,171767.40300018244,2,339.9600087736299,江戸川
江戸川区|江戸川4丁目,171767.40300018244,2,52.29995486351829,江戸川
江戸川区|江戸川4丁目,171767.40300018244,2,706.0704178515349,江戸川
江戸川区|江戸川4丁目,171767.40300018244,2,52.30592829445054,江戸川
江戸川区|江戸川4丁目,171767.40300018244,2,261.50184151202706,江戸川
江戸川区|江戸川4丁目,171767.40300018244,2,26.152803636709653,江戸川
江戸川区|江戸川4丁目,171767.40300018244,2,156.91834334757013,江戸川
江戸川区|江戸川4丁目,171767.40300018244,3,78.45472300097704,江戸川
江戸川区|江戸川4丁目,171767.40300018244,3,18302.87509003399,江戸川
江戸川区|江戸川4丁目,171767.40300018244,3,235.3542467366575,江戸川
江戸川区|江戸川4丁目,171767.40300018244,3,26.146419731906413,江戸川
江戸川区|江戸川4丁目,171767.40300018244,3,52.30585052267754,江戸川
江戸川区|東小岩1丁目,281307.1091480618,1,11.463801146964883,江戸川
江戸川区|東小岩1丁目,281307.1091480618,1,78.413413898948,江戸川
江戸川区|東小岩1丁目,281307.1091480618,1,26.133662908268498,江戸川
江戸川区|東小岩1丁目,281307.1091480618,1,26.13378390816447,江戸川
江戸川区|東小岩1丁目,281307.1091480618,1,26.1338242235415,江戸川
江戸川区|東小岩1丁目,281307.1091480618,1,26.14016453690541,江戸川
江戸川区|東小岩1丁目,281307.1091480618,1,26.133904869266097,江戸川
江戸川区|東小岩1丁目,281307.1091480618,1,21.012934848464408,江戸川
江戸川区|東小岩1丁目,281307.1091480618,2,114646.49014651624,江戸川
江戸川区|東小岩1丁目,281307.1091480618,2,1934.264944964621,江戸川
江戸川区|東小岩1丁目,281307.1091480618,2,8303.98967293553,江戸川
江戸川区|東小岩1丁目,281307.1091480618,2,156.84480952149687,江戸川
江戸川区|東小岩1丁目,281307.1091480618,2,392.0755540027968,江戸川
江戸川区|東小岩1丁目,281307.1091480618,2,130.69487320121505,江戸川
江戸川区|東小岩1丁目,281307.1091480618,2,13815.176835986123,江戸川
江戸川区|東小岩1丁目,281307.1091480618,2,26.14080647118069,江戸川
江戸川区|東小岩1丁目,281307.1091480618,2,5664.686449702973,江戸川
江戸川区|東小岩1丁目,281307.1091480618,2,26.14089492181227,江戸川
江戸川区|東小岩1丁目,281307.1091480618,2,104.55011712490865,江戸川
江戸川区|東小岩1丁目,281307.1091480618,2,470.5046664924994,江戸川
江戸川区|東小岩1丁目,281307.1091480618,2,26.140712939737355,江戸川
江戸川区|東小岩1丁目,281307.1091480618,2,26.140149095924315,江戸川
江戸川区|東小岩1丁目,281307.1091480618,2,52.28039219633826,江戸川
江戸川区|東小岩1丁目,281307.1091480618,2,26.13422533847836,江戸川
江戸川区|東小岩1丁目,281307.1091480618,2,52.273690088942786,江戸川
江戸川区|東小岩1丁目,281307.1091480618,2,52.28024520712602,江戸川
江戸川区|東小岩1丁目,281307.1091480618,2,52.281118195464416,江戸川
江戸川区|東小岩1丁目,281307.1091480618,2,52.27479135937346,江戸川
江戸川区|東小岩1丁目,281307.1091480618,2,287.5234595277422,江戸川
江戸川区|東小岩1丁目,281307.1091480618,2,287.51200210501776,江戸川
江戸川区|東小岩1丁目,281307.1091480618,2,52.28015229294342,江戸川
江戸川区|東小岩1丁目,281307.1091480618,2,104.54894967558076,江戸川
江戸川区|東小岩1丁目,281307.1091480618,2,26.1337830251394,江戸川
江戸川区|東小岩1丁目,281307.1091480618,2,52.2800057384216,江戸川
江戸川区|東小岩1丁目,281307.1091480618,2,653.4697308242258,江戸川
江戸川区|東小岩1丁目,281307.1091480618,3,63207.662175782636,江戸川
江戸川区|東小岩1丁目,281307.1091480618,3,110.77788313613162,江戸川
江戸川区|東小岩1丁目,281307.1091480618,3,26.140201225582782,江戸川
江戸川区|東小岩1丁目,281307.1091480618,3,130.68821835311195,江戸川
江戸川区|東小岩1丁目,281307.1091480618,3,52.28022811573605,江戸川
江戸川区|東小岩1丁目,281307.1091480618,3,52.279328581324094,江戸川
江戸川区|東小岩1丁目,281307.1091480618,3,130.6943988525048,江戸川
江戸川区|東小岩1丁目,281307.1091480618,3,209.1017861839395,江戸川
江戸川区|東小岩1丁目,281307.1091480618,3,52.275029594371546,江戸川
江戸川区|東小岩1丁目,281307.1091480618,3,5384.407939236649,江戸川
江戸川区|東小岩1丁目,281307.1091480618,3,104.55380847623672,江戸川
江戸川区|東小岩1丁目,281307.1091480618,3,52.27583571839189,江戸川
江戸川区|東小岩1丁目,281307.1091480618,3,26.133418649740346,江戸川
江戸川区|東小岩1丁目,281307.1091480618,3,26.140349690539146,江戸川
江戸川区|東小岩1丁目,281307.1091480618,3,52.27934311050494,江戸川
江戸川区|東小岩1丁目,281307.1091480618,3,26.140188584694055,江戸川
江戸川区|東小岩1丁目,281307.1091480618,3,339.7964136334834,江戸川
江戸川区|東小岩1丁目,281307.1091480618,3,209.10665320552232,江戸川
江戸川区|東小岩1丁目,281307.1091480618,3,26.133821596712796,江戸川
江戸川区|東小岩1丁目,281307.1091480618,3,78.41292340458745,江戸川
江戸川区|東小岩1丁目,281307.1091480618,3,287.51121026839417,江戸川
江戸川区|東小岩1丁目,281307.1091480618,3,182.965875154811,江戸川
江戸川区|東小岩1丁目,281307.1091480618,3,182.96579538092237,江戸川
江戸川区|東小岩1丁目,281307.1091480618,3,104.55250925005863,江戸川
江戸川区|東小岩1丁目,281307.1091480618,3,1045.491617516471,江戸川
江戸川区|東小岩1丁目,281307.1091480618,3,78.41397179625346,江戸川
江戸川区|東小岩1丁目,281307.1091480618,3,52.28023047642768,江戸川
江戸川区|東小岩1丁目,281307.1091480618,3,78.41280433803568,江戸川
江戸川区|東小岩1丁目,281307.1091480618,3,52.28094288524146,江戸川
江戸川区|東小岩1丁目,281307.1091480618,3,130.69140012065253,江戸川
江戸川区|東小岩1丁目,281307.1091480618,3,26.140001734349063,江戸川
江戸川区|東小岩1丁目,281307.1091480618,3,26.13982797833026,江戸川
江戸川区|東小岩1丁目,281307.1091480618,3,78.41329160998028,江戸川
江戸川区|東小岩2丁目,296446.8524544299,1,26.139183449070636,江戸川
江戸川区|東小岩2丁目,296446.8524544299,1,26.132937441165303,江戸川
江戸川区|東小岩2丁目,296446.8524544299,1,52.27221494548733,江戸川
江戸川区|東小岩2丁目,296446.8524544299,1,40.81530495538179,江戸川
江戸川区|東小岩2丁目,296446.8524544299,1,52.27594779201857,江戸川
江戸川区|東小岩2丁目,296446.8524544299,1,52.27612251968347,江戸川
江戸川区|東小岩2丁目,296446.8524544299,1,26.132090868502683,江戸川
江戸川区|東小岩2丁目,296446.8524544299,1,52.27676753571152,江戸川
江戸川区|東小岩2丁目,296446.8524544299,1,26.13847110827731,江戸川
江戸川区|東小岩2丁目,296446.8524544299,1,182.95745162182124,江戸川
江戸川区|東小岩2丁目,296446.8524544299,1,156.81953129882623,江戸川
江戸川区|東小岩2丁目,296446.8524544299,1,104.54925139917194,江戸川
江戸川区|東小岩2丁目,296446.8524544299,1,52.271596804469304,江戸川
江戸川区|東小岩2丁目,296446.8524544299,1,26.138981828962628,江戸川
江戸川区|東小岩2丁目,296446.8524544299,2,88297.53410439454,江戸川
江戸川区|東小岩2丁目,296446.8524544299,2,156.82335157702227,江戸川
江戸川区|東小岩2丁目,296446.8524544299,2,52.2720781265986,江戸川
江戸川区|東小岩2丁目,296446.8524544299,2,26.139195715672912,江戸川
江戸川区|東小岩2丁目,296446.8524544299,2,365.9233946675758,江戸川
江戸川区|東小岩2丁目,296446.8524544299,2,1202.2768748829033,江戸川
江戸川区|東小岩2丁目,296446.8524544299,2,104.54881527685919,江戸川
江戸川区|東小岩2丁目,296446.8524544299,2,26.132573085351716,江戸川
江戸川区|東小岩2丁目,296446.8524544299,2,209.09257435872453,江戸川
江戸川区|東小岩2丁目,296446.8524544299,2,26.132814829853857,江戸川
江戸川区|東小岩2丁目,296446.8524544299,2,26.131928708772563,江戸川
江戸川区|東小岩2丁目,296446.8524544299,2,26.138228244113016,江戸川
江戸川区|東小岩2丁目,296446.8524544299,2,52.277732498480745,江戸川
江戸川区|東小岩2丁目,296446.8524544299,2,418.20595645637354,江戸川
江戸川区|東小岩2丁目,296446.8524544299,2,26.13821492365431,江戸川
江戸川区|東小岩2丁目,296446.8524544299,2,26.138268663324098,江戸川
江戸川区|東小岩2丁目,296446.8524544299,2,575.0034868376695,江戸川
江戸川区|東小岩2丁目,296446.8524544299,2,209.09359127242283,江戸川
江戸川区|東小岩2丁目,296446.8524544299,2,1176.1264456449624,江戸川
江戸川区|東小岩2丁目,296446.8524544299,2,52.277504662334806,江戸川
江戸川区|東小岩2丁目,296446.8524544299,2,52.270520163845845,江戸川
江戸川区|東小岩2丁目,296446.8524544299,2,26.139061301091743,江戸川
江戸川区|東小岩2丁目,296446.8524544299,2,52.27678004384403,江戸川
江戸川区|東小岩2丁目,296446.8524544299,2,104.54555551910966,江戸川
江戸川区|東小岩2丁目,296446.8524544299,2,26.138255854795567,江戸川
江戸川区|東小岩2丁目,296446.8524544299,2,26.13839015946207,江戸川
江戸川区|東小岩2丁目,296446.8524544299,2,967.0341282505685,江戸川
江戸川区|東小岩2丁目,296446.8524544299,2,784.0898593891343,江戸川
江戸川区|東小岩2丁目,296446.8524544299,2,496.5958011197733,江戸川
江戸川区|東小岩2丁目,296446.8524544299,2,1254.5681089596542,江戸川
江戸川区|東小岩2丁目,296446.8524544299,3,64583.44418263921,江戸川
江戸川区|東小岩2丁目,296446.8524544299,3,78.41174354438546,江戸川
江戸川区|東小岩2丁目,296446.8524544299,3,104.5575616942069,江戸川
江戸川区|東小岩2丁目,296446.8524544299,3,26.133016830822662,江戸川
江戸川区|東小岩2丁目,296446.8524544299,3,182.95646499957138,江戸川
江戸川区|東小岩2丁目,296446.8524544299,3,182.95697539209453,江戸川
江戸川区|東小岩2丁目,296446.8524544299,3,26.139276457291466,江戸川
江戸川区|東小岩2丁目,296446.8524544299,3,26.139598768831974,江戸川
江戸川区|東小岩2丁目,296446.8524544299,3,52.266275776126236,江戸川
江戸川区|東小岩2丁目,296446.8524544299,3,26.13317814992391,江戸川
江戸川区|東小岩2丁目,296446.8524544299,3,52.27894257782906,江戸川
江戸川区|東小岩2丁目,296446.8524544299,3,705.7056235103499,江戸川
江戸川区|東小岩2丁目,296446.8524544299,3,156.83634503031303,江戸川
江戸川区|東小岩2丁目,296446.8524544299,3,52.272455178011356,江戸川
江戸川区|東小岩2丁目,296446.8524544299,3,26.139343951860774,江戸川
江戸川区|東小岩2丁目,296446.8524544299,3,26.13927729381447,江戸川
江戸川区|東小岩2丁目,296446.8524544299,3,14.829245833298787,江戸川
江戸川区|東小岩2丁目,296446.8524544299,3,26.065312000872673,江戸川
江戸川区|東小岩2丁目,296446.8524544299,3,172.72882095282094,江戸川
江戸川区|東小岩2丁目,296446.8524544299,3,26.13180783765054,江戸川
江戸川区|東小岩2丁目,296446.8524544299,3,26.131807981734692,江戸川
江戸川区|東小岩2丁目,296446.8524544299,3,26.13794673411322,江戸川
江戸川区|東小岩2丁目,296446.8524544299,3,104.55627376922226,江戸川
江戸川区|東小岩2丁目,296446.8524544299,3,78.41719913961299,江戸川
江戸川区|東小岩2丁目,296446.8524544299,3,52.27197281139408,江戸川
江戸川区|東小岩2丁目,296446.8524544299,3,26.139143017004017,江戸川
江戸川区|東小岩3丁目,347018.121754211,1,52.26184484834751,江戸川
江戸川区|東小岩3丁目,347018.121754211,1,26.130882216616982,江戸川
江戸川区|東小岩3丁目,347018.121754211,1,52.26756700362979,江戸川
江戸川区|東小岩3丁目,347018.121754211,1,26.13688613692821,江戸川
江戸川区|東小岩3丁目,347018.121754211,1,26.130399154874848,江戸川
江戸川区|東小岩3丁目,347018.121754211,1,156.80660752054348,江戸川
江戸川区|東小岩3丁目,347018.121754211,1,26.129713959247777,江戸川
江戸川区|東小岩3丁目,347018.121754211,1,26.136456848644038,江戸川
江戸川区|東小岩3丁目,347018.121754211,1,26.13011755408094,江戸川
江戸川区|東小岩3丁目,347018.121754211,1,1.066725400539624,江戸川
江戸川区|東小岩3丁目,347018.121754211,1,26.135820504221076,江戸川
江戸川区|東小岩3丁目,347018.121754211,1,26.129956392118523,江戸川
江戸川区|東小岩3丁目,347018.121754211,2,161332.0471244495,江戸川
江戸川区|東小岩3丁目,347018.121754211,2,392.00432793760075,江戸川
江戸川区|東小岩3丁目,347018.121754211,2,26.136254834563378,江戸川
江戸川区|東小岩3丁目,347018.121754211,2,522.689946306344,江戸川
江戸川区|東小岩3丁目,347018.121754211,2,78.39557113460144,江戸川
江戸川区|東小岩3丁目,347018.121754211,2,26.136201586847,江戸川
江戸川区|東小岩3丁目,347018.121754211,2,26.136215066051975,江戸川
江戸川区|東小岩3丁目,347018.121754211,3,52.26941715939845,江戸川
江戸川区|東小岩3丁目,347018.121754211,3,156.82690848338677,江戸川
江戸川区|東小岩3丁目,347018.121754211,3,26.13789191441505,江戸川
江戸川区|東小岩3丁目,347018.121754211,3,26.137945727232356,江戸川
江戸川区|東小岩3丁目,347018.121754211,3,26.13797260836205,江戸川
江戸川区|東小岩3丁目,347018.121754211,3,52.27563637946766,江戸川
江戸川区|東小岩3丁目,347018.121754211,3,52.269471363649814,江戸川
江戸川区|東小岩3丁目,347018.121754211,3,130.67711699393215,江戸川
江戸川区|東小岩3丁目,347018.121754211,3,12779.658619063312,江戸川
江戸川区|東小岩3丁目,347018.121754211,3,26.136133805463736,江戸川
江戸川区|東小岩3丁目,347018.121754211,4,1280.6501962357092,江戸川
江戸川区|東小岩4丁目,192954.85440012187,2,192123.00450165744,江戸川
江戸川区|東小岩4丁目,192954.85440012187,3,26.1384956620822,江戸川
江戸川区|東小岩4丁目,192954.85440012187,3,52.26506354922497,江戸川
江戸川区|東小岩4丁目,192954.85440012187,3,209.10152024798583,江戸川
江戸川区|東小岩4丁目,192954.85440012187,3,26.13200846203823,江戸川
江戸川区|東小岩4丁目,192954.85440012187,3,26.132048742959185,江戸川
江戸川区|東小岩4丁目,192954.85440012187,3,235.24141499595407,江戸川
江戸川区|東小岩4丁目,192954.85440012187,3,89.7183590732401,江戸川
江戸川区|東小岩4丁目,192954.85440012187,3,52.3439847630631,江戸川
江戸川区|東小岩4丁目,192954.85440012187,3,114.77700296788544,江戸川
江戸川区|東小岩5丁目,171280.03899209687,2,171280.03899209682,江戸川
江戸川区|東小岩6丁目,169340.69943589097,1,26.135729081706266,江戸川
江戸川区|東小岩6丁目,169340.69943589097,1,26.135729155758042,江戸川
江戸川区|東小岩6丁目,169340.69943589097,1,5.48411575654077,江戸川
江戸川区|東小岩6丁目,169340.69943589097,1,26.113264393742913,江戸川
江戸川区|東小岩6丁目,169340.69943589097,1,26.135716122107997,江戸川
江戸川区|東小岩6丁目,169340.69943589097,2,160688.3089572137,江戸川
江戸川区|西小岩1丁目,264178.234608071,1,3.0305084180651605,江戸川
江戸川区|西小岩1丁目,264178.234608071,1,26.13727842367551,江戸川
江戸川区|西小岩1丁目,264178.234608071,1,52.26166286076392,江戸川
江戸川区|西小岩1丁目,264178.234608071,1,104.54234653542181,江戸川
江戸川区|西小岩1丁目,264178.234608071,1,52.26851296340432,江戸川
江戸川区|西小岩1丁目,264178.234608071,1,26.131362892724425,江戸川
江戸川区|西小岩1丁目,264178.234608071,1,26.13766231455312,江戸川
江戸川区|西小岩1丁目,264178.234608071,1,26.131234511903465,江戸川
江戸川区|西小岩1丁目,264178.234608071,1,26.137574213471446,江戸川
江戸川区|西小岩1丁目,264178.234608071,1,26.131315178814447,江戸川
江戸川区|西小岩1丁目,264178.234608071,1,78.41281701163398,江戸川
江戸川区|西小岩1丁目,264178.234608071,1,26.137904299510538,江戸川
江戸川区|西小岩1丁目,264178.234608071,1,26.137722113700217,江戸川
江戸川区|西小岩1丁目,264178.234608071,1,0.11790694289988206,江戸川
江戸川区|西小岩1丁目,264178.234608071,1,196.8907561170389,江戸川
江戸川区|西小岩1丁目,264178.234608071,1,52.258900151702726,江戸川
江戸川区|西小岩1丁目,264178.234608071,1,26.129345676693234,江戸川
江戸川区|西小岩1丁目,264178.234608071,1,331.82273866297567,江戸川
江戸川区|西小岩1丁目,264178.234608071,2,218900.79733792317,江戸川
江戸川区|西小岩1丁目,264178.234608071,2,1240.9129568084375,江戸川
江戸川区|西小岩1丁目,264178.234608071,2,1.4215048223079845,江戸川
江戸川区|西小岩1丁目,264178.234608071,2,1.8927254305020702,江戸川
江戸川区|西小岩1丁目,264178.234608071,2,26.137077022567603,江戸川
江戸川区|西小岩1丁目,264178.234608071,2,26.130791251734443,江戸川
江戸川区|西小岩1丁目,264178.234608071,2,26.13745316160953,江戸川
江戸川区|西小岩1丁目,264178.234608071,2,836.3010707080764,江戸川
江戸川区|西小岩1丁目,264178.234608071,2,52.2688892809327,江戸川
江戸川区|西小岩1丁目,264178.234608071,2,104.54801371401014,江戸川
江戸川区|西小岩1丁目,264178.234608071,2,26.13079149050226,江戸川
江戸川区|西小岩1丁目,264178.234608071,2,26.13707734023648,江戸川
江戸川区|西小岩1丁目,264178.234608071,2,64.32351529237116,江戸川
江戸川区|西小岩1丁目,264178.234608071,2,26.13679549064013,江戸川
江戸川区|西小岩1丁目,264178.234608071,2,52.26727841414983,江戸川
江戸川区|西小岩1丁目,264178.234608071,2,26.13675523173133,江戸川
江戸川区|西小岩1丁目,264178.234608071,3,18776.30226359511,江戸川
江戸川区|西小岩1丁目,264178.234608071,3,156.82248407462959,江戸川
江戸川区|西小岩1丁目,264178.234608071,3,836.2865488870173,江戸川
江戸川区|西小岩1丁目,264178.234608071,3,52.27529701142572,江戸川
江戸川区|西小岩1丁目,264178.234608071,3,52.274022975581076,江戸川
江戸川区|西小岩1丁目,264178.234608071,3,23.25423871552178,江戸川
江戸川区|西小岩1丁目,264178.234608071,3,26.13038920110789,江戸川
江戸川区|西小岩1丁目,264178.234608071,3,23.90479662160623,江戸川
江戸川区|西小岩1丁目,264178.234608071,3,26.136857185840398,江戸川
江戸川区|西小岩1丁目,264178.234608071,3,24.46747349040069,江戸川
江戸川区|西小岩1丁目,264178.234608071,3,26.136634691146917,江戸川
江戸川区|西小岩1丁目,264178.234608071,3,24.944108365738863,江戸川
江戸川区|西小岩1丁目,264178.234608071,3,78.40376036454387,江戸川
江戸川区|西小岩1丁目,264178.234608071,3,40.63494036669067,江戸川
江戸川区|西小岩1丁目,264178.234608071,3,113.04899737952793,江戸川
江戸川区|西小岩1丁目,264178.234608071,3,339.74461638359566,江戸川
江戸川区|西小岩1丁目,264178.234608071,3,26.1304775841571,江戸川
江戸川区|西小岩1丁目,264178.234608071,3,51.38523456722289,江戸川
江戸川区|西小岩1丁目,264178.234608071,3,26.136272759049007,江戸川
江戸川区|西小岩1丁目,264178.234608071,3,52.26623308509032,江戸川
江戸川区|西小岩1丁目,264178.234608071,3,26.136374451371136,江戸川
江戸川区|西小岩1丁目,264178.234608071,3,26.13623253205823,江戸川
江戸川区|西小岩1丁目,264178.234608071,3,26.136151958883072,江戸川
江戸川区|西小岩1丁目,264178.234608071,3,26.129946926692508,江戸川
江戸川区|西小岩1丁目,264178.234608071,3,52.27239797740036,江戸川
江戸川区|西小岩1丁目,264178.234608071,3,152.2757579857223,江戸川
江戸川区|西小岩2丁目,129529.19491904207,1,26.13030695885639,江戸川
江戸川区|西小岩2丁目,129529.19491904207,1,26.136686726967618,江戸川
江戸川区|西小岩2丁目,129529.19491904207,1,26.13054887757027,江戸川
江戸川区|西小岩2丁目,129529.19491904207,1,52.27400555096568,江戸川
江戸川区|西小岩2丁目,129529.19491904207,1,23.10028268257188,江戸川
江戸川区|西小岩2丁目,129529.19491904207,1,52.27246015027961,江戸川
江戸川区|西小岩2丁目,129529.19491904207,2,182.9375344592025,江戸川
江戸川区|西小岩2丁目,129529.19491904207,2,37206.465083021314,江戸川
江戸川区|西小岩2丁目,129529.19491904207,2,26.136565794897937,江戸川
江戸川区|西小岩2丁目,129529.19491904207,2,5174.658495062944,江戸川
江戸川区|西小岩2丁目,129529.19491904207,2,78.40385508397203,江戸川
江戸川区|西小岩2丁目,129529.19491904207,2,182.95188375625432,江戸川
江戸川区|西小岩2丁目,129529.19491904207,2,9904.93405326281,江戸川
江戸川区|西小岩2丁目,129529.19491904207,2,26.136512314065612,江戸川
江戸川区|西小岩2丁目,129529.19491904207,2,339.76090361639496,江戸川
江戸川区|西小岩2丁目,129529.19491904207,2,6468.875879693634,江戸川
江戸川区|西小岩2丁目,129529.19491904207,2,24.709326486972166,江戸川
江戸川区|西小岩2丁目,129529.19491904207,2,24.244051262642316,江戸川
江戸川区|西小岩2丁目,129529.19491904207,2,1515.788857731075,江戸川
江戸川区|西小岩2丁目,129529.19491904207,2,2953.194685415454,江戸川
江戸川区|西小岩2丁目,129529.19491904207,2,496.5569136671396,江戸川
江戸川区|西小岩2丁目,129529.19491904207,2,52.26647022446402,江戸川
江戸川区|西小岩2丁目,129529.19491904207,2,52.272326132176985,江戸川
江戸川区|西小岩2丁目,129529.19491904207,2,156.80233786559103,江戸川
江戸川区|西小岩2丁目,129529.19491904207,2,156.80645404471304,江戸川
江戸川区|西小岩2丁目,129529.19491904207,2,26.136566907754602,江戸川
江戸川区|西小岩2丁目,129529.19491904207,2,862.4422105228826,江戸川
江戸川区|西小岩2丁目,129529.19491904207,2,170.8884399691576,江戸川
江戸川区|西小岩2丁目,129529.19491904207,2,235.2037882305983,江戸川
江戸川区|西小岩2丁目,129529.19491904207,2,444.2853003756186,江戸川
江戸川区|西小岩2丁目,129529.19491904207,2,78.4092033989809,江戸川
江戸川区|西小岩2丁目,129529.19491904207,2,993.1011097100626,江戸川
江戸川区|西小岩2丁目,129529.19491904207,3,38772.7989140629,江戸川
江戸川区|西小岩2丁目,129529.19491904207,3,104.54141024336315,江戸川
江戸川区|西小岩2丁目,129529.19491904207,3,26.131040339272072,江戸川
江戸川区|西小岩2丁目,129529.19491904207,3,26.136776655935513,江戸川
江戸川区|西小岩2丁目,129529.19491904207,3,26.137076870061257,江戸川
江戸川区|西小岩2丁目,129529.19491904207,3,26.13062992052186,江戸川
江戸川区|西小岩2丁目,129529.19491904207,3,26.136647306426497,江戸川
江戸川区|西小岩2丁目,129529.19491904207,3,26.136243543893087,江戸川
江戸川区|西小岩2丁目,129529.19491904207,3,2.8762789122590955,江戸川
江戸川区|西小岩2丁目,129529.19491904207,3,2.231770869397097,江戸川
江戸川区|西小岩2丁目,129529.19491904207,3,1.6690806009865975,江戸川
江戸川区|西小岩2丁目,129529.19491904207,3,1.186160038431216,江戸川
江戸川区|西小岩2丁目,129529.19491904207,3,670.9751362709169,江戸川
江戸川区|西小岩2丁目,129529.19491904207,3,26.13612399148461,江戸川
江戸川区|西小岩2丁目,129529.19491904207,3,182.94020645715338,江戸川
江戸川区|西小岩2丁目,129529.19491904207,3,391.99201176916273,江戸川
江戸川区|西小岩2丁目,129529.19491904207,3,741.3057032254675,江戸川
江戸川区|西小岩3丁目,232010.0340187731,1,130.66821798493447,江戸川
江戸川区|西小岩3丁目,232010.0340187731,2,196115.69901469126,江戸川
江戸川区|西小岩3丁目,232010.0340187731,2,1724.8044277609172,江戸川
江戸川区|西小岩3丁目,232010.0340187731,2,78.40736287548152,江戸川
江戸川区|西小岩3丁目,232010.0340187731,2,78.39542620505777,江戸川
江戸川区|西小岩3丁目,232010.0340187731,2,26.135868876785437,江戸川
江戸川区|西小岩3丁目,232010.0340187731,2,496.5293971220978,江戸川
江戸川区|西小岩3丁目,232010.0340187731,2,26.13546638521275,江戸川
江戸川区|西小岩3丁目,232010.0340187731,3,1724.2802674220366,江戸川
江戸川区|西小岩3丁目,232010.0340187731,3,1897.740418729508,江戸川
江戸川区|西小岩3丁目,232010.0340187731,3,11.892135550536835,江戸川
江戸川区|西小岩3丁目,232010.0340187731,3,25.26109321510332,江戸川
江戸川区|西小岩3丁目,232010.0340187731,3,26.128977578736624,江戸川
江戸川区|西小岩3丁目,232010.0340187731,3,278.15434564989187,江戸川
江戸川区|西小岩3丁目,232010.0340187731,3,52.27152039270167,江戸川
江戸川区|西小岩3丁目,232010.0340187731,3,984.8276696050973,江戸川
江戸川区|西小岩3丁目,232010.0340187731,3,26.13583522205635,江戸川
江戸川区|西小岩3丁目,232010.0340187731,3,261.32552723088,江戸川
江戸川区|西小岩3丁目,232010.0340187731,3,16410.77330123417,江戸川
江戸川区|西小岩3丁目,232010.0340187731,3,78.40062200226969,江戸川
江戸川区|西小岩3丁目,232010.0340187731,3,182.9336867185711,江戸川
江戸川区|西小岩3丁目,232010.0340187731,3,601.078278833124,江戸川
江戸川区|西小岩3丁目,232010.0340187731,3,26.129502278452303,江戸川
江戸川区|西小岩3丁目,232010.0340187731,3,26.135989339837245,江戸川
江戸川区|西小岩3丁目,232010.0340187731,3,4674.063088519299,江戸川
江戸川区|西小岩3丁目,232010.0340187731,3,169.3805951574642,江戸川
江戸川区|西小岩3丁目,232010.0340187731,3,52.2647273211873,江戸川
江戸川区|西小岩3丁目,232010.0340187731,3,52.2573617291733,江戸川
江戸川区|西小岩3丁目,232010.0340187731,3,52.26561400634961,江戸川
江戸川区|西小岩3丁目,232010.0340187731,3,104.5360361012108,江戸川
江戸川区|西小岩3丁目,232010.0340187731,3,104.52838060066578,江戸川
江戸川区|西小岩3丁目,232010.0340187731,3,26.13483483339536,江戸川
江戸川区|西小岩3丁目,232010.0340187731,3,78.39956260698156,江戸川
江戸川区|西小岩3丁目,232010.0340187731,3,261.3367979098345,江戸川
江戸川区|西小岩3丁目,232010.0340187731,3,39.19004774716949,江戸川
江戸川区|西小岩3丁目,232010.0340187731,3,34.09476254170515,江戸川
江戸川区|西小岩3丁目,232010.0340187731,3,26.135197617325705,江戸川
江戸川区|西小岩3丁目,232010.0340187731,3,52.265533622490224,江戸川
江戸川区|西小岩3丁目,232010.0340187731,3,2.5807365650856404,江戸川
江戸川区|西小岩3丁目,232010.0340187731,3,26.13518419653542,江戸川
江戸川区|西小岩3丁目,232010.0340187731,3,1123.7316719907162,江戸川
江戸川区|西小岩3丁目,232010.0340187731,3,52.2655337504065,江戸川
江戸川区|西小岩3丁目,232010.0340187731,3,26.135569241455848,江戸川
江戸川区|西小岩3丁目,232010.0340187731,3,78.40044964120403,江戸川
江戸川区|西小岩3丁目,232010.0340187731,3,7.6169236534300175,江戸川
江戸川区|西小岩3丁目,232010.0340187731,3,52.26955678541649,江戸川
江戸川区|西小岩3丁目,232010.0340187731,3,5.425644013928675,江戸川
江戸川区|西小岩3丁目,232010.0340187731,3,26.128214012637734,江戸川
江戸川区|西小岩3丁目,232010.0340187731,3,104.52596373126504,江戸川
江戸川区|西小岩3丁目,232010.0340187731,3,156.81401590554674,江戸川
江戸川区|西小岩3丁目,232010.0340187731,3,26.134539551018662,江戸川
江戸川区|西小岩3丁目,232010.0340187731,3,52.26932093921601,江戸川
江戸川区|西小岩3丁目,232010.0340187731,3,627.1997339138575,江戸川
江戸川区|西小岩3丁目,232010.0340187731,3,52.26295518375384,江戸川
江戸川区|西小岩3丁目,232010.0340187731,3,104.53084770887598,江戸川
江戸川区|西小岩3丁目,232010.0340187731,3,78.40791958437896,江戸川
江戸川区|西小岩3丁目,232010.0340187731,3,26.13483522604919,江戸川
江戸川区|西小岩3丁目,232010.0340187731,3,26.135077030387627,江戸川
江戸川区|西小岩3丁目,232010.0340187731,3,52.26545375815267,江戸川
江戸川区|西小岩3丁目,232010.0340187731,3,104.53490380317932,江戸川
江戸川区|西小岩3丁目,232010.0340187731,3,78.38823630718801,江戸川
江戸川区|西小岩3丁目,232010.0340187731,3,104.53775903198351,江戸川
江戸川区|西小岩3丁目,232010.0340187731,3,252.62778624763843,江戸川
江戸川区|西小岩3丁目,232010.0340187731,3,26.136051912684188,江戸川
江戸川区|西小岩3丁目,232010.0340187731,3,26.135480152252867,江戸川
江戸川区|西小岩3丁目,232010.0340187731,3,26.129382752304622,江戸川
江戸川区|西小岩3丁目,232010.0340187731,3,209.05898400945415,江戸川
江戸川区|西小岩3丁目,232010.0340187731,3,26.134714550217193,江戸川
江戸川区|西小岩3丁目,232010.0340187731,3,52.265346769319535,江戸川
江戸川区|西小岩3丁目,232010.0340187731,3,52.271578641259126,江戸川
江戸川区|西小岩3丁目,232010.0340187731,3,24.624076099880266,江戸川
江戸川区|西小岩3丁目,232010.0340187731,3,4.528336130302021,江戸川
江戸川区|西小岩4丁目,130324.5483849143,2,130231.55060416918,江戸川
江戸川区|西小岩4丁目,130324.5483849143,3,18.517051565346613,江戸川
江戸川区|西小岩4丁目,130324.5483849143,3,72.97009066151388,江戸川
江戸川区|西小岩4丁目,130324.5483849143,3,1.5106385181938526,江戸川
江戸川区|西小岩5丁目,161762.93199301604,1,90.57593588190628,江戸川
江戸川区|西小岩5丁目,161762.93199301604,1,52.264788337859905,江戸川
江戸川区|西小岩5丁目,161762.93199301604,1,148.3938506535783,江戸川
江戸川区|西小岩5丁目,161762.93199301604,2,160978.9868093608,江戸川
江戸川区|南小岩1丁目,95272.51484562363,2,48536.04440018538,江戸川
江戸川区|南小岩1丁目,95272.51484562363,2,3303.7632949254985,江戸川
江戸川区|南小岩1丁目,95272.51484562363,2,7012.426026388959,江戸川
江戸川区|南小岩1丁目,95272.51484562363,2,7.343574471361484,江戸川
江戸川区|南小岩1丁目,95272.51484562363,2,26.134744863639078,江戸川
江戸川区|南小岩1丁目,95272.51484562363,2,130.69355000884676,江戸川
江戸川区|南小岩1丁目,95272.51484562363,2,1.0241195347646272,江戸川
江戸川区|南小岩1丁目,95272.51484562363,2,865.0012736605,江戸川
江戸川区|南小岩1丁目,95272.51484562363,2,5462.061395956908,江戸川
江戸川区|南小岩1丁目,95272.51484562363,2,1045.572290202725,江戸川
江戸川区|南小岩1丁目,95272.51484562363,2,52.27655743141355,江戸川
江戸川区|南小岩1丁目,95272.51484562363,2,26.141395352832365,江戸川
江戸川区|南小岩1丁目,95272.51484562363,2,52.282791012601415,江戸川
江戸川区|南小岩1丁目,95272.51484562363,2,26.141435760314934,江戸川
江戸川区|南小岩1丁目,95272.51484562363,2,470.51319232254787,江戸川
江戸川区|南小岩1丁目,95272.51484562363,2,26.14140898346846,江戸川
江戸川区|南小岩1丁目,95272.51484562363,2,26.13498795666115,江戸川
江戸川区|南小岩1丁目,95272.51484562363,2,26.134947762471683,江戸川
江戸川区|南小岩1丁目,95272.51484562363,2,26.141194325349858,江戸川
江戸川区|南小岩1丁目,95272.51484562363,2,78.41800986824013,江戸川
江戸川区|南小岩1丁目,95272.51484562363,3,22596.585641739264,江戸川
江戸川区|南小岩1丁目,95272.51484562363,3,3.6335961416762643,江戸川
江戸川区|南小岩1丁目,95272.51484562363,3,110.33068073349459,江戸川
江戸川区|南小岩1丁目,95272.51484562363,3,52.28020462462013,江戸川
江戸川区|南小岩1丁目,95272.51484562363,3,26.1340651319209,江戸川
江戸川区|南小岩1丁目,95272.51484562363,3,78.42065056048662,江戸川
江戸川区|南小岩1丁目,95272.51484562363,3,209.1027124155713,江戸川
江戸川区|南小岩1丁目,95272.51484562363,3,52.27442307450531,江戸川
江戸川区|南小岩1丁目,95272.51484562363,3,261.39141528575067,江戸川
江戸川区|南小岩1丁目,95272.51484562363,3,418.2095086860993,江戸川
江戸川区|南小岩1丁目,95272.51484562363,3,23.437197926943483,江戸川
江戸川区|南小岩1丁目,95272.51484562363,3,182.96515512141522,江戸川
江戸川区|南小岩1丁目,95272.51484562363,3,34.570873083516545,江戸川
江戸川区|南小岩1丁目,95272.51484562363,3,13.189198716808178,江戸川
江戸川区|南小岩1丁目,95272.51484562363,3,1.7788034757245224,江戸川
江戸川区|南小岩1丁目,95272.51484562363,3,0.011376512257329946,江戸川
江戸川区|南小岩1丁目,95272.51484562363,3,50.87983260637456,江戸川
江戸川区|南小岩1丁目,95272.51484562363,3,10.766766283998138,江戸川
江戸川区|南小岩1丁目,95272.51484562363,3,284.4705347964266,江戸川
江戸川区|南小岩1丁目,95272.51484562363,3,182.96488007148412,江戸川
江戸川区|南小岩1丁目,95272.51484562363,3,1.281864176303617,江戸川
江戸川区|南小岩1丁目,95272.51484562363,3,365.9307480747888,江戸川
江戸川区|南小岩1丁目,95272.51484562363,3,365.93285071347685,江戸川
江戸川区|南小岩1丁目,95272.51484562363,3,1542.1622740095338,江戸川
江戸川区|南小岩1丁目,95272.51484562363,3,52.28179243770104,江戸川
江戸川区|南小岩1丁目,95272.51484562363,3,156.84407837596285,江戸川
江戸川区|南小岩1丁目,95272.51484562363,3,196.81245103950098,江戸川
江戸川区|南小岩1丁目,95272.51484562363,3,1.850395882317041,江戸川
江戸川区|南小岩1丁目,95272.51484562363,3,81.35460770686272,江戸川
江戸川区|南小岩1丁目,95272.51484562363,3,52.282072423128824,江戸川
江戸川区|南小岩1丁目,95272.51484562363,3,22.09349151401109,江戸川
江戸川区|南小岩1丁目,95272.51484562363,3,335.3910565650844,江戸川
江戸川区|南小岩1丁目,95272.51484562363,3,52.27574992423614,江戸川
江戸川区|南小岩1丁目,95272.51484562363,3,78.41049516034828,江戸川
江戸川区|南小岩1丁目,95272.51484562363,3,52.282063866914385,江戸川
江戸川区|南小岩1丁目,95272.51484562363,3,26.662091891183255,江戸川
江戸川区|南小岩1丁目,95272.51484562363,3,16.455584238125113,江戸川
江戸川区|南小岩1丁目,95272.51484562363,3,52.282144842869094,江戸川
江戸川区|南小岩1丁目,95272.51484562363,3,26.140924818568358,江戸川
江戸川区|南小岩2丁目,195751.64421771397,2,132858.2954491565,江戸川
江戸川区|南小岩2丁目,195751.64421771397,2,496.6704606882241,江戸川
江戸川区|南小岩2丁目,195751.64421771397,2,26.140280143121423,江戸川
江戸川区|南小岩2丁目,195751.64421771397,2,2484.197020492258,江戸川
江戸川区|南小岩2丁目,195751.64421771397,2,52.27587444721687,江戸川
江戸川区|南小岩2丁目,195751.64421771397,2,26.13486736234903,江戸川
江戸川区|南小岩2丁目,195751.64421771397,2,2457.0725044492556,江戸川
江戸川区|南小岩2丁目,195751.64421771397,2,1542.235836529905,江戸川
江戸川区|南小岩2丁目,195751.64421771397,2,52.28232241876925,江戸川
江戸川区|南小岩2丁目,195751.64421771397,2,26.141490191918493,江戸川
江戸川区|南小岩2丁目,195751.64421771397,2,104.56565999948769,江戸川
江戸川区|南小岩2丁目,195751.64421771397,2,78.41731125611342,江戸川
江戸川区|南小岩2丁目,195751.64421771397,2,26.141168077040746,江戸川
江戸川区|南小岩2丁目,195751.64421771397,2,52.27618361289118,江戸川
江戸川区|南小岩2丁目,195751.64421771397,2,1934.3155954439173,江戸川
江戸川区|南小岩2丁目,195751.64421771397,2,26.134908143349115,江戸川
江戸川区|南小岩2丁目,195751.64421771397,2,26.134988702787254,江戸川
江戸川区|南小岩2丁目,195751.64421771397,2,26.141047382636618,江戸川
江戸川区|南小岩2丁目,195751.64421771397,2,78.41146809626345,江戸川
江戸川区|南小岩2丁目,195751.64421771397,2,52.28256477245815,江戸川
江戸川区|南小岩2丁目,195751.64421771397,2,130.69440927554385,江戸川
江戸川区|南小岩2丁目,195751.64421771397,2,52.27030001134027,江戸川
江戸川区|南小岩2丁目,195751.64421771397,2,130.70660747448952,江戸川
江戸川区|南小岩2丁目,195751.64421771397,2,52.27672130379571,江戸川
江戸川区|南小岩2丁目,195751.64421771397,2,26.135150131224997,江戸川
江戸川区|南小岩2丁目,195751.64421771397,2,912.4591194993934,江戸川
江戸川区|南小岩2丁目,195751.64421771397,3,45617.815006524375,江戸川
江戸川区|南小岩2丁目,195751.64421771397,3,87.4009199729082,江戸川
江戸川区|南小岩2丁目,195751.64421771397,3,847.7072950899095,江戸川
江戸川区|南小岩2丁目,195751.64421771397,3,182.97462396897896,江戸川
江戸川区|南小岩2丁目,195751.64421771397,3,52.27440716489904,江戸川
江戸川区|南小岩2丁目,195751.64421771397,3,89.65866660702632,江戸川
江戸川区|南小岩2丁目,195751.64421771397,3,26.140320073740654,江戸川
江戸川区|南小岩2丁目,195751.64421771397,3,26.133778491034604,江戸川
江戸川区|南小岩2丁目,195751.64421771397,3,52.28021080459944,江戸川
江戸川区|南小岩2丁目,195751.64421771397,3,1881.959700226384,江戸川
江戸川区|南小岩2丁目,195751.64421771397,3,104.54887034359848,江戸川
江戸川区|南小岩2丁目,195751.64421771397,3,52.2807889785804,江戸川
江戸川区|南小岩2丁目,195751.64421771397,3,26.139958085236962,江戸川
江戸川区|南小岩2丁目,195751.64421771397,3,130.69058910181417,江戸川
江戸川区|南小岩2丁目,195751.64421771397,3,26.14054061269069,江戸川
江戸川区|南小岩2丁目,195751.64421771397,3,130.6908312014873,江戸川
江戸川区|南小岩2丁目,195751.64421771397,3,78.41501217594745,江戸川
江戸川区|南小岩2丁目,195751.64421771397,3,26.14034791961302,江戸川
江戸川区|南小岩2丁目,195751.64421771397,3,26.140401663147045,江戸川
江戸川区|南小岩2丁目,195751.64421771397,3,78.41501253560844,江戸川
江戸川区|南小岩2丁目,195751.64421771397,3,78.41368329334504,江戸川
江戸川区|南小岩2丁目,195751.64421771397,3,26.13381976116262,江戸川
江戸川区|南小岩2丁目,195751.64421771397,3,78.41521403238542,江戸川
江戸川区|南小岩2丁目,195751.64421771397,3,156.83533202079602,江戸川
江戸川区|南小岩2丁目,195751.64421771397,3,52.26860628484929,江戸川
江戸川区|南小岩2丁目,195751.64421771397,3,104.54812108269273,江戸川
江戸川区|南小岩2丁目,195751.64421771397,3,418.21468926354095,江戸川
江戸川区|南小岩2丁目,195751.64421771397,3,52.27432919209919,江戸川
江戸川区|南小岩2丁目,195751.64421771397,3,235.23790867140926,江戸川
江戸川区|南小岩2丁目,195751.64421771397,3,52.27406111976634,江戸川
江戸川区|南小岩2丁目,195751.64421771397,3,104.55471791316253,江戸川
江戸川区|南小岩2丁目,195751.64421771397,3,26.134786855004897,江戸川
江戸川区|南小岩2丁目,195751.64421771397,3,52.28037955037017,江戸川
江戸川区|南小岩2丁目,195751.64421771397,3,52.268204508555904,江戸川
江戸川区|南小岩2丁目,195751.64421771397,3,46.04992996624886,江戸川
江戸川区|南小岩2丁目,195751.64421771397,3,26.140402311097176,江戸川
江戸川区|南小岩2丁目,195751.64421771397,3,862.574511218379,江戸川
江戸川区|南小岩2丁目,195751.64421771397,3,52.26893006515047,江戸川
江戸川区|南小岩3丁目,165662.80598960948,2,165662.80598960948,江戸川
江戸川区|南小岩4丁目,151639.06331503988,2,141026.15521167728,江戸川
江戸川区|南小岩4丁目,151639.06331503988,2,26.14018385600646,江戸川
江戸川区|南小岩4丁目,151639.06331503988,2,810.3169979989749,江戸川
江戸川区|南小岩4丁目,151639.06331503988,3,3155.8850669514723,江戸川
江戸川区|南小岩4丁目,151639.06331503988,3,25.517495900752937,江戸川
江戸川区|南小岩4丁目,151639.06331503988,3,104.5460105179244,江戸川
江戸川区|南小岩4丁目,151639.06331503988,3,1176.206629672332,江戸川
江戸川区|南小岩4丁目,151639.06331503988,3,209.10178181575557,江戸川
江戸川区|南小岩4丁目,151639.06331503988,3,52.26763231781264,江戸川
江戸川区|南小岩4丁目,151639.06331503988,3,78.41343123912215,江戸川
江戸川区|南小岩4丁目,151639.06331503988,3,156.84059277511366,江戸川
江戸川区|南小岩4丁目,151639.06331503988,3,78.41391508277131,江戸川
江戸川区|南小岩4丁目,151639.06331503988,3,26.14031216121357,江戸川
江戸川区|南小岩4丁目,151639.06331503988,3,1272.3540214792595,江戸川
江戸川区|南小岩4丁目,151639.06331503988,3,26.13995542438687,江戸川
江戸川区|南小岩4丁目,151639.06331503988,3,52.28020639172663,江戸川
江戸川区|南小岩4丁目,151639.06331503988,3,52.27426340142782,江戸川
江戸川区|南小岩4丁目,151639.06331503988,3,26.12285070750777,江戸川
江戸川区|南小岩4丁目,151639.06331503988,3,93.79489814704903,江戸川
江戸川区|南小岩4丁目,151639.06331503988,3,705.7347219700738,江戸川
江戸川区|南小岩4丁目,151639.06331503988,3,26.133985760810752,江戸川
江戸川区|南小岩4丁目,151639.06331503988,3,26.13381699334751,江戸川
江戸川区|南小岩4丁目,151639.06331503988,3,26.140554379729984,江戸川
江戸川区|南小岩4丁目,151639.06331503988,3,24.852234837071435,江戸川
江戸川区|南小岩4丁目,151639.06331503988,3,26.140103659673816,江戸川
江戸川区|南小岩4丁目,151639.06331503988,3,156.82381893519988,江戸川
江戸川区|南小岩4丁目,151639.06331503988,3,52.26784345962291,江戸川
江戸川区|南小岩4丁目,151639.06331503988,3,26.1401037779752,江戸川
江戸川区|南小岩4丁目,151639.06331503988,3,26.140224631266527,江戸川
江戸川区|南小岩4丁目,151639.06331503988,3,78.41423984430769,江戸川
江戸川区|南小岩4丁目,151639.06331503988,3,104.54864798755621,江戸川
江戸川区|南小岩4丁目,151639.06331503988,3,52.28079887888797,江戸川
江戸川区|南小岩4丁目,151639.06331503988,3,78.41553630903192,江戸川
江戸川区|南小岩4丁目,151639.06331503988,3,26.14031895999897,江戸川
江戸川区|南小岩4丁目,151639.06331503988,3,209.110241011581,江戸川
江戸川区|南小岩4丁目,151639.06331503988,3,78.42067545975488,江戸川
江戸川区|南小岩4丁目,151639.06331503988,3,26.14019836481608,江戸川
江戸川区|南小岩4丁目,151639.06331503988,3,26.140184963725503,江戸川
江戸川区|南小岩4丁目,151639.06331503988,3,52.27426584924899,江戸川
江戸川区|南小岩4丁目,151639.06331503988,3,17.159028327993788,江戸川
江戸川区|南小岩4丁目,151639.06331503988,3,78.4207482147789,江戸川
江戸川区|南小岩4丁目,151639.06331503988,3,616.0269115610217,江戸川
江戸川区|南小岩4丁目,151639.06331503988,3,30.182058338655075,江戸川
江戸川区|南小岩4丁目,151639.06331503988,3,52.2751317927843,江戸川
江戸川区|南小岩4丁目,151639.06331503988,3,26.140668985489768,江戸川
江戸川区|南小岩4丁目,151639.06331503988,3,26.14072274519229,江戸川
江戸川区|南小岩4丁目,151639.06331503988,3,78.42204759744087,江戸川
江戸川区|南小岩4丁目,151639.06331503988,3,52.269135049754375,江戸川
江戸川区|南小岩4丁目,151639.06331503988,3,119.45222818692791,江戸川
江戸川区|南小岩4丁目,151639.06331503988,3,26.140749743020514,江戸川
江戸川区|南小岩4丁目,151639.06331503988,3,56.678124509668194,江戸川
江戸川区|南小岩4丁目,151639.06331503988,3,77.90125763060828,江戸川
江戸川区|南小岩4丁目,151639.06331503988,3,52.27539578685481,江戸川
江戸川区|南小岩4丁目,151639.06331503988,3,52.27513301802086,江戸川
江戸川区|南小岩5丁目,231480.98198681948,1,104.54465490209536,江戸川
江戸川区|南小岩5丁目,231480.98198681948,1,26.139268105125215,江戸川
江戸川区|南小岩5丁目,231480.98198681948,1,26.133048888318005,江戸川
江戸川区|南小岩5丁目,231480.98198681948,1,78.41206300638625,江戸川
江戸川区|南小岩5丁目,231480.98198681948,1,26.13321013018968,江戸川
江戸川区|南小岩5丁目,231480.98198681948,1,52.27942476752699,江戸川
江戸川区|南小岩5丁目,231480.98198681948,1,52.26671000274647,江戸川
江戸川区|南小岩5丁目,231480.98198681948,1,26.139617498758774,江戸川
江戸川区|南小岩5丁目,231480.98198681948,1,26.13354017573631,江戸川
江戸川区|南小岩5丁目,231480.98198681948,1,52.27300240863335,江戸川
江戸川区|南小岩5丁目,231480.98198681948,1,26.13353260908356,江戸川
江戸川区|南小岩5丁目,231480.98198681948,1,26.13985939690334,江戸川
江戸川区|南小岩5丁目,231480.98198681948,1,26.139872912233344,江戸川
江戸川区|南小岩5丁目,231480.98198681948,1,26.13995354638065,江戸川
江戸川区|南小岩5丁目,231480.98198681948,1,26.1399938357756,江戸川
江戸川区|南小岩5丁目,231480.98198681948,1,26.139980443169847,江戸川
江戸川区|南小岩5丁目,231480.98198681948,1,52.27380869178643,江戸川
江戸川区|南小岩5丁目,231480.98198681948,1,50.47519859999551,江戸川
江戸川区|南小岩5丁目,231480.98198681948,1,81.33183463302147,江戸川
江戸川区|南小岩5丁目,231480.98198681948,1,26.138663149479523,江戸川
江戸川区|南小岩5丁目,231480.98198681948,1,26.13257259972135,江戸川
江戸川区|南小岩5丁目,231480.98198681948,1,26.13273384451857,江戸川
江戸川区|南小岩5丁目,231480.98198681948,1,26.13890514298867,江戸川
江戸川区|南小岩5丁目,231480.98198681948,1,52.265581206787864,江戸川
江戸川区|南小岩5丁目,231480.98198681948,1,26.139012711781973,江戸川
江戸川区|南小岩5丁目,231480.98198681948,1,26.13280698678954,江戸川
江戸川区|南小岩5丁目,231480.98198681948,1,26.13905302856552,江戸川
江戸川区|南小岩5丁目,231480.98198681948,1,52.27216317498618,江戸川
江戸川区|南小岩5丁目,231480.98198681948,1,26.13913364465148,江戸川
江戸川区|南小岩5丁目,231480.98198681948,2,151108.38781577666,江戸川
江戸川区|南小岩5丁目,231480.98198681948,2,156.82294921365818,江戸川
江戸川区|南小岩5丁目,231480.98198681948,2,235.24172800696715,江戸川
江戸川区|南小岩5丁目,231480.98198681948,2,52.272223016149425,江戸川
江戸川区|南小岩5丁目,231480.98198681948,2,78.41198992241681,江戸川
江戸川区|南小岩5丁目,231480.98198681948,2,52.27235737173139,江戸川
江戸川区|南小岩5丁目,231480.98198681948,2,52.27889322388588,江戸川
江戸川区|南小岩5丁目,231480.98198681948,2,392.06769042855444,江戸川
江戸川区|南小岩5丁目,231480.98198681948,2,1934.144570672776,江戸川
江戸川区|南小岩5丁目,231480.98198681948,2,52.272679826500266,江戸川
江戸川区|南小岩5丁目,231480.98198681948,2,52.265984971298764,江戸川
江戸川区|南小岩5丁目,231480.98198681948,2,104.55822236038011,江戸川
江戸川区|南小岩5丁目,231480.98198681948,2,78.41237813363476,江戸川
江戸川区|南小岩5丁目,231480.98198681948,2,156.8320786239613,江戸川
江戸川区|南小岩5丁目,231480.98198681948,2,52.27937703372809,江戸川
江戸川区|南小岩5丁目,231480.98198681948,2,52.27294869302394,江戸川
江戸川区|南小岩5丁目,231480.98198681948,2,78.41266037093891,江戸川
江戸川区|南小岩5丁目,231480.98198681948,2,52.27957104822035,江戸川
江戸川区|南小岩5丁目,231480.98198681948,2,26.139872818809344,江戸川
江戸川区|南小岩5丁目,231480.98198681948,2,156.82657789745494,江戸川
江戸川区|南小岩5丁目,231480.98198681948,2,26.133097304958305,江戸川
江戸川区|南小岩5丁目,231480.98198681948,2,78.41130460687998,江戸川
江戸川区|南小岩5丁目,231480.98198681948,2,52.273432488237155,江戸川
江戸川区|南小岩5丁目,231480.98198681948,2,26.139872930695496,江戸川
江戸川区|南小岩5丁目,231480.98198681948,2,78.41350697732152,江戸川
江戸川区|南小岩5丁目,231480.98198681948,2,209.10825253421586,江戸川
江戸川区|南小岩5丁目,231480.98198681948,2,26.133532815180132,江戸川
江戸川区|南小岩5丁目,231480.98198681948,2,52.27364753024238,江戸川
江戸川区|南小岩5丁目,231480.98198681948,2,52.27264235841696,江戸川
江戸川区|南小岩5丁目,231480.98198681948,2,313.65223948049015,江戸川
江戸川区|南小岩5丁目,231480.98198681948,2,26.140020757721903,江戸川
江戸川区|南小岩5丁目,231480.98198681948,2,26.139228445452183,江戸川
江戸川区|南小岩5丁目,231480.98198681948,2,78.40068708848435,江戸川
江戸川区|南小岩5丁目,231480.98198681948,2,52.28028345878589,江戸川
江戸川区|南小岩5丁目,231480.98198681948,2,26.139658367742086,江戸川
江戸川区|南小岩5丁目,231480.98198681948,2,287.5065581872856,江戸川
江戸川区|南小岩5丁目,231480.98198681948,2,156.81355922074565,江戸川
江戸川区|南小岩5丁目,231480.98198681948,2,78.41049054841935,江戸川
江戸川区|南小岩5丁目,231480.98198681948,2,261.36493177220996,江戸川
江戸川区|南小岩5丁目,231480.98198681948,2,52.27149718539954,江戸川
江戸川区|南小岩5丁目,231480.98198681948,2,52.265049883913164,江戸川
江戸川区|南小岩5丁目,231480.98198681948,2,104.55596420694123,江戸川
江戸川区|南小岩5丁目,231480.98198681948,2,26.138980050872775,江戸川
江戸川区|南小岩5丁目,231480.98198681948,2,78.4106443637245,江戸川
江戸川区|南小岩5丁目,231480.98198681948,2,52.277622578440806,江戸川
江戸川区|南小岩5丁目,231480.98198681948,2,235.2446711328388,江戸川
江戸川区|南小岩5丁目,231480.98198681948,2,26.13272643236196,江戸川
江戸川区|南小岩5丁目,231480.98198681948,2,130.68931449021073,江戸川
江戸川区|南小岩5丁目,231480.98198681948,2,78.41122380592802,江戸川
江戸川区|南小岩5丁目,231480.98198681948,2,78.41092661758587,江戸川
江戸川区|南小岩5丁目,231480.98198681948,2,78.41108789422448,江戸川
江戸川区|南小岩5丁目,231480.98198681948,3,29776.98991334044,江戸川
江戸川区|南小岩5丁目,231480.98198681948,3,78.41237923139411,江戸川
江戸川区|南小岩5丁目,231480.98198681948,3,26.133459977693086,江戸川
江戸川区|南小岩5丁目,231480.98198681948,3,26.139295718768217,江戸川
江戸川区|南小岩5丁目,231480.98198681948,3,26.133130285253984,江戸川
江戸川区|南小岩5丁目,231480.98198681948,3,104.55326039038735,江戸川
江戸川区|南小岩5丁目,231480.98198681948,3,444.3386000149679,江戸川
江戸川区|南小岩5丁目,231480.98198681948,3,52.2800903571504,江戸川
江戸川区|南小岩5丁目,231480.98198681948,3,52.27332628482955,江戸川
江戸川区|南小岩5丁目,231480.98198681948,3,0.6158365923237785,江戸川
江戸川区|南小岩5丁目,231480.98198681948,3,300.9992320577156,江戸川
江戸川区|南小岩5丁目,231480.98198681948,3,26.132323510059976,江戸川
江戸川区|南小岩5丁目,231480.98198681948,3,496.62562987818876,江戸川
江戸川区|南小岩5丁目,231480.98198681948,3,365.91582591890165,江戸川
江戸川区|南小岩5丁目,231480.98198681948,3,78.41040447780931,江戸川
江戸川区|南小岩5丁目,231480.98198681948,3,104.54959240702712,江戸川
江戸川区|南小岩6丁目,251973.77816003724,1,78.28943794467231,江戸川
江戸川区|南小岩6丁目,251973.77816003724,1,26.138052214071543,江戸川
江戸川区|南小岩6丁目,251973.77816003724,1,26.13167806409276,江戸川
江戸川区|南小岩6丁目,251973.77816003724,1,26.138044742921053,江戸川
江戸川区|南小岩6丁目,251973.77816003724,1,26.138044801656193,江戸川
江戸川区|南小岩6丁目,251973.77816003724,1,52.27009915050511,江戸川
江戸川区|南小岩6丁目,251973.77816003724,1,52.27030835231459,江戸川
江戸川区|南小岩6丁目,251973.77816003724,1,26.131960346436692,江戸川
江戸川区|南小岩6丁目,251973.77816003724,1,26.132121629363517,江戸川
江戸川区|南小岩6丁目,251973.77816003724,1,101.62565477775874,江戸川
江戸川区|南小岩6丁目,251973.77816003724,2,225010.06903786852,江戸川
江戸川区|南小岩6丁目,251973.77816003724,2,26.13785653703207,江戸川
江戸川区|南小岩6丁目,251973.77816003724,2,78.40718523536778,江戸川
江戸川区|南小岩6丁目,251973.77816003724,2,235.22969894922716,江戸川
江戸川区|南小岩6丁目,251973.77816003724,2,156.816826821237,江戸川
江戸川区|南小岩6丁目,251973.77816003724,2,209.08664442540993,江戸川
江戸川区|南小岩6丁目,251973.77816003724,2,26.137762893694877,江戸川
江戸川区|南小岩6丁目,251973.77816003724,2,130.68549101276562,江戸川
江戸川区|南小岩6丁目,251973.77816003724,2,52.276748397942974,江戸川
江戸川区|南小岩6丁目,251973.77816003724,3,731.8483076307917,江戸川
江戸川区|南小岩6丁目,251973.77816003724,3,78.406822379728,江戸川
江戸川区|南小岩6丁目,251973.77816003724,3,1202.252187476759,江戸川
江戸川区|南小岩6丁目,251973.77816003724,3,26.137896961386975,江戸川
江戸川区|南小岩6丁目,251973.77816003724,3,156.81524734337393,江戸川
江戸川区|南小岩6丁目,251973.77816003724,3,26.13796420039216,江戸川
江戸川区|南小岩6丁目,251973.77816003724,3,52.269696134486495,江戸川
江戸川区|南小岩6丁目,251973.77816003724,3,26.131758785228712,江戸川
江戸川区|南小岩6丁目,251973.77816003724,3,26.138085152595465,江戸川
江戸川区|南小岩6丁目,251973.77816003724,3,26.13830774385802,江戸川
江戸川区|南小岩6丁目,251973.77816003724,3,156.81627503314357,江戸川
江戸川区|南小岩6丁目,251973.77816003724,3,1306.8343991941258,江戸川
江戸川区|南小岩6丁目,251973.77816003724,3,11.640115577115147,江戸川
江戸川区|南小岩6丁目,251973.77816003724,3,156.81762672162608,江戸川
江戸川区|南小岩6丁目,251973.77816003724,3,313.63614072764005,江戸川
江戸川区|南小岩6丁目,251973.77816003724,3,130.68620525592263,江戸川
江戸川区|南小岩6丁目,251973.77816003724,3,430.81796302258346,江戸川
江戸川区|南小岩6丁目,251973.77816003724,3,182.94936367828612,江戸川
江戸川区|南小岩7丁目,262754.65335713554,2,262049.01196121526,江戸川
江戸川区|南小岩7丁目,262754.65335713554,3,705.6413959204004,江戸川
江戸川区|南小岩8丁目,139808.1328717391,2,139808.13287173907,江戸川
江戸川区|北小岩1丁目,176138.6663564664,1,216.96478361351376,江戸川
江戸川区|北小岩1丁目,176138.6663564664,1,52.2648699248832,江戸川
江戸川区|北小岩1丁目,176138.6663564664,1,246.74901078271662,江戸川
江戸川区|北小岩1丁目,176138.6663564664,1,20.65153283844593,江戸川
江戸川区|北小岩1丁目,176138.6663564664,1,0.01616616405018124,江戸川
江戸川区|北小岩1丁目,176138.6663564664,1,51.198647849498506,江戸川
江戸川区|北小岩1丁目,176138.6663564664,1,2064.578710507285,江戸川
江戸川区|北小岩1丁目,176138.6663564664,1,418.1344772061692,江戸川
江戸川区|北小岩1丁目,176138.6663564664,1,26.135798963104683,江戸川
江戸川区|北小岩1丁目,176138.6663564664,2,112747.41701432175,江戸川
江戸川区|北小岩1丁目,176138.6663564664,2,43.82334533454518,江戸川
江戸川区|北小岩1丁目,176138.6663564664,2,48.184002691386794,江戸川
江戸川区|北小岩1丁目,176138.6663564664,2,22.43144546196846,江戸川
江戸川区|北小岩1丁目,176138.6663564664,3,93.28071141700222,江戸川
江戸川区|北小岩2丁目,225073.55686083034,1,8.4068295909803,江戸川
江戸川区|北小岩2丁目,225073.55686083034,1,26.135443358041442,江戸川
江戸川区|北小岩2丁目,225073.55686083034,1,40.71522830251657,江戸川
江戸川区|北小岩2丁目,225073.55686083034,2,224498.10948654622,江戸川
江戸川区|北小岩3丁目,250502.262878697,1,104.53188778482163,江戸川
江戸川区|北小岩3丁目,250502.262878697,1,26.134667406558023,江戸川
江戸川区|北小岩3丁目,250502.262878697,1,16.709083442843085,江戸川
江戸川区|北小岩3丁目,250502.262878697,1,26.134890048070275,江戸川
江戸川区|北小岩3丁目,250502.262878697,1,38.487217015149945,江戸川
江戸川区|北小岩3丁目,250502.262878697,1,25.96417624543779,江戸川
江戸川区|北小岩3丁目,250502.262878697,1,26.128666326476957,江戸川
江戸川区|北小岩3丁目,250502.262878697,1,26.134638162477504,江戸川
江戸川区|北小岩3丁目,250502.262878697,1,25.973297315601027,江戸川
江戸川区|北小岩3丁目,250502.262878697,1,26.13491170601107,江戸川
江戸川区|北小岩3丁目,250502.262878697,1,52.26399752686234,江戸川
江戸川区|北小岩3丁目,250502.262878697,1,104.53496552679871,江戸川
江戸川区|北小岩3丁目,250502.262878697,1,75.94833014544156,江戸川
江戸川区|北小岩3丁目,250502.262878697,1,156.79804053724072,江戸川
江戸川区|北小岩3丁目,250502.262878697,1,52.271437748433506,江戸川
江戸川区|北小岩3丁目,250502.262878697,1,26.135678637156726,江戸川
江戸川区|北小岩3丁目,250502.262878697,2,107676.5793254235,江戸川
江戸川区|北小岩3丁目,250502.262878697,2,18.516687139010234,江戸川
江戸川区|北小岩3丁目,250502.262878697,2,32.56060407144826,江戸川
江戸川区|北小岩3丁目,250502.262878697,2,19.01331155692103,江戸川
江戸川区|北小岩3丁目,250502.262878697,2,16.865408613593235,江戸川
江戸川区|北小岩3丁目,250502.262878697,2,78.40595719866529,江戸川
江戸川区|北小岩3丁目,250502.262878697,2,26.12915008679527,江戸川
江戸川区|北小岩3丁目,250502.262878697,2,20.9421406145617,江戸川
江戸川区|北小岩3丁目,250502.262878697,2,52.2645857643595,江戸川
江戸川区|北小岩3丁目,250502.262878697,2,4493.349415218974,江戸川
江戸川区|北小岩3丁目,250502.262878697,2,679.4585750694066,江戸川
江戸川区|北小岩3丁目,250502.262878697,2,52.270630560687636,江戸川
江戸川区|北小岩3丁目,250502.262878697,2,52.26410342385995,江戸川
江戸川区|北小岩3丁目,250502.262878697,2,313.59631023548087,江戸川
江戸川区|北小岩3丁目,250502.262878697,2,783.9998434729449,江戸川
江戸川区|北小岩3丁目,250502.262878697,2,182.93407740071274,江戸川
江戸川区|北小岩3丁目,250502.262878697,2,104.5276702681007,江戸川
江戸川区|北小岩3丁目,250502.262878697,2,104.52836880447974,江戸川
江戸川区|北小岩3丁目,250502.262878697,2,26.135288634841793,江戸川
江戸川区|北小岩3丁目,250502.262878697,2,104.52896029944804,江戸川
江戸川区|北小岩3丁目,250502.262878697,2,130.67520826241216,江戸川
江戸川区|北小岩3丁目,250502.262878697,2,52.264426533593415,江戸川
江戸川区|北小岩3丁目,250502.262878697,2,156.80475117417126,江戸川
江戸川区|北小岩3丁目,250502.262878697,2,78.39349787442356,江戸川
江戸川区|北小岩3丁目,250502.262878697,2,784.0005481511665,江戸川
江戸川区|北小岩3丁目,250502.262878697,2,26.135114442951778,江戸川
江戸川区|北小岩3丁目,250502.262878697,2,966.9378602970564,江戸川
江戸川区|北小岩3丁目,250502.262878697,2,78.39871778325116,江戸川
江戸川区|北小岩3丁目,250502.262878697,2,81.58716728122594,江戸川
江戸川区|北小岩3丁目,250502.262878697,2,8.44811831314706,江戸川
江戸川区|北小岩3丁目,250502.262878697,2,4.081229360990409,江戸川
江戸川区|北小岩3丁目,250502.262878697,2,29.84009945108351,江戸川
江戸川区|北小岩3丁目,250502.262878697,3,34383.59113319619,江戸川
江戸川区|北小岩3丁目,250502.262878697,3,182.92687717215057,江戸川
江戸川区|北小岩3丁目,250502.262878697,3,182.93349395610457,江戸川
江戸川区|北小岩3丁目,250502.262878697,3,26.135246846205796,江戸川
江戸川区|北小岩3丁目,250502.262878697,3,78.39346553080493,江戸川
江戸川区|北小岩3丁目,250502.262878697,3,26.135354465759356,江戸川
江戸川区|北小岩3丁目,250502.262878697,3,26.129028929498567,江戸川
江戸川区|北小岩3丁目,250502.262878697,3,11.83432171960266,江戸川
江戸川区|北小岩3丁目,250502.262878697,3,78.40043850254185,江戸川
江戸川区|北小岩3丁目,250502.262878697,3,26.12878785271985,江戸川
江戸川区|北小岩3丁目,250502.262878697,3,52.27006606348789,江戸川
江戸川区|北小岩3丁目,250502.262878697,3,26.12915086272975,江戸川
江戸川区|北小岩4丁目,557987.5255434599,1,0.1643686584750359,江戸川
江戸川区|北小岩4丁目,557987.5255434599,1,0.15532895835808191,江戸川
江戸川区|北小岩4丁目,557987.5255434599,1,104.52943072789304,江戸川
江戸川区|北小岩4丁目,557987.5255434599,1,78.39568663457204,江戸川
江戸川区|北小岩4丁目,557987.5255434599,1,133.11307248275614,江戸川
江戸川区|北小岩4丁目,557987.5255434599,1,26.132542457530555,江戸川
江戸川区|北小岩4丁目,557987.5255434599,1,52.266028897297645,江戸川
江戸川区|北小岩4丁目,557987.5255434599,1,26.126651995658072,江戸川
江戸川区|北小岩4丁目,557987.5255434599,1,26.132977243372263,江戸川
江戸川区|北小岩4丁目,557987.5255434599,1,52.25975031156988,江戸川
江戸川区|北小岩4丁目,557987.5255434599,1,26.133031068158758,江戸川
江戸川区|北小岩4丁目,557987.5255434599,1,26.126773117111853,江戸川
江戸川区|北小岩4丁目,557987.5255434599,1,52.26646609594133,江戸川
江戸川区|北小岩4丁目,557987.5255434599,1,26.127096076495135,江戸川
江戸川区|北小岩4丁目,557987.5255434599,1,52.26053090634462,江戸川
江戸川区|北小岩4丁目,557987.5255434599,1,52.26100903400604,江戸川
江戸川区|北小岩4丁目,557987.5255434599,1,26.127297830004604,江戸川
江戸川区|北小岩4丁目,557987.5255434599,2,43773.71951121278,江戸川
江戸川区|北小岩4丁目,557987.5255434599,2,1175.983227133708,江戸川
江戸川区|北小岩4丁目,557987.5255434599,2,7.618116097403154,江戸川
江戸川区|北小岩4丁目,557987.5255434599,2,104.53182066041843,江戸川
江戸川区|北小岩4丁目,557987.5255434599,2,19.696485824239367,江戸川
江戸川区|北小岩4丁目,557987.5255434599,2,104.52572959858574,江戸川
江戸川区|北小岩4丁目,557987.5255434599,2,104.52658341037827,江戸川
江戸川区|北小岩4丁目,557987.5255434599,2,1306.624068289422,江戸川
江戸川区|北小岩4丁目,557987.5255434599,2,52.262650096179755,江戸川
江戸川区|北小岩4丁目,557987.5255434599,2,33.25634922695097,江戸川
江戸川区|北小岩4丁目,557987.5255434599,2,26.127578071358528,江戸川
江戸川区|北小岩4丁目,557987.5255434599,2,78.39660746331408,江戸川
江戸川区|北小岩4丁目,557987.5255434599,2,2508.7279757090514,江戸川
江戸川区|北小岩4丁目,557987.5255434599,2,313.5927861518502,江戸川
江戸川区|北小岩4丁目,557987.5255434599,2,862.3437637345216,江戸川
江戸川区|北小岩4丁目,557987.5255434599,2,522.627434267345,江戸川
江戸川区|北小岩4丁目,557987.5255434599,2,391.96055337481306,江戸川
江戸川区|北小岩4丁目,557987.5255434599,2,1472.718568132534,江戸川
江戸川区|北小岩4丁目,557987.5255434599,2,313.57366196126463,江戸川
江戸川区|北小岩4丁目,557987.5255434599,2,705.5773867720192,江戸川
江戸川区|北小岩4丁目,557987.5255434599,2,26.134629325034297,江戸川
江戸川区|北小岩4丁目,557987.5255434599,2,52.267775188964606,江戸川
江戸川区|北小岩4丁目,557987.5255434599,2,5.186485717206171,江戸川
江戸川区|北小岩4丁目,557987.5255434599,2,78.39561515656,江戸川
江戸川区|北小岩4丁目,557987.5255434599,2,315.0789356008883,江戸川
江戸川区|北小岩4丁目,557987.5255434599,2,156.8027399967483,江戸川
江戸川区|北小岩4丁目,557987.5255434599,2,156.78577900373017,江戸川
江戸川区|北小岩4丁目,557987.5255434599,2,52.262007035080906,江戸川
江戸川区|北小岩4丁目,557987.5255434599,2,339.7157134835822,江戸川
江戸川区|北小岩4丁目,557987.5255434599,2,130.66481023535758,江戸川
江戸川区|北小岩4丁目,557987.5255434599,2,52.25660878602714,江戸川
江戸川区|北小岩4丁目,557987.5255434599,2,52.257092299455664,江戸川
江戸川区|北小岩4丁目,557987.5255434599,2,1097.565380573168,江戸川
江戸川区|北小岩4丁目,557987.5255434599,2,548.7743485991987,江戸川
江戸川区|北小岩4丁目,557987.5255434599,2,52.26238397919615,江戸川
江戸川区|北小岩4丁目,557987.5255434599,2,287.4632204213276,江戸川
江戸川区|北小岩4丁目,557987.5255434599,2,26.13411994848343,江戸川
江戸川区|北小岩4丁目,557987.5255434599,2,78.39192562679135,江戸川
江戸川区|北小岩4丁目,557987.5255434599,2,182.93189284400268,江戸川
江戸川区|北小岩4丁目,557987.5255434599,2,1202.1207896002873,江戸川
江戸川区|北小岩4丁目,557987.5255434599,2,2979.0683629210134,江戸川
江戸川区|北小岩4丁目,557987.5255434599,2,1172.7864718065287,江戸川
江戸川区|北小岩4丁目,557987.5255434599,2,1463.3685058518988,江戸川
江戸川区|北小岩4丁目,557987.5255434599,2,26.133512941420932,江戸川
江戸川区|北小岩4丁目,557987.5255434599,2,1149.8012417757918,江戸川
江戸川区|北小岩4丁目,557987.5255434599,2,627.1545225188929,江戸川
江戸川区|北小岩4丁目,557987.5255434599,2,836.2056520514426,江戸川
江戸川区|北小岩4丁目,557987.5255434599,2,1019.137231996063,江戸川
江戸川区|北小岩4丁目,557987.5255434599,2,26.12729594481892,江戸川
江戸川区|北小岩4丁目,557987.5255434599,2,593.2644551355786,江戸川
江戸川区|北小岩4丁目,557987.5255434599,2,130.6582901756539,江戸川
江戸川区|北小岩4丁目,557987.5255434599,2,78.39471444162363,江戸川
江戸川区|北小岩4丁目,557987.5255434599,2,26.13370230809406,江戸川
江戸川区|北小岩4丁目,557987.5255434599,2,3240.2289771410055,江戸川
江戸川区|北小岩4丁目,557987.5255434599,2,26.13293661146967,江戸川
江戸川区|北小岩4丁目,557987.5255434599,2,26.132950081831027,江戸川
江戸川区|北小岩4丁目,557987.5255434599,2,78.39489083367435,江戸川
江戸川区|北小岩4丁目,557987.5255434599,2,287.43941390708096,江戸川
江戸川区|北小岩4丁目,557987.5255434599,2,601.014685596676,江戸川
江戸川区|北小岩4丁目,557987.5255434599,2,574.8971307012923,江戸川
江戸川区|北小岩4丁目,557987.5255434599,2,862.3459122808986,江戸川
江戸川区|北小岩4丁目,557987.5255434599,3,52.269014579946884,江戸川
江戸川区|北小岩4丁目,557987.5255434599,3,163209.71737228194,江戸川
江戸川区|北小岩4丁目,557987.5255434599,3,993.0492870184811,江戸川
江戸川区|北小岩4丁目,557987.5255434599,3,52.268880391904595,江戸川
江戸川区|北小岩4丁目,557987.5255434599,3,365.8432489732086,江戸川
江戸川区|北小岩4丁目,557987.5255434599,3,26.134279473091965,江戸川
江戸川区|北小岩4丁目,557987.5255434599,3,104.52266705592625,江戸川
江戸川区|北小岩4丁目,557987.5255434599,3,78.38333903548912,江戸川
江戸川区|北小岩4丁目,557987.5255434599,3,26.127860375582586,江戸川
江戸川区|北小岩4丁目,557987.5255434599,3,52.26937486122672,江戸川
江戸川区|北小岩4丁目,557987.5255434599,3,26.13480403587897,江戸川
江戸川区|北小岩4丁目,557987.5255434599,3,249.49554853736,江戸川
江戸川区|北小岩5丁目,167465.03171564316,1,0.00041559913859213815,江戸川
江戸川区|北小岩5丁目,167465.03171564316,1,9.419298795071338,江戸川
江戸川区|北小岩5丁目,167465.03171564316,1,13.776332238921993,江戸川
江戸川区|北小岩5丁目,167465.03171564316,2,162571.2915991398,江戸川
江戸川区|北小岩5丁目,167465.03171564316,2,156.7831319472814,江戸川
江戸川区|北小岩5丁目,167465.03171564316,3,26.133874320906664,江戸川
江戸川区|北小岩5丁目,167465.03171564316,3,104.53498668766714,江戸川
江戸川区|北小岩5丁目,167465.03171564316,3,3463.2898617588057,江戸川
江戸川区|北小岩5丁目,167465.03171564316,3,130.65582099699807,江戸川
江戸川区|北小岩5丁目,167465.03171564316,3,182.90403645225553,江戸川
江戸川区|北小岩5丁目,167465.03171564316,3,209.03818279658444,江戸川
江戸川区|北小岩5丁目,167465.03171564316,3,26.133713500596514,江戸川
江戸川区|北小岩5丁目,167465.03171564316,3,78.39499010015967,江戸川
江戸川区|北小岩5丁目,167465.03171564316,3,130.6563424458026,江戸川
江戸川区|北小岩5丁目,167465.03171564316,3,26.127496014053712,江戸川
江戸川区|北小岩5丁目,167465.03171564316,3,26.12702137168366,江戸川
江戸川区|北小岩5丁目,167465.03171564316,3,26.13370057471881,江戸川
江戸川区|北小岩5丁目,167465.03171564316,3,156.7894994121478,江戸川
江戸川区|北小岩6丁目,255236.287043951,2,175994.59807565526,江戸川
江戸川区|北小岩6丁目,255236.287043951,2,183.8011195690116,江戸川
江戸川区|北小岩6丁目,255236.287043951,2,26.132857634070703,江戸川
江戸川区|北小岩6丁目,255236.287043951,2,1985.902946942547,江戸川
江戸川区|北小岩6丁目,255236.287043951,2,1254.232240890351,江戸川
江戸川区|北小岩6丁目,255236.287043951,2,1280.414489013726,江戸川
江戸川区|北小岩6丁目,255236.287043951,2,627.1594827223746,江戸川
江戸川区|北小岩6丁目,255236.287043951,2,209.05003769907182,江戸川
江戸川区|北小岩6丁目,255236.287043951,2,313.5736413979625,江戸川
江戸川区|北小岩6丁目,255236.287043951,2,653.2637994061482,江戸川
江戸川区|北小岩6丁目,255236.287043951,2,1567.8176673172914,江戸川
江戸川区|北小岩6丁目,255236.287043951,2,836.1637571835039,江戸川
江戸川区|北小岩6丁目,255236.287043951,2,287.4350284369145,江戸川
江戸川区|北小岩6丁目,255236.287043951,2,339.6849718782049,江戸川
江戸川区|北小岩6丁目,255236.287043951,2,52.25289176889227,江戸川
江戸川区|北小岩6丁目,255236.287043951,2,182.92291141524402,江戸川
江戸川区|北小岩6丁目,255236.287043951,2,104.51792468081892,江戸川
江戸川区|北小岩6丁目,255236.287043951,2,26.13258328759458,江戸川
江戸川区|北小岩6丁目,255236.287043951,2,26.126446284832358,江戸川
江戸川区|北小岩6丁目,255236.287043951,2,26.132704250339096,江戸川
江戸川区|北小岩6丁目,255236.287043951,2,52.258774536897526,江戸川
江戸川区|北小岩6丁目,255236.287043951,2,78.39750850633186,江戸川
江戸川区|北小岩6丁目,255236.287043951,2,574.8888406740542,江戸川
江戸川区|北小岩6丁目,255236.287043951,2,156.7892969854135,江戸川
江戸川区|北小岩6丁目,255236.287043951,2,26.126365920500376,江戸川
江戸川区|北小岩6丁目,255236.287043951,3,66713.0530257749,江戸川
江戸川区|北小岩6丁目,255236.287043951,3,26.13303164947406,江戸川
江戸川区|北小岩6丁目,255236.287043951,3,862.3073064166575,江戸川
江戸川区|北小岩6丁目,255236.287043951,3,37.358730525105,江戸川
江戸川区|北小岩6丁目,255236.287043951,3,130.64497887917773,江戸川
江戸川区|北小岩6丁目,255236.287043951,3,156.78492555969154,江戸川
江戸川区|北小岩6丁目,255236.287043951,3,26.13287076399655,江戸川
江戸川区|北小岩6丁目,255236.287043951,3,78.39191574787239,江戸川
江戸川区|北小岩6丁目,255236.287043951,3,130.6523611481868,江戸川
江戸川区|北小岩6丁目,255236.287043951,3,52.26599201970281,江戸川
江戸川区|北小岩6丁目,255236.287043951,3,130.65271604703165,江戸川
江戸川区|北小岩6丁目,255236.287043951,3,26.132825361692298,江戸川
江戸川区|北小岩7丁目,322637.57866641413,1,26.132248941044796,江戸川
江戸川区|北小岩7丁目,322637.57866641413,1,52.264524857238804,江戸川
江戸川区|北小岩7丁目,322637.57866641413,1,52.264815161187734,江戸川
江戸川区|北小岩7丁目,322637.57866641413,1,26.126045302665858,江戸川
江戸川区|北小岩7丁目,322637.57866641413,1,26.13238404633416,江戸川
江戸川区|北小岩7丁目,322637.57866641413,1,26.126126282263616,江戸川
江戸川区|北小岩7丁目,322637.57866641413,1,104.51729048146069,江戸川
江戸川区|北小岩7丁目,322637.57866641413,1,26.132505466221357,江戸川
江戸川区|北小岩7丁目,322637.57866641413,1,26.126247726713572,江戸川
江戸川区|北小岩7丁目,322637.57866641413,1,26.13253254851338,江戸川
江戸川区|北小岩7丁目,322637.57866641413,1,26.132573010936934,江戸川
江戸川区|北小岩7丁目,322637.57866641413,2,50598.23443663101,江戸川
江戸川区|北小岩7丁目,322637.57866641413,2,470.34683860649585,江戸川
江戸川区|北小岩7丁目,322637.57866641413,2,627.1461771305532,江戸川
江戸川区|北小岩7丁目,322637.57866641413,2,26.132570417911786,江戸川
江戸川区|北小岩7丁目,322637.57866641413,2,235.19287520963783,江戸川
江戸川区|北小岩7丁目,322637.57866641413,2,261.2995530422978,江戸川
江戸川区|北小岩7丁目,322637.57866641413,2,21.28725547806639,江戸川
江戸川区|北小岩7丁目,322637.57866641413,2,1541.6689595768057,江戸川
江戸川区|北小岩7丁目,322637.57866641413,2,78.39208643320633,江戸川
江戸川区|北小岩7丁目,322637.57866641413,2,26.132947179821315,江戸川
江戸川区|北小岩7丁目,322637.57866641413,2,104.51588726783672,江戸川
江戸川区|北小岩7丁目,322637.57866641413,2,287.44329197260305,江戸川
江戸川区|北小岩7丁目,322637.57866641413,2,26.126487758206686,江戸川
江戸川区|北小岩7丁目,322637.57866641413,2,470.3554500749112,江戸川
江戸川区|北小岩7丁目,322637.57866641413,2,182.9191077491889,江戸川
江戸川区|北小岩7丁目,322637.57866641413,2,10452.169341809462,江戸川
江戸川区|北小岩7丁目,322637.57866641413,2,104.52495375865381,江戸川
江戸川区|北小岩7丁目,322637.57866641413,2,52.25974420803383,江戸川
江戸川区|北小岩7丁目,322637.57866641413,2,26.132772792107048,江戸川
江戸川区|北小岩7丁目,322637.57866641413,2,1358.8182525535594,江戸川
江戸川区|北小岩7丁目,322637.57866641413,2,235.1750817394474,江戸川
江戸川区|北小岩7丁目,322637.57866641413,2,235.17731936561086,江戸川
江戸川区|北小岩7丁目,322637.57866641413,2,78.38623292574638,江戸川
江戸川区|北小岩7丁目,322637.57866641413,2,235.1755937798333,江戸川
江戸川区|北小岩7丁目,322637.57866641413,2,156.7919541531457,江戸川
江戸川区|北小岩7丁目,322637.57866641413,2,209.0438972373971,江戸川
江戸川区|北小岩7丁目,322637.57866641413,2,104.5191144417823,江戸川
江戸川区|北小岩7丁目,322637.57866641413,2,52.2586712306952,江戸川
江戸川区|北小岩7丁目,322637.57866641413,2,52.25972215624527,江戸川
江戸川区|北小岩7丁目,322637.57866641413,2,26.13321710406504,江戸川
江戸川区|北小岩7丁目,322637.57866641413,2,287.4350170805237,江戸川
江戸川区|北小岩7丁目,322637.57866641413,2,418.0925591455213,江戸川
江戸川区|北小岩7丁目,322637.57866641413,2,52.26623753174656,江戸川
江戸川区|北小岩7丁目,322637.57866641413,2,78.39394504757789,江戸川
江戸川区|北小岩7丁目,322637.57866641413,2,522.6065770387399,江戸川
江戸川区|北小岩7丁目,322637.57866641413,2,261.30883667877293,江戸川
江戸川区|北小岩7丁目,322637.57866641413,2,705.5311654013753,江戸川
江戸川区|北小岩7丁目,322637.57866641413,2,7.738974117676054,江戸川
江戸川区|北小岩7丁目,322637.57866641413,2,235.18447905730417,江戸川
江戸川区|北小岩7丁目,322637.57866641413,2,261.3012583436901,江戸川
江戸川区|北小岩7丁目,322637.57866641413,2,52.2537866906015,江戸川
江戸川区|北小岩7丁目,322637.57866641413,3,125640.93888069446,江戸川
江戸川区|北小岩7丁目,322637.57866641413,3,1411.0912258472606,江戸川
江戸川区|北小岩7丁目,322637.57866641413,3,104.52807192557808,江戸川
江戸川区|北小岩7丁目,322637.57866641413,3,325.8221082223065,江戸川
江戸川区|北小岩7丁目,322637.57866641413,3,261.31588706658016,江戸川
江戸川区|北小岩7丁目,322637.57866641413,3,130.65280120668183,江戸川
江戸川区|北小岩7丁目,322637.57866641413,3,104.53289385538321,江戸川
江戸川区|北小岩7丁目,322637.57866641413,3,156.78702844040757,江戸川
江戸川区|北小岩7丁目,322637.57866641413,3,26.126125957892008,江戸川
江戸川区|北小岩8丁目,352975.5436536523,1,52.25587940293153,江戸川
江戸川区|北小岩8丁目,352975.5436536523,1,78.39489484078966,江戸川
江戸川区|北小岩8丁目,352975.5436536523,1,52.25689321612077,江戸川
江戸川区|北小岩8丁目,352975.5436536523,1,26.13160235128261,江戸川
江戸川区|北小岩8丁目,352975.5436536523,1,52.25071638221489,江戸川
江戸川区|北小岩8丁目,352975.5436536523,1,26.13164275907176,江戸川
江戸川区|北小岩8丁目,352975.5436536523,1,52.26331253470443,江戸川
江戸川区|北小岩8丁目,352975.5436536523,1,26.13169666881594,江戸川
江戸川区|北小岩8丁目,352975.5436536523,1,52.263932032051,江戸川
江戸川区|北小岩8丁目,352975.5436536523,1,33.24946690557022,江戸川
江戸川区|北小岩8丁目,352975.5436536523,1,26.131077205834075,江戸川
江戸川区|北小岩8丁目,352975.5436536523,2,26180.076032365127,江戸川
江戸川区|北小岩8丁目,352975.5436536523,2,470.3283168241938,江戸川
江戸川区|北小岩8丁目,352975.5436536523,2,104.51226984920622,江戸川
江戸川区|北小岩8丁目,352975.5436536523,2,20803.967828983732,江戸川
江戸川区|北小岩8丁目,352975.5436536523,2,52.26319954367069,江戸川
江戸川区|北小岩8丁目,352975.5436536523,2,2665.2226081075773,江戸川
江戸川区|北小岩8丁目,352975.5436536523,2,307.5984349373197,江戸川
江戸川区|北小岩8丁目,352975.5436536523,2,470.34587128388387,江戸川
江戸川区|北小岩8丁目,352975.5436536523,2,26.131841840956945,江戸川
江戸川区|北小岩8丁目,352975.5436536523,2,26.125557466024095,江戸川
江戸川区|北小岩8丁目,352975.5436536523,2,235.16207167178484,江戸川
江戸川区|北小岩8丁目,352975.5436536523,2,310.11635404955877,江戸川
江戸川区|北小岩8丁目,352975.5436536523,2,261.28973700005247,江戸川
江戸川区|北小岩8丁目,352975.5436536523,2,26.131822881802712,江戸川
江戸川区|北小岩8丁目,352975.5436536523,2,130.64605858271426,江戸川
江戸川区|北小岩8丁目,352975.5436536523,2,52.25143798346801,江戸川
江戸川区|北小岩8丁目,352975.5436536523,2,235.1672517317753,江戸川
江戸川区|北小岩8丁目,352975.5436536523,2,104.51436469055365,江戸川
江戸川区|北小岩8丁目,352975.5436536523,2,1123.565258669452,江戸川
江戸川区|北小岩8丁目,352975.5436536523,2,104.51378023287629,江戸川
江戸川区|北小岩8丁目,352975.5436536523,2,78.3827781033699,江戸川
江戸川区|北小岩8丁目,352975.5436536523,2,52.2571741592639,江戸川
江戸川区|北小岩8丁目,352975.5436536523,2,156.77063907495304,江戸川
江戸川区|北小岩8丁目,352975.5436536523,2,339.6984880692833,江戸川
江戸川区|北小岩8丁目,352975.5436536523,2,26.125284087098027,江戸川
江戸川区|北小岩8丁目,352975.5436536523,2,261.29218854120666,江戸川
江戸川区|北小岩8丁目,352975.5436536523,2,78.394093061143,江戸川
江戸川区|北小岩8丁目,352975.5436536523,2,496.45402712377455,江戸川
江戸川区|北小岩8丁目,352975.5436536523,2,627.1073835078288,江戸川
江戸川区|北小岩8丁目,352975.5436536523,2,1384.8650318573589,江戸川
江戸川区|北小岩8丁目,352975.5436536523,2,235.1676908111892,江戸川
江戸川区|北小岩8丁目,352975.5436536523,2,26.131965964314276,江戸川
江戸川区|北小岩8丁目,352975.5436536523,2,52.263958928353354,江戸川
江戸川区|北小岩8丁目,352975.5436536523,2,52.257728172942976,江戸川
江戸川区|北小岩8丁目,352975.5436536523,2,396.77562734492705,江戸川
江戸川区|北小岩8丁目,352975.5436536523,2,156.76778002113525,江戸川
江戸川区|北小岩8丁目,352975.5436536523,3,136755.32017505585,江戸川
江戸川区|北小岩8丁目,352975.5436536523,3,52.26240382724024,江戸川
江戸川区|北小岩8丁目,352975.5436536523,3,0.5548184692567015,江戸川
江戸川区|北小岩8丁目,352975.5436536523,3,52.26344128753527,江戸川
江戸川区|北小岩8丁目,352975.5436536523,3,182.91647404554982,江戸川
江戸川区|北小岩8丁目,352975.5436536523,3,78.37675998536669,江戸川
江戸川区|北小岩8丁目,352975.5436536523,3,182.90931554099578,江戸川
江戸川区|北小岩8丁目,352975.5436536523,3,391.9456082179883,江戸川
江戸川区|北小岩8丁目,352975.5436536523,3,182.91416930339815,江戸川
江戸川区|北小岩8丁目,352975.5436536523,3,26.131130851793312,江戸川
江戸川区|北小岩8丁目,352975.5436536523,3,52.25624611104031,江戸川
江戸川区|北小岩8丁目,352975.5436536523,3,52.26276655948545,江戸川
江戸川区|北小岩8丁目,352975.5436536523,4,52.257080756552185,江戸川
江戸川区|北小岩8丁目,352975.5436536523,4,444.2028329850252,江戸川
江戸川区|北小岩8丁目,352975.5436536523,4,26.131884214999808,江戸川
江戸川区|北小岩8丁目,352975.5436536523,4,548.7277081229416,江戸川
江戸川区|北小岩8丁目,352975.5436536523,4,5121.451033732679,江戸川
江戸川区|北小岩8丁目,352975.5436536523,4,78.389752504229,江戸川
江戸川区|北小岩8丁目,352975.5436536523,4,287.4396705366889,江戸川
江戸川区|鹿骨町,6623.53338875408,2,52.19872550642551,江戸川
江戸川区|鹿骨町,6623.53338875408,2,1124.0051274401194,江戸川
江戸川区|鹿骨町,6623.53338875408,2,104.56624092080935,江戸川
江戸川区|鹿骨町,6623.53338875408,2,418.2297448898834,江戸川
江戸川区|鹿骨町,6623.53338875408,3,4924.533549996829,江戸川
江戸川区|鹿骨1丁目,382022.01559125993,1,52.28939615177648,江戸川
江戸川区|鹿骨1丁目,382022.01559125993,1,156.85607641125767,江戸川
江戸川区|鹿骨1丁目,382022.01559125993,1,6.458976011445802,江戸川
江戸川区|鹿骨1丁目,382022.01559125993,1,78.42460523254178,江戸川
江戸川区|鹿骨1丁目,382022.01559125993,1,26.1436884073256,江戸川
江戸川区|鹿骨1丁目,382022.01559125993,1,26.137835492428344,江戸川
江戸川区|鹿骨1丁目,382022.01559125993,1,78.42524205235931,江戸川
江戸川区|鹿骨1丁目,382022.01559125993,1,52.28771251259049,江戸川
江戸川区|鹿骨1丁目,382022.01559125993,1,26.137771240171826,江戸川
江戸川区|鹿骨1丁目,382022.01559125993,1,52.281707232907905,江戸川
江戸川区|鹿骨1丁目,382022.01559125993,1,52.288405235724795,江戸川
江戸川区|鹿骨1丁目,382022.01559125993,1,26.13780387266425,江戸川
江戸川区|鹿骨1丁目,382022.01559125993,1,26.144185328032155,江戸川
江戸川区|鹿骨1丁目,382022.01559125993,1,52.28237850959602,江戸川
江戸川区|鹿骨1丁目,382022.01559125993,2,85432.84251743497,江戸川
江戸川区|鹿骨1丁目,382022.01559125993,2,123.42048487718425,江戸川
江戸川区|鹿骨1丁目,382022.01559125993,2,26.14461591123921,江戸川
江戸川区|鹿骨1丁目,382022.01559125993,2,444.42637562310824,江戸川
江戸川区|鹿骨1丁目,382022.01559125993,2,156.8516198370098,江戸川
江戸川区|鹿骨1丁目,382022.01559125993,2,52.289715698483775,江戸川
江戸川区|鹿骨1丁目,382022.01559125993,2,52.27767151354665,江戸川
江戸川区|鹿骨1丁目,382022.01559125993,2,3450.7947743439267,江戸川
江戸川区|鹿骨1丁目,382022.01559125993,2,1699.2387655833438,江戸川
江戸川区|鹿骨1丁目,382022.01559125993,2,9097.567437515827,江戸川
江戸川区|鹿骨1丁目,382022.01559125993,2,339.86143554484244,江戸川
江戸川区|鹿骨1丁目,382022.01559125993,2,810.4378616327873,江戸川
江戸川区|鹿骨1丁目,382022.01559125993,2,337.1757603933725,江戸川
江戸川区|鹿骨1丁目,382022.01559125993,2,14819.89904975541,江戸川
江戸川区|鹿骨1丁目,382022.01559125993,2,313.6994222879155,江戸川
江戸川区|鹿骨1丁目,382022.01559125993,2,287.5645337130716,江戸川
江戸川区|鹿骨1丁目,382022.01559125993,2,339.84530761058124,江戸川
江戸川区|鹿骨1丁目,382022.01559125993,2,2954.017597977568,江戸川
江戸川区|鹿骨1丁目,382022.01559125993,2,1280.9711097300476,江戸川
江戸川区|鹿骨1丁目,382022.01559125993,2,575.1396170745418,江戸川
江戸川区|鹿骨1丁目,382022.01559125993,2,627.4168962965383,江戸川
江戸川区|鹿骨1丁目,382022.01559125993,2,1411.6928719583264,江戸川
江戸川区|鹿骨1丁目,382022.01559125993,2,26.144212561424983,江戸川
江戸川区|鹿骨1丁目,382022.01559125993,2,209.12682745646956,江戸川
江戸川区|鹿骨1丁目,382022.01559125993,2,11999.227544236748,江戸川
江戸川区|鹿骨1丁目,382022.01559125993,2,26.137610834668827,江戸川
江戸川区|鹿骨1丁目,382022.01559125993,2,104.57595941077685,江戸川
江戸川区|鹿骨1丁目,382022.01559125993,2,235.28792220590105,江戸川
江戸川区|鹿骨1丁目,382022.01559125993,2,2614.239362945401,江戸川
江戸川区|鹿骨1丁目,382022.01559125993,2,2326.658918059521,江戸川
江戸川区|鹿骨1丁目,382022.01559125993,2,130.70802192984988,江戸川
江戸川区|鹿骨1丁目,382022.01559125993,2,26.13768432125797,江戸川
江戸川区|鹿骨1丁目,382022.01559125993,2,78.42656761383414,江戸川
江戸川区|鹿骨1丁目,382022.01559125993,2,52.27633513249112,江戸川
江戸川区|鹿骨1丁目,382022.01559125993,2,78.4258832888989,江戸川
江戸川区|鹿骨1丁目,382022.01559125993,2,261.4099545177424,江戸川
江戸川区|鹿骨1丁目,382022.01559125993,2,130.72151879965253,江戸川
江戸川区|鹿骨1丁目,382022.01559125993,2,3921.3264667307267,江戸川
江戸川区|鹿骨1丁目,382022.01559125993,2,261.4307885997433,江戸川
江戸川区|鹿骨1丁目,382022.01559125993,2,3816.7226847086104,江戸川
江戸川区|鹿骨1丁目,382022.01559125993,2,10107.258893892009,江戸川
江戸川区|鹿骨1丁目,382022.01559125993,2,156.83680647987802,江戸川
江戸川区|鹿骨1丁目,382022.01559125993,2,26.144187391001893,江戸川
江戸川区|鹿骨1丁目,382022.01559125993,2,1960.623152072044,江戸川
江戸川区|鹿骨1丁目,382022.01559125993,2,6561.67853610103,江戸川
江戸川区|鹿骨1丁目,382022.01559125993,2,156.85394564776448,江戸川
江戸川区|鹿骨1丁目,382022.01559125993,2,26.143771471619125,江戸川
江戸川区|鹿骨1丁目,382022.01559125993,2,1463.9541406883084,江戸川
江戸川区|鹿骨1丁目,382022.01559125993,2,993.419656312153,江戸川
江戸川区|鹿骨1丁目,382022.01559125993,2,26.144469916813325,江戸川
江戸川区|鹿骨1丁目,382022.01559125993,2,287.56710683284774,江戸川
江戸川区|鹿骨1丁目,382022.01559125993,2,182.9898952746098,江戸川
江戸川区|鹿骨1丁目,382022.01559125993,2,548.9724062588433,江戸川
江戸川区|鹿骨1丁目,382022.01559125993,2,5097.68338532989,江戸川
江戸川区|鹿骨1丁目,382022.01559125993,2,888.8120181735057,江戸川
江戸川区|鹿骨1丁目,382022.01559125993,2,313.7184933085264,江戸川
江戸川区|鹿骨1丁目,382022.01559125993,2,156.85282554466016,江戸川
江戸川区|鹿骨1丁目,382022.01559125993,2,1307.0977529856598,江戸川
江戸川区|鹿骨1丁目,382022.01559125993,2,261.4239414110056,江戸川
江戸川区|鹿骨1丁目,382022.01559125993,2,2300.538691593441,江戸川
江戸川区|鹿骨1丁目,382022.01559125993,2,130.7130675217371,江戸川
江戸川区|鹿骨1丁目,382022.01559125993,2,30.8010548473997,江戸川
江戸川区|鹿骨1丁目,382022.01559125993,2,156.8441792380949,江戸川
江戸川区|鹿骨1丁目,382022.01559125993,2,2352.785322981146,江戸川
江戸川区|鹿骨1丁目,382022.01559125993,2,914.9910498095227,江戸川
江戸川区|鹿骨1丁目,382022.01559125993,3,1307.1049193259255,江戸川
江戸川区|鹿骨1丁目,382022.01559125993,3,1045.7130017341378,江戸川
江戸川区|鹿骨1丁目,382022.01559125993,3,7447.540180814436,江戸川
江戸川区|鹿骨1丁目,382022.01559125993,3,147054.85711625815,江戸川
江戸川区|鹿骨1丁目,382022.01559125993,3,235.27810479887322,江戸川
江戸川区|鹿骨1丁目,382022.01559125993,3,26.144838388059085,江戸川
江戸川区|鹿骨1丁目,382022.01559125993,3,366.0015121695379,江戸川
江戸川区|鹿骨1丁目,382022.01559125993,3,183.0021146453873,江戸川
江戸川区|鹿骨1丁目,382022.01559125993,3,26.144777471509972,江戸川
江戸川区|鹿骨1丁目,382022.01559125993,3,26.144992232666716,江戸川
江戸川区|鹿骨1丁目,382022.01559125993,3,26.145019166519,江戸川
江戸川区|鹿骨1丁目,382022.01559125993,3,575.1555667625315,江戸川
江戸川区|鹿骨1丁目,382022.01559125993,3,26.14501941445298,江戸川
江戸川区|鹿骨1丁目,382022.01559125993,3,18.492724587249526,江戸川
江戸川区|鹿骨1丁目,382022.01559125993,3,78.42793869890768,江戸川
江戸川区|鹿骨1丁目,382022.01559125993,3,235.28685967186232,江戸川
江戸川区|鹿骨1丁目,382022.01559125993,3,10.141583457024977,江戸川
江戸川区|鹿骨1丁目,382022.01559125993,3,257.0486823810614,江戸川
江戸川区|鹿骨1丁目,382022.01559125993,3,156.85785413818348,江戸川
江戸川区|鹿骨1丁目,382022.01559125993,3,78.43434930952377,江戸川
江戸川区|鹿骨1丁目,382022.01559125993,3,52.2833500898212,江戸川
江戸川区|鹿骨1丁目,382022.01559125993,3,52.28949014982434,江戸川
江戸川区|鹿骨1丁目,382022.01559125993,3,78.42798229067583,江戸川
江戸川区|鹿骨1丁目,382022.01559125993,3,52.28383410202096,江戸川
江戸川区|鹿骨1丁目,382022.01559125993,3,26.14511461480916,江戸川
江戸川区|鹿骨1丁目,382022.01559125993,3,679.7095724484228,江戸川
江戸川区|鹿骨1丁目,382022.01559125993,3,209.14755200207574,江戸川
江戸川区|鹿骨1丁目,382022.01559125993,3,6.240834152476448,江戸川
江戸川区|鹿骨1丁目,382022.01559125993,3,14.328988520407833,江戸川
江戸川区|鹿骨1丁目,382022.01559125993,3,26.137401238875213,江戸川
江戸川区|鹿骨1丁目,382022.01559125993,3,26.143898017583204,江戸川
江戸川区|鹿骨1丁目,382022.01559125993,3,182.98016525556966,江戸川
江戸川区|鹿骨1丁目,382022.01559125993,3,2378.889458458891,江戸川
江戸川区|鹿骨1丁目,382022.01559125993,3,26.138046171039402,江戸川
江戸川区|鹿骨1丁目,382022.01559125993,3,78.42640855045025,江戸川
江戸川区|鹿骨1丁目,382022.01559125993,3,52.28240414765138,江戸川
江戸川区|鹿骨1丁目,382022.01559125993,3,26.137926967148175,江戸川
江戸川区|鹿骨1丁目,382022.01559125993,3,26.144376386820962,江戸川
江戸川区|鹿骨1丁目,382022.01559125993,3,26.143933543063856,江戸川
江戸川区|鹿骨1丁目,382022.01559125993,3,26.137404618818046,江戸川
江戸川区|鹿骨1丁目,382022.01559125993,3,26.138089113235782,江戸川
江戸川区|鹿骨1丁目,382022.01559125993,3,26.143947290676103,江戸川
江戸川区|鹿骨1丁目,382022.01559125993,3,26.144135473048625,江戸川
江戸川区|鹿骨1丁目,382022.01559125993,3,26.143692477682553,江戸川
江戸川区|鹿骨1丁目,382022.01559125993,3,22.890959685340615,江戸川
江戸川区|鹿骨1丁目,382022.01559125993,3,104.5626733851701,江戸川
江戸川区|鹿骨1丁目,382022.01559125993,3,348.2213996525258,江戸川
江戸川区|鹿骨1丁目,382022.01559125993,3,26.137647266224008,江戸川
江戸川区|鹿骨1丁目,382022.01559125993,3,16.231580017501724,江戸川
江戸川区|鹿骨2丁目,232645.19082770846,2,123175.80778893479,江戸川
江戸川区|鹿骨2丁目,232645.19082770846,2,601.2797867876384,江戸川
江戸川区|鹿骨2丁目,232645.19082770846,2,130.72431757212797,江戸川
江戸川区|鹿骨2丁目,232645.19082770846,2,575.1390389483212,江戸川
江戸川区|鹿骨2丁目,232645.19082770846,2,1908.4144477524053,江戸川
江戸川区|鹿骨2丁目,232645.19082770846,2,183.00376535707926,江戸川
江戸川区|鹿骨2丁目,232645.19082770846,2,2666.569010504464,江戸川
江戸川区|鹿骨2丁目,232645.19082770846,2,1594.7066821228386,江戸川
江戸川区|鹿骨2丁目,232645.19082770846,2,2562.044323925725,江戸川
江戸川区|鹿骨2丁目,232645.19082770846,2,3788.339151065819,江戸川
江戸川区|鹿骨2丁目,232645.19082770846,2,18.731262768380986,江戸川
江戸川区|鹿骨2丁目,232645.19082770846,2,52.28948839714046,江戸川
江戸川区|鹿骨2丁目,232645.19082770846,2,26.13829303964228,江戸川
江戸川区|鹿骨2丁目,232645.19082770846,2,130.70397408598822,江戸川
江戸川区|鹿骨2丁目,232645.19082770846,2,2222.184169402921,江戸川
江戸川区|鹿骨2丁目,232645.19082770846,2,156.8546955428898,江戸川
江戸川区|鹿骨2丁目,232645.19082770846,2,52.284404403437,江戸川
江戸川区|鹿骨2丁目,232645.19082770846,2,2117.6240007123847,江戸川
江戸川区|鹿骨2丁目,232645.19082770846,2,392.1687308007418,江戸川
江戸川区|鹿骨2丁目,232645.19082770846,2,78.43701869851483,江戸川
江戸川区|鹿骨2丁目,232645.19082770846,2,2405.172605250217,江戸川
江戸川区|鹿骨2丁目,232645.19082770846,2,26.145762596068977,江戸川
江戸川区|鹿骨2丁目,232645.19082770846,2,3423.7454338371,江戸川
江戸川区|鹿骨2丁目,232645.19082770846,2,52.291498560367266,江戸川
江戸川区|鹿骨2丁目,232645.19082770846,2,26.145669018588933,江戸川
江戸川区|鹿骨2丁目,232645.19082770846,2,0.08197392286417733,江戸川
江戸川区|鹿骨2丁目,232645.19082770846,2,2640.4926941876806,江戸川
江戸川区|鹿骨2丁目,232645.19082770846,2,0.000697057202596721,江戸川
江戸川区|鹿骨2丁目,232645.19082770846,2,392.13400925087745,江戸川
江戸川区|鹿骨2丁目,232645.19082770846,2,26.14446016664789,江戸川
江戸川区|鹿骨2丁目,232645.19082770846,2,104.56544817743064,江戸川
江戸川区|鹿骨2丁目,232645.19082770846,2,209.13708853684707,江戸川
江戸川区|鹿骨2丁目,232645.19082770846,3,62915.335737420966,江戸川
江戸川区|鹿骨2丁目,232645.19082770846,3,26.14470109335722,江戸川
江戸川区|鹿骨2丁目,232645.19082770846,3,104.58108645813864,江戸川
江戸川区|鹿骨2丁目,232645.19082770846,3,26.138453717195603,江戸川
江戸川区|鹿骨2丁目,232645.19082770846,3,78.42943998821015,江戸川
江戸川区|鹿骨2丁目,232645.19082770846,3,9845.050898152782,江戸川
江戸川区|鹿骨2丁目,232645.19082770846,3,26.145023572782165,江戸川
江戸川区|鹿骨2丁目,232645.19082770846,3,26.14499680383353,江戸川
江戸川区|鹿骨2丁目,232645.19082770846,3,365.986320025259,江戸川
江戸川区|鹿骨2丁目,232645.19082770846,3,104.57883351249129,江戸川
江戸川区|鹿骨2丁目,232645.19082770846,3,26.138575179262233,江戸川
江戸川区|鹿骨2丁目,232645.19082770846,3,339.85872508205796,江戸川
江戸川区|鹿骨2丁目,232645.19082770846,3,26.14498375158786,江戸川
江戸川区|鹿骨2丁目,232645.19082770846,3,52.290544750327605,江戸川
江戸川区|鹿骨2丁目,232645.19082770846,3,26.13877663460366,江戸川
江戸川区|鹿骨2丁目,232645.19082770846,3,26.144997542358144,江戸川
江戸川区|鹿骨2丁目,232645.19082770846,3,9.9123548649036,江戸川
江戸川区|鹿骨2丁目,232645.19082770846,3,26.143948470402083,江戸川
江戸川区|鹿骨2丁目,232645.19082770846,3,78.42565203641458,江戸川
江戸川区|鹿骨2丁目,232645.19082770846,3,104.56348779232584,江戸川
江戸川区|鹿骨2丁目,232645.19082770846,3,130.70942809929593,江戸川
江戸川区|鹿骨2丁目,232645.19082770846,3,5672.794639020455,江戸川
江戸川区|鹿骨2丁目,232645.19082770846,3,23.817953181942908,江戸川
江戸川区|鹿骨2丁目,232645.19082770846,3,78.42654023271217,江戸川
江戸川区|鹿骨2丁目,232645.19082770846,3,78.42666117564076,江戸川
江戸川区|鹿骨2丁目,232645.19082770846,3,104.56392196123844,江戸川
江戸川区|鹿骨2丁目,232645.19082770846,3,582.6524558031958,江戸川
江戸川区|鹿骨3丁目,120549.35591146661,2,22288.004685637006,江戸川
江戸川区|鹿骨3丁目,120549.35591146661,2,365.9577963472833,江戸川
江戸川区|鹿骨3丁目,120549.35591146661,2,575.0915726455369,江戸川
江戸川区|鹿骨3丁目,120549.35591146661,2,26.14220227774785,江戸川
江戸川区|鹿骨3丁目,120549.35591146661,2,182.98464909931306,江戸川
江戸川区|鹿骨3丁目,120549.35591146661,2,52.2857074022544,江戸川
江戸川区|鹿骨3丁目,120549.35591146661,2,156.83210814400758,江戸川
江戸川区|鹿骨3丁目,120549.35591146661,2,209.1309676971818,江戸川
江戸川区|鹿骨3丁目,120549.35591146661,2,2012.8627193860798,江戸川
江戸川区|鹿骨3丁目,120549.35591146661,2,104.56021115712973,江戸川
江戸川区|鹿骨3丁目,120549.35591146661,2,3163.0912340009613,江戸川
江戸川区|鹿骨3丁目,120549.35591146661,2,26.143291415817664,江戸川
江戸川区|鹿骨3丁目,120549.35591146661,2,26.143586776722202,江戸川
江戸川区|鹿骨3丁目,120549.35591146661,2,2.4266561975863743,江戸川
江戸川区|鹿骨3丁目,120549.35591146661,2,52.28346517765094,江戸川
江戸川区|鹿骨3丁目,120549.35591146661,3,90692.78549280872,江戸川
江戸川区|鹿骨3丁目,120549.35591146661,3,13.44070614511305,江戸川
江戸川区|鹿骨3丁目,120549.35591146661,3,260.05526779102723,江戸川
江戸川区|鹿骨3丁目,120549.35591146661,3,49.25121299236498,江戸川
江戸川区|鹿骨3丁目,120549.35591146661,3,211.45751637193965,江戸川
江戸川区|鹿骨3丁目,120549.35591146661,3,26.137527451286026,江戸川
江戸川区|鹿骨3丁目,120549.35591146661,3,52.28733454383805,江戸川
江戸川区|鹿骨4丁目,186004.01440365467,2,5861.60009735928,江戸川
江戸川区|鹿骨4丁目,186004.01440365467,2,3.1756648748295273,江戸川
江戸川区|鹿骨4丁目,186004.01440365467,2,0.004520855786687685,江戸川
江戸川区|鹿骨4丁目,186004.01440365467,2,2091.176275532534,江戸川
江戸川区|鹿骨4丁目,186004.01440365467,2,1751.3834810900858,江戸川
江戸川区|鹿骨4丁目,186004.01440365467,2,1447.863110294379,江戸川
江戸川区|鹿骨4丁目,186004.01440365467,2,2457.1712638730382,江戸川
江戸川区|鹿骨4丁目,186004.01440365467,2,26.142455648765832,江戸川
江戸川区|鹿骨4丁目,186004.01440365467,2,26.142375225098988,江戸川
江戸川区|鹿骨4丁目,186004.01440365467,2,339.8204901685511,江戸川
江戸川区|鹿骨4丁目,186004.01440365467,2,78.42202008389607,江戸川
江戸川区|鹿骨4丁目,186004.01440365467,2,941.0774047041937,江戸川
江戸川区|鹿骨4丁目,186004.01440365467,2,731.9272690904055,江戸川
江戸川区|鹿骨4丁目,186004.01440365467,2,52.285153520208375,江戸川
江戸川区|鹿骨4丁目,186004.01440365467,2,365.9626699150217,江戸川
江戸川区|鹿骨4丁目,186004.01440365467,2,26.14306012539894,江戸川
江戸川区|鹿骨4丁目,186004.01440365467,2,522.8247155128024,江戸川
江戸川区|鹿骨4丁目,186004.01440365467,2,444.3781110506123,江戸川
江戸川区|鹿骨4丁目,186004.01440365467,2,78.4266163193741,江戸川
江戸川区|鹿骨4丁目,186004.01440365467,2,156.84979985988832,江戸川
江戸川区|鹿骨4丁目,186004.01440365467,2,261.4026829384033,江戸川
江戸川区|鹿骨4丁目,186004.01440365467,2,1071.7826743877708,江戸川
江戸川区|鹿骨4丁目,186004.01440365467,2,3476.802472652795,江戸川
江戸川区|鹿骨4丁目,186004.01440365467,2,182.98582906073005,江戸川
江戸川区|鹿骨4丁目,186004.01440365467,2,78.42879160108554,江戸川
江戸川区|鹿骨4丁目,186004.01440365467,2,182.9773787740536,江戸川
江戸川区|鹿骨4丁目,186004.01440365467,2,52.277470761678416,江戸川
江戸川区|鹿骨4丁目,186004.01440365467,2,52.27134499793357,江戸川
江戸川区|鹿骨4丁目,186004.01440365467,2,1254.739156572251,江戸川
江戸川区|鹿骨4丁目,186004.01440365467,2,287.53692215926253,江戸川
江戸川区|鹿骨4丁目,186004.01440365467,2,810.350650246332,江戸川
江戸川区|鹿骨4丁目,186004.01440365467,2,235.2685089654326,江戸川
江戸川区|鹿骨4丁目,186004.01440365467,2,130.7132491300142,江戸川
江戸川区|鹿骨4丁目,186004.01440365467,2,26.14314119478118,江戸川
江戸川区|鹿骨4丁目,186004.01440365467,2,836.4647205178135,江戸川
江戸川区|鹿骨4丁目,186004.01440365467,2,26.142040247046157,江戸川
江戸川区|鹿骨4丁目,186004.01440365467,2,209.12405749299975,江戸川
江戸川区|鹿骨4丁目,186004.01440365467,2,2143.54531321239,江戸川
江戸川区|鹿骨4丁目,186004.01440365467,2,2614.1074951608725,江戸川
江戸川区|鹿骨4丁目,186004.01440365467,2,1437.7819125230938,江戸川
江戸川区|鹿骨4丁目,186004.01440365467,2,209.11742338189725,江戸川
江戸川区|鹿骨4丁目,186004.01440365467,2,130.71002879171823,江戸川
江戸川区|鹿骨4丁目,186004.01440365467,2,418.2380849930577,江戸川
江戸川区|鹿骨4丁目,186004.01440365467,2,235.25400483503762,江戸川
江戸川区|鹿骨4丁目,186004.01440365467,2,2483.420032575568,江戸川
江戸川区|鹿骨4丁目,186004.01440365467,2,156.86170971791634,江戸川
江戸川区|鹿骨4丁目,186004.01440365467,2,26.143450472742778,江戸川
江戸川区|鹿骨4丁目,186004.01440365467,2,104.5693177442901,江戸川
江戸川区|鹿骨4丁目,186004.01440365467,2,261.4000200120649,江戸川
江戸川区|鹿骨4丁目,186004.01440365467,2,26.14346392271361,江戸川
江戸川区|鹿骨4丁目,186004.01440365467,2,26.142974962314476,江戸川
江戸川区|鹿骨4丁目,186004.01440365467,2,52.279909986290974,江戸川
江戸川区|鹿骨4丁目,186004.01440365467,2,1746.833541425482,江戸川
江戸川区|鹿骨4丁目,186004.01440365467,2,731.940407731996,江戸川
江戸川区|鹿骨4丁目,186004.01440365467,2,26.142457206314667,江戸川
江戸川区|鹿骨4丁目,186004.01440365467,2,1307.0553587372106,江戸川
江戸川区|鹿骨4丁目,186004.01440365467,2,26.142645226667142,江戸川
江戸川区|鹿骨4丁目,186004.01440365467,2,235.26532156559028,江戸川
江戸川区|鹿骨4丁目,186004.01440365467,2,104.56164454988627,江戸川
江戸川区|鹿骨4丁目,186004.01440365467,2,52.28725316258652,江戸川
江戸川区|鹿骨4丁目,186004.01440365467,2,52.27703993096974,江戸川
江戸川区|鹿骨4丁目,186004.01440365467,2,26.135703780530296,江戸川
江戸川区|鹿骨4丁目,186004.01440365467,2,26.14169044912135,江戸川
江戸川区|鹿骨4丁目,186004.01440365467,2,1646.7934546746944,江戸川
江戸川区|鹿骨4丁目,186004.01440365467,3,142766.73347186655,江戸川
江戸川区|鹿骨4丁目,186004.01440365467,3,26.142496324081957,江戸川
江戸川区|鹿骨4丁目,186004.01440365467,3,26.14289973685571,江戸川
江戸川区|鹿骨4丁目,186004.01440365467,3,26.13659919477407,江戸川
江戸川区|鹿骨4丁目,186004.01440365467,3,26.14201377137559,江戸川
江戸川区|鹿骨4丁目,186004.01440365467,3,52.2802917711227,江戸川
江戸川区|鹿骨4丁目,186004.01440365467,3,3.2527329352017564,江戸川
江戸川区|鹿骨4丁目,186004.01440365467,3,122.33403640101169,江戸川
江戸川区|鹿骨4丁目,186004.01440365467,3,12.70259751717275,江戸川
江戸川区|鹿骨4丁目,186004.01440365467,3,27.496380297458543,江戸川
江戸川区|鹿骨4丁目,186004.01440365467,3,3.0298055392140277,江戸川
江戸川区|鹿骨4丁目,186004.01440365467,3,26.141770762340812,江戸川
江戸川区|鹿骨5丁目,224438.2175468017,2,8534.33722293294,江戸川
江戸川区|鹿骨5丁目,224438.2175468017,2,2.117096068907511,江戸川
江戸川区|鹿骨5丁目,224438.2175468017,2,2561.693101964891,江戸川
江戸川区|鹿骨5丁目,224438.2175468017,2,2483.589942297066,江戸川
江戸川区|鹿骨5丁目,224438.2175468017,2,235.27315859141257,江戸川
江戸川区|鹿骨5丁目,224438.2175468017,2,1280.8510323152057,江戸川
江戸川区|鹿骨5丁目,224438.2175468017,2,548.9526325507566,江戸川
江戸川区|鹿骨5丁目,224438.2175468017,2,182.98466971706426,江戸川
江戸川区|鹿骨5丁目,224438.2175468017,2,26.13635476443199,江戸川
江戸川区|鹿骨5丁目,224438.2175468017,2,1254.7324418085047,江戸川
江戸川区|鹿骨5丁目,224438.2175468017,2,26.142641975703057,江戸川
江戸川区|鹿骨5丁目,224438.2175468017,2,2300.3878553333807,江戸川
江戸川区|鹿骨5丁目,224438.2175468017,2,26.142569186169556,江戸川
江戸川区|鹿骨5丁目,224438.2175468017,2,1542.317471365225,江戸川
江戸川区|鹿骨5丁目,224438.2175468017,2,130.69895257817996,江戸川
江戸川区|鹿骨5丁目,224438.2175468017,2,209.12367597759047,江戸川
江戸川区|鹿骨5丁目,224438.2175468017,2,156.8342414628176,江戸川
江戸川区|鹿骨5丁目,224438.2175468017,2,104.56882315224979,江戸川
江戸川区|鹿骨5丁目,224438.2175468017,2,26.135798991800268,江戸川
江戸川区|鹿骨5丁目,224438.2175468017,2,156.84246789442787,江戸川
江戸川区|鹿骨5丁目,224438.2175468017,2,1490.0540083335336,江戸川
江戸川区|鹿骨5丁目,224438.2175468017,2,156.83935890419852,江戸川
江戸川区|鹿骨5丁目,224438.2175468017,2,575.0964755912406,江戸川
江戸川区|鹿骨5丁目,224438.2175468017,2,78.42730373679646,江戸川
江戸川区|鹿骨5丁目,224438.2175468017,2,2169.7101765426146,江戸川
江戸川区|鹿骨5丁目,224438.2175468017,2,2561.8276284061944,江戸川
江戸川区|鹿骨5丁目,224438.2175468017,2,679.6347686188561,江戸川
江戸川区|鹿骨5丁目,224438.2175468017,2,52.277891248369194,江戸川
江戸川区|鹿骨5丁目,224438.2175468017,2,52.285070185778345,江戸川
江戸川区|鹿骨5丁目,224438.2175468017,2,26.1428247640875,江戸川
江戸川区|鹿骨5丁目,224438.2175468017,2,26.142985889609086,江戸川
江戸川区|鹿骨5丁目,224438.2175468017,2,1385.4837352056438,江戸川
江戸川区|鹿骨5丁目,224438.2175468017,2,26.14257538246313,江戸川
江戸川区|鹿骨5丁目,224438.2175468017,2,26.142723072287293,江戸川
江戸川区|鹿骨5丁目,224438.2175468017,2,52.27799891905606,江戸川
江戸川区|鹿骨5丁目,224438.2175468017,2,365.9522224366006,江戸川
江戸川区|鹿骨5丁目,224438.2175468017,2,235.2626672831502,江戸川
江戸川区|鹿骨5丁目,224438.2175468017,2,104.55766861958253,江戸川
江戸川区|鹿骨5丁目,224438.2175468017,2,26.142011696804307,江戸川
江戸川区|鹿骨5丁目,224438.2175468017,2,653.5096701731783,江戸川
江戸川区|鹿骨5丁目,224438.2175468017,2,365.97097971633195,江戸川
江戸川区|鹿骨5丁目,224438.2175468017,2,26.142978418017776,江戸川
江戸川区|鹿骨5丁目,224438.2175468017,2,1045.6381433403435,江戸川
江戸川区|鹿骨5丁目,224438.2175468017,2,26.135791843295678,江戸川
江戸川区|鹿骨5丁目,224438.2175468017,2,627.3810737018987,江戸川
江戸川区|鹿骨5丁目,224438.2175468017,2,1673.0248812554746,江戸川
江戸川区|鹿骨5丁目,224438.2175468017,2,1359.3511110547283,江戸川
江戸川区|鹿骨5丁目,224438.2175468017,2,2453.968427442583,江戸川
江戸川区|鹿骨5丁目,224438.2175468017,2,26.136194623899392,江戸川
江戸川区|鹿骨5丁目,224438.2175468017,2,1516.1348163664547,江戸川
江戸川区|鹿骨5丁目,224438.2175468017,2,365.95849969245256,江戸川
江戸川区|鹿骨5丁目,224438.2175468017,2,130.70679389680535,江戸川
江戸川区|鹿骨5丁目,224438.2175468017,2,1542.3191908739298,江戸川
江戸川区|鹿骨5丁目,224438.2175468017,2,1646.8284717735974,江戸川
江戸川区|鹿骨5丁目,224438.2175468017,2,26.142374575061993,江戸川
江戸川区|鹿骨5丁目,224438.2175468017,2,26.142973084569135,江戸川
江戸川区|鹿骨5丁目,224438.2175468017,2,2195.8575622361186,江戸川
江戸川区|鹿骨5丁目,224438.2175468017,2,2065.0875413668928,江戸川
江戸川区|鹿骨5丁目,224438.2175468017,2,130.7005153049835,江戸川
江戸川区|鹿骨5丁目,224438.2175468017,2,209.13006327685312,江戸川
江戸川区|鹿骨5丁目,224438.2175468017,2,104.5705872935401,江戸川
江戸川区|鹿骨5丁目,224438.2175468017,2,1803.7298587417288,江戸川
江戸川区|鹿骨5丁目,224438.2175468017,2,26.1370408547388,江戸川
江戸川区|鹿骨5丁目,224438.2175468017,2,653.5344114486709,江戸川
江戸川区|鹿骨5丁目,224438.2175468017,2,3267.115232795374,江戸川
江戸川区|鹿骨5丁目,224438.2175468017,2,26.136517397540967,江戸川
江戸川区|鹿骨5丁目,224438.2175468017,2,26.14277777716203,江戸川
江戸川区|鹿骨5丁目,224438.2175468017,2,156.8455691066679,江戸川
江戸川区|鹿骨5丁目,224438.2175468017,2,26.136517497764682,江戸川
江戸川区|鹿骨5丁目,224438.2175468017,2,209.131447936508,江戸川
江戸川区|鹿骨5丁目,224438.2175468017,2,26.143328379803748,江戸川
江戸川区|鹿骨5丁目,224438.2175468017,2,209.1157817049359,江戸川
江戸川区|鹿骨5丁目,224438.2175468017,2,105.25240198983644,江戸川
江戸川区|鹿骨5丁目,224438.2175468017,2,2.8422228842516337,江戸川
江戸川区|鹿骨5丁目,224438.2175468017,2,7815.659385328795,江戸川
江戸川区|鹿骨5丁目,224438.2175468017,2,46.793837786255345,江戸川
江戸川区|鹿骨5丁目,224438.2175468017,2,3999.350375196806,江戸川
江戸川区|鹿骨5丁目,224438.2175468017,2,209.13108560097143,江戸川
江戸川区|鹿骨5丁目,224438.2175468017,2,26.13514651019525,江戸川
江戸川区|鹿骨5丁目,224438.2175468017,2,5018.793488387287,江戸川
江戸川区|鹿骨5丁目,224438.2175468017,2,260.3066802046194,江戸川
江戸川区|鹿骨5丁目,224438.2175468017,2,2979.928281042561,江戸川
江戸川区|鹿骨5丁目,224438.2175468017,2,104.56721188984288,江戸川
江戸川区|鹿骨5丁目,224438.2175468017,2,26.13554965988797,江戸川
江戸川区|鹿骨5丁目,224438.2175468017,2,78.41849870130532,江戸川
江戸川区|鹿骨5丁目,224438.2175468017,2,78.42549166255091,江戸川
江戸川区|鹿骨5丁目,224438.2175468017,2,156.83747587113035,江戸川
江戸川区|鹿骨5丁目,224438.2175468017,2,78.41915703136016,江戸川
江戸川区|鹿骨5丁目,224438.2175468017,2,3162.8919763557105,江戸川
江戸川区|鹿骨5丁目,224438.2175468017,3,143421.23530990002,江戸川
江戸川区|鹿骨5丁目,224438.2175468017,3,52.28689652734013,江戸川
江戸川区|鹿骨5丁目,224438.2175468017,3,26.14297858483329,江戸川
江戸川区|鹿骨5丁目,224438.2175468017,3,26.143502826145188,江戸川
江戸川区|鹿骨5丁目,224438.2175468017,3,26.13728265625977,江戸川
江戸川区|鹿骨5丁目,224438.2175468017,3,78.42482265704396,江戸川
江戸川区|鹿骨5丁目,224438.2175468017,3,26.135476943400157,江戸川
江戸川区|鹿骨5丁目,224438.2175468017,3,104.55363988588094,江戸川
江戸川区|鹿骨6丁目,118008.60122614574,1,76.01525460925123,江戸川
江戸川区|鹿骨6丁目,118008.60122614574,1,130.70558108165457,江戸川
江戸川区|鹿骨6丁目,118008.60122614574,1,26.13627300710483,江戸川
江戸川区|鹿骨6丁目,118008.60122614574,1,78.4155300473304,江戸川
江戸川区|鹿骨6丁目,118008.60122614574,1,130.7010130623141,江戸川
江戸川区|鹿骨6丁目,118008.60122614574,1,130.70218161612678,江戸川
江戸川区|鹿骨6丁目,118008.60122614574,1,78.42277665396236,江戸川
江戸川区|鹿骨6丁目,118008.60122614574,1,365.9856567828738,江戸川
江戸川区|鹿骨6丁目,118008.60122614574,1,52.280283639891074,江戸川
江戸川区|鹿骨6丁目,118008.60122614574,1,78.42378394349652,江戸川
江戸川区|鹿骨6丁目,118008.60122614574,1,52.286860737689324,江戸川
江戸川区|鹿骨6丁目,118008.60122614574,1,104.57408407086852,江戸川
江戸川区|鹿骨6丁目,118008.60122614574,2,142.25647004623627,江戸川
江戸川区|鹿骨6丁目,118008.60122614574,2,418.2468375250467,江戸川
江戸川区|鹿骨6丁目,118008.60122614574,2,5.227769984777178,江戸川
江戸川区|鹿骨6丁目,118008.60122614574,2,627.386016292539,江戸川
江戸川区|鹿骨6丁目,118008.60122614574,2,156.84996752023292,江戸川
江戸川区|鹿骨6丁目,118008.60122614574,2,78.42197104570404,江戸川
江戸川区|鹿骨6丁目,118008.60122614574,2,444.40067533993346,江戸川
江戸川区|鹿骨6丁目,118008.60122614574,2,78.42258304898623,江戸川
江戸川区|鹿骨6丁目,118008.60122614574,2,78.40938209286176,江戸川
江戸川区|鹿骨6丁目,118008.60122614574,2,235.27028914021153,江戸川
江戸川区|鹿骨6丁目,118008.60122614574,2,941.0914216617083,江戸川
江戸川区|鹿骨6丁目,118008.60122614574,2,9724.14087591065,江戸川
江戸川区|鹿骨6丁目,118008.60122614574,2,627.3802976714809,江戸川
江戸川区|鹿骨6丁目,118008.60122614574,2,26.143043795820063,江戸川
江戸川区|鹿骨6丁目,118008.60122614574,2,1751.4549179563214,江戸川
江戸川区|鹿骨6丁目,118008.60122614574,2,237.937158582296,江戸川
江戸川区|鹿骨6丁目,118008.60122614574,2,104.55970832557715,江戸川
江戸川区|鹿骨6丁目,118008.60122614574,2,5061.649496714169,江戸川
江戸川区|鹿骨6丁目,118008.60122614574,2,2300.3886486998194,江戸川
江戸川区|鹿骨6丁目,118008.60122614574,2,52.27953232663697,江戸川
江戸川区|鹿骨6丁目,118008.60122614574,2,7476.395233744638,江戸川
江戸川区|鹿骨6丁目,118008.60122614574,2,601.2260502378434,江戸川
江戸川区|鹿骨6丁目,118008.60122614574,2,784.2337530065658,江戸川
江戸川区|鹿骨6丁目,118008.60122614574,2,25.859246680077973,江戸川
江戸川区|鹿骨6丁目,118008.60122614574,2,130.7076189512756,江戸川
江戸川区|鹿骨6丁目,118008.60122614574,2,26.142735674035066,江戸川
江戸川区|鹿骨6丁目,118008.60122614574,2,758.0871037952613,江戸川
江戸川区|鹿骨6丁目,118008.60122614574,2,26.13732875689353,江戸川
江戸川区|鹿骨6丁目,118008.60122614574,2,52.279444302682066,江戸川
江戸川区|鹿骨6丁目,118008.60122614574,2,52.28586098613286,江戸川
江戸川区|鹿骨6丁目,118008.60122614574,2,52.28632533420729,江戸川
江戸川区|鹿骨6丁目,118008.60122614574,2,261.40993390271603,江戸川
江戸川区|鹿骨6丁目,118008.60122614574,3,56406.804787231566,江戸川
江戸川区|鹿骨6丁目,118008.60122614574,3,52.28618125752195,江戸川
江戸川区|鹿骨6丁目,118008.60122614574,3,52.27820497082218,江戸川
江戸川区|鹿骨6丁目,118008.60122614574,3,26.141996759050045,江戸川
江戸川区|鹿骨6丁目,118008.60122614574,3,26.142689477192306,江戸川
江戸川区|鹿骨6丁目,118008.60122614574,3,26.142770026740372,江戸川
江戸川区|鹿骨6丁目,118008.60122614574,3,78.41484008715389,江戸川
江戸川区|篠崎町1丁目,307899.7696593451,1,52.27632103040206,江戸川
江戸川区|篠崎町1丁目,307899.7696593451,1,26.143664532058402,江戸川
江戸川区|篠崎町1丁目,307899.7696593451,1,26.14382604425699,江戸川
江戸川区|篠崎町1丁目,307899.7696593451,1,26.14392027451961,江戸川
江戸川区|篠崎町1丁目,307899.7696593451,1,52.28174130679094,江戸川
江戸川区|篠崎町1丁目,307899.7696593451,1,52.287846648140096,江戸川
江戸川区|篠崎町1丁目,307899.7696593451,1,52.28815003767011,江戸川
江戸川区|篠崎町1丁目,307899.7696593451,1,26.144162428272416,江戸川
江戸川区|篠崎町1丁目,307899.7696593451,1,52.27651177445306,江戸川
江戸川区|篠崎町1丁目,307899.7696593451,1,26.144350839116328,江戸川
江戸川区|篠崎町1丁目,307899.7696593451,1,52.28288929609221,江戸川
江戸川区|篠崎町1丁目,307899.7696593451,1,26.14427621467044,江戸川
江戸川区|篠崎町1丁目,307899.7696593451,2,164757.2432690465,江戸川
江戸川区|篠崎町1丁目,307899.7696593451,2,601.2766215209481,江戸川
江戸川区|篠崎町1丁目,307899.7696593451,2,444.4019617713489,江戸川
江戸川区|篠崎町1丁目,307899.7696593451,2,52.28918866572495,江戸川
江戸川区|篠崎町1丁目,307899.7696593451,2,571.9520246389785,江戸川
江戸川区|篠崎町1丁目,307899.7696593451,2,862.6844273357149,江戸川
江戸川区|篠崎町1丁目,307899.7696593451,3,338.9089868858046,江戸川
江戸川区|篠崎町1丁目,307899.7696593451,3,10757.781490023874,江戸川
江戸川区|篠崎町1丁目,307899.7696593451,3,13.574527056673922,江戸川
江戸川区|篠崎町1丁目,307899.7696593451,3,7.260762094333709,江戸川
江戸川区|篠崎町1丁目,307899.7696593451,3,327.0177007443102,江戸川
江戸川区|篠崎町1丁目,307899.7696593451,3,261.42016053870805,江戸川
江戸川区|篠崎町1丁目,307899.7696593451,3,26.137607261029387,江戸川
江戸川区|篠崎町1丁目,307899.7696593451,3,52.28173240087314,江戸川
江戸川区|篠崎町1丁目,307899.7696593451,3,52.28820809347274,江戸川
江戸川区|篠崎町1丁目,307899.7696593451,3,182.9890468461486,江戸川
江戸川区|篠崎町1丁目,307899.7696593451,3,26.137607832544006,江戸川
江戸川区|篠崎町1丁目,307899.7696593451,3,52.28256641333017,江戸川
江戸川区|篠崎町1丁目,307899.7696593451,3,365.9875287192001,江戸川
江戸川区|篠崎町1丁目,307899.7696593451,3,32.820806369138076,江戸川
江戸川区|篠崎町1丁目,307899.7696593451,3,1228.688764290112,江戸川
江戸川区|篠崎町1丁目,307899.7696593451,3,287.55606756023514,江戸川
江戸川区|篠崎町1丁目,307899.7696593451,3,26.13777846312412,江戸川
江戸川区|篠崎町1丁目,307899.7696593451,3,784.2391134220237,江戸川
江戸川区|篠崎町1丁目,307899.7696593451,3,156.85237157138278,江戸川
江戸川区|篠崎町1丁目,307899.7696593451,3,52.28805182320834,江戸川
江戸川区|篠崎町1丁目,307899.7696593451,3,52.28208682289681,江戸川
江戸川区|篠崎町1丁目,307899.7696593451,3,52.28801765557027,江戸川
江戸川区|篠崎町1丁目,307899.7696593451,3,182.99044562899195,江戸川
江戸川区|篠崎町1丁目,307899.7696593451,3,273.7442794728332,江戸川
江戸川区|篠崎町1丁目,307899.7696593451,3,9390.409978755055,江戸川
江戸川区|篠崎町1丁目,307899.7696593451,3,156.85178772889682,江戸川
江戸川区|篠崎町1丁目,307899.7696593451,3,261.40963612850675,江戸川
江戸川区|篠崎町1丁目,307899.7696593451,3,339.8500341352357,江戸川
江戸川区|篠崎町1丁目,307899.7696593451,3,78.42635601126922,江戸川
江戸川区|篠崎町1丁目,307899.7696593451,3,209.14169355909976,江戸川
江戸川区|篠崎町1丁目,307899.7696593451,3,104.56479722504021,江戸川
江戸川区|篠崎町1丁目,307899.7696593451,3,182.991409662578,江戸川
江戸川区|篠崎町1丁目,307899.7696593451,3,418.2582503396013,江戸川
江戸川区|篠崎町1丁目,307899.7696593451,3,26.144323471142016,江戸川
江戸川区|篠崎町1丁目,307899.7696593451,3,26.138062872973343,江戸川
江戸川区|篠崎町2丁目,264456.6349557728,1,26.144646924924455,江戸川
江戸川区|篠崎町2丁目,264456.6349557728,1,26.13846691684008,江戸川
江戸川区|篠崎町2丁目,264456.6349557728,1,52.289522713414065,江戸川
江戸川区|篠崎町2丁目,264456.6349557728,1,26.13854759336604,江戸川
江戸川区|篠崎町2丁目,264456.6349557728,1,26.14483535009411,江戸川
江戸川区|篠崎町2丁目,264456.6349557728,2,152673.2282561418,江戸川
江戸川区|篠崎町2丁目,264456.6349557728,2,287.57000529689753,江戸川
江戸川区|篠崎町2丁目,264456.6349557728,2,26.14499046541461,江戸川
江戸川区|篠崎町2丁目,264456.6349557728,2,2.6982902057129765,江戸川
江戸川区|篠崎町2丁目,264456.6349557728,2,287.5694637248459,江戸川
江戸川区|篠崎町2丁目,264456.6349557728,2,313.7166849256845,江戸川
江戸川区|篠崎町2丁目,264456.6349557728,2,26.14479580434213,江戸川
江戸川区|篠崎町2丁目,264456.6349557728,2,26.14531376845256,江戸川
江戸川区|篠崎町2丁目,264456.6349557728,2,1359.4538062789402,江戸川
江戸川区|篠崎町2丁目,264456.6349557728,2,26.139228093524036,江戸川
江戸川区|篠崎町2丁目,264456.6349557728,2,26.139027116417274,江戸川
江戸川区|篠崎町2丁目,264456.6349557728,2,26.138625151799182,江戸川
江戸川区|篠崎町2丁目,264456.6349557728,2,26.138536881556384,江戸川
江戸川区|篠崎町2丁目,264456.6349557728,2,78.42156513001748,江戸川
江戸川区|篠崎町2丁目,264456.6349557728,2,26.138466888986613,江戸川
江戸川区|篠崎町2丁目,264456.6349557728,2,26.144835076471654,江戸川
江戸川区|篠崎町2丁目,264456.6349557728,2,627.4129298594918,江戸川
江戸川区|篠崎町2丁目,264456.6349557728,3,29383.23395446285,江戸川
江戸川区|篠崎町2丁目,264456.6349557728,3,7254.393726480345,江戸川
江戸川区|篠崎町2丁目,264456.6349557728,3,132.1783792689849,江戸川
江戸川区|篠崎町2丁目,264456.6349557728,3,1.761734015564491,江戸川
江戸川区|篠崎町2丁目,264456.6349557728,3,25.15288130076059,江戸川
江戸川区|篠崎町2丁目,264456.6349557728,3,52.27724538036803,江戸川
江戸川区|篠崎町2丁目,264456.6349557728,3,26.14557883016746,江戸川
江戸川区|篠崎町2丁目,264456.6349557728,3,26.14503132301252,江戸川
江戸川区|篠崎町2丁目,264456.6349557728,3,1699.2872231483623,江戸川
江戸川区|篠崎町2丁目,264456.6349557728,3,366.0038859043296,江戸川
江戸川区|篠崎町2丁目,264456.6349557728,3,26.138461971013975,江戸川
江戸川区|篠崎町2丁目,264456.6349557728,3,12.563959183649246,江戸川
江戸川区|篠崎町2丁目,264456.6349557728,3,26.145045139841088,江戸川
江戸川区|篠崎町2丁目,264456.6349557728,3,52.2893520324442,江戸川
江戸川区|篠崎町2丁目,264456.6349557728,3,97.30535360929518,江戸川
江戸川区|篠崎町2丁目,264456.6349557728,3,601.2981826994737,江戸川
江戸川区|篠崎町2丁目,264456.6349557728,3,26.14504566847537,江戸川
江戸川区|篠崎町2丁目,264456.6349557728,3,6260.955492113971,江戸川
江戸川区|篠崎町2丁目,264456.6349557728,3,78.4359437491859,江戸川
江戸川区|篠崎町2丁目,264456.6349557728,3,104.55461013455486,江戸川
江戸川区|篠崎町2丁目,264456.6349557728,3,52.27805380847645,江戸川
江戸川区|篠崎町2丁目,264456.6349557728,3,52.28905108707891,江戸川
江戸川区|篠崎町2丁目,264456.6349557728,3,156.8602373966555,江戸川
江戸川区|篠崎町2丁目,264456.6349557728,3,52.283456669923915,江戸川
江戸川区|篠崎町2丁目,264456.6349557728,3,26.13894693459345,江戸川
江戸川区|篠崎町2丁目,264456.6349557728,3,209.14199516387384,江戸川
江戸川区|篠崎町2丁目,264456.6349557728,3,26.1448455283832,江戸川
江戸川区|篠崎町2丁目,264456.6349557728,3,52.29019484654066,江戸川
江戸川区|篠崎町2丁目,264456.6349557728,3,104.57949299766486,江戸川
江戸川区|篠崎町2丁目,264456.6349557728,3,6272.138283575811,江戸川
江戸川区|篠崎町2丁目,264456.6349557728,3,182.99543115460622,江戸川
江戸川区|篠崎町2丁目,264456.6349557728,3,78.42931350286804,江戸川
江戸川区|篠崎町2丁目,264456.6349557728,3,4705.683502620179,江戸川
江戸川区|篠崎町2丁目,264456.6349557728,3,26.144960492049634,江戸川
江戸川区|篠崎町3丁目,455621.3986311686,1,26.145076923477227,江戸川
江戸川区|篠崎町3丁目,455621.3986311686,1,78.42850552615742,江戸川
江戸川区|篠崎町3丁目,455621.3986311686,1,78.42968874353332,江戸川
江戸川区|篠崎町3丁目,455621.3986311686,1,104.57431666495587,江戸川
江戸川区|篠崎町3丁目,455621.3986311686,1,26.14535997730227,江戸川
江戸川区|篠崎町3丁目,455621.3986311686,1,26.145373434773262,江戸川
江戸川区|篠崎町3丁目,455621.3986311686,1,156.86003122030561,江戸川
江戸川区|篠崎町3丁目,455621.3986311686,1,26.14528531191943,江戸川
江戸川区|篠崎町3丁目,455621.3986311686,1,26.13923353833087,江戸川
江戸川区|篠崎町3丁目,455621.3986311686,1,26.145561868054003,江戸川
江戸川区|篠崎町3丁目,455621.3986311686,1,52.2846804854654,江戸川
江戸川区|篠崎町3丁目,455621.3986311686,1,26.139266728475647,江戸川
江戸川区|篠崎町3丁目,455621.3986311686,1,26.14581762933756,江戸川
江戸川区|篠崎町3丁目,455621.3986311686,1,26.139347529438258,江戸川
江戸川区|篠崎町3丁目,455621.3986311686,1,52.291702607504064,江戸川
江戸川区|篠崎町3丁目,455621.3986311686,1,26.146019492115684,江戸川
江戸川区|篠崎町3丁目,455621.3986311686,1,26.14604643916598,江戸川
江戸川区|篠崎町3丁目,455621.3986311686,1,26.146086763279193,江戸川
江戸川区|篠崎町3丁目,455621.3986311686,1,26.14023348770295,江戸川
江戸川区|篠崎町3丁目,455621.3986311686,1,26.146012102928623,江戸川
江戸川区|篠崎町3丁目,455621.3986311686,1,46.8929798359167,江戸川
江戸川区|篠崎町3丁目,455621.3986311686,2,125197.72210912388,江戸川
江戸川区|篠崎町3丁目,455621.3986311686,2,694.4863169972883,江戸川
江戸川区|篠崎町3丁目,455621.3986311686,2,3320.30568270768,江戸川
江戸川区|篠崎町3丁目,455621.3986311686,2,26.139463709548934,江戸川
江戸川区|篠崎町3丁目,455621.3986311686,2,2065.353677824888,江戸川
江戸川区|篠崎町3丁目,455621.3986311686,2,5799.4264924365,江戸川
江戸川区|篠崎町3丁目,455621.3986311686,2,26.138989264116024,江戸川
江戸川区|篠崎町3丁目,455621.3986311686,2,52.290567620022564,江戸川
江戸川区|篠崎町3丁目,455621.3986311686,2,1856.2297903488584,江戸川
江戸川区|篠崎町3丁目,455621.3986311686,2,52.29260199998853,江戸川
江戸川区|篠崎町3丁目,455621.3986311686,2,836.6126097465731,江戸川
江戸川区|篠崎町3丁目,455621.3986311686,2,1673.2113850398869,江戸川
江戸川区|篠崎町3丁目,455621.3986311686,2,3450.929861960255,江戸川
江戸川区|篠崎町3丁目,455621.3986311686,2,339.86704663031094,江戸川
江戸川区|篠崎町3丁目,455621.3986311686,2,2823.5720830557034,江戸川
江戸川区|篠崎町3丁目,455621.3986311686,2,26.146419508924282,江戸川
江戸川区|篠崎町3丁目,455621.3986311686,2,888.8867847208738,江戸川
江戸川区|篠崎町3丁目,455621.3986311686,2,104.57931312882674,江戸川
江戸川区|篠崎町3丁目,455621.3986311686,2,78.43099815695577,江戸川
江戸川区|篠崎町3丁目,455621.3986311686,2,104.57043753332344,江戸川
江戸川区|篠崎町3丁目,455621.3986311686,2,26.146298949263063,江戸川
江戸川区|篠崎町3丁目,455621.3986311686,2,261.4269581353487,江戸川
江戸川区|篠崎町3丁目,455621.3986311686,2,5882.216823609525,江戸川
江戸川区|篠崎町3丁目,455621.3986311686,2,1490.2047179303884,江戸川
江戸川区|篠崎町3丁目,455621.3986311686,2,366.0094375673049,江戸川
江戸川区|篠崎町3丁目,455621.3986311686,2,705.8829903650968,江戸川
江戸川区|篠崎町3丁目,455621.3986311686,2,26.146212823982395,江戸川
江戸川区|篠崎町3丁目,455621.3986311686,3,52558.49542633983,江戸川
江戸川区|篠崎町3丁目,455621.3986311686,3,3165.5134333615083,江戸川
江戸川区|篠崎町3丁目,455621.3986311686,3,104.57603960276914,江戸川
江戸川区|篠崎町3丁目,455621.3986311686,3,26.145041033303617,江戸川
江戸川区|篠崎町3丁目,455621.3986311686,3,26.138989316600348,江戸川
江戸川区|篠崎町3丁目,455621.3986311686,3,26.14583305894599,江戸川
江戸川区|篠崎町3丁目,455621.3986311686,3,52.29185655926936,江戸川
江戸川区|篠崎町3丁目,455621.3986311686,3,235.2854767741688,江戸川
江戸川区|篠崎町3丁目,455621.3986311686,3,784.3105399870075,江戸川
江戸川区|篠崎町3丁目,455621.3986311686,3,52.28499240130533,江戸川
江戸川区|篠崎町3丁目,455621.3986311686,3,78.4300692662915,江戸川
江戸川区|篠崎町3丁目,455621.3986311686,3,52.29044219613839,江戸川
江戸川区|篠崎町3丁目,455621.3986311686,3,104.58230903749757,江戸川
江戸川区|篠崎町3丁目,455621.3986311686,3,31705.64329386274,江戸川
江戸川区|篠崎町3丁目,455621.3986311686,3,50.49277377782289,江戸川
江戸川区|篠崎町3丁目,455621.3986311686,3,26.14540633568614,江戸川
江戸川区|篠崎町3丁目,455621.3986311686,3,52.28499690409443,江戸川
江戸川区|篠崎町3丁目,455621.3986311686,3,444.4529351795092,江戸川
江戸川区|篠崎町3丁目,455621.3986311686,3,52.27998453504496,江戸川
江戸川区|篠崎町3丁目,455621.3986311686,3,26.146409072991975,江戸川
江戸川区|篠崎町4丁目,257129.26726158903,2,37657.34328235061,江戸川
江戸川区|篠崎町4丁目,257129.26726158903,2,52.28962892973721,江戸川
江戸川区|篠崎町4丁目,257129.26726158903,2,26.14172394252178,江戸川
江戸川区|篠崎町4丁目,257129.26726158903,2,1359.580021697862,江戸川
江戸川区|篠崎町4丁目,257129.26726158903,2,2902.2009703324734,江戸川
江戸川区|篠崎町4丁目,257129.26726158903,2,52.29591036133692,江戸川
江戸川区|篠崎町4丁目,257129.26726158903,2,52.28901310509982,江戸川
江戸川区|篠崎町4丁目,257129.26726158903,2,2902.121718174807,江戸川
江戸川区|篠崎町4丁目,257129.26726158903,2,26.141507356715344,江戸川
江戸川区|篠崎町4丁目,257129.26726158903,2,130.72137878098235,江戸川
江戸川区|篠崎町4丁目,257129.26726158903,2,313.7640490229969,江戸川
江戸川区|篠崎町4丁目,257129.26726158903,2,104.5785106132613,江戸川
江戸川区|篠崎町4丁目,257129.26726158903,2,26.141362756642273,江戸川
江戸川区|篠崎町4丁目,257129.26726158903,2,2065.5083673039503,江戸川
江戸川区|篠崎町4丁目,257129.26726158903,2,1799.7594868109857,江戸川
江戸川区|篠崎町4丁目,257129.26726158903,2,915.108726893171,江戸川
江戸川区|篠崎町4丁目,257129.26726158903,2,26.147409738573423,江戸川
江戸川区|篠崎町4丁目,257129.26726158903,2,78.44340498443461,江戸川
江戸川区|篠崎町4丁目,257129.26726158903,2,78.43760560097535,江戸川
江戸川区|篠崎町4丁目,257129.26726158903,2,2248.4890915064702,江戸川
江戸川区|篠崎町4丁目,257129.26726158903,2,261.45873624985137,江戸川
江戸川区|篠崎町4丁目,257129.26726158903,2,888.703736416316,江戸川
江戸川区|篠崎町4丁目,257129.26726158903,2,3398.9125090866683,江戸川
江戸川区|篠崎町4丁目,257129.26726158903,2,679.7991490398639,江戸川
江戸川区|篠崎町4丁目,257129.26726158903,2,1647.1594091255604,江戸川
江戸川区|篠崎町4丁目,257129.26726158903,2,183.0233351556272,江戸川
江戸川区|篠崎町4丁目,257129.26726158903,2,261.4548218716757,江戸川
江戸川区|篠崎町4丁目,257129.26726158903,2,3111.3996993855258,江戸川
江戸川区|篠崎町4丁目,257129.26726158903,2,888.9332487558165,江戸川
江戸川区|篠崎町4丁目,257129.26726158903,2,26.147255085565238,江戸川
江戸川区|篠崎町4丁目,257129.26726158903,2,4549.256263714893,江戸川
江戸川区|篠崎町4丁目,257129.26726158903,2,3974.1623334203996,江戸川
江戸川区|篠崎町4丁目,257129.26726158903,2,313.7493046564706,江戸川
江戸川区|篠崎町4丁目,257129.26726158903,2,26.147250095751076,江戸川
江戸川区|篠崎町4丁目,257129.26726158903,2,1673.317729694954,江戸川
江戸川区|篠崎町4丁目,257129.26726158903,2,52.288695721184716,江戸川
江戸川区|篠崎町4丁目,257129.26726158903,2,26.147465247739884,江戸川
江戸川区|篠崎町4丁目,257129.26726158903,2,209.16349631222596,江戸川
江戸川区|篠崎町4丁目,257129.26726158903,2,26.141203858874203,江戸川
江戸川区|篠崎町4丁目,257129.26726158903,2,130.72358386040747,江戸川
江戸川区|篠崎町4丁目,257129.26726158903,2,261.44785260063117,江戸川
江戸川区|篠崎町4丁目,257129.26726158903,2,52.294529216932325,江戸川
江戸川区|篠崎町4丁目,257129.26726158903,2,0.7346946837538919,江戸川
江戸川区|篠崎町4丁目,257129.26726158903,2,26.14087987152295,江戸川
江戸川区|篠崎町4丁目,257129.26726158903,2,1176.4952474590982,江戸川
江戸川区|篠崎町4丁目,257129.26726158903,2,522.9015498225338,江戸川
江戸川区|篠崎町4丁目,257129.26726158903,2,130.72286762842592,江戸川
江戸川区|篠崎町4丁目,257129.26726158903,2,2692.885274721842,江戸川
江戸川区|篠崎町4丁目,257129.26726158903,2,4052.3610609218426,江戸川
江戸川区|篠崎町4丁目,257129.26726158903,2,235.31731366455335,江戸川
江戸川区|篠崎町4丁目,257129.26726158903,2,784.3375185291202,江戸川
江戸川区|篠崎町4丁目,257129.26726158903,2,366.02382402895887,江戸川
江戸川区|篠崎町4丁目,257129.26726158903,2,4.482609555035197,江戸川
江戸川区|篠崎町4丁目,257129.26726158903,2,78.42878400734193,江戸川
江戸川区|篠崎町4丁目,257129.26726158903,2,679.7688816861215,江戸川
江戸川区|篠崎町4丁目,257129.26726158903,2,209.1585253468015,江戸川
江戸川区|篠崎町4丁目,257129.26726158903,2,235.29689129400646,江戸川
江戸川区|篠崎町4丁目,257129.26726158903,2,1333.3686216639423,江戸川
江戸川区|篠崎町4丁目,257129.26726158903,2,209.1636711264283,江戸川
江戸川区|篠崎町4丁目,257129.26726158903,2,339.87842905005056,江戸川
江戸川区|篠崎町4丁目,257129.26726158903,2,26.146912068780562,江戸川
江戸川区|篠崎町4丁目,257129.26726158903,2,156.86495705437463,江戸川
江戸川区|篠崎町4丁目,257129.26726158903,2,104.57273491918662,江戸川
江戸川区|篠崎町4丁目,257129.26726158903,2,1490.2467546709781,江戸川
江戸川区|篠崎町4丁目,257129.26726158903,2,653.610120048872,江戸川
江戸川区|篠崎町4丁目,257129.26726158903,2,156.861836197668,江戸川
江戸川区|篠崎町4丁目,257129.26726158903,2,78.43413475416399,江戸川
江戸川区|篠崎町4丁目,257129.26726158903,2,26.139827372436343,江戸川
江戸川区|篠崎町4丁目,257129.26726158903,2,313.72495873235687,江戸川
江戸川区|篠崎町4丁目,257129.26726158903,2,104.57460703981033,江戸川
江戸川区|篠崎町4丁目,257129.26726158903,2,575.1602142481718,江戸川
江戸川区|篠崎町4丁目,257129.26726158903,2,130.721045612066,江戸川
江戸川区|篠崎町4丁目,257129.26726158903,2,130.734244748121,江戸川
江戸川区|篠崎町4丁目,257129.26726158903,2,26.14682154879838,江戸川
江戸川区|篠崎町4丁目,257129.26726158903,2,1673.28687239314,江戸川
江戸川区|篠崎町4丁目,257129.26726158903,2,26.146934418704642,江戸川
江戸川区|篠崎町4丁目,257129.26726158903,2,52.28706096303447,江戸川
江戸川区|篠崎町4丁目,257129.26726158903,3,162579.1907104795,江戸川
江戸川区|篠崎町4丁目,257129.26726158903,3,52.29570552353268,江戸川
江戸川区|篠崎町4丁目,257129.26726158903,3,26.14750438562425,江戸川
江戸川区|篠崎町4丁目,257129.26726158903,3,52.29545073298976,江戸川
江戸川区|篠崎町4丁目,257129.26726158903,3,26.148015467205923,江戸川
江戸川区|篠崎町4丁目,257129.26726158903,3,26.147779640349682,江戸川
江戸川区|篠崎町4丁目,257129.26726158903,3,104.58063467140309,江戸川
江戸川区|篠崎町5丁目,140251.2480982047,2,27763.093168214637,江戸川
江戸川区|篠崎町5丁目,140251.2480982047,2,52.28191939679085,江戸川
江戸川区|篠崎町5丁目,140251.2480982047,2,183.01178834647214,江戸川
江戸川区|篠崎町5丁目,140251.2480982047,2,78.4358960404261,江戸川
江戸川区|篠崎町5丁目,140251.2480982047,2,26.14143459100443,江戸川
江戸川区|篠崎町5丁目,140251.2480982047,2,1124.232917113307,江戸川
江戸川区|篠崎町5丁目,140251.2480982047,2,156.85849546441324,江戸川
江戸川区|篠崎町5丁目,140251.2480982047,2,1119.154935984969,江戸川
江戸川区|篠崎町5丁目,140251.2480982047,2,28104.354412430035,江戸川
江戸川区|篠崎町5丁目,140251.2480982047,2,52.28627037745263,江戸川
江戸川区|篠崎町5丁目,140251.2480982047,2,2143.820828220567,江戸川
江戸川区|篠崎町5丁目,140251.2480982047,2,2536.0161559596077,江戸川
江戸川区|篠崎町5丁目,140251.2480982047,2,13725.568574792755,江戸川
江戸川区|篠崎町5丁目,140251.2480982047,2,575.1745608435859,江戸川
江戸川区|篠崎町5丁目,140251.2480982047,2,1098.080692118806,江戸川
江戸川区|篠崎町5丁目,140251.2480982047,2,52.28793880546539,江戸川
江戸川区|篠崎町5丁目,140251.2480982047,2,758.1945944896413,江戸川
江戸川区|篠崎町5丁目,140251.2480982047,2,104.58862180766876,江戸川
江戸川区|篠崎町5丁目,140251.2480982047,2,183.00978951743417,江戸川
江戸川区|篠崎町5丁目,140251.2480982047,2,26.14079885014643,江戸川
江戸川区|篠崎町5丁目,140251.2480982047,2,26.146738143495718,江戸川
江戸川区|篠崎町5丁目,140251.2480982047,2,2640.5873106265667,江戸川
江戸川区|篠崎町5丁目,140251.2480982047,2,78.4408060007888,江戸川
江戸川区|篠崎町5丁目,140251.2480982047,2,52.28732870484547,江戸川
江戸川区|篠崎町5丁目,140251.2480982047,2,11.377308478541183,江戸川
江戸川区|篠崎町5丁目,140251.2480982047,3,56220.1846257558,江戸川
江戸川区|篠崎町5丁目,140251.2480982047,3,26.140073021334175,江戸川
江戸川区|篠崎町5丁目,140251.2480982047,3,836.616329666042,江戸川
江戸川区|篠崎町5丁目,140251.2480982047,3,52.28692426341134,江戸川
江戸川区|篠崎町5丁目,140251.2480982047,3,104.57699850888928,江戸川
江戸川区|篠崎町5丁目,140251.2480982047,3,78.43262316774438,江戸川
江戸川区|篠崎町5丁目,140251.2480982047,3,104.57315102158705,江戸川
江戸川区|篠崎町5丁目,140251.2480982047,3,78.43195881077612,江戸川
江戸川区|篠崎町5丁目,140251.2480982047,3,52.28643709400619,江戸川
江戸川区|篠崎町5丁目,140251.2480982047,3,26.145691575725046,江戸川
江戸川区|篠崎町6丁目,195214.11614343734,2,35030.725509697484,江戸川
江戸川区|篠崎町6丁目,195214.11614343734,2,52.29465193976311,江戸川
江戸川区|篠崎町6丁目,195214.11614343734,2,26.14128040929391,江戸川
江戸川区|篠崎町6丁目,195214.11614343734,2,3215.9170660720097,江戸川
江戸川区|篠崎町6丁目,195214.11614343734,2,183.0213326732256,江戸川
江戸川区|篠崎町6丁目,195214.11614343734,2,261.46897809070873,江戸川
江戸川区|篠崎町6丁目,195214.11614343734,2,1804.032034122456,江戸川
江戸川区|篠崎町6丁目,195214.11614343734,2,627.490142493221,江戸川
江戸川区|篠崎町6丁目,195214.11614343734,2,209.15677520872046,江戸川
江戸川区|篠崎町6丁目,195214.11614343734,2,52.28335131638617,江戸川
江戸川区|篠崎町6丁目,195214.11614343734,2,52.292878138221475,江戸川
江戸川区|篠崎町6丁目,195214.11614343734,2,104.58594624066832,江戸川
江戸川区|篠崎町6丁目,195214.11614343734,2,52.28739655479161,江戸川
江戸川区|篠崎町6丁目,195214.11614343734,2,52.293711709634906,江戸川
江戸川区|篠崎町6丁目,195214.11614343734,2,575.1778171851823,江戸川
江戸川区|篠崎町6丁目,195214.11614343734,2,4026.2373247719574,江戸川
江戸川区|篠崎町6丁目,195214.11614343734,2,78.44064858828348,江戸川
江戸川区|篠崎町6丁目,195214.11614343734,2,52.287453695863846,江戸川
江戸川区|篠崎町6丁目,195214.11614343734,2,52.2940931531769,江戸川
江戸川区|篠崎町6丁目,195214.11614343734,2,78.42804606680947,江戸川
江戸川区|篠崎町6丁目,195214.11614343734,2,6771.459746390624,江戸川
江戸川区|篠崎町6丁目,195214.11614343734,2,52.29244382379894,江戸川
江戸川区|篠崎町6丁目,195214.11614343734,2,130.71293664761262,江戸川
江戸川区|篠崎町6丁目,195214.11614343734,2,3137.298529790165,江戸川
江戸川区|篠崎町6丁目,195214.11614343734,2,52.27985461020743,江戸川
江戸川区|篠崎町6丁目,195214.11614343734,2,5908.6570522912525,江戸川
江戸川区|篠崎町6丁目,195214.11614343734,2,26.13991130186657,江戸川
江戸川区|篠崎町6丁目,195214.11614343734,2,653.6231982517264,江戸川
江戸川区|篠崎町6丁目,195214.11614343734,2,2823.641490274062,江戸川
江戸川区|篠崎町6丁目,195214.11614343734,2,31.196832118165553,江戸川
江戸川区|篠崎町6丁目,195214.11614343734,2,287.6062506709359,江戸川
江戸川区|篠崎町6丁目,195214.11614343734,2,130.72874400392794,江戸川
江戸川区|篠崎町6丁目,195214.11614343734,3,127713.05170184701,江戸川
江戸川区|篠崎町6丁目,195214.11614343734,3,26.14099948712675,江戸川
江戸川区|篠崎町6丁目,195214.11614343734,3,104.57345772664254,江戸川
江戸川区|篠崎町6丁目,195214.11614343734,3,71.95193546782882,江戸川
江戸川区|篠崎町6丁目,195214.11614343734,3,26.146962606140626,江戸川
江戸川区|篠崎町6丁目,195214.11614343734,3,313.73265171205054,江戸川
江戸川区|篠崎町6丁目,195214.11614343734,3,26.146534344349256,江戸川
江戸川区|篠崎町6丁目,195214.11614343734,3,26.13991092284712,江戸川
江戸川区|篠崎町6丁目,195214.11614343734,3,52.293463314498915,江戸川
江戸川区|篠崎町6丁目,195214.11614343734,3,26.14624516882269,江戸川
江戸川区|篠崎町6丁目,195214.11614343734,3,26.14640073662327,江戸川
江戸川区|篠崎町6丁目,195214.11614343734,3,104.57250704699015,江戸川
江戸川区|篠崎町6丁目,195214.11614343734,3,52.28663243461129,江戸川
江戸川区|篠崎町6丁目,195214.11614343734,3,26.146696281957063,江戸川
江戸川区|篠崎町6丁目,195214.11614343734,3,26.146616037537044,江戸川
江戸川区|篠崎町7丁目,225483.16085467653,2,113839.94865052996,江戸川
江戸川区|篠崎町7丁目,225483.16085467653,2,6011.917203831797,江戸川
江戸川区|篠崎町7丁目,225483.16085467653,2,5124.195046494585,江戸川
江戸川区|篠崎町7丁目,225483.16085467653,2,287.57634642678016,江戸川
江戸川区|篠崎町7丁目,225483.16085467653,2,26.139175019713313,江戸川
江戸川区|篠崎町7丁目,225483.16085467653,2,52.28497567353701,江戸川
江戸川区|篠崎町7丁目,225483.16085467653,2,78.43046046075075,江戸川
江戸川区|篠崎町7丁目,225483.16085467653,2,183.0069964239767,江戸川
江戸川区|篠崎町7丁目,225483.16085467653,2,52.291103051174204,江戸川
江戸川区|篠崎町7丁目,225483.16085467653,2,26.14547662200155,江戸川
江戸川区|篠崎町7丁目,225483.16085467653,2,4209.122899177692,江戸川
江戸川区|篠崎町7丁目,225483.16085467653,2,52.29176120110255,江戸川
江戸川区|篠崎町7丁目,225483.16085467653,2,4130.715968004301,江戸川
江戸川区|篠崎町7丁目,225483.16085467653,2,78.43114623711679,江戸川
江戸川区|篠崎町7丁目,225483.16085467653,2,36.30846818558559,江戸川
江戸川区|篠崎町7丁目,225483.16085467653,2,2039.1327676486046,江戸川
江戸川区|篠崎町7丁目,225483.16085467653,2,4444.391267816563,江戸川
江戸川区|篠崎町7丁目,225483.16085467653,2,104.57410745528068,江戸川
江戸川区|篠崎町7丁目,225483.16085467653,2,5960.736322687641,江戸川
江戸川区|篠崎町7丁目,225483.16085467653,2,26.13910350719817,江戸川
江戸川区|篠崎町7丁目,225483.16085467653,2,287.5797363148316,江戸川
江戸川区|篠崎町7丁目,225483.16085467653,2,2196.0393858036587,江戸川
江戸川区|篠崎町7丁目,225483.16085467653,2,26.14491409030017,江戸川
江戸川区|篠崎町7丁目,225483.16085467653,2,2117.6047680014212,江戸川
江戸川区|篠崎町7丁目,225483.16085467653,2,52.28468916340337,江戸川
江戸川区|篠崎町7丁目,225483.16085467653,2,862.7444476951046,江戸川
江戸川区|篠崎町7丁目,225483.16085467653,2,5620.844059448655,江戸川
江戸川区|篠崎町7丁目,225483.16085467653,2,52.29081679744818,江戸川
江戸川区|篠崎町7丁目,225483.16085467653,2,26.139225345511978,江戸川
江戸川区|篠崎町7丁目,225483.16085467653,2,1673.1861990450593,江戸川
江戸川区|篠崎町7丁目,225483.16085467653,2,23.447207505931967,江戸川
江戸川区|篠崎町7丁目,225483.16085467653,3,62570.89823037024,江戸川
江戸川区|篠崎町7丁目,225483.16085467653,3,324.8537335676058,江戸川
江戸川区|篠崎町7丁目,225483.16085467653,3,22.810294107480093,江戸川
江戸川区|篠崎町7丁目,225483.16085467653,3,26.14512072798628,江戸川
江戸川区|篠崎町7丁目,225483.16085467653,3,29.26984312525239,江戸川
江戸川区|篠崎町7丁目,225483.16085467653,3,26.145309005882584,江戸川
江戸川区|篠崎町7丁目,225483.16085467653,3,639.4610974486237,江戸川
江戸川区|篠崎町7丁目,225483.16085467653,3,52.283820774730756,江戸川
江戸川区|篠崎町7丁目,225483.16085467653,3,52.28392815886244,江戸川
江戸川区|篠崎町7丁目,225483.16085467653,3,26.145027446852424,江戸川
江戸川区|篠崎町7丁目,225483.16085467653,3,26.138860510553734,江戸川
江戸川区|篠崎町7丁目,225483.16085467653,3,235.2864099981436,江戸川
江戸川区|篠崎町7丁目,225483.16085467653,3,26.145100314566662,江戸川
江戸川区|篠崎町7丁目,225483.16085467653,3,26.138860742789742,江戸川
江戸川区|篠崎町7丁目,225483.16085467653,3,104.57510953163802,江戸川
江戸川区|篠崎町7丁目,225483.16085467653,3,26.144987759416747,江戸川
江戸川区|篠崎町7丁目,225483.16085467653,3,52.29045890700243,江戸川
江戸川区|篠崎町7丁目,225483.16085467653,3,26.1456858206631,江戸川
江戸川区|篠崎町7丁目,225483.16085467653,3,130.713518678502,江戸川
江戸川区|篠崎町7丁目,225483.16085467653,3,26.138901615340863,江戸川
江戸川区|篠崎町7丁目,225483.16085467653,3,26.139215433881482,江戸川
江戸川区|篠崎町7丁目,225483.16085467653,3,26.145754537917526,江戸川
江戸川区|篠崎町7丁目,225483.16085467653,3,26.145888775011887,江戸川
江戸川区|篠崎町7丁目,225483.16085467653,3,209.15493739874256,江戸川
江戸川区|篠崎町7丁目,225483.16085467653,3,26.145164176317643,江戸川
江戸川区|篠崎町7丁目,225483.16085467653,3,313.71090885264954,江戸川
江戸川区|篠崎町7丁目,225483.16085467653,3,52.29160422071266,江戸川
江戸川区|篠崎町7丁目,225483.16085467653,3,390.6809690964467,江戸川
江戸川区|篠崎町7丁目,225483.16085467653,3,52.27804914814706,江戸川
江戸川区|篠崎町7丁目,225483.16085467653,3,102.81359688208066,江戸川
江戸川区|篠崎町7丁目,225483.16085467653,3,105.55577187600136,江戸川
江戸川区|篠崎町8丁目,137930.24507557045,2,72149.67119593908,江戸川
江戸川区|篠崎町8丁目,137930.24507557045,2,522.7831867315768,江戸川
江戸川区|篠崎町8丁目,137930.24507557045,2,9856.1755856687,江戸川
江戸川区|篠崎町8丁目,137930.24507557045,2,26.139502867204,江戸川
江戸川区|篠崎町8丁目,137930.24507557045,2,862.7533843723298,江戸川
江戸川区|篠崎町8丁目,137930.24507557045,2,601.3280919812343,江戸川
江戸川区|篠崎町8丁目,137930.24507557045,2,130.72614595927712,江戸川
江戸川区|篠崎町8丁目,137930.24507557045,2,209.1581101551173,江戸川
江戸川区|篠崎町8丁目,137930.24507557045,2,52.28658278405348,江戸川
江戸川区|篠崎町8丁目,137930.24507557045,2,52.28623389217903,江戸川
江戸川区|篠崎町8丁目,137930.24507557045,2,26.14640869363422,江戸川
江戸川区|篠崎町8丁目,137930.24507557045,2,26.139422939286092,江戸川
江戸川区|篠崎町8丁目,137930.24507557045,2,653.6012092528003,江戸川
江戸川区|篠崎町8丁目,137930.24507557045,2,130.72273770414304,江戸川
江戸川区|篠崎町8丁目,137930.24507557045,2,52.286334005034526,江戸川
江戸川区|篠崎町8丁目,137930.24507557045,2,4104.627003930118,江戸川
江戸川区|篠崎町8丁目,137930.24507557045,2,26.139544249689525,江戸川
江戸川区|篠崎町8丁目,137930.24507557045,2,470.60022107545393,江戸川
江戸川区|篠崎町8丁目,137930.24507557045,2,183.00824259547136,江戸川
江戸川区|篠崎町8丁目,137930.24507557045,2,261.43917967558195,江戸川
江戸川区|篠崎町8丁目,137930.24507557045,2,104.58374089173532,江戸川
江戸川区|篠崎町8丁目,137930.24507557045,2,1.1077800151453474,江戸川
江戸川区|篠崎町8丁目,137930.24507557045,3,42931.446126916766,江戸川
江戸川区|篠崎町8丁目,137930.24507557045,3,19.62028211833414,江戸川
江戸川区|篠崎町8丁目,137930.24507557045,3,26.145298408267145,江戸川
江戸川区|篠崎町8丁目,137930.24507557045,3,156.8540572061257,江戸川
江戸川区|篠崎町8丁目,137930.24507557045,3,26.138697231544043,江戸川
江戸川区|篠崎町8丁目,137930.24507557045,3,26.145387652082302,江戸川
江戸川区|篠崎町8丁目,137930.24507557045,3,52.28446076836275,江戸川
江戸川区|篠崎町8丁目,137930.24507557045,3,130.71479240798254,江戸川
江戸川区|篠崎町8丁目,137930.24507557045,3,26.138697321552282,江戸川
江戸川区|篠崎町8丁目,137930.24507557045,3,78.43616335416746,江戸川
江戸川区|篠崎町8丁目,137930.24507557045,3,26.13869739633278,江戸川
江戸川区|篠崎町8丁目,137930.24507557045,3,156.87002382325255,江戸川
江戸川区|篠崎町8丁目,137930.24507557045,3,156.86711443307567,江戸川
江戸川区|篠崎町8丁目,137930.24507557045,3,54.0728499533937,江戸川
江戸川区|篠崎町8丁目,137930.24507557045,3,1359.4411010629956,江戸川
江戸川区|篠崎町8丁目,137930.24507557045,3,39.27906038857772,江戸川
江戸川区|篠崎町8丁目,137930.24507557045,3,46.274734576151985,江戸川
江戸川区|篠崎町8丁目,137930.24507557045,3,104.57641201727134,江戸川
江戸川区|篠崎町8丁目,137930.24507557045,3,52.29152867175733,江戸川
江戸川区|篠崎町8丁目,137930.24507557045,3,52.28545553889707,江戸川
江戸川区|篠崎町8丁目,137930.24507557045,3,444.4497257948463,江戸川
江戸川区|篠崎町8丁目,137930.24507557045,3,104.56864589139246,江戸川
江戸川区|篠崎町8丁目,137930.24507557045,3,21.973638357955743,江戸川
江戸川区|篠崎町8丁目,137930.24507557045,3,26.145120285582976,江戸川
江戸川区|篠崎町8丁目,137930.24507557045,3,26.14516055949636,江戸川
江戸川区|篠崎町8丁目,137930.24507557045,3,1150.3198577761377,江戸川
江戸川区|篠崎町8丁目,137930.24507557045,3,29.473525010621447,江戸川
江戸川区|篠崎町8丁目,137930.24507557045,3,26.13910119628614,江戸川
江戸川区|篠崎町8丁目,137930.24507557045,3,52.28454398025816,江戸川
江戸川区|篠崎町8丁目,137930.24507557045,3,23.014970092115462,江戸川
江戸川区|東篠崎1丁目,180310.84263476412,1,26.14880874009769,江戸川
江戸川区|東篠崎1丁目,180310.84263476412,1,758.2377810253032,江戸川
江戸川区|東篠崎1丁目,180310.84263476412,1,26.14878195422265,江戸川
江戸川区|東篠崎1丁目,180310.84263476412,1,444.48532903883523,江戸川
江戸川区|東篠崎1丁目,180310.84263476412,1,104.59351524682911,江戸川
江戸川区|東篠崎1丁目,180310.84263476412,1,26.148302452222698,江戸川
江戸川区|東篠崎1丁目,180310.84263476412,1,26.14184506417046,江戸川
江戸川区|東篠崎1丁目,180310.84263476412,1,26.148021113213815,江戸川
江戸川区|東篠崎1丁目,180310.84263476412,1,0.5579302145118855,江戸川
江戸川区|東篠崎1丁目,180310.84263476412,1,26.14627308692392,江戸川
江戸川区|東篠崎1丁目,180310.84263476412,1,26.1467049656462,江戸川
江戸川区|東篠崎1丁目,180310.84263476412,1,52.29338081636408,江戸川
江戸川区|東篠崎1丁目,180310.84263476412,1,26.14039563559193,江戸川
江戸川区|東篠崎1丁目,180310.84263476412,1,9.617474794466842,江戸川
江戸川区|東篠崎1丁目,180310.84263476412,1,0.08808802102089176,江戸川
江戸川区|東篠崎1丁目,180310.84263476412,2,144424.143868296,江戸川
江戸川区|東篠崎1丁目,180310.84263476412,2,26.147816843993752,江戸川
江戸川区|東篠崎1丁目,180310.84263476412,2,26.14148824961125,江戸川
江戸川区|東篠崎1丁目,180310.84263476412,2,52.288980786785125,江戸川
江戸川区|東篠崎1丁目,180310.84263476412,2,418.3119955811602,江戸川
江戸川区|東篠崎1丁目,180310.84263476412,2,52.295265111266616,江戸川
江戸川区|東篠崎1丁目,180310.84263476412,2,52.29724790599674,江戸川
江戸川区|東篠崎1丁目,180310.84263476412,2,52.29638501390216,江戸川
江戸川区|東篠崎1丁目,180310.84263476412,3,2519.881255439291,江戸川
江戸川区|東篠崎1丁目,180310.84263476412,3,1640.308767467124,江戸川
江戸川区|東篠崎1丁目,180310.84263476412,3,12163.161121518193,江戸川
江戸川区|東篠崎1丁目,180310.84263476412,3,183.0223578259585,江戸川
江戸川区|東篠崎1丁目,180310.84263476412,3,209.16050116661089,江戸川
江戸川区|東篠崎1丁目,180310.84263476412,3,26.14819283131886,江戸川
江戸川区|東篠崎1丁目,180310.84263476412,3,78.43822317433526,江戸川
江戸川区|東篠崎1丁目,180310.84263476412,3,52.28929777841273,江戸川
江戸川区|東篠崎1丁目,180310.84263476412,3,26.147951388242106,江戸川
江戸川区|東篠崎1丁目,180310.84263476412,3,52.295323509162415,江戸川
江戸川区|東篠崎1丁目,180310.84263476412,3,52.28904078709185,江戸川
江戸川区|東篠崎1丁目,180310.84263476412,3,104.58084543047939,江戸川
江戸川区|東篠崎1丁目,180310.84263476412,3,627.5189687601861,江戸川
江戸川区|東篠崎1丁目,180310.84263476412,3,43.881868744711554,江戸川
江戸川区|東篠崎1丁目,180310.84263476412,3,104.58248899641082,江戸川
江戸川区|東篠崎1丁目,180310.84263476412,3,26.148140143027916,江戸川
江戸川区|東篠崎1丁目,180310.84263476412,3,26.140998535011263,江戸川
江戸川区|東篠崎1丁目,180310.84263476412,3,339.8927658198765,江戸川
江戸川区|東篠崎1丁目,180310.84263476412,3,26.14111148009348,江戸川
江戸川区|東篠崎1丁目,180310.84263476412,3,52.288865215761675,江戸川
江戸川区|東篠崎1丁目,180310.84263476412,3,130.7183304637671,江戸川
江戸川区|東篠崎1丁目,180310.84263476412,3,52.288656521305555,江戸川
江戸川区|東篠崎1丁目,180310.84263476412,3,306.55848529006494,江戸川
江戸川区|東篠崎2丁目,346498.49653099966,1,26.151025643563848,江戸川
江戸川区|東篠崎2丁目,346498.49653099966,1,26.144945683464186,江戸川
江戸川区|東篠崎2丁目,346498.49653099966,1,26.149400434152756,江戸川
江戸川区|東篠崎2丁目,346498.49653099966,1,287.6167440295616,江戸川
江戸川区|東篠崎2丁目,346498.49653099966,1,26.14297777028652,江戸川
江戸川区|東篠崎2丁目,346498.49653099966,1,78.44139045502284,江戸川
江戸川区|東篠崎2丁目,346498.49653099966,1,235.32172917867848,江戸川
江戸川区|東篠崎2丁目,346498.49653099966,2,32471.77744391345,江戸川
江戸川区|東篠崎2丁目,346498.49653099966,2,26.151548695263077,江戸川
江戸川区|東篠崎2丁目,346498.49653099966,2,287.6295003901626,江戸川
江戸川区|東篠崎2丁目,346498.49653099966,2,26.14458396211483,江戸川
江戸川区|東篠崎2丁目,346498.49653099966,2,26.150202318076378,江戸川
江戸川区|東篠崎2丁目,346498.49653099966,2,26.143771278933613,江戸川
江戸川区|東篠崎2丁目,346498.49653099966,2,3660.721560425641,江戸川
江戸川区|東篠崎2丁目,346498.49653099966,2,52.30027617933338,江戸川
江戸川区|東篠崎2丁目,346498.49653099966,2,26.15067230417177,江戸川
江戸川区|東篠崎2丁目,346498.49653099966,2,26.15032379164301,江戸川
江戸川区|東篠崎2丁目,346498.49653099966,2,95940.1387637192,江戸川
江戸川区|東篠崎2丁目,346498.49653099966,2,26.14277359329561,江戸川
江戸川区|東篠崎2丁目,346498.49653099966,2,967.4195672950345,江戸川
江戸川区|東篠崎2丁目,346498.49653099966,2,130.73791668062128,江戸川
江戸川区|東篠崎2丁目,346498.49653099966,2,78.44125083781078,江戸川
江戸川区|東篠崎2丁目,346498.49653099966,2,26.149175719346033,江戸川
江戸川区|東篠崎2丁目,346498.49653099966,2,52.29980021777908,江戸川
江戸川区|東篠崎2丁目,346498.49653099966,2,26.14316922184453,江戸川
江戸川区|東篠崎2丁目,346498.49653099966,2,261.47751600300666,江戸川
江戸川区|東篠崎2丁目,346498.49653099966,2,78.44785867660796,江戸川
江戸川区|東篠崎2丁目,346498.49653099966,3,92913.07755482163,江戸川
江戸川区|東篠崎2丁目,346498.49653099966,3,2118.063816572612,江戸川
江戸川区|東篠崎2丁目,346498.49653099966,3,26.150664170984932,江戸川
江戸川区|東篠崎2丁目,346498.49653099966,3,78.43938780715419,江戸川
江戸川区|東篠崎2丁目,346498.49653099966,3,522.9591707519462,江戸川
江戸川区|東篠崎2丁目,346498.49653099966,3,313.773954930707,江戸川
江戸川区|東篠崎2丁目,346498.49653099966,3,25.0076268627674,江戸川
江戸川区|東篠崎2丁目,346498.49653099966,3,1359.629021495446,江戸川
江戸川区|東篠崎2丁目,346498.49653099966,3,104.5849704538984,江戸川
江戸川区|東篠崎2丁目,346498.49653099966,3,366.0624425416915,江戸川
江戸川区|東篠崎2丁目,346498.49653099966,3,104.59589501439612,江戸川
江戸川区|東篠崎2丁目,346498.49653099966,3,52.29833448415748,江戸川
江戸川区|東篠崎2丁目,346498.49653099966,3,183.0373371248067,江戸川
江戸川区|東篠崎2丁目,346498.49653099966,3,26.149466904283415,江戸川
江戸川区|東篠崎2丁目,346498.49653099966,3,26.14906437170717,江戸川
江戸川区|東篠崎2丁目,346498.49653099966,3,52.29240908440318,江戸川
江戸川区|東篠崎2丁目,346498.49653099966,3,372.9520910489278,江戸川
江戸川区|東篠崎2丁目,346498.49653099966,3,52.29749824604809,江戸川
江戸川区|東篠崎2丁目,346498.49653099966,3,26.148433837460644,江戸川
江戸川区|西篠崎1丁目,98598.12356917922,2,130.70429910109928,江戸川
江戸川区|西篠崎1丁目,98598.12356917922,2,26.14208239889353,江戸川
江戸川区|西篠崎1丁目,98598.12356917922,2,757.8555969715684,江戸川
江戸川区|西篠崎1丁目,98598.12356917922,2,52.279705152021144,江戸川
江戸川区|西篠崎1丁目,98598.12356917922,2,287.5382874389667,江戸川
江戸川区|西篠崎1丁目,98598.12356917922,2,679.6606556215762,江戸川
江戸川区|西篠崎1丁目,98598.12356917922,2,78.42027186846816,江戸川
江戸川区|西篠崎1丁目,98598.12356917922,2,78.42215151971838,江戸川
江戸川区|西篠崎1丁目,98598.12356917922,2,26.13636021440163,江戸川
江戸川区|西篠崎1丁目,98598.12356917922,2,78.42248158743462,江戸川
江戸川区|西篠崎1丁目,98598.12356917922,2,26.14288903719725,江戸川
江戸川区|西篠崎1丁目,98598.12356917922,2,1019.4703875146697,江戸川
江戸川区|西篠崎1丁目,98598.12356917922,2,52.28530820635187,江戸川
江戸川区|西篠崎1丁目,98598.12356917922,2,78.41621363755591,江戸川
江戸川区|西篠崎1丁目,98598.12356917922,2,967.1962430952622,江戸川
江戸川区|西篠崎1丁目,98598.12356917922,2,339.83758350932914,江戸川
江戸川区|西篠崎1丁目,98598.12356917922,2,26.136320308804976,江戸川
江戸川区|西篠崎1丁目,98598.12356917922,2,26.14278303715512,江戸川
江戸川区|西篠崎1丁目,98598.12356917922,3,93866.91394895883,江戸川
江戸川区|西篠崎2丁目,122158.20512235617,2,59034.77962132832,江戸川
江戸川区|西篠崎2丁目,122158.20512235617,2,130.69688450839516,江戸川
江戸川区|西篠崎2丁目,122158.20512235617,2,653.5159537626821,江戸川
江戸川区|西篠崎2丁目,122158.20512235617,2,418.26617855613,江戸川
江戸川区|西篠崎2丁目,122158.20512235617,2,104.56042972342367,江戸川
江戸川区|西篠崎2丁目,122158.20512235617,2,209.115215309496,江戸川
江戸川区|西篠崎2丁目,122158.20512235617,2,156.8471842300618,江戸川
江戸川区|西篠崎2丁目,122158.20512235617,2,1228.6636072544047,江戸川
江戸川区|西篠崎2丁目,122158.20512235617,3,58958.30202734681,江戸川
江戸川区|西篠崎2丁目,122158.20512235617,3,78.42473041916617,江戸川
江戸川区|西篠崎2丁目,122158.20512235617,3,26.14357501236958,江戸川
江戸川区|西篠崎2丁目,122158.20512235617,3,862.6615942149019,江戸川
江戸川区|西篠崎2丁目,122158.20512235617,3,26.143695883691237,江戸川
江戸川区|西篠崎2丁目,122158.20512235617,3,26.14381684949204,江戸川
江戸川区|西篠崎2丁目,122158.20512235617,3,26.14357551694397,江戸川
江戸川区|西篠崎2丁目,122158.20512235617,3,26.143495136933755,江戸川
江戸川区|西篠崎2丁目,122158.20512235617,3,130.71750383254715,江戸川
江戸川区|西篠崎2丁目,122158.20512235617,3,60.936033470447924,江戸川
江戸川区|南篠崎町1丁目,247857.62521105795,2,25215.343271998656,江戸川
江戸川区|南篠崎町1丁目,247857.62521105795,2,1804.144541765738,江戸川
江戸川区|南篠崎町1丁目,247857.62521105795,2,209.16731843289753,江戸川
江戸川区|南篠崎町1丁目,247857.62521105795,2,26.14913776591236,江戸川
江戸川区|南篠崎町1丁目,247857.62521105795,2,52.29056743291182,江戸川
江戸川区|南篠崎町1丁目,247857.62521105795,2,78.43302479901658,江戸川
江戸川区|南篠崎町1丁目,247857.62521105795,2,4131.1983747516415,江戸川
江戸川区|南篠崎町1丁目,247857.62521105795,2,1934.8740117859877,江戸川
江戸川区|南篠崎町1丁目,247857.62521105795,2,209.17402950965962,江戸川
江戸川区|南篠崎町1丁目,247857.62521105795,2,26.148990329938467,江戸川
江戸川区|南篠崎町1丁目,247857.62521105795,2,26.14820421191801,江戸川
江戸川区|南篠崎町1丁目,247857.62521105795,2,52.29658309830552,江戸川
江戸川区|南篠崎町1丁目,247857.62521105795,2,26.148292771595102,江戸川
江戸川区|南篠崎町1丁目,247857.62521105795,2,26.142318374363498,江戸川
江戸川区|南篠崎町1丁目,247857.62521105795,2,26.149384892444964,江戸川
江戸川区|南篠崎町1丁目,247857.62521105795,2,156.888699903331,江戸川
江戸川区|南篠崎町1丁目,247857.62521105795,2,366.0547063247212,江戸川
江戸川区|南篠崎町1丁目,247857.62521105795,2,810.5368402101077,江戸川
江戸川区|南篠崎町1丁目,247857.62521105795,2,26.14834672730901,江戸川
江戸川区|南篠崎町1丁目,247857.62521105795,2,26.149184294346796,江戸川
江戸川区|南篠崎町1丁目,247857.62521105795,2,470.6479618093472,江戸川
江戸川区|南篠崎町1丁目,247857.62521105795,2,418.33494947713774,江戸川
江戸川区|南篠崎町1丁目,247857.62521105795,2,52.29690889240044,江戸川
江戸川区|南篠崎町1丁目,247857.62521105795,2,130.7308445085653,江戸川
江戸川区|南篠崎町1丁目,247857.62521105795,2,1255.0342566159695,江戸川
江戸川区|南篠崎町1丁目,247857.62521105795,2,3346.7743681795696,江戸川
江戸川区|南篠崎町1丁目,247857.62521105795,2,470.6400131718636,江戸川
江戸川区|南篠崎町1丁目,247857.62521105795,2,705.9688794000391,江戸川
江戸川区|南篠崎町1丁目,247857.62521105795,2,26.148025339015184,江戸川
江戸川区|南篠崎町1丁目,247857.62521105795,2,130.7297507408708,江戸川
江戸川区|南篠崎町1丁目,247857.62521105795,2,26.148025442776344,江戸川
江戸川区|南篠崎町1丁目,247857.62521105795,2,52.29021870510441,江戸川
江戸川区|南篠崎町1丁目,247857.62521105795,2,104.58152194887123,江戸川
江戸川区|南篠崎町1丁目,247857.62521105795,2,130.73196330291017,江戸川
江戸川区|南篠崎町1丁目,247857.62521105795,2,1882.5577406773302,江戸川
江戸川区|南篠崎町1丁目,247857.62521105795,2,104.57428411044707,江戸川
江戸川区|南篠崎町1丁目,247857.62521105795,2,26.149018829153963,江戸川
江戸川区|南篠崎町1丁目,247857.62521105795,2,496.7655182717117,江戸川
江戸川区|南篠崎町1丁目,247857.62521105795,2,522.9218826628709,江戸川
江戸川区|南篠崎町1丁目,247857.62521105795,2,156.87223131506977,江戸川
江戸川区|南篠崎町1丁目,247857.62521105795,2,470.63664694402746,江戸川
江戸川区|南篠崎町1丁目,247857.62521105795,2,52.29827987399088,江戸川
江戸川区|南篠崎町1丁目,247857.62521105795,2,1961.0268551360662,江戸川
江戸川区|南篠崎町1丁目,247857.62521105795,2,1045.8337185600637,江戸川
江戸川区|南篠崎町1丁目,247857.62521105795,2,627.5207695711078,江戸川
江戸川区|南篠崎町1丁目,247857.62521105795,2,183.0207680282917,江戸川
江戸川区|南篠崎町1丁目,247857.62521105795,2,1281.1692748566088,江戸川
江戸川区|南篠崎町1丁目,247857.62521105795,2,1777.9784743374169,江戸川
江戸川区|南篠崎町1丁目,247857.62521105795,2,235.30882122921872,江戸川
江戸川区|南篠崎町1丁目,247857.62521105795,2,26.14297253151119,江戸川
江戸川区|南篠崎町1丁目,247857.62521105795,2,1908.7204310886254,江戸川
江戸川区|南篠崎町1丁目,247857.62521105795,2,26.148099560551277,江戸川
江戸川区|南篠崎町1丁目,247857.62521105795,2,52.292073378535264,江戸川
江戸川区|南篠崎町1丁目,247857.62521105795,2,4.308190834960439,江戸川
江戸川区|南篠崎町1丁目,247857.62521105795,2,261.46637020160625,江戸川
江戸川区|南篠崎町1丁目,247857.62521105795,2,78.43941617281058,江戸川
江戸川区|南篠崎町1丁目,247857.62521105795,2,52.29212716831108,江戸川
江戸川区|南篠崎町1丁目,247857.62521105795,2,1202.720096972058,江戸川
江戸川区|南篠崎町1丁目,247857.62521105795,2,470.6438327552187,江戸川
江戸川区|南篠崎町1丁目,247857.62521105795,2,26.142530321327968,江戸川
江戸川区|南篠崎町1丁目,247857.62521105795,2,26.149114202775934,江戸川
江戸川区|南篠崎町1丁目,247857.62521105795,2,209.17073474857892,江戸川
江戸川区|南篠崎町1丁目,247857.62521105795,2,1333.4651250004908,江戸川
江戸川区|南篠崎町1丁目,247857.62521105795,2,0.25531381824440463,江戸川
江戸川区|南篠崎町1丁目,247857.62521105795,2,26.148449135272088,江戸川
江戸川区|南篠崎町1丁目,247857.62521105795,3,188568.65990000477,江戸川
江戸川区|南篠崎町1丁目,247857.62521105795,3,26.14897722294734,江戸川
江戸川区|南篠崎町1丁目,247857.62521105795,3,78.44554968647967,江戸川
江戸川区|南篠崎町1丁目,247857.62521105795,3,26.148415525274544,江戸川
江戸川区|南篠崎町1丁目,247857.62521105795,3,52.290515768599015,江戸川
江戸川区|南篠崎町1丁目,247857.62521105795,3,26.1491736401808,江戸川
江戸川区|南篠崎町2丁目,207404.0443646977,2,78.44411165461092,江戸川
江戸川区|南篠崎町2丁目,207404.0443646977,2,26.150389344350767,江戸川
江戸川区|南篠崎町2丁目,207404.0443646977,2,78.4435735726027,江戸川
江戸川区|南篠崎町2丁目,207404.0443646977,2,1438.1598027999523,江戸川
江戸川区|南篠崎町2丁目,207404.0443646977,2,26.149390609072,江戸川
江戸川区|南篠崎町2丁目,207404.0443646977,2,705.9643069840483,江戸川
江戸川区|南篠崎町2丁目,207404.0443646977,3,204972.29128624903,江戸川
江戸川区|南篠崎町2丁目,207404.0443646977,3,26.148948308473102,江戸川
江戸川区|南篠崎町2丁目,207404.0443646977,4,52.29255517557936,江戸川
江戸川区|南篠崎町3丁目,103634.82792989153,2,0.06190973202330696,江戸川
江戸川区|南篠崎町3丁目,103634.82792989153,2,26.148448884447305,江戸川
江戸川区|南篠崎町3丁目,103634.82792989153,2,52.29110536957736,江戸川
江戸川区|南篠崎町3丁目,103634.82792989153,2,784.3942001765624,江戸川
江戸川区|南篠崎町3丁目,103634.82792989153,2,5677.568430523903,江戸川
江戸川区|南篠崎町3丁目,103634.82792989153,2,26.14220102177546,江戸川
江戸川区|南篠崎町3丁目,103634.82792989153,2,26.148776546329408,江戸川
江戸川区|南篠崎町3丁目,103634.82792989153,2,104.58314824614148,江戸川
江戸川区|南篠崎町3丁目,103634.82792989153,2,3388.1033257904473,江戸川
江戸川区|南篠崎町3丁目,103634.82792989153,2,26.148852319987974,江戸川
江戸川区|南篠崎町3丁目,103634.82792989153,2,156.87760825526948,江戸川
江戸川区|南篠崎町3丁目,103634.82792989153,2,125.43389337321278,江戸川
江戸川区|南篠崎町3丁目,103634.82792989153,2,130.7362499625833,江戸川
江戸川区|南篠崎町3丁目,103634.82792989153,2,26.148665469738443,江戸川
江戸川区|南篠崎町3丁目,103634.82792989153,2,26.142403725634665,江戸川
江戸川区|南篠崎町3丁目,103634.82792989153,2,522.9274601403456,江戸川
江戸川区|南篠崎町3丁目,103634.82792989153,2,2222.4702447519358,江戸川
江戸川区|南篠崎町3丁目,103634.82792989153,3,89875.41093475709,江戸川
江戸川区|南篠崎町3丁目,103634.82792989153,3,34.040686663245374,江戸川
江戸川区|南篠崎町3丁目,103634.82792989153,3,78.4383489538609,江戸川
江戸川区|南篠崎町3丁目,103634.82792989153,3,37.00782934558675,江戸川
江戸川区|南篠崎町3丁目,103634.82792989153,3,287.60320588178354,江戸川
江戸川区|南篠崎町4丁目,234306.7048122982,2,5281.913417500166,江戸川
江戸川区|南篠崎町4丁目,234306.7048122982,2,0.25867175528383024,江戸川
江戸川区|南篠崎町4丁目,234306.7048122982,2,49.283033824991904,江戸川
江戸川区|南篠崎町4丁目,234306.7048122982,2,3768.061208562173,江戸川
江戸川区|南篠崎町4丁目,234306.7048122982,2,313.73446236208605,江戸川
江戸川区|南篠崎町4丁目,234306.7048122982,2,4915.403259406083,江戸川
江戸川区|南篠崎町4丁目,234306.7048122982,2,3425.0364950376447,江戸川
江戸川区|南篠崎町4丁目,234306.7048122982,2,1777.8693144352887,江戸川
江戸川区|南篠崎町4丁目,234306.7048122982,2,5098.443513107336,江戸川
江戸川区|南篠崎町4丁目,234306.7048122982,2,841.9799410611982,江戸川
江戸川区|南篠崎町4丁目,234306.7048122982,2,5385.93298743481,江戸川
江戸川区|南篠崎町4丁目,234306.7048122982,2,26.147645487630783,江戸川
江戸川区|南篠崎町4丁目,234306.7048122982,2,26.142234502347637,江戸川
江戸川区|南篠崎町4丁目,234306.7048122982,2,2745.3637465283955,江戸川
江戸川区|南篠崎町4丁目,234306.7048122982,2,104.5904627199596,江戸川
江戸川区|南篠崎町4丁目,234306.7048122982,2,261.47288784455947,江戸川
江戸川区|南篠崎町4丁目,234306.7048122982,2,2536.122875274266,江戸川
江戸川区|南篠崎町4丁目,234306.7048122982,2,52.28274767838416,江戸川
江戸川区|南篠崎町4丁目,234306.7048122982,2,392.2060506911454,江戸川
江戸川区|南篠崎町4丁目,234306.7048122982,2,104.58108388208161,江戸川
江戸川区|南篠崎町4丁目,234306.7048122982,2,9673.761161100787,江戸川
江戸川区|南篠崎町4丁目,234306.7048122982,2,2509.998456985213,江戸川
江戸川区|南篠崎町4丁目,234306.7048122982,2,26.148491715350364,江戸川
江戸川区|南篠崎町4丁目,234306.7048122982,2,26.147598108177547,江戸川
江戸川区|南篠崎町4丁目,234306.7048122982,2,26.14866622521393,江戸川
江戸川区|南篠崎町4丁目,234306.7048122982,2,52.291017094327444,江戸川
江戸川区|南篠崎町4丁目,234306.7048122982,2,78.44180936382921,江戸川
江戸川区|南篠崎町4丁目,234306.7048122982,2,1045.8605011711009,江戸川
江戸川区|南篠崎町4丁目,234306.7048122982,2,3686.5421143147587,江戸川
江戸川区|南篠崎町4丁目,234306.7048122982,2,26.142042679797676,江戸川
江戸川区|南篠崎町4丁目,234306.7048122982,2,26.148135442386092,江戸川
江戸川区|南篠崎町4丁目,234306.7048122982,2,339.90131713998534,江戸川
江戸川区|南篠崎町4丁目,234306.7048122982,2,4784.564652355298,江戸川
江戸川区|南篠崎町4丁目,234306.7048122982,2,261.4735759056187,江戸川
江戸川区|南篠崎町4丁目,234306.7048122982,2,52.29652889732765,江戸川
江戸川区|南篠崎町4丁目,234306.7048122982,2,52.290036715957015,江戸川
江戸川区|南篠崎町4丁目,234306.7048122982,2,1411.840509667291,江戸川
江戸川区|南篠崎町4丁目,234306.7048122982,2,52.289730983580554,江戸川
江戸川区|南篠崎町4丁目,234306.7048122982,2,705.9287027030567,江戸川
江戸川区|南篠崎町4丁目,234306.7048122982,2,156.87345730163233,江戸川
江戸川区|南篠崎町4丁目,234306.7048122982,2,26.14158507126521,江戸川
江戸川区|南篠崎町4丁目,234306.7048122982,2,209.15807119167422,江戸川
江戸川区|南篠崎町4丁目,234306.7048122982,2,26.14764818572838,江戸川
江戸川区|南篠崎町4丁目,234306.7048122982,2,156.87429765880063,江戸川
江戸川区|南篠崎町4丁目,234306.7048122982,2,888.9405632019264,江戸川
江戸川区|南篠崎町4丁目,234306.7048122982,2,2745.317728183572,江戸川
江戸川区|南篠崎町4丁目,234306.7048122982,2,444.46576658354587,江戸川
江戸川区|南篠崎町4丁目,234306.7048122982,2,78.43774629720038,江戸川
江戸川区|南篠崎町4丁目,234306.7048122982,2,130.72718666192335,江戸川
江戸川区|南篠崎町4丁目,234306.7048122982,3,166664.0024136362,江戸川
江戸川区|南篠崎町4丁目,234306.7048122982,3,26.147617572150413,江戸川
江戸川区|南篠崎町4丁目,234306.7048122982,3,26.147604212591517,江戸川
江戸川区|南篠崎町4丁目,234306.7048122982,3,128.6467511210987,江戸川
江戸川区|南篠崎町4丁目,234306.7048122982,3,104.57875987795244,江戸川
江戸川区|南篠崎町4丁目,234306.7048122982,3,183.0254404932368,江戸川
江戸川区|南篠崎町4丁目,234306.7048122982,3,104.57880924198847,江戸川
江戸川区|南篠崎町4丁目,234306.7048122982,3,26.141509648245986,江戸川
江戸川区|南篠崎町4丁目,234306.7048122982,3,52.29490199068545,江戸川
江戸川区|南篠崎町4丁目,234306.7048122982,3,78.42578680124393,江戸川
江戸川区|南篠崎町4丁目,234306.7048122982,3,26.147718851810712,江戸川
江戸川区|南篠崎町4丁目,234306.7048122982,3,26.147767754830042,江戸川
江戸川区|南篠崎町4丁目,234306.7048122982,3,26.147598842180614,江戸川
江戸川区|南篠崎町4丁目,234306.7048122982,3,26.1469942518875,江戸川
江戸川区|南篠崎町5丁目,135685.54177856861,2,148.20842046729712,江戸川
江戸川区|南篠崎町5丁目,135685.54177856861,2,42988.190240624914,江戸川
江戸川区|南篠崎町5丁目,135685.54177856861,2,52.29937112157415,江戸川
江戸川区|南篠崎町5丁目,135685.54177856861,2,26.14328550057744,江戸川
江戸川区|南篠崎町5丁目,135685.54177856861,2,235.33516648356266,江戸川
江戸川区|南篠崎町5丁目,135685.54177856861,2,366.06313961403373,江戸川
江戸川区|南篠崎町5丁目,135685.54177856861,2,26.143456533167814,江戸川
江戸川区|南篠崎町5丁目,135685.54177856861,2,26.149718569328932,江戸川
江戸川区|南篠崎町5丁目,135685.54177856861,2,78.44308309345034,江戸川
江戸川区|南篠崎町5丁目,135685.54177856861,2,26.149397177464813,江戸川
江戸川区|南篠崎町5丁目,135685.54177856861,2,52.29951082303473,江戸川
江戸川区|南篠崎町5丁目,135685.54177856861,2,26.148834049931487,江戸川
江戸川区|南篠崎町5丁目,135685.54177856861,3,91502.09880802473,江戸川
江戸川区|南篠崎町5丁目,135685.54177856861,3,52.29295769876416,江戸川
江戸川区|南篠崎町5丁目,135685.54177856861,3,26.149222255359184,江戸川
江戸川区|南篠崎町5丁目,135685.54177856861,3,26.143288010973173,江戸川
江戸川区|南篠崎町5丁目,135685.54177856861,3,1.135428112645978,江戸川
江戸川区|南篠崎町5丁目,135685.54177856861,3,26.148450407629632,江戸川
江戸川区|下篠崎町,123371.87841366716,2,99214.0400919649,江戸川
江戸川区|下篠崎町,123371.87841366716,2,104.5688899376481,江戸川
江戸川区|下篠崎町,123371.87841366716,2,26.14833012266268,江戸川
江戸川区|下篠崎町,123371.87841366716,2,104.58151445584764,江戸川
江戸川区|下篠崎町,123371.87841366716,2,104.58060244796594,江戸川
江戸川区|下篠崎町,123371.87841366716,2,130.72824792966128,江戸川
江戸川区|下篠崎町,123371.87841366716,2,26.148178519304174,江戸川
江戸川区|下篠崎町,123371.87841366716,2,26.14189010669132,江戸川
江戸川区|下篠崎町,123371.87841366716,2,52.57248988189528,江戸川
江戸川区|下篠崎町,123371.87841366716,3,14255.623247194679,江戸川
江戸川区|下篠崎町,123371.87841366716,3,156.88142591481517,江戸川
江戸川区|下篠崎町,123371.87841366716,3,52.28287759681126,江戸川
江戸川区|下篠崎町,123371.87841366716,3,26.147950063461415,江戸川
江戸川区|下篠崎町,123371.87841366716,3,235.3143095651015,江戸川
江戸川区|下篠崎町,123371.87841366716,3,104.58535865540635,江戸川
江戸川区|下篠崎町,123371.87841366716,3,3994.778013726856,江戸川
江戸川区|下篠崎町,123371.87841366716,3,26.147821696232317,江戸川
江戸川区|下篠崎町,123371.87841366716,3,3921.737189068551,江戸川
江戸川区|下篠崎町,123371.87841366716,3,8.400280028746305,江戸川
江戸川区|下篠崎町,123371.87841366716,3,530.0548498887314,江戸川
江戸川区|下篠崎町,123371.87841366716,3,27.947532439250363,江戸川
江戸川区|下篠崎町,123371.87841366716,3,104.57419723856107,江戸川
江戸川区|下篠崎町,123371.87841366716,3,137.89312522363252,江戸川
江戸川区|新堀1丁目,224262.2970036675,1,52.28331836253153,江戸川
江戸川区|新堀1丁目,224262.2970036675,1,19.679593136962573,江戸川
江戸川区|新堀1丁目,224262.2970036675,1,52.28396291213255,江戸川
江戸川区|新堀1丁目,224262.2970036675,1,26.14544189289947,江戸川
江戸川区|新堀1丁目,224262.2970036675,1,52.29037159237859,江戸川
江戸川区|新堀1丁目,224262.2970036675,1,26.145313309462175,江戸川
江戸川区|新堀1丁目,224262.2970036675,1,104.57505393196712,江戸川
江戸川区|新堀1丁目,224262.2970036675,1,78.43578715328785,江戸川
江戸川区|新堀1丁目,224262.2970036675,1,26.145232918295633,江戸川
江戸川区|新堀1丁目,224262.2970036675,1,52.291096698487785,江戸川
江戸川区|新堀1丁目,224262.2970036675,1,52.291338331252746,江戸川
江戸川区|新堀1丁目,224262.2970036675,1,104.57043884075931,江戸川
江戸川区|新堀1丁目,224262.2970036675,1,52.29151295085119,江戸川
江戸川区|新堀1丁目,224262.2970036675,1,26.14523300126136,江戸川
江戸川区|新堀1丁目,224262.2970036675,1,26.145192754855195,江戸川
江戸川区|新堀1丁目,224262.2970036675,1,26.13918122013317,江戸川
江戸川区|新堀1丁目,224262.2970036675,1,52.290742415690175,江戸川
江戸川区|新堀1丁目,224262.2970036675,1,26.139777331767828,江戸川
江戸川区|新堀1丁目,224262.2970036675,1,26.14623980504183,江戸川
江戸川区|新堀1丁目,224262.2970036675,1,52.28608429012896,江戸川
江戸川区|新堀1丁目,224262.2970036675,1,52.2864064404365,江戸川
江戸川区|新堀1丁目,224262.2970036675,1,26.146280145430374,江戸川
江戸川区|新堀1丁目,224262.2970036675,1,26.140099595143475,江戸川
江戸川区|新堀1丁目,224262.2970036675,1,63.127329490887696,江戸川
江戸川区|新堀1丁目,224262.2970036675,2,163686.06442234816,江戸川
江戸川区|新堀1丁目,224262.2970036675,2,138.00287408899726,江戸川
江戸川区|新堀1丁目,224262.2970036675,2,156.859547843603,江戸川
江戸川区|新堀1丁目,224262.2970036675,2,915.0169221993901,江戸川
江戸川区|新堀1丁目,224262.2970036675,2,366.01810962902005,江戸川
江戸川区|新堀1丁目,224262.2970036675,2,26.139133222231386,江戸川
江戸川区|新堀1丁目,224262.2970036675,2,26.139053404724766,江戸川
江戸川区|新堀1丁目,224262.2970036675,3,3977.024321321899,江戸川
江戸川区|新堀1丁目,224262.2970036675,3,235.28736151618293,江戸川
江戸川区|新堀1丁目,224262.2970036675,3,26.14515229054526,江戸川
江戸川区|新堀1丁目,224262.2970036675,3,52.29079002114438,江戸川
江戸川区|新堀1丁目,224262.2970036675,3,130.72057670831407,江戸川
江戸川区|新堀1丁目,224262.2970036675,3,1882.3162998612963,江戸川
江戸川区|新堀1丁目,224262.2970036675,3,104.58249893847785,江戸川
江戸川区|新堀1丁目,224262.2970036675,3,1045.8813619215123,江戸川
江戸川区|新堀1丁目,224262.2970036675,3,5516.349028356049,江戸川
江戸川区|新堀1丁目,224262.2970036675,3,26.14515263169867,江戸川
江戸川区|新堀1丁目,224262.2970036675,3,26.14517951918939,江戸川
江戸川区|新堀1丁目,224262.2970036675,3,26.145555508177303,江戸川
江戸川区|新堀1丁目,224262.2970036675,3,26.139214069584376,江戸川
江戸川区|新堀1丁目,224262.2970036675,3,52.278798505256866,江戸川
江戸川区|新堀1丁目,224262.2970036675,3,26.145523287439445,江戸川
江戸川区|新堀1丁目,224262.2970036675,3,52.27831559981355,江戸川
江戸川区|新堀1丁目,224262.2970036675,3,104.56970128131088,江戸川
江戸川区|新堀1丁目,224262.2970036675,3,52.290695833224554,江戸川
江戸川区|新堀1丁目,224262.2970036675,3,2143.7632841628592,江戸川
江戸川区|新堀1丁目,224262.2970036675,3,52.27923490301932,江戸川
江戸川区|新堀1丁目,224262.2970036675,3,7.64645784812619,江戸川
江戸川区|新堀1丁目,224262.2970036675,3,26.14624882491757,江戸川
江戸川区|新堀1丁目,224262.2970036675,3,26.139778580789446,江戸川
江戸川区|新堀1丁目,224262.2970036675,3,2483.666189457912,江戸川
江戸川区|新堀1丁目,224262.2970036675,3,52.291019114184785,江戸川
江戸川区|新堀1丁目,224262.2970036675,3,26.145758068380772,江戸川
江戸川区|新堀1丁目,224262.2970036675,3,627.4445670353715,江戸川
江戸川区|新堀1丁目,224262.2970036675,3,26.145752678496947,江戸川
江戸川区|新堀1丁目,224262.2970036675,3,78.43808034033526,江戸川
江戸川区|新堀1丁目,224262.2970036675,3,16.003611072705933,江戸川
江戸川区|新堀1丁目,224262.2970036675,3,4.384287254943581,江戸川
江戸川区|新堀1丁目,224262.2970036675,3,26.145422763180523,江戸川
江戸川区|新堀1丁目,224262.2970036675,3,26.145234866414214,江戸川
江戸川区|新堀1丁目,224262.2970036675,3,78.42955105391815,江戸川
江戸川区|新堀1丁目,224262.2970036675,3,52.29069803550689,江戸川
江戸川区|新堀2丁目,122528.10670848962,2,55543.13909758341,江戸川
江戸川区|新堀2丁目,122528.10670848962,2,1228.751832271915,江戸川
江戸川区|新堀2丁目,122528.10670848962,2,287.57992780637335,江戸川
江戸川区|新堀2丁目,122528.10670848962,2,78.43128597980694,江戸川
江戸川区|新堀2丁目,122528.10670848962,2,2875.7968150786123,江戸川
江戸川区|新堀2丁目,122528.10670848962,2,156.86900090308632,江戸川
江戸川区|新堀2丁目,122528.10670848962,2,1803.9334386998096,江戸川
江戸川区|新堀2丁目,122528.10670848962,2,26.138975390891012,江戸川
江戸川区|新堀2丁目,122528.10670848962,2,26.13965981220108,江戸川
江戸川区|新堀2丁目,122528.10670848962,2,1901.4146155137612,江戸川
江戸川区|新堀2丁目,122528.10670848962,2,156.85870922415398,江戸川
江戸川区|新堀2丁目,122528.10670848962,2,52.29166773362537,江戸川
江戸川区|新堀2丁目,122528.10670848962,2,1228.7301206221307,江戸川
江戸川区|新堀2丁目,122528.10670848962,2,601.2909340610806,江戸川
江戸川区|新堀2丁目,122528.10670848962,2,705.8711118833336,江戸川
江戸川区|新堀2丁目,122528.10670848962,2,156.8631088998012,江戸川
江戸川区|新堀2丁目,122528.10670848962,2,1176.4644900469282,江戸川
江戸川区|新堀2丁目,122528.10670848962,2,52.29149424984814,江戸川
江戸川区|新堀2丁目,122528.10670848962,2,104.58140488257399,江戸川
江戸川区|新堀2丁目,122528.10670848962,2,130.71649051371847,江戸川
江戸川区|新堀2丁目,122528.10670848962,2,1751.6166651592675,江戸川
江戸川区|新堀2丁目,122528.10670848962,2,732.0474430908793,江戸川
江戸川区|新堀2丁目,122528.10670848962,2,78.4377256057835,江戸川
江戸川区|新堀2丁目,122528.10670848962,2,705.8913930559526,江戸川
江戸川区|新堀2丁目,122528.10670848962,2,1594.7686712988973,江戸川
江戸川区|新堀2丁目,122528.10670848962,2,235.2941898248988,江戸川
江戸川区|新堀2丁目,122528.10670848962,2,130.71649914475088,江戸川
江戸川区|新堀2丁目,122528.10670848962,2,0.7125766400709046,江戸川
江戸川区|新堀2丁目,122528.10670848962,3,48136.149333265465,江戸川
江戸川区|新堀2丁目,122528.10670848962,3,46.04947633429333,江戸川
江戸川区|新堀2丁目,122528.10670848962,3,37.96129526159223,江戸川
江戸川区|新堀2丁目,122528.10670848962,3,209.14334598088993,江戸川
江戸川区|新堀2丁目,122528.10670848962,3,26.146068176615124,江戸川
江戸川区|新堀2丁目,122528.10670848962,3,52.28415728621903,江戸川
江戸川区|新堀2丁目,122528.10670848962,3,26.145316484158712,江戸川
江戸川区|新堀2丁目,122528.10670848962,3,287.59086611660774,江戸川
江戸川区|新堀2丁目,122528.10670848962,3,26.14635019669814,江戸川
江戸川区|新堀2丁目,122528.10670848962,3,78.43289676554252,江戸川
江戸川区|新堀2丁目,122528.10670848962,3,26.13966000242918,江戸川
江戸川区|新堀2丁目,122528.10670848962,3,52.27859764157375,江戸川
江戸川区|瑞江1丁目,233458.92111685392,2,87254.60947870002,江戸川
江戸川区|瑞江1丁目,233458.92111685392,2,865.2444578706156,江戸川
江戸川区|瑞江1丁目,233458.92111685392,2,661.3327867503123,江戸川
江戸川区|瑞江1丁目,233458.92111685392,2,1199.0026857631717,江戸川
江戸川区|瑞江1丁目,233458.92111685392,2,3346.6412501135032,江戸川
江戸川区|瑞江1丁目,233458.92111685392,2,941.2382529311467,江戸川
江戸川区|瑞江1丁目,233458.92111685392,2,130.737736306459,江戸川
江戸川区|瑞江1丁目,233458.92111685392,2,52.29505233228827,江戸川
江戸川区|瑞江1丁目,233458.92111685392,2,22851.23105442699,江戸川
江戸川区|瑞江1丁目,233458.92111685392,2,401.0432161409901,江戸川
江戸川区|瑞江1丁目,233458.92111685392,2,24.29071785552918,江戸川
江戸川区|瑞江1丁目,233458.92111685392,2,1385.7360052951528,江戸川
江戸川区|瑞江1丁目,233458.92111685392,2,26.147399631349664,江戸川
江戸川区|瑞江1丁目,233458.92111685392,2,104.57777377713641,江戸川
江戸川区|瑞江1丁目,233458.92111685392,2,26.14111151204491,江戸川
江戸川区|瑞江1丁目,233458.92111685392,2,78.4440247673401,江戸川
江戸川区|瑞江1丁目,233458.92111685392,2,601.3524127966579,江戸川
江戸川区|瑞江1丁目,233458.92111685392,2,522.9193537217096,江戸川
江戸川区|瑞江1丁目,233458.92111685392,2,26.14768183134447,江戸川
江戸川区|瑞江1丁目,233458.92111685392,2,104.57186255423478,江戸川
江戸川区|瑞江1丁目,233458.92111685392,2,183.01392977531123,江戸川
江戸川区|瑞江1丁目,233458.92111685392,2,52.282707187045816,江戸川
江戸川区|瑞江1丁目,233458.92111685392,2,78.436208332227,江戸川
江戸川区|瑞江1丁目,233458.92111685392,2,1987.032501844349,江戸川
江戸川区|瑞江1丁目,233458.92111685392,2,627.4857971912622,江戸川
江戸川区|瑞江1丁目,233458.92111685392,2,313.73806107000604,江戸川
江戸川区|瑞江1丁目,233458.92111685392,2,2902.1233483451692,江戸川
江戸川区|瑞江1丁目,233458.92111685392,2,1621.0265431258704,江戸川
江戸川区|瑞江1丁目,233458.92111685392,2,26.147897456222005,江戸川
江戸川区|瑞江1丁目,233458.92111685392,2,915.1023200800752,江戸川
江戸川区|瑞江1丁目,233458.92111685392,2,810.5171931096562,江戸川
江戸川区|瑞江1丁目,233458.92111685392,2,78.44349981369622,江戸川
江戸川区|瑞江1丁目,233458.92111685392,2,3869.47759031824,江戸川
江戸川区|瑞江1丁目,233458.92111685392,2,1934.7753442330106,江戸川
江戸川区|瑞江1丁目,233458.92111685392,2,26.147642885994614,江戸川
江戸川区|瑞江1丁目,233458.92111685392,2,810.5126239796604,江戸川
江戸川区|瑞江1丁目,233458.92111685392,2,104.57828229857846,江戸川
江戸川区|瑞江1丁目,233458.92111685392,2,26.147602777134853,江戸川
江戸川区|瑞江1丁目,233458.92111685392,2,26.147812310709618,江戸川
江戸川区|瑞江1丁目,233458.92111685392,2,261.44659339193163,江戸川
江戸川区|瑞江1丁目,233458.92111685392,2,1960.8664322671777,江戸川
江戸川区|瑞江1丁目,233458.92111685392,3,87286.98726032153,江戸川
江戸川区|瑞江1丁目,233458.92111685392,3,26.147886707966737,江戸川
江戸川区|瑞江1丁目,233458.92111685392,3,653.6388973575059,江戸川
江戸川区|瑞江1丁目,233458.92111685392,3,104.5773306518129,江戸川
江戸川区|瑞江1丁目,233458.92111685392,3,26.14099005423777,江戸川
江戸川区|瑞江1丁目,233458.92111685392,3,26.147399126559968,江戸川
江戸川区|瑞江1丁目,233458.92111685392,3,4653.898520104824,江戸川
江戸川区|瑞江1丁目,233458.92111685392,3,52.294892271622714,江戸川
江戸川区|瑞江1丁目,233458.92111685392,3,26.141151174369043,江戸川
江戸川区|瑞江1丁目,233458.92111685392,3,26.147801887994635,江戸川
江戸川区|瑞江1丁目,233458.92111685392,3,26.14151353718563,江戸川
江戸川区|瑞江1丁目,233458.92111685392,3,26.147761686024413,江戸川
江戸川区|瑞江1丁目,233458.92111685392,3,26.14768135450744,江戸川
江戸川区|瑞江1丁目,233458.92111685392,3,52.294894216885275,江戸川
江戸川区|瑞江1丁目,233458.92111685392,3,52.2885657149614,江戸川
江戸川区|瑞江1丁目,233458.92111685392,3,26.147400228337183,江戸川
江戸川区|瑞江1丁目,233458.92111685392,3,104.58321577760981,江戸川
江戸川区|瑞江1丁目,233458.92111685392,3,104.5833480671029,江戸川
江戸川区|瑞江1丁目,233458.92111685392,3,26.14723940408437,江戸川
江戸川区|瑞江1丁目,233458.92111685392,3,26.14733480623782,江戸川
江戸川区|瑞江1丁目,233458.92111685392,3,26.141194273330353,江戸川
江戸川区|瑞江1丁目,233458.92111685392,3,26.14675432327794,江戸川
江戸川区|瑞江1丁目,233458.92111685392,3,104.58198947830226,江戸川
江戸川区|瑞江1丁目,233458.92111685392,3,26.146848924424148,江戸川
江戸川区|瑞江1丁目,233458.92111685392,3,78.42224594061133,江戸川
江戸川区|瑞江1丁目,233458.92111685392,3,392.1614654541672,江戸川
江戸川区|瑞江1丁目,233458.92111685392,3,26.140749012032337,江戸川
江戸川区|瑞江1丁目,233458.92111685392,3,207.2745381247473,江戸川
江戸川区|瑞江2丁目,175281.3215945997,2,35.772881811959216,江戸川
江戸川区|瑞江2丁目,175281.3215945997,2,2797.638584020475,江戸川
江戸川区|瑞江2丁目,175281.3215945997,2,2379.300453096451,江戸川
江戸川区|瑞江2丁目,175281.3215945997,2,26.148460142255715,江戸川
江戸川区|瑞江2丁目,175281.3215945997,2,52.29642428352201,江戸川
江戸川区|瑞江2丁目,175281.3215945997,2,26.14846054321092,江戸川
江戸川区|瑞江2丁目,175281.3215945997,2,915.1068861199244,江戸川
江戸川区|瑞江2丁目,175281.3215945997,2,156.864994573956,江戸川
江戸川区|瑞江2丁目,175281.3215945997,2,52.297184750467636,江戸川
江戸川区|瑞江2丁目,175281.3215945997,2,52.28977479502356,江戸川
江戸川区|瑞江2丁目,175281.3215945997,2,26.148165873672014,江戸川
江戸川区|瑞江2丁目,175281.3215945997,2,183.02002135853186,江戸川
江戸川区|瑞江2丁目,175281.3215945997,2,26.141957973680196,江戸川
江戸川区|瑞江2丁目,175281.3215945997,2,78.44510981076262,江戸川
江戸川区|瑞江2丁目,175281.3215945997,2,52.28359409816639,江戸川
江戸川区|瑞江2丁目,175281.3215945997,2,26.142038721941528,江戸川
江戸川区|瑞江2丁目,175281.3215945997,2,8026.826109024616,江戸川
江戸川区|瑞江2丁目,175281.3215945997,2,52.28512430595438,江戸川
江戸川区|瑞江2丁目,175281.3215945997,2,1777.8688028637432,江戸川
江戸川区|瑞江2丁目,175281.3215945997,2,104.59011050062031,江戸川
江戸川区|瑞江2丁目,175281.3215945997,2,339.89958402863874,江戸川
江戸川区|瑞江2丁目,175281.3215945997,2,4309.966709710224,江戸川
江戸川区|瑞江2丁目,175281.3215945997,2,1516.454525539658,江戸川
江戸川区|瑞江2丁目,175281.3215945997,2,261.46203874325573,江戸川
江戸川区|瑞江2丁目,175281.3215945997,2,104.57896639492269,江戸川
江戸川区|瑞江2丁目,175281.3215945997,2,26.14163772536689,江戸川
江戸川区|瑞江2丁目,175281.3215945997,2,7.79903521629152,江戸川
江戸川区|瑞江2丁目,175281.3215945997,3,150289.1167144267,江戸川
江戸川区|瑞江2丁目,175281.3215945997,3,156.87700314476731,江戸川
江戸川区|瑞江2丁目,175281.3215945997,3,78.44485749724932,江戸川
江戸川区|瑞江2丁目,175281.3215945997,3,52.29033726611389,江戸川
江戸川区|瑞江2丁目,175281.3215945997,3,78.44401686815586,江戸川
江戸川区|瑞江2丁目,175281.3215945997,3,52.28351637777982,江戸川
江戸川区|瑞江2丁目,175281.3215945997,3,26.148333628499195,江戸川
江戸川区|瑞江2丁目,175281.3215945997,3,18.25567520977795,江戸川
江戸川区|瑞江2丁目,175281.3215945997,3,26.148006478163285,江戸川
江戸川区|瑞江2丁目,175281.3215945997,3,26.1417180889136,江戸川
江戸川区|瑞江2丁目,175281.3215945997,3,69.665299705681,江戸川
江戸川区|瑞江2丁目,175281.3215945997,4,549.0935814105798,江戸川
江戸川区|瑞江2丁目,175281.3215945997,4,444.4948984699116,江戸川
江戸川区|瑞江3丁目,86001.96997073697,2,26.148305342753513,江戸川
江戸川区|瑞江3丁目,86001.96997073697,2,3.6884059836761858,江戸川
江戸川区|瑞江3丁目,86001.96997073697,2,522.9300432261786,江戸川
江戸川区|瑞江3丁目,86001.96997073697,2,653.6299866924886,江戸川
江戸川区|瑞江3丁目,86001.96997073697,2,470.6255670405919,江戸川
江戸川区|瑞江3丁目,86001.96997073697,2,17.291663103295043,江戸川
江戸川区|瑞江3丁目,86001.96997073697,2,156.88361171774883,江戸川
江戸川区|瑞江3丁目,86001.96997073697,2,1621.0780199655176,江戸川
江戸川区|瑞江3丁目,86001.96997073697,2,1309.1531462341907,江戸川
江戸川区|瑞江3丁目,86001.96997073697,2,26.141955994659344,江戸川
江戸川区|瑞江3丁目,86001.96997073697,2,1882.512274214927,江戸川
江戸川区|瑞江3丁目,86001.96997073697,2,1202.7260415952169,江戸川
江戸川区|瑞江3丁目,86001.96997073697,2,444.4955329109704,江戸川
江戸川区|瑞江3丁目,86001.96997073697,3,77612.38166551717,江戸川
江戸川区|瑞江3丁目,86001.96997073697,3,52.28375119755449,江戸川
江戸川区|瑞江4丁目,154154.80456537625,2,265.427516543715,江戸川
江戸川区|瑞江4丁目,154154.80456537625,2,392.2183020755281,江戸川
江戸川区|瑞江4丁目,154154.80456537625,2,470.67583060758955,江戸川
江戸川区|瑞江4丁目,154154.80456537625,2,130.74951484064616,江戸川
江戸川区|瑞江4丁目,154154.80456537625,2,26.149665979128695,江戸川
江戸川区|瑞江4丁目,154154.80456537625,2,156.87590996359867,江戸川
江戸川区|瑞江4丁目,154154.80456537625,2,601.3918379671763,江戸川
江戸川区|瑞江4丁目,154154.80456537625,2,26.14937642176674,江戸川
江戸川区|瑞江4丁目,154154.80456537625,2,575.2286033315577,江戸川
江戸川区|瑞江4丁目,154154.80456537625,2,444.50076861982825,江戸川
江戸川区|瑞江4丁目,154154.80456537625,2,26.14888965773749,江戸川
江戸川区|瑞江4丁目,154154.80456537625,2,235.32525840461702,江戸川
江戸川区|瑞江4丁目,154154.80456537625,2,130.7469060402267,江戸川
江戸川区|瑞江4丁目,154154.80456537625,3,150673.21618492322,江戸川
江戸川区|北篠崎1丁目,111226.23868042817,1,161.94976087058436,江戸川
江戸川区|北篠崎1丁目,111226.23868042817,1,261.3914660032979,江戸川
江戸川区|北篠崎1丁目,111226.23868042817,1,26.134227581950157,江戸川
江戸川区|北篠崎1丁目,111226.23868042817,1,26.140527688766227,江戸川
江戸川区|北篠崎1丁目,111226.23868042817,2,25.545831998429655,江戸川
江戸川区|北篠崎1丁目,111226.23868042817,2,116.58093423934818,江戸川
江戸川区|北篠崎1丁目,111226.23868042817,2,4320.275904778004,江戸川
江戸川区|北篠崎1丁目,111226.23868042817,2,52.27583798466355,江戸川
江戸川区|北篠崎1丁目,111226.23868042817,2,104.56433034728651,江戸川
江戸川区|北篠崎1丁目,111226.23868042817,2,156.83877306593183,江戸川
江戸川区|北篠崎1丁目,111226.23868042817,2,784.164607048577,江戸川
江戸川区|北篠崎1丁目,111226.23868042817,2,26.13479736949931,江戸川
江戸川区|北篠崎1丁目,111226.23868042817,2,52.2752758297574,江戸川
江戸川区|北篠崎1丁目,111226.23868042817,2,840.1007428168833,江戸川
江戸川区|北篠崎1丁目,111226.23868042817,2,78.4089382985337,江戸川
江戸川区|北篠崎1丁目,111226.23868042817,2,1285.0097002498574,江戸川
江戸川区|北篠崎1丁目,111226.23868042817,2,679.5859920096946,江戸川
江戸川区|北篠崎1丁目,111226.23868042817,2,444.3496350446495,江戸川
江戸川区|北篠崎1丁目,111226.23868042817,2,494.4411642110826,江戸川
江戸川区|北篠崎1丁目,111226.23868042817,3,53671.83185982853,江戸川
江戸川区|北篠崎1丁目,111226.23868042817,3,26.141008559154127,江戸川
江戸川区|北篠崎2丁目,366396.55988430936,1,26.140635210051983,江戸川
江戸川区|北篠崎2丁目,366396.55988430936,1,26.140648696377205,江戸川
江戸川区|北篠崎2丁目,366396.55988430936,1,26.140675582567344,江戸川
江戸川区|北篠崎2丁目,366396.55988430936,1,26.134429179214067,江戸川
江戸川区|北篠崎2丁目,366396.55988430936,1,52.27527971210092,江戸川
江戸川区|北篠崎2丁目,366396.55988430936,1,52.28183548736084,江戸川
江戸川区|北篠崎2丁目,366396.55988430936,1,26.134711754476797,江戸川
江戸川区|北篠崎2丁目,366396.55988430936,1,52.27006955847234,江戸川
江戸川区|北篠崎2丁目,366396.55988430936,1,26.14133512202544,江戸川
江戸川区|北篠崎2丁目,366396.55988430936,1,26.141375535937836,江戸川
江戸川区|北篠崎2丁目,366396.55988430936,1,26.135115570493078,江戸川
江戸川区|北篠崎2丁目,366396.55988430936,1,26.141402460510342,江戸川
江戸川区|北篠崎2丁目,366396.55988430936,1,52.276652584766595,江戸川
江戸川区|北篠崎2丁目,366396.55988430936,1,23.378585109884206,江戸川
江戸川区|北篠崎2丁目,366396.55988430936,2,0.2085052292440732,江戸川
江戸川区|北篠崎2丁目,366396.55988430936,2,10307.669382022434,江戸川
江戸川区|北篠崎2丁目,366396.55988430936,2,627.3620900052757,江戸川
江戸川区|北篠崎2丁目,366396.55988430936,2,26.14173336934551,江戸川
江戸川区|北篠崎2丁目,366396.55988430936,2,52.27618729454595,江戸川
江戸川区|北篠崎2丁目,366396.55988430936,2,496.640075831945,江戸川
江戸川区|北篠崎2丁目,366396.55988430936,2,130.70603961932366,江戸川
江戸川区|北篠崎2丁目,366396.55988430936,2,2430.910491419752,江戸川
江戸川区|北篠崎2丁目,366396.55988430936,2,130.68673633974515,江戸川
江戸川区|北篠崎2丁目,366396.55988430936,2,52.28224720683937,江戸川
江戸川区|北篠崎2丁目,366396.55988430936,2,22.504971039731807,江戸川
江戸川区|北篠崎2丁目,366396.55988430936,2,104.55323742252358,江戸川
江戸川区|北篠崎2丁目,366396.55988430936,2,21.925433635214553,江戸川
江戸川区|北篠崎2丁目,366396.55988430936,2,104.55190925167688,江戸川
江戸川区|北篠崎2丁目,366396.55988430936,2,26.14092967274125,江戸川
江戸川区|北篠崎2丁目,366396.55988430936,2,653.4739105003084,江戸川
江戸川区|北篠崎2丁目,366396.55988430936,2,26.13471064070565,江戸川
江戸川区|北篠崎2丁目,366396.55988430936,2,52.2756275549348,江戸川
江戸川区|北篠崎2丁目,366396.55988430936,2,54.459985471749064,江戸川
江戸川区|北篠崎2丁目,366396.55988430936,2,26.140715579374092,江戸川
江戸川区|北篠崎2丁目,366396.55988430936,2,627.320101938861,江戸川
江戸川区|北篠崎2丁目,366396.55988430936,2,548.9126354904404,江戸川
江戸川区|北篠崎2丁目,366396.55988430936,2,784.1596261854866,江戸川
江戸川区|北篠崎2丁目,366396.55988430936,2,156.828496381847,江戸川
江戸川区|北篠崎2丁目,366396.55988430936,2,470.49686044350085,江戸川
江戸川区|北篠崎2丁目,366396.55988430936,2,209.1125876613049,江戸川
江戸川区|北篠崎2丁目,366396.55988430936,2,52.27554862245058,江戸川
江戸川区|北篠崎2丁目,366396.55988430936,2,26.134832308687734,江戸川
江戸川区|北篠崎2丁目,366396.55988430936,2,339.8141144400091,江戸川
江戸川区|北篠崎2丁目,366396.55988430936,2,235.2560353747965,江戸川
江戸川区|北篠崎2丁目,366396.55988430936,2,26.14125350399893,江戸川
江戸川区|北篠崎2丁目,366396.55988430936,2,705.7581386028044,江戸川
江戸川区|北篠崎2丁目,366396.55988430936,2,548.914065692827,江戸川
江戸川区|北篠崎2丁目,366396.55988430936,2,235.25880897142997,江戸川
江戸川区|北篠崎2丁目,366396.55988430936,2,930.3467951777045,江戸川
江戸川区|北篠崎2丁目,366396.55988430936,3,185328.47782350783,江戸川
江戸川区|北篠崎2丁目,366396.55988430936,3,104.56545829690667,江戸川
江戸川区|上篠崎1丁目,547178.3590271015,1,52.28370680028544,江戸川
江戸川区|上篠崎1丁目,547178.3590271015,1,130.6966987896772,江戸川
江戸川区|上篠崎1丁目,547178.3590271015,1,209.12325547151426,江戸川
江戸川区|上篠崎1丁目,547178.3590271015,1,26.135761518810348,江戸川
江戸川区|上篠崎1丁目,547178.3590271015,1,26.136155977349596,江戸川
江戸川区|上篠崎1丁目,547178.3590271015,1,26.14218318320622,江戸川
江戸川区|上篠崎1丁目,547178.3590271015,1,26.135923020005386,江戸川
江戸川区|上篠崎1丁目,547178.3590271015,1,26.142264068358045,江戸川
江戸川区|上篠崎1丁目,547178.3590271015,1,26.13612507311675,江戸川
江戸川区|上篠崎1丁目,547178.3590271015,1,52.28483787522328,江戸川
江戸川区|上篠崎1丁目,547178.3590271015,1,26.14245259476075,江戸川
江戸川区|上篠崎1丁目,547178.3590271015,1,26.142466101760256,江戸川
江戸川区|上篠崎1丁目,547178.3590271015,1,26.142324333699484,江戸川
江戸川区|上篠崎1丁目,547178.3590271015,1,52.27883364981305,江戸川
江戸川区|上篠崎1丁目,547178.3590271015,1,26.136367432429125,江戸川
江戸川区|上篠崎1丁目,547178.3590271015,1,26.142968462953935,江戸川
江戸川区|上篠崎1丁目,547178.3590271015,1,261.4080750737125,江戸川
江戸川区|上篠崎1丁目,547178.3590271015,1,26.13648872625515,江戸川
江戸川区|上篠崎1丁目,547178.3590271015,1,26.14278942678701,江戸川
江戸川区|上篠崎1丁目,547178.3590271015,1,209.11785694226666,江戸川
江戸川区|上篠崎1丁目,547178.3590271015,1,96.29219695068886,江戸川
江戸川区|上篠崎1丁目,547178.3590271015,1,28.903976481905055,江戸川
江戸川区|上篠崎1丁目,547178.3590271015,1,52.283154911260056,江戸川
江戸川区|上篠崎1丁目,547178.3590271015,1,130.70158592986039,江戸川
江戸川区|上篠崎1丁目,547178.3590271015,1,52.27066805803313,江戸川
江戸川区|上篠崎1丁目,547178.3590271015,1,52.277217892243726,江戸川
江戸川区|上篠崎1丁目,547178.3590271015,2,6374.62035296056,江戸川
江戸川区|上篠崎1丁目,547178.3590271015,2,810.3333793718219,江戸川
江戸川区|上篠崎1丁目,547178.3590271015,2,392.09365430182584,江戸川
江戸川区|上篠崎1丁目,547178.3590271015,2,627.3674143859635,江戸川
江戸川区|上篠崎1丁目,547178.3590271015,2,26.13563696137035,江戸川
江戸川区|上篠崎1丁目,547178.3590271015,2,104.56756180352616,江戸川
江戸川区|上篠崎1丁目,547178.3590271015,2,261.4065642190595,江戸川
江戸川区|上篠崎1丁目,547178.3590271015,2,78.42555911416086,江戸川
江戸川区|上篠崎1丁目,547178.3590271015,2,3080.649734929493,江戸川
江戸川区|上篠崎1丁目,547178.3590271015,2,235.26830898730108,江戸川
江戸川区|上篠崎1丁目,547178.3590271015,2,1202.4396858698947,江戸川
江戸川区|上篠崎1丁目,547178.3590271015,2,261.39430481072105,江戸川
江戸川区|上篠崎1丁目,547178.3590271015,2,78.4255532901543,江戸川
江戸川区|上篠崎1丁目,547178.3590271015,2,209.12969641551638,江戸川
江戸川区|上篠崎1丁目,547178.3590271015,2,26.136365108271683,江戸川
江戸川区|上篠崎1丁目,547178.3590271015,2,52.277486964387236,江戸川
江戸川区|上篠崎1丁目,547178.3590271015,2,758.0479782815676,江戸川
江戸川区|上篠崎1丁目,547178.3590271015,2,2718.56847504468,江戸川
江戸川区|上篠崎1丁目,547178.3590271015,2,52.27353671868374,江戸川
江戸川区|上篠崎1丁目,547178.3590271015,2,418.25566419450115,江戸川
江戸川区|上篠崎1丁目,547178.3590271015,2,26.142491910952803,江戸川
江戸川区|上篠崎1丁目,547178.3590271015,2,78.4226031674199,江戸川
江戸川区|上篠崎1丁目,547178.3590271015,2,914.9170313395919,江戸川
江戸川区|上篠崎1丁目,547178.3590271015,2,52.27216817505457,江戸川
江戸川区|上篠崎1丁目,547178.3590271015,2,287.55165531940656,江戸川
江戸川区|上篠崎1丁目,547178.3590271015,2,26.14277409069259,江戸川
江戸川区|上篠崎1丁目,547178.3590271015,2,130.70012599776962,江戸川
江戸川区|上篠崎1丁目,547178.3590271015,2,26.14258625354345,江戸川
江戸川区|上篠崎1丁目,547178.3590271015,2,941.0596656138983,江戸川
江戸川区|上篠崎1丁目,547178.3590271015,2,3058.46870639552,江戸川
江戸川区|上篠崎1丁目,547178.3590271015,2,993.339048596611,江戸川
江戸川区|上篠崎1丁目,547178.3590271015,2,1176.3171553871425,江戸川
江戸川区|上篠崎1丁目,547178.3590271015,2,26.136246034839694,江戸川
江戸川区|上篠崎1丁目,547178.3590271015,2,470.53036711796824,江戸川
江戸川区|上篠崎1丁目,547178.3590271015,2,731.9420606056262,江戸川
江戸川区|上篠崎1丁目,547178.3590271015,2,104.55799009024314,江戸川
江戸川区|上篠崎1丁目,547178.3590271015,2,418.2583196979762,江戸川
江戸川区|上篠崎1丁目,547178.3590271015,2,627.3752827822093,江戸川
江戸川区|上篠崎1丁目,547178.3590271015,2,235.26680027189906,江戸川
江戸川区|上篠崎1丁目,547178.3590271015,2,44.66909864725281,江戸川
江戸川区|上篠崎1丁目,547178.3590271015,2,235.2609775134278,江戸川
江戸川区|上篠崎1丁目,547178.3590271015,2,272.0639070998025,江戸川
江戸川区|上篠崎1丁目,547178.3590271015,2,26.141577373282736,江戸川
江戸川区|上篠崎1丁目,547178.3590271015,2,156.8366606294415,江戸川
江戸川区|上篠崎1丁目,547178.3590271015,2,235.26226146390127,江戸川
江戸川区|上篠崎1丁目,547178.3590271015,2,26.135438501015457,江戸川
江戸川区|上篠崎1丁目,547178.3590271015,2,156.83788657109866,江戸川
江戸川区|上篠崎1丁目,547178.3590271015,2,130.70219131370078,江戸川
江戸川区|上篠崎1丁目,547178.3590271015,3,278683.43325272686,江戸川
江戸川区|上篠崎1丁目,547178.3590271015,3,130.70712904954564,江戸川
江戸川区|上篠崎1丁目,547178.3590271015,3,9.295128460387438,江戸川
江戸川区|上篠崎1丁目,547178.3590271015,3,2.029135456107344,江戸川
江戸川区|上篠崎2丁目,242951.04116284414,1,34.410239150157736,江戸川
江戸川区|上篠崎2丁目,242951.04116284414,1,26.143145725301125,江戸川
江戸川区|上篠崎2丁目,242951.04116284414,1,26.14339520350145,江戸川
江戸川区|上篠崎2丁目,242951.04116284414,1,26.137134745544298,江戸川
江戸川区|上篠崎2丁目,242951.04116284414,1,52.28663519788284,江戸川
江戸川区|上篠崎2丁目,242951.04116284414,1,26.13725594723374,江戸川
江戸川区|上篠崎2丁目,242951.04116284414,1,52.287100154194825,江戸川
江戸川区|上篠崎2丁目,242951.04116284414,1,52.281247672308886,江戸川
江戸川区|上篠崎2丁目,242951.04116284414,1,26.143415016538412,江戸川
江戸川区|上篠崎2丁目,242951.04116284414,2,125838.5279060993,江戸川
江戸川区|上篠崎2丁目,242951.04116284414,2,7580.930008318859,江戸川
江戸川区|上篠崎2丁目,242951.04116284414,2,52.27378267029018,江戸川
江戸川区|上篠崎2丁目,242951.04116284414,2,7.616950590910131,江戸川
江戸川区|上篠崎2丁目,242951.04116284414,2,264.5762942384325,江戸川
江戸川区|上篠崎2丁目,242951.04116284414,3,15772.73131394414,江戸川
江戸川区|上篠崎2丁目,242951.04116284414,3,209.1332952230123,江戸川
江戸川区|上篠崎2丁目,242951.04116284414,3,705.8031677310641,江戸川
江戸川区|上篠崎2丁目,242951.04116284414,3,52.28659212176435,江戸川
江戸川区|上篠崎2丁目,242951.04116284414,3,26.14294056594091,江戸川
江戸川区|上篠崎2丁目,242951.04116284414,3,235.29190503246232,江戸川
江戸川区|上篠崎2丁目,242951.04116284414,3,52.28095263608846,江戸川
江戸川区|上篠崎2丁目,242951.04116284414,3,26.137372881151173,江戸川
江戸川区|上篠崎2丁目,242951.04116284414,3,183.00485024529291,江戸川
江戸川区|上篠崎2丁目,242951.04116284414,3,42.98433302668631,江戸川
江戸川区|上篠崎2丁目,242951.04116284414,3,24.113975022693317,江戸川
江戸川区|上篠崎2丁目,242951.04116284414,3,78.4171752488236,江戸川
江戸川区|上篠崎2丁目,242951.04116284414,3,104.56689929625637,江戸川
江戸川区|上篠崎2丁目,242951.04116284414,3,627.3970638045976,江戸川
江戸川区|上篠崎2丁目,242951.04116284414,3,78.42386577189149,江戸川
江戸川区|上篠崎2丁目,242951.04116284414,3,182.99657356933957,江戸川
江戸川区|上篠崎2丁目,242951.04116284414,3,26.143500895849996,江戸川
江戸川区|上篠崎2丁目,242951.04116284414,3,52.286819666402764,江戸川
江戸川区|上篠崎2丁目,242951.04116284414,3,19.460149916371,江戸川
江戸川区|上篠崎2丁目,242951.04116284414,3,26.137173605336116,江戸川
江戸川区|上篠崎2丁目,242951.04116284414,3,104.57324356405955,江戸川
江戸川区|上篠崎2丁目,242951.04116284414,3,13.81125408067992,江戸川
江戸川区|上篠崎2丁目,242951.04116284414,3,935.5624614322888,江戸川
江戸川区|上篠崎3丁目,121427.10838998709,2,64922.84639138332,江戸川
江戸川区|上篠崎3丁目,121427.10838998709,2,548.9560214099948,江戸川
江戸川区|上篠崎3丁目,121427.10838998709,2,470.53261330454245,江戸川
江戸川区|上篠崎3丁目,121427.10838998709,2,261.4137611831248,江戸川
江戸川区|上篠崎3丁目,121427.10838998709,2,78.4291989456154,江戸川
江戸川区|上篠崎3丁目,121427.10838998709,2,130.70887917338263,江戸川
江戸川区|上篠崎3丁目,121427.10838998709,2,418.2701382617667,江戸川
江戸川区|上篠崎3丁目,121427.10838998709,2,4522.435785445045,江戸川
江戸川区|上篠崎3丁目,121427.10838998709,2,52.285972495808124,江戸川
江戸川区|上篠崎3丁目,121427.10838998709,2,104.57207928684562,江戸川
江戸川区|上篠崎3丁目,121427.10838998709,2,1646.8733539882764,江戸川
江戸川区|上篠崎3丁目,121427.10838998709,2,3.9991231460033427,江戸川
江戸川区|上篠崎3丁目,121427.10838998709,2,601.2417959540151,江戸川
江戸川区|上篠崎3丁目,121427.10838998709,2,52.28006894304783,江戸川
江戸川区|上篠崎3丁目,121427.10838998709,2,261.4073897098874,江戸川
江戸川区|上篠崎3丁目,121427.10838998709,2,26.13704922055179,江戸川
江戸川区|上篠崎3丁目,121427.10838998709,3,46601.45662685171,江戸川
江戸川区|上篠崎3丁目,121427.10838998709,3,43.62494447093112,江戸川
江戸川区|上篠崎3丁目,121427.10838998709,3,26.137006945214203,江戸川
江戸川区|上篠崎3丁目,121427.10838998709,3,156.82929653025576,江戸川
江戸川区|上篠崎3丁目,121427.10838998709,3,52.286039783646885,江戸川
江戸川区|上篠崎3丁目,121427.10838998709,3,104.56811477467761,江戸川
江戸川区|上篠崎3丁目,121427.10838998709,3,26.13741048710935,江戸川
江戸川区|上篠崎3丁目,121427.10838998709,3,26.14369797562999,江戸川
江戸川区|上篠崎3丁目,121427.10838998709,3,104.54927391246238,江戸川
江戸川区|上篠崎3丁目,121427.10838998709,3,182.9863564042228,江戸川
江戸川区|上篠崎4丁目,195224.60307982875,2,183866.3789158656,江戸川
江戸川区|上篠崎4丁目,195224.60307982875,2,15.974871678540056,江戸川
江戸川区|上篠崎4丁目,195224.60307982875,2,52.288867401566165,江戸川
江戸川区|上篠崎4丁目,195224.60307982875,2,78.42716132031552,江戸川
江戸川区|上篠崎4丁目,195224.60307982875,3,641.1724058709235,江戸川
江戸川区|上篠崎4丁目,195224.60307982875,3,5657.377189991555,江戸川
江戸川区|上篠崎4丁目,195224.60307982875,3,26.14463534431789,江戸川
江戸川区|上篠崎4丁目,195224.60307982875,3,26.14466219750822,江戸川
江戸川区|上篠崎4丁目,195224.60307982875,3,104.5666422911603,江戸川
江戸川区|上篠崎4丁目,195224.60307982875,3,999.947959787903,江戸川
江戸川区|上篠崎4丁目,195224.60307982875,3,575.1362038848093,江戸川
江戸川区|上篠崎4丁目,195224.60307982875,3,287.5662768008701,江戸川
江戸川区|上篠崎4丁目,195224.60307982875,3,627.4200635149533,江戸川
江戸川区|上篠崎4丁目,195224.60307982875,3,50.494301770754866,江戸川
江戸川区|上篠崎4丁目,195224.60307982875,3,13.004515773475298,江戸川
江戸川区|上篠崎4丁目,195224.60307982875,3,6.008841756727605,江戸川
江戸川区|上篠崎4丁目,195224.60307982875,3,52.28950217687193,江戸川
江戸川区|上篠崎4丁目,195224.60307982875,3,26.13849700936689,江戸川
江戸川区|上篠崎4丁目,195224.60307982875,3,594.3512156435856,江戸川
江戸川区|上篠崎4丁目,195224.60307982875,3,275.5269317316253,江戸川
江戸川区|上篠崎4丁目,195224.60307982875,3,105.51110252333604,江戸川
江戸川区|上篠崎4丁目,195224.60307982875,3,306.16932443716985,江戸川
江戸川区|上篠崎4丁目,195224.60307982875,3,52.27578182767586,江戸川
江戸川区|上篠崎4丁目,195224.60307982875,3,26.137931891669684,江戸川
江戸川区|上篠崎4丁目,195224.60307982875,3,78.4265456489471,江戸川
江戸川区|上篠崎4丁目,195224.60307982875,3,26.14425990583432,江戸川
江戸川区|上篠崎4丁目,195224.60307982875,3,444.42976151827986,江戸川
江戸川区|上篠崎4丁目,195224.60307982875,3,78.42695446778995,江戸川
江戸川区|上篠崎4丁目,195224.60307982875,3,130.72175579540036,江戸川
江戸川区|谷河内1丁目,101523.32551529593,2,40539.32253895753,江戸川
江戸川区|谷河内1丁目,101523.32551529593,2,888.1717985856193,江戸川
江戸川区|谷河内1丁目,101523.32551529593,2,235.28824048798376,江戸川
江戸川区|谷河内1丁目,101523.32551529593,2,2.489861244277202,江戸川
江戸川区|谷河内1丁目,101523.32551529593,2,183.00546849361567,江戸川
江戸川区|谷河内1丁目,101523.32551529593,2,5602.154802018903,江戸川
江戸川区|谷河内1丁目,101523.32551529593,2,156.87212211841904,江戸川
江戸川区|谷河内1丁目,101523.32551529593,2,52.29223526101672,江戸川
江戸川区|谷河内1丁目,101523.32551529593,2,52.28651886830634,江戸川
江戸川区|谷河内1丁目,101523.32551529593,2,366.0162761312407,江戸川
江戸川区|谷河内1丁目,101523.32551529593,2,26.14639811322565,江戸川
江戸川区|谷河内1丁目,101523.32551529593,2,26.13978304472874,江戸川
江戸川区|谷河内1丁目,101523.32551529593,2,470.59899373555476,江戸川
江戸川区|谷河内1丁目,101523.32551529593,2,470.607578109222,江戸川
江戸川区|谷河内1丁目,101523.32551529593,2,1.10283050982963,江戸川
江戸川区|谷河内1丁目,101523.32551529593,2,52.279647346013824,江戸川
江戸川区|谷河内1丁目,101523.32551529593,2,1333.3531882104744,江戸川
江戸川区|谷河内1丁目,101523.32551529593,2,1725.5124086673782,江戸川
江戸川区|谷河内1丁目,101523.32551529593,3,48895.2373724286,江戸川
江戸川区|谷河内1丁目,101523.32551529593,3,183.00650420147863,江戸川
江戸川区|谷河内1丁目,101523.32551529593,3,183.0072001360948,江戸川
江戸川区|谷河内1丁目,101523.32551529593,3,26.140265853682855,江戸川
江戸川区|谷河内1丁目,101523.32551529593,3,26.146760713474535,江戸川
江戸川区|谷河内1丁目,101523.32551529593,3,26.1467220589643,江戸川
江戸川区|谷河内2丁目,122486.74212837858,2,106696.71353955446,江戸川
江戸川区|谷河内2丁目,122486.74212837858,2,6879.194329673624,江戸川
江戸川区|谷河内2丁目,122486.74212837858,3,8248.852202500568,江戸川
江戸川区|谷河内2丁目,122486.74212837858,3,26.14729612373992,江戸川
江戸川区|谷河内2丁目,122486.74212837858,3,237.19222194532725,江戸川
江戸川区|谷河内2丁目,122486.74212837858,3,182.9973953578891,江戸川
江戸川区|谷河内2丁目,122486.74212837858,3,52.29409636132217,江戸川
江戸川区|谷河内2丁目,122486.74212837858,3,26.147033248081154,江戸川
江戸川区|谷河内2丁目,122486.74212837858,3,104.58051003083222,江戸川
江戸川区|谷河内2丁目,122486.74212837858,3,32.62350358270422,江戸川
江戸川区|東松本1丁目,97127.67763086851,2,6098.6806812014265,江戸川
江戸川区|東松本1丁目,97127.67763086851,2,2.05166533049604,江戸川
江戸川区|東松本1丁目,97127.67763086851,2,1.93158010558768,江戸川
江戸川区|東松本1丁目,97127.67763086851,2,9477.574488972936,江戸川
江戸川区|東松本1丁目,97127.67763086851,2,3816.2760771108397,江戸川
江戸川区|東松本1丁目,97127.67763086851,2,2064.9882905218883,江戸川
江戸川区|東松本1丁目,97127.67763086851,2,5695.476149319642,江戸川
江戸川区|東松本1丁目,97127.67763086851,2,78.4107261012829,江戸川
江戸川区|東松本1丁目,97127.67763086851,2,44.93210717553838,江戸川
江戸川区|東松本1丁目,97127.67763086851,2,601.1835879275305,江戸川
江戸川区|東松本1丁目,97127.67763086851,2,888.7465744187368,江戸川
江戸川区|東松本1丁目,97127.67763086851,2,1176.262139697374,江戸川
江戸川区|東松本1丁目,97127.67763086851,2,653.4837270653438,江戸川
江戸川区|東松本1丁目,97127.67763086851,2,1.0825983044384342,江戸川
江戸川区|東松本1丁目,97127.67763086851,2,78.41692691612755,江戸川
江戸川区|東松本1丁目,97127.67763086851,2,3528.761381061496,江戸川
江戸川区|東松本1丁目,97127.67763086851,2,130.70056799372307,江戸川
江戸川区|東松本1丁目,97127.67763086851,2,52.28198167412729,江戸川
江戸川区|東松本1丁目,97127.67763086851,2,52.28259364142166,江戸川
江戸川区|東松本1丁目,97127.67763086851,2,2404.790360118998,江戸川
江戸川区|東松本1丁目,97127.67763086851,2,548.9205794649671,江戸川
江戸川区|東松本1丁目,97127.67763086851,2,209.12979173943359,江戸川
江戸川区|東松本1丁目,97127.67763086851,2,52.28280280029134,江戸川
江戸川区|東松本1丁目,97127.67763086851,2,2169.5676316147183,江戸川
江戸川区|東松本1丁目,97127.67763086851,2,1933.2774000178895,江戸川
江戸川区|東松本1丁目,97127.67763086851,2,102.16072042928509,江戸川
江戸川区|東松本1丁目,97127.67763086851,2,1359.2483329905406,江戸川
江戸川区|東松本1丁目,97127.67763086851,2,1097.839556855675,江戸川
江戸川区|東松本1丁目,97127.67763086851,2,130.70762375499865,江戸川
江戸川区|東松本1丁目,97127.67763086851,2,26.135270166643274,江戸川
江戸川区|東松本1丁目,97127.67763086851,3,51987.21818336645,江戸川
江戸川区|東松本1丁目,97127.67763086851,3,28.843988166664815,江戸川
江戸川区|東松本1丁目,97127.67763086851,3,12.951468536228248,江戸川
江戸川区|東松本1丁目,97127.67763086851,3,24.361877230797834,江戸川
江戸川区|東松本1丁目,97127.67763086851,3,1.4015155122295249,江戸川
江戸川区|東松本1丁目,97127.67763086851,3,26.140721101627264,江戸川
江戸川区|東松本1丁目,97127.67763086851,3,81.46799431140182,江戸川
江戸川区|東松本1丁目,97127.67763086851,3,52.28223492009464,江戸川
江戸川区|東松本1丁目,97127.67763086851,3,52.281846318637626,江戸川
江戸川区|東松本1丁目,97127.67763086851,3,26.14100404068623,江戸川
江戸川区|東松本1丁目,97127.67763086851,3,195.27151083032538,江戸川
江戸川区|東松本1丁目,97127.67763086851,3,50.431822057464004,江戸川
江戸川区|東松本1丁目,97127.67763086851,3,49.344155201430354,江戸川
江戸川区|東松本1丁目,97127.67763086851,3,26.141166203924485,江戸川
江戸川区|東松本1丁目,97127.67763086851,3,35.8142285771447,江戸川
江戸川区|東松本2丁目,155160.1981864504,1,26.14184817608048,江戸川
江戸川区|東松本2丁目,155160.1981864504,1,52.283763504988755,江戸川
江戸川区|東松本2丁目,155160.1981864504,1,26.141995906682393,江戸川
江戸川区|東松本2丁目,155160.1981864504,1,104.55653226942206,江戸川
江戸川区|東松本2丁目,155160.1981864504,1,2.392718319381733,江戸川
江戸川区|東松本2丁目,155160.1981864504,1,1.8053208350849663,江戸川
江戸川区|東松本2丁目,155160.1981864504,1,26.140195520020917,江戸川
江戸川区|東松本2丁目,155160.1981864504,1,26.140656898424723,江戸川
江戸川区|東松本2丁目,155160.1981864504,1,78.41454657287697,江戸川
江戸川区|東松本2丁目,155160.1981864504,1,52.28082854463138,江戸川
江戸川区|東松本2丁目,155160.1981864504,1,26.134217785646264,江戸川
江戸川区|東松本2丁目,155160.1981864504,1,26.14068674441505,江戸川
江戸川区|東松本2丁目,155160.1981864504,1,26.134258112348107,江戸川
江戸川区|東松本2丁目,155160.1981864504,1,26.14051792247234,江戸川
江戸川区|東松本2丁目,155160.1981864504,1,52.2812987874054,江戸川
江戸川区|東松本2丁目,155160.1981864504,1,52.28118377552441,江戸川
江戸川区|東松本2丁目,155160.1981864504,1,26.134379046967865,江戸川
江戸川区|東松本2丁目,155160.1981864504,1,26.140638920812947,江戸川
江戸川区|東松本2丁目,155160.1981864504,1,26.14066580193139,江戸川
江戸川区|東松本2丁目,155160.1981864504,1,26.140928649667934,江戸川
江戸川区|東松本2丁目,155160.1981864504,1,26.140880767558066,江戸川
江戸川区|東松本2丁目,155160.1981864504,1,52.28184216292669,江戸川
江戸川区|東松本2丁目,155160.1981864504,1,26.141170539141847,江戸川
江戸川区|東松本2丁目,155160.1981864504,1,52.269483596170254,江戸川
江戸川区|東松本2丁目,155160.1981864504,1,26.14125117366528,江戸川
江戸川区|東松本2丁目,155160.1981864504,1,52.276510973336606,江戸川
江戸川区|東松本2丁目,155160.1981864504,1,26.134943270767536,江戸川
江戸川区|東松本2丁目,155160.1981864504,1,26.141324179952484,江戸川
江戸川区|東松本2丁目,155160.1981864504,1,52.27646893145724,江戸川
江戸川区|東松本2丁目,155160.1981864504,1,26.141351089349104,江戸川
江戸川区|東松本2丁目,155160.1981864504,1,26.135144787518144,江戸川
江戸川区|東松本2丁目,155160.1981864504,1,26.141404813618042,江戸川
江戸川区|東松本2丁目,155160.1981864504,1,26.14147196498677,江戸川
江戸川区|東松本2丁目,155160.1981864504,1,52.276630228986214,江戸川
江戸川区|東松本2丁目,155160.1981864504,1,26.141485453564133,江戸川
江戸川区|東松本2丁目,155160.1981864504,1,104.55401264899946,江戸川
江戸川区|東松本2丁目,155160.1981864504,1,26.14171376157985,江戸川
江戸川区|東松本2丁目,155160.1981864504,1,26.135426848467525,江戸川
江戸川区|東松本2丁目,155160.1981864504,1,26.13546712342793,江戸川
江戸川区|東松本2丁目,155160.1981864504,2,12073.274001975653,江戸川
江戸川区|東松本2丁目,155160.1981864504,2,3764.1999589013967,江戸川
江戸川区|東松本2丁目,155160.1981864504,2,365.9564290472786,江戸川
江戸川区|東松本2丁目,155160.1981864504,2,130.69751322206108,江戸川
江戸川区|東松本2丁目,155160.1981864504,2,432.82872116550146,江戸川
江戸川区|東松本2丁目,155160.1981864504,2,1646.796603417224,江戸川
江戸川区|東松本2丁目,155160.1981864504,2,1223.3494322396316,江戸川
江戸川区|東松本2丁目,155160.1981864504,2,862.6140723283614,江戸川
江戸川区|東松本2丁目,155160.1981864504,2,0.0008331707296259838,江戸川
江戸川区|東松本2丁目,155160.1981864504,2,156.83928746679734,江戸川
江戸川区|東松本2丁目,155160.1981864504,2,206.99276387273443,江戸川
江戸川区|東松本2丁目,155160.1981864504,2,418.21437328777637,江戸川
江戸川区|東松本2丁目,155160.1981864504,2,26.140155230392054,江戸川
江戸川区|東松本2丁目,155160.1981864504,2,52.27415818132201,江戸川
江戸川区|東松本2丁目,155160.1981864504,2,78.41467612657664,江戸川
江戸川区|東松本2丁目,155160.1981864504,2,6377.793864938981,江戸川
江戸川区|東松本2丁目,155160.1981864504,2,130.69678804016775,江戸川
江戸川区|東松本2丁目,155160.1981864504,2,418.2138586880186,江戸川
江戸川区|東松本2丁目,155160.1981864504,2,130.69582815953663,江戸川
江戸川区|東松本2丁目,155160.1981864504,2,12779.77106489442,江戸川
江戸川区|東松本2丁目,155160.1981864504,2,392.0719148927521,江戸川
江戸川区|東松本2丁目,155160.1981864504,2,52.268508323070115,江戸川
江戸川区|東松本2丁目,155160.1981864504,2,522.779156740717,江戸川
江戸川区|東松本2丁目,155160.1981864504,2,26.134943322216383,江戸川
江戸川区|東松本2丁目,155160.1981864504,2,52.28216494614761,江戸川
江戸川区|東松本2丁目,155160.1981864504,2,209.1115719640879,江戸川
江戸川区|東松本2丁目,155160.1981864504,2,339.82081533850265,江戸川
江戸川区|東松本2丁目,155160.1981864504,2,52.276012604374685,江戸川
江戸川区|東松本2丁目,155160.1981864504,2,13250.03641400861,江戸川
江戸川区|東松本2丁目,155160.1981864504,2,365.93889038911317,江戸川
江戸川区|東松本2丁目,155160.1981864504,2,41.94779310399584,江戸川
江戸川区|東松本2丁目,155160.1981864504,2,78.41850526869511,江戸川
江戸川区|東松本2丁目,155160.1981864504,2,104.5607024074459,江戸川
江戸川区|東松本2丁目,155160.1981864504,2,365.95713753694923,江戸川
江戸川区|東松本2丁目,155160.1981864504,2,3.4555845633608033,江戸川
江戸川区|東松本2丁目,155160.1981864504,2,993.3053849190414,江戸川
江戸川区|東松本2丁目,155160.1981864504,2,26.14159318830442,江戸川
江戸川区|東松本2丁目,155160.1981864504,2,26.134742549818114,江戸川
江戸川区|東松本2丁目,155160.1981864504,2,130.69550800029953,江戸川
江戸川区|東松本2丁目,155160.1981864504,2,26.13534669822829,江戸川
江戸川区|東松本2丁目,155160.1981864504,2,26.14167391524192,江戸川
江戸川区|東松本2丁目,155160.1981864504,2,339.81253469788885,江戸川
江戸川区|東松本2丁目,155160.1981864504,2,319.1537520355729,江戸川
江戸川区|東松本2丁目,155160.1981864504,3,42778.060377978756,江戸川
江戸川区|東松本2丁目,155160.1981864504,3,26.135749163056744,江戸川
江戸川区|東松本2丁目,155160.1981864504,3,97.99865200524007,江戸川
江戸川区|東松本2丁目,155160.1981864504,3,52.274158238482485,江戸川
江戸川区|東松本2丁目,155160.1981864504,3,26.14015530422609,江戸川
江戸川区|東松本2丁目,155160.1981864504,3,26.13401640474193,江戸川
江戸川区|東松本2丁目,155160.1981864504,3,130.69550488541077,江戸川
江戸川区|東松本2丁目,155160.1981864504,3,52.27461494860982,江戸川
江戸川区|東松本2丁目,155160.1981864504,3,26.140544899936636,江戸川
江戸川区|東松本2丁目,155160.1981864504,3,2849.1519149197434,江戸川
江戸川区|東松本2丁目,155160.1981864504,3,104.55094395728932,江戸川
江戸川区|東松本2丁目,155160.1981864504,3,22.506425268845117,江戸川
江戸川区|東松本2丁目,155160.1981864504,3,731.9138684042852,江戸川
江戸川区|東松本2丁目,155160.1981864504,3,151.05154903607274,江戸川
江戸川区|東松本2丁目,155160.1981864504,3,26.141170611397264,江戸川
江戸川区|東松本2丁目,155160.1981864504,3,209.10125122080913,江戸川
江戸川区|東松本2丁目,155160.1981864504,3,156.83842438340946,江戸川
江戸川区|東松本2丁目,155160.1981864504,3,26.141694447902267,江戸川
江戸川区|東松本2丁目,155160.1981864504,3,52.282944074315004,江戸川
江戸川区|東松本2丁目,155160.1981864504,3,156.83114634875594,江戸川
江戸川区|東松本2丁目,155160.1981864504,3,156.83794545138576,江戸川
江戸川区|東松本2丁目,155160.1981864504,3,52.28286390453816,江戸川
江戸川区|東松本2丁目,155160.1981864504,3,26.135781217467787,江戸川
江戸川区|東松本2丁目,155160.1981864504,3,26.135065043694702,江戸川
江戸川区|東松本2丁目,155160.1981864504,3,26.134984515684827,江戸川
