key,ward,town,pop,town_area,n,n_flood,depth_sum,depth_max,elev_sum,elev_min,tk_coverage,tk_flood_ratio,tk_mean_depth,tk_max_depth,tk_mean_elev,tk_min_elev,tk_below_sea,expo
千代田区|丸の内1丁目,千代田区,丸の内一丁目,7.0,379200.51389348914,7229,2836.0,1372.85,3.09,23003.463205783002,-0.256,True,0.392308756397842,0.48407968970380816,3.09,3.182108618866095,-0.256,False,0.18990870106515423
千代田区|丸の内2丁目,千代田区,丸の内二丁目,1.0,142909.5396229178,2722,969.0,650.95,0.97,7998.9734763159995,2.481,True,0.35598824393828066,0.6717750257997936,0.97,2.938638308712711,2.481,False,0.23914401175606173
千代田区|丸の内3丁目,千代田区,丸の内三丁目,0.0,125331.37853334068,2397,702.0,539.23,1.73,7037.272934816,2.128749654,True,0.2928660826032541,0.7681339031339032,1.73,2.9358668897855655,2.128749654,False,0.22496036712557366
千代田区|大手町1丁目,千代田区,大手町一丁目,8.0,274876.21088235325,4763,1485.0,681.04,4.0,16527.339885442,0.091557101,True,0.3117782909930716,0.4586127946127946,4.0,3.4699432889863533,0.091557101,False,0.14298551333193363
千代田区|大手町2丁目,千代田区,大手町二丁目,0.0,175053.34366964785,3121,945.0,449.07,2.0,10387.307452740999,0.046250144,True,0.30278756808715157,0.4752063492063492,2.0,3.32819847893015,0.046250144,False,0.14388657481576417
千代田区|内幸町1丁目,千代田区,内幸町一丁目,1.0,121977.7937516567,2335,882.0,831.51,3.91,6479.078868648,0.05,True,0.3777301927194861,0.9427551020408164,3.91,2.774766110770021,0.05,False,0.35610706638115636
千代田区|内幸町2丁目,千代田区,内幸町二丁目,0.0,51559.241788918196,993,224.0,75.15,1.1,4507.097161165,2.501254819,True,0.2255790533736153,0.33549107142857143,1.1,4.538869245886204,2.501254819,False,0.0756797583081571
千代田区|有楽町1丁目,千代田区,有楽町一丁目,8.0,109799.37918710317,2096,790.0,996.15,2.01,4834.421523166,0.32,True,0.37690839694656486,1.2609493670886076,2.01,2.3064988183043895,0.32,False,0.4752624045801526
千代田区|有楽町2丁目,千代田区,有楽町二丁目,4.0,71683.03531008259,1368,533.0,378.49,2.78,3987.528396222,0.152530127,True,0.3896198830409357,0.7101125703564728,2.78,2.914859938758772,0.152530127,False,0.27667397660818716
千代田区|霞が関1丁目,千代田区,霞が関一丁目,0.0,200660.52962723075,3731,722.0,170.7,2.83,21703.659654169,0.0,True,0.19351380326990084,0.2364265927977839,2.83,5.817115961985795,0.0,False,0.04575180916644331
千代田区|霞が関2丁目,千代田区,霞が関二丁目,0.0,136274.12614825479,1304,541.0,100.94,2.58,14120.69,6.44,True,0.4148773006134969,0.1865804066543438,2.58,10.828750000000001,6.44,False,0.0774079754601227
千代田区|霞が関3丁目,千代田区,霞が関三丁目,2.0,167008.436806894,1599,461.0,148.5,5.64,17312.07,5.28,True,0.2883051907442151,0.32212581344902386,5.64,10.826810506566604,5.28,False,0.09287054409005628
千代田区|永田町1丁目,千代田区,永田町一丁目,11.0,364200.3299227702,3463,1613.0,610.61,7.98,76340.35,4.41,True,0.4657811146404851,0.37855548667079975,7.98,22.044571181056888,4.41,False,0.1763239965347964
千代田区|永田町2丁目,千代田区,永田町二丁目,589.0,338894.8907397692,3234,1194.0,238.66,2.73,60580.15,7.37,True,0.3692022263450835,0.1998827470686767,2.73,18.732266542980827,7.37,False,0.07379715522572665
千代田区|隼町,千代田区,隼町,262.0,119394.34869936323,1138,383.0,42.3,0.5,29785.9,17.63,True,0.3365553602811951,0.110443864229765,0.5,26.173901581722323,17.63,False,0.03717047451669596
千代田区|平河町1丁目,千代田区,平河町一丁目,1069.0,39279.43528704584,370,262.0,10.82,0.22,10715.91,22.99,True,0.7081081081081081,0.041297709923664126,0.22,28.96191891891892,22.99,False,0.029243243243243247
千代田区|平河町2丁目,千代田区,平河町二丁目,990.0,123174.97913938045,1183,827.0,171.58,3.18,30675.26,21.15,True,0.6990701606086221,0.2074727932285369,3.18,25.93005917159763,21.15,False,0.14503803888419275
千代田区|麹町1丁目,千代田区,麴町一丁目,653.0,66926.93268970256,637,196.0,10.790000000000001,0.34,19267.25,25.94,True,0.3076923076923077,0.05505102040816327,0.34,30.24686028257457,25.94,False,0.016938775510204084
千代田区|麹町2丁目,千代田区,麴町二丁目,650.0,46512.35764779077,440,181.0,7.66,0.49,13346.57,26.43,True,0.4113636363636364,0.042320441988950276,0.49,30.333113636363635,26.43,False,0.01740909090909091
千代田区|麹町3丁目,千代田区,麴町三丁目,657.0,48803.652042834896,472,238.0,6.97,0.14,14119.51,21.4,True,0.5042372881355932,0.029285714285714283,0.14,29.914216101694915,21.4,False,0.01476694915254237
千代田区|麹町4丁目,千代田区,麴町四丁目,605.0,52781.1258233269,504,260.0,15.83,0.5,13564.06,16.45,True,0.5158730158730159,0.060884615384615384,0.5,26.91281746031746,16.45,False,0.031408730158730164
千代田区|麹町5丁目,千代田区,麴町五丁目,97.0,45142.60513336799,432,155.0,22.87,1.21,11139.29,15.53,True,0.3587962962962963,0.1475483870967742,1.21,25.78539351851852,15.53,False,0.052939814814814815
千代田区|麹町6丁目,千代田区,麴町六丁目,286.0,69851.89877026313,671,335.0,68.63,3.71,20002.48,19.12,True,0.4992548435171386,0.20486567164179104,3.71,29.80995529061103,19.12,False,0.10228017883755589
千代田区|紀尾井町,千代田区,紀尾井町,589.0,275654.61783259007,2492,915.0,387.65,4.05,57390.58,0.13,True,0.3671749598715891,0.42366120218579234,4.05,23.029927768860354,0.13,False,0.1555577849117175
千代田区|一番町,千代田区,一番町,4100.0,216715.04448397708,2075,652.0,48.07,0.89,54396.75,17.82,True,0.31421686746987953,0.07372699386503068,0.89,26.215301204819276,17.82,False,0.023166265060240967
千代田区|二番町,千代田区,二番町,1611.0,110809.75319678073,1052,528.0,113.09,2.25,29884.65,21.38,True,0.5019011406844106,0.21418560606060608,2.25,28.407461977186312,21.38,False,0.1075
千代田区|三番町,千代田区,三番町,3807.0,217139.2925661447,2093,615.0,77.61,0.87,49734.459,16.67,True,0.29383659818442426,0.1261951219512195,0.87,23.762283325370284,16.67,False,0.03708074534161491
千代田区|四番町,千代田区,四番町,2939.0,100309.51000393697,986,136.0,24.11,0.46,28637.278,23.37,True,0.13793103448275862,0.17727941176470588,0.46,29.043892494929004,23.37,False,0.02445233265720081
千代田区|五番町,千代田区,五番町,1011.0,109286.90036868458,1054,78.0,90.58,2.0,22427.332,3.0,True,0.07400379506641366,1.1612820512820512,2.0,21.27830360531309,3.0,False,0.0859392789373814
千代田区|六番町,千代田区,六番町,1717.0,114665.6439113598,1115,386.0,56.68,3.34,33840.365999999995,17.22,True,0.34618834080717487,0.14683937823834198,3.34,30.350104035874434,17.22,False,0.05083408071748879
千代田区|皇居外苑,千代田区,皇居外苑,0.0,463566.327065405,3577,1065.0,529.41,1.99,15452.670108729999,1.708749961,True,0.29773553256919205,0.49709859154929575,1.99,4.320008417313391,1.708749961,False,0.14800391389432485
千代田区|日比谷公園,千代田区,日比谷公園,0.0,203037.04377706104,3832,1401.0,811.62,3.15,14873.450516439,0.25,True,0.3656054279749478,0.5793147751605996,3.15,3.8813806149371084,0.25,False,0.21180062630480168
千代田区|千代田,千代田区,千代田,77.0,1450880.3802640303,10367,283.0,102.9,2.52,188682.71,2.14,True,0.027298157615510757,0.3636042402826855,2.52,18.20031928233819,2.14,False,0.009925725860904795
千代田区|北の丸公園,千代田区,北の丸公園,651.0,430572.28900606907,2982,98.0,82.49,2.0,58821.325,2.8,True,0.03286384976525822,0.841734693877551,2.0,19.72546109993293,2.8,False,0.02766264252179745
千代田区|九段南1丁目,千代田区,九段南一丁目,26.0,81700.34307924706,862,257.0,315.44,4.0,4749.950043257,0.22,True,0.29814385150812067,1.2273929961089494,4.0,5.510382880808585,0.22,False,0.36593967517401393
千代田区|九段南2丁目,千代田区,九段南二丁目,778.0,81557.41158940186,778,265.0,23.69,0.4,18086.11,19.34,True,0.34061696658097684,0.08939622641509434,0.4,23.246928020565555,19.34,False,0.03044987146529563
千代田区|九段南3丁目,千代田区,九段南三丁目,786.0,32037.848018951718,312,145.0,7.44,0.18,8288.603000000001,23.71,True,0.46474358974358976,0.05131034482758621,0.18,26.56603525641026,23.71,False,0.023846153846153847
千代田区|九段南4丁目,千代田区,九段南四丁目,1211.0,55023.23095920745,529,42.0,11.45,1.0,14252.997,19.665,True,0.07939508506616257,0.2726190476190476,1.0,26.943283553875236,19.665,False,0.021644612476370506
千代田区|九段北1丁目,千代田区,九段北一丁目,1152.0,88406.02188854475,821,259.0,307.0,5.0,7845.47,0.983,True,0.315468940316687,1.1853281853281854,5.0,9.55599269183922,0.983,False,0.3739342265529842
千代田区|九段北2丁目,千代田区,九段北二丁目,266.0,75767.14840235932,738,67.0,6.84,1.0,18778.447,19.41,True,0.09078590785907859,0.10208955223880596,1.0,25.445050135501354,19.41,False,0.009268292682926827
千代田区|九段北3丁目,千代田区,九段北三丁目,50.0,100093.87777926115,980,111.0,9.36,0.29,25196.0,19.585,True,0.11326530612244898,0.08432432432432432,0.29,25.710204081632654,19.585,False,0.009551020408163266
千代田区|九段北4丁目,千代田区,九段北四丁目,584.0,97804.96876708009,935,25.0,25.0,1.0,15215.971,3.0,True,0.026737967914438502,1.0,1.0,16.27376577540107,3.0,False,0.026737967914438502
千代田区|富士見1丁目,千代田区,富士見一丁目,1103.0,122549.90299632153,1170,25.0,29.0,2.0,21789.222,6.0,True,0.021367521367521368,1.16,2.0,18.62326666666667,6.0,False,0.024786324786324785
千代田区|富士見2丁目,千代田区,富士見二丁目,3242.0,219503.69562852028,2096,47.0,60.0,2.0,32287.453,3.0,True,0.022423664122137404,1.2765957446808511,2.0,15.404319179389313,3.0,False,0.02862595419847328
千代田区|飯田橋1丁目,千代田区,飯田橋一丁目,376.0,33917.131006468146,325,41.0,41.0,1.0,2035.538,4.29,True,0.12615384615384614,1.0,1.0,6.263193846153846,4.29,False,0.12615384615384614
千代田区|飯田橋2丁目,千代田区,飯田橋二丁目,1522.0,54469.186725736574,500,392.0,434.0,2.0,2043.512,2.455,True,0.784,1.1071428571428572,2.0,4.0870239999999995,2.455,False,0.8680000000000001
千代田区|飯田橋3丁目,千代田区,飯田橋三丁目,463.0,122404.21216429566,1115,806.0,891.0,3.0,5752.659,1.795,True,0.7228699551569506,1.1054590570719602,3.0,5.159335426008968,1.795,False,0.7991031390134529
千代田区|飯田橋4丁目,千代田区,飯田橋四丁目,720.0,48287.24538260353,460,157.0,263.0,5.0,2729.379,0.855,True,0.34130434782608693,1.6751592356687899,5.0,5.933432608695652,0.855,False,0.5717391304347826
千代田区|一ツ橋1丁目,千代田区,一ツ橋一丁目,0.0,47896.05502979347,480,96.0,100.95,4.0,2140.05371321,0.243,True,0.2,1.0515625,4.0,4.458445235854167,0.243,False,0.2103125
千代田区|一ツ橋2丁目,千代田区,一ツ橋二丁目,70.0,79420.78103008449,709,663.0,787.0,4.0,2436.097,0.54,True,0.9351198871650211,1.187028657616893,4.0,3.4359619181946406,0.54,False,1.1100141043723555
千代田区|神田神保町1丁目,千代田区,神田神保町一丁目,1634.0,122584.20255579115,1168,312.0,312.0,1.0,5503.476,3.235,True,0.2671232876712329,1.0,1.0,4.711880136986301,3.235,False,0.2671232876712329
千代田区|神田神保町2丁目,千代田区,神田神保町二丁目,1138.0,87539.62695524174,837,774.0,830.0,2.0,3039.75,2.733,True,0.9247311827956989,1.0723514211886305,2.0,3.631720430107527,2.733,False,0.9916367980884109
千代田区|神田神保町3丁目,千代田区,神田神保町三丁目,603.0,79685.82655589253,710,704.0,916.0,4.0,2342.044,0.85,True,0.9915492957746479,1.3011363636363635,4.0,3.2986535211267602,0.85,False,1.2901408450704224
千代田区|神田三崎町1丁目,千代田区,神田三崎町一丁目,13.0,27508.517051423172,256,98.0,99.0,2.0,1377.36,3.312,True,0.3828125,1.010204081632653,2.0,5.3803125,3.312,False,0.38671874999999994
千代田区|神田三崎町2丁目,千代田区,神田三崎町二丁目,467.0,85749.07423626292,800,726.0,811.0,3.0,3264.0190000000002,2.7,True,0.9075,1.1170798898071626,3.0,4.0800237500000005,2.7,False,1.01375
千代田区|神田三崎町3丁目,千代田区,神田三崎町三丁目,452.0,54240.86563580791,463,449.0,593.0,4.0,1802.0320000000002,1.6,True,0.9697624190064795,1.3207126948775056,4.0,3.892077753779698,1.6,False,1.2807775377969763
千代田区|西神田1丁目,千代田区,西神田一丁目,90.0,17570.417676788893,168,95.0,95.0,1.0,729.874,3.437,True,0.5654761904761905,1.0,1.0,4.344488095238096,3.437,False,0.5654761904761905
千代田区|西神田2丁目,千代田区,西神田二丁目,735.0,40445.14263717812,388,360.0,448.0,2.0,1398.361,2.703,True,0.9278350515463918,1.2444444444444445,2.0,3.6040231958762887,2.703,False,1.154639175257732
千代田区|西神田3丁目,千代田区,西神田三丁目,422.0,32959.58221187223,291,291.0,430.0,3.0,969.489,1.642,True,1.0,1.47766323024055,3.0,3.331577319587629,1.642,False,1.47766323024055
千代田区|神田猿楽町1丁目,千代田区,神田猿楽町一丁目,526.0,36996.85548789278,357,9.0,9.0,1.0,2494.993,4.9,True,0.025210084033613446,1.0,1.0,6.988775910364145,4.9,False,0.025210084033613446
千代田区|神田猿楽町2丁目,千代田区,神田猿楽町二丁目,633.0,41126.83338135373,390,43.0,43.0,1.0,2707.711,4.06,True,0.11025641025641025,1.0,1.0,6.942848717948717,4.06,False,0.11025641025641025
千代田区|神田駿河台1丁目,千代田区,神田駿河台一丁目,112.0,72128.82154721403,688,7.0,7.0,1.0,10195.245,7.168,True,0.010174418604651164,1.0,1.0,14.818670058139537,7.168,False,0.010174418604651164
千代田区|神田駿河台2丁目,千代田区,神田駿河台二丁目,525.0,126768.25365770493,1171,162.0,251.0,4.0,20841.561,3.42,True,0.13834329632792486,1.5493827160493827,4.0,17.798087959009393,3.42,False,0.2143467122117848
千代田区|神田駿河台3丁目,千代田区,神田駿河台三丁目,200.0,50881.45316005531,483,14.0,14.0,1.0,4869.503,6.728,True,0.028985507246376812,1.0,1.0,10.0817867494824,6.728,False,0.028985507246376812
千代田区|神田駿河台4丁目,千代田区,神田駿河台四丁目,80.0,56281.46772208978,527,28.0,61.0,3.0,7593.813,3.5,True,0.05313092979127135,2.1785714285714284,3.0,14.409512333965845,3.5,False,0.11574952561669828
千代田区|神田錦町1丁目,千代田区,神田錦町一丁目,474.0,50226.28686091216,463,21.0,36.0,3.0,2377.734,0.5,True,0.04535637149028078,1.7142857142857142,3.0,5.135494600431965,0.5,False,0.07775377969762419
千代田区|神田錦町2丁目,千代田区,神田錦町二丁目,444.0,45134.666699603884,419,13.0,17.0,2.0,2206.214,0.5,True,0.031026252983293555,1.3076923076923077,2.0,5.265427207637232,0.5,False,0.04057279236276849
千代田区|神田錦町3丁目,千代田区,神田錦町三丁目,400.0,100791.30336635197,920,232.0,237.0,2.0,4101.895,0.5,True,0.25217391304347825,1.021551724137931,2.0,4.458581521739131,0.5,False,0.2576086956521739
千代田区|神田小川町1丁目,千代田区,神田小川町一丁目,308.0,29574.23033644366,290,5.0,5.0,1.0,1514.223,4.535,True,0.017241379310344827,1.0,1.0,5.221458620689655,4.535,False,0.017241379310344827
千代田区|神田小川町2丁目,千代田区,神田小川町二丁目,192.0,31518.253950777416,299,0.0,0.0,0.0,1920.252,5.08,True,0.0,,0.0,6.422247491638796,5.08,False,
千代田区|神田小川町3丁目,千代田区,神田小川町三丁目,728.0,67631.64996399368,647,0.0,0.0,0.0,4460.685,4.63,True,0.0,,0.0,6.894412673879444,4.63,False,
千代田区|神田美土代町,千代田区,神田美土代町,135.0,21170.37201738202,201,0.0,0.0,0.0,1058.513,4.913,True,0.0,,0.0,5.266233830845771,4.913,False,
千代田区|内神田1丁目,千代田区,内神田一丁目,1093.0,85946.52841852249,772,11.0,19.0,3.0,3915.834,2.333,True,0.014248704663212436,1.7272727272727273,3.0,5.072323834196891,2.333,False,0.02461139896373057
千代田区|内神田2丁目,千代田区,内神田二丁目,486.0,66306.56777207142,608,0.0,0.0,0.0,3085.504,3.05,True,0.0,,0.0,5.074842105263158,3.05,False,
千代田区|内神田3丁目,千代田区,内神田三丁目,386.0,54610.951121284605,521,0.0,0.0,0.0,2495.619,4.193,True,0.0,,0.0,4.7900556621881,4.193,False,
千代田区|神田司町2丁目,千代田区,神田司町二丁目,597.0,50877.18393493363,487,0.0,0.0,0.0,2578.788,4.79,True,0.0,,0.0,5.295252566735113,4.79,False,
千代田区|神田多町2丁目,千代田区,神田多町二丁目,1050.0,29492.774246767865,282,0.0,0.0,0.0,1417.017,4.485,True,0.0,,0.0,5.024882978723404,4.485,False,
千代田区|神田淡路町1丁目,千代田区,神田淡路町一丁目,173.0,18459.816525562408,177,3.0,3.0,1.0,953.035,4.505,True,0.01694915254237288,1.0,1.0,5.384378531073446,4.505,False,0.01694915254237288
千代田区|神田淡路町2丁目,千代田区,神田淡路町二丁目,964.0,57659.45951752053,544,122.0,122.0,1.0,3010.962,3.4,True,0.22426470588235295,1.0,1.0,5.534856617647058,3.4,False,0.22426470588235295
千代田区|神田須田町1丁目,千代田区,神田須田町一丁目,1241.0,95582.71489208852,897,7.0,7.0,1.0,4759.978,3.2,True,0.007803790412486065,1.0,1.0,5.306552954292084,3.2,False,0.007803790412486065
千代田区|神田須田町2丁目,千代田区,神田須田町二丁目,601.0,70935.47776134053,635,72.0,86.0,3.0,2721.216,1.305,True,0.11338582677165354,1.1944444444444444,3.0,4.285379527559055,1.305,False,0.13543307086614173
千代田区|外神田1丁目,千代田区,外神田一丁目,161.0,79482.99421821572,722,502.0,551.0,4.0,2582.455,0.013,True,0.6952908587257618,1.097609561752988,4.0,3.5768074792243767,0.013,False,0.763157894736842
千代田区|外神田2丁目,千代田区,外神田二丁目,1309.0,81585.01118822223,758,75.0,122.0,4.0,7722.701,1.965,True,0.09894459102902374,1.6266666666666667,4.0,10.188259894459103,1.965,False,0.16094986807387862
千代田区|外神田3丁目,千代田区,外神田三丁目,550.0,69546.56299012006,659,45.0,45.0,1.0,2706.428,3.28,True,0.06828528072837632,1.0,1.0,4.106871016691957,3.28,False,0.06828528072837632
千代田区|外神田4丁目,千代田区,外神田四丁目,944.0,71494.06624269634,874,387.0,278.94,1.0,2968.101972887,2.895,True,0.44279176201373,0.7207751937984496,1.0,3.3959976806487417,2.895,False,0.31915331807780317
千代田区|外神田5丁目,千代田区,外神田五丁目,338.0,29646.673708902443,534,249.0,61.32,0.58,1888.76501562,3.303,True,0.46629213483146065,0.24626506024096387,0.58,3.5370131378651686,3.303,False,0.1148314606741573
千代田区|外神田6丁目,千代田区,外神田六丁目,870.0,51213.39029215478,499,0.0,0.0,0.0,2165.761,3.498,True,0.0,,0.0,4.340202404809619,3.498,False,
千代田区|鍛冶町1丁目,千代田区,鍛冶町一丁目,111.0,38232.565156408506,369,0.0,0.0,0.0,1741.483,3.925,True,0.0,,0.0,4.719466124661246,3.925,False,
千代田区|鍛冶町2丁目,千代田区,鍛冶町二丁目,217.0,69681.49124759853,669,0.0,0.0,0.0,3119.184,4.008,True,0.0,,0.0,4.66245739910314,4.008,False,
千代田区|神田鍛冶町3丁目,千代田区,神田鍛冶町三丁目,101.0,19337.932134419523,183,0.0,0.0,0.0,863.608,4.505,True,0.0,,0.0,4.719169398907104,4.505,False,
千代田区|神田紺屋町,千代田区,神田紺屋町,212.0,20961.908280438198,199,0.0,0.0,0.0,823.569,3.63,True,0.0,,0.0,4.138537688442211,3.63,False,
千代田区|神田北乗物町,千代田区,神田北乗物町,59.0,6804.799673911723,65,0.0,0.0,0.0,266.497,3.69,True,0.0,,0.0,4.099953846153847,3.69,False,
千代田区|神田富山町,千代田区,神田富山町,152.0,13504.19710700333,130,0.0,0.0,0.0,567.401,3.837,True,0.0,,0.0,4.364623076923077,3.837,False,
千代田区|神田美倉町,千代田区,神田美倉町,55.0,7797.834697212597,76,0.0,0.0,0.0,307.96999999999997,3.465,True,0.0,,0.0,4.052236842105263,3.465,False,
千代田区|岩本町1丁目,千代田区,岩本町一丁目,1100.0,44130.75018221334,421,0.0,0.0,0.0,1712.325,3.513,True,0.0,,0.0,4.06728028503563,3.513,False,
千代田区|岩本町2丁目,千代田区,岩本町二丁目,2181.0,87392.31376825387,837,222.0,222.0,1.0,3072.909,3.203,True,0.26523297491039427,1.0,1.0,3.671336917562724,3.203,False,0.26523297491039427
千代田区|岩本町3丁目,千代田区,岩本町三丁目,675.0,69953.77213558694,631,275.0,276.0,2.0,2348.436,2.875,True,0.4358161648177496,1.0036363636363637,2.0,3.721768621236133,2.875,False,0.43740095087163233
千代田区|神田西福田町,千代田区,神田西福田町,82.0,4793.693184048523,45,0.0,0.0,0.0,183.296,3.78,True,0.0,,0.0,4.073244444444445,3.78,False,
千代田区|神田東松下町,千代田区,神田東松下町,1083.0,30928.122038403846,297,4.0,4.0,1.0,1214.882,3.405,True,0.013468013468013467,1.0,1.0,4.090511784511785,3.405,False,0.013468013468013467
千代田区|神田東紺屋町,千代田区,神田東紺屋町,66.0,3039.3379537235905,28,0.0,0.0,0.0,108.035,3.63,True,0.0,,0.0,3.858392857142857,3.63,False,
千代田区|神田岩本町,千代田区,神田岩本町,49.0,14939.83520398651,142,53.0,53.0,1.0,544.109,3.253,True,0.3732394366197183,1.0,1.0,3.831753521126761,3.253,False,0.3732394366197183
千代田区|東神田1丁目,千代田区,東神田一丁目,1787.0,64578.76003922165,619,185.0,185.0,1.0,2310.843,3.04,True,0.2988691437802908,1.0,1.0,3.7331873990306943,3.04,False,0.2988691437802908
千代田区|東神田2丁目,千代田区,東神田二丁目,1235.0,54121.93065648035,465,209.0,209.0,1.0,1667.217,2.857,True,0.44946236559139785,1.0,1.0,3.585412903225807,2.857,False,0.44946236559139785
千代田区|東神田3丁目,千代田区,東神田三丁目,919.0,27662.52804464411,252,18.0,2.19,0.53,753.795003863,2.327,True,0.07142857142857142,0.12166666666666666,0.53,2.9912500153293653,2.327,False,0.00869047619047619
千代田区|神田和泉町,千代田区,神田和泉町,776.0,83637.8489849764,1528,891.0,603.74,1.04,4078.323882403,1.942,True,0.5831151832460733,0.6775982042648709,1.04,2.6690601324626964,1.942,False,0.3951178010471204
千代田区|神田佐久間町1丁目,千代田区,神田佐久間町一丁目,15.0,33659.51546482413,282,128.0,141.0,2.0,910.902,1.683,True,0.45390070921985815,1.1015625,2.0,3.2301489361702127,1.683,False,0.5
千代田区|神田佐久間町2丁目,千代田区,神田佐久間町二丁目,135.0,18180.19301843109,174,2.0,2.0,1.0,523.841,2.613,True,0.011494252873563218,1.0,1.0,3.010580459770115,2.613,False,0.011494252873563218
千代田区|神田佐久間町3丁目,千代田区,神田佐久間町三丁目,819.0,38957.15615519282,427,120.0,81.62,1.0,1156.051506221,2.41,True,0.2810304449648712,0.6801666666666667,1.0,2.7073805766299763,2.41,False,0.19114754098360656
千代田区|神田佐久間町4丁目,千代田区,神田佐久間町四丁目,667.0,12296.665780641766,161,67.0,41.94,1.0,447.555015564,2.323,True,0.4161490683229814,0.6259701492537313,1.0,2.7798448171677017,2.323,False,0.2604968944099379
千代田区|神田平河町,千代田区,神田平河町,10.0,4947.254877209848,44,0.0,0.0,0.0,131.487,2.79,True,0.0,,0.0,2.9883409090909088,2.79,False,
千代田区|神田松永町,千代田区,神田松永町,45.0,16584.085671180557,233,121.0,84.45,1.0,642.213251644,2.452,True,0.51931330472103,0.6979338842975207,1.0,2.756280049974249,2.452,False,0.36244635193133046
千代田区|神田花岡町,千代田区,神田花岡町,0.0,23923.821759345672,226,2.0,2.0,1.0,799.236,2.995,True,0.008849557522123894,1.0,1.0,3.5364424778761063,2.995,False,0.008849557522123894
千代田区|神田佐久間河岸,千代田区,神田佐久間河岸,108.0,15162.176271574983,80,33.0,35.0,2.0,227.969,1.463,True,0.4125,1.0606060606060606,2.0,2.8496125,1.463,False,0.43749999999999994
千代田区|神田練塀町,千代田区,神田練塀町,351.0,34303.997268890664,558,230.0,90.09,1.0,1783.501484001,2.77,True,0.4121863799283154,0.39169565217391306,1.0,3.196239218639785,2.77,False,0.16145161290322582
千代田区|神田相生町,千代田区,神田相生町,0.0,8033.972351024711,78,38.0,63.0,4.0,220.714,-0.133,True,0.48717948717948717,1.6578947368421053,4.0,2.8296666666666668,-0.133,False,0.8076923076923077
中央区|八重洲2丁目,中央区,八重洲２丁目,12.0,93254.47316200455,1783,326.0,46.65,1.97,6551.041448067001,0.113704703,True,0.18283791362871565,0.14309815950920246,1.97,3.674167946195738,0.113704703,False,0.026163768928771734
中央区|京橋1丁目,中央区,京橋１丁目,62.0,81060.83715806447,1554,355.0,75.99,3.45,5425.924860589,0.43,True,0.22844272844272845,0.214056338028169,3.45,3.4915861393751606,0.43,False,0.0488996138996139
中央区|京橋2丁目,中央区,京橋２丁目,95.0,86881.7581027922,1661,254.0,40.730000000000004,3.0,5925.847712237,-0.244,True,0.15291992775436483,0.16035433070866142,3.0,3.5676385985773633,-0.244,False,0.024521372667068032
中央区|京橋3丁目,中央区,京橋３丁目,71.0,55217.75614892563,1055,181.0,25.92,1.0,4087.079694283,0.588855561,True,0.17156398104265402,0.14320441988950278,1.0,3.8740091888938393,0.588855561,False,0.02456872037914692
中央区|銀座1丁目,中央区,銀座１丁目,1448.0,135464.32869598753,2578,646.0,216.1,5.0,7857.122638277,-2.179,True,0.2505818463925524,0.33452012383900925,5.0,3.047758975282002,-2.179,False,0.08382467028704421
中央区|銀座2丁目,中央区,銀座２丁目,651.0,92891.82567352417,1793,615.0,175.31,5.08,5197.941030104,0.09,True,0.3430005577244841,0.2850569105691057,5.08,2.8990189794221974,0.09,False,0.09777467930842165
中央区|銀座3丁目,中央区,銀座３丁目,314.0,90698.95996650447,1721,603.0,140.97,3.83,5222.697936273,0.511433957,True,0.35037768739105174,0.23378109452736318,3.83,3.034687935080186,0.511433957,False,0.08191167925624637
中央区|銀座4丁目,中央区,銀座４丁目,182.0,89664.73196068259,1723,485.0,45.24,1.3,5700.80753584,0.05,True,0.281485780615206,0.09327835051546392,1.3,3.308652081160766,0.05,False,0.026256529309344166
中央区|銀座5丁目,中央区,銀座５丁目,26.0,106328.4091523087,2037,448.0,81.84,3.1,7280.118006647001,-1.978,True,0.21993127147766323,0.18267857142857144,3.1,3.5739410931011295,-1.978,False,0.04017673048600884
中央区|銀座6丁目,中央区,銀座６丁目,39.0,104189.76933104529,1851,571.0,124.54,4.15,6427.5026212150005,0.05,True,0.3084819016747704,0.21810858143607706,4.15,3.472448741877364,0.05,False,0.06728254997298758
中央区|銀座7丁目,中央区,銀座７丁目,229.0,105873.68588048044,1705,833.0,126.78,1.21,5943.717234955,0.591094775,True,0.48856304985337246,0.1521968787515006,1.21,3.486051164196481,0.591094775,False,0.07435777126099706
中央区|銀座8丁目,中央区,銀座８丁目,574.0,151425.82814855097,2085,1014.0,158.21,2.35,7502.681182267999,0.12,True,0.48633093525179855,0.15602564102564104,2.35,3.598408240895923,0.12,False,0.07588009592326139
中央区|新富1丁目,中央区,新富１丁目,1323.0,77689.03713741805,1494,487.0,212.18,5.0,3680.0891856360004,-2.155,True,0.32597054886211513,0.43568788501026695,5.0,2.4632457735180724,-2.155,False,0.14202141900937082
中央区|新富2丁目,中央区,新富２丁目,960.0,47386.92674759869,901,429.0,462.52,6.0,1485.3508116389999,-3.493,True,0.47613762486126526,1.078135198135198,6.0,1.6485580595327411,-3.493,False,0.5133407325194228
中央区|入船1丁目,中央区,入船１丁目,1059.0,34971.16001153347,668,129.0,8.56,0.21,1805.1639008070001,2.033750021,True,0.19311377245508982,0.06635658914728683,0.21,2.7023411688727546,2.033750021,False,0.012814371257485031
中央区|入船2丁目,中央区,入船２丁目,957.0,25264.619696954247,477,108.0,35.06,1.0,1054.946551488,1.374,True,0.22641509433962265,0.32462962962962966,1.0,2.2116279905408804,1.374,False,0.07350104821802936
中央区|入船3丁目,中央区,入船３丁目,935.0,34449.13259824956,660,277.0,137.32,1.0,1266.165523537,1.064,True,0.4196969696969697,0.49574007220216604,1.0,1.9184326114196968,1.064,False,0.20806060606060603
中央区|湊1丁目,中央区,湊１丁目,1333.0,53800.06713904671,1025,195.0,19.92,0.42,2954.4224032829998,1.127475687,True,0.1902439024390244,0.10215384615384616,0.42,2.8823633202760974,1.127475687,False,0.019434146341463416
中央区|湊2丁目,中央区,湊２丁目,3027.0,40620.42828105476,774,165.0,18.03,0.47,1950.852620164,1.56,True,0.2131782945736434,0.10927272727272729,0.47,2.520481421400517,1.56,False,0.023294573643410855
中央区|湊3丁目,中央区,湊３丁目,3087.0,49843.65409609646,951,227.0,20.82,0.47,2406.1737098450003,1.541249574,True,0.2386961093585699,0.09171806167400881,0.47,2.5301511144532074,1.541249574,False,0.02189274447949527
中央区|明石町,中央区,明石町,3605.0,171253.14483209638,2548,902.0,345.6,7.0,6102.768382766,-4.053,True,0.3540031397174254,0.3831485587583149,7.0,2.3951210293430143,-4.053,False,0.13563579277864993
中央区|築地1丁目,中央区,築地１丁目,849.0,77306.27719602616,1470,384.0,293.82,7.0,3036.230135931,-4.091,True,0.2612244897959184,0.76515625,7.0,2.0654626775040814,-4.091,False,0.1998775510204082
中央区|築地2丁目,中央区,築地２丁目,1171.0,71205.8182658331,1230,421.0,199.07999999999998,6.0,2441.4799966640003,-3.091,True,0.34227642276422765,0.4728741092636579,6.0,1.9849430867186995,-3.091,False,0.16185365853658534
中央区|築地3丁目,中央区,築地３丁目,923.0,85375.65862388711,1175,475.0,194.55,7.0,2551.574371245,-4.097,True,0.40425531914893614,0.4095789473684211,7.0,2.171552656378723,-4.097,False,0.1655744680851064
中央区|築地4丁目,中央区,築地４丁目,646.0,81126.30598511499,846,244.0,18.330000000000002,0.17,2098.783888872,-1.978,True,0.28841607565011823,0.07512295081967214,0.17,2.480832019943262,-1.978,False,0.02166666666666667
中央区|築地5丁目,中央区,築地５丁目,365.0,332359.96581656905,3123,632.0,133.01,1.62,8637.91,0.03,True,0.20236951649055396,0.21045886075949366,1.62,2.765901376881204,0.03,False,0.042590457893051555
中央区|築地6丁目,中央区,築地６丁目,1852.0,112417.15771378188,1071,472.0,78.81,0.61,3151.62,1.17,True,0.4407096171802054,0.16697033898305086,0.61,2.942689075630252,1.17,False,0.07358543417366947
中央区|築地7丁目,中央区,築地７丁目,3400.0,76547.69064094115,724,441.0,131.62,0.96,1798.19,1.4,True,0.6091160220994475,0.29845804988662133,0.96,2.4836878453038675,1.4,False,0.18179558011049723
中央区|浜離宮庭園,中央区,浜離宮庭園,0.0,261373.95364273872,0,,,,,,False,,,,,,False,
中央区|八丁堀1丁目,中央区,八丁堀１丁目,66.0,32548.115148558132,609,382.0,268.55,5.0,1470.021680602,-2.079,True,0.6272577996715928,0.7030104712041885,5.0,2.4138287037799673,-2.079,False,0.4409688013136289
中央区|八丁堀2丁目,中央区,八丁堀２丁目,1150.0,75412.59627721693,1422,597.0,398.61,5.0,3508.114859541,-2.081,True,0.41983122362869196,0.6676884422110553,5.0,2.4670287338544306,-2.081,False,0.2803164556962025
中央区|八丁堀3丁目,中央区,八丁堀３丁目,1523.0,76595.99800783707,1441,331.0,357.31,6.0,3586.3026981949997,-3.056,True,0.22970159611380986,1.0794864048338368,6.0,2.4887596795246356,-3.056,False,0.24795975017349065
中央区|八丁堀4丁目,中央区,八丁堀４丁目,1164.0,59555.57391626824,1096,136.0,90.78,5.0,3016.5278766660003,-1.795,True,0.12408759124087591,0.6675,5.0,2.752306456812044,-1.795,False,0.08282846715328467
中央区|新川1丁目,中央区,新川１丁目,3495.0,205427.57449250703,3254,1759.0,1223.9,3.0,9239.680613967,0.321214145,True,0.5405654578979717,0.6957930642410461,3.0,2.839483901034727,0.321214145,False,0.37612169637369397
中央区|新川2丁目,中央区,新川２丁目,6360.0,172421.34379993234,3011,1671.0,1001.52,4.0,8476.836599586,-0.822,True,0.5549651278644968,0.5993536804308797,4.0,2.8152894717987382,-0.822,False,0.3326203918963799
中央区|日本橋本石町1丁目,中央区,日本橋本石町１丁目,0.0,22971.211427599763,166,9.0,9.0,1.0,707.937,2.737,True,0.05421686746987952,1.0,1.0,4.264680722891566,2.737,False,0.05421686746987952
中央区|日本橋本石町2丁目,中央区,日本橋本石町２丁目,0.0,30844.29671784325,281,1.0,2.0,2.0,1299.028,2.242,True,0.0035587188612099642,2.0,2.0,4.622875444839858,2.242,False,0.0071174377224199285
中央区|日本橋本石町3丁目,中央区,日本橋本石町３丁目,4.0,19528.426326274188,169,8.0,8.0,1.0,804.21,1.315,True,0.047337278106508875,1.0,1.0,4.758639053254438,1.315,False,0.047337278106508875
中央区|日本橋本石町4丁目,中央区,日本橋本石町４丁目,76.0,41442.3153266002,371,13.0,16.0,2.0,1819.475,1.507,True,0.03504043126684636,1.2307692307692308,2.0,4.904245283018867,1.507,False,0.0431266846361186
中央区|日本橋室町1丁目,中央区,日本橋室町１丁目,155.0,72601.8056049326,602,22.0,28.0,3.0,2709.298,1.17,True,0.036544850498338874,1.2727272727272727,3.0,4.500495016611295,1.17,False,0.04651162790697675
中央区|日本橋室町2丁目,中央区,日本橋室町２丁目,47.0,36451.16481506613,348,0.0,0.0,0.0,1654.881,3.9,True,0.0,,0.0,4.755405172413793,3.9,False,
中央区|日本橋室町3丁目,中央区,日本橋室町３丁目,7.0,24365.637441619994,233,0.0,0.0,0.0,1160.126,4.455,True,0.0,,0.0,4.9790815450643775,4.455,False,
中央区|日本橋室町4丁目,中央区,日本橋室町４丁目,44.0,29371.262890344486,280,0.0,0.0,0.0,1384.618,4.315,True,0.0,,0.0,4.9450642857142855,4.315,False,
中央区|日本橋本町1丁目,中央区,日本橋本町１丁目,269.0,52001.66578017896,464,0.0,0.0,0.0,1831.499,1.307,True,0.0,,0.0,3.947196120689655,1.307,False,
中央区|日本橋本町2丁目,中央区,日本橋本町２丁目,213.0,36585.980727827045,348,0.0,0.0,0.0,1362.372,3.15,True,0.0,,0.0,3.9148620689655176,3.15,False,
中央区|日本橋本町3丁目,中央区,日本橋本町３丁目,260.0,43959.6797056212,424,7.0,7.0,1.0,1930.801,1.71,True,0.01650943396226415,1.0,1.0,4.553775943396226,1.71,False,0.01650943396226415
中央区|日本橋本町4丁目,中央区,日本橋本町４丁目,1140.0,60286.339358847115,573,0.0,0.0,0.0,2617.553,3.793,True,0.0,,0.0,4.568155322862129,3.793,False,
中央区|日本橋小舟町,中央区,日本橋小舟町,1016.0,57588.14844811601,551,0.0,0.0,0.0,2096.733,3.285,True,0.0,,0.0,3.805323049001815,3.285,False,
中央区|日本橋小伝馬町,中央区,日本橋小伝馬町,1073.0,76716.8720067724,730,0.0,0.0,0.0,3398.162,3.817,True,0.0,,0.0,4.6550164383561645,3.817,False,
中央区|日本橋大伝馬町,中央区,日本橋大伝馬町,1790.0,56209.04933539809,541,0.0,0.0,0.0,2257.553,3.22,True,0.0,,0.0,4.17292606284658,3.22,False,
中央区|日本橋堀留町1丁目,中央区,日本橋堀留町１丁目,1340.0,56515.41969262082,541,0.0,0.0,0.0,2175.547,3.435,True,0.0,,0.0,4.021343807763401,3.435,False,
中央区|日本橋堀留町2丁目,中央区,日本橋堀留町２丁目,1778.0,35665.649302843995,344,0.0,0.0,0.0,1405.463,3.425,True,0.0,,0.0,4.085648255813953,3.425,False,
中央区|日本橋富沢町,中央区,日本橋富沢町,1632.0,58954.35413552138,560,7.0,7.0,1.0,1893.652,2.115,True,0.0125,1.0,1.0,3.381521428571429,2.115,False,0.0125
中央区|日本橋人形町1丁目,中央区,日本橋人形町１丁目,1630.0,61499.214401595134,622,65.0,37.12,1.0,1748.5330000000001,1.684,True,0.1045016077170418,0.571076923076923,1.0,2.811146302250804,1.684,False,0.05967845659163987
中央区|日本橋人形町2丁目,中央区,日本橋人形町２丁目,2741.0,101959.26612929376,1415,291.0,123.28,1.0,3071.4209403219998,1.304,True,0.20565371024734982,0.4236426116838488,1.0,2.170615505527915,1.304,False,0.08712367491166079
中央区|日本橋人形町3丁目,中央区,日本橋人形町３丁目,1164.0,44587.999435336766,425,0.0,0.0,0.0,1683.446,3.308,True,0.0,,0.0,3.9610494117647055,3.308,False,
中央区|日本橋小網町,中央区,日本橋小網町,1373.0,100738.92475993908,805,72.0,78.0,2.0,2570.039,1.03,True,0.08944099378881988,1.0833333333333333,2.0,3.192595031055901,1.03,False,0.0968944099378882
中央区|日本橋蛎殻町1丁目,中央区,日本橋蛎殻町１丁目,3959.0,104498.763475746,1499,760.0,534.35,1.0,2985.405021393,1.165,True,0.5070046697798533,0.7030921052631579,1.0,1.9915977460927285,1.165,False,0.3564709806537692
中央区|日本橋蛎殻町2丁目,中央区,日本橋蛎殻町２丁目,1434.0,73504.32207486956,1396,844.0,444.71,1.0,2373.791783961,0.01,True,0.6045845272206304,0.5269075829383886,1.0,1.7004239140121775,0.01,False,0.31856017191977076
中央区|日本橋箱崎町,中央区,日本橋箱崎町,3885.0,248460.7151220554,3209,1567.0,1012.81,2.0,7049.506527808,0.54,True,0.48831411654721096,0.6463369495851946,2.0,2.196792311563727,0.54,False,0.3156154565285135
中央区|日本橋馬喰町1丁目,中央区,日本橋馬喰町１丁目,1636.0,59121.385280118484,566,10.0,10.0,1.0,2397.216,3.1,True,0.0176678445229682,1.0,1.0,4.235363957597173,3.1,False,0.0176678445229682
中央区|日本橋馬喰町2丁目,中央区,日本橋馬喰町２丁目,1209.0,45474.52445249801,398,68.0,68.0,1.0,1503.593,3.0,True,0.1708542713567839,1.0,1.0,3.7778718592964826,3.0,False,0.1708542713567839
中央区|日本橋横山町,中央区,日本橋横山町,1619.0,43756.66924289241,419,1.0,0.06,0.06,1600.2369999999999,3.025,True,0.002386634844868735,0.06,0.06,3.8191813842482096,3.025,False,0.00014319809069212412
中央区|東日本橋1丁目,中央区,東日本橋１丁目,1205.0,65707.02483204335,991,201.0,22.94,0.31,2470.0603714030003,0.665007586,True,0.20282542885973764,0.11412935323383085,0.31,2.492492806662967,0.665007586,False,0.023148335015136228
中央区|東日本橋2丁目,中央区,東日本橋２丁目,2577.0,107715.74245110342,1563,293.0,17.26,0.23,4809.049707882,0.98501106,True,0.18746001279590532,0.058907849829351544,0.23,3.0768072347293667,0.98501106,False,0.011042866282789509
中央区|東日本橋3丁目,中央区,東日本橋３丁目,2389.0,54284.659791352206,521,0.0,0.0,0.0,1767.699,2.76,True,0.0,,0.0,3.3928963531669867,2.76,False,
中央区|日本橋久松町,中央区,日本橋久松町,964.0,40099.68174230129,385,17.0,17.0,1.0,984.932,2.01,True,0.04415584415584416,1.0,1.0,2.558264935064935,2.01,False,0.04415584415584416
中央区|日本橋浜町1丁目,中央区,日本橋浜町１丁目,2265.0,51919.84201946598,804,241.0,60.35,1.0,1553.388337114,0.54674146,True,0.2997512437810945,0.2504149377593361,1.0,1.9320750461616916,0.54674146,False,0.07506218905472636
中央区|日本橋浜町2丁目,中央区,日本橋浜町２丁目,5102.0,211998.5157975764,3193,890.0,238.04,4.0,6085.586694293001,-2.523,True,0.278734732226746,0.26746067415730335,4.0,1.9059150310970876,-2.523,False,0.07455057939242091
中央区|日本橋浜町3丁目,中央区,日本橋浜町３丁目,5061.0,127141.63581054604,2157,1443.0,816.35,1.0,2767.8732688990003,0.04,True,0.6689847009735744,0.5657311157311158,1.0,1.2832050388961522,0.04,False,0.37846546128882713
中央区|日本橋中洲,中央区,日本橋中洲,2451.0,94413.44465866806,841,213.0,35.74,1.0,1587.0067877719998,0.221917395,True,0.25326991676575505,0.16779342723004695,1.0,1.8870473100737215,0.221917395,False,0.04249702734839477
中央区|八重洲1丁目,中央区,八重洲１丁目,30.0,86284.72956605678,1551,692.0,301.14,3.0,5319.716386455,0.56,True,0.44616376531270147,0.43517341040462426,3.0,3.4298622736653774,0.56,False,0.19415860735009668
中央区|日本橋1丁目,中央区,日本橋１丁目,69.0,109769.87533576334,1399,413.0,266.84,4.0,4997.293834084,-0.3,True,0.2952108649035025,0.6461016949152542,4.0,3.572047057958542,-0.3,False,0.19073624017155108
中央区|日本橋2丁目,中央区,日本橋２丁目,60.0,98366.10393169557,1878,628.0,156.56,3.62,6666.900193223,0.707517286,True,0.3343982960596379,0.24929936305732484,3.62,3.5500001028876467,0.707517286,False,0.08336528221512246
中央区|日本橋3丁目,中央区,日本橋３丁目,175.0,79143.36381982027,1510,449.0,132.07,4.4,5285.200808892,0.1,True,0.29735099337748344,0.2941425389755011,4.4,3.500132986021192,0.1,False,0.08746357615894039
中央区|日本橋茅場町1丁目,中央区,日本橋茅場町１丁目,39.0,72417.69862628373,900,550.0,387.76,3.0,2453.8792581449998,0.17,True,0.6111111111111112,0.7050181818181818,3.0,2.7265325090499997,0.17,False,0.4308444444444445
中央区|日本橋茅場町2丁目,中央区,日本橋茅場町２丁目,618.0,57533.82766915902,1035,587.0,273.87,2.0,2713.5741983039998,1.214,True,0.5671497584541063,0.46655877342419083,2.0,2.6218108196173913,1.214,False,0.26460869565217393
中央区|日本橋茅場町3丁目,中央区,日本橋茅場町３丁目,701.0,32348.878935340606,604,436.0,268.17,2.0,1473.826695883,0.994,True,0.7218543046357616,0.6150688073394496,2.0,2.4401104236473508,0.994,False,0.4439900662251656
中央区|日本橋兜町,中央区,日本橋兜町,723.0,103499.00442780596,1576,1128.0,930.97,5.0,3782.513863731,-1.747,True,0.7157360406091371,0.8253280141843972,5.0,2.4000722485602792,-1.747,False,0.5907170050761421
中央区|佃1丁目,中央区,佃１丁目,2709.0,84392.32139463635,721,225.0,52.42,1.0,2179.41,0.82,True,0.3120665742024965,0.23297777777777778,1.0,3.0227600554785017,0.82,False,0.07270457697642163
中央区|佃2丁目,中央区,佃２丁目,10360.0,179028.9815785675,1643,420.0,49.78,1.19,4720.66,0.26,True,0.2556299452221546,0.11852380952380953,1.19,2.873195374315277,0.26,False,0.030298234936092516
中央区|佃3丁目,中央区,佃３丁目,1933.0,57642.17871669247,544,183.0,22.16,0.49,1145.7900000000002,0.3,True,0.33639705882352944,0.1210928961748634,0.49,2.106231617647059,0.3,False,0.040735294117647064
中央区|月島1丁目,中央区,月島１丁目,5942.0,99064.21139202354,946,330.0,31.48,0.25,1765.65,0.47,True,0.3488372093023256,0.09539393939393939,0.25,1.8664376321353067,0.47,False,0.033276955602536996
中央区|月島2丁目,中央区,月島２丁目,3148.0,68386.78967958041,649,224.0,21.9,0.4,1084.19,0.01,True,0.34514637904468415,0.09776785714285714,0.4,1.6705546995377505,0.01,False,0.0337442218798151
中央区|月島3丁目,中央区,月島３丁目,4182.0,119239.13540254487,1091,720.0,113.82000000000001,0.41,1845.71,0.85,True,0.6599450045829515,0.15808333333333335,0.41,1.6917598533455547,0.85,False,0.10432630614115493
中央区|月島4丁目,中央区,月島４丁目,3355.0,104609.0293781696,927,594.0,86.77,0.45,1432.57,0.99,True,0.6407766990291263,0.14607744107744108,0.45,1.5453829557713052,0.99,False,0.09360302049622439
中央区|勝どき1丁目,中央区,勝どき１丁目,4433.0,81590.09247912183,717,367.0,95.31,0.47,1454.72,0.77,True,0.5118549511854951,0.25970027247956406,0.47,2.0288981868898186,0.77,False,0.13292887029288702
中央区|勝どき2丁目,中央区,勝どき２丁目,2554.0,69679.99974942606,623,466.0,86.22999999999999,0.51,1094.4799999999998,1.3,True,0.7479935794542536,0.1850429184549356,0.51,1.7567897271268054,1.3,False,0.13841091492776883
中央区|勝どき3丁目,中央区,勝どき３丁目,3341.0,83242.19498608218,712,559.0,116.52,0.51,1409.4,0.13,True,0.7851123595505618,0.20844364937388193,0.51,1.979494382022472,0.13,False,0.16365168539325842
中央区|勝どき4丁目,中央区,勝どき４丁目,6574.0,70520.02997699045,614,476.0,106.99000000000001,0.51,1083.17,0.9,True,0.7752442996742671,0.22476890756302523,0.51,1.7641205211726385,0.9,False,0.17425081433224757
中央区|勝どき5丁目,中央区,勝どき５丁目,7027.0,110362.61331142767,994,556.0,57.220000000000006,0.45,2421.06,0.04,True,0.5593561368209256,0.1029136690647482,0.45,2.4356740442655935,0.04,False,0.05756539235412475
中央区|勝どき6丁目,中央区,勝どき６丁目,7007.0,87835.14251374465,777,311.0,45.38,0.45,1983.28,0.99,True,0.40025740025740025,0.14591639871382636,0.45,2.5524839124839125,0.99,False,0.0584041184041184
中央区|豊海町,中央区,豊海町,452.0,172961.85158559357,1573,890.0,79.99,0.32,4716.75,1.54,True,0.5657978385251112,0.08987640449438201,0.32,2.998569612205976,1.54,False,0.05085187539732994
中央区|晴海1丁目,中央区,晴海１丁目,4051.0,221324.22085493058,1970,1147.0,512.49,1.19,5303.72,1.68,True,0.582233502538071,0.4468090671316478,1.19,2.692243654822335,1.68,False,0.2601472081218274
中央区|晴海2丁目,中央区,晴海２丁目,7016.0,175368.65603534077,1636,653.0,281.03,1.36,5036.04,1.26,True,0.3991442542787286,0.4303675344563552,1.36,3.0782640586797068,1.26,False,0.17177872860635696
中央区|晴海3丁目,中央区,晴海３丁目,5315.0,111879.64149531307,1047,933.0,386.97,0.87,2689.23,1.96,True,0.8911174785100286,0.41475884244372996,0.87,2.568510028653295,1.96,False,0.3695988538681949
中央区|晴海4丁目,中央区,晴海４丁目,118.0,124894.9960555208,1193,913.0,279.86,1.36,3463.62,2.1,True,0.7652975691533948,0.3065279299014239,1.36,2.9032858340318524,2.1,False,0.23458507963118191
中央区|晴海5丁目,中央区,晴海５丁目,9011.0,407772.135010394,3832,1865.0,378.45,0.87,13319.76,1.81,True,0.4866910229645094,0.20292225201072386,0.87,3.4759290187891443,1.81,False,0.09876043841336117
港区|赤坂1丁目,港区,赤坂1丁目,615.0,158358.92700139811,1514,664.0,153.96,1.71,22349.09,4.31,True,0.4385733157199472,0.2318674698795181,1.71,14.76161822985469,4.31,False,0.10169088507265522
港区|赤坂2丁目,港区,赤坂2丁目,2979.0,208012.30011374407,1990,1174.0,234.95,1.15,23773.9,7.02,True,0.5899497487437186,0.20012776831345824,1.15,11.946683417085428,7.02,False,0.11806532663316582
港区|赤坂3丁目,港区,赤坂3丁目,247.0,94014.88294562131,896,815.0,162.59,1.28,8755.68,6.97,True,0.9095982142857143,0.19949693251533743,1.28,9.771964285714287,6.97,False,0.18146205357142858
港区|赤坂4丁目,港区,赤坂4丁目,2395.0,149428.93345354297,1426,752.0,206.8,1.9,29880.09,10.22,True,0.5273492286115007,0.275,1.9,20.953779803646565,10.22,False,0.1450210378681627
港区|赤坂5丁目,港区,赤坂5丁目,889.0,106794.65078983735,1020,186.0,23.45,2.5,18669.96,10.25,True,0.18235294117647058,0.1260752688172043,2.5,18.303882352941176,10.25,False,0.02299019607843137
港区|赤坂6丁目,港区,赤坂6丁目,3973.0,182999.55693045162,1746,796.0,153.59,1.43,28840.39,8.04,True,0.4558991981672394,0.19295226130653267,1.43,16.517978235967927,8.04,False,0.0879667812142039
港区|赤坂7丁目,港区,赤坂7丁目,2531.0,160583.20707887044,1535,593.0,101.16,2.14,36007.66,12.21,True,0.3863192182410424,0.1705902192242833,2.14,23.457758957654725,12.21,False,0.06590228013029316
港区|赤坂8丁目,港区,赤坂8丁目,3263.0,170530.90818638346,1664,464.0,90.25,1.55,43580.661,13.52,True,0.27884615384615385,0.1945043103448276,1.55,26.19030108173077,13.52,False,0.05423677884615385
港区|赤坂9丁目,港区,赤坂9丁目,2246.0,179184.39193858884,1739,284.0,49.768,2.03,43867.07399999999,12.57,True,0.1633122484186314,0.1752394366197183,2.03,25.225459459459454,12.57,False,0.028618746405980448
港区|麻布十番1丁目,港区,麻布十番1丁目,982.0,57830.05953236866,556,512.0,147.91400027,1.607,4415.791,4.475,True,0.920863309352518,0.28889453177734375,1.607,7.942070143884893,4.475,False,0.26603237458633094
港区|麻布十番2丁目,港区,麻布十番2丁目,2713.0,66814.65269998921,661,545.0,234.89799972,1.432,4821.414,4.717,True,0.8245083207261724,0.4310055040733945,1.432,7.2941210287443266,4.717,False,0.35536762438729197
港区|麻布十番3丁目,港区,麻布十番3丁目,1637.0,33300.54056164765,316,314.0,141.111,1.459,2033.546,5.28,True,0.9936708860759493,0.4493980891719745,1.459,6.435272151898734,5.28,False,0.4465537974683544
港区|麻布十番4丁目,港区,麻布十番4丁目,440.0,17268.266846694663,159,158.0,168.70800002,1.534,829.99,4.678,True,0.9937106918238994,1.0677721520253163,1.534,5.220062893081761,4.678,False,1.061056603899371
港区|麻布台1丁目,港区,麻布台1丁目,597.0,122444.91855430472,1213,325.0,64.359,2.28,26074.599000000002,11.36,True,0.2679307502061006,0.1980276923076923,2.28,21.495959604286895,11.36,False,0.053057708161582846
港区|麻布台2丁目,港区,麻布台2丁目,530.0,58188.05441568846,554,237.0,10.28800007,0.60900003,13459.677,11.913,True,0.427797833935018,0.04340928299578059,0.60900003,24.29544584837545,11.913,False,0.018570397238267148
港区|麻布台3丁目,港区,麻布台3丁目,982.0,37921.583354083574,363,302.0,13.50999988,0.33899999,8811.11,12.725,True,0.8319559228650137,0.04473509894039735,0.33899999,24.273030303030303,12.725,False,0.03721763052341598
港区|麻布永坂町,港区,麻布永坂町,276.0,50318.20551793802,483,204.0,18.58999986,0.787,10881.815,8.673,True,0.422360248447205,0.09112745029411765,0.787,22.52963768115942,8.673,False,0.03848861254658385
港区|麻布狸穴町,港区,麻布狸穴町,696.0,20491.109974969982,192,156.0,29.51699949,1.11099994,2201.426,7.117,True,0.8125,0.18921153519230768,1.11099994,11.465760416666667,7.117,False,0.15373437234374998
港区|愛宕1丁目,港区,愛宕1丁目,594.0,36519.27522319226,357,120.0,28.330000000000002,0.65,3928.0860000000002,4.45,True,0.33613445378151263,0.23608333333333334,0.65,11.003042016806724,4.45,False,0.07935574229691877
港区|愛宕2丁目,港区,愛宕2丁目,466.0,40285.23158683941,405,68.0,14.44,0.39,5554.254,4.23,True,0.16790123456790124,0.21235294117647058,0.39,13.714207407407407,4.23,False,0.03565432098765432
港区|海岸1丁目,港区,海岸1丁目,2476.0,393504.27544411225,6729,4044.0,3160.53600006,3.391,16256.695833381,-0.225,True,0.6009808292465448,0.7815370920029673,3.391,2.4159155644792687,-0.225,False,0.4696888096388765
港区|海岸2丁目,港区,海岸2丁目,1324.0,137894.75666384702,1284,1214.0,85.75500007,0.338,3320.030832898,-0.829999983,True,0.9454828660436138,0.07063838556013179,0.338,2.5856937950919003,-0.829999983,False,0.06678738323208722
港区|海岸3丁目,港区,海岸3丁目,4036.0,548566.0559581827,5262,4121.0,355.71500011,0.68000001,15453.607518223,-0.564999998,True,0.7831622957050551,0.08631764137587965,0.68000001,2.9368315313992777,-0.564999998,False,0.06760072217977955
港区|北青山1丁目,港区,北青山1丁目,1442.0,151879.05814488605,1448,205.0,6.54699997,0.34299999,48933.458,31.862,True,0.14157458563535913,0.0319365852195122,0.34299999,33.793824585635356,31.862,False,0.004521408819060774
港区|北青山2丁目,港区,北青山2丁目,530.0,202839.93742982016,1937,1137.0,155.96999976,2.73399997,65565.78,29.205,True,0.5869901910170366,0.13717678079155673,2.73399997,33.84913784202375,29.205,False,0.08052142475993805
港区|北青山3丁目,港区,北青山3丁目,950.0,164622.2169296887,1629,614.0,25.62600003,0.17299999,55228.713,30.558,True,0.3769183548189073,0.04173615640065147,0.17299999,33.90344567219153,30.558,False,0.015731123406998157
港区|港南1丁目,港区,港南1丁目,378.0,372761.4330092693,3478,1034.0,472.05500233,2.45000005,13015.513,0.0,True,0.2972972972972973,0.45653288426499034,2.45000005,3.7422406555491663,0.0,False,0.13572599261932144
港区|港南2丁目,港区,港南2丁目,2684.0,585145.7644812298,5579,3447.0,1450.83799544,3.90400004,18503.971000000998,-1.695,True,0.6178526617673418,0.42089875121554976,3.90400004,3.3167182290734893,-1.695,False,0.2600534137730776
港区|港南3丁目,港区,港南3丁目,6379.0,201703.72878127394,1907,1731.0,275.96900117,2.31100011,7051.437333711,-0.38499999,True,0.9077084425799685,0.159427499231658,2.31100011,3.6976598498746722,-0.38499999,False,0.14471368703198742
港区|港南4丁目,港区,港南4丁目,10885.0,384541.4590727878,3601,3353.0,340.2029997,0.79100001,13960.875845711,-0.409999996,True,0.9311302415995557,0.10146227250223681,0.79100001,3.876944139325465,-0.409999996,False,0.09447459030824772
港区|港南5丁目,港区,港南5丁目,581.0,449298.31255992997,4219,3592.0,371.57200015,0.48800001,16635.35602833,0.0,True,0.8513865844986964,0.10344432075445434,0.48800001,3.942961846013273,0.0,False,0.0880711069329225
港区|芝1丁目,港区,芝1丁目,2127.0,68807.53490898578,651,604.0,451.16699999,2.488,2091.978,1.43,True,0.9278033794162827,0.7469652317715232,2.488,3.213483870967742,1.43,False,0.693036866344086
港区|芝2丁目,港区,芝2丁目,3384.0,165461.50666241642,1605,1533.0,1244.092,2.584,5136.346,1.44,True,0.9551401869158879,0.8115407697325506,2.584,3.2002155763239872,1.44,False,0.7751352024922119
港区|芝3丁目,港区,芝3丁目,3628.0,153047.99820928051,1438,1269.0,299.48400015,2.646,6959.371,0.0,True,0.8824756606397774,0.2360000001182033,2.646,4.839618219749652,0.0,False,0.20826425601529902
港区|芝4丁目,港区,芝4丁目,2484.0,94326.86387948647,910,728.0,385.93100021,1.773,3043.552,1.195,True,0.8,0.5301250002884615,1.773,3.3445626373626376,1.195,False,0.42410000023076927
港区|芝5丁目,港区,芝5丁目,2772.0,215053.18548868605,2052,1446.0,138.58999977,0.666,9380.242,3.295,True,0.7046783625730995,0.09584370661825725,0.666,4.571268031189084,3.295,False,0.06753898624269006
港区|芝浦1丁目,港区,芝浦1丁目,3697.0,257913.88012654654,2433,999.0,404.93699973,1.896,8439.073499934,-0.772500008,True,0.41060419235511714,0.4053423420720721,1.896,3.468587546212084,-0.772500008,False,0.1664352649938348
港区|芝浦2丁目,港区,芝浦2丁目,4502.0,120572.40849728092,1196,146.0,9.625,0.226,2795.734165257,-0.515000001,True,0.12207357859531773,0.06592465753424658,0.226,2.3375703722884613,-0.515000001,False,0.008047658862876254
港区|芝浦3丁目,港区,芝浦3丁目,2043.0,252241.51270754298,2431,1339.0,172.79199962,0.63300002,7952.87916574,-0.340000004,True,0.5508021390374331,0.12904555610156834,0.63300002,3.271443507091732,-0.340000004,False,0.07107856833401892
港区|芝浦4丁目,港区,芝浦4丁目,17984.0,440467.4575088143,4182,2222.0,392.05400117,1.73800004,14110.424170689,0.0,True,0.531324725011956,0.1764419447209721,1.73800004,3.3740851675487806,0.0,False,0.09374796775944526
港区|芝公園1丁目,港区,芝公園1丁目,247.0,72947.4115221434,806,684.0,523.8389999999999,1.847,2550.897,2.125,True,0.8486352357320099,0.7658464912280701,1.847,3.1648846153846155,2.125,False,0.649924317617866
港区|芝公園2丁目,港区,芝公園2丁目,688.0,100917.28912040852,974,957.0,1103.868,1.9,2798.152,2.072,True,0.9825462012320328,1.1534670846394983,1.9,2.8728459958932238,2.072,False,1.1333347022587268
港区|芝公園3丁目,港区,芝公園3丁目,308.0,214883.50364793904,3330,654.0,112.74200003,1.45,47783.447,0.0,True,0.1963963963963964,0.17238837925076453,1.45,14.349383483483484,0.0,False,0.033856456465465465
港区|芝公園4丁目,港区,芝公園4丁目,72.0,264051.4872658678,2582,952.0,238.22900012,2.163,24534.164,0.0,True,0.3687064291247095,0.2502405463445378,2.163,9.502,0.0,False,0.09226529826491091
港区|芝大門1丁目,港区,芝大門1丁目,770.0,84194.94337530568,1218,1018.0,800.658,1.85,3333.989,1.72,True,0.8357963875205254,0.7865009823182711,1.85,2.7372651888341544,1.72,False,0.6573546798029557
港区|芝大門2丁目,港区,芝大門2丁目,742.0,68514.18276214937,711,695.0,431.169,1.796,2389.122,2.23,True,0.9774964838255977,0.6203870503597122,1.796,3.3602278481012657,2.23,False,0.6064261603375527
港区|白金1丁目,港区,白金1丁目,6302.0,135505.50897050445,1365,1259.0,747.53899998,6.86,10212.185,0.0,True,0.9223443223443224,0.5937561556632247,6.86,7.481454212454212,0.0,False,0.547647619032967
港区|白金2丁目,港区,白金2丁目,2533.0,156883.97837036618,1539,841.0,79.74399994,1.68900001,33296.125,8.237,True,0.5464587394411956,0.09482045177170036,1.68900001,21.634909031838855,8.237,False,0.05181546454840806
港区|白金3丁目,港区,白金3丁目,3932.0,107939.69530088191,1047,994.0,222.51999976,6.542,9870.025,0.0,True,0.9493791786055397,0.22386317883299797,6.542,9.426957975167143,0.0,False,0.21253104084049665
港区|白金4丁目,港区,白金4丁目,1626.0,153948.94826822792,1482,585.0,44.09300009,0.96899998,34753.576,11.493,True,0.39473684210526316,0.07537264972649572,0.96899998,23.450456140350877,11.493,False,0.02975236173414305
港区|白金5丁目,港区,白金5丁目,1579.0,98195.73827643959,938,784.0,483.04300075000003,7.317,8707.159,0.0,True,0.835820895522388,0.6161262764668368,7.317,9.282685501066098,0.0,False,0.514971216151386
港区|白金6丁目,港区,白金6丁目,3876.0,119659.57374950613,1183,783.0,114.66799958,0.80299997,22628.307,9.858,True,0.661876584953508,0.1464469981864623,0.80299997,19.1279010989011,9.858,False,0.09692983903634825
港区|白金台1丁目,港区,白金台1丁目,1042.0,146664.87974103307,1413,761.0,437.76399923,3.29399991,28929.399,12.77,True,0.5385704175513093,0.575248356412615,3.29399991,20.473743099787686,12.77,False,0.30981174750884644
港区|白金台2丁目,港区,白金台2丁目,2929.0,153208.94085869865,1493,789.0,86.54300043,1.51900005,37517.17,16.637,True,0.5284661754855995,0.10968694604562738,1.51900005,25.128713998660412,16.637,False,0.057965840877428
港区|白金台3丁目,港区,白金台3丁目,3852.0,159080.3900520848,1517,781.0,46.54100006,0.815,42117.506,18.975,True,0.5148319050758076,0.05959154937259924,0.815,27.763682267633488,18.975,False,0.03067963088991431
港区|白金台4丁目,港区,白金台4丁目,2059.0,166919.65827190535,1593,499.0,16.468,0.122,44753.194,18.62,True,0.31324544883866917,0.033002004008016034,0.122,28.093655994978032,18.62,False,0.01033772755806654
港区|白金台5丁目,港区,白金台5丁目,1973.0,357708.8809014322,3414,1165.0,360.39000001,1.69099998,84119.243,12.648,True,0.3412419449326303,0.30934763949356225,1.69099998,24.639497070884595,12.648,False,0.10556239016110135
港区|新橋1丁目,港区,新橋1丁目,9.0,76730.66814390212,1184,476.0,124.53,1.11,4169.766162983,2.397496899,True,0.40202702702702703,0.2616176470588235,1.11,3.521761961978885,2.397496899,False,0.10517736486486486
港区|新橋2丁目,港区,新橋2丁目,97.0,100086.16590388947,1105,732.0,282.53,2.14,3514.0835809990003,0.82,True,0.6624434389140271,0.38596994535519125,2.14,3.180166136650679,0.82,False,0.255683257918552
港区|新橋3丁目,港区,新橋3丁目,158.0,63075.664459274725,609,544.0,280.28,1.0,1688.6119999999999,2.15,True,0.8932676518883416,0.515220588235294,1.0,2.7727619047619045,2.15,False,0.4602298850574712
港区|新橋4丁目,港区,新橋4丁目,560.0,65392.02158565915,639,587.0,349.76,5.22,1698.137,0.68,True,0.918622848200313,0.5958432708688245,5.22,2.657491392801252,0.68,False,0.5473552425665101
港区|新橋5丁目,港区,新橋5丁目,1038.0,75358.74341359282,1453,596.0,284.12,1.19,4154.43,1.75,True,0.4101858224363386,0.4767114093959732,1.19,2.859208534067447,1.75,False,0.19554026152787338
港区|新橋6丁目,港区,新橋6丁目,1052.0,80709.94279274483,1569,819.0,379.0,1.1,4286.448,1.7,True,0.5219885277246654,0.4627594627594628,1.1,2.731961759082218,1.7,False,0.2415551306564691
港区|高輪1丁目,港区,高輪1丁目,8044.0,249219.26874271003,2432,1658.0,305.70500098,2.6559999,52083.849,6.648,True,0.6817434210526315,0.18438178587454765,2.6559999,21.416056332236842,6.648,False,0.12570106948190787
港区|高輪2丁目,港区,高輪2丁目,6507.0,394534.20036704687,3766,2614.0,497.41799959,1.65499997,48485.144,2.59,True,0.694105151354222,0.19028997688982402,1.65499997,12.87444078597982,2.59,False,0.1320812532103027
港区|高輪3丁目,港区,高輪3丁目,4712.0,462627.78592594905,4558,2642.0,371.60199878,3.94799995,83309.724,3.197,True,0.5796401930671347,0.14065177849356547,3.94799995,18.277692847740237,3.197,False,0.08152742404124615
港区|高輪4丁目,港区,高輪4丁目,4287.0,325463.8573309236,3159,1127.0,102.07300073,1.30200005,61230.417,3.495,True,0.356758467869579,0.09057054190771961,1.30200005,19.382848053181387,3.495,False,0.032311807765115545
港区|虎の門1丁目,港区,虎ノ門1丁目,421.0,129722.22841647814,1763,587.0,54.29,0.39,10596.227646347,4.310001421,True,0.33295519001701646,0.09248722316865417,0.39,6.010338993957459,4.310001421,False,0.030794100964265454
港区|虎の門2丁目,港区,虎ノ門2丁目,19.0,126650.55619298527,1210,644.0,96.93,1.71,12312.07,5.22,True,0.5322314049586777,0.15051242236024845,1.71,10.175264462809917,5.22,False,0.08010743801652893
港区|虎の門3丁目,港区,虎ノ門3丁目,1934.0,128488.81646599418,1264,561.0,28.31,0.39,12047.195,5.31,True,0.4438291139240506,0.05046345811051693,0.39,9.531008702531645,5.31,False,0.022397151898734174
港区|虎の門4丁目,港区,虎ノ門4丁目,848.0,86037.18193153325,827,199.0,24.03,1.61,13871.96,8.75,True,0.24062877871825877,0.12075376884422111,1.61,16.77383313180169,8.75,False,0.02905683192261185
港区|虎の門5丁目,港区,虎ノ門5丁目,341.0,78982.18200942883,771,336.0,28.04,1.86,11504.686,7.67,True,0.4357976653696498,0.08345238095238094,1.86,14.921771725032425,7.67,False,0.03636835278858625
港区|西麻布1丁目,港区,西麻布1丁目,1587.0,99147.33550322015,946,477.0,12.89600003,0.40000001,22224.632,16.315,True,0.5042283298097252,0.027035639475890983,0.40000001,23.493268498942918,16.315,False,0.013632135338266385
港区|西麻布2丁目,港区,西麻布2丁目,2756.0,144192.94165525385,1378,705.0,32.76200001,0.498,31818.414,15.503,True,0.511611030478955,0.046470922000000005,0.498,23.090285921625544,15.503,False,0.023775036291727142
港区|西麻布3丁目,港区,西麻布3丁目,3123.0,183213.9777335068,1775,902.0,30.7160003,1.31500006,45565.22,14.36,True,0.508169014084507,0.03405321541019956,1.31500006,25.67054647887324,14.36,False,0.01730478890140845
港区|西麻布4丁目,港区,西麻布4丁目,3645.0,168165.59349546695,1609,875.0,135.01000113,0.91100001,37656.33,12.905,True,0.5438160348042262,0.15429714414857143,0.91100001,23.403561218147917,12.905,False,0.08390926111249224
港区|西新橋1丁目,港区,西新橋1丁目,256.0,103218.43374035151,1884,512.0,40.26,0.49,8473.103880772,3.202499118,True,0.27176220806794055,0.0786328125,0.49,4.497401210600849,3.202499118,False,0.021369426751592355
港区|西新橋2丁目,港区,西新橋2丁目,379.0,91889.06578920463,910,552.0,43.84,0.28,3959.863491652,3.01,True,0.6065934065934065,0.07942028985507248,0.28,4.351498342474725,3.01,False,0.04817582417582418
港区|西新橋3丁目,港区,西新橋3丁目,892.0,115446.6599891481,2216,547.0,79.768,0.82,9949.287,3.03,True,0.24684115523465705,0.14582815356489945,0.82,4.4897504512635384,3.03,False,0.035996389891696755
港区|浜松町1丁目,港区,浜松町1丁目,2258.0,89393.73680405061,1706,1418.0,1684.0349999999999,3.789,3271.7290000000003,0.33,True,0.8311840562719812,1.1876128349788433,3.789,1.917777842907386,0.33,False,0.9871248534583821
港区|浜松町2丁目,港区,浜松町2丁目,244.0,84034.24705478227,975,849.0,783.1320000000001,3.129,2817.6130000000003,0.13,True,0.8707692307692307,0.9224169611307421,3.129,2.8898594871794874,0.13,False,0.8032123076923078
港区|東麻布1丁目,港区,東麻布1丁目,2409.0,89676.32133825889,882,849.0,264.06300005,3.079,6322.024,2.32,True,0.9625850340136054,0.3110282686101296,3.079,7.167827664399093,2.32,False,0.2993911565192744
港区|東麻布2丁目,港区,東麻布2丁目,2285.0,99017.20296449322,974,868.0,375.99999999,1.643,6769.804999999999,4.08,True,0.891170431211499,0.4331797234907834,1.643,6.950518480492812,4.08,False,0.38603696097535933
港区|東麻布3丁目,港区,東麻布3丁目,838.0,43094.20791912475,425,399.0,239.56700003,1.589,2525.075,4.423,True,0.9388235294117647,0.6004185464411028,1.589,5.94135294117647,4.423,False,0.5636870588941177
港区|東新橋1丁目,港区,東新橋1丁目,1460.0,238749.00241648767,4568,652.0,484.40999999999997,2.71,14925.786,-0.42,True,0.14273204903677758,0.7429601226993865,2.71,3.2674662872154117,-0.42,False,0.10604422066549912
港区|東新橋2丁目,港区,東新橋2丁目,557.0,71929.69976762678,1370,584.0,554.58,3.89,3038.74,-0.14,True,0.42627737226277373,0.9496232876712329,3.89,2.218058394160584,-0.14,False,0.40480291970802923
港区|三田1丁目,港区,三田1丁目,3563.0,230524.43791565718,2177,1271.0,581.15200051,2.118,18594.344,3.62,True,0.5838309600367478,0.45723996892997637,2.118,8.541269637115297,3.62,False,0.26695085002756086
港区|三田2丁目,港区,三田2丁目,4486.0,318119.83361582714,3020,1644.0,446.93299993,2.451,34464.106999999996,4.71,True,0.5443708609271524,0.27185705591849146,2.451,11.4119559602649,4.71,False,0.1479910595794702
港区|三田3丁目,港区,三田3丁目,1679.0,190648.63816929123,1845,1104.0,173.52100044,1.05599999,12534.086,2.735,True,0.5983739837398374,0.15717481923913043,1.05599999,6.793542547425474,2.735,False,0.09404932273170731
港区|三田4丁目,港区,三田4丁目,3779.0,244595.6230070017,2378,1267.0,87.83300002,1.70200002,46202.85,6.09,True,0.5328006728343145,0.06932359906866614,1.70200002,19.429289318755256,6.09,False,0.03693566022708158
港区|三田5丁目,港区,三田5丁目,6469.0,114429.87908770549,1092,1073.0,664.67300013,3.913,7174.656,0.0,True,0.9826007326007326,0.6194529358154707,3.913,6.570197802197802,0.0,False,0.608674908543956
港区|南青山1丁目,港区,南青山1丁目,2533.0,174814.17436250136,1704,667.0,80.61999965,1.21599996,50512.490000000005,25.14,True,0.3914319248826291,0.12086956469265367,1.21599996,29.64348004694836,25.14,False,0.04731220636737089
港区|南青山2丁目,港区,南青山2丁目,2211.0,499961.6798541913,4812,1941.0,136.0240004,2.27999997,144253.246,16.823,True,0.40336658354114713,0.07007934075218959,2.27999997,29.977815045719037,16.823,False,0.0282676642560266
港区|南青山3丁目,港区,南青山3丁目,1097.0,118393.30126758563,1157,609.0,36.149999890000004,0.58099997,36209.159,23.693,True,0.526361279170268,0.05935960573070608,0.58099997,31.295729472774415,23.693,False,0.031244598003457223
港区|南青山4丁目,港区,南青山4丁目,3333.0,204467.2873202347,1969,1080.0,67.18100041,0.66100001,56760.393,19.003,True,0.5485017775520569,0.06220463000925926,0.66100001,28.827015236160484,19.003,False,0.03411935013204672
港区|南青山5丁目,港区,南青山5丁目,1398.0,159069.93268506945,1535,443.0,34.80500021,1.09800005,50226.697,28.44,True,0.28859934853420194,0.07856659189616254,1.09800005,32.72097524429967,28.44,False,0.02267426723778502
港区|南青山6丁目,港区,南青山6丁目,1883.0,135286.53062290128,1293,879.0,80.79900034,1.26100004,38287.495,20.78,True,0.679814385150812,0.09192150209328784,1.26100004,29.61136504253674,20.78,False,0.06248955942768755
港区|南青山7丁目,港区,南青山7丁目,2977.0,100228.31153904693,958,373.0,35.26499998,1.38699996,27769.172,21.765,True,0.3893528183716075,0.09454423587131366,1.38699996,28.98660960334029,21.765,False,0.03681106469728601
港区|南麻布1丁目,港区,南麻布1丁目,4700.0,160034.83117356338,1563,1341.0,985.935,2.428,17611.155,4.67,True,0.8579654510556622,0.7352237136465324,2.428,11.267533589251439,4.67,False,0.6307965451055663
港区|南麻布2丁目,港区,南麻布2丁目,4193.0,142541.65190043737,1351,1221.0,1277.78499999,6.512,10063.737,0.0,True,0.9037749814951888,1.0465069614987714,6.512,7.449102146558104,0.0,False,0.9458068097631384
港区|南麻布3丁目,港区,南麻布3丁目,3057.0,191684.74105982264,1844,1409.0,377.49699963,6.509,33882.69,1.775,True,0.7640997830802603,0.2679183815684883,6.509,18.374560737527116,1.775,False,0.2047163772396963
港区|南麻布4丁目,港区,南麻布4丁目,3724.0,259666.2594035781,2473,1730.0,438.07699969,6.669,41951.512,0.0,True,0.6995551961180753,0.25322369924277455,6.669,16.963813991103923,0.0,False,0.17714395458552365
港区|南麻布5丁目,港区,南麻布5丁目,2306.0,234025.43114928724,2235,1225.0,265.89300065000003,2.07500005,46796.026000000005,0.0,True,0.5480984340044742,0.2170555107346939,2.07500005,20.937819239373603,0.0,False,0.11896778552572707
港区|元赤坂1丁目,港区,元赤坂1丁目,357.0,86403.46541539137,747,527.0,88.67,1.24,10705.69,10.13,True,0.7054886211512718,0.16825426944971536,1.24,14.331579651941098,10.13,False,0.11870147255689424
港区|元赤坂2丁目,港区,元赤坂2丁目,282.0,731743.7541599268,6734,1170.0,221.196,1.63,177377.232,11.67,True,0.17374517374517376,0.18905641025641026,1.63,26.34054529254529,11.67,False,0.03284763884763885
港区|元麻布1丁目,港区,元麻布1丁目,1241.0,95389.18496668061,953,493.0,57.189999779999994,1.89199996,20062.671000000002,7.697,True,0.5173137460650578,0.11600405634888437,1.89199996,21.052120671563486,7.697,False,0.06001049294858342
港区|元麻布2丁目,港区,元麻布2丁目,2062.0,141764.84986715092,1368,676.0,158.205,2.65100002,35461.648,13.115,True,0.49415204678362573,0.23403106508875743,2.65100002,25.92225730994152,13.115,False,0.11564692982456141
港区|元麻布3丁目,港区,元麻布3丁目,1693.0,139837.79920822865,1401,1002.0,83.43399994,0.81900001,32048.87,8.603,True,0.715203426124197,0.08326746500998004,0.81900001,22.875710206995002,8.603,False,0.05955317625981442
港区|六本木1丁目,港区,六本木1丁目,2539.0,141060.99403530452,1344,382.0,74.35000000000001,2.47,34133.55,11.29,True,0.28422619047619047,0.19463350785340316,2.47,25.39698660714286,11.29,False,0.05531994047619048
港区|六本木2丁目,港区,六本木2丁目,727.0,78139.51770014419,739,170.0,11.63,0.66,15467.51,11.32,True,0.23004059539918809,0.06841176470588235,0.66,20.930324763193504,11.32,False,0.015737483085250338
港区|六本木3丁目,港区,六本木3丁目,2644.0,185551.17622114674,1796,683.0,39.943999999999996,1.4,42118.817,2.89,True,0.38028953229398665,0.0584831625183016,1.4,23.451457126948778,2.89,False,0.022240534521158126
港区|六本木4丁目,港区,六本木4丁目,989.0,98417.99928789306,963,307.0,27.215999999999998,1.02,24308.459,13.57,True,0.31879543094496365,0.0886514657980456,1.02,25.242428868120456,13.57,False,0.02826168224299065
港区|六本木5丁目,港区,六本木5丁目,2083.0,202715.91671407837,1938,794.0,108.15500037,2.148,48205.967,9.29,True,0.40970072239422084,0.13621536570528966,2.148,24.874079979360165,9.29,False,0.05580753373065015
港区|六本木6丁目,港区,六本木6丁目,1611.0,203868.47986388052,2017,1243.0,118.91500042999999,1.52600002,50992.549,10.25,True,0.6162617749132375,0.09566773968624295,1.52600002,25.281382746653446,10.25,False,0.05895637106098166
港区|六本木7丁目,港区,六本木7丁目,2047.0,277874.89028415876,2657,1023.0,201.49700073,3.30500007,74482.346,18.207,True,0.38502070003763644,0.19696676513196482,3.30500007,28.032497553631917,18.207,False,0.07583628179525781
港区|台場1丁目,港区,台場1丁目,4562.0,388866.5027528837,3390,251.0,24.27,1.17,17556.91,-0.72,True,0.07404129793510325,0.09669322709163347,1.17,5.1790294985250735,-0.72,False,0.007159292035398231
港区|台場2丁目,港区,台場2丁目,972.0,221977.14705150411,2120,619.0,106.92,0.97,8968.8,-5.46,True,0.2919811320754717,0.1727302100161551,0.97,4.230566037735849,-5.46,False,0.05043396226415095
新宿区|四谷1丁目,新宿区,四谷１丁目,542.0,173350.12850282976,1704,46.0,31.89,1.0,49153.869,18.917,True,0.02699530516431925,0.6932608695652174,1.0,28.846167253521127,18.917,False,0.018714788732394367
新宿区|四谷2丁目,新宿区,四谷２丁目,436.0,45948.819371165686,468,142.0,6.92,0.27,15710.623,31.26,True,0.3034188034188034,0.04873239436619718,0.27,33.569707264957266,31.26,False,0.014786324786324785
新宿区|四谷3丁目,新宿区,四谷３丁目,452.0,46154.540925344176,460,128.0,3.34,0.13,15505.337,31.06,True,0.2782608695652174,0.02609375,0.13,33.70725434782609,31.06,False,0.007260869565217391
新宿区|四谷4丁目,新宿区,四谷４丁目,3455.0,144434.9661881093,1401,82.0,25.34,1.0,44393.049999999996,22.475,True,0.05852962169878658,0.30902439024390244,1.0,31.686688079942893,22.475,False,0.018087080656673804
新宿区|四谷本塩町,新宿区,四谷本塩町,511.0,69345.0267333559,664,40.0,40.0,1.0,15428.917,15.605,True,0.060240963855421686,1.0,1.0,23.23632078313253,15.605,False,0.060240963855421686
新宿区|四谷三栄町,新宿区,四谷三栄町,1987.0,90534.74367510797,869,0.0,0.0,0.0,27532.388,22.88,True,0.0,,0.0,31.68284004602992,22.88,False,
新宿区|四谷坂町,新宿区,四谷坂町,2542.0,81600.07695346489,778,139.0,139.0,1.0,16152.105,16.567,True,0.17866323907455012,1.0,1.0,20.761060411311053,16.567,False,0.17866323907455012
新宿区|若葉1丁目,新宿区,若葉１丁目,2584.0,138054.3475558618,1339,469.0,25.75,0.44,41106.323,17.49,True,0.3502613890963405,0.05490405117270789,0.44,30.699270351008213,17.49,False,0.019230769230769232
新宿区|若葉2丁目,新宿区,若葉２丁目,983.0,50301.27540652902,486,352.0,41.21,0.48,12030.46,19.11,True,0.7242798353909465,0.11707386363636364,0.48,24.754032921810698,19.11,False,0.08479423868312758
新宿区|若葉3丁目,新宿区,若葉３丁目,990.0,33923.14606673217,330,216.0,25.41,0.32,6357.1,17.72,True,0.6545454545454545,0.11763888888888889,0.32,19.263939393939395,17.72,False,0.077
新宿区|須賀町,新宿区,須賀町,1362.0,74962.65844485511,717,271.0,17.73,0.42,21619.05,20.58,True,0.37796373779637377,0.06542435424354244,0.42,30.152092050209205,20.58,False,0.02472803347280335
新宿区|左門町,新宿区,左門町,1653.0,72126.67314822761,687,337.0,19.9,0.41,22692.76,29.93,True,0.49053857350800584,0.05905044510385756,0.41,33.03167394468704,29.93,False,0.028966521106259097
新宿区|信濃町,新宿区,信濃町,865.0,192629.25733919838,1861,586.0,115.84,1.28,60791.602,23.19,True,0.3148844707146695,0.19767918088737202,1.28,32.666094572810316,23.19,False,0.062246104245029556
新宿区|南元町,新宿区,南元町,2598.0,152771.4945955971,1460,785.0,255.22,2.1,35054.438,14.78,True,0.5376712328767124,0.32512101910828023,2.1,24.009889041095892,14.78,False,0.1748082191780822
新宿区|荒木町,新宿区,荒木町,2636.0,88378.11754526521,848,36.0,42.0,2.0,23643.439,18.973,True,0.04245283018867924,1.1666666666666667,2.0,27.88141391509434,18.973,False,0.049528301886792456
新宿区|舟町,新宿区,舟町,1596.0,50558.93221468806,478,0.0,0.0,0.0,15361.813,20.31,True,0.0,,0.0,32.13768410041841,20.31,False,
新宿区|愛住町,新宿区,愛住町,1416.0,70363.82632802092,674,16.0,16.0,1.0,20602.523,20.48,True,0.02373887240356083,1.0,1.0,30.567541543026707,20.48,False,0.02373887240356083
新宿区|大京町,新宿区,大京町,3939.0,164527.40082880086,1621,503.0,146.13,1.0,51219.753,25.4,True,0.31030228254164094,0.2905168986083499,1.0,31.597626773596545,25.4,False,0.09014805675508944
新宿区|霞ケ丘町,新宿区,霞ヶ丘町,0.0,410168.6293141215,3960,750.0,134.3330003,1.71700001,121734.616,22.32,True,0.1893939393939394,0.17911066706666667,1.71700001,30.741064646464643,22.32,False,0.033922474823232324
新宿区|内藤町,新宿区,内藤町,1267.0,479294.83996439766,4716,152.0,191.0,3.0,156958.188,0.0,True,0.032230703986429174,1.256578947368421,3.0,33.282058524173024,0.0,False,0.04050042408821034
新宿区|片町,新宿区,片町,494.0,25407.35158644111,249,108.0,108.0,1.0,5072.997,18.147,True,0.43373493975903615,1.0,1.0,20.373481927710845,18.147,False,0.43373493975903615
新宿区|新宿1丁目,新宿区,新宿１丁目,4125.0,161273.4197666424,1558,0.0,0.0,0.0,54379.629,31.53,True,0.0,,0.0,34.90348459563543,31.53,False,
新宿区|新宿2丁目,新宿区,新宿２丁目,1205.0,105237.67574900303,1031,67.0,67.0,1.0,35240.702000000005,31.67,True,0.06498545101842872,1.0,1.0,34.181088263821536,31.67,False,0.06498545101842872
新宿区|新宿3丁目,新宿区,新宿３丁目,99.0,241759.6449606263,2304,6.0,7.0,2.0,84545.241,31.397,True,0.0026041666666666665,1.1666666666666667,2.0,36.69498307291666,31.397,False,0.0030381944444444445
新宿区|新宿4丁目,新宿区,新宿４丁目,215.0,45497.8924782639,459,0.0,0.0,0.0,15958.475,32.733,True,0.0,,0.0,34.76791938997822,32.733,False,
新宿区|新宿5丁目,新宿区,新宿５丁目,2753.0,163044.91958066382,1560,10.0,10.0,1.0,50445.498,26.75,True,0.00641025641025641,1.0,1.0,32.33685769230769,26.75,False,0.00641025641025641
新宿区|新宿6丁目,新宿区,新宿６丁目,4248.0,248514.97286200253,2370,176.0,176.0,1.0,72243.639,24.29,True,0.07426160337552742,1.0,1.0,30.48254810126582,24.29,False,0.07426160337552742
新宿区|新宿7丁目,新宿区,新宿７丁目,6583.0,208979.11455792494,2001,216.0,218.0,2.0,58497.157,20.357,True,0.10794602698650675,1.0092592592592593,2.0,29.233961519240378,20.357,False,0.10894552723638182
新宿区|歌舞伎町1丁目,新宿区,歌舞伎町１丁目,160.0,161834.8249933887,1542,21.0,21.0,1.0,50076.124,27.72,True,0.013618677042801557,1.0,1.0,32.47478858625163,27.72,False,0.013618677042801557
新宿区|歌舞伎町2丁目,新宿区,歌舞伎町２丁目,2057.0,185998.94742462254,1781,28.0,28.0,1.0,55572.379,27.68,True,0.015721504772599662,1.0,1.0,31.202907916900617,27.68,False,0.015721504772599662
新宿区|市谷田町1丁目,新宿区,市谷田町１丁目,24.0,25813.472276685312,247,0.0,0.0,0.0,2501.704,3.0,True,0.0,,0.0,10.128356275303645,3.0,False,
新宿区|市谷田町2丁目,新宿区,市谷田町２丁目,623.0,50477.35082316257,486,11.0,11.0,1.0,6064.673,3.0,True,0.02263374485596708,1.0,1.0,12.478751028806585,3.0,False,0.02263374485596708
新宿区|市谷田町3丁目,新宿区,市谷田町３丁目,344.0,34892.255884464816,334,16.0,16.0,1.0,4074.442,3.0,True,0.04790419161676647,1.0,1.0,12.198928143712575,3.0,False,0.04790419161676647
新宿区|市谷本村町,新宿区,市谷本村町,2670.0,379585.7439144162,3630,47.0,47.0,1.0,101597.277,3.0,True,0.012947658402203856,1.0,1.0,27.988230578512397,3.0,False,0.012947658402203856
新宿区|市谷砂土原町1丁目,新宿区,市谷砂土原町１丁目,223.0,22807.639785696196,217,0.0,0.0,0.0,4764.533,13.6,True,0.0,,0.0,21.9563732718894,13.6,False,
新宿区|市谷砂土原町2丁目,新宿区,市谷砂土原町２丁目,449.0,18289.249840425142,173,0.0,0.0,0.0,4146.487,16.795,True,0.0,,0.0,23.96813294797688,16.795,False,
新宿区|市谷砂土原町3丁目,新宿区,市谷砂土原町３丁目,1033.0,48659.97957308166,465,0.0,0.0,0.0,12448.104,18.473,True,0.0,,0.0,26.770116129032257,18.473,False,
新宿区|市谷左内町,新宿区,市谷左内町,489.0,46428.97160128161,444,22.0,51.0,4.0,10824.357,13.995,True,0.04954954954954955,2.3181818181818183,4.0,24.379182432432433,13.995,False,0.11486486486486487
新宿区|市谷加賀町1丁目,新宿区,市谷加賀町１丁目,667.0,62216.16314167664,597,42.0,42.0,1.0,14995.866,18.775,True,0.07035175879396985,1.0,1.0,25.11870351758794,18.775,False,0.07035175879396985
新宿区|市谷加賀町2丁目,新宿区,市谷加賀町２丁目,1784.0,70717.97273515901,677,8.0,8.0,1.0,18809.822,22.41,True,0.011816838995568686,1.0,1.0,27.78407976366322,22.41,False,0.011816838995568686
新宿区|市谷甲良町,新宿区,市谷甲良町,844.0,22016.99829872207,209,0.0,0.0,0.0,6089.546,25.497,True,0.0,,0.0,29.136583732057417,25.497,False,
新宿区|市谷船河原町,新宿区,市谷船河原町,188.0,37474.31467073557,356,2.0,2.0,1.0,4664.416,3.0,True,0.0056179775280898875,1.0,1.0,13.102292134831462,3.0,False,0.0056179775280898875
新宿区|市谷長延寺町,新宿区,市谷長延寺町,92.0,13928.618617896898,134,9.0,9.0,1.0,2767.739,16.483,True,0.06716417910447761,1.0,1.0,20.654768656716417,16.483,False,0.06716417910447761
新宿区|市谷鷹匠町,新宿区,市谷鷹匠町,77.0,14609.080855440878,140,5.0,5.0,1.0,3311.349,17.177,True,0.03571428571428571,1.0,1.0,23.652492857142857,17.177,False,0.03571428571428571
新宿区|市谷山伏町,新宿区,市谷山伏町,566.0,27639.41598200323,265,0.0,0.0,0.0,7692.075000000001,24.405,True,0.0,,0.0,29.02669811320755,24.405,False,
新宿区|市谷八幡町,新宿区,市谷八幡町,127.0,26748.553314574645,258,0.0,0.0,0.0,4309.156,3.0,True,0.0,,0.0,16.702155038759688,3.0,False,
新宿区|神楽坂1丁目,新宿区,神楽坂１丁目,27.0,34376.664572196074,331,22.0,26.0,2.0,2342.551,3.0,True,0.06646525679758308,1.1818181818181819,2.0,7.07719335347432,3.0,False,0.0785498489425982
新宿区|神楽坂2丁目,新宿区,神楽坂２丁目,210.0,20997.9231933162,196,3.0,3.0,1.0,2271.698,5.69,True,0.015306122448979591,1.0,1.0,11.590295918367346,5.69,False,0.015306122448979591
新宿区|神楽坂3丁目,新宿区,神楽坂３丁目,428.0,27504.952363731565,264,0.0,0.0,0.0,4616.897,12.99,True,0.0,,0.0,17.48824621212121,12.99,False,
新宿区|神楽坂4丁目,新宿区,神楽坂４丁目,172.0,10475.193501424583,101,0.0,0.0,0.0,1468.634,10.783,True,0.0,,0.0,14.540930693069306,10.783,False,
新宿区|神楽坂5丁目,新宿区,神楽坂５丁目,704.0,19680.54007431446,187,6.0,6.0,1.0,2733.938,10.945,True,0.03208556149732621,1.0,1.0,14.619989304812835,10.945,False,0.03208556149732621
新宿区|神楽坂6丁目,新宿区,神楽坂６丁目,796.0,41309.39259464128,396,2.0,2.0,1.0,8138.016,12.453,True,0.005050505050505051,1.0,1.0,20.550545454545453,12.453,False,0.005050505050505051
新宿区|細工町,新宿区,細工町,412.0,16323.914694699055,155,0.0,0.0,0.0,4074.423,23.135,True,0.0,,0.0,26.2866,23.135,False,
新宿区|二十騎町,新宿区,二十騎町,697.0,27321.100696437195,261,0.0,0.0,0.0,7310.553,26.285,True,0.0,,0.0,28.0097816091954,26.285,False,
新宿区|揚場町,新宿区,揚場町,106.0,22373.60548381469,215,65.0,71.0,2.0,1643.487,4.342,True,0.3023255813953488,1.0923076923076922,2.0,7.6441255813953495,4.342,False,0.33023255813953484
新宿区|津久戸町,新宿区,津久戸町,87.0,36798.79606007619,351,17.0,17.0,1.0,3398.296,5.235,True,0.04843304843304843,1.0,1.0,9.681754985754985,5.235,False,0.04843304843304843
新宿区|東五軒町,新宿区,東五軒町,2357.0,83295.9100786637,777,573.0,1157.0,3.0,5005.347,3.975,True,0.7374517374517374,2.019197207678883,3.0,6.44188803088803,3.975,False,1.489060489060489
新宿区|西五軒町,新宿区,西五軒町,1872.0,55146.930770000414,512,440.0,993.0,3.0,2890.458,3.895,True,0.859375,2.256818181818182,3.0,5.64542578125,3.895,False,1.939453125
新宿区|赤城元町,新宿区,赤城元町,429.0,24340.801697340306,232,1.0,1.0,1.0,5112.693,9.653,True,0.004310344827586207,1.0,1.0,22.037469827586207,9.653,False,0.004310344827586207
新宿区|南榎町,新宿区,南榎町,1418.0,53441.86104064091,512,0.0,0.0,0.0,12956.738000000001,15.25,True,0.0,,0.0,25.306128906250002,15.25,False,
新宿区|袋町,新宿区,袋町,858.0,33278.0725682721,317,0.0,0.0,0.0,7993.394,16.55,True,0.0,,0.0,25.215753943217667,16.55,False,
新宿区|払方町,新宿区,払方町,1008.0,41538.00949929589,396,21.0,21.0,1.0,10943.283,23.03,True,0.05303030303030303,1.0,1.0,27.634553030303028,23.03,False,0.05303030303030303
新宿区|南町,新宿区,南町,840.0,26358.219308283402,249,0.0,0.0,0.0,7056.637,26.27,True,0.0,,0.0,28.339907630522088,26.27,False,
新宿区|北町,新宿区,北町,1051.0,35363.4866159082,338,0.0,0.0,0.0,8647.719,18.85,True,0.0,,0.0,25.5849674556213,18.85,False,
新宿区|納戸町,新宿区,納戸町,1205.0,42952.52189918793,414,2.0,2.0,1.0,11093.966,18.183,True,0.004830917874396135,1.0,1.0,26.7970193236715,18.183,False,0.004830917874396135
新宿区|南山伏町,新宿区,南山伏町,740.0,16860.242846431334,161,0.0,0.0,0.0,4421.4,24.873,True,0.0,,0.0,27.462111801242234,24.873,False,
新宿区|北山伏町,新宿区,北山伏町,578.0,34955.936081101136,333,0.0,0.0,0.0,9585.212,25.255,True,0.0,,0.0,28.784420420420417,25.255,False,
新宿区|白銀町,新宿区,白銀町,1432.0,37326.83272989351,355,19.0,22.0,2.0,5340.53,9.305,True,0.05352112676056338,1.1578947368421053,2.0,15.043746478873238,9.305,False,0.061971830985915494
新宿区|下宮比町,新宿区,下宮比町,264.0,30782.25390868183,290,206.0,234.0,5.0,1587.633,0.895,True,0.7103448275862069,1.1359223300970873,5.0,5.474596551724138,0.895,False,0.8068965517241379
新宿区|矢来町,新宿区,矢来町,4247.0,205403.2563225865,1963,6.0,6.0,1.0,48510.801,12.79,True,0.003056546102903719,1.0,1.0,24.712583290881305,12.79,False,0.003056546102903719
新宿区|若宮町,新宿区,若宮町,1011.0,46258.76304578743,444,0.0,0.0,0.0,9586.304,10.778,True,0.0,,0.0,21.590774774774776,10.778,False,
新宿区|岩戸町,新宿区,岩戸町,619.0,18783.39750636583,181,0.0,0.0,0.0,3326.747,14.89,True,0.0,,0.0,18.37981767955801,14.89,False,
新宿区|中町,新宿区,中町,523.0,27373.44285406158,264,0.0,0.0,0.0,7210.902,23.988,True,0.0,,0.0,27.31402272727273,23.988,False,
新宿区|箪笥町,新宿区,箪笥町,671.0,24316.10549165941,234,0.0,0.0,0.0,5304.46,18.14,True,0.0,,0.0,22.668632478632478,18.14,False,
新宿区|横寺町,新宿区,横寺町,957.0,48324.52653000731,462,0.0,0.0,0.0,11917.645,17.245,True,0.0,,0.0,25.7957683982684,17.245,False,
新宿区|筑土八幡町,新宿区,筑土八幡町,1004.0,36427.362083901455,350,3.0,3.0,1.0,4244.234,6.483,True,0.008571428571428572,1.0,1.0,12.126382857142858,6.483,False,0.008571428571428572
新宿区|新小川町,新宿区,新小川町,3552.0,135022.26364042863,1214,1150.0,2170.0,3.0,6032.396,3.557,True,0.9472817133443163,1.8869565217391304,3.0,4.9690247116968695,3.557,False,1.7874794069192752
新宿区|神楽河岸,新宿区,神楽河岸,0.0,15957.192848251503,153,136.0,259.0,3.0,642.024,3.0,True,0.8888888888888888,1.9044117647058822,3.0,4.196235294117647,3.0,False,1.6928104575163396
新宿区|市谷薬王寺町,新宿区,市谷薬王寺町,3478.0,91434.27028891718,877,2.0,2.0,1.0,24238.024,22.023,True,0.002280501710376283,1.0,1.0,27.637427594070697,22.023,False,0.002280501710376283
新宿区|市谷柳町,新宿区,市谷柳町,1398.0,37015.08542163111,349,8.0,8.0,1.0,7876.069,17.3,True,0.022922636103151862,1.0,1.0,22.5675329512894,17.3,False,0.022922636103151862
新宿区|市谷仲之町,新宿区,市谷仲之町,2598.0,89310.25810259413,855,0.0,0.0,0.0,27815.566,25.872,True,0.0,,0.0,32.53282573099415,25.872,False,
新宿区|赤城下町,新宿区,赤城下町,1376.0,45122.656434852426,433,36.0,37.0,2.0,4425.562,6.075,True,0.08314087759815242,1.0277777777777777,2.0,10.220697459584295,6.075,False,0.08545034642032331
新宿区|天神町,新宿区,天神町,1165.0,37338.408442078384,355,31.0,36.0,2.0,4112.419,5.935,True,0.08732394366197183,1.1612903225806452,2.0,11.584278873239436,5.935,False,0.10140845070422536
新宿区|榎町,新宿区,榎町,699.0,59240.60699887878,573,145.0,154.0,2.0,5657.422,5.67,True,0.2530541012216405,1.0620689655172413,2.0,9.873336823734729,5.67,False,0.268760907504363
新宿区|東榎町,新宿区,東榎町,363.0,13451.84517328593,125,15.0,15.0,1.0,1300.811,7.89,True,0.12,1.0,1.0,10.406488,7.89,False,0.12
新宿区|早稲田町,新宿区,早稲田町,1290.0,56389.396043333974,536,15.0,15.0,1.0,6504.007,7.55,True,0.027985074626865673,1.0,1.0,12.134341417910447,7.55,False,0.027985074626865673
新宿区|早稲田南町,新宿区,早稲田南町,807.0,46333.143311991174,443,14.0,14.0,1.0,7321.564,11.16,True,0.03160270880361174,1.0,1.0,16.52723250564334,11.16,False,0.03160270880361174
新宿区|馬場下町,新宿区,馬場下町,488.0,29012.246407472183,274,107.0,107.0,1.0,3264.8269999999998,10.255,True,0.3905109489051095,1.0,1.0,11.91542700729927,10.255,False,0.3905109489051095
新宿区|原町1丁目,新宿区,原町１丁目,1496.0,43657.465433293015,417,17.0,17.0,1.0,10139.643,14.982,True,0.0407673860911271,1.0,1.0,24.315690647482015,14.982,False,0.0407673860911271
新宿区|原町2丁目,新宿区,原町２丁目,1266.0,57424.818225839845,543,18.0,18.0,1.0,15071.488,20.86,True,0.03314917127071823,1.0,1.0,27.755963167587474,20.86,False,0.03314917127071823
新宿区|原町3丁目,新宿区,原町３丁目,2075.0,73626.71760751957,708,8.0,8.0,1.0,22010.793,24.715,True,0.011299435028248588,1.0,1.0,31.088690677966103,24.715,False,0.011299435028248588
新宿区|喜久井町,新宿区,喜久井町,1928.0,103722.14373169615,996,18.0,21.0,2.0,21064.558,12.255,True,0.018072289156626505,1.1666666666666667,2.0,21.149154618473897,12.255,False,0.021084337349397592
新宿区|築地町,新宿区,築地町,548.0,17916.084113695204,170,102.0,120.0,2.0,1188.414,5.437,True,0.6,1.1764705882352942,2.0,6.990670588235294,5.437,False,0.7058823529411765
新宿区|弁天町,新宿区,弁天町,3769.0,128938.33178134508,1237,75.0,75.0,1.0,22286.77,8.953,True,0.060630557801131774,1.0,1.0,18.016790622473728,8.953,False,0.060630557801131774
新宿区|中里町,新宿区,中里町,691.0,18393.581780226883,177,48.0,60.0,2.0,1528.812,5.763,True,0.2711864406779661,1.25,2.0,8.63735593220339,5.763,False,0.3389830508474576
新宿区|山吹町,新宿区,山吹町,4145.0,127176.72664498424,1221,1215.0,3028.0,4.0,6370.877,3.82,True,0.995085995085995,2.4921810699588476,4.0,5.217753480753481,3.82,False,2.47993447993448
新宿区|改代町,新宿区,改代町,628.0,27770.081953247376,267,267.0,560.0,3.0,1460.839,4.375,True,1.0,2.097378277153558,3.0,5.471307116104868,4.375,False,2.097378277153558
新宿区|水道町,新宿区,水道町,1033.0,45459.20482229195,415,415.0,1004.0,5.0,2147.165,4.215,True,1.0,2.419277108433735,5.0,5.17389156626506,4.215,False,2.419277108433735
新宿区|早稲田鶴巻町,新宿区,早稲田鶴巻町,5735.0,212021.38008992962,2026,1357.0,2042.0,3.0,15145.304,5.182,True,0.6697926949654491,1.5047899778924096,3.0,7.47547087857848,5.182,False,1.0078973346495557
新宿区|住吉町,新宿区,住吉町,2784.0,95770.6306508602,915,241.0,241.0,1.0,22634.249,19.423,True,0.2633879781420765,1.0,1.0,24.736884153005466,19.423,False,0.2633879781420765
新宿区|市谷台町,新宿区,市谷台町,1518.0,57796.2514867851,552,0.0,0.0,0.0,17359.523,22.667,True,0.0,,0.0,31.44841123188406,22.667,False,
新宿区|河田町,新宿区,河田町,2986.0,130589.39191163491,1247,137.0,144.0,2.0,38766.964,23.273,True,0.10986367281475541,1.051094890510949,2.0,31.08818283881315,23.273,False,0.11547714514835605
新宿区|若松町,新宿区,若松町,5964.0,278290.57601433416,2650,130.0,130.0,1.0,89063.152,22.827,True,0.04905660377358491,1.0,1.0,33.608736603773586,22.827,False,0.04905660377358491
新宿区|余丁町,新宿区,余丁町,4097.0,130406.05024783434,1244,27.0,27.0,1.0,41489.406,25.915,True,0.021704180064308683,1.0,1.0,33.35161254019293,25.915,False,0.021704180064308683
新宿区|戸山1丁目,新宿区,戸山１丁目,2560.0,209339.3536234745,2008,120.0,177.0,2.0,53751.929,11.98,True,0.05976095617529881,1.475,2.0,26.768888944223107,11.98,False,0.08814741035856574
新宿区|戸山2丁目,新宿区,戸山２丁目,5232.0,214551.7512496602,2056,38.0,38.0,1.0,58219.521,18.525,True,0.01848249027237354,1.0,1.0,28.3168876459144,18.525,False,0.01848249027237354
新宿区|戸山3丁目,新宿区,戸山３丁目,1126.0,246174.3913496484,2351,22.0,22.0,1.0,58893.32,15.632,True,0.009357720119098255,1.0,1.0,25.050327520204167,15.632,False,0.009357720119098255
新宿区|富久町,新宿区,富久町,7188.0,228726.5133896054,2191,53.0,57.0,2.0,68988.64,20.76,True,0.024189867640346873,1.0754716981132075,2.0,31.48728434504792,20.76,False,0.02601551802829758
新宿区|百人町1丁目,新宿区,百人町１丁目,3661.0,212733.1287520612,2032,86.0,100.0,2.0,66472.874,30.03,True,0.04232283464566929,1.1627906976744187,2.0,32.71302854330708,30.03,False,0.04921259842519685
新宿区|百人町2丁目,新宿区,百人町２丁目,4675.0,211224.86356269362,2019,131.0,131.0,1.0,63935.382,27.892,True,0.06488360574541853,1.0,1.0,31.666855869242198,27.892,False,0.06488360574541853
新宿区|百人町3丁目,新宿区,百人町３丁目,5718.0,216654.0596052836,2079,65.0,65.0,1.0,64313.493,24.343,True,0.031265031265031266,1.0,1.0,30.93482106782107,24.343,False,0.031265031265031266
新宿区|百人町4丁目,新宿区,百人町４丁目,2768.0,115958.80262502731,1114,13.0,13.0,1.0,32274.53,19.07,True,0.011669658886894075,1.0,1.0,28.97175044883303,19.07,False,0.011669658886894075
新宿区|大久保1丁目,新宿区,大久保１丁目,3740.0,165731.1448906959,1585,0.0,0.0,0.0,50068.26,28.87,True,0.0,,0.0,31.58880757097792,28.87,False,
新宿区|大久保2丁目,新宿区,大久保２丁目,7674.0,229015.21922902795,2191,289.0,349.0,2.0,65655.253,26.065,True,0.1319032405294386,1.207612456747405,2.0,29.96588452761296,26.065,False,0.15928799634869922
新宿区|大久保3丁目,新宿区,大久保３丁目,4863.0,329448.68683805794,3147,114.0,170.0,3.0,89263.125,21.777,True,0.03622497616777884,1.4912280701754386,3.0,28.364513822688274,21.777,False,0.05401970130282809
新宿区|戸塚町1丁目,新宿区,戸塚町１丁目,205.0,67373.40501766694,647,412.0,485.0,2.0,5368.329,6.382,True,0.6367851622874807,1.1771844660194175,2.0,8.297262751159195,6.382,False,0.7496136012364761
新宿区|西早稲田1丁目,新宿区,西早稲田１丁目,5806.0,239356.4044320805,2251,979.0,1441.0,6.0,27215.709,4.0,True,0.43491781430475346,1.4719101123595506,6.0,12.090497112394491,4.0,False,0.6401599289204798
新宿区|西早稲田2丁目,新宿区,西早稲田２丁目,6313.0,212807.93733126088,2038,27.0,27.0,1.0,48869.369,12.035,True,0.01324828263002944,1.0,1.0,23.97908194308145,12.035,False,0.01324828263002944
新宿区|西早稲田3丁目,新宿区,西早稲田３丁目,7037.0,244279.7926794344,2271,667.0,1068.0,7.0,35013.356999999996,5.19,True,0.29370321444297665,1.60119940029985,7.0,15.417594451783353,5.19,False,0.47027741083223246
新宿区|高田馬場1丁目,新宿区,高田馬場１丁目,4505.0,241010.46398087792,2304,128.0,128.0,1.0,54470.464,15.82,True,0.05555555555555555,1.0,1.0,23.641694444444443,15.82,False,0.05555555555555555
新宿区|高田馬場2丁目,新宿区,高田馬場２丁目,1984.0,105572.12111007821,996,375.0,576.0,4.0,15299.669,9.63,True,0.37650602409638556,1.536,4.0,15.36111345381526,9.63,False,0.5783132530120483
新宿区|高田馬場3丁目,新宿区,高田馬場３丁目,6028.0,276934.57941422315,2562,1127.0,1651.0,5.0,44932.108,10.0,True,0.43989071038251365,1.4649511978704526,5.0,17.537903200624513,10.0,False,0.6444184231069477
新宿区|高田馬場4丁目,新宿区,高田馬場４丁目,6617.0,260368.8185926909,2489,23.0,23.0,1.0,65595.379,16.007,True,0.009240658899156288,1.0,1.0,26.354109682603454,16.007,False,0.009240658899156288
新宿区|下落合1丁目,新宿区,下落合１丁目,2793.0,133208.63788999716,1201,1187.0,2406.0,7.0,17154.467,10.3,True,0.9883430474604497,2.0269587194608256,7.0,14.283486261448793,10.3,False,2.003330557868443
新宿区|下落合2丁目,新宿区,下落合２丁目,3869.0,231513.98447730264,2213,496.0,766.0,3.0,55139.395,12.553,True,0.22413014008133755,1.5443548387096775,3.0,24.916129688206055,12.553,False,0.3461364663352915
新宿区|下落合3丁目,新宿区,下落合３丁目,4630.0,218921.00645861714,2093,38.0,55.0,2.0,70401.034,25.977,True,0.018155757286192068,1.4473684210526316,2.0,33.63642331581462,25.977,False,0.026278069756330624
新宿区|下落合4丁目,新宿区,下落合４丁目,4534.0,226809.03132776823,2189,150.0,153.85,2.0,67524.97600000001,15.207,True,0.06852444038373687,1.0256666666666667,2.0,30.847407948835087,15.207,False,0.07028323435358612
新宿区|中落合1丁目,新宿区,中落合１丁目,4002.0,134746.79062268423,1276,378.0,519.0,5.0,28929.213,12.433,True,0.2962382445141066,1.373015873015873,5.0,22.671797021943572,12.433,False,0.4067398119122257
新宿区|中落合2丁目,新宿区,中落合２丁目,5132.0,213935.87636309632,2048,25.0,25.0,1.0,63977.172,17.165,True,0.01220703125,1.0,1.0,31.238853515625,17.165,False,0.01220703125
新宿区|中落合3丁目,新宿区,中落合３丁目,4307.0,174906.8816299309,1704,1.0,0.09,0.09,58766.295,25.285,True,0.0005868544600938967,0.09,0.09,34.48726232394366,25.285,False,5.28169014084507e-05
新宿区|中落合4丁目,新宿区,中落合４丁目,3103.0,200868.37281119454,1916,36.0,48.0,2.0,62529.601,24.395,True,0.018789144050104383,1.3333333333333333,2.0,32.635491127348644,24.395,False,0.025052192066805843
新宿区|上落合1丁目,新宿区,上落合１丁目,5470.0,244430.79172058753,2311,622.0,842.0,4.0,46446.564,13.15,True,0.2691475551709217,1.3536977491961415,4.0,20.09803721332756,13.15,False,0.364344439636521
新宿区|上落合2丁目,新宿区,上落合２丁目,4924.0,189062.2284787514,1793,316.0,388.0,5.0,43284.978,13.1,True,0.1762409369771333,1.2278481012658229,5.0,24.14109202453988,13.1,False,0.21639709983268268
新宿区|上落合3丁目,新宿区,上落合３丁目,4757.0,176658.18587510547,1683,240.0,255.0,3.0,45708.563,17.69,True,0.14260249554367202,1.0625,3.0,27.1589797979798,17.69,False,0.15151515151515152
新宿区|西落合1丁目,新宿区,西落合１丁目,4611.0,204695.54744053533,1966,34.0,34.0,1.0,59678.911,25.207,True,0.017293997965412006,1.0,1.0,30.355498982706003,25.207,False,0.017293997965412006
新宿区|西落合2丁目,新宿区,西落合２丁目,4344.0,183090.24975095986,1702,242.0,379.0,5.0,51481.479,23.31,True,0.14218566392479437,1.5661157024793388,5.0,30.247637485311397,23.31,False,0.22267920094007052
新宿区|西落合3丁目,新宿区,西落合３丁目,3257.0,183174.61521393553,1750,134.0,91.429000091,1.0,61382.766,30.285,True,0.07657142857142857,0.6823059708283582,1.0,35.07586628571429,30.285,False,0.05224514290914285
新宿区|西落合4丁目,新宿区,西落合４丁目,2334.0,154425.01650293372,1474,890.0,94.504000144,0.904999971,52925.631,31.89,True,0.6037991858887382,0.10618426982471911,0.904999971,35.906126865671645,31.89,False,0.0641139756743555
新宿区|中井1丁目,新宿区,中井１丁目,1740.0,76580.77604953914,710,262.0,279.0,4.0,15358.24,17.472,True,0.36901408450704226,1.0648854961832062,4.0,21.63132394366197,17.472,False,0.39295774647887327
新宿区|中井2丁目,新宿区,中井２丁目,3334.0,192019.87254836923,1838,25.0,32.0,3.0,59544.344,21.125,True,0.013601741022850925,1.28,3.0,32.39626985854189,21.125,False,0.017410228509249184
新宿区|北新宿1丁目,新宿区,北新宿１丁目,7409.0,242146.10901816766,2312,0.0,0.0,0.0,77062.273,25.75,True,0.0,,0.0,33.33143295847751,25.75,False,
新宿区|北新宿2丁目,新宿区,北新宿２丁目,5400.0,181743.3663905433,1710,751.0,893.0,6.0,44400.849,18.41,True,0.4391812865497076,1.189081225033289,6.0,25.965408771929827,18.41,False,0.5222222222222223
新宿区|北新宿3丁目,新宿区,北新宿３丁目,7093.0,249085.19038605623,2343,624.0,911.0,3.0,65104.568,20.09,True,0.26632522407170295,1.4599358974358974,3.0,27.7868408023901,20.09,False,0.3888177550149381
新宿区|北新宿4丁目,新宿区,北新宿４丁目,6346.0,219085.15015643687,2048,601.0,776.0,3.0,47031.835,17.76,True,0.29345703125,1.2911813643926788,3.0,22.96476318359375,17.76,False,0.37890625
新宿区|西新宿1丁目,新宿区,西新宿１丁目,43.0,276594.21329961007,2689,0.0,0.0,0.0,105036.164,32.243,True,0.0,,0.0,39.061422089996285,32.243,False,
新宿区|西新宿2丁目,新宿区,西新宿２丁目,6.0,338253.7254238376,3235,9.0,9.0,1.0,124674.49500000001,28.11,True,0.0027820710973724882,1.0,1.0,38.53925656877898,28.11,False,0.0027820710973724882
新宿区|西新宿3丁目,新宿区,西新宿３丁目,2084.0,207562.38513632672,2080,2.0,2.0,1.0,84917.371,35.43,True,0.0009615384615384616,1.0,1.0,40.825659134615385,35.43,False,0.0009615384615384616
新宿区|西新宿4丁目,新宿区,西新宿４丁目,7324.0,239488.90741770482,2288,61.0,67.0,2.0,84823.175,27.757,True,0.02666083916083916,1.098360655737705,2.0,37.073065996503495,27.757,False,0.029283216783216784
新宿区|西新宿5丁目,新宿区,西新宿５丁目,4407.0,137249.44636160394,1286,853.0,864.0,3.0,33979.269,23.94,True,0.6632970451010887,1.0128956623681125,3.0,26.42244867807154,23.94,False,0.671850699844479
新宿区|西新宿6丁目,新宿区,西新宿６丁目,3645.0,220683.2422324117,2110,227.0,269.0,4.0,68854.079,22.8,True,0.10758293838862559,1.1850220264317182,4.0,32.632264928909954,22.8,False,0.12748815165876778
新宿区|西新宿7丁目,新宿区,西新宿７丁目,2334.0,185251.51458940742,1773,66.0,66.0,1.0,62207.036,31.845,True,0.03722504230118443,1.0,1.0,35.08575070501974,31.845,False,0.03722504230118443
新宿区|西新宿8丁目,新宿区,西新宿８丁目,3232.0,139054.59170838518,1333,0.0,0.0,0.0,46522.442,27.413,True,0.0,,0.0,34.900556639159795,27.413,False,
文京区|後楽1丁目,文京区,後楽１丁目,685.0,346012.4442024749,3216,1581.0,2236.0,4.0,19718.549,2.245,True,0.4916044776119403,1.4142947501581278,4.0,6.13138961442786,2.245,False,0.695273631840796
文京区|後楽2丁目,文京区,後楽２丁目,1394.0,110678.41626038127,1002,909.0,1456.0,3.0,4829.299,2.91,True,0.907185628742515,1.6017601760176017,3.0,4.819659680638723,2.91,False,1.4530938123752495
文京区|春日1丁目,文京区,春日１丁目,1541.0,187438.12145102632,1793,134.0,137.0,2.0,27730.283,5.907,True,0.0747350808700502,1.0223880597014925,2.0,15.465857780256552,5.907,False,0.07640825432236474
文京区|春日2丁目,文京区,春日２丁目,4367.0,153700.98881814958,1468,86.0,103.0,2.0,27988.357,6.732,True,0.05858310626702997,1.197674418604651,2.0,19.065638283378746,6.732,False,0.07016348773841961
文京区|小石川1丁目,文京区,小石川１丁目,5067.0,118878.5344130296,1134,1037.0,1528.0,2.0,7104.325999999999,5.318,True,0.9144620811287478,1.4734811957569913,2.0,6.264837742504408,5.318,False,1.3474426807760143
文京区|小石川2丁目,文京区,小石川２丁目,4437.0,148603.28778334934,1422,254.0,282.0,2.0,22949.546,5.663,True,0.17862165963431786,1.110236220472441,2.0,16.13892123769339,5.663,False,0.19831223628691985
文京区|小石川3丁目,文京区,小石川３丁目,5829.0,187091.7631588002,1789,331.0,331.0,1.0,27807.661,6.235,True,0.18501956400223588,1.0,1.0,15.543689770821688,6.235,False,0.18501956400223588
文京区|小石川4丁目,文京区,小石川４丁目,4207.0,208475.43182292473,1991,89.0,89.0,1.0,38058.468,7.233,True,0.04470115519839277,1.0,1.0,19.115252636865897,7.233,False,0.04470115519839277
文京区|小石川5丁目,文京区,小石川５丁目,6098.0,209812.15914450109,2007,219.0,219.0,1.0,39446.128,8.39,True,0.10911808669656203,1.0,1.0,19.654274040857,8.39,False,0.10911808669656203
文京区|白山1丁目,文京区,白山１丁目,5285.0,143275.2762705409,1368,29.0,29.0,1.0,17065.363,6.62,True,0.021198830409356724,1.0,1.0,12.474680555555556,6.62,False,0.021198830409356724
文京区|白山2丁目,文京区,白山２丁目,4343.0,199394.29062170122,1908,176.0,176.0,1.0,26986.493,6.675,True,0.09224318658280922,1.0,1.0,14.143864255765198,6.675,False,0.09224318658280922
文京区|白山3丁目,文京区,白山３丁目,1023.0,211424.5462894779,2022,347.0,347.0,1.0,36216.333,8.047,True,0.17161226508407518,1.0,1.0,17.911143916913947,8.047,False,0.17161226508407518
文京区|白山4丁目,文京区,白山４丁目,4562.0,203824.11669208118,1951,15.0,15.0,1.0,43673.428,11.972,True,0.007688364941055869,1.0,1.0,22.385150179395183,11.972,False,0.007688364941055869
文京区|白山5丁目,文京区,白山５丁目,3737.0,229832.80941002214,2200,4.0,4.0,1.0,42103.437,10.675,True,0.0018181818181818182,1.0,1.0,19.137925909090907,10.675,False,0.0018181818181818182
文京区|千石1丁目,文京区,千石１丁目,4093.0,156704.69419972188,1500,12.0,12.0,1.0,33408.023,18.6,True,0.008,1.0,1.0,22.272015333333336,18.6,False,0.008
文京区|千石2丁目,文京区,千石２丁目,4893.0,175121.7949469034,1678,93.0,93.0,1.0,37218.86,9.757,True,0.05542312276519666,1.0,1.0,22.180488676996426,9.757,False,0.05542312276519666
文京区|千石3丁目,文京区,千石３丁目,4925.0,182903.0901230815,1748,141.0,141.0,1.0,40407.681,11.157,True,0.08066361556064074,1.0,1.0,23.11652231121281,11.157,False,0.08066361556064074
文京区|千石4丁目,文京区,千石４丁目,6041.0,192138.49285128986,1834,0.0,0.0,0.0,44931.15,20.8,True,0.0,,0.0,24.498991275899673,20.8,False,
文京区|水道1丁目,文京区,水道１丁目,2725.0,92442.04748993159,877,774.0,1858.0,5.0,4343.206,2.977,True,0.8825541619156214,2.400516795865633,5.0,4.952344355758267,2.977,False,2.1185860889395665
文京区|水道2丁目,文京区,水道２丁目,4052.0,112146.39614358245,995,985.0,1959.0,5.0,5430.559,2.4,True,0.9899497487437185,1.9888324873096446,5.0,5.4578482412060305,2.4,False,1.9688442211055275
文京区|小日向1丁目,文京区,小日向１丁目,2424.0,184819.72173993924,1760,113.0,161.0,3.0,33138.094,6.125,True,0.06420454545454546,1.424778761061947,3.0,18.828462499999997,6.125,False,0.09147727272727273
文京区|小日向2丁目,文京区,小日向２丁目,2764.0,174589.01837444937,1671,56.0,60.0,2.0,39705.914,6.123,True,0.033512866546977854,1.0714285714285714,2.0,23.761767803710352,6.123,False,0.03590664272890484
文京区|小日向3丁目,文京区,小日向３丁目,1395.0,79557.85039182441,765,95.0,112.0,2.0,18854.802,16.82,True,0.12418300653594772,1.1789473684210525,2.0,24.6468,16.82,False,0.14640522875816991
文京区|小日向4丁目,文京区,小日向４丁目,1905.0,65533.42057803737,625,84.0,114.0,3.0,14702.902,13.535,True,0.1344,1.3571428571428572,3.0,23.5246432,13.535,False,0.1824
文京区|大塚1丁目,文京区,大塚󠄄１丁目,1224.0,140072.22671674596,1337,0.0,0.0,0.0,36106.972,10.03,True,0.0,,0.0,27.005962602842185,10.03,False,
文京区|大塚2丁目,文京区,大塚󠄄２丁目,2500.0,192047.8827123182,1840,130.0,149.0,2.0,42885.255,11.06,True,0.07065217391304347,1.146153846153846,2.0,23.307203804347825,11.06,False,0.08097826086956521
文京区|大塚3丁目,文京区,大塚󠄄３丁目,4363.0,219083.2099756768,2097,179.0,185.0,2.0,41952.79,9.795,True,0.08536003814973772,1.0335195530726258,2.0,20.006099189318075,9.795,False,0.08822126847877922
文京区|大塚4丁目,文京区,大塚󠄄４丁目,3519.0,175182.54004789368,1673,83.0,83.0,1.0,33647.171,11.1,True,0.049611476389719064,1.0,1.0,20.111877465630606,11.1,False,0.049611476389719064
文京区|大塚5丁目,文京区,大塚󠄄５丁目,4582.0,309411.5437122865,2959,190.0,250.0,3.0,72528.808,14.745,True,0.06421088205474823,1.3157894736842106,3.0,24.51125650557621,14.745,False,0.0844880027036161
文京区|大塚6丁目,文京区,大塚󠄄６丁目,4129.0,128570.39851128253,1237,2.0,2.0,1.0,34708.041,19.885,True,0.0016168148746968471,1.0,1.0,28.058238480194017,19.885,False,0.0016168148746968471
文京区|関口1丁目,文京区,関口１丁目,5671.0,167747.745573167,1515,1462.0,3421.0,3.0,8480.869,4.215,True,0.9650165016501651,2.3399452804377563,3.0,5.597933333333334,4.215,False,2.258085808580858
文京区|関口2丁目,文京区,関口２丁目,1290.0,165396.2285479328,1517,83.0,95.0,3.0,33127.264,4.78,True,0.05471324983520105,1.144578313253012,3.0,21.837352669742916,4.78,False,0.06262359920896506
文京区|関口3丁目,文京区,関口３丁目,1222.0,98004.32956353475,942,26.0,27.0,2.0,22944.626,7.47,True,0.027600849256900213,1.0384615384615385,2.0,24.35735244161359,7.47,False,0.02866242038216561
文京区|目白台1丁目,文京区,目白台１丁目,2139.0,185595.00975553025,1766,323.0,382.0,3.0,35857.304,6.62,True,0.18289920724801811,1.1826625386996905,3.0,20.304249150622873,6.62,False,0.21630804077010193
文京区|目白台2丁目,文京区,目白台２丁目,2307.0,133957.12875617226,1278,88.0,88.0,1.0,31993.54,15.815,True,0.06885758998435054,1.0,1.0,25.034068857589986,15.815,False,0.06885758998435054
文京区|目白台3丁目,文京区,目白台３丁目,3257.0,174364.95282059957,1672,0.0,0.0,0.0,44345.163,9.948,True,0.0,,0.0,26.52222667464115,9.948,False,
文京区|音羽1丁目,文京区,音羽１丁目,4318.0,111042.78803771273,1058,657.0,697.0,2.0,11753.247,5.49,True,0.6209829867674859,1.060882800608828,2.0,11.108929111531191,5.49,False,0.6587901701323252
文京区|音羽2丁目,文京区,音羽２丁目,1785.0,65611.84472836248,627,153.0,154.0,2.0,8394.137,10.2,True,0.24401913875598086,1.0065359477124183,2.0,13.387778309409889,10.2,False,0.24561403508771928
文京区|本郷1丁目,文京区,本郷１丁目,4728.0,190212.75205054172,1792,125.0,175.0,4.0,27135.291,4.6,True,0.06975446428571429,1.4,4.0,15.142461495535715,4.6,False,0.09765625
文京区|本郷2丁目,文京区,本郷２丁目,3573.0,201402.49309801767,1901,58.0,162.0,5.0,42019.789,9.98,True,0.03051025775907417,2.793103448275862,5.0,22.104044713308785,9.98,False,0.08521830615465545
文京区|本郷3丁目,文京区,本郷３丁目,3468.0,165958.8907777155,1575,9.0,17.0,5.0,33934.904,9.94,True,0.005714285714285714,1.8888888888888888,5.0,21.545970793650795,9.94,False,0.010793650793650793
文京区|本郷4丁目,文京区,本郷４丁目,4473.0,163814.2280131544,1563,358.0,440.0,2.0,23963.049,5.588,True,0.2290467050543826,1.229050279329609,2.0,15.331445297504798,5.588,False,0.28150991682661547
文京区|本郷5丁目,文京区,本郷５丁目,3655.0,134882.18103336642,1297,19.0,19.0,1.0,26657.283,8.202,True,0.014649190439475714,1.0,1.0,20.55303238242097,8.202,False,0.014649190439475714
文京区|本郷6丁目,文京区,本郷６丁目,2176.0,83412.39861214074,795,0.0,0.0,0.0,16003.358999999999,9.343,True,0.0,,0.0,20.130011320754715,9.343,False,
文京区|本郷7丁目,文京区,本郷７丁目,495.0,429088.0042360028,4126,122.0,127.0,2.0,80376.00600000001,6.477,True,0.02956858943286476,1.040983606557377,2.0,19.4803698497334,6.477,False,0.030780416868637906
文京区|湯島1丁目,文京区,湯島１丁目,876.0,142482.47568264202,1314,121.0,248.0,5.0,20142.96,3.12,True,0.09208523592085235,2.049586776859504,5.0,15.329497716894977,3.12,False,0.18873668188736678
文京区|湯島2丁目,文京区,湯島２丁目,4006.0,127723.01518815033,1220,32.0,32.0,1.0,24143.649,11.82,True,0.02622950819672131,1.0,1.0,19.7898762295082,11.82,False,0.02622950819672131
文京区|湯島3丁目,文京区,湯島３丁目,4294.0,169278.56263991358,1619,8.0,8.0,1.0,15140.492,4.1,True,0.004941321803582459,1.0,1.0,9.351755404570723,4.1,False,0.004941321803582459
文京区|湯島4丁目,文京区,湯島４丁目,2226.0,104955.83156903401,993,20.0,20.0,1.0,16709.508,6.415,True,0.02014098690835851,1.0,1.0,16.82729909365559,6.415,False,0.02014098690835851
文京区|西片1丁目,文京区,西片１丁目,2583.0,108800.7580764182,1039,199.0,239.0,2.0,15706.613,5.632,True,0.1915303176130895,1.2010050251256281,2.0,15.11704812319538,5.632,False,0.2300288739172281
文京区|西片2丁目,文京区,西片２丁目,3103.0,162983.06341000722,1560,0.0,0.0,0.0,32008.637,11.837,True,0.0,,0.0,20.51835705128205,11.837,False,
文京区|向丘1丁目,文京区,向丘１丁目,3817.0,142387.21610886234,1364,0.0,0.0,0.0,29345.223,19.865,True,0.0,,0.0,21.5140931085044,19.865,False,
文京区|向丘2丁目,文京区,向丘２丁目,3351.0,210947.26528412785,2016,17.0,17.0,1.0,43494.756,19.76,True,0.008432539682539682,1.0,1.0,21.57477976190476,19.76,False,0.008432539682539682
文京区|弥生1丁目,文京区,弥生１丁目,459.0,140359.48819631757,1341,35.0,41.0,2.0,26929.069,11.22,True,0.02609992542878449,1.1714285714285715,2.0,20.081334079045487,11.22,False,0.03057419835943326
文京区|弥生2丁目,文京区,弥生２丁目,1641.0,110903.56382566085,1063,2.0,2.0,1.0,14254.604,5.792,True,0.0018814675446848542,1.0,1.0,13.40978739416745,5.792,False,0.0018814675446848542
文京区|根津1丁目,文京区,根津１丁目,2694.0,95611.8170426064,910,5.0,5.0,1.0,6601.523,5.457,True,0.005494505494505495,1.0,1.0,7.254420879120879,5.457,False,0.005494505494505495
文京区|根津2丁目,文京区,根津２丁目,3814.0,111048.97979503933,1065,0.0,0.0,0.0,6081.154,4.883,True,0.0,,0.0,5.710003755868545,4.883,False,
文京区|千駄木1丁目,文京区,千駄木１丁目,1717.0,95157.09520836677,915,0.0,0.0,0.0,17806.607,10.32,True,0.0,,0.0,19.460772677595628,10.32,False,
文京区|千駄木2丁目,文京区,千駄木２丁目,4621.0,144192.59893930354,1371,8.0,8.0,1.0,10499.37,5.552,True,0.005835156819839533,1.0,1.0,7.658183807439825,5.552,False,0.005835156819839533
文京区|千駄木3丁目,文京区,千駄木３丁目,6794.0,217794.65922110892,2108,274.0,77.42,1.05,25216.791,6.125,True,0.12998102466793168,0.28255474452554746,1.05,11.96242457305503,6.125,False,0.03672675521821632
文京区|千駄木4丁目,文京区,千駄木４丁目,3291.0,81865.53524605042,790,587.0,182.84,1.22,9273.56,7.19,True,0.7430379746835443,0.31148211243611584,1.22,11.738683544303797,7.19,False,0.23144303797468355
文京区|千駄木5丁目,文京区,千駄木５丁目,4946.0,212312.37850205056,2055,124.0,9.68,1.0,44691.54,18.12,True,0.06034063260340632,0.07806451612903226,1.0,21.74770802919708,18.12,False,0.0047104622871046225
文京区|本駒込1丁目,文京区,本駒込１丁目,4826.0,158657.4896016123,1519,0.0,0.0,0.0,32643.404,17.337,True,0.0,,0.0,21.490061882817642,17.337,False,
文京区|本駒込2丁目,文京区,本駒込２丁目,5455.0,279041.41685804987,2681,38.0,4.22,0.27,63029.341,20.557,True,0.014173815740395375,0.11105263157894736,0.27,23.50963856769862,20.557,False,0.0015740395374860125
文京区|本駒込3丁目,文京区,本駒込３丁目,3580.0,230428.43904523892,2277,476.0,28.48,0.29,52082.357,19.84,True,0.2090469916556873,0.05983193277310925,0.29,22.87323539745279,19.84,False,0.012507685551163812
文京区|本駒込4丁目,文京区,本駒込４丁目,4078.0,119283.63530361501,1144,841.0,122.93,1.1,16823.88,9.07,True,0.7351398601398601,0.14617122473246136,1.1,14.706188811188811,9.07,False,0.1074562937062937
文京区|本駒込5丁目,文京区,本駒込５丁目,6480.0,174987.2523816931,1682,957.0,161.84,2.26,30592.023,10.04,True,0.5689655172413793,0.1691118077324974,2.26,18.187885255648037,10.04,False,0.09621878715814508
文京区|本駒込6丁目,文京区,本駒込６丁目,4027.0,320336.72851902066,3009,852.0,231.58,2.41,73277.313,19.23,True,0.2831505483549352,0.2718075117370892,2.41,24.35271286141575,19.23,False,0.0769624459953473
台東区|台東1丁目,台東区,台東１丁目,2458.0,106749.57980309513,2040,1406.0,1092.3899999999999,1.09,5030.021238478001,1.885,True,0.6892156862745098,0.7769487908961592,1.09,2.4656966855284317,1.885,False,0.535485294117647
台東区|台東2丁目,台東区,台東２丁目,2540.0,87055.90058312874,1661,1372.0,1237.85,1.26,3699.4210058299996,1.674,True,0.8260084286574353,0.9022230320699708,1.26,2.2272251690728475,1.674,False,0.7452438290186634
台東区|台東3丁目,台東区,台東３丁目,3088.0,90216.93795464638,1728,1204.0,980.49,1.23,3942.177295096,1.716,True,0.6967592592592593,0.8143604651162791,1.23,2.2813526013287038,1.716,False,0.5674131944444445
台東区|台東4丁目,台東区,台東４丁目,1773.0,99010.04170899044,1895,1126.0,842.98,1.18,4340.406807439,1.717,True,0.5941952506596306,0.7486500888099468,1.18,2.29045214112876,1.717,False,0.4448443271767811
台東区|柳橋1丁目,台東区,柳橋１丁目,1650.0,102305.05854844084,1035,31.0,2.59,0.16,3438.936029976,0.796855027,True,0.02995169082125604,0.08354838709677419,0.16,3.3226435072231886,0.796855027,False,0.0025024154589371977
台東区|柳橋2丁目,台東区,柳橋２丁目,2435.0,80423.74834002115,1260,290.0,80.72,0.62,3315.1927374879997,1.025642851,True,0.23015873015873015,0.2783448275862069,0.62,2.631105347212698,1.025642851,False,0.06406349206349206
台東区|浅草橋1丁目,台東区,浅草橋１丁目,1404.0,88698.62768332566,1303,309.0,104.04,1.0,3870.2591045810004,1.81,True,0.23714504988488105,0.33669902912621363,1.0,2.9702679236999234,1.81,False,0.07984650805832695
台東区|浅草橋2丁目,台東区,浅草橋２丁目,1899.0,73826.91962164595,1415,699.0,326.13,1.07,3780.089091447,1.754,True,0.4939929328621908,0.4665665236051502,1.07,2.6714410540261486,1.754,False,0.23048056537102474
台東区|浅草橋3丁目,台東区,浅草橋３丁目,2202.0,67315.23053484787,1282,723.0,398.64,1.07,3107.6000046560002,1.758,True,0.5639625585023401,0.5513692946058091,1.07,2.424024964630265,1.758,False,0.3109516380655226
台東区|浅草橋4丁目,台東区,浅草橋４丁目,839.0,34498.180704200495,661,307.0,84.16,1.0,1817.741569202,2.219,True,0.46444780635400906,0.2741368078175896,1.0,2.749987245388805,2.219,False,0.12732223903177003
台東区|浅草橋5丁目,台東区,浅草橋５丁目,2408.0,90323.9556039778,1730,1350.0,1115.3400000000001,1.17,3888.0842068109996,1.695,True,0.7803468208092486,0.8261777777777779,1.17,2.247447518387861,1.695,False,0.6447052023121388
台東区|鳥越1丁目,台東区,鳥越１丁目,2007.0,49418.89976773629,943,623.0,430.25,2.0,2219.730502899,0.87,True,0.6606574761399788,0.6906099518459069,2.0,2.3539029723213147,0.87,False,0.45625662778366916
台東区|鳥越2丁目,台東区,鳥越２丁目,1504.0,48707.65996660968,938,358.0,202.75,1.0,2557.44287118,1.766,True,0.3816631130063966,0.5663407821229051,1.0,2.726484937292111,1.766,False,0.21615138592750535
台東区|蔵前1丁目,台東区,蔵前１丁目,1297.0,93226.38483188895,1267,325.0,87.79,2.0,3698.5789300510005,0.544,True,0.2565114443567482,0.27012307692307697,2.0,2.9191625335840574,0.544,False,0.06928966061562748
台東区|蔵前2丁目,台東区,蔵前２丁目,2063.0,126138.85866992283,1722,330.0,57.9,1.0,5440.2801840150005,1.086259634,True,0.1916376306620209,0.17545454545454545,1.0,3.159280013945993,1.086259634,False,0.03362369337979094
台東区|蔵前3丁目,台東区,蔵前３丁目,1433.0,53957.55280272317,1033,353.0,162.33,1.0,2760.8293702849996,1.753,True,0.34172313649564373,0.45985835694050997,1.0,2.6726324978557594,1.753,False,0.15714424007744435
台東区|蔵前4丁目,台東区,蔵前４丁目,3726.0,100247.2606928085,1905,1329.0,1092.9099999999999,1.24,3673.01381882,1.28,True,0.6976377952755906,0.8223551542513167,1.24,1.9280912434750654,1.28,False,0.5737060367454068
台東区|小島1丁目,台東区,小島１丁目,1865.0,42393.56771217564,808,535.0,415.84,1.21,1751.796549408,1.519,True,0.6621287128712872,0.7772710280373831,1.21,2.1680650363960394,1.519,False,0.5146534653465347
台東区|小島2丁目,台東区,小島２丁目,1605.0,60622.96012567721,1165,782.0,667.5899999999999,1.21,2351.401239213,1.51,True,0.671244635193133,0.853695652173913,1.21,2.018370162414592,1.51,False,0.573038626609442
台東区|三筋1丁目,台東区,三筋１丁目,2696.0,60057.327218144725,1154,734.0,560.4100000000001,1.19,2318.6057995379997,1.54,True,0.6360485268630849,0.7635013623978203,1.19,2.0091904675372616,1.54,False,0.4856239168110919
台東区|三筋2丁目,台東区,三筋２丁目,2115.0,56775.164790194925,1084,932.0,897.3199999999999,2.0,1915.88,0.201,True,0.8597785977859779,0.9627896995708154,2.0,1.7674169741697419,0.201,False,0.8277859778597786
台東区|秋葉原,台東区,秋葉原,73.0,22105.828816533958,422,226.0,127.58,1.0,1252.188877051,2.295,True,0.5355450236966824,0.5645132743362832,1.0,2.9672722205,2.295,False,0.3023222748815166
台東区|上野1丁目,台東区,上野１丁目,726.0,54641.11831944211,530,2.0,0.17,0.14,2315.9410000000003,3.5,True,0.0037735849056603774,0.085,0.14,4.369700000000001,3.5,False,0.0003207547169811321
台東区|上野2丁目,台東区,上野２丁目,135.0,46031.0091169409,443,2.0,0.13,0.08,2438.133,4.275,True,0.004514672686230248,0.065,0.08,5.503686230248307,4.275,False,0.00029345372460496614
台東区|上野3丁目,台東区,上野３丁目,782.0,73585.04699008862,1412,525.0,109.08,7.0,5126.2726818579995,-6.526,True,0.3718130311614731,0.20777142857142858,7.0,3.6305047321940505,-6.526,False,0.07725212464589234
台東区|上野4丁目,台東区,上野４丁目,25.0,39352.302100847926,739,8.0,0.67,0.26,3609.0233978650003,3.268748949,True,0.010825439783491205,0.08375,0.26,4.883658183849797,3.268748949,False,0.0009066305818673884
台東区|上野5丁目,台東区,上野５丁目,592.0,89173.33227675164,1703,816.0,303.47,1.0,4889.277024952,2.252,True,0.47915443335290664,0.3718995098039216,1.0,2.8709788754856134,2.252,False,0.17819729888432181
台東区|上野6丁目,台東区,上野６丁目,184.0,67318.56985275242,1296,446.0,118.01,0.68,4164.973254653,2.25,True,0.3441358024691358,0.2645964125560538,0.68,3.213713931059414,2.25,False,0.0910570987654321
台東区|上野7丁目,台東区,上野７丁目,1313.0,213023.92481444078,4072,654.0,94.58,0.53,25701.945217252,2.053755378,True,0.1606090373280943,0.1446177370030581,0.53,6.311872597556975,2.053755378,False,0.023226915520628687
台東区|東上野1丁目,台東区,東上野１丁目,1620.0,83872.04420337142,1618,799.0,449.25,2.0,3828.478163269,0.549,True,0.4938195302843016,0.5622653316645807,2.0,2.3661793345296664,0.549,False,0.2776576019777503
台東区|東上野2丁目,台東区,東上野２丁目,938.0,78689.44638087729,1493,715.0,385.44,0.92,3535.569073617,1.856,True,0.47890154052243805,0.5390769230769231,0.92,2.368097169200938,1.856,False,0.2581647689216343
台東区|東上野3丁目,台東区,東上野３丁目,1534.0,97791.93373420941,1872,896.0,438.18,0.82,4360.877717389,1.828,True,0.47863247863247865,0.48904017857142856,0.82,2.329528695186432,1.828,False,0.23407051282051283
台東区|東上野4丁目,台東区,東上野４丁目,1223.0,92895.10726426424,1778,847.0,331.0,0.79,4051.886793784,1.81,True,0.4763779527559055,0.3907910271546635,0.79,2.2789014588211476,1.81,False,0.18616422947131608
台東区|東上野5丁目,台東区,東上野５丁目,2130.0,71143.02299410214,1349,659.0,388.54,2.0,2795.224142753,0.23,True,0.48851000741289846,0.5895902883156298,2.0,2.0720712696464045,0.23,False,0.28802075611564126
台東区|東上野6丁目,台東区,東上野６丁目,2234.0,97535.89912309634,1873,892.0,542.42,1.45,3773.277359741,0.211190254,True,0.4762413240790176,0.6080941704035874,1.45,2.0145634595520554,0.211190254,False,0.2895995728777362
台東区|元浅草1丁目,台東区,元浅草１丁目,2202.0,69147.69008983337,1322,647.0,445.65,1.03,2820.273687868,1.667,True,0.48940998487140697,0.6887944358578052,1.03,2.1333386443782145,1.667,False,0.3371028744326777
台東区|元浅草2丁目,台東区,元浅草２丁目,1043.0,42955.882049065105,813,408.0,244.85999999999999,1.0,1752.014616107,1.69,True,0.5018450184501845,0.6001470588235294,1.0,2.154999527806888,1.69,False,0.30118081180811807
台東区|元浅草3丁目,台東区,元浅草３丁目,2349.0,72123.1582003039,1370,801.0,536.45,1.12,2895.184081267,1.47,True,0.5846715328467154,0.669725343320849,1.12,2.113273052019708,1.47,False,0.39156934306569346
台東区|元浅草4丁目,台東区,元浅草４丁目,1801.0,54789.05382279468,1059,524.0,237.81,0.76,2310.920358169,1.8,True,0.4948064211520302,0.45383587786259544,0.76,2.1821721984598677,1.8,False,0.22456090651558075
台東区|寿1丁目,台東区,寿１丁目,1980.0,65090.84808562591,1245,875.0,722.54,1.18,2309.461727131,1.293,True,0.7028112449799196,0.8257599999999999,1.18,1.8549893390610441,1.293,False,0.5803534136546185
台東区|寿2丁目,台東区,寿２丁目,930.0,46116.89711772299,883,497.0,300.8,1.14,1834.9427190430001,1.389,True,0.5628539071347678,0.6052313883299799,1.14,2.0780778245107587,1.389,False,0.3406568516421291
台東区|寿3丁目,台東区,寿３丁目,2606.0,61536.23949258785,1178,267.0,75.74,1.0,3591.5745850330004,1.78,True,0.2266553480475382,0.2836704119850187,1.0,3.0488748599601023,1.78,False,0.06429541595925296
台東区|寿4丁目,台東区,寿４丁目,1135.0,37024.14731661099,702,109.0,14.0,0.46,2354.617408378,2.07,True,0.15527065527065528,0.12844036697247707,0.46,3.3541558523903134,2.07,False,0.019943019943019946
台東区|駒形1丁目,台東区,駒形１丁目,1735.0,50760.73218702003,970,43.0,0.67,0.04,4720.962755680001,3.703745659,True,0.0443298969072165,0.01558139534883721,0.04,4.866971913072166,3.703745659,False,0.0006907216494845362
台東区|駒形2丁目,台東区,駒形２丁目,841.0,69366.78892866724,727,84.0,2.8200000000000003,0.14,2965.214128113,1.043725097,True,0.1155433287482806,0.03357142857142857,0.14,4.078698938257221,1.043725097,False,0.0038789546079779917
台東区|北上野1丁目,台東区,北上野１丁目,1144.0,42602.30674017591,821,406.0,176.57,0.79,1705.158372245,1.636248937,True,0.4945188794153471,0.4349014778325123,0.79,2.0769285898233862,1.636248937,False,0.21506699147381242
台東区|北上野2丁目,台東区,北上野２丁目,3410.0,95577.70970666158,1796,897.0,506.34,1.0,3476.042201665,1.448755712,True,0.4994432071269488,0.5644816053511705,1.0,1.9354355243123609,1.448755712,False,0.28192650334075725
台東区|下谷1丁目,台東区,下谷１丁目,2114.0,71719.26234511497,1347,564.0,89.61,0.62,4067.703958196,1.8,True,0.41870824053452116,0.15888297872340426,0.62,3.0198247648077206,1.8,False,0.06652561247216036
台東区|下谷2丁目,台東区,下谷２丁目,3282.0,85754.27845060462,821,644.0,161.49,1.32,2138.88,1.04,True,0.784409257003654,0.2507608695652174,1.32,2.6052131546894035,1.04,False,0.19669914738124242
台東区|下谷3丁目,台東区,下谷３丁目,2294.0,77672.74626962226,745,698.0,391.83,1.34,1418.45,0.99,True,0.9369127516778524,0.5613610315186246,1.34,1.9039597315436243,0.99,False,0.5259463087248322
台東区|根岸1丁目,台東区,根岸１丁目,1142.0,88277.71314663134,1634,316.0,30.82,0.46,11044.024030712,4.511233498,True,0.193390452876377,0.09753164556962025,0.46,6.758888635686659,4.511233498,False,0.01886168910648715
台東区|根岸2丁目,台東区,根岸２丁目,2175.0,92672.49159750623,884,764.0,118.42,0.49,4811.58,3.58,True,0.8642533936651584,0.155,0.49,5.442963800904978,3.58,False,0.13395927601809957
台東区|根岸3丁目,台東区,根岸３丁目,3940.0,144935.80735332737,1384,855.0,63.62,0.44,6279.67,2.56,True,0.6177745664739884,0.07440935672514619,0.44,4.5373338150289015,2.56,False,0.045968208092485544
台東区|根岸4丁目,台東区,根岸４丁目,2920.0,91596.75707050845,882,607.0,115.31,0.64,2570.41,2.13,True,0.6882086167800453,0.1899670510708402,0.64,2.9142970521541947,2.13,False,0.13073696145124716
台東区|根岸5丁目,台東区,根岸５丁目,4143.0,106692.00414514611,1022,740.0,154.54,0.71,2635.71,1.67,True,0.7240704500978473,0.20883783783783783,0.71,2.578972602739726,1.67,False,0.15121330724070448
台東区|入谷1丁目,台東区,入谷１丁目,3489.0,88473.76786001939,844,835.0,570.53,1.46,1468.12,0.99,True,0.9893364928909952,0.6832694610778443,1.46,1.7394786729857818,0.99,False,0.6759834123222748
台東区|入谷2丁目,台東区,入谷２丁目,3225.0,85491.06123303305,824,799.0,629.74,1.24,1320.81,1.12,True,0.9696601941747572,0.7881602002503129,1.24,1.6029247572815533,1.12,False,0.7642475728155339
台東区|竜泉1丁目,台東区,竜泉１丁目,2695.0,85505.8599619971,814,805.0,644.34,1.46,1300.56,0.9,True,0.9889434889434889,0.8004223602484473,1.46,1.5977395577395577,0.9,False,0.7915724815724816
台東区|竜泉2丁目,台東区,竜泉２丁目,3329.0,76353.02045975643,729,660.0,538.65,1.13,1187.37,1.13,True,0.9053497942386831,0.8161363636363635,1.13,1.6287654320987652,1.13,False,0.7388888888888888
台東区|竜泉3丁目,台東区,竜泉３丁目,3487.0,108578.45929980886,1041,1036.0,850.61,1.41,1586.29,1.03,True,0.9951969260326609,0.8210521235521235,1.41,1.5238136407300673,1.03,False,0.8171085494716618
台東区|松が谷1丁目,台東区,松が谷１丁目,1280.0,64520.69997615241,1237,607.0,467.28,1.11,2269.329703724,1.395,True,0.49070331447049315,0.7698187808896211,1.11,1.8345430102861762,1.395,False,0.3777526273241714
台東区|松が谷2丁目,台東区,松が谷２丁目,2549.0,82036.2997175345,1567,777.0,633.04,1.1,2739.461163626,1.373,True,0.4958519463943842,0.8147232947232946,1.1,1.748220270342055,1.373,False,0.40398213146139117
台東区|松が谷3丁目,台東区,松が谷３丁目,2543.0,82806.88997491018,1587,794.0,569.6,1.05,2855.816613365,1.41,True,0.5003150598613737,0.7173803526448363,1.05,1.7995063726307499,1.41,False,0.3589161940768747
台東区|松が谷4丁目,台東区,松が谷４丁目,2694.0,57723.40854965793,1071,553.0,386.16,0.98,1892.6948084189999,1.443753851,True,0.5163398692810458,0.6983001808318264,0.98,1.7672220433417365,1.443753851,False,0.3605602240896359
台東区|西浅草1丁目,台東区,西浅草１丁目,926.0,72269.14731231391,1384,553.0,260.93,1.0,3193.194064742,1.582,True,0.3995664739884393,0.4718444846292948,1.0,2.3072211450447977,1.582,False,0.18853323699421967
台東区|西浅草2丁目,台東区,西浅草２丁目,2775.0,78096.25765578893,1496,740.0,478.66,0.91,2799.649753001,1.517,True,0.4946524064171123,0.6468378378378379,0.91,1.8714236316851605,1.517,False,0.31995989304812833
台東区|西浅草3丁目,台東区,西浅草３丁目,4515.0,127704.43399333536,2416,1159.0,815.59,1.26,4282.615891306,0.03,True,0.47971854304635764,0.7037014667817084,1.26,1.7726059152756621,0.03,False,0.337578642384106
台東区|雷門1丁目,台東区,雷門１丁目,1320.0,56198.812837651516,1079,240.0,24.43,0.44,3530.562161873,2.07,True,0.22242817423540315,0.10179166666666667,0.44,3.2720687320417055,2.07,False,0.022641334569045414
台東区|雷門2丁目,台東区,雷門２丁目,1400.0,84618.80468848081,1297,251.0,23.8,0.64,5598.144187952999,0.398746105,True,0.19352351580570548,0.09482071713147411,0.64,4.316225279840401,0.398746105,False,0.018350038550501158
台東区|浅草1丁目,台東区,浅草１丁目,1451.0,111958.5470808251,2147,813.0,203.31,0.82,6272.985345816,1.622504424,True,0.3786679087098277,0.2500738007380074,0.82,2.921744455433628,1.622504424,False,0.09469492314857943
台東区|浅草2丁目,台東区,浅草２丁目,2369.0,206244.80364486776,3878,1437.0,653.73,1.57,9481.844622554,0.1012001,True,0.37055183084063953,0.4549269311064718,1.57,2.445034714428571,0.1012001,False,0.16857400722021662
台東区|浅草3丁目,台東区,浅草３丁目,3250.0,92744.01896733324,881,695.0,477.32,1.15,1691.09,1.2,True,0.7888762769580022,0.6867913669064748,1.15,1.9195119182746878,1.2,False,0.5417934165720771
台東区|浅草4丁目,台東区,浅草４丁目,2701.0,111398.96457966215,1067,920.0,649.86,1.21,1946.29,1.01,True,0.8622305529522024,0.7063695652173914,1.21,1.8240768509840675,1.01,False,0.6090534208059981
台東区|浅草5丁目,台東区,浅草５丁目,4966.0,161725.32568136434,1547,1473.0,765.05,1.21,2631.35,1.04,True,0.9521654815772462,0.5193822131704006,1.21,1.7009372979961215,1.04,False,0.49453781512605044
台東区|浅草6丁目,台東区,浅草６丁目,4148.0,126019.37687933195,1212,885.0,206.97,0.75,2904.82,0.82,True,0.7301980198019802,0.23386440677966103,0.75,2.396716171617162,0.82,False,0.17076732673267328
台東区|浅草7丁目,台東区,浅草７丁目,744.0,90202.47122290212,637,252.0,31.650000000000002,0.61,2058.8,1.39,True,0.3956043956043956,0.1255952380952381,0.61,3.2320251177394037,1.39,False,0.04968602825745683
台東区|花川戸1丁目,台東区,花川戸１丁目,1107.0,108281.74938054467,1398,502.0,90.67,0.65,4564.952076011,0.4,True,0.3590844062947067,0.18061752988047808,0.65,3.2653448326258943,0.4,False,0.06485693848354793
台東区|花川戸2丁目,台東区,花川戸２丁目,1131.0,75375.95791373124,1123,494.0,82.83,0.57,3272.491107542,2.048755588,True,0.43989314336598395,0.16767206477732793,0.57,2.9140615383276938,2.048755588,False,0.07375779162956367
台東区|千束1丁目,台東区,千束１丁目,2025.0,59653.62876880027,578,565.0,472.04,1.21,897.35,1.1,True,0.9775086505190311,0.8354690265486726,1.21,1.552508650519031,1.1,False,0.8166782006920416
台東区|千束2丁目,台東区,千束２丁目,2446.0,63405.21322930224,601,597.0,561.41,1.25,843.4,0.96,True,0.9933444259567388,0.9403852596314908,1.25,1.4033277870216305,0.96,False,0.934126455906822
台東区|千束3丁目,台東区,千束３丁目,3907.0,118762.01736120178,1130,1041.0,744.28,1.84,1922.17,0.61,True,0.9212389380530973,0.7149663784822285,1.84,1.7010353982300885,0.61,False,0.658654867256637
台東区|千束4丁目,台東区,千束４丁目,3133.0,128333.0467918422,1229,727.0,144.99,0.88,3079.9,1.35,True,0.5915378356387306,0.19943603851444291,0.88,2.5060211554109033,1.35,False,0.11797396257119609
台東区|今戸1丁目,台東区,今戸１丁目,1491.0,178867.6612515359,1345,596.0,181.53,1.0,3078.92,0.71,True,0.44312267657992566,0.30458053691275166,1.0,2.289159851301115,0.71,False,0.13496654275092937
台東区|今戸2丁目,台東区,今戸２丁目,3273.0,167172.76103099593,1347,1238.0,970.29,1.32,1446.99,0.34,True,0.9190794357832219,0.7837560581583198,1.32,1.0742316258351894,0.34,False,0.7203340757238307
台東区|東浅草1丁目,台東区,東浅草１丁目,2212.0,59690.99504072946,564,531.0,169.26,0.79,831.76,0.82,True,0.9414893617021277,0.31875706214689264,0.79,1.4747517730496453,0.82,False,0.3001063829787234
台東区|東浅草2丁目,台東区,東浅草２丁目,1800.0,86869.9063655287,837,795.0,421.61,1.12,1053.5,0.48,True,0.9498207885304659,0.5303270440251573,1.12,1.2586618876941458,0.48,False,0.503715651135006
台東区|橋場1丁目,台東区,橋場１丁目,3605.0,150630.25395901877,1198,1038.0,773.5600000000001,1.31,1429.42,0.39,True,0.8664440734557596,0.7452408477842004,1.31,1.1931719532554257,0.39,False,0.6457095158597663
台東区|橋場2丁目,台東区,橋場２丁目,1926.0,110802.07922047249,854,769.0,657.8,1.37,861.12,0.27,True,0.9004683840749415,0.8553966189856956,1.37,1.0083372365339578,0.27,False,0.7702576112412177
台東区|清川1丁目,台東区,清川１丁目,2286.0,115889.37954450879,1107,1091.0,933.48,1.31,980.43,0.4,True,0.985546522131888,0.8556186984417965,1.31,0.8856639566395663,0.4,False,0.8432520325203252
台東区|清川2丁目,台東区,清川２丁目,3533.0,130158.75524951189,1244,1179.0,1074.44,1.35,1019.29,0.3,True,0.9477491961414791,0.9113146734520781,1.35,0.8193649517684887,0.3,False,0.8636977491961415
台東区|日本堤1丁目,台東区,日本堤１丁目,2829.0,85179.08134261875,811,787.0,534.8100000000001,1.16,880.39,0.45,True,0.9704069050554871,0.6795552731893266,1.16,1.085561035758323,0.45,False,0.6594451294697905
台東区|日本堤2丁目,台東区,日本堤２丁目,3607.0,102077.54765546056,978,934.0,596.25,1.33,1111.86,0.25,True,0.9550102249488752,0.6383832976445396,1.33,1.1368711656441717,0.25,False,0.6096625766871165
台東区|三の輪1丁目,台東区,三ノ輪１丁目,2359.0,84912.61328024525,811,730.0,497.13,1.22,1441.81,1.03,True,0.9001233045622689,0.6809999999999999,1.22,1.777817509247842,1.03,False,0.612983970406905
台東区|三の輪2丁目,台東区,三ノ輪２丁目,949.0,39335.186623715716,370,310.0,127.6,0.84,604.81,0.82,True,0.8378378378378378,0.41161290322580646,0.84,1.6346216216216214,0.82,False,0.3448648648648649
台東区|池之端1丁目,台東区,池之端１丁目,1297.0,60744.51226370135,572,2.0,2.0,1.0,5431.341,5.313,True,0.0034965034965034965,1.0,1.0,9.495351398601398,5.313,False,0.0034965034965034965
台東区|池之端2丁目,台東区,池之端２丁目,2674.0,78682.10821391833,755,0.0,0.0,0.0,4566.209,5.167,True,0.0,,0.0,6.047958940397351,5.167,False,
台東区|池之端3丁目,台東区,池之端３丁目,525.0,29135.838273431884,277,0.0,0.0,0.0,1684.343,5.433,True,0.0,,0.0,6.080660649819495,5.433,False,
台東区|池之端4丁目,台東区,池之端４丁目,1497.0,64654.42925822317,617,0.0,0.0,0.0,5447.705,5.327,True,0.0,,0.0,8.829343598055106,5.327,False,
台東区|上野公園,台東区,上野公園,195.0,823499.3508293881,8130,241.0,253.0,2.0,110839.4019961,4.2,True,0.02964329643296433,1.049792531120332,2.0,13.633382779348093,4.2,False,0.031119311193111933
台東区|上野桜木1丁目,台東区,上野桜木１丁目,1349.0,152961.63310255142,1798,48.0,19.37,1.0,29908.89623284,11.64,True,0.026696329254727477,0.4035416666666667,1.0,16.634536280778644,11.64,False,0.010773081201334817
台東区|上野桜木2丁目,台東区,上野桜木２丁目,1076.0,72625.34638223087,706,74.0,15.98,1.31,10946.922999999999,10.78,True,0.1048158640226629,0.21594594594594596,1.31,15.505556657223794,10.78,False,0.022634560906515583
台東区|谷中1丁目,台東区,谷中１丁目,803.0,76597.99066078343,730,16.0,16.0,1.0,9500.832,5.397,True,0.021917808219178082,1.0,1.0,13.014838356164384,5.397,False,0.021917808219178082
台東区|谷中2丁目,台東区,谷中２丁目,1707.0,81741.10596251946,786,0.0,0.0,0.0,7863.415,5.907,True,0.0,,0.0,10.004344783715013,5.907,False,
台東区|谷中3丁目,台東区,谷中３丁目,3153.0,111002.07054939866,1076,303.0,94.9,1.06,7970.198,6.562,True,0.2815985130111524,0.31320132013201324,1.06,7.407247211895911,6.562,False,0.08819702602230484
台東区|谷中4丁目,台東区,谷中４丁目,477.0,65430.15337180965,625,0.0,0.0,0.0,11257.297,11.467,True,0.0,,0.0,18.0116752,11.467,False,
台東区|谷中5丁目,台東区,谷中５丁目,798.0,92383.6923882757,874,0.0,0.0,0.0,13432.974,8.36,True,0.0,,0.0,15.369535469107552,8.36,False,
台東区|谷中6丁目,台東区,谷中６丁目,327.0,40198.69417132293,389,11.0,11.0,1.0,6815.808,14.807,True,0.028277634961439587,1.0,1.0,17.52135732647815,14.807,False,0.028277634961439587
台東区|谷中7丁目,台東区,谷中７丁目,1029.0,214462.29108298424,1840,104.0,8.31,0.35,32098.48,6.03,True,0.05652173913043478,0.07990384615384616,0.35,17.44482608695652,6.03,False,0.004516304347826087
墨田区|両国1丁目,墨田区,両国一丁目,1961.0,101716.28998933763,561,157.0,8.59,0.23,1189.48,1.36,True,0.2798573975044563,0.05471337579617834,0.23,2.120285204991087,1.36,False,0.015311942959001781
墨田区|両国2丁目,墨田区,両国二丁目,2282.0,79640.4330682019,737,202.0,18.37,0.29,1113.49,0.67,True,0.27408412483039346,0.09094059405940595,0.29,1.5108412483039348,0.67,False,0.024925373134328358
墨田区|両国3丁目,墨田区,両国三丁目,2163.0,62265.96408254326,553,263.0,52.92,0.42,626.49,0.56,True,0.4755877034358047,0.20121673003802282,0.42,1.1328933092224232,0.56,False,0.09569620253164557
墨田区|両国4丁目,墨田区,両国四丁目,2273.0,96317.08082528238,890,236.0,21.830000000000002,0.4,1198.52,0.65,True,0.2651685393258427,0.09250000000000001,0.4,1.3466516853932584,0.65,False,0.024528089887640454
墨田区|千歳1丁目,墨田区,千歳一丁目,2049.0,77891.4351217222,441,267.0,38.1,0.57,688.1,1.02,True,0.6054421768707483,0.14269662921348314,0.57,1.5603174603174603,1.02,False,0.08639455782312924
墨田区|千歳2丁目,墨田区,千歳二丁目,1092.0,47527.20659859187,426,311.0,60.21,0.64,558.0,0.62,True,0.7300469483568075,0.19360128617363345,0.64,1.3098591549295775,0.62,False,0.14133802816901408
墨田区|千歳3丁目,墨田区,千歳三丁目,2487.0,61166.353674842416,562,366.0,44.27,0.46,745.35,0.7,True,0.6512455516014235,0.12095628415300547,0.46,1.3262455516014235,0.7,False,0.07877224199288256
墨田区|緑1丁目,墨田区,緑一丁目,3715.0,95879.73547488509,873,387.0,26.6,0.27,1173.47,0.81,True,0.44329896907216493,0.06873385012919897,0.27,1.3441809851088202,0.81,False,0.030469644902634593
墨田区|緑2丁目,墨田区,緑二丁目,3567.0,94192.47283306386,861,489.0,54.0,0.34,845.72,0.41,True,0.5679442508710801,0.11042944785276074,0.34,0.982253193960511,0.41,False,0.0627177700348432
墨田区|緑3丁目,墨田区,緑三丁目,3536.0,91794.76446573023,840,472.0,54.54,0.56,605.97,0.05,True,0.5619047619047619,0.11555084745762711,0.56,0.7213928571428572,0.05,False,0.06492857142857143
墨田区|緑4丁目,墨田区,緑四丁目,5305.0,120106.714893144,1094,759.0,187.83,0.58,589.37,0.0,True,0.6937842778793418,0.2474703557312253,0.58,0.5387294332723949,0.0,False,0.171691042047532
墨田区|立川1丁目,墨田区,立川一丁目,1411.0,60737.82352370804,548,396.0,61.94,0.44,649.91,0.65,True,0.7226277372262774,0.15641414141414142,0.44,1.1859671532846714,0.65,False,0.11302919708029198
墨田区|立川2丁目,墨田区,立川二丁目,1586.0,54185.26965271275,488,364.0,72.69,0.48,475.48,0.37,True,0.7459016393442623,0.1996978021978022,0.48,0.974344262295082,0.37,False,0.1489549180327869
墨田区|立川3丁目,墨田区,立川三丁目,1923.0,65739.52945899448,593,462.0,122.74,0.57,339.56,0.02,True,0.7790893760539629,0.26567099567099567,0.57,0.5726138279932547,0.02,False,0.2069814502529511
墨田区|立川4丁目,墨田区,立川四丁目,2018.0,84176.4561982797,733,515.0,143.78,0.66,425.32,0.0,True,0.7025920873124147,0.2791844660194175,0.66,0.5802455661664393,0.0,False,0.19615279672578445
墨田区|菊川1丁目,墨田区,菊川一丁目,1893.0,68335.14029666352,653,356.0,69.19,0.55,557.12,0.15,True,0.5451761102603369,0.19435393258426967,0.55,0.8531699846860643,0.15,False,0.10595712098009187
墨田区|菊川2丁目,墨田区,菊川二丁目,2464.0,66428.85569505779,635,537.0,118.59,0.48,351.13,0.15,True,0.8456692913385827,0.22083798882681566,0.48,0.5529606299212598,0.15,False,0.18675590551181104
墨田区|菊川3丁目,墨田区,菊川三丁目,4085.0,112406.03992300024,1042,883.0,311.29,0.88,464.47,0.0,True,0.8474088291746641,0.3525368063420159,0.88,0.44574856046065264,0.0,False,0.298742802303263
墨田区|江東橋1丁目,墨田区,江東橋一丁目,1726.0,78779.76939262864,742,431.0,110.01,0.63,402.61,0.0,True,0.5808625336927223,0.2552436194895592,0.63,0.5426010781671159,0.0,False,0.1482614555256065
墨田区|江東橋2丁目,墨田区,江東橋二丁目,2445.0,69832.0897570119,667,554.0,285.52,1.29,142.98,0.0,True,0.8305847076461769,0.5153790613718411,1.29,0.21436281859070463,0.0,False,0.4280659670164917
墨田区|江東橋3丁目,墨田区,江東橋三丁目,729.0,75595.7193900791,720,578.0,330.24,1.12,130.58,0.0,True,0.8027777777777778,0.5713494809688582,1.12,0.18136111111111114,0.0,False,0.4586666666666667
墨田区|江東橋4丁目,墨田区,江東橋四丁目,2710.0,158723.09567299992,1446,1052.0,584.16,1.25,585.03,0.0,True,0.7275242047026279,0.5552851711026615,1.25,0.4045850622406639,0.0,False,0.4039834024896265
墨田区|江東橋5丁目,墨田区,江東橋五丁目,3260.0,111617.38483768771,984,514.0,103.12,0.7,613.19,0.0,True,0.5223577235772358,0.20062256809338522,0.7,0.6231605691056911,0.0,False,0.10479674796747968
墨田区|横網1丁目,墨田区,横網一丁目,306.0,216301.8041581614,1769,439.0,74.42,1.82,4295.07,0.14,True,0.24816280384397965,0.16952164009111617,1.82,2.4279649519502544,0.14,False,0.04206896551724138
墨田区|横網2丁目,墨田区,横網二丁目,1271.0,120467.28403122263,950,423.0,54.47,0.52,1613.78,0.45,True,0.44526315789473686,0.12877068557919621,0.52,1.6987157894736842,0.45,False,0.05733684210526316
墨田区|亀沢1丁目,墨田区,亀沢一丁目,2208.0,77921.18980559266,744,377.0,27.16,0.3,764.78,0.61,True,0.5067204301075269,0.07204244031830238,0.3,1.0279301075268816,0.61,False,0.03650537634408602
墨田区|亀沢2丁目,墨田区,亀沢二丁目,2118.0,76526.19831910507,733,324.0,21.85,0.29,711.75,0.35,True,0.44201909959072305,0.06743827160493827,0.29,0.9710095497953616,0.35,False,0.02980900409276944
墨田区|亀沢3丁目,墨田区,亀沢三丁目,2192.0,74536.26161985924,713,536.0,97.28,0.56,384.4,0.0,True,0.7517531556802244,0.18149253731343284,0.56,0.5391304347826087,0.0,False,0.13643758765778402
墨田区|亀沢4丁目,墨田区,亀沢四丁目,3234.0,100199.18651760115,957,849.0,292.02,0.81,376.22,0.0,True,0.8871473354231975,0.34395759717314484,0.81,0.3931243469174504,0.0,False,0.305141065830721
墨田区|石原1丁目,墨田区,石原一丁目,2823.0,89884.72305493485,866,807.0,259.5,0.76,664.28,0.22,True,0.9318706697459584,0.3215613382899628,0.76,0.7670669745958429,0.22,False,0.29965357967667433
墨田区|石原2丁目,墨田区,石原二丁目,2546.0,84961.3612470749,801,664.0,130.6,0.69,708.73,0.22,True,0.8289637952559301,0.1966867469879518,0.69,0.8848064918851436,0.22,False,0.1630461922596754
墨田区|石原3丁目,墨田区,石原三丁目,3123.0,79866.08558801551,765,699.0,191.42000000000002,0.62,486.89,0.17,True,0.9137254901960784,0.2738483547925608,0.62,0.6364575163398692,0.17,False,0.25022222222222223
墨田区|石原4丁目,墨田区,石原四丁目,2977.0,111323.71804868699,1050,862.0,262.25,0.7,611.43,0.0,True,0.820952380952381,0.30423433874709976,0.7,0.5823142857142857,0.0,False,0.24976190476190477
墨田区|本所1丁目,墨田区,本所一丁目,3307.0,165023.8440101356,1330,841.0,69.03,0.36,2439.17,0.63,True,0.6323308270676692,0.08208085612366231,0.36,1.8339624060150377,0.63,False,0.05190225563909775
墨田区|本所2丁目,墨田区,本所二丁目,1708.0,70151.28403209268,678,641.0,201.79,0.78,494.19,0.09,True,0.9454277286135693,0.314804992199688,0.78,0.7288938053097345,0.09,False,0.2976253687315634
墨田区|本所3丁目,墨田区,本所三丁目,2029.0,73021.88069306586,697,694.0,330.7,0.78,320.96,0.11,True,0.9956958393113343,0.4765129682997118,0.78,0.46048780487804875,0.11,False,0.47446197991391675
墨田区|本所4丁目,墨田区,本所四丁目,2811.0,102008.95219326898,978,806.0,275.49,0.73,645.5,0.07,True,0.8241308793456033,0.34179900744416875,0.73,0.6600204498977505,0.07,False,0.2816871165644172
墨田区|東駒形1丁目,墨田区,東駒形一丁目,1437.0,88750.24507844442,653,425.0,30.28,0.28,1302.03,1.27,True,0.6508422664624809,0.07124705882352941,0.28,1.9939203675344563,1.27,False,0.04637059724349158
墨田区|東駒形2丁目,墨田区,東駒形二丁目,1512.0,68987.6683135344,655,493.0,49.56,0.3,1106.68,0.85,True,0.7526717557251908,0.10052738336713997,0.3,1.689587786259542,0.85,False,0.07566412213740459
墨田区|東駒形3丁目,墨田区,東駒形三丁目,1683.0,67836.46541330077,652,557.0,110.79,0.68,678.47,0.19,True,0.8542944785276073,0.19890484739676842,0.68,1.0405981595092024,0.19,False,0.1699233128834356
墨田区|東駒形4丁目,墨田区,東駒形四丁目,2760.0,104390.44795678675,991,625.0,106.87,0.51,892.13,0.33,True,0.6306760847628657,0.170992,0.51,0.9002320887991927,0.33,False,0.10784056508577194
墨田区|吾妻橋1丁目,墨田区,吾妻橋一丁目,2261.0,133478.88199389091,977,432.0,60.07,0.42,2522.79,1.1,True,0.4421699078812692,0.13905092592592594,0.42,2.5821801432958034,1.1,False,0.06148413510747186
墨田区|吾妻橋2丁目,墨田区,吾妻橋二丁目,1494.0,62726.80533671864,574,197.0,23.09,0.37,1112.21,1.0,True,0.343205574912892,0.11720812182741117,0.37,1.9376480836236933,1.0,False,0.040226480836236936
墨田区|吾妻橋3丁目,墨田区,吾妻橋三丁目,1728.0,65761.41756957889,599,226.0,12.75,0.16,821.19,0.62,True,0.3772954924874791,0.05641592920353982,0.16,1.3709348914858097,0.62,False,0.021285475792988312
墨田区|錦糸1丁目,墨田区,錦糸一丁目,2143.0,115756.93713392346,1104,674.0,391.52,1.31,1625.82,0.0,True,0.6105072463768116,0.5808902077151336,1.31,1.4726630434782608,0.0,False,0.35463768115942035
墨田区|錦糸2丁目,墨田区,錦糸二丁目,663.0,40377.628770612006,389,343.0,291.92,1.31,20.88,0.0,True,0.8817480719794345,0.8510787172011662,1.31,0.05367609254498715,0.0,False,0.7504370179948587
墨田区|錦糸3丁目,墨田区,錦糸三丁目,720.0,33398.212108746644,317,309.0,295.26,3.84,3.42,0.0,True,0.9747634069400631,0.9555339805825243,3.84,0.010788643533123029,0.0,False,0.9314195583596214
墨田区|錦糸4丁目,墨田区,錦糸四丁目,1871.0,150440.76399499053,1367,1010.0,637.51,1.22,1150.23,0.0,True,0.7388441843452817,0.6311980198019802,1.22,0.8414264813460132,0.0,False,0.466356986100951
墨田区|太平1丁目,墨田区,太平一丁目,3665.0,103666.48446668345,985,816.0,431.49,0.88,254.9,0.0,True,0.8284263959390863,0.5287867647058824,0.88,0.2587817258883249,0.0,False,0.43806091370558375
墨田区|太平2丁目,墨田区,太平二丁目,1368.0,49240.28075362998,469,460.0,316.72,0.97,13.19,0.0,True,0.9808102345415778,0.6885217391304348,0.97,0.028123667377398718,0.0,False,0.6753091684434968
墨田区|太平3丁目,墨田区,太平三丁目,1536.0,48217.481456007175,461,447.0,360.48,1.13,5.28,0.0,True,0.9696312364425163,0.8064429530201342,1.13,0.011453362255965294,0.0,False,0.7819522776572668
墨田区|太平4丁目,墨田区,太平四丁目,4612.0,124968.8677936801,1142,884.0,563.75,1.18,257.33,0.0,True,0.7740805604203153,0.6377262443438914,1.18,0.2253327495621716,0.0,False,0.4936514886164623
墨田区|横川1丁目,墨田区,横川一丁目,1625.0,127548.25448244704,1216,560.0,174.67,0.78,794.18,0.0,True,0.4605263157894737,0.31191071428571426,0.78,0.6531085526315789,0.0,False,0.14364309210526313
墨田区|横川2丁目,墨田区,横川二丁目,1624.0,42630.250268228076,408,406.0,212.65,0.96,61.81,0.0,True,0.9950980392156863,0.5237684729064039,0.96,0.15149509803921568,0.0,False,0.5212009803921569
墨田区|横川3丁目,墨田区,横川三丁目,1264.0,43221.26226331964,413,411.0,274.14,1.06,22.81,0.0,True,0.9951573849878934,0.667007299270073,1.06,0.05523002421307506,0.0,False,0.663777239709443
墨田区|横川4丁目,墨田区,横川四丁目,1281.0,51416.098254412624,492,471.0,336.48,1.17,11.86,0.0,True,0.9573170731707317,0.7143949044585988,1.17,0.02410569105691057,0.0,False,0.6839024390243903
墨田区|横川5丁目,墨田区,横川五丁目,2922.0,89679.62552149105,792,607.0,246.76,0.83,284.28000000000003,0.0,True,0.7664141414141414,0.40652388797364086,0.83,0.358939393939394,0.0,False,0.3115656565656566
墨田区|業平1丁目,墨田区,業平一丁目,3027.0,99457.23030418842,927,473.0,73.01,0.56,760.61,0.03,True,0.5102481121898598,0.15435517970401694,0.56,0.8205070118662352,0.03,False,0.0787594390507012
墨田区|業平2丁目,墨田区,業平二丁目,1245.0,61228.68205617654,577,547.0,183.67,0.76,156.34,0.0,True,0.9480069324090121,0.3357769652650822,0.76,0.27095320623916813,0.0,False,0.318318890814558
墨田区|業平3丁目,墨田区,業平三丁目,1407.0,56143.53552776736,528,501.0,248.15,0.9,89.78,0.0,True,0.9488636363636364,0.49530938123752494,0.9,0.1700378787878788,0.0,False,0.4699810606060606
墨田区|業平4丁目,墨田区,業平四丁目,2188.0,72305.48523738008,681,657.0,324.19,0.83,108.97,0.0,True,0.9647577092511013,0.4934398782343988,0.83,0.16001468428781204,0.0,False,0.47604992657856093
墨田区|業平5丁目,墨田区,業平五丁目,2290.0,61759.033079062814,543,369.0,184.69,0.91,229.62,0.0,True,0.6795580110497238,0.5005149051490515,0.91,0.4228729281767956,0.0,False,0.3401289134438306
墨田区|向島1丁目,墨田区,向島一丁目,2340.0,178322.18011078276,1353,716.0,96.13,0.43,2041.76,0.44,True,0.5291943828529194,0.13425977653631285,0.43,1.509061345158906,0.44,False,0.07104951958610495
墨田区|向島2丁目,墨田区,向島二丁目,2843.0,147129.0695365983,970,635.0,127.41,0.49,1005.42,0.27,True,0.654639175257732,0.2006456692913386,0.49,1.0365154639175258,0.27,False,0.13135051546391754
墨田区|向島3丁目,墨田区,向島三丁目,4774.0,166890.51396331648,1606,1113.0,187.82,0.61,846.9,0.0,True,0.6930261519302615,0.16875112309074572,0.61,0.5273349937733499,0.0,False,0.1169489414694894
墨田区|向島4丁目,墨田区,向島四丁目,2644.0,101226.13992099448,1021,922.0,447.96000000000004,1.18,25.369999999999997,-0.63,True,0.9030362389813908,0.4858568329718005,1.18,0.024848188050930458,-0.63,False,0.4387463271302645
墨田区|向島5丁目,墨田区,向島五丁目,4529.0,248586.20811302637,1877,1351.0,457.89,0.85,1483.31,-0.14,True,0.7197655833777304,0.3389267209474463,0.85,0.790255727224294,-0.14,False,0.24394778902503994
墨田区|東向島1丁目,墨田区,東向島一丁目,3238.0,135076.59988150676,1310,1257.0,553.27,0.8,26.23,-0.21,True,0.9595419847328245,0.44015115354017503,0.8,0.02002290076335878,-0.21,False,0.42234351145038174
墨田区|東向島2丁目,墨田区,東向島二丁目,5290.0,209742.76304377412,2007,1831.0,698.73,1.88,-599.41,-2.11,True,0.9123069257598405,0.38161114145275804,1.88,-0.2986596910812157,-2.11,True,0.34814648729446934
墨田区|東向島3丁目,墨田区,東向島三丁目,3562.0,180402.14406896953,1729,1593.0,630.8,0.95,67.61,-0.43,True,0.9213418160786582,0.3959824231010671,0.95,0.03910352805089647,-0.43,False,0.3648351648351648
墨田区|東向島4丁目,墨田区,東向島四丁目,3806.0,182574.86663385615,1695,1551.0,442.78,0.7,33.03,-0.68,True,0.9150442477876106,0.2854803352675693,0.7,0.019486725663716814,-0.68,False,0.2612271386430678
墨田区|東向島5丁目,墨田区,東向島五丁目,4065.0,140782.63121132308,1027,976.0,352.39,0.72,-485.62,-0.95,True,0.9503407984420643,0.36105532786885247,0.72,-0.47285296981499514,-0.95,True,0.3431256085686466
墨田区|東向島6丁目,墨田区,東向島六丁目,5746.0,219881.46098298056,2101,2021.0,686.21,0.85,-943.2,-1.07,True,0.9619228938600667,0.33953983176645225,0.85,-0.4489290813898144,-1.07,True,0.3266111375535459
墨田区|堤通1丁目,墨田区,堤通一丁目,2434.0,202134.88252301133,1479,287.0,33.81,0.43,2295.71,0.39,True,0.1940500338066261,0.1178048780487805,0.43,1.5522041920216363,0.39,False,0.02286004056795132
墨田区|堤通2丁目,墨田区,堤通二丁目,3955.0,480679.0375590455,3535,543.0,81.62,1.23,9550.77,0.06,True,0.15360678925035362,0.15031307550644568,1.23,2.70177369165488,0.06,False,0.023089108910891092
墨田区|墨田1丁目,墨田区,墨田一丁目,3259.0,108122.92856729939,1085,822.0,397.7,0.95,42.790000000000006,-0.67,True,0.7576036866359447,0.4838199513381995,0.95,0.03943778801843319,-0.67,False,0.3665437788018433
墨田区|墨田2丁目,墨田区,墨田二丁目,4047.0,191060.44455155043,1829,1678.0,775.72,0.94,103.76,0.0,True,0.9174412247129579,0.4622884386174017,0.94,0.056730453799890654,0.0,False,0.42412247129579006
墨田区|墨田3丁目,墨田区,墨田三丁目,3796.0,143633.34093307206,1778,1735.0,888.4200000000001,1.09,-278.89,-1.11,True,0.9758155230596175,0.5120576368876081,1.09,-0.15685601799775029,-1.11,True,0.499673790776153
墨田区|墨田4丁目,墨田区,墨田四丁目,4864.0,409260.2645270567,2295,2011.0,1075.01,1.09,747.4699999999999,-1.12,True,0.8762527233115468,0.5345648930880159,1.09,0.32569498910675376,-1.12,False,0.4684139433551198
墨田区|墨田5丁目,墨田区,墨田五丁目,2826.0,428155.34789265576,2432,2051.0,871.68,0.94,1539.6699999999998,0.0,True,0.8433388157894737,0.4250024378352023,0.94,0.6330879934210526,0.0,False,0.3584210526315789
墨田区|押上1丁目,墨田区,押上一丁目,2332.0,191105.19674569622,1791,1082.0,392.69,3.53,1203.1599999999999,-0.49,True,0.6041317699609157,0.3629297597042514,3.53,0.6717811278615298,-0.49,False,0.2192573981016192
墨田区|押上2丁目,墨田区,押上二丁目,3723.0,170990.84534102917,1586,1259.0,644.84,4.4,182.89999999999998,-1.85,True,0.7938209331651954,0.5121842732327244,4.4,0.11532156368221941,-1.85,False,0.4065825977301387
墨田区|押上3丁目,墨田区,押上三丁目,4434.0,195283.0111911951,1791,1750.0,1067.16,1.35,-1078.62,-1.52,True,0.977107761027359,0.6098057142857143,1.35,-0.6022445561139028,-1.52,True,0.5958458961474037
墨田区|京島1丁目,墨田区,京島一丁目,7312.0,214937.02148386845,2047,1844.0,654.15,1.68,-968.5,-3.01,True,0.9008304836345872,0.35474511930585684,1.68,-0.47313141182217877,-3.01,True,0.31956521739130433
墨田区|京島2丁目,墨田区,京島二丁目,1853.0,76331.59833335875,734,691.0,294.13,0.99,-424.02,-1.36,True,0.94141689373297,0.4256584659913169,0.99,-0.5776839237057221,-1.36,True,0.4007220708446866
墨田区|京島3丁目,墨田区,京島三丁目,4158.0,181173.87910368122,1735,1722.0,1073.78,1.09,-1756.35,-1.59,True,0.992507204610951,0.6235656213704994,1.09,-1.0123054755043228,-1.59,True,0.618893371757925
墨田区|文花1丁目,墨田区,文花一丁目,5189.0,243307.10680746083,2256,1186.0,325.83,1.43,-0.09999999999999964,-1.54,True,0.525709219858156,0.27473018549747047,1.43,-4.4326241134751613e-05,-1.54,True,0.14442819148936167
墨田区|文花2丁目,墨田区,文花二丁目,2457.0,154330.4035890086,1441,971.0,458.73,1.17,-990.33,-1.92,True,0.6738376127689105,0.4724304840370752,1.17,-0.6872519083969466,-1.92,True,0.31834142956280365
墨田区|文花3丁目,墨田区,文花三丁目,2680.0,84289.75530658952,805,779.0,371.39,1.08,-831.15,-1.69,True,0.9677018633540373,0.4767522464698331,1.08,-1.0324844720496895,-1.69,True,0.46135403726708074
墨田区|八広1丁目,墨田区,八広一丁目,3380.0,168296.83251046756,1609,1507.0,651.54,1.0,-1120.2,-1.45,True,0.9366065879428216,0.432342402123424,1.0,-0.6962088253573648,-1.45,True,0.4049347420758235
墨田区|八広2丁目,墨田区,八広二丁目,4561.0,182332.9742450939,1746,1731.0,1112.19,1.1,-1909.4,-1.57,True,0.9914089347079038,0.6425129982668978,1.1,-1.093585337915235,-1.57,True,0.6369931271477663
墨田区|八広3丁目,墨田区,八広三丁目,3578.0,141219.4584299644,1349,1339.0,799.6,0.98,-1368.03,-1.43,True,0.9925871015567087,0.5971620612397311,0.98,-1.0141067457375834,-1.43,True,0.5927353595255745
墨田区|八広4丁目,墨田区,八広四丁目,4681.0,179157.1631637369,1714,1695.0,879.54,0.94,-1500.33,-1.44,True,0.9889148191365228,0.5189026548672566,0.94,-0.8753383897316219,-1.44,True,0.5131505250875146
墨田区|八広5丁目,墨田区,八広五丁目,2972.0,159309.26182309247,1526,1069.0,299.93,0.73,-585.99,-1.07,True,0.700524246395806,0.2805706267539757,0.73,-0.38400393184796855,-1.07,True,0.1965465268676278
墨田区|八広6丁目,墨田区,八広六丁目,4196.0,354704.22710095113,1828,1568.0,483.15,0.82,-180.58,-1.94,True,0.8577680525164114,0.3081313775510204,0.82,-0.0987855579868709,-1.94,True,0.26430525164113783
墨田区|立花1丁目,墨田区,立花一丁目,6087.0,210013.1350780829,1907,1198.0,631.76,1.61,-1104.71,-2.41,True,0.6282118510749869,0.5273455759599333,1.61,-0.5792920818038805,-2.41,True,0.3312847404299948
墨田区|立花2丁目,墨田区,立花二丁目,1686.0,87374.10856723964,837,717.0,422.58,1.43,-968.12,-2.26,True,0.8566308243727598,0.5893723849372384,1.43,-1.1566547192353644,-2.26,True,0.5048745519713261
墨田区|立花3丁目,墨田区,立花三丁目,3045.0,147766.77085435623,1099,1001.0,1241.75,2.24,-1889.74,-2.67,True,0.910828025477707,1.2405094905094904,2.24,-1.71950864422202,-2.67,True,1.1298908098271154
墨田区|立花4丁目,墨田区,立花四丁目,3792.0,183981.50835490605,1757,1683.0,1692.18,1.71,-3076.19,-2.58,True,0.9578827546955037,1.0054545454545456,1.71,-1.750819578827547,-2.58,True,0.9631075697211157
墨田区|立花5丁目,墨田区,立花五丁目,4494.0,230175.63053227644,2096,1679.0,847.46,1.04,-1744.2,-1.68,True,0.8010496183206107,0.5047409172126266,1.04,-0.8321564885496183,-1.68,True,0.4043225190839695
墨田区|立花6丁目,墨田区,立花六丁目,2360.0,158290.8559893967,1156,914.0,794.62,1.61,-1494.18,-2.51,True,0.7906574394463668,0.8693873085339169,1.61,-1.2925432525951557,-2.51,True,0.6873875432525952
墨田区|東墨田1丁目,墨田区,東墨田一丁目,160.0,114573.44327012858,960,536.0,124.64,1.0,194.68,-1.55,True,0.5583333333333333,0.23253731343283582,1.0,0.20279166666666668,-1.55,False,0.12983333333333333
墨田区|東墨田2丁目,墨田区,東墨田二丁目,1663.0,289206.4418974452,1941,1405.0,483.66,0.86,-554.25,-1.24,True,0.7238536836682122,0.3442419928825623,0.86,-0.28554868624420404,-1.24,True,0.24918083462132923
墨田区|東墨田3丁目,墨田区,東墨田三丁目,832.0,407692.6731708591,1917,1106.0,497.95,1.0,720.17,-1.08,True,0.576943140323422,0.4502260397830018,1.0,0.3756755346896192,-1.08,False,0.259754825247783
江東区|清澄1丁目,江東区,清澄１丁目,1671.0,98557.14046610614,652,300.0,50.71,0.62,1199.05,0.48,True,0.4601226993865031,0.16903333333333334,0.62,1.8390337423312884,0.48,False,0.0777760736196319
江東区|清澄2丁目,江東区,清澄２丁目,1216.0,99353.5936907212,875,482.0,107.64,0.61,1375.9,0.65,True,0.5508571428571428,0.22331950207468879,0.61,1.572457142857143,0.65,False,0.12301714285714284
江東区|清澄3丁目,江東区,清澄３丁目,1108.0,107188.61762381902,848,608.0,303.21,1.9,907.2,-0.95,True,0.7169811320754716,0.49870065789473683,1.9,1.069811320754717,-0.95,False,0.3575589622641509
江東区|常盤1丁目,江東区,常盤１丁目,1086.0,80624.25269541466,504,269.0,65.09,0.58,785.89,0.73,True,0.5337301587301587,0.24197026022304835,0.58,1.5593055555555555,0.73,False,0.1291468253968254
江東区|常盤2丁目,江東区,常盤２丁目,1225.0,55535.9151727182,453,325.0,36.2,0.3,561.42,0.8,True,0.717439293598234,0.11138461538461539,0.3,1.2393377483443708,0.8,False,0.07991169977924945
江東区|新大橋1丁目,江東区,新大橋１丁目,2174.0,87294.49719348604,528,329.0,98.69,1.14,827.48,0.26,True,0.6231060606060606,0.2999696048632219,1.14,1.5671969696969696,0.26,False,0.18691287878787877
江東区|新大橋2丁目,江東区,新大橋２丁目,2629.0,57003.4068131198,532,521.0,166.52,0.69,569.26,0.6,True,0.9793233082706767,0.319616122840691,0.69,1.0700375939849625,0.6,False,0.3130075187969925
江東区|新大橋3丁目,江東区,新大橋３丁目,1567.0,56607.104839947686,548,439.0,122.99,0.63,675.99,0.68,True,0.801094890510949,0.28015945330296127,0.63,1.2335583941605839,0.68,False,0.22443430656934307
江東区|森下1丁目,江東区,森下１丁目,1517.0,47453.3827230081,455,286.0,43.43,0.46,497.75,0.41,True,0.6285714285714286,0.15185314685314685,0.46,1.093956043956044,0.41,False,0.09545054945054945
江東区|森下2丁目,江東区,森下２丁目,1904.0,70948.65533472337,678,516.0,84.73,0.56,640.99,0.42,True,0.7610619469026548,0.16420542635658916,0.56,0.9454129793510324,0.42,False,0.12497050147492626
江東区|森下3丁目,江東区,森下３丁目,3581.0,129908.64412562882,1160,711.0,103.17,0.47,1135.67,0.25,True,0.6129310344827587,0.1451054852320675,0.47,0.9790258620689656,0.25,False,0.0889396551724138
江東区|森下4丁目,江東区,森下４丁目,2544.0,93063.24430170638,809,605.0,114.82000000000001,0.49,667.58,0.15,True,0.7478368355995055,0.18978512396694217,0.49,0.8251915945611867,0.15,False,0.1419283065512979
江東区|森下5丁目,江東区,森下５丁目,1519.0,88418.71073996754,704,526.0,161.98,0.7,486.81,0.0,True,0.7471590909090909,0.3079467680608365,0.7,0.6914914772727273,0.0,False,0.23008522727272726
江東区|平野1丁目,江東区,平野１丁目,1304.0,51483.23102451244,472,405.0,150.44,0.62,383.16,0.29,True,0.8580508474576272,0.3714567901234568,0.62,0.8117796610169492,0.29,False,0.31872881355932203
江東区|平野2丁目,江東区,平野２丁目,3000.0,110016.79533650594,1004,688.0,251.13,1.2,965.69,-0.01,True,0.6852589641434262,0.36501453488372093,1.2,0.9618426294820718,-0.01,False,0.25012948207171315
江東区|平野3丁目,江東区,平野３丁目,2435.0,77582.72415010436,716,489.0,227.98,1.24,488.8,-0.42,True,0.6829608938547486,0.4662167689161554,1.24,0.6826815642458101,-0.42,False,0.31840782122905026
江東区|平野4丁目,江東区,平野４丁目,779.0,125384.19078520588,1117,254.0,105.34,1.21,1989.38,-0.47,True,0.22739480752014324,0.4147244094488189,1.21,1.7810026857654433,-0.47,False,0.09430617726051925
江東区|三好1丁目,江東区,三好１丁目,580.0,32854.31962228136,310,278.0,92.37,0.65,238.04,0.18,True,0.896774193548387,0.3322661870503597,0.65,0.7678709677419354,0.18,False,0.29796774193548387
江東区|三好2丁目,江東区,三好２丁目,1049.0,51502.04372263609,496,472.0,183.05,0.75,303.25,0.14,True,0.9516129032258065,0.3878177966101695,0.75,0.6113911290322581,0.14,False,0.36905241935483873
江東区|三好3丁目,江東区,三好３丁目,1797.0,64494.71136197036,617,544.0,274.7,1.01,275.0,-0.19,True,0.8816855753646677,0.5049632352941176,1.01,0.44570502431118314,-0.19,False,0.44521880064829816
江東区|三好4丁目,江東区,三好４丁目,1987.0,75392.46120605388,695,524.0,252.16,0.98,413.64,-0.15,True,0.753956834532374,0.4812213740458015,0.98,0.5951654676258993,-0.15,False,0.36282014388489203
江東区|白河1丁目,江東区,白河１丁目,1528.0,68870.6332071132,620,257.0,98.97,0.61,766.92,0.34,True,0.41451612903225804,0.38509727626459145,0.61,1.2369677419354839,0.34,False,0.15962903225806452
江東区|白河2丁目,江東区,白河２丁目,2632.0,80553.90431436057,720,596.0,275.83,0.79,533.99,0.05,True,0.8277777777777777,0.4628020134228188,0.79,0.7416527777777778,0.05,False,0.3830972222222222
江東区|白河3丁目,江東区,白河３丁目,3032.0,81112.22620018377,728,601.0,291.71,1.02,464.08,-0.24,True,0.8255494505494505,0.4853743760399334,1.02,0.6374725274725275,-0.24,False,0.4007005494505494
江東区|白河4丁目,江東区,白河４丁目,4172.0,100417.73088129525,868,485.0,175.98,0.86,940.95,-0.07,True,0.5587557603686636,0.3628453608247422,0.86,1.0840437788018433,-0.07,False,0.20274193548387096
江東区|高橋,江東区,高橋,1619.0,51790.91375612681,429,297.0,50.68,0.44,487.83,0.49,True,0.6923076923076923,0.17063973063973065,0.44,1.137132867132867,0.49,False,0.11813519813519814
江東区|佐賀1丁目,江東区,佐賀１丁目,1729.0,98194.29570204193,641,560.0,264.1,1.03,780.53,0.5,True,0.8736349453978159,0.4716071428571429,1.03,1.2176755070202807,0.5,False,0.41201248049922
江東区|佐賀2丁目,江東区,佐賀２丁目,1566.0,102075.2217790339,668,371.0,107.39,0.63,1189.8400000000001,0.5,True,0.5553892215568862,0.2894609164420485,0.63,1.7811976047904194,0.5,False,0.16076347305389221
江東区|永代1丁目,江東区,永代１丁目,1295.0,68358.12960289784,585,423.0,145.95,1.03,852.05,0.49,True,0.7230769230769231,0.34503546099290777,1.03,1.4564957264957263,0.49,False,0.24948717948717947
江東区|永代2丁目,江東区,永代２丁目,2760.0,107724.89331226668,958,714.0,207.24,0.83,1250.46,0.51,True,0.7453027139874739,0.29025210084033615,0.83,1.3052818371607515,0.51,False,0.21632567849686848
江東区|福住1丁目,江東区,福住１丁目,1411.0,57058.905492635684,521,450.0,190.18,0.93,548.51,0.4,True,0.8637236084452975,0.42262222222222223,0.93,1.0528023032629559,0.4,False,0.36502879078694817
江東区|福住2丁目,江東区,福住２丁目,1304.0,47599.495538095434,411,267.0,70.96000000000001,1.12,640.46,-1.06,True,0.6496350364963503,0.2657677902621723,1.12,1.5582968369829684,-1.06,False,0.17265206812652067
江東区|深川1丁目,江東区,深川１丁目,1724.0,77768.65131806984,727,427.0,147.21,0.89,1072.28,0.43,True,0.5873452544704264,0.34475409836065574,0.89,1.4749381017881704,0.43,False,0.20248968363136174
江東区|深川2丁目,江東区,深川２丁目,2579.0,136969.4830743223,1285,1031.0,486.55,0.9,1293.57,0.28,True,0.8023346303501946,0.4719204655674103,0.9,1.006669260700389,0.28,False,0.37863813229571985
江東区|冬木,江東区,冬木,2899.0,131738.29037523305,1190,932.0,471.38,1.35,1162.27,-0.2,True,0.7831932773109244,0.5057725321888412,1.35,0.9766974789915966,-0.2,False,0.3961176470588235
江東区|門前仲町1丁目,江東区,門前仲町１丁目,1864.0,68065.61816301354,627,496.0,186.52,0.77,748.9,0.49,True,0.7910685805422647,0.37604838709677424,0.77,1.1944178628389155,0.49,False,0.2974800637958533
江東区|門前仲町2丁目,江東区,門前仲町２丁目,623.0,39129.93293345213,352,296.0,152.67,0.94,366.45,0.3,True,0.8409090909090909,0.515777027027027,0.94,1.0410511363636363,0.3,False,0.4337215909090909
江東区|富岡1丁目,江東区,富岡１丁目,2079.0,146615.81921683432,1333,1176.0,846.66,1.3,1044.19,-0.07,True,0.8822205551387847,0.7199489795918367,1.3,0.783338334583646,-0.07,False,0.6351537884471118
江東区|富岡2丁目,江東区,富岡２丁目,1992.0,59713.91614121661,528,440.0,298.05,1.39,443.93,-0.14,True,0.8333333333333334,0.6773863636363636,1.39,0.8407765151515152,-0.14,False,0.5644886363636363
江東区|牡丹1丁目,江東区,牡丹１丁目,789.0,36116.91339052883,314,271.0,133.26,0.91,319.52,0.26,True,0.8630573248407644,0.4917343173431734,0.91,1.0175796178343948,0.26,False,0.42439490445859873
江東区|牡丹2丁目,江東区,牡丹２丁目,1140.0,50390.107357302455,440,332.0,137.11,1.58,484.79,-0.46,True,0.7545454545454545,0.4129819277108434,1.58,1.1017954545454547,-0.46,False,0.31161363636363637
江東区|牡丹3丁目,江東区,牡丹３丁目,1883.0,74270.57675738016,641,532.0,311.92,1.97,555.15,-0.49,True,0.8299531981279251,0.5863157894736842,1.97,0.8660686427457098,-0.49,False,0.4866146645865835
江東区|古石場1丁目,江東区,古石場１丁目,1505.0,41293.08445764115,390,363.0,203.86,1.58,318.16,-0.01,True,0.9307692307692308,0.5615977961432507,1.58,0.8157948717948719,-0.01,False,0.5227179487179487
江東区|古石場2丁目,江東区,古石場２丁目,2604.0,65124.04233073401,574,523.0,396.08,1.63,337.62,-0.35,True,0.9111498257839721,0.7573231357552581,1.63,0.5881881533101045,-0.35,False,0.6900348432055748
江東区|古石場3丁目,江東区,古石場３丁目,1420.0,44928.4818215335,380,337.0,261.24,1.9,257.94,-0.86,True,0.8868421052631579,0.775192878338279,1.9,0.6787894736842105,-0.86,False,0.6874736842105263
江東区|越中島1丁目,江東区,越中島１丁目,1676.0,122422.71500957201,1074,508.0,152.01,0.85,2228.36,0.32,True,0.4729981378026071,0.29923228346456693,0.85,2.0748230912476724,0.32,False,0.14153631284916202
江東区|越中島2丁目,江東区,越中島２丁目,1866.0,221884.5582895199,2057,663.0,198.87,0.89,3032.34,0.34,True,0.32231404958677684,0.2999547511312217,0.89,1.4741565386485174,0.34,False,0.0966796305298979
江東区|越中島3丁目,江東区,越中島３丁目,3081.0,219534.31877851122,2039,735.0,232.67000000000002,0.88,2048.29,-2.07,True,0.36047081902893574,0.31655782312925174,0.88,1.0045561549779303,-2.07,False,0.11410985777341835
江東区|塩浜1丁目,江東区,塩浜１丁目,6277.0,204333.19409189312,1921,912.0,191.04,0.65,3373.2599999999998,0.8,True,0.4747527329515877,0.2094736842105263,0.65,1.755991671004685,0.8,False,0.09944820406038521
江東区|塩浜2丁目,江東区,塩浜２丁目,12920.0,665394.6841460242,6316,2686.0,582.63,3.05,14594.96,-0.6,True,0.4252691576947435,0.21691362620997767,3.05,2.3107916402786572,-0.6,False,0.09224667511082964
江東区|枝川1丁目,江東区,枝川１丁目,4655.0,187793.75790263116,1723,1501.0,974.15,1.31,1254.14,-0.13,True,0.8711549622751016,0.6490006662225183,1.31,0.7278816018572258,-0.13,False,0.5653801508995937
江東区|枝川2丁目,江東区,枝川２丁目,2318.0,151263.1567416183,1369,1240.0,1172.25,1.6,472.65,-0.56,True,0.9057706355003652,0.9453629032258064,1.6,0.34525200876552226,-0.56,False,0.8562819576333089
江東区|枝川3丁目,江東区,枝川３丁目,2494.0,132637.47839810746,1272,1107.0,763.54,1.52,722.34,-0.39,True,0.8702830188679245,0.6897380307136405,1.52,0.5678773584905661,-0.39,False,0.6002672955974843
江東区|豊洲1丁目,江東区,豊洲１丁目,4198.0,112532.34018363041,1043,554.0,167.96,1.82,2793.33,0.86,True,0.5311601150527325,0.3031768953068592,1.82,2.67816874400767,0.86,False,0.16103547459252157
江東区|豊洲2丁目,江東区,豊洲２丁目,3605.0,241237.49217418508,2177,900.0,186.9,1.39,9206.36,-4.42,True,0.41341295360587965,0.20766666666666667,1.39,4.228920532843363,-4.42,False,0.08585209003215434
江東区|豊洲3丁目,江東区,豊洲３丁目,7850.0,288567.3229244321,2748,1248.0,303.07,0.88,6186.94,0.85,True,0.45414847161572053,0.24284455128205126,0.88,2.2514337700145557,0.85,False,0.11028748180494904
江東区|豊洲4丁目,江東区,豊洲４丁目,11050.0,238767.59263463144,2258,1437.0,520.55,0.99,3572.42,0.55,True,0.6364038972542073,0.3622477383437717,0.99,1.582116917626218,0.55,False,0.23053587245349869
江東区|豊洲5丁目,江東区,豊洲５丁目,8654.0,237317.11649157078,2243,1341.0,406.91,1.27,6867.09,-0.58,True,0.5978600089166295,0.3034377330350485,1.27,3.0615648684797145,-0.58,False,0.18141328577797594
江東区|豊洲6丁目,江東区,豊洲６丁目,5073.0,878445.9459048988,8287,0.0,0.0,0.0,43014.69,-2.63,True,0.0,,0.0,5.190622662000724,-2.63,False,
江東区|東雲1丁目,江東区,東雲１丁目,19791.0,445791.87805576465,4167,2087.0,913.43,1.3,7108.22,-0.03,True,0.5008399328053755,0.43767609008145664,1.3,1.7058363330933526,-0.03,False,0.21920566354691623
江東区|東雲2丁目,江東区,東雲２丁目,5727.0,697934.745821791,6582,2984.0,863.02,1.53,24744.38,0.23,True,0.4533576420540869,0.28921581769437,1.53,3.7594013977514433,0.23,False,0.13111820115466424
江東区|有明1丁目,江東区,有明１丁目,10975.0,736226.8662837504,6897,263.0,39.07,0.6,32501.51,0.06,True,0.038132521386109904,0.1485551330798479,0.6,4.712412643178193,0.06,False,0.0056647817891837034
江東区|有明2丁目,江東区,有明２丁目,2802.0,473810.72422283964,4524,812.0,145.37,1.19,20926.63,1.21,True,0.1794871794871795,0.17902709359605912,1.19,4.625691865605659,1.21,False,0.032133068081343946
江東区|有明3丁目,江東区,有明３丁目,1.0,1501665.4474466837,13974,1593.0,370.85,2.3,80365.67,0.4,True,0.11399742378703306,0.23279974890144384,2.3,5.751085587519679,0.4,False,0.02653857163303278
江東区|有明4丁目,江東区,有明４丁目,3.0,681371.493200021,6164,2778.0,217.22,0.46,24393.99,1.8,True,0.4506813757300454,0.07819294456443485,0.46,3.9574935107073332,1.8,False,0.03524010382868267
江東区|辰巳1丁目,江東区,辰巳１丁目,7952.0,473923.7954289838,4451,2536.0,763.7,1.32,14993.98,0.62,True,0.5697596045832397,0.3011435331230284,1.32,3.368676701864749,0.62,False,0.1715794203549764
江東区|辰巳2丁目,江東区,辰巳２丁目,1785.0,514979.23309764115,4858,1898.0,674.7,1.74,17358.0,0.82,True,0.3906957595718403,0.35547945205479453,1.74,3.573075339645945,0.82,False,0.13888431453272954
江東区|辰巳3丁目,江東区,辰巳３丁目,33.0,596034.9019161909,5250,2224.0,506.31,3.77,21811.42,0.75,True,0.4236190476190476,0.22765737410071943,3.77,4.15455619047619,0.75,False,0.09644
江東区|潮見1丁目,江東区,潮見１丁目,2613.0,214435.57363697284,2031,804.0,185.16,0.9,10003.7,-0.11,True,0.39586410635155095,0.23029850746268657,0.9,4.925504677498769,-0.11,False,0.09116691285081241
江東区|潮見2丁目,江東区,潮見２丁目,3465.0,290641.01130931394,2755,1439.0,423.04,0.8,9413.02,0.4,True,0.5223230490018149,0.2939819318971508,0.8,3.4167041742286752,0.4,False,0.15355353901996374
江東区|青海1丁目,江東区,青海１丁目,0.0,533029.3349793887,5089,356.0,108.31,0.89,32210.6,-2.94,True,0.06995480448025153,0.30424157303370786,0.89,6.3294556887404205,-2.94,False,0.0212831597563372
江東区|青海2丁目,江東区,青海２丁目,946.0,525615.6259508667,4929,256.0,43.31,0.4,35031.93,1.64,True,0.05193751268005681,0.1691796875,0.4,7.107309799147901,1.64,False,0.008786772164739299
江東区|青海3丁目,江東区,青海３丁目,0.0,825927.3898561586,7724,1985.0,443.33,0.94,38328.79,2.4,True,0.25699119627136197,0.22334005037783375,0.94,4.962298032107716,2.4,False,0.057396426721905744
江東区|青海4丁目,江東区,青海４丁目,0.0,602953.2595724745,5762,2195.0,361.82,1.0,26459.120000000003,1.43,True,0.38094411662617145,0.1648382687927107,1.0,4.592002776813607,1.43,False,0.06279416869142658
江東区|千石1丁目,江東区,千石１丁目,3009.0,145739.8614085397,1298,679.0,87.45,0.47,825.66,-0.72,True,0.5231124807395994,0.12879234167893963,0.47,0.6361016949152543,-0.72,False,0.06737288135593221
江東区|千石2丁目,江東区,千石２丁目,1831.0,105351.64845481986,987,574.0,268.93,1.55,-176.54,-1.86,True,0.5815602836879432,0.46851916376306624,1.55,-0.17886524822695035,-1.86,True,0.2724721377912867
江東区|千石3丁目,江東区,千石３丁目,2491.0,90177.15906303027,840,481.0,237.62,1.38,-234.72,-1.7,True,0.5726190476190476,0.494012474012474,1.38,-0.2794285714285714,-1.7,True,0.28288095238095234
江東区|石島,江東区,石島,1509.0,80334.87171412056,753,617.0,306.19,1.12,-386.61,-1.54,True,0.8193891102257637,0.49625607779578607,1.12,-0.5134262948207171,-1.54,True,0.4066268260292165
江東区|千田,江東区,千田,1936.0,80003.33364958291,765,731.0,526.74,1.74,-769.94,-2.08,True,0.9555555555555556,0.7205745554035567,1.74,-1.0064575163398695,-2.08,True,0.6885490196078432
江東区|海辺,江東区,海辺,2010.0,86822.42325964116,807,727.0,303.49,1.74,-507.62,-2.05,True,0.9008674101610905,0.41745529573590096,1.74,-0.6290210656753408,-2.05,True,0.37607187112763324
江東区|扇橋1丁目,江東区,扇橋１丁目,4296.0,95950.37145620142,818,445.0,60.86,0.81,317.98,-1.28,True,0.5440097799511002,0.13676404494382022,0.81,0.38872860635696826,-1.28,False,0.07440097799511002
江東区|扇橋2丁目,江東区,扇橋２丁目,2713.0,77115.18681318709,667,444.0,133.98,1.07,-82.73,-1.43,True,0.6656671664167916,0.3017567567567567,1.07,-0.12403298350824589,-1.43,True,0.20086956521739127
江東区|扇橋3丁目,江東区,扇橋３丁目,2938.0,93168.5526675328,812,470.0,84.08,0.71,32.230000000000004,-1.39,True,0.5788177339901478,0.1788936170212766,0.71,0.03969211822660099,-1.39,False,0.10354679802955666
江東区|猿江1丁目,江東区,猿江１丁目,3434.0,114759.09947532848,960,636.0,151.09,0.59,603.99,0.0,True,0.6625,0.237562893081761,0.59,0.62915625,0.0,False,0.15738541666666667
江東区|猿江2丁目,江東区,猿江２丁目,3005.0,179462.4142888911,1468,791.0,188.42,0.77,1056.9,0.0,True,0.5388283378746594,0.238204804045512,0.77,0.7199591280653952,0.0,False,0.12835149863760217
江東区|住吉1丁目,江東区,住吉１丁目,2598.0,91431.73087061278,850,668.0,255.86,0.88,247.9,0.0,True,0.7858823529411765,0.3830239520958084,0.88,0.2916470588235294,0.0,False,0.30101176470588237
江東区|住吉2丁目,江東区,住吉２丁目,2452.0,151336.25900138266,1410,1061.0,389.1,0.89,613.23,0.0,True,0.7524822695035461,0.3667295004712536,0.89,0.4349148936170213,0.0,False,0.2759574468085107
江東区|毛利1丁目,江東区,毛利１丁目,2570.0,87954.5660532578,845,690.0,232.47,0.84,182.96,0.0,True,0.8165680473372781,0.33691304347826084,0.84,0.21652071005917162,0.0,False,0.2751124260355029
江東区|毛利2丁目,江東区,毛利２丁目,979.0,171743.35590600545,1547,548.0,177.98,0.82,1419.32,0.0,True,0.35423400129282484,0.3247810218978102,0.82,0.9174660633484163,0.0,False,0.11504848093083388
江東区|木場1丁目,江東区,木場１丁目,161.0,126455.50629543266,1124,613.0,174.21,1.01,1299.77,-0.15,True,0.5453736654804271,0.2841924959216966,1.01,1.156379003558719,-0.15,False,0.154991103202847
江東区|木場2丁目,江東区,木場２丁目,2076.0,131897.18114128496,1175,666.0,224.96,1.59,1284.56,-1.28,True,0.5668085106382978,0.3377777777777778,1.59,1.0932425531914893,-1.28,False,0.19145531914893615
江東区|木場3丁目,江東区,木場３丁目,4151.0,128160.20423267338,1115,729.0,215.77,0.98,1114.1,-0.82,True,0.6538116591928251,0.29598079561042523,0.98,0.9991928251121075,-0.82,False,0.19351569506726457
江東区|木場4丁目,江東区,木場４丁目,0.0,126374.01365156879,1160,185.0,53.54,0.55,2506.82,0.33,True,0.15948275862068967,0.2894054054054054,0.55,2.161051724137931,0.33,False,0.046155172413793105
江東区|木場5丁目,江東区,木場５丁目,1897.0,114791.81456214978,1063,445.0,110.07000000000001,0.87,1103.43,-0.37,True,0.41862652869238004,0.2473483146067416,0.87,1.0380338664158044,-0.37,False,0.10354656632173095
江東区|木場6丁目,江東区,木場６丁目,3108.0,117676.15562745565,1099,671.0,148.23,1.01,588.35,-0.51,True,0.6105550500454959,0.2209090909090909,1.01,0.5353503184713376,-0.51,False,0.13487716105550498
江東区|東陽1丁目,江東区,東陽１丁目,4930.0,176072.25892665522,1655,1150.0,404.78000000000003,1.06,-413.04,-1.27,True,0.6948640483383686,0.3519826086956522,1.06,-0.249570996978852,-1.27,True,0.2445800604229607
江東区|東陽2丁目,江東区,東陽２丁目,6260.0,217911.1751516711,2076,979.0,319.05,1.18,3826.04,-0.08,True,0.47157996146435455,0.32589376915219614,1.18,1.8429865125240847,-0.08,False,0.15368497109826593
江東区|東陽3丁目,江東区,東陽３丁目,3445.0,149755.84424594286,1392,1094.0,477.9,1.29,-398.15,-1.49,True,0.7859195402298851,0.43683729433272395,1.29,-0.2860272988505747,-1.49,True,0.3433189655172414
江東区|東陽4丁目,江東区,東陽４丁目,3807.0,172099.364617493,1641,1209.0,764.26,1.62,-1158.32,-1.95,True,0.7367458866544789,0.6321422663358147,1.62,-0.7058622790981108,-1.95,True,0.46572821450335156
江東区|東陽5丁目,江東区,東陽５丁目,4539.0,193534.00604084294,1770,1167.0,451.43,1.57,-437.25,-1.87,True,0.6593220338983051,0.38682947729220224,1.57,-0.24703389830508474,-1.87,True,0.255045197740113
江東区|東陽6丁目,江東区,東陽６丁目,1990.0,139810.1660751127,1263,312.0,30.21,0.61,1854.97,-0.59,True,0.24703087885985747,0.09682692307692307,0.61,1.468701504354711,-0.59,False,0.02391923990498812
江東区|東陽7丁目,江東区,東陽７丁目,1566.0,86002.66362702694,765,296.0,46.07,0.68,196.66,-0.98,True,0.3869281045751634,0.1556418918918919,0.68,0.2570718954248366,-0.98,False,0.060222222222222226
江東区|亀戸1丁目,江東区,亀戸１丁目,5709.0,231622.92672484452,2151,1325.0,228.27,0.98,344.49,-1.51,True,0.6159925615992562,0.17227924528301888,0.98,0.1601534170153417,-1.51,False,0.10612273361227338
江東区|亀戸2丁目,江東区,亀戸２丁目,7525.0,280802.19286782376,2601,1596.0,343.24,1.93,-474.92,-2.01,True,0.6136101499423299,0.215062656641604,1.93,-0.1825913110342176,-2.01,True,0.13196462898885045
江東区|亀戸3丁目,江東区,亀戸３丁目,8247.0,339403.9478370605,3064,2421.0,755.46,0.83,-1008.77,-1.29,True,0.7901436031331592,0.3120446096654275,0.83,-0.32923302872062665,-1.29,True,0.24656005221932115
江東区|亀戸4丁目,江東区,亀戸４丁目,4801.0,222371.56380700978,2097,1546.0,433.07,1.25,-1508.88,-2.12,True,0.73724368144969,0.2801228978007762,1.25,-0.7195422031473534,-2.12,True,0.2065188364329995
江東区|亀戸5丁目,江東区,亀戸５丁目,5914.0,237335.07999748515,2271,1869.0,670.53,1.02,-2179.55,-2.33,True,0.8229854689564069,0.3587640449438202,1.02,-0.9597313958608543,-2.33,True,0.2952575957727873
江東区|亀戸6丁目,江東区,亀戸６丁目,8814.0,267317.5446674628,2552,1753.0,621.42,1.24,-2363.0,-2.87,True,0.6869122257053292,0.35448944666286364,1.24,-0.9259404388714734,-2.87,True,0.24350313479623822
江東区|亀戸7丁目,江東区,亀戸７丁目,10286.0,320457.2821515779,3063,2568.0,1854.27,1.57,-5969.19,-6.23,True,0.8383937316356513,0.7220677570093458,1.57,-1.9488050930460332,-6.23,True,0.6053770812928502
江東区|亀戸8丁目,江東区,亀戸８丁目,2401.0,190779.4026718738,1691,948.0,660.91,1.8,-1779.47,-3.31,True,0.560615020697812,0.697162447257384,1.8,-1.0523181549379066,-3.31,True,0.39083973979893555
江東区|亀戸9丁目,江東区,亀戸９丁目,10800.0,427343.9537242885,3736,2171.0,1267.6200000000001,1.39,-4871.15,-3.02,True,0.5811027837259101,0.5838876093965915,1.39,-1.3038410064239827,-3.02,True,0.33929871520342614
江東区|大島1丁目,江東区,大島１丁目,7685.0,248450.52624137478,2184,1046.0,171.15,1.02,-383.14,-1.67,True,0.47893772893772896,0.16362332695984705,1.02,-0.17543040293040293,-1.67,True,0.07836538461538463
江東区|大島2丁目,江東区,大島２丁目,6556.0,263934.78859397175,2429,1750.0,362.88,0.69,-315.8,-1.6,True,0.7204610951008645,0.20736,0.69,-0.1300123507616303,-1.6,True,0.14939481268011526
江東区|大島3丁目,江東区,大島３丁目,5873.0,250402.3483869032,2392,1527.0,468.92,0.98,-2830.65,-2.55,True,0.6383779264214047,0.30708578912901113,0.98,-1.1833821070234114,-2.55,True,0.19603678929765886
江東区|大島4丁目,江東区,大島４丁目,8097.0,235301.1118465539,2164,1373.0,557.2,1.13,-2606.98,-2.69,True,0.6344731977818854,0.4058266569555718,1.13,-1.2047042513863215,-2.69,True,0.25748613678373383
江東区|大島5丁目,江東区,大島５丁目,6872.0,225506.7041046958,2071,1803.0,1449.11,1.5,-4521.72,-3.11,True,0.870593915982617,0.8037215751525235,1.5,-2.1833510381458234,-3.11,True,0.6997151134717526
江東区|大島6丁目,江東区,大島６丁目,9806.0,248640.05137174888,2374,1963.0,962.2,2.86,-4201.5,-4.74,True,0.8268744734625105,0.49016811003565974,2.86,-1.7697978096040439,-4.74,True,0.40530749789385007
江東区|大島7丁目,江東区,大島７丁目,8219.0,250064.66050347305,2392,2151.0,1196.79,1.59,-4800.96,-2.96,True,0.899247491638796,0.5563877266387727,1.59,-2.0070903010033443,-2.96,True,0.5003302675585285
江東区|大島8丁目,江東区,大島８丁目,8294.0,272590.4791172615,2528,1977.0,940.76,1.22,-5038.35,-2.96,True,0.7820411392405063,0.47585230146686897,1.22,-1.9930181962025317,-2.96,True,0.3721360759493671
江東区|大島9丁目,江東区,大島９丁目,3172.0,278422.3380588523,2244,695.0,247.05,0.97,1512.39,-2.69,True,0.30971479500891264,0.3554676258992806,0.97,0.6739705882352942,-2.69,False,0.11009358288770053
江東区|北砂1丁目,江東区,北砂１丁目,5064.0,195436.45671182562,1762,963.0,359.84,3.53,-1129.35,-5.14,True,0.5465380249716232,0.3736656282450675,3.53,-0.6409477866061294,-5.14,True,0.20422247446083996
江東区|北砂2丁目,江東区,北砂２丁目,2896.0,194981.84091999783,1834,693.0,244.92,3.65,-1117.56,-5.23,True,0.37786259541984735,0.3534199134199134,3.65,-0.6093565976008724,-5.23,True,0.13354416575790623
江東区|北砂3丁目,江東区,北砂３丁目,8213.0,221267.47275950562,2062,1659.0,543.77,1.0,-3256.91,-2.63,True,0.8045586808923375,0.3277697408077155,1.0,-1.5794907856450047,-2.63,True,0.26370999030067893
江東区|北砂4丁目,江東区,北砂４丁目,5581.0,215174.81918110445,2058,2018.0,1752.16,1.58,-5151.36,-3.35,True,0.9805636540330418,0.8682656095143707,1.58,-2.503090379008746,-3.35,True,0.8513896987366376
江東区|北砂5丁目,江東区,北砂５丁目,9961.0,289399.7641949461,2719,1713.0,1096.14,1.67,-5010.64,-3.42,True,0.6300110334681869,0.6398949211908932,1.67,-1.8428245678558295,-3.42,True,0.4031408606105186
江東区|北砂6丁目,江東区,北砂６丁目,3845.0,195721.27663148954,1830,1209.0,883.72,1.76,-3450.79,-3.52,True,0.660655737704918,0.7309511993382961,1.76,-1.8856775956284153,-3.52,True,0.48290710382513663
江東区|北砂7丁目,江東区,北砂７丁目,3181.0,138870.89682529285,1313,998.0,770.6,1.51,-2646.89,-3.27,True,0.7600913937547601,0.7721442885771543,1.51,-2.0159101294744857,-3.27,True,0.5869002284843869
江東区|東砂1丁目,江東区,東砂１丁目,4777.0,119848.30822338603,1102,695.0,338.86,1.29,-1682.15,-3.01,True,0.6306715063520871,0.48756834532374105,1.29,-1.5264519056261343,-3.01,True,0.30749546279491835
江東区|東砂2丁目,江東区,東砂２丁目,4815.0,221325.7429879417,1862,1044.0,584.96,1.36,-2638.61,-3.08,True,0.560687432867884,0.5603065134099617,1.36,-1.4170837808807735,-3.08,True,0.3141568206229861
江東区|東砂3丁目,江東区,東砂３丁目,6138.0,338319.024486211,2004,1829.0,1523.55,1.64,-4480.72,-3.29,True,0.9126746506986028,0.8329961727720065,1.64,-2.2358882235528945,-3.29,True,0.760254491017964
江東区|東砂4丁目,江東区,東砂４丁目,3764.0,127409.1453249413,1207,907.0,632.3,1.36,-2253.1,-3.08,True,0.7514498757249378,0.6971334068357221,1.36,-1.8666942833471416,-3.08,True,0.5238608119304059
江東区|東砂5丁目,江東区,東砂５丁目,2325.0,203776.36688981418,965,863.0,501.98,1.36,-1926.93,-3.08,True,0.894300518134715,0.5816685979142526,1.36,-1.996818652849741,-3.08,True,0.5201865284974093
江東区|東砂6丁目,江東区,東砂６丁目,2931.0,320934.1736178301,1346,1007.0,305.33,1.65,-2561.13,-3.93,True,0.7481426448736999,0.3032075471698113,1.65,-1.9027711738484399,-3.93,True,0.22684249628528974
江東区|東砂7丁目,江東区,東砂７丁目,6824.0,228961.25126108903,2187,1031.0,194.88,0.93,-2313.66,-2.6,True,0.47142203932327387,0.1890203685741998,0.93,-1.057914951989026,-2.6,True,0.08910836762688613
江東区|東砂8丁目,江東区,東砂８丁目,5589.0,274910.3753487671,1518,1228.0,419.24,0.88,-3480.54,-3.26,True,0.8089591567852438,0.34140065146579807,0.88,-2.2928458498023714,-3.26,True,0.2761791831357049
江東区|南砂1丁目,江東区,南砂１丁目,6964.0,236586.32942921185,2141,1204.0,308.77,3.65,-1873.38,-5.01,True,0.5623540401681457,0.25645348837209303,3.65,-0.8750023353573098,-5.01,True,0.1442176553012611
江東区|南砂2丁目,江東区,南砂２丁目,14836.0,439208.83649274055,4180,2174.0,700.0600000000001,1.43,-2311.39,-2.32,True,0.5200956937799043,0.32201471941122356,1.43,-0.5529641148325358,-2.32,True,0.16747846889952153
江東区|南砂3丁目,江東区,南砂３丁目,3716.0,262210.14749871066,2502,1520.0,384.7,1.68,-2213.14,-3.38,True,0.6075139888089528,0.2530921052631579,1.68,-0.8845483613109512,-3.38,True,0.1537569944044764
江東区|南砂4丁目,江東区,南砂４丁目,4027.0,130868.37010308438,1242,1073.0,761.18,1.46,-2580.65,-3.14,True,0.8639291465378421,0.7093942218080148,1.46,-2.077818035426731,-3.14,True,0.612866344605475
江東区|南砂5丁目,江東区,南砂５丁目,4646.0,210677.99118753016,1960,1139.0,796.32,1.54,-3187.22,-3.33,True,0.5811224489795919,0.6991395961369623,1.54,-1.6261326530612243,-3.33,True,0.40628571428571436
江東区|南砂6丁目,江東区,南砂６丁目,2985.0,134981.85140000403,1288,694.0,336.25,1.16,-2047.2,-2.87,True,0.5388198757763976,0.4845100864553314,1.16,-1.5894409937888199,-2.87,True,0.2610636645962733
江東区|南砂7丁目,江東区,南砂７丁目,3545.0,136772.16898391585,1308,822.0,250.53,0.9,-2206.77,-2.68,True,0.6284403669724771,0.3047810218978102,0.9,-1.6871330275229357,-2.68,True,0.19153669724770642
江東区|新砂1丁目,江東区,新砂１丁目,812.0,530709.790876771,5061,1459.0,399.98,1.13,11169.14,0.04,True,0.28828294803398535,0.27414667580534613,1.13,2.2069037739577158,0.04,False,0.07903181189488243
江東区|新砂2丁目,江東区,新砂２丁目,447.0,495276.3060094653,4701,197.0,26.91,0.5,11821.54,-2.48,True,0.04190597745160604,0.13659898477157362,0.5,2.5146862369708574,-2.48,False,0.005724313975749841
江東区|新砂3丁目,江東区,新砂３丁目,4352.0,2331417.7799308277,14864,1197.0,168.1,0.75,49721.85,-1.13,True,0.08053013993541443,0.1404344193817878,0.75,3.3451190796555434,-1.13,False,0.011309203444564047
江東区|新木場1丁目,江東区,新木場１丁目,12.0,673966.8237190722,6346,3935.0,1230.41,1.65,28568.71,1.7,True,0.6200756381972896,0.3126836086404066,1.65,4.501845256854711,1.7,False,0.19388748818153168
江東区|新木場2丁目,江東区,新木場２丁目,5.0,527300.1819075946,4556,1810.0,437.69,0.78,19339.96,1.24,True,0.39727831431079896,0.24181767955801106,0.78,4.244942932396839,1.24,False,0.09606892010535559
江東区|新木場3丁目,江東区,新木場３丁目,23.0,356497.6088732866,3059,1243.0,194.63,0.56,11874.06,0.19,True,0.4063419418110494,0.15658085277554304,0.56,3.881680287675711,0.19,False,0.0636253677672442
江東区|新木場4丁目,江東区,新木場４丁目,6.0,573264.1055561258,4953,1885.0,534.15,1.41,25415.0,1.33,True,0.3805774278215223,0.28336870026525196,1.41,5.131233595800525,1.33,False,0.10784373107207752
江東区|夢の島1丁目,江東区,夢の島１丁目,0.0,252426.55586970365,2312,286.0,111.67,4.42,17872.41,1.28,True,0.12370242214532871,0.39045454545454544,4.42,7.730281141868512,1.28,False,0.04830017301038062
江東区|夢の島2丁目,江東区,夢の島２丁目,0.0,339928.3637434283,3034,535.0,207.47,4.12,23529.4,0.79,True,0.17633487145682267,0.3877943925233645,4.12,7.755240606460119,0.79,False,0.06838167435728411
江東区|夢の島3丁目,江東区,夢の島３丁目,0.0,298871.1853786392,2634,202.0,62.34,0.74,17310.22,1.5,True,0.07668944570994685,0.3086138613861386,0.74,6.571837509491268,1.5,False,0.023667425968109338
江東区|若洲1丁目,江東区,若洲１丁目,0.0,528953.8941076455,4868,2923.0,499.95,0.79,20708.01,2.03,True,0.6004519309778144,0.17104002736914128,0.79,4.253905094494659,2.03,False,0.1027013147082991
江東区|若洲2丁目,江東区,若洲２丁目,2.0,437902.84488829307,3830,1673.0,384.54,0.56,21871.8,2.29,True,0.43681462140992167,0.22985056784219965,0.56,5.71065274151436,2.29,False,0.10040208877284595
江東区|若洲3丁目,江東区,若洲３丁目,0.0,937456.0822621086,7983,920.0,268.0,0.76,83317.92,2.16,True,0.11524489540273081,0.29130434782608694,0.76,10.436918451709884,2.16,False,0.0335713390955781
品川区|北品川1丁目,品川区,北品川１丁目,3353.0,170036.84946643797,1643,1296.0,223.70499984999998,2.06200004,7682.534,1.5,True,0.7888009738283628,0.17261188260030863,2.06200004,4.67591844187462,1.5,False,0.1361564210894705
品川区|北品川2丁目,品川区,北品川２丁目,3428.0,143263.06906172022,1326,1013.0,602.78900026,1.962,5163.214,1.575,True,0.7639517345399698,0.5950533072655478,1.962,3.8938265460030164,1.575,False,0.4545920062292609
品川区|北品川3丁目,品川区,北品川３丁目,3688.0,175134.98239918667,1632,975.0,493.36900005,4.124,12673.447,0.66,True,0.5974264705882353,0.5060194872307693,4.124,7.765592524509804,0.66,False,0.30230943630514706
品川区|北品川4丁目,品川区,北品川４丁目,1586.0,204265.6197163884,1932,1105.0,569.69499938,4.484,23809.933,0.3,True,0.5719461697722568,0.5155610854117647,4.484,12.323981884057972,0.3,False,0.29487318808488616
品川区|北品川5丁目,品川区,北品川５丁目,7060.0,214270.3759440081,2064,1502.0,1817.629,3.981,21516.967,1.942,True,0.7277131782945736,1.2101391478029293,3.981,10.4248871124031,1.942,False,0.8806342054263564
品川区|北品川6丁目,品川区,北品川６丁目,862.0,87749.88772483966,856,456.0,55.4480004,1.87800002,15927.968,5.815,True,0.5327102803738317,0.12159649210526316,1.87800002,18.607439252336448,5.815,False,0.06477570140186915
品川区|東品川1丁目,品川区,東品川１丁目,4730.0,213301.22838900262,2005,1700.0,824.62900006,1.443,4927.276999909,0.0,True,0.8478802992518704,0.4850758823882353,1.443,2.4574947630468826,0.0,False,0.411286284319202
品川区|東品川2丁目,品川区,東品川２丁目,1746.0,213465.7688096199,2060,1031.0,198.35600037,0.63200003,6992.644994831,0.0,True,0.5004854368932039,0.19239185292919497,0.63200003,3.3944878615684466,0.0,False,0.09628932056796118
品川区|東品川3丁目,品川区,東品川３丁目,10165.0,379180.35936471,3588,3026.0,1642.34999999,1.516,8784.942000002,0.0,True,0.8433667781493869,0.5427461996001322,1.516,2.448423076923634,0.0,False,0.4577341137095875
品川区|東品川4丁目,品川区,東品川４丁目,8504.0,238941.89831390214,2325,1361.0,490.92599988,1.395,6029.651,1.333,True,0.5853763440860215,0.3607097721381337,1.395,2.593398279569892,1.333,False,0.21115096769032254
品川区|東品川5丁目,品川区,東品川５丁目,1380.0,407304.5648347248,3877,3532.0,445.48099957,1.32700002,15022.461863969,0.0,True,0.9110136703636833,0.12612712332106454,1.32700002,3.8747644735540367,0.0,False,0.11490353354913593
品川区|南品川1丁目,品川区,南品川１丁目,1520.0,87445.98228075843,780,557.0,236.46799977,2.364,2983.675,1.645,True,0.7141025641025641,0.4245385992280072,2.364,3.825224358974359,1.645,False,0.3031641022692308
品川区|南品川2丁目,品川区,南品川２丁目,2126.0,139184.40071100421,1325,900.0,175.80700028,0.719,5496.716,2.255,True,0.6792452830188679,0.19534111142222224,0.719,4.1484649056603775,2.255,False,0.13268452851320756
品川区|南品川3丁目,品川区,南品川３丁目,2115.0,89273.69033129043,873,509.0,81.27800058,0.684,3116.78,2.13,True,0.5830469644902635,0.15968173001964636,0.684,3.5701947308132875,2.13,False,0.09310194797250859
品川区|南品川4丁目,品川区,南品川４丁目,4513.0,183536.38416889726,1698,1535.0,1034.23300009,2.647,6796.715,1.7,True,0.9040047114252061,0.6737674267687296,2.647,4.00277679623086,1.7,False,0.609088928203769
品川区|南品川5丁目,品川区,南品川５丁目,6191.0,192770.00445034934,1872,1338.0,119.49499944,0.89399999,16158.541,3.165,True,0.7147435897435898,0.08930866923766816,0.89399999,8.631699252136752,3.165,False,0.06383279884615384
品川区|南品川6丁目,品川区,南品川６丁目,3346.0,130896.33942858114,1271,822.0,71.30899957,0.85399997,14753.528,4.54,True,0.6467348544453186,0.08675060774939172,0.85399997,11.607811172305272,4.54,False,0.056104641675845786
品川区|西品川1丁目,品川区,西品川１丁目,4348.0,216487.67338774932,2093,1383.0,482.48300041,2.2650001,23984.995,5.027,True,0.6607740086000956,0.34886695618944324,2.2650001,11.459624940277113,5.027,False,0.23052221710941234
品川区|西品川2丁目,品川区,西品川２丁目,4164.0,141684.57833734935,1358,1297.0,905.05100311,3.46399999,17936.742,7.71,True,0.9550810014727541,0.697803394841943,3.46399999,13.20820471281296,7.71,False,0.6664587651767305
品川区|西品川3丁目,品川区,西品川３丁目,2955.0,134638.1357918263,1284,989.0,35.94299999,0.684,23419.098,4.885,True,0.7702492211838006,0.036342770465116275,0.684,18.239172897196262,4.885,False,0.02799299064641744
品川区|広町1丁目,品川区,広町１丁目,55.0,149773.78605706128,1415,1303.0,953.29399947,2.643,7025.589,2.205,True,0.9208480565371024,0.731614734819647,2.643,4.965080565371025,2.205,False,0.6737060066925795
品川区|広町2丁目,品川区,広町２丁目,0.0,284259.346027739,2859,2077.0,546.09900019,3.761,21916.283,2.45,True,0.726477789436866,0.2629268176167549,3.761,7.665716334382651,2.45,False,0.19101049324589014
品川区|上大崎1丁目,品川区,上大崎１丁目,3579.0,177372.1515371041,1704,784.0,55.78500007,1.45700002,39845.994,10.98,True,0.460093896713615,0.07115433682397959,1.45700002,23.383799295774647,10.98,False,0.03273767609741784
品川区|上大崎2丁目,品川区,上大崎２丁目,4011.0,258506.0640716437,2469,1408.0,175.19599991,1.824,67648.549,14.3,True,0.5702713649250709,0.12442897720880683,1.824,27.399169299311463,14.3,False,0.07095828266909682
品川区|上大崎3丁目,品川区,上大崎３丁目,4415.0,195374.1400889654,1903,922.0,118.7099996,1.24199998,44240.477,6.717,True,0.4844981607987388,0.12875271106290673,1.24199998,23.24775459800315,6.717,False,0.06238045170782974
品川区|上大崎4丁目,品川区,上大崎４丁目,1423.0,77918.9304087868,736,475.0,127.14300001,3.242,18293.97,3.32,True,0.6453804347826086,0.2676694737052632,3.242,24.855937500000003,3.32,False,0.17274864131793477
品川区|東五反田1丁目,品川区,東五反田１丁目,2671.0,115011.61905648402,1103,995.0,1502.08999994,4.785,7889.193,2.915,True,0.9020852221214869,1.5096381908944725,4.785,7.152486854034452,2.915,False,1.3618223027561198
品川区|東五反田2丁目,品川区,東五反田２丁目,4588.0,167067.50682536679,1520,1488.0,3167.338,4.231,5868.966,2.2,True,0.9789473684210527,2.128587365591398,4.231,3.8611618421052634,2.2,False,2.083775
品川区|東五反田3丁目,品川区,東五反田３丁目,2386.0,154448.5514661896,1475,778.0,155.22900019,1.83800006,27599.784,4.185,True,0.5274576271186441,0.19952313649100256,1.83800006,18.711717966101695,4.185,False,0.10524000012881356
品川区|東五反田4丁目,品川区,東五反田４丁目,2412.0,96850.59407465393,939,752.0,132.53700088,1.54999995,15992.039,7.815,True,0.8008519701810437,0.17624601180851063,1.54999995,17.03092545260916,7.815,False,0.14114696579339722
品川区|東五反田5丁目,品川区,東五反田５丁目,3616.0,282594.9332919759,2732,1437.0,444.14300004,4.402,50288.086,2.98,True,0.5259882869692533,0.30907654839248433,4.402,18.407059297218158,2.98,False,0.16257064423133233
品川区|西五反田1丁目,品川区,西五反田１丁目,715.0,76275.59731703547,662,662.0,1592.56699992,3.823,2510.245,2.085,True,1.0,2.405690332205438,3.823,3.7919108761329303,2.085,False,2.405690332205438
品川区|西五反田2丁目,品川区,西五反田２丁目,2517.0,134888.56813090705,1206,1181.0,2841.98500009,5.063,4571.252,1.39,True,0.9792703150912107,2.406422523361558,5.063,3.790424543946932,1.39,False,2.356538142694859
品川区|西五反田3丁目,品川区,西五反田３丁目,7094.0,176217.0029945726,1572,1306.0,2426.17299975,3.942,11569.891,2.695,True,0.8307888040712468,1.8577128635145483,3.942,7.35998155216285,2.695,False,1.543367048187023
品川区|西五反田4丁目,品川区,西五反田４丁目,4597.0,169933.56332855785,1657,1337.0,338.06099981,2.458,24543.43,4.08,True,0.8068799034399518,0.25285041122662677,2.458,14.811967410983705,4.08,False,0.2040199153952927
品川区|西五反田5丁目,品川区,西五反田５丁目,4962.0,199093.82703137558,1914,1510.0,574.33399942,2.593,29626.762,3.848,True,0.7889237199582028,0.38035364200000005,2.593,15.478977011494253,3.848,False,0.30007001014629053
品川区|西五反田6丁目,品川区,西五反田６丁目,3218.0,118703.90501504234,1156,853.0,57.41499984000001,0.838,20248.927,6.777,True,0.7378892733564014,0.06730949570926144,0.838,17.51637283737024,6.777,False,0.04966695487889274
品川区|西五反田7丁目,品川区,西五反田７丁目,1144.0,120276.67343708524,1160,951.0,461.69600013,2.558,11674.359,3.88,True,0.8198275862068966,0.48548475302839117,2.558,10.064102586206896,3.88,False,0.3980137932155172
品川区|西五反田8丁目,品川区,西五反田８丁目,2650.0,74223.28966332429,721,623.0,136.70799972,1.812,8818.652,4.558,True,0.8640776699029126,0.2194349915248796,1.812,12.231140083217753,4.558,False,0.18960887617198333
品川区|大崎1丁目,品川区,大崎１丁目,2592.0,264012.3554502657,2423,2372.0,4109.91800007,3.868,9697.592,2.22,True,0.9789517127527858,1.7326804384780774,3.868,4.00230788278993,2.22,False,1.6962104829013618
品川区|大崎2丁目,品川区,大崎２丁目,4079.0,138100.59004417105,1318,1007.0,363.47700024,4.392,12995.468,2.38,True,0.7640364188163885,0.36095034780536245,4.392,9.859990895295903,2.38,False,0.275779211107739
品川区|大崎3丁目,品川区,大崎３丁目,2891.0,139049.29559568994,1348,765.0,146.64400007,1.413,20781.406,4.762,True,0.5675074183976261,0.19169150335947713,1.413,15.416473293768545,4.762,False,0.10878635020029673
品川区|大崎4丁目,品川区,大崎４丁目,2679.0,129999.90565697319,1266,1078.0,133.87800006999998,1.579,22409.899,4.727,True,0.8515007898894155,0.1241910946846011,1.579,17.701342022116904,4.727,False,0.10574881522116902
品川区|大崎5丁目,品川区,大崎５丁目,2356.0,58898.39248227516,561,549.0,903.3670000000001,3.829,2527.627,2.385,True,0.9786096256684492,1.6454772313296906,3.829,4.505573975044563,2.385,False,1.6102798573975048
品川区|東大井1丁目,品川区,東大井１丁目,6336.0,318603.31047870667,3047,1455.0,405.00699989,0.92,8409.081,1.38,True,0.4775188710206761,0.2783553263848797,0.92,2.7597902855267478,1.38,False,0.13291992119789955
品川区|東大井2丁目,品川区,東大井２丁目,4370.0,179098.20467549813,1722,1618.0,886.07700005,1.86600006,4504.519,1.1,True,0.9396051103368177,0.5476372064585909,1.86600006,2.615864692218351,1.1,False,0.5145627177990709
品川区|東大井3丁目,品川区,東大井３丁目,4913.0,178618.80049728695,1707,1327.0,520.79599987,1.669,12765.607,1.945,True,0.7773872290568249,0.3924611905576488,1.669,7.478387229056825,1.945,False,0.30509431743995313
品川区|東大井4丁目,品川区,東大井４丁目,2528.0,101718.59385466206,975,366.0,20.46199997,0.541,12620.211,2.877,True,0.37538461538461537,0.0559071037431694,0.541,12.943806153846154,2.877,False,0.020986666635897436
品川区|東大井5丁目,品川区,東大井５丁目,4132.0,126727.79712849874,1211,372.0,16.91399993,0.43700001,17283.907,8.532,True,0.30718414533443433,0.04546774174731182,0.43700001,14.272425268373244,8.532,False,0.013966969388934762
品川区|東大井6丁目,品川区,東大井６丁目,1578.0,91205.91960851545,866,594.0,147.30199938,2.26699996,7478.633,2.415,True,0.6859122401847575,0.24798316393939396,2.26699996,8.635834872979215,2.415,False,0.1700946875057737
品川区|南大井1丁目,品川区,南大井１丁目,3705.0,125646.15510711486,1204,1151.0,767.16600019,1.86600006,3012.192,1.213,True,0.9559800664451827,0.6665212860034753,1.86600006,2.5018205980066446,1.213,False,0.637181063280731
品川区|南大井2丁目,品川区,南大井２丁目,4012.0,84625.83350781293,799,757.0,577.93300003,1.504,1865.117,1.525,True,0.9474342928660826,0.7634517833949802,1.504,2.334314142678348,1.525,False,0.7233204005381727
品川区|南大井3丁目,品川区,南大井３丁目,6363.0,159329.9413303528,1526,1526.0,1286.76599994,1.382,3307.001,1.65,True,1.0,0.8432280471428572,1.382,2.1671041939711664,1.65,False,0.8432280471428572
品川区|南大井4丁目,品川区,南大井４丁目,3622.0,127902.29240763166,1244,1165.0,722.91699992,3.589,3454.661,1.29,True,0.9364951768488746,0.6205296136652361,3.589,2.7770586816720257,1.29,False,0.5811229902893891
品川区|南大井5丁目,品川区,南大井５丁目,5347.0,148496.96525144752,1450,1325.0,378.51899953,3.091,5765.398,2.015,True,0.9137931034482759,0.2856747166264151,3.091,3.976136551724138,2.015,False,0.2610475858827586
品川区|南大井6丁目,品川区,南大井６丁目,4921.0,197096.29265135454,1954,1687.0,737.08100091,1.197,5483.919,1.835,True,0.8633572159672467,0.4369181985240071,1.197,2.806509211873081,1.835,False,0.37721647948311154
品川区|勝島1丁目,品川区,勝島１丁目,5644.0,299089.4606426047,2890,1732.0,541.27499973,0.91000003,8657.234,0.0,True,0.5993079584775086,0.31251443402424944,0.91000003,2.995582698961938,0.0,False,0.18729238744982699
品川区|勝島2丁目,品川区,勝島２丁目,155.0,448979.9739447056,4279,1147.0,274.45000107,0.91000003,12863.073,0.0,True,0.268053283477448,0.23927637408020924,0.91000003,3.006093246085534,0.0,False,0.06413881773077822
品川区|勝島3丁目,品川区,勝島３丁目,0.0,128646.7997004356,1139,321.0,274.55299887,2.38899994,4973.94,0.55,True,0.28182616330114135,0.8553052924299066,2.38899994,4.3669359086918345,0.55,False,0.2410474090166813
品川区|大井1丁目,品川区,大井１丁目,5559.0,181949.62256926406,1788,999.0,53.28699987,0.55299997,23299.263,8.285,True,0.5587248322147651,0.05334034021021021,0.55299997,13.030907718120805,8.285,False,0.029802572634228187
品川区|大井2丁目,品川区,大井２丁目,2764.0,101380.63814425001,966,494.0,63.5069995,0.71399999,15315.962,12.022,True,0.5113871635610766,0.12855667914979757,0.71399999,15.855033126293995,12.022,False,0.06574223550724638
品川区|大井3丁目,品川区,大井３丁目,4860.0,149812.28530497628,1436,902.0,30.87500007,0.20100001,25915.051,16.045,True,0.628133704735376,0.03422949009977827,0.20100001,18.046692896935934,16.045,False,0.0215006964275766
品川区|大井4丁目,品川区,大井４丁目,4545.0,181809.1874229552,1790,798.0,27.598,0.377,25623.718,5.61,True,0.44581005586592176,0.03458395989974937,0.377,14.31492625698324,5.61,False,0.015417877094972065
品川区|大井5丁目,品川区,大井５丁目,4144.0,159187.95243028042,1570,846.0,40.1310002,0.22499999,27376.011,14.115,True,0.5388535031847134,0.04743617044917258,0.22499999,17.436949681528663,14.115,False,0.025561146624203824
品川区|大井6丁目,品川区,大井６丁目,2924.0,162261.53410350415,1613,1047.0,45.66399976,0.95099998,19381.175,3.82,True,0.6491010539367638,0.04361413539637059,0.95099998,12.015607563546187,3.82,False,0.028309981252324864
品川区|大井7丁目,品川区,大井７丁目,3746.0,153675.14639531498,1474,750.0,128.48400001,1.14999998,22659.354,8.415,True,0.508819538670285,0.17131200001333333,1.14999998,15.3726960651289,8.415,False,0.08716689281546812
品川区|西大井1丁目,品川区,西大井１丁目,3131.0,149239.82991932123,1429,787.0,63.11700023,0.88300002,25597.85,13.267,True,0.5507347795661302,0.08019949203303685,0.88300002,17.913121063680894,13.267,False,0.04416864956613016
品川区|西大井2丁目,品川区,西大井２丁目,3646.0,121237.38929537626,1156,824.0,43.27200025,0.62199998,22442.728,17.328,True,0.71280276816609,0.05251456341019417,0.62199998,19.414124567474047,17.328,False,0.03743252616782007
品川区|西大井3丁目,品川区,西大井３丁目,2203.0,96868.50065336109,942,487.0,34.24200014,0.46599999,18016.979,14.343,True,0.5169851380042463,0.07031211527720739,0.46599999,19.12630467091295,14.343,False,0.036350318619957536
品川区|西大井4丁目,品川区,西大井４丁目,3632.0,150700.18106112932,1461,820.0,79.50799945,0.56999999,26248.194,7.985,True,0.5612594113620808,0.09696097493902439,0.56999999,17.965909650924026,7.985,False,0.0544202597193703
品川区|西大井5丁目,品川区,西大井５丁目,4325.0,186814.37832014926,1825,1050.0,75.911,1.00999999,35846.676,9.785,True,0.5753424657534246,0.07229619047619047,1.00999999,19.642014246575343,9.785,False,0.04159506849315068
品川区|西大井6丁目,品川区,西大井６丁目,3309.0,138944.6470416288,1330,1002.0,58.7289998,0.47099999,24448.626,14.615,True,0.7533834586466165,0.058611776247504986,0.47099999,18.382425563909774,14.615,False,0.04415714270676691
品川区|小山台1丁目,品川区,小山台１丁目,4793.0,170859.76849002898,1632,782.0,40.51099996,0.63800001,43642.832,20.56,True,0.4791666666666667,0.05180434777493606,0.63800001,26.741931372549022,20.56,False,0.024822916642156863
品川区|小山台2丁目,品川区,小山台２丁目,825.0,133208.02125574442,1276,595.0,33.44200008,0.63800001,34343.99,19.33,True,0.4663009404388715,0.0562050421512605,0.63800001,26.9153526645768,19.33,False,0.026208464012539186
品川区|小山1丁目,品川区,小山１丁目,2169.0,70528.61494798752,715,432.0,65.87200021,1.13399994,17246.273,18.98,True,0.6041958041958042,0.1524814819675926,1.13399994,24.12066153846154,18.98,False,0.09212867162237762
品川区|小山2丁目,品川区,小山２丁目,3099.0,103826.67188814271,1032,694.0,70.56800054,1.27900004,27469.953999999998,21.768,True,0.6724806201550387,0.1016829978962536,1.27900004,26.618172480620153,21.768,False,0.06837984548449612
品川区|小山3丁目,品川区,小山３丁目,4830.0,128824.27625828474,1264,714.0,57.31899972,0.47400001,34956.533,26.125,True,0.564873417721519,0.08027871109243698,0.47400001,27.655484968354433,26.125,False,0.04534730990506329
品川区|小山4丁目,品川区,小山４丁目,2899.0,87766.29318907179,841,458.0,40.88700027,0.43099999,22988.396,24.845,True,0.544589774078478,0.0892729263537118,0.43099999,27.334596908442332,24.845,False,0.04861712279429251
品川区|小山5丁目,品川区,小山５丁目,2940.0,116510.55982355661,1111,513.0,267.02799873,1.40600002,28772.998,22.48,True,0.46174617461746176,0.5205224146783626,1.40600002,25.89828802880288,22.48,False,0.24034923378037804
品川区|小山6丁目,品川区,小山６丁目,3974.0,124589.27442660875,1191,983.0,321.38999949,1.40600002,31688.607,22.298,True,0.8253568429890848,0.3269481174872838,1.40600002,26.606722921914358,22.298,False,0.269848866070529
品川区|小山7丁目,品川区,小山７丁目,1333.0,93317.0827173915,917,538.0,54.22400027,1.14999998,31659.552,25.667,True,0.5866957470010905,0.10078810459107806,1.14999998,34.52513849509269,25.667,False,0.05913195231188659
品川区|荏原1丁目,品川区,荏原１丁目,3123.0,121469.28028662511,1190,850.0,31.730999939999997,0.40099999,29310.284,20.44,True,0.7142857142857143,0.03733058816470588,0.40099999,24.63049075630252,20.44,False,0.02666470583193277
品川区|荏原2丁目,品川区,荏原２丁目,2975.0,134692.01533613543,1324,786.0,27.90899996,0.326,33586.753,22.637,True,0.5936555891238671,0.03550763353689567,0.326,25.367638217522657,22.637,False,0.02107930510574018
品川区|荏原3丁目,品川区,荏原３丁目,2623.0,67313.94401829946,647,312.0,26.48399957,0.47400001,17729.574,26.16,True,0.482225656877898,0.08488461400641026,0.47400001,27.402741885625968,26.16,False,0.04093353874806801
品川区|荏原4丁目,品川区,荏原４丁目,3834.0,121312.32972366175,1155,897.0,38.94199992,0.47400001,31435.382,24.897,True,0.7766233766233767,0.04341360080267559,0.47400001,27.216780952380955,24.897,False,0.03371601724675325
品川区|荏原5丁目,品川区,荏原５丁目,2720.0,89390.04754734617,857,678.0,222.16499994,1.29499996,21819.212,22.325,True,0.7911318553092183,0.3276769910619469,1.29499996,25.45999066511085,22.325,False,0.2592357058809802
品川区|荏原6丁目,品川区,荏原６丁目,3818.0,117142.9924110425,1121,814.0,330.81499773,1.477,27970.045,21.04,True,0.7261373773416593,0.4064066311179361,1.477,24.950976806422837,21.04,False,0.2951070452542373
品川区|荏原7丁目,品川区,荏原７丁目,2685.0,119973.57298442013,1150,877.0,277.11400015,1.47399998,33593.855,21.095,True,0.7626086956521739,0.3159794756556442,1.47399998,29.21204782608696,21.095,False,0.24096869578260868
品川区|平塚1丁目,品川区,平塚１丁目,3396.0,108354.80362991798,1038,764.0,107.58999926,1.49399996,23595.885,17.965,True,0.7360308285163777,0.14082460636125654,1.49399996,22.73206647398844,17.965,False,0.10365125169556841
品川区|平塚2丁目,品川区,平塚２丁目,3653.0,127266.22869486686,1215,662.0,98.78100012,1.01400006,28463.893,19.577,True,0.5448559670781893,0.14921601226586104,1.01400006,23.42707242798354,19.577,False,0.08130123466666667
品川区|平塚3丁目,品川区,平塚３丁目,2734.0,101320.26529763443,998,605.0,44.04200011,0.509,24362.138,20.497,True,0.6062124248496994,0.07279669439669421,0.509,24.41095991983968,20.497,False,0.044130260631262526
品川区|旗の台1丁目,品川区,旗の台１丁目,890.0,113646.17127993726,1115,915.0,566.22700009,1.55700004,25972.948,20.47,True,0.820627802690583,0.6188273225027323,1.55700004,23.294123766816142,20.47,False,0.507826905910314
品川区|旗の台2丁目,品川区,旗の台２丁目,2915.0,99835.80385076508,954,646.0,438.26899952,2.91100001,22578.777,19.81,True,0.6771488469601677,0.6784349837770898,2.91100001,23.66748113207547,19.81,False,0.45940146700209644
品川区|旗の台3丁目,品川区,旗の台３丁目,1597.0,100730.96209694534,962,753.0,671.76300041,2.91100001,19503.109,17.562,True,0.7827442827442828,0.8921155383930943,2.91100001,20.27350207900208,17.562,False,0.6982983372245323
品川区|旗の台4丁目,品川区,旗の台４丁目,2634.0,90317.87163951165,866,811.0,82.50400002,0.69300002,20072.29,19.025,True,0.9364896073903002,0.10173119607891493,0.69300002,23.178163972286374,19.025,False,0.09527020787528868
品川区|旗の台5丁目,品川区,旗の台５丁目,3838.0,149120.80323476435,1419,985.0,56.32600051,0.62900001,40348.153,20.225,True,0.6941508104298802,0.05718375686294416,0.62900001,28.43421634954193,20.225,False,0.03969415116983792
品川区|旗の台6丁目,品川区,旗の台６丁目,3985.0,231701.07341399818,2223,753.0,22.27700015,0.28400001,76888.784,27.285,True,0.33873144399460187,0.029584329548472774,0.28400001,34.58784705353126,27.285,False,0.01002114266756635
品川区|中延1丁目,品川区,中延１丁目,2107.0,74688.48363815734,734,490.0,46.26800006,0.326,18060.987,22.72,True,0.667574931880109,0.09442448991836734,0.326,24.60624931880109,22.72,False,0.06303542242506811
品川区|中延2丁目,品川区,中延２丁目,2915.0,85492.48204852981,864,613.0,36.04999991,1.676,19988.924,20.432,True,0.7094907407407407,0.058809135252854805,1.676,23.135328703703703,20.432,False,0.041724536932870364
品川区|中延3丁目,品川区,中延３丁目,1864.0,73713.64202487392,745,489.0,55.95499991,2.94400001,16452.45,15.195,True,0.6563758389261745,0.1144274026789366,2.94400001,22.083825503355705,15.195,False,0.07510738242953019
品川区|中延4丁目,品川区,中延４丁目,3389.0,119061.12621334569,1167,629.0,20.46500008,0.33500001,24691.031,18.352,True,0.5389888603256212,0.03253577119236884,0.33500001,21.157695801199658,18.352,False,0.01753641823479006
品川区|中延5丁目,品川区,中延５丁目,2876.0,104584.37118567902,993,843.0,170.693,0.66100001,20067.048,17.965,True,0.8489425981873112,0.20248279952550416,0.66100001,20.20850755287009,17.965,False,0.17189627391742196
品川区|中延6丁目,品川区,中延６丁目,3132.0,91755.24550939453,916,601.0,34.53799987,0.229,17963.67,17.325,True,0.6561135371179039,0.057467553860232945,0.229,19.610993449781656,17.325,False,0.03770524003275109
品川区|西中延1丁目,品川区,西中延１丁目,2272.0,89463.78441396613,856,725.0,48.49700033,0.49000001,21194.439,22.255,True,0.8469626168224299,0.06689241424827586,0.49000001,24.75985864485981,22.255,False,0.056655374217289715
品川区|西中延2丁目,品川区,西中延２丁目,2909.0,109977.6843715157,1086,749.0,21.16399997,0.315,26765.552,21.465,True,0.6896869244935543,0.028256341748998662,0.315,24.645996316758747,21.465,False,0.019488029438305705
品川区|西中延3丁目,品川区,西中延３丁目,2211.0,74515.11823038573,711,653.0,97.41600044,2.88800001,15885.039,18.988,True,0.9184247538677919,0.14918223650842266,2.88800001,22.34182700421941,18.988,False,0.1370126588466948
品川区|東中延1丁目,品川区,東中延１丁目,2394.0,70636.57672612688,680,434.0,28.50900016,0.315,16322.239,17.74,True,0.638235294117647,0.06568894046082949,0.315,24.003292647058824,17.74,False,0.04192500023529411
品川区|東中延2丁目,品川区,東中延２丁目,1862.0,60417.53781034727,594,479.0,29.88999989,0.315,14033.673,22.375,True,0.8063973063973064,0.0624008348434238,0.315,23.62571212121212,22.375,False,0.05031986513468013
品川区|戸越1丁目,品川区,戸越１丁目,3891.0,150942.4168219709,1445,1133.0,166.04399909,1.49399996,30925.027,14.69,True,0.784083044982699,0.14655251464254193,1.49399996,21.40140276816609,14.69,False,0.11490934193079586
品川区|戸越2丁目,品川区,戸越２丁目,1973.0,75276.10454697545,719,351.0,57.28500003,0.87,15056.734,14.307,True,0.48817802503477054,0.1632051282905983,0.87,20.941215577190544,14.307,False,0.07967315720445063
品川区|戸越3丁目,品川区,戸越３丁目,2466.0,70238.93255253126,670,383.0,49.73200024,0.82999998,15195.235,17.305,True,0.5716417910447761,0.12984856459530025,0.82999998,22.6794552238806,17.305,False,0.07422686602985074
品川区|戸越4丁目,品川区,戸越４丁目,2045.0,74978.52768403634,715,453.0,30.33700019,0.40400001,16534.986,21.883,True,0.6335664335664336,0.06696909534216336,0.40400001,23.125854545454548,21.883,False,0.0424293708951049
品川区|戸越5丁目,品川区,戸越５丁目,3487.0,114350.5333785157,1128,632.0,41.127000190000004,0.40400001,26474.897,20.615,True,0.5602836879432624,0.06507436738924051,0.40400001,23.470653368794327,20.615,False,0.036460106551418445
品川区|戸越6丁目,品川区,戸越６丁目,3549.0,134577.92473864325,1293,998.0,62.04499972,0.237,29289.877,19.455,True,0.7718484145398299,0.06216933839679359,0.237,22.652650425367362,19.455,False,0.0479853052745553
品川区|豊町1丁目,品川区,豊町１丁目,2969.0,105307.74133858169,1006,714.0,98.98000034,1.051,19626.961,12.26,True,0.709741550695825,0.13862745145658265,1.051,19.509901590457257,12.26,False,0.09838966236580517
品川区|豊町2丁目,品川区,豊町２丁目,2730.0,158289.78978042013,1554,1164.0,184.63099999,1.69400001,28604.902000000002,11.185,True,0.749034749034749,0.15861769758591066,1.69400001,18.407272844272846,11.185,False,0.1188101673037323
品川区|豊町3丁目,品川区,豊町３丁目,1457.0,80007.87078735945,767,606.0,34.84399991,1.69400001,15059.876,11.47,True,0.7900912646675359,0.05749834968646865,1.69400001,19.63477966101695,11.47,False,0.045428943820078234
品川区|豊町4丁目,品川区,豊町４丁目,2424.0,108486.58168482508,1034,659.0,51.15600012,0.55000001,20434.279,16.23,True,0.6373307543520309,0.0776267073141123,0.55000001,19.762358800773693,16.23,False,0.049473887930367506
品川区|豊町5丁目,品川区,豊町５丁目,1621.0,61584.402596412125,590,523.0,39.46300019,0.55000001,11660.968,16.32,True,0.8864406779661017,0.07545506728489484,0.55000001,19.764352542372883,16.32,False,0.066886441
品川区|豊町6丁目,品川区,豊町６丁目,3195.0,127999.10677288656,1221,942.0,27.213,0.255,26545.184,18.58,True,0.7714987714987716,0.028888535031847136,0.255,21.740527436527437,18.58,False,0.022287469287469292
品川区|二葉1丁目,品川区,二葉１丁目,4100.0,160112.22066171895,1531,1100.0,188.57299924,0.66299999,23455.383,11.885,True,0.7184846505551927,0.17142999930909092,0.66299999,15.320302416721098,11.885,False,0.12316982314826912
品川区|二葉2丁目,品川区,二葉２丁目,2407.0,97939.4121670439,937,852.0,127.5080001,1.06799996,14287.165,13.262,True,0.9092849519743863,0.14965727711267607,1.06799996,15.247774813233725,13.262,False,0.1360811100320171
品川区|二葉3丁目,品川区,二葉３丁目,2664.0,95118.99923112057,909,861.0,188.57900096,0.94300002,15328.749,14.3,True,0.9471947194719472,0.21902322991869919,0.94300002,16.863310231023103,14.3,False,0.20745764682068207
品川区|二葉4丁目,品川区,二葉４丁目,3157.0,118522.85836185279,1128,991.0,92.46499991,0.51300001,19685.732,15.26,True,0.8785460992907801,0.09330474259334007,0.51300001,17.451890070921987,15.26,False,0.08197251765070922
品川区|八潮1丁目,品川区,八潮１丁目,0.0,483314.64140765334,4805,2789.0,214.66700009,1.41700006,23875.782683032,0.0,True,0.5804370447450572,0.07696916460738616,1.41700006,4.968945407498856,0.0,False,0.044675754441207076
品川区|八潮2丁目,品川区,八潮２丁目,0.0,1376765.0325780793,13117,11315.0,837.76599934,2.79299998,56066.793368589,-5.5,True,0.8626210261492719,0.07404030042775077,2.79299998,4.274361010031943,-5.5,False,0.06386871993138675
品川区|八潮3丁目,品川区,八潮３丁目,16.0,1712878.5571588634,16504,15131.0,3476.9630020900004,3.45900011,91218.690811611,-2.149999976,True,0.9168080465341736,0.2297906947386161,3.45900011,5.527065609040899,-2.149999976,False,0.21067395795504124
品川区|八潮4丁目,品川区,八潮４丁目,0.0,327325.4223101926,3186,3180.0,532.04099988,2.10500002,18775.89334767,0.0,True,0.9981167608286252,0.16730849052830188,2.10500002,5.893249638314501,0.0,False,0.1669934086252354
品川区|八潮5丁目,品川区,八潮５丁目,11578.0,492678.6417286293,4859,4561.0,301.64100037,1.03400004,49297.739981723,1.320000023,True,0.9386705083350484,0.0661348389322517,1.03400004,10.145655480906154,1.320000023,False,0.062078822879193245
品川区|東八潮,品川区,東八潮,0.0,237988.2619393574,2227,467.0,239.57,2.66,7537.03,-5.07,True,0.20969914683430624,0.5129978586723769,2.66,3.3843870678042207,-5.07,False,0.10757521329142344
目黒区|駒場1丁目,目黒区,駒場１丁目,4155.0,173081.30626863308,1715,1032.0,353.23299938,2.29500008,53235.988,22.195,True,0.6017492711370263,0.3422800381589148,2.29500008,31.041392419825073,22.195,False,0.2059667634868805
目黒区|駒場2丁目,目黒区,駒場２丁目,538.0,133225.65665036062,1279,939.0,132.9910003,1.778,46133.805,28.453,True,0.7341673182173573,0.14163045825346113,1.778,36.07021501172791,28.453,False,0.10398045371383893
目黒区|駒場3丁目,目黒区,駒場３丁目,875.0,317840.4700158452,3049,758.0,208.94500003,1.995,107933.364,25.42,True,0.24860610036077402,0.27565303434036936,1.995,35.399594621187276,25.42,False,0.06852902591997376
目黒区|駒場4丁目,目黒区,駒場４丁目,1551.0,240861.26145106126,2297,439.0,38.68200009,0.79500002,90892.798,33.935,True,0.1911188506747932,0.0881138954214123,0.79500002,39.57022115803221,33.935,False,0.016840226421419243
目黒区|青葉台1丁目,目黒区,青葉台１丁目,2496.0,145711.98231362182,1341,967.0,610.84400002,3.96,21708.941,7.28,True,0.72110365398956,0.631689762171665,3.96,16.188621178225205,7.28,False,0.45551379568978373
目黒区|青葉台2丁目,目黒区,青葉台２丁目,927.0,134016.53091274135,1260,781.0,322.55100003,4.137,27911.802,8.423,True,0.6198412698412699,0.4129974392189501,4.137,22.15222380952381,8.423,False,0.2559928571666667
目黒区|青葉台3丁目,目黒区,青葉台３丁目,3258.0,132052.9900350023,1268,922.0,338.40099996,4.754,24400.738999999998,8.297,True,0.7271293375394322,0.367029284121475,4.754,19.24348501577287,8.297,False,0.26687776022082016
目黒区|青葉台4丁目,目黒区,青葉台４丁目,1966.0,87324.42054626021,879,238.0,19.35300031,0.86799997,27176.429,17.77,True,0.2707622298065984,0.08131512735294118,0.86799997,30.917439135381116,17.77,False,0.022017065199089875
目黒区|東山1丁目,目黒区,東山１丁目,3759.0,163869.80881975,1595,1319.0,380.74499998,1.638,34122.223,9.705,True,0.8269592476489028,0.2886618650341167,1.638,21.393243260188086,9.705,False,0.2387115987335423
目黒区|東山2丁目,目黒区,東山２丁目,6637.0,221826.21680260714,2174,1424.0,219.74,3.394,58382.613,10.403,True,0.6550137994480221,0.15431179775280898,3.394,26.854927782888684,10.403,False,0.10107635694572216
目黒区|東山3丁目,目黒区,東山３丁目,3383.0,133612.51143668185,1257,537.0,196.10799995,5.013,29138.038,10.535,True,0.42720763723150357,0.3651918062383612,5.013,23.180618933969768,10.535,False,0.15601272867939536
目黒区|大橋1丁目,目黒区,大橋１丁目,2661.0,62585.31064148498,585,511.0,309.29099998000004,5.462,8753.449999999999,9.68,True,0.8735042735042735,0.6052661447749511,5.462,14.963162393162392,9.68,False,0.5287025640683761
目黒区|大橋2丁目,目黒区,大橋２丁目,4352.0,270163.9324004359,2598,1398.0,440.37799772,2.52600002,73239.64600000001,15.32,True,0.5381062355658198,0.3150057208297568,2.52600002,28.190779830638956,15.32,False,0.169506542617398
目黒区|上目黒1丁目,目黒区,上目黒１丁目,1635.0,129334.35740595825,1185,878.0,785.65400016,5.26399994,13752.817,5.12,True,0.7409282700421941,0.894822323644647,5.26399994,11.605752742616033,5.12,False,0.6629991562531646
目黒区|上目黒2丁目,目黒区,上目黒２丁目,4187.0,194266.35788706684,1850,1540.0,246.80199917,3.96600008,30351.6,8.953,True,0.8324324324324325,0.16026103842207792,3.96600008,16.40627027027027,8.953,False,0.13340648603783783
目黒区|上目黒3丁目,目黒区,上目黒３丁目,5368.0,240902.60474980756,2381,1527.0,423.68199984,1.3,43744.657,8.8,True,0.6413271734565309,0.2774603797249509,1.3,18.372388492230154,8.8,False,0.17794288107517853
目黒区|上目黒4丁目,目黒区,上目黒４丁目,3898.0,164349.56231837688,1596,1171.0,124.57199948,1.05900002,35100.099,13.865,True,0.7337092731829574,0.10638087060631939,1.05900002,21.992543233082706,13.865,False,0.07805263125313283
目黒区|上目黒5丁目,目黒区,上目黒５丁目,3885.0,167454.19905999905,1653,1299.0,162.71299951,1.39600003,43193.199,15.495,True,0.7858439201451906,0.12526019977675135,1.39600003,26.130186932849366,15.495,False,0.098434966430732
目黒区|中目黒1丁目,目黒区,中目黒１丁目,3006.0,122748.76356218965,1141,701.0,336.66899999,5.717,18228.431,2.175,True,0.6143733567046451,0.4802696148216833,5.717,15.975837861524978,2.175,False,0.29506485538124455
目黒区|中目黒2丁目,目黒区,中目黒２丁目,2342.0,302858.16574409645,2769,1271.0,541.95299983,5.632,44699.655,2.32,True,0.45901047309498016,0.4263988983713611,5.632,16.14288732394366,2.32,False,0.19572156006861682
目黒区|中目黒3丁目,目黒区,中目黒３丁目,2689.0,162968.7802276516,1557,1043.0,37.44200019,3.30500007,26278.806,7.895,True,0.6698779704560052,0.035898370268456374,3.30500007,16.877845857418112,7.895,False,0.024047527418111753
目黒区|中目黒4丁目,目黒区,中目黒４丁目,3577.0,125392.66973207687,1200,946.0,60.36699986,1.15799999,16160.769,7.38,True,0.7883333333333333,0.06381289625792812,1.15799999,13.4673075,7.38,False,0.050305833216666665
目黒区|中目黒5丁目,目黒区,中目黒５丁目,3180.0,184057.7267993934,1760,955.0,28.77199983,0.226,45496.696,18.765,True,0.5426136363636364,0.030127748513089005,0.226,25.850395454545456,18.765,False,0.016347727176136362
目黒区|三田1丁目,目黒区,三田１丁目,2290.0,139903.0066234206,1335,441.0,84.75900022,1.824,37739.042,16.598,True,0.3303370786516854,0.19219727941043085,1.824,28.26894531835206,16.598,False,0.06348988780524345
目黒区|三田2丁目,目黒区,三田２丁目,3601.0,178880.1843318631,1739,1256.0,186.18199984,3.935,36839.027,3.542,True,0.7222541690626797,0.1482340763057325,3.935,21.184029327199543,3.542,False,0.10706267960897067
目黒区|目黒1丁目,目黒区,目黒１丁目,3866.0,183564.6702822855,1742,1283.0,1698.94199996,4.805,19459.509,2.797,True,0.7365097588978186,1.324194855775526,4.805,11.170785878300803,2.797,False,0.9752824339609644
目黒区|目黒2丁目,目黒区,目黒２丁目,2742.0,117287.45678981389,1042,815.0,604.02600008,4.805,7405.826,2.413,True,0.7821497120921305,0.741136196417178,4.805,7.1073186180422265,2.413,False,0.5796794626487524
目黒区|目黒3丁目,目黒区,目黒３丁目,3246.0,159100.61560031943,1548,1005.0,92.24200029000001,1.16299999,24167.128,7.96,True,0.6492248062015504,0.09178308486567165,1.16299999,15.611839793281653,7.96,False,0.05958785548449613
目黒区|目黒4丁目,目黒区,目黒４丁目,3568.0,162463.32147805078,1587,902.0,43.83100026,0.68400002,39617.797,13.47,True,0.5683679899180845,0.04859312667405765,0.68400002,24.963955261499684,13.47,False,0.027618777731569
目黒区|下目黒1丁目,目黒区,下目黒１丁目,1388.0,97730.87693839688,876,475.0,385.39900034,4.502,11933.276,2.11,True,0.5422374429223744,0.8113663165052631,4.502,13.622461187214611,2.11,False,0.4399531967351598
目黒区|下目黒2丁目,目黒区,下目黒２丁目,6529.0,171806.09207601403,1632,1548.0,2600.39599924,4.451,9401.927,2.975,True,0.9485294117647058,1.679842376770026,4.451,5.760984681372549,2.975,False,1.593379901495098
目黒区|下目黒3丁目,目黒区,下目黒３丁目,3809.0,174650.32170385533,1691,1275.0,248.74600106,1.572,21332.549,5.175,True,0.7539917208752218,0.19509490279215685,1.572,12.615345357776462,5.175,False,0.14709994149024247
目黒区|下目黒4丁目,目黒区,下目黒４丁目,2892.0,125784.93515947614,1205,670.0,93.23799967,1.19799995,26658.857,11.205,True,0.5560165975103735,0.13916119353731343,1.19799995,22.12353278008299,11.205,False,0.07737593333609959
目黒区|下目黒5丁目,目黒区,下目黒５丁目,3949.0,249026.45295003863,2373,1174.0,71.65900014,0.63800001,57889.003,11.852,True,0.494732406236831,0.06103833061328791,0.63800001,24.39486009270965,11.852,False,0.030197640176991152
目黒区|下目黒6丁目,目黒区,下目黒６丁目,3602.0,151453.1985417206,1450,936.0,83.34299981,0.88499999,37988.766,19.663,True,0.6455172413793103,0.08904166646367521,0.88499999,26.199148965517242,19.663,False,0.05747793090344828
目黒区|中町1丁目,目黒区,中町１丁目,5031.0,204567.88876458563,1986,1482.0,82.2570001,0.64300001,56554.658,25.375,True,0.7462235649546828,0.055504048650472336,0.64300001,28.47666565961732,25.375,False,0.04141842905337362
目黒区|中町2丁目,目黒区,中町２丁目,4792.0,224748.60849506958,2183,1494.0,109.0189998,0.52499998,60047.283,22.728,True,0.6843792945487861,0.07297121807228917,0.52499998,27.506771873568486,22.728,False,0.04993999074667889
目黒区|五本木1丁目,目黒区,五本木１丁目,3820.0,194540.1960605826,1901,924.0,179.58700018,1.39600003,54785.142,20.61,True,0.4860599684376644,0.1943582253030303,1.39600003,28.819117306680695,20.61,False,0.09446975285639138
目黒区|五本木2丁目,目黒区,五本木２丁目,3982.0,196452.57613514765,1907,1336.0,61.63599977,0.287,59287.111,27.32,True,0.7005768222338752,0.04613473036676646,0.287,31.0892034609334,27.32,False,0.032320922794965914
目黒区|五本木3丁目,目黒区,五本木３丁目,2106.0,106067.5460194847,1042,666.0,21.48800002,0.177,33626.513,31.52,True,0.6391554702495201,0.0322642642942943,0.177,32.27112571976967,31.52,False,0.020621881017274475
目黒区|祐天寺1丁目,目黒区,祐天寺１丁目,2276.0,106369.26798470128,1021,582.0,11.231,0.145,27370.591,15.555,True,0.5700293829578844,0.019297250859106527,0.145,26.807630754162584,15.555,False,0.011
目黒区|祐天寺2丁目,目黒区,祐天寺２丁目,2125.0,102366.3878569723,982,684.0,33.05200007,0.303,28798.385,27.383,True,0.6965376782077393,0.048321637529239764,0.303,29.32625763747454,27.383,False,0.033657841211812624
目黒区|中央町1丁目,目黒区,中央町１丁目,3255.0,144096.8021452708,1410,775.0,41.55499989,0.31,41464.592,26.995,True,0.549645390070922,0.05361935469677419,0.31,29.407512056737588,26.995,False,0.02947163112765957
目黒区|中央町2丁目,目黒区,中央町２丁目,4469.0,189772.46870253,1901,1393.0,124.13299953,0.58499998,57396.818,27.257,True,0.7327722251446607,0.08911198817659728,0.58499998,30.192960547080485,27.257,False,0.06529878986322989
目黒区|目黒本町1丁目,目黒区,目黒本町１丁目,2979.0,115296.40265696711,1100,577.0,58.74799962,0.88499999,30423.519,22.885,True,0.5245454545454545,0.10181629050259966,0.88499999,27.657744545454545,22.885,False,0.05340727238181819
目黒区|目黒本町2丁目,目黒区,目黒本町２丁目,4598.0,181853.34991158318,1777,1183.0,123.27999976,0.70599997,49886.222,26.525,True,0.6657287563308948,0.10420963631445478,0.70599997,28.073281935846936,26.525,False,0.06937535158131683
目黒区|目黒本町3丁目,目黒区,目黒本町３丁目,2983.0,111274.6823460092,1069,858.0,57.52300018,0.361,30005.219,26.095,True,0.8026192703461179,0.06704312375291376,0.361,28.068492984097286,26.095,False,0.05381010306828812
目黒区|目黒本町4丁目,目黒区,目黒本町４丁目,4252.0,165778.81616468588,1592,1078.0,100.07999978000001,0.92799997,44858.717,25.808,True,0.6771356783919598,0.0928385897773655,0.92799997,28.17758605527638,25.808,False,0.06286432146984926
目黒区|目黒本町5丁目,目黒区,目黒本町５丁目,5231.0,188725.71322200645,1834,930.0,302.13700077000004,1.38100004,49753.481,23.335,True,0.5070883315158125,0.32487849545161296,1.38100004,27.128397491821154,23.335,False,0.16474209420392588
目黒区|目黒本町6丁目,目黒区,目黒本町６丁目,4309.0,158462.16677165637,1537,1289.0,499.18799942,1.17900002,40298.164000000004,24.125,True,0.8386467143786597,0.3872676488906129,1.17900002,26.21871437865973,24.125,False,0.32478074132726087
目黒区|原町1丁目,目黒区,原町１丁目,3294.0,120833.11430929325,1160,924.0,401.70699977,1.33099997,29647.67,23.26,True,0.7965517241379311,0.43474783524891775,1.33099997,25.55833620689655,23.26,False,0.3462991377327586
目黒区|原町2丁目,目黒区,原町２丁目,2481.0,115499.67557219647,1104,786.0,167.42300061,0.86900002,30782.717,25.182,True,0.7119565217391305,0.21300636209923665,0.86900002,27.882895833333333,25.182,False,0.15165126866847828
目黒区|洗足1丁目,目黒区,洗足１丁目,2846.0,122519.79052757079,1164,1022.0,65.05800029,0.73100001,32404.115,24.76,True,0.8780068728522337,0.06365753453033268,0.73100001,27.838586769759452,24.76,False,0.05589175282646048
目黒区|洗足2丁目,目黒区,洗足２丁目,3033.0,170147.54923570284,1640,1002.0,52.62699999,1.222,55140.069,25.533,True,0.6109756097560975,0.052521956077844316,1.222,33.62199329268293,25.533,False,0.032089634140243906
目黒区|南1丁目,目黒区,南１丁目,2886.0,151866.37284817602,1524,574.0,68.01300001,0.77100003,48863.277,25.555,True,0.3766404199475066,0.11848954705574913,0.77100003,32.06251771653543,25.555,False,0.04462795276246719
目黒区|南2丁目,目黒区,南２丁目,2521.0,114774.46854797135,1093,548.0,14.39599988,0.40599999,36358.353,26.315,True,0.5013723696248856,0.026270072773722626,0.40599999,33.26473284537969,26.315,False,0.013171088636779505
目黒区|南3丁目,目黒区,南３丁目,2083.0,86107.03248204183,829,508.0,7.2940000000000005,0.178,30625.224000000002,32.63,True,0.6127864897466827,0.014358267716535434,0.178,36.94236911942099,32.63,False,0.008798552472858866
目黒区|碑文谷1丁目,目黒区,碑文谷１丁目,4197.0,221258.45914938493,2205,1762.0,507.25700063,1.42299998,59451.47,25.185,True,0.7990929705215419,0.28788706051645857,1.42299998,26.9621179138322,25.185,False,0.23004852636281178
目黒区|碑文谷2丁目,目黒区,碑文谷２丁目,3207.0,166176.44537052893,1614,1191.0,203.52499975,0.80800003,45271.635,26.27,True,0.7379182156133829,0.17088581003358522,0.80800003,28.049340148698885,26.27,False,0.12609975201363072
目黒区|碑文谷3丁目,目黒区,碑文谷３丁目,2258.0,129569.01059360782,1237,852.0,83.23399996,0.778,39128.726,25.86,True,0.6887631366208569,0.09769248821596245,0.778,31.631953112368635,25.86,False,0.0672869846079224
目黒区|碑文谷4丁目,目黒区,碑文谷４丁目,2593.0,170426.6507158809,1665,957.0,29.4430001,0.28200001,56795.664,26.825,True,0.5747747747747748,0.030765935318704283,0.28200001,34.111509909909906,26.825,False,0.017683483543543543
目黒区|碑文谷5丁目,目黒区,碑文谷５丁目,3453.0,206431.11201800327,1977,1271.0,165.78200068,0.963,63382.958,27.825,True,0.642893272635306,0.1304343042328875,0.963,32.06017096611027,27.825,False,0.08385533671219018
目黒区|碑文谷6丁目,目黒区,碑文谷６丁目,1832.0,141622.7449306068,1297,1021.0,125.98000003,1.5,39902.839,28.197,True,0.787201233616037,0.12338883450538687,1.5,30.765488820354665,28.197,False,0.09713184273708558
目黒区|鷹番1丁目,目黒区,鷹番１丁目,2454.0,118746.3538020991,1145,864.0,63.493,0.35600001,34279.461,28.377,True,0.754585152838428,0.07348726851851851,0.35600001,29.938393886462883,28.377,False,0.05545240174672489
目黒区|鷹番2丁目,目黒区,鷹番２丁目,3007.0,133674.47170828335,1275,1025.0,61.7910002,0.37200001,39061.558,28.835,True,0.803921568627451,0.06028390263414634,0.37200001,30.63651607843137,28.835,False,0.04846352956862745
目黒区|鷹番3丁目,目黒区,鷹番３丁目,3073.0,142749.6253740256,1367,1067.0,53.03900003,0.43700001,43197.265,30.335,True,0.7805413313825896,0.049708528612933456,0.43700001,31.6000475493782,30.335,False,0.03879956110460863
目黒区|平町1丁目,目黒区,平町１丁目,3691.0,179666.72736022907,1717,1128.0,295.5130002,1.69099998,55267.261,24.475,True,0.6569598136284217,0.261979610106383,1.69099998,32.188270821199765,24.475,False,0.17211007582993595
目黒区|平町2丁目,目黒区,平町２丁目,3368.0,159255.3622489757,1521,1093.0,388.36899785,2.14599991,48306.427,23.132,True,0.7186061801446417,0.3553238772644099,2.14599991,31.759649572649575,23.132,False,0.2553379341551611
目黒区|大岡山1丁目,目黒区,大岡山１丁目,5525.0,224099.57045555225,2173,1114.0,498.50999879,2.24600005,70506.341,20.438,True,0.5126553152323976,0.44749551058348297,2.24600005,32.44654440865163,20.438,False,0.22941095204325818
目黒区|大岡山2丁目,目黒区,大岡山２丁目,1310.0,247304.7724951645,2354,1037.0,549.21699869,3.62199998,65571.678,17.025,True,0.4405267629566695,0.5296210209161041,3.62199998,27.855428207306712,17.025,False,0.23331223393797787
目黒区|緑が丘1丁目,目黒区,緑が丘１丁目,3275.0,205594.85491580202,1997,1398.0,500.96500097,2.24600005,51317.941999999995,19.193,True,0.700050075112669,0.3583440636409156,2.24600005,25.697517275913867,19.193,False,0.250858788668002
目黒区|緑が丘2丁目,目黒区,緑が丘２丁目,3194.0,200852.30341568874,1953,1496.0,362.61799867999997,1.29900002,52506.270000000004,20.875,True,0.7660010240655402,0.24239171034759358,1.29900002,26.88493087557604,20.875,False,0.18567229835125446
目黒区|緑が丘3丁目,目黒区,緑が丘３丁目,841.0,49194.89152314632,456,446.0,552.50700007,4.013,8346.452,14.023,True,0.9780701754385965,1.2388049328923767,4.013,18.303622807017543,14.023,False,1.2116381580482456
目黒区|自由が丘1丁目,目黒区,自由が丘１丁目,2510.0,205923.48892353263,2078,1635.0,266.8439998,1.03299999,60899.594,22.313,True,0.7868142444658325,0.16320733932721712,1.03299999,29.30683060635226,22.313,False,0.12841385938402308
目黒区|自由が丘2丁目,目黒区,自由が丘２丁目,2590.0,202454.39840484643,1961,1181.0,145.19000033999998,1.04799998,63917.225,23.363,True,0.6022437531871494,0.12293818826418289,1.04799998,32.59419938806731,23.363,False,0.07403875591024986
目黒区|自由が丘3丁目,目黒区,自由が丘３丁目,2347.0,143938.28013778388,1399,678.0,111.48399975000001,1.00300002,47909.16,23.815,True,0.48463187991422446,0.16443067809734516,1.00300002,34.24528949249464,23.815,False,0.07968834864188708
目黒区|中根1丁目,目黒区,中根１丁目,3382.0,170655.86615926563,1645,773.0,386.57299625,2.0309999,53966.587,24.78,True,0.46990881458966566,0.5000944324062095,2.0309999,32.806435866261396,24.78,False,0.2349987819148936
目黒区|中根2丁目,目黒区,中根２丁目,3881.0,187406.95795290047,1789,1596.0,1445.13099676,2.35700011,50490.502,22.89,True,0.8921185019564002,0.9054705493483709,2.35700011,28.222751257685857,22.89,False,0.8077870300503074
目黒区|柿の木坂1丁目,目黒区,柿の木坂１丁目,4173.0,235078.3927307158,2295,1602.0,381.26800126,1.50899994,73709.294,25.74,True,0.6980392156862745,0.23799500702871412,1.50899994,32.117339433551194,25.74,False,0.16612984804357298
目黒区|柿の木坂2丁目,目黒区,柿の木坂２丁目,3898.0,219580.99896515458,2099,960.0,124.90999966,0.736,72284.606,28.14,True,0.4573606479275846,0.13011458297916667,0.736,34.43763982848976,28.14,False,0.05950928997617914
目黒区|柿の木坂3丁目,目黒区,柿の木坂３丁目,1605.0,86551.02913661755,829,623.0,196.87499963,1.62899995,28385.177,29.892,True,0.7515078407720145,0.31601123536115566,1.62899995,34.240261761158024,29.892,False,0.23748492114595895
目黒区|八雲1丁目,目黒区,八雲１丁目,2681.0,167152.36952778115,1626,1176.0,829.12399948,2.07200003,51433.186,25.11,True,0.7232472324723247,0.7050374145238095,2.07200003,31.631725707257072,25.11,False,0.5099163588437884
目黒区|八雲2丁目,目黒区,八雲２丁目,3391.0,189981.42466620554,1894,1551.0,931.88600134,1.98300004,55960.096,25.82,True,0.8189017951425555,0.6008291433526757,1.98300004,29.54598521647307,25.82,False,0.4920200640654699
目黒区|八雲3丁目,目黒区,八雲３丁目,4096.0,252858.15018499707,2428,1835.0,789.57199698,1.80599999,78289.709,26.775,True,0.7557660626029654,0.4302844670190736,1.80599999,32.244525947281716,26.775,False,0.32519439743822076
目黒区|八雲4丁目,目黒区,八雲４丁目,2034.0,141272.47667306062,1356,668.0,39.009,0.42500001,52483.624,37.273,True,0.49262536873156343,0.05839670658682635,0.42500001,38.70473746312685,37.273,False,0.02876769911504425
目黒区|八雲5丁目,目黒区,八雲５丁目,2843.0,198696.6557815088,1960,1011.0,206.50300067,1.528,71016.976,29.717,True,0.5158163265306123,0.20425618266073195,1.528,36.23315102040816,29.717,False,0.10535867381122449
目黒区|東が丘1丁目,目黒区,東が丘１丁目,4474.0,272679.3250472455,2669,1415.0,257.6189995,1.15199995,98227.854,31.39,True,0.5301611090295991,0.18206289717314486,1.15199995,36.80324241288872,31.39,False,0.09652266747845635
目黒区|東が丘2丁目,目黒区,東が丘２丁目,3058.0,285779.6359262715,2733,957.0,232.93999957,2.44400001,105518.462,33.533,True,0.35016465422612514,0.24340647812957159,2.44400001,38.60902378338822,33.533,False,0.08523234525064033
大田区|大森東1丁目,大田区,大森東一丁目,5268.0,264192.96967381507,2507,1823.0,1353.9979999700001,1.681,6115.665999999999,1.135,True,0.7271639409652971,0.7427306637246298,1.681,2.439435979258077,1.135,False,0.5400869565097727
大田区|大森東2丁目,大田区,大森東二丁目,3757.0,136581.1196737188,1292,1283.0,1164.40700001,1.755,2370.37,0.985,True,0.9930340557275542,0.9075658612704599,1.755,1.8346517027863776,0.985,False,0.9012438080572757
大田区|大森東3丁目,大田区,大森東三丁目,2434.0,236672.30485800546,2249,1709.0,1055.82499996,1.582,5049.099,0.0,True,0.7598932859048466,0.6178028086366296,1.582,2.2450417963539353,0.0,False,0.4694642062961316
大田区|大森東4丁目,大田区,大森東四丁目,4043.0,189420.77161054552,1805,1516.0,459.98099971,1.10699999,3264.293,0.66,True,0.8398891966759002,0.3034175459828496,1.10699999,1.8084725761772853,0.66,False,0.25483711895290856
大田区|大森東5丁目,大田区,大森東五丁目,3224.0,161152.73201840298,1523,1497.0,850.74800195,1.25600004,1946.864000002,0.0,True,0.9829284307288247,0.568301938510354,1.25600004,1.2783086014458307,0.0,False,0.5586001326001313
大田区|大森南1丁目,大田区,大森南一丁目,2959.0,140884.87567524408,1339,1083.0,181.80000018,0.54100001,1996.754,0.735,True,0.8088125466766244,0.16786703617728532,0.54100001,1.491227781926811,0.735,False,0.13577296503360717
大田区|大森南2丁目,大田区,大森南二丁目,4541.0,187457.59462484493,1742,1506.0,269.80799953,0.44299999,1698.549,0.438,True,0.8645235361653272,0.1791553781739708,0.44299999,0.975056831228473,0.438,False,0.1548840410619977
大田区|大森南3丁目,大田区,大森南三丁目,3146.0,179301.08800327065,1713,1567.0,338.36700038,0.574,1515.993,0.27,True,0.9147694103911267,0.21593299322271856,0.574,0.8849929947460595,0.27,False,0.19752889689433742
大田区|大森南4丁目,大田区,大森南四丁目,832.0,142817.66797881416,1353,932.0,219.22099915,0.55900002,1290.617999989,-0.035,True,0.688839615668884,0.23521566432403435,0.55900002,0.9538935698366593,-0.035,False,0.16202586781226905
大田区|大森南5丁目,大田区,大森南五丁目,1534.0,265955.24779627845,2518,1069.0,344.50600072,0.889,4157.868,-3.8,True,0.42454328832406674,0.32226941133769876,0.889,1.6512581413820493,-3.8,False,0.1368173156155679
大田区|大森中1丁目,大田区,大森中一丁目,3638.0,133314.1822025155,1307,1249.0,432.39500002,0.897,3219.021,1.84,True,0.9556235654169855,0.3461929543795036,0.897,2.46290818668707,1.84,False,0.330830145386381
大田区|大森中2丁目,大田区,大森中二丁目,3960.0,133330.27845923966,1297,1243.0,388.26700007,1.416,3175.471,1.295,True,0.9583654587509638,0.3123628319147224,1.416,2.448319969159599,1.295,False,0.29935774870470316
大田区|大森中3丁目,大田区,大森中三丁目,3349.0,147382.7871279713,1477,1329.0,407.3069999,1.454,3215.99,1.257,True,0.899796885578876,0.3064762978931527,1.454,2.1773798239675015,1.257,False,0.2757664183480027
大田区|大森西1丁目,大田区,大森西一丁目,6542.0,235560.29499442066,2224,2135.0,1000.199,1.38199997,6660.046,2.257,True,0.9599820143884892,0.4684772833723653,1.38199997,2.994625,2.257,False,0.44972976618705035
大田区|大森西2丁目,大田区,大森西二丁目,7119.0,281203.9090824487,2666,2654.0,1512.30999985,1.397,6372.076999999999,1.515,True,0.9954988747186797,0.5698229087603617,1.397,2.39012640660165,1.515,False,0.5672580644598649
大田区|大森西3丁目,大田区,大森西三丁目,7004.0,250987.26938777042,2438,2419.0,1102.16200018,1.763,6165.833,1.478,True,0.9922067268252666,0.45562711871847866,1.763,2.5290537325676783,1.478,False,0.45207629211648886
大田区|大森西4丁目,大田区,大森西四丁目,5478.0,187731.65042678028,1803,1756.0,925.05399987,1.566,5216.259,2.16,True,0.9739323349972269,0.5267961274886105,1.566,2.893099833610649,2.16,False,0.5130637825124792
大田区|大森西5丁目,大田区,大森西五丁目,5188.0,214417.36966554486,2058,2045.0,870.58900013,0.905,5557.121,2.155,True,0.9936831875607386,0.4257158924841076,0.905,2.7002531584062197,2.155,False,0.42302672503887273
大田区|大森西6丁目,大田区,大森西六丁目,2478.0,125698.46530114328,1198,1178.0,632.30300005,1.075,3162.411,2.188,True,0.9833055091819699,0.5367597623514432,1.075,2.6397420701168617,2.188,False,0.527798831427379
大田区|大森西7丁目,大田区,大森西七丁目,1869.0,100899.64011947993,963,906.0,380.74900001,0.97299999,2996.181,2.46,True,0.940809968847352,0.42025275939293594,0.97299999,3.111299065420561,2.46,False,0.39537798547248176
大田区|大森北1丁目,大田区,大森北一丁目,4908.0,172338.87795860722,1688,1516.0,492.36600008,1.82799995,5339.35,1.64,True,0.8981042654028436,0.3247796834300791,1.82799995,3.1631220379146923,1.64,False,0.2916860190047393
大田区|大森北2丁目,大田区,大森北二丁目,3505.0,120240.79873303993,1210,1207.0,1041.70599996,1.545,2545.3,1.415,True,0.9975206611570248,0.8630538524937863,1.545,2.1035537190082647,1.415,False,0.8609140495537191
大田区|大森北3丁目,大田区,大森北三丁目,6386.0,228242.61055602683,2224,2224.0,1689.932,1.44,4875.899,1.498,True,1.0,0.7598615107913669,1.44,2.192400629496403,1.498,False,0.7598615107913669
大田区|大森北4丁目,大田区,大森北四丁目,3641.0,161105.67045927435,1538,1467.0,620.533999,0.984,4029.462,1.988,True,0.9538361508452535,0.4229952276755283,0.984,2.6199362808842652,1.988,False,0.4034681397919375
大田区|大森北5丁目,大田区,大森北五丁目,2930.0,95602.06839912095,914,835.0,227.71999928,0.808,2577.94,2.188,True,0.9135667396061269,0.27271856201197603,0.808,2.8205032822757112,2.188,False,0.24914660752735227
大田区|大森北6丁目,大田区,大森北六丁目,4942.0,201846.85529677637,1959,1951.0,1582.299,1.462,4207.13,1.45,True,0.9959162838182747,0.811019477191184,1.462,2.147590607452782,1.45,False,0.8077075038284839
大田区|大森本町1丁目,大田区,大森本町一丁目,4689.0,106935.23699062712,1029,949.0,480.10700021,1.145,2443.763,1.615,True,0.9222546161321672,0.5059083247734457,1.145,2.374891156462585,1.615,False,0.46657628786200195
大田区|大森本町2丁目,大田区,大森本町二丁目,3893.0,116998.30368141778,1114,1099.0,968.814,1.517,2262.595,1.367,True,0.9865350089766607,0.8815414012738854,1.517,2.0310547576301614,1.367,False,0.8696714542190306
大田区|平和島1丁目,大田区,平和島一丁目,0.0,130702.5044397265,1261,1017.0,192.72999918,0.82099998,4263.087,0.08,True,0.8065027755749405,0.18950835710914454,0.82099998,3.3807192704203017,0.08,False,0.1528390160031721
大田区|平和島2丁目,大田区,平和島二丁目,131.0,282404.03885649604,2752,2205.0,272.98899998,0.43900001,12099.58,1.09,True,0.8012354651162791,0.123804535138322,0.43900001,4.396649709302325,1.09,False,0.09919658429505815
大田区|平和島3丁目,大田区,平和島三丁目,0.0,167904.12657380707,1579,1257.0,112.99499977,0.55199999,6903.676666668,0.0,True,0.7960734642178594,0.08989260124900557,0.55199999,4.372182816129196,0.0,False,0.07156111448385054
大田区|平和島4丁目,大田区,平和島四丁目,0.0,144751.2984499208,1381,1331.0,151.35599967,0.47799999,6360.248,3.02,True,0.9637943519188994,0.11371600275732531,0.47799999,4.605538015930485,3.02,False,0.10959884118030412
大田区|平和島5丁目,大田区,平和島五丁目,113.0,216182.25297501343,2051,1809.0,190.91499946,2.63199997,8490.839000048,0.0,True,0.8820087762067285,0.10553620755113322,2.63199997,4.1398532423442225,0.0,False,0.0930838612676743
大田区|平和島6丁目,大田区,平和島六丁目,0.0,345632.07110807125,3208,2288.0,231.31299979,0.55199999,12794.624000013999,0.0,True,0.713216957605985,0.10109833906905594,0.55199999,3.9883491271864084,0.0,False,0.07210504980985037
大田区|昭和島1丁目,大田区,昭和島一丁目,1.0,153759.45251710629,1461,1362.0,152.72300018,0.49900001,5641.03083765,0.0,True,0.9322381930184805,0.11213142450807637,0.49900001,3.861075179774127,0.0,False,0.10453319656399727
大田区|昭和島2丁目,大田区,昭和島二丁目,0.0,476205.9634419209,4430,3551.0,370.32999972,0.87,17782.067639116,0.0,True,0.8015801354401806,0.10428893261616445,0.87,4.0140107537507905,0.0,False,0.08359593673137697
大田区|山王1丁目,大田区,山王一丁目,5743.0,274897.78800628433,2626,1506.0,76.5830002,1.14999998,41831.441,4.12,True,0.5734958111195735,0.05085192576361222,1.14999998,15.9297185833968,4.12,False,0.029163366412795128
大田区|山王2丁目,大田区,山王二丁目,5729.0,289752.4591516921,2765,1499.0,138.62199999,1.86800003,46671.367,3.235,True,0.5421338155515371,0.09247631753835892,1.86800003,16.87933707052441,3.235,False,0.050134538875226044
大田区|山王3丁目,大田区,山王三丁目,5729.0,238372.41759630587,2301,1631.0,215.32300068,0.84100002,22409.4,2.69,True,0.7088222511951325,0.13201900716125078,0.84100002,9.738983050847459,2.69,False,0.0935780098565841
大田区|山王4丁目,大田区,山王四丁目,3510.0,164092.71784217373,1589,1035.0,124.85799962,0.78100002,22577.749,4.57,True,0.6513530522341096,0.12063574842512077,0.78100002,14.208778477029579,4.57,False,0.07857646294524859
大田区|平和の森公園,大田区,平和の森公園,0.0,131920.71184024177,1242,183.0,34.663999919999995,1.081,5458.088,0.045,True,0.1473429951690821,0.1894207645901639,1.081,4.394595813204509,0.045,False,0.02790982280193236
大田区|ふるさとの浜辺公園,大田区,ふるさとの浜辺公園,0.0,47021.50953921268,387,1.0,0.15,0.15,1284.291,0.0,True,0.002583979328165375,0.15,0.15,3.3185813953488372,0.0,False,0.0003875968992248062
大田区|東馬込1丁目,大田区,東馬込一丁目,4959.0,206089.61337533555,1989,977.0,51.22800024,1.671,35066.539,10.1,True,0.49120160884866765,0.052433981821903786,1.671,17.630235796882854,10.1,False,0.02575565622926093
大田区|東馬込2丁目,大田区,東馬込二丁目,1670.0,75747.8889506978,726,314.0,26.08999989,0.56999999,9336.885,8.0,True,0.4325068870523416,0.08308917162420383,0.56999999,12.860723140495868,8.0,False,0.03593663896694215
大田区|南馬込1丁目,大田区,南馬込一丁目,5105.0,293364.3817559396,2853,1186.0,58.35399978,0.51499999,53661.618,8.383,True,0.41570276901507186,0.04920236069139967,0.51499999,18.808839116719245,8.383,False,0.020453557581493167
大田区|南馬込2丁目,大田区,南馬込二丁目,3392.0,176536.7684749328,1684,899.0,51.33199954,1.23899996,25835.731,6.337,True,0.5338479809976246,0.0570989983759733,1.23899996,15.341883016627078,6.337,False,0.030482184999999995
大田区|南馬込3丁目,大田区,南馬込三丁目,3984.0,236242.3256244697,2294,1473.0,200.27499912,1.07299995,31273.92,4.225,True,0.6421098517872711,0.1359640184114053,1.07299995,13.632920662598082,4.225,False,0.08730383571054925
大田区|南馬込4丁目,大田区,南馬込四丁目,4839.0,256535.90821792572,2539,1664.0,110.85699936,0.60900003,38010.559,4.785,True,0.6553761323355651,0.06662079288461539,0.60900003,14.970680976762505,4.785,False,0.04366167757384797
大田区|南馬込5丁目,大田区,南馬込五丁目,3986.0,226226.28232709348,2209,1198.0,118.58499995,0.65600002,35052.67,7.915,True,0.5423268447261205,0.09898580964106844,0.65600002,15.868116794929831,7.915,False,0.05368266181530104
大田区|南馬込6丁目,大田区,南馬込六丁目,4682.0,247867.79887818437,2391,1722.0,225.48500012,1.76400006,29943.403,5.8,True,0.7202007528230866,0.13094367022067363,1.76400006,12.523380593893767,5.8,False,0.09430572987034713
大田区|中馬込1丁目,大田区,中馬込一丁目,4842.0,179485.02955130202,1742,881.0,27.760000129999998,0.43000001,42991.403,14.67,True,0.5057405281285878,0.03150964827468785,0.43000001,24.67933582089552,14.67,False,0.015935706159586678
大田区|中馬込2丁目,大田区,中馬込二丁目,3251.0,117513.05499534591,1141,464.0,54.92400011,0.54799998,19743.226,11.31,True,0.406660823838738,0.11837068989224138,0.54799998,17.30344084136722,11.31,False,0.048136722269938655
大田区|中馬込3丁目,大田区,中馬込三丁目,4768.0,210692.30569484225,2031,810.0,32.61400033,0.59500003,44590.892,11.155,True,0.3988183161004431,0.04026419793827161,0.59500003,21.955141309699655,11.155,False,0.016058099620876416
大田区|西馬込1丁目,大田区,西馬込一丁目,3552.0,192873.18157692172,1841,1286.0,120.1230002,0.89399999,29142.082,8.855,True,0.6985334057577404,0.09340824276827372,0.89399999,15.82948506246605,8.855,False,0.06524877794676806
大田区|西馬込2丁目,大田区,西馬込二丁目,3219.0,188907.84692519816,1826,947.0,55.18000019,0.95499998,34144.274,9.005,True,0.5186199342825849,0.05826821561774023,0.95499998,18.698945235487404,9.005,False,0.030219058154435926
大田区|北馬込1丁目,大田区,北馬込一丁目,3267.0,155376.66045555874,1489,776.0,12.58900002,0.424,41767.322,15.342,True,0.5211551376762928,0.016222938170103094,0.424,28.050585627938215,15.342,False,0.008454667575554064
大田区|北馬込2丁目,大田区,北馬込二丁目,4368.0,190548.0503292053,1912,938.0,78.38800001,1.88100004,45240.627,14.033,True,0.4905857740585774,0.0835692963859275,1.88100004,23.661415794979078,14.033,False,0.04099790795502092
大田区|中央1丁目,大田区,中央一丁目,2333.0,101501.01343748896,969,782.0,244.9179989,0.982,4626.864,3.105,True,0.8070175438596491,0.31319437199488487,0.982,4.774885448916408,3.105,False,0.25275335283797723
大田区|中央2丁目,大田区,中央二丁目,2710.0,120482.53033877461,1152,1118.0,1024.626,1.65,3669.147,2.237,True,0.9704861111111112,0.9164812164579607,1.65,3.1850234375,2.237,False,0.8894322916666667
大田区|中央3丁目,大田区,中央三丁目,4583.0,170471.24655813878,1659,1659.0,1790.152,2.08,4769.838,1.88,True,1.0,1.079054852320675,2.08,2.875128390596745,1.88,False,1.079054852320675
大田区|中央4丁目,大田区,中央四丁目,3153.0,174868.5126021303,1670,1502.0,436.55699995,1.087,8214.982,2.94,True,0.8994011976047904,0.290650466011984,1.087,4.9191508982035925,2.94,False,0.26141137721556884
大田区|中央5丁目,大田区,中央五丁目,3407.0,205041.28454961683,1993,1178.0,83.45400052000001,0.72600001,32475.805,5.365,True,0.5910687405920723,0.07084380349745331,0.72600001,16.294934771700955,5.365,False,0.04187355771199197
大田区|中央6丁目,大田区,中央六丁目,2477.0,143349.9243188863,1405,1159.0,170.27100003,1.07799995,11108.205,2.995,True,0.8249110320284697,0.14691199312338224,1.07799995,7.906195729537367,2.995,False,0.12118932386476869
大田区|中央7丁目,大田区,中央七丁目,2514.0,102447.79513776509,993,991.0,840.785,1.659,3166.4320000000002,2.395,True,0.9979859013091642,0.8484207870837538,1.659,3.1887532729103727,2.395,False,0.8467119838872105
大田区|中央8丁目,大田区,中央八丁目,5649.0,240566.37493866985,2288,2267.0,1923.4969996700002,1.515,7415.485000000001,2.455,True,0.9908216783216783,0.8484768414953684,1.515,3.241033653846154,2.455,False,0.8406892481075176
大田区|池上1丁目,大田区,池上一丁目,2605.0,362444.0324880247,3427,2215.0,574.67499935,3.27900004,51026.825,3.677,True,0.6463379048730669,0.25944695230248305,3.27900004,14.889648380507731,3.677,False,0.16769039957688942
大田区|池上2丁目,大田区,池上二丁目,2310.0,160684.51433517312,1494,1221.0,1472.762,2.198,13978.167,4.615,True,0.8172690763052208,1.206193284193284,2.198,9.35620281124498,4.615,False,0.985784471218206
大田区|池上3丁目,大田区,池上三丁目,4890.0,234544.27639453133,2262,2201.0,1748.4810001,1.845,12350.3,2.985,True,0.9730327144120248,0.7944029986824171,1.845,5.459902740937223,2.985,False,0.7729801061450045
大田区|池上4丁目,大田区,池上四丁目,3407.0,134371.89082326033,1300,1287.0,750.48199999,1.61,6231.939,1.035,True,0.99,0.5831250971173271,1.61,4.793799230769231,1.035,False,0.5772938461461538
大田区|池上5丁目,大田区,池上五丁目,3796.0,146305.24268241544,1405,1403.0,1296.8609999,1.595,5527.749000000001,2.145,True,0.998576512455516,0.9243485387740557,1.595,3.9343409252669046,2.145,False,0.9230327401423488
大田区|池上6丁目,大田区,池上六丁目,6223.0,227915.64793813555,2176,2074.0,830.008,1.12,9668.394,3.88,True,0.953125,0.40019672131147543,1.12,4.443195772058823,3.88,False,0.38143750000000004
大田区|池上7丁目,大田区,池上七丁目,4430.0,183753.118026953,1755,1624.0,533.63099998,0.778,8302.382,4.048,True,0.9253561253561253,0.328590517229064,0.778,4.730701994301994,4.048,False,0.30406324785185185
大田区|池上8丁目,大田区,池上八丁目,3402.0,164784.9393370034,1576,1439.0,372.17600004,0.68199998,7843.865,4.22,True,0.9130710659898477,0.2586351633356498,0.68199998,4.977071700507614,4.22,False,0.23615228428934013
大田区|京浜島1丁目,大田区,京浜島一丁目,0.0,152501.54612752522,1380,1129.0,77.7959997,3.73799992,6989.41050033,-0.960000008,True,0.8181159420289855,0.06890699707705934,3.73799992,5.064790217630435,-0.960000008,False,0.056373912826086954
大田区|京浜島2丁目,大田区,京浜島二丁目,5.0,611616.7071874745,5728,5263.0,460.47800301,4.42500019,31376.744013957,-1.620000005,True,0.9188198324022346,0.08749344537526126,4.42500019,5.4777835219897,-1.620000005,False,0.08039071281599162
大田区|京浜島3丁目,大田区,京浜島三丁目,2.0,313544.83980195614,2903,2492.0,177.23399994,0.64700001,12416.333502761,0.0,True,0.8584223217361351,0.07112118777688603,0.64700001,4.277069756376507,0.0,False,0.06105201513606614
大田区|東海1丁目,大田区,東海一丁目,0.0,262794.5195378921,2586,2460.0,346.91599935,1.41900003,14611.172175528001,0.0,True,0.951276102088167,0.14102276396341462,1.41900003,5.65010524962413,0.0,False,0.1341515852088167
大田区|東海2丁目,大田区,東海二丁目,0.0,228804.1782795632,2165,1916.0,303.20099901,4.05299997,11276.154172344,-1.951666653,True,0.8849884526558891,0.1582468679592902,4.05299997,5.208385299004157,-1.951666653,False,0.14004665081293302
大田区|東海3丁目,大田区,東海三丁目,71.0,745888.6294061076,6704,5476.0,1363.39899935,3.32500005,37389.57909262,-1.550000012,True,0.8168257756563246,0.24897717300036523,3.32500005,5.577204518588902,-1.550000012,False,0.20337097245674227
大田区|東海4丁目,大田区,東海四丁目,1.0,567829.9924734681,5474,4638.0,411.17800059999996,1.37800002,29413.170832615,2.639999986,True,0.8472780416514432,0.08865416140577835,1.37800002,5.373250060762697,2.639999986,False,0.07511472426013883
大田区|東海5丁目,大田区,東海五丁目,0.0,313376.49633545236,2873,2019.0,111.95600013,0.34200001,12252.033659375,0.0,True,0.702749738948834,0.05545121353640416,0.34200001,4.264543564001044,0.0,False,0.03896832583710407
大田区|東海6丁目,大田区,東海六丁目,0.0,339409.50097820663,3199,2559.0,127.94500058999999,0.403,13334.906323535,0.0,True,0.7999374804626446,0.04999804634232122,0.403,4.168460870126602,0.0,False,0.039995311219130976
大田区|城南島1丁目,大田区,城南島一丁目,0.0,120037.49659843906,1129,1113.0,72.74500007,0.77399999,4687.191667978,1.600000024,True,0.9858281665190434,0.0653593891015274,0.77399999,4.151631238244464,1.600000024,False,0.06443312672276351
大田区|城南島2丁目,大田区,城南島二丁目,2.0,193796.1685681065,1876,1787.0,148.20300029,2.57200003,9065.965840643,-2.442499995,True,0.9525586353944563,0.08293396770565194,2.57200003,4.832604392666845,-2.442499995,False,0.07899946710554372
大田区|城南島3丁目,大田区,城南島三丁目,0.0,176096.52429359875,1695,1603.0,147.90100065,2.57200003,6639.205840901,-1.680000007,True,0.9457227138643067,0.09226512829070492,2.57200003,3.916935599351622,-1.680000007,False,0.08725722752212388
大田区|城南島4丁目,大田区,城南島四丁目,23.0,230377.65775387452,2120,2051.0,158.35199981,3.42700005,7806.118506203,-2.530000031,True,0.9674528301886792,0.07720721589956119,3.42700005,3.6821313708504717,-2.530000031,False,0.07469433953301886
大田区|城南島5丁目,大田区,城南島五丁目,0.0,173925.03491220193,1642,1442.0,205.2440003,3.42700005,7632.543499282,-6.444999933,True,0.8781973203410475,0.14233287122052704,3.42700005,4.6483212541303285,-6.444999933,False,0.12499634610231425
大田区|城南島6丁目,大田区,城南島六丁目,0.0,220385.51165207286,1887,1793.0,55.21399977,0.58899999,9180.485001075,0.0,True,0.9501854795972443,0.03079419953708868,0.58899999,4.865121887162162,0.0,False,0.029260201255961845
大田区|城南島7丁目,大田区,城南島七丁目,0.0,75563.54798981172,717,688.0,29.42599998,0.75,3513.114168969,2.429999948,True,0.9595536959553695,0.042770348808139534,0.75,4.899740821435146,2.429999948,False,0.041040446276150624
大田区|令和島1丁目,大田区,令和島一丁目,0.0,1020591.1676529883,0,,,,,,False,,,,,,False,
大田区|令和島2丁目,大田区,令和島二丁目,0.0,1020591.1676529883,0,,,,,,False,,,,,,False,
大田区|東嶺町,大田区,東嶺町,5162.0,295434.31046948064,2833,1921.0,126.88599959,1.10000002,52153.834,12.285,True,0.6780797740910696,0.06605205600728786,1.10000002,18.409401341334277,12.285,False,0.04478856321567243
大田区|西嶺町,大田区,西嶺町,3202.0,214546.65621607073,2051,1403.0,77.83199975,0.56900001,28486.009,7.35,True,0.6840565577766943,0.05547540965787598,0.56900001,13.888839102876645,7.35,False,0.037948317771818625
大田区|北嶺町,大田区,北嶺町,5737.0,265361.4549286396,2582,1160.0,77.44499978,2.124,50448.927,8.135,True,0.4492641363284276,0.0667629308448276,2.124,19.53870139426801,8.135,False,0.02999419046475601
大田区|田園調布南,大田区,田園調布南,3833.0,225276.8528536116,2072,1465.0,329.20000023,1.15699995,21307.422,5.252,True,0.707046332046332,0.22470989776791808,1.15699995,10.283504826254825,5.252,False,0.15888030899131272
大田区|田園調布本町,大田区,田園調布本町,8103.0,431578.7249205151,4097,1436.0,315.11099919,1.50800002,77364.166,6.128,True,0.35050036612155233,0.21943662896239552,1.50800002,18.883125701732975,6.128,False,0.07691261879179886
大田区|田園調布1丁目,大田区,田園調布一丁目,7330.0,528103.5252489713,5420,3764.0,276.467,4.463,114801.008,4.749,True,0.6944649446494465,0.07345031880977683,4.463,21.18099778597786,4.749,False,0.05100867158671587
大田区|田園調布2丁目,大田区,田園調布二丁目,4414.0,388181.6498996854,3780,3679.0,293.829,2.427,91965.885,12.543,True,0.9732804232804233,0.07986653982060343,2.427,24.329599206349204,12.543,False,0.0777325396825397
大田区|田園調布3丁目,大田区,田園調布三丁目,1827.0,316579.5955249932,3017,3017.0,135.059,0.752,101881.123,12.937,True,1.0,0.04476599270798807,0.752,33.769016572754396,12.937,False,0.04476599270798807
大田区|田園調布4丁目,大田区,田園調布四丁目,2005.0,271125.9782552212,2551,2545.0,223.084,0.897,68317.944,7.484,True,0.9976479811838495,0.0876557956777996,0.897,26.78084829478636,7.484,False,0.08744962759702077
大田区|田園調布5丁目,大田区,田園調布五丁目,3524.0,329178.2259523224,3135,3114.0,394.5087,2.4389,62145.346,6.806,True,0.9933014354066986,0.1266887283236994,2.4389,19.82307687400319,6.806,False,0.12584009569377988
大田区|雪谷大塚町,大田区,雪谷大塚町,2649.0,143651.6007838259,1376,192.0,4.84700008,0.20200001,33704.97,21.86,True,0.13953488372093023,0.025244792083333332,0.20200001,24.494890988372095,21.86,False,0.0035225291279069766
大田区|鵜の木1丁目,大田区,鵜の木一丁目,4189.0,201801.5378565653,1934,1065.0,255.47899963,1.04200006,18180.698,4.237,True,0.5506721820062047,0.239886384629108,1.04200006,9.400567735263703,4.237,False,0.13209875885729058
大田区|鵜の木2丁目,大田区,鵜の木二丁目,5620.0,231315.0443670995,2217,2022.0,788.1920022,0.921,11402.625,4.205,True,0.912043301759134,0.3898081118694362,0.921,5.143267929634641,4.205,False,0.35552187740189445
大田区|鵜の木3丁目,大田区,鵜の木三丁目,4684.0,182194.6382488703,1673,1411.0,217.89199941,0.829,10254.605,4.468,True,0.8433950986252241,0.1544238124805103,0.829,6.129471010161386,4.468,False,0.13024028655708308
大田区|千鳥1丁目,大田区,千鳥一丁目,3144.0,122177.26517736881,1179,984.0,106.25399958999999,0.67299998,8298.501,4.94,True,0.8346055979643766,0.1079817069004065,0.67299998,7.038592875318066,4.94,False,0.09012213705682781
大田区|千鳥2丁目,大田区,千鳥二丁目,3753.0,186364.03165861295,1774,1552.0,205.12900004,0.35800001,9213.011,4.5,True,0.874859075535513,0.1321707474484536,0.35800001,5.193354565952649,4.5,False,0.1156307779255919
大田区|千鳥3丁目,大田区,千鳥三丁目,3379.0,145921.87749632055,1450,1011.0,96.28300035,0.49399999,10117.980000000001,5.145,True,0.6972413793103448,0.09523541083086053,0.49399999,6.977917241379311,5.145,False,0.06640206920689655
大田区|南久が原1丁目,大田区,南久が原一丁目,2153.0,144400.89805625798,1430,929.0,69.70100007,0.79900002,20043.692,7.105,True,0.6496503496503496,0.07502798715823467,0.79900002,14.016567832167832,7.105,False,0.048741958090909095
大田区|南久が原2丁目,大田区,南久が原二丁目,4196.0,204898.12264560975,1970,957.0,117.14500068,0.92699999,27706.39,6.233,True,0.4857868020304569,0.12240856915360501,0.92699999,14.06415736040609,6.233,False,0.059464467350253805
大田区|久が原1丁目,大田区,久が原一丁目,3983.0,255585.8335431047,2520,1220.0,564.44599968,2.192,37753.495,7.162,True,0.48412698412698413,0.46266065547540985,2.192,14.981545634920636,7.162,False,0.2239865078095238
大田区|久が原2丁目,大田区,久が原二丁目,5058.0,261547.5178910806,2452,1887.0,1870.78199986,2.763,21878.276,4.05,True,0.7695758564437194,0.9914054053312136,2.763,8.922624796084829,4.05,False,0.7629616638907014
大田区|久が原3丁目,大田区,久が原三丁目,3709.0,209981.31168667306,2045,1454.0,72.59400006,0.37,38123.958,17.035,True,0.7110024449877751,0.049927097702888584,0.37,18.64252224938875,17.035,False,0.03549828853789731
大田区|久が原4丁目,大田区,久が原四丁目,4143.0,276186.54048004304,2678,1450.0,64.00900011,0.27900001,44084.398,7.893,True,0.5414488424197162,0.04414413800689655,0.27900001,16.46168707991038,7.893,False,0.02390179242345034
大田区|久が原5丁目,大田区,久が原五丁目,5694.0,240166.52136643493,2311,1530.0,930.3880000400001,2.146,24920.030000000002,4.05,True,0.6620510601471224,0.6080967320522876,2.146,10.783223712678495,4.05,False,0.40259108612721767
大田区|久が原6丁目,大田区,久が原六丁目,2112.0,160903.7584177495,1573,825.0,42.82800026,0.79900002,24234.866,6.465,True,0.5244755244755245,0.05191272758787879,0.79900002,15.406780673871584,6.465,False,0.02722695502860776
大田区|南千束1丁目,大田区,南千束一丁目,2801.0,180061.92370386925,1719,983.0,21.62000008,0.352,47772.994,20.943,True,0.5718440954043048,0.021993896317395727,0.352,27.791154159394996,20.943,False,0.01257707974403723
大田区|南千束2丁目,大田区,南千束二丁目,1899.0,205830.68459187233,1675,699.0,76.81699973,0.87,43628.883,19.6,True,0.4173134328358209,0.1098955647067239,0.87,26.04709432835821,19.6,False,0.04586089536119403
大田区|南千束3丁目,大田区,南千束三丁目,2990.0,154926.0659315185,1471,773.0,20.32100003,0.56300002,44027.827,22.405,True,0.5254928619986404,0.026288486455368694,0.56300002,29.930541808293675,22.405,False,0.013814411985044189
大田区|北千束1丁目,大田区,北千束一丁目,4856.0,252922.8208980901,2511,593.0,14.06699994,0.99199998,87410.658,26.4,True,0.23616089207487057,0.023721753693086003,0.99199998,34.81109438470729,26.4,False,0.005602150513739546
大田区|北千束2丁目,大田区,北千束二丁目,4739.0,226543.32270380054,2212,888.0,27.60399987,0.667,76368.197,24.172,True,0.4014466546112116,0.031085585439189187,0.667,34.5245013562387,24.172,False,0.01247920428119349
大田区|北千束3丁目,大田区,北千束三丁目,3381.0,160046.44402291972,1530,462.0,71.92899956,0.70999998,47265.001,22.125,True,0.30196078431372547,0.15569047523809523,0.70999998,30.892157516339868,22.125,False,0.04701241801307189
大田区|石川町1丁目,大田区,石川町一丁目,1688.0,129941.1270152271,1210,969.0,412.37499986,4.992,27300.598,13.155,True,0.8008264462809918,0.42556759531475746,4.992,22.562477685950416,13.155,False,0.3408057850082645
大田区|石川町2丁目,大田区,石川町二丁目,3997.0,162467.1793760581,1502,1231.0,680.13300008,3.795,26563.476,12.14,True,0.8195739014647138,0.5525044679772543,3.795,17.685403462050598,12.14,False,0.4528182423968043
大田区|仲池上1丁目,大田区,仲池上一丁目,4280.0,258075.79430892714,2475,1774.0,1970.854,2.67,32722.446,6.015,True,0.7167676767676767,1.1109661781285232,2.67,13.221190303030303,6.015,False,0.7963046464646465
大田区|仲池上2丁目,大田区,仲池上二丁目,5321.0,237454.79389567306,2228,2057.0,2808.03600011,2.51,16834.44,4.535,True,0.9232495511669659,1.3651122995187164,2.51,7.555852782764811,4.535,False,1.2603393178231597
大田区|東雪谷1丁目,大田区,東雪谷一丁目,2826.0,168934.66461093855,1693,1096.0,37.02099977,0.588,39223.065,11.82,True,0.6473715298287065,0.03377828446167883,0.588,23.167787950383936,11.82,False,0.02186709968694625
大田区|東雪谷2丁目,大田区,東雪谷二丁目,4738.0,198701.00287140335,1917,1262.0,362.53699927,1.925,40677.197,10.445,True,0.658320292123109,0.287271790229794,1.925,21.219195096504954,10.445,False,0.1891168488628065
大田区|東雪谷3丁目,大田区,東雪谷三丁目,3621.0,166841.16331807972,1626,990.0,245.82199993,1.957,32623.255,8.21,True,0.6088560885608856,0.24830505043434345,1.957,20.0635024600246,8.21,False,0.15118204177736777
大田区|東雪谷4丁目,大田区,東雪谷四丁目,3164.0,161837.21544085964,1550,1056.0,98.39000004,1.47399998,30244.165,9.47,True,0.6812903225806451,0.09317234852272728,1.47399998,19.512364516129033,9.47,False,0.06347741938064516
大田区|東雪谷5丁目,大田区,東雪谷五丁目,3831.0,192313.39236357575,1829,1278.0,1115.28100033,7.432,32580.314,5.29,True,0.6987424822307272,0.8726768390688576,7.432,17.81318425369054,5.29,False,0.6097763807162384
大田区|南雪谷1丁目,大田区,南雪谷一丁目,3358.0,117542.33194186896,1092,717.0,215.1329997,3.145,19836.987,9.36,True,0.6565934065934066,0.30004602468619246,3.145,18.16573901098901,9.36,False,0.19700824148351648
大田区|南雪谷2丁目,大田区,南雪谷二丁目,2566.0,113458.68958142173,1086,642.0,16.99600003,0.167,25172.785,18.13,True,0.5911602209944752,0.026473520295950157,0.167,23.179360036832414,18.13,False,0.01565009210865562
大田区|南雪谷3丁目,大田区,南雪谷三丁目,2179.0,135508.40105520547,1256,852.0,351.77800007,3.004,20044.662,8.102,True,0.678343949044586,0.41288497660798124,3.004,15.959125796178345,8.102,False,0.28007802553343947
大田区|南雪谷4丁目,大田区,南雪谷四丁目,1935.0,113208.40697801078,1087,534.0,9.92899998,0.23999999,23452.587,12.748,True,0.49126034958601655,0.018593632921348316,0.23999999,21.57551701931923,12.748,False,0.00913431460901564
大田区|南雪谷5丁目,大田区,南雪谷五丁目,2352.0,159368.72005591454,1527,1368.0,1495.84799993,3.378,17477.835,6.56,True,0.8958742632612967,1.0934561402997076,3.378,11.445864440078585,6.56,False,0.9795992140995416
大田区|上池台1丁目,大田区,上池台一丁目,4493.0,236391.365037699,2227,582.0,19.629,0.62,68895.216,18.935,True,0.2613381230354737,0.033726804123711346,0.62,30.936334081724294,18.935,False,0.008814099685675798
大田区|上池台2丁目,大田区,上池台二丁目,3594.0,181610.08514810252,1775,1046.0,62.29400023,0.71100003,39086.511,12.287,True,0.5892957746478873,0.05955449352772467,0.71100003,22.020569577464787,12.287,False,0.0350952113971831
大田区|上池台3丁目,大田区,上池台三丁目,4773.0,224371.353946639,2151,1358.0,408.00800041,1.395,36814.235,8.55,True,0.6313342631334263,0.300447717533137,1.395,17.114939562993957,8.55,False,0.18968293835890285
大田区|上池台4丁目,大田区,上池台四丁目,4507.0,207910.0813607497,2024,928.0,30.20499978,0.43599999,54655.846,13.758,True,0.45849802371541504,0.032548491142241384,0.43599999,27.00387648221344,13.758,False,0.014923418863636366
大田区|上池台5丁目,大田区,上池台五丁目,5830.0,234736.87199419565,2244,827.0,397.49000014,2.127,47344.036,7.83,True,0.36853832442067735,0.4806408707859734,2.127,21.098055258467024,7.83,False,0.17713458116755793
大田区|東糀谷1丁目,大田区,東糀谷一丁目,3621.0,170491.5494358339,1581,1093.0,86.9449997,0.50099999,2213.886,0.52,True,0.6913345983554712,0.0795471177493138,0.50099999,1.4003074003795066,0.52,False,0.05499367469955723
大田区|東糀谷2丁目,大田区,東糀谷二丁目,1799.0,99607.77010986923,942,681.0,95.12199993,0.61500001,1166.591,0.605,True,0.7229299363057324,0.1396798824229075,0.61500001,1.2384193205944798,0.605,False,0.10097876850318471
大田区|東糀谷3丁目,大田区,東糀谷三丁目,2340.0,94521.67947482636,901,784.0,185.57700097,0.58700001,1122.829,0.705,True,0.8701442841287459,0.23670535838010204,0.58700001,1.2462031076581574,0.705,False,0.20596781461709213
大田区|東糀谷4丁目,大田区,東糀谷四丁目,2363.0,172492.84949117145,1650,1141.0,144.75699981,0.64099997,1952.879,0.515,True,0.6915151515151515,0.12686853620508326,0.64099997,1.1835630303030302,0.515,False,0.08773151503636364
大田区|東糀谷5丁目,大田区,東糀谷五丁目,1016.0,178139.11748174866,1649,998.0,57.29699987,0.29499999,2180.033,-0.33,True,0.6052152819890843,0.05741182351703407,0.29499999,1.3220333535476045,-0.33,False,0.03474651295936931
大田区|東糀谷6丁目,大田区,東糀谷六丁目,1028.0,224274.56178198187,2045,732.0,93.69399992,0.38299999,4428.526,-0.4,True,0.35794621026894863,0.12799726765027322,0.38299999,2.1655383863080684,-0.4,False,0.0458161368801956
大田区|西糀谷1丁目,大田区,西糀谷一丁目,4994.0,207398.02222215215,1969,1446.0,140.51000001,1.435,4513.607,0.695,True,0.7343829355002539,0.09717150761410788,1.435,2.29233468765871,0.695,False,0.07136109700863381
大田区|西糀谷2丁目,大田区,西糀谷二丁目,5080.0,191232.41521475662,1790,1286.0,79.11800052,0.55000001,3346.886,0.85,True,0.7184357541899441,0.06152255094867807,0.55000001,1.869768715083799,0.85,False,0.04420000029050279
大田区|西糀谷3丁目,大田区,西糀谷三丁目,6042.0,280736.0520351164,2671,2065.0,232.55800041,0.65399998,4635.666,0.665,True,0.77311868214152,0.11261888639709443,0.65399998,1.735554473979783,0.665,False,0.0870677650355672
大田区|西糀谷4丁目,大田区,西糀谷四丁目,5017.0,206467.58265543357,2027,1636.0,135.65700062,0.249,4695.686,1.607,True,0.807104094721263,0.08291992702933985,0.249,2.3165693142575234,1.607,False,0.06692501263936852
大田区|北糀谷1丁目,大田区,北糀谷一丁目,3155.0,133758.24361972135,1237,1084.0,364.90199963,1.557,2188.319,0.975,True,0.8763136620856912,0.3366254609132841,1.557,1.769053354890865,0.975,False,0.2949894904042037
大田区|北糀谷2丁目,大田区,北糀谷二丁目,2049.0,90132.810539855,835,766.0,342.88900046,0.92000002,1546.319,1.02,True,0.9173652694610779,0.4476357708355091,0.92000002,1.8518790419161677,1.02,False,0.4106455095329341
大田区|羽田旭町,大田区,羽田旭町,470.0,275968.8635935349,2661,821.0,186.39300007,0.847,5017.088,0.03,True,0.30853062758361516,0.2270316687819732,0.847,1.8854145058248777,0.03,False,0.07004622325065764
大田区|羽田1丁目,大田区,羽田一丁目,2264.0,138217.25627416963,1361,960.0,117.42799999,0.46799999,1877.593,0.885,True,0.7053637031594416,0.12232083332291667,0.46799999,1.3795686994856724,0.885,False,0.08628067596620133
大田区|羽田2丁目,大田区,羽田二丁目,1886.0,111225.85781891506,1033,917.0,146.43699998,0.42899999,1523.833,0.837,True,0.8877057115198451,0.1596913849291167,0.42899999,1.4751529525653437,0.837,False,0.141758954482091
大田区|羽田3丁目,大田区,羽田三丁目,2480.0,133156.24999377682,1187,1001.0,120.29900004,0.377,1875.903,0.835,True,0.8433024431339511,0.12017882121878122,0.377,1.5803732097725358,0.835,False,0.10134709354675653
大田区|羽田4丁目,大田区,羽田四丁目,2609.0,124501.96972557821,1216,909.0,95.88999991,1.5,1464.723,-2.352,True,0.7475328947368421,0.10548954885588559,1.5,1.2045419407894737,-2.352,False,0.07885690782072369
大田区|羽田5丁目,大田区,羽田五丁目,3100.0,150538.6276211168,1431,873.0,84.99799995000001,0.38800001,2085.976,0.75,True,0.610062893081761,0.09736311563573884,0.38800001,1.457705101327743,0.75,False,0.05939762400419287
大田区|羽田6丁目,大田区,羽田六丁目,2467.0,134202.14599048864,1157,920.0,94.57600017,0.5,1851.387,0.418,True,0.7951598962834918,0.10280000018478261,0.5,1.600161624891962,0.418,False,0.08174243748487468
大田区|本羽田1丁目,大田区,本羽田一丁目,4236.0,226394.90764015977,2158,1638.0,172.29900023,0.57800001,5229.623,1.05,True,0.7590361445783133,0.10518864482905982,0.57800001,2.4233656163113992,1.05,False,0.07984198342446709
大田区|本羽田2丁目,大田区,本羽田二丁目,4256.0,168116.08072615828,1655,1215.0,182.07300014,0.43599999,3589.145,1.433,True,0.7341389728096677,0.14985432110288066,0.43599999,2.168667673716012,1.433,False,0.11001389736555892
大田区|本羽田3丁目,大田区,本羽田三丁目,3285.0,293370.1544286915,2732,1641.0,196.60499985,0.54000002,5874.374,0.82,True,0.6006588579795022,0.11980804378427788,0.54000002,2.150210102489019,0.82,False,0.07196376275622256
大田区|羽田空港1丁目,大田区,羽田空港一丁目,0.0,1182510.3941357473,31,12.0,0.173,0.02,56.215,0.2,True,0.3870967741935484,0.014416666666666666,0.02,1.8133870967741936,0.2,False,0.005580645161290323
大田区|羽田空港2丁目,大田区,羽田空港二丁目,0.0,3142930.971581475,0,,,,,,False,,,,,,False,
大田区|羽田空港3丁目,大田区,羽田空港三丁目,0.0,10119950.52465042,0,,,,,,False,,,,,,False,
大田区|萩中1丁目,大田区,萩中一丁目,4178.0,162715.26838087285,1589,1232.0,170.51399966,0.39199999,4118.791,2.145,True,0.775330396475771,0.13840422050324674,0.39199999,2.5920648206419132,2.145,False,0.10730899915670232
大田区|萩中2丁目,大田区,萩中二丁目,3347.0,130611.65457982024,1321,1058.0,121.80100013,0.33399999,3007.895,1.695,True,0.8009084027252081,0.1151238186483932,0.33399999,2.276983345950038,1.695,False,0.09220363370931113
大田区|萩中3丁目,大田区,萩中三丁目,4064.0,226241.26288156692,2221,1582.0,244.02200004,0.65399998,3853.055,0.787,True,0.7122917604682576,0.15424905185840707,0.65399998,1.734828905898244,0.787,False,0.10987032869878433
大田区|東六郷1丁目,大田区,東六郷一丁目,4183.0,156902.68294038926,1530,1395.0,244.82499991,0.48500001,4138.667,2.183,True,0.9117647058823529,0.1755017920501792,0.48500001,2.7050111111111113,2.183,False,0.16001633981045751
大田区|東六郷2丁目,大田区,東六郷二丁目,3178.0,164470.4168987127,1581,1078.0,104.08099995,0.58200002,4496.336,1.945,True,0.6818469323213157,0.09655009271799629,0.58200002,2.8439822896900697,1.945,False,0.06583238453510437
大田区|東六郷3丁目,大田区,東六郷三丁目,3604.0,182135.12541329133,1772,1132.0,102.64499967,0.417,5108.164,1.875,True,0.6388261851015802,0.0906757947614841,0.417,2.8827110609480813,1.875,False,0.057926072048532735
大田区|西六郷1丁目,大田区,西六郷一丁目,6445.0,285609.09591446305,2786,2326.0,549.69200061,0.49000001,10827.047,3.215,True,0.8348887293610912,0.23632502175838352,0.49000001,3.886233668341709,3.215,False,0.19730509713208905
大田区|西六郷2丁目,大田区,西六郷二丁目,5118.0,240128.80970543472,2336,2114.0,449.14199975,0.51800001,8483.578,3.017,True,0.9049657534246576,0.21246073781929992,0.51800001,3.6316686643835614,3.017,False,0.1922696916738014
大田区|西六郷3丁目,大田区,西六郷三丁目,4990.0,173811.87703056232,1670,1251.0,130.07100013,0.31799999,5616.005,2.635,True,0.7491017964071857,0.10397362120703436,0.31799999,3.362877245508982,2.635,False,0.0778868264251497
大田区|西六郷4丁目,大田区,西六郷四丁目,5793.0,218339.59417543642,2085,1417.0,426.37900051,0.77499998,6806.308,2.305,True,0.6796163069544364,0.3009026115102329,0.77499998,3.2644163069544363,2.305,False,0.20449832158752998
大田区|南六郷1丁目,大田区,南六郷一丁目,5382.0,205747.73887242025,1962,1553.0,218.00300026,0.435,4680.786,1.37,True,0.7915392456676861,0.1403754026142949,0.435,2.3857217125382264,1.37,False,0.11111264029561671
大田区|南六郷2丁目,大田区,南六郷二丁目,7556.0,255340.00143837676,2403,1816.0,260.82900002,0.85799998,5460.463,0.805,True,0.7557220141489804,0.14362830397577095,0.85799998,2.272352476071577,0.805,False,0.10854307116937163
大田区|南六郷3丁目,大田区,南六郷三丁目,4580.0,247027.37669544012,2312,1362.0,170.99799986,0.61199999,5771.716,1.258,True,0.5891003460207612,0.1255491922613803,0.61199999,2.496416955017301,1.258,False,0.07396107260380622
大田区|仲六郷1丁目,大田区,仲六郷一丁目,5396.0,211837.08430363008,2027,1573.0,184.90699986,0.38299999,6375.716,2.535,True,0.7760236803157375,0.11755054027972028,0.38299999,3.1453951652688703,2.535,False,0.09122200289097188
大田区|仲六郷2丁目,大田区,仲六郷二丁目,4094.0,183006.23376918695,1804,1657.0,218.66399972,0.382,5494.7,2.528,True,0.9185144124168514,0.1319637898129149,0.382,3.0458425720620843,2.528,False,0.12121064286031041
大田区|仲六郷3丁目,大田区,仲六郷三丁目,3546.0,163263.85581749742,1606,1393.0,290.27500052,0.50800002,5050.604,2.587,True,0.8673723536737236,0.208381192045944,0.50800002,3.144834371108344,2.587,False,0.18074408500622663
大田区|仲六郷4丁目,大田区,仲六郷四丁目,3731.0,169877.87319914383,1647,1014.0,176.35199999,1.597,5538.954,1.263,True,0.6156648451730419,0.17391715975345168,1.597,3.3630564663023677,1.263,False,0.10707468123254402
大田区|下丸子1丁目,大田区,下丸子一丁目,3953.0,157196.94173477343,1550,1222.0,600.26599981,1.50699997,6911.526,3.14,True,0.7883870967741935,0.4912160391243863,1.50699997,4.459049032258064,3.14,False,0.3872683869741935
大田区|下丸子2丁目,大田区,下丸子二丁目,10333.0,432519.02494108264,3893,2801.0,1233.44799993,1.16600001,17583.422,3.225,True,0.7194965322373491,0.4403598714494823,1.16600001,4.516676599023889,3.225,False,0.31683740044438735
大田区|下丸子3丁目,大田区,下丸子三丁目,2798.0,238537.27924894664,2214,1352.0,259.15799954,1.02699995,11755.086,3.8,True,0.6106594399277326,0.19168491090236686,1.02699995,5.309433604336043,3.8,False,0.11705420033423668
大田区|下丸子4丁目,大田区,下丸子四丁目,6232.0,361415.85607283766,3237,2032.0,646.14899966,1.10300004,17993.089,3.948,True,0.6277417361754711,0.3179867124311023,1.10300004,5.558569354340439,3.948,False,0.19961353094223044
大田区|矢口1丁目,大田区,矢口一丁目,4344.0,216933.20499745922,2089,1623.0,284.34600123,1.50699997,10648.74,3.07,True,0.7769267592149354,0.17519778264325325,1.50699997,5.097529918621349,3.07,False,0.1361158454906654
大田区|矢口2丁目,大田区,矢口二丁目,6050.0,243047.1184789803,2433,1609.0,309.50900075,1.16600001,11665.119,3.29,True,0.6613234689683518,0.19236109431323803,1.16600001,4.794541307028361,3.29,False,0.12721290618577888
大田区|矢口3丁目,大田区,矢口三丁目,6365.0,290397.5820167175,2588,1599.0,266.5859995,0.81099999,12577.897,3.69,True,0.6178516228748068,0.16672044996873048,0.81099999,4.860083848531685,3.69,False,0.10300850057959815
大田区|東矢口1丁目,大田区,東矢口一丁目,3442.0,156276.0922788264,1493,1359.0,377.90499985,0.74900001,6110.947,3.618,True,0.9102478231748158,0.2780757909124356,0.74900001,4.093065639651708,3.618,False,0.25311788335565977
大田区|東矢口2丁目,大田区,東矢口二丁目,3721.0,157072.42941179272,1504,1448.0,418.67500016,0.597,6709.172,3.94,True,0.9627659574468085,0.289140193480663,0.597,4.460885638297872,3.94,False,0.27837433521276594
大田区|東矢口3丁目,大田区,東矢口三丁目,5023.0,176482.15030560127,1734,1674.0,513.03799921,1.52100003,6859.685,3.533,True,0.9653979238754326,0.30647431255077656,1.52100003,3.955989042675894,3.533,False,0.2958696650576701
大田区|多摩川1丁目,大田区,多摩川一丁目,5002.0,251581.20830720445,2449,2161.0,312.59599925,0.62,11290.579,3.78,True,0.8824009799918334,0.14465340085608513,0.62,4.610281339322172,3.78,False,0.12764230267456103
大田区|多摩川2丁目,大田区,多摩川二丁目,8266.0,320354.6848272025,3020,2146.0,549.03899894,0.82200003,13890.213,3.225,True,0.7105960264900663,0.2558429631593663,0.82200003,4.599408278145695,3.225,False,0.18180099302649008
大田区|東蒲田1丁目,大田区,東蒲田一丁目,2574.0,108430.32463681838,1041,995.0,549.36799965,1.347,2301.847,1.48,True,0.9558117195004803,0.5521286428643216,1.347,2.21118828049952,1.48,False,0.5277310275216138
大田区|東蒲田2丁目,大田区,東蒲田二丁目,3199.0,145145.55656488988,1343,1286.0,949.41800013,1.411,2708.678,1.242,True,0.9575577066269546,0.7382721618429238,1.411,2.016886075949367,1.242,False,0.7069381981608339
大田区|南蒲田1丁目,大田区,南蒲田一丁目,3570.0,165777.62081034455,1526,1131.0,136.5660005,0.845,4073.05,1.328,True,0.7411533420707732,0.12074801105216623,0.845,2.669102228047182,1.328,False,0.08949279193971166
大田区|南蒲田2丁目,大田区,南蒲田二丁目,4504.0,200944.91928028324,1916,1497.0,183.311,0.461,5630.192,2.19,True,0.7813152400835073,0.12245223780895124,0.461,2.9385135699373697,2.19,False,0.09567379958246347
大田区|南蒲田3丁目,大田区,南蒲田三丁目,3641.0,125588.22021523894,1206,1134.0,123.68200007,0.37,3146.52,2.215,True,0.9402985074626866,0.10906701946208112,0.37,2.6090547263681594,2.215,False,0.10255555561359868
大田区|西蒲田1丁目,大田区,西蒲田一丁目,4080.0,147539.45688402644,1384,1382.0,1289.42200001,1.426,4664.616,2.65,True,0.9985549132947977,0.933011577431259,1.426,3.3703872832369943,2.65,False,0.9316632948049133
大田区|西蒲田2丁目,大田区,西蒲田二丁目,1697.0,103436.64292358755,984,980.0,500.708,1.178,4040.952,3.478,True,0.9959349593495935,0.5109265306122449,1.178,4.106658536585366,3.478,False,0.508849593495935
大田区|西蒲田3丁目,大田区,西蒲田三丁目,2910.0,124663.57401009754,1223,1215.0,656.408,1.033,4622.79,3.225,True,0.9934587080948487,0.5402534979423869,1.033,3.779877350776778,3.225,False,0.5367195421095666
大田区|西蒲田4丁目,大田区,西蒲田四丁目,4418.0,164513.41972014657,1525,1525.0,1273.92399995,3.784,4957.875,2.415,True,1.0,0.8353599999672131,3.784,3.2510655737704917,2.415,False,0.8353599999672131
大田区|西蒲田5丁目,大田区,西蒲田五丁目,3022.0,156395.81620010355,1438,1425.0,780.79000012,1.423,4640.373,0.0,True,0.9909596662030598,0.5479228071017543,1.423,3.22696314325452,0.0,False,0.542969402030598
大田区|西蒲田6丁目,大田区,西蒲田六丁目,4173.0,145631.7251000133,1425,1333.0,420.23099996,1.584,5304.459,2.428,True,0.9354385964912281,0.31525206298574643,1.584,3.7224273684210525,2.428,False,0.2948989473403509
大田区|西蒲田7丁目,大田区,西蒲田七丁目,5663.0,210066.56670910434,2102,1981.0,573.23799964,3.147,7503.207,0.575,True,0.9424357754519506,0.2893679957799091,3.147,3.5695561370123694,0.575,False,0.2727107514938154
大田区|西蒲田8丁目,大田区,西蒲田八丁目,2255.0,107311.00621822146,1046,938.0,233.95799962,0.78,3753.809,2.715,True,0.8967495219885278,0.24942217443496803,0.78,3.588727533460803,2.715,False,0.22366921569789677
大田区|蒲田1丁目,大田区,蒲田一丁目,6833.0,253464.77890842798,2366,2330.0,1139.38400002,2.134,6982.743,1.262,True,0.9847844463229078,0.48900600859227467,2.134,2.9512861369399834,1.262,False,0.48156551142011833
大田区|蒲田2丁目,大田区,蒲田二丁目,3754.0,158508.44286795834,1513,1495.0,614.63300008,0.793,4142.17,2.287,True,0.9881031064111038,0.4111257525618729,0.793,2.7377197620621283,2.287,False,0.4062346332319894
大田区|蒲田3丁目,大田区,蒲田三丁目,3456.0,140210.08253170684,1358,1343.0,797.67299998,1.187,3411.936,1.89,True,0.9889543446244478,0.5939486224720775,1.187,2.5124712812960235,1.89,False,0.5873880706774669
大田区|蒲田4丁目,大田区,蒲田四丁目,5050.0,162003.80965310783,1499,1365.0,315.93800007,0.781,4394.922,1.945,True,0.9106070713809206,0.2314564103076923,0.781,2.9319026017344894,1.945,False,0.2107658439426284
大田区|蒲田5丁目,大田区,蒲田五丁目,4022.0,220488.78469828874,2091,1620.0,395.00299985,2.116,6982.227,1.09,True,0.7747489239598279,0.2438290122530864,2.116,3.339180774748924,1.09,False,0.18890626487326637
大田区|蒲田本町1丁目,大田区,蒲田本町一丁目,3455.0,145519.4571353567,1386,862.0,147.26700052,0.574,4904.551,2.615,True,0.6219336219336219,0.17084338807424596,0.574,3.5386370851370854,2.615,False,0.10625324712842713
大田区|蒲田本町2丁目,大田区,蒲田本町二丁目,2646.0,115982.34676739073,1107,923.0,136.00799994,0.42699999,3426.122,2.59,True,0.8337850045167118,0.1473542794582882,0.42699999,3.094961156278229,2.59,False,0.12286178856368563
大田区|新蒲田1丁目,大田区,新蒲田一丁目,3050.0,183036.72202122994,1780,1231.0,221.17499965,0.537,6980.469,3.083,True,0.6915730337078652,0.1796709989033306,0.537,3.921611797752809,3.083,False,0.12425561778089886
大田区|新蒲田2丁目,大田区,新蒲田二丁目,2674.0,135238.3818933473,1290,1192.0,547.27799885,5.71199989,5136.097,-1.8,True,0.924031007751938,0.45912583796140943,5.71199989,3.981470542635659,-1.8,False,0.42424651073643416
大田区|新蒲田3丁目,大田区,新蒲田三丁目,4190.0,189268.06668758052,1811,1715.0,504.79799933,0.70099998,7230.832,3.58,True,0.9469906129210381,0.2943428567521866,0.70099998,3.992728879072336,3.58,False,0.2787399223246825
世田谷区|赤堤1丁目,世田谷区,赤堤１丁目,4551.0,285620.35715093656,2797,1861.0,800.17200259,1.33800006,105358.419,34.08,True,0.6653557382910261,0.42996883535196134,1.33800006,37.6683657490168,34.08,False,0.2860822318877369
世田谷区|赤堤2丁目,世田谷区,赤堤２丁目,4040.0,215265.84989064376,2118,1896.0,504.03300075,1.89999998,79643.236,33.045,True,0.8951841359773371,0.2658401902689873,1.89999998,37.60303871576959,33.045,False,0.23797592103399431
世田谷区|赤堤3丁目,世田谷区,赤堤３丁目,3763.0,219981.2047838319,2108,1455.0,260.24099934,1.02100003,82744.842,36.03,True,0.6902277039848197,0.17885979336082472,1.02100003,39.252771347248576,36.03,False,0.12345398450664134
世田谷区|赤堤4丁目,世田谷区,赤堤４丁目,3850.0,209311.85369428,1996,1559.0,258.81500045,0.98199999,81265.154,37.103,True,0.781062124248497,0.1660134704618345,0.98199999,40.71400501002004,37.103,False,0.12966683389278558
世田谷区|赤堤5丁目,世田谷区,赤堤５丁目,3940.0,177608.61559013085,1696,1377.0,64.30199977,0.37599999,71960.443,39.892,True,0.8119103773584906,0.04669716758896151,0.37599999,42.42950648584905,39.892,False,0.03791391495872642
世田谷区|池尻1丁目,世田谷区,池尻１丁目,1460.0,207364.00408939624,2017,704.0,75.36099982,0.65499997,59458.262,26.23,True,0.3490332176499752,0.10704687474431819,0.65499997,29.47856321269212,26.23,False,0.03736291513138324
世田谷区|池尻2丁目,世田谷区,池尻２丁目,4572.0,188294.8685829806,1803,1200.0,57.09999971,0.44299999,49344.337,16.642,True,0.6655574043261231,0.047583333091666666,0.44299999,27.367907376594566,16.642,False,0.031669439661674986
世田谷区|池尻3丁目,世田谷区,池尻３丁目,4780.0,213330.3831690431,2040,1903.0,1629.53800072,3.18799996,42667.022,15.77,True,0.932843137254902,0.8562995274408828,3.18799996,20.915206862745098,15.77,False,0.7987931376078431
世田谷区|池尻4丁目,世田谷区,池尻４丁目,5672.0,233602.26259118988,2247,1532.0,1089.09700476,3.05699992,61989.692,17.795,True,0.6817979528259902,0.7108988281723236,3.05699992,27.58775789942145,17.795,False,0.4846893657142856
世田谷区|宇奈根1丁目,世田谷区,宇奈根１丁目,2130.0,338715.1637357809,2439,2370.0,4161.3159,3.6514,37706.526,13.546,True,0.971709717097171,1.7558294936708858,3.6514,15.459830258302583,13.546,False,1.7061565805658054
世田谷区|宇奈根2丁目,世田谷区,宇奈根２丁目,2450.0,332686.8137074412,2200,2113.0,1493.7104,2.11,37157.814,15.201,True,0.9604545454545454,0.7069145291055371,2.11,16.889915454545452,15.201,False,0.6789592727272726
世田谷区|宇奈根3丁目,世田谷区,宇奈根３丁目,1161.0,131151.59228706453,1198,1190.0,1570.8386,3.3537,19202.544,13.85,True,0.993322203672788,1.32003243697479,3.3537,16.028834724540904,13.85,False,1.311217529215359
世田谷区|梅丘1丁目,世田谷区,梅丘１丁目,4068.0,203738.10635270248,1991,1775.0,568.33100085,1.75699997,69708.318,30.707,True,0.891511803114013,0.3201864793521127,1.75699997,35.01171170266198,30.707,False,0.2854500255399297
世田谷区|梅丘2丁目,世田谷区,梅丘２丁目,3374.0,198920.44350359612,1897,1743.0,1314.38900319,2.39400005,64927.815,30.342,True,0.9188191881918819,0.7540958136488812,2.39400005,34.226576172904586,30.342,False,0.6928777033157617
世田谷区|梅丘3丁目,世田谷区,梅丘３丁目,1567.0,90105.47725041177,859,686.0,211.69700103,1.88300002,29413.369,30.8,True,0.7986030267753201,0.3085962114139942,1.88300002,34.241407450523866,30.8,False,0.24644586848661235
世田谷区|大蔵1丁目,世田谷区,大蔵１丁目,2031.0,196513.3074384482,1877,1877.0,136.446,0.594,72720.759,33.536,True,1.0,0.07269366009589771,0.594,38.743078849227494,33.536,False,0.07269366009589771
世田谷区|大蔵2丁目,世田谷区,大蔵２丁目,1531.0,151557.19016133074,1446,1446.0,353.666,2.849,58839.343,37.982,True,1.0,0.244582295988935,2.849,40.69110857538036,37.982,False,0.244582295988935
世田谷区|大蔵3丁目,世田谷区,大蔵３丁目,1001.0,102848.10641698711,954,954.0,434.9376,4.4889,33038.626,22.364,True,1.0,0.45590943396226413,4.4889,34.631683438155136,22.364,False,0.45590943396226413
世田谷区|大蔵4丁目,世田谷区,大蔵４丁目,144.0,201319.82933435918,1885,1885.0,387.377,4.5924,70081.307,18.514,True,1.0,0.2055050397877984,4.5924,37.17841220159151,18.514,False,0.2055050397877984
世田谷区|大蔵5丁目,世田谷区,大蔵５丁目,1744.0,218930.22498035213,2015,2015.0,677.6061,5.6266,50011.745,15.23,True,1.0,0.3362809429280397,5.6266,24.819724565756825,15.23,False,0.3362809429280397
世田谷区|大蔵6丁目,世田谷区,大蔵６丁目,974.0,158179.52863421038,1444,1441.0,840.5921,4.0279,28840.19,14.347,True,0.9979224376731302,0.5833394170714781,4.0279,19.972430747922438,14.347,False,0.5821274930747922
世田谷区|大原1丁目,世田谷区,大原１丁目,5384.0,246451.6420490738,2420,1178.0,37.89899985,1.0,104663.88299999999,37.615,True,0.48677685950413224,0.032172325848896434,1.0,43.24953842975206,37.615,False,0.01566074373966942
世田谷区|大原2丁目,世田谷区,大原２丁目,2923.0,183110.5068556323,1848,557.0,28.80799999,0.278,86651.08499999999,41.37,True,0.3014069264069264,0.05171992816876122,0.278,46.88911525974026,41.37,False,0.015588744583333333
世田谷区|岡本1丁目,世田谷区,岡本１丁目,3069.0,256619.2684582591,2446,2446.0,287.239,1.707,82078.03,17.75,True,1.0,0.11743213409648405,1.707,33.55602207686018,17.75,False,0.11743213409648405
世田谷区|岡本2丁目,世田谷区,岡本２丁目,2227.0,256499.5582853603,2453,2367.0,823.6597,2.6919,52675.442,12.298,True,0.9649408887077049,0.3479762146176595,2.6919,21.47388585405626,12.298,False,0.3357764777823074
世田谷区|岡本3丁目,世田谷区,岡本３丁目,3150.0,238792.7264809629,2263,2257.0,633.4298,3.5383,70342.742,15.4,True,0.997348652231551,0.2806512184315463,3.5383,31.08384533804684,15.4,False,0.2799071144498453
世田谷区|奥沢1丁目,世田谷区,奥沢１丁目,5231.0,302706.11644349684,2913,1866.0,340.54500003,1.629,63354.567,15.975,True,0.6405767250257467,0.18250000001607716,1.629,21.748907312049436,15.975,False,0.11690525232749743
世田谷区|奥沢2丁目,世田谷区,奥沢２丁目,4338.0,249009.03134904653,2378,1509.0,492.54200028,1.86199999,61228.026,19.065,True,0.6345668629100084,0.32640291602385685,1.86199999,25.747698065601345,19.065,False,0.20712447446593776
世田谷区|奥沢3丁目,世田谷区,奥沢３丁目,3950.0,183568.86234171424,1748,735.0,14.93199986,0.25799999,46278.711,21.863,True,0.4204805491990847,0.02031564606802721,0.25799999,26.475235125858124,21.863,False,0.008542334016018305
世田谷区|奥沢4丁目,世田谷区,奥沢４丁目,2227.0,116210.27726239867,1121,467.0,4.58999998,0.23199999,32807.484,25.475,True,0.41659232827832293,0.00982869374732334,0.23199999,29.266265834076716,25.475,False,0.0040945584121320246
世田谷区|奥沢5丁目,世田谷区,奥沢５丁目,3562.0,214112.24480052118,2092,1114.0,123.2110002,1.04799998,62295.313,22.78,True,0.5325047801147228,0.1106023341113106,1.04799998,29.777874282982793,22.78,False,0.05889627160611855
世田谷区|奥沢6丁目,世田谷区,奥沢６丁目,3298.0,181205.10578153294,1733,645.0,20.76200001,0.61500001,59425.319,24.37,True,0.3721869590305828,0.03218914730232558,0.61500001,34.290432198499715,24.37,False,0.011980380848240046
世田谷区|奥沢7丁目,世田谷区,奥沢７丁目,3575.0,286235.97036717786,2769,1802.0,475.47800023,1.125,76404.149,23.545,True,0.650776453593355,0.2638612653884573,1.125,27.59268652943301,23.545,False,0.1717146985301553
世田谷区|奥沢8丁目,世田谷区,奥沢８丁目,2138.0,144524.35612984028,1381,707.0,24.193000100000003,0.27700001,43061.602,27.197,True,0.5119478638667632,0.03421923635077794,0.27700001,31.1814641564084,27.197,False,0.01751846495293266
世田谷区|尾山台1丁目,世田谷区,尾山台１丁目,1757.0,147098.47217513723,1357,1317.0,118.2549,1.126,31910.960000000003,8.915,True,0.9705232129697863,0.08979111617312073,1.126,23.51581429624171,8.915,False,0.08714436256448047
世田谷区|尾山台2丁目,世田谷区,尾山台２丁目,1958.0,185579.0012945315,1752,1726.0,125.34909999999999,1.039,42887.907,9.37,True,0.9851598173515982,0.07262404403244496,1.039,24.479398972602738,9.37,False,0.0715462899543379
世田谷区|尾山台3丁目,世田谷区,尾山台３丁目,2977.0,179590.733100016,1711,1246.0,267.44299959,0.67799997,48873.818,26.345,True,0.72822910578609,0.21464125167736758,0.67799997,28.564475745178257,26.345,False,0.15630800677381648
世田谷区|粕谷1丁目,世田谷区,粕谷１丁目,2867.0,247194.32935277,2357,1964.0,1675.9399979,2.8900001,102644.72,40.5,True,0.8332626219770896,0.8533299378309572,2.8900001,43.548884174798474,40.5,False,0.7110479414085702
世田谷区|粕谷2丁目,世田谷区,粕谷２丁目,5025.0,239605.51994296705,2288,1518.0,842.76600033,2.38499999,102142.81,41.285,True,0.6634615384615384,0.5551818183992094,2.38499999,44.64283653846154,41.285,False,0.3683417833610139
世田谷区|粕谷3丁目,世田谷区,粕谷３丁目,2837.0,214987.60513898506,2114,1394.0,318.37799911,1.36199999,97536.425,43.22,True,0.6594134342478714,0.22839167798421808,1.36199999,46.138327814569536,43.22,False,0.1506045407332072
世田谷区|粕谷4丁目,世田谷区,粕谷４丁目,2459.0,119848.89063662173,1168,958.0,260.29699954,1.34000003,53362.821,43.525,True,0.8202054794520548,0.2717087677870564,1.34000003,45.687346746575344,43.525,False,0.2228570201541096
世田谷区|鎌田1丁目,世田谷区,鎌田１丁目,1020.0,393922.89554785495,1021,929.0,3269.7963,8.1925,13346.427,8.02,True,0.9098922624877571,3.519694617868676,8.1925,13.071916748285993,8.02,False,3.2025428991185114
世田谷区|鎌田2丁目,世田谷区,鎌田２丁目,2681.0,237680.24202670628,1812,1681.0,3217.9227,4.9306,27360.612,11.678,True,0.9277041942604857,1.9142907198096373,4.9306,15.099675496688743,11.678,False,1.7758955298013246
世田谷区|鎌田3丁目,世田谷区,鎌田３丁目,2811.0,217150.05736633277,1967,1755.0,1122.5232,3.283,30936.163,12.489,True,0.8922216573462125,0.639614358974359,3.283,15.727586680223691,12.489,False,0.570677783426538
世田谷区|鎌田4丁目,世田谷区,鎌田４丁目,1357.0,152688.06114952316,1320,1279.0,1730.8045,3.2949,20989.656,13.886,True,0.968939393939394,1.3532482408131352,3.2949,15.901254545454545,13.886,False,1.3112155303030304
世田谷区|上馬1丁目,世田谷区,上馬１丁目,4947.0,158232.04363465507,1542,1116.0,158.212001,1.28199995,53117.521,27.95,True,0.7237354085603113,0.14176702598566307,1.28199995,34.44716018158236,27.95,False,0.10260181647211412
世田谷区|上馬2丁目,世田谷区,上馬２丁目,4791.0,174449.75780832907,1668,1390.0,229.57900033,1.79499996,59105.13,29.995,True,0.8333333333333334,0.16516474843884893,1.79499996,35.43473021582734,29.995,False,0.13763729036570746
世田谷区|上馬3丁目,世田谷区,上馬３丁目,1914.0,81008.79586681612,807,565.0,17.87400002,0.40200001,31798.96,36.315,True,0.7001239157372986,0.031635398265486725,0.40200001,39.40391573729863,36.315,False,0.02214869890954151
世田谷区|上馬4丁目,世田谷区,上馬４丁目,4889.0,224863.11267680913,2146,1618.0,312.89300121,1.23599994,79996.512,32.458,True,0.7539608574091333,0.1933825718232386,1.23599994,37.27703261882572,32.458,False,0.14580288965983226
世田谷区|上馬5丁目,世田谷区,上馬５丁目,4814.0,239109.2890799145,2289,1586.0,413.32999979,1.33000004,81124.989,30.052,True,0.6928789864569681,0.2606116013808323,1.33000004,35.44123591087811,30.052,False,0.18057230222367845
世田谷区|上北沢1丁目,世田谷区,上北沢１丁目,4193.0,247174.69496904573,2399,1684.0,331.10199979,1.00399995,103526.006,40.505,True,0.7019591496456857,0.19661638942399048,1.00399995,43.15381659024593,40.505,False,0.13801667352646935
世田谷区|上北沢2丁目,世田谷区,上北沢２丁目,133.0,199618.37176531402,1926,768.0,116.55999965,0.583,85630.715,42.235,True,0.3987538940809969,0.15177083287760415,0.583,44.46039200415368,42.235,False,0.06051921061786084
世田谷区|上北沢3丁目,世田谷区,上北沢３丁目,2722.0,179177.25583364666,1763,1341.0,122.38099989,0.583,77823.892,41.522,True,0.7606352807714124,0.09126099917225951,0.583,44.142876914350545,41.522,False,0.06941633572887125
世田谷区|上北沢4丁目,世田谷区,上北沢４丁目,4630.0,188451.1880142944,1818,1012.0,97.81300041,0.67000002,82277.456,43.083,True,0.5566556655665567,0.09665316246047431,0.67000002,45.25712651265127,43.083,False,0.053802530478547855
世田谷区|上北沢5丁目,世田谷区,上北沢５丁目,5211.0,250801.66598542864,2387,2020.0,310.07300037,0.55000001,108551.478,44.2,True,0.8462505236698785,0.15350148533168317,0.55000001,45.47611143695015,44.2,False,0.12990071234604106
世田谷区|上祖師谷1丁目,世田谷区,上祖師谷１丁目,3364.0,216561.74079374663,2082,1559.0,253.91700092,1.18599999,97602.17899999999,44.015,True,0.7487992315081652,0.16287171322642718,1.18599999,46.87904851104707,44.015,False,0.12195821369836694
世田谷区|上祖師谷2丁目,世田谷区,上祖師谷２丁目,4043.0,272156.40702616295,2617,2308.0,484.54299996,4.5494,118026.556,37.057,True,0.8819258693160107,0.2099406412305026,4.5494,45.0999449751624,37.057,False,0.1851520825219717
世田谷区|上祖師谷3丁目,世田谷区,上祖師谷３丁目,1559.0,164430.28203329645,1527,1524.0,352.6066,5.0239,64726.763,34.718,True,0.9980353634577603,0.2313691601049869,5.0239,42.38818795022921,34.718,False,0.23091460379829734
世田谷区|上祖師谷4丁目,世田谷区,上祖師谷４丁目,3298.0,235314.1900096927,2225,2225.0,267.0014,3.8851,101508.775,36.025,True,1.0,0.12000062921348315,3.8851,45.6219213483146,36.025,False,0.12000062921348315
世田谷区|上祖師谷5丁目,世田谷区,上祖師谷５丁目,3454.0,151233.02263918731,1448,1443.0,229.5872,0.821,67438.356,45.076,True,0.9965469613259669,0.1591040887040887,0.821,46.57345027624309,45.076,False,0.1585546961325967
世田谷区|上祖師谷6丁目,世田谷区,上祖師谷６丁目,2006.0,156194.60730426095,1454,1452.0,231.88830000000002,3.5929,63970.02,37.754,True,0.9986244841815681,0.15970268595041323,3.5929,43.995887207702886,37.754,False,0.15948301237964238
世田谷区|上祖師谷7丁目,世田谷区,上祖師谷７丁目,1665.0,136080.89900319738,1301,1301.0,113.503,0.407,61511.269,46.182,True,1.0,0.08724289008455034,0.407,47.27999154496541,46.182,False,0.08724289008455034
世田谷区|上野毛1丁目,世田谷区,上野毛１丁目,4214.0,205003.513805998,1961,1961.0,294.0481,2.46,66186.699,28.234,True,1.0,0.14994803671596124,2.46,33.751503824579295,28.234,False,0.14994803671596124
世田谷区|上野毛2丁目,世田谷区,上野毛２丁目,2484.0,252770.07320976668,2133,2084.0,2004.3612,4.0271,46710.203,7.583,True,0.9770276605719643,0.961785604606526,4.0271,21.898829348335678,7.583,False,0.9396911392405063
世田谷区|上野毛3丁目,世田谷区,上野毛３丁目,1985.0,158839.6520026188,1513,1489.0,590.2171,3.393,41345.585,9.941,True,0.984137475214805,0.396384889187374,3.393,27.326890284203568,9.941,False,0.39009722405816255
世田谷区|上野毛4丁目,世田谷区,上野毛４丁目,4212.0,210169.3566607709,2004,2004.0,238.71450000000002,1.0316,68738.077,31.059,True,1.0,0.1191190119760479,1.0316,34.3004376247505,31.059,False,0.1191190119760479
世田谷区|上用賀1丁目,世田谷区,上用賀１丁目,3032.0,208243.69284671816,2000,1544.0,115.81900001999999,0.628,89159.78,36.561,True,0.772,0.07501230571243522,0.628,44.57989,36.561,False,0.057909500009999997
世田谷区|上用賀2丁目,世田谷区,上用賀２丁目,960.0,219808.90896584492,1867,671.0,61.204,0.556,86421.345,41.644,True,0.3594001071237279,0.09121311475409837,0.556,46.28888323513658,41.644,False,0.03278200321371184
世田谷区|上用賀3丁目,世田谷区,上用賀３丁目,2272.0,154823.05625586808,1479,1479.0,99.566,0.371,56021.261,35.741,True,1.0,0.06731981068289385,0.371,37.87779648411089,35.741,False,0.06731981068289385
世田谷区|上用賀4丁目,世田谷区,上用賀４丁目,3086.0,215186.58923859632,2057,2057.0,181.077,0.556,84198.864,36.781,True,1.0,0.08802965483714147,0.556,40.93284589207584,36.781,False,0.08802965483714147
世田谷区|上用賀5丁目,世田谷区,上用賀５丁目,2683.0,215788.94282617042,2063,2063.0,385.021,0.915,74909.773,34.346,True,1.0,0.18663160445952498,0.915,36.31108725157537,34.346,False,0.18663160445952498
世田谷区|上用賀6丁目,世田谷区,上用賀６丁目,2705.0,237238.4223574779,2265,2265.0,266.875,0.604,87037.186,36.324,True,1.0,0.11782560706401767,0.604,38.42701368653422,36.324,False,0.11782560706401767
世田谷区|北烏山1丁目,世田谷区,北烏山１丁目,5255.0,315458.39220995025,3105,855.0,77.34300006,1.0,149402.805,45.69,True,0.2753623188405797,0.09045964919298245,1.0,48.11684541062802,45.69,False,0.024909178763285023
世田谷区|北烏山2丁目,世田谷区,北烏山２丁目,2125.0,125996.99607644489,1223,37.0,37.0,1.0,58929.096,47.14,True,0.03025347506132461,1.0,1.0,48.18405233033524,47.14,False,0.03025347506132461
世田谷区|北烏山3丁目,世田谷区,北烏山３丁目,3288.0,224154.31210799317,2155,503.0,503.0,1.0,102299.096,45.49,True,0.2334106728538283,1.0,1.0,47.470578190255225,45.49,False,0.2334106728538283
世田谷区|北烏山4丁目,世田谷区,北烏山４丁目,1982.0,197496.7704424083,1904,57.0,57.0,1.0,93782.538,47.85,True,0.029936974789915968,1.0,1.0,49.25553466386555,47.85,False,0.029936974789915968
世田谷区|北烏山5丁目,世田谷区,北烏山５丁目,1351.0,178059.223425207,1713,0.0,0.0,0.0,85669.864,48.845,True,0.0,,0.0,50.0115960303561,48.845,False,
世田谷区|北烏山6丁目,世田谷区,北烏山６丁目,3798.0,236551.88087316192,2260,8.0,8.0,1.0,109824.159,46.175,True,0.0035398230088495575,1.0,1.0,48.59476061946903,46.175,False,0.0035398230088495575
世田谷区|北烏山7丁目,世田谷区,北烏山７丁目,3226.0,241402.44115731787,2333,0.0,0.0,0.0,118182.408,49.3,True,0.0,,0.0,50.656840120017144,49.3,False,
世田谷区|北烏山8丁目,世田谷区,北烏山８丁目,3076.0,208694.7611173208,2016,0.0,0.0,0.0,101070.092,48.115,True,0.0,,0.0,50.13397420634921,48.115,False,
世田谷区|北烏山9丁目,世田谷区,北烏山９丁目,2755.0,230010.17329471596,2200,224.0,224.0,1.0,106912.825,46.273,True,0.10181818181818182,1.0,1.0,48.59673863636363,46.273,False,0.10181818181818182
世田谷区|北沢1丁目,世田谷区,北沢１丁目,5272.0,244113.757191716,2333,1435.0,150.23499973,1.523,93144.932,30.193,True,0.6150878696956709,0.10469337960278746,1.523,39.92496013716245,30.193,False,0.06439562783111874
世田谷区|北沢2丁目,世田谷区,北沢２丁目,2372.0,185356.37856037705,1804,1530.0,182.16100075,1.523,65982.917,28.517,True,0.8481152993348116,0.11905947761437909,1.523,36.57589634146341,28.517,False,0.10097616449556542
世田谷区|北沢3丁目,世田谷区,北沢３丁目,3201.0,157678.1944832983,1535,1086.0,266.45400059,1.32799995,59119.091,32.26,True,0.7074918566775245,0.2453535917034991,1.32799995,38.5140657980456,32.26,False,0.17358566813680784
世田谷区|北沢4丁目,世田谷区,北沢４丁目,3438.0,179646.0012222037,1812,1014.0,152.00900061,0.85600001,71331.581,33.88,True,0.5596026490066225,0.1499102570118343,0.85600001,39.3662146799117,33.88,False,0.08389017693708607
世田谷区|北沢5丁目,世田谷区,北沢５丁目,4164.0,203367.6047563998,2029,823.0,100.73700016,1.0,81323.623,36.9,True,0.405618531296205,0.1224021873147023,1.0,40.08064218827009,36.9,False,0.04964859544603252
世田谷区|喜多見1丁目,世田谷区,喜多見１丁目,2010.0,283194.48796939454,1802,1723.0,1166.5944,1.8538,31534.352,15.841,True,0.9561598224195339,0.6770716192687173,1.8538,17.49964039955605,15.841,False,0.647388679245283
世田谷区|喜多見2丁目,世田谷区,喜多見２丁目,1463.0,292927.50229821634,1987,1609.0,1013.6899,3.6372,36262.906,14.836,True,0.8097634625062909,0.6300123679303915,3.6372,18.250078510317064,14.836,False,0.5101609964771011
世田谷区|喜多見3丁目,世田谷区,喜多見３丁目,1436.0,177071.58420476964,1684,1667.0,1491.2694,3.1694,28715.472999999998,14.295,True,0.9899049881235155,0.8945827234553089,3.1694,17.051943586698336,14.295,False,0.8855519002375296
世田谷区|喜多見4丁目,世田谷区,喜多見４丁目,2633.0,270023.6200459657,2577,2535.0,574.3498,1.9308,51429.968,16.889,True,0.9837019790454016,0.2265679684418146,1.9308,19.957302289483895,16.889,False,0.2228753589445091
世田谷区|喜多見5丁目,世田谷区,喜多見５丁目,1729.0,223509.07643647637,2049,2034.0,735.1709,2.6823,37462.906,15.105,True,0.9926793557833089,0.36144095378564406,2.6823,18.283507076622744,15.105,False,0.35879497315763786
世田谷区|喜多見6丁目,世田谷区,喜多見６丁目,1528.0,138639.270367614,1249,1249.0,151.0962,2.2153,30473.898,16.079,True,1.0,0.12097373899119296,2.2153,24.398637309847878,16.079,False,0.12097373899119296
世田谷区|喜多見7丁目,世田谷区,喜多見７丁目,3382.0,333857.46213794796,2990,2973.0,577.7432,2.7439,61381.13,16.528,True,0.994314381270903,0.19433003699966364,2.7439,20.528806020066888,16.528,False,0.19322515050167224
世田谷区|喜多見8丁目,世田谷区,喜多見８丁目,2379.0,162391.87910767386,1520,1223.0,228.2997,1.7884,34221.036,19.175,True,0.8046052631578947,0.18667187244480785,1.7884,22.51383947368421,19.175,False,0.15019717105263158
世田谷区|喜多見9丁目,世田谷区,喜多見９丁目,3180.0,292195.89768205356,2676,2457.0,789.8822,1.9144,63607.172,20.632,True,0.9181614349775785,0.3214823768823769,1.9144,23.769496263079223,20.632,False,0.2951727204783259
世田谷区|砧1丁目,世田谷区,砧１丁目,4334.0,271131.90239300113,2594,2594.0,303.597,1.452,101885.931,33.676,True,1.0,0.11703816499614494,1.452,39.27753700848111,33.676,False,0.11703816499614494
世田谷区|砧2丁目,世田谷区,砧２丁目,3605.0,143483.9512244275,1369,1369.0,83.626,1.068,65333.329,39.97,True,1.0,0.061085463842220605,1.068,47.72339590942293,39.97,False,0.061085463842220605
世田谷区|砧3丁目,世田谷区,砧３丁目,3880.0,188848.84959557123,1806,1806.0,321.06,0.776,73823.764,37.68,True,1.0,0.17777408637873754,0.776,40.87694573643411,37.68,False,0.17777408637873754
世田谷区|砧4丁目,世田谷区,砧４丁目,4326.0,191669.06888323234,1833,1833.0,150.244,2.002,78004.18,35.33,True,1.0,0.08196617566830333,2.002,42.555471903982536,35.33,False,0.08196617566830333
世田谷区|砧5丁目,世田谷区,砧５丁目,2695.0,171094.086871499,1637,1637.0,177.535,1.05,68299.0,35.86,True,1.0,0.10845143555284056,1.05,41.72205253512523,35.86,False,0.10845143555284056
世田谷区|砧6丁目,世田谷区,砧６丁目,2714.0,160306.29948635487,1531,1531.0,160.619,1.124,63681.817,38.152,True,1.0,0.10491116917047681,1.124,41.59491639451339,38.152,False,0.10491116917047681
世田谷区|砧7丁目,世田谷区,砧７丁目,2146.0,147489.95236476185,1370,1320.0,467.9117,6.3549,49362.2,25.72,True,0.9635036496350365,0.3544785606060606,6.3549,36.03080291970803,25.72,False,0.34154138686131386
世田谷区|砧8丁目,世田谷区,砧８丁目,3163.0,200122.77412489834,1890,1890.0,497.1408,4.8954,77960.689,31.072,True,1.0,0.26303746031746034,4.8954,41.249041798941796,31.072,False,0.26303746031746034
世田谷区|砧公園,世田谷区,砧公園,0.0,515762.591125899,4932,4932.0,771.459,2.977,184409.56,29.266,True,1.0,0.156419099756691,2.977,37.390421735604214,29.266,False,0.156419099756691
世田谷区|給田1丁目,世田谷区,給田１丁目,1450.0,181438.30694325102,1698,1683.0,228.4234,4.1131,77533.399,38.34,True,0.991166077738516,0.13572394533571003,4.1131,45.66160129564194,38.34,False,0.13452497055359244
世田谷区|給田2丁目,世田谷区,給田２丁目,1282.0,119619.49770486074,1120,833.0,186.7662,3.9533,50468.734000000004,38.812,True,0.74375,0.22420912364945977,3.9533,45.061369642857144,38.812,False,0.16675553571428572
世田谷区|給田3丁目,世田谷区,給田３丁目,3929.0,211245.57267245027,1980,1380.0,223.97870001,3.3556,93791.356,40.46,True,0.696969696969697,0.16230340580434782,3.3556,47.36937171717172,40.46,False,0.11312055556060606
世田谷区|給田4丁目,世田谷区,給田４丁目,3590.0,209369.05623234663,2007,816.0,114.6387,1.0,97658.556,46.81,True,0.40657698056801195,0.14048860294117646,1.0,48.65897159940209,46.81,False,0.05711943198804185
世田谷区|給田5丁目,世田谷区,給田５丁目,2715.0,126033.3124450356,1248,0.0,0.0,0.0,62147.4,47.665,True,0.0,,0.0,49.79759615384616,47.665,False,
世田谷区|経堂1丁目,世田谷区,経堂１丁目,4413.0,215293.2335198036,2056,1666.0,1310.63600086,1.88,76238.494,34.55,True,0.8103112840466926,0.7866962790276111,1.88,37.080979571984436,34.55,False,0.6374688720136187
世田谷区|経堂2丁目,世田谷区,経堂２丁目,3298.0,165401.01333251657,1588,1039.0,39.99700002,0.26100001,64297.188,37.455,True,0.6542821158690176,0.03849566893166506,0.26100001,40.489413098236774,37.455,False,0.025187027720403023
世田谷区|経堂3丁目,世田谷区,経堂３丁目,3460.0,172659.7596577884,1664,1107.0,884.8469979500001,2.13400006,65577.089,36.42,True,0.6652644230769231,0.7993197813459801,2.13400006,39.409308293269234,36.42,False,0.5317590131911059
世田谷区|経堂4丁目,世田谷区,経堂４丁目,4692.0,220679.56127018042,2170,1726.0,658.5099998,2.13400006,88443.737,36.178,True,0.7953917050691244,0.3815237542294322,2.13400006,40.75748248847926,36.178,False,0.3034608294009216
世田谷区|経堂5丁目,世田谷区,経堂５丁目,4624.0,221406.210880692,2119,1396.0,691.61799994,2.00699997,83679.894,35.105,True,0.6588013213780085,0.4954283667191977,2.00699997,39.49027560169891,35.105,False,0.326388862642756
世田谷区|駒沢1丁目,世田谷区,駒沢１丁目,2928.0,214963.6014394648,2067,937.0,204.84700039,1.17900002,81520.427,35.37,True,0.4533139816158684,0.21862006445037355,1.17900002,39.43900677310111,35.37,False,0.0991035318771166
世田谷区|駒沢2丁目,世田谷区,駒沢２丁目,4894.0,268347.11381102813,2597,1112.0,225.25600018,1.02100003,102736.813,33.1,True,0.42818636888717754,0.2025683454856115,1.02100003,39.55980477474008,33.1,False,0.08673700430496727
世田谷区|駒沢3丁目,世田谷区,駒沢３丁目,3099.0,142235.3605299188,1402,969.0,90.78699998,1.11099994,59457.945,37.157,True,0.6911554921540656,0.09369143444788443,1.11099994,42.40937589158345,37.157,False,0.06475534948644794
世田谷区|駒沢4丁目,世田谷区,駒沢４丁目,3566.0,171436.1714845203,1639,1005.0,28.40800008,0.30500001,70300.35,40.615,True,0.6131787675411836,0.028266666746268657,0.30500001,42.89222086638194,40.615,False,0.017332519877974375
世田谷区|駒沢5丁目,世田谷区,駒沢５丁目,2333.0,126732.41220405171,1217,852.0,85.26999957,1.39199996,49856.563,36.97,True,0.7000821692686935,0.10008215911971831,1.39199996,40.96677321281841,36.97,False,0.07006573506162694
世田谷区|駒沢公園,世田谷区,駒沢公園,6.0,347205.2589218922,3313,1235.0,212.50599994,1.301,128008.895,31.455,True,0.37277392091759737,0.1720696355789474,1.301,38.638362511319045,31.455,False,0.06414307272562633
世田谷区|豪徳寺1丁目,世田谷区,豪徳寺１丁目,4255.0,205751.31411210753,2066,1484.0,552.1310019699999,1.56400001,77876.165,32.7,True,0.718296224588577,0.37205593124663067,1.56400001,37.69417473378509,32.7,False,0.267246370750242
世田谷区|豪徳寺2丁目,世田谷区,豪徳寺２丁目,2483.0,216447.47302957732,2131,1419.0,962.62100197,1.95200002,75766.677,31.715,True,0.665884561238855,0.6783798463495418,1.95200002,35.554517597372126,31.715,False,0.4517226663397465
世田谷区|桜1丁目,世田谷区,桜１丁目,4708.0,239921.52899690208,2325,1379.0,623.97300108,1.829,88097.163,32.52,True,0.5931182795698925,0.4524822342857143,1.829,37.891252903225805,32.52,False,0.2683754843354839
世田谷区|桜2丁目,世田谷区,桜２丁目,3418.0,159752.69008288387,1571,1188.0,144.11200037,0.97399998,62359.390999999996,35.885,True,0.7562062380649268,0.12130639761784512,0.97399998,39.69407447485678,35.885,False,0.09173265459579885
世田谷区|桜3丁目,世田谷区,桜３丁目,4136.0,233267.11394714125,2233,1130.0,64.36700008,0.80400002,97246.657,37.085,True,0.5060456784594716,0.056961946973451326,0.80400002,43.54977922077922,37.085,False,0.02882534710255262
世田谷区|桜丘1丁目,世田谷区,桜丘１丁目,2522.0,252046.336168624,2459,761.0,31.211999990000002,0.32499999,110722.55000000002,40.37,True,0.30947539650264333,0.04101445465177399,0.32499999,45.02747051647012,40.37,False,0.012692964615697439
世田谷区|桜丘2丁目,世田谷区,桜丘２丁目,3712.0,190322.06740586145,1882,1414.0,66.42300003,0.30500001,83865.067,41.47,True,0.7513283740701382,0.04697524754596888,0.30500001,44.56167215727949,41.47,False,0.03529383636025505
世田谷区|桜丘3丁目,世田谷区,桜丘３丁目,4275.0,231088.74990483298,2265,1814.0,131.819,1.039,103393.695,38.526,True,0.8008830022075055,0.072667585446527,1.039,45.64843046357616,38.526,False,0.058198233995584985
世田谷区|桜丘4丁目,世田谷区,桜丘４丁目,4410.0,289306.03240546567,2768,2768.0,180.99,0.762,122245.266,38.086,True,1.0,0.06538656069364163,0.762,44.16375216763006,38.086,False,0.06538656069364163
世田谷区|桜丘5丁目,世田谷区,桜丘５丁目,5001.0,259322.43722373576,2554,1962.0,110.66299999,1.069,118633.208,41.638,True,0.7682067345340642,0.05640316003567788,1.069,46.44996397807361,41.638,False,0.04332928738841033
世田谷区|桜新町1丁目,世田谷区,桜新町１丁目,3732.0,218110.65366786215,2080,1257.0,46.27200016,0.537,86005.105,36.818,True,0.604326923076923,0.03681145597454256,0.537,41.34860817307692,36.818,False,0.022246153923076918
世田谷区|桜新町2丁目,世田谷区,桜新町２丁目,4006.0,180295.08852826347,1781,1210.0,83.82200032,0.72899997,76211.335,37.92,True,0.6793935991016283,0.06927438042975206,0.72899997,42.79131667602471,37.92,False,0.04706457064570466
世田谷区|桜上水1丁目,世田谷区,桜上水１丁目,3279.0,201506.97403284718,1918,1185.0,290.76199941,0.88999999,79185.747,37.683,True,0.6178310740354536,0.2453687758734177,0.88999999,41.28558237747654,37.683,False,0.15159645433263816
世田谷区|桜上水2丁目,世田谷区,桜上水２丁目,2002.0,167809.2523547973,1649,944.0,42.12699999,0.37099999,71473.228,40.747,True,0.572468162522741,0.04462605931144068,0.37099999,43.34337659187386,40.747,False,0.025546998174651305
世田谷区|桜上水3丁目,世田谷区,桜上水３丁目,1723.0,244746.40642468742,2340,1399.0,333.8309993,0.84600002,95687.038,37.752,True,0.5978632478632478,0.23862115746962115,0.84600002,40.89189658119658,37.752,False,0.1426628202136752
世田谷区|桜上水4丁目,世田谷区,桜上水４丁目,4058.0,198900.6546183766,1931,1322.0,204.02099981,0.67699999,82194.718,40.055,True,0.6846193682030036,0.1543275338956127,0.67699999,42.56588192646297,40.055,False,0.105655618751942
世田谷区|桜上水5丁目,世田谷区,桜上水５丁目,3112.0,205831.06577133253,2050,1093.0,224.74500062,0.87,90736.889,40.443,True,0.5331707317073171,0.20562214146386096,0.87,44.26189707317073,40.443,False,0.10963170761951221
世田谷区|三軒茶屋1丁目,世田谷区,三軒茶屋１丁目,5225.0,203021.83631101417,1958,1169.0,696.62600101,1.56299996,60893.309,27.23,True,0.5970377936670072,0.5959161685286569,1.56299996,31.099749233912156,27.23,False,0.35578447446884576
世田谷区|三軒茶屋2丁目,世田谷区,三軒茶屋２丁目,7811.0,276234.0098806135,2670,2013.0,1528.42900071,2.0480001,86384.255,29.683,True,0.7539325842696629,0.7592791856482862,2.0480001,32.353653558052436,29.683,False,0.5724453186179775
世田谷区|下馬1丁目,世田谷区,下馬１丁目,6267.0,242787.42269291857,2324,2130.0,792.6869993399999,1.52900004,59262.0,20.745,True,0.9165232358003442,0.3721535208169014,1.52900004,25.5,20.745,False,0.3410873491135972
世田谷区|下馬2丁目,世田谷区,下馬２丁目,5548.0,272837.6789175693,2615,1806.0,427.58599883,1.49300003,80324.315,25.235,True,0.6906309751434034,0.236758581854928,1.49300003,30.716755258126195,25.235,False,0.16351281026003825
世田谷区|下馬3丁目,世田谷区,下馬３丁目,3742.0,188864.01701462563,1823,1397.0,332.98500016,1.44099998,56976.95,26.485,True,0.7663192539769611,0.2383571941016464,1.44099998,31.254498080087767,26.485,False,0.1826577071640154
世田谷区|下馬4丁目,世田谷区,下馬４丁目,2217.0,196023.76927103117,1871,888.0,266.1880006,1.52900004,57920.406,24.353,True,0.4746125066809193,0.299761261936937,1.52900004,30.95692463923036,24.353,False,0.14227044393372532
世田谷区|下馬5丁目,世田谷区,下馬５丁目,3950.0,214606.7880883982,2048,835.0,209.00800061,1.24699998,59988.579,21.178,True,0.40771484375,0.25030898276646707,1.24699998,29.29129833984375,21.178,False,0.10205468779785157
世田谷区|下馬6丁目,世田谷区,下馬６丁目,6017.0,295999.46790907934,2875,1667.0,150.54399955,0.87400001,91635.324,27.785,True,0.5798260869565217,0.09030833806238751,0.87400001,31.873156173913042,27.785,False,0.05236313027826086
世田谷区|新町1丁目,世田谷区,新町１丁目,2721.0,198052.7353131494,1922,857.0,58.4329997,0.79299998,80666.498,35.792,True,0.4458896982310094,0.06818319684947492,0.79299998,41.970082206035386,35.792,False,0.030402185067637883
世田谷区|新町2丁目,世田谷区,新町２丁目,3555.0,199577.39969831798,1947,1022.0,35.03899984,0.537,84413.106,36.96,True,0.5249101181304571,0.034284735655577304,0.537,43.35547303543914,36.96,False,0.017996404643040576
世田谷区|新町3丁目,世田谷区,新町３丁目,2040.0,124383.98245873602,1269,779.0,17.1050002,0.32300001,56614.238,38.405,True,0.6138691883372734,0.021957638254172015,0.32300001,44.613268715524036,38.405,False,0.01347911757289204
世田谷区|成城1丁目,世田谷区,成城１丁目,2358.0,255417.33301721074,2419,2371.0,897.2764,6.1384,85879.468,20.789,True,0.9801570897064903,0.378437958667229,6.1384,35.50205374121538,20.789,False,0.37092864820173627
世田谷区|成城2丁目,世田谷区,成城２丁目,3021.0,264080.53455970925,2510,2510.0,388.7123,4.06,101726.426,30.208,True,1.0,0.1548654581673307,4.06,40.528456573705185,30.208,False,0.1548654581673307
世田谷区|成城3丁目,世田谷区,成城３丁目,2223.0,229521.32182304328,2121,2121.0,226.5142,1.535,68876.7,19.129,True,1.0,0.10679594530881659,1.535,32.47369165487977,19.129,False,0.10679594530881659
世田谷区|成城4丁目,世田谷区,成城４丁目,3306.0,322929.45513305155,2940,2898.0,359.3668,2.795,107863.861,20.326,True,0.9857142857142858,0.12400510697032437,2.795,36.688388095238096,20.326,False,0.12223360544217689
世田谷区|成城5丁目,世田谷区,成城５丁目,2003.0,213745.83286710246,2042,2042.0,266.952,1.032,89094.567,40.8,True,1.0,0.13073065621939275,1.032,43.631031831537705,40.8,False,0.13073065621939275
世田谷区|成城6丁目,世田谷区,成城６丁目,1491.0,296022.41013289837,2799,2799.0,766.3346,5.2346,119761.633,32.165,True,1.0,0.273788710253662,5.2346,42.78729296177206,32.165,False,0.273788710253662
世田谷区|成城7丁目,世田谷区,成城７丁目,2509.0,231532.31138250727,2203,2203.0,548.7807,4.8099,94835.767,33.375,True,1.0,0.24910608261461645,4.8099,43.048464366772585,33.375,False,0.24910608261461645
世田谷区|成城8丁目,世田谷区,成城８丁目,3774.0,222789.60918181253,2132,2132.0,214.45,2.767,96278.532,42.195,True,1.0,0.10058630393996247,2.767,45.1587861163227,42.195,False,0.10058630393996247
世田谷区|成城9丁目,世田谷区,成城９丁目,2393.0,242452.43451668296,2309,2287.0,213.7266,4.3759,103390.932,34.095,True,0.9904720658293633,0.09345282028858766,4.3759,44.77736336076224,34.095,False,0.09256240796881765
世田谷区|瀬田1丁目,世田谷区,瀬田１丁目,2766.0,259659.3037208181,2482,2482.0,296.0956,2.152,76257.776,11.984,True,1.0,0.11929717969379532,2.152,30.724325543916194,11.984,False,0.11929717969379532
世田谷区|瀬田2丁目,世田谷区,瀬田２丁目,3471.0,210400.06486285158,2012,2012.0,238.071,2.95,67914.52,14.579,True,1.0,0.1183255467196819,2.95,33.75473161033798,14.579,False,0.1183255467196819
世田谷区|瀬田3丁目,世田谷区,瀬田３丁目,2318.0,109594.2873723328,1046,1046.0,89.771,2.935,37123.049,33.515,True,1.0,0.08582313575525813,2.935,35.490486615678776,33.515,False,0.08582313575525813
世田谷区|瀬田4丁目,世田谷区,瀬田４丁目,3703.0,291571.7587855183,2783,2768.0,404.0165,2.843,84003.266,13.33,True,0.9946101329500538,0.14595971820809248,2.843,30.184429033417178,13.33,False,0.14517301473230326
世田谷区|瀬田5丁目,世田谷区,瀬田５丁目,3393.0,228467.1242074152,2185,2185.0,220.18,0.573,82270.227,34.65,True,1.0,0.10076887871853547,0.573,37.65227780320366,34.65,False,0.10076887871853547
世田谷区|世田谷1丁目,世田谷区,世田谷１丁目,6319.0,278217.3364053288,2684,1934.0,120.27500016,0.435,102667.198,34.385,True,0.7205663189269746,0.06218976223371252,0.435,38.25156408345753,34.385,False,0.04481184804769002
世田谷区|世田谷2丁目,世田谷区,世田谷２丁目,3559.0,152718.84989295,1464,872.0,188.71699961,0.917,54533.4,33.775,True,0.5956284153005464,0.21641857753440366,0.917,37.24959016393443,33.775,False,0.1289050543784153
世田谷区|世田谷3丁目,世田谷区,世田谷３丁目,3247.0,131337.33491371406,1324,1297.0,1381.3789966,2.20499992,43901.04,31.14,True,0.979607250755287,1.0650570521202776,2.20499992,33.15788519637462,31.14,False,1.0433376107250756
世田谷区|世田谷4丁目,世田谷区,世田谷４丁目,3317.0,207011.9422262516,2009,680.0,408.09199987,2.33699989,74193.47,30.405,True,0.3384768541562967,0.6001352939264706,2.33699989,36.93054753608761,30.405,False,0.20313190635639622
世田谷区|祖師谷1丁目,世田谷区,祖師谷１丁目,3202.0,179063.98891112983,1697,1697.0,143.379,0.469,72350.177,40.29,True,1.0,0.0844896876841485,0.469,42.63416440777843,40.29,False,0.0844896876841485
世田谷区|祖師谷2丁目,世田谷区,祖師谷２丁目,1353.0,127908.89598910633,1235,1235.0,121.576,0.482,54212.083,41.981,True,1.0,0.09844210526315789,0.482,43.896423481781376,41.981,False,0.09844210526315789
世田谷区|祖師谷3丁目,世田谷区,祖師谷３丁目,4666.0,302138.7143548783,2844,2838.0,500.2788,4.0235,120345.863,32.864,True,0.9978902953586498,0.17627864693446088,4.0235,42.31570428973277,32.864,False,0.17590675105485232
世田谷区|祖師谷4丁目,世田谷区,祖師谷４丁目,3508.0,203413.6648967802,1914,1913.0,273.6132,3.6876,81968.116,34.449,True,0.9994775339602926,0.14302833246210142,3.6876,42.82555694879832,34.449,False,0.142953605015674
世田谷区|祖師谷5丁目,世田谷区,祖師谷５丁目,3060.0,221787.04987820695,2084,2068.0,414.4833,4.1843,88554.65,34.592,True,0.9923224568138196,0.20042712765957446,4.1843,42.492634357005755,34.592,False,0.19888833973128597
世田谷区|祖師谷6丁目,世田谷区,祖師谷６丁目,3605.0,220634.21162234966,2158,2015.0,197.22689996,0.538,99430.54000000001,38.974,True,0.9337349397590361,0.09787935481885857,0.538,46.07531974050047,38.974,False,0.09139337347544023
世田谷区|太子堂1丁目,世田谷区,太子堂１丁目,3047.0,199211.69233444254,1952,998.0,63.37699991,0.92699999,64221.625,30.027,True,0.5112704918032787,0.0635040079258517,0.92699999,32.900422643442624,30.027,False,0.03246772536372951
世田谷区|太子堂2丁目,世田谷区,太子堂２丁目,4257.0,177136.94202083873,1701,874.0,378.63100154,1.61899996,50463.358,23.11,True,0.5138154027042916,0.4332162489016018,1.61899996,29.666877131099355,23.11,False,0.22259318138741915
世田谷区|太子堂3丁目,世田谷区,太子堂３丁目,4762.0,169005.6819540892,1661,994.0,208.69499922,1.61899996,49611.435,23.185,True,0.5984346779048766,0.2099547275855131,1.61899996,29.86841360626129,23.185,False,0.12564418977724262
世田谷区|太子堂4丁目,世田谷区,太子堂４丁目,2808.0,147584.69266943834,1499,968.0,234.41100053000002,2.07800007,45790.309,25.055,True,0.6457638425617078,0.24216012451446284,2.07800007,30.547237491661107,25.055,False,0.15637825252168114
世田谷区|太子堂5丁目,世田谷区,太子堂５丁目,4022.0,156957.3568683514,1507,1241.0,694.2710001700001,2.07800007,44104.606,25.04,True,0.8234903782349038,0.5594448027155521,2.07800007,29.266493696084936,25.04,False,0.4606974121897811
世田谷区|玉川1丁目,世田谷区,玉川１丁目,3290.0,296393.4460696677,2145,2101.0,2733.3415,3.505,24452.923,5.462,True,0.9794871794871794,1.3009716801523084,3.505,11.399964102564102,5.462,False,1.2742850815850815
世田谷区|玉川2丁目,世田谷区,玉川２丁目,2215.0,170672.81973463562,1629,1519.0,1278.1435,2.7267,21282.18,10.5,True,0.9324739103744628,0.8414374588545095,2.7267,13.064567219152854,10.5,False,0.7846184775936156
世田谷区|玉川3丁目,世田谷区,玉川３丁目,3401.0,278932.0585203855,2177,1992.0,2045.55,6.8808,29364.939,7.579,True,0.9150206706476803,1.0268825301204818,6.8808,13.488717960496095,7.579,False,0.9396187413872301
世田谷区|玉川4丁目,世田谷区,玉川４丁目,3542.0,194018.23181014627,1856,1826.0,2195.8981,2.3024,25416.429,12.55,True,0.9838362068965517,1.202572891566265,2.3024,13.694196659482758,12.55,False,1.1831347521551723
世田谷区|玉川台1丁目,世田谷区,玉川台１丁目,2109.0,115540.45966098552,1104,1098.0,389.8732,3.203,38426.941,30.6,True,0.9945652173913043,0.3550757741347905,3.203,34.80701177536232,30.6,False,0.3531460144927536
世田谷区|玉川台2丁目,世田谷区,玉川台２丁目,4423.0,203316.94835018393,1940,1937.0,354.729,1.3831,69571.864,33.805,True,0.9984536082474227,0.183133195663397,1.3831,35.86178556701031,33.805,False,0.18284999999999998
世田谷区|玉川田園調布1丁目,世田谷区,玉川田園調布１丁目,1129.0,175854.41634510944,1593,971.0,94.94200000000001,2.375,58926.077999999994,16.39,True,0.6095417451349655,0.09777754891864059,2.375,36.99063276836158,16.39,False,0.05959949780288764
世田谷区|玉川田園調布2丁目,世田谷区,玉川田園調布２丁目,1275.0,123937.76937347549,1147,677.0,14.09,0.99,42489.443,28.403,True,0.5902353966870096,0.020812407680945347,0.99,37.043978204010465,28.403,False,0.012284219703574543
世田谷区|玉堤1丁目,世田谷区,玉堤１丁目,4896.0,498641.1371708381,2787,2716.0,474.6544,2.6635,28660.365,6.581,True,0.974524578399713,0.1747622974963181,2.6635,10.28358988159311,6.581,False,0.1703101542877646
世田谷区|玉堤2丁目,世田谷区,玉堤２丁目,1185.0,148455.70766920695,1075,1036.0,461.6707,5.233,11015.848,4.422,True,0.9637209302325581,0.4456280888030888,5.233,10.247300465116279,4.422,False,0.42946111627906974
世田谷区|代沢1丁目,世田谷区,代沢１丁目,2851.0,189405.10563173724,1845,1266.0,151.0410009,2.1730001,66123.433,24.785,True,0.6861788617886179,0.11930568791469194,2.1730001,35.839259078590786,24.785,False,0.08186504113821137
世田谷区|代沢2丁目,世田谷区,代沢２丁目,4622.0,269861.7110320675,2623,1902.0,204.89600106,2.1730001,100206.352,27.735,True,0.7251239039268014,0.10772660413249212,2.1730001,38.202955394586354,27.735,False,0.07811513574532977
世田谷区|代沢3丁目,世田谷区,代沢３丁目,2092.0,155150.9320513476,1569,1268.0,691.1630013,2.23200011,45857.798,23.26,True,0.8081580624601657,0.5450812313091483,2.23200011,29.227404716379862,23.26,False,0.44051179177820277
世田谷区|代沢4丁目,世田谷区,代沢４丁目,4342.0,213682.66631529128,2082,1516.0,783.91099925,2.23200011,61605.045,23.488,True,0.7281460134486071,0.5170916881596306,2.23200011,29.589358789625358,23.488,False,0.3765182513208453
世田谷区|代沢5丁目,世田谷区,代沢５丁目,2714.0,159549.2690191931,1555,1327.0,450.64000114,1.91999996,48958.826,25.665,True,0.8533762057877814,0.33959306792765637,1.91999996,31.484775562700964,25.665,False,0.2898006438199357
世田谷区|代田1丁目,世田谷区,代田１丁目,3902.0,203020.764255307,1943,1598.0,844.37499838,2.21099997,60983.255,27.27,True,0.822439526505404,0.528394867571965,2.21099997,31.38613226968605,27.27,False,0.4345728246937725
世田谷区|代田2丁目,世田谷区,代田２丁目,3450.0,200501.79735870424,1951,1008.0,233.75200061,2.21099997,75698.662,27.5,True,0.5166581240389544,0.23189682600198414,2.21099997,38.79992926704254,27.5,False,0.11981137909277294
世田谷区|代田3丁目,世田谷区,代田３丁目,5580.0,281037.20221646735,2726,1812.0,1050.46999834,2.10500002,93645.9,29.35,True,0.6647101980924431,0.5797295796578367,2.10500002,34.3528613352898,29.35,False,0.3853521637344094
世田谷区|代田4丁目,世田谷区,代田４丁目,3928.0,292237.39749848517,2783,1045.0,191.40399987,1.87699997,118136.826,30.843,True,0.37549407114624506,0.18316172236363637,1.87699997,42.44945238950773,30.843,False,0.06877614080848006
世田谷区|代田5丁目,世田谷区,代田５丁目,3340.0,185997.21710070237,1781,1093.0,204.07100052,1.87699997,70410.632,32.48,True,0.613700168444694,0.18670722828911254,1.87699997,39.53432453677709,32.48,False,0.1145822574508703
世田谷区|代田6丁目,世田谷区,代田６丁目,3565.0,200813.59813229076,1922,966.0,269.75100012,1.86800003,80007.337,34.485,True,0.5026014568158168,0.27924534173913046,1.86800003,41.62712643080125,34.485,False,0.14034911556711757
世田谷区|千歳台1丁目,世田谷区,千歳台１丁目,3553.0,164091.29681430937,1576,1566.0,178.685,0.665,67382.223,40.198,True,0.9936548223350253,0.11410280970625798,0.665,42.75521763959391,40.198,False,0.11337880710659898
世田谷区|千歳台2丁目,世田谷区,千歳台２丁目,3595.0,252009.03852437536,2480,2302.0,222.221,0.925,112097.352,43.469,True,0.9282258064516129,0.09653388357949609,0.925,45.20054516129032,43.469,False,0.08960524193548387
世田谷区|千歳台3丁目,世田谷区,千歳台３丁目,2705.0,134746.2644580418,1292,921.0,90.58499973,0.405,58129.956,44.175,True,0.7128482972136223,0.09835504856677525,0.405,44.99222600619195,44.175,False,0.07011222889318885
世田谷区|千歳台4丁目,世田谷区,千歳台４丁目,2887.0,152447.49431634284,1481,243.0,50.1709999,1.73800004,67131.169,41.803,True,0.16407832545577314,0.20646502016460905,1.73800004,45.328270762997974,41.803,False,0.033876434773801485
世田谷区|千歳台5丁目,世田谷区,千歳台５丁目,2055.0,145166.34960536516,1414,696.0,27.004000089999998,0.18700001,64658.639,44.867,True,0.49222065063649223,0.03879885070402299,0.18700001,45.72746746817539,44.867,False,0.01909759553748232
世田谷区|千歳台6丁目,世田谷区,千歳台６丁目,4478.0,140283.90566001032,1378,689.0,86.19400030999999,0.44400001,63880.057,45.712,True,0.5,0.1251001455878084,0.44400001,46.35708055152395,45.712,False,0.0625500727939042
世田谷区|弦巻1丁目,世田谷区,弦巻１丁目,5072.0,278565.20679402025,2710,1438.0,443.66500046,1.38600004,101840.499,34.14,True,0.5306273062730628,0.30852920755215574,1.38600004,37.57951992619926,34.14,False,0.1637140223099631
世田谷区|弦巻2丁目,世田谷区,弦巻２丁目,4546.0,222693.71465404745,2125,1240.0,256.14900024,1.38600004,86306.015,34.183,True,0.5835294117647059,0.20657177438709678,1.38600004,40.61459529411765,34.183,False,0.12054070599529412
世田谷区|弦巻3丁目,世田谷区,弦巻３丁目,4383.0,208687.3783052172,2012,1415.0,481.5530005,1.10800004,78411.261,36.06,True,0.7032803180914513,0.3403201416961131,1.10800004,38.971799701789266,36.06,False,0.23934045750497018
世田谷区|弦巻4丁目,世田谷区,弦巻４丁目,5197.0,221506.32940528574,2116,1055.0,97.03100063,0.72899997,88996.237,37.765,True,0.4985822306238185,0.09197251244549763,0.72899997,42.058713137996214,37.765,False,0.04585586041115312
世田谷区|弦巻5丁目,世田谷区,弦巻５丁目,6045.0,233552.64320482247,2218,1133.0,87.76000043,1.02900004,97865.629,39.205,True,0.5108205590622182,0.07745807628420125,1.02900004,44.12336744815149,39.205,False,0.03956717783137963
世田谷区|等々力1丁目,世田谷区,等々力１丁目,2533.0,242568.1657758686,2349,2285.0,287.2609,3.5588,55746.463,7.66,True,0.9727543635589613,0.12571592997811815,3.5588,23.731997871434654,7.66,False,0.12229071945508725
世田谷区|等々力2丁目,世田谷区,等々力２丁目,3569.0,238531.4142690947,2349,348.0,252.67899991000002,3.856,71425.04699999999,16.445,True,0.14814814814814814,0.7260890802011495,3.856,30.406575989782883,16.445,False,0.10756875262239252
世田谷区|等々力3丁目,世田谷区,等々力３丁目,2550.0,199798.31758431013,1960,1631.0,71.591,0.619,65232.282999999996,26.684,True,0.8321428571428572,0.04389393010423053,0.619,33.28177704081632,26.684,False,0.036526020408163266
世田谷区|等々力4丁目,世田谷区,等々力４丁目,2331.0,140873.75984308362,1380,52.0,1.779,0.133,42493.216,25.71,True,0.03768115942028986,0.03421153846153846,0.133,30.792185507246376,25.71,False,0.0012891304347826087
世田谷区|等々力5丁目,世田谷区,等々力５丁目,3508.0,219548.75626586867,2133,1231.0,339.09200146,0.99800003,60981.869999999995,25.55,True,0.577121425222691,0.2754606023233144,0.99800003,28.58971870604782,25.55,False,0.1589742154055321
世田谷区|等々力6丁目,世田谷区,等々力６丁目,4554.0,243982.41894511358,2327,1299.0,86.36199999,0.847,75509.04,24.995,True,0.5582294800171895,0.06648344879907621,0.847,32.4490932531156,24.995,False,0.037113021052857756
世田谷区|等々力7丁目,世田谷区,等々力７丁目,4624.0,242267.1979622304,2343,946.0,29.59500006,0.41800001,92559.286,32.73,True,0.40375586854460094,0.03128435524312896,0.41800001,39.5046034997866,32.73,False,0.012631242023047374
世田谷区|等々力8丁目,世田谷区,等々力８丁目,3672.0,203220.00066806283,1960,1937.0,120.839,0.958,76960.261,32.048,True,0.988265306122449,0.062384615384615386,0.958,39.26543928571429,32.048,False,0.06165255102040817
世田谷区|中町1丁目,世田谷区,中町１丁目,1891.0,165440.15398800318,1577,1577.0,405.295,3.856,48154.88,16.08,True,1.0,0.25700380469245404,3.856,30.535751426759667,16.08,False,0.25700380469245404
世田谷区|中町2丁目,世田谷区,中町２丁目,3564.0,258072.43111710728,2458,2457.0,433.2662,3.978,78399.131,22.248,True,0.999593165174939,0.17633951973951975,3.978,31.895496745321395,22.248,False,0.1762677786818552
世田谷区|中町3丁目,世田谷区,中町３丁目,3077.0,194808.4021145717,1882,1783.0,264.9376,2.0795,64921.859,28.386,True,0.9473963868225292,0.14859091418956813,2.0795,34.49620563230606,28.386,False,0.14077449521785335
世田谷区|中町4丁目,世田谷区,中町４丁目,3052.0,199477.92244125833,1925,1723.0,418.0445,2.5734,64305.32,28.785,True,0.8950649350649351,0.24262594312246083,2.5734,33.40536103896104,28.785,False,0.21716597402597404
世田谷区|中町5丁目,世田谷区,中町５丁目,3470.0,190414.8983043498,1848,1611.0,491.96090000000004,2.9765,68905.298,29.25,True,0.8717532467532467,0.30537610180012414,2.9765,37.28641666666666,29.25,False,0.2662126082251082
世田谷区|野毛1丁目,世田谷区,野毛１丁目,1775.0,217743.52026586427,2076,2076.0,432.4727,5.233,51867.525,6.38,True,1.0,0.208320183044316,5.233,24.984356936416187,6.38,False,0.208320183044316
世田谷区|野毛2丁目,世田谷区,野毛２丁目,2630.0,313630.9855983839,1880,1825.0,1124.3879,4.2791,35530.226,8.905,True,0.9707446808510638,0.6161029589041096,4.2791,18.899056382978724,8.905,False,0.598078670212766
世田谷区|野毛3丁目,世田谷区,野毛３丁目,1721.0,174826.7339532863,1225,1182.0,1297.0187,4.0774,24574.417,9.1,True,0.9648979591836735,1.0973085448392557,4.0774,20.060748571428572,9.1,False,1.0587907755102042
世田谷区|野沢1丁目,世田谷区,野沢１丁目,3668.0,147708.62063674658,1442,814.0,89.62099898,1.61000001,51580.48,27.205,True,0.5644937586685159,0.11009950734643734,1.61000001,35.770097087378645,27.205,False,0.062150484729542294
世田谷区|野沢2丁目,世田谷区,野沢２丁目,3293.0,132209.5380600487,1305,492.0,12.283999960000001,0.62699997,50088.574,30.602,True,0.37701149425287356,0.024967479593495937,0.62699997,38.382049042145596,30.602,False,0.009413026789272031
世田谷区|野沢3丁目,世田谷区,野沢３丁目,5669.0,263127.2627948376,2543,774.0,14.61100004,0.31200001,95036.042,31.415,True,0.3043649233189147,0.018877261033591733,0.31200001,37.37162485253638,31.415,False,0.005745576106960284
世田谷区|野沢4丁目,世田谷区,野沢４丁目,2813.0,129914.41703615028,1286,544.0,18.21899983,0.62699997,51288.27,35.1,True,0.4230171073094868,0.03349080851102942,0.62699997,39.882013996889576,35.1,False,0.014167184937791604
世田谷区|八幡山1丁目,世田谷区,八幡山１丁目,2841.0,177687.8129647964,1698,924.0,94.20199949,1.53499997,75675.342,39.98,True,0.5441696113074205,0.1019502158982684,1.53499997,44.56733922261484,39.98,False,0.05547820935806832
世田谷区|八幡山2丁目,世田谷区,八幡山２丁目,1454.0,202101.77739798446,1936,1192.0,1642.47399591,2.94700003,83287.725,40.145,True,0.6157024793388429,1.3779144260989933,2.94700003,43.02051911157025,40.145,False,0.848385328465909
世田谷区|八幡山3丁目,世田谷区,八幡山３丁目,3371.0,282746.6936266226,2733,2134.0,621.7059984699999,2.38499999,122419.148,40.94,True,0.7808269301134285,0.2913336450187441,2.38499999,44.79295572630809,40.94,False,0.22748115567874128
世田谷区|羽根木1丁目,世田谷区,羽根木１丁目,2995.0,150575.68994783974,1453,823.0,101.37700015,1.41799998,63604.081,38.42,True,0.5664143152099105,0.123179830072904,1.41799998,43.77431589814177,38.42,False,0.06977081909841706
世田谷区|羽根木2丁目,世田谷区,羽根木２丁目,4277.0,169004.67383068157,1646,1097.0,30.88200029,0.326,75762.251,40.915,True,0.6664641555285541,0.028151322051048314,0.326,46.02809902794654,40.915,False,0.01876184707776428
世田谷区|東玉川1丁目,世田谷区,東玉川１丁目,4132.0,239214.14121511474,2335,795.0,22.67599999,0.40799999,56608.822,17.21,True,0.3404710920770878,0.028523270427672956,0.40799999,24.243606852248394,17.21,False,0.009711349032119915
世田谷区|東玉川2丁目,世田谷区,東玉川２丁目,4348.0,250091.5470657932,2386,565.0,8.206999999999999,0.079,61651.108,23.152,True,0.23679798826487847,0.014525663716814158,0.079,25.838687342833193,23.152,False,0.00343964794635373
世田谷区|深沢1丁目,世田谷区,深沢１丁目,3510.0,230193.6365554348,2197,1474.0,281.56000039,1.22300005,75174.515,28.62,True,0.6709148839326354,0.19101763934192675,1.22300005,34.21689349112426,28.62,False,0.12815657732817481
世田谷区|深沢2丁目,世田谷区,深沢２丁目,4394.0,181382.42342227403,1780,557.0,44.78100012,1.37100005,70021.991,30.403,True,0.3129213483146067,0.08039676861759426,1.37100005,39.33819719101123,30.403,False,0.025157865235955056
世田谷区|深沢3丁目,世田谷区,深沢３丁目,2487.0,127804.54558216214,1221,1069.0,285.0810011,1.10399997,42425.258,30.183,True,0.8755118755118755,0.26668007586529463,1.10399997,34.74632104832105,30.183,False,0.23348157338247333
世田谷区|深沢4丁目,世田谷区,深沢４丁目,3575.0,292475.2668888674,2846,1781.0,398.24100125999996,1.12300003,103815.503,31.71,True,0.6257905832747717,0.22360527864121277,1.12300003,36.477689037245256,31.71,False,0.13993007774420238
世田谷区|深沢5丁目,世田谷区,深沢５丁目,3971.0,288923.53714605153,2863,1180.0,269.90200065,1.38600004,116121.149,33.287,True,0.41215508208173246,0.22873050902542372,1.38600004,40.55925567586448,33.287,False,0.09427244172196995
世田谷区|深沢6丁目,世田谷区,深沢６丁目,2635.0,220417.4872325058,2116,1237.0,253.75799931,1.36000001,82358.76,33.493,True,0.584593572778828,0.20513985392886014,1.36000001,38.921909262759925,33.493,False,0.11992344012759923
世田谷区|深沢7丁目,世田谷区,深沢７丁目,2356.0,230585.77746260414,2293,803.0,124.26600047,1.36000001,93380.192,33.847,True,0.3501962494548626,0.1547521799128269,1.36000001,40.72402616659398,33.847,False,0.0541936330004361
世田谷区|深沢8丁目,世田谷区,深沢８丁目,1715.0,133204.80593268148,1270,845.0,84.74199971,1.13199997,51669.056,35.67,True,0.6653543307086615,0.10028639018934911,1.13199997,40.684296062992125,35.67,False,0.06672598402362205
世田谷区|船橋1丁目,世田谷区,船橋１丁目,5230.0,260551.07659169566,2489,1683.0,127.48300014,0.741,108057.311,40.11,True,0.6761751707513057,0.07574747483065954,0.741,43.41394576134994,40.11,False,0.05121856172760145
世田谷区|船橋2丁目,世田谷区,船橋２丁目,2365.0,118436.59458706749,1138,602.0,38.37800005,0.36899999,50697.200000000004,43.222,True,0.5289982425307557,0.06375083064784053,0.36899999,44.5493848857645,43.222,False,0.033724077372583476
世田谷区|船橋3丁目,世田谷区,船橋３丁目,4077.0,170226.17775738923,1618,1032.0,467.21199901,1.89400005,67551.753,37.505,True,0.6378244746600742,0.45272480524224806,1.89400005,41.750156365883804,37.505,False,0.2887589610692213
世田谷区|船橋4丁目,世田谷区,船橋４丁目,3300.0,227681.70910571655,2241,1101.0,214.40800045,2.19799995,98891.031,39.265,True,0.49129852744310576,0.1947393282924614,2.19799995,44.128081659973226,39.265,False,0.09567514522534583
世田谷区|船橋5丁目,世田谷区,船橋５丁目,5034.0,217363.33364235252,2186,1333.0,1157.58900193,1.86500001,89538.254,37.193,True,0.6097895699908509,0.8684088536609152,1.86500001,40.959860018298265,37.193,False,0.5295466614501373
世田谷区|船橋6丁目,世田谷区,船橋６丁目,3066.0,139538.72696373687,1337,877.0,1059.42499854,2.19799995,55652.461,39.285,True,0.655946148092745,1.2080102605929304,2.19799995,41.62487733732237,39.285,False,0.7923896772924458
世田谷区|船橋7丁目,世田谷区,船橋７丁目,4231.0,177303.03046708868,1698,919.0,797.27899867,4.13399982,74006.455,38.687,True,0.5412249705535924,0.8675505970293798,4.13399982,43.584484687868084,38.687,False,0.46954004633097757
世田谷区|松原1丁目,世田谷区,松原１丁目,6262.0,284698.88443042483,2814,1496.0,235.65500085,2.17700005,128507.70599999999,36.395,True,0.5316275764036958,0.15752339629010695,2.17700005,45.66727292110874,36.395,False,0.08374378139658849
世田谷区|松原2丁目,世田谷区,松原２丁目,4993.0,255115.95826278155,2552,1714.0,125.50900042,2.17700005,117041.039,37.272,True,0.6716300940438872,0.07322578787631272,2.17700005,45.862476097178686,37.272,False,0.049180642797805645
世田谷区|松原3丁目,世田谷区,松原３丁目,5088.0,218438.4196115767,2127,1484.0,126.84499966,0.84399998,96004.097,39.2,True,0.6976962858486131,0.08547506715633423,0.84399998,45.13591772449459,39.2,False,0.059635636887635166
世田谷区|松原4丁目,世田谷区,松原４丁目,3673.0,185474.53251127,1774,996.0,62.53900028,0.722,76872.438,37.492,True,0.5614430665163472,0.06279016092369478,0.722,43.33282863585118,37.492,False,0.03525310049605412
世田谷区|松原5丁目,世田谷区,松原５丁目,5610.0,308399.4706230007,2983,1535.0,269.99100108,1.41799998,128906.307,35.435,True,0.5145826349312772,0.17588990298371335,1.41799998,43.213646329198795,35.435,False,0.09050988973516592
世田谷区|松原6丁目,世田谷区,松原６丁目,4144.0,247280.4933737575,2360,1797.0,712.8209998,1.82799995,87911.746,31.07,True,0.7614406779661017,0.39667278786867,1.82799995,37.25073983050847,31.07,False,0.3020427965254237
世田谷区|三宿1丁目,世田谷区,三宿１丁目,4025.0,166336.27438171592,1588,968.0,682.429998,2.85800004,42329.0,19.3,True,0.6095717884130982,0.7049896673553718,2.85800004,26.655541561712845,19.3,False,0.4297418123425692
世田谷区|三宿2丁目,世田谷区,三宿２丁目,4532.0,199210.82624553388,1901,1455.0,1644.29899997,3.10500002,49022.811,18.71,True,0.7653866386112572,1.1301024054776634,3.10500002,25.787906891109944,18.71,False,0.8649652814150448
世田谷区|南烏山1丁目,世田谷区,南烏山１丁目,3508.0,176505.60845955063,1730,1008.0,276.53700103,1.38900006,78804.645,42.517,True,0.5826589595375723,0.2743422629265873,1.38900006,45.55181791907515,42.517,False,0.15984797747398846
世田谷区|南烏山2丁目,世田谷区,南烏山２丁目,4518.0,200447.86818707504,2003,1287.0,821.58100066,1.50899994,90875.221,43.35,True,0.6425361957064404,0.6383690758818958,1.50899994,45.369556165751376,43.35,False,0.4101752374737893
世田谷区|南烏山3丁目,世田谷区,南烏山３丁目,4255.0,130467.00213849763,1289,800.0,463.58500088,1.29100001,59596.726,44.265,True,0.6206361520558572,0.5794812511,1.29100001,46.234853374709076,44.265,False,0.359647013871218
世田谷区|南烏山4丁目,世田谷区,南烏山４丁目,3188.0,163603.52489300392,1567,208.0,208.0,1.0,73960.787,44.838,True,0.13273771537970644,1.0,1.0,47.198970644543714,44.838,False,0.13273771537970644
世田谷区|南烏山5丁目,世田谷区,南烏山５丁目,2712.0,152674.0985448276,1501,747.0,187.98599949,1.09500003,70337.859,44.763,True,0.49766822118587606,0.25165461779116466,1.09500003,46.8606655562958,44.763,False,0.12524050598934044
世田谷区|南烏山6丁目,世田谷区,南烏山６丁目,5333.0,214411.99281095478,2063,347.0,301.55,1.0,97871.564,44.867,True,0.16820164808531265,0.8690201729106628,1.0,47.44137857489093,44.867,False,0.14617062530295685
世田谷区|宮坂1丁目,世田谷区,宮坂１丁目,3914.0,269749.4160442537,2584,1894.0,2223.04399987,2.204,94486.783,33.537,True,0.7329721362229102,1.1737296725818374,2.204,36.56609249226006,33.537,False,0.8603111454605263
世田谷区|宮坂2丁目,世田谷区,宮坂２丁目,3246.0,179946.08842679358,1724,935.0,168.34799959,1.26400006,66659.307,34.288,True,0.5423433874709976,0.18005133645989305,1.26400006,38.665491299303945,34.288,False,0.09764965173433873
世田谷区|宮坂3丁目,世田谷区,宮坂３丁目,4541.0,237355.12194791104,2313,1712.0,750.05099964,1.27499998,89665.673,35.35,True,0.7401642888024211,0.4381139016588785,1.27499998,38.76596325118893,35.35,False,0.32427626443579766
世田谷区|用賀1丁目,世田谷区,用賀１丁目,3958.0,230620.43852902536,2227,1965.0,471.465,3.0558,85263.168,30.539,True,0.8823529411764706,0.23993129770992366,3.0558,38.28611046250562,30.539,False,0.21170408621463851
世田谷区|用賀2丁目,世田谷区,用賀２丁目,4305.0,298615.2011779606,2474,2284.0,700.3714,2.242,97753.15800000001,31.574,True,0.9232012934518997,0.306642469352014,2.242,39.51218997574778,31.574,False,0.28309272433306387
世田谷区|用賀3丁目,世田谷区,用賀３丁目,4404.0,154157.45460068676,1454,1326.0,76.67,0.513,61658.868,35.495,True,0.9119669876203577,0.05782051282051282,0.513,42.40637414030262,35.495,False,0.05273039889958735
世田谷区|用賀4丁目,世田谷区,用賀４丁目,3150.0,231064.01032526244,2206,2204.0,560.4386,1.479,77709.039,33.335,True,0.99909338168631,0.25428248638838474,1.479,35.22621894832276,33.335,False,0.2540519492293744
世田谷区|若林1丁目,世田谷区,若林１丁目,4633.0,175425.82608663858,1707,972.0,651.0700002799999,1.90699995,53963.311,26.89,True,0.5694200351493849,0.6698251031687242,1.90699995,31.612953134153486,26.89,False,0.3814118337902753
世田谷区|若林2丁目,世田谷区,若林２丁目,3786.0,170480.6313363586,1629,1112.0,658.14399914,1.87600005,53883.346,26.627,True,0.6826273787599755,0.5918561143345323,1.87600005,33.07756046654389,26.627,False,0.40401718793124614
世田谷区|若林3丁目,世田谷区,若林３丁目,3551.0,171845.79314569946,1686,603.0,72.34700050000001,1.10399997,59574.145000000004,29.418,True,0.35765124555160144,0.11997844195688227,1.10399997,35.334605575326215,29.418,False,0.04291043920521946
世田谷区|若林4丁目,世田谷区,若林４丁目,4281.0,216211.889559301,2076,1141.0,691.1229996,2.41300011,72904.205,28.487,True,0.5496146435452793,0.605716914636284,2.41300011,35.117632466281314,28.487,False,0.3329108861271676
世田谷区|若林5丁目,世田谷区,若林５丁目,3444.0,160158.56264034528,1535,1309.0,1185.68199908,2.41300011,50034.64,28.563,True,0.8527687296416938,0.9057922070893811,2.41300011,32.59585667752443,28.563,False,0.7724312697589576
渋谷区|恵比寿1丁目,渋谷区,恵比寿１丁目,3786.0,152573.65534420309,1481,1330.0,316.32199974,7.242,18951.148,0.0,True,0.8980418636056718,0.2378360900300752,7.242,12.7961836596894,0.0,False,0.21358676552329509
渋谷区|恵比寿2丁目,渋谷区,恵比寿２丁目,4347.0,174055.80363183114,1663,1325.0,412.67899984,7.227,22100.673,0.0,True,0.7967528562838244,0.31145584893584904,7.227,13.28964101022249,0.0,False,0.24815333724594107
渋谷区|恵比寿3丁目,渋谷区,恵比寿３丁目,4797.0,188295.95105477714,1847,1411.0,91.97699972,1.28699994,42208.536,10.425,True,0.7639415268002165,0.06518568371367824,1.28699994,22.85248294531673,10.425,False,0.04979805074174336
渋谷区|恵比寿4丁目,渋谷区,恵比寿４丁目,2446.0,177283.58675521993,1748,1051.0,137.63200086,1.70099998,41414.883,13.465,True,0.601258581235698,0.13095337855375833,1.70099998,23.692724828375287,13.465,False,0.07873684259725401
渋谷区|広尾1丁目,渋谷区,広尾１丁目,2840.0,121662.85794942798,1168,678.0,194.21499996,6.039,17502.959,4.95,True,0.5804794520547946,0.28645280230088493,6.039,14.985410102739726,4.95,False,0.16627996571917808
渋谷区|広尾2丁目,渋谷区,広尾２丁目,1957.0,157187.5122058347,1509,996.0,187.2769999,1.52900004,34732.753,13.527,True,0.6600397614314115,0.18802911636546185,1.52900004,23.01706626905235,13.527,False,0.12410669310801856
渋谷区|広尾5丁目,渋谷区,広尾５丁目,3010.0,145972.78395311168,1401,997.0,421.86299983,5.413,15689.794,4.15,True,0.7116345467523197,0.42313239702106314,5.413,11.198996431120628,4.15,False,0.30111563157030685
渋谷区|猿楽町,渋谷区,猿楽町,1977.0,174511.79628663693,1672,1029.0,64.31800005,0.634,50549.777,16.57,True,0.6154306220095693,0.06250534504373177,0.634,30.233120215311004,16.57,False,0.0384677033791866
渋谷区|鴬谷町,渋谷区,鴬谷町,1781.0,107130.94232370988,1024,585.0,138.56199911,2.12299991,26769.608,16.24,True,0.5712890625,0.23685811813675212,2.12299991,26.1421953125,16.24,False,0.13531445225585936
渋谷区|鉢山町,渋谷区,鉢山町,1216.0,107778.53769115492,1028,571.0,77.21799985,1.26699996,32441.318,22.273,True,0.5554474708171206,0.1352329244308231,1.26699996,31.55770233463035,22.273,False,0.0751147858463035
渋谷区|代官山町,渋谷区,代官山町,2121.0,99529.92610652662,953,723.0,135.48699888,1.95099998,24080.212,15.845,True,0.7586568730325288,0.18739557244813276,1.95099998,25.267798530954877,15.845,False,0.1421689390136411
渋谷区|恵比寿西1丁目,渋谷区,恵比寿西１丁目,2069.0,129135.6037345264,1235,815.0,50.43400035,0.56300002,29553.627,13.41,True,0.659919028340081,0.0618822090184049,0.56300002,23.930062348178136,13.41,False,0.04083724724696356
渋谷区|恵比寿西2丁目,渋谷区,恵比寿西２丁目,2257.0,94377.37750525582,896,757.0,69.01200019,1.531,19195.844,12.71,True,0.8448660714285714,0.09116512574636723,1.531,21.42393303571429,12.71,False,0.07702232164062499
渋谷区|恵比寿南1丁目,渋谷区,恵比寿南１丁目,892.0,88856.11113669691,883,599.0,85.44799998,1.39300001,20779.19,13.767,True,0.6783691959229898,0.1426510851085142,1.39300001,23.532491506228766,13.767,False,0.09677010190260477
渋谷区|恵比寿南2丁目,渋谷区,恵比寿南２丁目,1895.0,96953.55038871251,954,782.0,46.86400004,0.377,25210.161,17.772,True,0.8197064989517819,0.059928388797953966,0.377,26.42574528301887,17.772,False,0.049123689769392034
渋谷区|恵比寿南3丁目,渋谷区,恵比寿南３丁目,2129.0,88933.17087768413,863,710.0,38.41999972,0.345,22900.818,20.097,True,0.8227114716106605,0.05411267566197183,0.345,26.53628968713789,20.097,False,0.04451911902665122
渋谷区|渋谷1丁目,渋谷区,渋谷１丁目,2000.0,175064.95229200422,1669,1189.0,514.90600178,2.296,40024.112,14.85,True,0.7124026363091671,0.4330580334566863,2.296,23.98089394847214,14.85,False,0.3085116847094068
渋谷区|渋谷2丁目,渋谷区,渋谷２丁目,710.0,182164.10549825727,1744,1447.0,589.98399969,4.681,45477.463,12.387,True,0.8297018348623854,0.40772909446440914,4.681,26.076526949541286,12.387,False,0.3382935778038991
渋谷区|渋谷3丁目,渋谷区,渋谷３丁目,814.0,159335.39692874657,1551,1339.0,890.5779998099999,6.064,26860.977000000003,8.8,True,0.8633139909735654,0.6651067959746079,6.064,17.31848936170213,8.8,False,0.5741960024564796
渋谷区|渋谷4丁目,渋谷区,渋谷４丁目,518.0,178376.90206627038,1757,691.0,175.68400048,2.68600011,56206.626,22.843,True,0.39328400682982356,0.2542460209551375,2.68600011,31.99011155378486,22.843,False,0.09999089384177576
渋谷区|東1丁目,渋谷区,東１丁目,2027.0,152455.60689574602,1490,1255.0,365.57699979,6.032,32277.482,8.6,True,0.8422818791946308,0.2912964141752988,6.032,21.662739597315436,8.6,False,0.24535369113422814
渋谷区|東2丁目,渋谷区,東２丁目,2657.0,149675.9209081047,1469,1215.0,359.75899989000004,5.998,26644.748,8.615,True,0.8270932607215793,0.2960979422962963,5.998,18.138017699115043,8.615,False,0.24490061258679377
渋谷区|東3丁目,渋谷区,東３丁目,2216.0,131244.98586735965,1298,855.0,375.80099977,4.301,23076.925,8.21,True,0.6587057010785824,0.43953333306432746,4.301,17.77883281972265,8.21,False,0.2895231123035439
渋谷区|東4丁目,渋谷区,東４丁目,1161.0,126900.73963328602,1259,619.0,43.126000000000005,1.38699996,37791.585999999996,21.65,True,0.49166004765687055,0.06967043618739904,1.38699996,30.01714535345512,21.65,False,0.034254169976171575
渋谷区|広尾3丁目,渋谷区,広尾３丁目,2961.0,159347.31313931805,1546,1081.0,425.11800055000003,4.9749999,38612.395000000004,16.38,True,0.6992238033635187,0.3932636452821462,4.9749999,24.97567593790427,16.38,False,0.274979301778784
渋谷区|広尾4丁目,渋谷区,広尾４丁目,4074.0,241379.1122868527,2350,245.0,39.30099995,1.03499997,62588.759999999995,10.855,True,0.10425531914893617,0.16041224469387755,1.03499997,26.63351489361702,10.855,False,0.016723829765957446
渋谷区|桜丘町,渋谷区,桜丘町,1871.0,147198.0305572482,1448,843.0,158.68999940999998,4.317,38531.447,12.842,True,0.5821823204419889,0.18824436466192168,4.317,26.610115331491713,12.842,False,0.10959254102900551
渋谷区|南平台町,渋谷区,南平台町,2049.0,138763.7904806086,1342,818.0,136.34000078999998,2.28299999,43392.85999999999,22.055,True,0.6095380029806259,0.166674817591687,2.28299999,32.33447093889716,22.055,False,0.10159463546199698
渋谷区|道玄坂1丁目,渋谷区,道玄坂１丁目,179.0,116736.6426812115,1127,740.0,232.26199995,4.662,29521.447,12.44,True,0.6566104702750666,0.3138675675,4.662,26.19471783496007,12.44,False,0.2060887311002662
渋谷区|道玄坂2丁目,渋谷区,道玄坂２丁目,325.0,104592.00339639575,998,660.0,243.48799964,2.24399996,23492.433,14.445,True,0.6613226452905812,0.3689212115757576,2.24399996,23.539512024048097,14.445,False,0.24397595154308618
渋谷区|円山町,渋谷区,円山町,2026.0,84591.79299183654,819,564.0,27.59700016,0.60500002,25321.304,20.787,True,0.6886446886446886,0.048930851347517734,0.60500002,30.9173431013431,20.787,False,0.0336959708913309
渋谷区|神泉町,渋谷区,神泉町,2216.0,103022.89843476507,1000,693.0,22.054000000000002,0.74900001,33205.951,24.28,True,0.693,0.031823953823953824,0.74900001,33.205951,24.28,False,0.022053999999999997
渋谷区|宇田川町,渋谷区,宇田川町,1406.0,177143.9154829669,1693,1187.0,957.23300263,2.56299996,37704.648,15.083,True,0.7011222681630243,0.8064304992670598,2.56299996,22.270908446544595,15.083,False,0.565406380761961
渋谷区|神南1丁目,渋谷区,神南１丁目,695.0,113586.90408456072,1084,830.0,163.53700071,2.24399996,25689.547,14.693,True,0.7656826568265682,0.19703253097590362,2.24399996,23.69884409594096,14.693,False,0.150864391798893
渋谷区|神南2丁目,渋谷区,神南２丁目,0.0,300216.3403243686,2951,776.0,252.6130001,2.31599998,89834.452,20.225,True,0.2629617078956286,0.32553221662371135,2.31599998,30.442037275499832,20.225,False,0.08560250765842088
渋谷区|神山町,渋谷区,神山町,2922.0,203161.05881653973,1973,1327.0,807.67899871,2.1400001,56289.894,18.755,True,0.6725798276735935,0.6086503381386587,2.1400001,28.53010339584389,18.755,False,0.4093659395387734
渋谷区|松濤1丁目,渋谷区,松濤１丁目,1273.0,176673.74832689358,1702,1024.0,117.15699997,1.48300004,49812.488,20.337,True,0.6016451233842538,0.11441113278320313,1.48300004,29.267031727379553,20.337,False,0.0688349000998825
渋谷区|松濤2丁目,渋谷区,松濤２丁目,1768.0,107202.82698758236,1069,886.0,45.8329999,0.375,34489.65,23.695,True,0.8288119738072965,0.05173024819413092,0.375,32.263470533208604,23.695,False,0.04287464911131898
渋谷区|代々木神園町,渋谷区,代々木神園町,107.0,1316718.8612593757,12612,998.0,472.93200159,2.454,422057.505,0.0,True,0.07913098636219473,0.47387976111222446,2.454,33.46475618458611,0.0,False,0.03749857291389153
渋谷区|富ケ谷1丁目,渋谷区,富ヶ谷１丁目,4383.0,185809.83438610565,1867,1570.0,1296.27999973,1.97899997,47086.54,19.85,True,0.8409212640599892,0.8256560507834395,1.97899997,25.220428494911623,19.85,False,0.6943117299035886
渋谷区|富ケ谷2丁目,渋谷区,富ヶ谷２丁目,5147.0,210964.06707903204,2039,1549.0,202.75799906,1.85099995,70458.456,22.69,True,0.7596861206473762,0.13089606136862492,1.85099995,34.55539774399215,22.69,False,0.09943992106915155
渋谷区|上原1丁目,渋谷区,上原１丁目,3097.0,157484.71165995492,1509,1297.0,211.1339992,1.73300004,48773.64,21.2,True,0.8595096090125911,0.16278642960678488,1.73300004,32.32182902584493,21.2,False,0.13991650046388335
渋谷区|上原2丁目,渋谷区,上原２丁目,4280.0,201611.11423935546,1959,1490.0,126.3289997,1.278,72747.033,24.415,True,0.7605921388463501,0.08478456355704697,1.278,37.134779479326184,24.415,False,0.06448647253700866
渋谷区|上原3丁目,渋谷区,上原３丁目,3362.0,189527.47233488812,1850,1210.0,350.55599854,3.54299998,67347.469,27.255,True,0.654054054054054,0.2897157012727273,3.54299998,36.40403729729729,27.255,False,0.18948972894054053
渋谷区|西原1丁目,渋谷区,西原１丁目,4049.0,232153.46606100645,2275,799.0,117.68300024,1.77199996,85885.18699999999,25.96,True,0.3512087912087912,0.14728786012515643,1.77199996,37.75173054945054,25.96,False,0.05172879131428571
渋谷区|西原2丁目,渋谷区,西原２丁目,3767.0,245457.14423029567,2367,1354.0,167.90000022,1.671,92381.7,27.277,True,0.5720321081537811,0.12400295437223044,1.671,39.02902408111534,27.277,False,0.0709336714068441
渋谷区|西原3丁目,渋谷区,西原３丁目,2806.0,178038.36289321404,1701,1400.0,338.82500058,1.41100001,53658.046,22.538,True,0.823045267489712,0.24201785755714286,1.41100001,31.54500058788948,22.538,False,0.19919165231040564
渋谷区|元代々木町,渋谷区,元代々木町,3877.0,185108.93604658134,1769,1205.0,580.25699973,1.54200006,51815.154,19.89,True,0.681175805539853,0.48154107861410783,1.54200006,29.29064669304692,19.89,False,0.3280141321254946
渋谷区|大山町,渋谷区,大山町,3526.0,239389.18877542205,2340,1197.0,108.73499916,1.93499994,90674.446,26.347,True,0.5115384615384615,0.09083959829573934,1.93499994,38.74976324786325,26.347,False,0.04646794835897435
渋谷区|代々木3丁目,渋谷区,代々木３丁目,4902.0,262839.39639697014,2530,80.0,94.0,2.0,93476.943,28.52,True,0.03162055335968379,1.175,2.0,36.94740830039526,28.52,False,0.03715415019762846
渋谷区|代々木4丁目,渋谷区,代々木４丁目,7158.0,256419.75265779273,2580,581.0,227.09899972,2.0,90113.23,25.44,True,0.2251937984496124,0.3908760752495697,2.0,34.92760852713178,25.44,False,0.08802286810852712
渋谷区|代々木5丁目,渋谷区,代々木５丁目,6659.0,293836.89221931156,2898,2040.0,528.19599896,1.57700002,86446.123,21.537,True,0.7039337474120083,0.25891960733333336,1.57700002,29.829580055210492,21.537,False,0.18226224946859906
渋谷区|本町1丁目,渋谷区,本町１丁目,5349.0,247528.59423373517,2394,249.0,248.025,1.0,92673.548,34.575,True,0.10401002506265664,0.9960843373493976,1.0,38.7107552213868,34.575,False,0.10360275689223057
渋谷区|初台1丁目,渋谷区,初台１丁目,4761.0,192639.29548546407,1960,434.0,55.27499982,2.0,78231.165,33.393,True,0.22142857142857142,0.1273617507373272,2.0,39.91385969387755,33.393,False,0.028201530520408163
渋谷区|初台2丁目,渋谷区,初台２丁目,3989.0,159753.94903291835,1531,1014.0,163.05499997,1.00600004,51184.785,24.47,True,0.6623122142390594,0.16080374750493098,1.00600004,33.43225669497061,24.47,False,0.10650228606792946
渋谷区|本町2丁目,渋谷区,本町２丁目,4571.0,155967.70419506493,1494,13.0,13.0,1.0,59139.431,31.583,True,0.008701472556894244,1.0,1.0,39.584625836680054,31.583,False,0.008701472556894244
渋谷区|本町3丁目,渋谷区,本町３丁目,4747.0,166146.55329955462,1589,432.0,450.0,2.0,51982.547,26.1,True,0.2718691000629327,1.0416666666666667,2.0,32.71400062932662,26.1,False,0.2831969792322216
渋谷区|本町4丁目,渋谷区,本町４丁目,4493.0,157576.0107350587,1506,533.0,538.0,2.0,49538.115,28.81,True,0.35391766268260294,1.0093808630393997,2.0,32.89383466135458,28.81,False,0.35723771580345287
渋谷区|本町5丁目,渋谷区,本町５丁目,4167.0,130724.5669609859,1245,382.0,382.0,1.0,40140.252,30.275,True,0.3068273092369478,1.0,1.0,32.241166265060244,30.275,False,0.3068273092369478
渋谷区|本町6丁目,渋谷区,本町６丁目,3901.0,132190.4873397525,1264,0.0,0.0,0.0,45514.338,31.573,True,0.0,,0.0,36.008178797468354,31.573,False,
渋谷区|幡ケ谷1丁目,渋谷区,幡ヶ谷１丁目,3411.0,155457.5396398805,1555,81.0,101.053,4.0,62497.195,35.99,True,0.05209003215434083,1.247567901234568,4.0,40.19112218649518,35.99,False,0.06498585209003216
渋谷区|幡ケ谷2丁目,渋谷区,幡ヶ谷２丁目,6152.0,219636.9549947073,2100,50.0,50.0,1.0,82963.382,35.283,True,0.023809523809523808,1.0,1.0,39.50637238095238,35.283,False,0.023809523809523808
渋谷区|幡ケ谷3丁目,渋谷区,幡ヶ谷３丁目,6894.0,212358.00838275882,2029,19.0,19.0,1.0,71807.572,31.79,True,0.009364218827008379,1.0,1.0,35.390621981271565,31.79,False,0.009364218827008379
渋谷区|笹塚1丁目,渋谷区,笹塚１丁目,6853.0,257637.5491131035,2543,337.0,162.02799996,1.0,104086.13,35.665,True,0.13252064490758947,0.4807952521068249,1.0,40.930448289421946,35.665,False,0.0637152968777035
渋谷区|笹塚2丁目,渋谷区,笹塚２丁目,5664.0,187974.9556762776,1799,177.0,209.0,2.0,73271.857,35.29,True,0.09838799332962757,1.1807909604519775,2.0,40.72921456364647,35.29,False,0.11617565314063369
渋谷区|笹塚3丁目,渋谷区,笹塚３丁目,4473.0,185157.610346506,1771,72.0,72.0,1.0,66190.344,34.373,True,0.040654997176736304,1.0,1.0,37.37455900621118,34.373,False,0.040654997176736304
渋谷区|千駄ケ谷1丁目,渋谷区,千駄ヶ谷１丁目,1736.0,238489.64432077593,2384,795.0,306.35800015,1.06599998,74110.649,24.175,True,0.3334731543624161,0.38535597503144653,1.06599998,31.086681627516782,24.175,False,0.12850587254614093
渋谷区|千駄ケ谷2丁目,渋谷区,千駄ヶ谷２丁目,1252.0,91150.03913717976,893,593.0,84.7769999,0.72799999,25032.153,22.965,True,0.6640537513997761,0.14296290033726813,0.72799999,28.03152631578947,22.965,False,0.09493505027995522
渋谷区|千駄ケ谷3丁目,渋谷区,千駄ヶ谷３丁目,3247.0,204620.9413334262,1960,1141.0,406.44600073,1.73300004,58474.601,25.413,True,0.5821428571428572,0.35621910668711654,1.73300004,29.83398010204082,25.413,False,0.20737040853571428
渋谷区|千駄ケ谷4丁目,渋谷区,千駄ヶ谷４丁目,2474.0,168224.3328660268,1644,240.0,213.94900042,1.41799998,52541.832,25.56,True,0.145985401459854,0.8914541684166667,1.41799998,31.95975182481752,25.56,False,0.13013929465936738
渋谷区|千駄ケ谷5丁目,渋谷区,千駄ヶ谷５丁目,2434.0,273129.2655686116,2624,46.0,46.0,1.0,93665.855,32.357,True,0.01753048780487805,1.0,1.0,35.69582888719512,32.357,False,0.01753048780487805
渋谷区|千駄ケ谷6丁目,渋谷区,千駄ヶ谷６丁目,15.0,199481.34698195042,1855,131.0,131.0,1.0,60502.194,0.0,True,0.07061994609164421,1.0,1.0,32.61573800539084,0.0,False,0.07061994609164421
渋谷区|代々木1丁目,渋谷区,代々木１丁目,3028.0,203252.7976486494,1947,571.0,774.0,2.0,61382.194,26.547,True,0.29327170005136105,1.3555166374781087,2.0,31.52655059065229,26.547,False,0.39753466872110943
渋谷区|代々木2丁目,渋谷区,代々木２丁目,3108.0,220752.11936892054,2122,359.0,467.0,3.0,74361.423,27.783,True,0.1691800188501414,1.3008356545961002,3.0,35.043083411875585,27.783,False,0.22007540056550423
渋谷区|神宮前1丁目,渋谷区,神宮前１丁目,1878.0,220453.44866322484,2108,755.0,88.48200014,1.602,57200.538,0.0,True,0.3581593927893738,0.11719470217218543,1.602,27.13498007590133,0.0,False,0.04197438336812144
渋谷区|神宮前2丁目,渋谷区,神宮前２丁目,3426.0,215163.74707911286,2091,1403.0,582.64800129,1.79999995,55489.483,20.03,True,0.6709708273553324,0.4152872425445474,1.79999995,26.537294595887136,20.03,False,0.2786456247202296
渋谷区|神宮前3丁目,渋谷区,神宮前３丁目,2949.0,216375.0807214244,2111,1551.0,497.04999638,2.49399996,61210.704,18.165,True,0.7347228801515869,0.32047066175370725,2.49399996,28.996070108953102,18.165,False,0.2354571276077688
渋谷区|神宮前4丁目,渋谷区,神宮前４丁目,1067.0,152374.82989226276,1528,1224.0,449.53300134,2.66100001,42863.422,17.493,True,0.8010471204188482,0.36726552397058826,2.66100001,28.051977748691098,17.493,False,0.2941969904057592
渋谷区|神宮前5丁目,渋谷区,神宮前５丁目,1961.0,257466.41774885118,2471,1640.0,334.96000195,2.17700005,69069.159,15.985,True,0.6636989073249696,0.20424390362804878,2.17700005,27.951905706191827,15.985,False,0.1355564556657224
渋谷区|神宮前6丁目,渋谷区,神宮前６丁目,894.0,212206.71682421563,2063,1716.0,867.47600131,2.296,45276.278,15.46,True,0.8317983519146873,0.5055221452855478,2.296,21.94681434803684,15.46,False,0.4204924873048958
中野区|南台1丁目,中野区,南台一丁目,1277.0,91167.13362173388,873,0.0,0.0,0.0,31429.133,33.193,True,0.0,,0.0,36.00129782359679,33.193,False,
中野区|南台2丁目,中野区,南台二丁目,5273.0,164773.36638659958,1574,27.0,27.0,1.0,57753.363,34.695,True,0.017153748411689963,1.0,1.0,36.69209847522236,34.695,False,0.017153748411689963
中野区|南台3丁目,中野区,南台三丁目,5565.0,209945.41606339748,2005,188.0,295.0,4.0,74410.921,28.515,True,0.09376558603491272,1.5691489361702127,4.0,37.11267880299252,28.515,False,0.14713216957605985
中野区|南台4丁目,中野区,南台四丁目,4456.0,187945.30729598802,1800,1.0,1.0,1.0,67998.671,32.283,True,0.0005555555555555556,1.0,1.0,37.77703944444445,32.283,False,0.0005555555555555556
中野区|南台5丁目,中野区,南台五丁目,4097.0,180406.61417875785,1711,771.0,903.0,4.0,56655.884,28.855,True,0.45061367621274107,1.171206225680934,4.0,33.112731735827,28.855,False,0.5277615429573349
中野区|弥生町1丁目,中野区,弥生町一丁目,6392.0,221749.11413382602,2092,701.0,1262.0,4.0,65653.815,24.61,True,0.3350860420650096,1.8002853067047075,4.0,31.38327676864245,24.61,False,0.6032504780114724
中野区|弥生町2丁目,中野区,弥生町二丁目,5491.0,178717.86638886694,1681,857.0,1331.0,6.0,50315.051,24.398,True,0.5098155859607376,1.5530921820303385,6.0,29.931618679357523,24.398,False,0.7917906008328376
中野区|弥生町3丁目,中野区,弥生町三丁目,2998.0,111878.05522690466,1071,2.0,2.0,1.0,37753.96,33.302,True,0.0018674136321195146,1.0,1.0,35.25112978524743,33.302,False,0.0018674136321195146
中野区|弥生町4丁目,中野区,弥生町四丁目,3307.0,147359.3241985911,1410,87.0,87.0,1.0,49134.465,30.645,True,0.06170212765957447,1.0,1.0,34.84713829787234,30.645,False,0.06170212765957447
中野区|弥生町5丁目,中野区,弥生町五丁目,3823.0,261786.2869911121,2479,1034.0,1827.0,6.0,84852.33399999999,25.035,True,0.4171036708350141,1.7669245647969052,6.0,34.22845260185558,25.035,False,0.7369907220653489
中野区|弥生町6丁目,中野区,弥生町六丁目,1788.0,88415.73600925908,831,246.0,446.0,5.0,29031.625,27.025,True,0.296028880866426,1.8130081300813008,5.0,34.935770156438025,27.025,False,0.5367027677496992
中野区|本町1丁目,中野区,本町一丁目,3787.0,134116.28224060262,1254,530.0,711.0,3.0,36660.424,24.1,True,0.4226475279106858,1.3415094339622642,3.0,29.234787878787877,24.1,False,0.5669856459330144
中野区|本町2丁目,中野区,本町二丁目,4538.0,218340.88314546066,2069,397.0,628.0,4.0,66682.704,24.61,True,0.1918801353310778,1.5818639798488665,4.0,32.229436442725955,24.61,False,0.30352827452875786
中野区|本町3丁目,中野区,本町三丁目,5527.0,181413.37614215308,1721,413.0,842.0,6.0,56670.721,23.673,True,0.2399767576990122,2.0387409200968523,6.0,32.92894886693782,23.673,False,0.4892504357931435
中野区|本町4丁目,中野区,本町四丁目,7244.0,226737.02744159917,2169,7.0,7.0,1.0,80897.431,29.508,True,0.003227293683725219,1.0,1.0,37.297109727985244,29.508,False,0.003227293683725219
中野区|本町5丁目,中野区,本町五丁目,4012.0,160551.44788933027,1520,945.0,1506.0,5.0,46614.203,24.715,True,0.6217105263157895,1.5936507936507935,5.0,30.667238815789474,24.715,False,0.9907894736842104
中野区|本町6丁目,中野区,本町六丁目,4886.0,173664.56988345983,1648,35.0,35.0,1.0,61657.657,33.403,True,0.021237864077669904,1.0,1.0,37.41362682038835,33.403,False,0.021237864077669904
中野区|中央1丁目,中野区,中央一丁目,5874.0,232584.64287709087,2213,671.0,805.0,3.0,62872.046,21.14,True,0.3032083145051966,1.1997019374068554,3.0,28.410323542702216,21.14,False,0.36375960234975147
中野区|中央2丁目,中野区,中央二丁目,6381.0,289801.89244241995,2770,477.0,567.0,2.0,87197.831,24.453,True,0.17220216606498195,1.1886792452830188,2.0,31.479361371841158,24.453,False,0.20469314079422382
中野区|中央3丁目,中野区,中央三丁目,5444.0,199350.79568166632,1902,204.0,204.0,1.0,66560.879,27.443,True,0.10725552050473186,1.0,1.0,34.99520452155625,27.443,False,0.10725552050473186
中野区|中央4丁目,中野区,中央四丁目,6584.0,227063.13180884288,2175,381.0,388.0,2.0,75129.479,28.993,True,0.17517241379310344,1.0183727034120735,2.0,34.542289195402304,28.993,False,0.17839080459770115
中野区|中央5丁目,中野区,中央五丁目,5511.0,193240.73938256572,1857,472.0,771.0,2.0,65642.599,30.675,True,0.25417339795368876,1.6334745762711864,2.0,35.34873397953689,30.675,False,0.4151857835218094
中野区|東中野1丁目,中野区,東中野一丁目,7446.0,241790.98312697205,2297,953.0,1326.0,3.0,61793.455,20.14,True,0.4148889856334349,1.391395592864638,3.0,26.901808881149325,20.14,False,0.5772747061384415
中野区|東中野2丁目,中野区,東中野二丁目,4557.0,210742.67340955496,2016,141.0,184.0,2.0,66981.39,24.5,True,0.06994047619047619,1.3049645390070923,2.0,33.224895833333335,24.5,False,0.09126984126984128
中野区|東中野3丁目,中野区,東中野三丁目,3402.0,160383.31935410821,1535,86.0,86.0,1.0,54190.215,29.457,True,0.056026058631921824,1.0,1.0,35.30307166123778,29.457,False,0.056026058631921824
中野区|東中野4丁目,中野区,東中野四丁目,4359.0,163850.96988443998,1566,60.0,60.0,1.0,48236.784,25.847,True,0.038314176245210725,1.0,1.0,30.802544061302683,25.847,False,0.038314176245210725
中野区|東中野5丁目,中野区,東中野五丁目,5594.0,175435.6455624701,1649,641.0,943.0,3.0,39813.995,16.383,True,0.38872043662825956,1.4711388455538221,3.0,24.144326864766526,16.383,False,0.5718617343844754
中野区|中野1丁目,中野区,中野一丁目,6137.0,242384.2547738871,2318,641.0,655.0,2.0,68860.092,25.11,True,0.27653149266609145,1.0218408736349454,2.0,29.706683347713547,25.11,False,0.28257118205349435
中野区|中野2丁目,中野区,中野二丁目,2788.0,198296.234688823,1890,283.0,286.0,2.0,66355.745,29.093,True,0.14973544973544972,1.010600706713781,2.0,35.10885978835979,29.093,False,0.15132275132275133
中野区|中野3丁目,中野区,中野三丁目,5964.0,229153.64132102043,2193,589.0,758.0,3.0,80356.405,30.67,True,0.26858185134518925,1.2869269949066213,3.0,36.64222754217966,30.67,False,0.34564523483812126
中野区|中野4丁目,中野区,中野四丁目,1396.0,319963.60214551684,3068,76.0,105.0,3.0,121515.828,33.5,True,0.024771838331160364,1.381578947368421,3.0,39.60750586701434,33.5,False,0.03422425032594524
中野区|中野5丁目,中野区,中野五丁目,7195.0,309742.2443886914,2966,48.0,66.0,2.0,109965.351,32.26,True,0.016183412002697236,1.375,2.0,37.075303776129466,32.26,False,0.0222521915037087
中野区|中野6丁目,中野区,中野六丁目,3937.0,158510.82889495292,1521,0.0,0.0,0.0,53763.993,30.45,True,0.0,,0.0,35.34779289940828,30.45,False,
中野区|上高田1丁目,中野区,上高田一丁目,5513.0,263126.65658366267,2514,425.0,425.0,1.0,85413.912,28.13,True,0.16905330151153541,1.0,1.0,33.9753031026253,28.13,False,0.16905330151153541
中野区|上高田2丁目,中野区,上高田二丁目,5036.0,193020.2814331205,1848,142.0,142.0,1.0,68009.025,32.63,True,0.07683982683982683,1.0,1.0,36.80142045454545,32.63,False,0.07683982683982683
中野区|上高田3丁目,中野区,上高田三丁目,3377.0,132582.81133210944,1270,0.0,0.0,0.0,48177.024000000005,35.023,True,0.0,,0.0,37.934664566929136,35.023,False,
中野区|上高田4丁目,中野区,上高田四丁目,3724.0,191587.4184165005,1822,175.0,208.0,5.0,55303.034,18.1,True,0.09604829857299671,1.1885714285714286,5.0,30.352927552140503,18.1,False,0.1141602634467618
中野区|上高田5丁目,中野区,上高田五丁目,3122.0,216968.92097770754,2062,152.0,237.0,5.0,68427.671,21.2,True,0.07371483996120272,1.5592105263157894,5.0,33.18509747817653,21.2,False,0.11493695441319107
中野区|新井1丁目,中野区,新井一丁目,4768.0,142537.9756667616,1359,34.0,34.0,1.0,51291.985,35.56,True,0.025018395879323033,1.0,1.0,37.74244665194996,35.56,False,0.025018395879323033
中野区|新井2丁目,中野区,新井二丁目,5287.0,191293.36494103228,1823,0.0,0.0,0.0,72069.227,36.97,True,0.0,,0.0,39.53331157432803,36.97,False,
中野区|新井3丁目,中野区,新井三丁目,2937.0,234542.8370816851,2239,213.0,320.0,5.0,86906.39700000001,29.905,True,0.09513175524787852,1.5023474178403755,5.0,38.81482670835195,29.905,False,0.14292094685127288
中野区|新井4丁目,中野区,新井四丁目,3226.0,124335.07341297551,1185,499.0,598.0,5.0,40845.345,28.3,True,0.4210970464135021,1.1983967935871744,5.0,34.46864556962026,28.3,False,0.5046413502109705
中野区|新井5丁目,中野区,新井五丁目,2577.0,100831.69167899509,964,36.0,36.0,1.0,35535.242,32.35,True,0.03734439834024896,1.0,1.0,36.86228423236514,32.35,False,0.03734439834024896
中野区|沼袋1丁目,中野区,沼袋一丁目,3451.0,176395.40762654747,1676,982.0,1085.0,5.0,56413.652,27.77,True,0.5859188544152745,1.104887983706721,5.0,33.6596968973747,27.77,False,0.6473747016706444
中野区|沼袋2丁目,中野区,沼袋二丁目,3592.0,177451.81972928197,1696,149.0,177.0,4.0,61679.826,27.977,True,0.08785377358490566,1.1879194630872483,4.0,36.36782193396226,27.977,False,0.10436320754716981
中野区|沼袋3丁目,中野区,沼袋三丁目,3242.0,159560.56545588752,1518,1009.0,1139.0,5.0,52105.098,29.555,True,0.6646903820816864,1.1288404360753221,5.0,34.32483399209486,29.555,False,0.7503293807641633
中野区|沼袋4丁目,中野区,沼袋四丁目,3485.0,162426.41509975586,1562,17.0,17.0,1.0,59505.808,33.805,True,0.01088348271446863,1.0,1.0,38.095907810499355,33.805,False,0.01088348271446863
中野区|松が丘1丁目,中野区,松が丘一丁目,3320.0,210223.2963034959,1947,183.0,227.0,5.0,68588.502,23.51,True,0.09399075500770417,1.2404371584699454,5.0,35.22778736517719,23.51,False,0.11658962506420134
中野区|松が丘2丁目,中野区,松が丘二丁目,3343.0,158119.00781712716,1481,805.0,1037.0,5.0,47637.029,25.775,True,0.5435516542876435,1.288198757763975,5.0,32.165448345712356,25.775,False,0.7002025658338961
中野区|江原町1丁目,中野区,江原町一丁目,3478.0,213073.9397443951,2040,1255.0,273.110999909,2.742000103,72318.737,28.65,True,0.6151960784313726,0.21761832662071712,2.742000103,35.4503612745098,28.65,False,0.13387794113186274
中野区|江原町2丁目,中野区,江原町二丁目,3608.0,176425.00474000082,1687,1182.0,579.671000691,4.423999786,58398.399,28.38,True,0.7006520450503853,0.49041539821573604,4.423999786,34.61671547125074,28.38,False,0.3436105516840545
中野区|江原町3丁目,中野区,江原町三丁目,2387.0,126597.93122464168,1213,917.0,100.453000119,0.638000011,44316.643,35.075,True,0.7559769167353668,0.1095452564002181,0.638000011,36.5347427864798,35.075,False,0.08281368517642208
中野区|江古田1丁目,中野区,江古田一丁目,3235.0,197013.78245845283,1879,874.0,611.150000353,3.747999907,63213.701,27.507,True,0.4651410324640766,0.6992562933100687,3.747999907,33.64220383182544,27.507,False,0.3252527942272485
中野区|江古田2丁目,中野区,江古田二丁目,2572.0,125838.05281928985,1203,699.0,242.698000218,1.442000031,41069.426,29.883,True,0.5810473815461347,0.34720743951072963,1.442000031,34.13917373233583,29.883,False,0.2017439735810474
中野区|江古田3丁目,中野区,江古田三丁目,3729.0,222386.18940163177,2048,795.0,561.890000563,4.681000233,73654.477,27.895,True,0.38818359375,0.7067798749220126,4.681000233,35.96410009765625,27.895,False,0.2743603518374023
中野区|江古田4丁目,中野区,江古田四丁目,4445.0,215102.06798075762,2069,581.0,260.967999418,1.731999993,76794.425,33.785,True,0.2808119864668922,0.44917039486746985,1.731999993,37.11668680521991,33.785,False,0.12613243084485257
中野区|丸山1丁目,中野区,丸山一丁目,2086.0,140837.15568017992,1343,145.0,8.271999948,0.42899999,54018.243,36.565,True,0.10796723752792256,0.05704827550344827,0.42899999,40.2220722263589,36.565,False,0.0061593447118391655
中野区|丸山2丁目,中野区,丸山二丁目,2872.0,131022.98215020742,1258,215.0,36.627999956,1.0,50554.707,37.575,True,0.17090620031796502,0.17036279049302325,1.0,40.186571542130366,37.575,False,0.02911605719872814
中野区|野方1丁目,中野区,野方一丁目,5231.0,190383.37277205082,1826,13.0,13.0,1.0,71120.972,35.335,True,0.007119386637458927,1.0,1.0,38.94905366922234,35.335,False,0.007119386637458927
中野区|野方2丁目,中野区,野方二丁目,5107.0,207982.0786226638,1987,708.0,859.0,5.0,72200.747,30.2,True,0.35631605435329644,1.213276836158192,5.0,36.33656114745848,30.2,False,0.4323100150981379
中野区|野方3丁目,中野区,野方三丁目,2537.0,122918.8699465368,1166,575.0,706.0,4.0,42579.025,31.28,True,0.49313893653516294,1.2278260869565218,4.0,36.51717409948542,31.28,False,0.6054888507718696
中野区|野方4丁目,中野区,野方四丁目,3432.0,156489.08064421473,1495,42.0,45.0,2.0,58376.065,34.122,True,0.028093645484949834,1.0714285714285714,2.0,39.04753511705686,34.122,False,0.030100334448160536
中野区|野方5丁目,中野区,野方五丁目,2215.0,111992.22988979882,1055,139.0,182.0,5.0,40984.858,31.817,True,0.13175355450236967,1.3093525179856116,5.0,38.848206635071094,31.817,False,0.17251184834123223
中野区|野方6丁目,中野区,野方六丁目,3282.0,145673.01396881943,1387,25.0,25.0,1.0,55221.8,34.948,True,0.01802451333813987,1.0,1.0,39.81384282624369,34.948,False,0.01802451333813987
中野区|大和町1丁目,中野区,大和町一丁目,5418.0,197023.395328813,1881,19.0,19.0,1.0,75880.749,36.663,True,0.010101010101010102,1.0,1.0,40.340642743221686,36.663,False,0.010101010101010102
中野区|大和町2丁目,中野区,大和町二丁目,3171.0,146109.18049302022,1384,416.0,509.0,5.0,52671.488999999994,32.02,True,0.30057803468208094,1.2235576923076923,5.0,38.05743424855491,32.02,False,0.36777456647398843
中野区|大和町3丁目,中野区,大和町三丁目,3630.0,141729.18827079018,1357,4.0,4.0,1.0,56873.875,38.075,True,0.0029476787030213707,1.0,1.0,41.91147752394989,38.075,False,0.0029476787030213707
中野区|大和町4丁目,中野区,大和町四丁目,4027.0,205523.001377736,1956,722.0,843.0,5.0,75502.45,32.517,True,0.36912065439672803,1.167590027700831,5.0,38.600434560327194,32.517,False,0.4309815950920246
中野区|若宮1丁目,中野区,若宮一丁目,4094.0,186884.87790258363,1783,185.0,197.0,3.0,71992.832,33.7,True,0.10375771172181716,1.0648648648648649,3.0,40.3773595064498,33.7,False,0.11048794167134043
中野区|若宮2丁目,中野区,若宮二丁目,4310.0,214606.4256714972,2019,494.0,573.0,4.0,80175.717,32.602,True,0.2446755819712729,1.1599190283400809,4.0,39.710607726597324,32.602,False,0.2838038632986627
中野区|若宮3丁目,中野区,若宮三丁目,4655.0,266848.8500819128,2505,371.0,405.0,4.0,102671.193,34.73,True,0.14810379241516966,1.091644204851752,4.0,40.98650419161677,34.73,False,0.16167664670658682
中野区|白鷺1丁目,中野区,白鷺一丁目,4643.0,221399.86947595008,2097,273.0,377.0,5.0,83745.413,33.23,True,0.1301859799713877,1.380952380952381,5.0,39.935819265617546,33.23,False,0.1797806390081068
中野区|白鷺2丁目,中野区,白鷺二丁目,4392.0,214897.26294784065,2040,107.0,193.0,5.0,85994.334,33.993,True,0.052450980392156864,1.8037383177570094,5.0,42.15408529411765,33.993,False,0.09460784313725491
中野区|白鷺3丁目,中野区,白鷺三丁目,3354.0,182830.25362832035,1722,123.0,140.0,3.0,71859.087,36.105,True,0.07142857142857142,1.1382113821138211,3.0,41.73001567944251,36.105,False,0.08130081300813008
中野区|鷺宮1丁目,中野区,鷺宮一丁目,2861.0,136896.23668115682,1315,0.0,0.0,0.0,54655.143,39.97,True,0.0,,0.0,41.5628463878327,39.97,False,
中野区|鷺宮2丁目,中野区,鷺宮二丁目,1515.0,82965.98090206896,781,111.0,10.132,0.275000006,31760.461,39.695,True,0.14212548015364918,0.09127927927927927,0.275000006,40.6664033290653,39.695,False,0.012973111395646606
中野区|鷺宮3丁目,中野区,鷺宮三丁目,4054.0,187085.8842259027,1798,441.0,305.897999976,1.0,73425.56,37.688,True,0.24527252502780866,0.6936462584489795,1.0,40.83735261401557,37.688,False,0.17013236928587316
中野区|鷺宮4丁目,中野区,鷺宮四丁目,3378.0,195739.08836957297,1875,373.0,152.775000014,1.0,79437.988,37.735,True,0.19893333333333332,0.4095844504396783,1.0,42.36692693333333,37.735,False,0.08148000000746666
中野区|鷺宮5丁目,中野区,鷺宮五丁目,2457.0,113047.02320171858,1081,541.0,59.994000063,0.308999985,47627.783,43.185,True,0.5004625346901017,0.1108946396728281,0.308999985,44.05900370027752,43.185,False,0.05549861245420906
中野区|鷺宮6丁目,中野区,鷺宮六丁目,3489.0,163861.8444317796,1570,448.0,69.966000118,1.0,68900.055,42.56,True,0.28535031847133757,0.15617410740624998,1.0,43.885385350318465,42.56,False,0.04456433128535031
中野区|上鷺宮1丁目,中野区,上鷺宮一丁目,2672.0,145018.74179535586,1388,932.0,83.010000197,0.47299999,60294.931,41.787,True,0.6714697406340058,0.08906652381652361,0.47299999,43.44015201729106,41.787,False,0.0598054756462536
中野区|上鷺宮2丁目,中野区,上鷺宮二丁目,2840.0,216278.65070225752,2058,1441.0,348.077000501,1.031000018,90399.939,42.302,True,0.7001943634596696,0.24155239451839,1.031000018,43.92611224489796,42.302,False,0.16913362512196306
中野区|上鷺宮3丁目,中野区,上鷺宮三丁目,2554.0,136524.49724499567,1319,551.0,69.74600033,0.451000005,58321.691,43.37,True,0.4177407126611069,0.1265807628493648,0.451000005,44.2165966641395,43.37,False,0.05287793808188021
中野区|上鷺宮4丁目,中野区,上鷺宮四丁目,2689.0,132268.7275659728,1287,543.0,61.948999979,0.559000015,57353.403999999995,43.42,True,0.4219114219114219,0.11408655613075507,0.559000015,44.56363947163947,43.42,False,0.04813442111810411
中野区|上鷺宮5丁目,中野区,上鷺宮五丁目,3873.0,283327.73746791936,2723,2051.0,369.011999494,0.80400002,122592.958,43.733,True,0.7532133676092545,0.17991808849049246,0.80400002,45.021284612559676,43.733,False,0.13551670932574367
杉並区|井草1丁目,杉並区,井草１丁目,4770.0,245634.38297531236,2350,1222.0,252.022000144,1.0,105548.234,42.947,True,0.52,0.20623731599345335,1.0,44.914142127659574,42.947,False,0.10724340431659575
杉並区|井草2丁目,杉並区,井草２丁目,6066.0,280646.4248874513,2689,1232.0,197.157001041,1.0,123008.12599999999,41.952,True,0.458162885831164,0.16003003331250001,1.0,45.74493343250278,41.952,False,0.07331982188211232
杉並区|井草3丁目,杉並区,井草３丁目,2804.0,189131.6367080053,1818,674.0,64.639999919,1.0,85021.19900000001,42.14,True,0.37073707370737075,0.09590504439020772,1.0,46.766336083608365,42.14,False,0.035555555511001105
杉並区|井草4丁目,杉並区,井草４丁目,2016.0,182298.03245558706,1770,601.0,261.450000282,1.58099997,83166.534,42.38,True,0.33954802259887007,0.43502495887188025,1.58099997,46.98674237288136,42.38,False,0.14771186456610172
杉並区|井草5丁目,杉並区,井草５丁目,1993.0,143510.000564329,1377,377.0,117.678999926,1.33099997,66302.776,42.525,True,0.2737835875090777,0.312145888397878,1.33099997,48.150164124909224,42.525,False,0.08546042115177924
杉並区|上井草1丁目,杉並区,上井草１丁目,3599.0,215056.82834727195,2064,189.0,189.0,1.0,96169.251,42.003,True,0.09156976744186046,1.0,1.0,46.593629360465115,42.003,False,0.09156976744186046
杉並区|上井草2丁目,杉並区,上井草２丁目,5155.0,334252.26828724536,3209,395.0,406.0,2.0,151122.577,42.285,True,0.12309130570271112,1.0278481012658227,2.0,47.09335525085696,42.285,False,0.12651916484886255
杉並区|上井草3丁目,杉並区,上井草３丁目,4179.0,383928.9115631095,3670,433.0,431.216000006,1.0,178351.473,43.278,True,0.11798365122615803,0.9958799076351039,1.0,48.59713160762943,43.278,False,0.11749754768555858
杉並区|上井草4丁目,杉並区,上井草４丁目,2947.0,224240.95845337017,2147,231.0,231.0,1.0,104638.093,43.98,True,0.10759198882161156,1.0,1.0,48.736885421518394,43.98,False,0.10759198882161156
杉並区|下井草1丁目,杉並区,下井草１丁目,3225.0,177104.81688429072,1697,91.0,91.0,1.0,73960.35,41.035,True,0.05362404242781379,1.0,1.0,43.58299941072481,41.035,False,0.05362404242781379
杉並区|下井草2丁目,杉並区,下井草２丁目,4129.0,257295.46751132922,2433,336.0,415.0,5.0,104363.581,35.815,True,0.1381011097410604,1.2351190476190477,5.0,42.89501890669955,35.815,False,0.17057131113851212
杉並区|下井草3丁目,杉並区,下井草３丁目,4767.0,269748.49573486537,2561,172.0,194.0,4.0,112879.81,36.335,True,0.06716126513080828,1.127906976744186,4.0,44.07645841468177,36.335,False,0.07575165950800469
杉並区|下井草4丁目,杉並区,下井草４丁目,3752.0,262572.81354877574,2508,520.0,520.0,1.0,108277.272,40.64,True,0.20733652312599682,1.0,1.0,43.17275598086124,40.64,False,0.20733652312599682
杉並区|下井草5丁目,杉並区,下井草５丁目,2459.0,159367.38297424707,1523,184.0,184.0,1.0,66905.752,41.345,True,0.12081418253447143,1.0,1.0,43.93023768877215,41.345,False,0.12081418253447143
杉並区|善福寺1丁目,杉並区,善福寺１丁目,4063.0,333882.9188379353,3177,379.0,499.0,4.0,155381.655,41.49,True,0.1192949323260938,1.316622691292876,4.0,48.9082955618508,41.49,False,0.15706641485678313
杉並区|善福寺2丁目,杉並区,善福寺２丁目,3796.0,374918.63095314975,3505,151.0,171.0,3.0,180282.098,42.657,True,0.043081312410841656,1.1324503311258278,3.0,51.43569129814551,42.657,False,0.04878744650499287
杉並区|善福寺3丁目,杉並区,善福寺３丁目,2116.0,263154.4856780871,2512,342.0,342.0,1.0,127696.771,44.62,True,0.13614649681528662,1.0,1.0,50.83470183121019,44.62,False,0.13614649681528662
杉並区|善福寺4丁目,杉並区,善福寺４丁目,2267.0,186088.88116287175,1781,9.0,9.0,1.0,92252.83,45.557,True,0.0050533408197641775,1.0,1.0,51.79833239752948,45.557,False,0.0050533408197641775
杉並区|今川1丁目,杉並区,今川１丁目,2436.0,136855.89409932337,1305,11.0,11.0,1.0,61109.012,40.847,True,0.00842911877394636,1.0,1.0,46.82682911877395,40.847,False,0.00842911877394636
杉並区|今川2丁目,杉並区,今川２丁目,1913.0,177548.74669326158,1686,13.0,13.0,1.0,80454.26,45.955,True,0.00771055753262159,1.0,1.0,47.71901542111506,45.955,False,0.00771055753262159
杉並区|今川3丁目,杉並区,今川３丁目,2908.0,196156.28985426013,1869,15.0,15.0,1.0,91713.49,47.457,True,0.008025682182985553,1.0,1.0,49.07088817549492,47.457,False,0.008025682182985553
杉並区|今川4丁目,杉並区,今川４丁目,2378.0,144337.33104,1374,0.0,0.0,0.0,69613.042,48.263,True,0.0,,0.0,50.66451382823872,48.263,False,
杉並区|桃井1丁目,杉並区,桃井１丁目,3884.0,202829.84085409075,1938,94.0,110.0,3.0,90825.15100000001,40.585,True,0.048503611971104234,1.1702127659574468,3.0,46.86540299277606,40.585,False,0.056759545923632616
杉並区|桃井2丁目,杉並区,桃井２丁目,2665.0,125063.36060754523,1196,7.0,7.0,1.0,57594.428,45.58,True,0.005852842809364548,1.0,1.0,48.155876254180605,45.58,False,0.005852842809364548
杉並区|桃井3丁目,杉並区,桃井３丁目,2638.0,118027.37408559391,1133,0.0,0.0,0.0,55443.445999999996,47.648,True,0.0,,0.0,48.93508031774051,47.648,False,
杉並区|桃井4丁目,杉並区,桃井４丁目,2500.0,115565.37446858235,1116,0.0,0.0,0.0,55518.956999999995,48.555,True,0.0,,0.0,49.74816935483871,48.555,False,
杉並区|西荻北1丁目,杉並区,西荻北１丁目,2333.0,118943.00616111209,1106,204.0,243.0,4.0,51725.16,39.9,True,0.1844484629294756,1.1911764705882353,4.0,46.767775768535266,39.9,False,0.2197106690777577
杉並区|西荻北2丁目,杉並区,西荻北２丁目,4324.0,209569.60136486255,1993,122.0,154.0,4.0,96965.407,40.1,True,0.061214249874560964,1.2622950819672132,4.0,48.65298896136478,40.1,False,0.0772704465629704
杉並区|西荻北3丁目,杉並区,西荻北３丁目,4790.0,189298.0317834011,1808,43.0,79.0,4.0,90190.455,40.5,True,0.023783185840707963,1.8372093023255813,4.0,49.88410121681416,40.5,False,0.043694690265486724
杉並区|西荻北4丁目,杉並区,西荻北４丁目,3726.0,189765.2714989018,1811,85.0,113.0,4.0,92525.921,41.5,True,0.046935394809497516,1.3294117647058823,4.0,51.09106626173385,41.5,False,0.0623964660408614
杉並区|西荻北5丁目,杉並区,西荻北５丁目,2002.0,120495.12362620195,1148,93.0,107.0,3.0,55035.593,41.61,True,0.08101045296167247,1.1505376344086022,3.0,47.940412020905924,41.61,False,0.093205574912892
杉並区|上荻1丁目,杉並区,上荻１丁目,1758.0,119532.23197544333,1145,13.0,28.0,3.0,53346.801,42.527,True,0.011353711790393014,2.1538461538461537,3.0,46.591092576419214,42.527,False,0.02445414847161572
杉並区|上荻2丁目,杉並区,上荻２丁目,5070.0,240794.16094511657,2308,134.0,164.0,3.0,108521.274,40.63,True,0.05805892547660312,1.2238805970149254,3.0,47.01961611785096,40.63,False,0.07105719237435008
杉並区|上荻3丁目,杉並区,上荻３丁目,3484.0,172605.57844523923,1633,462.0,508.0,4.0,74764.237,40.195,True,0.28291488058787506,1.0995670995670996,4.0,45.78336619718309,40.195,False,0.3110838946723821
杉並区|上荻4丁目,杉並区,上荻４丁目,3591.0,171946.6839443684,1628,135.0,159.0,4.0,77394.998,40.6,True,0.08292383292383293,1.1777777777777778,4.0,47.539925061425066,40.6,False,0.09766584766584767
杉並区|清水1丁目,杉並区,清水１丁目,3262.0,177379.1814162674,1696,25.0,35.0,3.0,78815.107,43.045,True,0.01474056603773585,1.4,3.0,46.47117158018868,43.045,False,0.020636792452830188
杉並区|清水2丁目,杉並区,清水２丁目,1985.0,160373.3174545448,1534,191.0,191.0,1.0,67903.42300000001,41.525,True,0.12451108213820078,1.0,1.0,44.265595176010436,41.525,False,0.12451108213820078
杉並区|清水3丁目,杉並区,清水３丁目,3442.0,266067.28349478066,2509,344.0,377.0,4.0,110763.963,37.113,True,0.137106416899163,1.0959302325581395,4.0,44.146657233957754,37.113,False,0.15025906735751293
杉並区|本天沼1丁目,杉並区,本天沼１丁目,3253.0,159683.8063367072,1529,11.0,11.0,1.0,68001.18400000001,42.053,True,0.007194244604316547,1.0,1.0,44.4742864617397,42.053,False,0.007194244604316547
杉並区|本天沼2丁目,杉並区,本天沼２丁目,4623.0,263571.6583802931,2515,139.0,139.0,1.0,111704.005,39.987,True,0.055268389662027836,1.0,1.0,44.41511133200795,39.987,False,0.055268389662027836
杉並区|本天沼3丁目,杉並区,本天沼３丁目,3820.0,234074.09162106123,2225,110.0,155.0,4.0,99249.07,36.835,True,0.04943820224719101,1.4090909090909092,4.0,44.60632359550562,36.835,False,0.06966292134831462
杉並区|天沼1丁目,杉並区,天沼１丁目,4095.0,225470.07883440427,2155,210.0,214.0,2.0,95143.529,41.467,True,0.09744779582366589,1.019047619047619,2.0,44.150129466357306,41.467,False,0.09930394431554523
杉並区|天沼2丁目,杉並区,天沼２丁目,5396.0,254068.55220555182,2420,37.0,37.0,1.0,109945.166,42.93,True,0.015289256198347107,1.0,1.0,45.4318867768595,42.93,False,0.015289256198347107
杉並区|天沼3丁目,杉並区,天沼３丁目,6119.0,260400.42037390766,2500,44.0,44.0,1.0,116572.4,44.317,True,0.0176,1.0,1.0,46.62896,44.317,False,0.0176
杉並区|阿佐谷北1丁目,杉並区,阿佐谷北１丁目,4722.0,248331.56798238133,2371,1285.0,1311.0,2.0,95127.604,37.517,True,0.5419654154365247,1.0202334630350194,2.0,40.12130071699705,37.517,False,0.5529312526360185
杉並区|阿佐谷北2丁目,杉並区,阿佐谷北２丁目,4444.0,182047.2781940321,1744,0.0,0.0,0.0,76620.581,40.54,True,0.0,,0.0,43.93381938073395,40.54,False,
杉並区|阿佐谷北3丁目,杉並区,阿佐谷北３丁目,4034.0,195698.0278924031,1871,467.0,467.0,1.0,80445.057,40.57,True,0.2495991448423303,1.0,1.0,42.99575467664351,40.57,False,0.2495991448423303
杉並区|阿佐谷北4丁目,杉並区,阿佐谷北４丁目,4150.0,157543.32011505438,1504,3.0,3.0,1.0,65238.700000000004,40.093,True,0.0019946808510638296,1.0,1.0,43.37679521276596,40.093,False,0.0019946808510638296
杉並区|阿佐谷北5丁目,杉並区,阿佐谷北５丁目,3844.0,206151.38817891973,1973,0.0,0.0,0.0,84882.0,39.288,True,0.0,,0.0,43.021794221996956,39.288,False,
杉並区|阿佐谷北6丁目,杉並区,阿佐谷北６丁目,3452.0,184357.13264116162,1759,0.0,0.0,0.0,75993.658,40.58,True,0.0,,0.0,43.202761796475265,40.58,False,
杉並区|阿佐谷南1丁目,杉並区,阿佐谷南１丁目,7860.0,357411.76686788036,3415,152.0,152.0,1.0,144820.146,38.688,True,0.0445095168374817,1.0,1.0,42.40707057101025,38.688,False,0.0445095168374817
杉並区|阿佐谷南2丁目,杉並区,阿佐谷南２丁目,3661.0,177363.22001595362,1700,469.0,479.0,2.0,67380.789,36.823,True,0.27588235294117647,1.0213219616204692,2.0,39.63575823529412,36.823,False,0.281764705882353
杉並区|阿佐谷南3丁目,杉並区,阿佐谷南３丁目,7816.0,350755.85607065127,3356,105.0,114.0,2.0,148086.048,40.225,True,0.03128724672228844,1.0857142857142856,2.0,44.12575923718713,40.225,False,0.03396901072705602
杉並区|高円寺北1丁目,杉並区,高円寺北１丁目,2544.0,125424.11305386669,1194,3.0,3.0,1.0,48362.247,38.18,True,0.002512562814070352,1.0,1.0,40.50439447236181,38.18,False,0.002512562814070352
杉並区|高円寺北2丁目,杉並区,高円寺北２丁目,4450.0,183060.8316105776,1745,10.0,10.0,1.0,72100.915,37.528,True,0.0057306590257879654,1.0,1.0,41.31857593123209,37.528,False,0.0057306590257879654
杉並区|高円寺北3丁目,杉並区,高円寺北３丁目,5870.0,203775.93090248053,1942,78.0,78.0,1.0,80591.314,37.583,True,0.04016477857878476,1.0,1.0,41.49913182286303,37.583,False,0.04016477857878476
杉並区|高円寺北4丁目,杉並区,高円寺北４丁目,3568.0,185172.8555813512,1780,63.0,63.0,1.0,74409.201,37.565,True,0.03539325842696629,1.0,1.0,41.80292191011236,37.565,False,0.03539325842696629
杉並区|高円寺南1丁目,杉並区,高円寺南１丁目,6379.0,236140.28992401392,2266,796.0,803.0,2.0,82833.198,32.443,True,0.35127978817299205,1.0087939698492463,2.0,36.55480935569285,32.443,False,0.35436893203883496
杉並区|高円寺南2丁目,杉並区,高円寺南２丁目,7215.0,321006.96207485127,3066,659.0,668.0,2.0,122068.1,34.413,True,0.21493803000652315,1.0136570561456753,2.0,39.8134703196347,34.413,False,0.21787345075016307
杉並区|高円寺南3丁目,杉並区,高円寺南３丁目,7524.0,304180.4962170827,2908,1077.0,1077.0,1.0,115639.754,36.0,True,0.3703576341127923,1.0,1.0,39.76607771664374,36.0,False,0.3703576341127923
杉並区|高円寺南4丁目,杉並区,高円寺南４丁目,4238.0,195047.69774647598,1874,803.0,803.0,1.0,70280.575,34.683,True,0.42849519743863396,1.0,1.0,37.50297491995731,34.683,False,0.42849519743863396
杉並区|高円寺南5丁目,杉並区,高円寺南５丁目,6552.0,242826.4959579029,2320,658.0,685.0,2.0,86436.723,32.733,True,0.2836206896551724,1.041033434650456,2.0,37.257208189655174,32.733,False,0.29525862068965514
杉並区|和田1丁目,杉並区,和田１丁目,9119.0,447469.46060171135,4281,1560.0,2560.0,5.0,143916.476,26.015,True,0.3644008409250175,1.641025641025641,5.0,33.61749030600327,26.015,False,0.5979911235692594
杉並区|和田2丁目,杉並区,和田２丁目,4279.0,319582.55224412907,3036,660.0,810.0,4.0,110553.107,27.825,True,0.21739130434782608,1.2272727272727273,4.0,36.41406686429513,27.825,False,0.26679841897233203
杉並区|和田3丁目,杉並区,和田３丁目,6581.0,310782.79053331644,2964,150.0,150.0,1.0,115859.58,34.463,True,0.05060728744939271,1.0,1.0,39.088927125506075,34.463,False,0.05060728744939271
杉並区|方南1丁目,杉並区,方南１丁目,8212.0,300828.20128819335,2868,368.0,395.0,2.0,106848.719,31.22,True,0.12831241283124128,1.0733695652173914,2.0,37.25548082287308,31.22,False,0.1377266387726639
杉並区|方南2丁目,杉並区,方南２丁目,5288.0,184172.25887264597,1757,117.0,138.0,5.0,67168.721,27.4,True,0.0665907797381901,1.1794871794871795,5.0,38.2292094479226,27.4,False,0.07854297097324986
杉並区|和泉1丁目,杉並区,和泉１丁目,5851.0,261079.22306203216,2493,67.0,67.0,1.0,105361.784,33.492,True,0.026875250701965503,1.0,1.0,42.2630501403931,33.492,False,0.026875250701965503
杉並区|和泉2丁目,杉並区,和泉２丁目,7463.0,472323.61584640166,4526,997.0,1183.06199997,5.0,189960.00600000002,32.45,True,0.22028281042863457,1.1866218655667,5.0,41.97083650022095,32.45,False,0.26139239946310205
杉並区|和泉3丁目,杉並区,和泉３丁目,6526.0,435556.3582267509,4160,130.0,141.0,2.0,170090.02,34.42,True,0.03125,1.0846153846153845,2.0,40.88702403846153,34.42,False,0.03389423076923077
杉並区|和泉4丁目,杉並区,和泉４丁目,8481.0,406619.5293196856,3860,1084.0,1215.0,5.0,144429.089,29.6,True,0.28082901554404144,1.1208487084870848,5.0,37.41686243523316,29.6,False,0.3147668393782383
杉並区|堀の内1丁目,杉並区,堀ノ内１丁目,4583.0,348540.65249716677,3321,1168.0,1477.0,3.0,123818.488,31.445,True,0.3517012947907257,1.264554794520548,3.0,37.28349533273111,31.445,False,0.44474555856669684
杉並区|堀の内2丁目,杉並区,堀ノ内２丁目,7779.0,361945.9093865829,3412,1230.0,1506.0,3.0,124629.27100000001,31.792,True,0.3604923798358734,1.224390243902439,3.0,36.52675,31.792,False,0.4413833528722157
杉並区|堀の内3丁目,杉並区,堀ノ内３丁目,7104.0,352230.04610830144,3367,76.0,76.0,1.0,135949.509,35.507,True,0.022572022572022572,1.0,1.0,40.377044550044545,35.507,False,0.022572022572022572
杉並区|松の木1丁目,杉並区,松ノ木１丁目,1913.0,210494.86819573285,2002,630.0,930.0,5.0,78672.895,32.15,True,0.3146853146853147,1.4761904761904763,5.0,39.29715034965035,32.15,False,0.46453546453546457
杉並区|松の木2丁目,杉並区,松ノ木２丁目,2776.0,154111.03515306552,1476,174.0,178.0,2.0,60923.203,34.35,True,0.11788617886178862,1.0229885057471264,2.0,41.275882791327916,34.35,False,0.12059620596205962
杉並区|松の木3丁目,杉並区,松ノ木３丁目,3091.0,155107.38433872742,1479,0.0,0.0,0.0,63114.239,40.332,True,0.0,,0.0,42.673589587559164,40.332,False,
杉並区|大宮1丁目,杉並区,大宮１丁目,1948.0,217783.59932470034,1888,437.0,745.0,5.0,72540.969,31.95,True,0.23146186440677965,1.7048054919908466,5.0,38.42212341101695,31.95,False,0.3945974576271186
杉並区|大宮2丁目,杉並区,大宮２丁目,1552.0,303679.2542308843,2889,857.0,1178.0,5.0,119993.874,32.8,True,0.2966424368293527,1.3745624270711785,5.0,41.534743509865,32.8,False,0.4077535479404638
杉並区|梅里1丁目,杉並区,梅里１丁目,3216.0,211808.50048822348,2029,107.0,107.0,1.0,84153.871,37.96,True,0.0527353376047314,1.0,1.0,41.47554016757023,37.96,False,0.0527353376047314
杉並区|梅里2丁目,杉並区,梅里２丁目,5141.0,190671.7797092602,1827,0.0,0.0,0.0,80229.931,42.265,True,0.0,,0.0,43.913481663929936,42.265,False,
杉並区|久我山1丁目,杉並区,久我山１丁目,1625.0,207061.175958197,2019,21.0,21.0,1.0,100782.39,46.448,True,0.010401188707280832,1.0,1.0,49.91698365527489,46.448,False,0.010401188707280832
杉並区|久我山2丁目,杉並区,久我山２丁目,2595.0,384461.3157941157,3757,182.0,246.0,5.0,180031.143,38.2,True,0.04844290657439446,1.3516483516483517,5.0,47.91885626829918,38.2,False,0.06547777482033537
杉並区|久我山3丁目,杉並区,久我山３丁目,5277.0,370731.91058512457,3573,306.0,340.0,4.0,176453.246,39.8,True,0.08564231738035265,1.1111111111111112,4.0,49.38517940106354,39.8,False,0.09515813042261406
杉並区|久我山4丁目,杉並区,久我山４丁目,5254.0,392841.1557988439,3756,35.0,41.0,2.0,193825.245,44.192,True,0.00931842385516507,1.1714285714285715,2.0,51.60416533546326,44.192,False,0.010915867944621939
杉並区|久我山5丁目,杉並区,久我山５丁目,5667.0,322779.29964404774,3091,74.0,74.0,1.0,149902.94400000002,42.62,True,0.023940472339048852,1.0,1.0,48.49658492397283,42.62,False,0.023940472339048852
杉並区|高井戸西1丁目,杉並区,高井戸西１丁目,5503.0,396146.4479243255,3753,179.0,299.0,5.0,171572.477,37.5,True,0.04769517719158007,1.670391061452514,5.0,45.71608766320278,37.5,False,0.07966959765520916
杉並区|高井戸西2丁目,杉並区,高井戸西２丁目,3124.0,274376.336481024,2626,101.0,101.0,1.0,121261.053,41.3,True,0.038461538461538464,1.0,1.0,46.17709558263519,41.3,False,0.038461538461538464
杉並区|高井戸西3丁目,杉並区,高井戸西３丁目,2655.0,161140.92562745398,1539,0.0,0.0,0.0,74648.664,47.07,True,0.0,,0.0,48.504654970760235,47.07,False,
杉並区|上高井戸1丁目,杉並区,上高井戸１丁目,6389.0,323596.4176406129,3086,2199.0,267.75500049,0.98000002,142773.842,43.88,True,0.7125729099157485,0.1217621648431105,0.98000002,46.265016850291644,43.88,False,0.0867644201198963
杉並区|上高井戸2丁目,杉並区,上高井戸２丁目,3662.0,253980.8778854343,2610,1012.0,78.97800008,0.41600001,123746.10699999999,45.51,True,0.38773946360153255,0.07804150205533597,0.41600001,47.41230153256704,45.51,False,0.03025977014559387
杉並区|上高井戸3丁目,杉並区,上高井戸３丁目,2179.0,149842.4574024188,1579,848.0,65.40100024,0.42500001,72301.155,44.45,True,0.5370487650411653,0.07712382103773585,0.42500001,45.78920519316023,44.45,False,0.04141925284357188
杉並区|永福1丁目,杉並区,永福１丁目,3331.0,418422.60584420845,4050,1077.0,1559.49499998,5.0,168570.826,32.9,True,0.2659259259259259,1.4479990714763231,5.0,41.6224261728395,32.9,False,0.3850604938222222
杉並区|永福2丁目,杉並区,永福２丁目,4844.0,329567.53138505534,3132,565.0,683.0,4.0,132249.364,34.1,True,0.18039591315453385,1.2088495575221239,4.0,42.22521200510856,34.1,False,0.21807151979565773
杉並区|永福3丁目,杉並区,永福３丁目,4049.0,281196.738358435,2677,130.0,145.0,3.0,115308.182,35.85,True,0.048561822936122524,1.1153846153846154,3.0,43.07365782592454,35.85,False,0.05416511019798282
杉並区|永福4丁目,杉並区,永福４丁目,3696.0,225699.16943218926,2160,11.0,11.0,1.0,92909.558,41.34,True,0.005092592592592593,1.0,1.0,43.013684259259264,41.34,False,0.005092592592592593
杉並区|浜田山1丁目,杉並区,浜田山１丁目,3862.0,256556.74235424976,2415,462.0,515.0,4.0,101226.139,35.533,True,0.19130434782608696,1.1147186147186148,4.0,41.91558550724638,35.533,False,0.2132505175983437
杉並区|浜田山2丁目,杉並区,浜田山２丁目,2522.0,222138.80110132575,2119,189.0,209.0,3.0,92067.561,36.45,True,0.08919301557338367,1.1058201058201058,3.0,43.448589428975936,36.45,False,0.09863142991977349
杉並区|浜田山3丁目,杉並区,浜田山３丁目,4519.0,249893.84226983145,2389,49.0,66.0,3.0,105699.181,39.725,True,0.020510673922143157,1.346938775510204,3.0,44.24411092507325,39.725,False,0.02762662201758058
杉並区|浜田山4丁目,杉並区,浜田山４丁目,6032.0,330258.39608433854,3158,21.0,30.0,2.0,143070.535,41.4,True,0.006649778340721976,1.4285714285714286,2.0,45.304159278024066,41.4,False,0.009499683343888538
杉並区|下高井戸1丁目,杉並区,下高井戸１丁目,4837.0,210715.36425080072,2195,127.0,4.104,0.12,101701.546,43.16,True,0.05785876993166287,0.03231496062992126,0.12,46.33327835990888,43.16,False,0.0018697038724373575
杉並区|下高井戸2丁目,杉並区,下高井戸２丁目,2988.0,235117.6654180534,2250,810.0,1182.0,5.0,94367.532,33.0,True,0.36,1.4592592592592593,5.0,41.94112533333334,33.0,False,0.5253333333333333
杉並区|下高井戸3丁目,杉並区,下高井戸３丁目,3877.0,275506.2371903509,2620,525.0,612.0,5.0,106479.809,34.4,True,0.20038167938931298,1.1657142857142857,5.0,40.64114847328244,34.4,False,0.233587786259542
杉並区|下高井戸4丁目,杉並区,下高井戸４丁目,5464.0,325637.7934911391,3127,142.0,187.0,5.0,136064.372,34.9,True,0.0454109370003198,1.3169014084507042,5.0,43.512750879437164,34.9,False,0.05980172689478734
杉並区|下高井戸5丁目,杉並区,下高井戸５丁目,3108.0,283972.4591580663,2724,147.0,116.227,4.0,121286.55500000001,35.73,True,0.053964757709251104,0.7906598639455783,4.0,44.52516703377386,35.73,False,0.04266776798825258
杉並区|高井戸東1丁目,杉並区,高井戸東１丁目,3738.0,344092.02077677246,3258,671.0,769.0,4.0,141635.781,36.3,True,0.20595457335788828,1.1460506706408347,4.0,43.47322928176795,36.3,False,0.23603437691835483
杉並区|高井戸東2丁目,杉並区,高井戸東２丁目,3872.0,248133.4545636067,2359,175.0,232.0,5.0,107584.02,36.995,True,0.07418397626112759,1.3257142857142856,5.0,45.6057736328953,36.995,False,0.09834675710046628
杉並区|高井戸東3丁目,杉並区,高井戸東３丁目,7362.0,416316.43248570507,3978,79.0,86.0,2.0,180617.774,34.737,True,0.01985922574157868,1.0886075949367089,2.0,45.40416641528407,34.737,False,0.021618903971845148
杉並区|高井戸東4丁目,杉並区,高井戸東４丁目,4889.0,271258.8763864844,2598,14.0,14.0,1.0,120985.171,44.295,True,0.005388760585065435,1.0,1.0,46.568580061585834,44.295,False,0.005388760585065435
杉並区|成田東1丁目,杉並区,成田東１丁目,4577.0,243034.82697396973,2331,350.0,350.0,1.0,94635.938,36.848,True,0.15015015015015015,1.0,1.0,40.598858000858,36.848,False,0.15015015015015015
杉並区|成田東2丁目,杉並区,成田東２丁目,3838.0,238515.65050527905,2283,537.0,562.0,2.0,93411.603,36.428,True,0.2352168199737188,1.0465549348230911,2.0,40.91616425755585,36.428,False,0.24616732369689004
杉並区|成田東3丁目,杉並区,成田東３丁目,3358.0,197025.5176343901,1881,379.0,513.0,3.0,78995.677,37.13,True,0.20148856990962255,1.353562005277045,3.0,41.996638490164806,37.13,False,0.27272727272727276
杉並区|成田東4丁目,杉並区,成田東４丁目,5743.0,271938.1668778627,2598,653.0,730.0,2.0,108602.12,37.89,True,0.2513471901462664,1.11791730474732,2.0,41.80220169361047,37.89,False,0.28098537336412627
杉並区|成田東5丁目,杉並区,成田東５丁目,5883.0,250289.95739597283,2399,0.0,0.0,0.0,106870.029,40.09,True,0.0,,0.0,44.547740308461854,40.09,False,
杉並区|成田西1丁目,杉並区,成田西１丁目,2871.0,250593.8718129796,2352,434.0,687.0,4.0,97245.398,33.7,True,0.18452380952380953,1.5829493087557605,4.0,41.345832482993195,33.7,False,0.2920918367346939
杉並区|成田西2丁目,杉並区,成田西２丁目,3156.0,238645.8037917197,2275,0.0,0.0,0.0,101934.51100000001,39.603,True,0.0,,0.0,44.806378461538465,39.603,False,
杉並区|成田西3丁目,杉並区,成田西３丁目,2167.0,255112.1422864624,2342,681.0,972.0,5.0,99036.953,35.7,True,0.29077711357813835,1.4273127753303965,5.0,42.28734116140051,35.7,False,0.4150298889837746
杉並区|成田西4丁目,杉並区,成田西４丁目,916.0,152972.43152200722,1458,737.0,843.0,2.0,58996.358,38.117,True,0.5054869684499315,1.1438263229308006,2.0,40.463894375857336,38.117,False,0.5781893004115227
杉並区|荻窪1丁目,杉並区,荻窪１丁目,5368.0,350707.517685901,3339,509.0,604.0,3.0,147836.408,37.55,True,0.1524408505540581,1.18664047151277,3.0,44.275653788559445,37.55,False,0.18089248277927522
杉並区|荻窪2丁目,杉並区,荻窪２丁目,3999.0,256063.2474997131,2407,779.0,882.0,4.0,103651.196,37.78,True,0.32363938512671375,1.1322207958921695,4.0,43.06239966763606,37.78,False,0.3664312422102202
杉並区|荻窪3丁目,杉並区,荻窪３丁目,6940.0,360560.7151857524,3424,717.0,767.0,4.0,148596.218,37.6,True,0.20940420560747663,1.0697350069735008,4.0,43.398428154205604,37.6,False,0.2240070093457944
杉並区|荻窪4丁目,杉並区,荻窪４丁目,4382.0,225682.39246655224,2146,292.0,366.0,4.0,96285.247,37.91,True,0.13606710158434296,1.2534246575342465,4.0,44.86730987884436,37.91,False,0.1705498602050326
杉並区|荻窪5丁目,杉並区,荻窪５丁目,4876.0,180094.9069906176,1703,252.0,273.0,4.0,75987.78,38.3,True,0.1479741632413388,1.0833333333333333,4.0,44.61995302407516,38.3,False,0.16030534351145037
杉並区|南荻窪1丁目,杉並区,南荻窪１丁目,3915.0,223699.09387447915,2146,42.0,42.0,1.0,101724.04,44.375,True,0.0195712954333644,1.0,1.0,47.401696178937556,44.375,False,0.0195712954333644
杉並区|南荻窪2丁目,杉並区,南荻窪２丁目,4044.0,251885.16203255803,2413,142.0,142.0,1.0,118034.023,46.345,True,0.05884790716949855,1.0,1.0,48.91588188976378,46.345,False,0.05884790716949855
杉並区|南荻窪3丁目,杉並区,南荻窪３丁目,3016.0,191777.26054496193,1815,141.0,154.0,3.0,87242.066,40.37,True,0.07768595041322314,1.0921985815602837,3.0,48.067253994490365,40.37,False,0.08484848484848485
杉並区|南荻窪4丁目,杉並区,南荻窪４丁目,3458.0,203126.40129760714,1915,240.0,295.0,4.0,88691.489,38.713,True,0.12532637075718014,1.2291666666666667,4.0,46.31409347258486,38.713,False,0.15404699738903394
杉並区|西荻南1丁目,杉並区,西荻南１丁目,2517.0,164768.69631661722,1574,416.0,416.0,1.0,77696.048,46.965,True,0.26429479034307496,1.0,1.0,49.36216518424396,46.965,False,0.26429479034307496
杉並区|西荻南2丁目,杉並区,西荻南２丁目,3978.0,143535.46892458823,1371,414.0,414.0,1.0,67790.852,47.135,True,0.30196936542669583,1.0,1.0,49.446281546316555,47.135,False,0.30196936542669583
杉並区|西荻南3丁目,杉並区,西荻南３丁目,2514.0,124011.17778896444,1188,0.0,0.0,0.0,60177.776,49.448,True,0.0,,0.0,50.6546936026936,49.448,False,
杉並区|西荻南4丁目,杉並区,西荻南４丁目,2937.0,162179.97420891357,1550,49.0,49.0,1.0,77419.164,48.915,True,0.031612903225806455,1.0,1.0,49.94784774193548,48.915,False,0.031612903225806455
杉並区|松庵1丁目,杉並区,松庵１丁目,3766.0,216578.21110403116,2073,168.0,171.0,2.0,108153.76,50.667,True,0.08104196816208394,1.0178571428571428,2.0,52.172580800771826,50.667,False,0.08248914616497828
杉並区|松庵2丁目,杉並区,松庵２丁目,2642.0,190851.0061666914,1826,175.0,189.0,2.0,94234.076,49.15,True,0.09583789704271632,1.08,2.0,51.60683242059146,49.15,False,0.10350492880613363
杉並区|松庵3丁目,杉並区,松庵３丁目,4476.0,236985.8013974757,2263,57.0,57.0,1.0,115586.729,48.165,True,0.025187803800265134,1.0,1.0,51.07676933274415,48.165,False,0.025187803800265134
杉並区|宮前1丁目,杉並区,宮前１丁目,1720.0,133880.96991311072,1280,0.0,0.0,0.0,62750.803,47.663,True,0.0,,0.0,49.02406484375,47.663,False,
杉並区|宮前2丁目,杉並区,宮前２丁目,3567.0,259142.29992508728,2475,253.0,322.0,2.0,117674.629,45.145,True,0.10222222222222223,1.2727272727272727,2.0,47.54530464646464,45.145,False,0.1301010101010101
杉並区|宮前3丁目,杉並区,宮前３丁目,5259.0,282582.5874102278,2699,976.0,977.0,2.0,130895.867,46.443,True,0.3616154131159689,1.0010245901639345,2.0,48.49791293071508,46.443,False,0.36198592071137464
杉並区|宮前4丁目,杉並区,宮前４丁目,4585.0,304120.03041360626,2907,25.0,25.0,1.0,144062.912,47.952,True,0.008599931200550396,1.0,1.0,49.557245270037846,47.952,False,0.008599931200550396
杉並区|宮前5丁目,杉並区,宮前５丁目,4035.0,271645.36096280726,2592,0.0,0.0,0.0,131509.799,49.403,True,0.0,,0.0,50.73680516975308,49.403,False,
豊島区|駒込1丁目,豊島区,駒込１丁目,4418.0,129163.06493971762,1237,811.0,258.35,3.44,25111.6,10.54,True,0.6556184316895716,0.318557336621455,3.44,20.300404203718674,10.54,False,0.20885206143896526
豊島区|駒込2丁目,豊島区,駒込２丁目,1740.0,69287.56502394278,657,366.0,128.06,3.51,10944.189999999999,11.98,True,0.5570776255707762,0.3498907103825137,3.51,16.657823439878232,11.98,False,0.19491628614916287
豊島区|駒込3丁目,豊島区,駒込３丁目,2643.0,113274.40855397012,1082,551.0,105.56,1.89,22973.480000000003,13.53,True,0.5092421441774492,0.19157894736842104,1.89,21.232421441774495,13.53,False,0.09756007393715342
豊島区|駒込4丁目,豊島区,駒込４丁目,3534.0,118241.16773121136,1133,698.0,138.52,2.23,28098.61,20.11,True,0.6160635481023831,0.19845272206303727,2.23,24.800185348631953,20.11,False,0.12225948808473082
豊島区|駒込5丁目,豊島区,駒込５丁目,608.0,100960.8214940366,965,485.0,35.4,0.65,24308.05,20.17,True,0.5025906735751295,0.07298969072164949,0.65,25.189689119170982,20.17,False,0.036683937823834195
豊島区|駒込6丁目,豊島区,駒込６丁目,3386.0,121840.87217827093,1166,836.0,164.69,0.86,21467.42,13.53,True,0.7169811320754716,0.1969976076555024,0.86,18.41116638078902,13.53,False,0.1412435677530017
豊島区|駒込7丁目,豊島区,駒込７丁目,1329.0,96045.6560778592,919,736.0,60.81,0.47,17386.93,14.8,True,0.8008705114254625,0.08262228260869565,0.47,18.919401523394995,14.8,False,0.06616974972796519
豊島区|巣鴨1丁目,豊島区,巣鴨１丁目,4055.0,166955.78250791866,1631,475.0,282.69,1.71,39942.771,20.0,True,0.29123237277743713,0.5951368421052632,1.71,24.48974310239117,20.0,False,0.17332311465358674
豊島区|巣鴨2丁目,豊島区,巣鴨２丁目,854.0,81601.55175390736,779,494.0,67.64,1.39,19739.37,24.16,True,0.6341463414634146,0.13692307692307693,1.39,25.339370988446724,24.16,False,0.08682926829268293
豊島区|巣鴨3丁目,豊島区,巣鴨３丁目,5159.0,182199.97491717007,1768,356.0,27.76,1.0,45905.402,24.84,True,0.20135746606334842,0.07797752808988764,1.0,25.964593891402718,24.84,False,0.01570135746606335
豊島区|巣鴨4丁目,豊島区,巣鴨４丁目,6219.0,184211.05600114548,1798,334.0,18.079999979,0.25,46994.691999999995,22.007,True,0.185761957730812,0.05413173646407186,0.25,26.137203559510564,22.007,False,0.01005561734093437
豊島区|巣鴨5丁目,豊島区,巣鴨５丁目,3181.0,178007.86171187958,1704,361.0,45.66,0.74,41231.35,17.93,True,0.21185446009389672,0.1264819944598338,0.74,24.196801643192487,17.93,False,0.026795774647887325
豊島区|西巣鴨1丁目,豊島区,西巣鴨１丁目,4816.0,180647.28984728735,1731,666.0,129.400999658,1.0,35820.195,17.553,True,0.3847487001733102,0.19429579528228227,1.0,20.69335355285962,17.553,False,0.07475505468399768
豊島区|西巣鴨2丁目,豊島区,西巣鴨２丁目,4170.0,153487.9665033202,1491,634.0,70.364000113,0.455000013,37410.043000000005,20.79,True,0.42521797451374915,0.11098422730757099,0.455000013,25.090572099262243,20.79,False,0.047192488338698865
豊島区|西巣鴨3丁目,豊島区,西巣鴨３丁目,2380.0,107948.71165457768,1042,332.0,46.822999985,0.41,27315.589,24.93,True,0.31861804222648754,0.14103313248493976,0.41,26.214576775431862,24.93,False,0.04493570056142035
豊島区|西巣鴨4丁目,豊島区,西巣鴨４丁目,1765.0,102692.55164173743,984,553.0,40.53,0.41,25506.32,24.06,True,0.5619918699186992,0.07329113924050633,0.41,25.921056910569106,24.06,False,0.041189024390243904
豊島区|北大塚1丁目,豊島区,北大塚１丁目,4461.0,154359.75009800843,1481,77.0,88.0,2.0,34516.713,15.832,True,0.05199189736664416,1.1428571428571428,2.0,23.306355840648212,15.832,False,0.05941931127616475
豊島区|北大塚2丁目,豊島区,北大塚２丁目,4343.0,123713.49338861452,1181,276.0,279.0,2.0,22385.024,15.97,True,0.23370025402201525,1.0108695652173914,2.0,18.954296359017782,15.97,False,0.23624047417442848
豊島区|北大塚3丁目,豊島区,北大塚３丁目,4388.0,132008.48215597414,1262,93.0,93.0,1.0,32729.177,17.225,True,0.07369255150554675,1.0,1.0,25.934371632329636,17.225,False,0.07369255150554675
豊島区|南大塚1丁目,豊島区,南大塚１丁目,6817.0,224035.5466794856,2141,567.0,588.0,2.0,40303.027,11.863,True,0.2648295189163942,1.037037037037037,2.0,18.82439374124241,11.863,False,0.2746380196170014
豊島区|南大塚2丁目,豊島区,南大塚２丁目,5603.0,196818.07909051926,1885,13.0,13.0,1.0,38958.114,11.87,True,0.006896551724137931,1.0,1.0,20.667434482758622,11.87,False,0.006896551724137931
豊島区|南大塚3丁目,豊島区,南大塚３丁目,5096.0,182964.71208607333,1738,7.0,7.0,1.0,45822.575,17.22,True,0.004027617951668585,1.0,1.0,26.365117951668584,17.22,False,0.004027617951668585
豊島区|上池袋1丁目,豊島区,上池袋１丁目,5081.0,166023.49544448362,1591,260.0,106.942999849,1.0,43429.119,18.583,True,0.16341923318667503,0.41131923018846156,1.0,27.296743557511,18.583,False,0.06721747319233186
豊島区|上池袋2丁目,豊島区,上池袋２丁目,3570.0,213368.3829952401,2073,717.0,216.250000012,1.18,62875.046,25.01,True,0.3458755426917511,0.3016039051771269,1.18,30.330461167390258,25.01,False,0.10431741438109018
豊島区|上池袋3丁目,豊島区,上池袋３丁目,4236.0,144011.9711993004,1397,891.0,63.827999972,0.412,40186.321,21.805,True,0.6377952755905512,0.07163636360493827,0.412,28.76615676449535,21.805,False,0.045689334267716535
豊島区|上池袋4丁目,豊島区,上池袋４丁目,4617.0,153104.05907636703,1492,964.0,82.70600050899999,1.33,35103.096,19.69,True,0.646112600536193,0.08579460633713692,1.33,23.527544235924932,19.69,False,0.055432976212466484
豊島区|東池袋1丁目,豊島区,東池袋１丁目,921.0,219513.831980746,2122,0.0,0.0,0.0,67254.78,29.16,True,0.0,,0.0,31.694052780395854,29.16,False,
豊島区|東池袋2丁目,豊島区,東池袋２丁目,6204.0,187419.3361206122,1797,0.0,0.0,0.0,55625.906,27.15,True,0.0,,0.0,30.954872565386758,27.15,False,
豊島区|東池袋3丁目,豊島区,東池袋３丁目,3246.0,189029.47900402843,1806,3.0,3.0,1.0,55300.214,27.56,True,0.0016611295681063123,1.0,1.0,30.620273532668882,27.56,False,0.0016611295681063123
豊島区|東池袋4丁目,豊島区,東池袋４丁目,4668.0,190848.44703808852,1830,10.0,10.0,1.0,52672.321,24.528,True,0.00546448087431694,1.0,1.0,28.782689071038252,24.528,False,0.00546448087431694
豊島区|東池袋5丁目,豊島区,東池袋５丁目,5022.0,141144.6491397551,1351,21.0,21.0,1.0,37077.302,22.913,True,0.015544041450777202,1.0,1.0,27.44433900814212,22.913,False,0.015544041450777202
豊島区|南池袋1丁目,豊島区,南池袋１丁目,2312.0,212913.36713561253,2026,17.0,17.0,1.0,63216.715,25.785,True,0.00839091806515301,1.0,1.0,31.202722112537018,25.785,False,0.00839091806515301
豊島区|南池袋2丁目,豊島区,南池袋２丁目,2732.0,205062.2198720315,1955,0.0,0.0,0.0,61488.396,27.542,True,0.0,,0.0,31.45186496163683,27.542,False,
豊島区|南池袋3丁目,豊島区,南池袋３丁目,2203.0,144055.05204019847,1383,15.0,15.0,1.0,41075.08,24.717,True,0.010845986984815618,1.0,1.0,29.69998553868402,24.717,False,0.010845986984815618
豊島区|南池袋4丁目,豊島区,南池袋４丁目,1205.0,183529.01791595455,1759,9.0,9.0,1.0,52372.855,22.952,True,0.00511654349061967,1.0,1.0,29.774221148379763,22.952,False,0.00511654349061967
豊島区|西池袋1丁目,豊島区,西池袋１丁目,320.0,189792.16168327632,1838,12.0,8.37,1.0,59526.439000000006,26.86,True,0.006528835690968444,0.6974999999999999,1.0,32.38652829162133,26.86,False,0.004553862894450489
豊島区|西池袋2丁目,豊島区,西池袋２丁目,4210.0,176035.62506412217,1684,0.0,0.0,0.0,53618.615,25.775,True,0.0,,0.0,31.84003266033254,25.775,False,
豊島区|西池袋3丁目,豊島区,西池袋３丁目,4106.0,247848.5659530082,2406,119.0,8.78,0.33,78580.752,29.14,True,0.04945968412302577,0.07378151260504201,0.33,32.660329177057356,29.14,False,0.003649210307564422
豊島区|西池袋4丁目,豊島区,西池袋４丁目,5101.0,171726.038302414,1661,1152.0,414.48,1.35,50082.498,28.27,True,0.6935580975316075,0.3597916666666667,1.35,30.15201565322095,28.27,False,0.24953642384105962
豊島区|西池袋5丁目,豊島区,西池袋５丁目,4023.0,154453.98879732407,1481,608.0,263.62,0.94,46940.851,28.14,True,0.41053342336259285,0.4335855263157895,0.94,31.695375422012155,28.14,False,0.17800135043889265
豊島区|池袋本町1丁目,豊島区,池袋本町１丁目,3691.0,156030.6264381091,1491,916.0,271.19,1.35,42937.77,24.95,True,0.6143527833668678,0.2960589519650655,1.35,28.797967806841044,24.95,False,0.1818846411804158
豊島区|池袋本町2丁目,豊島区,池袋本町２丁目,3680.0,151050.78875269974,1452,1013.0,547.44,1.33,41187.84,25.14,True,0.6976584022038568,0.5404146100691017,1.33,28.366280991735536,25.14,False,0.3770247933884298
豊島区|池袋本町3丁目,豊島区,池袋本町３丁目,3063.0,130425.84810922164,1247,852.0,601.4,1.75,33909.07,23.81,True,0.6832397754611067,0.705868544600939,1.75,27.19251804330393,23.81,False,0.4822774659182037
豊島区|池袋本町4丁目,豊島区,池袋本町４丁目,7380.0,199944.95546878534,1911,1462.0,942.53,2.16,49559.56,22.63,True,0.7650444793301936,0.6446853625170998,2.16,25.933835688121402,22.63,False,0.49321297749869175
豊島区|雑司が谷1丁目,豊島区,雑司が谷１丁目,3821.0,183145.77330244475,1750,71.0,71.0,1.0,46931.347,15.665,True,0.04057142857142857,1.0,1.0,26.81791257142857,15.665,False,0.04057142857142857
豊島区|雑司が谷2丁目,豊島区,雑司が谷２丁目,3258.0,127743.50823292625,1226,30.0,30.0,1.0,32053.817,20.273,True,0.024469820554649267,1.0,1.0,26.145038336052203,20.273,False,0.024469820554649267
豊島区|雑司が谷3丁目,豊島区,雑司が谷３丁目,2241.0,91171.53885355432,873,1.0,1.0,1.0,24816.802,23.473,True,0.001145475372279496,1.0,1.0,28.42703550973654,23.473,False,0.001145475372279496
豊島区|高田1丁目,豊島区,高田１丁目,5427.0,172353.24076825636,1619,1004.0,1824.0,5.0,21569.362,5.858,True,0.6201358863495985,1.8167330677290836,5.0,13.322644842495368,5.858,False,1.1266213712168005
豊島区|高田2丁目,豊島区,高田２丁目,3907.0,114118.60271957472,1071,500.0,932.0,6.0,16164.759,5.8,True,0.4668534080298786,1.864,6.0,15.093145658263305,5.8,False,0.8702147525676938
豊島区|高田3丁目,豊島区,高田３丁目,3920.0,206400.69063181695,1901,1408.0,2193.0,5.0,22594.503,7.54,True,0.7406628090478695,1.5575284090909092,5.0,11.885588111520253,7.54,False,1.153603366649132
豊島区|目白1丁目,豊島区,目白１丁目,1322.0,263225.4090798817,2522,26.0,26.0,1.0,70304.696,12.205,True,0.010309278350515464,1.0,1.0,27.876564631245042,12.205,False,0.010309278350515464
豊島区|目白2丁目,豊島区,目白２丁目,3773.0,181617.15960964723,1739,43.0,43.0,1.0,53233.77,23.82,True,0.024726854514088556,1.0,1.0,30.611713628522136,23.82,False,0.024726854514088556
豊島区|目白3丁目,豊島区,目白３丁目,2447.0,174191.73143225838,1658,117.0,123.0,2.0,50950.784,22.195,True,0.07056694813027745,1.0512820512820513,2.0,30.730267792521108,22.195,False,0.07418576598311219
豊島区|目白4丁目,豊島区,目白４丁目,3719.0,177855.40159801417,1743,769.0,151.27,0.73,55579.445999999996,28.97,True,0.44119334480780265,0.19671001300390117,0.73,31.88723235800344,28.97,False,0.08678714859437751
豊島区|目白5丁目,豊島区,目白５丁目,3569.0,135658.24740070454,1310,827.0,171.26,1.64,42280.385,29.11,True,0.6312977099236641,0.20708585247883918,1.64,32.27510305343512,29.11,False,0.1307328244274809
豊島区|南長崎1丁目,豊島区,南長崎１丁目,3205.0,124850.18477643552,1200,711.0,95.29,1.64,39335.584,28.92,True,0.5925,0.13402250351617442,1.64,32.779653333333336,28.92,False,0.07940833333333334
豊島区|南長崎2丁目,豊島区,南長崎２丁目,3098.0,105319.3012090592,1005,415.0,35.22,0.37,34693.077,31.12,True,0.4129353233830846,0.08486746987951807,0.37,34.52047462686567,31.12,False,0.03504477611940299
豊島区|南長崎3丁目,豊島区,南長崎３丁目,3983.0,146074.4007643356,1401,922.0,137.25,0.52,49023.005,32.53,True,0.6581013561741613,0.14886117136659435,0.52,34.991438258386864,32.53,False,0.09796573875802997
豊島区|南長崎4丁目,豊島区,南長崎４丁目,3637.0,169505.13167317398,1652,677.0,77.64200002,1.0,58601.684,30.985,True,0.40980629539951574,0.11468537669128508,1.0,35.47317433414044,30.985,False,0.046998789358353506
豊島区|南長崎5丁目,豊島区,南長崎５丁目,3555.0,126881.50583459515,1244,694.0,75.360000369,0.822000027,43722.731,32.117,True,0.5578778135048231,0.1085878967853026,0.822000027,35.14688987138263,32.117,False,0.06057877843167203
豊島区|南長崎6丁目,豊島区,南長崎６丁目,3320.0,132359.14255549363,1297,710.0,97.21300004099999,0.75,46475.833,33.502,True,0.5474171164225135,0.1369197183676056,0.75,35.83333307632999,33.502,False,0.07495219741017731
豊島区|長崎1丁目,豊島区,長崎１丁目,2766.0,127630.88042167782,1220,363.0,34.78,0.44,38919.89,29.19,True,0.2975409836065574,0.09581267217630854,0.44,31.90154918032787,29.19,False,0.028508196721311475
豊島区|長崎2丁目,豊島区,長崎２丁目,3366.0,143874.72218997654,1380,1074.0,226.01,0.57,43998.93,30.1,True,0.7782608695652173,0.21043761638733705,0.57,31.88328260869565,30.1,False,0.16377536231884057
豊島区|長崎3丁目,豊島区,長崎３丁目,2677.0,121623.31917804007,1159,757.0,96.73,0.51,40043.19,32.34,True,0.6531492666091459,0.12778071334214003,0.51,34.5497756686799,32.34,False,0.08345987920621226
豊島区|長崎4丁目,豊島区,長崎４丁目,3776.0,151125.83239361134,1449,1186.0,95.78,0.24,51815.5,34.07,True,0.8184955141476881,0.08075885328836425,0.24,35.759489302967566,34.07,False,0.06610075914423741
豊島区|長崎5丁目,豊島区,長崎５丁目,2921.0,153215.01333866626,1466,663.0,107.47,0.65,52678.45,33.77,True,0.45225102319236016,0.16209653092006032,0.65,35.93345839017735,33.77,False,0.07330832196452933
豊島区|長崎6丁目,豊島区,長崎６丁目,2865.0,128368.01537700016,1235,574.0,186.45,1.15,42152.11,30.25,True,0.4647773279352227,0.3248257839721254,1.15,34.131263157894736,30.25,False,0.15097165991902833
豊島区|池袋1丁目,豊島区,池袋１丁目,2052.0,119100.04829195543,1139,686.0,196.77,1.38,36184.43,28.09,True,0.6022827041264267,0.28683673469387755,1.38,31.768595258999124,28.09,False,0.17275680421422301
豊島区|池袋2丁目,豊島区,池袋２丁目,6229.0,236494.25206080114,2276,961.0,93.55,0.76,74663.886,29.75,True,0.422231985940246,0.0973465140478668,0.76,32.80487082601054,29.75,False,0.04110281195079086
豊島区|池袋3丁目,豊島区,池袋３丁目,7877.0,274299.53781205113,2632,2027.0,949.3000000000001,5.09,77704.52,22.99,True,0.7701367781155015,0.46832757770103606,5.09,29.522993920972645,22.99,False,0.3606762917933131
豊島区|池袋4丁目,豊島区,池袋４丁目,3547.0,134034.13030955702,1281,749.0,326.39,1.32,37494.59,25.96,True,0.5846994535519126,0.43576769025367157,1.32,29.269781420765025,25.96,False,0.2547931303669009
豊島区|千早1丁目,豊島区,千早１丁目,3593.0,150474.76069155012,1436,889.0,152.53,0.65,45236.85,28.43,True,0.6190807799442897,0.1715748031496063,0.65,31.501984679665735,28.43,False,0.10621866295264623
豊島区|千早2丁目,豊島区,千早２丁目,4311.0,191934.42914591785,1833,1165.0,179.53,0.92,61250.63,30.43,True,0.63557010365521,0.1541030042918455,0.92,33.415510092744135,30.43,False,0.09794326241134753
豊島区|千早3丁目,豊島区,千早３丁目,2612.0,157037.36779960836,1503,943.0,80.14,0.31,53469.6,34.63,True,0.6274118429807053,0.08498409331919406,0.31,35.575249500998005,34.63,False,0.053320026613439785
豊島区|千早4丁目,豊島区,千早４丁目,2305.0,138824.77835556163,1325,787.0,110.08,1.06,45076.23,29.95,True,0.5939622641509434,0.13987293519695043,1.06,34.019796226415096,29.95,False,0.08307924528301887
豊島区|要町1丁目,豊島区,要町１丁目,4158.0,176566.74252169058,1687,938.0,198.18,5.09,53425.490000000005,23.78,True,0.5560165975103735,0.21127931769722816,5.09,31.66893301719028,23.78,False,0.11747480735032603
豊島区|要町2丁目,豊島区,要町２丁目,2129.0,121074.5297991288,1161,442.0,91.78,0.9,38840.2,31.21,True,0.3807062876830319,0.2076470588235294,0.9,33.454091300602926,31.21,False,0.07905254091300604
豊島区|要町3丁目,豊島区,要町３丁目,3475.0,204402.09414483287,1958,1148.0,157.59,0.93,66262.5,32.07,True,0.5863125638406538,0.13727351916376307,0.93,33.84193054136875,32.07,False,0.08048518896833505
豊島区|高松1丁目,豊島区,高松１丁目,1654.0,69596.3569189751,664,641.0,290.02,2.46,18853.89,26.56,True,0.9653614457831325,0.45244929797191885,2.46,28.39441265060241,26.56,False,0.4367771084337349
豊島区|高松2丁目,豊島区,高松２丁目,4195.0,174372.11765676746,1670,1097.0,145.47,0.88,53465.57,27.91,True,0.6568862275449102,0.13260711030082042,0.88,32.01531137724551,27.91,False,0.08710778443113773
豊島区|高松3丁目,豊島区,高松３丁目,2467.0,103179.23050836402,987,449.0,46.38,0.53,33382.27,31.55,True,0.45491388044579534,0.10329621380846325,0.53,33.821955420466054,31.55,False,0.046990881458966564
豊島区|千川1丁目,豊島区,千川１丁目,2298.0,112246.84158999899,1072,513.0,61.02,0.48,37141.99,32.62,True,0.478544776119403,0.11894736842105263,0.48,34.64737873134328,32.62,False,0.05692164179104478
豊島区|千川2丁目,豊島区,千川２丁目,2613.0,121147.0560036652,1159,676.0,57.68,0.47,40496.7,32.81,True,0.5832614322691976,0.08532544378698224,0.47,34.94106988783434,32.81,False,0.049767040552200166
北区|王子1丁目,北区,王子１丁目,3009.0,298312.3152982049,3388,2307.0,970.77,4.32,23775.59,0.01,True,0.6809327036599764,0.4207932379713914,4.32,7.01758854781582,0.01,False,0.2865318772136954
北区|王子2丁目,北区,王子２丁目,3303.0,157556.92384692028,1470,725.0,117.4,1.03,6519.71,3.1,True,0.4931972789115646,0.16193103448275864,1.03,4.4351768707482995,3.1,False,0.0798639455782313
北区|王子3丁目,北区,王子３丁目,2721.0,114674.6553594137,1099,827.0,207.19,5.16,3994.37,0.52,True,0.7525022747952684,0.25053204353083436,5.16,3.6345495905368517,0.52,False,0.18852593266606008
北区|王子4丁目,北区,王子４丁目,3065.0,109562.77380764604,1042,936.0,409.55,1.55,3231.01,1.74,True,0.8982725527831094,0.4375534188034188,1.55,3.100777351247601,1.74,False,0.39304222648752396
北区|王子5丁目,北区,王子５丁目,10797.0,280477.26628562616,2664,1987.0,1618.6,2.29,8076.11,1.46,True,0.7458708708708709,0.8145948666331152,2.29,3.031572822822823,1.46,False,0.6075825825825826
北区|王子6丁目,北区,王子６丁目,1849.0,182043.2312055548,1770,574.0,124.50999999999999,1.26,7098.19,1.87,True,0.32429378531073444,0.2169163763066202,1.26,4.010276836158192,1.87,False,0.07034463276836157
北区|豊島1丁目,北区,豊島１丁目,3500.0,105802.36581659374,1578,1415.0,694.6899999999999,4.54,4699.26,-1.1,True,0.8967046894803549,0.49094699646643103,4.54,2.9779847908745247,-1.1,False,0.4402344740177439
北区|豊島2丁目,北区,豊島２丁目,1921.0,127924.87690300055,2256,2252.0,2036.63,2.53,5170.7699999999995,1.13,True,0.99822695035461,0.9043650088809947,2.53,2.292007978723404,1.13,False,0.9027615248226951
北区|豊島3丁目,北区,豊島３丁目,2826.0,148815.4955342648,2567,2495.0,1462.9099999999999,2.14,6132.200000000001,0.93,True,0.9719516945851188,0.5863366733466934,2.14,2.3888585897935335,0.93,False,0.5698909232567199
北区|豊島4丁目,北区,豊島４丁目,3045.0,160585.65075660005,1556,1501.0,1528.34,2.22,3140.2700000000004,0.88,True,0.9646529562982005,1.0182145236508993,2.22,2.018168380462725,0.88,False,0.9822236503856039
北区|豊島5丁目,北区,豊島５丁目,9646.0,538468.1674876927,2437,408.0,399.85,1.84,9078.07,1.26,True,0.16741895773492,0.9800245098039216,1.84,3.7251005334427574,1.26,False,0.16407468198604844
北区|豊島6丁目,北区,豊島６丁目,1159.0,97608.15943358354,899,838.0,718.11,1.85,2068.27,1.14,True,0.932146829810901,0.8569331742243437,1.85,2.3006340378198,1.14,False,0.7987875417130145
北区|豊島7丁目,北区,豊島７丁目,4038.0,182888.24003059737,1644,1613.0,1396.18,1.85,3715.29,1.14,True,0.9811435523114356,0.8655796652200868,1.85,2.2599087591240874,1.14,False,0.8492579075425791
北区|豊島8丁目,北区,豊島８丁目,5117.0,208409.23727874618,1833,1687.0,1025.97,1.9,5056.11,1.02,True,0.9203491543917076,0.6081624184943687,1.9,2.7583797054009818,1.02,False,0.5597217675941081
北区|堀船1丁目,北区,堀船１丁目,2967.0,140359.75733949046,2548,1926.0,904.8399999999999,4.58,8639.46,-0.83,True,0.7558869701726845,0.4698026998961578,4.58,3.390682888540031,-0.83,False,0.35511773940345365
北区|堀船2丁目,北区,堀船２丁目,3874.0,207394.35745116862,2733,1953.0,996.59,3.02,8707.65,0.01,True,0.7145993413830956,0.5102867383512545,3.02,3.186114160263447,0.01,False,0.36465056714233446
北区|堀船3丁目,北区,堀船３丁目,3554.0,200435.01618345059,3013,2683.0,2086.8,2.67,7212.969999999999,0.48,True,0.8904746100232327,0.7777860603801715,2.67,2.3939495519415863,0.48,False,0.6925987387985397
北区|堀船4丁目,北区,堀船４丁目,816.0,131741.9049452462,1132,615.0,263.43,1.7,3430.78,1.39,True,0.5432862190812721,0.42834146341463414,1.7,3.0307243816254417,1.39,False,0.2327120141342756
北区|東十条1丁目,北区,東十条１丁目,2557.0,99053.59102008284,869,577.0,54.47,0.41,4230.45,3.89,True,0.663981588032221,0.09440207972270363,0.41,4.868181818181818,3.89,False,0.06268124280782508
北区|東十条2丁目,北区,東十条２丁目,2493.0,77090.14563647554,710,474.0,39.72,0.28,3473.5,3.79,True,0.6676056338028169,0.08379746835443037,0.28,4.892253521126761,3.79,False,0.05594366197183098
北区|東十条3丁目,北区,東十条３丁目,2896.0,155303.44527708134,1424,631.0,97.81,1.02,6979.43,2.33,True,0.4431179775280899,0.1550079239302694,1.02,4.901285112359551,2.33,False,0.06868679775280899
北区|東十条4丁目,北区,東十条４丁目,2500.0,88927.88453695526,765,467.0,37.96,0.7,3987.1200000000003,3.45,True,0.6104575163398693,0.0812847965738758,0.7,5.211921568627451,3.45,False,0.04962091503267974
北区|東十条5丁目,北区,東十条５丁目,2246.0,110855.5956105652,1063,551.0,25.9,0.3,5936.92,3.62,True,0.5183443085606774,0.047005444646098,0.3,5.585061147695202,3.62,False,0.024365004703668862
北区|東十条6丁目,北区,東十条６丁目,1477.0,95481.42282718577,913,503.0,40.32,0.28,4808.17,3.81,True,0.5509309967141293,0.08015904572564612,0.28,5.266341730558598,3.81,False,0.044162102957283685
北区|王子本町1丁目,北区,王子本町１丁目,2555.0,130995.29425284354,1211,647.0,181.59,2.46,19678.78,3.85,True,0.5342691990090834,0.2806646058732612,2.46,16.250024772914944,3.85,False,0.14995045417010736
北区|王子本町2丁目,北区,王子本町２丁目,1977.0,103504.96028764649,987,303.0,19.5,2.0,22998.36,15.36,True,0.3069908814589666,0.06435643564356436,2.0,23.30127659574468,15.36,False,0.01975683890577508
北区|王子本町3丁目,北区,王子本町３丁目,1249.0,69601.61091199878,663,73.0,3.09,0.21,13343.560000000001,14.91,True,0.11010558069381599,0.04232876712328767,0.21,20.12603318250377,14.91,False,0.0046606334841628955
北区|岸町1丁目,北区,岸町１丁目,1129.0,80239.69613262382,769,568.0,407.01,2.46,5877.63,4.72,True,0.7386215864759428,0.7165669014084507,2.46,7.643211963589077,4.72,False,0.5292717815344603
北区|岸町2丁目,北区,岸町２丁目,1455.0,62336.26416400347,595,359.0,51.1,1.29,5089.41,5.34,True,0.6033613445378151,0.14233983286908078,1.29,8.55363025210084,5.34,False,0.08588235294117647
北区|中十条1丁目,北区,中十条１丁目,2640.0,140229.11946981327,1344,715.0,71.08,1.5,29156.8,14.61,True,0.5319940476190477,0.0994125874125874,1.5,21.69404761904762,14.61,False,0.05288690476190476
北区|中十条2丁目,北区,中十条２丁目,2116.0,97058.65721579979,926,502.0,42.85,0.65,19675.82,8.64,True,0.5421166306695464,0.08535856573705179,0.65,21.24818574514039,8.64,False,0.0462742980561555
北区|中十条3丁目,北区,中十条３丁目,3021.0,137977.9392526894,1312,478.0,41.0,0.66,26981.27,9.13,True,0.3643292682926829,0.08577405857740586,0.66,20.56499237804878,9.13,False,0.03125
北区|中十条4丁目,北区,中十条４丁目,914.0,69483.82432355103,666,316.0,71.18,1.88,11344.76,6.31,True,0.4744744744744745,0.22525316455696204,1.88,17.034174174174176,6.31,False,0.10687687687687689
北区|十条台1丁目,北区,十条台１丁目,815.0,348868.6261341711,3347,203.0,32.22,0.9,73003.91,19.15,True,0.06065132954884972,0.1587192118226601,0.9,21.811744846130864,19.15,False,0.009626531221989842
北区|十条台2丁目,北区,十条台２丁目,403.0,97074.91046901714,926,212.0,30.1,0.86,21476.78,20.79,True,0.22894168466522677,0.1419811320754717,0.86,23.193066954643626,20.79,False,0.032505399568034554
北区|十条仲原1丁目,北区,十条仲原１丁目,1824.0,77988.41587833215,734,409.0,111.7,0.91,15459.36,20.03,True,0.5572207084468664,0.27310513447432766,0.91,21.061798365122616,20.03,False,0.15217983651226158
北区|十条仲原2丁目,北区,十条仲原２丁目,1558.0,69875.05376832627,666,231.0,29.01,0.66,14461.02,19.3,True,0.34684684684684686,0.1255844155844156,0.66,21.713243243243245,19.3,False,0.043558558558558565
北区|十条仲原3丁目,北区,十条仲原３丁目,1394.0,58461.27160102861,557,247.0,19.04,0.29,12870.34,20.47,True,0.44344703770197486,0.07708502024291497,0.29,23.10653500897666,20.47,False,0.03418312387791741
北区|十条仲原4丁目,北区,十条仲原４丁目,1339.0,93593.87411151027,895,562.0,192.41,1.76,14096.61,7.38,True,0.6279329608938548,0.3423665480427046,1.76,15.750402234636873,7.38,False,0.21498324022346368
北区|上十条1丁目,北区,上十条１丁目,2739.0,129984.21729945997,1244,435.0,29.57,0.62,26012.23,18.89,True,0.3496784565916399,0.06797701149425288,0.62,20.91015273311897,18.89,False,0.02377009646302251
北区|上十条2丁目,北区,上十条２丁目,1994.0,111310.91426010401,1070,898.0,246.35,0.71,22867.37,20.53,True,0.8392523364485981,0.2743318485523385,0.71,21.3713738317757,20.53,False,0.23023364485981304
北区|上十条3丁目,北区,上十条３丁目,2611.0,126983.78943400919,1224,468.0,50.839999999999996,0.62,27315.28,20.41,True,0.38235294117647056,0.10863247863247863,0.62,22.316405228758168,20.41,False,0.041535947712418295
北区|上十条4丁目,北区,上十条４丁目,2371.0,82670.92218437899,788,379.0,42.3,0.66,16941.6,19.48,True,0.48096446700507617,0.11160949868073877,0.66,21.4994923857868,19.48,False,0.05368020304568528
北区|上十条5丁目,北区,上十条５丁目,3168.0,148555.18460110732,1421,372.0,104.22,1.73,29889.7,9.76,True,0.2617874736101337,0.28016129032258064,1.73,21.03427163969036,9.76,False,0.07334271639690358
北区|神谷1丁目,北区,神谷１丁目,5975.0,174816.4474530667,1556,1469.0,1506.53,2.32,3817.03,1.19,True,0.9440874035989717,1.0255479918311776,2.32,2.4531041131105398,1.19,False,0.9682069408740359
北区|神谷2丁目,北区,神谷２丁目,4903.0,229856.4774291001,2202,1605.0,1056.2,1.92,6784.71,1.51,True,0.728882833787466,0.6580685358255453,1.92,3.081158038147139,1.51,False,0.479654859218892
北区|神谷3丁目,北区,神谷３丁目,5767.0,364599.5688103853,3161,3064.0,3958.85,3.99,7129.57,0.45,True,0.969313508383423,1.2920528720626632,3.99,2.2554792787092692,0.45,False,1.252404302435938
北区|赤羽1丁目,北区,赤羽１丁目,3487.0,207691.40496058398,1983,1694.0,596.47,1.65,9136.52,2.57,True,0.854261220373172,0.35210743801652894,1.65,4.607423096318709,2.57,False,0.30079172970247103
北区|赤羽2丁目,北区,赤羽２丁目,5296.0,191701.40524130405,1836,1530.0,1139.2,1.66,6411.4,2.55,True,0.8333333333333334,0.7445751633986928,1.66,3.492047930283224,2.55,False,0.6204793028322441
北区|赤羽3丁目,北区,赤羽３丁目,2325.0,163268.65821334568,1464,1213.0,1155.09,3.23,6597.98,2.08,True,0.828551912568306,0.9522588623248145,3.23,4.50681693989071,2.08,False,0.7889959016393442
北区|西が丘1丁目,北区,西が丘１丁目,3402.0,213917.555599928,2043,1273.0,148.76,1.04,44151.57,16.2,True,0.6231032794909447,0.11685781618224665,1.04,21.61114537444934,16.2,False,0.07281448849730787
北区|西が丘2丁目,北区,西が丘２丁目,1956.0,125321.9623814098,1197,572.0,228.1,1.73,22298.48,9.81,True,0.4778613199665831,0.3987762237762238,1.73,18.62863826232247,9.81,False,0.19055973266499582
北区|西が丘3丁目,北区,西が丘３丁目,3291.0,257192.4194824004,2461,615.0,113.55,0.76,53914.840000000004,14.42,True,0.24989841527834214,0.1846341463414634,0.76,21.9076960585128,14.42,False,0.046139780577001216
北区|赤羽西1丁目,北区,赤羽西１丁目,3689.0,163009.10876929035,1563,924.0,265.84,0.99,13839.61,5.31,True,0.5911708253358925,0.2877056277056277,0.99,8.854516954574537,5.31,False,0.17008317338451695
北区|赤羽西2丁目,北区,赤羽西２丁目,2429.0,133856.90543145436,1283,287.0,30.02,0.89,17615.61,5.72,True,0.22369446609508964,0.1045993031358885,0.89,13.730015588464537,5.72,False,0.023398285268901014
北区|赤羽西3丁目,北区,赤羽西３丁目,2360.0,134159.3091937464,1288,786.0,285.05,1.65,19079.81,6.46,True,0.610248447204969,0.3626590330788804,1.65,14.813517080745342,6.46,False,0.22131211180124225
北区|赤羽西4丁目,北区,赤羽西４丁目,3694.0,165209.7668694173,1579,935.0,190.86,1.12,24376.87,7.0,True,0.5921469284357188,0.20412834224598933,1.12,15.438169727675744,7.0,False,0.12087397086763776
北区|赤羽西5丁目,北区,赤羽西５丁目,1346.0,175413.89400952472,1662,594.0,64.11,0.98,34198.33,9.85,True,0.3574007220216607,0.10792929292929293,0.98,20.576612515042118,9.85,False,0.03857400722021661
北区|赤羽西6丁目,北区,赤羽西６丁目,4007.0,178582.18805065786,1704,754.0,106.08,0.85,36851.9,15.63,True,0.4424882629107981,0.1406896551724138,0.85,21.626701877934273,15.63,False,0.062253521126760566
北区|志茂1丁目,北区,志茂１丁目,3219.0,183712.04787162645,1750,1692.0,1143.11,1.79,5001.73,1.71,True,0.9668571428571429,0.6755969267139479,1.79,2.8581314285714283,1.71,False,0.6532057142857142
北区|志茂2丁目,北区,志茂２丁目,5495.0,195424.13158004277,1866,1863.0,1642.02,6.08,5104.03,0.57,True,0.9983922829581994,0.8813848631239936,6.08,2.735278670953912,0.57,False,0.879967845659164
北区|志茂3丁目,北区,志茂３丁目,5048.0,262469.67387116357,2196,2186.0,4131.64,4.15,3694.41,0.07,True,0.9954462659380692,1.890045745654163,4.15,1.6823360655737705,0.07,False,1.8814389799635702
北区|志茂4丁目,北区,志茂４丁目,4356.0,200301.10087126636,1897,1896.0,3241.28,5.79,3611.8,0.1,True,0.9994728518713759,1.709535864978903,5.79,1.903953610964681,0.1,False,1.7086346863468636
北区|志茂5丁目,北区,志茂５丁目,3901.0,658670.8272344373,1562,1549.0,1305.53,2.48,4617.58,1.11,True,0.9916773367477593,0.8428211749515816,2.48,2.9561971830985914,1.11,False,0.8358066581306017
北区|岩淵町,北区,岩淵町,4954.0,231166.17472702303,1955,1928.0,1935.8700000000001,3.15,6517.32,2.26,True,0.9861892583120204,1.004081950207469,3.15,3.3336675191815854,2.26,False,0.9902148337595909
北区|赤羽台1丁目,北区,赤羽台１丁目,2526.0,163842.02273251596,1569,4.0,0.07,0.02,30968.57,10.17,True,0.0025493945188017845,0.0175,0.02,19.737775653282345,10.17,False,4.461440407903123e-05
北区|赤羽台2丁目,北区,赤羽台２丁目,3847.0,122309.87821257989,1168,29.0,2.1,0.19,25168.64,11.53,True,0.02482876712328767,0.07241379310344828,0.19,21.54849315068493,11.53,False,0.001797945205479452
北区|赤羽台3丁目,北区,赤羽台３丁目,2779.0,207805.56864205727,1984,1138.0,370.06,2.46,24329.68,4.08,True,0.5735887096774194,0.32518453427065025,2.46,12.262943548387097,4.08,False,0.18652217741935484
北区|赤羽台4丁目,北区,赤羽台４丁目,1538.0,186888.53886221838,1791,803.0,76.92,1.32,32405.81,4.32,True,0.4483528754885539,0.09579078455790785,1.32,18.093696259073145,4.32,False,0.04294807370184255
北区|赤羽南1丁目,北区,赤羽南１丁目,3538.0,116514.40838493033,1113,858.0,139.65,0.56,4759.49,3.03,True,0.77088948787062,0.16276223776223778,0.56,4.276271338724169,3.03,False,0.12547169811320755
北区|赤羽南2丁目,北区,赤羽南２丁目,1823.0,128594.94937969839,1230,624.0,65.59,0.29,5954.72,3.83,True,0.5073170731707317,0.10511217948717949,0.29,4.841235772357724,3.83,False,0.05332520325203252
北区|赤羽北1丁目,北区,赤羽北１丁目,3594.0,165215.6991845049,1554,1366.0,1753.19,2.65,6922.86,2.14,True,0.879021879021879,1.2834480234260615,2.65,4.454864864864865,2.14,False,1.1281788931788932
北区|赤羽北2丁目,北区,赤羽北２丁目,6638.0,296312.40923998854,2537,2266.0,2180.45,2.93,11354.87,1.83,True,0.8931809223492314,0.9622462488967343,2.93,4.47570752857706,1.83,False,0.8594599921166732
北区|赤羽北3丁目,北区,赤羽北３丁目,5395.0,214317.88915843316,2050,784.0,61.34,0.73,41397.86,7.77,True,0.3824390243902439,0.07823979591836736,0.73,20.194078048780487,7.77,False,0.0299219512195122
北区|浮間1丁目,北区,浮間１丁目,4173.0,212975.34144673738,1759,1675.0,4400.77,5.61,4160.69,0.06,True,0.9522455940875497,2.6273253731343287,5.61,2.3653723706651504,0.06,False,2.501859010801592
北区|浮間2丁目,北区,浮間２丁目,5459.0,1360789.009888669,2758,2753.0,7541.39,5.21,5845.24,0.57,True,0.9981870920957215,2.739335270613876,5.21,2.119376359680928,0.57,False,2.7343691080493113
北区|浮間3丁目,北区,浮間３丁目,8807.0,374430.4921688568,3307,3287.0,8828.24,5.72,7326.05,0.46,True,0.9939522225582098,2.6858046851232125,5.72,2.215315996371334,0.46,False,2.66956153613547
北区|浮間4丁目,北区,浮間４丁目,3535.0,373751.1501167138,3491,3068.0,7106.47,5.44,11038.44,0.82,True,0.8788312804354054,2.316320078226858,5.44,3.161970782010885,0.82,False,2.035654540246348
北区|浮間5丁目,北区,浮間５丁目,2574.0,288502.148859778,2407,2382.0,6188.24,5.1,5376.98,1.1,True,0.989613626921479,2.59791771620487,5.1,2.2338928126298296,1.1,False,2.570934773577067
北区|桐ケ丘1丁目,北区,桐ケ丘１丁目,3953.0,248432.1075031811,2377,778.0,113.33,0.78,50123.39,15.26,True,0.3273033235170383,0.14566838046272493,0.78,21.086827934371055,15.26,False,0.04767774505679428
北区|桐ケ丘2丁目,北区,桐ケ丘２丁目,847.0,161450.1760576595,1547,560.0,127.73,0.89,25693.91,7.64,True,0.36199095022624433,0.22808928571428572,0.89,16.608862314156433,7.64,False,0.08256625727213962
北区|滝野川1丁目,北区,滝野川１丁目,5813.0,249980.64676745867,2394,969.0,70.75,0.38,46812.68,12.64,True,0.40476190476190477,0.07301341589267286,0.38,19.554168755221387,12.64,False,0.029553049289891397
北区|滝野川2丁目,北区,滝野川２丁目,4640.0,214436.74893689435,1991,1194.0,140.29,2.46,33175.09,5.07,True,0.5996986438975389,0.11749581239530987,2.46,16.662526368658963,5.07,False,0.07046207935710698
北区|滝野川3丁目,北区,滝野川３丁目,6009.0,244011.649807413,2296,1426.0,280.02,5.39,44106.75,9.14,True,0.6210801393728222,0.196367461430575,5.39,19.210256968641115,9.14,False,0.12195993031358883
北区|滝野川4丁目,北区,滝野川４丁目,1959.0,100167.2646997338,876,535.0,341.54,8.34,14882.84,5.61,True,0.610730593607306,0.638392523364486,8.34,16.989543378995435,5.61,False,0.3898858447488585
北区|滝野川5丁目,北区,滝野川５丁目,3181.0,193260.84267086562,1818,898.0,260.88,5.75,39192.28,9.93,True,0.49394939493949397,0.29051224944320714,5.75,21.557909790979096,9.93,False,0.1434983498349835
北区|滝野川6丁目,北区,滝野川６丁目,7172.0,215405.1062394018,2106,814.0,115.497000019,0.53,56304.351,24.46,True,0.3865147198480532,0.1418882064115479,0.53,26.7352094017094,24.46,False,0.05484188035090218
北区|滝野川7丁目,北区,滝野川７丁目,6131.0,199113.56860044913,1905,1111.0,58.181000286,0.388000011,42903.994999999995,19.763,True,0.5832020997375328,0.05236813707110711,0.388000011,22.52178215223097,19.763,False,0.030541207499212596
北区|西ケ原1丁目,北区,西ケ原１丁目,6012.0,258407.11084291487,2463,1609.0,309.06,1.54,44432.94,12.41,True,0.6532683719041819,0.19208203853325045,1.54,18.040170523751524,12.41,False,0.12548112058465286
北区|西ケ原2丁目,北区,西ケ原２丁目,2798.0,277446.6230302133,2659,811.0,115.67,3.7,58491.049999999996,8.37,True,0.3050018804061677,0.14262638717632553,3.7,21.997386235426852,8.37,False,0.043501316284317415
北区|西ケ原3丁目,北区,西ケ原３丁目,4751.0,220220.08411860198,2102,846.0,50.13,0.37,40416.270000000004,14.23,True,0.40247383444338725,0.05925531914893618,0.37,19.227530922930544,14.23,False,0.023848715509039012
北区|西ケ原4丁目,北区,西ケ原４丁目,4983.0,226085.64550631185,2160,689.0,50.57,0.71,43089.68,15.13,True,0.3189814814814815,0.07339622641509434,0.71,19.948925925925927,15.13,False,0.023412037037037037
北区|栄町,北区,栄町,2701.0,178672.20770646486,1665,1082.0,249.81,1.61,7522.530000000001,2.53,True,0.6498498498498498,0.23087800369685768,1.61,4.518036036036037,2.53,False,0.15003603603603605
北区|上中里1丁目,北区,上中里１丁目,2813.0,139195.74296392454,1328,518.0,93.28999999999999,2.41,30156.03,12.44,True,0.39006024096385544,0.18009652509652507,2.41,22.70785391566265,12.44,False,0.0702484939759036
北区|上中里2丁目,北区,上中里２丁目,2625.0,399435.5669927231,3729,2694.0,931.59,1.75,20911.35,3.45,True,0.7224456958970233,0.3458017817371938,1.75,5.6077634754625905,3.45,False,0.24982300884955755
北区|上中里3丁目,北区,上中里３丁目,1296.0,53144.338060649294,674,645.0,123.50999999999999,0.69,2112.3199999999997,2.31,True,0.956973293768546,0.19148837209302325,0.69,3.1340059347181004,2.31,False,0.18324925816023738
北区|中里1丁目,北区,中里１丁目,2067.0,84554.6028454676,811,702.0,245.32999999999998,1.92,10358.529999999999,10.45,True,0.8655980271270037,0.3494729344729344,1.92,12.772540073982736,10.45,False,0.3025030826140567
北区|中里2丁目,北区,中里２丁目,1784.0,67137.30964666708,641,618.0,271.78,1.92,8346.26,11.02,True,0.9641185647425897,0.4397734627831715,1.92,13.020686427457099,11.02,False,0.42399375975039
北区|中里3丁目,北区,中里３丁目,3462.0,167556.90730415905,1601,823.0,78.11,1.47,34877.07,13.85,True,0.514053716427233,0.09490886998784934,1.47,21.784553404122423,13.85,False,0.048788257339163026
北区|昭和町1丁目,北区,昭和町１丁目,1338.0,52457.20273660723,513,504.0,61.96,0.29,1696.34,2.47,True,0.9824561403508771,0.12293650793650794,0.29,3.3067056530214423,2.47,False,0.12077972709551657
北区|昭和町2丁目,北区,昭和町２丁目,1960.0,66520.7041532521,674,623.0,116.25999999999999,0.46,1998.96,2.26,True,0.9243323442136498,0.18661316211878007,0.46,2.9658160237388724,2.26,False,0.17249258160237385
北区|昭和町3丁目,北区,昭和町３丁目,471.0,42792.517190643186,430,389.0,48.5,0.43,1399.54,2.56,True,0.9046511627906977,0.12467866323907455,0.43,3.2547441860465116,2.56,False,0.1127906976744186
北区|田端新町1丁目,北区,田端新町１丁目,3190.0,106295.62148691525,1012,849.0,122.44,1.14,3964.2299999999996,1.48,True,0.8389328063241107,0.14421672555948173,1.14,3.917223320158102,1.48,False,0.12098814229249011
北区|田端新町2丁目,北区,田端新町２丁目,2817.0,99328.25128951758,958,840.0,145.59,1.14,3521.67,2.99,True,0.8768267223382046,0.17332142857142857,1.14,3.676064718162839,2.99,False,0.15197286012526096
北区|田端新町3丁目,北区,田端新町３丁目,3170.0,81575.86613185074,782,588.0,70.01,0.45,3076.78,2.99,True,0.7519181585677749,0.11906462585034014,0.45,3.934501278772379,2.99,False,0.08952685421994884
北区|東田端1丁目,北区,東田端１丁目,1524.0,157471.59601243504,1499,1045.0,301.92,3.04,9466.970000000001,3.12,True,0.6971314209472982,0.28891866028708135,3.04,6.3155236824549705,3.12,False,0.20141427618412275
北区|東田端2丁目,北区,東田端２丁目,2005.0,278102.8819285265,2664,2137.0,471.38,1.3,15349.310000000001,2.31,True,0.8021771771771772,0.22058025269068787,1.3,5.761753003003004,2.31,False,0.17694444444444443
北区|田端1丁目,北区,田端１丁目,5402.0,188636.7881864745,1808,1130.0,377.03000000000003,1.39,28215.48,7.68,True,0.625,0.3336548672566372,1.39,15.605907079646018,7.68,False,0.20853429203539825
北区|田端2丁目,北区,田端２丁目,1736.0,74253.25517721318,710,502.0,167.13,1.15,9451.65,8.46,True,0.7070422535211267,0.3329282868525896,1.15,13.312183098591548,8.46,False,0.23539436619718307
北区|田端3丁目,北区,田端３丁目,3139.0,121843.41457637139,1162,903.0,358.11,1.24,15688.83,9.08,True,0.7771084337349398,0.396578073089701,1.24,13.50157487091222,9.08,False,0.30818416523235803
北区|田端4丁目,北区,田端４丁目,1557.0,73263.61660888439,700,599.0,117.73,0.87,10646.33,10.65,True,0.8557142857142858,0.19654424040066779,0.87,15.209042857142856,10.65,False,0.1681857142857143
北区|田端5丁目,北区,田端５丁目,1878.0,87759.04353826315,842,585.0,67.08000000000001,1.2,19332.43,15.68,True,0.6947743467933492,0.1146666666666667,1.2,22.960130641330167,15.68,False,0.07966745843230405
北区|田端6丁目,北区,田端６丁目,1131.0,82277.66929033556,788,486.0,133.75,2.2,15855.099999999999,8.1,True,0.616751269035533,0.2752057613168724,2.2,20.120685279187814,8.1,False,0.16973350253807107
荒川区|南千住1丁目,荒川区,南千住１丁目,4368.0,179809.03915255767,1724,1424.0,309.84,0.63,3331.24,1.38,True,0.8259860788863109,0.21758426966292133,0.63,1.9322737819025522,1.38,False,0.17972157772621808
荒川区|南千住2丁目,荒川区,南千住２丁目,2752.0,136951.3305046076,1313,1186.0,1006.73,5.68,1748.27,0.03,True,0.9032749428789033,0.8488448566610456,5.68,1.3315079969535415,0.03,False,0.7667402894135569
荒川区|南千住3丁目,荒川区,南千住３丁目,5415.0,384245.56990936626,3140,2327.0,1551.25,3.8,4263.53,0.17,True,0.7410828025477707,0.6666308551783412,3.8,1.357812101910828,0.17,False,0.4940286624203822
荒川区|南千住4丁目,荒川区,南千住４丁目,3653.0,435559.99172885413,4167,3163.0,1988.2,2.88,5117.88,0.02,True,0.7590592752579793,0.6285804615871009,2.88,1.2281929445644348,0.02,False,0.47712982961363093
荒川区|南千住5丁目,荒川区,南千住５丁目,5062.0,181726.8467361359,1740,1617.0,869.71,2.25,2077.72,0.19,True,0.9293103448275862,0.5378540507111936,2.25,1.1940919540229884,0.19,False,0.4998333333333334
荒川区|南千住6丁目,荒川区,南千住６丁目,8202.0,396981.48095284606,3476,2063.0,623.25,2.19,7555.39,0.48,True,0.5934982738780207,0.3021085797382453,2.19,2.1735874568469504,0.48,False,0.17930092059838895
荒川区|南千住7丁目,荒川区,南千住７丁目,6517.0,179716.26597940188,1553,1115.0,885.7199999999999,2.06,1831.3899999999999,0.01,True,0.7179652285898261,0.7943677130044843,2.06,1.1792594977462973,0.01,False,0.5703283966516419
荒川区|南千住8丁目,荒川区,南千住８丁目,11374.0,646499.1548721177,3937,1853.0,606.7800000000001,0.99,9735.09,0.63,True,0.47066294132588266,0.32745817593092286,0.99,2.472717805435611,0.63,False,0.1541224282448565
荒川区|荒川1丁目,荒川区,荒川１丁目,5349.0,204281.37048718837,1953,1711.0,723.6,2.96,3372.02,0.32,True,0.8760880696364567,0.4229105786090006,2.96,1.7265847414234512,0.32,False,0.3705069124423963
荒川区|荒川2丁目,荒川区,荒川２丁目,2740.0,167563.1892566119,1610,1392.0,364.75,1.21,3003.88,0.8,True,0.8645962732919255,0.2620330459770115,1.21,1.8657639751552795,0.8,False,0.2265527950310559
荒川区|荒川3丁目,荒川区,荒川３丁目,6383.0,202507.26251171503,1937,1774.0,690.77,0.94,3993.57,1.27,True,0.9158492514197212,0.38938556933483653,0.94,2.061729478575116,1.27,False,0.356618482188952
荒川区|荒川4丁目,荒川区,荒川４丁目,4797.0,150226.14253494987,1429,1184.0,255.5,0.79,3039.12,1.43,True,0.8285514345696291,0.21579391891891891,0.79,2.126745976207138,1.43,False,0.1787963610916725
荒川区|荒川5丁目,荒川区,荒川５丁目,3895.0,139836.05605013308,1335,1179.0,283.06,0.81,3275.82,1.39,True,0.8831460674157303,0.24008481764206954,0.81,2.4537977528089887,1.39,False,0.21202996254681647
荒川区|荒川6丁目,荒川区,荒川６丁目,4399.0,161774.18228532196,1547,1378.0,342.42,0.66,3280.49,1.6,True,0.8907563025210085,0.24849056603773587,0.66,2.12054945054945,1.6,False,0.22134453781512609
荒川区|荒川7丁目,荒川区,荒川７丁目,3791.0,134645.15483287553,1282,826.0,104.21000000000001,0.51,2507.09,0.33,True,0.6443057722308893,0.12616222760290557,0.51,1.9556084243369736,0.33,False,0.0812870514820593
荒川区|荒川8丁目,荒川区,荒川８丁目,2464.0,330986.44338207017,2798,859.0,274.68,0.78,10914.779999999999,0.0,True,0.3070050035739814,0.31976717112922004,0.78,3.900922087205146,0.0,False,0.09817012151536812
荒川区|町屋1丁目,荒川区,町屋１丁目,3742.0,191736.14353114463,1756,1312.0,213.69,0.54,2490.24,0.46,True,0.7471526195899773,0.1628734756097561,0.54,1.418132118451025,0.46,False,0.12169134396355354
荒川区|町屋2丁目,荒川区,町屋２丁目,2433.0,119007.08346986483,1138,866.0,181.47,0.6,2268.84,1.2,True,0.7609841827768014,0.20954965357967667,0.6,1.9937082601054483,1.2,False,0.15946397188049208
荒川区|町屋3丁目,荒川区,町屋３丁目,4076.0,150961.27149851673,1446,1358.0,547.09,0.85,1778.33,0.47,True,0.9391424619640387,0.40286450662739326,0.85,1.2298271092669433,0.47,False,0.3783471645919779
荒川区|町屋4丁目,荒川区,町屋４丁目,3913.0,168641.37085989397,1614,1408.0,652.36,0.91,2611.3,0.73,True,0.872366790582404,0.46332386363636363,0.91,1.617905824039653,0.73,False,0.4041883519206939
荒川区|町屋5丁目,荒川区,町屋５丁目,4165.0,172456.82211999779,1347,1175.0,744.79,1.15,1636.86,0.44,True,0.8723088344469191,0.633863829787234,1.15,1.2151893095768374,0.44,False,0.5529250185597624
荒川区|町屋6丁目,荒川区,町屋６丁目,4631.0,205648.0922662542,1572,1402.0,806.53,1.21,1791.56,0.25,True,0.8918575063613231,0.5752710413694722,1.21,1.1396692111959288,0.25,False,0.513059796437659
荒川区|町屋7丁目,荒川区,町屋７丁目,3653.0,192417.49719337217,1388,945.0,414.76,1.03,1713.38,0.12,True,0.680835734870317,0.4388994708994709,1.03,1.2344236311239194,0.12,False,0.2988184438040346
荒川区|町屋8丁目,荒川区,町屋８丁目,3082.0,133820.54027289714,1154,970.0,303.86,0.81,1127.15,0.3,True,0.8405545927209706,0.3132577319587629,0.81,0.976733102253033,0.3,False,0.2633102253032929
荒川区|東尾久1丁目,荒川区,東尾久１丁目,4394.0,163412.11201374274,1567,1166.0,131.3,0.51,5321.650000000001,0.37,True,0.7440970006381621,0.11260720411663809,0.51,3.396075303126995,0.37,False,0.0837906828334397
荒川区|東尾久2丁目,荒川区,東尾久２丁目,4395.0,180106.25044759945,1722,1612.0,531.49,0.87,3877.92,1.45,True,0.9361207897793263,0.3297084367245658,0.87,2.25198606271777,1.45,False,0.3086469221835076
荒川区|東尾久3丁目,荒川区,東尾久３丁目,3729.0,131648.4004666853,1253,1242.0,587.86,0.87,2367.7,1.42,True,0.99122106943336,0.473317230273752,0.87,1.8896249002394252,1.42,False,0.46916201117318435
荒川区|東尾久4丁目,荒川区,東尾久４丁目,4508.0,175199.5983744307,1678,1472.0,234.82,0.54,5353.05,2.39,True,0.8772348033373063,0.15952445652173913,0.54,3.1901370679380214,2.39,False,0.1399404052443385
荒川区|東尾久5丁目,荒川区,東尾久５丁目,3223.0,186730.44164677765,1803,1490.0,700.29,1.38,3925.26,0.88,True,0.8264004437049363,0.469993288590604,1.38,2.177071547420965,0.88,False,0.38840266222961733
荒川区|東尾久6丁目,荒川区,東尾久６丁目,4653.0,187280.31452188847,1792,1669.0,605.13,0.73,3498.08,1.43,True,0.9313616071428571,0.3625704014379868,0.73,1.9520535714285714,1.43,False,0.33768415178571426
荒川区|東尾久7丁目,荒川区,東尾久７丁目,77.0,259421.65867654592,2002,1111.0,349.09,2.37,5683.48,0.0,True,0.554945054945055,0.3142124212421242,2.37,2.8389010989010988,0.0,False,0.17437062937062936
荒川区|東尾久8丁目,荒川区,東尾久８丁目,3512.0,232051.2086389898,1757,1642.0,1041.2,2.07,3145.38,0.49,True,0.9345475241889585,0.6341047503045067,2.07,1.7901992031872511,0.49,False,0.5926010244735345
荒川区|西尾久1丁目,荒川区,西尾久１丁目,2921.0,111940.08892171817,1054,850.0,145.01,1.01,3219.98,1.47,True,0.8064516129032258,0.1706,1.01,3.0550094876660343,1.47,False,0.13758064516129032
荒川区|西尾久2丁目,荒川区,西尾久２丁目,2740.0,128596.14176671312,1237,1214.0,860.23,1.38,2246.0,1.05,True,0.9814066289409863,0.7085914332784184,1.38,1.8156831042845594,1.05,False,0.6954163298302345
荒川区|西尾久3丁目,荒川区,西尾久３丁目,2269.0,170036.02436356922,1369,1183.0,678.72,1.37,2943.08,1.02,True,0.8641344046749452,0.5737278106508876,1.37,2.1498027757487215,1.02,False,0.49577794010226445
荒川区|西尾久4丁目,荒川区,西尾久４丁目,4701.0,142890.6797858541,1361,1107.0,193.47,1.0,4537.1,1.59,True,0.813372520205731,0.17476964769647696,1.0,3.3336517266715653,1.59,False,0.1421528288023512
荒川区|西尾久5丁目,荒川区,西尾久５丁目,2510.0,118115.52820236482,1115,954.0,269.73,1.0,2727.57,1.58,True,0.8556053811659193,0.2827358490566038,1.0,2.446251121076233,1.58,False,0.24191031390134535
荒川区|西尾久6丁目,荒川区,西尾久６丁目,2371.0,144474.18272413232,1176,995.0,819.37,1.36,2711.7,1.2,True,0.8460884353741497,0.8234874371859296,1.36,2.305867346938775,1.2,False,0.6967431972789115
荒川区|西尾久7丁目,荒川区,西尾久７丁目,3852.0,180316.55705663958,2510,2444.0,839.72,0.79,6092.08,1.92,True,0.9737051792828685,0.3435842880523732,0.79,2.4271235059760956,1.92,False,0.33454980079681274
荒川区|西尾久8丁目,荒川区,西尾久８丁目,5151.0,187938.04359712428,3066,2768.0,1258.03,1.33,7320.47,1.54,True,0.9028049575994781,0.4544906069364162,1.33,2.38762883235486,1.54,False,0.4103163731245923
荒川区|東日暮里1丁目,荒川区,東日暮里１丁目,3705.0,139362.88645844118,1328,1243.0,682.68,1.72,2821.91,1.38,True,0.9359939759036144,0.5492196299275945,1.72,2.1249322289156627,1.38,False,0.514066265060241
荒川区|東日暮里2丁目,荒川区,東日暮里２丁目,4243.0,158429.91612867295,1518,1481.0,1006.13,1.15,3064.38,1.25,True,0.9756258234519104,0.679358541525996,1.15,2.0186956521739132,1.25,False,0.6627997364953887
荒川区|東日暮里3丁目,荒川区,東日暮里３丁目,5805.0,210733.2849179215,2009,1892.0,1164.6200000000001,1.48,4762.0,1.04,True,0.9417620706819313,0.6155496828752643,1.48,2.37033349925336,1.04,False,0.5797013439522151
荒川区|東日暮里4丁目,荒川区,東日暮里４丁目,4104.0,133267.7053324432,1279,1221.0,386.75,0.93,3674.96,1.79,True,0.9546520719311963,0.3167485667485668,0.93,2.8733072713057077,1.79,False,0.3023846755277561
荒川区|東日暮里5丁目,荒川区,東日暮里５丁目,5884.0,201696.48026327245,1930,1726.0,283.88,0.61,7579.21,3.12,True,0.894300518134715,0.16447276940903824,0.61,3.9270518134715027,3.12,False,0.1470880829015544
荒川区|東日暮里6丁目,荒川区,東日暮里６丁目,8064.0,219669.16920536495,2102,1513.0,240.84,0.53,7121.45,0.91,True,0.719790675547098,0.1591804362194316,0.53,3.3879400570884872,0.91,False,0.1145765937202664
荒川区|西日暮里1丁目,荒川区,西日暮里１丁目,6583.0,222100.33746320935,2122,1651.0,319.06,0.66,7218.26,2.57,True,0.7780395852968898,0.1932525741974561,0.66,3.401630537229029,2.57,False,0.15035815268614516
荒川区|西日暮里2丁目,荒川区,西日暮里２丁目,7341.0,246973.43861726645,2360,1507.0,257.78000000000003,3.05,10437.42,1.39,True,0.6385593220338983,0.17105507631055078,3.05,4.422635593220339,1.39,False,0.10922881355932204
荒川区|西日暮里3丁目,荒川区,西日暮里３丁目,1710.0,135669.54347692843,1321,490.0,31.94,1.46,18996.528000000002,6.43,True,0.3709311127933384,0.06518367346938776,1.46,14.380414837244514,6.43,False,0.024178652535957613
荒川区|西日暮里4丁目,荒川区,西日暮里４丁目,1994.0,107030.74278641799,1019,704.0,152.41,1.87,13467.59,6.79,True,0.6908734052993131,0.21649147727272727,1.87,13.216476938174681,6.79,False,0.14956820412168792
荒川区|西日暮里5丁目,荒川区,西日暮里５丁目,2234.0,197303.2623336372,1889,1131.0,270.33,5.76,11392.4,0.91,True,0.598729486500794,0.23901856763925727,5.76,6.030915828480677,0.91,False,0.14310746426680782
荒川区|西日暮里6丁目,荒川区,西日暮里６丁目,4749.0,187231.50380703967,1788,1318.0,288.05,5.76,7267.87,0.75,True,0.7371364653243848,0.21855083459787558,5.76,4.064804250559284,0.75,False,0.16110178970917227
板橋区|板橋1丁目,板橋区,板橋一丁目,7692.0,220454.78002876262,2111,1323.0,765.4090000000001,2.26,54824.762,22.73,True,0.6267171956418759,0.5785404383975813,2.26,25.970990999526293,22.73,False,0.3625812411179536
板橋区|板橋2丁目,板橋区,板橋二丁目,5926.0,290928.8474412568,2786,1798.0,875.0899999999999,1.74,74876.25,23.65,True,0.6453697056712132,0.48670189098998884,1.74,26.875897343862167,23.65,False,0.314102656137832
板橋区|板橋3丁目,板橋区,板橋三丁目,5808.0,228796.92585133362,2186,1202.0,89.7,0.61,54201.74,18.04,True,0.5498627630375115,0.07462562396006656,0.61,24.794940530649587,18.04,False,0.04103385178408051
板橋区|板橋4丁目,板橋区,板橋四丁目,5343.0,266673.22942378145,2501,1833.0,846.32,6.62,51684.57,10.4,True,0.732906837265094,0.46171303873431535,6.62,20.665561775289884,10.4,False,0.3383926429428229
板橋区|加賀1丁目,板橋区,加賀一丁目,5673.0,232886.99020383417,2115,799.0,334.08,8.47,42782.47,9.47,True,0.37777777777777777,0.4181226533166458,8.47,20.228118203309695,9.47,False,0.15795744680851062
板橋区|加賀2丁目,板橋区,加賀二丁目,4335.0,247895.90317471296,2259,1324.0,837.03,6.82,43580.27,11.2,True,0.5861000442673749,0.6321978851963747,6.82,19.291841522797696,11.2,False,0.370531208499336
板橋区|大山東町,板橋区,大山東町,5978.0,188012.89153866438,1797,750.0,88.8,0.63,55676.62,26.89,True,0.41736227045075125,0.11839999999999999,0.63,30.98309404563161,26.89,False,0.04941569282136894
板橋区|大山金井町,板橋区,大山金井町,5716.0,220731.98441015903,2112,1297.0,652.07,2.32,61990.86,24.2,True,0.6141098484848485,0.5027525057825752,2.32,29.351732954545454,24.2,False,0.3087452651515152
板橋区|熊野町,板橋区,熊野町,4659.0,149794.95471267533,1425,1127.0,827.73,6.84,39016.86,20.18,True,0.7908771929824562,0.7344543034605147,6.84,27.380252631578948,20.18,False,0.5808631578947369
板橋区|中丸町,板橋区,中丸町,6789.0,218334.49906523968,2093,1242.0,521.22,6.59,61577.38,20.36,True,0.5934065934065934,0.4196618357487923,6.59,29.42063067367415,20.36,False,0.24903010033444817
板橋区|南町,板橋区,南町,4668.0,196500.25361113955,1873,1293.0,411.68,1.31,56555.06,24.25,True,0.6903363587827015,0.31839133797370456,1.31,30.194906567004804,24.25,False,0.21979711692471968
板橋区|稲荷台,板橋区,稲荷台,2678.0,140014.18505615374,1302,487.0,159.56,3.84,28422.75,14.49,True,0.3740399385560676,0.32763860369609854,3.84,21.830069124423964,14.49,False,0.12254992319508448
板橋区|仲宿,板橋区,仲宿,7756.0,260187.4025331319,2492,1745.0,470.64,5.15,55677.69,13.07,True,0.7002407704654896,0.2697077363896848,5.15,22.34257223113965,13.07,False,0.18886035313001606
板橋区|氷川町,板橋区,氷川町,4593.0,167740.17816906245,1604,762.0,149.26,4.17,41812.46,14.61,True,0.47506234413965087,0.1958792650918635,4.17,26.067618453865336,14.61,False,0.09305486284289277
板橋区|栄町,板橋区,栄町,4050.0,264502.04941539164,2528,1615.0,414.7,3.55,60762.9,15.86,True,0.6388449367088608,0.2567801857585139,3.55,24.035957278481014,15.86,False,0.16404272151898733
板橋区|大山町,板橋区,大山町,5007.0,189369.1243793054,1822,1205.0,255.56,1.32,56497.2,27.18,True,0.6613611416026345,0.21208298755186722,1.32,31.00834248079034,27.18,False,0.14026344676180022
板橋区|大山西町,板橋区,大山西町,5016.0,200135.48868294153,1912,910.0,80.83,0.5,65123.560000000005,30.96,True,0.47594142259414224,0.08882417582417582,0.5,34.060439330543936,30.96,False,0.04227510460251045
板橋区|幸町,板橋区,幸町,5474.0,225180.2249445561,2156,1087.0,216.33,0.79,70240.47,28.61,True,0.5041743970315399,0.19901563937442504,0.79,32.57906771799629,28.61,False,0.10033858998144714
板橋区|中板橋,板橋区,中板橋,4170.0,136826.51744514654,1307,1192.0,482.16,4.24,27122.95,16.78,True,0.9120122417750574,0.404496644295302,4.24,20.752065799540933,16.78,False,0.36890589135424634
板橋区|仲町,板橋区,仲町,3975.0,193783.3323774697,1849,1025.0,252.64,1.18,47658.41,22.09,True,0.554353704705246,0.2464780487804878,1.18,25.77523526230395,22.09,False,0.13663601946998374
板橋区|弥生町,板橋区,弥生町,5709.0,235487.1799047168,2247,1486.0,348.53000000000003,4.73,56587.88,17.25,True,0.6613262127280819,0.23454239569313595,4.73,25.183747218513574,17.25,False,0.15510903426791278
板橋区|本町,板橋区,本町,7326.0,220746.44077336896,2042,980.0,402.41,6.62,43196.82,11.65,True,0.47992164544564153,0.4106224489795919,6.62,21.154172380019588,11.65,False,0.1970666013712047
板橋区|大和町,板橋区,大和町,5436.0,213514.58033498275,1991,1067.0,256.81,2.37,48157.08,15.14,True,0.5359116022099447,0.24068416119962513,2.37,24.1873832245103,15.14,False,0.1289854344550477
板橋区|双葉町,板橋区,双葉町,5423.0,238466.01320156993,2141,1140.0,356.46,5.38,51933.51,13.95,True,0.5324614666043904,0.3126842105263158,5.38,24.256660439047174,13.95,False,0.1664922933208781
板橋区|富士見町,板橋区,富士見町,4697.0,225837.02937437958,2152,766.0,61.65,0.56,60342.450000000004,21.75,True,0.3559479553903346,0.08048302872062663,0.56,28.040171933085503,21.75,False,0.02864776951672862
板橋区|大谷口上町,板橋区,大谷口上町,4176.0,243760.73047180058,2332,609.0,47.42,0.66,76866.43,24.45,True,0.2611492281303602,0.07786535303776683,0.66,32.96159090909091,24.45,False,0.020334476843910803
板橋区|大谷口北町,板橋区,大谷口北町,6297.0,243739.26916743247,2331,2163.0,2040.53,4.88,53258.77,18.8,True,0.9279279279279279,0.9433795654184004,4.88,22.848035178035175,18.8,False,0.8753882453882453
板橋区|大谷口1丁目,板橋区,大谷口一丁目,2115.0,141801.19739295696,1359,702.0,65.07,0.49,47750.99,33.94,True,0.5165562913907285,0.09269230769230768,0.49,35.13685798381162,33.94,False,0.04788079470198675
板橋区|大谷口2丁目,板橋区,大谷口二丁目,3750.0,178918.59448630875,1710,592.0,119.74000000000001,1.25,58305.87,24.91,True,0.34619883040935673,0.20226351351351352,1.25,34.097,24.91,False,0.0700233918128655
板橋区|向原1丁目,板橋区,向原一丁目,2394.0,120747.87430799789,1152,339.0,48.89,1.25,39167.64,27.16,True,0.2942708333333333,0.14421828908554574,1.25,33.9996875,27.16,False,0.04243923611111111
板橋区|向原2丁目,板橋区,向原二丁目,2594.0,159142.71473848366,1523,957.0,458.46,2.41,49708.9,26.22,True,0.6283650689428759,0.4790595611285266,2.41,32.638804990151016,26.22,False,0.3010242941562705
板橋区|向原3丁目,板橋区,向原三丁目,3509.0,144883.2816447024,1387,815.0,578.1,2.2,40069.96,24.52,True,0.5875991348233598,0.7093251533742332,2.2,28.889661139149243,24.52,False,0.4167988464311464
板橋区|小茂根1丁目,板橋区,小茂根一丁目,5141.0,236918.51978526762,2268,1001.0,405.51,1.45,71214.42,25.88,True,0.44135802469135804,0.4051048951048951,1.45,31.399656084656083,25.88,False,0.17879629629629631
板橋区|小茂根2丁目,板橋区,小茂根二丁目,4304.0,169451.49204120963,1622,1175.0,530.24,3.7,44659.44,20.11,True,0.7244143033292232,0.451268085106383,3.7,27.53356350184957,20.11,False,0.32690505548705306
板橋区|小茂根3丁目,板橋区,小茂根三丁目,2823.0,130369.37185741783,1239,779.0,368.36,6.05,34260.51,18.23,True,0.6287328490718321,0.47286264441591785,6.05,27.65174334140436,18.23,False,0.29730427764326073
板橋区|小茂根4丁目,板橋区,小茂根四丁目,3298.0,186366.93488329637,1784,641.0,53.53,0.5,61612.619999999995,28.0,True,0.359304932735426,0.08351014040561623,0.5,34.536221973094165,28.0,False,0.030005605381165923
板橋区|小茂根5丁目,板橋区,小茂根五丁目,980.0,168594.42010809394,1606,671.0,366.88,5.59,45714.0,20.27,True,0.4178082191780822,0.5467660208643815,5.59,28.46450809464508,20.27,False,0.22844333748443338
板橋区|常盤台1丁目,板橋区,常盤台一丁目,4640.0,275861.3648376964,2604,1279.0,260.79,3.38,69770.95,18.2,True,0.4911674347158218,0.2039014855355747,3.38,26.79375960061444,18.2,False,0.10014976958525347
板橋区|常盤台2丁目,板橋区,常盤台二丁目,1962.0,157695.3077017677,1513,711.0,66.36,0.35,43983.37,27.73,True,0.4699272967614012,0.09333333333333334,0.35,29.07030403172505,27.73,False,0.04385988103106411
板橋区|常盤台3丁目,板橋区,常盤台三丁目,3289.0,159428.38744058352,1530,847.0,96.15,0.48,44932.21,27.97,True,0.5535947712418301,0.11351829988193625,0.48,29.36745751633987,27.97,False,0.06284313725490197
板橋区|常盤台4丁目,板橋区,常盤台四丁目,2499.0,155618.38693518194,1496,397.0,35.59,0.29,45350.33,29.02,True,0.26537433155080214,0.08964735516372797,0.29,30.31439171122995,29.02,False,0.023790106951871663
板橋区|南常盤台1丁目,板橋区,南常盤台一丁目,4145.0,178649.0691700525,1648,1117.0,303.26,5.58,42244.21,16.89,True,0.6777912621359223,0.27149507609668755,5.58,25.633622572815533,16.89,False,0.18401699029126214
板橋区|南常盤台2丁目,板橋区,南常盤台二丁目,3392.0,136440.51985896233,1302,859.0,107.58,0.46,39303.92,28.12,True,0.6597542242703534,0.12523864959254946,0.46,30.187342549923194,28.12,False,0.08262672811059907
板橋区|東新町1丁目,板橋区,東新町一丁目,5234.0,205025.30304618378,1965,1170.0,119.89,0.46,59264.15,27.91,True,0.5954198473282443,0.10247008547008547,0.46,30.159872773536897,27.91,False,0.061012722646310434
板橋区|東新町2丁目,板橋区,東新町二丁目,4388.0,272152.92041559814,2529,1586.0,1511.9,3.89,65713.08,20.65,True,0.627125345986556,0.9532786885245902,3.89,25.9838196915777,20.65,False,0.597825227362594
板橋区|上板橋1丁目,板橋区,上板橋一丁目,1918.0,119232.29010564978,1141,583.0,64.34,0.36,34961.97,28.45,True,0.5109553023663453,0.11036020583190395,0.36,30.641516213847503,28.45,False,0.05638913234005259
板橋区|上板橋2丁目,板橋区,上板橋二丁目,4623.0,207335.814417424,1985,1312.0,254.09,0.67,60957.92,28.45,True,0.6609571788413098,0.19366615853658536,0.67,30.70927959697733,28.45,False,0.1280050377833753
板橋区|上板橋3丁目,板橋区,上板橋三丁目,2232.0,82185.75213795436,785,325.0,23.96,0.37,24597.78,30.23,True,0.4140127388535032,0.07372307692307692,0.37,31.334751592356685,30.23,False,0.030522292993630573
板橋区|清水町,板橋区,清水町,6538.0,255121.24294722496,2443,942.0,95.9,0.84,57187.14,20.92,True,0.38559148587801884,0.10180467091295117,0.84,23.408571428571427,20.92,False,0.03925501432664757
板橋区|蓮沼町,板橋区,蓮沼町,5303.0,283979.0862355486,2717,1564.0,235.65,1.13,61835.49,20.97,True,0.5756348914243651,0.15067135549872124,1.13,22.75873757821126,20.97,False,0.08673168936326832
板橋区|大原町,板橋区,大原町,4495.0,192188.76603940775,1835,586.0,38.75,0.46,38397.82,13.1,True,0.3193460490463215,0.06612627986348123,0.46,20.92524250681199,13.1,False,0.02111716621253406
板橋区|泉町,板橋区,泉町,3459.0,160783.84986670213,1544,385.0,25.28,0.72,34868.3,16.11,True,0.24935233160621761,0.06566233766233767,0.72,22.58309585492228,16.11,False,0.016373056994818655
板橋区|宮本町,板橋区,宮本町,5396.0,225843.1916416192,2161,804.0,54.65,0.5,57936.049999999996,23.26,True,0.37204997686256364,0.06797263681592039,0.5,26.80983341045812,23.26,False,0.02528921795465062
板橋区|志村1丁目,板橋区,志村一丁目,5305.0,292801.2936659208,2806,858.0,49.77,0.52,61102.12,8.36,True,0.3057733428367783,0.05800699300699301,0.52,21.77552387740556,8.36,False,0.017736992159657877
板橋区|志村2丁目,板橋区,志村二丁目,4242.0,205358.1257010133,1951,707.0,39.99,0.56,37716.1,5.13,True,0.36237826755509994,0.056562942008486564,0.56,19.33167606355715,5.13,False,0.020497180932854946
板橋区|志村3丁目,板橋区,志村三丁目,3269.0,211794.19384849988,2030,1601.0,677.17,1.81,9837.31,2.96,True,0.7886699507389162,0.4229668956901936,1.81,4.845965517241379,2.96,False,0.3335812807881773
板橋区|坂下1丁目,板橋区,坂下一丁目,5802.0,285082.7398048773,2729,2714.0,3626.3,2.99,9415.23,2.19,True,0.9945034811286185,1.3361459100957995,2.99,3.4500659582264563,2.19,False,1.3288017588860388
板橋区|坂下2丁目,板橋区,坂下二丁目,6556.0,281528.08846930106,2691,2691.0,6010.64,4.89,7270.0199999999995,1.21,True,1.0,2.233608324043107,4.89,2.7016053511705684,1.21,False,2.233608324043107
板橋区|坂下3丁目,板橋区,坂下三丁目,7642.0,382734.94098545716,3545,3538.0,8897.78,5.85,8777.24,1.15,True,0.9980253878702398,2.5149180327868854,5.85,2.4759492242595202,1.15,False,2.509952045133992
板橋区|東坂下1丁目,板橋区,東坂下一丁目,2314.0,180176.73074854416,1547,1538.0,3592.69,3.74,3802.47,1.01,True,0.9941822882999354,2.3359492847854355,3.74,2.4579638009049773,1.01,False,2.3223594053005816
板橋区|東坂下2丁目,板橋区,東坂下二丁目,2002.0,291793.71959464415,2526,2415.0,5389.41,4.26,6921.77,1.13,True,0.9560570071258907,2.231639751552795,4.26,2.7402098178939034,1.13,False,2.1335748218527315
板橋区|小豆沢1丁目,板橋区,小豆沢一丁目,5029.0,172272.48584649753,1647,953.0,153.98,1.38,36389.61,18.6,True,0.5786278081360049,0.16157397691500525,1.38,22.09448087431694,18.6,False,0.09349119611414694
板橋区|小豆沢2丁目,板橋区,小豆沢二丁目,5415.0,248445.5582037263,2381,855.0,51.64,0.21,53252.31,20.67,True,0.35909281814363714,0.06039766081871345,0.21,22.36552288954221,20.67,False,0.02168836623267535
板橋区|小豆沢3丁目,板橋区,小豆沢三丁目,1685.0,200377.36037359832,1912,842.0,271.13,2.93,27932.49,2.66,True,0.44037656903765693,0.3220071258907363,2.93,14.60904288702929,2.66,False,0.14180439330543934
板橋区|小豆沢4丁目,板橋区,小豆沢四丁目,3942.0,245505.88106893236,2136,1416.0,574.98,2.36,27087.0,1.78,True,0.6629213483146067,0.40605932203389833,2.36,12.6811797752809,1.78,False,0.26918539325842694
板橋区|西台1丁目,板橋区,西台一丁目,2932.0,252194.11994514152,2424,789.0,49.53,1.21,54786.16,7.42,True,0.3254950495049505,0.06277566539923954,1.21,22.601551155115512,7.42,False,0.02043316831683168
板橋区|西台2丁目,板橋区,西台二丁目,4120.0,273123.86103588704,2609,1735.0,833.8100000000001,2.12,33979.24,5.31,True,0.6650057493292449,0.48058213256484156,2.12,13.02385588348026,5.31,False,0.319589881180529
板橋区|西台3丁目,板橋区,西台三丁目,3737.0,258460.37069203184,2471,1029.0,512.82,2.12,49312.15,5.43,True,0.4164305949008499,0.49836734693877555,2.12,19.95635370295427,5.43,False,0.20753541076487256
板橋区|西台4丁目,板橋区,西台四丁目,2240.0,74062.93135043072,713,238.0,19.34,0.43,21936.49,28.41,True,0.3338008415147265,0.08126050420168067,0.43,30.76646563814867,28.41,False,0.027124824684431975
板橋区|中台1丁目,板橋区,中台一丁目,5485.0,245325.18837841088,2353,929.0,192.22,1.62,61758.51,11.07,True,0.39481512962175946,0.20691065662002153,1.62,26.246710582235444,11.07,False,0.08169145771355717
板橋区|中台2丁目,板橋区,中台二丁目,3267.0,182932.27376940005,1751,629.0,108.46,0.85,36819.53,6.77,True,0.3592233009708738,0.17243243243243242,0.85,21.027715591090804,6.77,False,0.06194174757281553
板橋区|中台3丁目,板橋区,中台三丁目,6683.0,284763.48967197904,2715,911.0,122.03,2.45,53364.62,6.6,True,0.33554327808471457,0.1339517014270033,2.45,19.655476979742176,6.6,False,0.044946593001841624
板橋区|若木1丁目,板橋区,若木一丁目,4367.0,199813.4306033607,1905,492.0,46.91,1.14,60437.92,24.28,True,0.25826771653543307,0.09534552845528455,1.14,31.725942257217845,24.28,False,0.024624671916010497
板橋区|若木2丁目,板橋区,若木二丁目,3849.0,188543.3936420026,1809,643.0,42.04,1.09,45025.93,10.3,True,0.355444997236042,0.0653810264385692,1.09,24.889955776672195,10.3,False,0.02323935876174682
板橋区|若木3丁目,板橋区,若木三丁目,2660.0,139948.02813514325,1336,432.0,206.47,1.73,20317.58,6.52,True,0.32335329341317365,0.4779398148148148,1.73,15.207769461077845,6.52,False,0.1545434131736527
板橋区|蓮根1丁目,板橋区,蓮根一丁目,2991.0,142535.99394781634,1362,1035.0,207.59,1.26,7314.22,3.56,True,0.7599118942731278,0.20057004830917874,1.26,5.370205580029369,3.56,False,0.15241556534508077
板橋区|蓮根2丁目,板橋区,蓮根二丁目,7627.0,274027.41395095934,2625,2448.0,3201.52,3.81,9585.61,2.24,True,0.9325714285714286,1.3078104575163398,3.81,3.6516609523809525,2.24,False,1.2196266666666666
板橋区|蓮根3丁目,板橋区,蓮根三丁目,7801.0,337195.03382633615,3087,3086.0,6049.85,4.73,9057.45,1.37,True,0.9996760609005507,1.9604180168502918,4.73,2.9340621963070945,1.37,False,1.9597829608033692
板橋区|相生町,板橋区,相生町,4555.0,165485.21146355552,1583,1113.0,262.89,0.85,8841.9,3.94,True,0.7030953885028427,0.23619946091644203,0.85,5.585533796588756,3.94,False,0.1660707517372078
板橋区|前野町1丁目,板橋区,前野町一丁目,4681.0,197488.63307935314,1891,546.0,49.32,0.59,53189.37,24.42,True,0.28873611845584346,0.09032967032967033,0.59,28.127641459545217,24.42,False,0.02608143839238498
板橋区|前野町2丁目,板橋区,前野町二丁目,7163.0,232026.96704908647,2219,569.0,43.32,0.35,62132.19,22.69,True,0.25642181162685895,0.0761335676625659,0.35,28.000085624155027,22.69,False,0.019522307345651194
板橋区|前野町3丁目,板橋区,前野町三丁目,5798.0,249495.02853538608,2391,721.0,45.37,0.62,47160.56,9.19,True,0.30154746967795903,0.06292649098474341,0.62,19.724199079882894,9.19,False,0.018975324132162276
板橋区|前野町4丁目,板橋区,前野町四丁目,4202.0,248952.1084168556,2321,1582.0,337.9,1.23,31633.86,6.48,True,0.6816027574321413,0.21359039190897597,1.23,13.629409737182248,6.48,False,0.14558380008616972
板橋区|前野町5丁目,板橋区,前野町五丁目,3628.0,227171.40707442915,2173,1171.0,438.72,1.66,36681.01,5.98,True,0.538886332259549,0.3746541417591802,1.66,16.880354348826508,5.98,False,0.20189599631845376
板橋区|前野町6丁目,板橋区,前野町六丁目,4442.0,254697.23325193618,2431,1054.0,117.23,1.06,64241.06,9.45,True,0.43356643356643354,0.11122390891840607,1.06,26.42577540106952,9.45,False,0.04822295351707116
板橋区|赤塚1丁目,板橋区,赤塚一丁目,3876.0,211225.59684647992,2022,727.0,169.94,1.78,62372.69,21.66,True,0.35954500494559843,0.2337551581843191,1.78,30.847027695351137,21.66,False,0.08404549950544016
板橋区|赤塚2丁目,板橋区,赤塚二丁目,5979.0,252605.14717681552,2409,695.0,79.05,0.54,78035.59,28.78,True,0.28850145288501455,0.1137410071942446,0.54,32.39335408883354,28.78,False,0.03281444582814446
板橋区|赤塚3丁目,板橋区,赤塚三丁目,5121.0,248499.8617877047,2381,563.0,55.03,1.7,77019.07,24.25,True,0.2364552708945821,0.0977442273534636,1.7,32.34736245275095,24.25,False,0.023112137757244855
板橋区|赤塚4丁目,板橋区,赤塚四丁目,4369.0,259830.9938691216,2483,882.0,85.35000000000001,1.12,62286.77,7.37,True,0.35521546516310915,0.09676870748299321,1.12,25.08528795811518,7.37,False,0.03437374144180427
板橋区|赤塚5丁目,板橋区,赤塚五丁目,3754.0,338637.1615949171,3235,721.0,73.31,0.75,87119.08,8.46,True,0.22287480680061825,0.10167822468793343,0.75,26.930163833075735,8.46,False,0.022661514683153017
板橋区|赤塚6丁目,板橋区,赤塚六丁目,4308.0,276555.95990689966,2651,1182.0,83.06,0.44,78700.85,23.4,True,0.44586948321388153,0.07027072758037226,0.44,29.687231233496796,23.4,False,0.03133157299132403
板橋区|赤塚7丁目,板橋区,赤塚七丁目,3597.0,221723.7736604641,2123,685.0,47.72,0.77,62064.83,19.99,True,0.32265661799340556,0.06966423357664234,0.77,29.234493641073954,19.99,False,0.022477626000942063
板橋区|赤塚8丁目,板橋区,赤塚八丁目,1432.0,120413.13653995964,1155,169.0,21.25,0.68,30204.46,8.98,True,0.14632034632034632,0.1257396449704142,0.68,26.151047619047617,8.98,False,0.0183982683982684
板橋区|赤塚新町1丁目,板橋区,赤塚新町一丁目,1398.0,80326.85530778918,769,266.0,51.61,1.15,26223.79,27.84,True,0.3459037711313394,0.19402255639097743,1.15,34.101157347204165,27.84,False,0.06711313394018205
板橋区|赤塚新町2丁目,板橋区,赤塚新町二丁目,2114.0,105911.47384772805,1016,177.0,33.13,0.76,34405.32,31.81,True,0.17421259842519685,0.18717514124293788,0.76,33.86350393700788,31.81,False,0.03260826771653544
板橋区|赤塚新町3丁目,板橋区,赤塚新町三丁目,6305.0,303588.9509139751,2901,778.0,94.43,0.75,101799.90000000001,29.62,True,0.2681833850396415,0.12137532133676093,0.75,35.09131334022751,29.62,False,0.03255084453636677
板橋区|四葉1丁目,板橋区,四葉一丁目,2557.0,155620.66293890114,1487,539.0,38.05,0.45,38713.15,16.55,True,0.3624747814391392,0.07059369202226344,0.45,26.034398117014124,16.55,False,0.025588433086751846
板橋区|四葉2丁目,板橋区,四葉二丁目,2314.0,202786.73540740772,1945,415.0,18.5,0.46,48764.81,7.36,True,0.2133676092544987,0.04457831325301205,0.46,25.071881748071977,7.36,False,0.009511568123393316
板橋区|大門,板橋区,大門,1189.0,138347.09718195914,1321,258.0,15.58,0.7,30829.38,7.84,True,0.19530658591975775,0.06038759689922481,0.7,23.337910673732022,7.84,False,0.011794095382286146
板橋区|三園1丁目,板橋区,三園一丁目,5783.0,345783.8107203135,4405,2487.0,1056.28,2.6,25632.230000000003,1.77,True,0.5645856980703746,0.4247205468435866,2.6,5.8188944381384795,1.77,False,0.2397911464245176
板橋区|三園2丁目,板橋区,三園二丁目,1087.0,248989.01568187244,2536,1630.0,1308.05,3.1,13101.150000000001,1.48,True,0.6427444794952681,0.802484662576687,3.1,5.166068611987383,1.48,False,0.5157925867507887
板橋区|成増1丁目,板橋区,成増一丁目,6994.0,255918.36550327312,2445,327.0,26.62,1.33,79094.04,15.38,True,0.13374233128834356,0.08140672782874618,1.33,32.34930061349693,15.38,False,0.010887525562372189
板橋区|成増2丁目,板橋区,成増二丁目,5610.0,263078.37315569114,2495,570.0,95.51,1.1,68278.26,11.36,True,0.22845691382765532,0.16756140350877194,1.1,27.366036072144286,11.36,False,0.03828056112224449
板橋区|成増3丁目,板橋区,成増三丁目,7864.0,331576.1150086942,3173,1112.0,327.06,3.39,68888.1,5.68,True,0.3504569807752915,0.2941187050359712,3.39,21.7107154112827,5.68,False,0.103075953356445
板橋区|成増4丁目,板橋区,成増四丁目,5140.0,328276.38192582864,3145,1034.0,199.49,2.21,79418.68,6.58,True,0.3287758346581876,0.1929303675048356,2.21,25.252362480127182,6.58,False,0.0634308426073132
板橋区|成増5丁目,板橋区,成増五丁目,4933.0,245138.8498358152,3195,1596.0,1237.33,3.49,32835.0,3.5,True,0.49953051643192486,0.7752694235588972,3.49,10.27699530516432,3.5,False,0.3872707355242566
板橋区|徳丸1丁目,板橋区,徳丸一丁目,6800.0,300668.81595537876,2876,1205.0,112.52,0.94,75002.31,7.68,True,0.41898470097357443,0.09337759336099585,0.94,26.07868915159944,7.68,False,0.03912378303198888
板橋区|徳丸2丁目,板橋区,徳丸二丁目,4242.0,262411.5426591377,2501,1093.0,122.12,1.44,58604.7,7.47,True,0.4370251899240304,0.1117291857273559,1.44,23.43250699720112,7.47,False,0.04882846861255498
板橋区|徳丸3丁目,板橋区,徳丸三丁目,7262.0,320975.4815065289,3084,1016.0,104.88000000000001,0.99,86988.95,11.77,True,0.32944228274967574,0.10322834645669292,0.99,28.20653372243839,11.77,False,0.03400778210116732
板橋区|徳丸4丁目,板橋区,徳丸四丁目,5668.0,266420.33574282663,2545,1028.0,233.76,2.03,73437.69,14.44,True,0.40392927308447935,0.22739299610894942,2.03,28.855673870333987,14.44,False,0.09185068762278978
板橋区|徳丸5丁目,板橋区,徳丸五丁目,2480.0,169894.65191704576,1625,990.0,296.59,1.75,35021.01,10.85,True,0.6092307692307692,0.29958585858585857,1.75,21.55139076923077,10.85,False,0.18251692307692308
板橋区|徳丸6丁目,板橋区,徳丸六丁目,5347.0,275328.4927285221,2631,1232.0,563.74,1.81,48112.74,6.28,True,0.46826301786393004,0.45758116883116884,1.81,18.286864310148232,6.28,False,0.2142683390345876
板橋区|徳丸7丁目,板橋区,徳丸七丁目,1836.0,108162.67285080429,1038,504.0,24.25,0.57,19794.33,6.19,True,0.48554913294797686,0.04811507936507937,0.57,19.069682080924856,6.19,False,0.02336223506743738
板橋区|徳丸8丁目,板橋区,徳丸八丁目,2108.0,170446.0760446383,1630,517.0,31.16,1.3,33589.08,5.56,True,0.31717791411042945,0.06027079303675048,1.3,20.60679754601227,5.56,False,0.019116564417177913
板橋区|東山町,板橋区,東山町,3962.0,187468.10510365258,1687,943.0,576.94,3.23,43892.87,20.06,True,0.5589804386484885,0.611813361611877,3.23,26.018298755186724,20.06,False,0.3419917012448133
板橋区|桜川1丁目,板橋区,桜川一丁目,5.0,147442.9164200313,1344,987.0,1118.99,6.05,35108.84,19.42,True,0.734375,1.133728470111449,6.05,26.122648809523806,19.42,False,0.8325818452380953
板橋区|桜川2丁目,板橋区,桜川二丁目,2621.0,117954.44626234022,1129,718.0,206.31,1.18,31751.05,24.48,True,0.6359610274579274,0.28733983286908077,1.18,28.12316209034544,24.48,False,0.18273693534100974
板橋区|桜川3丁目,板橋区,桜川三丁目,2169.0,96560.6423530467,926,690.0,228.74,1.37,25966.48,25.08,True,0.7451403887688985,0.3315072463768116,1.37,28.04155507559395,25.08,False,0.24701943844492444
板橋区|高島平1丁目,板橋区,高島平一丁目,8639.0,463227.0363456662,4438,4316.0,4146.71,2.35,18727.81,2.97,True,0.9725101397025687,0.9607761816496756,2.35,4.219876070301938,2.97,False,0.9343645786390266
板橋区|高島平2丁目,板橋区,高島平二丁目,12895.0,479332.95498267113,4570,3653.0,2434.06,2.54,21763.02,2.84,True,0.799343544857768,0.6663180947166712,2.54,4.762148796498906,2.84,False,0.532617067833698
板橋区|高島平3丁目,板橋区,高島平三丁目,5220.0,436516.22335263086,4174,3271.0,2050.16,2.95,20208.43,2.76,True,0.7836607570675611,0.6267685723020483,2.95,4.841502156205079,2.76,False,0.4911739338763776
板橋区|高島平4丁目,板橋区,高島平四丁目,2015.0,214586.57990306776,2054,1366.0,628.02,1.33,11020.32,3.56,True,0.6650438169425511,0.4597510980966325,1.33,5.365296981499513,3.56,False,0.3057546251217137
板橋区|高島平5丁目,板橋区,高島平五丁目,3547.0,266148.09600432613,2546,2141.0,587.48,0.92,13547.710000000001,3.96,True,0.8409269442262373,0.2743951424567959,0.92,5.321174391201886,3.96,False,0.23074626865671644
板橋区|高島平6丁目,板橋区,高島平六丁目,46.0,358569.6840175866,3266,3138.0,2093.18,1.62,14096.92,3.26,True,0.9608083282302511,0.6670427023581899,1.62,4.316264543784446,3.26,False,0.6409001837109614
板橋区|高島平7丁目,板橋区,高島平七丁目,5080.0,261710.8954952516,2374,2367.0,4643.57,3.71,7275.73,2.44,True,0.9970513900589723,1.9617955217574987,3.71,3.064755686604886,2.44,False,1.9560109519797808
板橋区|高島平8丁目,板橋区,高島平八丁目,3763.0,196427.07749911968,1789,1779.0,2606.36,3.05,6265.11,2.69,True,0.9944102850754611,1.465070264193367,3.05,3.5020178870877583,2.69,False,1.4568809390721074
板橋区|高島平9丁目,板橋区,高島平九丁目,8541.0,463492.2367788046,4262,3885.0,3427.99,2.67,17172.81,2.45,True,0.9115438761145003,0.8823655083655083,2.67,4.029284373533553,2.45,False,0.804314875645237
板橋区|新河岸1丁目,板橋区,新河岸一丁目,2262.0,2057604.5203948384,3310,3242.0,5573.61,3.67,10463.28,1.85,True,0.9794561933534743,1.719188772362739,3.67,3.1611117824773416,1.85,False,1.683870090634441
板橋区|新河岸2丁目,板橋区,新河岸二丁目,1930.0,196139.34237779494,1772,1751.0,3224.52,3.91,5324.8,1.25,True,0.9881489841986456,1.8415305539691604,3.91,3.0049661399548535,1.25,False,1.819706546275395
板橋区|新河岸3丁目,板橋区,新河岸三丁目,765.0,300362.49811096524,2357,1639.0,668.79,2.16,12320.28,2.61,True,0.6953754773016546,0.4080475899938987,2.16,5.2271022486211285,2.61,False,0.28374628765379717
板橋区|舟渡1丁目,板橋区,舟渡一丁目,3398.0,234780.70723474235,2116,2082.0,6306.97,6.61,4341.0,0.0,True,0.9839319470699432,3.0292843419788666,6.61,2.0515122873345937,0.0,False,2.980609640831758
板橋区|舟渡2丁目,板橋区,舟渡二丁目,4375.0,278601.8028204563,2529,2482.0,7213.31,6.12,5347.54,0.03,True,0.981415579280348,2.906248992747784,6.12,2.1144879398971925,0.03,False,2.852238038750494
板橋区|舟渡3丁目,板橋区,舟渡三丁目,1764.0,211621.9933104767,1916,1870.0,4552.74,4.56,4864.2,1.19,True,0.975991649269311,2.4346203208556148,4.56,2.5387265135699373,1.19,False,2.376169102296451
板橋区|舟渡4丁目,板橋区,舟渡四丁目,228.0,422915.1059176503,3681,3594.0,9184.64,5.75,9028.22,0.94,True,0.9763651181744091,2.5555481357818586,5.75,2.4526541700624827,0.94,False,2.4951480575930454
練馬区|旭丘1丁目,練馬区,旭丘１丁目,5007.0,229063.34634905003,2239,907.0,91.654000172,0.75,82119.423,33.74,True,0.4050915587315766,0.10105181937375965,0.75,36.676830281375615,33.74,False,0.04093523902277803
練馬区|旭丘2丁目,練馬区,旭丘２丁目,2406.0,181970.22569330665,1736,841.0,236.16,1.08,60163.19,29.84,True,0.48444700460829493,0.28080856123662307,1.08,34.65621543778802,29.84,False,0.136036866359447
練馬区|小竹町1丁目,練馬区,小竹町１丁目,5180.0,249174.69559856033,2389,1159.0,187.02,1.12,82433.81,29.11,True,0.4851402260359983,0.1613632441760138,1.12,34.505571368773545,29.11,False,0.07828380075345333
練馬区|小竹町2丁目,練馬区,小竹町２丁目,4386.0,266920.34720379155,2552,1123.0,201.27,2.45,87906.44,26.22,True,0.44004702194357365,0.1792252894033838,2.45,34.44609717868339,26.22,False,0.07886755485893417
練馬区|栄町,練馬区,栄町,4150.0,165701.37962846024,1606,844.0,56.124999982000006,0.5,60081.291,34.5,True,0.5255292652552926,0.06649881514454976,0.5,37.410517434620175,34.5,False,0.034947073463262764
練馬区|羽沢1丁目,練馬区,羽沢１丁目,1412.0,88709.57563599244,838,364.0,29.76,0.35,31209.34,34.03,True,0.4343675417661098,0.08175824175824176,0.35,37.24264916467781,34.03,False,0.03551312649164678
練馬区|羽沢2丁目,練馬区,羽沢２丁目,3428.0,209960.0320970873,2011,1056.0,121.22,1.0,67608.92,27.04,True,0.5251118846345102,0.11479166666666667,1.0,33.61955246146196,27.04,False,0.060278468423669816
練馬区|羽沢3丁目,練馬区,羽沢３丁目,2047.0,163604.27587721808,1513,1416.0,788.77,4.67,39951.33,21.73,True,0.9358889623265036,0.5570409604519774,4.67,26.405373430270988,21.73,False,0.52132848645076
練馬区|豊玉上1丁目,練馬区,豊玉上１丁目,2276.0,177641.70136181946,1720,848.0,109.099999829,0.620999992,64359.979999999996,34.247,True,0.4930232558139535,0.12865566017570754,0.620999992,37.41859302325581,34.247,False,0.06343023245872093
練馬区|豊玉上2丁目,練馬区,豊玉上２丁目,4312.0,141824.96861806483,1383,820.0,98.07499988,0.529999971,53035.780999999995,36.853,True,0.5929139551699205,0.1196036583902439,0.529999971,38.348359363702095,36.853,False,0.07091467814895155
練馬区|豊玉中1丁目,練馬区,豊玉中１丁目,2490.0,132643.5843484677,1272,1096.0,361.627999967,2.532000065,44044.734,31.213,True,0.8616352201257862,0.32995255471441604,2.532000065,34.626363207547165,31.213,False,0.2842987421124214
練馬区|豊玉中2丁目,練馬区,豊玉中２丁目,3397.0,155768.99270482978,1496,989.0,104.582999948,0.694999993,57636.036,36.415,True,0.661096256684492,0.10574620823862486,0.694999993,38.526762032085564,36.415,False,0.06990842242513369
練馬区|豊玉中3丁目,練馬区,豊玉中３丁目,3137.0,144662.8814424689,1375,777.0,53.213999995,0.377999991,53175.915,36.833,True,0.5650909090909091,0.06848648648005148,0.377999991,38.67339272727273,36.833,False,0.038701090905454545
練馬区|豊玉中4丁目,練馬区,豊玉中４丁目,1958.0,100483.14881743764,958,575.0,48.525999987,0.889999986,38117.205,36.94,True,0.6002087682672234,0.08439304345565217,0.889999986,39.788314196242176,36.94,False,0.05065344466283924
練馬区|豊玉南1丁目,練馬区,豊玉南１丁目,2236.0,109554.62936088965,1031,768.0,229.701999802,1.738000035,37483.663,33.632,True,0.7449078564500485,0.2990911455755208,1.738000035,36.35660814742968,33.632,False,0.2227953441338506
練馬区|豊玉南2丁目,練馬区,豊玉南２丁目,2063.0,157490.7292687348,1505,1041.0,208.420000197,0.930000007,55692.79,34.592,True,0.6916943521594684,0.20021133544380404,0.930000007,37.00517607973422,34.592,False,0.13848504996478406
練馬区|豊玉南3丁目,練馬区,豊玉南３丁目,4529.0,198785.1823293692,1897,1343.0,481.402000374,1.202999949,71842.23,35.695,True,0.7079599367422246,0.35845271807446016,1.202999949,37.87149710068529,35.695,False,0.25377016361307325
練馬区|豊玉北1丁目,練馬区,豊玉北１丁目,2631.0,120896.3796950703,1153,704.0,200.767000153,3.184999943,41102.176,29.82,True,0.6105810928013877,0.28518039794460226,3.184999943,35.64802775368604,29.82,False,0.17412575902254987
練馬区|豊玉北2丁目,練馬区,豊玉北２丁目,2640.0,120403.58109865584,1150,825.0,156.598999947,0.879999995,40635.614,32.57,True,0.717391304347826,0.1898169696327273,0.879999995,35.33531652173913,32.57,False,0.13617304343217393
練馬区|豊玉北3丁目,練馬区,豊玉北３丁目,3270.0,137580.13616510088,1324,894.0,139.13400004,1.133000016,49393.253,33.52,True,0.675226586102719,0.1556308725279642,1.133000016,37.306082326283985,33.52,False,0.10508610274924471
練馬区|豊玉北4丁目,練馬区,豊玉北４丁目,4199.0,153271.53168899613,1462,950.0,78.667000087,0.344000012,57366.929,37.565,True,0.6497948016415869,0.08280736851263158,0.344000012,39.23866552667578,37.565,False,0.05380779759712723
練馬区|豊玉北5丁目,練馬区,豊玉北５丁目,3848.0,142920.78263242767,1378,918.0,84.548999889,0.598999977,54552.724,37.958,True,0.6661828737300436,0.09210130706862746,0.598999977,39.58833381712627,37.958,False,0.061356313417271414
練馬区|豊玉北6丁目,練馬区,豊玉北６丁目,3183.0,121947.64187322221,1184,676.0,42.982000023,0.263000011,47607.996,38.387,True,0.5709459459459459,0.06358284027071005,0.263000011,40.20945608108108,38.387,False,0.03630236488429054
練馬区|中村1丁目,練馬区,中村１丁目,2414.0,146980.46968401095,1410,668.0,69.814999893,0.809000015,56124.797,36.93,True,0.47375886524822697,0.10451347289371259,0.809000015,39.804820567375884,36.93,False,0.049514184321276605
練馬区|中村2丁目,練馬区,中村２丁目,3402.0,156790.08667576252,1500,968.0,100.594999937,0.59799999,60784.886,38.555,True,0.6453333333333333,0.1039204544803719,0.59799999,40.52325733333333,38.555,False,0.06706333329133334
練馬区|中村3丁目,練馬区,中村３丁目,4084.0,193002.93104638142,1842,1107.0,89.543999907,0.704999983,78360.09,39.695,True,0.6009771986970684,0.08088888880487805,0.704999983,42.5407654723127,39.695,False,0.04861237779967427
練馬区|中村南1丁目,練馬区,中村南１丁目,4266.0,216244.77562225054,2074,1168.0,287.285999944,0.991999984,81962.94,36.9,True,0.5631629701060752,0.24596404104794523,0.991999984,39.5192574734812,36.9,False,0.13851783989585342
練馬区|中村南2丁目,練馬区,中村南２丁目,3834.0,167774.4521525461,1616,1148.0,212.564999865,0.72299999,64417.778,37.71,True,0.7103960396039604,0.18516114970818814,0.72299999,39.86248638613861,37.71,False,0.13153774744121285
練馬区|中村南3丁目,練馬区,中村南３丁目,3084.0,129044.13406122383,1231,625.0,39.666000006,0.296999991,52149.587,40.042,True,0.5077173030056864,0.0634656000096,0.296999991,42.36359626320065,40.042,False,0.03222258327051178
練馬区|中村北1丁目,練馬区,中村北１丁目,3665.0,123581.71797526063,1194,380.0,24.918999955,0.32,48745.981,38.97,True,0.31825795644891125,0.06557631567105263,0.32,40.8257797319933,38.97,False,0.020870184216917925
練馬区|中村北2丁目,練馬区,中村北２丁目,3111.0,125743.99072929544,1224,632.0,63.106000267,0.44,50904.69,40.675,True,0.5163398692810458,0.09985126624525316,0.44,41.58879901960785,40.675,False,0.05155718976062092
練馬区|中村北3丁目,練馬区,中村北３丁目,2118.0,81593.85073154801,799,635.0,121.505999801,0.704999983,33184.173,40.292,True,0.7947434292866082,0.19134803118267718,0.704999983,41.53213141426784,40.292,False,0.1520725904893617
練馬区|中村北4丁目,練馬区,中村北４丁目,2893.0,123513.30757223404,1215,720.0,121.538000243,0.527999997,51963.58,41.575,True,0.5925925925925926,0.16880277811527777,0.527999997,42.76837860082305,41.575,False,0.1000312759201646
練馬区|桜台1丁目,練馬区,桜台１丁目,5226.0,205815.12576007145,1977,982.0,101.12,0.47,74921.06999999999,35.25,True,0.49671219018715224,0.1029735234215886,0.47,37.89634294385432,35.25,False,0.05114820435002529
練馬区|桜台2丁目,練馬区,桜台２丁目,4613.0,244804.6452739872,2337,1227.0,262.85,1.0,84016.93,30.59,True,0.5250320924261874,0.21422167889160557,1.0,35.950761660248176,30.59,False,0.11247325631151049
練馬区|桜台3丁目,練馬区,桜台３丁目,4714.0,286096.083968649,2690,1475.0,389.28,6.48,87624.93,21.32,True,0.5483271375464684,0.2639186440677966,6.48,32.57432342007435,21.32,False,0.14471375464684014
練馬区|桜台4丁目,練馬区,桜台４丁目,3551.0,150035.1519249251,1435,855.0,76.542999996,0.59,55016.152,35.55,True,0.5958188153310104,0.08952397660350878,0.59,38.3387818815331,35.55,False,0.053340069683623696
練馬区|桜台5丁目,練馬区,桜台５丁目,3930.0,242187.78940520584,2321,1329.0,216.11,0.8,85655.87999999999,30.74,True,0.5725980180956485,0.1626109857035365,0.8,36.904730719517445,30.74,False,0.09311072813442482
練馬区|桜台6丁目,練馬区,桜台６丁目,3604.0,257884.1780732568,2404,1396.0,473.55,3.86,80430.56999999999,25.52,True,0.5806988352745425,0.3392191977077364,3.86,33.45697587354409,25.52,False,0.19698419301164727
練馬区|練馬1丁目,練馬区,練馬１丁目,4223.0,206142.29085285868,1994,911.0,90.334999974,0.62,78603.87800000001,34.9,True,0.45687061183550653,0.09916026341822173,0.62,39.420199598796394,34.9,False,0.04530341021765296
練馬区|練馬2丁目,練馬区,練馬２丁目,3022.0,269805.8013701398,2556,1656.0,412.32,2.51,90792.2,27.13,True,0.647887323943662,0.2489855072463768,2.51,35.521205007824726,27.13,False,0.16131455399061032
練馬区|練馬3丁目,練馬区,練馬３丁目,3716.0,134606.2887789631,1286,632.0,66.09,0.45,52205.96,35.6,True,0.49144634525660963,0.10457278481012659,0.45,40.59561430793157,35.6,False,0.05139191290824262
練馬区|練馬4丁目,練馬区,練馬４丁目,3852.0,187692.8741820571,1772,550.0,67.67,4.42,67211.62,26.28,True,0.31038374717832956,0.12303636363636364,4.42,37.92980812641083,26.28,False,0.03818848758465011
練馬区|向山1丁目,練馬区,向山１丁目,1938.0,89737.18391261598,855,539.0,53.31,0.42,35505.03,40.2,True,0.6304093567251462,0.09890538033395177,0.42,41.52635087719298,40.2,False,0.06235087719298246
練馬区|向山2丁目,練馬区,向山２丁目,2546.0,154448.4814501634,1482,703.0,78.22,1.04,61131.45,35.34,True,0.47435897435897434,0.11126600284495021,1.04,41.249291497975705,35.34,False,0.0527800269905533
練馬区|向山3丁目,練馬区,向山３丁目,2377.0,284904.0109330646,2686,796.0,256.46,3.15,101347.49,27.34,True,0.29635145197319435,0.32218592964824116,3.15,37.73175353685778,27.34,False,0.09548026805658971
練馬区|向山4丁目,練馬区,向山４丁目,4188.0,226099.2557995068,2097,1115.0,438.45,5.14,77311.19,28.2,True,0.5317119694802098,0.39322869955156947,5.14,36.867520267048164,28.2,False,0.2090844062947067
練馬区|貫井1丁目,練馬区,貫井１丁目,5070.0,203231.62058202454,1943,713.0,234.33,1.48,78389.72,34.77,True,0.3669583118888317,0.3286535764375877,1.48,40.34468347915595,34.77,False,0.1206021616057643
練馬区|貫井2丁目,練馬区,貫井２丁目,4239.0,185627.75764614413,1782,921.0,423.0,1.62,70256.26,34.26,True,0.5168350168350169,0.4592833876221498,1.62,39.425510662177324,34.26,False,0.23737373737373738
練馬区|貫井3丁目,練馬区,貫井３丁目,5028.0,265894.4545899122,2540,1216.0,359.92,1.38,104901.95,36.15,True,0.47874015748031495,0.29598684210526316,1.38,41.29998031496063,36.15,False,0.1417007874015748
練馬区|貫井4丁目,練馬区,貫井４丁目,4407.0,270449.9100873493,2558,1001.0,190.73000000000002,1.39,103237.86,33.58,True,0.39132134480062547,0.19053946053946055,1.39,40.358819390148554,33.58,False,0.07456215793588741
練馬区|貫井5丁目,練馬区,貫井５丁目,2605.0,143799.62690142423,1323,494.0,145.47,1.3,49224.97,31.09,True,0.37339380196523053,0.29447368421052633,1.3,37.20708238851096,31.09,False,0.1099546485260771
練馬区|錦1丁目,練馬区,錦１丁目,3710.0,201585.43546559953,1924,1196.0,877.15,2.0,57454.27,25.7,True,0.6216216216216216,0.7334030100334448,2.0,29.861886694386694,25.7,False,0.45589916839916833
練馬区|錦2丁目,練馬区,錦２丁目,2684.0,153480.43879179633,1466,644.0,422.22,1.91,45538.16,27.02,True,0.4392905866302865,0.6556211180124224,1.91,31.06286493860846,27.02,False,0.2880081855388813
練馬区|氷川台1丁目,練馬区,氷川台１丁目,215.0,147443.76983419628,1390,772.0,174.56,5.16,42585.57,21.67,True,0.5553956834532374,0.2261139896373057,5.16,30.63710071942446,21.67,False,0.12558273381294965
練馬区|氷川台2丁目,練馬区,氷川台２丁目,3065.0,159431.20661636532,1525,917.0,505.53,2.17,45730.95,25.71,True,0.6013114754098361,0.5512868047982552,2.17,29.98750819672131,25.71,False,0.33149508196721317
練馬区|氷川台3丁目,練馬区,氷川台３丁目,5148.0,230943.08416030978,2169,1685.0,637.3100000000001,5.68,60630.91,21.02,True,0.776855693868142,0.3782255192878339,5.68,27.953393268787462,21.02,False,0.2938266482249885
練馬区|氷川台4丁目,練馬区,氷川台４丁目,5296.0,238172.15991732955,2281,968.0,88.89,0.65,74976.39,27.97,True,0.4243752740026304,0.09182851239669422,0.65,32.869964927663304,27.97,False,0.038969750109601055
練馬区|平和台1丁目,練馬区,平和台１丁目,3524.0,196682.7015466692,1878,724.0,361.75,1.77,61794.1,26.71,True,0.3855165069222577,0.49965469613259667,1.77,32.9042066027689,26.71,False,0.19262513312034077
練馬区|平和台2丁目,練馬区,平和台２丁目,3103.0,158609.72693260593,1521,943.0,206.81,0.68,50216.52,30.77,True,0.6199868507560815,0.21931071049840933,0.68,33.01546351084812,30.77,False,0.1359697567389875
練馬区|平和台3丁目,練馬区,平和台３丁目,4435.0,201403.9968562221,1926,926.0,101.73,0.49,67075.01,33.62,True,0.48078920041536866,0.10985961123110152,0.49,34.82606957424714,33.62,False,0.05281931464174455
練馬区|平和台4丁目,練馬区,平和台４丁目,3032.0,170609.05143406635,1636,994.0,168.99,0.6,56705.35,32.84,True,0.6075794621026895,0.17001006036217306,0.6,34.66097188264059,32.84,False,0.10329462102689489
練馬区|早宮1丁目,練馬区,早宮１丁目,5828.0,328599.4575776219,3108,1342.0,396.96,3.38,103769.7,25.05,True,0.4317889317889318,0.2957973174366617,3.38,33.38793436293436,25.05,False,0.12772200772200773
練馬区|早宮2丁目,練馬区,早宮２丁目,4178.0,313986.4318942055,3006,1658.0,357.04,0.81,107462.43,34.42,True,0.5515635395874917,0.2153437876960193,0.81,35.749311377245505,34.42,False,0.11877578176979375
練馬区|早宮3丁目,練馬区,早宮３丁目,4975.0,296076.7959661973,2762,1397.0,381.33000000000004,3.25,94776.53,27.41,True,0.5057929036929761,0.2729634931997137,3.25,34.31445691527878,27.41,False,0.13806299782766113
練馬区|早宮4丁目,練馬区,早宮４丁目,4423.0,251360.55205015562,2403,1080.0,92.96000000000001,0.51,87807.31,31.82,True,0.449438202247191,0.08607407407407408,0.51,36.54070328755722,31.82,False,0.03868497711194341
練馬区|春日町1丁目,練馬区,春日町１丁目,4703.0,398453.3231781441,3746,1833.0,368.64,6.09,135283.56,27.27,True,0.48932194340630003,0.20111292962356792,6.09,36.114137746930055,27.27,False,0.0984089695675387
練馬区|春日町2丁目,練馬区,春日町２丁目,4605.0,308268.5927569662,2955,1724.0,311.9,4.0,108046.87,29.1,True,0.5834179357021997,0.18091647331786542,4.0,36.564084602368865,29.1,False,0.10554991539763113
練馬区|春日町3丁目,練馬区,春日町３丁目,4266.0,242191.9553512875,2323,1189.0,312.67,4.0,87112.86,28.5,True,0.5118381403357727,0.26296888141295205,4.0,37.50015497201894,28.5,False,0.13459750322858371
練馬区|春日町4丁目,練馬区,春日町４丁目,4478.0,306534.3034763316,2924,1874.0,311.59,3.93,111550.79,30.64,True,0.6409028727770177,0.16627001067235858,3.93,38.15006497948016,30.64,False,0.10656292749658001
練馬区|春日町5丁目,練馬区,春日町５丁目,4448.0,261184.55274098765,2478,1114.0,204.79000000000002,4.16,94181.44,29.43,True,0.4495560936238902,0.1838330341113106,4.16,38.00703793381759,29.43,False,0.08264326069410816
練馬区|春日町6丁目,練馬区,春日町６丁目,4163.0,245873.3957366018,2351,1222.0,184.98,1.02,93429.75,38.17,True,0.5197788175244576,0.1513747954173486,1.02,39.740429604423646,38.17,False,0.07868141216503614
練馬区|高松1丁目,練馬区,高松１丁目,3024.0,228484.94038440957,2175,725.0,142.46,4.4,83795.82999999999,29.65,True,0.3333333333333333,0.19649655172413794,4.4,38.52681839080459,29.65,False,0.06549885057471264
練馬区|高松2丁目,練馬区,高松２丁目,2543.0,207662.90817771494,1985,787.0,84.34,0.48,78180.83,33.71,True,0.3964735516372796,0.10716645489199492,0.48,39.38580856423174,33.71,False,0.04248866498740554
練馬区|高松3丁目,練馬区,高松３丁目,3162.0,219725.77876198298,2081,710.0,106.84,0.83,83650.74,32.67,True,0.34118212397885633,0.15047887323943662,0.83,40.197376261412785,32.67,False,0.05134070158577607
練馬区|高松4丁目,練馬区,高松４丁目,3525.0,221275.8444089518,2114,1125.0,214.52,1.7,86262.95,38.53,True,0.532166508987701,0.19068444444444446,1.7,40.80555818353832,38.53,False,0.10147587511825923
練馬区|高松5丁目,練馬区,高松５丁目,2875.0,233559.54026616912,2226,1115.0,219.8,1.63,90170.33,36.67,True,0.5008984725965858,0.19713004484304933,1.63,40.507785265049414,36.67,False,0.09874213836477988
練馬区|高松6丁目,練馬区,高松６丁目,3111.0,260689.13296169593,2489,1068.0,77.49,0.25,102939.79,38.77,True,0.4290879871434311,0.0725561797752809,0.25,41.357890719164324,38.77,False,0.031132985134592204
練馬区|北町1丁目,練馬区,北町１丁目,5140.0,261166.6937607499,2515,1720.0,1837.63,5.95,75838.26,23.66,True,0.68389662027833,1.068389534883721,5.95,30.15437773359841,23.66,False,0.7306679920477137
練馬区|北町2丁目,練馬区,北町２丁目,6415.0,251283.46811331867,2407,1569.0,1417.85,1.91,74758.71,28.3,True,0.6518487744079767,0.9036647546207776,1.91,31.05887411715829,28.3,False,0.5890527627752389
練馬区|北町3丁目,練馬区,北町３丁目,3322.0,160318.01334578084,1530,595.0,487.45,1.87,50519.88,26.73,True,0.3888888888888889,0.8192436974789916,1.87,33.0195294117647,26.73,False,0.31859477124183005
練馬区|北町4丁目,練馬区,北町４丁目,664.0,246716.46905185987,2361,1300.0,350.91,1.38,74708.78,28.89,True,0.5506141465480728,0.26993076923076925,1.38,31.64285472257518,28.89,False,0.1486277001270648
練馬区|北町5丁目,練馬区,北町５丁目,2506.0,138994.37213751863,1332,1117.0,924.4399999999999,2.01,41744.32,29.59,True,0.8385885885885885,0.8276096687555953,2.01,31.339579579579578,29.59,False,0.694024024024024
練馬区|北町6丁目,練馬区,北町６丁目,2807.0,175860.5726584556,1683,972.0,153.14000000000001,0.66,58232.84,32.26,True,0.5775401069518716,0.1575514403292181,0.66,34.60061794414735,32.26,False,0.09099227569815806
練馬区|北町7丁目,練馬区,北町７丁目,2973.0,208837.37937681688,1998,1202.0,698.96,1.95,66529.01,30.22,True,0.6016016016016016,0.5814975041597338,1.95,33.2978028028028,30.22,False,0.3498298298298298
練馬区|北町8丁目,練馬区,北町８丁目,3809.0,215138.69252429515,2055,1173.0,967.58,1.77,68474.34,30.31,True,0.5708029197080292,0.8248763853367435,1.77,33.320846715328464,30.31,False,0.47084184914841853
練馬区|田柄1丁目,練馬区,田柄１丁目,4932.0,272838.8188243149,2608,1284.0,977.17,1.83,91033.39,30.95,True,0.49233128834355827,0.7610358255451714,1.83,34.905440950920244,30.95,False,0.3746817484662577
練馬区|田柄2丁目,練馬区,田柄２丁目,7042.0,401516.19440241886,3845,2110.0,1445.6100000000001,1.7,131029.78,31.14,True,0.5487646293888166,0.6851232227488152,1.7,34.07796618985696,31.14,False,0.37597139141742525
練馬区|田柄3丁目,練馬区,田柄３丁目,5302.0,319623.1940617184,3063,1802.0,1067.55,1.68,109679.73,32.49,True,0.5883121123081946,0.5924250832408435,1.68,35.80794319294809,32.49,False,0.34853085210577867
練馬区|田柄4丁目,練馬区,田柄４丁目,7356.0,421004.59356210026,4050,2463.0,1367.8700000000001,1.65,140850.51,32.23,True,0.6081481481481481,0.5553674380836379,1.65,34.77790370370371,32.23,False,0.33774567901234565
練馬区|田柄5丁目,練馬区,田柄５丁目,4081.0,257013.8512624745,2462,675.0,73.08,0.57,94965.21,34.68,True,0.27416734362307066,0.10826666666666666,0.57,38.572384240454916,34.68,False,0.02968318440292445
練馬区|光が丘1丁目,練馬区,光が丘１丁目,2472.0,72815.27926319127,676,63.0,9.54,0.39,24125.97,34.88,True,0.09319526627218935,0.1514285714285714,0.39,35.68930473372781,34.88,False,0.014112426035502957
練馬区|光が丘2丁目,練馬区,光が丘２丁目,5184.0,248862.0571038932,2360,1654.0,531.01,1.34,86721.2,33.92,True,0.7008474576271186,0.32104594921402657,1.34,36.74627118644068,33.92,False,0.22500423728813557
練馬区|光が丘3丁目,練馬区,光が丘３丁目,8761.0,302440.4264599238,2897,1291.0,706.07,2.17,114246.33,35.61,True,0.4456334138764239,0.5469171185127808,2.17,39.43608215395236,35.61,False,0.24372454263030724
練馬区|光が丘4丁目,練馬区,光が丘４丁目,0.0,601829.0687734024,5755,1086.0,338.04,2.01,215730.16,30.91,True,0.1887054735013032,0.3112707182320442,2.01,37.48569244135535,30.91,False,0.05873848827106864
練馬区|光が丘5丁目,練馬区,光が丘５丁目,3147.0,162780.50802190392,1577,888.0,756.08,2.58,59348.45,35.03,True,0.5630944831959417,0.8514414414414415,2.58,37.633766645529484,35.03,False,0.47944197844007613
練馬区|光が丘6丁目,練馬区,光が丘６丁目,1007.0,77877.39748037297,755,126.0,38.46,1.55,30226.17,36.24,True,0.16688741721854305,0.30523809523809525,1.55,40.034662251655625,36.24,False,0.050940397350993386
練馬区|光が丘7丁目,練馬区,光が丘７丁目,5608.0,209581.54397910117,2009,729.0,290.69,1.71,81164.11,37.09,True,0.3628670980587357,0.3987517146776406,1.71,40.40025385764062,37.09,False,0.1446938775510204
練馬区|旭町1丁目,練馬区,旭町１丁目,4247.0,248365.15429287602,2370,1587.0,1007.71,2.01,90570.66,35.76,True,0.669620253164557,0.6349779458097039,2.01,38.21546835443038,35.76,False,0.42519409282700427
練馬区|旭町2丁目,練馬区,旭町２丁目,4586.0,296764.9839642932,2825,604.0,66.38,1.21,95695.71,18.94,True,0.21380530973451328,0.10990066225165562,1.21,33.87458761061947,18.94,False,0.02349734513274336
練馬区|旭町3丁目,練馬区,旭町３丁目,4197.0,226121.23219473788,2107,801.0,381.77,2.98,52040.2,12.71,True,0.3801613668723303,0.47661672908863917,2.98,24.69871855719032,12.71,False,0.18119126720455622
練馬区|土支田1丁目,練馬区,土支田１丁目,3593.0,246589.85230111692,2356,1363.0,950.35,1.65,92150.62,37.27,True,0.5785229202037352,0.6972487160674982,1.65,39.113166383701184,37.27,False,0.40337436332767407
練馬区|土支田2丁目,練馬区,土支田２丁目,3266.0,295255.17455783987,2828,1527.0,531.76,1.16,114460.61,38.16,True,0.53995756718529,0.3482383759004584,1.16,40.47404879773692,38.16,False,0.18803394625176803
練馬区|土支田3丁目,練馬区,土支田３丁目,4260.0,307555.38081097347,2938,1612.0,372.15,1.04,122575.31,39.14,True,0.5486725663716814,0.2308622828784119,1.04,41.72066371681416,39.14,False,0.12666780122532334
練馬区|土支田4丁目,練馬区,土支田４丁目,3356.0,332700.4557655165,3125,1033.0,739.23,4.7,107411.96,22.35,True,0.33056,0.7156147144240078,4.7,34.371827200000006,22.35,False,0.23655360000000003
練馬区|富士見台1丁目,練馬区,富士見台１丁目,3082.0,170805.09443863094,1653,946.0,151.318000285,0.783999979,74309.487,42.4,True,0.5722928009679371,0.1599556028382664,0.783999979,44.954317604355715,42.4,False,0.0915414399788264
練馬区|富士見台2丁目,練馬区,富士見台２丁目,4159.0,233708.6018955104,2236,1052.0,229.13,1.18,97136.35,40.52,True,0.47048300536672627,0.2178041825095057,1.18,43.44201699463328,40.52,False,0.1024731663685152
練馬区|富士見台3丁目,練馬区,富士見台３丁目,4243.0,254111.36241110516,2417,1177.0,268.32,4.15,101075.31,31.52,True,0.4869673148531237,0.22796941376380628,4.15,41.818498138187834,31.52,False,0.11101365328920149
練馬区|富士見台4丁目,練馬区,富士見台４丁目,4052.0,305392.0032958091,2852,1186.0,167.20000000000002,1.82,117492.87,32.9,True,0.4158485273492286,0.1409780775716695,1.82,41.19665848527349,32.9,False,0.058625525946704074
練馬区|南田中1丁目,練馬区,南田中１丁目,2475.0,140894.83983805933,1380,523.0,64.089000083,1.68,64224.331999999995,37.25,True,0.3789855072463768,0.12254110914531549,1.68,46.53937101449275,37.25,False,0.046441304407971014
練馬区|南田中2丁目,練馬区,南田中２丁目,1895.0,168506.07945855922,1612,700.0,305.22,6.57,72005.76,36.72,True,0.43424317617866004,0.4360285714285715,6.57,44.66858560794044,36.72,False,0.1893424317617866
練馬区|南田中3丁目,練馬区,南田中３丁目,2586.0,191728.294530219,1820,511.0,141.44,3.94,77726.59,34.13,True,0.28076923076923077,0.2767906066536204,3.94,42.70691758241758,34.13,False,0.07771428571428572
練馬区|南田中4丁目,練馬区,南田中４丁目,3114.0,204911.1144353766,1960,1046.0,379.45000000000005,5.87,88052.16,36.13,True,0.5336734693877551,0.3627629063097515,5.87,44.92457142857143,36.13,False,0.19359693877551024
練馬区|南田中5丁目,練馬区,南田中５丁目,2248.0,189650.5002119958,1772,497.0,73.8,0.97,78374.26,36.45,True,0.28047404063205417,0.14849094567404425,0.97,44.22926636568848,36.45,False,0.04164785553047404
練馬区|高野台1丁目,練馬区,高野台１丁目,3452.0,197571.75202092386,1835,814.0,111.8,1.8,73618.26,35.88,True,0.4435967302452316,0.13734643734643734,1.8,40.11894277929155,35.88,False,0.06092643051771117
練馬区|高野台2丁目,練馬区,高野台２丁目,3343.0,166416.45506817495,1551,961.0,202.65,1.96,58708.61,35.05,True,0.6196002578981302,0.21087408949011446,1.96,37.85210186976145,35.05,False,0.13065764023210832
練馬区|高野台3丁目,練馬区,高野台３丁目,2956.0,238233.58430311733,2282,680.0,161.75,0.89,100365.31999999999,41.69,True,0.2979842243645925,0.23786764705882352,0.89,43.981297107800174,41.69,False,0.07088080631025416
練馬区|高野台4丁目,練馬区,高野台４丁目,2625.0,143682.76659327807,1374,347.0,31.990000000000002,0.39,58603.23,35.6,True,0.25254730713246,0.09219020172910664,0.39,42.65155021834062,35.6,False,0.023282387190684137
練馬区|高野台5丁目,練馬区,高野台５丁目,3224.0,181270.0074861548,1733,789.0,78.38,0.62,77242.92,42.47,True,0.4552798615118292,0.09934093789607097,0.62,44.57179457587998,42.47,False,0.04522792844777842
練馬区|谷原1丁目,練馬区,谷原１丁目,2252.0,231025.87808363786,2212,1111.0,96.12,0.55,92241.95,36.27,True,0.5022603978300181,0.08651665166516652,0.55,41.7007007233273,36.27,False,0.043453887884267635
練馬区|谷原2丁目,練馬区,谷原２丁目,1737.0,140496.30740744472,1340,701.0,98.93,0.43,58334.46,36.54,True,0.5231343283582089,0.14112696148359488,0.43,43.53317910447761,36.54,False,0.07382835820895522
練馬区|谷原3丁目,練馬区,谷原３丁目,2056.0,163702.58257609367,1568,1001.0,176.81,0.68,66837.55,41.63,True,0.6383928571428571,0.17663336663336662,0.68,42.625988520408164,41.63,False,0.11276147959183672
練馬区|谷原4丁目,練馬区,谷原４丁目,2016.0,191182.42504376356,1830,748.0,92.09,0.86,78358.23,40.09,True,0.4087431693989071,0.12311497326203209,0.86,42.818704918032786,40.09,False,0.0503224043715847
練馬区|谷原5丁目,練馬区,谷原５丁目,3297.0,229504.73315039772,2198,1443.0,156.73,0.62,96628.95,42.54,True,0.6565059144676979,0.1086139986139986,0.62,43.962215650591446,42.54,False,0.07130573248407643
練馬区|谷原6丁目,練馬区,谷原６丁目,2256.0,179220.30225234912,1717,808.0,151.53,1.18,72942.66,40.15,True,0.47058823529411764,0.1875371287128713,1.18,42.48262085032033,40.15,False,0.0882527664531159
練馬区|三原台1丁目,練馬区,三原台１丁目,4155.0,237664.13092118746,2278,1255.0,417.44,1.12,99689.78,41.28,True,0.5509218612818262,0.3326215139442231,1.12,43.76197541703248,41.28,False,0.1832484635645303
練馬区|三原台2丁目,練馬区,三原台２丁目,2069.0,153200.94567221083,1461,674.0,214.04,1.18,63378.9,41.08,True,0.46132785763175904,0.317566765578635,1.18,43.380492813141686,41.08,False,0.14650239561943873
練馬区|三原台3丁目,練馬区,三原台３丁目,3128.0,234800.1816369105,2247,1039.0,127.46000000000001,0.76,100987.16,41.64,True,0.46239430351579885,0.12267564966313764,0.76,44.94310636404094,41.64,False,0.05672452158433467
練馬区|石神井町1丁目,練馬区,石神井町１丁目,3041.0,232351.8357996573,2182,682.0,120.78,1.45,94472.97,36.76,True,0.3125572868927589,0.17709677419354838,1.45,43.29650320806599,36.76,False,0.055352887259395044
練馬区|石神井町2丁目,練馬区,石神井町２丁目,4760.0,277937.0477854855,2652,1216.0,261.82,0.85,118466.76000000001,42.07,True,0.45852187028657615,0.2153125,0.85,44.67072398190046,42.07,False,0.09872549019607842
練馬区|石神井町3丁目,練馬区,石神井町３丁目,3293.0,162537.8773614945,1554,333.0,31.27,0.38,70866.52,39.99,True,0.21428571428571427,0.09390390390390391,0.38,45.602651222651225,39.99,False,0.020122265122265122
練馬区|石神井町4丁目,練馬区,石神井町４丁目,3443.0,196862.78227152524,1880,1091.0,147.5,0.73,85457.95,44.02,True,0.5803191489361702,0.13519706691109074,0.73,45.45635638297872,44.02,False,0.07845744680851063
練馬区|石神井町5丁目,練馬区,石神井町５丁目,1720.0,303403.8295189788,2830,1118.0,256.32,2.55,124175.88,38.92,True,0.3950530035335689,0.2292665474060823,2.55,43.87840282685512,38.92,False,0.09057243816254418
練馬区|石神井町6丁目,練馬区,石神井町６丁目,3150.0,208213.31895024003,1998,554.0,123.19,1.02,93141.63,41.09,True,0.2772772772772773,0.22236462093862816,1.02,46.61743243243244,41.09,False,0.061656656656656664
練馬区|石神井町7丁目,練馬区,石神井町７丁目,4223.0,248292.82420613084,2376,1167.0,103.77000000000001,0.41,112929.43,46.13,True,0.4911616161616162,0.0889203084832905,0.41,47.52922138047138,46.13,False,0.04367424242424243
練馬区|石神井町8丁目,練馬区,石神井町８丁目,4364.0,307470.1992999881,2941,1426.0,122.47,0.29,136456.44,44.83,True,0.48486909214552876,0.0858835904628331,0.29,46.39797347840871,44.83,False,0.04164229853791228
練馬区|石神井台1丁目,練馬区,石神井台１丁目,1671.0,365799.57583657216,3466,1536.0,217.01999999999998,1.33,160496.31,41.29,True,0.44316214656664743,0.14128906249999998,1.33,46.30591748413156,41.29,False,0.06261396422388919
練馬区|石神井台2丁目,練馬区,石神井台２丁目,4640.0,314484.4881583864,2974,1084.0,133.75,1.19,144115.49,41.84,True,0.3644922663080027,0.12338560885608855,1.19,48.45847007397444,41.84,False,0.04497310020174849
練馬区|石神井台3丁目,練馬区,石神井台３丁目,5325.0,314412.01317129633,3009,1737.0,225.99,0.49,147380.59,47.84,True,0.5772681954137587,0.13010362694300517,0.49,48.979923562645396,47.84,False,0.07510468594217348
練馬区|石神井台4丁目,練馬区,石神井台４丁目,4591.0,283392.0852762126,2681,1110.0,330.98,3.02,130938.76,41.54,True,0.4140246176799702,0.2981801801801802,3.02,48.83952256620664,41.54,False,0.12345393509884374
練馬区|石神井台5丁目,練馬区,石神井台５丁目,3904.0,261930.89976586055,2506,1085.0,92.54,0.33,127930.01,49.35,True,0.4329608938547486,0.08529032258064517,0.33,51.04948523543496,49.35,False,0.03692737430167598
練馬区|石神井台6丁目,練馬区,石神井台６丁目,2956.0,222420.64516112168,2128,1382.0,225.15,0.54,107736.55,48.91,True,0.6494360902255639,0.16291606367583214,0.54,50.628078007518795,48.91,False,0.10580357142857144
練馬区|石神井台7丁目,練馬区,石神井台７丁目,3678.0,200277.73892681452,1898,782.0,774.3000000000001,4.07,95498.89,44.03,True,0.41201264488935724,0.9901534526854221,4.07,50.315537407797684,44.03,False,0.4079557428872498
練馬区|石神井台8丁目,練馬区,石神井台８丁目,3904.0,257655.4838751087,2468,1156.0,163.28,0.54,128203.15,50.76,True,0.4683954619124797,0.14124567474048444,0.54,51.94617098865478,50.76,False,0.06615883306320908
練馬区|下石神井1丁目,練馬区,下石神井１丁目,2728.0,167225.85996611102,1601,610.0,96.164000005,1.68,75093.616,39.37,True,0.3810118675827608,0.157645901647541,1.68,46.90419487820112,39.37,False,0.06006495940349782
練馬区|下石神井2丁目,練馬区,下石神井２丁目,3303.0,213529.2463634578,2045,1132.0,235.94,0.97,95722.58,44.4,True,0.5535452322738387,0.20842756183745584,0.97,46.8081075794621,44.4,False,0.11537408312958436
練馬区|下石神井3丁目,練馬区,下石神井３丁目,2351.0,173109.994898167,1634,956.0,154.71,2.58,71234.94,37.18,True,0.5850673194614443,0.1618305439330544,2.58,43.595434516523866,37.18,False,0.09468176254589963
練馬区|下石神井4丁目,練馬区,下石神井４丁目,3553.0,233669.69722399718,2285,1243.0,134.939000023,0.7,112182.243,45.52,True,0.5439824945295405,0.108559131152856,0.7,49.09507352297593,45.52,False,0.05905426696849016
練馬区|下石神井5丁目,練馬区,下石神井５丁目,2637.0,160193.04875180978,1535,389.0,44.55,0.48,74352.6,45.86,True,0.2534201954397394,0.11452442159383033,0.48,48.438175895765475,45.86,False,0.029022801302931597
練馬区|下石神井6丁目,練馬区,下石神井６丁目,3570.0,230215.54722520424,2164,900.0,95.25,2.89,98276.98999999999,38.09,True,0.41589648798521256,0.10583333333333333,2.89,45.4145055452865,38.09,False,0.044015711645101666
練馬区|東大泉1丁目,練馬区,東大泉１丁目,4884.0,270025.4200304641,2590,1456.0,189.85,0.87,123296.0,43.52,True,0.5621621621621622,0.13039148351648353,0.87,47.6046332046332,43.52,False,0.07330115830115831
練馬区|東大泉2丁目,練馬区,東大泉２丁目,6328.0,423857.0368613211,4000,1850.0,662.75,2.91,174065.35,34.99,True,0.4625,0.35824324324324325,2.91,43.5163375,34.99,False,0.16568750000000002
練馬区|東大泉3丁目,練馬区,東大泉３丁目,4939.0,318449.2487460495,3036,1310.0,467.53000000000003,4.48,134483.21,36.74,True,0.43148880105401843,0.3568931297709924,4.48,44.29618247694334,36.74,False,0.15399538866930174
練馬区|東大泉4丁目,練馬区,東大泉４丁目,2913.0,221588.69283688298,2041,1228.0,651.59,4.76,92221.53,38.45,True,0.6016658500734934,0.5306107491856678,4.76,45.18448309652131,38.45,False,0.319250367466928
練馬区|東大泉5丁目,練馬区,東大泉５丁目,4162.0,348252.72440874705,3327,2023.0,412.62,1.2,160955.61,42.99,True,0.6080553050796513,0.203964409293129,1.2,48.37860234445446,42.99,False,0.12402164111812443
練馬区|東大泉6丁目,練馬区,東大泉６丁目,6432.0,446179.19400083285,4268,2169.0,277.83000000000004,0.47,210230.14,47.37,True,0.5082005623242737,0.12809128630705396,0.47,49.2572961574508,47.37,False,0.06509606373008436
練馬区|東大泉7丁目,練馬区,東大泉７丁目,5958.0,406977.6821478412,3859,1300.0,297.34000000000003,2.49,189998.25,42.69,True,0.33687483804094326,0.22872307692307695,2.49,49.23509976677896,42.69,False,0.07705104949468776
練馬区|西大泉1丁目,練馬区,西大泉１丁目,4017.0,275120.9005036101,2630,1515.0,1153.92,3.09,121581.16,40.6,True,0.5760456273764258,0.7616633663366337,3.09,46.22857794676806,40.6,False,0.4387528517110266
練馬区|西大泉2丁目,練馬区,西大泉２丁目,2903.0,331126.2417429609,3163,1693.0,656.93,1.38,148631.25,43.26,True,0.5352513436610813,0.3880271707028942,1.38,46.99059437243124,43.26,False,0.20769206449573188
練馬区|西大泉3丁目,練馬区,西大泉３丁目,3715.0,297048.1257504259,2844,1198.0,254.28,1.34,134737.03,42.21,True,0.4212376933895921,0.21225375626043405,1.34,47.37588959212377,42.21,False,0.08940928270042194
練馬区|西大泉4丁目,練馬区,西大泉４丁目,3815.0,348683.4211321096,3334,653.0,234.42,1.08,160897.2,40.38,True,0.19586082783443312,0.35898928024502297,1.08,48.25950809838033,40.38,False,0.0703119376124775
練馬区|西大泉5丁目,練馬区,西大泉５丁目,4584.0,382501.9483038466,3660,1322.0,288.44,1.41,183408.78,45.06,True,0.36120218579234975,0.21818456883509835,1.41,50.111688524590164,45.06,False,0.07880874316939891
練馬区|西大泉6丁目,練馬区,西大泉６丁目,2829.0,180066.23581299992,1712,178.0,7.67,0.37,86453.16,47.11,True,0.10397196261682243,0.04308988764044944,0.37,50.49834112149533,47.11,False,0.004480140186915888
練馬区|南大泉1丁目,練馬区,南大泉１丁目,4867.0,327333.98093169415,3124,1465.0,340.85,1.69,161897.62,45.61,True,0.46895006402048656,0.23266211604095566,1.69,51.82382202304738,45.61,False,0.10910691421254803
練馬区|南大泉2丁目,練馬区,南大泉２丁目,4342.0,282239.40650090744,2701,994.0,108.52,0.54,144087.23,51.13,True,0.36801184746390225,0.10917505030181086,0.54,53.34588300629397,51.13,False,0.040177711958533875
練馬区|南大泉3丁目,練馬区,南大泉３丁目,4747.0,339895.28033931897,3250,1704.0,628.98,1.22,163302.23,47.15,True,0.5243076923076923,0.3691197183098592,1.22,50.246840000000006,47.15,False,0.1935323076923077
練馬区|南大泉4丁目,練馬区,南大泉４丁目,6294.0,364791.3135887288,3482,1718.0,331.12,2.69,171337.91999999998,42.2,True,0.49339460080413555,0.19273573923166473,2.69,49.20675473865594,42.2,False,0.09509477311889719
練馬区|南大泉5丁目,練馬区,南大泉５丁目,4590.0,369493.7344399475,3535,1355.0,335.37,2.89,172374.16,41.45,True,0.38330975954738333,0.24750553505535056,2.89,48.76213861386139,41.45,False,0.09487128712871287
練馬区|南大泉6丁目,練馬区,南大泉６丁目,1898.0,120609.28950055344,1151,212.0,24.65,0.56,56550.32,46.14,True,0.1841876629018245,0.11627358490566037,0.56,49.13146828844483,46.14,False,0.021416159860990443
練馬区|大泉町1丁目,練馬区,大泉町１丁目,5227.0,494827.66285050166,4681,1901.0,1611.76,4.83,175372.55,25.7,True,0.40610980559709464,0.8478485007890584,4.83,37.46476180303354,25.7,False,0.3443195898312326
練馬区|大泉町2丁目,練馬区,大泉町２丁目,4711.0,466029.80306035,4393,1327.0,475.85,4.53,181744.06,28.09,True,0.3020714773503301,0.35859080633006785,4.53,41.37128613703619,28.09,False,0.10832005463236968
練馬区|大泉町3丁目,練馬区,大泉町３丁目,3682.0,412058.5684745313,3925,1363.0,1368.18,11.33,157489.14,23.05,True,0.3472611464968153,1.0038004402054292,11.33,40.12462165605096,23.05,False,0.3485808917197452
練馬区|大泉町4丁目,練馬区,大泉町４丁目,3752.0,345051.89820919244,3266,1378.0,1666.47,9.45,129664.57,25.49,True,0.4219228413962033,1.2093396226415094,9.45,39.70133802816902,25.49,False,0.510248009797918
練馬区|大泉町5丁目,練馬区,大泉町５丁目,2119.0,228121.5647641796,2172,954.0,410.08,3.88,90787.26,33.42,True,0.43922651933701656,0.429853249475891,3.88,41.7989226519337,33.42,False,0.18880294659300184
練馬区|大泉町6丁目,練馬区,大泉町６丁目,2306.0,139944.56985368964,1306,1029.0,642.79,4.32,51386.41,34.78,True,0.7879019908116386,0.6246744412050534,4.32,39.3464088820827,34.78,False,0.49218223583460946
練馬区|大泉学園町1丁目,練馬区,大泉学園町１丁目,3106.0,234232.10340682406,2234,1187.0,458.1,4.54,98286.19,36.6,True,0.5313339301700984,0.38593091828138165,4.54,43.99560877350045,36.6,False,0.20505819158460162
練馬区|大泉学園町2丁目,練馬区,大泉学園町２丁目,3949.0,338294.81336700066,3225,1295.0,749.1,3.84,146565.77,38.78,True,0.4015503875968992,0.5784555984555985,3.84,45.44675038759689,38.78,False,0.23227906976744186
練馬区|大泉学園町3丁目,練馬区,大泉学園町３丁目,3296.0,361763.0123828963,3463,1198.0,118.82000000000001,1.04,166840.19,42.27,True,0.34594282414091826,0.09918196994991653,1.04,48.17793531619983,42.27,False,0.034311290788333816
練馬区|大泉学園町4丁目,練馬区,大泉学園町４丁目,4175.0,380807.8569041834,3639,910.0,110.68,0.56,163021.98,41.23,True,0.25006870019236055,0.12162637362637363,0.56,44.798565539983514,41.23,False,0.030414949161857656
練馬区|大泉学園町5丁目,練馬区,大泉学園町５丁目,4735.0,386428.39297640003,3695,1337.0,844.6,2.11,166494.6,40.94,True,0.3618403247631935,0.6317127898279731,2.11,45.05943166441137,40.94,False,0.22857916102841677
練馬区|大泉学園町6丁目,練馬区,大泉学園町６丁目,5092.0,431670.5335206068,4080,594.0,80.12,1.29,184266.42,38.98,True,0.14558823529411766,0.13488215488215488,1.29,45.16333823529412,38.98,False,0.019637254901960787
練馬区|大泉学園町7丁目,練馬区,大泉学園町７丁目,4833.0,404441.8967369408,3873,1320.0,333.65,1.29,164060.95,37.47,True,0.34082106893880715,0.2527651515151515,1.29,42.36017299251227,37.47,False,0.08614768912987349
練馬区|大泉学園町8丁目,練馬区,大泉学園町８丁目,4551.0,358821.5111803922,3425,1018.0,82.4,1.02,142582.49,36.84,True,0.29722627737226276,0.08094302554027505,1.02,41.629924087591235,36.84,False,0.02405839416058394
練馬区|大泉学園町9丁目,練馬区,大泉学園町９丁目,65.0,313864.7641746655,2879,297.0,65.06,1.53,111574.3,34.47,True,0.1031608197290726,0.21905723905723906,1.53,38.754532823897186,34.47,False,0.0225981243487322
練馬区|関町北1丁目,練馬区,関町北１丁目,3496.0,141743.10033620527,1349,750.0,106.3,0.6,71693.14,48.93,True,0.5559673832468495,0.14173333333333332,0.6,53.14539659006672,48.93,False,0.0787991104521868
練馬区|関町北2丁目,練馬区,関町北２丁目,4725.0,208842.63397330837,1989,1078.0,536.71,5.37,106118.89,44.06,True,0.5419808949220714,0.49787569573283863,5.37,53.352885872297634,44.06,False,0.2698391151332328
練馬区|関町北3丁目,練馬区,関町北３丁目,4209.0,368327.91947474005,3390,1688.0,780.53,3.86,182947.36,46.02,True,0.49793510324483775,0.46239928909952605,3.86,53.96677286135693,46.02,False,0.23024483775811208
練馬区|関町北4丁目,練馬区,関町北４丁目,4161.0,346878.560042907,3297,956.0,1021.4,4.92,173425.01,43.96,True,0.28996057021534727,1.068410041841004,4.92,52.60085228996057,43.96,False,0.3097967849560206
練馬区|関町北5丁目,練馬区,関町北５丁目,5365.0,281734.34504315595,2700,1042.0,96.50999999999999,0.49,144807.35,52.47,True,0.38592592592592595,0.09261996161228406,0.49,53.63235185185185,52.47,False,0.03574444444444444
練馬区|関町南1丁目,練馬区,関町南１丁目,2485.0,174665.14616984405,1673,0.0,0.0,0.0,86530.955,48.838,True,0.0,,0.0,51.72202928870293,48.838,False,
練馬区|関町南2丁目,練馬区,関町南２丁目,4443.0,274197.9056893181,2627,35.0,35.0,1.0,140715.116,51.295,True,0.013323182337266844,1.0,1.0,53.56494708793301,51.295,False,0.013323182337266844
練馬区|関町南3丁目,練馬区,関町南３丁目,4404.0,269716.87557680474,2606,1263.0,127.15,0.63,141519.226,52.248,True,0.48465080583269377,0.10067300079176564,0.63,54.305151957022254,52.248,False,0.048791250959324635
練馬区|関町南4丁目,練馬区,関町南４丁目,7539.0,332263.97095824697,3230,1087.0,87.69,0.37,181548.597,53.9,True,0.3365325077399381,0.08067157313707451,0.37,56.2069959752322,53.9,False,0.02714860681114551
練馬区|上石神井南町,練馬区,上石神井南町,2348.0,174768.0248727255,1700,1.0,0.11,0.11,85698.178,47.595,True,0.000588235294117647,0.11,0.11,50.41069294117647,47.595,False,6.470588235294117e-05
練馬区|立野町,練馬区,立野町,5517.0,351851.55172960286,3403,135.0,56.17,1.0,185811.246,53.205,True,0.03967087863649721,0.4160740740740741,1.0,54.602188069350575,53.205,False,0.016506024096385543
練馬区|上石神井1丁目,練馬区,上石神井１丁目,5328.0,340566.1253561629,3294,1531.0,259.78,1.0,168993.441,49.577,True,0.46478445658773526,0.16967994774657086,1.0,51.30341256830601,49.577,False,0.07886460230722525
練馬区|上石神井2丁目,練馬区,上石神井２丁目,4433.0,308814.9365919553,2950,1034.0,93.85000000000001,0.57,148682.91,47.65,True,0.3505084745762712,0.09076402321083173,0.57,50.40098644067797,47.65,False,0.031813559322033905
練馬区|上石神井3丁目,練馬区,上石神井３丁目,5726.0,363707.70733712503,3392,1029.0,147.76,2.69,162327.76,39.72,True,0.30336084905660377,0.14359572400388726,2.69,47.85606132075472,39.72,False,0.04356132075471698
練馬区|上石神井4丁目,練馬区,上石神井４丁目,4842.0,358076.2330519699,3402,1219.0,310.38,5.48,172106.58,40.6,True,0.3583186360964139,0.2546185397867104,5.48,50.58982363315696,40.6,False,0.09123456790123456
練馬区|関町東1丁目,練馬区,関町東１丁目,3824.0,224394.29378696726,2146,890.0,102.0,1.44,113231.62,51.02,True,0.4147250698974837,0.1146067415730337,1.44,52.764035414725065,51.02,False,0.047530288909599254
練馬区|関町東2丁目,練馬区,関町東２丁目,1553.0,96456.59666476678,903,475.0,464.82,4.83,45735.84,43.4,True,0.5260243632336655,0.9785684210526315,4.83,50.6487707641196,43.4,False,0.514750830564784
練馬区|西大泉町,練馬区,西大泉町,31.0,1775.6942099118962,0,,,,,,False,,,,,,False,
足立区|青井1丁目,足立区,青井一丁目,1475.0,111479.71520605218,1060,1055.0,1130.59,1.88,351.18,-0.48,True,0.9952830188679245,1.071649289099526,1.88,0.3313018867924528,-0.48,False,1.0665943396226414
足立区|青井2丁目,足立区,青井二丁目,3142.0,168468.1345913013,1611,1611.0,2570.24,3.33,-203.18,-0.88,True,1.0,1.5954314090626938,3.33,-0.12612042209807572,-0.88,True,1.5954314090626938
足立区|青井3丁目,足立区,青井三丁目,4387.0,252068.88692190507,2346,2331.0,4269.44,3.35,-752.13,-1.03,True,0.9936061381074168,1.8315915915915915,3.35,-0.32060102301790283,-1.03,True,1.8198806479113383
足立区|青井4丁目,足立区,青井四丁目,3921.0,224688.1234395199,2093,2089.0,3794.02,3.39,-694.19,-1.1,True,0.998088867654085,1.8161895643848731,3.39,-0.3316722408026756,-1.1,True,1.812718585762064
足立区|青井5丁目,足立区,青井五丁目,2160.0,132908.70191702057,1245,1140.0,1400.92,2.6,274.51,-0.85,True,0.9156626506024096,1.2288771929824562,2.6,0.22048995983935743,-0.85,False,1.1252369477911648
足立区|青井6丁目,足立区,青井六丁目,2414.0,142975.56058637326,1376,1204.0,962.02,1.77,745.39,-0.38,True,0.875,0.7990199335548173,1.77,0.5417078488372092,-0.38,False,0.6991424418604651
足立区|足立1丁目,足立区,足立一丁目,2652.0,151704.76548013592,1298,1282.0,1641.69,1.93,150.53,-0.52,True,0.987673343605547,1.280569422776911,1.93,0.11597072419106318,-0.52,False,1.2647842835130971
足立区|足立2丁目,足立区,足立二丁目,3253.0,184851.9474208189,1638,1496.0,1761.44,2.1,710.0,-0.73,True,0.9133089133089133,1.177433155080214,2.1,0.43345543345543347,-0.73,False,1.0753601953601954
足立区|足立3丁目,足立区,足立三丁目,3731.0,170763.87615459034,1634,1617.0,2250.7,2.43,37.23,-0.61,True,0.9895960832313342,1.3918985776128632,2.43,0.022784577723378212,-0.61,False,1.3774173806609546
足立区|足立4丁目,足立区,足立四丁目,4233.0,171606.21579214727,1651,1651.0,2736.7,4.06,-365.16999999999996,-0.67,True,1.0,1.6576014536644457,4.06,-0.2211811023622047,-0.67,True,1.6576014536644457
足立区|綾瀬1丁目,足立区,綾瀬一丁目,4814.0,237888.72747564048,2161,1643.0,466.12,1.12,-78.15,-1.23,True,0.7602961591855623,0.28370054777845405,1.12,-0.03616381304951412,-1.23,True,0.21569643683479872
足立区|綾瀬2丁目,足立区,綾瀬二丁目,5206.0,244209.27089583708,2330,2066.0,519.41,0.93,-213.37,-0.78,True,0.886695278969957,0.2514085188770571,0.93,-0.09157510729613734,-0.78,True,0.22292274678111587
足立区|綾瀬3丁目,足立区,綾瀬三丁目,4186.0,208682.00832932952,2000,1896.0,838.89,1.74,-467.18000000000006,-1.55,True,0.948,0.44245253164556964,1.74,-0.23359000000000002,-1.55,True,0.419445
足立区|綾瀬4丁目,足立区,綾瀬四丁目,3302.0,227877.01628795048,2033,1883.0,915.26,1.05,-434.02,-0.87,True,0.926217412690605,0.486064790228359,1.05,-0.2134874569601574,-0.87,True,0.45020167240531234
足立区|綾瀬5丁目,足立区,綾瀬五丁目,3420.0,131096.97875461777,1245,1232.0,678.5699999999999,0.99,-439.99,-0.8,True,0.989558232931727,0.5507873376623376,0.99,-0.3534056224899598,-0.8,True,0.5450361445783132
足立区|綾瀬6丁目,足立区,綾瀬六丁目,3283.0,256222.78692760397,2345,2272.0,1249.1,1.21,-727.28,-1.02,True,0.9688699360341151,0.5497799295774648,1.21,-0.3101407249466951,-1.02,True,0.5326652452025586
足立区|綾瀬7丁目,足立区,綾瀬七丁目,2709.0,172105.04407532248,1599,1372.0,675.12,1.25,-181.76999999999998,-0.75,True,0.858036272670419,0.49206997084548104,1.25,-0.11367729831144464,-0.75,True,0.42221388367729834
足立区|伊興1丁目,足立区,伊興一丁目,2418.0,132676.11091577276,1268,747.0,91.21000000000001,0.51,4152.04,2.55,True,0.5891167192429022,0.12210174029451139,0.51,3.274479495268139,2.55,False,0.07193217665615143
足立区|伊興2丁目,足立区,伊興二丁目,2371.0,172272.14610661825,1648,1101.0,175.15,0.66,5653.79,2.55,True,0.6680825242718447,0.15908265213442327,0.66,3.4306978155339807,2.55,False,0.10628033980582526
足立区|伊興3丁目,足立区,伊興三丁目,3101.0,181427.5624712945,1734,1234.0,205.78,0.71,5765.14,2.62,True,0.7116493656286044,0.1667585089141005,0.71,3.3247635524798156,2.62,False,0.11867358708189157
足立区|伊興4丁目,足立区,伊興四丁目,2953.0,186800.19460135535,1791,1193.0,214.64000000000001,0.68,6173.21,2.48,True,0.666108319374651,0.1799161777032691,0.68,3.44679508654383,2.48,False,0.11984366275823563
足立区|伊興5丁目,足立区,伊興五丁目,2191.0,181550.20229129703,1741,1297.0,258.34,0.69,6096.89,2.67,True,0.7449741527857553,0.19918272937548187,0.69,3.501947156806433,2.67,False,0.148385985066054
足立区|伊興本町1丁目,足立区,伊興本町一丁目,1412.0,82840.5975257881,792,779.0,309.04,0.75,2235.45,2.42,True,0.9835858585858586,0.3967137355584082,0.75,2.8225378787878785,2.42,False,0.3902020202020202
足立区|伊興本町2丁目,足立区,伊興本町二丁目,1527.0,134446.8810742062,1287,1070.0,321.16,0.73,3913.84,2.43,True,0.8313908313908314,0.3001495327102804,0.73,3.041056721056721,2.43,False,0.24954156954156956
足立区|入谷1丁目,足立区,入谷一丁目,2272.0,252730.4023451495,2413,1580.0,262.4,0.47,9089.62,2.18,True,0.6547865727310402,0.16607594936708858,0.47,3.7669374222958973,2.18,False,0.1087443016991297
足立区|入谷2丁目,足立区,入谷二丁目,1766.0,202557.8598203494,1951,1228.0,197.48,0.48,7781.28,3.36,True,0.6294208098411072,0.160814332247557,0.48,3.988354689902614,3.36,False,0.1012198872373142
足立区|入谷3丁目,足立区,入谷三丁目,1125.0,140740.1728244573,1325,880.0,192.4,0.71,5074.28,3.08,True,0.6641509433962264,0.21863636363636366,0.71,3.8296452830188676,3.08,False,0.14520754716981132
足立区|入谷4丁目,足立区,入谷四丁目,918.0,161133.81411985363,1542,1067.0,172.13,0.4,5712.55,2.96,True,0.691958495460441,0.1613214620431115,0.4,3.704636835278859,2.96,False,0.11162775616083008
足立区|入谷5丁目,足立区,入谷五丁目,514.0,143762.98420436055,1367,898.0,160.15,0.68,4898.83,2.59,True,0.6569129480614484,0.17834075723830736,0.68,3.5836356986100952,2.59,False,0.11715435259692758
足立区|入谷6丁目,足立区,入谷六丁目,45.0,280293.66988411575,2690,996.0,129.69,0.35,9108.69,2.85,True,0.3702602230483271,0.13021084337349398,0.35,3.3861301115241638,2.85,False,0.04821189591078067
足立区|入谷7丁目,足立区,入谷七丁目,566.0,266169.4690635933,2248,2001.0,866.74,0.85,6628.05,2.4,True,0.8901245551601423,0.4331534232883558,0.85,2.948420818505338,2.4,False,0.38556049822064054
足立区|入谷8丁目,足立区,入谷八丁目,911.0,249707.91710462098,2156,1596.0,480.56,0.6,7428.93,2.78,True,0.7402597402597403,0.3011027568922306,0.6,3.445700371057514,2.78,False,0.22289424860853435
足立区|入谷9丁目,足立区,入谷九丁目,853.0,386262.75051741855,3404,2058.0,480.64,0.96,12864.32,2.53,True,0.6045828437132785,0.23354713313896985,0.96,3.779177438307873,2.53,False,0.14119858989424205
足立区|入谷町,足立区,入谷町,0.0,29113.89617606939,279,142.0,64.68,0.87,1408.83,2.63,True,0.5089605734767025,0.4554929577464789,0.87,5.049569892473118,2.63,False,0.23182795698924735
足立区|梅島1丁目,足立区,梅島一丁目,3799.0,223487.1989771032,2123,2057.0,2122.9,2.27,667.65,-0.6,True,0.9689119170984456,1.032036947010209,2.27,0.31448422044276964,-0.6,False,0.9999528968440886
足立区|梅島2丁目,足立区,梅島二丁目,3469.0,207743.2905620532,2001,1604.0,427.04,1.32,2521.54,0.13,True,0.8015992003998001,0.2662344139650873,1.32,1.2601399300349825,0.13,False,0.21341329335332335
足立区|梅島3丁目,足立区,梅島三丁目,5114.0,263293.95722422603,2517,2448.0,1942.61,1.51,1638.39,-0.14,True,0.9725864123957092,0.7935498366013072,1.51,0.6509296781883195,-0.14,False,0.7717957886372666
足立区|梅田1丁目,足立区,梅田一丁目,1981.0,139365.54745209552,1195,1147.0,1481.83,2.66,167.38,-0.48,True,0.9598326359832636,1.2919180470793374,2.66,0.14006694560669455,-0.48,False,1.2400251046025106
足立区|梅田2丁目,足立区,梅田二丁目,2546.0,120369.21906718802,1155,1153.0,1705.5700000000002,3.43,-35.040000000000006,-0.65,True,0.9982683982683983,1.4792454466608849,3.43,-0.030337662337662344,-0.65,True,1.476683982683983
足立区|梅田3丁目,足立区,梅田三丁目,2262.0,149931.3006180645,1349,1349.0,1967.52,1.88,-116.66999999999999,-0.48,True,1.0,1.4585025945144552,1.88,-0.0864862861378799,-0.48,True,1.4585025945144552
足立区|梅田4丁目,足立区,梅田四丁目,2447.0,197937.22318645343,1819,1606.0,1902.37,1.84,397.94,-0.45,True,0.8829026937877955,1.1845392278953921,1.84,0.2187685541506322,-0.45,False,1.0458328752061572
足立区|梅田5丁目,足立区,梅田五丁目,4097.0,161745.09165436376,1553,1461.0,1331.31,1.9,589.43,-0.52,True,0.9407598197037991,0.9112320328542094,1.9,0.3795428203477141,-0.52,False,0.8572504829362524
足立区|梅田6丁目,足立区,梅田六丁目,3461.0,179083.66788419604,1712,1712.0,2723.1,2.23,-352.52,-0.78,True,1.0,1.5905957943925233,2.23,-0.20591121495327103,-0.78,True,1.5905957943925233
足立区|梅田7丁目,足立区,梅田七丁目,4951.0,190313.67632591986,1827,1827.0,3038.8,3.23,-391.11,-0.92,True,1.0,1.663273125342091,3.23,-0.21407224958949098,-0.92,True,1.663273125342091
足立区|梅田8丁目,足立区,梅田八丁目,3752.0,115582.69612590017,1096,1019.0,717.8,1.66,624.57,-0.3,True,0.9297445255474452,0.7044160942100097,1.66,0.5698631386861315,-0.3,False,0.65492700729927
足立区|扇1丁目,足立区,扇一丁目,7104.0,505079.8575396379,4737,3975.0,1115.42,0.91,7709.900000000001,0.41,True,0.8391386953768207,0.2806088050314466,0.91,1.6275913025121387,0.41,False,0.23546970656533672
足立区|扇2丁目,足立区,扇二丁目,5289.0,377030.45691819023,3432,2989.0,982.98,0.97,5993.04,0.88,True,0.870920745920746,0.32886584141853464,0.97,1.7462237762237762,0.88,False,0.286416083916084
足立区|扇3丁目,足立区,扇三丁目,3592.0,279187.2332389899,2660,1879.0,562.23,1.26,6026.09,0.94,True,0.706390977443609,0.2992176689728579,1.26,2.2654473684210528,0.94,False,0.21136466165413534
足立区|大谷田1丁目,足立区,大谷田一丁目,4641.0,249778.50685877443,2225,1806.0,419.39,0.77,840.5,-0.5,True,0.8116853932584269,0.2322203765227021,0.77,0.37775280898876407,-0.5,False,0.18848988764044944
足立区|大谷田2丁目,足立区,大谷田二丁目,2202.0,177015.22499027345,1495,933.0,313.26,0.94,1345.01,-0.1,True,0.6240802675585284,0.3357556270096463,0.94,0.8996722408026756,-0.1,False,0.20953846153846153
足立区|大谷田3丁目,足立区,大谷田三丁目,3928.0,191478.14442404153,1803,1691.0,592.33,0.88,484.03000000000003,-0.35,True,0.9378813089295619,0.35028385570668247,0.88,0.2684581253466445,-0.35,False,0.32852468108707716
足立区|大谷田4丁目,足立区,大谷田四丁目,1804.0,128979.28208923595,1236,1020.0,290.34,0.78,559.64,-0.3,True,0.8252427184466019,0.28464705882352936,0.78,0.4527831715210356,-0.3,False,0.23490291262135918
足立区|大谷田5丁目,足立区,大谷田五丁目,3859.0,202856.58927003242,1916,1619.0,543.38,0.97,1340.26,0.1,True,0.8449895615866388,0.3356269302038295,0.97,0.6995093945720251,0.1,False,0.28360125260960334
足立区|興野1丁目,足立区,興野一丁目,2005.0,133768.218928862,1279,997.0,148.03,0.6,2022.1,0.81,True,0.7795152462861611,0.1484754262788365,0.6,1.5810007818608287,0.81,False,0.11573885848318999
足立区|興野2丁目,足立区,興野二丁目,4364.0,283483.23786021397,2713,2155.0,443.52,0.61,5502.2699999999995,1.48,True,0.7943236269812016,0.20580974477958236,0.61,2.0281127902690748,1.48,False,0.16347954294139327
足立区|小台1丁目,足立区,小台一丁目,2957.0,353784.09035201743,2291,1168.0,599.97,1.61,6705.73,0.17,True,0.5098210388476647,0.5136729452054795,1.61,2.9269882147533828,0.17,False,0.2618812745525971
足立区|小台2丁目,足立区,小台二丁目,3868.0,289206.45758802193,2470,2063.0,920.87,1.04,3603.33,0.75,True,0.8352226720647773,0.44637421231216673,1.04,1.458838056680162,0.75,False,0.3728218623481781
足立区|加賀1丁目,足立区,加賀一丁目,1436.0,111493.2852888264,1069,867.0,204.22,0.55,2875.71,1.71,True,0.8110383536014967,0.23554786620530566,0.55,2.6900935453695043,1.71,False,0.1910383536014967
足立区|加賀2丁目,足立区,加賀二丁目,2675.0,225768.2630207978,2162,1706.0,285.39,0.43,6029.96,2.05,True,0.7890841813135985,0.16728604923798357,0.43,2.7890656799259945,2.05,False,0.13200277520814058
足立区|加平1丁目,足立区,加平一丁目,2943.0,171912.6686593856,1616,1319.0,514.05,1.22,106.99,-1.03,True,0.8162128712871287,0.38972706595905987,1.22,0.06620668316831683,-1.03,False,0.31810024752475247
足立区|加平2丁目,足立区,加平二丁目,1720.0,139043.65874408194,1247,740.0,109.33,0.43,1594.92,-0.15,True,0.5934242181234964,0.14774324324324323,0.43,1.2790056134723338,-0.15,False,0.08767441860465117
足立区|加平3丁目,足立区,加平三丁目,2153.0,128770.53826178255,1232,775.0,203.71,4.61,1446.15,-1.93,True,0.6290584415584416,0.26285161290322584,4.61,1.173823051948052,-1.93,False,0.165349025974026
足立区|北加平町,足立区,北加平町,2324.0,167169.17391400487,1543,1157.0,254.4,0.96,2722.15,-0.2,True,0.7498379779650033,0.2198789974070873,0.96,1.7641931302657161,-0.2,False,0.16487362281270254
足立区|栗原1丁目,足立区,栗原一丁目,2429.0,134836.29662155564,1292,1210.0,641.07,2.35,1878.23,0.33,True,0.9365325077399381,0.529809917355372,2.35,1.4537383900928793,0.33,False,0.4961842105263159
足立区|栗原2丁目,足立区,栗原二丁目,3036.0,182661.1350832426,1740,1563.0,695.03,4.24,3553.85,-1.84,True,0.8982758620689655,0.44467690339091487,4.24,2.042442528735632,-1.84,False,0.39944252873563213
足立区|栗原3丁目,足立区,栗原三丁目,3733.0,197031.74210551055,1896,1746.0,698.3100000000001,4.63,3366.97,-1.56,True,0.9208860759493671,0.39994845360824743,4.63,1.77582805907173,-1.56,False,0.3683069620253165
足立区|栗原4丁目,足立区,栗原四丁目,3173.0,202786.91768708872,1951,1280.0,256.5,4.63,5094.94,-2.34,True,0.6560738083034341,0.200390625,4.63,2.6114505381855455,-2.34,False,0.13147104049205535
足立区|弘道1丁目,足立区,弘道一丁目,3636.0,210239.62693346856,2010,2010.0,3211.95,2.7,-369.5,-0.95,True,1.0,1.5979850746268656,2.7,-0.18383084577114428,-0.95,True,1.5979850746268656
足立区|弘道2丁目,足立区,弘道二丁目,3488.0,171924.671340601,1633,1629.0,2752.11,3.14,-380.85,-0.95,True,0.9975505205143906,1.6894475138121547,3.14,-0.23322106552357624,-0.95,True,1.6853092467850581
足立区|江北1丁目,足立区,江北一丁目,2792.0,207832.27711945283,1996,1792.0,567.0,0.84,3727.13,1.08,True,0.8977955911823647,0.31640625,0.84,1.867299599198397,1.08,False,0.28406813627254507
足立区|江北2丁目,足立区,江北二丁目,2719.0,263775.98105818906,2418,2180.0,1113.43,1.94,3781.0,0.37,True,0.901571546732837,0.5107477064220184,1.94,1.5636889991728702,0.37,False,0.4604755996691481
足立区|江北3丁目,足立区,江北三丁目,4122.0,307865.3645980992,2958,2708.0,1029.76,1.76,5185.9,0.83,True,0.9154834347532116,0.38026587887740027,1.76,1.753177822853279,0.83,False,0.3481271129141311
足立区|江北4丁目,足立区,江北四丁目,4538.0,287140.75399553665,2750,1909.0,432.51,0.84,5629.87,1.04,True,0.6941818181818182,0.22656364588789943,0.84,2.0472254545454547,1.04,False,0.15727636363636366
足立区|江北5丁目,足立区,江北五丁目,631.0,133351.16715043812,1276,820.0,108.49,0.58,2812.39,-8.51,True,0.6426332288401254,0.1323048780487805,0.58,2.2040673981191223,-8.51,False,0.08502351097178684
足立区|江北6丁目,足立区,江北六丁目,2758.0,245788.41212606672,2356,1757.0,626.22,0.95,5398.62,1.24,True,0.7457555178268251,0.3564143426294821,0.95,2.291434634974533,1.24,False,0.2657979626485569
足立区|江北7丁目,足立区,江北七丁目,1899.0,180198.24131263007,1705,1621.0,971.2,1.18,3241.45,1.13,True,0.950733137829912,0.5991363355953115,1.18,1.9011436950146627,1.13,False,0.5696187683284457
足立区|古千谷1丁目,足立区,古千谷一丁目,0.0,245808.6407585833,2077,514.0,125.24,0.71,7356.52,1.84,True,0.24747231584015406,0.24365758754863812,0.71,3.5418969667790083,1.84,False,0.06029850746268656
足立区|古千谷2丁目,足立区,古千谷二丁目,0.0,96927.97090187589,928,113.0,21.94,0.4,7772.54,3.09,True,0.12176724137931035,0.19415929203539825,0.4,8.375581896551724,3.09,False,0.02364224137931035
足立区|古千谷本町1丁目,足立区,古千谷本町一丁目,1874.0,167411.22606047,1608,1176.0,231.17000000000002,0.61,5670.52,3.01,True,0.7313432835820896,0.1965731292517007,0.61,3.526442786069652,3.01,False,0.14376243781094528
足立区|古千谷本町2丁目,足立区,古千谷本町二丁目,2861.0,214413.21643708428,2062,1614.0,414.48,0.66,7318.51,2.83,True,0.7827352085354026,0.2568029739776952,0.66,3.5492289039767217,2.83,False,0.20100872938894282
足立区|古千谷本町3丁目,足立区,古千谷本町三丁目,1802.0,121537.32568259285,1122,984.0,573.05,1.53,3384.44,1.83,True,0.8770053475935828,0.5823678861788617,1.53,3.0164349376114084,1.83,False,0.5107397504456327
足立区|古千谷本町4丁目,足立区,古千谷本町四丁目,1428.0,125003.5344666211,1127,1005.0,703.08,1.5,3115.48,1.83,True,0.8917480035492458,0.6995820895522389,1.5,2.7644010647737356,1.83,False,0.6238509316770187
足立区|佐野1丁目,足立区,佐野一丁目,2533.0,253563.48268024455,1941,1752.0,919.36,1.27,1481.72,-0.15,True,0.9026275115919629,0.5247488584474886,1.27,0.7633797011849562,-0.15,False,0.4736527563111798
足立区|佐野2丁目,足立区,佐野二丁目,3383.0,207596.6233178921,1990,1931.0,988.7,1.04,1365.52,0.15,True,0.9703517587939698,0.5120145002589332,1.04,0.6861909547738694,0.15,False,0.4968341708542714
足立区|皿沼1丁目,足立区,皿沼一丁目,1479.0,122433.15053097231,1167,1069.0,379.97,0.76,3350.83,2.33,True,0.9160239931448158,0.355444340505145,0.76,2.871319622964867,2.33,False,0.3255955441302485
足立区|皿沼2丁目,足立区,皿沼二丁目,1476.0,129516.18606287231,1243,1120.0,379.83,0.77,3587.23,2.33,True,0.9010458567980691,0.33913392857142854,0.77,2.8859452936444088,2.33,False,0.305575221238938
足立区|皿沼3丁目,足立区,皿沼三丁目,1157.0,212871.88859857572,2034,1544.0,608.69,1.63,6277.74,0.74,True,0.7590953785644051,0.394229274611399,1.63,3.086401179941003,0.74,False,0.29925762045231075
足立区|鹿浜1丁目,足立区,鹿浜一丁目,940.0,176983.77298104373,1577,1145.0,206.41,0.6,3513.66,1.47,True,0.7260621433100825,0.1802707423580786,0.6,2.2280659480025364,1.47,False,0.13088776157260623
足立区|鹿浜2丁目,足立区,鹿浜二丁目,3223.0,2240032.245247251,3133,2186.0,513.63,1.25,7580.1900000000005,0.13,True,0.6977338014682413,0.23496340347666972,1.25,2.419466964570699,0.13,False,0.16394190871369294
足立区|鹿浜3丁目,足立区,鹿浜三丁目,2161.0,251086.72759759348,2401,1423.0,175.91,0.49,5879.53,1.88,True,0.5926697209496044,0.12361911454673226,0.49,2.4487838400666386,1.88,False,0.07326530612244898
足立区|鹿浜4丁目,足立区,鹿浜四丁目,2151.0,192354.48720514233,1847,1242.0,171.56,0.59,4390.31,1.79,True,0.6724417975094749,0.13813204508856683,0.59,2.3769951272333514,1.79,False,0.09288576069301571
足立区|鹿浜5丁目,足立区,鹿浜五丁目,2123.0,263416.37330341403,2493,1524.0,314.34,0.53,6238.84,1.78,True,0.6113116726835138,0.20625984251968502,0.53,2.502543120738067,1.78,False,0.1260890493381468
足立区|鹿浜6丁目,足立区,鹿浜六丁目,2536.0,205108.7869750226,1959,1388.0,246.79,0.52,5043.41,1.85,True,0.7085247575293517,0.17780259365994236,0.52,2.5744818785094434,1.85,False,0.12597753956100052
足立区|鹿浜7丁目,足立区,鹿浜七丁目,2279.0,135528.8366707575,1296,1192.0,354.86,0.98,2964.38,1.45,True,0.9197530864197531,0.2977013422818792,0.98,2.28733024691358,1.45,False,0.27381172839506174
足立区|鹿浜8丁目,足立区,鹿浜八丁目,1983.0,153733.1673126721,1473,1345.0,397.33,0.68,3915.35,2.2,True,0.9131025118805159,0.29541263940520446,0.68,2.6580787508486083,2.2,False,0.2697420230821453
足立区|島根1丁目,足立区,島根一丁目,1973.0,108803.59888012944,1038,737.0,196.12,0.99,1820.84,0.48,True,0.710019267822736,0.2661058344640434,0.99,1.7541811175337185,0.48,False,0.1889402697495183
足立区|島根2丁目,足立区,島根二丁目,4586.0,247478.2242553754,2387,1721.0,352.04,0.85,5629.38,0.95,True,0.7209886887306242,0.20455549099360837,0.85,2.358349392542941,0.95,False,0.1474821952241307
足立区|島根3丁目,足立区,島根三丁目,2546.0,175014.5073009728,1678,1445.0,480.05,1.0,2515.51,0.49,True,0.8611442193087009,0.33221453287197233,1.0,1.4991120381406438,0.49,False,0.28608462455303935
足立区|島根4丁目,足立区,島根四丁目,3630.0,220500.95077556898,2099,1646.0,369.22,0.76,4415.78,1.09,True,0.784182944259171,0.2243134872417983,0.76,2.1037541686517387,1.09,False,0.17590281086231538
足立区|新田1丁目,足立区,新田一丁目,4374.0,838298.8243980127,2237,1454.0,550.0600000000001,1.14,4054.53,0.17,True,0.6499776486365668,0.37830811554332877,1.14,1.8124854716137686,0.17,False,0.24589181940098348
足立区|新田2丁目,足立区,新田二丁目,2536.0,233332.34381031463,1977,1393.0,508.51,1.13,2569.74,0.31,True,0.7046029337379869,0.36504666188083273,1.13,1.2998179059180575,0.31,False,0.2572129489124937
足立区|新田3丁目,足立区,新田三丁目,9874.0,431862.59218696324,3478,2277.0,720.9,3.14,12404.1,0.08,True,0.6546866014951122,0.316600790513834,3.14,3.56644623346751,0.08,False,0.20727429557216792
足立区|神明1丁目,足立区,神明一丁目,774.0,87447.51128695051,739,472.0,121.57000000000001,0.81,1639.74,0.7,True,0.638700947225981,0.2575635593220339,0.81,2.2188633288227333,0.7,False,0.1645060893098782
足立区|神明2丁目,足立区,神明二丁目,1792.0,150276.93213351644,1333,1327.0,1542.41,1.79,1202.42,0.28,True,0.9954988747186797,1.16232856066315,1.79,0.902040510127532,0.28,False,1.1570967741935485
足立区|神明3丁目,足立区,神明三丁目,2435.0,206726.319914242,1846,1678.0,1489.08,1.73,2300.97,-0.3,True,0.9089924160346695,0.8874135876042908,1.73,1.2464626218851569,-0.3,False,0.8066522210184182
足立区|神明南1丁目,足立区,神明南一丁目,1992.0,198213.56683354254,1765,1198.0,209.7,0.71,3718.37,0.53,True,0.6787535410764872,0.17504173622704505,0.71,2.106725212464589,0.53,False,0.11881019830028326
足立区|神明南2丁目,足立区,神明南二丁目,1573.0,127797.89812135354,1205,876.0,179.01,0.76,1858.83,0.72,True,0.7269709543568464,0.20434931506849313,0.76,1.542597510373444,0.72,False,0.14855601659751036
足立区|関原1丁目,足立区,関原一丁目,2082.0,139986.86308501777,1307,1091.0,228.42,1.06,960.3100000000001,0.14,True,0.8347360367253251,0.20936755270394133,1.06,0.7347436878347361,0.14,False,0.1747666411629686
足立区|関原2丁目,足立区,関原二丁目,4919.0,278382.875602658,2670,2544.0,840.54,1.46,2083.9500000000003,-0.1,True,0.952808988764045,0.3304009433962264,1.46,0.7805056179775282,-0.1,False,0.31480898876404495
足立区|関原3丁目,足立区,関原三丁目,4996.0,269662.2704389059,2580,2537.0,1783.86,1.44,1783.3700000000001,-0.08,True,0.9833333333333333,0.7031375640520299,1.44,0.6912286821705427,-0.08,False,0.6914186046511627
足立区|千住1丁目,足立区,千住一丁目,1894.0,105927.86600868103,1016,432.0,78.39,0.67,945.27,0.0,True,0.4251968503937008,0.18145833333333333,0.67,0.9303838582677165,0.0,False,0.07715551181102362
足立区|千住2丁目,足立区,千住二丁目,1177.0,93338.42542422783,892,573.0,106.35000000000001,0.78,798.55,0.0,True,0.6423766816143498,0.1856020942408377,0.78,0.8952354260089685,0.0,False,0.11922645739910315
足立区|千住3丁目,足立区,千住三丁目,1963.0,104050.0293960151,996,716.0,244.17,2.12,807.41,0.0,True,0.7188755020080321,0.34101955307262566,2.12,0.8106526104417671,0.0,False,0.2451506024096385
足立区|千住4丁目,足立区,千住四丁目,2143.0,93312.18872652623,894,810.0,324.82,2.27,408.85,0.0,True,0.9060402684563759,0.40101234567901234,2.27,0.45732662192393736,0.0,False,0.36333333333333334
足立区|千住5丁目,足立区,千住五丁目,2545.0,125499.57787662544,1159,1040.0,536.47,1.11,398.11,0.0,True,0.8973252804141502,0.5158365384615385,1.11,0.3434943917169974,0.0,False,0.46287316652286464
足立区|千住曙町,足立区,千住曙町,4320.0,250607.42617314687,1973,1191.0,283.03,1.37,2654.7,0.0,True,0.6036492650785605,0.2376406381192275,1.37,1.3455144450076026,0.0,False,0.14345159655347184
足立区|千住旭町,足立区,千住旭町,3421.0,285834.84864737,2728,2149.0,1420.87,2.27,1108.97,0.0,True,0.7877565982404692,0.661177291763611,2.27,0.40651392961876837,0.0,False,0.5208467741935483
足立区|千住東1丁目,足立区,千住東一丁目,1912.0,116319.85061166808,1116,725.0,393.75,3.26,775.38,0.0,True,0.649641577060932,0.5431034482758621,3.26,0.6947849462365592,0.0,False,0.35282258064516137
足立区|千住東2丁目,足立区,千住東二丁目,3809.0,134039.3569448577,1280,1140.0,487.99,1.28,139.73,0.0,True,0.890625,0.4280614035087719,1.28,0.10916406249999999,0.0,False,0.3812421875
足立区|千住大川町,足立区,千住大川町,3563.0,164131.83247816507,1547,1444.0,866.95,1.22,408.65,0.0,True,0.9334195216548158,0.6003808864265928,1.22,0.26415643180349063,0.0,False,0.5604072398190045
足立区|千住河原町,足立区,千住河原町,4016.0,161305.33588149495,1543,1144.0,470.32,2.92,1459.1,0.0,True,0.7414128321451717,0.4111188811188811,2.92,0.9456254050550874,0.0,False,0.3048088139987038
足立区|千住寿町,足立区,千住寿町,3337.0,106426.02838389591,1017,1008.0,531.01,0.92,155.73,0.0,True,0.9911504424778761,0.5267956349206349,0.92,0.1531268436578171,0.0,False,0.5221337266470009
足立区|千住桜木1丁目,足立区,千住桜木一丁目,2185.0,173605.30712301366,1336,312.0,63.34,0.59,2694.27,0.64,True,0.23353293413173654,0.20301282051282052,0.59,2.0166691616766466,0.64,False,0.047410179640718565
足立区|千住桜木2丁目,足立区,千住桜木二丁目,2124.0,186043.10939473676,1514,607.0,150.73,0.73,2275.24,0.2,True,0.4009247027741083,0.24831960461285008,0.73,1.502800528401585,0.2,False,0.099557463672391
足立区|千住関屋町,足立区,千住関屋町,3790.0,318677.0676815113,2574,995.0,267.84000000000003,2.89,4149.29,0.04,True,0.38655788655788653,0.26918592964824123,2.89,1.612000777000777,0.04,False,0.10405594405594405
足立区|千住龍田町,足立区,千住龍田町,1970.0,97688.50784543056,937,902.0,275.53,0.86,404.17,0.0,True,0.9626467449306296,0.3054656319290465,0.86,0.43134471718249734,0.0,False,0.2940554962646744
足立区|千住中居町,足立区,千住中居町,2659.0,126356.38053329686,1205,1047.0,448.25,0.98,429.84,0.0,True,0.8688796680497926,0.4281279847182426,0.98,0.3567136929460581,0.0,False,0.3719917012448133
足立区|千住仲町,足立区,千住仲町,4164.0,156787.62735750398,1501,968.0,308.45,2.92,1208.05,0.0,True,0.6449033977348434,0.318646694214876,2.92,0.804830113257828,0.0,False,0.2054963357761492
足立区|千住橋戸町,足立区,千住橋戸町,3959.0,222588.86887106986,1785,1057.0,402.37,1.5,2202.33,0.0,True,0.592156862745098,0.38067171239356673,1.5,1.233798319327731,0.0,False,0.22541736694677872
足立区|千住緑町1丁目,足立区,千住緑町一丁目,1506.0,147554.31511042258,1160,828.0,348.8,1.04,1721.19,0.47,True,0.7137931034482758,0.421256038647343,1.04,1.4837844827586206,0.47,False,0.3006896551724138
足立区|千住緑町2丁目,足立区,千住緑町二丁目,2231.0,135331.37141495905,1190,924.0,225.33,0.83,1457.72,0.44,True,0.7764705882352941,0.24386363636363637,0.83,1.2249747899159664,0.44,False,0.18935294117647058
足立区|千住緑町3丁目,足立区,千住緑町三丁目,2091.0,120761.09947260955,959,504.0,80.92,0.8,1385.87,0.44,True,0.5255474452554745,0.16055555555555556,0.8,1.4451199165797706,0.44,False,0.08437956204379563
足立区|千住宮元町,足立区,千住宮元町,2228.0,128287.86022328545,1230,760.0,204.68,1.13,1433.04,0.17,True,0.6178861788617886,0.26931578947368423,1.13,1.1650731707317072,0.17,False,0.16640650406504068
足立区|千住元町,足立区,千住元町,3582.0,142702.3660022554,1319,1079.0,433.43,0.86,691.53,0.0,True,0.8180439727065959,0.40169601482854495,0.86,0.5242835481425322,0.0,False,0.3286050037907506
足立区|千住柳町,足立区,千住柳町,1821.0,78883.47684938558,753,747.0,297.65,0.71,197.37,0.0,True,0.9920318725099602,0.39846050870147254,0.71,0.26211155378486056,0.0,False,0.39528552456839305
足立区|竹の塚1丁目,足立区,竹の塚一丁目,4252.0,251105.42208130148,2405,1786.0,548.85,0.82,6648.85,2.03,True,0.7426195426195427,0.3073068309070549,0.82,2.7645945945945947,2.03,False,0.22821205821205826
足立区|竹の塚2丁目,足立区,竹の塚二丁目,2687.0,163466.63082378003,1562,1085.0,111.31,0.35,4491.89,2.28,True,0.6946222791293214,0.10258986175115208,0.35,2.875729833546735,2.28,False,0.07126120358514725
足立区|竹の塚3丁目,足立区,竹の塚三丁目,3410.0,200116.145769299,1913,1307.0,428.84,1.09,5665.21,2.28,True,0.6832200731834814,0.32811017597551645,1.09,2.9614270778881338,2.28,False,0.22417145844223732
足立区|竹の塚4丁目,足立区,竹の塚四丁目,1600.0,102917.59936641014,978,655.0,150.06,0.46,3198.58,2.8,True,0.6697341513292433,0.22909923664122137,0.46,3.270531697341513,2.8,False,0.15343558282208586
足立区|竹の塚5丁目,足立区,竹の塚五丁目,2713.0,189347.3834051575,1812,1503.0,359.13,0.61,5359.2,2.43,True,0.8294701986754967,0.23894211576846308,0.61,2.957615894039735,2.43,False,0.19819536423841058
足立区|竹の塚6丁目,足立区,竹の塚六丁目,2629.0,142891.35690780415,1378,1227.0,401.18,0.84,3892.01,2.19,True,0.8904208998548622,0.326960065199674,0.84,2.824390420899855,2.19,False,0.29113207547169817
足立区|竹の塚7丁目,足立区,竹の塚七丁目,1652.0,140674.27198199322,1351,975.0,239.2,0.63,4292.6,2.45,True,0.7216876387860843,0.24533333333333332,0.63,3.177350111028868,2.45,False,0.17705403404885267
足立区|辰沼1丁目,足立区,辰沼一丁目,1639.0,87405.89900550286,840,570.0,235.76,1.13,751.77,0.03,True,0.6785714285714286,0.41361403508771927,1.13,0.8949642857142857,0.03,False,0.2806666666666667
足立区|辰沼2丁目,足立区,辰沼二丁目,2163.0,160417.71260308,1493,1249.0,469.55,1.08,1530.68,0.23,True,0.8365706630944407,0.37594075260208165,1.08,1.0252377762893503,0.23,False,0.3145010046885465
足立区|中央本町1丁目,足立区,中央本町一丁目,2134.0,177398.57968863784,1707,1398.0,1617.7,2.86,748.04,-0.5,True,0.8189806678383128,1.1571530758226038,2.86,0.43821909783245455,-0.5,False,0.9476859988283539
足立区|中央本町2丁目,足立区,中央本町二丁目,3253.0,171169.51432052418,1628,1628.0,2467.88,2.28,-139.84,-0.63,True,1.0,1.5158968058968059,2.28,-0.0858968058968059,-0.63,True,1.5158968058968059
足立区|中央本町3丁目,足立区,中央本町三丁目,2755.0,125987.78825200236,1193,1119.0,1199.09,2.28,749.19,-0.37,True,0.9379715004191115,1.0715728328865057,2.28,0.6279882648784577,-0.37,False,1.0051047778709137
足立区|中央本町4丁目,足立区,中央本町四丁目,4098.0,193509.42399490494,1858,1599.0,1245.7,2.59,987.9,-0.38,True,0.8606027987082885,0.7790494058786742,2.59,0.5317007534983853,-0.38,False,0.6704520990312164
足立区|中央本町5丁目,足立区,中央本町五丁目,1950.0,109913.13151799183,1067,681.0,118.57,1.24,1633.37,0.15,True,0.6382380506091846,0.1741116005873715,1.24,1.5308059981255857,0.15,False,0.11112464854732894
足立区|椿1丁目,足立区,椿一丁目,266.0,34607.24230845324,332,318.0,120.32,0.86,638.51,1.4,True,0.9578313253012049,0.3783647798742138,0.86,1.923222891566265,1.4,False,0.3624096385542168
足立区|椿2丁目,足立区,椿二丁目,1580.0,110939.09774213568,1060,1000.0,493.32,1.16,2029.33,1.19,True,0.9433962264150944,0.49332,1.16,1.9144622641509432,1.19,False,0.4653962264150943
足立区|東和1丁目,足立区,東和一丁目,3126.0,196903.49844458967,1879,1769.0,734.52,1.08,-327.19,-0.85,True,0.9414582224587547,0.4152176370830978,1.08,-0.17412985630654604,-0.85,True,0.3909100585417775
足立区|東和2丁目,足立区,東和二丁目,3147.0,168524.33100975325,1608,1535.0,721.55,1.0,-347.88,-0.78,True,0.9546019900497512,0.4700651465798045,1.0,-0.21634328358208954,-0.78,True,0.4487251243781094
足立区|東和3丁目,足立区,東和三丁目,5258.0,214257.44805488884,2049,2041.0,1202.42,1.46,-681.72,-0.9,True,0.9960956564177648,0.5891327780499755,1.46,-0.3327086383601757,-0.9,True,0.5868326012689117
足立区|東和4丁目,足立区,東和四丁目,4410.0,198997.23264750672,1897,1844.0,926.9100000000001,1.19,-403.39,-0.85,True,0.9720611491829204,0.5026626898047722,1.19,-0.21264628360569318,-0.85,True,0.48861887190300474
足立区|東和5丁目,足立区,東和五丁目,4408.0,152985.05528961218,1464,1460.0,898.37,1.15,-427.39,-0.83,True,0.9972677595628415,0.6153219178082192,1.15,-0.2919330601092896,-0.83,True,0.6136407103825137
足立区|舎人1丁目,足立区,舎人一丁目,2070.0,191344.21614356068,1835,1145.0,183.54,0.53,7130.11,3.12,True,0.6239782016348774,0.16029694323144103,0.53,3.885618528610354,3.12,False,0.10002179836512261
足立区|舎人2丁目,足立区,舎人二丁目,2859.0,186438.23827405664,1769,1142.0,182.93,0.63,6818.51,3.01,True,0.6455624646693047,0.16018388791593696,0.63,3.8544431882419445,3.01,False,0.10340870548332391
足立区|舎人3丁目,足立区,舎人三丁目,2889.0,187083.4143181203,1717,1548.0,961.43,2.22,5010.95,1.15,True,0.9015725101921956,0.621078811369509,2.22,2.918433313919627,1.15,False,0.5599475829935935
足立区|舎人4丁目,足立区,舎人四丁目,1499.0,112729.06700958792,999,709.0,227.56,1.94,3518.94,1.6,True,0.7097097097097097,0.32095909732016925,1.94,3.5224624624624625,1.6,False,0.22778778778778777
足立区|舎人5丁目,足立区,舎人五丁目,4276.0,289347.5254349934,2772,1720.0,308.6,0.53,11426.74,3.36,True,0.6204906204906205,0.1794186046511628,0.53,4.122200577200577,3.36,False,0.11132756132756134
足立区|舎人6丁目,足立区,舎人六丁目,1982.0,145753.54035094683,1338,1053.0,283.42,0.75,4991.38,2.19,True,0.7869955156950673,0.2691547958214625,0.75,3.730478325859492,2.19,False,0.21182361733931243
足立区|舎人公園,足立区,舎人公園,0.0,165413.5577425178,1590,534.0,183.7,0.87,6042.61,2.6,True,0.33584905660377357,0.3440074906367041,0.87,3.800383647798742,2.6,False,0.11553459119496855
足立区|舎人町,足立区,舎人町,0.0,29113.89617606939,279,142.0,64.68,0.87,1408.83,2.63,True,0.5089605734767025,0.4554929577464789,0.87,5.049569892473118,2.63,False,0.23182795698924735
足立区|中川1丁目,足立区,中川一丁目,3107.0,170395.3886517051,1374,1043.0,575.11,1.34,740.69,-0.63,True,0.7590975254730713,0.5513998082454459,1.34,0.539075691411936,-0.63,False,0.41856622998544396
足立区|中川2丁目,足立区,中川二丁目,2482.0,155741.20549975903,1228,878.0,237.69,1.03,1187.6,-0.23,True,0.7149837133550488,0.27071753986332575,1.03,0.967100977198697,-0.23,False,0.1935586319218241
足立区|中川3丁目,足立区,中川三丁目,2141.0,158254.45209946795,1232,948.0,207.13,0.61,1185.17,0.15,True,0.7694805194805194,0.2184915611814346,0.61,0.9619886363636364,0.15,False,0.16812499999999997
足立区|中川4丁目,足立区,中川四丁目,4457.0,230399.89615935148,2180,2085.0,849.72,1.5,30.800000000000004,-1.28,True,0.9564220183486238,0.40753956834532373,1.5,0.01412844036697248,-1.28,False,0.3897798165137615
足立区|中川5丁目,足立区,中川五丁目,1080.0,429552.06564931484,3789,1890.0,2618.38,5.54,3185.04,-5.15,True,0.498812351543943,1.3853862433862434,5.54,0.8406017418844022,-5.15,False,0.6910477698601214
足立区|西綾瀬1丁目,足立区,西綾瀬一丁目,1225.0,62683.114937912746,572,501.0,475.65,1.77,273.26,-0.39,True,0.8758741258741258,0.9494011976047904,1.77,0.4777272727272727,-0.39,False,0.8315559440559439
足立区|西綾瀬2丁目,足立区,西綾瀬二丁目,3000.0,153294.76099846358,1459,1397.0,1858.9499999999998,1.98,278.85,-0.6,True,0.9575051405071967,1.3306728704366497,1.98,0.19112405757368062,-0.6,False,1.2741261137765592
足立区|西綾瀬3丁目,足立区,西綾瀬三丁目,3547.0,186310.01222467297,1781,1586.0,2211.69,2.61,152.11,-0.6,True,0.8905109489051095,1.3945081967213115,2.61,0.08540707467714767,-0.6,False,1.2418248175182482
足立区|西綾瀬4丁目,足立区,西綾瀬四丁目,1324.0,144379.90562141742,1297,1174.0,1598.25,2.34,128.35,-0.85,True,0.905165767154973,1.3613713798977853,2.34,0.09895913646877409,-0.85,False,1.232266769468003
足立区|西新井1丁目,足立区,西新井一丁目,2844.0,185715.30323405415,1765,1669.0,602.36,0.87,3718.92,1.65,True,0.9456090651558073,0.36091072498502097,0.87,2.1070368271954676,1.65,False,0.3412804532577904
足立区|西新井2丁目,足立区,西新井二丁目,2862.0,159761.53617074137,1518,1399.0,449.77,0.87,3656.96,1.7,True,0.9216073781291173,0.321493924231594,0.87,2.409064558629776,1.7,False,0.29629117259552046
足立区|西新井3丁目,足立区,西新井三丁目,3957.0,176526.29110908488,1685,1226.0,185.58,0.44,5047.54,2.42,True,0.7275964391691395,0.15137030995106038,0.44,2.995572700296736,2.42,False,0.1101364985163205
足立区|西新井4丁目,足立区,西新井四丁目,4160.0,342669.0848884576,3286,2291.0,436.11,0.49,9779.36,2.39,True,0.6972002434570906,0.19035792230467047,0.49,2.976068167985393,2.39,False,0.1327175897748022
足立区|西新井5丁目,足立区,西新井五丁目,2668.0,215094.49993788076,2059,1784.0,565.52,0.73,5235.55,1.9,True,0.8664400194269063,0.31699551569506723,0.73,2.5427634774162216,1.9,False,0.27465760077707624
足立区|西新井6丁目,足立区,西新井六丁目,3618.0,264479.39742056,2537,2163.0,550.33,0.69,6373.0,1.89,True,0.8525817895151754,0.2544290337494221,0.69,2.512022073314939,1.89,False,0.21692156089869924
足立区|西新井7丁目,足立区,西新井七丁目,1829.0,146440.92031171027,1408,811.0,115.52,0.42,3866.76,2.12,True,0.5759943181818182,0.1424414303329223,0.42,2.7462784090909094,2.12,False,0.08204545454545455
足立区|西新井栄町1丁目,足立区,西新井栄町一丁目,6718.0,248260.0415960125,2375,1978.0,1341.24,1.25,1890.17,0.15,True,0.8328421052631579,0.6780788675429728,1.25,0.795861052631579,0.15,False,0.5647326315789475
足立区|西新井栄町2丁目,足立区,西新井栄町二丁目,1643.0,138988.76364671192,1329,1225.0,637.59,1.06,1596.74,0.5,True,0.9217456734386757,0.5204816326530612,1.06,1.2014597441685477,0.5,False,0.4797516930022574
足立区|西新井栄町3丁目,足立区,西新井栄町三丁目,1742.0,87141.08056327766,833,777.0,382.91,1.14,1086.88,0.61,True,0.9327731092436975,0.49280566280566285,1.14,1.304777911164466,0.61,False,0.4596758703481393
足立区|西新井本町1丁目,足立区,西新井本町一丁目,3409.0,170806.36966688212,1643,1479.0,370.49,0.97,3009.86,-5.17,True,0.9001825928180158,0.250500338066261,0.97,1.8319293974437005,-5.17,False,0.2254960438222763
足立区|西新井本町2丁目,足立区,西新井本町二丁目,3712.0,205496.22830295184,1965,1368.0,208.88,0.56,5106.34,1.79,True,0.6961832061068702,0.15269005847953215,0.56,2.59864631043257,1.79,False,0.10630025445292621
足立区|西新井本町3丁目,足立区,西新井本町三丁目,1365.0,77074.6771665242,733,504.0,59.77,0.4,1815.66,1.78,True,0.6875852660300137,0.11859126984126984,0.4,2.4770259208731242,1.78,False,0.08154160982264666
足立区|西新井本町4丁目,足立区,西新井本町四丁目,4267.0,215600.33227555326,2065,1691.0,311.69,0.52,4173.91,1.3,True,0.8188861985472154,0.18432288586635126,0.52,2.02126392251816,1.3,False,0.15093946731234864
足立区|西新井本町5丁目,足立区,西新井本町五丁目,2604.0,100325.83547818691,954,900.0,311.84,0.88,1240.53,0.65,True,0.9433962264150944,0.34648888888888885,0.88,1.3003459119496854,0.65,False,0.32687631027253666
足立区|西伊興1丁目,足立区,西伊興一丁目,3443.0,262823.9279152525,2523,1742.0,505.04,0.85,8254.01,2.46,True,0.6904478795085216,0.2899196326061998,0.85,3.2715061434799844,2.46,False,0.2001743955608403
足立区|西伊興2丁目,足立区,西伊興二丁目,1869.0,147985.29844253528,1411,1202.0,430.29,0.98,4317.29,2.31,True,0.8518781006378455,0.3579783693843594,0.98,3.0597377746279233,2.31,False,0.30495393338058113
足立区|西伊興3丁目,足立区,西伊興三丁目,2172.0,202679.13045428638,1933,1090.0,171.13,0.58,7220.52,2.63,True,0.5638903259182617,0.157,0.58,3.7353957578892913,2.63,False,0.08853078116916709
足立区|西伊興4丁目,足立区,西伊興四丁目,1574.0,150422.58942047704,1435,791.0,144.3,0.65,5153.02,2.69,True,0.551219512195122,0.18242730720606828,0.65,3.590954703832753,2.69,False,0.10055749128919862
足立区|西伊興町,足立区,西伊興町,0.0,43164.711787654924,397,112.0,44.72,0.98,1592.54,2.26,True,0.28211586901763225,0.3992857142857143,0.98,4.011435768261965,2.26,False,0.1126448362720403
足立区|西加平1丁目,足立区,西加平一丁目,661.0,93331.49348901567,849,758.0,787.21,2.17,381.08,-0.62,True,0.8928150765606596,1.0385356200527704,2.17,0.4488574793875147,-0.62,False,0.9272202591283863
足立区|西加平2丁目,足立区,西加平二丁目,697.0,118830.04634776138,1134,1063.0,825.64,1.73,756.89,-0.25,True,0.937389770723104,0.7767074317968015,1.73,0.6674514991181658,-0.25,False,0.7280776014109347
足立区|西竹の塚1丁目,足立区,西竹の塚一丁目,1988.0,186706.9941217483,1787,1625.0,484.33,1.79,4794.25,1.26,True,0.9093452714045887,0.29804923076923073,1.79,2.682848349188584,1.26,False,0.271029658645775
足立区|西竹の塚2丁目,足立区,西竹の塚二丁目,1152.0,108003.84140641998,1035,924.0,435.01,0.92,2814.27,2.12,True,0.8927536231884058,0.47079004329004326,0.92,2.7191014492753625,2.12,False,0.42029951690821254
足立区|西保木間1丁目,足立区,西保木間一丁目,2136.0,143843.01999705422,1367,1012.0,188.03,0.61,4616.55,2.75,True,0.7403072421360644,0.185800395256917,0.61,3.37713972201902,2.75,False,0.13754937820043892
足立区|西保木間2丁目,足立区,西保木間二丁目,3765.0,207792.18909423126,1988,1568.0,340.58,0.85,6638.87,2.5,True,0.7887323943661971,0.21720663265306123,0.85,3.3394718309859153,2.5,False,0.171317907444668
足立区|西保木間3丁目,足立区,西保木間三丁目,2085.0,114031.53317209362,1087,969.0,210.02,0.59,3687.53,2.93,True,0.891444342226311,0.2167389060887513,0.59,3.3923919043238273,2.93,False,0.1932106715731371
足立区|西保木間4丁目,足立区,西保木間四丁目,2302.0,193017.56305995313,1723,721.0,132.02,2.14,5808.09,1.15,True,0.4184561810795125,0.18310679611650488,2.14,3.3709170052234474,1.15,False,0.07662217063261755
足立区|花畑1丁目,足立区,花畑一丁目,2047.0,204055.56372212962,1952,1410.0,431.56,1.18,5785.36,1.8,True,0.7223360655737705,0.3060709219858156,1.18,2.9638114754098357,1.8,False,0.22108606557377047
足立区|花畑2丁目,足立区,花畑二丁目,1779.0,171312.31028905304,1583,1543.0,803.23,1.5,4080.27,1.53,True,0.9747315224257739,0.5205638366817887,1.5,2.5775552747946935,1.53,False,0.5074099810486419
足立区|花畑3丁目,足立区,花畑三丁目,2614.0,222069.51036727024,2117,1777.0,681.85,1.23,6070.16,1.93,True,0.8393953708077468,0.38370849746764213,1.23,2.867340576287199,1.93,False,0.32208313651393483
足立区|花畑4丁目,足立区,花畑四丁目,2525.0,250336.91365947385,2372,1830.0,479.06,1.43,7237.55,1.77,True,0.7715008431703204,0.2617814207650273,1.43,3.051243676222597,1.77,False,0.201964586846543
足立区|花畑5丁目,足立区,花畑五丁目,3240.0,295536.0236880254,2645,2195.0,829.84,1.64,7726.32,1.55,True,0.8298676748582231,0.37805922551252846,1.64,2.9211039697542533,1.55,False,0.31373913043478263
足立区|花畑6丁目,足立区,花畑六丁目,2888.0,269470.339925233,2541,2379.0,1053.01,1.49,7008.17,1.7,True,0.9362455726092089,0.4426271542664985,1.49,2.7580362062180246,1.7,False,0.41440771349862254
足立区|花畑7丁目,足立区,花畑七丁目,1172.0,168028.7031824836,1401,1355.0,743.22,3.46,3759.75,-0.2,True,0.9671663097787295,0.5485018450184502,3.46,2.6836188436830835,-0.2,False,0.5304925053533192
足立区|花畑8丁目,足立区,花畑八丁目,1912.0,188867.2116368729,1555,1059.0,793.02,2.21,4309.01,1.0,True,0.6810289389067524,0.7488385269121813,2.21,2.7710675241157556,1.0,False,0.5099807073954984
足立区|東綾瀬1丁目,足立区,東綾瀬一丁目,4602.0,197115.3340239723,1883,1671.0,598.75,0.91,-213.56,-0.72,True,0.8874137015400956,0.3583183722321963,0.91,-0.11341476367498672,-0.72,True,0.31797663303239515
足立区|東綾瀬2丁目,足立区,東綾瀬二丁目,3641.0,159990.15513118196,1532,1347.0,522.11,0.89,-193.89000000000001,-0.7,True,0.8792428198433421,0.38760950259836674,0.89,-0.12656005221932115,-0.7,True,0.3408028720626632
足立区|東綾瀬3丁目,足立区,東綾瀬三丁目,2534.0,154094.87322019463,1473,1372.0,540.54,0.96,-201.95,-0.75,True,0.9314324507807196,0.39397959183673464,0.96,-0.1371011541072641,-0.75,True,0.3669653767820773
足立区|東伊興1丁目,足立区,東伊興一丁目,2012.0,163692.67046783757,1564,1187.0,316.24,0.67,5101.31,2.59,True,0.7589514066496164,0.2664195450716091,0.67,3.26170716112532,2.59,False,0.20219948849104857
足立区|東伊興2丁目,足立区,東伊興二丁目,1854.0,157634.75530466138,1342,1226.0,702.6,1.49,3753.08,1.83,True,0.9135618479880775,0.5730831973898858,1.49,2.7966318926974663,1.83,False,0.5235469448584202
足立区|東伊興3丁目,足立区,東伊興三丁目,2919.0,227037.84547890082,2125,1616.0,498.62,1.01,6555.49,2.28,True,0.7604705882352941,0.3085519801980198,1.01,3.0849364705882354,2.28,False,0.23464470588235295
足立区|東伊興4丁目,足立区,東伊興四丁目,416.0,80527.87314302583,768,410.0,70.48,0.58,2590.65,2.72,True,0.5338541666666666,0.17190243902439026,0.58,3.3732421875000003,2.72,False,0.09177083333333333
足立区|東保木間1丁目,足立区,東保木間一丁目,3315.0,211460.19328540686,2028,1432.0,316.61,0.7,4833.78,1.62,True,0.7061143984220908,0.2210963687150838,0.7,2.3835207100591713,1.62,False,0.15611932938856019
足立区|東保木間2丁目,足立区,東保木間二丁目,2306.0,246582.12955759768,2347,1665.0,420.2,0.7,6270.31,1.75,True,0.7094162760971453,0.25237237237237237,0.7,2.6716276097145295,1.75,False,0.17903706859821047
足立区|東六月町,足立区,東六月町,2010.0,162428.54066226532,1559,777.0,121.11,0.65,4902.57,2.03,True,0.49839640795381657,0.15586872586872585,0.65,3.1446889031430403,2.03,False,0.0776844130853111
足立区|一ツ家1丁目,足立区,一ツ家一丁目,1787.0,137904.36379456965,1309,1013.0,191.05,0.59,2622.08,1.4,True,0.7738731856378915,0.18859822309970387,0.59,2.003116883116883,1.4,False,0.1459511077158136
足立区|一ツ家2丁目,足立区,一ツ家二丁目,2898.0,158445.6130484126,1519,1163.0,241.71,0.51,2903.72,1.18,True,0.7656352863726136,0.20783319002579537,0.51,1.911599736668861,1.18,False,0.15912442396313364
足立区|一ツ家3丁目,足立区,一ツ家三丁目,2145.0,156580.5742108594,1501,1111.0,169.37,0.44,2295.08,0.73,True,0.7401732178547635,0.15244824482448247,0.44,1.5290339773484343,0.73,False,0.11283810792804799
足立区|一ツ家4丁目,足立区,一ツ家四丁目,676.0,83544.21208858414,801,627.0,163.62,1.25,975.94,0.17,True,0.7827715355805244,0.26095693779904305,1.25,1.218401997503121,0.17,False,0.20426966292134832
足立区|日の出町,足立区,日ノ出町,4187.0,144909.25098154493,1395,1270.0,898.69,1.25,92.84,0.0,True,0.910394265232975,0.7076299212598426,1.25,0.06655197132616487,0.0,False,0.6442222222222224
足立区|平野1丁目,足立区,平野一丁目,1941.0,176960.24245437345,1694,1306.0,229.85,0.49,3756.2599999999998,1.6,True,0.7709563164108618,0.17599540581929554,0.49,2.2173907910271544,1.6,False,0.13568476977567884
足立区|平野2丁目,足立区,平野二丁目,1025.0,117305.29090487164,1140,781.0,137.27,0.48,3103.08,1.98,True,0.6850877192982456,0.1757618437900128,0.48,2.722,1.98,False,0.12041228070175439
足立区|平野3丁目,足立区,平野三丁目,2035.0,160957.62315582475,1520,968.0,168.87,0.56,3982.69,1.95,True,0.6368421052631579,0.17445247933884298,0.56,2.6201907894736842,1.95,False,0.11109868421052631
足立区|保木間1丁目,足立区,保木間一丁目,4282.0,262632.2838723087,2514,1880.0,372.91,1.11,7408.9,1.97,True,0.7478122513922036,0.1983563829787234,1.11,2.947056483691328,1.97,False,0.14833333333333332
足立区|保木間2丁目,足立区,保木間二丁目,2263.0,210328.02484071313,2007,1389.0,231.19,0.73,6427.39,2.53,True,0.6920777279521674,0.1664434845212383,0.73,3.20248629795715,2.53,False,0.11519182859990035
足立区|保木間3丁目,足立区,保木間三丁目,2524.0,211614.79843410692,2017,1346.0,246.19,0.54,6637.33,2.5,True,0.6673277144273674,0.18290490341753343,0.54,3.2906941001487358,2.5,False,0.12205751115518096
足立区|保木間4丁目,足立区,保木間四丁目,2750.0,239039.06968085055,2289,1770.0,346.69,0.79,7596.33,2.6,True,0.7732634338138925,0.19587005649717515,0.79,3.318623853211009,2.6,False,0.15145915246832678
足立区|保木間5丁目,足立区,保木間五丁目,3064.0,267579.750866246,2545,1799.0,298.28000000000003,1.25,8566.83,1.95,True,0.7068762278978389,0.16580322401334077,1.25,3.366141453831041,1.95,False,0.11720235756385071
足立区|保塚町,足立区,保塚町,3633.0,213185.45366746865,2037,1186.0,222.69,0.53,4672.89,1.55,True,0.5822287677957781,0.18776559865092748,0.53,2.2940058910162007,1.55,False,0.10932253313696613
足立区|堀之内1丁目,足立区,堀之内一丁目,562.0,205152.3625820551,1813,1429.0,542.83,1.06,3185.2,0.84,True,0.7881963596249311,0.3798670398880336,1.06,1.7568670711527854,0.84,False,0.29940981798124655
足立区|堀之内2丁目,足立区,堀之内二丁目,770.0,114083.89402291711,1087,948.0,374.08,0.86,1932.33,0.99,True,0.8721251149954001,0.39459915611814345,0.86,1.7776724931002759,0.99,False,0.3441398344066237
足立区|南花畑1丁目,足立区,南花畑一丁目,2287.0,176734.36234974035,1632,1206.0,339.04,0.69,3388.61,1.38,True,0.7389705882352942,0.28112769485903816,0.69,2.076354166666667,1.38,False,0.2077450980392157
足立区|南花畑2丁目,足立区,南花畑二丁目,4447.0,317130.18869462993,3034,2572.0,754.19,0.78,6615.2699999999995,1.5,True,0.8477257745550428,0.29323094867807153,0.78,2.180379037574159,1.5,False,0.2485794330916282
足立区|南花畑3丁目,足立区,南花畑三丁目,3483.0,258735.98234613484,2356,1636.0,357.21,2.24,5807.99,0.23,True,0.6943972835314092,0.21834352078239608,2.24,2.465191001697793,0.23,False,0.15161714770797963
足立区|南花畑4丁目,足立区,南花畑四丁目,3042.0,274407.4999311579,2562,2225.0,1116.2,1.22,6286.96,1.65,True,0.8684621389539422,0.5016629213483146,1.22,2.453926619828259,1.65,False,0.43567525370804056
足立区|南花畑5丁目,足立区,南花畑五丁目,2590.0,238257.61420114606,2282,1831.0,486.36,0.89,6247.28,2.08,True,0.8023663453111306,0.2656253413435281,0.89,2.737633654688869,2.08,False,0.21312883435582822
足立区|宮城1丁目,足立区,宮城一丁目,3537.0,329377.2996866102,2893,2382.0,851.69,1.15,4255.96,0.41,True,0.8233667473211199,0.35755247691015957,1.15,1.4711234013135155,0.41,False,0.2943968199101279
足立区|宮城2丁目,足立区,宮城二丁目,454.0,2046861.742756995,2131,700.0,226.89,1.61,7102.61,0.0,True,0.328484279680901,0.32412857142857143,1.61,3.332993899577663,0.0,False,0.10647114030971375
足立区|六木1丁目,足立区,六木一丁目,3014.0,198771.85117506312,1844,1772.0,784.21,1.18,1581.62,0.12,True,0.9609544468546638,0.4425564334085779,1.18,0.8577114967462038,0.12,False,0.42527657266811286
足立区|六木2丁目,足立区,六木二丁目,1132.0,144668.53901300975,1046,692.0,207.08,2.49,1378.83,-0.4,True,0.6615678776290631,0.29924855491329483,2.49,1.318193116634799,-0.4,False,0.1979732313575526
足立区|六木3丁目,足立区,六木三丁目,3086.0,331982.0556003702,2809,2724.0,1810.08,2.49,4121.64,-0.47,True,0.9697401210395158,0.6644933920704845,2.49,1.4672979708081169,-0.47,False,0.64438590245639
足立区|六木4丁目,足立区,六木四丁目,1628.0,124928.08926065947,1130,1099.0,877.55,1.67,1470.14,0.4,True,0.9725663716814159,0.7984986351228389,1.67,1.3010088495575223,0.4,False,0.7765929203539823
足立区|本木1丁目,足立区,本木一丁目,1655.0,150237.79676689312,1333,947.0,132.12,0.72,1424.8,0.17,True,0.7104276069017255,0.1395142555438226,0.72,1.068867216804201,0.17,False,0.09911477869467368
足立区|本木2丁目,足立区,本木二丁目,2197.0,145809.3015997298,1403,1254.0,318.74,0.68,1651.38,0.53,True,0.8937990021382751,0.2541786283891547,0.68,1.1770349251603707,0.53,False,0.22718460441910193
足立区|本木北町,足立区,本木北町,1472.0,90415.4762524048,862,496.0,64.53,0.48,1517.95,0.88,True,0.5754060324825986,0.1301008064516129,0.48,1.7609628770301624,0.88,False,0.07486078886310904
足立区|本木西町,足立区,本木西町,1069.0,111588.61612584158,1024,1006.0,467.21,0.91,955.01,0.39,True,0.982421875,0.46442345924453277,0.91,0.932626953125,0.39,False,0.456259765625
足立区|本木東町,足立区,本木東町,1624.0,103316.26309700168,987,652.0,66.1,0.4,1613.42,0.87,True,0.6605876393110436,0.1013803680981595,0.4,1.6346707193515704,0.87,False,0.06697061803444782
足立区|本木南町,足立区,本木南町,1715.0,121631.84128867036,1136,956.0,272.27,0.82,1264.41,0.43,True,0.8415492957746479,0.2848012552301255,0.82,1.113036971830986,0.43,False,0.23967429577464788
足立区|谷在家1丁目,足立区,谷在家一丁目,1940.0,119835.7000883645,1142,748.0,115.61,0.45,3372.19,2.29,True,0.6549912434325744,0.15455882352941178,0.45,2.9528809106830125,2.29,False,0.10123467600700525
足立区|谷在家2丁目,足立区,谷在家二丁目,1694.0,145035.17204510263,1386,932.0,256.79,1.04,3548.14,1.39,True,0.6724386724386724,0.2755257510729614,1.04,2.55998556998557,1.39,False,0.18527417027417029
足立区|谷在家3丁目,足立区,谷在家三丁目,2338.0,192934.03068211128,1848,1249.0,286.99,0.66,5424.92,2.35,True,0.6758658008658008,0.22977582065652521,0.66,2.9355627705627705,2.35,False,0.15529761904761905
足立区|谷中1丁目,足立区,谷中一丁目,3798.0,174626.82438985046,1672,1540.0,687.84,0.95,-282.35,-0.7,True,0.9210526315789473,0.4466493506493507,0.95,-0.1688696172248804,-0.7,True,0.41138755980861247
足立区|谷中2丁目,足立区,谷中二丁目,1781.0,170811.84372591574,1595,1262.0,351.7,0.8,350.56,-0.6,True,0.7912225705329153,0.27868462757527734,0.8,0.21978683385579936,-0.6,False,0.22050156739811913
足立区|谷中3丁目,足立区,谷中三丁目,2184.0,115494.86323931516,1093,777.0,163.97,0.56,645.12,-0.05,True,0.7108874656907593,0.21102960102960103,0.56,0.5902287282708143,-0.05,False,0.15001829826166513
足立区|谷中4丁目,足立区,谷中四丁目,1977.0,261729.97673035527,2506,1147.0,323.57,1.8,3992.75,-0.38,True,0.45770151636073425,0.282101133391456,1.8,1.5932761372705506,-0.38,False,0.12911811652035116
足立区|谷中5丁目,足立区,谷中五丁目,1747.0,93032.51273639368,895,609.0,167.2,2.71,822.99,-1.9,True,0.6804469273743017,0.2745484400656814,2.71,0.9195418994413408,-1.9,False,0.18681564245810053
足立区|柳原1丁目,足立区,柳原一丁目,2636.0,138957.6936516652,1326,1236.0,1015.08,1.37,216.98,0.0,True,0.9321266968325792,0.8212621359223301,1.37,0.16363499245852187,0.0,False,0.7655203619909503
足立区|柳原2丁目,足立区,柳原二丁目,2639.0,122130.34896299453,1171,1150.0,913.92,1.31,12.25,0.0,True,0.982066609735269,0.7947130434782609,1.31,0.010461144321093083,0.0,False,0.7804611443210931
足立区|六月1丁目,足立区,六月一丁目,2967.0,203380.9873268443,1935,1426.0,262.31,0.69,5441.82,2.22,True,0.7369509043927649,0.18394810659186536,0.69,2.81231007751938,2.22,False,0.1355607235142119
足立区|六月2丁目,足立区,六月二丁目,3371.0,170806.76230540275,1642,970.0,110.23,0.56,4554.59,1.89,True,0.5907429963459196,0.11363917525773197,0.56,2.7738063337393424,1.89,False,0.06713154689403168
足立区|六月3丁目,足立区,六月三丁目,1895.0,109441.76537792134,1049,855.0,221.65,0.67,2604.18,1.8,True,0.8150619637750238,0.2592397660818713,0.67,2.4825357483317445,1.8,False,0.21129647283126785
足立区|六町1丁目,足立区,六町一丁目,2792.0,167302.9074029524,1550,1274.0,376.13,1.6,2167.67,-0.15,True,0.8219354838709677,0.29523547880690737,1.6,1.3984967741935483,-0.15,False,0.24266451612903225
足立区|六町2丁目,足立区,六町二丁目,1275.0,103926.23346811859,994,677.0,205.53,0.87,1497.99,0.83,True,0.6810865191146881,0.303589364844904,0.87,1.5070321931589536,0.83,False,0.20677062374245472
足立区|六町3丁目,足立区,六町三丁目,2131.0,135674.03884820166,1300,1149.0,291.49,1.72,2142.1,0.1,True,0.8838461538461538,0.25369016536118366,1.72,1.6477692307692307,0.1,False,0.22422307692307694
足立区|六町4丁目,足立区,六町四丁目,1232.0,133053.63464063153,1243,985.0,311.23,1.01,1980.37,0.87,True,0.7924376508447305,0.31596954314720815,1.01,1.5932180209171358,0.87,False,0.25038616251005635
葛飾区|青戸1丁目,葛飾区,青戸１丁目,1674.0,120480.94023313241,978,859.0,306.91,0.76,205.17,-0.4,True,0.878323108384458,0.3572875436554133,0.76,0.20978527607361963,-0.4,False,0.31381390593047037
葛飾区|青戸2丁目,葛飾区,青戸２丁目,1525.0,166417.82099230535,935,552.0,91.77,0.53,1628.1,0.18,True,0.5903743315508021,0.16624999999999998,0.53,1.741283422459893,0.18,False,0.09814973262032084
葛飾区|青戸3丁目,葛飾区,青戸３丁目,5663.0,236872.26169198702,2268,1756.0,409.55,0.68,965.52,-0.08,True,0.7742504409171076,0.23322892938496584,0.68,0.4257142857142857,-0.08,False,0.18057760141093476
葛飾区|青戸4丁目,葛飾区,青戸４丁目,3876.0,200918.515732188,1917,1717.0,557.83,0.74,681.0,-1.63,True,0.8956703182055294,0.32488642981945254,0.74,0.35524256651017216,-1.63,False,0.29099113197704746
葛飾区|青戸5丁目,葛飾区,青戸５丁目,3217.0,160822.8336508221,1546,1472.0,477.63,0.87,611.2,-0.18,True,0.9521345407503234,0.32447690217391306,0.87,0.39534282018111255,-0.18,False,0.30894566623544634
葛飾区|青戸6丁目,葛飾区,青戸６丁目,3705.0,268294.23144598963,2237,1533.0,265.67,1.24,3035.59,0.15,True,0.6852928028609745,0.1733007175472929,1.24,1.3569915064818954,0.15,False,0.11876173446580242
葛飾区|青戸7丁目,葛飾区,青戸７丁目,6345.0,297433.77862119355,2453,1604.0,240.67000000000002,0.71,2642.78,-0.08,True,0.6538931920097839,0.15004364089775563,0.71,1.07736649001223,-0.08,False,0.09811251528740318
葛飾区|青戸8丁目,葛飾区,青戸８丁目,2782.0,222266.61596576925,1975,1470.0,272.2,0.51,860.33,-0.38,True,0.7443037974683544,0.18517006802721087,0.51,0.4356101265822785,-0.38,False,0.13782278481012655
葛飾区|奥戸1丁目,葛飾区,奥戸１丁目,2004.0,276566.7918806257,1906,1742.0,1614.31,2.27,-157.07,-1.04,True,0.9139559286463799,0.926699196326062,2.27,-0.08240818467995803,-1.04,True,0.8469622245540399
葛飾区|奥戸2丁目,葛飾区,奥戸２丁目,4760.0,426557.0692081335,3001,2524.0,2266.33,2.42,623.57,-1.26,True,0.8410529823392202,0.8979120443740095,2.42,0.20778740419860048,-1.26,False,0.7551916027990669
葛飾区|奥戸3丁目,葛飾区,奥戸３丁目,3035.0,215355.83937267112,2064,2064.0,2641.71,1.89,-1290.74,-1.24,True,1.0,1.2798982558139536,1.89,-0.625358527131783,-1.24,True,1.2798982558139536
葛飾区|奥戸4丁目,葛飾区,奥戸４丁目,2434.0,249469.9509155501,2387,2238.0,2214.85,2.27,-370.11,-0.95,True,0.9375785504817763,0.9896559428060768,2.27,-0.15505236698785085,-0.95,True,0.9278801843317972
葛飾区|奥戸5丁目,葛飾区,奥戸５丁目,1964.0,149677.35177228946,1431,1412.0,737.2,1.45,496.5,-0.8,True,0.986722571628232,0.5220963172804532,1.45,0.3469601677148847,-0.8,False,0.5151642208245981
葛飾区|奥戸6丁目,葛飾区,奥戸６丁目,1911.0,177813.58712157985,1578,1526.0,1611.94,2.81,1080.18,-0.84,True,0.9670468948035488,1.0563171690694626,2.81,0.6845247148288974,-0.84,False,1.021508238276299
葛飾区|奥戸7丁目,葛飾区,奥戸７丁目,1702.0,193209.09887157736,1471,1191.0,1371.26,3.53,1344.47,-0.56,True,0.8096532970768185,1.1513518052057095,3.53,0.9139836845683209,-0.56,False,0.9321957851801496
葛飾区|奥戸8丁目,葛飾区,奥戸８丁目,1516.0,201291.81986470564,1606,1537.0,1717.5,2.89,1754.89,0.12,True,0.9570361145703612,1.1174365647364997,2.89,1.092708592777086,0.12,False,1.0694271481942714
葛飾区|奥戸9丁目,葛飾区,奥戸９丁目,1417.0,176923.8977826314,1129,1068.0,1948.42,4.57,1544.36,-1.45,True,0.9459698848538529,1.82436329588015,4.57,1.3679007971656332,-1.45,False,1.725792736935341
葛飾区|お花茶屋1丁目,葛飾区,お花茶屋１丁目,2085.0,115978.12439609713,1115,1110.0,866.13,1.19,-955.04,-1.3,True,0.9955156950672646,0.7802972972972972,1.19,-0.8565381165919282,-1.3,True,0.7767982062780269
葛飾区|お花茶屋2丁目,葛飾区,お花茶屋２丁目,1655.0,91559.37039717904,875,848.0,516.52,1.0,-562.18,-1.1,True,0.9691428571428572,0.6091037735849056,1.0,-0.6424914285714285,-1.1,True,0.5903085714285714
葛飾区|お花茶屋3丁目,葛飾区,お花茶屋３丁目,2966.0,139370.78521028,1334,1309.0,805.12,0.97,-740.63,-1.0,True,0.9812593703148426,0.6150649350649351,0.97,-0.5551949025487256,-1.0,True,0.6035382308845577
葛飾区|金町1丁目,葛飾区,金町１丁目,2861.0,136556.62596839323,1306,1286.0,1018.1,1.58,1566.44,0.45,True,0.9846860643185299,0.7916796267496112,1.58,1.1994180704441042,0.45,False,0.7795558958652374
葛飾区|金町2丁目,葛飾区,金町２丁目,3083.0,180028.54950598296,1717,1305.0,347.26,1.07,3207.33,1.13,True,0.7600465928945835,0.2660996168582375,1.07,1.8679848573092603,1.13,False,0.20224810716365751
葛飾区|金町3丁目,葛飾区,金町３丁目,4095.0,310334.46228221094,2384,1595.0,212.1,0.71,6169.38,1.78,True,0.6690436241610739,0.1329780564263323,0.71,2.5878271812080538,1.78,False,0.08896812080536913
葛飾区|金町4丁目,葛飾区,金町４丁目,2736.0,161674.4743739479,1549,1497.0,2317.14,3.37,950.29,-1.35,True,0.9664299548095545,1.5478557114228455,3.37,0.6134861200774693,-1.35,False,1.4958941252420914
葛飾区|金町5丁目,葛飾区,金町５丁目,2913.0,162802.552090283,1557,1336.0,607.56,1.38,2546.07,0.68,True,0.8580603725112396,0.45476047904191613,1.38,1.6352408477842004,0.68,False,0.3902119460500963
葛飾区|金町6丁目,葛飾区,金町６丁目,3087.0,132320.94782472594,1267,507.0,105.73,2.19,4490.83,1.25,True,0.40015785319652725,0.2085404339250493,2.19,3.544459352801894,1.25,False,0.08344909234411997
葛飾区|金町浄水場,葛飾区,金町浄水場,0.0,387533.88283298124,2631,178.0,22.95,0.46,12057.33,-1.63,True,0.0676548840744964,0.12893258426966292,0.46,4.582793614595211,-1.63,False,0.008722919042189282
葛飾区|鎌倉1丁目,葛飾区,鎌倉１丁目,3012.0,173660.15021384606,1665,1504.0,845.86,1.65,2659.09,0.48,True,0.9033033033033033,0.562406914893617,1.65,1.5970510510510512,0.48,False,0.508024024024024
葛飾区|鎌倉2丁目,葛飾区,鎌倉２丁目,2804.0,159669.28336289575,1524,1490.0,1292.25,1.52,1914.29,0.6,True,0.9776902887139107,0.8672818791946308,1.52,1.2560958005249343,0.6,False,0.8479330708661417
葛飾区|鎌倉3丁目,葛飾区,鎌倉３丁目,4710.0,254729.7998407527,2431,2061.0,612.11,1.18,4845.89,0.95,True,0.8477992595639654,0.29699660359049007,1.18,1.9933730974907446,0.95,False,0.25179350061703004
葛飾区|鎌倉4丁目,葛飾区,鎌倉４丁目,3005.0,156642.7175267252,1501,1338.0,528.18,0.75,2978.99,1.52,True,0.8914057295136576,0.3947533632286995,0.75,1.984670219853431,1.52,False,0.3518854097268488
葛飾区|亀有1丁目,葛飾区,亀有１丁目,4283.0,257673.90937494897,2437,2071.0,694.75,1.14,-247.19,-0.65,True,0.8498153467377924,0.33546595847416705,1.14,-0.10143208863356586,-0.65,True,0.28508411981945014
葛飾区|亀有2丁目,葛飾区,亀有２丁目,6017.0,317849.30537435313,2791,2336.0,680.9,0.69,344.37,-0.57,True,0.8369759942672877,0.29148116438356164,0.69,0.1233858831959871,-0.57,False,0.24396273737011825
葛飾区|亀有3丁目,葛飾区,亀有３丁目,7615.0,323363.82124007464,2993,1806.0,254.68,1.09,2194.58,-0.32,True,0.6034079518877381,0.14101882613510522,1.09,0.7332375542933511,-0.32,False,0.08509188105579688
葛飾区|亀有4丁目,葛飾区,亀有４丁目,4004.0,221205.3629629605,2102,1966.0,769.1,0.78,-395.09,-0.78,True,0.9352997145575642,0.3912004069175992,0.78,-0.18795908658420551,-0.78,True,0.3658896289248335
葛飾区|亀有5丁目,葛飾区,亀有５丁目,5355.0,251523.04670056415,2407,1646.0,474.89,1.83,831.7,-3.15,True,0.6838388034898214,0.28851154313487243,1.83,0.345533859576236,-3.15,False,0.19729538845035316
葛飾区|小菅1丁目,葛飾区,小菅１丁目,4916.0,672288.8113727624,4073,1793.0,2966.82,3.93,4862.93,-1.08,True,0.4402160569604714,1.6546681539319577,3.93,1.193943039528603,-1.08,False,0.7284114903019887
葛飾区|小菅2丁目,葛飾区,小菅２丁目,2861.0,198373.71797857396,1874,1670.0,704.6,0.98,-1218.92,-1.33,True,0.8911419423692636,0.42191616766467066,0.98,-0.6504375667022413,-1.33,True,0.3759871931696905
葛飾区|小菅3丁目,葛飾区,小菅３丁目,1977.0,213917.1334012074,1930,1077.0,346.03000000000003,1.08,4780.87,-1.25,True,0.5580310880829016,0.3212906220984216,1.08,2.477134715025907,-1.25,False,0.17929015544041454
葛飾区|小菅4丁目,葛飾区,小菅４丁目,2957.0,143952.6693356407,1333,792.0,125.05,0.83,18.72,-0.93,True,0.5941485371342836,0.15789141414141414,0.83,0.014043510877719429,-0.93,False,0.09381095273818456
葛飾区|柴又1丁目,葛飾区,柴又１丁目,4129.0,206799.05221005826,1978,1596.0,492.68,1.14,3854.2799999999997,0.97,True,0.8068756319514662,0.3086967418546366,1.14,1.9485743174924164,0.97,False,0.2490798786653185
葛飾区|柴又2丁目,葛飾区,柴又２丁目,2622.0,135369.55037807254,1295,984.0,212.82,0.74,2489.14,1.23,True,0.7598455598455598,0.21628048780487805,0.74,1.92211583011583,1.23,False,0.16433976833976832
葛飾区|柴又3丁目,葛飾区,柴又３丁目,3971.0,221893.1245645975,2117,1559.0,274.16,0.63,4751.6,1.65,True,0.7364194615021257,0.17585631815266198,0.63,2.2444969296173833,1.65,False,0.12950401511572981
葛飾区|柴又4丁目,葛飾区,柴又４丁目,3946.0,243468.17373778476,2328,2080.0,604.53,0.81,4813.61,1.3,True,0.8934707903780069,0.2906394230769231,0.81,2.067701890034364,1.3,False,0.2596778350515464
葛飾区|柴又5丁目,葛飾区,柴又５丁目,3605.0,411097.95864579384,2328,1924.0,527.27,0.68,5566.48,1.67,True,0.8264604810996563,0.2740488565488565,0.68,2.391099656357388,1.67,False,0.22649054982817865
葛飾区|柴又6丁目,葛飾区,柴又６丁目,3079.0,282820.8034322438,1763,1518.0,394.32,0.67,4460.83,1.7,True,0.8610323312535451,0.25976284584980236,0.67,2.530249574588769,1.7,False,0.2236642087351106
葛飾区|柴又7丁目,葛飾区,柴又７丁目,1559.0,241230.26133652494,1383,931.0,166.93,0.64,3863.9,2.0,True,0.673174258857556,0.17930182599355532,0.64,2.7938539407086047,2.0,False,0.12070137382501807
葛飾区|白鳥1丁目,葛飾区,白鳥１丁目,1491.0,94572.7402969461,906,685.0,142.62,0.81,-79.62,-0.92,True,0.7560706401766004,0.2082043795620438,0.81,-0.08788079470198676,-0.92,True,0.15741721854304636
葛飾区|白鳥2丁目,葛飾区,白鳥２丁目,3785.0,170013.85642716632,1626,1313.0,284.25,0.85,42.46,-0.95,True,0.8075030750307504,0.2164889565879665,0.85,0.026113161131611315,-0.95,False,0.17481549815498157
葛飾区|白鳥3丁目,葛飾区,白鳥３丁目,3281.0,187104.27107380787,1789,1647.0,559.69,0.83,-405.98,-0.73,True,0.9206260480715484,0.33982392228293873,0.83,-0.22693124650642818,-0.73,True,0.31285075461151485
葛飾区|白鳥4丁目,葛飾区,白鳥４丁目,3932.0,189727.36137627653,1820,1582.0,368.09,0.71,100.99,-0.63,True,0.8692307692307693,0.23267383059418456,0.71,0.05548901098901099,-0.63,False,0.20224725274725275
葛飾区|新小岩1丁目,葛飾区,新小岩１丁目,4070.0,274573.80655548006,1971,1740.0,2662.22,4.53,-937.82,-3.41,True,0.882800608828006,1.5300114942528735,4.53,-0.4758092338914257,-3.41,True,1.350695078640284
葛飾区|新小岩2丁目,葛飾区,新小岩２丁目,4990.0,149419.7800323807,1426,1422.0,1305.82,3.05,-1540.35,-3.07,True,0.9971949509116409,0.9182981715893108,3.05,-1.0801893408134642,-3.07,True,0.9157223001402524
葛飾区|新小岩3丁目,葛飾区,新小岩３丁目,4040.0,189487.32807108512,1808,1806.0,1405.84,1.4,-1882.07,-1.74,True,0.9988938053097345,0.7784274640088593,1.4,-1.0409679203539823,-1.74,True,0.7775663716814158
葛飾区|新小岩4丁目,葛飾区,新小岩４丁目,3977.0,190108.44695721898,1809,1790.0,1614.11,1.9,-1663.84,-1.45,True,0.9894969596462134,0.9017374301675977,1.9,-0.9197567716970702,-1.45,True,0.8922664455500275
葛飾区|高砂1丁目,葛飾区,高砂１丁目,2862.0,350176.96590671723,2101,1529.0,3877.19,5.18,4306.51,-0.3,True,0.7277486910994765,2.5357684761281885,5.18,2.0497429795335558,-0.3,False,1.8454021894336032
葛飾区|高砂2丁目,葛飾区,高砂２丁目,2887.0,264597.7554813702,2036,1900.0,1985.22,2.37,2920.98,0.5,True,0.9332023575638507,1.0448526315789475,2.37,1.4346660117878192,0.5,False,0.9750589390962673
葛飾区|高砂3丁目,葛飾区,高砂３丁目,4032.0,199550.15825805572,1915,1915.0,2111.77,1.69,2005.37,0.43,True,1.0,1.102751958224543,1.69,1.0471906005221931,0.43,False,1.102751958224543
葛飾区|高砂4丁目,葛飾区,高砂４丁目,1736.0,148969.2963176757,1420,1420.0,1360.22,1.58,1667.04,0.55,True,1.0,0.9579014084507043,1.58,1.1739718309859155,0.55,False,0.9579014084507043
葛飾区|高砂5丁目,葛飾区,高砂５丁目,2509.0,250055.61153494575,2268,2159.0,2181.76,1.63,2700.84,0.48,True,0.9519400352733686,1.0105419175544235,1.63,1.1908465608465608,0.48,False,0.9619753086419753
葛飾区|高砂6丁目,葛飾区,高砂６丁目,1673.0,152552.9792605085,1009,708.0,222.31,1.38,1953.88,0.7,True,0.7016848364717542,0.3139971751412429,1.38,1.9364519326065412,0.7,False,0.2203270564915758
葛飾区|高砂7丁目,葛飾区,高砂７丁目,3068.0,205275.07871137018,1962,1906.0,1431.86,1.47,2589.82,0.58,True,0.9714576962283384,0.7512381951731374,1.47,1.3199898063200817,0.58,False,0.7297961264016309
葛飾区|高砂8丁目,葛飾区,高砂８丁目,2205.0,119346.91859332773,1145,1135.0,1285.89,1.87,1084.09,0.2,True,0.9912663755458515,1.132942731277533,1.87,0.9468034934497815,0.2,False,1.1230480349344978
葛飾区|宝町1丁目,葛飾区,宝町１丁目,3221.0,171568.9851365397,1632,1202.0,254.01,1.1,-358.25,-1.13,True,0.7365196078431373,0.21132279534109816,1.1,-0.21951593137254902,-1.13,True,0.15564338235294117
葛飾区|宝町2丁目,葛飾区,宝町２丁目,4413.0,245853.70057662242,2350,2169.0,1011.15,1.14,-1243.4,-1.25,True,0.9229787234042554,0.4661825726141079,1.14,-0.5291063829787235,-1.25,True,0.43027659574468086
葛飾区|立石1丁目,葛飾区,立石１丁目,1891.0,102135.92666924071,972,951.0,500.63,1.1,-664.79,-1.45,True,0.9783950617283951,0.5264248159831756,1.1,-0.683940329218107,-1.45,True,0.5150514403292181
葛飾区|立石2丁目,葛飾区,立石２丁目,3257.0,165234.99117735878,1583,1512.0,986.46,1.05,-1340.56,-1.35,True,0.9551484523057486,0.652420634920635,1.05,-0.8468477574226152,-1.35,True,0.6231585596967784
葛飾区|立石3丁目,葛飾区,立石３丁目,2366.0,143610.83780340894,1374,1333.0,822.2,1.02,-1135.3,-1.33,True,0.970160116448326,0.6168042010502626,1.02,-0.82627365356623,-1.33,True,0.5983988355167394
葛飾区|立石4丁目,葛飾区,立石４丁目,2402.0,122703.41284810785,1172,1095.0,332.89,1.12,-456.43,-1.35,True,0.9343003412969283,0.3040091324200913,1.12,-0.3894453924914676,-1.35,True,0.28403583617747435
葛飾区|立石5丁目,葛飾区,立石５丁目,3036.0,184884.1596837424,1767,1167.0,258.33,0.91,-30.99,-1.23,True,0.6604414261460102,0.22136246786632388,0.91,-0.017538200339558573,-1.23,True,0.1461969439728353
葛飾区|立石6丁目,葛飾区,立石６丁目,3484.0,208489.31095326232,1991,1770.0,461.47,0.67,308.41,-0.35,True,0.8890005022601708,0.2607175141242938,0.67,0.15490205926670017,-0.35,False,0.23177800100452034
葛飾区|立石7丁目,葛飾区,立石７丁目,1696.0,122512.86357497239,1173,973.0,198.15,0.64,103.81,-0.45,True,0.8294970161977835,0.20364850976361767,0.64,0.0884995737425405,-0.45,False,0.16892583120204605
葛飾区|立石8丁目,葛飾区,立石８丁目,5019.0,321510.1916243164,2566,2083.0,604.48,0.68,931.52,-0.37,True,0.8117692907248636,0.2901968314930389,0.68,0.3630241621200312,-0.37,False,0.23557287607170693
葛飾区|新宿1丁目,葛飾区,新宿１丁目,2633.0,180887.24919841305,1429,1401.0,1162.03,1.49,1761.49,0.48,True,0.980405878236529,0.8294289793004996,1.49,1.2326731980405878,0.48,False,0.8131770468859342
葛飾区|新宿2丁目,葛飾区,新宿２丁目,1845.0,221400.39063064265,1634,1517.0,1757.5,3.14,1765.7,-0.58,True,0.9283965728274174,1.1585365853658536,3.14,1.0805997552019584,-0.58,False,1.0755813953488371
葛飾区|新宿3丁目,葛飾区,新宿３丁目,2461.0,248110.53920432218,2377,2300.0,1614.84,1.62,3101.64,0.35,True,0.9676062263357172,0.7021043478260869,1.62,1.3048548590660496,0.35,False,0.6793605384938998
葛飾区|新宿4丁目,葛飾区,新宿４丁目,2044.0,146462.00408647806,1400,1400.0,1955.8,2.15,825.18,-0.18,True,1.0,1.397,2.15,0.5894142857142857,-0.18,False,1.397
葛飾区|新宿5丁目,葛飾区,新宿５丁目,2112.0,179916.50797024558,1508,1446.0,2171.91,5.87,1142.49,-3.9,True,0.9588859416445623,1.50201244813278,5.87,0.7576193633952255,-3.9,False,1.440258620689655
葛飾区|新宿6丁目,葛飾区,新宿６丁目,6377.0,420826.09304174373,3604,3084.0,3923.45,4.67,5842.86,-2.08,True,0.855715871254162,1.2721952010376134,4.67,1.6212153163152052,-2.08,False,1.0886376248612653
葛飾区|西亀有1丁目,葛飾区,西亀有１丁目,3254.0,235962.04810395555,2246,1981.0,759.0,0.92,-494.72,-0.92,True,0.8820124666073018,0.3831398283695103,0.92,-0.22026714158504007,-0.92,True,0.33793410507569005
葛飾区|西亀有2丁目,葛飾区,西亀有２丁目,5189.0,275620.27364348026,2642,2067.0,511.3,0.65,-207.46,-0.7,True,0.7823618470855412,0.24736332849540396,0.65,-0.07852384557153672,-0.7,True,0.19352763058289174
葛飾区|西亀有3丁目,葛飾区,西亀有３丁目,4387.0,239651.70551046226,2287,1913.0,526.01,0.92,-140.03,-0.78,True,0.8364669873196328,0.27496602195504444,0.92,-0.061228683865325755,-0.78,True,0.23
葛飾区|西亀有4丁目,葛飾区,西亀有４丁目,2563.0,137990.23966166456,1321,999.0,269.94,0.79,63.9,-0.57,True,0.7562452687358062,0.2702102102102102,0.79,0.04837244511733535,-0.57,False,0.2043451930355791
葛飾区|西新小岩1丁目,葛飾区,西新小岩１丁目,2487.0,201984.9241656675,1250,1193.0,1749.91,5.79,282.36,-3.7,True,0.9544,1.4668147527242248,5.79,0.225888,-3.7,False,1.3999280000000003
葛飾区|西新小岩2丁目,葛飾区,西新小岩２丁目,1094.0,239515.94226211886,970,869.0,1388.08,4.39,299.51,-1.45,True,0.8958762886597939,1.5973302646720366,4.39,0.30877319587628865,-1.45,False,1.4310103092783504
葛飾区|西新小岩3丁目,葛飾区,西新小岩３丁目,3651.0,520211.6828142921,2276,2148.0,4543.94,4.96,-1145.44,-1.73,True,0.9437609841827768,2.115428305400372,4.96,-0.5032688927943761,-1.73,True,1.996458699472759
葛飾区|西新小岩4丁目,葛飾区,西新小岩４丁目,5812.0,267675.862083076,2554,2553.0,4433.12,3.66,-2408.26,-2.85,True,0.9996084573218481,1.7364355660007833,3.66,-0.9429365700861395,-2.85,True,1.7357556773688332
葛飾区|西新小岩5丁目,葛飾区,西新小岩５丁目,3503.0,287407.260010954,2258,2097.0,3682.8,2.74,-1363.65,-1.44,True,0.9286979627989371,1.7562231759656652,2.74,-0.6039193976970771,-1.44,True,1.6310008857395926
葛飾区|西水元1丁目,葛飾区,西水元１丁目,2068.0,259526.58786631768,1898,1810.0,2705.61,2.89,2414.13,0.37,True,0.9536354056902002,1.4948121546961326,2.89,1.2719336143308746,0.37,False,1.4255057955742887
葛飾区|西水元2丁目,葛飾区,西水元２丁目,2508.0,239747.399124724,1752,1732.0,2796.38,2.85,1923.2,0.38,True,0.9885844748858448,1.614538106235566,2.85,1.097716894977169,0.38,False,1.5961073059360733
葛飾区|西水元3丁目,葛飾区,西水元３丁目,2960.0,361463.7320196493,3037,3007.0,4759.12,2.58,3516.14,0.2,True,0.9901218307540336,1.582680412371134,2.58,1.1577675337504116,0.2,False,1.567046427395456
葛飾区|西水元4丁目,葛飾区,西水元４丁目,1584.0,214980.01534701016,1497,1405.0,1309.56,2.2,2821.88,0.57,True,0.9385437541750167,0.9320711743772242,2.2,1.8850233800935206,0.57,False,0.8747895791583166
葛飾区|西水元5丁目,葛飾区,西水元５丁目,1544.0,114460.45772663606,1098,1098.0,1680.37,3.09,1366.12,0.73,True,1.0,1.530391621129326,3.09,1.2441894353369762,0.73,False,1.530391621129326
葛飾区|西水元6丁目,葛飾区,西水元６丁目,1576.0,216994.716508254,1510,1263.0,1589.47,2.73,2630.06,0.25,True,0.8364238410596027,1.2584877276326207,2.73,1.7417615894039735,0.25,False,1.0526291390728477
葛飾区|東金町1丁目,葛飾区,東金町１丁目,5738.0,215553.79495472118,2062,1842.0,1434.8,3.22,4011.41,-0.63,True,0.8933074684772065,0.7789359391965255,3.22,1.9453976721629485,-0.63,False,0.6958292919495634
葛飾区|東金町2丁目,葛飾区,東金町２丁目,3517.0,188750.27469114715,1802,1802.0,1632.19,1.74,3004.99,0.83,True,1.0,0.9057658157602664,1.74,1.6675860155382907,0.83,False,0.9057658157602664
葛飾区|東金町3丁目,葛飾区,東金町３丁目,3062.0,162984.53708233222,1563,1420.0,569.87,1.11,3481.75,1.45,True,0.90850927703135,0.4013169014084507,1.11,2.227607165706974,1.45,False,0.3646001279590531
葛飾区|東金町4丁目,葛飾区,東金町４丁目,2944.0,202420.13194508658,1936,1744.0,800.8199999999999,1.63,4260.47,0.93,True,0.9008264462809917,0.4591857798165137,1.63,2.2006559917355375,0.93,False,0.413646694214876
葛飾区|東金町5丁目,葛飾区,東金町５丁目,3851.0,330706.5822663147,3123,2233.0,1090.8,1.4,7499.83,1.15,True,0.7150176112712135,0.48849081952530227,1.4,2.401482548831252,1.15,False,0.3492795389048991
葛飾区|東金町6丁目,葛飾区,東金町６丁目,2507.0,206925.71316181237,1370,617.0,96.39,0.54,4743.21,2.03,True,0.45036496350364963,0.15622366288492706,0.54,3.462197080291971,2.03,False,0.07035766423357664
葛飾区|東金町7丁目,葛飾区,東金町７丁目,1903.0,416423.56860201753,1793,578.0,88.61,0.5,5677.110000000001,0.98,True,0.3223647518126046,0.1533044982698962,0.5,3.1662632459564977,0.98,False,0.04941996653653096
葛飾区|東金町8丁目,葛飾区,東金町８丁目,940.0,617766.4191773076,3178,158.0,10.58,0.21,11203.21,0.75,True,0.04971680302076778,0.0669620253164557,0.21,3.5252391441157958,0.75,False,0.0033291378225298934
葛飾区|東新小岩1丁目,葛飾区,東新小岩１丁目,3920.0,223812.1558257188,2147,1728.0,1333.69,5.53,318.12,-3.61,True,0.8048439683278994,0.7718113425925927,5.53,0.1481695388914765,-3.61,False,0.6211877037727062
葛飾区|東新小岩2丁目,葛飾区,東新小岩２丁目,4042.0,193075.68386803972,1854,1738.0,1624.99,3.24,-511.47,-2.65,True,0.9374325782092773,0.9349769850402762,3.24,-0.275873786407767,-2.65,True,0.876477885652643
葛飾区|東新小岩3丁目,葛飾区,東新小岩３丁目,3178.0,105255.71846010286,1003,1003.0,1063.57,1.87,-382.98,-1.17,True,1.0,1.0603888334995015,1.87,-0.38183449651046864,-1.17,True,1.0603888334995015
葛飾区|東新小岩4丁目,葛飾区,東新小岩４丁目,2339.0,168315.5736513457,1610,1607.0,1819.53,1.61,-798.01,-0.99,True,0.9981366459627329,1.1322526446795271,1.61,-0.4956583850931677,-0.99,True,1.1301428571428571
葛飾区|東新小岩5丁目,葛飾区,東新小岩５丁目,3359.0,138596.6388737319,1329,1329.0,1884.72,1.91,-952.05,-1.2,True,1.0,1.4181489841986457,1.91,-0.7163656884875846,-1.2,True,1.4181489841986457
葛飾区|東新小岩6丁目,葛飾区,東新小岩６丁目,3117.0,147900.76423275025,1411,1411.0,1577.43,1.58,-649.07,-0.93,True,1.0,1.1179518072289156,1.58,-0.46000708717221833,-0.93,True,1.1179518072289156
葛飾区|東新小岩7丁目,葛飾区,東新小岩７丁目,3430.0,171718.6329976144,1643,1643.0,1996.55,1.88,-836.49,-1.13,True,1.0,1.2151856360316493,1.88,-0.5091235544735241,-1.13,True,1.2151856360316493
葛飾区|東新小岩8丁目,葛飾区,東新小岩８丁目,3664.0,202389.48173632447,1834,1805.0,2225.6,1.9,-910.99,-1.14,True,0.9841875681570338,1.2330193905817175,1.9,-0.49672300981461287,-1.14,True,1.2135223555070884
葛飾区|東立石1丁目,葛飾区,東立石１丁目,2265.0,185975.03470405377,1539,1383.0,701.09,1.16,-967.58,-1.55,True,0.898635477582846,0.5069342010122921,1.16,-0.6287069525666017,-1.55,True,0.45554905782975963
葛飾区|東立石2丁目,葛飾区,東立石２丁目,2113.0,139142.48414391078,1335,1296.0,863.47,1.43,-1244.45,-1.77,True,0.9707865168539326,0.6662577160493828,1.43,-0.9321722846441948,-1.77,True,0.6467940074906368
葛飾区|東立石3丁目,葛飾区,東立石３丁目,2562.0,146460.19106409786,1399,1377.0,1078.61,1.3,-1485.01,-1.65,True,0.9842744817726948,0.7833042846768337,1.3,-1.061479628305933,-1.65,True,0.7709864188706219
葛飾区|東立石4丁目,葛飾区,東立石４丁目,4574.0,280763.4259884794,2175,1525.0,274.95,0.46,697.37,-0.77,True,0.7011494252873564,0.1802950819672131,0.46,0.32062988505747125,-0.77,False,0.12641379310344827
葛飾区|東堀切1丁目,葛飾区,東堀切１丁目,2514.0,125277.77721336002,1197,1178.0,538.78,1.01,-683.25,-1.2,True,0.9841269841269841,0.45736842105263154,1.01,-0.5708020050125313,-1.2,True,0.4501086048454469
葛飾区|東堀切2丁目,葛飾区,東堀切２丁目,3727.0,169676.40261048902,1624,1398.0,359.79,0.9,-396.96,-0.93,True,0.8608374384236454,0.25736051502145924,0.9,-0.2444334975369458,-0.93,True,0.22154556650246307
葛飾区|東堀切3丁目,葛飾区,東堀切３丁目,2234.0,161799.62946038565,1544,1426.0,518.13,0.93,-492.0,-0.93,True,0.9235751295336787,0.36334502103786814,0.93,-0.31865284974093266,-0.93,True,0.3355764248704663
葛飾区|東水元1丁目,葛飾区,東水元１丁目,1877.0,109512.80795525713,1048,1027.0,618.6800000000001,1.28,2081.0299999999997,1.3,True,0.9799618320610687,0.602414800389484,1.28,1.9857156488549617,1.3,False,0.5903435114503818
葛飾区|東水元2丁目,葛飾区,東水元２丁目,2554.0,246739.48448453678,2179,1964.0,1242.7,1.37,4458.97,1.18,True,0.9013308857273978,0.6327393075356416,1.37,2.0463377696190914,1.18,False,0.5703074804956402
葛飾区|東水元3丁目,葛飾区,東水元３丁目,1258.0,140115.26973280378,1334,1303.0,1237.54,1.77,2264.39,1.08,True,0.9767616191904048,0.9497620874904067,1.77,1.6974437781109444,1.08,False,0.9276911544227886
葛飾区|東水元4丁目,葛飾区,東水元４丁目,1363.0,147465.89316287477,1414,1330.0,958.91,1.43,2773.27,1.18,True,0.9405940594059405,0.7209849624060151,1.43,1.9612942008486562,1.18,False,0.6781541725601131
葛飾区|東水元5丁目,葛飾区,東水元５丁目,2193.0,178669.1882632927,1713,1525.0,1144.51,1.6,3395.21,1.03,True,0.890251021599533,0.7504983606557377,1.6,1.982025685931115,1.03,False,0.6681319322825452
葛飾区|東水元6丁目,葛飾区,東水元６丁目,501.0,82755.87461268534,790,654.0,435.71,1.52,1808.53,1.1,True,0.8278481012658228,0.6662232415902141,1.52,2.289278481012658,1.1,False,0.5515316455696202
葛飾区|東四つ木1丁目,葛飾区,東四つ木１丁目,1992.0,414050.53686291305,1730,1197.0,327.54,0.77,-305.46,-1.23,True,0.6919075144508671,0.2736340852130326,0.77,-0.1765664739884393,-1.23,True,0.18932947976878617
葛飾区|東四つ木2丁目,葛飾区,東四つ木２丁目,4193.0,185828.02231676326,1586,1366.0,728.59,1.1,-1078.47,-1.37,True,0.8612862547288777,0.5333748169838946,1.1,-0.6799936948297605,-1.37,True,0.4593883984867591
葛飾区|東四つ木3丁目,葛飾区,東四つ木３丁目,3146.0,370617.6143717618,1614,1390.0,223.28,0.77,-147.5,-1.07,True,0.8612143742255266,0.16063309352517985,0.77,-0.09138785625774473,-1.07,True,0.13833952912019826
葛飾区|東四つ木4丁目,葛飾区,東四つ木４丁目,4464.0,224351.28988969148,2149,1957.0,711.68,1.03,-1068.59,-1.33,True,0.9106561191251745,0.36365866121614715,1.03,-0.4972498836668217,-1.33,True,0.3311679851093532
葛飾区|細田1丁目,葛飾区,細田１丁目,1962.0,140069.88337100216,1340,1323.0,1606.7,2.86,1596.14,0.63,True,0.9873134328358208,1.2144368858654573,2.86,1.1911492537313433,0.63,False,1.1990298507462687
葛飾区|細田2丁目,葛飾区,細田２丁目,356.0,49690.366319703586,330,294.0,409.37,2.34,544.58,0.77,True,0.8909090909090909,1.3924149659863945,2.34,1.6502424242424243,0.77,False,1.2405151515151513
葛飾区|細田3丁目,葛飾区,細田３丁目,3175.0,251600.8213520362,2113,2065.0,2670.28,2.79,2569.74,0.45,True,0.9772834831992427,1.2931138014527845,2.79,1.2161571225745385,0.45,False,1.2637387600567913
葛飾区|細田4丁目,葛飾区,細田４丁目,3716.0,233965.99071479513,2241,2238.0,1978.51,1.44,2819.63,0.7,True,0.998661311914324,0.8840527256478999,1.44,1.2582016956715751,0.7,False,0.8828692547969657
葛飾区|細田5丁目,葛飾区,細田５丁目,2297.0,140274.93679992133,1343,1339.0,1114.35,1.34,1748.61,0.78,True,0.9970215934475056,0.8322255414488423,1.34,1.3020178704393148,0.78,False,0.829746835443038
葛飾区|堀切1丁目,葛飾区,堀切１丁目,5143.0,478252.14525916893,2646,1727.0,360.21,0.76,-1205.75,-1.03,True,0.6526832955404384,0.2085755645628257,0.76,-0.4556878306878307,-1.03,True,0.13613378684807254
葛飾区|堀切2丁目,葛飾区,堀切２丁目,5784.0,436450.55231889425,2801,2668.0,1511.39,1.24,-2260.62,-1.5,True,0.9525169582292039,0.5664880059970016,1.24,-0.8070760442699035,-1.5,True,0.539589432345591
葛飾区|堀切3丁目,葛飾区,堀切３丁目,3022.0,185831.7455636716,1774,1559.0,659.74,1.09,-1028.5,-1.35,True,0.87880496054115,0.423181526619628,1.09,-0.5797632468996617,-1.35,True,0.3718940248027058
葛飾区|堀切4丁目,葛飾区,堀切４丁目,3769.0,401378.80031706503,2302,2015.0,872.48,1.01,-1338.86,-1.28,True,0.8753258036490009,0.4329925558312655,1.01,-0.5816072980017376,-1.28,True,0.37900955690703736
葛飾区|堀切5丁目,葛飾区,堀切５丁目,3051.0,167623.19563179434,1604,1511.0,702.09,1.08,-864.93,-1.27,True,0.9420199501246883,0.46465254798146927,1.08,-0.5392331670822942,-1.27,True,0.437711970074813
葛飾区|堀切6丁目,葛飾区,堀切６丁目,2626.0,160979.03927023328,1540,1510.0,587.96,0.84,-873.05,-1.08,True,0.9805194805194806,0.38937748344370865,0.84,-0.5669155844155844,-1.08,True,0.38179220779220785
葛飾区|堀切7丁目,葛飾区,堀切７丁目,2890.0,168070.6048882979,1608,1529.0,563.64,0.77,-761.44,-0.92,True,0.9508706467661692,0.36863309352517987,0.77,-0.47353233830845776,-0.92,True,0.3505223880597015
葛飾区|堀切8丁目,葛飾区,堀切８丁目,2503.0,146099.43689002332,1399,1298.0,372.65,0.92,-434.69,-0.9,True,0.9278055754110078,0.287095531587057,0.92,-0.3107147962830593,-0.9,True,0.2663688348820586
葛飾区|水元1丁目,葛飾区,水元１丁目,2335.0,286400.6169617706,2732,2686.0,3549.43,2.71,3713.85,-0.08,True,0.9831625183016105,1.3214556962025317,2.71,1.3593887262079063,-0.08,False,1.299205710102489
葛飾区|水元2丁目,葛飾区,水元２丁目,2987.0,183687.3182674786,1759,1759.0,2300.51,1.91,2331.02,0.73,True,1.0,1.30785105173394,1.91,1.3251961341671403,0.73,False,1.30785105173394
葛飾区|水元3丁目,葛飾区,水元３丁目,3149.0,219285.80264794925,2101,2101.0,2439.43,2.24,3126.73,0.88,True,1.0,1.1610804378867206,2.24,1.4882103760114231,0.88,False,1.1610804378867206
葛飾区|水元4丁目,葛飾区,水元４丁目,3309.0,215927.92915879187,2064,2064.0,2444.64,1.79,2964.06,0.83,True,1.0,1.1844186046511627,1.79,1.4360755813953487,0.83,False,1.1844186046511627
葛飾区|水元5丁目,葛飾区,水元５丁目,1557.0,146389.12044122146,1399,1380.0,1331.23,1.59,2354.72,1.03,True,0.9864188706218727,0.9646594202898551,1.59,1.683145103645461,1.03,False,0.9515582558970693
葛飾区|水元公園,葛飾区,水元公園,0.0,1036407.9159366406,7141,29.0,2.04,0.66,17857.59,0.35,True,0.004061055874527377,0.0703448275862069,0.66,2.5007127853241844,0.35,False,0.000285674275311581
葛飾区|南水元1丁目,葛飾区,南水元１丁目,3505.0,280043.17737718555,2242,2200.0,3452.7200000000003,2.6,2531.99,0.45,True,0.9812667261373773,1.5694181818181818,2.6,1.129344335414808,0.45,False,1.5400178412132024
葛飾区|南水元2丁目,葛飾区,南水元２丁目,2701.0,264931.10059274634,2057,2006.0,3064.56,4.15,2502.1200000000003,-1.35,True,0.9752066115702479,1.5276969092721835,4.15,1.2163928050559067,-1.35,False,1.4898201263976665
葛飾区|南水元3丁目,葛飾区,南水元３丁目,3854.0,124775.6851523368,1194,1187.0,984.84,1.59,2110.14,1.0,True,0.9941373534338358,0.8296882898062342,1.59,1.767286432160804,1.0,False,0.824824120603015
葛飾区|南水元4丁目,葛飾区,南水元４丁目,3449.0,266118.6983142372,2550,2550.0,2824.0,2.08,3857.12,0.75,True,1.0,1.1074509803921568,2.08,1.5125960784313726,0.75,False,1.1074509803921568
葛飾区|四つ木1丁目,葛飾区,四つ木１丁目,2650.0,285884.46550414717,1582,1353.0,292.53000000000003,0.8,-243.5,-2.83,True,0.8552465233881164,0.21620842572062088,0.8,-0.15391908975979773,-2.83,True,0.1849115044247788
葛飾区|四つ木2丁目,葛飾区,四つ木２丁目,2211.0,107168.7209178134,1019,853.0,202.96,0.91,-248.78,-1.22,True,0.8370951913640824,0.237936694021102,0.91,-0.2441413150147203,-1.22,True,0.1991756624141315
葛飾区|四つ木3丁目,葛飾区,四つ木３丁目,2207.0,262164.32399321336,1115,871.0,195.39000000000001,0.58,-390.49,-1.9,True,0.7811659192825112,0.22432835820895525,0.58,-0.3502152466367713,-1.9,True,0.175237668161435
葛飾区|四つ木4丁目,葛飾区,四つ木４丁目,3781.0,218794.41053218354,2092,1377.0,222.52,0.53,-510.12,-0.93,True,0.6582217973231358,0.16159767610748005,0.53,-0.24384321223709368,-0.93,True,0.10636711281070747
葛飾区|四つ木5丁目,葛飾区,四つ木５丁目,2473.0,176814.70196085234,1675,1367.0,481.54,0.98,-676.51,-1.15,True,0.8161194029850747,0.35226042428675935,0.98,-0.4038865671641791,-1.15,True,0.28748656716417914
江戸川区|小松川1丁目,江戸川区,小松川１丁目,5144.0,894231.6097759064,3334,527.0,151.46,0.81,12281.14,-32.47,True,0.15806838632273545,0.2874003795066414,0.81,3.683605278944211,-32.47,False,0.04542891421715657
江戸川区|小松川2丁目,江戸川区,小松川２丁目,4501.0,300083.73426395276,1673,630.0,155.37,0.75,766.5600000000001,-3.89,True,0.37656903765690375,0.24661904761904763,0.75,0.4581948595337717,-3.89,False,0.09286909742976689
江戸川区|小松川3丁目,江戸川区,小松川３丁目,4913.0,268426.0779627061,1826,1002.0,402.26,1.44,-1224.23,-3.13,True,0.5487404162102957,0.40145708582834333,1.44,-0.6704435925520263,-3.13,True,0.2202957283680175
江戸川区|小松川4丁目,江戸川区,小松川４丁目,1312.0,140437.68649071507,641,566.0,106.93,0.57,-841.11,-2.29,True,0.8829953198127926,0.18892226148409896,0.57,-1.3121840873634945,-2.29,True,0.16681747269890798
江戸川区|平井1丁目,江戸川区,平井１丁目,3578.0,378033.4420926114,2182,1708.0,694.05,1.03,-3332.0099999999998,-2.76,True,0.7827681026581118,0.40635245901639344,1.03,-1.5270439963336389,-2.76,True,0.31807974335472045
江戸川区|平井2丁目,江戸川区,平井２丁目,3897.0,214706.36983420933,1936,1696.0,855.63,0.99,-3871.5099999999998,-2.78,True,0.8760330578512396,0.504498820754717,0.99,-1.9997469008264461,-2.78,True,0.44195764462809917
江戸川区|平井3丁目,江戸川区,平井３丁目,5286.0,252662.02371106175,2267,1022.0,228.23,0.81,-2040.82,-2.52,True,0.45081605646228495,0.2233170254403131,0.81,-0.9002293780326422,-2.52,True,0.10067490074988972
江戸川区|平井4丁目,江戸川区,平井４丁目,7244.0,418972.69657022104,2958,2382.0,944.5600000000001,1.0,-4531.13,-5.56,True,0.8052738336713996,0.3965407220822838,1.0,-1.5318221771467209,-5.56,True,0.3193238674780257
江戸川区|平井5丁目,江戸川区,平井５丁目,4217.0,301430.1743442517,2317,1754.0,613.94,1.74,-3604.16,-2.44,True,0.7570133793698748,0.3500228050171038,1.74,-1.5555287009063443,-2.44,True,0.26497194648252054
江戸川区|平井6丁目,江戸川区,平井６丁目,7246.0,542671.6637289901,3519,2767.0,1333.48,1.17,-5302.14,-2.74,True,0.7863029269678886,0.4819226599204915,1.17,-1.5067178175618074,-2.74,True,0.3789371980676328
江戸川区|平井7丁目,江戸川区,平井７丁目,9050.0,557019.9895323595,4039,2362.0,951.79,1.23,-1430.25,-2.77,True,0.5847982173805397,0.40295935647756137,1.23,-0.3541099282000495,-2.77,True,0.23564991334488733
江戸川区|中央1丁目,江戸川区,中央１丁目,3942.0,235999.72925185144,2254,2254.0,2761.31,2.85,-3555.2,-2.11,True,1.0,1.2250709849157053,2.85,-1.5772848269742679,-2.11,True,1.2250709849157053
江戸川区|中央2丁目,江戸川区,中央２丁目,4366.0,266687.647536552,2560,2534.0,1840.1,1.96,-2692.18,-2.07,True,0.98984375,0.7261641673243883,1.96,-1.0516328124999998,-2.07,True,0.7187890625
江戸川区|中央3丁目,江戸川区,中央３丁目,2620.0,237574.95432505774,2262,2256.0,2228.99,1.96,-2890.47,-1.98,True,0.9973474801061007,0.9880274822695034,1.96,-1.277838196286472,-1.98,True,0.9854067197170644
江戸川区|中央4丁目,江戸川区,中央４丁目,3452.0,215590.11154990265,2021,2005.0,1721.39,1.68,-2356.44,-1.97,True,0.9920831271647699,0.8585486284289278,1.68,-1.1659772389905987,-1.97,True,0.8517516081147947
江戸川区|松島1丁目,江戸川区,松島１丁目,3467.0,316075.613741778,2388,2337.0,2752.73,3.02,-2870.39,-2.05,True,0.9786432160804021,1.177890457851947,3.02,-1.2020058626465662,-2.05,True,1.1527345058626466
江戸川区|松島2丁目,江戸川区,松島２丁目,3949.0,489079.0198040886,2789,2666.0,3986.7,5.5,-2850.23,-1.78,True,0.9558981713875941,1.4953863465866466,5.5,-1.021954105414127,-1.78,True,1.4294370742201505
江戸川区|松島3丁目,江戸川区,松島３丁目,6224.0,259807.11656729758,2484,2484.0,2898.24,2.18,-3006.79,-1.7,True,1.0,1.1667632850241545,2.18,-1.2104629629629629,-1.7,True,1.1667632850241545
江戸川区|松島4丁目,江戸川区,松島４丁目,4552.0,440074.2680471365,2047,1962.0,4078.03,5.26,-1907.02,-1.99,True,0.95847581827064,2.078506625891947,5.26,-0.9316170004885198,-1.99,True,1.992198339032731
江戸川区|松江1丁目,江戸川区,松江１丁目,2385.0,185393.8175958808,1778,1778.0,1963.5,1.58,-2789.71,-2.04,True,1.0,1.1043307086614174,1.58,-1.5690157480314961,-2.04,True,1.1043307086614174
江戸川区|松江2丁目,江戸川区,松江２丁目,4874.0,274810.95003278245,2620,2580.0,2562.15,1.73,-3723.5699999999997,-2.16,True,0.9847328244274809,0.9930813953488372,1.73,-1.421209923664122,-2.16,True,0.9779198473282442
江戸川区|松江3丁目,江戸川区,松江３丁目,2303.0,109085.30744511278,1045,1045.0,1286.2,1.68,-1702.57,-2.11,True,1.0,1.2308133971291866,1.68,-1.6292535885167463,-2.11,True,1.2308133971291866
江戸川区|松江4丁目,江戸川区,松江４丁目,3443.0,208282.24776152676,1988,1988.0,2319.66,1.86,-3055.37,-2.22,True,1.0,1.1668309859154928,1.86,-1.5369064386317908,-2.22,True,1.1668309859154928
江戸川区|松江5丁目,江戸川区,松江５丁目,3699.0,228945.2614347136,2186,2076.0,1903.48,1.76,-2508.48,-1.97,True,0.94967978042086,0.916897880539499,1.76,-1.1475205855443733,-1.97,True,0.8707593778591034
江戸川区|松江6丁目,江戸川区,松江６丁目,1190.0,91918.2197948084,875,848.0,640.34,1.56,-875.54,-1.75,True,0.9691428571428572,0.755117924528302,1.56,-1.0006171428571429,-1.75,True,0.7318171428571429
江戸川区|松江7丁目,江戸川区,松江７丁目,4143.0,269318.91245153744,2558,2526.0,1800.63,1.73,-2618.57,-1.83,True,0.9874902267396404,0.7128384798099763,1.73,-1.0236786551993746,-1.83,True,0.7039210320562941
江戸川区|東小松川1丁目,江戸川区,東小松川１丁目,1595.0,109716.03095068022,1025,981.0,888.14,1.66,-1305.0,-1.88,True,0.9570731707317073,0.9053414882772681,1.66,-1.273170731707317,-1.88,True,0.8664780487804878
江戸川区|東小松川2丁目,江戸川区,東小松川２丁目,3188.0,193994.10148887348,1828,1828.0,1942.01,1.85,-2506.53,-2.06,True,1.0,1.0623687089715537,1.85,-1.3711870897155363,-2.06,True,1.0623687089715537
江戸川区|東小松川3丁目,江戸川区,東小松川３丁目,2946.0,378109.35530324484,1954,1884.0,2897.46,5.97,-2472.83,-2.04,True,0.9641760491299898,1.5379299363057326,5.97,-1.2655220061412487,-2.04,True,1.482835209825998
江戸川区|東小松川4丁目,江戸川区,東小松川４丁目,4033.0,437144.6774276237,2818,2720.0,3600.02,4.83,-3114.86,-2.38,True,0.9652235628105039,1.3235367647058824,4.83,-1.1053442157558553,-2.38,True,1.2775088715400995
江戸川区|西小松川町,江戸川区,西小松川町,3115.0,511602.25845710357,2235,2044.0,3295.23,3.78,-1875.3799999999999,-1.95,True,0.9145413870246085,1.6121477495107632,3.78,-0.8390961968680088,-1.95,True,1.4743758389261745
江戸川区|西一之江1丁目,江戸川区,西一之江１丁目,1731.0,127177.57866622007,1216,1008.0,227.72,0.66,48.01,-1.1,True,0.8289473684210527,0.2259126984126984,0.66,0.039481907894736844,-1.1,False,0.18726973684210527
江戸川区|西一之江2丁目,江戸川区,西一之江２丁目,1947.0,194371.89008503,1864,1764.0,825.4100000000001,1.14,1280.14,-0.15,True,0.9463519313304721,0.4679195011337869,1.14,0.6867703862660944,-0.15,False,0.4428165236051503
江戸川区|西一之江3丁目,江戸川区,西一之江３丁目,3961.0,265010.7483710849,2524,2445.0,1297.84,1.17,-1238.48,-1.56,True,0.9687004754358162,0.5308139059304703,1.17,-0.4906814580031696,-1.56,True,0.5141996830427892
江戸川区|西一之江4丁目,江戸川区,西一之江４丁目,1805.0,127315.6397243257,1217,1205.0,731.55,1.3,-1203.78,-1.72,True,0.990139687756779,0.6070954356846473,1.3,-0.9891372226787182,-1.72,True,0.6011092851273624
江戸川区|一之江町,江戸川区,一之江町,787.0,31357.49902379387,295,295.0,169.89,1.16,-180.34,-1.18,True,1.0,0.5758983050847457,1.16,-0.6113220338983051,-1.18,True,0.5758983050847457
江戸川区|一之江1丁目,江戸川区,一之江１丁目,1526.0,163394.56922957354,1197,1153.0,1153.59,2.53,1239.17,-0.01,True,0.9632414369256475,1.0005117085862965,2.53,1.0352297410192148,-0.01,False,0.9637343358395989
江戸川区|一之江2丁目,江戸川区,一之江２丁目,1809.0,163277.2589224697,1191,1179.0,1292.0,2.39,909.8,-0.11,True,0.9899244332493703,1.095843935538592,2.39,0.7638958858102435,-0.11,False,1.0848026868178002
江戸川区|一之江3丁目,江戸川区,一之江３丁目,2963.0,217403.8161107577,1541,1519.0,1617.05,2.79,1322.43,0.21,True,0.9857235561323816,1.0645490454246214,2.79,0.858163530175211,0.21,False,1.04935107073329
江戸川区|一之江4丁目,江戸川区,一之江４丁目,2065.0,110756.87291491678,1060,1037.0,468.4,1.11,445.81,-1.04,True,0.9783018867924528,0.4516875602700096,1.11,0.4205754716981132,-1.04,False,0.44188679245283013
江戸川区|一之江5丁目,江戸川区,一之江５丁目,2318.0,173025.4267343475,1618,1568.0,788.04,1.34,662.41,-1.03,True,0.969097651421508,0.5025765306122448,1.34,0.40940049443757726,-1.03,False,0.48704573547589614
江戸川区|一之江6丁目,江戸川区,一之江６丁目,3553.0,203797.5376714915,1895,1824.0,941.17,1.26,-1059.28,-1.21,True,0.9625329815303431,0.5159923245614035,1.26,-0.5589868073878628,-1.21,True,0.4966596306068602
江戸川区|一之江7丁目,江戸川区,一之江７丁目,5116.0,324531.2844281964,3100,3072.0,1707.67,1.67,-765.28,-1.5,True,0.9909677419354839,0.5558821614583334,1.67,-0.24686451612903224,-1.5,True,0.5508612903225807
江戸川区|一之江8丁目,江戸川区,一之江８丁目,1544.0,68774.0439640539,658,650.0,515.22,1.65,500.95,0.05,True,0.9878419452887538,0.7926461538461539,1.65,0.761322188449848,0.05,False,0.7830091185410335
江戸川区|二之江町,江戸川区,二之江町,713.0,58751.68306695393,533,396.0,217.57,1.35,-173.04,-1.37,True,0.7429643527204502,0.5494191919191919,1.35,-0.3246529080675422,-1.37,True,0.4081988742964352
江戸川区|春江町1丁目,江戸川区,春江町１丁目,732.0,31086.18236911731,298,297.0,142.94,1.19,390.79,0.6,True,0.9966442953020134,0.48127946127946125,1.19,1.3113758389261745,0.6,False,0.4796644295302013
江戸川区|春江町2丁目,江戸川区,春江町２丁目,4500.0,344865.1318011403,2956,2844.0,2299.34,2.71,3488.89,0.13,True,0.9621109607577808,0.8084880450070324,2.71,1.1802740189445196,0.13,False,0.7778552097428959
江戸川区|春江町3丁目,江戸川区,春江町３丁目,4727.0,391237.7632414877,3011,2999.0,3620.6,3.28,1844.07,-0.15,True,0.9960146130853537,1.2072690896965654,3.28,0.612444370640983,-0.15,False,1.2024576552640318
江戸川区|春江町4丁目,江戸川区,春江町４丁目,1521.0,54014.645288984364,520,513.0,357.46,1.69,-201.23,-1.52,True,0.9865384615384616,0.696803118908382,1.69,-0.3869807692307692,-1.52,True,0.6874230769230769
江戸川区|春江町5丁目,江戸川区,春江町５丁目,4603.0,273902.0447326295,2507,2501.0,1889.3700000000001,1.91,-1691.26,-1.79,True,0.9976067012365377,0.7554458216713316,1.91,-0.6746150777822099,-1.79,True,0.7536378141204628
江戸川区|東瑞江1丁目,江戸川区,東瑞江１丁目,2316.0,158703.20113065594,1511,1478.0,799.75,1.55,1211.0,-0.23,True,0.9781601588352085,0.5411028416779432,1.55,0.8014559894109861,-0.23,False,0.5292852415618796
江戸川区|東瑞江2丁目,江戸川区,東瑞江２丁目,3155.0,184820.20691341403,1767,1696.0,1164.44,1.73,1497.95,-0.15,True,0.9598189020939445,0.6865801886792453,1.73,0.8477362761743068,-0.15,False,0.6589926428975665
江戸川区|東瑞江3丁目,江戸川区,東瑞江３丁目,2492.0,136855.7282970765,1309,1309.0,822.06,1.43,1049.28,0.35,True,1.0,0.6280061115355232,1.43,0.8015889992360581,0.35,False,0.6280061115355232
江戸川区|西瑞江3丁目,江戸川区,西瑞江３丁目,7722.0,407718.77478829375,3698,3651.0,3256.91,3.38,3468.7,0.13,True,0.9872904272579773,0.8920597096685839,3.38,0.9379935100054083,0.13,False,0.8807220118983234
江戸川区|西瑞江4丁目,江戸川区,西瑞江４丁目,3435.0,204431.0150986276,1558,1525.0,1863.28,3.07,1178.69,0.05,True,0.978818998716303,1.221822950819672,3.07,0.7565404364569962,0.05,False,1.19594351732991
江戸川区|西瑞江5丁目,江戸川区,西瑞江５丁目,3792.0,215741.27023116132,2066,1896.0,1120.07,1.51,209.15,-0.95,True,0.9177153920619555,0.5907542194092826,1.51,0.10123426911907067,-0.95,False,0.5421442400774443
江戸川区|江戸川1丁目,江戸川区,江戸川１丁目,5039.0,301284.5257285003,2661,2576.0,2147.34,1.93,1295.55,-0.68,True,0.9680571213829388,0.8335947204968944,1.93,0.4868658399098083,-0.68,False,0.806967305524239
江戸川区|江戸川2丁目,江戸川区,江戸川２丁目,5822.0,383785.6647591238,2876,2302.0,1405.71,1.7,2880.98,-0.25,True,0.8004172461752433,0.6106472632493484,1.7,1.0017315716272601,-0.25,False,0.4887726008344923
江戸川区|江戸川3丁目,江戸川区,江戸川３丁目,3561.0,308750.2944490765,2307,2016.0,2109.24,3.25,2499.46,-0.18,True,0.8738621586475943,1.04625,3.25,1.0834243606415257,-0.18,False,0.9142782834850455
江戸川区|江戸川4丁目,江戸川区,江戸川４丁目,1302.0,171767.40300018244,974,643.0,600.39,2.93,1692.1299999999999,0.13,True,0.660164271047228,0.9337325038880249,2.93,1.7372997946611908,0.13,False,0.6164168377823409
江戸川区|江戸川5丁目,江戸川区,江戸川５丁目,3915.0,321430.01023986115,2504,1891.0,803.13,1.26,1465.95,-0.59,True,0.7551916932907349,0.42471179270227394,1.26,0.5854432907348243,-0.59,False,0.3207388178913738
江戸川区|江戸川6丁目,江戸川区,江戸川６丁目,4033.0,315826.98207282275,2887,2469.0,1175.19,1.44,-27.23,-1.41,True,0.8552130239002425,0.47597812879708384,1.44,-0.00943193626602009,-1.41,True,0.40706269483893315
江戸川区|東小岩1丁目,江戸川区,東小岩１丁目,4053.0,281307.1091480618,2121,1893.0,513.43,0.74,3495.5,1.08,True,0.8925035360678925,0.2712255678816693,0.74,1.6480433757661481,1.08,False,0.24206977840641206
江戸川区|東小岩2丁目,江戸川区,東小岩２丁目,1708.0,296446.8524544299,1625,1205.0,269.3,0.83,3171.27,1.27,True,0.7415384615384616,0.22348547717842324,0.83,1.9515507692307692,1.27,False,0.16572307692307695
江戸川区|東小岩3丁目,江戸川区,東小岩３丁目,2677.0,347018.121754211,1783,1466.0,377.13,3.85,3695.8,-1.92,True,0.8222097588334268,0.25725102319236015,3.85,2.07279865395401,-1.92,False,0.21151430173864275
江戸川区|東小岩4丁目,江戸川区,東小岩４丁目,3462.0,192954.85440012187,1843,1572.0,422.83,0.62,3193.9,1.3,True,0.8529571351058057,0.26897582697201017,0.62,1.7329896907216495,1.3,False,0.2294248507867607
江戸川区|東小岩5丁目,江戸川区,東小岩５丁目,3758.0,171280.03899209687,1634,1492.0,409.24,0.59,3022.9,1.47,True,0.9130966952264382,0.27428954423592494,0.59,1.85,1.47,False,0.250452876376989
江戸川区|東小岩6丁目,江戸川区,東小岩６丁目,3328.0,169340.69943589097,1617,1459.0,470.31,2.05,3420.12,1.45,True,0.9022881880024737,0.3223509252912954,2.05,2.1151020408163266,1.45,False,0.29085343228200367
江戸川区|西小岩1丁目,江戸川区,西小岩１丁目,5596.0,264178.234608071,2383,2295.0,2149.96,3.43,3373.63,0.38,True,0.9630717582878724,0.93680174291939,3.43,1.415707091900965,0.38,False,0.9022073017205203
江戸川区|西小岩2丁目,江戸川区,西小岩２丁目,2212.0,129529.19491904207,1096,1074.0,1597.46,2.96,1180.8,0.33,True,0.9799270072992701,1.4873929236499068,2.96,1.0773722627737226,0.33,False,1.457536496350365
江戸川区|西小岩3丁目,江戸川区,西小岩３丁目,5285.0,232010.0340187731,2221,2213.0,2161.4,2.58,2619.16,0.27,True,0.9963980189104007,0.9766832354270222,2.58,1.1792705988293561,0.27,False,0.9731652408824853
江戸川区|西小岩4丁目,江戸川区,西小岩４丁目,3213.0,130324.5483849143,1247,1211.0,495.16,1.11,2113.08,1.0,True,0.9711307137129109,0.40888521882741535,1.11,1.6945308740978346,1.0,False,0.39708099438652766
江戸川区|西小岩5丁目,江戸川区,西小岩５丁目,3783.0,161762.93199301604,1544,1378.0,409.82,0.64,2860.61,1.43,True,0.8924870466321243,0.2974020319303338,0.64,1.852726683937824,1.43,False,0.26542746113989635
江戸川区|南小岩1丁目,江戸川区,南小岩１丁目,1999.0,95272.51484562363,915,904.0,523.45,1.32,1332.75,1.07,True,0.9879781420765027,0.5790376106194691,1.32,1.4565573770491804,1.07,False,0.5720765027322405
江戸川区|南小岩2丁目,江戸川区,南小岩２丁目,3350.0,195751.64421771397,1871,1803.0,633.05,0.79,2876.03,1.05,True,0.9636557990379476,0.3511092623405435,0.79,1.5371619454836987,1.05,False,0.3383484767504008
江戸川区|南小岩3丁目,江戸川区,南小岩３丁目,3338.0,165662.80598960948,1585,1516.0,546.19,0.73,2606.21,1.25,True,0.9564668769716088,0.3602836411609499,0.73,1.6442965299684542,1.25,False,0.3445993690851735
江戸川区|南小岩4丁目,江戸川区,南小岩４丁目,3147.0,151639.06331503988,1451,1449.0,820.52,1.19,2193.44,1.0,True,0.9986216402481047,0.5662663906142167,1.19,1.5116747070985528,1.0,False,0.5654858718125431
江戸川区|南小岩5丁目,江戸川区,南小岩５丁目,3654.0,231480.98198681948,1832,1831.0,2359.52,4.29,2419.44,0.38,True,0.9994541484716157,1.2886510103768432,4.29,1.3206550218340611,0.38,False,1.287947598253275
江戸川区|南小岩6丁目,江戸川区,南小岩６丁目,4410.0,251973.77816003724,2205,2204.0,2065.97,3.43,3050.21,0.43,True,0.999546485260771,0.9373729582577132,3.43,1.3833151927437641,0.43,False,0.9369478458049886
江戸川区|南小岩7丁目,江戸川区,南小岩７丁目,5404.0,262754.65335713554,2512,2458.0,1052.74,3.3,4397.15,-1.18,True,0.9785031847133758,0.42829129373474367,3.3,1.7504578025477706,-1.18,False,0.4190843949044586
江戸川区|南小岩8丁目,江戸川区,南小岩８丁目,3480.0,139808.1328717391,1339,1196.0,320.43,0.68,2537.07,1.45,True,0.8932038834951457,0.2679180602006689,0.68,1.8947498132935028,1.45,False,0.23930545182972368
江戸川区|北小岩1丁目,江戸川区,北小岩１丁目,2473.0,176138.6663564664,1242,953.0,314.18,0.71,2706.57,1.43,True,0.7673107890499195,0.3296747114375656,0.71,2.1792028985507246,1.43,False,0.25296296296296295
江戸川区|北小岩2丁目,江戸川区,北小岩２丁目,5511.0,225073.55686083034,2150,1945.0,686.25,0.81,4099.93,1.45,True,0.9046511627906977,0.352827763496144,0.81,1.9069441860465117,1.45,False,0.3191860465116279
江戸川区|北小岩3丁目,江戸川区,北小岩３丁目,2519.0,250502.262878697,1511,1172.0,399.22,1.39,3603.11,1.55,True,0.7756452680344142,0.34063139931740616,1.39,2.3845863666446063,1.55,False,0.26420913302448706
江戸川区|北小岩4丁目,江戸川区,北小岩４丁目,4467.0,557987.5255434599,2251,1889.0,546.17,0.69,5296.2699999999995,1.78,True,0.8391825855175478,0.2891318157755426,0.69,2.352852065748556,1.78,False,0.24263438471790313
江戸川区|北小岩5丁目,江戸川区,北小岩５丁目,3179.0,167465.03171564316,1604,1531.0,628.07,0.79,3181.77,1.58,True,0.9544887780548629,0.41023514043109083,0.79,1.983647132169576,1.58,False,0.39156483790523694
江戸川区|北小岩6丁目,江戸川区,北小岩６丁目,4634.0,255236.287043951,2438,2311.0,1125.6,0.84,4537.99,1.38,True,0.9479081214109926,0.4870618779749026,0.84,1.861357670221493,1.38,False,0.4616899097621
江戸川区|北小岩7丁目,江戸川区,北小岩７丁目,3201.0,322637.57866641413,1891,1567.0,460.58,0.82,4252.48,1.43,True,0.8286620835536753,0.2939246968730057,0.82,2.248799576943416,1.43,False,0.24356425171866736
江戸川区|北小岩8丁目,江戸川区,北小岩８丁目,3655.0,352975.5436536523,1925,1744.0,664.43,0.79,4007.07,1.6,True,0.905974025974026,0.38098050458715593,0.79,2.0815948051948054,1.6,False,0.34515844155844155
江戸川区|鹿骨町,江戸川区,鹿骨町,122.0,6623.53338875408,64,64.0,60.71,1.25,83.85,1.1,True,1.0,0.94859375,1.25,1.31015625,1.1,False,0.94859375
江戸川区|鹿骨1丁目,江戸川区,鹿骨１丁目,3663.0,382022.01559125993,3331,3308.0,2733.16,2.57,3979.46,0.7,True,0.9930951666166317,0.8262273276904474,2.57,1.1946742719903933,0.7,False,0.8205223656559592
江戸川区|鹿骨2丁目,江戸川区,鹿骨２丁目,3366.0,232645.19082770846,2225,2202.0,1346.99,2.39,2649.52,0.65,True,0.9896629213483146,0.6117120799273388,2.39,1.1907955056179775,0.65,False,0.6053887640449438
江戸川区|鹿骨3丁目,江戸川区,鹿骨３丁目,1546.0,120549.35591146661,1152,1100.0,505.41,0.94,1599.27,0.88,True,0.9548611111111112,0.4594636363636364,0.94,1.3882552083333333,0.88,False,0.4387239583333334
江戸川区|鹿骨4丁目,江戸川区,鹿骨４丁目,2654.0,186004.01440365467,1783,1772.0,913.22,1.04,2398.25,0.8,True,0.9938306225462703,0.5153611738148984,1.04,1.3450644980370163,0.8,False,0.5121817162086372
江戸川区|鹿骨5丁目,江戸川区,鹿骨５丁目,2989.0,224438.2175468017,2146,2139.0,1354.48,1.16,2896.24,0.83,True,0.9967381174277726,0.6332304815334269,1.16,1.3495992544268405,0.83,False,0.6311649580615099
江戸川区|鹿骨6丁目,江戸川区,鹿骨６丁目,661.0,118008.60122614574,854,852.0,1024.5,2.97,1094.41,0.68,True,0.9976580796252927,1.2024647887323943,2.97,1.2815105386416863,0.68,False,1.1996487119437937
江戸川区|興宮町,江戸川区,興宮町,3044.0,212268.45696109498,1650,1650.0,2280.38,3.19,-96.49,-1.12,True,1.0,1.3820484848484849,3.19,-0.05847878787878787,-1.12,True,1.3820484848484849
江戸川区|篠崎町1丁目,江戸川区,篠崎町１丁目,3610.0,307899.7696593451,1851,1590.0,672.3,0.96,2793.36,0.77,True,0.8589951377633711,0.42283018867924527,0.96,1.5091085899513776,0.77,False,0.3632090761750405
江戸川区|篠崎町2丁目,江戸川区,篠崎町２丁目,4531.0,264456.6349557728,2040,1830.0,963.15,1.4,2736.72,0.7,True,0.8970588235294118,0.526311475409836,1.4,1.3415294117647059,0.7,False,0.47213235294117645
江戸川区|篠崎町3丁目,江戸川区,篠崎町３丁目,3801.0,455621.3986311686,2481,1761.0,503.28999999999996,1.13,3823.0499999999997,0.28,True,0.7097944377267231,0.28579784213515047,1.13,1.54093107617896,0.28,False,0.20285771866182992
江戸川区|篠崎町4丁目,江戸川区,篠崎町４丁目,4871.0,257129.26726158903,2459,2157.0,690.37,0.81,2521.18,0.47,True,0.8771858479056527,0.3200602688919796,0.81,1.025286701911346,0.47,False,0.2807523383489223
江戸川区|篠崎町5丁目,江戸川区,篠崎町５丁目,1977.0,140251.2480982047,1347,959.0,305.6,1.82,1577.14,-0.53,True,0.7119524870081663,0.3186652763295099,1.82,1.170853749072012,-0.53,False,0.22687453600593913
江戸川区|篠崎町6丁目,江戸川区,篠崎町６丁目,2592.0,195214.11614343734,1857,1642.0,658.73,0.94,1820.74,0.33,True,0.8842218632202478,0.4011753958587089,0.94,0.9804738826063544,0.33,False,0.35472805600430807
江戸川区|篠崎町7丁目,江戸川区,篠崎町７丁目,4574.0,225483.16085467653,2159,2098.0,1116.48,1.47,2640.01,0.58,True,0.9717461787864752,0.5321639656816015,1.47,1.2227929597035665,0.58,False,0.5171283001389532
江戸川区|篠崎町8丁目,江戸川区,篠崎町８丁目,599.0,137930.24507557045,1315,1262.0,732.5600000000001,1.13,1585.99,0.63,True,0.9596958174904943,0.5804754358161649,1.13,1.2060760456273765,0.63,False,0.5570798479087453
江戸川区|東篠崎1丁目,江戸川区,東篠崎１丁目,1964.0,180310.84263476412,1725,553.0,88.35,0.64,2818.31,0.38,True,0.32057971014492753,0.1597649186256781,0.64,1.6338028985507247,0.38,False,0.05121739130434782
江戸川区|東篠崎2丁目,江戸川区,東篠崎２丁目,481.0,346498.49653099966,2210,948.0,419.43,1.63,2726.93,-0.38,True,0.4289592760180995,0.4424367088607595,1.63,1.2339049773755655,-0.38,False,0.18978733031674205
江戸川区|西篠崎1丁目,江戸川区,西篠崎１丁目,1145.0,98598.12356917922,941,831.0,321.51,1.06,1402.63,0.75,True,0.8831030818278427,0.38689530685920576,1.06,1.4905738575982999,0.75,False,0.3416684378320935
江戸川区|西篠崎2丁目,江戸川区,西篠崎２丁目,2083.0,122158.20512235617,1169,1084.0,454.55,0.95,1650.1,0.85,True,0.9272882805816938,0.41932656826568265,0.95,1.4115483319076132,0.85,False,0.3888366124893071
江戸川区|南篠崎町1丁目,江戸川区,南篠崎町１丁目,4614.0,247857.62521105795,2379,2167.0,1010.42,1.3,2081.71,-0.03,True,0.9108869272803699,0.46627595754499307,1.3,0.8750357292980244,-0.03,False,0.42472467423287097
江戸川区|南篠崎町2丁目,江戸川区,南篠崎町２丁目,4450.0,207404.0443646977,1980,1980.0,1806.61,2.15,726.5600000000001,-0.88,True,1.0,0.9124292929292929,2.15,0.36694949494949497,-0.88,False,0.9124292929292929
江戸川区|南篠崎町3丁目,江戸川区,南篠崎町３丁目,2343.0,103634.82792989153,992,953.0,573.21,1.91,730.09,-0.6,True,0.9606854838709677,0.6014795383001049,1.91,0.7359778225806451,-0.6,False,0.5778326612903226
江戸川区|南篠崎町4丁目,江戸川区,南篠崎町４丁目,4734.0,234306.7048122982,2230,1985.0,836.49,1.56,2044.48,-0.28,True,0.8901345291479821,0.42140554156171284,1.56,0.9168071748878924,-0.28,False,0.37510762331838565
江戸川区|南篠崎町5丁目,江戸川区,南篠崎町５丁目,3969.0,135685.54177856861,1297,987.0,751.04,1.79,956.88,-0.55,True,0.7609868928296067,0.7609321175278622,1.79,0.7377640709329222,-0.55,False,0.579059367771781
江戸川区|下篠崎町,江戸川区,下篠崎町,2525.0,123371.87841366716,1174,714.0,136.09,0.68,1623.23,0.6,True,0.6081771720613288,0.19060224089635855,0.68,1.382649063032368,0.6,False,0.1159199318568995
江戸川区|船堀1丁目,江戸川区,船堀１丁目,4534.0,296486.85399245104,1702,1622.0,1870.97,4.07,-1237.2,-3.42,True,0.9529964747356052,1.1534956843403206,4.07,-0.7269095182138661,-3.42,True,1.09927732079906
江戸川区|船堀2丁目,江戸川区,船堀２丁目,4036.0,404457.4088177776,2054,1966.0,3076.54,5.81,-1857.14,-1.96,True,0.9571567672833495,1.5648728382502544,5.81,-0.9041577409931841,-1.96,True,1.4978286270691334
江戸川区|船堀3丁目,江戸川区,船堀３丁目,5903.0,157376.17794497468,1481,1437.0,1876.39,1.98,-1968.73,-2.06,True,0.9702903443619176,1.3057689631176062,1.98,-1.3293247805536799,-2.06,True,1.2669750168804863
江戸川区|船堀4丁目,江戸川区,船堀４丁目,3465.0,146609.2070545178,1404,1401.0,1695.6200000000001,1.81,-1936.32,-1.97,True,0.9978632478632479,1.210292648108494,1.81,-1.379145299145299,-1.97,True,1.2077065527065527
江戸川区|船堀5丁目,江戸川区,船堀５丁目,3136.0,144865.99136663903,1383,1349.0,1352.71,1.63,-1546.51,-1.8,True,0.9754157628344179,1.0027501853224612,1.63,-1.11822848879248,-1.8,True,0.9780983369486624
江戸川区|船堀6丁目,江戸川区,船堀６丁目,2604.0,124005.46912128272,1150,1105.0,1211.81,1.88,-1308.99,-1.97,True,0.9608695652173913,1.0966606334841629,1.88,-1.1382521739130436,-1.97,True,1.0537478260869566
江戸川区|船堀7丁目,江戸川区,船堀７丁目,3106.0,158301.79105675916,1447,1356.0,1021.27,1.83,-1125.83,-1.93,True,0.9371112646855563,0.7531489675516224,1.83,-0.7780442294402211,-1.93,True,0.7057843814789219
江戸川区|宇喜田町,江戸川区,宇喜田町,4346.0,258466.86747048583,2415,2373.0,3688.48,2.44,-2529.88,-1.96,True,0.9826086956521739,1.554353139485883,2.44,-1.0475693581780539,-1.96,True,1.527320910973085
江戸川区|新堀1丁目,江戸川区,新堀１丁目,2806.0,224262.2970036675,1765,1728.0,1461.36,2.69,2514.81,0.83,True,0.9790368271954675,0.8456944444444444,2.69,1.4248215297450424,0.83,False,0.8279660056657224
江戸川区|新堀2丁目,江戸川区,新堀２丁目,1968.0,122528.10670848962,1173,1171.0,764.95,1.2,1364.69,0.6,True,0.9982949701619779,0.6532450896669514,1.2,1.1634185848252345,0.6,False,0.6521312872975278
江戸川区|東葛西1丁目,江戸川区,東葛西１丁目,5185.0,292361.2188880176,2591,2250.0,1215.02,1.15,56.31,-0.76,True,0.8683905827865689,0.5400088888888889,1.15,0.021732921651871864,-0.76,False,0.4689386337321497
江戸川区|東葛西2丁目,江戸川区,東葛西２丁目,3718.0,191011.41887459776,1830,1762.0,1083.27,1.29,-367.16,-0.9,True,0.9628415300546448,0.6147956867196368,1.29,-0.20063387978142078,-0.9,True,0.5919508196721311
江戸川区|東葛西3丁目,江戸川区,東葛西３丁目,1105.0,273550.5620382864,1906,849.0,295.28000000000003,0.96,2190.57,-0.59,True,0.4454354669464848,0.3477974087161367,0.96,1.1493022035676812,-0.59,False,0.15492130115424976
江戸川区|東葛西4丁目,江戸川区,東葛西４丁目,6322.0,349529.2034248367,2999,2384.0,1870.72,2.67,-86.46000000000001,-1.56,True,0.7949316438812938,0.7846979865771813,2.67,-0.028829609869956654,-1.56,True,0.6237812604201401
江戸川区|東葛西5丁目,江戸川区,東葛西５丁目,8216.0,315366.66023957444,3014,2993.0,2757.21,1.79,-1585.25,-1.37,True,0.9930325149303252,0.921219512195122,1.79,-0.5259621765096217,-1.37,True,0.9148009289980094
江戸川区|東葛西6丁目,江戸川区,東葛西６丁目,7862.0,311396.60935795266,2976,2964.0,2995.32,2.31,-1794.21,-1.56,True,0.9959677419354839,1.0105668016194334,2.31,-0.6028931451612903,-1.56,True,1.006491935483871
江戸川区|東葛西7丁目,江戸川区,東葛西７丁目,3448.0,179950.4600194417,1721,1591.0,1367.97,1.92,-693.25,-1.47,True,0.9244625217896572,0.8598177247014457,1.92,-0.4028181289947705,-1.47,True,0.7948692620569436
江戸川区|東葛西8丁目,江戸川区,東葛西８丁目,5436.0,307015.18457981537,2905,1740.0,554.34,1.44,904.58,-1.07,True,0.5989672977624785,0.31858620689655176,1.44,0.3113872633390706,-1.07,False,0.1908227194492255
江戸川区|東葛西9丁目,江戸川区,東葛西９丁目,5260.0,507008.5567348179,3921,2131.0,1456.75,2.81,2360.86,-1.4,True,0.543483805151747,0.6835992491787893,2.81,0.6021066054577914,-1.4,False,0.3715251211425657
江戸川区|西葛西1丁目,江戸川区,西葛西１丁目,2672.0,292237.50648703316,1276,1276.0,2815.01,4.92,-1618.13,-2.53,True,1.0,2.2061206896551724,4.92,-1.268126959247649,-2.53,True,2.2061206896551724
江戸川区|西葛西2丁目,江戸川区,西葛西２丁目,10161.0,511014.175297636,2167,2161.0,5726.14,6.62,-3142.84,-4.2,True,0.9972311952007383,2.6497639981490053,6.62,-1.450318412551915,-4.2,True,2.6424273188740197
江戸川区|西葛西3丁目,江戸川区,西葛西３丁目,8857.0,229983.1229217449,2193,2193.0,3522.37,2.77,-2143.71,-1.9,True,1.0,1.606187870497036,2.77,-0.9775239398084815,-1.9,True,1.606187870497036
江戸川区|西葛西4丁目,江戸川区,西葛西４丁目,3809.0,139641.49025175365,1335,1333.0,1853.39,2.01,-1214.69,-1.54,True,0.998501872659176,1.3903900975243813,2.01,-0.9098801498127341,-1.54,True,1.388307116104869
江戸川区|西葛西5丁目,江戸川区,西葛西５丁目,5246.0,142786.6813598165,1364,1364.0,1376.7,2.08,-722.47,-1.27,True,1.0,1.0093108504398827,2.08,-0.5296700879765396,-1.27,True,1.0093108504398827
江戸川区|西葛西6丁目,江戸川区,西葛西６丁目,5891.0,202088.74752626606,1939,1840.0,1913.1,3.01,-813.04,-1.75,True,0.9489427539969056,1.0397282608695653,3.01,-0.4193089221248066,-1.75,True,0.9866425992779784
江戸川区|西葛西7丁目,江戸川区,西葛西７丁目,4683.0,265514.59328135947,2531,2267.0,1965.14,1.81,-61.650000000000006,-1.16,True,0.8956934018174635,0.8668460520511689,1.81,-0.024357961280126433,-1.16,True,0.7764282892137495
江戸川区|西葛西8丁目,江戸川区,西葛西８丁目,4942.0,237647.81241450104,2272,1639.0,1021.28,2.04,1437.01,-1.31,True,0.7213908450704225,0.6231116534472239,2.04,0.6324867957746478,-1.31,False,0.44950704225352106
江戸川区|南葛西1丁目,江戸川区,南葛西１丁目,3045.0,155770.76259114585,1420,792.0,230.23,0.81,809.92,-0.59,True,0.5577464788732395,0.2906944444444444,0.81,0.5703661971830986,-0.59,False,0.1621338028169014
江戸川区|南葛西2丁目,江戸川区,南葛西２丁目,5454.0,176876.7099214338,1676,1366.0,487.13,0.68,149.52,-0.55,True,0.815035799522673,0.35661054172767204,0.68,0.08921241050119333,-0.55,False,0.2906503579952267
江戸川区|南葛西3丁目,江戸川区,南葛西３丁目,6151.0,283793.91058220674,2701,1025.0,151.65,0.5,3537.75,-0.11,True,0.3794890781192151,0.14795121951219511,0.5,1.3097926693817106,-0.11,False,0.056145871899296554
江戸川区|南葛西4丁目,江戸川区,南葛西４丁目,4068.0,191702.32272426406,1834,1425.0,555.88,0.83,837.1,-0.35,True,0.7769901853871319,0.39009122807017543,0.83,0.4564340239912759,-0.35,False,0.3030970556161396
江戸川区|南葛西5丁目,江戸川区,南葛西５丁目,6072.0,282609.5918159736,2660,1407.0,499.45,0.9,4813.32,-0.22,True,0.5289473684210526,0.35497512437810946,0.9,1.809518796992481,-0.22,False,0.18776315789473685
江戸川区|南葛西6丁目,江戸川区,南葛西６丁目,6036.0,302782.1894095453,2867,1965.0,801.3,0.91,3114.85,-0.37,True,0.6853854202999651,0.4077862595419847,0.91,1.0864492500871992,-0.37,False,0.2794907568887338
江戸川区|南葛西7丁目,江戸川区,南葛西７丁目,3412.0,170253.96270699703,1619,443.0,63.69,0.64,4037.59,0.05,True,0.2736256948733786,0.14376975169300224,0.64,2.493878937615812,0.05,False,0.039339098208770844
江戸川区|北葛西1丁目,江戸川区,北葛西１丁目,3372.0,549747.3980398601,2577,2369.0,3146.11,4.4,-68.51,-1.85,True,0.9192859914629414,1.3280329252849303,4.4,-0.026585176561893676,-1.85,True,1.2208420644159876
江戸川区|北葛西2丁目,江戸川区,北葛西２丁目,5554.0,505232.71023987426,3476,3473.0,5727.64,3.45,-3565.65,-2.18,True,0.9991369390103567,1.6491909012381227,3.45,-1.0257911392405064,-2.18,True,1.6477675489067896
江戸川区|北葛西3丁目,江戸川区,北葛西３丁目,984.0,145201.69946053877,1347,1346.0,2241.54,2.7,-1522.41,-2.16,True,0.9992576095025983,1.665334323922734,2.7,-1.1302227171492205,-2.16,True,1.664097995545657
江戸川区|北葛西4丁目,江戸川区,北葛西４丁目,5938.0,248561.16552559283,2372,2372.0,3987.69,2.66,-2818.65,-2.14,True,1.0,1.6811509274873524,2.66,-1.1883010118043846,-2.14,True,1.6811509274873524
江戸川区|北葛西5丁目,江戸川区,北葛西５丁目,3421.0,172952.07981935746,1621,1601.0,2356.36,2.18,-1605.87,-1.72,True,0.9876619370758791,1.4718051217988757,2.18,-0.9906662553979024,-1.72,True,1.4536458975940778
江戸川区|中葛西1丁目,江戸川区,中葛西１丁目,6211.0,272763.72908045887,2586,2542.0,3418.44,2.56,-2228.58,-1.74,True,0.982985305491106,1.3447836349331235,2.56,-0.8617865429234338,-1.74,True,1.3219025522041763
江戸川区|中葛西2丁目,江戸川区,中葛西２丁目,3525.0,203737.79650989824,1895,1786.0,1467.98,1.71,-675.71,-1.3,True,0.9424802110817943,0.8219372900335946,1.71,-0.35657519788918207,-1.3,True,0.7746596306068602
江戸川区|中葛西3丁目,江戸川区,中葛西３丁目,5819.0,225628.50863058533,2151,2125.0,1783.33,1.61,-906.43,-1.11,True,0.9879125987912599,0.8392141176470588,1.61,-0.4213993491399349,-1.11,True,0.82907019990702
江戸川区|中葛西4丁目,江戸川区,中葛西４丁目,3407.0,135754.55237691756,1300,1300.0,1371.15,2.44,-760.76,-1.37,True,1.0,1.0547307692307692,2.44,-0.5851999999999999,-1.37,True,1.0547307692307692
江戸川区|中葛西5丁目,江戸川区,中葛西５丁目,7349.0,254319.39169724457,2430,2409.0,1717.4,1.55,-757.04,-1.16,True,0.991358024691358,0.7129099211290992,1.55,-0.31153909465020574,-1.16,True,0.7067489711934156
江戸川区|中葛西6丁目,江戸川区,中葛西６丁目,3579.0,151950.65140599682,1455,1357.0,1173.85,2.04,-550.08,-1.12,True,0.9326460481099657,0.865033161385409,2.04,-0.37806185567010314,-1.12,True,0.8067697594501718
江戸川区|中葛西7丁目,江戸川区,中葛西７丁目,5229.0,210616.5999908664,1998,1810.0,1398.03,2.0,-415.42,-1.12,True,0.9059059059059059,0.7723922651933701,2.0,-0.20791791791791792,-1.12,True,0.6997147147147147
江戸川区|中葛西8丁目,江戸川区,中葛西８丁目,3339.0,189283.3724437336,1799,1508.0,1024.08,1.5,-306.46,-1.13,True,0.8382434685936632,0.6790981432360742,1.5,-0.17035019455252917,-1.13,True,0.5692495831017231
江戸川区|清新町1丁目,江戸川区,清新町１丁目,10566.0,427083.1012144062,3905,783.0,88.14,2.38,18163.94,-1.29,True,0.20051216389244558,0.11256704980842912,2.38,4.651457106274007,-1.29,False,0.022571062740076826
江戸川区|清新町2丁目,江戸川区,清新町２丁目,4227.0,251493.30635445242,2259,716.0,55.88,0.3,9678.18,1.97,True,0.31695440460380697,0.07804469273743017,0.3,4.284276228419655,1.97,False,0.02473660911907924
江戸川区|臨海町1丁目,江戸川区,臨海町１丁目,2077.0,544128.1449614533,4126,349.0,61.23,0.73,27475.53,0.8,True,0.08458555501696559,0.17544412607449855,0.73,6.6591202132816285,0.8,False,0.014840038778477943
江戸川区|臨海町2丁目,江戸川区,臨海町２丁目,2302.0,391297.8495599215,3312,160.0,24.52,0.62,17099.04,1.73,True,0.04830917874396135,0.15325,0.62,5.162753623188406,1.73,False,0.007403381642512077
江戸川区|臨海町3丁目,江戸川区,臨海町３丁目,0.0,323112.75232879224,2859,391.0,30.09,0.4,11491.58,1.16,True,0.13676110528156699,0.07695652173913044,0.4,4.019440363763554,1.16,False,0.010524658971668417
江戸川区|臨海町4丁目,江戸川区,臨海町４丁目,98.0,279567.27555970906,2670,336.0,84.29,0.69,10471.72,2.8,True,0.1258426966292135,0.25086309523809525,0.69,3.9219925093632955,2.8,False,0.03156928838951311
江戸川区|臨海町5丁目,江戸川区,臨海町５丁目,2543.0,62462.631743572216,598,147.0,45.11,0.9,2286.03,1.03,True,0.24581939799331104,0.3068707482993197,0.9,3.8227926421404685,1.03,False,0.07543478260869564
江戸川区|臨海町6丁目,江戸川区,臨海町６丁目,0.0,2355808.647030816,11318,798.0,165.43,0.59,64327.14,0.22,True,0.07050715674147376,0.20730576441102758,0.59,5.683613712670083,0.22,False,0.014616540024739354
江戸川区|大杉1丁目,江戸川区,大杉１丁目,2275.0,139738.2633810084,1329,1245.0,389.81,0.79,223.31,-0.5,True,0.9367945823927766,0.3131004016064257,0.79,0.1680285929270128,-0.5,False,0.2933107599699022
江戸川区|大杉2丁目,江戸川区,大杉２丁目,1892.0,130697.6915455087,1250,1188.0,715.2,1.78,655.5999999999999,-0.65,True,0.9504,0.602020202020202,1.78,0.52448,-0.65,False,0.57216
江戸川区|大杉3丁目,江戸川区,大杉３丁目,1435.0,162842.80615963074,1181,1174.0,1296.6499999999999,2.7,1219.23,0.07,True,0.9940728196443692,1.1044718909710391,2.7,1.0323708721422524,0.07,False,1.0979254868755293
江戸川区|大杉4丁目,江戸川区,大杉４丁目,1944.0,169123.0520436323,1247,1228.0,1266.85,2.57,1162.95,0.2,True,0.9847634322373697,1.0316368078175895,2.57,0.932598235765838,0.2,False,1.0159182036888532
江戸川区|大杉5丁目,江戸川区,大杉５丁目,3243.0,204019.03435294938,1954,1910.0,957.51,1.31,662.05,-1.19,True,0.977482088024565,0.5013141361256545,1.31,0.33881780962128966,-1.19,False,0.49002558853633577
江戸川区|松本1丁目,江戸川区,松本１丁目,2230.0,207414.3978035843,1983,1978.0,1712.5,2.73,-1254.07,-1.9,True,0.9974785678265254,0.8657735085945399,2.73,-0.6324104891578416,-1.9,True,0.8635905194150277
江戸川区|松本2丁目,江戸川区,松本２丁目,1899.0,257171.19213578157,1813,1805.0,2008.46,2.77,1467.86,-1.05,True,0.9955874241588527,1.1127202216066483,2.77,0.8096304467733039,-1.05,False,1.1078102592388308
江戸川区|上一色1丁目,江戸川区,上一色１丁目,1430.0,106495.85850632552,1014,1000.0,1384.21,2.78,-906.19,-1.55,True,0.9861932938856016,1.38421,2.78,-0.8936785009861934,-1.55,True,1.3650986193293886
江戸川区|上一色2丁目,江戸川区,上一色２丁目,1609.0,129291.56391512493,1017,946.0,1477.66,2.97,344.13,-1.44,True,0.9301868239921337,1.5620084566596195,2.97,0.33837758112094396,-1.44,False,1.4529596853490658
江戸川区|上一色3丁目,江戸川区,上一色３丁目,1325.0,150090.3334874413,1155,1086.0,1580.51,3.62,669.5,-1.82,True,0.9402597402597402,1.4553499079189687,3.62,0.5796536796536796,-1.82,False,1.3684069264069263
江戸川区|本一色1丁目,江戸川区,本一色１丁目,4965.0,214649.579616154,2035,2029.0,1732.41,1.44,-2013.44,-1.54,True,0.9970515970515971,0.8538245441103992,1.44,-0.9894054054054054,-1.54,True,0.8513071253071253
江戸川区|本一色2丁目,江戸川区,本一色２丁目,2139.0,183830.95476494025,1758,1754.0,1891.45,2.93,-1595.81,-1.54,True,0.9977246871444824,1.078363740022805,2.93,-0.9077417519908987,-1.54,True,1.075910125142207
江戸川区|本一色3丁目,江戸川区,本一色３丁目,3572.0,275168.91306212114,2641,2641.0,3039.82,2.42,-2528.1,-1.56,True,1.0,1.1510109806891329,2.42,-0.9572510412722454,-1.56,True,1.1510109806891329
江戸川区|瑞江1丁目,江戸川区,瑞江１丁目,3699.0,233458.92111685392,2226,1988.0,720.77,0.9,2639.16,0.58,True,0.8930817610062893,0.3625603621730382,0.9,1.1856064690026953,0.58,False,0.32379604672057505
江戸川区|瑞江2丁目,江戸川区,瑞江２丁目,3672.0,175281.3215945997,1680,1669.0,1152.37,2.71,1179.86,-1.35,True,0.993452380952381,0.6904553624925104,2.71,0.702297619047619,-1.35,False,0.6859345238095237
江戸川区|瑞江3丁目,江戸川区,瑞江３丁目,1797.0,86001.96997073697,821,821.0,764.15,1.58,460.94,-0.1,True,1.0,0.9307551766138855,1.58,0.5614372716199756,-0.1,False,0.9307551766138855
江戸川区|瑞江4丁目,江戸川区,瑞江４丁目,1894.0,154154.80456537625,1479,1479.0,1369.14,1.68,748.63,-0.25,True,1.0,0.9257200811359027,1.68,0.5061730899256254,-0.25,False,0.9257200811359027
江戸川区|北篠崎1丁目,江戸川区,北篠崎１丁目,975.0,111226.23868042817,614,527.0,121.79,1.39,1092.75,1.23,True,0.8583061889250815,0.23110056925996206,1.39,1.7797231270358307,1.23,False,0.19835504885993488
江戸川区|北篠崎2丁目,江戸川区,北篠崎２丁目,3415.0,366396.55988430936,2027,1787.0,600.03,0.78,3281.52,1.03,True,0.8815984213122842,0.33577504196978175,0.78,1.6189047853971386,1.03,False,0.29601874691662555
江戸川区|上篠崎1丁目,江戸川区,上篠崎１丁目,1312.0,547178.3590271015,3030,2696.0,928.49,1.1,4895.8,0.98,True,0.8897689768976897,0.3443954005934718,1.1,1.6157755775577558,0.98,False,0.3064323432343234
江戸川区|上篠崎2丁目,江戸川区,上篠崎２丁目,2655.0,242951.04116284414,1471,1299.0,418.98,0.74,2340.39,1.02,True,0.8830727396329028,0.322540415704388,0.74,1.5910197144799456,1.02,False,0.2848266485384093
江戸川区|上篠崎3丁目,江戸川区,上篠崎３丁目,2105.0,121427.10838998709,1163,1059.0,286.26,0.62,1789.72,1.15,True,0.9105760963026656,0.27031161473087817,0.62,1.5388822012037833,1.15,False,0.24613929492691314
江戸川区|上篠崎4丁目,江戸川区,上篠崎４丁目,2903.0,195224.60307982875,1869,1751.0,672.12,0.95,2626.2599999999998,0.83,True,0.936864633493847,0.38384922901199314,0.95,1.4051685393258426,0.83,False,0.3596147672552167
江戸川区|谷河内1丁目,江戸川区,谷河内１丁目,985.0,101523.32551529593,967,910.0,621.2,2.41,1106.43,0.53,True,0.9410548086866598,0.6826373626373626,2.41,1.1441882109617374,0.53,False,0.6423991726990693
江戸川区|谷河内2丁目,江戸川区,谷河内２丁目,2036.0,122486.74212837858,1171,562.0,84.62,0.62,1670.54,0.8,True,0.47993168232280103,0.1505693950177936,0.62,1.426592655849701,0.8,False,0.07226302305721606
江戸川区|東松本1丁目,江戸川区,東松本１丁目,1723.0,97127.67763086851,926,922.0,537.01,1.39,1299.5,1.0,True,0.9956803455723542,0.5824403470715835,1.39,1.4033477321814254,1.0,False,0.5799244060475162
江戸川区|東松本2丁目,江戸川区,東松本２丁目,1163.0,155160.1981864504,997,993.0,1201.99,2.59,1388.01,0.88,True,0.995987963891675,1.2104632426988922,2.59,1.392186559679037,0.88,False,1.2056068204613841
