{
"type": "FeatureCollection",
"name": "13102",
"crs": { "type": "name", "properties": { "name": "urn:ogc:def:crs:OGC:1.3:CRS84" } },
"features": [
{ "type": "Feature", "properties": { "key": "中央区|八重洲2丁目", "ward": "中央区", "town": "八重洲２丁目" }, "geometry": { "type": "Polygon", "coordinates": [ [ [ 139.769458, 35.678322 ], [ 139.769192, 35.677898 ], [ 139.769044, 35.677651 ], [ 139.768792, 35.677251 ], [ 139.768484, 35.676742 ], [ 139.768192, 35.676278 ], [ 139.767977, 35.675924 ], [ 139.76779, 35.675617 ], [ 139.767696, 35.675466 ], [ 139.76621, 35.675906 ], [ 139.766145, 35.675822 ], [ 139.765902, 35.675907 ], [ 139.765745, 35.675962 ], [ 139.765807, 35.675983 ], [ 139.766641, 35.677225 ], [ 139.766695, 35.677306 ], [ 139.766789, 35.677436 ], [ 139.766824, 35.677436 ], [ 139.766866, 35.677466 ], [ 139.76689, 35.677527 ], [ 139.766885, 35.677538 ], [ 139.766877, 35.677558 ], [ 139.766988, 35.677712 ], [ 139.767012, 35.6777 ], [ 139.767015, 35.677705 ], [ 139.767021, 35.677703 ], [ 139.767258, 35.678069 ], [ 139.767232, 35.678081 ], [ 139.767522, 35.678525 ], [ 139.767527, 35.678523 ], [ 139.76775, 35.678876 ], [ 139.76784, 35.679014 ], [ 139.768022, 35.679299 ], [ 139.768778, 35.680483 ], [ 139.768999, 35.680393 ], [ 139.769027, 35.680381 ], [ 139.770392, 35.679816 ], [ 139.770088, 35.679335 ], [ 139.76986, 35.678978 ], [ 139.769679, 35.678682 ], [ 139.769668, 35.678663 ], [ 139.769458, 35.678322 ] ] ] } },
{ "type": "Feature", "properties": { "key": "中央区|京橋1丁目", "ward": "中央区", "town": "京橋１丁目" }, "geometry": { "type": "Polygon", "coordinates": [ [ [ 139.773025, 35.678716 ], [ 139.773041, 35.678719 ], [ 139.7737, 35.678461 ], [ 139.77371, 35.678433 ], [ 139.774411, 35.678156 ], [ 139.774419, 35.678177 ], [ 139.774722, 35.678052 ], [ 139.774738, 35.678032 ], [ 139.773852, 35.676587 ], [ 139.773833, 35.676588 ], [ 139.7735, 35.676694 ], [ 139.772806, 35.676959 ], [ 139.772117, 35.677252 ], [ 139.770732, 35.677805 ], [ 139.769458, 35.678322 ], [ 139.769668, 35.678663 ], [ 139.769679, 35.678682 ], [ 139.76986, 35.678978 ], [ 139.770088, 35.679335 ], [ 139.770392, 35.679816 ], [ 139.771654, 35.679284 ], [ 139.772529, 35.678922 ], [ 139.773025, 35.678716 ] ] ] } },
{ "type": "Feature", "properties": { "key": "中央区|京橋2丁目", "ward": "中央区", "town": "京橋２丁目" }, "geometry": { "type": "Polygon", "coordinates": [ [ [ 139.772798, 35.674983 ], [ 139.772503, 35.675096 ], [ 139.771821, 35.675364 ], [ 139.771113, 35.675651 ], [ 139.769745, 35.676223 ], [ 139.768484, 35.676742 ], [ 139.768792, 35.677251 ], [ 139.769044, 35.677651 ], [ 139.769192, 35.677898 ], [ 139.769458, 35.678322 ], [ 139.770732, 35.677805 ], [ 139.772117, 35.677252 ], [ 139.772806, 35.676959 ], [ 139.7735, 35.676694 ], [ 139.773833, 35.676588 ], [ 139.773132, 35.675494 ], [ 139.772798, 35.674983 ] ] ] } },
{ "type": "Feature", "properties": { "key": "中央区|京橋3丁目", "ward": "中央区", "town": "京橋３丁目" }, "geometry": { "type": "Polygon", "coordinates": [ [ [ 139.772503, 35.675096 ], [ 139.772798, 35.674983 ], [ 139.772813, 35.674968 ], [ 139.772479, 35.674449 ], [ 139.772465, 35.674446 ], [ 139.772482, 35.674049 ], [ 139.772098, 35.674115 ], [ 139.771943, 35.674202 ], [ 139.771918, 35.674222 ], [ 139.771487, 35.674393 ], [ 139.771439, 35.674347 ], [ 139.771244, 35.674417 ], [ 139.771233, 35.674428 ], [ 139.77052, 35.674701 ], [ 139.77045, 35.674729 ], [ 139.770383, 35.674786 ], [ 139.769104, 35.675207 ], [ 139.769106, 35.67519 ], [ 139.76864, 35.675313 ], [ 139.768184, 35.675325 ], [ 139.767696, 35.675466 ], [ 139.76779, 35.675617 ], [ 139.767977, 35.675924 ], [ 139.768192, 35.676278 ], [ 139.768484, 35.676742 ], [ 139.769745, 35.676223 ], [ 139.771113, 35.675651 ], [ 139.771821, 35.675364 ], [ 139.772503, 35.675096 ] ] ] } },
{ "type": "Feature", "properties": { "key": "中央区|銀座1丁目", "ward": "中央区", "town": "銀座１丁目" }, "geometry": { "type": "Polygon", "coordinates": [ [ [ 139.766145, 35.675822 ], [ 139.76621, 35.675906 ], [ 139.767696, 35.675466 ], [ 139.768184, 35.675325 ], [ 139.76864, 35.675313 ], [ 139.769106, 35.67519 ], [ 139.769104, 35.675207 ], [ 139.770383, 35.674786 ], [ 139.77045, 35.674729 ], [ 139.77052, 35.674701 ], [ 139.771233, 35.674428 ], [ 139.771244, 35.674417 ], [ 139.771439, 35.674347 ], [ 139.771487, 35.674393 ], [ 139.771918, 35.674222 ], [ 139.771943, 35.674202 ], [ 139.772098, 35.674115 ], [ 139.772482, 35.674049 ], [ 139.772501, 35.674051 ], [ 139.772491, 35.673675 ], [ 139.772489, 35.673601 ], [ 139.772412, 35.673429 ], [ 139.772415, 35.673393 ], [ 139.772395, 35.673372 ], [ 139.772147, 35.67251 ], [ 139.772145, 35.6725 ], [ 139.77183, 35.671529 ], [ 139.771765, 35.67142 ], [ 139.771684, 35.671345 ], [ 139.771539, 35.6714 ], [ 139.771095, 35.671609 ], [ 139.770926, 35.671719 ], [ 139.770582, 35.671954 ], [ 139.770245, 35.672172 ], [ 139.769703, 35.672538 ], [ 139.769168, 35.67289 ], [ 139.768805, 35.673128 ], [ 139.768562, 35.67329 ], [ 139.768206, 35.673533 ], [ 139.76779, 35.673821 ], [ 139.767342, 35.674127 ], [ 139.766996, 35.674364 ], [ 139.766609, 35.674633 ], [ 139.766242, 35.674901 ], [ 139.766231, 35.674908 ], [ 139.765741, 35.67527 ], [ 139.765661, 35.675172 ], [ 139.765268, 35.675264 ], [ 139.765524, 35.675635 ], [ 139.765594, 35.675737 ], [ 139.765745, 35.675962 ], [ 139.765902, 35.675907 ], [ 139.766145, 35.675822 ] ] ] } },
{ "type": "Feature", "properties": { "key": "中央区|銀座2丁目", "ward": "中央区", "town": "銀座２丁目" }, "geometry": { "type": "Polygon", "coordinates": [ [ [ 139.766231, 35.674908 ], [ 139.766242, 35.674901 ], [ 139.766609, 35.674633 ], [ 139.766996, 35.674364 ], [ 139.767342, 35.674127 ], [ 139.76779, 35.673821 ], [ 139.768206, 35.673533 ], [ 139.768562, 35.67329 ], [ 139.768805, 35.673128 ], [ 139.769168, 35.67289 ], [ 139.769703, 35.672538 ], [ 139.770245, 35.672172 ], [ 139.770582, 35.671954 ], [ 139.770926, 35.671719 ], [ 139.771095, 35.671609 ], [ 139.771539, 35.6714 ], [ 139.771684, 35.671345 ], [ 139.771561, 35.671212 ], [ 139.771195, 35.670864 ], [ 139.771054, 35.670728 ], [ 139.770637, 35.670361 ], [ 139.770628, 35.670354 ], [ 139.770284, 35.670592 ], [ 139.769964, 35.670809 ], [ 139.769722, 35.670977 ], [ 139.769647, 35.67103 ], [ 139.769331, 35.671247 ], [ 139.768832, 35.671594 ], [ 139.768376, 35.671903 ], [ 139.768007, 35.672149 ], [ 139.767776, 35.672304 ], [ 139.767333, 35.672618 ], [ 139.766848, 35.672954 ], [ 139.766414, 35.673249 ], [ 139.766402, 35.673259 ], [ 139.766062, 35.673497 ], [ 139.765691, 35.673757 ], [ 139.765385, 35.67397 ], [ 139.764955, 35.674262 ], [ 139.765001, 35.674316 ], [ 139.764715, 35.674459 ], [ 139.765241, 35.675224 ], [ 139.765268, 35.675264 ], [ 139.765661, 35.675172 ], [ 139.765741, 35.67527 ], [ 139.766231, 35.674908 ] ] ] } },
{ "type": "Feature", "properties": { "key": "中央区|銀座3丁目", "ward": "中央区", "town": "銀座３丁目" }, "geometry": { "type": "Polygon", "coordinates": [ [ [ 139.76957, 35.669458 ], [ 139.769248, 35.669689 ], [ 139.769244, 35.669692 ], [ 139.769223, 35.669707 ], [ 139.768967, 35.669882 ], [ 139.768921, 35.669922 ], [ 139.768654, 35.670115 ], [ 139.768385, 35.670303 ], [ 139.768132, 35.670479 ], [ 139.767966, 35.670621 ], [ 139.767801, 35.670771 ], [ 139.767551, 35.670923 ], [ 139.767203, 35.671134 ], [ 139.766947, 35.671294 ], [ 139.766445, 35.671652 ], [ 139.765882, 35.672046 ], [ 139.765452, 35.672351 ], [ 139.76511, 35.672591 ], [ 139.764724, 35.672859 ], [ 139.764185, 35.673224 ], [ 139.764426, 35.673491 ], [ 139.764161, 35.673643 ], [ 139.76466, 35.674378 ], [ 139.764715, 35.674459 ], [ 139.765001, 35.674316 ], [ 139.764955, 35.674262 ], [ 139.765385, 35.67397 ], [ 139.765691, 35.673757 ], [ 139.766062, 35.673497 ], [ 139.766402, 35.673259 ], [ 139.766414, 35.673249 ], [ 139.766848, 35.672954 ], [ 139.767333, 35.672618 ], [ 139.767776, 35.672304 ], [ 139.768007, 35.672149 ], [ 139.768376, 35.671903 ], [ 139.768832, 35.671594 ], [ 139.769331, 35.671247 ], [ 139.769647, 35.67103 ], [ 139.769722, 35.670977 ], [ 139.769964, 35.670809 ], [ 139.770284, 35.670592 ], [ 139.770628, 35.670354 ], [ 139.770025, 35.669852 ], [ 139.769837, 35.669689 ], [ 139.76957, 35.669458 ] ] ] } },
{ "type": "Feature", "properties": { "key": "中央区|銀座4丁目", "ward": "中央区", "town": "銀座４丁目" }, "geometry": { "type": "Polygon", "coordinates": [ [ [ 139.767801, 35.670771 ], [ 139.767966, 35.670621 ], [ 139.768132, 35.670479 ], [ 139.768385, 35.670303 ], [ 139.768654, 35.670115 ], [ 139.768921, 35.669922 ], [ 139.768967, 35.669882 ], [ 139.769223, 35.669707 ], [ 139.769244, 35.669692 ], [ 139.769248, 35.669689 ], [ 139.76957, 35.669458 ], [ 139.769284, 35.669214 ], [ 139.769097, 35.669055 ], [ 139.768392, 35.668459 ], [ 139.768373, 35.668471 ], [ 139.768081, 35.668722 ], [ 139.767819, 35.66895 ], [ 139.767495, 35.669221 ], [ 139.767062, 35.669589 ], [ 139.767026, 35.669633 ], [ 139.766963, 35.669688 ], [ 139.766588, 35.670011 ], [ 139.766585, 35.669996 ], [ 139.766076, 35.670427 ], [ 139.766064, 35.670449 ], [ 139.765569, 35.670827 ], [ 139.76557, 35.670817 ], [ 139.765024, 35.671214 ], [ 139.765022, 35.671239 ], [ 139.764605, 35.671556 ], [ 139.764272, 35.671794 ], [ 139.764268, 35.671797 ], [ 139.763886, 35.67207 ], [ 139.763881, 35.672074 ], [ 139.76355, 35.672307 ], [ 139.763242, 35.67254 ], [ 139.763172, 35.672594 ], [ 139.762817, 35.672837 ], [ 139.762659, 35.672964 ], [ 139.762675, 35.672968 ], [ 139.763535, 35.673217 ], [ 139.763802, 35.673318 ], [ 139.763927, 35.673395 ], [ 139.764051, 35.673509 ], [ 139.764138, 35.673615 ], [ 139.764161, 35.673643 ], [ 139.764426, 35.673491 ], [ 139.764185, 35.673224 ], [ 139.764724, 35.672859 ], [ 139.76511, 35.672591 ], [ 139.765452, 35.672351 ], [ 139.765882, 35.672046 ], [ 139.766445, 35.671652 ], [ 139.766947, 35.671294 ], [ 139.767203, 35.671134 ], [ 139.767551, 35.670923 ], [ 139.767801, 35.670771 ] ] ] } },
{ "type": "Feature", "properties": { "key": "中央区|銀座5丁目", "ward": "中央区", "town": "銀座５丁目" }, "geometry": { "type": "Polygon", "coordinates": [ [ [ 139.76557, 35.670817 ], [ 139.765569, 35.670827 ], [ 139.766064, 35.670449 ], [ 139.766076, 35.670427 ], [ 139.766585, 35.669996 ], [ 139.766588, 35.670011 ], [ 139.766963, 35.669688 ], [ 139.767026, 35.669633 ], [ 139.767062, 35.669589 ], [ 139.767495, 35.669221 ], [ 139.767819, 35.66895 ], [ 139.768081, 35.668722 ], [ 139.768373, 35.668471 ], [ 139.767733, 35.667936 ], [ 139.76752, 35.667644 ], [ 139.767469, 35.667463 ], [ 139.76727, 35.667643 ], [ 139.766776, 35.66811 ], [ 139.766502, 35.668353 ], [ 139.766071, 35.668765 ], [ 139.765578, 35.669228 ], [ 139.765527, 35.669273 ], [ 139.765241, 35.669481 ], [ 139.765002, 35.669641 ], [ 139.764937, 35.669686 ], [ 139.764557, 35.669955 ], [ 139.764061, 35.670305 ], [ 139.763616, 35.670622 ], [ 139.763277, 35.670853 ], [ 139.762901, 35.671118 ], [ 139.762894, 35.671125 ], [ 139.762555, 35.671362 ], [ 139.762526, 35.671377 ], [ 139.762222, 35.671588 ], [ 139.761802, 35.671881 ], [ 139.761753, 35.67191 ], [ 139.761314, 35.671959 ], [ 139.760563, 35.672012 ], [ 139.760465, 35.672047 ], [ 139.760468, 35.672053 ], [ 139.760395, 35.672076 ], [ 139.760506, 35.67222 ], [ 139.760548, 35.672274 ], [ 139.760579, 35.672314 ], [ 139.760666, 35.672389 ], [ 139.76077, 35.672449 ], [ 139.760907, 35.672533 ], [ 139.762659, 35.672964 ], [ 139.762817, 35.672837 ], [ 139.763172, 35.672594 ], [ 139.763242, 35.67254 ], [ 139.76355, 35.672307 ], [ 139.763881, 35.672074 ], [ 139.763886, 35.67207 ], [ 139.764268, 35.671797 ], [ 139.764272, 35.671794 ], [ 139.764605, 35.671556 ], [ 139.765022, 35.671239 ], [ 139.765024, 35.671214 ], [ 139.76557, 35.670817 ] ] ] } },
{ "type": "Feature", "properties": { "key": "中央区|銀座6丁目", "ward": "中央区", "town": "銀座６丁目" }, "geometry": { "type": "Polygon", "coordinates": [ [ [ 139.766986, 35.666409 ], [ 139.76672, 35.666632 ], [ 139.766361, 35.666936 ], [ 139.765792, 35.667394 ], [ 139.765514, 35.667617 ], [ 139.765073, 35.667975 ], [ 139.764511, 35.668428 ], [ 139.764201, 35.668656 ], [ 139.763936, 35.668843 ], [ 139.763561, 35.669108 ], [ 139.763123, 35.669417 ], [ 139.762736, 35.669685 ], [ 139.762677, 35.669726 ], [ 139.762331, 35.669964 ], [ 139.761946, 35.670224 ], [ 139.761594, 35.670467 ], [ 139.761579, 35.67048 ], [ 139.761284, 35.670691 ], [ 139.760845, 35.670992 ], [ 139.760523, 35.671222 ], [ 139.760152, 35.671479 ], [ 139.760087, 35.671527 ], [ 139.760395, 35.672076 ], [ 139.760468, 35.672053 ], [ 139.760465, 35.672047 ], [ 139.760563, 35.672012 ], [ 139.761314, 35.671959 ], [ 139.761753, 35.67191 ], [ 139.761802, 35.671881 ], [ 139.762222, 35.671588 ], [ 139.762526, 35.671377 ], [ 139.762555, 35.671362 ], [ 139.762894, 35.671125 ], [ 139.762901, 35.671118 ], [ 139.763277, 35.670853 ], [ 139.763616, 35.670622 ], [ 139.764061, 35.670305 ], [ 139.764557, 35.669955 ], [ 139.764937, 35.669686 ], [ 139.765002, 35.669641 ], [ 139.765241, 35.669481 ], [ 139.765527, 35.669273 ], [ 139.765578, 35.669228 ], [ 139.766071, 35.668765 ], [ 139.766502, 35.668353 ], [ 139.766776, 35.66811 ], [ 139.76727, 35.667643 ], [ 139.767469, 35.667463 ], [ 139.767448, 35.667299 ], [ 139.767423, 35.667203 ], [ 139.767418, 35.666929 ], [ 139.767382, 35.666781 ], [ 139.76725, 35.666614 ], [ 139.766986, 35.666409 ] ] ] } },
{ "type": "Feature", "properties": { "key": "中央区|銀座7丁目", "ward": "中央区", "town": "銀座７丁目" }, "geometry": { "type": "Polygon", "coordinates": [ [ [ 139.766361, 35.666936 ], [ 139.76672, 35.666632 ], [ 139.766986, 35.666409 ], [ 139.765965, 35.665617 ], [ 139.765952, 35.665619 ], [ 139.765703, 35.665838 ], [ 139.765326, 35.666146 ], [ 139.764789, 35.666593 ], [ 139.764522, 35.666812 ], [ 139.764111, 35.667143 ], [ 139.764043, 35.667096 ], [ 139.764006, 35.667134 ], [ 139.763406, 35.667614 ], [ 139.76314, 35.667837 ], [ 139.762889, 35.668038 ], [ 139.76257, 35.66826 ], [ 139.762186, 35.668534 ], [ 139.761736, 35.668849 ], [ 139.761406, 35.669085 ], [ 139.761028, 35.669352 ], [ 139.760678, 35.66959 ], [ 139.760541, 35.669684 ], [ 139.760347, 35.669817 ], [ 139.759924, 35.670116 ], [ 139.759543, 35.670373 ], [ 139.759471, 35.670425 ], [ 139.760087, 35.671527 ], [ 139.760152, 35.671479 ], [ 139.760523, 35.671222 ], [ 139.760845, 35.670992 ], [ 139.761284, 35.670691 ], [ 139.761579, 35.67048 ], [ 139.761594, 35.670467 ], [ 139.761946, 35.670224 ], [ 139.762331, 35.669964 ], [ 139.762677, 35.669726 ], [ 139.762736, 35.669685 ], [ 139.763123, 35.669417 ], [ 139.763561, 35.669108 ], [ 139.763936, 35.668843 ], [ 139.764201, 35.668656 ], [ 139.764511, 35.668428 ], [ 139.765073, 35.667975 ], [ 139.765514, 35.667617 ], [ 139.765792, 35.667394 ], [ 139.766361, 35.666936 ] ] ] } },
{ "type": "Feature", "properties": { "key": "中央区|銀座8丁目", "ward": "中央区", "town": "銀座８丁目" }, "geometry": { "type": "Polygon", "coordinates": [ [ [ 139.764043, 35.667096 ], [ 139.764111, 35.667143 ], [ 139.764522, 35.666812 ], [ 139.764789, 35.666593 ], [ 139.765326, 35.666146 ], [ 139.765703, 35.665838 ], [ 139.765952, 35.665619 ], [ 139.765838, 35.665518 ], [ 139.765405, 35.665047 ], [ 139.764938, 35.664538 ], [ 139.764708, 35.664294 ], [ 139.764709, 35.664289 ], [ 139.763868, 35.663535 ], [ 139.763693, 35.663396 ], [ 139.763456, 35.663247 ], [ 139.76336, 35.663313 ], [ 139.762943, 35.663603 ], [ 139.763067, 35.66375 ], [ 139.763176, 35.663918 ], [ 139.763176, 35.663919 ], [ 139.763246, 35.664103 ], [ 139.763282, 35.664217 ], [ 139.763279, 35.66434 ], [ 139.763248, 35.664702 ], [ 139.763175, 35.665329 ], [ 139.76305, 35.665654 ], [ 139.762876, 35.665987 ], [ 139.762668, 35.666384 ], [ 139.762573, 35.66654 ], [ 139.762561, 35.666561 ], [ 139.762501, 35.666659 ], [ 139.762393, 35.666871 ], [ 139.762254, 35.667144 ], [ 139.762249, 35.667154 ], [ 139.762236, 35.667159 ], [ 139.761893, 35.667268 ], [ 139.761529, 35.667386 ], [ 139.761117, 35.667518 ], [ 139.761092, 35.667527 ], [ 139.760533, 35.667708 ], [ 139.760099, 35.667849 ], [ 139.759755, 35.667963 ], [ 139.759603, 35.668011 ], [ 139.759135, 35.668165 ], [ 139.75879, 35.668278 ], [ 139.758704, 35.668307 ], [ 139.758492, 35.668376 ], [ 139.758521, 35.668526 ], [ 139.758529, 35.668565 ], [ 139.758546, 35.668631 ], [ 139.75859, 35.668768 ], [ 139.758666, 35.668968 ], [ 139.758923, 35.669444 ], [ 139.758969, 35.669527 ], [ 139.759471, 35.670425 ], [ 139.759543, 35.670373 ], [ 139.759924, 35.670116 ], [ 139.760347, 35.669817 ], [ 139.760541, 35.669684 ], [ 139.760678, 35.66959 ], [ 139.761028, 35.669352 ], [ 139.761406, 35.669085 ], [ 139.761736, 35.668849 ], [ 139.762186, 35.668534 ], [ 139.76257, 35.66826 ], [ 139.762889, 35.668038 ], [ 139.76314, 35.667837 ], [ 139.763406, 35.667614 ], [ 139.764006, 35.667134 ], [ 139.764043, 35.667096 ] ] ] } },
{ "type": "Feature", "properties": { "key": "中央区|新富1丁目", "ward": "中央区", "town": "新富１丁目" }, "geometry": { "type": "Polygon", "coordinates": [ [ [ 139.775553, 35.671471 ], [ 139.775074, 35.671597 ], [ 139.77466, 35.671714 ], [ 139.774253, 35.671819 ], [ 139.773699, 35.671974 ], [ 139.77334, 35.672078 ], [ 139.772997, 35.672173 ], [ 139.77266, 35.672272 ], [ 139.772145, 35.6725 ], [ 139.772147, 35.67251 ], [ 139.772395, 35.673372 ], [ 139.772415, 35.673393 ], [ 139.772412, 35.673429 ], [ 139.772489, 35.673601 ], [ 139.772491, 35.673675 ], [ 139.772501, 35.674051 ], [ 139.773074, 35.674035 ], [ 139.773148, 35.673992 ], [ 139.773173, 35.673991 ], [ 139.774227, 35.673919 ], [ 139.774242, 35.673917 ], [ 139.775784, 35.673897 ], [ 139.776535, 35.673888 ], [ 139.776343, 35.673393 ], [ 139.77633, 35.673364 ], [ 139.776158, 35.672976 ], [ 139.776012, 35.672637 ], [ 139.775813, 35.672109 ], [ 139.775773, 35.672027 ], [ 139.775714, 35.671879 ], [ 139.775553, 35.671471 ] ] ] } },
{ "type": "Feature", "properties": { "key": "中央区|新富2丁目", "ward": "中央区", "town": "新富２丁目" }, "geometry": { "type": "Polygon", "coordinates": [ [ [ 139.774806, 35.670085 ], [ 139.774486, 35.670208 ], [ 139.774247, 35.670305 ], [ 139.774094, 35.670366 ], [ 139.773916, 35.670436 ], [ 139.773686, 35.670528 ], [ 139.77311, 35.670759 ], [ 139.773103, 35.670762 ], [ 139.772797, 35.670896 ], [ 139.772485, 35.671023 ], [ 139.77214, 35.671165 ], [ 139.772205, 35.67123 ], [ 139.772118, 35.671272 ], [ 139.771765, 35.67142 ], [ 139.77183, 35.671529 ], [ 139.772145, 35.6725 ], [ 139.77266, 35.672272 ], [ 139.772997, 35.672173 ], [ 139.77334, 35.672078 ], [ 139.773699, 35.671974 ], [ 139.774253, 35.671819 ], [ 139.77466, 35.671714 ], [ 139.775074, 35.671597 ], [ 139.775553, 35.671471 ], [ 139.775337, 35.670914 ], [ 139.775082, 35.670304 ], [ 139.774868, 35.670244 ], [ 139.774821, 35.670096 ], [ 139.774806, 35.670085 ] ] ] } },
{ "type": "Feature", "properties": { "key": "中央区|入船1丁目", "ward": "中央区", "town": "入船１丁目" }, "geometry": { "type": "Polygon", "coordinates": [ [ [ 139.778192, 35.672053 ], [ 139.777526, 35.672233 ], [ 139.776772, 35.672433 ], [ 139.776012, 35.672637 ], [ 139.776158, 35.672976 ], [ 139.77633, 35.673364 ], [ 139.776343, 35.673393 ], [ 139.776535, 35.673888 ], [ 139.777897, 35.673857 ], [ 139.77856, 35.673842 ], [ 139.778577, 35.673833 ], [ 139.778556, 35.673291 ], [ 139.778513, 35.672843 ], [ 139.77837, 35.672495 ], [ 139.778325, 35.672398 ], [ 139.778192, 35.672053 ] ] ] } },
{ "type": "Feature", "properties": { "key": "中央区|入船2丁目", "ward": "中央区", "town": "入船２丁目" }, "geometry": { "type": "Polygon", "coordinates": [ [ [ 139.777915, 35.671329 ], [ 139.77782, 35.671078 ], [ 139.777125, 35.671258 ], [ 139.776366, 35.671443 ], [ 139.7763, 35.671286 ], [ 139.775553, 35.671471 ], [ 139.775714, 35.671879 ], [ 139.775773, 35.672027 ], [ 139.775813, 35.672109 ], [ 139.776012, 35.672637 ], [ 139.776772, 35.672433 ], [ 139.777526, 35.672233 ], [ 139.778192, 35.672053 ], [ 139.7781, 35.671803 ], [ 139.77801, 35.671565 ], [ 139.777915, 35.671329 ] ] ] } },
{ "type": "Feature", "properties": { "key": "中央区|入船3丁目", "ward": "中央区", "town": "入船３丁目" }, "geometry": { "type": "Polygon", "coordinates": [ [ [ 139.7763, 35.671286 ], [ 139.776366, 35.671443 ], [ 139.777125, 35.671258 ], [ 139.77782, 35.671078 ], [ 139.777758, 35.670918 ], [ 139.777648, 35.670638 ], [ 139.777539, 35.670359 ], [ 139.77743, 35.670075 ], [ 139.777275, 35.669693 ], [ 139.777242, 35.669612 ], [ 139.776917, 35.66969 ], [ 139.776906, 35.669693 ], [ 139.776557, 35.669777 ], [ 139.775791, 35.669976 ], [ 139.775029, 35.670183 ], [ 139.775082, 35.670304 ], [ 139.775337, 35.670914 ], [ 139.775553, 35.671471 ], [ 139.7763, 35.671286 ] ] ] } },
{ "type": "Feature", "properties": { "key": "中央区|湊1丁目", "ward": "中央区", "town": "湊１丁目" }, "geometry": { "type": "Polygon", "coordinates": [ [ [ 139.781074, 35.672907 ], [ 139.781326, 35.673009 ], [ 139.781363, 35.672957 ], [ 139.781396, 35.672908 ], [ 139.781144, 35.672802 ], [ 139.781181, 35.672743 ], [ 139.78133, 35.672433 ], [ 139.781353, 35.672276 ], [ 139.781396, 35.67199 ], [ 139.781427, 35.671682 ], [ 139.780961, 35.671696 ], [ 139.780411, 35.671707 ], [ 139.779953, 35.671713 ], [ 139.779822, 35.671714 ], [ 139.779304, 35.67173 ], [ 139.779233, 35.671748 ], [ 139.778801, 35.671875 ], [ 139.778192, 35.672053 ], [ 139.778325, 35.672398 ], [ 139.77837, 35.672495 ], [ 139.778513, 35.672843 ], [ 139.778556, 35.673291 ], [ 139.778577, 35.673833 ], [ 139.780094, 35.67382 ], [ 139.780295, 35.67382 ], [ 139.7803, 35.673493 ], [ 139.780547, 35.673482 ], [ 139.780635, 35.67345 ], [ 139.780721, 35.673388 ], [ 139.781074, 35.672907 ] ] ] } },
{ "type": "Feature", "properties": { "key": "中央区|湊2丁目", "ward": "中央区", "town": "湊２丁目" }, "geometry": { "type": "Polygon", "coordinates": [ [ [ 139.781077, 35.67016 ], [ 139.78081, 35.670221 ], [ 139.78035, 35.670337 ], [ 139.780299, 35.67036 ], [ 139.779657, 35.670527 ], [ 139.779226, 35.670652 ], [ 139.779257, 35.670724 ], [ 139.779084, 35.670767 ], [ 139.779009, 35.670786 ], [ 139.77895, 35.6708 ], [ 139.778923, 35.670807 ], [ 139.778834, 35.670829 ], [ 139.778813, 35.670835 ], [ 139.778744, 35.670851 ], [ 139.778666, 35.670871 ], [ 139.778503, 35.670911 ], [ 139.778437, 35.670924 ], [ 139.778189, 35.670986 ], [ 139.77782, 35.671078 ], [ 139.777915, 35.671329 ], [ 139.77801, 35.671565 ], [ 139.7781, 35.671803 ], [ 139.778192, 35.672053 ], [ 139.778801, 35.671875 ], [ 139.779233, 35.671748 ], [ 139.779304, 35.67173 ], [ 139.779822, 35.671714 ], [ 139.779953, 35.671713 ], [ 139.780411, 35.671707 ], [ 139.780961, 35.671696 ], [ 139.781427, 35.671682 ], [ 139.781432, 35.671549 ], [ 139.781432, 35.671544 ], [ 139.781363, 35.671103 ], [ 139.781192, 35.670452 ], [ 139.781077, 35.67016 ] ] ] } },
{ "type": "Feature", "properties": { "key": "中央区|湊3丁目", "ward": "中央区", "town": "湊３丁目" }, "geometry": { "type": "Polygon", "coordinates": [ [ [ 139.780539, 35.669097 ], [ 139.780406, 35.668815 ], [ 139.780191, 35.668884 ], [ 139.779755, 35.66902 ], [ 139.779578, 35.669068 ], [ 139.779147, 35.669183 ], [ 139.778989, 35.669228 ], [ 139.778833, 35.669273 ], [ 139.778742, 35.669299 ], [ 139.77868, 35.669252 ], [ 139.777973, 35.669435 ], [ 139.777939, 35.669442 ], [ 139.777242, 35.669612 ], [ 139.777275, 35.669693 ], [ 139.77743, 35.670075 ], [ 139.777539, 35.670359 ], [ 139.777648, 35.670638 ], [ 139.777758, 35.670918 ], [ 139.77782, 35.671078 ], [ 139.778189, 35.670986 ], [ 139.778437, 35.670924 ], [ 139.778503, 35.670911 ], [ 139.778666, 35.670871 ], [ 139.778744, 35.670851 ], [ 139.778813, 35.670835 ], [ 139.778834, 35.670829 ], [ 139.778923, 35.670807 ], [ 139.77895, 35.6708 ], [ 139.779009, 35.670786 ], [ 139.779084, 35.670767 ], [ 139.779257, 35.670724 ], [ 139.779226, 35.670652 ], [ 139.779657, 35.670527 ], [ 139.780299, 35.67036 ], [ 139.78035, 35.670337 ], [ 139.78081, 35.670221 ], [ 139.781077, 35.67016 ], [ 139.780847, 35.669694 ], [ 139.780539, 35.669097 ] ] ] } },
{ "type": "Feature", "properties": { "key": "中央区|明石町", "ward": "中央区", "town": "明石町" }, "geometry": { "type": "Polygon", "coordinates": [ [ [ 139.77868, 35.669252 ], [ 139.778742, 35.669299 ], [ 139.778833, 35.669273 ], [ 139.778989, 35.669228 ], [ 139.779147, 35.669183 ], [ 139.779578, 35.669068 ], [ 139.779755, 35.66902 ], [ 139.780191, 35.668884 ], [ 139.780406, 35.668815 ], [ 139.779886, 35.667719 ], [ 139.779776, 35.667502 ], [ 139.779646, 35.667245 ], [ 139.77921, 35.666522 ], [ 139.779068, 35.666321 ], [ 139.778383, 35.66574 ], [ 139.777345, 35.664737 ], [ 139.777271, 35.664703 ], [ 139.777003, 35.664614 ], [ 139.776878, 35.664582 ], [ 139.776865, 35.664624 ], [ 139.777116, 35.664733 ], [ 139.77695, 35.664971 ], [ 139.776644, 35.66533 ], [ 139.776646, 35.665399 ], [ 139.777622, 35.666291 ], [ 139.777616, 35.666323 ], [ 139.775955, 35.666706 ], [ 139.775887, 35.666683 ], [ 139.7757, 35.66673 ], [ 139.775045, 35.666893 ], [ 139.775073, 35.666975 ], [ 139.774874, 35.667024 ], [ 139.774845, 35.66697 ], [ 139.774508, 35.667048 ], [ 139.774475, 35.667058 ], [ 139.774392, 35.667006 ], [ 139.774151, 35.667065 ], [ 139.77443, 35.667348 ], [ 139.77454, 35.667542 ], [ 139.774544, 35.667555 ], [ 139.774838, 35.6682 ], [ 139.774911, 35.668306 ], [ 139.774982, 35.668499 ], [ 139.775153, 35.668983 ], [ 139.775396, 35.669675 ], [ 139.775396, 35.669692 ], [ 139.775366, 35.669835 ], [ 139.774821, 35.670096 ], [ 139.774868, 35.670244 ], [ 139.775082, 35.670304 ], [ 139.775029, 35.670183 ], [ 139.775791, 35.669976 ], [ 139.776557, 35.669777 ], [ 139.776906, 35.669693 ], [ 139.776917, 35.66969 ], [ 139.777242, 35.669612 ], [ 139.777939, 35.669442 ], [ 139.777973, 35.669435 ], [ 139.77868, 35.669252 ] ] ] } },
{ "type": "Feature", "properties": { "key": "中央区|築地1丁目", "ward": "中央区", "town": "築地１丁目" }, "geometry": { "type": "Polygon", "coordinates": [ [ [ 139.769666, 35.667376 ], [ 139.769226, 35.667731 ], [ 139.768392, 35.668459 ], [ 139.769097, 35.669055 ], [ 139.769284, 35.669214 ], [ 139.76957, 35.669458 ], [ 139.769837, 35.669689 ], [ 139.770025, 35.669852 ], [ 139.770628, 35.670354 ], [ 139.770637, 35.670361 ], [ 139.771054, 35.670728 ], [ 139.771195, 35.670864 ], [ 139.771561, 35.671212 ], [ 139.771684, 35.671345 ], [ 139.771765, 35.67142 ], [ 139.772118, 35.671272 ], [ 139.772205, 35.67123 ], [ 139.77214, 35.671165 ], [ 139.772485, 35.671023 ], [ 139.772797, 35.670896 ], [ 139.773103, 35.670762 ], [ 139.772744, 35.670261 ], [ 139.772589, 35.670045 ], [ 139.772528, 35.669959 ], [ 139.772338, 35.66969 ], [ 139.77232, 35.669666 ], [ 139.772064, 35.669332 ], [ 139.771383, 35.668772 ], [ 139.771274, 35.668679 ], [ 139.770981, 35.668435 ], [ 139.770437, 35.667989 ], [ 139.770178, 35.667784 ], [ 139.769666, 35.667376 ] ] ] } },
{ "type": "Feature", "properties": { "key": "中央区|築地2丁目", "ward": "中央区", "town": "築地２丁目" }, "geometry": { "type": "Polygon", "coordinates": [ [ [ 139.770642, 35.666556 ], [ 139.769704, 35.66735 ], [ 139.769666, 35.667376 ], [ 139.770178, 35.667784 ], [ 139.770437, 35.667989 ], [ 139.770981, 35.668435 ], [ 139.771274, 35.668679 ], [ 139.771383, 35.668772 ], [ 139.772064, 35.669332 ], [ 139.77232, 35.669666 ], [ 139.772338, 35.66969 ], [ 139.772528, 35.669959 ], [ 139.772589, 35.670045 ], [ 139.772744, 35.670261 ], [ 139.773103, 35.670762 ], [ 139.77311, 35.670759 ], [ 139.773686, 35.670528 ], [ 139.773916, 35.670436 ], [ 139.774094, 35.670366 ], [ 139.774247, 35.670305 ], [ 139.774486, 35.670208 ], [ 139.774806, 35.670085 ], [ 139.774596, 35.66983 ], [ 139.77446, 35.669691 ], [ 139.774165, 35.669391 ], [ 139.773936, 35.669196 ], [ 139.773704, 35.669017 ], [ 139.773689, 35.669 ], [ 139.773106, 35.668533 ], [ 139.772857, 35.668326 ], [ 139.772598, 35.668124 ], [ 139.772295, 35.667882 ], [ 139.772046, 35.667679 ], [ 139.771446, 35.667196 ], [ 139.771183, 35.666988 ], [ 139.770937, 35.666781 ], [ 139.770642, 35.666556 ] ] ] } },
{ "type": "Feature", "properties": { "key": "中央区|築地3丁目", "ward": "中央区", "town": "築地３丁目" }, "geometry": { "type": "Polygon", "coordinates": [ [ [ 139.771827, 35.665358 ], [ 139.771757, 35.665429 ], [ 139.771564, 35.665626 ], [ 139.771246, 35.665943 ], [ 139.770939, 35.666263 ], [ 139.770642, 35.666556 ], [ 139.770937, 35.666781 ], [ 139.771183, 35.666988 ], [ 139.771446, 35.667196 ], [ 139.772046, 35.667679 ], [ 139.772295, 35.667882 ], [ 139.772598, 35.668124 ], [ 139.772857, 35.668326 ], [ 139.773106, 35.668533 ], [ 139.773689, 35.669 ], [ 139.773704, 35.669017 ], [ 139.773936, 35.669196 ], [ 139.774165, 35.669391 ], [ 139.77446, 35.669691 ], [ 139.774596, 35.66983 ], [ 139.774806, 35.670085 ], [ 139.774821, 35.670096 ], [ 139.775366, 35.669835 ], [ 139.775396, 35.669692 ], [ 139.775396, 35.669675 ], [ 139.775153, 35.668983 ], [ 139.774982, 35.668499 ], [ 139.774911, 35.668306 ], [ 139.774838, 35.6682 ], [ 139.774544, 35.667555 ], [ 139.77454, 35.667542 ], [ 139.77443, 35.667348 ], [ 139.774151, 35.667065 ], [ 139.774013, 35.666978 ], [ 139.773735, 35.666757 ], [ 139.773664, 35.666718 ], [ 139.773466, 35.666575 ], [ 139.77336, 35.666509 ], [ 139.773278, 35.666458 ], [ 139.773086, 35.666316 ], [ 139.772185, 35.665637 ], [ 139.771827, 35.665358 ] ] ] } },
{ "type": "Feature", "properties": { "key": "中央区|築地4丁目", "ward": "中央区", "town": "築地４丁目" }, "geometry": { "type": "Polygon", "coordinates": [ [ [ 139.770206, 35.664292 ], [ 139.76909, 35.665333 ], [ 139.767705, 35.666623 ], [ 139.767995, 35.666845 ], [ 139.767892, 35.666934 ], [ 139.767448, 35.667299 ], [ 139.767469, 35.667463 ], [ 139.76752, 35.667644 ], [ 139.767733, 35.667936 ], [ 139.768373, 35.668471 ], [ 139.768392, 35.668459 ], [ 139.769226, 35.667731 ], [ 139.769666, 35.667376 ], [ 139.769704, 35.66735 ], [ 139.770642, 35.666556 ], [ 139.770939, 35.666263 ], [ 139.771246, 35.665943 ], [ 139.771564, 35.665626 ], [ 139.771757, 35.665429 ], [ 139.771595, 35.665312 ], [ 139.770914, 35.664799 ], [ 139.770552, 35.664528 ], [ 139.770206, 35.664292 ] ] ] } },
{ "type": "Feature", "properties": { "key": "中央区|築地5丁目", "ward": "中央区", "town": "築地５丁目" }, "geometry": { "type": "Polygon", "coordinates": [ [ [ 139.76909, 35.665333 ], [ 139.770206, 35.664292 ], [ 139.770319, 35.664187 ], [ 139.77102, 35.663529 ], [ 139.771069, 35.663483 ], [ 139.772522, 35.66212 ], [ 139.772502, 35.662104 ], [ 139.772637, 35.661983 ], [ 139.771231, 35.660771 ], [ 139.77071, 35.660422 ], [ 139.770866, 35.660278 ], [ 139.769402, 35.659307 ], [ 139.769125, 35.659575 ], [ 139.769072, 35.659546 ], [ 139.768843, 35.65937 ], [ 139.768724, 35.659456 ], [ 139.768964, 35.659636 ], [ 139.767958, 35.660338 ], [ 139.767969, 35.660358 ], [ 139.765663, 35.661949 ], [ 139.765608, 35.661954 ], [ 139.765422, 35.662081 ], [ 139.765442, 35.662104 ], [ 139.7641, 35.663051 ], [ 139.764078, 35.663034 ], [ 139.763969, 35.663114 ], [ 139.764026, 35.663169 ], [ 139.763693, 35.663396 ], [ 139.763868, 35.663535 ], [ 139.764709, 35.664289 ], [ 139.764708, 35.664294 ], [ 139.764938, 35.664538 ], [ 139.765405, 35.665047 ], [ 139.765838, 35.665518 ], [ 139.765952, 35.665619 ], [ 139.765965, 35.665617 ], [ 139.766986, 35.666409 ], [ 139.76725, 35.666614 ], [ 139.767382, 35.666781 ], [ 139.767418, 35.666929 ], [ 139.767423, 35.667203 ], [ 139.767448, 35.667299 ], [ 139.767892, 35.666934 ], [ 139.767995, 35.666845 ], [ 139.767705, 35.666623 ], [ 139.76909, 35.665333 ] ] ] } },
{ "type": "Feature", "properties": { "key": "中央区|築地6丁目", "ward": "中央区", "town": "築地６丁目" }, "geometry": { "type": "Polygon", "coordinates": [ [ [ 139.774216, 35.665278 ], [ 139.774497, 35.665027 ], [ 139.774753, 35.664775 ], [ 139.775042, 35.664506 ], [ 139.77493, 35.664416 ], [ 139.775486, 35.663927 ], [ 139.774181, 35.663232 ], [ 139.774047, 35.663155 ], [ 139.773834, 35.663032 ], [ 139.773852, 35.663012 ], [ 139.773402, 35.662697 ], [ 139.773411, 35.662682 ], [ 139.772855, 35.662194 ], [ 139.772773, 35.662269 ], [ 139.772628, 35.662205 ], [ 139.772522, 35.66212 ], [ 139.771069, 35.663483 ], [ 139.77102, 35.663529 ], [ 139.770319, 35.664187 ], [ 139.770206, 35.664292 ], [ 139.770552, 35.664528 ], [ 139.770914, 35.664799 ], [ 139.771595, 35.665312 ], [ 139.771757, 35.665429 ], [ 139.771827, 35.665358 ], [ 139.772185, 35.665637 ], [ 139.773086, 35.666316 ], [ 139.773287, 35.666136 ], [ 139.773607, 35.665838 ], [ 139.773923, 35.665551 ], [ 139.774216, 35.665278 ] ] ] } },
{ "type": "Feature", "properties": { "key": "中央区|築地7丁目", "ward": "中央区", "town": "築地７丁目" }, "geometry": { "type": "Polygon", "coordinates": [ [ [ 139.774392, 35.667006 ], [ 139.774475, 35.667058 ], [ 139.774508, 35.667048 ], [ 139.774845, 35.66697 ], [ 139.774874, 35.667024 ], [ 139.775073, 35.666975 ], [ 139.775045, 35.666893 ], [ 139.7757, 35.66673 ], [ 139.775887, 35.666683 ], [ 139.775955, 35.666706 ], [ 139.777616, 35.666323 ], [ 139.777622, 35.666291 ], [ 139.776646, 35.665399 ], [ 139.776644, 35.66533 ], [ 139.77695, 35.664971 ], [ 139.777116, 35.664733 ], [ 139.776865, 35.664624 ], [ 139.776878, 35.664582 ], [ 139.776624, 35.664489 ], [ 139.776325, 35.664346 ], [ 139.775486, 35.663927 ], [ 139.77493, 35.664416 ], [ 139.775042, 35.664506 ], [ 139.774753, 35.664775 ], [ 139.774497, 35.665027 ], [ 139.774216, 35.665278 ], [ 139.773923, 35.665551 ], [ 139.773607, 35.665838 ], [ 139.773287, 35.666136 ], [ 139.773086, 35.666316 ], [ 139.773278, 35.666458 ], [ 139.77336, 35.666509 ], [ 139.773466, 35.666575 ], [ 139.773664, 35.666718 ], [ 139.773735, 35.666757 ], [ 139.774013, 35.666978 ], [ 139.774151, 35.667065 ], [ 139.774392, 35.667006 ] ] ] } },
{ "type": "Feature", "properties": { "key": "中央区|浜離宮庭園", "ward": "中央区", "town": "浜離宮庭園" }, "geometry": { "type": "MultiPolygon", "coordinates": [ [ [ [ 139.764271, 35.656638 ], [ 139.764186, 35.656543 ], [ 139.764129, 35.656568 ], [ 139.764011, 35.656419 ], [ 139.764058, 35.656394 ], [ 139.764039, 35.656367 ], [ 139.76385, 35.65646 ], [ 139.763822, 35.656473 ], [ 139.763838, 35.656489 ], [ 139.763969, 35.656461 ], [ 139.764071, 35.656584 ], [ 139.764042, 35.656614 ], [ 139.764125, 35.656701 ], [ 139.764353, 35.656861 ], [ 139.764489, 35.656956 ], [ 139.764574, 35.656946 ], [ 139.764809, 35.65711 ], [ 139.76477, 35.657173 ], [ 139.76507, 35.657393 ], [ 139.765097, 35.657395 ], [ 139.765454, 35.657073 ], [ 139.767121, 35.658303 ], [ 139.767127, 35.658599 ], [ 139.76741, 35.658814 ], [ 139.767515, 35.658806 ], [ 139.767495, 35.658722 ], [ 139.76748, 35.65854 ], [ 139.767439, 35.658537 ], [ 139.767423, 35.658347 ], [ 139.764745, 35.656378 ], [ 139.764271, 35.656638 ] ] ], [ [ [ 139.767661, 35.658536 ], [ 139.767677, 35.658803 ], [ 139.767813, 35.658793 ], [ 139.768724, 35.659456 ], [ 139.768843, 35.65937 ], [ 139.767773, 35.658602 ], [ 139.767768, 35.658535 ], [ 139.767661, 35.658536 ] ] ], [ [ [ 139.764348, 35.662304 ], [ 139.764262, 35.662188 ], [ 139.764325, 35.662151 ], [ 139.764425, 35.662253 ], [ 139.767696, 35.659804 ], [ 139.766829, 35.659183 ], [ 139.766265, 35.65887 ], [ 139.766207, 35.658906 ], [ 139.766158, 35.658877 ], [ 139.766216, 35.658841 ], [ 139.765098, 35.65825 ], [ 139.763034, 35.657182 ], [ 139.759725, 35.659098 ], [ 139.76156, 35.661416 ], [ 139.763058, 35.663281 ], [ 139.763182, 35.66319 ], [ 139.763224, 35.663192 ], [ 139.76336, 35.663313 ], [ 139.763456, 35.663247 ], [ 139.763309, 35.663129 ], [ 139.763312, 35.66309 ], [ 139.764348, 35.662304 ] ] ] ] } },
{ "type": "Feature", "properties": { "key": "中央区|八丁堀1丁目", "ward": "中央区", "town": "八丁堀１丁目" }, "geometry": { "type": "Polygon", "coordinates": [ [ [ 139.775523, 35.678461 ], [ 139.775544, 35.678497 ], [ 139.776016, 35.6783 ], [ 139.776029, 35.6783 ], [ 139.776542, 35.678081 ], [ 139.776545, 35.678073 ], [ 139.777003, 35.677875 ], [ 139.777158, 35.677823 ], [ 139.777735, 35.677569 ], [ 139.778447, 35.677264 ], [ 139.778449, 35.677248 ], [ 139.779107, 35.676963 ], [ 139.779386, 35.676847 ], [ 139.779017, 35.676406 ], [ 139.778728, 35.676482 ], [ 139.778302, 35.676595 ], [ 139.778085, 35.676675 ], [ 139.77732, 35.676964 ], [ 139.77661, 35.677257 ], [ 139.776138, 35.677449 ], [ 139.775632, 35.677664 ], [ 139.775599, 35.677674 ], [ 139.775157, 35.677863 ], [ 139.775118, 35.67788 ], [ 139.774738, 35.678032 ], [ 139.774722, 35.678052 ], [ 139.775097, 35.67869 ], [ 139.77512, 35.678682 ], [ 139.775127, 35.67868 ], [ 139.775412, 35.678555 ], [ 139.775384, 35.678515 ], [ 139.775523, 35.678461 ] ] ] } },
{ "type": "Feature", "properties": { "key": "中央区|八丁堀2丁目", "ward": "中央区", "town": "八丁堀２丁目" }, "geometry": { "type": "Polygon", "coordinates": [ [ [ 139.778493, 35.675132 ], [ 139.77801, 35.675264 ], [ 139.777754, 35.675337 ], [ 139.777334, 35.67545 ], [ 139.777232, 35.675452 ], [ 139.776851, 35.675569 ], [ 139.776514, 35.67568 ], [ 139.775759, 35.675924 ], [ 139.775634, 35.675961 ], [ 139.775291, 35.676083 ], [ 139.774805, 35.676278 ], [ 139.774771, 35.67629 ], [ 139.774378, 35.676434 ], [ 139.774283, 35.676456 ], [ 139.774114, 35.676492 ], [ 139.773852, 35.676587 ], [ 139.774738, 35.678032 ], [ 139.775118, 35.67788 ], [ 139.775157, 35.677863 ], [ 139.775599, 35.677674 ], [ 139.775632, 35.677664 ], [ 139.776138, 35.677449 ], [ 139.77661, 35.677257 ], [ 139.77732, 35.676964 ], [ 139.778085, 35.676675 ], [ 139.778302, 35.676595 ], [ 139.778728, 35.676482 ], [ 139.779017, 35.676406 ], [ 139.77901, 35.676394 ], [ 139.778843, 35.676198 ], [ 139.779439, 35.675477 ], [ 139.779089, 35.675337 ], [ 139.779068, 35.675303 ], [ 139.779024, 35.675295 ], [ 139.77863, 35.675169 ], [ 139.778493, 35.675132 ] ] ] } },
{ "type": "Feature", "properties": { "key": "中央区|八丁堀3丁目", "ward": "中央区", "town": "八丁堀３丁目" }, "geometry": { "type": "Polygon", "coordinates": [ [ [ 139.778493, 35.675132 ], [ 139.77863, 35.675169 ], [ 139.779024, 35.675295 ], [ 139.779068, 35.675303 ], [ 139.779089, 35.675337 ], [ 139.779439, 35.675477 ], [ 139.780161, 35.674598 ], [ 139.779851, 35.674575 ], [ 139.779546, 35.67457 ], [ 139.779273, 35.674575 ], [ 139.778582, 35.674579 ], [ 139.777783, 35.674594 ], [ 139.777624, 35.674599 ], [ 139.777293, 35.6746 ], [ 139.776814, 35.674609 ], [ 139.776288, 35.674619 ], [ 139.775858, 35.674623 ], [ 139.775814, 35.674622 ], [ 139.775272, 35.674627 ], [ 139.774815, 35.674643 ], [ 139.774396, 35.67466 ], [ 139.773802, 35.674695 ], [ 139.773659, 35.674705 ], [ 139.77338, 35.674728 ], [ 139.773335, 35.674747 ], [ 139.773179, 35.674822 ], [ 139.772813, 35.674968 ], [ 139.772798, 35.674983 ], [ 139.773132, 35.675494 ], [ 139.773833, 35.676588 ], [ 139.773852, 35.676587 ], [ 139.774114, 35.676492 ], [ 139.774283, 35.676456 ], [ 139.774378, 35.676434 ], [ 139.774771, 35.67629 ], [ 139.774805, 35.676278 ], [ 139.775291, 35.676083 ], [ 139.775634, 35.675961 ], [ 139.775759, 35.675924 ], [ 139.776514, 35.67568 ], [ 139.776851, 35.675569 ], [ 139.777232, 35.675452 ], [ 139.777334, 35.67545 ], [ 139.777754, 35.675337 ], [ 139.77801, 35.675264 ], [ 139.778493, 35.675132 ] ] ] } },
{ "type": "Feature", "properties": { "key": "中央区|八丁堀4丁目", "ward": "中央区", "town": "八丁堀４丁目" }, "geometry": { "type": "Polygon", "coordinates": [ [ [ 139.775814, 35.674622 ], [ 139.775858, 35.674623 ], [ 139.776288, 35.674619 ], [ 139.776814, 35.674609 ], [ 139.777293, 35.6746 ], [ 139.777624, 35.674599 ], [ 139.777783, 35.674594 ], [ 139.778582, 35.674579 ], [ 139.779273, 35.674575 ], [ 139.779546, 35.67457 ], [ 139.779851, 35.674575 ], [ 139.780161, 35.674598 ], [ 139.780549, 35.674076 ], [ 139.78074, 35.673819 ], [ 139.780295, 35.67382 ], [ 139.780094, 35.67382 ], [ 139.778577, 35.673833 ], [ 139.77856, 35.673842 ], [ 139.777897, 35.673857 ], [ 139.776535, 35.673888 ], [ 139.775784, 35.673897 ], [ 139.774242, 35.673917 ], [ 139.774227, 35.673919 ], [ 139.773173, 35.673991 ], [ 139.773148, 35.673992 ], [ 139.773074, 35.674035 ], [ 139.772501, 35.674051 ], [ 139.772482, 35.674049 ], [ 139.772465, 35.674446 ], [ 139.772479, 35.674449 ], [ 139.772813, 35.674968 ], [ 139.773179, 35.674822 ], [ 139.773335, 35.674747 ], [ 139.77338, 35.674728 ], [ 139.773659, 35.674705 ], [ 139.773802, 35.674695 ], [ 139.774396, 35.67466 ], [ 139.774815, 35.674643 ], [ 139.775272, 35.674627 ], [ 139.775814, 35.674622 ] ] ] } },
{ "type": "Feature", "properties": { "key": "中央区|新川1丁目", "ward": "中央区", "town": "新川１丁目" }, "geometry": { "type": "Polygon", "coordinates": [ [ [ 139.787392, 35.676325 ], [ 139.787335, 35.676219 ], [ 139.786537, 35.676394 ], [ 139.786565, 35.676363 ], [ 139.786369, 35.675619 ], [ 139.786461, 35.675587 ], [ 139.786432, 35.675426 ], [ 139.786309, 35.674948 ], [ 139.78625, 35.674827 ], [ 139.785909, 35.674414 ], [ 139.785534, 35.673951 ], [ 139.785293, 35.674098 ], [ 139.784129, 35.674815 ], [ 139.783168, 35.675389 ], [ 139.783014, 35.6755 ], [ 139.782643, 35.67578 ], [ 139.782399, 35.675959 ], [ 139.781917, 35.676325 ], [ 139.78186, 35.676365 ], [ 139.781591, 35.676563 ], [ 139.781265, 35.676812 ], [ 139.781237, 35.676828 ], [ 139.78085, 35.677121 ], [ 139.780542, 35.67735 ], [ 139.78039, 35.677455 ], [ 139.780085, 35.677632 ], [ 139.781158, 35.678715 ], [ 139.781159, 35.678716 ], [ 139.781619, 35.679165 ], [ 139.781597, 35.679176 ], [ 139.7824, 35.679936 ], [ 139.782515, 35.679845 ], [ 139.7834, 35.679187 ], [ 139.784178, 35.67869 ], [ 139.784992, 35.678292 ], [ 139.786627, 35.677492 ], [ 139.786636, 35.677488 ], [ 139.786492, 35.677303 ], [ 139.786555, 35.677276 ], [ 139.786736, 35.677147 ], [ 139.786827, 35.676996 ], [ 139.786842, 35.676843 ], [ 139.786742, 35.676697 ], [ 139.786599, 35.676625 ], [ 139.787452, 35.676437 ], [ 139.787392, 35.676325 ] ] ] } },
{ "type": "Feature", "properties": { "key": "中央区|新川2丁目", "ward": "中央区", "town": "新川２丁目" }, "geometry": { "type": "Polygon", "coordinates": [ [ [ 139.784689, 35.672942 ], [ 139.784606, 35.672972 ], [ 139.784572, 35.67294 ], [ 139.784406, 35.672778 ], [ 139.784218, 35.672646 ], [ 139.783933, 35.672477 ], [ 139.78315, 35.672023 ], [ 139.783006, 35.671945 ], [ 139.782841, 35.671936 ], [ 139.782748, 35.671976 ], [ 139.782131, 35.672607 ], [ 139.781944, 35.672601 ], [ 139.781909, 35.672529 ], [ 139.781882, 35.672422 ], [ 139.781829, 35.672407 ], [ 139.781754, 35.672443 ], [ 139.7817, 35.672543 ], [ 139.781561, 35.672871 ], [ 139.781583, 35.672879 ], [ 139.781454, 35.673 ], [ 139.781364, 35.672964 ], [ 139.78074, 35.673819 ], [ 139.780549, 35.674076 ], [ 139.780161, 35.674598 ], [ 139.779439, 35.675477 ], [ 139.778843, 35.676198 ], [ 139.77901, 35.676394 ], [ 139.779017, 35.676406 ], [ 139.779386, 35.676847 ], [ 139.779397, 35.676847 ], [ 139.779799, 35.677337 ], [ 139.780083, 35.677656 ], [ 139.780085, 35.677632 ], [ 139.78039, 35.677455 ], [ 139.780542, 35.67735 ], [ 139.78085, 35.677121 ], [ 139.781237, 35.676828 ], [ 139.781265, 35.676812 ], [ 139.781591, 35.676563 ], [ 139.78186, 35.676365 ], [ 139.781917, 35.676325 ], [ 139.782399, 35.675959 ], [ 139.782643, 35.67578 ], [ 139.783014, 35.6755 ], [ 139.783168, 35.675389 ], [ 139.784129, 35.674815 ], [ 139.785293, 35.674098 ], [ 139.785534, 35.673951 ], [ 139.785448, 35.673852 ], [ 139.784999, 35.673305 ], [ 139.784689, 35.672942 ] ] ] } },
{ "type": "Feature", "properties": { "key": "中央区|日本橋本石町1丁目", "ward": "中央区", "town": "日本橋本石町１丁目" }, "geometry": { "type": "Polygon", "coordinates": [ [ [ 139.772927, 35.685042 ], [ 139.772966, 35.684951 ], [ 139.773091, 35.684639 ], [ 139.7731, 35.684621 ], [ 139.77301, 35.684276 ], [ 139.771276, 35.684564 ], [ 139.770908, 35.684633 ], [ 139.770961, 35.684836 ], [ 139.770921, 35.685069 ], [ 139.770811, 35.685293 ], [ 139.770808, 35.685299 ], [ 139.771238, 35.685229 ], [ 139.771182, 35.685428 ], [ 139.772587, 35.685853 ], [ 139.772927, 35.685042 ] ] ] } },
{ "type": "Feature", "properties": { "key": "中央区|日本橋本石町2丁目", "ward": "中央区", "town": "日本橋本石町２丁目" }, "geometry": { "type": "Polygon", "coordinates": [ [ [ 139.772065, 35.687108 ], [ 139.772587, 35.685853 ], [ 139.771182, 35.685428 ], [ 139.771238, 35.685229 ], [ 139.770808, 35.685299 ], [ 139.770449, 35.6861 ], [ 139.770816, 35.686209 ], [ 139.770377, 35.687011 ], [ 139.771091, 35.687246 ], [ 139.77191, 35.687516 ], [ 139.772065, 35.687108 ] ] ] } },
{ "type": "Feature", "properties": { "key": "中央区|日本橋本石町3丁目", "ward": "中央区", "town": "日本橋本石町３丁目" }, "geometry": { "type": "Polygon", "coordinates": [ [ [ 139.770449, 35.6861 ], [ 139.77043, 35.686144 ], [ 139.770268, 35.686394 ], [ 139.769572, 35.687223 ], [ 139.769982, 35.687599 ], [ 139.769958, 35.687644 ], [ 139.770756, 35.687917 ], [ 139.771628, 35.688201 ], [ 139.77191, 35.687516 ], [ 139.771091, 35.687246 ], [ 139.770377, 35.687011 ], [ 139.770816, 35.686209 ], [ 139.770449, 35.6861 ] ] ] } },
{ "type": "Feature", "properties": { "key": "中央区|日本橋本石町4丁目", "ward": "中央区", "town": "日本橋本石町４丁目" }, "geometry": { "type": "Polygon", "coordinates": [ [ [ 139.769572, 35.687223 ], [ 139.769513, 35.687293 ], [ 139.76907, 35.687767 ], [ 139.768586, 35.6882 ], [ 139.768407, 35.688447 ], [ 139.768385, 35.688541 ], [ 139.768135, 35.688595 ], [ 139.768128, 35.688603 ], [ 139.768795, 35.688837 ], [ 139.768806, 35.688841 ], [ 139.769637, 35.689124 ], [ 139.769651, 35.689153 ], [ 139.770167, 35.689291 ], [ 139.770315, 35.689337 ], [ 139.771039, 35.689571 ], [ 139.771048, 35.689574 ], [ 139.77115, 35.689329 ], [ 139.771321, 35.688919 ], [ 139.771628, 35.688201 ], [ 139.770756, 35.687917 ], [ 139.769958, 35.687644 ], [ 139.769982, 35.687599 ], [ 139.769572, 35.687223 ] ] ] } },
{ "type": "Feature", "properties": { "key": "中央区|日本橋室町1丁目", "ward": "中央区", "town": "日本橋室町１丁目" }, "geometry": { "type": "Polygon", "coordinates": [ [ [ 139.776214, 35.684776 ], [ 139.776864, 35.684861 ], [ 139.77691, 35.684306 ], [ 139.775472, 35.684114 ], [ 139.775085, 35.68408 ], [ 139.774781, 35.684069 ], [ 139.774504, 35.684057 ], [ 139.774468, 35.684045 ], [ 139.77301, 35.684276 ], [ 139.7731, 35.684621 ], [ 139.773091, 35.684639 ], [ 139.772966, 35.684951 ], [ 139.772927, 35.685042 ], [ 139.772587, 35.685853 ], [ 139.773951, 35.686282 ], [ 139.774585, 35.686485 ], [ 139.775387, 35.686735 ], [ 139.77556, 35.68634 ], [ 139.775571, 35.686322 ], [ 139.775729, 35.685927 ], [ 139.775898, 35.685546 ], [ 139.77598, 35.685331 ], [ 139.776214, 35.684776 ] ] ] } },
{ "type": "Feature", "properties": { "key": "中央区|日本橋室町2丁目", "ward": "中央区", "town": "日本橋室町２丁目" }, "geometry": { "type": "Polygon", "coordinates": [ [ [ 139.774231, 35.687339 ], [ 139.775022, 35.687599 ], [ 139.775145, 35.687301 ], [ 139.775387, 35.686735 ], [ 139.774585, 35.686485 ], [ 139.773951, 35.686282 ], [ 139.772587, 35.685853 ], [ 139.772065, 35.687108 ], [ 139.772736, 35.687321 ], [ 139.773414, 35.687545 ], [ 139.774051, 35.687761 ], [ 139.774231, 35.687339 ] ] ] } },
{ "type": "Feature", "properties": { "key": "中央区|日本橋室町3丁目", "ward": "中央区", "town": "日本橋室町３丁目" }, "geometry": { "type": "Polygon", "coordinates": [ [ [ 139.772065, 35.687108 ], [ 139.77191, 35.687516 ], [ 139.771628, 35.688201 ], [ 139.77222, 35.688386 ], [ 139.772301, 35.688416 ], [ 139.772926, 35.688619 ], [ 139.772965, 35.688624 ], [ 139.773592, 35.68883 ], [ 139.773767, 35.68843 ], [ 139.773884, 35.688151 ], [ 139.774051, 35.687761 ], [ 139.773414, 35.687545 ], [ 139.772736, 35.687321 ], [ 139.772065, 35.687108 ] ] ] } },
{ "type": "Feature", "properties": { "key": "中央区|日本橋室町4丁目", "ward": "中央区", "town": "日本橋室町４丁目" }, "geometry": { "type": "Polygon", "coordinates": [ [ [ 139.772486, 35.689776 ], [ 139.773113, 35.689981 ], [ 139.773261, 35.689615 ], [ 139.77341, 35.689277 ], [ 139.773592, 35.68883 ], [ 139.772965, 35.688624 ], [ 139.772926, 35.688619 ], [ 139.772301, 35.688416 ], [ 139.77222, 35.688386 ], [ 139.771628, 35.688201 ], [ 139.771321, 35.688919 ], [ 139.77115, 35.689329 ], [ 139.771048, 35.689574 ], [ 139.771557, 35.689747 ], [ 139.772364, 35.690014 ], [ 139.772379, 35.690019 ], [ 139.772486, 35.689776 ] ] ] } },
{ "type": "Feature", "properties": { "key": "中央区|日本橋本町1丁目", "ward": "中央区", "town": "日本橋本町１丁目" }, "geometry": { "type": "Polygon", "coordinates": [ [ [ 139.778271, 35.684302 ], [ 139.778248, 35.684297 ], [ 139.778013, 35.684352 ], [ 139.777778, 35.684374 ], [ 139.777359, 35.684359 ], [ 139.77691, 35.684306 ], [ 139.776864, 35.684861 ], [ 139.776214, 35.684776 ], [ 139.77598, 35.685331 ], [ 139.775898, 35.685546 ], [ 139.775729, 35.685927 ], [ 139.775571, 35.686322 ], [ 139.77556, 35.68634 ], [ 139.775387, 35.686735 ], [ 139.775972, 35.686923 ], [ 139.776647, 35.687139 ], [ 139.777199, 35.68731 ], [ 139.777205, 35.6873 ], [ 139.777565, 35.686469 ], [ 139.777561, 35.686465 ], [ 139.777805, 35.685876 ], [ 139.778202, 35.684937 ], [ 139.778223, 35.684931 ], [ 139.778271, 35.684302 ] ] ] } },
{ "type": "Feature", "properties": { "key": "中央区|日本橋本町2丁目", "ward": "中央区", "town": "日本橋本町２丁目" }, "geometry": { "type": "Polygon", "coordinates": [ [ [ 139.777199, 35.68731 ], [ 139.776647, 35.687139 ], [ 139.775972, 35.686923 ], [ 139.775387, 35.686735 ], [ 139.775145, 35.687301 ], [ 139.775022, 35.687599 ], [ 139.774231, 35.687339 ], [ 139.774051, 35.687761 ], [ 139.774858, 35.688008 ], [ 139.776142, 35.688439 ], [ 139.776995, 35.688719 ], [ 139.777632, 35.688935 ], [ 139.777641, 35.688935 ], [ 139.777757, 35.688657 ], [ 139.777873, 35.688379 ], [ 139.77772, 35.688325 ], [ 139.777229, 35.688159 ], [ 139.776895, 35.688036 ], [ 139.777199, 35.68731 ] ] ] } },
{ "type": "Feature", "properties": { "key": "中央区|日本橋本町3丁目", "ward": "中央区", "town": "日本橋本町３丁目" }, "geometry": { "type": "Polygon", "coordinates": [ [ [ 139.777641, 35.688935 ], [ 139.777632, 35.688935 ], [ 139.776995, 35.688719 ], [ 139.776142, 35.688439 ], [ 139.774858, 35.688008 ], [ 139.774051, 35.687761 ], [ 139.773884, 35.688151 ], [ 139.773767, 35.68843 ], [ 139.773592, 35.68883 ], [ 139.774431, 35.689089 ], [ 139.775689, 35.689486 ], [ 139.776542, 35.6898 ], [ 139.777198, 35.690033 ], [ 139.777358, 35.689638 ], [ 139.777373, 35.689601 ], [ 139.777471, 35.689336 ], [ 139.777472, 35.689333 ], [ 139.777641, 35.688935 ] ] ] } },
{ "type": "Feature", "properties": { "key": "中央区|日本橋本町4丁目", "ward": "中央区", "town": "日本橋本町４丁目" }, "geometry": { "type": "Polygon", "coordinates": [ [ [ 139.776542, 35.6898 ], [ 139.775689, 35.689486 ], [ 139.774431, 35.689089 ], [ 139.773592, 35.68883 ], [ 139.77341, 35.689277 ], [ 139.773261, 35.689615 ], [ 139.773113, 35.689981 ], [ 139.772486, 35.689776 ], [ 139.772379, 35.690019 ], [ 139.773118, 35.690247 ], [ 139.773827, 35.690493 ], [ 139.775075, 35.690925 ], [ 139.775212, 35.690972 ], [ 139.776589, 35.691447 ], [ 139.77661, 35.691455 ], [ 139.776711, 35.691195 ], [ 139.776721, 35.69117 ], [ 139.776876, 35.690809 ], [ 139.777008, 35.690472 ], [ 139.777198, 35.690033 ], [ 139.776542, 35.6898 ] ] ] } },
{ "type": "Feature", "properties": { "key": "中央区|日本橋小舟町", "ward": "中央区", "town": "日本橋小舟町" }, "geometry": { "type": "Polygon", "coordinates": [ [ [ 139.779283, 35.686309 ], [ 139.779447, 35.686353 ], [ 139.779916, 35.685274 ], [ 139.779915, 35.685265 ], [ 139.779573, 35.685175 ], [ 139.779548, 35.685162 ], [ 139.779136, 35.685073 ], [ 139.77863, 35.684942 ], [ 139.778616, 35.684935 ], [ 139.778223, 35.684931 ], [ 139.778202, 35.684937 ], [ 139.777805, 35.685876 ], [ 139.777561, 35.686465 ], [ 139.777565, 35.686469 ], [ 139.777205, 35.6873 ], [ 139.777199, 35.68731 ], [ 139.776895, 35.688036 ], [ 139.777229, 35.688159 ], [ 139.77772, 35.688325 ], [ 139.777873, 35.688379 ], [ 139.778148, 35.688472 ], [ 139.778462, 35.688579 ], [ 139.778828, 35.68774 ], [ 139.778935, 35.687537 ], [ 139.778767, 35.687489 ], [ 139.778845, 35.68731 ], [ 139.778878, 35.687235 ], [ 139.778939, 35.687097 ], [ 139.779283, 35.686309 ] ] ] } },
{ "type": "Feature", "properties": { "key": "中央区|日本橋小伝馬町", "ward": "中央区", "town": "日本橋小伝馬町" }, "geometry": { "type": "Polygon", "coordinates": [ [ [ 139.781121, 35.691678 ], [ 139.781062, 35.691743 ], [ 139.779937, 35.690984 ], [ 139.779353, 35.690584 ], [ 139.77887, 35.690244 ], [ 139.7787, 35.690414 ], [ 139.77817, 35.690105 ], [ 139.777358, 35.689638 ], [ 139.777198, 35.690033 ], [ 139.777008, 35.690472 ], [ 139.776876, 35.690809 ], [ 139.776721, 35.69117 ], [ 139.776711, 35.691195 ], [ 139.77661, 35.691455 ], [ 139.777531, 35.691846 ], [ 139.777563, 35.691859 ], [ 139.778399, 35.692212 ], [ 139.778696, 35.692328 ], [ 139.778761, 35.692353 ], [ 139.779544, 35.692909 ], [ 139.779768, 35.693065 ], [ 139.779783, 35.693076 ], [ 139.779949, 35.693191 ], [ 139.779968, 35.693172 ], [ 139.780271, 35.692879 ], [ 139.780289, 35.692862 ], [ 139.780312, 35.692792 ], [ 139.78055, 35.692539 ], [ 139.780831, 35.69224 ], [ 139.780893, 35.692183 ], [ 139.780906, 35.69216 ], [ 139.781194, 35.691856 ], [ 139.781204, 35.691846 ], [ 139.781221, 35.691827 ], [ 139.781273, 35.691769 ], [ 139.781121, 35.691678 ] ] ] } },
{ "type": "Feature", "properties": { "key": "中央区|日本橋大伝馬町", "ward": "中央区", "town": "日本橋大伝馬町" }, "geometry": { "type": "Polygon", "coordinates": [ [ [ 139.781509, 35.691504 ], [ 139.781511, 35.691501 ], [ 139.781821, 35.691163 ], [ 139.78182, 35.691154 ], [ 139.782397, 35.690488 ], [ 139.78241, 35.690473 ], [ 139.782244, 35.690385 ], [ 139.781991, 35.690677 ], [ 139.78081, 35.689955 ], [ 139.780218, 35.689595 ], [ 139.779957, 35.689878 ], [ 139.779473, 35.68957 ], [ 139.778974, 35.689246 ], [ 139.778705, 35.689115 ], [ 139.778376, 35.688956 ], [ 139.777757, 35.688657 ], [ 139.777641, 35.688935 ], [ 139.777472, 35.689333 ], [ 139.777471, 35.689336 ], [ 139.777373, 35.689601 ], [ 139.777358, 35.689638 ], [ 139.77817, 35.690105 ], [ 139.7787, 35.690414 ], [ 139.77887, 35.690244 ], [ 139.779353, 35.690584 ], [ 139.779937, 35.690984 ], [ 139.781062, 35.691743 ], [ 139.781121, 35.691678 ], [ 139.781273, 35.691769 ], [ 139.781509, 35.691504 ] ] ] } },
{ "type": "Feature", "properties": { "key": "中央区|日本橋堀留町1丁目", "ward": "中央区", "town": "日本橋堀留町１丁目" }, "geometry": { "type": "Polygon", "coordinates": [ [ [ 139.780566, 35.688315 ], [ 139.780868, 35.687954 ], [ 139.781446, 35.68729 ], [ 139.78093, 35.686978 ], [ 139.780293, 35.686583 ], [ 139.779768, 35.686448 ], [ 139.779447, 35.686353 ], [ 139.779283, 35.686309 ], [ 139.778939, 35.687097 ], [ 139.778878, 35.687235 ], [ 139.778845, 35.68731 ], [ 139.778767, 35.687489 ], [ 139.778935, 35.687537 ], [ 139.778828, 35.68774 ], [ 139.778462, 35.688579 ], [ 139.778148, 35.688472 ], [ 139.777873, 35.688379 ], [ 139.777757, 35.688657 ], [ 139.778376, 35.688956 ], [ 139.778705, 35.689115 ], [ 139.778974, 35.689246 ], [ 139.779473, 35.68957 ], [ 139.779941, 35.689037 ], [ 139.779958, 35.689013 ], [ 139.780566, 35.688315 ] ] ] } },
{ "type": "Feature", "properties": { "key": "中央区|日本橋堀留町2丁目", "ward": "中央区", "town": "日本橋堀留町２丁目" }, "geometry": { "type": "Polygon", "coordinates": [ [ [ 139.781371, 35.689315 ], [ 139.781654, 35.688992 ], [ 139.781953, 35.688665 ], [ 139.782271, 35.688302 ], [ 139.782525, 35.687993 ], [ 139.781953, 35.687621 ], [ 139.781446, 35.68729 ], [ 139.780868, 35.687954 ], [ 139.780566, 35.688315 ], [ 139.779958, 35.689013 ], [ 139.779941, 35.689037 ], [ 139.779473, 35.68957 ], [ 139.779957, 35.689878 ], [ 139.780218, 35.689595 ], [ 139.78081, 35.689955 ], [ 139.781087, 35.689632 ], [ 139.781371, 35.689315 ] ] ] } },
{ "type": "Feature", "properties": { "key": "中央区|日本橋富沢町", "ward": "中央区", "town": "日本橋富沢町" }, "geometry": { "type": "Polygon", "coordinates": [ [ [ 139.782244, 35.690385 ], [ 139.78241, 35.690473 ], [ 139.782951, 35.689851 ], [ 139.782932, 35.689819 ], [ 139.782996, 35.689776 ], [ 139.783225, 35.689527 ], [ 139.783306, 35.689504 ], [ 139.783811, 35.688917 ], [ 139.783806, 35.68884 ], [ 139.783805, 35.688821 ], [ 139.783814, 35.688777 ], [ 139.783957, 35.688615 ], [ 139.78398, 35.68863 ], [ 139.78465, 35.687898 ], [ 139.784655, 35.687869 ], [ 139.784557, 35.687808 ], [ 139.784544, 35.6878 ], [ 139.783363, 35.687032 ], [ 139.783093, 35.68734 ], [ 139.783082, 35.687353 ], [ 139.782952, 35.687491 ], [ 139.782942, 35.687504 ], [ 139.782816, 35.687653 ], [ 139.782653, 35.687849 ], [ 139.782525, 35.687993 ], [ 139.782271, 35.688302 ], [ 139.781953, 35.688665 ], [ 139.781654, 35.688992 ], [ 139.781371, 35.689315 ], [ 139.781087, 35.689632 ], [ 139.78081, 35.689955 ], [ 139.781991, 35.690677 ], [ 139.782244, 35.690385 ] ] ] } },
{ "type": "Feature", "properties": { "key": "中央区|日本橋人形町1丁目", "ward": "中央区", "town": "日本橋人形町１丁目" }, "geometry": { "type": "Polygon", "coordinates": [ [ [ 139.784049, 35.684341 ], [ 139.784503, 35.683829 ], [ 139.784016, 35.683594 ], [ 139.783914, 35.683541 ], [ 139.783724, 35.683447 ], [ 139.783196, 35.683185 ], [ 139.782992, 35.683422 ], [ 139.782956, 35.683462 ], [ 139.78281, 35.683642 ], [ 139.782535, 35.683955 ], [ 139.782376, 35.684138 ], [ 139.78236, 35.684157 ], [ 139.782166, 35.684392 ], [ 139.781369, 35.683955 ], [ 139.781019, 35.68438 ], [ 139.780662, 35.68481 ], [ 139.780648, 35.684827 ], [ 139.780262, 35.685373 ], [ 139.780676, 35.685562 ], [ 139.781002, 35.685709 ], [ 139.781049, 35.68573 ], [ 139.781753, 35.686053 ], [ 139.781791, 35.68607 ], [ 139.782285, 35.686325 ], [ 139.782563, 35.686012 ], [ 139.782756, 35.6858 ], [ 139.782988, 35.685535 ], [ 139.783017, 35.685499 ], [ 139.783376, 35.685099 ], [ 139.783642, 35.684801 ], [ 139.783811, 35.684606 ], [ 139.784049, 35.684341 ] ] ] } },
{ "type": "Feature", "properties": { "key": "中央区|日本橋人形町2丁目", "ward": "中央区", "town": "日本橋人形町２丁目" }, "geometry": { "type": "Polygon", "coordinates": [ [ [ 139.784503, 35.683829 ], [ 139.784049, 35.684341 ], [ 139.783811, 35.684606 ], [ 139.783642, 35.684801 ], [ 139.783376, 35.685099 ], [ 139.783017, 35.685499 ], [ 139.782988, 35.685535 ], [ 139.782756, 35.6858 ], [ 139.782563, 35.686012 ], [ 139.782285, 35.686325 ], [ 139.782751, 35.686627 ], [ 139.782825, 35.686675 ], [ 139.783363, 35.687032 ], [ 139.784544, 35.6878 ], [ 139.784557, 35.687808 ], [ 139.784655, 35.687869 ], [ 139.784764, 35.68787 ], [ 139.784958, 35.687681 ], [ 139.785215, 35.687432 ], [ 139.785222, 35.687424 ], [ 139.785398, 35.687256 ], [ 139.785561, 35.687094 ], [ 139.785742, 35.686909 ], [ 139.785976, 35.686659 ], [ 139.785988, 35.686642 ], [ 139.786174, 35.686377 ], [ 139.78643, 35.685967 ], [ 139.786558, 35.685771 ], [ 139.786674, 35.685588 ], [ 139.787017, 35.685084 ], [ 139.787028, 35.685069 ], [ 139.786909, 35.685018 ], [ 139.786869, 35.684999 ], [ 139.786265, 35.684701 ], [ 139.786214, 35.684674 ], [ 139.785605, 35.684378 ], [ 139.785583, 35.684369 ], [ 139.785254, 35.684207 ], [ 139.784994, 35.68408 ], [ 139.784949, 35.684055 ], [ 139.784503, 35.683829 ] ] ] } },
{ "type": "Feature", "properties": { "key": "中央区|日本橋人形町3丁目", "ward": "中央区", "town": "日本橋人形町３丁目" }, "geometry": { "type": "Polygon", "coordinates": [ [ [ 139.779916, 35.685274 ], [ 139.779447, 35.686353 ], [ 139.779768, 35.686448 ], [ 139.780293, 35.686583 ], [ 139.78093, 35.686978 ], [ 139.781446, 35.68729 ], [ 139.781953, 35.687621 ], [ 139.782525, 35.687993 ], [ 139.782653, 35.687849 ], [ 139.782816, 35.687653 ], [ 139.782942, 35.687504 ], [ 139.782952, 35.687491 ], [ 139.783082, 35.687353 ], [ 139.783093, 35.68734 ], [ 139.783363, 35.687032 ], [ 139.782825, 35.686675 ], [ 139.782751, 35.686627 ], [ 139.782285, 35.686325 ], [ 139.781791, 35.68607 ], [ 139.781753, 35.686053 ], [ 139.781049, 35.68573 ], [ 139.781002, 35.685709 ], [ 139.780676, 35.685562 ], [ 139.780262, 35.685373 ], [ 139.780253, 35.685371 ], [ 139.779916, 35.685274 ] ] ] } },
{ "type": "Feature", "properties": { "key": "中央区|日本橋小網町", "ward": "中央区", "town": "日本橋小網町" }, "geometry": { "type": "Polygon", "coordinates": [ [ [ 139.781369, 35.683955 ], [ 139.780618, 35.683562 ], [ 139.780774, 35.683451 ], [ 139.780892, 35.683367 ], [ 139.781107, 35.683208 ], [ 139.781148, 35.683174 ], [ 139.781367, 35.682901 ], [ 139.781514, 35.682724 ], [ 139.781721, 35.682466 ], [ 139.781776, 35.682504 ], [ 139.782152, 35.682071 ], [ 139.782473, 35.681697 ], [ 139.782712, 35.681416 ], [ 139.782721, 35.681405 ], [ 139.782964, 35.681126 ], [ 139.783199, 35.680851 ], [ 139.783466, 35.680531 ], [ 139.783211, 35.680395 ], [ 139.78294, 35.680254 ], [ 139.782908, 35.680237 ], [ 139.78262, 35.680085 ], [ 139.782771, 35.679964 ], [ 139.782515, 35.679845 ], [ 139.7824, 35.679936 ], [ 139.781888, 35.68034 ], [ 139.781577, 35.680568 ], [ 139.780864, 35.681189 ], [ 139.780407, 35.681545 ], [ 139.780125, 35.681824 ], [ 139.780015, 35.682026 ], [ 139.779935, 35.682254 ], [ 139.779949, 35.682267 ], [ 139.779567, 35.683411 ], [ 139.779522, 35.683446 ], [ 139.778653, 35.684036 ], [ 139.778648, 35.684027 ], [ 139.778248, 35.684297 ], [ 139.778271, 35.684302 ], [ 139.778223, 35.684931 ], [ 139.778616, 35.684935 ], [ 139.77863, 35.684942 ], [ 139.779136, 35.685073 ], [ 139.779548, 35.685162 ], [ 139.779573, 35.685175 ], [ 139.779915, 35.685265 ], [ 139.779916, 35.685274 ], [ 139.780253, 35.685371 ], [ 139.780262, 35.685373 ], [ 139.780648, 35.684827 ], [ 139.780662, 35.68481 ], [ 139.781019, 35.68438 ], [ 139.781369, 35.683955 ] ] ] } },
{ "type": "Feature", "properties": { "key": "中央区|日本橋蛎殻町1丁目", "ward": "中央区", "town": "日本橋蛎殻町１丁目" }, "geometry": { "type": "Polygon", "coordinates": [ [ [ 139.783196, 35.683185 ], [ 139.783724, 35.683447 ], [ 139.783914, 35.683541 ], [ 139.784016, 35.683594 ], [ 139.784503, 35.683829 ], [ 139.784864, 35.683422 ], [ 139.785175, 35.683086 ], [ 139.785455, 35.682757 ], [ 139.785804, 35.682342 ], [ 139.785824, 35.68232 ], [ 139.786182, 35.681896 ], [ 139.786335, 35.681714 ], [ 139.785719, 35.681434 ], [ 139.784941, 35.681123 ], [ 139.78445, 35.680961 ], [ 139.783986, 35.680779 ], [ 139.783466, 35.680531 ], [ 139.783199, 35.680851 ], [ 139.782964, 35.681126 ], [ 139.782721, 35.681405 ], [ 139.782712, 35.681416 ], [ 139.782473, 35.681697 ], [ 139.782152, 35.682071 ], [ 139.781776, 35.682504 ], [ 139.781721, 35.682466 ], [ 139.781514, 35.682724 ], [ 139.781367, 35.682901 ], [ 139.781148, 35.683174 ], [ 139.781107, 35.683208 ], [ 139.780892, 35.683367 ], [ 139.780774, 35.683451 ], [ 139.780618, 35.683562 ], [ 139.781369, 35.683955 ], [ 139.782166, 35.684392 ], [ 139.78236, 35.684157 ], [ 139.782376, 35.684138 ], [ 139.782535, 35.683955 ], [ 139.78281, 35.683642 ], [ 139.782956, 35.683462 ], [ 139.782992, 35.683422 ], [ 139.783196, 35.683185 ] ] ] } },
{ "type": "Feature", "properties": { "key": "中央区|日本橋蛎殻町2丁目", "ward": "中央区", "town": "日本橋蛎殻町２丁目" }, "geometry": { "type": "Polygon", "coordinates": [ [ [ 139.786335, 35.681714 ], [ 139.786182, 35.681896 ], [ 139.785824, 35.68232 ], [ 139.785804, 35.682342 ], [ 139.785455, 35.682757 ], [ 139.785175, 35.683086 ], [ 139.784864, 35.683422 ], [ 139.784503, 35.683829 ], [ 139.784949, 35.684055 ], [ 139.784994, 35.68408 ], [ 139.785254, 35.684207 ], [ 139.785583, 35.684369 ], [ 139.785605, 35.684378 ], [ 139.786214, 35.684674 ], [ 139.786265, 35.684701 ], [ 139.786869, 35.684999 ], [ 139.786909, 35.685018 ], [ 139.787028, 35.685069 ], [ 139.787323, 35.684664 ], [ 139.787813, 35.684033 ], [ 139.78783, 35.684011 ], [ 139.788153, 35.683583 ], [ 139.78857, 35.683044 ], [ 139.788502, 35.682998 ], [ 139.788533, 35.682966 ], [ 139.788615, 35.682856 ], [ 139.788556, 35.682807 ], [ 139.788114, 35.682572 ], [ 139.787519, 35.6823 ], [ 139.787334, 35.682228 ], [ 139.786335, 35.681714 ] ] ] } },
{ "type": "Feature", "properties": { "key": "中央区|日本橋箱崎町", "ward": "中央区", "town": "日本橋箱崎町" }, "geometry": { "type": "Polygon", "coordinates": [ [ [ 139.787779, 35.676923 ], [ 139.786636, 35.677488 ], [ 139.786627, 35.677492 ], [ 139.784992, 35.678292 ], [ 139.784178, 35.67869 ], [ 139.7834, 35.679187 ], [ 139.782515, 35.679845 ], [ 139.782771, 35.679964 ], [ 139.78262, 35.680085 ], [ 139.782908, 35.680237 ], [ 139.78294, 35.680254 ], [ 139.783211, 35.680395 ], [ 139.783466, 35.680531 ], [ 139.783986, 35.680779 ], [ 139.78445, 35.680961 ], [ 139.784941, 35.681123 ], [ 139.785719, 35.681434 ], [ 139.786335, 35.681714 ], [ 139.787334, 35.682228 ], [ 139.787519, 35.6823 ], [ 139.788114, 35.682572 ], [ 139.788556, 35.682807 ], [ 139.788615, 35.682856 ], [ 139.788692, 35.682905 ], [ 139.788709, 35.682889 ], [ 139.789039, 35.682716 ], [ 139.789074, 35.68262 ], [ 139.789199, 35.68252 ], [ 139.789418, 35.682353 ], [ 139.789433, 35.682333 ], [ 139.789904, 35.681962 ], [ 139.790135, 35.681878 ], [ 139.789924, 35.681644 ], [ 139.790668, 35.681047 ], [ 139.790682, 35.68103 ], [ 139.790446, 35.680762 ], [ 139.789673, 35.67974 ], [ 139.7894, 35.67935 ], [ 139.789096, 35.678898 ], [ 139.789055, 35.678838 ], [ 139.788425, 35.677952 ], [ 139.787954, 35.677275 ], [ 139.787868, 35.677137 ], [ 139.787779, 35.676923 ] ] ] } },
{ "type": "Feature", "properties": { "key": "中央区|日本橋馬喰町1丁目", "ward": "中央区", "town": "日本橋馬喰町１丁目" }, "geometry": { "type": "Polygon", "coordinates": [ [ [ 139.781204, 35.691846 ], [ 139.781194, 35.691856 ], [ 139.780906, 35.69216 ], [ 139.780893, 35.692183 ], [ 139.780831, 35.69224 ], [ 139.78055, 35.692539 ], [ 139.780312, 35.692792 ], [ 139.780289, 35.692862 ], [ 139.780389, 35.692929 ], [ 139.780429, 35.692957 ], [ 139.781159, 35.693501 ], [ 139.781178, 35.693515 ], [ 139.7822, 35.694257 ], [ 139.782208, 35.694262 ], [ 139.782744, 35.694649 ], [ 139.782804, 35.694692 ], [ 139.782869, 35.695104 ], [ 139.783669, 35.694997 ], [ 139.784387, 35.694892 ], [ 139.78502, 35.694812 ], [ 139.784268, 35.694191 ], [ 139.783249, 35.69335 ], [ 139.782372, 35.692632 ], [ 139.782266, 35.692556 ], [ 139.781365, 35.691953 ], [ 139.781204, 35.691846 ] ] ] } },
{ "type": "Feature", "properties": { "key": "中央区|日本橋馬喰町2丁目", "ward": "中央区", "town": "日本橋馬喰町２丁目" }, "geometry": { "type": "Polygon", "coordinates": [ [ [ 139.785398, 35.695857 ], [ 139.785219, 35.695524 ], [ 139.785338, 35.695394 ], [ 139.785321, 35.695281 ], [ 139.78528, 35.695009 ], [ 139.78502, 35.694812 ], [ 139.784387, 35.694892 ], [ 139.783669, 35.694997 ], [ 139.782869, 35.695104 ], [ 139.782875, 35.695142 ], [ 139.782778, 35.695149 ], [ 139.782569, 35.695165 ], [ 139.782241, 35.695188 ], [ 139.781651, 35.695235 ], [ 139.781705, 35.695789 ], [ 139.781708, 35.695821 ], [ 139.781742, 35.696298 ], [ 139.782679, 35.696176 ], [ 139.78273, 35.696638 ], [ 139.783115, 35.696596 ], [ 139.78411, 35.696276 ], [ 139.784363, 35.696193 ], [ 139.785398, 35.695857 ] ] ] } },
{ "type": "Feature", "properties": { "key": "中央区|日本橋横山町", "ward": "中央区", "town": "日本橋横山町" }, "geometry": { "type": "Polygon", "coordinates": [ [ [ 139.785005, 35.693162 ], [ 139.784359, 35.693229 ], [ 139.784325, 35.692997 ], [ 139.783988, 35.692737 ], [ 139.782948, 35.691944 ], [ 139.782349, 35.691525 ], [ 139.781977, 35.691266 ], [ 139.781821, 35.691163 ], [ 139.781511, 35.691501 ], [ 139.781509, 35.691504 ], [ 139.781273, 35.691769 ], [ 139.781221, 35.691827 ], [ 139.781204, 35.691846 ], [ 139.781365, 35.691953 ], [ 139.782266, 35.692556 ], [ 139.782372, 35.692632 ], [ 139.783249, 35.69335 ], [ 139.784268, 35.694191 ], [ 139.78502, 35.694812 ], [ 139.785266, 35.694777 ], [ 139.785214, 35.694466 ], [ 139.785193, 35.694342 ], [ 139.785164, 35.694163 ], [ 139.785075, 35.693608 ], [ 139.785005, 35.693162 ] ] ] } },
{ "type": "Feature", "properties": { "key": "中央区|東日本橋1丁目", "ward": "中央区", "town": "東日本橋１丁目" }, "geometry": { "type": "Polygon", "coordinates": [ [ [ 139.7874, 35.691172 ], [ 139.787382, 35.69118 ], [ 139.786958, 35.690929 ], [ 139.786961, 35.690916 ], [ 139.786624, 35.69071 ], [ 139.786618, 35.690705 ], [ 139.786554, 35.690663 ], [ 139.786213, 35.690438 ], [ 139.786203, 35.690431 ], [ 139.785656, 35.690068 ], [ 139.785647, 35.690057 ], [ 139.78513, 35.68972 ], [ 139.784971, 35.689944 ], [ 139.784674, 35.690404 ], [ 139.784435, 35.690786 ], [ 139.784689, 35.690955 ], [ 139.784954, 35.691142 ], [ 139.785444, 35.69149 ], [ 139.785499, 35.691524 ], [ 139.785885, 35.691792 ], [ 139.786199, 35.69202 ], [ 139.786214, 35.692034 ], [ 139.786613, 35.692315 ], [ 139.786933, 35.692548 ], [ 139.78728, 35.692781 ], [ 139.788735, 35.693796 ], [ 139.788713, 35.692917 ], [ 139.788714, 35.692909 ], [ 139.788818, 35.692025 ], [ 139.788814, 35.69202 ], [ 139.7874, 35.691172 ] ] ] } },
{ "type": "Feature", "properties": { "key": "中央区|東日本橋2丁目", "ward": "中央区", "town": "東日本橋２丁目" }, "geometry": { "type": "Polygon", "coordinates": [ [ [ 139.784689, 35.690955 ], [ 139.784847, 35.69212 ], [ 139.78486, 35.692204 ], [ 139.784889, 35.69239 ], [ 139.784913, 35.69252 ], [ 139.785004, 35.693131 ], [ 139.785005, 35.693162 ], [ 139.785075, 35.693608 ], [ 139.785164, 35.694163 ], [ 139.785193, 35.694342 ], [ 139.785214, 35.694466 ], [ 139.785266, 35.694777 ], [ 139.78502, 35.694812 ], [ 139.78528, 35.695009 ], [ 139.785321, 35.695281 ], [ 139.785338, 35.695394 ], [ 139.785219, 35.695524 ], [ 139.785398, 35.695857 ], [ 139.785416, 35.695851 ], [ 139.78641, 35.695536 ], [ 139.787432, 35.695213 ], [ 139.787468, 35.695202 ], [ 139.788907, 35.694788 ], [ 139.788942, 35.694779 ], [ 139.788885, 35.694607 ], [ 139.788804, 35.694307 ], [ 139.788802, 35.694294 ], [ 139.788735, 35.693796 ], [ 139.78728, 35.692781 ], [ 139.786933, 35.692548 ], [ 139.786613, 35.692315 ], [ 139.786214, 35.692034 ], [ 139.786199, 35.69202 ], [ 139.785885, 35.691792 ], [ 139.785499, 35.691524 ], [ 139.785444, 35.69149 ], [ 139.784954, 35.691142 ], [ 139.784689, 35.690955 ] ] ] } },
{ "type": "Feature", "properties": { "key": "中央区|東日本橋3丁目", "ward": "中央区", "town": "東日本橋３丁目" }, "geometry": { "type": "Polygon", "coordinates": [ [ [ 139.782951, 35.689851 ], [ 139.78241, 35.690473 ], [ 139.782397, 35.690488 ], [ 139.78182, 35.691154 ], [ 139.781821, 35.691163 ], [ 139.781977, 35.691266 ], [ 139.782349, 35.691525 ], [ 139.782948, 35.691944 ], [ 139.783988, 35.692737 ], [ 139.784325, 35.692997 ], [ 139.784359, 35.693229 ], [ 139.785005, 35.693162 ], [ 139.785004, 35.693131 ], [ 139.784913, 35.69252 ], [ 139.784889, 35.69239 ], [ 139.78486, 35.692204 ], [ 139.784847, 35.69212 ], [ 139.784689, 35.690955 ], [ 139.784435, 35.690786 ], [ 139.7843, 35.690694 ], [ 139.783875, 35.690428 ], [ 139.783136, 35.689965 ], [ 139.783109, 35.68995 ], [ 139.782951, 35.689851 ] ] ] } },
{ "type": "Feature", "properties": { "key": "中央区|日本橋久松町", "ward": "中央区", "town": "日本橋久松町" }, "geometry": { "type": "Polygon", "coordinates": [ [ [ 139.785285, 35.688311 ], [ 139.785281, 35.688307 ], [ 139.784762, 35.687971 ], [ 139.78465, 35.687898 ], [ 139.78398, 35.68863 ], [ 139.783957, 35.688615 ], [ 139.783814, 35.688777 ], [ 139.783805, 35.688821 ], [ 139.783806, 35.68884 ], [ 139.783811, 35.688917 ], [ 139.783306, 35.689504 ], [ 139.783225, 35.689527 ], [ 139.782996, 35.689776 ], [ 139.782932, 35.689819 ], [ 139.782951, 35.689851 ], [ 139.783109, 35.68995 ], [ 139.783136, 35.689965 ], [ 139.783875, 35.690428 ], [ 139.7843, 35.690694 ], [ 139.784435, 35.690786 ], [ 139.784674, 35.690404 ], [ 139.784971, 35.689944 ], [ 139.78513, 35.68972 ], [ 139.785426, 35.689248 ], [ 139.785427, 35.689244 ], [ 139.785812, 35.688666 ], [ 139.785805, 35.688654 ], [ 139.785285, 35.688311 ] ] ] } },
{ "type": "Feature", "properties": { "key": "中央区|日本橋浜町1丁目", "ward": "中央区", "town": "日本橋浜町１丁目" }, "geometry": { "type": "Polygon", "coordinates": [ [ [ 139.789024, 35.691163 ], [ 139.789166, 35.690841 ], [ 139.788104, 35.690156 ], [ 139.787689, 35.689881 ], [ 139.78758, 35.689808 ], [ 139.78733, 35.689649 ], [ 139.787211, 35.689573 ], [ 139.786942, 35.689397 ], [ 139.786892, 35.689365 ], [ 139.786651, 35.689208 ], [ 139.786428, 35.68906 ], [ 139.786327, 35.688998 ], [ 139.785812, 35.688666 ], [ 139.785427, 35.689244 ], [ 139.785426, 35.689248 ], [ 139.78513, 35.68972 ], [ 139.785647, 35.690057 ], [ 139.785656, 35.690068 ], [ 139.786203, 35.690431 ], [ 139.786213, 35.690438 ], [ 139.786554, 35.690663 ], [ 139.786618, 35.690705 ], [ 139.786624, 35.69071 ], [ 139.786961, 35.690916 ], [ 139.786958, 35.690929 ], [ 139.787382, 35.69118 ], [ 139.7874, 35.691172 ], [ 139.788814, 35.69202 ], [ 139.788888, 35.691685 ], [ 139.788934, 35.691476 ], [ 139.789024, 35.691163 ] ] ] } },
{ "type": "Feature", "properties": { "key": "中央区|日本橋浜町2丁目", "ward": "中央区", "town": "日本橋浜町２丁目" }, "geometry": { "type": "Polygon", "coordinates": [ [ [ 139.791849, 35.687722 ], [ 139.79207, 35.687463 ], [ 139.792073, 35.68746 ], [ 139.790669, 35.686788 ], [ 139.790634, 35.686774 ], [ 139.790103, 35.686523 ], [ 139.790036, 35.686488 ], [ 139.789806, 35.686385 ], [ 139.789479, 35.686234 ], [ 139.788904, 35.685961 ], [ 139.788739, 35.685887 ], [ 139.788217, 35.685639 ], [ 139.78783, 35.685464 ], [ 139.787619, 35.685361 ], [ 139.787592, 35.685349 ], [ 139.787292, 35.68521 ], [ 139.787017, 35.685084 ], [ 139.786674, 35.685588 ], [ 139.786558, 35.685771 ], [ 139.78643, 35.685967 ], [ 139.786174, 35.686377 ], [ 139.785988, 35.686642 ], [ 139.785976, 35.686659 ], [ 139.785742, 35.686909 ], [ 139.785561, 35.687094 ], [ 139.785398, 35.687256 ], [ 139.785222, 35.687424 ], [ 139.785215, 35.687432 ], [ 139.784958, 35.687681 ], [ 139.784764, 35.68787 ], [ 139.784655, 35.687869 ], [ 139.78465, 35.687898 ], [ 139.784762, 35.687971 ], [ 139.785281, 35.688307 ], [ 139.785285, 35.688311 ], [ 139.785805, 35.688654 ], [ 139.785812, 35.688666 ], [ 139.786327, 35.688998 ], [ 139.786428, 35.68906 ], [ 139.786651, 35.689208 ], [ 139.786892, 35.689365 ], [ 139.786942, 35.689397 ], [ 139.787211, 35.689573 ], [ 139.78733, 35.689649 ], [ 139.78758, 35.689808 ], [ 139.787689, 35.689881 ], [ 139.788104, 35.690156 ], [ 139.789166, 35.690841 ], [ 139.789326, 35.690583 ], [ 139.789479, 35.690337 ], [ 139.790319, 35.689311 ], [ 139.790419, 35.689205 ], [ 139.790938, 35.688654 ], [ 139.79109, 35.688498 ], [ 139.791599, 35.687975 ], [ 139.791657, 35.687915 ], [ 139.791849, 35.687722 ] ] ] } },
{ "type": "Feature", "properties": { "key": "中央区|日本橋浜町3丁目", "ward": "中央区", "town": "日本橋浜町３丁目" }, "geometry": { "type": "Polygon", "coordinates": [ [ [ 139.788942, 35.682901 ], [ 139.788756, 35.682944 ], [ 139.788692, 35.682905 ], [ 139.788615, 35.682856 ], [ 139.788533, 35.682966 ], [ 139.788502, 35.682998 ], [ 139.78857, 35.683044 ], [ 139.788153, 35.683583 ], [ 139.78783, 35.684011 ], [ 139.787813, 35.684033 ], [ 139.787323, 35.684664 ], [ 139.787028, 35.685069 ], [ 139.787017, 35.685084 ], [ 139.787292, 35.68521 ], [ 139.787592, 35.685349 ], [ 139.787619, 35.685361 ], [ 139.78783, 35.685464 ], [ 139.788217, 35.685639 ], [ 139.788739, 35.685887 ], [ 139.788904, 35.685961 ], [ 139.789479, 35.686234 ], [ 139.789806, 35.686385 ], [ 139.790036, 35.686488 ], [ 139.790103, 35.686523 ], [ 139.790634, 35.686774 ], [ 139.790669, 35.686788 ], [ 139.792073, 35.68746 ], [ 139.792333, 35.687137 ], [ 139.792473, 35.686955 ], [ 139.792579, 35.686817 ], [ 139.792939, 35.686325 ], [ 139.792942, 35.686321 ], [ 139.793078, 35.686115 ], [ 139.793107, 35.68607 ], [ 139.791819, 35.685105 ], [ 139.79127, 35.684665 ], [ 139.790832, 35.684313 ], [ 139.79082, 35.684305 ], [ 139.789971, 35.683663 ], [ 139.789947, 35.683645 ], [ 139.788942, 35.682901 ] ] ] } },
{ "type": "Feature", "properties": { "key": "中央区|日本橋中洲", "ward": "中央区", "town": "日本橋中洲" }, "geometry": { "type": "Polygon", "coordinates": [ [ [ 139.79231, 35.682835 ], [ 139.792281, 35.682802 ], [ 139.791918, 35.682395 ], [ 139.791543, 35.681987 ], [ 139.790955, 35.68136 ], [ 139.790668, 35.681047 ], [ 139.789924, 35.681644 ], [ 139.790135, 35.681878 ], [ 139.789904, 35.681962 ], [ 139.789433, 35.682333 ], [ 139.789418, 35.682353 ], [ 139.789199, 35.68252 ], [ 139.789074, 35.68262 ], [ 139.789039, 35.682716 ], [ 139.788709, 35.682889 ], [ 139.788692, 35.682905 ], [ 139.788756, 35.682944 ], [ 139.788942, 35.682901 ], [ 139.789947, 35.683645 ], [ 139.789971, 35.683663 ], [ 139.79082, 35.684305 ], [ 139.790832, 35.684313 ], [ 139.79127, 35.684665 ], [ 139.791819, 35.685105 ], [ 139.793107, 35.68607 ], [ 139.793177, 35.68585 ], [ 139.793198, 35.685649 ], [ 139.793181, 35.685218 ], [ 139.793176, 35.685087 ], [ 139.793028, 35.684408 ], [ 139.792876, 35.683902 ], [ 139.792779, 35.683578 ], [ 139.792674, 35.683368 ], [ 139.792651, 35.683323 ], [ 139.792606, 35.683258 ], [ 139.79231, 35.682835 ] ] ] } },
{ "type": "Feature", "properties": { "key": "中央区|八重洲1丁目", "ward": "中央区", "town": "八重洲１丁目" }, "geometry": { "type": "Polygon", "coordinates": [ [ [ 139.772661, 35.68346 ], [ 139.7724, 35.683046 ], [ 139.772017, 35.682413 ], [ 139.771695, 35.681895 ], [ 139.77131, 35.681283 ], [ 139.771048, 35.680862 ], [ 139.770832, 35.680525 ], [ 139.770632, 35.680196 ], [ 139.770392, 35.679816 ], [ 139.769027, 35.680381 ], [ 139.768999, 35.680393 ], [ 139.768778, 35.680483 ], [ 139.769054, 35.680909 ], [ 139.769323, 35.681291 ], [ 139.769426, 35.68146 ], [ 139.769657, 35.681734 ], [ 139.769662, 35.681739 ], [ 139.769595, 35.68178 ], [ 139.769672, 35.681926 ], [ 139.769782, 35.681853 ], [ 139.769847, 35.681956 ], [ 139.769872, 35.681983 ], [ 139.77017, 35.68246 ], [ 139.770095, 35.682494 ], [ 139.770095, 35.682512 ], [ 139.770117, 35.68255 ], [ 139.770205, 35.682527 ], [ 139.770639, 35.683408 ], [ 139.770643, 35.683416 ], [ 139.770593, 35.68348 ], [ 139.770572, 35.683514 ], [ 139.770565, 35.683516 ], [ 139.770555, 35.683529 ], [ 139.770583, 35.683634 ], [ 139.770594, 35.683672 ], [ 139.770646, 35.683829 ], [ 139.770806, 35.683791 ], [ 139.770808, 35.683798 ], [ 139.77086, 35.683947 ], [ 139.770993, 35.68433 ], [ 139.770856, 35.684366 ], [ 139.770892, 35.684472 ], [ 139.770908, 35.684633 ], [ 139.771276, 35.684564 ], [ 139.77301, 35.684276 ], [ 139.772877, 35.683812 ], [ 139.772661, 35.68346 ] ] ] } },
{ "type": "Feature", "properties": { "key": "中央区|日本橋1丁目", "ward": "中央区", "town": "日本橋１丁目" }, "geometry": { "type": "Polygon", "coordinates": [ [ [ 139.778648, 35.684027 ], [ 139.778653, 35.684024 ], [ 139.778394, 35.683639 ], [ 139.778158, 35.683795 ], [ 139.778099, 35.683567 ], [ 139.778077, 35.683545 ], [ 139.778037, 35.683418 ], [ 139.777301, 35.682261 ], [ 139.777288, 35.682257 ], [ 139.776702, 35.681339 ], [ 139.776449, 35.681438 ], [ 139.776434, 35.681447 ], [ 139.77575, 35.681728 ], [ 139.775051, 35.682006 ], [ 139.773707, 35.682549 ], [ 139.7724, 35.683046 ], [ 139.772661, 35.68346 ], [ 139.772877, 35.683812 ], [ 139.77301, 35.684276 ], [ 139.774468, 35.684045 ], [ 139.774504, 35.684057 ], [ 139.774781, 35.684069 ], [ 139.775085, 35.68408 ], [ 139.775472, 35.684114 ], [ 139.77691, 35.684306 ], [ 139.777359, 35.684359 ], [ 139.777778, 35.684374 ], [ 139.778013, 35.684352 ], [ 139.778248, 35.684297 ], [ 139.778648, 35.684027 ] ] ] } },
{ "type": "Feature", "properties": { "key": "中央区|日本橋2丁目", "ward": "中央区", "town": "日本橋２丁目" }, "geometry": { "type": "Polygon", "coordinates": [ [ [ 139.775585, 35.679484 ], [ 139.775305, 35.679598 ], [ 139.774603, 35.679895 ], [ 139.773935, 35.680167 ], [ 139.772561, 35.680726 ], [ 139.772588, 35.680767 ], [ 139.77131, 35.681283 ], [ 139.771695, 35.681895 ], [ 139.772017, 35.682413 ], [ 139.7724, 35.683046 ], [ 139.773707, 35.682549 ], [ 139.775051, 35.682006 ], [ 139.77575, 35.681728 ], [ 139.776434, 35.681447 ], [ 139.776449, 35.681438 ], [ 139.776702, 35.681339 ], [ 139.776726, 35.681326 ], [ 139.776655, 35.68121 ], [ 139.776498, 35.680954 ], [ 139.775601, 35.679488 ], [ 139.775585, 35.679484 ] ] ] } },
{ "type": "Feature", "properties": { "key": "中央区|日本橋3丁目", "ward": "中央区", "town": "日本橋３丁目" }, "geometry": { "type": "Polygon", "coordinates": [ [ [ 139.775585, 35.679484 ], [ 139.775601, 35.679488 ], [ 139.77512, 35.678682 ], [ 139.775097, 35.67869 ], [ 139.774722, 35.678052 ], [ 139.774419, 35.678177 ], [ 139.774411, 35.678156 ], [ 139.77371, 35.678433 ], [ 139.7737, 35.678461 ], [ 139.773041, 35.678719 ], [ 139.773025, 35.678716 ], [ 139.772529, 35.678922 ], [ 139.771654, 35.679284 ], [ 139.770392, 35.679816 ], [ 139.770632, 35.680196 ], [ 139.770832, 35.680525 ], [ 139.771048, 35.680862 ], [ 139.77131, 35.681283 ], [ 139.772588, 35.680767 ], [ 139.772561, 35.680726 ], [ 139.773935, 35.680167 ], [ 139.774603, 35.679895 ], [ 139.775305, 35.679598 ], [ 139.775585, 35.679484 ] ] ] } },
{ "type": "Feature", "properties": { "key": "中央区|日本橋茅場町1丁目", "ward": "中央区", "town": "日本橋茅場町１丁目" }, "geometry": { "type": "Polygon", "coordinates": [ [ [ 139.781597, 35.679176 ], [ 139.781281, 35.679348 ], [ 139.780965, 35.679061 ], [ 139.780406, 35.679289 ], [ 139.779849, 35.679518 ], [ 139.779131, 35.679802 ], [ 139.778547, 35.680045 ], [ 139.777951, 35.680294 ], [ 139.777966, 35.680319 ], [ 139.778233, 35.680717 ], [ 139.778583, 35.681268 ], [ 139.778867, 35.681613 ], [ 139.779255, 35.681983 ], [ 139.779393, 35.682096 ], [ 139.779545, 35.68217 ], [ 139.779677, 35.682212 ], [ 139.779935, 35.682254 ], [ 139.780015, 35.682026 ], [ 139.780125, 35.681824 ], [ 139.780407, 35.681545 ], [ 139.780864, 35.681189 ], [ 139.781577, 35.680568 ], [ 139.781888, 35.68034 ], [ 139.7824, 35.679936 ], [ 139.781597, 35.679176 ] ] ] } },
{ "type": "Feature", "properties": { "key": "中央区|日本橋茅場町2丁目", "ward": "中央区", "town": "日本橋茅場町２丁目" }, "geometry": { "type": "Polygon", "coordinates": [ [ [ 139.780965, 35.679061 ], [ 139.781281, 35.679348 ], [ 139.781597, 35.679176 ], [ 139.781619, 35.679165 ], [ 139.781159, 35.678716 ], [ 139.781158, 35.678715 ], [ 139.780085, 35.677632 ], [ 139.780083, 35.677656 ], [ 139.779746, 35.677832 ], [ 139.779551, 35.677916 ], [ 139.778985, 35.678143 ], [ 139.77828, 35.678424 ], [ 139.777673, 35.678669 ], [ 139.777066, 35.678921 ], [ 139.777314, 35.679292 ], [ 139.777558, 35.679673 ], [ 139.777718, 35.679932 ], [ 139.777951, 35.680294 ], [ 139.778547, 35.680045 ], [ 139.779131, 35.679802 ], [ 139.779849, 35.679518 ], [ 139.780406, 35.679289 ], [ 139.780965, 35.679061 ] ] ] } },
{ "type": "Feature", "properties": { "key": "中央区|日本橋茅場町3丁目", "ward": "中央区", "town": "日本橋茅場町３丁目" }, "geometry": { "type": "Polygon", "coordinates": [ [ [ 139.779386, 35.676847 ], [ 139.779107, 35.676963 ], [ 139.778449, 35.677248 ], [ 139.778447, 35.677264 ], [ 139.777735, 35.677569 ], [ 139.777158, 35.677823 ], [ 139.777003, 35.677875 ], [ 139.776545, 35.678073 ], [ 139.776542, 35.678081 ], [ 139.776689, 35.678315 ], [ 139.776822, 35.678505 ], [ 139.77687, 35.678596 ], [ 139.777066, 35.678921 ], [ 139.777673, 35.678669 ], [ 139.77828, 35.678424 ], [ 139.778985, 35.678143 ], [ 139.779551, 35.677916 ], [ 139.779746, 35.677832 ], [ 139.780083, 35.677656 ], [ 139.779799, 35.677337 ], [ 139.779397, 35.676847 ], [ 139.779386, 35.676847 ] ] ] } },
{ "type": "Feature", "properties": { "key": "中央区|日本橋兜町", "ward": "中央区", "town": "日本橋兜町" }, "geometry": { "type": "Polygon", "coordinates": [ [ [ 139.779522, 35.683446 ], [ 139.779567, 35.683411 ], [ 139.779949, 35.682267 ], [ 139.779935, 35.682254 ], [ 139.779677, 35.682212 ], [ 139.779545, 35.68217 ], [ 139.779393, 35.682096 ], [ 139.779255, 35.681983 ], [ 139.778867, 35.681613 ], [ 139.778583, 35.681268 ], [ 139.778233, 35.680717 ], [ 139.777966, 35.680319 ], [ 139.777951, 35.680294 ], [ 139.777718, 35.679932 ], [ 139.777558, 35.679673 ], [ 139.777314, 35.679292 ], [ 139.777066, 35.678921 ], [ 139.77687, 35.678596 ], [ 139.776822, 35.678505 ], [ 139.776689, 35.678315 ], [ 139.776542, 35.678081 ], [ 139.776029, 35.6783 ], [ 139.776016, 35.6783 ], [ 139.775544, 35.678497 ], [ 139.775523, 35.678461 ], [ 139.775384, 35.678515 ], [ 139.775412, 35.678555 ], [ 139.775127, 35.67868 ], [ 139.77512, 35.678682 ], [ 139.775601, 35.679488 ], [ 139.776498, 35.680954 ], [ 139.776655, 35.68121 ], [ 139.776726, 35.681326 ], [ 139.776702, 35.681339 ], [ 139.777288, 35.682257 ], [ 139.777301, 35.682261 ], [ 139.778037, 35.683418 ], [ 139.778077, 35.683545 ], [ 139.778099, 35.683567 ], [ 139.778158, 35.683795 ], [ 139.778394, 35.683639 ], [ 139.778653, 35.684024 ], [ 139.778648, 35.684027 ], [ 139.778653, 35.684036 ], [ 139.779522, 35.683446 ] ] ] } },
{ "type": "Feature", "properties": { "key": "中央区|佃1丁目", "ward": "中央区", "town": "佃１丁目" }, "geometry": { "type": "Polygon", "coordinates": [ [ [ 139.783512, 35.666262 ], [ 139.783443, 35.666122 ], [ 139.783058, 35.666272 ], [ 139.782956, 35.666086 ], [ 139.782924, 35.666114 ], [ 139.782272, 35.666732 ], [ 139.781839, 35.667125 ], [ 139.781905, 35.66723 ], [ 139.781904, 35.667305 ], [ 139.781931, 35.667379 ], [ 139.782122, 35.667823 ], [ 139.782361, 35.668389 ], [ 139.78238, 35.668626 ], [ 139.782369, 35.668654 ], [ 139.782272, 35.66866 ], [ 139.782276, 35.668826 ], [ 139.782659, 35.669695 ], [ 139.782699, 35.669788 ], [ 139.782835, 35.669956 ], [ 139.783018, 35.670092 ], [ 139.784151, 35.670763 ], [ 139.784594, 35.670984 ], [ 139.78493, 35.669696 ], [ 139.785064, 35.66918 ], [ 139.785073, 35.66915 ], [ 139.785154, 35.668863 ], [ 139.783814, 35.668612 ], [ 139.784009, 35.66784 ], [ 139.784259, 35.667692 ], [ 139.783923, 35.667074 ], [ 139.783751, 35.666722 ], [ 139.783709, 35.666635 ], [ 139.783512, 35.666262 ] ] ] } },
{ "type": "Feature", "properties": { "key": "中央区|佃2丁目", "ward": "中央区", "town": "佃２丁目" }, "geometry": { "type": "Polygon", "coordinates": [ [ [ 139.78685, 35.66999 ], [ 139.786971, 35.670014 ], [ 139.786995, 35.669944 ], [ 139.786882, 35.669916 ], [ 139.786938, 35.669743 ], [ 139.787193, 35.669795 ], [ 139.787221, 35.669697 ], [ 139.787234, 35.669618 ], [ 139.787005, 35.669571 ], [ 139.787009, 35.669546 ], [ 139.787014, 35.669522 ], [ 139.787069, 35.669248 ], [ 139.787163, 35.669226 ], [ 139.787084, 35.669126 ], [ 139.787439, 35.667385 ], [ 139.787438, 35.667278 ], [ 139.787368, 35.667264 ], [ 139.787481, 35.666627 ], [ 139.787495, 35.666407 ], [ 139.787303, 35.666266 ], [ 139.786682, 35.665798 ], [ 139.786258, 35.665486 ], [ 139.785991, 35.665297 ], [ 139.785689, 35.665069 ], [ 139.785581, 35.664984 ], [ 139.785618, 35.664953 ], [ 139.785577, 35.664922 ], [ 139.785396, 35.664782 ], [ 139.785308, 35.66478 ], [ 139.785276, 35.664756 ], [ 139.785259, 35.664745 ], [ 139.784797, 35.664413 ], [ 139.78386, 35.665282 ], [ 139.783848, 35.665293 ], [ 139.782956, 35.666086 ], [ 139.783058, 35.666272 ], [ 139.783443, 35.666122 ], [ 139.783512, 35.666262 ], [ 139.783709, 35.666635 ], [ 139.783751, 35.666722 ], [ 139.783923, 35.667074 ], [ 139.784259, 35.667692 ], [ 139.784009, 35.66784 ], [ 139.783814, 35.668612 ], [ 139.785154, 35.668863 ], [ 139.785073, 35.66915 ], [ 139.785064, 35.66918 ], [ 139.78493, 35.669696 ], [ 139.784594, 35.670984 ], [ 139.786052, 35.671692 ], [ 139.786092, 35.671639 ], [ 139.786055, 35.671615 ], [ 139.78645, 35.670905 ], [ 139.78685, 35.66999 ] ] ] } },
{ "type": "Feature", "properties": { "key": "中央区|佃3丁目", "ward": "中央区", "town": "佃３丁目" }, "geometry": { "type": "Polygon", "coordinates": [ [ [ 139.787524, 35.662867 ], [ 139.787442, 35.662823 ], [ 139.787436, 35.662731 ], [ 139.787328, 35.662647 ], [ 139.787436, 35.662538 ], [ 139.787375, 35.662496 ], [ 139.78728, 35.662597 ], [ 139.78719, 35.662571 ], [ 139.78654, 35.663205 ], [ 139.786309, 35.663042 ], [ 139.785851, 35.663439 ], [ 139.785782, 35.663503 ], [ 139.784807, 35.664404 ], [ 139.784797, 35.664413 ], [ 139.785259, 35.664745 ], [ 139.785276, 35.664756 ], [ 139.785308, 35.66478 ], [ 139.785396, 35.664782 ], [ 139.785577, 35.664922 ], [ 139.785618, 35.664953 ], [ 139.785581, 35.664984 ], [ 139.785689, 35.665069 ], [ 139.785991, 35.665297 ], [ 139.786258, 35.665486 ], [ 139.786682, 35.665798 ], [ 139.787303, 35.666266 ], [ 139.787495, 35.666407 ], [ 139.787522, 35.666322 ], [ 139.787664, 35.666301 ], [ 139.787698, 35.666229 ], [ 139.787685, 35.66598 ], [ 139.787643, 35.665542 ], [ 139.78761, 35.665264 ], [ 139.787561, 35.665075 ], [ 139.787539, 35.664836 ], [ 139.787483, 35.66445 ], [ 139.787451, 35.664257 ], [ 139.787477, 35.663751 ], [ 139.787494, 35.663619 ], [ 139.787501, 35.6635 ], [ 139.787442, 35.663497 ], [ 139.787492, 35.663458 ], [ 139.787524, 35.662867 ] ] ] } },
{ "type": "Feature", "properties": { "key": "中央区|月島1丁目", "ward": "中央区", "town": "月島１丁目" }, "geometry": { "type": "Polygon", "coordinates": [ [ [ 139.782406, 35.662688 ], [ 139.781877, 35.663172 ], [ 139.78143, 35.663585 ], [ 139.781004, 35.663987 ], [ 139.780569, 35.664392 ], [ 139.78036, 35.664584 ], [ 139.78013, 35.664795 ], [ 139.780317, 35.664995 ], [ 139.780519, 35.665211 ], [ 139.780949, 35.665672 ], [ 139.781746, 35.666507 ], [ 139.78175, 35.66658 ], [ 139.781839, 35.667125 ], [ 139.782272, 35.666732 ], [ 139.782924, 35.666114 ], [ 139.782956, 35.666086 ], [ 139.783848, 35.665293 ], [ 139.78386, 35.665282 ], [ 139.784797, 35.664413 ], [ 139.784807, 35.664404 ], [ 139.784404, 35.664114 ], [ 139.784244, 35.663998 ], [ 139.78413, 35.663915 ], [ 139.784105, 35.663897 ], [ 139.783981, 35.663808 ], [ 139.783971, 35.6638 ], [ 139.783829, 35.663701 ], [ 139.783824, 35.663698 ], [ 139.783693, 35.663605 ], [ 139.783689, 35.663602 ], [ 139.783411, 35.663404 ], [ 139.783125, 35.663199 ], [ 139.782978, 35.663094 ], [ 139.782879, 35.663025 ], [ 139.782406, 35.662688 ] ] ] } },
{ "type": "Feature", "properties": { "key": "中央区|月島2丁目", "ward": "中央区", "town": "月島２丁目" }, "geometry": { "type": "Polygon", "coordinates": [ [ [ 139.784317, 35.660887 ], [ 139.784102, 35.661091 ], [ 139.783808, 35.66137 ], [ 139.78337, 35.661777 ], [ 139.782936, 35.662188 ], [ 139.782406, 35.662688 ], [ 139.782879, 35.663025 ], [ 139.782978, 35.663094 ], [ 139.783125, 35.663199 ], [ 139.783411, 35.663404 ], [ 139.783689, 35.663602 ], [ 139.783693, 35.663605 ], [ 139.783824, 35.663698 ], [ 139.783829, 35.663701 ], [ 139.783971, 35.6638 ], [ 139.783981, 35.663808 ], [ 139.784105, 35.663897 ], [ 139.78413, 35.663915 ], [ 139.784244, 35.663998 ], [ 139.784404, 35.664114 ], [ 139.784807, 35.664404 ], [ 139.785782, 35.663503 ], [ 139.785851, 35.663439 ], [ 139.786309, 35.663042 ], [ 139.785952, 35.662706 ], [ 139.785676, 35.662322 ], [ 139.785506, 35.662127 ], [ 139.785185, 35.66176 ], [ 139.785002, 35.661615 ], [ 139.784805, 35.661389 ], [ 139.784714, 35.661283 ], [ 139.784539, 35.661078 ], [ 139.784463, 35.661029 ], [ 139.78453, 35.66097 ], [ 139.784438, 35.660902 ], [ 139.784317, 35.660887 ] ] ] } },
{ "type": "Feature", "properties": { "key": "中央区|月島3丁目", "ward": "中央区", "town": "月島３丁目" }, "geometry": { "type": "Polygon", "coordinates": [ [ [ 139.778964, 35.660255 ], [ 139.778526, 35.660677 ], [ 139.778054, 35.661133 ], [ 139.778031, 35.661155 ], [ 139.77758, 35.66159 ], [ 139.777252, 35.661905 ], [ 139.777175, 35.661979 ], [ 139.776918, 35.662218 ], [ 139.777086, 35.662341 ], [ 139.77813, 35.663092 ], [ 139.77922, 35.66387 ], [ 139.779339, 35.66395 ], [ 139.78013, 35.664795 ], [ 139.78036, 35.664584 ], [ 139.780569, 35.664392 ], [ 139.781004, 35.663987 ], [ 139.78143, 35.663585 ], [ 139.781877, 35.663172 ], [ 139.782406, 35.662688 ], [ 139.782126, 35.662488 ], [ 139.781726, 35.662212 ], [ 139.7814, 35.661972 ], [ 139.780832, 35.661566 ], [ 139.780405, 35.661257 ], [ 139.779979, 35.660957 ], [ 139.779676, 35.660745 ], [ 139.779403, 35.660555 ], [ 139.778964, 35.660255 ] ] ] } },
{ "type": "Feature", "properties": { "key": "中央区|月島4丁目", "ward": "中央区", "town": "月島４丁目" }, "geometry": { "type": "Polygon", "coordinates": [ [ [ 139.784215, 35.660826 ], [ 139.78419, 35.66085 ], [ 139.783698, 35.660532 ], [ 139.783237, 35.660228 ], [ 139.78282, 35.659953 ], [ 139.782741, 35.659901 ], [ 139.782412, 35.659688 ], [ 139.782228, 35.659569 ], [ 139.781991, 35.659282 ], [ 139.781961, 35.659263 ], [ 139.781784, 35.659279 ], [ 139.781194, 35.6589 ], [ 139.780949, 35.658739 ], [ 139.780722, 35.658544 ], [ 139.780313, 35.658942 ], [ 139.779927, 35.659317 ], [ 139.778972, 35.660247 ], [ 139.778964, 35.660255 ], [ 139.779403, 35.660555 ], [ 139.779676, 35.660745 ], [ 139.779979, 35.660957 ], [ 139.780405, 35.661257 ], [ 139.780832, 35.661566 ], [ 139.7814, 35.661972 ], [ 139.781726, 35.662212 ], [ 139.782126, 35.662488 ], [ 139.782406, 35.662688 ], [ 139.782936, 35.662188 ], [ 139.78337, 35.661777 ], [ 139.783808, 35.66137 ], [ 139.784102, 35.661091 ], [ 139.784317, 35.660887 ], [ 139.784215, 35.660826 ] ] ] } },
{ "type": "Feature", "properties": { "key": "中央区|勝どき1丁目", "ward": "中央区", "town": "勝どき１丁目" }, "geometry": { "type": "Polygon", "coordinates": [ [ [ 139.77658, 35.658589 ], [ 139.776077, 35.659089 ], [ 139.775647, 35.6595 ], [ 139.775224, 35.659922 ], [ 139.774795, 35.66034 ], [ 139.774549, 35.660594 ], [ 139.77569, 35.661394 ], [ 139.776918, 35.662218 ], [ 139.777175, 35.661979 ], [ 139.777252, 35.661905 ], [ 139.77758, 35.66159 ], [ 139.778031, 35.661155 ], [ 139.778054, 35.661133 ], [ 139.778526, 35.660677 ], [ 139.778964, 35.660255 ], [ 139.778972, 35.660247 ], [ 139.778609, 35.659996 ], [ 139.778234, 35.659739 ], [ 139.777652, 35.659333 ], [ 139.777442, 35.659187 ], [ 139.777217, 35.659031 ], [ 139.777162, 35.658992 ], [ 139.776855, 35.658775 ], [ 139.77658, 35.658589 ] ] ] } },
{ "type": "Feature", "properties": { "key": "中央区|勝どき2丁目", "ward": "中央区", "town": "勝どき２丁目" }, "geometry": { "type": "Polygon", "coordinates": [ [ [ 139.778284, 35.656895 ], [ 139.777948, 35.657236 ], [ 139.777515, 35.65766 ], [ 139.777092, 35.658082 ], [ 139.77658, 35.658589 ], [ 139.776855, 35.658775 ], [ 139.777162, 35.658992 ], [ 139.777217, 35.659031 ], [ 139.777442, 35.659187 ], [ 139.777652, 35.659333 ], [ 139.778234, 35.659739 ], [ 139.778609, 35.659996 ], [ 139.778972, 35.660247 ], [ 139.779927, 35.659317 ], [ 139.780313, 35.658942 ], [ 139.780722, 35.658544 ], [ 139.780548, 35.658443 ], [ 139.78034, 35.658304 ], [ 139.779908, 35.658003 ], [ 139.77977, 35.657909 ], [ 139.779536, 35.657739 ], [ 139.779375, 35.657639 ], [ 139.778284, 35.656895 ] ] ] } },
{ "type": "Feature", "properties": { "key": "中央区|勝どき3丁目", "ward": "中央区", "town": "勝どき３丁目" }, "geometry": { "type": "Polygon", "coordinates": [ [ [ 139.774135, 35.65692 ], [ 139.77321, 35.65784 ], [ 139.773144, 35.657906 ], [ 139.772394, 35.658657 ], [ 139.772357, 35.658704 ], [ 139.772129, 35.658942 ], [ 139.772278, 35.659057 ], [ 139.77359, 35.65994 ], [ 139.774549, 35.660594 ], [ 139.774795, 35.66034 ], [ 139.775224, 35.659922 ], [ 139.775647, 35.6595 ], [ 139.776077, 35.659089 ], [ 139.77658, 35.658589 ], [ 139.776067, 35.658236 ], [ 139.77599, 35.658181 ], [ 139.775563, 35.657883 ], [ 139.775371, 35.657748 ], [ 139.775265, 35.657678 ], [ 139.775131, 35.657588 ], [ 139.774981, 35.657489 ], [ 139.774813, 35.657377 ], [ 139.774529, 35.657179 ], [ 139.774135, 35.65692 ] ] ] } },
{ "type": "Feature", "properties": { "key": "中央区|勝どき4丁目", "ward": "中央区", "town": "勝どき４丁目" }, "geometry": { "type": "Polygon", "coordinates": [ [ [ 139.775815, 35.655199 ], [ 139.775807, 35.655205 ], [ 139.775122, 35.655908 ], [ 139.775056, 35.655973 ], [ 139.774135, 35.65692 ], [ 139.774529, 35.657179 ], [ 139.774813, 35.657377 ], [ 139.774981, 35.657489 ], [ 139.775131, 35.657588 ], [ 139.775265, 35.657678 ], [ 139.775371, 35.657748 ], [ 139.775563, 35.657883 ], [ 139.77599, 35.658181 ], [ 139.776067, 35.658236 ], [ 139.77658, 35.658589 ], [ 139.777092, 35.658082 ], [ 139.777515, 35.65766 ], [ 139.777948, 35.657236 ], [ 139.778284, 35.656895 ], [ 139.77678, 35.655872 ], [ 139.776044, 35.655356 ], [ 139.775815, 35.655199 ] ] ] } },
{ "type": "Feature", "properties": { "key": "中央区|勝どき5丁目", "ward": "中央区", "town": "勝どき５丁目" }, "geometry": { "type": "Polygon", "coordinates": [ [ [ 139.773144, 35.657906 ], [ 139.77321, 35.65784 ], [ 139.774135, 35.65692 ], [ 139.773674, 35.656613 ], [ 139.77325, 35.656327 ], [ 139.773205, 35.656297 ], [ 139.77253, 35.655839 ], [ 139.772279, 35.655666 ], [ 139.772057, 35.655513 ], [ 139.771403, 35.655066 ], [ 139.770928, 35.654738 ], [ 139.770638, 35.654949 ], [ 139.769946, 35.655651 ], [ 139.768951, 35.656632 ], [ 139.768877, 35.656709 ], [ 139.769442, 35.65709 ], [ 139.769344, 35.6572 ], [ 139.769288, 35.657223 ], [ 139.769424, 35.657314 ], [ 139.769455, 35.657271 ], [ 139.769369, 35.65721 ], [ 139.76947, 35.657113 ], [ 139.770449, 35.657772 ], [ 139.770307, 35.657909 ], [ 139.770171, 35.65782 ], [ 139.770142, 35.657858 ], [ 139.770241, 35.657912 ], [ 139.770314, 35.657977 ], [ 139.770325, 35.657928 ], [ 139.770477, 35.657791 ], [ 139.770517, 35.657837 ], [ 139.771053, 35.658204 ], [ 139.770935, 35.658329 ], [ 139.770801, 35.658231 ], [ 139.770759, 35.658272 ], [ 139.770845, 35.658332 ], [ 139.770925, 35.658384 ], [ 139.771045, 35.658453 ], [ 139.771082, 35.658416 ], [ 139.770992, 35.658357 ], [ 139.770947, 35.658335 ], [ 139.771066, 35.658216 ], [ 139.771655, 35.658612 ], [ 139.771697, 35.658635 ], [ 139.771583, 35.658745 ], [ 139.771524, 35.658704 ], [ 139.771484, 35.658739 ], [ 139.771623, 35.658835 ], [ 139.771651, 35.658798 ], [ 139.7716, 35.658758 ], [ 139.771722, 35.658644 ], [ 139.771947, 35.658789 ], [ 139.772129, 35.658942 ], [ 139.772357, 35.658704 ], [ 139.772394, 35.658657 ], [ 139.773144, 35.657906 ] ] ] } },
{ "type": "Feature", "properties": { "key": "中央区|勝どき6丁目", "ward": "中央区", "town": "勝どき６丁目" }, "geometry": { "type": "Polygon", "coordinates": [ [ [ 139.775295, 35.654585 ], [ 139.775169, 35.654704 ], [ 139.774518, 35.654245 ], [ 139.774292, 35.654092 ], [ 139.773159, 35.653317 ], [ 139.773027, 35.653323 ], [ 139.772713, 35.653639 ], [ 139.772153, 35.654202 ], [ 139.771755, 35.653926 ], [ 139.771698, 35.653981 ], [ 139.770928, 35.654738 ], [ 139.771403, 35.655066 ], [ 139.772057, 35.655513 ], [ 139.772279, 35.655666 ], [ 139.77253, 35.655839 ], [ 139.773205, 35.656297 ], [ 139.77325, 35.656327 ], [ 139.773674, 35.656613 ], [ 139.774135, 35.65692 ], [ 139.775056, 35.655973 ], [ 139.775122, 35.655908 ], [ 139.775807, 35.655205 ], [ 139.775371, 35.654906 ], [ 139.775338, 35.654883 ], [ 139.775499, 35.654723 ], [ 139.775295, 35.654585 ] ] ] } },
{ "type": "Feature", "properties": { "key": "中央区|豊海町", "ward": "中央区", "town": "豊海町" }, "geometry": { "type": "Polygon", "coordinates": [ [ [ 139.769635, 35.654272 ], [ 139.770638, 35.654949 ], [ 139.770928, 35.654738 ], [ 139.771698, 35.653981 ], [ 139.771755, 35.653926 ], [ 139.772153, 35.654202 ], [ 139.772713, 35.653639 ], [ 139.773027, 35.653323 ], [ 139.771754, 35.652455 ], [ 139.771626, 35.652576 ], [ 139.771339, 35.652383 ], [ 139.770822, 35.652031 ], [ 139.770056, 35.65151 ], [ 139.769297, 35.650991 ], [ 139.768361, 35.650352 ], [ 139.767638, 35.651062 ], [ 139.767405, 35.651051 ], [ 139.76734, 35.651051 ], [ 139.7672, 35.652219 ], [ 139.767102, 35.653201 ], [ 139.767084, 35.653395 ], [ 139.767394, 35.65342 ], [ 139.767327, 35.654242 ], [ 139.76722, 35.655218 ], [ 139.767961, 35.655718 ], [ 139.768092, 35.655796 ], [ 139.769635, 35.654272 ] ] ] } },
{ "type": "Feature", "properties": { "key": "中央区|晴海1丁目", "ward": "中央区", "town": "晴海１丁目" }, "geometry": { "type": "Polygon", "coordinates": [ [ [ 139.787735, 35.662413 ], [ 139.787796, 35.662459 ], [ 139.788085, 35.662197 ], [ 139.788292, 35.660557 ], [ 139.788503, 35.658953 ], [ 139.788414, 35.658941 ], [ 139.78839, 35.658733 ], [ 139.786627, 35.658593 ], [ 139.785844, 35.658064 ], [ 139.784618, 35.657233 ], [ 139.783039, 35.656177 ], [ 139.78175, 35.655296 ], [ 139.781738, 35.655293 ], [ 139.781072, 35.655962 ], [ 139.780662, 35.656365 ], [ 139.780571, 35.656452 ], [ 139.780535, 35.65646 ], [ 139.780239, 35.656771 ], [ 139.780032, 35.656969 ], [ 139.780028, 35.656973 ], [ 139.780324, 35.657171 ], [ 139.780283, 35.657237 ], [ 139.780555, 35.657421 ], [ 139.780617, 35.657373 ], [ 139.781716, 35.658124 ], [ 139.782904, 35.658928 ], [ 139.784092, 35.659734 ], [ 139.784919, 35.660294 ], [ 139.786371, 35.661278 ], [ 139.786727, 35.66152 ], [ 139.78724, 35.661863 ], [ 139.787218, 35.661894 ], [ 139.78757, 35.662144 ], [ 139.787474, 35.66226 ], [ 139.7875, 35.66229 ], [ 139.787441, 35.662352 ], [ 139.787568, 35.662439 ], [ 139.78765, 35.662479 ], [ 139.787735, 35.662413 ] ] ] } },
{ "type": "Feature", "properties": { "key": "中央区|晴海2丁目", "ward": "中央区", "town": "晴海２丁目" }, "geometry": { "type": "Polygon", "coordinates": [ [ [ 139.788213, 35.656415 ], [ 139.78814, 35.656366 ], [ 139.788052, 35.656449 ], [ 139.787788, 35.656271 ], [ 139.787872, 35.656185 ], [ 139.787801, 35.656138 ], [ 139.787717, 35.656227 ], [ 139.787287, 35.655931 ], [ 139.787217, 35.655882 ], [ 139.787268, 35.655826 ], [ 139.787025, 35.655662 ], [ 139.784942, 35.654247 ], [ 139.783651, 35.653384 ], [ 139.783642, 35.653388 ], [ 139.783166, 35.653871 ], [ 139.783162, 35.653875 ], [ 139.782643, 35.654385 ], [ 139.782653, 35.654392 ], [ 139.78175, 35.655296 ], [ 139.783039, 35.656177 ], [ 139.784618, 35.657233 ], [ 139.785844, 35.658064 ], [ 139.786627, 35.658593 ], [ 139.78839, 35.658733 ], [ 139.788399, 35.658386 ], [ 139.788584, 35.656809 ], [ 139.788553, 35.656787 ], [ 139.788556, 35.656649 ], [ 139.788485, 35.656599 ], [ 139.788587, 35.656566 ], [ 139.788213, 35.656415 ] ] ] } },
{ "type": "Feature", "properties": { "key": "中央区|晴海3丁目", "ward": "中央区", "town": "晴海３丁目" }, "geometry": { "type": "Polygon", "coordinates": [ [ [ 139.777838, 35.652645 ], [ 139.777259, 35.653217 ], [ 139.776743, 35.653726 ], [ 139.77669, 35.653774 ], [ 139.776121, 35.654342 ], [ 139.777427, 35.655228 ], [ 139.778083, 35.65567 ], [ 139.779318, 35.656499 ], [ 139.780032, 35.656969 ], [ 139.780239, 35.656771 ], [ 139.780535, 35.65646 ], [ 139.780571, 35.656452 ], [ 139.780662, 35.656365 ], [ 139.781072, 35.655962 ], [ 139.781738, 35.655293 ], [ 139.781029, 35.654818 ], [ 139.780448, 35.654415 ], [ 139.779793, 35.653975 ], [ 139.779138, 35.653527 ], [ 139.777838, 35.652645 ] ] ] } },
{ "type": "Feature", "properties": { "key": "中央区|晴海4丁目", "ward": "中央区", "town": "晴海４丁目" }, "geometry": { "type": "Polygon", "coordinates": [ [ [ 139.779778, 35.650766 ], [ 139.779273, 35.651252 ], [ 139.778785, 35.651704 ], [ 139.778745, 35.651753 ], [ 139.777838, 35.652645 ], [ 139.779138, 35.653527 ], [ 139.779793, 35.653975 ], [ 139.780448, 35.654415 ], [ 139.781029, 35.654818 ], [ 139.781738, 35.655293 ], [ 139.78175, 35.655296 ], [ 139.782653, 35.654392 ], [ 139.782643, 35.654385 ], [ 139.783162, 35.653875 ], [ 139.783166, 35.653871 ], [ 139.783642, 35.653388 ], [ 139.782363, 35.652526 ], [ 139.781054, 35.651635 ], [ 139.779778, 35.650766 ] ] ] } },
{ "type": "Feature", "properties": { "key": "中央区|晴海5丁目", "ward": "中央区", "town": "晴海５丁目" }, "geometry": { "type": "Polygon", "coordinates": [ [ [ 139.775985, 35.654257 ], [ 139.776121, 35.654342 ], [ 139.77669, 35.653774 ], [ 139.776743, 35.653726 ], [ 139.777259, 35.653217 ], [ 139.777838, 35.652645 ], [ 139.778745, 35.651753 ], [ 139.778785, 35.651704 ], [ 139.779273, 35.651252 ], [ 139.779778, 35.650766 ], [ 139.778162, 35.649678 ], [ 139.776557, 35.648598 ], [ 139.774888, 35.647474 ], [ 139.772933, 35.646151 ], [ 139.772755, 35.646032 ], [ 139.772732, 35.646037 ], [ 139.77194, 35.646824 ], [ 139.771799, 35.646727 ], [ 139.771985, 35.646545 ], [ 139.771905, 35.646497 ], [ 139.771494, 35.646906 ], [ 139.771571, 35.646957 ], [ 139.771743, 35.646782 ], [ 139.771885, 35.646875 ], [ 139.771042, 35.64771 ], [ 139.770901, 35.647612 ], [ 139.771077, 35.647437 ], [ 139.771007, 35.647394 ], [ 139.770595, 35.647799 ], [ 139.770668, 35.647847 ], [ 139.770846, 35.647674 ], [ 139.770984, 35.647767 ], [ 139.770126, 35.648606 ], [ 139.769992, 35.648522 ], [ 139.769969, 35.648475 ], [ 139.770113, 35.648339 ], [ 139.770048, 35.648351 ], [ 139.769731, 35.648669 ], [ 139.769763, 35.64869 ], [ 139.769894, 35.648549 ], [ 139.769952, 35.648559 ], [ 139.770082, 35.648646 ], [ 139.769475, 35.649257 ], [ 139.769743, 35.649436 ], [ 139.76968, 35.649475 ], [ 139.769554, 35.6496 ], [ 139.769632, 35.649646 ], [ 139.769752, 35.649523 ], [ 139.769782, 35.649465 ], [ 139.772758, 35.65147 ], [ 139.772409, 35.651824 ], [ 139.772475, 35.651868 ], [ 139.77492, 35.653526 ], [ 139.774861, 35.653591 ], [ 139.775055, 35.653717 ], [ 139.775116, 35.65366 ], [ 139.775771, 35.654108 ], [ 139.775612, 35.65427 ], [ 139.775826, 35.654411 ], [ 139.775985, 35.654257 ] ] ] } }
]
}
