{
"type": "FeatureCollection",
"name": "13101",
"crs": { "type": "name", "properties": { "name": "urn:ogc:def:crs:OGC:1.3:CRS84" } },
"features": [
{ "type": "Feature", "properties": { "key": "千代田区|丸の内1丁目", "ward": "千代田区", "town": "丸の内一丁目" }, "geometry": { "type": "Polygon", "coordinates": [ [ [ 139.762997, 35.685281 ], [ 139.76451, 35.684944 ], [ 139.765622, 35.684703 ], [ 139.765731, 35.684679 ], [ 139.766363, 35.684545 ], [ 139.767609, 35.684281 ], [ 139.76829, 35.684129 ], [ 139.768874, 35.684008 ], [ 139.769059, 35.683976 ], [ 139.769499, 35.683878 ], [ 139.770519, 35.683652 ], [ 139.770535, 35.683686 ], [ 139.770594, 35.683672 ], [ 139.770583, 35.683634 ], [ 139.770555, 35.683529 ], [ 139.770565, 35.683516 ], [ 139.770572, 35.683514 ], [ 139.770593, 35.68348 ], [ 139.770643, 35.683416 ], [ 139.770639, 35.683408 ], [ 139.770205, 35.682527 ], [ 139.770117, 35.68255 ], [ 139.770095, 35.682512 ], [ 139.770095, 35.682494 ], [ 139.77017, 35.68246 ], [ 139.769872, 35.681983 ], [ 139.769847, 35.681956 ], [ 139.769782, 35.681853 ], [ 139.769672, 35.681926 ], [ 139.769595, 35.68178 ], [ 139.769662, 35.681739 ], [ 139.769657, 35.681734 ], [ 139.769426, 35.68146 ], [ 139.769323, 35.681291 ], [ 139.769054, 35.680909 ], [ 139.768778, 35.680483 ], [ 139.768022, 35.679299 ], [ 139.76784, 35.679014 ], [ 139.76775, 35.678876 ], [ 139.767527, 35.678523 ], [ 139.767522, 35.678525 ], [ 139.767232, 35.678081 ], [ 139.767258, 35.678069 ], [ 139.767021, 35.677703 ], [ 139.767015, 35.677705 ], [ 139.767012, 35.6777 ], [ 139.766988, 35.677712 ], [ 139.766877, 35.677558 ], [ 139.766885, 35.677538 ], [ 139.76689, 35.677527 ], [ 139.766866, 35.677466 ], [ 139.766824, 35.677436 ], [ 139.766789, 35.677436 ], [ 139.766695, 35.677306 ], [ 139.766641, 35.677225 ], [ 139.765959, 35.67737 ], [ 139.765817, 35.677394 ], [ 139.765182, 35.677535 ], [ 139.76492, 35.677606 ], [ 139.765596, 35.679395 ], [ 139.765558, 35.679498 ], [ 139.765348, 35.679818 ], [ 139.76466, 35.680905 ], [ 139.764508, 35.681208 ], [ 139.764505, 35.681377 ], [ 139.764494, 35.681556 ], [ 139.764529, 35.68164 ], [ 139.763503, 35.681881 ], [ 139.76213, 35.682204 ], [ 139.762563, 35.68356 ], [ 139.762695, 35.684134 ], [ 139.760251, 35.684458 ], [ 139.760536, 35.685321 ], [ 139.760817, 35.685283 ], [ 139.760925, 35.685664 ], [ 139.76098, 35.685654 ], [ 139.760997, 35.685716 ], [ 139.762997, 35.685281 ] ] ] } },
{ "type": "Feature", "properties": { "key": "千代田区|丸の内2丁目", "ward": "千代田区", "town": "丸の内二丁目" }, "geometry": { "type": "Polygon", "coordinates": [ [ [ 139.76492, 35.677606 ], [ 139.763402, 35.677947 ], [ 139.762267, 35.678199 ], [ 139.76086, 35.67852 ], [ 139.760966, 35.678838 ], [ 139.761318, 35.679857 ], [ 139.761697, 35.680919 ], [ 139.76213, 35.682204 ], [ 139.763503, 35.681881 ], [ 139.764529, 35.68164 ], [ 139.764494, 35.681556 ], [ 139.764505, 35.681377 ], [ 139.764508, 35.681208 ], [ 139.76466, 35.680905 ], [ 139.765348, 35.679818 ], [ 139.765558, 35.679498 ], [ 139.765596, 35.679395 ], [ 139.76492, 35.677606 ] ] ] } },
{ "type": "Feature", "properties": { "key": "千代田区|丸の内3丁目", "ward": "千代田区", "town": "丸の内三丁目" }, "geometry": { "type": "Polygon", "coordinates": [ [ [ 139.765241, 35.675224 ], [ 139.764267, 35.675449 ], [ 139.764174, 35.675475 ], [ 139.763654, 35.675602 ], [ 139.762733, 35.675833 ], [ 139.761568, 35.676107 ], [ 139.760093, 35.676413 ], [ 139.760456, 35.677445 ], [ 139.760563, 35.677724 ], [ 139.76086, 35.67852 ], [ 139.762267, 35.678199 ], [ 139.763402, 35.677947 ], [ 139.76492, 35.677606 ], [ 139.765182, 35.677535 ], [ 139.765817, 35.677394 ], [ 139.765959, 35.67737 ], [ 139.766641, 35.677225 ], [ 139.765807, 35.675983 ], [ 139.765745, 35.675962 ], [ 139.765594, 35.675737 ], [ 139.765524, 35.675635 ], [ 139.765268, 35.675264 ], [ 139.765241, 35.675224 ] ] ] } },
{ "type": "Feature", "properties": { "key": "千代田区|大手町1丁目", "ward": "千代田区", "town": "大手町一丁目" }, "geometry": { "type": "Polygon", "coordinates": [ [ [ 139.760811, 35.691232 ], [ 139.760867, 35.691211 ], [ 139.760949, 35.69118 ], [ 139.761201, 35.691044 ], [ 139.761572, 35.690743 ], [ 139.761844, 35.690475 ], [ 139.762046, 35.690378 ], [ 139.762288, 35.690318 ], [ 139.762808, 35.690199 ], [ 139.763019, 35.690135 ], [ 139.763144, 35.690072 ], [ 139.763175, 35.690042 ], [ 139.763327, 35.689893 ], [ 139.763502, 35.689753 ], [ 139.763733, 35.689547 ], [ 139.76396, 35.689393 ], [ 139.764199, 35.689267 ], [ 139.765107, 35.689128 ], [ 139.766692, 35.688853 ], [ 139.76675, 35.688833 ], [ 139.766464, 35.687768 ], [ 139.766347, 35.687243 ], [ 139.766167, 35.686495 ], [ 139.766076, 35.685984 ], [ 139.765731, 35.684679 ], [ 139.765622, 35.684703 ], [ 139.76451, 35.684944 ], [ 139.762997, 35.685281 ], [ 139.760997, 35.685716 ], [ 139.761402, 35.687228 ], [ 139.761365, 35.687295 ], [ 139.760944, 35.688444 ], [ 139.760828, 35.68876 ], [ 139.760691, 35.68918 ], [ 139.760659, 35.689219 ], [ 139.759993, 35.689342 ], [ 139.75992, 35.689814 ], [ 139.759886, 35.689843 ], [ 139.759767, 35.689943 ], [ 139.758823, 35.690154 ], [ 139.75883, 35.690224 ], [ 139.758891, 35.690873 ], [ 139.758925, 35.691244 ], [ 139.758928, 35.691268 ], [ 139.759161, 35.691264 ], [ 139.759678, 35.691273 ], [ 139.760207, 35.691271 ], [ 139.760531, 35.691274 ], [ 139.760811, 35.691232 ] ] ] } },
{ "type": "Feature", "properties": { "key": "千代田区|大手町2丁目", "ward": "千代田区", "town": "大手町二丁目" }, "geometry": { "type": "Polygon", "coordinates": [ [ [ 139.770808, 35.683798 ], [ 139.770806, 35.683791 ], [ 139.770646, 35.683829 ], [ 139.770594, 35.683672 ], [ 139.770535, 35.683686 ], [ 139.770519, 35.683652 ], [ 139.769499, 35.683878 ], [ 139.769059, 35.683976 ], [ 139.768874, 35.684008 ], [ 139.76829, 35.684129 ], [ 139.767609, 35.684281 ], [ 139.766363, 35.684545 ], [ 139.765731, 35.684679 ], [ 139.766076, 35.685984 ], [ 139.766167, 35.686495 ], [ 139.766347, 35.687243 ], [ 139.766464, 35.687768 ], [ 139.76675, 35.688833 ], [ 139.766692, 35.688853 ], [ 139.768135, 35.688595 ], [ 139.768385, 35.688541 ], [ 139.768407, 35.688447 ], [ 139.768586, 35.6882 ], [ 139.76907, 35.687767 ], [ 139.769513, 35.687293 ], [ 139.769572, 35.687223 ], [ 139.770268, 35.686394 ], [ 139.77043, 35.686144 ], [ 139.770449, 35.6861 ], [ 139.770808, 35.685299 ], [ 139.770811, 35.685293 ], [ 139.770921, 35.685069 ], [ 139.770961, 35.684836 ], [ 139.770908, 35.684633 ], [ 139.770892, 35.684472 ], [ 139.770856, 35.684366 ], [ 139.770993, 35.68433 ], [ 139.77086, 35.683947 ], [ 139.770808, 35.683798 ] ] ] } },
{ "type": "Feature", "properties": { "key": "千代田区|内幸町1丁目", "ward": "千代田区", "town": "内幸町一丁目" }, "geometry": { "type": "Polygon", "coordinates": [ [ [ 139.758529, 35.668565 ], [ 139.758525, 35.668567 ], [ 139.758496, 35.668578 ], [ 139.758018, 35.668742 ], [ 139.757969, 35.668758 ], [ 139.756983, 35.669088 ], [ 139.756956, 35.669097 ], [ 139.755815, 35.669477 ], [ 139.755454, 35.669563 ], [ 139.755522, 35.669681 ], [ 139.755786, 35.67013 ], [ 139.75608, 35.670608 ], [ 139.75616, 35.67072 ], [ 139.757561, 35.673021 ], [ 139.757631, 35.67308 ], [ 139.759326, 35.672469 ], [ 139.759977, 35.672216 ], [ 139.760037, 35.672192 ], [ 139.760395, 35.672076 ], [ 139.760087, 35.671527 ], [ 139.759471, 35.670425 ], [ 139.758969, 35.669527 ], [ 139.758923, 35.669444 ], [ 139.758666, 35.668968 ], [ 139.75859, 35.668768 ], [ 139.758546, 35.668631 ], [ 139.758529, 35.668565 ] ] ] } },
{ "type": "Feature", "properties": { "key": "千代田区|内幸町2丁目", "ward": "千代田区", "town": "内幸町二丁目" }, "geometry": { "type": "Polygon", "coordinates": [ [ [ 139.755454, 35.669563 ], [ 139.755427, 35.669573 ], [ 139.755119, 35.66968 ], [ 139.754508, 35.669894 ], [ 139.753944, 35.67008 ], [ 139.753398, 35.670256 ], [ 139.753279, 35.670295 ], [ 139.752287, 35.670582 ], [ 139.752041, 35.670625 ], [ 139.752896, 35.672064 ], [ 139.75416, 35.671541 ], [ 139.75616, 35.67072 ], [ 139.75608, 35.670608 ], [ 139.755786, 35.67013 ], [ 139.755522, 35.669681 ], [ 139.755454, 35.669563 ] ] ] } },
{ "type": "Feature", "properties": { "key": "千代田区|有楽町1丁目", "ward": "千代田区", "town": "有楽町一丁目" }, "geometry": { "type": "Polygon", "coordinates": [ [ [ 139.760037, 35.672192 ], [ 139.759977, 35.672216 ], [ 139.759326, 35.672469 ], [ 139.757631, 35.67308 ], [ 139.758906, 35.674316 ], [ 139.759198, 35.674608 ], [ 139.759597, 35.674987 ], [ 139.759631, 35.67504 ], [ 139.75967, 35.675212 ], [ 139.759789, 35.675658 ], [ 139.760093, 35.676413 ], [ 139.761568, 35.676107 ], [ 139.762733, 35.675833 ], [ 139.763654, 35.675602 ], [ 139.762302, 35.674592 ], [ 139.761378, 35.673785 ], [ 139.760956, 35.673438 ], [ 139.760685, 35.673167 ], [ 139.760574, 35.673051 ], [ 139.760401, 35.672819 ], [ 139.760037, 35.672192 ] ] ] } },
{ "type": "Feature", "properties": { "key": "千代田区|有楽町2丁目", "ward": "千代田区", "town": "有楽町二丁目" }, "geometry": { "type": "Polygon", "coordinates": [ [ [ 139.760395, 35.672076 ], [ 139.760037, 35.672192 ], [ 139.760401, 35.672819 ], [ 139.760574, 35.673051 ], [ 139.760685, 35.673167 ], [ 139.760956, 35.673438 ], [ 139.761378, 35.673785 ], [ 139.762302, 35.674592 ], [ 139.763654, 35.675602 ], [ 139.764174, 35.675475 ], [ 139.764267, 35.675449 ], [ 139.765241, 35.675224 ], [ 139.764715, 35.674459 ], [ 139.76466, 35.674378 ], [ 139.764161, 35.673643 ], [ 139.764138, 35.673615 ], [ 139.764051, 35.673509 ], [ 139.763927, 35.673395 ], [ 139.763802, 35.673318 ], [ 139.763535, 35.673217 ], [ 139.762675, 35.672968 ], [ 139.762659, 35.672964 ], [ 139.760907, 35.672533 ], [ 139.76077, 35.672449 ], [ 139.760666, 35.672389 ], [ 139.760579, 35.672314 ], [ 139.760548, 35.672274 ], [ 139.760506, 35.67222 ], [ 139.760395, 35.672076 ] ] ] } },
{ "type": "Feature", "properties": { "key": "千代田区|霞が関1丁目", "ward": "千代田区", "town": "霞が関一丁目" }, "geometry": { "type": "Polygon", "coordinates": [ [ [ 139.751793, 35.670139 ], [ 139.75104, 35.670395 ], [ 139.749624, 35.670876 ], [ 139.749735, 35.671106 ], [ 139.749791, 35.671241 ], [ 139.749884, 35.671502 ], [ 139.750387, 35.672928 ], [ 139.750477, 35.673079 ], [ 139.750525, 35.67315 ], [ 139.751477, 35.674595 ], [ 139.751567, 35.674746 ], [ 139.753504, 35.677888 ], [ 139.755883, 35.676868 ], [ 139.753913, 35.673727 ], [ 139.752884, 35.672102 ], [ 139.752896, 35.672064 ], [ 139.752041, 35.670625 ], [ 139.752012, 35.670567 ], [ 139.751801, 35.670153 ], [ 139.751793, 35.670139 ] ] ] } },
{ "type": "Feature", "properties": { "key": "千代田区|霞が関2丁目", "ward": "千代田区", "town": "霞が関二丁目" }, "geometry": { "type": "Polygon", "coordinates": [ [ [ 139.751567, 35.674746 ], [ 139.751477, 35.674595 ], [ 139.750525, 35.67315 ], [ 139.747806, 35.674301 ], [ 139.748671, 35.67576 ], [ 139.748907, 35.676159 ], [ 139.749301, 35.676769 ], [ 139.749613, 35.677318 ], [ 139.749675, 35.677474 ], [ 139.750693, 35.677364 ], [ 139.751357, 35.677423 ], [ 139.752894, 35.677885 ], [ 139.753231, 35.678041 ], [ 139.753282, 35.678001 ], [ 139.753504, 35.677888 ], [ 139.751567, 35.674746 ] ] ] } },
{ "type": "Feature", "properties": { "key": "千代田区|霞が関3丁目", "ward": "千代田区", "town": "霞が関三丁目" }, "geometry": { "type": "Polygon", "coordinates": [ [ [ 139.749791, 35.671241 ], [ 139.749735, 35.671106 ], [ 139.749624, 35.670876 ], [ 139.749414, 35.670944 ], [ 139.748916, 35.670572 ], [ 139.748692, 35.670404 ], [ 139.747532, 35.669534 ], [ 139.746624, 35.670147 ], [ 139.746426, 35.670281 ], [ 139.746396, 35.670286 ], [ 139.746136, 35.670336 ], [ 139.74594, 35.670376 ], [ 139.745098, 35.67055 ], [ 139.744947, 35.670581 ], [ 139.744981, 35.670774 ], [ 139.74503, 35.670948 ], [ 139.745021, 35.67095 ], [ 139.744957, 35.670965 ], [ 139.743659, 35.671232 ], [ 139.743274, 35.671323 ], [ 139.743174, 35.671347 ], [ 139.743148, 35.671318 ], [ 139.74306, 35.67137 ], [ 139.743278, 35.671572 ], [ 139.743474, 35.6717 ], [ 139.743596, 35.67176 ], [ 139.743738, 35.671831 ], [ 139.743822, 35.67186 ], [ 139.744109, 35.67195 ], [ 139.744365, 35.672017 ], [ 139.744728, 35.672086 ], [ 139.745535, 35.672236 ], [ 139.745791, 35.672318 ], [ 139.745982, 35.672427 ], [ 139.746261, 35.672596 ], [ 139.74634, 35.672647 ], [ 139.74665, 35.672944 ], [ 139.746723, 35.673011 ], [ 139.747241, 35.673529 ], [ 139.747372, 35.67366 ], [ 139.747578, 35.673934 ], [ 139.747806, 35.674301 ], [ 139.750525, 35.67315 ], [ 139.750477, 35.673079 ], [ 139.750387, 35.672928 ], [ 139.749884, 35.671502 ], [ 139.749791, 35.671241 ] ] ] } },
{ "type": "Feature", "properties": { "key": "千代田区|永田町1丁目", "ward": "千代田区", "town": "永田町一丁目" }, "geometry": { "type": "Polygon", "coordinates": [ [ [ 139.747753, 35.679158 ], [ 139.748364, 35.678549 ], [ 139.74861, 35.678186 ], [ 139.74921, 35.677645 ], [ 139.749556, 35.677489 ], [ 139.749675, 35.677474 ], [ 139.749613, 35.677318 ], [ 139.749301, 35.676769 ], [ 139.748907, 35.676159 ], [ 139.748671, 35.67576 ], [ 139.747806, 35.674301 ], [ 139.747578, 35.673934 ], [ 139.747372, 35.67366 ], [ 139.747241, 35.673529 ], [ 139.746723, 35.673011 ], [ 139.74665, 35.672944 ], [ 139.74634, 35.672647 ], [ 139.746261, 35.672596 ], [ 139.745982, 35.672427 ], [ 139.745791, 35.672318 ], [ 139.745535, 35.672236 ], [ 139.744728, 35.672086 ], [ 139.744403, 35.672938 ], [ 139.744355, 35.673234 ], [ 139.744185, 35.67381 ], [ 139.743872, 35.675011 ], [ 139.743151, 35.677601 ], [ 139.743071, 35.677602 ], [ 139.742012, 35.677622 ], [ 139.741925, 35.677634 ], [ 139.74148, 35.677839 ], [ 139.740231, 35.678745 ], [ 139.740128, 35.678804 ], [ 139.740852, 35.678934 ], [ 139.743122, 35.679345 ], [ 139.743137, 35.679326 ], [ 139.743937, 35.679493 ], [ 139.7449, 35.679669 ], [ 139.745907, 35.679852 ], [ 139.746136, 35.679894 ], [ 139.746998, 35.679639 ], [ 139.747253, 35.679528 ], [ 139.747753, 35.679158 ] ] ] } },
{ "type": "Feature", "properties": { "key": "千代田区|永田町2丁目", "ward": "千代田区", "town": "永田町二丁目" }, "geometry": { "type": "Polygon", "coordinates": [ [ [ 139.74306, 35.67137 ], [ 139.74169, 35.672193 ], [ 139.741455, 35.672334 ], [ 139.740515, 35.672902 ], [ 139.739321, 35.673604 ], [ 139.739116, 35.673726 ], [ 139.738892, 35.67383 ], [ 139.738831, 35.673858 ], [ 139.738765, 35.674035 ], [ 139.738582, 35.674523 ], [ 139.738553, 35.674595 ], [ 139.738211, 35.675441 ], [ 139.73811, 35.675563 ], [ 139.737798, 35.67594 ], [ 139.737517, 35.676283 ], [ 139.737263, 35.676703 ], [ 139.73725, 35.676749 ], [ 139.73716, 35.677177 ], [ 139.737125, 35.677301 ], [ 139.737019, 35.677575 ], [ 139.736994, 35.677679 ], [ 139.737033, 35.677877 ], [ 139.73707, 35.677975 ], [ 139.737073, 35.677983 ], [ 139.737128, 35.678087 ], [ 139.737057, 35.678256 ], [ 139.737056, 35.678258 ], [ 139.737053, 35.678266 ], [ 139.736968, 35.678466 ], [ 139.736996, 35.678491 ], [ 139.737579, 35.678542 ], [ 139.738517, 35.678612 ], [ 139.739037, 35.678658 ], [ 139.739388, 35.678679 ], [ 139.73975, 35.678733 ], [ 139.740128, 35.678804 ], [ 139.740231, 35.678745 ], [ 139.74148, 35.677839 ], [ 139.741925, 35.677634 ], [ 139.742012, 35.677622 ], [ 139.743071, 35.677602 ], [ 139.743151, 35.677601 ], [ 139.743872, 35.675011 ], [ 139.744185, 35.67381 ], [ 139.744355, 35.673234 ], [ 139.744403, 35.672938 ], [ 139.744728, 35.672086 ], [ 139.744365, 35.672017 ], [ 139.744109, 35.67195 ], [ 139.743822, 35.67186 ], [ 139.743738, 35.671831 ], [ 139.743596, 35.67176 ], [ 139.743474, 35.6717 ], [ 139.743278, 35.671572 ], [ 139.74306, 35.67137 ] ] ] } },
{ "type": "Feature", "properties": { "key": "千代田区|隼町", "ward": "千代田区", "town": "隼町" }, "geometry": { "type": "Polygon", "coordinates": [ [ [ 139.743137, 35.679326 ], [ 139.743122, 35.679345 ], [ 139.74301, 35.679485 ], [ 139.742905, 35.679558 ], [ 139.742274, 35.679837 ], [ 139.742097, 35.679927 ], [ 139.742026, 35.680019 ], [ 139.741924, 35.680147 ], [ 139.741889, 35.680201 ], [ 139.741888, 35.680322 ], [ 139.741885, 35.680447 ], [ 139.741878, 35.680543 ], [ 139.741866, 35.680921 ], [ 139.741861, 35.681191 ], [ 139.741846, 35.681787 ], [ 139.74182, 35.68233 ], [ 139.741822, 35.682344 ], [ 139.7418, 35.682758 ], [ 139.741733, 35.683099 ], [ 139.741669, 35.683406 ], [ 139.742228, 35.683352 ], [ 139.742602, 35.683308 ], [ 139.742631, 35.683305 ], [ 139.743426, 35.683217 ], [ 139.743935, 35.683167 ], [ 139.744299, 35.683128 ], [ 139.744385, 35.683118 ], [ 139.744453, 35.682757 ], [ 139.744474, 35.682646 ], [ 139.744584, 35.682313 ], [ 139.745498, 35.680775 ], [ 139.745953, 35.680005 ], [ 139.746136, 35.679894 ], [ 139.745907, 35.679852 ], [ 139.7449, 35.679669 ], [ 139.743937, 35.679493 ], [ 139.743137, 35.679326 ] ] ] } },
{ "type": "Feature", "properties": { "key": "千代田区|平河町1丁目", "ward": "千代田区", "town": "平河町一丁目" }, "geometry": { "type": "Polygon", "coordinates": [ [ [ 139.741846, 35.681787 ], [ 139.741331, 35.681796 ], [ 139.741117, 35.681895 ], [ 139.740379, 35.682226 ], [ 139.739422, 35.682224 ], [ 139.738223, 35.682256 ], [ 139.738215, 35.682525 ], [ 139.738192, 35.682961 ], [ 139.738376, 35.682987 ], [ 139.738763, 35.68303 ], [ 139.739221, 35.683089 ], [ 139.739262, 35.683094 ], [ 139.740282, 35.683259 ], [ 139.741042, 35.683381 ], [ 139.741267, 35.683408 ], [ 139.74158, 35.68341 ], [ 139.741669, 35.683406 ], [ 139.741733, 35.683099 ], [ 139.7418, 35.682758 ], [ 139.741822, 35.682344 ], [ 139.74182, 35.68233 ], [ 139.741846, 35.681787 ] ] ] } },
{ "type": "Feature", "properties": { "key": "千代田区|平河町2丁目", "ward": "千代田区", "town": "平河町二丁目" }, "geometry": { "type": "Polygon", "coordinates": [ [ [ 139.739422, 35.682224 ], [ 139.740379, 35.682226 ], [ 139.741117, 35.681895 ], [ 139.741331, 35.681796 ], [ 139.741846, 35.681787 ], [ 139.741861, 35.681191 ], [ 139.741866, 35.680921 ], [ 139.741878, 35.680543 ], [ 139.741885, 35.680447 ], [ 139.741888, 35.680322 ], [ 139.741889, 35.680201 ], [ 139.741924, 35.680147 ], [ 139.742026, 35.680019 ], [ 139.742097, 35.679927 ], [ 139.742274, 35.679837 ], [ 139.742905, 35.679558 ], [ 139.74301, 35.679485 ], [ 139.743122, 35.679345 ], [ 139.740852, 35.678934 ], [ 139.740128, 35.678804 ], [ 139.73975, 35.678733 ], [ 139.739388, 35.678679 ], [ 139.739037, 35.678658 ], [ 139.738517, 35.678612 ], [ 139.738391, 35.679545 ], [ 139.73837, 35.679674 ], [ 139.738327, 35.680176 ], [ 139.738305, 35.680626 ], [ 139.738297, 35.680736 ], [ 139.738296, 35.68075 ], [ 139.738223, 35.682256 ], [ 139.739422, 35.682224 ] ] ] } },
{ "type": "Feature", "properties": { "key": "千代田区|麹町1丁目", "ward": "千代田区", "town": "麴町一丁目" }, "geometry": { "type": "Polygon", "coordinates": [ [ [ 139.74483, 35.685197 ], [ 139.744841, 35.685203 ], [ 139.744679, 35.684413 ], [ 139.744638, 35.684144 ], [ 139.744624, 35.683893 ], [ 139.744631, 35.683784 ], [ 139.744532, 35.683788 ], [ 139.744357, 35.683805 ], [ 139.744342, 35.683738 ], [ 139.744306, 35.683573 ], [ 139.744385, 35.683118 ], [ 139.744299, 35.683128 ], [ 139.743935, 35.683167 ], [ 139.743426, 35.683217 ], [ 139.742631, 35.683305 ], [ 139.742602, 35.683308 ], [ 139.742228, 35.683352 ], [ 139.741669, 35.683406 ], [ 139.741588, 35.683823 ], [ 139.741511, 35.684218 ], [ 139.741463, 35.684223 ], [ 139.741523, 35.684779 ], [ 139.741571, 35.68519 ], [ 139.741637, 35.685683 ], [ 139.741641, 35.685719 ], [ 139.742279, 35.685629 ], [ 139.742971, 35.685533 ], [ 139.742946, 35.685383 ], [ 139.744335, 35.685262 ], [ 139.744571, 35.685242 ], [ 139.74483, 35.685197 ] ] ] } },
{ "type": "Feature", "properties": { "key": "千代田区|麹町2丁目", "ward": "千代田区", "town": "麴町二丁目" }, "geometry": { "type": "Polygon", "coordinates": [ [ [ 139.741588, 35.683823 ], [ 139.741669, 35.683406 ], [ 139.74158, 35.68341 ], [ 139.741267, 35.683408 ], [ 139.741042, 35.683381 ], [ 139.740282, 35.683259 ], [ 139.740223, 35.683681 ], [ 139.740207, 35.683754 ], [ 139.740128, 35.684109 ], [ 139.740117, 35.684165 ], [ 139.739543, 35.684116 ], [ 139.739432, 35.684602 ], [ 139.739373, 35.684863 ], [ 139.739256, 35.685375 ], [ 139.739253, 35.685395 ], [ 139.739191, 35.685735 ], [ 139.7397, 35.685772 ], [ 139.740233, 35.685791 ], [ 139.740664, 35.685762 ], [ 139.740734, 35.685757 ], [ 139.740774, 35.685754 ], [ 139.74112, 35.685732 ], [ 139.741178, 35.685728 ], [ 139.741365, 35.685711 ], [ 139.741572, 35.685692 ], [ 139.741637, 35.685683 ], [ 139.741571, 35.68519 ], [ 139.741523, 35.684779 ], [ 139.741463, 35.684223 ], [ 139.741511, 35.684218 ], [ 139.741588, 35.683823 ] ] ] } },
{ "type": "Feature", "properties": { "key": "千代田区|麹町3丁目", "ward": "千代田区", "town": "麴町三丁目" }, "geometry": { "type": "Polygon", "coordinates": [ [ [ 139.739543, 35.684116 ], [ 139.740117, 35.684165 ], [ 139.740128, 35.684109 ], [ 139.740207, 35.683754 ], [ 139.740223, 35.683681 ], [ 139.740282, 35.683259 ], [ 139.739262, 35.683094 ], [ 139.739221, 35.683089 ], [ 139.738763, 35.68303 ], [ 139.738376, 35.682987 ], [ 139.738192, 35.682961 ], [ 139.738166, 35.683458 ], [ 139.738147, 35.68387 ], [ 139.738144, 35.683931 ], [ 139.737723, 35.683912 ], [ 139.737542, 35.684297 ], [ 139.737261, 35.68495 ], [ 139.737919, 35.685127 ], [ 139.737976, 35.685137 ], [ 139.738054, 35.685164 ], [ 139.738906, 35.686047 ], [ 139.73895, 35.686092 ], [ 139.739107, 35.685859 ], [ 139.739191, 35.685735 ], [ 139.739253, 35.685395 ], [ 139.739256, 35.685375 ], [ 139.739373, 35.684863 ], [ 139.739432, 35.684602 ], [ 139.739543, 35.684116 ] ] ] } },
{ "type": "Feature", "properties": { "key": "千代田区|麹町4丁目", "ward": "千代田区", "town": "麴町四丁目" }, "geometry": { "type": "Polygon", "coordinates": [ [ [ 139.737542, 35.684297 ], [ 139.737723, 35.683912 ], [ 139.738144, 35.683931 ], [ 139.738147, 35.68387 ], [ 139.738166, 35.683458 ], [ 139.738192, 35.682961 ], [ 139.738119, 35.682958 ], [ 139.736985, 35.682917 ], [ 139.73691, 35.682914 ], [ 139.736854, 35.682928 ], [ 139.736618, 35.682952 ], [ 139.736414, 35.682898 ], [ 139.736156, 35.682764 ], [ 139.735943, 35.682599 ], [ 139.735785, 35.682495 ], [ 139.73561, 35.682408 ], [ 139.735237, 35.682317 ], [ 139.735222, 35.682627 ], [ 139.735282, 35.683059 ], [ 139.735358, 35.683595 ], [ 139.735358, 35.683614 ], [ 139.735199, 35.683638 ], [ 139.735255, 35.683953 ], [ 139.735262, 35.68401 ], [ 139.735088, 35.684025 ], [ 139.735127, 35.684425 ], [ 139.735138, 35.684558 ], [ 139.735139, 35.684564 ], [ 139.735129, 35.684583 ], [ 139.735776, 35.684673 ], [ 139.735802, 35.684611 ], [ 139.735899, 35.684639 ], [ 139.736523, 35.68479 ], [ 139.737254, 35.684971 ], [ 139.737261, 35.68495 ], [ 139.737542, 35.684297 ] ] ] } },
{ "type": "Feature", "properties": { "key": "千代田区|麹町5丁目", "ward": "千代田区", "town": "麴町五丁目" }, "geometry": { "type": "Polygon", "coordinates": [ [ [ 139.734482, 35.68484 ], [ 139.734536, 35.684842 ], [ 139.734934, 35.684859 ], [ 139.734991, 35.684867 ], [ 139.735007, 35.684833 ], [ 139.735093, 35.684658 ], [ 139.735107, 35.684628 ], [ 139.735129, 35.684583 ], [ 139.735139, 35.684564 ], [ 139.735138, 35.684558 ], [ 139.735127, 35.684425 ], [ 139.735088, 35.684025 ], [ 139.735262, 35.68401 ], [ 139.735255, 35.683953 ], [ 139.735199, 35.683638 ], [ 139.735358, 35.683614 ], [ 139.735358, 35.683595 ], [ 139.735282, 35.683059 ], [ 139.735222, 35.682627 ], [ 139.735237, 35.682317 ], [ 139.734868, 35.682252 ], [ 139.734635, 35.682242 ], [ 139.734493, 35.682264 ], [ 139.73445, 35.682288 ], [ 139.733568, 35.683041 ], [ 139.733438, 35.683367 ], [ 139.733418, 35.683417 ], [ 139.733074, 35.684277 ], [ 139.733049, 35.684341 ], [ 139.733226, 35.684618 ], [ 139.733301, 35.684729 ], [ 139.733455, 35.68465 ], [ 139.73355, 35.684759 ], [ 139.733774, 35.685016 ], [ 139.733907, 35.685133 ], [ 139.734482, 35.68484 ] ] ] } },
{ "type": "Feature", "properties": { "key": "千代田区|麹町6丁目", "ward": "千代田区", "town": "麴町六丁目" }, "geometry": { "type": "Polygon", "coordinates": [ [ [ 139.73118, 35.686059 ], [ 139.731253, 35.686029 ], [ 139.731362, 35.686183 ], [ 139.731649, 35.686022 ], [ 139.73203, 35.685837 ], [ 139.732417, 35.685669 ], [ 139.732529, 35.685746 ], [ 139.732982, 35.686012 ], [ 139.733233, 35.686161 ], [ 139.733383, 35.686249 ], [ 139.733421, 35.686267 ], [ 139.733753, 35.685732 ], [ 139.733487, 35.685545 ], [ 139.733841, 35.685203 ], [ 139.733892, 35.685149 ], [ 139.733907, 35.685133 ], [ 139.733774, 35.685016 ], [ 139.73355, 35.684759 ], [ 139.733455, 35.68465 ], [ 139.733301, 35.684729 ], [ 139.733226, 35.684618 ], [ 139.733049, 35.684341 ], [ 139.733017, 35.684422 ], [ 139.732174, 35.684139 ], [ 139.731186, 35.683758 ], [ 139.731086, 35.68372 ], [ 139.730353, 35.683439 ], [ 139.730257, 35.683617 ], [ 139.729882, 35.684541 ], [ 139.729953, 35.684669 ], [ 139.73025, 35.684594 ], [ 139.730371, 35.684851 ], [ 139.730358, 35.684854 ], [ 139.730088, 35.684932 ], [ 139.730106, 35.684967 ], [ 139.73016, 35.685145 ], [ 139.730179, 35.685379 ], [ 139.730261, 35.685645 ], [ 139.730353, 35.685959 ], [ 139.730309, 35.685974 ], [ 139.730398, 35.686253 ], [ 139.730437, 35.686247 ], [ 139.730454, 35.686307 ], [ 139.730467, 35.686351 ], [ 139.73118, 35.686059 ] ] ] } },
{ "type": "Feature", "properties": { "key": "千代田区|紀尾井町", "ward": "千代田区", "town": "紀尾井町" }, "geometry": { "type": "Polygon", "coordinates": [ [ [ 139.734635, 35.682242 ], [ 139.734868, 35.682252 ], [ 139.735237, 35.682317 ], [ 139.73561, 35.682408 ], [ 139.735785, 35.682495 ], [ 139.735943, 35.682599 ], [ 139.736156, 35.682764 ], [ 139.736414, 35.682898 ], [ 139.736618, 35.682952 ], [ 139.736854, 35.682928 ], [ 139.73691, 35.682914 ], [ 139.736985, 35.682917 ], [ 139.738119, 35.682958 ], [ 139.738192, 35.682961 ], [ 139.738215, 35.682525 ], [ 139.738223, 35.682256 ], [ 139.738296, 35.68075 ], [ 139.738297, 35.680736 ], [ 139.738305, 35.680626 ], [ 139.738327, 35.680176 ], [ 139.73837, 35.679674 ], [ 139.738391, 35.679545 ], [ 139.738517, 35.678612 ], [ 139.737579, 35.678542 ], [ 139.736996, 35.678491 ], [ 139.736909, 35.678704 ], [ 139.736898, 35.678869 ], [ 139.736269, 35.678839 ], [ 139.73623, 35.678836 ], [ 139.736042, 35.678824 ], [ 139.735348, 35.678788 ], [ 139.735073, 35.678794 ], [ 139.734739, 35.678812 ], [ 139.734368, 35.678865 ], [ 139.734043, 35.678902 ], [ 139.733637, 35.678987 ], [ 139.733593, 35.67901 ], [ 139.73346, 35.679083 ], [ 139.733419, 35.67911 ], [ 139.733308, 35.679236 ], [ 139.733171, 35.679533 ], [ 139.733078, 35.679785 ], [ 139.733022, 35.679934 ], [ 139.732881, 35.680255 ], [ 139.732684, 35.680542 ], [ 139.732597, 35.680634 ], [ 139.732422, 35.680777 ], [ 139.732028, 35.681113 ], [ 139.731526, 35.681551 ], [ 139.731501, 35.681541 ], [ 139.731309, 35.681718 ], [ 139.731259, 35.681802 ], [ 139.731118, 35.68198 ], [ 139.730751, 35.682683 ], [ 139.730693, 35.68281 ], [ 139.730353, 35.683439 ], [ 139.731086, 35.68372 ], [ 139.731186, 35.683758 ], [ 139.732174, 35.684139 ], [ 139.733017, 35.684422 ], [ 139.733049, 35.684341 ], [ 139.733074, 35.684277 ], [ 139.733418, 35.683417 ], [ 139.733438, 35.683367 ], [ 139.733568, 35.683041 ], [ 139.73445, 35.682288 ], [ 139.734493, 35.682264 ], [ 139.734635, 35.682242 ] ] ] } },
{ "type": "Feature", "properties": { "key": "千代田区|一番町", "ward": "千代田区", "town": "一番町" }, "geometry": { "type": "Polygon", "coordinates": [ [ [ 139.742256, 35.688237 ], [ 139.743692, 35.688649 ], [ 139.744448, 35.688846 ], [ 139.744792, 35.688933 ], [ 139.745185, 35.689018 ], [ 139.745379, 35.689023 ], [ 139.745161, 35.688127 ], [ 139.745439, 35.688083 ], [ 139.745412, 35.687908 ], [ 139.745328, 35.687318 ], [ 139.745338, 35.687152 ], [ 139.745081, 35.68601 ], [ 139.744841, 35.685203 ], [ 139.74483, 35.685197 ], [ 139.744571, 35.685242 ], [ 139.744335, 35.685262 ], [ 139.742946, 35.685383 ], [ 139.742971, 35.685533 ], [ 139.742279, 35.685629 ], [ 139.741641, 35.685719 ], [ 139.741637, 35.685683 ], [ 139.741572, 35.685692 ], [ 139.741365, 35.685711 ], [ 139.741178, 35.685728 ], [ 139.74112, 35.685732 ], [ 139.740774, 35.685754 ], [ 139.740734, 35.685757 ], [ 139.740664, 35.685762 ], [ 139.740233, 35.685791 ], [ 139.7397, 35.685772 ], [ 139.739191, 35.685735 ], [ 139.739107, 35.685859 ], [ 139.73895, 35.686092 ], [ 139.738906, 35.686047 ], [ 139.738664, 35.686471 ], [ 139.738639, 35.686509 ], [ 139.738604, 35.686563 ], [ 139.738425, 35.686838 ], [ 139.738402, 35.686881 ], [ 139.737864, 35.687881 ], [ 139.738738, 35.688223 ], [ 139.74037, 35.688787 ], [ 139.740998, 35.689017 ], [ 139.74158, 35.689174 ], [ 139.742766, 35.689505 ], [ 139.742506, 35.688857 ], [ 139.742256, 35.688237 ] ] ] } },
{ "type": "Feature", "properties": { "key": "千代田区|二番町", "ward": "千代田区", "town": "二番町" }, "geometry": { "type": "Polygon", "coordinates": [ [ [ 139.737261, 35.68495 ], [ 139.737254, 35.684971 ], [ 139.736523, 35.68479 ], [ 139.735899, 35.684639 ], [ 139.735802, 35.684611 ], [ 139.735776, 35.684673 ], [ 139.735129, 35.684583 ], [ 139.735107, 35.684628 ], [ 139.735093, 35.684658 ], [ 139.735007, 35.684833 ], [ 139.734991, 35.684867 ], [ 139.734934, 35.684859 ], [ 139.734536, 35.684842 ], [ 139.734482, 35.68484 ], [ 139.733907, 35.685133 ], [ 139.733892, 35.685149 ], [ 139.733841, 35.685203 ], [ 139.733487, 35.685545 ], [ 139.733753, 35.685732 ], [ 139.733421, 35.686267 ], [ 139.733785, 35.686428 ], [ 139.733851, 35.686457 ], [ 139.733888, 35.68647 ], [ 139.734932, 35.686824 ], [ 139.736271, 35.687273 ], [ 139.737259, 35.687644 ], [ 139.7375, 35.687738 ], [ 139.737588, 35.687772 ], [ 139.737646, 35.687795 ], [ 139.737864, 35.687881 ], [ 139.738402, 35.686881 ], [ 139.738425, 35.686838 ], [ 139.738604, 35.686563 ], [ 139.738639, 35.686509 ], [ 139.738664, 35.686471 ], [ 139.738906, 35.686047 ], [ 139.738054, 35.685164 ], [ 139.737976, 35.685137 ], [ 139.737919, 35.685127 ], [ 139.737261, 35.68495 ] ] ] } },
{ "type": "Feature", "properties": { "key": "千代田区|三番町", "ward": "千代田区", "town": "三番町" }, "geometry": { "type": "Polygon", "coordinates": [ [ [ 139.74591, 35.69146 ], [ 139.746087, 35.691432 ], [ 139.747131, 35.691282 ], [ 139.747176, 35.691262 ], [ 139.747222, 35.691113 ], [ 139.747337, 35.691015 ], [ 139.747417, 35.690891 ], [ 139.747569, 35.690519 ], [ 139.747667, 35.690305 ], [ 139.747952, 35.689881 ], [ 139.74773, 35.689548 ], [ 139.747033, 35.689421 ], [ 139.746775, 35.689362 ], [ 139.746418, 35.689295 ], [ 139.745928, 35.689186 ], [ 139.745575, 35.689038 ], [ 139.745379, 35.689023 ], [ 139.745185, 35.689018 ], [ 139.744792, 35.688933 ], [ 139.744448, 35.688846 ], [ 139.743692, 35.688649 ], [ 139.742256, 35.688237 ], [ 139.742506, 35.688857 ], [ 139.742766, 35.689505 ], [ 139.74158, 35.689174 ], [ 139.740998, 35.689017 ], [ 139.74037, 35.688787 ], [ 139.740157, 35.689367 ], [ 139.740147, 35.689396 ], [ 139.739982, 35.689772 ], [ 139.739976, 35.689786 ], [ 139.739743, 35.690317 ], [ 139.739489, 35.690889 ], [ 139.740257, 35.691123 ], [ 139.740285, 35.691132 ], [ 139.740508, 35.691206 ], [ 139.740932, 35.691332 ], [ 139.741315, 35.691447 ], [ 139.742459, 35.691792 ], [ 139.743404, 35.692075 ], [ 139.743676, 35.692139 ], [ 139.744161, 35.692284 ], [ 139.744615, 35.692423 ], [ 139.744889, 35.692509 ], [ 139.744933, 35.692498 ], [ 139.746191, 35.692871 ], [ 139.74591, 35.69146 ] ] ] } },
{ "type": "Feature", "properties": { "key": "千代田区|四番町", "ward": "千代田区", "town": "四番町" }, "geometry": { "type": "Polygon", "coordinates": [ [ [ 139.736271, 35.687273 ], [ 139.736061, 35.68777 ], [ 139.736036, 35.687823 ], [ 139.735828, 35.688278 ], [ 139.735815, 35.68831 ], [ 139.735624, 35.688762 ], [ 139.735601, 35.688835 ], [ 139.735582, 35.688898 ], [ 139.735397, 35.689329 ], [ 139.735384, 35.689365 ], [ 139.735896, 35.689555 ], [ 139.73629, 35.6897 ], [ 139.736451, 35.68976 ], [ 139.736625, 35.689824 ], [ 139.737048, 35.689981 ], [ 139.737175, 35.690068 ], [ 139.738633, 35.6906 ], [ 139.73867, 35.690614 ], [ 139.738815, 35.690667 ], [ 139.739489, 35.690889 ], [ 139.739743, 35.690317 ], [ 139.739976, 35.689786 ], [ 139.739982, 35.689772 ], [ 139.740147, 35.689396 ], [ 139.740157, 35.689367 ], [ 139.74037, 35.688787 ], [ 139.738738, 35.688223 ], [ 139.737864, 35.687881 ], [ 139.737646, 35.687795 ], [ 139.737588, 35.687772 ], [ 139.7375, 35.687738 ], [ 139.737259, 35.687644 ], [ 139.736271, 35.687273 ] ] ] } },
{ "type": "Feature", "properties": { "key": "千代田区|五番町", "ward": "千代田区", "town": "五番町" }, "geometry": { "type": "Polygon", "coordinates": [ [ [ 139.736141, 35.691113 ], [ 139.736208, 35.691126 ], [ 139.736392, 35.69118 ], [ 139.736713, 35.690611 ], [ 139.737048, 35.689981 ], [ 139.736625, 35.689824 ], [ 139.736451, 35.68976 ], [ 139.73629, 35.6897 ], [ 139.735896, 35.689555 ], [ 139.735384, 35.689365 ], [ 139.735222, 35.689302 ], [ 139.735142, 35.68927 ], [ 139.734578, 35.689074 ], [ 139.734152, 35.688926 ], [ 139.734013, 35.688865 ], [ 139.73336, 35.688601 ], [ 139.732048, 35.688064 ], [ 139.73205, 35.688031 ], [ 139.732009, 35.687946 ], [ 139.731244, 35.687693 ], [ 139.730721, 35.687521 ], [ 139.730929, 35.688016 ], [ 139.730704, 35.688072 ], [ 139.730724, 35.688138 ], [ 139.730798, 35.688289 ], [ 139.730803, 35.6883 ], [ 139.730867, 35.688433 ], [ 139.731291, 35.689321 ], [ 139.732634, 35.690118 ], [ 139.733177, 35.69044 ], [ 139.733192, 35.690449 ], [ 139.734282, 35.691096 ], [ 139.735448, 35.69177 ], [ 139.735793, 35.691282 ], [ 139.735936, 35.691146 ], [ 139.736043, 35.691118 ], [ 139.736141, 35.691113 ] ] ] } },
{ "type": "Feature", "properties": { "key": "千代田区|六番町", "ward": "千代田区", "town": "六番町" }, "geometry": { "type": "Polygon", "coordinates": [ [ [ 139.733233, 35.686161 ], [ 139.732982, 35.686012 ], [ 139.732529, 35.685746 ], [ 139.732417, 35.685669 ], [ 139.73203, 35.685837 ], [ 139.731649, 35.686022 ], [ 139.731362, 35.686183 ], [ 139.731253, 35.686029 ], [ 139.73118, 35.686059 ], [ 139.730467, 35.686351 ], [ 139.730574, 35.686816 ], [ 139.730589, 35.687021 ], [ 139.730721, 35.687521 ], [ 139.731244, 35.687693 ], [ 139.732009, 35.687946 ], [ 139.73205, 35.688031 ], [ 139.732048, 35.688064 ], [ 139.73336, 35.688601 ], [ 139.734013, 35.688865 ], [ 139.734152, 35.688926 ], [ 139.734578, 35.689074 ], [ 139.735142, 35.68927 ], [ 139.735222, 35.689302 ], [ 139.735384, 35.689365 ], [ 139.735397, 35.689329 ], [ 139.735582, 35.688898 ], [ 139.735601, 35.688835 ], [ 139.735624, 35.688762 ], [ 139.735815, 35.68831 ], [ 139.735828, 35.688278 ], [ 139.736036, 35.687823 ], [ 139.736061, 35.68777 ], [ 139.736271, 35.687273 ], [ 139.734932, 35.686824 ], [ 139.733888, 35.68647 ], [ 139.733851, 35.686457 ], [ 139.733785, 35.686428 ], [ 139.733421, 35.686267 ], [ 139.733383, 35.686249 ], [ 139.733233, 35.686161 ] ] ] } },
{ "type": "Feature", "properties": { "key": "千代田区|皇居外苑", "ward": "千代田区", "town": "皇居外苑" }, "geometry": { "type": "Polygon", "coordinates": [ [ [ 139.762563, 35.68356 ], [ 139.76213, 35.682204 ], [ 139.761697, 35.680919 ], [ 139.761318, 35.679857 ], [ 139.760966, 35.678838 ], [ 139.76086, 35.67852 ], [ 139.760563, 35.677724 ], [ 139.760456, 35.677445 ], [ 139.760093, 35.676413 ], [ 139.759789, 35.675658 ], [ 139.75967, 35.675212 ], [ 139.759631, 35.67504 ], [ 139.759347, 35.675296 ], [ 139.757593, 35.676015 ], [ 139.755875, 35.676728 ], [ 139.755962, 35.67685 ], [ 139.755883, 35.676868 ], [ 139.753504, 35.677888 ], [ 139.753282, 35.678001 ], [ 139.753231, 35.678041 ], [ 139.753587, 35.678559 ], [ 139.753366, 35.678652 ], [ 139.753427, 35.678756 ], [ 139.753508, 35.678727 ], [ 139.753597, 35.678832 ], [ 139.753952, 35.67871 ], [ 139.753967, 35.678729 ], [ 139.754114, 35.678675 ], [ 139.754102, 35.678648 ], [ 139.754782, 35.678404 ], [ 139.755538, 35.679837 ], [ 139.755525, 35.679862 ], [ 139.754675, 35.680182 ], [ 139.755264, 35.68194 ], [ 139.75613, 35.681813 ], [ 139.756423, 35.682744 ], [ 139.757699, 35.682497 ], [ 139.758151, 35.683552 ], [ 139.759784, 35.683181 ], [ 139.760251, 35.684458 ], [ 139.762695, 35.684134 ], [ 139.762563, 35.68356 ] ] ] } },
{ "type": "Feature", "properties": { "key": "千代田区|日比谷公園", "ward": "千代田区", "town": "日比谷公園" }, "geometry": { "type": "Polygon", "coordinates": [ [ [ 139.759597, 35.674987 ], [ 139.759198, 35.674608 ], [ 139.758906, 35.674316 ], [ 139.757631, 35.67308 ], [ 139.757561, 35.673021 ], [ 139.75616, 35.67072 ], [ 139.75416, 35.671541 ], [ 139.752896, 35.672064 ], [ 139.752884, 35.672102 ], [ 139.753913, 35.673727 ], [ 139.755883, 35.676868 ], [ 139.755962, 35.67685 ], [ 139.755875, 35.676728 ], [ 139.757593, 35.676015 ], [ 139.759347, 35.675296 ], [ 139.759631, 35.67504 ], [ 139.759597, 35.674987 ] ] ] } },
{ "type": "Feature", "properties": { "key": "千代田区|千代田", "ward": "千代田区", "town": "千代田" }, "geometry": { "type": "Polygon", "coordinates": [ [ [ 139.757302, 35.690196 ], [ 139.757344, 35.690263 ], [ 139.758133, 35.690198 ], [ 139.758239, 35.690171 ], [ 139.758678, 35.690186 ], [ 139.758687, 35.690186 ], [ 139.758823, 35.690154 ], [ 139.759767, 35.689943 ], [ 139.759886, 35.689843 ], [ 139.75992, 35.689814 ], [ 139.759993, 35.689342 ], [ 139.760659, 35.689219 ], [ 139.760691, 35.68918 ], [ 139.760828, 35.68876 ], [ 139.760944, 35.688444 ], [ 139.761365, 35.687295 ], [ 139.761402, 35.687228 ], [ 139.760997, 35.685716 ], [ 139.76098, 35.685654 ], [ 139.760925, 35.685664 ], [ 139.760817, 35.685283 ], [ 139.760536, 35.685321 ], [ 139.760251, 35.684458 ], [ 139.759784, 35.683181 ], [ 139.758151, 35.683552 ], [ 139.757699, 35.682497 ], [ 139.756423, 35.682744 ], [ 139.75613, 35.681813 ], [ 139.755264, 35.68194 ], [ 139.754675, 35.680182 ], [ 139.755525, 35.679862 ], [ 139.755538, 35.679837 ], [ 139.754782, 35.678404 ], [ 139.754102, 35.678648 ], [ 139.754114, 35.678675 ], [ 139.753967, 35.678729 ], [ 139.753952, 35.67871 ], [ 139.753597, 35.678832 ], [ 139.753508, 35.678727 ], [ 139.753427, 35.678756 ], [ 139.753366, 35.678652 ], [ 139.753587, 35.678559 ], [ 139.753231, 35.678041 ], [ 139.752894, 35.677885 ], [ 139.751357, 35.677423 ], [ 139.750693, 35.677364 ], [ 139.749675, 35.677474 ], [ 139.749556, 35.677489 ], [ 139.74921, 35.677645 ], [ 139.74861, 35.678186 ], [ 139.748364, 35.678549 ], [ 139.747753, 35.679158 ], [ 139.747253, 35.679528 ], [ 139.746998, 35.679639 ], [ 139.746136, 35.679894 ], [ 139.745953, 35.680005 ], [ 139.745498, 35.680775 ], [ 139.744584, 35.682313 ], [ 139.744474, 35.682646 ], [ 139.744453, 35.682757 ], [ 139.744385, 35.683118 ], [ 139.744306, 35.683573 ], [ 139.744342, 35.683738 ], [ 139.744357, 35.683805 ], [ 139.744532, 35.683788 ], [ 139.744631, 35.683784 ], [ 139.744624, 35.683893 ], [ 139.744638, 35.684144 ], [ 139.744679, 35.684413 ], [ 139.744841, 35.685203 ], [ 139.745081, 35.68601 ], [ 139.745338, 35.687152 ], [ 139.745328, 35.687318 ], [ 139.745412, 35.687908 ], [ 139.746406, 35.687816 ], [ 139.747226, 35.687885 ], [ 139.748019, 35.687953 ], [ 139.748611, 35.688122 ], [ 139.749497, 35.688409 ], [ 139.750477, 35.688886 ], [ 139.751288, 35.689295 ], [ 139.752086, 35.689496 ], [ 139.752597, 35.688878 ], [ 139.753647, 35.689413 ], [ 139.754449, 35.689842 ], [ 139.754783, 35.689967 ], [ 139.756224, 35.690569 ], [ 139.756239, 35.690564 ], [ 139.757302, 35.690196 ] ] ] } },
{ "type": "Feature", "properties": { "key": "千代田区|北の丸公園", "ward": "千代田区", "town": "北の丸公園" }, "geometry": { "type": "Polygon", "coordinates": [ [ [ 139.753198, 35.69323 ], [ 139.753494, 35.693474 ], [ 139.753601, 35.693425 ], [ 139.7539, 35.693287 ], [ 139.75431, 35.693141 ], [ 139.754324, 35.693135 ], [ 139.75445, 35.693077 ], [ 139.754812, 35.692908 ], [ 139.755125, 35.692777 ], [ 139.755331, 35.692691 ], [ 139.755484, 35.692395 ], [ 139.755658, 35.692103 ], [ 139.755736, 35.692014 ], [ 139.75581, 35.691861 ], [ 139.755681, 35.691814 ], [ 139.755694, 35.691785 ], [ 139.756239, 35.690564 ], [ 139.756224, 35.690569 ], [ 139.754783, 35.689967 ], [ 139.754449, 35.689842 ], [ 139.753647, 35.689413 ], [ 139.752597, 35.688878 ], [ 139.752086, 35.689496 ], [ 139.751288, 35.689295 ], [ 139.750477, 35.688886 ], [ 139.749497, 35.688409 ], [ 139.748611, 35.688122 ], [ 139.748019, 35.687953 ], [ 139.747226, 35.687885 ], [ 139.746406, 35.687816 ], [ 139.745412, 35.687908 ], [ 139.745439, 35.688083 ], [ 139.745161, 35.688127 ], [ 139.745379, 35.689023 ], [ 139.745575, 35.689038 ], [ 139.745928, 35.689186 ], [ 139.746418, 35.689295 ], [ 139.746775, 35.689362 ], [ 139.747033, 35.689421 ], [ 139.74773, 35.689548 ], [ 139.747952, 35.689881 ], [ 139.747667, 35.690305 ], [ 139.747569, 35.690519 ], [ 139.747417, 35.690891 ], [ 139.747337, 35.691015 ], [ 139.747222, 35.691113 ], [ 139.747176, 35.691262 ], [ 139.747131, 35.691282 ], [ 139.747159, 35.691278 ], [ 139.747115, 35.691457 ], [ 139.747121, 35.691625 ], [ 139.747162, 35.691692 ], [ 139.747371, 35.691931 ], [ 139.747563, 35.692127 ], [ 139.747666, 35.692234 ], [ 139.747691, 35.692482 ], [ 139.747694, 35.692885 ], [ 139.747691, 35.69326 ], [ 139.747671, 35.693684 ], [ 139.74762, 35.693976 ], [ 139.747577, 35.694319 ], [ 139.749038, 35.694681 ], [ 139.749013, 35.694683 ], [ 139.749254, 35.694737 ], [ 139.749333, 35.69501 ], [ 139.750264, 35.695134 ], [ 139.750383, 35.694881 ], [ 139.75041, 35.694875 ], [ 139.751566, 35.693646 ], [ 139.752588, 35.693486 ], [ 139.752645, 35.693455 ], [ 139.753198, 35.69323 ] ] ] } },
{ "type": "Feature", "properties": { "key": "千代田区|九段南1丁目", "ward": "千代田区", "town": "九段南一丁目" }, "geometry": { "type": "Polygon", "coordinates": [ [ [ 139.752939, 35.695098 ], [ 139.752997, 35.694975 ], [ 139.753182, 35.694762 ], [ 139.753302, 35.694648 ], [ 139.753588, 35.69444 ], [ 139.753745, 35.694343 ], [ 139.754074, 35.694204 ], [ 139.754156, 35.694181 ], [ 139.75436, 35.694127 ], [ 139.754366, 35.694125 ], [ 139.754958, 35.693991 ], [ 139.755336, 35.693885 ], [ 139.755518, 35.69382 ], [ 139.755664, 35.69371 ], [ 139.755736, 35.693573 ], [ 139.755785, 35.693429 ], [ 139.755833, 35.693222 ], [ 139.755879, 35.693032 ], [ 139.755943, 35.692754 ], [ 139.756225, 35.692749 ], [ 139.756221, 35.692624 ], [ 139.756129, 35.692022 ], [ 139.755736, 35.692014 ], [ 139.755658, 35.692103 ], [ 139.755484, 35.692395 ], [ 139.755331, 35.692691 ], [ 139.755125, 35.692777 ], [ 139.754812, 35.692908 ], [ 139.75445, 35.693077 ], [ 139.754324, 35.693135 ], [ 139.75431, 35.693141 ], [ 139.7539, 35.693287 ], [ 139.753601, 35.693425 ], [ 139.753494, 35.693474 ], [ 139.753198, 35.69323 ], [ 139.752645, 35.693455 ], [ 139.752588, 35.693486 ], [ 139.751566, 35.693646 ], [ 139.75041, 35.694875 ], [ 139.750383, 35.694881 ], [ 139.750264, 35.695134 ], [ 139.749333, 35.69501 ], [ 139.749254, 35.694737 ], [ 139.749013, 35.694683 ], [ 139.748864, 35.695017 ], [ 139.749346, 35.695159 ], [ 139.750034, 35.695257 ], [ 139.751328, 35.69543 ], [ 139.751439, 35.695459 ], [ 139.751866, 35.695524 ], [ 139.752059, 35.695546 ], [ 139.752367, 35.695597 ], [ 139.752769, 35.695661 ], [ 139.752769, 35.695649 ], [ 139.752773, 35.695563 ], [ 139.75282, 35.695364 ], [ 139.752939, 35.695098 ] ] ] } },
{ "type": "Feature", "properties": { "key": "千代田区|九段南2丁目", "ward": "千代田区", "town": "九段南二丁目" }, "geometry": { "type": "Polygon", "coordinates": [ [ [ 139.747691, 35.692482 ], [ 139.747666, 35.692234 ], [ 139.747563, 35.692127 ], [ 139.747371, 35.691931 ], [ 139.747162, 35.691692 ], [ 139.747121, 35.691625 ], [ 139.747115, 35.691457 ], [ 139.747159, 35.691278 ], [ 139.747131, 35.691282 ], [ 139.746087, 35.691432 ], [ 139.74591, 35.69146 ], [ 139.746191, 35.692871 ], [ 139.744933, 35.692498 ], [ 139.744889, 35.692509 ], [ 139.744615, 35.692423 ], [ 139.744161, 35.692284 ], [ 139.743676, 35.692139 ], [ 139.743751, 35.692565 ], [ 139.74379, 35.692813 ], [ 139.743792, 35.692873 ], [ 139.74384, 35.69306 ], [ 139.743897, 35.693435 ], [ 139.745259, 35.693985 ], [ 139.746491, 35.694334 ], [ 139.747218, 35.694543 ], [ 139.747321, 35.694573 ], [ 139.748864, 35.695017 ], [ 139.749013, 35.694683 ], [ 139.749038, 35.694681 ], [ 139.747577, 35.694319 ], [ 139.74762, 35.693976 ], [ 139.747671, 35.693684 ], [ 139.747691, 35.69326 ], [ 139.747694, 35.692885 ], [ 139.747691, 35.692482 ] ] ] } },
{ "type": "Feature", "properties": { "key": "千代田区|九段南3丁目", "ward": "千代田区", "town": "九段南三丁目" }, "geometry": { "type": "Polygon", "coordinates": [ [ [ 139.741315, 35.691447 ], [ 139.741184, 35.691775 ], [ 139.74108, 35.692055 ], [ 139.740877, 35.692499 ], [ 139.741986, 35.692829 ], [ 139.74205, 35.692843 ], [ 139.742951, 35.693129 ], [ 139.743897, 35.693435 ], [ 139.74384, 35.69306 ], [ 139.743792, 35.692873 ], [ 139.74379, 35.692813 ], [ 139.743751, 35.692565 ], [ 139.743676, 35.692139 ], [ 139.743404, 35.692075 ], [ 139.742459, 35.691792 ], [ 139.741315, 35.691447 ] ] ] } },
{ "type": "Feature", "properties": { "key": "千代田区|九段南4丁目", "ward": "千代田区", "town": "九段南四丁目" }, "geometry": { "type": "Polygon", "coordinates": [ [ [ 139.737048, 35.689981 ], [ 139.736713, 35.690611 ], [ 139.736392, 35.69118 ], [ 139.738205, 35.69172 ], [ 139.738237, 35.69173 ], [ 139.739016, 35.691961 ], [ 139.739111, 35.691982 ], [ 139.740066, 35.692254 ], [ 139.740624, 35.692423 ], [ 139.740877, 35.692499 ], [ 139.74108, 35.692055 ], [ 139.741184, 35.691775 ], [ 139.741315, 35.691447 ], [ 139.740932, 35.691332 ], [ 139.740508, 35.691206 ], [ 139.740285, 35.691132 ], [ 139.740257, 35.691123 ], [ 139.739489, 35.690889 ], [ 139.738815, 35.690667 ], [ 139.73867, 35.690614 ], [ 139.738633, 35.6906 ], [ 139.737175, 35.690068 ], [ 139.737048, 35.689981 ] ] ] } },
{ "type": "Feature", "properties": { "key": "千代田区|九段北1丁目", "ward": "千代田区", "town": "九段北一丁目" }, "geometry": { "type": "Polygon", "coordinates": [ [ [ 139.748864, 35.695017 ], [ 139.748705, 35.695447 ], [ 139.748592, 35.695509 ], [ 139.748247, 35.695698 ], [ 139.748156, 35.695775 ], [ 139.747553, 35.696284 ], [ 139.747573, 35.696285 ], [ 139.748511, 35.696365 ], [ 139.748724, 35.696766 ], [ 139.749861, 35.69689 ], [ 139.750902, 35.696999 ], [ 139.75092, 35.697013 ], [ 139.750883, 35.697125 ], [ 139.750733, 35.697428 ], [ 139.750565, 35.697621 ], [ 139.75016, 35.698018 ], [ 139.750049, 35.698146 ], [ 139.750018, 35.698239 ], [ 139.750357, 35.698187 ], [ 139.751085, 35.698088 ], [ 139.751269, 35.698058 ], [ 139.751333, 35.698047 ], [ 139.751571, 35.698023 ], [ 139.751932, 35.697962 ], [ 139.751946, 35.697959 ], [ 139.752345, 35.697904 ], [ 139.752524, 35.696895 ], [ 139.752565, 35.696802 ], [ 139.752558, 35.696799 ], [ 139.75265, 35.696283 ], [ 139.752769, 35.695661 ], [ 139.752367, 35.695597 ], [ 139.752059, 35.695546 ], [ 139.751866, 35.695524 ], [ 139.751439, 35.695459 ], [ 139.751328, 35.69543 ], [ 139.750034, 35.695257 ], [ 139.749346, 35.695159 ], [ 139.748864, 35.695017 ] ] ] } },
{ "type": "Feature", "properties": { "key": "千代田区|九段北2丁目", "ward": "千代田区", "town": "九段北二丁目" }, "geometry": { "type": "Polygon", "coordinates": [ [ [ 139.747573, 35.696285 ], [ 139.747553, 35.696284 ], [ 139.748156, 35.695775 ], [ 139.748247, 35.695698 ], [ 139.748592, 35.695509 ], [ 139.748705, 35.695447 ], [ 139.748864, 35.695017 ], [ 139.747321, 35.694573 ], [ 139.747218, 35.694543 ], [ 139.746491, 35.694334 ], [ 139.745259, 35.693985 ], [ 139.744952, 35.69492 ], [ 139.744153, 35.694701 ], [ 139.743812, 35.695823 ], [ 139.744962, 35.696119 ], [ 139.745033, 35.696075 ], [ 139.746077, 35.696291 ], [ 139.746375, 35.696358 ], [ 139.746372, 35.696353 ], [ 139.746831, 35.696456 ], [ 139.747216, 35.696526 ], [ 139.747247, 35.696532 ], [ 139.747267, 35.696536 ], [ 139.747573, 35.696285 ] ] ] } },
{ "type": "Feature", "properties": { "key": "千代田区|九段北3丁目", "ward": "千代田区", "town": "九段北三丁目" }, "geometry": { "type": "Polygon", "coordinates": [ [ [ 139.744153, 35.694701 ], [ 139.744952, 35.69492 ], [ 139.745259, 35.693985 ], [ 139.743897, 35.693435 ], [ 139.742951, 35.693129 ], [ 139.74205, 35.692843 ], [ 139.741986, 35.692829 ], [ 139.740877, 35.692499 ], [ 139.740429, 35.693589 ], [ 139.739991, 35.69467 ], [ 139.741068, 35.695013 ], [ 139.741414, 35.69512 ], [ 139.741942, 35.695299 ], [ 139.742129, 35.695354 ], [ 139.743539, 35.695748 ], [ 139.743812, 35.695823 ], [ 139.744153, 35.694701 ] ] ] } },
{ "type": "Feature", "properties": { "key": "千代田区|九段北4丁目", "ward": "千代田区", "town": "九段北四丁目" }, "geometry": { "type": "Polygon", "coordinates": [ [ [ 139.738237, 35.69173 ], [ 139.738205, 35.69172 ], [ 139.736392, 35.69118 ], [ 139.736208, 35.691126 ], [ 139.736141, 35.691113 ], [ 139.736043, 35.691118 ], [ 139.735936, 35.691146 ], [ 139.735793, 35.691282 ], [ 139.735448, 35.69177 ], [ 139.735611, 35.691865 ], [ 139.735611, 35.691898 ], [ 139.735707, 35.691963 ], [ 139.735738, 35.691978 ], [ 139.735775, 35.691948 ], [ 139.736204, 35.692208 ], [ 139.737574, 35.693236 ], [ 139.737594, 35.693252 ], [ 139.73795, 35.69367 ], [ 139.738097, 35.693831 ], [ 139.738228, 35.693996 ], [ 139.738652, 35.694495 ], [ 139.738739, 35.694597 ], [ 139.739128, 35.695131 ], [ 139.739209, 35.695234 ], [ 139.739741, 35.69498 ], [ 139.73999, 35.694867 ], [ 139.739932, 35.694794 ], [ 139.739991, 35.69467 ], [ 139.740429, 35.693589 ], [ 139.740877, 35.692499 ], [ 139.740624, 35.692423 ], [ 139.740066, 35.692254 ], [ 139.739111, 35.691982 ], [ 139.739016, 35.691961 ], [ 139.738237, 35.69173 ] ] ] } },
{ "type": "Feature", "properties": { "key": "千代田区|富士見1丁目", "ward": "千代田区", "town": "富士見一丁目" }, "geometry": { "type": "Polygon", "coordinates": [ [ [ 139.748237, 35.698769 ], [ 139.748514, 35.698786 ], [ 139.749058, 35.698122 ], [ 139.749105, 35.698003 ], [ 139.749409, 35.697816 ], [ 139.749571, 35.697659 ], [ 139.749641, 35.697592 ], [ 139.749861, 35.69689 ], [ 139.748724, 35.696766 ], [ 139.748511, 35.696365 ], [ 139.747573, 35.696285 ], [ 139.747267, 35.696536 ], [ 139.747247, 35.696532 ], [ 139.747216, 35.696526 ], [ 139.746831, 35.696456 ], [ 139.746372, 35.696353 ], [ 139.746375, 35.696358 ], [ 139.746077, 35.696291 ], [ 139.745033, 35.696075 ], [ 139.744962, 35.696119 ], [ 139.744821, 35.69649 ], [ 139.744708, 35.696785 ], [ 139.744681, 35.696858 ], [ 139.744566, 35.697091 ], [ 139.7445, 35.697176 ], [ 139.744059, 35.69755 ], [ 139.744596, 35.697992 ], [ 139.744614, 35.698004 ], [ 139.744775, 35.69813 ], [ 139.745214, 35.698528 ], [ 139.745523, 35.6988 ], [ 139.745837, 35.699022 ], [ 139.74598, 35.69912 ], [ 139.746131, 35.69924 ], [ 139.74641, 35.699461 ], [ 139.746574, 35.69958 ], [ 139.746963, 35.699495 ], [ 139.747213, 35.699413 ], [ 139.747457, 35.699342 ], [ 139.747414, 35.699224 ], [ 139.74775, 35.698947 ], [ 139.747843, 35.698943 ], [ 139.748237, 35.698769 ] ] ] } },
{ "type": "Feature", "properties": { "key": "千代田区|富士見2丁目", "ward": "千代田区", "town": "富士見二丁目" }, "geometry": { "type": "Polygon", "coordinates": [ [ [ 139.746899, 35.700242 ], [ 139.747055, 35.700282 ], [ 139.747147, 35.700201 ], [ 139.747047, 35.700086 ], [ 139.747066, 35.699901 ], [ 139.746938, 35.699705 ], [ 139.747065, 35.69964 ], [ 139.746963, 35.699495 ], [ 139.746574, 35.69958 ], [ 139.74641, 35.699461 ], [ 139.746131, 35.69924 ], [ 139.74598, 35.69912 ], [ 139.745837, 35.699022 ], [ 139.745523, 35.6988 ], [ 139.745214, 35.698528 ], [ 139.744775, 35.69813 ], [ 139.744614, 35.698004 ], [ 139.744596, 35.697992 ], [ 139.744059, 35.69755 ], [ 139.7445, 35.697176 ], [ 139.744566, 35.697091 ], [ 139.744681, 35.696858 ], [ 139.744708, 35.696785 ], [ 139.744821, 35.69649 ], [ 139.744962, 35.696119 ], [ 139.743812, 35.695823 ], [ 139.743539, 35.695748 ], [ 139.742129, 35.695354 ], [ 139.741942, 35.695299 ], [ 139.741414, 35.69512 ], [ 139.741068, 35.695013 ], [ 139.739991, 35.69467 ], [ 139.739932, 35.694794 ], [ 139.73999, 35.694867 ], [ 139.739741, 35.69498 ], [ 139.739209, 35.695234 ], [ 139.739365, 35.69546 ], [ 139.739895, 35.696232 ], [ 139.739949, 35.696311 ], [ 139.740091, 35.69651 ], [ 139.740121, 35.696561 ], [ 139.740205, 35.696704 ], [ 139.74021, 35.696709 ], [ 139.740313, 35.696845 ], [ 139.74151, 35.698325 ], [ 139.74156, 35.698299 ], [ 139.741933, 35.69876 ], [ 139.74215, 35.699039 ], [ 139.742588, 35.69958 ], [ 139.742839, 35.699894 ], [ 139.743018, 35.700112 ], [ 139.743134, 35.700252 ], [ 139.743154, 35.700245 ], [ 139.743161, 35.700243 ], [ 139.743306, 35.700193 ], [ 139.743396, 35.700151 ], [ 139.743426, 35.700137 ], [ 139.743761, 35.699969 ], [ 139.743875, 35.700082 ], [ 139.744258, 35.700726 ], [ 139.744401, 35.700967 ], [ 139.744501, 35.701057 ], [ 139.744864, 35.70138 ], [ 139.744989, 35.701492 ], [ 139.745212, 35.70139 ], [ 139.745491, 35.701281 ], [ 139.745824, 35.701082 ], [ 139.746078, 35.700937 ], [ 139.746019, 35.700855 ], [ 139.745916, 35.700635 ], [ 139.745878, 35.70053 ], [ 139.746102, 35.700467 ], [ 139.746088, 35.700382 ], [ 139.746511, 35.700305 ], [ 139.746737, 35.700274 ], [ 139.746899, 35.700242 ] ] ] } },
{ "type": "Feature", "properties": { "key": "千代田区|飯田橋1丁目", "ward": "千代田区", "town": "飯田橋一丁目" }, "geometry": { "type": "Polygon", "coordinates": [ [ [ 139.749666, 35.698617 ], [ 139.749783, 35.69849 ], [ 139.749902, 35.698359 ], [ 139.749957, 35.698302 ], [ 139.750018, 35.698239 ], [ 139.750049, 35.698146 ], [ 139.75016, 35.698018 ], [ 139.750565, 35.697621 ], [ 139.750733, 35.697428 ], [ 139.750883, 35.697125 ], [ 139.75092, 35.697013 ], [ 139.750902, 35.696999 ], [ 139.749861, 35.69689 ], [ 139.749641, 35.697592 ], [ 139.749571, 35.697659 ], [ 139.749409, 35.697816 ], [ 139.749105, 35.698003 ], [ 139.749058, 35.698122 ], [ 139.748514, 35.698786 ], [ 139.748237, 35.698769 ], [ 139.747843, 35.698943 ], [ 139.74775, 35.698947 ], [ 139.747414, 35.699224 ], [ 139.747457, 35.699342 ], [ 139.74758, 35.699556 ], [ 139.747671, 35.699653 ], [ 139.747766, 35.699729 ], [ 139.747797, 35.699739 ], [ 139.748294, 35.700068 ], [ 139.748501, 35.699854 ], [ 139.748648, 35.699699 ], [ 139.7488, 35.699528 ], [ 139.748974, 35.699359 ], [ 139.749267, 35.699033 ], [ 139.749377, 35.698928 ], [ 139.749666, 35.698617 ] ] ] } },
{ "type": "Feature", "properties": { "key": "千代田区|飯田橋2丁目", "ward": "千代田区", "town": "飯田橋二丁目" }, "geometry": { "type": "Polygon", "coordinates": [ [ [ 139.749806, 35.699652 ], [ 139.750294, 35.699816 ], [ 139.751412, 35.700203 ], [ 139.751742, 35.699602 ], [ 139.752026, 35.699082 ], [ 139.75214, 35.698893 ], [ 139.752195, 35.698778 ], [ 139.752204, 35.698766 ], [ 139.75236, 35.697901 ], [ 139.752345, 35.697904 ], [ 139.751946, 35.697959 ], [ 139.751932, 35.697962 ], [ 139.751571, 35.698023 ], [ 139.751333, 35.698047 ], [ 139.751269, 35.698058 ], [ 139.751085, 35.698088 ], [ 139.750357, 35.698187 ], [ 139.750018, 35.698239 ], [ 139.749957, 35.698302 ], [ 139.749902, 35.698359 ], [ 139.749783, 35.69849 ], [ 139.749666, 35.698617 ], [ 139.749377, 35.698928 ], [ 139.749267, 35.699033 ], [ 139.748974, 35.699359 ], [ 139.7488, 35.699528 ], [ 139.748648, 35.699699 ], [ 139.748501, 35.699854 ], [ 139.748294, 35.700068 ], [ 139.748476, 35.700181 ], [ 139.748645, 35.700299 ], [ 139.748946, 35.700486 ], [ 139.749162, 35.700289 ], [ 139.749315, 35.700128 ], [ 139.749683, 35.699767 ], [ 139.749806, 35.699652 ] ] ] } },
{ "type": "Feature", "properties": { "key": "千代田区|飯田橋3丁目", "ward": "千代田区", "town": "飯田橋三丁目" }, "geometry": { "type": "Polygon", "coordinates": [ [ [ 139.751269, 35.70046 ], [ 139.751412, 35.700203 ], [ 139.750294, 35.699816 ], [ 139.749806, 35.699652 ], [ 139.749683, 35.699767 ], [ 139.749315, 35.700128 ], [ 139.749162, 35.700289 ], [ 139.748946, 35.700486 ], [ 139.748645, 35.700299 ], [ 139.748476, 35.700181 ], [ 139.748294, 35.700068 ], [ 139.747953, 35.700423 ], [ 139.747806, 35.700583 ], [ 139.747627, 35.70077 ], [ 139.747563, 35.700806 ], [ 139.747269, 35.700967 ], [ 139.747211, 35.701 ], [ 139.746961, 35.701152 ], [ 139.746777, 35.701271 ], [ 139.746511, 35.701414 ], [ 139.745926, 35.701762 ], [ 139.745696, 35.701933 ], [ 139.745663, 35.701956 ], [ 139.745576, 35.702013 ], [ 139.745154, 35.702312 ], [ 139.744968, 35.702441 ], [ 139.74512, 35.702551 ], [ 139.745418, 35.702603 ], [ 139.745426, 35.702605 ], [ 139.745821, 35.702714 ], [ 139.745833, 35.702717 ], [ 139.745886, 35.702731 ], [ 139.746352, 35.7029 ], [ 139.746518, 35.702901 ], [ 139.747377, 35.702908 ], [ 139.749209, 35.702841 ], [ 139.749802, 35.70276 ], [ 139.750443, 35.702686 ], [ 139.750591, 35.702662 ], [ 139.750843, 35.702638 ], [ 139.750842, 35.702629 ], [ 139.750815, 35.702331 ], [ 139.750783, 35.701942 ], [ 139.750751, 35.701572 ], [ 139.750737, 35.701437 ], [ 139.750983, 35.700977 ], [ 139.751116, 35.70075 ], [ 139.751269, 35.70046 ] ] ] } },
{ "type": "Feature", "properties": { "key": "千代田区|飯田橋4丁目", "ward": "千代田区", "town": "飯田橋四丁目" }, "geometry": { "type": "Polygon", "coordinates": [ [ [ 139.745576, 35.702013 ], [ 139.745663, 35.701956 ], [ 139.745696, 35.701933 ], [ 139.745926, 35.701762 ], [ 139.746511, 35.701414 ], [ 139.746777, 35.701271 ], [ 139.746961, 35.701152 ], [ 139.747211, 35.701 ], [ 139.747269, 35.700967 ], [ 139.747563, 35.700806 ], [ 139.747627, 35.70077 ], [ 139.747806, 35.700583 ], [ 139.747953, 35.700423 ], [ 139.748294, 35.700068 ], [ 139.747797, 35.699739 ], [ 139.747766, 35.699729 ], [ 139.747671, 35.699653 ], [ 139.74758, 35.699556 ], [ 139.747457, 35.699342 ], [ 139.747213, 35.699413 ], [ 139.746963, 35.699495 ], [ 139.747065, 35.69964 ], [ 139.746938, 35.699705 ], [ 139.747066, 35.699901 ], [ 139.747047, 35.700086 ], [ 139.747147, 35.700201 ], [ 139.747055, 35.700282 ], [ 139.746899, 35.700242 ], [ 139.746737, 35.700274 ], [ 139.746511, 35.700305 ], [ 139.746088, 35.700382 ], [ 139.746102, 35.700467 ], [ 139.745878, 35.70053 ], [ 139.745916, 35.700635 ], [ 139.746019, 35.700855 ], [ 139.746078, 35.700937 ], [ 139.745824, 35.701082 ], [ 139.745491, 35.701281 ], [ 139.745212, 35.70139 ], [ 139.744989, 35.701492 ], [ 139.744864, 35.70138 ], [ 139.744501, 35.701057 ], [ 139.744401, 35.700967 ], [ 139.744258, 35.700726 ], [ 139.743875, 35.700082 ], [ 139.743761, 35.699969 ], [ 139.743426, 35.700137 ], [ 139.743486, 35.700221 ], [ 139.743831, 35.700701 ], [ 139.744206, 35.701254 ], [ 139.744277, 35.701343 ], [ 139.744204, 35.701392 ], [ 139.744085, 35.70146 ], [ 139.743798, 35.701627 ], [ 139.74387, 35.701701 ], [ 139.743921, 35.701754 ], [ 139.74391, 35.701763 ], [ 139.74377, 35.701889 ], [ 139.744176, 35.702225 ], [ 139.744201, 35.702246 ], [ 139.744353, 35.702376 ], [ 139.744759, 35.702302 ], [ 139.744871, 35.702375 ], [ 139.744968, 35.702441 ], [ 139.745154, 35.702312 ], [ 139.745576, 35.702013 ] ] ] } },
{ "type": "Feature", "properties": { "key": "千代田区|一ツ橋1丁目", "ward": "千代田区", "town": "一ツ橋一丁目" }, "geometry": { "type": "Polygon", "coordinates": [ [ [ 139.756599, 35.692742 ], [ 139.75819, 35.691244 ], [ 139.758891, 35.691241 ], [ 139.758925, 35.691244 ], [ 139.758891, 35.690873 ], [ 139.75883, 35.690224 ], [ 139.758823, 35.690154 ], [ 139.758687, 35.690186 ], [ 139.758678, 35.690186 ], [ 139.758239, 35.690171 ], [ 139.758133, 35.690198 ], [ 139.757344, 35.690263 ], [ 139.757302, 35.690196 ], [ 139.756239, 35.690564 ], [ 139.755694, 35.691785 ], [ 139.755681, 35.691814 ], [ 139.75581, 35.691861 ], [ 139.755736, 35.692014 ], [ 139.756129, 35.692022 ], [ 139.756221, 35.692624 ], [ 139.756225, 35.692749 ], [ 139.756599, 35.692742 ] ] ] } },
{ "type": "Feature", "properties": { "key": "千代田区|一ツ橋2丁目", "ward": "千代田区", "town": "一ツ橋二丁目" }, "geometry": { "type": "Polygon", "coordinates": [ [ [ 139.758891, 35.691241 ], [ 139.75819, 35.691244 ], [ 139.756599, 35.692742 ], [ 139.756225, 35.692749 ], [ 139.755943, 35.692754 ], [ 139.755879, 35.693032 ], [ 139.755833, 35.693222 ], [ 139.756112, 35.693297 ], [ 139.756098, 35.693407 ], [ 139.756051, 35.693562 ], [ 139.755986, 35.693747 ], [ 139.755825, 35.694123 ], [ 139.755752, 35.694834 ], [ 139.756345, 35.694857 ], [ 139.75685, 35.694872 ], [ 139.757102, 35.69488 ], [ 139.75751, 35.694899 ], [ 139.757777, 35.694909 ], [ 139.758245, 35.694926 ], [ 139.758309, 35.694925 ], [ 139.758329, 35.694825 ], [ 139.758364, 35.694655 ], [ 139.75837, 35.694628 ], [ 139.758389, 35.694539 ], [ 139.758412, 35.694429 ], [ 139.758473, 35.694144 ], [ 139.758538, 35.693835 ], [ 139.758545, 35.693806 ], [ 139.758745, 35.692866 ], [ 139.758753, 35.692826 ], [ 139.758874, 35.692235 ], [ 139.75897, 35.691661 ], [ 139.758954, 35.691558 ], [ 139.758928, 35.691268 ], [ 139.758925, 35.691244 ], [ 139.758891, 35.691241 ] ] ] } },
{ "type": "Feature", "properties": { "key": "千代田区|神田神保町1丁目", "ward": "千代田区", "town": "神田神保町一丁目" }, "geometry": { "type": "Polygon", "coordinates": [ [ [ 139.760988, 35.695734 ], [ 139.761267, 35.695528 ], [ 139.761282, 35.695517 ], [ 139.761275, 35.695439 ], [ 139.761248, 35.695135 ], [ 139.761226, 35.694923 ], [ 139.761211, 35.694779 ], [ 139.761197, 35.694651 ], [ 139.761179, 35.694469 ], [ 139.761173, 35.694401 ], [ 139.761149, 35.694133 ], [ 139.761125, 35.693842 ], [ 139.761113, 35.69382 ], [ 139.760667, 35.693818 ], [ 139.760654, 35.693818 ], [ 139.760227, 35.693824 ], [ 139.760219, 35.693824 ], [ 139.759659, 35.693827 ], [ 139.759648, 35.693827 ], [ 139.7591, 35.693831 ], [ 139.75903, 35.693832 ], [ 139.758538, 35.693835 ], [ 139.758473, 35.694144 ], [ 139.758412, 35.694429 ], [ 139.758389, 35.694539 ], [ 139.75837, 35.694628 ], [ 139.758364, 35.694655 ], [ 139.758329, 35.694825 ], [ 139.758309, 35.694925 ], [ 139.758285, 35.69504 ], [ 139.75823, 35.695308 ], [ 139.758226, 35.695326 ], [ 139.758155, 35.695598 ], [ 139.758061, 35.695957 ], [ 139.758024, 35.695956 ], [ 139.757923, 35.696257 ], [ 139.757855, 35.696455 ], [ 139.757826, 35.696502 ], [ 139.757645, 35.696815 ], [ 139.757448, 35.697178 ], [ 139.757419, 35.69723 ], [ 139.757318, 35.69741 ], [ 139.757289, 35.697455 ], [ 139.757201, 35.697624 ], [ 139.75709, 35.69782 ], [ 139.757079, 35.697845 ], [ 139.756981, 35.698012 ], [ 139.756909, 35.698149 ], [ 139.756893, 35.698167 ], [ 139.756834, 35.698278 ], [ 139.756707, 35.69851 ], [ 139.756752, 35.698529 ], [ 139.757278, 35.698744 ], [ 139.757476, 35.698819 ], [ 139.757512, 35.698832 ], [ 139.75789, 35.698984 ], [ 139.758119, 35.699072 ], [ 139.758427, 35.69876 ], [ 139.758712, 35.698445 ], [ 139.758719, 35.698437 ], [ 139.758858, 35.698269 ], [ 139.759026, 35.69802 ], [ 139.759103, 35.697912 ], [ 139.759157, 35.697835 ], [ 139.759388, 35.697499 ], [ 139.759393, 35.697492 ], [ 139.759604, 35.697185 ], [ 139.759787, 35.696932 ], [ 139.759921, 35.696747 ], [ 139.759961, 35.696701 ], [ 139.75997, 35.696691 ], [ 139.760106, 35.696537 ], [ 139.760475, 35.696116 ], [ 139.760527, 35.696057 ], [ 139.760556, 35.696018 ], [ 139.760612, 35.695987 ], [ 139.760988, 35.695734 ] ] ] } },
{ "type": "Feature", "properties": { "key": "千代田区|神田神保町2丁目", "ward": "千代田区", "town": "神田神保町二丁目" }, "geometry": { "type": "Polygon", "coordinates": [ [ [ 139.758024, 35.695956 ], [ 139.758061, 35.695957 ], [ 139.758155, 35.695598 ], [ 139.758226, 35.695326 ], [ 139.75823, 35.695308 ], [ 139.758285, 35.69504 ], [ 139.758309, 35.694925 ], [ 139.758245, 35.694926 ], [ 139.757777, 35.694909 ], [ 139.75751, 35.694899 ], [ 139.757102, 35.69488 ], [ 139.75685, 35.694872 ], [ 139.756345, 35.694857 ], [ 139.755752, 35.694834 ], [ 139.755699, 35.695208 ], [ 139.755552, 35.69547 ], [ 139.75554, 35.695489 ], [ 139.755323, 35.695879 ], [ 139.755148, 35.696186 ], [ 139.755025, 35.69641 ], [ 139.755022, 35.696414 ], [ 139.754977, 35.696506 ], [ 139.754728, 35.696961 ], [ 139.754515, 35.69736 ], [ 139.754412, 35.69756 ], [ 139.754445, 35.697575 ], [ 139.755047, 35.697829 ], [ 139.755069, 35.697836 ], [ 139.755671, 35.698092 ], [ 139.755916, 35.698187 ], [ 139.756217, 35.69831 ], [ 139.756418, 35.698394 ], [ 139.756707, 35.69851 ], [ 139.756834, 35.698278 ], [ 139.756893, 35.698167 ], [ 139.756909, 35.698149 ], [ 139.756981, 35.698012 ], [ 139.757079, 35.697845 ], [ 139.75709, 35.69782 ], [ 139.757201, 35.697624 ], [ 139.757289, 35.697455 ], [ 139.757318, 35.69741 ], [ 139.757419, 35.69723 ], [ 139.757448, 35.697178 ], [ 139.757645, 35.696815 ], [ 139.757826, 35.696502 ], [ 139.757855, 35.696455 ], [ 139.757923, 35.696257 ], [ 139.758024, 35.695956 ] ] ] } },
{ "type": "Feature", "properties": { "key": "千代田区|神田神保町3丁目", "ward": "千代田区", "town": "神田神保町三丁目" }, "geometry": { "type": "Polygon", "coordinates": [ [ [ 139.754977, 35.696506 ], [ 139.755022, 35.696414 ], [ 139.755025, 35.69641 ], [ 139.755148, 35.696186 ], [ 139.755323, 35.695879 ], [ 139.75554, 35.695489 ], [ 139.755552, 35.69547 ], [ 139.755699, 35.695208 ], [ 139.755752, 35.694834 ], [ 139.755825, 35.694123 ], [ 139.755986, 35.693747 ], [ 139.756051, 35.693562 ], [ 139.756098, 35.693407 ], [ 139.756112, 35.693297 ], [ 139.755833, 35.693222 ], [ 139.755785, 35.693429 ], [ 139.755736, 35.693573 ], [ 139.755664, 35.69371 ], [ 139.755518, 35.69382 ], [ 139.755336, 35.693885 ], [ 139.754958, 35.693991 ], [ 139.754366, 35.694125 ], [ 139.75436, 35.694127 ], [ 139.754156, 35.694181 ], [ 139.754074, 35.694204 ], [ 139.753745, 35.694343 ], [ 139.753588, 35.69444 ], [ 139.753302, 35.694648 ], [ 139.753182, 35.694762 ], [ 139.752997, 35.694975 ], [ 139.752939, 35.695098 ], [ 139.75282, 35.695364 ], [ 139.752773, 35.695563 ], [ 139.752769, 35.695649 ], [ 139.752769, 35.695661 ], [ 139.75265, 35.696283 ], [ 139.752558, 35.696799 ], [ 139.752565, 35.696802 ], [ 139.752568, 35.696788 ], [ 139.753193, 35.697046 ], [ 139.753197, 35.697048 ], [ 139.753615, 35.697224 ], [ 139.753974, 35.697376 ], [ 139.754412, 35.69756 ], [ 139.754515, 35.69736 ], [ 139.754728, 35.696961 ], [ 139.754977, 35.696506 ] ] ] } },
{ "type": "Feature", "properties": { "key": "千代田区|神田三崎町1丁目", "ward": "千代田区", "town": "神田三崎町一丁目" }, "geometry": { "type": "Polygon", "coordinates": [ [ [ 139.756064, 35.699822 ], [ 139.755712, 35.700515 ], [ 139.755497, 35.700914 ], [ 139.755076, 35.70172 ], [ 139.755079, 35.701736 ], [ 139.75523, 35.702116 ], [ 139.755486, 35.702064 ], [ 139.755755, 35.702009 ], [ 139.7566, 35.701801 ], [ 139.756726, 35.701358 ], [ 139.756732, 35.701336 ], [ 139.756735, 35.701324 ], [ 139.756827, 35.701006 ], [ 139.756934, 35.700656 ], [ 139.7571, 35.700115 ], [ 139.757136, 35.70009 ], [ 139.756684, 35.699984 ], [ 139.756664, 35.699977 ], [ 139.756064, 35.699822 ] ] ] } },
{ "type": "Feature", "properties": { "key": "千代田区|神田三崎町2丁目", "ward": "千代田区", "town": "神田三崎町二丁目" }, "geometry": { "type": "Polygon", "coordinates": [ [ [ 139.75359, 35.699146 ], [ 139.753264, 35.69974 ], [ 139.75308, 35.700074 ], [ 139.752838, 35.700493 ], [ 139.752599, 35.700916 ], [ 139.752409, 35.701317 ], [ 139.752157, 35.701808 ], [ 139.751872, 35.70229 ], [ 139.751819, 35.702407 ], [ 139.751839, 35.702554 ], [ 139.751895, 35.70255 ], [ 139.7529, 35.702478 ], [ 139.753426, 35.702424 ], [ 139.753765, 35.702382 ], [ 139.754263, 35.70231 ], [ 139.754483, 35.702283 ], [ 139.75523, 35.702116 ], [ 139.755079, 35.701736 ], [ 139.755076, 35.70172 ], [ 139.755497, 35.700914 ], [ 139.755712, 35.700515 ], [ 139.756064, 35.699822 ], [ 139.755578, 35.699683 ], [ 139.755242, 35.699593 ], [ 139.754929, 35.699508 ], [ 139.754687, 35.699444 ], [ 139.754157, 35.699301 ], [ 139.75359, 35.699146 ] ] ] } },
{ "type": "Feature", "properties": { "key": "千代田区|神田三崎町3丁目", "ward": "千代田区", "town": "神田三崎町三丁目" }, "geometry": { "type": "Polygon", "coordinates": [ [ [ 139.752204, 35.698766 ], [ 139.752195, 35.698778 ], [ 139.75214, 35.698893 ], [ 139.752026, 35.699082 ], [ 139.751742, 35.699602 ], [ 139.751412, 35.700203 ], [ 139.751269, 35.70046 ], [ 139.751116, 35.70075 ], [ 139.750983, 35.700977 ], [ 139.750737, 35.701437 ], [ 139.750751, 35.701572 ], [ 139.750783, 35.701942 ], [ 139.750815, 35.702331 ], [ 139.750842, 35.702629 ], [ 139.751839, 35.702554 ], [ 139.751819, 35.702407 ], [ 139.751872, 35.70229 ], [ 139.752157, 35.701808 ], [ 139.752409, 35.701317 ], [ 139.752599, 35.700916 ], [ 139.752838, 35.700493 ], [ 139.75308, 35.700074 ], [ 139.753264, 35.69974 ], [ 139.75359, 35.699146 ], [ 139.75311, 35.699013 ], [ 139.752524, 35.698855 ], [ 139.752496, 35.698849 ], [ 139.752204, 35.698766 ] ] ] } },
{ "type": "Feature", "properties": { "key": "千代田区|西神田1丁目", "ward": "千代田区", "town": "西神田一丁目" }, "geometry": { "type": "Polygon", "coordinates": [ [ [ 139.756752, 35.698529 ], [ 139.756436, 35.69911 ], [ 139.756064, 35.699822 ], [ 139.756664, 35.699977 ], [ 139.756684, 35.699984 ], [ 139.757136, 35.70009 ], [ 139.757386, 35.699829 ], [ 139.757535, 35.699673 ], [ 139.757641, 35.699564 ], [ 139.758091, 35.699101 ], [ 139.758119, 35.699072 ], [ 139.75789, 35.698984 ], [ 139.757512, 35.698832 ], [ 139.757476, 35.698819 ], [ 139.757278, 35.698744 ], [ 139.756752, 35.698529 ] ] ] } },
{ "type": "Feature", "properties": { "key": "千代田区|西神田2丁目", "ward": "千代田区", "town": "西神田二丁目" }, "geometry": { "type": "Polygon", "coordinates": [ [ [ 139.754445, 35.697575 ], [ 139.754029, 35.698352 ], [ 139.753827, 35.698713 ], [ 139.75359, 35.699146 ], [ 139.754157, 35.699301 ], [ 139.754687, 35.699444 ], [ 139.754929, 35.699508 ], [ 139.755242, 35.699593 ], [ 139.755578, 35.699683 ], [ 139.756064, 35.699822 ], [ 139.756436, 35.69911 ], [ 139.756752, 35.698529 ], [ 139.756707, 35.69851 ], [ 139.756418, 35.698394 ], [ 139.756217, 35.69831 ], [ 139.755916, 35.698187 ], [ 139.755671, 35.698092 ], [ 139.755069, 35.697836 ], [ 139.755047, 35.697829 ], [ 139.754445, 35.697575 ] ] ] } },
{ "type": "Feature", "properties": { "key": "千代田区|西神田3丁目", "ward": "千代田区", "town": "西神田三丁目" }, "geometry": { "type": "Polygon", "coordinates": [ [ [ 139.754445, 35.697575 ], [ 139.754412, 35.69756 ], [ 139.753974, 35.697376 ], [ 139.753615, 35.697224 ], [ 139.753197, 35.697048 ], [ 139.753193, 35.697046 ], [ 139.752568, 35.696788 ], [ 139.752565, 35.696802 ], [ 139.752524, 35.696895 ], [ 139.752345, 35.697904 ], [ 139.75236, 35.697901 ], [ 139.752204, 35.698766 ], [ 139.752496, 35.698849 ], [ 139.752524, 35.698855 ], [ 139.75311, 35.699013 ], [ 139.75359, 35.699146 ], [ 139.753827, 35.698713 ], [ 139.754029, 35.698352 ], [ 139.754445, 35.697575 ] ] ] } },
{ "type": "Feature", "properties": { "key": "千代田区|神田猿楽町1丁目", "ward": "千代田区", "town": "神田猿楽町一丁目" }, "geometry": { "type": "Polygon", "coordinates": [ [ [ 139.760068, 35.699379 ], [ 139.760352, 35.699126 ], [ 139.760525, 35.698987 ], [ 139.760876, 35.698786 ], [ 139.760919, 35.698566 ], [ 139.760883, 35.69834 ], [ 139.760846, 35.698055 ], [ 139.760814, 35.697742 ], [ 139.760725, 35.697492 ], [ 139.760672, 35.697212 ], [ 139.760715, 35.697036 ], [ 139.760685, 35.696897 ], [ 139.760028, 35.696731 ], [ 139.75997, 35.696691 ], [ 139.759961, 35.696701 ], [ 139.759921, 35.696747 ], [ 139.759787, 35.696932 ], [ 139.759604, 35.697185 ], [ 139.759393, 35.697492 ], [ 139.759388, 35.697499 ], [ 139.759157, 35.697835 ], [ 139.759103, 35.697912 ], [ 139.759026, 35.69802 ], [ 139.758858, 35.698269 ], [ 139.758719, 35.698437 ], [ 139.759196, 35.698667 ], [ 139.759672, 35.698901 ], [ 139.759281, 35.699189 ], [ 139.759509, 35.699422 ], [ 139.759595, 35.699519 ], [ 139.759622, 35.699494 ], [ 139.759729, 35.699611 ], [ 139.760068, 35.699379 ] ] ] } },
{ "type": "Feature", "properties": { "key": "千代田区|神田猿楽町2丁目", "ward": "千代田区", "town": "神田猿楽町二丁目" }, "geometry": { "type": "Polygon", "coordinates": [ [ [ 139.758468, 35.700533 ], [ 139.758532, 35.700534 ], [ 139.758655, 35.70041 ], [ 139.758684, 35.700424 ], [ 139.758834, 35.700404 ], [ 139.758911, 35.700455 ], [ 139.758944, 35.700424 ], [ 139.75932, 35.700066 ], [ 139.759568, 35.69991 ], [ 139.759871, 35.699753 ], [ 139.759746, 35.699628 ], [ 139.759729, 35.699611 ], [ 139.759622, 35.699494 ], [ 139.759595, 35.699519 ], [ 139.759509, 35.699422 ], [ 139.759281, 35.699189 ], [ 139.759672, 35.698901 ], [ 139.759196, 35.698667 ], [ 139.758719, 35.698437 ], [ 139.758712, 35.698445 ], [ 139.758427, 35.69876 ], [ 139.758119, 35.699072 ], [ 139.758091, 35.699101 ], [ 139.757641, 35.699564 ], [ 139.757535, 35.699673 ], [ 139.757386, 35.699829 ], [ 139.757136, 35.70009 ], [ 139.7571, 35.700115 ], [ 139.756934, 35.700656 ], [ 139.756827, 35.701006 ], [ 139.756735, 35.701324 ], [ 139.757012, 35.701237 ], [ 139.757015, 35.70122 ], [ 139.757186, 35.701114 ], [ 139.757556, 35.701036 ], [ 139.75768, 35.701001 ], [ 139.757792, 35.700949 ], [ 139.758131, 35.700897 ], [ 139.758468, 35.700533 ] ] ] } },
{ "type": "Feature", "properties": { "key": "千代田区|神田駿河台1丁目", "ward": "千代田区", "town": "神田駿河台一丁目" }, "geometry": { "type": "Polygon", "coordinates": [ [ [ 139.763367, 35.696625 ], [ 139.763191, 35.696262 ], [ 139.763162, 35.696264 ], [ 139.762863, 35.696373 ], [ 139.762835, 35.696383 ], [ 139.762637, 35.696455 ], [ 139.762584, 35.696475 ], [ 139.762301, 35.696576 ], [ 139.762229, 35.696602 ], [ 139.761688, 35.696799 ], [ 139.761676, 35.696804 ], [ 139.761589, 35.696845 ], [ 139.761256, 35.696901 ], [ 139.761001, 35.696892 ], [ 139.760715, 35.697036 ], [ 139.760672, 35.697212 ], [ 139.760725, 35.697492 ], [ 139.760814, 35.697742 ], [ 139.760846, 35.698055 ], [ 139.760883, 35.69834 ], [ 139.760919, 35.698566 ], [ 139.760876, 35.698786 ], [ 139.760525, 35.698987 ], [ 139.760352, 35.699126 ], [ 139.760068, 35.699379 ], [ 139.759729, 35.699611 ], [ 139.759746, 35.699628 ], [ 139.759871, 35.699753 ], [ 139.7611, 35.699323 ], [ 139.761511, 35.699183 ], [ 139.761722, 35.69911 ], [ 139.762765, 35.69875 ], [ 139.76289, 35.698707 ], [ 139.763265, 35.698577 ], [ 139.763311, 35.698561 ], [ 139.763765, 35.698404 ], [ 139.763887, 35.698361 ], [ 139.764169, 35.698264 ], [ 139.764028, 35.697971 ], [ 139.763685, 35.697258 ], [ 139.763678, 35.697241 ], [ 139.763367, 35.696625 ] ] ] } },
{ "type": "Feature", "properties": { "key": "千代田区|神田駿河台2丁目", "ward": "千代田区", "town": "神田駿河台二丁目" }, "geometry": { "type": "Polygon", "coordinates": [ [ [ 139.757688, 35.701573 ], [ 139.758629, 35.701578 ], [ 139.759576, 35.701586 ], [ 139.760112, 35.701593 ], [ 139.760747, 35.701592 ], [ 139.761096, 35.701569 ], [ 139.761579, 35.701499 ], [ 139.761844, 35.701436 ], [ 139.762072, 35.701336 ], [ 139.762268, 35.701201 ], [ 139.762284, 35.701225 ], [ 139.762489, 35.701042 ], [ 139.762688, 35.700792 ], [ 139.762778, 35.700654 ], [ 139.762941, 35.700502 ], [ 139.763337, 35.700301 ], [ 139.763553, 35.700217 ], [ 139.76383, 35.700121 ], [ 139.764055, 35.700138 ], [ 139.764505, 35.700013 ], [ 139.765, 35.699885 ], [ 139.764711, 35.699335 ], [ 139.764528, 35.698981 ], [ 139.764383, 35.698673 ], [ 139.764379, 35.698667 ], [ 139.764169, 35.698264 ], [ 139.763887, 35.698361 ], [ 139.763765, 35.698404 ], [ 139.763311, 35.698561 ], [ 139.763265, 35.698577 ], [ 139.76289, 35.698707 ], [ 139.762765, 35.69875 ], [ 139.761722, 35.69911 ], [ 139.761511, 35.699183 ], [ 139.7611, 35.699323 ], [ 139.759871, 35.699753 ], [ 139.759568, 35.69991 ], [ 139.75932, 35.700066 ], [ 139.758944, 35.700424 ], [ 139.758911, 35.700455 ], [ 139.758834, 35.700404 ], [ 139.758684, 35.700424 ], [ 139.758655, 35.70041 ], [ 139.758532, 35.700534 ], [ 139.758468, 35.700533 ], [ 139.758131, 35.700897 ], [ 139.757792, 35.700949 ], [ 139.75768, 35.701001 ], [ 139.757556, 35.701036 ], [ 139.757186, 35.701114 ], [ 139.757015, 35.70122 ], [ 139.757012, 35.701237 ], [ 139.756735, 35.701324 ], [ 139.756732, 35.701336 ], [ 139.756726, 35.701358 ], [ 139.7566, 35.701801 ], [ 139.756872, 35.701726 ], [ 139.75763, 35.701575 ], [ 139.757688, 35.701573 ] ] ] } },
{ "type": "Feature", "properties": { "key": "千代田区|神田駿河台3丁目", "ward": "千代田区", "town": "神田駿河台三丁目" }, "geometry": { "type": "Polygon", "coordinates": [ [ [ 139.765484, 35.695492 ], [ 139.765156, 35.695618 ], [ 139.765055, 35.695601 ], [ 139.765053, 35.695612 ], [ 139.764461, 35.695595 ], [ 139.764058, 35.695579 ], [ 139.764047, 35.69558 ], [ 139.763734, 35.695569 ], [ 139.763726, 35.695569 ], [ 139.763429, 35.695572 ], [ 139.763391, 35.696189 ], [ 139.763356, 35.696191 ], [ 139.763191, 35.696262 ], [ 139.763367, 35.696625 ], [ 139.763678, 35.697241 ], [ 139.763685, 35.697258 ], [ 139.764028, 35.697971 ], [ 139.765653, 35.69742 ], [ 139.766308, 35.697196 ], [ 139.765943, 35.696606 ], [ 139.766034, 35.696564 ], [ 139.765733, 35.695978 ], [ 139.765484, 35.695492 ] ] ] } },
{ "type": "Feature", "properties": { "key": "千代田区|神田駿河台4丁目", "ward": "千代田区", "town": "神田駿河台四丁目" }, "geometry": { "type": "Polygon", "coordinates": [ [ [ 139.767114, 35.698159 ], [ 139.766908, 35.698189 ], [ 139.766764, 35.697952 ], [ 139.766709, 35.697863 ], [ 139.766486, 35.697492 ], [ 139.766308, 35.697196 ], [ 139.765653, 35.69742 ], [ 139.764028, 35.697971 ], [ 139.764169, 35.698264 ], [ 139.764379, 35.698667 ], [ 139.764383, 35.698673 ], [ 139.764528, 35.698981 ], [ 139.764711, 35.699335 ], [ 139.765, 35.699885 ], [ 139.765404, 35.699778 ], [ 139.765519, 35.699746 ], [ 139.7664, 35.69952 ], [ 139.766551, 35.699481 ], [ 139.766972, 35.69934 ], [ 139.767217, 35.699241 ], [ 139.767486, 35.699103 ], [ 139.767343, 35.698751 ], [ 139.767114, 35.698159 ] ] ] } },
{ "type": "Feature", "properties": { "key": "千代田区|神田錦町1丁目", "ward": "千代田区", "town": "神田錦町一丁目" }, "geometry": { "type": "Polygon", "coordinates": [ [ [ 139.764199, 35.689267 ], [ 139.76396, 35.689393 ], [ 139.763733, 35.689547 ], [ 139.763502, 35.689753 ], [ 139.763327, 35.689893 ], [ 139.763175, 35.690042 ], [ 139.763321, 35.690767 ], [ 139.763377, 35.691042 ], [ 139.763427, 35.691292 ], [ 139.76344, 35.691355 ], [ 139.763445, 35.691381 ], [ 139.763464, 35.69148 ], [ 139.763478, 35.691555 ], [ 139.763503, 35.69169 ], [ 139.763544, 35.691916 ], [ 139.763577, 35.692104 ], [ 139.763662, 35.692577 ], [ 139.763771, 35.693183 ], [ 139.763824, 35.693486 ], [ 139.763863, 35.693701 ], [ 139.763905, 35.693944 ], [ 139.764603, 35.693891 ], [ 139.765082, 35.693853 ], [ 139.765128, 35.693838 ], [ 139.765064, 35.693585 ], [ 139.765046, 35.693575 ], [ 139.764934, 35.693046 ], [ 139.764856, 35.69273 ], [ 139.764807, 35.692447 ], [ 139.764795, 35.692435 ], [ 139.764703, 35.691944 ], [ 139.764643, 35.691632 ], [ 139.764626, 35.691545 ], [ 139.764549, 35.691215 ], [ 139.764518, 35.690916 ], [ 139.764484, 35.690879 ], [ 139.764436, 35.690593 ], [ 139.764357, 35.690229 ], [ 139.764337, 35.690137 ], [ 139.764369, 35.690077 ], [ 139.764199, 35.689267 ] ] ] } },
{ "type": "Feature", "properties": { "key": "千代田区|神田錦町2丁目", "ward": "千代田区", "town": "神田錦町二丁目" }, "geometry": { "type": "Polygon", "coordinates": [ [ [ 139.763175, 35.690042 ], [ 139.763144, 35.690072 ], [ 139.763019, 35.690135 ], [ 139.762808, 35.690199 ], [ 139.762288, 35.690318 ], [ 139.762046, 35.690378 ], [ 139.762206, 35.691204 ], [ 139.762273, 35.691522 ], [ 139.762331, 35.691834 ], [ 139.762414, 35.69224 ], [ 139.762518, 35.692729 ], [ 139.762568, 35.693044 ], [ 139.762616, 35.693312 ], [ 139.762732, 35.693825 ], [ 139.762776, 35.69405 ], [ 139.76278, 35.694077 ], [ 139.763879, 35.693984 ], [ 139.763876, 35.693946 ], [ 139.763905, 35.693944 ], [ 139.763863, 35.693701 ], [ 139.763824, 35.693486 ], [ 139.763771, 35.693183 ], [ 139.763662, 35.692577 ], [ 139.763577, 35.692104 ], [ 139.763544, 35.691916 ], [ 139.763503, 35.69169 ], [ 139.763478, 35.691555 ], [ 139.763464, 35.69148 ], [ 139.763445, 35.691381 ], [ 139.76344, 35.691355 ], [ 139.763427, 35.691292 ], [ 139.763377, 35.691042 ], [ 139.763321, 35.690767 ], [ 139.763175, 35.690042 ] ] ] } },
{ "type": "Feature", "properties": { "key": "千代田区|神田錦町3丁目", "ward": "千代田区", "town": "神田錦町三丁目" }, "geometry": { "type": "Polygon", "coordinates": [ [ [ 139.762616, 35.693312 ], [ 139.762568, 35.693044 ], [ 139.762518, 35.692729 ], [ 139.762414, 35.69224 ], [ 139.762331, 35.691834 ], [ 139.762273, 35.691522 ], [ 139.762206, 35.691204 ], [ 139.762046, 35.690378 ], [ 139.761844, 35.690475 ], [ 139.761572, 35.690743 ], [ 139.761201, 35.691044 ], [ 139.760949, 35.69118 ], [ 139.760867, 35.691211 ], [ 139.760811, 35.691232 ], [ 139.760531, 35.691274 ], [ 139.760207, 35.691271 ], [ 139.759678, 35.691273 ], [ 139.759161, 35.691264 ], [ 139.758928, 35.691268 ], [ 139.758954, 35.691558 ], [ 139.75897, 35.691661 ], [ 139.758874, 35.692235 ], [ 139.758753, 35.692826 ], [ 139.758745, 35.692866 ], [ 139.758545, 35.693806 ], [ 139.758538, 35.693835 ], [ 139.75903, 35.693832 ], [ 139.7591, 35.693831 ], [ 139.759648, 35.693827 ], [ 139.759659, 35.693827 ], [ 139.760219, 35.693824 ], [ 139.760227, 35.693824 ], [ 139.760654, 35.693818 ], [ 139.760667, 35.693818 ], [ 139.761113, 35.69382 ], [ 139.761125, 35.693842 ], [ 139.761596, 35.693836 ], [ 139.76213, 35.693827 ], [ 139.762732, 35.693825 ], [ 139.762616, 35.693312 ] ] ] } },
{ "type": "Feature", "properties": { "key": "千代田区|神田小川町1丁目", "ward": "千代田区", "town": "神田小川町一丁目" }, "geometry": { "type": "Polygon", "coordinates": [ [ [ 139.767036, 35.69524 ], [ 139.767265, 35.695332 ], [ 139.767429, 35.695398 ], [ 139.767448, 35.695397 ], [ 139.767442, 35.694816 ], [ 139.767441, 35.694764 ], [ 139.767449, 35.694438 ], [ 139.766963, 35.694282 ], [ 139.766425, 35.694127 ], [ 139.766, 35.694039 ], [ 139.765971, 35.694033 ], [ 139.765263, 35.693835 ], [ 139.765316, 35.694143 ], [ 139.765321, 35.694185 ], [ 139.765242, 35.694583 ], [ 139.765166, 35.694933 ], [ 139.765174, 35.695046 ], [ 139.765112, 35.695335 ], [ 139.765055, 35.695601 ], [ 139.765156, 35.695618 ], [ 139.765484, 35.695492 ], [ 139.765565, 35.695461 ], [ 139.765601, 35.695449 ], [ 139.765648, 35.695229 ], [ 139.765679, 35.69524 ], [ 139.766141, 35.69542 ], [ 139.766252, 35.695457 ], [ 139.766273, 35.695465 ], [ 139.766551, 35.695568 ], [ 139.76679, 35.695664 ], [ 139.767036, 35.69524 ] ] ] } },
{ "type": "Feature", "properties": { "key": "千代田区|神田小川町2丁目", "ward": "千代田区", "town": "神田小川町二丁目" }, "geometry": { "type": "Polygon", "coordinates": [ [ [ 139.765112, 35.695335 ], [ 139.765174, 35.695046 ], [ 139.765166, 35.694933 ], [ 139.765242, 35.694583 ], [ 139.765321, 35.694185 ], [ 139.765316, 35.694143 ], [ 139.765263, 35.693835 ], [ 139.765128, 35.693838 ], [ 139.765082, 35.693853 ], [ 139.764603, 35.693891 ], [ 139.763905, 35.693944 ], [ 139.763876, 35.693946 ], [ 139.763879, 35.693984 ], [ 139.76278, 35.694077 ], [ 139.76285, 35.694392 ], [ 139.762856, 35.694416 ], [ 139.763464, 35.69438 ], [ 139.763497, 35.694376 ], [ 139.763473, 35.694866 ], [ 139.763472, 35.694879 ], [ 139.763429, 35.695572 ], [ 139.763726, 35.695569 ], [ 139.763734, 35.695569 ], [ 139.764047, 35.69558 ], [ 139.764058, 35.695579 ], [ 139.764461, 35.695595 ], [ 139.765053, 35.695612 ], [ 139.765055, 35.695601 ], [ 139.765112, 35.695335 ] ] ] } },
{ "type": "Feature", "properties": { "key": "千代田区|神田小川町3丁目", "ward": "千代田区", "town": "神田小川町三丁目" }, "geometry": { "type": "Polygon", "coordinates": [ [ [ 139.761001, 35.696892 ], [ 139.761256, 35.696901 ], [ 139.761589, 35.696845 ], [ 139.761676, 35.696804 ], [ 139.761688, 35.696799 ], [ 139.762229, 35.696602 ], [ 139.762301, 35.696576 ], [ 139.762584, 35.696475 ], [ 139.762637, 35.696455 ], [ 139.762835, 35.696383 ], [ 139.762863, 35.696373 ], [ 139.763162, 35.696264 ], [ 139.763191, 35.696262 ], [ 139.763356, 35.696191 ], [ 139.763391, 35.696189 ], [ 139.763429, 35.695572 ], [ 139.763472, 35.694879 ], [ 139.763473, 35.694866 ], [ 139.763497, 35.694376 ], [ 139.763464, 35.69438 ], [ 139.762856, 35.694416 ], [ 139.76285, 35.694392 ], [ 139.76278, 35.694077 ], [ 139.762776, 35.69405 ], [ 139.762732, 35.693825 ], [ 139.76213, 35.693827 ], [ 139.761596, 35.693836 ], [ 139.761125, 35.693842 ], [ 139.761149, 35.694133 ], [ 139.761173, 35.694401 ], [ 139.761179, 35.694469 ], [ 139.761197, 35.694651 ], [ 139.761211, 35.694779 ], [ 139.761226, 35.694923 ], [ 139.761248, 35.695135 ], [ 139.761275, 35.695439 ], [ 139.761282, 35.695517 ], [ 139.761267, 35.695528 ], [ 139.760988, 35.695734 ], [ 139.760612, 35.695987 ], [ 139.760556, 35.696018 ], [ 139.760527, 35.696057 ], [ 139.760475, 35.696116 ], [ 139.760106, 35.696537 ], [ 139.75997, 35.696691 ], [ 139.760028, 35.696731 ], [ 139.760685, 35.696897 ], [ 139.760715, 35.697036 ], [ 139.761001, 35.696892 ] ] ] } },
{ "type": "Feature", "properties": { "key": "千代田区|神田美土代町", "ward": "千代田区", "town": "神田美土代町" }, "geometry": { "type": "Polygon", "coordinates": [ [ [ 139.766342, 35.693452 ], [ 139.766336, 35.693432 ], [ 139.766238, 35.692872 ], [ 139.7662, 35.692644 ], [ 139.766122, 35.69233 ], [ 139.765511, 35.692372 ], [ 139.764807, 35.692447 ], [ 139.764856, 35.69273 ], [ 139.764934, 35.693046 ], [ 139.765046, 35.693575 ], [ 139.765064, 35.693585 ], [ 139.765128, 35.693838 ], [ 139.765263, 35.693835 ], [ 139.765971, 35.694033 ], [ 139.766, 35.694039 ], [ 139.766425, 35.694127 ], [ 139.766401, 35.693857 ], [ 139.766342, 35.693452 ] ] ] } },
{ "type": "Feature", "properties": { "key": "千代田区|内神田1丁目", "ward": "千代田区", "town": "内神田一丁目" }, "geometry": { "type": "Polygon", "coordinates": [ [ [ 139.766692, 35.688853 ], [ 139.765107, 35.689128 ], [ 139.764199, 35.689267 ], [ 139.764369, 35.690077 ], [ 139.764337, 35.690137 ], [ 139.764357, 35.690229 ], [ 139.764436, 35.690593 ], [ 139.764484, 35.690879 ], [ 139.764518, 35.690916 ], [ 139.764549, 35.691215 ], [ 139.764626, 35.691545 ], [ 139.764643, 35.691632 ], [ 139.764703, 35.691944 ], [ 139.764795, 35.692435 ], [ 139.764807, 35.692447 ], [ 139.765511, 35.692372 ], [ 139.766122, 35.69233 ], [ 139.766583, 35.692258 ], [ 139.766961, 35.692248 ], [ 139.767052, 35.69223 ], [ 139.767425, 35.692185 ], [ 139.767318, 35.691726 ], [ 139.767224, 35.69128 ], [ 139.767088, 35.690638 ], [ 139.767037, 35.690402 ], [ 139.766962, 35.690051 ], [ 139.766937, 35.689977 ], [ 139.766842, 35.689572 ], [ 139.766692, 35.688853 ] ] ] } },
{ "type": "Feature", "properties": { "key": "千代田区|内神田2丁目", "ward": "千代田区", "town": "内神田二丁目" }, "geometry": { "type": "Polygon", "coordinates": [ [ [ 139.769096, 35.692142 ], [ 139.769061, 35.691845 ], [ 139.76902, 35.691547 ], [ 139.768991, 35.691126 ], [ 139.768969, 35.690886 ], [ 139.768924, 35.690437 ], [ 139.768869, 35.690125 ], [ 139.7688, 35.689761 ], [ 139.768757, 35.689477 ], [ 139.768437, 35.689259 ], [ 139.768633, 35.68903 ], [ 139.768795, 35.688837 ], [ 139.768128, 35.688603 ], [ 139.768135, 35.688595 ], [ 139.766692, 35.688853 ], [ 139.766842, 35.689572 ], [ 139.766937, 35.689977 ], [ 139.766962, 35.690051 ], [ 139.767037, 35.690402 ], [ 139.767088, 35.690638 ], [ 139.767224, 35.69128 ], [ 139.767318, 35.691726 ], [ 139.767425, 35.692185 ], [ 139.76761, 35.692167 ], [ 139.76815, 35.692307 ], [ 139.768401, 35.692388 ], [ 139.768994, 35.692535 ], [ 139.769096, 35.692142 ] ] ] } },
{ "type": "Feature", "properties": { "key": "千代田区|内神田3丁目", "ward": "千代田区", "town": "内神田三丁目" }, "geometry": { "type": "Polygon", "coordinates": [ [ [ 139.768795, 35.688837 ], [ 139.768633, 35.68903 ], [ 139.768437, 35.689259 ], [ 139.768757, 35.689477 ], [ 139.7688, 35.689761 ], [ 139.768869, 35.690125 ], [ 139.768924, 35.690437 ], [ 139.768969, 35.690886 ], [ 139.768991, 35.691126 ], [ 139.76902, 35.691547 ], [ 139.769061, 35.691845 ], [ 139.769096, 35.692142 ], [ 139.768994, 35.692535 ], [ 139.76929, 35.692626 ], [ 139.769733, 35.692741 ], [ 139.77024, 35.692876 ], [ 139.770642, 35.692985 ], [ 139.771079, 35.693094 ], [ 139.771327, 35.693156 ], [ 139.771172, 35.692887 ], [ 139.770915, 35.692442 ], [ 139.770641, 35.691897 ], [ 139.770523, 35.691613 ], [ 139.770371, 35.691218 ], [ 139.770365, 35.691146 ], [ 139.770299, 35.69083 ], [ 139.770184, 35.690482 ], [ 139.770166, 35.690386 ], [ 139.770144, 35.69036 ], [ 139.769762, 35.689424 ], [ 139.769752, 35.689399 ], [ 139.769747, 35.689388 ], [ 139.769651, 35.689153 ], [ 139.769637, 35.689124 ], [ 139.768806, 35.688841 ], [ 139.768795, 35.688837 ] ] ] } },
{ "type": "Feature", "properties": { "key": "千代田区|神田司町2丁目", "ward": "千代田区", "town": "神田司町二丁目" }, "geometry": { "type": "Polygon", "coordinates": [ [ [ 139.76761, 35.692167 ], [ 139.767425, 35.692185 ], [ 139.767052, 35.69223 ], [ 139.766961, 35.692248 ], [ 139.766583, 35.692258 ], [ 139.766122, 35.69233 ], [ 139.7662, 35.692644 ], [ 139.766238, 35.692872 ], [ 139.766336, 35.693432 ], [ 139.766342, 35.693452 ], [ 139.766401, 35.693857 ], [ 139.766425, 35.694127 ], [ 139.766963, 35.694282 ], [ 139.767449, 35.694438 ], [ 139.767759, 35.694561 ], [ 139.768359, 35.694799 ], [ 139.768405, 35.694406 ], [ 139.768428, 35.694199 ], [ 139.76843, 35.694189 ], [ 139.768522, 35.693665 ], [ 139.76867, 35.69329 ], [ 139.768994, 35.692535 ], [ 139.768401, 35.692388 ], [ 139.76815, 35.692307 ], [ 139.76761, 35.692167 ] ] ] } },
{ "type": "Feature", "properties": { "key": "千代田区|神田多町2丁目", "ward": "千代田区", "town": "神田多町二丁目" }, "geometry": { "type": "Polygon", "coordinates": [ [ [ 139.768994, 35.692535 ], [ 139.76867, 35.69329 ], [ 139.768522, 35.693665 ], [ 139.76843, 35.694189 ], [ 139.768428, 35.694199 ], [ 139.768405, 35.694406 ], [ 139.768359, 35.694799 ], [ 139.768367, 35.694804 ], [ 139.768815, 35.694987 ], [ 139.768821, 35.69499 ], [ 139.769096, 35.695068 ], [ 139.769305, 35.695127 ], [ 139.769379, 35.694952 ], [ 139.769454, 35.694773 ], [ 139.769546, 35.694535 ], [ 139.769549, 35.694512 ], [ 139.769768, 35.694031 ], [ 139.769771, 35.694024 ], [ 139.769908, 35.69368 ], [ 139.769951, 35.693572 ], [ 139.77024, 35.692876 ], [ 139.769733, 35.692741 ], [ 139.76929, 35.692626 ], [ 139.768994, 35.692535 ] ] ] } },
{ "type": "Feature", "properties": { "key": "千代田区|神田淡路町1丁目", "ward": "千代田区", "town": "神田淡路町一丁目" }, "geometry": { "type": "Polygon", "coordinates": [ [ [ 139.767423, 35.695981 ], [ 139.767503, 35.695991 ], [ 139.76792, 35.696159 ], [ 139.767991, 35.696012 ], [ 139.768152, 35.69568 ], [ 139.767909, 35.695573 ], [ 139.767448, 35.695397 ], [ 139.767429, 35.695398 ], [ 139.767265, 35.695332 ], [ 139.767036, 35.69524 ], [ 139.76679, 35.695664 ], [ 139.766551, 35.695568 ], [ 139.766273, 35.695465 ], [ 139.766252, 35.695457 ], [ 139.766141, 35.69542 ], [ 139.765679, 35.69524 ], [ 139.765648, 35.695229 ], [ 139.765601, 35.695449 ], [ 139.765565, 35.695461 ], [ 139.765484, 35.695492 ], [ 139.765733, 35.695978 ], [ 139.766034, 35.696564 ], [ 139.766156, 35.696511 ], [ 139.766474, 35.696366 ], [ 139.766628, 35.696288 ], [ 139.76686, 35.696182 ], [ 139.767008, 35.696111 ], [ 139.767271, 35.69599 ], [ 139.767396, 35.69599 ], [ 139.767423, 35.695981 ] ] ] } },
{ "type": "Feature", "properties": { "key": "千代田区|神田淡路町2丁目", "ward": "千代田区", "town": "神田淡路町二丁目" }, "geometry": { "type": "Polygon", "coordinates": [ [ [ 139.768657, 35.698115 ], [ 139.769223, 35.697585 ], [ 139.76892, 35.697179 ], [ 139.768891, 35.697137 ], [ 139.768726, 35.696888 ], [ 139.76872, 35.69688 ], [ 139.768577, 35.696678 ], [ 139.768384, 35.696405 ], [ 139.768338, 35.696328 ], [ 139.768065, 35.696213 ], [ 139.76792, 35.696159 ], [ 139.767503, 35.695991 ], [ 139.767423, 35.695981 ], [ 139.767396, 35.69599 ], [ 139.767271, 35.69599 ], [ 139.767008, 35.696111 ], [ 139.76686, 35.696182 ], [ 139.766628, 35.696288 ], [ 139.766474, 35.696366 ], [ 139.766156, 35.696511 ], [ 139.766034, 35.696564 ], [ 139.765943, 35.696606 ], [ 139.766308, 35.697196 ], [ 139.766486, 35.697492 ], [ 139.766709, 35.697863 ], [ 139.766764, 35.697952 ], [ 139.766908, 35.698189 ], [ 139.767114, 35.698159 ], [ 139.767343, 35.698751 ], [ 139.767486, 35.699103 ], [ 139.767875, 35.698908 ], [ 139.768378, 35.698635 ], [ 139.768828, 35.698375 ], [ 139.768657, 35.698115 ] ] ] } },
{ "type": "Feature", "properties": { "key": "千代田区|神田須田町1丁目", "ward": "千代田区", "town": "神田須田町一丁目" }, "geometry": { "type": "Polygon", "coordinates": [ [ [ 139.771575, 35.694976 ], [ 139.771564, 35.694533 ], [ 139.771563, 35.694518 ], [ 139.771251, 35.69443 ], [ 139.771248, 35.694435 ], [ 139.770644, 35.694275 ], [ 139.770635, 35.694259 ], [ 139.770176, 35.694145 ], [ 139.770171, 35.694146 ], [ 139.769768, 35.694031 ], [ 139.769549, 35.694512 ], [ 139.769546, 35.694535 ], [ 139.769454, 35.694773 ], [ 139.769379, 35.694952 ], [ 139.769305, 35.695127 ], [ 139.769096, 35.695068 ], [ 139.768821, 35.69499 ], [ 139.768815, 35.694987 ], [ 139.768367, 35.694804 ], [ 139.768359, 35.694799 ], [ 139.767759, 35.694561 ], [ 139.767449, 35.694438 ], [ 139.767441, 35.694764 ], [ 139.767442, 35.694816 ], [ 139.767448, 35.695397 ], [ 139.767909, 35.695573 ], [ 139.768152, 35.69568 ], [ 139.767991, 35.696012 ], [ 139.76792, 35.696159 ], [ 139.768065, 35.696213 ], [ 139.768338, 35.696328 ], [ 139.768384, 35.696405 ], [ 139.768577, 35.696678 ], [ 139.76872, 35.69688 ], [ 139.768726, 35.696888 ], [ 139.768891, 35.697137 ], [ 139.76892, 35.697179 ], [ 139.769223, 35.697585 ], [ 139.768657, 35.698115 ], [ 139.768828, 35.698375 ], [ 139.768882, 35.698342 ], [ 139.769602, 35.697905 ], [ 139.769825, 35.697773 ], [ 139.769859, 35.697752 ], [ 139.769934, 35.697703 ], [ 139.770966, 35.697077 ], [ 139.770963, 35.69707 ], [ 139.770846, 35.69679 ], [ 139.770783, 35.696641 ], [ 139.770753, 35.696565 ], [ 139.770953, 35.696367 ], [ 139.771052, 35.696259 ], [ 139.771192, 35.696066 ], [ 139.771316, 35.695853 ], [ 139.771358, 35.695756 ], [ 139.771372, 35.695729 ], [ 139.771492, 35.695429 ], [ 139.771528, 35.695309 ], [ 139.77156, 35.695146 ], [ 139.771575, 35.694976 ] ] ] } },
{ "type": "Feature", "properties": { "key": "千代田区|神田須田町2丁目", "ward": "千代田区", "town": "神田須田町二丁目" }, "geometry": { "type": "Polygon", "coordinates": [ [ [ 139.772458, 35.696966 ], [ 139.772684, 35.696967 ], [ 139.772683, 35.696951 ], [ 139.772811, 35.69695 ], [ 139.773689, 35.696943 ], [ 139.774425, 35.696934 ], [ 139.774808, 35.696914 ], [ 139.774788, 35.696582 ], [ 139.774711, 35.696575 ], [ 139.774703, 35.696541 ], [ 139.774699, 35.696525 ], [ 139.774686, 35.696112 ], [ 139.774665, 35.69559 ], [ 139.774663, 35.695559 ], [ 139.774648, 35.695353 ], [ 139.773632, 35.695081 ], [ 139.77358, 35.69507 ], [ 139.773011, 35.694919 ], [ 139.772466, 35.694767 ], [ 139.772087, 35.694661 ], [ 139.771564, 35.694533 ], [ 139.771575, 35.694976 ], [ 139.77156, 35.695146 ], [ 139.771528, 35.695309 ], [ 139.771492, 35.695429 ], [ 139.771372, 35.695729 ], [ 139.771358, 35.695756 ], [ 139.771316, 35.695853 ], [ 139.771192, 35.696066 ], [ 139.771052, 35.696259 ], [ 139.770953, 35.696367 ], [ 139.770753, 35.696565 ], [ 139.770783, 35.696641 ], [ 139.770846, 35.69679 ], [ 139.770963, 35.69707 ], [ 139.770967, 35.697067 ], [ 139.77168, 35.696996 ], [ 139.77196, 35.696979 ], [ 139.772458, 35.696966 ] ] ] } },
{ "type": "Feature", "properties": { "key": "千代田区|外神田1丁目", "ward": "千代田区", "town": "外神田一丁目" }, "geometry": { "type": "Polygon", "coordinates": [ [ [ 139.772306, 35.698589 ], [ 139.772865, 35.698944 ], [ 139.772838, 35.69872 ], [ 139.772763, 35.698106 ], [ 139.772692, 35.697531 ], [ 139.77271, 35.696964 ], [ 139.772684, 35.696967 ], [ 139.772458, 35.696966 ], [ 139.77196, 35.696979 ], [ 139.77168, 35.696996 ], [ 139.770967, 35.697067 ], [ 139.770963, 35.69707 ], [ 139.770966, 35.697077 ], [ 139.769934, 35.697703 ], [ 139.769859, 35.697752 ], [ 139.769825, 35.697773 ], [ 139.769602, 35.697905 ], [ 139.768882, 35.698342 ], [ 139.768948, 35.698472 ], [ 139.768964, 35.698681 ], [ 139.768959, 35.698758 ], [ 139.768951, 35.698868 ], [ 139.769067, 35.699402 ], [ 139.769077, 35.699447 ], [ 139.76914, 35.699821 ], [ 139.769143, 35.699862 ], [ 139.769698, 35.699822 ], [ 139.770373, 35.699773 ], [ 139.770638, 35.699753 ], [ 139.771188, 35.699718 ], [ 139.771188, 35.699671 ], [ 139.771298, 35.699662 ], [ 139.771359, 35.699658 ], [ 139.771797, 35.699629 ], [ 139.771781, 35.699577 ], [ 139.771741, 35.699241 ], [ 139.771684, 35.698641 ], [ 139.771891, 35.69863 ], [ 139.772306, 35.698589 ] ] ] } },
{ "type": "Feature", "properties": { "key": "千代田区|外神田2丁目", "ward": "千代田区", "town": "外神田二丁目" }, "geometry": { "type": "Polygon", "coordinates": [ [ [ 139.76939, 35.702253 ], [ 139.769337, 35.70202 ], [ 139.769308, 35.701794 ], [ 139.769295, 35.701492 ], [ 139.769259, 35.701219 ], [ 139.76924, 35.700919 ], [ 139.769211, 35.700732 ], [ 139.769204, 35.700635 ], [ 139.76919, 35.700346 ], [ 139.769162, 35.700109 ], [ 139.769143, 35.699862 ], [ 139.76914, 35.699821 ], [ 139.769077, 35.699447 ], [ 139.769067, 35.699402 ], [ 139.768951, 35.698868 ], [ 139.768959, 35.698758 ], [ 139.768964, 35.698681 ], [ 139.768948, 35.698472 ], [ 139.768882, 35.698342 ], [ 139.768828, 35.698375 ], [ 139.768378, 35.698635 ], [ 139.767875, 35.698908 ], [ 139.767486, 35.699103 ], [ 139.767217, 35.699241 ], [ 139.766972, 35.69934 ], [ 139.766551, 35.699481 ], [ 139.7664, 35.69952 ], [ 139.76652, 35.699795 ], [ 139.767008, 35.699635 ], [ 139.767146, 35.699891 ], [ 139.767252, 35.7001 ], [ 139.767608, 35.699955 ], [ 139.767592, 35.699926 ], [ 139.767544, 35.699852 ], [ 139.768305, 35.699498 ], [ 139.768427, 35.699801 ], [ 139.768439, 35.699801 ], [ 139.768583, 35.699803 ], [ 139.768596, 35.699857 ], [ 139.768611, 35.699978 ], [ 139.768617, 35.700084 ], [ 139.768444, 35.700076 ], [ 139.768226, 35.700281 ], [ 139.768163, 35.700346 ], [ 139.768061, 35.700451 ], [ 139.768018, 35.700496 ], [ 139.768019, 35.700503 ], [ 139.768038, 35.700637 ], [ 139.768126, 35.700634 ], [ 139.768145, 35.700796 ], [ 139.768139, 35.700797 ], [ 139.768073, 35.700806 ], [ 139.768065, 35.700813 ], [ 139.768072, 35.700823 ], [ 139.768021, 35.700874 ], [ 139.767988, 35.700893 ], [ 139.76791, 35.700824 ], [ 139.76775, 35.700909 ], [ 139.767451, 35.701067 ], [ 139.767335, 35.701128 ], [ 139.767158, 35.700966 ], [ 139.76708, 35.701028 ], [ 139.767069, 35.701036 ], [ 139.766941, 35.701101 ], [ 139.76697, 35.701291 ], [ 139.766176, 35.701774 ], [ 139.766138, 35.701796 ], [ 139.766298, 35.702148 ], [ 139.766418, 35.702455 ], [ 139.766458, 35.702558 ], [ 139.766489, 35.702559 ], [ 139.766532, 35.702657 ], [ 139.766603, 35.702656 ], [ 139.766673, 35.702652 ], [ 139.766631, 35.702463 ], [ 139.766657, 35.702465 ], [ 139.766717, 35.702472 ], [ 139.766967, 35.702499 ], [ 139.767377, 35.702543 ], [ 139.767382, 35.702544 ], [ 139.768119, 35.70262 ], [ 139.768143, 35.702643 ], [ 139.768141, 35.702859 ], [ 139.768517, 35.702889 ], [ 139.768988, 35.702925 ], [ 139.769329, 35.702954 ], [ 139.769587, 35.702958 ], [ 139.76939, 35.702253 ] ] ] } },
{ "type": "Feature", "properties": { "key": "千代田区|外神田3丁目", "ward": "千代田区", "town": "外神田三丁目" }, "geometry": { "type": "Polygon", "coordinates": [ [ [ 139.770117, 35.702956 ], [ 139.77025, 35.702956 ], [ 139.770616, 35.702941 ], [ 139.771107, 35.702942 ], [ 139.771655, 35.702947 ], [ 139.77159, 35.702307 ], [ 139.771544, 35.701875 ], [ 139.771498, 35.70145 ], [ 139.77149, 35.701386 ], [ 139.771442, 35.70097 ], [ 139.771424, 35.700804 ], [ 139.771373, 35.700315 ], [ 139.771359, 35.700183 ], [ 139.77134, 35.700006 ], [ 139.771298, 35.699662 ], [ 139.771188, 35.699671 ], [ 139.771188, 35.699718 ], [ 139.770638, 35.699753 ], [ 139.770373, 35.699773 ], [ 139.769698, 35.699822 ], [ 139.769143, 35.699862 ], [ 139.769162, 35.700109 ], [ 139.76919, 35.700346 ], [ 139.769204, 35.700635 ], [ 139.769211, 35.700732 ], [ 139.76924, 35.700919 ], [ 139.769259, 35.701219 ], [ 139.769295, 35.701492 ], [ 139.769308, 35.701794 ], [ 139.769337, 35.70202 ], [ 139.76939, 35.702253 ], [ 139.769587, 35.702958 ], [ 139.770117, 35.702956 ] ] ] } },
{ "type": "Feature", "properties": { "key": "千代田区|外神田4丁目", "ward": "千代田区", "town": "外神田四丁目" }, "geometry": { "type": "Polygon", "coordinates": [ [ [ 139.772306, 35.698589 ], [ 139.771891, 35.69863 ], [ 139.771684, 35.698641 ], [ 139.771741, 35.699241 ], [ 139.771781, 35.699577 ], [ 139.771797, 35.699629 ], [ 139.771359, 35.699658 ], [ 139.771298, 35.699662 ], [ 139.77134, 35.700006 ], [ 139.771359, 35.700183 ], [ 139.771373, 35.700315 ], [ 139.771424, 35.700804 ], [ 139.771442, 35.70097 ], [ 139.77149, 35.701386 ], [ 139.771498, 35.70145 ], [ 139.771544, 35.701875 ], [ 139.77159, 35.702307 ], [ 139.771655, 35.702947 ], [ 139.771743, 35.702947 ], [ 139.772443, 35.702899 ], [ 139.772886, 35.702857 ], [ 139.773019, 35.702855 ], [ 139.773177, 35.702838 ], [ 139.773392, 35.702823 ], [ 139.773715, 35.7028 ], [ 139.773708, 35.702779 ], [ 139.773489, 35.702123 ], [ 139.773381, 35.701746 ], [ 139.773379, 35.701742 ], [ 139.7732, 35.700712 ], [ 139.773152, 35.700358 ], [ 139.773077, 35.699878 ], [ 139.773007, 35.699545 ], [ 139.772987, 35.699451 ], [ 139.772928, 35.699205 ], [ 139.772865, 35.698944 ], [ 139.772306, 35.698589 ] ] ] } },
{ "type": "Feature", "properties": { "key": "千代田区|外神田5丁目", "ward": "千代田区", "town": "外神田五丁目" }, "geometry": { "type": "Polygon", "coordinates": [ [ [ 139.773019, 35.702855 ], [ 139.772886, 35.702857 ], [ 139.772443, 35.702899 ], [ 139.771743, 35.702947 ], [ 139.771655, 35.702947 ], [ 139.771723, 35.703623 ], [ 139.771748, 35.703804 ], [ 139.771816, 35.704493 ], [ 139.771875, 35.70509 ], [ 139.771992, 35.705084 ], [ 139.771998, 35.705084 ], [ 139.772412, 35.705052 ], [ 139.772695, 35.705031 ], [ 139.772972, 35.70501 ], [ 139.773249, 35.704988 ], [ 139.77325, 35.704979 ], [ 139.773189, 35.704393 ], [ 139.773189, 35.704385 ], [ 139.773141, 35.703933 ], [ 139.773116, 35.703702 ], [ 139.773084, 35.703422 ], [ 139.773019, 35.702855 ] ] ] } },
{ "type": "Feature", "properties": { "key": "千代田区|外神田6丁目", "ward": "千代田区", "town": "外神田六丁目" }, "geometry": { "type": "Polygon", "coordinates": [ [ [ 139.771723, 35.703623 ], [ 139.771655, 35.702947 ], [ 139.771107, 35.702942 ], [ 139.770616, 35.702941 ], [ 139.77025, 35.702956 ], [ 139.770117, 35.702956 ], [ 139.769587, 35.702958 ], [ 139.769329, 35.702954 ], [ 139.768988, 35.702925 ], [ 139.768517, 35.702889 ], [ 139.768141, 35.702859 ], [ 139.768058, 35.70286 ], [ 139.768053, 35.702887 ], [ 139.767991, 35.703289 ], [ 139.767989, 35.703316 ], [ 139.768124, 35.703327 ], [ 139.76827, 35.703339 ], [ 139.76845, 35.703354 ], [ 139.768459, 35.703353 ], [ 139.768745, 35.703324 ], [ 139.769056, 35.703292 ], [ 139.76908, 35.703289 ], [ 139.769228, 35.703271 ], [ 139.769315, 35.703279 ], [ 139.76935, 35.703389 ], [ 139.769419, 35.703686 ], [ 139.769657, 35.703625 ], [ 139.769737, 35.703671 ], [ 139.769807, 35.703703 ], [ 139.769827, 35.703822 ], [ 139.769856, 35.704137 ], [ 139.769864, 35.704274 ], [ 139.769896, 35.70465 ], [ 139.769899, 35.704689 ], [ 139.769915, 35.705195 ], [ 139.769934, 35.705216 ], [ 139.770385, 35.705193 ], [ 139.770392, 35.705192 ], [ 139.770885, 35.705159 ], [ 139.770897, 35.705158 ], [ 139.77136, 35.705117 ], [ 139.771368, 35.705117 ], [ 139.771875, 35.70509 ], [ 139.771816, 35.704493 ], [ 139.771748, 35.703804 ], [ 139.771723, 35.703623 ] ] ] } },
{ "type": "Feature", "properties": { "key": "千代田区|鍛冶町1丁目", "ward": "千代田区", "town": "鍛冶町一丁目" }, "geometry": { "type": "Polygon", "coordinates": [ [ [ 139.769651, 35.689153 ], [ 139.769747, 35.689388 ], [ 139.769752, 35.689399 ], [ 139.769762, 35.689424 ], [ 139.770144, 35.69036 ], [ 139.770166, 35.690386 ], [ 139.770644, 35.690509 ], [ 139.770731, 35.690533 ], [ 139.771558, 35.690764 ], [ 139.772004, 35.690886 ], [ 139.772616, 35.691066 ], [ 139.773492, 35.691318 ], [ 139.773613, 35.691031 ], [ 139.773626, 35.690996 ], [ 139.773734, 35.690724 ], [ 139.773827, 35.690493 ], [ 139.773118, 35.690247 ], [ 139.772379, 35.690019 ], [ 139.772364, 35.690014 ], [ 139.771557, 35.689747 ], [ 139.771048, 35.689574 ], [ 139.771039, 35.689571 ], [ 139.770315, 35.689337 ], [ 139.770167, 35.689291 ], [ 139.769651, 35.689153 ] ] ] } },
{ "type": "Feature", "properties": { "key": "千代田区|鍛冶町2丁目", "ward": "千代田区", "town": "鍛冶町二丁目" }, "geometry": { "type": "Polygon", "coordinates": [ [ [ 139.770166, 35.690386 ], [ 139.770184, 35.690482 ], [ 139.770299, 35.69083 ], [ 139.770365, 35.691146 ], [ 139.770371, 35.691218 ], [ 139.770523, 35.691613 ], [ 139.770641, 35.691897 ], [ 139.770915, 35.692442 ], [ 139.771172, 35.692887 ], [ 139.771327, 35.693156 ], [ 139.771334, 35.693173 ], [ 139.771458, 35.693479 ], [ 139.771497, 35.693669 ], [ 139.771526, 35.693963 ], [ 139.771559, 35.694388 ], [ 139.771563, 35.694518 ], [ 139.771564, 35.694533 ], [ 139.772087, 35.694661 ], [ 139.772251, 35.694271 ], [ 139.772321, 35.694106 ], [ 139.77246, 35.693774 ], [ 139.772559, 35.693506 ], [ 139.772777, 35.692979 ], [ 139.772848, 35.692812 ], [ 139.773011, 35.692436 ], [ 139.773171, 35.692036 ], [ 139.773492, 35.691318 ], [ 139.772616, 35.691066 ], [ 139.772004, 35.690886 ], [ 139.771558, 35.690764 ], [ 139.770731, 35.690533 ], [ 139.770644, 35.690509 ], [ 139.770166, 35.690386 ] ] ] } },
{ "type": "Feature", "properties": { "key": "千代田区|神田鍛冶町3丁目", "ward": "千代田区", "town": "神田鍛冶町三丁目" }, "geometry": { "type": "Polygon", "coordinates": [ [ [ 139.771559, 35.694388 ], [ 139.771526, 35.693963 ], [ 139.771497, 35.693669 ], [ 139.771458, 35.693479 ], [ 139.771334, 35.693173 ], [ 139.771327, 35.693156 ], [ 139.771079, 35.693094 ], [ 139.770642, 35.692985 ], [ 139.77024, 35.692876 ], [ 139.769951, 35.693572 ], [ 139.769908, 35.69368 ], [ 139.769771, 35.694024 ], [ 139.769768, 35.694031 ], [ 139.770171, 35.694146 ], [ 139.770176, 35.694145 ], [ 139.770635, 35.694259 ], [ 139.770644, 35.694275 ], [ 139.771248, 35.694435 ], [ 139.771251, 35.69443 ], [ 139.771563, 35.694518 ], [ 139.771559, 35.694388 ] ] ] } },
{ "type": "Feature", "properties": { "key": "千代田区|神田紺屋町", "ward": "千代田区", "town": "神田紺屋町" }, "geometry": { "type": "MultiPolygon", "coordinates": [ [ [ [ 139.773171, 35.692036 ], [ 139.774687, 35.69246 ], [ 139.774741, 35.692336 ], [ 139.774744, 35.69233 ], [ 139.774776, 35.692256 ], [ 139.774749, 35.692156 ], [ 139.774905, 35.691733 ], [ 139.773492, 35.691318 ], [ 139.773171, 35.692036 ] ] ], [ [ [ 139.772848, 35.692812 ], [ 139.772777, 35.692979 ], [ 139.774298, 35.693392 ], [ 139.774361, 35.693306 ], [ 139.774532, 35.692864 ], [ 139.773011, 35.692436 ], [ 139.772848, 35.692812 ] ] ] ] } },
{ "type": "Feature", "properties": { "key": "千代田区|神田北乗物町", "ward": "千代田区", "town": "神田北乗物町" }, "geometry": { "type": "Polygon", "coordinates": [ [ [ 139.773171, 35.692036 ], [ 139.773011, 35.692436 ], [ 139.774532, 35.692864 ], [ 139.774687, 35.69246 ], [ 139.773171, 35.692036 ] ] ] } },
{ "type": "Feature", "properties": { "key": "千代田区|神田富山町", "ward": "千代田区", "town": "神田富山町" }, "geometry": { "type": "Polygon", "coordinates": [ [ [ 139.772777, 35.692979 ], [ 139.772559, 35.693506 ], [ 139.77246, 35.693774 ], [ 139.773402, 35.694032 ], [ 139.773974, 35.694189 ], [ 139.774085, 35.693928 ], [ 139.774298, 35.693392 ], [ 139.772777, 35.692979 ] ] ] } },
{ "type": "Feature", "properties": { "key": "千代田区|神田美倉町", "ward": "千代田区", "town": "神田美倉町" }, "geometry": { "type": "Polygon", "coordinates": [ [ [ 139.773827, 35.690493 ], [ 139.773734, 35.690724 ], [ 139.773626, 35.690996 ], [ 139.774761, 35.691361 ], [ 139.775011, 35.691489 ], [ 139.775014, 35.691482 ], [ 139.775129, 35.691186 ], [ 139.775212, 35.690972 ], [ 139.775075, 35.690925 ], [ 139.773827, 35.690493 ] ] ] } },
{ "type": "Feature", "properties": { "key": "千代田区|岩本町1丁目", "ward": "千代田区", "town": "岩本町一丁目" }, "geometry": { "type": "Polygon", "coordinates": [ [ [ 139.775212, 35.690972 ], [ 139.775129, 35.691186 ], [ 139.775014, 35.691482 ], [ 139.775011, 35.691489 ], [ 139.774917, 35.691706 ], [ 139.776255, 35.692245 ], [ 139.776277, 35.69225 ], [ 139.777151, 35.692613 ], [ 139.777173, 35.692616 ], [ 139.778085, 35.693002 ], [ 139.778116, 35.693009 ], [ 139.778822, 35.693535 ], [ 139.779107, 35.693748 ], [ 139.779255, 35.69386 ], [ 139.779784, 35.693361 ], [ 139.779949, 35.693191 ], [ 139.779783, 35.693076 ], [ 139.779768, 35.693065 ], [ 139.779544, 35.692909 ], [ 139.778761, 35.692353 ], [ 139.778696, 35.692328 ], [ 139.778399, 35.692212 ], [ 139.777563, 35.691859 ], [ 139.777531, 35.691846 ], [ 139.77661, 35.691455 ], [ 139.776589, 35.691447 ], [ 139.775212, 35.690972 ] ] ] } },
{ "type": "Feature", "properties": { "key": "千代田区|岩本町2丁目", "ward": "千代田区", "town": "岩本町二丁目" }, "geometry": { "type": "Polygon", "coordinates": [ [ [ 139.774917, 35.691706 ], [ 139.774905, 35.691733 ], [ 139.774749, 35.692156 ], [ 139.774776, 35.692256 ], [ 139.774744, 35.69233 ], [ 139.774741, 35.692336 ], [ 139.774836, 35.692953 ], [ 139.774916, 35.693468 ], [ 139.77494, 35.693474 ], [ 139.775061, 35.694189 ], [ 139.77573, 35.694373 ], [ 139.776302, 35.694532 ], [ 139.776953, 35.694708 ], [ 139.777449, 35.694852 ], [ 139.777982, 35.695004 ], [ 139.77841, 35.695123 ], [ 139.778563, 35.695163 ], [ 139.778669, 35.694888 ], [ 139.778927, 35.694388 ], [ 139.779026, 35.694131 ], [ 139.779038, 35.6941 ], [ 139.779255, 35.69386 ], [ 139.779107, 35.693748 ], [ 139.778822, 35.693535 ], [ 139.778116, 35.693009 ], [ 139.778085, 35.693002 ], [ 139.777173, 35.692616 ], [ 139.777151, 35.692613 ], [ 139.776277, 35.69225 ], [ 139.776255, 35.692245 ], [ 139.774917, 35.691706 ] ] ] } },
{ "type": "Feature", "properties": { "key": "千代田区|岩本町3丁目", "ward": "千代田区", "town": "岩本町三丁目" }, "geometry": { "type": "Polygon", "coordinates": [ [ [ 139.776217, 35.69689 ], [ 139.776607, 35.69689 ], [ 139.776704, 35.69689 ], [ 139.777399, 35.696859 ], [ 139.777711, 35.696858 ], [ 139.778024, 35.696856 ], [ 139.778306, 35.696855 ], [ 139.778288, 35.696474 ], [ 139.778132, 35.696468 ], [ 139.778327, 35.696037 ], [ 139.778501, 35.695667 ], [ 139.778621, 35.695412 ], [ 139.778442, 35.695414 ], [ 139.778563, 35.695163 ], [ 139.77841, 35.695123 ], [ 139.777982, 35.695004 ], [ 139.777449, 35.694852 ], [ 139.776953, 35.694708 ], [ 139.776302, 35.694532 ], [ 139.77573, 35.694373 ], [ 139.775061, 35.694189 ], [ 139.775053, 35.694197 ], [ 139.775121, 35.694785 ], [ 139.775141, 35.694869 ], [ 139.775223, 35.695523 ], [ 139.775351, 35.696533 ], [ 139.775351, 35.69691 ], [ 139.776217, 35.69689 ] ] ] } },
{ "type": "Feature", "properties": { "key": "千代田区|神田西福田町", "ward": "千代田区", "town": "神田西福田町" }, "geometry": { "type": "Polygon", "coordinates": [ [ [ 139.775011, 35.691489 ], [ 139.774761, 35.691361 ], [ 139.773626, 35.690996 ], [ 139.773613, 35.691031 ], [ 139.773492, 35.691318 ], [ 139.774905, 35.691733 ], [ 139.774917, 35.691706 ], [ 139.775011, 35.691489 ] ] ] } },
{ "type": "Feature", "properties": { "key": "千代田区|神田東松下町", "ward": "千代田区", "town": "神田東松下町" }, "geometry": { "type": "Polygon", "coordinates": [ [ [ 139.774658, 35.694091 ], [ 139.774684, 35.694098 ], [ 139.775053, 35.694197 ], [ 139.775061, 35.694189 ], [ 139.77494, 35.693474 ], [ 139.774916, 35.693468 ], [ 139.774361, 35.693306 ], [ 139.774298, 35.693392 ], [ 139.774085, 35.693928 ], [ 139.773974, 35.694189 ], [ 139.773402, 35.694032 ], [ 139.77246, 35.693774 ], [ 139.772321, 35.694106 ], [ 139.772251, 35.694271 ], [ 139.772087, 35.694661 ], [ 139.772466, 35.694767 ], [ 139.773011, 35.694919 ], [ 139.77358, 35.69507 ], [ 139.773632, 35.695081 ], [ 139.774648, 35.695353 ], [ 139.77488, 35.694795 ], [ 139.774432, 35.694672 ], [ 139.774658, 35.694091 ] ] ] } },
{ "type": "Feature", "properties": { "key": "千代田区|神田東紺屋町", "ward": "千代田区", "town": "神田東紺屋町" }, "geometry": { "type": "Polygon", "coordinates": [ [ [ 139.774836, 35.692953 ], [ 139.774741, 35.692336 ], [ 139.774687, 35.69246 ], [ 139.774532, 35.692864 ], [ 139.774361, 35.693306 ], [ 139.774916, 35.693468 ], [ 139.774836, 35.692953 ] ] ] } },
{ "type": "Feature", "properties": { "key": "千代田区|神田岩本町", "ward": "千代田区", "town": "神田岩本町" }, "geometry": { "type": "Polygon", "coordinates": [ [ [ 139.774658, 35.694091 ], [ 139.774432, 35.694672 ], [ 139.77488, 35.694795 ], [ 139.774648, 35.695353 ], [ 139.774663, 35.695559 ], [ 139.774665, 35.69559 ], [ 139.774686, 35.696112 ], [ 139.774699, 35.696525 ], [ 139.774703, 35.696541 ], [ 139.774711, 35.696575 ], [ 139.774788, 35.696582 ], [ 139.774808, 35.696914 ], [ 139.775351, 35.69691 ], [ 139.775351, 35.696533 ], [ 139.775223, 35.695523 ], [ 139.775141, 35.694869 ], [ 139.775121, 35.694785 ], [ 139.775053, 35.694197 ], [ 139.774684, 35.694098 ], [ 139.774658, 35.694091 ] ] ] } },
{ "type": "Feature", "properties": { "key": "千代田区|東神田1丁目", "ward": "千代田区", "town": "東神田一丁目" }, "geometry": { "type": "Polygon", "coordinates": [ [ [ 139.780289, 35.692862 ], [ 139.780271, 35.692879 ], [ 139.779968, 35.693172 ], [ 139.779949, 35.693191 ], [ 139.779784, 35.693361 ], [ 139.779255, 35.69386 ], [ 139.779038, 35.6941 ], [ 139.779026, 35.694131 ], [ 139.778927, 35.694388 ], [ 139.778669, 35.694888 ], [ 139.778563, 35.695163 ], [ 139.778442, 35.695414 ], [ 139.778621, 35.695412 ], [ 139.779157, 35.695393 ], [ 139.780002, 35.695348 ], [ 139.7806, 35.695301 ], [ 139.781118, 35.69526 ], [ 139.781651, 35.695235 ], [ 139.782241, 35.695188 ], [ 139.782569, 35.695165 ], [ 139.782778, 35.695149 ], [ 139.782875, 35.695142 ], [ 139.782869, 35.695104 ], [ 139.782804, 35.694692 ], [ 139.782744, 35.694649 ], [ 139.782208, 35.694262 ], [ 139.7822, 35.694257 ], [ 139.781178, 35.693515 ], [ 139.781159, 35.693501 ], [ 139.780429, 35.692957 ], [ 139.780389, 35.692929 ], [ 139.780289, 35.692862 ] ] ] } },
{ "type": "Feature", "properties": { "key": "千代田区|東神田2丁目", "ward": "千代田区", "town": "東神田二丁目" }, "geometry": { "type": "Polygon", "coordinates": [ [ [ 139.782679, 35.696176 ], [ 139.781742, 35.696298 ], [ 139.781708, 35.695821 ], [ 139.781705, 35.695789 ], [ 139.781651, 35.695235 ], [ 139.781118, 35.69526 ], [ 139.7806, 35.695301 ], [ 139.780002, 35.695348 ], [ 139.779157, 35.695393 ], [ 139.778621, 35.695412 ], [ 139.778501, 35.695667 ], [ 139.778327, 35.696037 ], [ 139.778132, 35.696468 ], [ 139.778288, 35.696474 ], [ 139.778306, 35.696855 ], [ 139.778891, 35.696849 ], [ 139.778955, 35.696849 ], [ 139.780044, 35.696845 ], [ 139.780054, 35.696841 ], [ 139.78273, 35.696638 ], [ 139.782679, 35.696176 ] ] ] } },
{ "type": "Feature", "properties": { "key": "千代田区|東神田3丁目", "ward": "千代田区", "town": "東神田三丁目" }, "geometry": { "type": "Polygon", "coordinates": [ [ [ 139.78273, 35.696638 ], [ 139.780054, 35.696841 ], [ 139.780044, 35.696845 ], [ 139.780058, 35.697129 ], [ 139.78013, 35.6977 ], [ 139.780139, 35.697775 ], [ 139.780169, 35.697889 ], [ 139.78073, 35.69783 ], [ 139.78125, 35.697776 ], [ 139.781748, 35.697724 ], [ 139.782317, 35.697678 ], [ 139.782824, 35.697637 ], [ 139.78281, 35.69748 ], [ 139.782808, 35.697458 ], [ 139.782789, 35.697234 ], [ 139.782788, 35.697224 ], [ 139.782768, 35.69699 ], [ 139.782766, 35.696972 ], [ 139.78273, 35.696638 ] ] ] } },
{ "type": "Feature", "properties": { "key": "千代田区|神田和泉町", "ward": "千代田区", "town": "神田和泉町" }, "geometry": { "type": "Polygon", "coordinates": [ [ [ 139.780304, 35.698674 ], [ 139.779604, 35.698689 ], [ 139.779549, 35.69869 ], [ 139.777487, 35.698738 ], [ 139.777188, 35.698748 ], [ 139.775392, 35.698786 ], [ 139.775389, 35.69891 ], [ 139.775402, 35.699627 ], [ 139.77544, 35.700577 ], [ 139.775488, 35.700574 ], [ 139.776168, 35.700524 ], [ 139.776567, 35.700495 ], [ 139.776657, 35.700489 ], [ 139.776947, 35.700468 ], [ 139.776954, 35.700467 ], [ 139.777526, 35.70042 ], [ 139.778039, 35.700378 ], [ 139.778687, 35.700331 ], [ 139.778805, 35.700323 ], [ 139.779084, 35.700303 ], [ 139.779492, 35.700273 ], [ 139.779583, 35.700266 ], [ 139.780155, 35.700222 ], [ 139.780535, 35.700192 ], [ 139.780521, 35.7001 ], [ 139.780454, 35.69966 ], [ 139.780376, 35.69915 ], [ 139.780313, 35.698733 ], [ 139.780304, 35.698674 ] ] ] } },
{ "type": "Feature", "properties": { "key": "千代田区|神田佐久間町1丁目", "ward": "千代田区", "town": "神田佐久間町一丁目" }, "geometry": { "type": "Polygon", "coordinates": [ [ [ 139.775392, 35.698786 ], [ 139.775383, 35.698518 ], [ 139.775377, 35.698172 ], [ 139.775366, 35.697591 ], [ 139.775365, 35.697261 ], [ 139.775351, 35.69691 ], [ 139.774808, 35.696914 ], [ 139.774425, 35.696934 ], [ 139.773689, 35.696943 ], [ 139.772811, 35.69695 ], [ 139.772683, 35.696951 ], [ 139.772684, 35.696967 ], [ 139.77271, 35.696964 ], [ 139.772692, 35.697531 ], [ 139.772763, 35.698106 ], [ 139.774989, 35.698045 ], [ 139.775004, 35.698918 ], [ 139.775389, 35.69891 ], [ 139.775392, 35.698786 ] ] ] } },
{ "type": "Feature", "properties": { "key": "千代田区|神田佐久間町2丁目", "ward": "千代田区", "town": "神田佐久間町二丁目" }, "geometry": { "type": "Polygon", "coordinates": [ [ [ 139.777178, 35.698489 ], [ 139.776851, 35.698495 ], [ 139.776828, 35.698209 ], [ 139.77689, 35.698203 ], [ 139.776876, 35.698072 ], [ 139.776837, 35.697563 ], [ 139.776725, 35.697553 ], [ 139.776713, 35.697225 ], [ 139.776623, 35.697227 ], [ 139.775365, 35.697261 ], [ 139.775366, 35.697591 ], [ 139.775895, 35.697592 ], [ 139.775914, 35.698138 ], [ 139.775929, 35.698499 ], [ 139.775383, 35.698518 ], [ 139.775392, 35.698786 ], [ 139.777188, 35.698748 ], [ 139.777178, 35.698489 ] ] ] } },
{ "type": "Feature", "properties": { "key": "千代田区|神田佐久間町3丁目", "ward": "千代田区", "town": "神田佐久間町三丁目" }, "geometry": { "type": "Polygon", "coordinates": [ [ [ 139.779586, 35.698382 ], [ 139.779546, 35.697831 ], [ 139.779542, 35.697556 ], [ 139.778914, 35.697566 ], [ 139.778901, 35.697128 ], [ 139.778083, 35.697164 ], [ 139.778056, 35.697165 ], [ 139.77806, 35.697205 ], [ 139.776713, 35.697225 ], [ 139.776725, 35.697553 ], [ 139.776837, 35.697563 ], [ 139.776876, 35.698072 ], [ 139.77689, 35.698203 ], [ 139.776828, 35.698209 ], [ 139.776851, 35.698495 ], [ 139.777178, 35.698489 ], [ 139.777188, 35.698748 ], [ 139.777487, 35.698738 ], [ 139.779549, 35.69869 ], [ 139.779604, 35.698689 ], [ 139.779586, 35.698382 ] ] ] } },
{ "type": "Feature", "properties": { "key": "千代田区|神田佐久間町4丁目", "ward": "千代田区", "town": "神田佐久間町四丁目" }, "geometry": { "type": "Polygon", "coordinates": [ [ [ 139.780058, 35.697129 ], [ 139.77896, 35.697128 ], [ 139.778901, 35.697128 ], [ 139.778914, 35.697566 ], [ 139.779542, 35.697556 ], [ 139.779546, 35.697831 ], [ 139.779586, 35.698382 ], [ 139.779604, 35.698689 ], [ 139.780304, 35.698674 ], [ 139.78026, 35.698419 ], [ 139.780211, 35.698137 ], [ 139.780169, 35.697889 ], [ 139.780139, 35.697775 ], [ 139.78013, 35.6977 ], [ 139.780058, 35.697129 ] ] ] } },
{ "type": "Feature", "properties": { "key": "千代田区|神田平河町", "ward": "千代田区", "town": "神田平河町" }, "geometry": { "type": "Polygon", "coordinates": [ [ [ 139.775366, 35.697591 ], [ 139.775377, 35.698172 ], [ 139.775383, 35.698518 ], [ 139.775929, 35.698499 ], [ 139.775914, 35.698138 ], [ 139.775895, 35.697592 ], [ 139.775366, 35.697591 ] ] ] } },
{ "type": "Feature", "properties": { "key": "千代田区|神田松永町", "ward": "千代田区", "town": "神田松永町" }, "geometry": { "type": "Polygon", "coordinates": [ [ [ 139.77559, 35.701586 ], [ 139.775526, 35.700979 ], [ 139.775488, 35.700574 ], [ 139.77544, 35.700577 ], [ 139.775402, 35.699627 ], [ 139.775389, 35.69891 ], [ 139.775004, 35.698918 ], [ 139.775007, 35.699145 ], [ 139.774221, 35.699165 ], [ 139.774248, 35.699415 ], [ 139.77428, 35.699718 ], [ 139.774474, 35.699707 ], [ 139.774888, 35.699669 ], [ 139.774918, 35.699912 ], [ 139.775108, 35.699906 ], [ 139.775116, 35.700012 ], [ 139.775053, 35.700015 ], [ 139.774937, 35.700019 ], [ 139.774942, 35.700111 ], [ 139.775061, 35.700107 ], [ 139.775087, 35.700106 ], [ 139.775088, 35.700117 ], [ 139.775095, 35.70021 ], [ 139.774936, 35.700218 ], [ 139.775062, 35.701636 ], [ 139.775095, 35.701632 ], [ 139.77559, 35.701586 ] ] ] } },
{ "type": "Feature", "properties": { "key": "千代田区|神田花岡町", "ward": "千代田区", "town": "神田花岡町" }, "geometry": { "type": "Polygon", "coordinates": [ [ [ 139.775007, 35.699145 ], [ 139.775004, 35.698918 ], [ 139.774989, 35.698045 ], [ 139.772763, 35.698106 ], [ 139.772838, 35.69872 ], [ 139.772865, 35.698944 ], [ 139.772928, 35.699205 ], [ 139.774221, 35.699165 ], [ 139.775007, 35.699145 ] ] ] } },
{ "type": "Feature", "properties": { "key": "千代田区|神田佐久間河岸", "ward": "千代田区", "town": "神田佐久間河岸" }, "geometry": { "type": "Polygon", "coordinates": [ [ [ 139.778901, 35.697128 ], [ 139.77896, 35.697128 ], [ 139.780058, 35.697129 ], [ 139.780044, 35.696845 ], [ 139.778955, 35.696849 ], [ 139.778891, 35.696849 ], [ 139.778306, 35.696855 ], [ 139.778024, 35.696856 ], [ 139.777711, 35.696858 ], [ 139.777399, 35.696859 ], [ 139.776704, 35.69689 ], [ 139.776607, 35.69689 ], [ 139.776217, 35.69689 ], [ 139.775351, 35.69691 ], [ 139.775365, 35.697261 ], [ 139.776623, 35.697227 ], [ 139.776713, 35.697225 ], [ 139.77806, 35.697205 ], [ 139.778056, 35.697165 ], [ 139.778083, 35.697164 ], [ 139.778901, 35.697128 ] ] ] } },
{ "type": "Feature", "properties": { "key": "千代田区|神田練塀町", "ward": "千代田区", "town": "神田練塀町" }, "geometry": { "type": "Polygon", "coordinates": [ [ [ 139.775087, 35.700106 ], [ 139.775061, 35.700107 ], [ 139.774942, 35.700111 ], [ 139.774937, 35.700019 ], [ 139.775053, 35.700015 ], [ 139.775116, 35.700012 ], [ 139.775108, 35.699906 ], [ 139.774918, 35.699912 ], [ 139.774888, 35.699669 ], [ 139.774474, 35.699707 ], [ 139.77428, 35.699718 ], [ 139.774282, 35.699739 ], [ 139.7738, 35.699807 ], [ 139.773389, 35.699864 ], [ 139.773077, 35.699878 ], [ 139.773152, 35.700358 ], [ 139.7732, 35.700712 ], [ 139.773379, 35.701742 ], [ 139.774494, 35.701662 ], [ 139.774535, 35.701661 ], [ 139.775062, 35.701636 ], [ 139.774936, 35.700218 ], [ 139.775095, 35.70021 ], [ 139.775088, 35.700117 ], [ 139.775087, 35.700106 ] ] ] } },
{ "type": "Feature", "properties": { "key": "千代田区|神田相生町", "ward": "千代田区", "town": "神田相生町" }, "geometry": { "type": "Polygon", "coordinates": [ [ [ 139.774282, 35.699739 ], [ 139.77428, 35.699718 ], [ 139.774248, 35.699415 ], [ 139.774221, 35.699165 ], [ 139.772928, 35.699205 ], [ 139.772987, 35.699451 ], [ 139.773007, 35.699545 ], [ 139.773077, 35.699878 ], [ 139.773389, 35.699864 ], [ 139.7738, 35.699807 ], [ 139.774282, 35.699739 ] ] ] } }
]
}
