{
"type": "FeatureCollection",
"name": "13104",
"crs": { "type": "name", "properties": { "name": "urn:ogc:def:crs:OGC:1.3:CRS84" } },
"features": [
{ "type": "Feature", "properties": { "key": "新宿区|四谷1丁目", "ward": "新宿区", "town": "四谷１丁目" }, "geometry": { "type": "Polygon", "coordinates": [ [ [ 139.730304, 35.686929 ], [ 139.730443, 35.687362 ], [ 139.73051, 35.687571 ], [ 139.730536, 35.687611 ], [ 139.730604, 35.687774 ], [ 139.730704, 35.688072 ], [ 139.730929, 35.688016 ], [ 139.730721, 35.687521 ], [ 139.730589, 35.687021 ], [ 139.730574, 35.686816 ], [ 139.730467, 35.686351 ], [ 139.730454, 35.686307 ], [ 139.730437, 35.686247 ], [ 139.730398, 35.686253 ], [ 139.730309, 35.685974 ], [ 139.730353, 35.685959 ], [ 139.730261, 35.685645 ], [ 139.730179, 35.685379 ], [ 139.73016, 35.685145 ], [ 139.730106, 35.684967 ], [ 139.730088, 35.684932 ], [ 139.730358, 35.684854 ], [ 139.730371, 35.684851 ], [ 139.73025, 35.684594 ], [ 139.729953, 35.684669 ], [ 139.729882, 35.684541 ], [ 139.730257, 35.683617 ], [ 139.730353, 35.683439 ], [ 139.730693, 35.68281 ], [ 139.730751, 35.682683 ], [ 139.731118, 35.68198 ], [ 139.731259, 35.681802 ], [ 139.731309, 35.681718 ], [ 139.731501, 35.681541 ], [ 139.730646, 35.681187 ], [ 139.730571, 35.681329 ], [ 139.729991, 35.682419 ], [ 139.728852, 35.682536 ], [ 139.728639, 35.682546 ], [ 139.727955, 35.682618 ], [ 139.727936, 35.682593 ], [ 139.727919, 35.682592 ], [ 139.727814, 35.682855 ], [ 139.727856, 35.683013 ], [ 139.728007, 35.683588 ], [ 139.728016, 35.683624 ], [ 139.728114, 35.683992 ], [ 139.727221, 35.684189 ], [ 139.727195, 35.684194 ], [ 139.727224, 35.684331 ], [ 139.727287, 35.684626 ], [ 139.727289, 35.684635 ], [ 139.727376, 35.685043 ], [ 139.727123, 35.685102 ], [ 139.727224, 35.685486 ], [ 139.726922, 35.685525 ], [ 139.726978, 35.685707 ], [ 139.726897, 35.685724 ], [ 139.726899, 35.685741 ], [ 139.726909, 35.685792 ], [ 139.726979, 35.686141 ], [ 139.72698, 35.686149 ], [ 139.727001, 35.686232 ], [ 139.727008, 35.686261 ], [ 139.727072, 35.68653 ], [ 139.72709, 35.686607 ], [ 139.727099, 35.686621 ], [ 139.727126, 35.686664 ], [ 139.727129, 35.68667 ], [ 139.727195, 35.686778 ], [ 139.72725, 35.68688 ], [ 139.727266, 35.686911 ], [ 139.727279, 35.686966 ], [ 139.727287, 35.686992 ], [ 139.727469, 35.68755 ], [ 139.727424, 35.687573 ], [ 139.727596, 35.687846 ], [ 139.727791, 35.68816 ], [ 139.727852, 35.688281 ], [ 139.728304, 35.688125 ], [ 139.72835, 35.68819 ], [ 139.728568, 35.688546 ], [ 139.728578, 35.688571 ], [ 139.728943, 35.688432 ], [ 139.729906, 35.688065 ], [ 139.729885, 35.68801 ], [ 139.729839, 35.687878 ], [ 139.729753, 35.687629 ], [ 139.729732, 35.687569 ], [ 139.72963, 35.687198 ], [ 139.729628, 35.687192 ], [ 139.729711, 35.687163 ], [ 139.730304, 35.686929 ] ] ] } },
{ "type": "Feature", "properties": { "key": "新宿区|四谷2丁目", "ward": "新宿区", "town": "四谷２丁目" }, "geometry": { "type": "Polygon", "coordinates": [ [ [ 139.724854, 35.687894 ], [ 139.724865, 35.687916 ], [ 139.725298, 35.687753 ], [ 139.725317, 35.687746 ], [ 139.725642, 35.687624 ], [ 139.726116, 35.68745 ], [ 139.726117, 35.687449 ], [ 139.726128, 35.687427 ], [ 139.726767, 35.687177 ], [ 139.727092, 35.687057 ], [ 139.727096, 35.687056 ], [ 139.727287, 35.686992 ], [ 139.727279, 35.686966 ], [ 139.727266, 35.686911 ], [ 139.72725, 35.68688 ], [ 139.727195, 35.686778 ], [ 139.727129, 35.68667 ], [ 139.727126, 35.686664 ], [ 139.727099, 35.686621 ], [ 139.72709, 35.686607 ], [ 139.727072, 35.68653 ], [ 139.727008, 35.686261 ], [ 139.727001, 35.686232 ], [ 139.72698, 35.686149 ], [ 139.726979, 35.686141 ], [ 139.726963, 35.686145 ], [ 139.726416, 35.686306 ], [ 139.726435, 35.686374 ], [ 139.726013, 35.686457 ], [ 139.725794, 35.685973 ], [ 139.725518, 35.686074 ], [ 139.725421, 35.686119 ], [ 139.724373, 35.686531 ], [ 139.724696, 35.687015 ], [ 139.724705, 35.687028 ], [ 139.724678, 35.687038 ], [ 139.724251, 35.687182 ], [ 139.72424, 35.687185 ], [ 139.723788, 35.687337 ], [ 139.723781, 35.687339 ], [ 139.723437, 35.687438 ], [ 139.723053, 35.687525 ], [ 139.722913, 35.687545 ], [ 139.723031, 35.687923 ], [ 139.723045, 35.687954 ], [ 139.723288, 35.687898 ], [ 139.723299, 35.687925 ], [ 139.723444, 35.688266 ], [ 139.723498, 35.688326 ], [ 139.723499, 35.688336 ], [ 139.7235, 35.688347 ], [ 139.723895, 35.68822 ], [ 139.72424, 35.68811 ], [ 139.724279, 35.688084 ], [ 139.724282, 35.688083 ], [ 139.724854, 35.687894 ] ] ] } },
{ "type": "Feature", "properties": { "key": "新宿区|四谷3丁目", "ward": "新宿区", "town": "四谷３丁目" }, "geometry": { "type": "Polygon", "coordinates": [ [ [ 139.721914, 35.688488 ], [ 139.721917, 35.688519 ], [ 139.721984, 35.688516 ], [ 139.722011, 35.688513 ], [ 139.722461, 35.688473 ], [ 139.722473, 35.688472 ], [ 139.722628, 35.688456 ], [ 139.722632, 35.688427 ], [ 139.722944, 35.688399 ], [ 139.723188, 35.688361 ], [ 139.723218, 35.688424 ], [ 139.723499, 35.688336 ], [ 139.723498, 35.688326 ], [ 139.723444, 35.688266 ], [ 139.723299, 35.687925 ], [ 139.723288, 35.687898 ], [ 139.723045, 35.687954 ], [ 139.723031, 35.687923 ], [ 139.722913, 35.687545 ], [ 139.722701, 35.687587 ], [ 139.722367, 35.687617 ], [ 139.721919, 35.687641 ], [ 139.721894, 35.687502 ], [ 139.721478, 35.687529 ], [ 139.721319, 35.687539 ], [ 139.72127, 35.687542 ], [ 139.721077, 35.687555 ], [ 139.721014, 35.687559 ], [ 139.720949, 35.687563 ], [ 139.720891, 35.687556 ], [ 139.72049, 35.687506 ], [ 139.72043, 35.687491 ], [ 139.720353, 35.687473 ], [ 139.719599, 35.687373 ], [ 139.718998, 35.687309 ], [ 139.718926, 35.687099 ], [ 139.718344, 35.687092 ], [ 139.71831, 35.687766 ], [ 139.718299, 35.68789 ], [ 139.718213, 35.687885 ], [ 139.718199, 35.688227 ], [ 139.718568, 35.688241 ], [ 139.718582, 35.688241 ], [ 139.718594, 35.688152 ], [ 139.718895, 35.688198 ], [ 139.719353, 35.688236 ], [ 139.719349, 35.688276 ], [ 139.719755, 35.688305 ], [ 139.719736, 35.688412 ], [ 139.719832, 35.688433 ], [ 139.720348, 35.688456 ], [ 139.720356, 35.688381 ], [ 139.720354, 35.688353 ], [ 139.720765, 35.68837 ], [ 139.720765, 35.688376 ], [ 139.720762, 35.688402 ], [ 139.720772, 35.688403 ], [ 139.721218, 35.688449 ], [ 139.72145, 35.688465 ], [ 139.721495, 35.688494 ], [ 139.721771, 35.688551 ], [ 139.72179, 35.688555 ], [ 139.721787, 35.688494 ], [ 139.721914, 35.688488 ] ] ] } },
{ "type": "Feature", "properties": { "key": "新宿区|四谷4丁目", "ward": "新宿区", "town": "四谷４丁目" }, "geometry": { "type": "Polygon", "coordinates": [ [ [ 139.716032, 35.690667 ], [ 139.716308, 35.690872 ], [ 139.716514, 35.691026 ], [ 139.716652, 35.690994 ], [ 139.717016, 35.690881 ], [ 139.717055, 35.69087 ], [ 139.717083, 35.690876 ], [ 139.717359, 35.690941 ], [ 139.717455, 35.690964 ], [ 139.717587, 35.690986 ], [ 139.717627, 35.690734 ], [ 139.717628, 35.690725 ], [ 139.717592, 35.690721 ], [ 139.717588, 35.690721 ], [ 139.717622, 35.69055 ], [ 139.717625, 35.69055 ], [ 139.717642, 35.690555 ], [ 139.717656, 35.690557 ], [ 139.717692, 35.690406 ], [ 139.717712, 35.690153 ], [ 139.717738, 35.690154 ], [ 139.718239, 35.69016 ], [ 139.718244, 35.689872 ], [ 139.718248, 35.689853 ], [ 139.718257, 35.689853 ], [ 139.718694, 35.689854 ], [ 139.718724, 35.689853 ], [ 139.718724, 35.689851 ], [ 139.718724, 35.68973 ], [ 139.718712, 35.689672 ], [ 139.718667, 35.689364 ], [ 139.718552, 35.689055 ], [ 139.718532, 35.689041 ], [ 139.718528, 35.689028 ], [ 139.718447, 35.688965 ], [ 139.718364, 35.688945 ], [ 139.718332, 35.688948 ], [ 139.718241, 35.688957 ], [ 139.718224, 35.688779 ], [ 139.718507, 35.688746 ], [ 139.718534, 35.688494 ], [ 139.718196, 35.68849 ], [ 139.718198, 35.688253 ], [ 139.718199, 35.688227 ], [ 139.718213, 35.687885 ], [ 139.718299, 35.68789 ], [ 139.71831, 35.687766 ], [ 139.718344, 35.687092 ], [ 139.718061, 35.687089 ], [ 139.718079, 35.686783 ], [ 139.718096, 35.686503 ], [ 139.718109, 35.686325 ], [ 139.718114, 35.686249 ], [ 139.718125, 35.686097 ], [ 139.718019, 35.686097 ], [ 139.717615, 35.6861 ], [ 139.717596, 35.686086 ], [ 139.717572, 35.686518 ], [ 139.717571, 35.686528 ], [ 139.717552, 35.686748 ], [ 139.717533, 35.686954 ], [ 139.717037, 35.686931 ], [ 139.717002, 35.686928 ], [ 139.716989, 35.687183 ], [ 139.716805, 35.687161 ], [ 139.716467, 35.68712 ], [ 139.716461, 35.68712 ], [ 139.716457, 35.687119 ], [ 139.715957, 35.687083 ], [ 139.71594, 35.687082 ], [ 139.71594, 35.687086 ], [ 139.715948, 35.6871 ], [ 139.715933, 35.687458 ], [ 139.715711, 35.687498 ], [ 139.714679, 35.687707 ], [ 139.714498, 35.687763 ], [ 139.714487, 35.687767 ], [ 139.714273, 35.687805 ], [ 139.714267, 35.687806 ], [ 139.713992, 35.687855 ], [ 139.714071, 35.68796 ], [ 139.714137, 35.688242 ], [ 139.714224, 35.688554 ], [ 139.714237, 35.6886 ], [ 139.714352, 35.689029 ], [ 139.714383, 35.689145 ], [ 139.714462, 35.68944 ], [ 139.714503, 35.689593 ], [ 139.714624, 35.690038 ], [ 139.714731, 35.690435 ], [ 139.714812, 35.690735 ], [ 139.714594, 35.69106 ], [ 139.714736, 35.691045 ], [ 139.715115, 35.691016 ], [ 139.715645, 35.690865 ], [ 139.716032, 35.690667 ] ] ] } },
{ "type": "Feature", "properties": { "key": "新宿区|四谷本塩町", "ward": "新宿区", "town": "四谷本塩町" }, "geometry": { "type": "Polygon", "coordinates": [ [ [ 139.730539, 35.690291 ], [ 139.730549, 35.689699 ], [ 139.730549, 35.689697 ], [ 139.730657, 35.689642 ], [ 139.731275, 35.689329 ], [ 139.731291, 35.689321 ], [ 139.730867, 35.688433 ], [ 139.730803, 35.6883 ], [ 139.730798, 35.688289 ], [ 139.730724, 35.688138 ], [ 139.730704, 35.688072 ], [ 139.730604, 35.687774 ], [ 139.730536, 35.687611 ], [ 139.73051, 35.687571 ], [ 139.730443, 35.687362 ], [ 139.730304, 35.686929 ], [ 139.729711, 35.687163 ], [ 139.729628, 35.687192 ], [ 139.72963, 35.687198 ], [ 139.729732, 35.687569 ], [ 139.729753, 35.687629 ], [ 139.729839, 35.687878 ], [ 139.729885, 35.68801 ], [ 139.729906, 35.688065 ], [ 139.728943, 35.688432 ], [ 139.728578, 35.688571 ], [ 139.728568, 35.688546 ], [ 139.72835, 35.68819 ], [ 139.728304, 35.688125 ], [ 139.727852, 35.688281 ], [ 139.728103, 35.688749 ], [ 139.728244, 35.688712 ], [ 139.72849, 35.689085 ], [ 139.728659, 35.68917 ], [ 139.72869, 35.689181 ], [ 139.728746, 35.68932 ], [ 139.72885, 35.68936 ], [ 139.729097, 35.689428 ], [ 139.72916, 35.689517 ], [ 139.729166, 35.689522 ], [ 139.72917, 35.689532 ], [ 139.729115, 35.689824 ], [ 139.729194, 35.68984 ], [ 139.729215, 35.689961 ], [ 139.729212, 35.69007 ], [ 139.729192, 35.690069 ], [ 139.729065, 35.690058 ], [ 139.72901, 35.690339 ], [ 139.729003, 35.690339 ], [ 139.728984, 35.690342 ], [ 139.728673, 35.690351 ], [ 139.728688, 35.69047 ], [ 139.728688, 35.690471 ], [ 139.728717, 35.690695 ], [ 139.728674, 35.6907 ], [ 139.728665, 35.690701 ], [ 139.728665, 35.690704 ], [ 139.728706, 35.691165 ], [ 139.728711, 35.691211 ], [ 139.729051, 35.691185 ], [ 139.729464, 35.691153 ], [ 139.730426, 35.691079 ], [ 139.730526, 35.691071 ], [ 139.730527, 35.691009 ], [ 139.730532, 35.690692 ], [ 139.730532, 35.690686 ], [ 139.730539, 35.690291 ] ] ] } },
{ "type": "Feature", "properties": { "key": "新宿区|四谷三栄町", "ward": "新宿区", "town": "四谷三栄町" }, "geometry": { "type": "Polygon", "coordinates": [ [ [ 139.725398, 35.690381 ], [ 139.725406, 35.690393 ], [ 139.725668, 35.690305 ], [ 139.72593, 35.690201 ], [ 139.725985, 35.690187 ], [ 139.72614, 35.690117 ], [ 139.726222, 35.69008 ], [ 139.726356, 35.69003 ], [ 139.726376, 35.690023 ], [ 139.726981, 35.689824 ], [ 139.727025, 35.689804 ], [ 139.727137, 35.689766 ], [ 139.727208, 35.689742 ], [ 139.727102, 35.689528 ], [ 139.727081, 35.689486 ], [ 139.727061, 35.689446 ], [ 139.727014, 35.689349 ], [ 139.726771, 35.688891 ], [ 139.726757, 35.688869 ], [ 139.727074, 35.688746 ], [ 139.727151, 35.6887 ], [ 139.727158, 35.688696 ], [ 139.727172, 35.688689 ], [ 139.727527, 35.688526 ], [ 139.727561, 35.688509 ], [ 139.727573, 35.688531 ], [ 139.72772, 35.688828 ], [ 139.727748, 35.688883 ], [ 139.727969, 35.688808 ], [ 139.728103, 35.688749 ], [ 139.727852, 35.688281 ], [ 139.727791, 35.68816 ], [ 139.727596, 35.687846 ], [ 139.727424, 35.687573 ], [ 139.727469, 35.68755 ], [ 139.727287, 35.686992 ], [ 139.727096, 35.687056 ], [ 139.727092, 35.687057 ], [ 139.726767, 35.687177 ], [ 139.726128, 35.687427 ], [ 139.726117, 35.687449 ], [ 139.726116, 35.68745 ], [ 139.725642, 35.687624 ], [ 139.725317, 35.687746 ], [ 139.725298, 35.687753 ], [ 139.724865, 35.687916 ], [ 139.724854, 35.687894 ], [ 139.724282, 35.688083 ], [ 139.724279, 35.688084 ], [ 139.72424, 35.68811 ], [ 139.723895, 35.68822 ], [ 139.7235, 35.688347 ], [ 139.723505, 35.688398 ], [ 139.723615, 35.688625 ], [ 139.723722, 35.688861 ], [ 139.723731, 35.688882 ], [ 139.72383, 35.689094 ], [ 139.723843, 35.689121 ], [ 139.7239, 35.689241 ], [ 139.723967, 35.689384 ], [ 139.72398, 35.689412 ], [ 139.72402, 35.689498 ], [ 139.724031, 35.689515 ], [ 139.724034, 35.689521 ], [ 139.724088, 35.689615 ], [ 139.724101, 35.689643 ], [ 139.724153, 35.689756 ], [ 139.724252, 35.689973 ], [ 139.724298, 35.69006 ], [ 139.724306, 35.690074 ], [ 139.724515, 35.690472 ], [ 139.724529, 35.690498 ], [ 139.724603, 35.690632 ], [ 139.724617, 35.690658 ], [ 139.72502, 35.690516 ], [ 139.725128, 35.690477 ], [ 139.725349, 35.690398 ], [ 139.725378, 35.690388 ], [ 139.725379, 35.690388 ], [ 139.725398, 35.690381 ] ] ] } },
{ "type": "Feature", "properties": { "key": "新宿区|四谷坂町", "ward": "新宿区", "town": "四谷坂町" }, "geometry": { "type": "Polygon", "coordinates": [ [ [ 139.726558, 35.691877 ], [ 139.726623, 35.691847 ], [ 139.726744, 35.691788 ], [ 139.727267, 35.691537 ], [ 139.727424, 35.691464 ], [ 139.72755, 35.691416 ], [ 139.727572, 35.691408 ], [ 139.727716, 35.691362 ], [ 139.72781, 35.691338 ], [ 139.727903, 35.691315 ], [ 139.728122, 35.691279 ], [ 139.72831, 35.691257 ], [ 139.728337, 35.691254 ], [ 139.728711, 35.691211 ], [ 139.728706, 35.691165 ], [ 139.728665, 35.690704 ], [ 139.728665, 35.690701 ], [ 139.728674, 35.6907 ], [ 139.728717, 35.690695 ], [ 139.728688, 35.690471 ], [ 139.728688, 35.69047 ], [ 139.728673, 35.690351 ], [ 139.728984, 35.690342 ], [ 139.729003, 35.690339 ], [ 139.72901, 35.690339 ], [ 139.729065, 35.690058 ], [ 139.729192, 35.690069 ], [ 139.729212, 35.69007 ], [ 139.729215, 35.689961 ], [ 139.729194, 35.68984 ], [ 139.729115, 35.689824 ], [ 139.72917, 35.689532 ], [ 139.729166, 35.689522 ], [ 139.72916, 35.689517 ], [ 139.729097, 35.689428 ], [ 139.72885, 35.68936 ], [ 139.728746, 35.68932 ], [ 139.72869, 35.689181 ], [ 139.728659, 35.68917 ], [ 139.72849, 35.689085 ], [ 139.728244, 35.688712 ], [ 139.728103, 35.688749 ], [ 139.727969, 35.688808 ], [ 139.727748, 35.688883 ], [ 139.72772, 35.688828 ], [ 139.727573, 35.688531 ], [ 139.727561, 35.688509 ], [ 139.727527, 35.688526 ], [ 139.727172, 35.688689 ], [ 139.727158, 35.688696 ], [ 139.727151, 35.6887 ], [ 139.727074, 35.688746 ], [ 139.726757, 35.688869 ], [ 139.726771, 35.688891 ], [ 139.727014, 35.689349 ], [ 139.727061, 35.689446 ], [ 139.727081, 35.689486 ], [ 139.727102, 35.689528 ], [ 139.727208, 35.689742 ], [ 139.727137, 35.689766 ], [ 139.727025, 35.689804 ], [ 139.726981, 35.689824 ], [ 139.726376, 35.690023 ], [ 139.726356, 35.69003 ], [ 139.726222, 35.69008 ], [ 139.72614, 35.690117 ], [ 139.725985, 35.690187 ], [ 139.72593, 35.690201 ], [ 139.725668, 35.690305 ], [ 139.725406, 35.690393 ], [ 139.725398, 35.690381 ], [ 139.725379, 35.690388 ], [ 139.725378, 35.690388 ], [ 139.725349, 35.690398 ], [ 139.725128, 35.690477 ], [ 139.72502, 35.690516 ], [ 139.724617, 35.690658 ], [ 139.724684, 35.690777 ], [ 139.724831, 35.691038 ], [ 139.724915, 35.691185 ], [ 139.724946, 35.691225 ], [ 139.724951, 35.691234 ], [ 139.725112, 35.691508 ], [ 139.725118, 35.691514 ], [ 139.725132, 35.691526 ], [ 139.725303, 35.691788 ], [ 139.725821, 35.691564 ], [ 139.72613, 35.691932 ], [ 139.726124, 35.691941 ], [ 139.726133, 35.691936 ], [ 139.726209, 35.692045 ], [ 139.726404, 35.691951 ], [ 139.726558, 35.691877 ] ] ] } },
{ "type": "Feature", "properties": { "key": "新宿区|若葉1丁目", "ward": "新宿区", "town": "若葉１丁目" }, "geometry": { "type": "Polygon", "coordinates": [ [ [ 139.725421, 35.686119 ], [ 139.725518, 35.686074 ], [ 139.725794, 35.685973 ], [ 139.726013, 35.686457 ], [ 139.726435, 35.686374 ], [ 139.726416, 35.686306 ], [ 139.726963, 35.686145 ], [ 139.726979, 35.686141 ], [ 139.726909, 35.685792 ], [ 139.726899, 35.685741 ], [ 139.726897, 35.685724 ], [ 139.726978, 35.685707 ], [ 139.726922, 35.685525 ], [ 139.727224, 35.685486 ], [ 139.727123, 35.685102 ], [ 139.727376, 35.685043 ], [ 139.727289, 35.684635 ], [ 139.727287, 35.684626 ], [ 139.727224, 35.684331 ], [ 139.727195, 35.684194 ], [ 139.727221, 35.684189 ], [ 139.728114, 35.683992 ], [ 139.728016, 35.683624 ], [ 139.728007, 35.683588 ], [ 139.727856, 35.683013 ], [ 139.727814, 35.682855 ], [ 139.727919, 35.682592 ], [ 139.727936, 35.682593 ], [ 139.727656, 35.68222 ], [ 139.727453, 35.681924 ], [ 139.727133, 35.681242 ], [ 139.726819, 35.680535 ], [ 139.726294, 35.680742 ], [ 139.726004, 35.680833 ], [ 139.725643, 35.680967 ], [ 139.725194, 35.681071 ], [ 139.725119, 35.681218 ], [ 139.72506, 35.68137 ], [ 139.725415, 35.681542 ], [ 139.725516, 35.681858 ], [ 139.72547, 35.682 ], [ 139.725456, 35.682062 ], [ 139.725214, 35.682113 ], [ 139.72522, 35.682288 ], [ 139.725211, 35.682496 ], [ 139.725206, 35.682718 ], [ 139.725129, 35.6829 ], [ 139.725176, 35.683067 ], [ 139.725281, 35.683307 ], [ 139.725296, 35.683303 ], [ 139.725299, 35.683313 ], [ 139.725327, 35.683463 ], [ 139.725329, 35.683472 ], [ 139.72531, 35.683478 ], [ 139.725353, 35.68369 ], [ 139.725322, 35.683998 ], [ 139.725321, 35.684007 ], [ 139.725298, 35.684008 ], [ 139.725292, 35.684176 ], [ 139.725291, 35.684217 ], [ 139.725387, 35.684223 ], [ 139.725491, 35.684223 ], [ 139.72564, 35.684209 ], [ 139.725905, 35.684169 ], [ 139.725931, 35.684163 ], [ 139.726081, 35.684478 ], [ 139.726148, 35.684654 ], [ 139.725838, 35.684738 ], [ 139.7259, 35.684923 ], [ 139.725469, 35.685173 ], [ 139.725357, 35.685238 ], [ 139.725192, 35.685334 ], [ 139.725179, 35.68534 ], [ 139.724993, 35.685433 ], [ 139.724788, 35.6856 ], [ 139.724637, 35.685723 ], [ 139.724184, 35.685962 ], [ 139.724052, 35.686032 ], [ 139.724034, 35.686039 ], [ 139.724046, 35.686055 ], [ 139.72403, 35.686066 ], [ 139.723834, 35.686182 ], [ 139.72365, 35.686275 ], [ 139.723311, 35.686446 ], [ 139.723277, 35.686441 ], [ 139.72322, 35.686433 ], [ 139.72316, 35.68643 ], [ 139.723113, 35.686428 ], [ 139.722873, 35.686461 ], [ 139.722719, 35.686513 ], [ 139.722708, 35.686496 ], [ 139.722589, 35.68652 ], [ 139.722613, 35.686589 ], [ 139.722613, 35.686605 ], [ 139.722783, 35.687113 ], [ 139.722861, 35.687345 ], [ 139.722913, 35.687545 ], [ 139.723053, 35.687525 ], [ 139.723437, 35.687438 ], [ 139.723781, 35.687339 ], [ 139.723788, 35.687337 ], [ 139.72424, 35.687185 ], [ 139.724251, 35.687182 ], [ 139.724678, 35.687038 ], [ 139.724705, 35.687028 ], [ 139.724696, 35.687015 ], [ 139.724373, 35.686531 ], [ 139.725421, 35.686119 ] ] ] } },
{ "type": "Feature", "properties": { "key": "新宿区|若葉2丁目", "ward": "新宿区", "town": "若葉２丁目" }, "geometry": { "type": "Polygon", "coordinates": [ [ [ 139.722708, 35.686496 ], [ 139.722719, 35.686513 ], [ 139.722873, 35.686461 ], [ 139.723113, 35.686428 ], [ 139.72316, 35.68643 ], [ 139.72322, 35.686433 ], [ 139.723277, 35.686441 ], [ 139.723311, 35.686446 ], [ 139.72365, 35.686275 ], [ 139.723834, 35.686182 ], [ 139.72403, 35.686066 ], [ 139.724046, 35.686055 ], [ 139.724034, 35.686039 ], [ 139.724052, 35.686032 ], [ 139.724184, 35.685962 ], [ 139.724637, 35.685723 ], [ 139.724788, 35.6856 ], [ 139.724993, 35.685433 ], [ 139.725179, 35.68534 ], [ 139.725192, 35.685334 ], [ 139.725357, 35.685238 ], [ 139.725469, 35.685173 ], [ 139.7259, 35.684923 ], [ 139.725838, 35.684738 ], [ 139.726148, 35.684654 ], [ 139.726081, 35.684478 ], [ 139.725931, 35.684163 ], [ 139.725905, 35.684169 ], [ 139.72564, 35.684209 ], [ 139.725491, 35.684223 ], [ 139.725387, 35.684223 ], [ 139.725291, 35.684217 ], [ 139.725292, 35.684176 ], [ 139.725298, 35.684008 ], [ 139.725321, 35.684007 ], [ 139.725322, 35.683998 ], [ 139.725353, 35.68369 ], [ 139.72531, 35.683478 ], [ 139.725329, 35.683472 ], [ 139.725327, 35.683463 ], [ 139.725299, 35.683313 ], [ 139.725296, 35.683303 ], [ 139.725281, 35.683307 ], [ 139.724801, 35.683383 ], [ 139.724723, 35.68329 ], [ 139.724226, 35.683472 ], [ 139.724312, 35.68355 ], [ 139.724315, 35.683558 ], [ 139.724362, 35.683678 ], [ 139.724369, 35.683714 ], [ 139.724403, 35.6839 ], [ 139.724428, 35.683969 ], [ 139.724459, 35.684013 ], [ 139.724459, 35.684082 ], [ 139.724393, 35.684196 ], [ 139.724383, 35.684216 ], [ 139.724272, 35.684318 ], [ 139.724265, 35.684326 ], [ 139.724188, 35.684413 ], [ 139.724187, 35.684414 ], [ 139.72406, 35.684639 ], [ 139.723955, 35.684775 ], [ 139.723807, 35.684899 ], [ 139.72379, 35.684909 ], [ 139.723765, 35.684887 ], [ 139.723603, 35.684991 ], [ 139.723565, 35.684946 ], [ 139.723464, 35.685003 ], [ 139.723574, 35.685167 ], [ 139.72363, 35.685238 ], [ 139.723517, 35.685299 ], [ 139.72351, 35.685288 ], [ 139.723403, 35.685158 ], [ 139.723393, 35.685164 ], [ 139.723014, 35.685364 ], [ 139.722962, 35.685285 ], [ 139.722918, 35.685218 ], [ 139.722551, 35.685448 ], [ 139.722543, 35.685452 ], [ 139.72253, 35.685552 ], [ 139.722502, 35.685639 ], [ 139.72249, 35.685676 ], [ 139.722481, 35.685826 ], [ 139.72264, 35.685823 ], [ 139.722647, 35.685882 ], [ 139.722672, 35.685902 ], [ 139.722657, 35.686028 ], [ 139.722506, 35.686061 ], [ 139.722495, 35.686257 ], [ 139.722498, 35.686296 ], [ 139.722525, 35.686419 ], [ 139.722562, 35.686442 ], [ 139.722589, 35.68652 ], [ 139.722708, 35.686496 ] ] ] } },
{ "type": "Feature", "properties": { "key": "新宿区|若葉3丁目", "ward": "新宿区", "town": "若葉３丁目" }, "geometry": { "type": "Polygon", "coordinates": [ [ [ 139.723956, 35.683162 ], [ 139.724095, 35.683354 ], [ 139.724226, 35.683472 ], [ 139.724723, 35.68329 ], [ 139.724801, 35.683383 ], [ 139.725281, 35.683307 ], [ 139.725176, 35.683067 ], [ 139.725129, 35.6829 ], [ 139.725206, 35.682718 ], [ 139.725211, 35.682496 ], [ 139.72522, 35.682288 ], [ 139.725214, 35.682113 ], [ 139.725456, 35.682062 ], [ 139.72547, 35.682 ], [ 139.725516, 35.681858 ], [ 139.725415, 35.681542 ], [ 139.72506, 35.68137 ], [ 139.724939, 35.681673 ], [ 139.724465, 35.681584 ], [ 139.724429, 35.681573 ], [ 139.724428, 35.681576 ], [ 139.724359, 35.681821 ], [ 139.724358, 35.681825 ], [ 139.724195, 35.682258 ], [ 139.724134, 35.682301 ], [ 139.724077, 35.682346 ], [ 139.724021, 35.682406 ], [ 139.723993, 35.682337 ], [ 139.72377, 35.682417 ], [ 139.723711, 35.682392 ], [ 139.723587, 35.682339 ], [ 139.723232, 35.682223 ], [ 139.723116, 35.682178 ], [ 139.723035, 35.682294 ], [ 139.722988, 35.682281 ], [ 139.722933, 35.682389 ], [ 139.722939, 35.682394 ], [ 139.722941, 35.682396 ], [ 139.723053, 35.68246 ], [ 139.723121, 35.682511 ], [ 139.723102, 35.682542 ], [ 139.72327, 35.682723 ], [ 139.723171, 35.68279 ], [ 139.723147, 35.682867 ], [ 139.723099, 35.682918 ], [ 139.722954, 35.682981 ], [ 139.722609, 35.683182 ], [ 139.722626, 35.683246 ], [ 139.72263, 35.683273 ], [ 139.722142, 35.683406 ], [ 139.722071, 35.683426 ], [ 139.721627, 35.683473 ], [ 139.721676, 35.683664 ], [ 139.722011, 35.683671 ], [ 139.722036, 35.683672 ], [ 139.722032, 35.683777 ], [ 139.722032, 35.683795 ], [ 139.722198, 35.683778 ], [ 139.722168, 35.683571 ], [ 139.722831, 35.683494 ], [ 139.723059, 35.68349 ], [ 139.723189, 35.683413 ], [ 139.723217, 35.683396 ], [ 139.723486, 35.683231 ], [ 139.723779, 35.683179 ], [ 139.723956, 35.683162 ] ] ] } },
{ "type": "Feature", "properties": { "key": "新宿区|須賀町", "ward": "新宿区", "town": "須賀町" }, "geometry": { "type": "Polygon", "coordinates": [ [ [ 139.72264, 35.685823 ], [ 139.722481, 35.685826 ], [ 139.72249, 35.685676 ], [ 139.722502, 35.685639 ], [ 139.72253, 35.685552 ], [ 139.722543, 35.685452 ], [ 139.722551, 35.685448 ], [ 139.722918, 35.685218 ], [ 139.722962, 35.685285 ], [ 139.723014, 35.685364 ], [ 139.723393, 35.685164 ], [ 139.723403, 35.685158 ], [ 139.72351, 35.685288 ], [ 139.723517, 35.685299 ], [ 139.72363, 35.685238 ], [ 139.723574, 35.685167 ], [ 139.723464, 35.685003 ], [ 139.723565, 35.684946 ], [ 139.723603, 35.684991 ], [ 139.723765, 35.684887 ], [ 139.72379, 35.684909 ], [ 139.723807, 35.684899 ], [ 139.723955, 35.684775 ], [ 139.72406, 35.684639 ], [ 139.724187, 35.684414 ], [ 139.724188, 35.684413 ], [ 139.724265, 35.684326 ], [ 139.724272, 35.684318 ], [ 139.724383, 35.684216 ], [ 139.724393, 35.684196 ], [ 139.724459, 35.684082 ], [ 139.724459, 35.684013 ], [ 139.724428, 35.683969 ], [ 139.724403, 35.6839 ], [ 139.724369, 35.683714 ], [ 139.724362, 35.683678 ], [ 139.724315, 35.683558 ], [ 139.724312, 35.68355 ], [ 139.724226, 35.683472 ], [ 139.724095, 35.683354 ], [ 139.723956, 35.683162 ], [ 139.723779, 35.683179 ], [ 139.723486, 35.683231 ], [ 139.723217, 35.683396 ], [ 139.723189, 35.683413 ], [ 139.723059, 35.68349 ], [ 139.722831, 35.683494 ], [ 139.722168, 35.683571 ], [ 139.722198, 35.683778 ], [ 139.722032, 35.683795 ], [ 139.722031, 35.683795 ], [ 139.721702, 35.683824 ], [ 139.72171, 35.683849 ], [ 139.721511, 35.68386 ], [ 139.721233, 35.683875 ], [ 139.721216, 35.683876 ], [ 139.721226, 35.684013 ], [ 139.721162, 35.684022 ], [ 139.720894, 35.684059 ], [ 139.720892, 35.684059 ], [ 139.720866, 35.684062 ], [ 139.719946, 35.684168 ], [ 139.719844, 35.68418 ], [ 139.719824, 35.684182 ], [ 139.719977, 35.68449 ], [ 139.720068, 35.684502 ], [ 139.720552, 35.684471 ], [ 139.720979, 35.684435 ], [ 139.721386, 35.68439 ], [ 139.721429, 35.684593 ], [ 139.721483, 35.684962 ], [ 139.721487, 35.684983 ], [ 139.721528, 35.685209 ], [ 139.72154, 35.685345 ], [ 139.721549, 35.68542 ], [ 139.721569, 35.685589 ], [ 139.721611, 35.685785 ], [ 139.721658, 35.685959 ], [ 139.721685, 35.686181 ], [ 139.721722, 35.686438 ], [ 139.721724, 35.686447 ], [ 139.721759, 35.686595 ], [ 139.721842, 35.687141 ], [ 139.721845, 35.687157 ], [ 139.721849, 35.687186 ], [ 139.721894, 35.687502 ], [ 139.721919, 35.687641 ], [ 139.722367, 35.687617 ], [ 139.722701, 35.687587 ], [ 139.722913, 35.687545 ], [ 139.722861, 35.687345 ], [ 139.722783, 35.687113 ], [ 139.722613, 35.686605 ], [ 139.722613, 35.686589 ], [ 139.722589, 35.68652 ], [ 139.722562, 35.686442 ], [ 139.722525, 35.686419 ], [ 139.722498, 35.686296 ], [ 139.722495, 35.686257 ], [ 139.722506, 35.686061 ], [ 139.722657, 35.686028 ], [ 139.722672, 35.685902 ], [ 139.722647, 35.685882 ], [ 139.72264, 35.685823 ] ] ] } },
{ "type": "Feature", "properties": { "key": "新宿区|左門町", "ward": "新宿区", "town": "左門町" }, "geometry": { "type": "Polygon", "coordinates": [ [ [ 139.721759, 35.686595 ], [ 139.721724, 35.686447 ], [ 139.721722, 35.686438 ], [ 139.721685, 35.686181 ], [ 139.721658, 35.685959 ], [ 139.721611, 35.685785 ], [ 139.721569, 35.685589 ], [ 139.721549, 35.68542 ], [ 139.72154, 35.685345 ], [ 139.721528, 35.685209 ], [ 139.721487, 35.684983 ], [ 139.721483, 35.684962 ], [ 139.721429, 35.684593 ], [ 139.721386, 35.68439 ], [ 139.720979, 35.684435 ], [ 139.720552, 35.684471 ], [ 139.720068, 35.684502 ], [ 139.719977, 35.68449 ], [ 139.719658, 35.684507 ], [ 139.719609, 35.684522 ], [ 139.719561, 35.68456 ], [ 139.719176, 35.684603 ], [ 139.71923, 35.684988 ], [ 139.719252, 35.685217 ], [ 139.719314, 35.685772 ], [ 139.719333, 35.685944 ], [ 139.719388, 35.686445 ], [ 139.719437, 35.686885 ], [ 139.719273, 35.686881 ], [ 139.718935, 35.686887 ], [ 139.718906, 35.686891 ], [ 139.718926, 35.687099 ], [ 139.718998, 35.687309 ], [ 139.719599, 35.687373 ], [ 139.720353, 35.687473 ], [ 139.72043, 35.687491 ], [ 139.72049, 35.687506 ], [ 139.720891, 35.687556 ], [ 139.720949, 35.687563 ], [ 139.721014, 35.687559 ], [ 139.721077, 35.687555 ], [ 139.72127, 35.687542 ], [ 139.721319, 35.687539 ], [ 139.721478, 35.687529 ], [ 139.721894, 35.687502 ], [ 139.721849, 35.687186 ], [ 139.721845, 35.687157 ], [ 139.721842, 35.687141 ], [ 139.721759, 35.686595 ] ] ] } },
{ "type": "Feature", "properties": { "key": "新宿区|信濃町", "ward": "新宿区", "town": "信濃町" }, "geometry": { "type": "Polygon", "coordinates": [ [ [ 139.719544, 35.684501 ], [ 139.719609, 35.684522 ], [ 139.719658, 35.684507 ], [ 139.719977, 35.68449 ], [ 139.719824, 35.684182 ], [ 139.719844, 35.68418 ], [ 139.719946, 35.684168 ], [ 139.720866, 35.684062 ], [ 139.720892, 35.684059 ], [ 139.720894, 35.684059 ], [ 139.721162, 35.684022 ], [ 139.721226, 35.684013 ], [ 139.721216, 35.683876 ], [ 139.721233, 35.683875 ], [ 139.721511, 35.68386 ], [ 139.72171, 35.683849 ], [ 139.721702, 35.683824 ], [ 139.722031, 35.683795 ], [ 139.722032, 35.683795 ], [ 139.722032, 35.683777 ], [ 139.722036, 35.683672 ], [ 139.722011, 35.683671 ], [ 139.721676, 35.683664 ], [ 139.721627, 35.683473 ], [ 139.722071, 35.683426 ], [ 139.722142, 35.683406 ], [ 139.72263, 35.683273 ], [ 139.722626, 35.683246 ], [ 139.722609, 35.683182 ], [ 139.722585, 35.683123 ], [ 139.722535, 35.683068 ], [ 139.722496, 35.683027 ], [ 139.722525, 35.682919 ], [ 139.722527, 35.682868 ], [ 139.722543, 35.682561 ], [ 139.722531, 35.682558 ], [ 139.722587, 35.682191 ], [ 139.722534, 35.682156 ], [ 139.722577, 35.68199 ], [ 139.722473, 35.681977 ], [ 139.722527, 35.681785 ], [ 139.72222, 35.681775 ], [ 139.722224, 35.681744 ], [ 139.722354, 35.680932 ], [ 139.722177, 35.680918 ], [ 139.721778, 35.680907 ], [ 139.721243, 35.680871 ], [ 139.720816, 35.68085 ], [ 139.720404, 35.680827 ], [ 139.720395, 35.680321 ], [ 139.720709, 35.680289 ], [ 139.720774, 35.68016 ], [ 139.721039, 35.680114 ], [ 139.721031, 35.680048 ], [ 139.720983, 35.679662 ], [ 139.719903, 35.679771 ], [ 139.719817, 35.679837 ], [ 139.719736, 35.679867 ], [ 139.719559, 35.679881 ], [ 139.719236, 35.67992 ], [ 139.719074, 35.679939 ], [ 139.718988, 35.679948 ], [ 139.719078, 35.680434 ], [ 139.7186, 35.680482 ], [ 139.716931, 35.6807 ], [ 139.717025, 35.681513 ], [ 139.717126, 35.682494 ], [ 139.71715, 35.68272 ], [ 139.717152, 35.682733 ], [ 139.717161, 35.683194 ], [ 139.717174, 35.683698 ], [ 139.717585, 35.683667 ], [ 139.717569, 35.683574 ], [ 139.717998, 35.683498 ], [ 139.718071, 35.683476 ], [ 139.71808, 35.683506 ], [ 139.718274, 35.684347 ], [ 139.718455, 35.684308 ], [ 139.718649, 35.684274 ], [ 139.718666, 35.684566 ], [ 139.718676, 35.68466 ], [ 139.718678, 35.684687 ], [ 139.718842, 35.684668 ], [ 139.718822, 35.684554 ], [ 139.719436, 35.684509 ], [ 139.719544, 35.684501 ] ] ] } },
{ "type": "Feature", "properties": { "key": "新宿区|南元町", "ward": "新宿区", "town": "南元町" }, "geometry": { "type": "Polygon", "coordinates": [ [ [ 139.722988, 35.682281 ], [ 139.723035, 35.682294 ], [ 139.723116, 35.682178 ], [ 139.723232, 35.682223 ], [ 139.723587, 35.682339 ], [ 139.723711, 35.682392 ], [ 139.72377, 35.682417 ], [ 139.723993, 35.682337 ], [ 139.724021, 35.682406 ], [ 139.724077, 35.682346 ], [ 139.724134, 35.682301 ], [ 139.724195, 35.682258 ], [ 139.724358, 35.681825 ], [ 139.724359, 35.681821 ], [ 139.724428, 35.681576 ], [ 139.724429, 35.681573 ], [ 139.724465, 35.681584 ], [ 139.724939, 35.681673 ], [ 139.72506, 35.68137 ], [ 139.725119, 35.681218 ], [ 139.725194, 35.681071 ], [ 139.725643, 35.680967 ], [ 139.726004, 35.680833 ], [ 139.726294, 35.680742 ], [ 139.726819, 35.680535 ], [ 139.726634, 35.680123 ], [ 139.726502, 35.67987 ], [ 139.726403, 35.679772 ], [ 139.726299, 35.679693 ], [ 139.72603, 35.679529 ], [ 139.725827, 35.67945 ], [ 139.725488, 35.679365 ], [ 139.725141, 35.679299 ], [ 139.724946, 35.679198 ], [ 139.724285, 35.678828 ], [ 139.724038, 35.678699 ], [ 139.723886, 35.678898 ], [ 139.723736, 35.678886 ], [ 139.723614, 35.678872 ], [ 139.723291, 35.678888 ], [ 139.722699, 35.678992 ], [ 139.722414, 35.678985 ], [ 139.721798, 35.678984 ], [ 139.7218, 35.678844 ], [ 139.721622, 35.67884 ], [ 139.721632, 35.678881 ], [ 139.721143, 35.678889 ], [ 139.721087, 35.679112 ], [ 139.721085, 35.679121 ], [ 139.720846, 35.679048 ], [ 139.720695, 35.679182 ], [ 139.720404, 35.679074 ], [ 139.720065, 35.678949 ], [ 139.719761, 35.679132 ], [ 139.719598, 35.679443 ], [ 139.719537, 35.679425 ], [ 139.719341, 35.67979 ], [ 139.719328, 35.679805 ], [ 139.719305, 35.679819 ], [ 139.719272, 35.679828 ], [ 139.719056, 35.67985 ], [ 139.71897, 35.679859 ], [ 139.718988, 35.679948 ], [ 139.719074, 35.679939 ], [ 139.719236, 35.67992 ], [ 139.719559, 35.679881 ], [ 139.719736, 35.679867 ], [ 139.719817, 35.679837 ], [ 139.719903, 35.679771 ], [ 139.720983, 35.679662 ], [ 139.721031, 35.680048 ], [ 139.721039, 35.680114 ], [ 139.720774, 35.68016 ], [ 139.720709, 35.680289 ], [ 139.720395, 35.680321 ], [ 139.720404, 35.680827 ], [ 139.720816, 35.68085 ], [ 139.721243, 35.680871 ], [ 139.721778, 35.680907 ], [ 139.722177, 35.680918 ], [ 139.722354, 35.680932 ], [ 139.722224, 35.681744 ], [ 139.72222, 35.681775 ], [ 139.722527, 35.681785 ], [ 139.722473, 35.681977 ], [ 139.722577, 35.68199 ], [ 139.722534, 35.682156 ], [ 139.722587, 35.682191 ], [ 139.722531, 35.682558 ], [ 139.722543, 35.682561 ], [ 139.722527, 35.682868 ], [ 139.722525, 35.682919 ], [ 139.722496, 35.683027 ], [ 139.722535, 35.683068 ], [ 139.722585, 35.683123 ], [ 139.722609, 35.683182 ], [ 139.722954, 35.682981 ], [ 139.723099, 35.682918 ], [ 139.723147, 35.682867 ], [ 139.723171, 35.68279 ], [ 139.72327, 35.682723 ], [ 139.723102, 35.682542 ], [ 139.723121, 35.682511 ], [ 139.723053, 35.68246 ], [ 139.722941, 35.682396 ], [ 139.722939, 35.682394 ], [ 139.722933, 35.682389 ], [ 139.722988, 35.682281 ] ] ] } },
{ "type": "Feature", "properties": { "key": "新宿区|荒木町", "ward": "新宿区", "town": "荒木町" }, "geometry": { "type": "Polygon", "coordinates": [ [ [ 139.724364, 35.691707 ], [ 139.724371, 35.691705 ], [ 139.724653, 35.691625 ], [ 139.72485, 35.691586 ], [ 139.725049, 35.691538 ], [ 139.725118, 35.691514 ], [ 139.725112, 35.691508 ], [ 139.724951, 35.691234 ], [ 139.724946, 35.691225 ], [ 139.724915, 35.691185 ], [ 139.724831, 35.691038 ], [ 139.724684, 35.690777 ], [ 139.724617, 35.690658 ], [ 139.724603, 35.690632 ], [ 139.724529, 35.690498 ], [ 139.724515, 35.690472 ], [ 139.724306, 35.690074 ], [ 139.724298, 35.69006 ], [ 139.724252, 35.689973 ], [ 139.724153, 35.689756 ], [ 139.724101, 35.689643 ], [ 139.724088, 35.689615 ], [ 139.724034, 35.689521 ], [ 139.724031, 35.689515 ], [ 139.72402, 35.689498 ], [ 139.72398, 35.689412 ], [ 139.723967, 35.689384 ], [ 139.7239, 35.689241 ], [ 139.723843, 35.689121 ], [ 139.72383, 35.689094 ], [ 139.723731, 35.688882 ], [ 139.723722, 35.688861 ], [ 139.723615, 35.688625 ], [ 139.723505, 35.688398 ], [ 139.7235, 35.688347 ], [ 139.723499, 35.688336 ], [ 139.723218, 35.688424 ], [ 139.723188, 35.688361 ], [ 139.722944, 35.688399 ], [ 139.722632, 35.688427 ], [ 139.722628, 35.688456 ], [ 139.722473, 35.688472 ], [ 139.722461, 35.688473 ], [ 139.722011, 35.688513 ], [ 139.721984, 35.688516 ], [ 139.721917, 35.688519 ], [ 139.721914, 35.688488 ], [ 139.721787, 35.688494 ], [ 139.72179, 35.688555 ], [ 139.721771, 35.688551 ], [ 139.721783, 35.688975 ], [ 139.721783, 35.688997 ], [ 139.721781, 35.689293 ], [ 139.721773, 35.689356 ], [ 139.721775, 35.689603 ], [ 139.721772, 35.689994 ], [ 139.721764, 35.690227 ], [ 139.721769, 35.690436 ], [ 139.721765, 35.69085 ], [ 139.721764, 35.690966 ], [ 139.721764, 35.691051 ], [ 139.721822, 35.691047 ], [ 139.721882, 35.691051 ], [ 139.721897, 35.691052 ], [ 139.721897, 35.691295 ], [ 139.721827, 35.691295 ], [ 139.721758, 35.691294 ], [ 139.721758, 35.691673 ], [ 139.721758, 35.691704 ], [ 139.721758, 35.691815 ], [ 139.721758, 35.691833 ], [ 139.721756, 35.691892 ], [ 139.721755, 35.691931 ], [ 139.721756, 35.691931 ], [ 139.722286, 35.691925 ], [ 139.722361, 35.691927 ], [ 139.722952, 35.691953 ], [ 139.723006, 35.691957 ], [ 139.723371, 35.691991 ], [ 139.723412, 35.691968 ], [ 139.723504, 35.691962 ], [ 139.723628, 35.691953 ], [ 139.72367, 35.691951 ], [ 139.723699, 35.691949 ], [ 139.724364, 35.691707 ] ] ] } },
{ "type": "Feature", "properties": { "key": "新宿区|舟町", "ward": "新宿区", "town": "舟町" }, "geometry": { "type": "Polygon", "coordinates": [ [ [ 139.721004, 35.691882 ], [ 139.721736, 35.691892 ], [ 139.721756, 35.691892 ], [ 139.721758, 35.691833 ], [ 139.721758, 35.691815 ], [ 139.721758, 35.691704 ], [ 139.721758, 35.691673 ], [ 139.721758, 35.691294 ], [ 139.721827, 35.691295 ], [ 139.721897, 35.691295 ], [ 139.721897, 35.691052 ], [ 139.721882, 35.691051 ], [ 139.721822, 35.691047 ], [ 139.721764, 35.691051 ], [ 139.721764, 35.690966 ], [ 139.721765, 35.69085 ], [ 139.721769, 35.690436 ], [ 139.721764, 35.690227 ], [ 139.721772, 35.689994 ], [ 139.721775, 35.689603 ], [ 139.721773, 35.689356 ], [ 139.721781, 35.689293 ], [ 139.721783, 35.688997 ], [ 139.721783, 35.688975 ], [ 139.721771, 35.688551 ], [ 139.721495, 35.688494 ], [ 139.72145, 35.688465 ], [ 139.721218, 35.688449 ], [ 139.720772, 35.688403 ], [ 139.720762, 35.688402 ], [ 139.720765, 35.688376 ], [ 139.720765, 35.68837 ], [ 139.720354, 35.688353 ], [ 139.720356, 35.688381 ], [ 139.720348, 35.688456 ], [ 139.720363, 35.688703 ], [ 139.720379, 35.688971 ], [ 139.720254, 35.689126 ], [ 139.720227, 35.689535 ], [ 139.720225, 35.689807 ], [ 139.720217, 35.690282 ], [ 139.720221, 35.690401 ], [ 139.720222, 35.690422 ], [ 139.72023, 35.690671 ], [ 139.720229, 35.690695 ], [ 139.720224, 35.690883 ], [ 139.720379, 35.690874 ], [ 139.720457, 35.691569 ], [ 139.720467, 35.691699 ], [ 139.720609, 35.691692 ], [ 139.720637, 35.691898 ], [ 139.721004, 35.691882 ] ] ] } },
{ "type": "Feature", "properties": { "key": "新宿区|愛住町", "ward": "新宿区", "town": "愛住町" }, "geometry": { "type": "Polygon", "coordinates": [ [ [ 139.720609, 35.691692 ], [ 139.720467, 35.691699 ], [ 139.720457, 35.691569 ], [ 139.720379, 35.690874 ], [ 139.720224, 35.690883 ], [ 139.720229, 35.690695 ], [ 139.72023, 35.690671 ], [ 139.720222, 35.690422 ], [ 139.720221, 35.690401 ], [ 139.720217, 35.690282 ], [ 139.720225, 35.689807 ], [ 139.720227, 35.689535 ], [ 139.720254, 35.689126 ], [ 139.720379, 35.688971 ], [ 139.720363, 35.688703 ], [ 139.720348, 35.688456 ], [ 139.719832, 35.688433 ], [ 139.719736, 35.688412 ], [ 139.719755, 35.688305 ], [ 139.719349, 35.688276 ], [ 139.719353, 35.688236 ], [ 139.718895, 35.688198 ], [ 139.718594, 35.688152 ], [ 139.718582, 35.688241 ], [ 139.718568, 35.688241 ], [ 139.718199, 35.688227 ], [ 139.718198, 35.688253 ], [ 139.718196, 35.68849 ], [ 139.718534, 35.688494 ], [ 139.718507, 35.688746 ], [ 139.718224, 35.688779 ], [ 139.718241, 35.688957 ], [ 139.718332, 35.688948 ], [ 139.718364, 35.688945 ], [ 139.718447, 35.688965 ], [ 139.718528, 35.689028 ], [ 139.718532, 35.689041 ], [ 139.718552, 35.689055 ], [ 139.718667, 35.689364 ], [ 139.718712, 35.689672 ], [ 139.718724, 35.68973 ], [ 139.718724, 35.689851 ], [ 139.718724, 35.689853 ], [ 139.718694, 35.689854 ], [ 139.718257, 35.689853 ], [ 139.718248, 35.689853 ], [ 139.718244, 35.689872 ], [ 139.718239, 35.69016 ], [ 139.717738, 35.690154 ], [ 139.717712, 35.690153 ], [ 139.717692, 35.690406 ], [ 139.717656, 35.690557 ], [ 139.717642, 35.690555 ], [ 139.717625, 35.69055 ], [ 139.717622, 35.69055 ], [ 139.717588, 35.690721 ], [ 139.717592, 35.690721 ], [ 139.717628, 35.690725 ], [ 139.717627, 35.690734 ], [ 139.717587, 35.690986 ], [ 139.717591, 35.690987 ], [ 139.717613, 35.690991 ], [ 139.717808, 35.691033 ], [ 139.717958, 35.691066 ], [ 139.718002, 35.691098 ], [ 139.718251, 35.691129 ], [ 139.718289, 35.691134 ], [ 139.718654, 35.691155 ], [ 139.718696, 35.691157 ], [ 139.718714, 35.691158 ], [ 139.719126, 35.691683 ], [ 139.719176, 35.691692 ], [ 139.719533, 35.69179 ], [ 139.719678, 35.69183 ], [ 139.720092, 35.691944 ], [ 139.720229, 35.691982 ], [ 139.720472, 35.691908 ], [ 139.720637, 35.691898 ], [ 139.720609, 35.691692 ] ] ] } },
{ "type": "Feature", "properties": { "key": "新宿区|大京町", "ward": "新宿区", "town": "大京町" }, "geometry": { "type": "Polygon", "coordinates": [ [ [ 139.717002, 35.686928 ], [ 139.717037, 35.686931 ], [ 139.717533, 35.686954 ], [ 139.717552, 35.686748 ], [ 139.717571, 35.686528 ], [ 139.717572, 35.686518 ], [ 139.717596, 35.686086 ], [ 139.717615, 35.6861 ], [ 139.718019, 35.686097 ], [ 139.718125, 35.686097 ], [ 139.718114, 35.686249 ], [ 139.718109, 35.686325 ], [ 139.718096, 35.686503 ], [ 139.718079, 35.686783 ], [ 139.718061, 35.687089 ], [ 139.718344, 35.687092 ], [ 139.718926, 35.687099 ], [ 139.718906, 35.686891 ], [ 139.718935, 35.686887 ], [ 139.719273, 35.686881 ], [ 139.719437, 35.686885 ], [ 139.719388, 35.686445 ], [ 139.719333, 35.685944 ], [ 139.719314, 35.685772 ], [ 139.719252, 35.685217 ], [ 139.71923, 35.684988 ], [ 139.719176, 35.684603 ], [ 139.719561, 35.68456 ], [ 139.719609, 35.684522 ], [ 139.719544, 35.684501 ], [ 139.719436, 35.684509 ], [ 139.718822, 35.684554 ], [ 139.718842, 35.684668 ], [ 139.718678, 35.684687 ], [ 139.718676, 35.68466 ], [ 139.718666, 35.684566 ], [ 139.718649, 35.684274 ], [ 139.718455, 35.684308 ], [ 139.718274, 35.684347 ], [ 139.71808, 35.683506 ], [ 139.718071, 35.683476 ], [ 139.717998, 35.683498 ], [ 139.717569, 35.683574 ], [ 139.717585, 35.683667 ], [ 139.717174, 35.683698 ], [ 139.717161, 35.683194 ], [ 139.717152, 35.682733 ], [ 139.71715, 35.68272 ], [ 139.717126, 35.682494 ], [ 139.717025, 35.681513 ], [ 139.716931, 35.6807 ], [ 139.716449, 35.680763 ], [ 139.715958, 35.680832 ], [ 139.71574, 35.680863 ], [ 139.715288, 35.680926 ], [ 139.715107, 35.680892 ], [ 139.714854, 35.680952 ], [ 139.714694, 35.68098 ], [ 139.714452, 35.680882 ], [ 139.714443, 35.680863 ], [ 139.714422, 35.68088 ], [ 139.714256, 35.680982 ], [ 139.714222, 35.681011 ], [ 139.714016, 35.681186 ], [ 139.713658, 35.681489 ], [ 139.713725, 35.68156 ], [ 139.713607, 35.681638 ], [ 139.713596, 35.681691 ], [ 139.713695, 35.68168 ], [ 139.713789, 35.681644 ], [ 139.714153, 35.681552 ], [ 139.714223, 35.681615 ], [ 139.714354, 35.681708 ], [ 139.714648, 35.681941 ], [ 139.714666, 35.681955 ], [ 139.71483, 35.682085 ], [ 139.715154, 35.68232 ], [ 139.715344, 35.682458 ], [ 139.715399, 35.68254 ], [ 139.715346, 35.683234 ], [ 139.715517, 35.683311 ], [ 139.715638, 35.683347 ], [ 139.715814, 35.683387 ], [ 139.715879, 35.683401 ], [ 139.7159, 35.683453 ], [ 139.7159, 35.683668 ], [ 139.715901, 35.683885 ], [ 139.715901, 35.683986 ], [ 139.715901, 35.684042 ], [ 139.715902, 35.684366 ], [ 139.715903, 35.684438 ], [ 139.715911, 35.684888 ], [ 139.715913, 35.685039 ], [ 139.715914, 35.685097 ], [ 139.715916, 35.685182 ], [ 139.715916, 35.68519 ], [ 139.715922, 35.685342 ], [ 139.715934, 35.685642 ], [ 139.715932, 35.685851 ], [ 139.71593, 35.686013 ], [ 139.715928, 35.686191 ], [ 139.715928, 35.686205 ], [ 139.715932, 35.686593 ], [ 139.715933, 35.686624 ], [ 139.71594, 35.687082 ], [ 139.715957, 35.687083 ], [ 139.716457, 35.687119 ], [ 139.716461, 35.68712 ], [ 139.716467, 35.68712 ], [ 139.716805, 35.687161 ], [ 139.716989, 35.687183 ], [ 139.717002, 35.686928 ] ] ] } },
{ "type": "Feature", "properties": { "key": "新宿区|霞ケ丘町", "ward": "新宿区", "town": "霞ヶ丘町" }, "geometry": { "type": "Polygon", "coordinates": [ [ [ 139.715107, 35.680892 ], [ 139.715288, 35.680926 ], [ 139.71574, 35.680863 ], [ 139.715958, 35.680832 ], [ 139.716449, 35.680763 ], [ 139.716931, 35.6807 ], [ 139.7186, 35.680482 ], [ 139.719078, 35.680434 ], [ 139.718988, 35.679948 ], [ 139.71897, 35.679859 ], [ 139.719056, 35.67985 ], [ 139.719272, 35.679828 ], [ 139.719305, 35.679819 ], [ 139.719328, 35.679805 ], [ 139.719341, 35.67979 ], [ 139.719537, 35.679425 ], [ 139.719598, 35.679443 ], [ 139.719761, 35.679132 ], [ 139.719727, 35.678519 ], [ 139.719162, 35.678577 ], [ 139.719004, 35.678593 ], [ 139.718996, 35.678594 ], [ 139.719086, 35.678423 ], [ 139.719166, 35.678259 ], [ 139.719293, 35.678027 ], [ 139.719429, 35.677633 ], [ 139.719601, 35.677022 ], [ 139.719663, 35.676783 ], [ 139.71945, 35.676739 ], [ 139.719685, 35.675908 ], [ 139.719853, 35.675337 ], [ 139.719868, 35.675266 ], [ 139.71959, 35.675064 ], [ 139.719496, 35.674996 ], [ 139.718608, 35.673987 ], [ 139.716898, 35.673449 ], [ 139.716329, 35.673269 ], [ 139.716245, 35.673242 ], [ 139.715924, 35.673874 ], [ 139.715482, 35.673704 ], [ 139.715358, 35.673761 ], [ 139.714806, 35.674888 ], [ 139.714766, 35.674881 ], [ 139.714617, 35.674856 ], [ 139.714109, 35.674755 ], [ 139.713852, 35.674628 ], [ 139.713646, 35.674548 ], [ 139.71356, 35.674503 ], [ 139.71353, 35.674487 ], [ 139.713336, 35.67447 ], [ 139.713309, 35.674473 ], [ 139.713274, 35.674476 ], [ 139.712821, 35.674406 ], [ 139.712685, 35.674378 ], [ 139.712686, 35.674433 ], [ 139.712703, 35.67474 ], [ 139.712713, 35.674924 ], [ 139.712718, 35.675155 ], [ 139.712741, 35.675595 ], [ 139.712745, 35.675689 ], [ 139.712738, 35.675765 ], [ 139.712731, 35.675841 ], [ 139.712701, 35.67615 ], [ 139.712675, 35.676322 ], [ 139.712671, 35.676345 ], [ 139.712628, 35.67663 ], [ 139.712775, 35.676893 ], [ 139.712823, 35.67698 ], [ 139.712865, 35.677053 ], [ 139.713004, 35.6773 ], [ 139.713316, 35.677871 ], [ 139.713427, 35.678 ], [ 139.713457, 35.678112 ], [ 139.713437, 35.678307 ], [ 139.713534, 35.678474 ], [ 139.713663, 35.678757 ], [ 139.713786, 35.678981 ], [ 139.713868, 35.679015 ], [ 139.714069, 35.679089 ], [ 139.714076, 35.679257 ], [ 139.714086, 35.67943 ], [ 139.71408, 35.679605 ], [ 139.714061, 35.679744 ], [ 139.714224, 35.679961 ], [ 139.714253, 35.680021 ], [ 139.714352, 35.680226 ], [ 139.714474, 35.680443 ], [ 139.714526, 35.680552 ], [ 139.714609, 35.680725 ], [ 139.714443, 35.680863 ], [ 139.714452, 35.680882 ], [ 139.714694, 35.68098 ], [ 139.714854, 35.680952 ], [ 139.715107, 35.680892 ] ] ] } },
{ "type": "Feature", "properties": { "key": "新宿区|内藤町", "ward": "新宿区", "town": "内藤町" }, "geometry": { "type": "Polygon", "coordinates": [ [ [ 139.707912, 35.688623 ], [ 139.70798, 35.688627 ], [ 139.708321, 35.688523 ], [ 139.708532, 35.688451 ], [ 139.708855, 35.688359 ], [ 139.708879, 35.688365 ], [ 139.708877, 35.688351 ], [ 139.708897, 35.688344 ], [ 139.709043, 35.688292 ], [ 139.709667, 35.688085 ], [ 139.709879, 35.688042 ], [ 139.710105, 35.688012 ], [ 139.7105, 35.687934 ], [ 139.710866, 35.68786 ], [ 139.711207, 35.687817 ], [ 139.711503, 35.687762 ], [ 139.711606, 35.687733 ], [ 139.712167, 35.687584 ], [ 139.712529, 35.687486 ], [ 139.712693, 35.687449 ], [ 139.712892, 35.687409 ], [ 139.71318, 35.68737 ], [ 139.713682, 35.68737 ], [ 139.713697, 35.687377 ], [ 139.713798, 35.687421 ], [ 139.713947, 35.687851 ], [ 139.713992, 35.687855 ], [ 139.714267, 35.687806 ], [ 139.714273, 35.687805 ], [ 139.714487, 35.687767 ], [ 139.714498, 35.687763 ], [ 139.714679, 35.687707 ], [ 139.715711, 35.687498 ], [ 139.715933, 35.687458 ], [ 139.715948, 35.6871 ], [ 139.71594, 35.687086 ], [ 139.71594, 35.687082 ], [ 139.715933, 35.686624 ], [ 139.715932, 35.686593 ], [ 139.715928, 35.686205 ], [ 139.715928, 35.686191 ], [ 139.71593, 35.686013 ], [ 139.715932, 35.685851 ], [ 139.715934, 35.685642 ], [ 139.715922, 35.685342 ], [ 139.715916, 35.68519 ], [ 139.715916, 35.685182 ], [ 139.715914, 35.685097 ], [ 139.715913, 35.685039 ], [ 139.715911, 35.684888 ], [ 139.715903, 35.684438 ], [ 139.715902, 35.684366 ], [ 139.715901, 35.684042 ], [ 139.715901, 35.683986 ], [ 139.715901, 35.683885 ], [ 139.7159, 35.683668 ], [ 139.7159, 35.683453 ], [ 139.715879, 35.683401 ], [ 139.715814, 35.683387 ], [ 139.715638, 35.683347 ], [ 139.715517, 35.683311 ], [ 139.715346, 35.683234 ], [ 139.715399, 35.68254 ], [ 139.715344, 35.682458 ], [ 139.715154, 35.68232 ], [ 139.71483, 35.682085 ], [ 139.714666, 35.681955 ], [ 139.714648, 35.681941 ], [ 139.714354, 35.681708 ], [ 139.714223, 35.681615 ], [ 139.714153, 35.681552 ], [ 139.713789, 35.681644 ], [ 139.713695, 35.68168 ], [ 139.713596, 35.681691 ], [ 139.713595, 35.681706 ], [ 139.713214, 35.681981 ], [ 139.712791, 35.682269 ], [ 139.712696, 35.682325 ], [ 139.712468, 35.682486 ], [ 139.712124, 35.682701 ], [ 139.711808, 35.682921 ], [ 139.711484, 35.683179 ], [ 139.711302, 35.683298 ], [ 139.711078, 35.683413 ], [ 139.71053, 35.683476 ], [ 139.710365, 35.68349 ], [ 139.710118, 35.683532 ], [ 139.709861, 35.6838 ], [ 139.70964, 35.683937 ], [ 139.709344, 35.684088 ], [ 139.709072, 35.684177 ], [ 139.708796, 35.684223 ], [ 139.708559, 35.684255 ], [ 139.708193, 35.684313 ], [ 139.707914, 35.68435 ], [ 139.707709, 35.684418 ], [ 139.707416, 35.684585 ], [ 139.707125, 35.684621 ], [ 139.707014, 35.685088 ], [ 139.706891, 35.685483 ], [ 139.706692, 35.686156 ], [ 139.706341, 35.686526 ], [ 139.706094, 35.686765 ], [ 139.705951, 35.687031 ], [ 139.705909, 35.687352 ], [ 139.705444, 35.687742 ], [ 139.705376, 35.68796 ], [ 139.705195, 35.687947 ], [ 139.705191, 35.688 ], [ 139.705168, 35.688061 ], [ 139.705107, 35.688447 ], [ 139.705068, 35.688443 ], [ 139.705057, 35.688504 ], [ 139.705019, 35.688736 ], [ 139.704901, 35.689615 ], [ 139.704818, 35.689867 ], [ 139.705062, 35.689901 ], [ 139.705307, 35.68996 ], [ 139.70554, 35.689908 ], [ 139.705707, 35.689812 ], [ 139.706119, 35.689545 ], [ 139.706287, 35.68944 ], [ 139.706541, 35.68927 ], [ 139.706867, 35.689078 ], [ 139.706976, 35.689044 ], [ 139.707169, 35.688938 ], [ 139.707291, 35.688882 ], [ 139.707549, 35.688781 ], [ 139.707606, 35.688746 ], [ 139.707912, 35.688623 ] ] ] } },
{ "type": "Feature", "properties": { "key": "新宿区|片町", "ward": "新宿区", "town": "片町" }, "geometry": { "type": "Polygon", "coordinates": [ [ [ 139.726133, 35.691936 ], [ 139.726124, 35.691941 ], [ 139.72613, 35.691932 ], [ 139.725821, 35.691564 ], [ 139.725303, 35.691788 ], [ 139.725132, 35.691526 ], [ 139.725118, 35.691514 ], [ 139.725049, 35.691538 ], [ 139.72485, 35.691586 ], [ 139.724653, 35.691625 ], [ 139.724371, 35.691705 ], [ 139.724364, 35.691707 ], [ 139.723699, 35.691949 ], [ 139.72367, 35.691951 ], [ 139.723628, 35.691953 ], [ 139.723504, 35.691962 ], [ 139.723412, 35.691968 ], [ 139.723371, 35.691991 ], [ 139.723399, 35.692054 ], [ 139.723418, 35.692096 ], [ 139.723487, 35.69225 ], [ 139.723503, 35.692287 ], [ 139.723528, 35.692342 ], [ 139.723403, 35.692347 ], [ 139.723406, 35.692393 ], [ 139.723427, 35.692761 ], [ 139.723423, 35.692761 ], [ 139.723445, 35.692842 ], [ 139.7239, 35.692936 ], [ 139.724017, 35.693112 ], [ 139.724128, 35.693078 ], [ 139.724287, 35.69303 ], [ 139.724295, 35.693028 ], [ 139.7246, 35.692936 ], [ 139.724616, 35.692932 ], [ 139.724618, 35.692931 ], [ 139.725092, 35.692796 ], [ 139.725125, 35.692793 ], [ 139.724983, 35.692564 ], [ 139.724948, 35.692501 ], [ 139.725209, 35.692382 ], [ 139.725213, 35.69238 ], [ 139.725191, 35.692327 ], [ 139.725456, 35.692279 ], [ 139.725557, 35.692261 ], [ 139.725724, 35.692232 ], [ 139.72579, 35.692209 ], [ 139.725814, 35.6922 ], [ 139.726043, 35.69212 ], [ 139.726046, 35.692119 ], [ 139.726079, 35.692104 ], [ 139.726209, 35.692045 ], [ 139.726133, 35.691936 ] ] ] } },
{ "type": "Feature", "properties": { "key": "新宿区|新宿1丁目", "ward": "新宿区", "town": "新宿１丁目" }, "geometry": { "type": "Polygon", "coordinates": [ [ [ 139.713516, 35.691105 ], [ 139.713768, 35.691137 ], [ 139.714028, 35.691166 ], [ 139.714225, 35.69117 ], [ 139.71429, 35.691155 ], [ 139.714594, 35.69106 ], [ 139.714812, 35.690735 ], [ 139.714731, 35.690435 ], [ 139.714624, 35.690038 ], [ 139.714503, 35.689593 ], [ 139.714462, 35.68944 ], [ 139.714383, 35.689145 ], [ 139.714352, 35.689029 ], [ 139.714237, 35.6886 ], [ 139.714224, 35.688554 ], [ 139.714137, 35.688242 ], [ 139.714071, 35.68796 ], [ 139.713992, 35.687855 ], [ 139.713947, 35.687851 ], [ 139.713798, 35.687421 ], [ 139.713697, 35.687377 ], [ 139.713682, 35.68737 ], [ 139.71318, 35.68737 ], [ 139.712892, 35.687409 ], [ 139.712693, 35.687449 ], [ 139.712529, 35.687486 ], [ 139.712167, 35.687584 ], [ 139.711606, 35.687733 ], [ 139.711503, 35.687762 ], [ 139.711207, 35.687817 ], [ 139.710866, 35.68786 ], [ 139.7105, 35.687934 ], [ 139.710105, 35.688012 ], [ 139.709879, 35.688042 ], [ 139.709903, 35.688421 ], [ 139.709923, 35.688721 ], [ 139.709923, 35.688753 ], [ 139.709924, 35.688881 ], [ 139.709944, 35.689124 ], [ 139.70996, 35.6894 ], [ 139.710009, 35.690184 ], [ 139.710009, 35.690295 ], [ 139.709957, 35.690303 ], [ 139.71001, 35.690759 ], [ 139.71002, 35.690782 ], [ 139.710054, 35.690866 ], [ 139.710068, 35.69106 ], [ 139.710092, 35.691488 ], [ 139.710171, 35.691477 ], [ 139.710612, 35.691429 ], [ 139.710692, 35.69142 ], [ 139.711029, 35.691382 ], [ 139.711244, 35.691358 ], [ 139.711406, 35.69134 ], [ 139.711421, 35.691338 ], [ 139.711719, 35.691304 ], [ 139.711954, 35.691278 ], [ 139.712098, 35.691264 ], [ 139.712407, 35.691234 ], [ 139.712452, 35.691231 ], [ 139.712452, 35.69123 ], [ 139.712447, 35.691212 ], [ 139.71257, 35.691202 ], [ 139.712864, 35.691166 ], [ 139.712873, 35.691165 ], [ 139.713069, 35.691144 ], [ 139.713235, 35.69113 ], [ 139.713516, 35.691105 ] ] ] } },
{ "type": "Feature", "properties": { "key": "新宿区|新宿2丁目", "ward": "新宿区", "town": "新宿２丁目" }, "geometry": { "type": "Polygon", "coordinates": [ [ [ 139.709903, 35.688421 ], [ 139.709879, 35.688042 ], [ 139.709667, 35.688085 ], [ 139.709043, 35.688292 ], [ 139.708897, 35.688344 ], [ 139.708877, 35.688351 ], [ 139.708879, 35.688365 ], [ 139.708855, 35.688359 ], [ 139.708532, 35.688451 ], [ 139.708321, 35.688523 ], [ 139.70798, 35.688627 ], [ 139.707912, 35.688623 ], [ 139.707606, 35.688746 ], [ 139.707549, 35.688781 ], [ 139.707291, 35.688882 ], [ 139.707169, 35.688938 ], [ 139.706976, 35.689044 ], [ 139.706867, 35.689078 ], [ 139.706541, 35.68927 ], [ 139.706287, 35.68944 ], [ 139.706611, 35.690061 ], [ 139.706739, 35.690433 ], [ 139.706819, 35.690703 ], [ 139.706841, 35.690866 ], [ 139.706889, 35.691047 ], [ 139.706915, 35.691577 ], [ 139.706876, 35.691727 ], [ 139.706799, 35.691876 ], [ 139.706612, 35.692101 ], [ 139.707009, 35.691996 ], [ 139.708068, 35.691732 ], [ 139.708119, 35.691726 ], [ 139.708176, 35.691719 ], [ 139.708555, 35.691663 ], [ 139.708907, 35.691624 ], [ 139.708962, 35.691618 ], [ 139.709359, 35.691572 ], [ 139.709792, 35.691514 ], [ 139.710092, 35.691488 ], [ 139.710068, 35.69106 ], [ 139.710054, 35.690866 ], [ 139.71002, 35.690782 ], [ 139.71001, 35.690759 ], [ 139.709957, 35.690303 ], [ 139.710009, 35.690295 ], [ 139.710009, 35.690184 ], [ 139.70996, 35.6894 ], [ 139.709944, 35.689124 ], [ 139.709924, 35.688881 ], [ 139.709923, 35.688753 ], [ 139.709923, 35.688721 ], [ 139.709903, 35.688421 ] ] ] } },
{ "type": "Feature", "properties": { "key": "新宿区|新宿3丁目", "ward": "新宿区", "town": "新宿３丁目" }, "geometry": { "type": "Polygon", "coordinates": [ [ [ 139.701976, 35.693326 ], [ 139.702202, 35.693278 ], [ 139.702233, 35.693272 ], [ 139.702622, 35.693164 ], [ 139.702723, 35.693135 ], [ 139.703215, 35.693005 ], [ 139.703273, 35.69299 ], [ 139.703839, 35.692847 ], [ 139.70449, 35.692675 ], [ 139.704504, 35.692672 ], [ 139.705729, 35.692344 ], [ 139.705749, 35.692338 ], [ 139.706156, 35.692224 ], [ 139.706466, 35.692139 ], [ 139.706612, 35.692101 ], [ 139.706799, 35.691876 ], [ 139.706876, 35.691727 ], [ 139.706915, 35.691577 ], [ 139.706889, 35.691047 ], [ 139.706841, 35.690866 ], [ 139.706819, 35.690703 ], [ 139.706739, 35.690433 ], [ 139.706611, 35.690061 ], [ 139.706287, 35.68944 ], [ 139.706119, 35.689545 ], [ 139.705707, 35.689812 ], [ 139.70554, 35.689908 ], [ 139.705307, 35.68996 ], [ 139.705062, 35.689901 ], [ 139.704818, 35.689867 ], [ 139.704769, 35.689856 ], [ 139.704459, 35.689845 ], [ 139.70431, 35.689836 ], [ 139.704071, 35.689755 ], [ 139.703548, 35.689573 ], [ 139.703379, 35.68955 ], [ 139.703121, 35.68951 ], [ 139.702952, 35.689489 ], [ 139.70273, 35.689442 ], [ 139.702602, 35.689428 ], [ 139.702433, 35.689398 ], [ 139.702154, 35.689327 ], [ 139.702136, 35.689323 ], [ 139.701683, 35.689194 ], [ 139.701423, 35.689121 ], [ 139.701048, 35.689006 ], [ 139.700666, 35.688901 ], [ 139.700139, 35.688819 ], [ 139.699907, 35.689776 ], [ 139.699789, 35.690713 ], [ 139.699792, 35.691138 ], [ 139.699849, 35.691718 ], [ 139.699807, 35.691724 ], [ 139.699862, 35.692076 ], [ 139.699823, 35.692417 ], [ 139.699868, 35.692409 ], [ 139.699853, 35.692689 ], [ 139.699655, 35.693422 ], [ 139.699651, 35.693425 ], [ 139.700193, 35.693349 ], [ 139.700204, 35.693395 ], [ 139.700165, 35.693605 ], [ 139.700506, 35.693617 ], [ 139.700911, 35.693554 ], [ 139.701349, 35.69347 ], [ 139.701416, 35.693458 ], [ 139.701976, 35.693326 ] ] ] } },
{ "type": "Feature", "properties": { "key": "新宿区|新宿4丁目", "ward": "新宿区", "town": "新宿４丁目" }, "geometry": { "type": "Polygon", "coordinates": [ [ [ 139.705068, 35.688443 ], [ 139.705107, 35.688447 ], [ 139.705168, 35.688061 ], [ 139.704818, 35.688022 ], [ 139.704178, 35.687968 ], [ 139.704172, 35.687991 ], [ 139.704144, 35.687991 ], [ 139.703911, 35.688027 ], [ 139.703907, 35.688028 ], [ 139.703886, 35.688025 ], [ 139.703698, 35.687998 ], [ 139.70364, 35.68799 ], [ 139.70346, 35.687961 ], [ 139.703208, 35.68792 ], [ 139.702797, 35.687843 ], [ 139.702697, 35.687829 ], [ 139.702492, 35.688316 ], [ 139.702133, 35.688327 ], [ 139.702229, 35.688935 ], [ 139.702248, 35.688977 ], [ 139.702188, 35.68922 ], [ 139.702154, 35.689327 ], [ 139.702433, 35.689398 ], [ 139.702602, 35.689428 ], [ 139.70273, 35.689442 ], [ 139.702952, 35.689489 ], [ 139.703121, 35.68951 ], [ 139.703379, 35.68955 ], [ 139.703548, 35.689573 ], [ 139.704071, 35.689755 ], [ 139.70431, 35.689836 ], [ 139.704459, 35.689845 ], [ 139.704769, 35.689856 ], [ 139.704818, 35.689867 ], [ 139.704901, 35.689615 ], [ 139.705019, 35.688736 ], [ 139.705057, 35.688504 ], [ 139.705068, 35.688443 ] ] ] } },
{ "type": "Feature", "properties": { "key": "新宿区|新宿5丁目", "ward": "新宿区", "town": "新宿５丁目" }, "geometry": { "type": "Polygon", "coordinates": [ [ [ 139.712452, 35.691231 ], [ 139.712407, 35.691234 ], [ 139.712098, 35.691264 ], [ 139.711954, 35.691278 ], [ 139.711719, 35.691304 ], [ 139.711421, 35.691338 ], [ 139.711406, 35.69134 ], [ 139.711244, 35.691358 ], [ 139.711029, 35.691382 ], [ 139.710692, 35.69142 ], [ 139.710612, 35.691429 ], [ 139.710171, 35.691477 ], [ 139.710092, 35.691488 ], [ 139.709792, 35.691514 ], [ 139.709359, 35.691572 ], [ 139.708962, 35.691618 ], [ 139.708907, 35.691624 ], [ 139.708555, 35.691663 ], [ 139.708176, 35.691719 ], [ 139.708119, 35.691726 ], [ 139.708068, 35.691732 ], [ 139.707009, 35.691996 ], [ 139.706612, 35.692101 ], [ 139.706466, 35.692139 ], [ 139.706156, 35.692224 ], [ 139.705749, 35.692338 ], [ 139.705729, 35.692344 ], [ 139.704504, 35.692672 ], [ 139.70449, 35.692675 ], [ 139.704998, 35.69385 ], [ 139.705039, 35.693933 ], [ 139.705065, 35.693985 ], [ 139.705323, 35.694611 ], [ 139.705389, 35.69473 ], [ 139.705798, 35.694748 ], [ 139.706111, 35.694761 ], [ 139.706123, 35.694762 ], [ 139.706128, 35.694763 ], [ 139.706161, 35.694765 ], [ 139.706287, 35.694774 ], [ 139.70643, 35.694785 ], [ 139.706698, 35.694805 ], [ 139.706774, 35.694812 ], [ 139.70737, 35.694848 ], [ 139.707435, 35.694852 ], [ 139.707444, 35.694853 ], [ 139.707456, 35.694854 ], [ 139.707702, 35.69488 ], [ 139.707936, 35.6949 ], [ 139.707981, 35.694459 ], [ 139.707979, 35.694265 ], [ 139.707981, 35.694248 ], [ 139.708001, 35.694004 ], [ 139.708017, 35.693765 ], [ 139.708037, 35.693475 ], [ 139.708046, 35.693442 ], [ 139.708258, 35.693428 ], [ 139.708441, 35.693415 ], [ 139.708513, 35.693411 ], [ 139.708691, 35.693407 ], [ 139.708832, 35.693394 ], [ 139.70913, 35.693366 ], [ 139.709265, 35.693357 ], [ 139.709339, 35.693353 ], [ 139.709359, 35.693352 ], [ 139.709458, 35.693346 ], [ 139.709635, 35.693336 ], [ 139.70968, 35.693332 ], [ 139.709844, 35.693318 ], [ 139.709913, 35.693313 ], [ 139.710092, 35.693301 ], [ 139.710158, 35.693296 ], [ 139.710665, 35.69325 ], [ 139.710782, 35.693227 ], [ 139.710805, 35.693222 ], [ 139.710954, 35.693193 ], [ 139.710962, 35.693191 ], [ 139.711058, 35.693171 ], [ 139.711227, 35.693134 ], [ 139.711415, 35.693094 ], [ 139.711747, 35.693022 ], [ 139.712334, 35.692894 ], [ 139.712621, 35.692832 ], [ 139.712635, 35.692829 ], [ 139.712766, 35.692801 ], [ 139.712787, 35.692797 ], [ 139.71268, 35.69237 ], [ 139.712664, 35.69231 ], [ 139.712627, 35.692161 ], [ 139.712571, 35.691828 ], [ 139.712559, 35.691759 ], [ 139.712555, 35.691737 ], [ 139.712496, 35.691445 ], [ 139.712452, 35.691231 ] ] ] } },
{ "type": "Feature", "properties": { "key": "新宿区|新宿6丁目", "ward": "新宿区", "town": "新宿６丁目" }, "geometry": { "type": "Polygon", "coordinates": [ [ [ 139.710085, 35.697692 ], [ 139.71011, 35.697692 ], [ 139.710151, 35.697692 ], [ 139.71028, 35.697693 ], [ 139.710473, 35.697691 ], [ 139.710815, 35.697687 ], [ 139.710934, 35.697686 ], [ 139.71121, 35.697685 ], [ 139.711563, 35.697683 ], [ 139.711601, 35.697684 ], [ 139.711918, 35.697693 ], [ 139.712207, 35.697702 ], [ 139.712776, 35.697719 ], [ 139.712679, 35.697699 ], [ 139.712896, 35.697603 ], [ 139.712961, 35.697575 ], [ 139.713085, 35.697481 ], [ 139.713097, 35.697468 ], [ 139.713105, 35.69746 ], [ 139.71325, 35.697307 ], [ 139.713009, 35.696473 ], [ 139.713, 35.696445 ], [ 139.712886, 35.696091 ], [ 139.712883, 35.696084 ], [ 139.712827, 35.695909 ], [ 139.712802, 35.695832 ], [ 139.712796, 35.695815 ], [ 139.712701, 35.695552 ], [ 139.712697, 35.695541 ], [ 139.712652, 35.695417 ], [ 139.712611, 35.695303 ], [ 139.712606, 35.695289 ], [ 139.712499, 35.694985 ], [ 139.712426, 35.694707 ], [ 139.712371, 35.694474 ], [ 139.712321, 35.694153 ], [ 139.71232, 35.694145 ], [ 139.712357, 35.694138 ], [ 139.712641, 35.694089 ], [ 139.713031, 35.694021 ], [ 139.713052, 35.694018 ], [ 139.713048, 35.693991 ], [ 139.712988, 35.693577 ], [ 139.712944, 35.693404 ], [ 139.712796, 35.692843 ], [ 139.712791, 35.692819 ], [ 139.71279, 35.692809 ], [ 139.712787, 35.692797 ], [ 139.712766, 35.692801 ], [ 139.712635, 35.692829 ], [ 139.712621, 35.692832 ], [ 139.712334, 35.692894 ], [ 139.711747, 35.693022 ], [ 139.711415, 35.693094 ], [ 139.711227, 35.693134 ], [ 139.711058, 35.693171 ], [ 139.710962, 35.693191 ], [ 139.710954, 35.693193 ], [ 139.710805, 35.693222 ], [ 139.710782, 35.693227 ], [ 139.710665, 35.69325 ], [ 139.710158, 35.693296 ], [ 139.710092, 35.693301 ], [ 139.709913, 35.693313 ], [ 139.709844, 35.693318 ], [ 139.70968, 35.693332 ], [ 139.709635, 35.693336 ], [ 139.709458, 35.693346 ], [ 139.709359, 35.693352 ], [ 139.709339, 35.693353 ], [ 139.709265, 35.693357 ], [ 139.70913, 35.693366 ], [ 139.708832, 35.693394 ], [ 139.708691, 35.693407 ], [ 139.708513, 35.693411 ], [ 139.708441, 35.693415 ], [ 139.708258, 35.693428 ], [ 139.708046, 35.693442 ], [ 139.708037, 35.693475 ], [ 139.708017, 35.693765 ], [ 139.708001, 35.694004 ], [ 139.707981, 35.694248 ], [ 139.707979, 35.694265 ], [ 139.707981, 35.694459 ], [ 139.707936, 35.6949 ], [ 139.707702, 35.69488 ], [ 139.707456, 35.694854 ], [ 139.707444, 35.694853 ], [ 139.707435, 35.694852 ], [ 139.70737, 35.694848 ], [ 139.706774, 35.694812 ], [ 139.706698, 35.694805 ], [ 139.7068, 35.695228 ], [ 139.706864, 35.695578 ], [ 139.706969, 35.696091 ], [ 139.707059, 35.696527 ], [ 139.707062, 35.696539 ], [ 139.707148, 35.69693 ], [ 139.707212, 35.697251 ], [ 139.707326, 35.697825 ], [ 139.707333, 35.697856 ], [ 139.707354, 35.697961 ], [ 139.70769, 35.697913 ], [ 139.707751, 35.697905 ], [ 139.707842, 35.697892 ], [ 139.708421, 35.697809 ], [ 139.708757, 35.697762 ], [ 139.708821, 35.697756 ], [ 139.708871, 35.697752 ], [ 139.709183, 35.697726 ], [ 139.709186, 35.697725 ], [ 139.709377, 35.697709 ], [ 139.709472, 35.697701 ], [ 139.710007, 35.697693 ], [ 139.710085, 35.697692 ] ] ] } },
{ "type": "Feature", "properties": { "key": "新宿区|新宿7丁目", "ward": "新宿区", "town": "新宿７丁目" }, "geometry": { "type": "Polygon", "coordinates": [ [ [ 139.713906, 35.700328 ], [ 139.713876, 35.699943 ], [ 139.713861, 35.699741 ], [ 139.713835, 35.699404 ], [ 139.713826, 35.699292 ], [ 139.713823, 35.699257 ], [ 139.713783, 35.698756 ], [ 139.71378, 35.69872 ], [ 139.713727, 35.698197 ], [ 139.713688, 35.697736 ], [ 139.713565, 35.697722 ], [ 139.713344, 35.697734 ], [ 139.713045, 35.697722 ], [ 139.712776, 35.697719 ], [ 139.712207, 35.697702 ], [ 139.711918, 35.697693 ], [ 139.711601, 35.697684 ], [ 139.711563, 35.697683 ], [ 139.71121, 35.697685 ], [ 139.710934, 35.697686 ], [ 139.710815, 35.697687 ], [ 139.710473, 35.697691 ], [ 139.71028, 35.697693 ], [ 139.710151, 35.697692 ], [ 139.71011, 35.697692 ], [ 139.710085, 35.697692 ], [ 139.710007, 35.697693 ], [ 139.709472, 35.697701 ], [ 139.709377, 35.697709 ], [ 139.709186, 35.697725 ], [ 139.709183, 35.697726 ], [ 139.708871, 35.697752 ], [ 139.708821, 35.697756 ], [ 139.708757, 35.697762 ], [ 139.708421, 35.697809 ], [ 139.707842, 35.697892 ], [ 139.707751, 35.697905 ], [ 139.70769, 35.697913 ], [ 139.707354, 35.697961 ], [ 139.70745, 35.698432 ], [ 139.707491, 35.69863 ], [ 139.707529, 35.698807 ], [ 139.707651, 35.69937 ], [ 139.707708, 35.699628 ], [ 139.707744, 35.699861 ], [ 139.707778, 35.700085 ], [ 139.707935, 35.700843 ], [ 139.707913, 35.700874 ], [ 139.708014, 35.700868 ], [ 139.708451, 35.700845 ], [ 139.708689, 35.700832 ], [ 139.708706, 35.700831 ], [ 139.708773, 35.700829 ], [ 139.709172, 35.700818 ], [ 139.709598, 35.700806 ], [ 139.709634, 35.700815 ], [ 139.709658, 35.700821 ], [ 139.710082, 35.700927 ], [ 139.710197, 35.700955 ], [ 139.710244, 35.700967 ], [ 139.710352, 35.700994 ], [ 139.710359, 35.700995 ], [ 139.710934, 35.701138 ], [ 139.710959, 35.701145 ], [ 139.71115, 35.701192 ], [ 139.711551, 35.701282 ], [ 139.711746, 35.701311 ], [ 139.711943, 35.701331 ], [ 139.711991, 35.701334 ], [ 139.712132, 35.701342 ], [ 139.712151, 35.701342 ], [ 139.712212, 35.701342 ], [ 139.712268, 35.701343 ], [ 139.712898, 35.70135 ], [ 139.713133, 35.701352 ], [ 139.713174, 35.701352 ], [ 139.713341, 35.701354 ], [ 139.713682, 35.701357 ], [ 139.713985, 35.70136 ], [ 139.713906, 35.700328 ] ] ] } },
{ "type": "Feature", "properties": { "key": "新宿区|歌舞伎町1丁目", "ward": "新宿区", "town": "歌舞伎町１丁目" }, "geometry": { "type": "Polygon", "coordinates": [ [ [ 139.700202, 35.696291 ], [ 139.700217, 35.696294 ], [ 139.700759, 35.696191 ], [ 139.701147, 35.696128 ], [ 139.701275, 35.696105 ], [ 139.701384, 35.696086 ], [ 139.701734, 35.695983 ], [ 139.701801, 35.695944 ], [ 139.701901, 35.69588 ], [ 139.702138, 35.695758 ], [ 139.702215, 35.695727 ], [ 139.702353, 35.695694 ], [ 139.702526, 35.695615 ], [ 139.702695, 35.695478 ], [ 139.702804, 35.695385 ], [ 139.702993, 35.695266 ], [ 139.703093, 35.695222 ], [ 139.70326, 35.695158 ], [ 139.703356, 35.695133 ], [ 139.703389, 35.69512 ], [ 139.703685, 35.695054 ], [ 139.703924, 35.695009 ], [ 139.704295, 35.694941 ], [ 139.704421, 35.694942 ], [ 139.704875, 35.694924 ], [ 139.704988, 35.694934 ], [ 139.705399, 35.694933 ], [ 139.705484, 35.69494 ], [ 139.705426, 35.6948 ], [ 139.705389, 35.69473 ], [ 139.705323, 35.694611 ], [ 139.705065, 35.693985 ], [ 139.705039, 35.693933 ], [ 139.704998, 35.69385 ], [ 139.70449, 35.692675 ], [ 139.703839, 35.692847 ], [ 139.703273, 35.69299 ], [ 139.703215, 35.693005 ], [ 139.702723, 35.693135 ], [ 139.702622, 35.693164 ], [ 139.702233, 35.693272 ], [ 139.702202, 35.693278 ], [ 139.701976, 35.693326 ], [ 139.701416, 35.693458 ], [ 139.701349, 35.69347 ], [ 139.700911, 35.693554 ], [ 139.700506, 35.693617 ], [ 139.700165, 35.693605 ], [ 139.700204, 35.693395 ], [ 139.700193, 35.693349 ], [ 139.699651, 35.693425 ], [ 139.699642, 35.693426 ], [ 139.699502, 35.693834 ], [ 139.69934, 35.694277 ], [ 139.699236, 35.69464 ], [ 139.699138, 35.694929 ], [ 139.699091, 35.695159 ], [ 139.699099, 35.695511 ], [ 139.699148, 35.695683 ], [ 139.699179, 35.695737 ], [ 139.699205, 35.695911 ], [ 139.699229, 35.696286 ], [ 139.699193, 35.696523 ], [ 139.699111, 35.696882 ], [ 139.699019, 35.697327 ], [ 139.698913, 35.697692 ], [ 139.698863, 35.697924 ], [ 139.699063, 35.697931 ], [ 139.699313, 35.697935 ], [ 139.699655, 35.697942 ], [ 139.699833, 35.697946 ], [ 139.700325, 35.697958 ], [ 139.700275, 35.697284 ], [ 139.700202, 35.696291 ] ] ] } },
{ "type": "Feature", "properties": { "key": "新宿区|歌舞伎町2丁目", "ward": "新宿区", "town": "歌舞伎町２丁目" }, "geometry": { "type": "Polygon", "coordinates": [ [ [ 139.706969, 35.696091 ], [ 139.706864, 35.695578 ], [ 139.7068, 35.695228 ], [ 139.706698, 35.694805 ], [ 139.70643, 35.694785 ], [ 139.706287, 35.694774 ], [ 139.706161, 35.694765 ], [ 139.706128, 35.694763 ], [ 139.706123, 35.694762 ], [ 139.706111, 35.694761 ], [ 139.705798, 35.694748 ], [ 139.705389, 35.69473 ], [ 139.705426, 35.6948 ], [ 139.705484, 35.69494 ], [ 139.705399, 35.694933 ], [ 139.704988, 35.694934 ], [ 139.704875, 35.694924 ], [ 139.704421, 35.694942 ], [ 139.704295, 35.694941 ], [ 139.703924, 35.695009 ], [ 139.703685, 35.695054 ], [ 139.703389, 35.69512 ], [ 139.703356, 35.695133 ], [ 139.70326, 35.695158 ], [ 139.703093, 35.695222 ], [ 139.702993, 35.695266 ], [ 139.702804, 35.695385 ], [ 139.702695, 35.695478 ], [ 139.702526, 35.695615 ], [ 139.702353, 35.695694 ], [ 139.702215, 35.695727 ], [ 139.702138, 35.695758 ], [ 139.701901, 35.69588 ], [ 139.701801, 35.695944 ], [ 139.701734, 35.695983 ], [ 139.701384, 35.696086 ], [ 139.701275, 35.696105 ], [ 139.701147, 35.696128 ], [ 139.700759, 35.696191 ], [ 139.700217, 35.696294 ], [ 139.700202, 35.696291 ], [ 139.700275, 35.697284 ], [ 139.700325, 35.697958 ], [ 139.700684, 35.697973 ], [ 139.70081, 35.697979 ], [ 139.700935, 35.69798 ], [ 139.701157, 35.697982 ], [ 139.701254, 35.697983 ], [ 139.701441, 35.697986 ], [ 139.701682, 35.697989 ], [ 139.701758, 35.697991 ], [ 139.701937, 35.697999 ], [ 139.701987, 35.698011 ], [ 139.702611, 35.698056 ], [ 139.703293, 35.698122 ], [ 139.703501, 35.698144 ], [ 139.703806, 35.698172 ], [ 139.704046, 35.698195 ], [ 139.704158, 35.6982 ], [ 139.704359, 35.698208 ], [ 139.704611, 35.698212 ], [ 139.705048, 35.698153 ], [ 139.705075, 35.698152 ], [ 139.705179, 35.698137 ], [ 139.705308, 35.698119 ], [ 139.705577, 35.698082 ], [ 139.705613, 35.698082 ], [ 139.705763, 35.698061 ], [ 139.705784, 35.698057 ], [ 139.705924, 35.698032 ], [ 139.706173, 35.69801 ], [ 139.70643, 35.697977 ], [ 139.706463, 35.697972 ], [ 139.706641, 35.697948 ], [ 139.706844, 35.697922 ], [ 139.70701, 35.697912 ], [ 139.707333, 35.697856 ], [ 139.707326, 35.697825 ], [ 139.707212, 35.697251 ], [ 139.707148, 35.69693 ], [ 139.707062, 35.696539 ], [ 139.707059, 35.696527 ], [ 139.706969, 35.696091 ] ] ] } },
{ "type": "Feature", "properties": { "key": "新宿区|市谷田町1丁目", "ward": "新宿区", "town": "市谷田町１丁目" }, "geometry": { "type": "Polygon", "coordinates": [ [ [ 139.736204, 35.692208 ], [ 139.735775, 35.691948 ], [ 139.735738, 35.691978 ], [ 139.735707, 35.691963 ], [ 139.735582, 35.691905 ], [ 139.735547, 35.691941 ], [ 139.735166, 35.692381 ], [ 139.735051, 35.692483 ], [ 139.734936, 35.692633 ], [ 139.735061, 35.692709 ], [ 139.735085, 35.692692 ], [ 139.735332, 35.692864 ], [ 139.735305, 35.692974 ], [ 139.735504, 35.693005 ], [ 139.736019, 35.693505 ], [ 139.735958, 35.693552 ], [ 139.736023, 35.69357 ], [ 139.736584, 35.694045 ], [ 139.737496, 35.693296 ], [ 139.737563, 35.693244 ], [ 139.737574, 35.693236 ], [ 139.736204, 35.692208 ] ] ] } },
{ "type": "Feature", "properties": { "key": "新宿区|市谷田町2丁目", "ward": "新宿区", "town": "市谷田町２丁目" }, "geometry": { "type": "Polygon", "coordinates": [ [ [ 139.738069, 35.696031 ], [ 139.737969, 35.695897 ], [ 139.738186, 35.695783 ], [ 139.738465, 35.695637 ], [ 139.738751, 35.695415 ], [ 139.739133, 35.695262 ], [ 139.739138, 35.695268 ], [ 139.739204, 35.695236 ], [ 139.739209, 35.695234 ], [ 139.739128, 35.695131 ], [ 139.738739, 35.694597 ], [ 139.738652, 35.694495 ], [ 139.738228, 35.693996 ], [ 139.738097, 35.693831 ], [ 139.73795, 35.69367 ], [ 139.737594, 35.693252 ], [ 139.737574, 35.693236 ], [ 139.737563, 35.693244 ], [ 139.737496, 35.693296 ], [ 139.736584, 35.694045 ], [ 139.736656, 35.694102 ], [ 139.736039, 35.694627 ], [ 139.735919, 35.694726 ], [ 139.736179, 35.694929 ], [ 139.736264, 35.69485 ], [ 139.736418, 35.694969 ], [ 139.736662, 35.695167 ], [ 139.736373, 35.695453 ], [ 139.736501, 35.695484 ], [ 139.7366, 35.695534 ], [ 139.736653, 35.695604 ], [ 139.73689, 35.69578 ], [ 139.736988, 35.695883 ], [ 139.737019, 35.695882 ], [ 139.737273, 35.69607 ], [ 139.737476, 35.696209 ], [ 139.73756, 35.696163 ], [ 139.73766, 35.696093 ], [ 139.737761, 35.696215 ], [ 139.738069, 35.696031 ] ] ] } },
{ "type": "Feature", "properties": { "key": "新宿区|市谷田町3丁目", "ward": "新宿区", "town": "市谷田町３丁目" }, "geometry": { "type": "Polygon", "coordinates": [ [ [ 139.739427, 35.697206 ], [ 139.739496, 35.69731 ], [ 139.739634, 35.697218 ], [ 139.739562, 35.697104 ], [ 139.739651, 35.697056 ], [ 139.74021, 35.696709 ], [ 139.740205, 35.696704 ], [ 139.740121, 35.696561 ], [ 139.740091, 35.69651 ], [ 139.739949, 35.696311 ], [ 139.739895, 35.696232 ], [ 139.739365, 35.69546 ], [ 139.739209, 35.695234 ], [ 139.739204, 35.695236 ], [ 139.739138, 35.695268 ], [ 139.739133, 35.695262 ], [ 139.738751, 35.695415 ], [ 139.738465, 35.695637 ], [ 139.738186, 35.695783 ], [ 139.737969, 35.695897 ], [ 139.738069, 35.696031 ], [ 139.737761, 35.696215 ], [ 139.73766, 35.696093 ], [ 139.73756, 35.696163 ], [ 139.737476, 35.696209 ], [ 139.737672, 35.696338 ], [ 139.737783, 35.696434 ], [ 139.737428, 35.696795 ], [ 139.737564, 35.696829 ], [ 139.737801, 35.696913 ], [ 139.738268, 35.69708 ], [ 139.738348, 35.697104 ], [ 139.738518, 35.697225 ], [ 139.738555, 35.697257 ], [ 139.738624, 35.697315 ], [ 139.738864, 35.697543 ], [ 139.738927, 35.697504 ], [ 139.739253, 35.697301 ], [ 139.739258, 35.697298 ], [ 139.739427, 35.697206 ] ] ] } },
{ "type": "Feature", "properties": { "key": "新宿区|市谷本村町", "ward": "新宿区", "town": "市谷本村町" }, "geometry": { "type": "Polygon", "coordinates": [ [ [ 139.732753, 35.694093 ], [ 139.732788, 35.694097 ], [ 139.733511, 35.693918 ], [ 139.733736, 35.69377 ], [ 139.733884, 35.6937 ], [ 139.734066, 35.693591 ], [ 139.733828, 35.693453 ], [ 139.733827, 35.693452 ], [ 139.733832, 35.693447 ], [ 139.733867, 35.693406 ], [ 139.734041, 35.693205 ], [ 139.734036, 35.693202 ], [ 139.733348, 35.692754 ], [ 139.733304, 35.692714 ], [ 139.733502, 35.692435 ], [ 139.733568, 35.692256 ], [ 139.733582, 35.692224 ], [ 139.73367, 35.692028 ], [ 139.733701, 35.69196 ], [ 139.733794, 35.691757 ], [ 139.733825, 35.691704 ], [ 139.733827, 35.691701 ], [ 139.733957, 35.691484 ], [ 139.73423, 35.691158 ], [ 139.734282, 35.691096 ], [ 139.733192, 35.690449 ], [ 139.733177, 35.69044 ], [ 139.732634, 35.690118 ], [ 139.731291, 35.689321 ], [ 139.731275, 35.689329 ], [ 139.730657, 35.689642 ], [ 139.730549, 35.689697 ], [ 139.730549, 35.689699 ], [ 139.730539, 35.690291 ], [ 139.730532, 35.690686 ], [ 139.730532, 35.690692 ], [ 139.730527, 35.691009 ], [ 139.730526, 35.691071 ], [ 139.730426, 35.691079 ], [ 139.729464, 35.691153 ], [ 139.729051, 35.691185 ], [ 139.728711, 35.691211 ], [ 139.728337, 35.691254 ], [ 139.72831, 35.691257 ], [ 139.728122, 35.691279 ], [ 139.727903, 35.691315 ], [ 139.72781, 35.691338 ], [ 139.727716, 35.691362 ], [ 139.727572, 35.691408 ], [ 139.72755, 35.691416 ], [ 139.727424, 35.691464 ], [ 139.727267, 35.691537 ], [ 139.726744, 35.691788 ], [ 139.726623, 35.691847 ], [ 139.726558, 35.691877 ], [ 139.726404, 35.691951 ], [ 139.726209, 35.692045 ], [ 139.726079, 35.692104 ], [ 139.726046, 35.692119 ], [ 139.726043, 35.69212 ], [ 139.725814, 35.6922 ], [ 139.72579, 35.692209 ], [ 139.725724, 35.692232 ], [ 139.725557, 35.692261 ], [ 139.725456, 35.692279 ], [ 139.725191, 35.692327 ], [ 139.725213, 35.69238 ], [ 139.725209, 35.692382 ], [ 139.724948, 35.692501 ], [ 139.724983, 35.692564 ], [ 139.725125, 35.692793 ], [ 139.725092, 35.692796 ], [ 139.724618, 35.692931 ], [ 139.724616, 35.692932 ], [ 139.7246, 35.692936 ], [ 139.724295, 35.693028 ], [ 139.724287, 35.69303 ], [ 139.724128, 35.693078 ], [ 139.724017, 35.693112 ], [ 139.724154, 35.693297 ], [ 139.724383, 35.693985 ], [ 139.72459, 35.694675 ], [ 139.724624, 35.694799 ], [ 139.724641, 35.694858 ], [ 139.724705, 35.695087 ], [ 139.72471, 35.695104 ], [ 139.724713, 35.695115 ], [ 139.72477, 35.69529 ], [ 139.724806, 35.695404 ], [ 139.724897, 35.695769 ], [ 139.725472, 35.69571 ], [ 139.725497, 35.695708 ], [ 139.725748, 35.695684 ], [ 139.725781, 35.69568 ], [ 139.726638, 35.69558 ], [ 139.72668, 35.695576 ], [ 139.727199, 35.695518 ], [ 139.727257, 35.695512 ], [ 139.727259, 35.695511 ], [ 139.728093, 35.695417 ], [ 139.728226, 35.695398 ], [ 139.728673, 35.69534 ], [ 139.729736, 35.695201 ], [ 139.730338, 35.695119 ], [ 139.730677, 35.695067 ], [ 139.731525, 35.694955 ], [ 139.731804, 35.694909 ], [ 139.731996, 35.694891 ], [ 139.732016, 35.694889 ], [ 139.732031, 35.694887 ], [ 139.732043, 35.694818 ], [ 139.732097, 35.694515 ], [ 139.732101, 35.694501 ], [ 139.732119, 35.694386 ], [ 139.732153, 35.694197 ], [ 139.732757, 35.694102 ], [ 139.732753, 35.694093 ] ] ] } },
{ "type": "Feature", "properties": { "key": "新宿区|市谷砂土原町1丁目", "ward": "新宿区", "town": "市谷砂土原町１丁目" }, "geometry": { "type": "Polygon", "coordinates": [ [ [ 139.735958, 35.693552 ], [ 139.735936, 35.693559 ], [ 139.7356, 35.693858 ], [ 139.73522, 35.694132 ], [ 139.735023, 35.694253 ], [ 139.734808, 35.69437 ], [ 139.734645, 35.694445 ], [ 139.734743, 35.694616 ], [ 139.734828, 35.694691 ], [ 139.734512, 35.694971 ], [ 139.734408, 35.695133 ], [ 139.734239, 35.695277 ], [ 139.733985, 35.695494 ], [ 139.734441, 35.695838 ], [ 139.734497, 35.695875 ], [ 139.734996, 35.695473 ], [ 139.735214, 35.695298 ], [ 139.735375, 35.695168 ], [ 139.735658, 35.69494 ], [ 139.735919, 35.694726 ], [ 139.736039, 35.694627 ], [ 139.736656, 35.694102 ], [ 139.736584, 35.694045 ], [ 139.736023, 35.69357 ], [ 139.735958, 35.693552 ] ] ] } },
{ "type": "Feature", "properties": { "key": "新宿区|市谷砂土原町2丁目", "ward": "新宿区", "town": "市谷砂土原町２丁目" }, "geometry": { "type": "Polygon", "coordinates": [ [ [ 139.736264, 35.69485 ], [ 139.736179, 35.694929 ], [ 139.735919, 35.694726 ], [ 139.735658, 35.69494 ], [ 139.735375, 35.695168 ], [ 139.735214, 35.695298 ], [ 139.734996, 35.695473 ], [ 139.734497, 35.695875 ], [ 139.734861, 35.69615 ], [ 139.734754, 35.696396 ], [ 139.734986, 35.696464 ], [ 139.735287, 35.696552 ], [ 139.735535, 35.696312 ], [ 139.735565, 35.69628 ], [ 139.735811, 35.696024 ], [ 139.735823, 35.69601 ], [ 139.735837, 35.695996 ], [ 139.736359, 35.695468 ], [ 139.736373, 35.695453 ], [ 139.736662, 35.695167 ], [ 139.736418, 35.694969 ], [ 139.736264, 35.69485 ] ] ] } },
{ "type": "Feature", "properties": { "key": "新宿区|市谷砂土原町3丁目", "ward": "新宿区", "town": "市谷砂土原町３丁目" }, "geometry": { "type": "Polygon", "coordinates": [ [ [ 139.737019, 35.695882 ], [ 139.736988, 35.695883 ], [ 139.73689, 35.69578 ], [ 139.736653, 35.695604 ], [ 139.7366, 35.695534 ], [ 139.736501, 35.695484 ], [ 139.736373, 35.695453 ], [ 139.736359, 35.695468 ], [ 139.735837, 35.695996 ], [ 139.735823, 35.69601 ], [ 139.735811, 35.696024 ], [ 139.735565, 35.69628 ], [ 139.735535, 35.696312 ], [ 139.735287, 35.696552 ], [ 139.735358, 35.696582 ], [ 139.735554, 35.696677 ], [ 139.735762, 35.696778 ], [ 139.735743, 35.696852 ], [ 139.735941, 35.696949 ], [ 139.73584, 35.697139 ], [ 139.735731, 35.697343 ], [ 139.736332, 35.697557 ], [ 139.736642, 35.697675 ], [ 139.737257, 35.697889 ], [ 139.737311, 35.697908 ], [ 139.737871, 35.698103 ], [ 139.738181, 35.698211 ], [ 139.738286, 35.698003 ], [ 139.738612, 35.697998 ], [ 139.738838, 35.697994 ], [ 139.739229, 35.697973 ], [ 139.73917, 35.697865 ], [ 139.738864, 35.697543 ], [ 139.738624, 35.697315 ], [ 139.738555, 35.697257 ], [ 139.738518, 35.697225 ], [ 139.738348, 35.697104 ], [ 139.738268, 35.69708 ], [ 139.737801, 35.696913 ], [ 139.737564, 35.696829 ], [ 139.737428, 35.696795 ], [ 139.737783, 35.696434 ], [ 139.737672, 35.696338 ], [ 139.737476, 35.696209 ], [ 139.737273, 35.69607 ], [ 139.737019, 35.695882 ] ] ] } },
{ "type": "Feature", "properties": { "key": "新宿区|市谷左内町", "ward": "新宿区", "town": "市谷左内町" }, "geometry": { "type": "Polygon", "coordinates": [ [ [ 139.732483, 35.695858 ], [ 139.732529, 35.695882 ], [ 139.732596, 35.69584 ], [ 139.732774, 35.695789 ], [ 139.732968, 35.695711 ], [ 139.73335, 35.695484 ], [ 139.733658, 35.69526 ], [ 139.734382, 35.694585 ], [ 139.734289, 35.694517 ], [ 139.73423, 35.694473 ], [ 139.734221, 35.694485 ], [ 139.734204, 35.694506 ], [ 139.734039, 35.694398 ], [ 139.733822, 35.694251 ], [ 139.733615, 35.694112 ], [ 139.733613, 35.694099 ], [ 139.733815, 35.693977 ], [ 139.733882, 35.693935 ], [ 139.734064, 35.693821 ], [ 139.734098, 35.693799 ], [ 139.734237, 35.693715 ], [ 139.734604, 35.693692 ], [ 139.734654, 35.693698 ], [ 139.734719, 35.693706 ], [ 139.735032, 35.693842 ], [ 139.735182, 35.69392 ], [ 139.7355, 35.693854 ], [ 139.7356, 35.693858 ], [ 139.735936, 35.693559 ], [ 139.735958, 35.693552 ], [ 139.736019, 35.693505 ], [ 139.735504, 35.693005 ], [ 139.735305, 35.692974 ], [ 139.735332, 35.692864 ], [ 139.735085, 35.692692 ], [ 139.735061, 35.692709 ], [ 139.734936, 35.692633 ], [ 139.7345, 35.693022 ], [ 139.734705, 35.693174 ], [ 139.734568, 35.693293 ], [ 139.734361, 35.693135 ], [ 139.734316, 35.693172 ], [ 139.734309, 35.693169 ], [ 139.734243, 35.693176 ], [ 139.73422, 35.693178 ], [ 139.734219, 35.693178 ], [ 139.734156, 35.693236 ], [ 139.73409, 35.693195 ], [ 139.734064, 35.693179 ], [ 139.734044, 35.693201 ], [ 139.734041, 35.693205 ], [ 139.733867, 35.693406 ], [ 139.733832, 35.693447 ], [ 139.733827, 35.693452 ], [ 139.733828, 35.693453 ], [ 139.734066, 35.693591 ], [ 139.733884, 35.6937 ], [ 139.733736, 35.69377 ], [ 139.733511, 35.693918 ], [ 139.732788, 35.694097 ], [ 139.732753, 35.694093 ], [ 139.732757, 35.694102 ], [ 139.732153, 35.694197 ], [ 139.732119, 35.694386 ], [ 139.732101, 35.694501 ], [ 139.732097, 35.694515 ], [ 139.732043, 35.694818 ], [ 139.732031, 35.694887 ], [ 139.732024, 35.694926 ], [ 139.731957, 35.695173 ], [ 139.731999, 35.695643 ], [ 139.73202, 35.695887 ], [ 139.732022, 35.695904 ], [ 139.732483, 35.695858 ] ] ] } },
{ "type": "Feature", "properties": { "key": "新宿区|市谷加賀町1丁目", "ward": "新宿区", "town": "市谷加賀町１丁目" }, "geometry": { "type": "Polygon", "coordinates": [ [ [ 139.732102, 35.696806 ], [ 139.732096, 35.696738 ], [ 139.732092, 35.696698 ], [ 139.732022, 35.695904 ], [ 139.73202, 35.695887 ], [ 139.731999, 35.695643 ], [ 139.731957, 35.695173 ], [ 139.732024, 35.694926 ], [ 139.732031, 35.694887 ], [ 139.732016, 35.694889 ], [ 139.731996, 35.694891 ], [ 139.731804, 35.694909 ], [ 139.731525, 35.694955 ], [ 139.730677, 35.695067 ], [ 139.730338, 35.695119 ], [ 139.729736, 35.695201 ], [ 139.729815, 35.696032 ], [ 139.729853, 35.696445 ], [ 139.729901, 35.696951 ], [ 139.729921, 35.696949 ], [ 139.730032, 35.697818 ], [ 139.730036, 35.697836 ], [ 139.730158, 35.697822 ], [ 139.730548, 35.697811 ], [ 139.730849, 35.697803 ], [ 139.730937, 35.697801 ], [ 139.73196, 35.69793 ], [ 139.732177, 35.697961 ], [ 139.732202, 35.697965 ], [ 139.732201, 35.697952 ], [ 139.732102, 35.696806 ] ] ] } },
{ "type": "Feature", "properties": { "key": "新宿区|市谷加賀町2丁目", "ward": "新宿区", "town": "市谷加賀町２丁目" }, "geometry": { "type": "Polygon", "coordinates": [ [ [ 139.729921, 35.696949 ], [ 139.729901, 35.696951 ], [ 139.729853, 35.696445 ], [ 139.729815, 35.696032 ], [ 139.729736, 35.695201 ], [ 139.728673, 35.69534 ], [ 139.728226, 35.695398 ], [ 139.728093, 35.695417 ], [ 139.727259, 35.695511 ], [ 139.727287, 35.69584 ], [ 139.727288, 35.695854 ], [ 139.727292, 35.695897 ], [ 139.727325, 35.696288 ], [ 139.727325, 35.696291 ], [ 139.727328, 35.696333 ], [ 139.727354, 35.6967 ], [ 139.727359, 35.696773 ], [ 139.727359, 35.696777 ], [ 139.727395, 35.697228 ], [ 139.727397, 35.697244 ], [ 139.727427, 35.697678 ], [ 139.727428, 35.697682 ], [ 139.727474, 35.698245 ], [ 139.727474, 35.698246 ], [ 139.72749, 35.698461 ], [ 139.727492, 35.698476 ], [ 139.72791, 35.69836 ], [ 139.72796, 35.698346 ], [ 139.728765, 35.698118 ], [ 139.728976, 35.698054 ], [ 139.729004, 35.698048 ], [ 139.729453, 35.697946 ], [ 139.729478, 35.697943 ], [ 139.729613, 35.697926 ], [ 139.729989, 35.697841 ], [ 139.730036, 35.697836 ], [ 139.730032, 35.697818 ], [ 139.729921, 35.696949 ] ] ] } },
{ "type": "Feature", "properties": { "key": "新宿区|市谷甲良町", "ward": "新宿区", "town": "市谷甲良町" }, "geometry": { "type": "Polygon", "coordinates": [ [ [ 139.729004, 35.698048 ], [ 139.728976, 35.698054 ], [ 139.728765, 35.698118 ], [ 139.72796, 35.698346 ], [ 139.72791, 35.69836 ], [ 139.727492, 35.698476 ], [ 139.72746, 35.698485 ], [ 139.727013, 35.69861 ], [ 139.727014, 35.698612 ], [ 139.727068, 35.69901 ], [ 139.727069, 35.699022 ], [ 139.727071, 35.699031 ], [ 139.727085, 35.699115 ], [ 139.727133, 35.699408 ], [ 139.727135, 35.699415 ], [ 139.727318, 35.699428 ], [ 139.727597, 35.699435 ], [ 139.727626, 35.699436 ], [ 139.727738, 35.699439 ], [ 139.727887, 35.69943 ], [ 139.727888, 35.69943 ], [ 139.728033, 35.699412 ], [ 139.728237, 35.699387 ], [ 139.728531, 35.699347 ], [ 139.728765, 35.699308 ], [ 139.7292, 35.699237 ], [ 139.72916, 35.698882 ], [ 139.729157, 35.698862 ], [ 139.729105, 35.698518 ], [ 139.729004, 35.698048 ] ] ] } },
{ "type": "Feature", "properties": { "key": "新宿区|市谷船河原町", "ward": "新宿区", "town": "市谷船河原町" }, "geometry": { "type": "Polygon", "coordinates": [ [ [ 139.74037, 35.698591 ], [ 139.74061, 35.698851 ], [ 139.740712, 35.698757 ], [ 139.740881, 35.698643 ], [ 139.74151, 35.698325 ], [ 139.740313, 35.696845 ], [ 139.74021, 35.696709 ], [ 139.739651, 35.697056 ], [ 139.739562, 35.697104 ], [ 139.739634, 35.697218 ], [ 139.739496, 35.69731 ], [ 139.739427, 35.697206 ], [ 139.739258, 35.697298 ], [ 139.739253, 35.697301 ], [ 139.738927, 35.697504 ], [ 139.738864, 35.697543 ], [ 139.73917, 35.697865 ], [ 139.739229, 35.697973 ], [ 139.738838, 35.697994 ], [ 139.738778, 35.698352 ], [ 139.738733, 35.698444 ], [ 139.738743, 35.698448 ], [ 139.739209, 35.698615 ], [ 139.739239, 35.698626 ], [ 139.739063, 35.698968 ], [ 139.739515, 35.699137 ], [ 139.739529, 35.699142 ], [ 139.739743, 35.699222 ], [ 139.739948, 35.698863 ], [ 139.74037, 35.698591 ] ] ] } },
{ "type": "Feature", "properties": { "key": "新宿区|市谷長延寺町", "ward": "新宿区", "town": "市谷長延寺町" }, "geometry": { "type": "Polygon", "coordinates": [ [ [ 139.734645, 35.694445 ], [ 139.734808, 35.69437 ], [ 139.735023, 35.694253 ], [ 139.73522, 35.694132 ], [ 139.7356, 35.693858 ], [ 139.7355, 35.693854 ], [ 139.735182, 35.69392 ], [ 139.735032, 35.693842 ], [ 139.734719, 35.693706 ], [ 139.734654, 35.693698 ], [ 139.734604, 35.693692 ], [ 139.734237, 35.693715 ], [ 139.734098, 35.693799 ], [ 139.734064, 35.693821 ], [ 139.733882, 35.693935 ], [ 139.733815, 35.693977 ], [ 139.733613, 35.694099 ], [ 139.733615, 35.694112 ], [ 139.733822, 35.694251 ], [ 139.734039, 35.694398 ], [ 139.734204, 35.694506 ], [ 139.734221, 35.694485 ], [ 139.73423, 35.694473 ], [ 139.734289, 35.694517 ], [ 139.734382, 35.694585 ], [ 139.733658, 35.69526 ], [ 139.733985, 35.695494 ], [ 139.734239, 35.695277 ], [ 139.734408, 35.695133 ], [ 139.734512, 35.694971 ], [ 139.734828, 35.694691 ], [ 139.734743, 35.694616 ], [ 139.734645, 35.694445 ] ] ] } },
{ "type": "Feature", "properties": { "key": "新宿区|市谷鷹匠町", "ward": "新宿区", "town": "市谷鷹匠町" }, "geometry": { "type": "Polygon", "coordinates": [ [ [ 139.733594, 35.69628 ], [ 139.733979, 35.696436 ], [ 139.734441, 35.695838 ], [ 139.733985, 35.695494 ], [ 139.733658, 35.69526 ], [ 139.73335, 35.695484 ], [ 139.732968, 35.695711 ], [ 139.732774, 35.695789 ], [ 139.732596, 35.69584 ], [ 139.732529, 35.695882 ], [ 139.732761, 35.696366 ], [ 139.732765, 35.696368 ], [ 139.732828, 35.696434 ], [ 139.732833, 35.696439 ], [ 139.733269, 35.696674 ], [ 139.733282, 35.696681 ], [ 139.733524, 35.696377 ], [ 139.733532, 35.696365 ], [ 139.733594, 35.69628 ] ] ] } },
{ "type": "Feature", "properties": { "key": "新宿区|市谷山伏町", "ward": "新宿区", "town": "市谷山伏町" }, "geometry": { "type": "Polygon", "coordinates": [ [ [ 139.72809, 35.700417 ], [ 139.728296, 35.700429 ], [ 139.728318, 35.70043 ], [ 139.729381, 35.700472 ], [ 139.72937, 35.700334 ], [ 139.729367, 35.700305 ], [ 139.729311, 35.699919 ], [ 139.729262, 35.699536 ], [ 139.7292, 35.699237 ], [ 139.728765, 35.699308 ], [ 139.728531, 35.699347 ], [ 139.728237, 35.699387 ], [ 139.728033, 35.699412 ], [ 139.727888, 35.69943 ], [ 139.727887, 35.69943 ], [ 139.727738, 35.699439 ], [ 139.727626, 35.699436 ], [ 139.727597, 35.699435 ], [ 139.727318, 35.699428 ], [ 139.727135, 35.699415 ], [ 139.727117, 35.699413 ], [ 139.727003, 35.699414 ], [ 139.727032, 35.69972 ], [ 139.727043, 35.699835 ], [ 139.727046, 35.699872 ], [ 139.727054, 35.69997 ], [ 139.72706, 35.700035 ], [ 139.727078, 35.700214 ], [ 139.72709, 35.700338 ], [ 139.727072, 35.700463 ], [ 139.727058, 35.700557 ], [ 139.727034, 35.700854 ], [ 139.727269, 35.700861 ], [ 139.72764, 35.700847 ], [ 139.727894, 35.700806 ], [ 139.727871, 35.700424 ], [ 139.72809, 35.700417 ] ] ] } },
{ "type": "Feature", "properties": { "key": "新宿区|市谷八幡町", "ward": "新宿区", "town": "市谷八幡町" }, "geometry": { "type": "Polygon", "coordinates": [ [ [ 139.7345, 35.693022 ], [ 139.734936, 35.692633 ], [ 139.735051, 35.692483 ], [ 139.735166, 35.692381 ], [ 139.735547, 35.691941 ], [ 139.735582, 35.691905 ], [ 139.735707, 35.691963 ], [ 139.735611, 35.691898 ], [ 139.735611, 35.691865 ], [ 139.735448, 35.69177 ], [ 139.734282, 35.691096 ], [ 139.73423, 35.691158 ], [ 139.733957, 35.691484 ], [ 139.733827, 35.691701 ], [ 139.733825, 35.691704 ], [ 139.733794, 35.691757 ], [ 139.733701, 35.69196 ], [ 139.73367, 35.692028 ], [ 139.733582, 35.692224 ], [ 139.733568, 35.692256 ], [ 139.733502, 35.692435 ], [ 139.733304, 35.692714 ], [ 139.733348, 35.692754 ], [ 139.734036, 35.693202 ], [ 139.734041, 35.693205 ], [ 139.734044, 35.693201 ], [ 139.734064, 35.693179 ], [ 139.73409, 35.693195 ], [ 139.734156, 35.693236 ], [ 139.734219, 35.693178 ], [ 139.73422, 35.693178 ], [ 139.734243, 35.693176 ], [ 139.734309, 35.693169 ], [ 139.734316, 35.693172 ], [ 139.734361, 35.693135 ], [ 139.734568, 35.693293 ], [ 139.734705, 35.693174 ], [ 139.7345, 35.693022 ] ] ] } },
{ "type": "Feature", "properties": { "key": "新宿区|神楽坂1丁目", "ward": "新宿区", "town": "神楽坂１丁目" }, "geometry": { "type": "Polygon", "coordinates": [ [ [ 139.742604, 35.700493 ], [ 139.743134, 35.700252 ], [ 139.743018, 35.700112 ], [ 139.742839, 35.699894 ], [ 139.742588, 35.69958 ], [ 139.74215, 35.699039 ], [ 139.741933, 35.69876 ], [ 139.74156, 35.698299 ], [ 139.74151, 35.698325 ], [ 139.740881, 35.698643 ], [ 139.740712, 35.698757 ], [ 139.74061, 35.698851 ], [ 139.74106, 35.699328 ], [ 139.740833, 35.699867 ], [ 139.741156, 35.699954 ], [ 139.740984, 35.700413 ], [ 139.741193, 35.700413 ], [ 139.741373, 35.700388 ], [ 139.741398, 35.700435 ], [ 139.741536, 35.70043 ], [ 139.741606, 35.700505 ], [ 139.74199, 35.700384 ], [ 139.742184, 35.700628 ], [ 139.742261, 35.7006 ], [ 139.742537, 35.701079 ], [ 139.742609, 35.701204 ], [ 139.742726, 35.701164 ], [ 139.742919, 35.701423 ], [ 139.743134, 35.701334 ], [ 139.742604, 35.700493 ] ] ] } },
{ "type": "Feature", "properties": { "key": "新宿区|神楽坂2丁目", "ward": "新宿区", "town": "神楽坂２丁目" }, "geometry": { "type": "Polygon", "coordinates": [ [ [ 139.742726, 35.701164 ], [ 139.742609, 35.701204 ], [ 139.742537, 35.701079 ], [ 139.742261, 35.7006 ], [ 139.742184, 35.700628 ], [ 139.74199, 35.700384 ], [ 139.741606, 35.700505 ], [ 139.741536, 35.70043 ], [ 139.741398, 35.700435 ], [ 139.741373, 35.700388 ], [ 139.741193, 35.700413 ], [ 139.740984, 35.700413 ], [ 139.741156, 35.699954 ], [ 139.740833, 35.699867 ], [ 139.740575, 35.699794 ], [ 139.740437, 35.70014 ], [ 139.74065, 35.700206 ], [ 139.74056, 35.700399 ], [ 139.740204, 35.700288 ], [ 139.74015, 35.700384 ], [ 139.740442, 35.700487 ], [ 139.740568, 35.700523 ], [ 139.74069, 35.700538 ], [ 139.740974, 35.700532 ], [ 139.741164, 35.701034 ], [ 139.741187, 35.701028 ], [ 139.74138, 35.701329 ], [ 139.741466, 35.701486 ], [ 139.74156, 35.701658 ], [ 139.741696, 35.701874 ], [ 139.741734, 35.701955 ], [ 139.741741, 35.701953 ], [ 139.742845, 35.701459 ], [ 139.742919, 35.701423 ], [ 139.742726, 35.701164 ] ] ] } },
{ "type": "Feature", "properties": { "key": "新宿区|神楽坂3丁目", "ward": "新宿区", "town": "神楽坂３丁目" }, "geometry": { "type": "Polygon", "coordinates": [ [ [ 139.741466, 35.701486 ], [ 139.74138, 35.701329 ], [ 139.741187, 35.701028 ], [ 139.741164, 35.701034 ], [ 139.740974, 35.700532 ], [ 139.74069, 35.700538 ], [ 139.740568, 35.700523 ], [ 139.740442, 35.700487 ], [ 139.740325, 35.700747 ], [ 139.740261, 35.700736 ], [ 139.740194, 35.700692 ], [ 139.739947, 35.700576 ], [ 139.739907, 35.700545 ], [ 139.739819, 35.700488 ], [ 139.739577, 35.700395 ], [ 139.739398, 35.700703 ], [ 139.739227, 35.700946 ], [ 139.739309, 35.700996 ], [ 139.739405, 35.701081 ], [ 139.739466, 35.701172 ], [ 139.739591, 35.701427 ], [ 139.739649, 35.701624 ], [ 139.739991, 35.701498 ], [ 139.740182, 35.701825 ], [ 139.740341, 35.702084 ], [ 139.740356, 35.70211 ], [ 139.740566, 35.702445 ], [ 139.740571, 35.702442 ], [ 139.741734, 35.701955 ], [ 139.741696, 35.701874 ], [ 139.74156, 35.701658 ], [ 139.741466, 35.701486 ] ] ] } },
{ "type": "Feature", "properties": { "key": "新宿区|神楽坂4丁目", "ward": "新宿区", "town": "神楽坂４丁目" }, "geometry": { "type": "Polygon", "coordinates": [ [ [ 139.740045, 35.702738 ], [ 139.740566, 35.702445 ], [ 139.740356, 35.70211 ], [ 139.740341, 35.702084 ], [ 139.740182, 35.701825 ], [ 139.739991, 35.701498 ], [ 139.739649, 35.701624 ], [ 139.739612, 35.701645 ], [ 139.739265, 35.701778 ], [ 139.739384, 35.70208 ], [ 139.73946, 35.702273 ], [ 139.739481, 35.702405 ], [ 139.739485, 35.702423 ], [ 139.739495, 35.702536 ], [ 139.739501, 35.7026 ], [ 139.7395, 35.702687 ], [ 139.739504, 35.702754 ], [ 139.739575, 35.702738 ], [ 139.739617, 35.702846 ], [ 139.73977, 35.702816 ], [ 139.739835, 35.702855 ], [ 139.739839, 35.702853 ], [ 139.740045, 35.702738 ] ] ] } },
{ "type": "Feature", "properties": { "key": "新宿区|神楽坂5丁目", "ward": "新宿区", "town": "神楽坂５丁目" }, "geometry": { "type": "Polygon", "coordinates": [ [ [ 139.739256, 35.703068 ], [ 139.739494, 35.703076 ], [ 139.739515, 35.703076 ], [ 139.739526, 35.703076 ], [ 139.739504, 35.702754 ], [ 139.7395, 35.702687 ], [ 139.739501, 35.7026 ], [ 139.739495, 35.702536 ], [ 139.739485, 35.702423 ], [ 139.739481, 35.702405 ], [ 139.73946, 35.702273 ], [ 139.739384, 35.70208 ], [ 139.739265, 35.701778 ], [ 139.739612, 35.701645 ], [ 139.739649, 35.701624 ], [ 139.739591, 35.701427 ], [ 139.739466, 35.701172 ], [ 139.739363, 35.701206 ], [ 139.739313, 35.701132 ], [ 139.739306, 35.701134 ], [ 139.739285, 35.701094 ], [ 139.73926, 35.701111 ], [ 139.739227, 35.70114 ], [ 139.739199, 35.701164 ], [ 139.739206, 35.701166 ], [ 139.739191, 35.701171 ], [ 139.739195, 35.701178 ], [ 139.739179, 35.701193 ], [ 139.739148, 35.701203 ], [ 139.73902, 35.70124 ], [ 139.738677, 35.701319 ], [ 139.738715, 35.701475 ], [ 139.738785, 35.70168 ], [ 139.738588, 35.70173 ], [ 139.73854, 35.701651 ], [ 139.738473, 35.70164 ], [ 139.737917, 35.702006 ], [ 139.737981, 35.702068 ], [ 139.737955, 35.702086 ], [ 139.737811, 35.702187 ], [ 139.737778, 35.702181 ], [ 139.737589, 35.702306 ], [ 139.737701, 35.702473 ], [ 139.738138, 35.702236 ], [ 139.738308, 35.702391 ], [ 139.73839, 35.70246 ], [ 139.739117, 35.703157 ], [ 139.7392, 35.703104 ], [ 139.739256, 35.703068 ] ] ] } },
{ "type": "Feature", "properties": { "key": "新宿区|神楽坂6丁目", "ward": "新宿区", "town": "神楽坂６丁目" }, "geometry": { "type": "Polygon", "coordinates": [ [ [ 139.736589, 35.703872 ], [ 139.736608, 35.703894 ], [ 139.736673, 35.703966 ], [ 139.737172, 35.703744 ], [ 139.737373, 35.703666 ], [ 139.737883, 35.703434 ], [ 139.737908, 35.703422 ], [ 139.738055, 35.703356 ], [ 139.738084, 35.703346 ], [ 139.737973, 35.703149 ], [ 139.738019, 35.703116 ], [ 139.738008, 35.703094 ], [ 139.73798, 35.70304 ], [ 139.738219, 35.702917 ], [ 139.738218, 35.702915 ], [ 139.73821, 35.702735 ], [ 139.738308, 35.702391 ], [ 139.738138, 35.702236 ], [ 139.737701, 35.702473 ], [ 139.737589, 35.702306 ], [ 139.737437, 35.702118 ], [ 139.737074, 35.701834 ], [ 139.736972, 35.701767 ], [ 139.736718, 35.701999 ], [ 139.736456, 35.702155 ], [ 139.736694, 35.702397 ], [ 139.736483, 35.702535 ], [ 139.73615, 35.702744 ], [ 139.736133, 35.702755 ], [ 139.736092, 35.702739 ], [ 139.735984, 35.702804 ], [ 139.736134, 35.702974 ], [ 139.736042, 35.703029 ], [ 139.73594, 35.703091 ], [ 139.735666, 35.703253 ], [ 139.735607, 35.703266 ], [ 139.735572, 35.703197 ], [ 139.735498, 35.703122 ], [ 139.735202, 35.703174 ], [ 139.735224, 35.70322 ], [ 139.735157, 35.70325 ], [ 139.734836, 35.703312 ], [ 139.734955, 35.703748 ], [ 139.735164, 35.703716 ], [ 139.735357, 35.70408 ], [ 139.735465, 35.70425 ], [ 139.735452, 35.70426 ], [ 139.735691, 35.704169 ], [ 139.735857, 35.70414 ], [ 139.735917, 35.704126 ], [ 139.736089, 35.704079 ], [ 139.736589, 35.703872 ] ] ] } },
{ "type": "Feature", "properties": { "key": "新宿区|細工町", "ward": "新宿区", "town": "細工町" }, "geometry": { "type": "Polygon", "coordinates": [ [ [ 139.732781, 35.698119 ], [ 139.732497, 35.698814 ], [ 139.732489, 35.698833 ], [ 139.732364, 35.699147 ], [ 139.732317, 35.699264 ], [ 139.732288, 35.699335 ], [ 139.732201, 35.699549 ], [ 139.732178, 35.699612 ], [ 139.733115, 35.699943 ], [ 139.733117, 35.699937 ], [ 139.733273, 35.699576 ], [ 139.733446, 35.699175 ], [ 139.733454, 35.699157 ], [ 139.733454, 35.699156 ], [ 139.733527, 35.698985 ], [ 139.733588, 35.698838 ], [ 139.733745, 35.69847 ], [ 139.733747, 35.698464 ], [ 139.733389, 35.698336 ], [ 139.73324, 35.698288 ], [ 139.733135, 35.69825 ], [ 139.73289, 35.69816 ], [ 139.732781, 35.698119 ] ] ] } },
{ "type": "Feature", "properties": { "key": "新宿区|二十騎町", "ward": "新宿区", "town": "二十騎町" }, "geometry": { "type": "Polygon", "coordinates": [ [ [ 139.729539, 35.698801 ], [ 139.729551, 35.698841 ], [ 139.729776, 35.698819 ], [ 139.72976, 35.698723 ], [ 139.729756, 35.698669 ], [ 139.729752, 35.698648 ], [ 139.729733, 35.698557 ], [ 139.729706, 35.698428 ], [ 139.729857, 35.698401 ], [ 139.729877, 35.698498 ], [ 139.729886, 35.698543 ], [ 139.729895, 35.698584 ], [ 139.729902, 35.698621 ], [ 139.729942, 35.698613 ], [ 139.730034, 35.698597 ], [ 139.730036, 35.698603 ], [ 139.730075, 35.698816 ], [ 139.730289, 35.698768 ], [ 139.730334, 35.698756 ], [ 139.730509, 35.698742 ], [ 139.730679, 35.698728 ], [ 139.730922, 35.698724 ], [ 139.73121, 35.698727 ], [ 139.731345, 35.69873 ], [ 139.731654, 35.698755 ], [ 139.732092, 35.698782 ], [ 139.732213, 35.698371 ], [ 139.732342, 35.697987 ], [ 139.732202, 35.697965 ], [ 139.732177, 35.697961 ], [ 139.73196, 35.69793 ], [ 139.730937, 35.697801 ], [ 139.730849, 35.697803 ], [ 139.730548, 35.697811 ], [ 139.730158, 35.697822 ], [ 139.730036, 35.697836 ], [ 139.729989, 35.697841 ], [ 139.729613, 35.697926 ], [ 139.729478, 35.697943 ], [ 139.729453, 35.697946 ], [ 139.729004, 35.698048 ], [ 139.729105, 35.698518 ], [ 139.729157, 35.698862 ], [ 139.72916, 35.698882 ], [ 139.729497, 35.69881 ], [ 139.729539, 35.698801 ] ] ] } },
{ "type": "Feature", "properties": { "key": "新宿区|揚場町", "ward": "新宿区", "town": "揚場町" }, "geometry": { "type": "Polygon", "coordinates": [ [ [ 139.743685, 35.702602 ], [ 139.743713, 35.702638 ], [ 139.743772, 35.70263 ], [ 139.74413, 35.702553 ], [ 139.744157, 35.702469 ], [ 139.7441, 35.702397 ], [ 139.743794, 35.702084 ], [ 139.743572, 35.70187 ], [ 139.743155, 35.701366 ], [ 139.743134, 35.701334 ], [ 139.742919, 35.701423 ], [ 139.742845, 35.701459 ], [ 139.741741, 35.701953 ], [ 139.742, 35.702378 ], [ 139.74201, 35.702393 ], [ 139.742139, 35.702612 ], [ 139.74235, 35.70295 ], [ 139.74292, 35.702841 ], [ 139.743336, 35.702768 ], [ 139.743599, 35.702717 ], [ 139.743601, 35.702616 ], [ 139.743685, 35.702602 ] ] ] } },
{ "type": "Feature", "properties": { "key": "新宿区|津久戸町", "ward": "新宿区", "town": "津久戸町" }, "geometry": { "type": "Polygon", "coordinates": [ [ [ 139.741741, 35.701953 ], [ 139.741734, 35.701955 ], [ 139.740571, 35.702442 ], [ 139.740566, 35.702445 ], [ 139.740045, 35.702738 ], [ 139.739839, 35.702853 ], [ 139.739983, 35.7033 ], [ 139.740009, 35.703391 ], [ 139.740341, 35.703425 ], [ 139.74107, 35.703508 ], [ 139.741055, 35.703618 ], [ 139.74123, 35.703693 ], [ 139.741392, 35.703813 ], [ 139.741512, 35.703933 ], [ 139.741584, 35.704115 ], [ 139.741596, 35.704298 ], [ 139.741587, 35.704387 ], [ 139.741911, 35.704252 ], [ 139.742164, 35.704152 ], [ 139.742191, 35.704141 ], [ 139.742874, 35.703869 ], [ 139.742668, 35.703529 ], [ 139.742427, 35.70307 ], [ 139.74235, 35.70295 ], [ 139.742139, 35.702612 ], [ 139.74201, 35.702393 ], [ 139.742, 35.702378 ], [ 139.741741, 35.701953 ] ] ] } },
{ "type": "Feature", "properties": { "key": "新宿区|東五軒町", "ward": "新宿区", "town": "東五軒町" }, "geometry": { "type": "Polygon", "coordinates": [ [ [ 139.740796, 35.705113 ], [ 139.740796, 35.705111 ], [ 139.740802, 35.705089 ], [ 139.740772, 35.705088 ], [ 139.740184, 35.705086 ], [ 139.74013, 35.705091 ], [ 139.739828, 35.705081 ], [ 139.739307, 35.70515 ], [ 139.739148, 35.705174 ], [ 139.738572, 35.705258 ], [ 139.738465, 35.70508 ], [ 139.738404, 35.704986 ], [ 139.738346, 35.704895 ], [ 139.738328, 35.704868 ], [ 139.738198, 35.704666 ], [ 139.73806, 35.704452 ], [ 139.738051, 35.704439 ], [ 139.738011, 35.704459 ], [ 139.737834, 35.704543 ], [ 139.73748, 35.704714 ], [ 139.737485, 35.70472 ], [ 139.737718, 35.705025 ], [ 139.737723, 35.705032 ], [ 139.737771, 35.705094 ], [ 139.737774, 35.705098 ], [ 139.737818, 35.705164 ], [ 139.73786, 35.705236 ], [ 139.737898, 35.705311 ], [ 139.737919, 35.705365 ], [ 139.737897, 35.705369 ], [ 139.737909, 35.705411 ], [ 139.738003, 35.705723 ], [ 139.73805, 35.705945 ], [ 139.738089, 35.706136 ], [ 139.738179, 35.706477 ], [ 139.738266, 35.706835 ], [ 139.738341, 35.707149 ], [ 139.738394, 35.707366 ], [ 139.738394, 35.707384 ], [ 139.738595, 35.708234 ], [ 139.738606, 35.70828 ], [ 139.738639, 35.708424 ], [ 139.738709, 35.708719 ], [ 139.738725, 35.7088 ], [ 139.7389, 35.708773 ], [ 139.739703, 35.708651 ], [ 139.739808, 35.708638 ], [ 139.74024, 35.70857 ], [ 139.740567, 35.708518 ], [ 139.740635, 35.70851 ], [ 139.74063, 35.708495 ], [ 139.740546, 35.708138 ], [ 139.740309, 35.707125 ], [ 139.740311, 35.707114 ], [ 139.740316, 35.707095 ], [ 139.740327, 35.707044 ], [ 139.740403, 35.706713 ], [ 139.740532, 35.70615 ], [ 139.740536, 35.706135 ], [ 139.740537, 35.70613 ], [ 139.740659, 35.70557 ], [ 139.740661, 35.705561 ], [ 139.740716, 35.705378 ], [ 139.740796, 35.705113 ] ] ] } },
{ "type": "Feature", "properties": { "key": "新宿区|西五軒町", "ward": "新宿区", "town": "西五軒町" }, "geometry": { "type": "Polygon", "coordinates": [ [ [ 139.738424, 35.708818 ], [ 139.738468, 35.708819 ], [ 139.738478, 35.708821 ], [ 139.738519, 35.708826 ], [ 139.738725, 35.7088 ], [ 139.738709, 35.708719 ], [ 139.738639, 35.708424 ], [ 139.738606, 35.70828 ], [ 139.738595, 35.708234 ], [ 139.738394, 35.707384 ], [ 139.738394, 35.707366 ], [ 139.738341, 35.707149 ], [ 139.738266, 35.706835 ], [ 139.738179, 35.706477 ], [ 139.738089, 35.706136 ], [ 139.73805, 35.705945 ], [ 139.738003, 35.705723 ], [ 139.737909, 35.705411 ], [ 139.737897, 35.705369 ], [ 139.737919, 35.705365 ], [ 139.737898, 35.705311 ], [ 139.73786, 35.705236 ], [ 139.737818, 35.705164 ], [ 139.737774, 35.705098 ], [ 139.737771, 35.705094 ], [ 139.737723, 35.705032 ], [ 139.737691, 35.70505 ], [ 139.737558, 35.705117 ], [ 139.737481, 35.705196 ], [ 139.737532, 35.705299 ], [ 139.737375, 35.705326 ], [ 139.737024, 35.705356 ], [ 139.736837, 35.70538 ], [ 139.736731, 35.705393 ], [ 139.736553, 35.705424 ], [ 139.736422, 35.705446 ], [ 139.736338, 35.705448 ], [ 139.736189, 35.70545 ], [ 139.736236, 35.705721 ], [ 139.736251, 35.705807 ], [ 139.736632, 35.705747 ], [ 139.736689, 35.705973 ], [ 139.736779, 35.706329 ], [ 139.736616, 35.706353 ], [ 139.736689, 35.706677 ], [ 139.736735, 35.706845 ], [ 139.736738, 35.70686 ], [ 139.736795, 35.707107 ], [ 139.736859, 35.707383 ], [ 139.736906, 35.707586 ], [ 139.737012, 35.708093 ], [ 139.737017, 35.708114 ], [ 139.737046, 35.708251 ], [ 139.737075, 35.70837 ], [ 139.737232, 35.708999 ], [ 139.737305, 35.708989 ], [ 139.737811, 35.708919 ], [ 139.737935, 35.708898 ], [ 139.73811, 35.70887 ], [ 139.738291, 35.70884 ], [ 139.738424, 35.708818 ] ] ] } },
{ "type": "Feature", "properties": { "key": "新宿区|赤城元町", "ward": "新宿区", "town": "赤城元町" }, "geometry": { "type": "Polygon", "coordinates": [ [ [ 139.737485, 35.70472 ], [ 139.73748, 35.704714 ], [ 139.737414, 35.704746 ], [ 139.737377, 35.704756 ], [ 139.737168, 35.704517 ], [ 139.737149, 35.704496 ], [ 139.736673, 35.703966 ], [ 139.736608, 35.703894 ], [ 139.736589, 35.703872 ], [ 139.736089, 35.704079 ], [ 139.735917, 35.704126 ], [ 139.735857, 35.70414 ], [ 139.735691, 35.704169 ], [ 139.735452, 35.70426 ], [ 139.735393, 35.704309 ], [ 139.735404, 35.704556 ], [ 139.735462, 35.704591 ], [ 139.735447, 35.704831 ], [ 139.735449, 35.704933 ], [ 139.735466, 35.704971 ], [ 139.735477, 35.705124 ], [ 139.735488, 35.705271 ], [ 139.735489, 35.705292 ], [ 139.735538, 35.705298 ], [ 139.735942, 35.705307 ], [ 139.735993, 35.705393 ], [ 139.736174, 35.705425 ], [ 139.736189, 35.70545 ], [ 139.736338, 35.705448 ], [ 139.736422, 35.705446 ], [ 139.736553, 35.705424 ], [ 139.736731, 35.705393 ], [ 139.736837, 35.70538 ], [ 139.737024, 35.705356 ], [ 139.737375, 35.705326 ], [ 139.737532, 35.705299 ], [ 139.737481, 35.705196 ], [ 139.737558, 35.705117 ], [ 139.737691, 35.70505 ], [ 139.737723, 35.705032 ], [ 139.737718, 35.705025 ], [ 139.737485, 35.70472 ] ] ] } },
{ "type": "Feature", "properties": { "key": "新宿区|南榎町", "ward": "新宿区", "town": "南榎町" }, "geometry": { "type": "Polygon", "coordinates": [ [ [ 139.729416, 35.702699 ], [ 139.729457, 35.70277 ], [ 139.729675, 35.702689 ], [ 139.730061, 35.702545 ], [ 139.730063, 35.702544 ], [ 139.729993, 35.702128 ], [ 139.729979, 35.702093 ], [ 139.729893, 35.701706 ], [ 139.729735, 35.70126 ], [ 139.729635, 35.701264 ], [ 139.729649, 35.701065 ], [ 139.729702, 35.701066 ], [ 139.729703, 35.700963 ], [ 139.729703, 35.700934 ], [ 139.729666, 35.700931 ], [ 139.729637, 35.700928 ], [ 139.729636, 35.700902 ], [ 139.729622, 35.700901 ], [ 139.72961, 35.700472 ], [ 139.729381, 35.700472 ], [ 139.728318, 35.70043 ], [ 139.728296, 35.700429 ], [ 139.72809, 35.700417 ], [ 139.727871, 35.700424 ], [ 139.727894, 35.700806 ], [ 139.72764, 35.700847 ], [ 139.727695, 35.701076 ], [ 139.727713, 35.701151 ], [ 139.727716, 35.70116 ], [ 139.727903, 35.701871 ], [ 139.728004, 35.702275 ], [ 139.728132, 35.702787 ], [ 139.728135, 35.702789 ], [ 139.728121, 35.702793 ], [ 139.728245, 35.703425 ], [ 139.728263, 35.703498 ], [ 139.728318, 35.703714 ], [ 139.728741, 35.703673 ], [ 139.72879, 35.703668 ], [ 139.728792, 35.703623 ], [ 139.729245, 35.703545 ], [ 139.729142, 35.703173 ], [ 139.729165, 35.703167 ], [ 139.729095, 35.702904 ], [ 139.729344, 35.702796 ], [ 139.729326, 35.702713 ], [ 139.729416, 35.702699 ] ] ] } },
{ "type": "Feature", "properties": { "key": "新宿区|袋町", "ward": "新宿区", "town": "袋町" }, "geometry": { "type": "Polygon", "coordinates": [ [ [ 139.737671, 35.699299 ], [ 139.737601, 35.699444 ], [ 139.737536, 35.699607 ], [ 139.737453, 35.699765 ], [ 139.737296, 35.700108 ], [ 139.737277, 35.700148 ], [ 139.737233, 35.700274 ], [ 139.73714, 35.700473 ], [ 139.73709, 35.700563 ], [ 139.737063, 35.70061 ], [ 139.73706, 35.700613 ], [ 139.736875, 35.700919 ], [ 139.737145, 35.701007 ], [ 139.737263, 35.701058 ], [ 139.73727, 35.70108 ], [ 139.737297, 35.701089 ], [ 139.737457, 35.701142 ], [ 139.737432, 35.701202 ], [ 139.737705, 35.701281 ], [ 139.738067, 35.701408 ], [ 139.738143, 35.701441 ], [ 139.738392, 35.701536 ], [ 139.738473, 35.70164 ], [ 139.73854, 35.701651 ], [ 139.738588, 35.70173 ], [ 139.738785, 35.70168 ], [ 139.738715, 35.701475 ], [ 139.738677, 35.701319 ], [ 139.73902, 35.70124 ], [ 139.739148, 35.701203 ], [ 139.739179, 35.701193 ], [ 139.739195, 35.701178 ], [ 139.739191, 35.701171 ], [ 139.739206, 35.701166 ], [ 139.739199, 35.701164 ], [ 139.738834, 35.701058 ], [ 139.738874, 35.700919 ], [ 139.738858, 35.700859 ], [ 139.738899, 35.700692 ], [ 139.738843, 35.70063 ], [ 139.738877, 35.700574 ], [ 139.739048, 35.700304 ], [ 139.73922, 35.700119 ], [ 139.739308, 35.700001 ], [ 139.739309, 35.699983 ], [ 139.739312, 35.699898 ], [ 139.738955, 35.699766 ], [ 139.73868, 35.699664 ], [ 139.738664, 35.699655 ], [ 139.737671, 35.699299 ] ] ] } },
{ "type": "Feature", "properties": { "key": "新宿区|払方町", "ward": "新宿区", "town": "払方町" }, "geometry": { "type": "Polygon", "coordinates": [ [ [ 139.738181, 35.698211 ], [ 139.737871, 35.698103 ], [ 139.737311, 35.697908 ], [ 139.737257, 35.697889 ], [ 139.736642, 35.697675 ], [ 139.736332, 35.697557 ], [ 139.735731, 35.697343 ], [ 139.73584, 35.697139 ], [ 139.735941, 35.696949 ], [ 139.735743, 35.696852 ], [ 139.735762, 35.696778 ], [ 139.735554, 35.696677 ], [ 139.735358, 35.696582 ], [ 139.735287, 35.696552 ], [ 139.734986, 35.696464 ], [ 139.734754, 35.696396 ], [ 139.734861, 35.69615 ], [ 139.734497, 35.695875 ], [ 139.734441, 35.695838 ], [ 139.733979, 35.696436 ], [ 139.733594, 35.69628 ], [ 139.733532, 35.696365 ], [ 139.733524, 35.696377 ], [ 139.733282, 35.696681 ], [ 139.733623, 35.696872 ], [ 139.73361, 35.696881 ], [ 139.733459, 35.697093 ], [ 139.7335, 35.697115 ], [ 139.733501, 35.697115 ], [ 139.7336, 35.697161 ], [ 139.73425, 35.697394 ], [ 139.734339, 35.697426 ], [ 139.734485, 35.697467 ], [ 139.734569, 35.697503 ], [ 139.734595, 35.697517 ], [ 139.734729, 35.697587 ], [ 139.734753, 35.697597 ], [ 139.734761, 35.6976 ], [ 139.734687, 35.697762 ], [ 139.734679, 35.697779 ], [ 139.73476, 35.697806 ], [ 139.73478, 35.697811 ], [ 139.734863, 35.697634 ], [ 139.735411, 35.697828 ], [ 139.735438, 35.697842 ], [ 139.7357, 35.697929 ], [ 139.735708, 35.697931 ], [ 139.735915, 35.697975 ], [ 139.736101, 35.698067 ], [ 139.736387, 35.698165 ], [ 139.736456, 35.698195 ], [ 139.736496, 35.698209 ], [ 139.736756, 35.698299 ], [ 139.73715, 35.698444 ], [ 139.737283, 35.698493 ], [ 139.737553, 35.69858 ], [ 139.737678, 35.69862 ], [ 139.737721, 35.698626 ], [ 139.737785, 35.698634 ], [ 139.737864, 35.698622 ], [ 139.737961, 35.698653 ], [ 139.738181, 35.698211 ] ] ] } },
{ "type": "Feature", "properties": { "key": "新宿区|南町", "ward": "新宿区", "town": "南町" }, "geometry": { "type": "Polygon", "coordinates": [ [ [ 139.73794, 35.698694 ], [ 139.737961, 35.698653 ], [ 139.737864, 35.698622 ], [ 139.737785, 35.698634 ], [ 139.737721, 35.698626 ], [ 139.737678, 35.69862 ], [ 139.737553, 35.69858 ], [ 139.737283, 35.698493 ], [ 139.73715, 35.698444 ], [ 139.736756, 35.698299 ], [ 139.736496, 35.698209 ], [ 139.736456, 35.698195 ], [ 139.736387, 35.698165 ], [ 139.736101, 35.698067 ], [ 139.735915, 35.697975 ], [ 139.735708, 35.697931 ], [ 139.7357, 35.697929 ], [ 139.735438, 35.697842 ], [ 139.735411, 35.697828 ], [ 139.734863, 35.697634 ], [ 139.73478, 35.697811 ], [ 139.734694, 35.697986 ], [ 139.734533, 35.698315 ], [ 139.734519, 35.698345 ], [ 139.735138, 35.698559 ], [ 139.735367, 35.698645 ], [ 139.735573, 35.698712 ], [ 139.735575, 35.698729 ], [ 139.735744, 35.698788 ], [ 139.735785, 35.69879 ], [ 139.735951, 35.69885 ], [ 139.736399, 35.699012 ], [ 139.736331, 35.699158 ], [ 139.736366, 35.699171 ], [ 139.736489, 35.699212 ], [ 139.73652, 35.699224 ], [ 139.736592, 35.699083 ], [ 139.737173, 35.699293 ], [ 139.737601, 35.699444 ], [ 139.737671, 35.699299 ], [ 139.73794, 35.698694 ] ] ] } },
{ "type": "Feature", "properties": { "key": "新宿区|北町", "ward": "新宿区", "town": "北町" }, "geometry": { "type": "Polygon", "coordinates": [ [ [ 139.736715, 35.700898 ], [ 139.736847, 35.700953 ], [ 139.736875, 35.700919 ], [ 139.73706, 35.700613 ], [ 139.737063, 35.70061 ], [ 139.73709, 35.700563 ], [ 139.73714, 35.700473 ], [ 139.737233, 35.700274 ], [ 139.737277, 35.700148 ], [ 139.737011, 35.700044 ], [ 139.736369, 35.699818 ], [ 139.736036, 35.699711 ], [ 139.735794, 35.699598 ], [ 139.735711, 35.699586 ], [ 139.735517, 35.699516 ], [ 139.734977, 35.699332 ], [ 139.735028, 35.699223 ], [ 139.734856, 35.699169 ], [ 139.734806, 35.699268 ], [ 139.734389, 35.699112 ], [ 139.733831, 35.698913 ], [ 139.733588, 35.698838 ], [ 139.733527, 35.698985 ], [ 139.733454, 35.699156 ], [ 139.733454, 35.699157 ], [ 139.733446, 35.699175 ], [ 139.733273, 35.699576 ], [ 139.733117, 35.699937 ], [ 139.733471, 35.700061 ], [ 139.733727, 35.700151 ], [ 139.733948, 35.700236 ], [ 139.734036, 35.700265 ], [ 139.734177, 35.699941 ], [ 139.734177, 35.699939 ], [ 139.7342, 35.699946 ], [ 139.734425, 35.699996 ], [ 139.734429, 35.699996 ], [ 139.734455, 35.700004 ], [ 139.734456, 35.700001 ], [ 139.734468, 35.699977 ], [ 139.734621, 35.70003 ], [ 139.734615, 35.70005 ], [ 139.734973, 35.700152 ], [ 139.734998, 35.700158 ], [ 139.735052, 35.70004 ], [ 139.735061, 35.700043 ], [ 139.735115, 35.700059 ], [ 139.735324, 35.700123 ], [ 139.735267, 35.700247 ], [ 139.735255, 35.700275 ], [ 139.735327, 35.700291 ], [ 139.735672, 35.700404 ], [ 139.735689, 35.700384 ], [ 139.735837, 35.700424 ], [ 139.735821, 35.700455 ], [ 139.736034, 35.700523 ], [ 139.736247, 35.700592 ], [ 139.736445, 35.700652 ], [ 139.73639, 35.700771 ], [ 139.736608, 35.700814 ], [ 139.736528, 35.70095 ], [ 139.736654, 35.701004 ], [ 139.736715, 35.700898 ] ] ] } },
{ "type": "Feature", "properties": { "key": "新宿区|納戸町", "ward": "新宿区", "town": "納戸町" }, "geometry": { "type": "Polygon", "coordinates": [ [ [ 139.732781, 35.698119 ], [ 139.73289, 35.69816 ], [ 139.733135, 35.69825 ], [ 139.73324, 35.698288 ], [ 139.733389, 35.698336 ], [ 139.733747, 35.698464 ], [ 139.733745, 35.69847 ], [ 139.733901, 35.698523 ], [ 139.734357, 35.698677 ], [ 139.734519, 35.698345 ], [ 139.734533, 35.698315 ], [ 139.734694, 35.697986 ], [ 139.73478, 35.697811 ], [ 139.73476, 35.697806 ], [ 139.734679, 35.697779 ], [ 139.734687, 35.697762 ], [ 139.734761, 35.6976 ], [ 139.734753, 35.697597 ], [ 139.734729, 35.697587 ], [ 139.734595, 35.697517 ], [ 139.734569, 35.697503 ], [ 139.734485, 35.697467 ], [ 139.734339, 35.697426 ], [ 139.73425, 35.697394 ], [ 139.7336, 35.697161 ], [ 139.733501, 35.697115 ], [ 139.7335, 35.697115 ], [ 139.733459, 35.697093 ], [ 139.73361, 35.696881 ], [ 139.733623, 35.696872 ], [ 139.733282, 35.696681 ], [ 139.733269, 35.696674 ], [ 139.732833, 35.696439 ], [ 139.732828, 35.696434 ], [ 139.732765, 35.696368 ], [ 139.732761, 35.696366 ], [ 139.732529, 35.695882 ], [ 139.732483, 35.695858 ], [ 139.732022, 35.695904 ], [ 139.732092, 35.696698 ], [ 139.732096, 35.696738 ], [ 139.732102, 35.696806 ], [ 139.732201, 35.697952 ], [ 139.732202, 35.697965 ], [ 139.732342, 35.697987 ], [ 139.732213, 35.698371 ], [ 139.732092, 35.698782 ], [ 139.732489, 35.698833 ], [ 139.732497, 35.698814 ], [ 139.732781, 35.698119 ] ] ] } },
{ "type": "Feature", "properties": { "key": "新宿区|南山伏町", "ward": "新宿区", "town": "南山伏町" }, "geometry": { "type": "Polygon", "coordinates": [ [ [ 139.732489, 35.698833 ], [ 139.732092, 35.698782 ], [ 139.731654, 35.698755 ], [ 139.731345, 35.69873 ], [ 139.73121, 35.698727 ], [ 139.730922, 35.698724 ], [ 139.730679, 35.698728 ], [ 139.730509, 35.698742 ], [ 139.730334, 35.698756 ], [ 139.730289, 35.698768 ], [ 139.730075, 35.698816 ], [ 139.730036, 35.698603 ], [ 139.730034, 35.698597 ], [ 139.729942, 35.698613 ], [ 139.729902, 35.698621 ], [ 139.729895, 35.698584 ], [ 139.729886, 35.698543 ], [ 139.729877, 35.698498 ], [ 139.729857, 35.698401 ], [ 139.729706, 35.698428 ], [ 139.729733, 35.698557 ], [ 139.729752, 35.698648 ], [ 139.729756, 35.698669 ], [ 139.72976, 35.698723 ], [ 139.729776, 35.698819 ], [ 139.729551, 35.698841 ], [ 139.729539, 35.698801 ], [ 139.729497, 35.69881 ], [ 139.72916, 35.698882 ], [ 139.7292, 35.699237 ], [ 139.729895, 35.699116 ], [ 139.729906, 35.699114 ], [ 139.730004, 35.699102 ], [ 139.730027, 35.699098 ], [ 139.730054, 35.699094 ], [ 139.730289, 35.699135 ], [ 139.730399, 35.699156 ], [ 139.730954, 35.699258 ], [ 139.731071, 35.699282 ], [ 139.731739, 35.699426 ], [ 139.732201, 35.699549 ], [ 139.732288, 35.699335 ], [ 139.732317, 35.699264 ], [ 139.732364, 35.699147 ], [ 139.732489, 35.698833 ] ] ] } },
{ "type": "Feature", "properties": { "key": "新宿区|北山伏町", "ward": "新宿区", "town": "北山伏町" }, "geometry": { "type": "Polygon", "coordinates": [ [ [ 139.730862, 35.699929 ], [ 139.731265, 35.700058 ], [ 139.731349, 35.700087 ], [ 139.73158, 35.700168 ], [ 139.731867, 35.70027 ], [ 139.732018, 35.699946 ], [ 139.732178, 35.699612 ], [ 139.732201, 35.699549 ], [ 139.731739, 35.699426 ], [ 139.731071, 35.699282 ], [ 139.730954, 35.699258 ], [ 139.730399, 35.699156 ], [ 139.730289, 35.699135 ], [ 139.730054, 35.699094 ], [ 139.730027, 35.699098 ], [ 139.730004, 35.699102 ], [ 139.729906, 35.699114 ], [ 139.729895, 35.699116 ], [ 139.7292, 35.699237 ], [ 139.729262, 35.699536 ], [ 139.729311, 35.699919 ], [ 139.729367, 35.700305 ], [ 139.72937, 35.700334 ], [ 139.729381, 35.700472 ], [ 139.72961, 35.700472 ], [ 139.729622, 35.700901 ], [ 139.729636, 35.700902 ], [ 139.729637, 35.700928 ], [ 139.729666, 35.700931 ], [ 139.729703, 35.700934 ], [ 139.729858, 35.700948 ], [ 139.729858, 35.70087 ], [ 139.730059, 35.700852 ], [ 139.730073, 35.700959 ], [ 139.73039, 35.700963 ], [ 139.730592, 35.700955 ], [ 139.73079, 35.700968 ], [ 139.730862, 35.699929 ] ] ] } },
{ "type": "Feature", "properties": { "key": "新宿区|白銀町", "ward": "新宿区", "town": "白銀町" }, "geometry": { "type": "Polygon", "coordinates": [ [ [ 139.738835, 35.704395 ], [ 139.738712, 35.704149 ], [ 139.738878, 35.704065 ], [ 139.73909, 35.703956 ], [ 139.739094, 35.703953 ], [ 139.73909, 35.703945 ], [ 139.739013, 35.703819 ], [ 139.739376, 35.703877 ], [ 139.739403, 35.70388 ], [ 139.739423, 35.703774 ], [ 139.739342, 35.703763 ], [ 139.739343, 35.703732 ], [ 139.739177, 35.703709 ], [ 139.73918, 35.703694 ], [ 139.739194, 35.703607 ], [ 139.739202, 35.703556 ], [ 139.739215, 35.703477 ], [ 139.739243, 35.703311 ], [ 139.739278, 35.703312 ], [ 139.740009, 35.703391 ], [ 139.739983, 35.7033 ], [ 139.739839, 35.702853 ], [ 139.739835, 35.702855 ], [ 139.73977, 35.702816 ], [ 139.739617, 35.702846 ], [ 139.739575, 35.702738 ], [ 139.739504, 35.702754 ], [ 139.739526, 35.703076 ], [ 139.739515, 35.703076 ], [ 139.739494, 35.703076 ], [ 139.739256, 35.703068 ], [ 139.7392, 35.703104 ], [ 139.739117, 35.703157 ], [ 139.73839, 35.70246 ], [ 139.738308, 35.702391 ], [ 139.73821, 35.702735 ], [ 139.738218, 35.702915 ], [ 139.738219, 35.702917 ], [ 139.73798, 35.70304 ], [ 139.738008, 35.703094 ], [ 139.738019, 35.703116 ], [ 139.737973, 35.703149 ], [ 139.738084, 35.703346 ], [ 139.738055, 35.703356 ], [ 139.737908, 35.703422 ], [ 139.737883, 35.703434 ], [ 139.737373, 35.703666 ], [ 139.737172, 35.703744 ], [ 139.736673, 35.703966 ], [ 139.737149, 35.704496 ], [ 139.737168, 35.704517 ], [ 139.737377, 35.704756 ], [ 139.737414, 35.704746 ], [ 139.73748, 35.704714 ], [ 139.737834, 35.704543 ], [ 139.738011, 35.704459 ], [ 139.738051, 35.704439 ], [ 139.73806, 35.704452 ], [ 139.738198, 35.704666 ], [ 139.738328, 35.704868 ], [ 139.738346, 35.704895 ], [ 139.738404, 35.704986 ], [ 139.738465, 35.70508 ], [ 139.738572, 35.705258 ], [ 139.739148, 35.705174 ], [ 139.739062, 35.704765 ], [ 139.738966, 35.704658 ], [ 139.738835, 35.704395 ] ] ] } },
{ "type": "Feature", "properties": { "key": "新宿区|下宮比町", "ward": "新宿区", "town": "下宮比町" }, "geometry": { "type": "Polygon", "coordinates": [ [ [ 139.744648, 35.703566 ], [ 139.744751, 35.703223 ], [ 139.74478, 35.703125 ], [ 139.744835, 35.702941 ], [ 139.744897, 35.702855 ], [ 139.745096, 35.702583 ], [ 139.74512, 35.702551 ], [ 139.744968, 35.702441 ], [ 139.744871, 35.702375 ], [ 139.744759, 35.702302 ], [ 139.744353, 35.702376 ], [ 139.744435, 35.702443 ], [ 139.744418, 35.702446 ], [ 139.744157, 35.702469 ], [ 139.74413, 35.702553 ], [ 139.743772, 35.70263 ], [ 139.743713, 35.702638 ], [ 139.743685, 35.702602 ], [ 139.743601, 35.702616 ], [ 139.743599, 35.702717 ], [ 139.743336, 35.702768 ], [ 139.74292, 35.702841 ], [ 139.74235, 35.70295 ], [ 139.742427, 35.70307 ], [ 139.742668, 35.703529 ], [ 139.742874, 35.703869 ], [ 139.742985, 35.704029 ], [ 139.743108, 35.704038 ], [ 139.743168, 35.704043 ], [ 139.743224, 35.703963 ], [ 139.744456, 35.704212 ], [ 139.744497, 35.704075 ], [ 139.744648, 35.703566 ] ] ] } },
{ "type": "Feature", "properties": { "key": "新宿区|矢来町", "ward": "新宿区", "town": "矢来町" }, "geometry": { "type": "Polygon", "coordinates": [ [ [ 139.732841, 35.704837 ], [ 139.732988, 35.704818 ], [ 139.733101, 35.704827 ], [ 139.733208, 35.704817 ], [ 139.733223, 35.704816 ], [ 139.733457, 35.7048 ], [ 139.733597, 35.704764 ], [ 139.734062, 35.704689 ], [ 139.734074, 35.704698 ], [ 139.734228, 35.704659 ], [ 139.734358, 35.70465 ], [ 139.734767, 35.704597 ], [ 139.734966, 35.704571 ], [ 139.735045, 35.704565 ], [ 139.735339, 35.70455 ], [ 139.735404, 35.704556 ], [ 139.735393, 35.704309 ], [ 139.735452, 35.70426 ], [ 139.735465, 35.70425 ], [ 139.735357, 35.70408 ], [ 139.735164, 35.703716 ], [ 139.734955, 35.703748 ], [ 139.734836, 35.703312 ], [ 139.734794, 35.703156 ], [ 139.734527, 35.702197 ], [ 139.734507, 35.702089 ], [ 139.734359, 35.701853 ], [ 139.734321, 35.701811 ], [ 139.734632, 35.701596 ], [ 139.734828, 35.701478 ], [ 139.73484, 35.701454 ], [ 139.734167, 35.701182 ], [ 139.733792, 35.701026 ], [ 139.733681, 35.700993 ], [ 139.732815, 35.700643 ], [ 139.732565, 35.700536 ], [ 139.73247, 35.700496 ], [ 139.732173, 35.700396 ], [ 139.731867, 35.70027 ], [ 139.73158, 35.700168 ], [ 139.731349, 35.700087 ], [ 139.731265, 35.700058 ], [ 139.730862, 35.699929 ], [ 139.73079, 35.700968 ], [ 139.730592, 35.700955 ], [ 139.73039, 35.700963 ], [ 139.730073, 35.700959 ], [ 139.730059, 35.700852 ], [ 139.729858, 35.70087 ], [ 139.729858, 35.700948 ], [ 139.729703, 35.700934 ], [ 139.729703, 35.700963 ], [ 139.729702, 35.701066 ], [ 139.729649, 35.701065 ], [ 139.729635, 35.701264 ], [ 139.729735, 35.70126 ], [ 139.729893, 35.701706 ], [ 139.729979, 35.702093 ], [ 139.729993, 35.702128 ], [ 139.730063, 35.702544 ], [ 139.730061, 35.702545 ], [ 139.729675, 35.702689 ], [ 139.729457, 35.70277 ], [ 139.729416, 35.702699 ], [ 139.729326, 35.702713 ], [ 139.729344, 35.702796 ], [ 139.729095, 35.702904 ], [ 139.729165, 35.703167 ], [ 139.729142, 35.703173 ], [ 139.729245, 35.703545 ], [ 139.729329, 35.70353 ], [ 139.729341, 35.703556 ], [ 139.729341, 35.703977 ], [ 139.729341, 35.703995 ], [ 139.729369, 35.704164 ], [ 139.729356, 35.704359 ], [ 139.729372, 35.704362 ], [ 139.729458, 35.704377 ], [ 139.729455, 35.704416 ], [ 139.729749, 35.704453 ], [ 139.730363, 35.704541 ], [ 139.730542, 35.704567 ], [ 139.730589, 35.704583 ], [ 139.730639, 35.704614 ], [ 139.730758, 35.704558 ], [ 139.730819, 35.70453 ], [ 139.730826, 35.704493 ], [ 139.73106, 35.704467 ], [ 139.731149, 35.704448 ], [ 139.731256, 35.704425 ], [ 139.731581, 35.704381 ], [ 139.732201, 35.704268 ], [ 139.732345, 35.704766 ], [ 139.732275, 35.704777 ], [ 139.732367, 35.705047 ], [ 139.732715, 35.704983 ], [ 139.732745, 35.70506 ], [ 139.732832, 35.705035 ], [ 139.732841, 35.704837 ] ] ] } },
{ "type": "Feature", "properties": { "key": "新宿区|若宮町", "ward": "新宿区", "town": "若宮町" }, "geometry": { "type": "Polygon", "coordinates": [ [ [ 139.739405, 35.701081 ], [ 139.739309, 35.700996 ], [ 139.739227, 35.700946 ], [ 139.739398, 35.700703 ], [ 139.739577, 35.700395 ], [ 139.739819, 35.700488 ], [ 139.739907, 35.700545 ], [ 139.739947, 35.700576 ], [ 139.740194, 35.700692 ], [ 139.740261, 35.700736 ], [ 139.740325, 35.700747 ], [ 139.740442, 35.700487 ], [ 139.74015, 35.700384 ], [ 139.740204, 35.700288 ], [ 139.74056, 35.700399 ], [ 139.74065, 35.700206 ], [ 139.740437, 35.70014 ], [ 139.740575, 35.699794 ], [ 139.740833, 35.699867 ], [ 139.74106, 35.699328 ], [ 139.74061, 35.698851 ], [ 139.74037, 35.698591 ], [ 139.739948, 35.698863 ], [ 139.739743, 35.699222 ], [ 139.739529, 35.699142 ], [ 139.739515, 35.699137 ], [ 139.739063, 35.698968 ], [ 139.739239, 35.698626 ], [ 139.739209, 35.698615 ], [ 139.738743, 35.698448 ], [ 139.738733, 35.698444 ], [ 139.738778, 35.698352 ], [ 139.738838, 35.697994 ], [ 139.738612, 35.697998 ], [ 139.738286, 35.698003 ], [ 139.738181, 35.698211 ], [ 139.737961, 35.698653 ], [ 139.73794, 35.698694 ], [ 139.737671, 35.699299 ], [ 139.738664, 35.699655 ], [ 139.73868, 35.699664 ], [ 139.738955, 35.699766 ], [ 139.739312, 35.699898 ], [ 139.739309, 35.699983 ], [ 139.739308, 35.700001 ], [ 139.73922, 35.700119 ], [ 139.739048, 35.700304 ], [ 139.738877, 35.700574 ], [ 139.738843, 35.70063 ], [ 139.738899, 35.700692 ], [ 139.738858, 35.700859 ], [ 139.738874, 35.700919 ], [ 139.738834, 35.701058 ], [ 139.739199, 35.701164 ], [ 139.739227, 35.70114 ], [ 139.73926, 35.701111 ], [ 139.739285, 35.701094 ], [ 139.739306, 35.701134 ], [ 139.739313, 35.701132 ], [ 139.739363, 35.701206 ], [ 139.739466, 35.701172 ], [ 139.739405, 35.701081 ] ] ] } },
{ "type": "Feature", "properties": { "key": "新宿区|岩戸町", "ward": "新宿区", "town": "岩戸町" }, "geometry": { "type": "Polygon", "coordinates": [ [ [ 139.737778, 35.702181 ], [ 139.737811, 35.702187 ], [ 139.737955, 35.702086 ], [ 139.737981, 35.702068 ], [ 139.737917, 35.702006 ], [ 139.738473, 35.70164 ], [ 139.738392, 35.701536 ], [ 139.738143, 35.701441 ], [ 139.738067, 35.701408 ], [ 139.737705, 35.701281 ], [ 139.737432, 35.701202 ], [ 139.737457, 35.701142 ], [ 139.737297, 35.701089 ], [ 139.73727, 35.70108 ], [ 139.737263, 35.701058 ], [ 139.737145, 35.701007 ], [ 139.736875, 35.700919 ], [ 139.736847, 35.700953 ], [ 139.736715, 35.700898 ], [ 139.736654, 35.701004 ], [ 139.736528, 35.70095 ], [ 139.736608, 35.700814 ], [ 139.73639, 35.700771 ], [ 139.736445, 35.700652 ], [ 139.736247, 35.700592 ], [ 139.736069, 35.700884 ], [ 139.735964, 35.700868 ], [ 139.735885, 35.700955 ], [ 139.736199, 35.701081 ], [ 139.73659, 35.701262 ], [ 139.736738, 35.701338 ], [ 139.736557, 35.701554 ], [ 139.736443, 35.70157 ], [ 139.736227, 35.701648 ], [ 139.736048, 35.701785 ], [ 139.736191, 35.701908 ], [ 139.736193, 35.701911 ], [ 139.736201, 35.701947 ], [ 139.736296, 35.702046 ], [ 139.736314, 35.702033 ], [ 139.736342, 35.702061 ], [ 139.736456, 35.702155 ], [ 139.736718, 35.701999 ], [ 139.736972, 35.701767 ], [ 139.737074, 35.701834 ], [ 139.737437, 35.702118 ], [ 139.737589, 35.702306 ], [ 139.737778, 35.702181 ] ] ] } },
{ "type": "Feature", "properties": { "key": "新宿区|中町", "ward": "新宿区", "town": "中町" }, "geometry": { "type": "Polygon", "coordinates": [ [ [ 139.736592, 35.699083 ], [ 139.73652, 35.699224 ], [ 139.736489, 35.699212 ], [ 139.736366, 35.699171 ], [ 139.736331, 35.699158 ], [ 139.736399, 35.699012 ], [ 139.735951, 35.69885 ], [ 139.735785, 35.69879 ], [ 139.735744, 35.698788 ], [ 139.735575, 35.698729 ], [ 139.735573, 35.698712 ], [ 139.735367, 35.698645 ], [ 139.735138, 35.698559 ], [ 139.734519, 35.698345 ], [ 139.734357, 35.698677 ], [ 139.733901, 35.698523 ], [ 139.733745, 35.69847 ], [ 139.733588, 35.698838 ], [ 139.733831, 35.698913 ], [ 139.734389, 35.699112 ], [ 139.734806, 35.699268 ], [ 139.734856, 35.699169 ], [ 139.735028, 35.699223 ], [ 139.734977, 35.699332 ], [ 139.735517, 35.699516 ], [ 139.735711, 35.699586 ], [ 139.735794, 35.699598 ], [ 139.736036, 35.699711 ], [ 139.736369, 35.699818 ], [ 139.737011, 35.700044 ], [ 139.737277, 35.700148 ], [ 139.737296, 35.700108 ], [ 139.737453, 35.699765 ], [ 139.737536, 35.699607 ], [ 139.737601, 35.699444 ], [ 139.737173, 35.699293 ], [ 139.736592, 35.699083 ] ] ] } },
{ "type": "Feature", "properties": { "key": "新宿区|箪笥町", "ward": "新宿区", "town": "箪笥町" }, "geometry": { "type": "Polygon", "coordinates": [ [ [ 139.735846, 35.701094 ], [ 139.735885, 35.700955 ], [ 139.735964, 35.700868 ], [ 139.736069, 35.700884 ], [ 139.736247, 35.700592 ], [ 139.736034, 35.700523 ], [ 139.735821, 35.700455 ], [ 139.735837, 35.700424 ], [ 139.735689, 35.700384 ], [ 139.735672, 35.700404 ], [ 139.735327, 35.700291 ], [ 139.735255, 35.700275 ], [ 139.735267, 35.700247 ], [ 139.735324, 35.700123 ], [ 139.735115, 35.700059 ], [ 139.735061, 35.700043 ], [ 139.735052, 35.70004 ], [ 139.734998, 35.700158 ], [ 139.734973, 35.700152 ], [ 139.734615, 35.70005 ], [ 139.734621, 35.70003 ], [ 139.734468, 35.699977 ], [ 139.734456, 35.700001 ], [ 139.734455, 35.700004 ], [ 139.734429, 35.699996 ], [ 139.734425, 35.699996 ], [ 139.7342, 35.699946 ], [ 139.734177, 35.699939 ], [ 139.734177, 35.699941 ], [ 139.734036, 35.700265 ], [ 139.733948, 35.700236 ], [ 139.733727, 35.700151 ], [ 139.733471, 35.700061 ], [ 139.733117, 35.699937 ], [ 139.733115, 35.699943 ], [ 139.732178, 35.699612 ], [ 139.732018, 35.699946 ], [ 139.73275, 35.700159 ], [ 139.732937, 35.700233 ], [ 139.73322, 35.700344 ], [ 139.733277, 35.700243 ], [ 139.73338, 35.700283 ], [ 139.733318, 35.7004 ], [ 139.733555, 35.700499 ], [ 139.733944, 35.700647 ], [ 139.734403, 35.70083 ], [ 139.734588, 35.700907 ], [ 139.734763, 35.700975 ], [ 139.734943, 35.701045 ], [ 139.7351, 35.701124 ], [ 139.735189, 35.701206 ], [ 139.73535, 35.701105 ], [ 139.735403, 35.701147 ], [ 139.735505, 35.701212 ], [ 139.735645, 35.701328 ], [ 139.735738, 35.701226 ], [ 139.73584, 35.701115 ], [ 139.735846, 35.701094 ] ] ] } },
{ "type": "Feature", "properties": { "key": "新宿区|横寺町", "ward": "新宿区", "town": "横寺町" }, "geometry": { "type": "Polygon", "coordinates": [ [ [ 139.735498, 35.703122 ], [ 139.735572, 35.703197 ], [ 139.735607, 35.703266 ], [ 139.735666, 35.703253 ], [ 139.73594, 35.703091 ], [ 139.736042, 35.703029 ], [ 139.736134, 35.702974 ], [ 139.735984, 35.702804 ], [ 139.736092, 35.702739 ], [ 139.736133, 35.702755 ], [ 139.73615, 35.702744 ], [ 139.736483, 35.702535 ], [ 139.736694, 35.702397 ], [ 139.736456, 35.702155 ], [ 139.736342, 35.702061 ], [ 139.736314, 35.702033 ], [ 139.736296, 35.702046 ], [ 139.736201, 35.701947 ], [ 139.736193, 35.701911 ], [ 139.736191, 35.701908 ], [ 139.736048, 35.701785 ], [ 139.736227, 35.701648 ], [ 139.736443, 35.70157 ], [ 139.736557, 35.701554 ], [ 139.736738, 35.701338 ], [ 139.73659, 35.701262 ], [ 139.736199, 35.701081 ], [ 139.735885, 35.700955 ], [ 139.735846, 35.701094 ], [ 139.73584, 35.701115 ], [ 139.735738, 35.701226 ], [ 139.735645, 35.701328 ], [ 139.735505, 35.701212 ], [ 139.735403, 35.701147 ], [ 139.73535, 35.701105 ], [ 139.735189, 35.701206 ], [ 139.7351, 35.701124 ], [ 139.734943, 35.701045 ], [ 139.734763, 35.700975 ], [ 139.734588, 35.700907 ], [ 139.734403, 35.70083 ], [ 139.733944, 35.700647 ], [ 139.733555, 35.700499 ], [ 139.733318, 35.7004 ], [ 139.73338, 35.700283 ], [ 139.733277, 35.700243 ], [ 139.73322, 35.700344 ], [ 139.732937, 35.700233 ], [ 139.73275, 35.700159 ], [ 139.732018, 35.699946 ], [ 139.731867, 35.70027 ], [ 139.732173, 35.700396 ], [ 139.73247, 35.700496 ], [ 139.732565, 35.700536 ], [ 139.732815, 35.700643 ], [ 139.733681, 35.700993 ], [ 139.733792, 35.701026 ], [ 139.734167, 35.701182 ], [ 139.73484, 35.701454 ], [ 139.734828, 35.701478 ], [ 139.734632, 35.701596 ], [ 139.734321, 35.701811 ], [ 139.734359, 35.701853 ], [ 139.734507, 35.702089 ], [ 139.734527, 35.702197 ], [ 139.734794, 35.703156 ], [ 139.734836, 35.703312 ], [ 139.735157, 35.70325 ], [ 139.735224, 35.70322 ], [ 139.735202, 35.703174 ], [ 139.735498, 35.703122 ] ] ] } },
{ "type": "Feature", "properties": { "key": "新宿区|筑土八幡町", "ward": "新宿区", "town": "筑土八幡町" }, "geometry": { "type": "Polygon", "coordinates": [ [ [ 139.739828, 35.705081 ], [ 139.74013, 35.705091 ], [ 139.740184, 35.705086 ], [ 139.740772, 35.705088 ], [ 139.740802, 35.705089 ], [ 139.740862, 35.704842 ], [ 139.740896, 35.704702 ], [ 139.740899, 35.704688 ], [ 139.740977, 35.704368 ], [ 139.741587, 35.704387 ], [ 139.741596, 35.704298 ], [ 139.741584, 35.704115 ], [ 139.741512, 35.703933 ], [ 139.741392, 35.703813 ], [ 139.74123, 35.703693 ], [ 139.741055, 35.703618 ], [ 139.74107, 35.703508 ], [ 139.740341, 35.703425 ], [ 139.740009, 35.703391 ], [ 139.739278, 35.703312 ], [ 139.739243, 35.703311 ], [ 139.739215, 35.703477 ], [ 139.739202, 35.703556 ], [ 139.739194, 35.703607 ], [ 139.73918, 35.703694 ], [ 139.739177, 35.703709 ], [ 139.739343, 35.703732 ], [ 139.739342, 35.703763 ], [ 139.739423, 35.703774 ], [ 139.739403, 35.70388 ], [ 139.739376, 35.703877 ], [ 139.739013, 35.703819 ], [ 139.73909, 35.703945 ], [ 139.739094, 35.703953 ], [ 139.73909, 35.703956 ], [ 139.738878, 35.704065 ], [ 139.738712, 35.704149 ], [ 139.738835, 35.704395 ], [ 139.738966, 35.704658 ], [ 139.739062, 35.704765 ], [ 139.739148, 35.705174 ], [ 139.739307, 35.70515 ], [ 139.739828, 35.705081 ] ] ] } },
{ "type": "Feature", "properties": { "key": "新宿区|新小川町", "ward": "新宿区", "town": "新小川町" }, "geometry": { "type": "Polygon", "coordinates": [ [ [ 139.744454, 35.704341 ], [ 139.744499, 35.70422 ], [ 139.744456, 35.704212 ], [ 139.743224, 35.703963 ], [ 139.743168, 35.704043 ], [ 139.743108, 35.704038 ], [ 139.742985, 35.704029 ], [ 139.742874, 35.703869 ], [ 139.742191, 35.704141 ], [ 139.742164, 35.704152 ], [ 139.741911, 35.704252 ], [ 139.741587, 35.704387 ], [ 139.740977, 35.704368 ], [ 139.740899, 35.704688 ], [ 139.740896, 35.704702 ], [ 139.740862, 35.704842 ], [ 139.740802, 35.705089 ], [ 139.740796, 35.705111 ], [ 139.740796, 35.705113 ], [ 139.740716, 35.705378 ], [ 139.740661, 35.705561 ], [ 139.740659, 35.70557 ], [ 139.740537, 35.70613 ], [ 139.740536, 35.706135 ], [ 139.740532, 35.70615 ], [ 139.740403, 35.706713 ], [ 139.740327, 35.707044 ], [ 139.740316, 35.707095 ], [ 139.740311, 35.707114 ], [ 139.740309, 35.707125 ], [ 139.740546, 35.708138 ], [ 139.74063, 35.708495 ], [ 139.740635, 35.70851 ], [ 139.740867, 35.708482 ], [ 139.741374, 35.708412 ], [ 139.741402, 35.708409 ], [ 139.742036, 35.708337 ], [ 139.742191, 35.708333 ], [ 139.742224, 35.708326 ], [ 139.742365, 35.708295 ], [ 139.742839, 35.708188 ], [ 139.743151, 35.708061 ], [ 139.743241, 35.707998 ], [ 139.743332, 35.707864 ], [ 139.74335, 35.707802 ], [ 139.743408, 35.707587 ], [ 139.743453, 35.707419 ], [ 139.743503, 35.707281 ], [ 139.743519, 35.707212 ], [ 139.743617, 35.706781 ], [ 139.743617, 35.706777 ], [ 139.743667, 35.706574 ], [ 139.743705, 35.706433 ], [ 139.74375, 35.706284 ], [ 139.743811, 35.706094 ], [ 139.743905, 35.705797 ], [ 139.743936, 35.705727 ], [ 139.744018, 35.705565 ], [ 139.744029, 35.705534 ], [ 139.744113, 35.705305 ], [ 139.744278, 35.704827 ], [ 139.744309, 35.704739 ], [ 139.74434, 35.704653 ], [ 139.744454, 35.704341 ] ] ] } },
{ "type": "Feature", "properties": { "key": "新宿区|神楽河岸", "ward": "新宿区", "town": "神楽河岸" }, "geometry": { "type": "Polygon", "coordinates": [ [ [ 139.744201, 35.702246 ], [ 139.744176, 35.702225 ], [ 139.74377, 35.701889 ], [ 139.74391, 35.701763 ], [ 139.743921, 35.701754 ], [ 139.74387, 35.701701 ], [ 139.743798, 35.701627 ], [ 139.744085, 35.70146 ], [ 139.744204, 35.701392 ], [ 139.744277, 35.701343 ], [ 139.744206, 35.701254 ], [ 139.743831, 35.700701 ], [ 139.743486, 35.700221 ], [ 139.743426, 35.700137 ], [ 139.743396, 35.700151 ], [ 139.743306, 35.700193 ], [ 139.743161, 35.700243 ], [ 139.743154, 35.700245 ], [ 139.743134, 35.700252 ], [ 139.742604, 35.700493 ], [ 139.743134, 35.701334 ], [ 139.743155, 35.701366 ], [ 139.743572, 35.70187 ], [ 139.743794, 35.702084 ], [ 139.7441, 35.702397 ], [ 139.744157, 35.702469 ], [ 139.744418, 35.702446 ], [ 139.744435, 35.702443 ], [ 139.744353, 35.702376 ], [ 139.744201, 35.702246 ] ] ] } },
{ "type": "Feature", "properties": { "key": "新宿区|市谷薬王寺町", "ward": "新宿区", "town": "市谷薬王寺町" }, "geometry": { "type": "Polygon", "coordinates": [ [ [ 139.726923, 35.69799 ], [ 139.726918, 35.697985 ], [ 139.726911, 35.697974 ], [ 139.727169, 35.697954 ], [ 139.727206, 35.698137 ], [ 139.727181, 35.698159 ], [ 139.727197, 35.698277 ], [ 139.727441, 35.698249 ], [ 139.727474, 35.698246 ], [ 139.727474, 35.698245 ], [ 139.727428, 35.697682 ], [ 139.727427, 35.697678 ], [ 139.727397, 35.697244 ], [ 139.727395, 35.697228 ], [ 139.727359, 35.696777 ], [ 139.727359, 35.696773 ], [ 139.727354, 35.6967 ], [ 139.727328, 35.696333 ], [ 139.727325, 35.696291 ], [ 139.727325, 35.696288 ], [ 139.727292, 35.695897 ], [ 139.727288, 35.695854 ], [ 139.727287, 35.69584 ], [ 139.727259, 35.695511 ], [ 139.727257, 35.695512 ], [ 139.727199, 35.695518 ], [ 139.72668, 35.695576 ], [ 139.726638, 35.69558 ], [ 139.725781, 35.69568 ], [ 139.725748, 35.695684 ], [ 139.725497, 35.695708 ], [ 139.725472, 35.69571 ], [ 139.724897, 35.695769 ], [ 139.724806, 35.695404 ], [ 139.724659, 35.695488 ], [ 139.72453, 35.695569 ], [ 139.724326, 35.695696 ], [ 139.72432, 35.6957 ], [ 139.724132, 35.695807 ], [ 139.723906, 35.695923 ], [ 139.72368, 35.696019 ], [ 139.723469, 35.696108 ], [ 139.723413, 35.696128 ], [ 139.723323, 35.69616 ], [ 139.723171, 35.696211 ], [ 139.72292, 35.696284 ], [ 139.723231, 35.697036 ], [ 139.723502, 35.696971 ], [ 139.72351, 35.696991 ], [ 139.723615, 35.697272 ], [ 139.723663, 35.697401 ], [ 139.723727, 35.697394 ], [ 139.723735, 35.6975 ], [ 139.723738, 35.697511 ], [ 139.723797, 35.697515 ], [ 139.723817, 35.697514 ], [ 139.723817, 35.697517 ], [ 139.723912, 35.697793 ], [ 139.723961, 35.697856 ], [ 139.724022, 35.697913 ], [ 139.724279, 35.698071 ], [ 139.7243, 35.698084 ], [ 139.724389, 35.698106 ], [ 139.724487, 35.698019 ], [ 139.724485, 35.698018 ], [ 139.724555, 35.697924 ], [ 139.724471, 35.697865 ], [ 139.724468, 35.697858 ], [ 139.724397, 35.697759 ], [ 139.724386, 35.697744 ], [ 139.724489, 35.697705 ], [ 139.724589, 35.697677 ], [ 139.72461, 35.697671 ], [ 139.724589, 35.6976 ], [ 139.724582, 35.697574 ], [ 139.724772, 35.697547 ], [ 139.724776, 35.697572 ], [ 139.724815, 35.697725 ], [ 139.724908, 35.697706 ], [ 139.724974, 35.697707 ], [ 139.725158, 35.697682 ], [ 139.725232, 35.697685 ], [ 139.725261, 35.697687 ], [ 139.725268, 35.6977 ], [ 139.725317, 35.697822 ], [ 139.725327, 35.697913 ], [ 139.725304, 35.698074 ], [ 139.725275, 35.69815 ], [ 139.725435, 35.698165 ], [ 139.725506, 35.698171 ], [ 139.725553, 35.698175 ], [ 139.725847, 35.698166 ], [ 139.725825, 35.698092 ], [ 139.726182, 35.698036 ], [ 139.726189, 35.698054 ], [ 139.726256, 35.698042 ], [ 139.726263, 35.698055 ], [ 139.726265, 35.698058 ], [ 139.726334, 35.698045 ], [ 139.72637, 35.698039 ], [ 139.726371, 35.698041 ], [ 139.726457, 35.698331 ], [ 139.726606, 35.698327 ], [ 139.72661, 35.698325 ], [ 139.726628, 35.698317 ], [ 139.726845, 35.69825 ], [ 139.726946, 35.698236 ], [ 139.726923, 35.69799 ] ] ] } },
{ "type": "Feature", "properties": { "key": "新宿区|市谷柳町", "ward": "新宿区", "town": "市谷柳町" }, "geometry": { "type": "Polygon", "coordinates": [ [ [ 139.726552, 35.700835 ], [ 139.727034, 35.700854 ], [ 139.727058, 35.700557 ], [ 139.727072, 35.700463 ], [ 139.72709, 35.700338 ], [ 139.727078, 35.700214 ], [ 139.72706, 35.700035 ], [ 139.727054, 35.69997 ], [ 139.727046, 35.699872 ], [ 139.727043, 35.699835 ], [ 139.727032, 35.69972 ], [ 139.727003, 35.699414 ], [ 139.727117, 35.699413 ], [ 139.727135, 35.699415 ], [ 139.727133, 35.699408 ], [ 139.727085, 35.699115 ], [ 139.727071, 35.699031 ], [ 139.727069, 35.699022 ], [ 139.727068, 35.69901 ], [ 139.727014, 35.698612 ], [ 139.727013, 35.69861 ], [ 139.72746, 35.698485 ], [ 139.727492, 35.698476 ], [ 139.72749, 35.698461 ], [ 139.727474, 35.698246 ], [ 139.727441, 35.698249 ], [ 139.727197, 35.698277 ], [ 139.727181, 35.698159 ], [ 139.727206, 35.698137 ], [ 139.727169, 35.697954 ], [ 139.726911, 35.697974 ], [ 139.726918, 35.697985 ], [ 139.726923, 35.69799 ], [ 139.726946, 35.698236 ], [ 139.726845, 35.69825 ], [ 139.726628, 35.698317 ], [ 139.72661, 35.698325 ], [ 139.726606, 35.698327 ], [ 139.726457, 35.698331 ], [ 139.726371, 35.698041 ], [ 139.72637, 35.698039 ], [ 139.726334, 35.698045 ], [ 139.726265, 35.698058 ], [ 139.726263, 35.698055 ], [ 139.726256, 35.698042 ], [ 139.726189, 35.698054 ], [ 139.726182, 35.698036 ], [ 139.725825, 35.698092 ], [ 139.725847, 35.698166 ], [ 139.725553, 35.698175 ], [ 139.725506, 35.698171 ], [ 139.725435, 35.698165 ], [ 139.725275, 35.69815 ], [ 139.725304, 35.698074 ], [ 139.725327, 35.697913 ], [ 139.725317, 35.697822 ], [ 139.725268, 35.6977 ], [ 139.725261, 35.697687 ], [ 139.725232, 35.697685 ], [ 139.725158, 35.697682 ], [ 139.724974, 35.697707 ], [ 139.724908, 35.697706 ], [ 139.724815, 35.697725 ], [ 139.724776, 35.697572 ], [ 139.724772, 35.697547 ], [ 139.724582, 35.697574 ], [ 139.724589, 35.6976 ], [ 139.72461, 35.697671 ], [ 139.724589, 35.697677 ], [ 139.724489, 35.697705 ], [ 139.724386, 35.697744 ], [ 139.724397, 35.697759 ], [ 139.724468, 35.697858 ], [ 139.724471, 35.697865 ], [ 139.724555, 35.697924 ], [ 139.724485, 35.698018 ], [ 139.724487, 35.698019 ], [ 139.724501, 35.698007 ], [ 139.724581, 35.698045 ], [ 139.72494, 35.698212 ], [ 139.724972, 35.698227 ], [ 139.724971, 35.698231 ], [ 139.724864, 35.698529 ], [ 139.724979, 35.698545 ], [ 139.725168, 35.698549 ], [ 139.72532, 35.698541 ], [ 139.725363, 35.698538 ], [ 139.725443, 35.698664 ], [ 139.725482, 35.698726 ], [ 139.725584, 35.698894 ], [ 139.725718, 35.699115 ], [ 139.725792, 35.699386 ], [ 139.726161, 35.699361 ], [ 139.726178, 35.699395 ], [ 139.726261, 35.699743 ], [ 139.726268, 35.699771 ], [ 139.726309, 35.699955 ], [ 139.726441, 35.70038 ], [ 139.726356, 35.70075 ], [ 139.72631, 35.70092 ], [ 139.726295, 35.700976 ], [ 139.726564, 35.701006 ], [ 139.726552, 35.700835 ] ] ] } },
{ "type": "Feature", "properties": { "key": "新宿区|市谷仲之町", "ward": "新宿区", "town": "市谷仲之町" }, "geometry": { "type": "Polygon", "coordinates": [ [ [ 139.724017, 35.693112 ], [ 139.723984, 35.693124 ], [ 139.723773, 35.693201 ], [ 139.723609, 35.693254 ], [ 139.72357, 35.693203 ], [ 139.72352, 35.693208 ], [ 139.723494, 35.693184 ], [ 139.723411, 35.693041 ], [ 139.723354, 35.693032 ], [ 139.723371, 35.692965 ], [ 139.723143, 35.693008 ], [ 139.723121, 35.693 ], [ 139.722905, 35.69296 ], [ 139.722682, 35.693007 ], [ 139.722668, 35.69301 ], [ 139.722676, 35.693049 ], [ 139.722561, 35.693069 ], [ 139.722275, 35.693118 ], [ 139.722266, 35.693119 ], [ 139.722262, 35.693098 ], [ 139.722036, 35.693147 ], [ 139.721974, 35.69316 ], [ 139.72194, 35.693167 ], [ 139.721984, 35.693227 ], [ 139.7218, 35.693331 ], [ 139.721686, 35.693416 ], [ 139.721559, 35.693611 ], [ 139.721433, 35.693885 ], [ 139.721303, 35.693917 ], [ 139.721297, 35.694056 ], [ 139.721294, 35.694238 ], [ 139.72133, 35.694557 ], [ 139.721382, 35.694802 ], [ 139.721425, 35.694955 ], [ 139.721456, 35.69507 ], [ 139.721481, 35.695161 ], [ 139.721498, 35.695221 ], [ 139.721508, 35.69525 ], [ 139.721549, 35.695364 ], [ 139.721579, 35.695447 ], [ 139.721607, 35.695502 ], [ 139.721667, 35.695619 ], [ 139.721737, 35.695756 ], [ 139.721781, 35.695837 ], [ 139.721782, 35.695839 ], [ 139.721926, 35.696102 ], [ 139.722087, 35.696393 ], [ 139.722119, 35.696453 ], [ 139.722134, 35.696449 ], [ 139.722607, 35.696361 ], [ 139.722779, 35.696319 ], [ 139.722919, 35.696284 ], [ 139.72292, 35.696284 ], [ 139.723171, 35.696211 ], [ 139.723323, 35.69616 ], [ 139.723413, 35.696128 ], [ 139.723469, 35.696108 ], [ 139.72368, 35.696019 ], [ 139.723906, 35.695923 ], [ 139.724132, 35.695807 ], [ 139.72432, 35.6957 ], [ 139.724326, 35.695696 ], [ 139.72453, 35.695569 ], [ 139.724659, 35.695488 ], [ 139.724806, 35.695404 ], [ 139.72477, 35.69529 ], [ 139.724713, 35.695115 ], [ 139.72471, 35.695104 ], [ 139.724705, 35.695087 ], [ 139.724641, 35.694858 ], [ 139.724624, 35.694799 ], [ 139.72459, 35.694675 ], [ 139.724383, 35.693985 ], [ 139.724154, 35.693297 ], [ 139.724017, 35.693112 ] ] ] } },
{ "type": "Feature", "properties": { "key": "新宿区|赤城下町", "ward": "新宿区", "town": "赤城下町" }, "geometry": { "type": "Polygon", "coordinates": [ [ [ 139.734604, 35.706351 ], [ 139.734603, 35.706342 ], [ 139.734894, 35.706345 ], [ 139.734929, 35.706341 ], [ 139.735019, 35.706332 ], [ 139.734986, 35.706125 ], [ 139.734908, 35.70572 ], [ 139.734874, 35.705548 ], [ 139.734858, 35.705463 ], [ 139.734849, 35.705438 ], [ 139.734965, 35.705406 ], [ 139.735198, 35.70538 ], [ 139.735201, 35.705392 ], [ 139.735463, 35.705301 ], [ 139.735489, 35.705292 ], [ 139.735488, 35.705271 ], [ 139.735477, 35.705124 ], [ 139.735466, 35.704971 ], [ 139.735449, 35.704933 ], [ 139.735447, 35.704831 ], [ 139.735462, 35.704591 ], [ 139.735404, 35.704556 ], [ 139.735339, 35.70455 ], [ 139.735045, 35.704565 ], [ 139.734966, 35.704571 ], [ 139.734767, 35.704597 ], [ 139.734358, 35.70465 ], [ 139.734228, 35.704659 ], [ 139.734074, 35.704698 ], [ 139.734062, 35.704689 ], [ 139.733597, 35.704764 ], [ 139.733457, 35.7048 ], [ 139.733223, 35.704816 ], [ 139.733208, 35.704817 ], [ 139.733101, 35.704827 ], [ 139.732988, 35.704818 ], [ 139.732841, 35.704837 ], [ 139.732832, 35.705035 ], [ 139.732745, 35.70506 ], [ 139.732715, 35.704983 ], [ 139.732367, 35.705047 ], [ 139.732458, 35.70531 ], [ 139.732646, 35.705286 ], [ 139.732724, 35.705678 ], [ 139.732725, 35.705719 ], [ 139.732724, 35.705893 ], [ 139.732727, 35.705936 ], [ 139.732737, 35.706062 ], [ 139.732732, 35.706101 ], [ 139.732758, 35.706323 ], [ 139.73307, 35.706336 ], [ 139.733081, 35.706438 ], [ 139.733108, 35.706445 ], [ 139.733114, 35.706572 ], [ 139.733071, 35.706572 ], [ 139.733054, 35.706641 ], [ 139.733142, 35.706666 ], [ 139.733195, 35.706704 ], [ 139.733271, 35.70672 ], [ 139.733822, 35.706672 ], [ 139.733862, 35.706618 ], [ 139.734252, 35.706582 ], [ 139.734604, 35.706351 ] ] ] } },
{ "type": "Feature", "properties": { "key": "新宿区|天神町", "ward": "新宿区", "town": "天神町" }, "geometry": { "type": "Polygon", "coordinates": [ [ [ 139.729962, 35.70653 ], [ 139.729986, 35.706532 ], [ 139.730073, 35.706538 ], [ 139.730178, 35.706524 ], [ 139.730297, 35.706508 ], [ 139.730376, 35.706503 ], [ 139.730362, 35.706358 ], [ 139.731075, 35.706318 ], [ 139.731068, 35.706268 ], [ 139.731065, 35.706246 ], [ 139.731025, 35.705947 ], [ 139.731013, 35.705851 ], [ 139.730995, 35.705717 ], [ 139.730972, 35.705569 ], [ 139.731854, 35.705406 ], [ 139.731891, 35.705398 ], [ 139.732054, 35.705363 ], [ 139.732307, 35.705329 ], [ 139.732458, 35.70531 ], [ 139.732367, 35.705047 ], [ 139.732275, 35.704777 ], [ 139.732345, 35.704766 ], [ 139.732201, 35.704268 ], [ 139.731581, 35.704381 ], [ 139.731256, 35.704425 ], [ 139.731149, 35.704448 ], [ 139.73106, 35.704467 ], [ 139.730826, 35.704493 ], [ 139.730819, 35.70453 ], [ 139.730806, 35.704857 ], [ 139.730514, 35.70485 ], [ 139.730304, 35.704845 ], [ 139.73004, 35.704835 ], [ 139.729714, 35.704823 ], [ 139.729683, 35.704833 ], [ 139.729664, 35.705238 ], [ 139.729656, 35.705469 ], [ 139.729642, 35.705669 ], [ 139.729565, 35.705677 ], [ 139.729597, 35.706128 ], [ 139.729572, 35.706132 ], [ 139.72958, 35.706276 ], [ 139.729619, 35.706494 ], [ 139.729669, 35.706585 ], [ 139.729962, 35.70653 ] ] ] } },
{ "type": "Feature", "properties": { "key": "新宿区|榎町", "ward": "新宿区", "town": "榎町" }, "geometry": { "type": "Polygon", "coordinates": [ [ [ 139.72958, 35.706276 ], [ 139.729572, 35.706132 ], [ 139.729597, 35.706128 ], [ 139.729565, 35.705677 ], [ 139.729241, 35.70571 ], [ 139.729182, 35.705716 ], [ 139.72884, 35.705751 ], [ 139.728675, 35.705761 ], [ 139.728632, 35.705715 ], [ 139.728467, 35.705569 ], [ 139.72846, 35.705385 ], [ 139.728447, 35.7052 ], [ 139.728426, 35.70512 ], [ 139.728434, 35.705097 ], [ 139.728435, 35.705053 ], [ 139.728598, 35.705072 ], [ 139.728694, 35.705079 ], [ 139.728785, 35.705086 ], [ 139.729127, 35.70512 ], [ 139.729269, 35.705119 ], [ 139.72929, 35.705119 ], [ 139.729305, 35.704886 ], [ 139.729317, 35.704806 ], [ 139.729319, 35.704787 ], [ 139.729372, 35.704369 ], [ 139.729372, 35.704362 ], [ 139.729356, 35.704359 ], [ 139.729369, 35.704164 ], [ 139.729341, 35.703995 ], [ 139.729341, 35.703977 ], [ 139.729341, 35.703556 ], [ 139.729329, 35.70353 ], [ 139.729245, 35.703545 ], [ 139.728792, 35.703623 ], [ 139.72879, 35.703668 ], [ 139.728741, 35.703673 ], [ 139.728318, 35.703714 ], [ 139.728315, 35.70393 ], [ 139.72831, 35.704192 ], [ 139.728288, 35.704541 ], [ 139.727978, 35.704524 ], [ 139.727977, 35.704477 ], [ 139.727753, 35.704475 ], [ 139.727748, 35.704447 ], [ 139.727631, 35.704451 ], [ 139.726911, 35.704476 ], [ 139.726932, 35.704714 ], [ 139.72694, 35.705062 ], [ 139.72694, 35.705092 ], [ 139.726951, 35.705227 ], [ 139.726975, 35.705551 ], [ 139.726978, 35.705714 ], [ 139.72699, 35.705894 ], [ 139.727004, 35.706088 ], [ 139.726997, 35.706092 ], [ 139.726737, 35.706106 ], [ 139.726479, 35.70612 ], [ 139.726451, 35.706122 ], [ 139.726465, 35.706379 ], [ 139.726459, 35.706457 ], [ 139.726497, 35.706742 ], [ 139.727021, 35.706717 ], [ 139.727446, 35.706695 ], [ 139.727559, 35.706694 ], [ 139.727711, 35.706671 ], [ 139.727618, 35.706352 ], [ 139.728449, 35.706297 ], [ 139.728471, 35.706611 ], [ 139.728714, 35.706753 ], [ 139.728911, 35.706738 ], [ 139.729661, 35.706694 ], [ 139.729696, 35.70664 ], [ 139.729669, 35.706585 ], [ 139.729619, 35.706494 ], [ 139.72958, 35.706276 ] ] ] } },
{ "type": "Feature", "properties": { "key": "新宿区|東榎町", "ward": "新宿区", "town": "東榎町" }, "geometry": { "type": "Polygon", "coordinates": [ [ [ 139.729683, 35.704833 ], [ 139.729714, 35.704823 ], [ 139.73004, 35.704835 ], [ 139.730304, 35.704845 ], [ 139.730514, 35.70485 ], [ 139.730806, 35.704857 ], [ 139.730819, 35.70453 ], [ 139.730758, 35.704558 ], [ 139.730639, 35.704614 ], [ 139.730589, 35.704583 ], [ 139.730542, 35.704567 ], [ 139.730363, 35.704541 ], [ 139.729749, 35.704453 ], [ 139.729455, 35.704416 ], [ 139.729458, 35.704377 ], [ 139.729372, 35.704362 ], [ 139.729372, 35.704369 ], [ 139.729319, 35.704787 ], [ 139.729317, 35.704806 ], [ 139.729305, 35.704886 ], [ 139.72929, 35.705119 ], [ 139.729269, 35.705119 ], [ 139.729127, 35.70512 ], [ 139.728785, 35.705086 ], [ 139.728694, 35.705079 ], [ 139.728598, 35.705072 ], [ 139.728435, 35.705053 ], [ 139.728434, 35.705097 ], [ 139.728426, 35.70512 ], [ 139.728447, 35.7052 ], [ 139.72846, 35.705385 ], [ 139.728467, 35.705569 ], [ 139.728632, 35.705715 ], [ 139.728675, 35.705761 ], [ 139.72884, 35.705751 ], [ 139.729182, 35.705716 ], [ 139.729241, 35.70571 ], [ 139.729565, 35.705677 ], [ 139.729642, 35.705669 ], [ 139.729656, 35.705469 ], [ 139.729664, 35.705238 ], [ 139.729683, 35.704833 ] ] ] } },
{ "type": "Feature", "properties": { "key": "新宿区|早稲田町", "ward": "新宿区", "town": "早稲田町" }, "geometry": { "type": "Polygon", "coordinates": [ [ [ 139.722074, 35.70639 ], [ 139.722129, 35.706438 ], [ 139.722174, 35.7064 ], [ 139.722319, 35.706279 ], [ 139.722412, 35.706343 ], [ 139.722677, 35.706239 ], [ 139.722792, 35.706453 ], [ 139.723366, 35.706239 ], [ 139.723502, 35.706525 ], [ 139.723613, 35.70673 ], [ 139.723883, 35.70659 ], [ 139.724455, 35.706295 ], [ 139.724477, 35.706033 ], [ 139.724541, 35.706034 ], [ 139.724727, 35.706011 ], [ 139.724709, 35.705879 ], [ 139.725099, 35.705831 ], [ 139.725169, 35.705873 ], [ 139.725172, 35.706039 ], [ 139.725651, 35.706014 ], [ 139.725623, 35.70592 ], [ 139.726093, 35.705894 ], [ 139.726074, 35.705738 ], [ 139.726457, 35.705733 ], [ 139.726465, 35.705863 ], [ 139.726479, 35.70612 ], [ 139.726737, 35.706106 ], [ 139.726997, 35.706092 ], [ 139.727004, 35.706088 ], [ 139.72699, 35.705894 ], [ 139.726978, 35.705714 ], [ 139.726975, 35.705551 ], [ 139.726951, 35.705227 ], [ 139.726534, 35.705338 ], [ 139.726426, 35.705367 ], [ 139.726254, 35.705388 ], [ 139.725791, 35.705506 ], [ 139.725526, 35.70558 ], [ 139.725307, 35.705466 ], [ 139.725184, 35.70541 ], [ 139.725146, 35.705389 ], [ 139.72506, 35.705406 ], [ 139.724887, 35.705406 ], [ 139.724882, 35.705406 ], [ 139.724746, 35.705425 ], [ 139.724705, 35.705355 ], [ 139.724463, 35.705379 ], [ 139.724304, 35.705394 ], [ 139.723961, 35.70543 ], [ 139.723859, 35.705218 ], [ 139.723842, 35.705227 ], [ 139.723584, 35.705336 ], [ 139.723519, 35.705244 ], [ 139.723506, 35.705226 ], [ 139.723275, 35.704877 ], [ 139.722937, 35.705041 ], [ 139.722883, 35.70508 ], [ 139.723036, 35.705309 ], [ 139.722779, 35.705418 ], [ 139.722566, 35.705474 ], [ 139.722577, 35.705575 ], [ 139.72183, 35.70566 ], [ 139.721605, 35.705687 ], [ 139.721555, 35.705574 ], [ 139.721547, 35.705544 ], [ 139.721541, 35.705544 ], [ 139.7209, 35.705543 ], [ 139.720914, 35.705608 ], [ 139.720951, 35.705845 ], [ 139.721006, 35.706253 ], [ 139.721009, 35.706276 ], [ 139.720681, 35.706305 ], [ 139.720773, 35.706397 ], [ 139.720801, 35.706426 ], [ 139.720613, 35.706527 ], [ 139.720649, 35.706568 ], [ 139.720499, 35.706664 ], [ 139.720677, 35.706877 ], [ 139.720871, 35.70711 ], [ 139.720991, 35.707254 ], [ 139.721349, 35.707038 ], [ 139.72164, 35.706932 ], [ 139.721862, 35.706831 ], [ 139.721782, 35.706639 ], [ 139.721792, 35.706623 ], [ 139.721739, 35.706473 ], [ 139.722074, 35.70639 ] ] ] } },
{ "type": "Feature", "properties": { "key": "新宿区|早稲田南町", "ward": "新宿区", "town": "早稲田南町" }, "geometry": { "type": "Polygon", "coordinates": [ [ [ 139.723275, 35.704877 ], [ 139.723506, 35.705226 ], [ 139.723519, 35.705244 ], [ 139.723584, 35.705336 ], [ 139.723842, 35.705227 ], [ 139.723859, 35.705218 ], [ 139.723961, 35.70543 ], [ 139.724304, 35.705394 ], [ 139.724463, 35.705379 ], [ 139.724705, 35.705355 ], [ 139.724606, 35.705206 ], [ 139.724428, 35.705039 ], [ 139.724327, 35.704909 ], [ 139.724307, 35.704887 ], [ 139.724095, 35.70465 ], [ 139.723837, 35.704417 ], [ 139.723988, 35.704274 ], [ 139.724223, 35.704135 ], [ 139.724357, 35.704057 ], [ 139.724586, 35.703957 ], [ 139.724828, 35.703852 ], [ 139.725006, 35.703782 ], [ 139.725039, 35.703774 ], [ 139.725138, 35.703749 ], [ 139.72527, 35.704151 ], [ 139.725502, 35.704154 ], [ 139.725789, 35.704182 ], [ 139.726117, 35.704233 ], [ 139.726166, 35.704067 ], [ 139.726187, 35.704021 ], [ 139.726239, 35.703903 ], [ 139.726228, 35.70388 ], [ 139.726261, 35.703693 ], [ 139.726205, 35.703606 ], [ 139.726167, 35.703489 ], [ 139.725686, 35.703486 ], [ 139.72572, 35.703395 ], [ 139.725557, 35.703369 ], [ 139.725397, 35.703381 ], [ 139.725332, 35.703343 ], [ 139.725305, 35.703328 ], [ 139.725276, 35.703301 ], [ 139.725263, 35.702998 ], [ 139.724898, 35.70312 ], [ 139.724586, 35.703289 ], [ 139.724333, 35.703435 ], [ 139.724078, 35.703573 ], [ 139.723967, 35.703425 ], [ 139.723894, 35.703358 ], [ 139.723715, 35.703311 ], [ 139.723248, 35.70342 ], [ 139.722941, 35.703497 ], [ 139.722872, 35.703627 ], [ 139.723544, 35.704318 ], [ 139.723576, 35.704351 ], [ 139.723431, 35.70444 ], [ 139.723404, 35.704411 ], [ 139.723393, 35.704399 ], [ 139.723368, 35.704413 ], [ 139.722739, 35.704737 ], [ 139.722514, 35.704457 ], [ 139.721934, 35.70473 ], [ 139.721772, 35.704804 ], [ 139.721948, 35.705066 ], [ 139.721517, 35.705248 ], [ 139.721523, 35.705452 ], [ 139.721547, 35.705544 ], [ 139.721555, 35.705574 ], [ 139.721605, 35.705687 ], [ 139.72183, 35.70566 ], [ 139.722577, 35.705575 ], [ 139.722566, 35.705474 ], [ 139.722779, 35.705418 ], [ 139.723036, 35.705309 ], [ 139.722883, 35.70508 ], [ 139.722937, 35.705041 ], [ 139.723275, 35.704877 ] ] ] } },
{ "type": "Feature", "properties": { "key": "新宿区|馬場下町", "ward": "新宿区", "town": "馬場下町" }, "geometry": { "type": "Polygon", "coordinates": [ [ [ 139.72028, 35.70641 ], [ 139.720499, 35.706664 ], [ 139.720649, 35.706568 ], [ 139.720613, 35.706527 ], [ 139.720801, 35.706426 ], [ 139.720773, 35.706397 ], [ 139.720681, 35.706305 ], [ 139.721009, 35.706276 ], [ 139.721006, 35.706253 ], [ 139.720951, 35.705845 ], [ 139.720914, 35.705608 ], [ 139.7209, 35.705543 ], [ 139.720861, 35.705543 ], [ 139.720713, 35.705554 ], [ 139.720713, 35.70547 ], [ 139.720527, 35.705488 ], [ 139.720537, 35.705619 ], [ 139.720508, 35.70562 ], [ 139.720514, 35.705708 ], [ 139.720483, 35.705709 ], [ 139.720451, 35.705708 ], [ 139.720228, 35.705673 ], [ 139.720216, 35.705707 ], [ 139.7202, 35.705738 ], [ 139.720092, 35.705708 ], [ 139.719906, 35.705659 ], [ 139.719772, 35.705525 ], [ 139.719894, 35.705276 ], [ 139.719784, 35.705221 ], [ 139.719793, 35.705167 ], [ 139.719686, 35.705229 ], [ 139.719605, 35.705253 ], [ 139.719428, 35.705312 ], [ 139.719335, 35.70536 ], [ 139.719049, 35.705484 ], [ 139.719017, 35.70549 ], [ 139.718685, 35.705558 ], [ 139.718344, 35.705633 ], [ 139.718345, 35.705706 ], [ 139.718347, 35.706036 ], [ 139.718349, 35.706406 ], [ 139.718624, 35.706474 ], [ 139.718582, 35.706571 ], [ 139.718774, 35.706667 ], [ 139.719207, 35.706927 ], [ 139.719243, 35.706955 ], [ 139.72028, 35.70641 ] ] ] } },
{ "type": "Feature", "properties": { "key": "新宿区|原町1丁目", "ward": "新宿区", "town": "原町１丁目" }, "geometry": { "type": "Polygon", "coordinates": [ [ [ 139.725009, 35.700813 ], [ 139.72534, 35.701103 ], [ 139.725574, 35.70132 ], [ 139.725582, 35.701326 ], [ 139.725842, 35.70152 ], [ 139.72599, 35.701533 ], [ 139.726318, 35.70153 ], [ 139.726343, 35.701528 ], [ 139.726582, 35.701514 ], [ 139.726593, 35.701497 ], [ 139.726583, 35.701258 ], [ 139.726564, 35.701006 ], [ 139.726295, 35.700976 ], [ 139.72631, 35.70092 ], [ 139.726356, 35.70075 ], [ 139.726441, 35.70038 ], [ 139.726309, 35.699955 ], [ 139.726268, 35.699771 ], [ 139.726261, 35.699743 ], [ 139.726178, 35.699395 ], [ 139.726161, 35.699361 ], [ 139.725792, 35.699386 ], [ 139.725718, 35.699115 ], [ 139.725584, 35.698894 ], [ 139.725482, 35.698726 ], [ 139.725288, 35.698728 ], [ 139.725288, 35.698731 ], [ 139.725307, 35.698931 ], [ 139.725307, 35.699167 ], [ 139.725286, 35.699171 ], [ 139.725251, 35.699176 ], [ 139.725183, 35.699187 ], [ 139.72519, 35.699212 ], [ 139.725193, 35.69928 ], [ 139.725202, 35.699478 ], [ 139.725102, 35.699491 ], [ 139.724962, 35.69951 ], [ 139.724804, 35.69953 ], [ 139.724799, 35.699562 ], [ 139.724802, 35.699718 ], [ 139.724845, 35.699714 ], [ 139.724845, 35.699816 ], [ 139.724817, 35.699812 ], [ 139.724802, 35.700209 ], [ 139.724884, 35.700213 ], [ 139.7244, 35.700598 ], [ 139.724395, 35.700601 ], [ 139.724367, 35.700624 ], [ 139.72421, 35.700735 ], [ 139.724188, 35.70075 ], [ 139.723973, 35.7009 ], [ 139.723673, 35.701146 ], [ 139.723528, 35.701239 ], [ 139.723201, 35.701454 ], [ 139.722892, 35.701699 ], [ 139.72335, 35.702078 ], [ 139.723527, 35.70195 ], [ 139.723688, 35.701829 ], [ 139.723869, 35.701676 ], [ 139.724077, 35.701513 ], [ 139.724371, 35.701284 ], [ 139.724685, 35.701042 ], [ 139.725009, 35.700813 ] ] ] } },
{ "type": "Feature", "properties": { "key": "新宿区|原町2丁目", "ward": "新宿区", "town": "原町２丁目" }, "geometry": { "type": "Polygon", "coordinates": [ [ [ 139.722572, 35.702688 ], [ 139.722653, 35.702611 ], [ 139.722818, 35.70248 ], [ 139.722993, 35.702348 ], [ 139.723136, 35.702241 ], [ 139.723292, 35.702122 ], [ 139.72335, 35.702078 ], [ 139.722892, 35.701699 ], [ 139.723201, 35.701454 ], [ 139.723528, 35.701239 ], [ 139.723673, 35.701146 ], [ 139.723973, 35.7009 ], [ 139.724188, 35.70075 ], [ 139.72421, 35.700735 ], [ 139.724367, 35.700624 ], [ 139.724395, 35.700601 ], [ 139.7244, 35.700598 ], [ 139.724884, 35.700213 ], [ 139.724802, 35.700209 ], [ 139.724817, 35.699812 ], [ 139.724845, 35.699816 ], [ 139.724845, 35.699714 ], [ 139.724802, 35.699718 ], [ 139.724799, 35.699562 ], [ 139.724804, 35.69953 ], [ 139.724962, 35.69951 ], [ 139.725102, 35.699491 ], [ 139.725202, 35.699478 ], [ 139.725193, 35.69928 ], [ 139.72519, 35.699212 ], [ 139.725183, 35.699187 ], [ 139.725251, 35.699176 ], [ 139.725286, 35.699171 ], [ 139.725307, 35.699167 ], [ 139.725307, 35.698931 ], [ 139.725288, 35.698731 ], [ 139.725288, 35.698728 ], [ 139.725482, 35.698726 ], [ 139.725443, 35.698664 ], [ 139.725363, 35.698538 ], [ 139.72532, 35.698541 ], [ 139.725168, 35.698549 ], [ 139.724979, 35.698545 ], [ 139.724864, 35.698529 ], [ 139.724971, 35.698231 ], [ 139.724972, 35.698227 ], [ 139.72494, 35.698212 ], [ 139.724581, 35.698045 ], [ 139.724501, 35.698007 ], [ 139.724487, 35.698019 ], [ 139.724389, 35.698106 ], [ 139.7243, 35.698084 ], [ 139.724279, 35.698071 ], [ 139.724266, 35.698089 ], [ 139.724242, 35.698122 ], [ 139.724192, 35.698285 ], [ 139.724138, 35.698529 ], [ 139.723917, 35.698508 ], [ 139.723595, 35.698499 ], [ 139.723579, 35.699254 ], [ 139.723452, 35.699251 ], [ 139.723451, 35.69926 ], [ 139.723477, 35.699655 ], [ 139.723483, 35.699701 ], [ 139.723484, 35.699708 ], [ 139.723571, 35.700264 ], [ 139.723616, 35.700564 ], [ 139.723616, 35.700566 ], [ 139.723679, 35.700959 ], [ 139.723663, 35.700966 ], [ 139.723433, 35.701032 ], [ 139.723348, 35.701056 ], [ 139.722567, 35.701311 ], [ 139.722057, 35.701481 ], [ 139.722111, 35.701658 ], [ 139.722176, 35.70179 ], [ 139.721435, 35.702008 ], [ 139.721441, 35.702023 ], [ 139.721546, 35.702752 ], [ 139.721549, 35.70278 ], [ 139.721574, 35.702774 ], [ 139.722076, 35.703141 ], [ 139.722145, 35.703072 ], [ 139.722166, 35.703052 ], [ 139.722331, 35.702905 ], [ 139.72244, 35.702806 ], [ 139.722453, 35.702795 ], [ 139.722572, 35.702688 ] ] ] } },
{ "type": "Feature", "properties": { "key": "新宿区|原町3丁目", "ward": "新宿区", "town": "原町３丁目" }, "geometry": { "type": "Polygon", "coordinates": [ [ [ 139.723451, 35.69926 ], [ 139.723452, 35.699251 ], [ 139.723579, 35.699254 ], [ 139.723595, 35.698499 ], [ 139.723917, 35.698508 ], [ 139.724138, 35.698529 ], [ 139.724192, 35.698285 ], [ 139.724242, 35.698122 ], [ 139.724266, 35.698089 ], [ 139.724279, 35.698071 ], [ 139.724022, 35.697913 ], [ 139.723961, 35.697856 ], [ 139.723912, 35.697793 ], [ 139.723817, 35.697517 ], [ 139.723817, 35.697514 ], [ 139.723797, 35.697515 ], [ 139.723738, 35.697511 ], [ 139.723735, 35.6975 ], [ 139.723088, 35.697639 ], [ 139.722834, 35.697693 ], [ 139.722916, 35.697789 ], [ 139.723003, 35.697891 ], [ 139.722959, 35.697901 ], [ 139.722577, 35.698065 ], [ 139.722529, 35.69806 ], [ 139.722519, 35.698058 ], [ 139.722497, 35.698097 ], [ 139.722407, 35.69826 ], [ 139.72246, 35.69843 ], [ 139.722546, 35.698706 ], [ 139.722527, 35.698716 ], [ 139.722474, 35.698744 ], [ 139.722214, 35.69888 ], [ 139.722005, 35.69899 ], [ 139.721827, 35.699083 ], [ 139.721797, 35.699093 ], [ 139.721785, 35.699097 ], [ 139.721844, 35.699351 ], [ 139.721854, 35.699378 ], [ 139.72195, 35.699363 ], [ 139.721968, 35.69936 ], [ 139.722065, 35.699813 ], [ 139.722021, 35.699823 ], [ 139.721677, 35.699895 ], [ 139.721589, 35.699923 ], [ 139.72153, 35.699941 ], [ 139.721478, 35.699958 ], [ 139.721109, 35.700073 ], [ 139.72102, 35.700101 ], [ 139.7208, 35.70017 ], [ 139.720772, 35.700186 ], [ 139.720788, 35.700232 ], [ 139.720885, 35.700507 ], [ 139.720981, 35.700781 ], [ 139.721069, 35.701032 ], [ 139.721095, 35.701105 ], [ 139.721096, 35.701107 ], [ 139.721209, 35.701407 ], [ 139.721304, 35.701661 ], [ 139.721389, 35.701885 ], [ 139.721435, 35.702008 ], [ 139.722176, 35.70179 ], [ 139.722111, 35.701658 ], [ 139.722057, 35.701481 ], [ 139.722567, 35.701311 ], [ 139.723348, 35.701056 ], [ 139.723433, 35.701032 ], [ 139.723663, 35.700966 ], [ 139.723679, 35.700959 ], [ 139.723616, 35.700566 ], [ 139.723616, 35.700564 ], [ 139.723571, 35.700264 ], [ 139.723484, 35.699708 ], [ 139.723483, 35.699701 ], [ 139.723477, 35.699655 ], [ 139.723451, 35.69926 ] ] ] } },
{ "type": "Feature", "properties": { "key": "新宿区|喜久井町", "ward": "新宿区", "town": "喜久井町" }, "geometry": { "type": "Polygon", "coordinates": [ [ [ 139.720228, 35.705673 ], [ 139.720451, 35.705708 ], [ 139.720483, 35.705709 ], [ 139.720514, 35.705708 ], [ 139.720508, 35.70562 ], [ 139.720537, 35.705619 ], [ 139.720527, 35.705488 ], [ 139.720713, 35.70547 ], [ 139.720713, 35.705554 ], [ 139.720861, 35.705543 ], [ 139.7209, 35.705543 ], [ 139.721541, 35.705544 ], [ 139.721547, 35.705544 ], [ 139.721523, 35.705452 ], [ 139.721517, 35.705248 ], [ 139.721948, 35.705066 ], [ 139.721772, 35.704804 ], [ 139.721934, 35.70473 ], [ 139.722514, 35.704457 ], [ 139.722739, 35.704737 ], [ 139.723368, 35.704413 ], [ 139.723393, 35.704399 ], [ 139.723404, 35.704411 ], [ 139.723431, 35.70444 ], [ 139.723576, 35.704351 ], [ 139.723544, 35.704318 ], [ 139.722872, 35.703627 ], [ 139.722941, 35.703497 ], [ 139.723248, 35.70342 ], [ 139.723715, 35.703311 ], [ 139.723894, 35.703358 ], [ 139.723967, 35.703425 ], [ 139.724078, 35.703573 ], [ 139.724333, 35.703435 ], [ 139.724586, 35.703289 ], [ 139.724898, 35.70312 ], [ 139.725263, 35.702998 ], [ 139.72532, 35.702651 ], [ 139.725194, 35.702466 ], [ 139.725048, 35.702339 ], [ 139.725066, 35.702324 ], [ 139.724921, 35.702202 ], [ 139.724904, 35.702215 ], [ 139.72475, 35.702091 ], [ 139.724726, 35.702071 ], [ 139.724644, 35.702002 ], [ 139.724079, 35.701528 ], [ 139.724077, 35.701513 ], [ 139.723869, 35.701676 ], [ 139.723688, 35.701829 ], [ 139.723527, 35.70195 ], [ 139.72335, 35.702078 ], [ 139.723292, 35.702122 ], [ 139.723136, 35.702241 ], [ 139.722993, 35.702348 ], [ 139.722818, 35.70248 ], [ 139.722653, 35.702611 ], [ 139.722572, 35.702688 ], [ 139.722453, 35.702795 ], [ 139.72244, 35.702806 ], [ 139.722331, 35.702905 ], [ 139.722166, 35.703052 ], [ 139.722145, 35.703072 ], [ 139.722076, 35.703141 ], [ 139.721574, 35.702774 ], [ 139.721549, 35.70278 ], [ 139.721507, 35.702791 ], [ 139.721448, 35.70285 ], [ 139.721352, 35.702891 ], [ 139.721364, 35.703 ], [ 139.721297, 35.703017 ], [ 139.721218, 35.703113 ], [ 139.721111, 35.703141 ], [ 139.720941, 35.703278 ], [ 139.720622, 35.703597 ], [ 139.720335, 35.703676 ], [ 139.720372, 35.703803 ], [ 139.720452, 35.703986 ], [ 139.720458, 35.704061 ], [ 139.719933, 35.70411 ], [ 139.719607, 35.704158 ], [ 139.719813, 35.704361 ], [ 139.719826, 35.704411 ], [ 139.719638, 35.704583 ], [ 139.719549, 35.70452 ], [ 139.71936, 35.70453 ], [ 139.719297, 35.704587 ], [ 139.719306, 35.704609 ], [ 139.719029, 35.704746 ], [ 139.718983, 35.704769 ], [ 139.718788, 35.704865 ], [ 139.718772, 35.704874 ], [ 139.718784, 35.704894 ], [ 139.719017, 35.70549 ], [ 139.719049, 35.705484 ], [ 139.719335, 35.70536 ], [ 139.719428, 35.705312 ], [ 139.719605, 35.705253 ], [ 139.719686, 35.705229 ], [ 139.719793, 35.705167 ], [ 139.719784, 35.705221 ], [ 139.719894, 35.705276 ], [ 139.719772, 35.705525 ], [ 139.719906, 35.705659 ], [ 139.720092, 35.705708 ], [ 139.7202, 35.705738 ], [ 139.720216, 35.705707 ], [ 139.720228, 35.705673 ] ] ] } },
{ "type": "Feature", "properties": { "key": "新宿区|築地町", "ward": "新宿区", "town": "築地町" }, "geometry": { "type": "Polygon", "coordinates": [ [ [ 139.736632, 35.705747 ], [ 139.736251, 35.705807 ], [ 139.736236, 35.705721 ], [ 139.736189, 35.70545 ], [ 139.736174, 35.705425 ], [ 139.735993, 35.705393 ], [ 139.735942, 35.705307 ], [ 139.735538, 35.705298 ], [ 139.735489, 35.705292 ], [ 139.735463, 35.705301 ], [ 139.735201, 35.705392 ], [ 139.735198, 35.70538 ], [ 139.734965, 35.705406 ], [ 139.734849, 35.705438 ], [ 139.734858, 35.705463 ], [ 139.734874, 35.705548 ], [ 139.734908, 35.70572 ], [ 139.734986, 35.706125 ], [ 139.735019, 35.706332 ], [ 139.734929, 35.706341 ], [ 139.734931, 35.706352 ], [ 139.734991, 35.706621 ], [ 139.735442, 35.706547 ], [ 139.73572, 35.706497 ], [ 139.735894, 35.706466 ], [ 139.73607, 35.706435 ], [ 139.736109, 35.706429 ], [ 139.736242, 35.706408 ], [ 139.736499, 35.706369 ], [ 139.736616, 35.706353 ], [ 139.736779, 35.706329 ], [ 139.736689, 35.705973 ], [ 139.736632, 35.705747 ] ] ] } },
{ "type": "Feature", "properties": { "key": "新宿区|弁天町", "ward": "新宿区", "town": "弁天町" }, "geometry": { "type": "Polygon", "coordinates": [ [ [ 139.726254, 35.705388 ], [ 139.726426, 35.705367 ], [ 139.726534, 35.705338 ], [ 139.726951, 35.705227 ], [ 139.72694, 35.705092 ], [ 139.72694, 35.705062 ], [ 139.726932, 35.704714 ], [ 139.726911, 35.704476 ], [ 139.727631, 35.704451 ], [ 139.727748, 35.704447 ], [ 139.727753, 35.704475 ], [ 139.727977, 35.704477 ], [ 139.727978, 35.704524 ], [ 139.728288, 35.704541 ], [ 139.72831, 35.704192 ], [ 139.728315, 35.70393 ], [ 139.728318, 35.703714 ], [ 139.728263, 35.703498 ], [ 139.728245, 35.703425 ], [ 139.728121, 35.702793 ], [ 139.728135, 35.702789 ], [ 139.728132, 35.702787 ], [ 139.728004, 35.702275 ], [ 139.727903, 35.701871 ], [ 139.727716, 35.70116 ], [ 139.727713, 35.701151 ], [ 139.727695, 35.701076 ], [ 139.72764, 35.700847 ], [ 139.727269, 35.700861 ], [ 139.727034, 35.700854 ], [ 139.726552, 35.700835 ], [ 139.726564, 35.701006 ], [ 139.726583, 35.701258 ], [ 139.726593, 35.701497 ], [ 139.726582, 35.701514 ], [ 139.726343, 35.701528 ], [ 139.726318, 35.70153 ], [ 139.72599, 35.701533 ], [ 139.725842, 35.70152 ], [ 139.725582, 35.701326 ], [ 139.725574, 35.70132 ], [ 139.72534, 35.701103 ], [ 139.725009, 35.700813 ], [ 139.724685, 35.701042 ], [ 139.724371, 35.701284 ], [ 139.724077, 35.701513 ], [ 139.724079, 35.701528 ], [ 139.724644, 35.702002 ], [ 139.724726, 35.702071 ], [ 139.72475, 35.702091 ], [ 139.724904, 35.702215 ], [ 139.724921, 35.702202 ], [ 139.725066, 35.702324 ], [ 139.725048, 35.702339 ], [ 139.725194, 35.702466 ], [ 139.72532, 35.702651 ], [ 139.725263, 35.702998 ], [ 139.725276, 35.703301 ], [ 139.725305, 35.703328 ], [ 139.725332, 35.703343 ], [ 139.725397, 35.703381 ], [ 139.725557, 35.703369 ], [ 139.72572, 35.703395 ], [ 139.725686, 35.703486 ], [ 139.726167, 35.703489 ], [ 139.726205, 35.703606 ], [ 139.726261, 35.703693 ], [ 139.726228, 35.70388 ], [ 139.726239, 35.703903 ], [ 139.726187, 35.704021 ], [ 139.726166, 35.704067 ], [ 139.726117, 35.704233 ], [ 139.725789, 35.704182 ], [ 139.725502, 35.704154 ], [ 139.72527, 35.704151 ], [ 139.725138, 35.703749 ], [ 139.725039, 35.703774 ], [ 139.725006, 35.703782 ], [ 139.724828, 35.703852 ], [ 139.724586, 35.703957 ], [ 139.724357, 35.704057 ], [ 139.724223, 35.704135 ], [ 139.723988, 35.704274 ], [ 139.723837, 35.704417 ], [ 139.724095, 35.70465 ], [ 139.724307, 35.704887 ], [ 139.724327, 35.704909 ], [ 139.724428, 35.705039 ], [ 139.724606, 35.705206 ], [ 139.724705, 35.705355 ], [ 139.724746, 35.705425 ], [ 139.724882, 35.705406 ], [ 139.724887, 35.705406 ], [ 139.72506, 35.705406 ], [ 139.725146, 35.705389 ], [ 139.725184, 35.70541 ], [ 139.725307, 35.705466 ], [ 139.725526, 35.70558 ], [ 139.725791, 35.705506 ], [ 139.726254, 35.705388 ] ] ] } },
{ "type": "Feature", "properties": { "key": "新宿区|中里町", "ward": "新宿区", "town": "中里町" }, "geometry": { "type": "Polygon", "coordinates": [ [ [ 139.733071, 35.706572 ], [ 139.733114, 35.706572 ], [ 139.733108, 35.706445 ], [ 139.733081, 35.706438 ], [ 139.73307, 35.706336 ], [ 139.732758, 35.706323 ], [ 139.732732, 35.706101 ], [ 139.732737, 35.706062 ], [ 139.732727, 35.705936 ], [ 139.732724, 35.705893 ], [ 139.732725, 35.705719 ], [ 139.732724, 35.705678 ], [ 139.732646, 35.705286 ], [ 139.732458, 35.70531 ], [ 139.732307, 35.705329 ], [ 139.732054, 35.705363 ], [ 139.731891, 35.705398 ], [ 139.731854, 35.705406 ], [ 139.730972, 35.705569 ], [ 139.730995, 35.705717 ], [ 139.731013, 35.705851 ], [ 139.731025, 35.705947 ], [ 139.731065, 35.706246 ], [ 139.731068, 35.706268 ], [ 139.731075, 35.706318 ], [ 139.731094, 35.706459 ], [ 139.731315, 35.706426 ], [ 139.73194, 35.706392 ], [ 139.731996, 35.706411 ], [ 139.732067, 35.70642 ], [ 139.732151, 35.706432 ], [ 139.732383, 35.706477 ], [ 139.732775, 35.706527 ], [ 139.732943, 35.706601 ], [ 139.733054, 35.706641 ], [ 139.733071, 35.706572 ] ] ] } },
{ "type": "Feature", "properties": { "key": "新宿区|山吹町", "ward": "新宿区", "town": "山吹町" }, "geometry": { "type": "MultiPolygon", "coordinates": [ [ [ [ 139.733966, 35.707487 ], [ 139.733705, 35.707532 ], [ 139.73371, 35.707554 ], [ 139.733721, 35.70756 ], [ 139.733711, 35.707563 ], [ 139.733714, 35.707572 ], [ 139.733451, 35.707612 ], [ 139.733445, 35.707758 ], [ 139.733472, 35.707761 ], [ 139.733651, 35.707733 ], [ 139.733685, 35.707882 ], [ 139.73406, 35.70782 ], [ 139.733973, 35.707508 ], [ 139.733966, 35.707487 ] ] ], [ [ [ 139.730929, 35.709483 ], [ 139.73112, 35.709457 ], [ 139.731096, 35.709321 ], [ 139.731257, 35.709299 ], [ 139.731263, 35.709298 ], [ 139.731269, 35.709359 ], [ 139.731408, 35.709351 ], [ 139.731413, 35.709349 ], [ 139.731507, 35.709304 ], [ 139.731604, 35.709241 ], [ 139.7316, 35.709188 ], [ 139.731599, 35.709167 ], [ 139.73157, 35.709033 ], [ 139.731564, 35.709004 ], [ 139.731544, 35.708888 ], [ 139.731509, 35.708684 ], [ 139.731485, 35.708503 ], [ 139.731445, 35.708397 ], [ 139.731459, 35.708394 ], [ 139.731456, 35.70838 ], [ 139.731452, 35.708361 ], [ 139.731396, 35.708089 ], [ 139.731736, 35.708043 ], [ 139.731862, 35.708023 ], [ 139.73197, 35.707949 ], [ 139.732077, 35.707859 ], [ 139.732142, 35.707831 ], [ 139.732318, 35.707723 ], [ 139.73235, 35.707704 ], [ 139.732452, 35.707592 ], [ 139.732528, 35.707506 ], [ 139.732544, 35.707495 ], [ 139.732751, 35.707539 ], [ 139.732968, 35.707511 ], [ 139.733082, 35.707646 ], [ 139.733134, 35.707669 ], [ 139.733354, 35.707732 ], [ 139.733357, 35.70773 ], [ 139.733356, 35.707669 ], [ 139.733406, 35.707657 ], [ 139.733405, 35.707637 ], [ 139.733368, 35.707468 ], [ 139.733651, 35.707421 ], [ 139.733605, 35.707236 ], [ 139.733601, 35.707217 ], [ 139.73358, 35.707219 ], [ 139.733347, 35.707239 ], [ 139.733351, 35.707331 ], [ 139.733316, 35.707329 ], [ 139.733317, 35.707334 ], [ 139.732971, 35.707357 ], [ 139.732928, 35.706924 ], [ 139.732928, 35.706903 ], [ 139.732943, 35.706601 ], [ 139.732775, 35.706527 ], [ 139.732383, 35.706477 ], [ 139.732151, 35.706432 ], [ 139.732067, 35.70642 ], [ 139.731996, 35.706411 ], [ 139.73194, 35.706392 ], [ 139.731315, 35.706426 ], [ 139.731094, 35.706459 ], [ 139.731075, 35.706318 ], [ 139.730362, 35.706358 ], [ 139.730376, 35.706503 ], [ 139.730297, 35.706508 ], [ 139.730178, 35.706524 ], [ 139.730073, 35.706538 ], [ 139.729986, 35.706532 ], [ 139.729962, 35.70653 ], [ 139.729669, 35.706585 ], [ 139.729696, 35.70664 ], [ 139.729661, 35.706694 ], [ 139.728911, 35.706738 ], [ 139.728714, 35.706753 ], [ 139.728471, 35.706611 ], [ 139.728449, 35.706297 ], [ 139.727618, 35.706352 ], [ 139.727711, 35.706671 ], [ 139.727724, 35.706669 ], [ 139.727826, 35.706949 ], [ 139.727549, 35.707025 ], [ 139.72759, 35.707393 ], [ 139.727745, 35.707381 ], [ 139.727885, 35.70738 ], [ 139.727886, 35.707397 ], [ 139.727897, 35.707666 ], [ 139.727919, 35.707772 ], [ 139.727731, 35.707799 ], [ 139.727758, 35.70792 ], [ 139.727664, 35.70794 ], [ 139.727695, 35.70802 ], [ 139.727302, 35.708145 ], [ 139.727106, 35.708198 ], [ 139.727113, 35.708295 ], [ 139.727246, 35.70826 ], [ 139.727253, 35.708275 ], [ 139.727338, 35.708238 ], [ 139.727458, 35.708207 ], [ 139.727487, 35.708256 ], [ 139.727629, 35.708229 ], [ 139.727767, 35.70822 ], [ 139.727824, 35.7084 ], [ 139.727975, 35.708356 ], [ 139.728082, 35.708644 ], [ 139.728095, 35.708679 ], [ 139.727889, 35.708733 ], [ 139.727934, 35.708845 ], [ 139.728065, 35.708808 ], [ 139.728117, 35.708915 ], [ 139.728289, 35.708871 ], [ 139.728301, 35.708903 ], [ 139.728369, 35.709025 ], [ 139.7285, 35.708986 ], [ 139.728554, 35.709092 ], [ 139.728361, 35.709144 ], [ 139.72835, 35.70925 ], [ 139.728424, 35.70926 ], [ 139.728459, 35.709252 ], [ 139.728497, 35.709256 ], [ 139.728526, 35.709254 ], [ 139.728535, 35.709259 ], [ 139.728604, 35.709265 ], [ 139.728622, 35.70931 ], [ 139.728631, 35.709334 ], [ 139.728777, 35.709329 ], [ 139.728947, 35.709323 ], [ 139.729066, 35.709325 ], [ 139.729125, 35.709325 ], [ 139.729109, 35.709407 ], [ 139.729259, 35.709438 ], [ 139.729271, 35.709395 ], [ 139.729387, 35.709421 ], [ 139.729627, 35.709479 ], [ 139.729693, 35.709483 ], [ 139.729807, 35.709424 ], [ 139.729822, 35.709378 ], [ 139.729891, 35.709384 ], [ 139.72989, 35.709389 ], [ 139.729889, 35.709395 ], [ 139.729881, 35.709432 ], [ 139.7299, 35.709434 ], [ 139.729933, 35.709437 ], [ 139.729977, 35.709277 ], [ 139.730297, 35.709315 ], [ 139.730628, 35.709369 ], [ 139.730604, 35.709514 ], [ 139.730747, 35.709501 ], [ 139.730725, 35.70936 ], [ 139.730911, 35.709341 ], [ 139.730929, 35.709483 ] ] ] ] } },
{ "type": "Feature", "properties": { "key": "新宿区|改代町", "ward": "新宿区", "town": "改代町" }, "geometry": { "type": "Polygon", "coordinates": [ [ [ 139.735152, 35.707361 ], [ 139.735117, 35.707201 ], [ 139.735116, 35.7072 ], [ 139.734991, 35.706623 ], [ 139.734991, 35.706621 ], [ 139.734931, 35.706352 ], [ 139.734929, 35.706341 ], [ 139.734894, 35.706345 ], [ 139.734603, 35.706342 ], [ 139.734604, 35.706351 ], [ 139.734252, 35.706582 ], [ 139.733862, 35.706618 ], [ 139.733822, 35.706672 ], [ 139.733271, 35.70672 ], [ 139.733195, 35.706704 ], [ 139.733142, 35.706666 ], [ 139.733054, 35.706641 ], [ 139.732943, 35.706601 ], [ 139.732928, 35.706903 ], [ 139.732928, 35.706924 ], [ 139.732971, 35.707357 ], [ 139.733317, 35.707334 ], [ 139.733316, 35.707329 ], [ 139.733351, 35.707331 ], [ 139.733347, 35.707239 ], [ 139.73358, 35.707219 ], [ 139.733601, 35.707217 ], [ 139.733605, 35.707236 ], [ 139.733651, 35.707421 ], [ 139.733368, 35.707468 ], [ 139.733405, 35.707637 ], [ 139.733406, 35.707657 ], [ 139.733356, 35.707669 ], [ 139.733357, 35.70773 ], [ 139.733354, 35.707732 ], [ 139.733445, 35.707758 ], [ 139.733451, 35.707612 ], [ 139.733714, 35.707572 ], [ 139.733711, 35.707563 ], [ 139.733721, 35.70756 ], [ 139.73371, 35.707554 ], [ 139.733705, 35.707532 ], [ 139.733966, 35.707487 ], [ 139.733973, 35.707508 ], [ 139.73406, 35.70782 ], [ 139.734097, 35.707907 ], [ 139.734128, 35.708052 ], [ 139.734201, 35.708104 ], [ 139.734246, 35.708302 ], [ 139.734383, 35.708284 ], [ 139.734752, 35.708236 ], [ 139.735285, 35.708167 ], [ 139.735322, 35.708161 ], [ 139.735258, 35.70785 ], [ 139.735254, 35.707831 ], [ 139.735152, 35.707361 ] ] ] } },
{ "type": "Feature", "properties": { "key": "新宿区|水道町", "ward": "新宿区", "town": "水道町" }, "geometry": { "type": "Polygon", "coordinates": [ [ [ 139.736616, 35.706353 ], [ 139.736499, 35.706369 ], [ 139.736242, 35.706408 ], [ 139.736109, 35.706429 ], [ 139.73607, 35.706435 ], [ 139.735894, 35.706466 ], [ 139.73572, 35.706497 ], [ 139.735442, 35.706547 ], [ 139.734991, 35.706621 ], [ 139.734991, 35.706623 ], [ 139.735116, 35.7072 ], [ 139.735117, 35.707201 ], [ 139.735152, 35.707361 ], [ 139.735254, 35.707831 ], [ 139.735258, 35.70785 ], [ 139.735322, 35.708161 ], [ 139.73539, 35.708499 ], [ 139.735516, 35.709103 ], [ 139.735545, 35.709254 ], [ 139.736049, 35.709188 ], [ 139.736059, 35.709187 ], [ 139.736687, 35.709092 ], [ 139.73689, 35.709062 ], [ 139.73723, 35.709011 ], [ 139.737232, 35.708999 ], [ 139.737075, 35.70837 ], [ 139.737046, 35.708251 ], [ 139.737017, 35.708114 ], [ 139.737012, 35.708093 ], [ 139.736906, 35.707586 ], [ 139.736859, 35.707383 ], [ 139.736795, 35.707107 ], [ 139.736738, 35.70686 ], [ 139.736735, 35.706845 ], [ 139.736689, 35.706677 ], [ 139.736616, 35.706353 ] ] ] } },
{ "type": "Feature", "properties": { "key": "新宿区|早稲田鶴巻町", "ward": "新宿区", "town": "早稲田鶴巻町" }, "geometry": { "type": "Polygon", "coordinates": [ [ [ 139.723557, 35.710198 ], [ 139.723644, 35.710175 ], [ 139.723849, 35.71012 ], [ 139.723831, 35.710018 ], [ 139.723891, 35.710003 ], [ 139.723937, 35.710065 ], [ 139.723972, 35.710076 ], [ 139.724095, 35.710123 ], [ 139.724119, 35.710115 ], [ 139.724492, 35.709994 ], [ 139.724583, 35.709964 ], [ 139.724621, 35.709953 ], [ 139.724625, 35.709951 ], [ 139.724797, 35.709896 ], [ 139.724829, 35.709929 ], [ 139.724837, 35.709937 ], [ 139.725005, 35.709872 ], [ 139.724986, 35.709831 ], [ 139.725122, 35.709791 ], [ 139.725136, 35.709787 ], [ 139.725146, 35.709808 ], [ 139.72515, 35.709816 ], [ 139.72516, 35.709812 ], [ 139.725275, 35.709807 ], [ 139.725352, 35.709785 ], [ 139.725229, 35.709468 ], [ 139.725484, 35.709392 ], [ 139.725834, 35.709284 ], [ 139.725853, 35.709332 ], [ 139.72589, 35.709325 ], [ 139.726172, 35.709271 ], [ 139.726251, 35.70955 ], [ 139.726109, 35.709578 ], [ 139.726084, 35.709508 ], [ 139.726051, 35.709513 ], [ 139.725948, 35.709529 ], [ 139.726028, 35.709771 ], [ 139.726427, 35.709678 ], [ 139.726433, 35.709749 ], [ 139.726435, 35.709768 ], [ 139.726476, 35.709988 ], [ 139.726522, 35.709976 ], [ 139.726567, 35.709965 ], [ 139.726712, 35.710122 ], [ 139.726836, 35.710116 ], [ 139.726907, 35.71011 ], [ 139.726888, 35.710012 ], [ 139.727146, 35.709963 ], [ 139.727247, 35.709955 ], [ 139.727541, 35.709929 ], [ 139.727525, 35.709805 ], [ 139.727742, 35.709807 ], [ 139.727758, 35.709911 ], [ 139.727785, 35.709909 ], [ 139.727919, 35.709897 ], [ 139.727933, 35.709643 ], [ 139.727945, 35.709421 ], [ 139.728072, 35.70941 ], [ 139.72807, 35.709332 ], [ 139.728343, 35.709313 ], [ 139.728424, 35.70926 ], [ 139.72835, 35.70925 ], [ 139.728361, 35.709144 ], [ 139.728554, 35.709092 ], [ 139.7285, 35.708986 ], [ 139.728369, 35.709025 ], [ 139.728301, 35.708903 ], [ 139.728289, 35.708871 ], [ 139.728117, 35.708915 ], [ 139.728065, 35.708808 ], [ 139.727934, 35.708845 ], [ 139.727889, 35.708733 ], [ 139.728095, 35.708679 ], [ 139.728082, 35.708644 ], [ 139.727975, 35.708356 ], [ 139.727824, 35.7084 ], [ 139.727767, 35.70822 ], [ 139.727629, 35.708229 ], [ 139.727487, 35.708256 ], [ 139.727458, 35.708207 ], [ 139.727338, 35.708238 ], [ 139.727253, 35.708275 ], [ 139.727246, 35.70826 ], [ 139.727113, 35.708295 ], [ 139.727106, 35.708198 ], [ 139.727302, 35.708145 ], [ 139.727695, 35.70802 ], [ 139.727664, 35.70794 ], [ 139.727758, 35.70792 ], [ 139.727731, 35.707799 ], [ 139.727919, 35.707772 ], [ 139.727897, 35.707666 ], [ 139.727886, 35.707397 ], [ 139.727885, 35.70738 ], [ 139.727745, 35.707381 ], [ 139.72759, 35.707393 ], [ 139.727549, 35.707025 ], [ 139.727826, 35.706949 ], [ 139.727724, 35.706669 ], [ 139.727711, 35.706671 ], [ 139.727559, 35.706694 ], [ 139.727446, 35.706695 ], [ 139.727021, 35.706717 ], [ 139.726497, 35.706742 ], [ 139.726459, 35.706457 ], [ 139.726465, 35.706379 ], [ 139.726451, 35.706122 ], [ 139.726479, 35.70612 ], [ 139.726465, 35.705863 ], [ 139.726457, 35.705733 ], [ 139.726074, 35.705738 ], [ 139.726093, 35.705894 ], [ 139.725623, 35.70592 ], [ 139.725651, 35.706014 ], [ 139.725172, 35.706039 ], [ 139.725169, 35.705873 ], [ 139.725099, 35.705831 ], [ 139.724709, 35.705879 ], [ 139.724727, 35.706011 ], [ 139.724541, 35.706034 ], [ 139.724477, 35.706033 ], [ 139.724455, 35.706295 ], [ 139.723883, 35.70659 ], [ 139.723613, 35.70673 ], [ 139.723502, 35.706525 ], [ 139.723366, 35.706239 ], [ 139.722792, 35.706453 ], [ 139.722677, 35.706239 ], [ 139.722412, 35.706343 ], [ 139.722319, 35.706279 ], [ 139.722174, 35.7064 ], [ 139.722129, 35.706438 ], [ 139.722074, 35.70639 ], [ 139.721739, 35.706473 ], [ 139.721792, 35.706623 ], [ 139.721782, 35.706639 ], [ 139.721862, 35.706831 ], [ 139.72164, 35.706932 ], [ 139.721349, 35.707038 ], [ 139.720991, 35.707254 ], [ 139.721129, 35.707414 ], [ 139.721143, 35.707433 ], [ 139.721291, 35.70764 ], [ 139.721396, 35.707747 ], [ 139.721366, 35.707987 ], [ 139.721364, 35.70803 ], [ 139.721445, 35.708103 ], [ 139.721538, 35.708181 ], [ 139.721335, 35.708242 ], [ 139.721238, 35.708272 ], [ 139.720908, 35.708513 ], [ 139.720983, 35.708569 ], [ 139.721179, 35.708671 ], [ 139.721679, 35.708492 ], [ 139.721725, 35.708573 ], [ 139.721784, 35.708557 ], [ 139.721832, 35.708778 ], [ 139.722421, 35.708664 ], [ 139.722475, 35.708752 ], [ 139.722604, 35.708916 ], [ 139.722725, 35.709017 ], [ 139.722853, 35.708966 ], [ 139.722918, 35.708952 ], [ 139.723004, 35.709048 ], [ 139.723134, 35.709258 ], [ 139.723225, 35.709517 ], [ 139.723233, 35.709542 ], [ 139.723262, 35.709632 ], [ 139.723292, 35.709779 ], [ 139.723287, 35.709987 ], [ 139.723269, 35.710247 ], [ 139.723382, 35.710231 ], [ 139.723418, 35.710318 ], [ 139.723585, 35.710278 ], [ 139.723557, 35.710198 ] ] ] } },
{ "type": "Feature", "properties": { "key": "新宿区|住吉町", "ward": "新宿区", "town": "住吉町" }, "geometry": { "type": "Polygon", "coordinates": [ [ [ 139.719042, 35.695699 ], [ 139.719294, 35.695826 ], [ 139.719445, 35.695685 ], [ 139.719719, 35.695451 ], [ 139.719811, 35.695508 ], [ 139.71992, 35.695577 ], [ 139.720037, 35.695489 ], [ 139.720057, 35.695468 ], [ 139.720186, 35.69533 ], [ 139.720284, 35.695189 ], [ 139.720323, 35.695136 ], [ 139.720484, 35.694921 ], [ 139.720573, 35.694935 ], [ 139.720814, 35.695039 ], [ 139.720825, 35.694881 ], [ 139.720893, 35.69466 ], [ 139.721022, 35.694444 ], [ 139.721041, 35.694431 ], [ 139.721059, 35.694413 ], [ 139.721075, 35.694411 ], [ 139.721095, 35.694407 ], [ 139.721208, 35.694436 ], [ 139.721246, 35.694338 ], [ 139.721271, 35.69427 ], [ 139.721231, 35.69426 ], [ 139.721203, 35.694253 ], [ 139.721205, 35.694248 ], [ 139.721238, 35.693917 ], [ 139.721303, 35.693917 ], [ 139.721433, 35.693885 ], [ 139.721559, 35.693611 ], [ 139.721686, 35.693416 ], [ 139.7218, 35.693331 ], [ 139.721984, 35.693227 ], [ 139.72194, 35.693167 ], [ 139.721974, 35.69316 ], [ 139.722036, 35.693147 ], [ 139.722262, 35.693098 ], [ 139.722266, 35.693119 ], [ 139.722275, 35.693118 ], [ 139.722561, 35.693069 ], [ 139.722676, 35.693049 ], [ 139.722668, 35.69301 ], [ 139.722682, 35.693007 ], [ 139.722905, 35.69296 ], [ 139.723121, 35.693 ], [ 139.723143, 35.693008 ], [ 139.723371, 35.692965 ], [ 139.723354, 35.693032 ], [ 139.723411, 35.693041 ], [ 139.723494, 35.693184 ], [ 139.72352, 35.693208 ], [ 139.72357, 35.693203 ], [ 139.723609, 35.693254 ], [ 139.723773, 35.693201 ], [ 139.723984, 35.693124 ], [ 139.724017, 35.693112 ], [ 139.7239, 35.692936 ], [ 139.723445, 35.692842 ], [ 139.723423, 35.692761 ], [ 139.723427, 35.692761 ], [ 139.723406, 35.692393 ], [ 139.723403, 35.692347 ], [ 139.723528, 35.692342 ], [ 139.723503, 35.692287 ], [ 139.723487, 35.69225 ], [ 139.723418, 35.692096 ], [ 139.723399, 35.692054 ], [ 139.723371, 35.691991 ], [ 139.723006, 35.691957 ], [ 139.722952, 35.691953 ], [ 139.722361, 35.691927 ], [ 139.722286, 35.691925 ], [ 139.721756, 35.691931 ], [ 139.721755, 35.691931 ], [ 139.721756, 35.691892 ], [ 139.721736, 35.691892 ], [ 139.721004, 35.691882 ], [ 139.720637, 35.691898 ], [ 139.720472, 35.691908 ], [ 139.720229, 35.691982 ], [ 139.720092, 35.691944 ], [ 139.719678, 35.69183 ], [ 139.719533, 35.69179 ], [ 139.719176, 35.691692 ], [ 139.719126, 35.691683 ], [ 139.719031, 35.691668 ], [ 139.718945, 35.691894 ], [ 139.71912, 35.691984 ], [ 139.719377, 35.692144 ], [ 139.719473, 35.692202 ], [ 139.719385, 35.692355 ], [ 139.719266, 35.692469 ], [ 139.719382, 35.692544 ], [ 139.719826, 35.692679 ], [ 139.719923, 35.692697 ], [ 139.720006, 35.692713 ], [ 139.720269, 35.692762 ], [ 139.720421, 35.692791 ], [ 139.720475, 35.69285 ], [ 139.720783, 35.692694 ], [ 139.720788, 35.692692 ], [ 139.720864, 35.692774 ], [ 139.720905, 35.692931 ], [ 139.720829, 35.693161 ], [ 139.720628, 35.693608 ], [ 139.720522, 35.693714 ], [ 139.720433, 35.693743 ], [ 139.720113, 35.693753 ], [ 139.719863, 35.693756 ], [ 139.719638, 35.693757 ], [ 139.719558, 35.693847 ], [ 139.719388, 35.694051 ], [ 139.71949, 35.694309 ], [ 139.71922, 35.694383 ], [ 139.7192, 35.694388 ], [ 139.719177, 35.694393 ], [ 139.718962, 35.694444 ], [ 139.71871, 35.694505 ], [ 139.718685, 35.694512 ], [ 139.718469, 35.694572 ], [ 139.718274, 35.694642 ], [ 139.718125, 35.694709 ], [ 139.718004, 35.694742 ], [ 139.717669, 35.694862 ], [ 139.717538, 35.694896 ], [ 139.717264, 35.695041 ], [ 139.717556, 35.695207 ], [ 139.71756, 35.695209 ], [ 139.717706, 35.695285 ], [ 139.717836, 35.695352 ], [ 139.718473, 35.695669 ], [ 139.7185, 35.695682 ], [ 139.718848, 35.695858 ], [ 139.71886, 35.695848 ], [ 139.719042, 35.695699 ] ] ] } },
{ "type": "Feature", "properties": { "key": "新宿区|市谷台町", "ward": "新宿区", "town": "市谷台町" }, "geometry": { "type": "Polygon", "coordinates": [ [ [ 139.718469, 35.694572 ], [ 139.718685, 35.694512 ], [ 139.71871, 35.694505 ], [ 139.718962, 35.694444 ], [ 139.719177, 35.694393 ], [ 139.7192, 35.694388 ], [ 139.71922, 35.694383 ], [ 139.71949, 35.694309 ], [ 139.719388, 35.694051 ], [ 139.719558, 35.693847 ], [ 139.719638, 35.693757 ], [ 139.719863, 35.693756 ], [ 139.720113, 35.693753 ], [ 139.720433, 35.693743 ], [ 139.720522, 35.693714 ], [ 139.720628, 35.693608 ], [ 139.720829, 35.693161 ], [ 139.720905, 35.692931 ], [ 139.720864, 35.692774 ], [ 139.720788, 35.692692 ], [ 139.720783, 35.692694 ], [ 139.720475, 35.69285 ], [ 139.720421, 35.692791 ], [ 139.720269, 35.692762 ], [ 139.720006, 35.692713 ], [ 139.719923, 35.692697 ], [ 139.719826, 35.692679 ], [ 139.719382, 35.692544 ], [ 139.719266, 35.692469 ], [ 139.719121, 35.692558 ], [ 139.718976, 35.692623 ], [ 139.71875, 35.692741 ], [ 139.718366, 35.692928 ], [ 139.717981, 35.693112 ], [ 139.717612, 35.69328 ], [ 139.717297, 35.693429 ], [ 139.717256, 35.69345 ], [ 139.717162, 35.6935 ], [ 139.716999, 35.693585 ], [ 139.716919, 35.693604 ], [ 139.716799, 35.693793 ], [ 139.716613, 35.69407 ], [ 139.716579, 35.694121 ], [ 139.716456, 35.694304 ], [ 139.716442, 35.694334 ], [ 139.716707, 35.694666 ], [ 139.71672, 35.694683 ], [ 139.71689, 35.694596 ], [ 139.716966, 35.694705 ], [ 139.717075, 35.694713 ], [ 139.717178, 35.694741 ], [ 139.717254, 35.694762 ], [ 139.717378, 35.694801 ], [ 139.717408, 35.694811 ], [ 139.717538, 35.694896 ], [ 139.717669, 35.694862 ], [ 139.718004, 35.694742 ], [ 139.718125, 35.694709 ], [ 139.718274, 35.694642 ], [ 139.718469, 35.694572 ] ] ] } },
{ "type": "Feature", "properties": { "key": "新宿区|河田町", "ward": "新宿区", "town": "河田町" }, "geometry": { "type": "Polygon", "coordinates": [ [ [ 139.718885, 35.698502 ], [ 139.71891, 35.698511 ], [ 139.719027, 35.698197 ], [ 139.719059, 35.698166 ], [ 139.719106, 35.698119 ], [ 139.719135, 35.698067 ], [ 139.71937, 35.69793 ], [ 139.719809, 35.697653 ], [ 139.720502, 35.697247 ], [ 139.720541, 35.697233 ], [ 139.720578, 35.697203 ], [ 139.720977, 35.696962 ], [ 139.721131, 35.69687 ], [ 139.721139, 35.696865 ], [ 139.721445, 35.696695 ], [ 139.721562, 35.696645 ], [ 139.721586, 35.696635 ], [ 139.722323, 35.697697 ], [ 139.722537, 35.698007 ], [ 139.72253, 35.698038 ], [ 139.722519, 35.698058 ], [ 139.722529, 35.69806 ], [ 139.722577, 35.698065 ], [ 139.722959, 35.697901 ], [ 139.723003, 35.697891 ], [ 139.722916, 35.697789 ], [ 139.722834, 35.697693 ], [ 139.723088, 35.697639 ], [ 139.723735, 35.6975 ], [ 139.723727, 35.697394 ], [ 139.723663, 35.697401 ], [ 139.723615, 35.697272 ], [ 139.72351, 35.696991 ], [ 139.723502, 35.696971 ], [ 139.723231, 35.697036 ], [ 139.72292, 35.696284 ], [ 139.722919, 35.696284 ], [ 139.722779, 35.696319 ], [ 139.722607, 35.696361 ], [ 139.722134, 35.696449 ], [ 139.722119, 35.696453 ], [ 139.722087, 35.696393 ], [ 139.721926, 35.696102 ], [ 139.721782, 35.695839 ], [ 139.721781, 35.695837 ], [ 139.721737, 35.695756 ], [ 139.721667, 35.695619 ], [ 139.721607, 35.695502 ], [ 139.721579, 35.695447 ], [ 139.721549, 35.695364 ], [ 139.721508, 35.69525 ], [ 139.721498, 35.695221 ], [ 139.721481, 35.695161 ], [ 139.721456, 35.69507 ], [ 139.721425, 35.694955 ], [ 139.721382, 35.694802 ], [ 139.72133, 35.694557 ], [ 139.721294, 35.694238 ], [ 139.721297, 35.694056 ], [ 139.721303, 35.693917 ], [ 139.721238, 35.693917 ], [ 139.721205, 35.694248 ], [ 139.721203, 35.694253 ], [ 139.721231, 35.69426 ], [ 139.721271, 35.69427 ], [ 139.721246, 35.694338 ], [ 139.721208, 35.694436 ], [ 139.721095, 35.694407 ], [ 139.721075, 35.694411 ], [ 139.721059, 35.694413 ], [ 139.721041, 35.694431 ], [ 139.721022, 35.694444 ], [ 139.720893, 35.69466 ], [ 139.720825, 35.694881 ], [ 139.720814, 35.695039 ], [ 139.720573, 35.694935 ], [ 139.720484, 35.694921 ], [ 139.720323, 35.695136 ], [ 139.720284, 35.695189 ], [ 139.720186, 35.69533 ], [ 139.720057, 35.695468 ], [ 139.720037, 35.695489 ], [ 139.71992, 35.695577 ], [ 139.719811, 35.695508 ], [ 139.719719, 35.695451 ], [ 139.719445, 35.695685 ], [ 139.719294, 35.695826 ], [ 139.719042, 35.695699 ], [ 139.71886, 35.695848 ], [ 139.718848, 35.695858 ], [ 139.718589, 35.696082 ], [ 139.7182, 35.696383 ], [ 139.718218, 35.696397 ], [ 139.718032, 35.69654 ], [ 139.717856, 35.696677 ], [ 139.717566, 35.696999 ], [ 139.717446, 35.697139 ], [ 139.717296, 35.697316 ], [ 139.716984, 35.697686 ], [ 139.716838, 35.69786 ], [ 139.716692, 35.698013 ], [ 139.716606, 35.698116 ], [ 139.716637, 35.698426 ], [ 139.716692, 35.698681 ], [ 139.716697, 35.698704 ], [ 139.717434, 35.69896 ], [ 139.717515, 35.698988 ], [ 139.717786, 35.699082 ], [ 139.718419, 35.699302 ], [ 139.718431, 35.699305 ], [ 139.718484, 35.699322 ], [ 139.718502, 35.699286 ], [ 139.718608, 35.699059 ], [ 139.718702, 35.698856 ], [ 139.718766, 35.698717 ], [ 139.718885, 35.698502 ] ] ] } },
{ "type": "Feature", "properties": { "key": "新宿区|若松町", "ward": "新宿区", "town": "若松町" }, "geometry": { "type": "Polygon", "coordinates": [ [ [ 139.720885, 35.700507 ], [ 139.720788, 35.700232 ], [ 139.720772, 35.700186 ], [ 139.7208, 35.70017 ], [ 139.72102, 35.700101 ], [ 139.721109, 35.700073 ], [ 139.721478, 35.699958 ], [ 139.72153, 35.699941 ], [ 139.721589, 35.699923 ], [ 139.721677, 35.699895 ], [ 139.722021, 35.699823 ], [ 139.722065, 35.699813 ], [ 139.721968, 35.69936 ], [ 139.72195, 35.699363 ], [ 139.721854, 35.699378 ], [ 139.721844, 35.699351 ], [ 139.721785, 35.699097 ], [ 139.721797, 35.699093 ], [ 139.721827, 35.699083 ], [ 139.722005, 35.69899 ], [ 139.722214, 35.69888 ], [ 139.722474, 35.698744 ], [ 139.722527, 35.698716 ], [ 139.722546, 35.698706 ], [ 139.72246, 35.69843 ], [ 139.722407, 35.69826 ], [ 139.722497, 35.698097 ], [ 139.722519, 35.698058 ], [ 139.72253, 35.698038 ], [ 139.722537, 35.698007 ], [ 139.722323, 35.697697 ], [ 139.721586, 35.696635 ], [ 139.721562, 35.696645 ], [ 139.721445, 35.696695 ], [ 139.721139, 35.696865 ], [ 139.721131, 35.69687 ], [ 139.720977, 35.696962 ], [ 139.720578, 35.697203 ], [ 139.720541, 35.697233 ], [ 139.720502, 35.697247 ], [ 139.719809, 35.697653 ], [ 139.71937, 35.69793 ], [ 139.719135, 35.698067 ], [ 139.719106, 35.698119 ], [ 139.719059, 35.698166 ], [ 139.719027, 35.698197 ], [ 139.71891, 35.698511 ], [ 139.718885, 35.698502 ], [ 139.718766, 35.698717 ], [ 139.718702, 35.698856 ], [ 139.718608, 35.699059 ], [ 139.718502, 35.699286 ], [ 139.718484, 35.699322 ], [ 139.718431, 35.699305 ], [ 139.718419, 35.699302 ], [ 139.717786, 35.699082 ], [ 139.717515, 35.698988 ], [ 139.717434, 35.69896 ], [ 139.716697, 35.698704 ], [ 139.716692, 35.698681 ], [ 139.716566, 35.698663 ], [ 139.716387, 35.698571 ], [ 139.716269, 35.698507 ], [ 139.715967, 35.698364 ], [ 139.715906, 35.698335 ], [ 139.71585, 35.698308 ], [ 139.715686, 35.698234 ], [ 139.715552, 35.698157 ], [ 139.715457, 35.698103 ], [ 139.715156, 35.697932 ], [ 139.714993, 35.697843 ], [ 139.714745, 35.697769 ], [ 139.714704, 35.697756 ], [ 139.714595, 35.697749 ], [ 139.714539, 35.697749 ], [ 139.71453, 35.697749 ], [ 139.71432, 35.697748 ], [ 139.714297, 35.697749 ], [ 139.714224, 35.697749 ], [ 139.714147, 35.697748 ], [ 139.714049, 35.697748 ], [ 139.713985, 35.697745 ], [ 139.713688, 35.697729 ], [ 139.713688, 35.697736 ], [ 139.713727, 35.698197 ], [ 139.71378, 35.69872 ], [ 139.713783, 35.698756 ], [ 139.713823, 35.699257 ], [ 139.713826, 35.699292 ], [ 139.713835, 35.699404 ], [ 139.713861, 35.699741 ], [ 139.713876, 35.699943 ], [ 139.713906, 35.700328 ], [ 139.713985, 35.70136 ], [ 139.713987, 35.70136 ], [ 139.714008, 35.701361 ], [ 139.714014, 35.701361 ], [ 139.714432, 35.701366 ], [ 139.714449, 35.701366 ], [ 139.714686, 35.701343 ], [ 139.714955, 35.701317 ], [ 139.7155, 35.701264 ], [ 139.716016, 35.701214 ], [ 139.716019, 35.701213 ], [ 139.716429, 35.701147 ], [ 139.716439, 35.701145 ], [ 139.716679, 35.701101 ], [ 139.716686, 35.701099 ], [ 139.717194, 35.700976 ], [ 139.717295, 35.700952 ], [ 139.717325, 35.700941 ], [ 139.717326, 35.700941 ], [ 139.717373, 35.700942 ], [ 139.717407, 35.700961 ], [ 139.717413, 35.700965 ], [ 139.717423, 35.700975 ], [ 139.71746, 35.701094 ], [ 139.717513, 35.701267 ], [ 139.717551, 35.701259 ], [ 139.717754, 35.701213 ], [ 139.717798, 35.701203 ], [ 139.718238, 35.701103 ], [ 139.718255, 35.701098 ], [ 139.718296, 35.701084 ], [ 139.718326, 35.701074 ], [ 139.718696, 35.700952 ], [ 139.718923, 35.700877 ], [ 139.719156, 35.7008 ], [ 139.719422, 35.700712 ], [ 139.719604, 35.701188 ], [ 139.719657, 35.701327 ], [ 139.719788, 35.701634 ], [ 139.71979, 35.701642 ], [ 139.719843, 35.701829 ], [ 139.719979, 35.702134 ], [ 139.720003, 35.702268 ], [ 139.719994, 35.702306 ], [ 139.720032, 35.702449 ], [ 139.720059, 35.7026 ], [ 139.720064, 35.702625 ], [ 139.720066, 35.702634 ], [ 139.720189, 35.703087 ], [ 139.720253, 35.703373 ], [ 139.720259, 35.703399 ], [ 139.720289, 35.70352 ], [ 139.720335, 35.703676 ], [ 139.720622, 35.703597 ], [ 139.720941, 35.703278 ], [ 139.721111, 35.703141 ], [ 139.721218, 35.703113 ], [ 139.721297, 35.703017 ], [ 139.721364, 35.703 ], [ 139.721352, 35.702891 ], [ 139.721448, 35.70285 ], [ 139.721507, 35.702791 ], [ 139.721549, 35.70278 ], [ 139.721546, 35.702752 ], [ 139.721441, 35.702023 ], [ 139.721435, 35.702008 ], [ 139.721389, 35.701885 ], [ 139.721304, 35.701661 ], [ 139.721209, 35.701407 ], [ 139.721096, 35.701107 ], [ 139.721095, 35.701105 ], [ 139.721069, 35.701032 ], [ 139.720981, 35.700781 ], [ 139.720885, 35.700507 ] ] ] } },
{ "type": "Feature", "properties": { "key": "新宿区|余丁町", "ward": "新宿区", "town": "余丁町" }, "geometry": { "type": "Polygon", "coordinates": [ [ [ 139.716984, 35.697686 ], [ 139.717296, 35.697316 ], [ 139.717446, 35.697139 ], [ 139.717566, 35.696999 ], [ 139.717856, 35.696677 ], [ 139.718032, 35.69654 ], [ 139.718218, 35.696397 ], [ 139.7182, 35.696383 ], [ 139.718589, 35.696082 ], [ 139.718848, 35.695858 ], [ 139.7185, 35.695682 ], [ 139.718473, 35.695669 ], [ 139.717836, 35.695352 ], [ 139.717706, 35.695285 ], [ 139.71756, 35.695209 ], [ 139.717556, 35.695207 ], [ 139.717264, 35.695041 ], [ 139.717538, 35.694896 ], [ 139.717408, 35.694811 ], [ 139.717378, 35.694801 ], [ 139.717254, 35.694762 ], [ 139.717178, 35.694741 ], [ 139.717075, 35.694713 ], [ 139.716966, 35.694705 ], [ 139.71689, 35.694596 ], [ 139.71672, 35.694683 ], [ 139.716707, 35.694666 ], [ 139.716442, 35.694334 ], [ 139.716456, 35.694304 ], [ 139.716295, 35.694506 ], [ 139.716102, 35.694812 ], [ 139.715992, 35.69497 ], [ 139.716008, 35.695022 ], [ 139.715819, 35.694947 ], [ 139.715757, 35.69505 ], [ 139.715477, 35.694931 ], [ 139.715443, 35.694916 ], [ 139.715343, 35.694874 ], [ 139.715239, 35.69505 ], [ 139.714888, 35.695283 ], [ 139.714868, 35.695296 ], [ 139.714581, 35.695475 ], [ 139.714568, 35.695484 ], [ 139.714466, 35.695554 ], [ 139.714402, 35.695595 ], [ 139.714067, 35.695815 ], [ 139.713892, 35.69593 ], [ 139.713628, 35.696089 ], [ 139.713512, 35.696167 ], [ 139.713391, 35.696248 ], [ 139.713294, 35.696314 ], [ 139.713026, 35.696462 ], [ 139.713009, 35.696473 ], [ 139.71325, 35.697307 ], [ 139.713105, 35.69746 ], [ 139.713097, 35.697468 ], [ 139.713085, 35.697481 ], [ 139.712961, 35.697575 ], [ 139.712896, 35.697603 ], [ 139.712679, 35.697699 ], [ 139.712776, 35.697719 ], [ 139.713045, 35.697722 ], [ 139.713344, 35.697734 ], [ 139.713565, 35.697722 ], [ 139.713688, 35.697736 ], [ 139.713688, 35.697729 ], [ 139.713985, 35.697745 ], [ 139.714049, 35.697748 ], [ 139.714147, 35.697748 ], [ 139.714224, 35.697749 ], [ 139.714297, 35.697749 ], [ 139.71432, 35.697748 ], [ 139.71453, 35.697749 ], [ 139.714539, 35.697749 ], [ 139.714595, 35.697749 ], [ 139.714704, 35.697756 ], [ 139.714745, 35.697769 ], [ 139.714993, 35.697843 ], [ 139.715156, 35.697932 ], [ 139.715457, 35.698103 ], [ 139.715552, 35.698157 ], [ 139.715686, 35.698234 ], [ 139.71585, 35.698308 ], [ 139.715906, 35.698335 ], [ 139.715967, 35.698364 ], [ 139.716269, 35.698507 ], [ 139.716387, 35.698571 ], [ 139.716566, 35.698663 ], [ 139.716692, 35.698681 ], [ 139.716637, 35.698426 ], [ 139.716606, 35.698116 ], [ 139.716692, 35.698013 ], [ 139.716838, 35.69786 ], [ 139.716984, 35.697686 ] ] ] } },
{ "type": "Feature", "properties": { "key": "新宿区|戸山1丁目", "ward": "新宿区", "town": "戸山１丁目" }, "geometry": { "type": "Polygon", "coordinates": [ [ [ 139.717812, 35.706331 ], [ 139.717987, 35.706338 ], [ 139.718174, 35.706365 ], [ 139.718349, 35.706406 ], [ 139.718347, 35.706036 ], [ 139.718345, 35.705706 ], [ 139.718344, 35.705633 ], [ 139.718685, 35.705558 ], [ 139.719017, 35.70549 ], [ 139.718784, 35.704894 ], [ 139.718772, 35.704874 ], [ 139.718788, 35.704865 ], [ 139.718983, 35.704769 ], [ 139.719029, 35.704746 ], [ 139.719306, 35.704609 ], [ 139.719297, 35.704587 ], [ 139.71936, 35.70453 ], [ 139.719549, 35.70452 ], [ 139.719638, 35.704583 ], [ 139.719826, 35.704411 ], [ 139.719813, 35.704361 ], [ 139.719607, 35.704158 ], [ 139.719933, 35.70411 ], [ 139.720458, 35.704061 ], [ 139.720452, 35.703986 ], [ 139.720372, 35.703803 ], [ 139.720335, 35.703676 ], [ 139.720289, 35.70352 ], [ 139.720259, 35.703399 ], [ 139.720253, 35.703373 ], [ 139.720189, 35.703087 ], [ 139.720066, 35.702634 ], [ 139.720064, 35.702625 ], [ 139.720059, 35.7026 ], [ 139.720032, 35.702449 ], [ 139.719994, 35.702306 ], [ 139.720003, 35.702268 ], [ 139.719979, 35.702134 ], [ 139.719843, 35.701829 ], [ 139.71979, 35.701642 ], [ 139.719788, 35.701634 ], [ 139.719657, 35.701327 ], [ 139.719604, 35.701188 ], [ 139.719422, 35.700712 ], [ 139.719156, 35.7008 ], [ 139.718923, 35.700877 ], [ 139.718696, 35.700952 ], [ 139.718326, 35.701074 ], [ 139.718296, 35.701084 ], [ 139.718255, 35.701098 ], [ 139.718238, 35.701103 ], [ 139.717798, 35.701203 ], [ 139.717754, 35.701213 ], [ 139.717551, 35.701259 ], [ 139.717513, 35.701267 ], [ 139.71746, 35.701094 ], [ 139.717423, 35.700975 ], [ 139.717413, 35.700965 ], [ 139.717407, 35.700961 ], [ 139.717373, 35.700942 ], [ 139.717326, 35.700941 ], [ 139.717325, 35.700941 ], [ 139.717295, 35.700952 ], [ 139.717194, 35.700976 ], [ 139.716686, 35.701099 ], [ 139.716679, 35.701101 ], [ 139.716439, 35.701145 ], [ 139.716429, 35.701147 ], [ 139.716019, 35.701213 ], [ 139.716016, 35.701214 ], [ 139.7155, 35.701264 ], [ 139.714955, 35.701317 ], [ 139.714972, 35.701456 ], [ 139.715081, 35.701984 ], [ 139.715086, 35.702008 ], [ 139.715132, 35.70224 ], [ 139.715207, 35.702596 ], [ 139.715269, 35.702931 ], [ 139.715394, 35.70324 ], [ 139.715543, 35.703501 ], [ 139.715557, 35.703529 ], [ 139.715626, 35.703671 ], [ 139.715713, 35.703849 ], [ 139.715816, 35.704069 ], [ 139.715994, 35.704478 ], [ 139.716024, 35.704526 ], [ 139.716069, 35.704644 ], [ 139.716116, 35.705039 ], [ 139.716158, 35.705504 ], [ 139.716163, 35.705704 ], [ 139.716158, 35.706014 ], [ 139.716144, 35.706048 ], [ 139.716147, 35.706095 ], [ 139.716155, 35.706209 ], [ 139.716197, 35.706454 ], [ 139.716261, 35.70667 ], [ 139.716425, 35.706579 ], [ 139.716573, 35.706496 ], [ 139.716721, 35.706433 ], [ 139.716807, 35.706433 ], [ 139.717108, 35.706396 ], [ 139.717239, 35.70638 ], [ 139.717473, 35.706356 ], [ 139.717812, 35.706331 ] ] ] } },
{ "type": "Feature", "properties": { "key": "新宿区|戸山2丁目", "ward": "新宿区", "town": "戸山２丁目" }, "geometry": { "type": "Polygon", "coordinates": [ [ [ 139.71341, 35.704723 ], [ 139.713646, 35.70473 ], [ 139.713716, 35.704683 ], [ 139.713789, 35.704559 ], [ 139.713941, 35.704458 ], [ 139.714178, 35.704431 ], [ 139.714394, 35.704489 ], [ 139.714777, 35.70466 ], [ 139.714967, 35.704682 ], [ 139.715558, 35.704666 ], [ 139.716069, 35.704644 ], [ 139.716024, 35.704526 ], [ 139.715994, 35.704478 ], [ 139.715816, 35.704069 ], [ 139.715713, 35.703849 ], [ 139.715626, 35.703671 ], [ 139.715557, 35.703529 ], [ 139.715543, 35.703501 ], [ 139.715394, 35.70324 ], [ 139.715269, 35.702931 ], [ 139.715207, 35.702596 ], [ 139.715132, 35.70224 ], [ 139.715086, 35.702008 ], [ 139.715081, 35.701984 ], [ 139.714972, 35.701456 ], [ 139.714955, 35.701317 ], [ 139.714686, 35.701343 ], [ 139.714449, 35.701366 ], [ 139.714432, 35.701366 ], [ 139.714014, 35.701361 ], [ 139.714008, 35.701361 ], [ 139.713987, 35.70136 ], [ 139.713985, 35.70136 ], [ 139.713682, 35.701357 ], [ 139.713341, 35.701354 ], [ 139.713174, 35.701352 ], [ 139.713133, 35.701352 ], [ 139.712898, 35.70135 ], [ 139.712268, 35.701343 ], [ 139.712212, 35.701342 ], [ 139.712151, 35.701342 ], [ 139.712132, 35.701342 ], [ 139.711991, 35.701334 ], [ 139.711943, 35.701331 ], [ 139.711746, 35.701311 ], [ 139.711551, 35.701282 ], [ 139.71115, 35.701192 ], [ 139.710959, 35.701145 ], [ 139.710934, 35.701138 ], [ 139.710359, 35.700995 ], [ 139.710352, 35.700994 ], [ 139.710244, 35.700967 ], [ 139.710197, 35.700955 ], [ 139.710082, 35.700927 ], [ 139.709658, 35.700821 ], [ 139.709634, 35.700815 ], [ 139.709598, 35.700806 ], [ 139.709172, 35.700818 ], [ 139.708773, 35.700829 ], [ 139.708785, 35.700934 ], [ 139.708797, 35.701062 ], [ 139.708799, 35.701085 ], [ 139.708806, 35.701152 ], [ 139.708807, 35.701164 ], [ 139.708835, 35.701461 ], [ 139.708844, 35.701554 ], [ 139.708861, 35.701745 ], [ 139.708872, 35.701858 ], [ 139.708881, 35.701946 ], [ 139.708887, 35.702027 ], [ 139.708901, 35.702226 ], [ 139.708902, 35.702237 ], [ 139.708903, 35.702253 ], [ 139.708918, 35.702483 ], [ 139.708922, 35.702496 ], [ 139.708931, 35.70258 ], [ 139.708973, 35.702962 ], [ 139.708981, 35.703094 ], [ 139.709, 35.70323 ], [ 139.709016, 35.703406 ], [ 139.70902, 35.703441 ], [ 139.709037, 35.703594 ], [ 139.709048, 35.703694 ], [ 139.709067, 35.70387 ], [ 139.709071, 35.70392 ], [ 139.709076, 35.703977 ], [ 139.709088, 35.704133 ], [ 139.709095, 35.704233 ], [ 139.709764, 35.704199 ], [ 139.710324, 35.70417 ], [ 139.710377, 35.704175 ], [ 139.71039, 35.704251 ], [ 139.710417, 35.704398 ], [ 139.710462, 35.704567 ], [ 139.710503, 35.704718 ], [ 139.710644, 35.704716 ], [ 139.711119, 35.704677 ], [ 139.711317, 35.704656 ], [ 139.712097, 35.704439 ], [ 139.712272, 35.704406 ], [ 139.712318, 35.704397 ], [ 139.712452, 35.704372 ], [ 139.712727, 35.70452 ], [ 139.713173, 35.704736 ], [ 139.71341, 35.704723 ] ] ] } },
{ "type": "Feature", "properties": { "key": "新宿区|戸山3丁目", "ward": "新宿区", "town": "戸山３丁目" }, "geometry": { "type": "Polygon", "coordinates": [ [ [ 139.711692, 35.708047 ], [ 139.711772, 35.708064 ], [ 139.712269, 35.70797 ], [ 139.712439, 35.707938 ], [ 139.712628, 35.707901 ], [ 139.713361, 35.707753 ], [ 139.713592, 35.707711 ], [ 139.713991, 35.707631 ], [ 139.714088, 35.70761 ], [ 139.714823, 35.707449 ], [ 139.715003, 35.707411 ], [ 139.715266, 35.70731 ], [ 139.715311, 35.707284 ], [ 139.715372, 35.707249 ], [ 139.715373, 35.707249 ], [ 139.715419, 35.707222 ], [ 139.715671, 35.707063 ], [ 139.71584, 35.706926 ], [ 139.715939, 35.706853 ], [ 139.715941, 35.706851 ], [ 139.71614, 35.706728 ], [ 139.716261, 35.70667 ], [ 139.716197, 35.706454 ], [ 139.716155, 35.706209 ], [ 139.716147, 35.706095 ], [ 139.716144, 35.706048 ], [ 139.716158, 35.706014 ], [ 139.716163, 35.705704 ], [ 139.716158, 35.705504 ], [ 139.716116, 35.705039 ], [ 139.716069, 35.704644 ], [ 139.715558, 35.704666 ], [ 139.714967, 35.704682 ], [ 139.714777, 35.70466 ], [ 139.714394, 35.704489 ], [ 139.714178, 35.704431 ], [ 139.713941, 35.704458 ], [ 139.713789, 35.704559 ], [ 139.713716, 35.704683 ], [ 139.713646, 35.70473 ], [ 139.71341, 35.704723 ], [ 139.713173, 35.704736 ], [ 139.712727, 35.70452 ], [ 139.712452, 35.704372 ], [ 139.712318, 35.704397 ], [ 139.712272, 35.704406 ], [ 139.712097, 35.704439 ], [ 139.711317, 35.704656 ], [ 139.711119, 35.704677 ], [ 139.710644, 35.704716 ], [ 139.710503, 35.704718 ], [ 139.710462, 35.704567 ], [ 139.710417, 35.704398 ], [ 139.71039, 35.704251 ], [ 139.710377, 35.704175 ], [ 139.710324, 35.70417 ], [ 139.709764, 35.704199 ], [ 139.709095, 35.704233 ], [ 139.709098, 35.70427 ], [ 139.708807, 35.704493 ], [ 139.708632, 35.704505 ], [ 139.708522, 35.704512 ], [ 139.708541, 35.704664 ], [ 139.708555, 35.70478 ], [ 139.708563, 35.704846 ], [ 139.70862, 35.705354 ], [ 139.708671, 35.705696 ], [ 139.708765, 35.706335 ], [ 139.708802, 35.706599 ], [ 139.708803, 35.706611 ], [ 139.708829, 35.706823 ], [ 139.708848, 35.706978 ], [ 139.708854, 35.706975 ], [ 139.708857, 35.707007 ], [ 139.70886, 35.707028 ], [ 139.708886, 35.707247 ], [ 139.708956, 35.707821 ], [ 139.70899, 35.708071 ], [ 139.709183, 35.708057 ], [ 139.709602, 35.708366 ], [ 139.709609, 35.708366 ], [ 139.710263, 35.70833 ], [ 139.710397, 35.708323 ], [ 139.710665, 35.708282 ], [ 139.710652, 35.708267 ], [ 139.710653, 35.708254 ], [ 139.710678, 35.708251 ], [ 139.711501, 35.708091 ], [ 139.711692, 35.708047 ] ] ] } },
{ "type": "Feature", "properties": { "key": "新宿区|富久町", "ward": "新宿区", "town": "富久町" }, "geometry": { "type": "Polygon", "coordinates": [ [ [ 139.715343, 35.694874 ], [ 139.715443, 35.694916 ], [ 139.715477, 35.694931 ], [ 139.715757, 35.69505 ], [ 139.715819, 35.694947 ], [ 139.716008, 35.695022 ], [ 139.715992, 35.69497 ], [ 139.716102, 35.694812 ], [ 139.716295, 35.694506 ], [ 139.716456, 35.694304 ], [ 139.716579, 35.694121 ], [ 139.716613, 35.69407 ], [ 139.716799, 35.693793 ], [ 139.716919, 35.693604 ], [ 139.716999, 35.693585 ], [ 139.717162, 35.6935 ], [ 139.717256, 35.69345 ], [ 139.717297, 35.693429 ], [ 139.717612, 35.69328 ], [ 139.717981, 35.693112 ], [ 139.718366, 35.692928 ], [ 139.71875, 35.692741 ], [ 139.718976, 35.692623 ], [ 139.719121, 35.692558 ], [ 139.719266, 35.692469 ], [ 139.719385, 35.692355 ], [ 139.719473, 35.692202 ], [ 139.719377, 35.692144 ], [ 139.71912, 35.691984 ], [ 139.718945, 35.691894 ], [ 139.719031, 35.691668 ], [ 139.719126, 35.691683 ], [ 139.718714, 35.691158 ], [ 139.718696, 35.691157 ], [ 139.718654, 35.691155 ], [ 139.718289, 35.691134 ], [ 139.718251, 35.691129 ], [ 139.718002, 35.691098 ], [ 139.717958, 35.691066 ], [ 139.717808, 35.691033 ], [ 139.717613, 35.690991 ], [ 139.717591, 35.690987 ], [ 139.717587, 35.690986 ], [ 139.717455, 35.690964 ], [ 139.717359, 35.690941 ], [ 139.717083, 35.690876 ], [ 139.717055, 35.69087 ], [ 139.717016, 35.690881 ], [ 139.716652, 35.690994 ], [ 139.716514, 35.691026 ], [ 139.716308, 35.690872 ], [ 139.716032, 35.690667 ], [ 139.715645, 35.690865 ], [ 139.715115, 35.691016 ], [ 139.714736, 35.691045 ], [ 139.714594, 35.69106 ], [ 139.71429, 35.691155 ], [ 139.714225, 35.69117 ], [ 139.714028, 35.691166 ], [ 139.713768, 35.691137 ], [ 139.713516, 35.691105 ], [ 139.713235, 35.69113 ], [ 139.713069, 35.691144 ], [ 139.712873, 35.691165 ], [ 139.712864, 35.691166 ], [ 139.71257, 35.691202 ], [ 139.712447, 35.691212 ], [ 139.712452, 35.69123 ], [ 139.712452, 35.691231 ], [ 139.712496, 35.691445 ], [ 139.712555, 35.691737 ], [ 139.712559, 35.691759 ], [ 139.712571, 35.691828 ], [ 139.712627, 35.692161 ], [ 139.712664, 35.69231 ], [ 139.71268, 35.69237 ], [ 139.712787, 35.692797 ], [ 139.71279, 35.692809 ], [ 139.712791, 35.692819 ], [ 139.712796, 35.692843 ], [ 139.712944, 35.693404 ], [ 139.712988, 35.693577 ], [ 139.713048, 35.693991 ], [ 139.713052, 35.694018 ], [ 139.713031, 35.694021 ], [ 139.712641, 35.694089 ], [ 139.712357, 35.694138 ], [ 139.71232, 35.694145 ], [ 139.712321, 35.694153 ], [ 139.712371, 35.694474 ], [ 139.712426, 35.694707 ], [ 139.712499, 35.694985 ], [ 139.712606, 35.695289 ], [ 139.712611, 35.695303 ], [ 139.712652, 35.695417 ], [ 139.712697, 35.695541 ], [ 139.712701, 35.695552 ], [ 139.712796, 35.695815 ], [ 139.712802, 35.695832 ], [ 139.712827, 35.695909 ], [ 139.712883, 35.696084 ], [ 139.712886, 35.696091 ], [ 139.713, 35.696445 ], [ 139.713009, 35.696473 ], [ 139.713026, 35.696462 ], [ 139.713294, 35.696314 ], [ 139.713391, 35.696248 ], [ 139.713512, 35.696167 ], [ 139.713628, 35.696089 ], [ 139.713892, 35.69593 ], [ 139.714067, 35.695815 ], [ 139.714402, 35.695595 ], [ 139.714466, 35.695554 ], [ 139.714568, 35.695484 ], [ 139.714581, 35.695475 ], [ 139.714868, 35.695296 ], [ 139.714888, 35.695283 ], [ 139.715239, 35.69505 ], [ 139.715343, 35.694874 ] ] ] } },
{ "type": "Feature", "properties": { "key": "新宿区|百人町1丁目", "ward": "新宿区", "town": "百人町１丁目" }, "geometry": { "type": "Polygon", "coordinates": [ [ [ 139.696519, 35.70171 ], [ 139.696567, 35.701715 ], [ 139.696579, 35.701714 ], [ 139.696585, 35.701714 ], [ 139.696835, 35.701697 ], [ 139.697093, 35.70168 ], [ 139.697677, 35.701629 ], [ 139.697985, 35.70161 ], [ 139.698073, 35.701602 ], [ 139.698262, 35.701591 ], [ 139.698475, 35.701569 ], [ 139.698547, 35.701562 ], [ 139.698665, 35.701553 ], [ 139.698791, 35.701547 ], [ 139.699001, 35.701531 ], [ 139.699285, 35.70151 ], [ 139.699343, 35.701506 ], [ 139.699694, 35.701479 ], [ 139.699743, 35.701475 ], [ 139.699913, 35.701458 ], [ 139.700171, 35.701436 ], [ 139.701079, 35.701374 ], [ 139.701314, 35.701358 ], [ 139.701385, 35.701354 ], [ 139.701543, 35.701343 ], [ 139.701636, 35.70134 ], [ 139.701985, 35.701324 ], [ 139.702101, 35.701312 ], [ 139.702168, 35.701304 ], [ 139.702172, 35.701304 ], [ 139.702295, 35.701293 ], [ 139.7024, 35.70127 ], [ 139.702357, 35.700943 ], [ 139.702356, 35.700929 ], [ 139.702324, 35.700688 ], [ 139.702304, 35.700529 ], [ 139.702284, 35.700377 ], [ 139.702267, 35.700225 ], [ 139.702252, 35.700081 ], [ 139.702242, 35.699995 ], [ 139.70219, 35.699611 ], [ 139.702182, 35.69958 ], [ 139.702114, 35.698929 ], [ 139.702102, 35.698819 ], [ 139.702032, 35.698301 ], [ 139.701987, 35.698011 ], [ 139.701937, 35.697999 ], [ 139.701758, 35.697991 ], [ 139.701682, 35.697989 ], [ 139.701441, 35.697986 ], [ 139.701254, 35.697983 ], [ 139.701157, 35.697982 ], [ 139.700935, 35.69798 ], [ 139.70081, 35.697979 ], [ 139.700684, 35.697973 ], [ 139.700325, 35.697958 ], [ 139.699833, 35.697946 ], [ 139.699655, 35.697942 ], [ 139.699313, 35.697935 ], [ 139.699063, 35.697931 ], [ 139.698863, 35.697924 ], [ 139.697983, 35.697906 ], [ 139.697968, 35.697906 ], [ 139.697897, 35.697904 ], [ 139.697616, 35.697895 ], [ 139.697554, 35.697879 ], [ 139.69749, 35.697976 ], [ 139.697416, 35.69795 ], [ 139.697291, 35.698179 ], [ 139.696964, 35.69872 ], [ 139.696935, 35.698767 ], [ 139.696899, 35.698824 ], [ 139.696778, 35.69902 ], [ 139.696726, 35.699103 ], [ 139.696605, 35.699297 ], [ 139.696524, 35.699429 ], [ 139.696326, 35.69975 ], [ 139.69614, 35.70004 ], [ 139.696048, 35.700184 ], [ 139.695939, 35.700355 ], [ 139.69584, 35.700509 ], [ 139.695768, 35.70062 ], [ 139.69566, 35.700788 ], [ 139.695629, 35.700836 ], [ 139.695409, 35.701278 ], [ 139.695343, 35.701411 ], [ 139.695232, 35.701672 ], [ 139.695183, 35.701856 ], [ 139.696125, 35.701757 ], [ 139.696519, 35.70171 ] ] ] } },
{ "type": "Feature", "properties": { "key": "新宿区|百人町2丁目", "ward": "新宿区", "town": "百人町２丁目" }, "geometry": { "type": "Polygon", "coordinates": [ [ [ 139.701374, 35.704108 ], [ 139.701495, 35.704111 ], [ 139.701532, 35.704423 ], [ 139.701538, 35.704423 ], [ 139.702555, 35.70435 ], [ 139.702583, 35.704348 ], [ 139.702549, 35.704 ], [ 139.702535, 35.703854 ], [ 139.702415, 35.702631 ], [ 139.702407, 35.702544 ], [ 139.702406, 35.70253 ], [ 139.702403, 35.702501 ], [ 139.702402, 35.702491 ], [ 139.702375, 35.702193 ], [ 139.702365, 35.702083 ], [ 139.702344, 35.701842 ], [ 139.702328, 35.70167 ], [ 139.702295, 35.701293 ], [ 139.702172, 35.701304 ], [ 139.702168, 35.701304 ], [ 139.702101, 35.701312 ], [ 139.701985, 35.701324 ], [ 139.701636, 35.70134 ], [ 139.701543, 35.701343 ], [ 139.701385, 35.701354 ], [ 139.701314, 35.701358 ], [ 139.701079, 35.701374 ], [ 139.700171, 35.701436 ], [ 139.699913, 35.701458 ], [ 139.699743, 35.701475 ], [ 139.699694, 35.701479 ], [ 139.699343, 35.701506 ], [ 139.699285, 35.70151 ], [ 139.699001, 35.701531 ], [ 139.698791, 35.701547 ], [ 139.698665, 35.701553 ], [ 139.698547, 35.701562 ], [ 139.698475, 35.701569 ], [ 139.698262, 35.701591 ], [ 139.698073, 35.701602 ], [ 139.697985, 35.70161 ], [ 139.697677, 35.701629 ], [ 139.697093, 35.70168 ], [ 139.696835, 35.701697 ], [ 139.696585, 35.701714 ], [ 139.696579, 35.701714 ], [ 139.696567, 35.701715 ], [ 139.696519, 35.70171 ], [ 139.696125, 35.701757 ], [ 139.695183, 35.701856 ], [ 139.695101, 35.70211 ], [ 139.695067, 35.702248 ], [ 139.695044, 35.702342 ], [ 139.694975, 35.702752 ], [ 139.694967, 35.702796 ], [ 139.694941, 35.70294 ], [ 139.694924, 35.703039 ], [ 139.694923, 35.703043 ], [ 139.694906, 35.70314 ], [ 139.694882, 35.703277 ], [ 139.694873, 35.703323 ], [ 139.694867, 35.703358 ], [ 139.694828, 35.703622 ], [ 139.694792, 35.703865 ], [ 139.694729, 35.704122 ], [ 139.694684, 35.704305 ], [ 139.694635, 35.704607 ], [ 139.695007, 35.704579 ], [ 139.695137, 35.704569 ], [ 139.695327, 35.704554 ], [ 139.695431, 35.704544 ], [ 139.695801, 35.704521 ], [ 139.696241, 35.704493 ], [ 139.696245, 35.704492 ], [ 139.69633, 35.704487 ], [ 139.696479, 35.704478 ], [ 139.696702, 35.704464 ], [ 139.697108, 35.70443 ], [ 139.697791, 35.704374 ], [ 139.698051, 35.704361 ], [ 139.698133, 35.704354 ], [ 139.698359, 35.704335 ], [ 139.698866, 35.704286 ], [ 139.699083, 35.704279 ], [ 139.69936, 35.704256 ], [ 139.699659, 35.70424 ], [ 139.699676, 35.704238 ], [ 139.699777, 35.704231 ], [ 139.700019, 35.704214 ], [ 139.700027, 35.704212 ], [ 139.700553, 35.704174 ], [ 139.701163, 35.704125 ], [ 139.701374, 35.704108 ] ] ] } },
{ "type": "Feature", "properties": { "key": "新宿区|百人町3丁目", "ward": "新宿区", "town": "百人町３丁目" }, "geometry": { "type": "Polygon", "coordinates": [ [ [ 139.700043, 35.70689 ], [ 139.700352, 35.706965 ], [ 139.700493, 35.707021 ], [ 139.700664, 35.707101 ], [ 139.700956, 35.70727 ], [ 139.701177, 35.707215 ], [ 139.701365, 35.707179 ], [ 139.701563, 35.707123 ], [ 139.701524, 35.706989 ], [ 139.701426, 35.706743 ], [ 139.701333, 35.706462 ], [ 139.701317, 35.706416 ], [ 139.701247, 35.706217 ], [ 139.701223, 35.706149 ], [ 139.701183, 35.706034 ], [ 139.701123, 35.705876 ], [ 139.701107, 35.705836 ], [ 139.701076, 35.705756 ], [ 139.70106, 35.705688 ], [ 139.701045, 35.705627 ], [ 139.700999, 35.705482 ], [ 139.700953, 35.705328 ], [ 139.700886, 35.705134 ], [ 139.7008, 35.704893 ], [ 139.700736, 35.704709 ], [ 139.700669, 35.704517 ], [ 139.700553, 35.704174 ], [ 139.700027, 35.704212 ], [ 139.700019, 35.704214 ], [ 139.699777, 35.704231 ], [ 139.699676, 35.704238 ], [ 139.699659, 35.70424 ], [ 139.69936, 35.704256 ], [ 139.699083, 35.704279 ], [ 139.698866, 35.704286 ], [ 139.698359, 35.704335 ], [ 139.698133, 35.704354 ], [ 139.698051, 35.704361 ], [ 139.697791, 35.704374 ], [ 139.697108, 35.70443 ], [ 139.696702, 35.704464 ], [ 139.696479, 35.704478 ], [ 139.69633, 35.704487 ], [ 139.696245, 35.704492 ], [ 139.696241, 35.704493 ], [ 139.695801, 35.704521 ], [ 139.695431, 35.704544 ], [ 139.695327, 35.704554 ], [ 139.695137, 35.704569 ], [ 139.695007, 35.704579 ], [ 139.694635, 35.704607 ], [ 139.694557, 35.704931 ], [ 139.694535, 35.704947 ], [ 139.694504, 35.70507 ], [ 139.694436, 35.705331 ], [ 139.694427, 35.705366 ], [ 139.694399, 35.705553 ], [ 139.694376, 35.70568 ], [ 139.694364, 35.705738 ], [ 139.694362, 35.705747 ], [ 139.69433, 35.705782 ], [ 139.694307, 35.705926 ], [ 139.694271, 35.706106 ], [ 139.694271, 35.706108 ], [ 139.694276, 35.706287 ], [ 139.694281, 35.706327 ], [ 139.694275, 35.706504 ], [ 139.694281, 35.706663 ], [ 139.694284, 35.706787 ], [ 139.694289, 35.706993 ], [ 139.694292, 35.70716 ], [ 139.694292, 35.707181 ], [ 139.6943, 35.70758 ], [ 139.694301, 35.707768 ], [ 139.694921, 35.707836 ], [ 139.694909, 35.707961 ], [ 139.694912, 35.707961 ], [ 139.694956, 35.707964 ], [ 139.695458, 35.70793 ], [ 139.695511, 35.707927 ], [ 139.695976, 35.707899 ], [ 139.695984, 35.707898 ], [ 139.69639, 35.707864 ], [ 139.696533, 35.707849 ], [ 139.696573, 35.707846 ], [ 139.696799, 35.707826 ], [ 139.697059, 35.707808 ], [ 139.697067, 35.707808 ], [ 139.697074, 35.707807 ], [ 139.697085, 35.707806 ], [ 139.697659, 35.707767 ], [ 139.697663, 35.707767 ], [ 139.697664, 35.70775 ], [ 139.697642, 35.707556 ], [ 139.698442, 35.707498 ], [ 139.698903, 35.707462 ], [ 139.699309, 35.707438 ], [ 139.699515, 35.707426 ], [ 139.700097, 35.707386 ], [ 139.700043, 35.70689 ] ] ] } },
{ "type": "Feature", "properties": { "key": "新宿区|百人町4丁目", "ward": "新宿区", "town": "百人町４丁目" }, "geometry": { "type": "Polygon", "coordinates": [ [ [ 139.702134, 35.708783 ], [ 139.702013, 35.708451 ], [ 139.701988, 35.708382 ], [ 139.701903, 35.708126 ], [ 139.70186, 35.707996 ], [ 139.701839, 35.707946 ], [ 139.701833, 35.707932 ], [ 139.701563, 35.707123 ], [ 139.701365, 35.707179 ], [ 139.701177, 35.707215 ], [ 139.700956, 35.70727 ], [ 139.700664, 35.707101 ], [ 139.700493, 35.707021 ], [ 139.700352, 35.706965 ], [ 139.700043, 35.70689 ], [ 139.700097, 35.707386 ], [ 139.699515, 35.707426 ], [ 139.699309, 35.707438 ], [ 139.698903, 35.707462 ], [ 139.698442, 35.707498 ], [ 139.697642, 35.707556 ], [ 139.697664, 35.70775 ], [ 139.697663, 35.707767 ], [ 139.697659, 35.707767 ], [ 139.697085, 35.707806 ], [ 139.697074, 35.707807 ], [ 139.697067, 35.707808 ], [ 139.697059, 35.707808 ], [ 139.696799, 35.707826 ], [ 139.696573, 35.707846 ], [ 139.696533, 35.707849 ], [ 139.69639, 35.707864 ], [ 139.695984, 35.707898 ], [ 139.695976, 35.707899 ], [ 139.695511, 35.707927 ], [ 139.695458, 35.70793 ], [ 139.694956, 35.707964 ], [ 139.694912, 35.707961 ], [ 139.694909, 35.707961 ], [ 139.694921, 35.707836 ], [ 139.694301, 35.707768 ], [ 139.694291, 35.707848 ], [ 139.694279, 35.707938 ], [ 139.694224, 35.708148 ], [ 139.694156, 35.708406 ], [ 139.694131, 35.708515 ], [ 139.694059, 35.708837 ], [ 139.694047, 35.708894 ], [ 139.694041, 35.708919 ], [ 139.693999, 35.709114 ], [ 139.693938, 35.709349 ], [ 139.694102, 35.709473 ], [ 139.69411, 35.709465 ], [ 139.694536, 35.709344 ], [ 139.694989, 35.709221 ], [ 139.695333, 35.709117 ], [ 139.696012, 35.708927 ], [ 139.696051, 35.708917 ], [ 139.69626, 35.708863 ], [ 139.696553, 35.708779 ], [ 139.696587, 35.70877 ], [ 139.696973, 35.708669 ], [ 139.697097, 35.70865 ], [ 139.697146, 35.708646 ], [ 139.697157, 35.708645 ], [ 139.697165, 35.708644 ], [ 139.697367, 35.708626 ], [ 139.697704, 35.708603 ], [ 139.697901, 35.708625 ], [ 139.698049, 35.708631 ], [ 139.698132, 35.708634 ], [ 139.698392, 35.708647 ], [ 139.698437, 35.708649 ], [ 139.69873, 35.708721 ], [ 139.698957, 35.708777 ], [ 139.699093, 35.708814 ], [ 139.699244, 35.708903 ], [ 139.699332, 35.708937 ], [ 139.699596, 35.709033 ], [ 139.699812, 35.709089 ], [ 139.699908, 35.709129 ], [ 139.70002, 35.709115 ], [ 139.700384, 35.709232 ], [ 139.700444, 35.709251 ], [ 139.700557, 35.709298 ], [ 139.700593, 35.709298 ], [ 139.700778, 35.709355 ], [ 139.700789, 35.709357 ], [ 139.701051, 35.709417 ], [ 139.701168, 35.709459 ], [ 139.701275, 35.7095 ], [ 139.701402, 35.709528 ], [ 139.701473, 35.709544 ], [ 139.701694, 35.709553 ], [ 139.701707, 35.709552 ], [ 139.701809, 35.709538 ], [ 139.702114, 35.709499 ], [ 139.702352, 35.709456 ], [ 139.70231, 35.709346 ], [ 139.702134, 35.708783 ] ] ] } },
{ "type": "Feature", "properties": { "key": "新宿区|大久保1丁目", "ward": "新宿区", "town": "大久保１丁目" }, "geometry": { "type": "Polygon", "coordinates": [ [ [ 139.707354, 35.697961 ], [ 139.707333, 35.697856 ], [ 139.70701, 35.697912 ], [ 139.706844, 35.697922 ], [ 139.706641, 35.697948 ], [ 139.706463, 35.697972 ], [ 139.70643, 35.697977 ], [ 139.706173, 35.69801 ], [ 139.705924, 35.698032 ], [ 139.705784, 35.698057 ], [ 139.705763, 35.698061 ], [ 139.705613, 35.698082 ], [ 139.705577, 35.698082 ], [ 139.705308, 35.698119 ], [ 139.705179, 35.698137 ], [ 139.705075, 35.698152 ], [ 139.705048, 35.698153 ], [ 139.704611, 35.698212 ], [ 139.704359, 35.698208 ], [ 139.704158, 35.6982 ], [ 139.704046, 35.698195 ], [ 139.703806, 35.698172 ], [ 139.703501, 35.698144 ], [ 139.703293, 35.698122 ], [ 139.702611, 35.698056 ], [ 139.701987, 35.698011 ], [ 139.702032, 35.698301 ], [ 139.702102, 35.698819 ], [ 139.702114, 35.698929 ], [ 139.702182, 35.69958 ], [ 139.70219, 35.699611 ], [ 139.702242, 35.699995 ], [ 139.702252, 35.700081 ], [ 139.702267, 35.700225 ], [ 139.702284, 35.700377 ], [ 139.702304, 35.700529 ], [ 139.702324, 35.700688 ], [ 139.702356, 35.700929 ], [ 139.702357, 35.700943 ], [ 139.7024, 35.70127 ], [ 139.702831, 35.701244 ], [ 139.702951, 35.701234 ], [ 139.702982, 35.701231 ], [ 139.702992, 35.70123 ], [ 139.703179, 35.701214 ], [ 139.70337, 35.701203 ], [ 139.70352, 35.701194 ], [ 139.70361, 35.701188 ], [ 139.703749, 35.701176 ], [ 139.703891, 35.701164 ], [ 139.703906, 35.701163 ], [ 139.704006, 35.701156 ], [ 139.704119, 35.701149 ], [ 139.704361, 35.701133 ], [ 139.704389, 35.701132 ], [ 139.704396, 35.701131 ], [ 139.704662, 35.70112 ], [ 139.704695, 35.701119 ], [ 139.704821, 35.701112 ], [ 139.704849, 35.70111 ], [ 139.705032, 35.701099 ], [ 139.705051, 35.701098 ], [ 139.70514, 35.701093 ], [ 139.705153, 35.701092 ], [ 139.705347, 35.701078 ], [ 139.705635, 35.701057 ], [ 139.705662, 35.701055 ], [ 139.705689, 35.701054 ], [ 139.705895, 35.701034 ], [ 139.706049, 35.701019 ], [ 139.706064, 35.701017 ], [ 139.706257, 35.701007 ], [ 139.706362, 35.701001 ], [ 139.706431, 35.700998 ], [ 139.706999, 35.700955 ], [ 139.707198, 35.700939 ], [ 139.707281, 35.700932 ], [ 139.707315, 35.700929 ], [ 139.707316, 35.700929 ], [ 139.7076, 35.700903 ], [ 139.707913, 35.700874 ], [ 139.707935, 35.700843 ], [ 139.707778, 35.700085 ], [ 139.707744, 35.699861 ], [ 139.707708, 35.699628 ], [ 139.707651, 35.69937 ], [ 139.707529, 35.698807 ], [ 139.707491, 35.69863 ], [ 139.70745, 35.698432 ], [ 139.707354, 35.697961 ] ] ] } },
{ "type": "Feature", "properties": { "key": "新宿区|大久保2丁目", "ward": "新宿区", "town": "大久保２丁目" }, "geometry": { "type": "Polygon", "coordinates": [ [ [ 139.703242, 35.704724 ], [ 139.703295, 35.704726 ], [ 139.70349, 35.704713 ], [ 139.704141, 35.704668 ], [ 139.704248, 35.704657 ], [ 139.704744, 35.704614 ], [ 139.705081, 35.704585 ], [ 139.705381, 35.704565 ], [ 139.705409, 35.704571 ], [ 139.705665, 35.704555 ], [ 139.705918, 35.704534 ], [ 139.706093, 35.70452 ], [ 139.706161, 35.704514 ], [ 139.70629, 35.704506 ], [ 139.706458, 35.704495 ], [ 139.706971, 35.70445 ], [ 139.707107, 35.704451 ], [ 139.707565, 35.704413 ], [ 139.707702, 35.704403 ], [ 139.707869, 35.704391 ], [ 139.708099, 35.704375 ], [ 139.708194, 35.704369 ], [ 139.708505, 35.704352 ], [ 139.708522, 35.704512 ], [ 139.708632, 35.704505 ], [ 139.708807, 35.704493 ], [ 139.709098, 35.70427 ], [ 139.709095, 35.704233 ], [ 139.709088, 35.704133 ], [ 139.709076, 35.703977 ], [ 139.709071, 35.70392 ], [ 139.709067, 35.70387 ], [ 139.709048, 35.703694 ], [ 139.709037, 35.703594 ], [ 139.70902, 35.703441 ], [ 139.709016, 35.703406 ], [ 139.709, 35.70323 ], [ 139.708981, 35.703094 ], [ 139.708973, 35.702962 ], [ 139.708931, 35.70258 ], [ 139.708922, 35.702496 ], [ 139.708918, 35.702483 ], [ 139.708903, 35.702253 ], [ 139.708902, 35.702237 ], [ 139.708901, 35.702226 ], [ 139.708887, 35.702027 ], [ 139.708881, 35.701946 ], [ 139.708872, 35.701858 ], [ 139.708861, 35.701745 ], [ 139.708844, 35.701554 ], [ 139.708835, 35.701461 ], [ 139.708807, 35.701164 ], [ 139.708806, 35.701152 ], [ 139.708799, 35.701085 ], [ 139.708797, 35.701062 ], [ 139.708785, 35.700934 ], [ 139.708773, 35.700829 ], [ 139.708706, 35.700831 ], [ 139.708689, 35.700832 ], [ 139.708451, 35.700845 ], [ 139.708014, 35.700868 ], [ 139.707913, 35.700874 ], [ 139.7076, 35.700903 ], [ 139.707316, 35.700929 ], [ 139.707315, 35.700929 ], [ 139.707281, 35.700932 ], [ 139.707198, 35.700939 ], [ 139.706999, 35.700955 ], [ 139.706431, 35.700998 ], [ 139.706362, 35.701001 ], [ 139.706257, 35.701007 ], [ 139.706064, 35.701017 ], [ 139.706049, 35.701019 ], [ 139.705895, 35.701034 ], [ 139.705689, 35.701054 ], [ 139.705662, 35.701055 ], [ 139.705635, 35.701057 ], [ 139.705347, 35.701078 ], [ 139.705153, 35.701092 ], [ 139.70514, 35.701093 ], [ 139.705051, 35.701098 ], [ 139.705032, 35.701099 ], [ 139.704849, 35.70111 ], [ 139.704821, 35.701112 ], [ 139.704695, 35.701119 ], [ 139.704662, 35.70112 ], [ 139.704396, 35.701131 ], [ 139.704389, 35.701132 ], [ 139.704361, 35.701133 ], [ 139.704119, 35.701149 ], [ 139.704006, 35.701156 ], [ 139.703906, 35.701163 ], [ 139.703891, 35.701164 ], [ 139.703749, 35.701176 ], [ 139.70361, 35.701188 ], [ 139.70352, 35.701194 ], [ 139.70337, 35.701203 ], [ 139.703179, 35.701214 ], [ 139.702992, 35.70123 ], [ 139.702982, 35.701231 ], [ 139.702951, 35.701234 ], [ 139.702831, 35.701244 ], [ 139.7024, 35.70127 ], [ 139.702295, 35.701293 ], [ 139.702328, 35.70167 ], [ 139.702344, 35.701842 ], [ 139.702365, 35.702083 ], [ 139.702375, 35.702193 ], [ 139.702402, 35.702491 ], [ 139.702403, 35.702501 ], [ 139.702406, 35.70253 ], [ 139.702407, 35.702544 ], [ 139.702415, 35.702631 ], [ 139.702535, 35.703854 ], [ 139.702549, 35.704 ], [ 139.702583, 35.704348 ], [ 139.702555, 35.70435 ], [ 139.702597, 35.704792 ], [ 139.703242, 35.704724 ] ] ] } },
{ "type": "Feature", "properties": { "key": "新宿区|大久保3丁目", "ward": "新宿区", "town": "大久保３丁目" }, "geometry": { "type": "Polygon", "coordinates": [ [ [ 139.707423, 35.708529 ], [ 139.707523, 35.70853 ], [ 139.707779, 35.708538 ], [ 139.708187, 35.708561 ], [ 139.708202, 35.708553 ], [ 139.708399, 35.708535 ], [ 139.708447, 35.708548 ], [ 139.709024, 35.70851 ], [ 139.70905, 35.708509 ], [ 139.70899, 35.708071 ], [ 139.708956, 35.707821 ], [ 139.708886, 35.707247 ], [ 139.70886, 35.707028 ], [ 139.708857, 35.707007 ], [ 139.708854, 35.706975 ], [ 139.708848, 35.706978 ], [ 139.708829, 35.706823 ], [ 139.708803, 35.706611 ], [ 139.708802, 35.706599 ], [ 139.708765, 35.706335 ], [ 139.708671, 35.705696 ], [ 139.70862, 35.705354 ], [ 139.708563, 35.704846 ], [ 139.708555, 35.70478 ], [ 139.708541, 35.704664 ], [ 139.708522, 35.704512 ], [ 139.708505, 35.704352 ], [ 139.708194, 35.704369 ], [ 139.708099, 35.704375 ], [ 139.707869, 35.704391 ], [ 139.707702, 35.704403 ], [ 139.707565, 35.704413 ], [ 139.707107, 35.704451 ], [ 139.706971, 35.70445 ], [ 139.706458, 35.704495 ], [ 139.70629, 35.704506 ], [ 139.706161, 35.704514 ], [ 139.706093, 35.70452 ], [ 139.705918, 35.704534 ], [ 139.705665, 35.704555 ], [ 139.705409, 35.704571 ], [ 139.705381, 35.704565 ], [ 139.705081, 35.704585 ], [ 139.704744, 35.704614 ], [ 139.704248, 35.704657 ], [ 139.704141, 35.704668 ], [ 139.70349, 35.704713 ], [ 139.703295, 35.704726 ], [ 139.703242, 35.704724 ], [ 139.702597, 35.704792 ], [ 139.702555, 35.70435 ], [ 139.701538, 35.704423 ], [ 139.701532, 35.704423 ], [ 139.701495, 35.704111 ], [ 139.701374, 35.704108 ], [ 139.701163, 35.704125 ], [ 139.700553, 35.704174 ], [ 139.700669, 35.704517 ], [ 139.700736, 35.704709 ], [ 139.7008, 35.704893 ], [ 139.700886, 35.705134 ], [ 139.700953, 35.705328 ], [ 139.700999, 35.705482 ], [ 139.701045, 35.705627 ], [ 139.70106, 35.705688 ], [ 139.701076, 35.705756 ], [ 139.701107, 35.705836 ], [ 139.701123, 35.705876 ], [ 139.701183, 35.706034 ], [ 139.701223, 35.706149 ], [ 139.701247, 35.706217 ], [ 139.701317, 35.706416 ], [ 139.701333, 35.706462 ], [ 139.701426, 35.706743 ], [ 139.701524, 35.706989 ], [ 139.701563, 35.707123 ], [ 139.701833, 35.707932 ], [ 139.701839, 35.707946 ], [ 139.70186, 35.707996 ], [ 139.701903, 35.708126 ], [ 139.701988, 35.708382 ], [ 139.702013, 35.708451 ], [ 139.702134, 35.708783 ], [ 139.70231, 35.709346 ], [ 139.702352, 35.709456 ], [ 139.702397, 35.709574 ], [ 139.702499, 35.709552 ], [ 139.702766, 35.709494 ], [ 139.703104, 35.709421 ], [ 139.703362, 35.709359 ], [ 139.703432, 35.709342 ], [ 139.703583, 35.709307 ], [ 139.703802, 35.709257 ], [ 139.704139, 35.709179 ], [ 139.704372, 35.709125 ], [ 139.704753, 35.709039 ], [ 139.704938, 35.708997 ], [ 139.704945, 35.708996 ], [ 139.705081, 35.708979 ], [ 139.705451, 35.708933 ], [ 139.705687, 35.708915 ], [ 139.705868, 35.708896 ], [ 139.70624, 35.708803 ], [ 139.706249, 35.708801 ], [ 139.706303, 35.708786 ], [ 139.706536, 35.708725 ], [ 139.706791, 35.70866 ], [ 139.706836, 35.708648 ], [ 139.707214, 35.708559 ], [ 139.707423, 35.708529 ] ] ] } },
{ "type": "Feature", "properties": { "key": "新宿区|戸塚町1丁目", "ward": "新宿区", "town": "戸塚町１丁目" }, "geometry": { "type": "Polygon", "coordinates": [ [ [ 139.723382, 35.710231 ], [ 139.723269, 35.710247 ], [ 139.723287, 35.709987 ], [ 139.723292, 35.709779 ], [ 139.723262, 35.709632 ], [ 139.723233, 35.709542 ], [ 139.723225, 35.709517 ], [ 139.723134, 35.709258 ], [ 139.723004, 35.709048 ], [ 139.722918, 35.708952 ], [ 139.722853, 35.708966 ], [ 139.722725, 35.709017 ], [ 139.722604, 35.708916 ], [ 139.722475, 35.708752 ], [ 139.722421, 35.708664 ], [ 139.721832, 35.708778 ], [ 139.721784, 35.708557 ], [ 139.721725, 35.708573 ], [ 139.721679, 35.708492 ], [ 139.721179, 35.708671 ], [ 139.720983, 35.708569 ], [ 139.720908, 35.708513 ], [ 139.721238, 35.708272 ], [ 139.721335, 35.708242 ], [ 139.721538, 35.708181 ], [ 139.721445, 35.708103 ], [ 139.721364, 35.70803 ], [ 139.721366, 35.707987 ], [ 139.721396, 35.707747 ], [ 139.721291, 35.70764 ], [ 139.721143, 35.707433 ], [ 139.721129, 35.707414 ], [ 139.720991, 35.707254 ], [ 139.720871, 35.70711 ], [ 139.720677, 35.706877 ], [ 139.720499, 35.706664 ], [ 139.72028, 35.70641 ], [ 139.719243, 35.706955 ], [ 139.719413, 35.707115 ], [ 139.719557, 35.707319 ], [ 139.719707, 35.707611 ], [ 139.719779, 35.707672 ], [ 139.719996, 35.707846 ], [ 139.720131, 35.707958 ], [ 139.720168, 35.707979 ], [ 139.720182, 35.707986 ], [ 139.720327, 35.708089 ], [ 139.720414, 35.708174 ], [ 139.720587, 35.708373 ], [ 139.720714, 35.708555 ], [ 139.720963, 35.709046 ], [ 139.72101, 35.709132 ], [ 139.721029, 35.709409 ], [ 139.721052, 35.709511 ], [ 139.721329, 35.709917 ], [ 139.721302, 35.710027 ], [ 139.721276, 35.710206 ], [ 139.721401, 35.710507 ], [ 139.72147, 35.710648 ], [ 139.721473, 35.710945 ], [ 139.721492, 35.71109 ], [ 139.721576, 35.711065 ], [ 139.722343, 35.710841 ], [ 139.722751, 35.710727 ], [ 139.723013, 35.710654 ], [ 139.723182, 35.710623 ], [ 139.723349, 35.710592 ], [ 139.723404, 35.710574 ], [ 139.723403, 35.710542 ], [ 139.723405, 35.710538 ], [ 139.723477, 35.710419 ], [ 139.723418, 35.710318 ], [ 139.723382, 35.710231 ] ] ] } },
{ "type": "Feature", "properties": { "key": "新宿区|西早稲田1丁目", "ward": "新宿区", "town": "西早稲田１丁目" }, "geometry": { "type": "Polygon", "coordinates": [ [ [ 139.719865, 35.712654 ], [ 139.719864, 35.712562 ], [ 139.719724, 35.712531 ], [ 139.719696, 35.712461 ], [ 139.719846, 35.712424 ], [ 139.719896, 35.71241 ], [ 139.719922, 35.712315 ], [ 139.720008, 35.712315 ], [ 139.720161, 35.712312 ], [ 139.720249, 35.71231 ], [ 139.720242, 35.712427 ], [ 139.720245, 35.712427 ], [ 139.720255, 35.712429 ], [ 139.720272, 35.712431 ], [ 139.720281, 35.712432 ], [ 139.720308, 35.712437 ], [ 139.720336, 35.712441 ], [ 139.720352, 35.712444 ], [ 139.720357, 35.712444 ], [ 139.720329, 35.712566 ], [ 139.720328, 35.712571 ], [ 139.720338, 35.712578 ], [ 139.720386, 35.712615 ], [ 139.720399, 35.712615 ], [ 139.720518, 35.712874 ], [ 139.720704, 35.712821 ], [ 139.720712, 35.712836 ], [ 139.720811, 35.712835 ], [ 139.720802, 35.712731 ], [ 139.720673, 35.712744 ], [ 139.720662, 35.712711 ], [ 139.720602, 35.712724 ], [ 139.720599, 35.712717 ], [ 139.72059, 35.712719 ], [ 139.720542, 35.712592 ], [ 139.720534, 35.712585 ], [ 139.72076, 35.712621 ], [ 139.720786, 35.712625 ], [ 139.720794, 35.712595 ], [ 139.720801, 35.712569 ], [ 139.720815, 35.712521 ], [ 139.720827, 35.712484 ], [ 139.720914, 35.7125 ], [ 139.721015, 35.71242 ], [ 139.721049, 35.712422 ], [ 139.721482, 35.712487 ], [ 139.721639, 35.712496 ], [ 139.721733, 35.712486 ], [ 139.721925, 35.712456 ], [ 139.721979, 35.712473 ], [ 139.722253, 35.712373 ], [ 139.722331, 35.712334 ], [ 139.72235, 35.712324 ], [ 139.722322, 35.712039 ], [ 139.722315, 35.712019 ], [ 139.722279, 35.71192 ], [ 139.722234, 35.711849 ], [ 139.722137, 35.711696 ], [ 139.722041, 35.711568 ], [ 139.722591, 35.711409 ], [ 139.722598, 35.711354 ], [ 139.722539, 35.711272 ], [ 139.722746, 35.711214 ], [ 139.722748, 35.711217 ], [ 139.722788, 35.711296 ], [ 139.72295, 35.711246 ], [ 139.722978, 35.711237 ], [ 139.722941, 35.711153 ], [ 139.72293, 35.711128 ], [ 139.72332, 35.711018 ], [ 139.723282, 35.71091 ], [ 139.723221, 35.710741 ], [ 139.723279, 35.710721 ], [ 139.723414, 35.710676 ], [ 139.723404, 35.710574 ], [ 139.723349, 35.710592 ], [ 139.723182, 35.710623 ], [ 139.723013, 35.710654 ], [ 139.722751, 35.710727 ], [ 139.722343, 35.710841 ], [ 139.721576, 35.711065 ], [ 139.721492, 35.71109 ], [ 139.721473, 35.710945 ], [ 139.72147, 35.710648 ], [ 139.721401, 35.710507 ], [ 139.721276, 35.710206 ], [ 139.721302, 35.710027 ], [ 139.721329, 35.709917 ], [ 139.721052, 35.709511 ], [ 139.721029, 35.709409 ], [ 139.72101, 35.709132 ], [ 139.720963, 35.709046 ], [ 139.720714, 35.708555 ], [ 139.720587, 35.708373 ], [ 139.720414, 35.708174 ], [ 139.720327, 35.708089 ], [ 139.720182, 35.707986 ], [ 139.720168, 35.707979 ], [ 139.720131, 35.707958 ], [ 139.719996, 35.707846 ], [ 139.719779, 35.707672 ], [ 139.719707, 35.707611 ], [ 139.719557, 35.707319 ], [ 139.719413, 35.707115 ], [ 139.719243, 35.706955 ], [ 139.719207, 35.706927 ], [ 139.718774, 35.706667 ], [ 139.718582, 35.706571 ], [ 139.718559, 35.706623 ], [ 139.718577, 35.706752 ], [ 139.718149, 35.707146 ], [ 139.717979, 35.707314 ], [ 139.717826, 35.707469 ], [ 139.717734, 35.70757 ], [ 139.717596, 35.707723 ], [ 139.717488, 35.707878 ], [ 139.717469, 35.707904 ], [ 139.71733, 35.708098 ], [ 139.717266, 35.708198 ], [ 139.717145, 35.708385 ], [ 139.716831, 35.708796 ], [ 139.716793, 35.708857 ], [ 139.716791, 35.70886 ], [ 139.716766, 35.7089 ], [ 139.716692, 35.709015 ], [ 139.716505, 35.709216 ], [ 139.71632, 35.709318 ], [ 139.716416, 35.709473 ], [ 139.71648, 35.709512 ], [ 139.716609, 35.709519 ], [ 139.716579, 35.709583 ], [ 139.716774, 35.709826 ], [ 139.716848, 35.709907 ], [ 139.717051, 35.710069 ], [ 139.716849, 35.710157 ], [ 139.716739, 35.710337 ], [ 139.716752, 35.710561 ], [ 139.716757, 35.71058 ], [ 139.716775, 35.710647 ], [ 139.717018, 35.7115 ], [ 139.717033, 35.711552 ], [ 139.717035, 35.711665 ], [ 139.717037, 35.71176 ], [ 139.717095, 35.711953 ], [ 139.717186, 35.712254 ], [ 139.717195, 35.712284 ], [ 139.716879, 35.712349 ], [ 139.717041, 35.712931 ], [ 139.717, 35.712939 ], [ 139.717032, 35.712996 ], [ 139.717505, 35.712903 ], [ 139.717586, 35.712888 ], [ 139.717734, 35.712861 ], [ 139.717977, 35.71281 ], [ 139.717991, 35.712793 ], [ 139.717999, 35.712772 ], [ 139.718024, 35.712661 ], [ 139.718048, 35.71258 ], [ 139.718066, 35.712573 ], [ 139.718325, 35.712524 ], [ 139.718361, 35.712596 ], [ 139.718398, 35.712602 ], [ 139.718487, 35.712616 ], [ 139.718682, 35.712637 ], [ 139.718759, 35.712641 ], [ 139.718814, 35.712632 ], [ 139.718856, 35.712613 ], [ 139.718885, 35.712588 ], [ 139.718914, 35.712544 ], [ 139.718935, 35.712527 ], [ 139.718962, 35.712506 ], [ 139.719007, 35.712488 ], [ 139.719027, 35.712484 ], [ 139.719094, 35.712472 ], [ 139.719133, 35.71247 ], [ 139.719175, 35.712473 ], [ 139.719209, 35.712483 ], [ 139.71925, 35.712502 ], [ 139.719284, 35.712518 ], [ 139.719297, 35.712544 ], [ 139.719349, 35.712644 ], [ 139.719317, 35.712661 ], [ 139.719302, 35.712668 ], [ 139.719356, 35.71279 ], [ 139.719434, 35.712776 ], [ 139.719565, 35.712981 ], [ 139.719591, 35.713013 ], [ 139.71977, 35.712942 ], [ 139.71991, 35.712887 ], [ 139.719908, 35.712868 ], [ 139.719894, 35.712783 ], [ 139.719865, 35.712654 ] ] ] } },
{ "type": "Feature", "properties": { "key": "新宿区|西早稲田2丁目", "ward": "新宿区", "town": "西早稲田２丁目" }, "geometry": { "type": "Polygon", "coordinates": [ [ [ 139.710772, 35.711234 ], [ 139.710889, 35.711198 ], [ 139.711042, 35.71115 ], [ 139.711237, 35.711071 ], [ 139.711366, 35.711019 ], [ 139.711582, 35.710897 ], [ 139.711634, 35.710868 ], [ 139.711683, 35.710842 ], [ 139.711906, 35.710719 ], [ 139.712024, 35.710655 ], [ 139.712379, 35.710461 ], [ 139.712546, 35.710377 ], [ 139.712912, 35.710163 ], [ 139.713092, 35.710065 ], [ 139.713106, 35.710046 ], [ 139.713328, 35.709913 ], [ 139.713342, 35.709907 ], [ 139.713514, 35.709831 ], [ 139.71364, 35.709805 ], [ 139.713893, 35.709761 ], [ 139.713917, 35.709756 ], [ 139.714389, 35.709687 ], [ 139.714521, 35.709667 ], [ 139.714727, 35.709628 ], [ 139.714739, 35.709626 ], [ 139.714904, 35.709595 ], [ 139.715034, 35.70957 ], [ 139.715037, 35.70957 ], [ 139.7151, 35.709558 ], [ 139.715281, 35.709524 ], [ 139.715422, 35.709519 ], [ 139.715583, 35.709482 ], [ 139.715734, 35.709448 ], [ 139.715889, 35.709433 ], [ 139.715975, 35.709407 ], [ 139.716151, 35.709361 ], [ 139.71632, 35.709318 ], [ 139.716505, 35.709216 ], [ 139.716692, 35.709015 ], [ 139.716766, 35.7089 ], [ 139.716791, 35.70886 ], [ 139.716793, 35.708857 ], [ 139.716831, 35.708796 ], [ 139.717145, 35.708385 ], [ 139.717266, 35.708198 ], [ 139.71733, 35.708098 ], [ 139.717469, 35.707904 ], [ 139.717488, 35.707878 ], [ 139.717596, 35.707723 ], [ 139.717734, 35.70757 ], [ 139.717826, 35.707469 ], [ 139.717979, 35.707314 ], [ 139.718149, 35.707146 ], [ 139.718577, 35.706752 ], [ 139.718559, 35.706623 ], [ 139.718582, 35.706571 ], [ 139.718624, 35.706474 ], [ 139.718349, 35.706406 ], [ 139.718174, 35.706365 ], [ 139.717987, 35.706338 ], [ 139.717812, 35.706331 ], [ 139.717473, 35.706356 ], [ 139.717239, 35.70638 ], [ 139.717108, 35.706396 ], [ 139.716807, 35.706433 ], [ 139.716721, 35.706433 ], [ 139.716573, 35.706496 ], [ 139.716425, 35.706579 ], [ 139.716261, 35.70667 ], [ 139.71614, 35.706728 ], [ 139.715941, 35.706851 ], [ 139.715939, 35.706853 ], [ 139.71584, 35.706926 ], [ 139.715671, 35.707063 ], [ 139.715419, 35.707222 ], [ 139.715373, 35.707249 ], [ 139.715372, 35.707249 ], [ 139.715311, 35.707284 ], [ 139.715266, 35.70731 ], [ 139.715003, 35.707411 ], [ 139.714823, 35.707449 ], [ 139.714088, 35.70761 ], [ 139.713991, 35.707631 ], [ 139.713592, 35.707711 ], [ 139.713361, 35.707753 ], [ 139.712628, 35.707901 ], [ 139.712439, 35.707938 ], [ 139.712269, 35.70797 ], [ 139.711772, 35.708064 ], [ 139.711692, 35.708047 ], [ 139.711501, 35.708091 ], [ 139.710678, 35.708251 ], [ 139.710653, 35.708254 ], [ 139.710652, 35.708267 ], [ 139.710665, 35.708282 ], [ 139.710397, 35.708323 ], [ 139.710263, 35.70833 ], [ 139.709609, 35.708366 ], [ 139.709602, 35.708366 ], [ 139.709183, 35.708057 ], [ 139.70899, 35.708071 ], [ 139.70905, 35.708509 ], [ 139.709024, 35.70851 ], [ 139.709123, 35.708835 ], [ 139.709129, 35.708856 ], [ 139.709221, 35.709163 ], [ 139.709292, 35.7094 ], [ 139.709307, 35.70945 ], [ 139.709525, 35.710184 ], [ 139.70953, 35.710191 ], [ 139.709718, 35.710821 ], [ 139.709798, 35.711089 ], [ 139.709807, 35.711119 ], [ 139.70982, 35.71117 ], [ 139.709839, 35.711223 ], [ 139.709869, 35.711305 ], [ 139.710043, 35.711278 ], [ 139.710208, 35.711363 ], [ 139.710542, 35.711292 ], [ 139.710772, 35.711234 ] ] ] } },
{ "type": "Feature", "properties": { "key": "新宿区|西早稲田3丁目", "ward": "新宿区", "town": "西早稲田３丁目" }, "geometry": { "type": "Polygon", "coordinates": [ [ [ 139.714859, 35.713059 ], [ 139.71493, 35.7132 ], [ 139.715049, 35.713177 ], [ 139.715442, 35.713125 ], [ 139.715505, 35.713125 ], [ 139.715693, 35.713518 ], [ 139.715697, 35.713527 ], [ 139.7157, 35.713541 ], [ 139.715726, 35.713629 ], [ 139.715765, 35.71363 ], [ 139.715991, 35.713588 ], [ 139.716064, 35.713563 ], [ 139.716175, 35.713525 ], [ 139.716206, 35.713511 ], [ 139.716402, 35.71342 ], [ 139.716513, 35.713329 ], [ 139.716653, 35.713175 ], [ 139.716688, 35.713071 ], [ 139.716697, 35.713045 ], [ 139.716858, 35.712976 ], [ 139.71693, 35.712953 ], [ 139.717, 35.712939 ], [ 139.717041, 35.712931 ], [ 139.716879, 35.712349 ], [ 139.717195, 35.712284 ], [ 139.717186, 35.712254 ], [ 139.717095, 35.711953 ], [ 139.717037, 35.71176 ], [ 139.717035, 35.711665 ], [ 139.717033, 35.711552 ], [ 139.717018, 35.7115 ], [ 139.716775, 35.710647 ], [ 139.716757, 35.71058 ], [ 139.716752, 35.710561 ], [ 139.716739, 35.710337 ], [ 139.716849, 35.710157 ], [ 139.717051, 35.710069 ], [ 139.716848, 35.709907 ], [ 139.716774, 35.709826 ], [ 139.716579, 35.709583 ], [ 139.716609, 35.709519 ], [ 139.71648, 35.709512 ], [ 139.716416, 35.709473 ], [ 139.71632, 35.709318 ], [ 139.716151, 35.709361 ], [ 139.715975, 35.709407 ], [ 139.715889, 35.709433 ], [ 139.715734, 35.709448 ], [ 139.715583, 35.709482 ], [ 139.715422, 35.709519 ], [ 139.715281, 35.709524 ], [ 139.7151, 35.709558 ], [ 139.715037, 35.70957 ], [ 139.715034, 35.70957 ], [ 139.714904, 35.709595 ], [ 139.714739, 35.709626 ], [ 139.714727, 35.709628 ], [ 139.714521, 35.709667 ], [ 139.714389, 35.709687 ], [ 139.713917, 35.709756 ], [ 139.713893, 35.709761 ], [ 139.71364, 35.709805 ], [ 139.713514, 35.709831 ], [ 139.713342, 35.709907 ], [ 139.713328, 35.709913 ], [ 139.713106, 35.710046 ], [ 139.713092, 35.710065 ], [ 139.712912, 35.710163 ], [ 139.712546, 35.710377 ], [ 139.712379, 35.710461 ], [ 139.712024, 35.710655 ], [ 139.711906, 35.710719 ], [ 139.711683, 35.710842 ], [ 139.711634, 35.710868 ], [ 139.711582, 35.710897 ], [ 139.711366, 35.711019 ], [ 139.711237, 35.711071 ], [ 139.711042, 35.71115 ], [ 139.710889, 35.711198 ], [ 139.710772, 35.711234 ], [ 139.710542, 35.711292 ], [ 139.710208, 35.711363 ], [ 139.710043, 35.711278 ], [ 139.709869, 35.711305 ], [ 139.709781, 35.711457 ], [ 139.709787, 35.71147 ], [ 139.709843, 35.711602 ], [ 139.709994, 35.711695 ], [ 139.710029, 35.711829 ], [ 139.710058, 35.711942 ], [ 139.710064, 35.711961 ], [ 139.710128, 35.712176 ], [ 139.710232, 35.712527 ], [ 139.710277, 35.712679 ], [ 139.710304, 35.712771 ], [ 139.710316, 35.71281 ], [ 139.710325, 35.712839 ], [ 139.710487, 35.713078 ], [ 139.710509, 35.713109 ], [ 139.710529, 35.713139 ], [ 139.710829, 35.713633 ], [ 139.710866, 35.713695 ], [ 139.710872, 35.713704 ], [ 139.711034, 35.713971 ], [ 139.711098, 35.714092 ], [ 139.711223, 35.714328 ], [ 139.711397, 35.714656 ], [ 139.711539, 35.714909 ], [ 139.711548, 35.714909 ], [ 139.711738, 35.714875 ], [ 139.712007, 35.714805 ], [ 139.712366, 35.714596 ], [ 139.712419, 35.714556 ], [ 139.712647, 35.714383 ], [ 139.712735, 35.714315 ], [ 139.712798, 35.714267 ], [ 139.712858, 35.714232 ], [ 139.712927, 35.714193 ], [ 139.713206, 35.714026 ], [ 139.713267, 35.713939 ], [ 139.713506, 35.713668 ], [ 139.713694, 35.71351 ], [ 139.713914, 35.713401 ], [ 139.714245, 35.713284 ], [ 139.714256, 35.713282 ], [ 139.714859, 35.713059 ] ] ] } },
{ "type": "Feature", "properties": { "key": "新宿区|高田馬場1丁目", "ward": "新宿区", "town": "高田馬場１丁目" }, "geometry": { "type": "Polygon", "coordinates": [ [ [ 139.709024, 35.70851 ], [ 139.708447, 35.708548 ], [ 139.708399, 35.708535 ], [ 139.708202, 35.708553 ], [ 139.708187, 35.708561 ], [ 139.707779, 35.708538 ], [ 139.707523, 35.70853 ], [ 139.707423, 35.708529 ], [ 139.707214, 35.708559 ], [ 139.706836, 35.708648 ], [ 139.706791, 35.70866 ], [ 139.706536, 35.708725 ], [ 139.706303, 35.708786 ], [ 139.706249, 35.708801 ], [ 139.70624, 35.708803 ], [ 139.705868, 35.708896 ], [ 139.705687, 35.708915 ], [ 139.705451, 35.708933 ], [ 139.705081, 35.708979 ], [ 139.704945, 35.708996 ], [ 139.704938, 35.708997 ], [ 139.704753, 35.709039 ], [ 139.704372, 35.709125 ], [ 139.704139, 35.709179 ], [ 139.703802, 35.709257 ], [ 139.703583, 35.709307 ], [ 139.703432, 35.709342 ], [ 139.703362, 35.709359 ], [ 139.703104, 35.709421 ], [ 139.702766, 35.709494 ], [ 139.702499, 35.709552 ], [ 139.702597, 35.709934 ], [ 139.70269, 35.710212 ], [ 139.702866, 35.710691 ], [ 139.702881, 35.710732 ], [ 139.703125, 35.711442 ], [ 139.703261, 35.711871 ], [ 139.703472, 35.712518 ], [ 139.703625, 35.713042 ], [ 139.703651, 35.713115 ], [ 139.703797, 35.713525 ], [ 139.703871, 35.71371 ], [ 139.704214, 35.713638 ], [ 139.70434, 35.713586 ], [ 139.704546, 35.713491 ], [ 139.704632, 35.713451 ], [ 139.704641, 35.713447 ], [ 139.705045, 35.713252 ], [ 139.705709, 35.71293 ], [ 139.705715, 35.712927 ], [ 139.706891, 35.712297 ], [ 139.707248, 35.712107 ], [ 139.707276, 35.712092 ], [ 139.707661, 35.711882 ], [ 139.707688, 35.711867 ], [ 139.707893, 35.711828 ], [ 139.707908, 35.711825 ], [ 139.708078, 35.711794 ], [ 139.70809, 35.711791 ], [ 139.709, 35.71162 ], [ 139.709039, 35.711612 ], [ 139.709042, 35.711612 ], [ 139.70949, 35.711527 ], [ 139.709494, 35.711526 ], [ 139.709781, 35.711471 ], [ 139.709787, 35.71147 ], [ 139.709781, 35.711457 ], [ 139.709869, 35.711305 ], [ 139.709839, 35.711223 ], [ 139.70982, 35.71117 ], [ 139.709807, 35.711119 ], [ 139.709798, 35.711089 ], [ 139.709718, 35.710821 ], [ 139.70953, 35.710191 ], [ 139.709525, 35.710184 ], [ 139.709307, 35.70945 ], [ 139.709292, 35.7094 ], [ 139.709221, 35.709163 ], [ 139.709129, 35.708856 ], [ 139.709123, 35.708835 ], [ 139.709024, 35.70851 ] ] ] } },
{ "type": "Feature", "properties": { "key": "新宿区|高田馬場2丁目", "ward": "新宿区", "town": "高田馬場２丁目" }, "geometry": { "type": "Polygon", "coordinates": [ [ [ 139.710529, 35.713139 ], [ 139.710509, 35.713109 ], [ 139.710487, 35.713078 ], [ 139.710325, 35.712839 ], [ 139.710316, 35.71281 ], [ 139.710304, 35.712771 ], [ 139.710277, 35.712679 ], [ 139.710232, 35.712527 ], [ 139.710128, 35.712176 ], [ 139.710064, 35.711961 ], [ 139.710058, 35.711942 ], [ 139.710029, 35.711829 ], [ 139.709994, 35.711695 ], [ 139.709843, 35.711602 ], [ 139.709787, 35.71147 ], [ 139.709781, 35.711471 ], [ 139.709494, 35.711526 ], [ 139.70949, 35.711527 ], [ 139.709042, 35.711612 ], [ 139.709039, 35.711612 ], [ 139.709, 35.71162 ], [ 139.70809, 35.711791 ], [ 139.708078, 35.711794 ], [ 139.707908, 35.711825 ], [ 139.707893, 35.711828 ], [ 139.707688, 35.711867 ], [ 139.707661, 35.711882 ], [ 139.707276, 35.712092 ], [ 139.707248, 35.712107 ], [ 139.706891, 35.712297 ], [ 139.705715, 35.712927 ], [ 139.705709, 35.71293 ], [ 139.705045, 35.713252 ], [ 139.704641, 35.713447 ], [ 139.704632, 35.713451 ], [ 139.704546, 35.713491 ], [ 139.70434, 35.713586 ], [ 139.704214, 35.713638 ], [ 139.703871, 35.71371 ], [ 139.703963, 35.713876 ], [ 139.703993, 35.713931 ], [ 139.703961, 35.714061 ], [ 139.70401, 35.714201 ], [ 139.704181, 35.714745 ], [ 139.704474, 35.714669 ], [ 139.704967, 35.714702 ], [ 139.705032, 35.714706 ], [ 139.705073, 35.714709 ], [ 139.705136, 35.714692 ], [ 139.705264, 35.714662 ], [ 139.705306, 35.714627 ], [ 139.705319, 35.714615 ], [ 139.705357, 35.714579 ], [ 139.705394, 35.71453 ], [ 139.705465, 35.714511 ], [ 139.705568, 35.714471 ], [ 139.705556, 35.714338 ], [ 139.705554, 35.714311 ], [ 139.705684, 35.714298 ], [ 139.705664, 35.714131 ], [ 139.705777, 35.714116 ], [ 139.705767, 35.714029 ], [ 139.70527, 35.71408 ], [ 139.705241, 35.71391 ], [ 139.705895, 35.713827 ], [ 139.705782, 35.713627 ], [ 139.706019, 35.713544 ], [ 139.706029, 35.713541 ], [ 139.70636, 35.713525 ], [ 139.706862, 35.713623 ], [ 139.707007, 35.713624 ], [ 139.707013, 35.713698 ], [ 139.70736, 35.713692 ], [ 139.707394, 35.713726 ], [ 139.707503, 35.713725 ], [ 139.707505, 35.713756 ], [ 139.7076, 35.713832 ], [ 139.708461, 35.713852 ], [ 139.708598, 35.713851 ], [ 139.708765, 35.713849 ], [ 139.708896, 35.713835 ], [ 139.70901, 35.713823 ], [ 139.709057, 35.713818 ], [ 139.709066, 35.713816 ], [ 139.709372, 35.713749 ], [ 139.709545, 35.713703 ], [ 139.709803, 35.713707 ], [ 139.709804, 35.713645 ], [ 139.709883, 35.713644 ], [ 139.71002, 35.713604 ], [ 139.71002, 35.713558 ], [ 139.710102, 35.713548 ], [ 139.710125, 35.713545 ], [ 139.71016, 35.713639 ], [ 139.710204, 35.71363 ], [ 139.710188, 35.713571 ], [ 139.710281, 35.713537 ], [ 139.71029, 35.713549 ], [ 139.710559, 35.713933 ], [ 139.71066, 35.714087 ], [ 139.71098, 35.714408 ], [ 139.711073, 35.714492 ], [ 139.71136, 35.714757 ], [ 139.711484, 35.714924 ], [ 139.711539, 35.714909 ], [ 139.711397, 35.714656 ], [ 139.711223, 35.714328 ], [ 139.711098, 35.714092 ], [ 139.711034, 35.713971 ], [ 139.710872, 35.713704 ], [ 139.710866, 35.713695 ], [ 139.710829, 35.713633 ], [ 139.710529, 35.713139 ] ] ] } },
{ "type": "Feature", "properties": { "key": "新宿区|高田馬場3丁目", "ward": "新宿区", "town": "高田馬場３丁目" }, "geometry": { "type": "Polygon", "coordinates": [ [ [ 139.700701, 35.715001 ], [ 139.7007, 35.715008 ], [ 139.701469, 35.714996 ], [ 139.701499, 35.714995 ], [ 139.701769, 35.714992 ], [ 139.701812, 35.714982 ], [ 139.702398, 35.714946 ], [ 139.703053, 35.714885 ], [ 139.703374, 35.714846 ], [ 139.703583, 35.714844 ], [ 139.704082, 35.714761 ], [ 139.704181, 35.714745 ], [ 139.70401, 35.714201 ], [ 139.703961, 35.714061 ], [ 139.703993, 35.713931 ], [ 139.703963, 35.713876 ], [ 139.703871, 35.71371 ], [ 139.703844, 35.713723 ], [ 139.703603, 35.713722 ], [ 139.703408, 35.713713 ], [ 139.703194, 35.713688 ], [ 139.70302, 35.713673 ], [ 139.702897, 35.713666 ], [ 139.702632, 35.713634 ], [ 139.702247, 35.713506 ], [ 139.701815, 35.713357 ], [ 139.701725, 35.713336 ], [ 139.701617, 35.713286 ], [ 139.701583, 35.713271 ], [ 139.701324, 35.713131 ], [ 139.701276, 35.713096 ], [ 139.700914, 35.712876 ], [ 139.700708, 35.712769 ], [ 139.70041, 35.712581 ], [ 139.700324, 35.712539 ], [ 139.700258, 35.712506 ], [ 139.700174, 35.712465 ], [ 139.700046, 35.712416 ], [ 139.700017, 35.712406 ], [ 139.699858, 35.712347 ], [ 139.699626, 35.712271 ], [ 139.699624, 35.71227 ], [ 139.699512, 35.712234 ], [ 139.699411, 35.712197 ], [ 139.699301, 35.712161 ], [ 139.698909, 35.712054 ], [ 139.698872, 35.712043 ], [ 139.698749, 35.711999 ], [ 139.698732, 35.712019 ], [ 139.698548, 35.711967 ], [ 139.698535, 35.711942 ], [ 139.698378, 35.711909 ], [ 139.698256, 35.711868 ], [ 139.698212, 35.711853 ], [ 139.698175, 35.711845 ], [ 139.697847, 35.711776 ], [ 139.697711, 35.711756 ], [ 139.697511, 35.711727 ], [ 139.697482, 35.711723 ], [ 139.697457, 35.711719 ], [ 139.697369, 35.711703 ], [ 139.697197, 35.711652 ], [ 139.697132, 35.711632 ], [ 139.697113, 35.711626 ], [ 139.697007, 35.711585 ], [ 139.696958, 35.711565 ], [ 139.696901, 35.711542 ], [ 139.696667, 35.711432 ], [ 139.696544, 35.711376 ], [ 139.696528, 35.711366 ], [ 139.696351, 35.711257 ], [ 139.696101, 35.711076 ], [ 139.696022, 35.711007 ], [ 139.696002, 35.710989 ], [ 139.695911, 35.710906 ], [ 139.69585, 35.710852 ], [ 139.695778, 35.710786 ], [ 139.695608, 35.710662 ], [ 139.695478, 35.710568 ], [ 139.695422, 35.710517 ], [ 139.695292, 35.710399 ], [ 139.695215, 35.710333 ], [ 139.69512, 35.710252 ], [ 139.69501, 35.710124 ], [ 139.694702, 35.709967 ], [ 139.694527, 35.709873 ], [ 139.694364, 35.709796 ], [ 139.694201, 35.709712 ], [ 139.694217, 35.709595 ], [ 139.694102, 35.709473 ], [ 139.693938, 35.709349 ], [ 139.693926, 35.709394 ], [ 139.693711, 35.709443 ], [ 139.693669, 35.709497 ], [ 139.693587, 35.709603 ], [ 139.693581, 35.7097 ], [ 139.693585, 35.709797 ], [ 139.693538, 35.709831 ], [ 139.693404, 35.709949 ], [ 139.693431, 35.709954 ], [ 139.693441, 35.709956 ], [ 139.693599, 35.710132 ], [ 139.693748, 35.710281 ], [ 139.693971, 35.710534 ], [ 139.694092, 35.710711 ], [ 139.694162, 35.71077 ], [ 139.694284, 35.711013 ], [ 139.694319, 35.711138 ], [ 139.694377, 35.71128 ], [ 139.694373, 35.71136 ], [ 139.694411, 35.711528 ], [ 139.694454, 35.711814 ], [ 139.694547, 35.712388 ], [ 139.694548, 35.712417 ], [ 139.694732, 35.71347 ], [ 139.69474, 35.713623 ], [ 139.69475, 35.71366 ], [ 139.694774, 35.713743 ], [ 139.694809, 35.713943 ], [ 139.694905, 35.714268 ], [ 139.694998, 35.714431 ], [ 139.695131, 35.714628 ], [ 139.695148, 35.714644 ], [ 139.695174, 35.714677 ], [ 139.695228, 35.714743 ], [ 139.695311, 35.714805 ], [ 139.695496, 35.714945 ], [ 139.695663, 35.715048 ], [ 139.695948, 35.715191 ], [ 139.696219, 35.715287 ], [ 139.696561, 35.715367 ], [ 139.696582, 35.71537 ], [ 139.696875, 35.715414 ], [ 139.696902, 35.715414 ], [ 139.697293, 35.71542 ], [ 139.697489, 35.715397 ], [ 139.697617, 35.715372 ], [ 139.697672, 35.715361 ], [ 139.697832, 35.715347 ], [ 139.69789, 35.715329 ], [ 139.697981, 35.7153 ], [ 139.698234, 35.715234 ], [ 139.698475, 35.715181 ], [ 139.698783, 35.715112 ], [ 139.699009, 35.715076 ], [ 139.699285, 35.715031 ], [ 139.699543, 35.715017 ], [ 139.700036, 35.715014 ], [ 139.700701, 35.715001 ] ] ] } },
{ "type": "Feature", "properties": { "key": "新宿区|高田馬場4丁目", "ward": "新宿区", "town": "高田馬場４丁目" }, "geometry": { "type": "Polygon", "coordinates": [ [ [ 139.703261, 35.711871 ], [ 139.703125, 35.711442 ], [ 139.702881, 35.710732 ], [ 139.702866, 35.710691 ], [ 139.70269, 35.710212 ], [ 139.702597, 35.709934 ], [ 139.702499, 35.709552 ], [ 139.702397, 35.709574 ], [ 139.702352, 35.709456 ], [ 139.702114, 35.709499 ], [ 139.701809, 35.709538 ], [ 139.701707, 35.709552 ], [ 139.701694, 35.709553 ], [ 139.701473, 35.709544 ], [ 139.701402, 35.709528 ], [ 139.701275, 35.7095 ], [ 139.701168, 35.709459 ], [ 139.701051, 35.709417 ], [ 139.700789, 35.709357 ], [ 139.700778, 35.709355 ], [ 139.700593, 35.709298 ], [ 139.700557, 35.709298 ], [ 139.700444, 35.709251 ], [ 139.700384, 35.709232 ], [ 139.70002, 35.709115 ], [ 139.699908, 35.709129 ], [ 139.699812, 35.709089 ], [ 139.699596, 35.709033 ], [ 139.699332, 35.708937 ], [ 139.699244, 35.708903 ], [ 139.699093, 35.708814 ], [ 139.698957, 35.708777 ], [ 139.69873, 35.708721 ], [ 139.698437, 35.708649 ], [ 139.698392, 35.708647 ], [ 139.698132, 35.708634 ], [ 139.698049, 35.708631 ], [ 139.697901, 35.708625 ], [ 139.697704, 35.708603 ], [ 139.697367, 35.708626 ], [ 139.697165, 35.708644 ], [ 139.697157, 35.708645 ], [ 139.697146, 35.708646 ], [ 139.697097, 35.70865 ], [ 139.696973, 35.708669 ], [ 139.696587, 35.70877 ], [ 139.696553, 35.708779 ], [ 139.69626, 35.708863 ], [ 139.696051, 35.708917 ], [ 139.696012, 35.708927 ], [ 139.695333, 35.709117 ], [ 139.694989, 35.709221 ], [ 139.694536, 35.709344 ], [ 139.69411, 35.709465 ], [ 139.694102, 35.709473 ], [ 139.694217, 35.709595 ], [ 139.694201, 35.709712 ], [ 139.694364, 35.709796 ], [ 139.694527, 35.709873 ], [ 139.694702, 35.709967 ], [ 139.69501, 35.710124 ], [ 139.69512, 35.710252 ], [ 139.695215, 35.710333 ], [ 139.695292, 35.710399 ], [ 139.695422, 35.710517 ], [ 139.695478, 35.710568 ], [ 139.695608, 35.710662 ], [ 139.695778, 35.710786 ], [ 139.69585, 35.710852 ], [ 139.695911, 35.710906 ], [ 139.696002, 35.710989 ], [ 139.696022, 35.711007 ], [ 139.696101, 35.711076 ], [ 139.696351, 35.711257 ], [ 139.696528, 35.711366 ], [ 139.696544, 35.711376 ], [ 139.696667, 35.711432 ], [ 139.696901, 35.711542 ], [ 139.696958, 35.711565 ], [ 139.697007, 35.711585 ], [ 139.697113, 35.711626 ], [ 139.697132, 35.711632 ], [ 139.697197, 35.711652 ], [ 139.697369, 35.711703 ], [ 139.697457, 35.711719 ], [ 139.697482, 35.711723 ], [ 139.697511, 35.711727 ], [ 139.697711, 35.711756 ], [ 139.697847, 35.711776 ], [ 139.698175, 35.711845 ], [ 139.698212, 35.711853 ], [ 139.698256, 35.711868 ], [ 139.698378, 35.711909 ], [ 139.698535, 35.711942 ], [ 139.698548, 35.711967 ], [ 139.698732, 35.712019 ], [ 139.698749, 35.711999 ], [ 139.698872, 35.712043 ], [ 139.698909, 35.712054 ], [ 139.699301, 35.712161 ], [ 139.699411, 35.712197 ], [ 139.699512, 35.712234 ], [ 139.699624, 35.71227 ], [ 139.699626, 35.712271 ], [ 139.699858, 35.712347 ], [ 139.700017, 35.712406 ], [ 139.700046, 35.712416 ], [ 139.700174, 35.712465 ], [ 139.700258, 35.712506 ], [ 139.700324, 35.712539 ], [ 139.70041, 35.712581 ], [ 139.700708, 35.712769 ], [ 139.700914, 35.712876 ], [ 139.701276, 35.713096 ], [ 139.701324, 35.713131 ], [ 139.701583, 35.713271 ], [ 139.701617, 35.713286 ], [ 139.701725, 35.713336 ], [ 139.701815, 35.713357 ], [ 139.702247, 35.713506 ], [ 139.702632, 35.713634 ], [ 139.702897, 35.713666 ], [ 139.70302, 35.713673 ], [ 139.703194, 35.713688 ], [ 139.703408, 35.713713 ], [ 139.703603, 35.713722 ], [ 139.703844, 35.713723 ], [ 139.703871, 35.71371 ], [ 139.703797, 35.713525 ], [ 139.703651, 35.713115 ], [ 139.703625, 35.713042 ], [ 139.703472, 35.712518 ], [ 139.703261, 35.711871 ] ] ] } },
{ "type": "Feature", "properties": { "key": "新宿区|下落合1丁目", "ward": "新宿区", "town": "下落合１丁目" }, "geometry": { "type": "Polygon", "coordinates": [ [ [ 139.698042, 35.716507 ], [ 139.698287, 35.716529 ], [ 139.698534, 35.716513 ], [ 139.698716, 35.716501 ], [ 139.698756, 35.716511 ], [ 139.699558, 35.716466 ], [ 139.700389, 35.716398 ], [ 139.700473, 35.716395 ], [ 139.700847, 35.716378 ], [ 139.701055, 35.716356 ], [ 139.701264, 35.716341 ], [ 139.701408, 35.716331 ], [ 139.701699, 35.716324 ], [ 139.702072, 35.716291 ], [ 139.702153, 35.716282 ], [ 139.702378, 35.71626 ], [ 139.702685, 35.716257 ], [ 139.702885, 35.716255 ], [ 139.703098, 35.716268 ], [ 139.703261, 35.716267 ], [ 139.703748, 35.716264 ], [ 139.70385, 35.716251 ], [ 139.703971, 35.716235 ], [ 139.704256, 35.716198 ], [ 139.704328, 35.716181 ], [ 139.704392, 35.716165 ], [ 139.704461, 35.715927 ], [ 139.704499, 35.715726 ], [ 139.704531, 35.715346 ], [ 139.704567, 35.715169 ], [ 139.704578, 35.71514 ], [ 139.704627, 35.715017 ], [ 139.704679, 35.71494 ], [ 139.704753, 35.714874 ], [ 139.704892, 35.714783 ], [ 139.705032, 35.714706 ], [ 139.704967, 35.714702 ], [ 139.704474, 35.714669 ], [ 139.704181, 35.714745 ], [ 139.704082, 35.714761 ], [ 139.703583, 35.714844 ], [ 139.703374, 35.714846 ], [ 139.703053, 35.714885 ], [ 139.702398, 35.714946 ], [ 139.701812, 35.714982 ], [ 139.701769, 35.714992 ], [ 139.701499, 35.714995 ], [ 139.701469, 35.714996 ], [ 139.7007, 35.715008 ], [ 139.700701, 35.715001 ], [ 139.700036, 35.715014 ], [ 139.699543, 35.715017 ], [ 139.699285, 35.715031 ], [ 139.699009, 35.715076 ], [ 139.698783, 35.715112 ], [ 139.698475, 35.715181 ], [ 139.698234, 35.715234 ], [ 139.697981, 35.7153 ], [ 139.69789, 35.715329 ], [ 139.697832, 35.715347 ], [ 139.697672, 35.715361 ], [ 139.697617, 35.715372 ], [ 139.697489, 35.715397 ], [ 139.697293, 35.71542 ], [ 139.696902, 35.715414 ], [ 139.696875, 35.715414 ], [ 139.696582, 35.71537 ], [ 139.696561, 35.715367 ], [ 139.696219, 35.715287 ], [ 139.695948, 35.715191 ], [ 139.695663, 35.715048 ], [ 139.695525, 35.715187 ], [ 139.695503, 35.715208 ], [ 139.695358, 35.715346 ], [ 139.695328, 35.715377 ], [ 139.695216, 35.715494 ], [ 139.695159, 35.715572 ], [ 139.69509, 35.715666 ], [ 139.695007, 35.715681 ], [ 139.694453, 35.715702 ], [ 139.694485, 35.715792 ], [ 139.6945, 35.715836 ], [ 139.694501, 35.715839 ], [ 139.694531, 35.71599 ], [ 139.69456, 35.716235 ], [ 139.694573, 35.716305 ], [ 139.694619, 35.71673 ], [ 139.69499, 35.716699 ], [ 139.695234, 35.716675 ], [ 139.695711, 35.716627 ], [ 139.695718, 35.716626 ], [ 139.69583, 35.716619 ], [ 139.69623, 35.716585 ], [ 139.696325, 35.716577 ], [ 139.696755, 35.716556 ], [ 139.696996, 35.716544 ], [ 139.697376, 35.716522 ], [ 139.697399, 35.716521 ], [ 139.697456, 35.716517 ], [ 139.697471, 35.716517 ], [ 139.697873, 35.716508 ], [ 139.698042, 35.716507 ] ] ] } },
{ "type": "Feature", "properties": { "key": "新宿区|下落合2丁目", "ward": "新宿区", "town": "下落合２丁目" }, "geometry": { "type": "Polygon", "coordinates": [ [ [ 139.70508, 35.719385 ], [ 139.70515, 35.719209 ], [ 139.705208, 35.719126 ], [ 139.705243, 35.719086 ], [ 139.705268, 35.719057 ], [ 139.705284, 35.719042 ], [ 139.70534, 35.718988 ], [ 139.705365, 35.71896 ], [ 139.705366, 35.71896 ], [ 139.705566, 35.718798 ], [ 139.705579, 35.718787 ], [ 139.705582, 35.718784 ], [ 139.705809, 35.718616 ], [ 139.705691, 35.718305 ], [ 139.705678, 35.71827 ], [ 139.705626, 35.718134 ], [ 139.705495, 35.717743 ], [ 139.7055, 35.717742 ], [ 139.705495, 35.717728 ], [ 139.705675, 35.717675 ], [ 139.705645, 35.717619 ], [ 139.705646, 35.717609 ], [ 139.705646, 35.717606 ], [ 139.70565, 35.717554 ], [ 139.705651, 35.71755 ], [ 139.705664, 35.717518 ], [ 139.705644, 35.717475 ], [ 139.705594, 35.717431 ], [ 139.705567, 35.717379 ], [ 139.705554, 35.717329 ], [ 139.70556, 35.717234 ], [ 139.70562, 35.716987 ], [ 139.705628, 35.716954 ], [ 139.70563, 35.716655 ], [ 139.705508, 35.71666 ], [ 139.705511, 35.716727 ], [ 139.705326, 35.716769 ], [ 139.705269, 35.716598 ], [ 139.705498, 35.716542 ], [ 139.705473, 35.716325 ], [ 139.705294, 35.716328 ], [ 139.705273, 35.716331 ], [ 139.705258, 35.71633 ], [ 139.705145, 35.716327 ], [ 139.705033, 35.716308 ], [ 139.705027, 35.716307 ], [ 139.704982, 35.716317 ], [ 139.70487, 35.716313 ], [ 139.704842, 35.716309 ], [ 139.704684, 35.716287 ], [ 139.70466, 35.716281 ], [ 139.704572, 35.71626 ], [ 139.704473, 35.716218 ], [ 139.70446, 35.716211 ], [ 139.704431, 35.716191 ], [ 139.704392, 35.716165 ], [ 139.704328, 35.716181 ], [ 139.704256, 35.716198 ], [ 139.703971, 35.716235 ], [ 139.70385, 35.716251 ], [ 139.703748, 35.716264 ], [ 139.703261, 35.716267 ], [ 139.703098, 35.716268 ], [ 139.702885, 35.716255 ], [ 139.702685, 35.716257 ], [ 139.702378, 35.71626 ], [ 139.702153, 35.716282 ], [ 139.702072, 35.716291 ], [ 139.701699, 35.716324 ], [ 139.701408, 35.716331 ], [ 139.701264, 35.716341 ], [ 139.701055, 35.716356 ], [ 139.700847, 35.716378 ], [ 139.700473, 35.716395 ], [ 139.700389, 35.716398 ], [ 139.699558, 35.716466 ], [ 139.698756, 35.716511 ], [ 139.698825, 35.717023 ], [ 139.698826, 35.717026 ], [ 139.698828, 35.717047 ], [ 139.698705, 35.717079 ], [ 139.698746, 35.717249 ], [ 139.698749, 35.717259 ], [ 139.698774, 35.717362 ], [ 139.698851, 35.717573 ], [ 139.699004, 35.717788 ], [ 139.699013, 35.717801 ], [ 139.699124, 35.717921 ], [ 139.699196, 35.718051 ], [ 139.699194, 35.718205 ], [ 139.699156, 35.71837 ], [ 139.699171, 35.718426 ], [ 139.699131, 35.718507 ], [ 139.699118, 35.718532 ], [ 139.699084, 35.718631 ], [ 139.699082, 35.718639 ], [ 139.699117, 35.718748 ], [ 139.699123, 35.718756 ], [ 139.69918, 35.718866 ], [ 139.699275, 35.719041 ], [ 139.699295, 35.719206 ], [ 139.699296, 35.719366 ], [ 139.699297, 35.719487 ], [ 139.699312, 35.719606 ], [ 139.699332, 35.719771 ], [ 139.699334, 35.71978 ], [ 139.70036, 35.719736 ], [ 139.700396, 35.719734 ], [ 139.700475, 35.719732 ], [ 139.700702, 35.719723 ], [ 139.700838, 35.719718 ], [ 139.701372, 35.719696 ], [ 139.701609, 35.719686 ], [ 139.701717, 35.719744 ], [ 139.701814, 35.719791 ], [ 139.701867, 35.71982 ], [ 139.702149, 35.719977 ], [ 139.70239, 35.720065 ], [ 139.702455, 35.720089 ], [ 139.702475, 35.720092 ], [ 139.702885, 35.720146 ], [ 139.70293, 35.720147 ], [ 139.702965, 35.720149 ], [ 139.703221, 35.720159 ], [ 139.703495, 35.720181 ], [ 139.703815, 35.720207 ], [ 139.704097, 35.720216 ], [ 139.704124, 35.720218 ], [ 139.704309, 35.720208 ], [ 139.704451, 35.720184 ], [ 139.704528, 35.720152 ], [ 139.704902, 35.719804 ], [ 139.70508, 35.719385 ] ] ] } },
{ "type": "Feature", "properties": { "key": "新宿区|下落合3丁目", "ward": "新宿区", "town": "下落合３丁目" }, "geometry": { "type": "Polygon", "coordinates": [ [ [ 139.700515, 35.72345 ], [ 139.700586, 35.723455 ], [ 139.700598, 35.723455 ], [ 139.700894, 35.723461 ], [ 139.701319, 35.723442 ], [ 139.701433, 35.72343 ], [ 139.701804, 35.723392 ], [ 139.701896, 35.723381 ], [ 139.702133, 35.72337 ], [ 139.702439, 35.72334 ], [ 139.702816, 35.723288 ], [ 139.702866, 35.723278 ], [ 139.702883, 35.723276 ], [ 139.703252, 35.723198 ], [ 139.703459, 35.723163 ], [ 139.703809, 35.723078 ], [ 139.703814, 35.723077 ], [ 139.703999, 35.723041 ], [ 139.704269, 35.722956 ], [ 139.704689, 35.722803 ], [ 139.70459, 35.722644 ], [ 139.704566, 35.722633 ], [ 139.704481, 35.722562 ], [ 139.704332, 35.722299 ], [ 139.704282, 35.722225 ], [ 139.704444, 35.72221 ], [ 139.704516, 35.722152 ], [ 139.704851, 35.721967 ], [ 139.705051, 35.721832 ], [ 139.705071, 35.721821 ], [ 139.705207, 35.721744 ], [ 139.70526, 35.721707 ], [ 139.705477, 35.721622 ], [ 139.705799, 35.721491 ], [ 139.705642, 35.72129 ], [ 139.705592, 35.721222 ], [ 139.705316, 35.720966 ], [ 139.7053, 35.720951 ], [ 139.705175, 35.720834 ], [ 139.705121, 35.720847 ], [ 139.705073, 35.720797 ], [ 139.705051, 35.720774 ], [ 139.704923, 35.72083 ], [ 139.704887, 35.720833 ], [ 139.704863, 35.720836 ], [ 139.704722, 35.720852 ], [ 139.704719, 35.720842 ], [ 139.704705, 35.720752 ], [ 139.704695, 35.720691 ], [ 139.704803, 35.720675 ], [ 139.704865, 35.720574 ], [ 139.704855, 35.720558 ], [ 139.704745, 35.720385 ], [ 139.704622, 35.720245 ], [ 139.704611, 35.720234 ], [ 139.704541, 35.720164 ], [ 139.704528, 35.720152 ], [ 139.704451, 35.720184 ], [ 139.704309, 35.720208 ], [ 139.704124, 35.720218 ], [ 139.704097, 35.720216 ], [ 139.703815, 35.720207 ], [ 139.703495, 35.720181 ], [ 139.703221, 35.720159 ], [ 139.702965, 35.720149 ], [ 139.70293, 35.720147 ], [ 139.702885, 35.720146 ], [ 139.702475, 35.720092 ], [ 139.702455, 35.720089 ], [ 139.70239, 35.720065 ], [ 139.702149, 35.719977 ], [ 139.701867, 35.71982 ], [ 139.701814, 35.719791 ], [ 139.701717, 35.719744 ], [ 139.701609, 35.719686 ], [ 139.701372, 35.719696 ], [ 139.700838, 35.719718 ], [ 139.700702, 35.719723 ], [ 139.700475, 35.719732 ], [ 139.700396, 35.719734 ], [ 139.70036, 35.719736 ], [ 139.699334, 35.71978 ], [ 139.699332, 35.719771 ], [ 139.699312, 35.719606 ], [ 139.699297, 35.719487 ], [ 139.699296, 35.719366 ], [ 139.699295, 35.719206 ], [ 139.699275, 35.719041 ], [ 139.69918, 35.718866 ], [ 139.69916, 35.718879 ], [ 139.699077, 35.718949 ], [ 139.698881, 35.719088 ], [ 139.698708, 35.719206 ], [ 139.698664, 35.719235 ], [ 139.698514, 35.719322 ], [ 139.698299, 35.719537 ], [ 139.698289, 35.719544 ], [ 139.698332, 35.719669 ], [ 139.69841, 35.720052 ], [ 139.69845, 35.720254 ], [ 139.698354, 35.720758 ], [ 139.69835, 35.720776 ], [ 139.698268, 35.721207 ], [ 139.698266, 35.721216 ], [ 139.698182, 35.721636 ], [ 139.698179, 35.721649 ], [ 139.698139, 35.721843 ], [ 139.698135, 35.721955 ], [ 139.698454, 35.721995 ], [ 139.698471, 35.721997 ], [ 139.698547, 35.722007 ], [ 139.69859, 35.722014 ], [ 139.698577, 35.722057 ], [ 139.698503, 35.722306 ], [ 139.698958, 35.722609 ], [ 139.698905, 35.722687 ], [ 139.698966, 35.722716 ], [ 139.69897, 35.72271 ], [ 139.699016, 35.722645 ], [ 139.699032, 35.722622 ], [ 139.699132, 35.722686 ], [ 139.699138, 35.72269 ], [ 139.699127, 35.72271 ], [ 139.699193, 35.722746 ], [ 139.699305, 35.722773 ], [ 139.699371, 35.72279 ], [ 139.699499, 35.722824 ], [ 139.699724, 35.723195 ], [ 139.699912, 35.723506 ], [ 139.700029, 35.723472 ], [ 139.700148, 35.723457 ], [ 139.700515, 35.72345 ] ] ] } },
{ "type": "Feature", "properties": { "key": "新宿区|下落合4丁目", "ward": "新宿区", "town": "下落合４丁目" }, "geometry": { "type": "Polygon", "coordinates": [ [ [ 139.694866, 35.722013 ], [ 139.694896, 35.72207 ], [ 139.695012, 35.722288 ], [ 139.695055, 35.722283 ], [ 139.695239, 35.722264 ], [ 139.69524, 35.722201 ], [ 139.69524, 35.722184 ], [ 139.695288, 35.722177 ], [ 139.695295, 35.722203 ], [ 139.695301, 35.722202 ], [ 139.695416, 35.722191 ], [ 139.695415, 35.722187 ], [ 139.695416, 35.722154 ], [ 139.695413, 35.722138 ], [ 139.695412, 35.722135 ], [ 139.695444, 35.722132 ], [ 139.695521, 35.722127 ], [ 139.695528, 35.722126 ], [ 139.695528, 35.722117 ], [ 139.695528, 35.722108 ], [ 139.695716, 35.722099 ], [ 139.695724, 35.722077 ], [ 139.695731, 35.722076 ], [ 139.695816, 35.722075 ], [ 139.695836, 35.722076 ], [ 139.69584, 35.722148 ], [ 139.695841, 35.722156 ], [ 139.695926, 35.722153 ], [ 139.69605, 35.722154 ], [ 139.69605, 35.722236 ], [ 139.696442, 35.722243 ], [ 139.696447, 35.722115 ], [ 139.696449, 35.722105 ], [ 139.696449, 35.722099 ], [ 139.696588, 35.722103 ], [ 139.696598, 35.722104 ], [ 139.6966, 35.722162 ], [ 139.696674, 35.722164 ], [ 139.696921, 35.72217 ], [ 139.696927, 35.72217 ], [ 139.69694, 35.722171 ], [ 139.69694, 35.722149 ], [ 139.69694, 35.722136 ], [ 139.697058, 35.722136 ], [ 139.697059, 35.722152 ], [ 139.697126, 35.722151 ], [ 139.697127, 35.722136 ], [ 139.69728, 35.722136 ], [ 139.697299, 35.722136 ], [ 139.697304, 35.722105 ], [ 139.697306, 35.722066 ], [ 139.697834, 35.722137 ], [ 139.697955, 35.722159 ], [ 139.697969, 35.722162 ], [ 139.697981, 35.722135 ], [ 139.697995, 35.722106 ], [ 139.698204, 35.72217 ], [ 139.698285, 35.722216 ], [ 139.698489, 35.7223 ], [ 139.698503, 35.722306 ], [ 139.698577, 35.722057 ], [ 139.69859, 35.722014 ], [ 139.698547, 35.722007 ], [ 139.698471, 35.721997 ], [ 139.698454, 35.721995 ], [ 139.698135, 35.721955 ], [ 139.698139, 35.721843 ], [ 139.698179, 35.721649 ], [ 139.698182, 35.721636 ], [ 139.698266, 35.721216 ], [ 139.698268, 35.721207 ], [ 139.69835, 35.720776 ], [ 139.698354, 35.720758 ], [ 139.69845, 35.720254 ], [ 139.69841, 35.720052 ], [ 139.698332, 35.719669 ], [ 139.698289, 35.719544 ], [ 139.698299, 35.719537 ], [ 139.698514, 35.719322 ], [ 139.698664, 35.719235 ], [ 139.698708, 35.719206 ], [ 139.698881, 35.719088 ], [ 139.699077, 35.718949 ], [ 139.69916, 35.718879 ], [ 139.69918, 35.718866 ], [ 139.699123, 35.718756 ], [ 139.699117, 35.718748 ], [ 139.699082, 35.718639 ], [ 139.699084, 35.718631 ], [ 139.699118, 35.718532 ], [ 139.699131, 35.718507 ], [ 139.699171, 35.718426 ], [ 139.699156, 35.71837 ], [ 139.699194, 35.718205 ], [ 139.699196, 35.718051 ], [ 139.699124, 35.717921 ], [ 139.699013, 35.717801 ], [ 139.699004, 35.717788 ], [ 139.698851, 35.717573 ], [ 139.698774, 35.717362 ], [ 139.698749, 35.717259 ], [ 139.698746, 35.717249 ], [ 139.698705, 35.717079 ], [ 139.698828, 35.717047 ], [ 139.698826, 35.717026 ], [ 139.698825, 35.717023 ], [ 139.698756, 35.716511 ], [ 139.698716, 35.716501 ], [ 139.698534, 35.716513 ], [ 139.698287, 35.716529 ], [ 139.698042, 35.716507 ], [ 139.697873, 35.716508 ], [ 139.697471, 35.716517 ], [ 139.697456, 35.716517 ], [ 139.697399, 35.716521 ], [ 139.697376, 35.716522 ], [ 139.696996, 35.716544 ], [ 139.696755, 35.716556 ], [ 139.696325, 35.716577 ], [ 139.69623, 35.716585 ], [ 139.69583, 35.716619 ], [ 139.695718, 35.716626 ], [ 139.695711, 35.716627 ], [ 139.695234, 35.716675 ], [ 139.69499, 35.716699 ], [ 139.694619, 35.71673 ], [ 139.694624, 35.716885 ], [ 139.694626, 35.716936 ], [ 139.694631, 35.717039 ], [ 139.694642, 35.717275 ], [ 139.694645, 35.717312 ], [ 139.694686, 35.717784 ], [ 139.694695, 35.717878 ], [ 139.69476, 35.718531 ], [ 139.694763, 35.718562 ], [ 139.694762, 35.718589 ], [ 139.694755, 35.718908 ], [ 139.694738, 35.71916 ], [ 139.694729, 35.719281 ], [ 139.694715, 35.719365 ], [ 139.69471, 35.719397 ], [ 139.694654, 35.719728 ], [ 139.694649, 35.719755 ], [ 139.694534, 35.720434 ], [ 139.694484, 35.720733 ], [ 139.694452, 35.720919 ], [ 139.694395, 35.72126 ], [ 139.694394, 35.721267 ], [ 139.694356, 35.721488 ], [ 139.694355, 35.721495 ], [ 139.694294, 35.721851 ], [ 139.694284, 35.721912 ], [ 139.69428, 35.721931 ], [ 139.694276, 35.721957 ], [ 139.694227, 35.722336 ], [ 139.69443, 35.722185 ], [ 139.694599, 35.722122 ], [ 139.69484, 35.722022 ], [ 139.694847, 35.72202 ], [ 139.694866, 35.722013 ] ] ] } },
{ "type": "Feature", "properties": { "key": "新宿区|中落合1丁目", "ward": "新宿区", "town": "中落合１丁目" }, "geometry": { "type": "Polygon", "coordinates": [ [ [ 139.68913, 35.718718 ], [ 139.689378, 35.718739 ], [ 139.689551, 35.718609 ], [ 139.68993, 35.718361 ], [ 139.690447, 35.718037 ], [ 139.690494, 35.718015 ], [ 139.690745, 35.717861 ], [ 139.691012, 35.717683 ], [ 139.691065, 35.717681 ], [ 139.69109, 35.717654 ], [ 139.691524, 35.717434 ], [ 139.691787, 35.717326 ], [ 139.691822, 35.717321 ], [ 139.691843, 35.717315 ], [ 139.692536, 35.717107 ], [ 139.692674, 35.717065 ], [ 139.692985, 35.716983 ], [ 139.6932, 35.716932 ], [ 139.693359, 35.71688 ], [ 139.693686, 35.71684 ], [ 139.693711, 35.716837 ], [ 139.694281, 35.716767 ], [ 139.694619, 35.71673 ], [ 139.694573, 35.716305 ], [ 139.69456, 35.716235 ], [ 139.694342, 35.71624 ], [ 139.693968, 35.716278 ], [ 139.693553, 35.716307 ], [ 139.693409, 35.716316 ], [ 139.693084, 35.716333 ], [ 139.692884, 35.716355 ], [ 139.6928, 35.716364 ], [ 139.692796, 35.716365 ], [ 139.69269, 35.716371 ], [ 139.692557, 35.716378 ], [ 139.692172, 35.716401 ], [ 139.691936, 35.716413 ], [ 139.691723, 35.716395 ], [ 139.691646, 35.716394 ], [ 139.691621, 35.716394 ], [ 139.691379, 35.716391 ], [ 139.691338, 35.716416 ], [ 139.69103, 35.716388 ], [ 139.690874, 35.716363 ], [ 139.690865, 35.716362 ], [ 139.690591, 35.716301 ], [ 139.690296, 35.716183 ], [ 139.690063, 35.716005 ], [ 139.689825, 35.715799 ], [ 139.689716, 35.715676 ], [ 139.689654, 35.715595 ], [ 139.689637, 35.715552 ], [ 139.689566, 35.715495 ], [ 139.689463, 35.715384 ], [ 139.689273, 35.715157 ], [ 139.689063, 35.714947 ], [ 139.688914, 35.714839 ], [ 139.688826, 35.714799 ], [ 139.688812, 35.714793 ], [ 139.688647, 35.714717 ], [ 139.68852, 35.714684 ], [ 139.688247, 35.714692 ], [ 139.688204, 35.714693 ], [ 139.688061, 35.714724 ], [ 139.687619, 35.714784 ], [ 139.687252, 35.714831 ], [ 139.68725, 35.714831 ], [ 139.687236, 35.714833 ], [ 139.68708, 35.714859 ], [ 139.686656, 35.7149 ], [ 139.686627, 35.714926 ], [ 139.686701, 35.715113 ], [ 139.686727, 35.715166 ], [ 139.686958, 35.715644 ], [ 139.687039, 35.715778 ], [ 139.687114, 35.715948 ], [ 139.687116, 35.715952 ], [ 139.687176, 35.716042 ], [ 139.687284, 35.716285 ], [ 139.687377, 35.716475 ], [ 139.687385, 35.716491 ], [ 139.68757, 35.716928 ], [ 139.687786, 35.717419 ], [ 139.687961, 35.717759 ], [ 139.688111, 35.717971 ], [ 139.688133, 35.718005 ], [ 139.688299, 35.71819 ], [ 139.688443, 35.718344 ], [ 139.688873, 35.718796 ], [ 139.688927, 35.718854 ], [ 139.68913, 35.718718 ] ] ] } },
{ "type": "Feature", "properties": { "key": "新宿区|中落合2丁目", "ward": "新宿区", "town": "中落合２丁目" }, "geometry": { "type": "Polygon", "coordinates": [ [ [ 139.694762, 35.718589 ], [ 139.694763, 35.718562 ], [ 139.69476, 35.718531 ], [ 139.694695, 35.717878 ], [ 139.694686, 35.717784 ], [ 139.694645, 35.717312 ], [ 139.694642, 35.717275 ], [ 139.694631, 35.717039 ], [ 139.694626, 35.716936 ], [ 139.694624, 35.716885 ], [ 139.694619, 35.71673 ], [ 139.694281, 35.716767 ], [ 139.693711, 35.716837 ], [ 139.693686, 35.71684 ], [ 139.693359, 35.71688 ], [ 139.6932, 35.716932 ], [ 139.692985, 35.716983 ], [ 139.692674, 35.717065 ], [ 139.692536, 35.717107 ], [ 139.691843, 35.717315 ], [ 139.691822, 35.717321 ], [ 139.691787, 35.717326 ], [ 139.691524, 35.717434 ], [ 139.69109, 35.717654 ], [ 139.691065, 35.717681 ], [ 139.691012, 35.717683 ], [ 139.690745, 35.717861 ], [ 139.690494, 35.718015 ], [ 139.690447, 35.718037 ], [ 139.68993, 35.718361 ], [ 139.689551, 35.718609 ], [ 139.689378, 35.718739 ], [ 139.68913, 35.718718 ], [ 139.688927, 35.718854 ], [ 139.688926, 35.718859 ], [ 139.689066, 35.719004 ], [ 139.6894, 35.71934 ], [ 139.689442, 35.719383 ], [ 139.689618, 35.719579 ], [ 139.689904, 35.719859 ], [ 139.689955, 35.719917 ], [ 139.690167, 35.720126 ], [ 139.690623, 35.720574 ], [ 139.690638, 35.720589 ], [ 139.690792, 35.720744 ], [ 139.69105, 35.721003 ], [ 139.691088, 35.721041 ], [ 139.691511, 35.721472 ], [ 139.691686, 35.721645 ], [ 139.692384, 35.722351 ], [ 139.692568, 35.722536 ], [ 139.692771, 35.722516 ], [ 139.693252, 35.722468 ], [ 139.6934, 35.722451 ], [ 139.694001, 35.722378 ], [ 139.694201, 35.722363 ], [ 139.694218, 35.722345 ], [ 139.694227, 35.722336 ], [ 139.694276, 35.721957 ], [ 139.69428, 35.721931 ], [ 139.694284, 35.721912 ], [ 139.694294, 35.721851 ], [ 139.694355, 35.721495 ], [ 139.694356, 35.721488 ], [ 139.694394, 35.721267 ], [ 139.694395, 35.72126 ], [ 139.694452, 35.720919 ], [ 139.694484, 35.720733 ], [ 139.694534, 35.720434 ], [ 139.694649, 35.719755 ], [ 139.694654, 35.719728 ], [ 139.69471, 35.719397 ], [ 139.694715, 35.719365 ], [ 139.694729, 35.719281 ], [ 139.694738, 35.71916 ], [ 139.694755, 35.718908 ], [ 139.694762, 35.718589 ] ] ] } },
{ "type": "Feature", "properties": { "key": "新宿区|中落合3丁目", "ward": "新宿区", "town": "中落合３丁目" }, "geometry": { "type": "Polygon", "coordinates": [ [ [ 139.688477, 35.722847 ], [ 139.689076, 35.722851 ], [ 139.689167, 35.722852 ], [ 139.689709, 35.72284 ], [ 139.689802, 35.722837 ], [ 139.689843, 35.722777 ], [ 139.689999, 35.722762 ], [ 139.690022, 35.72276 ], [ 139.690266, 35.722737 ], [ 139.690417, 35.722725 ], [ 139.690746, 35.7227 ], [ 139.690758, 35.722699 ], [ 139.690972, 35.722682 ], [ 139.691001, 35.72268 ], [ 139.691232, 35.722663 ], [ 139.691532, 35.722642 ], [ 139.691565, 35.722639 ], [ 139.691722, 35.722623 ], [ 139.692053, 35.722589 ], [ 139.692097, 35.722584 ], [ 139.692117, 35.722582 ], [ 139.69234, 35.72256 ], [ 139.692568, 35.722536 ], [ 139.692384, 35.722351 ], [ 139.691686, 35.721645 ], [ 139.691511, 35.721472 ], [ 139.691088, 35.721041 ], [ 139.69105, 35.721003 ], [ 139.690792, 35.720744 ], [ 139.690638, 35.720589 ], [ 139.690623, 35.720574 ], [ 139.690167, 35.720126 ], [ 139.689955, 35.719917 ], [ 139.689904, 35.719859 ], [ 139.689618, 35.719579 ], [ 139.689442, 35.719383 ], [ 139.6894, 35.71934 ], [ 139.689066, 35.719004 ], [ 139.688926, 35.718859 ], [ 139.688882, 35.719067 ], [ 139.688809, 35.719128 ], [ 139.688595, 35.719272 ], [ 139.68841, 35.719402 ], [ 139.688057, 35.71965 ], [ 139.68765, 35.719913 ], [ 139.68747, 35.720067 ], [ 139.68746, 35.720075 ], [ 139.68727, 35.720225 ], [ 139.686885, 35.720468 ], [ 139.686862, 35.720482 ], [ 139.686754, 35.720548 ], [ 139.686587, 35.720733 ], [ 139.686081, 35.721078 ], [ 139.68606, 35.72107 ], [ 139.6857, 35.721317 ], [ 139.685513, 35.721482 ], [ 139.685282, 35.721646 ], [ 139.685269, 35.721639 ], [ 139.684679, 35.722055 ], [ 139.684617, 35.722101 ], [ 139.684068, 35.722501 ], [ 139.684031, 35.722528 ], [ 139.684008, 35.722544 ], [ 139.684093, 35.722548 ], [ 139.684365, 35.722596 ], [ 139.684366, 35.722742 ], [ 139.68437, 35.722742 ], [ 139.685044, 35.722813 ], [ 139.685048, 35.722813 ], [ 139.685326, 35.722842 ], [ 139.685384, 35.722848 ], [ 139.685506, 35.722861 ], [ 139.68558, 35.722869 ], [ 139.685678, 35.722879 ], [ 139.686022, 35.722913 ], [ 139.686102, 35.722914 ], [ 139.686336, 35.722917 ], [ 139.686612, 35.722917 ], [ 139.686785, 35.722911 ], [ 139.686806, 35.72291 ], [ 139.687032, 35.722905 ], [ 139.687219, 35.722899 ], [ 139.687598, 35.722888 ], [ 139.687796, 35.722878 ], [ 139.68819, 35.72286 ], [ 139.688477, 35.722847 ] ] ] } },
{ "type": "Feature", "properties": { "key": "新宿区|中落合4丁目", "ward": "新宿区", "town": "中落合４丁目" }, "geometry": { "type": "Polygon", "coordinates": [ [ [ 139.686587, 35.720733 ], [ 139.686754, 35.720548 ], [ 139.686862, 35.720482 ], [ 139.686885, 35.720468 ], [ 139.68727, 35.720225 ], [ 139.68746, 35.720075 ], [ 139.68747, 35.720067 ], [ 139.68765, 35.719913 ], [ 139.688057, 35.71965 ], [ 139.68841, 35.719402 ], [ 139.688399, 35.719403 ], [ 139.687771, 35.719435 ], [ 139.68753, 35.71941 ], [ 139.687459, 35.719376 ], [ 139.687385, 35.719334 ], [ 139.687294, 35.719256 ], [ 139.686921, 35.719039 ], [ 139.686875, 35.719009 ], [ 139.686695, 35.718939 ], [ 139.686536, 35.718862 ], [ 139.686457, 35.718808 ], [ 139.685972, 35.718541 ], [ 139.685847, 35.718487 ], [ 139.685787, 35.718471 ], [ 139.685531, 35.718341 ], [ 139.685114, 35.718167 ], [ 139.684876, 35.718081 ], [ 139.68465, 35.71797 ], [ 139.684416, 35.717857 ], [ 139.684247, 35.717764 ], [ 139.684125, 35.717722 ], [ 139.684122, 35.717719 ], [ 139.684099, 35.7177 ], [ 139.684035, 35.717639 ], [ 139.683935, 35.717514 ], [ 139.683766, 35.717243 ], [ 139.683601, 35.717121 ], [ 139.683428, 35.717045 ], [ 139.683261, 35.716959 ], [ 139.682824, 35.716846 ], [ 139.682526, 35.716787 ], [ 139.68244, 35.716785 ], [ 139.68212, 35.716773 ], [ 139.681769, 35.716728 ], [ 139.681509, 35.716721 ], [ 139.681382, 35.716773 ], [ 139.681279, 35.716804 ], [ 139.681266, 35.716807 ], [ 139.680939, 35.716862 ], [ 139.680879, 35.716872 ], [ 139.680567, 35.716919 ], [ 139.680029, 35.716966 ], [ 139.679894, 35.716965 ], [ 139.67983, 35.716961 ], [ 139.679667, 35.717011 ], [ 139.679377, 35.717124 ], [ 139.679211, 35.717148 ], [ 139.679086, 35.717147 ], [ 139.679076, 35.717172 ], [ 139.678923, 35.717716 ], [ 139.678894, 35.71797 ], [ 139.679336, 35.718023 ], [ 139.67943, 35.71809 ], [ 139.679685, 35.718113 ], [ 139.679832, 35.718298 ], [ 139.679915, 35.718399 ], [ 139.679972, 35.718515 ], [ 139.679988, 35.718546 ], [ 139.680169, 35.718875 ], [ 139.680228, 35.719013 ], [ 139.680353, 35.719303 ], [ 139.680378, 35.719335 ], [ 139.68039, 35.71935 ], [ 139.680629, 35.719359 ], [ 139.680874, 35.719369 ], [ 139.681586, 35.719397 ], [ 139.681558, 35.719612 ], [ 139.681507, 35.719848 ], [ 139.681485, 35.71995 ], [ 139.681446, 35.720242 ], [ 139.682162, 35.720178 ], [ 139.682354, 35.720166 ], [ 139.682461, 35.72016 ], [ 139.682484, 35.720158 ], [ 139.682869, 35.720133 ], [ 139.683149, 35.720123 ], [ 139.683301, 35.72011 ], [ 139.683307, 35.72011 ], [ 139.683902, 35.720095 ], [ 139.683908, 35.720096 ], [ 139.68421, 35.72011 ], [ 139.684544, 35.72012 ], [ 139.684681, 35.720124 ], [ 139.684701, 35.720124 ], [ 139.684814, 35.720139 ], [ 139.684832, 35.720145 ], [ 139.684844, 35.720153 ], [ 139.6852, 35.720399 ], [ 139.685201, 35.720399 ], [ 139.685228, 35.720419 ], [ 139.685451, 35.720693 ], [ 139.685651, 35.720821 ], [ 139.685653, 35.72082 ], [ 139.685656, 35.720822 ], [ 139.685663, 35.720828 ], [ 139.68606, 35.72107 ], [ 139.686081, 35.721078 ], [ 139.686587, 35.720733 ] ] ] } },
{ "type": "Feature", "properties": { "key": "新宿区|上落合1丁目", "ward": "新宿区", "town": "上落合１丁目" }, "geometry": { "type": "Polygon", "coordinates": [ [ [ 139.694377, 35.71128 ], [ 139.694319, 35.711138 ], [ 139.694284, 35.711013 ], [ 139.694276, 35.711014 ], [ 139.694222, 35.711021 ], [ 139.694041, 35.711042 ], [ 139.693252, 35.711134 ], [ 139.692734, 35.711194 ], [ 139.692729, 35.711195 ], [ 139.692718, 35.711126 ], [ 139.692708, 35.711033 ], [ 139.69265, 35.710812 ], [ 139.692537, 35.7106 ], [ 139.69238, 35.710679 ], [ 139.692344, 35.710693 ], [ 139.691841, 35.710918 ], [ 139.691741, 35.710962 ], [ 139.691524, 35.711052 ], [ 139.691512, 35.71103 ], [ 139.691444, 35.710893 ], [ 139.691462, 35.710801 ], [ 139.691444, 35.710727 ], [ 139.69143, 35.710721 ], [ 139.691422, 35.710718 ], [ 139.691241, 35.710767 ], [ 139.691196, 35.710779 ], [ 139.691119, 35.710507 ], [ 139.691116, 35.710489 ], [ 139.690856, 35.71056 ], [ 139.690627, 35.710623 ], [ 139.6906, 35.71063 ], [ 139.690147, 35.710757 ], [ 139.690057, 35.710785 ], [ 139.690029, 35.710834 ], [ 139.690063, 35.711057 ], [ 139.690074, 35.711131 ], [ 139.690102, 35.711314 ], [ 139.689774, 35.711289 ], [ 139.689658, 35.71128 ], [ 139.689574, 35.711276 ], [ 139.68962, 35.711436 ], [ 139.68965, 35.711531 ], [ 139.689679, 35.711623 ], [ 139.689728, 35.711778 ], [ 139.689763, 35.711894 ], [ 139.68979, 35.711981 ], [ 139.689841, 35.712151 ], [ 139.689855, 35.712188 ], [ 139.689897, 35.712618 ], [ 139.689923, 35.712947 ], [ 139.689943, 35.713025 ], [ 139.689976, 35.713097 ], [ 139.690018, 35.713278 ], [ 139.690025, 35.713306 ], [ 139.69005, 35.713417 ], [ 139.690094, 35.713536 ], [ 139.690104, 35.71356 ], [ 139.690145, 35.713671 ], [ 139.69021, 35.713843 ], [ 139.690241, 35.713923 ], [ 139.690312, 35.71411 ], [ 139.690433, 35.714169 ], [ 139.690522, 35.714476 ], [ 139.690592, 35.714826 ], [ 139.690594, 35.714831 ], [ 139.690702, 35.71522 ], [ 139.690641, 35.715571 ], [ 139.690729, 35.715659 ], [ 139.690772, 35.715669 ], [ 139.690938, 35.71571 ], [ 139.691299, 35.715714 ], [ 139.691301, 35.715722 ], [ 139.691323, 35.715881 ], [ 139.691329, 35.715918 ], [ 139.691379, 35.716391 ], [ 139.691621, 35.716394 ], [ 139.691646, 35.716394 ], [ 139.691723, 35.716395 ], [ 139.691936, 35.716413 ], [ 139.692172, 35.716401 ], [ 139.692557, 35.716378 ], [ 139.69269, 35.716371 ], [ 139.692796, 35.716365 ], [ 139.6928, 35.716364 ], [ 139.692884, 35.716355 ], [ 139.693084, 35.716333 ], [ 139.693409, 35.716316 ], [ 139.693553, 35.716307 ], [ 139.693968, 35.716278 ], [ 139.694342, 35.71624 ], [ 139.69456, 35.716235 ], [ 139.694531, 35.71599 ], [ 139.694501, 35.715839 ], [ 139.6945, 35.715836 ], [ 139.694485, 35.715792 ], [ 139.694453, 35.715702 ], [ 139.695007, 35.715681 ], [ 139.69509, 35.715666 ], [ 139.695159, 35.715572 ], [ 139.695216, 35.715494 ], [ 139.695328, 35.715377 ], [ 139.695358, 35.715346 ], [ 139.695503, 35.715208 ], [ 139.695525, 35.715187 ], [ 139.695663, 35.715048 ], [ 139.695496, 35.714945 ], [ 139.695311, 35.714805 ], [ 139.695228, 35.714743 ], [ 139.695174, 35.714677 ], [ 139.695148, 35.714644 ], [ 139.695131, 35.714628 ], [ 139.694998, 35.714431 ], [ 139.694905, 35.714268 ], [ 139.694809, 35.713943 ], [ 139.694774, 35.713743 ], [ 139.69475, 35.71366 ], [ 139.69474, 35.713623 ], [ 139.694732, 35.71347 ], [ 139.694548, 35.712417 ], [ 139.694547, 35.712388 ], [ 139.694454, 35.711814 ], [ 139.694411, 35.711528 ], [ 139.694373, 35.71136 ], [ 139.694377, 35.71128 ] ] ] } },
{ "type": "Feature", "properties": { "key": "新宿区|上落合2丁目", "ward": "新宿区", "town": "上落合２丁目" }, "geometry": { "type": "Polygon", "coordinates": [ [ [ 139.690522, 35.714476 ], [ 139.690433, 35.714169 ], [ 139.690312, 35.71411 ], [ 139.690241, 35.713923 ], [ 139.69021, 35.713843 ], [ 139.690145, 35.713671 ], [ 139.690104, 35.71356 ], [ 139.690094, 35.713536 ], [ 139.69005, 35.713417 ], [ 139.690025, 35.713306 ], [ 139.690018, 35.713278 ], [ 139.689976, 35.713097 ], [ 139.689943, 35.713025 ], [ 139.689923, 35.712947 ], [ 139.689897, 35.712618 ], [ 139.689855, 35.712188 ], [ 139.689841, 35.712151 ], [ 139.68979, 35.711981 ], [ 139.689763, 35.711894 ], [ 139.689728, 35.711778 ], [ 139.689679, 35.711623 ], [ 139.68965, 35.711531 ], [ 139.68962, 35.711436 ], [ 139.689574, 35.711276 ], [ 139.689454, 35.711261 ], [ 139.689382, 35.711252 ], [ 139.68919, 35.711238 ], [ 139.688937, 35.711219 ], [ 139.688927, 35.711218 ], [ 139.688756, 35.711203 ], [ 139.688515, 35.711182 ], [ 139.688248, 35.711166 ], [ 139.688121, 35.711143 ], [ 139.687983, 35.711117 ], [ 139.687623, 35.711031 ], [ 139.687371, 35.710988 ], [ 139.687038, 35.710903 ], [ 139.686821, 35.710846 ], [ 139.686797, 35.710839 ], [ 139.686705, 35.710818 ], [ 139.686308, 35.710725 ], [ 139.68595, 35.710641 ], [ 139.685893, 35.710627 ], [ 139.685666, 35.71057 ], [ 139.685663, 35.710569 ], [ 139.685433, 35.710518 ], [ 139.685313, 35.710491 ], [ 139.685275, 35.710481 ], [ 139.684898, 35.710383 ], [ 139.684575, 35.710332 ], [ 139.684498, 35.710323 ], [ 139.684994, 35.711381 ], [ 139.685093, 35.711594 ], [ 139.685116, 35.711658 ], [ 139.685145, 35.711711 ], [ 139.685299, 35.71203 ], [ 139.685328, 35.71209 ], [ 139.685463, 35.712375 ], [ 139.685551, 35.712561 ], [ 139.685606, 35.712678 ], [ 139.686008, 35.713508 ], [ 139.686113, 35.713736 ], [ 139.686219, 35.713966 ], [ 139.686314, 35.714172 ], [ 139.686328, 35.714208 ], [ 139.686656, 35.7149 ], [ 139.68708, 35.714859 ], [ 139.687236, 35.714833 ], [ 139.68725, 35.714831 ], [ 139.687252, 35.714831 ], [ 139.687619, 35.714784 ], [ 139.688061, 35.714724 ], [ 139.688204, 35.714693 ], [ 139.688247, 35.714692 ], [ 139.68852, 35.714684 ], [ 139.688647, 35.714717 ], [ 139.688812, 35.714793 ], [ 139.688826, 35.714799 ], [ 139.688914, 35.714839 ], [ 139.689063, 35.714947 ], [ 139.689273, 35.715157 ], [ 139.689463, 35.715384 ], [ 139.689566, 35.715495 ], [ 139.689637, 35.715552 ], [ 139.689654, 35.715595 ], [ 139.689716, 35.715676 ], [ 139.689825, 35.715799 ], [ 139.690063, 35.716005 ], [ 139.690296, 35.716183 ], [ 139.690591, 35.716301 ], [ 139.690865, 35.716362 ], [ 139.690874, 35.716363 ], [ 139.69103, 35.716388 ], [ 139.691338, 35.716416 ], [ 139.691379, 35.716391 ], [ 139.691329, 35.715918 ], [ 139.691323, 35.715881 ], [ 139.691301, 35.715722 ], [ 139.691299, 35.715714 ], [ 139.690938, 35.71571 ], [ 139.690772, 35.715669 ], [ 139.690729, 35.715659 ], [ 139.690641, 35.715571 ], [ 139.690702, 35.71522 ], [ 139.690594, 35.714831 ], [ 139.690592, 35.714826 ], [ 139.690522, 35.714476 ] ] ] } },
{ "type": "Feature", "properties": { "key": "新宿区|上落合3丁目", "ward": "新宿区", "town": "上落合３丁目" }, "geometry": { "type": "Polygon", "coordinates": [ [ [ 139.685606, 35.712678 ], [ 139.685551, 35.712561 ], [ 139.685463, 35.712375 ], [ 139.685328, 35.71209 ], [ 139.685299, 35.71203 ], [ 139.685145, 35.711711 ], [ 139.685116, 35.711658 ], [ 139.685093, 35.711594 ], [ 139.684994, 35.711381 ], [ 139.684498, 35.710323 ], [ 139.684354, 35.710293 ], [ 139.684141, 35.71025 ], [ 139.684131, 35.710248 ], [ 139.683888, 35.710197 ], [ 139.683767, 35.710171 ], [ 139.683609, 35.710139 ], [ 139.683508, 35.710119 ], [ 139.68321, 35.710065 ], [ 139.683194, 35.710063 ], [ 139.682762, 35.709994 ], [ 139.68274, 35.710012 ], [ 139.682665, 35.710073 ], [ 139.682467, 35.710224 ], [ 139.682131, 35.710491 ], [ 139.681866, 35.710685 ], [ 139.681802, 35.710732 ], [ 139.68178, 35.710748 ], [ 139.681725, 35.710773 ], [ 139.681566, 35.710845 ], [ 139.681349, 35.710922 ], [ 139.681188, 35.710995 ], [ 139.681092, 35.711017 ], [ 139.680937, 35.711057 ], [ 139.68089, 35.711066 ], [ 139.680828, 35.711083 ], [ 139.68059, 35.711099 ], [ 139.680198, 35.711038 ], [ 139.680035, 35.711062 ], [ 139.680042, 35.711098 ], [ 139.680021, 35.711303 ], [ 139.680081, 35.711384 ], [ 139.680178, 35.711398 ], [ 139.680513, 35.711444 ], [ 139.680613, 35.711478 ], [ 139.680822, 35.711649 ], [ 139.680849, 35.71169 ], [ 139.680795, 35.711864 ], [ 139.680844, 35.711938 ], [ 139.680888, 35.71198 ], [ 139.680964, 35.712031 ], [ 139.681093, 35.71209 ], [ 139.681154, 35.712109 ], [ 139.681218, 35.71215 ], [ 139.681227, 35.712163 ], [ 139.681321, 35.712296 ], [ 139.681362, 35.712353 ], [ 139.681438, 35.71242 ], [ 139.681443, 35.712424 ], [ 139.681557, 35.712537 ], [ 139.681618, 35.71261 ], [ 139.681878, 35.712922 ], [ 139.681995, 35.713099 ], [ 139.682018, 35.713134 ], [ 139.68201, 35.713273 ], [ 139.682008, 35.713292 ], [ 139.682008, 35.713301 ], [ 139.68188, 35.713293 ], [ 139.681716, 35.71331 ], [ 139.681645, 35.713322 ], [ 139.681638, 35.713323 ], [ 139.681563, 35.713328 ], [ 139.681553, 35.713327 ], [ 139.681341, 35.713293 ], [ 139.681283, 35.713217 ], [ 139.681156, 35.713243 ], [ 139.681019, 35.713259 ], [ 139.681016, 35.71327 ], [ 139.680993, 35.713438 ], [ 139.6811, 35.713488 ], [ 139.6811, 35.71351 ], [ 139.681095, 35.713707 ], [ 139.681095, 35.713708 ], [ 139.681302, 35.71376 ], [ 139.681543, 35.713818 ], [ 139.681562, 35.713822 ], [ 139.681865, 35.713912 ], [ 139.681838, 35.714135 ], [ 139.681989, 35.714147 ], [ 139.681998, 35.714148 ], [ 139.682372, 35.714182 ], [ 139.682453, 35.714189 ], [ 139.682656, 35.714208 ], [ 139.682848, 35.714228 ], [ 139.682999, 35.714244 ], [ 139.68317, 35.714262 ], [ 139.683712, 35.714322 ], [ 139.683778, 35.714336 ], [ 139.684047, 35.714394 ], [ 139.684161, 35.714438 ], [ 139.684327, 35.7145 ], [ 139.68467, 35.714643 ], [ 139.684858, 35.714716 ], [ 139.685222, 35.714773 ], [ 139.68527, 35.714781 ], [ 139.685323, 35.714782 ], [ 139.686222, 35.714876 ], [ 139.686578, 35.71491 ], [ 139.686627, 35.714926 ], [ 139.686656, 35.7149 ], [ 139.686328, 35.714208 ], [ 139.686314, 35.714172 ], [ 139.686219, 35.713966 ], [ 139.686113, 35.713736 ], [ 139.686008, 35.713508 ], [ 139.685606, 35.712678 ] ] ] } },
{ "type": "Feature", "properties": { "key": "新宿区|西落合1丁目", "ward": "新宿区", "town": "西落合１丁目" }, "geometry": { "type": "Polygon", "coordinates": [ [ [ 139.682187, 35.722359 ], [ 139.682305, 35.722371 ], [ 139.682632, 35.722406 ], [ 139.682657, 35.722409 ], [ 139.682813, 35.722434 ], [ 139.682828, 35.722436 ], [ 139.683488, 35.722534 ], [ 139.683519, 35.722543 ], [ 139.683914, 35.722583 ], [ 139.684008, 35.722544 ], [ 139.684031, 35.722528 ], [ 139.684068, 35.722501 ], [ 139.684617, 35.722101 ], [ 139.684679, 35.722055 ], [ 139.685269, 35.721639 ], [ 139.685282, 35.721646 ], [ 139.685513, 35.721482 ], [ 139.6857, 35.721317 ], [ 139.68606, 35.72107 ], [ 139.685663, 35.720828 ], [ 139.685656, 35.720822 ], [ 139.685653, 35.72082 ], [ 139.685651, 35.720821 ], [ 139.685451, 35.720693 ], [ 139.685228, 35.720419 ], [ 139.685201, 35.720399 ], [ 139.6852, 35.720399 ], [ 139.684844, 35.720153 ], [ 139.684832, 35.720145 ], [ 139.684814, 35.720139 ], [ 139.684701, 35.720124 ], [ 139.684681, 35.720124 ], [ 139.684544, 35.72012 ], [ 139.68421, 35.72011 ], [ 139.683908, 35.720096 ], [ 139.683902, 35.720095 ], [ 139.683307, 35.72011 ], [ 139.683301, 35.72011 ], [ 139.683149, 35.720123 ], [ 139.682869, 35.720133 ], [ 139.682484, 35.720158 ], [ 139.682461, 35.72016 ], [ 139.682354, 35.720166 ], [ 139.682162, 35.720178 ], [ 139.681446, 35.720242 ], [ 139.681485, 35.71995 ], [ 139.681507, 35.719848 ], [ 139.681558, 35.719612 ], [ 139.681586, 35.719397 ], [ 139.680874, 35.719369 ], [ 139.680629, 35.719359 ], [ 139.68039, 35.71935 ], [ 139.680378, 35.719335 ], [ 139.680353, 35.719303 ], [ 139.680228, 35.719013 ], [ 139.680169, 35.718875 ], [ 139.679988, 35.718546 ], [ 139.679972, 35.718515 ], [ 139.679915, 35.718399 ], [ 139.679832, 35.718298 ], [ 139.679685, 35.718113 ], [ 139.67943, 35.71809 ], [ 139.679336, 35.718023 ], [ 139.678894, 35.71797 ], [ 139.678914, 35.71814 ], [ 139.678907, 35.718383 ], [ 139.678906, 35.718395 ], [ 139.678887, 35.71875 ], [ 139.678884, 35.719031 ], [ 139.678882, 35.719182 ], [ 139.678875, 35.719305 ], [ 139.678875, 35.719312 ], [ 139.678815, 35.720423 ], [ 139.678815, 35.720424 ], [ 139.678774, 35.721326 ], [ 139.678774, 35.721327 ], [ 139.678766, 35.721357 ], [ 139.678663, 35.721787 ], [ 139.678516, 35.722402 ], [ 139.678412, 35.722931 ], [ 139.678407, 35.722959 ], [ 139.67837, 35.723089 ], [ 139.678273, 35.723572 ], [ 139.678423, 35.723528 ], [ 139.679133, 35.72329 ], [ 139.679403, 35.7232 ], [ 139.679437, 35.723188 ], [ 139.679742, 35.723086 ], [ 139.680024, 35.722991 ], [ 139.680094, 35.722968 ], [ 139.680231, 35.722922 ], [ 139.6804, 35.722865 ], [ 139.680437, 35.722834 ], [ 139.680728, 35.722745 ], [ 139.680809, 35.72272 ], [ 139.680868, 35.7227 ], [ 139.680906, 35.722688 ], [ 139.680963, 35.722668 ], [ 139.681063, 35.722634 ], [ 139.68127, 35.722564 ], [ 139.681308, 35.722551 ], [ 139.681381, 35.722529 ], [ 139.681546, 35.72248 ], [ 139.681804, 35.722403 ], [ 139.682016, 35.722371 ], [ 139.682187, 35.722359 ] ] ] } },
{ "type": "Feature", "properties": { "key": "新宿区|西落合2丁目", "ward": "新宿区", "town": "西落合２丁目" }, "geometry": { "type": "Polygon", "coordinates": [ [ [ 139.678766, 35.721357 ], [ 139.678774, 35.721327 ], [ 139.678774, 35.721326 ], [ 139.678815, 35.720424 ], [ 139.678815, 35.720423 ], [ 139.678875, 35.719312 ], [ 139.678875, 35.719305 ], [ 139.678882, 35.719182 ], [ 139.678884, 35.719031 ], [ 139.678887, 35.71875 ], [ 139.678906, 35.718395 ], [ 139.678907, 35.718383 ], [ 139.678914, 35.71814 ], [ 139.678876, 35.718156 ], [ 139.678785, 35.718176 ], [ 139.678557, 35.718175 ], [ 139.678357, 35.718146 ], [ 139.6783, 35.718195 ], [ 139.678044, 35.718501 ], [ 139.677814, 35.718723 ], [ 139.677726, 35.718822 ], [ 139.677682, 35.718868 ], [ 139.67758, 35.718975 ], [ 139.677359, 35.719165 ], [ 139.677252, 35.71927 ], [ 139.677028, 35.719426 ], [ 139.676952, 35.719472 ], [ 139.676665, 35.719599 ], [ 139.676417, 35.719663 ], [ 139.676333, 35.719468 ], [ 139.675725, 35.719604 ], [ 139.675652, 35.719643 ], [ 139.675693, 35.71978 ], [ 139.675696, 35.719785 ], [ 139.675589, 35.719833 ], [ 139.675621, 35.719888 ], [ 139.67558, 35.719924 ], [ 139.675312, 35.720017 ], [ 139.675267, 35.719959 ], [ 139.675229, 35.719835 ], [ 139.6752, 35.719572 ], [ 139.675199, 35.71947 ], [ 139.675238, 35.719249 ], [ 139.675323, 35.719068 ], [ 139.675286, 35.719058 ], [ 139.6751, 35.718993 ], [ 139.674787, 35.718899 ], [ 139.674481, 35.718789 ], [ 139.674271, 35.718726 ], [ 139.674267, 35.718725 ], [ 139.673694, 35.718533 ], [ 139.67343, 35.718473 ], [ 139.673391, 35.718742 ], [ 139.673486, 35.718886 ], [ 139.673619, 35.719062 ], [ 139.673756, 35.719242 ], [ 139.673781, 35.719276 ], [ 139.67375, 35.719304 ], [ 139.673739, 35.719314 ], [ 139.673576, 35.719458 ], [ 139.673242, 35.719659 ], [ 139.673318, 35.719937 ], [ 139.673497, 35.720567 ], [ 139.673823, 35.720472 ], [ 139.674331, 35.720378 ], [ 139.674338, 35.720405 ], [ 139.67444, 35.720673 ], [ 139.674543, 35.720729 ], [ 139.674549, 35.720899 ], [ 139.674549, 35.720923 ], [ 139.674712, 35.721311 ], [ 139.67476, 35.72142 ], [ 139.674768, 35.721439 ], [ 139.674778, 35.721456 ], [ 139.675234, 35.721399 ], [ 139.675514, 35.721374 ], [ 139.675668, 35.721365 ], [ 139.675688, 35.721392 ], [ 139.675706, 35.721463 ], [ 139.675822, 35.721995 ], [ 139.67581, 35.722277 ], [ 139.675667, 35.722739 ], [ 139.675612, 35.722908 ], [ 139.67549, 35.723347 ], [ 139.675488, 35.723356 ], [ 139.675423, 35.72358 ], [ 139.675681, 35.723615 ], [ 139.676014, 35.72364 ], [ 139.676199, 35.723654 ], [ 139.676326, 35.723664 ], [ 139.676978, 35.723713 ], [ 139.677456, 35.723749 ], [ 139.677461, 35.723749 ], [ 139.677653, 35.72375 ], [ 139.678273, 35.723572 ], [ 139.67837, 35.723089 ], [ 139.678407, 35.722959 ], [ 139.678412, 35.722931 ], [ 139.678516, 35.722402 ], [ 139.678663, 35.721787 ], [ 139.678766, 35.721357 ] ] ] } },
{ "type": "Feature", "properties": { "key": "新宿区|西落合3丁目", "ward": "新宿区", "town": "西落合３丁目" }, "geometry": { "type": "Polygon", "coordinates": [ [ [ 139.682213, 35.723922 ], [ 139.682503, 35.724006 ], [ 139.682571, 35.724025 ], [ 139.682655, 35.72386 ], [ 139.68273, 35.723758 ], [ 139.682854, 35.7238 ], [ 139.682955, 35.723599 ], [ 139.682959, 35.723591 ], [ 139.682989, 35.723597 ], [ 139.683302, 35.723658 ], [ 139.683485, 35.723696 ], [ 139.683617, 35.723702 ], [ 139.683866, 35.723741 ], [ 139.684116, 35.72376 ], [ 139.68418, 35.723764 ], [ 139.68432, 35.723276 ], [ 139.684331, 35.72323 ], [ 139.684369, 35.722985 ], [ 139.684366, 35.722786 ], [ 139.684366, 35.722742 ], [ 139.684365, 35.722596 ], [ 139.684093, 35.722548 ], [ 139.684008, 35.722544 ], [ 139.683914, 35.722583 ], [ 139.683519, 35.722543 ], [ 139.683488, 35.722534 ], [ 139.682828, 35.722436 ], [ 139.682813, 35.722434 ], [ 139.682657, 35.722409 ], [ 139.682632, 35.722406 ], [ 139.682305, 35.722371 ], [ 139.682187, 35.722359 ], [ 139.682016, 35.722371 ], [ 139.681804, 35.722403 ], [ 139.681546, 35.72248 ], [ 139.681381, 35.722529 ], [ 139.681308, 35.722551 ], [ 139.68127, 35.722564 ], [ 139.681063, 35.722634 ], [ 139.680963, 35.722668 ], [ 139.680906, 35.722688 ], [ 139.680868, 35.7227 ], [ 139.680809, 35.72272 ], [ 139.680728, 35.722745 ], [ 139.680437, 35.722834 ], [ 139.6804, 35.722865 ], [ 139.680231, 35.722922 ], [ 139.680094, 35.722968 ], [ 139.680024, 35.722991 ], [ 139.679742, 35.723086 ], [ 139.679437, 35.723188 ], [ 139.679403, 35.7232 ], [ 139.679133, 35.72329 ], [ 139.678423, 35.723528 ], [ 139.678273, 35.723572 ], [ 139.677653, 35.72375 ], [ 139.677461, 35.723749 ], [ 139.677456, 35.723749 ], [ 139.676978, 35.723713 ], [ 139.676326, 35.723664 ], [ 139.676199, 35.723654 ], [ 139.676014, 35.72364 ], [ 139.675681, 35.723615 ], [ 139.675423, 35.72358 ], [ 139.675406, 35.723641 ], [ 139.675342, 35.723994 ], [ 139.675368, 35.72423 ], [ 139.675391, 35.724302 ], [ 139.675493, 35.724712 ], [ 139.675631, 35.725279 ], [ 139.676381, 35.725344 ], [ 139.676899, 35.725394 ], [ 139.677328, 35.725435 ], [ 139.678222, 35.725506 ], [ 139.67914, 35.725632 ], [ 139.680025, 35.725747 ], [ 139.680863, 35.725866 ], [ 139.681504, 35.725948 ], [ 139.681745, 35.725983 ], [ 139.681785, 35.725836 ], [ 139.681786, 35.725827 ], [ 139.68183, 35.725372 ], [ 139.681834, 35.725364 ], [ 139.681862, 35.725316 ], [ 139.68188, 35.725288 ], [ 139.681882, 35.725282 ], [ 139.681894, 35.725233 ], [ 139.681867, 35.725223 ], [ 139.681868, 35.725204 ], [ 139.681912, 35.725003 ], [ 139.68197, 35.724842 ], [ 139.682051, 35.724757 ], [ 139.682145, 35.72472 ], [ 139.682197, 35.724707 ], [ 139.682268, 35.724554 ], [ 139.681972, 35.724494 ], [ 139.6822, 35.723958 ], [ 139.682213, 35.723922 ] ] ] } },
{ "type": "Feature", "properties": { "key": "新宿区|西落合4丁目", "ward": "新宿区", "town": "西落合４丁目" }, "geometry": { "type": "Polygon", "coordinates": [ [ [ 139.680588, 35.727605 ], [ 139.680618, 35.727759 ], [ 139.680631, 35.727825 ], [ 139.680732, 35.727787 ], [ 139.680851, 35.727708 ], [ 139.68106, 35.727569 ], [ 139.681162, 35.7275 ], [ 139.681279, 35.727411 ], [ 139.681324, 35.727361 ], [ 139.681343, 35.72734 ], [ 139.681376, 35.727271 ], [ 139.681383, 35.727252 ], [ 139.681402, 35.727195 ], [ 139.681412, 35.727162 ], [ 139.681418, 35.727124 ], [ 139.681435, 35.72695 ], [ 139.681476, 35.726892 ], [ 139.681544, 35.726788 ], [ 139.681612, 35.72667 ], [ 139.681475, 35.726652 ], [ 139.681496, 35.726543 ], [ 139.681518, 35.726448 ], [ 139.681521, 35.726424 ], [ 139.681521, 35.72642 ], [ 139.68157, 35.726422 ], [ 139.681699, 35.72644 ], [ 139.681704, 35.726435 ], [ 139.68175, 35.726379 ], [ 139.681628, 35.726351 ], [ 139.681689, 35.726153 ], [ 139.6817, 35.726123 ], [ 139.681722, 35.726044 ], [ 139.681745, 35.725983 ], [ 139.681504, 35.725948 ], [ 139.680863, 35.725866 ], [ 139.680025, 35.725747 ], [ 139.67914, 35.725632 ], [ 139.678222, 35.725506 ], [ 139.677328, 35.725435 ], [ 139.676899, 35.725394 ], [ 139.676381, 35.725344 ], [ 139.675631, 35.725279 ], [ 139.675641, 35.725316 ], [ 139.67566, 35.725391 ], [ 139.675681, 35.725472 ], [ 139.675796, 35.725888 ], [ 139.676079, 35.726356 ], [ 139.676466, 35.726992 ], [ 139.676586, 35.727289 ], [ 139.676591, 35.727302 ], [ 139.676721, 35.727663 ], [ 139.676726, 35.727769 ], [ 139.676713, 35.728092 ], [ 139.676726, 35.728413 ], [ 139.676749, 35.728871 ], [ 139.67676, 35.729243 ], [ 139.676777, 35.729568 ], [ 139.676777, 35.729578 ], [ 139.676799, 35.729892 ], [ 139.677053, 35.729788 ], [ 139.677528, 35.729558 ], [ 139.677593, 35.729522 ], [ 139.677939, 35.729326 ], [ 139.678307, 35.729108 ], [ 139.678463, 35.729011 ], [ 139.679339, 35.728512 ], [ 139.679261, 35.728416 ], [ 139.679308, 35.72834 ], [ 139.679447, 35.728192 ], [ 139.679706, 35.728065 ], [ 139.679878, 35.727987 ], [ 139.680065, 35.727883 ], [ 139.680098, 35.727864 ], [ 139.680565, 35.727617 ], [ 139.680588, 35.727605 ] ] ] } },
{ "type": "Feature", "properties": { "key": "新宿区|中井1丁目", "ward": "新宿区", "town": "中井１丁目" }, "geometry": { "type": "Polygon", "coordinates": [ [ [ 139.686627, 35.714926 ], [ 139.686578, 35.71491 ], [ 139.686222, 35.714876 ], [ 139.685323, 35.714782 ], [ 139.68527, 35.714781 ], [ 139.685222, 35.714773 ], [ 139.684858, 35.714716 ], [ 139.68467, 35.714643 ], [ 139.684327, 35.7145 ], [ 139.684161, 35.714438 ], [ 139.684047, 35.714394 ], [ 139.683778, 35.714336 ], [ 139.683712, 35.714322 ], [ 139.68317, 35.714262 ], [ 139.682999, 35.714244 ], [ 139.682848, 35.714228 ], [ 139.682656, 35.714208 ], [ 139.682453, 35.714189 ], [ 139.682372, 35.714182 ], [ 139.681998, 35.714148 ], [ 139.681989, 35.714147 ], [ 139.681838, 35.714135 ], [ 139.681781, 35.71413 ], [ 139.681589, 35.714093 ], [ 139.68137, 35.714064 ], [ 139.681231, 35.714052 ], [ 139.68121, 35.714051 ], [ 139.68118, 35.714049 ], [ 139.680799, 35.714022 ], [ 139.680814, 35.714211 ], [ 139.680835, 35.714508 ], [ 139.680326, 35.71457 ], [ 139.680088, 35.714309 ], [ 139.679965, 35.714149 ], [ 139.679939, 35.71416 ], [ 139.679652, 35.714301 ], [ 139.679607, 35.714344 ], [ 139.679243, 35.714689 ], [ 139.679153, 35.714816 ], [ 139.679091, 35.714955 ], [ 139.679058, 35.71509 ], [ 139.679045, 35.715271 ], [ 139.679081, 35.715516 ], [ 139.67911, 35.71562 ], [ 139.67924, 35.715574 ], [ 139.679279, 35.715539 ], [ 139.679688, 35.715422 ], [ 139.680035, 35.715331 ], [ 139.680477, 35.715208 ], [ 139.680754, 35.715152 ], [ 139.680882, 35.715116 ], [ 139.681079, 35.715052 ], [ 139.681363, 35.715019 ], [ 139.681616, 35.714961 ], [ 139.681692, 35.715005 ], [ 139.681733, 35.715035 ], [ 139.681919, 35.715103 ], [ 139.68209, 35.715146 ], [ 139.682296, 35.715154 ], [ 139.682493, 35.715145 ], [ 139.682524, 35.715137 ], [ 139.682564, 35.715127 ], [ 139.68282, 35.715061 ], [ 139.683338, 35.715083 ], [ 139.683347, 35.715085 ], [ 139.683402, 35.715097 ], [ 139.683914, 35.715334 ], [ 139.684024, 35.715388 ], [ 139.684235, 35.715527 ], [ 139.684377, 35.715604 ], [ 139.684399, 35.715615 ], [ 139.684591, 35.715709 ], [ 139.684729, 35.715765 ], [ 139.685034, 35.715843 ], [ 139.685313, 35.715918 ], [ 139.685501, 35.715922 ], [ 139.685593, 35.715924 ], [ 139.685763, 35.715928 ], [ 139.686076, 35.715946 ], [ 139.686347, 35.715985 ], [ 139.686589, 35.716005 ], [ 139.686868, 35.71599 ], [ 139.687077, 35.715956 ], [ 139.687091, 35.715954 ], [ 139.687114, 35.715948 ], [ 139.687039, 35.715778 ], [ 139.686958, 35.715644 ], [ 139.686727, 35.715166 ], [ 139.686701, 35.715113 ], [ 139.686627, 35.714926 ] ] ] } },
{ "type": "Feature", "properties": { "key": "新宿区|中井2丁目", "ward": "新宿区", "town": "中井２丁目" }, "geometry": { "type": "Polygon", "coordinates": [ [ [ 139.687385, 35.716491 ], [ 139.687377, 35.716475 ], [ 139.687284, 35.716285 ], [ 139.687176, 35.716042 ], [ 139.687116, 35.715952 ], [ 139.687114, 35.715948 ], [ 139.687091, 35.715954 ], [ 139.687077, 35.715956 ], [ 139.686868, 35.71599 ], [ 139.686589, 35.716005 ], [ 139.686347, 35.715985 ], [ 139.686076, 35.715946 ], [ 139.685763, 35.715928 ], [ 139.685593, 35.715924 ], [ 139.685501, 35.715922 ], [ 139.685313, 35.715918 ], [ 139.685034, 35.715843 ], [ 139.684729, 35.715765 ], [ 139.684591, 35.715709 ], [ 139.684399, 35.715615 ], [ 139.684377, 35.715604 ], [ 139.684235, 35.715527 ], [ 139.684024, 35.715388 ], [ 139.683914, 35.715334 ], [ 139.683402, 35.715097 ], [ 139.683347, 35.715085 ], [ 139.683338, 35.715083 ], [ 139.68282, 35.715061 ], [ 139.682564, 35.715127 ], [ 139.682524, 35.715137 ], [ 139.682493, 35.715145 ], [ 139.682296, 35.715154 ], [ 139.68209, 35.715146 ], [ 139.681919, 35.715103 ], [ 139.681733, 35.715035 ], [ 139.681692, 35.715005 ], [ 139.681616, 35.714961 ], [ 139.681363, 35.715019 ], [ 139.681079, 35.715052 ], [ 139.680882, 35.715116 ], [ 139.680754, 35.715152 ], [ 139.680477, 35.715208 ], [ 139.680035, 35.715331 ], [ 139.679688, 35.715422 ], [ 139.679279, 35.715539 ], [ 139.67924, 35.715574 ], [ 139.67911, 35.71562 ], [ 139.679139, 35.715724 ], [ 139.67927, 35.715717 ], [ 139.679313, 35.715825 ], [ 139.679378, 35.715942 ], [ 139.679439, 35.71605 ], [ 139.679442, 35.716058 ], [ 139.679543, 35.716323 ], [ 139.679498, 35.716468 ], [ 139.679416, 35.71661 ], [ 139.67937, 35.716639 ], [ 139.679202, 35.716601 ], [ 139.679192, 35.716657 ], [ 139.679066, 35.716917 ], [ 139.679142, 35.716972 ], [ 139.679086, 35.717147 ], [ 139.679211, 35.717148 ], [ 139.679377, 35.717124 ], [ 139.679667, 35.717011 ], [ 139.67983, 35.716961 ], [ 139.679894, 35.716965 ], [ 139.680029, 35.716966 ], [ 139.680567, 35.716919 ], [ 139.680879, 35.716872 ], [ 139.680939, 35.716862 ], [ 139.681266, 35.716807 ], [ 139.681279, 35.716804 ], [ 139.681382, 35.716773 ], [ 139.681509, 35.716721 ], [ 139.681769, 35.716728 ], [ 139.68212, 35.716773 ], [ 139.68244, 35.716785 ], [ 139.682526, 35.716787 ], [ 139.682824, 35.716846 ], [ 139.683261, 35.716959 ], [ 139.683428, 35.717045 ], [ 139.683601, 35.717121 ], [ 139.683766, 35.717243 ], [ 139.683935, 35.717514 ], [ 139.684035, 35.717639 ], [ 139.684099, 35.7177 ], [ 139.684122, 35.717719 ], [ 139.684125, 35.717722 ], [ 139.684247, 35.717764 ], [ 139.684416, 35.717857 ], [ 139.68465, 35.71797 ], [ 139.684876, 35.718081 ], [ 139.685114, 35.718167 ], [ 139.685531, 35.718341 ], [ 139.685787, 35.718471 ], [ 139.685847, 35.718487 ], [ 139.685972, 35.718541 ], [ 139.686457, 35.718808 ], [ 139.686536, 35.718862 ], [ 139.686695, 35.718939 ], [ 139.686875, 35.719009 ], [ 139.686921, 35.719039 ], [ 139.687294, 35.719256 ], [ 139.687385, 35.719334 ], [ 139.687459, 35.719376 ], [ 139.68753, 35.71941 ], [ 139.687771, 35.719435 ], [ 139.688399, 35.719403 ], [ 139.68841, 35.719402 ], [ 139.688595, 35.719272 ], [ 139.688809, 35.719128 ], [ 139.688882, 35.719067 ], [ 139.688926, 35.718859 ], [ 139.688927, 35.718854 ], [ 139.688873, 35.718796 ], [ 139.688443, 35.718344 ], [ 139.688299, 35.71819 ], [ 139.688133, 35.718005 ], [ 139.688111, 35.717971 ], [ 139.687961, 35.717759 ], [ 139.687786, 35.717419 ], [ 139.68757, 35.716928 ], [ 139.687385, 35.716491 ] ] ] } },
{ "type": "Feature", "properties": { "key": "新宿区|北新宿1丁目", "ward": "新宿区", "town": "北新宿１丁目" }, "geometry": { "type": "Polygon", "coordinates": [ [ [ 139.695052, 35.701848 ], [ 139.695183, 35.701856 ], [ 139.695232, 35.701672 ], [ 139.695343, 35.701411 ], [ 139.695409, 35.701278 ], [ 139.695629, 35.700836 ], [ 139.69566, 35.700788 ], [ 139.695768, 35.70062 ], [ 139.69584, 35.700509 ], [ 139.695939, 35.700355 ], [ 139.696048, 35.700184 ], [ 139.69614, 35.70004 ], [ 139.696326, 35.69975 ], [ 139.696524, 35.699429 ], [ 139.696605, 35.699297 ], [ 139.696726, 35.699103 ], [ 139.696778, 35.69902 ], [ 139.696899, 35.698824 ], [ 139.696935, 35.698767 ], [ 139.696964, 35.69872 ], [ 139.697291, 35.698179 ], [ 139.697416, 35.69795 ], [ 139.697337, 35.697929 ], [ 139.697014, 35.697873 ], [ 139.696845, 35.697844 ], [ 139.696754, 35.697828 ], [ 139.696723, 35.697822 ], [ 139.696304, 35.697749 ], [ 139.696282, 35.697745 ], [ 139.696114, 35.697716 ], [ 139.695939, 35.697689 ], [ 139.695918, 35.697685 ], [ 139.695885, 35.69768 ], [ 139.695844, 35.697673 ], [ 139.695816, 35.697669 ], [ 139.695419, 35.697604 ], [ 139.69537, 35.697596 ], [ 139.69498, 35.697532 ], [ 139.694949, 35.697526 ], [ 139.694832, 35.697507 ], [ 139.694568, 35.697464 ], [ 139.694385, 35.697433 ], [ 139.694144, 35.697394 ], [ 139.694062, 35.697382 ], [ 139.693535, 35.697308 ], [ 139.693387, 35.697287 ], [ 139.693075, 35.697243 ], [ 139.692929, 35.697223 ], [ 139.692824, 35.697208 ], [ 139.692757, 35.697198 ], [ 139.692356, 35.697148 ], [ 139.69193, 35.697095 ], [ 139.691788, 35.697077 ], [ 139.691703, 35.697066 ], [ 139.69164, 35.697058 ], [ 139.691306, 35.697054 ], [ 139.691275, 35.697053 ], [ 139.69111, 35.697044 ], [ 139.690884, 35.697046 ], [ 139.690857, 35.697046 ], [ 139.690696, 35.697017 ], [ 139.690604, 35.6969 ], [ 139.690524, 35.6969 ], [ 139.690512, 35.696941 ], [ 139.690474, 35.697073 ], [ 139.69053, 35.697352 ], [ 139.690533, 35.697366 ], [ 139.690632, 35.697786 ], [ 139.690716, 35.698041 ], [ 139.690772, 35.698106 ], [ 139.690944, 35.698275 ], [ 139.69099, 35.698337 ], [ 139.691087, 35.698535 ], [ 139.691095, 35.69868 ], [ 139.691108, 35.698916 ], [ 139.69111, 35.698947 ], [ 139.691117, 35.698975 ], [ 139.691125, 35.699141 ], [ 139.691195, 35.699481 ], [ 139.691206, 35.699553 ], [ 139.691218, 35.699645 ], [ 139.691243, 35.69982 ], [ 139.691241, 35.700089 ], [ 139.69121, 35.700235 ], [ 139.691207, 35.700243 ], [ 139.69114, 35.700405 ], [ 139.69108, 35.70055 ], [ 139.691042, 35.700633 ], [ 139.690923, 35.700969 ], [ 139.690866, 35.701154 ], [ 139.690817, 35.701311 ], [ 139.690766, 35.70139 ], [ 139.69072, 35.701464 ], [ 139.690572, 35.701697 ], [ 139.690619, 35.701698 ], [ 139.690634, 35.701699 ], [ 139.690798, 35.70171 ], [ 139.690992, 35.701725 ], [ 139.691217, 35.701742 ], [ 139.691307, 35.701748 ], [ 139.691651, 35.701779 ], [ 139.691694, 35.701783 ], [ 139.691843, 35.701796 ], [ 139.692186, 35.701825 ], [ 139.692554, 35.701857 ], [ 139.692593, 35.70186 ], [ 139.692692, 35.701868 ], [ 139.692932, 35.701889 ], [ 139.693089, 35.701902 ], [ 139.693099, 35.701903 ], [ 139.693312, 35.701924 ], [ 139.693326, 35.701925 ], [ 139.693333, 35.701926 ], [ 139.693403, 35.701931 ], [ 139.693626, 35.701948 ], [ 139.693645, 35.701947 ], [ 139.693852, 35.701938 ], [ 139.694076, 35.701918 ], [ 139.694148, 35.701912 ], [ 139.694476, 35.701898 ], [ 139.694491, 35.701896 ], [ 139.695052, 35.701848 ] ] ] } },
{ "type": "Feature", "properties": { "key": "新宿区|北新宿2丁目", "ward": "新宿区", "town": "北新宿２丁目" }, "geometry": { "type": "Polygon", "coordinates": [ [ [ 139.68953, 35.695465 ], [ 139.688967, 35.695599 ], [ 139.688832, 35.695629 ], [ 139.68843, 35.695727 ], [ 139.688314, 35.695758 ], [ 139.688122, 35.695822 ], [ 139.687991, 35.695866 ], [ 139.687975, 35.695871 ], [ 139.687957, 35.695877 ], [ 139.687774, 35.69594 ], [ 139.687595, 35.696003 ], [ 139.687024, 35.696205 ], [ 139.686959, 35.696229 ], [ 139.686601, 35.696362 ], [ 139.686626, 35.696401 ], [ 139.686639, 35.696421 ], [ 139.686841, 35.696906 ], [ 139.686926, 35.697047 ], [ 139.686959, 35.697102 ], [ 139.687057, 35.697228 ], [ 139.687306, 35.697575 ], [ 139.687349, 35.697621 ], [ 139.687661, 35.69796 ], [ 139.687798, 35.698098 ], [ 139.68795, 35.698284 ], [ 139.688014, 35.698385 ], [ 139.688031, 35.698411 ], [ 139.688071, 35.698468 ], [ 139.688202, 35.698685 ], [ 139.68826, 35.698828 ], [ 139.688296, 35.698932 ], [ 139.688331, 35.699148 ], [ 139.688351, 35.699221 ], [ 139.688371, 35.699527 ], [ 139.688373, 35.699556 ], [ 139.688362, 35.699687 ], [ 139.68836, 35.699706 ], [ 139.688337, 35.699905 ], [ 139.68832, 35.700018 ], [ 139.688232, 35.7003 ], [ 139.688096, 35.700563 ], [ 139.687981, 35.700736 ], [ 139.68779, 35.701025 ], [ 139.687728, 35.701134 ], [ 139.687602, 35.701355 ], [ 139.687547, 35.701494 ], [ 139.687496, 35.701611 ], [ 139.687609, 35.701614 ], [ 139.687851, 35.701622 ], [ 139.688321, 35.701634 ], [ 139.688353, 35.701634 ], [ 139.688585, 35.70164 ], [ 139.688799, 35.701645 ], [ 139.689129, 35.701653 ], [ 139.689521, 35.701663 ], [ 139.689543, 35.701664 ], [ 139.68988, 35.701671 ], [ 139.689918, 35.701672 ], [ 139.689976, 35.701673 ], [ 139.690256, 35.701684 ], [ 139.690572, 35.701697 ], [ 139.69072, 35.701464 ], [ 139.690766, 35.70139 ], [ 139.690817, 35.701311 ], [ 139.690866, 35.701154 ], [ 139.690923, 35.700969 ], [ 139.691042, 35.700633 ], [ 139.69108, 35.70055 ], [ 139.69114, 35.700405 ], [ 139.691207, 35.700243 ], [ 139.69121, 35.700235 ], [ 139.691241, 35.700089 ], [ 139.691243, 35.69982 ], [ 139.691218, 35.699645 ], [ 139.691206, 35.699553 ], [ 139.691195, 35.699481 ], [ 139.691125, 35.699141 ], [ 139.691117, 35.698975 ], [ 139.69111, 35.698947 ], [ 139.691108, 35.698916 ], [ 139.691095, 35.69868 ], [ 139.691087, 35.698535 ], [ 139.69099, 35.698337 ], [ 139.690944, 35.698275 ], [ 139.690772, 35.698106 ], [ 139.690716, 35.698041 ], [ 139.690632, 35.697786 ], [ 139.690533, 35.697366 ], [ 139.69053, 35.697352 ], [ 139.690474, 35.697073 ], [ 139.690512, 35.696941 ], [ 139.690524, 35.6969 ], [ 139.690381, 35.69667 ], [ 139.690259, 35.696534 ], [ 139.690111, 35.696355 ], [ 139.690108, 35.696352 ], [ 139.689887, 35.696072 ], [ 139.689801, 35.695969 ], [ 139.689644, 35.69572 ], [ 139.68953, 35.695465 ] ] ] } },
{ "type": "Feature", "properties": { "key": "新宿区|北新宿3丁目", "ward": "新宿区", "town": "北新宿３丁目" }, "geometry": { "type": "Polygon", "coordinates": [ [ [ 139.695183, 35.701856 ], [ 139.695052, 35.701848 ], [ 139.694491, 35.701896 ], [ 139.694476, 35.701898 ], [ 139.694148, 35.701912 ], [ 139.694076, 35.701918 ], [ 139.693852, 35.701938 ], [ 139.693645, 35.701947 ], [ 139.693626, 35.701948 ], [ 139.693403, 35.701931 ], [ 139.693333, 35.701926 ], [ 139.693326, 35.701925 ], [ 139.693312, 35.701924 ], [ 139.693099, 35.701903 ], [ 139.693089, 35.701902 ], [ 139.692932, 35.701889 ], [ 139.692692, 35.701868 ], [ 139.692593, 35.70186 ], [ 139.692554, 35.701857 ], [ 139.692186, 35.701825 ], [ 139.691843, 35.701796 ], [ 139.691694, 35.701783 ], [ 139.691651, 35.701779 ], [ 139.691307, 35.701748 ], [ 139.691217, 35.701742 ], [ 139.690992, 35.701725 ], [ 139.690798, 35.70171 ], [ 139.690634, 35.701699 ], [ 139.690619, 35.701698 ], [ 139.690572, 35.701697 ], [ 139.690256, 35.701684 ], [ 139.689976, 35.701673 ], [ 139.689918, 35.701672 ], [ 139.68988, 35.701671 ], [ 139.689543, 35.701664 ], [ 139.689521, 35.701663 ], [ 139.689129, 35.701653 ], [ 139.688799, 35.701645 ], [ 139.688585, 35.70164 ], [ 139.688353, 35.701634 ], [ 139.688321, 35.701634 ], [ 139.687851, 35.701622 ], [ 139.687609, 35.701614 ], [ 139.687496, 35.701611 ], [ 139.687404, 35.701829 ], [ 139.687381, 35.702308 ], [ 139.687385, 35.702551 ], [ 139.687402, 35.703065 ], [ 139.687405, 35.703431 ], [ 139.687414, 35.70363 ], [ 139.687423, 35.703823 ], [ 139.687472, 35.704158 ], [ 139.68752, 35.704377 ], [ 139.687599, 35.704596 ], [ 139.687637, 35.704764 ], [ 139.68764, 35.704775 ], [ 139.687656, 35.704847 ], [ 139.687659, 35.70486 ], [ 139.687744, 35.705188 ], [ 139.687786, 35.705319 ], [ 139.687877, 35.705526 ], [ 139.68792, 35.705673 ], [ 139.687994, 35.705923 ], [ 139.688024, 35.706024 ], [ 139.688203, 35.705984 ], [ 139.688556, 35.705931 ], [ 139.688801, 35.705895 ], [ 139.688961, 35.705867 ], [ 139.689466, 35.705779 ], [ 139.689478, 35.705777 ], [ 139.689681, 35.705745 ], [ 139.68989, 35.7057 ], [ 139.689956, 35.705675 ], [ 139.689997, 35.705659 ], [ 139.690349, 35.705548 ], [ 139.690489, 35.705522 ], [ 139.690751, 35.705452 ], [ 139.690912, 35.705408 ], [ 139.691, 35.705385 ], [ 139.691365, 35.705264 ], [ 139.69159, 35.705186 ], [ 139.692069, 35.70503 ], [ 139.692438, 35.704872 ], [ 139.692667, 35.70476 ], [ 139.692933, 35.704629 ], [ 139.693236, 35.704472 ], [ 139.693706, 35.704205 ], [ 139.694007, 35.703998 ], [ 139.694127, 35.703916 ], [ 139.694396, 35.703722 ], [ 139.694425, 35.703701 ], [ 139.694444, 35.703687 ], [ 139.694619, 35.703557 ], [ 139.694798, 35.703392 ], [ 139.694873, 35.703323 ], [ 139.694882, 35.703277 ], [ 139.694906, 35.70314 ], [ 139.694923, 35.703043 ], [ 139.694924, 35.703039 ], [ 139.694941, 35.70294 ], [ 139.694967, 35.702796 ], [ 139.694975, 35.702752 ], [ 139.695044, 35.702342 ], [ 139.695067, 35.702248 ], [ 139.695101, 35.70211 ], [ 139.695183, 35.701856 ] ] ] } },
{ "type": "Feature", "properties": { "key": "新宿区|北新宿4丁目", "ward": "新宿区", "town": "北新宿４丁目" }, "geometry": { "type": "Polygon", "coordinates": [ [ [ 139.694873, 35.703323 ], [ 139.694798, 35.703392 ], [ 139.694619, 35.703557 ], [ 139.694444, 35.703687 ], [ 139.694425, 35.703701 ], [ 139.694396, 35.703722 ], [ 139.694127, 35.703916 ], [ 139.694007, 35.703998 ], [ 139.693706, 35.704205 ], [ 139.693236, 35.704472 ], [ 139.692933, 35.704629 ], [ 139.692667, 35.70476 ], [ 139.692438, 35.704872 ], [ 139.692069, 35.70503 ], [ 139.69159, 35.705186 ], [ 139.691365, 35.705264 ], [ 139.691, 35.705385 ], [ 139.690912, 35.705408 ], [ 139.690751, 35.705452 ], [ 139.690489, 35.705522 ], [ 139.690349, 35.705548 ], [ 139.689997, 35.705659 ], [ 139.689956, 35.705675 ], [ 139.68989, 35.7057 ], [ 139.689681, 35.705745 ], [ 139.689478, 35.705777 ], [ 139.689466, 35.705779 ], [ 139.688961, 35.705867 ], [ 139.688801, 35.705895 ], [ 139.688556, 35.705931 ], [ 139.688203, 35.705984 ], [ 139.688024, 35.706024 ], [ 139.688044, 35.70608 ], [ 139.688127, 35.706311 ], [ 139.688142, 35.706355 ], [ 139.68817, 35.706445 ], [ 139.68828, 35.706797 ], [ 139.688385, 35.707056 ], [ 139.688435, 35.707134 ], [ 139.688555, 35.707307 ], [ 139.688825, 35.707504 ], [ 139.689085, 35.707645 ], [ 139.689593, 35.707899 ], [ 139.69018, 35.708205 ], [ 139.690269, 35.708251 ], [ 139.690314, 35.708275 ], [ 139.690469, 35.708358 ], [ 139.690736, 35.708499 ], [ 139.691012, 35.708657 ], [ 139.691139, 35.708729 ], [ 139.691391, 35.708922 ], [ 139.691529, 35.709027 ], [ 139.691716, 35.709156 ], [ 139.691897, 35.70928 ], [ 139.692043, 35.709353 ], [ 139.692258, 35.709421 ], [ 139.69229, 35.70943 ], [ 139.692527, 35.709489 ], [ 139.69272, 35.709538 ], [ 139.692823, 35.709577 ], [ 139.693009, 35.709649 ], [ 139.693221, 35.709792 ], [ 139.693404, 35.709949 ], [ 139.693538, 35.709831 ], [ 139.693585, 35.709797 ], [ 139.693581, 35.7097 ], [ 139.693587, 35.709603 ], [ 139.693669, 35.709497 ], [ 139.693711, 35.709443 ], [ 139.693926, 35.709394 ], [ 139.693938, 35.709349 ], [ 139.693999, 35.709114 ], [ 139.694041, 35.708919 ], [ 139.694047, 35.708894 ], [ 139.694059, 35.708837 ], [ 139.694131, 35.708515 ], [ 139.694156, 35.708406 ], [ 139.694224, 35.708148 ], [ 139.694279, 35.707938 ], [ 139.694291, 35.707848 ], [ 139.694301, 35.707768 ], [ 139.6943, 35.70758 ], [ 139.694292, 35.707181 ], [ 139.694292, 35.70716 ], [ 139.694289, 35.706993 ], [ 139.694284, 35.706787 ], [ 139.694281, 35.706663 ], [ 139.694275, 35.706504 ], [ 139.694281, 35.706327 ], [ 139.694276, 35.706287 ], [ 139.694271, 35.706108 ], [ 139.694271, 35.706106 ], [ 139.694307, 35.705926 ], [ 139.69433, 35.705782 ], [ 139.694362, 35.705747 ], [ 139.694364, 35.705738 ], [ 139.694376, 35.70568 ], [ 139.694399, 35.705553 ], [ 139.694427, 35.705366 ], [ 139.694436, 35.705331 ], [ 139.694504, 35.70507 ], [ 139.694535, 35.704947 ], [ 139.694557, 35.704931 ], [ 139.694635, 35.704607 ], [ 139.694684, 35.704305 ], [ 139.694729, 35.704122 ], [ 139.694792, 35.703865 ], [ 139.694828, 35.703622 ], [ 139.694867, 35.703358 ], [ 139.694873, 35.703323 ] ] ] } },
{ "type": "Feature", "properties": { "key": "新宿区|西新宿1丁目", "ward": "新宿区", "town": "西新宿１丁目" }, "geometry": { "type": "Polygon", "coordinates": [ [ [ 139.69717, 35.692853 ], [ 139.69735, 35.692921 ], [ 139.697479, 35.69297 ], [ 139.69744, 35.693172 ], [ 139.697486, 35.693242 ], [ 139.697647, 35.693299 ], [ 139.69781, 35.693371 ], [ 139.698047, 35.693465 ], [ 139.698876, 35.693517 ], [ 139.699133, 35.693504 ], [ 139.69916, 35.693499 ], [ 139.69961, 35.693437 ], [ 139.699642, 35.693426 ], [ 139.699651, 35.693425 ], [ 139.699655, 35.693422 ], [ 139.699853, 35.692689 ], [ 139.699868, 35.692409 ], [ 139.699823, 35.692417 ], [ 139.699862, 35.692076 ], [ 139.699807, 35.691724 ], [ 139.699849, 35.691718 ], [ 139.699792, 35.691138 ], [ 139.699789, 35.690713 ], [ 139.699907, 35.689776 ], [ 139.700139, 35.688819 ], [ 139.700154, 35.68876 ], [ 139.70008, 35.688739 ], [ 139.699822, 35.688668 ], [ 139.699893, 35.688488 ], [ 139.699529, 35.688352 ], [ 139.699396, 35.688714 ], [ 139.699253, 35.688653 ], [ 139.698974, 35.688538 ], [ 139.698926, 35.688519 ], [ 139.698374, 35.688295 ], [ 139.697909, 35.688119 ], [ 139.697534, 35.687959 ], [ 139.697143, 35.687783 ], [ 139.696765, 35.68759 ], [ 139.69657, 35.687508 ], [ 139.696482, 35.687467 ], [ 139.696163, 35.687318 ], [ 139.69576, 35.687138 ], [ 139.695644, 35.687527 ], [ 139.695599, 35.687521 ], [ 139.695486, 35.687887 ], [ 139.695333, 35.688433 ], [ 139.695092, 35.689233 ], [ 139.695088, 35.689247 ], [ 139.694906, 35.689914 ], [ 139.694669, 35.690904 ], [ 139.694657, 35.690954 ], [ 139.694306, 35.69234 ], [ 139.694277, 35.692406 ], [ 139.694178, 35.692487 ], [ 139.694153, 35.692501 ], [ 139.694188, 35.69258 ], [ 139.694271, 35.692683 ], [ 139.694564, 35.69318 ], [ 139.694857, 35.693684 ], [ 139.694866, 35.693694 ], [ 139.695585, 35.693494 ], [ 139.696124, 35.693342 ], [ 139.696491, 35.693245 ], [ 139.696718, 35.693175 ], [ 139.696971, 35.693102 ], [ 139.69709, 35.693068 ], [ 139.69717, 35.692853 ] ] ] } },
{ "type": "Feature", "properties": { "key": "新宿区|西新宿2丁目", "ward": "新宿区", "town": "西新宿２丁目" }, "geometry": { "type": "Polygon", "coordinates": [ [ [ 139.689338, 35.686105 ], [ 139.689228, 35.686587 ], [ 139.689142, 35.687056 ], [ 139.689103, 35.687224 ], [ 139.689097, 35.687246 ], [ 139.689097, 35.68725 ], [ 139.68905, 35.687501 ], [ 139.68901, 35.687716 ], [ 139.68898, 35.687877 ], [ 139.688975, 35.687905 ], [ 139.68893, 35.688071 ], [ 139.688901, 35.688206 ], [ 139.68879, 35.688749 ], [ 139.688768, 35.688807 ], [ 139.688664, 35.689032 ], [ 139.688485, 35.689276 ], [ 139.688326, 35.689476 ], [ 139.688029, 35.68982 ], [ 139.687962, 35.689919 ], [ 139.687805, 35.690122 ], [ 139.687798, 35.69013 ], [ 139.687532, 35.690454 ], [ 139.68744, 35.690606 ], [ 139.687385, 35.69067 ], [ 139.687351, 35.690711 ], [ 139.687266, 35.690895 ], [ 139.687225, 35.691004 ], [ 139.68753, 35.691095 ], [ 139.68769, 35.691155 ], [ 139.687786, 35.691197 ], [ 139.688208, 35.691381 ], [ 139.688272, 35.691409 ], [ 139.688457, 35.691479 ], [ 139.688845, 35.691626 ], [ 139.688852, 35.691627 ], [ 139.689367, 35.69171 ], [ 139.689379, 35.691712 ], [ 139.690303, 35.691869 ], [ 139.690319, 35.691872 ], [ 139.691726, 35.692091 ], [ 139.692262, 35.692191 ], [ 139.693056, 35.692339 ], [ 139.694002, 35.692474 ], [ 139.694178, 35.692487 ], [ 139.694277, 35.692406 ], [ 139.694306, 35.69234 ], [ 139.694657, 35.690954 ], [ 139.694669, 35.690904 ], [ 139.694906, 35.689914 ], [ 139.695088, 35.689247 ], [ 139.695092, 35.689233 ], [ 139.695333, 35.688433 ], [ 139.695486, 35.687887 ], [ 139.695599, 35.687521 ], [ 139.695479, 35.6875 ], [ 139.694988, 35.687396 ], [ 139.694494, 35.687339 ], [ 139.694324, 35.687324 ], [ 139.694301, 35.687322 ], [ 139.694133, 35.687308 ], [ 139.692946, 35.687121 ], [ 139.692314, 35.687022 ], [ 139.69228, 35.687015 ], [ 139.692107, 35.686983 ], [ 139.691844, 35.686951 ], [ 139.691541, 35.686901 ], [ 139.691531, 35.686899 ], [ 139.690829, 35.68679 ], [ 139.690667, 35.686761 ], [ 139.690501, 35.686698 ], [ 139.690069, 35.686479 ], [ 139.689703, 35.68626 ], [ 139.689655, 35.68624 ], [ 139.68954, 35.68619 ], [ 139.689417, 35.686138 ], [ 139.689338, 35.686105 ] ] ] } },
{ "type": "Feature", "properties": { "key": "新宿区|西新宿3丁目", "ward": "新宿区", "town": "西新宿３丁目" }, "geometry": { "type": "Polygon", "coordinates": [ [ [ 139.693454, 35.68578 ], [ 139.693372, 35.685852 ], [ 139.693327, 35.685819 ], [ 139.69304, 35.685608 ], [ 139.692918, 35.685518 ], [ 139.692313, 35.685069 ], [ 139.692009, 35.684842 ], [ 139.691888, 35.684754 ], [ 139.691461, 35.684441 ], [ 139.691331, 35.684349 ], [ 139.69121, 35.684287 ], [ 139.690854, 35.684102 ], [ 139.690751, 35.684048 ], [ 139.690294, 35.683755 ], [ 139.690086, 35.683585 ], [ 139.689967, 35.683535 ], [ 139.689766, 35.683409 ], [ 139.68949, 35.683227 ], [ 139.689455, 35.6832 ], [ 139.68942, 35.683172 ], [ 139.689269, 35.683074 ], [ 139.689208, 35.683035 ], [ 139.689195, 35.683026 ], [ 139.688584, 35.682595 ], [ 139.688365, 35.682451 ], [ 139.688218, 35.682358 ], [ 139.687795, 35.682081 ], [ 139.68751, 35.681882 ], [ 139.687406, 35.68181 ], [ 139.687385, 35.681795 ], [ 139.686409, 35.682845 ], [ 139.686287, 35.682957 ], [ 139.686027, 35.683302 ], [ 139.685848, 35.683579 ], [ 139.685824, 35.683617 ], [ 139.685645, 35.684036 ], [ 139.686314, 35.684407 ], [ 139.686325, 35.684414 ], [ 139.68663, 35.684588 ], [ 139.686986, 35.684791 ], [ 139.68745, 35.685057 ], [ 139.687488, 35.685079 ], [ 139.687519, 35.685096 ], [ 139.687765, 35.685234 ], [ 139.68777, 35.685237 ], [ 139.687973, 35.685351 ], [ 139.688006, 35.68537 ], [ 139.688095, 35.685418 ], [ 139.688107, 35.685424 ], [ 139.688291, 35.685528 ], [ 139.688296, 35.685531 ], [ 139.688414, 35.685599 ], [ 139.688705, 35.685765 ], [ 139.688993, 35.685929 ], [ 139.689036, 35.685953 ], [ 139.689338, 35.686105 ], [ 139.689417, 35.686138 ], [ 139.68954, 35.68619 ], [ 139.689655, 35.68624 ], [ 139.689703, 35.68626 ], [ 139.690069, 35.686479 ], [ 139.690501, 35.686698 ], [ 139.690667, 35.686761 ], [ 139.690829, 35.68679 ], [ 139.691531, 35.686899 ], [ 139.691541, 35.686901 ], [ 139.691844, 35.686951 ], [ 139.692107, 35.686983 ], [ 139.69228, 35.687015 ], [ 139.692314, 35.687022 ], [ 139.692946, 35.687121 ], [ 139.694133, 35.687308 ], [ 139.694301, 35.687322 ], [ 139.694324, 35.687324 ], [ 139.694494, 35.687339 ], [ 139.694988, 35.687396 ], [ 139.695479, 35.6875 ], [ 139.695599, 35.687521 ], [ 139.695644, 35.687527 ], [ 139.69576, 35.687138 ], [ 139.69563, 35.68708 ], [ 139.695358, 35.686951 ], [ 139.694846, 35.686694 ], [ 139.693854, 35.686097 ], [ 139.693763, 35.686029 ], [ 139.693454, 35.68578 ] ] ] } },
{ "type": "Feature", "properties": { "key": "新宿区|西新宿4丁目", "ward": "新宿区", "town": "西新宿４丁目" }, "geometry": { "type": "Polygon", "coordinates": [ [ [ 139.68901, 35.687716 ], [ 139.68905, 35.687501 ], [ 139.689097, 35.68725 ], [ 139.689097, 35.687246 ], [ 139.689103, 35.687224 ], [ 139.689142, 35.687056 ], [ 139.689228, 35.686587 ], [ 139.689338, 35.686105 ], [ 139.689036, 35.685953 ], [ 139.688993, 35.685929 ], [ 139.688705, 35.685765 ], [ 139.688414, 35.685599 ], [ 139.688296, 35.685531 ], [ 139.688291, 35.685528 ], [ 139.688107, 35.685424 ], [ 139.688095, 35.685418 ], [ 139.688006, 35.68537 ], [ 139.687973, 35.685351 ], [ 139.68777, 35.685237 ], [ 139.687765, 35.685234 ], [ 139.687519, 35.685096 ], [ 139.687488, 35.685079 ], [ 139.68745, 35.685057 ], [ 139.686986, 35.684791 ], [ 139.68663, 35.684588 ], [ 139.686325, 35.684414 ], [ 139.686314, 35.684407 ], [ 139.685645, 35.684036 ], [ 139.685613, 35.684111 ], [ 139.685642, 35.684131 ], [ 139.685613, 35.684213 ], [ 139.68559, 35.68428 ], [ 139.68548, 35.684532 ], [ 139.685313, 35.684813 ], [ 139.684982, 35.68537 ], [ 139.684964, 35.685395 ], [ 139.68489, 35.685564 ], [ 139.684878, 35.685596 ], [ 139.684872, 35.685612 ], [ 139.684787, 35.68584 ], [ 139.684773, 35.685903 ], [ 139.684759, 35.685944 ], [ 139.684717, 35.686119 ], [ 139.684717, 35.686139 ], [ 139.684713, 35.68637 ], [ 139.684729, 35.68637 ], [ 139.68474, 35.686371 ], [ 139.684875, 35.686377 ], [ 139.68513, 35.686388 ], [ 139.685579, 35.686411 ], [ 139.685626, 35.686414 ], [ 139.685624, 35.686431 ], [ 139.685604, 35.686732 ], [ 139.685602, 35.686746 ], [ 139.685576, 35.686889 ], [ 139.685523, 35.687183 ], [ 139.685531, 35.687201 ], [ 139.685542, 35.687227 ], [ 139.685779, 35.687295 ], [ 139.68578, 35.687296 ], [ 139.685806, 35.687314 ], [ 139.68581, 35.687329 ], [ 139.685819, 35.687349 ], [ 139.685818, 35.687371 ], [ 139.685755, 35.687631 ], [ 139.685717, 35.687775 ], [ 139.685207, 35.687683 ], [ 139.685187, 35.687679 ], [ 139.685064, 35.687656 ], [ 139.684993, 35.687642 ], [ 139.684497, 35.687545 ], [ 139.684375, 35.687517 ], [ 139.683961, 35.687421 ], [ 139.683726, 35.687695 ], [ 139.683662, 35.68777 ], [ 139.68364, 35.687795 ], [ 139.683655, 35.687802 ], [ 139.683641, 35.687816 ], [ 139.683503, 35.687967 ], [ 139.683387, 35.688178 ], [ 139.683356, 35.68824 ], [ 139.683326, 35.688361 ], [ 139.683315, 35.688493 ], [ 139.683315, 35.688496 ], [ 139.683169, 35.688596 ], [ 139.683376, 35.689052 ], [ 139.683385, 35.68908 ], [ 139.683324, 35.689087 ], [ 139.683336, 35.689178 ], [ 139.683417, 35.689184 ], [ 139.683422, 35.689199 ], [ 139.683473, 35.689364 ], [ 139.684199, 35.689681 ], [ 139.684684, 35.689892 ], [ 139.684866, 35.689973 ], [ 139.685283, 35.690157 ], [ 139.685324, 35.690176 ], [ 139.685523, 35.690265 ], [ 139.685709, 35.690348 ], [ 139.685758, 35.69037 ], [ 139.686273, 35.690602 ], [ 139.68674, 35.690812 ], [ 139.686865, 35.690867 ], [ 139.686995, 35.690923 ], [ 139.687135, 35.690976 ], [ 139.687201, 35.691001 ], [ 139.687225, 35.691004 ], [ 139.687266, 35.690895 ], [ 139.687351, 35.690711 ], [ 139.687385, 35.69067 ], [ 139.68744, 35.690606 ], [ 139.687532, 35.690454 ], [ 139.687798, 35.69013 ], [ 139.687805, 35.690122 ], [ 139.687962, 35.689919 ], [ 139.688029, 35.68982 ], [ 139.688326, 35.689476 ], [ 139.688485, 35.689276 ], [ 139.688664, 35.689032 ], [ 139.688768, 35.688807 ], [ 139.68879, 35.688749 ], [ 139.688901, 35.688206 ], [ 139.68893, 35.688071 ], [ 139.688975, 35.687905 ], [ 139.68898, 35.687877 ], [ 139.68901, 35.687716 ] ] ] } },
{ "type": "Feature", "properties": { "key": "新宿区|西新宿5丁目", "ward": "新宿区", "town": "西新宿５丁目" }, "geometry": { "type": "Polygon", "coordinates": [ [ [ 139.686944, 35.692083 ], [ 139.686958, 35.69195 ], [ 139.68696, 35.691932 ], [ 139.686996, 35.691792 ], [ 139.687002, 35.691766 ], [ 139.687057, 35.691551 ], [ 139.687105, 35.691362 ], [ 139.68711, 35.691341 ], [ 139.687201, 35.691001 ], [ 139.687135, 35.690976 ], [ 139.686995, 35.690923 ], [ 139.686865, 35.690867 ], [ 139.68674, 35.690812 ], [ 139.686273, 35.690602 ], [ 139.685758, 35.69037 ], [ 139.685709, 35.690348 ], [ 139.685523, 35.690265 ], [ 139.685324, 35.690176 ], [ 139.685283, 35.690157 ], [ 139.684866, 35.689973 ], [ 139.684684, 35.689892 ], [ 139.684199, 35.689681 ], [ 139.683473, 35.689364 ], [ 139.683559, 35.689497 ], [ 139.683552, 35.689527 ], [ 139.683601, 35.689562 ], [ 139.683595, 35.68957 ], [ 139.683649, 35.689594 ], [ 139.683704, 35.689619 ], [ 139.683795, 35.68966 ], [ 139.683709, 35.689788 ], [ 139.683703, 35.689797 ], [ 139.683707, 35.689804 ], [ 139.683732, 35.689846 ], [ 139.683746, 35.689882 ], [ 139.683779, 35.689972 ], [ 139.683998, 35.690082 ], [ 139.684001, 35.690088 ], [ 139.684033, 35.690175 ], [ 139.684059, 35.690206 ], [ 139.684341, 35.690525 ], [ 139.6844, 35.690505 ], [ 139.68443, 35.69062 ], [ 139.684471, 35.690708 ], [ 139.684486, 35.69073 ], [ 139.684548, 35.690814 ], [ 139.68459, 35.690826 ], [ 139.684599, 35.690909 ], [ 139.684644, 35.690965 ], [ 139.684791, 35.691194 ], [ 139.684854, 35.691279 ], [ 139.684875, 35.691393 ], [ 139.684491, 35.691635 ], [ 139.684216, 35.691804 ], [ 139.68427, 35.69186 ], [ 139.684369, 35.691946 ], [ 139.684456, 35.692038 ], [ 139.684481, 35.69211 ], [ 139.684471, 35.692114 ], [ 139.684468, 35.692115 ], [ 139.684434, 35.69213 ], [ 139.68372, 35.692107 ], [ 139.683652, 35.692262 ], [ 139.683599, 35.692423 ], [ 139.683554, 35.692542 ], [ 139.683649, 35.692618 ], [ 139.683919, 35.692762 ], [ 139.684206, 35.692924 ], [ 139.68454, 35.693194 ], [ 139.684696, 35.693337 ], [ 139.684906, 35.693514 ], [ 139.685053, 35.693648 ], [ 139.6851, 35.693689 ], [ 139.685288, 35.693888 ], [ 139.685414, 35.694059 ], [ 139.685536, 35.694223 ], [ 139.685654, 35.694495 ], [ 139.6857, 35.69459 ], [ 139.685767, 35.694729 ], [ 139.685891, 35.694992 ], [ 139.68591, 35.695029 ], [ 139.686132, 35.695457 ], [ 139.686221, 35.695611 ], [ 139.686367, 35.695957 ], [ 139.686476, 35.696163 ], [ 139.686601, 35.696362 ], [ 139.686959, 35.696229 ], [ 139.687024, 35.696205 ], [ 139.687595, 35.696003 ], [ 139.687774, 35.69594 ], [ 139.687957, 35.695877 ], [ 139.687975, 35.695871 ], [ 139.687991, 35.695866 ], [ 139.688122, 35.695822 ], [ 139.688314, 35.695758 ], [ 139.688201, 35.695594 ], [ 139.688005, 35.695333 ], [ 139.68794, 35.695229 ], [ 139.68783, 35.695077 ], [ 139.687728, 35.694936 ], [ 139.687657, 35.694839 ], [ 139.687606, 35.694765 ], [ 139.687587, 35.694738 ], [ 139.687546, 35.694681 ], [ 139.687463, 35.694564 ], [ 139.687406, 35.694478 ], [ 139.68719, 35.694155 ], [ 139.687125, 35.69396 ], [ 139.687124, 35.693958 ], [ 139.687096, 35.693878 ], [ 139.687078, 35.693759 ], [ 139.687064, 35.693672 ], [ 139.687052, 35.693592 ], [ 139.68702, 35.693345 ], [ 139.686976, 35.693001 ], [ 139.686977, 35.692871 ], [ 139.686978, 35.692783 ], [ 139.686955, 35.692646 ], [ 139.686946, 35.692589 ], [ 139.686939, 35.692551 ], [ 139.686932, 35.692342 ], [ 139.686936, 35.692325 ], [ 139.686944, 35.692083 ] ] ] } },
{ "type": "Feature", "properties": { "key": "新宿区|西新宿6丁目", "ward": "新宿区", "town": "西新宿６丁目" }, "geometry": { "type": "Polygon", "coordinates": [ [ [ 139.687201, 35.691001 ], [ 139.68711, 35.691341 ], [ 139.687105, 35.691362 ], [ 139.687057, 35.691551 ], [ 139.687002, 35.691766 ], [ 139.686996, 35.691792 ], [ 139.68696, 35.691932 ], [ 139.686958, 35.69195 ], [ 139.686944, 35.692083 ], [ 139.686936, 35.692325 ], [ 139.686932, 35.692342 ], [ 139.686939, 35.692551 ], [ 139.686946, 35.692589 ], [ 139.686955, 35.692646 ], [ 139.686978, 35.692783 ], [ 139.686977, 35.692871 ], [ 139.686976, 35.693001 ], [ 139.68702, 35.693345 ], [ 139.687052, 35.693592 ], [ 139.687064, 35.693672 ], [ 139.687078, 35.693759 ], [ 139.687096, 35.693878 ], [ 139.687124, 35.693958 ], [ 139.687125, 35.69396 ], [ 139.68719, 35.694155 ], [ 139.687406, 35.694478 ], [ 139.687463, 35.694564 ], [ 139.687546, 35.694681 ], [ 139.687587, 35.694738 ], [ 139.687606, 35.694765 ], [ 139.687657, 35.694839 ], [ 139.687728, 35.694936 ], [ 139.68783, 35.695077 ], [ 139.68794, 35.695229 ], [ 139.688005, 35.695333 ], [ 139.688201, 35.695594 ], [ 139.688314, 35.695758 ], [ 139.68843, 35.695727 ], [ 139.688832, 35.695629 ], [ 139.688967, 35.695599 ], [ 139.68953, 35.695465 ], [ 139.689752, 35.695399 ], [ 139.690253, 35.695248 ], [ 139.690391, 35.695207 ], [ 139.690472, 35.695183 ], [ 139.690521, 35.695158 ], [ 139.69073, 35.695092 ], [ 139.690732, 35.695092 ], [ 139.69122, 35.694925 ], [ 139.691263, 35.69491 ], [ 139.691303, 35.694897 ], [ 139.691357, 35.694879 ], [ 139.69156, 35.69481 ], [ 139.691617, 35.694791 ], [ 139.691743, 35.694743 ], [ 139.691911, 35.69468 ], [ 139.692088, 35.694614 ], [ 139.692409, 35.694496 ], [ 139.69272, 35.694382 ], [ 139.693036, 35.694266 ], [ 139.69315, 35.694225 ], [ 139.69346, 35.694109 ], [ 139.693497, 35.694092 ], [ 139.693546, 35.694069 ], [ 139.693631, 35.694029 ], [ 139.693992, 35.693935 ], [ 139.694029, 35.693925 ], [ 139.694341, 35.693837 ], [ 139.694364, 35.693827 ], [ 139.694857, 35.693684 ], [ 139.694564, 35.69318 ], [ 139.694271, 35.692683 ], [ 139.694188, 35.69258 ], [ 139.694153, 35.692501 ], [ 139.694178, 35.692487 ], [ 139.694002, 35.692474 ], [ 139.693056, 35.692339 ], [ 139.692262, 35.692191 ], [ 139.691726, 35.692091 ], [ 139.690319, 35.691872 ], [ 139.690303, 35.691869 ], [ 139.689379, 35.691712 ], [ 139.689367, 35.69171 ], [ 139.688852, 35.691627 ], [ 139.688845, 35.691626 ], [ 139.688457, 35.691479 ], [ 139.688272, 35.691409 ], [ 139.688208, 35.691381 ], [ 139.687786, 35.691197 ], [ 139.68769, 35.691155 ], [ 139.68753, 35.691095 ], [ 139.687225, 35.691004 ], [ 139.687201, 35.691001 ] ] ] } },
{ "type": "Feature", "properties": { "key": "新宿区|西新宿7丁目", "ward": "新宿区", "town": "西新宿７丁目" }, "geometry": { "type": "Polygon", "coordinates": [ [ [ 139.697554, 35.697879 ], [ 139.697616, 35.697895 ], [ 139.697897, 35.697904 ], [ 139.697968, 35.697906 ], [ 139.697983, 35.697906 ], [ 139.698863, 35.697924 ], [ 139.698913, 35.697692 ], [ 139.699019, 35.697327 ], [ 139.699111, 35.696882 ], [ 139.699193, 35.696523 ], [ 139.699229, 35.696286 ], [ 139.699205, 35.695911 ], [ 139.699179, 35.695737 ], [ 139.699148, 35.695683 ], [ 139.699099, 35.695511 ], [ 139.699091, 35.695159 ], [ 139.699138, 35.694929 ], [ 139.699236, 35.69464 ], [ 139.69934, 35.694277 ], [ 139.699502, 35.693834 ], [ 139.699642, 35.693426 ], [ 139.69961, 35.693437 ], [ 139.69916, 35.693499 ], [ 139.699133, 35.693504 ], [ 139.698876, 35.693517 ], [ 139.698047, 35.693465 ], [ 139.69781, 35.693371 ], [ 139.697647, 35.693299 ], [ 139.697486, 35.693242 ], [ 139.69744, 35.693172 ], [ 139.697479, 35.69297 ], [ 139.69735, 35.692921 ], [ 139.69717, 35.692853 ], [ 139.69709, 35.693068 ], [ 139.696971, 35.693102 ], [ 139.696718, 35.693175 ], [ 139.696491, 35.693245 ], [ 139.696124, 35.693342 ], [ 139.695585, 35.693494 ], [ 139.694866, 35.693694 ], [ 139.694857, 35.693684 ], [ 139.694364, 35.693827 ], [ 139.694341, 35.693837 ], [ 139.694029, 35.693925 ], [ 139.693992, 35.693935 ], [ 139.694528, 35.694833 ], [ 139.694745, 35.695178 ], [ 139.695074, 35.695729 ], [ 139.695498, 35.696436 ], [ 139.695579, 35.696568 ], [ 139.695645, 35.696675 ], [ 139.695664, 35.696707 ], [ 139.696146, 35.697503 ], [ 139.696051, 35.697582 ], [ 139.695939, 35.697689 ], [ 139.696114, 35.697716 ], [ 139.696282, 35.697745 ], [ 139.696304, 35.697749 ], [ 139.696723, 35.697822 ], [ 139.696754, 35.697828 ], [ 139.696845, 35.697844 ], [ 139.697014, 35.697873 ], [ 139.697337, 35.697929 ], [ 139.697416, 35.69795 ], [ 139.69749, 35.697976 ], [ 139.697554, 35.697879 ] ] ] } },
{ "type": "Feature", "properties": { "key": "新宿区|西新宿8丁目", "ward": "新宿区", "town": "西新宿８丁目" }, "geometry": { "type": "Polygon", "coordinates": [ [ [ 139.695664, 35.696707 ], [ 139.695645, 35.696675 ], [ 139.695579, 35.696568 ], [ 139.695498, 35.696436 ], [ 139.695074, 35.695729 ], [ 139.694745, 35.695178 ], [ 139.694528, 35.694833 ], [ 139.693992, 35.693935 ], [ 139.693631, 35.694029 ], [ 139.693546, 35.694069 ], [ 139.693497, 35.694092 ], [ 139.69346, 35.694109 ], [ 139.69315, 35.694225 ], [ 139.693036, 35.694266 ], [ 139.69272, 35.694382 ], [ 139.692409, 35.694496 ], [ 139.692088, 35.694614 ], [ 139.691911, 35.69468 ], [ 139.691743, 35.694743 ], [ 139.691617, 35.694791 ], [ 139.69156, 35.69481 ], [ 139.691357, 35.694879 ], [ 139.691303, 35.694897 ], [ 139.691263, 35.69491 ], [ 139.69122, 35.694925 ], [ 139.690732, 35.695092 ], [ 139.69073, 35.695092 ], [ 139.690521, 35.695158 ], [ 139.690472, 35.695183 ], [ 139.690391, 35.695207 ], [ 139.690253, 35.695248 ], [ 139.689752, 35.695399 ], [ 139.68953, 35.695465 ], [ 139.689644, 35.69572 ], [ 139.689801, 35.695969 ], [ 139.689887, 35.696072 ], [ 139.690108, 35.696352 ], [ 139.690111, 35.696355 ], [ 139.690259, 35.696534 ], [ 139.690381, 35.69667 ], [ 139.690524, 35.6969 ], [ 139.690604, 35.6969 ], [ 139.690696, 35.697017 ], [ 139.690857, 35.697046 ], [ 139.690884, 35.697046 ], [ 139.69111, 35.697044 ], [ 139.691275, 35.697053 ], [ 139.691306, 35.697054 ], [ 139.69164, 35.697058 ], [ 139.691703, 35.697066 ], [ 139.691788, 35.697077 ], [ 139.69193, 35.697095 ], [ 139.692356, 35.697148 ], [ 139.692757, 35.697198 ], [ 139.692824, 35.697208 ], [ 139.692929, 35.697223 ], [ 139.693075, 35.697243 ], [ 139.693387, 35.697287 ], [ 139.693535, 35.697308 ], [ 139.694062, 35.697382 ], [ 139.694144, 35.697394 ], [ 139.694385, 35.697433 ], [ 139.694568, 35.697464 ], [ 139.694832, 35.697507 ], [ 139.694949, 35.697526 ], [ 139.69498, 35.697532 ], [ 139.69537, 35.697596 ], [ 139.695419, 35.697604 ], [ 139.695816, 35.697669 ], [ 139.695844, 35.697673 ], [ 139.695885, 35.69768 ], [ 139.695918, 35.697685 ], [ 139.695939, 35.697689 ], [ 139.696051, 35.697582 ], [ 139.696146, 35.697503 ], [ 139.695664, 35.696707 ] ] ] } }
]
}
