{
"type": "FeatureCollection",
"name": "13106",
"crs": { "type": "name", "properties": { "name": "urn:ogc:def:crs:OGC:1.3:CRS84" } },
"features": [
{ "type": "Feature", "properties": { "key": "台東区|台東1丁目", "ward": "台東区", "town": "台東１丁目" }, "geometry": { "type": "Polygon", "coordinates": [ [ [ 139.777825, 35.702464 ], [ 139.777867, 35.702467 ], [ 139.778514, 35.702415 ], [ 139.779039, 35.702366 ], [ 139.779449, 35.702342 ], [ 139.779854, 35.702305 ], [ 139.780195, 35.702281 ], [ 139.780496, 35.702269 ], [ 139.780925, 35.70223 ], [ 139.780846, 35.701786 ], [ 139.78078, 35.701472 ], [ 139.780709, 35.701119 ], [ 139.780727, 35.701123 ], [ 139.780645, 35.70071 ], [ 139.780535, 35.700192 ], [ 139.780155, 35.700222 ], [ 139.779583, 35.700266 ], [ 139.779492, 35.700273 ], [ 139.779084, 35.700303 ], [ 139.778805, 35.700323 ], [ 139.778687, 35.700331 ], [ 139.778039, 35.700378 ], [ 139.777526, 35.70042 ], [ 139.776954, 35.700467 ], [ 139.776947, 35.700468 ], [ 139.776657, 35.700489 ], [ 139.776567, 35.700495 ], [ 139.776168, 35.700524 ], [ 139.775488, 35.700574 ], [ 139.775526, 35.700979 ], [ 139.77559, 35.701586 ], [ 139.775587, 35.701631 ], [ 139.775625, 35.701929 ], [ 139.775627, 35.702097 ], [ 139.775683, 35.702624 ], [ 139.776404, 35.702569 ], [ 139.777137, 35.702513 ], [ 139.777825, 35.702464 ] ] ] } },
{ "type": "Feature", "properties": { "key": "台東区|台東2丁目", "ward": "台東区", "town": "台東２丁目" }, "geometry": { "type": "Polygon", "coordinates": [ [ [ 139.780067, 35.703916 ], [ 139.780145, 35.703919 ], [ 139.780421, 35.703905 ], [ 139.780552, 35.703891 ], [ 139.780786, 35.703872 ], [ 139.781161, 35.703854 ], [ 139.781309, 35.703834 ], [ 139.781192, 35.703391 ], [ 139.781153, 35.703209 ], [ 139.781114, 35.70302 ], [ 139.781035, 35.702685 ], [ 139.780925, 35.70223 ], [ 139.780496, 35.702269 ], [ 139.780195, 35.702281 ], [ 139.779854, 35.702305 ], [ 139.779449, 35.702342 ], [ 139.779039, 35.702366 ], [ 139.778514, 35.702415 ], [ 139.777867, 35.702467 ], [ 139.777825, 35.702464 ], [ 139.777137, 35.702513 ], [ 139.776404, 35.702569 ], [ 139.775683, 35.702624 ], [ 139.775735, 35.70307 ], [ 139.775751, 35.703197 ], [ 139.775781, 35.703505 ], [ 139.775789, 35.703603 ], [ 139.775832, 35.703951 ], [ 139.775854, 35.704219 ], [ 139.776419, 35.704184 ], [ 139.776595, 35.70417 ], [ 139.777289, 35.704127 ], [ 139.777727, 35.704086 ], [ 139.778149, 35.704066 ], [ 139.778787, 35.704017 ], [ 139.779621, 35.70395 ], [ 139.780067, 35.703916 ] ] ] } },
{ "type": "Feature", "properties": { "key": "台東区|台東3丁目", "ward": "台東区", "town": "台東３丁目" }, "geometry": { "type": "Polygon", "coordinates": [ [ [ 139.777418, 35.705748 ], [ 139.777443, 35.705748 ], [ 139.777927, 35.705709 ], [ 139.778516, 35.705655 ], [ 139.778763, 35.705636 ], [ 139.779033, 35.70562 ], [ 139.779355, 35.705591 ], [ 139.779432, 35.705587 ], [ 139.779798, 35.705552 ], [ 139.780221, 35.705505 ], [ 139.780493, 35.705478 ], [ 139.780722, 35.705463 ], [ 139.781163, 35.705431 ], [ 139.781658, 35.705384 ], [ 139.781603, 35.705131 ], [ 139.781534, 35.704858 ], [ 139.781497, 35.704699 ], [ 139.781449, 35.704496 ], [ 139.781434, 35.704402 ], [ 139.781425, 35.704349 ], [ 139.781389, 35.704188 ], [ 139.781352, 35.704009 ], [ 139.781314, 35.703834 ], [ 139.781309, 35.703834 ], [ 139.781161, 35.703854 ], [ 139.780786, 35.703872 ], [ 139.780552, 35.703891 ], [ 139.780421, 35.703905 ], [ 139.780145, 35.703919 ], [ 139.780067, 35.703916 ], [ 139.779621, 35.70395 ], [ 139.778787, 35.704017 ], [ 139.778149, 35.704066 ], [ 139.777727, 35.704086 ], [ 139.777289, 35.704127 ], [ 139.776595, 35.70417 ], [ 139.776419, 35.704184 ], [ 139.775854, 35.704219 ], [ 139.775911, 35.704797 ], [ 139.775946, 35.705149 ], [ 139.775982, 35.705509 ], [ 139.776007, 35.705747 ], [ 139.77602, 35.705865 ], [ 139.776885, 35.705807 ], [ 139.777418, 35.705748 ] ] ] } },
{ "type": "Feature", "properties": { "key": "台東区|台東4丁目", "ward": "台東区", "town": "台東４丁目" }, "geometry": { "type": "Polygon", "coordinates": [ [ [ 139.781721, 35.705707 ], [ 139.781658, 35.705384 ], [ 139.781163, 35.705431 ], [ 139.780722, 35.705463 ], [ 139.780493, 35.705478 ], [ 139.780221, 35.705505 ], [ 139.779798, 35.705552 ], [ 139.779432, 35.705587 ], [ 139.779355, 35.705591 ], [ 139.779033, 35.70562 ], [ 139.778763, 35.705636 ], [ 139.778516, 35.705655 ], [ 139.777927, 35.705709 ], [ 139.777443, 35.705748 ], [ 139.777418, 35.705748 ], [ 139.776885, 35.705807 ], [ 139.77602, 35.705865 ], [ 139.776061, 35.706227 ], [ 139.776095, 35.706604 ], [ 139.776138, 35.707185 ], [ 139.776184, 35.707658 ], [ 139.776273, 35.707645 ], [ 139.776781, 35.707572 ], [ 139.777031, 35.707548 ], [ 139.777086, 35.707543 ], [ 139.777582, 35.707495 ], [ 139.777596, 35.707494 ], [ 139.778093, 35.707446 ], [ 139.778504, 35.707394 ], [ 139.778815, 35.707361 ], [ 139.779247, 35.707319 ], [ 139.77944, 35.7073 ], [ 139.779978, 35.707235 ], [ 139.780415, 35.707186 ], [ 139.780692, 35.707161 ], [ 139.780912, 35.707137 ], [ 139.781342, 35.70709 ], [ 139.781956, 35.707025 ], [ 139.781873, 35.706481 ], [ 139.781779, 35.706001 ], [ 139.781721, 35.705707 ] ] ] } },
{ "type": "Feature", "properties": { "key": "台東区|柳橋1丁目", "ward": "台東区", "town": "柳橋１丁目" }, "geometry": { "type": "Polygon", "coordinates": [ [ [ 139.788942, 35.694779 ], [ 139.788907, 35.694788 ], [ 139.787468, 35.695202 ], [ 139.787432, 35.695213 ], [ 139.78641, 35.695536 ], [ 139.785416, 35.695851 ], [ 139.785689, 35.696368 ], [ 139.785957, 35.6968 ], [ 139.786195, 35.697187 ], [ 139.786301, 35.69736 ], [ 139.786317, 35.697386 ], [ 139.786525, 35.697734 ], [ 139.786627, 35.697892 ], [ 139.78695, 35.69843 ], [ 139.787007, 35.698515 ], [ 139.787513, 35.698297 ], [ 139.787895, 35.698124 ], [ 139.788246, 35.697972 ], [ 139.78867, 35.697794 ], [ 139.78922, 35.69755 ], [ 139.78919, 35.69749 ], [ 139.790337, 35.697002 ], [ 139.789994, 35.696598 ], [ 139.789968, 35.696568 ], [ 139.789884, 35.696457 ], [ 139.789862, 35.696427 ], [ 139.789349, 35.695721 ], [ 139.788991, 35.694926 ], [ 139.788942, 35.694779 ] ] ] } },
{ "type": "Feature", "properties": { "key": "台東区|柳橋2丁目", "ward": "台東区", "town": "柳橋２丁目" }, "geometry": { "type": "Polygon", "coordinates": [ [ [ 139.790337, 35.697002 ], [ 139.78919, 35.69749 ], [ 139.78922, 35.69755 ], [ 139.78867, 35.697794 ], [ 139.788246, 35.697972 ], [ 139.787895, 35.698124 ], [ 139.787513, 35.698297 ], [ 139.787007, 35.698515 ], [ 139.787242, 35.698876 ], [ 139.787263, 35.698903 ], [ 139.787515, 35.699271 ], [ 139.787835, 35.699752 ], [ 139.787863, 35.699806 ], [ 139.788212, 35.700299 ], [ 139.788571, 35.700127 ], [ 139.788784, 35.700025 ], [ 139.7888, 35.700017 ], [ 139.789032, 35.699907 ], [ 139.789361, 35.699748 ], [ 139.789451, 35.699704 ], [ 139.789577, 35.699654 ], [ 139.78986, 35.699518 ], [ 139.790407, 35.699275 ], [ 139.790803, 35.699086 ], [ 139.791806, 35.698617 ], [ 139.791245, 35.697973 ], [ 139.790337, 35.697002 ] ] ] } },
{ "type": "Feature", "properties": { "key": "台東区|浅草橋1丁目", "ward": "台東区", "town": "浅草橋１丁目" }, "geometry": { "type": "Polygon", "coordinates": [ [ [ 139.785416, 35.695851 ], [ 139.785398, 35.695857 ], [ 139.784363, 35.696193 ], [ 139.78411, 35.696276 ], [ 139.783115, 35.696596 ], [ 139.78273, 35.696638 ], [ 139.782766, 35.696972 ], [ 139.782768, 35.69699 ], [ 139.782788, 35.697224 ], [ 139.782789, 35.697234 ], [ 139.782808, 35.697458 ], [ 139.78281, 35.69748 ], [ 139.782824, 35.697637 ], [ 139.782858, 35.697952 ], [ 139.782868, 35.698057 ], [ 139.782902, 35.698336 ], [ 139.782923, 35.698533 ], [ 139.782962, 35.698963 ], [ 139.783163, 35.698943 ], [ 139.783598, 35.698909 ], [ 139.78363, 35.698909 ], [ 139.784161, 35.698865 ], [ 139.784629, 35.698819 ], [ 139.784717, 35.698799 ], [ 139.785206, 35.69873 ], [ 139.785855, 35.698635 ], [ 139.786422, 35.698551 ], [ 139.78682, 35.698494 ], [ 139.78695, 35.69843 ], [ 139.786627, 35.697892 ], [ 139.786525, 35.697734 ], [ 139.786317, 35.697386 ], [ 139.786301, 35.69736 ], [ 139.786195, 35.697187 ], [ 139.785957, 35.6968 ], [ 139.785689, 35.696368 ], [ 139.785416, 35.695851 ] ] ] } },
{ "type": "Feature", "properties": { "key": "台東区|浅草橋2丁目", "ward": "台東区", "town": "浅草橋２丁目" }, "geometry": { "type": "Polygon", "coordinates": [ [ [ 139.78695, 35.69843 ], [ 139.78682, 35.698494 ], [ 139.786422, 35.698551 ], [ 139.785855, 35.698635 ], [ 139.785206, 35.69873 ], [ 139.784717, 35.698799 ], [ 139.784629, 35.698819 ], [ 139.784161, 35.698865 ], [ 139.78363, 35.698909 ], [ 139.783598, 35.698909 ], [ 139.783163, 35.698943 ], [ 139.782962, 35.698963 ], [ 139.783268, 35.699674 ], [ 139.783271, 35.699682 ], [ 139.783437, 35.700091 ], [ 139.783471, 35.700177 ], [ 139.78361, 35.700484 ], [ 139.783742, 35.700807 ], [ 139.784452, 35.700723 ], [ 139.785119, 35.700649 ], [ 139.785371, 35.700583 ], [ 139.785636, 35.700499 ], [ 139.786331, 35.700283 ], [ 139.786794, 35.700137 ], [ 139.78731, 35.699986 ], [ 139.787863, 35.699806 ], [ 139.787835, 35.699752 ], [ 139.787515, 35.699271 ], [ 139.787263, 35.698903 ], [ 139.787242, 35.698876 ], [ 139.787007, 35.698515 ], [ 139.78695, 35.69843 ] ] ] } },
{ "type": "Feature", "properties": { "key": "台東区|浅草橋3丁目", "ward": "台東区", "town": "浅草橋３丁目" }, "geometry": { "type": "Polygon", "coordinates": [ [ [ 139.786012, 35.701689 ], [ 139.786131, 35.701697 ], [ 139.786521, 35.701714 ], [ 139.786708, 35.701721 ], [ 139.787089, 35.701737 ], [ 139.787543, 35.701756 ], [ 139.787633, 35.701766 ], [ 139.788005, 35.701765 ], [ 139.788006, 35.70175 ], [ 139.788152, 35.701726 ], [ 139.788475, 35.701671 ], [ 139.788586, 35.701652 ], [ 139.788955, 35.70159 ], [ 139.789117, 35.701576 ], [ 139.788775, 35.701096 ], [ 139.788319, 35.700467 ], [ 139.788212, 35.700299 ], [ 139.787863, 35.699806 ], [ 139.78731, 35.699986 ], [ 139.786794, 35.700137 ], [ 139.786331, 35.700283 ], [ 139.785636, 35.700499 ], [ 139.785371, 35.700583 ], [ 139.785119, 35.700649 ], [ 139.784452, 35.700723 ], [ 139.783742, 35.700807 ], [ 139.783818, 35.701105 ], [ 139.783831, 35.701185 ], [ 139.783871, 35.701302 ], [ 139.783955, 35.701604 ], [ 139.784014, 35.701892 ], [ 139.784799, 35.701806 ], [ 139.78487, 35.701799 ], [ 139.785291, 35.701748 ], [ 139.785347, 35.70174 ], [ 139.785761, 35.701694 ], [ 139.786012, 35.701689 ] ] ] } },
{ "type": "Feature", "properties": { "key": "台東区|浅草橋4丁目", "ward": "台東区", "town": "浅草橋４丁目" }, "geometry": { "type": "Polygon", "coordinates": [ [ [ 139.782824, 35.697637 ], [ 139.782317, 35.697678 ], [ 139.781748, 35.697724 ], [ 139.78125, 35.697776 ], [ 139.78073, 35.69783 ], [ 139.780169, 35.697889 ], [ 139.780211, 35.698137 ], [ 139.78026, 35.698419 ], [ 139.780304, 35.698674 ], [ 139.780313, 35.698733 ], [ 139.780376, 35.69915 ], [ 139.780857, 35.699117 ], [ 139.78094, 35.699105 ], [ 139.781181, 35.699084 ], [ 139.781423, 35.699067 ], [ 139.781949, 35.699025 ], [ 139.782463, 35.698998 ], [ 139.782701, 35.698981 ], [ 139.782962, 35.698963 ], [ 139.782923, 35.698533 ], [ 139.782902, 35.698336 ], [ 139.782868, 35.698057 ], [ 139.782858, 35.697952 ], [ 139.782824, 35.697637 ] ] ] } },
{ "type": "Feature", "properties": { "key": "台東区|浅草橋5丁目", "ward": "台東区", "town": "浅草橋５丁目" }, "geometry": { "type": "Polygon", "coordinates": [ [ [ 139.781722, 35.702146 ], [ 139.781802, 35.702148 ], [ 139.782101, 35.702125 ], [ 139.782459, 35.702077 ], [ 139.782506, 35.70207 ], [ 139.782851, 35.702033 ], [ 139.783156, 35.701991 ], [ 139.783236, 35.701979 ], [ 139.783573, 35.701949 ], [ 139.784014, 35.701892 ], [ 139.783955, 35.701604 ], [ 139.783871, 35.701302 ], [ 139.783831, 35.701185 ], [ 139.783818, 35.701105 ], [ 139.783742, 35.700807 ], [ 139.78361, 35.700484 ], [ 139.783471, 35.700177 ], [ 139.783437, 35.700091 ], [ 139.783271, 35.699682 ], [ 139.783268, 35.699674 ], [ 139.782962, 35.698963 ], [ 139.782701, 35.698981 ], [ 139.782463, 35.698998 ], [ 139.781949, 35.699025 ], [ 139.781423, 35.699067 ], [ 139.781181, 35.699084 ], [ 139.78094, 35.699105 ], [ 139.780857, 35.699117 ], [ 139.780376, 35.69915 ], [ 139.780454, 35.69966 ], [ 139.780521, 35.7001 ], [ 139.780535, 35.700192 ], [ 139.780645, 35.70071 ], [ 139.780727, 35.701123 ], [ 139.780709, 35.701119 ], [ 139.78078, 35.701472 ], [ 139.780846, 35.701786 ], [ 139.780925, 35.70223 ], [ 139.780972, 35.702243 ], [ 139.781385, 35.702202 ], [ 139.781453, 35.702188 ], [ 139.781722, 35.702146 ] ] ] } },
{ "type": "Feature", "properties": { "key": "台東区|鳥越1丁目", "ward": "台東区", "town": "鳥越１丁目" }, "geometry": { "type": "Polygon", "coordinates": [ [ [ 139.783477, 35.703537 ], [ 139.783484, 35.703539 ], [ 139.783964, 35.70347 ], [ 139.784384, 35.703409 ], [ 139.784348, 35.703236 ], [ 139.78431, 35.703078 ], [ 139.784233, 35.702797 ], [ 139.784177, 35.702556 ], [ 139.784122, 35.702316 ], [ 139.784014, 35.701892 ], [ 139.783573, 35.701949 ], [ 139.783236, 35.701979 ], [ 139.783156, 35.701991 ], [ 139.782851, 35.702033 ], [ 139.782506, 35.70207 ], [ 139.782459, 35.702077 ], [ 139.782101, 35.702125 ], [ 139.781802, 35.702148 ], [ 139.781722, 35.702146 ], [ 139.781453, 35.702188 ], [ 139.781385, 35.702202 ], [ 139.780972, 35.702243 ], [ 139.780925, 35.70223 ], [ 139.781035, 35.702685 ], [ 139.781114, 35.70302 ], [ 139.781153, 35.703209 ], [ 139.781192, 35.703391 ], [ 139.781309, 35.703834 ], [ 139.781314, 35.703834 ], [ 139.781753, 35.703773 ], [ 139.781763, 35.703772 ], [ 139.782042, 35.703732 ], [ 139.782086, 35.703725 ], [ 139.782801, 35.703622 ], [ 139.782827, 35.703618 ], [ 139.783477, 35.703537 ] ] ] } },
{ "type": "Feature", "properties": { "key": "台東区|鳥越2丁目", "ward": "台東区", "town": "鳥越２丁目" }, "geometry": { "type": "Polygon", "coordinates": [ [ [ 139.788005, 35.701765 ], [ 139.787633, 35.701766 ], [ 139.787543, 35.701756 ], [ 139.787089, 35.701737 ], [ 139.786708, 35.701721 ], [ 139.786521, 35.701714 ], [ 139.786131, 35.701697 ], [ 139.786012, 35.701689 ], [ 139.785761, 35.701694 ], [ 139.785347, 35.70174 ], [ 139.785291, 35.701748 ], [ 139.78487, 35.701799 ], [ 139.784799, 35.701806 ], [ 139.784014, 35.701892 ], [ 139.784122, 35.702316 ], [ 139.784177, 35.702556 ], [ 139.784233, 35.702797 ], [ 139.78431, 35.703078 ], [ 139.784348, 35.703236 ], [ 139.784365, 35.703223 ], [ 139.784765, 35.703151 ], [ 139.784787, 35.703147 ], [ 139.78512, 35.703116 ], [ 139.785293, 35.7031 ], [ 139.78544, 35.703086 ], [ 139.785456, 35.703085 ], [ 139.785899, 35.703044 ], [ 139.785929, 35.703042 ], [ 139.786267, 35.703007 ], [ 139.786673, 35.702964 ], [ 139.786713, 35.70296 ], [ 139.787148, 35.70292 ], [ 139.787485, 35.702893 ], [ 139.787531, 35.702889 ], [ 139.787952, 35.702854 ], [ 139.787979, 35.702341 ], [ 139.787994, 35.701923 ], [ 139.788005, 35.701765 ] ] ] } },
{ "type": "Feature", "properties": { "key": "台東区|蔵前1丁目", "ward": "台東区", "town": "蔵前１丁目" }, "geometry": { "type": "Polygon", "coordinates": [ [ [ 139.791806, 35.698617 ], [ 139.790803, 35.699086 ], [ 139.790407, 35.699275 ], [ 139.78986, 35.699518 ], [ 139.789577, 35.699654 ], [ 139.789451, 35.699704 ], [ 139.789361, 35.699748 ], [ 139.789032, 35.699907 ], [ 139.7888, 35.700017 ], [ 139.788784, 35.700025 ], [ 139.788571, 35.700127 ], [ 139.788212, 35.700299 ], [ 139.788319, 35.700467 ], [ 139.788775, 35.701096 ], [ 139.789117, 35.701576 ], [ 139.789153, 35.701573 ], [ 139.78958, 35.701549 ], [ 139.789596, 35.701548 ], [ 139.789873, 35.701532 ], [ 139.789921, 35.70153 ], [ 139.792011, 35.701412 ], [ 139.792485, 35.701312 ], [ 139.79335, 35.700972 ], [ 139.793404, 35.700951 ], [ 139.792936, 35.700184 ], [ 139.792529, 35.699534 ], [ 139.792371, 35.699329 ], [ 139.792103, 35.698986 ], [ 139.792096, 35.698977 ], [ 139.791806, 35.698617 ] ] ] } },
{ "type": "Feature", "properties": { "key": "台東区|蔵前2丁目", "ward": "台東区", "town": "蔵前２丁目" }, "geometry": { "type": "Polygon", "coordinates": [ [ [ 139.793404, 35.700951 ], [ 139.79335, 35.700972 ], [ 139.792485, 35.701312 ], [ 139.792011, 35.701412 ], [ 139.789921, 35.70153 ], [ 139.789873, 35.701532 ], [ 139.789596, 35.701548 ], [ 139.78958, 35.701549 ], [ 139.789153, 35.701573 ], [ 139.789316, 35.701826 ], [ 139.789596, 35.702118 ], [ 139.789769, 35.702257 ], [ 139.790153, 35.70258 ], [ 139.790767, 35.703076 ], [ 139.790951, 35.703234 ], [ 139.791244, 35.703484 ], [ 139.791292, 35.703523 ], [ 139.791725, 35.703882 ], [ 139.791917, 35.704034 ], [ 139.792127, 35.704221 ], [ 139.792606, 35.704606 ], [ 139.79279, 35.70476 ], [ 139.793329, 35.7052 ], [ 139.793743, 35.705003 ], [ 139.793796, 35.704978 ], [ 139.794167, 35.704798 ], [ 139.795131, 35.704363 ], [ 139.795087, 35.704283 ], [ 139.794472, 35.703132 ], [ 139.794341, 35.702844 ], [ 139.794119, 35.702354 ], [ 139.794114, 35.702344 ], [ 139.794031, 35.702149 ], [ 139.793892, 35.701821 ], [ 139.793797, 35.701643 ], [ 139.793708, 35.701478 ], [ 139.793623, 35.701328 ], [ 139.793404, 35.700951 ] ] ] } },
{ "type": "Feature", "properties": { "key": "台東区|蔵前3丁目", "ward": "台東区", "town": "蔵前３丁目" }, "geometry": { "type": "Polygon", "coordinates": [ [ [ 139.789596, 35.702118 ], [ 139.789477, 35.702162 ], [ 139.789581, 35.702267 ], [ 139.789769, 35.702502 ], [ 139.789943, 35.70282 ], [ 139.790003, 35.703049 ], [ 139.790027, 35.703154 ], [ 139.790143, 35.703602 ], [ 139.790213, 35.703936 ], [ 139.79032, 35.704353 ], [ 139.790385, 35.704616 ], [ 139.790495, 35.705046 ], [ 139.790565, 35.705317 ], [ 139.790588, 35.705411 ], [ 139.790674, 35.705753 ], [ 139.790751, 35.706094 ], [ 139.790759, 35.706093 ], [ 139.791017, 35.706003 ], [ 139.791103, 35.705973 ], [ 139.791286, 35.70591 ], [ 139.791347, 35.705888 ], [ 139.791587, 35.705805 ], [ 139.7918, 35.705731 ], [ 139.79188, 35.705703 ], [ 139.792274, 35.705566 ], [ 139.792596, 35.705454 ], [ 139.792723, 35.70541 ], [ 139.793329, 35.7052 ], [ 139.79279, 35.70476 ], [ 139.792606, 35.704606 ], [ 139.792127, 35.704221 ], [ 139.791917, 35.704034 ], [ 139.791725, 35.703882 ], [ 139.791292, 35.703523 ], [ 139.791244, 35.703484 ], [ 139.790951, 35.703234 ], [ 139.790767, 35.703076 ], [ 139.790153, 35.70258 ], [ 139.789769, 35.702257 ], [ 139.789596, 35.702118 ] ] ] } },
{ "type": "Feature", "properties": { "key": "台東区|蔵前4丁目", "ward": "台東区", "town": "蔵前４丁目" }, "geometry": { "type": "Polygon", "coordinates": [ [ [ 139.789153, 35.701573 ], [ 139.789117, 35.701576 ], [ 139.788955, 35.70159 ], [ 139.788586, 35.701652 ], [ 139.788475, 35.701671 ], [ 139.788152, 35.701726 ], [ 139.788006, 35.70175 ], [ 139.788005, 35.701765 ], [ 139.787994, 35.701923 ], [ 139.787979, 35.702341 ], [ 139.787952, 35.702854 ], [ 139.787961, 35.703312 ], [ 139.787963, 35.703353 ], [ 139.787984, 35.703755 ], [ 139.787985, 35.704087 ], [ 139.787989, 35.704132 ], [ 139.788009, 35.704762 ], [ 139.788011, 35.705112 ], [ 139.788011, 35.7052 ], [ 139.788012, 35.705435 ], [ 139.788015, 35.706082 ], [ 139.788017, 35.706378 ], [ 139.788521, 35.706332 ], [ 139.788773, 35.706303 ], [ 139.788988, 35.706278 ], [ 139.789435, 35.706235 ], [ 139.78972, 35.706202 ], [ 139.790072, 35.706165 ], [ 139.790132, 35.706158 ], [ 139.790361, 35.706138 ], [ 139.790751, 35.706094 ], [ 139.790674, 35.705753 ], [ 139.790588, 35.705411 ], [ 139.790565, 35.705317 ], [ 139.790495, 35.705046 ], [ 139.790385, 35.704616 ], [ 139.79032, 35.704353 ], [ 139.790213, 35.703936 ], [ 139.790143, 35.703602 ], [ 139.790027, 35.703154 ], [ 139.790003, 35.703049 ], [ 139.789943, 35.70282 ], [ 139.789769, 35.702502 ], [ 139.789581, 35.702267 ], [ 139.789477, 35.702162 ], [ 139.789596, 35.702118 ], [ 139.789316, 35.701826 ], [ 139.789153, 35.701573 ] ] ] } },
{ "type": "Feature", "properties": { "key": "台東区|小島1丁目", "ward": "台東区", "town": "小島１丁目" }, "geometry": { "type": "Polygon", "coordinates": [ [ [ 139.784406, 35.703405 ], [ 139.784384, 35.703409 ], [ 139.783964, 35.70347 ], [ 139.783484, 35.703539 ], [ 139.783477, 35.703537 ], [ 139.782827, 35.703618 ], [ 139.782801, 35.703622 ], [ 139.782086, 35.703725 ], [ 139.782042, 35.703732 ], [ 139.781763, 35.703772 ], [ 139.781753, 35.703773 ], [ 139.781314, 35.703834 ], [ 139.781352, 35.704009 ], [ 139.781389, 35.704188 ], [ 139.781425, 35.704349 ], [ 139.781434, 35.704402 ], [ 139.781449, 35.704496 ], [ 139.781497, 35.704699 ], [ 139.781534, 35.704858 ], [ 139.781603, 35.705131 ], [ 139.782059, 35.705071 ], [ 139.782405, 35.705027 ], [ 139.78309, 35.704939 ], [ 139.783312, 35.704915 ], [ 139.783763, 35.704857 ], [ 139.784288, 35.704794 ], [ 139.784733, 35.70474 ], [ 139.784644, 35.704341 ], [ 139.784603, 35.704181 ], [ 139.7845, 35.703784 ], [ 139.784406, 35.703405 ] ] ] } },
{ "type": "Feature", "properties": { "key": "台東区|小島2丁目", "ward": "台東区", "town": "小島２丁目" }, "geometry": { "type": "Polygon", "coordinates": [ [ [ 139.784733, 35.70474 ], [ 139.784288, 35.704794 ], [ 139.783763, 35.704857 ], [ 139.783312, 35.704915 ], [ 139.78309, 35.704939 ], [ 139.782405, 35.705027 ], [ 139.782059, 35.705071 ], [ 139.781603, 35.705131 ], [ 139.781658, 35.705384 ], [ 139.781721, 35.705707 ], [ 139.781779, 35.706001 ], [ 139.781873, 35.706481 ], [ 139.781956, 35.707025 ], [ 139.782413, 35.706976 ], [ 139.782877, 35.706925 ], [ 139.783631, 35.706842 ], [ 139.783665, 35.706838 ], [ 139.784132, 35.7068 ], [ 139.784396, 35.706771 ], [ 139.784977, 35.706701 ], [ 139.784924, 35.706245 ], [ 139.784822, 35.705368 ], [ 139.784733, 35.70474 ] ] ] } },
{ "type": "Feature", "properties": { "key": "台東区|三筋1丁目", "ward": "台東区", "town": "三筋１丁目" }, "geometry": { "type": "Polygon", "coordinates": [ [ [ 139.787989, 35.704132 ], [ 139.787985, 35.704087 ], [ 139.787984, 35.703755 ], [ 139.787963, 35.703353 ], [ 139.787961, 35.703312 ], [ 139.787952, 35.702854 ], [ 139.787531, 35.702889 ], [ 139.787485, 35.702893 ], [ 139.787148, 35.70292 ], [ 139.786713, 35.70296 ], [ 139.786673, 35.702964 ], [ 139.786267, 35.703007 ], [ 139.785929, 35.703042 ], [ 139.785899, 35.703044 ], [ 139.785456, 35.703085 ], [ 139.78544, 35.703086 ], [ 139.785293, 35.7031 ], [ 139.78512, 35.703116 ], [ 139.784787, 35.703147 ], [ 139.784765, 35.703151 ], [ 139.784365, 35.703223 ], [ 139.784348, 35.703236 ], [ 139.784384, 35.703409 ], [ 139.784406, 35.703405 ], [ 139.7845, 35.703784 ], [ 139.784603, 35.704181 ], [ 139.784644, 35.704341 ], [ 139.784733, 35.70474 ], [ 139.7851, 35.704732 ], [ 139.785228, 35.704732 ], [ 139.785477, 35.704745 ], [ 139.785938, 35.704743 ], [ 139.786315, 35.704754 ], [ 139.786735, 35.704755 ], [ 139.78718, 35.70476 ], [ 139.787406, 35.704765 ], [ 139.787581, 35.704768 ], [ 139.788009, 35.704762 ], [ 139.787989, 35.704132 ] ] ] } },
{ "type": "Feature", "properties": { "key": "台東区|三筋2丁目", "ward": "台東区", "town": "三筋２丁目" }, "geometry": { "type": "Polygon", "coordinates": [ [ [ 139.788009, 35.704762 ], [ 139.787581, 35.704768 ], [ 139.787406, 35.704765 ], [ 139.78718, 35.70476 ], [ 139.786735, 35.704755 ], [ 139.786315, 35.704754 ], [ 139.785938, 35.704743 ], [ 139.785477, 35.704745 ], [ 139.785228, 35.704732 ], [ 139.7851, 35.704732 ], [ 139.784733, 35.70474 ], [ 139.784822, 35.705368 ], [ 139.784924, 35.706245 ], [ 139.784977, 35.706701 ], [ 139.785448, 35.706651 ], [ 139.785495, 35.706646 ], [ 139.78572, 35.706622 ], [ 139.786139, 35.706577 ], [ 139.786367, 35.706553 ], [ 139.786721, 35.706516 ], [ 139.786768, 35.706511 ], [ 139.787144, 35.706471 ], [ 139.787222, 35.706463 ], [ 139.788017, 35.706378 ], [ 139.788015, 35.706082 ], [ 139.788012, 35.705435 ], [ 139.788011, 35.7052 ], [ 139.788011, 35.705112 ], [ 139.788009, 35.704762 ] ] ] } },
{ "type": "Feature", "properties": { "key": "台東区|秋葉原", "ward": "台東区", "town": "秋葉原" }, "geometry": { "type": "Polygon", "coordinates": [ [ [ 139.77559, 35.701586 ], [ 139.775095, 35.701632 ], [ 139.775062, 35.701636 ], [ 139.774535, 35.701661 ], [ 139.774494, 35.701662 ], [ 139.773379, 35.701742 ], [ 139.773381, 35.701746 ], [ 139.773489, 35.702123 ], [ 139.773708, 35.702779 ], [ 139.773737, 35.702775 ], [ 139.774469, 35.70272 ], [ 139.774698, 35.702706 ], [ 139.775191, 35.702662 ], [ 139.775683, 35.702624 ], [ 139.775627, 35.702097 ], [ 139.775625, 35.701929 ], [ 139.775587, 35.701631 ], [ 139.77559, 35.701586 ] ] ] } },
{ "type": "Feature", "properties": { "key": "台東区|上野1丁目", "ward": "台東区", "town": "上野１丁目" }, "geometry": { "type": "Polygon", "coordinates": [ [ [ 139.772862, 35.707156 ], [ 139.772859, 35.707133 ], [ 139.772546, 35.706593 ], [ 139.77243, 35.706386 ], [ 139.772053, 35.705745 ], [ 139.771992, 35.705084 ], [ 139.771875, 35.70509 ], [ 139.771368, 35.705117 ], [ 139.77136, 35.705117 ], [ 139.770897, 35.705158 ], [ 139.770885, 35.705159 ], [ 139.770392, 35.705192 ], [ 139.770385, 35.705193 ], [ 139.769934, 35.705216 ], [ 139.769963, 35.705529 ], [ 139.769983, 35.705744 ], [ 139.769994, 35.705863 ], [ 139.77, 35.705925 ], [ 139.770019, 35.706211 ], [ 139.770041, 35.706535 ], [ 139.770041, 35.706546 ], [ 139.770051, 35.706886 ], [ 139.770053, 35.706961 ], [ 139.770085, 35.707358 ], [ 139.770531, 35.707324 ], [ 139.77079, 35.707303 ], [ 139.771589, 35.707246 ], [ 139.771639, 35.707242 ], [ 139.771811, 35.707231 ], [ 139.772157, 35.707209 ], [ 139.772185, 35.707207 ], [ 139.772331, 35.707208 ], [ 139.772437, 35.708047 ], [ 139.773068, 35.707994 ], [ 139.772862, 35.707156 ] ] ] } },
{ "type": "Feature", "properties": { "key": "台東区|上野2丁目", "ward": "台東区", "town": "上野２丁目" }, "geometry": { "type": "Polygon", "coordinates": [ [ [ 139.773438, 35.709942 ], [ 139.773463, 35.709985 ], [ 139.773561, 35.709999 ], [ 139.773482, 35.709784 ], [ 139.773416, 35.709573 ], [ 139.773384, 35.709294 ], [ 139.77327, 35.708813 ], [ 139.773254, 35.708744 ], [ 139.773187, 35.708461 ], [ 139.773068, 35.707994 ], [ 139.772437, 35.708047 ], [ 139.772467, 35.7081 ], [ 139.77246, 35.708317 ], [ 139.77214, 35.708306 ], [ 139.772087, 35.708328 ], [ 139.77205, 35.708331 ], [ 139.771562, 35.708311 ], [ 139.771542, 35.708609 ], [ 139.771541, 35.708619 ], [ 139.771522, 35.708816 ], [ 139.771514, 35.708896 ], [ 139.771478, 35.709122 ], [ 139.771451, 35.709134 ], [ 139.770702, 35.708986 ], [ 139.769859, 35.708805 ], [ 139.769805, 35.708797 ], [ 139.769776, 35.709247 ], [ 139.771357, 35.709556 ], [ 139.772221, 35.709725 ], [ 139.772745, 35.709823 ], [ 139.772803, 35.709867 ], [ 139.772842, 35.709892 ], [ 139.772868, 35.709946 ], [ 139.772865, 35.710104 ], [ 139.772841, 35.710468 ], [ 139.772725, 35.712198 ], [ 139.772647, 35.712399 ], [ 139.772729, 35.712421 ], [ 139.772972, 35.712054 ], [ 139.773258, 35.710945 ], [ 139.773376, 35.710523 ], [ 139.77337, 35.710513 ], [ 139.773387, 35.710414 ], [ 139.773438, 35.709942 ] ] ] } },
{ "type": "Feature", "properties": { "key": "台東区|上野3丁目", "ward": "台東区", "town": "上野３丁目" }, "geometry": { "type": "Polygon", "coordinates": [ [ [ 139.774434, 35.706922 ], [ 139.774416, 35.706928 ], [ 139.774373, 35.706476 ], [ 139.774325, 35.705966 ], [ 139.774323, 35.705946 ], [ 139.774301, 35.705746 ], [ 139.774275, 35.705592 ], [ 139.774162, 35.704915 ], [ 139.774104, 35.704586 ], [ 139.774062, 35.704312 ], [ 139.773979, 35.703856 ], [ 139.773874, 35.703341 ], [ 139.773737, 35.702775 ], [ 139.773708, 35.702779 ], [ 139.773715, 35.7028 ], [ 139.773392, 35.702823 ], [ 139.773177, 35.702838 ], [ 139.773019, 35.702855 ], [ 139.773084, 35.703422 ], [ 139.773116, 35.703702 ], [ 139.773141, 35.703933 ], [ 139.773189, 35.704385 ], [ 139.773189, 35.704393 ], [ 139.77325, 35.704979 ], [ 139.773249, 35.704988 ], [ 139.772972, 35.70501 ], [ 139.772695, 35.705031 ], [ 139.772412, 35.705052 ], [ 139.771998, 35.705084 ], [ 139.771992, 35.705084 ], [ 139.772053, 35.705745 ], [ 139.77243, 35.706386 ], [ 139.772546, 35.706593 ], [ 139.772859, 35.707133 ], [ 139.772862, 35.707156 ], [ 139.773068, 35.707994 ], [ 139.773485, 35.707943 ], [ 139.773576, 35.707929 ], [ 139.773778, 35.707894 ], [ 139.774123, 35.707858 ], [ 139.774175, 35.707853 ], [ 139.774628, 35.707799 ], [ 139.774435, 35.706932 ], [ 139.774434, 35.706922 ] ] ] } },
{ "type": "Feature", "properties": { "key": "台東区|上野4丁目", "ward": "台東区", "town": "上野４丁目" }, "geometry": { "type": "Polygon", "coordinates": [ [ [ 139.77461, 35.711377 ], [ 139.774571, 35.711227 ], [ 139.774523, 35.710883 ], [ 139.77452, 35.710646 ], [ 139.774544, 35.710355 ], [ 139.774565, 35.710197 ], [ 139.774756, 35.709177 ], [ 139.774766, 35.708885 ], [ 139.77478, 35.708678 ], [ 139.774751, 35.708384 ], [ 139.774666, 35.70799 ], [ 139.774653, 35.707923 ], [ 139.774633, 35.707821 ], [ 139.774628, 35.707799 ], [ 139.774175, 35.707853 ], [ 139.774123, 35.707858 ], [ 139.773778, 35.707894 ], [ 139.773576, 35.707929 ], [ 139.773485, 35.707943 ], [ 139.773068, 35.707994 ], [ 139.773187, 35.708461 ], [ 139.773254, 35.708744 ], [ 139.77327, 35.708813 ], [ 139.773384, 35.709294 ], [ 139.773416, 35.709573 ], [ 139.773482, 35.709784 ], [ 139.773561, 35.709999 ], [ 139.77387, 35.710564 ], [ 139.773923, 35.710772 ], [ 139.774348, 35.711527 ], [ 139.774348, 35.711432 ], [ 139.774607, 35.71159 ], [ 139.774634, 35.711524 ], [ 139.77461, 35.711377 ] ] ] } },
{ "type": "Feature", "properties": { "key": "台東区|上野5丁目", "ward": "台東区", "town": "上野５丁目" }, "geometry": { "type": "Polygon", "coordinates": [ [ [ 139.776095, 35.706604 ], [ 139.776061, 35.706227 ], [ 139.77602, 35.705865 ], [ 139.776007, 35.705747 ], [ 139.775982, 35.705509 ], [ 139.775946, 35.705149 ], [ 139.775911, 35.704797 ], [ 139.775854, 35.704219 ], [ 139.775832, 35.703951 ], [ 139.775789, 35.703603 ], [ 139.775781, 35.703505 ], [ 139.775751, 35.703197 ], [ 139.775735, 35.70307 ], [ 139.775683, 35.702624 ], [ 139.775191, 35.702662 ], [ 139.774698, 35.702706 ], [ 139.774469, 35.70272 ], [ 139.773737, 35.702775 ], [ 139.773874, 35.703341 ], [ 139.773979, 35.703856 ], [ 139.774062, 35.704312 ], [ 139.774104, 35.704586 ], [ 139.774162, 35.704915 ], [ 139.774275, 35.705592 ], [ 139.774301, 35.705746 ], [ 139.774323, 35.705946 ], [ 139.774325, 35.705966 ], [ 139.774373, 35.706476 ], [ 139.774416, 35.706928 ], [ 139.774434, 35.706922 ], [ 139.774435, 35.706932 ], [ 139.774628, 35.707799 ], [ 139.774633, 35.707821 ], [ 139.77512, 35.70777 ], [ 139.775341, 35.707746 ], [ 139.775704, 35.707705 ], [ 139.776184, 35.707658 ], [ 139.776138, 35.707185 ], [ 139.776095, 35.706604 ] ] ] } },
{ "type": "Feature", "properties": { "key": "台東区|上野6丁目", "ward": "台東区", "town": "上野６丁目" }, "geometry": { "type": "Polygon", "coordinates": [ [ [ 139.776094, 35.711391 ], [ 139.776304, 35.711425 ], [ 139.776413, 35.711401 ], [ 139.776431, 35.711344 ], [ 139.77653, 35.710866 ], [ 139.776631, 35.710689 ], [ 139.776613, 35.710379 ], [ 139.776485, 35.709808 ], [ 139.776438, 35.709343 ], [ 139.77638, 35.708882 ], [ 139.776357, 35.708644 ], [ 139.776333, 35.708385 ], [ 139.776273, 35.707645 ], [ 139.776184, 35.707658 ], [ 139.775704, 35.707705 ], [ 139.775341, 35.707746 ], [ 139.77512, 35.70777 ], [ 139.774633, 35.707821 ], [ 139.774653, 35.707923 ], [ 139.774666, 35.70799 ], [ 139.774751, 35.708384 ], [ 139.77478, 35.708678 ], [ 139.774766, 35.708885 ], [ 139.774756, 35.709177 ], [ 139.774565, 35.710197 ], [ 139.774544, 35.710355 ], [ 139.77452, 35.710646 ], [ 139.774523, 35.710883 ], [ 139.774571, 35.711227 ], [ 139.77461, 35.711377 ], [ 139.774634, 35.711524 ], [ 139.774981, 35.711511 ], [ 139.775266, 35.711499 ], [ 139.775677, 35.711446 ], [ 139.776094, 35.711391 ] ] ] } },
{ "type": "Feature", "properties": { "key": "台東区|上野7丁目", "ward": "台東区", "town": "上野７丁目" }, "geometry": { "type": "Polygon", "coordinates": [ [ [ 139.780458, 35.718824 ], [ 139.780489, 35.718918 ], [ 139.780475, 35.718609 ], [ 139.780491, 35.718467 ], [ 139.78049, 35.718293 ], [ 139.780515, 35.718138 ], [ 139.78067, 35.718135 ], [ 139.780533, 35.717989 ], [ 139.780545, 35.717818 ], [ 139.780599, 35.717332 ], [ 139.780753, 35.717376 ], [ 139.780771, 35.717246 ], [ 139.780934, 35.717166 ], [ 139.780978, 35.717253 ], [ 139.781589, 35.716967 ], [ 139.781176, 35.716455 ], [ 139.780951, 35.716163 ], [ 139.78084, 35.716188 ], [ 139.780646, 35.715918 ], [ 139.780324, 35.715455 ], [ 139.779747, 35.714632 ], [ 139.77982, 35.714582 ], [ 139.779219, 35.713706 ], [ 139.779116, 35.713748 ], [ 139.778986, 35.713573 ], [ 139.778723, 35.713193 ], [ 139.77855, 35.712944 ], [ 139.778415, 35.712753 ], [ 139.778314, 35.712611 ], [ 139.778028, 35.712191 ], [ 139.777841, 35.712121 ], [ 139.777738, 35.711985 ], [ 139.777635, 35.711893 ], [ 139.777352, 35.711667 ], [ 139.77665, 35.711118 ], [ 139.776631, 35.710689 ], [ 139.77653, 35.710866 ], [ 139.776431, 35.711344 ], [ 139.776413, 35.711401 ], [ 139.776304, 35.711425 ], [ 139.776094, 35.711391 ], [ 139.775677, 35.711446 ], [ 139.775266, 35.711499 ], [ 139.774981, 35.711511 ], [ 139.774634, 35.711524 ], [ 139.774607, 35.71159 ], [ 139.774348, 35.711432 ], [ 139.774348, 35.711527 ], [ 139.774545, 35.711652 ], [ 139.775, 35.712577 ], [ 139.775092, 35.712645 ], [ 139.775443, 35.713086 ], [ 139.775553, 35.71326 ], [ 139.775647, 35.713431 ], [ 139.775766, 35.713753 ], [ 139.776293, 35.714444 ], [ 139.776745, 35.715032 ], [ 139.776935, 35.71494 ], [ 139.777614, 35.71571 ], [ 139.778059, 35.716215 ], [ 139.778286, 35.716439 ], [ 139.778481, 35.716663 ], [ 139.778774, 35.717041 ], [ 139.778745, 35.717093 ], [ 139.778871, 35.717223 ], [ 139.778824, 35.717274 ], [ 139.778985, 35.717463 ], [ 139.779166, 35.717499 ], [ 139.779185, 35.717527 ], [ 139.779372, 35.717808 ], [ 139.779424, 35.717918 ], [ 139.779469, 35.718097 ], [ 139.779491, 35.718241 ], [ 139.77952, 35.718426 ], [ 139.77955, 35.718627 ], [ 139.77955, 35.71883 ], [ 139.779562, 35.719035 ], [ 139.779487, 35.719414 ], [ 139.779331, 35.719808 ], [ 139.779222, 35.720011 ], [ 139.779323, 35.720144 ], [ 139.779679, 35.720584 ], [ 139.779795, 35.720484 ], [ 139.77997, 35.720254 ], [ 139.780172, 35.719912 ], [ 139.780209, 35.719885 ], [ 139.780206, 35.719844 ], [ 139.780268, 35.719668 ], [ 139.780346, 35.719512 ], [ 139.780326, 35.719497 ], [ 139.780358, 35.719336 ], [ 139.780425, 35.719183 ], [ 139.780406, 35.71915 ], [ 139.780444, 35.718991 ], [ 139.780458, 35.718824 ] ] ] } },
{ "type": "Feature", "properties": { "key": "台東区|東上野1丁目", "ward": "台東区", "town": "東上野１丁目" }, "geometry": { "type": "Polygon", "coordinates": [ [ [ 139.777739, 35.708877 ], [ 139.778261, 35.708883 ], [ 139.778629, 35.708862 ], [ 139.778662, 35.708862 ], [ 139.779, 35.708835 ], [ 139.77956, 35.708786 ], [ 139.779668, 35.708776 ], [ 139.780142, 35.708739 ], [ 139.780575, 35.708701 ], [ 139.781004, 35.70867 ], [ 139.781339, 35.708641 ], [ 139.781581, 35.708607 ], [ 139.781773, 35.708589 ], [ 139.782127, 35.708556 ], [ 139.782036, 35.707877 ], [ 139.781999, 35.707399 ], [ 139.781956, 35.707025 ], [ 139.781342, 35.70709 ], [ 139.780912, 35.707137 ], [ 139.780692, 35.707161 ], [ 139.780415, 35.707186 ], [ 139.779978, 35.707235 ], [ 139.77944, 35.7073 ], [ 139.779247, 35.707319 ], [ 139.778815, 35.707361 ], [ 139.778504, 35.707394 ], [ 139.778093, 35.707446 ], [ 139.777596, 35.707494 ], [ 139.777582, 35.707495 ], [ 139.777086, 35.707543 ], [ 139.777031, 35.707548 ], [ 139.776781, 35.707572 ], [ 139.776273, 35.707645 ], [ 139.776333, 35.708385 ], [ 139.776357, 35.708644 ], [ 139.77638, 35.708882 ], [ 139.777162, 35.708889 ], [ 139.777739, 35.708877 ] ] ] } },
{ "type": "Feature", "properties": { "key": "台東区|東上野2丁目", "ward": "台東区", "town": "東上野２丁目" }, "geometry": { "type": "Polygon", "coordinates": [ [ [ 139.782127, 35.708556 ], [ 139.781773, 35.708589 ], [ 139.781581, 35.708607 ], [ 139.781339, 35.708641 ], [ 139.781004, 35.70867 ], [ 139.780575, 35.708701 ], [ 139.780142, 35.708739 ], [ 139.779668, 35.708776 ], [ 139.77956, 35.708786 ], [ 139.779, 35.708835 ], [ 139.778662, 35.708862 ], [ 139.778629, 35.708862 ], [ 139.778261, 35.708883 ], [ 139.777739, 35.708877 ], [ 139.777162, 35.708889 ], [ 139.77638, 35.708882 ], [ 139.776438, 35.709343 ], [ 139.776485, 35.709808 ], [ 139.776613, 35.710379 ], [ 139.776631, 35.710689 ], [ 139.77665, 35.711118 ], [ 139.77685, 35.711061 ], [ 139.777386, 35.710783 ], [ 139.777748, 35.710594 ], [ 139.778095, 35.710416 ], [ 139.778612, 35.710167 ], [ 139.779258, 35.710044 ], [ 139.779889, 35.709923 ], [ 139.780094, 35.709887 ], [ 139.780341, 35.709844 ], [ 139.7808, 35.709758 ], [ 139.78173, 35.70959 ], [ 139.781909, 35.709548 ], [ 139.782031, 35.709534 ], [ 139.78243, 35.709463 ], [ 139.782427, 35.709439 ], [ 139.782284, 35.709018 ], [ 139.782127, 35.708556 ] ] ] } },
{ "type": "Feature", "properties": { "key": "台東区|東上野3丁目", "ward": "台東区", "town": "東上野３丁目" }, "geometry": { "type": "Polygon", "coordinates": [ [ [ 139.78243, 35.709463 ], [ 139.782031, 35.709534 ], [ 139.781909, 35.709548 ], [ 139.78173, 35.70959 ], [ 139.7808, 35.709758 ], [ 139.780341, 35.709844 ], [ 139.780094, 35.709887 ], [ 139.779889, 35.709923 ], [ 139.779258, 35.710044 ], [ 139.778612, 35.710167 ], [ 139.778095, 35.710416 ], [ 139.777748, 35.710594 ], [ 139.777386, 35.710783 ], [ 139.77685, 35.711061 ], [ 139.77665, 35.711118 ], [ 139.777352, 35.711667 ], [ 139.777635, 35.711893 ], [ 139.777738, 35.711985 ], [ 139.777841, 35.712121 ], [ 139.778444, 35.712011 ], [ 139.778871, 35.711931 ], [ 139.779167, 35.711879 ], [ 139.779647, 35.711801 ], [ 139.780087, 35.711719 ], [ 139.780652, 35.711617 ], [ 139.781478, 35.711479 ], [ 139.782025, 35.71138 ], [ 139.783031, 35.711203 ], [ 139.782994, 35.711099 ], [ 139.782891, 35.710782 ], [ 139.782888, 35.710774 ], [ 139.782846, 35.710654 ], [ 139.782704, 35.710248 ], [ 139.782701, 35.710239 ], [ 139.78243, 35.709463 ] ] ] } },
{ "type": "Feature", "properties": { "key": "台東区|東上野4丁目", "ward": "台東区", "town": "東上野４丁目" }, "geometry": { "type": "Polygon", "coordinates": [ [ [ 139.781312, 35.713694 ], [ 139.78111, 35.713407 ], [ 139.781051, 35.713313 ], [ 139.780878, 35.713054 ], [ 139.780811, 35.712636 ], [ 139.780753, 35.712248 ], [ 139.780652, 35.711617 ], [ 139.780087, 35.711719 ], [ 139.779647, 35.711801 ], [ 139.779167, 35.711879 ], [ 139.778871, 35.711931 ], [ 139.778444, 35.712011 ], [ 139.777841, 35.712121 ], [ 139.778028, 35.712191 ], [ 139.778314, 35.712611 ], [ 139.778415, 35.712753 ], [ 139.77855, 35.712944 ], [ 139.778723, 35.713193 ], [ 139.778986, 35.713573 ], [ 139.779116, 35.713748 ], [ 139.779219, 35.713706 ], [ 139.77982, 35.714582 ], [ 139.779747, 35.714632 ], [ 139.780324, 35.715455 ], [ 139.780646, 35.715918 ], [ 139.78084, 35.716188 ], [ 139.780951, 35.716163 ], [ 139.781374, 35.716051 ], [ 139.781647, 35.715977 ], [ 139.782012, 35.715878 ], [ 139.782162, 35.715838 ], [ 139.782597, 35.71572 ], [ 139.782226, 35.715142 ], [ 139.781976, 35.714773 ], [ 139.781851, 35.714561 ], [ 139.781764, 35.71441 ], [ 139.781692, 35.714298 ], [ 139.781617, 35.714183 ], [ 139.781495, 35.714001 ], [ 139.781312, 35.713694 ] ] ] } },
{ "type": "Feature", "properties": { "key": "台東区|東上野5丁目", "ward": "台東区", "town": "東上野５丁目" }, "geometry": { "type": "Polygon", "coordinates": [ [ [ 139.783031, 35.711203 ], [ 139.782025, 35.71138 ], [ 139.781478, 35.711479 ], [ 139.780652, 35.711617 ], [ 139.780753, 35.712248 ], [ 139.780811, 35.712636 ], [ 139.780878, 35.713054 ], [ 139.781051, 35.713313 ], [ 139.78111, 35.713407 ], [ 139.781312, 35.713694 ], [ 139.781495, 35.714001 ], [ 139.781617, 35.714183 ], [ 139.781692, 35.714298 ], [ 139.781764, 35.71441 ], [ 139.781851, 35.714561 ], [ 139.781976, 35.714773 ], [ 139.782226, 35.715142 ], [ 139.782597, 35.71572 ], [ 139.782958, 35.715648 ], [ 139.782974, 35.715635 ], [ 139.782981, 35.715088 ], [ 139.782973, 35.71506 ], [ 139.782985, 35.714651 ], [ 139.782983, 35.714413 ], [ 139.782991, 35.714128 ], [ 139.782993, 35.714071 ], [ 139.783006, 35.713867 ], [ 139.783002, 35.713594 ], [ 139.783009, 35.713332 ], [ 139.78301, 35.713268 ], [ 139.783038, 35.712864 ], [ 139.783046, 35.712263 ], [ 139.783053, 35.711884 ], [ 139.783059, 35.71128 ], [ 139.783031, 35.711203 ] ] ] } },
{ "type": "Feature", "properties": { "key": "台東区|東上野6丁目", "ward": "台東区", "town": "東上野６丁目" }, "geometry": { "type": "Polygon", "coordinates": [ [ [ 139.785414, 35.715171 ], [ 139.785436, 35.715184 ], [ 139.785409, 35.71492 ], [ 139.785401, 35.714844 ], [ 139.785384, 35.714679 ], [ 139.785346, 35.714243 ], [ 139.785316, 35.714 ], [ 139.78531, 35.713948 ], [ 139.785303, 35.71385 ], [ 139.785295, 35.713722 ], [ 139.785266, 35.713411 ], [ 139.785255, 35.713337 ], [ 139.785241, 35.713152 ], [ 139.78521, 35.712935 ], [ 139.785199, 35.712664 ], [ 139.785125, 35.712054 ], [ 139.785092, 35.711774 ], [ 139.785066, 35.711549 ], [ 139.785007, 35.710857 ], [ 139.783923, 35.711047 ], [ 139.783031, 35.711203 ], [ 139.783059, 35.71128 ], [ 139.783053, 35.711884 ], [ 139.783046, 35.712263 ], [ 139.783038, 35.712864 ], [ 139.78301, 35.713268 ], [ 139.783009, 35.713332 ], [ 139.783002, 35.713594 ], [ 139.783006, 35.713867 ], [ 139.782993, 35.714071 ], [ 139.782991, 35.714128 ], [ 139.782983, 35.714413 ], [ 139.782985, 35.714651 ], [ 139.782973, 35.71506 ], [ 139.782981, 35.715088 ], [ 139.782974, 35.715635 ], [ 139.783397, 35.715553 ], [ 139.783415, 35.71555 ], [ 139.783637, 35.715506 ], [ 139.783896, 35.715455 ], [ 139.783995, 35.715438 ], [ 139.784303, 35.715384 ], [ 139.784321, 35.71538 ], [ 139.78474, 35.715294 ], [ 139.78493, 35.71526 ], [ 139.785057, 35.715236 ], [ 139.785414, 35.715171 ] ] ] } },
{ "type": "Feature", "properties": { "key": "台東区|元浅草1丁目", "ward": "台東区", "town": "元浅草１丁目" }, "geometry": { "type": "Polygon", "coordinates": [ [ [ 139.784977, 35.706701 ], [ 139.784396, 35.706771 ], [ 139.784132, 35.7068 ], [ 139.783665, 35.706838 ], [ 139.783631, 35.706842 ], [ 139.782877, 35.706925 ], [ 139.782413, 35.706976 ], [ 139.781956, 35.707025 ], [ 139.781999, 35.707399 ], [ 139.782036, 35.707877 ], [ 139.782127, 35.708556 ], [ 139.782284, 35.709018 ], [ 139.782427, 35.709439 ], [ 139.782835, 35.709367 ], [ 139.783067, 35.709335 ], [ 139.783453, 35.709276 ], [ 139.783798, 35.709226 ], [ 139.784388, 35.709127 ], [ 139.785021, 35.709031 ], [ 139.785002, 35.708563 ], [ 139.784992, 35.708307 ], [ 139.784984, 35.707886 ], [ 139.784983, 35.707537 ], [ 139.784983, 35.707493 ], [ 139.78498, 35.707159 ], [ 139.784977, 35.706701 ] ] ] } },
{ "type": "Feature", "properties": { "key": "台東区|元浅草2丁目", "ward": "台東区", "town": "元浅草２丁目" }, "geometry": { "type": "Polygon", "coordinates": [ [ [ 139.785021, 35.709031 ], [ 139.784388, 35.709127 ], [ 139.783798, 35.709226 ], [ 139.783453, 35.709276 ], [ 139.783067, 35.709335 ], [ 139.782835, 35.709367 ], [ 139.782427, 35.709439 ], [ 139.78243, 35.709463 ], [ 139.782701, 35.710239 ], [ 139.782704, 35.710248 ], [ 139.782846, 35.710654 ], [ 139.782888, 35.710774 ], [ 139.782891, 35.710782 ], [ 139.782994, 35.711099 ], [ 139.783031, 35.711203 ], [ 139.783923, 35.711047 ], [ 139.785007, 35.710857 ], [ 139.785087, 35.710843 ], [ 139.78506, 35.71042 ], [ 139.785047, 35.710012 ], [ 139.785036, 35.709603 ], [ 139.785021, 35.709031 ] ] ] } },
{ "type": "Feature", "properties": { "key": "台東区|元浅草3丁目", "ward": "台東区", "town": "元浅草３丁目" }, "geometry": { "type": "Polygon", "coordinates": [ [ [ 139.788017, 35.706378 ], [ 139.787222, 35.706463 ], [ 139.787144, 35.706471 ], [ 139.786768, 35.706511 ], [ 139.786721, 35.706516 ], [ 139.786367, 35.706553 ], [ 139.786139, 35.706577 ], [ 139.78572, 35.706622 ], [ 139.785495, 35.706646 ], [ 139.785448, 35.706651 ], [ 139.784977, 35.706701 ], [ 139.78498, 35.707159 ], [ 139.784983, 35.707493 ], [ 139.784983, 35.707537 ], [ 139.784984, 35.707886 ], [ 139.784992, 35.708307 ], [ 139.785002, 35.708563 ], [ 139.785021, 35.709031 ], [ 139.785123, 35.709019 ], [ 139.785257, 35.709004 ], [ 139.785652, 35.708959 ], [ 139.786233, 35.708895 ], [ 139.786766, 35.708826 ], [ 139.787239, 35.708767 ], [ 139.787688, 35.70872 ], [ 139.788162, 35.708659 ], [ 139.788124, 35.708095 ], [ 139.788121, 35.708043 ], [ 139.78808, 35.70737 ], [ 139.788041, 35.706777 ], [ 139.788017, 35.706378 ] ] ] } },
{ "type": "Feature", "properties": { "key": "台東区|元浅草4丁目", "ward": "台東区", "town": "元浅草４丁目" }, "geometry": { "type": "Polygon", "coordinates": [ [ [ 139.788162, 35.708659 ], [ 139.787688, 35.70872 ], [ 139.787239, 35.708767 ], [ 139.786766, 35.708826 ], [ 139.786233, 35.708895 ], [ 139.785652, 35.708959 ], [ 139.785257, 35.709004 ], [ 139.785123, 35.709019 ], [ 139.785021, 35.709031 ], [ 139.785036, 35.709603 ], [ 139.785047, 35.710012 ], [ 139.78506, 35.71042 ], [ 139.785087, 35.710843 ], [ 139.785814, 35.710714 ], [ 139.785838, 35.710709 ], [ 139.785893, 35.710699 ], [ 139.786286, 35.710626 ], [ 139.786881, 35.710521 ], [ 139.787169, 35.710472 ], [ 139.7876, 35.710399 ], [ 139.787776, 35.710369 ], [ 139.788264, 35.710269 ], [ 139.788223, 35.709679 ], [ 139.788207, 35.709391 ], [ 139.788162, 35.708659 ] ] ] } },
{ "type": "Feature", "properties": { "key": "台東区|寿1丁目", "ward": "台東区", "town": "寿１丁目" }, "geometry": { "type": "Polygon", "coordinates": [ [ [ 139.790751, 35.706094 ], [ 139.790361, 35.706138 ], [ 139.790132, 35.706158 ], [ 139.790072, 35.706165 ], [ 139.78972, 35.706202 ], [ 139.789435, 35.706235 ], [ 139.788988, 35.706278 ], [ 139.788773, 35.706303 ], [ 139.788521, 35.706332 ], [ 139.788017, 35.706378 ], [ 139.788041, 35.706777 ], [ 139.78808, 35.70737 ], [ 139.788121, 35.708043 ], [ 139.788124, 35.708095 ], [ 139.788162, 35.708659 ], [ 139.78891, 35.708554 ], [ 139.789599, 35.708484 ], [ 139.790228, 35.708408 ], [ 139.79115, 35.708303 ], [ 139.791062, 35.707816 ], [ 139.790998, 35.707448 ], [ 139.790988, 35.707412 ], [ 139.790954, 35.707233 ], [ 139.790892, 35.706909 ], [ 139.79088, 35.706812 ], [ 139.79083, 35.706572 ], [ 139.790751, 35.706094 ] ] ] } },
{ "type": "Feature", "properties": { "key": "台東区|寿2丁目", "ward": "台東区", "town": "寿２丁目" }, "geometry": { "type": "Polygon", "coordinates": [ [ [ 139.79115, 35.708303 ], [ 139.790228, 35.708408 ], [ 139.789599, 35.708484 ], [ 139.78891, 35.708554 ], [ 139.788162, 35.708659 ], [ 139.788207, 35.709391 ], [ 139.788223, 35.709679 ], [ 139.788264, 35.710269 ], [ 139.789028, 35.710113 ], [ 139.789732, 35.709968 ], [ 139.790453, 35.70982 ], [ 139.791398, 35.709626 ], [ 139.791326, 35.709251 ], [ 139.791278, 35.709007 ], [ 139.791231, 35.708767 ], [ 139.791171, 35.708419 ], [ 139.79115, 35.708303 ] ] ] } },
{ "type": "Feature", "properties": { "key": "台東区|寿3丁目", "ward": "台東区", "town": "寿３丁目" }, "geometry": { "type": "Polygon", "coordinates": [ [ [ 139.792723, 35.70541 ], [ 139.792596, 35.705454 ], [ 139.792274, 35.705566 ], [ 139.79188, 35.705703 ], [ 139.7918, 35.705731 ], [ 139.791587, 35.705805 ], [ 139.791347, 35.705888 ], [ 139.791286, 35.70591 ], [ 139.791103, 35.705973 ], [ 139.791017, 35.706003 ], [ 139.790759, 35.706093 ], [ 139.790751, 35.706094 ], [ 139.79083, 35.706572 ], [ 139.79088, 35.706812 ], [ 139.790892, 35.706909 ], [ 139.790954, 35.707233 ], [ 139.790988, 35.707412 ], [ 139.790998, 35.707448 ], [ 139.791062, 35.707816 ], [ 139.79115, 35.708303 ], [ 139.791171, 35.708419 ], [ 139.79178, 35.708304 ], [ 139.792348, 35.708194 ], [ 139.792623, 35.708107 ], [ 139.792917, 35.708015 ], [ 139.793227, 35.707923 ], [ 139.793469, 35.707851 ], [ 139.793925, 35.707714 ], [ 139.793403, 35.706724 ], [ 139.79323, 35.706389 ], [ 139.793134, 35.706203 ], [ 139.793019, 35.705981 ], [ 139.792911, 35.705781 ], [ 139.792898, 35.705754 ], [ 139.792723, 35.70541 ] ] ] } },
{ "type": "Feature", "properties": { "key": "台東区|寿4丁目", "ward": "台東区", "town": "寿４丁目" }, "geometry": { "type": "Polygon", "coordinates": [ [ [ 139.793925, 35.707714 ], [ 139.793469, 35.707851 ], [ 139.793227, 35.707923 ], [ 139.792917, 35.708015 ], [ 139.792623, 35.708107 ], [ 139.792348, 35.708194 ], [ 139.79178, 35.708304 ], [ 139.791171, 35.708419 ], [ 139.791231, 35.708767 ], [ 139.791278, 35.709007 ], [ 139.791326, 35.709251 ], [ 139.791398, 35.709626 ], [ 139.792229, 35.709456 ], [ 139.79245, 35.709411 ], [ 139.792811, 35.709337 ], [ 139.793068, 35.709284 ], [ 139.793497, 35.709196 ], [ 139.793653, 35.709173 ], [ 139.794319, 35.709077 ], [ 139.794154, 35.708516 ], [ 139.794082, 35.708271 ], [ 139.793925, 35.707714 ] ] ] } },
{ "type": "Feature", "properties": { "key": "台東区|駒形1丁目", "ward": "台東区", "town": "駒形１丁目" }, "geometry": { "type": "Polygon", "coordinates": [ [ [ 139.793329, 35.7052 ], [ 139.792723, 35.70541 ], [ 139.792898, 35.705754 ], [ 139.792911, 35.705781 ], [ 139.793019, 35.705981 ], [ 139.793134, 35.706203 ], [ 139.79323, 35.706389 ], [ 139.793403, 35.706724 ], [ 139.793925, 35.707714 ], [ 139.794082, 35.708271 ], [ 139.794154, 35.708516 ], [ 139.794319, 35.709077 ], [ 139.794909, 35.70899 ], [ 139.795193, 35.70895 ], [ 139.795589, 35.708893 ], [ 139.79605, 35.708833 ], [ 139.79617, 35.708811 ], [ 139.795676, 35.70808 ], [ 139.795542, 35.707889 ], [ 139.795506, 35.707826 ], [ 139.795173, 35.707357 ], [ 139.794929, 35.70701 ], [ 139.794477, 35.706439 ], [ 139.793893, 35.705754 ], [ 139.793807, 35.705653 ], [ 139.793345, 35.705207 ], [ 139.793329, 35.7052 ] ] ] } },
{ "type": "Feature", "properties": { "key": "台東区|駒形2丁目", "ward": "台東区", "town": "駒形２丁目" }, "geometry": { "type": "Polygon", "coordinates": [ [ [ 139.795131, 35.704363 ], [ 139.794167, 35.704798 ], [ 139.793796, 35.704978 ], [ 139.793743, 35.705003 ], [ 139.793329, 35.7052 ], [ 139.793345, 35.705207 ], [ 139.793807, 35.705653 ], [ 139.793893, 35.705754 ], [ 139.794477, 35.706439 ], [ 139.794929, 35.70701 ], [ 139.795173, 35.707357 ], [ 139.795506, 35.707826 ], [ 139.795542, 35.707889 ], [ 139.795676, 35.70808 ], [ 139.79617, 35.708811 ], [ 139.796491, 35.708658 ], [ 139.79658, 35.708632 ], [ 139.797409, 35.708232 ], [ 139.796734, 35.70724 ], [ 139.796245, 35.706382 ], [ 139.795899, 35.705755 ], [ 139.795824, 35.705618 ], [ 139.795131, 35.704363 ] ] ] } },
{ "type": "Feature", "properties": { "key": "台東区|北上野1丁目", "ward": "台東区", "town": "北上野１丁目" }, "geometry": { "type": "Polygon", "coordinates": [ [ [ 139.782958, 35.715648 ], [ 139.782597, 35.71572 ], [ 139.782162, 35.715838 ], [ 139.782012, 35.715878 ], [ 139.781647, 35.715977 ], [ 139.781374, 35.716051 ], [ 139.780951, 35.716163 ], [ 139.781176, 35.716455 ], [ 139.781589, 35.716967 ], [ 139.781645, 35.717047 ], [ 139.781986, 35.717477 ], [ 139.782223, 35.717775 ], [ 139.782455, 35.718063 ], [ 139.7825, 35.718123 ], [ 139.782603, 35.718242 ], [ 139.782715, 35.718389 ], [ 139.782751, 35.71844 ], [ 139.782883, 35.718602 ], [ 139.783016, 35.718776 ], [ 139.783084, 35.718864 ], [ 139.783863, 35.71986 ], [ 139.784031, 35.719804 ], [ 139.783884, 35.719583 ], [ 139.783854, 35.719415 ], [ 139.78378, 35.71909 ], [ 139.783593, 35.718545 ], [ 139.783549, 35.718461 ], [ 139.783486, 35.718236 ], [ 139.783419, 35.718081 ], [ 139.783355, 35.717881 ], [ 139.783184, 35.717352 ], [ 139.783086, 35.717073 ], [ 139.78294, 35.716612 ], [ 139.782957, 35.716373 ], [ 139.782958, 35.715648 ] ] ] } },
{ "type": "Feature", "properties": { "key": "台東区|北上野2丁目", "ward": "台東区", "town": "北上野２丁目" }, "geometry": { "type": "Polygon", "coordinates": [ [ [ 139.785414, 35.715171 ], [ 139.785057, 35.715236 ], [ 139.78493, 35.71526 ], [ 139.78474, 35.715294 ], [ 139.784321, 35.71538 ], [ 139.784303, 35.715384 ], [ 139.783995, 35.715438 ], [ 139.783896, 35.715455 ], [ 139.783637, 35.715506 ], [ 139.783415, 35.71555 ], [ 139.783397, 35.715553 ], [ 139.782974, 35.715635 ], [ 139.782958, 35.715648 ], [ 139.782957, 35.716373 ], [ 139.78294, 35.716612 ], [ 139.783086, 35.717073 ], [ 139.783184, 35.717352 ], [ 139.783355, 35.717881 ], [ 139.783419, 35.718081 ], [ 139.783486, 35.718236 ], [ 139.783549, 35.718461 ], [ 139.783593, 35.718545 ], [ 139.78378, 35.71909 ], [ 139.783854, 35.719415 ], [ 139.783884, 35.719583 ], [ 139.784031, 35.719804 ], [ 139.784454, 35.71967 ], [ 139.784671, 35.719594 ], [ 139.785157, 35.719441 ], [ 139.785225, 35.719413 ], [ 139.785917, 35.719191 ], [ 139.785835, 35.718863 ], [ 139.785825, 35.718829 ], [ 139.785792, 35.718676 ], [ 139.785737, 35.71842 ], [ 139.785667, 35.718139 ], [ 139.785594, 35.717812 ], [ 139.785524, 35.717457 ], [ 139.785471, 35.716921 ], [ 139.785437, 35.716471 ], [ 139.78543, 35.716373 ], [ 139.785421, 35.716099 ], [ 139.785442, 35.716097 ], [ 139.785438, 35.715637 ], [ 139.785436, 35.715184 ], [ 139.785414, 35.715171 ] ] ] } },
{ "type": "Feature", "properties": { "key": "台東区|下谷1丁目", "ward": "台東区", "town": "下谷１丁目" }, "geometry": { "type": "Polygon", "coordinates": [ [ [ 139.781645, 35.717047 ], [ 139.781589, 35.716967 ], [ 139.780978, 35.717253 ], [ 139.780934, 35.717166 ], [ 139.780771, 35.717246 ], [ 139.780753, 35.717376 ], [ 139.780599, 35.717332 ], [ 139.780545, 35.717818 ], [ 139.780533, 35.717989 ], [ 139.78067, 35.718135 ], [ 139.780515, 35.718138 ], [ 139.78049, 35.718293 ], [ 139.780491, 35.718467 ], [ 139.780475, 35.718609 ], [ 139.780489, 35.718918 ], [ 139.780559, 35.719027 ], [ 139.780688, 35.719308 ], [ 139.780969, 35.719917 ], [ 139.781105, 35.720192 ], [ 139.781315, 35.720652 ], [ 139.78137, 35.720718 ], [ 139.781537, 35.720609 ], [ 139.782092, 35.720433 ], [ 139.782144, 35.720419 ], [ 139.783059, 35.720119 ], [ 139.783273, 35.720047 ], [ 139.783487, 35.71998 ], [ 139.783863, 35.71986 ], [ 139.783084, 35.718864 ], [ 139.783016, 35.718776 ], [ 139.782883, 35.718602 ], [ 139.782751, 35.71844 ], [ 139.782715, 35.718389 ], [ 139.782603, 35.718242 ], [ 139.7825, 35.718123 ], [ 139.782455, 35.718063 ], [ 139.782223, 35.717775 ], [ 139.781986, 35.717477 ], [ 139.781645, 35.717047 ] ] ] } },
{ "type": "Feature", "properties": { "key": "台東区|下谷2丁目", "ward": "台東区", "town": "下谷２丁目" }, "geometry": { "type": "Polygon", "coordinates": [ [ [ 139.785447, 35.722837 ], [ 139.78546, 35.722842 ], [ 139.78583, 35.722628 ], [ 139.785991, 35.722622 ], [ 139.786023, 35.722621 ], [ 139.785813, 35.722348 ], [ 139.785724, 35.722247 ], [ 139.78571, 35.722228 ], [ 139.785545, 35.722016 ], [ 139.785498, 35.721947 ], [ 139.785172, 35.721542 ], [ 139.785053, 35.72137 ], [ 139.784793, 35.721031 ], [ 139.784531, 35.720714 ], [ 139.784461, 35.720611 ], [ 139.78421, 35.72029 ], [ 139.783863, 35.71986 ], [ 139.783487, 35.71998 ], [ 139.783273, 35.720047 ], [ 139.783059, 35.720119 ], [ 139.782144, 35.720419 ], [ 139.782092, 35.720433 ], [ 139.781537, 35.720609 ], [ 139.78137, 35.720718 ], [ 139.781742, 35.721097 ], [ 139.781843, 35.721219 ], [ 139.78197, 35.721345 ], [ 139.782237, 35.721648 ], [ 139.782246, 35.721659 ], [ 139.782312, 35.721731 ], [ 139.782606, 35.722052 ], [ 139.782832, 35.722298 ], [ 139.782928, 35.722415 ], [ 139.783182, 35.722669 ], [ 139.783296, 35.722816 ], [ 139.783671, 35.723149 ], [ 139.783919, 35.723368 ], [ 139.784215, 35.723638 ], [ 139.78463, 35.723347 ], [ 139.785042, 35.723092 ], [ 139.785447, 35.722837 ] ] ] } },
{ "type": "Feature", "properties": { "key": "台東区|下谷3丁目", "ward": "台東区", "town": "下谷３丁目" }, "geometry": { "type": "Polygon", "coordinates": [ [ [ 139.787536, 35.724644 ], [ 139.787542, 35.724644 ], [ 139.787429, 35.724483 ], [ 139.787233, 35.724239 ], [ 139.787093, 35.724052 ], [ 139.786955, 35.723877 ], [ 139.786776, 35.723641 ], [ 139.78659, 35.72339 ], [ 139.786511, 35.72329 ], [ 139.786377, 35.723122 ], [ 139.785991, 35.722622 ], [ 139.78583, 35.722628 ], [ 139.78546, 35.722842 ], [ 139.785447, 35.722837 ], [ 139.785042, 35.723092 ], [ 139.78463, 35.723347 ], [ 139.784215, 35.723638 ], [ 139.784935, 35.724192 ], [ 139.785075, 35.72431 ], [ 139.785085, 35.724308 ], [ 139.785536, 35.724655 ], [ 139.785951, 35.724961 ], [ 139.786219, 35.725184 ], [ 139.786927, 35.725773 ], [ 139.787601, 35.72635 ], [ 139.788241, 35.726893 ], [ 139.788486, 35.727114 ], [ 139.789274, 35.727785 ], [ 139.789962, 35.728339 ], [ 139.790048, 35.728408 ], [ 139.790154, 35.728331 ], [ 139.789728, 35.727727 ], [ 139.789083, 35.726812 ], [ 139.788918, 35.726596 ], [ 139.788556, 35.726088 ], [ 139.78836, 35.725814 ], [ 139.788199, 35.725576 ], [ 139.787859, 35.725114 ], [ 139.787828, 35.725071 ], [ 139.787536, 35.724644 ] ] ] } },
{ "type": "Feature", "properties": { "key": "台東区|根岸1丁目", "ward": "台東区", "town": "根岸１丁目" }, "geometry": { "type": "Polygon", "coordinates": [ [ [ 139.776358, 35.723655 ], [ 139.776494, 35.723655 ], [ 139.776675, 35.723634 ], [ 139.776918, 35.723564 ], [ 139.777528, 35.723348 ], [ 139.777585, 35.723326 ], [ 139.778177, 35.723119 ], [ 139.778974, 35.722816 ], [ 139.779343, 35.722606 ], [ 139.779498, 35.722465 ], [ 139.779778, 35.722171 ], [ 139.780106, 35.721833 ], [ 139.780267, 35.721654 ], [ 139.780537, 35.721365 ], [ 139.780845, 35.721076 ], [ 139.781129, 35.720865 ], [ 139.781217, 35.720823 ], [ 139.78137, 35.720718 ], [ 139.781315, 35.720652 ], [ 139.781105, 35.720192 ], [ 139.780969, 35.719917 ], [ 139.780688, 35.719308 ], [ 139.780559, 35.719027 ], [ 139.780489, 35.718918 ], [ 139.780458, 35.718824 ], [ 139.780444, 35.718991 ], [ 139.780406, 35.71915 ], [ 139.780425, 35.719183 ], [ 139.780358, 35.719336 ], [ 139.780326, 35.719497 ], [ 139.780346, 35.719512 ], [ 139.780268, 35.719668 ], [ 139.780206, 35.719844 ], [ 139.780209, 35.719885 ], [ 139.780172, 35.719912 ], [ 139.77997, 35.720254 ], [ 139.779795, 35.720484 ], [ 139.779679, 35.720584 ], [ 139.779323, 35.720144 ], [ 139.779156, 35.720311 ], [ 139.778985, 35.720226 ], [ 139.778769, 35.720476 ], [ 139.778448, 35.720697 ], [ 139.77846, 35.72089 ], [ 139.776315, 35.722971 ], [ 139.77568, 35.723554 ], [ 139.775674, 35.723559 ], [ 139.776228, 35.723658 ], [ 139.776358, 35.723655 ] ] ] } },
{ "type": "Feature", "properties": { "key": "台東区|根岸2丁目", "ward": "台東区", "town": "根岸２丁目" }, "geometry": { "type": "Polygon", "coordinates": [ [ [ 139.775495, 35.725986 ], [ 139.775978, 35.725788 ], [ 139.77647, 35.725457 ], [ 139.776771, 35.725255 ], [ 139.776831, 35.725253 ], [ 139.776928, 35.725236 ], [ 139.776963, 35.72523 ], [ 139.777078, 35.72521 ], [ 139.777316, 35.72515 ], [ 139.777483, 35.725097 ], [ 139.777838, 35.725012 ], [ 139.778168, 35.72493 ], [ 139.778362, 35.724925 ], [ 139.778945, 35.724912 ], [ 139.778827, 35.724598 ], [ 139.778629, 35.724059 ], [ 139.778599, 35.724008 ], [ 139.778476, 35.723719 ], [ 139.778361, 35.723484 ], [ 139.778177, 35.723119 ], [ 139.777585, 35.723326 ], [ 139.777528, 35.723348 ], [ 139.776918, 35.723564 ], [ 139.776675, 35.723634 ], [ 139.776494, 35.723655 ], [ 139.776358, 35.723655 ], [ 139.776228, 35.723658 ], [ 139.775674, 35.723559 ], [ 139.774894, 35.724287 ], [ 139.774342, 35.724792 ], [ 139.773554, 35.72555 ], [ 139.772975, 35.725974 ], [ 139.773276, 35.726187 ], [ 139.773481, 35.726033 ], [ 139.773491, 35.726042 ], [ 139.773564, 35.726112 ], [ 139.773621, 35.726167 ], [ 139.77371, 35.72625 ], [ 139.77382, 35.726356 ], [ 139.773855, 35.726389 ], [ 139.773863, 35.726396 ], [ 139.774099, 35.72662 ], [ 139.774337, 35.726508 ], [ 139.774355, 35.7265 ], [ 139.774848, 35.726268 ], [ 139.77495, 35.726223 ], [ 139.775328, 35.726055 ], [ 139.775363, 35.726041 ], [ 139.775495, 35.725986 ] ] ] } },
{ "type": "Feature", "properties": { "key": "台東区|根岸3丁目", "ward": "台東区", "town": "根岸３丁目" }, "geometry": { "type": "Polygon", "coordinates": [ [ [ 139.780564, 35.724781 ], [ 139.781063, 35.724785 ], [ 139.781232, 35.724791 ], [ 139.781271, 35.72479 ], [ 139.78187, 35.724776 ], [ 139.782314, 35.724734 ], [ 139.782352, 35.724722 ], [ 139.782415, 35.724707 ], [ 139.782629, 35.724669 ], [ 139.782765, 35.724618 ], [ 139.782921, 35.724526 ], [ 139.783055, 35.724444 ], [ 139.783547, 35.724157 ], [ 139.783854, 35.723969 ], [ 139.783852, 35.723954 ], [ 139.783867, 35.723911 ], [ 139.784215, 35.723638 ], [ 139.783919, 35.723368 ], [ 139.783671, 35.723149 ], [ 139.783296, 35.722816 ], [ 139.783182, 35.722669 ], [ 139.782928, 35.722415 ], [ 139.782832, 35.722298 ], [ 139.782606, 35.722052 ], [ 139.782312, 35.721731 ], [ 139.782246, 35.721659 ], [ 139.782237, 35.721648 ], [ 139.78197, 35.721345 ], [ 139.781843, 35.721219 ], [ 139.781742, 35.721097 ], [ 139.78137, 35.720718 ], [ 139.781217, 35.720823 ], [ 139.781129, 35.720865 ], [ 139.780845, 35.721076 ], [ 139.780537, 35.721365 ], [ 139.780267, 35.721654 ], [ 139.780106, 35.721833 ], [ 139.779778, 35.722171 ], [ 139.779498, 35.722465 ], [ 139.779343, 35.722606 ], [ 139.778974, 35.722816 ], [ 139.778177, 35.723119 ], [ 139.778361, 35.723484 ], [ 139.778476, 35.723719 ], [ 139.778599, 35.724008 ], [ 139.778629, 35.724059 ], [ 139.778827, 35.724598 ], [ 139.778945, 35.724912 ], [ 139.779016, 35.724901 ], [ 139.779043, 35.724897 ], [ 139.77936, 35.724848 ], [ 139.779739, 35.724844 ], [ 139.779923, 35.724816 ], [ 139.780126, 35.724805 ], [ 139.780564, 35.724781 ] ] ] } },
{ "type": "Feature", "properties": { "key": "台東区|根岸4丁目", "ward": "台東区", "town": "根岸４丁目" }, "geometry": { "type": "Polygon", "coordinates": [ [ [ 139.785022, 35.72623 ], [ 139.78551, 35.725799 ], [ 139.785849, 35.72551 ], [ 139.785968, 35.725405 ], [ 139.786219, 35.725184 ], [ 139.785951, 35.724961 ], [ 139.785536, 35.724655 ], [ 139.785085, 35.724308 ], [ 139.785075, 35.72431 ], [ 139.784935, 35.724192 ], [ 139.784215, 35.723638 ], [ 139.783867, 35.723911 ], [ 139.783852, 35.723954 ], [ 139.783854, 35.723969 ], [ 139.783547, 35.724157 ], [ 139.783055, 35.724444 ], [ 139.782921, 35.724526 ], [ 139.782765, 35.724618 ], [ 139.782629, 35.724669 ], [ 139.782415, 35.724707 ], [ 139.782352, 35.724722 ], [ 139.782314, 35.724734 ], [ 139.78187, 35.724776 ], [ 139.781271, 35.72479 ], [ 139.781262, 35.725109 ], [ 139.781257, 35.725274 ], [ 139.781277, 35.725312 ], [ 139.781361, 35.725324 ], [ 139.781767, 35.725383 ], [ 139.781796, 35.725406 ], [ 139.781819, 35.725424 ], [ 139.781878, 35.72547 ], [ 139.78214, 35.725533 ], [ 139.782153, 35.725769 ], [ 139.782254, 35.725861 ], [ 139.782239, 35.726241 ], [ 139.7823, 35.726473 ], [ 139.782596, 35.726449 ], [ 139.782643, 35.72645 ], [ 139.78267, 35.726552 ], [ 139.782858, 35.726634 ], [ 139.782931, 35.726646 ], [ 139.782984, 35.726654 ], [ 139.783018, 35.726752 ], [ 139.783021, 35.726761 ], [ 139.783046, 35.726898 ], [ 139.78308, 35.726921 ], [ 139.78323, 35.727025 ], [ 139.783318, 35.727165 ], [ 139.783607, 35.727472 ], [ 139.784052, 35.727081 ], [ 139.784223, 35.726931 ], [ 139.784412, 35.726765 ], [ 139.785022, 35.72623 ] ] ] } },
{ "type": "Feature", "properties": { "key": "台東区|根岸5丁目", "ward": "台東区", "town": "根岸５丁目" }, "geometry": { "type": "Polygon", "coordinates": [ [ [ 139.788486, 35.727114 ], [ 139.788241, 35.726893 ], [ 139.787601, 35.72635 ], [ 139.786927, 35.725773 ], [ 139.786219, 35.725184 ], [ 139.785968, 35.725405 ], [ 139.785849, 35.72551 ], [ 139.78551, 35.725799 ], [ 139.785022, 35.72623 ], [ 139.784412, 35.726765 ], [ 139.784223, 35.726931 ], [ 139.784052, 35.727081 ], [ 139.783607, 35.727472 ], [ 139.783687, 35.727553 ], [ 139.783711, 35.727578 ], [ 139.783725, 35.727582 ], [ 139.784251, 35.727722 ], [ 139.784314, 35.727716 ], [ 139.78449, 35.727699 ], [ 139.784492, 35.727698 ], [ 139.784493, 35.727698 ], [ 139.784729, 35.727675 ], [ 139.78482, 35.727666 ], [ 139.785236, 35.727625 ], [ 139.78537, 35.727612 ], [ 139.785536, 35.727589 ], [ 139.785736, 35.72757 ], [ 139.78585, 35.727559 ], [ 139.786069, 35.727592 ], [ 139.786103, 35.727597 ], [ 139.78612, 35.7276 ], [ 139.786263, 35.727622 ], [ 139.78683, 35.727768 ], [ 139.786885, 35.727769 ], [ 139.787222, 35.727772 ], [ 139.787412, 35.727798 ], [ 139.787796, 35.727818 ], [ 139.78785, 35.72782 ], [ 139.787957, 35.727826 ], [ 139.788055, 35.727874 ], [ 139.788374, 35.727989 ], [ 139.788785, 35.728184 ], [ 139.788826, 35.728203 ], [ 139.788837, 35.728208 ], [ 139.789043, 35.728315 ], [ 139.789532, 35.728597 ], [ 139.789578, 35.728634 ], [ 139.789662, 35.728698 ], [ 139.789755, 35.728802 ], [ 139.789789, 35.72885 ], [ 139.789853, 35.728953 ], [ 139.789885, 35.729064 ], [ 139.790017, 35.729288 ], [ 139.790063, 35.729337 ], [ 139.790238, 35.729544 ], [ 139.790243, 35.729549 ], [ 139.79048, 35.729811 ], [ 139.790591, 35.729932 ], [ 139.790606, 35.729953 ], [ 139.790993, 35.730476 ], [ 139.791001, 35.73049 ], [ 139.791479, 35.731255 ], [ 139.791516, 35.731258 ], [ 139.791643, 35.731275 ], [ 139.791807, 35.731202 ], [ 139.792123, 35.73106 ], [ 139.792109, 35.731007 ], [ 139.791941, 35.73052 ], [ 139.791766, 35.730028 ], [ 139.791313, 35.729555 ], [ 139.791134, 35.729369 ], [ 139.790907, 35.729133 ], [ 139.790722, 35.728936 ], [ 139.790183, 35.728513 ], [ 139.790048, 35.728408 ], [ 139.789962, 35.728339 ], [ 139.789274, 35.727785 ], [ 139.788486, 35.727114 ] ] ] } },
{ "type": "Feature", "properties": { "key": "台東区|入谷1丁目", "ward": "台東区", "town": "入谷１丁目" }, "geometry": { "type": "Polygon", "coordinates": [ [ [ 139.787167, 35.722106 ], [ 139.78719, 35.721687 ], [ 139.787212, 35.721687 ], [ 139.787223, 35.721186 ], [ 139.787381, 35.720533 ], [ 139.787495, 35.720037 ], [ 139.787566, 35.71975 ], [ 139.787627, 35.719498 ], [ 139.787715, 35.719113 ], [ 139.787831, 35.718576 ], [ 139.787162, 35.718805 ], [ 139.786686, 35.718957 ], [ 139.786609, 35.718974 ], [ 139.785917, 35.719191 ], [ 139.785225, 35.719413 ], [ 139.785157, 35.719441 ], [ 139.784671, 35.719594 ], [ 139.784454, 35.71967 ], [ 139.784031, 35.719804 ], [ 139.783863, 35.71986 ], [ 139.78421, 35.72029 ], [ 139.784461, 35.720611 ], [ 139.784531, 35.720714 ], [ 139.784793, 35.721031 ], [ 139.785053, 35.72137 ], [ 139.785172, 35.721542 ], [ 139.785498, 35.721947 ], [ 139.785545, 35.722016 ], [ 139.78571, 35.722228 ], [ 139.785724, 35.722247 ], [ 139.785813, 35.722348 ], [ 139.786023, 35.722621 ], [ 139.786706, 35.722633 ], [ 139.786706, 35.722642 ], [ 139.786843, 35.722641 ], [ 139.787146, 35.722652 ], [ 139.787167, 35.722106 ] ] ] } },
{ "type": "Feature", "properties": { "key": "台東区|入谷2丁目", "ward": "台東区", "town": "入谷２丁目" }, "geometry": { "type": "Polygon", "coordinates": [ [ [ 139.789362, 35.722157 ], [ 139.789349, 35.721739 ], [ 139.789338, 35.721255 ], [ 139.789331, 35.720899 ], [ 139.789326, 35.720596 ], [ 139.789354, 35.720362 ], [ 139.789388, 35.720123 ], [ 139.78939, 35.720107 ], [ 139.789453, 35.719671 ], [ 139.789457, 35.719624 ], [ 139.789472, 35.719444 ], [ 139.789516, 35.719153 ], [ 139.789532, 35.71914 ], [ 139.789512, 35.71896 ], [ 139.789454, 35.718767 ], [ 139.789399, 35.71849 ], [ 139.789372, 35.718159 ], [ 139.789364, 35.718145 ], [ 139.789358, 35.7181 ], [ 139.78871, 35.718296 ], [ 139.788532, 35.718358 ], [ 139.788473, 35.718377 ], [ 139.787831, 35.718576 ], [ 139.787715, 35.719113 ], [ 139.787627, 35.719498 ], [ 139.787566, 35.71975 ], [ 139.787495, 35.720037 ], [ 139.787381, 35.720533 ], [ 139.787223, 35.721186 ], [ 139.787212, 35.721687 ], [ 139.78719, 35.721687 ], [ 139.787167, 35.722106 ], [ 139.787146, 35.722652 ], [ 139.787234, 35.722653 ], [ 139.787574, 35.722659 ], [ 139.788019, 35.722667 ], [ 139.788481, 35.722677 ], [ 139.788884, 35.722691 ], [ 139.788943, 35.722687 ], [ 139.789368, 35.722703 ], [ 139.789362, 35.722157 ] ] ] } },
{ "type": "Feature", "properties": { "key": "台東区|竜泉1丁目", "ward": "台東区", "town": "竜泉１丁目" }, "geometry": { "type": "Polygon", "coordinates": [ [ [ 139.788943, 35.722687 ], [ 139.788884, 35.722691 ], [ 139.788481, 35.722677 ], [ 139.788019, 35.722667 ], [ 139.787574, 35.722659 ], [ 139.787234, 35.722653 ], [ 139.787146, 35.722652 ], [ 139.786843, 35.722641 ], [ 139.786706, 35.722642 ], [ 139.786706, 35.722633 ], [ 139.786023, 35.722621 ], [ 139.785991, 35.722622 ], [ 139.786377, 35.723122 ], [ 139.786511, 35.72329 ], [ 139.78659, 35.72339 ], [ 139.786776, 35.723641 ], [ 139.786955, 35.723877 ], [ 139.787093, 35.724052 ], [ 139.787233, 35.724239 ], [ 139.787429, 35.724483 ], [ 139.787542, 35.724644 ], [ 139.78798, 35.724656 ], [ 139.788378, 35.724666 ], [ 139.788684, 35.724674 ], [ 139.788971, 35.724681 ], [ 139.789402, 35.724688 ], [ 139.789411, 35.724688 ], [ 139.789858, 35.724707 ], [ 139.789917, 35.724708 ], [ 139.790239, 35.724712 ], [ 139.79044, 35.724721 ], [ 139.791003, 35.724741 ], [ 139.791012, 35.724739 ], [ 139.791026, 35.724337 ], [ 139.791042, 35.724073 ], [ 139.791045, 35.7238 ], [ 139.791082, 35.723333 ], [ 139.791084, 35.723308 ], [ 139.791082, 35.723107 ], [ 139.791092, 35.722917 ], [ 139.791092, 35.722903 ], [ 139.791101, 35.722749 ], [ 139.790523, 35.722737 ], [ 139.790202, 35.722728 ], [ 139.789879, 35.722719 ], [ 139.789368, 35.722703 ], [ 139.788943, 35.722687 ] ] ] } },
{ "type": "Feature", "properties": { "key": "台東区|竜泉2丁目", "ward": "台東区", "town": "竜泉２丁目" }, "geometry": { "type": "Polygon", "coordinates": [ [ [ 139.787536, 35.724644 ], [ 139.787828, 35.725071 ], [ 139.787859, 35.725114 ], [ 139.788199, 35.725576 ], [ 139.78836, 35.725814 ], [ 139.788556, 35.726088 ], [ 139.788918, 35.726596 ], [ 139.789083, 35.726812 ], [ 139.789728, 35.727727 ], [ 139.790154, 35.728331 ], [ 139.790048, 35.728408 ], [ 139.790183, 35.728513 ], [ 139.790722, 35.728936 ], [ 139.790744, 35.728473 ], [ 139.790773, 35.728086 ], [ 139.79079, 35.727674 ], [ 139.790838, 35.727283 ], [ 139.790871, 35.726721 ], [ 139.790909, 35.726231 ], [ 139.790899, 35.726164 ], [ 139.79093, 35.725898 ], [ 139.790951, 35.725652 ], [ 139.790962, 35.725455 ], [ 139.790968, 35.725336 ], [ 139.790979, 35.725187 ], [ 139.791003, 35.724741 ], [ 139.79044, 35.724721 ], [ 139.790239, 35.724712 ], [ 139.789917, 35.724708 ], [ 139.789858, 35.724707 ], [ 139.789411, 35.724688 ], [ 139.789402, 35.724688 ], [ 139.788971, 35.724681 ], [ 139.788684, 35.724674 ], [ 139.788378, 35.724666 ], [ 139.78798, 35.724656 ], [ 139.787542, 35.724644 ], [ 139.787536, 35.724644 ] ] ] } },
{ "type": "Feature", "properties": { "key": "台東区|竜泉3丁目", "ward": "台東区", "town": "竜泉３丁目" }, "geometry": { "type": "Polygon", "coordinates": [ [ [ 139.795426, 35.726727 ], [ 139.795519, 35.726622 ], [ 139.795758, 35.726353 ], [ 139.795922, 35.726155 ], [ 139.79593, 35.726148 ], [ 139.795836, 35.726105 ], [ 139.795427, 35.725869 ], [ 139.795128, 35.725697 ], [ 139.795027, 35.725639 ], [ 139.79479, 35.7255 ], [ 139.794765, 35.725485 ], [ 139.794481, 35.725319 ], [ 139.794455, 35.725304 ], [ 139.794152, 35.725127 ], [ 139.794137, 35.725118 ], [ 139.793754, 35.724895 ], [ 139.793684, 35.724853 ], [ 139.7934, 35.724686 ], [ 139.793334, 35.724647 ], [ 139.79297, 35.724432 ], [ 139.79294, 35.724414 ], [ 139.792482, 35.724143 ], [ 139.792242, 35.724 ], [ 139.792215, 35.723984 ], [ 139.792205, 35.723978 ], [ 139.79207, 35.723897 ], [ 139.791867, 35.723781 ], [ 139.791729, 35.723705 ], [ 139.791128, 35.72336 ], [ 139.791082, 35.723333 ], [ 139.791045, 35.7238 ], [ 139.791042, 35.724073 ], [ 139.791026, 35.724337 ], [ 139.791012, 35.724739 ], [ 139.791003, 35.724741 ], [ 139.790979, 35.725187 ], [ 139.790968, 35.725336 ], [ 139.790962, 35.725455 ], [ 139.790951, 35.725652 ], [ 139.79093, 35.725898 ], [ 139.790899, 35.726164 ], [ 139.790909, 35.726231 ], [ 139.790871, 35.726721 ], [ 139.791478, 35.726752 ], [ 139.792016, 35.726769 ], [ 139.792618, 35.726788 ], [ 139.792985, 35.7268 ], [ 139.793314, 35.726812 ], [ 139.793324, 35.726772 ], [ 139.793557, 35.726908 ], [ 139.793889, 35.727111 ], [ 139.794195, 35.727284 ], [ 139.794683, 35.727569 ], [ 139.795114, 35.727069 ], [ 139.795117, 35.727065 ], [ 139.795426, 35.726727 ] ] ] } },
{ "type": "Feature", "properties": { "key": "台東区|松が谷1丁目", "ward": "台東区", "town": "松が谷１丁目" }, "geometry": { "type": "Polygon", "coordinates": [ [ [ 139.788264, 35.710269 ], [ 139.787776, 35.710369 ], [ 139.7876, 35.710399 ], [ 139.787169, 35.710472 ], [ 139.786881, 35.710521 ], [ 139.786286, 35.710626 ], [ 139.785893, 35.710699 ], [ 139.785838, 35.710709 ], [ 139.785814, 35.710714 ], [ 139.785087, 35.710843 ], [ 139.785007, 35.710857 ], [ 139.785066, 35.711549 ], [ 139.785092, 35.711774 ], [ 139.785125, 35.712054 ], [ 139.785199, 35.712664 ], [ 139.786083, 35.712579 ], [ 139.786531, 35.712538 ], [ 139.787038, 35.71249 ], [ 139.787809, 35.712415 ], [ 139.787862, 35.712409 ], [ 139.788514, 35.712338 ], [ 139.788442, 35.711976 ], [ 139.788393, 35.711711 ], [ 139.788332, 35.711165 ], [ 139.788319, 35.71102 ], [ 139.788264, 35.710269 ] ] ] } },
{ "type": "Feature", "properties": { "key": "台東区|松が谷2丁目", "ward": "台東区", "town": "松が谷２丁目" }, "geometry": { "type": "Polygon", "coordinates": [ [ [ 139.788514, 35.712338 ], [ 139.787862, 35.712409 ], [ 139.787809, 35.712415 ], [ 139.787038, 35.71249 ], [ 139.786531, 35.712538 ], [ 139.786083, 35.712579 ], [ 139.785199, 35.712664 ], [ 139.78521, 35.712935 ], [ 139.785241, 35.713152 ], [ 139.785255, 35.713337 ], [ 139.785266, 35.713411 ], [ 139.785295, 35.713722 ], [ 139.785303, 35.71385 ], [ 139.78531, 35.713948 ], [ 139.785316, 35.714 ], [ 139.785346, 35.714243 ], [ 139.785384, 35.714679 ], [ 139.785401, 35.714844 ], [ 139.785409, 35.71492 ], [ 139.785436, 35.715184 ], [ 139.786067, 35.715053 ], [ 139.786319, 35.714996 ], [ 139.786665, 35.714933 ], [ 139.787275, 35.714816 ], [ 139.788065, 35.714661 ], [ 139.788364, 35.714606 ], [ 139.788938, 35.714487 ], [ 139.78891, 35.714198 ], [ 139.78889, 35.71408 ], [ 139.788867, 35.713888 ], [ 139.788822, 35.71366 ], [ 139.788726, 35.713247 ], [ 139.788717, 35.713207 ], [ 139.788635, 35.712864 ], [ 139.788593, 35.712677 ], [ 139.788514, 35.712338 ] ] ] } },
{ "type": "Feature", "properties": { "key": "台東区|松が谷3丁目", "ward": "台東区", "town": "松が谷３丁目" }, "geometry": { "type": "Polygon", "coordinates": [ [ [ 139.788938, 35.714487 ], [ 139.788364, 35.714606 ], [ 139.788065, 35.714661 ], [ 139.787275, 35.714816 ], [ 139.786665, 35.714933 ], [ 139.786319, 35.714996 ], [ 139.786067, 35.715053 ], [ 139.785436, 35.715184 ], [ 139.785438, 35.715637 ], [ 139.785442, 35.716097 ], [ 139.785421, 35.716099 ], [ 139.78543, 35.716373 ], [ 139.785437, 35.716471 ], [ 139.785471, 35.716921 ], [ 139.785524, 35.717457 ], [ 139.786031, 35.717366 ], [ 139.786512, 35.717274 ], [ 139.786691, 35.71724 ], [ 139.786877, 35.717199 ], [ 139.787299, 35.717111 ], [ 139.787798, 35.716999 ], [ 139.788017, 35.716957 ], [ 139.78802, 35.716956 ], [ 139.788494, 35.716863 ], [ 139.789165, 35.716717 ], [ 139.789087, 35.716201 ], [ 139.789029, 35.715708 ], [ 139.789085, 35.715702 ], [ 139.789022, 35.715256 ], [ 139.789008, 35.71507 ], [ 139.788938, 35.714487 ] ] ] } },
{ "type": "Feature", "properties": { "key": "台東区|松が谷4丁目", "ward": "台東区", "town": "松が谷４丁目" }, "geometry": { "type": "Polygon", "coordinates": [ [ [ 139.789165, 35.716717 ], [ 139.788494, 35.716863 ], [ 139.78802, 35.716956 ], [ 139.788017, 35.716957 ], [ 139.787798, 35.716999 ], [ 139.787299, 35.717111 ], [ 139.786877, 35.717199 ], [ 139.786691, 35.71724 ], [ 139.786512, 35.717274 ], [ 139.786031, 35.717366 ], [ 139.785524, 35.717457 ], [ 139.785594, 35.717812 ], [ 139.785667, 35.718139 ], [ 139.785737, 35.71842 ], [ 139.785792, 35.718676 ], [ 139.785825, 35.718829 ], [ 139.785835, 35.718863 ], [ 139.785917, 35.719191 ], [ 139.786609, 35.718974 ], [ 139.786686, 35.718957 ], [ 139.787162, 35.718805 ], [ 139.787831, 35.718576 ], [ 139.788473, 35.718377 ], [ 139.788532, 35.718358 ], [ 139.78871, 35.718296 ], [ 139.789358, 35.7181 ], [ 139.789313, 35.717754 ], [ 139.789291, 35.717715 ], [ 139.789226, 35.717262 ], [ 139.789165, 35.716717 ] ] ] } },
{ "type": "Feature", "properties": { "key": "台東区|西浅草1丁目", "ward": "台東区", "town": "西浅草１丁目" }, "geometry": { "type": "Polygon", "coordinates": [ [ [ 139.791398, 35.709626 ], [ 139.790453, 35.70982 ], [ 139.789732, 35.709968 ], [ 139.789028, 35.710113 ], [ 139.788264, 35.710269 ], [ 139.788319, 35.71102 ], [ 139.788332, 35.711165 ], [ 139.788393, 35.711711 ], [ 139.788442, 35.711976 ], [ 139.788514, 35.712338 ], [ 139.788961, 35.71225 ], [ 139.789408, 35.712158 ], [ 139.790264, 35.711986 ], [ 139.791146, 35.711819 ], [ 139.792041, 35.711646 ], [ 139.792019, 35.71146 ], [ 139.791963, 35.711258 ], [ 139.791836, 35.710891 ], [ 139.791694, 35.71048 ], [ 139.791563, 35.710101 ], [ 139.791398, 35.709626 ] ] ] } },
{ "type": "Feature", "properties": { "key": "台東区|西浅草2丁目", "ward": "台東区", "town": "西浅草２丁目" }, "geometry": { "type": "Polygon", "coordinates": [ [ [ 139.792041, 35.711646 ], [ 139.791146, 35.711819 ], [ 139.790264, 35.711986 ], [ 139.789408, 35.712158 ], [ 139.788961, 35.71225 ], [ 139.788514, 35.712338 ], [ 139.788593, 35.712677 ], [ 139.788635, 35.712864 ], [ 139.788717, 35.713207 ], [ 139.788726, 35.713247 ], [ 139.788822, 35.71366 ], [ 139.788867, 35.713888 ], [ 139.78889, 35.71408 ], [ 139.78891, 35.714198 ], [ 139.788938, 35.714487 ], [ 139.78958, 35.714355 ], [ 139.789739, 35.714316 ], [ 139.790137, 35.714238 ], [ 139.790595, 35.714151 ], [ 139.791111, 35.714052 ], [ 139.791145, 35.714046 ], [ 139.791559, 35.713959 ], [ 139.791845, 35.713911 ], [ 139.792443, 35.713791 ], [ 139.792439, 35.713765 ], [ 139.792389, 35.713478 ], [ 139.792356, 35.713307 ], [ 139.792219, 35.712581 ], [ 139.792189, 35.712422 ], [ 139.792116, 35.712034 ], [ 139.792099, 35.711947 ], [ 139.792041, 35.711646 ] ] ] } },
{ "type": "Feature", "properties": { "key": "台東区|西浅草3丁目", "ward": "台東区", "town": "西浅草３丁目" }, "geometry": { "type": "Polygon", "coordinates": [ [ [ 139.792443, 35.713791 ], [ 139.791845, 35.713911 ], [ 139.791559, 35.713959 ], [ 139.791145, 35.714046 ], [ 139.791111, 35.714052 ], [ 139.790595, 35.714151 ], [ 139.790137, 35.714238 ], [ 139.789739, 35.714316 ], [ 139.78958, 35.714355 ], [ 139.788938, 35.714487 ], [ 139.789008, 35.71507 ], [ 139.789022, 35.715256 ], [ 139.789085, 35.715702 ], [ 139.789029, 35.715708 ], [ 139.789087, 35.716201 ], [ 139.789165, 35.716717 ], [ 139.789226, 35.717262 ], [ 139.789291, 35.717715 ], [ 139.789313, 35.717754 ], [ 139.789358, 35.7181 ], [ 139.789364, 35.718145 ], [ 139.789372, 35.718159 ], [ 139.790622, 35.717832 ], [ 139.791125, 35.717718 ], [ 139.791746, 35.717554 ], [ 139.792698, 35.717315 ], [ 139.792706, 35.717304 ], [ 139.792705, 35.717291 ], [ 139.792679, 35.716877 ], [ 139.792655, 35.716504 ], [ 139.792626, 35.716056 ], [ 139.792625, 35.716041 ], [ 139.792606, 35.715754 ], [ 139.7926, 35.715673 ], [ 139.792569, 35.715197 ], [ 139.792579, 35.715187 ], [ 139.792568, 35.714996 ], [ 139.792535, 35.714594 ], [ 139.792502, 35.714388 ], [ 139.792443, 35.713791 ] ] ] } },
{ "type": "Feature", "properties": { "key": "台東区|雷門1丁目", "ward": "台東区", "town": "雷門１丁目" }, "geometry": { "type": "Polygon", "coordinates": [ [ [ 139.794319, 35.709077 ], [ 139.793653, 35.709173 ], [ 139.793497, 35.709196 ], [ 139.793068, 35.709284 ], [ 139.792811, 35.709337 ], [ 139.79245, 35.709411 ], [ 139.792229, 35.709456 ], [ 139.791398, 35.709626 ], [ 139.791563, 35.710101 ], [ 139.791694, 35.71048 ], [ 139.791836, 35.710891 ], [ 139.791963, 35.711258 ], [ 139.792019, 35.71146 ], [ 139.792538, 35.71139 ], [ 139.792552, 35.711388 ], [ 139.792772, 35.711348 ], [ 139.793004, 35.711319 ], [ 139.793535, 35.711247 ], [ 139.793574, 35.711242 ], [ 139.793714, 35.711226 ], [ 139.793942, 35.711196 ], [ 139.794026, 35.711184 ], [ 139.794645, 35.71111 ], [ 139.794555, 35.710555 ], [ 139.794479, 35.710075 ], [ 139.7944, 35.709607 ], [ 139.794381, 35.709421 ], [ 139.794325, 35.7091 ], [ 139.794319, 35.709077 ] ] ] } },
{ "type": "Feature", "properties": { "key": "台東区|雷門2丁目", "ward": "台東区", "town": "雷門２丁目" }, "geometry": { "type": "Polygon", "coordinates": [ [ [ 139.797409, 35.708232 ], [ 139.79658, 35.708632 ], [ 139.796491, 35.708658 ], [ 139.79617, 35.708811 ], [ 139.79605, 35.708833 ], [ 139.795589, 35.708893 ], [ 139.795193, 35.70895 ], [ 139.794909, 35.70899 ], [ 139.794319, 35.709077 ], [ 139.794325, 35.7091 ], [ 139.794381, 35.709421 ], [ 139.7944, 35.709607 ], [ 139.794479, 35.710075 ], [ 139.794555, 35.710555 ], [ 139.794645, 35.71111 ], [ 139.795454, 35.711014 ], [ 139.79631, 35.710898 ], [ 139.796498, 35.710875 ], [ 139.796985, 35.71081 ], [ 139.797069, 35.7108 ], [ 139.797689, 35.710714 ], [ 139.798021, 35.710559 ], [ 139.798964, 35.710056 ], [ 139.798916, 35.709996 ], [ 139.79793, 35.708855 ], [ 139.797441, 35.708271 ], [ 139.797409, 35.708232 ] ] ] } },
{ "type": "Feature", "properties": { "key": "台東区|浅草1丁目", "ward": "台東区", "town": "浅草１丁目" }, "geometry": { "type": "Polygon", "coordinates": [ [ [ 139.795031, 35.712829 ], [ 139.795702, 35.712831 ], [ 139.796415, 35.712827 ], [ 139.796681, 35.712825 ], [ 139.797189, 35.71277 ], [ 139.797845, 35.712686 ], [ 139.797822, 35.712306 ], [ 139.797799, 35.712058 ], [ 139.79777, 35.711672 ], [ 139.797764, 35.711645 ], [ 139.797689, 35.710714 ], [ 139.797069, 35.7108 ], [ 139.796985, 35.71081 ], [ 139.796498, 35.710875 ], [ 139.79631, 35.710898 ], [ 139.795454, 35.711014 ], [ 139.794645, 35.71111 ], [ 139.794026, 35.711184 ], [ 139.793942, 35.711196 ], [ 139.793714, 35.711226 ], [ 139.793574, 35.711242 ], [ 139.793535, 35.711247 ], [ 139.793004, 35.711319 ], [ 139.792772, 35.711348 ], [ 139.792552, 35.711388 ], [ 139.792538, 35.71139 ], [ 139.792019, 35.71146 ], [ 139.792041, 35.711646 ], [ 139.792099, 35.711947 ], [ 139.792116, 35.712034 ], [ 139.792189, 35.712422 ], [ 139.792219, 35.712581 ], [ 139.792356, 35.713307 ], [ 139.792389, 35.713478 ], [ 139.792439, 35.713765 ], [ 139.792917, 35.713677 ], [ 139.793296, 35.713591 ], [ 139.793728, 35.713345 ], [ 139.794365, 35.712986 ], [ 139.794416, 35.712934 ], [ 139.794508, 35.712893 ], [ 139.794682, 35.712841 ], [ 139.795031, 35.712829 ] ] ] } },
{ "type": "Feature", "properties": { "key": "台東区|浅草2丁目", "ward": "台東区", "town": "浅草２丁目" }, "geometry": { "type": "Polygon", "coordinates": [ [ [ 139.797845, 35.712686 ], [ 139.797189, 35.71277 ], [ 139.796681, 35.712825 ], [ 139.796415, 35.712827 ], [ 139.795702, 35.712831 ], [ 139.795031, 35.712829 ], [ 139.794682, 35.712841 ], [ 139.794508, 35.712893 ], [ 139.794416, 35.712934 ], [ 139.794365, 35.712986 ], [ 139.793728, 35.713345 ], [ 139.793296, 35.713591 ], [ 139.792917, 35.713677 ], [ 139.792439, 35.713765 ], [ 139.792443, 35.713791 ], [ 139.792502, 35.714388 ], [ 139.792535, 35.714594 ], [ 139.792568, 35.714996 ], [ 139.792579, 35.715187 ], [ 139.792569, 35.715197 ], [ 139.7926, 35.715673 ], [ 139.792606, 35.715754 ], [ 139.792625, 35.716041 ], [ 139.792626, 35.716056 ], [ 139.792655, 35.716504 ], [ 139.792679, 35.716877 ], [ 139.792705, 35.717291 ], [ 139.793278, 35.717149 ], [ 139.793605, 35.717074 ], [ 139.793788, 35.717032 ], [ 139.793849, 35.717013 ], [ 139.79411, 35.716948 ], [ 139.79416, 35.716933 ], [ 139.794881, 35.716752 ], [ 139.795355, 35.716635 ], [ 139.795398, 35.716624 ], [ 139.795804, 35.716519 ], [ 139.796094, 35.716446 ], [ 139.796075, 35.716435 ], [ 139.796197, 35.71643 ], [ 139.796693, 35.716294 ], [ 139.797454, 35.716114 ], [ 139.79786, 35.716012 ], [ 139.798113, 35.715944 ], [ 139.798218, 35.715916 ], [ 139.798638, 35.715817 ], [ 139.798668, 35.7158 ], [ 139.798586, 35.715432 ], [ 139.798522, 35.715216 ], [ 139.798432, 35.714878 ], [ 139.7984, 35.714728 ], [ 139.798269, 35.714278 ], [ 139.798075, 35.713535 ], [ 139.798055, 35.71346 ], [ 139.798042, 35.713434 ], [ 139.797845, 35.712686 ] ] ] } },
{ "type": "Feature", "properties": { "key": "台東区|浅草3丁目", "ward": "台東区", "town": "浅草３丁目" }, "geometry": { "type": "Polygon", "coordinates": [ [ [ 139.798638, 35.715817 ], [ 139.798218, 35.715916 ], [ 139.798113, 35.715944 ], [ 139.79786, 35.716012 ], [ 139.797454, 35.716114 ], [ 139.796693, 35.716294 ], [ 139.796197, 35.71643 ], [ 139.796075, 35.716435 ], [ 139.796094, 35.716446 ], [ 139.795804, 35.716519 ], [ 139.795398, 35.716624 ], [ 139.795355, 35.716635 ], [ 139.794881, 35.716752 ], [ 139.79416, 35.716933 ], [ 139.79411, 35.716948 ], [ 139.793849, 35.717013 ], [ 139.793788, 35.717032 ], [ 139.793605, 35.717074 ], [ 139.793278, 35.717149 ], [ 139.792705, 35.717291 ], [ 139.792706, 35.717304 ], [ 139.792715, 35.717674 ], [ 139.792697, 35.717694 ], [ 139.792697, 35.717698 ], [ 139.792697, 35.717979 ], [ 139.792697, 35.718334 ], [ 139.792683, 35.718701 ], [ 139.792829, 35.718647 ], [ 139.793188, 35.718572 ], [ 139.79351, 35.718502 ], [ 139.793775, 35.718447 ], [ 139.794238, 35.718359 ], [ 139.794357, 35.718334 ], [ 139.794675, 35.718267 ], [ 139.795065, 35.718192 ], [ 139.795289, 35.718139 ], [ 139.795523, 35.718077 ], [ 139.795967, 35.717977 ], [ 139.796292, 35.717913 ], [ 139.796684, 35.717831 ], [ 139.797058, 35.717759 ], [ 139.797204, 35.717724 ], [ 139.797555, 35.71765 ], [ 139.79788, 35.717597 ], [ 139.798153, 35.717537 ], [ 139.798276, 35.71751 ], [ 139.79865, 35.717437 ], [ 139.799079, 35.717344 ], [ 139.798902, 35.716758 ], [ 139.798842, 35.716532 ], [ 139.798734, 35.716174 ], [ 139.798638, 35.715817 ] ] ] } },
{ "type": "Feature", "properties": { "key": "台東区|浅草4丁目", "ward": "台東区", "town": "浅草４丁目" }, "geometry": { "type": "Polygon", "coordinates": [ [ [ 139.799079, 35.717344 ], [ 139.79865, 35.717437 ], [ 139.798276, 35.71751 ], [ 139.798153, 35.717537 ], [ 139.79788, 35.717597 ], [ 139.797555, 35.71765 ], [ 139.797204, 35.717724 ], [ 139.797058, 35.717759 ], [ 139.796684, 35.717831 ], [ 139.796292, 35.717913 ], [ 139.795967, 35.717977 ], [ 139.795523, 35.718077 ], [ 139.795289, 35.718139 ], [ 139.795065, 35.718192 ], [ 139.794675, 35.718267 ], [ 139.794357, 35.718334 ], [ 139.794238, 35.718359 ], [ 139.793775, 35.718447 ], [ 139.79351, 35.718502 ], [ 139.793188, 35.718572 ], [ 139.792829, 35.718647 ], [ 139.792683, 35.718701 ], [ 139.792052, 35.719785 ], [ 139.792495, 35.720004 ], [ 139.793159, 35.720225 ], [ 139.793203, 35.720203 ], [ 139.794092, 35.720026 ], [ 139.794406, 35.719973 ], [ 139.79487, 35.719891 ], [ 139.79528, 35.719818 ], [ 139.79568, 35.719722 ], [ 139.795799, 35.719691 ], [ 139.795953, 35.719648 ], [ 139.796145, 35.719606 ], [ 139.796464, 35.71952 ], [ 139.796743, 35.719452 ], [ 139.796818, 35.719434 ], [ 139.797234, 35.719333 ], [ 139.79762, 35.719238 ], [ 139.798096, 35.719114 ], [ 139.798214, 35.719058 ], [ 139.79867, 35.718978 ], [ 139.799031, 35.718911 ], [ 139.799497, 35.718829 ], [ 139.799284, 35.718097 ], [ 139.799079, 35.717344 ] ] ] } },
{ "type": "Feature", "properties": { "key": "台東区|浅草5丁目", "ward": "台東区", "town": "浅草５丁目" }, "geometry": { "type": "Polygon", "coordinates": [ [ [ 139.800079, 35.720542 ], [ 139.800061, 35.72056 ], [ 139.799968, 35.720291 ], [ 139.799928, 35.720183 ], [ 139.799713, 35.719503 ], [ 139.799497, 35.718829 ], [ 139.799031, 35.718911 ], [ 139.79867, 35.718978 ], [ 139.798214, 35.719058 ], [ 139.798096, 35.719114 ], [ 139.79762, 35.719238 ], [ 139.797234, 35.719333 ], [ 139.796818, 35.719434 ], [ 139.796743, 35.719452 ], [ 139.796464, 35.71952 ], [ 139.796145, 35.719606 ], [ 139.795953, 35.719648 ], [ 139.795799, 35.719691 ], [ 139.79568, 35.719722 ], [ 139.79528, 35.719818 ], [ 139.79487, 35.719891 ], [ 139.794406, 35.719973 ], [ 139.794092, 35.720026 ], [ 139.793203, 35.720203 ], [ 139.793335, 35.720331 ], [ 139.793595, 35.720488 ], [ 139.794085, 35.720788 ], [ 139.794095, 35.720794 ], [ 139.794404, 35.72098 ], [ 139.794509, 35.721038 ], [ 139.794728, 35.721172 ], [ 139.794873, 35.721264 ], [ 139.794929, 35.721303 ], [ 139.795401, 35.721575 ], [ 139.795409, 35.721579 ], [ 139.795792, 35.721807 ], [ 139.796175, 35.72204 ], [ 139.796206, 35.722058 ], [ 139.796566, 35.722266 ], [ 139.796588, 35.722278 ], [ 139.796984, 35.722507 ], [ 139.797463, 35.722802 ], [ 139.797786, 35.723003 ], [ 139.79803, 35.723143 ], [ 139.798381, 35.723352 ], [ 139.79873, 35.722954 ], [ 139.798802, 35.722894 ], [ 139.798773, 35.722871 ], [ 139.799173, 35.722149 ], [ 139.799227, 35.72205 ], [ 139.799716, 35.721437 ], [ 139.800221, 35.720791 ], [ 139.800149, 35.720756 ], [ 139.800079, 35.720542 ] ] ] } },
{ "type": "Feature", "properties": { "key": "台東区|浅草6丁目", "ward": "台東区", "town": "浅草６丁目" }, "geometry": { "type": "Polygon", "coordinates": [ [ [ 139.800365, 35.720759 ], [ 139.800712, 35.720769 ], [ 139.800723, 35.72078 ], [ 139.801029, 35.720289 ], [ 139.801307, 35.719843 ], [ 139.801304, 35.719783 ], [ 139.801589, 35.71942 ], [ 139.801687, 35.719351 ], [ 139.801699, 35.719309 ], [ 139.801771, 35.719295 ], [ 139.80192, 35.719197 ], [ 139.801921, 35.719032 ], [ 139.801875, 35.718994 ], [ 139.801867, 35.718397 ], [ 139.801857, 35.717896 ], [ 139.801847, 35.717339 ], [ 139.801847, 35.717321 ], [ 139.801839, 35.716901 ], [ 139.801842, 35.716568 ], [ 139.801832, 35.716195 ], [ 139.801809, 35.715075 ], [ 139.801759, 35.715087 ], [ 139.801419, 35.71517 ], [ 139.80134, 35.715189 ], [ 139.801214, 35.715216 ], [ 139.801209, 35.715217 ], [ 139.800948, 35.71528 ], [ 139.800691, 35.715342 ], [ 139.80029, 35.715434 ], [ 139.800173, 35.71546 ], [ 139.799909, 35.715522 ], [ 139.799589, 35.715597 ], [ 139.799578, 35.7156 ], [ 139.799121, 35.715708 ], [ 139.799117, 35.715702 ], [ 139.798668, 35.7158 ], [ 139.798638, 35.715817 ], [ 139.798734, 35.716174 ], [ 139.798842, 35.716532 ], [ 139.798902, 35.716758 ], [ 139.799079, 35.717344 ], [ 139.799284, 35.718097 ], [ 139.799497, 35.718829 ], [ 139.799713, 35.719503 ], [ 139.799928, 35.720183 ], [ 139.799968, 35.720291 ], [ 139.800061, 35.72056 ], [ 139.800079, 35.720542 ], [ 139.800149, 35.720756 ], [ 139.800221, 35.720791 ], [ 139.800365, 35.720759 ] ] ] } },
{ "type": "Feature", "properties": { "key": "台東区|浅草7丁目", "ward": "台東区", "town": "浅草７丁目" }, "geometry": { "type": "Polygon", "coordinates": [ [ [ 139.80357, 35.717174 ], [ 139.803594, 35.71718 ], [ 139.804518, 35.716675 ], [ 139.804543, 35.716648 ], [ 139.805439, 35.716169 ], [ 139.803481, 35.714247 ], [ 139.803458, 35.714216 ], [ 139.803415, 35.714161 ], [ 139.802836, 35.714495 ], [ 139.802054, 35.714953 ], [ 139.802001, 35.715032 ], [ 139.801809, 35.715075 ], [ 139.801832, 35.716195 ], [ 139.801842, 35.716568 ], [ 139.801839, 35.716901 ], [ 139.801847, 35.717321 ], [ 139.801847, 35.717339 ], [ 139.801857, 35.717896 ], [ 139.801867, 35.718397 ], [ 139.801875, 35.718994 ], [ 139.801921, 35.719032 ], [ 139.802149, 35.718943 ], [ 139.802271, 35.718831 ], [ 139.802516, 35.718536 ], [ 139.802536, 35.718511 ], [ 139.803032, 35.717872 ], [ 139.80357, 35.717174 ] ] ] } },
{ "type": "Feature", "properties": { "key": "台東区|花川戸1丁目", "ward": "台東区", "town": "花川戸１丁目" }, "geometry": { "type": "Polygon", "coordinates": [ [ [ 139.798964, 35.710056 ], [ 139.798021, 35.710559 ], [ 139.797689, 35.710714 ], [ 139.797764, 35.711645 ], [ 139.79777, 35.711672 ], [ 139.797799, 35.712058 ], [ 139.797822, 35.712306 ], [ 139.797845, 35.712686 ], [ 139.798042, 35.713434 ], [ 139.798055, 35.71346 ], [ 139.798075, 35.713535 ], [ 139.798269, 35.714278 ], [ 139.798465, 35.714228 ], [ 139.798707, 35.714168 ], [ 139.799083, 35.714093 ], [ 139.799397, 35.714026 ], [ 139.800088, 35.713865 ], [ 139.800597, 35.713742 ], [ 139.800961, 35.713666 ], [ 139.801053, 35.713638 ], [ 139.801343, 35.713377 ], [ 139.802006, 35.712837 ], [ 139.801782, 35.712652 ], [ 139.801241, 35.712207 ], [ 139.801064, 35.712085 ], [ 139.801033, 35.712027 ], [ 139.800897, 35.7119 ], [ 139.800534, 35.71156 ], [ 139.800268, 35.711311 ], [ 139.79949, 35.710574 ], [ 139.798981, 35.710074 ], [ 139.798964, 35.710056 ] ] ] } },
{ "type": "Feature", "properties": { "key": "台東区|花川戸2丁目", "ward": "台東区", "town": "花川戸２丁目" }, "geometry": { "type": "Polygon", "coordinates": [ [ [ 139.799117, 35.715702 ], [ 139.799121, 35.715708 ], [ 139.799578, 35.7156 ], [ 139.799589, 35.715597 ], [ 139.799909, 35.715522 ], [ 139.800173, 35.71546 ], [ 139.80029, 35.715434 ], [ 139.800691, 35.715342 ], [ 139.800948, 35.71528 ], [ 139.801209, 35.715217 ], [ 139.801214, 35.715216 ], [ 139.80134, 35.715189 ], [ 139.801419, 35.71517 ], [ 139.801759, 35.715087 ], [ 139.801809, 35.715075 ], [ 139.802001, 35.715032 ], [ 139.802054, 35.714953 ], [ 139.802836, 35.714495 ], [ 139.803415, 35.714161 ], [ 139.803335, 35.714089 ], [ 139.802764, 35.713543 ], [ 139.802147, 35.71296 ], [ 139.802006, 35.712837 ], [ 139.801343, 35.713377 ], [ 139.801053, 35.713638 ], [ 139.800961, 35.713666 ], [ 139.800597, 35.713742 ], [ 139.800088, 35.713865 ], [ 139.799397, 35.714026 ], [ 139.799083, 35.714093 ], [ 139.798707, 35.714168 ], [ 139.798465, 35.714228 ], [ 139.798269, 35.714278 ], [ 139.7984, 35.714728 ], [ 139.798432, 35.714878 ], [ 139.798522, 35.715216 ], [ 139.798586, 35.715432 ], [ 139.798668, 35.7158 ], [ 139.799117, 35.715702 ] ] ] } },
{ "type": "Feature", "properties": { "key": "台東区|千束1丁目", "ward": "台東区", "town": "千束１丁目" }, "geometry": { "type": "Polygon", "coordinates": [ [ [ 139.792706, 35.717304 ], [ 139.792698, 35.717315 ], [ 139.791746, 35.717554 ], [ 139.791125, 35.717718 ], [ 139.790622, 35.717832 ], [ 139.789372, 35.718159 ], [ 139.789399, 35.71849 ], [ 139.789454, 35.718767 ], [ 139.789512, 35.71896 ], [ 139.789532, 35.71914 ], [ 139.790024, 35.719174 ], [ 139.790356, 35.719191 ], [ 139.790756, 35.719214 ], [ 139.790822, 35.719217 ], [ 139.791238, 35.719235 ], [ 139.791242, 35.719281 ], [ 139.791218, 35.719726 ], [ 139.791206, 35.719938 ], [ 139.791199, 35.720073 ], [ 139.791192, 35.720182 ], [ 139.791183, 35.720412 ], [ 139.791178, 35.720656 ], [ 139.791164, 35.720962 ], [ 139.791137, 35.721315 ], [ 139.791134, 35.72135 ], [ 139.791591, 35.720588 ], [ 139.791713, 35.720374 ], [ 139.791888, 35.720076 ], [ 139.792052, 35.719785 ], [ 139.792683, 35.718701 ], [ 139.792697, 35.718334 ], [ 139.792697, 35.717979 ], [ 139.792697, 35.717698 ], [ 139.792697, 35.717694 ], [ 139.792715, 35.717674 ], [ 139.792706, 35.717304 ] ] ] } },
{ "type": "Feature", "properties": { "key": "台東区|千束2丁目", "ward": "台東区", "town": "千束２丁目" }, "geometry": { "type": "Polygon", "coordinates": [ [ [ 139.789532, 35.71914 ], [ 139.789516, 35.719153 ], [ 139.789472, 35.719444 ], [ 139.789457, 35.719624 ], [ 139.789453, 35.719671 ], [ 139.78939, 35.720107 ], [ 139.789388, 35.720123 ], [ 139.789354, 35.720362 ], [ 139.789326, 35.720596 ], [ 139.789331, 35.720899 ], [ 139.789338, 35.721255 ], [ 139.789349, 35.721739 ], [ 139.789362, 35.722157 ], [ 139.789368, 35.722703 ], [ 139.789879, 35.722719 ], [ 139.790202, 35.722728 ], [ 139.790523, 35.722737 ], [ 139.791101, 35.722749 ], [ 139.791114, 35.722482 ], [ 139.791128, 35.722195 ], [ 139.791097, 35.722191 ], [ 139.79111, 35.721777 ], [ 139.79112, 35.721717 ], [ 139.791134, 35.72135 ], [ 139.791137, 35.721315 ], [ 139.791164, 35.720962 ], [ 139.791178, 35.720656 ], [ 139.791183, 35.720412 ], [ 139.791192, 35.720182 ], [ 139.791199, 35.720073 ], [ 139.791206, 35.719938 ], [ 139.791218, 35.719726 ], [ 139.791242, 35.719281 ], [ 139.791238, 35.719235 ], [ 139.790822, 35.719217 ], [ 139.790756, 35.719214 ], [ 139.790356, 35.719191 ], [ 139.790024, 35.719174 ], [ 139.789532, 35.71914 ] ] ] } },
{ "type": "Feature", "properties": { "key": "台東区|千束3丁目", "ward": "台東区", "town": "千束３丁目" }, "geometry": { "type": "Polygon", "coordinates": [ [ [ 139.793203, 35.720203 ], [ 139.793159, 35.720225 ], [ 139.792495, 35.720004 ], [ 139.792052, 35.719785 ], [ 139.791888, 35.720076 ], [ 139.791713, 35.720374 ], [ 139.791591, 35.720588 ], [ 139.791134, 35.72135 ], [ 139.79112, 35.721717 ], [ 139.79111, 35.721777 ], [ 139.791097, 35.722191 ], [ 139.791128, 35.722195 ], [ 139.791114, 35.722482 ], [ 139.791101, 35.722749 ], [ 139.791092, 35.722903 ], [ 139.791092, 35.722917 ], [ 139.791082, 35.723107 ], [ 139.791084, 35.723308 ], [ 139.791082, 35.723333 ], [ 139.791128, 35.72336 ], [ 139.791729, 35.723705 ], [ 139.791867, 35.723781 ], [ 139.79207, 35.723897 ], [ 139.792205, 35.723978 ], [ 139.792215, 35.723984 ], [ 139.792242, 35.724 ], [ 139.792482, 35.724143 ], [ 139.79294, 35.724414 ], [ 139.79296, 35.724395 ], [ 139.793039, 35.724304 ], [ 139.793076, 35.724259 ], [ 139.793122, 35.724202 ], [ 139.793123, 35.724201 ], [ 139.793645, 35.723588 ], [ 139.793715, 35.723503 ], [ 139.794097, 35.723064 ], [ 139.794323, 35.722805 ], [ 139.794381, 35.722738 ], [ 139.794425, 35.722688 ], [ 139.794502, 35.722599 ], [ 139.794521, 35.722578 ], [ 139.794767, 35.722297 ], [ 139.79506, 35.72195 ], [ 139.795269, 35.721716 ], [ 139.795401, 35.721575 ], [ 139.794929, 35.721303 ], [ 139.794873, 35.721264 ], [ 139.794728, 35.721172 ], [ 139.794509, 35.721038 ], [ 139.794404, 35.72098 ], [ 139.794095, 35.720794 ], [ 139.794085, 35.720788 ], [ 139.793595, 35.720488 ], [ 139.793335, 35.720331 ], [ 139.793203, 35.720203 ] ] ] } },
{ "type": "Feature", "properties": { "key": "台東区|千束4丁目", "ward": "台東区", "town": "千束４丁目" }, "geometry": { "type": "Polygon", "coordinates": [ [ [ 139.795401, 35.721575 ], [ 139.795269, 35.721716 ], [ 139.79506, 35.72195 ], [ 139.794767, 35.722297 ], [ 139.794521, 35.722578 ], [ 139.794502, 35.722599 ], [ 139.794425, 35.722688 ], [ 139.794381, 35.722738 ], [ 139.794323, 35.722805 ], [ 139.794097, 35.723064 ], [ 139.793715, 35.723503 ], [ 139.793645, 35.723588 ], [ 139.793123, 35.724201 ], [ 139.793122, 35.724202 ], [ 139.793076, 35.724259 ], [ 139.793039, 35.724304 ], [ 139.79296, 35.724395 ], [ 139.79294, 35.724414 ], [ 139.79297, 35.724432 ], [ 139.793334, 35.724647 ], [ 139.7934, 35.724686 ], [ 139.793684, 35.724853 ], [ 139.793754, 35.724895 ], [ 139.794137, 35.725118 ], [ 139.794152, 35.725127 ], [ 139.794455, 35.725304 ], [ 139.794481, 35.725319 ], [ 139.794765, 35.725485 ], [ 139.79479, 35.7255 ], [ 139.795027, 35.725639 ], [ 139.795128, 35.725697 ], [ 139.795427, 35.725869 ], [ 139.795836, 35.726105 ], [ 139.79593, 35.726148 ], [ 139.795933, 35.726144 ], [ 139.796296, 35.725742 ], [ 139.796648, 35.725342 ], [ 139.796673, 35.725302 ], [ 139.796963, 35.724973 ], [ 139.797262, 35.724624 ], [ 139.797326, 35.724555 ], [ 139.79743, 35.724424 ], [ 139.797798, 35.724017 ], [ 139.798046, 35.723732 ], [ 139.798147, 35.723619 ], [ 139.798381, 35.723352 ], [ 139.79803, 35.723143 ], [ 139.797786, 35.723003 ], [ 139.797463, 35.722802 ], [ 139.796984, 35.722507 ], [ 139.796588, 35.722278 ], [ 139.796566, 35.722266 ], [ 139.796206, 35.722058 ], [ 139.796175, 35.72204 ], [ 139.795792, 35.721807 ], [ 139.795409, 35.721579 ], [ 139.795401, 35.721575 ] ] ] } },
{ "type": "Feature", "properties": { "key": "台東区|今戸1丁目", "ward": "台東区", "town": "今戸１丁目" }, "geometry": { "type": "Polygon", "coordinates": [ [ [ 139.805809, 35.719948 ], [ 139.806385, 35.720513 ], [ 139.806474, 35.72059 ], [ 139.808057, 35.719609 ], [ 139.808046, 35.719588 ], [ 139.80765, 35.71888 ], [ 139.807537, 35.718689 ], [ 139.807481, 35.718594 ], [ 139.807218, 35.718149 ], [ 139.806965, 35.717816 ], [ 139.806696, 35.717508 ], [ 139.806628, 35.717438 ], [ 139.805973, 35.716737 ], [ 139.805436, 35.716176 ], [ 139.805439, 35.716169 ], [ 139.804543, 35.716648 ], [ 139.804518, 35.716675 ], [ 139.803594, 35.71718 ], [ 139.80357, 35.717174 ], [ 139.803032, 35.717872 ], [ 139.802536, 35.718511 ], [ 139.802516, 35.718536 ], [ 139.802271, 35.718831 ], [ 139.802149, 35.718943 ], [ 139.801921, 35.719032 ], [ 139.80192, 35.719197 ], [ 139.801914, 35.719831 ], [ 139.801923, 35.720088 ], [ 139.801888, 35.720338 ], [ 139.801822, 35.7208 ], [ 139.802311, 35.720774 ], [ 139.802653, 35.720754 ], [ 139.803086, 35.720742 ], [ 139.803566, 35.720715 ], [ 139.803856, 35.7207 ], [ 139.804305, 35.720678 ], [ 139.804673, 35.720508 ], [ 139.805117, 35.720277 ], [ 139.80546, 35.720118 ], [ 139.805809, 35.719948 ] ] ] } },
{ "type": "Feature", "properties": { "key": "台東区|今戸2丁目", "ward": "台東区", "town": "今戸２丁目" }, "geometry": { "type": "Polygon", "coordinates": [ [ [ 139.802382, 35.722899 ], [ 139.80239, 35.7229 ], [ 139.802931, 35.722887 ], [ 139.802937, 35.722883 ], [ 139.80347, 35.722865 ], [ 139.803483, 35.722867 ], [ 139.804016, 35.72285 ], [ 139.804028, 35.722852 ], [ 139.804497, 35.722836 ], [ 139.804516, 35.722833 ], [ 139.804964, 35.722785 ], [ 139.805798, 35.72269 ], [ 139.805814, 35.722688 ], [ 139.806203, 35.722643 ], [ 139.806781, 35.722592 ], [ 139.8068, 35.72259 ], [ 139.807232, 35.722543 ], [ 139.80727, 35.722692 ], [ 139.807373, 35.722678 ], [ 139.80776, 35.722613 ], [ 139.807814, 35.722803 ], [ 139.808035, 35.722767 ], [ 139.809055, 35.722614 ], [ 139.808973, 35.722348 ], [ 139.808948, 35.72233 ], [ 139.808712, 35.721327 ], [ 139.808545, 35.72077 ], [ 139.808387, 35.720321 ], [ 139.808304, 35.720131 ], [ 139.808216, 35.719929 ], [ 139.808057, 35.719609 ], [ 139.806474, 35.72059 ], [ 139.806385, 35.720513 ], [ 139.805809, 35.719948 ], [ 139.80546, 35.720118 ], [ 139.805117, 35.720277 ], [ 139.804673, 35.720508 ], [ 139.804305, 35.720678 ], [ 139.803856, 35.7207 ], [ 139.803566, 35.720715 ], [ 139.803086, 35.720742 ], [ 139.802653, 35.720754 ], [ 139.802311, 35.720774 ], [ 139.801822, 35.7208 ], [ 139.801717, 35.721611 ], [ 139.801634, 35.722237 ], [ 139.801538, 35.722925 ], [ 139.802018, 35.722906 ], [ 139.802382, 35.722899 ] ] ] } },
{ "type": "Feature", "properties": { "key": "台東区|東浅草1丁目", "ward": "台東区", "town": "東浅草１丁目" }, "geometry": { "type": "Polygon", "coordinates": [ [ [ 139.80053, 35.722935 ], [ 139.80053, 35.722945 ], [ 139.800991, 35.72294 ], [ 139.801, 35.722934 ], [ 139.801538, 35.722925 ], [ 139.801634, 35.722237 ], [ 139.801717, 35.721611 ], [ 139.801822, 35.7208 ], [ 139.801888, 35.720338 ], [ 139.801923, 35.720088 ], [ 139.801914, 35.719831 ], [ 139.80192, 35.719197 ], [ 139.801771, 35.719295 ], [ 139.801699, 35.719309 ], [ 139.801687, 35.719351 ], [ 139.801589, 35.71942 ], [ 139.801304, 35.719783 ], [ 139.801307, 35.719843 ], [ 139.801029, 35.720289 ], [ 139.800723, 35.72078 ], [ 139.800712, 35.720769 ], [ 139.800365, 35.720759 ], [ 139.800221, 35.720791 ], [ 139.799716, 35.721437 ], [ 139.799227, 35.72205 ], [ 139.799173, 35.722149 ], [ 139.798773, 35.722871 ], [ 139.798943, 35.722954 ], [ 139.799072, 35.722954 ], [ 139.799194, 35.72295 ], [ 139.799586, 35.722947 ], [ 139.799732, 35.722941 ], [ 139.799986, 35.722939 ], [ 139.80053, 35.722935 ] ] ] } },
{ "type": "Feature", "properties": { "key": "台東区|東浅草2丁目", "ward": "台東区", "town": "東浅草２丁目" }, "geometry": { "type": "Polygon", "coordinates": [ [ [ 139.801529, 35.722929 ], [ 139.801538, 35.722925 ], [ 139.801, 35.722934 ], [ 139.800991, 35.72294 ], [ 139.80053, 35.722945 ], [ 139.80053, 35.722935 ], [ 139.799986, 35.722939 ], [ 139.799732, 35.722941 ], [ 139.799586, 35.722947 ], [ 139.799194, 35.72295 ], [ 139.799072, 35.722954 ], [ 139.798943, 35.722954 ], [ 139.798773, 35.722871 ], [ 139.798802, 35.722894 ], [ 139.79873, 35.722954 ], [ 139.798381, 35.723352 ], [ 139.798147, 35.723619 ], [ 139.798046, 35.723732 ], [ 139.797798, 35.724017 ], [ 139.79743, 35.724424 ], [ 139.797326, 35.724555 ], [ 139.797579, 35.724641 ], [ 139.797829, 35.72474 ], [ 139.798316, 35.724908 ], [ 139.798369, 35.724928 ], [ 139.79872, 35.72509 ], [ 139.798784, 35.725126 ], [ 139.799023, 35.725244 ], [ 139.799261, 35.72537 ], [ 139.799759, 35.725624 ], [ 139.800094, 35.725798 ], [ 139.800234, 35.725874 ], [ 139.800379, 35.725951 ], [ 139.800854, 35.726194 ], [ 139.801063, 35.725753 ], [ 139.801204, 35.725452 ], [ 139.801246, 35.725125 ], [ 139.801329, 35.724509 ], [ 139.80137, 35.724208 ], [ 139.801376, 35.724161 ], [ 139.801451, 35.723565 ], [ 139.801529, 35.722929 ] ] ] } },
{ "type": "Feature", "properties": { "key": "台東区|橋場1丁目", "ward": "台東区", "town": "橋場１丁目" }, "geometry": { "type": "Polygon", "coordinates": [ [ [ 139.80857, 35.725616 ], [ 139.80864, 35.725617 ], [ 139.809629, 35.72539 ], [ 139.809606, 35.725103 ], [ 139.809569, 35.724845 ], [ 139.809479, 35.724201 ], [ 139.809381, 35.723799 ], [ 139.8093, 35.723458 ], [ 139.809272, 35.723343 ], [ 139.80912, 35.722829 ], [ 139.809055, 35.722614 ], [ 139.808035, 35.722767 ], [ 139.807814, 35.722803 ], [ 139.80776, 35.722613 ], [ 139.807373, 35.722678 ], [ 139.80727, 35.722692 ], [ 139.807232, 35.722543 ], [ 139.8068, 35.72259 ], [ 139.806781, 35.722592 ], [ 139.806203, 35.722643 ], [ 139.805814, 35.722688 ], [ 139.805798, 35.72269 ], [ 139.804964, 35.722785 ], [ 139.804516, 35.722833 ], [ 139.804497, 35.722836 ], [ 139.804543, 35.723196 ], [ 139.804565, 35.723488 ], [ 139.804636, 35.724138 ], [ 139.804851, 35.725043 ], [ 139.804926, 35.725885 ], [ 139.804964, 35.726265 ], [ 139.805406, 35.726195 ], [ 139.805439, 35.726187 ], [ 139.805641, 35.726152 ], [ 139.805989, 35.726087 ], [ 139.80601, 35.726083 ], [ 139.806311, 35.726025 ], [ 139.806316, 35.726024 ], [ 139.806561, 35.725982 ], [ 139.806572, 35.72598 ], [ 139.80663, 35.72597 ], [ 139.80713, 35.725884 ], [ 139.807502, 35.725819 ], [ 139.807962, 35.72574 ], [ 139.807988, 35.725735 ], [ 139.808062, 35.725731 ], [ 139.80807, 35.725731 ], [ 139.808124, 35.725718 ], [ 139.808556, 35.725619 ], [ 139.80857, 35.725616 ] ] ] } },
{ "type": "Feature", "properties": { "key": "台東区|橋場2丁目", "ward": "台東区", "town": "橋場２丁目" }, "geometry": { "type": "Polygon", "coordinates": [ [ [ 139.809636, 35.725484 ], [ 139.809636, 35.725478 ], [ 139.809629, 35.72539 ], [ 139.80864, 35.725617 ], [ 139.80857, 35.725616 ], [ 139.808556, 35.725619 ], [ 139.808124, 35.725718 ], [ 139.80807, 35.725731 ], [ 139.808062, 35.725731 ], [ 139.807988, 35.725735 ], [ 139.807962, 35.72574 ], [ 139.807502, 35.725819 ], [ 139.80713, 35.725884 ], [ 139.80663, 35.72597 ], [ 139.806572, 35.72598 ], [ 139.806561, 35.725982 ], [ 139.806316, 35.726024 ], [ 139.806311, 35.726025 ], [ 139.80601, 35.726083 ], [ 139.805989, 35.726087 ], [ 139.805641, 35.726152 ], [ 139.805439, 35.726187 ], [ 139.805406, 35.726195 ], [ 139.804964, 35.726265 ], [ 139.805005, 35.726582 ], [ 139.805007, 35.726604 ], [ 139.805011, 35.726814 ], [ 139.805018, 35.726955 ], [ 139.805038, 35.727171 ], [ 139.805082, 35.727457 ], [ 139.805143, 35.727703 ], [ 139.805224, 35.72796 ], [ 139.805376, 35.728486 ], [ 139.806224, 35.728385 ], [ 139.806962, 35.728301 ], [ 139.807463, 35.728233 ], [ 139.808433, 35.728118 ], [ 139.808468, 35.728114 ], [ 139.809756, 35.727948 ], [ 139.809692, 35.72663 ], [ 139.809659, 35.725954 ], [ 139.80965, 35.725779 ], [ 139.809636, 35.725484 ] ] ] } },
{ "type": "Feature", "properties": { "key": "台東区|清川1丁目", "ward": "台東区", "town": "清川１丁目" }, "geometry": { "type": "Polygon", "coordinates": [ [ [ 139.804926, 35.725885 ], [ 139.804851, 35.725043 ], [ 139.804636, 35.724138 ], [ 139.804565, 35.723488 ], [ 139.804543, 35.723196 ], [ 139.804497, 35.722836 ], [ 139.804028, 35.722852 ], [ 139.804016, 35.72285 ], [ 139.803483, 35.722867 ], [ 139.80347, 35.722865 ], [ 139.802937, 35.722883 ], [ 139.802931, 35.722887 ], [ 139.80239, 35.7229 ], [ 139.802382, 35.722899 ], [ 139.802018, 35.722906 ], [ 139.801538, 35.722925 ], [ 139.801529, 35.722929 ], [ 139.801451, 35.723565 ], [ 139.801376, 35.724161 ], [ 139.80137, 35.724208 ], [ 139.801329, 35.724509 ], [ 139.801246, 35.725125 ], [ 139.801204, 35.725452 ], [ 139.801063, 35.725753 ], [ 139.800854, 35.726194 ], [ 139.801329, 35.726208 ], [ 139.801594, 35.726209 ], [ 139.801895, 35.726215 ], [ 139.801967, 35.726211 ], [ 139.802422, 35.726222 ], [ 139.802886, 35.72623 ], [ 139.803683, 35.726248 ], [ 139.804083, 35.726256 ], [ 139.804191, 35.726254 ], [ 139.804522, 35.726261 ], [ 139.804964, 35.726265 ], [ 139.804926, 35.725885 ] ] ] } },
{ "type": "Feature", "properties": { "key": "台東区|清川2丁目", "ward": "台東区", "town": "清川２丁目" }, "geometry": { "type": "Polygon", "coordinates": [ [ [ 139.804191, 35.726254 ], [ 139.804083, 35.726256 ], [ 139.803683, 35.726248 ], [ 139.802886, 35.72623 ], [ 139.802422, 35.726222 ], [ 139.801967, 35.726211 ], [ 139.801895, 35.726215 ], [ 139.801594, 35.726209 ], [ 139.801329, 35.726208 ], [ 139.800854, 35.726194 ], [ 139.800666, 35.726575 ], [ 139.800384, 35.727129 ], [ 139.800305, 35.727308 ], [ 139.80014, 35.727626 ], [ 139.800106, 35.727693 ], [ 139.799982, 35.72794 ], [ 139.799819, 35.728267 ], [ 139.799672, 35.72857 ], [ 139.799487, 35.728924 ], [ 139.799624, 35.728936 ], [ 139.799637, 35.728937 ], [ 139.799986, 35.728965 ], [ 139.800531, 35.729005 ], [ 139.800885, 35.72903 ], [ 139.800903, 35.729032 ], [ 139.800956, 35.729036 ], [ 139.801095, 35.729046 ], [ 139.801103, 35.729046 ], [ 139.801285, 35.72906 ], [ 139.801525, 35.729048 ], [ 139.801653, 35.729026 ], [ 139.801753, 35.729011 ], [ 139.802775, 35.728855 ], [ 139.804345, 35.72863 ], [ 139.804732, 35.728583 ], [ 139.805344, 35.728491 ], [ 139.805376, 35.728486 ], [ 139.805224, 35.72796 ], [ 139.805143, 35.727703 ], [ 139.805082, 35.727457 ], [ 139.805038, 35.727171 ], [ 139.805018, 35.726955 ], [ 139.805011, 35.726814 ], [ 139.805007, 35.726604 ], [ 139.805005, 35.726582 ], [ 139.804964, 35.726265 ], [ 139.804522, 35.726261 ], [ 139.804191, 35.726254 ] ] ] } },
{ "type": "Feature", "properties": { "key": "台東区|日本堤1丁目", "ward": "台東区", "town": "日本堤１丁目" }, "geometry": { "type": "Polygon", "coordinates": [ [ [ 139.797326, 35.724555 ], [ 139.797262, 35.724624 ], [ 139.796963, 35.724973 ], [ 139.796673, 35.725302 ], [ 139.796648, 35.725342 ], [ 139.796296, 35.725742 ], [ 139.795933, 35.726144 ], [ 139.79593, 35.726148 ], [ 139.796006, 35.726182 ], [ 139.796383, 35.726354 ], [ 139.7965, 35.726404 ], [ 139.796871, 35.726565 ], [ 139.796901, 35.726579 ], [ 139.797357, 35.726778 ], [ 139.797706, 35.726936 ], [ 139.797725, 35.726943 ], [ 139.798099, 35.72711 ], [ 139.798143, 35.72713 ], [ 139.798679, 35.727365 ], [ 139.799317, 35.727638 ], [ 139.799982, 35.72794 ], [ 139.800106, 35.727693 ], [ 139.80014, 35.727626 ], [ 139.800305, 35.727308 ], [ 139.800384, 35.727129 ], [ 139.800666, 35.726575 ], [ 139.800854, 35.726194 ], [ 139.800379, 35.725951 ], [ 139.800234, 35.725874 ], [ 139.800094, 35.725798 ], [ 139.799759, 35.725624 ], [ 139.799261, 35.72537 ], [ 139.799023, 35.725244 ], [ 139.798784, 35.725126 ], [ 139.79872, 35.72509 ], [ 139.798369, 35.724928 ], [ 139.798316, 35.724908 ], [ 139.797829, 35.72474 ], [ 139.797579, 35.724641 ], [ 139.797326, 35.724555 ] ] ] } },
{ "type": "Feature", "properties": { "key": "台東区|日本堤2丁目", "ward": "台東区", "town": "日本堤２丁目" }, "geometry": { "type": "Polygon", "coordinates": [ [ [ 139.799672, 35.72857 ], [ 139.799819, 35.728267 ], [ 139.799982, 35.72794 ], [ 139.799317, 35.727638 ], [ 139.798679, 35.727365 ], [ 139.798143, 35.72713 ], [ 139.798099, 35.72711 ], [ 139.797725, 35.726943 ], [ 139.797706, 35.726936 ], [ 139.797357, 35.726778 ], [ 139.796901, 35.726579 ], [ 139.796871, 35.726565 ], [ 139.7965, 35.726404 ], [ 139.796383, 35.726354 ], [ 139.796006, 35.726182 ], [ 139.79593, 35.726148 ], [ 139.795922, 35.726155 ], [ 139.795758, 35.726353 ], [ 139.795519, 35.726622 ], [ 139.795426, 35.726727 ], [ 139.795117, 35.727065 ], [ 139.795114, 35.727069 ], [ 139.794683, 35.727569 ], [ 139.794357, 35.727919 ], [ 139.794112, 35.728208 ], [ 139.793921, 35.72841 ], [ 139.793671, 35.728703 ], [ 139.793869, 35.728718 ], [ 139.794258, 35.728737 ], [ 139.79436, 35.728731 ], [ 139.794804, 35.728757 ], [ 139.795185, 35.728771 ], [ 139.795898, 35.728796 ], [ 139.795902, 35.728796 ], [ 139.796139, 35.728804 ], [ 139.796333, 35.728811 ], [ 139.796472, 35.728819 ], [ 139.796726, 35.728834 ], [ 139.796752, 35.728836 ], [ 139.79723, 35.72885 ], [ 139.797247, 35.728851 ], [ 139.797705, 35.728865 ], [ 139.797859, 35.72887 ], [ 139.797866, 35.72887 ], [ 139.797896, 35.728871 ], [ 139.798477, 35.728891 ], [ 139.798537, 35.728893 ], [ 139.799401, 35.728942 ], [ 139.799487, 35.728924 ], [ 139.799672, 35.72857 ] ] ] } },
{ "type": "Feature", "properties": { "key": "台東区|三の輪1丁目", "ward": "台東区", "town": "三ノ輪１丁目" }, "geometry": { "type": "Polygon", "coordinates": [ [ [ 139.793324, 35.726772 ], [ 139.793314, 35.726812 ], [ 139.792985, 35.7268 ], [ 139.792618, 35.726788 ], [ 139.792016, 35.726769 ], [ 139.791478, 35.726752 ], [ 139.790871, 35.726721 ], [ 139.790838, 35.727283 ], [ 139.79079, 35.727674 ], [ 139.790773, 35.728086 ], [ 139.790744, 35.728473 ], [ 139.790722, 35.728936 ], [ 139.790907, 35.729133 ], [ 139.791134, 35.729369 ], [ 139.791313, 35.729555 ], [ 139.791766, 35.730028 ], [ 139.792165, 35.729758 ], [ 139.792688, 35.729384 ], [ 139.792717, 35.72937 ], [ 139.793415, 35.728878 ], [ 139.793671, 35.728703 ], [ 139.793921, 35.72841 ], [ 139.794112, 35.728208 ], [ 139.794357, 35.727919 ], [ 139.794683, 35.727569 ], [ 139.794195, 35.727284 ], [ 139.793889, 35.727111 ], [ 139.793557, 35.726908 ], [ 139.793324, 35.726772 ] ] ] } },
{ "type": "Feature", "properties": { "key": "台東区|三の輪2丁目", "ward": "台東区", "town": "三ノ輪２丁目" }, "geometry": { "type": "Polygon", "coordinates": [ [ [ 139.792689, 35.730082 ], [ 139.79271, 35.730095 ], [ 139.793047, 35.730313 ], [ 139.793129, 35.730368 ], [ 139.793587, 35.730353 ], [ 139.793805, 35.730346 ], [ 139.793831, 35.730345 ], [ 139.794259, 35.730331 ], [ 139.794259, 35.730316 ], [ 139.794275, 35.730102 ], [ 139.794298, 35.729783 ], [ 139.794699, 35.729782 ], [ 139.795075, 35.729792 ], [ 139.795123, 35.729354 ], [ 139.795124, 35.72935 ], [ 139.795185, 35.728771 ], [ 139.794804, 35.728757 ], [ 139.79436, 35.728731 ], [ 139.794258, 35.728737 ], [ 139.793869, 35.728718 ], [ 139.793671, 35.728703 ], [ 139.793415, 35.728878 ], [ 139.792717, 35.72937 ], [ 139.792688, 35.729384 ], [ 139.792165, 35.729758 ], [ 139.791766, 35.730028 ], [ 139.791941, 35.73052 ], [ 139.792109, 35.731007 ], [ 139.792123, 35.73106 ], [ 139.792168, 35.73104 ], [ 139.792177, 35.731036 ], [ 139.792499, 35.730863 ], [ 139.7924, 35.730391 ], [ 139.792398, 35.730367 ], [ 139.792689, 35.730082 ] ] ] } },
{ "type": "Feature", "properties": { "key": "台東区|池之端1丁目", "ward": "台東区", "town": "池之端１丁目" }, "geometry": { "type": "Polygon", "coordinates": [ [ [ 139.767916, 35.712417 ], [ 139.768487, 35.712546 ], [ 139.768566, 35.712283 ], [ 139.768641, 35.711864 ], [ 139.768668, 35.711564 ], [ 139.768667, 35.711449 ], [ 139.768743, 35.710377 ], [ 139.768772, 35.710374 ], [ 139.769006, 35.709837 ], [ 139.769021, 35.709706 ], [ 139.769654, 35.709237 ], [ 139.769776, 35.709247 ], [ 139.769805, 35.708797 ], [ 139.769159, 35.708705 ], [ 139.769145, 35.708764 ], [ 139.769077, 35.708819 ], [ 139.768807, 35.708956 ], [ 139.768764, 35.708944 ], [ 139.768652, 35.708783 ], [ 139.768554, 35.708716 ], [ 139.768292, 35.708687 ], [ 139.768156, 35.708629 ], [ 139.768089, 35.708646 ], [ 139.768076, 35.708693 ], [ 139.768022, 35.708692 ], [ 139.767973, 35.708761 ], [ 139.767816, 35.708686 ], [ 139.767402, 35.708671 ], [ 139.766909, 35.708652 ], [ 139.766898, 35.708652 ], [ 139.766905, 35.709139 ], [ 139.766912, 35.709139 ], [ 139.766912, 35.70917 ], [ 139.767171, 35.709174 ], [ 139.767171, 35.709423 ], [ 139.766853, 35.709422 ], [ 139.766853, 35.70944 ], [ 139.766855, 35.709626 ], [ 139.766861, 35.710295 ], [ 139.766716, 35.710297 ], [ 139.766716, 35.710336 ], [ 139.766733, 35.710374 ], [ 139.766904, 35.710381 ], [ 139.767273, 35.710372 ], [ 139.76757, 35.710326 ], [ 139.767825, 35.710287 ], [ 139.768046, 35.710253 ], [ 139.768072, 35.710278 ], [ 139.768071, 35.71073 ], [ 139.768076, 35.711053 ], [ 139.76781, 35.711059 ], [ 139.76781, 35.711018 ], [ 139.767323, 35.711054 ], [ 139.766942, 35.711098 ], [ 139.766946, 35.711327 ], [ 139.766744, 35.71137 ], [ 139.766838, 35.711421 ], [ 139.767066, 35.711437 ], [ 139.767442, 35.711464 ], [ 139.767581, 35.711477 ], [ 139.767643, 35.712149 ], [ 139.767774, 35.71267 ], [ 139.767771, 35.712703 ], [ 139.767916, 35.712417 ] ] ] } },
{ "type": "Feature", "properties": { "key": "台東区|池之端2丁目", "ward": "台東区", "town": "池之端２丁目" }, "geometry": { "type": "Polygon", "coordinates": [ [ [ 139.765938, 35.716496 ], [ 139.765998, 35.716498 ], [ 139.766318, 35.716664 ], [ 139.766355, 35.716634 ], [ 139.766421, 35.71666 ], [ 139.766447, 35.716673 ], [ 139.766713, 35.716778 ], [ 139.766759, 35.716789 ], [ 139.766779, 35.716768 ], [ 139.76731, 35.716127 ], [ 139.767473, 35.715915 ], [ 139.767498, 35.715883 ], [ 139.767561, 35.715802 ], [ 139.767613, 35.715733 ], [ 139.76767, 35.71567 ], [ 139.767711, 35.715624 ], [ 139.767731, 35.715614 ], [ 139.767771, 35.715511 ], [ 139.767798, 35.715405 ], [ 139.767837, 35.715138 ], [ 139.767893, 35.714888 ], [ 139.767914, 35.7147 ], [ 139.767791, 35.714508 ], [ 139.767997, 35.713864 ], [ 139.768257, 35.713035 ], [ 139.768351, 35.712956 ], [ 139.768434, 35.712722 ], [ 139.768487, 35.712546 ], [ 139.767916, 35.712417 ], [ 139.767771, 35.712703 ], [ 139.767765, 35.712709 ], [ 139.767705, 35.712759 ], [ 139.767663, 35.712794 ], [ 139.76761, 35.712839 ], [ 139.76752, 35.712908 ], [ 139.767352, 35.712999 ], [ 139.766982, 35.713127 ], [ 139.766905, 35.713158 ], [ 139.766589, 35.713192 ], [ 139.766389, 35.713257 ], [ 139.766023, 35.71339 ], [ 139.765627, 35.713534 ], [ 139.765735, 35.713932 ], [ 139.765569, 35.714254 ], [ 139.765709, 35.714456 ], [ 139.765847, 35.714646 ], [ 139.765908, 35.714792 ], [ 139.765924, 35.714957 ], [ 139.765996, 35.71497 ], [ 139.766027, 35.714976 ], [ 139.765977, 35.715509 ], [ 139.765922, 35.715717 ], [ 139.765562, 35.716269 ], [ 139.765411, 35.716527 ], [ 139.765313, 35.716761 ], [ 139.765065, 35.716792 ], [ 139.764661, 35.716858 ], [ 139.764533, 35.717041 ], [ 139.764426, 35.717232 ], [ 139.764899, 35.717504 ], [ 139.765082, 35.717324 ], [ 139.765664, 35.71675 ], [ 139.765736, 35.716683 ], [ 139.765938, 35.716496 ] ] ] } },
{ "type": "Feature", "properties": { "key": "台東区|池之端3丁目", "ward": "台東区", "town": "池之端３丁目" }, "geometry": { "type": "Polygon", "coordinates": [ [ [ 139.76983, 35.715353 ], [ 139.769905, 35.714996 ], [ 139.769951, 35.714893 ], [ 139.770025, 35.714782 ], [ 139.770097, 35.714727 ], [ 139.770158, 35.714702 ], [ 139.770255, 35.714668 ], [ 139.770389, 35.714627 ], [ 139.770229, 35.714394 ], [ 139.770171, 35.714399 ], [ 139.769979, 35.714386 ], [ 139.769841, 35.714397 ], [ 139.76973, 35.714442 ], [ 139.76962, 35.71451 ], [ 139.769481, 35.714645 ], [ 139.769374, 35.714792 ], [ 139.769329, 35.714949 ], [ 139.769287, 35.715129 ], [ 139.769232, 35.715231 ], [ 139.769122, 35.715309 ], [ 139.76897, 35.715354 ], [ 139.768846, 35.715378 ], [ 139.767771, 35.715511 ], [ 139.767731, 35.715614 ], [ 139.767949, 35.715583 ], [ 139.768187, 35.715654 ], [ 139.768291, 35.715662 ], [ 139.768461, 35.715675 ], [ 139.768603, 35.715669 ], [ 139.768733, 35.71572 ], [ 139.768358, 35.716431 ], [ 139.768283, 35.716576 ], [ 139.768528, 35.716707 ], [ 139.769065, 35.717004 ], [ 139.769428, 35.71721 ], [ 139.769693, 35.717353 ], [ 139.769781, 35.717213 ], [ 139.769802, 35.717171 ], [ 139.769836, 35.716937 ], [ 139.769849, 35.716768 ], [ 139.769848, 35.716716 ], [ 139.769826, 35.716609 ], [ 139.769787, 35.716444 ], [ 139.769739, 35.716217 ], [ 139.76973, 35.715938 ], [ 139.769745, 35.715697 ], [ 139.76983, 35.715353 ] ] ] } },
{ "type": "Feature", "properties": { "key": "台東区|池之端4丁目", "ward": "台東区", "town": "池之端４丁目" }, "geometry": { "type": "Polygon", "coordinates": [ [ [ 139.770122, 35.717338 ], [ 139.769802, 35.717171 ], [ 139.769781, 35.717213 ], [ 139.769693, 35.717353 ], [ 139.769428, 35.71721 ], [ 139.769065, 35.717004 ], [ 139.768528, 35.716707 ], [ 139.768283, 35.716576 ], [ 139.768068, 35.716995 ], [ 139.768064, 35.717002 ], [ 139.767981, 35.717157 ], [ 139.767887, 35.717307 ], [ 139.767883, 35.717311 ], [ 139.767573, 35.717643 ], [ 139.767557, 35.717662 ], [ 139.767452, 35.717786 ], [ 139.767345, 35.717913 ], [ 139.767325, 35.717932 ], [ 139.767132, 35.718112 ], [ 139.766937, 35.718323 ], [ 139.766876, 35.718383 ], [ 139.766859, 35.7184 ], [ 139.767128, 35.718607 ], [ 139.767127, 35.71867 ], [ 139.76762, 35.719007 ], [ 139.767799, 35.719148 ], [ 139.767805, 35.719153 ], [ 139.768324, 35.71955 ], [ 139.769015, 35.720072 ], [ 139.769172, 35.72019 ], [ 139.769372, 35.720193 ], [ 139.76949, 35.72027 ], [ 139.769549, 35.720309 ], [ 139.769614, 35.720156 ], [ 139.769711, 35.719932 ], [ 139.769758, 35.719816 ], [ 139.769904, 35.719483 ], [ 139.769851, 35.719399 ], [ 139.769083, 35.718915 ], [ 139.769654, 35.71837 ], [ 139.769782, 35.718241 ], [ 139.769928, 35.718094 ], [ 139.770328, 35.717692 ], [ 139.77037, 35.717599 ], [ 139.770396, 35.71748 ], [ 139.770261, 35.717384 ], [ 139.770122, 35.717338 ] ] ] } },
{ "type": "Feature", "properties": { "key": "台東区|上野公園", "ward": "台東区", "town": "上野公園" }, "geometry": { "type": "Polygon", "coordinates": [ [ [ 139.774494, 35.719951 ], [ 139.775403, 35.721192 ], [ 139.775466, 35.721217 ], [ 139.775563, 35.721189 ], [ 139.776318, 35.720772 ], [ 139.776435, 35.720451 ], [ 139.777977, 35.719545 ], [ 139.778041, 35.719473 ], [ 139.778068, 35.719394 ], [ 139.778126, 35.719328 ], [ 139.778276, 35.719231 ], [ 139.778521, 35.719107 ], [ 139.779198, 35.719978 ], [ 139.779222, 35.720011 ], [ 139.779331, 35.719808 ], [ 139.779487, 35.719414 ], [ 139.779562, 35.719035 ], [ 139.77955, 35.71883 ], [ 139.77955, 35.718627 ], [ 139.77952, 35.718426 ], [ 139.779491, 35.718241 ], [ 139.779469, 35.718097 ], [ 139.779424, 35.717918 ], [ 139.779372, 35.717808 ], [ 139.779185, 35.717527 ], [ 139.779166, 35.717499 ], [ 139.778985, 35.717463 ], [ 139.778824, 35.717274 ], [ 139.778871, 35.717223 ], [ 139.778745, 35.717093 ], [ 139.778774, 35.717041 ], [ 139.778481, 35.716663 ], [ 139.778286, 35.716439 ], [ 139.778059, 35.716215 ], [ 139.777614, 35.71571 ], [ 139.776935, 35.71494 ], [ 139.776745, 35.715032 ], [ 139.776293, 35.714444 ], [ 139.775766, 35.713753 ], [ 139.775647, 35.713431 ], [ 139.775553, 35.71326 ], [ 139.775443, 35.713086 ], [ 139.775092, 35.712645 ], [ 139.775, 35.712577 ], [ 139.774545, 35.711652 ], [ 139.774348, 35.711527 ], [ 139.773923, 35.710772 ], [ 139.77387, 35.710564 ], [ 139.773561, 35.709999 ], [ 139.773463, 35.709985 ], [ 139.773438, 35.709942 ], [ 139.773387, 35.710414 ], [ 139.77337, 35.710513 ], [ 139.773376, 35.710523 ], [ 139.773258, 35.710945 ], [ 139.772972, 35.712054 ], [ 139.772729, 35.712421 ], [ 139.772647, 35.712399 ], [ 139.772725, 35.712198 ], [ 139.772841, 35.710468 ], [ 139.772865, 35.710104 ], [ 139.772868, 35.709946 ], [ 139.772842, 35.709892 ], [ 139.772803, 35.709867 ], [ 139.772745, 35.709823 ], [ 139.772221, 35.709725 ], [ 139.771357, 35.709556 ], [ 139.769776, 35.709247 ], [ 139.769654, 35.709237 ], [ 139.769021, 35.709706 ], [ 139.769006, 35.709837 ], [ 139.768772, 35.710374 ], [ 139.768743, 35.710377 ], [ 139.768667, 35.711449 ], [ 139.768668, 35.711564 ], [ 139.768641, 35.711864 ], [ 139.768566, 35.712283 ], [ 139.768487, 35.712546 ], [ 139.768434, 35.712722 ], [ 139.768351, 35.712956 ], [ 139.768257, 35.713035 ], [ 139.767997, 35.713864 ], [ 139.767791, 35.714508 ], [ 139.767914, 35.7147 ], [ 139.767893, 35.714888 ], [ 139.767837, 35.715138 ], [ 139.767798, 35.715405 ], [ 139.767771, 35.715511 ], [ 139.768846, 35.715378 ], [ 139.76897, 35.715354 ], [ 139.769122, 35.715309 ], [ 139.769232, 35.715231 ], [ 139.769287, 35.715129 ], [ 139.769329, 35.714949 ], [ 139.769374, 35.714792 ], [ 139.769481, 35.714645 ], [ 139.76962, 35.71451 ], [ 139.76973, 35.714442 ], [ 139.769841, 35.714397 ], [ 139.769979, 35.714386 ], [ 139.770171, 35.714399 ], [ 139.770229, 35.714394 ], [ 139.770389, 35.714627 ], [ 139.770255, 35.714668 ], [ 139.770158, 35.714702 ], [ 139.770097, 35.714727 ], [ 139.770025, 35.714782 ], [ 139.769951, 35.714893 ], [ 139.769905, 35.714996 ], [ 139.76983, 35.715353 ], [ 139.769745, 35.715697 ], [ 139.76973, 35.715938 ], [ 139.769739, 35.716217 ], [ 139.769787, 35.716444 ], [ 139.769826, 35.716609 ], [ 139.769848, 35.716716 ], [ 139.769849, 35.716768 ], [ 139.769836, 35.716937 ], [ 139.769802, 35.717171 ], [ 139.770122, 35.717338 ], [ 139.770261, 35.717384 ], [ 139.770396, 35.71748 ], [ 139.77037, 35.717599 ], [ 139.770328, 35.717692 ], [ 139.769928, 35.718094 ], [ 139.769782, 35.718241 ], [ 139.769654, 35.71837 ], [ 139.769083, 35.718915 ], [ 139.769851, 35.719399 ], [ 139.769904, 35.719483 ], [ 139.769889, 35.719552 ], [ 139.769862, 35.719593 ], [ 139.770667, 35.719832 ], [ 139.77114, 35.719919 ], [ 139.771242, 35.719948 ], [ 139.771264, 35.720006 ], [ 139.772087, 35.720654 ], [ 139.772871, 35.720969 ], [ 139.773255, 35.721149 ], [ 139.773658, 35.721311 ], [ 139.774494, 35.719951 ] ] ] } },
{ "type": "Feature", "properties": { "key": "台東区|上野桜木1丁目", "ward": "台東区", "town": "上野桜木１丁目" }, "geometry": { "type": "Polygon", "coordinates": [ [ [ 139.77846, 35.72089 ], [ 139.778448, 35.720697 ], [ 139.778769, 35.720476 ], [ 139.778985, 35.720226 ], [ 139.779156, 35.720311 ], [ 139.779323, 35.720144 ], [ 139.779222, 35.720011 ], [ 139.779198, 35.719978 ], [ 139.778521, 35.719107 ], [ 139.778276, 35.719231 ], [ 139.778126, 35.719328 ], [ 139.778068, 35.719394 ], [ 139.778041, 35.719473 ], [ 139.777977, 35.719545 ], [ 139.776435, 35.720451 ], [ 139.776318, 35.720772 ], [ 139.775563, 35.721189 ], [ 139.775466, 35.721217 ], [ 139.775403, 35.721192 ], [ 139.774494, 35.719951 ], [ 139.773658, 35.721311 ], [ 139.773255, 35.721149 ], [ 139.772871, 35.720969 ], [ 139.772087, 35.720654 ], [ 139.771264, 35.720006 ], [ 139.771242, 35.719948 ], [ 139.77114, 35.719919 ], [ 139.770667, 35.719832 ], [ 139.769862, 35.719593 ], [ 139.769889, 35.719552 ], [ 139.769904, 35.719483 ], [ 139.769758, 35.719816 ], [ 139.769711, 35.719932 ], [ 139.769614, 35.720156 ], [ 139.769549, 35.720309 ], [ 139.76949, 35.72027 ], [ 139.769385, 35.720662 ], [ 139.769375, 35.720683 ], [ 139.770835, 35.721111 ], [ 139.771821, 35.72141 ], [ 139.7729, 35.721795 ], [ 139.772927, 35.721815 ], [ 139.773316, 35.721937 ], [ 139.773556, 35.722064 ], [ 139.773897, 35.722349 ], [ 139.774601, 35.722841 ], [ 139.774752, 35.722954 ], [ 139.775419, 35.723439 ], [ 139.775571, 35.723532 ], [ 139.77568, 35.723554 ], [ 139.776315, 35.722971 ], [ 139.77846, 35.72089 ] ] ] } },
{ "type": "Feature", "properties": { "key": "台東区|上野桜木2丁目", "ward": "台東区", "town": "上野桜木２丁目" }, "geometry": { "type": "Polygon", "coordinates": [ [ [ 139.773897, 35.722349 ], [ 139.773556, 35.722064 ], [ 139.773316, 35.721937 ], [ 139.772927, 35.721815 ], [ 139.7729, 35.721795 ], [ 139.771821, 35.72141 ], [ 139.770835, 35.721111 ], [ 139.770736, 35.721368 ], [ 139.770621, 35.721673 ], [ 139.770526, 35.721924 ], [ 139.770423, 35.722178 ], [ 139.770347, 35.7224 ], [ 139.770756, 35.722524 ], [ 139.771272, 35.722654 ], [ 139.771458, 35.722703 ], [ 139.771564, 35.722433 ], [ 139.772422, 35.722701 ], [ 139.772359, 35.722795 ], [ 139.772702, 35.722952 ], [ 139.772604, 35.723131 ], [ 139.77321, 35.723408 ], [ 139.772939, 35.723834 ], [ 139.773789, 35.72429 ], [ 139.773936, 35.724434 ], [ 139.774342, 35.724792 ], [ 139.774894, 35.724287 ], [ 139.775674, 35.723559 ], [ 139.77568, 35.723554 ], [ 139.775571, 35.723532 ], [ 139.775419, 35.723439 ], [ 139.774752, 35.722954 ], [ 139.774601, 35.722841 ], [ 139.773897, 35.722349 ] ] ] } },
{ "type": "Feature", "properties": { "key": "台東区|谷中1丁目", "ward": "台東区", "town": "谷中１丁目" }, "geometry": { "type": "Polygon", "coordinates": [ [ [ 139.769058, 35.7214 ], [ 139.769114, 35.721414 ], [ 139.769378, 35.72066 ], [ 139.769385, 35.720662 ], [ 139.76949, 35.72027 ], [ 139.769372, 35.720193 ], [ 139.769172, 35.72019 ], [ 139.769015, 35.720072 ], [ 139.768324, 35.71955 ], [ 139.767805, 35.719153 ], [ 139.767799, 35.719148 ], [ 139.76762, 35.719007 ], [ 139.767127, 35.71867 ], [ 139.767128, 35.718607 ], [ 139.766859, 35.7184 ], [ 139.766808, 35.71845 ], [ 139.766669, 35.718582 ], [ 139.766516, 35.71879 ], [ 139.766495, 35.718819 ], [ 139.766241, 35.719137 ], [ 139.766128, 35.719278 ], [ 139.765985, 35.71942 ], [ 139.765357, 35.720007 ], [ 139.765738, 35.720365 ], [ 139.766169, 35.720752 ], [ 139.766196, 35.720781 ], [ 139.766638, 35.721166 ], [ 139.766752, 35.721271 ], [ 139.766796, 35.721308 ], [ 139.767062, 35.721555 ], [ 139.767445, 35.721471 ], [ 139.767488, 35.721497 ], [ 139.768177, 35.721644 ], [ 139.768929, 35.721798 ], [ 139.769058, 35.7214 ] ] ] } },
{ "type": "Feature", "properties": { "key": "台東区|谷中2丁目", "ward": "台東区", "town": "谷中２丁目" }, "geometry": { "type": "Polygon", "coordinates": [ [ [ 139.765357, 35.720007 ], [ 139.765256, 35.720105 ], [ 139.764993, 35.720317 ], [ 139.764915, 35.72038 ], [ 139.764434, 35.720788 ], [ 139.764375, 35.720839 ], [ 139.764247, 35.720944 ], [ 139.764016, 35.721135 ], [ 139.763779, 35.721331 ], [ 139.763566, 35.721507 ], [ 139.763538, 35.721601 ], [ 139.763545, 35.721635 ], [ 139.763536, 35.721775 ], [ 139.763413, 35.721919 ], [ 139.76343, 35.721985 ], [ 139.763537, 35.722083 ], [ 139.763569, 35.72217 ], [ 139.763476, 35.722361 ], [ 139.76348, 35.722389 ], [ 139.763487, 35.722419 ], [ 139.763499, 35.722441 ], [ 139.763514, 35.72246 ], [ 139.763535, 35.722477 ], [ 139.763591, 35.722506 ], [ 139.763666, 35.722569 ], [ 139.763693, 35.722627 ], [ 139.763697, 35.722653 ], [ 139.763733, 35.72291 ], [ 139.763811, 35.723042 ], [ 139.763776, 35.723248 ], [ 139.76385, 35.723417 ], [ 139.763854, 35.723424 ], [ 139.763924, 35.723753 ], [ 139.764012, 35.723879 ], [ 139.764019, 35.723934 ], [ 139.764029, 35.724097 ], [ 139.764075, 35.724174 ], [ 139.764165, 35.724254 ], [ 139.764228, 35.724375 ], [ 139.764297, 35.724546 ], [ 139.764265, 35.724593 ], [ 139.764586, 35.724548 ], [ 139.764897, 35.724416 ], [ 139.765074, 35.724345 ], [ 139.765408, 35.724207 ], [ 139.765722, 35.724062 ], [ 139.765634, 35.723932 ], [ 139.76561, 35.723788 ], [ 139.765488, 35.723324 ], [ 139.765481, 35.723298 ], [ 139.765369, 35.722999 ], [ 139.765486, 35.722832 ], [ 139.766145, 35.721864 ], [ 139.766638, 35.721166 ], [ 139.766196, 35.720781 ], [ 139.766169, 35.720752 ], [ 139.765738, 35.720365 ], [ 139.765357, 35.720007 ] ] ] } },
{ "type": "Feature", "properties": { "key": "台東区|谷中3丁目", "ward": "台東区", "town": "谷中３丁目" }, "geometry": { "type": "Polygon", "coordinates": [ [ [ 139.76581, 35.727699 ], [ 139.765833, 35.7277 ], [ 139.766686, 35.727651 ], [ 139.766673, 35.7275 ], [ 139.766705, 35.727485 ], [ 139.766741, 35.727462 ], [ 139.766574, 35.727182 ], [ 139.766265, 35.726625 ], [ 139.766221, 35.726498 ], [ 139.766149, 35.726304 ], [ 139.766099, 35.726067 ], [ 139.76609, 35.726024 ], [ 139.766063, 35.725806 ], [ 139.766067, 35.725655 ], [ 139.766072, 35.725532 ], [ 139.766072, 35.725492 ], [ 139.766075, 35.725081 ], [ 139.76608, 35.72507 ], [ 139.766077, 35.725042 ], [ 139.766065, 35.724936 ], [ 139.766049, 35.724802 ], [ 139.766044, 35.724759 ], [ 139.765936, 35.724534 ], [ 139.76584, 35.724273 ], [ 139.765722, 35.724062 ], [ 139.765408, 35.724207 ], [ 139.765074, 35.724345 ], [ 139.764897, 35.724416 ], [ 139.764586, 35.724548 ], [ 139.764265, 35.724593 ], [ 139.764257, 35.724605 ], [ 139.764191, 35.724754 ], [ 139.764116, 35.724984 ], [ 139.764123, 35.725101 ], [ 139.764155, 35.72522 ], [ 139.764241, 35.72556 ], [ 139.764249, 35.72559 ], [ 139.764292, 35.725759 ], [ 139.764322, 35.725875 ], [ 139.764473, 35.726449 ], [ 139.764501, 35.726481 ], [ 139.764588, 35.726678 ], [ 139.764668, 35.726922 ], [ 139.764787, 35.727239 ], [ 139.76479, 35.727485 ], [ 139.764821, 35.727623 ], [ 139.764746, 35.727834 ], [ 139.764727, 35.727878 ], [ 139.764584, 35.728215 ], [ 139.764475, 35.728526 ], [ 139.764372, 35.728787 ], [ 139.764358, 35.728811 ], [ 139.764228, 35.729021 ], [ 139.764221, 35.729033 ], [ 139.763995, 35.729378 ], [ 139.763882, 35.729572 ], [ 139.763824, 35.72967 ], [ 139.763623, 35.729936 ], [ 139.763476, 35.730105 ], [ 139.763464, 35.730118 ], [ 139.763348, 35.730279 ], [ 139.76322, 35.730436 ], [ 139.763205, 35.730458 ], [ 139.763155, 35.730506 ], [ 139.762955, 35.730747 ], [ 139.762902, 35.730813 ], [ 139.762774, 35.730975 ], [ 139.762553, 35.731255 ], [ 139.762277, 35.731562 ], [ 139.762206, 35.73162 ], [ 139.762256, 35.731629 ], [ 139.762486, 35.731631 ], [ 139.762562, 35.731627 ], [ 139.762807, 35.731548 ], [ 139.763172, 35.731337 ], [ 139.763185, 35.73133 ], [ 139.76348, 35.731161 ], [ 139.7635, 35.73115 ], [ 139.763765, 35.731 ], [ 139.763924, 35.73092 ], [ 139.763976, 35.730908 ], [ 139.764061, 35.730886 ], [ 139.764304, 35.730819 ], [ 139.764462, 35.730739 ], [ 139.764636, 35.730606 ], [ 139.764752, 35.730555 ], [ 139.764913, 35.730425 ], [ 139.764917, 35.730422 ], [ 139.765085, 35.73026 ], [ 139.765096, 35.730213 ], [ 139.765249, 35.729974 ], [ 139.765255, 35.729965 ], [ 139.765444, 35.729671 ], [ 139.765535, 35.729567 ], [ 139.765555, 35.729538 ], [ 139.765566, 35.729499 ], [ 139.76557, 35.729481 ], [ 139.76563, 35.729227 ], [ 139.765608, 35.729134 ], [ 139.765606, 35.729066 ], [ 139.765643, 35.728866 ], [ 139.765574, 35.728832 ], [ 139.76556, 35.728788 ], [ 139.765528, 35.728667 ], [ 139.765531, 35.728655 ], [ 139.765537, 35.728544 ], [ 139.765587, 35.728442 ], [ 139.765623, 35.728393 ], [ 139.765774, 35.728129 ], [ 139.765799, 35.727952 ], [ 139.765794, 35.727834 ], [ 139.76581, 35.727699 ] ] ] } },
{ "type": "Feature", "properties": { "key": "台東区|谷中4丁目", "ward": "台東区", "town": "谷中４丁目" }, "geometry": { "type": "Polygon", "coordinates": [ [ [ 139.767488, 35.721497 ], [ 139.767445, 35.721471 ], [ 139.767062, 35.721555 ], [ 139.766796, 35.721308 ], [ 139.766752, 35.721271 ], [ 139.766638, 35.721166 ], [ 139.766145, 35.721864 ], [ 139.765486, 35.722832 ], [ 139.765369, 35.722999 ], [ 139.765481, 35.723298 ], [ 139.765488, 35.723324 ], [ 139.76561, 35.723788 ], [ 139.765634, 35.723932 ], [ 139.765722, 35.724062 ], [ 139.766323, 35.723875 ], [ 139.76645, 35.723835 ], [ 139.766657, 35.72379 ], [ 139.76699, 35.723736 ], [ 139.767311, 35.723731 ], [ 139.767893, 35.723653 ], [ 139.768359, 35.723597 ], [ 139.768483, 35.723217 ], [ 139.768673, 35.722622 ], [ 139.768929, 35.721798 ], [ 139.768177, 35.721644 ], [ 139.767488, 35.721497 ] ] ] } },
{ "type": "Feature", "properties": { "key": "台東区|谷中5丁目", "ward": "台東区", "town": "谷中５丁目" }, "geometry": { "type": "Polygon", "coordinates": [ [ [ 139.768313, 35.727225 ], [ 139.768282, 35.726438 ], [ 139.768279, 35.726345 ], [ 139.768287, 35.726273 ], [ 139.768293, 35.726215 ], [ 139.768344, 35.725948 ], [ 139.768477, 35.725581 ], [ 139.76848, 35.725573 ], [ 139.768598, 35.725306 ], [ 139.768659, 35.725161 ], [ 139.768915, 35.724395 ], [ 139.768949, 35.724293 ], [ 139.768971, 35.724237 ], [ 139.769011, 35.724139 ], [ 139.769051, 35.724041 ], [ 139.769133, 35.723749 ], [ 139.769195, 35.723545 ], [ 139.769112, 35.723519 ], [ 139.768719, 35.723556 ], [ 139.768359, 35.723597 ], [ 139.767893, 35.723653 ], [ 139.767311, 35.723731 ], [ 139.76699, 35.723736 ], [ 139.766657, 35.72379 ], [ 139.76645, 35.723835 ], [ 139.766323, 35.723875 ], [ 139.765722, 35.724062 ], [ 139.76584, 35.724273 ], [ 139.765936, 35.724534 ], [ 139.766044, 35.724759 ], [ 139.766049, 35.724802 ], [ 139.766065, 35.724936 ], [ 139.766077, 35.725042 ], [ 139.76608, 35.72507 ], [ 139.766075, 35.725081 ], [ 139.766072, 35.725492 ], [ 139.766072, 35.725532 ], [ 139.766067, 35.725655 ], [ 139.766063, 35.725806 ], [ 139.76609, 35.726024 ], [ 139.766099, 35.726067 ], [ 139.766149, 35.726304 ], [ 139.766221, 35.726498 ], [ 139.766265, 35.726625 ], [ 139.766574, 35.727182 ], [ 139.766741, 35.727462 ], [ 139.767172, 35.72733 ], [ 139.768066, 35.727594 ], [ 139.768183, 35.727621 ], [ 139.768298, 35.727648 ], [ 139.768335, 35.727656 ], [ 139.768313, 35.727225 ] ] ] } },
{ "type": "Feature", "properties": { "key": "台東区|谷中6丁目", "ward": "台東区", "town": "谷中６丁目" }, "geometry": { "type": "Polygon", "coordinates": [ [ [ 139.769112, 35.723519 ], [ 139.769195, 35.723545 ], [ 139.769304, 35.723556 ], [ 139.769403, 35.723458 ], [ 139.769774, 35.723144 ], [ 139.770083, 35.722825 ], [ 139.770191, 35.722804 ], [ 139.770347, 35.7224 ], [ 139.770423, 35.722178 ], [ 139.770526, 35.721924 ], [ 139.770621, 35.721673 ], [ 139.770736, 35.721368 ], [ 139.770835, 35.721111 ], [ 139.769375, 35.720683 ], [ 139.769385, 35.720662 ], [ 139.769378, 35.72066 ], [ 139.769114, 35.721414 ], [ 139.769058, 35.7214 ], [ 139.768929, 35.721798 ], [ 139.768673, 35.722622 ], [ 139.768483, 35.723217 ], [ 139.768359, 35.723597 ], [ 139.768719, 35.723556 ], [ 139.769112, 35.723519 ] ] ] } },
{ "type": "Feature", "properties": { "key": "台東区|谷中7丁目", "ward": "台東区", "town": "谷中７丁目" }, "geometry": { "type": "Polygon", "coordinates": [ [ [ 139.770959, 35.727308 ], [ 139.771191, 35.727498 ], [ 139.771266, 35.727439 ], [ 139.771296, 35.72741 ], [ 139.771465, 35.727265 ], [ 139.771571, 35.727306 ], [ 139.771899, 35.727026 ], [ 139.771946, 35.72704 ], [ 139.77219, 35.726835 ], [ 139.772246, 35.726858 ], [ 139.772389, 35.726735 ], [ 139.772509, 35.726639 ], [ 139.772459, 35.726581 ], [ 139.772796, 35.726333 ], [ 139.772599, 35.726194 ], [ 139.772629, 35.726168 ], [ 139.772635, 35.726162 ], [ 139.772849, 35.72598 ], [ 139.772946, 35.725953 ], [ 139.772975, 35.725974 ], [ 139.773554, 35.72555 ], [ 139.774342, 35.724792 ], [ 139.773936, 35.724434 ], [ 139.773789, 35.72429 ], [ 139.772939, 35.723834 ], [ 139.77321, 35.723408 ], [ 139.772604, 35.723131 ], [ 139.772702, 35.722952 ], [ 139.772359, 35.722795 ], [ 139.772422, 35.722701 ], [ 139.771564, 35.722433 ], [ 139.771458, 35.722703 ], [ 139.771272, 35.722654 ], [ 139.770756, 35.722524 ], [ 139.770347, 35.7224 ], [ 139.770191, 35.722804 ], [ 139.770083, 35.722825 ], [ 139.769774, 35.723144 ], [ 139.769403, 35.723458 ], [ 139.769304, 35.723556 ], [ 139.769195, 35.723545 ], [ 139.769133, 35.723749 ], [ 139.769051, 35.724041 ], [ 139.769011, 35.724139 ], [ 139.768971, 35.724237 ], [ 139.768949, 35.724293 ], [ 139.768915, 35.724395 ], [ 139.768659, 35.725161 ], [ 139.768598, 35.725306 ], [ 139.76848, 35.725573 ], [ 139.768477, 35.725581 ], [ 139.768344, 35.725948 ], [ 139.768293, 35.726215 ], [ 139.768287, 35.726273 ], [ 139.768279, 35.726345 ], [ 139.768282, 35.726438 ], [ 139.768313, 35.727225 ], [ 139.768335, 35.727656 ], [ 139.768634, 35.727744 ], [ 139.769125, 35.727863 ], [ 139.769292, 35.727903 ], [ 139.769301, 35.727905 ], [ 139.769476, 35.727947 ], [ 139.769962, 35.728067 ], [ 139.770014, 35.728065 ], [ 139.77003, 35.728065 ], [ 139.770081, 35.728061 ], [ 139.770092, 35.728051 ], [ 139.770959, 35.727308 ] ] ] } }
]
}
