{
"type": "FeatureCollection",
"name": "13108",
"crs": { "type": "name", "properties": { "name": "urn:ogc:def:crs:OGC:1.3:CRS84" } },
"features": [
{ "type": "Feature", "properties": { "key": "江東区|清澄1丁目", "ward": "江東区", "town": "清澄１丁目" }, "geometry": { "type": "Polygon", "coordinates": [ [ [ 139.793921, 35.679721 ], [ 139.793911, 35.679724 ], [ 139.791727, 35.680606 ], [ 139.791686, 35.680622 ], [ 139.790682, 35.68103 ], [ 139.790668, 35.681047 ], [ 139.790955, 35.68136 ], [ 139.791543, 35.681987 ], [ 139.791918, 35.682395 ], [ 139.792281, 35.682802 ], [ 139.79231, 35.682835 ], [ 139.792606, 35.683258 ], [ 139.792651, 35.683323 ], [ 139.792674, 35.683368 ], [ 139.792978, 35.683376 ], [ 139.794088, 35.683444 ], [ 139.794244, 35.683454 ], [ 139.794637, 35.683478 ], [ 139.794688, 35.683009 ], [ 139.794712, 35.682849 ], [ 139.794712, 35.682847 ], [ 139.794732, 35.682694 ], [ 139.794765, 35.682359 ], [ 139.794797, 35.681951 ], [ 139.794779, 35.681819 ], [ 139.794728, 35.681423 ], [ 139.794694, 35.681052 ], [ 139.794691, 35.681034 ], [ 139.794504, 35.680692 ], [ 139.794093, 35.679917 ], [ 139.794067, 35.679868 ], [ 139.793921, 35.679721 ] ] ] } },
{ "type": "Feature", "properties": { "key": "江東区|清澄2丁目", "ward": "江東区", "town": "清澄２丁目" }, "geometry": { "type": "Polygon", "coordinates": [ [ [ 139.795732, 35.678983 ], [ 139.795728, 35.678984 ], [ 139.794904, 35.67932 ], [ 139.79488, 35.67933 ], [ 139.794535, 35.67947 ], [ 139.7945, 35.679485 ], [ 139.794244, 35.679589 ], [ 139.7941, 35.679647 ], [ 139.793921, 35.679721 ], [ 139.794067, 35.679868 ], [ 139.794093, 35.679917 ], [ 139.794504, 35.680692 ], [ 139.794691, 35.681034 ], [ 139.794694, 35.681052 ], [ 139.794728, 35.681423 ], [ 139.794779, 35.681819 ], [ 139.794797, 35.681951 ], [ 139.794765, 35.682359 ], [ 139.794732, 35.682694 ], [ 139.794712, 35.682847 ], [ 139.794712, 35.682849 ], [ 139.794688, 35.683009 ], [ 139.794637, 35.683478 ], [ 139.794653, 35.683479 ], [ 139.795092, 35.68351 ], [ 139.795488, 35.683538 ], [ 139.795519, 35.68354 ], [ 139.795945, 35.68357 ], [ 139.796532, 35.683602 ], [ 139.796866, 35.683625 ], [ 139.796919, 35.683143 ], [ 139.796947, 35.682824 ], [ 139.796951, 35.682793 ], [ 139.796977, 35.682492 ], [ 139.796987, 35.682461 ], [ 139.797024, 35.681947 ], [ 139.797059, 35.681557 ], [ 139.797094, 35.681248 ], [ 139.797068, 35.681173 ], [ 139.796649, 35.67978 ], [ 139.795915, 35.679295 ], [ 139.795901, 35.679253 ], [ 139.795732, 35.678983 ] ] ] } },
{ "type": "Feature", "properties": { "key": "江東区|清澄3丁目", "ward": "江東区", "town": "清澄３丁目" }, "geometry": { "type": "Polygon", "coordinates": [ [ [ 139.797872, 35.678108 ], [ 139.797283, 35.678349 ], [ 139.797121, 35.678415 ], [ 139.795732, 35.678983 ], [ 139.795901, 35.679253 ], [ 139.795915, 35.679295 ], [ 139.796649, 35.67978 ], [ 139.797068, 35.681173 ], [ 139.797094, 35.681248 ], [ 139.797059, 35.681557 ], [ 139.797024, 35.681947 ], [ 139.796987, 35.682461 ], [ 139.796977, 35.682492 ], [ 139.796951, 35.682793 ], [ 139.796947, 35.682824 ], [ 139.796919, 35.683143 ], [ 139.796866, 35.683625 ], [ 139.797239, 35.68365 ], [ 139.798535, 35.683733 ], [ 139.798556, 35.683536 ], [ 139.798578, 35.683346 ], [ 139.798594, 35.683221 ], [ 139.798633, 35.682923 ], [ 139.798641, 35.682863 ], [ 139.798667, 35.68267 ], [ 139.798679, 35.682563 ], [ 139.798701, 35.682411 ], [ 139.798727, 35.682225 ], [ 139.798753, 35.682051 ], [ 139.798754, 35.682046 ], [ 139.798796, 35.681671 ], [ 139.798848, 35.681281 ], [ 139.798851, 35.681258 ], [ 139.798934, 35.680642 ], [ 139.798967, 35.680384 ], [ 139.799024, 35.679938 ], [ 139.799061, 35.679602 ], [ 139.799023, 35.67954 ], [ 139.798981, 35.679482 ], [ 139.798681, 35.679119 ], [ 139.798418, 35.678784 ], [ 139.7983, 35.678645 ], [ 139.798218, 35.678541 ], [ 139.798076, 35.678362 ], [ 139.79806, 35.678343 ], [ 139.797879, 35.678118 ], [ 139.797872, 35.678108 ] ] ] } },
{ "type": "Feature", "properties": { "key": "江東区|常盤1丁目", "ward": "江東区", "town": "常盤１丁目" }, "geometry": { "type": "Polygon", "coordinates": [ [ [ 139.795158, 35.685981 ], [ 139.795962, 35.685984 ], [ 139.796177, 35.686001 ], [ 139.796347, 35.68601 ], [ 139.796268, 35.685712 ], [ 139.796179, 35.685252 ], [ 139.796276, 35.685257 ], [ 139.796228, 35.685045 ], [ 139.796185, 35.684807 ], [ 139.796137, 35.684579 ], [ 139.796097, 35.684376 ], [ 139.795945, 35.68357 ], [ 139.795519, 35.68354 ], [ 139.795488, 35.683538 ], [ 139.795092, 35.68351 ], [ 139.794653, 35.683479 ], [ 139.794637, 35.683478 ], [ 139.794244, 35.683454 ], [ 139.794088, 35.683444 ], [ 139.792978, 35.683376 ], [ 139.792674, 35.683368 ], [ 139.792779, 35.683578 ], [ 139.792876, 35.683902 ], [ 139.793028, 35.684408 ], [ 139.793176, 35.685087 ], [ 139.793181, 35.685218 ], [ 139.793198, 35.685649 ], [ 139.793177, 35.68585 ], [ 139.793107, 35.68607 ], [ 139.793078, 35.686115 ], [ 139.79436, 35.686201 ], [ 139.794399, 35.685986 ], [ 139.794736, 35.685983 ], [ 139.795158, 35.685981 ] ] ] } },
{ "type": "Feature", "properties": { "key": "江東区|常盤2丁目", "ward": "江東区", "town": "常盤２丁目" }, "geometry": { "type": "Polygon", "coordinates": [ [ [ 139.79844, 35.685056 ], [ 139.798449, 35.684942 ], [ 139.79846, 35.684808 ], [ 139.798466, 35.68471 ], [ 139.798477, 35.684542 ], [ 139.798502, 35.684137 ], [ 139.798504, 35.684119 ], [ 139.798535, 35.683733 ], [ 139.797239, 35.68365 ], [ 139.796866, 35.683625 ], [ 139.796532, 35.683602 ], [ 139.795945, 35.68357 ], [ 139.796097, 35.684376 ], [ 139.796137, 35.684579 ], [ 139.796185, 35.684807 ], [ 139.796228, 35.685045 ], [ 139.796276, 35.685257 ], [ 139.796179, 35.685252 ], [ 139.796268, 35.685712 ], [ 139.796347, 35.68601 ], [ 139.79705, 35.686045 ], [ 139.79775, 35.686086 ], [ 139.798011, 35.686099 ], [ 139.798095, 35.686103 ], [ 139.79837, 35.686116 ], [ 139.798384, 35.685911 ], [ 139.798385, 35.685896 ], [ 139.798392, 35.685793 ], [ 139.798395, 35.68575 ], [ 139.79842, 35.685396 ], [ 139.79842, 35.685388 ], [ 139.79844, 35.685056 ] ] ] } },
{ "type": "Feature", "properties": { "key": "江東区|新大橋1丁目", "ward": "江東区", "town": "新大橋１丁目" }, "geometry": { "type": "Polygon", "coordinates": [ [ [ 139.793078, 35.686115 ], [ 139.792942, 35.686321 ], [ 139.792939, 35.686325 ], [ 139.792579, 35.686817 ], [ 139.792473, 35.686955 ], [ 139.792333, 35.687137 ], [ 139.792073, 35.68746 ], [ 139.79207, 35.687463 ], [ 139.791849, 35.687722 ], [ 139.791657, 35.687915 ], [ 139.791599, 35.687975 ], [ 139.79109, 35.688498 ], [ 139.790938, 35.688654 ], [ 139.790419, 35.689205 ], [ 139.791186, 35.689589 ], [ 139.791585, 35.689801 ], [ 139.791607, 35.689812 ], [ 139.791588, 35.689838 ], [ 139.791986, 35.690034 ], [ 139.792243, 35.690153 ], [ 139.792639, 35.690336 ], [ 139.792681, 35.690278 ], [ 139.792793, 35.690123 ], [ 139.793139, 35.689655 ], [ 139.793158, 35.689621 ], [ 139.793398, 35.689314 ], [ 139.793617, 35.68902 ], [ 139.793805, 35.68874 ], [ 139.793927, 35.68848 ], [ 139.794131, 35.687974 ], [ 139.79418, 35.687855 ], [ 139.794223, 35.687513 ], [ 139.794235, 35.687368 ], [ 139.794261, 35.687127 ], [ 139.794275, 35.687007 ], [ 139.794304, 35.686769 ], [ 139.794321, 35.686572 ], [ 139.794331, 35.686456 ], [ 139.79436, 35.686201 ], [ 139.793078, 35.686115 ] ] ] } },
{ "type": "Feature", "properties": { "key": "江東区|新大橋2丁目", "ward": "江東区", "town": "新大橋２丁目" }, "geometry": { "type": "Polygon", "coordinates": [ [ [ 139.793486, 35.690175 ], [ 139.794178, 35.690236 ], [ 139.794924, 35.6903 ], [ 139.794972, 35.689809 ], [ 139.795003, 35.689436 ], [ 139.795035, 35.689122 ], [ 139.795069, 35.688785 ], [ 139.795129, 35.688469 ], [ 139.795144, 35.688297 ], [ 139.795171, 35.687972 ], [ 139.795193, 35.687499 ], [ 139.79517, 35.687113 ], [ 139.795173, 35.687093 ], [ 139.795171, 35.686985 ], [ 139.795172, 35.686762 ], [ 139.795163, 35.686556 ], [ 139.795158, 35.685981 ], [ 139.794736, 35.685983 ], [ 139.794399, 35.685986 ], [ 139.79436, 35.686201 ], [ 139.794331, 35.686456 ], [ 139.794321, 35.686572 ], [ 139.794304, 35.686769 ], [ 139.794275, 35.687007 ], [ 139.794261, 35.687127 ], [ 139.794235, 35.687368 ], [ 139.794223, 35.687513 ], [ 139.79418, 35.687855 ], [ 139.794131, 35.687974 ], [ 139.793927, 35.68848 ], [ 139.793805, 35.68874 ], [ 139.793617, 35.68902 ], [ 139.793398, 35.689314 ], [ 139.793158, 35.689621 ], [ 139.793139, 35.689655 ], [ 139.792793, 35.690123 ], [ 139.792681, 35.690278 ], [ 139.792639, 35.690336 ], [ 139.792628, 35.690372 ], [ 139.792416, 35.690661 ], [ 139.792875, 35.690685 ], [ 139.792995, 35.69069 ], [ 139.793163, 35.690697 ], [ 139.79343, 35.690709 ], [ 139.793486, 35.690175 ] ] ] } },
{ "type": "Feature", "properties": { "key": "江東区|新大橋3丁目", "ward": "江東区", "town": "新大橋３丁目" }, "geometry": { "type": "Polygon", "coordinates": [ [ [ 139.796639, 35.688225 ], [ 139.796779, 35.688233 ], [ 139.796745, 35.687971 ], [ 139.796656, 35.687475 ], [ 139.796627, 35.687361 ], [ 139.796582, 35.687098 ], [ 139.796527, 35.686813 ], [ 139.79642, 35.686304 ], [ 139.796347, 35.68601 ], [ 139.796177, 35.686001 ], [ 139.795962, 35.685984 ], [ 139.795158, 35.685981 ], [ 139.795163, 35.686556 ], [ 139.795172, 35.686762 ], [ 139.795171, 35.686985 ], [ 139.795173, 35.687093 ], [ 139.79517, 35.687113 ], [ 139.795193, 35.687499 ], [ 139.795171, 35.687972 ], [ 139.795144, 35.688297 ], [ 139.795129, 35.688469 ], [ 139.795069, 35.688785 ], [ 139.795035, 35.689122 ], [ 139.795003, 35.689436 ], [ 139.794972, 35.689809 ], [ 139.796129, 35.689896 ], [ 139.796356, 35.689913 ], [ 139.796389, 35.689796 ], [ 139.796447, 35.689585 ], [ 139.79666, 35.688807 ], [ 139.79669, 35.688708 ], [ 139.796694, 35.688695 ], [ 139.796694, 35.688672 ], [ 139.796695, 35.688573 ], [ 139.796639, 35.688225 ] ] ] } },
{ "type": "Feature", "properties": { "key": "江東区|森下1丁目", "ward": "江東区", "town": "森下１丁目" }, "geometry": { "type": "Polygon", "coordinates": [ [ [ 139.798221, 35.688051 ], [ 139.798222, 35.688031 ], [ 139.798262, 35.687436 ], [ 139.798302, 35.686929 ], [ 139.798324, 35.686647 ], [ 139.79837, 35.68612 ], [ 139.79837, 35.686116 ], [ 139.798095, 35.686103 ], [ 139.798011, 35.686099 ], [ 139.79775, 35.686086 ], [ 139.79705, 35.686045 ], [ 139.796347, 35.68601 ], [ 139.79642, 35.686304 ], [ 139.796527, 35.686813 ], [ 139.796582, 35.687098 ], [ 139.796627, 35.687361 ], [ 139.796656, 35.687475 ], [ 139.796745, 35.687971 ], [ 139.796779, 35.688233 ], [ 139.796639, 35.688225 ], [ 139.796695, 35.688573 ], [ 139.796967, 35.688698 ], [ 139.796973, 35.688701 ], [ 139.797917, 35.689168 ], [ 139.797916, 35.689207 ], [ 139.798001, 35.68921 ], [ 139.798115, 35.689266 ], [ 139.798139, 35.689278 ], [ 139.798149, 35.68909 ], [ 139.798161, 35.688875 ], [ 139.798166, 35.688793 ], [ 139.798168, 35.688745 ], [ 139.798171, 35.688703 ], [ 139.798184, 35.688475 ], [ 139.798185, 35.68846 ], [ 139.798221, 35.688051 ] ] ] } },
{ "type": "Feature", "properties": { "key": "江東区|森下2丁目", "ward": "江東区", "town": "森下２丁目" }, "geometry": { "type": "Polygon", "coordinates": [ [ [ 139.800218, 35.688777 ], [ 139.800242, 35.688787 ], [ 139.800254, 35.688791 ], [ 139.800257, 35.688786 ], [ 139.80027, 35.688767 ], [ 139.800418, 35.688549 ], [ 139.800449, 35.688563 ], [ 139.800461, 35.688545 ], [ 139.800495, 35.688498 ], [ 139.800491, 35.688496 ], [ 139.800431, 35.688468 ], [ 139.800594, 35.688194 ], [ 139.800257, 35.688167 ], [ 139.800289, 35.687844 ], [ 139.800317, 35.687556 ], [ 139.800358, 35.687146 ], [ 139.800369, 35.687043 ], [ 139.800394, 35.686802 ], [ 139.800398, 35.686765 ], [ 139.800427, 35.686511 ], [ 139.800447, 35.68624 ], [ 139.800054, 35.686219 ], [ 139.799008, 35.686158 ], [ 139.798751, 35.686141 ], [ 139.79837, 35.68612 ], [ 139.798324, 35.686647 ], [ 139.798302, 35.686929 ], [ 139.798262, 35.687436 ], [ 139.798222, 35.688031 ], [ 139.798221, 35.688051 ], [ 139.798185, 35.68846 ], [ 139.798184, 35.688475 ], [ 139.798171, 35.688703 ], [ 139.798168, 35.688745 ], [ 139.798166, 35.688793 ], [ 139.798161, 35.688875 ], [ 139.798149, 35.68909 ], [ 139.798139, 35.689278 ], [ 139.798544, 35.689468 ], [ 139.799301, 35.689832 ], [ 139.799307, 35.689835 ], [ 139.799566, 35.689928 ], [ 139.80017, 35.688909 ], [ 139.800142, 35.688898 ], [ 139.800218, 35.688777 ] ] ] } },
{ "type": "Feature", "properties": { "key": "江東区|森下3丁目", "ward": "江東区", "town": "森下３丁目" }, "geometry": { "type": "Polygon", "coordinates": [ [ [ 139.800776, 35.683872 ], [ 139.800716, 35.684292 ], [ 139.800665, 35.684656 ], [ 139.800658, 35.684699 ], [ 139.800625, 35.684913 ], [ 139.800582, 35.685168 ], [ 139.800539, 35.685493 ], [ 139.800533, 35.685513 ], [ 139.800473, 35.685962 ], [ 139.800447, 35.68624 ], [ 139.800427, 35.686511 ], [ 139.800398, 35.686765 ], [ 139.800394, 35.686802 ], [ 139.800369, 35.687043 ], [ 139.800358, 35.687146 ], [ 139.800317, 35.687556 ], [ 139.800289, 35.687844 ], [ 139.800257, 35.688167 ], [ 139.800594, 35.688194 ], [ 139.800635, 35.688195 ], [ 139.800794, 35.688201 ], [ 139.801033, 35.68821 ], [ 139.801208, 35.688217 ], [ 139.801777, 35.688239 ], [ 139.802093, 35.688251 ], [ 139.802932, 35.688283 ], [ 139.803082, 35.688288 ], [ 139.80337, 35.688299 ], [ 139.803404, 35.687748 ], [ 139.803413, 35.687599 ], [ 139.803433, 35.687276 ], [ 139.803454, 35.686927 ], [ 139.803473, 35.68661 ], [ 139.803489, 35.68635 ], [ 139.8035, 35.686167 ], [ 139.803532, 35.685648 ], [ 139.803559, 35.685196 ], [ 139.803573, 35.684975 ], [ 139.803595, 35.684662 ], [ 139.803602, 35.684552 ], [ 139.803627, 35.68404 ], [ 139.803168, 35.684015 ], [ 139.803135, 35.684013 ], [ 139.802959, 35.684003 ], [ 139.802749, 35.683991 ], [ 139.802601, 35.683983 ], [ 139.802049, 35.683952 ], [ 139.801471, 35.683916 ], [ 139.80122, 35.6839 ], [ 139.801109, 35.683893 ], [ 139.800776, 35.683872 ] ] ] } },
{ "type": "Feature", "properties": { "key": "江東区|森下4丁目", "ward": "江東区", "town": "森下４丁目" }, "geometry": { "type": "Polygon", "coordinates": [ [ [ 139.804823, 35.686685 ], [ 139.80516, 35.686702 ], [ 139.805388, 35.686713 ], [ 139.805539, 35.686721 ], [ 139.805796, 35.686733 ], [ 139.806154, 35.686751 ], [ 139.806198, 35.686276 ], [ 139.80624, 35.685796 ], [ 139.806273, 35.685383 ], [ 139.80638, 35.684176 ], [ 139.805662, 35.684135 ], [ 139.805318, 35.684115 ], [ 139.805151, 35.684108 ], [ 139.804877, 35.684097 ], [ 139.804575, 35.684085 ], [ 139.804509, 35.684082 ], [ 139.804047, 35.68406 ], [ 139.803627, 35.68404 ], [ 139.803602, 35.684552 ], [ 139.803595, 35.684662 ], [ 139.803573, 35.684975 ], [ 139.803559, 35.685196 ], [ 139.803532, 35.685648 ], [ 139.8035, 35.686167 ], [ 139.803489, 35.68635 ], [ 139.803473, 35.68661 ], [ 139.803454, 35.686927 ], [ 139.803433, 35.687276 ], [ 139.803413, 35.687599 ], [ 139.803404, 35.687748 ], [ 139.80337, 35.688299 ], [ 139.803863, 35.688318 ], [ 139.803942, 35.688321 ], [ 139.804408, 35.688339 ], [ 139.804685, 35.688349 ], [ 139.804687, 35.688325 ], [ 139.804723, 35.687896 ], [ 139.804729, 35.687814 ], [ 139.804742, 35.687661 ], [ 139.804768, 35.687342 ], [ 139.804786, 35.687133 ], [ 139.804788, 35.687101 ], [ 139.804823, 35.686685 ] ] ] } },
{ "type": "Feature", "properties": { "key": "江東区|森下5丁目", "ward": "江東区", "town": "森下５丁目" }, "geometry": { "type": "Polygon", "coordinates": [ [ [ 139.80638, 35.684176 ], [ 139.806273, 35.685383 ], [ 139.80624, 35.685796 ], [ 139.806198, 35.686276 ], [ 139.806154, 35.686751 ], [ 139.806419, 35.686764 ], [ 139.806585, 35.686772 ], [ 139.80674, 35.68678 ], [ 139.806843, 35.686785 ], [ 139.80706, 35.686795 ], [ 139.807372, 35.68681 ], [ 139.807631, 35.686823 ], [ 139.807653, 35.686824 ], [ 139.808055, 35.686843 ], [ 139.808083, 35.686845 ], [ 139.808164, 35.686848 ], [ 139.808532, 35.686866 ], [ 139.809082, 35.686892 ], [ 139.809547, 35.686914 ], [ 139.809646, 35.685942 ], [ 139.809824, 35.684374 ], [ 139.809825, 35.684363 ], [ 139.808817, 35.684303 ], [ 139.808798, 35.684302 ], [ 139.808406, 35.684289 ], [ 139.807485, 35.684231 ], [ 139.806387, 35.684177 ], [ 139.80638, 35.684176 ] ] ] } },
{ "type": "Feature", "properties": { "key": "江東区|平野1丁目", "ward": "江東区", "town": "平野１丁目" }, "geometry": { "type": "Polygon", "coordinates": [ [ [ 139.800304, 35.676883 ], [ 139.799061, 35.677442 ], [ 139.797999, 35.678064 ], [ 139.797879, 35.678118 ], [ 139.79806, 35.678343 ], [ 139.798076, 35.678362 ], [ 139.798218, 35.678541 ], [ 139.7983, 35.678645 ], [ 139.798418, 35.678784 ], [ 139.798681, 35.679119 ], [ 139.798981, 35.679482 ], [ 139.799023, 35.67954 ], [ 139.799544, 35.679577 ], [ 139.799599, 35.679584 ], [ 139.800021, 35.679327 ], [ 139.800622, 35.678947 ], [ 139.800639, 35.678936 ], [ 139.801094, 35.678657 ], [ 139.801079, 35.678312 ], [ 139.80105, 35.678251 ], [ 139.801042, 35.678228 ], [ 139.800934, 35.678033 ], [ 139.800819, 35.677827 ], [ 139.800657, 35.677524 ], [ 139.800442, 35.67713 ], [ 139.800304, 35.676883 ] ] ] } },
{ "type": "Feature", "properties": { "key": "江東区|平野2丁目", "ward": "江東区", "town": "平野２丁目" }, "geometry": { "type": "Polygon", "coordinates": [ [ [ 139.804191, 35.678906 ], [ 139.804392, 35.678928 ], [ 139.804475, 35.677592 ], [ 139.804507, 35.677157 ], [ 139.804557, 35.676154 ], [ 139.80457, 35.675875 ], [ 139.804397, 35.675868 ], [ 139.803687, 35.67584 ], [ 139.802853, 35.675807 ], [ 139.802836, 35.675806 ], [ 139.800314, 35.676879 ], [ 139.800304, 35.676883 ], [ 139.800442, 35.67713 ], [ 139.800657, 35.677524 ], [ 139.800819, 35.677827 ], [ 139.800934, 35.678033 ], [ 139.801042, 35.678228 ], [ 139.80105, 35.678251 ], [ 139.801079, 35.678312 ], [ 139.801094, 35.678657 ], [ 139.80112, 35.679191 ], [ 139.801433, 35.679085 ], [ 139.801592, 35.67903 ], [ 139.801702, 35.67899 ], [ 139.801963, 35.678903 ], [ 139.802337, 35.678777 ], [ 139.802655, 35.678661 ], [ 139.802668, 35.678675 ], [ 139.802828, 35.678991 ], [ 139.802843, 35.679019 ], [ 139.802959, 35.679244 ], [ 139.803078, 35.679473 ], [ 139.80338, 35.67933 ], [ 139.803641, 35.679214 ], [ 139.803647, 35.679211 ], [ 139.804191, 35.678906 ] ] ] } },
{ "type": "Feature", "properties": { "key": "江東区|平野3丁目", "ward": "江東区", "town": "平野３丁目" }, "geometry": { "type": "Polygon", "coordinates": [ [ [ 139.80457, 35.675875 ], [ 139.804557, 35.676154 ], [ 139.804507, 35.677157 ], [ 139.804475, 35.677592 ], [ 139.804392, 35.678928 ], [ 139.804581, 35.678952 ], [ 139.804974, 35.679009 ], [ 139.804985, 35.679011 ], [ 139.805452, 35.679092 ], [ 139.805697, 35.679134 ], [ 139.80615, 35.679213 ], [ 139.806157, 35.679213 ], [ 139.806767, 35.679245 ], [ 139.806772, 35.679246 ], [ 139.806829, 35.678493 ], [ 139.806841, 35.678353 ], [ 139.806852, 35.67821 ], [ 139.806882, 35.67785 ], [ 139.806917, 35.677404 ], [ 139.806942, 35.67712 ], [ 139.806957, 35.676942 ], [ 139.806968, 35.676822 ], [ 139.807015, 35.676255 ], [ 139.806971, 35.675973 ], [ 139.806005, 35.675933 ], [ 139.804624, 35.675877 ], [ 139.80457, 35.675875 ] ] ] } },
{ "type": "Feature", "properties": { "key": "江東区|平野4丁目", "ward": "江東区", "town": "平野４丁目" }, "geometry": { "type": "Polygon", "coordinates": [ [ [ 139.806971, 35.675973 ], [ 139.807015, 35.676255 ], [ 139.806968, 35.676822 ], [ 139.806957, 35.676942 ], [ 139.806942, 35.67712 ], [ 139.806917, 35.677404 ], [ 139.806882, 35.67785 ], [ 139.806852, 35.67821 ], [ 139.806841, 35.678353 ], [ 139.806829, 35.678493 ], [ 139.806772, 35.679246 ], [ 139.809399, 35.679402 ], [ 139.809821, 35.679429 ], [ 139.810066, 35.679445 ], [ 139.810427, 35.679471 ], [ 139.810588, 35.678226 ], [ 139.810588, 35.678221 ], [ 139.810647, 35.677795 ], [ 139.810838, 35.676392 ], [ 139.810842, 35.676365 ], [ 139.810849, 35.67612 ], [ 139.80991, 35.67608 ], [ 139.807577, 35.675983 ], [ 139.806998, 35.675974 ], [ 139.806971, 35.675973 ] ] ] } },
{ "type": "Feature", "properties": { "key": "江東区|三好1丁目", "ward": "江東区", "town": "三好１丁目" }, "geometry": { "type": "Polygon", "coordinates": [ [ [ 139.801112, 35.679194 ], [ 139.80112, 35.679191 ], [ 139.801094, 35.678657 ], [ 139.800639, 35.678936 ], [ 139.800622, 35.678947 ], [ 139.800021, 35.679327 ], [ 139.799599, 35.679584 ], [ 139.799544, 35.679577 ], [ 139.799023, 35.67954 ], [ 139.799061, 35.679602 ], [ 139.799024, 35.679938 ], [ 139.798967, 35.680384 ], [ 139.798934, 35.680642 ], [ 139.799415, 35.680688 ], [ 139.799464, 35.680693 ], [ 139.799986, 35.680757 ], [ 139.800582, 35.680827 ], [ 139.80087, 35.68086 ], [ 139.80118, 35.680896 ], [ 139.801154, 35.680277 ], [ 139.801142, 35.679889 ], [ 139.801112, 35.679194 ] ] ] } },
{ "type": "Feature", "properties": { "key": "江東区|三好2丁目", "ward": "江東区", "town": "三好２丁目" }, "geometry": { "type": "Polygon", "coordinates": [ [ [ 139.803641, 35.679214 ], [ 139.80338, 35.67933 ], [ 139.803078, 35.679473 ], [ 139.802959, 35.679244 ], [ 139.802843, 35.679019 ], [ 139.802828, 35.678991 ], [ 139.802668, 35.678675 ], [ 139.802655, 35.678661 ], [ 139.802337, 35.678777 ], [ 139.801963, 35.678903 ], [ 139.801702, 35.67899 ], [ 139.801592, 35.67903 ], [ 139.801433, 35.679085 ], [ 139.80112, 35.679191 ], [ 139.801112, 35.679194 ], [ 139.801142, 35.679889 ], [ 139.801154, 35.680277 ], [ 139.80118, 35.680896 ], [ 139.801505, 35.680929 ], [ 139.801565, 35.680936 ], [ 139.801887, 35.680967 ], [ 139.801911, 35.680972 ], [ 139.802425, 35.681025 ], [ 139.802464, 35.681029 ], [ 139.802954, 35.681087 ], [ 139.803478, 35.681142 ], [ 139.803736, 35.681165 ], [ 139.803743, 35.680995 ], [ 139.803758, 35.680642 ], [ 139.803764, 35.680112 ], [ 139.803736, 35.67976 ], [ 139.803721, 35.679676 ], [ 139.803641, 35.679214 ] ] ] } },
{ "type": "Feature", "properties": { "key": "江東区|三好3丁目", "ward": "江東区", "town": "三好３丁目" }, "geometry": { "type": "Polygon", "coordinates": [ [ [ 139.804191, 35.678906 ], [ 139.803647, 35.679211 ], [ 139.803641, 35.679214 ], [ 139.803721, 35.679676 ], [ 139.803736, 35.67976 ], [ 139.803764, 35.680112 ], [ 139.803758, 35.680642 ], [ 139.803743, 35.680995 ], [ 139.803736, 35.681165 ], [ 139.804309, 35.681196 ], [ 139.80469, 35.68122 ], [ 139.805437, 35.681267 ], [ 139.80598, 35.681294 ], [ 139.806609, 35.681332 ], [ 139.806652, 35.68079 ], [ 139.806705, 35.680254 ], [ 139.806708, 35.680013 ], [ 139.806732, 35.679701 ], [ 139.806743, 35.679558 ], [ 139.806767, 35.679245 ], [ 139.806157, 35.679213 ], [ 139.80615, 35.679213 ], [ 139.805697, 35.679134 ], [ 139.805452, 35.679092 ], [ 139.804985, 35.679011 ], [ 139.804974, 35.679009 ], [ 139.804581, 35.678952 ], [ 139.804392, 35.678928 ], [ 139.804191, 35.678906 ] ] ] } },
{ "type": "Feature", "properties": { "key": "江東区|三好4丁目", "ward": "江東区", "town": "三好４丁目" }, "geometry": { "type": "Polygon", "coordinates": [ [ [ 139.806767, 35.679245 ], [ 139.806743, 35.679558 ], [ 139.806732, 35.679701 ], [ 139.806708, 35.680013 ], [ 139.806705, 35.680254 ], [ 139.806652, 35.68079 ], [ 139.806609, 35.681332 ], [ 139.807017, 35.681359 ], [ 139.807235, 35.681369 ], [ 139.807717, 35.681391 ], [ 139.808463, 35.681432 ], [ 139.808701, 35.681443 ], [ 139.809121, 35.681464 ], [ 139.809152, 35.681465 ], [ 139.809795, 35.681486 ], [ 139.810176, 35.681506 ], [ 139.810303, 35.680436 ], [ 139.810304, 35.680428 ], [ 139.810427, 35.679471 ], [ 139.810066, 35.679445 ], [ 139.809821, 35.679429 ], [ 139.809399, 35.679402 ], [ 139.806772, 35.679246 ], [ 139.806767, 35.679245 ] ] ] } },
{ "type": "Feature", "properties": { "key": "江東区|白河1丁目", "ward": "江東区", "town": "白河１丁目" }, "geometry": { "type": "Polygon", "coordinates": [ [ [ 139.798934, 35.680642 ], [ 139.798851, 35.681258 ], [ 139.798848, 35.681281 ], [ 139.798796, 35.681671 ], [ 139.798754, 35.682046 ], [ 139.798753, 35.682051 ], [ 139.798727, 35.682225 ], [ 139.798701, 35.682411 ], [ 139.798679, 35.682563 ], [ 139.798667, 35.68267 ], [ 139.798641, 35.682863 ], [ 139.798633, 35.682923 ], [ 139.798594, 35.683221 ], [ 139.798578, 35.683346 ], [ 139.798556, 35.683536 ], [ 139.798535, 35.683733 ], [ 139.799153, 35.683768 ], [ 139.79938, 35.683783 ], [ 139.799717, 35.683804 ], [ 139.799783, 35.683808 ], [ 139.800134, 35.683831 ], [ 139.800449, 35.683851 ], [ 139.800767, 35.683872 ], [ 139.800816, 35.68352 ], [ 139.800848, 35.683226 ], [ 139.800861, 35.683106 ], [ 139.800922, 35.682665 ], [ 139.800978, 35.682186 ], [ 139.801041, 35.681794 ], [ 139.801059, 35.681684 ], [ 139.80118, 35.680896 ], [ 139.80087, 35.68086 ], [ 139.800582, 35.680827 ], [ 139.799986, 35.680757 ], [ 139.799464, 35.680693 ], [ 139.799415, 35.680688 ], [ 139.798934, 35.680642 ] ] ] } },
{ "type": "Feature", "properties": { "key": "江東区|白河2丁目", "ward": "江東区", "town": "白河２丁目" }, "geometry": { "type": "Polygon", "coordinates": [ [ [ 139.80118, 35.680896 ], [ 139.801059, 35.681684 ], [ 139.801041, 35.681794 ], [ 139.800978, 35.682186 ], [ 139.800922, 35.682665 ], [ 139.800861, 35.683106 ], [ 139.800848, 35.683226 ], [ 139.800816, 35.68352 ], [ 139.800767, 35.683872 ], [ 139.800776, 35.683872 ], [ 139.801109, 35.683893 ], [ 139.80122, 35.6839 ], [ 139.801471, 35.683916 ], [ 139.802049, 35.683952 ], [ 139.802601, 35.683983 ], [ 139.802749, 35.683991 ], [ 139.802959, 35.684003 ], [ 139.803135, 35.684013 ], [ 139.803168, 35.684015 ], [ 139.803627, 35.68404 ], [ 139.803648, 35.683519 ], [ 139.803651, 35.683409 ], [ 139.803671, 35.682907 ], [ 139.803685, 35.682583 ], [ 139.803697, 35.682332 ], [ 139.803707, 35.682084 ], [ 139.803718, 35.68182 ], [ 139.803736, 35.681165 ], [ 139.803478, 35.681142 ], [ 139.802954, 35.681087 ], [ 139.802464, 35.681029 ], [ 139.802425, 35.681025 ], [ 139.801911, 35.680972 ], [ 139.801887, 35.680967 ], [ 139.801565, 35.680936 ], [ 139.801505, 35.680929 ], [ 139.80118, 35.680896 ] ] ] } },
{ "type": "Feature", "properties": { "key": "江東区|白河3丁目", "ward": "江東区", "town": "白河３丁目" }, "geometry": { "type": "Polygon", "coordinates": [ [ [ 139.803736, 35.681165 ], [ 139.803718, 35.68182 ], [ 139.803707, 35.682084 ], [ 139.803697, 35.682332 ], [ 139.803685, 35.682583 ], [ 139.803671, 35.682907 ], [ 139.803651, 35.683409 ], [ 139.803648, 35.683519 ], [ 139.803627, 35.68404 ], [ 139.804047, 35.68406 ], [ 139.804509, 35.684082 ], [ 139.804575, 35.684085 ], [ 139.804877, 35.684097 ], [ 139.805151, 35.684108 ], [ 139.805318, 35.684115 ], [ 139.805662, 35.684135 ], [ 139.80638, 35.684176 ], [ 139.806387, 35.684177 ], [ 139.806418, 35.683894 ], [ 139.806434, 35.683708 ], [ 139.806446, 35.683559 ], [ 139.806465, 35.683244 ], [ 139.80648, 35.683077 ], [ 139.806485, 35.683011 ], [ 139.806505, 35.682757 ], [ 139.806526, 35.682488 ], [ 139.806541, 35.682245 ], [ 139.806558, 35.681983 ], [ 139.806609, 35.681332 ], [ 139.80598, 35.681294 ], [ 139.805437, 35.681267 ], [ 139.80469, 35.68122 ], [ 139.804309, 35.681196 ], [ 139.803736, 35.681165 ] ] ] } },
{ "type": "Feature", "properties": { "key": "江東区|白河4丁目", "ward": "江東区", "town": "白河４丁目" }, "geometry": { "type": "Polygon", "coordinates": [ [ [ 139.806609, 35.681332 ], [ 139.806558, 35.681983 ], [ 139.806541, 35.682245 ], [ 139.806526, 35.682488 ], [ 139.806505, 35.682757 ], [ 139.806485, 35.683011 ], [ 139.80648, 35.683077 ], [ 139.806465, 35.683244 ], [ 139.806446, 35.683559 ], [ 139.806434, 35.683708 ], [ 139.806418, 35.683894 ], [ 139.806387, 35.684177 ], [ 139.807485, 35.684231 ], [ 139.808406, 35.684289 ], [ 139.808798, 35.684302 ], [ 139.808817, 35.684303 ], [ 139.809825, 35.684363 ], [ 139.810033, 35.682692 ], [ 139.810034, 35.682682 ], [ 139.810176, 35.681506 ], [ 139.809795, 35.681486 ], [ 139.809152, 35.681465 ], [ 139.809121, 35.681464 ], [ 139.808701, 35.681443 ], [ 139.808463, 35.681432 ], [ 139.807717, 35.681391 ], [ 139.807235, 35.681369 ], [ 139.807017, 35.681359 ], [ 139.806609, 35.681332 ] ] ] } },
{ "type": "Feature", "properties": { "key": "江東区|高橋", "ward": "江東区", "town": "高橋" }, "geometry": { "type": "Polygon", "coordinates": [ [ [ 139.798535, 35.683733 ], [ 139.798504, 35.684119 ], [ 139.798502, 35.684137 ], [ 139.798477, 35.684542 ], [ 139.798466, 35.68471 ], [ 139.79846, 35.684808 ], [ 139.798449, 35.684942 ], [ 139.79844, 35.685056 ], [ 139.79842, 35.685388 ], [ 139.79842, 35.685396 ], [ 139.798395, 35.68575 ], [ 139.798392, 35.685793 ], [ 139.798385, 35.685896 ], [ 139.798384, 35.685911 ], [ 139.79837, 35.686116 ], [ 139.79837, 35.68612 ], [ 139.798751, 35.686141 ], [ 139.799008, 35.686158 ], [ 139.800054, 35.686219 ], [ 139.800447, 35.68624 ], [ 139.800473, 35.685962 ], [ 139.800533, 35.685513 ], [ 139.800539, 35.685493 ], [ 139.800582, 35.685168 ], [ 139.800625, 35.684913 ], [ 139.800658, 35.684699 ], [ 139.800665, 35.684656 ], [ 139.800716, 35.684292 ], [ 139.800776, 35.683872 ], [ 139.800767, 35.683872 ], [ 139.800449, 35.683851 ], [ 139.800134, 35.683831 ], [ 139.799783, 35.683808 ], [ 139.799717, 35.683804 ], [ 139.79938, 35.683783 ], [ 139.799153, 35.683768 ], [ 139.798535, 35.683733 ] ] ] } },
{ "type": "Feature", "properties": { "key": "江東区|佐賀1丁目", "ward": "江東区", "town": "佐賀１丁目" }, "geometry": { "type": "Polygon", "coordinates": [ [ [ 139.791815, 35.675869 ], [ 139.791534, 35.675986 ], [ 139.791124, 35.676201 ], [ 139.7906, 35.676486 ], [ 139.79034, 35.676109 ], [ 139.790122, 35.675709 ], [ 139.789827, 35.675188 ], [ 139.789787, 35.675219 ], [ 139.789573, 35.675385 ], [ 139.789368, 35.675532 ], [ 139.789293, 35.675604 ], [ 139.789154, 35.675719 ], [ 139.788773, 35.676012 ], [ 139.788675, 35.676066 ], [ 139.787559, 35.676299 ], [ 139.787779, 35.676923 ], [ 139.787868, 35.677137 ], [ 139.787954, 35.677275 ], [ 139.788425, 35.677952 ], [ 139.789055, 35.678838 ], [ 139.790139, 35.678398 ], [ 139.790983, 35.678041 ], [ 139.792418, 35.677452 ], [ 139.792681, 35.677342 ], [ 139.792547, 35.677121 ], [ 139.791815, 35.675869 ] ] ] } },
{ "type": "Feature", "properties": { "key": "江東区|佐賀2丁目", "ward": "江東区", "town": "佐賀２丁目" }, "geometry": { "type": "Polygon", "coordinates": [ [ [ 139.792681, 35.677342 ], [ 139.792418, 35.677452 ], [ 139.790983, 35.678041 ], [ 139.790139, 35.678398 ], [ 139.789055, 35.678838 ], [ 139.789096, 35.678898 ], [ 139.7894, 35.67935 ], [ 139.789673, 35.67974 ], [ 139.790446, 35.680762 ], [ 139.790682, 35.68103 ], [ 139.791686, 35.680622 ], [ 139.791727, 35.680606 ], [ 139.793911, 35.679724 ], [ 139.793921, 35.679721 ], [ 139.7941, 35.679647 ], [ 139.793736, 35.679066 ], [ 139.793433, 35.678582 ], [ 139.793152, 35.678122 ], [ 139.793115, 35.678059 ], [ 139.792681, 35.677342 ] ] ] } },
{ "type": "Feature", "properties": { "key": "江東区|永代1丁目", "ward": "江東区", "town": "永代１丁目" }, "geometry": { "type": "Polygon", "coordinates": [ [ [ 139.790935, 35.67451 ], [ 139.790845, 35.674392 ], [ 139.790528, 35.674026 ], [ 139.790345, 35.673829 ], [ 139.790007, 35.673508 ], [ 139.789588, 35.673177 ], [ 139.789167, 35.672845 ], [ 139.788925, 35.673046 ], [ 139.78881, 35.673143 ], [ 139.788928, 35.673245 ], [ 139.788838, 35.673343 ], [ 139.788739, 35.673476 ], [ 139.788685, 35.673582 ], [ 139.788542, 35.673902 ], [ 139.788419, 35.674244 ], [ 139.78833, 35.674603 ], [ 139.788323, 35.674698 ], [ 139.788303, 35.674974 ], [ 139.788311, 35.675211 ], [ 139.788337, 35.675445 ], [ 139.78841, 35.675748 ], [ 139.788484, 35.675985 ], [ 139.787521, 35.676191 ], [ 139.787559, 35.676299 ], [ 139.788675, 35.676066 ], [ 139.788773, 35.676012 ], [ 139.789154, 35.675719 ], [ 139.789293, 35.675604 ], [ 139.789368, 35.675532 ], [ 139.789573, 35.675385 ], [ 139.789787, 35.675219 ], [ 139.789827, 35.675188 ], [ 139.790122, 35.675709 ], [ 139.79034, 35.676109 ], [ 139.7906, 35.676486 ], [ 139.791124, 35.676201 ], [ 139.791534, 35.675986 ], [ 139.791815, 35.675869 ], [ 139.791709, 35.675706 ], [ 139.790935, 35.67451 ] ] ] } },
{ "type": "Feature", "properties": { "key": "江東区|永代2丁目", "ward": "江東区", "town": "永代２丁目" }, "geometry": { "type": "Polygon", "coordinates": [ [ [ 139.793427, 35.674997 ], [ 139.793472, 35.675004 ], [ 139.793512, 35.674751 ], [ 139.793558, 35.674459 ], [ 139.793566, 35.674461 ], [ 139.793568, 35.674406 ], [ 139.793512, 35.674221 ], [ 139.793394, 35.673932 ], [ 139.793387, 35.673915 ], [ 139.793251, 35.673587 ], [ 139.79315, 35.673336 ], [ 139.793075, 35.673187 ], [ 139.793071, 35.67318 ], [ 139.792851, 35.672786 ], [ 139.792848, 35.672781 ], [ 139.792739, 35.672594 ], [ 139.792638, 35.672413 ], [ 139.79253, 35.672228 ], [ 139.792296, 35.671817 ], [ 139.792268, 35.671775 ], [ 139.792318, 35.671636 ], [ 139.792406, 35.671443 ], [ 139.791993, 35.67132 ], [ 139.791837, 35.671287 ], [ 139.791714, 35.671281 ], [ 139.79156, 35.67131 ], [ 139.791286, 35.671383 ], [ 139.791196, 35.67142 ], [ 139.791072, 35.671471 ], [ 139.790824, 35.671591 ], [ 139.790623, 35.671714 ], [ 139.790547, 35.671772 ], [ 139.790164, 35.672063 ], [ 139.789809, 35.672341 ], [ 139.789724, 35.672408 ], [ 139.789521, 35.672558 ], [ 139.789167, 35.672845 ], [ 139.789588, 35.673177 ], [ 139.790007, 35.673508 ], [ 139.790345, 35.673829 ], [ 139.790528, 35.674026 ], [ 139.790845, 35.674392 ], [ 139.790935, 35.67451 ], [ 139.791709, 35.675706 ], [ 139.792445, 35.675402 ], [ 139.793427, 35.674997 ] ] ] } },
{ "type": "Feature", "properties": { "key": "江東区|福住1丁目", "ward": "江東区", "town": "福住１丁目" }, "geometry": { "type": "Polygon", "coordinates": [ [ [ 139.795263, 35.674935 ], [ 139.794979, 35.674864 ], [ 139.794498, 35.674719 ], [ 139.79403, 35.674595 ], [ 139.793806, 35.674531 ], [ 139.793566, 35.674461 ], [ 139.793558, 35.674459 ], [ 139.793512, 35.674751 ], [ 139.793472, 35.675004 ], [ 139.793427, 35.674997 ], [ 139.792445, 35.675402 ], [ 139.791709, 35.675706 ], [ 139.791815, 35.675869 ], [ 139.792547, 35.677121 ], [ 139.792681, 35.677342 ], [ 139.793319, 35.677074 ], [ 139.79431, 35.676655 ], [ 139.794329, 35.676639 ], [ 139.79453, 35.676552 ], [ 139.794713, 35.676474 ], [ 139.795005, 35.675657 ], [ 139.795028, 35.675592 ], [ 139.795095, 35.675406 ], [ 139.795107, 35.675373 ], [ 139.795146, 35.675264 ], [ 139.795219, 35.675061 ], [ 139.795263, 35.674935 ] ] ] } },
{ "type": "Feature", "properties": { "key": "江東区|福住2丁目", "ward": "江東区", "town": "福住２丁目" }, "geometry": { "type": "Polygon", "coordinates": [ [ [ 139.79431, 35.676655 ], [ 139.793319, 35.677074 ], [ 139.792681, 35.677342 ], [ 139.793115, 35.678059 ], [ 139.793152, 35.678122 ], [ 139.793433, 35.678582 ], [ 139.793736, 35.679066 ], [ 139.7941, 35.679647 ], [ 139.794244, 35.679589 ], [ 139.7945, 35.679485 ], [ 139.794535, 35.67947 ], [ 139.79488, 35.67933 ], [ 139.794904, 35.67932 ], [ 139.795728, 35.678984 ], [ 139.79542, 35.678485 ], [ 139.795411, 35.67847 ], [ 139.795174, 35.67808 ], [ 139.795027, 35.677837 ], [ 139.79468, 35.677265 ], [ 139.79445, 35.676885 ], [ 139.79431, 35.676655 ] ] ] } },
{ "type": "Feature", "properties": { "key": "江東区|深川1丁目", "ward": "江東区", "town": "深川１丁目" }, "geometry": { "type": "Polygon", "coordinates": [ [ [ 139.795794, 35.673908 ], [ 139.795624, 35.673942 ], [ 139.79553, 35.674107 ], [ 139.795343, 35.674702 ], [ 139.795263, 35.674935 ], [ 139.795219, 35.675061 ], [ 139.795146, 35.675264 ], [ 139.795107, 35.675373 ], [ 139.795095, 35.675406 ], [ 139.795028, 35.675592 ], [ 139.795005, 35.675657 ], [ 139.794713, 35.676474 ], [ 139.79453, 35.676552 ], [ 139.794329, 35.676639 ], [ 139.79431, 35.676655 ], [ 139.79445, 35.676885 ], [ 139.79468, 35.677265 ], [ 139.795027, 35.677837 ], [ 139.795174, 35.67808 ], [ 139.795411, 35.67847 ], [ 139.79542, 35.678485 ], [ 139.795728, 35.678984 ], [ 139.795732, 35.678983 ], [ 139.797121, 35.678415 ], [ 139.797283, 35.678349 ], [ 139.797872, 35.678108 ], [ 139.79766, 35.677823 ], [ 139.797489, 35.677619 ], [ 139.797464, 35.677586 ], [ 139.797356, 35.677449 ], [ 139.797323, 35.677407 ], [ 139.797081, 35.677102 ], [ 139.796918, 35.676895 ], [ 139.796733, 35.676662 ], [ 139.796731, 35.676661 ], [ 139.796262, 35.676073 ], [ 139.796186, 35.67558 ], [ 139.796095, 35.675092 ], [ 139.796079, 35.674937 ], [ 139.796028, 35.674671 ], [ 139.796006, 35.674553 ], [ 139.795956, 35.674243 ], [ 139.795933, 35.67414 ], [ 139.795794, 35.673908 ] ] ] } },
{ "type": "Feature", "properties": { "key": "江東区|深川2丁目", "ward": "江東区", "town": "深川２丁目" }, "geometry": { "type": "Polygon", "coordinates": [ [ [ 139.799264, 35.673133 ], [ 139.799171, 35.673145 ], [ 139.798115, 35.673382 ], [ 139.796936, 35.673651 ], [ 139.796684, 35.673708 ], [ 139.795834, 35.673898 ], [ 139.795794, 35.673908 ], [ 139.795933, 35.67414 ], [ 139.795956, 35.674243 ], [ 139.796006, 35.674553 ], [ 139.796028, 35.674671 ], [ 139.796079, 35.674937 ], [ 139.796095, 35.675092 ], [ 139.796186, 35.67558 ], [ 139.796262, 35.676073 ], [ 139.796731, 35.676661 ], [ 139.796733, 35.676662 ], [ 139.796918, 35.676895 ], [ 139.797081, 35.677102 ], [ 139.797323, 35.677407 ], [ 139.797356, 35.677449 ], [ 139.797464, 35.677586 ], [ 139.797489, 35.677619 ], [ 139.79766, 35.677823 ], [ 139.797872, 35.678108 ], [ 139.797879, 35.678118 ], [ 139.797999, 35.678064 ], [ 139.799061, 35.677442 ], [ 139.800304, 35.676883 ], [ 139.800314, 35.676879 ], [ 139.800192, 35.676653 ], [ 139.800178, 35.676619 ], [ 139.799897, 35.676094 ], [ 139.799809, 35.675909 ], [ 139.799693, 35.675709 ], [ 139.79956, 35.675448 ], [ 139.79943, 35.675184 ], [ 139.799363, 35.674485 ], [ 139.799344, 35.674087 ], [ 139.799296, 35.673441 ], [ 139.799264, 35.673133 ] ] ] } },
{ "type": "Feature", "properties": { "key": "江東区|冬木", "ward": "江東区", "town": "冬木" }, "geometry": { "type": "Polygon", "coordinates": [ [ [ 139.802836, 35.675806 ], [ 139.802853, 35.675807 ], [ 139.803687, 35.67584 ], [ 139.803548, 35.675302 ], [ 139.803546, 35.675294 ], [ 139.803297, 35.674352 ], [ 139.802905, 35.672894 ], [ 139.8029, 35.672875 ], [ 139.802815, 35.672585 ], [ 139.801888, 35.672755 ], [ 139.801878, 35.672756 ], [ 139.801455, 35.672824 ], [ 139.801006, 35.672891 ], [ 139.80087, 35.672911 ], [ 139.800586, 35.672947 ], [ 139.799276, 35.673132 ], [ 139.799264, 35.673133 ], [ 139.799296, 35.673441 ], [ 139.799344, 35.674087 ], [ 139.799363, 35.674485 ], [ 139.79943, 35.675184 ], [ 139.79956, 35.675448 ], [ 139.799693, 35.675709 ], [ 139.799809, 35.675909 ], [ 139.799897, 35.676094 ], [ 139.800178, 35.676619 ], [ 139.800192, 35.676653 ], [ 139.800314, 35.676879 ], [ 139.802836, 35.675806 ] ] ] } },
{ "type": "Feature", "properties": { "key": "江東区|門前仲町1丁目", "ward": "江東区", "town": "門前仲町１丁目" }, "geometry": { "type": "Polygon", "coordinates": [ [ [ 139.794057, 35.67154 ], [ 139.794025, 35.67155 ], [ 139.793746, 35.671638 ], [ 139.793501, 35.671713 ], [ 139.793438, 35.671708 ], [ 139.793241, 35.671678 ], [ 139.793072, 35.671629 ], [ 139.792412, 35.671439 ], [ 139.792406, 35.671443 ], [ 139.792318, 35.671636 ], [ 139.792268, 35.671775 ], [ 139.792296, 35.671817 ], [ 139.79253, 35.672228 ], [ 139.792638, 35.672413 ], [ 139.792739, 35.672594 ], [ 139.792848, 35.672781 ], [ 139.792851, 35.672786 ], [ 139.793071, 35.67318 ], [ 139.793075, 35.673187 ], [ 139.79315, 35.673336 ], [ 139.793251, 35.673587 ], [ 139.793387, 35.673915 ], [ 139.793394, 35.673932 ], [ 139.793512, 35.674221 ], [ 139.793568, 35.674406 ], [ 139.793566, 35.674461 ], [ 139.793806, 35.674531 ], [ 139.79403, 35.674595 ], [ 139.794498, 35.674719 ], [ 139.794979, 35.674864 ], [ 139.795263, 35.674935 ], [ 139.795343, 35.674702 ], [ 139.79553, 35.674107 ], [ 139.795624, 35.673942 ], [ 139.795794, 35.673908 ], [ 139.795834, 35.673898 ], [ 139.795656, 35.673603 ], [ 139.795533, 35.673398 ], [ 139.795315, 35.673075 ], [ 139.795157, 35.67284 ], [ 139.795111, 35.672772 ], [ 139.794861, 35.672402 ], [ 139.794592, 35.672003 ], [ 139.794567, 35.671978 ], [ 139.794493, 35.671915 ], [ 139.794303, 35.671751 ], [ 139.794057, 35.67154 ] ] ] } },
{ "type": "Feature", "properties": { "key": "江東区|門前仲町2丁目", "ward": "江東区", "town": "門前仲町２丁目" }, "geometry": { "type": "Polygon", "coordinates": [ [ [ 139.796286, 35.671778 ], [ 139.795996, 35.671903 ], [ 139.795715, 35.671486 ], [ 139.795623, 35.671321 ], [ 139.795473, 35.671058 ], [ 139.795183, 35.671165 ], [ 139.794836, 35.67128 ], [ 139.794057, 35.67154 ], [ 139.794303, 35.671751 ], [ 139.794493, 35.671915 ], [ 139.794567, 35.671978 ], [ 139.794592, 35.672003 ], [ 139.794861, 35.672402 ], [ 139.795111, 35.672772 ], [ 139.795157, 35.67284 ], [ 139.795315, 35.673075 ], [ 139.795533, 35.673398 ], [ 139.795656, 35.673603 ], [ 139.795834, 35.673898 ], [ 139.796684, 35.673708 ], [ 139.796936, 35.673651 ], [ 139.796732, 35.673055 ], [ 139.796556, 35.672553 ], [ 139.796719, 35.672479 ], [ 139.796522, 35.672155 ], [ 139.796286, 35.671778 ] ] ] } },
{ "type": "Feature", "properties": { "key": "江東区|富岡1丁目", "ward": "江東区", "town": "富岡１丁目" }, "geometry": { "type": "Polygon", "coordinates": [ [ [ 139.800444, 35.671148 ], [ 139.800624, 35.671112 ], [ 139.800535, 35.670798 ], [ 139.800529, 35.670778 ], [ 139.800477, 35.670594 ], [ 139.800437, 35.670453 ], [ 139.800376, 35.670273 ], [ 139.800294, 35.670033 ], [ 139.800421, 35.669975 ], [ 139.800952, 35.669856 ], [ 139.800888, 35.669702 ], [ 139.800718, 35.669292 ], [ 139.800309, 35.669386 ], [ 139.799944, 35.669482 ], [ 139.799909, 35.669491 ], [ 139.799796, 35.669519 ], [ 139.799433, 35.669608 ], [ 139.799077, 35.669701 ], [ 139.798593, 35.669827 ], [ 139.798373, 35.669896 ], [ 139.797936, 35.670052 ], [ 139.797931, 35.670046 ], [ 139.797158, 35.67036 ], [ 139.796574, 35.670602 ], [ 139.795473, 35.671058 ], [ 139.795623, 35.671321 ], [ 139.795715, 35.671486 ], [ 139.795996, 35.671903 ], [ 139.796286, 35.671778 ], [ 139.796522, 35.672155 ], [ 139.796719, 35.672479 ], [ 139.796556, 35.672553 ], [ 139.796732, 35.673055 ], [ 139.796936, 35.673651 ], [ 139.798115, 35.673382 ], [ 139.799171, 35.673145 ], [ 139.799264, 35.673133 ], [ 139.799276, 35.673132 ], [ 139.800586, 35.672947 ], [ 139.80087, 35.672911 ], [ 139.800811, 35.672656 ], [ 139.800627, 35.671868 ], [ 139.800444, 35.671148 ] ] ] } },
{ "type": "Feature", "properties": { "key": "江東区|富岡2丁目", "ward": "江東区", "town": "富岡２丁目" }, "geometry": { "type": "Polygon", "coordinates": [ [ [ 139.801312, 35.669156 ], [ 139.800743, 35.669286 ], [ 139.800718, 35.669292 ], [ 139.800888, 35.669702 ], [ 139.800952, 35.669856 ], [ 139.800421, 35.669975 ], [ 139.800294, 35.670033 ], [ 139.800376, 35.670273 ], [ 139.800437, 35.670453 ], [ 139.800477, 35.670594 ], [ 139.800529, 35.670778 ], [ 139.800535, 35.670798 ], [ 139.800624, 35.671112 ], [ 139.800444, 35.671148 ], [ 139.800627, 35.671868 ], [ 139.800811, 35.672656 ], [ 139.80087, 35.672911 ], [ 139.801006, 35.672891 ], [ 139.801455, 35.672824 ], [ 139.801878, 35.672756 ], [ 139.801888, 35.672755 ], [ 139.802815, 35.672585 ], [ 139.802535, 35.67162 ], [ 139.802473, 35.671405 ], [ 139.802395, 35.671135 ], [ 139.802319, 35.670857 ], [ 139.802296, 35.670773 ], [ 139.802233, 35.670528 ], [ 139.801981, 35.669891 ], [ 139.801758, 35.669656 ], [ 139.801312, 35.669156 ] ] ] } },
{ "type": "Feature", "properties": { "key": "江東区|牡丹1丁目", "ward": "江東区", "town": "牡丹１丁目" }, "geometry": { "type": "Polygon", "coordinates": [ [ [ 139.794407, 35.669473 ], [ 139.794073, 35.669628 ], [ 139.793907, 35.669699 ], [ 139.793746, 35.669769 ], [ 139.793437, 35.669902 ], [ 139.793129, 35.670054 ], [ 139.792669, 35.670405 ], [ 139.792892, 35.670583 ], [ 139.793273, 35.670884 ], [ 139.792893, 35.67106 ], [ 139.792786, 35.671103 ], [ 139.79257, 35.671198 ], [ 139.792506, 35.671265 ], [ 139.792412, 35.671439 ], [ 139.793072, 35.671629 ], [ 139.793241, 35.671678 ], [ 139.793438, 35.671708 ], [ 139.793501, 35.671713 ], [ 139.793746, 35.671638 ], [ 139.794025, 35.67155 ], [ 139.794057, 35.67154 ], [ 139.794836, 35.67128 ], [ 139.795183, 35.671165 ], [ 139.794789, 35.670228 ], [ 139.794527, 35.6697 ], [ 139.794457, 35.669558 ], [ 139.794407, 35.669473 ] ] ] } },
{ "type": "Feature", "properties": { "key": "江東区|牡丹2丁目", "ward": "江東区", "town": "牡丹２丁目" }, "geometry": { "type": "Polygon", "coordinates": [ [ [ 139.797149, 35.668546 ], [ 139.79669, 35.668728 ], [ 139.796412, 35.66883 ], [ 139.796069, 35.668957 ], [ 139.795733, 35.669082 ], [ 139.794633, 35.669492 ], [ 139.794457, 35.669558 ], [ 139.794527, 35.6697 ], [ 139.794789, 35.670228 ], [ 139.795183, 35.671165 ], [ 139.795473, 35.671058 ], [ 139.796574, 35.670602 ], [ 139.797158, 35.67036 ], [ 139.797931, 35.670046 ], [ 139.797944, 35.670041 ], [ 139.79776, 35.669701 ], [ 139.7977, 35.66959 ], [ 139.797694, 35.669587 ], [ 139.797624, 35.669433 ], [ 139.797511, 35.669222 ], [ 139.797508, 35.669217 ], [ 139.797369, 35.668958 ], [ 139.797276, 35.668783 ], [ 139.797154, 35.668553 ], [ 139.797149, 35.668546 ] ] ] } },
{ "type": "Feature", "properties": { "key": "江東区|牡丹3丁目", "ward": "江東区", "town": "牡丹３丁目" }, "geometry": { "type": "Polygon", "coordinates": [ [ [ 139.799868, 35.667601 ], [ 139.799596, 35.667616 ], [ 139.799403, 35.667641 ], [ 139.79924, 35.667693 ], [ 139.798514, 35.667957 ], [ 139.79812, 35.668122 ], [ 139.797641, 35.66834 ], [ 139.797154, 35.668553 ], [ 139.797276, 35.668783 ], [ 139.797369, 35.668958 ], [ 139.797508, 35.669217 ], [ 139.797511, 35.669222 ], [ 139.797624, 35.669433 ], [ 139.797694, 35.669587 ], [ 139.7977, 35.66959 ], [ 139.79776, 35.669701 ], [ 139.797944, 35.670041 ], [ 139.797931, 35.670046 ], [ 139.797936, 35.670052 ], [ 139.798373, 35.669896 ], [ 139.798593, 35.669827 ], [ 139.799077, 35.669701 ], [ 139.799433, 35.669608 ], [ 139.799796, 35.669519 ], [ 139.799909, 35.669491 ], [ 139.799944, 35.669482 ], [ 139.800309, 35.669386 ], [ 139.800718, 35.669292 ], [ 139.800743, 35.669286 ], [ 139.801312, 35.669156 ], [ 139.80149, 35.669112 ], [ 139.8016, 35.668832 ], [ 139.801657, 35.668688 ], [ 139.801735, 35.66834 ], [ 139.80188, 35.667733 ], [ 139.801391, 35.667701 ], [ 139.800951, 35.667672 ], [ 139.80044, 35.667639 ], [ 139.800268, 35.667628 ], [ 139.799868, 35.667601 ] ] ] } },
{ "type": "Feature", "properties": { "key": "江東区|古石場1丁目", "ward": "江東区", "town": "古石場１丁目" }, "geometry": { "type": "Polygon", "coordinates": [ [ [ 139.794407, 35.669473 ], [ 139.794457, 35.669558 ], [ 139.794633, 35.669492 ], [ 139.795733, 35.669082 ], [ 139.796069, 35.668957 ], [ 139.796412, 35.66883 ], [ 139.79669, 35.668728 ], [ 139.797149, 35.668546 ], [ 139.797033, 35.668327 ], [ 139.796977, 35.668219 ], [ 139.796922, 35.668116 ], [ 139.796774, 35.667837 ], [ 139.79677, 35.66783 ], [ 139.796618, 35.667556 ], [ 139.795906, 35.667932 ], [ 139.795435, 35.66818 ], [ 139.795228, 35.66829 ], [ 139.794422, 35.668713 ], [ 139.794008, 35.668939 ], [ 139.793712, 35.669101 ], [ 139.793111, 35.66942 ], [ 139.793062, 35.669446 ], [ 139.792612, 35.669594 ], [ 139.7923, 35.669699 ], [ 139.791941, 35.66982 ], [ 139.792357, 35.670158 ], [ 139.792368, 35.670167 ], [ 139.792603, 35.670352 ], [ 139.792669, 35.670405 ], [ 139.793129, 35.670054 ], [ 139.793437, 35.669902 ], [ 139.793746, 35.669769 ], [ 139.793907, 35.669699 ], [ 139.794073, 35.669628 ], [ 139.794407, 35.669473 ] ] ] } },
{ "type": "Feature", "properties": { "key": "江東区|古石場2丁目", "ward": "江東区", "town": "古石場２丁目" }, "geometry": { "type": "Polygon", "coordinates": [ [ [ 139.799868, 35.667601 ], [ 139.800268, 35.667628 ], [ 139.80044, 35.667639 ], [ 139.800501, 35.667167 ], [ 139.800576, 35.66657 ], [ 139.800631, 35.666134 ], [ 139.800636, 35.666109 ], [ 139.800663, 35.66589 ], [ 139.800682, 35.665735 ], [ 139.80069, 35.665674 ], [ 139.80072, 35.665417 ], [ 139.800692, 35.665394 ], [ 139.800523, 35.665237 ], [ 139.800216, 35.665406 ], [ 139.800209, 35.665409 ], [ 139.799904, 35.665577 ], [ 139.799764, 35.665654 ], [ 139.799712, 35.665688 ], [ 139.799655, 35.665719 ], [ 139.799549, 35.665776 ], [ 139.799027, 35.666064 ], [ 139.798837, 35.666173 ], [ 139.798672, 35.666259 ], [ 139.798242, 35.666497 ], [ 139.797926, 35.666669 ], [ 139.797621, 35.666848 ], [ 139.797051, 35.667165 ], [ 139.796817, 35.667299 ], [ 139.796531, 35.667448 ], [ 139.796594, 35.667499 ], [ 139.796618, 35.667556 ], [ 139.79677, 35.66783 ], [ 139.796774, 35.667837 ], [ 139.796922, 35.668116 ], [ 139.796977, 35.668219 ], [ 139.797033, 35.668327 ], [ 139.797149, 35.668546 ], [ 139.797154, 35.668553 ], [ 139.797641, 35.66834 ], [ 139.79812, 35.668122 ], [ 139.798514, 35.667957 ], [ 139.79924, 35.667693 ], [ 139.799403, 35.667641 ], [ 139.799596, 35.667616 ], [ 139.799868, 35.667601 ] ] ] } },
{ "type": "Feature", "properties": { "key": "江東区|古石場3丁目", "ward": "江東区", "town": "古石場３丁目" }, "geometry": { "type": "Polygon", "coordinates": [ [ [ 139.801626, 35.664633 ], [ 139.801302, 35.664809 ], [ 139.800867, 35.665051 ], [ 139.800658, 35.665164 ], [ 139.800523, 35.665237 ], [ 139.800692, 35.665394 ], [ 139.80072, 35.665417 ], [ 139.80069, 35.665674 ], [ 139.800682, 35.665735 ], [ 139.800663, 35.66589 ], [ 139.800636, 35.666109 ], [ 139.800631, 35.666134 ], [ 139.800576, 35.66657 ], [ 139.800501, 35.667167 ], [ 139.80044, 35.667639 ], [ 139.800951, 35.667672 ], [ 139.801391, 35.667701 ], [ 139.80188, 35.667733 ], [ 139.802167, 35.666295 ], [ 139.802171, 35.666272 ], [ 139.8024, 35.665187 ], [ 139.80243, 35.664998 ], [ 139.802324, 35.664959 ], [ 139.802182, 35.664941 ], [ 139.801996, 35.664804 ], [ 139.802008, 35.664764 ], [ 139.801863, 35.664728 ], [ 139.801778, 35.664662 ], [ 139.801626, 35.664633 ] ] ] } },
{ "type": "Feature", "properties": { "key": "江東区|越中島1丁目", "ward": "江東区", "town": "越中島１丁目" }, "geometry": { "type": "Polygon", "coordinates": [ [ [ 139.788925, 35.673046 ], [ 139.789167, 35.672845 ], [ 139.789521, 35.672558 ], [ 139.789724, 35.672408 ], [ 139.789809, 35.672341 ], [ 139.790164, 35.672063 ], [ 139.790547, 35.671772 ], [ 139.790623, 35.671714 ], [ 139.790824, 35.671591 ], [ 139.791072, 35.671471 ], [ 139.791196, 35.67142 ], [ 139.791286, 35.671383 ], [ 139.79156, 35.67131 ], [ 139.791714, 35.671281 ], [ 139.791837, 35.671287 ], [ 139.791993, 35.67132 ], [ 139.792406, 35.671443 ], [ 139.792412, 35.671439 ], [ 139.792506, 35.671265 ], [ 139.79257, 35.671198 ], [ 139.792786, 35.671103 ], [ 139.792893, 35.67106 ], [ 139.793273, 35.670884 ], [ 139.792892, 35.670583 ], [ 139.792669, 35.670405 ], [ 139.792603, 35.670352 ], [ 139.792368, 35.670167 ], [ 139.792357, 35.670158 ], [ 139.791941, 35.66982 ], [ 139.79186, 35.669761 ], [ 139.791777, 35.669699 ], [ 139.791611, 35.669576 ], [ 139.791349, 35.669379 ], [ 139.791268, 35.66931 ], [ 139.791141, 35.66922 ], [ 139.791123, 35.669207 ], [ 139.790589, 35.668799 ], [ 139.788863, 35.667476 ], [ 139.788826, 35.667835 ], [ 139.788798, 35.667964 ], [ 139.788986, 35.667872 ], [ 139.789041, 35.667753 ], [ 139.789402, 35.668029 ], [ 139.788984, 35.669362 ], [ 139.788874, 35.669698 ], [ 139.788762, 35.670021 ], [ 139.788703, 35.670275 ], [ 139.788588, 35.670733 ], [ 139.788514, 35.671047 ], [ 139.788376, 35.671716 ], [ 139.788207, 35.672584 ], [ 139.788165, 35.672806 ], [ 139.788194, 35.672949 ], [ 139.788269, 35.673046 ], [ 139.788373, 35.673115 ], [ 139.788502, 35.67314 ], [ 139.788703, 35.673065 ], [ 139.78881, 35.673143 ], [ 139.788925, 35.673046 ] ] ] } },
{ "type": "Feature", "properties": { "key": "江東区|越中島2丁目", "ward": "江東区", "town": "越中島２丁目" }, "geometry": { "type": "Polygon", "coordinates": [ [ [ 139.796618, 35.667556 ], [ 139.796594, 35.667499 ], [ 139.796531, 35.667448 ], [ 139.796428, 35.667367 ], [ 139.79557, 35.666686 ], [ 139.794871, 35.666131 ], [ 139.795468, 35.665633 ], [ 139.796139, 35.665074 ], [ 139.796128, 35.665065 ], [ 139.795318, 35.664424 ], [ 139.794412, 35.663706 ], [ 139.794346, 35.663673 ], [ 139.793866, 35.664088 ], [ 139.793379, 35.664504 ], [ 139.792473, 35.665258 ], [ 139.79154, 35.666038 ], [ 139.791594, 35.666091 ], [ 139.791259, 35.666382 ], [ 139.791353, 35.666399 ], [ 139.791504, 35.666272 ], [ 139.791587, 35.666206 ], [ 139.79168, 35.666248 ], [ 139.791552, 35.666363 ], [ 139.791441, 35.666428 ], [ 139.791482, 35.666454 ], [ 139.79158, 35.666377 ], [ 139.791678, 35.666269 ], [ 139.791739, 35.666334 ], [ 139.79181, 35.66639 ], [ 139.791751, 35.666415 ], [ 139.791645, 35.666505 ], [ 139.79168, 35.666531 ], [ 139.791846, 35.66639 ], [ 139.791974, 35.666488 ], [ 139.791304, 35.667044 ], [ 139.790923, 35.666739 ], [ 139.791089, 35.666589 ], [ 139.79112, 35.666611 ], [ 139.791225, 35.666524 ], [ 139.791162, 35.666467 ], [ 139.790797, 35.666765 ], [ 139.790723, 35.666715 ], [ 139.789456, 35.667772 ], [ 139.789077, 35.667488 ], [ 139.789106, 35.667316 ], [ 139.789106, 35.667184 ], [ 139.789069, 35.667089 ], [ 139.78896, 35.666948 ], [ 139.788914, 35.666972 ], [ 139.788863, 35.667476 ], [ 139.790589, 35.668799 ], [ 139.791123, 35.669207 ], [ 139.791141, 35.66922 ], [ 139.791268, 35.66931 ], [ 139.791349, 35.669379 ], [ 139.791611, 35.669576 ], [ 139.791777, 35.669699 ], [ 139.79186, 35.669761 ], [ 139.791941, 35.66982 ], [ 139.7923, 35.669699 ], [ 139.792612, 35.669594 ], [ 139.793062, 35.669446 ], [ 139.793111, 35.66942 ], [ 139.793712, 35.669101 ], [ 139.794008, 35.668939 ], [ 139.794422, 35.668713 ], [ 139.795228, 35.66829 ], [ 139.795435, 35.66818 ], [ 139.795906, 35.667932 ], [ 139.796618, 35.667556 ] ] ] } },
{ "type": "Feature", "properties": { "key": "江東区|越中島3丁目", "ward": "江東区", "town": "越中島３丁目" }, "geometry": { "type": "Polygon", "coordinates": [ [ [ 139.799608, 35.66322 ], [ 139.799591, 35.663231 ], [ 139.798782, 35.662701 ], [ 139.798717, 35.662662 ], [ 139.798713, 35.662659 ], [ 139.798664, 35.662622 ], [ 139.798507, 35.662505 ], [ 139.797439, 35.661779 ], [ 139.796991, 35.661489 ], [ 139.796864, 35.661503 ], [ 139.796653, 35.661682 ], [ 139.796273, 35.662013 ], [ 139.795928, 35.662308 ], [ 139.795993, 35.66237 ], [ 139.795861, 35.662465 ], [ 139.79578, 35.662511 ], [ 139.79502, 35.663152 ], [ 139.794479, 35.663601 ], [ 139.794423, 35.663557 ], [ 139.794319, 35.663651 ], [ 139.794346, 35.663673 ], [ 139.794412, 35.663706 ], [ 139.795318, 35.664424 ], [ 139.796128, 35.665065 ], [ 139.796139, 35.665074 ], [ 139.795468, 35.665633 ], [ 139.794871, 35.666131 ], [ 139.79557, 35.666686 ], [ 139.796428, 35.667367 ], [ 139.796531, 35.667448 ], [ 139.796817, 35.667299 ], [ 139.797051, 35.667165 ], [ 139.797621, 35.666848 ], [ 139.797926, 35.666669 ], [ 139.798242, 35.666497 ], [ 139.798672, 35.666259 ], [ 139.798837, 35.666173 ], [ 139.799027, 35.666064 ], [ 139.799549, 35.665776 ], [ 139.799655, 35.665719 ], [ 139.799712, 35.665688 ], [ 139.799764, 35.665654 ], [ 139.799904, 35.665577 ], [ 139.800209, 35.665409 ], [ 139.800216, 35.665406 ], [ 139.800523, 35.665237 ], [ 139.800658, 35.665164 ], [ 139.800867, 35.665051 ], [ 139.801302, 35.664809 ], [ 139.801626, 35.664633 ], [ 139.801458, 35.664566 ], [ 139.801021, 35.66425 ], [ 139.801079, 35.664196 ], [ 139.80086, 35.664057 ], [ 139.8002, 35.66361 ], [ 139.799608, 35.66322 ] ] ] } },
{ "type": "Feature", "properties": { "key": "江東区|塩浜1丁目", "ward": "江東区", "town": "塩浜１丁目" }, "geometry": { "type": "Polygon", "coordinates": [ [ [ 139.802391, 35.664372 ], [ 139.802535, 35.664386 ], [ 139.802548, 35.664298 ], [ 139.802562, 35.664207 ], [ 139.802393, 35.664187 ], [ 139.802497, 35.663824 ], [ 139.802796, 35.661856 ], [ 139.802939, 35.661874 ], [ 139.802959, 35.661779 ], [ 139.802977, 35.66168 ], [ 139.802812, 35.661662 ], [ 139.802832, 35.661521 ], [ 139.802991, 35.660381 ], [ 139.803149, 35.660436 ], [ 139.803162, 35.660373 ], [ 139.803003, 35.660323 ], [ 139.803024, 35.660142 ], [ 139.802565, 35.659835 ], [ 139.802231, 35.659605 ], [ 139.801915, 35.659376 ], [ 139.801638, 35.659186 ], [ 139.80158, 35.659145 ], [ 139.801756, 35.658978 ], [ 139.801718, 35.658953 ], [ 139.801668, 35.658919 ], [ 139.801656, 35.658911 ], [ 139.801604, 35.658876 ], [ 139.801589, 35.658866 ], [ 139.801402, 35.659056 ], [ 139.800201, 35.658266 ], [ 139.80007, 35.658389 ], [ 139.799943, 35.658318 ], [ 139.799534, 35.658748 ], [ 139.799619, 35.65881 ], [ 139.799469, 35.658961 ], [ 139.799393, 35.659038 ], [ 139.799307, 35.659124 ], [ 139.799217, 35.659215 ], [ 139.799118, 35.659315 ], [ 139.799027, 35.659407 ], [ 139.798931, 35.659503 ], [ 139.798837, 35.659598 ], [ 139.79874, 35.659696 ], [ 139.797187, 35.661265 ], [ 139.798165, 35.661926 ], [ 139.798815, 35.66236 ], [ 139.798878, 35.662411 ], [ 139.798754, 35.662548 ], [ 139.798664, 35.662622 ], [ 139.798713, 35.662659 ], [ 139.798717, 35.662662 ], [ 139.798782, 35.662701 ], [ 139.798998, 35.662473 ], [ 139.799284, 35.662658 ], [ 139.799629, 35.662891 ], [ 139.800592, 35.66353 ], [ 139.800951, 35.66377 ], [ 139.801251, 35.663969 ], [ 139.802063, 35.664507 ], [ 139.802184, 35.664591 ], [ 139.80235, 35.664482 ], [ 139.802387, 35.664458 ], [ 139.802391, 35.664372 ] ] ] } },
{ "type": "Feature", "properties": { "key": "江東区|塩浜2丁目", "ward": "江東区", "town": "塩浜２丁目" }, "geometry": { "type": "Polygon", "coordinates": [ [ [ 139.82023, 35.664926 ], [ 139.820247, 35.664331 ], [ 139.820234, 35.664022 ], [ 139.820228, 35.66388 ], [ 139.820238, 35.663343 ], [ 139.82025, 35.662899 ], [ 139.82026, 35.662291 ], [ 139.820223, 35.662164 ], [ 139.820123, 35.662066 ], [ 139.819959, 35.662007 ], [ 139.819337, 35.661938 ], [ 139.817017, 35.661709 ], [ 139.815662, 35.661571 ], [ 139.814527, 35.661464 ], [ 139.813524, 35.661362 ], [ 139.812671, 35.661277 ], [ 139.812244, 35.661234 ], [ 139.811418, 35.661147 ], [ 139.811407, 35.661164 ], [ 139.811137, 35.661142 ], [ 139.81106, 35.661119 ], [ 139.810278, 35.661044 ], [ 139.810007, 35.661047 ], [ 139.809736, 35.66103 ], [ 139.809384, 35.660987 ], [ 139.809152, 35.66093 ], [ 139.80913, 35.66084 ], [ 139.809098, 35.660797 ], [ 139.809077, 35.660769 ], [ 139.807148, 35.660578 ], [ 139.807271, 35.660323 ], [ 139.807122, 35.660308 ], [ 139.807058, 35.660302 ], [ 139.807005, 35.660296 ], [ 139.806903, 35.660286 ], [ 139.806803, 35.660276 ], [ 139.806704, 35.660534 ], [ 139.805343, 35.660402 ], [ 139.803863, 35.660265 ], [ 139.803901, 35.659988 ], [ 139.803829, 35.659981 ], [ 139.803765, 35.659974 ], [ 139.803731, 35.660225 ], [ 139.803413, 35.660202 ], [ 139.803335, 35.660249 ], [ 139.803314, 35.66042 ], [ 139.803162, 35.660373 ], [ 139.803149, 35.660436 ], [ 139.803305, 35.66049 ], [ 139.803121, 35.661696 ], [ 139.802977, 35.66168 ], [ 139.802959, 35.661779 ], [ 139.802939, 35.661874 ], [ 139.803091, 35.661893 ], [ 139.802738, 35.664228 ], [ 139.802562, 35.664207 ], [ 139.802548, 35.664298 ], [ 139.802535, 35.664386 ], [ 139.802728, 35.664404 ], [ 139.802717, 35.66463 ], [ 139.802796, 35.664665 ], [ 139.802757, 35.664858 ], [ 139.802965, 35.664856 ], [ 139.802998, 35.664684 ], [ 139.803758, 35.664664 ], [ 139.805011, 35.664641 ], [ 139.805002, 35.664839 ], [ 139.805206, 35.664837 ], [ 139.805481, 35.664834 ], [ 139.805489, 35.664645 ], [ 139.808364, 35.66458 ], [ 139.808687, 35.664584 ], [ 139.80895, 35.664609 ], [ 139.809555, 35.664674 ], [ 139.810201, 35.664737 ], [ 139.810717, 35.664791 ], [ 139.81128, 35.664844 ], [ 139.811901, 35.664901 ], [ 139.812597, 35.664975 ], [ 139.813523, 35.665061 ], [ 139.813911, 35.6651 ], [ 139.813938, 35.665108 ], [ 139.813946, 35.665103 ], [ 139.814452, 35.66515 ], [ 139.815319, 35.665203 ], [ 139.815684, 35.665227 ], [ 139.815775, 35.665233 ], [ 139.816004, 35.66525 ], [ 139.816236, 35.665266 ], [ 139.816359, 35.665274 ], [ 139.816694, 35.665297 ], [ 139.817779, 35.665371 ], [ 139.817998, 35.665386 ], [ 139.819384, 35.66548 ], [ 139.819964, 35.665521 ], [ 139.820215, 35.665357 ], [ 139.82023, 35.664926 ] ] ] } },
{ "type": "Feature", "properties": { "key": "江東区|枝川1丁目", "ward": "江東区", "town": "枝川１丁目" }, "geometry": { "type": "Polygon", "coordinates": [ [ [ 139.803301, 35.659337 ], [ 139.803432, 35.65943 ], [ 139.803546, 35.65932 ], [ 139.805315, 35.657563 ], [ 139.807091, 35.655785 ], [ 139.807149, 35.655736 ], [ 139.807199, 35.655686 ], [ 139.807247, 35.655638 ], [ 139.807291, 35.655595 ], [ 139.807341, 35.655543 ], [ 139.807387, 35.655496 ], [ 139.807432, 35.655452 ], [ 139.804772, 35.653687 ], [ 139.804729, 35.653731 ], [ 139.804681, 35.653775 ], [ 139.804635, 35.653821 ], [ 139.804591, 35.653865 ], [ 139.804562, 35.653893 ], [ 139.804419, 35.654034 ], [ 139.803795, 35.654646 ], [ 139.803601, 35.654844 ], [ 139.803471, 35.654976 ], [ 139.802869, 35.655591 ], [ 139.802789, 35.655673 ], [ 139.802574, 35.655888 ], [ 139.802124, 35.656338 ], [ 139.801062, 35.6574 ], [ 139.800961, 35.6575 ], [ 139.800957, 35.657504 ], [ 139.80055, 35.657913 ], [ 139.800587, 35.657959 ], [ 139.801742, 35.658727 ], [ 139.801604, 35.658876 ], [ 139.801656, 35.658911 ], [ 139.801668, 35.658919 ], [ 139.801718, 35.658953 ], [ 139.801857, 35.658803 ], [ 139.80298, 35.65955 ], [ 139.803076, 35.65957 ], [ 139.803301, 35.659337 ] ] ] } },
{ "type": "Feature", "properties": { "key": "江東区|枝川2丁目", "ward": "江東区", "town": "枝川２丁目" }, "geometry": { "type": "Polygon", "coordinates": [ [ [ 139.807432, 35.655452 ], [ 139.807387, 35.655496 ], [ 139.807341, 35.655543 ], [ 139.807291, 35.655595 ], [ 139.807247, 35.655638 ], [ 139.807199, 35.655686 ], [ 139.807149, 35.655736 ], [ 139.807091, 35.655785 ], [ 139.805315, 35.657563 ], [ 139.803546, 35.65932 ], [ 139.803432, 35.65943 ], [ 139.803576, 35.659532 ], [ 139.80356, 35.659556 ], [ 139.803651, 35.65972 ], [ 139.803877, 35.659736 ], [ 139.804302, 35.659765 ], [ 139.804358, 35.6598 ], [ 139.804469, 35.659811 ], [ 139.804998, 35.659864 ], [ 139.805483, 35.659913 ], [ 139.805953, 35.65996 ], [ 139.806442, 35.660009 ], [ 139.806852, 35.66005 ], [ 139.806994, 35.660065 ], [ 139.806903, 35.660286 ], [ 139.807005, 35.660296 ], [ 139.80711, 35.660069 ], [ 139.807443, 35.659652 ], [ 139.807494, 35.659588 ], [ 139.807847, 35.659231 ], [ 139.80839, 35.658684 ], [ 139.808396, 35.658679 ], [ 139.808725, 35.658358 ], [ 139.809043, 35.658039 ], [ 139.809605, 35.657487 ], [ 139.809966, 35.657133 ], [ 139.809903, 35.657092 ], [ 139.809843, 35.657052 ], [ 139.809781, 35.657011 ], [ 139.807432, 35.655452 ] ] ] } },
{ "type": "Feature", "properties": { "key": "江東区|枝川3丁目", "ward": "江東区", "town": "枝川３丁目" }, "geometry": { "type": "Polygon", "coordinates": [ [ [ 139.813967, 35.659783 ], [ 139.813872, 35.659726 ], [ 139.813524, 35.659495 ], [ 139.813451, 35.659446 ], [ 139.813265, 35.659323 ], [ 139.813112, 35.659221 ], [ 139.812408, 35.658754 ], [ 139.812379, 35.658735 ], [ 139.811927, 35.658435 ], [ 139.811751, 35.658318 ], [ 139.811689, 35.658277 ], [ 139.811575, 35.658202 ], [ 139.809966, 35.657133 ], [ 139.809605, 35.657487 ], [ 139.809043, 35.658039 ], [ 139.808725, 35.658358 ], [ 139.808396, 35.658679 ], [ 139.80839, 35.658684 ], [ 139.807847, 35.659231 ], [ 139.807494, 35.659588 ], [ 139.807443, 35.659652 ], [ 139.80711, 35.660069 ], [ 139.807005, 35.660296 ], [ 139.807058, 35.660302 ], [ 139.807122, 35.660308 ], [ 139.807224, 35.660088 ], [ 139.81015, 35.660382 ], [ 139.811118, 35.660479 ], [ 139.811111, 35.660534 ], [ 139.811932, 35.660609 ], [ 139.81194, 35.66056 ], [ 139.813256, 35.660687 ], [ 139.813524, 35.660712 ], [ 139.813901, 35.660749 ], [ 139.813967, 35.659783 ] ] ] } },
{ "type": "Feature", "properties": { "key": "江東区|豊洲1丁目", "ward": "江東区", "town": "豊洲１丁目" }, "geometry": { "type": "Polygon", "coordinates": [ [ [ 139.793584, 35.662891 ], [ 139.793641, 35.662846 ], [ 139.793686, 35.66281 ], [ 139.793877, 35.662667 ], [ 139.794006, 35.662569 ], [ 139.794134, 35.662473 ], [ 139.794393, 35.662279 ], [ 139.794502, 35.662197 ], [ 139.794654, 35.662083 ], [ 139.794762, 35.662002 ], [ 139.794813, 35.662018 ], [ 139.794958, 35.661907 ], [ 139.795117, 35.661785 ], [ 139.794142, 35.660939 ], [ 139.79414, 35.660937 ], [ 139.793506, 35.660375 ], [ 139.792075, 35.659103 ], [ 139.79204, 35.65906 ], [ 139.790319, 35.658904 ], [ 139.790283, 35.65908 ], [ 139.790125, 35.660269 ], [ 139.790058, 35.660798 ], [ 139.791356, 35.661686 ], [ 139.792388, 35.662393 ], [ 139.792567, 35.662515 ], [ 139.79279, 35.662665 ], [ 139.792887, 35.662731 ], [ 139.793261, 35.662983 ], [ 139.793376, 35.66306 ], [ 139.793472, 35.662982 ], [ 139.794319, 35.663651 ], [ 139.794423, 35.663557 ], [ 139.793584, 35.662891 ] ] ] } },
{ "type": "Feature", "properties": { "key": "江東区|豊洲2丁目", "ward": "江東区", "town": "豊洲２丁目" }, "geometry": { "type": "Polygon", "coordinates": [ [ [ 139.796524, 35.654579 ], [ 139.796509, 35.654568 ], [ 139.796163, 35.654305 ], [ 139.795967, 35.654155 ], [ 139.795891, 35.654098 ], [ 139.79577, 35.654008 ], [ 139.795445, 35.653766 ], [ 139.795092, 35.653503 ], [ 139.79503, 35.653457 ], [ 139.794966, 35.653409 ], [ 139.794642, 35.653159 ], [ 139.794395, 35.653001 ], [ 139.794277, 35.652939 ], [ 139.793949, 35.652734 ], [ 139.7934, 35.652382 ], [ 139.793052, 35.652169 ], [ 139.792756, 35.652441 ], [ 139.792596, 35.65232 ], [ 139.792047, 35.651998 ], [ 139.791421, 35.651609 ], [ 139.791107, 35.651912 ], [ 139.791085, 35.651934 ], [ 139.792046, 35.652584 ], [ 139.792545, 35.652917 ], [ 139.791449, 35.653977 ], [ 139.791093, 35.654316 ], [ 139.790926, 35.654475 ], [ 139.790908, 35.654612 ], [ 139.790952, 35.654643 ], [ 139.791081, 35.654729 ], [ 139.791095, 35.654714 ], [ 139.791152, 35.654747 ], [ 139.79098, 35.654959 ], [ 139.790934, 35.654936 ], [ 139.790956, 35.654905 ], [ 139.790903, 35.65488 ], [ 139.790855, 35.654947 ], [ 139.790838, 35.655125 ], [ 139.790952, 35.655202 ], [ 139.790796, 35.655423 ], [ 139.790787, 35.655508 ], [ 139.790853, 35.655552 ], [ 139.79077, 35.655663 ], [ 139.790728, 35.655946 ], [ 139.790695, 35.656178 ], [ 139.790362, 35.658425 ], [ 139.790411, 35.658431 ], [ 139.790401, 35.658441 ], [ 139.790319, 35.658904 ], [ 139.79204, 35.65906 ], [ 139.792371, 35.658731 ], [ 139.792919, 35.658187 ], [ 139.795126, 35.655998 ], [ 139.795282, 35.655835 ], [ 139.79546, 35.65564 ], [ 139.796524, 35.654579 ] ] ] } },
{ "type": "Feature", "properties": { "key": "江東区|豊洲3丁目", "ward": "江東区", "town": "豊洲３丁目" }, "geometry": { "type": "Polygon", "coordinates": [ [ [ 139.796524, 35.654579 ], [ 139.79546, 35.65564 ], [ 139.795282, 35.655835 ], [ 139.795126, 35.655998 ], [ 139.792919, 35.658187 ], [ 139.792371, 35.658731 ], [ 139.79204, 35.65906 ], [ 139.792075, 35.659103 ], [ 139.793506, 35.660375 ], [ 139.79414, 35.660937 ], [ 139.794142, 35.660939 ], [ 139.795117, 35.661785 ], [ 139.795231, 35.661698 ], [ 139.795285, 35.661679 ], [ 139.79527, 35.661637 ], [ 139.795666, 35.661346 ], [ 139.796063, 35.661062 ], [ 139.796435, 35.660788 ], [ 139.796539, 35.660711 ], [ 139.797119, 35.660138 ], [ 139.79884, 35.658423 ], [ 139.799468, 35.657792 ], [ 139.800238, 35.657032 ], [ 139.799317, 35.656426 ], [ 139.799287, 35.656397 ], [ 139.799058, 35.656247 ], [ 139.798599, 35.655945 ], [ 139.798245, 35.655724 ], [ 139.798166, 35.655675 ], [ 139.797866, 35.655468 ], [ 139.797555, 35.655253 ], [ 139.797373, 35.655135 ], [ 139.797068, 35.654938 ], [ 139.796524, 35.654579 ] ] ] } },
{ "type": "Feature", "properties": { "key": "江東区|豊洲4丁目", "ward": "江東区", "town": "豊洲４丁目" }, "geometry": { "type": "Polygon", "coordinates": [ [ [ 139.801862, 35.655376 ], [ 139.801891, 35.655394 ], [ 139.801937, 35.655347 ], [ 139.802351, 35.654926 ], [ 139.802439, 35.654981 ], [ 139.802801, 35.654618 ], [ 139.802705, 35.654552 ], [ 139.802884, 35.654366 ], [ 139.803066, 35.654186 ], [ 139.803257, 35.653996 ], [ 139.803741, 35.653514 ], [ 139.804042, 35.653217 ], [ 139.803444, 35.652819 ], [ 139.803131, 35.6526 ], [ 139.80321, 35.652518 ], [ 139.803059, 35.652415 ], [ 139.802961, 35.652504 ], [ 139.802423, 35.652142 ], [ 139.800432, 35.650807 ], [ 139.800337, 35.650744 ], [ 139.799404, 35.651681 ], [ 139.798887, 35.6522 ], [ 139.798203, 35.652887 ], [ 139.797463, 35.653624 ], [ 139.797193, 35.653891 ], [ 139.797003, 35.654079 ], [ 139.796509, 35.654568 ], [ 139.796524, 35.654579 ], [ 139.797068, 35.654938 ], [ 139.797373, 35.655135 ], [ 139.797555, 35.655253 ], [ 139.797866, 35.655468 ], [ 139.798166, 35.655675 ], [ 139.798245, 35.655724 ], [ 139.798599, 35.655945 ], [ 139.799058, 35.656247 ], [ 139.799287, 35.656397 ], [ 139.799317, 35.656426 ], [ 139.800238, 35.657032 ], [ 139.800957, 35.657504 ], [ 139.800961, 35.6575 ], [ 139.801062, 35.6574 ], [ 139.800359, 35.656891 ], [ 139.800369, 35.656881 ], [ 139.800628, 35.65662 ], [ 139.800871, 35.656375 ], [ 139.801029, 35.656216 ], [ 139.801173, 35.656071 ], [ 139.80133, 35.655913 ], [ 139.801484, 35.655758 ], [ 139.801658, 35.655583 ], [ 139.801862, 35.655376 ] ] ] } },
{ "type": "Feature", "properties": { "key": "江東区|豊洲5丁目", "ward": "江東区", "town": "豊洲５丁目" }, "geometry": { "type": "Polygon", "coordinates": [ [ [ 139.800337, 35.650744 ], [ 139.80033, 35.650739 ], [ 139.800209, 35.650658 ], [ 139.799951, 35.650484 ], [ 139.799973, 35.650461 ], [ 139.799194, 35.649943 ], [ 139.799169, 35.649969 ], [ 139.799116, 35.649934 ], [ 139.798883, 35.649782 ], [ 139.798649, 35.649629 ], [ 139.798586, 35.649588 ], [ 139.798495, 35.649529 ], [ 139.798415, 35.649476 ], [ 139.798353, 35.649436 ], [ 139.798231, 35.649356 ], [ 139.798301, 35.64929 ], [ 139.798311, 35.649217 ], [ 139.79818, 35.649129 ], [ 139.798107, 35.6491 ], [ 139.79812, 35.649074 ], [ 139.798044, 35.649026 ], [ 139.797923, 35.649035 ], [ 139.797893, 35.649019 ], [ 139.797848, 35.649067 ], [ 139.797767, 35.64903 ], [ 139.797705, 35.649059 ], [ 139.796732, 35.648424 ], [ 139.795448, 35.64967 ], [ 139.795517, 35.649722 ], [ 139.793998, 35.651209 ], [ 139.792982, 35.649922 ], [ 139.792293, 35.650602 ], [ 139.793455, 35.651745 ], [ 139.793043, 35.652162 ], [ 139.793052, 35.652169 ], [ 139.7934, 35.652382 ], [ 139.793949, 35.652734 ], [ 139.794277, 35.652939 ], [ 139.794395, 35.653001 ], [ 139.794642, 35.653159 ], [ 139.794966, 35.653409 ], [ 139.79503, 35.653457 ], [ 139.795092, 35.653503 ], [ 139.795445, 35.653766 ], [ 139.79577, 35.654008 ], [ 139.795891, 35.654098 ], [ 139.795967, 35.654155 ], [ 139.796163, 35.654305 ], [ 139.796509, 35.654568 ], [ 139.797003, 35.654079 ], [ 139.797193, 35.653891 ], [ 139.797463, 35.653624 ], [ 139.798203, 35.652887 ], [ 139.798887, 35.6522 ], [ 139.799404, 35.651681 ], [ 139.800337, 35.650744 ] ] ] } },
{ "type": "Feature", "properties": { "key": "江東区|豊洲6丁目", "ward": "江東区", "town": "豊洲６丁目" }, "geometry": { "type": "Polygon", "coordinates": [ [ [ 139.792293, 35.650602 ], [ 139.792982, 35.649922 ], [ 139.793451, 35.649458 ], [ 139.79361, 35.649302 ], [ 139.793765, 35.649149 ], [ 139.793928, 35.648988 ], [ 139.79422, 35.6487 ], [ 139.794396, 35.648526 ], [ 139.79466, 35.648265 ], [ 139.794634, 35.648204 ], [ 139.794485, 35.647859 ], [ 139.794473, 35.647831 ], [ 139.794263, 35.647347 ], [ 139.793119, 35.64674 ], [ 139.792896, 35.646622 ], [ 139.791062, 35.645649 ], [ 139.786299, 35.643122 ], [ 139.779958, 35.639757 ], [ 139.779046, 35.63968 ], [ 139.778037, 35.640668 ], [ 139.776526, 35.642146 ], [ 139.782812, 35.646416 ], [ 139.782639, 35.646654 ], [ 139.783046, 35.646929 ], [ 139.787289, 35.649786 ], [ 139.790029, 35.651632 ], [ 139.790267, 35.651357 ], [ 139.791107, 35.651912 ], [ 139.791421, 35.651609 ], [ 139.792047, 35.651998 ], [ 139.792596, 35.65232 ], [ 139.792756, 35.652441 ], [ 139.793052, 35.652169 ], [ 139.793043, 35.652162 ], [ 139.793455, 35.651745 ], [ 139.792293, 35.650602 ] ] ] } },
{ "type": "Feature", "properties": { "key": "江東区|東雲1丁目", "ward": "江東区", "town": "東雲１丁目" }, "geometry": { "type": "Polygon", "coordinates": [ [ [ 139.805087, 35.650282 ], [ 139.806264, 35.650326 ], [ 139.806279, 35.650166 ], [ 139.806306, 35.649977 ], [ 139.80514, 35.649898 ], [ 139.805227, 35.649219 ], [ 139.805238, 35.64914 ], [ 139.805717, 35.645839 ], [ 139.806326, 35.64591 ], [ 139.806433, 35.64522 ], [ 139.80645, 35.645011 ], [ 139.806119, 35.644981 ], [ 139.806137, 35.644998 ], [ 139.805699, 35.644956 ], [ 139.805488, 35.644936 ], [ 139.805373, 35.644925 ], [ 139.805283, 35.644916 ], [ 139.805045, 35.644893 ], [ 139.804873, 35.644877 ], [ 139.804758, 35.644866 ], [ 139.804683, 35.644858 ], [ 139.804571, 35.644848 ], [ 139.804535, 35.644844 ], [ 139.804525, 35.644843 ], [ 139.804489, 35.64484 ], [ 139.804358, 35.644827 ], [ 139.804333, 35.644825 ], [ 139.804158, 35.644808 ], [ 139.804095, 35.644802 ], [ 139.803963, 35.644789 ], [ 139.803784, 35.644772 ], [ 139.803653, 35.64476 ], [ 139.803574, 35.644753 ], [ 139.803333, 35.644731 ], [ 139.80322, 35.644721 ], [ 139.803166, 35.644716 ], [ 139.803153, 35.644715 ], [ 139.802732, 35.644677 ], [ 139.802357, 35.644643 ], [ 139.802342, 35.644642 ], [ 139.802063, 35.644616 ], [ 139.801839, 35.644598 ], [ 139.801017, 35.644526 ], [ 139.800998, 35.644524 ], [ 139.800901, 35.644515 ], [ 139.800591, 35.644487 ], [ 139.80009, 35.644442 ], [ 139.799622, 35.644403 ], [ 139.799569, 35.644398 ], [ 139.799267, 35.644374 ], [ 139.798637, 35.644324 ], [ 139.79837, 35.644296 ], [ 139.79826, 35.644366 ], [ 139.798201, 35.644403 ], [ 139.797702, 35.643858 ], [ 139.797613, 35.643758 ], [ 139.797563, 35.644118 ], [ 139.797666, 35.644236 ], [ 139.798087, 35.644717 ], [ 139.798048, 35.645011 ], [ 139.798041, 35.645099 ], [ 139.798015, 35.645285 ], [ 139.798003, 35.645388 ], [ 139.797681, 35.647759 ], [ 139.797714, 35.647859 ], [ 139.797829, 35.647933 ], [ 139.798706, 35.64853 ], [ 139.798754, 35.648578 ], [ 139.798816, 35.648618 ], [ 139.798425, 35.64899 ], [ 139.798136, 35.648798 ], [ 139.798043, 35.648887 ], [ 139.798428, 35.64915 ], [ 139.798544, 35.649067 ], [ 139.798514, 35.649046 ], [ 139.798889, 35.64867 ], [ 139.798935, 35.648692 ], [ 139.798976, 35.64866 ], [ 139.800074, 35.649365 ], [ 139.800235, 35.649469 ], [ 139.800409, 35.649581 ], [ 139.800414, 35.649584 ], [ 139.800487, 35.649631 ], [ 139.800681, 35.649758 ], [ 139.800925, 35.649917 ], [ 139.800209, 35.650658 ], [ 139.80033, 35.650739 ], [ 139.800337, 35.650744 ], [ 139.800432, 35.650807 ], [ 139.801101, 35.650074 ], [ 139.801131, 35.650051 ], [ 139.801844, 35.650525 ], [ 139.801818, 35.650549 ], [ 139.801998, 35.650668 ], [ 139.802709, 35.651137 ], [ 139.803562, 35.651699 ], [ 139.804255, 35.652156 ], [ 139.804848, 35.651966 ], [ 139.805087, 35.650282 ] ] ] } },
{ "type": "Feature", "properties": { "key": "江東区|東雲2丁目", "ward": "江東区", "town": "東雲２丁目" }, "geometry": { "type": "Polygon", "coordinates": [ [ [ 139.806147, 35.642623 ], [ 139.806805, 35.642846 ], [ 139.806808, 35.642825 ], [ 139.806878, 35.642381 ], [ 139.806945, 35.642034 ], [ 139.806956, 35.641972 ], [ 139.806487, 35.641818 ], [ 139.806281, 35.641762 ], [ 139.806414, 35.640843 ], [ 139.806425, 35.640742 ], [ 139.806436, 35.640652 ], [ 139.80682, 35.638065 ], [ 139.807, 35.636854 ], [ 139.800129, 35.63621 ], [ 139.800096, 35.636479 ], [ 139.799303, 35.636418 ], [ 139.799149, 35.636407 ], [ 139.799019, 35.637345 ], [ 139.798974, 35.637669 ], [ 139.799029, 35.638238 ], [ 139.799389, 35.638575 ], [ 139.799366, 35.638758 ], [ 139.7981, 35.638067 ], [ 139.798027, 35.63867 ], [ 139.797957, 35.639112 ], [ 139.79861, 35.639449 ], [ 139.798482, 35.640384 ], [ 139.79781, 35.640038 ], [ 139.797336, 35.63979 ], [ 139.796547, 35.64092 ], [ 139.796521, 35.640956 ], [ 139.79759, 35.641462 ], [ 139.797549, 35.641728 ], [ 139.797534, 35.641852 ], [ 139.797505, 35.642032 ], [ 139.797482, 35.642189 ], [ 139.797461, 35.642344 ], [ 139.797436, 35.642495 ], [ 139.797422, 35.642577 ], [ 139.797337, 35.643237 ], [ 139.797332, 35.643261 ], [ 139.797305, 35.643415 ], [ 139.797613, 35.643758 ], [ 139.797702, 35.643858 ], [ 139.798201, 35.644403 ], [ 139.79826, 35.644366 ], [ 139.79837, 35.644296 ], [ 139.798637, 35.644324 ], [ 139.799267, 35.644374 ], [ 139.799569, 35.644398 ], [ 139.799622, 35.644403 ], [ 139.80009, 35.644442 ], [ 139.800591, 35.644487 ], [ 139.800901, 35.644515 ], [ 139.800998, 35.644524 ], [ 139.801017, 35.644526 ], [ 139.801839, 35.644598 ], [ 139.802063, 35.644616 ], [ 139.802342, 35.644642 ], [ 139.802357, 35.644643 ], [ 139.802732, 35.644677 ], [ 139.803153, 35.644715 ], [ 139.803166, 35.644716 ], [ 139.80322, 35.644721 ], [ 139.803333, 35.644731 ], [ 139.803574, 35.644753 ], [ 139.803653, 35.64476 ], [ 139.803784, 35.644772 ], [ 139.803963, 35.644789 ], [ 139.804095, 35.644802 ], [ 139.804158, 35.644808 ], [ 139.804333, 35.644825 ], [ 139.804358, 35.644827 ], [ 139.804489, 35.64484 ], [ 139.804525, 35.644843 ], [ 139.804535, 35.644844 ], [ 139.804571, 35.644848 ], [ 139.804683, 35.644858 ], [ 139.804758, 35.644866 ], [ 139.804873, 35.644877 ], [ 139.805045, 35.644893 ], [ 139.805283, 35.644916 ], [ 139.805373, 35.644925 ], [ 139.805488, 35.644936 ], [ 139.805699, 35.644956 ], [ 139.806137, 35.644998 ], [ 139.806119, 35.644981 ], [ 139.805843, 35.644713 ], [ 139.806147, 35.642623 ] ] ] } },
{ "type": "Feature", "properties": { "key": "江東区|有明1丁目", "ward": "江東区", "town": "有明１丁目" }, "geometry": { "type": "Polygon", "coordinates": [ [ [ 139.795954, 35.643356 ], [ 139.797666, 35.644236 ], [ 139.797563, 35.644118 ], [ 139.797613, 35.643758 ], [ 139.797305, 35.643415 ], [ 139.797332, 35.643261 ], [ 139.796045, 35.641798 ], [ 139.795972, 35.641716 ], [ 139.795742, 35.641454 ], [ 139.795016, 35.640648 ], [ 139.794934, 35.640556 ], [ 139.794889, 35.64052 ], [ 139.792438, 35.639179 ], [ 139.792204, 35.639051 ], [ 139.791943, 35.638911 ], [ 139.791781, 35.638824 ], [ 139.791599, 35.638726 ], [ 139.791395, 35.638616 ], [ 139.791159, 35.638489 ], [ 139.790889, 35.638344 ], [ 139.790449, 35.638108 ], [ 139.788373, 35.636992 ], [ 139.785434, 35.635386 ], [ 139.784618, 35.634943 ], [ 139.784311, 35.634778 ], [ 139.783162, 35.634158 ], [ 139.783227, 35.634068 ], [ 139.782447, 35.63364 ], [ 139.781891, 35.633335 ], [ 139.781644, 35.63364 ], [ 139.780464, 35.635093 ], [ 139.779262, 35.636552 ], [ 139.778734, 35.637212 ], [ 139.778686, 35.63728 ], [ 139.778696, 35.637399 ], [ 139.779296, 35.637727 ], [ 139.779982, 35.638085 ], [ 139.781305, 35.638814 ], [ 139.782034, 35.638526 ], [ 139.782709, 35.637637 ], [ 139.783655, 35.638188 ], [ 139.783771, 35.639088 ], [ 139.787809, 35.641295 ], [ 139.789097, 35.642 ], [ 139.792534, 35.643837 ], [ 139.794644, 35.644964 ], [ 139.795954, 35.643356 ] ] ] } },
{ "type": "Feature", "properties": { "key": "江東区|有明2丁目", "ward": "江東区", "town": "有明２丁目" }, "geometry": { "type": "Polygon", "coordinates": [ [ [ 139.797336, 35.63979 ], [ 139.79781, 35.640038 ], [ 139.798482, 35.640384 ], [ 139.79861, 35.639449 ], [ 139.797957, 35.639112 ], [ 139.796733, 35.638486 ], [ 139.792139, 35.635972 ], [ 139.789964, 35.634788 ], [ 139.789704, 35.634643 ], [ 139.786072, 35.632635 ], [ 139.784948, 35.632064 ], [ 139.783515, 35.631337 ], [ 139.783471, 35.631392 ], [ 139.782804, 35.632213 ], [ 139.781891, 35.633335 ], [ 139.782447, 35.63364 ], [ 139.783227, 35.634068 ], [ 139.783162, 35.634158 ], [ 139.784311, 35.634778 ], [ 139.784618, 35.634943 ], [ 139.785434, 35.635386 ], [ 139.788373, 35.636992 ], [ 139.790449, 35.638108 ], [ 139.790889, 35.638344 ], [ 139.791159, 35.638489 ], [ 139.791395, 35.638616 ], [ 139.791599, 35.638726 ], [ 139.791781, 35.638824 ], [ 139.791943, 35.638911 ], [ 139.792204, 35.639051 ], [ 139.792438, 35.639179 ], [ 139.794889, 35.64052 ], [ 139.794934, 35.640556 ], [ 139.795016, 35.640648 ], [ 139.795742, 35.641454 ], [ 139.795972, 35.641716 ], [ 139.796045, 35.641798 ], [ 139.797332, 35.643261 ], [ 139.797337, 35.643237 ], [ 139.797422, 35.642577 ], [ 139.797436, 35.642495 ], [ 139.797461, 35.642344 ], [ 139.797482, 35.642189 ], [ 139.797505, 35.642032 ], [ 139.797534, 35.641852 ], [ 139.797549, 35.641728 ], [ 139.79759, 35.641462 ], [ 139.796521, 35.640956 ], [ 139.796547, 35.64092 ], [ 139.797336, 35.63979 ] ] ] } },
{ "type": "Feature", "properties": { "key": "江東区|有明3丁目", "ward": "江東区", "town": "有明３丁目" }, "geometry": { "type": "Polygon", "coordinates": [ [ [ 139.7981, 35.638067 ], [ 139.799366, 35.638758 ], [ 139.799389, 35.638575 ], [ 139.799029, 35.638238 ], [ 139.798974, 35.637669 ], [ 139.799019, 35.637345 ], [ 139.799149, 35.636407 ], [ 139.799303, 35.636418 ], [ 139.800096, 35.636479 ], [ 139.800129, 35.63621 ], [ 139.800153, 35.632129 ], [ 139.800158, 35.631239 ], [ 139.800161, 35.630866 ], [ 139.801417, 35.627664 ], [ 139.801434, 35.62762 ], [ 139.801963, 35.626271 ], [ 139.79851, 35.621632 ], [ 139.796119, 35.624602 ], [ 139.795375, 35.625526 ], [ 139.792501, 35.629093 ], [ 139.791905, 35.629843 ], [ 139.790751, 35.629191 ], [ 139.78882, 35.628167 ], [ 139.788527, 35.628012 ], [ 139.78714, 35.627276 ], [ 139.787027, 35.627405 ], [ 139.786741, 35.627708 ], [ 139.784916, 35.629642 ], [ 139.784884, 35.629676 ], [ 139.784737, 35.629852 ], [ 139.782506, 35.62864 ], [ 139.782032, 35.629217 ], [ 139.784283, 35.630388 ], [ 139.783813, 35.630961 ], [ 139.783515, 35.631337 ], [ 139.784948, 35.632064 ], [ 139.786072, 35.632635 ], [ 139.789704, 35.634643 ], [ 139.789964, 35.634788 ], [ 139.792139, 35.635972 ], [ 139.796733, 35.638486 ], [ 139.797957, 35.639112 ], [ 139.798027, 35.63867 ], [ 139.7981, 35.638067 ] ] ] } },
{ "type": "Feature", "properties": { "key": "江東区|有明4丁目", "ward": "江東区", "town": "有明４丁目" }, "geometry": { "type": "Polygon", "coordinates": [ [ [ 139.78918, 35.627237 ], [ 139.789652, 35.627491 ], [ 139.795108, 35.620623 ], [ 139.796323, 35.619093 ], [ 139.796119, 35.618861 ], [ 139.797535, 35.61768 ], [ 139.797325, 35.61723 ], [ 139.796841, 35.617401 ], [ 139.79587, 35.615622 ], [ 139.795562, 35.615754 ], [ 139.794267, 35.61368 ], [ 139.794048, 35.613953 ], [ 139.79403, 35.613975 ], [ 139.793902, 35.614134 ], [ 139.785095, 35.625079 ], [ 139.786609, 35.625882 ], [ 139.786671, 35.625915 ], [ 139.788849, 35.627071 ], [ 139.788527, 35.628012 ], [ 139.78882, 35.628167 ], [ 139.78918, 35.627237 ] ] ] } },
{ "type": "Feature", "properties": { "key": "江東区|辰巳1丁目", "ward": "江東区", "town": "辰巳１丁目" }, "geometry": { "type": "Polygon", "coordinates": [ [ [ 139.812729, 35.644751 ], [ 139.812714, 35.644746 ], [ 139.812638, 35.644722 ], [ 139.807734, 35.643148 ], [ 139.807722, 35.643358 ], [ 139.808762, 35.643694 ], [ 139.80873, 35.643954 ], [ 139.808651, 35.644505 ], [ 139.808574, 35.644867 ], [ 139.808618, 35.644888 ], [ 139.808614, 35.645011 ], [ 139.808533, 35.645412 ], [ 139.808493, 35.645648 ], [ 139.808232, 35.645617 ], [ 139.808104, 35.64561 ], [ 139.80804, 35.645694 ], [ 139.807873, 35.645682 ], [ 139.807736, 35.645672 ], [ 139.807688, 35.645575 ], [ 139.807405, 35.645549 ], [ 139.807185, 35.645288 ], [ 139.806935, 35.645262 ], [ 139.80684, 35.645284 ], [ 139.80663, 35.645265 ], [ 139.80657, 35.645224 ], [ 139.806433, 35.64522 ], [ 139.806326, 35.64591 ], [ 139.807009, 35.645976 ], [ 139.807321, 35.645767 ], [ 139.807648, 35.645799 ], [ 139.807731, 35.645719 ], [ 139.808044, 35.645751 ], [ 139.808084, 35.645828 ], [ 139.808216, 35.64585 ], [ 139.808212, 35.645874 ], [ 139.8083, 35.645859 ], [ 139.808458, 35.645877 ], [ 139.808297, 35.647101 ], [ 139.806558, 35.648222 ], [ 139.806306, 35.649977 ], [ 139.806279, 35.650166 ], [ 139.806264, 35.650326 ], [ 139.806224, 35.650589 ], [ 139.806174, 35.650912 ], [ 139.806041, 35.651767 ], [ 139.805948, 35.652442 ], [ 139.806141, 35.652559 ], [ 139.806602, 35.652871 ], [ 139.806688, 35.652927 ], [ 139.806886, 35.653055 ], [ 139.807148, 35.653224 ], [ 139.807176, 35.653242 ], [ 139.807855, 35.653308 ], [ 139.808414, 35.653356 ], [ 139.8097, 35.653475 ], [ 139.811087, 35.65359 ], [ 139.811385, 35.653623 ], [ 139.81146, 35.653085 ], [ 139.811498, 35.652825 ], [ 139.811602, 35.652161 ], [ 139.811651, 35.65183 ], [ 139.811766, 35.651058 ], [ 139.811823, 35.65068 ], [ 139.811893, 35.650237 ], [ 139.811936, 35.649944 ], [ 139.811982, 35.649649 ], [ 139.812029, 35.649311 ], [ 139.812089, 35.648912 ], [ 139.81217, 35.648387 ], [ 139.812468, 35.646442 ], [ 139.812477, 35.646383 ], [ 139.812729, 35.644751 ] ] ] } },
{ "type": "Feature", "properties": { "key": "江東区|辰巳2丁目", "ward": "江東区", "town": "辰巳２丁目" }, "geometry": { "type": "Polygon", "coordinates": [ [ [ 139.811701, 35.653639 ], [ 139.811932, 35.653667 ], [ 139.813525, 35.653821 ], [ 139.814272, 35.653894 ], [ 139.814994, 35.653971 ], [ 139.815705, 35.654037 ], [ 139.816677, 35.654126 ], [ 139.816705, 35.653904 ], [ 139.816735, 35.653651 ], [ 139.816744, 35.653601 ], [ 139.81806, 35.653725 ], [ 139.81806, 35.653707 ], [ 139.816748, 35.653578 ], [ 139.816772, 35.653438 ], [ 139.816804, 35.653212 ], [ 139.816823, 35.653085 ], [ 139.816841, 35.652961 ], [ 139.816876, 35.652726 ], [ 139.816906, 35.652509 ], [ 139.818219, 35.652624 ], [ 139.818222, 35.652604 ], [ 139.816909, 35.652486 ], [ 139.817056, 35.651423 ], [ 139.818356, 35.651546 ], [ 139.818356, 35.65153 ], [ 139.81706, 35.651394 ], [ 139.817277, 35.649824 ], [ 139.817541, 35.647986 ], [ 139.820862, 35.648309 ], [ 139.821078, 35.64712 ], [ 139.821229, 35.647147 ], [ 139.821236, 35.647132 ], [ 139.821406, 35.647144 ], [ 139.82142, 35.647072 ], [ 139.821622, 35.647096 ], [ 139.82163, 35.64704 ], [ 139.821638, 35.646966 ], [ 139.82149, 35.646958 ], [ 139.821345, 35.646928 ], [ 139.821659, 35.646695 ], [ 139.821678, 35.646552 ], [ 139.821089, 35.646491 ], [ 139.818294, 35.646204 ], [ 139.817163, 35.646088 ], [ 139.816594, 35.645939 ], [ 139.816537, 35.645924 ], [ 139.81552, 35.645657 ], [ 139.813528, 35.645005 ], [ 139.812715, 35.644739 ], [ 139.812714, 35.644746 ], [ 139.812729, 35.644751 ], [ 139.812477, 35.646383 ], [ 139.812468, 35.646442 ], [ 139.81217, 35.648387 ], [ 139.812089, 35.648912 ], [ 139.812029, 35.649311 ], [ 139.811982, 35.649649 ], [ 139.811936, 35.649944 ], [ 139.811893, 35.650237 ], [ 139.811823, 35.65068 ], [ 139.811766, 35.651058 ], [ 139.811651, 35.65183 ], [ 139.811602, 35.652161 ], [ 139.811498, 35.652825 ], [ 139.81146, 35.653085 ], [ 139.811385, 35.653623 ], [ 139.811324, 35.654054 ], [ 139.811179, 35.65456 ], [ 139.811204, 35.654562 ], [ 139.811529, 35.654593 ], [ 139.811659, 35.653669 ], [ 139.811701, 35.653639 ] ] ] } },
{ "type": "Feature", "properties": { "key": "江東区|辰巳3丁目", "ward": "江東区", "town": "辰巳３丁目" }, "geometry": { "type": "Polygon", "coordinates": [ [ [ 139.821496, 35.643306 ], [ 139.82157, 35.642707 ], [ 139.820116, 35.64119 ], [ 139.818928, 35.641124 ], [ 139.817027, 35.64102 ], [ 139.81697, 35.641015 ], [ 139.813529, 35.640716 ], [ 139.807999, 35.640235 ], [ 139.807909, 35.641058 ], [ 139.807843, 35.641661 ], [ 139.807818, 35.642002 ], [ 139.807807, 35.642152 ], [ 139.806956, 35.641972 ], [ 139.806945, 35.642034 ], [ 139.806878, 35.642381 ], [ 139.806808, 35.642825 ], [ 139.807707, 35.6431 ], [ 139.807734, 35.643148 ], [ 139.812638, 35.644722 ], [ 139.812714, 35.644746 ], [ 139.812715, 35.644739 ], [ 139.813528, 35.645005 ], [ 139.81552, 35.645657 ], [ 139.816537, 35.645924 ], [ 139.816594, 35.645939 ], [ 139.817163, 35.646088 ], [ 139.818294, 35.646204 ], [ 139.821089, 35.646491 ], [ 139.821128, 35.646267 ], [ 139.821199, 35.645696 ], [ 139.821241, 35.645351 ], [ 139.821496, 35.643306 ] ] ] } },
{ "type": "Feature", "properties": { "key": "江東区|潮見1丁目", "ward": "江東区", "town": "潮見１丁目" }, "geometry": { "type": "Polygon", "coordinates": [ [ [ 139.816001, 35.656115 ], [ 139.816021, 35.655973 ], [ 139.81607, 35.655626 ], [ 139.81615, 35.655054 ], [ 139.815465, 35.654993 ], [ 139.815454, 35.655015 ], [ 139.815358, 35.655002 ], [ 139.815215, 35.655076 ], [ 139.815161, 35.655306 ], [ 139.815049, 35.655292 ], [ 139.815053, 35.655252 ], [ 139.814893, 35.655234 ], [ 139.81488, 35.65526 ], [ 139.814682, 35.655234 ], [ 139.814689, 35.655194 ], [ 139.814535, 35.655177 ], [ 139.81453, 35.655199 ], [ 139.814395, 35.655188 ], [ 139.814422, 35.654979 ], [ 139.814293, 35.654858 ], [ 139.813734, 35.654808 ], [ 139.813619, 35.6549 ], [ 139.813588, 35.655127 ], [ 139.813525, 35.65512 ], [ 139.813044, 35.655073 ], [ 139.813083, 35.654844 ], [ 139.812961, 35.654731 ], [ 139.811529, 35.654593 ], [ 139.811204, 35.654562 ], [ 139.811179, 35.65456 ], [ 139.808781, 35.654329 ], [ 139.80792, 35.655184 ], [ 139.81014, 35.656645 ], [ 139.809781, 35.657011 ], [ 139.809843, 35.657052 ], [ 139.809903, 35.657092 ], [ 139.810278, 35.656737 ], [ 139.813524, 35.658874 ], [ 139.813848, 35.659087 ], [ 139.814239, 35.65868 ], [ 139.814449, 35.658487 ], [ 139.814636, 35.6583 ], [ 139.814847, 35.658104 ], [ 139.815038, 35.657914 ], [ 139.815219, 35.657747 ], [ 139.815528, 35.657437 ], [ 139.815892, 35.657096 ], [ 139.815891, 35.657046 ], [ 139.815895, 35.657004 ], [ 139.816001, 35.656115 ] ] ] } },
{ "type": "Feature", "properties": { "key": "江東区|潮見2丁目", "ward": "江東区", "town": "潮見２丁目" }, "geometry": { "type": "Polygon", "coordinates": [ [ [ 139.820288, 35.657521 ], [ 139.821093, 35.657558 ], [ 139.821101, 35.657371 ], [ 139.821109, 35.657183 ], [ 139.820305, 35.657177 ], [ 139.820391, 35.655439 ], [ 139.817397, 35.655167 ], [ 139.81615, 35.655054 ], [ 139.81607, 35.655626 ], [ 139.816021, 35.655973 ], [ 139.816001, 35.656115 ], [ 139.815895, 35.657004 ], [ 139.815891, 35.657046 ], [ 139.815892, 35.657096 ], [ 139.815528, 35.657437 ], [ 139.815219, 35.657747 ], [ 139.815038, 35.657914 ], [ 139.814847, 35.658104 ], [ 139.814636, 35.6583 ], [ 139.814449, 35.658487 ], [ 139.814239, 35.65868 ], [ 139.813848, 35.659087 ], [ 139.816217, 35.660644 ], [ 139.816325, 35.660715 ], [ 139.816357, 35.660737 ], [ 139.816408, 35.66077 ], [ 139.816498, 35.660829 ], [ 139.81673, 35.660982 ], [ 139.817225, 35.661033 ], [ 139.818371, 35.661152 ], [ 139.8201, 35.661332 ], [ 139.820193, 35.659446 ], [ 139.820288, 35.657521 ] ] ] } },
{ "type": "Feature", "properties": { "key": "江東区|青海1丁目", "ward": "江東区", "town": "青海１丁目" }, "geometry": { "type": "Polygon", "coordinates": [ [ [ 139.780706, 35.624025 ], [ 139.780409, 35.624313 ], [ 139.780333, 35.624221 ], [ 139.778385, 35.623182 ], [ 139.775222, 35.621493 ], [ 139.773636, 35.620646 ], [ 139.773435, 35.620538 ], [ 139.772318, 35.621951 ], [ 139.771081, 35.623516 ], [ 139.77114, 35.623559 ], [ 139.77177, 35.624025 ], [ 139.773093, 35.625003 ], [ 139.773655, 35.625388 ], [ 139.774281, 35.625782 ], [ 139.77503, 35.6262 ], [ 139.776245, 35.626852 ], [ 139.776923, 35.627214 ], [ 139.780283, 35.629037 ], [ 139.78142, 35.62965 ], [ 139.781611, 35.629753 ], [ 139.782032, 35.629217 ], [ 139.782506, 35.62864 ], [ 139.782698, 35.628406 ], [ 139.783022, 35.627993 ], [ 139.784179, 35.626521 ], [ 139.784538, 35.626064 ], [ 139.78432, 35.625948 ], [ 139.780706, 35.624025 ] ] ] } },
{ "type": "Feature", "properties": { "key": "江東区|青海2丁目", "ward": "江東区", "town": "青海２丁目" }, "geometry": { "type": "Polygon", "coordinates": [ [ [ 139.777031, 35.613561 ], [ 139.77695, 35.613659 ], [ 139.772948, 35.618561 ], [ 139.774428, 35.619281 ], [ 139.77426, 35.619494 ], [ 139.773601, 35.620328 ], [ 139.773435, 35.620538 ], [ 139.773636, 35.620646 ], [ 139.775222, 35.621493 ], [ 139.778385, 35.623182 ], [ 139.780333, 35.624221 ], [ 139.780409, 35.624313 ], [ 139.780706, 35.624025 ], [ 139.781521, 35.623232 ], [ 139.781302, 35.623108 ], [ 139.780595, 35.622715 ], [ 139.778991, 35.621821 ], [ 139.779156, 35.621509 ], [ 139.779975, 35.619955 ], [ 139.780012, 35.619884 ], [ 139.78005, 35.619833 ], [ 139.780873, 35.6185 ], [ 139.78098, 35.618364 ], [ 139.781574, 35.617609 ], [ 139.782116, 35.616958 ], [ 139.782156, 35.616909 ], [ 139.782476, 35.616518 ], [ 139.77844, 35.614326 ], [ 139.777031, 35.613561 ] ] ] } },
{ "type": "Feature", "properties": { "key": "江東区|青海3丁目", "ward": "江東区", "town": "青海３丁目" }, "geometry": { "type": "Polygon", "coordinates": [ [ [ 139.786856, 35.602246 ], [ 139.785667, 35.603677 ], [ 139.785242, 35.603503 ], [ 139.779177, 35.610931 ], [ 139.779127, 35.610993 ], [ 139.777031, 35.613561 ], [ 139.77844, 35.614326 ], [ 139.782476, 35.616518 ], [ 139.782558, 35.616417 ], [ 139.784602, 35.61392 ], [ 139.788211, 35.60932 ], [ 139.7899, 35.607167 ], [ 139.790081, 35.606938 ], [ 139.789795, 35.606766 ], [ 139.790031, 35.606382 ], [ 139.786856, 35.602246 ] ] ] } },
{ "type": "Feature", "properties": { "key": "江東区|青海4丁目", "ward": "江東区", "town": "青海４丁目" }, "geometry": { "type": "Polygon", "coordinates": [ [ [ 139.790081, 35.606938 ], [ 139.7899, 35.607167 ], [ 139.788211, 35.60932 ], [ 139.784602, 35.61392 ], [ 139.782558, 35.616417 ], [ 139.782476, 35.616518 ], [ 139.782156, 35.616909 ], [ 139.782116, 35.616958 ], [ 139.781574, 35.617609 ], [ 139.78098, 35.618364 ], [ 139.780873, 35.6185 ], [ 139.78005, 35.619833 ], [ 139.780012, 35.619884 ], [ 139.779975, 35.619955 ], [ 139.779156, 35.621509 ], [ 139.778991, 35.621821 ], [ 139.780595, 35.622715 ], [ 139.781302, 35.623108 ], [ 139.79254, 35.609514 ], [ 139.790739, 35.607332 ], [ 139.790081, 35.606938 ] ] ] } },
{ "type": "Feature", "properties": { "key": "江東区|千石1丁目", "ward": "江東区", "town": "千石１丁目" }, "geometry": { "type": "Polygon", "coordinates": [ [ [ 139.8112, 35.679761 ], [ 139.811666, 35.679794 ], [ 139.812463, 35.679836 ], [ 139.812997, 35.679864 ], [ 139.81352, 35.679883 ], [ 139.813659, 35.679888 ], [ 139.813979, 35.679905 ], [ 139.814238, 35.679918 ], [ 139.814258, 35.679788 ], [ 139.814309, 35.679306 ], [ 139.814317, 35.679252 ], [ 139.81434, 35.67905 ], [ 139.814351, 35.678952 ], [ 139.814362, 35.678865 ], [ 139.814388, 35.678637 ], [ 139.814418, 35.67822 ], [ 139.814436, 35.678094 ], [ 139.814451, 35.677998 ], [ 139.814479, 35.67776 ], [ 139.814505, 35.677448 ], [ 139.814604, 35.676527 ], [ 139.814625, 35.676264 ], [ 139.814464, 35.676254 ], [ 139.814016, 35.676236 ], [ 139.813521, 35.676216 ], [ 139.813308, 35.676208 ], [ 139.81257, 35.676178 ], [ 139.812169, 35.676162 ], [ 139.812162, 35.676161 ], [ 139.810844, 35.676103 ], [ 139.810849, 35.67612 ], [ 139.810842, 35.676365 ], [ 139.810838, 35.676392 ], [ 139.810647, 35.677795 ], [ 139.810588, 35.678221 ], [ 139.810588, 35.678226 ], [ 139.810427, 35.679471 ], [ 139.810304, 35.680428 ], [ 139.810574, 35.680441 ], [ 139.811122, 35.680476 ], [ 139.8112, 35.679761 ] ] ] } },
{ "type": "Feature", "properties": { "key": "江東区|千石2丁目", "ward": "江東区", "town": "千石２丁目" }, "geometry": { "type": "Polygon", "coordinates": [ [ [ 139.814652, 35.676262 ], [ 139.814625, 35.676264 ], [ 139.814604, 35.676527 ], [ 139.814505, 35.677448 ], [ 139.814479, 35.67776 ], [ 139.814451, 35.677998 ], [ 139.814436, 35.678094 ], [ 139.814418, 35.67822 ], [ 139.814388, 35.678637 ], [ 139.814362, 35.678865 ], [ 139.814351, 35.678952 ], [ 139.81434, 35.67905 ], [ 139.814317, 35.679252 ], [ 139.814309, 35.679306 ], [ 139.814258, 35.679788 ], [ 139.814238, 35.679918 ], [ 139.814674, 35.679945 ], [ 139.815027, 35.679963 ], [ 139.815437, 35.679981 ], [ 139.815625, 35.679992 ], [ 139.81587, 35.680009 ], [ 139.815977, 35.679976 ], [ 139.816079, 35.679917 ], [ 139.816274, 35.679889 ], [ 139.816676, 35.679846 ], [ 139.817262, 35.679787 ], [ 139.817311, 35.678934 ], [ 139.817321, 35.678746 ], [ 139.817366, 35.677845 ], [ 139.817374, 35.677625 ], [ 139.817376, 35.67757 ], [ 139.817386, 35.677252 ], [ 139.817422, 35.676374 ], [ 139.815921, 35.676308 ], [ 139.815905, 35.676307 ], [ 139.814652, 35.676262 ] ] ] } },
{ "type": "Feature", "properties": { "key": "江東区|千石3丁目", "ward": "江東区", "town": "千石３丁目" }, "geometry": { "type": "Polygon", "coordinates": [ [ [ 139.817422, 35.676374 ], [ 139.817386, 35.677252 ], [ 139.817376, 35.67757 ], [ 139.817374, 35.677625 ], [ 139.817366, 35.677845 ], [ 139.817321, 35.678746 ], [ 139.817311, 35.678934 ], [ 139.817262, 35.679787 ], [ 139.817979, 35.679713 ], [ 139.81872, 35.679634 ], [ 139.819313, 35.679543 ], [ 139.820349, 35.679384 ], [ 139.820307, 35.679105 ], [ 139.820305, 35.679091 ], [ 139.820272, 35.678798 ], [ 139.820231, 35.678434 ], [ 139.82023, 35.678424 ], [ 139.820189, 35.678091 ], [ 139.820091, 35.677372 ], [ 139.820064, 35.677179 ], [ 139.820027, 35.676859 ], [ 139.820054, 35.676489 ], [ 139.819607, 35.676459 ], [ 139.818948, 35.676437 ], [ 139.818875, 35.676434 ], [ 139.818044, 35.6764 ], [ 139.817569, 35.67638 ], [ 139.8175, 35.676377 ], [ 139.817422, 35.676374 ] ] ] } },
{ "type": "Feature", "properties": { "key": "江東区|石島", "ward": "江東区", "town": "石島" }, "geometry": { "type": "Polygon", "coordinates": [ [ [ 139.814238, 35.679918 ], [ 139.813979, 35.679905 ], [ 139.813659, 35.679888 ], [ 139.81352, 35.679883 ], [ 139.812997, 35.679864 ], [ 139.812463, 35.679836 ], [ 139.811666, 35.679794 ], [ 139.8112, 35.679761 ], [ 139.811122, 35.680476 ], [ 139.810574, 35.680441 ], [ 139.810304, 35.680428 ], [ 139.810303, 35.680436 ], [ 139.810176, 35.681506 ], [ 139.810435, 35.68152 ], [ 139.810446, 35.68152 ], [ 139.810979, 35.681541 ], [ 139.810985, 35.681541 ], [ 139.811447, 35.681563 ], [ 139.811445, 35.681577 ], [ 139.811397, 35.682106 ], [ 139.811387, 35.682215 ], [ 139.811797, 35.682234 ], [ 139.811823, 35.682235 ], [ 139.812231, 35.682259 ], [ 139.812233, 35.682262 ], [ 139.812674, 35.682279 ], [ 139.812684, 35.68228 ], [ 139.812967, 35.682298 ], [ 139.81336, 35.682316 ], [ 139.813373, 35.682317 ], [ 139.81352, 35.682326 ], [ 139.813962, 35.682353 ], [ 139.814041, 35.681692 ], [ 139.81416, 35.680628 ], [ 139.814238, 35.679918 ] ] ] } },
{ "type": "Feature", "properties": { "key": "江東区|千田", "ward": "江東区", "town": "千田" }, "geometry": { "type": "Polygon", "coordinates": [ [ [ 139.817262, 35.679787 ], [ 139.816676, 35.679846 ], [ 139.816274, 35.679889 ], [ 139.816079, 35.679917 ], [ 139.815977, 35.679976 ], [ 139.81587, 35.680009 ], [ 139.815625, 35.679992 ], [ 139.815437, 35.679981 ], [ 139.815027, 35.679963 ], [ 139.814674, 35.679945 ], [ 139.814238, 35.679918 ], [ 139.81416, 35.680628 ], [ 139.814041, 35.681692 ], [ 139.813962, 35.682353 ], [ 139.814567, 35.682384 ], [ 139.81458, 35.682384 ], [ 139.814996, 35.682403 ], [ 139.81543, 35.682428 ], [ 139.815437, 35.682428 ], [ 139.816045, 35.682462 ], [ 139.816057, 35.682463 ], [ 139.816424, 35.682481 ], [ 139.816469, 35.682483 ], [ 139.816749, 35.6825 ], [ 139.816766, 35.682501 ], [ 139.817329, 35.682527 ], [ 139.817345, 35.682528 ], [ 139.817317, 35.682186 ], [ 139.817285, 35.6817 ], [ 139.8172, 35.680798 ], [ 139.817202, 35.680774 ], [ 139.817229, 35.680333 ], [ 139.817262, 35.679787 ] ] ] } },
{ "type": "Feature", "properties": { "key": "江東区|海辺", "ward": "江東区", "town": "海辺" }, "geometry": { "type": "Polygon", "coordinates": [ [ [ 139.820693, 35.681508 ], [ 139.820701, 35.681516 ], [ 139.82068, 35.681375 ], [ 139.82067, 35.681325 ], [ 139.820632, 35.68114 ], [ 139.820603, 35.681001 ], [ 139.820566, 35.680822 ], [ 139.820525, 35.680622 ], [ 139.820505, 35.680524 ], [ 139.820458, 35.680296 ], [ 139.820457, 35.680292 ], [ 139.820403, 35.679863 ], [ 139.820381, 35.679692 ], [ 139.82035, 35.679394 ], [ 139.820349, 35.679384 ], [ 139.819313, 35.679543 ], [ 139.81872, 35.679634 ], [ 139.817979, 35.679713 ], [ 139.817262, 35.679787 ], [ 139.817229, 35.680333 ], [ 139.817202, 35.680774 ], [ 139.8172, 35.680798 ], [ 139.817285, 35.6817 ], [ 139.817317, 35.682186 ], [ 139.817345, 35.682528 ], [ 139.81792, 35.682554 ], [ 139.817941, 35.682555 ], [ 139.818434, 35.682585 ], [ 139.818442, 35.682585 ], [ 139.818827, 35.682394 ], [ 139.818846, 35.682385 ], [ 139.81924, 35.682196 ], [ 139.819278, 35.682177 ], [ 139.819787, 35.681935 ], [ 139.81982, 35.681919 ], [ 139.820693, 35.681508 ] ] ] } },
{ "type": "Feature", "properties": { "key": "江東区|扇橋1丁目", "ward": "江東区", "town": "扇橋１丁目" }, "geometry": { "type": "Polygon", "coordinates": [ [ [ 139.810176, 35.681506 ], [ 139.810034, 35.682682 ], [ 139.810033, 35.682692 ], [ 139.809825, 35.684363 ], [ 139.809824, 35.684374 ], [ 139.810107, 35.684391 ], [ 139.810519, 35.684414 ], [ 139.811159, 35.684447 ], [ 139.811242, 35.684452 ], [ 139.812288, 35.684514 ], [ 139.812324, 35.684516 ], [ 139.812497, 35.684525 ], [ 139.812886, 35.684545 ], [ 139.813143, 35.684558 ], [ 139.813519, 35.684582 ], [ 139.81353, 35.684583 ], [ 139.813579, 35.684586 ], [ 139.81372, 35.684595 ], [ 139.813789, 35.68395 ], [ 139.813812, 35.683736 ], [ 139.813854, 35.683379 ], [ 139.813855, 35.683361 ], [ 139.813872, 35.683192 ], [ 139.813888, 35.68302 ], [ 139.813899, 35.682903 ], [ 139.813936, 35.682578 ], [ 139.813962, 35.682353 ], [ 139.81352, 35.682326 ], [ 139.813373, 35.682317 ], [ 139.81336, 35.682316 ], [ 139.812967, 35.682298 ], [ 139.812684, 35.68228 ], [ 139.812674, 35.682279 ], [ 139.812233, 35.682262 ], [ 139.812231, 35.682259 ], [ 139.811823, 35.682235 ], [ 139.811797, 35.682234 ], [ 139.811387, 35.682215 ], [ 139.811397, 35.682106 ], [ 139.811445, 35.681577 ], [ 139.811447, 35.681563 ], [ 139.810985, 35.681541 ], [ 139.810979, 35.681541 ], [ 139.810446, 35.68152 ], [ 139.810435, 35.68152 ], [ 139.810176, 35.681506 ] ] ] } },
{ "type": "Feature", "properties": { "key": "江東区|扇橋2丁目", "ward": "江東区", "town": "扇橋２丁目" }, "geometry": { "type": "Polygon", "coordinates": [ [ [ 139.813962, 35.682353 ], [ 139.813936, 35.682578 ], [ 139.813899, 35.682903 ], [ 139.813888, 35.68302 ], [ 139.813872, 35.683192 ], [ 139.813855, 35.683361 ], [ 139.813854, 35.683379 ], [ 139.813812, 35.683736 ], [ 139.813789, 35.68395 ], [ 139.81372, 35.684595 ], [ 139.814141, 35.684617 ], [ 139.814154, 35.684617 ], [ 139.814525, 35.684636 ], [ 139.814958, 35.684665 ], [ 139.814983, 35.684667 ], [ 139.815525, 35.684688 ], [ 139.816086, 35.684721 ], [ 139.817158, 35.684777 ], [ 139.817198, 35.684258 ], [ 139.817229, 35.683797 ], [ 139.817247, 35.683538 ], [ 139.81729, 35.683096 ], [ 139.817329, 35.682527 ], [ 139.816766, 35.682501 ], [ 139.816749, 35.6825 ], [ 139.816469, 35.682483 ], [ 139.816424, 35.682481 ], [ 139.816057, 35.682463 ], [ 139.816045, 35.682462 ], [ 139.815437, 35.682428 ], [ 139.81543, 35.682428 ], [ 139.814996, 35.682403 ], [ 139.81458, 35.682384 ], [ 139.814567, 35.682384 ], [ 139.813962, 35.682353 ] ] ] } },
{ "type": "Feature", "properties": { "key": "江東区|扇橋3丁目", "ward": "江東区", "town": "扇橋３丁目" }, "geometry": { "type": "Polygon", "coordinates": [ [ [ 139.820827, 35.682251 ], [ 139.820816, 35.682167 ], [ 139.820797, 35.682036 ], [ 139.820804, 35.682018 ], [ 139.820705, 35.681534 ], [ 139.820701, 35.681516 ], [ 139.820693, 35.681508 ], [ 139.81982, 35.681919 ], [ 139.819787, 35.681935 ], [ 139.819278, 35.682177 ], [ 139.81924, 35.682196 ], [ 139.818846, 35.682385 ], [ 139.818827, 35.682394 ], [ 139.818442, 35.682585 ], [ 139.818434, 35.682585 ], [ 139.817941, 35.682555 ], [ 139.81792, 35.682554 ], [ 139.817345, 35.682528 ], [ 139.817329, 35.682527 ], [ 139.81729, 35.683096 ], [ 139.817247, 35.683538 ], [ 139.817229, 35.683797 ], [ 139.817198, 35.684258 ], [ 139.817158, 35.684777 ], [ 139.817732, 35.684808 ], [ 139.818157, 35.684837 ], [ 139.818446, 35.684856 ], [ 139.818797, 35.684874 ], [ 139.819144, 35.684891 ], [ 139.819386, 35.684903 ], [ 139.819533, 35.684912 ], [ 139.82001, 35.684932 ], [ 139.820598, 35.684967 ], [ 139.820647, 35.684407 ], [ 139.820674, 35.683959 ], [ 139.820731, 35.683303 ], [ 139.820733, 35.68328 ], [ 139.820793, 35.682627 ], [ 139.820827, 35.682251 ] ] ] } },
{ "type": "Feature", "properties": { "key": "江東区|猿江1丁目", "ward": "江東区", "town": "猿江１丁目" }, "geometry": { "type": "Polygon", "coordinates": [ [ [ 139.809824, 35.684374 ], [ 139.809646, 35.685942 ], [ 139.809547, 35.686914 ], [ 139.809521, 35.687175 ], [ 139.809934, 35.687191 ], [ 139.810333, 35.687214 ], [ 139.810874, 35.687244 ], [ 139.81089, 35.687245 ], [ 139.811851, 35.687294 ], [ 139.81186, 35.687294 ], [ 139.812757, 35.687352 ], [ 139.81294, 35.687363 ], [ 139.813128, 35.687375 ], [ 139.813202, 35.687379 ], [ 139.813519, 35.687398 ], [ 139.81371, 35.68741 ], [ 139.813734, 35.687084 ], [ 139.813734, 35.687046 ], [ 139.813788, 35.686575 ], [ 139.813761, 35.686076 ], [ 139.813713, 35.68549 ], [ 139.813707, 35.685399 ], [ 139.813695, 35.68522 ], [ 139.813678, 35.685023 ], [ 139.81372, 35.684595 ], [ 139.813579, 35.684586 ], [ 139.81353, 35.684583 ], [ 139.813519, 35.684582 ], [ 139.813143, 35.684558 ], [ 139.812886, 35.684545 ], [ 139.812497, 35.684525 ], [ 139.812324, 35.684516 ], [ 139.812288, 35.684514 ], [ 139.811242, 35.684452 ], [ 139.811159, 35.684447 ], [ 139.810519, 35.684414 ], [ 139.810107, 35.684391 ], [ 139.809824, 35.684374 ] ] ] } },
{ "type": "Feature", "properties": { "key": "江東区|猿江2丁目", "ward": "江東区", "town": "猿江２丁目" }, "geometry": { "type": "Polygon", "coordinates": [ [ [ 139.820474, 35.686437 ], [ 139.820504, 35.686034 ], [ 139.820585, 35.685044 ], [ 139.820591, 35.685045 ], [ 139.820598, 35.684967 ], [ 139.82001, 35.684932 ], [ 139.819533, 35.684912 ], [ 139.819386, 35.684903 ], [ 139.819144, 35.684891 ], [ 139.818797, 35.684874 ], [ 139.818446, 35.684856 ], [ 139.818157, 35.684837 ], [ 139.817732, 35.684808 ], [ 139.817158, 35.684777 ], [ 139.816086, 35.684721 ], [ 139.815525, 35.684688 ], [ 139.814983, 35.684667 ], [ 139.814958, 35.684665 ], [ 139.814525, 35.684636 ], [ 139.814154, 35.684617 ], [ 139.814141, 35.684617 ], [ 139.81372, 35.684595 ], [ 139.813678, 35.685023 ], [ 139.813695, 35.68522 ], [ 139.813707, 35.685399 ], [ 139.813713, 35.68549 ], [ 139.813761, 35.686076 ], [ 139.813788, 35.686575 ], [ 139.813734, 35.687046 ], [ 139.813734, 35.687084 ], [ 139.81371, 35.68741 ], [ 139.814172, 35.687432 ], [ 139.814343, 35.68744 ], [ 139.814721, 35.687462 ], [ 139.814726, 35.687462 ], [ 139.815219, 35.687495 ], [ 139.815307, 35.6875 ], [ 139.815827, 35.687528 ], [ 139.815885, 35.687531 ], [ 139.815916, 35.687288 ], [ 139.815941, 35.687263 ], [ 139.816523, 35.687301 ], [ 139.816531, 35.687302 ], [ 139.81701, 35.687334 ], [ 139.817023, 35.687335 ], [ 139.818492, 35.687425 ], [ 139.820351, 35.687538 ], [ 139.820474, 35.686437 ] ] ] } },
{ "type": "Feature", "properties": { "key": "江東区|住吉1丁目", "ward": "江東区", "town": "住吉１丁目" }, "geometry": { "type": "Polygon", "coordinates": [ [ [ 139.809521, 35.687175 ], [ 139.809378, 35.688589 ], [ 139.809377, 35.688607 ], [ 139.809783, 35.688632 ], [ 139.810383, 35.68867 ], [ 139.81073, 35.688692 ], [ 139.811299, 35.688736 ], [ 139.811721, 35.688768 ], [ 139.81167, 35.689165 ], [ 139.811632, 35.689588 ], [ 139.811561, 35.690315 ], [ 139.811966, 35.690338 ], [ 139.812065, 35.690343 ], [ 139.812465, 35.690365 ], [ 139.81271, 35.690378 ], [ 139.813184, 35.690404 ], [ 139.813457, 35.690419 ], [ 139.813476, 35.690249 ], [ 139.813491, 35.690083 ], [ 139.813497, 35.690024 ], [ 139.813507, 35.689934 ], [ 139.813515, 35.689868 ], [ 139.813518, 35.689815 ], [ 139.813525, 35.689689 ], [ 139.813551, 35.689378 ], [ 139.813566, 35.689197 ], [ 139.813596, 35.688869 ], [ 139.813622, 35.688545 ], [ 139.813647, 35.688245 ], [ 139.813669, 35.687971 ], [ 139.813672, 35.68794 ], [ 139.813695, 35.687595 ], [ 139.81371, 35.68741 ], [ 139.813519, 35.687398 ], [ 139.813202, 35.687379 ], [ 139.813128, 35.687375 ], [ 139.81294, 35.687363 ], [ 139.812757, 35.687352 ], [ 139.81186, 35.687294 ], [ 139.811851, 35.687294 ], [ 139.81089, 35.687245 ], [ 139.810874, 35.687244 ], [ 139.810333, 35.687214 ], [ 139.809934, 35.687191 ], [ 139.809521, 35.687175 ] ] ] } },
{ "type": "Feature", "properties": { "key": "江東区|住吉2丁目", "ward": "江東区", "town": "住吉２丁目" }, "geometry": { "type": "Polygon", "coordinates": [ [ [ 139.816385, 35.689035 ], [ 139.816801, 35.68905 ], [ 139.81688, 35.689053 ], [ 139.82016, 35.689171 ], [ 139.820165, 35.689171 ], [ 139.820166, 35.689168 ], [ 139.820217, 35.688708 ], [ 139.820251, 35.688459 ], [ 139.820274, 35.688237 ], [ 139.820351, 35.687538 ], [ 139.818492, 35.687425 ], [ 139.817023, 35.687335 ], [ 139.81701, 35.687334 ], [ 139.816531, 35.687302 ], [ 139.816523, 35.687301 ], [ 139.815941, 35.687263 ], [ 139.815916, 35.687288 ], [ 139.815885, 35.687531 ], [ 139.815827, 35.687528 ], [ 139.815307, 35.6875 ], [ 139.815219, 35.687495 ], [ 139.814726, 35.687462 ], [ 139.814721, 35.687462 ], [ 139.814343, 35.68744 ], [ 139.814172, 35.687432 ], [ 139.81371, 35.68741 ], [ 139.813695, 35.687595 ], [ 139.813672, 35.68794 ], [ 139.813669, 35.687971 ], [ 139.813647, 35.688245 ], [ 139.813622, 35.688545 ], [ 139.813596, 35.688869 ], [ 139.813566, 35.689197 ], [ 139.813551, 35.689378 ], [ 139.813525, 35.689689 ], [ 139.813518, 35.689815 ], [ 139.813515, 35.689868 ], [ 139.813507, 35.689934 ], [ 139.813497, 35.690024 ], [ 139.813491, 35.690083 ], [ 139.813476, 35.690249 ], [ 139.813457, 35.690419 ], [ 139.813518, 35.690423 ], [ 139.814051, 35.690458 ], [ 139.814084, 35.69046 ], [ 139.81448, 35.690487 ], [ 139.814742, 35.690502 ], [ 139.814838, 35.690507 ], [ 139.814973, 35.690516 ], [ 139.815039, 35.690521 ], [ 139.815358, 35.690543 ], [ 139.81536, 35.690543 ], [ 139.815562, 35.690557 ], [ 139.815849, 35.690572 ], [ 139.816083, 35.690587 ], [ 139.816254, 35.690594 ], [ 139.816301, 35.690049 ], [ 139.816319, 35.689866 ], [ 139.816333, 35.689643 ], [ 139.816385, 35.689035 ] ] ] } },
{ "type": "Feature", "properties": { "key": "江東区|毛利1丁目", "ward": "江東区", "town": "毛利１丁目" }, "geometry": { "type": "Polygon", "coordinates": [ [ [ 139.811561, 35.690315 ], [ 139.811523, 35.690675 ], [ 139.811501, 35.690876 ], [ 139.811479, 35.691081 ], [ 139.811386, 35.691848 ], [ 139.811385, 35.691861 ], [ 139.811357, 35.692085 ], [ 139.812308, 35.69214 ], [ 139.81257, 35.692155 ], [ 139.812809, 35.692169 ], [ 139.813314, 35.692198 ], [ 139.81328, 35.692629 ], [ 139.81328, 35.692635 ], [ 139.813254, 35.69297 ], [ 139.813517, 35.692984 ], [ 139.814546, 35.693041 ], [ 139.815267, 35.693077 ], [ 139.815319, 35.69308 ], [ 139.815352, 35.692756 ], [ 139.8154, 35.692281 ], [ 139.815413, 35.692127 ], [ 139.815442, 35.691821 ], [ 139.815471, 35.691515 ], [ 139.815504, 35.691209 ], [ 139.815514, 35.691113 ], [ 139.815562, 35.690557 ], [ 139.81536, 35.690543 ], [ 139.815358, 35.690543 ], [ 139.815039, 35.690521 ], [ 139.814973, 35.690516 ], [ 139.814838, 35.690507 ], [ 139.814742, 35.690502 ], [ 139.81448, 35.690487 ], [ 139.814084, 35.69046 ], [ 139.814051, 35.690458 ], [ 139.813518, 35.690423 ], [ 139.813457, 35.690419 ], [ 139.813184, 35.690404 ], [ 139.81271, 35.690378 ], [ 139.812465, 35.690365 ], [ 139.812065, 35.690343 ], [ 139.811966, 35.690338 ], [ 139.811561, 35.690315 ] ] ] } },
{ "type": "Feature", "properties": { "key": "江東区|毛利2丁目", "ward": "江東区", "town": "毛利２丁目" }, "geometry": { "type": "Polygon", "coordinates": [ [ [ 139.820022, 35.690238 ], [ 139.820135, 35.689398 ], [ 139.820165, 35.689171 ], [ 139.82016, 35.689171 ], [ 139.81688, 35.689053 ], [ 139.816801, 35.68905 ], [ 139.816385, 35.689035 ], [ 139.816333, 35.689643 ], [ 139.816319, 35.689866 ], [ 139.816301, 35.690049 ], [ 139.816254, 35.690594 ], [ 139.816083, 35.690587 ], [ 139.815849, 35.690572 ], [ 139.815562, 35.690557 ], [ 139.815514, 35.691113 ], [ 139.815504, 35.691209 ], [ 139.815471, 35.691515 ], [ 139.815442, 35.691821 ], [ 139.815413, 35.692127 ], [ 139.8154, 35.692281 ], [ 139.815352, 35.692756 ], [ 139.815319, 35.69308 ], [ 139.81692, 35.693167 ], [ 139.818862, 35.693272 ], [ 139.818867, 35.693272 ], [ 139.81904, 35.693281 ], [ 139.81971, 35.693315 ], [ 139.819736, 35.693317 ], [ 139.819737, 35.693298 ], [ 139.819758, 35.69299 ], [ 139.819794, 35.692475 ], [ 139.819822, 35.692084 ], [ 139.819853, 35.691639 ], [ 139.820022, 35.690238 ] ] ] } },
{ "type": "Feature", "properties": { "key": "江東区|木場1丁目", "ward": "江東区", "town": "木場１丁目" }, "geometry": { "type": "Polygon", "coordinates": [ [ [ 139.802323, 35.668824 ], [ 139.802419, 35.668829 ], [ 139.802876, 35.668822 ], [ 139.804293, 35.668801 ], [ 139.804373, 35.6688 ], [ 139.805543, 35.668782 ], [ 139.805406, 35.668475 ], [ 139.805381, 35.668416 ], [ 139.805374, 35.66809 ], [ 139.805352, 35.667637 ], [ 139.805325, 35.666992 ], [ 139.805296, 35.666244 ], [ 139.805281, 35.665872 ], [ 139.805271, 35.665644 ], [ 139.805248, 35.66497 ], [ 139.804541, 35.664984 ], [ 139.803968, 35.664988 ], [ 139.80348, 35.664996 ], [ 139.802828, 35.664963 ], [ 139.802732, 35.664959 ], [ 139.802437, 35.664965 ], [ 139.80243, 35.664998 ], [ 139.8024, 35.665187 ], [ 139.802171, 35.666272 ], [ 139.802167, 35.666295 ], [ 139.80188, 35.667733 ], [ 139.801735, 35.66834 ], [ 139.801657, 35.668688 ], [ 139.8016, 35.668832 ], [ 139.802181, 35.668829 ], [ 139.802323, 35.668824 ] ] ] } },
{ "type": "Feature", "properties": { "key": "江東区|木場2丁目", "ward": "江東区", "town": "木場２丁目" }, "geometry": { "type": "Polygon", "coordinates": [ [ [ 139.805543, 35.668782 ], [ 139.804373, 35.6688 ], [ 139.804293, 35.668801 ], [ 139.802876, 35.668822 ], [ 139.802419, 35.668829 ], [ 139.802323, 35.668824 ], [ 139.802181, 35.668829 ], [ 139.8016, 35.668832 ], [ 139.80149, 35.669112 ], [ 139.801312, 35.669156 ], [ 139.801758, 35.669656 ], [ 139.801981, 35.669891 ], [ 139.802233, 35.670528 ], [ 139.802296, 35.670773 ], [ 139.802319, 35.670857 ], [ 139.802395, 35.671135 ], [ 139.802473, 35.671405 ], [ 139.802535, 35.67162 ], [ 139.802815, 35.672585 ], [ 139.803591, 35.672443 ], [ 139.805079, 35.672131 ], [ 139.805045, 35.671951 ], [ 139.806253, 35.671805 ], [ 139.80622, 35.671639 ], [ 139.806161, 35.67134 ], [ 139.806127, 35.671165 ], [ 139.806036, 35.670635 ], [ 139.806011, 35.670476 ], [ 139.805965, 35.670238 ], [ 139.805964, 35.670234 ], [ 139.805964, 35.670232 ], [ 139.805933, 35.670074 ], [ 139.805907, 35.669939 ], [ 139.805866, 35.669737 ], [ 139.80586, 35.669703 ], [ 139.805806, 35.669431 ], [ 139.805683, 35.669094 ], [ 139.805543, 35.668782 ] ] ] } },
{ "type": "Feature", "properties": { "key": "江東区|木場3丁目", "ward": "江東区", "town": "木場３丁目" }, "geometry": { "type": "Polygon", "coordinates": [ [ [ 139.806253, 35.671805 ], [ 139.805045, 35.671951 ], [ 139.805079, 35.672131 ], [ 139.803591, 35.672443 ], [ 139.802815, 35.672585 ], [ 139.8029, 35.672875 ], [ 139.802905, 35.672894 ], [ 139.803297, 35.674352 ], [ 139.803546, 35.675294 ], [ 139.803548, 35.675302 ], [ 139.803687, 35.67584 ], [ 139.804397, 35.675868 ], [ 139.80457, 35.675875 ], [ 139.804624, 35.675877 ], [ 139.806005, 35.675933 ], [ 139.806971, 35.675973 ], [ 139.806998, 35.675974 ], [ 139.806894, 35.675408 ], [ 139.806764, 35.67464 ], [ 139.806736, 35.674487 ], [ 139.806705, 35.674319 ], [ 139.806673, 35.674143 ], [ 139.806635, 35.673929 ], [ 139.806378, 35.672513 ], [ 139.80638, 35.672488 ], [ 139.806253, 35.671805 ] ] ] } },
{ "type": "Feature", "properties": { "key": "江東区|木場4丁目", "ward": "江東区", "town": "木場４丁目" }, "geometry": { "type": "Polygon", "coordinates": [ [ [ 139.810692, 35.675546 ], [ 139.810036, 35.673312 ], [ 139.810047, 35.673313 ], [ 139.809799, 35.672613 ], [ 139.809787, 35.672581 ], [ 139.809551, 35.672615 ], [ 139.809463, 35.672612 ], [ 139.807817, 35.672562 ], [ 139.806378, 35.672513 ], [ 139.806635, 35.673929 ], [ 139.806673, 35.674143 ], [ 139.806705, 35.674319 ], [ 139.806736, 35.674487 ], [ 139.806764, 35.67464 ], [ 139.806894, 35.675408 ], [ 139.806998, 35.675974 ], [ 139.807577, 35.675983 ], [ 139.80991, 35.67608 ], [ 139.810849, 35.67612 ], [ 139.810844, 35.676103 ], [ 139.810692, 35.675546 ] ] ] } },
{ "type": "Feature", "properties": { "key": "江東区|木場5丁目", "ward": "江東区", "town": "木場５丁目" }, "geometry": { "type": "Polygon", "coordinates": [ [ [ 139.805824, 35.668777 ], [ 139.805543, 35.668782 ], [ 139.805683, 35.669094 ], [ 139.805806, 35.669431 ], [ 139.80586, 35.669703 ], [ 139.805866, 35.669737 ], [ 139.805907, 35.669939 ], [ 139.805933, 35.670074 ], [ 139.805964, 35.670232 ], [ 139.805964, 35.670234 ], [ 139.805965, 35.670238 ], [ 139.806011, 35.670476 ], [ 139.806036, 35.670635 ], [ 139.806127, 35.671165 ], [ 139.806161, 35.67134 ], [ 139.80622, 35.671639 ], [ 139.806253, 35.671805 ], [ 139.80638, 35.672488 ], [ 139.806378, 35.672513 ], [ 139.807817, 35.672562 ], [ 139.809463, 35.672612 ], [ 139.809551, 35.672615 ], [ 139.809787, 35.672581 ], [ 139.809666, 35.672243 ], [ 139.809185, 35.670903 ], [ 139.808919, 35.670194 ], [ 139.80874, 35.669703 ], [ 139.808602, 35.669322 ], [ 139.808596, 35.669309 ], [ 139.808545, 35.669184 ], [ 139.808493, 35.669057 ], [ 139.808374, 35.668966 ], [ 139.808265, 35.668934 ], [ 139.808062, 35.668908 ], [ 139.807486, 35.668864 ], [ 139.807297, 35.66886 ], [ 139.806973, 35.668833 ], [ 139.806371, 35.66879 ], [ 139.805824, 35.668777 ] ] ] } },
{ "type": "Feature", "properties": { "key": "江東区|木場6丁目", "ward": "江東区", "town": "木場６丁目" }, "geometry": { "type": "Polygon", "coordinates": [ [ [ 139.808094, 35.668683 ], [ 139.808096, 35.668668 ], [ 139.808132, 35.6684 ], [ 139.808175, 35.668081 ], [ 139.808245, 35.66757 ], [ 139.808246, 35.667557 ], [ 139.808358, 35.666728 ], [ 139.808381, 35.666558 ], [ 139.808477, 35.665894 ], [ 139.808573, 35.665153 ], [ 139.808585, 35.665057 ], [ 139.808476, 35.664952 ], [ 139.808355, 35.664907 ], [ 139.808135, 35.664909 ], [ 139.806853, 35.664931 ], [ 139.806578, 35.664929 ], [ 139.805542, 35.664952 ], [ 139.805248, 35.66497 ], [ 139.805271, 35.665644 ], [ 139.805281, 35.665872 ], [ 139.805296, 35.666244 ], [ 139.805325, 35.666992 ], [ 139.805352, 35.667637 ], [ 139.805374, 35.66809 ], [ 139.805381, 35.668416 ], [ 139.805406, 35.668475 ], [ 139.805543, 35.668782 ], [ 139.805824, 35.668777 ], [ 139.806371, 35.66879 ], [ 139.806973, 35.668833 ], [ 139.807297, 35.66886 ], [ 139.807486, 35.668864 ], [ 139.808062, 35.668908 ], [ 139.808094, 35.668683 ] ] ] } },
{ "type": "Feature", "properties": { "key": "江東区|東陽1丁目", "ward": "江東区", "town": "東陽１丁目" }, "geometry": { "type": "Polygon", "coordinates": [ [ [ 139.808768, 35.665035 ], [ 139.808573, 35.665153 ], [ 139.808477, 35.665894 ], [ 139.808381, 35.666558 ], [ 139.808358, 35.666728 ], [ 139.808246, 35.667557 ], [ 139.808245, 35.66757 ], [ 139.808175, 35.668081 ], [ 139.808132, 35.6684 ], [ 139.809391, 35.66852 ], [ 139.810686, 35.668649 ], [ 139.811206, 35.668696 ], [ 139.811441, 35.668718 ], [ 139.811521, 35.668725 ], [ 139.811578, 35.668731 ], [ 139.811585, 35.668732 ], [ 139.811706, 35.668743 ], [ 139.81172, 35.668744 ], [ 139.812025, 35.668773 ], [ 139.812064, 35.668777 ], [ 139.813224, 35.668891 ], [ 139.81325, 35.668809 ], [ 139.813273, 35.668589 ], [ 139.813354, 35.668035 ], [ 139.813407, 35.667683 ], [ 139.813475, 35.667227 ], [ 139.813522, 35.666886 ], [ 139.813594, 35.666376 ], [ 139.81366, 35.665907 ], [ 139.813669, 35.665829 ], [ 139.813715, 35.665502 ], [ 139.813523, 35.665487 ], [ 139.813061, 35.665451 ], [ 139.812528, 35.665394 ], [ 139.812058, 35.665347 ], [ 139.811219, 35.665262 ], [ 139.810585, 35.665201 ], [ 139.809896, 35.66514 ], [ 139.809162, 35.665068 ], [ 139.808768, 35.665035 ] ] ] } },
{ "type": "Feature", "properties": { "key": "江東区|東陽2丁目", "ward": "江東区", "town": "東陽２丁目" }, "geometry": { "type": "Polygon", "coordinates": [ [ [ 139.819636, 35.669038 ], [ 139.819665, 35.668258 ], [ 139.819629, 35.668256 ], [ 139.819653, 35.667676 ], [ 139.819654, 35.66756 ], [ 139.819655, 35.667524 ], [ 139.819667, 35.667368 ], [ 139.819668, 35.667346 ], [ 139.819678, 35.667149 ], [ 139.819658, 35.667149 ], [ 139.819669, 35.666731 ], [ 139.819673, 35.666641 ], [ 139.819678, 35.66653 ], [ 139.819698, 35.666222 ], [ 139.81972, 35.665818 ], [ 139.819396, 35.665799 ], [ 139.818288, 35.665731 ], [ 139.817881, 35.665709 ], [ 139.817802, 35.665705 ], [ 139.817514, 35.665689 ], [ 139.817263, 35.665673 ], [ 139.817134, 35.665664 ], [ 139.816744, 35.665643 ], [ 139.815488, 35.665564 ], [ 139.815487, 35.665571 ], [ 139.813772, 35.665465 ], [ 139.813715, 35.665502 ], [ 139.813669, 35.665829 ], [ 139.81366, 35.665907 ], [ 139.813594, 35.666376 ], [ 139.813522, 35.666886 ], [ 139.813475, 35.667227 ], [ 139.813407, 35.667683 ], [ 139.813354, 35.668035 ], [ 139.813273, 35.668589 ], [ 139.81325, 35.668809 ], [ 139.813224, 35.668891 ], [ 139.813212, 35.669005 ], [ 139.813522, 35.669018 ], [ 139.814157, 35.669044 ], [ 139.814961, 35.669078 ], [ 139.815627, 35.669106 ], [ 139.81603, 35.669127 ], [ 139.816384, 35.669144 ], [ 139.816422, 35.669135 ], [ 139.81647, 35.669124 ], [ 139.818378, 35.6692 ], [ 139.819628, 35.669249 ], [ 139.819636, 35.669038 ] ] ] } },
{ "type": "Feature", "properties": { "key": "江東区|東陽3丁目", "ward": "江東区", "town": "東陽３丁目" }, "geometry": { "type": "Polygon", "coordinates": [ [ [ 139.811074, 35.670648 ], [ 139.811554, 35.670663 ], [ 139.811656, 35.670673 ], [ 139.812007, 35.670686 ], [ 139.812134, 35.670691 ], [ 139.812681, 35.670711 ], [ 139.813085, 35.670726 ], [ 139.813421, 35.670738 ], [ 139.813522, 35.670744 ], [ 139.813601, 35.670747 ], [ 139.814008, 35.670764 ], [ 139.814058, 35.670763 ], [ 139.814113, 35.670765 ], [ 139.814292, 35.670772 ], [ 139.814298, 35.670772 ], [ 139.814323, 35.670773 ], [ 139.814859, 35.670794 ], [ 139.816316, 35.670851 ], [ 139.816353, 35.670307 ], [ 139.816352, 35.670155 ], [ 139.816384, 35.669705 ], [ 139.816393, 35.669563 ], [ 139.816422, 35.669135 ], [ 139.816384, 35.669144 ], [ 139.81603, 35.669127 ], [ 139.815627, 35.669106 ], [ 139.814961, 35.669078 ], [ 139.814157, 35.669044 ], [ 139.813522, 35.669018 ], [ 139.813212, 35.669005 ], [ 139.813224, 35.668891 ], [ 139.812064, 35.668777 ], [ 139.812025, 35.668773 ], [ 139.81172, 35.668744 ], [ 139.811706, 35.668743 ], [ 139.811585, 35.668732 ], [ 139.811578, 35.668731 ], [ 139.811521, 35.668725 ], [ 139.811441, 35.668718 ], [ 139.811206, 35.668696 ], [ 139.810686, 35.668649 ], [ 139.809391, 35.66852 ], [ 139.808132, 35.6684 ], [ 139.808096, 35.668668 ], [ 139.808094, 35.668683 ], [ 139.808062, 35.668908 ], [ 139.808265, 35.668934 ], [ 139.808374, 35.668966 ], [ 139.808493, 35.669057 ], [ 139.808545, 35.669184 ], [ 139.808596, 35.669309 ], [ 139.808602, 35.669322 ], [ 139.80874, 35.669703 ], [ 139.808919, 35.670194 ], [ 139.809185, 35.670903 ], [ 139.809631, 35.670872 ], [ 139.809713, 35.670866 ], [ 139.810316, 35.67077 ], [ 139.811074, 35.670648 ] ] ] } },
{ "type": "Feature", "properties": { "key": "江東区|東陽4丁目", "ward": "江東区", "town": "東陽４丁目" }, "geometry": { "type": "Polygon", "coordinates": [ [ [ 139.81647, 35.669124 ], [ 139.816422, 35.669135 ], [ 139.816393, 35.669563 ], [ 139.816384, 35.669705 ], [ 139.816352, 35.670155 ], [ 139.816353, 35.670307 ], [ 139.816316, 35.670851 ], [ 139.816238, 35.672038 ], [ 139.816194, 35.67275 ], [ 139.816168, 35.673231 ], [ 139.816127, 35.674075 ], [ 139.816136, 35.674076 ], [ 139.817486, 35.674248 ], [ 139.818266, 35.674347 ], [ 139.818325, 35.674355 ], [ 139.818625, 35.674392 ], [ 139.8192, 35.674463 ], [ 139.819615, 35.674514 ], [ 139.819619, 35.674076 ], [ 139.819617, 35.673801 ], [ 139.819612, 35.67363 ], [ 139.819611, 35.673485 ], [ 139.819604, 35.673348 ], [ 139.819609, 35.673048 ], [ 139.819605, 35.672647 ], [ 139.819608, 35.672169 ], [ 139.819608, 35.67201 ], [ 139.819608, 35.671985 ], [ 139.819607, 35.671844 ], [ 139.819607, 35.671676 ], [ 139.819613, 35.670985 ], [ 139.81961, 35.670671 ], [ 139.819625, 35.670274 ], [ 139.81962, 35.669705 ], [ 139.81962, 35.669687 ], [ 139.819632, 35.669249 ], [ 139.819628, 35.669249 ], [ 139.818378, 35.6692 ], [ 139.81647, 35.669124 ] ] ] } },
{ "type": "Feature", "properties": { "key": "江東区|東陽5丁目", "ward": "江東区", "town": "東陽５丁目" }, "geometry": { "type": "Polygon", "coordinates": [ [ [ 139.814058, 35.670763 ], [ 139.814008, 35.670764 ], [ 139.813601, 35.670747 ], [ 139.813522, 35.670744 ], [ 139.813421, 35.670738 ], [ 139.813085, 35.670726 ], [ 139.812681, 35.670711 ], [ 139.812134, 35.670691 ], [ 139.812007, 35.670686 ], [ 139.811656, 35.670673 ], [ 139.811554, 35.670663 ], [ 139.811074, 35.670648 ], [ 139.810316, 35.67077 ], [ 139.809713, 35.670866 ], [ 139.809631, 35.670872 ], [ 139.809185, 35.670903 ], [ 139.809666, 35.672243 ], [ 139.809787, 35.672581 ], [ 139.809799, 35.672613 ], [ 139.810047, 35.673313 ], [ 139.810051, 35.673324 ], [ 139.810456, 35.673366 ], [ 139.811089, 35.673442 ], [ 139.811732, 35.673524 ], [ 139.811744, 35.673526 ], [ 139.812457, 35.673607 ], [ 139.813363, 35.67372 ], [ 139.813521, 35.67374 ], [ 139.81456, 35.67387 ], [ 139.814683, 35.673885 ], [ 139.815078, 35.673944 ], [ 139.815366, 35.67398 ], [ 139.816127, 35.674075 ], [ 139.816168, 35.673231 ], [ 139.816194, 35.67275 ], [ 139.816238, 35.672038 ], [ 139.816316, 35.670851 ], [ 139.814859, 35.670794 ], [ 139.814323, 35.670773 ], [ 139.814298, 35.670772 ], [ 139.814292, 35.670772 ], [ 139.814113, 35.670765 ], [ 139.814058, 35.670763 ] ] ] } },
{ "type": "Feature", "properties": { "key": "江東区|東陽6丁目", "ward": "江東区", "town": "東陽６丁目" }, "geometry": { "type": "Polygon", "coordinates": [ [ [ 139.815975, 35.675751 ], [ 139.816136, 35.674076 ], [ 139.816127, 35.674075 ], [ 139.815366, 35.67398 ], [ 139.815078, 35.673944 ], [ 139.814683, 35.673885 ], [ 139.81456, 35.67387 ], [ 139.813521, 35.67374 ], [ 139.813363, 35.67372 ], [ 139.812457, 35.673607 ], [ 139.811744, 35.673526 ], [ 139.811732, 35.673524 ], [ 139.811089, 35.673442 ], [ 139.810456, 35.673366 ], [ 139.810051, 35.673324 ], [ 139.810047, 35.673313 ], [ 139.810036, 35.673312 ], [ 139.810692, 35.675546 ], [ 139.810844, 35.676103 ], [ 139.812162, 35.676161 ], [ 139.812169, 35.676162 ], [ 139.81257, 35.676178 ], [ 139.813308, 35.676208 ], [ 139.813521, 35.676216 ], [ 139.814016, 35.676236 ], [ 139.814464, 35.676254 ], [ 139.814625, 35.676264 ], [ 139.814652, 35.676262 ], [ 139.815905, 35.676307 ], [ 139.815921, 35.676308 ], [ 139.815975, 35.675751 ] ] ] } },
{ "type": "Feature", "properties": { "key": "江東区|東陽7丁目", "ward": "江東区", "town": "東陽７丁目" }, "geometry": { "type": "Polygon", "coordinates": [ [ [ 139.816136, 35.674076 ], [ 139.815975, 35.675751 ], [ 139.815921, 35.676308 ], [ 139.817422, 35.676374 ], [ 139.8175, 35.676377 ], [ 139.817569, 35.67638 ], [ 139.818044, 35.6764 ], [ 139.818875, 35.676434 ], [ 139.818948, 35.676437 ], [ 139.819607, 35.676459 ], [ 139.820054, 35.676489 ], [ 139.820073, 35.67649 ], [ 139.820101, 35.676194 ], [ 139.820109, 35.676103 ], [ 139.820125, 35.675931 ], [ 139.820127, 35.675905 ], [ 139.820148, 35.675673 ], [ 139.820203, 35.675056 ], [ 139.820227, 35.674735 ], [ 139.820098, 35.674599 ], [ 139.819978, 35.674561 ], [ 139.819707, 35.674526 ], [ 139.819615, 35.674514 ], [ 139.8192, 35.674463 ], [ 139.818625, 35.674392 ], [ 139.818325, 35.674355 ], [ 139.818266, 35.674347 ], [ 139.817486, 35.674248 ], [ 139.816136, 35.674076 ] ] ] } },
{ "type": "Feature", "properties": { "key": "江東区|亀戸1丁目", "ward": "江東区", "town": "亀戸１丁目" }, "geometry": { "type": "Polygon", "coordinates": [ [ [ 139.819737, 35.693298 ], [ 139.819736, 35.693317 ], [ 139.81971, 35.693632 ], [ 139.819697, 35.69378 ], [ 139.819673, 35.694074 ], [ 139.819626, 35.694644 ], [ 139.819532, 35.695777 ], [ 139.819487, 35.696321 ], [ 139.819472, 35.696544 ], [ 139.819452, 35.696838 ], [ 139.819447, 35.696903 ], [ 139.819491, 35.696906 ], [ 139.82059, 35.696982 ], [ 139.821208, 35.697012 ], [ 139.821814, 35.69706 ], [ 139.822117, 35.697083 ], [ 139.823604, 35.697197 ], [ 139.82425, 35.697246 ], [ 139.824914, 35.697297 ], [ 139.825695, 35.697357 ], [ 139.82572, 35.69708 ], [ 139.825735, 35.696907 ], [ 139.825759, 35.69659 ], [ 139.825799, 35.696041 ], [ 139.825803, 35.695999 ], [ 139.825821, 35.69581 ], [ 139.825829, 35.695732 ], [ 139.825844, 35.695506 ], [ 139.825848, 35.695451 ], [ 139.825888, 35.694989 ], [ 139.825888, 35.694951 ], [ 139.82592, 35.694481 ], [ 139.825922, 35.694454 ], [ 139.825965, 35.693984 ], [ 139.82597, 35.693952 ], [ 139.825995, 35.69362 ], [ 139.825995, 35.693613 ], [ 139.824642, 35.693542 ], [ 139.823365, 35.693474 ], [ 139.823063, 35.693458 ], [ 139.820675, 35.693348 ], [ 139.819737, 35.693298 ] ] ] } },
{ "type": "Feature", "properties": { "key": "江東区|亀戸2丁目", "ward": "江東区", "town": "亀戸２丁目" }, "geometry": { "type": "Polygon", "coordinates": [ [ [ 139.819447, 35.696903 ], [ 139.819401, 35.6975 ], [ 139.819386, 35.697701 ], [ 139.819351, 35.698148 ], [ 139.819283, 35.699044 ], [ 139.819276, 35.69914 ], [ 139.819252, 35.699493 ], [ 139.81923, 35.69976 ], [ 139.819219, 35.699897 ], [ 139.819194, 35.700315 ], [ 139.819161, 35.700868 ], [ 139.819155, 35.700964 ], [ 139.819127, 35.701426 ], [ 139.819906, 35.70147 ], [ 139.820007, 35.701474 ], [ 139.820098, 35.701478 ], [ 139.820651, 35.701502 ], [ 139.820818, 35.70151 ], [ 139.821061, 35.701524 ], [ 139.821065, 35.701524 ], [ 139.821146, 35.70153 ], [ 139.821282, 35.701541 ], [ 139.821673, 35.701547 ], [ 139.821853, 35.701556 ], [ 139.821894, 35.701558 ], [ 139.822023, 35.701565 ], [ 139.822031, 35.701565 ], [ 139.822138, 35.701571 ], [ 139.822192, 35.701573 ], [ 139.822292, 35.701579 ], [ 139.822349, 35.701582 ], [ 139.82253, 35.701591 ], [ 139.822645, 35.701597 ], [ 139.822662, 35.701597 ], [ 139.822739, 35.701601 ], [ 139.822962, 35.701612 ], [ 139.823002, 35.701614 ], [ 139.823198, 35.701623 ], [ 139.823305, 35.701633 ], [ 139.823729, 35.701647 ], [ 139.823754, 35.701649 ], [ 139.824072, 35.701671 ], [ 139.824253, 35.701675 ], [ 139.824528, 35.701693 ], [ 139.824655, 35.701695 ], [ 139.8248, 35.701702 ], [ 139.825353, 35.701726 ], [ 139.82537, 35.701507 ], [ 139.825375, 35.701437 ], [ 139.825379, 35.701394 ], [ 139.825397, 35.70117 ], [ 139.82541, 35.701031 ], [ 139.825448, 35.700625 ], [ 139.825497, 35.699926 ], [ 139.825504, 35.699823 ], [ 139.825523, 35.699597 ], [ 139.825572, 35.69899 ], [ 139.825598, 35.698633 ], [ 139.825633, 35.69816 ], [ 139.825661, 35.697805 ], [ 139.825695, 35.697357 ], [ 139.824914, 35.697297 ], [ 139.82425, 35.697246 ], [ 139.823604, 35.697197 ], [ 139.822117, 35.697083 ], [ 139.821814, 35.69706 ], [ 139.821208, 35.697012 ], [ 139.82059, 35.696982 ], [ 139.819491, 35.696906 ], [ 139.819447, 35.696903 ] ] ] } },
{ "type": "Feature", "properties": { "key": "江東区|亀戸3丁目", "ward": "江東区", "town": "亀戸３丁目" }, "geometry": { "type": "Polygon", "coordinates": [ [ [ 139.819127, 35.701426 ], [ 139.819104, 35.701803 ], [ 139.819083, 35.702151 ], [ 139.819068, 35.702407 ], [ 139.819039, 35.702885 ], [ 139.819029, 35.703018 ], [ 139.819027, 35.703049 ], [ 139.819008, 35.703325 ], [ 139.819007, 35.70334 ], [ 139.818983, 35.703667 ], [ 139.818973, 35.703816 ], [ 139.818959, 35.704005 ], [ 139.818914, 35.704642 ], [ 139.81888, 35.70512 ], [ 139.818855, 35.705468 ], [ 139.818844, 35.705628 ], [ 139.818832, 35.705797 ], [ 139.818825, 35.70589 ], [ 139.818821, 35.705954 ], [ 139.818811, 35.706095 ], [ 139.818805, 35.706171 ], [ 139.818801, 35.706236 ], [ 139.818778, 35.706648 ], [ 139.818767, 35.706855 ], [ 139.818746, 35.707387 ], [ 139.818716, 35.707809 ], [ 139.818718, 35.707854 ], [ 139.819041, 35.70788 ], [ 139.819049, 35.707876 ], [ 139.81931, 35.707768 ], [ 139.81932, 35.707764 ], [ 139.819606, 35.707654 ], [ 139.819632, 35.707644 ], [ 139.81986, 35.707556 ], [ 139.8199, 35.70754 ], [ 139.820153, 35.707434 ], [ 139.820472, 35.70731 ], [ 139.820511, 35.707295 ], [ 139.820705, 35.707223 ], [ 139.821096, 35.707077 ], [ 139.821191, 35.707042 ], [ 139.82172, 35.706843 ], [ 139.822305, 35.706608 ], [ 139.822511, 35.70653 ], [ 139.822718, 35.706451 ], [ 139.823029, 35.706331 ], [ 139.823336, 35.706211 ], [ 139.823775, 35.706041 ], [ 139.823782, 35.706038 ], [ 139.824468, 35.70576 ], [ 139.824517, 35.70574 ], [ 139.824796, 35.705627 ], [ 139.824835, 35.705611 ], [ 139.825888, 35.705174 ], [ 139.82582, 35.704697 ], [ 139.825765, 35.704336 ], [ 139.825683, 35.703786 ], [ 139.825626, 35.703455 ], [ 139.825542, 35.702932 ], [ 139.825531, 35.702865 ], [ 139.82551, 35.702729 ], [ 139.825501, 35.702673 ], [ 139.825471, 35.702477 ], [ 139.825454, 35.702368 ], [ 139.82545, 35.702345 ], [ 139.825419, 35.70211 ], [ 139.825416, 35.702087 ], [ 139.825357, 35.701777 ], [ 139.825353, 35.701726 ], [ 139.8248, 35.701702 ], [ 139.824655, 35.701695 ], [ 139.824528, 35.701693 ], [ 139.824253, 35.701675 ], [ 139.824072, 35.701671 ], [ 139.823754, 35.701649 ], [ 139.823729, 35.701647 ], [ 139.823305, 35.701633 ], [ 139.823198, 35.701623 ], [ 139.823002, 35.701614 ], [ 139.822962, 35.701612 ], [ 139.822739, 35.701601 ], [ 139.822662, 35.701597 ], [ 139.822645, 35.701597 ], [ 139.82253, 35.701591 ], [ 139.822349, 35.701582 ], [ 139.822292, 35.701579 ], [ 139.822192, 35.701573 ], [ 139.822138, 35.701571 ], [ 139.822031, 35.701565 ], [ 139.822023, 35.701565 ], [ 139.821894, 35.701558 ], [ 139.821853, 35.701556 ], [ 139.821673, 35.701547 ], [ 139.821282, 35.701541 ], [ 139.821146, 35.70153 ], [ 139.821065, 35.701524 ], [ 139.821061, 35.701524 ], [ 139.820818, 35.70151 ], [ 139.820651, 35.701502 ], [ 139.820098, 35.701478 ], [ 139.820007, 35.701474 ], [ 139.819906, 35.70147 ], [ 139.819127, 35.701426 ] ] ] } },
{ "type": "Feature", "properties": { "key": "江東区|亀戸4丁目", "ward": "江東区", "town": "亀戸４丁目" }, "geometry": { "type": "Polygon", "coordinates": [ [ [ 139.832592, 35.700563 ], [ 139.832494, 35.700589 ], [ 139.832253, 35.700676 ], [ 139.832066, 35.700766 ], [ 139.831784, 35.700987 ], [ 139.831636, 35.700983 ], [ 139.831331, 35.701028 ], [ 139.830951, 35.701002 ], [ 139.830904, 35.700995 ], [ 139.830767, 35.700987 ], [ 139.830463, 35.700968 ], [ 139.830231, 35.700953 ], [ 139.829552, 35.700909 ], [ 139.829497, 35.700907 ], [ 139.829005, 35.700872 ], [ 139.828668, 35.700845 ], [ 139.828589, 35.700838 ], [ 139.827822, 35.700796 ], [ 139.827166, 35.700751 ], [ 139.827064, 35.700742 ], [ 139.826941, 35.70074 ], [ 139.826298, 35.700694 ], [ 139.826002, 35.700671 ], [ 139.825959, 35.70067 ], [ 139.825766, 35.700653 ], [ 139.825758, 35.700652 ], [ 139.825619, 35.70064 ], [ 139.825448, 35.700625 ], [ 139.82541, 35.701031 ], [ 139.825397, 35.70117 ], [ 139.825379, 35.701394 ], [ 139.825375, 35.701437 ], [ 139.82537, 35.701507 ], [ 139.825353, 35.701726 ], [ 139.825357, 35.701777 ], [ 139.825416, 35.702087 ], [ 139.825419, 35.70211 ], [ 139.82545, 35.702345 ], [ 139.825454, 35.702368 ], [ 139.825471, 35.702477 ], [ 139.825501, 35.702673 ], [ 139.82551, 35.702729 ], [ 139.825531, 35.702865 ], [ 139.825542, 35.702932 ], [ 139.825626, 35.703455 ], [ 139.825683, 35.703786 ], [ 139.825765, 35.704336 ], [ 139.82582, 35.704697 ], [ 139.825888, 35.705174 ], [ 139.825968, 35.705145 ], [ 139.826381, 35.704971 ], [ 139.826797, 35.704819 ], [ 139.826978, 35.704746 ], [ 139.827147, 35.704677 ], [ 139.827301, 35.704613 ], [ 139.827396, 35.704575 ], [ 139.827979, 35.704341 ], [ 139.82802, 35.704326 ], [ 139.82857, 35.704125 ], [ 139.828805, 35.70404 ], [ 139.829035, 35.703965 ], [ 139.829378, 35.703836 ], [ 139.829501, 35.703779 ], [ 139.829713, 35.703631 ], [ 139.830085, 35.703396 ], [ 139.830161, 35.703348 ], [ 139.83018, 35.703336 ], [ 139.830667, 35.703012 ], [ 139.830722, 35.702975 ], [ 139.830852, 35.702929 ], [ 139.830941, 35.70292 ], [ 139.831513, 35.702906 ], [ 139.831993, 35.702904 ], [ 139.83255, 35.702901 ], [ 139.833042, 35.702885 ], [ 139.8333, 35.702089 ], [ 139.83336, 35.701928 ], [ 139.833422, 35.701763 ], [ 139.833116, 35.701756 ], [ 139.832494, 35.701753 ], [ 139.832505, 35.701628 ], [ 139.832513, 35.701508 ], [ 139.832522, 35.701364 ], [ 139.832526, 35.701311 ], [ 139.832529, 35.701228 ], [ 139.832536, 35.701041 ], [ 139.832592, 35.700563 ] ] ] } },
{ "type": "Feature", "properties": { "key": "江東区|亀戸5丁目", "ward": "江東区", "town": "亀戸５丁目" }, "geometry": { "type": "Polygon", "coordinates": [ [ [ 139.831636, 35.700983 ], [ 139.831784, 35.700987 ], [ 139.832066, 35.700766 ], [ 139.832253, 35.700676 ], [ 139.832494, 35.700589 ], [ 139.832592, 35.700563 ], [ 139.832622, 35.700169 ], [ 139.832674, 35.699461 ], [ 139.832688, 35.699289 ], [ 139.832704, 35.699085 ], [ 139.832722, 35.698869 ], [ 139.832725, 35.698825 ], [ 139.832738, 35.698634 ], [ 139.832759, 35.698299 ], [ 139.832761, 35.698277 ], [ 139.83278, 35.698014 ], [ 139.832797, 35.697778 ], [ 139.832802, 35.697711 ], [ 139.832705, 35.6977 ], [ 139.83004, 35.697539 ], [ 139.830025, 35.697539 ], [ 139.829854, 35.697532 ], [ 139.828275, 35.69748 ], [ 139.828275, 35.697468 ], [ 139.826655, 35.697402 ], [ 139.826339, 35.69739 ], [ 139.825695, 35.697357 ], [ 139.825661, 35.697805 ], [ 139.825633, 35.69816 ], [ 139.825598, 35.698633 ], [ 139.825572, 35.69899 ], [ 139.825523, 35.699597 ], [ 139.825504, 35.699823 ], [ 139.825497, 35.699926 ], [ 139.825448, 35.700625 ], [ 139.825619, 35.70064 ], [ 139.825758, 35.700652 ], [ 139.825766, 35.700653 ], [ 139.825959, 35.70067 ], [ 139.826002, 35.700671 ], [ 139.826298, 35.700694 ], [ 139.826941, 35.70074 ], [ 139.827064, 35.700742 ], [ 139.827166, 35.700751 ], [ 139.827822, 35.700796 ], [ 139.828589, 35.700838 ], [ 139.828668, 35.700845 ], [ 139.829005, 35.700872 ], [ 139.829497, 35.700907 ], [ 139.829552, 35.700909 ], [ 139.830231, 35.700953 ], [ 139.830463, 35.700968 ], [ 139.830767, 35.700987 ], [ 139.830904, 35.700995 ], [ 139.830951, 35.701002 ], [ 139.831331, 35.701028 ], [ 139.831636, 35.700983 ] ] ] } },
{ "type": "Feature", "properties": { "key": "江東区|亀戸6丁目", "ward": "江東区", "town": "亀戸６丁目" }, "geometry": { "type": "Polygon", "coordinates": [ [ [ 139.832857, 35.696996 ], [ 139.832896, 35.696998 ], [ 139.832901, 35.696998 ], [ 139.832928, 35.696603 ], [ 139.832942, 35.696396 ], [ 139.832957, 35.696269 ], [ 139.832961, 35.69621 ], [ 139.832961, 35.696206 ], [ 139.832997, 35.695803 ], [ 139.832997, 35.695798 ], [ 139.833012, 35.695491 ], [ 139.833013, 35.695488 ], [ 139.833039, 35.695175 ], [ 139.833067, 35.694817 ], [ 139.833067, 35.694813 ], [ 139.833109, 35.694293 ], [ 139.83311, 35.694274 ], [ 139.833125, 35.693989 ], [ 139.832408, 35.693953 ], [ 139.83159, 35.693906 ], [ 139.83156, 35.693904 ], [ 139.830804, 35.693868 ], [ 139.830215, 35.693834 ], [ 139.830126, 35.69383 ], [ 139.828474, 35.693746 ], [ 139.827653, 35.693705 ], [ 139.825995, 35.69362 ], [ 139.82597, 35.693952 ], [ 139.825965, 35.693984 ], [ 139.825922, 35.694454 ], [ 139.82592, 35.694481 ], [ 139.825888, 35.694951 ], [ 139.825888, 35.694989 ], [ 139.825848, 35.695451 ], [ 139.825844, 35.695506 ], [ 139.825829, 35.695732 ], [ 139.825821, 35.69581 ], [ 139.825803, 35.695999 ], [ 139.825799, 35.696041 ], [ 139.825759, 35.69659 ], [ 139.825735, 35.696907 ], [ 139.82572, 35.69708 ], [ 139.825695, 35.697357 ], [ 139.826339, 35.69739 ], [ 139.826655, 35.697402 ], [ 139.828275, 35.697468 ], [ 139.828275, 35.69748 ], [ 139.829854, 35.697532 ], [ 139.830025, 35.697539 ], [ 139.83004, 35.697539 ], [ 139.832705, 35.6977 ], [ 139.832802, 35.697711 ], [ 139.832813, 35.697518 ], [ 139.832822, 35.697412 ], [ 139.832828, 35.69734 ], [ 139.832857, 35.696996 ] ] ] } },
{ "type": "Feature", "properties": { "key": "江東区|亀戸7丁目", "ward": "江東区", "town": "亀戸７丁目" }, "geometry": { "type": "Polygon", "coordinates": [ [ [ 139.840422, 35.696218 ], [ 139.840415, 35.696173 ], [ 139.840349, 35.695749 ], [ 139.840303, 35.695499 ], [ 139.840263, 35.695303 ], [ 139.840155, 35.694529 ], [ 139.840124, 35.694313 ], [ 139.839364, 35.694289 ], [ 139.838473, 35.694251 ], [ 139.837345, 35.694204 ], [ 139.837328, 35.694205 ], [ 139.836697, 35.694171 ], [ 139.834795, 35.694072 ], [ 139.834783, 35.694071 ], [ 139.834362, 35.69405 ], [ 139.833162, 35.693988 ], [ 139.833125, 35.693989 ], [ 139.83311, 35.694274 ], [ 139.833109, 35.694293 ], [ 139.833067, 35.694813 ], [ 139.833067, 35.694817 ], [ 139.833039, 35.695175 ], [ 139.833013, 35.695488 ], [ 139.833012, 35.695491 ], [ 139.832997, 35.695798 ], [ 139.832997, 35.695803 ], [ 139.832961, 35.696206 ], [ 139.832961, 35.69621 ], [ 139.832957, 35.696269 ], [ 139.832942, 35.696396 ], [ 139.832928, 35.696603 ], [ 139.832901, 35.696998 ], [ 139.832896, 35.696998 ], [ 139.832857, 35.696996 ], [ 139.832828, 35.69734 ], [ 139.832822, 35.697412 ], [ 139.832813, 35.697518 ], [ 139.832802, 35.697711 ], [ 139.832797, 35.697778 ], [ 139.833405, 35.697897 ], [ 139.833911, 35.698035 ], [ 139.834896, 35.69843 ], [ 139.835305, 35.698629 ], [ 139.835961, 35.699039 ], [ 139.836025, 35.699086 ], [ 139.836207, 35.69926 ], [ 139.836471, 35.699527 ], [ 139.836509, 35.699566 ], [ 139.836726, 35.699785 ], [ 139.836733, 35.699794 ], [ 139.837034, 35.699642 ], [ 139.837339, 35.6995 ], [ 139.837624, 35.699361 ], [ 139.83778, 35.699155 ], [ 139.83799, 35.698848 ], [ 139.83823, 35.698632 ], [ 139.83843, 35.698463 ], [ 139.838446, 35.69845 ], [ 139.838641, 35.698291 ], [ 139.838792, 35.698177 ], [ 139.838985, 35.698025 ], [ 139.839163, 35.697883 ], [ 139.839545, 35.69766 ], [ 139.839805, 35.697508 ], [ 139.839812, 35.697472 ], [ 139.839952, 35.697384 ], [ 139.840008, 35.697352 ], [ 139.840214, 35.697228 ], [ 139.840548, 35.697025 ], [ 139.840422, 35.696218 ] ] ] } },
{ "type": "Feature", "properties": { "key": "江東区|亀戸8丁目", "ward": "江東区", "town": "亀戸８丁目" }, "geometry": { "type": "Polygon", "coordinates": [ [ [ 139.835921, 35.702837 ], [ 139.836053, 35.702729 ], [ 139.83644, 35.702502 ], [ 139.837891, 35.701929 ], [ 139.838023, 35.701868 ], [ 139.837115, 35.700279 ], [ 139.836733, 35.699794 ], [ 139.836726, 35.699785 ], [ 139.836509, 35.699566 ], [ 139.836471, 35.699527 ], [ 139.836207, 35.69926 ], [ 139.836025, 35.699086 ], [ 139.835961, 35.699039 ], [ 139.835305, 35.698629 ], [ 139.834896, 35.69843 ], [ 139.833911, 35.698035 ], [ 139.833405, 35.697897 ], [ 139.832797, 35.697778 ], [ 139.83278, 35.698014 ], [ 139.832761, 35.698277 ], [ 139.832759, 35.698299 ], [ 139.832738, 35.698634 ], [ 139.832725, 35.698825 ], [ 139.832722, 35.698869 ], [ 139.832704, 35.699085 ], [ 139.832688, 35.699289 ], [ 139.832674, 35.699461 ], [ 139.832622, 35.700169 ], [ 139.832592, 35.700563 ], [ 139.832536, 35.701041 ], [ 139.832529, 35.701228 ], [ 139.832526, 35.701311 ], [ 139.832522, 35.701364 ], [ 139.832513, 35.701508 ], [ 139.832505, 35.701628 ], [ 139.832494, 35.701753 ], [ 139.833116, 35.701756 ], [ 139.833422, 35.701763 ], [ 139.83336, 35.701928 ], [ 139.8333, 35.702089 ], [ 139.833042, 35.702885 ], [ 139.83323, 35.702881 ], [ 139.833708, 35.702891 ], [ 139.833748, 35.70289 ], [ 139.834208, 35.702899 ], [ 139.834357, 35.702895 ], [ 139.834655, 35.702908 ], [ 139.83497, 35.702937 ], [ 139.83521, 35.702974 ], [ 139.835627, 35.703069 ], [ 139.835701, 35.703014 ], [ 139.83571, 35.703008 ], [ 139.835921, 35.702837 ] ] ] } },
{ "type": "Feature", "properties": { "key": "江東区|亀戸9丁目", "ward": "江東区", "town": "亀戸９丁目" }, "geometry": { "type": "Polygon", "coordinates": [ [ [ 139.840124, 35.694313 ], [ 139.840155, 35.694529 ], [ 139.840263, 35.695303 ], [ 139.840303, 35.695499 ], [ 139.840349, 35.695749 ], [ 139.840415, 35.696173 ], [ 139.840422, 35.696218 ], [ 139.840548, 35.697025 ], [ 139.840214, 35.697228 ], [ 139.840008, 35.697352 ], [ 139.839952, 35.697384 ], [ 139.839812, 35.697472 ], [ 139.839805, 35.697508 ], [ 139.839545, 35.69766 ], [ 139.839163, 35.697883 ], [ 139.838985, 35.698025 ], [ 139.838792, 35.698177 ], [ 139.838641, 35.698291 ], [ 139.838446, 35.69845 ], [ 139.83843, 35.698463 ], [ 139.83823, 35.698632 ], [ 139.83799, 35.698848 ], [ 139.83778, 35.699155 ], [ 139.837624, 35.699361 ], [ 139.837339, 35.6995 ], [ 139.837034, 35.699642 ], [ 139.836733, 35.699794 ], [ 139.837115, 35.700279 ], [ 139.838023, 35.701868 ], [ 139.838479, 35.701709 ], [ 139.839348, 35.701391 ], [ 139.840348, 35.701026 ], [ 139.84037, 35.701018 ], [ 139.840971, 35.700784 ], [ 139.8413, 35.700656 ], [ 139.841694, 35.700503 ], [ 139.842032, 35.700372 ], [ 139.842027, 35.700366 ], [ 139.842186, 35.700295 ], [ 139.842507, 35.700151 ], [ 139.842884, 35.699983 ], [ 139.843325, 35.699773 ], [ 139.843825, 35.699523 ], [ 139.844146, 35.699344 ], [ 139.844396, 35.699177 ], [ 139.844493, 35.699099 ], [ 139.844607, 35.69901 ], [ 139.844686, 35.698952 ], [ 139.844803, 35.698866 ], [ 139.844922, 35.698764 ], [ 139.845042, 35.698665 ], [ 139.84517, 35.698559 ], [ 139.845366, 35.698336 ], [ 139.845475, 35.698211 ], [ 139.845554, 35.69812 ], [ 139.845738, 35.697865 ], [ 139.846381, 35.696987 ], [ 139.846558, 35.696745 ], [ 139.847093, 35.696012 ], [ 139.847098, 35.696006 ], [ 139.847535, 35.695196 ], [ 139.847616, 35.695052 ], [ 139.847803, 35.694714 ], [ 139.847035, 35.694628 ], [ 139.846687, 35.694601 ], [ 139.84612, 35.694556 ], [ 139.845533, 35.694509 ], [ 139.845266, 35.694501 ], [ 139.844349, 35.694471 ], [ 139.84331, 35.694432 ], [ 139.84329, 35.694431 ], [ 139.842179, 35.694392 ], [ 139.840365, 35.694321 ], [ 139.840124, 35.694313 ] ] ] } },
{ "type": "Feature", "properties": { "key": "江東区|大島1丁目", "ward": "江東区", "town": "大島１丁目" }, "geometry": { "type": "Polygon", "coordinates": [ [ [ 139.820585, 35.685044 ], [ 139.820504, 35.686034 ], [ 139.820474, 35.686437 ], [ 139.820351, 35.687538 ], [ 139.820274, 35.688237 ], [ 139.820251, 35.688459 ], [ 139.820217, 35.688708 ], [ 139.820166, 35.689168 ], [ 139.821757, 35.689204 ], [ 139.823062, 35.689249 ], [ 139.82398, 35.689278 ], [ 139.824154, 35.689284 ], [ 139.82434, 35.68929 ], [ 139.825198, 35.689319 ], [ 139.826334, 35.689362 ], [ 139.826358, 35.689015 ], [ 139.826358, 35.689005 ], [ 139.826359, 35.688994 ], [ 139.826372, 35.688809 ], [ 139.826381, 35.688706 ], [ 139.826415, 35.688339 ], [ 139.826422, 35.68825 ], [ 139.826482, 35.687495 ], [ 139.826487, 35.687431 ], [ 139.82652, 35.687018 ], [ 139.826562, 35.686486 ], [ 139.826568, 35.686425 ], [ 139.826611, 35.686015 ], [ 139.826659, 35.685393 ], [ 139.826005, 35.68535 ], [ 139.82549, 35.685316 ], [ 139.824744, 35.685281 ], [ 139.824216, 35.685246 ], [ 139.824131, 35.685242 ], [ 139.823766, 35.685231 ], [ 139.823627, 35.68522 ], [ 139.823442, 35.685212 ], [ 139.82331, 35.685209 ], [ 139.823115, 35.685193 ], [ 139.82288, 35.685179 ], [ 139.822861, 35.685178 ], [ 139.822493, 35.685156 ], [ 139.822271, 35.685144 ], [ 139.82169, 35.685112 ], [ 139.820946, 35.685067 ], [ 139.820591, 35.685045 ], [ 139.820585, 35.685044 ] ] ] } },
{ "type": "Feature", "properties": { "key": "江東区|大島2丁目", "ward": "江東区", "town": "大島２丁目" }, "geometry": { "type": "Polygon", "coordinates": [ [ [ 139.820166, 35.689168 ], [ 139.820165, 35.689171 ], [ 139.820135, 35.689398 ], [ 139.820022, 35.690238 ], [ 139.819853, 35.691639 ], [ 139.819822, 35.692084 ], [ 139.819794, 35.692475 ], [ 139.819758, 35.69299 ], [ 139.819737, 35.693298 ], [ 139.820675, 35.693348 ], [ 139.823063, 35.693458 ], [ 139.823365, 35.693474 ], [ 139.824642, 35.693542 ], [ 139.825995, 35.693613 ], [ 139.826017, 35.693287 ], [ 139.826018, 35.693272 ], [ 139.826055, 35.692815 ], [ 139.826055, 35.692809 ], [ 139.826088, 35.692432 ], [ 139.826105, 35.692225 ], [ 139.826127, 35.691975 ], [ 139.826131, 35.691924 ], [ 139.826144, 35.691781 ], [ 139.826155, 35.691623 ], [ 139.826164, 35.691486 ], [ 139.826179, 35.691272 ], [ 139.826203, 35.691014 ], [ 139.826203, 35.69101 ], [ 139.826211, 35.690869 ], [ 139.826223, 35.690561 ], [ 139.826259, 35.690283 ], [ 139.826333, 35.689385 ], [ 139.826334, 35.689362 ], [ 139.825198, 35.689319 ], [ 139.82434, 35.68929 ], [ 139.824154, 35.689284 ], [ 139.82398, 35.689278 ], [ 139.823062, 35.689249 ], [ 139.821757, 35.689204 ], [ 139.820166, 35.689168 ] ] ] } },
{ "type": "Feature", "properties": { "key": "江東区|大島3丁目", "ward": "江東区", "town": "大島３丁目" }, "geometry": { "type": "Polygon", "coordinates": [ [ [ 139.832139, 35.689519 ], [ 139.832165, 35.689521 ], [ 139.832167, 35.689515 ], [ 139.831856, 35.689485 ], [ 139.831793, 35.689478 ], [ 139.831698, 35.68947 ], [ 139.831679, 35.689468 ], [ 139.831549, 35.689456 ], [ 139.831431, 35.689445 ], [ 139.831274, 35.689431 ], [ 139.830574, 35.689368 ], [ 139.829746, 35.689293 ], [ 139.829716, 35.689286 ], [ 139.829519, 35.689292 ], [ 139.828772, 35.689313 ], [ 139.82799, 35.689342 ], [ 139.827556, 35.689349 ], [ 139.826927, 35.689365 ], [ 139.826333, 35.689385 ], [ 139.826259, 35.690283 ], [ 139.826223, 35.690561 ], [ 139.826211, 35.690869 ], [ 139.826203, 35.69101 ], [ 139.826203, 35.691014 ], [ 139.826179, 35.691272 ], [ 139.826164, 35.691486 ], [ 139.826155, 35.691623 ], [ 139.826144, 35.691781 ], [ 139.826131, 35.691924 ], [ 139.826127, 35.691975 ], [ 139.826105, 35.692225 ], [ 139.826088, 35.692432 ], [ 139.826055, 35.692809 ], [ 139.826055, 35.692815 ], [ 139.826018, 35.693272 ], [ 139.826017, 35.693287 ], [ 139.825995, 35.693613 ], [ 139.825995, 35.69362 ], [ 139.827653, 35.693705 ], [ 139.828474, 35.693746 ], [ 139.830126, 35.69383 ], [ 139.830215, 35.693834 ], [ 139.830804, 35.693868 ], [ 139.83156, 35.693904 ], [ 139.83159, 35.693906 ], [ 139.831609, 35.693657 ], [ 139.83161, 35.693649 ], [ 139.831619, 35.693543 ], [ 139.831628, 35.693435 ], [ 139.83164, 35.693303 ], [ 139.831655, 35.693188 ], [ 139.831667, 35.693078 ], [ 139.831669, 35.693062 ], [ 139.831678, 35.692979 ], [ 139.831688, 35.692889 ], [ 139.83169, 35.692872 ], [ 139.831702, 35.692768 ], [ 139.831711, 35.692669 ], [ 139.831718, 35.692548 ], [ 139.83172, 35.692519 ], [ 139.831727, 35.69241 ], [ 139.831736, 35.692314 ], [ 139.831738, 35.692287 ], [ 139.831744, 35.692185 ], [ 139.831756, 35.692089 ], [ 139.83176, 35.692058 ], [ 139.831769, 35.691925 ], [ 139.831783, 35.691763 ], [ 139.8318, 35.691569 ], [ 139.831813, 35.691383 ], [ 139.83183, 35.691212 ], [ 139.831845, 35.691016 ], [ 139.831865, 35.690805 ], [ 139.831868, 35.690763 ], [ 139.831874, 35.690647 ], [ 139.831906, 35.690489 ], [ 139.831935, 35.69035 ], [ 139.831986, 35.690136 ], [ 139.832005, 35.690067 ], [ 139.832048, 35.689905 ], [ 139.832072, 35.689803 ], [ 139.832107, 35.689657 ], [ 139.832139, 35.689519 ] ] ] } },
{ "type": "Feature", "properties": { "key": "江東区|大島4丁目", "ward": "江東区", "town": "大島４丁目" }, "geometry": { "type": "Polygon", "coordinates": [ [ [ 139.832277, 35.689154 ], [ 139.832286, 35.689114 ], [ 139.832372, 35.688728 ], [ 139.832499, 35.688121 ], [ 139.832558, 35.687815 ], [ 139.832663, 35.687331 ], [ 139.832767, 35.686957 ], [ 139.832879, 35.686742 ], [ 139.832881, 35.68672 ], [ 139.832942, 35.686174 ], [ 139.832963, 35.685979 ], [ 139.832986, 35.685739 ], [ 139.832638, 35.685721 ], [ 139.832273, 35.6857 ], [ 139.831715, 35.685663 ], [ 139.83129, 35.685638 ], [ 139.831067, 35.685633 ], [ 139.830817, 35.685619 ], [ 139.830488, 35.6856 ], [ 139.830117, 35.685579 ], [ 139.829834, 35.685562 ], [ 139.828718, 35.685499 ], [ 139.828634, 35.685494 ], [ 139.828579, 35.685491 ], [ 139.828026, 35.68546 ], [ 139.827148, 35.685422 ], [ 139.826978, 35.685412 ], [ 139.826675, 35.685394 ], [ 139.826659, 35.685393 ], [ 139.826611, 35.686015 ], [ 139.826568, 35.686425 ], [ 139.826562, 35.686486 ], [ 139.82652, 35.687018 ], [ 139.826487, 35.687431 ], [ 139.826482, 35.687495 ], [ 139.826422, 35.68825 ], [ 139.826415, 35.688339 ], [ 139.826381, 35.688706 ], [ 139.826372, 35.688809 ], [ 139.826359, 35.688994 ], [ 139.826358, 35.689005 ], [ 139.826358, 35.689015 ], [ 139.826334, 35.689362 ], [ 139.826333, 35.689385 ], [ 139.826927, 35.689365 ], [ 139.827556, 35.689349 ], [ 139.82799, 35.689342 ], [ 139.828772, 35.689313 ], [ 139.829519, 35.689292 ], [ 139.829716, 35.689286 ], [ 139.829746, 35.689293 ], [ 139.830574, 35.689368 ], [ 139.831274, 35.689431 ], [ 139.831431, 35.689445 ], [ 139.831549, 35.689456 ], [ 139.831679, 35.689468 ], [ 139.831698, 35.68947 ], [ 139.831793, 35.689478 ], [ 139.831856, 35.689485 ], [ 139.832167, 35.689515 ], [ 139.832165, 35.689521 ], [ 139.832188, 35.689522 ], [ 139.832277, 35.689154 ] ] ] } },
{ "type": "Feature", "properties": { "key": "江東区|大島5丁目", "ward": "江東区", "town": "大島５丁目" }, "geometry": { "type": "Polygon", "coordinates": [ [ [ 139.835076, 35.685844 ], [ 139.834936, 35.685853 ], [ 139.834768, 35.685845 ], [ 139.834454, 35.685826 ], [ 139.833829, 35.685788 ], [ 139.833239, 35.68575 ], [ 139.833176, 35.685747 ], [ 139.832986, 35.685739 ], [ 139.832963, 35.685979 ], [ 139.832942, 35.686174 ], [ 139.832881, 35.68672 ], [ 139.832879, 35.686742 ], [ 139.832767, 35.686957 ], [ 139.832663, 35.687331 ], [ 139.832558, 35.687815 ], [ 139.832499, 35.688121 ], [ 139.832372, 35.688728 ], [ 139.832286, 35.689114 ], [ 139.832277, 35.689154 ], [ 139.832188, 35.689522 ], [ 139.832409, 35.68954 ], [ 139.83249, 35.689547 ], [ 139.832967, 35.689586 ], [ 139.833197, 35.689609 ], [ 139.833451, 35.68963 ], [ 139.833806, 35.689669 ], [ 139.833896, 35.689679 ], [ 139.834263, 35.68971 ], [ 139.835162, 35.68979 ], [ 139.835736, 35.689848 ], [ 139.836247, 35.689897 ], [ 139.836784, 35.689953 ], [ 139.836853, 35.689955 ], [ 139.837353, 35.690007 ], [ 139.837889, 35.690061 ], [ 139.837934, 35.689863 ], [ 139.837946, 35.68981 ], [ 139.837961, 35.689691 ], [ 139.83797, 35.689624 ], [ 139.837983, 35.689529 ], [ 139.838, 35.689396 ], [ 139.838092, 35.688914 ], [ 139.838114, 35.68881 ], [ 139.838164, 35.688579 ], [ 139.838249, 35.688238 ], [ 139.838316, 35.687937 ], [ 139.838404, 35.687606 ], [ 139.838564, 35.686861 ], [ 139.838627, 35.686568 ], [ 139.83863, 35.686552 ], [ 139.838734, 35.686071 ], [ 139.83862, 35.686042 ], [ 139.838513, 35.686036 ], [ 139.838279, 35.686023 ], [ 139.838147, 35.686017 ], [ 139.838078, 35.686014 ], [ 139.837915, 35.686006 ], [ 139.837417, 35.685977 ], [ 139.837038, 35.685955 ], [ 139.836873, 35.685945 ], [ 139.836402, 35.685923 ], [ 139.836229, 35.685912 ], [ 139.835796, 35.685887 ], [ 139.835614, 35.685876 ], [ 139.835076, 35.685844 ] ] ] } },
{ "type": "Feature", "properties": { "key": "江東区|大島6丁目", "ward": "江東区", "town": "大島６丁目" }, "geometry": { "type": "Polygon", "coordinates": [ [ [ 139.837366, 35.693922 ], [ 139.837367, 35.693911 ], [ 139.837402, 35.693377 ], [ 139.837425, 35.693123 ], [ 139.837463, 35.692703 ], [ 139.837473, 35.692592 ], [ 139.8375, 35.692282 ], [ 139.837511, 35.69215 ], [ 139.837542, 35.691799 ], [ 139.837572, 35.691504 ], [ 139.837581, 35.691415 ], [ 139.837619, 35.691049 ], [ 139.837629, 35.690909 ], [ 139.837634, 35.690844 ], [ 139.837754, 35.690684 ], [ 139.837812, 35.690426 ], [ 139.83783, 35.690341 ], [ 139.837889, 35.690061 ], [ 139.837353, 35.690007 ], [ 139.836853, 35.689955 ], [ 139.836784, 35.689953 ], [ 139.836247, 35.689897 ], [ 139.835736, 35.689848 ], [ 139.835162, 35.68979 ], [ 139.834263, 35.68971 ], [ 139.833896, 35.689679 ], [ 139.833806, 35.689669 ], [ 139.833451, 35.68963 ], [ 139.833197, 35.689609 ], [ 139.832967, 35.689586 ], [ 139.83249, 35.689547 ], [ 139.832409, 35.68954 ], [ 139.832188, 35.689522 ], [ 139.832165, 35.689521 ], [ 139.832139, 35.689519 ], [ 139.832107, 35.689657 ], [ 139.832072, 35.689803 ], [ 139.832048, 35.689905 ], [ 139.832005, 35.690067 ], [ 139.831986, 35.690136 ], [ 139.831935, 35.69035 ], [ 139.831906, 35.690489 ], [ 139.831874, 35.690647 ], [ 139.831868, 35.690763 ], [ 139.831865, 35.690805 ], [ 139.831845, 35.691016 ], [ 139.83183, 35.691212 ], [ 139.831813, 35.691383 ], [ 139.8318, 35.691569 ], [ 139.831783, 35.691763 ], [ 139.831769, 35.691925 ], [ 139.83176, 35.692058 ], [ 139.831756, 35.692089 ], [ 139.831744, 35.692185 ], [ 139.831738, 35.692287 ], [ 139.831736, 35.692314 ], [ 139.831727, 35.69241 ], [ 139.83172, 35.692519 ], [ 139.831718, 35.692548 ], [ 139.831711, 35.692669 ], [ 139.831702, 35.692768 ], [ 139.83169, 35.692872 ], [ 139.831688, 35.692889 ], [ 139.831678, 35.692979 ], [ 139.831669, 35.693062 ], [ 139.831667, 35.693078 ], [ 139.831655, 35.693188 ], [ 139.83164, 35.693303 ], [ 139.831628, 35.693435 ], [ 139.831619, 35.693543 ], [ 139.83161, 35.693649 ], [ 139.831609, 35.693657 ], [ 139.83159, 35.693906 ], [ 139.832408, 35.693953 ], [ 139.833125, 35.693989 ], [ 139.833162, 35.693988 ], [ 139.834362, 35.69405 ], [ 139.834783, 35.694071 ], [ 139.834795, 35.694072 ], [ 139.836697, 35.694171 ], [ 139.837328, 35.694205 ], [ 139.837345, 35.694204 ], [ 139.837366, 35.693922 ] ] ] } },
{ "type": "Feature", "properties": { "key": "江東区|大島7丁目", "ward": "江東区", "town": "大島７丁目" }, "geometry": { "type": "Polygon", "coordinates": [ [ [ 139.837889, 35.690061 ], [ 139.83783, 35.690341 ], [ 139.837812, 35.690426 ], [ 139.837754, 35.690684 ], [ 139.837634, 35.690844 ], [ 139.837629, 35.690909 ], [ 139.837619, 35.691049 ], [ 139.837581, 35.691415 ], [ 139.837572, 35.691504 ], [ 139.837542, 35.691799 ], [ 139.837511, 35.69215 ], [ 139.8375, 35.692282 ], [ 139.837473, 35.692592 ], [ 139.837463, 35.692703 ], [ 139.837425, 35.693123 ], [ 139.837402, 35.693377 ], [ 139.837367, 35.693911 ], [ 139.837366, 35.693922 ], [ 139.837345, 35.694204 ], [ 139.838473, 35.694251 ], [ 139.839364, 35.694289 ], [ 139.840124, 35.694313 ], [ 139.840365, 35.694321 ], [ 139.842179, 35.694392 ], [ 139.84329, 35.694431 ], [ 139.843336, 35.694196 ], [ 139.843397, 35.693827 ], [ 139.843421, 35.693688 ], [ 139.843479, 35.693374 ], [ 139.843594, 35.692978 ], [ 139.843638, 35.692828 ], [ 139.843648, 35.692792 ], [ 139.843703, 35.692597 ], [ 139.84381, 35.692215 ], [ 139.843883, 35.691944 ], [ 139.84389, 35.691919 ], [ 139.843951, 35.691691 ], [ 139.84397, 35.691615 ], [ 139.843979, 35.691576 ], [ 139.844027, 35.691423 ], [ 139.844053, 35.691336 ], [ 139.844064, 35.691297 ], [ 139.844101, 35.691153 ], [ 139.844124, 35.691077 ], [ 139.844129, 35.691058 ], [ 139.844149, 35.690991 ], [ 139.844198, 35.690809 ], [ 139.844243, 35.690645 ], [ 139.843929, 35.690612 ], [ 139.843268, 35.690553 ], [ 139.842653, 35.690493 ], [ 139.842169, 35.690446 ], [ 139.841923, 35.690428 ], [ 139.841569, 35.690395 ], [ 139.841426, 35.690376 ], [ 139.840633, 35.690306 ], [ 139.840025, 35.690258 ], [ 139.839223, 35.69018 ], [ 139.838489, 35.690115 ], [ 139.837889, 35.690061 ] ] ] } },
{ "type": "Feature", "properties": { "key": "江東区|大島8丁目", "ward": "江東区", "town": "大島８丁目" }, "geometry": { "type": "Polygon", "coordinates": [ [ [ 139.838734, 35.686071 ], [ 139.83863, 35.686552 ], [ 139.838627, 35.686568 ], [ 139.838564, 35.686861 ], [ 139.838404, 35.687606 ], [ 139.838316, 35.687937 ], [ 139.838249, 35.688238 ], [ 139.838164, 35.688579 ], [ 139.838114, 35.68881 ], [ 139.838092, 35.688914 ], [ 139.838, 35.689396 ], [ 139.837983, 35.689529 ], [ 139.83797, 35.689624 ], [ 139.837961, 35.689691 ], [ 139.837946, 35.68981 ], [ 139.837934, 35.689863 ], [ 139.837889, 35.690061 ], [ 139.838489, 35.690115 ], [ 139.839223, 35.69018 ], [ 139.840025, 35.690258 ], [ 139.840633, 35.690306 ], [ 139.841426, 35.690376 ], [ 139.841569, 35.690395 ], [ 139.841923, 35.690428 ], [ 139.842169, 35.690446 ], [ 139.842653, 35.690493 ], [ 139.843268, 35.690553 ], [ 139.843929, 35.690612 ], [ 139.844243, 35.690645 ], [ 139.844549, 35.689712 ], [ 139.844561, 35.689675 ], [ 139.844639, 35.68943 ], [ 139.8447, 35.68924 ], [ 139.844765, 35.689038 ], [ 139.844858, 35.688747 ], [ 139.844891, 35.688645 ], [ 139.84509, 35.688025 ], [ 139.845157, 35.687799 ], [ 139.845162, 35.687625 ], [ 139.845166, 35.687472 ], [ 139.845176, 35.687305 ], [ 139.845174, 35.687169 ], [ 139.845178, 35.687008 ], [ 139.845185, 35.686846 ], [ 139.845195, 35.686659 ], [ 139.845203, 35.686472 ], [ 139.844006, 35.686395 ], [ 139.843694, 35.686377 ], [ 139.843573, 35.68637 ], [ 139.842594, 35.686312 ], [ 139.842232, 35.686294 ], [ 139.84207, 35.686289 ], [ 139.841759, 35.686269 ], [ 139.841475, 35.68625 ], [ 139.841357, 35.686243 ], [ 139.84124, 35.686237 ], [ 139.84085, 35.686223 ], [ 139.840299, 35.686186 ], [ 139.840122, 35.686176 ], [ 139.839323, 35.686128 ], [ 139.839003, 35.686109 ], [ 139.838734, 35.686071 ] ] ] } },
{ "type": "Feature", "properties": { "key": "江東区|大島9丁目", "ward": "江東区", "town": "大島９丁目" }, "geometry": { "type": "Polygon", "coordinates": [ [ [ 139.845243, 35.686465 ], [ 139.845203, 35.686472 ], [ 139.845195, 35.686659 ], [ 139.845185, 35.686846 ], [ 139.845178, 35.687008 ], [ 139.845174, 35.687169 ], [ 139.845176, 35.687305 ], [ 139.845166, 35.687472 ], [ 139.845162, 35.687625 ], [ 139.845157, 35.687799 ], [ 139.84509, 35.688025 ], [ 139.844891, 35.688645 ], [ 139.844858, 35.688747 ], [ 139.844765, 35.689038 ], [ 139.8447, 35.68924 ], [ 139.844639, 35.68943 ], [ 139.844561, 35.689675 ], [ 139.844549, 35.689712 ], [ 139.844243, 35.690645 ], [ 139.844198, 35.690809 ], [ 139.844149, 35.690991 ], [ 139.844129, 35.691058 ], [ 139.844124, 35.691077 ], [ 139.844101, 35.691153 ], [ 139.844064, 35.691297 ], [ 139.844053, 35.691336 ], [ 139.844027, 35.691423 ], [ 139.843979, 35.691576 ], [ 139.84397, 35.691615 ], [ 139.843951, 35.691691 ], [ 139.84389, 35.691919 ], [ 139.843883, 35.691944 ], [ 139.84381, 35.692215 ], [ 139.843703, 35.692597 ], [ 139.843648, 35.692792 ], [ 139.843638, 35.692828 ], [ 139.843594, 35.692978 ], [ 139.843479, 35.693374 ], [ 139.843421, 35.693688 ], [ 139.843397, 35.693827 ], [ 139.843336, 35.694196 ], [ 139.84329, 35.694431 ], [ 139.84331, 35.694432 ], [ 139.844349, 35.694471 ], [ 139.845266, 35.694501 ], [ 139.845533, 35.694509 ], [ 139.84612, 35.694556 ], [ 139.846687, 35.694601 ], [ 139.847035, 35.694628 ], [ 139.847803, 35.694714 ], [ 139.847883, 35.694487 ], [ 139.847893, 35.694433 ], [ 139.847921, 35.694229 ], [ 139.847962, 35.694077 ], [ 139.848003, 35.693641 ], [ 139.848002, 35.693431 ], [ 139.848011, 35.692988 ], [ 139.848012, 35.692453 ], [ 139.847981, 35.692121 ], [ 139.847959, 35.69189 ], [ 139.847932, 35.691599 ], [ 139.847903, 35.691299 ], [ 139.847862, 35.690899 ], [ 139.847863, 35.690879 ], [ 139.847833, 35.690346 ], [ 139.847816, 35.690073 ], [ 139.847801, 35.689845 ], [ 139.847789, 35.689676 ], [ 139.847761, 35.689195 ], [ 139.847747, 35.688863 ], [ 139.847711, 35.68867 ], [ 139.847648, 35.688478 ], [ 139.847528, 35.688112 ], [ 139.847381, 35.687667 ], [ 139.84726, 35.687251 ], [ 139.847051, 35.686565 ], [ 139.845243, 35.686465 ] ] ] } },
{ "type": "Feature", "properties": { "key": "江東区|北砂1丁目", "ward": "江東区", "town": "北砂１丁目" }, "geometry": { "type": "Polygon", "coordinates": [ [ [ 139.824727, 35.681607 ], [ 139.824772, 35.681356 ], [ 139.824819, 35.681098 ], [ 139.824822, 35.681082 ], [ 139.824839, 35.680988 ], [ 139.824811, 35.680965 ], [ 139.825064, 35.679837 ], [ 139.825101, 35.679675 ], [ 139.825102, 35.679667 ], [ 139.825126, 35.679563 ], [ 139.825163, 35.679374 ], [ 139.825259, 35.678882 ], [ 139.82526, 35.678875 ], [ 139.825261, 35.678869 ], [ 139.825343, 35.678506 ], [ 139.825362, 35.67843 ], [ 139.825545, 35.677828 ], [ 139.825568, 35.677719 ], [ 139.825585, 35.677557 ], [ 139.825586, 35.677554 ], [ 139.825584, 35.677555 ], [ 139.825497, 35.677609 ], [ 139.824866, 35.677997 ], [ 139.824539, 35.678384 ], [ 139.824095, 35.67891 ], [ 139.823641, 35.67945 ], [ 139.823223, 35.679957 ], [ 139.823218, 35.679964 ], [ 139.822976, 35.680252 ], [ 139.822694, 35.680588 ], [ 139.822537, 35.680774 ], [ 139.822455, 35.680872 ], [ 139.822389, 35.680951 ], [ 139.822351, 35.680996 ], [ 139.822324, 35.681028 ], [ 139.822194, 35.681121 ], [ 139.822117, 35.681174 ], [ 139.821041, 35.68191 ], [ 139.820974, 35.681949 ], [ 139.820809, 35.682046 ], [ 139.820804, 35.682018 ], [ 139.820797, 35.682036 ], [ 139.820816, 35.682167 ], [ 139.820827, 35.682251 ], [ 139.820793, 35.682627 ], [ 139.820733, 35.68328 ], [ 139.820731, 35.683303 ], [ 139.820674, 35.683959 ], [ 139.820647, 35.684407 ], [ 139.820598, 35.684967 ], [ 139.820591, 35.685045 ], [ 139.820946, 35.685067 ], [ 139.82169, 35.685112 ], [ 139.822271, 35.685144 ], [ 139.822493, 35.685156 ], [ 139.822861, 35.685178 ], [ 139.82288, 35.685179 ], [ 139.823115, 35.685193 ], [ 139.82331, 35.685209 ], [ 139.823442, 35.685212 ], [ 139.823627, 35.68522 ], [ 139.823766, 35.685231 ], [ 139.824131, 35.685242 ], [ 139.824189, 35.684941 ], [ 139.824233, 35.684717 ], [ 139.824235, 35.684705 ], [ 139.824287, 35.684424 ], [ 139.824288, 35.684414 ], [ 139.824337, 35.68415 ], [ 139.824385, 35.683953 ], [ 139.824316, 35.683943 ], [ 139.824318, 35.683933 ], [ 139.824358, 35.683697 ], [ 139.824362, 35.683672 ], [ 139.824545, 35.682609 ], [ 139.824546, 35.682606 ], [ 139.824634, 35.682119 ], [ 139.824727, 35.681607 ] ] ] } },
{ "type": "Feature", "properties": { "key": "江東区|北砂2丁目", "ward": "江東区", "town": "北砂２丁目" }, "geometry": { "type": "Polygon", "coordinates": [ [ [ 139.827112, 35.677078 ], [ 139.826813, 35.677164 ], [ 139.826587, 35.677229 ], [ 139.825701, 35.677484 ], [ 139.825586, 35.677554 ], [ 139.825585, 35.677557 ], [ 139.825568, 35.677719 ], [ 139.825545, 35.677828 ], [ 139.825362, 35.67843 ], [ 139.825343, 35.678506 ], [ 139.825261, 35.678869 ], [ 139.82526, 35.678875 ], [ 139.825259, 35.678882 ], [ 139.825163, 35.679374 ], [ 139.825126, 35.679563 ], [ 139.825102, 35.679667 ], [ 139.825101, 35.679675 ], [ 139.825064, 35.679837 ], [ 139.824811, 35.680965 ], [ 139.824839, 35.680988 ], [ 139.824822, 35.681082 ], [ 139.824819, 35.681098 ], [ 139.824772, 35.681356 ], [ 139.824727, 35.681607 ], [ 139.824634, 35.682119 ], [ 139.824546, 35.682606 ], [ 139.824545, 35.682609 ], [ 139.824362, 35.683672 ], [ 139.824358, 35.683697 ], [ 139.824318, 35.683933 ], [ 139.824316, 35.683943 ], [ 139.824385, 35.683953 ], [ 139.824337, 35.68415 ], [ 139.824288, 35.684414 ], [ 139.824287, 35.684424 ], [ 139.824235, 35.684705 ], [ 139.824233, 35.684717 ], [ 139.824189, 35.684941 ], [ 139.824131, 35.685242 ], [ 139.824216, 35.685246 ], [ 139.824744, 35.685281 ], [ 139.82549, 35.685316 ], [ 139.826005, 35.68535 ], [ 139.826659, 35.685393 ], [ 139.826675, 35.685394 ], [ 139.826711, 35.684992 ], [ 139.826751, 35.684542 ], [ 139.82677, 35.684334 ], [ 139.826787, 35.68414 ], [ 139.82679, 35.684107 ], [ 139.82682, 35.683775 ], [ 139.826823, 35.683742 ], [ 139.826966, 35.683309 ], [ 139.827099, 35.682906 ], [ 139.827141, 35.68278 ], [ 139.827156, 35.682736 ], [ 139.827202, 35.682595 ], [ 139.827305, 35.682284 ], [ 139.827397, 35.682005 ], [ 139.827438, 35.681882 ], [ 139.827492, 35.681718 ], [ 139.827555, 35.681528 ], [ 139.827588, 35.681427 ], [ 139.827666, 35.681178 ], [ 139.827677, 35.681073 ], [ 139.827632, 35.680628 ], [ 139.827618, 35.680493 ], [ 139.827543, 35.680009 ], [ 139.827514, 35.679789 ], [ 139.827456, 35.679426 ], [ 139.827428, 35.679242 ], [ 139.827374, 35.678871 ], [ 139.827183, 35.677645 ], [ 139.827112, 35.677078 ] ] ] } },
{ "type": "Feature", "properties": { "key": "江東区|北砂3丁目", "ward": "江東区", "town": "北砂３丁目" }, "geometry": { "type": "Polygon", "coordinates": [ [ [ 139.830659, 35.681611 ], [ 139.831285, 35.68162 ], [ 139.831284, 35.681387 ], [ 139.831284, 35.681154 ], [ 139.831285, 35.680932 ], [ 139.831279, 35.680887 ], [ 139.83128, 35.6808 ], [ 139.831282, 35.680224 ], [ 139.831296, 35.679699 ], [ 139.830652, 35.679624 ], [ 139.830632, 35.679622 ], [ 139.830415, 35.679591 ], [ 139.830085, 35.679554 ], [ 139.829985, 35.679543 ], [ 139.829754, 35.67951 ], [ 139.829492, 35.679479 ], [ 139.829299, 35.679456 ], [ 139.829279, 35.679453 ], [ 139.828953, 35.679413 ], [ 139.828904, 35.679408 ], [ 139.828617, 35.679374 ], [ 139.828574, 35.679369 ], [ 139.828373, 35.679345 ], [ 139.828143, 35.679313 ], [ 139.827749, 35.679264 ], [ 139.827638, 35.67925 ], [ 139.827428, 35.679242 ], [ 139.827456, 35.679426 ], [ 139.827514, 35.679789 ], [ 139.827543, 35.680009 ], [ 139.827618, 35.680493 ], [ 139.827632, 35.680628 ], [ 139.827677, 35.681073 ], [ 139.827666, 35.681178 ], [ 139.827588, 35.681427 ], [ 139.827555, 35.681528 ], [ 139.827492, 35.681718 ], [ 139.827438, 35.681882 ], [ 139.827397, 35.682005 ], [ 139.827305, 35.682284 ], [ 139.827202, 35.682595 ], [ 139.827156, 35.682736 ], [ 139.827141, 35.68278 ], [ 139.827099, 35.682906 ], [ 139.826966, 35.683309 ], [ 139.826823, 35.683742 ], [ 139.82682, 35.683775 ], [ 139.82679, 35.684107 ], [ 139.826787, 35.68414 ], [ 139.82677, 35.684334 ], [ 139.826751, 35.684542 ], [ 139.826711, 35.684992 ], [ 139.826675, 35.685394 ], [ 139.826978, 35.685412 ], [ 139.827148, 35.685422 ], [ 139.828026, 35.68546 ], [ 139.828579, 35.685491 ], [ 139.828634, 35.685494 ], [ 139.828718, 35.685499 ], [ 139.829834, 35.685562 ], [ 139.830117, 35.685579 ], [ 139.830488, 35.6856 ], [ 139.830502, 35.685303 ], [ 139.830525, 35.685018 ], [ 139.830539, 35.684864 ], [ 139.830549, 35.684744 ], [ 139.830559, 35.684542 ], [ 139.830568, 35.684344 ], [ 139.83058, 35.684145 ], [ 139.830601, 35.683941 ], [ 139.83063, 35.683728 ], [ 139.830649, 35.683164 ], [ 139.830668, 35.68293 ], [ 139.830663, 35.682714 ], [ 139.830663, 35.682673 ], [ 139.830663, 35.682492 ], [ 139.830663, 35.682328 ], [ 139.830672, 35.682142 ], [ 139.830674, 35.682021 ], [ 139.830659, 35.681611 ] ] ] } },
{ "type": "Feature", "properties": { "key": "江東区|北砂4丁目", "ward": "江東区", "town": "北砂４丁目" }, "geometry": { "type": "Polygon", "coordinates": [ [ [ 139.83378, 35.676252 ], [ 139.833453, 35.676291 ], [ 139.833159, 35.676327 ], [ 139.832996, 35.676346 ], [ 139.832773, 35.676367 ], [ 139.832656, 35.676387 ], [ 139.832513, 35.676404 ], [ 139.832162, 35.676443 ], [ 139.831865, 35.676483 ], [ 139.831555, 35.676523 ], [ 139.831306, 35.676555 ], [ 139.831255, 35.676561 ], [ 139.831028, 35.676589 ], [ 139.830921, 35.676602 ], [ 139.830856, 35.67661 ], [ 139.830691, 35.67663 ], [ 139.830666, 35.676633 ], [ 139.830236, 35.676684 ], [ 139.830225, 35.676685 ], [ 139.829935, 35.676724 ], [ 139.829787, 35.676744 ], [ 139.829611, 35.676767 ], [ 139.8294, 35.676794 ], [ 139.829226, 35.676816 ], [ 139.82873, 35.676875 ], [ 139.828591, 35.676891 ], [ 139.828213, 35.67694 ], [ 139.828175, 35.676945 ], [ 139.827992, 35.676968 ], [ 139.827948, 35.676974 ], [ 139.827735, 35.677 ], [ 139.827541, 35.677024 ], [ 139.827324, 35.677051 ], [ 139.827112, 35.677078 ], [ 139.827183, 35.677645 ], [ 139.827374, 35.678871 ], [ 139.827428, 35.679242 ], [ 139.827638, 35.67925 ], [ 139.827749, 35.679264 ], [ 139.828143, 35.679313 ], [ 139.828373, 35.679345 ], [ 139.828574, 35.679369 ], [ 139.828617, 35.679374 ], [ 139.828904, 35.679408 ], [ 139.828953, 35.679413 ], [ 139.829279, 35.679453 ], [ 139.829299, 35.679456 ], [ 139.829492, 35.679479 ], [ 139.829754, 35.67951 ], [ 139.829985, 35.679543 ], [ 139.830085, 35.679554 ], [ 139.830415, 35.679591 ], [ 139.830632, 35.679622 ], [ 139.830652, 35.679624 ], [ 139.831296, 35.679699 ], [ 139.831311, 35.6797 ], [ 139.832318, 35.679816 ], [ 139.832605, 35.679849 ], [ 139.832824, 35.679874 ], [ 139.833035, 35.679898 ], [ 139.833263, 35.679922 ], [ 139.833565, 35.679954 ], [ 139.833771, 35.679975 ], [ 139.833946, 35.679996 ], [ 139.834112, 35.680015 ], [ 139.834169, 35.680022 ], [ 139.834498, 35.68005 ], [ 139.834589, 35.680061 ], [ 139.83461, 35.680064 ], [ 139.834872, 35.680107 ], [ 139.834951, 35.680117 ], [ 139.834948, 35.680105 ], [ 139.834855, 35.679771 ], [ 139.834788, 35.679533 ], [ 139.83475, 35.67941 ], [ 139.834723, 35.679323 ], [ 139.834571, 35.67883 ], [ 139.834522, 35.678655 ], [ 139.834435, 35.678365 ], [ 139.83432, 35.678006 ], [ 139.834244, 35.677758 ], [ 139.83423, 35.677712 ], [ 139.834222, 35.677684 ], [ 139.834148, 35.677442 ], [ 139.834095, 35.677267 ], [ 139.834072, 35.677191 ], [ 139.834003, 35.676969 ], [ 139.83378, 35.676252 ] ] ] } },
{ "type": "Feature", "properties": { "key": "江東区|北砂5丁目", "ward": "江東区", "town": "北砂５丁目" }, "geometry": { "type": "Polygon", "coordinates": [ [ [ 139.836408, 35.685587 ], [ 139.836394, 35.685252 ], [ 139.83635, 35.684978 ], [ 139.836283, 35.684683 ], [ 139.836276, 35.684654 ], [ 139.836204, 35.684411 ], [ 139.836126, 35.684157 ], [ 139.835981, 35.68369 ], [ 139.835919, 35.683466 ], [ 139.835896, 35.683403 ], [ 139.835791, 35.683041 ], [ 139.83571, 35.682721 ], [ 139.835684, 35.682654 ], [ 139.835646, 35.682525 ], [ 139.835575, 35.682288 ], [ 139.835555, 35.682244 ], [ 139.835462, 35.681925 ], [ 139.835402, 35.681728 ], [ 139.835341, 35.681538 ], [ 139.835286, 35.681367 ], [ 139.835244, 35.681218 ], [ 139.835223, 35.681144 ], [ 139.835188, 35.681023 ], [ 139.835095, 35.680702 ], [ 139.835057, 35.680581 ], [ 139.834951, 35.680117 ], [ 139.834872, 35.680107 ], [ 139.83461, 35.680064 ], [ 139.834589, 35.680061 ], [ 139.834498, 35.68005 ], [ 139.834169, 35.680022 ], [ 139.834112, 35.680015 ], [ 139.833946, 35.679996 ], [ 139.833771, 35.679975 ], [ 139.833565, 35.679954 ], [ 139.833263, 35.679922 ], [ 139.833035, 35.679898 ], [ 139.832824, 35.679874 ], [ 139.832605, 35.679849 ], [ 139.832318, 35.679816 ], [ 139.831311, 35.6797 ], [ 139.831296, 35.679699 ], [ 139.831282, 35.680224 ], [ 139.83128, 35.6808 ], [ 139.831279, 35.680887 ], [ 139.831285, 35.680932 ], [ 139.831284, 35.681154 ], [ 139.831284, 35.681387 ], [ 139.831285, 35.68162 ], [ 139.830659, 35.681611 ], [ 139.830674, 35.682021 ], [ 139.830672, 35.682142 ], [ 139.830663, 35.682328 ], [ 139.830663, 35.682492 ], [ 139.830663, 35.682673 ], [ 139.830663, 35.682714 ], [ 139.830668, 35.68293 ], [ 139.830649, 35.683164 ], [ 139.83063, 35.683728 ], [ 139.830601, 35.683941 ], [ 139.83058, 35.684145 ], [ 139.830568, 35.684344 ], [ 139.830559, 35.684542 ], [ 139.830549, 35.684744 ], [ 139.830539, 35.684864 ], [ 139.830525, 35.685018 ], [ 139.830502, 35.685303 ], [ 139.830488, 35.6856 ], [ 139.830817, 35.685619 ], [ 139.831067, 35.685633 ], [ 139.83129, 35.685638 ], [ 139.831715, 35.685663 ], [ 139.832273, 35.6857 ], [ 139.832638, 35.685721 ], [ 139.832986, 35.685739 ], [ 139.833176, 35.685747 ], [ 139.833239, 35.68575 ], [ 139.833829, 35.685788 ], [ 139.834454, 35.685826 ], [ 139.834768, 35.685845 ], [ 139.834936, 35.685853 ], [ 139.835076, 35.685844 ], [ 139.835614, 35.685876 ], [ 139.835796, 35.685887 ], [ 139.836229, 35.685912 ], [ 139.836402, 35.685923 ], [ 139.836408, 35.685587 ] ] ] } },
{ "type": "Feature", "properties": { "key": "江東区|北砂6丁目", "ward": "江東区", "town": "北砂６丁目" }, "geometry": { "type": "Polygon", "coordinates": [ [ [ 139.838005, 35.680127 ], [ 139.837257, 35.68009 ], [ 139.837238, 35.680089 ], [ 139.837204, 35.68009 ], [ 139.836384, 35.680114 ], [ 139.836238, 35.680118 ], [ 139.835933, 35.680125 ], [ 139.835776, 35.680127 ], [ 139.835086, 35.680135 ], [ 139.834951, 35.680117 ], [ 139.835057, 35.680581 ], [ 139.835095, 35.680702 ], [ 139.835188, 35.681023 ], [ 139.835223, 35.681144 ], [ 139.835244, 35.681218 ], [ 139.835286, 35.681367 ], [ 139.835341, 35.681538 ], [ 139.835402, 35.681728 ], [ 139.835462, 35.681925 ], [ 139.835555, 35.682244 ], [ 139.835575, 35.682288 ], [ 139.835646, 35.682525 ], [ 139.835684, 35.682654 ], [ 139.83571, 35.682721 ], [ 139.835791, 35.683041 ], [ 139.835896, 35.683403 ], [ 139.835919, 35.683466 ], [ 139.835981, 35.68369 ], [ 139.836126, 35.684157 ], [ 139.836204, 35.684411 ], [ 139.836276, 35.684654 ], [ 139.836283, 35.684683 ], [ 139.83635, 35.684978 ], [ 139.836394, 35.685252 ], [ 139.836408, 35.685587 ], [ 139.836402, 35.685923 ], [ 139.836873, 35.685945 ], [ 139.837038, 35.685955 ], [ 139.837417, 35.685977 ], [ 139.837915, 35.686006 ], [ 139.838078, 35.686014 ], [ 139.838147, 35.686017 ], [ 139.838279, 35.686023 ], [ 139.838513, 35.686036 ], [ 139.83862, 35.686042 ], [ 139.838734, 35.686071 ], [ 139.839003, 35.686109 ], [ 139.839323, 35.686128 ], [ 139.839206, 35.684628 ], [ 139.839201, 35.684546 ], [ 139.839191, 35.68431 ], [ 139.839177, 35.68415 ], [ 139.83917, 35.68406 ], [ 139.839166, 35.684008 ], [ 139.839166, 35.68397 ], [ 139.839165, 35.683864 ], [ 139.839145, 35.683586 ], [ 139.839127, 35.683377 ], [ 139.839086, 35.682829 ], [ 139.839079, 35.682747 ], [ 139.839066, 35.682538 ], [ 139.839061, 35.682418 ], [ 139.839044, 35.682211 ], [ 139.839028, 35.682028 ], [ 139.839013, 35.681847 ], [ 139.839008, 35.681775 ], [ 139.838979, 35.681436 ], [ 139.838952, 35.681104 ], [ 139.838944, 35.681004 ], [ 139.838919, 35.68074 ], [ 139.838884, 35.680312 ], [ 139.838687, 35.680272 ], [ 139.838423, 35.680198 ], [ 139.838005, 35.680127 ] ] ] } },
{ "type": "Feature", "properties": { "key": "江東区|北砂7丁目", "ward": "江東区", "town": "北砂７丁目" }, "geometry": { "type": "Polygon", "coordinates": [ [ [ 139.838842, 35.680072 ], [ 139.838809, 35.679995 ], [ 139.838758, 35.679901 ], [ 139.838702, 35.679797 ], [ 139.838642, 35.679686 ], [ 139.838586, 35.679584 ], [ 139.838534, 35.679487 ], [ 139.83848, 35.679387 ], [ 139.838427, 35.67929 ], [ 139.838373, 35.679189 ], [ 139.838223, 35.678973 ], [ 139.83755, 35.677727 ], [ 139.837138, 35.676965 ], [ 139.8371, 35.676916 ], [ 139.836606, 35.675931 ], [ 139.835965, 35.676004 ], [ 139.83538, 35.67607 ], [ 139.835, 35.676113 ], [ 139.834679, 35.67615 ], [ 139.834411, 35.676177 ], [ 139.834155, 35.676203 ], [ 139.83378, 35.676252 ], [ 139.834003, 35.676969 ], [ 139.834072, 35.677191 ], [ 139.834095, 35.677267 ], [ 139.834148, 35.677442 ], [ 139.834222, 35.677684 ], [ 139.83423, 35.677712 ], [ 139.834244, 35.677758 ], [ 139.83432, 35.678006 ], [ 139.834435, 35.678365 ], [ 139.834522, 35.678655 ], [ 139.834571, 35.67883 ], [ 139.834723, 35.679323 ], [ 139.83475, 35.67941 ], [ 139.834788, 35.679533 ], [ 139.834855, 35.679771 ], [ 139.834948, 35.680105 ], [ 139.834951, 35.680117 ], [ 139.835086, 35.680135 ], [ 139.835776, 35.680127 ], [ 139.835933, 35.680125 ], [ 139.836238, 35.680118 ], [ 139.836384, 35.680114 ], [ 139.837204, 35.68009 ], [ 139.837238, 35.680089 ], [ 139.837257, 35.68009 ], [ 139.838005, 35.680127 ], [ 139.838423, 35.680198 ], [ 139.838687, 35.680272 ], [ 139.838884, 35.680312 ], [ 139.838949, 35.680324 ], [ 139.838919, 35.680254 ], [ 139.838882, 35.680168 ], [ 139.838842, 35.680072 ] ] ] } },
{ "type": "Feature", "properties": { "key": "江東区|東砂1丁目", "ward": "江東区", "town": "東砂１丁目" }, "geometry": { "type": "Polygon", "coordinates": [ [ [ 139.840843, 35.680544 ], [ 139.840495, 35.680562 ], [ 139.840394, 35.680567 ], [ 139.840207, 35.680577 ], [ 139.839886, 35.680513 ], [ 139.839571, 35.680449 ], [ 139.839244, 35.680384 ], [ 139.838949, 35.680324 ], [ 139.838884, 35.680312 ], [ 139.838919, 35.68074 ], [ 139.838944, 35.681004 ], [ 139.838952, 35.681104 ], [ 139.838979, 35.681436 ], [ 139.839008, 35.681775 ], [ 139.839013, 35.681847 ], [ 139.839028, 35.682028 ], [ 139.839044, 35.682211 ], [ 139.839061, 35.682418 ], [ 139.839066, 35.682538 ], [ 139.839079, 35.682747 ], [ 139.839086, 35.682829 ], [ 139.839127, 35.683377 ], [ 139.839145, 35.683586 ], [ 139.839165, 35.683864 ], [ 139.839166, 35.68397 ], [ 139.839166, 35.684008 ], [ 139.83917, 35.68406 ], [ 139.839177, 35.68415 ], [ 139.839191, 35.68431 ], [ 139.839201, 35.684546 ], [ 139.839206, 35.684628 ], [ 139.839323, 35.686128 ], [ 139.840122, 35.686176 ], [ 139.840299, 35.686186 ], [ 139.84085, 35.686223 ], [ 139.84124, 35.686237 ], [ 139.841357, 35.686243 ], [ 139.841382, 35.685255 ], [ 139.841381, 35.685104 ], [ 139.84138, 35.684904 ], [ 139.841373, 35.684625 ], [ 139.841381, 35.68443 ], [ 139.841356, 35.683955 ], [ 139.841347, 35.68359 ], [ 139.841332, 35.683494 ], [ 139.841315, 35.683384 ], [ 139.841281, 35.683155 ], [ 139.841179, 35.682577 ], [ 139.841127, 35.682338 ], [ 139.841043, 35.681909 ], [ 139.84095, 35.681429 ], [ 139.840843, 35.680544 ] ] ] } },
{ "type": "Feature", "properties": { "key": "江東区|東砂2丁目", "ward": "江東区", "town": "東砂２丁目" }, "geometry": { "type": "Polygon", "coordinates": [ [ [ 139.846612, 35.685192 ], [ 139.846164, 35.683534 ], [ 139.846171, 35.68348 ], [ 139.846245, 35.683424 ], [ 139.846544, 35.68325 ], [ 139.846649, 35.683164 ], [ 139.846705, 35.683087 ], [ 139.846681, 35.682978 ], [ 139.845957, 35.681727 ], [ 139.845931, 35.681811 ], [ 139.845577, 35.681864 ], [ 139.844938, 35.681961 ], [ 139.844497, 35.68203 ], [ 139.844491, 35.68203 ], [ 139.842744, 35.682312 ], [ 139.841779, 35.682482 ], [ 139.841202, 35.682573 ], [ 139.841179, 35.682577 ], [ 139.841281, 35.683155 ], [ 139.841315, 35.683384 ], [ 139.841332, 35.683494 ], [ 139.841347, 35.68359 ], [ 139.841356, 35.683955 ], [ 139.841381, 35.68443 ], [ 139.841373, 35.684625 ], [ 139.84138, 35.684904 ], [ 139.841381, 35.685104 ], [ 139.841382, 35.685255 ], [ 139.841357, 35.686243 ], [ 139.841475, 35.68625 ], [ 139.841759, 35.686269 ], [ 139.84207, 35.686289 ], [ 139.842232, 35.686294 ], [ 139.842594, 35.686312 ], [ 139.843573, 35.68637 ], [ 139.843694, 35.686377 ], [ 139.844006, 35.686395 ], [ 139.845203, 35.686472 ], [ 139.845243, 35.686465 ], [ 139.847051, 35.686565 ], [ 139.846612, 35.685192 ] ] ] } },
{ "type": "Feature", "properties": { "key": "江東区|東砂3丁目", "ward": "江東区", "town": "東砂３丁目" }, "geometry": { "type": "Polygon", "coordinates": [ [ [ 139.847793, 35.676972 ], [ 139.844117, 35.677394 ], [ 139.843424, 35.677448 ], [ 139.842996, 35.677478 ], [ 139.842767, 35.677493 ], [ 139.842315, 35.677524 ], [ 139.842027, 35.677546 ], [ 139.841882, 35.677556 ], [ 139.841151, 35.677604 ], [ 139.840942, 35.677619 ], [ 139.840336, 35.677664 ], [ 139.84038, 35.677898 ], [ 139.84042, 35.678108 ], [ 139.840425, 35.678146 ], [ 139.84046, 35.678362 ], [ 139.840485, 35.67852 ], [ 139.840587, 35.679101 ], [ 139.84061, 35.679233 ], [ 139.840653, 35.679441 ], [ 139.840694, 35.679748 ], [ 139.840843, 35.680544 ], [ 139.84095, 35.681429 ], [ 139.841043, 35.681909 ], [ 139.841127, 35.682338 ], [ 139.841179, 35.682577 ], [ 139.841202, 35.682573 ], [ 139.841779, 35.682482 ], [ 139.842744, 35.682312 ], [ 139.844491, 35.68203 ], [ 139.844497, 35.68203 ], [ 139.844938, 35.681961 ], [ 139.845577, 35.681864 ], [ 139.845931, 35.681811 ], [ 139.845957, 35.681727 ], [ 139.845945, 35.681707 ], [ 139.845964, 35.681404 ], [ 139.84608, 35.681112 ], [ 139.846127, 35.681068 ], [ 139.848981, 35.67998 ], [ 139.848836, 35.679684 ], [ 139.848665, 35.679335 ], [ 139.848647, 35.679159 ], [ 139.848512, 35.678872 ], [ 139.848311, 35.678346 ], [ 139.848219, 35.678102 ], [ 139.848106, 35.677804 ], [ 139.848014, 35.677559 ], [ 139.847961, 35.677418 ], [ 139.84789, 35.677231 ], [ 139.847793, 35.676972 ] ] ] } },
{ "type": "Feature", "properties": { "key": "江東区|東砂4丁目", "ward": "江東区", "town": "東砂４丁目" }, "geometry": { "type": "Polygon", "coordinates": [ [ [ 139.839952, 35.675481 ], [ 139.839522, 35.67554 ], [ 139.839459, 35.675547 ], [ 139.839238, 35.675575 ], [ 139.839166, 35.675585 ], [ 139.839073, 35.675597 ], [ 139.83886, 35.675626 ], [ 139.838659, 35.675651 ], [ 139.838405, 35.675684 ], [ 139.838235, 35.675705 ], [ 139.837959, 35.675746 ], [ 139.837575, 35.675796 ], [ 139.837515, 35.675803 ], [ 139.83706, 35.675867 ], [ 139.836877, 35.675893 ], [ 139.836638, 35.675927 ], [ 139.836606, 35.675931 ], [ 139.8371, 35.676916 ], [ 139.837138, 35.676965 ], [ 139.83755, 35.677727 ], [ 139.838223, 35.678973 ], [ 139.838373, 35.679189 ], [ 139.838427, 35.67929 ], [ 139.83848, 35.679387 ], [ 139.838534, 35.679487 ], [ 139.838586, 35.679584 ], [ 139.838642, 35.679686 ], [ 139.838702, 35.679797 ], [ 139.838758, 35.679901 ], [ 139.838809, 35.679995 ], [ 139.838842, 35.680072 ], [ 139.838882, 35.680168 ], [ 139.838919, 35.680254 ], [ 139.838949, 35.680324 ], [ 139.839244, 35.680384 ], [ 139.839571, 35.680449 ], [ 139.839886, 35.680513 ], [ 139.840207, 35.680577 ], [ 139.840394, 35.680567 ], [ 139.840495, 35.680562 ], [ 139.840843, 35.680544 ], [ 139.840694, 35.679748 ], [ 139.840653, 35.679441 ], [ 139.84061, 35.679233 ], [ 139.840587, 35.679101 ], [ 139.840485, 35.67852 ], [ 139.84046, 35.678362 ], [ 139.840425, 35.678146 ], [ 139.84042, 35.678108 ], [ 139.84038, 35.677898 ], [ 139.840336, 35.677664 ], [ 139.840281, 35.677351 ], [ 139.840231, 35.677072 ], [ 139.840216, 35.676982 ], [ 139.840175, 35.67675 ], [ 139.840093, 35.676283 ], [ 139.840078, 35.676198 ], [ 139.839953, 35.675489 ], [ 139.839952, 35.675481 ] ] ] } },
{ "type": "Feature", "properties": { "key": "江東区|東砂5丁目", "ward": "江東区", "town": "東砂５丁目" }, "geometry": { "type": "Polygon", "coordinates": [ [ [ 139.847111, 35.674138 ], [ 139.842835, 35.674547 ], [ 139.842172, 35.674613 ], [ 139.842002, 35.674685 ], [ 139.841137, 35.675299 ], [ 139.841142, 35.675335 ], [ 139.840957, 35.67536 ], [ 139.840716, 35.675392 ], [ 139.840446, 35.675428 ], [ 139.839998, 35.675483 ], [ 139.839953, 35.675489 ], [ 139.840078, 35.676198 ], [ 139.840093, 35.676283 ], [ 139.840175, 35.67675 ], [ 139.840216, 35.676982 ], [ 139.840231, 35.677072 ], [ 139.840281, 35.677351 ], [ 139.840336, 35.677664 ], [ 139.840942, 35.677619 ], [ 139.841151, 35.677604 ], [ 139.841882, 35.677556 ], [ 139.842027, 35.677546 ], [ 139.842315, 35.677524 ], [ 139.842767, 35.677493 ], [ 139.842996, 35.677478 ], [ 139.843424, 35.677448 ], [ 139.844117, 35.677394 ], [ 139.847793, 35.676972 ], [ 139.847737, 35.676807 ], [ 139.847657, 35.676584 ], [ 139.84757, 35.676321 ], [ 139.847551, 35.676265 ], [ 139.847456, 35.675965 ], [ 139.847324, 35.675456 ], [ 139.84719, 35.674815 ], [ 139.847158, 35.674619 ], [ 139.847141, 35.674442 ], [ 139.847111, 35.674138 ] ] ] } },
{ "type": "Feature", "properties": { "key": "江東区|東砂6丁目", "ward": "江東区", "town": "東砂６丁目" }, "geometry": { "type": "Polygon", "coordinates": [ [ [ 139.846618, 35.669159 ], [ 139.842149, 35.669329 ], [ 139.841144, 35.669362 ], [ 139.841136, 35.669439 ], [ 139.841108, 35.669706 ], [ 139.841104, 35.669745 ], [ 139.841078, 35.669973 ], [ 139.841047, 35.670237 ], [ 139.841038, 35.670312 ], [ 139.841009, 35.670574 ], [ 139.840959, 35.671024 ], [ 139.84096, 35.671037 ], [ 139.840923, 35.671336 ], [ 139.840905, 35.671531 ], [ 139.840892, 35.671674 ], [ 139.840864, 35.671918 ], [ 139.840862, 35.671931 ], [ 139.840816, 35.672305 ], [ 139.840774, 35.672635 ], [ 139.840693, 35.673267 ], [ 139.840673, 35.673459 ], [ 139.840651, 35.67367 ], [ 139.84064, 35.673785 ], [ 139.840635, 35.673827 ], [ 139.840613, 35.674015 ], [ 139.840575, 35.674338 ], [ 139.840553, 35.674531 ], [ 139.840536, 35.674666 ], [ 139.840472, 35.675182 ], [ 139.840446, 35.675428 ], [ 139.840716, 35.675392 ], [ 139.840957, 35.67536 ], [ 139.841142, 35.675335 ], [ 139.841137, 35.675299 ], [ 139.842002, 35.674685 ], [ 139.842172, 35.674613 ], [ 139.842835, 35.674547 ], [ 139.847111, 35.674138 ], [ 139.847021, 35.673212 ], [ 139.846958, 35.67258 ], [ 139.846833, 35.671398 ], [ 139.846823, 35.671287 ], [ 139.846769, 35.670698 ], [ 139.846696, 35.669906 ], [ 139.846675, 35.669705 ], [ 139.846618, 35.669159 ] ] ] } },
{ "type": "Feature", "properties": { "key": "江東区|東砂7丁目", "ward": "江東区", "town": "東砂７丁目" }, "geometry": { "type": "Polygon", "coordinates": [ [ [ 139.839952, 35.675481 ], [ 139.839953, 35.675489 ], [ 139.839998, 35.675483 ], [ 139.840446, 35.675428 ], [ 139.840472, 35.675182 ], [ 139.840536, 35.674666 ], [ 139.840553, 35.674531 ], [ 139.840575, 35.674338 ], [ 139.840613, 35.674015 ], [ 139.840635, 35.673827 ], [ 139.84064, 35.673785 ], [ 139.840651, 35.67367 ], [ 139.840673, 35.673459 ], [ 139.840693, 35.673267 ], [ 139.840774, 35.672635 ], [ 139.840816, 35.672305 ], [ 139.840862, 35.671931 ], [ 139.840864, 35.671918 ], [ 139.840892, 35.671674 ], [ 139.840905, 35.671531 ], [ 139.840923, 35.671336 ], [ 139.84096, 35.671037 ], [ 139.840959, 35.671024 ], [ 139.841009, 35.670574 ], [ 139.841038, 35.670312 ], [ 139.841047, 35.670237 ], [ 139.841078, 35.669973 ], [ 139.841104, 35.669745 ], [ 139.841108, 35.669706 ], [ 139.841136, 35.669439 ], [ 139.839953, 35.669567 ], [ 139.839555, 35.669606 ], [ 139.839345, 35.669627 ], [ 139.838541, 35.669706 ], [ 139.838443, 35.669715 ], [ 139.837852, 35.669784 ], [ 139.837834, 35.669969 ], [ 139.837829, 35.670036 ], [ 139.837821, 35.670139 ], [ 139.837802, 35.670292 ], [ 139.837796, 35.670367 ], [ 139.837789, 35.670459 ], [ 139.837771, 35.670658 ], [ 139.83776, 35.670805 ], [ 139.837735, 35.671202 ], [ 139.837702, 35.671681 ], [ 139.837652, 35.672463 ], [ 139.837623, 35.672472 ], [ 139.837397, 35.672512 ], [ 139.837099, 35.672565 ], [ 139.835667, 35.67283 ], [ 139.835972, 35.67335 ], [ 139.836151, 35.673612 ], [ 139.836343, 35.674259 ], [ 139.836403, 35.674485 ], [ 139.836414, 35.674526 ], [ 139.836476, 35.674758 ], [ 139.836494, 35.674824 ], [ 139.836818, 35.675873 ], [ 139.836628, 35.675896 ], [ 139.836638, 35.675927 ], [ 139.836877, 35.675893 ], [ 139.83706, 35.675867 ], [ 139.837515, 35.675803 ], [ 139.837575, 35.675796 ], [ 139.837959, 35.675746 ], [ 139.838235, 35.675705 ], [ 139.838405, 35.675684 ], [ 139.838659, 35.675651 ], [ 139.83886, 35.675626 ], [ 139.839073, 35.675597 ], [ 139.839166, 35.675585 ], [ 139.839238, 35.675575 ], [ 139.839459, 35.675547 ], [ 139.839522, 35.67554 ], [ 139.839952, 35.675481 ] ] ] } },
{ "type": "Feature", "properties": { "key": "江東区|東砂8丁目", "ward": "江東区", "town": "東砂８丁目" }, "geometry": { "type": "Polygon", "coordinates": [ [ [ 139.846273, 35.66574 ], [ 139.843602, 35.665974 ], [ 139.841916, 35.666177 ], [ 139.841011, 35.666286 ], [ 139.839013, 35.666537 ], [ 139.83863, 35.666586 ], [ 139.838183, 35.666639 ], [ 139.838076, 35.666652 ], [ 139.838021, 35.666659 ], [ 139.838021, 35.66667 ], [ 139.838025, 35.667123 ], [ 139.838025, 35.667125 ], [ 139.838025, 35.667172 ], [ 139.838009, 35.667556 ], [ 139.837994, 35.667894 ], [ 139.837975, 35.668349 ], [ 139.837963, 35.66863 ], [ 139.837958, 35.668681 ], [ 139.837948, 35.66879 ], [ 139.837934, 35.668934 ], [ 139.837919, 35.669079 ], [ 139.837902, 35.669255 ], [ 139.837858, 35.669706 ], [ 139.837852, 35.669784 ], [ 139.838443, 35.669715 ], [ 139.838541, 35.669706 ], [ 139.839345, 35.669627 ], [ 139.839555, 35.669606 ], [ 139.839953, 35.669567 ], [ 139.841136, 35.669439 ], [ 139.841144, 35.669362 ], [ 139.842149, 35.669329 ], [ 139.846618, 35.669159 ], [ 139.846518, 35.668216 ], [ 139.846489, 35.66796 ], [ 139.846366, 35.666883 ], [ 139.846274, 35.665753 ], [ 139.846273, 35.66574 ] ] ] } },
{ "type": "Feature", "properties": { "key": "江東区|南砂1丁目", "ward": "江東区", "town": "南砂１丁目" }, "geometry": { "type": "Polygon", "coordinates": [ [ [ 139.826971, 35.676222 ], [ 139.82684, 35.675355 ], [ 139.826826, 35.675334 ], [ 139.825749, 35.675559 ], [ 139.825704, 35.675567 ], [ 139.825479, 35.675607 ], [ 139.825231, 35.675656 ], [ 139.824534, 35.675807 ], [ 139.824461, 35.67582 ], [ 139.823995, 35.675916 ], [ 139.823861, 35.675942 ], [ 139.823568, 35.676002 ], [ 139.823107, 35.676097 ], [ 139.822759, 35.676169 ], [ 139.821657, 35.676391 ], [ 139.821624, 35.676395 ], [ 139.821526, 35.676405 ], [ 139.821224, 35.676402 ], [ 139.820895, 35.676392 ], [ 139.820678, 35.676386 ], [ 139.820533, 35.676365 ], [ 139.820423, 35.676323 ], [ 139.820343, 35.67627 ], [ 139.820267, 35.676186 ], [ 139.820101, 35.676194 ], [ 139.820073, 35.67649 ], [ 139.820054, 35.676489 ], [ 139.820027, 35.676859 ], [ 139.820064, 35.677179 ], [ 139.820091, 35.677372 ], [ 139.820189, 35.678091 ], [ 139.82023, 35.678424 ], [ 139.820231, 35.678434 ], [ 139.820272, 35.678798 ], [ 139.820305, 35.679091 ], [ 139.820307, 35.679105 ], [ 139.820349, 35.679384 ], [ 139.82035, 35.679394 ], [ 139.820381, 35.679692 ], [ 139.820403, 35.679863 ], [ 139.820457, 35.680292 ], [ 139.820458, 35.680296 ], [ 139.820505, 35.680524 ], [ 139.820525, 35.680622 ], [ 139.820566, 35.680822 ], [ 139.820603, 35.681001 ], [ 139.820632, 35.68114 ], [ 139.82067, 35.681325 ], [ 139.82068, 35.681375 ], [ 139.820701, 35.681516 ], [ 139.820705, 35.681534 ], [ 139.820804, 35.682018 ], [ 139.820809, 35.682046 ], [ 139.820974, 35.681949 ], [ 139.821041, 35.68191 ], [ 139.822117, 35.681174 ], [ 139.822194, 35.681121 ], [ 139.822324, 35.681028 ], [ 139.822351, 35.680996 ], [ 139.822389, 35.680951 ], [ 139.822455, 35.680872 ], [ 139.822537, 35.680774 ], [ 139.822694, 35.680588 ], [ 139.822976, 35.680252 ], [ 139.823218, 35.679964 ], [ 139.823223, 35.679957 ], [ 139.823641, 35.67945 ], [ 139.824095, 35.67891 ], [ 139.824539, 35.678384 ], [ 139.824866, 35.677997 ], [ 139.825497, 35.677609 ], [ 139.825584, 35.677555 ], [ 139.825586, 35.677554 ], [ 139.825701, 35.677484 ], [ 139.826587, 35.677229 ], [ 139.826813, 35.677164 ], [ 139.827112, 35.677078 ], [ 139.827066, 35.676838 ], [ 139.827044, 35.6767 ], [ 139.827021, 35.676548 ], [ 139.826971, 35.676222 ] ] ] } },
{ "type": "Feature", "properties": { "key": "江東区|南砂2丁目", "ward": "江東区", "town": "南砂２丁目" }, "geometry": { "type": "Polygon", "coordinates": [ [ [ 139.822759, 35.676169 ], [ 139.823107, 35.676097 ], [ 139.823568, 35.676002 ], [ 139.823861, 35.675942 ], [ 139.823995, 35.675916 ], [ 139.824461, 35.67582 ], [ 139.824534, 35.675807 ], [ 139.825231, 35.675656 ], [ 139.825479, 35.675607 ], [ 139.825704, 35.675567 ], [ 139.825749, 35.675559 ], [ 139.826826, 35.675334 ], [ 139.82675, 35.674833 ], [ 139.826737, 35.674737 ], [ 139.826706, 35.674498 ], [ 139.826674, 35.674327 ], [ 139.826667, 35.674249 ], [ 139.826658, 35.674182 ], [ 139.826628, 35.673977 ], [ 139.826604, 35.673892 ], [ 139.826554, 35.673616 ], [ 139.826534, 35.673452 ], [ 139.826482, 35.673226 ], [ 139.826364, 35.672711 ], [ 139.826338, 35.672599 ], [ 139.826307, 35.672461 ], [ 139.826118, 35.671636 ], [ 139.826091, 35.671514 ], [ 139.82608, 35.671463 ], [ 139.825984, 35.671032 ], [ 139.825886, 35.670587 ], [ 139.825869, 35.670512 ], [ 139.825803, 35.670206 ], [ 139.825778, 35.670091 ], [ 139.825747, 35.669948 ], [ 139.825742, 35.669797 ], [ 139.825738, 35.669706 ], [ 139.825734, 35.669595 ], [ 139.82573, 35.669485 ], [ 139.825228, 35.66946 ], [ 139.823925, 35.669394 ], [ 139.823235, 35.669361 ], [ 139.822824, 35.66934 ], [ 139.822305, 35.669313 ], [ 139.821973, 35.6693 ], [ 139.821969, 35.669299 ], [ 139.820286, 35.669212 ], [ 139.820284, 35.669254 ], [ 139.820283, 35.669268 ], [ 139.819632, 35.669249 ], [ 139.81962, 35.669687 ], [ 139.81962, 35.669705 ], [ 139.819625, 35.670274 ], [ 139.81961, 35.670671 ], [ 139.819613, 35.670985 ], [ 139.819607, 35.671676 ], [ 139.819607, 35.671844 ], [ 139.819608, 35.671985 ], [ 139.819608, 35.67201 ], [ 139.819608, 35.672169 ], [ 139.819605, 35.672647 ], [ 139.819609, 35.673048 ], [ 139.819604, 35.673348 ], [ 139.819611, 35.673485 ], [ 139.819612, 35.67363 ], [ 139.819617, 35.673801 ], [ 139.819619, 35.674076 ], [ 139.819615, 35.674514 ], [ 139.819707, 35.674526 ], [ 139.819978, 35.674561 ], [ 139.820098, 35.674599 ], [ 139.820227, 35.674735 ], [ 139.820203, 35.675056 ], [ 139.820148, 35.675673 ], [ 139.820127, 35.675905 ], [ 139.820125, 35.675931 ], [ 139.820109, 35.676103 ], [ 139.820101, 35.676194 ], [ 139.820267, 35.676186 ], [ 139.820343, 35.67627 ], [ 139.820423, 35.676323 ], [ 139.820533, 35.676365 ], [ 139.820678, 35.676386 ], [ 139.820895, 35.676392 ], [ 139.821224, 35.676402 ], [ 139.821526, 35.676405 ], [ 139.821624, 35.676395 ], [ 139.821657, 35.676391 ], [ 139.822759, 35.676169 ] ] ] } },
{ "type": "Feature", "properties": { "key": "江東区|南砂3丁目", "ward": "江東区", "town": "南砂３丁目" }, "geometry": { "type": "Polygon", "coordinates": [ [ [ 139.833556, 35.669622 ], [ 139.833466, 35.669386 ], [ 139.833389, 35.669191 ], [ 139.833258, 35.668827 ], [ 139.833065, 35.66834 ], [ 139.832996, 35.668158 ], [ 139.8311, 35.668718 ], [ 139.830451, 35.668919 ], [ 139.82989, 35.669081 ], [ 139.829096, 35.669336 ], [ 139.8288, 35.669429 ], [ 139.828687, 35.669465 ], [ 139.828452, 35.669539 ], [ 139.828141, 35.669615 ], [ 139.828003, 35.669633 ], [ 139.82787, 35.669655 ], [ 139.827738, 35.669676 ], [ 139.827551, 35.669669 ], [ 139.827143, 35.669657 ], [ 139.825734, 35.669595 ], [ 139.825738, 35.669706 ], [ 139.825742, 35.669797 ], [ 139.825747, 35.669948 ], [ 139.825778, 35.670091 ], [ 139.825803, 35.670206 ], [ 139.825869, 35.670512 ], [ 139.825886, 35.670587 ], [ 139.825984, 35.671032 ], [ 139.82608, 35.671463 ], [ 139.826091, 35.671514 ], [ 139.826118, 35.671636 ], [ 139.826307, 35.672461 ], [ 139.826338, 35.672599 ], [ 139.826364, 35.672711 ], [ 139.826482, 35.673226 ], [ 139.826534, 35.673452 ], [ 139.826554, 35.673616 ], [ 139.827003, 35.673483 ], [ 139.827234, 35.673404 ], [ 139.827583, 35.673286 ], [ 139.82816, 35.67309 ], [ 139.828295, 35.673044 ], [ 139.828547, 35.672962 ], [ 139.828865, 35.67286 ], [ 139.829004, 35.672815 ], [ 139.829177, 35.672806 ], [ 139.829613, 35.672652 ], [ 139.829928, 35.67254 ], [ 139.830315, 35.672403 ], [ 139.830485, 35.672342 ], [ 139.830785, 35.672235 ], [ 139.831054, 35.67214 ], [ 139.831259, 35.672067 ], [ 139.831506, 35.671979 ], [ 139.831546, 35.671965 ], [ 139.832374, 35.671676 ], [ 139.83242, 35.671659 ], [ 139.832764, 35.671536 ], [ 139.833342, 35.671328 ], [ 139.833539, 35.671258 ], [ 139.833784, 35.671171 ], [ 139.834242, 35.671008 ], [ 139.834166, 35.670882 ], [ 139.833733, 35.670087 ], [ 139.833588, 35.669706 ], [ 139.833556, 35.669622 ] ] ] } },
{ "type": "Feature", "properties": { "key": "江東区|南砂4丁目", "ward": "江東区", "town": "南砂４丁目" }, "geometry": { "type": "Polygon", "coordinates": [ [ [ 139.83242, 35.671659 ], [ 139.832374, 35.671676 ], [ 139.831546, 35.671965 ], [ 139.831506, 35.671979 ], [ 139.831259, 35.672067 ], [ 139.831054, 35.67214 ], [ 139.830785, 35.672235 ], [ 139.830485, 35.672342 ], [ 139.830315, 35.672403 ], [ 139.829928, 35.67254 ], [ 139.829613, 35.672652 ], [ 139.829177, 35.672806 ], [ 139.829004, 35.672815 ], [ 139.828865, 35.67286 ], [ 139.828547, 35.672962 ], [ 139.828295, 35.673044 ], [ 139.82816, 35.67309 ], [ 139.827583, 35.673286 ], [ 139.827234, 35.673404 ], [ 139.827003, 35.673483 ], [ 139.826554, 35.673616 ], [ 139.826604, 35.673892 ], [ 139.826628, 35.673977 ], [ 139.826658, 35.674182 ], [ 139.826667, 35.674249 ], [ 139.826674, 35.674327 ], [ 139.826706, 35.674498 ], [ 139.826737, 35.674737 ], [ 139.82675, 35.674833 ], [ 139.826826, 35.675334 ], [ 139.82684, 35.675355 ], [ 139.827284, 35.675271 ], [ 139.828134, 35.675078 ], [ 139.828468, 35.675001 ], [ 139.828546, 35.674991 ], [ 139.829541, 35.67477 ], [ 139.830467, 35.674569 ], [ 139.831047, 35.674435 ], [ 139.83143, 35.674352 ], [ 139.831787, 35.67427 ], [ 139.832239, 35.674168 ], [ 139.832639, 35.674085 ], [ 139.832777, 35.674056 ], [ 139.833113, 35.673986 ], [ 139.833018, 35.673664 ], [ 139.832935, 35.673381 ], [ 139.832776, 35.672881 ], [ 139.832611, 35.672273 ], [ 139.832597, 35.67223 ], [ 139.83242, 35.671659 ] ] ] } },
{ "type": "Feature", "properties": { "key": "江東区|南砂5丁目", "ward": "江東区", "town": "南砂５丁目" }, "geometry": { "type": "Polygon", "coordinates": [ [ [ 139.835972, 35.67335 ], [ 139.835448, 35.673467 ], [ 139.835295, 35.673512 ], [ 139.834644, 35.673647 ], [ 139.834313, 35.673715 ], [ 139.834097, 35.673768 ], [ 139.833746, 35.673843 ], [ 139.833113, 35.673986 ], [ 139.832777, 35.674056 ], [ 139.832639, 35.674085 ], [ 139.832239, 35.674168 ], [ 139.831787, 35.67427 ], [ 139.83143, 35.674352 ], [ 139.831047, 35.674435 ], [ 139.830467, 35.674569 ], [ 139.829541, 35.67477 ], [ 139.828546, 35.674991 ], [ 139.828468, 35.675001 ], [ 139.828134, 35.675078 ], [ 139.827284, 35.675271 ], [ 139.82684, 35.675355 ], [ 139.826971, 35.676222 ], [ 139.827021, 35.676548 ], [ 139.827044, 35.6767 ], [ 139.827066, 35.676838 ], [ 139.827112, 35.677078 ], [ 139.827324, 35.677051 ], [ 139.827541, 35.677024 ], [ 139.827735, 35.677 ], [ 139.827948, 35.676974 ], [ 139.827992, 35.676968 ], [ 139.828175, 35.676945 ], [ 139.828213, 35.67694 ], [ 139.828591, 35.676891 ], [ 139.82873, 35.676875 ], [ 139.829226, 35.676816 ], [ 139.8294, 35.676794 ], [ 139.829611, 35.676767 ], [ 139.829787, 35.676744 ], [ 139.829935, 35.676724 ], [ 139.830225, 35.676685 ], [ 139.830236, 35.676684 ], [ 139.830666, 35.676633 ], [ 139.830691, 35.67663 ], [ 139.830856, 35.67661 ], [ 139.830921, 35.676602 ], [ 139.831028, 35.676589 ], [ 139.831255, 35.676561 ], [ 139.831306, 35.676555 ], [ 139.831555, 35.676523 ], [ 139.831865, 35.676483 ], [ 139.832162, 35.676443 ], [ 139.832513, 35.676404 ], [ 139.832656, 35.676387 ], [ 139.832773, 35.676367 ], [ 139.832996, 35.676346 ], [ 139.833159, 35.676327 ], [ 139.833453, 35.676291 ], [ 139.83378, 35.676252 ], [ 139.834155, 35.676203 ], [ 139.834411, 35.676177 ], [ 139.834679, 35.67615 ], [ 139.835, 35.676113 ], [ 139.83538, 35.67607 ], [ 139.835965, 35.676004 ], [ 139.836606, 35.675931 ], [ 139.836638, 35.675927 ], [ 139.836628, 35.675896 ], [ 139.836818, 35.675873 ], [ 139.836494, 35.674824 ], [ 139.836476, 35.674758 ], [ 139.836414, 35.674526 ], [ 139.836403, 35.674485 ], [ 139.836343, 35.674259 ], [ 139.836151, 35.673612 ], [ 139.835972, 35.67335 ] ] ] } },
{ "type": "Feature", "properties": { "key": "江東区|南砂6丁目", "ward": "江東区", "town": "南砂６丁目" }, "geometry": { "type": "Polygon", "coordinates": [ [ [ 139.837852, 35.669784 ], [ 139.837512, 35.669826 ], [ 139.836981, 35.66993 ], [ 139.836583, 35.670068 ], [ 139.836155, 35.670217 ], [ 139.835871, 35.670316 ], [ 139.835296, 35.670516 ], [ 139.835163, 35.670601 ], [ 139.834964, 35.670729 ], [ 139.834845, 35.670805 ], [ 139.834781, 35.670826 ], [ 139.834676, 35.670861 ], [ 139.834483, 35.670927 ], [ 139.834445, 35.67094 ], [ 139.834257, 35.671003 ], [ 139.834242, 35.671008 ], [ 139.833784, 35.671171 ], [ 139.833539, 35.671258 ], [ 139.833342, 35.671328 ], [ 139.832764, 35.671536 ], [ 139.83242, 35.671659 ], [ 139.832597, 35.67223 ], [ 139.832611, 35.672273 ], [ 139.832776, 35.672881 ], [ 139.832935, 35.673381 ], [ 139.833018, 35.673664 ], [ 139.833113, 35.673986 ], [ 139.833746, 35.673843 ], [ 139.834097, 35.673768 ], [ 139.834313, 35.673715 ], [ 139.834644, 35.673647 ], [ 139.835295, 35.673512 ], [ 139.835448, 35.673467 ], [ 139.835972, 35.67335 ], [ 139.835667, 35.67283 ], [ 139.837099, 35.672565 ], [ 139.837397, 35.672512 ], [ 139.837623, 35.672472 ], [ 139.837652, 35.672463 ], [ 139.837702, 35.671681 ], [ 139.837735, 35.671202 ], [ 139.83776, 35.670805 ], [ 139.837771, 35.670658 ], [ 139.837789, 35.670459 ], [ 139.837796, 35.670367 ], [ 139.837802, 35.670292 ], [ 139.837821, 35.670139 ], [ 139.837829, 35.670036 ], [ 139.837834, 35.669969 ], [ 139.837852, 35.669784 ] ] ] } },
{ "type": "Feature", "properties": { "key": "江東区|南砂7丁目", "ward": "江東区", "town": "南砂７丁目" }, "geometry": { "type": "Polygon", "coordinates": [ [ [ 139.837984, 35.666653 ], [ 139.837652, 35.66675 ], [ 139.837569, 35.666774 ], [ 139.837168, 35.666891 ], [ 139.837064, 35.666922 ], [ 139.836698, 35.667028 ], [ 139.836589, 35.66706 ], [ 139.836327, 35.667137 ], [ 139.836122, 35.6672 ], [ 139.836102, 35.667206 ], [ 139.835741, 35.667317 ], [ 139.835353, 35.667436 ], [ 139.834959, 35.667557 ], [ 139.834784, 35.667611 ], [ 139.834605, 35.667666 ], [ 139.834242, 35.667777 ], [ 139.833855, 35.667895 ], [ 139.83343, 35.668025 ], [ 139.832996, 35.668158 ], [ 139.833065, 35.66834 ], [ 139.833258, 35.668827 ], [ 139.833389, 35.669191 ], [ 139.833466, 35.669386 ], [ 139.833556, 35.669622 ], [ 139.833588, 35.669706 ], [ 139.833733, 35.670087 ], [ 139.834166, 35.670882 ], [ 139.834242, 35.671008 ], [ 139.834257, 35.671003 ], [ 139.834445, 35.67094 ], [ 139.834483, 35.670927 ], [ 139.834676, 35.670861 ], [ 139.834781, 35.670826 ], [ 139.834845, 35.670805 ], [ 139.834964, 35.670729 ], [ 139.835163, 35.670601 ], [ 139.835296, 35.670516 ], [ 139.835871, 35.670316 ], [ 139.836155, 35.670217 ], [ 139.836583, 35.670068 ], [ 139.836981, 35.66993 ], [ 139.837512, 35.669826 ], [ 139.837852, 35.669784 ], [ 139.837858, 35.669706 ], [ 139.837902, 35.669255 ], [ 139.837919, 35.669079 ], [ 139.837934, 35.668934 ], [ 139.837948, 35.66879 ], [ 139.837958, 35.668681 ], [ 139.837963, 35.66863 ], [ 139.837975, 35.668349 ], [ 139.837994, 35.667894 ], [ 139.838009, 35.667556 ], [ 139.838025, 35.667172 ], [ 139.838025, 35.667125 ], [ 139.838025, 35.667123 ], [ 139.838021, 35.66667 ], [ 139.837984, 35.666653 ] ] ] } },
{ "type": "Feature", "properties": { "key": "江東区|新砂1丁目", "ward": "江東区", "town": "新砂１丁目" }, "geometry": { "type": "Polygon", "coordinates": [ [ [ 139.825669, 35.667946 ], [ 139.825628, 35.666908 ], [ 139.825609, 35.666441 ], [ 139.825606, 35.666199 ], [ 139.825606, 35.666185 ], [ 139.823933, 35.664494 ], [ 139.823729, 35.664076 ], [ 139.82377, 35.66327 ], [ 139.823832, 35.662044 ], [ 139.823855, 35.661585 ], [ 139.823974, 35.659251 ], [ 139.824003, 35.658854 ], [ 139.824017, 35.658667 ], [ 139.824034, 35.658587 ], [ 139.824095, 35.657952 ], [ 139.824101, 35.657873 ], [ 139.824115, 35.657682 ], [ 139.824258, 35.655806 ], [ 139.823772, 35.655758 ], [ 139.821435, 35.655528 ], [ 139.821173, 35.655674 ], [ 139.821109, 35.657183 ], [ 139.821101, 35.657371 ], [ 139.821093, 35.657558 ], [ 139.82106, 35.658343 ], [ 139.821016, 35.659467 ], [ 139.820986, 35.660555 ], [ 139.820957, 35.661338 ], [ 139.8209, 35.661849 ], [ 139.820884, 35.661928 ], [ 139.820779, 35.66205 ], [ 139.820736, 35.662161 ], [ 139.820723, 35.662663 ], [ 139.820693, 35.663827 ], [ 139.820642, 35.665817 ], [ 139.820445, 35.665801 ], [ 139.820442, 35.665862 ], [ 139.81972, 35.665818 ], [ 139.819698, 35.666222 ], [ 139.819678, 35.66653 ], [ 139.819673, 35.666641 ], [ 139.819669, 35.666731 ], [ 139.819658, 35.667149 ], [ 139.819678, 35.667149 ], [ 139.819668, 35.667346 ], [ 139.819667, 35.667368 ], [ 139.819655, 35.667524 ], [ 139.819654, 35.66756 ], [ 139.819653, 35.667676 ], [ 139.819629, 35.668256 ], [ 139.819665, 35.668258 ], [ 139.819636, 35.669038 ], [ 139.819628, 35.669249 ], [ 139.819632, 35.669249 ], [ 139.820283, 35.669268 ], [ 139.820284, 35.669254 ], [ 139.820286, 35.669212 ], [ 139.821969, 35.669299 ], [ 139.821973, 35.6693 ], [ 139.822305, 35.669313 ], [ 139.822824, 35.66934 ], [ 139.823235, 35.669361 ], [ 139.823925, 35.669394 ], [ 139.825228, 35.66946 ], [ 139.82573, 35.669485 ], [ 139.825669, 35.667946 ] ] ] } },
{ "type": "Feature", "properties": { "key": "江東区|新砂2丁目", "ward": "江東区", "town": "新砂２丁目" }, "geometry": { "type": "Polygon", "coordinates": [ [ [ 139.828289, 35.666175 ], [ 139.826762, 35.666223 ], [ 139.826745, 35.665616 ], [ 139.828209, 35.665564 ], [ 139.828289, 35.665567 ], [ 139.828362, 35.665483 ], [ 139.828333, 35.664544 ], [ 139.828341, 35.663314 ], [ 139.828257, 35.662443 ], [ 139.828217, 35.662395 ], [ 139.828145, 35.66237 ], [ 139.827984, 35.662358 ], [ 139.824493, 35.662111 ], [ 139.824522, 35.661631 ], [ 139.827859, 35.661837 ], [ 139.828026, 35.661719 ], [ 139.828063, 35.661637 ], [ 139.82812, 35.659846 ], [ 139.828169, 35.6598 ], [ 139.828217, 35.658719 ], [ 139.828178, 35.658678 ], [ 139.828201, 35.658272 ], [ 139.828234, 35.658204 ], [ 139.828246, 35.657726 ], [ 139.828223, 35.657662 ], [ 139.828267, 35.656343 ], [ 139.828169, 35.656226 ], [ 139.828064, 35.656138 ], [ 139.827473, 35.656057 ], [ 139.827492, 35.65597 ], [ 139.826645, 35.655897 ], [ 139.826601, 35.656008 ], [ 139.825485, 35.655894 ], [ 139.825461, 35.655924 ], [ 139.824438, 35.655824 ], [ 139.824258, 35.655806 ], [ 139.824115, 35.657682 ], [ 139.824101, 35.657873 ], [ 139.824095, 35.657952 ], [ 139.824034, 35.658587 ], [ 139.824017, 35.658667 ], [ 139.824003, 35.658854 ], [ 139.823974, 35.659251 ], [ 139.823855, 35.661585 ], [ 139.823832, 35.662044 ], [ 139.82377, 35.66327 ], [ 139.823729, 35.664076 ], [ 139.823933, 35.664494 ], [ 139.825606, 35.666185 ], [ 139.825606, 35.666199 ], [ 139.825609, 35.666441 ], [ 139.825628, 35.666908 ], [ 139.825669, 35.667946 ], [ 139.82573, 35.669485 ], [ 139.825734, 35.669595 ], [ 139.827143, 35.669657 ], [ 139.827551, 35.669669 ], [ 139.827738, 35.669676 ], [ 139.827919, 35.669571 ], [ 139.82817, 35.669419 ], [ 139.828386, 35.669252 ], [ 139.828527, 35.669105 ], [ 139.828819, 35.668746 ], [ 139.828816, 35.668559 ], [ 139.828807, 35.668088 ], [ 139.828692, 35.668083 ], [ 139.828428, 35.668067 ], [ 139.828393, 35.666854 ], [ 139.828376, 35.666256 ], [ 139.828289, 35.666175 ] ] ] } },
{ "type": "Feature", "properties": { "key": "江東区|新砂3丁目", "ward": "江東区", "town": "新砂３丁目" }, "geometry": { "type": "Polygon", "coordinates": [ [ [ 139.837984, 35.666653 ], [ 139.838021, 35.66667 ], [ 139.838021, 35.666659 ], [ 139.838076, 35.666652 ], [ 139.838183, 35.666639 ], [ 139.83863, 35.666586 ], [ 139.839013, 35.666537 ], [ 139.841011, 35.666286 ], [ 139.841916, 35.666177 ], [ 139.843602, 35.665974 ], [ 139.846273, 35.66574 ], [ 139.845932, 35.661758 ], [ 139.845693, 35.65896 ], [ 139.84562, 35.65646 ], [ 139.845477, 35.65153 ], [ 139.845351, 35.649326 ], [ 139.844847, 35.649345 ], [ 139.841467, 35.649442 ], [ 139.841003, 35.649455 ], [ 139.840929, 35.649439 ], [ 139.840802, 35.649461 ], [ 139.838205, 35.651132 ], [ 139.837934, 35.650882 ], [ 139.837686, 35.651069 ], [ 139.837923, 35.651352 ], [ 139.837566, 35.651619 ], [ 139.838167, 35.652329 ], [ 139.8385, 35.652186 ], [ 139.83864, 35.652365 ], [ 139.838491, 35.652584 ], [ 139.839574, 35.653648 ], [ 139.839728, 35.655723 ], [ 139.83811, 35.656145 ], [ 139.838061, 35.655381 ], [ 139.834868, 35.655297 ], [ 139.834876, 35.655188 ], [ 139.834477, 35.655183 ], [ 139.83445, 35.655279 ], [ 139.832687, 35.655254 ], [ 139.8317, 35.655718 ], [ 139.83169, 35.655806 ], [ 139.831621, 35.655824 ], [ 139.83165, 35.656257 ], [ 139.83173, 35.656259 ], [ 139.831722, 35.656476 ], [ 139.830776, 35.656388 ], [ 139.830765, 35.656259 ], [ 139.830578, 35.656248 ], [ 139.830551, 35.656344 ], [ 139.830168, 35.656316 ], [ 139.829901, 35.656296 ], [ 139.829919, 35.656201 ], [ 139.829829, 35.656177 ], [ 139.829812, 35.656294 ], [ 139.82941, 35.656253 ], [ 139.82942, 35.656158 ], [ 139.829295, 35.656144 ], [ 139.829278, 35.656254 ], [ 139.829091, 35.65625 ], [ 139.828906, 35.656363 ], [ 139.828899, 35.657506 ], [ 139.828826, 35.658495 ], [ 139.828727, 35.660722 ], [ 139.82874, 35.660765 ], [ 139.828735, 35.660917 ], [ 139.82872, 35.660939 ], [ 139.828688, 35.661896 ], [ 139.830205, 35.662027 ], [ 139.830373, 35.662042 ], [ 139.829974, 35.6653 ], [ 139.82875, 35.665677 ], [ 139.828663, 35.66573 ], [ 139.828692, 35.668083 ], [ 139.828807, 35.668088 ], [ 139.828816, 35.668559 ], [ 139.828819, 35.668746 ], [ 139.828527, 35.669105 ], [ 139.828386, 35.669252 ], [ 139.82817, 35.669419 ], [ 139.827919, 35.669571 ], [ 139.827738, 35.669676 ], [ 139.82787, 35.669655 ], [ 139.828003, 35.669633 ], [ 139.828141, 35.669615 ], [ 139.828452, 35.669539 ], [ 139.828687, 35.669465 ], [ 139.8288, 35.669429 ], [ 139.829096, 35.669336 ], [ 139.82989, 35.669081 ], [ 139.830451, 35.668919 ], [ 139.8311, 35.668718 ], [ 139.832996, 35.668158 ], [ 139.83343, 35.668025 ], [ 139.833855, 35.667895 ], [ 139.834242, 35.667777 ], [ 139.834605, 35.667666 ], [ 139.834784, 35.667611 ], [ 139.834959, 35.667557 ], [ 139.835353, 35.667436 ], [ 139.835741, 35.667317 ], [ 139.836102, 35.667206 ], [ 139.836122, 35.6672 ], [ 139.836327, 35.667137 ], [ 139.836589, 35.66706 ], [ 139.836698, 35.667028 ], [ 139.837064, 35.666922 ], [ 139.837168, 35.666891 ], [ 139.837569, 35.666774 ], [ 139.837652, 35.66675 ], [ 139.837984, 35.666653 ] ] ] } },
{ "type": "Feature", "properties": { "key": "江東区|新木場1丁目", "ward": "江東区", "town": "新木場１丁目" }, "geometry": { "type": "Polygon", "coordinates": [ [ [ 139.837104, 35.643586 ], [ 139.836944, 35.641776 ], [ 139.836746, 35.639518 ], [ 139.834979, 35.63935 ], [ 139.833118, 35.639172 ], [ 139.833128, 35.639309 ], [ 139.833144, 35.639538 ], [ 139.834126, 35.639605 ], [ 139.83438, 35.642428 ], [ 139.83453, 35.644102 ], [ 139.831684, 35.643816 ], [ 139.828722, 35.643518 ], [ 139.824964, 35.643141 ], [ 139.824832, 35.642693 ], [ 139.82453, 35.64267 ], [ 139.824224, 35.642647 ], [ 139.82433, 35.643077 ], [ 139.822706, 35.642914 ], [ 139.822587, 35.643738 ], [ 139.822466, 35.644568 ], [ 139.82239, 35.645089 ], [ 139.822188, 35.646483 ], [ 139.82548, 35.64681 ], [ 139.82693, 35.646954 ], [ 139.829978, 35.647257 ], [ 139.832946, 35.647551 ], [ 139.833937, 35.64765 ], [ 139.83503, 35.647758 ], [ 139.835783, 35.647833 ], [ 139.837493, 35.648002 ], [ 139.83729, 35.645702 ], [ 139.837104, 35.643586 ] ] ] } },
{ "type": "Feature", "properties": { "key": "江東区|新木場2丁目", "ward": "江東区", "town": "新木場２丁目" }, "geometry": { "type": "Polygon", "coordinates": [ [ [ 139.824711, 35.642265 ], [ 139.826197, 35.642386 ], [ 139.824913, 35.639674 ], [ 139.825223, 35.639703 ], [ 139.826981, 35.639867 ], [ 139.830173, 35.640164 ], [ 139.833216, 35.640448 ], [ 139.833144, 35.639538 ], [ 139.833128, 35.639309 ], [ 139.833118, 35.639172 ], [ 139.833112, 35.638958 ], [ 139.833087, 35.637948 ], [ 139.830884, 35.637737 ], [ 139.827366, 35.6374 ], [ 139.825235, 35.637195 ], [ 139.825403, 35.636208 ], [ 139.825671, 35.634629 ], [ 139.825525, 35.634612 ], [ 139.825541, 35.634489 ], [ 139.823686, 35.634337 ], [ 139.823369, 35.634311 ], [ 139.82344, 35.633978 ], [ 139.822844, 35.633934 ], [ 139.822806, 35.634265 ], [ 139.821146, 35.63413 ], [ 139.820929, 35.635762 ], [ 139.820914, 35.635871 ], [ 139.820552, 35.638864 ], [ 139.821165, 35.639512 ], [ 139.822916, 35.641364 ], [ 139.822909, 35.64175 ], [ 139.822823, 35.642113 ], [ 139.824119, 35.642218 ], [ 139.824224, 35.642647 ], [ 139.82453, 35.64267 ], [ 139.824832, 35.642693 ], [ 139.824711, 35.642265 ] ] ] } },
{ "type": "Feature", "properties": { "key": "江東区|新木場3丁目", "ward": "江東区", "town": "新木場３丁目" }, "geometry": { "type": "Polygon", "coordinates": [ [ [ 139.836676, 35.638658 ], [ 139.836559, 35.637214 ], [ 139.836369, 35.634884 ], [ 139.836269, 35.633651 ], [ 139.836101, 35.631577 ], [ 139.835966, 35.631564 ], [ 139.835529, 35.631521 ], [ 139.835677, 35.633403 ], [ 139.83445, 35.633287 ], [ 139.831887, 35.633046 ], [ 139.830571, 35.632886 ], [ 139.827871, 35.632557 ], [ 139.824002, 35.632085 ], [ 139.821302, 35.631757 ], [ 139.821068, 35.633386 ], [ 139.822891, 35.633537 ], [ 139.822877, 35.633651 ], [ 139.822844, 35.633934 ], [ 139.82344, 35.633978 ], [ 139.823511, 35.633651 ], [ 139.823536, 35.633591 ], [ 139.823789, 35.633612 ], [ 139.824259, 35.633651 ], [ 139.825202, 35.633729 ], [ 139.827703, 35.633971 ], [ 139.830375, 35.634228 ], [ 139.833772, 35.634556 ], [ 139.833778, 35.634642 ], [ 139.833957, 35.637246 ], [ 139.834076, 35.638989 ], [ 139.833112, 35.638958 ], [ 139.833118, 35.639172 ], [ 139.834979, 35.63935 ], [ 139.836746, 35.639518 ], [ 139.836676, 35.638658 ] ] ] } },
{ "type": "Feature", "properties": { "key": "江東区|新木場4丁目", "ward": "江東区", "town": "新木場４丁目" }, "geometry": { "type": "Polygon", "coordinates": [ [ [ 139.836101, 35.631577 ], [ 139.836269, 35.633651 ], [ 139.836369, 35.634884 ], [ 139.836559, 35.637214 ], [ 139.836676, 35.638658 ], [ 139.836746, 35.639518 ], [ 139.836944, 35.641776 ], [ 139.837104, 35.643586 ], [ 139.83729, 35.645702 ], [ 139.837493, 35.648002 ], [ 139.841027, 35.647687 ], [ 139.84105, 35.647685 ], [ 139.841104, 35.64768 ], [ 139.841435, 35.647651 ], [ 139.84124, 35.645435 ], [ 139.840224, 35.633916 ], [ 139.840215, 35.633758 ], [ 139.83915, 35.633677 ], [ 139.838807, 35.633651 ], [ 139.836682, 35.63349 ], [ 139.836408, 35.631607 ], [ 139.836101, 35.631577 ] ] ] } },
{ "type": "Feature", "properties": { "key": "江東区|夢の島1丁目", "ward": "江東区", "town": "夢の島１丁目" }, "geometry": { "type": "Polygon", "coordinates": [ [ [ 139.822188, 35.646483 ], [ 139.822123, 35.646979 ], [ 139.821638, 35.646966 ], [ 139.82163, 35.64704 ], [ 139.821622, 35.647096 ], [ 139.822105, 35.647121 ], [ 139.821298, 35.653326 ], [ 139.822159, 35.65411 ], [ 139.823958, 35.654239 ], [ 139.823772, 35.655758 ], [ 139.824258, 35.655806 ], [ 139.824839, 35.651108 ], [ 139.82548, 35.64681 ], [ 139.822188, 35.646483 ] ] ] } },
{ "type": "Feature", "properties": { "key": "江東区|夢の島2丁目", "ward": "江東区", "town": "夢の島２丁目" }, "geometry": { "type": "Polygon", "coordinates": [ [ [ 139.830697, 35.651657 ], [ 139.8307, 35.651639 ], [ 139.830766, 35.651129 ], [ 139.830743, 35.650941 ], [ 139.83091, 35.649812 ], [ 139.831052, 35.648828 ], [ 139.83113, 35.648232 ], [ 139.833382, 35.648458 ], [ 139.833467, 35.647984 ], [ 139.833871, 35.648048 ], [ 139.833937, 35.64765 ], [ 139.832946, 35.647551 ], [ 139.829978, 35.647257 ], [ 139.82693, 35.646954 ], [ 139.82548, 35.64681 ], [ 139.824839, 35.651108 ], [ 139.824258, 35.655806 ], [ 139.824438, 35.655824 ], [ 139.824627, 35.654288 ], [ 139.825472, 35.654348 ], [ 139.825475, 35.654328 ], [ 139.825573, 35.65434 ], [ 139.82608, 35.651635 ], [ 139.829122, 35.651951 ], [ 139.829104, 35.652386 ], [ 139.830041, 35.652502 ], [ 139.830124, 35.652011 ], [ 139.830644, 35.652065 ], [ 139.830697, 35.651657 ] ] ] } },
{ "type": "Feature", "properties": { "key": "江東区|夢の島3丁目", "ward": "江東区", "town": "夢の島３丁目" }, "geometry": { "type": "Polygon", "coordinates": [ [ [ 139.834014, 35.652081 ], [ 139.834745, 35.652157 ], [ 139.837181, 35.650536 ], [ 139.837686, 35.651069 ], [ 139.837934, 35.650882 ], [ 139.837452, 35.650335 ], [ 139.841067, 35.647899 ], [ 139.841435, 35.647651 ], [ 139.841104, 35.64768 ], [ 139.84105, 35.647685 ], [ 139.841027, 35.647687 ], [ 139.837493, 35.648002 ], [ 139.835783, 35.647833 ], [ 139.83503, 35.647758 ], [ 139.833937, 35.64765 ], [ 139.833871, 35.648048 ], [ 139.833467, 35.647984 ], [ 139.833382, 35.648458 ], [ 139.83113, 35.648232 ], [ 139.831052, 35.648828 ], [ 139.83091, 35.649812 ], [ 139.830743, 35.650941 ], [ 139.830766, 35.651129 ], [ 139.8307, 35.651639 ], [ 139.830697, 35.651657 ], [ 139.830644, 35.652065 ], [ 139.833568, 35.652372 ], [ 139.834014, 35.652081 ] ] ] } },
{ "type": "Feature", "properties": { "key": "江東区|若洲1丁目", "ward": "江東区", "town": "若洲１丁目" }, "geometry": { "type": "Polygon", "coordinates": [ [ [ 139.826991, 35.622227 ], [ 139.82595, 35.628793 ], [ 139.825669, 35.630561 ], [ 139.83044, 35.631026 ], [ 139.833124, 35.631287 ], [ 139.835529, 35.631521 ], [ 139.835966, 35.631564 ], [ 139.835966, 35.631402 ], [ 139.835866, 35.630504 ], [ 139.835865, 35.630491 ], [ 139.835748, 35.629034 ], [ 139.833465, 35.62884 ], [ 139.831975, 35.628701 ], [ 139.830764, 35.628587 ], [ 139.830979, 35.626969 ], [ 139.831312, 35.624603 ], [ 139.831584, 35.622674 ], [ 139.831553, 35.622672 ], [ 139.831124, 35.622627 ], [ 139.828267, 35.622333 ], [ 139.826991, 35.622227 ] ] ] } },
{ "type": "Feature", "properties": { "key": "江東区|若洲2丁目", "ward": "江東区", "town": "若洲２丁目" }, "geometry": { "type": "Polygon", "coordinates": [ [ [ 139.832973, 35.620348 ], [ 139.833541, 35.619648 ], [ 139.833466, 35.619053 ], [ 139.832533, 35.618528 ], [ 139.83126, 35.617828 ], [ 139.831198, 35.617903 ], [ 139.830683, 35.618672 ], [ 139.832296, 35.619545 ], [ 139.831054, 35.620942 ], [ 139.830735, 35.620724 ], [ 139.829347, 35.619773 ], [ 139.827518, 35.619635 ], [ 139.827471, 35.619914 ], [ 139.82736, 35.619901 ], [ 139.826991, 35.622227 ], [ 139.828267, 35.622333 ], [ 139.831124, 35.622627 ], [ 139.831553, 35.622672 ], [ 139.831584, 35.622674 ], [ 139.831312, 35.624603 ], [ 139.830979, 35.626969 ], [ 139.830764, 35.628587 ], [ 139.831975, 35.628701 ], [ 139.833465, 35.62884 ], [ 139.835748, 35.629034 ], [ 139.835423, 35.624998 ], [ 139.835254, 35.622998 ], [ 139.833177, 35.622815 ], [ 139.832973, 35.620348 ] ] ] } },
{ "type": "Feature", "properties": { "key": "江東区|若洲3丁目", "ward": "江東区", "town": "若洲３丁目" }, "geometry": { "type": "Polygon", "coordinates": [ [ [ 139.84008, 35.631964 ], [ 139.840092, 35.631965 ], [ 139.840103, 35.631966 ], [ 139.838639, 35.614327 ], [ 139.838575, 35.614291 ], [ 139.83556, 35.6126 ], [ 139.832269, 35.616601 ], [ 139.83126, 35.617828 ], [ 139.832533, 35.618528 ], [ 139.833466, 35.619053 ], [ 139.833541, 35.619648 ], [ 139.832973, 35.620348 ], [ 139.833177, 35.622815 ], [ 139.835254, 35.622998 ], [ 139.835423, 35.624998 ], [ 139.835748, 35.629034 ], [ 139.835865, 35.630491 ], [ 139.835866, 35.630504 ], [ 139.835966, 35.631402 ], [ 139.835966, 35.631564 ], [ 139.836101, 35.631577 ], [ 139.836408, 35.631607 ], [ 139.83644, 35.63161 ], [ 139.83672, 35.631733 ], [ 139.83973, 35.632103 ], [ 139.84008, 35.631964 ] ] ] } }
]
}
