{
"type": "FeatureCollection",
"name": "13116",
"crs": { "type": "name", "properties": { "name": "urn:ogc:def:crs:OGC:1.3:CRS84" } },
"features": [
{ "type": "Feature", "properties": { "key": "豊島区|駒込1丁目", "ward": "豊島区", "town": "駒込１丁目" }, "geometry": { "type": "Polygon", "coordinates": [ [ [ 139.750812, 35.735985 ], [ 139.751079, 35.735854 ], [ 139.751157, 35.735794 ], [ 139.751161, 35.735791 ], [ 139.751225, 35.735748 ], [ 139.751243, 35.735751 ], [ 139.751261, 35.73575 ], [ 139.751284, 35.73574 ], [ 139.751356, 35.735685 ], [ 139.751377, 35.735707 ], [ 139.751441, 35.735769 ], [ 139.75151, 35.735724 ], [ 139.751549, 35.735758 ], [ 139.751911, 35.735514 ], [ 139.751921, 35.735524 ], [ 139.751947, 35.735507 ], [ 139.752035, 35.735586 ], [ 139.752174, 35.735492 ], [ 139.752202, 35.735477 ], [ 139.752401, 35.73536 ], [ 139.752432, 35.735397 ], [ 139.752466, 35.735434 ], [ 139.75263, 35.735274 ], [ 139.75268, 35.735257 ], [ 139.752172, 35.735095 ], [ 139.751691, 35.73494 ], [ 139.751656, 35.734901 ], [ 139.7515, 35.734715 ], [ 139.75136, 35.73478 ], [ 139.751276, 35.734819 ], [ 139.751212, 35.734796 ], [ 139.750874, 35.734678 ], [ 139.750878, 35.734506 ], [ 139.750585, 35.734396 ], [ 139.750564, 35.734396 ], [ 139.750502, 35.734396 ], [ 139.750311, 35.734395 ], [ 139.75032, 35.734296 ], [ 139.750174, 35.734241 ], [ 139.750484, 35.734084 ], [ 139.750597, 35.73403 ], [ 139.750609, 35.734024 ], [ 139.750621, 35.733942 ], [ 139.750614, 35.733933 ], [ 139.750605, 35.733924 ], [ 139.7502, 35.73357 ], [ 139.750255, 35.73352 ], [ 139.750262, 35.733514 ], [ 139.750225, 35.733488 ], [ 139.750007, 35.73334 ], [ 139.749969, 35.733382 ], [ 139.749862, 35.733327 ], [ 139.749901, 35.733269 ], [ 139.749854, 35.733237 ], [ 139.749818, 35.733212 ], [ 139.749814, 35.733216 ], [ 139.749792, 35.733242 ], [ 139.749755, 35.733279 ], [ 139.749752, 35.733282 ], [ 139.749639, 35.73322 ], [ 139.749679, 35.733176 ], [ 139.749548, 35.733098 ], [ 139.749573, 35.733063 ], [ 139.749575, 35.733059 ], [ 139.74945, 35.732987 ], [ 139.749414, 35.732965 ], [ 139.749397, 35.732955 ], [ 139.749388, 35.732949 ], [ 139.749289, 35.732892 ], [ 139.749239, 35.732863 ], [ 139.749237, 35.732868 ], [ 139.749218, 35.732901 ], [ 139.749139, 35.732985 ], [ 139.749094, 35.732958 ], [ 139.749035, 35.733032 ], [ 139.748954, 35.732988 ], [ 139.748909, 35.733046 ], [ 139.748764, 35.733236 ], [ 139.748832, 35.73328 ], [ 139.748994, 35.733385 ], [ 139.749032, 35.733409 ], [ 139.748937, 35.733527 ], [ 139.748934, 35.733531 ], [ 139.74889, 35.733516 ], [ 139.748769, 35.733473 ], [ 139.748618, 35.733667 ], [ 139.748579, 35.733651 ], [ 139.748476, 35.733772 ], [ 139.748442, 35.733738 ], [ 139.748217, 35.733515 ], [ 139.748203, 35.733497 ], [ 139.748104, 35.733636 ], [ 139.74798, 35.73381 ], [ 139.747784, 35.734076 ], [ 139.747533, 35.734416 ], [ 139.747414, 35.734577 ], [ 139.74767, 35.734714 ], [ 139.747712, 35.734661 ], [ 139.747815, 35.734711 ], [ 139.74775, 35.734779 ], [ 139.747689, 35.734879 ], [ 139.747766, 35.73491 ], [ 139.747593, 35.73516 ], [ 139.74748, 35.735342 ], [ 139.747377, 35.735466 ], [ 139.747368, 35.735476 ], [ 139.747218, 35.735382 ], [ 139.747174, 35.735354 ], [ 139.747084, 35.73529 ], [ 139.747042, 35.735216 ], [ 139.74705, 35.735114 ], [ 139.746868, 35.735195 ], [ 139.746549, 35.735338 ], [ 139.746121, 35.735545 ], [ 139.74611, 35.73555 ], [ 139.74533, 35.735903 ], [ 139.745403, 35.735934 ], [ 139.7463, 35.736322 ], [ 139.746585, 35.736439 ], [ 139.746681, 35.736479 ], [ 139.746819, 35.736175 ], [ 139.74689, 35.736071 ], [ 139.747174, 35.736176 ], [ 139.747472, 35.736286 ], [ 139.747405, 35.736403 ], [ 139.748115, 35.736704 ], [ 139.74822, 35.736753 ], [ 139.748271, 35.73681 ], [ 139.748802, 35.737045 ], [ 139.74924, 35.737233 ], [ 139.749325, 35.737064 ], [ 139.749501, 35.736801 ], [ 139.749505, 35.736796 ], [ 139.74967, 35.736643 ], [ 139.749892, 35.736479 ], [ 139.749987, 35.736421 ], [ 139.750256, 35.736258 ], [ 139.750494, 35.736133 ], [ 139.750514, 35.736123 ], [ 139.750812, 35.735985 ] ] ] } },
{ "type": "Feature", "properties": { "key": "豊島区|駒込2丁目", "ward": "豊島区", "town": "駒込２丁目" }, "geometry": { "type": "Polygon", "coordinates": [ [ [ 139.747405, 35.736403 ], [ 139.747472, 35.736286 ], [ 139.747174, 35.736176 ], [ 139.74689, 35.736071 ], [ 139.746819, 35.736175 ], [ 139.746681, 35.736479 ], [ 139.746585, 35.736439 ], [ 139.746576, 35.736557 ], [ 139.746452, 35.736955 ], [ 139.746433, 35.737017 ], [ 139.746358, 35.737275 ], [ 139.74625, 35.737686 ], [ 139.746161, 35.738005 ], [ 139.746141, 35.738074 ], [ 139.746111, 35.73819 ], [ 139.746094, 35.738233 ], [ 139.746322, 35.738774 ], [ 139.746379, 35.738924 ], [ 139.746409, 35.739002 ], [ 139.746509, 35.739265 ], [ 139.746629, 35.739582 ], [ 139.74669, 35.739743 ], [ 139.746741, 35.739877 ], [ 139.747141, 35.73964 ], [ 139.74717, 35.739623 ], [ 139.747259, 35.739568 ], [ 139.747519, 35.739396 ], [ 139.747721, 35.739262 ], [ 139.747826, 35.739193 ], [ 139.74787, 35.739164 ], [ 139.748108, 35.739007 ], [ 139.748171, 35.738963 ], [ 139.748379, 35.738818 ], [ 139.748405, 35.7388 ], [ 139.74852, 35.73861 ], [ 139.748636, 35.738395 ], [ 139.748669, 35.738331 ], [ 139.748796, 35.738087 ], [ 139.74892, 35.737876 ], [ 139.748925, 35.737866 ], [ 139.749107, 35.737529 ], [ 139.749109, 35.737524 ], [ 139.749149, 35.737442 ], [ 139.749229, 35.737258 ], [ 139.74924, 35.737233 ], [ 139.748802, 35.737045 ], [ 139.748271, 35.73681 ], [ 139.74822, 35.736753 ], [ 139.748115, 35.736704 ], [ 139.747405, 35.736403 ] ] ] } },
{ "type": "Feature", "properties": { "key": "豊島区|駒込3丁目", "ward": "豊島区", "town": "駒込３丁目" }, "geometry": { "type": "Polygon", "coordinates": [ [ [ 139.744424, 35.740614 ], [ 139.744335, 35.740634 ], [ 139.744234, 35.740657 ], [ 139.744148, 35.740327 ], [ 139.744128, 35.740045 ], [ 139.74409, 35.739897 ], [ 139.744149, 35.73988 ], [ 139.744159, 35.739838 ], [ 139.744158, 35.739834 ], [ 139.744129, 35.739744 ], [ 139.744116, 35.739649 ], [ 139.744037, 35.739621 ], [ 139.743997, 35.739425 ], [ 139.744097, 35.73939 ], [ 139.744118, 35.739383 ], [ 139.74405, 35.738868 ], [ 139.744136, 35.73884 ], [ 139.744195, 35.738947 ], [ 139.744389, 35.738871 ], [ 139.744531, 35.73901 ], [ 139.744526, 35.739187 ], [ 139.744853, 35.739276 ], [ 139.745411, 35.739268 ], [ 139.745666, 35.739237 ], [ 139.745803, 35.739209 ], [ 139.745974, 35.739146 ], [ 139.746011, 35.739105 ], [ 139.745991, 35.738807 ], [ 139.746322, 35.738774 ], [ 139.746094, 35.738233 ], [ 139.746111, 35.73819 ], [ 139.746141, 35.738074 ], [ 139.746161, 35.738005 ], [ 139.74625, 35.737686 ], [ 139.746358, 35.737275 ], [ 139.746433, 35.737017 ], [ 139.746452, 35.736955 ], [ 139.746576, 35.736557 ], [ 139.746585, 35.736439 ], [ 139.7463, 35.736322 ], [ 139.745403, 35.735934 ], [ 139.74533, 35.735903 ], [ 139.74528, 35.735923 ], [ 139.744893, 35.736112 ], [ 139.744812, 35.73613 ], [ 139.744464, 35.736278 ], [ 139.744431, 35.736306 ], [ 139.744429, 35.736308 ], [ 139.744078, 35.736451 ], [ 139.743934, 35.73651 ], [ 139.743382, 35.736745 ], [ 139.743205, 35.73682 ], [ 139.743099, 35.73687 ], [ 139.742944, 35.736938 ], [ 139.742614, 35.737074 ], [ 139.742346, 35.737189 ], [ 139.741815, 35.737409 ], [ 139.741818, 35.737414 ], [ 139.742212, 35.737907 ], [ 139.742334, 35.73802 ], [ 139.742466, 35.738125 ], [ 139.742634, 35.738269 ], [ 139.742727, 35.738398 ], [ 139.7429, 35.738643 ], [ 139.742986, 35.738782 ], [ 139.743068, 35.738913 ], [ 139.743071, 35.738919 ], [ 139.743179, 35.739071 ], [ 139.743372, 35.739396 ], [ 139.743376, 35.739403 ], [ 139.743518, 35.739713 ], [ 139.743631, 35.739844 ], [ 139.743693, 35.739948 ], [ 139.743748, 35.740139 ], [ 139.743827, 35.740406 ], [ 139.743875, 35.740552 ], [ 139.743932, 35.740724 ], [ 139.744033, 35.740928 ], [ 139.744148, 35.741174 ], [ 139.744167, 35.741167 ], [ 139.744248, 35.741133 ], [ 139.744197, 35.74096 ], [ 139.744506, 35.740874 ], [ 139.74454, 35.740813 ], [ 139.744424, 35.740614 ] ] ] } },
{ "type": "Feature", "properties": { "key": "豊島区|駒込4丁目", "ward": "豊島区", "town": "駒込４丁目" }, "geometry": { "type": "Polygon", "coordinates": [ [ [ 139.74515, 35.73571 ], [ 139.745053, 35.735735 ], [ 139.744411, 35.73552 ], [ 139.744116, 35.735421 ], [ 139.742717, 35.734861 ], [ 139.742374, 35.734721 ], [ 139.742136, 35.734621 ], [ 139.741816, 35.734529 ], [ 139.7418, 35.734536 ], [ 139.740791, 35.734978 ], [ 139.740493, 35.735103 ], [ 139.739765, 35.73541 ], [ 139.739516, 35.735515 ], [ 139.739723, 35.735822 ], [ 139.739471, 35.735935 ], [ 139.739516, 35.735996 ], [ 139.738869, 35.736301 ], [ 139.738978, 35.736491 ], [ 139.739286, 35.73691 ], [ 139.739485, 35.737181 ], [ 139.739585, 35.737313 ], [ 139.73999, 35.737868 ], [ 139.740169, 35.738113 ], [ 139.740259, 35.738085 ], [ 139.740716, 35.73789 ], [ 139.74103, 35.737751 ], [ 139.741519, 35.737541 ], [ 139.741818, 35.737414 ], [ 139.741815, 35.737409 ], [ 139.742346, 35.737189 ], [ 139.742614, 35.737074 ], [ 139.742944, 35.736938 ], [ 139.743099, 35.73687 ], [ 139.743205, 35.73682 ], [ 139.743382, 35.736745 ], [ 139.743934, 35.73651 ], [ 139.744078, 35.736451 ], [ 139.744429, 35.736308 ], [ 139.744431, 35.736306 ], [ 139.744464, 35.736278 ], [ 139.744812, 35.73613 ], [ 139.744893, 35.736112 ], [ 139.74528, 35.735923 ], [ 139.74515, 35.73571 ] ] ] } },
{ "type": "Feature", "properties": { "key": "豊島区|駒込5丁目", "ward": "豊島区", "town": "駒込５丁目" }, "geometry": { "type": "Polygon", "coordinates": [ [ [ 139.738363, 35.735595 ], [ 139.738321, 35.73561 ], [ 139.737732, 35.735908 ], [ 139.737388, 35.736062 ], [ 139.737158, 35.736181 ], [ 139.737018, 35.736232 ], [ 139.736871, 35.736201 ], [ 139.736863, 35.736201 ], [ 139.736616, 35.736394 ], [ 139.736325, 35.736627 ], [ 139.735988, 35.736915 ], [ 139.73591, 35.737007 ], [ 139.735905, 35.737049 ], [ 139.735978, 35.737163 ], [ 139.735999, 35.73729 ], [ 139.736172, 35.738019 ], [ 139.736271, 35.73846 ], [ 139.736312, 35.738619 ], [ 139.736334, 35.738652 ], [ 139.736336, 35.738759 ], [ 139.736303, 35.738981 ], [ 139.736319, 35.739147 ], [ 139.736373, 35.739359 ], [ 139.73641, 35.739451 ], [ 139.736484, 35.739588 ], [ 139.73652, 35.739768 ], [ 139.738553, 35.73882 ], [ 139.738747, 35.738736 ], [ 139.739527, 35.738395 ], [ 139.740169, 35.738113 ], [ 139.73999, 35.737868 ], [ 139.739585, 35.737313 ], [ 139.739485, 35.737181 ], [ 139.739286, 35.73691 ], [ 139.738978, 35.736491 ], [ 139.738869, 35.736301 ], [ 139.738363, 35.735595 ] ] ] } },
{ "type": "Feature", "properties": { "key": "豊島区|駒込6丁目", "ward": "豊島区", "town": "駒込６丁目" }, "geometry": { "type": "Polygon", "coordinates": [ [ [ 139.741818, 35.737414 ], [ 139.741519, 35.737541 ], [ 139.74103, 35.737751 ], [ 139.740716, 35.73789 ], [ 139.740259, 35.738085 ], [ 139.740169, 35.738113 ], [ 139.739527, 35.738395 ], [ 139.739875, 35.738956 ], [ 139.739853, 35.738965 ], [ 139.739991, 35.739161 ], [ 139.740153, 35.739606 ], [ 139.740226, 35.739806 ], [ 139.740308, 35.739872 ], [ 139.74041, 35.73998 ], [ 139.740552, 35.740131 ], [ 139.740703, 35.740224 ], [ 139.740757, 35.740441 ], [ 139.740773, 35.7405 ], [ 139.740859, 35.740881 ], [ 139.740916, 35.741194 ], [ 139.740999, 35.741692 ], [ 139.741013, 35.74178 ], [ 139.741063, 35.742098 ], [ 139.741104, 35.742352 ], [ 139.74151, 35.742207 ], [ 139.741597, 35.742168 ], [ 139.741704, 35.74212 ], [ 139.74186, 35.742049 ], [ 139.742088, 35.741889 ], [ 139.742222, 35.741797 ], [ 139.742252, 35.741781 ], [ 139.742575, 35.741597 ], [ 139.742598, 35.741584 ], [ 139.742825, 35.741492 ], [ 139.743133, 35.741406 ], [ 139.743396, 35.741369 ], [ 139.743571, 35.741344 ], [ 139.743881, 35.741254 ], [ 139.744148, 35.741174 ], [ 139.744033, 35.740928 ], [ 139.743932, 35.740724 ], [ 139.743875, 35.740552 ], [ 139.743827, 35.740406 ], [ 139.743748, 35.740139 ], [ 139.743693, 35.739948 ], [ 139.743631, 35.739844 ], [ 139.743518, 35.739713 ], [ 139.743376, 35.739403 ], [ 139.743372, 35.739396 ], [ 139.743179, 35.739071 ], [ 139.743071, 35.738919 ], [ 139.743068, 35.738913 ], [ 139.742986, 35.738782 ], [ 139.7429, 35.738643 ], [ 139.742727, 35.738398 ], [ 139.742634, 35.738269 ], [ 139.742466, 35.738125 ], [ 139.742334, 35.73802 ], [ 139.742212, 35.737907 ], [ 139.741818, 35.737414 ] ] ] } },
{ "type": "Feature", "properties": { "key": "豊島区|駒込7丁目", "ward": "豊島区", "town": "駒込７丁目" }, "geometry": { "type": "Polygon", "coordinates": [ [ [ 139.739527, 35.738395 ], [ 139.738747, 35.738736 ], [ 139.738553, 35.73882 ], [ 139.73652, 35.739768 ], [ 139.736617, 35.739899 ], [ 139.736773, 35.740032 ], [ 139.736933, 35.740113 ], [ 139.73708, 35.740168 ], [ 139.737085, 35.740247 ], [ 139.736986, 35.740498 ], [ 139.736985, 35.740537 ], [ 139.736846, 35.740905 ], [ 139.736844, 35.740912 ], [ 139.737315, 35.741049 ], [ 139.737684, 35.741153 ], [ 139.737802, 35.741186 ], [ 139.738043, 35.741264 ], [ 139.738249, 35.741321 ], [ 139.738445, 35.741363 ], [ 139.7389, 35.741518 ], [ 139.738918, 35.741525 ], [ 139.739356, 35.741686 ], [ 139.739432, 35.741699 ], [ 139.739632, 35.741779 ], [ 139.739753, 35.741825 ], [ 139.739975, 35.74191 ], [ 139.740247, 35.741985 ], [ 139.740251, 35.741987 ], [ 139.740835, 35.74222 ], [ 139.741082, 35.74237 ], [ 139.741104, 35.742352 ], [ 139.741063, 35.742098 ], [ 139.741013, 35.74178 ], [ 139.740999, 35.741692 ], [ 139.740916, 35.741194 ], [ 139.740859, 35.740881 ], [ 139.740773, 35.7405 ], [ 139.740757, 35.740441 ], [ 139.740703, 35.740224 ], [ 139.740552, 35.740131 ], [ 139.74041, 35.73998 ], [ 139.740308, 35.739872 ], [ 139.740226, 35.739806 ], [ 139.740153, 35.739606 ], [ 139.739991, 35.739161 ], [ 139.739853, 35.738965 ], [ 139.739875, 35.738956 ], [ 139.739527, 35.738395 ] ] ] } },
{ "type": "Feature", "properties": { "key": "豊島区|巣鴨1丁目", "ward": "豊島区", "town": "巣鴨１丁目" }, "geometry": { "type": "Polygon", "coordinates": [ [ [ 139.74337, 35.734651 ], [ 139.743344, 35.734652 ], [ 139.743051, 35.734801 ], [ 139.742997, 35.734729 ], [ 139.742615, 35.734149 ], [ 139.742593, 35.734116 ], [ 139.742591, 35.734113 ], [ 139.742352, 35.7338 ], [ 139.74213, 35.733931 ], [ 139.741877, 35.733818 ], [ 139.742249, 35.733604 ], [ 139.742209, 35.733533 ], [ 139.742273, 35.733525 ], [ 139.742288, 35.733522 ], [ 139.742256, 35.733457 ], [ 139.742464, 35.733338 ], [ 139.742528, 35.733387 ], [ 139.742705, 35.733257 ], [ 139.742768, 35.733212 ], [ 139.742957, 35.733367 ], [ 139.743034, 35.733361 ], [ 139.743266, 35.733165 ], [ 139.743068, 35.733005 ], [ 139.743407, 35.732725 ], [ 139.743388, 35.732708 ], [ 139.742629, 35.73217 ], [ 139.742625, 35.732167 ], [ 139.74169, 35.731488 ], [ 139.741219, 35.731146 ], [ 139.741643, 35.730704 ], [ 139.741091, 35.730401 ], [ 139.741004, 35.730342 ], [ 139.740983, 35.73033 ], [ 139.740978, 35.730327 ], [ 139.74086, 35.73046 ], [ 139.740829, 35.730495 ], [ 139.740789, 35.730472 ], [ 139.74062, 35.730375 ], [ 139.740341, 35.730668 ], [ 139.74, 35.731024 ], [ 139.739988, 35.731036 ], [ 139.739612, 35.731368 ], [ 139.739554, 35.731419 ], [ 139.739527, 35.731441 ], [ 139.739217, 35.731703 ], [ 139.739159, 35.731655 ], [ 139.738813, 35.731978 ], [ 139.738614, 35.731831 ], [ 139.738394, 35.731667 ], [ 139.738088, 35.73144 ], [ 139.738179, 35.731357 ], [ 139.738183, 35.731353 ], [ 139.737928, 35.731147 ], [ 139.737893, 35.731119 ], [ 139.737921, 35.731095 ], [ 139.737709, 35.730938 ], [ 139.737693, 35.730926 ], [ 139.737654, 35.730962 ], [ 139.737614, 35.730933 ], [ 139.737579, 35.730904 ], [ 139.737654, 35.730837 ], [ 139.737483, 35.730697 ], [ 139.73748, 35.730701 ], [ 139.73747, 35.73069 ], [ 139.73745, 35.730707 ], [ 139.737437, 35.730697 ], [ 139.737404, 35.730728 ], [ 139.737324, 35.730664 ], [ 139.737353, 35.73064 ], [ 139.73726, 35.730569 ], [ 139.7372, 35.730618 ], [ 139.737185, 35.730606 ], [ 139.737154, 35.73058 ], [ 139.736919, 35.730403 ], [ 139.73689, 35.730427 ], [ 139.736887, 35.73043 ], [ 139.736861, 35.73041 ], [ 139.736794, 35.730358 ], [ 139.73687, 35.730287 ], [ 139.736742, 35.730191 ], [ 139.736452, 35.730455 ], [ 139.73645, 35.730458 ], [ 139.736406, 35.730532 ], [ 139.736384, 35.730576 ], [ 139.736261, 35.730824 ], [ 139.736134, 35.73105 ], [ 139.736104, 35.731105 ], [ 139.735997, 35.731302 ], [ 139.735884, 35.731509 ], [ 139.73577, 35.731879 ], [ 139.735756, 35.731956 ], [ 139.735844, 35.731975 ], [ 139.736152, 35.732106 ], [ 139.736348, 35.732189 ], [ 139.736622, 35.732304 ], [ 139.736919, 35.732433 ], [ 139.736982, 35.73246 ], [ 139.737685, 35.732754 ], [ 139.73781, 35.732808 ], [ 139.738293, 35.733015 ], [ 139.738311, 35.733023 ], [ 139.738908, 35.733275 ], [ 139.739059, 35.733345 ], [ 139.73889, 35.733501 ], [ 139.739273, 35.733662 ], [ 139.739384, 35.733709 ], [ 139.739676, 35.733626 ], [ 139.739909, 35.733725 ], [ 139.740111, 35.733824 ], [ 139.740748, 35.734101 ], [ 139.7418, 35.734536 ], [ 139.741816, 35.734529 ], [ 139.742136, 35.734621 ], [ 139.742374, 35.734721 ], [ 139.742717, 35.734861 ], [ 139.744116, 35.735421 ], [ 139.744411, 35.73552 ], [ 139.744308, 35.735379 ], [ 139.744134, 35.735137 ], [ 139.744108, 35.735088 ], [ 139.743582, 35.734873 ], [ 139.74337, 35.734651 ] ] ] } },
{ "type": "Feature", "properties": { "key": "豊島区|巣鴨2丁目", "ward": "豊島区", "town": "巣鴨２丁目" }, "geometry": { "type": "Polygon", "coordinates": [ [ [ 139.736863, 35.736201 ], [ 139.736871, 35.736201 ], [ 139.737018, 35.736232 ], [ 139.737158, 35.736181 ], [ 139.737388, 35.736062 ], [ 139.737732, 35.735908 ], [ 139.738321, 35.73561 ], [ 139.738363, 35.735595 ], [ 139.738869, 35.736301 ], [ 139.739516, 35.735996 ], [ 139.739471, 35.735935 ], [ 139.739723, 35.735822 ], [ 139.739516, 35.735515 ], [ 139.739765, 35.73541 ], [ 139.740493, 35.735103 ], [ 139.740791, 35.734978 ], [ 139.7418, 35.734536 ], [ 139.740748, 35.734101 ], [ 139.740111, 35.733824 ], [ 139.739909, 35.733725 ], [ 139.739676, 35.733626 ], [ 139.739384, 35.733709 ], [ 139.739273, 35.733662 ], [ 139.73889, 35.733501 ], [ 139.73852, 35.733821 ], [ 139.738251, 35.734036 ], [ 139.738062, 35.734184 ], [ 139.73792, 35.734304 ], [ 139.73774, 35.73445 ], [ 139.737395, 35.734727 ], [ 139.736888, 35.735157 ], [ 139.736431, 35.735636 ], [ 139.736312, 35.735758 ], [ 139.736111, 35.735964 ], [ 139.73608, 35.735997 ], [ 139.735906, 35.73618 ], [ 139.735764, 35.736329 ], [ 139.735574, 35.736533 ], [ 139.73543, 35.736676 ], [ 139.73547, 35.736691 ], [ 139.735687, 35.73678 ], [ 139.735988, 35.736915 ], [ 139.736325, 35.736627 ], [ 139.736616, 35.736394 ], [ 139.736863, 35.736201 ] ] ] } },
{ "type": "Feature", "properties": { "key": "豊島区|巣鴨3丁目", "ward": "豊島区", "town": "巣鴨３丁目" }, "geometry": { "type": "Polygon", "coordinates": [ [ [ 139.735352, 35.736651 ], [ 139.73543, 35.736676 ], [ 139.735574, 35.736533 ], [ 139.735764, 35.736329 ], [ 139.735906, 35.73618 ], [ 139.73608, 35.735997 ], [ 139.736111, 35.735964 ], [ 139.736312, 35.735758 ], [ 139.736431, 35.735636 ], [ 139.736888, 35.735157 ], [ 139.737395, 35.734727 ], [ 139.73774, 35.73445 ], [ 139.73792, 35.734304 ], [ 139.738062, 35.734184 ], [ 139.738251, 35.734036 ], [ 139.73852, 35.733821 ], [ 139.73889, 35.733501 ], [ 139.739059, 35.733345 ], [ 139.738908, 35.733275 ], [ 139.738311, 35.733023 ], [ 139.738293, 35.733015 ], [ 139.73781, 35.732808 ], [ 139.737685, 35.732754 ], [ 139.736982, 35.73246 ], [ 139.736919, 35.732433 ], [ 139.736622, 35.732304 ], [ 139.736348, 35.732189 ], [ 139.736152, 35.732106 ], [ 139.735844, 35.731975 ], [ 139.735756, 35.731956 ], [ 139.735711, 35.732233 ], [ 139.735708, 35.732244 ], [ 139.73564, 35.732499 ], [ 139.735636, 35.732514 ], [ 139.735584, 35.732614 ], [ 139.73554, 35.732708 ], [ 139.735303, 35.732775 ], [ 139.735286, 35.73278 ], [ 139.734912, 35.732886 ], [ 139.734695, 35.732935 ], [ 139.734517, 35.732983 ], [ 139.734306, 35.733066 ], [ 139.73412, 35.733125 ], [ 139.733945, 35.733203 ], [ 139.733488, 35.733382 ], [ 139.733478, 35.733386 ], [ 139.733322, 35.73346 ], [ 139.733158, 35.733563 ], [ 139.733093, 35.733601 ], [ 139.732801, 35.733839 ], [ 139.732785, 35.733851 ], [ 139.732632, 35.733965 ], [ 139.732492, 35.734064 ], [ 139.732467, 35.734081 ], [ 139.732184, 35.734249 ], [ 139.732156, 35.734265 ], [ 139.731985, 35.734371 ], [ 139.731796, 35.734476 ], [ 139.731685, 35.734538 ], [ 139.731342, 35.734669 ], [ 139.731798, 35.735111 ], [ 139.73184, 35.73515 ], [ 139.732291, 35.735564 ], [ 139.732987, 35.736117 ], [ 139.733247, 35.736327 ], [ 139.73344, 35.736483 ], [ 139.733579, 35.73661 ], [ 139.733926, 35.73637 ], [ 139.734249, 35.736141 ], [ 139.734476, 35.735981 ], [ 139.7345, 35.735969 ], [ 139.734777, 35.736244 ], [ 139.734789, 35.736256 ], [ 139.735161, 35.73664 ], [ 139.735266, 35.73674 ], [ 139.735352, 35.736651 ] ] ] } },
{ "type": "Feature", "properties": { "key": "豊島区|巣鴨4丁目", "ward": "豊島区", "town": "巣鴨４丁目" }, "geometry": { "type": "Polygon", "coordinates": [ [ [ 139.734789, 35.736256 ], [ 139.734777, 35.736244 ], [ 139.7345, 35.735969 ], [ 139.734476, 35.735981 ], [ 139.734249, 35.736141 ], [ 139.733926, 35.73637 ], [ 139.733579, 35.73661 ], [ 139.73344, 35.736483 ], [ 139.733247, 35.736327 ], [ 139.732987, 35.736117 ], [ 139.732291, 35.735564 ], [ 139.73184, 35.73515 ], [ 139.731798, 35.735111 ], [ 139.731342, 35.734669 ], [ 139.731295, 35.734675 ], [ 139.731161, 35.734729 ], [ 139.731006, 35.734807 ], [ 139.730915, 35.734875 ], [ 139.730874, 35.734891 ], [ 139.730664, 35.735029 ], [ 139.730606, 35.735072 ], [ 139.730388, 35.735187 ], [ 139.73014, 35.735303 ], [ 139.730135, 35.735357 ], [ 139.730115, 35.735682 ], [ 139.730111, 35.736289 ], [ 139.730114, 35.736542 ], [ 139.73011, 35.736579 ], [ 139.7301, 35.736684 ], [ 139.730053, 35.737102 ], [ 139.730028, 35.737274 ], [ 139.73002, 35.737314 ], [ 139.729946, 35.737613 ], [ 139.729854, 35.738075 ], [ 139.729886, 35.738225 ], [ 139.729915, 35.738304 ], [ 139.730076, 35.738635 ], [ 139.730195, 35.738845 ], [ 139.730273, 35.739 ], [ 139.730282, 35.739047 ], [ 139.730294, 35.739143 ], [ 139.730349, 35.739538 ], [ 139.730435, 35.739962 ], [ 139.730464, 35.740205 ], [ 139.73048, 35.740333 ], [ 139.730484, 35.740366 ], [ 139.730525, 35.740586 ], [ 139.730593, 35.740792 ], [ 139.730704, 35.741184 ], [ 139.730792, 35.741429 ], [ 139.731136, 35.741088 ], [ 139.73128, 35.740931 ], [ 139.731541, 35.740665 ], [ 139.731571, 35.740634 ], [ 139.731911, 35.74028 ], [ 139.732246, 35.739935 ], [ 139.732459, 35.739694 ], [ 139.732836, 35.739313 ], [ 139.732888, 35.739255 ], [ 139.733301, 35.738823 ], [ 139.733685, 35.738421 ], [ 139.734042, 35.738052 ], [ 139.734072, 35.738019 ], [ 139.734569, 35.737503 ], [ 139.734799, 35.737254 ], [ 139.734918, 35.737131 ], [ 139.735222, 35.736816 ], [ 139.735266, 35.73674 ], [ 139.735161, 35.73664 ], [ 139.734789, 35.736256 ] ] ] } },
{ "type": "Feature", "properties": { "key": "豊島区|巣鴨5丁目", "ward": "豊島区", "town": "巣鴨５丁目" }, "geometry": { "type": "Polygon", "coordinates": [ [ [ 139.735072, 35.740629 ], [ 139.735162, 35.740714 ], [ 139.735445, 35.740538 ], [ 139.735522, 35.740557 ], [ 139.73575, 35.740619 ], [ 139.736207, 35.740754 ], [ 139.736459, 35.740822 ], [ 139.736844, 35.740912 ], [ 139.736846, 35.740905 ], [ 139.736985, 35.740537 ], [ 139.736986, 35.740498 ], [ 139.737085, 35.740247 ], [ 139.73708, 35.740168 ], [ 139.736933, 35.740113 ], [ 139.736773, 35.740032 ], [ 139.736617, 35.739899 ], [ 139.73652, 35.739768 ], [ 139.736484, 35.739588 ], [ 139.73641, 35.739451 ], [ 139.736373, 35.739359 ], [ 139.736319, 35.739147 ], [ 139.736303, 35.738981 ], [ 139.736336, 35.738759 ], [ 139.736334, 35.738652 ], [ 139.736312, 35.738619 ], [ 139.736271, 35.73846 ], [ 139.736172, 35.738019 ], [ 139.735999, 35.73729 ], [ 139.735978, 35.737163 ], [ 139.735905, 35.737049 ], [ 139.73591, 35.737007 ], [ 139.735988, 35.736915 ], [ 139.735687, 35.73678 ], [ 139.73547, 35.736691 ], [ 139.73543, 35.736676 ], [ 139.735352, 35.736651 ], [ 139.735266, 35.73674 ], [ 139.735222, 35.736816 ], [ 139.734918, 35.737131 ], [ 139.734799, 35.737254 ], [ 139.734569, 35.737503 ], [ 139.734072, 35.738019 ], [ 139.734042, 35.738052 ], [ 139.733685, 35.738421 ], [ 139.733301, 35.738823 ], [ 139.732888, 35.739255 ], [ 139.732836, 35.739313 ], [ 139.732459, 35.739694 ], [ 139.732246, 35.739935 ], [ 139.731911, 35.74028 ], [ 139.731571, 35.740634 ], [ 139.731541, 35.740665 ], [ 139.73128, 35.740931 ], [ 139.731136, 35.741088 ], [ 139.730792, 35.741429 ], [ 139.73107, 35.741766 ], [ 139.731075, 35.741772 ], [ 139.731182, 35.741898 ], [ 139.731647, 35.742495 ], [ 139.731891, 35.742803 ], [ 139.732031, 35.742983 ], [ 139.73217, 35.743174 ], [ 139.732192, 35.743171 ], [ 139.732472, 35.743112 ], [ 139.732592, 35.743067 ], [ 139.732815, 35.74295 ], [ 139.732888, 35.742901 ], [ 139.73293, 35.742873 ], [ 139.733176, 35.742618 ], [ 139.733524, 35.742232 ], [ 139.733772, 35.742023 ], [ 139.733973, 35.741866 ], [ 139.734058, 35.741791 ], [ 139.734077, 35.741774 ], [ 139.734128, 35.74173 ], [ 139.734329, 35.741539 ], [ 139.734443, 35.741358 ], [ 139.734456, 35.741322 ], [ 139.73458, 35.741034 ], [ 139.734767, 35.740839 ], [ 139.734827, 35.740795 ], [ 139.735072, 35.740629 ] ] ] } },
{ "type": "Feature", "properties": { "key": "豊島区|西巣鴨1丁目", "ward": "豊島区", "town": "西巣鴨１丁目" }, "geometry": { "type": "Polygon", "coordinates": [ [ [ 139.725599, 35.739659 ], [ 139.725637, 35.739725 ], [ 139.725656, 35.739823 ], [ 139.725786, 35.740015 ], [ 139.726101, 35.739793 ], [ 139.726408, 35.73952 ], [ 139.726489, 35.73914 ], [ 139.726521, 35.739051 ], [ 139.726769, 35.738734 ], [ 139.726858, 35.738604 ], [ 139.727057, 35.738431 ], [ 139.727153, 35.738347 ], [ 139.727471, 35.738089 ], [ 139.727274, 35.73784 ], [ 139.727646, 35.737513 ], [ 139.727455, 35.73736 ], [ 139.727302, 35.737244 ], [ 139.727783, 35.736963 ], [ 139.728328, 35.736843 ], [ 139.728772, 35.736754 ], [ 139.729212, 35.736671 ], [ 139.729698, 35.736583 ], [ 139.73011, 35.736579 ], [ 139.730114, 35.736542 ], [ 139.730111, 35.736289 ], [ 139.730115, 35.735682 ], [ 139.730135, 35.735357 ], [ 139.729786, 35.735359 ], [ 139.729215, 35.735411 ], [ 139.727758, 35.735533 ], [ 139.727575, 35.735539 ], [ 139.727308, 35.735551 ], [ 139.72688, 35.735366 ], [ 139.726611, 35.735583 ], [ 139.726459, 35.735683 ], [ 139.726267, 35.73579 ], [ 139.72619, 35.735811 ], [ 139.725889, 35.735924 ], [ 139.725886, 35.735933 ], [ 139.725256, 35.73612 ], [ 139.725232, 35.736128 ], [ 139.725113, 35.736166 ], [ 139.725019, 35.736191 ], [ 139.724876, 35.736229 ], [ 139.724753, 35.736264 ], [ 139.724568, 35.736343 ], [ 139.724492, 35.736376 ], [ 139.724404, 35.736415 ], [ 139.724208, 35.736522 ], [ 139.724029, 35.736659 ], [ 139.723931, 35.736752 ], [ 139.723818, 35.736851 ], [ 139.723518, 35.737208 ], [ 139.723267, 35.737536 ], [ 139.722977, 35.737915 ], [ 139.722993, 35.737918 ], [ 139.722681, 35.738342 ], [ 139.722635, 35.738414 ], [ 139.722673, 35.738749 ], [ 139.722645, 35.738772 ], [ 139.723042, 35.739123 ], [ 139.723422, 35.739475 ], [ 139.723901, 35.739898 ], [ 139.723914, 35.739904 ], [ 139.724046, 35.739666 ], [ 139.72465, 35.739609 ], [ 139.724654, 35.739615 ], [ 139.725008, 35.740037 ], [ 139.725093, 35.739936 ], [ 139.725311, 35.739789 ], [ 139.725599, 35.739659 ] ] ] } },
{ "type": "Feature", "properties": { "key": "豊島区|西巣鴨2丁目", "ward": "豊島区", "town": "西巣鴨２丁目" }, "geometry": { "type": "Polygon", "coordinates": [ [ [ 139.729062, 35.740214 ], [ 139.729318, 35.740005 ], [ 139.729344, 35.739984 ], [ 139.729424, 35.739912 ], [ 139.729655, 35.739727 ], [ 139.729691, 35.739695 ], [ 139.72976, 35.739634 ], [ 139.729956, 35.739451 ], [ 139.730011, 35.739401 ], [ 139.730294, 35.739143 ], [ 139.730282, 35.739047 ], [ 139.730273, 35.739 ], [ 139.730195, 35.738845 ], [ 139.730076, 35.738635 ], [ 139.729915, 35.738304 ], [ 139.729886, 35.738225 ], [ 139.729854, 35.738075 ], [ 139.729946, 35.737613 ], [ 139.73002, 35.737314 ], [ 139.730028, 35.737274 ], [ 139.730053, 35.737102 ], [ 139.7301, 35.736684 ], [ 139.73011, 35.736579 ], [ 139.729698, 35.736583 ], [ 139.729212, 35.736671 ], [ 139.728772, 35.736754 ], [ 139.728328, 35.736843 ], [ 139.727783, 35.736963 ], [ 139.727302, 35.737244 ], [ 139.727455, 35.73736 ], [ 139.727646, 35.737513 ], [ 139.727274, 35.73784 ], [ 139.727471, 35.738089 ], [ 139.727153, 35.738347 ], [ 139.727057, 35.738431 ], [ 139.726858, 35.738604 ], [ 139.726769, 35.738734 ], [ 139.726521, 35.739051 ], [ 139.726489, 35.73914 ], [ 139.726408, 35.73952 ], [ 139.726101, 35.739793 ], [ 139.725786, 35.740015 ], [ 139.725656, 35.739823 ], [ 139.725628, 35.74011 ], [ 139.725417, 35.740241 ], [ 139.725335, 35.740208 ], [ 139.725207, 35.740187 ], [ 139.725115, 35.740235 ], [ 139.724922, 35.740153 ], [ 139.724831, 35.740288 ], [ 139.724711, 35.740476 ], [ 139.724559, 35.740603 ], [ 139.724606, 35.740641 ], [ 139.725204, 35.741167 ], [ 139.725285, 35.741238 ], [ 139.725414, 35.741351 ], [ 139.725475, 35.741404 ], [ 139.72569, 35.741592 ], [ 139.725826, 35.741711 ], [ 139.72589, 35.741767 ], [ 139.726166, 35.742018 ], [ 139.726195, 35.742054 ], [ 139.726358, 35.742255 ], [ 139.726371, 35.742273 ], [ 139.726376, 35.742261 ], [ 139.726991, 35.741768 ], [ 139.727459, 35.741398 ], [ 139.727475, 35.741386 ], [ 139.7276, 35.741291 ], [ 139.727831, 35.741112 ], [ 139.728086, 35.740924 ], [ 139.728167, 35.740863 ], [ 139.728214, 35.740828 ], [ 139.728395, 35.740691 ], [ 139.728502, 35.74061 ], [ 139.728875, 35.740363 ], [ 139.729062, 35.740214 ] ] ] } },
{ "type": "Feature", "properties": { "key": "豊島区|西巣鴨3丁目", "ward": "豊島区", "town": "西巣鴨３丁目" }, "geometry": { "type": "Polygon", "coordinates": [ [ [ 139.730294, 35.739143 ], [ 139.730011, 35.739401 ], [ 139.729956, 35.739451 ], [ 139.72976, 35.739634 ], [ 139.729691, 35.739695 ], [ 139.729655, 35.739727 ], [ 139.729424, 35.739912 ], [ 139.729344, 35.739984 ], [ 139.729318, 35.740005 ], [ 139.729062, 35.740214 ], [ 139.728875, 35.740363 ], [ 139.728502, 35.74061 ], [ 139.728395, 35.740691 ], [ 139.728214, 35.740828 ], [ 139.728167, 35.740863 ], [ 139.728086, 35.740924 ], [ 139.727831, 35.741112 ], [ 139.7276, 35.741291 ], [ 139.727475, 35.741386 ], [ 139.727459, 35.741398 ], [ 139.726991, 35.741768 ], [ 139.726376, 35.742261 ], [ 139.726371, 35.742273 ], [ 139.726658, 35.742663 ], [ 139.727098, 35.743297 ], [ 139.727256, 35.743524 ], [ 139.727329, 35.743612 ], [ 139.727383, 35.743676 ], [ 139.727518, 35.743835 ], [ 139.727535, 35.743914 ], [ 139.727616, 35.744198 ], [ 139.727713, 35.744599 ], [ 139.727736, 35.744695 ], [ 139.728001, 35.744418 ], [ 139.72819, 35.744408 ], [ 139.728222, 35.744371 ], [ 139.728257, 35.744322 ], [ 139.728281, 35.74429 ], [ 139.728269, 35.744139 ], [ 139.728443, 35.743962 ], [ 139.728659, 35.743724 ], [ 139.728875, 35.743502 ], [ 139.728942, 35.743422 ], [ 139.729036, 35.743309 ], [ 139.729156, 35.743181 ], [ 139.72933, 35.742995 ], [ 139.729432, 35.742895 ], [ 139.729476, 35.742845 ], [ 139.729741, 35.742565 ], [ 139.729793, 35.742515 ], [ 139.729994, 35.742302 ], [ 139.730514, 35.741771 ], [ 139.730663, 35.741619 ], [ 139.730645, 35.741594 ], [ 139.730792, 35.741429 ], [ 139.730704, 35.741184 ], [ 139.730593, 35.740792 ], [ 139.730525, 35.740586 ], [ 139.730484, 35.740366 ], [ 139.73048, 35.740333 ], [ 139.730464, 35.740205 ], [ 139.730435, 35.739962 ], [ 139.730349, 35.739538 ], [ 139.730294, 35.739143 ] ] ] } },
{ "type": "Feature", "properties": { "key": "豊島区|西巣鴨4丁目", "ward": "豊島区", "town": "西巣鴨４丁目" }, "geometry": { "type": "Polygon", "coordinates": [ [ [ 139.728949, 35.744909 ], [ 139.729075, 35.744941 ], [ 139.72935, 35.744964 ], [ 139.729698, 35.744987 ], [ 139.730621, 35.745004 ], [ 139.730643, 35.745005 ], [ 139.730995, 35.745062 ], [ 139.731346, 35.745081 ], [ 139.731481, 35.745081 ], [ 139.731824, 35.745056 ], [ 139.732084, 35.745032 ], [ 139.73279, 35.744957 ], [ 139.73282, 35.744949 ], [ 139.732846, 35.744939 ], [ 139.732918, 35.744649 ], [ 139.732868, 35.744589 ], [ 139.732759, 35.744354 ], [ 139.732697, 35.744222 ], [ 139.732619, 35.744217 ], [ 139.732574, 35.744214 ], [ 139.732377, 35.744205 ], [ 139.732376, 35.744197 ], [ 139.732378, 35.744112 ], [ 139.732366, 35.744113 ], [ 139.732346, 35.744013 ], [ 139.73238, 35.744006 ], [ 139.732382, 35.743902 ], [ 139.732381, 35.74389 ], [ 139.732376, 35.743764 ], [ 139.732269, 35.743629 ], [ 139.731983, 35.743226 ], [ 139.73195, 35.743194 ], [ 139.73217, 35.743174 ], [ 139.732031, 35.742983 ], [ 139.731891, 35.742803 ], [ 139.731647, 35.742495 ], [ 139.731182, 35.741898 ], [ 139.731075, 35.741772 ], [ 139.73107, 35.741766 ], [ 139.730792, 35.741429 ], [ 139.730645, 35.741594 ], [ 139.730663, 35.741619 ], [ 139.730514, 35.741771 ], [ 139.729994, 35.742302 ], [ 139.729793, 35.742515 ], [ 139.729741, 35.742565 ], [ 139.729476, 35.742845 ], [ 139.729432, 35.742895 ], [ 139.72933, 35.742995 ], [ 139.729156, 35.743181 ], [ 139.729036, 35.743309 ], [ 139.728942, 35.743422 ], [ 139.728875, 35.743502 ], [ 139.728659, 35.743724 ], [ 139.728443, 35.743962 ], [ 139.728269, 35.744139 ], [ 139.728281, 35.74429 ], [ 139.728257, 35.744322 ], [ 139.728222, 35.744371 ], [ 139.72819, 35.744408 ], [ 139.728001, 35.744418 ], [ 139.727736, 35.744695 ], [ 139.727863, 35.745103 ], [ 139.728467, 35.745033 ], [ 139.728599, 35.744993 ], [ 139.728791, 35.744921 ], [ 139.728905, 35.744909 ], [ 139.728949, 35.744909 ] ] ] } },
{ "type": "Feature", "properties": { "key": "豊島区|北大塚1丁目", "ward": "豊島区", "town": "北大塚１丁目" }, "geometry": { "type": "Polygon", "coordinates": [ [ [ 139.732409, 35.730938 ], [ 139.732276, 35.730938 ], [ 139.732068, 35.730944 ], [ 139.7318, 35.730956 ], [ 139.731486, 35.730995 ], [ 139.731272, 35.731032 ], [ 139.730833, 35.731126 ], [ 139.730248, 35.731269 ], [ 139.730178, 35.731286 ], [ 139.729827, 35.731379 ], [ 139.729517, 35.731475 ], [ 139.729629, 35.731675 ], [ 139.729698, 35.731742 ], [ 139.729994, 35.732017 ], [ 139.73, 35.732023 ], [ 139.730073, 35.73208 ], [ 139.730047, 35.732277 ], [ 139.730006, 35.732439 ], [ 139.729992, 35.732548 ], [ 139.72992, 35.732918 ], [ 139.729919, 35.732924 ], [ 139.729902, 35.733023 ], [ 139.72987, 35.73337 ], [ 139.729889, 35.733619 ], [ 139.729925, 35.733772 ], [ 139.730007, 35.734004 ], [ 139.730041, 35.734096 ], [ 139.730145, 35.734335 ], [ 139.730184, 35.734523 ], [ 139.730189, 35.73463 ], [ 139.730192, 35.735028 ], [ 139.73014, 35.735303 ], [ 139.730388, 35.735187 ], [ 139.730606, 35.735072 ], [ 139.730664, 35.735029 ], [ 139.730874, 35.734891 ], [ 139.730915, 35.734875 ], [ 139.731006, 35.734807 ], [ 139.731161, 35.734729 ], [ 139.731295, 35.734675 ], [ 139.731342, 35.734669 ], [ 139.731685, 35.734538 ], [ 139.731796, 35.734476 ], [ 139.731985, 35.734371 ], [ 139.732156, 35.734265 ], [ 139.732184, 35.734249 ], [ 139.732467, 35.734081 ], [ 139.732492, 35.734064 ], [ 139.732632, 35.733965 ], [ 139.732785, 35.733851 ], [ 139.732801, 35.733839 ], [ 139.733093, 35.733601 ], [ 139.733158, 35.733563 ], [ 139.733322, 35.73346 ], [ 139.733478, 35.733386 ], [ 139.733488, 35.733382 ], [ 139.733945, 35.733203 ], [ 139.73412, 35.733125 ], [ 139.734306, 35.733066 ], [ 139.734517, 35.732983 ], [ 139.734695, 35.732935 ], [ 139.734912, 35.732886 ], [ 139.735286, 35.73278 ], [ 139.735303, 35.732775 ], [ 139.73554, 35.732708 ], [ 139.735584, 35.732614 ], [ 139.735636, 35.732514 ], [ 139.73564, 35.732499 ], [ 139.735708, 35.732244 ], [ 139.735711, 35.732233 ], [ 139.735756, 35.731956 ], [ 139.73577, 35.731879 ], [ 139.735043, 35.73156 ], [ 139.734453, 35.731324 ], [ 139.734259, 35.731253 ], [ 139.734028, 35.731202 ], [ 139.733616, 35.731087 ], [ 139.733376, 35.731037 ], [ 139.733078, 35.731003 ], [ 139.732888, 35.730977 ], [ 139.732409, 35.730938 ] ] ] } },
{ "type": "Feature", "properties": { "key": "豊島区|北大塚2丁目", "ward": "豊島区", "town": "北大塚２丁目" }, "geometry": { "type": "Polygon", "coordinates": [ [ [ 139.729517, 35.731475 ], [ 139.729505, 35.731479 ], [ 139.728655, 35.731748 ], [ 139.728678, 35.731805 ], [ 139.728351, 35.731911 ], [ 139.727226, 35.732173 ], [ 139.727169, 35.732174 ], [ 139.726824, 35.732239 ], [ 139.726709, 35.732258 ], [ 139.725971, 35.732449 ], [ 139.726061, 35.732695 ], [ 139.726228, 35.733113 ], [ 139.726281, 35.733233 ], [ 139.726329, 35.73335 ], [ 139.726517, 35.733808 ], [ 139.726524, 35.733832 ], [ 139.726622, 35.734078 ], [ 139.726709, 35.7343 ], [ 139.72672, 35.734342 ], [ 139.726784, 35.734509 ], [ 139.726936, 35.734891 ], [ 139.727127, 35.734935 ], [ 139.727058, 35.735156 ], [ 139.726875, 35.735364 ], [ 139.72688, 35.735366 ], [ 139.727308, 35.735551 ], [ 139.727575, 35.735539 ], [ 139.727758, 35.735533 ], [ 139.729215, 35.735411 ], [ 139.729786, 35.735359 ], [ 139.730135, 35.735357 ], [ 139.73014, 35.735303 ], [ 139.730192, 35.735028 ], [ 139.730189, 35.73463 ], [ 139.730184, 35.734523 ], [ 139.730145, 35.734335 ], [ 139.730041, 35.734096 ], [ 139.730007, 35.734004 ], [ 139.729925, 35.733772 ], [ 139.729889, 35.733619 ], [ 139.72987, 35.73337 ], [ 139.729902, 35.733023 ], [ 139.729919, 35.732924 ], [ 139.72992, 35.732918 ], [ 139.729992, 35.732548 ], [ 139.730006, 35.732439 ], [ 139.730047, 35.732277 ], [ 139.730073, 35.73208 ], [ 139.73, 35.732023 ], [ 139.729994, 35.732017 ], [ 139.729698, 35.731742 ], [ 139.729629, 35.731675 ], [ 139.729517, 35.731475 ] ] ] } },
{ "type": "Feature", "properties": { "key": "豊島区|北大塚3丁目", "ward": "豊島区", "town": "北大塚３丁目" }, "geometry": { "type": "Polygon", "coordinates": [ [ [ 139.725835, 35.732171 ], [ 139.725309, 35.73232 ], [ 139.724528, 35.732542 ], [ 139.724273, 35.732604 ], [ 139.724063, 35.732638 ], [ 139.723502, 35.732775 ], [ 139.72299, 35.73291 ], [ 139.722141, 35.733134 ], [ 139.721671, 35.733273 ], [ 139.721213, 35.733405 ], [ 139.720824, 35.733517 ], [ 139.721003, 35.73371 ], [ 139.721093, 35.733808 ], [ 139.721216, 35.733929 ], [ 139.721278, 35.733994 ], [ 139.721381, 35.73408 ], [ 139.721642, 35.734217 ], [ 139.721648, 35.73422 ], [ 139.721909, 35.734345 ], [ 139.722771, 35.734706 ], [ 139.722797, 35.734717 ], [ 139.723565, 35.735027 ], [ 139.723914, 35.735161 ], [ 139.724026, 35.735204 ], [ 139.724031, 35.735206 ], [ 139.724251, 35.735335 ], [ 139.724258, 35.735339 ], [ 139.724548, 35.735593 ], [ 139.724733, 35.735743 ], [ 139.724866, 35.735839 ], [ 139.72494, 35.735906 ], [ 139.725241, 35.735954 ], [ 139.725232, 35.736128 ], [ 139.725256, 35.73612 ], [ 139.725886, 35.735933 ], [ 139.725889, 35.735924 ], [ 139.72619, 35.735811 ], [ 139.726267, 35.73579 ], [ 139.726459, 35.735683 ], [ 139.726611, 35.735583 ], [ 139.72688, 35.735366 ], [ 139.726875, 35.735364 ], [ 139.727058, 35.735156 ], [ 139.727127, 35.734935 ], [ 139.726936, 35.734891 ], [ 139.726784, 35.734509 ], [ 139.72672, 35.734342 ], [ 139.726709, 35.7343 ], [ 139.726622, 35.734078 ], [ 139.726524, 35.733832 ], [ 139.726517, 35.733808 ], [ 139.726329, 35.73335 ], [ 139.726281, 35.733233 ], [ 139.726228, 35.733113 ], [ 139.726061, 35.732695 ], [ 139.725971, 35.732449 ], [ 139.725835, 35.732171 ] ] ] } },
{ "type": "Feature", "properties": { "key": "豊島区|南大塚1丁目", "ward": "豊島区", "town": "南大塚１丁目" }, "geometry": { "type": "Polygon", "coordinates": [ [ [ 139.736261, 35.730824 ], [ 139.736384, 35.730576 ], [ 139.736406, 35.730532 ], [ 139.73645, 35.730458 ], [ 139.736452, 35.730455 ], [ 139.736742, 35.730191 ], [ 139.736581, 35.730063 ], [ 139.736459, 35.729966 ], [ 139.736384, 35.729906 ], [ 139.736374, 35.729899 ], [ 139.736363, 35.72989 ], [ 139.736362, 35.729889 ], [ 139.736229, 35.729787 ], [ 139.736103, 35.729691 ], [ 139.736052, 35.729651 ], [ 139.735514, 35.729245 ], [ 139.735598, 35.729159 ], [ 139.735725, 35.72903 ], [ 139.736001, 35.728818 ], [ 139.735977, 35.728799 ], [ 139.736171, 35.728596 ], [ 139.736183, 35.728584 ], [ 139.736251, 35.728625 ], [ 139.736254, 35.728622 ], [ 139.736677, 35.728285 ], [ 139.736734, 35.728239 ], [ 139.736748, 35.728214 ], [ 139.736809, 35.728244 ], [ 139.736862, 35.728172 ], [ 139.736801, 35.728122 ], [ 139.73713, 35.727539 ], [ 139.737064, 35.727506 ], [ 139.736795, 35.727371 ], [ 139.736829, 35.727324 ], [ 139.736865, 35.72725 ], [ 139.736924, 35.727124 ], [ 139.737256, 35.727247 ], [ 139.73747, 35.726859 ], [ 139.737143, 35.726734 ], [ 139.73654, 35.726509 ], [ 139.736266, 35.726399 ], [ 139.735706, 35.726185 ], [ 139.73566, 35.726169 ], [ 139.735354, 35.726049 ], [ 139.735577, 35.725824 ], [ 139.735663, 35.725751 ], [ 139.735831, 35.725642 ], [ 139.7359, 35.725568 ], [ 139.735944, 35.725489 ], [ 139.735962, 35.72538 ], [ 139.73606, 35.725227 ], [ 139.736019, 35.725184 ], [ 139.735821, 35.725091 ], [ 139.735758, 35.725062 ], [ 139.735265, 35.725693 ], [ 139.735162, 35.725816 ], [ 139.735078, 35.725915 ], [ 139.735149, 35.725942 ], [ 139.735054, 35.726057 ], [ 139.734946, 35.726155 ], [ 139.734547, 35.72651 ], [ 139.734108, 35.726898 ], [ 139.733671, 35.727283 ], [ 139.733452, 35.727465 ], [ 139.73337, 35.727539 ], [ 139.733177, 35.727716 ], [ 139.733139, 35.727748 ], [ 139.732888, 35.727964 ], [ 139.732762, 35.728075 ], [ 139.732639, 35.728183 ], [ 139.732151, 35.728606 ], [ 139.731961, 35.728775 ], [ 139.731753, 35.728953 ], [ 139.731557, 35.729121 ], [ 139.731204, 35.729425 ], [ 139.731197, 35.72943 ], [ 139.730971, 35.729632 ], [ 139.730649, 35.729906 ], [ 139.73028, 35.730236 ], [ 139.730268, 35.730248 ], [ 139.730159, 35.73037 ], [ 139.730125, 35.730454 ], [ 139.730069, 35.730617 ], [ 139.73007, 35.730784 ], [ 139.730115, 35.73089 ], [ 139.730127, 35.730918 ], [ 139.730248, 35.731269 ], [ 139.730833, 35.731126 ], [ 139.731272, 35.731032 ], [ 139.731486, 35.730995 ], [ 139.7318, 35.730956 ], [ 139.732068, 35.730944 ], [ 139.732276, 35.730938 ], [ 139.732409, 35.730938 ], [ 139.732888, 35.730977 ], [ 139.733078, 35.731003 ], [ 139.733376, 35.731037 ], [ 139.733616, 35.731087 ], [ 139.734028, 35.731202 ], [ 139.734259, 35.731253 ], [ 139.734453, 35.731324 ], [ 139.735043, 35.73156 ], [ 139.73577, 35.731879 ], [ 139.735884, 35.731509 ], [ 139.735997, 35.731302 ], [ 139.736104, 35.731105 ], [ 139.736134, 35.73105 ], [ 139.736261, 35.730824 ] ] ] } },
{ "type": "Feature", "properties": { "key": "豊島区|南大塚2丁目", "ward": "豊島区", "town": "南大塚２丁目" }, "geometry": { "type": "Polygon", "coordinates": [ [ [ 139.735149, 35.725942 ], [ 139.735078, 35.725915 ], [ 139.735162, 35.725816 ], [ 139.735265, 35.725693 ], [ 139.735758, 35.725062 ], [ 139.735548, 35.724945 ], [ 139.735357, 35.725199 ], [ 139.735297, 35.725273 ], [ 139.735185, 35.725215 ], [ 139.735126, 35.725184 ], [ 139.735122, 35.725189 ], [ 139.735104, 35.72518 ], [ 139.734993, 35.725325 ], [ 139.734812, 35.725233 ], [ 139.734799, 35.725226 ], [ 139.734677, 35.725378 ], [ 139.734261, 35.725172 ], [ 139.734179, 35.725224 ], [ 139.734114, 35.725349 ], [ 139.733949, 35.725504 ], [ 139.733924, 35.725527 ], [ 139.733581, 35.725331 ], [ 139.733609, 35.725243 ], [ 139.733632, 35.725171 ], [ 139.733625, 35.72517 ], [ 139.733522, 35.725158 ], [ 139.733378, 35.725087 ], [ 139.733296, 35.72505 ], [ 139.733242, 35.725092 ], [ 139.733144, 35.725163 ], [ 139.733112, 35.725221 ], [ 139.733058, 35.72527 ], [ 139.733022, 35.725321 ], [ 139.732819, 35.725219 ], [ 139.732749, 35.725185 ], [ 139.73281, 35.724987 ], [ 139.732816, 35.724967 ], [ 139.732783, 35.724961 ], [ 139.732688, 35.724943 ], [ 139.732711, 35.724902 ], [ 139.732729, 35.724876 ], [ 139.732732, 35.724871 ], [ 139.732567, 35.724796 ], [ 139.732475, 35.724751 ], [ 139.732348, 35.724681 ], [ 139.732326, 35.724678 ], [ 139.732015, 35.724642 ], [ 139.732062, 35.724416 ], [ 139.732138, 35.724384 ], [ 139.732195, 35.72436 ], [ 139.732273, 35.724258 ], [ 139.732249, 35.724249 ], [ 139.732073, 35.724188 ], [ 139.732018, 35.724173 ], [ 139.73201, 35.724171 ], [ 139.73186, 35.724389 ], [ 139.731828, 35.724433 ], [ 139.731303, 35.724267 ], [ 139.731218, 35.724256 ], [ 139.731182, 35.724247 ], [ 139.73118, 35.724251 ], [ 139.73111, 35.724435 ], [ 139.731081, 35.724508 ], [ 139.731054, 35.724574 ], [ 139.730976, 35.724793 ], [ 139.730965, 35.72481 ], [ 139.731092, 35.724924 ], [ 139.731012, 35.724983 ], [ 139.73092, 35.724878 ], [ 139.730904, 35.724903 ], [ 139.730876, 35.724917 ], [ 139.730734, 35.724963 ], [ 139.730678, 35.725116 ], [ 139.730648, 35.725162 ], [ 139.7307, 35.725212 ], [ 139.730456, 35.72539 ], [ 139.730338, 35.725475 ], [ 139.730325, 35.725504 ], [ 139.730231, 35.725716 ], [ 139.730224, 35.725731 ], [ 139.730222, 35.725734 ], [ 139.73035, 35.725812 ], [ 139.730326, 35.725876 ], [ 139.730293, 35.72596 ], [ 139.730108, 35.725905 ], [ 139.729924, 35.726316 ], [ 139.729827, 35.726525 ], [ 139.729836, 35.726559 ], [ 139.729794, 35.726816 ], [ 139.72976, 35.726978 ], [ 139.729661, 35.727281 ], [ 139.72956, 35.727558 ], [ 139.729492, 35.727757 ], [ 139.729449, 35.727842 ], [ 139.729454, 35.72795 ], [ 139.729422, 35.728126 ], [ 139.729427, 35.728191 ], [ 139.729433, 35.728247 ], [ 139.729445, 35.728273 ], [ 139.72946, 35.728342 ], [ 139.729394, 35.728662 ], [ 139.729306, 35.729233 ], [ 139.729277, 35.72942 ], [ 139.729246, 35.730028 ], [ 139.729262, 35.730351 ], [ 139.729303, 35.730708 ], [ 139.72939, 35.731029 ], [ 139.729469, 35.731314 ], [ 139.729505, 35.731479 ], [ 139.729517, 35.731475 ], [ 139.729827, 35.731379 ], [ 139.730178, 35.731286 ], [ 139.730248, 35.731269 ], [ 139.730127, 35.730918 ], [ 139.730115, 35.73089 ], [ 139.73007, 35.730784 ], [ 139.730069, 35.730617 ], [ 139.730125, 35.730454 ], [ 139.730159, 35.73037 ], [ 139.730268, 35.730248 ], [ 139.73028, 35.730236 ], [ 139.730649, 35.729906 ], [ 139.730971, 35.729632 ], [ 139.731197, 35.72943 ], [ 139.731204, 35.729425 ], [ 139.731557, 35.729121 ], [ 139.731753, 35.728953 ], [ 139.731961, 35.728775 ], [ 139.732151, 35.728606 ], [ 139.732639, 35.728183 ], [ 139.732762, 35.728075 ], [ 139.732888, 35.727964 ], [ 139.733139, 35.727748 ], [ 139.733177, 35.727716 ], [ 139.73337, 35.727539 ], [ 139.733452, 35.727465 ], [ 139.733671, 35.727283 ], [ 139.734108, 35.726898 ], [ 139.734547, 35.72651 ], [ 139.734946, 35.726155 ], [ 139.735054, 35.726057 ], [ 139.735149, 35.725942 ] ] ] } },
{ "type": "Feature", "properties": { "key": "豊島区|南大塚3丁目", "ward": "豊島区", "town": "南大塚３丁目" }, "geometry": { "type": "Polygon", "coordinates": [ [ [ 139.730108, 35.725905 ], [ 139.729998, 35.725869 ], [ 139.729981, 35.725891 ], [ 139.729847, 35.726208 ], [ 139.729644, 35.726106 ], [ 139.729637, 35.726118 ], [ 139.72905, 35.72649 ], [ 139.729035, 35.726501 ], [ 139.728727, 35.726707 ], [ 139.728522, 35.726844 ], [ 139.728287, 35.726997 ], [ 139.728241, 35.727028 ], [ 139.728013, 35.72718 ], [ 139.727988, 35.727196 ], [ 139.727674, 35.727407 ], [ 139.727204, 35.72772 ], [ 139.72719, 35.72773 ], [ 139.72694, 35.727892 ], [ 139.726926, 35.727902 ], [ 139.726844, 35.727956 ], [ 139.726446, 35.728217 ], [ 139.726348, 35.728281 ], [ 139.726034, 35.72849 ], [ 139.725888, 35.728587 ], [ 139.725526, 35.728833 ], [ 139.725414, 35.728904 ], [ 139.725169, 35.729069 ], [ 139.725137, 35.729087 ], [ 139.725044, 35.729153 ], [ 139.725213, 35.729811 ], [ 139.72524, 35.729923 ], [ 139.725303, 35.73018 ], [ 139.725445, 35.730747 ], [ 139.725473, 35.730858 ], [ 139.725488, 35.730916 ], [ 139.725493, 35.730938 ], [ 139.725686, 35.731716 ], [ 139.725728, 35.731883 ], [ 139.725835, 35.732171 ], [ 139.725971, 35.732449 ], [ 139.726709, 35.732258 ], [ 139.726824, 35.732239 ], [ 139.727169, 35.732174 ], [ 139.727226, 35.732173 ], [ 139.728351, 35.731911 ], [ 139.728678, 35.731805 ], [ 139.728655, 35.731748 ], [ 139.729505, 35.731479 ], [ 139.729469, 35.731314 ], [ 139.72939, 35.731029 ], [ 139.729303, 35.730708 ], [ 139.729262, 35.730351 ], [ 139.729246, 35.730028 ], [ 139.729277, 35.72942 ], [ 139.729306, 35.729233 ], [ 139.729394, 35.728662 ], [ 139.72946, 35.728342 ], [ 139.729445, 35.728273 ], [ 139.729433, 35.728247 ], [ 139.729427, 35.728191 ], [ 139.729422, 35.728126 ], [ 139.729454, 35.72795 ], [ 139.729449, 35.727842 ], [ 139.729492, 35.727757 ], [ 139.72956, 35.727558 ], [ 139.729661, 35.727281 ], [ 139.72976, 35.726978 ], [ 139.729794, 35.726816 ], [ 139.729836, 35.726559 ], [ 139.729827, 35.726525 ], [ 139.729924, 35.726316 ], [ 139.730108, 35.725905 ] ] ] } },
{ "type": "Feature", "properties": { "key": "豊島区|上池袋1丁目", "ward": "豊島区", "town": "上池袋１丁目" }, "geometry": { "type": "Polygon", "coordinates": [ [ [ 139.720824, 35.733517 ], [ 139.720628, 35.733568 ], [ 139.720298, 35.733653 ], [ 139.719476, 35.733865 ], [ 139.719001, 35.733976 ], [ 139.719003, 35.733984 ], [ 139.717772, 35.734283 ], [ 139.717755, 35.734287 ], [ 139.718239, 35.734736 ], [ 139.718656, 35.735104 ], [ 139.7188, 35.735238 ], [ 139.718809, 35.735246 ], [ 139.718992, 35.735408 ], [ 139.719211, 35.735626 ], [ 139.719743, 35.736097 ], [ 139.7198, 35.73614 ], [ 139.71992, 35.736249 ], [ 139.720042, 35.736359 ], [ 139.720308, 35.736597 ], [ 139.720425, 35.736702 ], [ 139.72057, 35.736837 ], [ 139.720758, 35.737012 ], [ 139.720839, 35.737087 ], [ 139.720881, 35.737126 ], [ 139.720911, 35.737168 ], [ 139.721164, 35.737405 ], [ 139.721445, 35.737656 ], [ 139.721533, 35.737715 ], [ 139.721783, 35.737943 ], [ 139.721922, 35.738065 ], [ 139.722108, 35.738228 ], [ 139.722664, 35.738746 ], [ 139.722673, 35.738749 ], [ 139.722635, 35.738414 ], [ 139.722681, 35.738342 ], [ 139.722993, 35.737918 ], [ 139.722977, 35.737915 ], [ 139.723267, 35.737536 ], [ 139.723518, 35.737208 ], [ 139.723818, 35.736851 ], [ 139.723931, 35.736752 ], [ 139.724029, 35.736659 ], [ 139.724208, 35.736522 ], [ 139.724404, 35.736415 ], [ 139.724492, 35.736376 ], [ 139.724568, 35.736343 ], [ 139.724753, 35.736264 ], [ 139.724876, 35.736229 ], [ 139.725019, 35.736191 ], [ 139.725113, 35.736166 ], [ 139.725232, 35.736128 ], [ 139.725241, 35.735954 ], [ 139.72494, 35.735906 ], [ 139.724866, 35.735839 ], [ 139.724733, 35.735743 ], [ 139.724548, 35.735593 ], [ 139.724258, 35.735339 ], [ 139.724251, 35.735335 ], [ 139.724031, 35.735206 ], [ 139.724026, 35.735204 ], [ 139.723914, 35.735161 ], [ 139.723565, 35.735027 ], [ 139.722797, 35.734717 ], [ 139.722771, 35.734706 ], [ 139.721909, 35.734345 ], [ 139.721648, 35.73422 ], [ 139.721642, 35.734217 ], [ 139.721381, 35.73408 ], [ 139.721278, 35.733994 ], [ 139.721216, 35.733929 ], [ 139.721093, 35.733808 ], [ 139.721003, 35.73371 ], [ 139.720824, 35.733517 ] ] ] } },
{ "type": "Feature", "properties": { "key": "豊島区|上池袋2丁目", "ward": "豊島区", "town": "上池袋２丁目" }, "geometry": { "type": "Polygon", "coordinates": [ [ [ 139.717755, 35.734287 ], [ 139.717635, 35.734313 ], [ 139.717571, 35.73433 ], [ 139.717551, 35.734335 ], [ 139.717183, 35.734396 ], [ 139.716778, 35.734424 ], [ 139.716612, 35.734439 ], [ 139.716385, 35.734442 ], [ 139.716172, 35.734424 ], [ 139.716145, 35.734419 ], [ 139.715914, 35.734396 ], [ 139.715432, 35.734329 ], [ 139.714997, 35.734216 ], [ 139.714631, 35.734105 ], [ 139.714393, 35.733996 ], [ 139.714175, 35.733868 ], [ 139.713916, 35.733699 ], [ 139.713777, 35.733589 ], [ 139.713486, 35.733347 ], [ 139.713013, 35.733371 ], [ 139.713022, 35.733386 ], [ 139.713671, 35.734619 ], [ 139.713727, 35.734731 ], [ 139.71376, 35.734798 ], [ 139.713808, 35.734895 ], [ 139.713964, 35.735213 ], [ 139.714551, 35.736421 ], [ 139.714657, 35.736639 ], [ 139.714764, 35.736869 ], [ 139.714994, 35.737326 ], [ 139.715177, 35.737689 ], [ 139.715401, 35.738099 ], [ 139.716183, 35.739526 ], [ 139.716198, 35.739545 ], [ 139.716403, 35.73946 ], [ 139.716967, 35.739226 ], [ 139.717011, 35.739204 ], [ 139.717228, 35.739098 ], [ 139.71753, 35.738949 ], [ 139.717723, 35.738804 ], [ 139.717732, 35.738797 ], [ 139.71808, 35.738512 ], [ 139.718197, 35.738413 ], [ 139.718755, 35.737939 ], [ 139.718919, 35.737795 ], [ 139.719203, 35.737546 ], [ 139.719323, 35.73744 ], [ 139.719531, 35.737256 ], [ 139.719634, 35.737165 ], [ 139.719816, 35.736992 ], [ 139.71984, 35.736968 ], [ 139.720099, 35.736741 ], [ 139.720308, 35.736597 ], [ 139.720042, 35.736359 ], [ 139.71992, 35.736249 ], [ 139.7198, 35.73614 ], [ 139.719743, 35.736097 ], [ 139.719211, 35.735626 ], [ 139.718992, 35.735408 ], [ 139.718809, 35.735246 ], [ 139.7188, 35.735238 ], [ 139.718656, 35.735104 ], [ 139.718239, 35.734736 ], [ 139.717755, 35.734287 ] ] ] } },
{ "type": "Feature", "properties": { "key": "豊島区|上池袋3丁目", "ward": "豊島区", "town": "上池袋３丁目" }, "geometry": { "type": "Polygon", "coordinates": [ [ [ 139.718941, 35.740695 ], [ 139.718869, 35.740828 ], [ 139.719225, 35.740699 ], [ 139.71953, 35.740588 ], [ 139.719877, 35.740441 ], [ 139.720462, 35.740206 ], [ 139.720535, 35.740203 ], [ 139.720683, 35.740115 ], [ 139.720768, 35.740071 ], [ 139.721032, 35.739858 ], [ 139.721078, 35.739811 ], [ 139.721564, 35.739389 ], [ 139.72173, 35.739238 ], [ 139.721931, 35.739069 ], [ 139.722075, 35.738939 ], [ 139.722179, 35.738844 ], [ 139.722517, 35.738854 ], [ 139.722645, 35.738772 ], [ 139.722673, 35.738749 ], [ 139.722664, 35.738746 ], [ 139.722108, 35.738228 ], [ 139.721922, 35.738065 ], [ 139.721783, 35.737943 ], [ 139.721533, 35.737715 ], [ 139.721445, 35.737656 ], [ 139.721164, 35.737405 ], [ 139.720911, 35.737168 ], [ 139.720881, 35.737126 ], [ 139.720839, 35.737087 ], [ 139.720758, 35.737012 ], [ 139.72057, 35.736837 ], [ 139.720425, 35.736702 ], [ 139.720308, 35.736597 ], [ 139.720099, 35.736741 ], [ 139.71984, 35.736968 ], [ 139.719816, 35.736992 ], [ 139.719634, 35.737165 ], [ 139.719531, 35.737256 ], [ 139.719323, 35.73744 ], [ 139.719203, 35.737546 ], [ 139.718919, 35.737795 ], [ 139.718755, 35.737939 ], [ 139.718197, 35.738413 ], [ 139.71808, 35.738512 ], [ 139.717732, 35.738797 ], [ 139.717723, 35.738804 ], [ 139.71753, 35.738949 ], [ 139.717228, 35.739098 ], [ 139.717011, 35.739204 ], [ 139.716967, 35.739226 ], [ 139.716403, 35.73946 ], [ 139.716198, 35.739545 ], [ 139.716351, 35.739812 ], [ 139.716394, 35.739904 ], [ 139.716397, 35.739909 ], [ 139.716566, 35.740201 ], [ 139.71657, 35.740208 ], [ 139.716576, 35.740218 ], [ 139.716685, 35.740402 ], [ 139.716742, 35.740491 ], [ 139.716826, 35.740558 ], [ 139.716937, 35.740773 ], [ 139.716973, 35.740891 ], [ 139.717116, 35.74115 ], [ 139.717117, 35.74115 ], [ 139.717222, 35.741342 ], [ 139.717362, 35.74134 ], [ 139.717503, 35.741285 ], [ 139.717827, 35.741159 ], [ 139.717851, 35.741151 ], [ 139.718396, 35.740882 ], [ 139.718663, 35.740791 ], [ 139.718941, 35.740695 ] ] ] } },
{ "type": "Feature", "properties": { "key": "豊島区|上池袋4丁目", "ward": "豊島区", "town": "上池袋４丁目" }, "geometry": { "type": "Polygon", "coordinates": [ [ [ 139.719557, 35.74508 ], [ 139.719564, 35.74508 ], [ 139.719681, 35.745081 ], [ 139.719696, 35.745079 ], [ 139.719689, 35.745066 ], [ 139.719615, 35.744858 ], [ 139.719593, 35.744712 ], [ 139.719581, 35.744518 ], [ 139.719579, 35.744451 ], [ 139.719619, 35.744261 ], [ 139.719687, 35.744082 ], [ 139.719706, 35.744042 ], [ 139.719752, 35.743947 ], [ 139.719829, 35.743731 ], [ 139.719905, 35.743546 ], [ 139.719961, 35.743342 ], [ 139.719978, 35.74324 ], [ 139.720003, 35.742975 ], [ 139.720009, 35.742801 ], [ 139.719997, 35.742713 ], [ 139.719983, 35.74253 ], [ 139.719958, 35.74234 ], [ 139.719983, 35.742161 ], [ 139.720091, 35.741986 ], [ 139.720152, 35.741921 ], [ 139.720236, 35.741841 ], [ 139.720265, 35.741823 ], [ 139.720486, 35.741762 ], [ 139.720925, 35.741664 ], [ 139.721236, 35.741591 ], [ 139.721728, 35.741482 ], [ 139.721848, 35.74144 ], [ 139.722338, 35.74121 ], [ 139.722746, 35.740996 ], [ 139.72288, 35.740928 ], [ 139.723269, 35.740664 ], [ 139.723424, 35.740527 ], [ 139.723584, 35.740357 ], [ 139.723728, 35.740136 ], [ 139.72384, 35.739996 ], [ 139.723914, 35.739904 ], [ 139.723901, 35.739898 ], [ 139.723422, 35.739475 ], [ 139.723042, 35.739123 ], [ 139.722645, 35.738772 ], [ 139.722517, 35.738854 ], [ 139.722179, 35.738844 ], [ 139.722075, 35.738939 ], [ 139.721931, 35.739069 ], [ 139.72173, 35.739238 ], [ 139.721564, 35.739389 ], [ 139.721078, 35.739811 ], [ 139.721032, 35.739858 ], [ 139.720768, 35.740071 ], [ 139.720683, 35.740115 ], [ 139.720535, 35.740203 ], [ 139.720462, 35.740206 ], [ 139.719877, 35.740441 ], [ 139.71953, 35.740588 ], [ 139.719225, 35.740699 ], [ 139.718869, 35.740828 ], [ 139.718941, 35.740695 ], [ 139.718663, 35.740791 ], [ 139.718396, 35.740882 ], [ 139.717851, 35.741151 ], [ 139.717827, 35.741159 ], [ 139.717503, 35.741285 ], [ 139.717362, 35.74134 ], [ 139.717222, 35.741342 ], [ 139.717109, 35.741384 ], [ 139.71727, 35.741759 ], [ 139.717468, 35.742148 ], [ 139.717478, 35.742167 ], [ 139.717547, 35.742297 ], [ 139.717725, 35.742764 ], [ 139.717644, 35.742836 ], [ 139.717657, 35.742861 ], [ 139.717726, 35.742991 ], [ 139.717732, 35.743002 ], [ 139.717788, 35.743102 ], [ 139.717844, 35.743204 ], [ 139.717994, 35.743474 ], [ 139.718089, 35.743645 ], [ 139.718144, 35.743746 ], [ 139.718262, 35.743965 ], [ 139.718285, 35.744008 ], [ 139.718322, 35.744075 ], [ 139.718454, 35.744318 ], [ 139.718507, 35.744385 ], [ 139.718571, 35.744467 ], [ 139.718748, 35.744617 ], [ 139.718763, 35.744629 ], [ 139.718832, 35.744684 ], [ 139.718955, 35.744872 ], [ 139.719178, 35.745211 ], [ 139.719488, 35.745144 ], [ 139.71951, 35.74514 ], [ 139.719513, 35.745113 ], [ 139.719548, 35.745102 ], [ 139.719557, 35.74508 ] ] ] } },
{ "type": "Feature", "properties": { "key": "豊島区|東池袋1丁目", "ward": "豊島区", "town": "東池袋１丁目" }, "geometry": { "type": "Polygon", "coordinates": [ [ [ 139.717016, 35.730907 ], [ 139.717012, 35.73071 ], [ 139.71704, 35.730353 ], [ 139.717058, 35.729379 ], [ 139.717057, 35.72936 ], [ 139.717108, 35.728994 ], [ 139.71713, 35.728747 ], [ 139.717152, 35.728484 ], [ 139.71718, 35.728141 ], [ 139.717189, 35.728141 ], [ 139.717271, 35.727384 ], [ 139.717351, 35.727223 ], [ 139.716845, 35.727537 ], [ 139.716351, 35.727843 ], [ 139.715567, 35.728335 ], [ 139.715506, 35.728372 ], [ 139.715127, 35.72861 ], [ 139.714648, 35.72891 ], [ 139.714224, 35.729176 ], [ 139.71401, 35.72931 ], [ 139.7136, 35.72957 ], [ 139.713514, 35.72963 ], [ 139.71305, 35.729934 ], [ 139.712995, 35.730002 ], [ 139.712962, 35.730142 ], [ 139.713026, 35.73026 ], [ 139.713177, 35.73056 ], [ 139.713189, 35.730617 ], [ 139.713085, 35.73123 ], [ 139.713141, 35.731397 ], [ 139.712837, 35.731224 ], [ 139.712431, 35.731305 ], [ 139.71213, 35.731374 ], [ 139.712157, 35.731456 ], [ 139.712287, 35.731694 ], [ 139.712406, 35.731939 ], [ 139.712486, 35.73203 ], [ 139.712487, 35.732069 ], [ 139.712627, 35.732352 ], [ 139.712764, 35.73257 ], [ 139.713434, 35.733292 ], [ 139.713486, 35.733347 ], [ 139.713777, 35.733589 ], [ 139.713916, 35.733699 ], [ 139.714175, 35.733868 ], [ 139.714393, 35.733996 ], [ 139.714631, 35.734105 ], [ 139.714997, 35.734216 ], [ 139.715432, 35.734329 ], [ 139.715914, 35.734396 ], [ 139.716145, 35.734419 ], [ 139.716227, 35.734309 ], [ 139.716601, 35.733875 ], [ 139.716842, 35.73363 ], [ 139.716904, 35.733543 ], [ 139.716963, 35.733467 ], [ 139.716952, 35.732427 ], [ 139.716951, 35.732391 ], [ 139.716981, 35.731642 ], [ 139.717016, 35.730907 ] ] ] } },
{ "type": "Feature", "properties": { "key": "豊島区|東池袋2丁目", "ward": "豊島区", "town": "東池袋２丁目" }, "geometry": { "type": "Polygon", "coordinates": [ [ [ 139.725137, 35.729087 ], [ 139.72506, 35.729121 ], [ 139.72487, 35.729233 ], [ 139.72453, 35.729432 ], [ 139.724506, 35.729466 ], [ 139.724252, 35.729611 ], [ 139.724027, 35.72974 ], [ 139.723717, 35.729917 ], [ 139.72326, 35.730177 ], [ 139.723033, 35.73029 ], [ 139.722825, 35.730402 ], [ 139.722733, 35.730452 ], [ 139.722285, 35.730698 ], [ 139.721982, 35.730862 ], [ 139.721648, 35.731042 ], [ 139.721528, 35.731059 ], [ 139.72151, 35.73106 ], [ 139.721454, 35.731068 ], [ 139.720857, 35.731394 ], [ 139.720488, 35.731588 ], [ 139.720364, 35.731653 ], [ 139.720081, 35.731813 ], [ 139.719533, 35.732113 ], [ 139.719506, 35.732137 ], [ 139.719477, 35.732165 ], [ 139.719408, 35.732232 ], [ 139.719283, 35.732307 ], [ 139.718911, 35.732472 ], [ 139.718623, 35.73261 ], [ 139.718544, 35.732646 ], [ 139.718085, 35.732874 ], [ 139.717832, 35.732995 ], [ 139.717735, 35.733041 ], [ 139.717626, 35.733094 ], [ 139.717504, 35.733158 ], [ 139.717408, 35.733208 ], [ 139.717195, 35.733311 ], [ 139.717066, 35.733374 ], [ 139.716963, 35.733467 ], [ 139.716904, 35.733543 ], [ 139.716842, 35.73363 ], [ 139.716601, 35.733875 ], [ 139.716227, 35.734309 ], [ 139.716145, 35.734419 ], [ 139.716172, 35.734424 ], [ 139.716385, 35.734442 ], [ 139.716612, 35.734439 ], [ 139.716778, 35.734424 ], [ 139.717183, 35.734396 ], [ 139.717551, 35.734335 ], [ 139.717571, 35.73433 ], [ 139.717635, 35.734313 ], [ 139.717755, 35.734287 ], [ 139.717772, 35.734283 ], [ 139.719003, 35.733984 ], [ 139.719001, 35.733976 ], [ 139.719476, 35.733865 ], [ 139.720298, 35.733653 ], [ 139.720628, 35.733568 ], [ 139.720824, 35.733517 ], [ 139.721213, 35.733405 ], [ 139.721671, 35.733273 ], [ 139.722141, 35.733134 ], [ 139.72299, 35.73291 ], [ 139.723502, 35.732775 ], [ 139.724063, 35.732638 ], [ 139.724273, 35.732604 ], [ 139.724528, 35.732542 ], [ 139.725309, 35.73232 ], [ 139.725835, 35.732171 ], [ 139.725728, 35.731883 ], [ 139.725686, 35.731716 ], [ 139.725493, 35.730938 ], [ 139.725488, 35.730916 ], [ 139.725473, 35.730858 ], [ 139.725445, 35.730747 ], [ 139.725303, 35.73018 ], [ 139.72524, 35.729923 ], [ 139.725213, 35.729811 ], [ 139.725044, 35.729153 ], [ 139.725137, 35.729087 ] ] ] } },
{ "type": "Feature", "properties": { "key": "豊島区|東池袋3丁目", "ward": "豊島区", "town": "東池袋３丁目" }, "geometry": { "type": "Polygon", "coordinates": [ [ [ 139.72041, 35.727553 ], [ 139.720028, 35.72776 ], [ 139.719617, 35.727987 ], [ 139.718982, 35.728338 ], [ 139.718715, 35.728471 ], [ 139.718036, 35.728835 ], [ 139.717247, 35.729271 ], [ 139.717058, 35.729379 ], [ 139.71704, 35.730353 ], [ 139.717012, 35.73071 ], [ 139.717016, 35.730907 ], [ 139.716981, 35.731642 ], [ 139.716951, 35.732391 ], [ 139.716952, 35.732427 ], [ 139.716963, 35.733467 ], [ 139.717066, 35.733374 ], [ 139.717195, 35.733311 ], [ 139.717408, 35.733208 ], [ 139.717504, 35.733158 ], [ 139.717626, 35.733094 ], [ 139.717735, 35.733041 ], [ 139.717832, 35.732995 ], [ 139.718085, 35.732874 ], [ 139.718544, 35.732646 ], [ 139.718623, 35.73261 ], [ 139.718911, 35.732472 ], [ 139.719283, 35.732307 ], [ 139.719408, 35.732232 ], [ 139.719477, 35.732165 ], [ 139.719506, 35.732137 ], [ 139.719533, 35.732113 ], [ 139.720081, 35.731813 ], [ 139.720364, 35.731653 ], [ 139.720488, 35.731588 ], [ 139.720857, 35.731394 ], [ 139.721454, 35.731068 ], [ 139.72151, 35.73106 ], [ 139.721528, 35.731059 ], [ 139.721648, 35.731042 ], [ 139.721982, 35.730862 ], [ 139.722285, 35.730698 ], [ 139.722733, 35.730452 ], [ 139.722825, 35.730402 ], [ 139.722306, 35.72979 ], [ 139.722047, 35.729486 ], [ 139.721605, 35.728959 ], [ 139.720528, 35.727692 ], [ 139.72041, 35.727553 ] ] ] } },
{ "type": "Feature", "properties": { "key": "豊島区|東池袋4丁目", "ward": "豊島区", "town": "東池袋４丁目" }, "geometry": { "type": "Polygon", "coordinates": [ [ [ 139.723812, 35.727631 ], [ 139.723839, 35.727631 ], [ 139.723709, 35.727468 ], [ 139.723318, 35.726998 ], [ 139.723304, 35.726986 ], [ 139.723168, 35.726829 ], [ 139.723132, 35.726784 ], [ 139.723006, 35.726627 ], [ 139.722828, 35.72646 ], [ 139.722635, 35.726323 ], [ 139.722484, 35.726222 ], [ 139.722467, 35.72621 ], [ 139.722227, 35.726102 ], [ 139.721981, 35.726002 ], [ 139.721416, 35.725773 ], [ 139.721389, 35.725752 ], [ 139.721314, 35.725733 ], [ 139.72058, 35.725433 ], [ 139.720285, 35.725311 ], [ 139.720276, 35.725316 ], [ 139.719971, 35.725511 ], [ 139.719542, 35.725798 ], [ 139.71916, 35.726039 ], [ 139.7189, 35.726202 ], [ 139.718608, 35.726372 ], [ 139.718371, 35.72654 ], [ 139.717743, 35.726961 ], [ 139.717733, 35.726968 ], [ 139.717351, 35.727223 ], [ 139.717271, 35.727384 ], [ 139.717189, 35.728141 ], [ 139.71718, 35.728141 ], [ 139.717152, 35.728484 ], [ 139.71713, 35.728747 ], [ 139.717108, 35.728994 ], [ 139.717057, 35.72936 ], [ 139.717058, 35.729379 ], [ 139.717247, 35.729271 ], [ 139.718036, 35.728835 ], [ 139.718715, 35.728471 ], [ 139.718982, 35.728338 ], [ 139.719617, 35.727987 ], [ 139.720028, 35.72776 ], [ 139.72041, 35.727553 ], [ 139.720528, 35.727692 ], [ 139.721605, 35.728959 ], [ 139.722047, 35.729486 ], [ 139.722306, 35.72979 ], [ 139.722825, 35.730402 ], [ 139.723033, 35.73029 ], [ 139.72326, 35.730177 ], [ 139.723717, 35.729917 ], [ 139.724027, 35.72974 ], [ 139.724252, 35.729611 ], [ 139.724506, 35.729466 ], [ 139.72453, 35.729432 ], [ 139.72487, 35.729233 ], [ 139.72506, 35.729121 ], [ 139.725137, 35.729087 ], [ 139.725135, 35.729068 ], [ 139.724834, 35.728799 ], [ 139.724554, 35.7285 ], [ 139.724449, 35.728372 ], [ 139.724435, 35.728354 ], [ 139.724325, 35.728229 ], [ 139.724125, 35.727991 ], [ 139.724102, 35.727972 ], [ 139.723812, 35.727631 ] ] ] } },
{ "type": "Feature", "properties": { "key": "豊島区|東池袋5丁目", "ward": "豊島区", "town": "東池袋５丁目" }, "geometry": { "type": "Polygon", "coordinates": [ [ [ 139.727674, 35.727407 ], [ 139.727988, 35.727196 ], [ 139.728013, 35.72718 ], [ 139.728241, 35.727028 ], [ 139.728287, 35.726997 ], [ 139.728522, 35.726844 ], [ 139.728727, 35.726707 ], [ 139.729035, 35.726501 ], [ 139.72905, 35.72649 ], [ 139.729637, 35.726118 ], [ 139.729644, 35.726106 ], [ 139.729631, 35.726094 ], [ 139.729707, 35.726038 ], [ 139.729663, 35.725986 ], [ 139.72966, 35.725981 ], [ 139.729439, 35.725724 ], [ 139.729458, 35.725711 ], [ 139.729341, 35.725564 ], [ 139.729171, 35.72562 ], [ 139.72905, 35.725651 ], [ 139.728743, 35.725769 ], [ 139.728704, 35.725784 ], [ 139.728562, 35.725897 ], [ 139.728473, 35.72597 ], [ 139.728358, 35.726094 ], [ 139.728188, 35.726244 ], [ 139.727939, 35.726409 ], [ 139.727932, 35.726414 ], [ 139.72769, 35.72656 ], [ 139.727228, 35.726791 ], [ 139.726981, 35.726881 ], [ 139.726623, 35.726983 ], [ 139.726354, 35.727078 ], [ 139.726234, 35.726707 ], [ 139.726234, 35.726665 ], [ 139.726183, 35.726497 ], [ 139.726154, 35.726512 ], [ 139.726088, 35.726543 ], [ 139.725565, 35.726788 ], [ 139.725492, 35.726696 ], [ 139.725391, 35.726703 ], [ 139.725372, 35.726528 ], [ 139.725318, 35.726525 ], [ 139.724982, 35.726506 ], [ 139.725109, 35.726705 ], [ 139.724932, 35.726774 ], [ 139.72491, 35.726636 ], [ 139.724902, 35.72656 ], [ 139.72479, 35.726571 ], [ 139.724794, 35.726661 ], [ 139.724667, 35.726665 ], [ 139.724661, 35.726611 ], [ 139.72467, 35.72644 ], [ 139.724675, 35.726414 ], [ 139.724789, 35.726326 ], [ 139.724882, 35.726309 ], [ 139.725282, 35.726297 ], [ 139.72533, 35.726099 ], [ 139.72499, 35.726064 ], [ 139.724732, 35.72608 ], [ 139.724369, 35.72605 ], [ 139.724369, 35.726044 ], [ 139.724381, 35.72561 ], [ 139.72438, 35.725483 ], [ 139.72435, 35.725438 ], [ 139.724, 35.725354 ], [ 139.723629, 35.725266 ], [ 139.72341, 35.725213 ], [ 139.723103, 35.725141 ], [ 139.722662, 35.725037 ], [ 139.722783, 35.72482 ], [ 139.722806, 35.724779 ], [ 139.722938, 35.724502 ], [ 139.723007, 35.724351 ], [ 139.72303, 35.724187 ], [ 139.72305, 35.723838 ], [ 139.723052, 35.723803 ], [ 139.723037, 35.723439 ], [ 139.722987, 35.723491 ], [ 139.722949, 35.723545 ], [ 139.722756, 35.72375 ], [ 139.72258, 35.723862 ], [ 139.722259, 35.724049 ], [ 139.722095, 35.724153 ], [ 139.721965, 35.724235 ], [ 139.721658, 35.724428 ], [ 139.721406, 35.724587 ], [ 139.721192, 35.724723 ], [ 139.721168, 35.724739 ], [ 139.720919, 35.724898 ], [ 139.720909, 35.724905 ], [ 139.720763, 35.724998 ], [ 139.720686, 35.725047 ], [ 139.720285, 35.725311 ], [ 139.72058, 35.725433 ], [ 139.721314, 35.725733 ], [ 139.721389, 35.725752 ], [ 139.721416, 35.725773 ], [ 139.721981, 35.726002 ], [ 139.722227, 35.726102 ], [ 139.722467, 35.72621 ], [ 139.722484, 35.726222 ], [ 139.722635, 35.726323 ], [ 139.722828, 35.72646 ], [ 139.723006, 35.726627 ], [ 139.723132, 35.726784 ], [ 139.723168, 35.726829 ], [ 139.723304, 35.726986 ], [ 139.723318, 35.726998 ], [ 139.723709, 35.727468 ], [ 139.723839, 35.727631 ], [ 139.723812, 35.727631 ], [ 139.724102, 35.727972 ], [ 139.724125, 35.727991 ], [ 139.724325, 35.728229 ], [ 139.724435, 35.728354 ], [ 139.724449, 35.728372 ], [ 139.724554, 35.7285 ], [ 139.724834, 35.728799 ], [ 139.725135, 35.729068 ], [ 139.725137, 35.729087 ], [ 139.725169, 35.729069 ], [ 139.725414, 35.728904 ], [ 139.725526, 35.728833 ], [ 139.725888, 35.728587 ], [ 139.726034, 35.72849 ], [ 139.726348, 35.728281 ], [ 139.726446, 35.728217 ], [ 139.726844, 35.727956 ], [ 139.726926, 35.727902 ], [ 139.72694, 35.727892 ], [ 139.72719, 35.72773 ], [ 139.727204, 35.72772 ], [ 139.727674, 35.727407 ] ] ] } },
{ "type": "Feature", "properties": { "key": "豊島区|南池袋1丁目", "ward": "豊島区", "town": "南池袋１丁目" }, "geometry": { "type": "Polygon", "coordinates": [ [ [ 139.712837, 35.731224 ], [ 139.713141, 35.731397 ], [ 139.713085, 35.73123 ], [ 139.713189, 35.730617 ], [ 139.713177, 35.73056 ], [ 139.713026, 35.73026 ], [ 139.712962, 35.730142 ], [ 139.712995, 35.730002 ], [ 139.71305, 35.729934 ], [ 139.713514, 35.72963 ], [ 139.7136, 35.72957 ], [ 139.71401, 35.72931 ], [ 139.714224, 35.729176 ], [ 139.713756, 35.728655 ], [ 139.71331, 35.728157 ], [ 139.712933, 35.727753 ], [ 139.712584, 35.727376 ], [ 139.712273, 35.72703 ], [ 139.711953, 35.726711 ], [ 139.711867, 35.726673 ], [ 139.711701, 35.726033 ], [ 139.711577, 35.725611 ], [ 139.71153, 35.725436 ], [ 139.711441, 35.725112 ], [ 139.711427, 35.725057 ], [ 139.711393, 35.724812 ], [ 139.711413, 35.724579 ], [ 139.711477, 35.724374 ], [ 139.711577, 35.724141 ], [ 139.711579, 35.724135 ], [ 139.711746, 35.723727 ], [ 139.711803, 35.723593 ], [ 139.711919, 35.723324 ], [ 139.711931, 35.723296 ], [ 139.712054, 35.723009 ], [ 139.712068, 35.722976 ], [ 139.711878, 35.723032 ], [ 139.711609, 35.723104 ], [ 139.711254, 35.723168 ], [ 139.711183, 35.723181 ], [ 139.710696, 35.723278 ], [ 139.710597, 35.72332 ], [ 139.710511, 35.72335 ], [ 139.710161, 35.723577 ], [ 139.709898, 35.72372 ], [ 139.709666, 35.723836 ], [ 139.709631, 35.723854 ], [ 139.709445, 35.723974 ], [ 139.709403, 35.72402 ], [ 139.709345, 35.724108 ], [ 139.709303, 35.724161 ], [ 139.70918, 35.724234 ], [ 139.709136, 35.724246 ], [ 139.708747, 35.72435 ], [ 139.7087, 35.724362 ], [ 139.708285, 35.724469 ], [ 139.708193, 35.724491 ], [ 139.70836, 35.724817 ], [ 139.708779, 35.725609 ], [ 139.708837, 35.725693 ], [ 139.708958, 35.725928 ], [ 139.709477, 35.726929 ], [ 139.709685, 35.727354 ], [ 139.709681, 35.727358 ], [ 139.709685, 35.727366 ], [ 139.710075, 35.728128 ], [ 139.710397, 35.728804 ], [ 139.710733, 35.729471 ], [ 139.711068, 35.730114 ], [ 139.711582, 35.731134 ], [ 139.711814, 35.731062 ], [ 139.711942, 35.731298 ], [ 139.711701, 35.731374 ], [ 139.711739, 35.731458 ], [ 139.712118, 35.731389 ], [ 139.71213, 35.731374 ], [ 139.712431, 35.731305 ], [ 139.712837, 35.731224 ] ] ] } },
{ "type": "Feature", "properties": { "key": "豊島区|南池袋2丁目", "ward": "豊島区", "town": "南池袋２丁目" }, "geometry": { "type": "Polygon", "coordinates": [ [ [ 139.717916, 35.724159 ], [ 139.717712, 35.724186 ], [ 139.717499, 35.724218 ], [ 139.717358, 35.724242 ], [ 139.717199, 35.724287 ], [ 139.717155, 35.724299 ], [ 139.717046, 35.724323 ], [ 139.716751, 35.724348 ], [ 139.71673, 35.724351 ], [ 139.716567, 35.724368 ], [ 139.716257, 35.72442 ], [ 139.716214, 35.72442 ], [ 139.715737, 35.724477 ], [ 139.715624, 35.72453 ], [ 139.715482, 35.724577 ], [ 139.715311, 35.724626 ], [ 139.715001, 35.724726 ], [ 139.714889, 35.72476 ], [ 139.714513, 35.725002 ], [ 139.714254, 35.725182 ], [ 139.714079, 35.725293 ], [ 139.714036, 35.725324 ], [ 139.713697, 35.72555 ], [ 139.713616, 35.725604 ], [ 139.713194, 35.725872 ], [ 139.712912, 35.726059 ], [ 139.712854, 35.726096 ], [ 139.712762, 35.726147 ], [ 139.712356, 35.726429 ], [ 139.711953, 35.726711 ], [ 139.712273, 35.72703 ], [ 139.712584, 35.727376 ], [ 139.712933, 35.727753 ], [ 139.71331, 35.728157 ], [ 139.713756, 35.728655 ], [ 139.714224, 35.729176 ], [ 139.714648, 35.72891 ], [ 139.715127, 35.72861 ], [ 139.715506, 35.728372 ], [ 139.715567, 35.728335 ], [ 139.716351, 35.727843 ], [ 139.716845, 35.727537 ], [ 139.717351, 35.727223 ], [ 139.717733, 35.726968 ], [ 139.717743, 35.726961 ], [ 139.718371, 35.72654 ], [ 139.718608, 35.726372 ], [ 139.7189, 35.726202 ], [ 139.71916, 35.726039 ], [ 139.719542, 35.725798 ], [ 139.719971, 35.725511 ], [ 139.720276, 35.725316 ], [ 139.720285, 35.725311 ], [ 139.719866, 35.725141 ], [ 139.719368, 35.724938 ], [ 139.719216, 35.724874 ], [ 139.718625, 35.724625 ], [ 139.718322, 35.724483 ], [ 139.718322, 35.724477 ], [ 139.718061, 35.724304 ], [ 139.717916, 35.724159 ] ] ] } },
{ "type": "Feature", "properties": { "key": "豊島区|南池袋3丁目", "ward": "豊島区", "town": "南池袋３丁目" }, "geometry": { "type": "Polygon", "coordinates": [ [ [ 139.716972, 35.72295 ], [ 139.71697, 35.722947 ], [ 139.716579, 35.722448 ], [ 139.716457, 35.722284 ], [ 139.716119, 35.721846 ], [ 139.715849, 35.722048 ], [ 139.715711, 35.722134 ], [ 139.715477, 35.722237 ], [ 139.715344, 35.722311 ], [ 139.715134, 35.722402 ], [ 139.714975, 35.722466 ], [ 139.714825, 35.722509 ], [ 139.714727, 35.72254 ], [ 139.714608, 35.722608 ], [ 139.7144, 35.722728 ], [ 139.713985, 35.722814 ], [ 139.713919, 35.722852 ], [ 139.713898, 35.722864 ], [ 139.71349, 35.723134 ], [ 139.713413, 35.723155 ], [ 139.713038, 35.72318 ], [ 139.71271, 35.723212 ], [ 139.712688, 35.723214 ], [ 139.712475, 35.72324 ], [ 139.712359, 35.723237 ], [ 139.712173, 35.723231 ], [ 139.712016, 35.723273 ], [ 139.711931, 35.723296 ], [ 139.711919, 35.723324 ], [ 139.711803, 35.723593 ], [ 139.711746, 35.723727 ], [ 139.711579, 35.724135 ], [ 139.711577, 35.724141 ], [ 139.711477, 35.724374 ], [ 139.711413, 35.724579 ], [ 139.711393, 35.724812 ], [ 139.711427, 35.725057 ], [ 139.711441, 35.725112 ], [ 139.71153, 35.725436 ], [ 139.711577, 35.725611 ], [ 139.711701, 35.726033 ], [ 139.711867, 35.726673 ], [ 139.711953, 35.726711 ], [ 139.712356, 35.726429 ], [ 139.712762, 35.726147 ], [ 139.712854, 35.726096 ], [ 139.712912, 35.726059 ], [ 139.713194, 35.725872 ], [ 139.713616, 35.725604 ], [ 139.713697, 35.72555 ], [ 139.714036, 35.725324 ], [ 139.714079, 35.725293 ], [ 139.714254, 35.725182 ], [ 139.714513, 35.725002 ], [ 139.714889, 35.72476 ], [ 139.715001, 35.724726 ], [ 139.715311, 35.724626 ], [ 139.715482, 35.724577 ], [ 139.715624, 35.72453 ], [ 139.715737, 35.724477 ], [ 139.716214, 35.72442 ], [ 139.716257, 35.72442 ], [ 139.716567, 35.724368 ], [ 139.71673, 35.724351 ], [ 139.716751, 35.724348 ], [ 139.717046, 35.724323 ], [ 139.717155, 35.724299 ], [ 139.717199, 35.724287 ], [ 139.717358, 35.724242 ], [ 139.717499, 35.724218 ], [ 139.717712, 35.724186 ], [ 139.717916, 35.724159 ], [ 139.716972, 35.72295 ] ] ] } },
{ "type": "Feature", "properties": { "key": "豊島区|南池袋4丁目", "ward": "豊島区", "town": "南池袋４丁目" }, "geometry": { "type": "Polygon", "coordinates": [ [ [ 139.718907, 35.721207 ], [ 139.718819, 35.721214 ], [ 139.717859, 35.720735 ], [ 139.717859, 35.720724 ], [ 139.717413, 35.720491 ], [ 139.717235, 35.720775 ], [ 139.717212, 35.720811 ], [ 139.717059, 35.721059 ], [ 139.717065, 35.721074 ], [ 139.71706, 35.721082 ], [ 139.716752, 35.721328 ], [ 139.716728, 35.721352 ], [ 139.716447, 35.721573 ], [ 139.716135, 35.721818 ], [ 139.716119, 35.721846 ], [ 139.716457, 35.722284 ], [ 139.716579, 35.722448 ], [ 139.71697, 35.722947 ], [ 139.716972, 35.72295 ], [ 139.717916, 35.724159 ], [ 139.718061, 35.724304 ], [ 139.718322, 35.724477 ], [ 139.718322, 35.724483 ], [ 139.718625, 35.724625 ], [ 139.719216, 35.724874 ], [ 139.719368, 35.724938 ], [ 139.719866, 35.725141 ], [ 139.720285, 35.725311 ], [ 139.720686, 35.725047 ], [ 139.720763, 35.724998 ], [ 139.720909, 35.724905 ], [ 139.720919, 35.724898 ], [ 139.721168, 35.724739 ], [ 139.721192, 35.724723 ], [ 139.721406, 35.724587 ], [ 139.721658, 35.724428 ], [ 139.721965, 35.724235 ], [ 139.722095, 35.724153 ], [ 139.722259, 35.724049 ], [ 139.72258, 35.723862 ], [ 139.722756, 35.72375 ], [ 139.722949, 35.723545 ], [ 139.722987, 35.723491 ], [ 139.723037, 35.723439 ], [ 139.723075, 35.723345 ], [ 139.723152, 35.723041 ], [ 139.723169, 35.722974 ], [ 139.723275, 35.722453 ], [ 139.723268, 35.722451 ], [ 139.722838, 35.722394 ], [ 139.722305, 35.722319 ], [ 139.72185, 35.72224 ], [ 139.721623, 35.722197 ], [ 139.721319, 35.722138 ], [ 139.721037, 35.722027 ], [ 139.720817, 35.7219 ], [ 139.720664, 35.721811 ], [ 139.7203, 35.721703 ], [ 139.720148, 35.721638 ], [ 139.719939, 35.721532 ], [ 139.719711, 35.721439 ], [ 139.719249, 35.721305 ], [ 139.719216, 35.721287 ], [ 139.718907, 35.721207 ] ] ] } },
{ "type": "Feature", "properties": { "key": "豊島区|西池袋1丁目", "ward": "豊島区", "town": "西池袋１丁目" }, "geometry": { "type": "Polygon", "coordinates": [ [ [ 139.712157, 35.731456 ], [ 139.71213, 35.731374 ], [ 139.712118, 35.731389 ], [ 139.711739, 35.731458 ], [ 139.711701, 35.731374 ], [ 139.711942, 35.731298 ], [ 139.711814, 35.731062 ], [ 139.711582, 35.731134 ], [ 139.711068, 35.730114 ], [ 139.710733, 35.729471 ], [ 139.710397, 35.728804 ], [ 139.710075, 35.728128 ], [ 139.709685, 35.727366 ], [ 139.709681, 35.727358 ], [ 139.709452, 35.727436 ], [ 139.709218, 35.727502 ], [ 139.70905, 35.72756 ], [ 139.708876, 35.727651 ], [ 139.708865, 35.727629 ], [ 139.708685, 35.727693 ], [ 139.708302, 35.727832 ], [ 139.708246, 35.727848 ], [ 139.707759, 35.728014 ], [ 139.70735, 35.728153 ], [ 139.707316, 35.728164 ], [ 139.706875, 35.728314 ], [ 139.706858, 35.728404 ], [ 139.707144, 35.728967 ], [ 139.707222, 35.729119 ], [ 139.707513, 35.729696 ], [ 139.707785, 35.730228 ], [ 139.708009, 35.730673 ], [ 139.70805, 35.730756 ], [ 139.708092, 35.730836 ], [ 139.708257, 35.731167 ], [ 139.708501, 35.731243 ], [ 139.708627, 35.73133 ], [ 139.70869, 35.731439 ], [ 139.708676, 35.731606 ], [ 139.708557, 35.731739 ], [ 139.708608, 35.731886 ], [ 139.708651, 35.731966 ], [ 139.708661, 35.731983 ], [ 139.708733, 35.732141 ], [ 139.708831, 35.732352 ], [ 139.708942, 35.73258 ], [ 139.708984, 35.732652 ], [ 139.709144, 35.732936 ], [ 139.709192, 35.733021 ], [ 139.709558, 35.73306 ], [ 139.709812, 35.733092 ], [ 139.709972, 35.733105 ], [ 139.710051, 35.733112 ], [ 139.710321, 35.733144 ], [ 139.710333, 35.733146 ], [ 139.710339, 35.733146 ], [ 139.710433, 35.733158 ], [ 139.710527, 35.73317 ], [ 139.710539, 35.733172 ], [ 139.710546, 35.733173 ], [ 139.710776, 35.733204 ], [ 139.710809, 35.733209 ], [ 139.711234, 35.733251 ], [ 139.71125, 35.733253 ], [ 139.711741, 35.733302 ], [ 139.712333, 35.733361 ], [ 139.712592, 35.733404 ], [ 139.713013, 35.733371 ], [ 139.713486, 35.733347 ], [ 139.713434, 35.733292 ], [ 139.712764, 35.73257 ], [ 139.712627, 35.732352 ], [ 139.712487, 35.732069 ], [ 139.712486, 35.73203 ], [ 139.712406, 35.731939 ], [ 139.712287, 35.731694 ], [ 139.712157, 35.731456 ] ] ] } },
{ "type": "Feature", "properties": { "key": "豊島区|西池袋2丁目", "ward": "豊島区", "town": "西池袋２丁目" }, "geometry": { "type": "Polygon", "coordinates": [ [ [ 139.708246, 35.727848 ], [ 139.708302, 35.727832 ], [ 139.708685, 35.727693 ], [ 139.708865, 35.727629 ], [ 139.708876, 35.727651 ], [ 139.70905, 35.72756 ], [ 139.709218, 35.727502 ], [ 139.709452, 35.727436 ], [ 139.709681, 35.727358 ], [ 139.709685, 35.727354 ], [ 139.709477, 35.726929 ], [ 139.708958, 35.725928 ], [ 139.708837, 35.725693 ], [ 139.708779, 35.725609 ], [ 139.70836, 35.724817 ], [ 139.708193, 35.724491 ], [ 139.708037, 35.724527 ], [ 139.707831, 35.72419 ], [ 139.70783, 35.724178 ], [ 139.707652, 35.724192 ], [ 139.707372, 35.724227 ], [ 139.707215, 35.724258 ], [ 139.706978, 35.724346 ], [ 139.706631, 35.724481 ], [ 139.706524, 35.72453 ], [ 139.705871, 35.724813 ], [ 139.705327, 35.72502 ], [ 139.704636, 35.725284 ], [ 139.703896, 35.725566 ], [ 139.70344, 35.72574 ], [ 139.703293, 35.725792 ], [ 139.702729, 35.725992 ], [ 139.70267, 35.726013 ], [ 139.702637, 35.726076 ], [ 139.702353, 35.726622 ], [ 139.702655, 35.726733 ], [ 139.703149, 35.72691 ], [ 139.70349, 35.727044 ], [ 139.703969, 35.727221 ], [ 139.704333, 35.727371 ], [ 139.704548, 35.727461 ], [ 139.704872, 35.727577 ], [ 139.704869, 35.727561 ], [ 139.705586, 35.727824 ], [ 139.705831, 35.727935 ], [ 139.70593, 35.727916 ], [ 139.706249, 35.728535 ], [ 139.706761, 35.728352 ], [ 139.706875, 35.728314 ], [ 139.707316, 35.728164 ], [ 139.70735, 35.728153 ], [ 139.707759, 35.728014 ], [ 139.708246, 35.727848 ] ] ] } },
{ "type": "Feature", "properties": { "key": "豊島区|西池袋3丁目", "ward": "豊島区", "town": "西池袋３丁目" }, "geometry": { "type": "Polygon", "coordinates": [ [ [ 139.708676, 35.731606 ], [ 139.70869, 35.731439 ], [ 139.708627, 35.73133 ], [ 139.708501, 35.731243 ], [ 139.708257, 35.731167 ], [ 139.708092, 35.730836 ], [ 139.70805, 35.730756 ], [ 139.708009, 35.730673 ], [ 139.707785, 35.730228 ], [ 139.707513, 35.729696 ], [ 139.707222, 35.729119 ], [ 139.707144, 35.728967 ], [ 139.706858, 35.728404 ], [ 139.706875, 35.728314 ], [ 139.706761, 35.728352 ], [ 139.706249, 35.728535 ], [ 139.70593, 35.727916 ], [ 139.705831, 35.727935 ], [ 139.705586, 35.727824 ], [ 139.704869, 35.727561 ], [ 139.704872, 35.727577 ], [ 139.704548, 35.727461 ], [ 139.704333, 35.727371 ], [ 139.703969, 35.727221 ], [ 139.70349, 35.727044 ], [ 139.703149, 35.72691 ], [ 139.702655, 35.726733 ], [ 139.702353, 35.726622 ], [ 139.70225, 35.726823 ], [ 139.702102, 35.727099 ], [ 139.70187, 35.727526 ], [ 139.701518, 35.728188 ], [ 139.701533, 35.728183 ], [ 139.701243, 35.728753 ], [ 139.701215, 35.7288 ], [ 139.700955, 35.729072 ], [ 139.700899, 35.729134 ], [ 139.700695, 35.729332 ], [ 139.700431, 35.72945 ], [ 139.70025, 35.729533 ], [ 139.700033, 35.729677 ], [ 139.699832, 35.729828 ], [ 139.699618, 35.729988 ], [ 139.699509, 35.730094 ], [ 139.699213, 35.730411 ], [ 139.699879, 35.730506 ], [ 139.700071, 35.730524 ], [ 139.700482, 35.730587 ], [ 139.700865, 35.730622 ], [ 139.701281, 35.730689 ], [ 139.702255, 35.730811 ], [ 139.703405, 35.730942 ], [ 139.704393, 35.731083 ], [ 139.70468, 35.731115 ], [ 139.705484, 35.731209 ], [ 139.705594, 35.731222 ], [ 139.705899, 35.731315 ], [ 139.706132, 35.731377 ], [ 139.706157, 35.731391 ], [ 139.706726, 35.731579 ], [ 139.70689, 35.731625 ], [ 139.707162, 35.731788 ], [ 139.707238, 35.731837 ], [ 139.707506, 35.731777 ], [ 139.707769, 35.731718 ], [ 139.707835, 35.731732 ], [ 139.708125, 35.731789 ], [ 139.708608, 35.731886 ], [ 139.708557, 35.731739 ], [ 139.708676, 35.731606 ] ] ] } },
{ "type": "Feature", "properties": { "key": "豊島区|西池袋4丁目", "ward": "豊島区", "town": "西池袋４丁目" }, "geometry": { "type": "Polygon", "coordinates": [ [ [ 139.699075, 35.7304 ], [ 139.699213, 35.730411 ], [ 139.699509, 35.730094 ], [ 139.699618, 35.729988 ], [ 139.699832, 35.729828 ], [ 139.700033, 35.729677 ], [ 139.70025, 35.729533 ], [ 139.700431, 35.72945 ], [ 139.700695, 35.729332 ], [ 139.700899, 35.729134 ], [ 139.700955, 35.729072 ], [ 139.701215, 35.7288 ], [ 139.701243, 35.728753 ], [ 139.701533, 35.728183 ], [ 139.701518, 35.728188 ], [ 139.70187, 35.727526 ], [ 139.702102, 35.727099 ], [ 139.70225, 35.726823 ], [ 139.702353, 35.726622 ], [ 139.702637, 35.726076 ], [ 139.70267, 35.726013 ], [ 139.702446, 35.726092 ], [ 139.70169, 35.726378 ], [ 139.701681, 35.726382 ], [ 139.70167, 35.726386 ], [ 139.701207, 35.726521 ], [ 139.700886, 35.726562 ], [ 139.700647, 35.726596 ], [ 139.70036, 35.726617 ], [ 139.700025, 35.726621 ], [ 139.700009, 35.726621 ], [ 139.699821, 35.726625 ], [ 139.699503, 35.726603 ], [ 139.699274, 35.726574 ], [ 139.699264, 35.726572 ], [ 139.699068, 35.72653 ], [ 139.69857, 35.726436 ], [ 139.698562, 35.726434 ], [ 139.698403, 35.726395 ], [ 139.697801, 35.726265 ], [ 139.697795, 35.726264 ], [ 139.69712, 35.726189 ], [ 139.696727, 35.726162 ], [ 139.69651, 35.726158 ], [ 139.695614, 35.726265 ], [ 139.696026, 35.726881 ], [ 139.696318, 35.72732 ], [ 139.696792, 35.728047 ], [ 139.696802, 35.72805 ], [ 139.697025, 35.728401 ], [ 139.697305, 35.728866 ], [ 139.697307, 35.72887 ], [ 139.697604, 35.729459 ], [ 139.697713, 35.729689 ], [ 139.69795, 35.730184 ], [ 139.698023, 35.730331 ], [ 139.698175, 35.730636 ], [ 139.698386, 35.730529 ], [ 139.698538, 35.730474 ], [ 139.698825, 35.730414 ], [ 139.69907, 35.730401 ], [ 139.699075, 35.7304 ] ] ] } },
{ "type": "Feature", "properties": { "key": "豊島区|西池袋5丁目", "ward": "豊島区", "town": "西池袋５丁目" }, "geometry": { "type": "Polygon", "coordinates": [ [ [ 139.701276, 35.732925 ], [ 139.701698, 35.732934 ], [ 139.702533, 35.732953 ], [ 139.702784, 35.732958 ], [ 139.702957, 35.732957 ], [ 139.703317, 35.732964 ], [ 139.70336, 35.732965 ], [ 139.703796, 35.732934 ], [ 139.703919, 35.732909 ], [ 139.704065, 35.73288 ], [ 139.70466, 35.732658 ], [ 139.704729, 35.732643 ], [ 139.704749, 35.732634 ], [ 139.705201, 35.732432 ], [ 139.705264, 35.732404 ], [ 139.705338, 35.732371 ], [ 139.705675, 35.732222 ], [ 139.705727, 35.732199 ], [ 139.70609, 35.732035 ], [ 139.706145, 35.732079 ], [ 139.706371, 35.732027 ], [ 139.706996, 35.73189 ], [ 139.707238, 35.731837 ], [ 139.707162, 35.731788 ], [ 139.70689, 35.731625 ], [ 139.706726, 35.731579 ], [ 139.706157, 35.731391 ], [ 139.706132, 35.731377 ], [ 139.705899, 35.731315 ], [ 139.705594, 35.731222 ], [ 139.705484, 35.731209 ], [ 139.70468, 35.731115 ], [ 139.704393, 35.731083 ], [ 139.703405, 35.730942 ], [ 139.702255, 35.730811 ], [ 139.701281, 35.730689 ], [ 139.700865, 35.730622 ], [ 139.700482, 35.730587 ], [ 139.700071, 35.730524 ], [ 139.699879, 35.730506 ], [ 139.699213, 35.730411 ], [ 139.699075, 35.7304 ], [ 139.69907, 35.730401 ], [ 139.698825, 35.730414 ], [ 139.698538, 35.730474 ], [ 139.698386, 35.730529 ], [ 139.698175, 35.730636 ], [ 139.698183, 35.730672 ], [ 139.698336, 35.730986 ], [ 139.69837, 35.731054 ], [ 139.698462, 35.731262 ], [ 139.698542, 35.731442 ], [ 139.698585, 35.731538 ], [ 139.698733, 35.731873 ], [ 139.698737, 35.731882 ], [ 139.69894, 35.732317 ], [ 139.698994, 35.732431 ], [ 139.699152, 35.732785 ], [ 139.699198, 35.732791 ], [ 139.699113, 35.73285 ], [ 139.699228, 35.733033 ], [ 139.69945, 35.733103 ], [ 139.699476, 35.733186 ], [ 139.700325, 35.733017 ], [ 139.700366, 35.733009 ], [ 139.700764, 35.732939 ], [ 139.701085, 35.732928 ], [ 139.701276, 35.732925 ] ] ] } },
{ "type": "Feature", "properties": { "key": "豊島区|池袋本町1丁目", "ward": "豊島区", "town": "池袋本町１丁目" }, "geometry": { "type": "Polygon", "coordinates": [ [ [ 139.716937, 35.740773 ], [ 139.716826, 35.740558 ], [ 139.716742, 35.740491 ], [ 139.716685, 35.740402 ], [ 139.716576, 35.740218 ], [ 139.71657, 35.740208 ], [ 139.716566, 35.740201 ], [ 139.716397, 35.739909 ], [ 139.716394, 35.739904 ], [ 139.716351, 35.739812 ], [ 139.716198, 35.739545 ], [ 139.716183, 35.739526 ], [ 139.715401, 35.738099 ], [ 139.715177, 35.737689 ], [ 139.714994, 35.737326 ], [ 139.714764, 35.736869 ], [ 139.714657, 35.736639 ], [ 139.714582, 35.736768 ], [ 139.714444, 35.736973 ], [ 139.714346, 35.7371 ], [ 139.714225, 35.737202 ], [ 139.714159, 35.737252 ], [ 139.713945, 35.737389 ], [ 139.713588, 35.737574 ], [ 139.713583, 35.737578 ], [ 139.713209, 35.737767 ], [ 139.712994, 35.737876 ], [ 139.711671, 35.738533 ], [ 139.71118, 35.738778 ], [ 139.71109, 35.738825 ], [ 139.71105, 35.739072 ], [ 139.71102, 35.73931 ], [ 139.71104, 35.739387 ], [ 139.711093, 35.739522 ], [ 139.711196, 35.739709 ], [ 139.711218, 35.739741 ], [ 139.711323, 35.739898 ], [ 139.711453, 35.739995 ], [ 139.71157, 35.740053 ], [ 139.71163, 35.740086 ], [ 139.711932, 35.740192 ], [ 139.712273, 35.740277 ], [ 139.71223, 35.740551 ], [ 139.712229, 35.740566 ], [ 139.712213, 35.740717 ], [ 139.71246, 35.740725 ], [ 139.712711, 35.740743 ], [ 139.712762, 35.740747 ], [ 139.713322, 35.740792 ], [ 139.71344, 35.740808 ], [ 139.713798, 35.740858 ], [ 139.713997, 35.740895 ], [ 139.713999, 35.740886 ], [ 139.714348, 35.740991 ], [ 139.714714, 35.741102 ], [ 139.715302, 35.741285 ], [ 139.715336, 35.741319 ], [ 139.716025, 35.741523 ], [ 139.71605, 35.741532 ], [ 139.716147, 35.741569 ], [ 139.71634, 35.741528 ], [ 139.716597, 35.741474 ], [ 139.716932, 35.741415 ], [ 139.717109, 35.741384 ], [ 139.717222, 35.741342 ], [ 139.717117, 35.74115 ], [ 139.717116, 35.74115 ], [ 139.716973, 35.740891 ], [ 139.716937, 35.740773 ] ] ] } },
{ "type": "Feature", "properties": { "key": "豊島区|池袋本町2丁目", "ward": "豊島区", "town": "池袋本町２丁目" }, "geometry": { "type": "Polygon", "coordinates": [ [ [ 139.71109, 35.738825 ], [ 139.710744, 35.739007 ], [ 139.71018, 35.739292 ], [ 139.709865, 35.739452 ], [ 139.709511, 35.739646 ], [ 139.709353, 35.739731 ], [ 139.708934, 35.739954 ], [ 139.708446, 35.740216 ], [ 139.70843, 35.740225 ], [ 139.708029, 35.740524 ], [ 139.707368, 35.741007 ], [ 139.707782, 35.741438 ], [ 139.707786, 35.741441 ], [ 139.708059, 35.741716 ], [ 139.708093, 35.74175 ], [ 139.708113, 35.74177 ], [ 139.708128, 35.741786 ], [ 139.708363, 35.742032 ], [ 139.708366, 35.742039 ], [ 139.708519, 35.742376 ], [ 139.70852, 35.74238 ], [ 139.708615, 35.742584 ], [ 139.708701, 35.742771 ], [ 139.708894, 35.743202 ], [ 139.708917, 35.743328 ], [ 139.708917, 35.743354 ], [ 139.708911, 35.743674 ], [ 139.708909, 35.743769 ], [ 139.708936, 35.744013 ], [ 139.708943, 35.744048 ], [ 139.708971, 35.744239 ], [ 139.709108, 35.744426 ], [ 139.70917, 35.744502 ], [ 139.709319, 35.744688 ], [ 139.7095, 35.744921 ], [ 139.709541, 35.74487 ], [ 139.709717, 35.744656 ], [ 139.709942, 35.744392 ], [ 139.710137, 35.744125 ], [ 139.710244, 35.743978 ], [ 139.710494, 35.743633 ], [ 139.710539, 35.743577 ], [ 139.710726, 35.743345 ], [ 139.710841, 35.743224 ], [ 139.711134, 35.742915 ], [ 139.711376, 35.742701 ], [ 139.71159, 35.742493 ], [ 139.711714, 35.742372 ], [ 139.711866, 35.74218 ], [ 139.712015, 35.741878 ], [ 139.712066, 35.741754 ], [ 139.712118, 35.741628 ], [ 139.712181, 35.741485 ], [ 139.712198, 35.741366 ], [ 139.712202, 35.741175 ], [ 139.712191, 35.740958 ], [ 139.712201, 35.740758 ], [ 139.712213, 35.740717 ], [ 139.712229, 35.740566 ], [ 139.71223, 35.740551 ], [ 139.712273, 35.740277 ], [ 139.711932, 35.740192 ], [ 139.71163, 35.740086 ], [ 139.71157, 35.740053 ], [ 139.711453, 35.739995 ], [ 139.711323, 35.739898 ], [ 139.711218, 35.739741 ], [ 139.711196, 35.739709 ], [ 139.711093, 35.739522 ], [ 139.71104, 35.739387 ], [ 139.71102, 35.73931 ], [ 139.71105, 35.739072 ], [ 139.71109, 35.738825 ] ] ] } },
{ "type": "Feature", "properties": { "key": "豊島区|池袋本町3丁目", "ward": "豊島区", "town": "池袋本町３丁目" }, "geometry": { "type": "Polygon", "coordinates": [ [ [ 139.712202, 35.741175 ], [ 139.712198, 35.741366 ], [ 139.712181, 35.741485 ], [ 139.712118, 35.741628 ], [ 139.712066, 35.741754 ], [ 139.712015, 35.741878 ], [ 139.711866, 35.74218 ], [ 139.711714, 35.742372 ], [ 139.71159, 35.742493 ], [ 139.711376, 35.742701 ], [ 139.711134, 35.742915 ], [ 139.710841, 35.743224 ], [ 139.710726, 35.743345 ], [ 139.710539, 35.743577 ], [ 139.710494, 35.743633 ], [ 139.710244, 35.743978 ], [ 139.710137, 35.744125 ], [ 139.709942, 35.744392 ], [ 139.709717, 35.744656 ], [ 139.709541, 35.74487 ], [ 139.7095, 35.744921 ], [ 139.709688, 35.745217 ], [ 139.709875, 35.745515 ], [ 139.709989, 35.745673 ], [ 139.710091, 35.745825 ], [ 139.710206, 35.745905 ], [ 139.710282, 35.745931 ], [ 139.710392, 35.745962 ], [ 139.710467, 35.745965 ], [ 139.710773, 35.745932 ], [ 139.711311, 35.745861 ], [ 139.711786, 35.745797 ], [ 139.712602, 35.745682 ], [ 139.712737, 35.74566 ], [ 139.713167, 35.745598 ], [ 139.713584, 35.74554 ], [ 139.714055, 35.745498 ], [ 139.714134, 35.745458 ], [ 139.714473, 35.745435 ], [ 139.714361, 35.745247 ], [ 139.714267, 35.745064 ], [ 139.714223, 35.744993 ], [ 139.714043, 35.744648 ], [ 139.713824, 35.744251 ], [ 139.713798, 35.743879 ], [ 139.713754, 35.743406 ], [ 139.71369, 35.742788 ], [ 139.713669, 35.742646 ], [ 139.713562, 35.742507 ], [ 139.713505, 35.742438 ], [ 139.713218, 35.742135 ], [ 139.712982, 35.741892 ], [ 139.712848, 35.741755 ], [ 139.712803, 35.741709 ], [ 139.712603, 35.741478 ], [ 139.712202, 35.741175 ] ] ] } },
{ "type": "Feature", "properties": { "key": "豊島区|池袋本町4丁目", "ward": "豊島区", "town": "池袋本町４丁目" }, "geometry": { "type": "Polygon", "coordinates": [ [ [ 139.717659, 35.745468 ], [ 139.717703, 35.745838 ], [ 139.717903, 35.745822 ], [ 139.71786, 35.745442 ], [ 139.717969, 35.745427 ], [ 139.718361, 35.745372 ], [ 139.718715, 35.745323 ], [ 139.718802, 35.745312 ], [ 139.718975, 35.745289 ], [ 139.719104, 35.745239 ], [ 139.719178, 35.745211 ], [ 139.718955, 35.744872 ], [ 139.718832, 35.744684 ], [ 139.718763, 35.744629 ], [ 139.718748, 35.744617 ], [ 139.718571, 35.744467 ], [ 139.718507, 35.744385 ], [ 139.718454, 35.744318 ], [ 139.718322, 35.744075 ], [ 139.718285, 35.744008 ], [ 139.718262, 35.743965 ], [ 139.718144, 35.743746 ], [ 139.718089, 35.743645 ], [ 139.717994, 35.743474 ], [ 139.717844, 35.743204 ], [ 139.717788, 35.743102 ], [ 139.717732, 35.743002 ], [ 139.717726, 35.742991 ], [ 139.717657, 35.742861 ], [ 139.717644, 35.742836 ], [ 139.717725, 35.742764 ], [ 139.717547, 35.742297 ], [ 139.717478, 35.742167 ], [ 139.717468, 35.742148 ], [ 139.71727, 35.741759 ], [ 139.717109, 35.741384 ], [ 139.716932, 35.741415 ], [ 139.716597, 35.741474 ], [ 139.71634, 35.741528 ], [ 139.716147, 35.741569 ], [ 139.71605, 35.741532 ], [ 139.716025, 35.741523 ], [ 139.715336, 35.741319 ], [ 139.715302, 35.741285 ], [ 139.714714, 35.741102 ], [ 139.714348, 35.740991 ], [ 139.713999, 35.740886 ], [ 139.713997, 35.740895 ], [ 139.713798, 35.740858 ], [ 139.71344, 35.740808 ], [ 139.713322, 35.740792 ], [ 139.712762, 35.740747 ], [ 139.712711, 35.740743 ], [ 139.71246, 35.740725 ], [ 139.712213, 35.740717 ], [ 139.712201, 35.740758 ], [ 139.712191, 35.740958 ], [ 139.712202, 35.741175 ], [ 139.712603, 35.741478 ], [ 139.712803, 35.741709 ], [ 139.712848, 35.741755 ], [ 139.712982, 35.741892 ], [ 139.713218, 35.742135 ], [ 139.713505, 35.742438 ], [ 139.713562, 35.742507 ], [ 139.713669, 35.742646 ], [ 139.71369, 35.742788 ], [ 139.713754, 35.743406 ], [ 139.713798, 35.743879 ], [ 139.713824, 35.744251 ], [ 139.714043, 35.744648 ], [ 139.714223, 35.744993 ], [ 139.714267, 35.745064 ], [ 139.714361, 35.745247 ], [ 139.714473, 35.745435 ], [ 139.714578, 35.745612 ], [ 139.714587, 35.745627 ], [ 139.714479, 35.745667 ], [ 139.714497, 35.745708 ], [ 139.714509, 35.745733 ], [ 139.714637, 35.745877 ], [ 139.71464, 35.74588 ], [ 139.714751, 35.745992 ], [ 139.71478, 35.745984 ], [ 139.715338, 35.745836 ], [ 139.715528, 35.745789 ], [ 139.715685, 35.74575 ], [ 139.716079, 35.745651 ], [ 139.716802, 35.745561 ], [ 139.716922, 35.745549 ], [ 139.716932, 35.745548 ], [ 139.717509, 35.74549 ], [ 139.717509, 35.745489 ], [ 139.717659, 35.745468 ] ] ] } },
{ "type": "Feature", "properties": { "key": "豊島区|雑司が谷1丁目", "ward": "豊島区", "town": "雑司が谷１丁目" }, "geometry": { "type": "Polygon", "coordinates": [ [ [ 139.723931, 35.721173 ], [ 139.724275, 35.72052 ], [ 139.724355, 35.720343 ], [ 139.724428, 35.720246 ], [ 139.724523, 35.72015 ], [ 139.724647, 35.720062 ], [ 139.724794, 35.719977 ], [ 139.724767, 35.719942 ], [ 139.724761, 35.719914 ], [ 139.724716, 35.719878 ], [ 139.724648, 35.719791 ], [ 139.724627, 35.719805 ], [ 139.724617, 35.719797 ], [ 139.72457, 35.719831 ], [ 139.724453, 35.719925 ], [ 139.724446, 35.719931 ], [ 139.724428, 35.719948 ], [ 139.724273, 35.720096 ], [ 139.724072, 35.720038 ], [ 139.723118, 35.719754 ], [ 139.723016, 35.719686 ], [ 139.722992, 35.719666 ], [ 139.723011, 35.719553 ], [ 139.723012, 35.719523 ], [ 139.723015, 35.719466 ], [ 139.722956, 35.719252 ], [ 139.722935, 35.719203 ], [ 139.723031, 35.719164 ], [ 139.722969, 35.719049 ], [ 139.722884, 35.719079 ], [ 139.722883, 35.719075 ], [ 139.722785, 35.718934 ], [ 139.722637, 35.718879 ], [ 139.72229, 35.718753 ], [ 139.722119, 35.718693 ], [ 139.721996, 35.718847 ], [ 139.721892, 35.718818 ], [ 139.721881, 35.718833 ], [ 139.72179, 35.718934 ], [ 139.721787, 35.718937 ], [ 139.721767, 35.718929 ], [ 139.72158, 35.718855 ], [ 139.721557, 35.718846 ], [ 139.721597, 35.718795 ], [ 139.721651, 35.718728 ], [ 139.721658, 35.71869 ], [ 139.72154, 35.718605 ], [ 139.721529, 35.7186 ], [ 139.721394, 35.718531 ], [ 139.721065, 35.718491 ], [ 139.720946, 35.718527 ], [ 139.720856, 35.718546 ], [ 139.72085, 35.718547 ], [ 139.720844, 35.718549 ], [ 139.720755, 35.71845 ], [ 139.720706, 35.718403 ], [ 139.720671, 35.718391 ], [ 139.72032, 35.718328 ], [ 139.720281, 35.718321 ], [ 139.719836, 35.71824 ], [ 139.719723, 35.718264 ], [ 139.719558, 35.718306 ], [ 139.719531, 35.71833 ], [ 139.719489, 35.718367 ], [ 139.719474, 35.718374 ], [ 139.719149, 35.718556 ], [ 139.719066, 35.718703 ], [ 139.71895, 35.718815 ], [ 139.7188, 35.718991 ], [ 139.718441, 35.719122 ], [ 139.718229, 35.719209 ], [ 139.718085, 35.719282 ], [ 139.717889, 35.719514 ], [ 139.717773, 35.719648 ], [ 139.717658, 35.719782 ], [ 139.717675, 35.719782 ], [ 139.717616, 35.720098 ], [ 139.717608, 35.720172 ], [ 139.717605, 35.720241 ], [ 139.717413, 35.720491 ], [ 139.717859, 35.720724 ], [ 139.717859, 35.720735 ], [ 139.718819, 35.721214 ], [ 139.718907, 35.721207 ], [ 139.719216, 35.721287 ], [ 139.719249, 35.721305 ], [ 139.719711, 35.721439 ], [ 139.719939, 35.721532 ], [ 139.720148, 35.721638 ], [ 139.7203, 35.721703 ], [ 139.720664, 35.721811 ], [ 139.720817, 35.7219 ], [ 139.721037, 35.722027 ], [ 139.721319, 35.722138 ], [ 139.721623, 35.722197 ], [ 139.72185, 35.72224 ], [ 139.722305, 35.722319 ], [ 139.722838, 35.722394 ], [ 139.723268, 35.722451 ], [ 139.723293, 35.722346 ], [ 139.723311, 35.722272 ], [ 139.723602, 35.722143 ], [ 139.723696, 35.722044 ], [ 139.723737, 35.721944 ], [ 139.723781, 35.721492 ], [ 139.723788, 35.721475 ], [ 139.723848, 35.721331 ], [ 139.723931, 35.721173 ] ] ] } },
{ "type": "Feature", "properties": { "key": "豊島区|雑司が谷2丁目", "ward": "豊島区", "town": "雑司が谷２丁目" }, "geometry": { "type": "Polygon", "coordinates": [ [ [ 139.717608, 35.720172 ], [ 139.717616, 35.720098 ], [ 139.717675, 35.719782 ], [ 139.717658, 35.719782 ], [ 139.717773, 35.719648 ], [ 139.717889, 35.719514 ], [ 139.718085, 35.719282 ], [ 139.718229, 35.719209 ], [ 139.718441, 35.719122 ], [ 139.7188, 35.718991 ], [ 139.71895, 35.718815 ], [ 139.719066, 35.718703 ], [ 139.719149, 35.718556 ], [ 139.719474, 35.718374 ], [ 139.719489, 35.718367 ], [ 139.719531, 35.71833 ], [ 139.719558, 35.718306 ], [ 139.719508, 35.718168 ], [ 139.719476, 35.718053 ], [ 139.719478, 35.718048 ], [ 139.719504, 35.717976 ], [ 139.719492, 35.717934 ], [ 139.719474, 35.717873 ], [ 139.71927, 35.717494 ], [ 139.718727, 35.71774 ], [ 139.718264, 35.71795 ], [ 139.718131, 35.717776 ], [ 139.717923, 35.717551 ], [ 139.717718, 35.717375 ], [ 139.717865, 35.7172 ], [ 139.717813, 35.717032 ], [ 139.717225, 35.717284 ], [ 139.716869, 35.717437 ], [ 139.716605, 35.717564 ], [ 139.716171, 35.717774 ], [ 139.716121, 35.717795 ], [ 139.715788, 35.717936 ], [ 139.715527, 35.718047 ], [ 139.715238, 35.718166 ], [ 139.715213, 35.718176 ], [ 139.714792, 35.718367 ], [ 139.714564, 35.71847 ], [ 139.714402, 35.718541 ], [ 139.713882, 35.718785 ], [ 139.714131, 35.719048 ], [ 139.714415, 35.719536 ], [ 139.714415, 35.719589 ], [ 139.714867, 35.72021 ], [ 139.714896, 35.720174 ], [ 139.715193, 35.720566 ], [ 139.715313, 35.72073 ], [ 139.715336, 35.720756 ], [ 139.715442, 35.720889 ], [ 139.715883, 35.721457 ], [ 139.715869, 35.721466 ], [ 139.716135, 35.721818 ], [ 139.716447, 35.721573 ], [ 139.716728, 35.721352 ], [ 139.716752, 35.721328 ], [ 139.71706, 35.721082 ], [ 139.717065, 35.721074 ], [ 139.717059, 35.721059 ], [ 139.717212, 35.720811 ], [ 139.717235, 35.720775 ], [ 139.717413, 35.720491 ], [ 139.717605, 35.720241 ], [ 139.717608, 35.720172 ] ] ] } },
{ "type": "Feature", "properties": { "key": "豊島区|雑司が谷3丁目", "ward": "豊島区", "town": "雑司が谷３丁目" }, "geometry": { "type": "Polygon", "coordinates": [ [ [ 139.712173, 35.723231 ], [ 139.712359, 35.723237 ], [ 139.712475, 35.72324 ], [ 139.712688, 35.723214 ], [ 139.71271, 35.723212 ], [ 139.713038, 35.72318 ], [ 139.713413, 35.723155 ], [ 139.71349, 35.723134 ], [ 139.713898, 35.722864 ], [ 139.713919, 35.722852 ], [ 139.713985, 35.722814 ], [ 139.7144, 35.722728 ], [ 139.714608, 35.722608 ], [ 139.714727, 35.72254 ], [ 139.714825, 35.722509 ], [ 139.714975, 35.722466 ], [ 139.715134, 35.722402 ], [ 139.715344, 35.722311 ], [ 139.715477, 35.722237 ], [ 139.715711, 35.722134 ], [ 139.715849, 35.722048 ], [ 139.716119, 35.721846 ], [ 139.716135, 35.721818 ], [ 139.715869, 35.721466 ], [ 139.715883, 35.721457 ], [ 139.715442, 35.720889 ], [ 139.715336, 35.720756 ], [ 139.715313, 35.72073 ], [ 139.715193, 35.720566 ], [ 139.714896, 35.720174 ], [ 139.714867, 35.72021 ], [ 139.714415, 35.719589 ], [ 139.714415, 35.719536 ], [ 139.714131, 35.719048 ], [ 139.713882, 35.718785 ], [ 139.713575, 35.718921 ], [ 139.713579, 35.718942 ], [ 139.71359, 35.719177 ], [ 139.713515, 35.71945 ], [ 139.713347, 35.719877 ], [ 139.713235, 35.720137 ], [ 139.713137, 35.7204 ], [ 139.713066, 35.720574 ], [ 139.713021, 35.720686 ], [ 139.71286, 35.721101 ], [ 139.71271, 35.721482 ], [ 139.712446, 35.722112 ], [ 139.712439, 35.72211 ], [ 139.712233, 35.722609 ], [ 139.712207, 35.722655 ], [ 139.712108, 35.722885 ], [ 139.712068, 35.722976 ], [ 139.712054, 35.723009 ], [ 139.711931, 35.723296 ], [ 139.712016, 35.723273 ], [ 139.712173, 35.723231 ] ] ] } },
{ "type": "Feature", "properties": { "key": "豊島区|高田1丁目", "ward": "豊島区", "town": "高田１丁目" }, "geometry": { "type": "Polygon", "coordinates": [ [ [ 139.720353, 35.713605 ], [ 139.720485, 35.713538 ], [ 139.72065, 35.713455 ], [ 139.720789, 35.71337 ], [ 139.721369, 35.713016 ], [ 139.721435, 35.712976 ], [ 139.722191, 35.712505 ], [ 139.72234, 35.712359 ], [ 139.722331, 35.712334 ], [ 139.722253, 35.712373 ], [ 139.721979, 35.712473 ], [ 139.721925, 35.712456 ], [ 139.721733, 35.712486 ], [ 139.721639, 35.712496 ], [ 139.721482, 35.712487 ], [ 139.721049, 35.712422 ], [ 139.721015, 35.71242 ], [ 139.720914, 35.7125 ], [ 139.720827, 35.712484 ], [ 139.720815, 35.712521 ], [ 139.720801, 35.712569 ], [ 139.720794, 35.712595 ], [ 139.720786, 35.712625 ], [ 139.72076, 35.712621 ], [ 139.720534, 35.712585 ], [ 139.720542, 35.712592 ], [ 139.72059, 35.712719 ], [ 139.720599, 35.712717 ], [ 139.720602, 35.712724 ], [ 139.720662, 35.712711 ], [ 139.720673, 35.712744 ], [ 139.720802, 35.712731 ], [ 139.720811, 35.712835 ], [ 139.720712, 35.712836 ], [ 139.720704, 35.712821 ], [ 139.720518, 35.712874 ], [ 139.720399, 35.712615 ], [ 139.720386, 35.712615 ], [ 139.720338, 35.712578 ], [ 139.720328, 35.712571 ], [ 139.720329, 35.712566 ], [ 139.720357, 35.712444 ], [ 139.720352, 35.712444 ], [ 139.720336, 35.712441 ], [ 139.720308, 35.712437 ], [ 139.720281, 35.712432 ], [ 139.720272, 35.712431 ], [ 139.720255, 35.712429 ], [ 139.720245, 35.712427 ], [ 139.720242, 35.712427 ], [ 139.720249, 35.71231 ], [ 139.720161, 35.712312 ], [ 139.720008, 35.712315 ], [ 139.719922, 35.712315 ], [ 139.719896, 35.71241 ], [ 139.719846, 35.712424 ], [ 139.719696, 35.712461 ], [ 139.719724, 35.712531 ], [ 139.719864, 35.712562 ], [ 139.719865, 35.712654 ], [ 139.719894, 35.712783 ], [ 139.719908, 35.712868 ], [ 139.71991, 35.712887 ], [ 139.71977, 35.712942 ], [ 139.719591, 35.713013 ], [ 139.719565, 35.712981 ], [ 139.719434, 35.712776 ], [ 139.719356, 35.71279 ], [ 139.719302, 35.712668 ], [ 139.719317, 35.712661 ], [ 139.719349, 35.712644 ], [ 139.719297, 35.712544 ], [ 139.719284, 35.712518 ], [ 139.71925, 35.712502 ], [ 139.719209, 35.712483 ], [ 139.719175, 35.712473 ], [ 139.719133, 35.71247 ], [ 139.719094, 35.712472 ], [ 139.719027, 35.712484 ], [ 139.719007, 35.712488 ], [ 139.718962, 35.712506 ], [ 139.718935, 35.712527 ], [ 139.718914, 35.712544 ], [ 139.718885, 35.712588 ], [ 139.718856, 35.712613 ], [ 139.718814, 35.712632 ], [ 139.718759, 35.712641 ], [ 139.718682, 35.712637 ], [ 139.718487, 35.712616 ], [ 139.718398, 35.712602 ], [ 139.718361, 35.712596 ], [ 139.718325, 35.712524 ], [ 139.718066, 35.712573 ], [ 139.718048, 35.71258 ], [ 139.718024, 35.712661 ], [ 139.717999, 35.712772 ], [ 139.717991, 35.712793 ], [ 139.717977, 35.71281 ], [ 139.717734, 35.712861 ], [ 139.717586, 35.712888 ], [ 139.717505, 35.712903 ], [ 139.717032, 35.712996 ], [ 139.717, 35.712939 ], [ 139.71693, 35.712953 ], [ 139.716858, 35.712976 ], [ 139.716697, 35.713045 ], [ 139.716688, 35.713071 ], [ 139.716653, 35.713175 ], [ 139.716513, 35.713329 ], [ 139.716402, 35.71342 ], [ 139.716206, 35.713511 ], [ 139.716175, 35.713525 ], [ 139.716064, 35.713563 ], [ 139.715991, 35.713588 ], [ 139.715765, 35.71363 ], [ 139.715726, 35.713629 ], [ 139.7157, 35.713541 ], [ 139.715697, 35.713527 ], [ 139.715693, 35.713518 ], [ 139.715505, 35.713125 ], [ 139.715442, 35.713125 ], [ 139.715049, 35.713177 ], [ 139.71493, 35.7132 ], [ 139.714859, 35.713059 ], [ 139.714256, 35.713282 ], [ 139.714245, 35.713284 ], [ 139.71435, 35.713436 ], [ 139.714416, 35.713591 ], [ 139.714497, 35.713751 ], [ 139.714523, 35.713853 ], [ 139.714529, 35.714111 ], [ 139.714523, 35.714165 ], [ 139.714535, 35.714335 ], [ 139.714533, 35.714652 ], [ 139.714557, 35.714772 ], [ 139.714737, 35.714829 ], [ 139.714806, 35.715109 ], [ 139.714845, 35.715354 ], [ 139.714972, 35.715663 ], [ 139.715044, 35.715938 ], [ 139.715029, 35.715957 ], [ 139.715096, 35.716211 ], [ 139.715097, 35.716476 ], [ 139.715115, 35.717205 ], [ 139.715115, 35.717316 ], [ 139.715129, 35.717672 ], [ 139.715142, 35.717945 ], [ 139.715213, 35.718176 ], [ 139.715238, 35.718166 ], [ 139.715527, 35.718047 ], [ 139.715788, 35.717936 ], [ 139.716121, 35.717795 ], [ 139.716171, 35.717774 ], [ 139.716605, 35.717564 ], [ 139.716869, 35.717437 ], [ 139.717225, 35.717284 ], [ 139.717813, 35.717032 ], [ 139.717962, 35.71695 ], [ 139.717918, 35.716891 ], [ 139.717746, 35.716662 ], [ 139.71775, 35.71665 ], [ 139.71774, 35.716565 ], [ 139.717603, 35.715968 ], [ 139.717503, 35.715736 ], [ 139.717414, 35.715497 ], [ 139.717319, 35.714957 ], [ 139.717278, 35.714772 ], [ 139.717269, 35.714669 ], [ 139.717301, 35.714591 ], [ 139.717421, 35.714468 ], [ 139.717532, 35.714389 ], [ 139.71763, 35.714348 ], [ 139.717785, 35.71431 ], [ 139.717966, 35.714285 ], [ 139.718404, 35.714216 ], [ 139.718966, 35.714119 ], [ 139.719024, 35.714102 ], [ 139.719311, 35.714005 ], [ 139.719657, 35.713897 ], [ 139.71998, 35.713785 ], [ 139.720262, 35.713651 ], [ 139.720271, 35.713647 ], [ 139.720353, 35.713605 ] ] ] } },
{ "type": "Feature", "properties": { "key": "豊島区|高田2丁目", "ward": "豊島区", "town": "高田２丁目" }, "geometry": { "type": "Polygon", "coordinates": [ [ [ 139.714245, 35.713284 ], [ 139.713914, 35.713401 ], [ 139.713694, 35.71351 ], [ 139.713506, 35.713668 ], [ 139.713267, 35.713939 ], [ 139.713206, 35.714026 ], [ 139.712927, 35.714193 ], [ 139.712858, 35.714232 ], [ 139.712798, 35.714267 ], [ 139.712735, 35.714315 ], [ 139.712647, 35.714383 ], [ 139.712419, 35.714556 ], [ 139.712366, 35.714596 ], [ 139.712007, 35.714805 ], [ 139.711738, 35.714875 ], [ 139.712044, 35.715499 ], [ 139.712048, 35.715505 ], [ 139.712341, 35.716137 ], [ 139.712451, 35.716374 ], [ 139.712458, 35.71639 ], [ 139.712891, 35.717329 ], [ 139.712969, 35.717498 ], [ 139.713115, 35.717827 ], [ 139.713118, 35.717833 ], [ 139.713504, 35.718671 ], [ 139.713548, 35.718795 ], [ 139.713556, 35.718817 ], [ 139.713575, 35.718921 ], [ 139.713882, 35.718785 ], [ 139.714402, 35.718541 ], [ 139.714564, 35.71847 ], [ 139.714792, 35.718367 ], [ 139.715213, 35.718176 ], [ 139.715142, 35.717945 ], [ 139.715129, 35.717672 ], [ 139.715115, 35.717316 ], [ 139.715115, 35.717205 ], [ 139.715097, 35.716476 ], [ 139.715096, 35.716211 ], [ 139.715029, 35.715957 ], [ 139.715044, 35.715938 ], [ 139.714972, 35.715663 ], [ 139.714845, 35.715354 ], [ 139.714806, 35.715109 ], [ 139.714737, 35.714829 ], [ 139.714557, 35.714772 ], [ 139.714533, 35.714652 ], [ 139.714535, 35.714335 ], [ 139.714523, 35.714165 ], [ 139.714529, 35.714111 ], [ 139.714523, 35.713853 ], [ 139.714497, 35.713751 ], [ 139.714416, 35.713591 ], [ 139.71435, 35.713436 ], [ 139.714245, 35.713284 ] ] ] } },
{ "type": "Feature", "properties": { "key": "豊島区|高田3丁目", "ward": "豊島区", "town": "高田３丁目" }, "geometry": { "type": "Polygon", "coordinates": [ [ [ 139.708595, 35.716646 ], [ 139.708804, 35.716625 ], [ 139.709177, 35.716614 ], [ 139.7094, 35.716596 ], [ 139.709694, 35.716497 ], [ 139.709915, 35.716377 ], [ 139.709996, 35.716361 ], [ 139.710184, 35.716464 ], [ 139.710421, 35.716536 ], [ 139.71068, 35.716629 ], [ 139.711174, 35.716766 ], [ 139.711201, 35.716776 ], [ 139.711663, 35.716836 ], [ 139.71184, 35.71685 ], [ 139.712009, 35.716783 ], [ 139.712219, 35.71663 ], [ 139.712458, 35.71639 ], [ 139.712451, 35.716374 ], [ 139.712341, 35.716137 ], [ 139.712048, 35.715505 ], [ 139.712044, 35.715499 ], [ 139.711738, 35.714875 ], [ 139.711548, 35.714909 ], [ 139.711539, 35.714909 ], [ 139.711484, 35.714924 ], [ 139.71136, 35.714757 ], [ 139.711073, 35.714492 ], [ 139.71098, 35.714408 ], [ 139.71066, 35.714087 ], [ 139.710559, 35.713933 ], [ 139.71029, 35.713549 ], [ 139.710281, 35.713537 ], [ 139.710188, 35.713571 ], [ 139.710204, 35.71363 ], [ 139.71016, 35.713639 ], [ 139.710125, 35.713545 ], [ 139.710102, 35.713548 ], [ 139.71002, 35.713558 ], [ 139.71002, 35.713604 ], [ 139.709883, 35.713644 ], [ 139.709804, 35.713645 ], [ 139.709803, 35.713707 ], [ 139.709545, 35.713703 ], [ 139.709372, 35.713749 ], [ 139.709066, 35.713816 ], [ 139.709057, 35.713818 ], [ 139.70901, 35.713823 ], [ 139.708896, 35.713835 ], [ 139.708765, 35.713849 ], [ 139.708598, 35.713851 ], [ 139.708461, 35.713852 ], [ 139.7076, 35.713832 ], [ 139.707505, 35.713756 ], [ 139.707503, 35.713725 ], [ 139.707394, 35.713726 ], [ 139.70736, 35.713692 ], [ 139.707013, 35.713698 ], [ 139.707007, 35.713624 ], [ 139.706862, 35.713623 ], [ 139.70636, 35.713525 ], [ 139.706029, 35.713541 ], [ 139.706019, 35.713544 ], [ 139.705782, 35.713627 ], [ 139.705895, 35.713827 ], [ 139.705241, 35.71391 ], [ 139.70527, 35.71408 ], [ 139.705767, 35.714029 ], [ 139.705777, 35.714116 ], [ 139.705664, 35.714131 ], [ 139.705684, 35.714298 ], [ 139.705554, 35.714311 ], [ 139.705556, 35.714338 ], [ 139.705568, 35.714471 ], [ 139.705465, 35.714511 ], [ 139.705394, 35.71453 ], [ 139.705357, 35.714579 ], [ 139.705319, 35.714615 ], [ 139.705306, 35.714627 ], [ 139.705264, 35.714662 ], [ 139.705136, 35.714692 ], [ 139.705073, 35.714709 ], [ 139.705032, 35.714706 ], [ 139.704892, 35.714783 ], [ 139.704753, 35.714874 ], [ 139.704679, 35.71494 ], [ 139.704627, 35.715017 ], [ 139.704578, 35.71514 ], [ 139.704567, 35.715169 ], [ 139.704531, 35.715346 ], [ 139.704499, 35.715726 ], [ 139.704461, 35.715927 ], [ 139.704392, 35.716165 ], [ 139.704431, 35.716191 ], [ 139.70446, 35.716211 ], [ 139.704473, 35.716218 ], [ 139.704572, 35.71626 ], [ 139.70466, 35.716281 ], [ 139.704684, 35.716287 ], [ 139.704842, 35.716309 ], [ 139.70487, 35.716313 ], [ 139.704982, 35.716317 ], [ 139.705027, 35.716307 ], [ 139.705033, 35.716308 ], [ 139.705145, 35.716327 ], [ 139.705258, 35.71633 ], [ 139.705273, 35.716331 ], [ 139.705294, 35.716328 ], [ 139.705473, 35.716325 ], [ 139.705498, 35.716542 ], [ 139.705269, 35.716598 ], [ 139.705326, 35.716769 ], [ 139.705511, 35.716727 ], [ 139.705508, 35.71666 ], [ 139.70563, 35.716655 ], [ 139.705628, 35.716954 ], [ 139.70562, 35.716987 ], [ 139.70556, 35.717234 ], [ 139.705554, 35.717329 ], [ 139.705567, 35.717379 ], [ 139.705594, 35.717431 ], [ 139.705644, 35.717475 ], [ 139.705622, 35.717428 ], [ 139.706044, 35.717334 ], [ 139.706068, 35.717326 ], [ 139.706321, 35.717239 ], [ 139.706347, 35.71723 ], [ 139.70636, 35.717225 ], [ 139.70661, 35.717125 ], [ 139.706703, 35.717088 ], [ 139.706896, 35.716997 ], [ 139.706983, 35.716956 ], [ 139.707059, 35.716934 ], [ 139.707191, 35.716895 ], [ 139.707283, 35.716883 ], [ 139.70746, 35.716859 ], [ 139.707705, 35.716817 ], [ 139.707762, 35.716807 ], [ 139.708071, 35.716733 ], [ 139.708595, 35.716646 ] ] ] } },
{ "type": "Feature", "properties": { "key": "豊島区|目白1丁目", "ward": "豊島区", "town": "目白１丁目" }, "geometry": { "type": "Polygon", "coordinates": [ [ [ 139.707935, 35.721107 ], [ 139.708492, 35.720825 ], [ 139.708682, 35.720722 ], [ 139.709221, 35.720593 ], [ 139.709554, 35.720473 ], [ 139.709583, 35.720478 ], [ 139.709766, 35.720411 ], [ 139.710339, 35.720263 ], [ 139.710466, 35.720224 ], [ 139.710855, 35.720123 ], [ 139.711105, 35.720033 ], [ 139.71154, 35.719855 ], [ 139.711727, 35.719789 ], [ 139.712068, 35.719637 ], [ 139.712609, 35.719396 ], [ 139.712975, 35.71922 ], [ 139.713575, 35.718921 ], [ 139.713556, 35.718817 ], [ 139.713548, 35.718795 ], [ 139.713504, 35.718671 ], [ 139.713118, 35.717833 ], [ 139.713115, 35.717827 ], [ 139.712969, 35.717498 ], [ 139.712891, 35.717329 ], [ 139.712458, 35.71639 ], [ 139.712219, 35.71663 ], [ 139.712009, 35.716783 ], [ 139.71184, 35.71685 ], [ 139.711663, 35.716836 ], [ 139.711201, 35.716776 ], [ 139.711174, 35.716766 ], [ 139.71068, 35.716629 ], [ 139.710421, 35.716536 ], [ 139.710184, 35.716464 ], [ 139.709996, 35.716361 ], [ 139.709915, 35.716377 ], [ 139.709694, 35.716497 ], [ 139.7094, 35.716596 ], [ 139.709177, 35.716614 ], [ 139.708804, 35.716625 ], [ 139.708595, 35.716646 ], [ 139.708071, 35.716733 ], [ 139.707762, 35.716807 ], [ 139.707705, 35.716817 ], [ 139.70746, 35.716859 ], [ 139.707283, 35.716883 ], [ 139.707191, 35.716895 ], [ 139.707059, 35.716934 ], [ 139.706983, 35.716956 ], [ 139.706896, 35.716997 ], [ 139.706703, 35.717088 ], [ 139.70661, 35.717125 ], [ 139.70636, 35.717225 ], [ 139.706347, 35.71723 ], [ 139.706321, 35.717239 ], [ 139.706068, 35.717326 ], [ 139.706044, 35.717334 ], [ 139.705622, 35.717428 ], [ 139.705644, 35.717475 ], [ 139.705664, 35.717518 ], [ 139.705651, 35.71755 ], [ 139.70565, 35.717554 ], [ 139.705646, 35.717606 ], [ 139.705646, 35.717609 ], [ 139.705645, 35.717619 ], [ 139.705675, 35.717675 ], [ 139.705495, 35.717728 ], [ 139.7055, 35.717742 ], [ 139.705495, 35.717743 ], [ 139.705626, 35.718134 ], [ 139.705678, 35.71827 ], [ 139.705691, 35.718305 ], [ 139.705809, 35.718616 ], [ 139.705825, 35.718657 ], [ 139.705852, 35.718728 ], [ 139.706002, 35.71913 ], [ 139.70604, 35.719122 ], [ 139.706047, 35.719143 ], [ 139.7062, 35.71958 ], [ 139.706346, 35.719995 ], [ 139.706354, 35.72002 ], [ 139.706802, 35.721298 ], [ 139.70683, 35.721288 ], [ 139.706882, 35.721416 ], [ 139.706845, 35.721431 ], [ 139.70687, 35.721547 ], [ 139.706891, 35.721644 ], [ 139.707037, 35.721575 ], [ 139.707228, 35.721483 ], [ 139.707548, 35.721309 ], [ 139.707935, 35.721107 ] ] ] } },
{ "type": "Feature", "properties": { "key": "豊島区|目白2丁目", "ward": "豊島区", "town": "目白２丁目" }, "geometry": { "type": "Polygon", "coordinates": [ [ [ 139.712439, 35.72211 ], [ 139.712446, 35.722112 ], [ 139.71271, 35.721482 ], [ 139.71286, 35.721101 ], [ 139.713021, 35.720686 ], [ 139.713066, 35.720574 ], [ 139.713137, 35.7204 ], [ 139.713235, 35.720137 ], [ 139.713347, 35.719877 ], [ 139.713515, 35.71945 ], [ 139.71359, 35.719177 ], [ 139.713579, 35.718942 ], [ 139.713575, 35.718921 ], [ 139.712975, 35.71922 ], [ 139.712609, 35.719396 ], [ 139.712068, 35.719637 ], [ 139.711727, 35.719789 ], [ 139.71154, 35.719855 ], [ 139.711105, 35.720033 ], [ 139.710855, 35.720123 ], [ 139.710466, 35.720224 ], [ 139.710339, 35.720263 ], [ 139.709766, 35.720411 ], [ 139.709583, 35.720478 ], [ 139.709554, 35.720473 ], [ 139.709221, 35.720593 ], [ 139.708682, 35.720722 ], [ 139.708492, 35.720825 ], [ 139.707935, 35.721107 ], [ 139.707548, 35.721309 ], [ 139.707228, 35.721483 ], [ 139.707037, 35.721575 ], [ 139.706891, 35.721644 ], [ 139.707081, 35.722048 ], [ 139.707107, 35.722163 ], [ 139.707297, 35.722563 ], [ 139.707395, 35.722749 ], [ 139.707471, 35.722894 ], [ 139.707623, 35.723214 ], [ 139.707909, 35.723765 ], [ 139.708269, 35.724449 ], [ 139.708285, 35.724469 ], [ 139.7087, 35.724362 ], [ 139.708747, 35.72435 ], [ 139.709136, 35.724246 ], [ 139.70918, 35.724234 ], [ 139.709303, 35.724161 ], [ 139.709345, 35.724108 ], [ 139.709403, 35.72402 ], [ 139.709445, 35.723974 ], [ 139.709631, 35.723854 ], [ 139.709666, 35.723836 ], [ 139.709898, 35.72372 ], [ 139.710161, 35.723577 ], [ 139.710511, 35.72335 ], [ 139.710597, 35.72332 ], [ 139.710696, 35.723278 ], [ 139.711183, 35.723181 ], [ 139.711254, 35.723168 ], [ 139.711609, 35.723104 ], [ 139.711878, 35.723032 ], [ 139.712068, 35.722976 ], [ 139.712108, 35.722885 ], [ 139.712207, 35.722655 ], [ 139.712233, 35.722609 ], [ 139.712439, 35.72211 ] ] ] } },
{ "type": "Feature", "properties": { "key": "豊島区|目白3丁目", "ward": "豊島区", "town": "目白３丁目" }, "geometry": { "type": "Polygon", "coordinates": [ [ [ 139.70783, 35.724178 ], [ 139.707831, 35.72419 ], [ 139.708037, 35.724527 ], [ 139.708193, 35.724491 ], [ 139.708285, 35.724469 ], [ 139.708269, 35.724449 ], [ 139.707909, 35.723765 ], [ 139.707623, 35.723214 ], [ 139.707471, 35.722894 ], [ 139.707395, 35.722749 ], [ 139.707297, 35.722563 ], [ 139.707107, 35.722163 ], [ 139.707081, 35.722048 ], [ 139.706891, 35.721644 ], [ 139.70687, 35.721547 ], [ 139.706845, 35.721431 ], [ 139.706882, 35.721416 ], [ 139.70683, 35.721288 ], [ 139.706802, 35.721298 ], [ 139.706354, 35.72002 ], [ 139.706346, 35.719995 ], [ 139.7062, 35.71958 ], [ 139.706047, 35.719143 ], [ 139.70604, 35.719122 ], [ 139.706002, 35.71913 ], [ 139.705852, 35.718728 ], [ 139.705825, 35.718657 ], [ 139.705809, 35.718616 ], [ 139.705582, 35.718784 ], [ 139.705579, 35.718787 ], [ 139.705566, 35.718798 ], [ 139.705366, 35.71896 ], [ 139.705365, 35.71896 ], [ 139.70534, 35.718988 ], [ 139.705284, 35.719042 ], [ 139.705268, 35.719057 ], [ 139.705243, 35.719086 ], [ 139.705208, 35.719126 ], [ 139.70515, 35.719209 ], [ 139.70508, 35.719385 ], [ 139.704902, 35.719804 ], [ 139.704528, 35.720152 ], [ 139.704541, 35.720164 ], [ 139.704611, 35.720234 ], [ 139.704622, 35.720245 ], [ 139.704745, 35.720385 ], [ 139.704855, 35.720558 ], [ 139.704865, 35.720574 ], [ 139.704803, 35.720675 ], [ 139.704695, 35.720691 ], [ 139.704705, 35.720752 ], [ 139.704719, 35.720842 ], [ 139.704722, 35.720852 ], [ 139.704863, 35.720836 ], [ 139.704887, 35.720833 ], [ 139.704923, 35.72083 ], [ 139.705051, 35.720774 ], [ 139.705073, 35.720797 ], [ 139.705121, 35.720847 ], [ 139.705175, 35.720834 ], [ 139.7053, 35.720951 ], [ 139.705316, 35.720966 ], [ 139.705592, 35.721222 ], [ 139.705642, 35.72129 ], [ 139.705799, 35.721491 ], [ 139.705477, 35.721622 ], [ 139.70526, 35.721707 ], [ 139.705207, 35.721744 ], [ 139.705071, 35.721821 ], [ 139.705051, 35.721832 ], [ 139.704851, 35.721967 ], [ 139.704516, 35.722152 ], [ 139.704444, 35.72221 ], [ 139.704282, 35.722225 ], [ 139.704332, 35.722299 ], [ 139.704481, 35.722562 ], [ 139.704566, 35.722633 ], [ 139.70459, 35.722644 ], [ 139.704689, 35.722803 ], [ 139.704269, 35.722956 ], [ 139.703999, 35.723041 ], [ 139.703814, 35.723077 ], [ 139.703809, 35.723078 ], [ 139.703459, 35.723163 ], [ 139.703252, 35.723198 ], [ 139.702883, 35.723276 ], [ 139.702866, 35.723278 ], [ 139.702833, 35.723619 ], [ 139.702777, 35.724201 ], [ 139.702758, 35.724575 ], [ 139.702736, 35.725002 ], [ 139.702707, 35.725559 ], [ 139.702717, 35.725932 ], [ 139.702689, 35.725979 ], [ 139.70267, 35.726013 ], [ 139.702729, 35.725992 ], [ 139.703293, 35.725792 ], [ 139.70344, 35.72574 ], [ 139.703896, 35.725566 ], [ 139.704636, 35.725284 ], [ 139.705327, 35.72502 ], [ 139.705871, 35.724813 ], [ 139.706524, 35.72453 ], [ 139.706631, 35.724481 ], [ 139.706978, 35.724346 ], [ 139.707215, 35.724258 ], [ 139.707372, 35.724227 ], [ 139.707652, 35.724192 ], [ 139.70783, 35.724178 ] ] ] } },
{ "type": "Feature", "properties": { "key": "豊島区|目白4丁目", "ward": "豊島区", "town": "目白４丁目" }, "geometry": { "type": "Polygon", "coordinates": [ [ [ 139.702866, 35.723278 ], [ 139.702816, 35.723288 ], [ 139.702439, 35.72334 ], [ 139.702133, 35.72337 ], [ 139.701896, 35.723381 ], [ 139.701804, 35.723392 ], [ 139.701433, 35.72343 ], [ 139.701319, 35.723442 ], [ 139.700894, 35.723461 ], [ 139.700598, 35.723455 ], [ 139.700586, 35.723455 ], [ 139.700515, 35.72345 ], [ 139.700148, 35.723457 ], [ 139.700029, 35.723472 ], [ 139.699912, 35.723506 ], [ 139.699724, 35.723195 ], [ 139.699499, 35.722824 ], [ 139.699371, 35.72279 ], [ 139.699305, 35.722773 ], [ 139.699193, 35.722746 ], [ 139.699127, 35.72271 ], [ 139.699138, 35.72269 ], [ 139.699132, 35.722686 ], [ 139.699032, 35.722622 ], [ 139.699016, 35.722645 ], [ 139.69897, 35.72271 ], [ 139.698966, 35.722716 ], [ 139.698905, 35.722687 ], [ 139.698958, 35.722609 ], [ 139.698503, 35.722306 ], [ 139.698489, 35.7223 ], [ 139.698285, 35.722216 ], [ 139.698204, 35.72217 ], [ 139.697995, 35.722106 ], [ 139.697981, 35.722135 ], [ 139.697969, 35.722162 ], [ 139.697955, 35.722159 ], [ 139.697834, 35.722137 ], [ 139.697306, 35.722066 ], [ 139.697304, 35.722105 ], [ 139.697299, 35.722136 ], [ 139.697298, 35.72214 ], [ 139.697281, 35.722313 ], [ 139.697321, 35.722915 ], [ 139.697742, 35.724379 ], [ 139.697713, 35.724978 ], [ 139.697696, 35.725444 ], [ 139.697699, 35.72557 ], [ 139.697743, 35.725903 ], [ 139.697757, 35.726034 ], [ 139.697795, 35.726264 ], [ 139.697801, 35.726265 ], [ 139.698403, 35.726395 ], [ 139.698562, 35.726434 ], [ 139.69857, 35.726436 ], [ 139.699068, 35.72653 ], [ 139.699264, 35.726572 ], [ 139.699274, 35.726574 ], [ 139.699503, 35.726603 ], [ 139.699821, 35.726625 ], [ 139.700009, 35.726621 ], [ 139.700025, 35.726621 ], [ 139.70036, 35.726617 ], [ 139.700647, 35.726596 ], [ 139.700886, 35.726562 ], [ 139.701207, 35.726521 ], [ 139.70167, 35.726386 ], [ 139.701681, 35.726382 ], [ 139.70169, 35.726378 ], [ 139.702446, 35.726092 ], [ 139.70267, 35.726013 ], [ 139.702689, 35.725979 ], [ 139.702717, 35.725932 ], [ 139.702707, 35.725559 ], [ 139.702736, 35.725002 ], [ 139.702758, 35.724575 ], [ 139.702777, 35.724201 ], [ 139.702833, 35.723619 ], [ 139.702866, 35.723278 ] ] ] } },
{ "type": "Feature", "properties": { "key": "豊島区|目白5丁目", "ward": "豊島区", "town": "目白５丁目" }, "geometry": { "type": "Polygon", "coordinates": [ [ [ 139.69651, 35.726158 ], [ 139.696727, 35.726162 ], [ 139.69712, 35.726189 ], [ 139.697795, 35.726264 ], [ 139.697757, 35.726034 ], [ 139.697743, 35.725903 ], [ 139.697699, 35.72557 ], [ 139.697696, 35.725444 ], [ 139.697713, 35.724978 ], [ 139.697742, 35.724379 ], [ 139.697321, 35.722915 ], [ 139.697281, 35.722313 ], [ 139.697298, 35.72214 ], [ 139.697299, 35.722136 ], [ 139.69728, 35.722136 ], [ 139.697127, 35.722136 ], [ 139.697126, 35.722151 ], [ 139.697059, 35.722152 ], [ 139.697058, 35.722136 ], [ 139.69694, 35.722136 ], [ 139.69694, 35.722149 ], [ 139.69694, 35.722171 ], [ 139.696927, 35.72217 ], [ 139.696921, 35.72217 ], [ 139.696674, 35.722164 ], [ 139.6966, 35.722162 ], [ 139.696598, 35.722104 ], [ 139.696588, 35.722103 ], [ 139.696449, 35.722099 ], [ 139.696449, 35.722105 ], [ 139.696447, 35.722115 ], [ 139.696442, 35.722243 ], [ 139.69605, 35.722236 ], [ 139.69605, 35.722154 ], [ 139.695926, 35.722153 ], [ 139.695841, 35.722156 ], [ 139.69584, 35.722148 ], [ 139.695836, 35.722076 ], [ 139.695816, 35.722075 ], [ 139.695731, 35.722076 ], [ 139.695724, 35.722077 ], [ 139.695716, 35.722099 ], [ 139.695528, 35.722108 ], [ 139.695528, 35.722117 ], [ 139.695528, 35.722126 ], [ 139.695521, 35.722127 ], [ 139.695444, 35.722132 ], [ 139.695412, 35.722135 ], [ 139.695413, 35.722138 ], [ 139.695416, 35.722154 ], [ 139.695415, 35.722187 ], [ 139.695416, 35.722191 ], [ 139.695301, 35.722202 ], [ 139.695295, 35.722203 ], [ 139.695288, 35.722177 ], [ 139.69524, 35.722184 ], [ 139.69524, 35.722201 ], [ 139.695239, 35.722264 ], [ 139.695055, 35.722283 ], [ 139.695012, 35.722288 ], [ 139.694896, 35.72207 ], [ 139.694866, 35.722013 ], [ 139.694847, 35.72202 ], [ 139.69484, 35.722022 ], [ 139.694599, 35.722122 ], [ 139.69443, 35.722185 ], [ 139.694227, 35.722336 ], [ 139.694218, 35.722345 ], [ 139.694201, 35.722363 ], [ 139.694001, 35.722378 ], [ 139.6934, 35.722451 ], [ 139.693252, 35.722468 ], [ 139.692771, 35.722516 ], [ 139.692789, 35.722641 ], [ 139.693239, 35.723109 ], [ 139.693546, 35.723428 ], [ 139.693731, 35.723616 ], [ 139.694008, 35.723897 ], [ 139.694155, 35.724058 ], [ 139.694463, 35.724516 ], [ 139.694633, 35.724777 ], [ 139.694639, 35.724778 ], [ 139.694799, 35.725024 ], [ 139.694905, 35.725186 ], [ 139.694986, 35.725311 ], [ 139.695008, 35.725351 ], [ 139.695225, 35.725681 ], [ 139.695233, 35.725693 ], [ 139.695478, 35.72606 ], [ 139.695614, 35.726265 ], [ 139.69651, 35.726158 ] ] ] } },
{ "type": "Feature", "properties": { "key": "豊島区|南長崎1丁目", "ward": "豊島区", "town": "南長崎１丁目" }, "geometry": { "type": "Polygon", "coordinates": [ [ [ 139.692771, 35.722516 ], [ 139.692568, 35.722536 ], [ 139.69234, 35.72256 ], [ 139.692117, 35.722582 ], [ 139.692097, 35.722584 ], [ 139.692053, 35.722589 ], [ 139.691722, 35.722623 ], [ 139.691565, 35.722639 ], [ 139.691532, 35.722642 ], [ 139.691232, 35.722663 ], [ 139.691001, 35.72268 ], [ 139.690972, 35.722682 ], [ 139.690758, 35.722699 ], [ 139.690895, 35.723217 ], [ 139.690979, 35.723447 ], [ 139.691122, 35.723902 ], [ 139.691191, 35.724119 ], [ 139.691272, 35.724406 ], [ 139.691434, 35.724886 ], [ 139.691581, 35.725385 ], [ 139.691763, 35.725965 ], [ 139.691977, 35.726688 ], [ 139.692074, 35.72699 ], [ 139.692089, 35.726987 ], [ 139.692797, 35.726848 ], [ 139.692806, 35.726846 ], [ 139.693558, 35.726681 ], [ 139.693572, 35.726679 ], [ 139.694508, 35.726489 ], [ 139.695511, 35.726286 ], [ 139.695614, 35.726265 ], [ 139.695478, 35.72606 ], [ 139.695233, 35.725693 ], [ 139.695225, 35.725681 ], [ 139.695008, 35.725351 ], [ 139.694986, 35.725311 ], [ 139.694905, 35.725186 ], [ 139.694799, 35.725024 ], [ 139.694639, 35.724778 ], [ 139.694633, 35.724777 ], [ 139.694463, 35.724516 ], [ 139.694155, 35.724058 ], [ 139.694008, 35.723897 ], [ 139.693731, 35.723616 ], [ 139.693546, 35.723428 ], [ 139.693239, 35.723109 ], [ 139.692789, 35.722641 ], [ 139.692771, 35.722516 ] ] ] } },
{ "type": "Feature", "properties": { "key": "豊島区|南長崎2丁目", "ward": "豊島区", "town": "南長崎２丁目" }, "geometry": { "type": "Polygon", "coordinates": [ [ [ 139.690758, 35.722699 ], [ 139.690746, 35.7227 ], [ 139.690417, 35.722725 ], [ 139.690266, 35.722737 ], [ 139.690022, 35.72276 ], [ 139.689999, 35.722762 ], [ 139.689843, 35.722777 ], [ 139.689802, 35.722837 ], [ 139.689709, 35.72284 ], [ 139.689608, 35.722891 ], [ 139.689187, 35.723103 ], [ 139.689011, 35.723196 ], [ 139.688724, 35.723373 ], [ 139.688462, 35.723568 ], [ 139.688602, 35.723928 ], [ 139.688806, 35.724421 ], [ 139.689013, 35.724904 ], [ 139.689203, 35.725351 ], [ 139.689352, 35.725752 ], [ 139.68938, 35.725964 ], [ 139.689463, 35.726437 ], [ 139.689553, 35.727172 ], [ 139.689564, 35.727187 ], [ 139.689601, 35.727513 ], [ 139.690046, 35.727427 ], [ 139.690054, 35.727425 ], [ 139.69006, 35.727424 ], [ 139.690549, 35.727314 ], [ 139.690557, 35.727312 ], [ 139.691412, 35.72713 ], [ 139.692074, 35.72699 ], [ 139.691977, 35.726688 ], [ 139.691763, 35.725965 ], [ 139.691581, 35.725385 ], [ 139.691434, 35.724886 ], [ 139.691272, 35.724406 ], [ 139.691191, 35.724119 ], [ 139.691122, 35.723902 ], [ 139.690979, 35.723447 ], [ 139.690895, 35.723217 ], [ 139.690758, 35.722699 ] ] ] } },
{ "type": "Feature", "properties": { "key": "豊島区|南長崎3丁目", "ward": "豊島区", "town": "南長崎３丁目" }, "geometry": { "type": "Polygon", "coordinates": [ [ [ 139.689608, 35.722891 ], [ 139.689709, 35.72284 ], [ 139.689167, 35.722852 ], [ 139.689076, 35.722851 ], [ 139.688477, 35.722847 ], [ 139.68819, 35.72286 ], [ 139.687796, 35.722878 ], [ 139.687598, 35.722888 ], [ 139.687219, 35.722899 ], [ 139.687032, 35.722905 ], [ 139.686806, 35.72291 ], [ 139.686785, 35.722911 ], [ 139.686612, 35.722917 ], [ 139.686336, 35.722917 ], [ 139.686102, 35.722914 ], [ 139.686022, 35.722913 ], [ 139.685979, 35.723422 ], [ 139.685965, 35.723582 ], [ 139.685937, 35.723903 ], [ 139.685909, 35.724259 ], [ 139.68586, 35.724867 ], [ 139.685857, 35.724932 ], [ 139.685909, 35.725094 ], [ 139.68572, 35.725219 ], [ 139.685866, 35.725486 ], [ 139.686095, 35.725896 ], [ 139.686226, 35.726148 ], [ 139.686431, 35.726513 ], [ 139.68651, 35.726683 ], [ 139.686707, 35.727046 ], [ 139.686865, 35.727346 ], [ 139.687074, 35.727729 ], [ 139.687217, 35.727984 ], [ 139.688219, 35.727779 ], [ 139.688248, 35.727773 ], [ 139.688804, 35.727669 ], [ 139.689065, 35.72762 ], [ 139.689583, 35.727523 ], [ 139.689601, 35.727513 ], [ 139.689564, 35.727187 ], [ 139.689553, 35.727172 ], [ 139.689463, 35.726437 ], [ 139.68938, 35.725964 ], [ 139.689352, 35.725752 ], [ 139.689203, 35.725351 ], [ 139.689013, 35.724904 ], [ 139.688806, 35.724421 ], [ 139.688602, 35.723928 ], [ 139.688462, 35.723568 ], [ 139.688724, 35.723373 ], [ 139.689011, 35.723196 ], [ 139.689187, 35.723103 ], [ 139.689608, 35.722891 ] ] ] } },
{ "type": "Feature", "properties": { "key": "豊島区|南長崎4丁目", "ward": "豊島区", "town": "南長崎４丁目" }, "geometry": { "type": "Polygon", "coordinates": [ [ [ 139.685937, 35.723903 ], [ 139.685965, 35.723582 ], [ 139.685979, 35.723422 ], [ 139.686022, 35.722913 ], [ 139.685678, 35.722879 ], [ 139.68558, 35.722869 ], [ 139.685506, 35.722861 ], [ 139.685384, 35.722848 ], [ 139.685326, 35.722842 ], [ 139.685048, 35.722813 ], [ 139.685044, 35.722813 ], [ 139.68437, 35.722742 ], [ 139.684366, 35.722742 ], [ 139.684366, 35.722786 ], [ 139.684369, 35.722985 ], [ 139.684331, 35.72323 ], [ 139.68432, 35.723276 ], [ 139.68418, 35.723764 ], [ 139.684116, 35.72376 ], [ 139.683866, 35.723741 ], [ 139.683617, 35.723702 ], [ 139.683485, 35.723696 ], [ 139.683302, 35.723658 ], [ 139.682989, 35.723597 ], [ 139.682959, 35.723591 ], [ 139.682955, 35.723599 ], [ 139.682854, 35.7238 ], [ 139.68273, 35.723758 ], [ 139.682655, 35.72386 ], [ 139.682571, 35.724025 ], [ 139.682503, 35.724006 ], [ 139.682213, 35.723922 ], [ 139.6822, 35.723958 ], [ 139.681972, 35.724494 ], [ 139.682268, 35.724554 ], [ 139.682197, 35.724707 ], [ 139.682145, 35.72472 ], [ 139.682051, 35.724757 ], [ 139.68197, 35.724842 ], [ 139.681912, 35.725003 ], [ 139.681868, 35.725204 ], [ 139.681867, 35.725223 ], [ 139.681894, 35.725233 ], [ 139.681969, 35.72526 ], [ 139.682326, 35.725568 ], [ 139.682727, 35.725935 ], [ 139.683002, 35.726186 ], [ 139.683013, 35.726196 ], [ 139.683204, 35.726372 ], [ 139.683208, 35.726375 ], [ 139.683644, 35.726787 ], [ 139.683485, 35.726919 ], [ 139.683722, 35.727146 ], [ 139.68392, 35.727343 ], [ 139.683923, 35.727347 ], [ 139.68411, 35.72759 ], [ 139.684307, 35.727881 ], [ 139.684314, 35.727892 ], [ 139.684501, 35.72815 ], [ 139.684664, 35.728376 ], [ 139.684772, 35.728523 ], [ 139.684776, 35.728529 ], [ 139.684938, 35.72876 ], [ 139.684944, 35.728768 ], [ 139.685307, 35.728576 ], [ 139.685742, 35.728391 ], [ 139.685768, 35.728382 ], [ 139.686243, 35.728208 ], [ 139.686361, 35.728178 ], [ 139.686368, 35.728176 ], [ 139.687217, 35.727984 ], [ 139.687074, 35.727729 ], [ 139.686865, 35.727346 ], [ 139.686707, 35.727046 ], [ 139.68651, 35.726683 ], [ 139.686431, 35.726513 ], [ 139.686226, 35.726148 ], [ 139.686095, 35.725896 ], [ 139.685866, 35.725486 ], [ 139.68572, 35.725219 ], [ 139.685909, 35.725094 ], [ 139.685857, 35.724932 ], [ 139.68586, 35.724867 ], [ 139.685909, 35.724259 ], [ 139.685937, 35.723903 ] ] ] } },
{ "type": "Feature", "properties": { "key": "豊島区|南長崎5丁目", "ward": "豊島区", "town": "南長崎５丁目" }, "geometry": { "type": "Polygon", "coordinates": [ [ [ 139.684552, 35.72893 ], [ 139.684592, 35.728952 ], [ 139.684944, 35.728768 ], [ 139.684938, 35.72876 ], [ 139.684776, 35.728529 ], [ 139.684772, 35.728523 ], [ 139.684664, 35.728376 ], [ 139.684501, 35.72815 ], [ 139.684314, 35.727892 ], [ 139.684307, 35.727881 ], [ 139.68411, 35.72759 ], [ 139.683923, 35.727347 ], [ 139.68392, 35.727343 ], [ 139.683722, 35.727146 ], [ 139.683485, 35.726919 ], [ 139.683644, 35.726787 ], [ 139.683208, 35.726375 ], [ 139.683204, 35.726372 ], [ 139.683013, 35.726196 ], [ 139.683002, 35.726186 ], [ 139.682727, 35.725935 ], [ 139.682326, 35.725568 ], [ 139.681969, 35.72526 ], [ 139.681894, 35.725233 ], [ 139.681882, 35.725282 ], [ 139.68188, 35.725288 ], [ 139.681862, 35.725316 ], [ 139.681834, 35.725364 ], [ 139.68183, 35.725372 ], [ 139.681786, 35.725827 ], [ 139.681785, 35.725836 ], [ 139.681745, 35.725983 ], [ 139.681722, 35.726044 ], [ 139.6817, 35.726123 ], [ 139.681689, 35.726153 ], [ 139.681628, 35.726351 ], [ 139.68175, 35.726379 ], [ 139.681704, 35.726435 ], [ 139.681699, 35.72644 ], [ 139.68157, 35.726422 ], [ 139.681521, 35.72642 ], [ 139.681521, 35.726424 ], [ 139.681518, 35.726448 ], [ 139.681496, 35.726543 ], [ 139.681475, 35.726652 ], [ 139.681612, 35.72667 ], [ 139.681544, 35.726788 ], [ 139.681476, 35.726892 ], [ 139.681435, 35.72695 ], [ 139.681418, 35.727124 ], [ 139.681412, 35.727162 ], [ 139.681402, 35.727195 ], [ 139.681383, 35.727252 ], [ 139.681376, 35.727271 ], [ 139.681343, 35.72734 ], [ 139.681324, 35.727361 ], [ 139.681279, 35.727411 ], [ 139.681162, 35.7275 ], [ 139.68106, 35.727569 ], [ 139.680851, 35.727708 ], [ 139.680732, 35.727787 ], [ 139.680631, 35.727825 ], [ 139.680618, 35.727759 ], [ 139.680588, 35.727605 ], [ 139.680565, 35.727617 ], [ 139.680098, 35.727864 ], [ 139.680065, 35.727883 ], [ 139.680431, 35.72825 ], [ 139.680543, 35.728358 ], [ 139.680731, 35.728508 ], [ 139.680792, 35.728557 ], [ 139.680857, 35.728612 ], [ 139.681052, 35.728779 ], [ 139.680856, 35.728948 ], [ 139.680626, 35.729145 ], [ 139.680855, 35.72939 ], [ 139.680908, 35.729447 ], [ 139.680972, 35.729518 ], [ 139.68131, 35.729877 ], [ 139.681823, 35.730426 ], [ 139.682156, 35.730772 ], [ 139.682633, 35.730336 ], [ 139.682994, 35.730042 ], [ 139.683247, 35.729863 ], [ 139.683261, 35.729854 ], [ 139.683474, 35.729718 ], [ 139.683821, 35.729493 ], [ 139.684213, 35.729193 ], [ 139.684552, 35.72893 ] ] ] } },
{ "type": "Feature", "properties": { "key": "豊島区|南長崎6丁目", "ward": "豊島区", "town": "南長崎６丁目" }, "geometry": { "type": "Polygon", "coordinates": [ [ [ 139.680065, 35.727883 ], [ 139.679878, 35.727987 ], [ 139.679706, 35.728065 ], [ 139.679447, 35.728192 ], [ 139.679308, 35.72834 ], [ 139.679261, 35.728416 ], [ 139.679339, 35.728512 ], [ 139.678463, 35.729011 ], [ 139.678307, 35.729108 ], [ 139.677939, 35.729326 ], [ 139.677593, 35.729522 ], [ 139.677528, 35.729558 ], [ 139.677825, 35.730186 ], [ 139.678052, 35.730661 ], [ 139.678291, 35.730929 ], [ 139.678366, 35.731024 ], [ 139.67809, 35.731304 ], [ 139.677858, 35.731537 ], [ 139.677785, 35.73161 ], [ 139.67764, 35.731759 ], [ 139.677899, 35.731918 ], [ 139.678171, 35.732065 ], [ 139.678192, 35.732076 ], [ 139.679086, 35.732579 ], [ 139.679092, 35.732583 ], [ 139.679123, 35.732599 ], [ 139.679142, 35.732776 ], [ 139.679126, 35.732889 ], [ 139.679122, 35.732898 ], [ 139.679084, 35.733231 ], [ 139.679115, 35.733274 ], [ 139.67918, 35.733316 ], [ 139.679239, 35.73328 ], [ 139.679714, 35.7329 ], [ 139.679924, 35.732737 ], [ 139.679867, 35.732658 ], [ 139.680172, 35.732405 ], [ 139.680201, 35.732381 ], [ 139.680776, 35.731919 ], [ 139.680782, 35.731915 ], [ 139.68085, 35.731865 ], [ 139.681574, 35.731267 ], [ 139.681584, 35.731259 ], [ 139.681707, 35.731154 ], [ 139.682156, 35.730772 ], [ 139.681823, 35.730426 ], [ 139.68131, 35.729877 ], [ 139.680972, 35.729518 ], [ 139.680908, 35.729447 ], [ 139.680855, 35.72939 ], [ 139.680626, 35.729145 ], [ 139.680856, 35.728948 ], [ 139.681052, 35.728779 ], [ 139.680857, 35.728612 ], [ 139.680792, 35.728557 ], [ 139.680731, 35.728508 ], [ 139.680543, 35.728358 ], [ 139.680431, 35.72825 ], [ 139.680065, 35.727883 ] ] ] } },
{ "type": "Feature", "properties": { "key": "豊島区|長崎1丁目", "ward": "豊島区", "town": "長崎１丁目" }, "geometry": { "type": "Polygon", "coordinates": [ [ [ 139.695614, 35.726265 ], [ 139.695511, 35.726286 ], [ 139.694508, 35.726489 ], [ 139.693572, 35.726679 ], [ 139.693612, 35.726849 ], [ 139.693616, 35.726921 ], [ 139.693605, 35.727199 ], [ 139.693559, 35.72763 ], [ 139.693511, 35.728034 ], [ 139.693465, 35.728464 ], [ 139.693452, 35.728558 ], [ 139.693418, 35.728878 ], [ 139.693389, 35.729161 ], [ 139.693359, 35.729414 ], [ 139.693293, 35.729986 ], [ 139.693233, 35.730473 ], [ 139.693217, 35.730611 ], [ 139.693202, 35.730744 ], [ 139.693573, 35.730717 ], [ 139.693599, 35.730716 ], [ 139.69403, 35.730686 ], [ 139.694062, 35.730684 ], [ 139.694918, 35.730628 ], [ 139.694948, 35.730626 ], [ 139.69494, 35.730462 ], [ 139.694954, 35.730448 ], [ 139.695176, 35.730218 ], [ 139.695563, 35.729837 ], [ 139.695578, 35.729829 ], [ 139.695599, 35.729819 ], [ 139.695871, 35.729805 ], [ 139.696354, 35.72978 ], [ 139.696558, 35.729768 ], [ 139.69722, 35.729729 ], [ 139.697713, 35.729689 ], [ 139.697604, 35.729459 ], [ 139.697307, 35.72887 ], [ 139.697305, 35.728866 ], [ 139.697025, 35.728401 ], [ 139.696802, 35.72805 ], [ 139.696792, 35.728047 ], [ 139.696318, 35.72732 ], [ 139.696026, 35.726881 ], [ 139.695614, 35.726265 ] ] ] } },
{ "type": "Feature", "properties": { "key": "豊島区|長崎2丁目", "ward": "豊島区", "town": "長崎２丁目" }, "geometry": { "type": "Polygon", "coordinates": [ [ [ 139.693572, 35.726679 ], [ 139.693558, 35.726681 ], [ 139.692806, 35.726846 ], [ 139.692797, 35.726848 ], [ 139.692089, 35.726987 ], [ 139.692074, 35.72699 ], [ 139.691412, 35.72713 ], [ 139.690557, 35.727312 ], [ 139.690549, 35.727314 ], [ 139.69006, 35.727424 ], [ 139.690054, 35.727425 ], [ 139.690046, 35.727427 ], [ 139.689601, 35.727513 ], [ 139.689583, 35.727523 ], [ 139.689655, 35.727996 ], [ 139.689668, 35.72801 ], [ 139.689714, 35.728439 ], [ 139.689822, 35.729213 ], [ 139.689824, 35.729223 ], [ 139.689883, 35.729694 ], [ 139.689975, 35.730346 ], [ 139.689978, 35.730349 ], [ 139.690039, 35.730825 ], [ 139.69004, 35.730829 ], [ 139.690093, 35.731229 ], [ 139.69027, 35.731239 ], [ 139.690554, 35.731244 ], [ 139.690616, 35.731244 ], [ 139.691169, 35.731252 ], [ 139.69188, 35.731104 ], [ 139.691892, 35.731101 ], [ 139.692297, 35.730988 ], [ 139.692545, 35.730919 ], [ 139.692713, 35.730872 ], [ 139.693155, 35.730747 ], [ 139.693184, 35.730745 ], [ 139.693202, 35.730744 ], [ 139.693217, 35.730611 ], [ 139.693233, 35.730473 ], [ 139.693293, 35.729986 ], [ 139.693359, 35.729414 ], [ 139.693389, 35.729161 ], [ 139.693418, 35.728878 ], [ 139.693452, 35.728558 ], [ 139.693465, 35.728464 ], [ 139.693511, 35.728034 ], [ 139.693559, 35.72763 ], [ 139.693605, 35.727199 ], [ 139.693616, 35.726921 ], [ 139.693612, 35.726849 ], [ 139.693572, 35.726679 ] ] ] } },
{ "type": "Feature", "properties": { "key": "豊島区|長崎3丁目", "ward": "豊島区", "town": "長崎３丁目" }, "geometry": { "type": "Polygon", "coordinates": [ [ [ 139.689082, 35.73209 ], [ 139.690009, 35.732117 ], [ 139.690017, 35.732092 ], [ 139.690185, 35.731572 ], [ 139.690233, 35.731446 ], [ 139.69027, 35.731239 ], [ 139.690093, 35.731229 ], [ 139.69004, 35.730829 ], [ 139.690039, 35.730825 ], [ 139.689978, 35.730349 ], [ 139.689975, 35.730346 ], [ 139.689883, 35.729694 ], [ 139.689824, 35.729223 ], [ 139.689822, 35.729213 ], [ 139.689714, 35.728439 ], [ 139.689668, 35.72801 ], [ 139.689655, 35.727996 ], [ 139.689583, 35.727523 ], [ 139.689065, 35.72762 ], [ 139.688804, 35.727669 ], [ 139.688248, 35.727773 ], [ 139.688219, 35.727779 ], [ 139.687217, 35.727984 ], [ 139.686368, 35.728176 ], [ 139.686361, 35.728178 ], [ 139.686512, 35.728532 ], [ 139.686584, 35.728682 ], [ 139.686597, 35.728706 ], [ 139.686822, 35.729217 ], [ 139.687042, 35.729706 ], [ 139.68727, 35.730217 ], [ 139.687282, 35.730252 ], [ 139.687503, 35.730756 ], [ 139.68759, 35.730897 ], [ 139.687725, 35.73126 ], [ 139.687705, 35.731286 ], [ 139.687674, 35.731333 ], [ 139.687699, 35.731548 ], [ 139.687737, 35.731879 ], [ 139.687751, 35.732036 ], [ 139.68778, 35.732352 ], [ 139.688581, 35.732209 ], [ 139.688595, 35.732206 ], [ 139.689076, 35.732091 ], [ 139.689082, 35.73209 ] ] ] } },
{ "type": "Feature", "properties": { "key": "豊島区|長崎4丁目", "ward": "豊島区", "town": "長崎４丁目" }, "geometry": { "type": "Polygon", "coordinates": [ [ [ 139.685458, 35.732619 ], [ 139.685801, 35.732644 ], [ 139.685829, 35.732646 ], [ 139.68609, 35.732672 ], [ 139.68616, 35.732662 ], [ 139.686315, 35.73264 ], [ 139.686657, 35.732593 ], [ 139.686692, 35.732576 ], [ 139.686743, 35.732541 ], [ 139.687247, 35.732453 ], [ 139.687336, 35.732436 ], [ 139.687723, 35.732363 ], [ 139.68778, 35.732352 ], [ 139.687751, 35.732036 ], [ 139.687737, 35.731879 ], [ 139.687699, 35.731548 ], [ 139.687674, 35.731333 ], [ 139.687705, 35.731286 ], [ 139.687725, 35.73126 ], [ 139.68759, 35.730897 ], [ 139.687503, 35.730756 ], [ 139.687282, 35.730252 ], [ 139.68727, 35.730217 ], [ 139.687042, 35.729706 ], [ 139.686822, 35.729217 ], [ 139.686597, 35.728706 ], [ 139.686584, 35.728682 ], [ 139.686512, 35.728532 ], [ 139.686361, 35.728178 ], [ 139.686243, 35.728208 ], [ 139.685768, 35.728382 ], [ 139.685742, 35.728391 ], [ 139.685307, 35.728576 ], [ 139.684944, 35.728768 ], [ 139.684592, 35.728952 ], [ 139.684552, 35.72893 ], [ 139.684213, 35.729193 ], [ 139.683821, 35.729493 ], [ 139.683474, 35.729718 ], [ 139.683261, 35.729854 ], [ 139.683444, 35.730118 ], [ 139.683715, 35.730409 ], [ 139.683706, 35.730413 ], [ 139.68334, 35.730536 ], [ 139.68332, 35.730607 ], [ 139.683429, 35.731251 ], [ 139.683465, 35.731558 ], [ 139.683495, 35.731813 ], [ 139.68352, 35.732029 ], [ 139.683573, 35.732358 ], [ 139.683589, 35.732454 ], [ 139.683598, 35.732512 ], [ 139.683689, 35.732925 ], [ 139.684332, 35.732814 ], [ 139.684431, 35.732796 ], [ 139.684601, 35.732767 ], [ 139.685117, 35.732677 ], [ 139.685165, 35.732669 ], [ 139.685458, 35.732619 ] ] ] } },
{ "type": "Feature", "properties": { "key": "豊島区|長崎5丁目", "ward": "豊島区", "town": "長崎５丁目" }, "geometry": { "type": "Polygon", "coordinates": [ [ [ 139.684756, 35.735608 ], [ 139.684796, 35.735485 ], [ 139.684936, 35.734902 ], [ 139.685012, 35.73459 ], [ 139.685013, 35.734579 ], [ 139.685103, 35.734298 ], [ 139.685091, 35.734293 ], [ 139.68477, 35.734174 ], [ 139.684599, 35.733556 ], [ 139.684613, 35.733529 ], [ 139.684622, 35.733511 ], [ 139.684332, 35.732814 ], [ 139.683689, 35.732925 ], [ 139.683598, 35.732512 ], [ 139.683589, 35.732454 ], [ 139.683573, 35.732358 ], [ 139.68352, 35.732029 ], [ 139.683495, 35.731813 ], [ 139.683465, 35.731558 ], [ 139.683429, 35.731251 ], [ 139.68332, 35.730607 ], [ 139.68334, 35.730536 ], [ 139.683706, 35.730413 ], [ 139.683715, 35.730409 ], [ 139.683444, 35.730118 ], [ 139.683261, 35.729854 ], [ 139.683247, 35.729863 ], [ 139.682994, 35.730042 ], [ 139.682633, 35.730336 ], [ 139.682156, 35.730772 ], [ 139.681707, 35.731154 ], [ 139.681584, 35.731259 ], [ 139.681574, 35.731267 ], [ 139.68085, 35.731865 ], [ 139.680782, 35.731915 ], [ 139.680776, 35.731919 ], [ 139.680201, 35.732381 ], [ 139.680172, 35.732405 ], [ 139.679867, 35.732658 ], [ 139.679924, 35.732737 ], [ 139.680154, 35.732992 ], [ 139.680232, 35.733064 ], [ 139.680466, 35.733285 ], [ 139.680608, 35.733403 ], [ 139.680762, 35.733528 ], [ 139.680847, 35.733594 ], [ 139.680922, 35.733653 ], [ 139.681202, 35.733887 ], [ 139.681564, 35.734186 ], [ 139.681588, 35.734206 ], [ 139.681738, 35.734322 ], [ 139.6819, 35.734461 ], [ 139.682074, 35.73461 ], [ 139.682353, 35.734839 ], [ 139.682468, 35.734925 ], [ 139.682613, 35.735045 ], [ 139.682639, 35.735064 ], [ 139.682929, 35.735302 ], [ 139.68323, 35.735546 ], [ 139.683455, 35.735733 ], [ 139.683718, 35.735956 ], [ 139.683739, 35.735937 ], [ 139.683925, 35.736048 ], [ 139.684134, 35.736158 ], [ 139.68434, 35.736254 ], [ 139.684472, 35.736315 ], [ 139.68448, 35.736301 ], [ 139.684756, 35.735608 ] ] ] } },
{ "type": "Feature", "properties": { "key": "豊島区|長崎6丁目", "ward": "豊島区", "town": "長崎６丁目" }, "geometry": { "type": "Polygon", "coordinates": [ [ [ 139.680829, 35.737647 ], [ 139.681129, 35.737702 ], [ 139.681117, 35.737745 ], [ 139.681584, 35.737464 ], [ 139.68165, 35.737428 ], [ 139.682177, 35.737335 ], [ 139.682185, 35.737326 ], [ 139.682341, 35.737156 ], [ 139.682566, 35.737011 ], [ 139.682577, 35.736994 ], [ 139.682571, 35.736985 ], [ 139.682618, 35.736934 ], [ 139.682948, 35.736644 ], [ 139.683279, 35.736352 ], [ 139.683297, 35.736336 ], [ 139.683718, 35.735956 ], [ 139.683455, 35.735733 ], [ 139.68323, 35.735546 ], [ 139.682929, 35.735302 ], [ 139.682639, 35.735064 ], [ 139.682613, 35.735045 ], [ 139.682468, 35.734925 ], [ 139.682353, 35.734839 ], [ 139.682074, 35.73461 ], [ 139.6819, 35.734461 ], [ 139.681738, 35.734322 ], [ 139.681588, 35.734206 ], [ 139.681564, 35.734186 ], [ 139.681202, 35.733887 ], [ 139.680922, 35.733653 ], [ 139.680847, 35.733594 ], [ 139.680762, 35.733528 ], [ 139.680608, 35.733403 ], [ 139.680466, 35.733285 ], [ 139.680232, 35.733064 ], [ 139.680154, 35.732992 ], [ 139.679924, 35.732737 ], [ 139.679714, 35.7329 ], [ 139.679239, 35.73328 ], [ 139.67918, 35.733316 ], [ 139.679221, 35.733343 ], [ 139.679105, 35.733628 ], [ 139.678959, 35.733808 ], [ 139.678905, 35.733948 ], [ 139.6789, 35.733956 ], [ 139.67886, 35.733995 ], [ 139.67861, 35.73415 ], [ 139.678563, 35.734199 ], [ 139.67856, 35.734205 ], [ 139.678505, 35.734389 ], [ 139.678503, 35.734444 ], [ 139.678579, 35.734572 ], [ 139.678663, 35.734681 ], [ 139.678671, 35.734686 ], [ 139.678949, 35.734868 ], [ 139.67901, 35.734898 ], [ 139.679054, 35.734981 ], [ 139.679063, 35.735077 ], [ 139.679034, 35.735252 ], [ 139.678984, 35.735317 ], [ 139.679003, 35.735486 ], [ 139.679071, 35.735568 ], [ 139.679079, 35.735573 ], [ 139.679247, 35.735662 ], [ 139.679397, 35.735728 ], [ 139.67953, 35.735777 ], [ 139.679536, 35.735888 ], [ 139.679587, 35.735911 ], [ 139.679983, 35.736261 ], [ 139.680176, 35.736472 ], [ 139.680187, 35.736485 ], [ 139.680254, 35.736531 ], [ 139.680375, 35.736698 ], [ 139.680408, 35.736732 ], [ 139.680432, 35.73675 ], [ 139.68033, 35.736842 ], [ 139.68035, 35.736883 ], [ 139.680411, 35.736943 ], [ 139.680414, 35.737091 ], [ 139.680551, 35.737304 ], [ 139.680602, 35.737471 ], [ 139.680613, 35.737528 ], [ 139.680655, 35.737579 ], [ 139.680659, 35.737583 ], [ 139.680664, 35.737621 ], [ 139.680667, 35.73775 ], [ 139.680667, 35.737765 ], [ 139.680747, 35.737768 ], [ 139.68078, 35.737767 ], [ 139.680829, 35.737647 ] ] ] } },
{ "type": "Feature", "properties": { "key": "豊島区|池袋1丁目", "ward": "豊島区", "town": "池袋１丁目" }, "geometry": { "type": "Polygon", "coordinates": [ [ [ 139.713022, 35.733386 ], [ 139.713013, 35.733371 ], [ 139.712592, 35.733404 ], [ 139.712333, 35.733361 ], [ 139.711741, 35.733302 ], [ 139.711632, 35.733921 ], [ 139.711617, 35.734043 ], [ 139.711483, 35.734588 ], [ 139.711465, 35.73485 ], [ 139.711429, 35.735377 ], [ 139.711422, 35.73547 ], [ 139.711407, 35.735699 ], [ 139.71139, 35.735943 ], [ 139.711377, 35.73616 ], [ 139.711356, 35.7365 ], [ 139.711347, 35.736822 ], [ 139.711341, 35.737023 ], [ 139.711334, 35.737039 ], [ 139.711327, 35.737056 ], [ 139.711292, 35.7375 ], [ 139.711285, 35.737552 ], [ 139.711261, 35.737846 ], [ 139.71125, 35.737963 ], [ 139.711249, 35.73797 ], [ 139.711229, 35.738184 ], [ 139.71118, 35.738778 ], [ 139.711671, 35.738533 ], [ 139.712994, 35.737876 ], [ 139.713209, 35.737767 ], [ 139.713583, 35.737578 ], [ 139.713588, 35.737574 ], [ 139.713945, 35.737389 ], [ 139.714159, 35.737252 ], [ 139.714225, 35.737202 ], [ 139.714346, 35.7371 ], [ 139.714444, 35.736973 ], [ 139.714582, 35.736768 ], [ 139.714657, 35.736639 ], [ 139.714551, 35.736421 ], [ 139.713964, 35.735213 ], [ 139.713808, 35.734895 ], [ 139.71376, 35.734798 ], [ 139.713727, 35.734731 ], [ 139.713671, 35.734619 ], [ 139.713022, 35.733386 ] ] ] } },
{ "type": "Feature", "properties": { "key": "豊島区|池袋2丁目", "ward": "豊島区", "town": "池袋２丁目" }, "geometry": { "type": "Polygon", "coordinates": [ [ [ 139.711377, 35.73616 ], [ 139.71139, 35.735943 ], [ 139.711407, 35.735699 ], [ 139.711422, 35.73547 ], [ 139.711429, 35.735377 ], [ 139.711465, 35.73485 ], [ 139.711483, 35.734588 ], [ 139.711617, 35.734043 ], [ 139.711632, 35.733921 ], [ 139.711741, 35.733302 ], [ 139.71125, 35.733253 ], [ 139.711234, 35.733251 ], [ 139.710809, 35.733209 ], [ 139.710776, 35.733204 ], [ 139.710546, 35.733173 ], [ 139.710539, 35.733172 ], [ 139.710527, 35.73317 ], [ 139.710433, 35.733158 ], [ 139.710339, 35.733146 ], [ 139.710333, 35.733146 ], [ 139.710321, 35.733144 ], [ 139.710051, 35.733112 ], [ 139.709972, 35.733105 ], [ 139.709812, 35.733092 ], [ 139.709558, 35.73306 ], [ 139.709192, 35.733021 ], [ 139.709144, 35.732936 ], [ 139.708984, 35.732652 ], [ 139.708942, 35.73258 ], [ 139.708831, 35.732352 ], [ 139.708733, 35.732141 ], [ 139.708661, 35.731983 ], [ 139.708651, 35.731966 ], [ 139.708608, 35.731886 ], [ 139.708125, 35.731789 ], [ 139.707835, 35.731732 ], [ 139.707769, 35.731718 ], [ 139.707506, 35.731777 ], [ 139.707238, 35.731837 ], [ 139.706996, 35.73189 ], [ 139.706371, 35.732027 ], [ 139.706145, 35.732079 ], [ 139.70609, 35.732035 ], [ 139.705727, 35.732199 ], [ 139.705675, 35.732222 ], [ 139.705338, 35.732371 ], [ 139.705264, 35.732404 ], [ 139.705201, 35.732432 ], [ 139.704749, 35.732634 ], [ 139.704729, 35.732643 ], [ 139.70466, 35.732658 ], [ 139.704065, 35.73288 ], [ 139.703919, 35.732909 ], [ 139.703796, 35.732934 ], [ 139.70336, 35.732965 ], [ 139.703317, 35.732964 ], [ 139.702957, 35.732957 ], [ 139.702784, 35.732958 ], [ 139.702932, 35.733531 ], [ 139.702971, 35.733757 ], [ 139.703041, 35.73406 ], [ 139.703378, 35.734361 ], [ 139.703729, 35.734671 ], [ 139.703731, 35.734688 ], [ 139.703889, 35.734553 ], [ 139.703922, 35.734516 ], [ 139.704251, 35.73425 ], [ 139.704436, 35.734106 ], [ 139.704673, 35.733923 ], [ 139.704858, 35.734001 ], [ 139.705014, 35.73404 ], [ 139.705385, 35.734172 ], [ 139.705935, 35.734368 ], [ 139.705945, 35.734371 ], [ 139.706386, 35.734512 ], [ 139.706652, 35.734597 ], [ 139.70682, 35.734634 ], [ 139.707207, 35.734718 ], [ 139.707343, 35.73473 ], [ 139.707829, 35.734788 ], [ 139.707897, 35.734884 ], [ 139.708051, 35.735113 ], [ 139.708142, 35.735232 ], [ 139.708248, 35.735425 ], [ 139.708416, 35.735756 ], [ 139.708473, 35.735859 ], [ 139.708583, 35.73606 ], [ 139.708746, 35.736357 ], [ 139.708771, 35.736404 ], [ 139.709005, 35.736389 ], [ 139.709017, 35.736387 ], [ 139.709189, 35.736358 ], [ 139.709674, 35.73631 ], [ 139.709716, 35.736527 ], [ 139.709735, 35.736624 ], [ 139.709797, 35.736914 ], [ 139.709847, 35.737142 ], [ 139.709866, 35.737231 ], [ 139.710363, 35.737144 ], [ 139.710771, 35.737114 ], [ 139.711327, 35.737056 ], [ 139.711334, 35.737039 ], [ 139.711341, 35.737023 ], [ 139.711347, 35.736822 ], [ 139.711356, 35.7365 ], [ 139.711377, 35.73616 ] ] ] } },
{ "type": "Feature", "properties": { "key": "豊島区|池袋3丁目", "ward": "豊島区", "town": "池袋３丁目" }, "geometry": { "type": "Polygon", "coordinates": [ [ [ 139.708416, 35.735756 ], [ 139.708248, 35.735425 ], [ 139.708142, 35.735232 ], [ 139.708051, 35.735113 ], [ 139.707897, 35.734884 ], [ 139.707829, 35.734788 ], [ 139.707343, 35.73473 ], [ 139.707207, 35.734718 ], [ 139.70682, 35.734634 ], [ 139.706652, 35.734597 ], [ 139.706386, 35.734512 ], [ 139.705945, 35.734371 ], [ 139.705935, 35.734368 ], [ 139.705385, 35.734172 ], [ 139.705014, 35.73404 ], [ 139.704858, 35.734001 ], [ 139.704673, 35.733923 ], [ 139.704436, 35.734106 ], [ 139.704251, 35.73425 ], [ 139.703922, 35.734516 ], [ 139.703889, 35.734553 ], [ 139.703731, 35.734688 ], [ 139.703729, 35.734671 ], [ 139.703378, 35.734361 ], [ 139.703041, 35.73406 ], [ 139.702971, 35.733757 ], [ 139.702932, 35.733531 ], [ 139.702784, 35.732958 ], [ 139.702533, 35.732953 ], [ 139.701698, 35.732934 ], [ 139.701276, 35.732925 ], [ 139.701085, 35.732928 ], [ 139.700764, 35.732939 ], [ 139.700366, 35.733009 ], [ 139.700325, 35.733017 ], [ 139.699476, 35.733186 ], [ 139.699369, 35.733211 ], [ 139.699592, 35.733649 ], [ 139.699882, 35.734205 ], [ 139.700014, 35.734234 ], [ 139.700094, 35.734617 ], [ 139.7001, 35.73463 ], [ 139.700215, 35.734616 ], [ 139.70048, 35.735126 ], [ 139.700719, 35.735345 ], [ 139.700736, 35.735361 ], [ 139.700833, 35.735457 ], [ 139.700854, 35.735478 ], [ 139.701261, 35.735843 ], [ 139.701577, 35.736141 ], [ 139.701878, 35.736425 ], [ 139.701901, 35.736336 ], [ 139.701963, 35.736123 ], [ 139.702197, 35.736071 ], [ 139.702615, 35.735979 ], [ 139.703063, 35.735881 ], [ 139.703554, 35.735773 ], [ 139.703706, 35.736387 ], [ 139.703721, 35.736447 ], [ 139.703727, 35.736472 ], [ 139.703837, 35.736894 ], [ 139.703855, 35.736965 ], [ 139.703958, 35.737466 ], [ 139.704024, 35.737539 ], [ 139.704041, 35.737557 ], [ 139.704356, 35.737899 ], [ 139.704569, 35.738136 ], [ 139.704581, 35.738149 ], [ 139.704829, 35.738427 ], [ 139.705082, 35.738709 ], [ 139.705372, 35.739 ], [ 139.705642, 35.739262 ], [ 139.705881, 35.739098 ], [ 139.705895, 35.739088 ], [ 139.706644, 35.738556 ], [ 139.706659, 35.738545 ], [ 139.706923, 35.738358 ], [ 139.70712, 35.73822 ], [ 139.707385, 35.738035 ], [ 139.707403, 35.738021 ], [ 139.707715, 35.737792 ], [ 139.70786, 35.737693 ], [ 139.707883, 35.737676 ], [ 139.707921, 35.737646 ], [ 139.708065, 35.737433 ], [ 139.708129, 35.737306 ], [ 139.708218, 35.737173 ], [ 139.708351, 35.736975 ], [ 139.708552, 35.736671 ], [ 139.708746, 35.736357 ], [ 139.708583, 35.73606 ], [ 139.708473, 35.735859 ], [ 139.708416, 35.735756 ] ] ] } },
{ "type": "Feature", "properties": { "key": "豊島区|池袋4丁目", "ward": "豊島区", "town": "池袋４丁目" }, "geometry": { "type": "Polygon", "coordinates": [ [ [ 139.711327, 35.737056 ], [ 139.710771, 35.737114 ], [ 139.710363, 35.737144 ], [ 139.709866, 35.737231 ], [ 139.709847, 35.737142 ], [ 139.709797, 35.736914 ], [ 139.709735, 35.736624 ], [ 139.709716, 35.736527 ], [ 139.709674, 35.73631 ], [ 139.709189, 35.736358 ], [ 139.709017, 35.736387 ], [ 139.709005, 35.736389 ], [ 139.708771, 35.736404 ], [ 139.708746, 35.736357 ], [ 139.708552, 35.736671 ], [ 139.708351, 35.736975 ], [ 139.708218, 35.737173 ], [ 139.708129, 35.737306 ], [ 139.708065, 35.737433 ], [ 139.707921, 35.737646 ], [ 139.707883, 35.737676 ], [ 139.70786, 35.737693 ], [ 139.707715, 35.737792 ], [ 139.707403, 35.738021 ], [ 139.707385, 35.738035 ], [ 139.70712, 35.73822 ], [ 139.706923, 35.738358 ], [ 139.706659, 35.738545 ], [ 139.706644, 35.738556 ], [ 139.705895, 35.739088 ], [ 139.705881, 35.739098 ], [ 139.705642, 35.739262 ], [ 139.705974, 35.739595 ], [ 139.706308, 35.739929 ], [ 139.706319, 35.739939 ], [ 139.706338, 35.739959 ], [ 139.706654, 35.740283 ], [ 139.706661, 35.740289 ], [ 139.706669, 35.740298 ], [ 139.706818, 35.740446 ], [ 139.706996, 35.740623 ], [ 139.707019, 35.740647 ], [ 139.707193, 35.740826 ], [ 139.707368, 35.741007 ], [ 139.708029, 35.740524 ], [ 139.70843, 35.740225 ], [ 139.708446, 35.740216 ], [ 139.708934, 35.739954 ], [ 139.709353, 35.739731 ], [ 139.709511, 35.739646 ], [ 139.709865, 35.739452 ], [ 139.71018, 35.739292 ], [ 139.710744, 35.739007 ], [ 139.71109, 35.738825 ], [ 139.71118, 35.738778 ], [ 139.711229, 35.738184 ], [ 139.711249, 35.73797 ], [ 139.71125, 35.737963 ], [ 139.711261, 35.737846 ], [ 139.711285, 35.737552 ], [ 139.711292, 35.7375 ], [ 139.711327, 35.737056 ] ] ] } },
{ "type": "Feature", "properties": { "key": "豊島区|千早1丁目", "ward": "豊島区", "town": "千早１丁目" }, "geometry": { "type": "Polygon", "coordinates": [ [ [ 139.698212, 35.732679 ], [ 139.699152, 35.732785 ], [ 139.698994, 35.732431 ], [ 139.69894, 35.732317 ], [ 139.698737, 35.731882 ], [ 139.698733, 35.731873 ], [ 139.698585, 35.731538 ], [ 139.698542, 35.731442 ], [ 139.698462, 35.731262 ], [ 139.69837, 35.731054 ], [ 139.698336, 35.730986 ], [ 139.698183, 35.730672 ], [ 139.698175, 35.730636 ], [ 139.698023, 35.730331 ], [ 139.69795, 35.730184 ], [ 139.697713, 35.729689 ], [ 139.69722, 35.729729 ], [ 139.696558, 35.729768 ], [ 139.696354, 35.72978 ], [ 139.695871, 35.729805 ], [ 139.695599, 35.729819 ], [ 139.695578, 35.729829 ], [ 139.695563, 35.729837 ], [ 139.695176, 35.730218 ], [ 139.694954, 35.730448 ], [ 139.69494, 35.730462 ], [ 139.694948, 35.730626 ], [ 139.694918, 35.730628 ], [ 139.694062, 35.730684 ], [ 139.69403, 35.730686 ], [ 139.693599, 35.730716 ], [ 139.693573, 35.730717 ], [ 139.693202, 35.730744 ], [ 139.693184, 35.730745 ], [ 139.693155, 35.730994 ], [ 139.693097, 35.731485 ], [ 139.693091, 35.731515 ], [ 139.693042, 35.731963 ], [ 139.69297, 35.732458 ], [ 139.692918, 35.73296 ], [ 139.693545, 35.733011 ], [ 139.693582, 35.733017 ], [ 139.694372, 35.733143 ], [ 139.694456, 35.733156 ], [ 139.694626, 35.733174 ], [ 139.694985, 35.733134 ], [ 139.69501, 35.733128 ], [ 139.695178, 35.733091 ], [ 139.695339, 35.733055 ], [ 139.695615, 35.732984 ], [ 139.696041, 35.732874 ], [ 139.696065, 35.732869 ], [ 139.696404, 35.732801 ], [ 139.696771, 35.73273 ], [ 139.696997, 35.732688 ], [ 139.697011, 35.732688 ], [ 139.697721, 35.732683 ], [ 139.697843, 35.732682 ], [ 139.698212, 35.732679 ] ] ] } },
{ "type": "Feature", "properties": { "key": "豊島区|千早2丁目", "ward": "豊島区", "town": "千早２丁目" }, "geometry": { "type": "Polygon", "coordinates": [ [ [ 139.691077, 35.736026 ], [ 139.691233, 35.735955 ], [ 139.691241, 35.735945 ], [ 139.691762, 35.735284 ], [ 139.692107, 35.734851 ], [ 139.692129, 35.734848 ], [ 139.692294, 35.73464 ], [ 139.69247, 35.734417 ], [ 139.692459, 35.734407 ], [ 139.692784, 35.733998 ], [ 139.692797, 35.734005 ], [ 139.692852, 35.73391 ], [ 139.692897, 35.733509 ], [ 139.692869, 35.733457 ], [ 139.692918, 35.73296 ], [ 139.69297, 35.732458 ], [ 139.693042, 35.731963 ], [ 139.693091, 35.731515 ], [ 139.693097, 35.731485 ], [ 139.693155, 35.730994 ], [ 139.693184, 35.730745 ], [ 139.693155, 35.730747 ], [ 139.692713, 35.730872 ], [ 139.692545, 35.730919 ], [ 139.692297, 35.730988 ], [ 139.691892, 35.731101 ], [ 139.69188, 35.731104 ], [ 139.691169, 35.731252 ], [ 139.690616, 35.731244 ], [ 139.690554, 35.731244 ], [ 139.69027, 35.731239 ], [ 139.690233, 35.731446 ], [ 139.690185, 35.731572 ], [ 139.690017, 35.732092 ], [ 139.690009, 35.732117 ], [ 139.689082, 35.73209 ], [ 139.689076, 35.732091 ], [ 139.688936, 35.732608 ], [ 139.688934, 35.732616 ], [ 139.688759, 35.733188 ], [ 139.688762, 35.733203 ], [ 139.688522, 35.734048 ], [ 139.688518, 35.734061 ], [ 139.688311, 35.734765 ], [ 139.688309, 35.734772 ], [ 139.688201, 35.735153 ], [ 139.68814, 35.735346 ], [ 139.688143, 35.735357 ], [ 139.687948, 35.736014 ], [ 139.687972, 35.736021 ], [ 139.6886, 35.736129 ], [ 139.688599, 35.736133 ], [ 139.689257, 35.736262 ], [ 139.689865, 35.736384 ], [ 139.689888, 35.736377 ], [ 139.690245, 35.736489 ], [ 139.690557, 35.736582 ], [ 139.690577, 35.736588 ], [ 139.690657, 35.736479 ], [ 139.691077, 35.736026 ] ] ] } },
{ "type": "Feature", "properties": { "key": "豊島区|千早3丁目", "ward": "豊島区", "town": "千早３丁目" }, "geometry": { "type": "Polygon", "coordinates": [ [ [ 139.687435, 35.73592 ], [ 139.687948, 35.736014 ], [ 139.688143, 35.735357 ], [ 139.68814, 35.735346 ], [ 139.688201, 35.735153 ], [ 139.688309, 35.734772 ], [ 139.688311, 35.734765 ], [ 139.688518, 35.734061 ], [ 139.688522, 35.734048 ], [ 139.688762, 35.733203 ], [ 139.688759, 35.733188 ], [ 139.688934, 35.732616 ], [ 139.688936, 35.732608 ], [ 139.689076, 35.732091 ], [ 139.688595, 35.732206 ], [ 139.688581, 35.732209 ], [ 139.68778, 35.732352 ], [ 139.687723, 35.732363 ], [ 139.687336, 35.732436 ], [ 139.687247, 35.732453 ], [ 139.686743, 35.732541 ], [ 139.686692, 35.732576 ], [ 139.686657, 35.732593 ], [ 139.686315, 35.73264 ], [ 139.68616, 35.732662 ], [ 139.68609, 35.732672 ], [ 139.685829, 35.732646 ], [ 139.685801, 35.732644 ], [ 139.685458, 35.732619 ], [ 139.685165, 35.732669 ], [ 139.685117, 35.732677 ], [ 139.684601, 35.732767 ], [ 139.684431, 35.732796 ], [ 139.684332, 35.732814 ], [ 139.684622, 35.733511 ], [ 139.684613, 35.733529 ], [ 139.684599, 35.733556 ], [ 139.68477, 35.734174 ], [ 139.685091, 35.734293 ], [ 139.685103, 35.734298 ], [ 139.685013, 35.734579 ], [ 139.685012, 35.73459 ], [ 139.684936, 35.734902 ], [ 139.684796, 35.735485 ], [ 139.684756, 35.735608 ], [ 139.68448, 35.736301 ], [ 139.684586, 35.736357 ], [ 139.684726, 35.736431 ], [ 139.685063, 35.736633 ], [ 139.685246, 35.736745 ], [ 139.685718, 35.736946 ], [ 139.686296, 35.737121 ], [ 139.686392, 35.737145 ], [ 139.6871, 35.737294 ], [ 139.687192, 35.736981 ], [ 139.687294, 35.73665 ], [ 139.687381, 35.736355 ], [ 139.687316, 35.736343 ], [ 139.687435, 35.73592 ] ] ] } },
{ "type": "Feature", "properties": { "key": "豊島区|千早4丁目", "ward": "豊島区", "town": "千早４丁目" }, "geometry": { "type": "Polygon", "coordinates": [ [ [ 139.68448, 35.736301 ], [ 139.684472, 35.736315 ], [ 139.68434, 35.736254 ], [ 139.684134, 35.736158 ], [ 139.683925, 35.736048 ], [ 139.683739, 35.735937 ], [ 139.683718, 35.735956 ], [ 139.683297, 35.736336 ], [ 139.683279, 35.736352 ], [ 139.682948, 35.736644 ], [ 139.682618, 35.736934 ], [ 139.682571, 35.736985 ], [ 139.682577, 35.736994 ], [ 139.682566, 35.737011 ], [ 139.682341, 35.737156 ], [ 139.682185, 35.737326 ], [ 139.682177, 35.737335 ], [ 139.68165, 35.737428 ], [ 139.681584, 35.737464 ], [ 139.681117, 35.737745 ], [ 139.681091, 35.737837 ], [ 139.680962, 35.738077 ], [ 139.680885, 35.738166 ], [ 139.680838, 35.738192 ], [ 139.680775, 35.738237 ], [ 139.68075, 35.738255 ], [ 139.680709, 35.738283 ], [ 139.680721, 35.738334 ], [ 139.680734, 35.738389 ], [ 139.680838, 35.738512 ], [ 139.681052, 35.738665 ], [ 139.68104, 35.738759 ], [ 139.681067, 35.738764 ], [ 139.681077, 35.738766 ], [ 139.681641, 35.738867 ], [ 139.681895, 35.738913 ], [ 139.682017, 35.738938 ], [ 139.682388, 35.739013 ], [ 139.682481, 35.739032 ], [ 139.682824, 35.739126 ], [ 139.683235, 35.739239 ], [ 139.683891, 35.739431 ], [ 139.684035, 35.739474 ], [ 139.684402, 35.739606 ], [ 139.684414, 35.73961 ], [ 139.684847, 35.739754 ], [ 139.684991, 35.739801 ], [ 139.685339, 35.739904 ], [ 139.685437, 35.739933 ], [ 139.685815, 35.740034 ], [ 139.685995, 35.739695 ], [ 139.686191, 35.739302 ], [ 139.686366, 35.739057 ], [ 139.68644, 35.73899 ], [ 139.686646, 35.738807 ], [ 139.68667, 35.738786 ], [ 139.686844, 35.738627 ], [ 139.686613, 35.738289 ], [ 139.686495, 35.738098 ], [ 139.686464, 35.738048 ], [ 139.686063, 35.737754 ], [ 139.686153, 35.737545 ], [ 139.686296, 35.737121 ], [ 139.685718, 35.736946 ], [ 139.685246, 35.736745 ], [ 139.685063, 35.736633 ], [ 139.684726, 35.736431 ], [ 139.684586, 35.736357 ], [ 139.68448, 35.736301 ] ] ] } },
{ "type": "Feature", "properties": { "key": "豊島区|要町1丁目", "ward": "豊島区", "town": "要町１丁目" }, "geometry": { "type": "Polygon", "coordinates": [ [ [ 139.697031, 35.737031 ], [ 139.697202, 35.737249 ], [ 139.697235, 35.737262 ], [ 139.697657, 35.737092 ], [ 139.697715, 35.737069 ], [ 139.697772, 35.737051 ], [ 139.698145, 35.736939 ], [ 139.698149, 35.736938 ], [ 139.698848, 35.736726 ], [ 139.698784, 35.73667 ], [ 139.698628, 35.736495 ], [ 139.698433, 35.736317 ], [ 139.698222, 35.736153 ], [ 139.698204, 35.736139 ], [ 139.698146, 35.736079 ], [ 139.697991, 35.735606 ], [ 139.697983, 35.735581 ], [ 139.697813, 35.735446 ], [ 139.697723, 35.735328 ], [ 139.697622, 35.735155 ], [ 139.697619, 35.73515 ], [ 139.697516, 35.734937 ], [ 139.697845, 35.734903 ], [ 139.698228, 35.734862 ], [ 139.698411, 35.734843 ], [ 139.698826, 35.734788 ], [ 139.698885, 35.73478 ], [ 139.699186, 35.734744 ], [ 139.69938, 35.734721 ], [ 139.699645, 35.734687 ], [ 139.699725, 35.734677 ], [ 139.7001, 35.73463 ], [ 139.700094, 35.734617 ], [ 139.700014, 35.734234 ], [ 139.699882, 35.734205 ], [ 139.699592, 35.733649 ], [ 139.699369, 35.733211 ], [ 139.699476, 35.733186 ], [ 139.69945, 35.733103 ], [ 139.699228, 35.733033 ], [ 139.699113, 35.73285 ], [ 139.699198, 35.732791 ], [ 139.699152, 35.732785 ], [ 139.698212, 35.732679 ], [ 139.697843, 35.732682 ], [ 139.697721, 35.732683 ], [ 139.697011, 35.732688 ], [ 139.696997, 35.732688 ], [ 139.696771, 35.73273 ], [ 139.696404, 35.732801 ], [ 139.696065, 35.732869 ], [ 139.696041, 35.732874 ], [ 139.695615, 35.732984 ], [ 139.695339, 35.733055 ], [ 139.695178, 35.733091 ], [ 139.69501, 35.733128 ], [ 139.695019, 35.733204 ], [ 139.694958, 35.733544 ], [ 139.694918, 35.733691 ], [ 139.694913, 35.733709 ], [ 139.6948, 35.734001 ], [ 139.694819, 35.734204 ], [ 139.69483, 35.734493 ], [ 139.694832, 35.734671 ], [ 139.694832, 35.734794 ], [ 139.694822, 35.735 ], [ 139.69482, 35.73517 ], [ 139.694814, 35.735467 ], [ 139.694802, 35.735748 ], [ 139.694812, 35.73584 ], [ 139.694821, 35.736144 ], [ 139.694839, 35.736262 ], [ 139.694882, 35.736702 ], [ 139.694893, 35.73677 ], [ 139.694931, 35.737361 ], [ 139.694936, 35.737399 ], [ 139.694937, 35.73741 ], [ 139.695366, 35.737427 ], [ 139.695769, 35.737452 ], [ 139.695866, 35.737433 ], [ 139.696168, 35.737377 ], [ 139.696344, 35.737331 ], [ 139.696578, 35.737272 ], [ 139.696779, 35.737269 ], [ 139.696938, 35.737176 ], [ 139.697031, 35.737031 ] ] ] } },
{ "type": "Feature", "properties": { "key": "豊島区|要町2丁目", "ward": "豊島区", "town": "要町２丁目" }, "geometry": { "type": "Polygon", "coordinates": [ [ [ 139.6948, 35.734001 ], [ 139.694913, 35.733709 ], [ 139.694918, 35.733691 ], [ 139.694958, 35.733544 ], [ 139.695019, 35.733204 ], [ 139.69501, 35.733128 ], [ 139.694985, 35.733134 ], [ 139.694626, 35.733174 ], [ 139.694456, 35.733156 ], [ 139.694372, 35.733143 ], [ 139.693582, 35.733017 ], [ 139.693545, 35.733011 ], [ 139.692918, 35.73296 ], [ 139.692869, 35.733457 ], [ 139.692897, 35.733509 ], [ 139.692852, 35.73391 ], [ 139.692797, 35.734005 ], [ 139.692784, 35.733998 ], [ 139.692459, 35.734407 ], [ 139.69247, 35.734417 ], [ 139.692294, 35.73464 ], [ 139.692129, 35.734848 ], [ 139.692107, 35.734851 ], [ 139.691762, 35.735284 ], [ 139.691241, 35.735945 ], [ 139.691233, 35.735955 ], [ 139.691077, 35.736026 ], [ 139.690657, 35.736479 ], [ 139.690577, 35.736588 ], [ 139.69129, 35.736821 ], [ 139.69207, 35.737078 ], [ 139.693235, 35.737189 ], [ 139.694167, 35.737276 ], [ 139.694553, 35.73732 ], [ 139.694931, 35.737361 ], [ 139.694893, 35.73677 ], [ 139.694882, 35.736702 ], [ 139.694839, 35.736262 ], [ 139.694821, 35.736144 ], [ 139.694812, 35.73584 ], [ 139.694802, 35.735748 ], [ 139.694814, 35.735467 ], [ 139.69482, 35.73517 ], [ 139.694822, 35.735 ], [ 139.694832, 35.734794 ], [ 139.694832, 35.734671 ], [ 139.69483, 35.734493 ], [ 139.694819, 35.734204 ], [ 139.6948, 35.734001 ] ] ] } },
{ "type": "Feature", "properties": { "key": "豊島区|要町3丁目", "ward": "豊島区", "town": "要町３丁目" }, "geometry": { "type": "Polygon", "coordinates": [ [ [ 139.69092, 35.738127 ], [ 139.691371, 35.738184 ], [ 139.691428, 35.738192 ], [ 139.691449, 35.738195 ], [ 139.69164, 35.738222 ], [ 139.691883, 35.738257 ], [ 139.691902, 35.738259 ], [ 139.69199, 35.737637 ], [ 139.692032, 35.737344 ], [ 139.69204, 35.737285 ], [ 139.69207, 35.737078 ], [ 139.69129, 35.736821 ], [ 139.690577, 35.736588 ], [ 139.690557, 35.736582 ], [ 139.690245, 35.736489 ], [ 139.689888, 35.736377 ], [ 139.689865, 35.736384 ], [ 139.689257, 35.736262 ], [ 139.688599, 35.736133 ], [ 139.6886, 35.736129 ], [ 139.687972, 35.736021 ], [ 139.687948, 35.736014 ], [ 139.687435, 35.73592 ], [ 139.687316, 35.736343 ], [ 139.687381, 35.736355 ], [ 139.687294, 35.73665 ], [ 139.687192, 35.736981 ], [ 139.6871, 35.737294 ], [ 139.686392, 35.737145 ], [ 139.686296, 35.737121 ], [ 139.686153, 35.737545 ], [ 139.686063, 35.737754 ], [ 139.686464, 35.738048 ], [ 139.686495, 35.738098 ], [ 139.686613, 35.738289 ], [ 139.686844, 35.738627 ], [ 139.68667, 35.738786 ], [ 139.686646, 35.738807 ], [ 139.68644, 35.73899 ], [ 139.686366, 35.739057 ], [ 139.686191, 35.739302 ], [ 139.685995, 35.739695 ], [ 139.685815, 35.740034 ], [ 139.686175, 35.740127 ], [ 139.68644, 35.740212 ], [ 139.68672, 35.74029 ], [ 139.686723, 35.740291 ], [ 139.686754, 35.740299 ], [ 139.68697, 35.740363 ], [ 139.687215, 35.740441 ], [ 139.687486, 35.740527 ], [ 139.687706, 35.740574 ], [ 139.688127, 35.740661 ], [ 139.688201, 35.740701 ], [ 139.688213, 35.740708 ], [ 139.688221, 35.740715 ], [ 139.688223, 35.740716 ], [ 139.688251, 35.740735 ], [ 139.68861, 35.740884 ], [ 139.68874, 35.740938 ], [ 139.689049, 35.741045 ], [ 139.689392, 35.741151 ], [ 139.689597, 35.74125 ], [ 139.689678, 35.741289 ], [ 139.689859, 35.741399 ], [ 139.69009, 35.741166 ], [ 139.690189, 35.740837 ], [ 139.690231, 35.740682 ], [ 139.690307, 35.740411 ], [ 139.690383, 35.740143 ], [ 139.69048, 35.739783 ], [ 139.690484, 35.73977 ], [ 139.690485, 35.739766 ], [ 139.690699, 35.73898 ], [ 139.690703, 35.738966 ], [ 139.690796, 35.738605 ], [ 139.69092, 35.738127 ] ] ] } },
{ "type": "Feature", "properties": { "key": "豊島区|高松1丁目", "ward": "豊島区", "town": "高松１丁目" }, "geometry": { "type": "Polygon", "coordinates": [ [ [ 139.700383, 35.736953 ], [ 139.700566, 35.736969 ], [ 139.70058, 35.736971 ], [ 139.700725, 35.736993 ], [ 139.700968, 35.737029 ], [ 139.701193, 35.737051 ], [ 139.70159, 35.737094 ], [ 139.701713, 35.737108 ], [ 139.701779, 35.736842 ], [ 139.701816, 35.736691 ], [ 139.701859, 35.736516 ], [ 139.701878, 35.736425 ], [ 139.701577, 35.736141 ], [ 139.701261, 35.735843 ], [ 139.700854, 35.735478 ], [ 139.700833, 35.735457 ], [ 139.700736, 35.735361 ], [ 139.700719, 35.735345 ], [ 139.70048, 35.735126 ], [ 139.700215, 35.734616 ], [ 139.7001, 35.73463 ], [ 139.699725, 35.734677 ], [ 139.699645, 35.734687 ], [ 139.69938, 35.734721 ], [ 139.699186, 35.734744 ], [ 139.698885, 35.73478 ], [ 139.698826, 35.734788 ], [ 139.698411, 35.734843 ], [ 139.698228, 35.734862 ], [ 139.697845, 35.734903 ], [ 139.697516, 35.734937 ], [ 139.697619, 35.73515 ], [ 139.697622, 35.735155 ], [ 139.697723, 35.735328 ], [ 139.697813, 35.735446 ], [ 139.697983, 35.735581 ], [ 139.697991, 35.735606 ], [ 139.698146, 35.736079 ], [ 139.698204, 35.736139 ], [ 139.698222, 35.736153 ], [ 139.698433, 35.736317 ], [ 139.698628, 35.736495 ], [ 139.698784, 35.73667 ], [ 139.698848, 35.736726 ], [ 139.698867, 35.736743 ], [ 139.698915, 35.736785 ], [ 139.698967, 35.736829 ], [ 139.699059, 35.736927 ], [ 139.69913, 35.73702 ], [ 139.699341, 35.737236 ], [ 139.69948, 35.737176 ], [ 139.699675, 35.737117 ], [ 139.699783, 35.73709 ], [ 139.699967, 35.737043 ], [ 139.700226, 35.736981 ], [ 139.700273, 35.736974 ], [ 139.700383, 35.736953 ] ] ] } },
{ "type": "Feature", "properties": { "key": "豊島区|高松2丁目", "ward": "豊島区", "town": "高松２丁目" }, "geometry": { "type": "Polygon", "coordinates": [ [ [ 139.701985, 35.737423 ], [ 139.702073, 35.737237 ], [ 139.701711, 35.737128 ], [ 139.701713, 35.737108 ], [ 139.70159, 35.737094 ], [ 139.701193, 35.737051 ], [ 139.700968, 35.737029 ], [ 139.700725, 35.736993 ], [ 139.70058, 35.736971 ], [ 139.700566, 35.736969 ], [ 139.700383, 35.736953 ], [ 139.700273, 35.736974 ], [ 139.700226, 35.736981 ], [ 139.699967, 35.737043 ], [ 139.699783, 35.73709 ], [ 139.699675, 35.737117 ], [ 139.69948, 35.737176 ], [ 139.699341, 35.737236 ], [ 139.69913, 35.73702 ], [ 139.699059, 35.736927 ], [ 139.698967, 35.736829 ], [ 139.698915, 35.736785 ], [ 139.698867, 35.736743 ], [ 139.698848, 35.736726 ], [ 139.698149, 35.736938 ], [ 139.698145, 35.736939 ], [ 139.697772, 35.737051 ], [ 139.697715, 35.737069 ], [ 139.697657, 35.737092 ], [ 139.697235, 35.737262 ], [ 139.697202, 35.737249 ], [ 139.697031, 35.737031 ], [ 139.696938, 35.737176 ], [ 139.696779, 35.737269 ], [ 139.696578, 35.737272 ], [ 139.696344, 35.737331 ], [ 139.696168, 35.737377 ], [ 139.695866, 35.737433 ], [ 139.695769, 35.737452 ], [ 139.695366, 35.737427 ], [ 139.694937, 35.73741 ], [ 139.695014, 35.738042 ], [ 139.695033, 35.738303 ], [ 139.695068, 35.738326 ], [ 139.695005, 35.738701 ], [ 139.694992, 35.738778 ], [ 139.694935, 35.73912 ], [ 139.694867, 35.739562 ], [ 139.694864, 35.739582 ], [ 139.695236, 35.739607 ], [ 139.695927, 35.739651 ], [ 139.696103, 35.739669 ], [ 139.696918, 35.739726 ], [ 139.697451, 35.739759 ], [ 139.697963, 35.739791 ], [ 139.698317, 35.739818 ], [ 139.698662, 35.739848 ], [ 139.699048, 35.73987 ], [ 139.699399, 35.739893 ], [ 139.700003, 35.739945 ], [ 139.700015, 35.739946 ], [ 139.700254, 35.739967 ], [ 139.700631, 35.74001 ], [ 139.700769, 35.740026 ], [ 139.70104, 35.739413 ], [ 139.701217, 35.739037 ], [ 139.701219, 35.739033 ], [ 139.701441, 35.738574 ], [ 139.701594, 35.738252 ], [ 139.701776, 35.73787 ], [ 139.701786, 35.737848 ], [ 139.701985, 35.737423 ] ] ] } },
{ "type": "Feature", "properties": { "key": "豊島区|高松3丁目", "ward": "豊島区", "town": "高松３丁目" }, "geometry": { "type": "Polygon", "coordinates": [ [ [ 139.694864, 35.739582 ], [ 139.694836, 35.739917 ], [ 139.694836, 35.739964 ], [ 139.694798, 35.740373 ], [ 139.694797, 35.740385 ], [ 139.694748, 35.74081 ], [ 139.694711, 35.741266 ], [ 139.69469, 35.741504 ], [ 139.694671, 35.741806 ], [ 139.69465, 35.742132 ], [ 139.695019, 35.742145 ], [ 139.695704, 35.742169 ], [ 139.695711, 35.74217 ], [ 139.695984, 35.74218 ], [ 139.69652, 35.7422 ], [ 139.69654, 35.742201 ], [ 139.697169, 35.742229 ], [ 139.697175, 35.742229 ], [ 139.697594, 35.742248 ], [ 139.697622, 35.742249 ], [ 139.697916, 35.742262 ], [ 139.698161, 35.742273 ], [ 139.698677, 35.742293 ], [ 139.698677, 35.74229 ], [ 139.698748, 35.741823 ], [ 139.698752, 35.741798 ], [ 139.698762, 35.74174 ], [ 139.698817, 35.741398 ], [ 139.698819, 35.741381 ], [ 139.698873, 35.741022 ], [ 139.698946, 35.740574 ], [ 139.698948, 35.740565 ], [ 139.69899, 35.740276 ], [ 139.698993, 35.740255 ], [ 139.699048, 35.73987 ], [ 139.698662, 35.739848 ], [ 139.698317, 35.739818 ], [ 139.697963, 35.739791 ], [ 139.697451, 35.739759 ], [ 139.696918, 35.739726 ], [ 139.696103, 35.739669 ], [ 139.695927, 35.739651 ], [ 139.695236, 35.739607 ], [ 139.694864, 35.739582 ] ] ] } },
{ "type": "Feature", "properties": { "key": "豊島区|千川1丁目", "ward": "豊島区", "town": "千川１丁目" }, "geometry": { "type": "Polygon", "coordinates": [ [ [ 139.695014, 35.738042 ], [ 139.694937, 35.73741 ], [ 139.694936, 35.737399 ], [ 139.694931, 35.737361 ], [ 139.694553, 35.73732 ], [ 139.694167, 35.737276 ], [ 139.693235, 35.737189 ], [ 139.69207, 35.737078 ], [ 139.69204, 35.737285 ], [ 139.692032, 35.737344 ], [ 139.69199, 35.737637 ], [ 139.691902, 35.738259 ], [ 139.691883, 35.738257 ], [ 139.69164, 35.738222 ], [ 139.691449, 35.738195 ], [ 139.691428, 35.738192 ], [ 139.691371, 35.738184 ], [ 139.69092, 35.738127 ], [ 139.690796, 35.738605 ], [ 139.690703, 35.738966 ], [ 139.690699, 35.73898 ], [ 139.690485, 35.739766 ], [ 139.691449, 35.73994 ], [ 139.692727, 35.740149 ], [ 139.693295, 35.740249 ], [ 139.693702, 35.740316 ], [ 139.694137, 35.740345 ], [ 139.694797, 35.740385 ], [ 139.694798, 35.740373 ], [ 139.694836, 35.739964 ], [ 139.694836, 35.739917 ], [ 139.694864, 35.739582 ], [ 139.694867, 35.739562 ], [ 139.694935, 35.73912 ], [ 139.694992, 35.738778 ], [ 139.695005, 35.738701 ], [ 139.695068, 35.738326 ], [ 139.695033, 35.738303 ], [ 139.695014, 35.738042 ] ] ] } },
{ "type": "Feature", "properties": { "key": "豊島区|千川2丁目", "ward": "豊島区", "town": "千川２丁目" }, "geometry": { "type": "Polygon", "coordinates": [ [ [ 139.693038, 35.743214 ], [ 139.69327, 35.743049 ], [ 139.693405, 35.742961 ], [ 139.693498, 35.742922 ], [ 139.693527, 35.74291 ], [ 139.693885, 35.742902 ], [ 139.694088, 35.742911 ], [ 139.694088, 35.743004 ], [ 139.694112, 35.743016 ], [ 139.694266, 35.743082 ], [ 139.694648, 35.743104 ], [ 139.694647, 35.742938 ], [ 139.694647, 35.742934 ], [ 139.694648, 35.742588 ], [ 139.694648, 35.742554 ], [ 139.694644, 35.74242 ], [ 139.694647, 35.742292 ], [ 139.69465, 35.742132 ], [ 139.694671, 35.741806 ], [ 139.69469, 35.741504 ], [ 139.694711, 35.741266 ], [ 139.694748, 35.74081 ], [ 139.694797, 35.740385 ], [ 139.694137, 35.740345 ], [ 139.693702, 35.740316 ], [ 139.693295, 35.740249 ], [ 139.692727, 35.740149 ], [ 139.691449, 35.73994 ], [ 139.690485, 35.739766 ], [ 139.690484, 35.73977 ], [ 139.69048, 35.739783 ], [ 139.690383, 35.740143 ], [ 139.690307, 35.740411 ], [ 139.690231, 35.740682 ], [ 139.690189, 35.740837 ], [ 139.69009, 35.741166 ], [ 139.689859, 35.741399 ], [ 139.690307, 35.74173 ], [ 139.690676, 35.74199 ], [ 139.691008, 35.742228 ], [ 139.691182, 35.742353 ], [ 139.691662, 35.742691 ], [ 139.691933, 35.742902 ], [ 139.692085, 35.743039 ], [ 139.692202, 35.743144 ], [ 139.692528, 35.743439 ], [ 139.69257, 35.743477 ], [ 139.692596, 35.743438 ], [ 139.692713, 35.743479 ], [ 139.692739, 35.743459 ], [ 139.693038, 35.743214 ] ] ] } }
]
}
