{
"type": "FeatureCollection",
"name": "13118",
"crs": { "type": "name", "properties": { "name": "urn:ogc:def:crs:OGC:1.3:CRS84" } },
"features": [
{ "type": "Feature", "properties": { "key": "荒川区|南千住1丁目", "ward": "荒川区", "town": "南千住１丁目" }, "geometry": { "type": "Polygon", "coordinates": [ [ [ 139.792367, 35.731414 ], [ 139.791636, 35.731505 ], [ 139.791247, 35.731554 ], [ 139.79077, 35.731613 ], [ 139.790326, 35.731668 ], [ 139.789691, 35.731748 ], [ 139.789099, 35.731821 ], [ 139.788717, 35.731869 ], [ 139.788638, 35.731916 ], [ 139.788372, 35.732074 ], [ 139.788141, 35.732212 ], [ 139.787931, 35.732336 ], [ 139.787762, 35.732437 ], [ 139.788035, 35.732829 ], [ 139.788191, 35.733051 ], [ 139.78841, 35.733364 ], [ 139.788431, 35.733394 ], [ 139.788508, 35.733504 ], [ 139.788684, 35.733782 ], [ 139.788718, 35.733834 ], [ 139.78894, 35.734168 ], [ 139.789099, 35.734407 ], [ 139.78918, 35.73453 ], [ 139.789019, 35.734639 ], [ 139.78866, 35.734883 ], [ 139.788651, 35.734888 ], [ 139.788563, 35.734944 ], [ 139.788547, 35.735296 ], [ 139.788539, 35.735468 ], [ 139.788539, 35.735473 ], [ 139.788538, 35.735476 ], [ 139.78847, 35.735761 ], [ 139.788502, 35.735766 ], [ 139.788628, 35.735773 ], [ 139.788877, 35.735785 ], [ 139.789227, 35.735803 ], [ 139.789346, 35.735809 ], [ 139.789453, 35.735815 ], [ 139.789637, 35.735807 ], [ 139.789663, 35.735806 ], [ 139.789947, 35.735749 ], [ 139.790081, 35.735709 ], [ 139.790125, 35.735697 ], [ 139.790189, 35.735678 ], [ 139.790554, 35.73556 ], [ 139.7909, 35.735448 ], [ 139.790921, 35.735441 ], [ 139.792454, 35.734945 ], [ 139.792583, 35.734903 ], [ 139.792604, 35.7349 ], [ 139.793095, 35.734735 ], [ 139.793454, 35.73462 ], [ 139.79425, 35.734362 ], [ 139.793946, 35.733997 ], [ 139.793917, 35.733959 ], [ 139.793854, 35.733878 ], [ 139.793797, 35.733804 ], [ 139.793559, 35.733493 ], [ 139.793546, 35.733477 ], [ 139.793525, 35.733449 ], [ 139.793507, 35.733426 ], [ 139.793148, 35.732957 ], [ 139.793132, 35.732937 ], [ 139.793104, 35.732899 ], [ 139.792967, 35.73272 ], [ 139.79296, 35.732711 ], [ 139.792875, 35.732594 ], [ 139.792826, 35.732525 ], [ 139.792783, 35.732411 ], [ 139.792666, 35.732163 ], [ 139.792573, 35.731942 ], [ 139.792514, 35.731804 ], [ 139.792414, 35.731514 ], [ 139.792367, 35.731414 ] ] ] } },
{ "type": "Feature", "properties": { "key": "荒川区|南千住2丁目", "ward": "荒川区", "town": "南千住２丁目" }, "geometry": { "type": "Polygon", "coordinates": [ [ [ 139.798695, 35.730985 ], [ 139.798846, 35.730662 ], [ 139.799075, 35.730174 ], [ 139.799166, 35.729969 ], [ 139.799358, 35.729535 ], [ 139.799429, 35.729376 ], [ 139.799624, 35.728936 ], [ 139.799487, 35.728924 ], [ 139.799401, 35.728942 ], [ 139.798537, 35.728893 ], [ 139.798477, 35.728891 ], [ 139.797896, 35.728871 ], [ 139.797866, 35.72887 ], [ 139.797859, 35.72887 ], [ 139.797705, 35.728865 ], [ 139.797247, 35.728851 ], [ 139.79723, 35.72885 ], [ 139.796752, 35.728836 ], [ 139.796726, 35.728834 ], [ 139.796472, 35.728819 ], [ 139.796333, 35.728811 ], [ 139.796139, 35.728804 ], [ 139.795902, 35.728796 ], [ 139.795898, 35.728796 ], [ 139.795185, 35.728771 ], [ 139.795124, 35.72935 ], [ 139.795123, 35.729354 ], [ 139.795075, 35.729792 ], [ 139.794699, 35.729782 ], [ 139.794298, 35.729783 ], [ 139.794275, 35.730102 ], [ 139.794259, 35.730316 ], [ 139.794259, 35.730331 ], [ 139.793831, 35.730345 ], [ 139.793805, 35.730346 ], [ 139.793587, 35.730353 ], [ 139.793129, 35.730368 ], [ 139.793047, 35.730313 ], [ 139.79271, 35.730095 ], [ 139.792689, 35.730082 ], [ 139.792398, 35.730367 ], [ 139.7924, 35.730391 ], [ 139.792499, 35.730863 ], [ 139.792177, 35.731036 ], [ 139.792168, 35.73104 ], [ 139.792367, 35.731414 ], [ 139.793, 35.731335 ], [ 139.793025, 35.731332 ], [ 139.793151, 35.731387 ], [ 139.793264, 35.731369 ], [ 139.79426, 35.731226 ], [ 139.794273, 35.731224 ], [ 139.794491, 35.731186 ], [ 139.794833, 35.731144 ], [ 139.795178, 35.731121 ], [ 139.795461, 35.731121 ], [ 139.79573, 35.731129 ], [ 139.795891, 35.731153 ], [ 139.796082, 35.731181 ], [ 139.796244, 35.731219 ], [ 139.796443, 35.731268 ], [ 139.796557, 35.731316 ], [ 139.796594, 35.731332 ], [ 139.796955, 35.731481 ], [ 139.797142, 35.73157 ], [ 139.797302, 35.731658 ], [ 139.797468, 35.731768 ], [ 139.797702, 35.731968 ], [ 139.798151, 35.732385 ], [ 139.798232, 35.732165 ], [ 139.798246, 35.73213 ], [ 139.798328, 35.731908 ], [ 139.79839, 35.731752 ], [ 139.798444, 35.731617 ], [ 139.798528, 35.731405 ], [ 139.798544, 35.731381 ], [ 139.798564, 35.731277 ], [ 139.798611, 35.731139 ], [ 139.798695, 35.730985 ] ] ] } },
{ "type": "Feature", "properties": { "key": "荒川区|南千住3丁目", "ward": "荒川区", "town": "南千住３丁目" }, "geometry": { "type": "Polygon", "coordinates": [ [ [ 139.808387, 35.733001 ], [ 139.808395, 35.733021 ], [ 139.808449, 35.733166 ], [ 139.808488, 35.733259 ], [ 139.80859, 35.733503 ], [ 139.809166, 35.733302 ], [ 139.809186, 35.733295 ], [ 139.809252, 35.733269 ], [ 139.809636, 35.73312 ], [ 139.809799, 35.733077 ], [ 139.809967, 35.733016 ], [ 139.809987, 35.733007 ], [ 139.81003, 35.732989 ], [ 139.810448, 35.732812 ], [ 139.810912, 35.732595 ], [ 139.811037, 35.732527 ], [ 139.811044, 35.732523 ], [ 139.810976, 35.732312 ], [ 139.810907, 35.732096 ], [ 139.810843, 35.731895 ], [ 139.810828, 35.731847 ], [ 139.810635, 35.731309 ], [ 139.8105, 35.730926 ], [ 139.810468, 35.730838 ], [ 139.810293, 35.730344 ], [ 139.810201, 35.730029 ], [ 139.810173, 35.729873 ], [ 139.810078, 35.729526 ], [ 139.809971, 35.729073 ], [ 139.809768, 35.72815 ], [ 139.809764, 35.728079 ], [ 139.809756, 35.727948 ], [ 139.808468, 35.728114 ], [ 139.808433, 35.728118 ], [ 139.807463, 35.728233 ], [ 139.806962, 35.728301 ], [ 139.806224, 35.728385 ], [ 139.805376, 35.728486 ], [ 139.805344, 35.728491 ], [ 139.804732, 35.728583 ], [ 139.804345, 35.72863 ], [ 139.802775, 35.728855 ], [ 139.801753, 35.729011 ], [ 139.801653, 35.729026 ], [ 139.801525, 35.729048 ], [ 139.801285, 35.72906 ], [ 139.801103, 35.729046 ], [ 139.801095, 35.729046 ], [ 139.800956, 35.729036 ], [ 139.800903, 35.729032 ], [ 139.800885, 35.72903 ], [ 139.800531, 35.729005 ], [ 139.799986, 35.728965 ], [ 139.799637, 35.728937 ], [ 139.799624, 35.728936 ], [ 139.799429, 35.729376 ], [ 139.799358, 35.729535 ], [ 139.799166, 35.729969 ], [ 139.799075, 35.730174 ], [ 139.798846, 35.730662 ], [ 139.798695, 35.730985 ], [ 139.798611, 35.731139 ], [ 139.798564, 35.731277 ], [ 139.798544, 35.731381 ], [ 139.79895, 35.731365 ], [ 139.799206, 35.730775 ], [ 139.799502, 35.730102 ], [ 139.799518, 35.730067 ], [ 139.800876, 35.730462 ], [ 139.801521, 35.73065 ], [ 139.801708, 35.730704 ], [ 139.801723, 35.730708 ], [ 139.80223, 35.730856 ], [ 139.802702, 35.730993 ], [ 139.803321, 35.731173 ], [ 139.803934, 35.731352 ], [ 139.805084, 35.731686 ], [ 139.805104, 35.731692 ], [ 139.80624, 35.732022 ], [ 139.80627, 35.73203 ], [ 139.806668, 35.732138 ], [ 139.806803, 35.732184 ], [ 139.805942, 35.734069 ], [ 139.806002, 35.734086 ], [ 139.806172, 35.734133 ], [ 139.806524, 35.734193 ], [ 139.806717, 35.734215 ], [ 139.80689, 35.734221 ], [ 139.807325, 35.734201 ], [ 139.807594, 35.73417 ], [ 139.808032, 35.734119 ], [ 139.808061, 35.7339 ], [ 139.808123, 35.7338 ], [ 139.808223, 35.733688 ], [ 139.808291, 35.733592 ], [ 139.808336, 35.733522 ], [ 139.808372, 35.733408 ], [ 139.808399, 35.733249 ], [ 139.808387, 35.733001 ] ] ] } },
{ "type": "Feature", "properties": { "key": "荒川区|南千住4丁目", "ward": "荒川区", "town": "南千住４丁目" }, "geometry": { "type": "Polygon", "coordinates": [ [ [ 139.804831, 35.738373 ], [ 139.804876, 35.738318 ], [ 139.804906, 35.738031 ], [ 139.804923, 35.737761 ], [ 139.80494, 35.737458 ], [ 139.804949, 35.737313 ], [ 139.80495, 35.737279 ], [ 139.804961, 35.737078 ], [ 139.804973, 35.736837 ], [ 139.804975, 35.736794 ], [ 139.804984, 35.73664 ], [ 139.804995, 35.736452 ], [ 139.805044, 35.735665 ], [ 139.805053, 35.735517 ], [ 139.805058, 35.735446 ], [ 139.805097, 35.735341 ], [ 139.805158, 35.735252 ], [ 139.805345, 35.73503 ], [ 139.805529, 35.734813 ], [ 139.805679, 35.734582 ], [ 139.805792, 35.734369 ], [ 139.805942, 35.734069 ], [ 139.806803, 35.732184 ], [ 139.806668, 35.732138 ], [ 139.80627, 35.73203 ], [ 139.80624, 35.732022 ], [ 139.805104, 35.731692 ], [ 139.805084, 35.731686 ], [ 139.803934, 35.731352 ], [ 139.803321, 35.731173 ], [ 139.802702, 35.730993 ], [ 139.80223, 35.730856 ], [ 139.801723, 35.730708 ], [ 139.801708, 35.730704 ], [ 139.801521, 35.73065 ], [ 139.800876, 35.730462 ], [ 139.799518, 35.730067 ], [ 139.799502, 35.730102 ], [ 139.799206, 35.730775 ], [ 139.79895, 35.731365 ], [ 139.798544, 35.731381 ], [ 139.798528, 35.731405 ], [ 139.798444, 35.731617 ], [ 139.79839, 35.731752 ], [ 139.798328, 35.731908 ], [ 139.798246, 35.73213 ], [ 139.798232, 35.732165 ], [ 139.798151, 35.732385 ], [ 139.798143, 35.732409 ], [ 139.798116, 35.732482 ], [ 139.798314, 35.732711 ], [ 139.798507, 35.732935 ], [ 139.798504, 35.733157 ], [ 139.798499, 35.733423 ], [ 139.798652, 35.733466 ], [ 139.798887, 35.733521 ], [ 139.798981, 35.733556 ], [ 139.799145, 35.733804 ], [ 139.799208, 35.733817 ], [ 139.799299, 35.733956 ], [ 139.799441, 35.734214 ], [ 139.799523, 35.734334 ], [ 139.799685, 35.734649 ], [ 139.799693, 35.734665 ], [ 139.799966, 35.735189 ], [ 139.800129, 35.735585 ], [ 139.800253, 35.735925 ], [ 139.800343, 35.735979 ], [ 139.800477, 35.736345 ], [ 139.80054, 35.736561 ], [ 139.800604, 35.736821 ], [ 139.800674, 35.737058 ], [ 139.800765, 35.73735 ], [ 139.800836, 35.737575 ], [ 139.800908, 35.737715 ], [ 139.800957, 35.737753 ], [ 139.801076, 35.7378 ], [ 139.801219, 35.737823 ], [ 139.801464, 35.737863 ], [ 139.801938, 35.737927 ], [ 139.802445, 35.737975 ], [ 139.802682, 35.738027 ], [ 139.803266, 35.738196 ], [ 139.803948, 35.738404 ], [ 139.804154, 35.738437 ], [ 139.804423, 35.738442 ], [ 139.804469, 35.738423 ], [ 139.804664, 35.738399 ], [ 139.80481, 35.738446 ], [ 139.804831, 35.738373 ] ] ] } },
{ "type": "Feature", "properties": { "key": "荒川区|南千住5丁目", "ward": "荒川区", "town": "南千住５丁目" }, "geometry": { "type": "Polygon", "coordinates": [ [ [ 139.796594, 35.731332 ], [ 139.796557, 35.731316 ], [ 139.796443, 35.731268 ], [ 139.796244, 35.731219 ], [ 139.796082, 35.731181 ], [ 139.795891, 35.731153 ], [ 139.79573, 35.731129 ], [ 139.795461, 35.731121 ], [ 139.795178, 35.731121 ], [ 139.794833, 35.731144 ], [ 139.794491, 35.731186 ], [ 139.794273, 35.731224 ], [ 139.79426, 35.731226 ], [ 139.793264, 35.731369 ], [ 139.793151, 35.731387 ], [ 139.793025, 35.731332 ], [ 139.793, 35.731335 ], [ 139.792367, 35.731414 ], [ 139.792414, 35.731514 ], [ 139.792514, 35.731804 ], [ 139.792573, 35.731942 ], [ 139.792666, 35.732163 ], [ 139.792783, 35.732411 ], [ 139.792826, 35.732525 ], [ 139.792875, 35.732594 ], [ 139.79296, 35.732711 ], [ 139.792967, 35.73272 ], [ 139.793104, 35.732899 ], [ 139.793132, 35.732937 ], [ 139.793148, 35.732957 ], [ 139.793507, 35.733426 ], [ 139.793525, 35.733449 ], [ 139.793546, 35.733477 ], [ 139.793559, 35.733493 ], [ 139.793797, 35.733804 ], [ 139.793854, 35.733878 ], [ 139.793917, 35.733959 ], [ 139.793946, 35.733997 ], [ 139.79425, 35.734362 ], [ 139.794429, 35.734512 ], [ 139.794578, 35.734637 ], [ 139.794585, 35.734642 ], [ 139.794696, 35.734735 ], [ 139.794715, 35.734751 ], [ 139.794842, 35.734858 ], [ 139.795072, 35.73505 ], [ 139.795338, 35.735314 ], [ 139.795737, 35.735709 ], [ 139.795937, 35.735908 ], [ 139.795988, 35.735958 ], [ 139.796395, 35.736358 ], [ 139.796485, 35.736447 ], [ 139.796706, 35.736665 ], [ 139.79681, 35.736813 ], [ 139.796914, 35.736481 ], [ 139.797073, 35.735976 ], [ 139.797081, 35.73595 ], [ 139.797107, 35.735868 ], [ 139.797206, 35.735506 ], [ 139.797285, 35.735216 ], [ 139.797293, 35.735189 ], [ 139.797301, 35.735162 ], [ 139.797306, 35.735146 ], [ 139.797394, 35.734851 ], [ 139.797397, 35.734839 ], [ 139.797462, 35.734621 ], [ 139.797467, 35.734604 ], [ 139.79749, 35.734528 ], [ 139.797494, 35.734512 ], [ 139.797624, 35.734075 ], [ 139.79766, 35.733956 ], [ 139.797744, 35.733671 ], [ 139.797749, 35.733655 ], [ 139.797821, 35.733414 ], [ 139.797881, 35.733211 ], [ 139.797882, 35.733207 ], [ 139.797929, 35.733049 ], [ 139.79797, 35.73291 ], [ 139.798022, 35.732736 ], [ 139.798116, 35.732482 ], [ 139.798143, 35.732409 ], [ 139.798151, 35.732385 ], [ 139.797702, 35.731968 ], [ 139.797468, 35.731768 ], [ 139.797302, 35.731658 ], [ 139.797142, 35.73157 ], [ 139.796955, 35.731481 ], [ 139.796594, 35.731332 ] ] ] } },
{ "type": "Feature", "properties": { "key": "荒川区|南千住6丁目", "ward": "荒川区", "town": "南千住６丁目" }, "geometry": { "type": "Polygon", "coordinates": [ [ [ 139.795988, 35.735958 ], [ 139.795937, 35.735908 ], [ 139.795737, 35.735709 ], [ 139.795338, 35.735314 ], [ 139.795072, 35.73505 ], [ 139.794842, 35.734858 ], [ 139.794715, 35.734751 ], [ 139.794696, 35.734735 ], [ 139.794585, 35.734642 ], [ 139.794578, 35.734637 ], [ 139.794429, 35.734512 ], [ 139.79425, 35.734362 ], [ 139.793454, 35.73462 ], [ 139.793095, 35.734735 ], [ 139.792604, 35.7349 ], [ 139.792583, 35.734903 ], [ 139.792454, 35.734945 ], [ 139.790921, 35.735441 ], [ 139.7909, 35.735448 ], [ 139.790554, 35.73556 ], [ 139.790189, 35.735678 ], [ 139.790125, 35.735697 ], [ 139.790081, 35.735709 ], [ 139.789947, 35.735749 ], [ 139.789663, 35.735806 ], [ 139.789637, 35.735807 ], [ 139.789453, 35.735815 ], [ 139.789346, 35.735809 ], [ 139.789227, 35.735803 ], [ 139.788877, 35.735785 ], [ 139.78887, 35.735811 ], [ 139.788743, 35.736 ], [ 139.788682, 35.736179 ], [ 139.788664, 35.736176 ], [ 139.788646, 35.736217 ], [ 139.788639, 35.73642 ], [ 139.788639, 35.736432 ], [ 139.788636, 35.736518 ], [ 139.7886, 35.736589 ], [ 139.788597, 35.736708 ], [ 139.788576, 35.736999 ], [ 139.788574, 35.737028 ], [ 139.788573, 35.737036 ], [ 139.788551, 35.737082 ], [ 139.788449, 35.737296 ], [ 139.788371, 35.737366 ], [ 139.788377, 35.737375 ], [ 139.788391, 35.737397 ], [ 139.788613, 35.737736 ], [ 139.788622, 35.737748 ], [ 139.78879, 35.738005 ], [ 139.788906, 35.738195 ], [ 139.788987, 35.738297 ], [ 139.788997, 35.73831 ], [ 139.789032, 35.738361 ], [ 139.789042, 35.738375 ], [ 139.789235, 35.738601 ], [ 139.789315, 35.738726 ], [ 139.789333, 35.738754 ], [ 139.789483, 35.738958 ], [ 139.789558, 35.739077 ], [ 139.789662, 35.739214 ], [ 139.789843, 35.739425 ], [ 139.789867, 35.73948 ], [ 139.789929, 35.739617 ], [ 139.789931, 35.739622 ], [ 139.789945, 35.739653 ], [ 139.790199, 35.740152 ], [ 139.79022, 35.740221 ], [ 139.790272, 35.740394 ], [ 139.790276, 35.740408 ], [ 139.7904, 35.74069 ], [ 139.790446, 35.740742 ], [ 139.790608, 35.740904 ], [ 139.790655, 35.740935 ], [ 139.790799, 35.741021 ], [ 139.790932, 35.741101 ], [ 139.791008, 35.741165 ], [ 139.791211, 35.741255 ], [ 139.791263, 35.741288 ], [ 139.791424, 35.741388 ], [ 139.79155, 35.74131 ], [ 139.791731, 35.741199 ], [ 139.792011, 35.74101 ], [ 139.792167, 35.740913 ], [ 139.792445, 35.740743 ], [ 139.792561, 35.740685 ], [ 139.792795, 35.740591 ], [ 139.792911, 35.740545 ], [ 139.793367, 35.740362 ], [ 139.793577, 35.740285 ], [ 139.793993, 35.74015 ], [ 139.794418, 35.740029 ], [ 139.794795, 35.739901 ], [ 139.795256, 35.739778 ], [ 139.795533, 35.739707 ], [ 139.79559, 35.739691 ], [ 139.795998, 35.739625 ], [ 139.796237, 35.739594 ], [ 139.796952, 35.739478 ], [ 139.797323, 35.739409 ], [ 139.797461, 35.739366 ], [ 139.797376, 35.739198 ], [ 139.797192, 35.73875 ], [ 139.797161, 35.738669 ], [ 139.797119, 35.738559 ], [ 139.797005, 35.738208 ], [ 139.796961, 35.738058 ], [ 139.796951, 35.73792 ], [ 139.796943, 35.73781 ], [ 139.79693, 35.737629 ], [ 139.796927, 35.737592 ], [ 139.796912, 35.737335 ], [ 139.796893, 35.737003 ], [ 139.79681, 35.736813 ], [ 139.796706, 35.736665 ], [ 139.796485, 35.736447 ], [ 139.796395, 35.736358 ], [ 139.795988, 35.735958 ] ] ] } },
{ "type": "Feature", "properties": { "key": "荒川区|南千住7丁目", "ward": "荒川区", "town": "南千住７丁目" }, "geometry": { "type": "Polygon", "coordinates": [ [ [ 139.798116, 35.732482 ], [ 139.798022, 35.732736 ], [ 139.79797, 35.73291 ], [ 139.797929, 35.733049 ], [ 139.797882, 35.733207 ], [ 139.797881, 35.733211 ], [ 139.797821, 35.733414 ], [ 139.797749, 35.733655 ], [ 139.797744, 35.733671 ], [ 139.79766, 35.733956 ], [ 139.797624, 35.734075 ], [ 139.797494, 35.734512 ], [ 139.79749, 35.734528 ], [ 139.797467, 35.734604 ], [ 139.797462, 35.734621 ], [ 139.797397, 35.734839 ], [ 139.797394, 35.734851 ], [ 139.797306, 35.735146 ], [ 139.797301, 35.735162 ], [ 139.797293, 35.735189 ], [ 139.797285, 35.735216 ], [ 139.797206, 35.735506 ], [ 139.797107, 35.735868 ], [ 139.797081, 35.73595 ], [ 139.797073, 35.735976 ], [ 139.796914, 35.736481 ], [ 139.79681, 35.736813 ], [ 139.796893, 35.737003 ], [ 139.796912, 35.737335 ], [ 139.796927, 35.737592 ], [ 139.79693, 35.737629 ], [ 139.796943, 35.73781 ], [ 139.796951, 35.73792 ], [ 139.796961, 35.738058 ], [ 139.797005, 35.738208 ], [ 139.797119, 35.738559 ], [ 139.797161, 35.738669 ], [ 139.797192, 35.73875 ], [ 139.797376, 35.739198 ], [ 139.797461, 35.739366 ], [ 139.797531, 35.739349 ], [ 139.797658, 35.739319 ], [ 139.798435, 35.739166 ], [ 139.800729, 35.738799 ], [ 139.801266, 35.738718 ], [ 139.801099, 35.738235 ], [ 139.801182, 35.738198 ], [ 139.801128, 35.738021 ], [ 139.801076, 35.7378 ], [ 139.800957, 35.737753 ], [ 139.800908, 35.737715 ], [ 139.800836, 35.737575 ], [ 139.800765, 35.73735 ], [ 139.800674, 35.737058 ], [ 139.800604, 35.736821 ], [ 139.80054, 35.736561 ], [ 139.800477, 35.736345 ], [ 139.800343, 35.735979 ], [ 139.800253, 35.735925 ], [ 139.800129, 35.735585 ], [ 139.799966, 35.735189 ], [ 139.799693, 35.734665 ], [ 139.799685, 35.734649 ], [ 139.799523, 35.734334 ], [ 139.799441, 35.734214 ], [ 139.799299, 35.733956 ], [ 139.799208, 35.733817 ], [ 139.799145, 35.733804 ], [ 139.798981, 35.733556 ], [ 139.798887, 35.733521 ], [ 139.798652, 35.733466 ], [ 139.798499, 35.733423 ], [ 139.798504, 35.733157 ], [ 139.798507, 35.732935 ], [ 139.798314, 35.732711 ], [ 139.798116, 35.732482 ] ] ] } },
{ "type": "Feature", "properties": { "key": "荒川区|南千住8丁目", "ward": "荒川区", "town": "南千住８丁目" }, "geometry": { "type": "Polygon", "coordinates": [ [ [ 139.814627, 35.738508 ], [ 139.814624, 35.738319 ], [ 139.81464, 35.737932 ], [ 139.814637, 35.737698 ], [ 139.814599, 35.73736 ], [ 139.814564, 35.73715 ], [ 139.814522, 35.737047 ], [ 139.814497, 35.736926 ], [ 139.814454, 35.736814 ], [ 139.814369, 35.736639 ], [ 139.81424, 35.73637 ], [ 139.814139, 35.736193 ], [ 139.813992, 35.736002 ], [ 139.813872, 35.735844 ], [ 139.813807, 35.735763 ], [ 139.813507, 35.735412 ], [ 139.813349, 35.735232 ], [ 139.813184, 35.735063 ], [ 139.812738, 35.734595 ], [ 139.812458, 35.734317 ], [ 139.812183, 35.734056 ], [ 139.811927, 35.733787 ], [ 139.811568, 35.733373 ], [ 139.8113, 35.732996 ], [ 139.811194, 35.73287 ], [ 139.811037, 35.732527 ], [ 139.810912, 35.732595 ], [ 139.810448, 35.732812 ], [ 139.81003, 35.732989 ], [ 139.809987, 35.733007 ], [ 139.809967, 35.733016 ], [ 139.809799, 35.733077 ], [ 139.809636, 35.73312 ], [ 139.809252, 35.733269 ], [ 139.809186, 35.733295 ], [ 139.809166, 35.733302 ], [ 139.80859, 35.733503 ], [ 139.808488, 35.733259 ], [ 139.808449, 35.733166 ], [ 139.808395, 35.733021 ], [ 139.808387, 35.733001 ], [ 139.808399, 35.733249 ], [ 139.808372, 35.733408 ], [ 139.808336, 35.733522 ], [ 139.808291, 35.733592 ], [ 139.808223, 35.733688 ], [ 139.808123, 35.7338 ], [ 139.808061, 35.7339 ], [ 139.808032, 35.734119 ], [ 139.807594, 35.73417 ], [ 139.807325, 35.734201 ], [ 139.80689, 35.734221 ], [ 139.806717, 35.734215 ], [ 139.806524, 35.734193 ], [ 139.806172, 35.734133 ], [ 139.806002, 35.734086 ], [ 139.805942, 35.734069 ], [ 139.805792, 35.734369 ], [ 139.805679, 35.734582 ], [ 139.805529, 35.734813 ], [ 139.805345, 35.73503 ], [ 139.805158, 35.735252 ], [ 139.805097, 35.735341 ], [ 139.805058, 35.735446 ], [ 139.805053, 35.735517 ], [ 139.805044, 35.735665 ], [ 139.804995, 35.736452 ], [ 139.804984, 35.73664 ], [ 139.804975, 35.736794 ], [ 139.804973, 35.736837 ], [ 139.804961, 35.737078 ], [ 139.80495, 35.737279 ], [ 139.804949, 35.737313 ], [ 139.80494, 35.737458 ], [ 139.804923, 35.737761 ], [ 139.804906, 35.738031 ], [ 139.804876, 35.738318 ], [ 139.804831, 35.738373 ], [ 139.80481, 35.738446 ], [ 139.804664, 35.738399 ], [ 139.804469, 35.738423 ], [ 139.804423, 35.738442 ], [ 139.804154, 35.738437 ], [ 139.803948, 35.738404 ], [ 139.803266, 35.738196 ], [ 139.802682, 35.738027 ], [ 139.802445, 35.737975 ], [ 139.801938, 35.737927 ], [ 139.801464, 35.737863 ], [ 139.801219, 35.737823 ], [ 139.801076, 35.7378 ], [ 139.801128, 35.738021 ], [ 139.801182, 35.738198 ], [ 139.801099, 35.738235 ], [ 139.801266, 35.738718 ], [ 139.801331, 35.738724 ], [ 139.80157, 35.738703 ], [ 139.801667, 35.738705 ], [ 139.801826, 35.738683 ], [ 139.802469, 35.738696 ], [ 139.802634, 35.738712 ], [ 139.803185, 35.73884 ], [ 139.803417, 35.738901 ], [ 139.803838, 35.739036 ], [ 139.804139, 35.739119 ], [ 139.804755, 35.739319 ], [ 139.805116, 35.739418 ], [ 139.805301, 35.739489 ], [ 139.805841, 35.739676 ], [ 139.806157, 35.739788 ], [ 139.806554, 35.739956 ], [ 139.806965, 35.740085 ], [ 139.807044, 35.740113 ], [ 139.807251, 35.740192 ], [ 139.807366, 35.740246 ], [ 139.807955, 35.740472 ], [ 139.808142, 35.740528 ], [ 139.808169, 35.740531 ], [ 139.808467, 35.740636 ], [ 139.808717, 35.740733 ], [ 139.808922, 35.740765 ], [ 139.809239, 35.740848 ], [ 139.809519, 35.740959 ], [ 139.809975, 35.74109 ], [ 139.81022, 35.741126 ], [ 139.810546, 35.741206 ], [ 139.810998, 35.741237 ], [ 139.81129, 35.741231 ], [ 139.812021, 35.741068 ], [ 139.812209, 35.741027 ], [ 139.812396, 35.740986 ], [ 139.812692, 35.740908 ], [ 139.812742, 35.740897 ], [ 139.813141, 35.740767 ], [ 139.813387, 35.740643 ], [ 139.813505, 35.740572 ], [ 139.813653, 35.740476 ], [ 139.813853, 35.740294 ], [ 139.813969, 35.740149 ], [ 139.814172, 35.739881 ], [ 139.814267, 35.739714 ], [ 139.8143, 35.739626 ], [ 139.814374, 35.739504 ], [ 139.814504, 35.739227 ], [ 139.814574, 35.739047 ], [ 139.814603, 35.738888 ], [ 139.814604, 35.73875 ], [ 139.814627, 35.738508 ] ] ] } },
{ "type": "Feature", "properties": { "key": "荒川区|荒川1丁目", "ward": "荒川区", "town": "荒川１丁目" }, "geometry": { "type": "Polygon", "coordinates": [ [ [ 139.788551, 35.737082 ], [ 139.788573, 35.737036 ], [ 139.788574, 35.737028 ], [ 139.788576, 35.736999 ], [ 139.788597, 35.736708 ], [ 139.7886, 35.736589 ], [ 139.788636, 35.736518 ], [ 139.788639, 35.736432 ], [ 139.788639, 35.73642 ], [ 139.788646, 35.736217 ], [ 139.788664, 35.736176 ], [ 139.788682, 35.736179 ], [ 139.788743, 35.736 ], [ 139.78887, 35.735811 ], [ 139.788877, 35.735785 ], [ 139.788628, 35.735773 ], [ 139.788502, 35.735766 ], [ 139.78847, 35.735761 ], [ 139.788538, 35.735476 ], [ 139.788539, 35.735473 ], [ 139.788539, 35.735468 ], [ 139.788547, 35.735296 ], [ 139.788563, 35.734944 ], [ 139.788651, 35.734888 ], [ 139.78866, 35.734883 ], [ 139.789019, 35.734639 ], [ 139.78918, 35.73453 ], [ 139.789099, 35.734407 ], [ 139.78894, 35.734168 ], [ 139.788718, 35.733834 ], [ 139.788684, 35.733782 ], [ 139.788508, 35.733504 ], [ 139.788431, 35.733394 ], [ 139.78841, 35.733364 ], [ 139.788191, 35.733051 ], [ 139.788035, 35.732829 ], [ 139.787762, 35.732437 ], [ 139.787931, 35.732336 ], [ 139.788141, 35.732212 ], [ 139.788372, 35.732074 ], [ 139.788638, 35.731916 ], [ 139.788717, 35.731869 ], [ 139.788682, 35.731873 ], [ 139.788513, 35.731894 ], [ 139.787905, 35.73197 ], [ 139.787693, 35.731996 ], [ 139.786906, 35.732094 ], [ 139.786755, 35.732113 ], [ 139.786633, 35.732129 ], [ 139.786179, 35.732188 ], [ 139.785618, 35.732275 ], [ 139.785116, 35.732337 ], [ 139.785101, 35.732339 ], [ 139.784607, 35.732382 ], [ 139.784332, 35.732413 ], [ 139.784096, 35.732436 ], [ 139.784046, 35.732441 ], [ 139.784035, 35.732442 ], [ 139.784071, 35.732612 ], [ 139.784125, 35.732794 ], [ 139.784182, 35.733009 ], [ 139.784271, 35.733238 ], [ 139.784363, 35.733474 ], [ 139.784371, 35.733492 ], [ 139.784632, 35.734248 ], [ 139.784697, 35.734433 ], [ 139.784706, 35.734458 ], [ 139.784796, 35.7347 ], [ 139.784867, 35.734739 ], [ 139.784961, 35.734778 ], [ 139.784918, 35.734877 ], [ 139.784855, 35.735008 ], [ 139.784809, 35.735178 ], [ 139.784832, 35.73536 ], [ 139.784946, 35.735711 ], [ 139.78499, 35.735844 ], [ 139.785056, 35.73603 ], [ 139.785076, 35.736085 ], [ 139.785139, 35.73626 ], [ 139.785187, 35.736391 ], [ 139.785173, 35.736405 ], [ 139.784994, 35.73657 ], [ 139.784923, 35.73664 ], [ 139.78481, 35.736812 ], [ 139.784733, 35.736987 ], [ 139.784699, 35.737156 ], [ 139.784735, 35.737156 ], [ 139.785221, 35.737154 ], [ 139.78525, 35.737154 ], [ 139.786199, 35.737152 ], [ 139.786446, 35.737151 ], [ 139.786457, 35.737201 ], [ 139.786431, 35.737852 ], [ 139.786757, 35.7378 ], [ 139.786998, 35.737737 ], [ 139.787229, 35.737703 ], [ 139.78731, 35.737685 ], [ 139.787876, 35.737505 ], [ 139.788221, 35.737395 ], [ 139.78835, 35.737385 ], [ 139.788371, 35.737366 ], [ 139.788449, 35.737296 ], [ 139.788551, 35.737082 ] ] ] } },
{ "type": "Feature", "properties": { "key": "荒川区|荒川2丁目", "ward": "荒川区", "town": "荒川２丁目" }, "geometry": { "type": "Polygon", "coordinates": [ [ [ 139.784299, 35.740628 ], [ 139.784327, 35.740627 ], [ 139.784616, 35.740617 ], [ 139.784763, 35.740614 ], [ 139.784764, 35.740595 ], [ 139.784761, 35.740251 ], [ 139.784757, 35.739819 ], [ 139.784755, 35.739538 ], [ 139.784754, 35.739482 ], [ 139.784753, 35.739247 ], [ 139.784748, 35.738712 ], [ 139.784744, 35.738258 ], [ 139.784739, 35.737646 ], [ 139.784735, 35.737156 ], [ 139.784699, 35.737156 ], [ 139.784733, 35.736987 ], [ 139.78481, 35.736812 ], [ 139.784923, 35.73664 ], [ 139.784994, 35.73657 ], [ 139.785173, 35.736405 ], [ 139.785187, 35.736391 ], [ 139.785139, 35.73626 ], [ 139.785076, 35.736085 ], [ 139.785056, 35.73603 ], [ 139.78499, 35.735844 ], [ 139.784946, 35.735711 ], [ 139.784832, 35.73536 ], [ 139.784809, 35.735178 ], [ 139.784855, 35.735008 ], [ 139.784918, 35.734877 ], [ 139.784961, 35.734778 ], [ 139.784882, 35.734793 ], [ 139.784827, 35.734817 ], [ 139.784744, 35.734783 ], [ 139.784361, 35.7349 ], [ 139.78396, 35.735016 ], [ 139.783699, 35.735091 ], [ 139.783249, 35.73522 ], [ 139.783188, 35.735238 ], [ 139.782773, 35.735356 ], [ 139.782742, 35.735365 ], [ 139.782425, 35.735456 ], [ 139.782361, 35.735474 ], [ 139.781972, 35.735586 ], [ 139.781911, 35.735603 ], [ 139.781881, 35.735988 ], [ 139.781857, 35.736293 ], [ 139.781855, 35.736327 ], [ 139.781872, 35.736565 ], [ 139.781857, 35.736733 ], [ 139.781782, 35.737255 ], [ 139.781777, 35.737287 ], [ 139.781665, 35.737831 ], [ 139.781658, 35.737952 ], [ 139.781656, 35.737969 ], [ 139.781669, 35.738421 ], [ 139.78167, 35.738564 ], [ 139.781677, 35.738662 ], [ 139.781677, 35.73867 ], [ 139.781661, 35.738891 ], [ 139.78165, 35.739095 ], [ 139.781657, 35.739252 ], [ 139.781678, 35.739569 ], [ 139.781687, 35.739773 ], [ 139.781689, 35.739861 ], [ 139.781691, 35.739939 ], [ 139.781688, 35.740091 ], [ 139.781662, 35.740374 ], [ 139.781683, 35.740562 ], [ 139.781786, 35.74057 ], [ 139.78208, 35.740558 ], [ 139.782273, 35.740587 ], [ 139.782492, 35.740639 ], [ 139.782694, 35.740634 ], [ 139.782882, 35.740655 ], [ 139.782899, 35.740657 ], [ 139.783226, 35.740665 ], [ 139.783613, 35.740652 ], [ 139.783873, 35.740643 ], [ 139.783909, 35.740641 ], [ 139.784299, 35.740628 ] ] ] } },
{ "type": "Feature", "properties": { "key": "荒川区|荒川3丁目", "ward": "荒川区", "town": "荒川３丁目" }, "geometry": { "type": "Polygon", "coordinates": [ [ [ 139.784744, 35.734783 ], [ 139.784827, 35.734817 ], [ 139.784882, 35.734793 ], [ 139.784961, 35.734778 ], [ 139.784867, 35.734739 ], [ 139.784796, 35.7347 ], [ 139.784706, 35.734458 ], [ 139.784697, 35.734433 ], [ 139.784632, 35.734248 ], [ 139.784371, 35.733492 ], [ 139.784363, 35.733474 ], [ 139.784271, 35.733238 ], [ 139.784182, 35.733009 ], [ 139.784125, 35.732794 ], [ 139.784071, 35.732612 ], [ 139.784035, 35.732442 ], [ 139.783483, 35.732511 ], [ 139.783455, 35.732515 ], [ 139.783325, 35.73253 ], [ 139.783251, 35.732556 ], [ 139.782952, 35.732598 ], [ 139.782511, 35.732654 ], [ 139.782431, 35.732651 ], [ 139.782409, 35.732651 ], [ 139.782164, 35.732686 ], [ 139.782041, 35.732724 ], [ 139.781903, 35.732744 ], [ 139.78135, 35.732806 ], [ 139.78083, 35.732874 ], [ 139.780472, 35.732918 ], [ 139.780004, 35.732969 ], [ 139.779683, 35.733021 ], [ 139.779432, 35.733061 ], [ 139.77935, 35.733069 ], [ 139.778739, 35.733186 ], [ 139.778738, 35.733233 ], [ 139.778729, 35.733505 ], [ 139.778727, 35.733522 ], [ 139.778675, 35.733856 ], [ 139.778652, 35.733931 ], [ 139.778681, 35.73393 ], [ 139.778582, 35.734104 ], [ 139.77824, 35.734533 ], [ 139.778138, 35.734662 ], [ 139.778129, 35.734697 ], [ 139.77796, 35.734922 ], [ 139.777808, 35.735124 ], [ 139.7777, 35.735265 ], [ 139.777617, 35.735371 ], [ 139.777403, 35.735649 ], [ 139.777285, 35.735789 ], [ 139.777123, 35.735994 ], [ 139.776889, 35.736289 ], [ 139.776701, 35.736515 ], [ 139.776633, 35.736636 ], [ 139.776652, 35.736727 ], [ 139.776659, 35.736761 ], [ 139.776735, 35.736822 ], [ 139.777082, 35.737101 ], [ 139.77757, 35.736949 ], [ 139.77761, 35.736936 ], [ 139.777733, 35.736904 ], [ 139.777816, 35.736869 ], [ 139.778203, 35.736759 ], [ 139.778514, 35.73666 ], [ 139.778822, 35.736594 ], [ 139.778844, 35.73659 ], [ 139.779059, 35.736529 ], [ 139.779523, 35.73638 ], [ 139.77964, 35.736348 ], [ 139.779714, 35.736321 ], [ 139.779857, 35.736269 ], [ 139.779967, 35.736244 ], [ 139.780048, 35.736224 ], [ 139.780312, 35.736145 ], [ 139.780449, 35.736068 ], [ 139.78066, 35.736012 ], [ 139.780858, 35.735942 ], [ 139.781089, 35.735869 ], [ 139.781417, 35.735751 ], [ 139.78146, 35.735738 ], [ 139.781756, 35.735648 ], [ 139.781911, 35.735603 ], [ 139.781972, 35.735586 ], [ 139.782361, 35.735474 ], [ 139.782425, 35.735456 ], [ 139.782742, 35.735365 ], [ 139.782773, 35.735356 ], [ 139.783188, 35.735238 ], [ 139.783249, 35.73522 ], [ 139.783699, 35.735091 ], [ 139.78396, 35.735016 ], [ 139.784361, 35.7349 ], [ 139.784744, 35.734783 ] ] ] } },
{ "type": "Feature", "properties": { "key": "荒川区|荒川4丁目", "ward": "荒川区", "town": "荒川４丁目" }, "geometry": { "type": "Polygon", "coordinates": [ [ [ 139.781688, 35.740091 ], [ 139.781691, 35.739939 ], [ 139.781689, 35.739861 ], [ 139.781687, 35.739773 ], [ 139.781678, 35.739569 ], [ 139.781657, 35.739252 ], [ 139.78165, 35.739095 ], [ 139.781661, 35.738891 ], [ 139.781677, 35.73867 ], [ 139.781677, 35.738662 ], [ 139.78167, 35.738564 ], [ 139.781669, 35.738421 ], [ 139.781656, 35.737969 ], [ 139.781658, 35.737952 ], [ 139.781665, 35.737831 ], [ 139.781777, 35.737287 ], [ 139.781782, 35.737255 ], [ 139.781857, 35.736733 ], [ 139.781872, 35.736565 ], [ 139.781855, 35.736327 ], [ 139.781857, 35.736293 ], [ 139.781881, 35.735988 ], [ 139.781911, 35.735603 ], [ 139.781756, 35.735648 ], [ 139.78146, 35.735738 ], [ 139.781417, 35.735751 ], [ 139.781089, 35.735869 ], [ 139.780858, 35.735942 ], [ 139.78066, 35.736012 ], [ 139.780449, 35.736068 ], [ 139.780312, 35.736145 ], [ 139.780048, 35.736224 ], [ 139.779967, 35.736244 ], [ 139.779857, 35.736269 ], [ 139.779714, 35.736321 ], [ 139.77964, 35.736348 ], [ 139.779523, 35.73638 ], [ 139.779059, 35.736529 ], [ 139.778844, 35.73659 ], [ 139.778822, 35.736594 ], [ 139.778514, 35.73666 ], [ 139.778203, 35.736759 ], [ 139.777816, 35.736869 ], [ 139.777733, 35.736904 ], [ 139.77761, 35.736936 ], [ 139.77757, 35.736949 ], [ 139.777082, 35.737101 ], [ 139.777006, 35.737201 ], [ 139.776986, 35.737286 ], [ 139.777113, 35.737567 ], [ 139.777271, 35.737769 ], [ 139.7773, 35.737813 ], [ 139.77735, 35.737891 ], [ 139.777412, 35.737968 ], [ 139.777487, 35.738061 ], [ 139.77756, 35.738176 ], [ 139.777683, 35.738355 ], [ 139.777696, 35.738384 ], [ 139.777903, 35.738756 ], [ 139.777949, 35.738795 ], [ 139.778096, 35.73903 ], [ 139.778112, 35.739066 ], [ 139.778118, 35.739079 ], [ 139.778567, 35.739741 ], [ 139.778733, 35.74003 ], [ 139.779075, 35.740006 ], [ 139.779238, 35.739999 ], [ 139.779259, 35.739998 ], [ 139.779664, 35.739982 ], [ 139.780069, 35.739978 ], [ 139.7802, 35.739976 ], [ 139.780212, 35.739977 ], [ 139.780565, 35.739987 ], [ 139.780583, 35.739991 ], [ 139.780612, 35.739996 ], [ 139.780734, 35.740024 ], [ 139.780911, 35.740116 ], [ 139.781005, 35.740163 ], [ 139.781085, 35.740191 ], [ 139.781154, 35.740195 ], [ 139.781171, 35.740195 ], [ 139.781289, 35.74019 ], [ 139.781382, 35.740238 ], [ 139.781533, 35.740458 ], [ 139.781581, 35.740543 ], [ 139.781683, 35.740562 ], [ 139.781662, 35.740374 ], [ 139.781688, 35.740091 ] ] ] } },
{ "type": "Feature", "properties": { "key": "荒川区|荒川5丁目", "ward": "荒川区", "town": "荒川５丁目" }, "geometry": { "type": "Polygon", "coordinates": [ [ [ 139.776298, 35.740226 ], [ 139.776703, 35.740455 ], [ 139.776761, 35.740488 ], [ 139.776833, 35.740529 ], [ 139.776958, 35.740598 ], [ 139.776961, 35.740594 ], [ 139.777091, 35.740428 ], [ 139.777242, 35.740501 ], [ 139.777306, 35.740517 ], [ 139.777374, 35.740521 ], [ 139.77746, 35.740512 ], [ 139.777541, 35.7405 ], [ 139.777597, 35.740493 ], [ 139.777725, 35.740456 ], [ 139.777889, 35.740395 ], [ 139.777976, 35.740346 ], [ 139.778124, 35.740261 ], [ 139.778255, 35.740178 ], [ 139.778505, 35.740095 ], [ 139.778578, 35.740074 ], [ 139.778669, 35.740048 ], [ 139.778691, 35.740042 ], [ 139.778733, 35.74003 ], [ 139.778567, 35.739741 ], [ 139.778118, 35.739079 ], [ 139.778112, 35.739066 ], [ 139.778096, 35.73903 ], [ 139.777949, 35.738795 ], [ 139.777903, 35.738756 ], [ 139.777696, 35.738384 ], [ 139.777683, 35.738355 ], [ 139.77756, 35.738176 ], [ 139.777487, 35.738061 ], [ 139.777412, 35.737968 ], [ 139.77735, 35.737891 ], [ 139.7773, 35.737813 ], [ 139.777271, 35.737769 ], [ 139.777113, 35.737567 ], [ 139.776986, 35.737286 ], [ 139.777006, 35.737201 ], [ 139.777082, 35.737101 ], [ 139.776924, 35.737139 ], [ 139.776779, 35.73716 ], [ 139.776591, 35.737185 ], [ 139.776015, 35.737279 ], [ 139.775884, 35.737295 ], [ 139.775785, 35.737307 ], [ 139.77563, 35.737326 ], [ 139.775289, 35.737387 ], [ 139.775228, 35.737406 ], [ 139.774986, 35.737453 ], [ 139.774661, 35.737516 ], [ 139.77465, 35.737459 ], [ 139.77459, 35.737527 ], [ 139.774373, 35.737562 ], [ 139.77412, 35.737602 ], [ 139.773331, 35.737729 ], [ 139.772953, 35.737789 ], [ 139.772956, 35.737805 ], [ 139.773088, 35.738311 ], [ 139.773091, 35.738323 ], [ 139.773106, 35.738357 ], [ 139.773173, 35.738506 ], [ 139.77327, 35.738639 ], [ 139.773284, 35.738658 ], [ 139.77334, 35.738712 ], [ 139.773356, 35.738728 ], [ 139.773586, 35.738933 ], [ 139.77364, 35.738965 ], [ 139.773738, 35.739054 ], [ 139.773753, 35.739084 ], [ 139.773341, 35.739372 ], [ 139.773355, 35.739392 ], [ 139.773599, 35.739786 ], [ 139.773707, 35.740022 ], [ 139.773899, 35.740434 ], [ 139.774099, 35.740854 ], [ 139.774485, 35.740724 ], [ 139.774512, 35.740715 ], [ 139.774509, 35.740707 ], [ 139.774618, 35.740681 ], [ 139.774872, 35.740621 ], [ 139.775058, 35.74057 ], [ 139.775068, 35.740567 ], [ 139.775706, 35.74039 ], [ 139.776286, 35.74023 ], [ 139.776298, 35.740226 ] ] ] } },
{ "type": "Feature", "properties": { "key": "荒川区|荒川6丁目", "ward": "荒川区", "town": "荒川６丁目" }, "geometry": { "type": "Polygon", "coordinates": [ [ [ 139.776918, 35.743694 ], [ 139.777108, 35.743628 ], [ 139.77753, 35.743528 ], [ 139.777604, 35.743513 ], [ 139.77763, 35.743508 ], [ 139.777637, 35.743506 ], [ 139.777653, 35.743502 ], [ 139.777683, 35.743495 ], [ 139.777945, 35.74344 ], [ 139.77815, 35.743397 ], [ 139.778297, 35.74336 ], [ 139.778547, 35.7433 ], [ 139.778573, 35.743295 ], [ 139.779298, 35.74314 ], [ 139.779591, 35.743097 ], [ 139.780072, 35.743015 ], [ 139.78032, 35.742957 ], [ 139.780617, 35.742908 ], [ 139.780624, 35.742868 ], [ 139.780595, 35.742807 ], [ 139.780378, 35.742536 ], [ 139.780258, 35.74234 ], [ 139.780249, 35.742326 ], [ 139.780216, 35.742272 ], [ 139.78012, 35.742119 ], [ 139.780042, 35.741994 ], [ 139.780014, 35.741949 ], [ 139.779931, 35.741817 ], [ 139.779926, 35.741807 ], [ 139.779924, 35.741804 ], [ 139.779912, 35.741787 ], [ 139.779736, 35.741507 ], [ 139.779727, 35.741492 ], [ 139.779718, 35.741478 ], [ 139.779478, 35.741117 ], [ 139.779443, 35.741064 ], [ 139.779237, 35.740765 ], [ 139.779218, 35.740737 ], [ 139.77904, 35.740476 ], [ 139.778889, 35.740359 ], [ 139.778845, 35.740157 ], [ 139.778691, 35.740042 ], [ 139.778669, 35.740048 ], [ 139.778578, 35.740074 ], [ 139.778505, 35.740095 ], [ 139.778255, 35.740178 ], [ 139.778124, 35.740261 ], [ 139.777976, 35.740346 ], [ 139.777889, 35.740395 ], [ 139.777725, 35.740456 ], [ 139.777597, 35.740493 ], [ 139.777541, 35.7405 ], [ 139.77746, 35.740512 ], [ 139.777374, 35.740521 ], [ 139.777306, 35.740517 ], [ 139.777242, 35.740501 ], [ 139.777091, 35.740428 ], [ 139.776961, 35.740594 ], [ 139.776958, 35.740598 ], [ 139.776833, 35.740529 ], [ 139.776761, 35.740488 ], [ 139.776703, 35.740455 ], [ 139.776298, 35.740226 ], [ 139.776286, 35.74023 ], [ 139.775706, 35.74039 ], [ 139.775068, 35.740567 ], [ 139.775058, 35.74057 ], [ 139.774872, 35.740621 ], [ 139.774618, 35.740681 ], [ 139.774509, 35.740707 ], [ 139.774512, 35.740715 ], [ 139.774485, 35.740724 ], [ 139.774099, 35.740854 ], [ 139.774038, 35.740875 ], [ 139.77411, 35.741151 ], [ 139.774172, 35.741218 ], [ 139.774341, 35.741412 ], [ 139.774443, 35.741506 ], [ 139.774551, 35.741607 ], [ 139.774589, 35.741634 ], [ 139.774657, 35.741826 ], [ 139.77466, 35.74183 ], [ 139.774671, 35.741846 ], [ 139.774796, 35.741985 ], [ 139.774925, 35.742107 ], [ 139.774955, 35.742136 ], [ 139.775001, 35.742198 ], [ 139.775083, 35.742348 ], [ 139.775172, 35.742453 ], [ 139.775225, 35.742507 ], [ 139.775294, 35.742557 ], [ 139.775306, 35.742566 ], [ 139.775227, 35.742667 ], [ 139.775207, 35.742692 ], [ 139.775304, 35.742903 ], [ 139.775345, 35.74301 ], [ 139.775365, 35.743096 ], [ 139.775372, 35.743128 ], [ 139.775282, 35.743226 ], [ 139.775095, 35.743426 ], [ 139.775077, 35.743445 ], [ 139.775211, 35.743621 ], [ 139.775384, 35.743848 ], [ 139.775389, 35.743847 ], [ 139.775451, 35.743829 ], [ 139.775615, 35.743767 ], [ 139.775625, 35.743799 ], [ 139.77566, 35.744099 ], [ 139.775688, 35.744263 ], [ 139.775735, 35.744459 ], [ 139.776076, 35.744238 ], [ 139.776387, 35.74399 ], [ 139.776543, 35.743889 ], [ 139.776759, 35.743774 ], [ 139.776918, 35.743694 ] ] ] } },
{ "type": "Feature", "properties": { "key": "荒川区|荒川7丁目", "ward": "荒川区", "town": "荒川７丁目" }, "geometry": { "type": "Polygon", "coordinates": [ [ [ 139.784347, 35.743426 ], [ 139.784376, 35.743429 ], [ 139.784753, 35.743472 ], [ 139.78477, 35.743432 ], [ 139.784764, 35.743374 ], [ 139.784765, 35.742799 ], [ 139.784777, 35.742672 ], [ 139.784779, 35.742658 ], [ 139.784757, 35.742205 ], [ 139.784757, 35.74212 ], [ 139.784757, 35.741806 ], [ 139.784758, 35.741496 ], [ 139.784735, 35.741153 ], [ 139.784763, 35.740614 ], [ 139.784616, 35.740617 ], [ 139.784327, 35.740627 ], [ 139.784299, 35.740628 ], [ 139.783909, 35.740641 ], [ 139.783873, 35.740643 ], [ 139.783613, 35.740652 ], [ 139.783226, 35.740665 ], [ 139.782899, 35.740657 ], [ 139.782882, 35.740655 ], [ 139.782694, 35.740634 ], [ 139.782492, 35.740639 ], [ 139.782273, 35.740587 ], [ 139.78208, 35.740558 ], [ 139.781786, 35.74057 ], [ 139.781683, 35.740562 ], [ 139.781581, 35.740543 ], [ 139.781533, 35.740458 ], [ 139.781382, 35.740238 ], [ 139.781289, 35.74019 ], [ 139.781171, 35.740195 ], [ 139.781154, 35.740195 ], [ 139.781085, 35.740191 ], [ 139.781005, 35.740163 ], [ 139.780911, 35.740116 ], [ 139.780734, 35.740024 ], [ 139.780612, 35.739996 ], [ 139.780583, 35.739991 ], [ 139.780565, 35.739987 ], [ 139.780212, 35.739977 ], [ 139.7802, 35.739976 ], [ 139.780069, 35.739978 ], [ 139.779664, 35.739982 ], [ 139.779259, 35.739998 ], [ 139.779238, 35.739999 ], [ 139.779075, 35.740006 ], [ 139.778733, 35.74003 ], [ 139.778691, 35.740042 ], [ 139.778845, 35.740157 ], [ 139.778889, 35.740359 ], [ 139.77904, 35.740476 ], [ 139.779218, 35.740737 ], [ 139.779237, 35.740765 ], [ 139.779443, 35.741064 ], [ 139.779478, 35.741117 ], [ 139.779718, 35.741478 ], [ 139.779727, 35.741492 ], [ 139.779736, 35.741507 ], [ 139.779912, 35.741787 ], [ 139.779924, 35.741804 ], [ 139.779926, 35.741807 ], [ 139.779931, 35.741817 ], [ 139.780014, 35.741949 ], [ 139.780042, 35.741994 ], [ 139.78012, 35.742119 ], [ 139.780216, 35.742272 ], [ 139.780249, 35.742326 ], [ 139.780258, 35.74234 ], [ 139.780378, 35.742536 ], [ 139.780595, 35.742807 ], [ 139.780624, 35.742868 ], [ 139.780653, 35.742861 ], [ 139.780724, 35.742858 ], [ 139.780775, 35.742898 ], [ 139.780922, 35.742862 ], [ 139.781242, 35.742777 ], [ 139.781398, 35.742735 ], [ 139.781855, 35.742648 ], [ 139.781911, 35.742699 ], [ 139.782032, 35.74278 ], [ 139.782187, 35.742876 ], [ 139.782434, 35.74301 ], [ 139.782436, 35.743011 ], [ 139.782732, 35.743147 ], [ 139.783033, 35.743255 ], [ 139.783442, 35.743368 ], [ 139.783784, 35.743426 ], [ 139.784336, 35.743487 ], [ 139.784347, 35.743426 ] ] ] } },
{ "type": "Feature", "properties": { "key": "荒川区|荒川8丁目", "ward": "荒川区", "town": "荒川８丁目" }, "geometry": { "type": "Polygon", "coordinates": [ [ [ 139.788622, 35.737748 ], [ 139.788613, 35.737736 ], [ 139.788391, 35.737397 ], [ 139.788377, 35.737375 ], [ 139.788371, 35.737366 ], [ 139.78835, 35.737385 ], [ 139.788221, 35.737395 ], [ 139.787876, 35.737505 ], [ 139.78731, 35.737685 ], [ 139.787229, 35.737703 ], [ 139.786998, 35.737737 ], [ 139.786757, 35.7378 ], [ 139.786431, 35.737852 ], [ 139.786457, 35.737201 ], [ 139.786446, 35.737151 ], [ 139.786199, 35.737152 ], [ 139.78525, 35.737154 ], [ 139.785221, 35.737154 ], [ 139.784735, 35.737156 ], [ 139.784739, 35.737646 ], [ 139.784744, 35.738258 ], [ 139.784748, 35.738712 ], [ 139.784753, 35.739247 ], [ 139.784754, 35.739482 ], [ 139.784755, 35.739538 ], [ 139.784757, 35.739819 ], [ 139.784761, 35.740251 ], [ 139.784764, 35.740595 ], [ 139.784763, 35.740614 ], [ 139.784735, 35.741153 ], [ 139.784758, 35.741496 ], [ 139.784757, 35.741806 ], [ 139.784757, 35.74212 ], [ 139.784757, 35.742205 ], [ 139.784779, 35.742658 ], [ 139.784777, 35.742672 ], [ 139.784765, 35.742799 ], [ 139.784764, 35.743374 ], [ 139.78477, 35.743432 ], [ 139.785089, 35.743501 ], [ 139.785154, 35.743515 ], [ 139.785487, 35.743602 ], [ 139.785628, 35.743634 ], [ 139.785659, 35.743639 ], [ 139.78574, 35.74365 ], [ 139.786382, 35.743666 ], [ 139.786487, 35.743675 ], [ 139.78723, 35.743775 ], [ 139.787789, 35.743803 ], [ 139.788103, 35.743818 ], [ 139.78863, 35.743912 ], [ 139.788819, 35.743975 ], [ 139.789117, 35.744098 ], [ 139.789164, 35.744019 ], [ 139.789306, 35.743835 ], [ 139.789371, 35.743777 ], [ 139.789561, 35.743518 ], [ 139.789643, 35.743407 ], [ 139.790572, 35.74227 ], [ 139.790783, 35.742011 ], [ 139.790956, 35.741808 ], [ 139.791138, 35.741616 ], [ 139.791424, 35.741388 ], [ 139.791263, 35.741288 ], [ 139.791211, 35.741255 ], [ 139.791008, 35.741165 ], [ 139.790932, 35.741101 ], [ 139.790799, 35.741021 ], [ 139.790655, 35.740935 ], [ 139.790608, 35.740904 ], [ 139.790446, 35.740742 ], [ 139.7904, 35.74069 ], [ 139.790276, 35.740408 ], [ 139.790272, 35.740394 ], [ 139.79022, 35.740221 ], [ 139.790199, 35.740152 ], [ 139.789945, 35.739653 ], [ 139.789931, 35.739622 ], [ 139.789929, 35.739617 ], [ 139.789867, 35.73948 ], [ 139.789843, 35.739425 ], [ 139.789662, 35.739214 ], [ 139.789558, 35.739077 ], [ 139.789483, 35.738958 ], [ 139.789333, 35.738754 ], [ 139.789315, 35.738726 ], [ 139.789235, 35.738601 ], [ 139.789042, 35.738375 ], [ 139.789032, 35.738361 ], [ 139.788997, 35.73831 ], [ 139.788987, 35.738297 ], [ 139.788906, 35.738195 ], [ 139.78879, 35.738005 ], [ 139.788622, 35.737748 ] ] ] } },
{ "type": "Feature", "properties": { "key": "荒川区|町屋1丁目", "ward": "荒川区", "town": "町屋１丁目" }, "geometry": { "type": "Polygon", "coordinates": [ [ [ 139.786352, 35.745483 ], [ 139.788414, 35.745565 ], [ 139.788482, 35.745354 ], [ 139.788532, 35.745261 ], [ 139.788597, 35.745069 ], [ 139.788734, 35.744823 ], [ 139.788856, 35.744586 ], [ 139.788948, 35.744445 ], [ 139.788984, 35.744347 ], [ 139.789015, 35.744273 ], [ 139.789117, 35.744098 ], [ 139.788819, 35.743975 ], [ 139.78863, 35.743912 ], [ 139.788103, 35.743818 ], [ 139.787789, 35.743803 ], [ 139.78723, 35.743775 ], [ 139.786487, 35.743675 ], [ 139.786382, 35.743666 ], [ 139.78574, 35.74365 ], [ 139.785659, 35.743639 ], [ 139.785628, 35.743634 ], [ 139.785487, 35.743602 ], [ 139.785154, 35.743515 ], [ 139.785089, 35.743501 ], [ 139.78477, 35.743432 ], [ 139.784753, 35.743472 ], [ 139.784376, 35.743429 ], [ 139.784347, 35.743426 ], [ 139.784336, 35.743487 ], [ 139.783784, 35.743426 ], [ 139.783442, 35.743368 ], [ 139.783033, 35.743255 ], [ 139.782732, 35.743147 ], [ 139.782436, 35.743011 ], [ 139.782434, 35.74301 ], [ 139.782187, 35.742876 ], [ 139.782032, 35.74278 ], [ 139.781911, 35.742699 ], [ 139.781855, 35.742648 ], [ 139.781398, 35.742735 ], [ 139.781242, 35.742777 ], [ 139.780922, 35.742862 ], [ 139.780775, 35.742898 ], [ 139.780724, 35.742858 ], [ 139.780653, 35.742861 ], [ 139.780871, 35.743204 ], [ 139.780888, 35.743231 ], [ 139.781112, 35.743563 ], [ 139.78118, 35.743665 ], [ 139.781437, 35.74405 ], [ 139.781471, 35.744101 ], [ 139.781503, 35.744141 ], [ 139.781736, 35.744502 ], [ 139.781773, 35.744559 ], [ 139.781783, 35.74458 ], [ 139.782244, 35.745284 ], [ 139.782255, 35.745301 ], [ 139.782277, 35.745334 ], [ 139.782338, 35.745432 ], [ 139.782521, 35.745735 ], [ 139.782527, 35.745745 ], [ 139.782712, 35.746005 ], [ 139.78276, 35.746112 ], [ 139.782797, 35.746167 ], [ 139.783179, 35.746741 ], [ 139.783353, 35.747002 ], [ 139.783389, 35.747056 ], [ 139.783405, 35.747008 ], [ 139.783481, 35.746776 ], [ 139.78387, 35.746755 ], [ 139.783947, 35.74675 ], [ 139.784711, 35.746709 ], [ 139.784718, 35.746708 ], [ 139.784721, 35.746708 ], [ 139.784827, 35.746702 ], [ 139.78513, 35.746686 ], [ 139.78547, 35.746667 ], [ 139.785527, 35.746664 ], [ 139.785952, 35.746641 ], [ 139.786284, 35.746623 ], [ 139.786285, 35.746606 ], [ 139.786308, 35.746208 ], [ 139.786309, 35.746186 ], [ 139.786316, 35.746076 ], [ 139.78634, 35.745658 ], [ 139.786341, 35.745639 ], [ 139.786348, 35.745503 ], [ 139.786352, 35.745483 ] ] ] } },
{ "type": "Feature", "properties": { "key": "荒川区|町屋2丁目", "ward": "荒川区", "town": "町屋２丁目" }, "geometry": { "type": "Polygon", "coordinates": [ [ [ 139.777056, 35.745537 ], [ 139.777128, 35.745557 ], [ 139.777203, 35.745614 ], [ 139.777323, 35.745718 ], [ 139.777334, 35.745728 ], [ 139.777341, 35.745735 ], [ 139.777402, 35.745695 ], [ 139.777542, 35.745624 ], [ 139.777643, 35.745593 ], [ 139.777855, 35.745549 ], [ 139.777818, 35.745421 ], [ 139.777748, 35.745172 ], [ 139.777974, 35.745149 ], [ 139.778072, 35.745139 ], [ 139.778284, 35.745113 ], [ 139.778316, 35.745131 ], [ 139.778393, 35.745173 ], [ 139.778449, 35.745194 ], [ 139.778591, 35.7452 ], [ 139.778739, 35.745201 ], [ 139.778853, 35.745222 ], [ 139.778884, 35.745228 ], [ 139.779059, 35.745261 ], [ 139.779264, 35.745299 ], [ 139.779369, 35.745319 ], [ 139.779451, 35.745334 ], [ 139.779724, 35.745439 ], [ 139.779885, 35.745519 ], [ 139.779938, 35.745533 ], [ 139.779968, 35.745542 ], [ 139.780058, 35.745549 ], [ 139.780152, 35.745547 ], [ 139.780495, 35.745452 ], [ 139.780655, 35.745439 ], [ 139.780711, 35.745435 ], [ 139.780901, 35.745423 ], [ 139.781178, 35.745405 ], [ 139.781429, 35.745377 ], [ 139.781449, 35.745375 ], [ 139.781467, 35.745374 ], [ 139.781623, 35.745356 ], [ 139.781682, 35.745346 ], [ 139.781906, 35.745361 ], [ 139.78216, 35.745323 ], [ 139.782255, 35.745301 ], [ 139.782244, 35.745284 ], [ 139.781783, 35.74458 ], [ 139.781773, 35.744559 ], [ 139.781736, 35.744502 ], [ 139.781503, 35.744141 ], [ 139.781471, 35.744101 ], [ 139.781437, 35.74405 ], [ 139.78118, 35.743665 ], [ 139.781112, 35.743563 ], [ 139.780888, 35.743231 ], [ 139.780871, 35.743204 ], [ 139.780653, 35.742861 ], [ 139.780624, 35.742868 ], [ 139.780617, 35.742908 ], [ 139.78032, 35.742957 ], [ 139.780072, 35.743015 ], [ 139.779591, 35.743097 ], [ 139.779298, 35.74314 ], [ 139.778573, 35.743295 ], [ 139.778547, 35.7433 ], [ 139.778297, 35.74336 ], [ 139.77815, 35.743397 ], [ 139.777945, 35.74344 ], [ 139.777683, 35.743495 ], [ 139.777653, 35.743502 ], [ 139.777637, 35.743506 ], [ 139.77763, 35.743508 ], [ 139.777604, 35.743513 ], [ 139.77753, 35.743528 ], [ 139.777108, 35.743628 ], [ 139.776918, 35.743694 ], [ 139.776759, 35.743774 ], [ 139.776543, 35.743889 ], [ 139.776387, 35.74399 ], [ 139.776076, 35.744238 ], [ 139.775735, 35.744459 ], [ 139.775812, 35.744693 ], [ 139.775858, 35.744814 ], [ 139.775868, 35.74484 ], [ 139.775732, 35.744915 ], [ 139.775795, 35.745043 ], [ 139.775807, 35.745138 ], [ 139.775986, 35.74536 ], [ 139.775989, 35.745365 ], [ 139.775998, 35.745379 ], [ 139.776009, 35.745396 ], [ 139.776213, 35.745714 ], [ 139.776191, 35.745738 ], [ 139.776207, 35.745777 ], [ 139.776056, 35.74588 ], [ 139.776088, 35.746013 ], [ 139.776707, 35.74575 ], [ 139.776827, 35.745682 ], [ 139.777056, 35.745537 ] ] ] } },
{ "type": "Feature", "properties": { "key": "荒川区|町屋3丁目", "ward": "荒川区", "town": "町屋３丁目" }, "geometry": { "type": "Polygon", "coordinates": [ [ [ 139.785051, 35.749469 ], [ 139.784924, 35.749291 ], [ 139.784889, 35.749241 ], [ 139.784848, 35.749176 ], [ 139.784769, 35.749055 ], [ 139.784479, 35.748616 ], [ 139.784313, 35.748365 ], [ 139.784302, 35.748338 ], [ 139.784298, 35.748328 ], [ 139.78397, 35.747847 ], [ 139.783966, 35.747924 ], [ 139.78389, 35.747809 ], [ 139.783761, 35.747615 ], [ 139.783755, 35.747606 ], [ 139.783463, 35.747167 ], [ 139.783416, 35.747097 ], [ 139.783389, 35.747056 ], [ 139.783353, 35.747002 ], [ 139.783179, 35.746741 ], [ 139.782797, 35.746167 ], [ 139.78276, 35.746112 ], [ 139.782712, 35.746005 ], [ 139.782527, 35.745745 ], [ 139.782521, 35.745735 ], [ 139.782338, 35.745432 ], [ 139.782277, 35.745334 ], [ 139.782255, 35.745301 ], [ 139.78216, 35.745323 ], [ 139.781906, 35.745361 ], [ 139.781682, 35.745346 ], [ 139.781623, 35.745356 ], [ 139.781467, 35.745374 ], [ 139.781449, 35.745375 ], [ 139.781429, 35.745377 ], [ 139.781178, 35.745405 ], [ 139.780901, 35.745423 ], [ 139.780711, 35.745435 ], [ 139.780655, 35.745439 ], [ 139.780495, 35.745452 ], [ 139.780152, 35.745547 ], [ 139.780058, 35.745549 ], [ 139.779968, 35.745542 ], [ 139.779938, 35.745533 ], [ 139.779885, 35.745519 ], [ 139.779876, 35.745556 ], [ 139.779798, 35.745935 ], [ 139.779797, 35.746123 ], [ 139.779815, 35.746231 ], [ 139.779817, 35.746245 ], [ 139.779853, 35.746402 ], [ 139.779873, 35.746496 ], [ 139.779875, 35.746508 ], [ 139.779906, 35.746564 ], [ 139.779943, 35.746611 ], [ 139.779996, 35.746658 ], [ 139.78007, 35.746698 ], [ 139.780179, 35.746739 ], [ 139.780199, 35.746746 ], [ 139.780241, 35.746764 ], [ 139.780251, 35.746844 ], [ 139.780258, 35.746912 ], [ 139.780259, 35.74692 ], [ 139.780264, 35.747076 ], [ 139.780274, 35.747328 ], [ 139.780268, 35.747558 ], [ 139.780261, 35.747678 ], [ 139.780241, 35.748093 ], [ 139.780328, 35.748162 ], [ 139.780338, 35.748173 ], [ 139.780366, 35.748206 ], [ 139.780367, 35.748232 ], [ 139.780373, 35.748418 ], [ 139.780373, 35.748534 ], [ 139.780444, 35.748627 ], [ 139.780463, 35.748667 ], [ 139.780433, 35.748816 ], [ 139.780437, 35.749028 ], [ 139.780438, 35.749082 ], [ 139.780448, 35.749651 ], [ 139.780457, 35.749651 ], [ 139.780752, 35.749649 ], [ 139.780864, 35.749648 ], [ 139.780898, 35.749648 ], [ 139.780912, 35.749647 ], [ 139.78134, 35.749644 ], [ 139.781359, 35.749644 ], [ 139.781952, 35.749651 ], [ 139.782019, 35.749651 ], [ 139.782588, 35.749658 ], [ 139.782597, 35.749658 ], [ 139.782906, 35.749661 ], [ 139.783391, 35.749667 ], [ 139.783411, 35.749667 ], [ 139.783758, 35.749671 ], [ 139.783774, 35.749671 ], [ 139.784386, 35.749684 ], [ 139.78483, 35.749693 ], [ 139.785048, 35.749697 ], [ 139.785182, 35.749653 ], [ 139.785051, 35.749469 ] ] ] } },
{ "type": "Feature", "properties": { "key": "荒川区|町屋4丁目", "ward": "荒川区", "town": "町屋４丁目" }, "geometry": { "type": "Polygon", "coordinates": [ [ [ 139.779876, 35.745556 ], [ 139.779885, 35.745519 ], [ 139.779724, 35.745439 ], [ 139.779451, 35.745334 ], [ 139.779369, 35.745319 ], [ 139.779264, 35.745299 ], [ 139.779059, 35.745261 ], [ 139.778884, 35.745228 ], [ 139.778853, 35.745222 ], [ 139.778739, 35.745201 ], [ 139.778591, 35.7452 ], [ 139.778449, 35.745194 ], [ 139.778393, 35.745173 ], [ 139.778316, 35.745131 ], [ 139.778284, 35.745113 ], [ 139.778072, 35.745139 ], [ 139.777974, 35.745149 ], [ 139.777748, 35.745172 ], [ 139.777818, 35.745421 ], [ 139.777855, 35.745549 ], [ 139.777643, 35.745593 ], [ 139.777542, 35.745624 ], [ 139.777402, 35.745695 ], [ 139.777341, 35.745735 ], [ 139.777334, 35.745728 ], [ 139.777323, 35.745718 ], [ 139.777203, 35.745614 ], [ 139.777128, 35.745557 ], [ 139.777056, 35.745537 ], [ 139.776827, 35.745682 ], [ 139.776707, 35.74575 ], [ 139.776088, 35.746013 ], [ 139.776005, 35.746038 ], [ 139.77563, 35.746156 ], [ 139.775581, 35.746172 ], [ 139.775365, 35.746239 ], [ 139.775414, 35.746372 ], [ 139.775489, 35.746528 ], [ 139.7755, 35.74655 ], [ 139.775724, 35.746615 ], [ 139.775867, 35.746668 ], [ 139.775934, 35.746753 ], [ 139.775917, 35.746858 ], [ 139.775902, 35.746906 ], [ 139.775867, 35.747019 ], [ 139.775861, 35.747107 ], [ 139.775861, 35.747126 ], [ 139.775859, 35.747309 ], [ 139.775859, 35.747324 ], [ 139.775872, 35.747377 ], [ 139.775888, 35.747411 ], [ 139.775955, 35.747488 ], [ 139.776106, 35.747582 ], [ 139.776123, 35.747593 ], [ 139.776366, 35.747744 ], [ 139.776382, 35.747914 ], [ 139.776384, 35.747934 ], [ 139.776401, 35.748169 ], [ 139.776475, 35.748302 ], [ 139.776476, 35.748316 ], [ 139.776502, 35.748596 ], [ 139.776503, 35.748611 ], [ 139.776523, 35.748912 ], [ 139.776522, 35.749221 ], [ 139.776523, 35.749586 ], [ 139.77684, 35.749591 ], [ 139.776871, 35.749591 ], [ 139.777249, 35.749598 ], [ 139.777333, 35.749599 ], [ 139.77774, 35.749606 ], [ 139.777888, 35.749608 ], [ 139.778514, 35.749619 ], [ 139.778551, 35.749619 ], [ 139.778874, 35.749625 ], [ 139.779351, 35.749633 ], [ 139.779806, 35.74964 ], [ 139.779863, 35.749641 ], [ 139.780431, 35.749651 ], [ 139.780448, 35.749651 ], [ 139.780438, 35.749082 ], [ 139.780437, 35.749028 ], [ 139.780433, 35.748816 ], [ 139.780463, 35.748667 ], [ 139.780444, 35.748627 ], [ 139.780373, 35.748534 ], [ 139.780373, 35.748418 ], [ 139.780367, 35.748232 ], [ 139.780366, 35.748206 ], [ 139.780338, 35.748173 ], [ 139.780328, 35.748162 ], [ 139.780241, 35.748093 ], [ 139.780261, 35.747678 ], [ 139.780268, 35.747558 ], [ 139.780274, 35.747328 ], [ 139.780264, 35.747076 ], [ 139.780259, 35.74692 ], [ 139.780258, 35.746912 ], [ 139.780251, 35.746844 ], [ 139.780241, 35.746764 ], [ 139.780199, 35.746746 ], [ 139.780179, 35.746739 ], [ 139.78007, 35.746698 ], [ 139.779996, 35.746658 ], [ 139.779943, 35.746611 ], [ 139.779906, 35.746564 ], [ 139.779875, 35.746508 ], [ 139.779873, 35.746496 ], [ 139.779853, 35.746402 ], [ 139.779817, 35.746245 ], [ 139.779815, 35.746231 ], [ 139.779797, 35.746123 ], [ 139.779798, 35.745935 ], [ 139.779876, 35.745556 ] ] ] } },
{ "type": "Feature", "properties": { "key": "荒川区|町屋5丁目", "ward": "荒川区", "town": "町屋５丁目" }, "geometry": { "type": "Polygon", "coordinates": [ [ [ 139.781843, 35.752614 ], [ 139.781839, 35.752595 ], [ 139.781831, 35.75255 ], [ 139.781743, 35.752372 ], [ 139.781661, 35.752139 ], [ 139.781609, 35.752007 ], [ 139.781576, 35.751924 ], [ 139.781453, 35.751536 ], [ 139.781435, 35.751479 ], [ 139.781433, 35.751464 ], [ 139.781383, 35.751305 ], [ 139.781274, 35.751048 ], [ 139.781271, 35.751041 ], [ 139.781066, 35.750887 ], [ 139.781301, 35.750299 ], [ 139.781304, 35.750292 ], [ 139.78137, 35.75011 ], [ 139.78137, 35.750072 ], [ 139.78137, 35.750033 ], [ 139.781359, 35.749665 ], [ 139.781359, 35.749644 ], [ 139.78134, 35.749644 ], [ 139.780912, 35.749647 ], [ 139.780898, 35.749648 ], [ 139.780864, 35.749648 ], [ 139.780752, 35.749649 ], [ 139.780457, 35.749651 ], [ 139.780448, 35.749651 ], [ 139.780431, 35.749651 ], [ 139.779863, 35.749641 ], [ 139.779806, 35.74964 ], [ 139.779351, 35.749633 ], [ 139.778874, 35.749625 ], [ 139.778551, 35.749619 ], [ 139.778514, 35.749619 ], [ 139.777888, 35.749608 ], [ 139.77774, 35.749606 ], [ 139.777333, 35.749599 ], [ 139.777249, 35.749598 ], [ 139.776871, 35.749591 ], [ 139.77684, 35.749591 ], [ 139.776523, 35.749586 ], [ 139.776523, 35.749616 ], [ 139.776513, 35.749685 ], [ 139.776839, 35.749863 ], [ 139.776791, 35.750172 ], [ 139.776773, 35.750288 ], [ 139.776764, 35.750526 ], [ 139.776751, 35.750838 ], [ 139.777034, 35.750897 ], [ 139.777425, 35.750906 ], [ 139.777897, 35.750904 ], [ 139.7781, 35.750887 ], [ 139.778181, 35.750881 ], [ 139.77821, 35.751287 ], [ 139.778238, 35.751607 ], [ 139.778363, 35.751613 ], [ 139.778413, 35.751627 ], [ 139.778431, 35.752379 ], [ 139.778395, 35.752479 ], [ 139.778282, 35.752538 ], [ 139.778032, 35.752549 ], [ 139.77793, 35.752553 ], [ 139.777821, 35.752565 ], [ 139.777698, 35.752639 ], [ 139.777679, 35.752961 ], [ 139.777429, 35.752955 ], [ 139.777402, 35.75384 ], [ 139.779088, 35.753903 ], [ 139.779159, 35.753917 ], [ 139.779611, 35.753948 ], [ 139.779957, 35.753951 ], [ 139.779992, 35.753953 ], [ 139.780319, 35.753973 ], [ 139.780843, 35.753988 ], [ 139.78177, 35.754012 ], [ 139.782067, 35.754005 ], [ 139.78198, 35.753532 ], [ 139.781986, 35.753465 ], [ 139.781954, 35.753218 ], [ 139.781843, 35.752614 ] ] ] } },
{ "type": "Feature", "properties": { "key": "荒川区|町屋6丁目", "ward": "荒川区", "town": "町屋６丁目" }, "geometry": { "type": "Polygon", "coordinates": [ [ [ 139.785199, 35.749677 ], [ 139.785182, 35.749653 ], [ 139.785048, 35.749697 ], [ 139.78483, 35.749693 ], [ 139.784386, 35.749684 ], [ 139.783774, 35.749671 ], [ 139.783758, 35.749671 ], [ 139.783411, 35.749667 ], [ 139.783391, 35.749667 ], [ 139.782906, 35.749661 ], [ 139.782597, 35.749658 ], [ 139.782588, 35.749658 ], [ 139.782019, 35.749651 ], [ 139.781952, 35.749651 ], [ 139.781359, 35.749644 ], [ 139.781359, 35.749665 ], [ 139.78137, 35.750033 ], [ 139.78137, 35.750072 ], [ 139.78137, 35.75011 ], [ 139.781304, 35.750292 ], [ 139.781301, 35.750299 ], [ 139.781066, 35.750887 ], [ 139.781271, 35.751041 ], [ 139.781274, 35.751048 ], [ 139.781383, 35.751305 ], [ 139.781433, 35.751464 ], [ 139.781435, 35.751479 ], [ 139.781453, 35.751536 ], [ 139.781576, 35.751924 ], [ 139.781609, 35.752007 ], [ 139.781661, 35.752139 ], [ 139.781743, 35.752372 ], [ 139.781831, 35.75255 ], [ 139.781839, 35.752595 ], [ 139.781843, 35.752614 ], [ 139.781954, 35.753218 ], [ 139.781986, 35.753465 ], [ 139.78198, 35.753532 ], [ 139.782067, 35.754005 ], [ 139.782572, 35.753992 ], [ 139.782782, 35.753984 ], [ 139.783129, 35.753969 ], [ 139.783241, 35.753956 ], [ 139.783492, 35.75395 ], [ 139.78365, 35.753933 ], [ 139.783784, 35.753904 ], [ 139.783809, 35.753902 ], [ 139.784174, 35.753862 ], [ 139.784347, 35.753845 ], [ 139.784552, 35.753797 ], [ 139.784894, 35.753759 ], [ 139.785056, 35.75373 ], [ 139.785422, 35.75366 ], [ 139.785706, 35.753616 ], [ 139.785974, 35.753537 ], [ 139.786178, 35.753464 ], [ 139.786514, 35.753368 ], [ 139.786708, 35.753296 ], [ 139.787173, 35.753154 ], [ 139.787474, 35.753044 ], [ 139.787579, 35.753015 ], [ 139.787316, 35.752468 ], [ 139.787194, 35.752228 ], [ 139.787083, 35.752081 ], [ 139.787062, 35.752053 ], [ 139.786923, 35.751881 ], [ 139.786582, 35.751459 ], [ 139.786628, 35.751444 ], [ 139.786561, 35.751367 ], [ 139.786551, 35.751356 ], [ 139.786281, 35.751047 ], [ 139.786058, 35.75075 ], [ 139.785768, 35.750414 ], [ 139.785537, 35.750117 ], [ 139.785402, 35.749955 ], [ 139.785228, 35.749722 ], [ 139.785199, 35.749677 ] ] ] } },
{ "type": "Feature", "properties": { "key": "荒川区|町屋7丁目", "ward": "荒川区", "town": "町屋７丁目" }, "geometry": { "type": "Polygon", "coordinates": [ [ [ 139.789207, 35.747657 ], [ 139.788696, 35.748073 ], [ 139.788222, 35.748389 ], [ 139.787488, 35.748691 ], [ 139.786449, 35.749144 ], [ 139.78643, 35.749154 ], [ 139.785622, 35.7495 ], [ 139.785199, 35.749677 ], [ 139.785228, 35.749722 ], [ 139.785402, 35.749955 ], [ 139.785537, 35.750117 ], [ 139.785768, 35.750414 ], [ 139.786058, 35.75075 ], [ 139.786281, 35.751047 ], [ 139.786551, 35.751356 ], [ 139.786561, 35.751367 ], [ 139.786628, 35.751444 ], [ 139.786582, 35.751459 ], [ 139.786923, 35.751881 ], [ 139.787062, 35.752053 ], [ 139.787083, 35.752081 ], [ 139.787194, 35.752228 ], [ 139.787316, 35.752468 ], [ 139.787579, 35.753015 ], [ 139.787644, 35.752998 ], [ 139.787733, 35.752983 ], [ 139.788085, 35.752889 ], [ 139.788144, 35.752879 ], [ 139.788278, 35.752858 ], [ 139.788577, 35.752765 ], [ 139.788962, 35.752618 ], [ 139.789109, 35.752529 ], [ 139.789122, 35.752521 ], [ 139.789251, 35.752436 ], [ 139.789512, 35.752258 ], [ 139.789654, 35.75213 ], [ 139.789806, 35.752023 ], [ 139.78997, 35.751883 ], [ 139.790261, 35.751578 ], [ 139.790447, 35.751403 ], [ 139.790566, 35.751317 ], [ 139.790577, 35.751267 ], [ 139.790653, 35.751186 ], [ 139.790976, 35.750777 ], [ 139.791139, 35.750518 ], [ 139.791308, 35.750145 ], [ 139.791344, 35.750073 ], [ 139.791413, 35.749638 ], [ 139.791431, 35.749344 ], [ 139.791381, 35.749006 ], [ 139.791307, 35.748835 ], [ 139.791285, 35.748828 ], [ 139.79115, 35.748783 ], [ 139.7908, 35.748612 ], [ 139.790397, 35.748399 ], [ 139.790157, 35.748271 ], [ 139.790015, 35.748177 ], [ 139.789694, 35.747982 ], [ 139.789599, 35.747935 ], [ 139.789314, 35.747749 ], [ 139.789207, 35.747657 ] ] ] } },
{ "type": "Feature", "properties": { "key": "荒川区|町屋8丁目", "ward": "荒川区", "town": "町屋８丁目" }, "geometry": { "type": "Polygon", "coordinates": [ [ [ 139.789207, 35.747657 ], [ 139.788849, 35.747339 ], [ 139.788695, 35.747154 ], [ 139.78867, 35.747111 ], [ 139.788581, 35.746954 ], [ 139.788558, 35.746914 ], [ 139.788391, 35.746526 ], [ 139.788331, 35.746387 ], [ 139.788328, 35.746322 ], [ 139.788316, 35.746074 ], [ 139.788321, 35.745955 ], [ 139.788385, 35.745684 ], [ 139.788408, 35.745585 ], [ 139.788414, 35.745565 ], [ 139.786352, 35.745483 ], [ 139.786348, 35.745503 ], [ 139.786341, 35.745639 ], [ 139.78634, 35.745658 ], [ 139.786316, 35.746076 ], [ 139.786309, 35.746186 ], [ 139.786308, 35.746208 ], [ 139.786285, 35.746606 ], [ 139.786284, 35.746623 ], [ 139.785952, 35.746641 ], [ 139.785527, 35.746664 ], [ 139.78547, 35.746667 ], [ 139.78513, 35.746686 ], [ 139.784827, 35.746702 ], [ 139.784721, 35.746708 ], [ 139.784718, 35.746708 ], [ 139.784711, 35.746709 ], [ 139.783947, 35.74675 ], [ 139.78387, 35.746755 ], [ 139.783481, 35.746776 ], [ 139.783405, 35.747008 ], [ 139.783389, 35.747056 ], [ 139.783416, 35.747097 ], [ 139.783463, 35.747167 ], [ 139.783755, 35.747606 ], [ 139.783761, 35.747615 ], [ 139.78389, 35.747809 ], [ 139.783966, 35.747924 ], [ 139.78397, 35.747847 ], [ 139.784298, 35.748328 ], [ 139.784302, 35.748338 ], [ 139.784313, 35.748365 ], [ 139.784479, 35.748616 ], [ 139.784769, 35.749055 ], [ 139.784848, 35.749176 ], [ 139.784889, 35.749241 ], [ 139.784924, 35.749291 ], [ 139.785051, 35.749469 ], [ 139.785182, 35.749653 ], [ 139.785199, 35.749677 ], [ 139.785622, 35.7495 ], [ 139.78643, 35.749154 ], [ 139.786449, 35.749144 ], [ 139.787488, 35.748691 ], [ 139.788222, 35.748389 ], [ 139.788696, 35.748073 ], [ 139.789207, 35.747657 ] ] ] } },
{ "type": "Feature", "properties": { "key": "荒川区|東尾久1丁目", "ward": "荒川区", "town": "東尾久１丁目" }, "geometry": { "type": "Polygon", "coordinates": [ [ [ 139.773753, 35.739084 ], [ 139.773738, 35.739054 ], [ 139.77364, 35.738965 ], [ 139.773586, 35.738933 ], [ 139.773356, 35.738728 ], [ 139.77334, 35.738712 ], [ 139.773284, 35.738658 ], [ 139.77327, 35.738639 ], [ 139.773173, 35.738506 ], [ 139.773106, 35.738357 ], [ 139.773091, 35.738323 ], [ 139.773088, 35.738311 ], [ 139.772956, 35.737805 ], [ 139.772953, 35.737789 ], [ 139.772603, 35.737845 ], [ 139.77241, 35.737876 ], [ 139.771841, 35.737965 ], [ 139.771485, 35.738022 ], [ 139.771328, 35.738048 ], [ 139.771219, 35.738065 ], [ 139.770683, 35.73818 ], [ 139.770645, 35.738294 ], [ 139.770616, 35.738381 ], [ 139.770606, 35.738408 ], [ 139.770528, 35.73841 ], [ 139.770301, 35.738406 ], [ 139.770304, 35.738431 ], [ 139.77029, 35.738549 ], [ 139.77009, 35.738718 ], [ 139.769986, 35.738835 ], [ 139.769877, 35.739035 ], [ 139.769833, 35.739014 ], [ 139.769427, 35.739216 ], [ 139.769315, 35.739112 ], [ 139.76918, 35.738961 ], [ 139.769122, 35.738977 ], [ 139.768665, 35.739241 ], [ 139.768715, 35.739562 ], [ 139.768743, 35.739725 ], [ 139.768747, 35.739749 ], [ 139.768773, 35.739881 ], [ 139.768782, 35.73997 ], [ 139.768785, 35.739992 ], [ 139.768831, 35.740294 ], [ 139.768839, 35.740345 ], [ 139.768844, 35.740468 ], [ 139.76885, 35.740505 ], [ 139.76889, 35.740903 ], [ 139.768902, 35.740935 ], [ 139.768908, 35.740952 ], [ 139.768963, 35.741192 ], [ 139.768965, 35.74122 ], [ 139.768987, 35.74145 ], [ 139.768987, 35.74148 ], [ 139.768994, 35.741745 ], [ 139.768995, 35.74176 ], [ 139.768997, 35.741781 ], [ 139.768999, 35.741798 ], [ 139.769059, 35.742341 ], [ 139.769061, 35.74239 ], [ 139.769104, 35.74238 ], [ 139.769481, 35.742272 ], [ 139.769894, 35.742154 ], [ 139.769901, 35.742151 ], [ 139.770255, 35.74205 ], [ 139.770299, 35.742048 ], [ 139.770738, 35.741945 ], [ 139.770939, 35.741899 ], [ 139.77129, 35.741817 ], [ 139.771369, 35.741795 ], [ 139.771459, 35.741769 ], [ 139.771677, 35.741708 ], [ 139.772141, 35.741565 ], [ 139.772178, 35.741554 ], [ 139.772427, 35.741486 ], [ 139.772777, 35.741352 ], [ 139.773016, 35.74123 ], [ 139.773259, 35.741153 ], [ 139.773393, 35.74111 ], [ 139.773632, 35.741023 ], [ 139.773821, 35.740954 ], [ 139.774038, 35.740875 ], [ 139.774099, 35.740854 ], [ 139.773899, 35.740434 ], [ 139.773707, 35.740022 ], [ 139.773599, 35.739786 ], [ 139.773355, 35.739392 ], [ 139.773341, 35.739372 ], [ 139.773753, 35.739084 ] ] ] } },
{ "type": "Feature", "properties": { "key": "荒川区|東尾久2丁目", "ward": "荒川区", "town": "東尾久２丁目" }, "geometry": { "type": "Polygon", "coordinates": [ [ [ 139.774038, 35.740875 ], [ 139.773821, 35.740954 ], [ 139.773632, 35.741023 ], [ 139.773393, 35.74111 ], [ 139.773259, 35.741153 ], [ 139.773016, 35.74123 ], [ 139.772777, 35.741352 ], [ 139.772427, 35.741486 ], [ 139.772178, 35.741554 ], [ 139.772141, 35.741565 ], [ 139.771677, 35.741708 ], [ 139.771459, 35.741769 ], [ 139.771369, 35.741795 ], [ 139.77129, 35.741817 ], [ 139.770939, 35.741899 ], [ 139.770738, 35.741945 ], [ 139.770299, 35.742048 ], [ 139.770255, 35.74205 ], [ 139.769901, 35.742151 ], [ 139.769894, 35.742154 ], [ 139.769481, 35.742272 ], [ 139.769104, 35.74238 ], [ 139.769061, 35.74239 ], [ 139.769073, 35.742622 ], [ 139.769127, 35.742937 ], [ 139.769148, 35.743107 ], [ 139.76915, 35.743117 ], [ 139.7692, 35.743524 ], [ 139.769201, 35.743537 ], [ 139.769211, 35.743666 ], [ 139.769221, 35.743796 ], [ 139.76923, 35.743907 ], [ 139.769233, 35.743942 ], [ 139.769235, 35.743956 ], [ 139.769237, 35.743977 ], [ 139.769257, 35.744188 ], [ 139.769271, 35.744326 ], [ 139.769295, 35.744571 ], [ 139.769299, 35.7446 ], [ 139.769337, 35.744893 ], [ 139.76934, 35.744913 ], [ 139.769363, 35.745084 ], [ 139.769839, 35.745037 ], [ 139.770049, 35.745016 ], [ 139.770713, 35.74495 ], [ 139.771066, 35.744915 ], [ 139.771134, 35.744908 ], [ 139.771409, 35.744877 ], [ 139.771553, 35.744857 ], [ 139.771789, 35.744825 ], [ 139.772001, 35.744775 ], [ 139.772073, 35.744758 ], [ 139.772274, 35.744711 ], [ 139.772366, 35.744689 ], [ 139.77304, 35.744606 ], [ 139.77352, 35.744559 ], [ 139.773636, 35.744452 ], [ 139.773684, 35.744431 ], [ 139.774017, 35.744321 ], [ 139.774504, 35.744161 ], [ 139.774675, 35.744104 ], [ 139.775109, 35.743948 ], [ 139.775384, 35.743848 ], [ 139.775211, 35.743621 ], [ 139.775077, 35.743445 ], [ 139.775095, 35.743426 ], [ 139.775282, 35.743226 ], [ 139.775372, 35.743128 ], [ 139.775365, 35.743096 ], [ 139.775345, 35.74301 ], [ 139.775304, 35.742903 ], [ 139.775207, 35.742692 ], [ 139.775227, 35.742667 ], [ 139.775306, 35.742566 ], [ 139.775294, 35.742557 ], [ 139.775225, 35.742507 ], [ 139.775172, 35.742453 ], [ 139.775083, 35.742348 ], [ 139.775001, 35.742198 ], [ 139.774955, 35.742136 ], [ 139.774925, 35.742107 ], [ 139.774796, 35.741985 ], [ 139.774671, 35.741846 ], [ 139.77466, 35.74183 ], [ 139.774657, 35.741826 ], [ 139.774589, 35.741634 ], [ 139.774551, 35.741607 ], [ 139.774443, 35.741506 ], [ 139.774341, 35.741412 ], [ 139.774172, 35.741218 ], [ 139.77411, 35.741151 ], [ 139.774038, 35.740875 ] ] ] } },
{ "type": "Feature", "properties": { "key": "荒川区|東尾久3丁目", "ward": "荒川区", "town": "東尾久３丁目" }, "geometry": { "type": "Polygon", "coordinates": [ [ [ 139.775615, 35.743767 ], [ 139.775451, 35.743829 ], [ 139.775389, 35.743847 ], [ 139.775384, 35.743848 ], [ 139.775109, 35.743948 ], [ 139.774675, 35.744104 ], [ 139.774504, 35.744161 ], [ 139.774017, 35.744321 ], [ 139.773684, 35.744431 ], [ 139.773636, 35.744452 ], [ 139.77352, 35.744559 ], [ 139.77304, 35.744606 ], [ 139.772366, 35.744689 ], [ 139.772274, 35.744711 ], [ 139.772073, 35.744758 ], [ 139.772001, 35.744775 ], [ 139.771789, 35.744825 ], [ 139.771553, 35.744857 ], [ 139.771409, 35.744877 ], [ 139.771134, 35.744908 ], [ 139.771066, 35.744915 ], [ 139.770713, 35.74495 ], [ 139.770049, 35.745016 ], [ 139.769839, 35.745037 ], [ 139.769363, 35.745084 ], [ 139.769369, 35.745126 ], [ 139.769395, 35.745299 ], [ 139.769418, 35.74544 ], [ 139.769422, 35.745455 ], [ 139.769469, 35.745661 ], [ 139.769477, 35.745709 ], [ 139.769506, 35.745906 ], [ 139.769513, 35.745953 ], [ 139.769547, 35.746193 ], [ 139.769551, 35.746215 ], [ 139.76958, 35.746421 ], [ 139.769583, 35.746438 ], [ 139.769607, 35.746603 ], [ 139.769627, 35.746743 ], [ 139.769649, 35.746895 ], [ 139.769707, 35.747301 ], [ 139.769711, 35.747363 ], [ 139.769726, 35.747593 ], [ 139.769727, 35.747609 ], [ 139.769726, 35.747653 ], [ 139.769713, 35.748169 ], [ 139.769712, 35.748178 ], [ 139.769711, 35.74821 ], [ 139.769699, 35.748688 ], [ 139.769694, 35.748909 ], [ 139.769688, 35.749129 ], [ 139.769824, 35.74909 ], [ 139.770105, 35.748949 ], [ 139.770372, 35.748759 ], [ 139.770858, 35.748332 ], [ 139.771011, 35.74817 ], [ 139.77129, 35.747875 ], [ 139.771312, 35.747852 ], [ 139.771379, 35.747782 ], [ 139.771515, 35.747638 ], [ 139.771815, 35.747322 ], [ 139.77203, 35.747099 ], [ 139.772058, 35.74707 ], [ 139.772256, 35.746865 ], [ 139.772703, 35.746401 ], [ 139.77277, 35.746359 ], [ 139.772908, 35.746272 ], [ 139.773354, 35.746006 ], [ 139.773616, 35.745848 ], [ 139.773871, 35.745694 ], [ 139.773891, 35.745682 ], [ 139.774093, 35.74556 ], [ 139.774236, 35.745474 ], [ 139.774381, 35.745386 ], [ 139.774699, 35.745195 ], [ 139.775135, 35.744894 ], [ 139.775473, 35.74468 ], [ 139.775572, 35.744609 ], [ 139.775735, 35.744459 ], [ 139.775688, 35.744263 ], [ 139.77566, 35.744099 ], [ 139.775625, 35.743799 ], [ 139.775615, 35.743767 ] ] ] } },
{ "type": "Feature", "properties": { "key": "荒川区|東尾久4丁目", "ward": "荒川区", "town": "東尾久４丁目" }, "geometry": { "type": "Polygon", "coordinates": [ [ [ 139.769369, 35.745126 ], [ 139.769363, 35.745084 ], [ 139.76934, 35.744913 ], [ 139.769337, 35.744893 ], [ 139.769299, 35.7446 ], [ 139.769295, 35.744571 ], [ 139.769271, 35.744326 ], [ 139.769257, 35.744188 ], [ 139.769237, 35.743977 ], [ 139.769235, 35.743956 ], [ 139.769233, 35.743942 ], [ 139.76923, 35.743907 ], [ 139.769221, 35.743796 ], [ 139.769211, 35.743666 ], [ 139.769201, 35.743537 ], [ 139.7692, 35.743524 ], [ 139.76915, 35.743117 ], [ 139.769148, 35.743107 ], [ 139.769127, 35.742937 ], [ 139.769073, 35.742622 ], [ 139.769061, 35.74239 ], [ 139.769059, 35.742341 ], [ 139.768999, 35.741798 ], [ 139.768997, 35.741781 ], [ 139.768995, 35.74176 ], [ 139.768994, 35.741745 ], [ 139.768987, 35.74148 ], [ 139.768987, 35.74145 ], [ 139.768965, 35.74122 ], [ 139.768963, 35.741192 ], [ 139.768908, 35.740952 ], [ 139.768902, 35.740935 ], [ 139.76889, 35.740903 ], [ 139.76885, 35.740505 ], [ 139.768844, 35.740468 ], [ 139.768839, 35.740345 ], [ 139.768831, 35.740294 ], [ 139.768785, 35.739992 ], [ 139.768782, 35.73997 ], [ 139.768773, 35.739881 ], [ 139.76846, 35.739844 ], [ 139.768415, 35.739959 ], [ 139.768347, 35.74021 ], [ 139.768344, 35.740268 ], [ 139.768334, 35.740416 ], [ 139.768292, 35.74059 ], [ 139.768275, 35.740617 ], [ 139.768205, 35.740856 ], [ 139.768163, 35.74104 ], [ 139.768161, 35.741062 ], [ 139.768196, 35.741401 ], [ 139.768161, 35.741405 ], [ 139.768142, 35.741408 ], [ 139.767831, 35.741429 ], [ 139.767804, 35.74143 ], [ 139.76779, 35.741431 ], [ 139.76739, 35.741464 ], [ 139.76698, 35.741489 ], [ 139.766947, 35.741468 ], [ 139.766926, 35.741454 ], [ 139.766919, 35.741454 ], [ 139.766882, 35.741448 ], [ 139.766447, 35.741516 ], [ 139.766235, 35.741542 ], [ 139.766198, 35.741547 ], [ 139.76617, 35.741548 ], [ 139.766003, 35.741557 ], [ 139.765704, 35.741601 ], [ 139.765631, 35.741796 ], [ 139.765567, 35.74189 ], [ 139.765339, 35.741927 ], [ 139.765306, 35.741943 ], [ 139.765255, 35.741968 ], [ 139.764997, 35.742151 ], [ 139.764806, 35.74225 ], [ 139.76457, 35.742377 ], [ 139.764457, 35.742451 ], [ 139.764211, 35.742664 ], [ 139.76411, 35.742783 ], [ 139.764162, 35.742856 ], [ 139.764159, 35.743005 ], [ 139.764158, 35.743032 ], [ 139.764146, 35.743249 ], [ 139.764172, 35.743481 ], [ 139.76424, 35.743597 ], [ 139.764246, 35.743609 ], [ 139.76424, 35.743621 ], [ 139.764163, 35.743779 ], [ 139.764085, 35.744108 ], [ 139.764078, 35.744195 ], [ 139.764077, 35.744209 ], [ 139.764486, 35.744233 ], [ 139.764524, 35.744236 ], [ 139.764536, 35.744235 ], [ 139.76484, 35.744223 ], [ 139.765033, 35.744215 ], [ 139.765041, 35.744213 ], [ 139.765045, 35.74455 ], [ 139.765048, 35.744809 ], [ 139.76505, 35.744948 ], [ 139.76505, 35.744969 ], [ 139.765045, 35.745127 ], [ 139.76538, 35.745112 ], [ 139.765418, 35.745107 ], [ 139.765455, 35.745104 ], [ 139.765637, 35.74509 ], [ 139.765769, 35.745089 ], [ 139.765809, 35.745096 ], [ 139.765942, 35.74512 ], [ 139.76601, 35.745139 ], [ 139.766105, 35.745166 ], [ 139.766222, 35.745168 ], [ 139.766229, 35.745168 ], [ 139.766376, 35.745157 ], [ 139.766402, 35.745158 ], [ 139.766743, 35.745175 ], [ 139.766765, 35.745176 ], [ 139.766936, 35.745182 ], [ 139.767042, 35.745166 ], [ 139.767069, 35.745164 ], [ 139.767344, 35.745141 ], [ 139.767533, 35.745145 ], [ 139.76762, 35.745164 ], [ 139.767646, 35.745165 ], [ 139.767893, 35.745176 ], [ 139.76791, 35.745177 ], [ 139.768203, 35.745198 ], [ 139.768431, 35.745206 ], [ 139.768594, 35.745202 ], [ 139.768816, 35.745187 ], [ 139.768846, 35.745183 ], [ 139.769369, 35.745126 ] ] ] } },
{ "type": "Feature", "properties": { "key": "荒川区|東尾久5丁目", "ward": "荒川区", "town": "東尾久５丁目" }, "geometry": { "type": "Polygon", "coordinates": [ [ [ 139.769407, 35.749263 ], [ 139.769588, 35.749376 ], [ 139.769682, 35.749365 ], [ 139.769688, 35.749129 ], [ 139.769694, 35.748909 ], [ 139.769699, 35.748688 ], [ 139.769711, 35.74821 ], [ 139.769712, 35.748178 ], [ 139.769713, 35.748169 ], [ 139.769726, 35.747653 ], [ 139.769727, 35.747609 ], [ 139.769726, 35.747593 ], [ 139.769711, 35.747363 ], [ 139.769707, 35.747301 ], [ 139.769649, 35.746895 ], [ 139.769627, 35.746743 ], [ 139.769607, 35.746603 ], [ 139.769583, 35.746438 ], [ 139.76958, 35.746421 ], [ 139.769551, 35.746215 ], [ 139.769547, 35.746193 ], [ 139.769513, 35.745953 ], [ 139.769506, 35.745906 ], [ 139.769477, 35.745709 ], [ 139.769469, 35.745661 ], [ 139.769422, 35.745455 ], [ 139.769418, 35.74544 ], [ 139.769395, 35.745299 ], [ 139.769369, 35.745126 ], [ 139.768846, 35.745183 ], [ 139.768816, 35.745187 ], [ 139.768594, 35.745202 ], [ 139.768431, 35.745206 ], [ 139.768203, 35.745198 ], [ 139.76791, 35.745177 ], [ 139.767893, 35.745176 ], [ 139.767646, 35.745165 ], [ 139.76762, 35.745164 ], [ 139.767533, 35.745145 ], [ 139.767344, 35.745141 ], [ 139.767069, 35.745164 ], [ 139.767042, 35.745166 ], [ 139.766936, 35.745182 ], [ 139.766765, 35.745176 ], [ 139.766743, 35.745175 ], [ 139.766402, 35.745158 ], [ 139.766376, 35.745157 ], [ 139.766229, 35.745168 ], [ 139.766222, 35.745168 ], [ 139.766105, 35.745166 ], [ 139.76601, 35.745139 ], [ 139.765942, 35.74512 ], [ 139.765809, 35.745096 ], [ 139.765769, 35.745089 ], [ 139.765637, 35.74509 ], [ 139.765455, 35.745104 ], [ 139.765418, 35.745107 ], [ 139.76538, 35.745112 ], [ 139.765045, 35.745127 ], [ 139.76503, 35.745585 ], [ 139.765043, 35.745636 ], [ 139.765045, 35.745655 ], [ 139.765063, 35.745839 ], [ 139.765054, 35.746025 ], [ 139.765058, 35.746611 ], [ 139.765024, 35.747292 ], [ 139.765355, 35.747298 ], [ 139.765371, 35.747331 ], [ 139.765754, 35.747361 ], [ 139.765741, 35.747366 ], [ 139.765737, 35.747666 ], [ 139.765732, 35.747954 ], [ 139.765738, 35.748053 ], [ 139.765748, 35.74821 ], [ 139.765738, 35.748451 ], [ 139.76575, 35.748809 ], [ 139.765753, 35.748914 ], [ 139.765756, 35.748923 ], [ 139.76576, 35.748934 ], [ 139.765779, 35.749639 ], [ 139.765785, 35.749838 ], [ 139.765851, 35.749984 ], [ 139.766584, 35.749796 ], [ 139.766606, 35.74979 ], [ 139.766926, 35.749714 ], [ 139.76696, 35.749706 ], [ 139.767102, 35.749676 ], [ 139.767619, 35.749558 ], [ 139.767617, 35.749546 ], [ 139.76764, 35.749539 ], [ 139.767915, 35.749469 ], [ 139.767971, 35.749455 ], [ 139.76813, 35.749432 ], [ 139.76864, 35.749359 ], [ 139.768682, 35.749353 ], [ 139.769265, 35.749274 ], [ 139.769407, 35.749263 ] ] ] } },
{ "type": "Feature", "properties": { "key": "荒川区|東尾久6丁目", "ward": "荒川区", "town": "東尾久６丁目" }, "geometry": { "type": "Polygon", "coordinates": [ [ [ 139.776219, 35.749577 ], [ 139.77646, 35.749585 ], [ 139.776523, 35.749586 ], [ 139.776522, 35.749221 ], [ 139.776523, 35.748912 ], [ 139.776503, 35.748611 ], [ 139.776502, 35.748596 ], [ 139.776476, 35.748316 ], [ 139.776475, 35.748302 ], [ 139.776401, 35.748169 ], [ 139.776384, 35.747934 ], [ 139.776382, 35.747914 ], [ 139.776366, 35.747744 ], [ 139.776123, 35.747593 ], [ 139.776106, 35.747582 ], [ 139.775955, 35.747488 ], [ 139.775888, 35.747411 ], [ 139.775872, 35.747377 ], [ 139.775859, 35.747324 ], [ 139.775859, 35.747309 ], [ 139.775861, 35.747126 ], [ 139.775861, 35.747107 ], [ 139.775867, 35.747019 ], [ 139.775902, 35.746906 ], [ 139.775917, 35.746858 ], [ 139.775934, 35.746753 ], [ 139.775867, 35.746668 ], [ 139.775724, 35.746615 ], [ 139.7755, 35.74655 ], [ 139.775489, 35.746528 ], [ 139.775414, 35.746372 ], [ 139.775365, 35.746239 ], [ 139.775581, 35.746172 ], [ 139.77563, 35.746156 ], [ 139.776005, 35.746038 ], [ 139.776088, 35.746013 ], [ 139.776056, 35.74588 ], [ 139.776207, 35.745777 ], [ 139.776191, 35.745738 ], [ 139.776213, 35.745714 ], [ 139.776009, 35.745396 ], [ 139.775998, 35.745379 ], [ 139.775989, 35.745365 ], [ 139.775986, 35.74536 ], [ 139.775807, 35.745138 ], [ 139.775795, 35.745043 ], [ 139.775732, 35.744915 ], [ 139.775868, 35.74484 ], [ 139.775858, 35.744814 ], [ 139.775812, 35.744693 ], [ 139.775735, 35.744459 ], [ 139.775572, 35.744609 ], [ 139.775473, 35.74468 ], [ 139.775135, 35.744894 ], [ 139.774699, 35.745195 ], [ 139.774381, 35.745386 ], [ 139.774236, 35.745474 ], [ 139.774093, 35.74556 ], [ 139.773891, 35.745682 ], [ 139.773871, 35.745694 ], [ 139.773616, 35.745848 ], [ 139.773354, 35.746006 ], [ 139.772908, 35.746272 ], [ 139.77277, 35.746359 ], [ 139.772703, 35.746401 ], [ 139.772256, 35.746865 ], [ 139.772058, 35.74707 ], [ 139.77203, 35.747099 ], [ 139.771815, 35.747322 ], [ 139.771515, 35.747638 ], [ 139.771379, 35.747782 ], [ 139.771312, 35.747852 ], [ 139.77129, 35.747875 ], [ 139.771011, 35.74817 ], [ 139.770858, 35.748332 ], [ 139.770372, 35.748759 ], [ 139.770105, 35.748949 ], [ 139.769824, 35.74909 ], [ 139.769688, 35.749129 ], [ 139.769682, 35.749365 ], [ 139.769682, 35.749385 ], [ 139.769771, 35.749374 ], [ 139.769868, 35.749378 ], [ 139.770385, 35.749401 ], [ 139.770678, 35.749408 ], [ 139.770719, 35.749411 ], [ 139.771056, 35.749431 ], [ 139.771087, 35.749438 ], [ 139.771481, 35.749437 ], [ 139.771535, 35.749438 ], [ 139.772113, 35.749452 ], [ 139.772142, 35.749453 ], [ 139.772543, 35.749471 ], [ 139.772569, 35.749472 ], [ 139.772662, 35.749475 ], [ 139.772903, 35.749478 ], [ 139.77316, 35.749493 ], [ 139.773618, 35.749516 ], [ 139.774195, 35.749528 ], [ 139.774462, 35.749534 ], [ 139.774479, 35.749535 ], [ 139.774846, 35.749543 ], [ 139.774867, 35.749543 ], [ 139.775099, 35.74955 ], [ 139.775129, 35.749552 ], [ 139.77565, 35.749576 ], [ 139.775673, 35.749577 ], [ 139.775994, 35.74959 ], [ 139.776219, 35.749577 ] ] ] } },
{ "type": "Feature", "properties": { "key": "荒川区|東尾久7丁目", "ward": "荒川区", "town": "東尾久７丁目" }, "geometry": { "type": "Polygon", "coordinates": [ [ [ 139.777429, 35.752955 ], [ 139.777679, 35.752961 ], [ 139.777698, 35.752639 ], [ 139.777821, 35.752565 ], [ 139.77793, 35.752553 ], [ 139.778032, 35.752549 ], [ 139.778282, 35.752538 ], [ 139.778395, 35.752479 ], [ 139.778431, 35.752379 ], [ 139.778413, 35.751627 ], [ 139.778363, 35.751613 ], [ 139.778238, 35.751607 ], [ 139.77821, 35.751287 ], [ 139.778181, 35.750881 ], [ 139.7781, 35.750887 ], [ 139.777897, 35.750904 ], [ 139.777425, 35.750906 ], [ 139.777034, 35.750897 ], [ 139.776751, 35.750838 ], [ 139.776764, 35.750526 ], [ 139.776773, 35.750288 ], [ 139.776791, 35.750172 ], [ 139.776839, 35.749863 ], [ 139.776513, 35.749685 ], [ 139.776523, 35.749616 ], [ 139.776523, 35.749586 ], [ 139.77646, 35.749585 ], [ 139.776219, 35.749577 ], [ 139.775994, 35.74959 ], [ 139.775673, 35.749577 ], [ 139.77565, 35.749576 ], [ 139.775129, 35.749552 ], [ 139.775099, 35.74955 ], [ 139.774867, 35.749543 ], [ 139.774846, 35.749543 ], [ 139.774479, 35.749535 ], [ 139.774462, 35.749534 ], [ 139.774195, 35.749528 ], [ 139.773618, 35.749516 ], [ 139.77316, 35.749493 ], [ 139.772903, 35.749478 ], [ 139.772662, 35.749475 ], [ 139.772569, 35.749472 ], [ 139.772543, 35.749471 ], [ 139.772142, 35.749453 ], [ 139.772113, 35.749452 ], [ 139.771535, 35.749438 ], [ 139.771534, 35.74947 ], [ 139.771526, 35.749825 ], [ 139.771536, 35.750059 ], [ 139.771505, 35.750314 ], [ 139.771445, 35.750559 ], [ 139.771337, 35.750786 ], [ 139.771257, 35.751 ], [ 139.771237, 35.751053 ], [ 139.771235, 35.751066 ], [ 139.771137, 35.751647 ], [ 139.77111, 35.751957 ], [ 139.771083, 35.752439 ], [ 139.771079, 35.75251 ], [ 139.771123, 35.75252 ], [ 139.771815, 35.752621 ], [ 139.771798, 35.752876 ], [ 139.771744, 35.753236 ], [ 139.771739, 35.753623 ], [ 139.772199, 35.753653 ], [ 139.772482, 35.753681 ], [ 139.772481, 35.753639 ], [ 139.773108, 35.753676 ], [ 139.773564, 35.753679 ], [ 139.774025, 35.753691 ], [ 139.77428, 35.753693 ], [ 139.774281, 35.753727 ], [ 139.775493, 35.753741 ], [ 139.775739, 35.753757 ], [ 139.776518, 35.753777 ], [ 139.776823, 35.7538 ], [ 139.777028, 35.753826 ], [ 139.777402, 35.75384 ], [ 139.777429, 35.752955 ] ] ] } },
{ "type": "Feature", "properties": { "key": "荒川区|東尾久8丁目", "ward": "荒川区", "town": "東尾久８丁目" }, "geometry": { "type": "Polygon", "coordinates": [ [ [ 139.770134, 35.753613 ], [ 139.770356, 35.753619 ], [ 139.77056, 35.75361 ], [ 139.770691, 35.753604 ], [ 139.771057, 35.753623 ], [ 139.771235, 35.753614 ], [ 139.771524, 35.753601 ], [ 139.771547, 35.753604 ], [ 139.771739, 35.753623 ], [ 139.771744, 35.753236 ], [ 139.771798, 35.752876 ], [ 139.771815, 35.752621 ], [ 139.771123, 35.75252 ], [ 139.771079, 35.75251 ], [ 139.771083, 35.752439 ], [ 139.77111, 35.751957 ], [ 139.771137, 35.751647 ], [ 139.771235, 35.751066 ], [ 139.771237, 35.751053 ], [ 139.771257, 35.751 ], [ 139.771337, 35.750786 ], [ 139.771445, 35.750559 ], [ 139.771505, 35.750314 ], [ 139.771536, 35.750059 ], [ 139.771526, 35.749825 ], [ 139.771534, 35.74947 ], [ 139.771535, 35.749438 ], [ 139.771481, 35.749437 ], [ 139.771087, 35.749438 ], [ 139.771056, 35.749431 ], [ 139.770719, 35.749411 ], [ 139.770678, 35.749408 ], [ 139.770385, 35.749401 ], [ 139.769868, 35.749378 ], [ 139.769771, 35.749374 ], [ 139.769682, 35.749385 ], [ 139.769682, 35.749365 ], [ 139.769588, 35.749376 ], [ 139.769407, 35.749263 ], [ 139.769265, 35.749274 ], [ 139.768682, 35.749353 ], [ 139.76864, 35.749359 ], [ 139.76813, 35.749432 ], [ 139.767971, 35.749455 ], [ 139.767915, 35.749469 ], [ 139.76764, 35.749539 ], [ 139.767617, 35.749546 ], [ 139.767619, 35.749558 ], [ 139.767102, 35.749676 ], [ 139.76696, 35.749706 ], [ 139.766926, 35.749714 ], [ 139.766606, 35.74979 ], [ 139.766584, 35.749796 ], [ 139.765851, 35.749984 ], [ 139.765815, 35.750331 ], [ 139.765788, 35.750577 ], [ 139.765849, 35.75084 ], [ 139.76587, 35.75093 ], [ 139.76589, 35.751091 ], [ 139.765932, 35.751586 ], [ 139.765962, 35.75217 ], [ 139.76604, 35.753929 ], [ 139.766409, 35.753891 ], [ 139.767059, 35.753818 ], [ 139.76723, 35.753804 ], [ 139.767462, 35.753784 ], [ 139.767991, 35.753727 ], [ 139.767999, 35.753726 ], [ 139.768607, 35.753695 ], [ 139.768876, 35.75367 ], [ 139.768913, 35.753666 ], [ 139.76913, 35.753662 ], [ 139.76932, 35.753658 ], [ 139.769413, 35.753652 ], [ 139.769712, 35.753644 ], [ 139.769923, 35.753627 ], [ 139.769955, 35.753624 ], [ 139.769995, 35.753622 ], [ 139.770134, 35.753613 ] ] ] } },
{ "type": "Feature", "properties": { "key": "荒川区|西尾久1丁目", "ward": "荒川区", "town": "西尾久１丁目" }, "geometry": { "type": "Polygon", "coordinates": [ [ [ 139.762791, 35.746957 ], [ 139.76288, 35.746979 ], [ 139.763115, 35.74699 ], [ 139.763321, 35.747025 ], [ 139.763437, 35.747032 ], [ 139.763809, 35.747052 ], [ 139.76385, 35.747054 ], [ 139.764106, 35.747067 ], [ 139.764126, 35.747068 ], [ 139.764117, 35.747284 ], [ 139.764308, 35.747285 ], [ 139.764619, 35.74728 ], [ 139.764642, 35.74728 ], [ 139.764748, 35.747278 ], [ 139.765024, 35.747292 ], [ 139.765058, 35.746611 ], [ 139.765054, 35.746025 ], [ 139.765063, 35.745839 ], [ 139.765045, 35.745655 ], [ 139.765043, 35.745636 ], [ 139.76503, 35.745585 ], [ 139.765045, 35.745127 ], [ 139.76505, 35.744969 ], [ 139.76505, 35.744948 ], [ 139.765048, 35.744809 ], [ 139.765045, 35.74455 ], [ 139.765041, 35.744213 ], [ 139.765033, 35.744215 ], [ 139.76484, 35.744223 ], [ 139.764536, 35.744235 ], [ 139.764524, 35.744236 ], [ 139.764486, 35.744233 ], [ 139.764077, 35.744209 ], [ 139.764078, 35.744195 ], [ 139.764085, 35.744108 ], [ 139.764069, 35.744106 ], [ 139.763669, 35.743934 ], [ 139.763565, 35.743911 ], [ 139.76335, 35.7439 ], [ 139.763277, 35.743898 ], [ 139.763115, 35.743868 ], [ 139.763187, 35.743693 ], [ 139.763107, 35.743645 ], [ 139.763069, 35.743622 ], [ 139.762676, 35.743495 ], [ 139.762652, 35.74353 ], [ 139.762547, 35.743683 ], [ 139.762524, 35.743672 ], [ 139.762331, 35.743577 ], [ 139.762326, 35.743587 ], [ 139.762315, 35.743615 ], [ 139.761845, 35.743538 ], [ 139.76185, 35.743564 ], [ 139.761855, 35.74359 ], [ 139.761939, 35.743994 ], [ 139.76208, 35.744454 ], [ 139.762084, 35.74448 ], [ 139.762011, 35.744552 ], [ 139.761951, 35.744628 ], [ 139.761905, 35.744692 ], [ 139.761878, 35.744759 ], [ 139.761854, 35.74484 ], [ 139.761823, 35.745049 ], [ 139.761814, 35.74511 ], [ 139.76181, 35.745133 ], [ 139.761765, 35.745435 ], [ 139.761757, 35.745454 ], [ 139.761752, 35.745465 ], [ 139.761696, 35.745631 ], [ 139.76161, 35.745857 ], [ 139.761591, 35.745947 ], [ 139.761593, 35.746071 ], [ 139.761619, 35.746208 ], [ 139.761622, 35.74624 ], [ 139.761624, 35.746258 ], [ 139.761641, 35.746434 ], [ 139.761644, 35.74646 ], [ 139.761669, 35.746713 ], [ 139.761665, 35.74688 ], [ 139.761663, 35.746999 ], [ 139.761647, 35.747111 ], [ 139.761631, 35.747156 ], [ 139.761606, 35.747217 ], [ 139.76162, 35.747231 ], [ 139.761816, 35.747429 ], [ 139.761921, 35.747522 ], [ 139.762075, 35.747651 ], [ 139.762102, 35.747673 ], [ 139.762201, 35.747784 ], [ 139.762206, 35.74779 ], [ 139.762366, 35.747969 ], [ 139.762474, 35.748088 ], [ 139.762478, 35.748064 ], [ 139.762481, 35.748049 ], [ 139.762496, 35.747968 ], [ 139.762603, 35.747571 ], [ 139.762616, 35.747557 ], [ 139.762696, 35.747268 ], [ 139.76278, 35.746996 ], [ 139.762791, 35.746957 ] ] ] } },
{ "type": "Feature", "properties": { "key": "荒川区|西尾久2丁目", "ward": "荒川区", "town": "西尾久２丁目" }, "geometry": { "type": "Polygon", "coordinates": [ [ [ 139.76248, 35.750573 ], [ 139.762501, 35.750574 ], [ 139.762693, 35.750575 ], [ 139.763041, 35.750544 ], [ 139.763071, 35.750541 ], [ 139.763099, 35.750538 ], [ 139.763755, 35.75048 ], [ 139.764127, 35.750397 ], [ 139.76431, 35.750346 ], [ 139.76434, 35.750338 ], [ 139.764365, 35.750332 ], [ 139.764384, 35.750328 ], [ 139.765263, 35.750115 ], [ 139.765288, 35.75011 ], [ 139.765821, 35.749992 ], [ 139.765851, 35.749984 ], [ 139.765785, 35.749838 ], [ 139.765779, 35.749639 ], [ 139.76576, 35.748934 ], [ 139.765756, 35.748923 ], [ 139.765753, 35.748914 ], [ 139.76575, 35.748809 ], [ 139.765738, 35.748451 ], [ 139.765748, 35.74821 ], [ 139.765738, 35.748053 ], [ 139.765732, 35.747954 ], [ 139.765737, 35.747666 ], [ 139.765741, 35.747366 ], [ 139.765754, 35.747361 ], [ 139.765371, 35.747331 ], [ 139.765355, 35.747298 ], [ 139.765024, 35.747292 ], [ 139.764748, 35.747278 ], [ 139.764642, 35.74728 ], [ 139.764619, 35.74728 ], [ 139.764308, 35.747285 ], [ 139.764117, 35.747284 ], [ 139.764126, 35.747068 ], [ 139.764106, 35.747067 ], [ 139.76385, 35.747054 ], [ 139.763809, 35.747052 ], [ 139.763437, 35.747032 ], [ 139.763321, 35.747025 ], [ 139.763115, 35.74699 ], [ 139.76288, 35.746979 ], [ 139.762791, 35.746957 ], [ 139.76278, 35.746996 ], [ 139.762696, 35.747268 ], [ 139.762616, 35.747557 ], [ 139.762603, 35.747571 ], [ 139.762496, 35.747968 ], [ 139.762481, 35.748049 ], [ 139.762478, 35.748064 ], [ 139.762474, 35.748088 ], [ 139.762366, 35.747969 ], [ 139.762206, 35.74779 ], [ 139.762201, 35.747784 ], [ 139.762102, 35.747673 ], [ 139.762075, 35.747651 ], [ 139.761921, 35.747522 ], [ 139.761816, 35.747429 ], [ 139.76162, 35.747231 ], [ 139.761606, 35.747217 ], [ 139.761601, 35.747229 ], [ 139.761545, 35.747386 ], [ 139.761537, 35.747426 ], [ 139.761522, 35.747507 ], [ 139.761514, 35.747574 ], [ 139.761503, 35.747661 ], [ 139.761506, 35.747934 ], [ 139.761506, 35.74795 ], [ 139.761508, 35.748086 ], [ 139.761511, 35.748416 ], [ 139.761511, 35.748438 ], [ 139.761513, 35.748564 ], [ 139.761516, 35.748893 ], [ 139.761526, 35.749131 ], [ 139.76153, 35.749218 ], [ 139.761543, 35.74936 ], [ 139.761577, 35.749481 ], [ 139.761603, 35.749534 ], [ 139.761657, 35.749644 ], [ 139.761911, 35.750162 ], [ 139.762015, 35.750358 ], [ 139.762057, 35.750471 ], [ 139.762051, 35.750588 ], [ 139.7621, 35.750586 ], [ 139.76248, 35.750573 ] ] ] } },
{ "type": "Feature", "properties": { "key": "荒川区|西尾久3丁目", "ward": "荒川区", "town": "西尾久３丁目" }, "geometry": { "type": "Polygon", "coordinates": [ [ [ 139.763156, 35.754144 ], [ 139.76327, 35.754145 ], [ 139.763418, 35.754147 ], [ 139.763717, 35.754117 ], [ 139.76396, 35.754106 ], [ 139.76425, 35.754081 ], [ 139.764907, 35.754028 ], [ 139.765191, 35.754016 ], [ 139.765419, 35.753989 ], [ 139.765467, 35.753984 ], [ 139.765627, 35.753976 ], [ 139.765816, 35.753949 ], [ 139.766025, 35.753931 ], [ 139.76604, 35.753929 ], [ 139.765962, 35.75217 ], [ 139.765932, 35.751586 ], [ 139.76589, 35.751091 ], [ 139.76587, 35.75093 ], [ 139.765849, 35.75084 ], [ 139.765788, 35.750577 ], [ 139.765815, 35.750331 ], [ 139.765851, 35.749984 ], [ 139.765821, 35.749992 ], [ 139.765288, 35.75011 ], [ 139.765263, 35.750115 ], [ 139.764384, 35.750328 ], [ 139.764365, 35.750332 ], [ 139.76434, 35.750338 ], [ 139.76431, 35.750346 ], [ 139.764127, 35.750397 ], [ 139.763755, 35.75048 ], [ 139.763099, 35.750538 ], [ 139.763071, 35.750541 ], [ 139.763041, 35.750544 ], [ 139.762693, 35.750575 ], [ 139.762501, 35.750574 ], [ 139.76248, 35.750573 ], [ 139.7621, 35.750586 ], [ 139.762051, 35.750588 ], [ 139.761623, 35.750609 ], [ 139.761289, 35.750637 ], [ 139.761141, 35.75065 ], [ 139.761141, 35.751128 ], [ 139.761141, 35.751559 ], [ 139.761143, 35.751567 ], [ 139.761146, 35.751579 ], [ 139.761239, 35.751896 ], [ 139.761243, 35.75191 ], [ 139.761077, 35.751965 ], [ 139.761258, 35.752314 ], [ 139.761329, 35.752484 ], [ 139.761361, 35.752576 ], [ 139.761424, 35.752756 ], [ 139.761429, 35.752772 ], [ 139.761529, 35.753068 ], [ 139.761558, 35.753214 ], [ 139.761667, 35.753356 ], [ 139.761664, 35.753375 ], [ 139.761643, 35.75373 ], [ 139.761699, 35.753973 ], [ 139.761784, 35.754232 ], [ 139.761752, 35.754257 ], [ 139.76206, 35.754222 ], [ 139.762265, 35.754212 ], [ 139.762458, 35.754189 ], [ 139.762535, 35.754185 ], [ 139.762639, 35.754164 ], [ 139.762858, 35.754164 ], [ 139.763156, 35.754144 ] ] ] } },
{ "type": "Feature", "properties": { "key": "荒川区|西尾久4丁目", "ward": "荒川区", "town": "西尾久４丁目" }, "geometry": { "type": "Polygon", "coordinates": [ [ [ 139.761522, 35.747507 ], [ 139.761537, 35.747426 ], [ 139.761545, 35.747386 ], [ 139.761601, 35.747229 ], [ 139.761606, 35.747217 ], [ 139.761631, 35.747156 ], [ 139.761647, 35.747111 ], [ 139.761663, 35.746999 ], [ 139.761665, 35.74688 ], [ 139.761669, 35.746713 ], [ 139.761644, 35.74646 ], [ 139.761641, 35.746434 ], [ 139.761624, 35.746258 ], [ 139.761622, 35.74624 ], [ 139.761619, 35.746208 ], [ 139.761593, 35.746071 ], [ 139.761591, 35.745947 ], [ 139.76161, 35.745857 ], [ 139.761696, 35.745631 ], [ 139.761752, 35.745465 ], [ 139.761757, 35.745454 ], [ 139.761765, 35.745435 ], [ 139.76181, 35.745133 ], [ 139.761814, 35.74511 ], [ 139.761823, 35.745049 ], [ 139.761854, 35.74484 ], [ 139.761878, 35.744759 ], [ 139.761905, 35.744692 ], [ 139.761951, 35.744628 ], [ 139.762011, 35.744552 ], [ 139.762084, 35.74448 ], [ 139.76208, 35.744454 ], [ 139.761939, 35.743994 ], [ 139.761855, 35.74359 ], [ 139.761523, 35.743642 ], [ 139.761482, 35.743648 ], [ 139.761136, 35.743703 ], [ 139.76102, 35.743672 ], [ 139.760937, 35.74365 ], [ 139.76067, 35.743787 ], [ 139.760661, 35.743791 ], [ 139.760473, 35.743893 ], [ 139.760303, 35.743689 ], [ 139.760083, 35.743425 ], [ 139.760048, 35.743446 ], [ 139.759463, 35.743801 ], [ 139.759301, 35.743895 ], [ 139.759286, 35.743904 ], [ 139.758634, 35.744282 ], [ 139.7585, 35.744365 ], [ 139.758487, 35.744374 ], [ 139.757845, 35.744779 ], [ 139.757449, 35.745031 ], [ 139.757297, 35.745123 ], [ 139.757202, 35.745181 ], [ 139.757263, 35.745258 ], [ 139.757498, 35.745549 ], [ 139.757535, 35.745596 ], [ 139.757722, 35.745859 ], [ 139.757898, 35.746066 ], [ 139.757917, 35.746088 ], [ 139.757954, 35.746131 ], [ 139.75796, 35.746569 ], [ 139.757968, 35.746796 ], [ 139.75797, 35.74686 ], [ 139.757964, 35.747088 ], [ 139.757965, 35.747098 ], [ 139.757967, 35.747414 ], [ 139.758363, 35.747416 ], [ 139.758636, 35.747417 ], [ 139.758654, 35.747417 ], [ 139.758689, 35.747417 ], [ 139.75914, 35.747418 ], [ 139.759162, 35.747418 ], [ 139.75916, 35.747452 ], [ 139.759522, 35.747522 ], [ 139.759548, 35.747521 ], [ 139.759921, 35.74751 ], [ 139.759958, 35.747512 ], [ 139.760284, 35.747521 ], [ 139.760329, 35.747544 ], [ 139.760334, 35.747546 ], [ 139.760781, 35.747563 ], [ 139.760795, 35.747563 ], [ 139.760912, 35.74756 ], [ 139.761292, 35.747565 ], [ 139.761337, 35.747569 ], [ 139.761503, 35.747661 ], [ 139.761514, 35.747574 ], [ 139.761522, 35.747507 ] ] ] } },
{ "type": "Feature", "properties": { "key": "荒川区|西尾久5丁目", "ward": "荒川区", "town": "西尾久５丁目" }, "geometry": { "type": "Polygon", "coordinates": [ [ [ 139.760912, 35.74756 ], [ 139.760795, 35.747563 ], [ 139.760781, 35.747563 ], [ 139.760334, 35.747546 ], [ 139.760329, 35.747544 ], [ 139.760284, 35.747521 ], [ 139.759958, 35.747512 ], [ 139.759921, 35.74751 ], [ 139.759548, 35.747521 ], [ 139.759522, 35.747522 ], [ 139.75916, 35.747452 ], [ 139.759162, 35.747418 ], [ 139.75914, 35.747418 ], [ 139.758689, 35.747417 ], [ 139.758654, 35.747417 ], [ 139.758636, 35.747417 ], [ 139.758363, 35.747416 ], [ 139.757967, 35.747414 ], [ 139.757967, 35.747436 ], [ 139.757967, 35.747457 ], [ 139.757967, 35.747461 ], [ 139.757969, 35.747648 ], [ 139.757969, 35.747658 ], [ 139.757966, 35.747946 ], [ 139.757969, 35.748418 ], [ 139.75797, 35.748648 ], [ 139.75797, 35.748963 ], [ 139.757969, 35.748975 ], [ 139.757966, 35.749322 ], [ 139.757977, 35.749384 ], [ 139.757951, 35.749935 ], [ 139.757946, 35.750287 ], [ 139.757919, 35.750517 ], [ 139.757916, 35.750596 ], [ 139.757869, 35.750788 ], [ 139.758062, 35.750757 ], [ 139.758092, 35.750753 ], [ 139.758434, 35.750753 ], [ 139.758579, 35.750746 ], [ 139.758586, 35.750745 ], [ 139.759435, 35.750714 ], [ 139.759446, 35.750714 ], [ 139.759843, 35.750697 ], [ 139.760211, 35.750682 ], [ 139.760241, 35.750681 ], [ 139.760685, 35.750663 ], [ 139.760833, 35.750659 ], [ 139.761126, 35.750651 ], [ 139.761141, 35.75065 ], [ 139.761289, 35.750637 ], [ 139.761623, 35.750609 ], [ 139.762051, 35.750588 ], [ 139.762057, 35.750471 ], [ 139.762015, 35.750358 ], [ 139.761911, 35.750162 ], [ 139.761657, 35.749644 ], [ 139.761603, 35.749534 ], [ 139.761577, 35.749481 ], [ 139.761543, 35.74936 ], [ 139.76153, 35.749218 ], [ 139.761526, 35.749131 ], [ 139.761516, 35.748893 ], [ 139.761513, 35.748564 ], [ 139.761511, 35.748438 ], [ 139.761511, 35.748416 ], [ 139.761508, 35.748086 ], [ 139.761506, 35.74795 ], [ 139.761506, 35.747934 ], [ 139.761503, 35.747661 ], [ 139.761337, 35.747569 ], [ 139.761292, 35.747565 ], [ 139.760912, 35.74756 ] ] ] } },
{ "type": "Feature", "properties": { "key": "荒川区|西尾久6丁目", "ward": "荒川区", "town": "西尾久６丁目" }, "geometry": { "type": "Polygon", "coordinates": [ [ [ 139.761141, 35.75065 ], [ 139.761126, 35.750651 ], [ 139.760833, 35.750659 ], [ 139.760685, 35.750663 ], [ 139.760241, 35.750681 ], [ 139.760211, 35.750682 ], [ 139.759843, 35.750697 ], [ 139.759446, 35.750714 ], [ 139.759435, 35.750714 ], [ 139.758586, 35.750745 ], [ 139.758579, 35.750746 ], [ 139.758434, 35.750753 ], [ 139.758092, 35.750753 ], [ 139.758062, 35.750757 ], [ 139.757869, 35.750788 ], [ 139.757803, 35.751092 ], [ 139.757777, 35.751487 ], [ 139.757728, 35.751763 ], [ 139.757682, 35.752103 ], [ 139.757698, 35.752478 ], [ 139.757699, 35.753055 ], [ 139.757698, 35.753073 ], [ 139.75768, 35.75309 ], [ 139.757568, 35.753115 ], [ 139.75724, 35.753187 ], [ 139.757386, 35.753635 ], [ 139.757673, 35.754572 ], [ 139.757743, 35.754825 ], [ 139.757778, 35.754819 ], [ 139.757979, 35.754787 ], [ 139.758366, 35.754725 ], [ 139.759348, 35.754568 ], [ 139.759485, 35.75455 ], [ 139.76014, 35.754466 ], [ 139.760495, 35.754419 ], [ 139.761207, 35.754326 ], [ 139.761593, 35.754268 ], [ 139.761752, 35.754257 ], [ 139.761784, 35.754232 ], [ 139.761699, 35.753973 ], [ 139.761643, 35.75373 ], [ 139.761664, 35.753375 ], [ 139.761667, 35.753356 ], [ 139.761558, 35.753214 ], [ 139.761529, 35.753068 ], [ 139.761429, 35.752772 ], [ 139.761424, 35.752756 ], [ 139.761361, 35.752576 ], [ 139.761329, 35.752484 ], [ 139.761258, 35.752314 ], [ 139.761077, 35.751965 ], [ 139.761243, 35.75191 ], [ 139.761239, 35.751896 ], [ 139.761146, 35.751579 ], [ 139.761143, 35.751567 ], [ 139.761141, 35.751559 ], [ 139.761141, 35.751128 ], [ 139.761141, 35.75065 ] ] ] } },
{ "type": "Feature", "properties": { "key": "荒川区|西尾久7丁目", "ward": "荒川区", "town": "西尾久７丁目" }, "geometry": { "type": "Polygon", "coordinates": [ [ [ 139.753467, 35.750934 ], [ 139.753588, 35.750954 ], [ 139.753814, 35.750939 ], [ 139.754082, 35.750938 ], [ 139.754216, 35.750926 ], [ 139.754356, 35.750926 ], [ 139.754369, 35.750925 ], [ 139.754573, 35.750907 ], [ 139.75507, 35.750897 ], [ 139.755298, 35.750888 ], [ 139.755334, 35.750889 ], [ 139.75554, 35.750885 ], [ 139.755727, 35.750877 ], [ 139.755788, 35.750875 ], [ 139.756132, 35.750859 ], [ 139.756525, 35.75084 ], [ 139.756544, 35.750839 ], [ 139.756774, 35.750827 ], [ 139.757336, 35.750805 ], [ 139.757438, 35.750813 ], [ 139.757869, 35.750788 ], [ 139.757916, 35.750596 ], [ 139.757919, 35.750517 ], [ 139.757946, 35.750287 ], [ 139.757951, 35.749935 ], [ 139.757977, 35.749384 ], [ 139.757966, 35.749322 ], [ 139.757969, 35.748975 ], [ 139.75797, 35.748963 ], [ 139.75797, 35.748648 ], [ 139.757969, 35.748418 ], [ 139.757966, 35.747946 ], [ 139.757969, 35.747658 ], [ 139.757969, 35.747648 ], [ 139.757967, 35.747461 ], [ 139.757468, 35.747469 ], [ 139.757453, 35.747469 ], [ 139.756567, 35.747479 ], [ 139.756552, 35.74748 ], [ 139.756531, 35.74748 ], [ 139.755941, 35.74749 ], [ 139.755381, 35.747487 ], [ 139.75535, 35.747487 ], [ 139.755199, 35.747574 ], [ 139.755182, 35.747583 ], [ 139.754916, 35.747734 ], [ 139.755196, 35.7481 ], [ 139.755202, 35.748349 ], [ 139.755207, 35.748604 ], [ 139.755208, 35.748616 ], [ 139.755229, 35.748888 ], [ 139.754577, 35.748921 ], [ 139.754584, 35.749176 ], [ 139.754572, 35.749177 ], [ 139.754118, 35.749198 ], [ 139.753466, 35.749228 ], [ 139.753455, 35.749229 ], [ 139.752699, 35.749272 ], [ 139.752384, 35.749283 ], [ 139.752279, 35.749164 ], [ 139.751508, 35.74958 ], [ 139.751215, 35.749738 ], [ 139.751195, 35.749748 ], [ 139.751024, 35.749542 ], [ 139.749625, 35.750292 ], [ 139.749731, 35.750539 ], [ 139.749801, 35.750704 ], [ 139.749835, 35.750782 ], [ 139.749844, 35.750966 ], [ 139.749799, 35.750992 ], [ 139.74958, 35.751048 ], [ 139.749436, 35.751117 ], [ 139.749568, 35.751108 ], [ 139.749837, 35.751096 ], [ 139.74986, 35.751095 ], [ 139.750761, 35.751055 ], [ 139.751389, 35.751027 ], [ 139.751679, 35.751014 ], [ 139.751699, 35.751013 ], [ 139.752412, 35.750981 ], [ 139.753467, 35.750934 ] ] ] } },
{ "type": "Feature", "properties": { "key": "荒川区|西尾久8丁目", "ward": "荒川区", "town": "西尾久８丁目" }, "geometry": { "type": "Polygon", "coordinates": [ [ [ 139.753076, 35.753593 ], [ 139.753617, 35.753525 ], [ 139.753686, 35.753528 ], [ 139.753707, 35.75353 ], [ 139.75383, 35.753532 ], [ 139.754326, 35.75348 ], [ 139.754486, 35.753463 ], [ 139.754853, 35.753435 ], [ 139.755231, 35.753398 ], [ 139.75558, 35.753375 ], [ 139.75561, 35.753373 ], [ 139.755937, 35.753354 ], [ 139.756247, 35.753352 ], [ 139.756263, 35.753351 ], [ 139.756589, 35.75333 ], [ 139.756685, 35.753309 ], [ 139.756709, 35.753305 ], [ 139.757058, 35.753236 ], [ 139.75724, 35.753187 ], [ 139.757568, 35.753115 ], [ 139.75768, 35.75309 ], [ 139.757698, 35.753073 ], [ 139.757699, 35.753055 ], [ 139.757698, 35.752478 ], [ 139.757682, 35.752103 ], [ 139.757728, 35.751763 ], [ 139.757777, 35.751487 ], [ 139.757803, 35.751092 ], [ 139.757869, 35.750788 ], [ 139.757438, 35.750813 ], [ 139.757336, 35.750805 ], [ 139.756774, 35.750827 ], [ 139.756544, 35.750839 ], [ 139.756525, 35.75084 ], [ 139.756132, 35.750859 ], [ 139.755788, 35.750875 ], [ 139.755727, 35.750877 ], [ 139.75554, 35.750885 ], [ 139.755334, 35.750889 ], [ 139.755298, 35.750888 ], [ 139.75507, 35.750897 ], [ 139.754573, 35.750907 ], [ 139.754369, 35.750925 ], [ 139.754356, 35.750926 ], [ 139.754216, 35.750926 ], [ 139.754082, 35.750938 ], [ 139.753814, 35.750939 ], [ 139.753588, 35.750954 ], [ 139.753467, 35.750934 ], [ 139.752412, 35.750981 ], [ 139.751699, 35.751013 ], [ 139.751679, 35.751014 ], [ 139.751389, 35.751027 ], [ 139.750761, 35.751055 ], [ 139.74986, 35.751095 ], [ 139.749837, 35.751096 ], [ 139.749568, 35.751108 ], [ 139.749436, 35.751117 ], [ 139.74945, 35.751149 ], [ 139.749523, 35.751318 ], [ 139.749522, 35.751326 ], [ 139.749527, 35.751386 ], [ 139.749556, 35.751475 ], [ 139.749659, 35.751518 ], [ 139.749852, 35.751775 ], [ 139.749951, 35.751779 ], [ 139.750021, 35.751912 ], [ 139.750125, 35.751981 ], [ 139.750172, 35.752101 ], [ 139.750181, 35.752117 ], [ 139.750291, 35.752279 ], [ 139.750353, 35.752298 ], [ 139.75051, 35.752313 ], [ 139.750568, 35.752318 ], [ 139.75066, 35.752319 ], [ 139.750671, 35.752325 ], [ 139.750687, 35.752379 ], [ 139.750711, 35.752415 ], [ 139.750784, 35.752526 ], [ 139.750887, 35.752582 ], [ 139.750914, 35.752617 ], [ 139.750946, 35.752837 ], [ 139.750945, 35.752963 ], [ 139.750996, 35.753427 ], [ 139.751016, 35.753603 ], [ 139.751248, 35.753613 ], [ 139.751317, 35.753633 ], [ 139.751369, 35.753649 ], [ 139.751588, 35.753634 ], [ 139.75179, 35.753621 ], [ 139.751821, 35.753745 ], [ 139.751953, 35.753733 ], [ 139.752331, 35.753686 ], [ 139.753076, 35.753593 ] ] ] } },
{ "type": "Feature", "properties": { "key": "荒川区|東日暮里1丁目", "ward": "荒川区", "town": "東日暮里１丁目" }, "geometry": { "type": "Polygon", "coordinates": [ [ [ 139.792168, 35.73104 ], [ 139.792123, 35.73106 ], [ 139.791807, 35.731202 ], [ 139.791643, 35.731275 ], [ 139.791516, 35.731258 ], [ 139.791479, 35.731255 ], [ 139.791001, 35.73049 ], [ 139.790993, 35.730476 ], [ 139.790606, 35.729953 ], [ 139.790591, 35.729932 ], [ 139.79048, 35.729811 ], [ 139.790243, 35.729549 ], [ 139.790238, 35.729544 ], [ 139.790063, 35.729337 ], [ 139.790017, 35.729288 ], [ 139.789885, 35.729064 ], [ 139.789853, 35.728953 ], [ 139.789789, 35.72885 ], [ 139.789755, 35.728802 ], [ 139.789662, 35.728698 ], [ 139.789578, 35.728634 ], [ 139.789532, 35.728597 ], [ 139.789043, 35.728315 ], [ 139.788837, 35.728208 ], [ 139.788826, 35.728203 ], [ 139.788785, 35.728184 ], [ 139.788374, 35.727989 ], [ 139.788055, 35.727874 ], [ 139.787957, 35.727826 ], [ 139.78785, 35.72782 ], [ 139.787796, 35.727818 ], [ 139.787412, 35.727798 ], [ 139.787222, 35.727772 ], [ 139.786885, 35.727769 ], [ 139.78683, 35.727768 ], [ 139.786827, 35.728075 ], [ 139.786856, 35.728473 ], [ 139.786858, 35.728482 ], [ 139.786879, 35.728877 ], [ 139.786862, 35.729223 ], [ 139.786905, 35.729679 ], [ 139.786964, 35.730101 ], [ 139.786956, 35.730591 ], [ 139.787033, 35.731194 ], [ 139.787066, 35.731714 ], [ 139.786894, 35.731905 ], [ 139.786755, 35.732113 ], [ 139.786906, 35.732094 ], [ 139.787693, 35.731996 ], [ 139.787905, 35.73197 ], [ 139.788513, 35.731894 ], [ 139.788682, 35.731873 ], [ 139.788717, 35.731869 ], [ 139.789099, 35.731821 ], [ 139.789691, 35.731748 ], [ 139.790326, 35.731668 ], [ 139.79077, 35.731613 ], [ 139.791247, 35.731554 ], [ 139.791636, 35.731505 ], [ 139.792367, 35.731414 ], [ 139.792168, 35.73104 ] ] ] } },
{ "type": "Feature", "properties": { "key": "荒川区|東日暮里2丁目", "ward": "荒川区", "town": "東日暮里２丁目" }, "geometry": { "type": "Polygon", "coordinates": [ [ [ 139.78585, 35.727559 ], [ 139.785736, 35.72757 ], [ 139.785536, 35.727589 ], [ 139.78537, 35.727612 ], [ 139.785236, 35.727625 ], [ 139.78482, 35.727666 ], [ 139.784729, 35.727675 ], [ 139.784493, 35.727698 ], [ 139.784492, 35.727698 ], [ 139.78449, 35.727699 ], [ 139.784314, 35.727716 ], [ 139.784251, 35.727722 ], [ 139.783738, 35.727837 ], [ 139.783472, 35.727897 ], [ 139.783333, 35.727929 ], [ 139.783104, 35.72798 ], [ 139.782952, 35.728015 ], [ 139.782905, 35.728025 ], [ 139.782979, 35.728262 ], [ 139.783046, 35.72846 ], [ 139.783076, 35.728552 ], [ 139.783104, 35.728633 ], [ 139.783136, 35.728767 ], [ 139.783217, 35.729102 ], [ 139.783273, 35.729511 ], [ 139.783329, 35.72994 ], [ 139.783373, 35.730288 ], [ 139.783644, 35.73034 ], [ 139.783792, 35.731029 ], [ 139.783827, 35.731193 ], [ 139.783905, 35.731556 ], [ 139.784096, 35.732436 ], [ 139.784332, 35.732413 ], [ 139.784607, 35.732382 ], [ 139.785101, 35.732339 ], [ 139.785116, 35.732337 ], [ 139.785618, 35.732275 ], [ 139.786179, 35.732188 ], [ 139.786633, 35.732129 ], [ 139.786755, 35.732113 ], [ 139.786894, 35.731905 ], [ 139.787066, 35.731714 ], [ 139.787033, 35.731194 ], [ 139.786956, 35.730591 ], [ 139.786964, 35.730101 ], [ 139.786905, 35.729679 ], [ 139.786862, 35.729223 ], [ 139.786879, 35.728877 ], [ 139.786858, 35.728482 ], [ 139.786856, 35.728473 ], [ 139.786827, 35.728075 ], [ 139.78683, 35.727768 ], [ 139.786263, 35.727622 ], [ 139.78612, 35.7276 ], [ 139.786103, 35.727597 ], [ 139.786069, 35.727592 ], [ 139.78585, 35.727559 ] ] ] } },
{ "type": "Feature", "properties": { "key": "荒川区|東日暮里3丁目", "ward": "荒川区", "town": "東日暮里３丁目" }, "geometry": { "type": "Polygon", "coordinates": [ [ [ 139.780472, 35.732918 ], [ 139.78083, 35.732874 ], [ 139.78135, 35.732806 ], [ 139.781903, 35.732744 ], [ 139.782041, 35.732724 ], [ 139.782164, 35.732686 ], [ 139.782409, 35.732651 ], [ 139.782431, 35.732651 ], [ 139.782511, 35.732654 ], [ 139.782952, 35.732598 ], [ 139.783251, 35.732556 ], [ 139.783325, 35.73253 ], [ 139.783455, 35.732515 ], [ 139.783483, 35.732511 ], [ 139.784035, 35.732442 ], [ 139.784046, 35.732441 ], [ 139.784096, 35.732436 ], [ 139.783905, 35.731556 ], [ 139.783827, 35.731193 ], [ 139.783792, 35.731029 ], [ 139.783644, 35.73034 ], [ 139.783373, 35.730288 ], [ 139.783329, 35.72994 ], [ 139.783273, 35.729511 ], [ 139.783217, 35.729102 ], [ 139.783136, 35.728767 ], [ 139.783104, 35.728633 ], [ 139.783076, 35.728552 ], [ 139.783046, 35.72846 ], [ 139.782979, 35.728262 ], [ 139.782905, 35.728025 ], [ 139.782455, 35.728127 ], [ 139.782088, 35.728209 ], [ 139.782055, 35.728217 ], [ 139.782038, 35.728221 ], [ 139.781721, 35.728292 ], [ 139.78107, 35.728457 ], [ 139.780368, 35.728618 ], [ 139.78019, 35.72865 ], [ 139.779705, 35.728645 ], [ 139.77952, 35.728643 ], [ 139.779354, 35.728641 ], [ 139.779124, 35.728632 ], [ 139.778887, 35.728621 ], [ 139.778872, 35.728856 ], [ 139.778858, 35.729101 ], [ 139.778849, 35.72925 ], [ 139.778846, 35.729408 ], [ 139.778841, 35.729585 ], [ 139.778835, 35.729845 ], [ 139.778834, 35.729866 ], [ 139.778815, 35.730359 ], [ 139.77881, 35.730473 ], [ 139.778809, 35.730741 ], [ 139.778809, 35.730752 ], [ 139.778806, 35.730824 ], [ 139.778784, 35.731425 ], [ 139.778782, 35.731473 ], [ 139.778775, 35.731572 ], [ 139.778775, 35.731582 ], [ 139.778772, 35.731742 ], [ 139.778767, 35.732056 ], [ 139.778766, 35.732083 ], [ 139.778747, 35.732505 ], [ 139.778746, 35.732537 ], [ 139.778742, 35.732669 ], [ 139.77873, 35.732937 ], [ 139.778648, 35.732956 ], [ 139.778603, 35.732905 ], [ 139.778599, 35.733025 ], [ 139.778674, 35.733147 ], [ 139.778722, 35.733168 ], [ 139.778739, 35.733186 ], [ 139.77935, 35.733069 ], [ 139.779432, 35.733061 ], [ 139.779683, 35.733021 ], [ 139.780004, 35.732969 ], [ 139.780472, 35.732918 ] ] ] } },
{ "type": "Feature", "properties": { "key": "荒川区|東日暮里4丁目", "ward": "荒川区", "town": "東日暮里４丁目" }, "geometry": { "type": "Polygon", "coordinates": [ [ [ 139.782643, 35.72645 ], [ 139.782596, 35.726449 ], [ 139.7823, 35.726473 ], [ 139.782239, 35.726241 ], [ 139.782254, 35.725861 ], [ 139.782153, 35.725769 ], [ 139.78214, 35.725533 ], [ 139.781878, 35.72547 ], [ 139.781819, 35.725424 ], [ 139.781796, 35.725406 ], [ 139.781767, 35.725383 ], [ 139.781361, 35.725324 ], [ 139.781277, 35.725312 ], [ 139.781257, 35.725274 ], [ 139.781262, 35.725109 ], [ 139.781271, 35.72479 ], [ 139.781232, 35.724791 ], [ 139.781063, 35.724785 ], [ 139.780564, 35.724781 ], [ 139.780126, 35.724805 ], [ 139.779923, 35.724816 ], [ 139.779739, 35.724844 ], [ 139.77936, 35.724848 ], [ 139.779043, 35.724897 ], [ 139.779016, 35.724901 ], [ 139.779006, 35.725194 ], [ 139.778995, 35.725536 ], [ 139.778993, 35.725595 ], [ 139.778986, 35.725808 ], [ 139.778984, 35.725862 ], [ 139.778977, 35.726084 ], [ 139.778976, 35.7261 ], [ 139.778963, 35.726524 ], [ 139.778945, 35.72697 ], [ 139.778944, 35.726993 ], [ 139.778942, 35.727202 ], [ 139.778937, 35.727357 ], [ 139.778924, 35.727727 ], [ 139.778922, 35.727763 ], [ 139.778887, 35.728621 ], [ 139.779124, 35.728632 ], [ 139.779354, 35.728641 ], [ 139.77952, 35.728643 ], [ 139.779705, 35.728645 ], [ 139.78019, 35.72865 ], [ 139.780368, 35.728618 ], [ 139.78107, 35.728457 ], [ 139.781721, 35.728292 ], [ 139.782038, 35.728221 ], [ 139.782055, 35.728217 ], [ 139.782088, 35.728209 ], [ 139.782455, 35.728127 ], [ 139.782905, 35.728025 ], [ 139.782952, 35.728015 ], [ 139.783104, 35.72798 ], [ 139.783333, 35.727929 ], [ 139.783472, 35.727897 ], [ 139.783738, 35.727837 ], [ 139.784251, 35.727722 ], [ 139.783725, 35.727582 ], [ 139.783711, 35.727578 ], [ 139.783687, 35.727553 ], [ 139.783607, 35.727472 ], [ 139.783318, 35.727165 ], [ 139.78323, 35.727025 ], [ 139.78308, 35.726921 ], [ 139.783046, 35.726898 ], [ 139.783021, 35.726761 ], [ 139.783018, 35.726752 ], [ 139.782984, 35.726654 ], [ 139.782931, 35.726646 ], [ 139.782858, 35.726634 ], [ 139.78267, 35.726552 ], [ 139.782643, 35.72645 ] ] ] } },
{ "type": "Feature", "properties": { "key": "荒川区|東日暮里5丁目", "ward": "荒川区", "town": "東日暮里５丁目" }, "geometry": { "type": "Polygon", "coordinates": [ [ [ 139.778148, 35.728742 ], [ 139.778351, 35.728706 ], [ 139.778376, 35.7287 ], [ 139.778516, 35.728672 ], [ 139.778887, 35.728621 ], [ 139.778922, 35.727763 ], [ 139.778924, 35.727727 ], [ 139.778937, 35.727357 ], [ 139.778942, 35.727202 ], [ 139.778944, 35.726993 ], [ 139.778945, 35.72697 ], [ 139.778963, 35.726524 ], [ 139.778976, 35.7261 ], [ 139.778977, 35.726084 ], [ 139.778984, 35.725862 ], [ 139.778986, 35.725808 ], [ 139.778993, 35.725595 ], [ 139.778995, 35.725536 ], [ 139.779006, 35.725194 ], [ 139.779016, 35.724901 ], [ 139.778945, 35.724912 ], [ 139.778362, 35.724925 ], [ 139.778168, 35.72493 ], [ 139.777838, 35.725012 ], [ 139.777483, 35.725097 ], [ 139.777316, 35.72515 ], [ 139.777078, 35.72521 ], [ 139.776963, 35.72523 ], [ 139.776928, 35.725236 ], [ 139.776831, 35.725253 ], [ 139.776771, 35.725255 ], [ 139.77647, 35.725457 ], [ 139.775978, 35.725788 ], [ 139.775495, 35.725986 ], [ 139.775363, 35.726041 ], [ 139.775328, 35.726055 ], [ 139.77495, 35.726223 ], [ 139.774848, 35.726268 ], [ 139.774355, 35.7265 ], [ 139.774337, 35.726508 ], [ 139.774099, 35.72662 ], [ 139.773863, 35.726396 ], [ 139.773855, 35.726389 ], [ 139.77382, 35.726356 ], [ 139.77371, 35.72625 ], [ 139.773621, 35.726167 ], [ 139.773564, 35.726112 ], [ 139.773491, 35.726042 ], [ 139.773481, 35.726033 ], [ 139.773276, 35.726187 ], [ 139.772975, 35.725974 ], [ 139.772946, 35.725953 ], [ 139.772849, 35.72598 ], [ 139.772635, 35.726162 ], [ 139.772629, 35.726168 ], [ 139.772599, 35.726194 ], [ 139.772796, 35.726333 ], [ 139.772459, 35.726581 ], [ 139.772509, 35.726639 ], [ 139.772389, 35.726735 ], [ 139.772246, 35.726858 ], [ 139.77219, 35.726835 ], [ 139.771946, 35.72704 ], [ 139.771899, 35.727026 ], [ 139.771571, 35.727306 ], [ 139.771465, 35.727265 ], [ 139.771296, 35.72741 ], [ 139.771723, 35.727747 ], [ 139.771932, 35.727911 ], [ 139.771888, 35.727943 ], [ 139.771859, 35.728135 ], [ 139.771903, 35.728253 ], [ 139.771917, 35.728376 ], [ 139.771941, 35.728398 ], [ 139.772001, 35.728474 ], [ 139.772807, 35.728523 ], [ 139.773182, 35.728546 ], [ 139.773595, 35.728564 ], [ 139.773738, 35.728571 ], [ 139.773798, 35.728571 ], [ 139.773945, 35.728572 ], [ 139.77442, 35.728596 ], [ 139.774741, 35.728598 ], [ 139.774821, 35.728604 ], [ 139.774863, 35.728607 ], [ 139.775273, 35.728637 ], [ 139.775324, 35.72864 ], [ 139.775358, 35.728643 ], [ 139.77572, 35.728669 ], [ 139.775735, 35.72867 ], [ 139.775746, 35.728671 ], [ 139.776194, 35.728698 ], [ 139.776629, 35.728724 ], [ 139.776659, 35.728723 ], [ 139.776689, 35.728723 ], [ 139.77707, 35.72874 ], [ 139.777081, 35.72874 ], [ 139.777454, 35.728754 ], [ 139.777477, 35.728753 ], [ 139.777506, 35.728751 ], [ 139.777524, 35.728752 ], [ 139.77778, 35.728763 ], [ 139.777903, 35.728768 ], [ 139.777926, 35.728766 ], [ 139.778148, 35.728742 ] ] ] } },
{ "type": "Feature", "properties": { "key": "荒川区|東日暮里6丁目", "ward": "荒川区", "town": "東日暮里６丁目" }, "geometry": { "type": "Polygon", "coordinates": [ [ [ 139.777764, 35.73306 ], [ 139.777773, 35.733167 ], [ 139.778582, 35.733043 ], [ 139.778599, 35.733025 ], [ 139.778603, 35.732905 ], [ 139.778648, 35.732956 ], [ 139.77873, 35.732937 ], [ 139.778742, 35.732669 ], [ 139.778746, 35.732537 ], [ 139.778747, 35.732505 ], [ 139.778766, 35.732083 ], [ 139.778767, 35.732056 ], [ 139.778772, 35.731742 ], [ 139.778775, 35.731582 ], [ 139.778775, 35.731572 ], [ 139.778782, 35.731473 ], [ 139.778784, 35.731425 ], [ 139.778806, 35.730824 ], [ 139.778809, 35.730752 ], [ 139.778809, 35.730741 ], [ 139.77881, 35.730473 ], [ 139.778815, 35.730359 ], [ 139.778834, 35.729866 ], [ 139.778835, 35.729845 ], [ 139.778841, 35.729585 ], [ 139.778846, 35.729408 ], [ 139.778849, 35.72925 ], [ 139.778858, 35.729101 ], [ 139.778872, 35.728856 ], [ 139.778887, 35.728621 ], [ 139.778516, 35.728672 ], [ 139.778376, 35.7287 ], [ 139.778351, 35.728706 ], [ 139.778148, 35.728742 ], [ 139.777926, 35.728766 ], [ 139.777903, 35.728768 ], [ 139.77778, 35.728763 ], [ 139.777524, 35.728752 ], [ 139.777506, 35.728751 ], [ 139.777477, 35.728753 ], [ 139.777454, 35.728754 ], [ 139.777081, 35.72874 ], [ 139.77707, 35.72874 ], [ 139.776689, 35.728723 ], [ 139.776659, 35.728723 ], [ 139.776629, 35.728724 ], [ 139.776194, 35.728698 ], [ 139.775746, 35.728671 ], [ 139.775735, 35.72867 ], [ 139.77572, 35.728669 ], [ 139.775358, 35.728643 ], [ 139.775324, 35.72864 ], [ 139.775273, 35.728637 ], [ 139.774863, 35.728607 ], [ 139.774821, 35.728604 ], [ 139.774741, 35.728598 ], [ 139.77442, 35.728596 ], [ 139.773945, 35.728572 ], [ 139.773798, 35.728571 ], [ 139.773738, 35.728571 ], [ 139.773595, 35.728564 ], [ 139.773182, 35.728546 ], [ 139.772807, 35.728523 ], [ 139.772001, 35.728474 ], [ 139.772225, 35.728717 ], [ 139.772591, 35.729138 ], [ 139.772988, 35.729599 ], [ 139.773359, 35.730052 ], [ 139.773453, 35.730123 ], [ 139.773472, 35.730137 ], [ 139.773488, 35.730152 ], [ 139.773764, 35.730398 ], [ 139.773849, 35.730473 ], [ 139.774087, 35.730736 ], [ 139.774108, 35.73076 ], [ 139.77427, 35.731007 ], [ 139.774296, 35.731046 ], [ 139.774308, 35.731063 ], [ 139.774512, 35.731375 ], [ 139.774549, 35.731441 ], [ 139.774606, 35.731544 ], [ 139.774629, 35.731585 ], [ 139.774641, 35.731606 ], [ 139.774852, 35.732168 ], [ 139.774978, 35.732506 ], [ 139.775099, 35.732829 ], [ 139.775105, 35.732844 ], [ 139.775137, 35.73297 ], [ 139.775184, 35.733113 ], [ 139.775285, 35.733429 ], [ 139.775325, 35.733424 ], [ 139.77566, 35.733341 ], [ 139.775688, 35.733334 ], [ 139.775948, 35.733277 ], [ 139.776093, 35.733237 ], [ 139.776368, 35.733193 ], [ 139.776731, 35.733147 ], [ 139.777435, 35.73309 ], [ 139.777717, 35.733063 ], [ 139.777764, 35.73306 ] ] ] } },
{ "type": "Feature", "properties": { "key": "荒川区|西日暮里1丁目", "ward": "荒川区", "town": "西日暮里１丁目" }, "geometry": { "type": "Polygon", "coordinates": [ [ [ 139.778681, 35.73393 ], [ 139.778652, 35.733931 ], [ 139.778675, 35.733856 ], [ 139.778727, 35.733522 ], [ 139.778729, 35.733505 ], [ 139.778738, 35.733233 ], [ 139.778739, 35.733186 ], [ 139.778722, 35.733168 ], [ 139.778674, 35.733147 ], [ 139.778599, 35.733025 ], [ 139.778582, 35.733043 ], [ 139.777773, 35.733167 ], [ 139.777764, 35.73306 ], [ 139.777717, 35.733063 ], [ 139.777435, 35.73309 ], [ 139.776731, 35.733147 ], [ 139.776368, 35.733193 ], [ 139.776093, 35.733237 ], [ 139.775948, 35.733277 ], [ 139.775688, 35.733334 ], [ 139.77566, 35.733341 ], [ 139.775325, 35.733424 ], [ 139.775285, 35.733429 ], [ 139.774832, 35.733487 ], [ 139.774524, 35.733527 ], [ 139.7745, 35.73353 ], [ 139.774301, 35.733555 ], [ 139.774268, 35.733559 ], [ 139.774045, 35.733586 ], [ 139.773846, 35.733605 ], [ 139.773767, 35.733611 ], [ 139.7736, 35.733624 ], [ 139.773592, 35.733786 ], [ 139.773583, 35.733938 ], [ 139.773425, 35.733951 ], [ 139.773229, 35.73396 ], [ 139.773012, 35.733975 ], [ 139.772623, 35.734009 ], [ 139.772352, 35.734032 ], [ 139.771656, 35.734093 ], [ 139.771573, 35.7341 ], [ 139.771395, 35.734116 ], [ 139.771211, 35.734153 ], [ 139.770978, 35.734185 ], [ 139.770915, 35.734197 ], [ 139.770566, 35.73424 ], [ 139.770146, 35.734277 ], [ 139.769678, 35.734324 ], [ 139.769776, 35.734446 ], [ 139.769892, 35.734512 ], [ 139.770162, 35.734705 ], [ 139.77032, 35.7348 ], [ 139.770458, 35.734871 ], [ 139.770488, 35.734891 ], [ 139.770622, 35.734982 ], [ 139.771045, 35.735229 ], [ 139.771182, 35.735318 ], [ 139.771202, 35.735331 ], [ 139.771822, 35.735728 ], [ 139.771911, 35.73578 ], [ 139.772293, 35.736004 ], [ 139.772502, 35.736129 ], [ 139.772524, 35.736142 ], [ 139.772762, 35.736305 ], [ 139.77304, 35.736463 ], [ 139.773119, 35.736516 ], [ 139.77337, 35.736686 ], [ 139.773559, 35.736801 ], [ 139.773776, 35.736904 ], [ 139.773788, 35.73691 ], [ 139.773945, 35.737013 ], [ 139.77409, 35.73711 ], [ 139.774649, 35.737448 ], [ 139.77465, 35.737459 ], [ 139.774661, 35.737516 ], [ 139.774986, 35.737453 ], [ 139.775228, 35.737406 ], [ 139.775289, 35.737387 ], [ 139.77563, 35.737326 ], [ 139.775785, 35.737307 ], [ 139.775884, 35.737295 ], [ 139.776015, 35.737279 ], [ 139.776591, 35.737185 ], [ 139.776779, 35.73716 ], [ 139.776924, 35.737139 ], [ 139.777082, 35.737101 ], [ 139.776735, 35.736822 ], [ 139.776659, 35.736761 ], [ 139.776652, 35.736727 ], [ 139.776633, 35.736636 ], [ 139.776701, 35.736515 ], [ 139.776889, 35.736289 ], [ 139.777123, 35.735994 ], [ 139.777285, 35.735789 ], [ 139.777403, 35.735649 ], [ 139.777617, 35.735371 ], [ 139.7777, 35.735265 ], [ 139.777808, 35.735124 ], [ 139.77796, 35.734922 ], [ 139.778129, 35.734697 ], [ 139.778138, 35.734662 ], [ 139.77824, 35.734533 ], [ 139.778582, 35.734104 ], [ 139.778681, 35.73393 ] ] ] } },
{ "type": "Feature", "properties": { "key": "荒川区|西日暮里2丁目", "ward": "荒川区", "town": "西日暮里２丁目" }, "geometry": { "type": "Polygon", "coordinates": [ [ [ 139.773587, 35.733623 ], [ 139.773593, 35.733625 ], [ 139.7736, 35.733624 ], [ 139.773767, 35.733611 ], [ 139.773846, 35.733605 ], [ 139.774045, 35.733586 ], [ 139.774268, 35.733559 ], [ 139.774301, 35.733555 ], [ 139.7745, 35.73353 ], [ 139.774524, 35.733527 ], [ 139.774832, 35.733487 ], [ 139.775285, 35.733429 ], [ 139.775184, 35.733113 ], [ 139.775137, 35.73297 ], [ 139.775105, 35.732844 ], [ 139.775099, 35.732829 ], [ 139.774978, 35.732506 ], [ 139.774852, 35.732168 ], [ 139.774641, 35.731606 ], [ 139.774629, 35.731585 ], [ 139.774606, 35.731544 ], [ 139.774549, 35.731441 ], [ 139.774512, 35.731375 ], [ 139.774308, 35.731063 ], [ 139.774296, 35.731046 ], [ 139.77427, 35.731007 ], [ 139.774108, 35.73076 ], [ 139.774087, 35.730736 ], [ 139.773849, 35.730473 ], [ 139.773764, 35.730398 ], [ 139.773488, 35.730152 ], [ 139.773472, 35.730137 ], [ 139.773453, 35.730123 ], [ 139.773359, 35.730052 ], [ 139.772988, 35.729599 ], [ 139.772591, 35.729138 ], [ 139.772225, 35.728717 ], [ 139.772001, 35.728474 ], [ 139.771941, 35.728398 ], [ 139.771917, 35.728376 ], [ 139.771903, 35.728253 ], [ 139.771859, 35.728135 ], [ 139.771888, 35.727943 ], [ 139.771932, 35.727911 ], [ 139.771723, 35.727747 ], [ 139.771296, 35.72741 ], [ 139.771266, 35.727439 ], [ 139.771191, 35.727498 ], [ 139.770959, 35.727308 ], [ 139.770092, 35.728051 ], [ 139.770081, 35.728061 ], [ 139.77003, 35.728065 ], [ 139.770014, 35.728065 ], [ 139.770009, 35.728187 ], [ 139.770021, 35.728324 ], [ 139.769431, 35.728857 ], [ 139.769237, 35.728731 ], [ 139.768824, 35.729086 ], [ 139.768903, 35.729155 ], [ 139.768721, 35.729371 ], [ 139.76851, 35.729611 ], [ 139.768305, 35.729802 ], [ 139.768058, 35.73009 ], [ 139.767989, 35.73021 ], [ 139.76799, 35.730269 ], [ 139.768452, 35.73055 ], [ 139.768952, 35.730854 ], [ 139.769062, 35.7309 ], [ 139.769124, 35.730918 ], [ 139.769153, 35.730933 ], [ 139.769242, 35.730953 ], [ 139.769366, 35.73098 ], [ 139.769374, 35.731052 ], [ 139.769463, 35.731352 ], [ 139.769484, 35.731497 ], [ 139.769516, 35.731602 ], [ 139.769574, 35.731714 ], [ 139.769631, 35.731823 ], [ 139.76964, 35.73184 ], [ 139.76982, 35.732089 ], [ 139.76995, 35.732241 ], [ 139.770186, 35.732465 ], [ 139.770313, 35.732582 ], [ 139.770475, 35.732685 ], [ 139.770765, 35.732879 ], [ 139.770822, 35.732924 ], [ 139.770838, 35.732936 ], [ 139.771024, 35.733044 ], [ 139.771296, 35.733201 ], [ 139.771555, 35.733317 ], [ 139.771654, 35.733347 ], [ 139.77166, 35.73335 ], [ 139.771916, 35.733458 ], [ 139.772353, 35.733566 ], [ 139.7725, 35.733576 ], [ 139.772525, 35.733577 ], [ 139.773293, 35.733634 ], [ 139.773395, 35.733634 ], [ 139.77348, 35.733629 ], [ 139.773587, 35.733623 ] ] ] } },
{ "type": "Feature", "properties": { "key": "荒川区|西日暮里3丁目", "ward": "荒川区", "town": "西日暮里３丁目" }, "geometry": { "type": "Polygon", "coordinates": [ [ [ 139.769237, 35.728731 ], [ 139.769431, 35.728857 ], [ 139.770021, 35.728324 ], [ 139.770009, 35.728187 ], [ 139.770014, 35.728065 ], [ 139.769962, 35.728067 ], [ 139.769476, 35.727947 ], [ 139.769301, 35.727905 ], [ 139.769292, 35.727903 ], [ 139.769125, 35.727863 ], [ 139.768634, 35.727744 ], [ 139.768335, 35.727656 ], [ 139.768298, 35.727648 ], [ 139.768183, 35.727621 ], [ 139.768066, 35.727594 ], [ 139.767172, 35.72733 ], [ 139.766741, 35.727462 ], [ 139.766705, 35.727485 ], [ 139.766673, 35.7275 ], [ 139.766686, 35.727651 ], [ 139.765833, 35.7277 ], [ 139.76581, 35.727699 ], [ 139.765794, 35.727834 ], [ 139.765799, 35.727952 ], [ 139.765774, 35.728129 ], [ 139.765623, 35.728393 ], [ 139.765587, 35.728442 ], [ 139.765537, 35.728544 ], [ 139.765531, 35.728655 ], [ 139.765528, 35.728667 ], [ 139.76556, 35.728788 ], [ 139.765574, 35.728832 ], [ 139.765643, 35.728866 ], [ 139.765606, 35.729066 ], [ 139.765608, 35.729134 ], [ 139.76563, 35.729227 ], [ 139.76557, 35.729481 ], [ 139.765566, 35.729499 ], [ 139.765555, 35.729538 ], [ 139.765535, 35.729567 ], [ 139.765444, 35.729671 ], [ 139.765255, 35.729965 ], [ 139.765249, 35.729974 ], [ 139.765096, 35.730213 ], [ 139.765085, 35.73026 ], [ 139.764917, 35.730422 ], [ 139.764913, 35.730425 ], [ 139.764752, 35.730555 ], [ 139.764636, 35.730606 ], [ 139.764462, 35.730739 ], [ 139.764304, 35.730819 ], [ 139.764061, 35.730886 ], [ 139.764133, 35.730948 ], [ 139.764266, 35.731026 ], [ 139.76438, 35.731076 ], [ 139.764305, 35.731157 ], [ 139.764827, 35.731422 ], [ 139.76525, 35.731623 ], [ 139.765733, 35.731813 ], [ 139.76591, 35.731905 ], [ 139.765931, 35.731916 ], [ 139.766046, 35.731953 ], [ 139.766322, 35.732048 ], [ 139.766458, 35.732119 ], [ 139.766533, 35.732096 ], [ 139.766632, 35.731973 ], [ 139.766702, 35.731822 ], [ 139.766784, 35.73172 ], [ 139.767107, 35.731291 ], [ 139.767372, 35.730995 ], [ 139.767602, 35.730792 ], [ 139.767817, 35.730541 ], [ 139.767992, 35.730383 ], [ 139.76799, 35.730269 ], [ 139.767989, 35.73021 ], [ 139.768058, 35.73009 ], [ 139.768305, 35.729802 ], [ 139.76851, 35.729611 ], [ 139.768721, 35.729371 ], [ 139.768903, 35.729155 ], [ 139.768824, 35.729086 ], [ 139.769237, 35.728731 ] ] ] } },
{ "type": "Feature", "properties": { "key": "荒川区|西日暮里4丁目", "ward": "荒川区", "town": "西日暮里４丁目" }, "geometry": { "type": "Polygon", "coordinates": [ [ [ 139.765459, 35.733369 ], [ 139.765514, 35.733267 ], [ 139.765532, 35.733246 ], [ 139.765617, 35.73329 ], [ 139.765656, 35.73331 ], [ 139.765802, 35.733121 ], [ 139.765832, 35.733053 ], [ 139.765971, 35.732828 ], [ 139.766139, 35.732521 ], [ 139.766192, 35.732423 ], [ 139.766358, 35.732152 ], [ 139.766413, 35.732186 ], [ 139.766458, 35.732119 ], [ 139.766322, 35.732048 ], [ 139.766046, 35.731953 ], [ 139.765931, 35.731916 ], [ 139.76591, 35.731905 ], [ 139.765733, 35.731813 ], [ 139.76525, 35.731623 ], [ 139.764827, 35.731422 ], [ 139.764305, 35.731157 ], [ 139.76438, 35.731076 ], [ 139.764266, 35.731026 ], [ 139.764133, 35.730948 ], [ 139.764061, 35.730886 ], [ 139.763976, 35.730908 ], [ 139.763924, 35.73092 ], [ 139.763765, 35.731 ], [ 139.7635, 35.73115 ], [ 139.76348, 35.731161 ], [ 139.763185, 35.73133 ], [ 139.763172, 35.731337 ], [ 139.762807, 35.731548 ], [ 139.762562, 35.731627 ], [ 139.762486, 35.731631 ], [ 139.762256, 35.731629 ], [ 139.762206, 35.73162 ], [ 139.762066, 35.731724 ], [ 139.761981, 35.731715 ], [ 139.761882, 35.731721 ], [ 139.761875, 35.73172 ], [ 139.761746, 35.731752 ], [ 139.761722, 35.731758 ], [ 139.761697, 35.731767 ], [ 139.761634, 35.731789 ], [ 139.761604, 35.731808 ], [ 139.761595, 35.731814 ], [ 139.761535, 35.731881 ], [ 139.761517, 35.731934 ], [ 139.761444, 35.732144 ], [ 139.761381, 35.732262 ], [ 139.761319, 35.732375 ], [ 139.761331, 35.732386 ], [ 139.761531, 35.732594 ], [ 139.761839, 35.732893 ], [ 139.761649, 35.733075 ], [ 139.761769, 35.733146 ], [ 139.761669, 35.733356 ], [ 139.761598, 35.733473 ], [ 139.761478, 35.733761 ], [ 139.761719, 35.733841 ], [ 139.761755, 35.733853 ], [ 139.762116, 35.733972 ], [ 139.762127, 35.733961 ], [ 139.762338, 35.733759 ], [ 139.762539, 35.733619 ], [ 139.76266, 35.733692 ], [ 139.762667, 35.733696 ], [ 139.762693, 35.733712 ], [ 139.762845, 35.733697 ], [ 139.763027, 35.733646 ], [ 139.763232, 35.733558 ], [ 139.763276, 35.733539 ], [ 139.763308, 35.733536 ], [ 139.763556, 35.733675 ], [ 139.763564, 35.733742 ], [ 139.763568, 35.733771 ], [ 139.763573, 35.733787 ], [ 139.763574, 35.733791 ], [ 139.763681, 35.733991 ], [ 139.763821, 35.734162 ], [ 139.764063, 35.734397 ], [ 139.764339, 35.734605 ], [ 139.764518, 35.734431 ], [ 139.764797, 35.734141 ], [ 139.764815, 35.734122 ], [ 139.76512, 35.733797 ], [ 139.765143, 35.733773 ], [ 139.765459, 35.733369 ] ] ] } },
{ "type": "Feature", "properties": { "key": "荒川区|西日暮里5丁目", "ward": "荒川区", "town": "西日暮里５丁目" }, "geometry": { "type": "Polygon", "coordinates": [ [ [ 139.765332, 35.735315 ], [ 139.765383, 35.735335 ], [ 139.76552, 35.735289 ], [ 139.765636, 35.735234 ], [ 139.765865, 35.735151 ], [ 139.766223, 35.734991 ], [ 139.766387, 35.734918 ], [ 139.766611, 35.73482 ], [ 139.766835, 35.734777 ], [ 139.766964, 35.734728 ], [ 139.767174, 35.734681 ], [ 139.767653, 35.734584 ], [ 139.768141, 35.734537 ], [ 139.768634, 35.734461 ], [ 139.76866, 35.734459 ], [ 139.768997, 35.734419 ], [ 139.769273, 35.73438 ], [ 139.76936, 35.734368 ], [ 139.76958, 35.734331 ], [ 139.769678, 35.734324 ], [ 139.770146, 35.734277 ], [ 139.770566, 35.73424 ], [ 139.770915, 35.734197 ], [ 139.770978, 35.734185 ], [ 139.771211, 35.734153 ], [ 139.771395, 35.734116 ], [ 139.771573, 35.7341 ], [ 139.771656, 35.734093 ], [ 139.772352, 35.734032 ], [ 139.772623, 35.734009 ], [ 139.773012, 35.733975 ], [ 139.773229, 35.73396 ], [ 139.773425, 35.733951 ], [ 139.773583, 35.733938 ], [ 139.773592, 35.733786 ], [ 139.7736, 35.733624 ], [ 139.773593, 35.733625 ], [ 139.773587, 35.733623 ], [ 139.77348, 35.733629 ], [ 139.773395, 35.733634 ], [ 139.773293, 35.733634 ], [ 139.772525, 35.733577 ], [ 139.7725, 35.733576 ], [ 139.772353, 35.733566 ], [ 139.771916, 35.733458 ], [ 139.77166, 35.73335 ], [ 139.771654, 35.733347 ], [ 139.771555, 35.733317 ], [ 139.771296, 35.733201 ], [ 139.771024, 35.733044 ], [ 139.770838, 35.732936 ], [ 139.770822, 35.732924 ], [ 139.770765, 35.732879 ], [ 139.770475, 35.732685 ], [ 139.770313, 35.732582 ], [ 139.770186, 35.732465 ], [ 139.76995, 35.732241 ], [ 139.76982, 35.732089 ], [ 139.76964, 35.73184 ], [ 139.769631, 35.731823 ], [ 139.769574, 35.731714 ], [ 139.769516, 35.731602 ], [ 139.769484, 35.731497 ], [ 139.769463, 35.731352 ], [ 139.769374, 35.731052 ], [ 139.769366, 35.73098 ], [ 139.769242, 35.730953 ], [ 139.769153, 35.730933 ], [ 139.769124, 35.730918 ], [ 139.769062, 35.7309 ], [ 139.768952, 35.730854 ], [ 139.768452, 35.73055 ], [ 139.76799, 35.730269 ], [ 139.767992, 35.730383 ], [ 139.767817, 35.730541 ], [ 139.767602, 35.730792 ], [ 139.767372, 35.730995 ], [ 139.767107, 35.731291 ], [ 139.766784, 35.73172 ], [ 139.766702, 35.731822 ], [ 139.766632, 35.731973 ], [ 139.766533, 35.732096 ], [ 139.766458, 35.732119 ], [ 139.766413, 35.732186 ], [ 139.766358, 35.732152 ], [ 139.766192, 35.732423 ], [ 139.766139, 35.732521 ], [ 139.765971, 35.732828 ], [ 139.765832, 35.733053 ], [ 139.765802, 35.733121 ], [ 139.765656, 35.73331 ], [ 139.765617, 35.73329 ], [ 139.765532, 35.733246 ], [ 139.765514, 35.733267 ], [ 139.765459, 35.733369 ], [ 139.765143, 35.733773 ], [ 139.76512, 35.733797 ], [ 139.764815, 35.734122 ], [ 139.764797, 35.734141 ], [ 139.764518, 35.734431 ], [ 139.764339, 35.734605 ], [ 139.764268, 35.734692 ], [ 139.763844, 35.735043 ], [ 139.763647, 35.735202 ], [ 139.763512, 35.735313 ], [ 139.763509, 35.735315 ], [ 139.7636, 35.735384 ], [ 139.763612, 35.735389 ], [ 139.764857, 35.735814 ], [ 139.764821, 35.73575 ], [ 139.764944, 35.735638 ], [ 139.765174, 35.735482 ], [ 139.765327, 35.735388 ], [ 139.765332, 35.735315 ] ] ] } },
{ "type": "Feature", "properties": { "key": "荒川区|西日暮里6丁目", "ward": "荒川区", "town": "西日暮里６丁目" }, "geometry": { "type": "Polygon", "coordinates": [ [ [ 139.772524, 35.736142 ], [ 139.772502, 35.736129 ], [ 139.772293, 35.736004 ], [ 139.771911, 35.73578 ], [ 139.771822, 35.735728 ], [ 139.771202, 35.735331 ], [ 139.771182, 35.735318 ], [ 139.771045, 35.735229 ], [ 139.770622, 35.734982 ], [ 139.770488, 35.734891 ], [ 139.770458, 35.734871 ], [ 139.77032, 35.7348 ], [ 139.770162, 35.734705 ], [ 139.769892, 35.734512 ], [ 139.769776, 35.734446 ], [ 139.769678, 35.734324 ], [ 139.76958, 35.734331 ], [ 139.76936, 35.734368 ], [ 139.769273, 35.73438 ], [ 139.768997, 35.734419 ], [ 139.76866, 35.734459 ], [ 139.768634, 35.734461 ], [ 139.768141, 35.734537 ], [ 139.767653, 35.734584 ], [ 139.767174, 35.734681 ], [ 139.766964, 35.734728 ], [ 139.766835, 35.734777 ], [ 139.766611, 35.73482 ], [ 139.766387, 35.734918 ], [ 139.766223, 35.734991 ], [ 139.765865, 35.735151 ], [ 139.765636, 35.735234 ], [ 139.76552, 35.735289 ], [ 139.765383, 35.735335 ], [ 139.765332, 35.735315 ], [ 139.765327, 35.735388 ], [ 139.765174, 35.735482 ], [ 139.764944, 35.735638 ], [ 139.764821, 35.73575 ], [ 139.764857, 35.735814 ], [ 139.765029, 35.735881 ], [ 139.765231, 35.735989 ], [ 139.765265, 35.736012 ], [ 139.765394, 35.736082 ], [ 139.765459, 35.736114 ], [ 139.765705, 35.736172 ], [ 139.765792, 35.736209 ], [ 139.76587, 35.736238 ], [ 139.765871, 35.736228 ], [ 139.766329, 35.736393 ], [ 139.766784, 35.736554 ], [ 139.766791, 35.736557 ], [ 139.767381, 35.736764 ], [ 139.767389, 35.736766 ], [ 139.767916, 35.736954 ], [ 139.767952, 35.736967 ], [ 139.768088, 35.737001 ], [ 139.768463, 35.737134 ], [ 139.768479, 35.73714 ], [ 139.768752, 35.737223 ], [ 139.768857, 35.737262 ], [ 139.768885, 35.737273 ], [ 139.769097, 35.737352 ], [ 139.769153, 35.737373 ], [ 139.769563, 35.737517 ], [ 139.769759, 35.73759 ], [ 139.770132, 35.737704 ], [ 139.770414, 35.737791 ], [ 139.770576, 35.737849 ], [ 139.770783, 35.737923 ], [ 139.770869, 35.73795 ], [ 139.770683, 35.73818 ], [ 139.771219, 35.738065 ], [ 139.771328, 35.738048 ], [ 139.771485, 35.738022 ], [ 139.771841, 35.737965 ], [ 139.77241, 35.737876 ], [ 139.772603, 35.737845 ], [ 139.772953, 35.737789 ], [ 139.773331, 35.737729 ], [ 139.77412, 35.737602 ], [ 139.774373, 35.737562 ], [ 139.77459, 35.737527 ], [ 139.77465, 35.737459 ], [ 139.774649, 35.737448 ], [ 139.77409, 35.73711 ], [ 139.773945, 35.737013 ], [ 139.773788, 35.73691 ], [ 139.773776, 35.736904 ], [ 139.773559, 35.736801 ], [ 139.77337, 35.736686 ], [ 139.773119, 35.736516 ], [ 139.77304, 35.736463 ], [ 139.772762, 35.736305 ], [ 139.772524, 35.736142 ] ] ] } }
]
}
