{
"type": "FeatureCollection",
"name": "13110",
"crs": { "type": "name", "properties": { "name": "urn:ogc:def:crs:OGC:1.3:CRS84" } },
"features": [
{ "type": "Feature", "properties": { "key": "目黒区|駒場1丁目", "ward": "目黒区", "town": "駒場１丁目" }, "geometry": { "type": "Polygon", "coordinates": [ [ [ 139.688647, 35.657039 ], [ 139.688993, 35.65704 ], [ 139.689236, 35.657031 ], [ 139.689411, 35.65704 ], [ 139.689769, 35.657039 ], [ 139.690577, 35.657059 ], [ 139.690738, 35.656834 ], [ 139.690751, 35.656816 ], [ 139.690737, 35.65678 ], [ 139.690629, 35.656553 ], [ 139.690468, 35.656214 ], [ 139.690288, 35.655835 ], [ 139.690274, 35.6558 ], [ 139.690207, 35.655652 ], [ 139.690175, 35.65558 ], [ 139.690077, 35.655364 ], [ 139.690045, 35.65532 ], [ 139.689617, 35.655408 ], [ 139.689347, 35.655429 ], [ 139.689163, 35.655436 ], [ 139.689087, 35.655439 ], [ 139.68884, 35.655437 ], [ 139.688811, 35.655435 ], [ 139.68857, 35.655423 ], [ 139.688148, 35.655373 ], [ 139.688128, 35.65537 ], [ 139.687604, 35.655293 ], [ 139.687532, 35.655299 ], [ 139.687253, 35.655323 ], [ 139.687092, 35.655325 ], [ 139.686651, 35.655342 ], [ 139.686466, 35.655361 ], [ 139.686257, 35.655384 ], [ 139.685741, 35.655577 ], [ 139.685467, 35.655691 ], [ 139.685244, 35.655763 ], [ 139.68502, 35.655819 ], [ 139.684827, 35.655836 ], [ 139.684654, 35.655837 ], [ 139.68443, 35.655822 ], [ 139.684035, 35.655788 ], [ 139.683947, 35.655779 ], [ 139.68364, 35.655756 ], [ 139.683441, 35.655739 ], [ 139.683408, 35.655736 ], [ 139.683222, 35.655724 ], [ 139.682967, 35.655708 ], [ 139.682936, 35.655706 ], [ 139.682899, 35.656226 ], [ 139.682881, 35.656445 ], [ 139.682872, 35.656718 ], [ 139.682858, 35.656937 ], [ 139.682899, 35.657197 ], [ 139.682939, 35.657345 ], [ 139.682943, 35.657368 ], [ 139.683032, 35.657852 ], [ 139.683085, 35.658219 ], [ 139.683102, 35.658261 ], [ 139.683164, 35.658422 ], [ 139.683255, 35.658533 ], [ 139.683423, 35.658696 ], [ 139.683455, 35.658753 ], [ 139.683578, 35.65876 ], [ 139.683818, 35.658746 ], [ 139.684179, 35.65867 ], [ 139.684373, 35.658587 ], [ 139.684875, 35.658466 ], [ 139.685373, 35.658363 ], [ 139.685671, 35.658252 ], [ 139.686053, 35.658095 ], [ 139.686335, 35.657987 ], [ 139.686658, 35.657838 ], [ 139.687525, 35.657495 ], [ 139.688262, 35.657191 ], [ 139.688231, 35.657115 ], [ 139.688476, 35.657078 ], [ 139.688647, 35.657039 ] ] ] } },
{ "type": "Feature", "properties": { "key": "目黒区|駒場2丁目", "ward": "目黒区", "town": "駒場２丁目" }, "geometry": { "type": "Polygon", "coordinates": [ [ [ 139.683365, 35.658731 ], [ 139.683455, 35.658753 ], [ 139.683423, 35.658696 ], [ 139.683255, 35.658533 ], [ 139.683164, 35.658422 ], [ 139.683102, 35.658261 ], [ 139.683085, 35.658219 ], [ 139.683032, 35.657852 ], [ 139.682943, 35.657368 ], [ 139.682939, 35.657345 ], [ 139.682899, 35.657197 ], [ 139.682858, 35.656937 ], [ 139.682872, 35.656718 ], [ 139.682881, 35.656445 ], [ 139.682899, 35.656226 ], [ 139.682936, 35.655706 ], [ 139.682881, 35.655693 ], [ 139.682566, 35.655674 ], [ 139.681755, 35.655594 ], [ 139.681452, 35.655594 ], [ 139.681304, 35.655609 ], [ 139.680996, 35.655642 ], [ 139.68058, 35.655681 ], [ 139.680547, 35.656599 ], [ 139.680355, 35.65664 ], [ 139.68016, 35.656722 ], [ 139.679531, 35.657094 ], [ 139.679273, 35.657473 ], [ 139.678856, 35.658084 ], [ 139.678696, 35.658271 ], [ 139.678395, 35.658598 ], [ 139.678241, 35.658832 ], [ 139.678181, 35.658965 ], [ 139.678049, 35.659184 ], [ 139.677853, 35.659539 ], [ 139.677774, 35.659676 ], [ 139.678167, 35.65964 ], [ 139.678691, 35.659606 ], [ 139.678961, 35.659584 ], [ 139.679706, 35.659452 ], [ 139.68054, 35.659308 ], [ 139.680989, 35.659229 ], [ 139.681246, 35.659185 ], [ 139.68198, 35.659063 ], [ 139.682227, 35.659026 ], [ 139.682591, 35.65895 ], [ 139.682726, 35.658901 ], [ 139.682949, 35.658808 ], [ 139.683221, 35.658751 ], [ 139.683365, 35.658731 ] ] ] } },
{ "type": "Feature", "properties": { "key": "目黒区|駒場3丁目", "ward": "目黒区", "town": "駒場３丁目" }, "geometry": { "type": "Polygon", "coordinates": [ [ [ 139.682959, 35.663017 ], [ 139.683175, 35.663035 ], [ 139.683561, 35.663066 ], [ 139.683869, 35.66309 ], [ 139.683921, 35.663069 ], [ 139.684044, 35.663076 ], [ 139.684054, 35.663072 ], [ 139.685262, 35.662658 ], [ 139.685825, 35.662464 ], [ 139.685728, 35.662302 ], [ 139.685771, 35.662271 ], [ 139.685956, 35.662231 ], [ 139.686635, 35.662067 ], [ 139.6868, 35.662012 ], [ 139.687062, 35.661752 ], [ 139.687152, 35.661652 ], [ 139.687161, 35.661656 ], [ 139.687232, 35.661687 ], [ 139.687321, 35.661612 ], [ 139.687775, 35.661244 ], [ 139.687994, 35.661067 ], [ 139.688148, 35.660723 ], [ 139.688361, 35.660177 ], [ 139.688209, 35.660078 ], [ 139.688204, 35.659995 ], [ 139.688347, 35.659859 ], [ 139.688433, 35.65981 ], [ 139.68852, 35.659715 ], [ 139.688576, 35.659594 ], [ 139.6887, 35.659364 ], [ 139.688796, 35.659173 ], [ 139.688869, 35.659089 ], [ 139.688957, 35.658907 ], [ 139.688995, 35.658787 ], [ 139.689016, 35.658728 ], [ 139.689209, 35.658512 ], [ 139.689344, 35.658406 ], [ 139.689367, 35.658412 ], [ 139.689453, 35.658451 ], [ 139.689592, 35.658319 ], [ 139.689609, 35.658276 ], [ 139.690034, 35.65779 ], [ 139.690148, 35.657657 ], [ 139.690337, 35.657394 ], [ 139.69052, 35.657139 ], [ 139.690577, 35.657059 ], [ 139.689769, 35.657039 ], [ 139.689411, 35.65704 ], [ 139.689236, 35.657031 ], [ 139.688993, 35.65704 ], [ 139.688647, 35.657039 ], [ 139.688476, 35.657078 ], [ 139.688231, 35.657115 ], [ 139.688262, 35.657191 ], [ 139.687525, 35.657495 ], [ 139.686658, 35.657838 ], [ 139.686335, 35.657987 ], [ 139.686053, 35.658095 ], [ 139.685671, 35.658252 ], [ 139.685373, 35.658363 ], [ 139.684875, 35.658466 ], [ 139.684373, 35.658587 ], [ 139.684179, 35.65867 ], [ 139.683818, 35.658746 ], [ 139.683578, 35.65876 ], [ 139.683455, 35.658753 ], [ 139.683365, 35.658731 ], [ 139.683221, 35.658751 ], [ 139.682949, 35.658808 ], [ 139.682726, 35.658901 ], [ 139.682591, 35.65895 ], [ 139.682227, 35.659026 ], [ 139.68198, 35.659063 ], [ 139.681246, 35.659185 ], [ 139.681316, 35.659318 ], [ 139.681446, 35.659432 ], [ 139.681287, 35.659629 ], [ 139.681019, 35.659742 ], [ 139.681276, 35.660737 ], [ 139.681281, 35.660756 ], [ 139.681319, 35.660927 ], [ 139.681425, 35.6613 ], [ 139.68146, 35.661445 ], [ 139.681667, 35.66222 ], [ 139.681916, 35.663245 ], [ 139.68221, 35.66314 ], [ 139.682422, 35.663087 ], [ 139.682671, 35.66305 ], [ 139.682848, 35.663031 ], [ 139.682959, 35.663017 ] ] ] } },
{ "type": "Feature", "properties": { "key": "目黒区|駒場4丁目", "ward": "目黒区", "town": "駒場４丁目" }, "geometry": { "type": "Polygon", "coordinates": [ [ [ 139.675112, 35.664029 ], [ 139.675692, 35.664037 ], [ 139.676325, 35.664072 ], [ 139.676714, 35.664094 ], [ 139.677052, 35.664106 ], [ 139.677242, 35.664114 ], [ 139.67732, 35.664118 ], [ 139.67769, 35.664134 ], [ 139.678296, 35.664106 ], [ 139.678559, 35.664094 ], [ 139.678814, 35.664081 ], [ 139.678995, 35.66407 ], [ 139.679533, 35.664027 ], [ 139.679669, 35.664011 ], [ 139.680148, 35.663927 ], [ 139.680599, 35.663813 ], [ 139.680724, 35.663762 ], [ 139.68098, 35.663654 ], [ 139.681459, 35.663453 ], [ 139.681685, 35.663357 ], [ 139.681916, 35.663245 ], [ 139.681667, 35.66222 ], [ 139.68146, 35.661445 ], [ 139.681425, 35.6613 ], [ 139.681319, 35.660927 ], [ 139.681281, 35.660756 ], [ 139.681276, 35.660737 ], [ 139.681019, 35.659742 ], [ 139.681287, 35.659629 ], [ 139.681446, 35.659432 ], [ 139.681316, 35.659318 ], [ 139.681246, 35.659185 ], [ 139.680989, 35.659229 ], [ 139.68054, 35.659308 ], [ 139.679706, 35.659452 ], [ 139.678961, 35.659584 ], [ 139.678691, 35.659606 ], [ 139.678167, 35.65964 ], [ 139.677774, 35.659676 ], [ 139.677645, 35.659838 ], [ 139.676859, 35.6599 ], [ 139.676616, 35.659928 ], [ 139.676526, 35.660348 ], [ 139.676427, 35.660771 ], [ 139.676319, 35.661195 ], [ 139.676277, 35.66136 ], [ 139.676219, 35.661581 ], [ 139.676168, 35.661927 ], [ 139.676083, 35.662262 ], [ 139.676013, 35.662494 ], [ 139.675956, 35.662681 ], [ 139.675932, 35.662764 ], [ 139.675892, 35.662851 ], [ 139.675627, 35.66324 ], [ 139.675279, 35.66355 ], [ 139.675189, 35.663639 ], [ 139.675044, 35.663786 ], [ 139.674979, 35.66376 ], [ 139.674779, 35.663938 ], [ 139.674741, 35.663972 ], [ 139.674863, 35.66416 ], [ 139.675066, 35.664076 ], [ 139.675112, 35.664029 ] ] ] } },
{ "type": "Feature", "properties": { "key": "目黒区|青葉台1丁目", "ward": "目黒区", "town": "青葉台１丁目" }, "geometry": { "type": "Polygon", "coordinates": [ [ [ 139.699354, 35.648295 ], [ 139.699419, 35.648377 ], [ 139.699596, 35.648262 ], [ 139.699802, 35.648123 ], [ 139.699592, 35.64786 ], [ 139.700097, 35.647583 ], [ 139.70021, 35.647624 ], [ 139.700214, 35.647607 ], [ 139.700211, 35.647585 ], [ 139.700211, 35.647558 ], [ 139.700212, 35.647528 ], [ 139.700211, 35.647504 ], [ 139.700206, 35.647485 ], [ 139.700201, 35.647469 ], [ 139.700197, 35.647457 ], [ 139.700192, 35.647366 ], [ 139.700192, 35.647331 ], [ 139.700007, 35.647309 ], [ 139.699723, 35.647231 ], [ 139.699527, 35.647232 ], [ 139.699346, 35.647212 ], [ 139.699119, 35.647147 ], [ 139.699079, 35.647163 ], [ 139.699027, 35.647181 ], [ 139.698502, 35.647321 ], [ 139.69831, 35.647082 ], [ 139.698194, 35.646902 ], [ 139.698137, 35.646813 ], [ 139.697946, 35.646515 ], [ 139.697844, 35.646382 ], [ 139.697519, 35.645958 ], [ 139.697294, 35.645675 ], [ 139.697171, 35.64576 ], [ 139.697075, 35.64582 ], [ 139.69689, 35.645936 ], [ 139.696683, 35.646057 ], [ 139.696639, 35.646083 ], [ 139.696343, 35.646256 ], [ 139.696124, 35.646384 ], [ 139.696014, 35.646449 ], [ 139.69538, 35.646812 ], [ 139.695026, 35.647024 ], [ 139.694586, 35.647289 ], [ 139.694585, 35.6473 ], [ 139.693842, 35.647727 ], [ 139.693816, 35.647734 ], [ 139.694147, 35.648097 ], [ 139.694171, 35.648108 ], [ 139.694419, 35.6484 ], [ 139.694431, 35.648414 ], [ 139.694663, 35.648669 ], [ 139.694857, 35.648733 ], [ 139.694878, 35.648737 ], [ 139.695172, 35.648816 ], [ 139.695437, 35.648923 ], [ 139.695606, 35.64904 ], [ 139.695864, 35.649329 ], [ 139.696129, 35.649651 ], [ 139.696191, 35.649732 ], [ 139.696334, 35.64989 ], [ 139.69666, 35.650355 ], [ 139.696821, 35.650608 ], [ 139.696875, 35.650606 ], [ 139.697036, 35.650465 ], [ 139.697252, 35.650276 ], [ 139.697442, 35.65011 ], [ 139.698221, 35.649417 ], [ 139.698546, 35.649177 ], [ 139.698957, 35.648888 ], [ 139.699089, 35.648804 ], [ 139.699077, 35.648763 ], [ 139.699111, 35.648735 ], [ 139.698919, 35.648532 ], [ 139.699354, 35.648295 ] ] ] } },
{ "type": "Feature", "properties": { "key": "目黒区|青葉台2丁目", "ward": "目黒区", "town": "青葉台２丁目" }, "geometry": { "type": "Polygon", "coordinates": [ [ [ 139.696577, 35.650737 ], [ 139.696581, 35.650738 ], [ 139.696673, 35.650743 ], [ 139.696726, 35.650741 ], [ 139.696838, 35.65064 ], [ 139.696875, 35.650606 ], [ 139.696821, 35.650608 ], [ 139.69666, 35.650355 ], [ 139.696334, 35.64989 ], [ 139.696191, 35.649732 ], [ 139.696129, 35.649651 ], [ 139.695864, 35.649329 ], [ 139.695606, 35.64904 ], [ 139.695437, 35.648923 ], [ 139.695172, 35.648816 ], [ 139.694878, 35.648737 ], [ 139.694857, 35.648733 ], [ 139.694663, 35.648669 ], [ 139.694431, 35.648414 ], [ 139.694419, 35.6484 ], [ 139.694171, 35.648108 ], [ 139.694147, 35.648097 ], [ 139.693816, 35.647734 ], [ 139.693783, 35.647749 ], [ 139.693057, 35.648196 ], [ 139.692155, 35.64873 ], [ 139.692532, 35.649544 ], [ 139.692645, 35.649779 ], [ 139.692777, 35.649991 ], [ 139.692816, 35.650077 ], [ 139.692807, 35.650152 ], [ 139.692791, 35.650312 ], [ 139.692759, 35.650419 ], [ 139.692884, 35.650537 ], [ 139.69362, 35.651232 ], [ 139.693141, 35.65166 ], [ 139.693092, 35.651722 ], [ 139.693065, 35.651775 ], [ 139.693107, 35.652131 ], [ 139.693188, 35.652764 ], [ 139.693163, 35.652782 ], [ 139.693916, 35.653331 ], [ 139.694169, 35.653099 ], [ 139.694544, 35.652759 ], [ 139.69492, 35.652419 ], [ 139.695464, 35.651929 ], [ 139.695683, 35.651745 ], [ 139.695466, 35.651598 ], [ 139.696153, 35.650954 ], [ 139.696076, 35.650863 ], [ 139.696507, 35.650747 ], [ 139.696577, 35.650737 ] ] ] } },
{ "type": "Feature", "properties": { "key": "目黒区|青葉台3丁目", "ward": "目黒区", "town": "青葉台３丁目" }, "geometry": { "type": "Polygon", "coordinates": [ [ [ 139.692155, 35.64873 ], [ 139.691652, 35.649 ], [ 139.691385, 35.649144 ], [ 139.690995, 35.649432 ], [ 139.690788, 35.649614 ], [ 139.690653, 35.649733 ], [ 139.690422, 35.649947 ], [ 139.690056, 35.650291 ], [ 139.689887, 35.650446 ], [ 139.689804, 35.650528 ], [ 139.689687, 35.65063 ], [ 139.68951, 35.650786 ], [ 139.689491, 35.650818 ], [ 139.689492, 35.65093 ], [ 139.689496, 35.65096 ], [ 139.68949, 35.651457 ], [ 139.689464, 35.651774 ], [ 139.689468, 35.651929 ], [ 139.689465, 35.652192 ], [ 139.689447, 35.652544 ], [ 139.689449, 35.652561 ], [ 139.689944, 35.65272 ], [ 139.690081, 35.65276 ], [ 139.69052, 35.652883 ], [ 139.691339, 35.653113 ], [ 139.691368, 35.653122 ], [ 139.691516, 35.653167 ], [ 139.691729, 35.653232 ], [ 139.691867, 35.653274 ], [ 139.692051, 35.653331 ], [ 139.692144, 35.653361 ], [ 139.692376, 35.65342 ], [ 139.692614, 35.653491 ], [ 139.692846, 35.653591 ], [ 139.692876, 35.653605 ], [ 139.693062, 35.65369 ], [ 139.693096, 35.653705 ], [ 139.693369, 35.65383 ], [ 139.693414, 35.653789 ], [ 139.693916, 35.653331 ], [ 139.693163, 35.652782 ], [ 139.693188, 35.652764 ], [ 139.693107, 35.652131 ], [ 139.693065, 35.651775 ], [ 139.693092, 35.651722 ], [ 139.693141, 35.65166 ], [ 139.69362, 35.651232 ], [ 139.692884, 35.650537 ], [ 139.692759, 35.650419 ], [ 139.692791, 35.650312 ], [ 139.692807, 35.650152 ], [ 139.692816, 35.650077 ], [ 139.692777, 35.649991 ], [ 139.692645, 35.649779 ], [ 139.692532, 35.649544 ], [ 139.692155, 35.64873 ] ] ] } },
{ "type": "Feature", "properties": { "key": "目黒区|青葉台4丁目", "ward": "目黒区", "town": "青葉台４丁目" }, "geometry": { "type": "Polygon", "coordinates": [ [ [ 139.691816, 35.655516 ], [ 139.69186, 35.655529 ], [ 139.691945, 35.655415 ], [ 139.692039, 35.655421 ], [ 139.692382, 35.654993 ], [ 139.692557, 35.654773 ], [ 139.692594, 35.654725 ], [ 139.692606, 35.654709 ], [ 139.692635, 35.654671 ], [ 139.692675, 35.654617 ], [ 139.692819, 35.654423 ], [ 139.692971, 35.654218 ], [ 139.693369, 35.65383 ], [ 139.693096, 35.653705 ], [ 139.693062, 35.65369 ], [ 139.692876, 35.653605 ], [ 139.692846, 35.653591 ], [ 139.692614, 35.653491 ], [ 139.692376, 35.65342 ], [ 139.692144, 35.653361 ], [ 139.692051, 35.653331 ], [ 139.691867, 35.653274 ], [ 139.691729, 35.653232 ], [ 139.691516, 35.653167 ], [ 139.691368, 35.653122 ], [ 139.691339, 35.653113 ], [ 139.69052, 35.652883 ], [ 139.690081, 35.65276 ], [ 139.689944, 35.65272 ], [ 139.689449, 35.652561 ], [ 139.689415, 35.653029 ], [ 139.689398, 35.6533 ], [ 139.689404, 35.653754 ], [ 139.689426, 35.653905 ], [ 139.689459, 35.654004 ], [ 139.689495, 35.654157 ], [ 139.68955, 35.654307 ], [ 139.68965, 35.654496 ], [ 139.689825, 35.65488 ], [ 139.689949, 35.655163 ], [ 139.689956, 35.655179 ], [ 139.690045, 35.65532 ], [ 139.690077, 35.655364 ], [ 139.690175, 35.65558 ], [ 139.690207, 35.655652 ], [ 139.690274, 35.6558 ], [ 139.690288, 35.655835 ], [ 139.690468, 35.656214 ], [ 139.690629, 35.656553 ], [ 139.690737, 35.65678 ], [ 139.690751, 35.656816 ], [ 139.690898, 35.656647 ], [ 139.691141, 35.656369 ], [ 139.691543, 35.655899 ], [ 139.691591, 35.655823 ], [ 139.691667, 35.655704 ], [ 139.691816, 35.655516 ] ] ] } },
{ "type": "Feature", "properties": { "key": "目黒区|東山1丁目", "ward": "目黒区", "town": "東山１丁目" }, "geometry": { "type": "Polygon", "coordinates": [ [ [ 139.696639, 35.646083 ], [ 139.696683, 35.646057 ], [ 139.69689, 35.645936 ], [ 139.697075, 35.64582 ], [ 139.697171, 35.64576 ], [ 139.696987, 35.645745 ], [ 139.696702, 35.645746 ], [ 139.696496, 35.645757 ], [ 139.696321, 35.645789 ], [ 139.696266, 35.645806 ], [ 139.695963, 35.645909 ], [ 139.695617, 35.646007 ], [ 139.695588, 35.646016 ], [ 139.695393, 35.646071 ], [ 139.695179, 35.646066 ], [ 139.694887, 35.646 ], [ 139.694697, 35.646052 ], [ 139.694423, 35.646098 ], [ 139.694193, 35.646074 ], [ 139.693932, 35.646018 ], [ 139.693577, 35.645882 ], [ 139.693314, 35.645747 ], [ 139.693068, 35.645533 ], [ 139.693028, 35.645498 ], [ 139.692955, 35.645429 ], [ 139.692904, 35.64538 ], [ 139.69282, 35.645301 ], [ 139.692642, 35.645132 ], [ 139.692478, 35.644968 ], [ 139.69215, 35.644656 ], [ 139.691892, 35.644373 ], [ 139.691827, 35.644294 ], [ 139.691559, 35.644236 ], [ 139.691337, 35.644216 ], [ 139.691289, 35.644214 ], [ 139.691083, 35.644207 ], [ 139.690838, 35.644229 ], [ 139.690667, 35.64426 ], [ 139.690586, 35.644266 ], [ 139.690428, 35.644276 ], [ 139.690093, 35.644215 ], [ 139.689752, 35.64457 ], [ 139.689676, 35.644661 ], [ 139.689469, 35.64481 ], [ 139.68925, 35.644947 ], [ 139.689153, 35.645062 ], [ 139.689053, 35.645228 ], [ 139.688994, 35.645402 ], [ 139.688987, 35.645421 ], [ 139.688954, 35.645456 ], [ 139.688789, 35.645569 ], [ 139.688696, 35.645617 ], [ 139.688155, 35.645877 ], [ 139.68825, 35.645943 ], [ 139.688682, 35.646008 ], [ 139.68884, 35.646032 ], [ 139.689005, 35.646049 ], [ 139.689074, 35.646056 ], [ 139.68931, 35.646068 ], [ 139.689521, 35.64608 ], [ 139.689636, 35.646103 ], [ 139.689997, 35.646571 ], [ 139.690456, 35.647024 ], [ 139.690504, 35.647084 ], [ 139.690738, 35.647387 ], [ 139.690895, 35.647583 ], [ 139.690989, 35.647657 ], [ 139.691198, 35.647849 ], [ 139.691306, 35.647919 ], [ 139.691521, 35.648008 ], [ 139.691631, 35.648074 ], [ 139.691769, 35.648223 ], [ 139.691802, 35.648294 ], [ 139.691912, 35.648304 ], [ 139.692022, 35.648459 ], [ 139.692155, 35.64873 ], [ 139.693057, 35.648196 ], [ 139.693783, 35.647749 ], [ 139.693816, 35.647734 ], [ 139.693842, 35.647727 ], [ 139.694585, 35.6473 ], [ 139.694586, 35.647289 ], [ 139.695026, 35.647024 ], [ 139.69538, 35.646812 ], [ 139.696014, 35.646449 ], [ 139.696124, 35.646384 ], [ 139.696343, 35.646256 ], [ 139.696639, 35.646083 ] ] ] } },
{ "type": "Feature", "properties": { "key": "目黒区|東山2丁目", "ward": "目黒区", "town": "東山２丁目" }, "geometry": { "type": "Polygon", "coordinates": [ [ [ 139.692022, 35.648459 ], [ 139.691912, 35.648304 ], [ 139.691802, 35.648294 ], [ 139.691769, 35.648223 ], [ 139.691631, 35.648074 ], [ 139.691521, 35.648008 ], [ 139.691306, 35.647919 ], [ 139.691198, 35.647849 ], [ 139.690989, 35.647657 ], [ 139.690895, 35.647583 ], [ 139.690738, 35.647387 ], [ 139.690504, 35.647084 ], [ 139.690456, 35.647024 ], [ 139.689997, 35.646571 ], [ 139.689636, 35.646103 ], [ 139.689521, 35.64608 ], [ 139.68931, 35.646068 ], [ 139.689074, 35.646056 ], [ 139.689005, 35.646049 ], [ 139.68884, 35.646032 ], [ 139.688682, 35.646008 ], [ 139.68825, 35.645943 ], [ 139.688155, 35.645877 ], [ 139.688131, 35.645855 ], [ 139.687698, 35.645206 ], [ 139.687525, 35.644954 ], [ 139.687431, 35.644809 ], [ 139.687343, 35.644683 ], [ 139.687123, 35.644779 ], [ 139.686742, 35.644267 ], [ 139.68653, 35.64398 ], [ 139.686432, 35.64383 ], [ 139.686221, 35.64341 ], [ 139.686015, 35.642966 ], [ 139.685695, 35.643022 ], [ 139.685551, 35.643055 ], [ 139.684913, 35.642855 ], [ 139.684597, 35.643551 ], [ 139.684363, 35.6442 ], [ 139.684234, 35.64455 ], [ 139.68446, 35.644625 ], [ 139.684516, 35.644643 ], [ 139.684609, 35.644677 ], [ 139.684778, 35.644733 ], [ 139.685071, 35.644825 ], [ 139.685236, 35.644879 ], [ 139.685349, 35.644919 ], [ 139.685544, 35.64498 ], [ 139.685483, 35.645111 ], [ 139.685171, 35.645719 ], [ 139.684933, 35.646206 ], [ 139.684414, 35.646031 ], [ 139.684408, 35.646191 ], [ 139.6844, 35.646432 ], [ 139.684402, 35.646488 ], [ 139.684397, 35.646663 ], [ 139.684478, 35.646753 ], [ 139.684705, 35.646831 ], [ 139.685118, 35.646973 ], [ 139.685343, 35.64705 ], [ 139.685693, 35.647149 ], [ 139.686058, 35.647267 ], [ 139.686371, 35.647365 ], [ 139.686896, 35.647541 ], [ 139.687501, 35.647739 ], [ 139.687417, 35.647903 ], [ 139.687282, 35.648204 ], [ 139.687115, 35.648557 ], [ 139.687261, 35.648563 ], [ 139.687487, 35.648539 ], [ 139.688001, 35.648522 ], [ 139.688215, 35.648488 ], [ 139.688364, 35.648755 ], [ 139.688565, 35.648749 ], [ 139.688722, 35.648756 ], [ 139.689012, 35.648715 ], [ 139.689013, 35.648725 ], [ 139.689017, 35.648898 ], [ 139.689023, 35.649062 ], [ 139.689027, 35.649104 ], [ 139.689047, 35.649532 ], [ 139.689053, 35.649923 ], [ 139.68906, 35.649988 ], [ 139.689525, 35.649974 ], [ 139.689862, 35.649964 ], [ 139.689938, 35.649961 ], [ 139.690422, 35.649947 ], [ 139.690653, 35.649733 ], [ 139.690788, 35.649614 ], [ 139.690995, 35.649432 ], [ 139.691385, 35.649144 ], [ 139.691652, 35.649 ], [ 139.692155, 35.64873 ], [ 139.692022, 35.648459 ] ] ] } },
{ "type": "Feature", "properties": { "key": "目黒区|東山3丁目", "ward": "目黒区", "town": "東山３丁目" }, "geometry": { "type": "Polygon", "coordinates": [ [ [ 139.689013, 35.648725 ], [ 139.689012, 35.648715 ], [ 139.688722, 35.648756 ], [ 139.688565, 35.648749 ], [ 139.688364, 35.648755 ], [ 139.688215, 35.648488 ], [ 139.688001, 35.648522 ], [ 139.687487, 35.648539 ], [ 139.687261, 35.648563 ], [ 139.687115, 35.648557 ], [ 139.687282, 35.648204 ], [ 139.687417, 35.647903 ], [ 139.687501, 35.647739 ], [ 139.686896, 35.647541 ], [ 139.686371, 35.647365 ], [ 139.686058, 35.647267 ], [ 139.685693, 35.647149 ], [ 139.685343, 35.64705 ], [ 139.685118, 35.646973 ], [ 139.684705, 35.646831 ], [ 139.684478, 35.646753 ], [ 139.684522, 35.646809 ], [ 139.684439, 35.647265 ], [ 139.684444, 35.647318 ], [ 139.684379, 35.64753 ], [ 139.684364, 35.647572 ], [ 139.684272, 35.648094 ], [ 139.684239, 35.648237 ], [ 139.684176, 35.648502 ], [ 139.684163, 35.648561 ], [ 139.684071, 35.64898 ], [ 139.684057, 35.649224 ], [ 139.68406, 35.649282 ], [ 139.684092, 35.649392 ], [ 139.684163, 35.649534 ], [ 139.684329, 35.649868 ], [ 139.684347, 35.649964 ], [ 139.684264, 35.650054 ], [ 139.684356, 35.650148 ], [ 139.684461, 35.650297 ], [ 139.684523, 35.650526 ], [ 139.684711, 35.650567 ], [ 139.685095, 35.650767 ], [ 139.685686, 35.651066 ], [ 139.68592, 35.651184 ], [ 139.685976, 35.651227 ], [ 139.686002, 35.651212 ], [ 139.686499, 35.650829 ], [ 139.687039, 35.650418 ], [ 139.687212, 35.650307 ], [ 139.687523, 35.65016 ], [ 139.687593, 35.650141 ], [ 139.687833, 35.650069 ], [ 139.688037, 35.650026 ], [ 139.688241, 35.65001 ], [ 139.688252, 35.650009 ], [ 139.688595, 35.649994 ], [ 139.68906, 35.649988 ], [ 139.689053, 35.649923 ], [ 139.689047, 35.649532 ], [ 139.689027, 35.649104 ], [ 139.689023, 35.649062 ], [ 139.689017, 35.648898 ], [ 139.689013, 35.648725 ] ] ] } },
{ "type": "Feature", "properties": { "key": "目黒区|大橋1丁目", "ward": "目黒区", "town": "大橋１丁目" }, "geometry": { "type": "Polygon", "coordinates": [ [ [ 139.690422, 35.649947 ], [ 139.689938, 35.649961 ], [ 139.689862, 35.649964 ], [ 139.689525, 35.649974 ], [ 139.68906, 35.649988 ], [ 139.688595, 35.649994 ], [ 139.688252, 35.650009 ], [ 139.688241, 35.65001 ], [ 139.688037, 35.650026 ], [ 139.687833, 35.650069 ], [ 139.687593, 35.650141 ], [ 139.687523, 35.65016 ], [ 139.687212, 35.650307 ], [ 139.687039, 35.650418 ], [ 139.686499, 35.650829 ], [ 139.686002, 35.651212 ], [ 139.685976, 35.651227 ], [ 139.686025, 35.651253 ], [ 139.686298, 35.65141 ], [ 139.686576, 35.651547 ], [ 139.686651, 35.651581 ], [ 139.686953, 35.65172 ], [ 139.687201, 35.651816 ], [ 139.687345, 35.651866 ], [ 139.687757, 35.652011 ], [ 139.687765, 35.652013 ], [ 139.687882, 35.652048 ], [ 139.688254, 35.652168 ], [ 139.688486, 35.652241 ], [ 139.688569, 35.652267 ], [ 139.689447, 35.652544 ], [ 139.689465, 35.652192 ], [ 139.689468, 35.651929 ], [ 139.689464, 35.651774 ], [ 139.68949, 35.651457 ], [ 139.689496, 35.65096 ], [ 139.689492, 35.65093 ], [ 139.689491, 35.650818 ], [ 139.68951, 35.650786 ], [ 139.689687, 35.65063 ], [ 139.689804, 35.650528 ], [ 139.689887, 35.650446 ], [ 139.690056, 35.650291 ], [ 139.690422, 35.649947 ] ] ] } },
{ "type": "Feature", "properties": { "key": "目黒区|大橋2丁目", "ward": "目黒区", "town": "大橋２丁目" }, "geometry": { "type": "Polygon", "coordinates": [ [ [ 139.687604, 35.655293 ], [ 139.688128, 35.65537 ], [ 139.688148, 35.655373 ], [ 139.68857, 35.655423 ], [ 139.688811, 35.655435 ], [ 139.68884, 35.655437 ], [ 139.689087, 35.655439 ], [ 139.689163, 35.655436 ], [ 139.689347, 35.655429 ], [ 139.689617, 35.655408 ], [ 139.690045, 35.65532 ], [ 139.689956, 35.655179 ], [ 139.689949, 35.655163 ], [ 139.689825, 35.65488 ], [ 139.68965, 35.654496 ], [ 139.68955, 35.654307 ], [ 139.689495, 35.654157 ], [ 139.689459, 35.654004 ], [ 139.689426, 35.653905 ], [ 139.689404, 35.653754 ], [ 139.689398, 35.6533 ], [ 139.689415, 35.653029 ], [ 139.689449, 35.652561 ], [ 139.689447, 35.652544 ], [ 139.688569, 35.652267 ], [ 139.688486, 35.652241 ], [ 139.688254, 35.652168 ], [ 139.687882, 35.652048 ], [ 139.687765, 35.652013 ], [ 139.687757, 35.652011 ], [ 139.687345, 35.651866 ], [ 139.687201, 35.651816 ], [ 139.686953, 35.65172 ], [ 139.686651, 35.651581 ], [ 139.686576, 35.651547 ], [ 139.686298, 35.65141 ], [ 139.686025, 35.651253 ], [ 139.685976, 35.651227 ], [ 139.68592, 35.651184 ], [ 139.685686, 35.651066 ], [ 139.685095, 35.650767 ], [ 139.684711, 35.650567 ], [ 139.684523, 35.650526 ], [ 139.684571, 35.650662 ], [ 139.684654, 35.650894 ], [ 139.684576, 35.651355 ], [ 139.68445, 35.651394 ], [ 139.684436, 35.651398 ], [ 139.684404, 35.651462 ], [ 139.684386, 35.651575 ], [ 139.684386, 35.651603 ], [ 139.684165, 35.651665 ], [ 139.682568, 35.652149 ], [ 139.682371, 35.652207 ], [ 139.682531, 35.652582 ], [ 139.682515, 35.652586 ], [ 139.68251, 35.65266 ], [ 139.682504, 35.652748 ], [ 139.682509, 35.652749 ], [ 139.682976, 35.652778 ], [ 139.683693, 35.652814 ], [ 139.683681, 35.65284 ], [ 139.684067, 35.652846 ], [ 139.684065, 35.65296 ], [ 139.683802, 35.652974 ], [ 139.683136, 35.652943 ], [ 139.683126, 35.653043 ], [ 139.682962, 35.653044 ], [ 139.682946, 35.653711 ], [ 139.682936, 35.654124 ], [ 139.683133, 35.654121 ], [ 139.683115, 35.654402 ], [ 139.682878, 35.654403 ], [ 139.682871, 35.654551 ], [ 139.682834, 35.654549 ], [ 139.681823, 35.654522 ], [ 139.681798, 35.654851 ], [ 139.681755, 35.655594 ], [ 139.682566, 35.655674 ], [ 139.682881, 35.655693 ], [ 139.682936, 35.655706 ], [ 139.682967, 35.655708 ], [ 139.683222, 35.655724 ], [ 139.683408, 35.655736 ], [ 139.683441, 35.655739 ], [ 139.68364, 35.655756 ], [ 139.683947, 35.655779 ], [ 139.684035, 35.655788 ], [ 139.68443, 35.655822 ], [ 139.684654, 35.655837 ], [ 139.684827, 35.655836 ], [ 139.68502, 35.655819 ], [ 139.685244, 35.655763 ], [ 139.685467, 35.655691 ], [ 139.685741, 35.655577 ], [ 139.686257, 35.655384 ], [ 139.686466, 35.655361 ], [ 139.686651, 35.655342 ], [ 139.687092, 35.655325 ], [ 139.687253, 35.655323 ], [ 139.687532, 35.655299 ], [ 139.687604, 35.655293 ] ] ] } },
{ "type": "Feature", "properties": { "key": "目黒区|上目黒1丁目", "ward": "目黒区", "town": "上目黒１丁目" }, "geometry": { "type": "Polygon", "coordinates": [ [ [ 139.700573, 35.647194 ], [ 139.700957, 35.647099 ], [ 139.701323, 35.647033 ], [ 139.701458, 35.647024 ], [ 139.701503, 35.647017 ], [ 139.70164, 35.646921 ], [ 139.701644, 35.646919 ], [ 139.701914, 35.646732 ], [ 139.701967, 35.646738 ], [ 139.702014, 35.646625 ], [ 139.702017, 35.646615 ], [ 139.702033, 35.646571 ], [ 139.702192, 35.64647 ], [ 139.702119, 35.646438 ], [ 139.701952, 35.646355 ], [ 139.701848, 35.646275 ], [ 139.701698, 35.646084 ], [ 139.701598, 35.645882 ], [ 139.701565, 35.645565 ], [ 139.701559, 35.645439 ], [ 139.701544, 35.64514 ], [ 139.701513, 35.644658 ], [ 139.701511, 35.644626 ], [ 139.701502, 35.644466 ], [ 139.701486, 35.644398 ], [ 139.701446, 35.644212 ], [ 139.701355, 35.643974 ], [ 139.701289, 35.643865 ], [ 139.701229, 35.643705 ], [ 139.701241, 35.643702 ], [ 139.701119, 35.64339 ], [ 139.7009, 35.642839 ], [ 139.700711, 35.642472 ], [ 139.700232, 35.643039 ], [ 139.699849, 35.643493 ], [ 139.699835, 35.643509 ], [ 139.699803, 35.643541 ], [ 139.699737, 35.643597 ], [ 139.699707, 35.643623 ], [ 139.699592, 35.64372 ], [ 139.699528, 35.643776 ], [ 139.69937, 35.643911 ], [ 139.699216, 35.644043 ], [ 139.699225, 35.644047 ], [ 139.699082, 35.644177 ], [ 139.698827, 35.644387 ], [ 139.698822, 35.644398 ], [ 139.698358, 35.644781 ], [ 139.698346, 35.644791 ], [ 139.69798, 35.645101 ], [ 139.697803, 35.645251 ], [ 139.697518, 35.645495 ], [ 139.697365, 35.645625 ], [ 139.697294, 35.645675 ], [ 139.697519, 35.645958 ], [ 139.697844, 35.646382 ], [ 139.697946, 35.646515 ], [ 139.698137, 35.646813 ], [ 139.698194, 35.646902 ], [ 139.69831, 35.647082 ], [ 139.698502, 35.647321 ], [ 139.699027, 35.647181 ], [ 139.699079, 35.647163 ], [ 139.699119, 35.647147 ], [ 139.699346, 35.647212 ], [ 139.699527, 35.647232 ], [ 139.699723, 35.647231 ], [ 139.700007, 35.647309 ], [ 139.700192, 35.647331 ], [ 139.700199, 35.647332 ], [ 139.700343, 35.647296 ], [ 139.700573, 35.647194 ] ] ] } },
{ "type": "Feature", "properties": { "key": "目黒区|上目黒2丁目", "ward": "目黒区", "town": "上目黒２丁目" }, "geometry": { "type": "Polygon", "coordinates": [ [ [ 139.700467, 35.641999 ], [ 139.70007, 35.641677 ], [ 139.69985, 35.641508 ], [ 139.699703, 35.641416 ], [ 139.699606, 35.641341 ], [ 139.699488, 35.641252 ], [ 139.699332, 35.641058 ], [ 139.699296, 35.640992 ], [ 139.698953, 35.640525 ], [ 139.698522, 35.63993 ], [ 139.698424, 35.639782 ], [ 139.698379, 35.639716 ], [ 139.698282, 35.639521 ], [ 139.698139, 35.639227 ], [ 139.698093, 35.639131 ], [ 139.698017, 35.638976 ], [ 139.697955, 35.638849 ], [ 139.697947, 35.638854 ], [ 139.69778, 35.638527 ], [ 139.697704, 35.638396 ], [ 139.697696, 35.638381 ], [ 139.697577, 35.638249 ], [ 139.697501, 35.638179 ], [ 139.697404, 35.638253 ], [ 139.697075, 35.63841 ], [ 139.696672, 35.638615 ], [ 139.696641, 35.638628 ], [ 139.696331, 35.638761 ], [ 139.696043, 35.638898 ], [ 139.69584, 35.639034 ], [ 139.695638, 35.639316 ], [ 139.695455, 35.639558 ], [ 139.695361, 35.639658 ], [ 139.695204, 35.639828 ], [ 139.695136, 35.639901 ], [ 139.695034, 35.639999 ], [ 139.694874, 35.640156 ], [ 139.694626, 35.640426 ], [ 139.694603, 35.640469 ], [ 139.694487, 35.640682 ], [ 139.694425, 35.640902 ], [ 139.694405, 35.640985 ], [ 139.694356, 35.641075 ], [ 139.694271, 35.641184 ], [ 139.69411, 35.641388 ], [ 139.694013, 35.641447 ], [ 139.693822, 35.641537 ], [ 139.693409, 35.641704 ], [ 139.693474, 35.642178 ], [ 139.694252, 35.642186 ], [ 139.694345, 35.642198 ], [ 139.695092, 35.642207 ], [ 139.695595, 35.642199 ], [ 139.695757, 35.642179 ], [ 139.69605, 35.642145 ], [ 139.696228, 35.642108 ], [ 139.696325, 35.642097 ], [ 139.696491, 35.642131 ], [ 139.696679, 35.642192 ], [ 139.696772, 35.642202 ], [ 139.696993, 35.642285 ], [ 139.697197, 35.642379 ], [ 139.697439, 35.642565 ], [ 139.697687, 35.64291 ], [ 139.697733, 35.642965 ], [ 139.69784, 35.643115 ], [ 139.698137, 35.643429 ], [ 139.698202, 35.643477 ], [ 139.698398, 35.643618 ], [ 139.698532, 35.643703 ], [ 139.698961, 35.64392 ], [ 139.699216, 35.644043 ], [ 139.69937, 35.643911 ], [ 139.699528, 35.643776 ], [ 139.699592, 35.64372 ], [ 139.699707, 35.643623 ], [ 139.699737, 35.643597 ], [ 139.699803, 35.643541 ], [ 139.699835, 35.643509 ], [ 139.699849, 35.643493 ], [ 139.700232, 35.643039 ], [ 139.700711, 35.642472 ], [ 139.700467, 35.641999 ] ] ] } },
{ "type": "Feature", "properties": { "key": "目黒区|上目黒3丁目", "ward": "目黒区", "town": "上目黒３丁目" }, "geometry": { "type": "Polygon", "coordinates": [ [ [ 139.694887, 35.646 ], [ 139.695179, 35.646066 ], [ 139.695393, 35.646071 ], [ 139.695588, 35.646016 ], [ 139.695617, 35.646007 ], [ 139.695963, 35.645909 ], [ 139.696266, 35.645806 ], [ 139.696321, 35.645789 ], [ 139.696496, 35.645757 ], [ 139.696702, 35.645746 ], [ 139.696987, 35.645745 ], [ 139.697171, 35.64576 ], [ 139.697294, 35.645675 ], [ 139.697365, 35.645625 ], [ 139.697518, 35.645495 ], [ 139.697803, 35.645251 ], [ 139.69798, 35.645101 ], [ 139.698346, 35.644791 ], [ 139.698358, 35.644781 ], [ 139.698822, 35.644398 ], [ 139.698827, 35.644387 ], [ 139.699082, 35.644177 ], [ 139.699225, 35.644047 ], [ 139.699216, 35.644043 ], [ 139.698961, 35.64392 ], [ 139.698532, 35.643703 ], [ 139.698398, 35.643618 ], [ 139.698202, 35.643477 ], [ 139.698137, 35.643429 ], [ 139.69784, 35.643115 ], [ 139.697733, 35.642965 ], [ 139.697687, 35.64291 ], [ 139.697439, 35.642565 ], [ 139.697197, 35.642379 ], [ 139.696993, 35.642285 ], [ 139.696772, 35.642202 ], [ 139.696679, 35.642192 ], [ 139.696491, 35.642131 ], [ 139.696325, 35.642097 ], [ 139.696228, 35.642108 ], [ 139.69605, 35.642145 ], [ 139.695757, 35.642179 ], [ 139.695595, 35.642199 ], [ 139.695092, 35.642207 ], [ 139.694345, 35.642198 ], [ 139.694252, 35.642186 ], [ 139.693474, 35.642178 ], [ 139.693484, 35.642199 ], [ 139.692762, 35.642193 ], [ 139.692275, 35.6422 ], [ 139.692152, 35.642206 ], [ 139.692112, 35.642208 ], [ 139.691819, 35.642242 ], [ 139.691336, 35.642335 ], [ 139.690951, 35.642394 ], [ 139.691054, 35.642575 ], [ 139.69107, 35.642625 ], [ 139.691039, 35.642695 ], [ 139.690889, 35.642843 ], [ 139.690734, 35.642923 ], [ 139.690694, 35.643017 ], [ 139.690674, 35.643298 ], [ 139.690667, 35.643392 ], [ 139.690624, 35.643789 ], [ 139.690622, 35.643808 ], [ 139.690611, 35.64389 ], [ 139.690579, 35.644091 ], [ 139.690586, 35.644266 ], [ 139.690667, 35.64426 ], [ 139.690838, 35.644229 ], [ 139.691083, 35.644207 ], [ 139.691289, 35.644214 ], [ 139.691337, 35.644216 ], [ 139.691559, 35.644236 ], [ 139.691827, 35.644294 ], [ 139.691892, 35.644373 ], [ 139.69215, 35.644656 ], [ 139.692478, 35.644968 ], [ 139.692642, 35.645132 ], [ 139.69282, 35.645301 ], [ 139.692904, 35.64538 ], [ 139.692955, 35.645429 ], [ 139.693028, 35.645498 ], [ 139.693068, 35.645533 ], [ 139.693314, 35.645747 ], [ 139.693577, 35.645882 ], [ 139.693932, 35.646018 ], [ 139.694193, 35.646074 ], [ 139.694423, 35.646098 ], [ 139.694697, 35.646052 ], [ 139.694887, 35.646 ] ] ] } },
{ "type": "Feature", "properties": { "key": "目黒区|上目黒4丁目", "ward": "目黒区", "town": "上目黒４丁目" }, "geometry": { "type": "Polygon", "coordinates": [ [ [ 139.691819, 35.642242 ], [ 139.692112, 35.642208 ], [ 139.692152, 35.642206 ], [ 139.692275, 35.6422 ], [ 139.692762, 35.642193 ], [ 139.693484, 35.642199 ], [ 139.693474, 35.642178 ], [ 139.693409, 35.641704 ], [ 139.693822, 35.641537 ], [ 139.694013, 35.641447 ], [ 139.69411, 35.641388 ], [ 139.694271, 35.641184 ], [ 139.694356, 35.641075 ], [ 139.694405, 35.640985 ], [ 139.694425, 35.640902 ], [ 139.694271, 35.640832 ], [ 139.693858, 35.640582 ], [ 139.693631, 35.640437 ], [ 139.693401, 35.640273 ], [ 139.693185, 35.640084 ], [ 139.693165, 35.640036 ], [ 139.692887, 35.639778 ], [ 139.692714, 35.639601 ], [ 139.692475, 35.639316 ], [ 139.692435, 35.639239 ], [ 139.692419, 35.639257 ], [ 139.69211, 35.639279 ], [ 139.691884, 35.639316 ], [ 139.691586, 35.639371 ], [ 139.691583, 35.639371 ], [ 139.691394, 35.639413 ], [ 139.690982, 35.639511 ], [ 139.690931, 35.639524 ], [ 139.690668, 35.639586 ], [ 139.690324, 35.639661 ], [ 139.690107, 35.639711 ], [ 139.689701, 35.63981 ], [ 139.689637, 35.63991 ], [ 139.689531, 35.640132 ], [ 139.689376, 35.640185 ], [ 139.689197, 35.640146 ], [ 139.68906, 35.640117 ], [ 139.689, 35.640102 ], [ 139.688639, 35.640008 ], [ 139.688241, 35.639901 ], [ 139.687783, 35.639785 ], [ 139.687606, 35.639768 ], [ 139.68694, 35.640252 ], [ 139.686886, 35.640294 ], [ 139.686735, 35.640434 ], [ 139.686941, 35.640673 ], [ 139.687061, 35.640834 ], [ 139.68712, 35.640954 ], [ 139.687186, 35.641088 ], [ 139.687242, 35.641114 ], [ 139.68734, 35.641278 ], [ 139.687394, 35.64143 ], [ 139.687412, 35.641484 ], [ 139.687487, 35.641581 ], [ 139.687671, 35.641767 ], [ 139.687825, 35.641881 ], [ 139.687959, 35.641958 ], [ 139.688172, 35.642029 ], [ 139.688307, 35.642069 ], [ 139.688508, 35.642092 ], [ 139.688523, 35.64213 ], [ 139.688817, 35.642193 ], [ 139.688908, 35.64219 ], [ 139.689007, 35.642222 ], [ 139.688998, 35.642247 ], [ 139.68913, 35.642303 ], [ 139.689184, 35.642279 ], [ 139.68939, 35.642378 ], [ 139.689575, 35.64242 ], [ 139.689759, 35.642437 ], [ 139.69005, 35.642459 ], [ 139.690294, 35.642463 ], [ 139.690369, 35.64246 ], [ 139.690578, 35.642448 ], [ 139.690917, 35.642399 ], [ 139.690951, 35.642394 ], [ 139.691336, 35.642335 ], [ 139.691819, 35.642242 ] ] ] } },
{ "type": "Feature", "properties": { "key": "目黒区|上目黒5丁目", "ward": "目黒区", "town": "上目黒５丁目" }, "geometry": { "type": "Polygon", "coordinates": [ [ [ 139.689676, 35.644661 ], [ 139.689752, 35.64457 ], [ 139.690093, 35.644215 ], [ 139.690428, 35.644276 ], [ 139.690586, 35.644266 ], [ 139.690579, 35.644091 ], [ 139.690611, 35.64389 ], [ 139.690622, 35.643808 ], [ 139.690624, 35.643789 ], [ 139.690667, 35.643392 ], [ 139.690674, 35.643298 ], [ 139.690694, 35.643017 ], [ 139.690734, 35.642923 ], [ 139.690889, 35.642843 ], [ 139.691039, 35.642695 ], [ 139.69107, 35.642625 ], [ 139.691054, 35.642575 ], [ 139.690951, 35.642394 ], [ 139.690917, 35.642399 ], [ 139.690578, 35.642448 ], [ 139.690369, 35.64246 ], [ 139.690294, 35.642463 ], [ 139.69005, 35.642459 ], [ 139.689759, 35.642437 ], [ 139.689575, 35.64242 ], [ 139.68939, 35.642378 ], [ 139.689184, 35.642279 ], [ 139.68913, 35.642303 ], [ 139.688998, 35.642247 ], [ 139.689007, 35.642222 ], [ 139.688908, 35.64219 ], [ 139.688817, 35.642193 ], [ 139.688523, 35.64213 ], [ 139.688508, 35.642092 ], [ 139.688307, 35.642069 ], [ 139.688172, 35.642029 ], [ 139.687959, 35.641958 ], [ 139.687825, 35.641881 ], [ 139.687671, 35.641767 ], [ 139.687487, 35.641581 ], [ 139.687412, 35.641484 ], [ 139.687394, 35.64143 ], [ 139.68734, 35.641278 ], [ 139.687242, 35.641114 ], [ 139.687186, 35.641088 ], [ 139.68712, 35.640954 ], [ 139.687061, 35.640834 ], [ 139.686941, 35.640673 ], [ 139.686735, 35.640434 ], [ 139.686608, 35.640275 ], [ 139.686515, 35.640184 ], [ 139.68628, 35.640044 ], [ 139.686091, 35.639968 ], [ 139.686071, 35.63996 ], [ 139.686015, 35.63986 ], [ 139.685953, 35.639904 ], [ 139.685846, 35.640123 ], [ 139.685841, 35.640271 ], [ 139.685828, 35.640711 ], [ 139.685762, 35.640805 ], [ 139.685592, 35.641042 ], [ 139.685385, 35.641357 ], [ 139.685144, 35.641356 ], [ 139.68474, 35.642433 ], [ 139.684702, 35.642525 ], [ 139.684345, 35.642408 ], [ 139.684343, 35.642407 ], [ 139.684287, 35.642529 ], [ 139.684477, 35.642594 ], [ 139.684958, 35.64275 ], [ 139.684955, 35.642758 ], [ 139.684913, 35.642855 ], [ 139.685551, 35.643055 ], [ 139.685695, 35.643022 ], [ 139.686015, 35.642966 ], [ 139.686221, 35.64341 ], [ 139.686432, 35.64383 ], [ 139.68653, 35.64398 ], [ 139.686742, 35.644267 ], [ 139.687123, 35.644779 ], [ 139.687343, 35.644683 ], [ 139.687431, 35.644809 ], [ 139.687525, 35.644954 ], [ 139.687698, 35.645206 ], [ 139.688131, 35.645855 ], [ 139.688155, 35.645877 ], [ 139.688696, 35.645617 ], [ 139.688789, 35.645569 ], [ 139.688954, 35.645456 ], [ 139.688987, 35.645421 ], [ 139.688994, 35.645402 ], [ 139.689053, 35.645228 ], [ 139.689153, 35.645062 ], [ 139.68925, 35.644947 ], [ 139.689469, 35.64481 ], [ 139.689676, 35.644661 ] ] ] } },
{ "type": "Feature", "properties": { "key": "目黒区|中目黒1丁目", "ward": "目黒区", "town": "中目黒１丁目" }, "geometry": { "type": "Polygon", "coordinates": [ [ [ 139.702185, 35.646354 ], [ 139.702289, 35.646378 ], [ 139.702337, 35.64633 ], [ 139.702422, 35.646321 ], [ 139.702568, 35.646233 ], [ 139.702907, 35.646031 ], [ 139.702913, 35.646025 ], [ 139.702994, 35.645962 ], [ 139.703509, 35.645553 ], [ 139.703902, 35.645266 ], [ 139.704049, 35.645161 ], [ 139.704257, 35.645013 ], [ 139.704358, 35.644962 ], [ 139.704649, 35.644809 ], [ 139.704849, 35.644692 ], [ 139.704965, 35.644625 ], [ 139.705043, 35.644573 ], [ 139.705148, 35.644502 ], [ 139.70525, 35.644434 ], [ 139.705031, 35.644013 ], [ 139.704972, 35.643935 ], [ 139.704948, 35.643928 ], [ 139.704908, 35.643918 ], [ 139.70487, 35.64392 ], [ 139.704698, 35.643928 ], [ 139.704596, 35.64368 ], [ 139.704357, 35.643723 ], [ 139.704211, 35.643719 ], [ 139.704104, 35.643655 ], [ 139.704059, 35.643428 ], [ 139.703996, 35.643364 ], [ 139.703985, 35.643351 ], [ 139.703973, 35.643335 ], [ 139.703872, 35.643203 ], [ 139.703793, 35.643161 ], [ 139.703769, 35.643132 ], [ 139.70372, 35.643099 ], [ 139.703555, 35.642986 ], [ 139.703319, 35.642825 ], [ 139.703371, 35.642757 ], [ 139.703357, 35.64275 ], [ 139.703341, 35.642741 ], [ 139.70304, 35.642578 ], [ 139.703034, 35.642558 ], [ 139.702694, 35.641876 ], [ 139.702684, 35.64161 ], [ 139.702853, 35.641399 ], [ 139.702852, 35.641375 ], [ 139.702851, 35.641348 ], [ 139.702709, 35.641246 ], [ 139.702549, 35.641143 ], [ 139.702032, 35.640864 ], [ 139.701967, 35.640943 ], [ 139.701768, 35.641199 ], [ 139.70169, 35.641298 ], [ 139.700711, 35.642472 ], [ 139.7009, 35.642839 ], [ 139.701119, 35.64339 ], [ 139.701241, 35.643702 ], [ 139.701229, 35.643705 ], [ 139.701289, 35.643865 ], [ 139.701355, 35.643974 ], [ 139.701446, 35.644212 ], [ 139.701486, 35.644398 ], [ 139.701502, 35.644466 ], [ 139.701511, 35.644626 ], [ 139.701513, 35.644658 ], [ 139.701544, 35.64514 ], [ 139.701559, 35.645439 ], [ 139.701565, 35.645565 ], [ 139.701598, 35.645882 ], [ 139.701698, 35.646084 ], [ 139.701848, 35.646275 ], [ 139.701952, 35.646355 ], [ 139.702119, 35.646438 ], [ 139.702146, 35.646404 ], [ 139.702185, 35.646354 ] ] ] } },
{ "type": "Feature", "properties": { "key": "目黒区|中目黒2丁目", "ward": "目黒区", "town": "中目黒２丁目" }, "geometry": { "type": "Polygon", "coordinates": [ [ [ 139.706255, 35.643797 ], [ 139.706905, 35.643424 ], [ 139.706877, 35.643342 ], [ 139.7069, 35.643278 ], [ 139.707166, 35.643082 ], [ 139.707257, 35.643015 ], [ 139.707398, 35.643061 ], [ 139.707638, 35.642863 ], [ 139.707901, 35.642683 ], [ 139.708211, 35.642476 ], [ 139.708389, 35.642352 ], [ 139.708736, 35.642156 ], [ 139.708905, 35.642074 ], [ 139.709008, 35.642043 ], [ 139.709254, 35.641968 ], [ 139.709841, 35.641787 ], [ 139.710201, 35.641676 ], [ 139.710064, 35.641436 ], [ 139.710043, 35.641399 ], [ 139.709995, 35.641371 ], [ 139.70973, 35.64101 ], [ 139.709529, 35.640822 ], [ 139.709262, 35.64057 ], [ 139.709158, 35.640472 ], [ 139.708972, 35.640297 ], [ 139.708594, 35.639933 ], [ 139.707939, 35.639349 ], [ 139.707649, 35.639092 ], [ 139.706202, 35.638062 ], [ 139.706207, 35.638058 ], [ 139.706054, 35.637957 ], [ 139.705751, 35.637757 ], [ 139.705095, 35.637304 ], [ 139.705061, 35.637293 ], [ 139.704967, 35.637378 ], [ 139.704894, 35.637462 ], [ 139.704831, 35.637534 ], [ 139.704725, 35.637657 ], [ 139.704468, 35.637953 ], [ 139.704352, 35.638083 ], [ 139.704248, 35.638199 ], [ 139.704149, 35.638309 ], [ 139.703514, 35.639116 ], [ 139.702829, 35.639901 ], [ 139.702781, 35.639954 ], [ 139.702501, 35.640301 ], [ 139.702032, 35.640864 ], [ 139.702549, 35.641143 ], [ 139.702709, 35.641246 ], [ 139.702851, 35.641348 ], [ 139.702852, 35.641375 ], [ 139.702853, 35.641399 ], [ 139.702684, 35.64161 ], [ 139.702694, 35.641876 ], [ 139.703034, 35.642558 ], [ 139.70304, 35.642578 ], [ 139.703341, 35.642741 ], [ 139.703357, 35.64275 ], [ 139.703371, 35.642757 ], [ 139.703319, 35.642825 ], [ 139.703555, 35.642986 ], [ 139.70372, 35.643099 ], [ 139.703769, 35.643132 ], [ 139.703793, 35.643161 ], [ 139.703872, 35.643203 ], [ 139.703973, 35.643335 ], [ 139.703985, 35.643351 ], [ 139.703996, 35.643364 ], [ 139.704059, 35.643428 ], [ 139.704104, 35.643655 ], [ 139.704211, 35.643719 ], [ 139.704357, 35.643723 ], [ 139.704596, 35.64368 ], [ 139.704698, 35.643928 ], [ 139.70487, 35.64392 ], [ 139.704908, 35.643918 ], [ 139.704948, 35.643928 ], [ 139.704972, 35.643935 ], [ 139.705031, 35.644013 ], [ 139.70525, 35.644434 ], [ 139.70527, 35.6444 ], [ 139.705305, 35.644344 ], [ 139.705764, 35.644066 ], [ 139.705758, 35.644024 ], [ 139.705859, 35.643954 ], [ 139.70596, 35.643952 ], [ 139.706255, 35.643797 ] ] ] } },
{ "type": "Feature", "properties": { "key": "目黒区|中目黒3丁目", "ward": "目黒区", "town": "中目黒３丁目" }, "geometry": { "type": "Polygon", "coordinates": [ [ [ 139.702662, 35.638641 ], [ 139.702456, 35.638517 ], [ 139.702245, 35.63839 ], [ 139.702242, 35.638349 ], [ 139.7012, 35.638234 ], [ 139.701089, 35.637983 ], [ 139.701005, 35.637897 ], [ 139.700974, 35.637852 ], [ 139.700711, 35.637616 ], [ 139.700471, 35.637447 ], [ 139.699767, 35.636907 ], [ 139.699278, 35.637255 ], [ 139.699003, 35.637407 ], [ 139.698767, 35.637527 ], [ 139.698494, 35.637672 ], [ 139.698368, 35.63779 ], [ 139.698294, 35.637873 ], [ 139.698121, 35.637989 ], [ 139.697581, 35.63824 ], [ 139.697577, 35.638249 ], [ 139.697696, 35.638381 ], [ 139.697704, 35.638396 ], [ 139.69778, 35.638527 ], [ 139.697947, 35.638854 ], [ 139.697955, 35.638849 ], [ 139.698017, 35.638976 ], [ 139.698093, 35.639131 ], [ 139.698139, 35.639227 ], [ 139.698282, 35.639521 ], [ 139.698379, 35.639716 ], [ 139.698424, 35.639782 ], [ 139.698522, 35.63993 ], [ 139.698953, 35.640525 ], [ 139.699296, 35.640992 ], [ 139.699332, 35.641058 ], [ 139.699488, 35.641252 ], [ 139.699606, 35.641341 ], [ 139.699703, 35.641416 ], [ 139.69985, 35.641508 ], [ 139.70007, 35.641677 ], [ 139.700467, 35.641999 ], [ 139.700711, 35.642472 ], [ 139.70169, 35.641298 ], [ 139.701768, 35.641199 ], [ 139.701967, 35.640943 ], [ 139.702032, 35.640864 ], [ 139.702501, 35.640301 ], [ 139.702781, 35.639954 ], [ 139.702829, 35.639901 ], [ 139.703514, 35.639116 ], [ 139.703089, 35.638894 ], [ 139.702662, 35.638641 ] ] ] } },
{ "type": "Feature", "properties": { "key": "目黒区|中目黒4丁目", "ward": "目黒区", "town": "中目黒４丁目" }, "geometry": { "type": "Polygon", "coordinates": [ [ [ 139.705061, 35.637293 ], [ 139.705095, 35.637304 ], [ 139.705221, 35.637149 ], [ 139.705222, 35.637148 ], [ 139.705331, 35.637015 ], [ 139.705348, 35.636994 ], [ 139.705518, 35.636787 ], [ 139.705542, 35.636758 ], [ 139.705662, 35.636611 ], [ 139.705755, 35.636465 ], [ 139.705804, 35.636389 ], [ 139.706002, 35.636137 ], [ 139.706111, 35.636048 ], [ 139.706073, 35.636057 ], [ 139.705804, 35.635928 ], [ 139.705721, 35.635889 ], [ 139.705655, 35.635857 ], [ 139.705627, 35.635844 ], [ 139.705595, 35.635829 ], [ 139.705339, 35.63586 ], [ 139.705111, 35.635901 ], [ 139.70488, 35.635857 ], [ 139.704682, 35.635749 ], [ 139.704418, 35.635551 ], [ 139.70421, 35.635474 ], [ 139.704039, 35.635512 ], [ 139.703843, 35.63554 ], [ 139.703687, 35.635521 ], [ 139.703438, 35.635393 ], [ 139.703375, 35.635345 ], [ 139.702866, 35.635635 ], [ 139.702652, 35.635742 ], [ 139.702358, 35.635871 ], [ 139.702101, 35.636004 ], [ 139.701947, 35.636071 ], [ 139.701854, 35.636094 ], [ 139.701757, 35.636118 ], [ 139.701398, 35.636161 ], [ 139.701103, 35.636206 ], [ 139.700647, 35.636335 ], [ 139.700621, 35.636343 ], [ 139.700369, 35.636517 ], [ 139.700093, 35.636678 ], [ 139.699986, 35.636742 ], [ 139.699845, 35.636851 ], [ 139.699767, 35.636907 ], [ 139.700471, 35.637447 ], [ 139.700711, 35.637616 ], [ 139.700974, 35.637852 ], [ 139.701005, 35.637897 ], [ 139.701089, 35.637983 ], [ 139.7012, 35.638234 ], [ 139.702242, 35.638349 ], [ 139.702245, 35.63839 ], [ 139.702456, 35.638517 ], [ 139.702662, 35.638641 ], [ 139.703089, 35.638894 ], [ 139.703514, 35.639116 ], [ 139.704149, 35.638309 ], [ 139.704248, 35.638199 ], [ 139.704352, 35.638083 ], [ 139.704468, 35.637953 ], [ 139.704725, 35.637657 ], [ 139.704831, 35.637534 ], [ 139.704894, 35.637462 ], [ 139.704967, 35.637378 ], [ 139.705061, 35.637293 ] ] ] } },
{ "type": "Feature", "properties": { "key": "目黒区|中目黒5丁目", "ward": "目黒区", "town": "中目黒５丁目" }, "geometry": { "type": "Polygon", "coordinates": [ [ [ 139.703115, 35.63514 ], [ 139.702957, 35.635092 ], [ 139.702582, 35.635128 ], [ 139.702284, 35.635161 ], [ 139.701728, 35.635205 ], [ 139.701674, 35.635209 ], [ 139.701622, 35.635162 ], [ 139.701584, 35.635107 ], [ 139.701308, 35.635119 ], [ 139.701278, 35.635111 ], [ 139.701065, 35.635056 ], [ 139.700966, 35.635002 ], [ 139.700931, 35.634972 ], [ 139.700694, 35.634769 ], [ 139.700249, 35.634499 ], [ 139.699993, 35.634345 ], [ 139.69986, 35.634274 ], [ 139.699837, 35.634255 ], [ 139.699443, 35.634053 ], [ 139.699392, 35.634019 ], [ 139.699245, 35.633944 ], [ 139.699035, 35.633846 ], [ 139.698626, 35.633656 ], [ 139.698389, 35.633576 ], [ 139.698228, 35.633521 ], [ 139.698211, 35.633575 ], [ 139.698126, 35.633864 ], [ 139.69807, 35.63425 ], [ 139.698001, 35.634665 ], [ 139.697939, 35.634882 ], [ 139.697892, 35.635006 ], [ 139.697743, 35.635294 ], [ 139.697724, 35.635321 ], [ 139.697449, 35.63529 ], [ 139.697128, 35.635262 ], [ 139.696927, 35.635232 ], [ 139.696752, 35.635204 ], [ 139.696372, 35.635126 ], [ 139.696165, 35.635081 ], [ 139.69604, 35.63508 ], [ 139.695924, 35.635122 ], [ 139.695751, 35.635162 ], [ 139.695498, 35.635201 ], [ 139.695074, 35.635208 ], [ 139.69507, 35.635208 ], [ 139.694801, 35.635227 ], [ 139.694461, 35.635266 ], [ 139.694426, 35.63527 ], [ 139.694115, 35.635312 ], [ 139.693774, 35.635418 ], [ 139.693568, 35.635488 ], [ 139.693193, 35.635598 ], [ 139.69358, 35.635773 ], [ 139.693835, 35.635894 ], [ 139.694207, 35.636071 ], [ 139.694416, 35.636171 ], [ 139.695215, 35.63655 ], [ 139.6956, 35.636726 ], [ 139.695852, 35.63686 ], [ 139.6961, 35.63705 ], [ 139.696643, 35.637497 ], [ 139.696736, 35.637553 ], [ 139.696838, 35.637642 ], [ 139.696993, 35.6378 ], [ 139.697501, 35.638179 ], [ 139.697577, 35.638249 ], [ 139.697581, 35.63824 ], [ 139.698121, 35.637989 ], [ 139.698294, 35.637873 ], [ 139.698368, 35.63779 ], [ 139.698494, 35.637672 ], [ 139.698767, 35.637527 ], [ 139.699003, 35.637407 ], [ 139.699278, 35.637255 ], [ 139.699767, 35.636907 ], [ 139.699845, 35.636851 ], [ 139.699986, 35.636742 ], [ 139.700093, 35.636678 ], [ 139.700369, 35.636517 ], [ 139.700621, 35.636343 ], [ 139.700647, 35.636335 ], [ 139.701103, 35.636206 ], [ 139.701398, 35.636161 ], [ 139.701757, 35.636118 ], [ 139.701854, 35.636094 ], [ 139.701947, 35.636071 ], [ 139.702101, 35.636004 ], [ 139.702358, 35.635871 ], [ 139.702652, 35.635742 ], [ 139.702866, 35.635635 ], [ 139.703375, 35.635345 ], [ 139.703115, 35.63514 ] ] ] } },
{ "type": "Feature", "properties": { "key": "目黒区|三田1丁目", "ward": "目黒区", "town": "三田１丁目" }, "geometry": { "type": "Polygon", "coordinates": [ [ [ 139.716219, 35.642112 ], [ 139.716301, 35.642101 ], [ 139.716495, 35.641913 ], [ 139.716574, 35.641865 ], [ 139.716759, 35.641752 ], [ 139.71704, 35.641711 ], [ 139.717309, 35.641583 ], [ 139.717455, 35.641598 ], [ 139.717739, 35.641593 ], [ 139.717745, 35.641318 ], [ 139.717424, 35.641297 ], [ 139.71697, 35.641184 ], [ 139.716642, 35.641088 ], [ 139.716538, 35.641048 ], [ 139.716459, 35.641004 ], [ 139.716432, 35.640975 ], [ 139.716368, 35.64094 ], [ 139.716115, 35.640804 ], [ 139.715937, 35.640713 ], [ 139.715903, 35.640765 ], [ 139.715814, 35.640742 ], [ 139.715805, 35.640752 ], [ 139.715801, 35.640757 ], [ 139.715723, 35.640731 ], [ 139.71566, 35.640704 ], [ 139.715642, 35.640696 ], [ 139.715645, 35.640648 ], [ 139.715529, 35.640628 ], [ 139.715425, 35.640373 ], [ 139.71537, 35.640387 ], [ 139.715348, 35.640333 ], [ 139.71533, 35.640299 ], [ 139.71523, 35.640251 ], [ 139.715201, 35.640238 ], [ 139.715136, 35.640065 ], [ 139.715033, 35.639806 ], [ 139.714849, 35.639449 ], [ 139.71484, 35.639426 ], [ 139.714762, 35.639232 ], [ 139.714751, 35.639206 ], [ 139.714727, 35.639146 ], [ 139.714649, 35.639034 ], [ 139.714494, 35.638825 ], [ 139.714481, 35.638807 ], [ 139.714319, 35.638561 ], [ 139.714285, 35.638464 ], [ 139.714266, 35.638391 ], [ 139.713917, 35.638089 ], [ 139.713856, 35.638142 ], [ 139.713696, 35.638028 ], [ 139.713658, 35.638011 ], [ 139.713636, 35.638012 ], [ 139.713625, 35.638011 ], [ 139.713591, 35.638008 ], [ 139.713536, 35.63799 ], [ 139.713521, 35.637985 ], [ 139.71352, 35.637985 ], [ 139.713538, 35.637957 ], [ 139.71358, 35.637896 ], [ 139.713616, 35.637843 ], [ 139.713519, 35.637778 ], [ 139.713208, 35.638232 ], [ 139.713068, 35.638436 ], [ 139.712637, 35.63899 ], [ 139.71255, 35.639122 ], [ 139.712518, 35.63917 ], [ 139.71242, 35.639357 ], [ 139.71231, 35.639757 ], [ 139.712254, 35.63994 ], [ 139.712175, 35.640196 ], [ 139.712121, 35.640384 ], [ 139.711998, 35.640805 ], [ 139.711868, 35.641251 ], [ 139.71182, 35.641437 ], [ 139.711609, 35.642243 ], [ 139.711996, 35.64232 ], [ 139.712312, 35.642334 ], [ 139.713107, 35.642365 ], [ 139.713059, 35.642323 ], [ 139.713084, 35.642305 ], [ 139.713065, 35.642288 ], [ 139.713105, 35.642258 ], [ 139.713086, 35.642241 ], [ 139.713122, 35.642214 ], [ 139.713095, 35.642189 ], [ 139.713344, 35.641998 ], [ 139.713357, 35.64201 ], [ 139.713439, 35.641948 ], [ 139.713455, 35.641962 ], [ 139.713514, 35.641917 ], [ 139.713525, 35.641927 ], [ 139.713618, 35.641856 ], [ 139.713832, 35.642041 ], [ 139.713735, 35.642115 ], [ 139.713824, 35.642191 ], [ 139.713572, 35.642386 ], [ 139.71444, 35.642432 ], [ 139.714442, 35.642363 ], [ 139.714559, 35.642345 ], [ 139.714558, 35.642272 ], [ 139.714643, 35.642272 ], [ 139.714636, 35.642199 ], [ 139.71504, 35.642203 ], [ 139.715031, 35.642272 ], [ 139.715131, 35.642274 ], [ 139.715125, 35.642373 ], [ 139.715118, 35.642462 ], [ 139.715277, 35.642468 ], [ 139.715507, 35.642479 ], [ 139.7157, 35.642545 ], [ 139.715813, 35.642419 ], [ 139.715912, 35.642331 ], [ 139.716219, 35.642112 ] ] ] } },
{ "type": "Feature", "properties": { "key": "目黒区|三田2丁目", "ward": "目黒区", "town": "三田２丁目" }, "geometry": { "type": "Polygon", "coordinates": [ [ [ 139.71182, 35.641437 ], [ 139.711868, 35.641251 ], [ 139.711998, 35.640805 ], [ 139.712121, 35.640384 ], [ 139.712175, 35.640196 ], [ 139.712254, 35.63994 ], [ 139.71231, 35.639757 ], [ 139.71242, 35.639357 ], [ 139.712518, 35.63917 ], [ 139.71255, 35.639122 ], [ 139.712637, 35.63899 ], [ 139.713068, 35.638436 ], [ 139.712747, 35.638266 ], [ 139.712142, 35.637945 ], [ 139.711326, 35.637519 ], [ 139.711085, 35.637652 ], [ 139.710996, 35.637658 ], [ 139.710942, 35.637691 ], [ 139.710856, 35.637736 ], [ 139.71065, 35.637844 ], [ 139.710447, 35.637638 ], [ 139.710354, 35.637654 ], [ 139.709908, 35.637731 ], [ 139.709557, 35.637785 ], [ 139.709337, 35.637879 ], [ 139.709183, 35.637944 ], [ 139.709081, 35.637833 ], [ 139.708968, 35.637675 ], [ 139.708903, 35.637629 ], [ 139.708312, 35.637156 ], [ 139.707702, 35.636668 ], [ 139.707691, 35.636678 ], [ 139.70737, 35.636967 ], [ 139.707051, 35.637273 ], [ 139.706886, 35.637427 ], [ 139.706207, 35.638058 ], [ 139.706202, 35.638062 ], [ 139.707649, 35.639092 ], [ 139.707939, 35.639349 ], [ 139.708594, 35.639933 ], [ 139.708972, 35.640297 ], [ 139.709158, 35.640472 ], [ 139.709262, 35.64057 ], [ 139.709529, 35.640822 ], [ 139.70973, 35.64101 ], [ 139.709995, 35.641371 ], [ 139.710043, 35.641399 ], [ 139.710064, 35.641436 ], [ 139.710201, 35.641676 ], [ 139.710315, 35.641639 ], [ 139.710333, 35.641652 ], [ 139.710363, 35.641682 ], [ 139.710473, 35.642011 ], [ 139.711006, 35.642115 ], [ 139.711201, 35.642139 ], [ 139.71145, 35.642225 ], [ 139.711609, 35.642243 ], [ 139.71182, 35.641437 ] ] ] } },
{ "type": "Feature", "properties": { "key": "目黒区|目黒1丁目", "ward": "目黒区", "town": "目黒１丁目" }, "geometry": { "type": "Polygon", "coordinates": [ [ [ 139.713301, 35.6375 ], [ 139.71348, 35.637107 ], [ 139.713497, 35.637076 ], [ 139.713562, 35.636769 ], [ 139.713646, 35.636375 ], [ 139.713656, 35.63635 ], [ 139.713694, 35.636174 ], [ 139.713731, 35.635986 ], [ 139.713751, 35.635891 ], [ 139.713611, 35.635849 ], [ 139.71367, 35.635719 ], [ 139.713779, 35.635752 ], [ 139.713796, 35.635674 ], [ 139.713833, 35.635469 ], [ 139.713863, 35.635298 ], [ 139.714173, 35.63473 ], [ 139.714247, 35.634572 ], [ 139.714409, 35.634587 ], [ 139.714413, 35.634559 ], [ 139.714486, 35.634566 ], [ 139.714499, 35.63452 ], [ 139.714511, 35.634523 ], [ 139.714532, 35.634396 ], [ 139.714522, 35.634395 ], [ 139.714527, 35.634362 ], [ 139.714706, 35.63438 ], [ 139.714504, 35.634026 ], [ 139.714545, 35.633953 ], [ 139.714515, 35.633905 ], [ 139.714494, 35.633871 ], [ 139.71444, 35.633893 ], [ 139.713958, 35.63409 ], [ 139.713723, 35.634184 ], [ 139.713329, 35.634314 ], [ 139.713213, 35.63434 ], [ 139.712963, 35.634396 ], [ 139.712598, 35.634432 ], [ 139.712459, 35.634442 ], [ 139.71226, 35.634419 ], [ 139.712174, 35.634404 ], [ 139.712019, 35.634351 ], [ 139.7116, 35.634167 ], [ 139.711367, 35.634062 ], [ 139.711173, 35.63397 ], [ 139.710859, 35.633767 ], [ 139.710844, 35.633766 ], [ 139.70967, 35.634852 ], [ 139.709026, 35.635449 ], [ 139.708603, 35.635839 ], [ 139.707741, 35.636637 ], [ 139.707702, 35.636668 ], [ 139.708312, 35.637156 ], [ 139.708903, 35.637629 ], [ 139.708968, 35.637675 ], [ 139.709081, 35.637833 ], [ 139.709183, 35.637944 ], [ 139.709337, 35.637879 ], [ 139.709557, 35.637785 ], [ 139.709908, 35.637731 ], [ 139.710354, 35.637654 ], [ 139.710447, 35.637638 ], [ 139.71065, 35.637844 ], [ 139.710856, 35.637736 ], [ 139.710942, 35.637691 ], [ 139.710996, 35.637658 ], [ 139.711085, 35.637652 ], [ 139.711326, 35.637519 ], [ 139.712142, 35.637945 ], [ 139.712747, 35.638266 ], [ 139.713068, 35.638436 ], [ 139.713208, 35.638232 ], [ 139.713519, 35.637778 ], [ 139.713582, 35.637698 ], [ 139.713602, 35.637671 ], [ 139.713615, 35.637653 ], [ 139.713584, 35.637638 ], [ 139.713301, 35.6375 ] ] ] } },
{ "type": "Feature", "properties": { "key": "目黒区|目黒2丁目", "ward": "目黒区", "town": "目黒２丁目" }, "geometry": { "type": "Polygon", "coordinates": [ [ [ 139.708259, 35.632594 ], [ 139.707865, 35.63318 ], [ 139.707606, 35.63357 ], [ 139.707476, 35.633765 ], [ 139.707394, 35.633888 ], [ 139.707345, 35.633961 ], [ 139.706976, 35.634523 ], [ 139.707043, 35.634653 ], [ 139.707021, 35.634688 ], [ 139.706806, 35.63503 ], [ 139.706715, 35.63517 ], [ 139.706585, 35.635371 ], [ 139.706553, 35.63542 ], [ 139.70649, 35.635517 ], [ 139.706111, 35.636048 ], [ 139.706002, 35.636137 ], [ 139.705804, 35.636389 ], [ 139.705755, 35.636465 ], [ 139.705662, 35.636611 ], [ 139.705542, 35.636758 ], [ 139.705518, 35.636787 ], [ 139.705348, 35.636994 ], [ 139.705331, 35.637015 ], [ 139.705222, 35.637148 ], [ 139.705221, 35.637149 ], [ 139.705095, 35.637304 ], [ 139.705751, 35.637757 ], [ 139.706054, 35.637957 ], [ 139.706207, 35.638058 ], [ 139.706886, 35.637427 ], [ 139.707051, 35.637273 ], [ 139.70737, 35.636967 ], [ 139.707691, 35.636678 ], [ 139.707702, 35.636668 ], [ 139.707741, 35.636637 ], [ 139.708603, 35.635839 ], [ 139.709026, 35.635449 ], [ 139.70967, 35.634852 ], [ 139.710844, 35.633766 ], [ 139.710592, 35.633601 ], [ 139.710568, 35.633588 ], [ 139.710475, 35.63354 ], [ 139.709887, 35.633333 ], [ 139.709749, 35.633284 ], [ 139.709497, 35.633194 ], [ 139.709297, 35.633125 ], [ 139.709221, 35.633089 ], [ 139.708937, 35.632957 ], [ 139.70878, 35.632873 ], [ 139.708259, 35.632594 ] ] ] } },
{ "type": "Feature", "properties": { "key": "目黒区|目黒3丁目", "ward": "目黒区", "town": "目黒３丁目" }, "geometry": { "type": "Polygon", "coordinates": [ [ [ 139.70649, 35.635517 ], [ 139.706553, 35.63542 ], [ 139.706585, 35.635371 ], [ 139.706715, 35.63517 ], [ 139.706806, 35.63503 ], [ 139.707021, 35.634688 ], [ 139.707043, 35.634653 ], [ 139.706976, 35.634523 ], [ 139.707345, 35.633961 ], [ 139.707394, 35.633888 ], [ 139.707476, 35.633765 ], [ 139.707606, 35.63357 ], [ 139.707865, 35.63318 ], [ 139.708259, 35.632594 ], [ 139.707928, 35.63241 ], [ 139.707693, 35.632282 ], [ 139.707473, 35.632157 ], [ 139.707292, 35.632087 ], [ 139.707188, 35.632046 ], [ 139.706709, 35.631862 ], [ 139.706692, 35.631855 ], [ 139.706375, 35.63175 ], [ 139.706168, 35.631717 ], [ 139.705957, 35.63169 ], [ 139.705883, 35.631676 ], [ 139.705622, 35.631633 ], [ 139.704865, 35.631487 ], [ 139.704792, 35.63167 ], [ 139.704677, 35.631925 ], [ 139.704654, 35.632007 ], [ 139.704607, 35.632116 ], [ 139.704555, 35.632297 ], [ 139.70451, 35.632505 ], [ 139.704492, 35.632595 ], [ 139.704436, 35.632753 ], [ 139.704252, 35.632729 ], [ 139.704047, 35.632703 ], [ 139.704005, 35.632899 ], [ 139.703462, 35.63295 ], [ 139.703436, 35.633096 ], [ 139.703417, 35.633266 ], [ 139.703386, 35.633528 ], [ 139.703336, 35.633581 ], [ 139.703173, 35.633753 ], [ 139.702649, 35.634187 ], [ 139.70252, 35.634331 ], [ 139.702311, 35.634632 ], [ 139.70204, 35.634957 ], [ 139.701708, 35.635123 ], [ 139.701622, 35.635162 ], [ 139.701674, 35.635209 ], [ 139.701728, 35.635205 ], [ 139.702284, 35.635161 ], [ 139.702582, 35.635128 ], [ 139.702957, 35.635092 ], [ 139.703115, 35.63514 ], [ 139.703375, 35.635345 ], [ 139.703438, 35.635393 ], [ 139.703687, 35.635521 ], [ 139.703843, 35.63554 ], [ 139.704039, 35.635512 ], [ 139.70421, 35.635474 ], [ 139.704418, 35.635551 ], [ 139.704682, 35.635749 ], [ 139.70488, 35.635857 ], [ 139.705111, 35.635901 ], [ 139.705339, 35.63586 ], [ 139.705595, 35.635829 ], [ 139.705627, 35.635844 ], [ 139.705655, 35.635857 ], [ 139.705721, 35.635889 ], [ 139.705804, 35.635928 ], [ 139.706073, 35.636057 ], [ 139.706111, 35.636048 ], [ 139.70649, 35.635517 ] ] ] } },
{ "type": "Feature", "properties": { "key": "目黒区|目黒4丁目", "ward": "目黒区", "town": "目黒４丁目" }, "geometry": { "type": "Polygon", "coordinates": [ [ [ 139.70204, 35.634957 ], [ 139.702311, 35.634632 ], [ 139.70252, 35.634331 ], [ 139.702649, 35.634187 ], [ 139.703173, 35.633753 ], [ 139.703336, 35.633581 ], [ 139.703386, 35.633528 ], [ 139.703417, 35.633266 ], [ 139.703436, 35.633096 ], [ 139.703462, 35.63295 ], [ 139.704005, 35.632899 ], [ 139.704047, 35.632703 ], [ 139.704252, 35.632729 ], [ 139.704436, 35.632753 ], [ 139.704492, 35.632595 ], [ 139.70451, 35.632505 ], [ 139.704555, 35.632297 ], [ 139.704607, 35.632116 ], [ 139.704654, 35.632007 ], [ 139.704677, 35.631925 ], [ 139.704792, 35.63167 ], [ 139.704865, 35.631487 ], [ 139.704591, 35.631424 ], [ 139.704567, 35.631419 ], [ 139.704278, 35.631342 ], [ 139.70376, 35.631205 ], [ 139.703588, 35.63116 ], [ 139.703416, 35.631114 ], [ 139.703004, 35.631003 ], [ 139.70297, 35.630994 ], [ 139.702577, 35.630889 ], [ 139.702463, 35.630858 ], [ 139.702187, 35.630784 ], [ 139.702031, 35.630742 ], [ 139.701826, 35.63069 ], [ 139.701792, 35.630678 ], [ 139.701316, 35.630503 ], [ 139.701105, 35.630761 ], [ 139.700939, 35.630963 ], [ 139.700672, 35.631164 ], [ 139.700314, 35.631471 ], [ 139.700192, 35.631621 ], [ 139.699886, 35.632002 ], [ 139.699716, 35.632178 ], [ 139.699569, 35.632331 ], [ 139.699427, 35.63247 ], [ 139.699137, 35.632714 ], [ 139.699083, 35.632758 ], [ 139.699004, 35.632911 ], [ 139.698866, 35.633189 ], [ 139.698836, 35.633253 ], [ 139.698668, 35.633576 ], [ 139.698626, 35.633656 ], [ 139.699035, 35.633846 ], [ 139.699245, 35.633944 ], [ 139.699392, 35.634019 ], [ 139.699443, 35.634053 ], [ 139.699837, 35.634255 ], [ 139.69986, 35.634274 ], [ 139.699993, 35.634345 ], [ 139.700249, 35.634499 ], [ 139.700694, 35.634769 ], [ 139.700931, 35.634972 ], [ 139.700966, 35.635002 ], [ 139.701065, 35.635056 ], [ 139.701278, 35.635111 ], [ 139.701308, 35.635119 ], [ 139.701584, 35.635107 ], [ 139.701622, 35.635162 ], [ 139.701708, 35.635123 ], [ 139.70204, 35.634957 ] ] ] } },
{ "type": "Feature", "properties": { "key": "目黒区|下目黒1丁目", "ward": "目黒区", "town": "下目黒１丁目" }, "geometry": { "type": "Polygon", "coordinates": [ [ [ 139.714406, 35.632956 ], [ 139.714289, 35.632922 ], [ 139.714295, 35.632906 ], [ 139.714281, 35.632903 ], [ 139.714256, 35.63297 ], [ 139.714278, 35.632976 ], [ 139.714259, 35.633026 ], [ 139.714234, 35.63302 ], [ 139.714205, 35.633096 ], [ 139.714112, 35.633072 ], [ 139.714088, 35.633123 ], [ 139.713999, 35.633096 ], [ 139.714099, 35.632873 ], [ 139.714114, 35.632861 ], [ 139.71425, 35.632511 ], [ 139.714417, 35.632554 ], [ 139.714441, 35.632558 ], [ 139.71448, 35.632468 ], [ 139.714541, 35.632311 ], [ 139.714606, 35.632136 ], [ 139.714616, 35.632052 ], [ 139.714557, 35.632042 ], [ 139.714579, 35.631919 ], [ 139.714574, 35.631917 ], [ 139.714519, 35.631892 ], [ 139.714451, 35.631841 ], [ 139.714415, 35.631838 ], [ 139.714412, 35.631766 ], [ 139.714446, 35.63176 ], [ 139.714443, 35.631694 ], [ 139.714523, 35.631466 ], [ 139.714599, 35.631362 ], [ 139.714688, 35.631164 ], [ 139.714773, 35.630941 ], [ 139.714853, 35.630778 ], [ 139.714908, 35.630658 ], [ 139.715043, 35.630432 ], [ 139.715107, 35.630435 ], [ 139.715266, 35.629899 ], [ 139.715084, 35.629799 ], [ 139.715021, 35.62977 ], [ 139.714775, 35.629641 ], [ 139.714654, 35.629576 ], [ 139.714382, 35.629433 ], [ 139.71415, 35.629755 ], [ 139.71382, 35.63021 ], [ 139.713735, 35.630328 ], [ 139.713128, 35.631183 ], [ 139.713009, 35.631352 ], [ 139.712717, 35.63172 ], [ 139.712269, 35.632282 ], [ 139.711953, 35.632659 ], [ 139.711757, 35.6329 ], [ 139.711583, 35.633078 ], [ 139.711466, 35.633188 ], [ 139.71145, 35.633206 ], [ 139.711047, 35.633589 ], [ 139.710956, 35.633674 ], [ 139.710859, 35.633767 ], [ 139.711173, 35.63397 ], [ 139.711367, 35.634062 ], [ 139.7116, 35.634167 ], [ 139.712019, 35.634351 ], [ 139.712174, 35.634404 ], [ 139.71226, 35.634419 ], [ 139.712459, 35.634442 ], [ 139.712598, 35.634432 ], [ 139.712963, 35.634396 ], [ 139.713213, 35.63434 ], [ 139.713329, 35.634314 ], [ 139.713723, 35.634184 ], [ 139.713958, 35.63409 ], [ 139.71444, 35.633893 ], [ 139.714365, 35.633748 ], [ 139.714358, 35.633694 ], [ 139.71441, 35.633333 ], [ 139.71442, 35.633228 ], [ 139.714406, 35.632956 ] ] ] } },
{ "type": "Feature", "properties": { "key": "目黒区|下目黒2丁目", "ward": "目黒区", "town": "下目黒２丁目" }, "geometry": { "type": "Polygon", "coordinates": [ [ [ 139.712292, 35.62825 ], [ 139.711787, 35.628527 ], [ 139.71135, 35.62876 ], [ 139.711302, 35.628783 ], [ 139.711109, 35.628888 ], [ 139.710974, 35.628976 ], [ 139.710813, 35.629127 ], [ 139.710723, 35.629212 ], [ 139.710487, 35.629524 ], [ 139.710302, 35.629781 ], [ 139.710049, 35.630115 ], [ 139.710015, 35.630165 ], [ 139.709757, 35.630543 ], [ 139.709726, 35.630591 ], [ 139.709639, 35.630711 ], [ 139.709497, 35.630896 ], [ 139.709442, 35.63097 ], [ 139.709322, 35.631134 ], [ 139.709236, 35.631242 ], [ 139.709106, 35.63143 ], [ 139.70906, 35.631495 ], [ 139.709019, 35.631552 ], [ 139.708899, 35.631694 ], [ 139.708762, 35.631895 ], [ 139.708714, 35.631962 ], [ 139.708657, 35.632041 ], [ 139.70865, 35.63205 ], [ 139.708649, 35.632052 ], [ 139.708574, 35.632156 ], [ 139.708534, 35.632212 ], [ 139.708476, 35.632293 ], [ 139.708259, 35.632594 ], [ 139.70878, 35.632873 ], [ 139.708937, 35.632957 ], [ 139.709221, 35.633089 ], [ 139.709297, 35.633125 ], [ 139.709497, 35.633194 ], [ 139.709749, 35.633284 ], [ 139.709887, 35.633333 ], [ 139.710475, 35.63354 ], [ 139.710568, 35.633588 ], [ 139.710592, 35.633601 ], [ 139.710844, 35.633766 ], [ 139.710859, 35.633767 ], [ 139.710956, 35.633674 ], [ 139.711047, 35.633589 ], [ 139.71145, 35.633206 ], [ 139.711466, 35.633188 ], [ 139.711583, 35.633078 ], [ 139.711757, 35.6329 ], [ 139.711953, 35.632659 ], [ 139.712269, 35.632282 ], [ 139.712717, 35.63172 ], [ 139.713009, 35.631352 ], [ 139.713128, 35.631183 ], [ 139.713735, 35.630328 ], [ 139.71382, 35.63021 ], [ 139.71415, 35.629755 ], [ 139.714382, 35.629433 ], [ 139.714523, 35.629213 ], [ 139.713942, 35.628956 ], [ 139.713878, 35.628927 ], [ 139.713161, 35.628622 ], [ 139.712337, 35.628269 ], [ 139.712292, 35.62825 ] ] ] } },
{ "type": "Feature", "properties": { "key": "目黒区|下目黒3丁目", "ward": "目黒区", "town": "下目黒３丁目" }, "geometry": { "type": "Polygon", "coordinates": [ [ [ 139.708106, 35.626129 ], [ 139.707995, 35.62613 ], [ 139.707932, 35.626162 ], [ 139.707871, 35.62612 ], [ 139.707771, 35.626065 ], [ 139.707717, 35.626136 ], [ 139.707755, 35.626179 ], [ 139.707783, 35.626245 ], [ 139.70777, 35.626306 ], [ 139.707676, 35.626463 ], [ 139.707633, 35.626853 ], [ 139.707649, 35.627113 ], [ 139.707724, 35.627124 ], [ 139.707785, 35.627144 ], [ 139.707771, 35.627226 ], [ 139.707721, 35.627548 ], [ 139.707682, 35.627596 ], [ 139.707537, 35.627676 ], [ 139.707538, 35.627768 ], [ 139.707686, 35.627952 ], [ 139.707723, 35.628033 ], [ 139.707685, 35.62814 ], [ 139.707565, 35.628367 ], [ 139.707564, 35.628403 ], [ 139.707564, 35.62842 ], [ 139.707573, 35.628704 ], [ 139.707556, 35.628926 ], [ 139.707543, 35.629264 ], [ 139.707516, 35.629328 ], [ 139.707371, 35.629863 ], [ 139.707368, 35.62989 ], [ 139.707327, 35.630013 ], [ 139.707304, 35.630059 ], [ 139.707198, 35.630377 ], [ 139.707111, 35.630658 ], [ 139.706987, 35.63103 ], [ 139.706958, 35.631116 ], [ 139.706859, 35.631411 ], [ 139.706824, 35.631516 ], [ 139.706789, 35.631623 ], [ 139.706709, 35.631862 ], [ 139.707188, 35.632046 ], [ 139.707292, 35.632087 ], [ 139.707473, 35.632157 ], [ 139.707693, 35.632282 ], [ 139.707928, 35.63241 ], [ 139.708259, 35.632594 ], [ 139.708476, 35.632293 ], [ 139.708534, 35.632212 ], [ 139.708574, 35.632156 ], [ 139.708649, 35.632052 ], [ 139.70865, 35.63205 ], [ 139.708657, 35.632041 ], [ 139.708714, 35.631962 ], [ 139.708762, 35.631895 ], [ 139.708899, 35.631694 ], [ 139.709019, 35.631552 ], [ 139.70906, 35.631495 ], [ 139.709106, 35.63143 ], [ 139.709236, 35.631242 ], [ 139.709322, 35.631134 ], [ 139.709442, 35.63097 ], [ 139.709497, 35.630896 ], [ 139.709639, 35.630711 ], [ 139.709726, 35.630591 ], [ 139.709757, 35.630543 ], [ 139.710015, 35.630165 ], [ 139.710049, 35.630115 ], [ 139.710302, 35.629781 ], [ 139.710487, 35.629524 ], [ 139.710723, 35.629212 ], [ 139.710813, 35.629127 ], [ 139.710974, 35.628976 ], [ 139.711109, 35.628888 ], [ 139.711302, 35.628783 ], [ 139.71135, 35.62876 ], [ 139.711787, 35.628527 ], [ 139.712292, 35.62825 ], [ 139.711812, 35.62805 ], [ 139.711823, 35.628013 ], [ 139.711909, 35.627821 ], [ 139.71147, 35.6276 ], [ 139.711273, 35.6275 ], [ 139.711068, 35.627398 ], [ 139.710548, 35.627139 ], [ 139.710076, 35.626913 ], [ 139.710003, 35.626861 ], [ 139.709782, 35.626773 ], [ 139.709259, 35.626545 ], [ 139.709229, 35.626526 ], [ 139.708987, 35.626406 ], [ 139.708483, 35.626232 ], [ 139.708362, 35.626184 ], [ 139.708106, 35.626129 ] ] ] } },
{ "type": "Feature", "properties": { "key": "目黒区|下目黒4丁目", "ward": "目黒区", "town": "下目黒４丁目" }, "geometry": { "type": "Polygon", "coordinates": [ [ [ 139.706586, 35.626911 ], [ 139.705853, 35.626942 ], [ 139.705344, 35.627207 ], [ 139.705092, 35.62734 ], [ 139.705303, 35.627538 ], [ 139.705495, 35.62768 ], [ 139.705413, 35.628013 ], [ 139.705342, 35.62822 ], [ 139.705159, 35.628562 ], [ 139.705012, 35.628786 ], [ 139.704854, 35.629081 ], [ 139.705003, 35.629122 ], [ 139.704888, 35.629353 ], [ 139.704761, 35.629527 ], [ 139.704428, 35.62992 ], [ 139.704137, 35.630251 ], [ 139.703856, 35.630583 ], [ 139.703416, 35.631114 ], [ 139.703588, 35.63116 ], [ 139.70376, 35.631205 ], [ 139.704278, 35.631342 ], [ 139.704567, 35.631419 ], [ 139.704591, 35.631424 ], [ 139.704865, 35.631487 ], [ 139.705622, 35.631633 ], [ 139.705883, 35.631676 ], [ 139.705957, 35.63169 ], [ 139.706168, 35.631717 ], [ 139.706375, 35.63175 ], [ 139.706692, 35.631855 ], [ 139.706709, 35.631862 ], [ 139.706789, 35.631623 ], [ 139.706824, 35.631516 ], [ 139.706859, 35.631411 ], [ 139.706958, 35.631116 ], [ 139.706987, 35.63103 ], [ 139.707111, 35.630658 ], [ 139.707198, 35.630377 ], [ 139.707304, 35.630059 ], [ 139.707327, 35.630013 ], [ 139.707368, 35.62989 ], [ 139.707371, 35.629863 ], [ 139.707516, 35.629328 ], [ 139.707543, 35.629264 ], [ 139.707556, 35.628926 ], [ 139.707573, 35.628704 ], [ 139.707564, 35.62842 ], [ 139.707564, 35.628403 ], [ 139.707565, 35.628367 ], [ 139.707685, 35.62814 ], [ 139.707723, 35.628033 ], [ 139.707686, 35.627952 ], [ 139.707538, 35.627768 ], [ 139.707537, 35.627676 ], [ 139.707682, 35.627596 ], [ 139.707721, 35.627548 ], [ 139.707771, 35.627226 ], [ 139.707785, 35.627144 ], [ 139.707724, 35.627124 ], [ 139.707649, 35.627113 ], [ 139.707492, 35.627068 ], [ 139.707076, 35.626963 ], [ 139.706891, 35.626941 ], [ 139.706586, 35.626911 ] ] ] } },
{ "type": "Feature", "properties": { "key": "目黒区|下目黒5丁目", "ward": "目黒区", "town": "下目黒５丁目" }, "geometry": { "type": "Polygon", "coordinates": [ [ [ 139.706586, 35.626911 ], [ 139.706891, 35.626941 ], [ 139.707076, 35.626963 ], [ 139.707492, 35.627068 ], [ 139.707649, 35.627113 ], [ 139.707633, 35.626853 ], [ 139.707676, 35.626463 ], [ 139.70777, 35.626306 ], [ 139.707783, 35.626245 ], [ 139.707755, 35.626179 ], [ 139.707717, 35.626136 ], [ 139.707533, 35.626007 ], [ 139.707482, 35.625949 ], [ 139.707466, 35.625907 ], [ 139.707344, 35.625592 ], [ 139.706983, 35.625543 ], [ 139.706702, 35.625494 ], [ 139.706539, 35.625456 ], [ 139.706356, 35.625566 ], [ 139.70578, 35.625406 ], [ 139.705186, 35.625214 ], [ 139.704751, 35.625074 ], [ 139.704738, 35.625029 ], [ 139.70401, 35.62479 ], [ 139.703987, 35.624804 ], [ 139.703702, 35.625313 ], [ 139.703519, 35.625281 ], [ 139.703513, 35.625157 ], [ 139.702484, 35.624843 ], [ 139.7023, 35.625549 ], [ 139.702156, 35.625589 ], [ 139.702135, 35.625675 ], [ 139.701952, 35.625702 ], [ 139.701699, 35.625943 ], [ 139.701916, 35.626255 ], [ 139.701603, 35.626482 ], [ 139.70158, 35.626521 ], [ 139.701232, 35.627423 ], [ 139.701191, 35.627478 ], [ 139.701083, 35.627915 ], [ 139.700998, 35.628223 ], [ 139.70086, 35.628672 ], [ 139.700777, 35.628998 ], [ 139.700686, 35.629334 ], [ 139.70074, 35.629359 ], [ 139.701022, 35.629856 ], [ 139.701123, 35.629998 ], [ 139.701139, 35.630046 ], [ 139.70114, 35.6303 ], [ 139.70115, 35.63043 ], [ 139.701316, 35.630503 ], [ 139.701792, 35.630678 ], [ 139.701826, 35.63069 ], [ 139.702031, 35.630742 ], [ 139.702187, 35.630784 ], [ 139.702463, 35.630858 ], [ 139.702577, 35.630889 ], [ 139.70297, 35.630994 ], [ 139.703004, 35.631003 ], [ 139.703416, 35.631114 ], [ 139.703856, 35.630583 ], [ 139.704137, 35.630251 ], [ 139.704428, 35.62992 ], [ 139.704761, 35.629527 ], [ 139.704888, 35.629353 ], [ 139.705003, 35.629122 ], [ 139.704854, 35.629081 ], [ 139.705012, 35.628786 ], [ 139.705159, 35.628562 ], [ 139.705342, 35.62822 ], [ 139.705413, 35.628013 ], [ 139.705495, 35.62768 ], [ 139.705303, 35.627538 ], [ 139.705092, 35.62734 ], [ 139.705344, 35.627207 ], [ 139.705853, 35.626942 ], [ 139.706586, 35.626911 ] ] ] } },
{ "type": "Feature", "properties": { "key": "目黒区|下目黒6丁目", "ward": "目黒区", "town": "下目黒６丁目" }, "geometry": { "type": "Polygon", "coordinates": [ [ [ 139.701699, 35.625943 ], [ 139.701652, 35.625988 ], [ 139.701498, 35.626024 ], [ 139.700926, 35.626118 ], [ 139.700861, 35.626129 ], [ 139.700746, 35.626135 ], [ 139.700532, 35.62611 ], [ 139.70022, 35.625995 ], [ 139.699766, 35.625858 ], [ 139.699664, 35.625789 ], [ 139.699607, 35.625777 ], [ 139.699059, 35.625716 ], [ 139.698868, 35.6257 ], [ 139.698847, 35.625841 ], [ 139.698756, 35.625835 ], [ 139.698671, 35.625864 ], [ 139.698512, 35.625963 ], [ 139.69842, 35.62605 ], [ 139.698327, 35.626161 ], [ 139.698341, 35.626187 ], [ 139.698269, 35.626243 ], [ 139.698106, 35.626462 ], [ 139.697918, 35.626753 ], [ 139.697858, 35.626854 ], [ 139.697827, 35.626905 ], [ 139.697775, 35.62695 ], [ 139.697461, 35.627117 ], [ 139.697404, 35.627134 ], [ 139.697249, 35.627239 ], [ 139.696948, 35.627437 ], [ 139.696705, 35.627644 ], [ 139.696598, 35.627724 ], [ 139.696504, 35.627837 ], [ 139.696448, 35.627904 ], [ 139.69637, 35.628081 ], [ 139.696373, 35.628115 ], [ 139.696379, 35.62831 ], [ 139.696328, 35.628404 ], [ 139.696262, 35.62843 ], [ 139.696209, 35.628451 ], [ 139.695984, 35.628489 ], [ 139.695914, 35.628749 ], [ 139.695947, 35.628758 ], [ 139.696117, 35.628802 ], [ 139.69617, 35.628816 ], [ 139.696539, 35.628911 ], [ 139.69702, 35.629038 ], [ 139.697188, 35.629079 ], [ 139.69761, 35.629196 ], [ 139.697712, 35.629224 ], [ 139.697996, 35.629295 ], [ 139.698254, 35.62936 ], [ 139.698822, 35.629516 ], [ 139.699067, 35.629583 ], [ 139.699363, 35.629659 ], [ 139.699618, 35.629757 ], [ 139.700052, 35.629947 ], [ 139.700593, 35.630187 ], [ 139.700648, 35.630211 ], [ 139.70115, 35.63043 ], [ 139.70114, 35.6303 ], [ 139.701139, 35.630046 ], [ 139.701123, 35.629998 ], [ 139.701022, 35.629856 ], [ 139.70074, 35.629359 ], [ 139.700686, 35.629334 ], [ 139.700777, 35.628998 ], [ 139.70086, 35.628672 ], [ 139.700998, 35.628223 ], [ 139.701083, 35.627915 ], [ 139.701191, 35.627478 ], [ 139.701232, 35.627423 ], [ 139.70158, 35.626521 ], [ 139.701603, 35.626482 ], [ 139.701916, 35.626255 ], [ 139.701699, 35.625943 ] ] ] } },
{ "type": "Feature", "properties": { "key": "目黒区|中町1丁目", "ward": "目黒区", "town": "中町１丁目" }, "geometry": { "type": "Polygon", "coordinates": [ [ [ 139.695865, 35.628748 ], [ 139.695648, 35.628901 ], [ 139.695242, 35.629203 ], [ 139.695157, 35.629267 ], [ 139.69492, 35.629447 ], [ 139.694814, 35.629529 ], [ 139.694598, 35.629696 ], [ 139.694377, 35.629891 ], [ 139.69426, 35.63002 ], [ 139.693971, 35.630361 ], [ 139.693858, 35.63048 ], [ 139.693831, 35.630514 ], [ 139.693731, 35.630637 ], [ 139.693567, 35.630851 ], [ 139.69357, 35.630862 ], [ 139.694139, 35.631275 ], [ 139.694302, 35.631391 ], [ 139.694588, 35.631549 ], [ 139.69479, 35.631652 ], [ 139.69506, 35.631772 ], [ 139.695445, 35.631928 ], [ 139.695867, 35.632104 ], [ 139.696235, 35.632337 ], [ 139.696586, 35.632565 ], [ 139.696623, 35.632589 ], [ 139.697093, 35.632899 ], [ 139.697207, 35.632967 ], [ 139.697478, 35.633158 ], [ 139.697599, 35.633247 ], [ 139.697907, 35.63339 ], [ 139.698228, 35.633521 ], [ 139.698389, 35.633576 ], [ 139.698626, 35.633656 ], [ 139.698668, 35.633576 ], [ 139.698836, 35.633253 ], [ 139.698866, 35.633189 ], [ 139.699004, 35.632911 ], [ 139.699083, 35.632758 ], [ 139.699137, 35.632714 ], [ 139.699427, 35.63247 ], [ 139.699569, 35.632331 ], [ 139.699716, 35.632178 ], [ 139.699886, 35.632002 ], [ 139.700192, 35.631621 ], [ 139.700314, 35.631471 ], [ 139.700672, 35.631164 ], [ 139.700939, 35.630963 ], [ 139.701105, 35.630761 ], [ 139.701316, 35.630503 ], [ 139.70115, 35.63043 ], [ 139.700648, 35.630211 ], [ 139.700593, 35.630187 ], [ 139.700052, 35.629947 ], [ 139.699618, 35.629757 ], [ 139.699363, 35.629659 ], [ 139.699067, 35.629583 ], [ 139.698822, 35.629516 ], [ 139.698254, 35.62936 ], [ 139.697996, 35.629295 ], [ 139.697712, 35.629224 ], [ 139.69761, 35.629196 ], [ 139.697188, 35.629079 ], [ 139.69702, 35.629038 ], [ 139.696539, 35.628911 ], [ 139.69617, 35.628816 ], [ 139.696117, 35.628802 ], [ 139.695947, 35.628758 ], [ 139.695914, 35.628749 ], [ 139.695865, 35.628748 ] ] ] } },
{ "type": "Feature", "properties": { "key": "目黒区|中町2丁目", "ward": "目黒区", "town": "中町２丁目" }, "geometry": { "type": "Polygon", "coordinates": [ [ [ 139.693774, 35.635418 ], [ 139.694115, 35.635312 ], [ 139.694426, 35.63527 ], [ 139.694461, 35.635266 ], [ 139.694801, 35.635227 ], [ 139.69507, 35.635208 ], [ 139.695074, 35.635208 ], [ 139.695498, 35.635201 ], [ 139.695751, 35.635162 ], [ 139.695924, 35.635122 ], [ 139.69604, 35.63508 ], [ 139.696165, 35.635081 ], [ 139.696372, 35.635126 ], [ 139.696752, 35.635204 ], [ 139.696927, 35.635232 ], [ 139.697128, 35.635262 ], [ 139.697449, 35.63529 ], [ 139.697724, 35.635321 ], [ 139.697743, 35.635294 ], [ 139.697892, 35.635006 ], [ 139.697939, 35.634882 ], [ 139.698001, 35.634665 ], [ 139.69807, 35.63425 ], [ 139.698126, 35.633864 ], [ 139.698211, 35.633575 ], [ 139.698228, 35.633521 ], [ 139.697907, 35.63339 ], [ 139.697599, 35.633247 ], [ 139.697478, 35.633158 ], [ 139.697207, 35.632967 ], [ 139.697093, 35.632899 ], [ 139.696623, 35.632589 ], [ 139.696586, 35.632565 ], [ 139.696235, 35.632337 ], [ 139.695867, 35.632104 ], [ 139.695445, 35.631928 ], [ 139.69506, 35.631772 ], [ 139.69479, 35.631652 ], [ 139.694588, 35.631549 ], [ 139.694302, 35.631391 ], [ 139.694139, 35.631275 ], [ 139.69357, 35.630862 ], [ 139.69341, 35.631107 ], [ 139.693345, 35.631264 ], [ 139.693211, 35.631521 ], [ 139.693122, 35.6316 ], [ 139.692927, 35.631798 ], [ 139.69276, 35.631932 ], [ 139.692756, 35.631935 ], [ 139.692464, 35.632236 ], [ 139.69237, 35.632319 ], [ 139.692132, 35.632477 ], [ 139.691934, 35.632578 ], [ 139.691875, 35.632609 ], [ 139.691386, 35.632845 ], [ 139.691226, 35.632922 ], [ 139.691202, 35.632933 ], [ 139.691047, 35.633006 ], [ 139.690311, 35.633358 ], [ 139.690139, 35.633439 ], [ 139.689872, 35.633566 ], [ 139.689507, 35.633739 ], [ 139.690059, 35.634032 ], [ 139.690421, 35.634221 ], [ 139.69063, 35.634337 ], [ 139.690638, 35.634334 ], [ 139.691111, 35.634585 ], [ 139.691531, 35.634804 ], [ 139.691577, 35.634828 ], [ 139.691649, 35.634866 ], [ 139.691669, 35.634876 ], [ 139.691709, 35.634897 ], [ 139.691823, 35.634957 ], [ 139.692868, 35.635502 ], [ 139.692923, 35.635476 ], [ 139.693193, 35.635598 ], [ 139.693568, 35.635488 ], [ 139.693774, 35.635418 ] ] ] } },
{ "type": "Feature", "properties": { "key": "目黒区|五本木1丁目", "ward": "目黒区", "town": "五本木１丁目" }, "geometry": { "type": "Polygon", "coordinates": [ [ [ 139.687606, 35.639768 ], [ 139.687783, 35.639785 ], [ 139.688241, 35.639901 ], [ 139.688639, 35.640008 ], [ 139.689, 35.640102 ], [ 139.68906, 35.640117 ], [ 139.689197, 35.640146 ], [ 139.689376, 35.640185 ], [ 139.689531, 35.640132 ], [ 139.689637, 35.63991 ], [ 139.689701, 35.63981 ], [ 139.690107, 35.639711 ], [ 139.690324, 35.639661 ], [ 139.690668, 35.639586 ], [ 139.690931, 35.639524 ], [ 139.690982, 35.639511 ], [ 139.691394, 35.639413 ], [ 139.691583, 35.639371 ], [ 139.691586, 35.639371 ], [ 139.691884, 35.639316 ], [ 139.69211, 35.639279 ], [ 139.692419, 35.639257 ], [ 139.692435, 35.639239 ], [ 139.692359, 35.639145 ], [ 139.691986, 35.63872 ], [ 139.69156, 35.638176 ], [ 139.691595, 35.638184 ], [ 139.691383, 35.637899 ], [ 139.691304, 35.637811 ], [ 139.691103, 35.637913 ], [ 139.690884, 35.63759 ], [ 139.690618, 35.637286 ], [ 139.690637, 35.637283 ], [ 139.690578, 35.637086 ], [ 139.690351, 35.636824 ], [ 139.690188, 35.636606 ], [ 139.690187, 35.636569 ], [ 139.690262, 35.636495 ], [ 139.6899, 35.636064 ], [ 139.689718, 35.635845 ], [ 139.689663, 35.63585 ], [ 139.689598, 35.63585 ], [ 139.689573, 35.635851 ], [ 139.689169, 35.635885 ], [ 139.688851, 35.635913 ], [ 139.688554, 35.635961 ], [ 139.68845, 35.635988 ], [ 139.688381, 35.636026 ], [ 139.688176, 35.636103 ], [ 139.687877, 35.636196 ], [ 139.687786, 35.636219 ], [ 139.687678, 35.636249 ], [ 139.687362, 35.636306 ], [ 139.687361, 35.636307 ], [ 139.68693, 35.636322 ], [ 139.68642, 35.6363 ], [ 139.686373, 35.636306 ], [ 139.686005, 35.636338 ], [ 139.685946, 35.636342 ], [ 139.685621, 35.636387 ], [ 139.685307, 35.636456 ], [ 139.685476, 35.636828 ], [ 139.685713, 35.637227 ], [ 139.685985, 35.63764 ], [ 139.686198, 35.637961 ], [ 139.686342, 35.638429 ], [ 139.686439, 35.638785 ], [ 139.686573, 35.639288 ], [ 139.686595, 35.639376 ], [ 139.686107, 35.639614 ], [ 139.686011, 35.63961 ], [ 139.686015, 35.63986 ], [ 139.686071, 35.63996 ], [ 139.686091, 35.639968 ], [ 139.68628, 35.640044 ], [ 139.686515, 35.640184 ], [ 139.686608, 35.640275 ], [ 139.686735, 35.640434 ], [ 139.686886, 35.640294 ], [ 139.68694, 35.640252 ], [ 139.687606, 35.639768 ] ] ] } },
{ "type": "Feature", "properties": { "key": "目黒区|五本木2丁目", "ward": "目黒区", "town": "五本木２丁目" }, "geometry": { "type": "Polygon", "coordinates": [ [ [ 139.68642, 35.6363 ], [ 139.68693, 35.636322 ], [ 139.687361, 35.636307 ], [ 139.687362, 35.636306 ], [ 139.687678, 35.636249 ], [ 139.687786, 35.636219 ], [ 139.687877, 35.636196 ], [ 139.688176, 35.636103 ], [ 139.688381, 35.636026 ], [ 139.68845, 35.635988 ], [ 139.688554, 35.635961 ], [ 139.688851, 35.635913 ], [ 139.689169, 35.635885 ], [ 139.689573, 35.635851 ], [ 139.689598, 35.63585 ], [ 139.689663, 35.63585 ], [ 139.689718, 35.635845 ], [ 139.690522, 35.635696 ], [ 139.690603, 35.635689 ], [ 139.690845, 35.635657 ], [ 139.690958, 35.635651 ], [ 139.691331, 35.635651 ], [ 139.691741, 35.635637 ], [ 139.692057, 35.635629 ], [ 139.692077, 35.635628 ], [ 139.692401, 35.635619 ], [ 139.692602, 35.635605 ], [ 139.692676, 35.635586 ], [ 139.692746, 35.635561 ], [ 139.692868, 35.635502 ], [ 139.691823, 35.634957 ], [ 139.691709, 35.634897 ], [ 139.691669, 35.634876 ], [ 139.691649, 35.634866 ], [ 139.691577, 35.634828 ], [ 139.691531, 35.634804 ], [ 139.691111, 35.634585 ], [ 139.690638, 35.634334 ], [ 139.69063, 35.634337 ], [ 139.690421, 35.634221 ], [ 139.690059, 35.634032 ], [ 139.689507, 35.633739 ], [ 139.689179, 35.633565 ], [ 139.689086, 35.633515 ], [ 139.688985, 35.633467 ], [ 139.688694, 35.6333 ], [ 139.688111, 35.633007 ], [ 139.687934, 35.632899 ], [ 139.687666, 35.632764 ], [ 139.686613, 35.63218 ], [ 139.68666, 35.632491 ], [ 139.686705, 35.632718 ], [ 139.686108, 35.632883 ], [ 139.685789, 35.633005 ], [ 139.685337, 35.633178 ], [ 139.685049, 35.633295 ], [ 139.684954, 35.633327 ], [ 139.684672, 35.633432 ], [ 139.684462, 35.633509 ], [ 139.684324, 35.633559 ], [ 139.683812, 35.63375 ], [ 139.684133, 35.634233 ], [ 139.684224, 35.634438 ], [ 139.684527, 35.63517 ], [ 139.684604, 35.635317 ], [ 139.684871, 35.635734 ], [ 139.685167, 35.636202 ], [ 139.685307, 35.636456 ], [ 139.685621, 35.636387 ], [ 139.685946, 35.636342 ], [ 139.686005, 35.636338 ], [ 139.686373, 35.636306 ], [ 139.68642, 35.6363 ] ] ] } },
{ "type": "Feature", "properties": { "key": "目黒区|五本木3丁目", "ward": "目黒区", "town": "五本木３丁目" }, "geometry": { "type": "Polygon", "coordinates": [ [ [ 139.680895, 35.628991 ], [ 139.680986, 35.629121 ], [ 139.681046, 35.629337 ], [ 139.681087, 35.629465 ], [ 139.681111, 35.629549 ], [ 139.681252, 35.62995 ], [ 139.681347, 35.630132 ], [ 139.68149, 35.630371 ], [ 139.681569, 35.630506 ], [ 139.68177, 35.630846 ], [ 139.682036, 35.63128 ], [ 139.682058, 35.631336 ], [ 139.682311, 35.631686 ], [ 139.682557, 35.632032 ], [ 139.682747, 35.632293 ], [ 139.682889, 35.63249 ], [ 139.683151, 35.632938 ], [ 139.683204, 35.633016 ], [ 139.683405, 35.633241 ], [ 139.683617, 35.633484 ], [ 139.683681, 35.633558 ], [ 139.683812, 35.63375 ], [ 139.684324, 35.633559 ], [ 139.684462, 35.633509 ], [ 139.684672, 35.633432 ], [ 139.684954, 35.633327 ], [ 139.685049, 35.633295 ], [ 139.685337, 35.633178 ], [ 139.685789, 35.633005 ], [ 139.686108, 35.632883 ], [ 139.686705, 35.632718 ], [ 139.68666, 35.632491 ], [ 139.686613, 35.63218 ], [ 139.686465, 35.632097 ], [ 139.685904, 35.631783 ], [ 139.685882, 35.63177 ], [ 139.685604, 35.63161 ], [ 139.68539, 35.6315 ], [ 139.684781, 35.631159 ], [ 139.684775, 35.631151 ], [ 139.684486, 35.630999 ], [ 139.683823, 35.630634 ], [ 139.683091, 35.630207 ], [ 139.683, 35.630159 ], [ 139.682942, 35.630133 ], [ 139.682693, 35.629991 ], [ 139.681829, 35.6295 ], [ 139.681046, 35.629063 ], [ 139.680895, 35.628991 ] ] ] } },
{ "type": "Feature", "properties": { "key": "目黒区|祐天寺1丁目", "ward": "目黒区", "town": "祐天寺１丁目" }, "geometry": { "type": "Polygon", "coordinates": [ [ [ 139.697501, 35.638179 ], [ 139.696993, 35.6378 ], [ 139.696838, 35.637642 ], [ 139.696736, 35.637553 ], [ 139.696643, 35.637497 ], [ 139.6961, 35.63705 ], [ 139.696015, 35.637108 ], [ 139.695529, 35.637372 ], [ 139.695249, 35.637484 ], [ 139.694758, 35.637618 ], [ 139.694456, 35.637681 ], [ 139.694384, 35.637691 ], [ 139.694126, 35.637698 ], [ 139.693945, 35.637703 ], [ 139.693868, 35.637706 ], [ 139.693492, 35.637752 ], [ 139.693041, 35.637794 ], [ 139.692819, 35.637904 ], [ 139.692512, 35.637937 ], [ 139.692137, 35.637994 ], [ 139.691938, 35.638042 ], [ 139.691595, 35.638184 ], [ 139.69156, 35.638176 ], [ 139.691986, 35.63872 ], [ 139.692359, 35.639145 ], [ 139.692435, 35.639239 ], [ 139.692475, 35.639316 ], [ 139.692714, 35.639601 ], [ 139.692887, 35.639778 ], [ 139.693165, 35.640036 ], [ 139.693185, 35.640084 ], [ 139.693401, 35.640273 ], [ 139.693631, 35.640437 ], [ 139.693858, 35.640582 ], [ 139.694271, 35.640832 ], [ 139.694425, 35.640902 ], [ 139.694487, 35.640682 ], [ 139.694603, 35.640469 ], [ 139.694626, 35.640426 ], [ 139.694874, 35.640156 ], [ 139.695034, 35.639999 ], [ 139.695136, 35.639901 ], [ 139.695204, 35.639828 ], [ 139.695361, 35.639658 ], [ 139.695455, 35.639558 ], [ 139.695638, 35.639316 ], [ 139.69584, 35.639034 ], [ 139.696043, 35.638898 ], [ 139.696331, 35.638761 ], [ 139.696641, 35.638628 ], [ 139.696672, 35.638615 ], [ 139.697075, 35.63841 ], [ 139.697404, 35.638253 ], [ 139.697501, 35.638179 ] ] ] } },
{ "type": "Feature", "properties": { "key": "目黒区|祐天寺2丁目", "ward": "目黒区", "town": "祐天寺２丁目" }, "geometry": { "type": "Polygon", "coordinates": [ [ [ 139.693041, 35.637794 ], [ 139.693492, 35.637752 ], [ 139.693868, 35.637706 ], [ 139.693945, 35.637703 ], [ 139.694126, 35.637698 ], [ 139.694384, 35.637691 ], [ 139.694456, 35.637681 ], [ 139.694758, 35.637618 ], [ 139.695249, 35.637484 ], [ 139.695529, 35.637372 ], [ 139.696015, 35.637108 ], [ 139.6961, 35.63705 ], [ 139.695852, 35.63686 ], [ 139.6956, 35.636726 ], [ 139.695215, 35.63655 ], [ 139.694416, 35.636171 ], [ 139.694207, 35.636071 ], [ 139.693835, 35.635894 ], [ 139.69358, 35.635773 ], [ 139.693193, 35.635598 ], [ 139.692923, 35.635476 ], [ 139.692868, 35.635502 ], [ 139.692746, 35.635561 ], [ 139.692676, 35.635586 ], [ 139.692602, 35.635605 ], [ 139.692401, 35.635619 ], [ 139.692077, 35.635628 ], [ 139.692057, 35.635629 ], [ 139.691741, 35.635637 ], [ 139.691331, 35.635651 ], [ 139.690958, 35.635651 ], [ 139.690845, 35.635657 ], [ 139.690603, 35.635689 ], [ 139.690522, 35.635696 ], [ 139.689718, 35.635845 ], [ 139.6899, 35.636064 ], [ 139.690262, 35.636495 ], [ 139.690187, 35.636569 ], [ 139.690188, 35.636606 ], [ 139.690351, 35.636824 ], [ 139.690578, 35.637086 ], [ 139.690637, 35.637283 ], [ 139.690618, 35.637286 ], [ 139.690884, 35.63759 ], [ 139.691103, 35.637913 ], [ 139.691304, 35.637811 ], [ 139.691383, 35.637899 ], [ 139.691595, 35.638184 ], [ 139.691938, 35.638042 ], [ 139.692137, 35.637994 ], [ 139.692512, 35.637937 ], [ 139.692819, 35.637904 ], [ 139.693041, 35.637794 ] ] ] } },
{ "type": "Feature", "properties": { "key": "目黒区|中央町1丁目", "ward": "目黒区", "town": "中央町１丁目" }, "geometry": { "type": "Polygon", "coordinates": [ [ [ 139.692468, 35.627273 ], [ 139.692326, 35.627326 ], [ 139.692064, 35.62731 ], [ 139.690953, 35.62707 ], [ 139.690751, 35.627028 ], [ 139.690422, 35.62696 ], [ 139.690237, 35.626921 ], [ 139.689913, 35.626844 ], [ 139.689816, 35.626817 ], [ 139.689348, 35.626904 ], [ 139.689426, 35.62731 ], [ 139.689488, 35.62774 ], [ 139.689535, 35.628002 ], [ 139.689549, 35.628094 ], [ 139.689665, 35.628698 ], [ 139.689674, 35.628735 ], [ 139.689731, 35.629034 ], [ 139.689765, 35.629223 ], [ 139.689787, 35.629506 ], [ 139.689966, 35.629525 ], [ 139.690327, 35.629574 ], [ 139.690353, 35.629585 ], [ 139.69056, 35.629671 ], [ 139.690874, 35.629798 ], [ 139.691207, 35.629915 ], [ 139.691368, 35.629963 ], [ 139.691467, 35.629994 ], [ 139.691563, 35.630015 ], [ 139.691966, 35.630105 ], [ 139.69224, 35.630257 ], [ 139.692508, 35.630405 ], [ 139.692554, 35.630431 ], [ 139.692733, 35.630523 ], [ 139.692759, 35.630536 ], [ 139.69308, 35.630677 ], [ 139.693567, 35.630851 ], [ 139.693731, 35.630637 ], [ 139.693831, 35.630514 ], [ 139.693858, 35.63048 ], [ 139.693971, 35.630361 ], [ 139.69426, 35.63002 ], [ 139.694377, 35.629891 ], [ 139.694598, 35.629696 ], [ 139.694814, 35.629529 ], [ 139.69492, 35.629447 ], [ 139.695157, 35.629267 ], [ 139.695242, 35.629203 ], [ 139.695648, 35.628901 ], [ 139.695865, 35.628748 ], [ 139.695434, 35.628631 ], [ 139.6946, 35.628388 ], [ 139.694486, 35.628347 ], [ 139.694325, 35.628274 ], [ 139.693916, 35.628061 ], [ 139.693327, 35.627744 ], [ 139.693237, 35.627692 ], [ 139.693183, 35.62767 ], [ 139.692468, 35.627273 ] ] ] } },
{ "type": "Feature", "properties": { "key": "目黒区|中央町2丁目", "ward": "目黒区", "town": "中央町２丁目" }, "geometry": { "type": "Polygon", "coordinates": [ [ [ 139.69357, 35.630862 ], [ 139.693567, 35.630851 ], [ 139.69308, 35.630677 ], [ 139.692759, 35.630536 ], [ 139.692733, 35.630523 ], [ 139.692554, 35.630431 ], [ 139.692508, 35.630405 ], [ 139.69224, 35.630257 ], [ 139.691966, 35.630105 ], [ 139.691563, 35.630015 ], [ 139.691467, 35.629994 ], [ 139.691368, 35.629963 ], [ 139.691207, 35.629915 ], [ 139.690874, 35.629798 ], [ 139.69056, 35.629671 ], [ 139.690353, 35.629585 ], [ 139.690327, 35.629574 ], [ 139.689966, 35.629525 ], [ 139.689787, 35.629506 ], [ 139.689765, 35.629507 ], [ 139.689695, 35.629768 ], [ 139.689728, 35.629779 ], [ 139.689704, 35.629925 ], [ 139.689713, 35.630014 ], [ 139.689736, 35.630239 ], [ 139.689511, 35.630295 ], [ 139.689199, 35.630344 ], [ 139.688965, 35.630435 ], [ 139.688867, 35.630437 ], [ 139.688634, 35.630427 ], [ 139.688358, 35.630506 ], [ 139.688049, 35.630629 ], [ 139.687925, 35.630712 ], [ 139.68775, 35.630772 ], [ 139.687473, 35.630696 ], [ 139.687309, 35.630643 ], [ 139.687133, 35.630643 ], [ 139.687119, 35.630645 ], [ 139.687127, 35.630814 ], [ 139.687108, 35.630845 ], [ 139.686593, 35.630902 ], [ 139.686545, 35.630799 ], [ 139.686422, 35.630875 ], [ 139.686395, 35.630886 ], [ 139.686332, 35.630895 ], [ 139.685974, 35.630917 ], [ 139.685942, 35.630919 ], [ 139.685888, 35.630917 ], [ 139.685616, 35.630907 ], [ 139.685236, 35.630871 ], [ 139.685098, 35.630848 ], [ 139.685039, 35.630842 ], [ 139.684731, 35.630811 ], [ 139.684714, 35.630809 ], [ 139.68465, 35.630797 ], [ 139.68459, 35.63077 ], [ 139.684451, 35.63071 ], [ 139.684177, 35.630616 ], [ 139.684088, 35.630613 ], [ 139.683823, 35.630634 ], [ 139.684486, 35.630999 ], [ 139.684775, 35.631151 ], [ 139.684781, 35.631159 ], [ 139.68539, 35.6315 ], [ 139.685604, 35.63161 ], [ 139.685882, 35.63177 ], [ 139.685904, 35.631783 ], [ 139.686465, 35.632097 ], [ 139.686613, 35.63218 ], [ 139.687666, 35.632764 ], [ 139.687934, 35.632899 ], [ 139.688111, 35.633007 ], [ 139.688694, 35.6333 ], [ 139.688985, 35.633467 ], [ 139.689086, 35.633515 ], [ 139.689179, 35.633565 ], [ 139.689507, 35.633739 ], [ 139.689872, 35.633566 ], [ 139.690139, 35.633439 ], [ 139.690311, 35.633358 ], [ 139.691047, 35.633006 ], [ 139.691202, 35.632933 ], [ 139.691226, 35.632922 ], [ 139.691386, 35.632845 ], [ 139.691875, 35.632609 ], [ 139.691934, 35.632578 ], [ 139.692132, 35.632477 ], [ 139.69237, 35.632319 ], [ 139.692464, 35.632236 ], [ 139.692756, 35.631935 ], [ 139.69276, 35.631932 ], [ 139.692927, 35.631798 ], [ 139.693122, 35.6316 ], [ 139.693211, 35.631521 ], [ 139.693345, 35.631264 ], [ 139.69341, 35.631107 ], [ 139.69357, 35.630862 ] ] ] } },
{ "type": "Feature", "properties": { "key": "目黒区|目黒本町1丁目", "ward": "目黒区", "town": "目黒本町１丁目" }, "geometry": { "type": "Polygon", "coordinates": [ [ [ 139.698512, 35.625963 ], [ 139.698671, 35.625864 ], [ 139.698756, 35.625835 ], [ 139.698847, 35.625841 ], [ 139.698868, 35.6257 ], [ 139.69879, 35.625676 ], [ 139.698678, 35.625617 ], [ 139.698615, 35.625574 ], [ 139.69857, 35.625549 ], [ 139.698522, 35.625535 ], [ 139.698202, 35.625444 ], [ 139.69816, 35.625432 ], [ 139.698075, 35.625375 ], [ 139.697953, 35.625206 ], [ 139.697898, 35.625184 ], [ 139.697868, 35.625196 ], [ 139.697803, 35.625255 ], [ 139.697731, 35.625274 ], [ 139.697661, 35.625283 ], [ 139.697462, 35.62527 ], [ 139.697365, 35.625272 ], [ 139.697273, 35.625255 ], [ 139.697103, 35.625225 ], [ 139.697078, 35.625222 ], [ 139.69706, 35.625194 ], [ 139.696861, 35.625105 ], [ 139.696662, 35.625037 ], [ 139.696472, 35.624999 ], [ 139.696213, 35.624973 ], [ 139.696303, 35.624931 ], [ 139.696183, 35.624843 ], [ 139.695924, 35.625036 ], [ 139.695727, 35.625183 ], [ 139.695482, 35.625367 ], [ 139.69545, 35.625391 ], [ 139.695278, 35.62552 ], [ 139.694754, 35.62591 ], [ 139.694673, 35.625972 ], [ 139.694667, 35.625972 ], [ 139.694365, 35.6262 ], [ 139.693994, 35.626486 ], [ 139.693817, 35.626666 ], [ 139.693779, 35.626733 ], [ 139.693762, 35.626762 ], [ 139.693677, 35.62691 ], [ 139.693535, 35.627156 ], [ 139.693533, 35.62716 ], [ 139.693237, 35.627692 ], [ 139.693327, 35.627744 ], [ 139.693916, 35.628061 ], [ 139.694325, 35.628274 ], [ 139.694486, 35.628347 ], [ 139.6946, 35.628388 ], [ 139.695434, 35.628631 ], [ 139.695865, 35.628748 ], [ 139.695914, 35.628749 ], [ 139.695984, 35.628489 ], [ 139.696209, 35.628451 ], [ 139.696262, 35.62843 ], [ 139.696328, 35.628404 ], [ 139.696379, 35.62831 ], [ 139.696373, 35.628115 ], [ 139.69637, 35.628081 ], [ 139.696448, 35.627904 ], [ 139.696504, 35.627837 ], [ 139.696598, 35.627724 ], [ 139.696705, 35.627644 ], [ 139.696948, 35.627437 ], [ 139.697249, 35.627239 ], [ 139.697404, 35.627134 ], [ 139.697461, 35.627117 ], [ 139.697775, 35.62695 ], [ 139.697827, 35.626905 ], [ 139.697858, 35.626854 ], [ 139.697918, 35.626753 ], [ 139.698106, 35.626462 ], [ 139.698269, 35.626243 ], [ 139.698341, 35.626187 ], [ 139.698327, 35.626161 ], [ 139.69842, 35.62605 ], [ 139.698512, 35.625963 ] ] ] } },
{ "type": "Feature", "properties": { "key": "目黒区|目黒本町2丁目", "ward": "目黒区", "town": "目黒本町２丁目" }, "geometry": { "type": "Polygon", "coordinates": [ [ [ 139.694667, 35.625972 ], [ 139.694673, 35.625972 ], [ 139.694754, 35.62591 ], [ 139.695278, 35.62552 ], [ 139.69545, 35.625391 ], [ 139.695482, 35.625367 ], [ 139.695488, 35.624969 ], [ 139.69548, 35.624578 ], [ 139.695237, 35.62455 ], [ 139.695179, 35.624539 ], [ 139.694896, 35.624485 ], [ 139.694524, 35.624453 ], [ 139.694469, 35.624446 ], [ 139.693918, 35.624287 ], [ 139.693618, 35.624186 ], [ 139.692956, 35.62396 ], [ 139.692903, 35.623917 ], [ 139.692578, 35.623719 ], [ 139.692209, 35.623485 ], [ 139.691843, 35.623242 ], [ 139.69118, 35.622814 ], [ 139.690904, 35.622636 ], [ 139.690574, 35.622424 ], [ 139.689859, 35.621971 ], [ 139.689694, 35.622225 ], [ 139.689644, 35.622415 ], [ 139.689625, 35.622735 ], [ 139.689607, 35.622921 ], [ 139.68956, 35.623472 ], [ 139.689529, 35.623801 ], [ 139.689525, 35.623854 ], [ 139.689506, 35.624122 ], [ 139.689432, 35.624813 ], [ 139.689423, 35.624902 ], [ 139.689351, 35.625566 ], [ 139.689439, 35.625614 ], [ 139.689622, 35.625714 ], [ 139.689691, 35.625755 ], [ 139.690074, 35.625949 ], [ 139.690285, 35.626072 ], [ 139.690356, 35.626112 ], [ 139.690536, 35.626211 ], [ 139.69062, 35.626257 ], [ 139.690811, 35.626359 ], [ 139.691135, 35.62653 ], [ 139.692477, 35.62726 ], [ 139.692468, 35.627273 ], [ 139.693183, 35.62767 ], [ 139.693237, 35.627692 ], [ 139.693533, 35.62716 ], [ 139.693535, 35.627156 ], [ 139.693677, 35.62691 ], [ 139.693762, 35.626762 ], [ 139.693779, 35.626733 ], [ 139.693817, 35.626666 ], [ 139.693994, 35.626486 ], [ 139.694365, 35.6262 ], [ 139.694667, 35.625972 ] ] ] } },
{ "type": "Feature", "properties": { "key": "目黒区|目黒本町3丁目", "ward": "目黒区", "town": "目黒本町３丁目" }, "geometry": { "type": "Polygon", "coordinates": [ [ [ 139.703919, 35.622057 ], [ 139.703939, 35.622033 ], [ 139.704039, 35.621956 ], [ 139.703931, 35.621744 ], [ 139.703854, 35.621672 ], [ 139.70359, 35.621692 ], [ 139.703491, 35.621713 ], [ 139.703263, 35.621727 ], [ 139.703133, 35.621716 ], [ 139.703077, 35.621668 ], [ 139.703107, 35.621663 ], [ 139.703093, 35.621601 ], [ 139.702981, 35.621615 ], [ 139.702844, 35.621571 ], [ 139.702878, 35.621376 ], [ 139.702844, 35.62123 ], [ 139.702631, 35.620846 ], [ 139.702513, 35.620634 ], [ 139.702455, 35.620416 ], [ 139.702338, 35.620272 ], [ 139.702272, 35.620206 ], [ 139.701835, 35.620543 ], [ 139.701831, 35.620555 ], [ 139.701369, 35.620913 ], [ 139.701334, 35.620928 ], [ 139.701193, 35.621039 ], [ 139.701071, 35.621137 ], [ 139.700629, 35.62147 ], [ 139.700525, 35.621548 ], [ 139.699701, 35.622176 ], [ 139.699672, 35.622198 ], [ 139.69972, 35.62219 ], [ 139.699372, 35.622451 ], [ 139.698709, 35.622948 ], [ 139.698469, 35.623141 ], [ 139.698447, 35.623158 ], [ 139.697552, 35.623829 ], [ 139.697537, 35.623842 ], [ 139.696658, 35.624489 ], [ 139.696183, 35.624843 ], [ 139.696303, 35.624931 ], [ 139.696684, 35.624795 ], [ 139.697015, 35.624683 ], [ 139.697314, 35.624634 ], [ 139.697522, 35.624618 ], [ 139.697858, 35.624592 ], [ 139.698004, 35.624568 ], [ 139.698345, 35.624306 ], [ 139.698557, 35.624242 ], [ 139.698742, 35.624191 ], [ 139.699106, 35.6241 ], [ 139.699513, 35.623965 ], [ 139.699699, 35.623904 ], [ 139.699976, 35.62382 ], [ 139.700373, 35.623757 ], [ 139.700537, 35.623731 ], [ 139.700818, 35.623674 ], [ 139.700955, 35.623634 ], [ 139.701632, 35.623303 ], [ 139.701739, 35.623232 ], [ 139.701847, 35.623161 ], [ 139.701978, 35.623078 ], [ 139.702434, 35.622752 ], [ 139.702842, 35.622541 ], [ 139.703146, 35.622421 ], [ 139.703554, 35.622245 ], [ 139.703919, 35.622057 ] ] ] } },
{ "type": "Feature", "properties": { "key": "目黒区|目黒本町4丁目", "ward": "目黒区", "town": "目黒本町４丁目" }, "geometry": { "type": "Polygon", "coordinates": [ [ [ 139.69972, 35.62219 ], [ 139.699672, 35.622198 ], [ 139.699362, 35.622252 ], [ 139.69912, 35.62229 ], [ 139.698634, 35.622364 ], [ 139.698418, 35.622388 ], [ 139.698406, 35.62238 ], [ 139.697884, 35.622397 ], [ 139.697738, 35.622389 ], [ 139.697526, 35.622395 ], [ 139.697518, 35.622394 ], [ 139.697176, 35.622319 ], [ 139.69658, 35.622165 ], [ 139.696191, 35.622002 ], [ 139.695885, 35.621815 ], [ 139.695813, 35.62177 ], [ 139.695538, 35.621602 ], [ 139.694973, 35.621362 ], [ 139.694826, 35.621299 ], [ 139.694546, 35.621187 ], [ 139.694527, 35.62118 ], [ 139.694514, 35.621176 ], [ 139.694114, 35.621021 ], [ 139.694056, 35.620999 ], [ 139.69395, 35.62096 ], [ 139.693773, 35.620895 ], [ 139.693736, 35.620882 ], [ 139.693126, 35.620678 ], [ 139.69307, 35.620608 ], [ 139.692919, 35.620305 ], [ 139.692807, 35.620254 ], [ 139.692746, 35.62027 ], [ 139.69261, 35.620396 ], [ 139.692462, 35.620604 ], [ 139.692355, 35.62083 ], [ 139.692338, 35.620951 ], [ 139.692363, 35.621093 ], [ 139.692389, 35.621156 ], [ 139.692447, 35.621267 ], [ 139.692587, 35.621389 ], [ 139.692746, 35.621448 ], [ 139.6928, 35.6215 ], [ 139.692849, 35.621559 ], [ 139.692803, 35.621703 ], [ 139.692711, 35.622031 ], [ 139.692524, 35.622563 ], [ 139.692299, 35.623184 ], [ 139.692209, 35.623485 ], [ 139.692578, 35.623719 ], [ 139.692903, 35.623917 ], [ 139.692956, 35.62396 ], [ 139.693618, 35.624186 ], [ 139.693918, 35.624287 ], [ 139.694469, 35.624446 ], [ 139.694524, 35.624453 ], [ 139.694896, 35.624485 ], [ 139.695179, 35.624539 ], [ 139.695237, 35.62455 ], [ 139.69548, 35.624578 ], [ 139.695488, 35.624969 ], [ 139.695482, 35.625367 ], [ 139.695727, 35.625183 ], [ 139.695924, 35.625036 ], [ 139.696183, 35.624843 ], [ 139.696658, 35.624489 ], [ 139.697537, 35.623842 ], [ 139.697552, 35.623829 ], [ 139.698447, 35.623158 ], [ 139.698469, 35.623141 ], [ 139.698709, 35.622948 ], [ 139.699372, 35.622451 ], [ 139.69972, 35.62219 ] ] ] } },
{ "type": "Feature", "properties": { "key": "目黒区|目黒本町5丁目", "ward": "目黒区", "town": "目黒本町５丁目" }, "geometry": { "type": "Polygon", "coordinates": [ [ [ 139.698406, 35.62238 ], [ 139.698418, 35.622388 ], [ 139.698634, 35.622364 ], [ 139.69912, 35.62229 ], [ 139.699362, 35.622252 ], [ 139.699672, 35.622198 ], [ 139.699701, 35.622176 ], [ 139.700525, 35.621548 ], [ 139.700629, 35.62147 ], [ 139.701071, 35.621137 ], [ 139.701193, 35.621039 ], [ 139.701334, 35.620928 ], [ 139.701369, 35.620913 ], [ 139.701831, 35.620555 ], [ 139.701835, 35.620543 ], [ 139.702272, 35.620206 ], [ 139.702099, 35.620013 ], [ 139.701983, 35.619885 ], [ 139.701784, 35.619663 ], [ 139.701573, 35.61943 ], [ 139.701206, 35.619015 ], [ 139.701077, 35.618869 ], [ 139.700743, 35.618491 ], [ 139.700179, 35.61786 ], [ 139.699888, 35.617538 ], [ 139.699595, 35.617203 ], [ 139.699981, 35.617038 ], [ 139.699521, 35.6165 ], [ 139.69952, 35.616499 ], [ 139.69945, 35.616417 ], [ 139.699313, 35.616285 ], [ 139.699087, 35.616055 ], [ 139.699023, 35.616045 ], [ 139.698764, 35.616298 ], [ 139.698522, 35.616548 ], [ 139.698306, 35.6168 ], [ 139.698083, 35.617062 ], [ 139.697827, 35.61736 ], [ 139.697593, 35.617634 ], [ 139.697155, 35.618152 ], [ 139.697461, 35.618126 ], [ 139.697462, 35.618441 ], [ 139.697463, 35.61868 ], [ 139.697483, 35.618963 ], [ 139.697487, 35.619123 ], [ 139.697486, 35.619529 ], [ 139.697499, 35.620197 ], [ 139.697502, 35.620548 ], [ 139.697507, 35.620763 ], [ 139.697515, 35.621125 ], [ 139.697511, 35.621236 ], [ 139.69751, 35.621646 ], [ 139.697519, 35.621969 ], [ 139.697518, 35.622394 ], [ 139.697526, 35.622395 ], [ 139.697738, 35.622389 ], [ 139.697884, 35.622397 ], [ 139.698406, 35.62238 ] ] ] } },
{ "type": "Feature", "properties": { "key": "目黒区|目黒本町6丁目", "ward": "目黒区", "town": "目黒本町６丁目" }, "geometry": { "type": "Polygon", "coordinates": [ [ [ 139.697461, 35.618126 ], [ 139.697155, 35.618152 ], [ 139.69705, 35.61818 ], [ 139.696665, 35.618156 ], [ 139.696124, 35.61814 ], [ 139.695597, 35.618119 ], [ 139.694744, 35.618075 ], [ 139.694573, 35.618068 ], [ 139.69429, 35.618057 ], [ 139.693652, 35.618017 ], [ 139.693622, 35.618017 ], [ 139.693326, 35.618016 ], [ 139.692809, 35.617987 ], [ 139.692823, 35.618291 ], [ 139.692835, 35.618573 ], [ 139.692844, 35.618863 ], [ 139.69287, 35.619365 ], [ 139.69287, 35.61938 ], [ 139.69287, 35.619542 ], [ 139.69287, 35.619806 ], [ 139.692852, 35.620233 ], [ 139.692807, 35.620254 ], [ 139.692919, 35.620305 ], [ 139.69307, 35.620608 ], [ 139.693126, 35.620678 ], [ 139.693736, 35.620882 ], [ 139.693773, 35.620895 ], [ 139.69395, 35.62096 ], [ 139.694056, 35.620999 ], [ 139.694114, 35.621021 ], [ 139.694514, 35.621176 ], [ 139.694527, 35.62118 ], [ 139.694546, 35.621187 ], [ 139.694826, 35.621299 ], [ 139.694973, 35.621362 ], [ 139.695538, 35.621602 ], [ 139.695813, 35.62177 ], [ 139.695885, 35.621815 ], [ 139.696191, 35.622002 ], [ 139.69658, 35.622165 ], [ 139.697176, 35.622319 ], [ 139.697518, 35.622394 ], [ 139.697519, 35.621969 ], [ 139.69751, 35.621646 ], [ 139.697511, 35.621236 ], [ 139.697515, 35.621125 ], [ 139.697507, 35.620763 ], [ 139.697502, 35.620548 ], [ 139.697499, 35.620197 ], [ 139.697486, 35.619529 ], [ 139.697487, 35.619123 ], [ 139.697483, 35.618963 ], [ 139.697463, 35.61868 ], [ 139.697462, 35.618441 ], [ 139.697461, 35.618126 ] ] ] } },
{ "type": "Feature", "properties": { "key": "目黒区|原町1丁目", "ward": "目黒区", "town": "原町１丁目" }, "geometry": { "type": "Polygon", "coordinates": [ [ [ 139.699023, 35.616045 ], [ 139.698703, 35.615694 ], [ 139.698539, 35.615563 ], [ 139.698417, 35.61539 ], [ 139.698391, 35.615345 ], [ 139.698301, 35.615231 ], [ 139.697793, 35.61489 ], [ 139.697738, 35.614854 ], [ 139.697493, 35.614691 ], [ 139.697233, 35.614922 ], [ 139.697134, 35.61501 ], [ 139.696913, 35.615186 ], [ 139.696431, 35.615598 ], [ 139.696212, 35.615769 ], [ 139.695918, 35.616019 ], [ 139.695714, 35.616194 ], [ 139.695666, 35.616176 ], [ 139.695665, 35.616198 ], [ 139.694837, 35.616306 ], [ 139.694625, 35.616339 ], [ 139.694511, 35.616362 ], [ 139.694206, 35.616405 ], [ 139.693776, 35.616462 ], [ 139.693582, 35.616482 ], [ 139.692744, 35.616602 ], [ 139.692743, 35.616625 ], [ 139.692767, 35.616913 ], [ 139.69277, 35.616945 ], [ 139.692792, 35.617295 ], [ 139.692796, 35.617399 ], [ 139.692791, 35.617607 ], [ 139.692814, 35.617964 ], [ 139.692809, 35.617987 ], [ 139.693326, 35.618016 ], [ 139.693622, 35.618017 ], [ 139.693652, 35.618017 ], [ 139.69429, 35.618057 ], [ 139.694573, 35.618068 ], [ 139.694744, 35.618075 ], [ 139.695597, 35.618119 ], [ 139.696124, 35.61814 ], [ 139.696665, 35.618156 ], [ 139.69705, 35.61818 ], [ 139.697155, 35.618152 ], [ 139.697593, 35.617634 ], [ 139.697827, 35.61736 ], [ 139.698083, 35.617062 ], [ 139.698306, 35.6168 ], [ 139.698522, 35.616548 ], [ 139.698764, 35.616298 ], [ 139.699023, 35.616045 ] ] ] } },
{ "type": "Feature", "properties": { "key": "目黒区|原町2丁目", "ward": "目黒区", "town": "原町２丁目" }, "geometry": { "type": "Polygon", "coordinates": [ [ [ 139.693547, 35.613099 ], [ 139.69243, 35.613274 ], [ 139.692125, 35.613311 ], [ 139.691405, 35.613399 ], [ 139.690543, 35.613513 ], [ 139.690535, 35.61352 ], [ 139.690589, 35.613847 ], [ 139.690519, 35.614434 ], [ 139.690496, 35.614646 ], [ 139.690459, 35.61497 ], [ 139.690398, 35.615435 ], [ 139.690329, 35.616038 ], [ 139.690246, 35.616782 ], [ 139.690129, 35.617397 ], [ 139.690109, 35.617505 ], [ 139.690043, 35.617847 ], [ 139.690747, 35.617879 ], [ 139.691287, 35.617909 ], [ 139.69183, 35.617932 ], [ 139.692066, 35.617938 ], [ 139.692337, 35.617951 ], [ 139.692814, 35.617964 ], [ 139.692791, 35.617607 ], [ 139.692796, 35.617399 ], [ 139.692792, 35.617295 ], [ 139.69277, 35.616945 ], [ 139.692767, 35.616913 ], [ 139.692743, 35.616625 ], [ 139.692744, 35.616602 ], [ 139.692731, 35.616258 ], [ 139.692706, 35.615711 ], [ 139.692705, 35.615689 ], [ 139.692696, 35.614921 ], [ 139.692828, 35.614624 ], [ 139.692833, 35.614614 ], [ 139.693153, 35.614013 ], [ 139.693176, 35.613948 ], [ 139.693583, 35.613128 ], [ 139.693547, 35.613099 ] ] ] } },
{ "type": "Feature", "properties": { "key": "目黒区|洗足1丁目", "ward": "目黒区", "town": "洗足１丁目" }, "geometry": { "type": "Polygon", "coordinates": [ [ [ 139.695666, 35.616176 ], [ 139.695714, 35.616194 ], [ 139.695918, 35.616019 ], [ 139.696212, 35.615769 ], [ 139.696431, 35.615598 ], [ 139.696913, 35.615186 ], [ 139.697134, 35.61501 ], [ 139.697233, 35.614922 ], [ 139.69639, 35.614374 ], [ 139.696059, 35.613991 ], [ 139.696002, 35.613916 ], [ 139.69577, 35.613619 ], [ 139.695667, 35.61292 ], [ 139.695593, 35.61248 ], [ 139.694905, 35.612493 ], [ 139.694886, 35.612541 ], [ 139.694258, 35.612541 ], [ 139.694213, 35.612545 ], [ 139.694079, 35.612552 ], [ 139.693725, 35.612541 ], [ 139.69347, 35.612537 ], [ 139.693529, 35.613009 ], [ 139.693547, 35.613099 ], [ 139.693583, 35.613128 ], [ 139.693176, 35.613948 ], [ 139.693153, 35.614013 ], [ 139.692833, 35.614614 ], [ 139.692828, 35.614624 ], [ 139.692696, 35.614921 ], [ 139.692705, 35.615689 ], [ 139.692706, 35.615711 ], [ 139.692731, 35.616258 ], [ 139.692744, 35.616602 ], [ 139.693582, 35.616482 ], [ 139.693776, 35.616462 ], [ 139.694206, 35.616405 ], [ 139.694511, 35.616362 ], [ 139.694625, 35.616339 ], [ 139.694837, 35.616306 ], [ 139.695665, 35.616198 ], [ 139.695666, 35.616176 ] ] ] } },
{ "type": "Feature", "properties": { "key": "目黒区|洗足2丁目", "ward": "目黒区", "town": "洗足２丁目" }, "geometry": { "type": "Polygon", "coordinates": [ [ [ 139.69347, 35.612537 ], [ 139.693725, 35.612541 ], [ 139.694079, 35.612552 ], [ 139.694213, 35.612545 ], [ 139.694258, 35.612541 ], [ 139.694886, 35.612541 ], [ 139.694905, 35.612493 ], [ 139.695593, 35.61248 ], [ 139.695566, 35.611985 ], [ 139.69569, 35.611895 ], [ 139.695751, 35.61187 ], [ 139.695857, 35.611331 ], [ 139.695968, 35.610768 ], [ 139.69592, 35.610204 ], [ 139.695874, 35.60963 ], [ 139.695625, 35.609603 ], [ 139.695692, 35.609055 ], [ 139.695609, 35.609049 ], [ 139.695674, 35.608508 ], [ 139.695553, 35.6085 ], [ 139.695596, 35.608138 ], [ 139.695198, 35.608096 ], [ 139.695131, 35.608198 ], [ 139.694965, 35.608457 ], [ 139.694454, 35.608975 ], [ 139.694222, 35.609202 ], [ 139.69394, 35.609402 ], [ 139.693863, 35.609476 ], [ 139.693746, 35.609553 ], [ 139.693547, 35.609685 ], [ 139.693445, 35.609616 ], [ 139.69334, 35.609685 ], [ 139.692883, 35.61002 ], [ 139.69223, 35.610493 ], [ 139.692168, 35.610536 ], [ 139.691677, 35.610887 ], [ 139.691396, 35.611092 ], [ 139.691028, 35.611134 ], [ 139.691059, 35.611157 ], [ 139.690794, 35.611205 ], [ 139.690787, 35.61116 ], [ 139.690578, 35.611142 ], [ 139.690513, 35.61115 ], [ 139.690534, 35.611238 ], [ 139.690402, 35.61126 ], [ 139.690384, 35.611169 ], [ 139.690349, 35.611173 ], [ 139.690276, 35.611089 ], [ 139.690236, 35.611117 ], [ 139.690241, 35.611188 ], [ 139.690205, 35.611193 ], [ 139.690269, 35.611556 ], [ 139.69032, 35.611939 ], [ 139.690335, 35.61193 ], [ 139.690447, 35.612686 ], [ 139.69041, 35.612695 ], [ 139.690514, 35.613388 ], [ 139.690543, 35.613513 ], [ 139.691405, 35.613399 ], [ 139.692125, 35.613311 ], [ 139.69243, 35.613274 ], [ 139.693547, 35.613099 ], [ 139.693529, 35.613009 ], [ 139.69347, 35.612537 ] ] ] } },
{ "type": "Feature", "properties": { "key": "目黒区|南1丁目", "ward": "目黒区", "town": "南１丁目" }, "geometry": { "type": "Polygon", "coordinates": [ [ [ 139.690335, 35.61193 ], [ 139.69032, 35.611939 ], [ 139.690269, 35.611556 ], [ 139.690205, 35.611193 ], [ 139.689892, 35.611251 ], [ 139.689744, 35.611268 ], [ 139.689543, 35.611398 ], [ 139.689023, 35.611757 ], [ 139.688398, 35.612167 ], [ 139.688128, 35.612348 ], [ 139.688048, 35.612399 ], [ 139.688016, 35.61242 ], [ 139.687771, 35.612578 ], [ 139.687753, 35.612599 ], [ 139.687359, 35.612827 ], [ 139.686667, 35.613242 ], [ 139.686617, 35.61331 ], [ 139.686752, 35.613421 ], [ 139.68682, 35.613567 ], [ 139.686992, 35.613798 ], [ 139.687084, 35.61392 ], [ 139.687284, 35.614211 ], [ 139.687552, 35.614535 ], [ 139.687925, 35.614972 ], [ 139.688116, 35.61522 ], [ 139.688266, 35.615414 ], [ 139.688309, 35.615458 ], [ 139.688415, 35.615903 ], [ 139.68847, 35.616135 ], [ 139.688537, 35.616422 ], [ 139.688609, 35.616632 ], [ 139.68866, 35.616864 ], [ 139.688631, 35.617226 ], [ 139.688608, 35.617273 ], [ 139.688522, 35.617458 ], [ 139.688316, 35.617688 ], [ 139.688279, 35.617755 ], [ 139.688812, 35.617783 ], [ 139.689096, 35.617784 ], [ 139.689129, 35.617784 ], [ 139.690043, 35.617847 ], [ 139.690109, 35.617505 ], [ 139.690129, 35.617397 ], [ 139.690246, 35.616782 ], [ 139.690329, 35.616038 ], [ 139.690398, 35.615435 ], [ 139.690459, 35.61497 ], [ 139.690496, 35.614646 ], [ 139.690519, 35.614434 ], [ 139.690589, 35.613847 ], [ 139.690535, 35.61352 ], [ 139.690543, 35.613513 ], [ 139.690514, 35.613388 ], [ 139.69041, 35.612695 ], [ 139.690447, 35.612686 ], [ 139.690335, 35.61193 ] ] ] } },
{ "type": "Feature", "properties": { "key": "目黒区|南2丁目", "ward": "目黒区", "town": "南２丁目" }, "geometry": { "type": "Polygon", "coordinates": [ [ [ 139.686617, 35.61331 ], [ 139.68631, 35.613538 ], [ 139.686264, 35.613572 ], [ 139.685937, 35.613816 ], [ 139.685904, 35.613841 ], [ 139.685279, 35.614317 ], [ 139.685211, 35.614366 ], [ 139.685019, 35.614506 ], [ 139.684746, 35.614703 ], [ 139.684572, 35.614828 ], [ 139.684453, 35.614912 ], [ 139.684372, 35.614969 ], [ 139.684282, 35.615033 ], [ 139.684107, 35.615157 ], [ 139.683686, 35.615486 ], [ 139.683316, 35.615775 ], [ 139.683551, 35.615866 ], [ 139.684076, 35.616051 ], [ 139.684963, 35.616372 ], [ 139.685512, 35.616573 ], [ 139.685668, 35.616632 ], [ 139.686491, 35.616927 ], [ 139.686926, 35.617087 ], [ 139.6878, 35.617406 ], [ 139.688026, 35.617516 ], [ 139.688235, 35.617648 ], [ 139.688316, 35.617688 ], [ 139.688522, 35.617458 ], [ 139.688608, 35.617273 ], [ 139.688631, 35.617226 ], [ 139.68866, 35.616864 ], [ 139.688609, 35.616632 ], [ 139.688537, 35.616422 ], [ 139.68847, 35.616135 ], [ 139.688415, 35.615903 ], [ 139.688309, 35.615458 ], [ 139.688266, 35.615414 ], [ 139.688116, 35.61522 ], [ 139.687925, 35.614972 ], [ 139.687552, 35.614535 ], [ 139.687284, 35.614211 ], [ 139.687084, 35.61392 ], [ 139.686992, 35.613798 ], [ 139.68682, 35.613567 ], [ 139.686752, 35.613421 ], [ 139.686617, 35.61331 ] ] ] } },
{ "type": "Feature", "properties": { "key": "目黒区|南3丁目", "ward": "目黒区", "town": "南３丁目" }, "geometry": { "type": "Polygon", "coordinates": [ [ [ 139.687359, 35.612827 ], [ 139.687753, 35.612599 ], [ 139.687771, 35.612578 ], [ 139.688016, 35.61242 ], [ 139.688048, 35.612399 ], [ 139.688128, 35.612348 ], [ 139.688398, 35.612167 ], [ 139.689023, 35.611757 ], [ 139.689543, 35.611398 ], [ 139.689744, 35.611268 ], [ 139.689372, 35.611283 ], [ 139.689283, 35.611284 ], [ 139.68917, 35.611281 ], [ 139.688742, 35.611232 ], [ 139.6886, 35.611233 ], [ 139.687807, 35.611353 ], [ 139.68773, 35.611378 ], [ 139.687463, 35.611516 ], [ 139.686961, 35.61165 ], [ 139.686736, 35.611625 ], [ 139.686173, 35.611682 ], [ 139.686068, 35.611708 ], [ 139.685849, 35.611786 ], [ 139.685825, 35.611804 ], [ 139.685547, 35.611977 ], [ 139.685386, 35.612087 ], [ 139.685396, 35.612205 ], [ 139.685309, 35.612236 ], [ 139.685085, 35.612322 ], [ 139.685087, 35.612403 ], [ 139.685088, 35.612415 ], [ 139.68505, 35.612442 ], [ 139.684933, 35.612508 ], [ 139.684752, 35.612681 ], [ 139.684686, 35.612744 ], [ 139.684577, 35.612867 ], [ 139.68452, 35.612863 ], [ 139.684509, 35.612937 ], [ 139.684469, 35.613042 ], [ 139.684395, 35.613032 ], [ 139.684382, 35.613097 ], [ 139.684228, 35.613086 ], [ 139.684123, 35.613522 ], [ 139.684082, 35.613541 ], [ 139.683989, 35.613838 ], [ 139.683849, 35.614239 ], [ 139.683834, 35.614281 ], [ 139.683688, 35.614706 ], [ 139.683571, 35.614987 ], [ 139.683501, 35.615158 ], [ 139.683189, 35.615742 ], [ 139.683316, 35.615775 ], [ 139.683686, 35.615486 ], [ 139.684107, 35.615157 ], [ 139.684282, 35.615033 ], [ 139.684372, 35.614969 ], [ 139.684453, 35.614912 ], [ 139.684572, 35.614828 ], [ 139.684746, 35.614703 ], [ 139.685019, 35.614506 ], [ 139.685211, 35.614366 ], [ 139.685279, 35.614317 ], [ 139.685904, 35.613841 ], [ 139.685937, 35.613816 ], [ 139.686264, 35.613572 ], [ 139.68631, 35.613538 ], [ 139.686617, 35.61331 ], [ 139.686667, 35.613242 ], [ 139.687359, 35.612827 ] ] ] } },
{ "type": "Feature", "properties": { "key": "目黒区|碑文谷1丁目", "ward": "目黒区", "town": "碑文谷１丁目" }, "geometry": { "type": "Polygon", "coordinates": [ [ [ 139.688279, 35.617755 ], [ 139.688266, 35.617779 ], [ 139.688147, 35.617979 ], [ 139.68794, 35.618309 ], [ 139.687918, 35.618335 ], [ 139.687552, 35.618922 ], [ 139.687566, 35.618939 ], [ 139.687321, 35.619189 ], [ 139.687062, 35.619475 ], [ 139.686654, 35.619911 ], [ 139.68665, 35.619915 ], [ 139.687271, 35.620311 ], [ 139.688179, 35.620859 ], [ 139.688959, 35.62138 ], [ 139.689016, 35.621418 ], [ 139.689332, 35.621629 ], [ 139.689859, 35.621971 ], [ 139.690574, 35.622424 ], [ 139.690904, 35.622636 ], [ 139.69118, 35.622814 ], [ 139.691843, 35.623242 ], [ 139.692209, 35.623485 ], [ 139.692299, 35.623184 ], [ 139.692524, 35.622563 ], [ 139.692711, 35.622031 ], [ 139.692803, 35.621703 ], [ 139.692849, 35.621559 ], [ 139.6928, 35.6215 ], [ 139.692746, 35.621448 ], [ 139.692587, 35.621389 ], [ 139.692447, 35.621267 ], [ 139.692389, 35.621156 ], [ 139.692363, 35.621093 ], [ 139.692338, 35.620951 ], [ 139.692355, 35.62083 ], [ 139.692462, 35.620604 ], [ 139.69261, 35.620396 ], [ 139.692746, 35.62027 ], [ 139.692807, 35.620254 ], [ 139.692852, 35.620233 ], [ 139.69287, 35.619806 ], [ 139.69287, 35.619542 ], [ 139.69287, 35.61938 ], [ 139.69287, 35.619365 ], [ 139.692844, 35.618863 ], [ 139.692835, 35.618573 ], [ 139.692823, 35.618291 ], [ 139.692809, 35.617987 ], [ 139.692814, 35.617964 ], [ 139.692337, 35.617951 ], [ 139.692066, 35.617938 ], [ 139.69183, 35.617932 ], [ 139.691287, 35.617909 ], [ 139.690747, 35.617879 ], [ 139.690043, 35.617847 ], [ 139.689129, 35.617784 ], [ 139.689096, 35.617784 ], [ 139.688812, 35.617783 ], [ 139.688279, 35.617755 ] ] ] } },
{ "type": "Feature", "properties": { "key": "目黒区|碑文谷2丁目", "ward": "目黒区", "town": "碑文谷２丁目" }, "geometry": { "type": "Polygon", "coordinates": [ [ [ 139.68665, 35.619915 ], [ 139.686125, 35.620465 ], [ 139.685811, 35.620802 ], [ 139.685653, 35.620941 ], [ 139.685547, 35.621053 ], [ 139.685426, 35.621204 ], [ 139.685233, 35.621477 ], [ 139.685144, 35.621641 ], [ 139.684975, 35.621971 ], [ 139.684823, 35.622409 ], [ 139.684659, 35.622946 ], [ 139.684829, 35.623037 ], [ 139.685594, 35.623487 ], [ 139.685636, 35.62351 ], [ 139.686767, 35.624131 ], [ 139.686835, 35.624181 ], [ 139.687087, 35.624308 ], [ 139.687431, 35.624498 ], [ 139.687432, 35.624498 ], [ 139.688145, 35.6249 ], [ 139.688299, 35.624987 ], [ 139.688578, 35.625145 ], [ 139.689351, 35.625566 ], [ 139.689423, 35.624902 ], [ 139.689432, 35.624813 ], [ 139.689506, 35.624122 ], [ 139.689525, 35.623854 ], [ 139.689529, 35.623801 ], [ 139.68956, 35.623472 ], [ 139.689607, 35.622921 ], [ 139.689625, 35.622735 ], [ 139.689644, 35.622415 ], [ 139.689694, 35.622225 ], [ 139.689859, 35.621971 ], [ 139.689332, 35.621629 ], [ 139.689016, 35.621418 ], [ 139.688959, 35.62138 ], [ 139.688179, 35.620859 ], [ 139.687271, 35.620311 ], [ 139.68665, 35.619915 ] ] ] } },
{ "type": "Feature", "properties": { "key": "目黒区|碑文谷3丁目", "ward": "目黒区", "town": "碑文谷３丁目" }, "geometry": { "type": "Polygon", "coordinates": [ [ [ 139.683316, 35.615775 ], [ 139.683234, 35.615881 ], [ 139.682991, 35.616295 ], [ 139.682883, 35.616478 ], [ 139.682668, 35.616842 ], [ 139.682554, 35.617034 ], [ 139.682219, 35.617587 ], [ 139.682848, 35.617925 ], [ 139.683114, 35.618072 ], [ 139.683531, 35.618295 ], [ 139.68359, 35.618332 ], [ 139.683783, 35.61843 ], [ 139.684091, 35.618589 ], [ 139.684792, 35.618942 ], [ 139.68531, 35.619204 ], [ 139.685929, 35.619528 ], [ 139.686654, 35.619911 ], [ 139.687062, 35.619475 ], [ 139.687321, 35.619189 ], [ 139.687566, 35.618939 ], [ 139.687552, 35.618922 ], [ 139.687918, 35.618335 ], [ 139.68794, 35.618309 ], [ 139.688147, 35.617979 ], [ 139.688266, 35.617779 ], [ 139.688279, 35.617755 ], [ 139.688316, 35.617688 ], [ 139.688235, 35.617648 ], [ 139.688026, 35.617516 ], [ 139.6878, 35.617406 ], [ 139.686926, 35.617087 ], [ 139.686491, 35.616927 ], [ 139.685668, 35.616632 ], [ 139.685512, 35.616573 ], [ 139.684963, 35.616372 ], [ 139.684076, 35.616051 ], [ 139.683551, 35.615866 ], [ 139.683316, 35.615775 ] ] ] } },
{ "type": "Feature", "properties": { "key": "目黒区|碑文谷4丁目", "ward": "目黒区", "town": "碑文谷４丁目" }, "geometry": { "type": "Polygon", "coordinates": [ [ [ 139.682219, 35.617587 ], [ 139.682195, 35.61763 ], [ 139.681862, 35.61813 ], [ 139.681851, 35.618149 ], [ 139.681709, 35.61838 ], [ 139.681689, 35.618413 ], [ 139.681623, 35.618519 ], [ 139.68146, 35.61878 ], [ 139.681356, 35.618915 ], [ 139.681153, 35.61918 ], [ 139.681069, 35.619273 ], [ 139.681065, 35.619279 ], [ 139.681039, 35.619322 ], [ 139.681002, 35.619385 ], [ 139.680899, 35.619559 ], [ 139.680746, 35.619801 ], [ 139.680736, 35.619816 ], [ 139.680664, 35.619929 ], [ 139.68042, 35.620309 ], [ 139.680393, 35.620375 ], [ 139.680419, 35.620387 ], [ 139.680458, 35.620409 ], [ 139.680577, 35.620548 ], [ 139.680666, 35.620653 ], [ 139.680848, 35.62081 ], [ 139.681062, 35.620919 ], [ 139.681466, 35.621147 ], [ 139.681739, 35.621297 ], [ 139.682049, 35.621475 ], [ 139.68263, 35.6218 ], [ 139.682668, 35.621816 ], [ 139.68292, 35.621966 ], [ 139.683275, 35.622168 ], [ 139.683511, 35.622303 ], [ 139.683632, 35.622375 ], [ 139.684659, 35.622946 ], [ 139.684823, 35.622409 ], [ 139.684975, 35.621971 ], [ 139.685144, 35.621641 ], [ 139.685233, 35.621477 ], [ 139.685426, 35.621204 ], [ 139.685547, 35.621053 ], [ 139.685653, 35.620941 ], [ 139.685811, 35.620802 ], [ 139.686125, 35.620465 ], [ 139.68665, 35.619915 ], [ 139.686654, 35.619911 ], [ 139.685929, 35.619528 ], [ 139.68531, 35.619204 ], [ 139.684792, 35.618942 ], [ 139.684091, 35.618589 ], [ 139.683783, 35.61843 ], [ 139.68359, 35.618332 ], [ 139.683531, 35.618295 ], [ 139.683114, 35.618072 ], [ 139.682848, 35.617925 ], [ 139.682219, 35.617587 ] ] ] } },
{ "type": "Feature", "properties": { "key": "目黒区|碑文谷5丁目", "ward": "目黒区", "town": "碑文谷５丁目" }, "geometry": { "type": "Polygon", "coordinates": [ [ [ 139.679398, 35.625039 ], [ 139.679439, 35.62526 ], [ 139.679906, 35.625219 ], [ 139.680423, 35.625181 ], [ 139.681054, 35.625132 ], [ 139.681097, 35.625128 ], [ 139.681334, 35.62511 ], [ 139.682865, 35.624992 ], [ 139.683002, 35.62496 ], [ 139.68348, 35.624875 ], [ 139.683691, 35.624834 ], [ 139.683762, 35.624821 ], [ 139.683933, 35.624788 ], [ 139.684667, 35.62467 ], [ 139.684918, 35.624627 ], [ 139.685649, 35.62449 ], [ 139.686661, 35.624244 ], [ 139.686835, 35.624181 ], [ 139.686767, 35.624131 ], [ 139.685636, 35.62351 ], [ 139.685594, 35.623487 ], [ 139.684829, 35.623037 ], [ 139.684659, 35.622946 ], [ 139.683632, 35.622375 ], [ 139.683511, 35.622303 ], [ 139.683275, 35.622168 ], [ 139.68292, 35.621966 ], [ 139.682668, 35.621816 ], [ 139.68263, 35.6218 ], [ 139.682049, 35.621475 ], [ 139.681739, 35.621297 ], [ 139.681466, 35.621147 ], [ 139.681062, 35.620919 ], [ 139.680848, 35.62081 ], [ 139.680666, 35.620653 ], [ 139.680577, 35.620548 ], [ 139.680458, 35.620409 ], [ 139.680419, 35.620387 ], [ 139.680393, 35.620375 ], [ 139.680216, 35.620806 ], [ 139.680156, 35.620952 ], [ 139.680103, 35.62108 ], [ 139.67992, 35.621526 ], [ 139.679842, 35.621727 ], [ 139.679717, 35.6221 ], [ 139.67966, 35.622259 ], [ 139.67951, 35.622674 ], [ 139.679395, 35.622951 ], [ 139.679386, 35.622985 ], [ 139.679147, 35.623452 ], [ 139.679017, 35.623759 ], [ 139.679012, 35.623768 ], [ 139.678596, 35.624603 ], [ 139.678587, 35.624623 ], [ 139.678323, 35.625085 ], [ 139.678196, 35.625317 ], [ 139.678301, 35.625295 ], [ 139.67869, 35.625244 ], [ 139.67909, 35.625096 ], [ 139.679398, 35.625039 ] ] ] } },
{ "type": "Feature", "properties": { "key": "目黒区|碑文谷6丁目", "ward": "目黒区", "town": "碑文谷６丁目" }, "geometry": { "type": "Polygon", "coordinates": [ [ [ 139.684918, 35.624627 ], [ 139.684667, 35.62467 ], [ 139.683933, 35.624788 ], [ 139.683762, 35.624821 ], [ 139.683691, 35.624834 ], [ 139.68348, 35.624875 ], [ 139.683002, 35.62496 ], [ 139.682865, 35.624992 ], [ 139.681334, 35.62511 ], [ 139.681097, 35.625128 ], [ 139.681054, 35.625132 ], [ 139.680423, 35.625181 ], [ 139.679906, 35.625219 ], [ 139.679439, 35.62526 ], [ 139.679487, 35.625713 ], [ 139.679576, 35.625984 ], [ 139.679641, 35.626126 ], [ 139.679656, 35.626159 ], [ 139.679759, 35.626438 ], [ 139.679893, 35.626767 ], [ 139.679917, 35.626818 ], [ 139.680129, 35.627315 ], [ 139.680441, 35.627966 ], [ 139.68104, 35.627858 ], [ 139.681049, 35.627856 ], [ 139.681487, 35.627781 ], [ 139.68252, 35.627611 ], [ 139.68327, 35.627478 ], [ 139.683586, 35.627421 ], [ 139.684143, 35.627324 ], [ 139.684302, 35.627287 ], [ 139.684469, 35.627248 ], [ 139.684656, 35.627228 ], [ 139.685242, 35.627168 ], [ 139.685487, 35.627144 ], [ 139.685397, 35.626731 ], [ 139.685378, 35.626651 ], [ 139.685354, 35.626549 ], [ 139.685274, 35.626212 ], [ 139.685215, 35.625941 ], [ 139.685204, 35.625887 ], [ 139.685095, 35.625379 ], [ 139.684918, 35.624627 ] ] ] } },
{ "type": "Feature", "properties": { "key": "目黒区|鷹番1丁目", "ward": "目黒区", "town": "鷹番１丁目" }, "geometry": { "type": "Polygon", "coordinates": [ [ [ 139.691135, 35.62653 ], [ 139.690811, 35.626359 ], [ 139.69062, 35.626257 ], [ 139.690536, 35.626211 ], [ 139.690356, 35.626112 ], [ 139.690285, 35.626072 ], [ 139.690074, 35.625949 ], [ 139.689691, 35.625755 ], [ 139.689622, 35.625714 ], [ 139.689439, 35.625614 ], [ 139.689351, 35.625566 ], [ 139.688578, 35.625145 ], [ 139.688299, 35.624987 ], [ 139.688145, 35.6249 ], [ 139.687432, 35.624498 ], [ 139.687431, 35.624498 ], [ 139.687087, 35.624308 ], [ 139.686835, 35.624181 ], [ 139.686661, 35.624244 ], [ 139.685649, 35.62449 ], [ 139.684918, 35.624627 ], [ 139.685095, 35.625379 ], [ 139.685204, 35.625887 ], [ 139.685215, 35.625941 ], [ 139.685274, 35.626212 ], [ 139.685354, 35.626549 ], [ 139.685378, 35.626651 ], [ 139.685397, 35.626731 ], [ 139.685487, 35.627144 ], [ 139.685997, 35.6271 ], [ 139.686039, 35.627096 ], [ 139.686649, 35.627044 ], [ 139.686942, 35.627019 ], [ 139.687521, 35.626969 ], [ 139.687814, 35.626995 ], [ 139.688485, 35.627055 ], [ 139.688743, 35.627011 ], [ 139.68913, 35.626943 ], [ 139.689348, 35.626904 ], [ 139.689816, 35.626817 ], [ 139.689913, 35.626844 ], [ 139.690237, 35.626921 ], [ 139.690422, 35.62696 ], [ 139.690751, 35.627028 ], [ 139.690953, 35.62707 ], [ 139.692064, 35.62731 ], [ 139.692326, 35.627326 ], [ 139.692468, 35.627273 ], [ 139.692477, 35.62726 ], [ 139.691135, 35.62653 ] ] ] } },
{ "type": "Feature", "properties": { "key": "目黒区|鷹番2丁目", "ward": "目黒区", "town": "鷹番２丁目" }, "geometry": { "type": "Polygon", "coordinates": [ [ [ 139.687119, 35.630645 ], [ 139.687133, 35.630643 ], [ 139.687309, 35.630643 ], [ 139.687473, 35.630696 ], [ 139.68775, 35.630772 ], [ 139.687925, 35.630712 ], [ 139.688049, 35.630629 ], [ 139.688358, 35.630506 ], [ 139.688634, 35.630427 ], [ 139.688867, 35.630437 ], [ 139.688965, 35.630435 ], [ 139.689199, 35.630344 ], [ 139.689511, 35.630295 ], [ 139.689736, 35.630239 ], [ 139.689713, 35.630014 ], [ 139.689704, 35.629925 ], [ 139.689728, 35.629779 ], [ 139.689695, 35.629768 ], [ 139.689765, 35.629507 ], [ 139.689787, 35.629506 ], [ 139.689765, 35.629223 ], [ 139.689731, 35.629034 ], [ 139.689674, 35.628735 ], [ 139.689665, 35.628698 ], [ 139.689549, 35.628094 ], [ 139.689535, 35.628002 ], [ 139.689488, 35.62774 ], [ 139.689426, 35.62731 ], [ 139.689348, 35.626904 ], [ 139.68913, 35.626943 ], [ 139.688743, 35.627011 ], [ 139.688485, 35.627055 ], [ 139.687814, 35.626995 ], [ 139.687521, 35.626969 ], [ 139.686942, 35.627019 ], [ 139.686649, 35.627044 ], [ 139.686039, 35.627096 ], [ 139.685997, 35.6271 ], [ 139.685487, 35.627144 ], [ 139.685573, 35.627393 ], [ 139.685677, 35.627761 ], [ 139.6857, 35.627844 ], [ 139.685774, 35.628088 ], [ 139.68583, 35.628247 ], [ 139.68596, 35.628663 ], [ 139.686066, 35.628985 ], [ 139.686086, 35.629195 ], [ 139.686132, 35.629711 ], [ 139.686135, 35.629907 ], [ 139.685842, 35.629968 ], [ 139.686071, 35.630327 ], [ 139.686136, 35.630428 ], [ 139.686317, 35.63071 ], [ 139.686422, 35.630875 ], [ 139.686545, 35.630799 ], [ 139.686593, 35.630902 ], [ 139.687108, 35.630845 ], [ 139.687127, 35.630814 ], [ 139.687119, 35.630645 ] ] ] } },
{ "type": "Feature", "properties": { "key": "目黒区|鷹番3丁目", "ward": "目黒区", "town": "鷹番３丁目" }, "geometry": { "type": "Polygon", "coordinates": [ [ [ 139.686136, 35.630428 ], [ 139.686071, 35.630327 ], [ 139.685842, 35.629968 ], [ 139.686135, 35.629907 ], [ 139.686132, 35.629711 ], [ 139.686086, 35.629195 ], [ 139.686066, 35.628985 ], [ 139.68596, 35.628663 ], [ 139.68583, 35.628247 ], [ 139.685774, 35.628088 ], [ 139.6857, 35.627844 ], [ 139.685677, 35.627761 ], [ 139.685573, 35.627393 ], [ 139.685487, 35.627144 ], [ 139.685242, 35.627168 ], [ 139.684656, 35.627228 ], [ 139.684469, 35.627248 ], [ 139.684302, 35.627287 ], [ 139.684143, 35.627324 ], [ 139.683586, 35.627421 ], [ 139.68327, 35.627478 ], [ 139.68252, 35.627611 ], [ 139.681487, 35.627781 ], [ 139.681049, 35.627856 ], [ 139.68104, 35.627858 ], [ 139.680441, 35.627966 ], [ 139.680612, 35.628386 ], [ 139.680742, 35.628718 ], [ 139.680831, 35.628865 ], [ 139.680895, 35.628991 ], [ 139.681046, 35.629063 ], [ 139.681829, 35.6295 ], [ 139.682693, 35.629991 ], [ 139.682942, 35.630133 ], [ 139.683, 35.630159 ], [ 139.683091, 35.630207 ], [ 139.683823, 35.630634 ], [ 139.684088, 35.630613 ], [ 139.684177, 35.630616 ], [ 139.684451, 35.63071 ], [ 139.68459, 35.63077 ], [ 139.68465, 35.630797 ], [ 139.684714, 35.630809 ], [ 139.684731, 35.630811 ], [ 139.685039, 35.630842 ], [ 139.685098, 35.630848 ], [ 139.685236, 35.630871 ], [ 139.685616, 35.630907 ], [ 139.685888, 35.630917 ], [ 139.685942, 35.630919 ], [ 139.685974, 35.630917 ], [ 139.686332, 35.630895 ], [ 139.686395, 35.630886 ], [ 139.686422, 35.630875 ], [ 139.686317, 35.63071 ], [ 139.686136, 35.630428 ] ] ] } },
{ "type": "Feature", "properties": { "key": "目黒区|平町1丁目", "ward": "目黒区", "town": "平町１丁目" }, "geometry": { "type": "Polygon", "coordinates": [ [ [ 139.682554, 35.617034 ], [ 139.681415, 35.616555 ], [ 139.68107, 35.616406 ], [ 139.680632, 35.616216 ], [ 139.680026, 35.61593 ], [ 139.679646, 35.61577 ], [ 139.679066, 35.615481 ], [ 139.678868, 35.61586 ], [ 139.677994, 35.61575 ], [ 139.677854, 35.615732 ], [ 139.67778, 35.615869 ], [ 139.677636, 35.616051 ], [ 139.677503, 35.616161 ], [ 139.677344, 35.616269 ], [ 139.676996, 35.616472 ], [ 139.676657, 35.616682 ], [ 139.675951, 35.617123 ], [ 139.67596, 35.617174 ], [ 139.676256, 35.617488 ], [ 139.676276, 35.617483 ], [ 139.677032, 35.61832 ], [ 139.677294, 35.618655 ], [ 139.677351, 35.618719 ], [ 139.677753, 35.619171 ], [ 139.677868, 35.619207 ], [ 139.678089, 35.619277 ], [ 139.678821, 35.619588 ], [ 139.678893, 35.619627 ], [ 139.679535, 35.61994 ], [ 139.679736, 35.620032 ], [ 139.680119, 35.62024 ], [ 139.680157, 35.620261 ], [ 139.680228, 35.620295 ], [ 139.680393, 35.620375 ], [ 139.68042, 35.620309 ], [ 139.680664, 35.619929 ], [ 139.680736, 35.619816 ], [ 139.680746, 35.619801 ], [ 139.680899, 35.619559 ], [ 139.681002, 35.619385 ], [ 139.681039, 35.619322 ], [ 139.681065, 35.619279 ], [ 139.681069, 35.619273 ], [ 139.681153, 35.61918 ], [ 139.681356, 35.618915 ], [ 139.68146, 35.61878 ], [ 139.681623, 35.618519 ], [ 139.681689, 35.618413 ], [ 139.681709, 35.61838 ], [ 139.681851, 35.618149 ], [ 139.681862, 35.61813 ], [ 139.682195, 35.61763 ], [ 139.682219, 35.617587 ], [ 139.682554, 35.617034 ] ] ] } },
{ "type": "Feature", "properties": { "key": "目黒区|平町2丁目", "ward": "目黒区", "town": "平町２丁目" }, "geometry": { "type": "Polygon", "coordinates": [ [ [ 139.683501, 35.615158 ], [ 139.683571, 35.614987 ], [ 139.683688, 35.614706 ], [ 139.683834, 35.614281 ], [ 139.683849, 35.614239 ], [ 139.683989, 35.613838 ], [ 139.684082, 35.613541 ], [ 139.683878, 35.613522 ], [ 139.683658, 35.613475 ], [ 139.683406, 35.613422 ], [ 139.683188, 35.613362 ], [ 139.683016, 35.613323 ], [ 139.682895, 35.613276 ], [ 139.682333, 35.613204 ], [ 139.682192, 35.613174 ], [ 139.681868, 35.613162 ], [ 139.681604, 35.613203 ], [ 139.68139, 35.613192 ], [ 139.681076, 35.61317 ], [ 139.680884, 35.613187 ], [ 139.680583, 35.613224 ], [ 139.680442, 35.613216 ], [ 139.68042, 35.613217 ], [ 139.680251, 35.613224 ], [ 139.679895, 35.613212 ], [ 139.679681, 35.613182 ], [ 139.679576, 35.613152 ], [ 139.678923, 35.613018 ], [ 139.678742, 35.613527 ], [ 139.67863, 35.613838 ], [ 139.678587, 35.61396 ], [ 139.678483, 35.614235 ], [ 139.678183, 35.614959 ], [ 139.678048, 35.615265 ], [ 139.677854, 35.615732 ], [ 139.677994, 35.61575 ], [ 139.678868, 35.61586 ], [ 139.679066, 35.615481 ], [ 139.679646, 35.61577 ], [ 139.680026, 35.61593 ], [ 139.680632, 35.616216 ], [ 139.68107, 35.616406 ], [ 139.681415, 35.616555 ], [ 139.682554, 35.617034 ], [ 139.682668, 35.616842 ], [ 139.682883, 35.616478 ], [ 139.682991, 35.616295 ], [ 139.683234, 35.615881 ], [ 139.683316, 35.615775 ], [ 139.683189, 35.615742 ], [ 139.683501, 35.615158 ] ] ] } },
{ "type": "Feature", "properties": { "key": "目黒区|大岡山1丁目", "ward": "目黒区", "town": "大岡山１丁目" }, "geometry": { "type": "Polygon", "coordinates": [ [ [ 139.684228, 35.613086 ], [ 139.684229, 35.61308 ], [ 139.684246, 35.613 ], [ 139.68432, 35.61267 ], [ 139.684348, 35.612456 ], [ 139.684363, 35.612355 ], [ 139.684405, 35.611974 ], [ 139.684431, 35.611739 ], [ 139.68446, 35.611442 ], [ 139.684509, 35.611082 ], [ 139.684558, 35.610755 ], [ 139.684563, 35.610523 ], [ 139.684573, 35.610259 ], [ 139.684615, 35.610089 ], [ 139.684642, 35.610011 ], [ 139.684755, 35.609764 ], [ 139.684781, 35.609572 ], [ 139.684837, 35.609065 ], [ 139.684416, 35.609033 ], [ 139.684294, 35.609024 ], [ 139.683893, 35.608974 ], [ 139.68335, 35.608918 ], [ 139.68321, 35.608908 ], [ 139.682862, 35.608883 ], [ 139.682723, 35.608866 ], [ 139.682479, 35.608836 ], [ 139.682082, 35.608788 ], [ 139.681863, 35.608764 ], [ 139.681605, 35.608739 ], [ 139.681498, 35.60873 ], [ 139.681129, 35.608694 ], [ 139.681091, 35.60869 ], [ 139.681085, 35.60869 ], [ 139.680567, 35.608636 ], [ 139.680545, 35.608627 ], [ 139.679798, 35.608529 ], [ 139.679714, 35.60886 ], [ 139.67969, 35.608987 ], [ 139.679702, 35.609094 ], [ 139.679761, 35.609448 ], [ 139.679826, 35.609745 ], [ 139.679851, 35.61006 ], [ 139.679843, 35.610292 ], [ 139.679811, 35.610428 ], [ 139.679745, 35.610617 ], [ 139.679585, 35.611113 ], [ 139.679401, 35.611651 ], [ 139.679227, 35.612173 ], [ 139.678923, 35.613018 ], [ 139.679576, 35.613152 ], [ 139.679681, 35.613182 ], [ 139.679895, 35.613212 ], [ 139.680251, 35.613224 ], [ 139.68042, 35.613217 ], [ 139.680442, 35.613216 ], [ 139.680583, 35.613224 ], [ 139.680884, 35.613187 ], [ 139.681076, 35.61317 ], [ 139.68139, 35.613192 ], [ 139.681604, 35.613203 ], [ 139.681868, 35.613162 ], [ 139.682192, 35.613174 ], [ 139.682333, 35.613204 ], [ 139.682895, 35.613276 ], [ 139.683016, 35.613323 ], [ 139.683188, 35.613362 ], [ 139.683406, 35.613422 ], [ 139.683658, 35.613475 ], [ 139.683878, 35.613522 ], [ 139.684082, 35.613541 ], [ 139.684123, 35.613522 ], [ 139.684228, 35.613086 ] ] ] } },
{ "type": "Feature", "properties": { "key": "目黒区|大岡山2丁目", "ward": "目黒区", "town": "大岡山２丁目" }, "geometry": { "type": "Polygon", "coordinates": [ [ [ 139.684798, 35.605197 ], [ 139.684737, 35.6049 ], [ 139.684691, 35.604675 ], [ 139.684585, 35.604071 ], [ 139.684521, 35.603667 ], [ 139.684455, 35.603254 ], [ 139.684294, 35.602248 ], [ 139.684194, 35.602261 ], [ 139.683874, 35.602306 ], [ 139.683659, 35.60236 ], [ 139.683431, 35.602432 ], [ 139.683408, 35.602443 ], [ 139.683021, 35.602627 ], [ 139.682998, 35.602675 ], [ 139.682821, 35.603051 ], [ 139.68289, 35.603141 ], [ 139.682866, 35.603222 ], [ 139.682816, 35.603368 ], [ 139.682786, 35.603363 ], [ 139.682715, 35.603375 ], [ 139.682627, 35.603647 ], [ 139.682822, 35.603904 ], [ 139.682827, 35.60391 ], [ 139.682886, 35.604019 ], [ 139.682841, 35.604071 ], [ 139.682836, 35.604073 ], [ 139.682649, 35.603994 ], [ 139.682206, 35.604049 ], [ 139.682232, 35.604245 ], [ 139.681912, 35.604235 ], [ 139.681919, 35.604197 ], [ 139.681621, 35.604181 ], [ 139.681155, 35.604157 ], [ 139.681093, 35.604206 ], [ 139.68102, 35.604235 ], [ 139.6809, 35.604204 ], [ 139.680677, 35.604157 ], [ 139.680635, 35.604517 ], [ 139.680597, 35.604867 ], [ 139.680572, 35.604976 ], [ 139.680491, 35.605209 ], [ 139.680363, 35.605511 ], [ 139.680197, 35.605898 ], [ 139.680144, 35.606132 ], [ 139.680145, 35.606223 ], [ 139.68017, 35.606221 ], [ 139.680218, 35.60649 ], [ 139.680178, 35.606696 ], [ 139.679988, 35.607582 ], [ 139.679882, 35.608114 ], [ 139.679798, 35.608529 ], [ 139.680545, 35.608627 ], [ 139.680567, 35.608636 ], [ 139.681085, 35.60869 ], [ 139.681091, 35.60869 ], [ 139.681129, 35.608694 ], [ 139.681498, 35.60873 ], [ 139.681605, 35.608739 ], [ 139.681863, 35.608764 ], [ 139.682082, 35.608788 ], [ 139.682479, 35.608836 ], [ 139.682723, 35.608866 ], [ 139.682862, 35.608883 ], [ 139.68321, 35.608908 ], [ 139.68335, 35.608918 ], [ 139.683893, 35.608974 ], [ 139.684294, 35.609024 ], [ 139.684416, 35.609033 ], [ 139.684837, 35.609065 ], [ 139.684852, 35.60875 ], [ 139.684824, 35.608565 ], [ 139.684781, 35.608132 ], [ 139.684777, 35.608106 ], [ 139.68477, 35.608051 ], [ 139.684767, 35.607815 ], [ 139.684798, 35.607758 ], [ 139.684905, 35.607621 ], [ 139.684934, 35.607544 ], [ 139.68504, 35.607469 ], [ 139.685088, 35.607278 ], [ 139.685098, 35.60708 ], [ 139.685095, 35.606932 ], [ 139.684984, 35.606384 ], [ 139.684798, 35.605197 ] ] ] } },
{ "type": "Feature", "properties": { "key": "目黒区|緑が丘1丁目", "ward": "目黒区", "town": "緑が丘１丁目" }, "geometry": { "type": "Polygon", "coordinates": [ [ [ 139.679227, 35.612173 ], [ 139.679401, 35.611651 ], [ 139.679585, 35.611113 ], [ 139.679745, 35.610617 ], [ 139.679811, 35.610428 ], [ 139.679843, 35.610292 ], [ 139.679851, 35.61006 ], [ 139.679826, 35.609745 ], [ 139.679761, 35.609448 ], [ 139.679702, 35.609094 ], [ 139.67969, 35.608987 ], [ 139.679714, 35.60886 ], [ 139.679798, 35.608529 ], [ 139.679882, 35.608114 ], [ 139.679988, 35.607582 ], [ 139.680178, 35.606696 ], [ 139.680218, 35.60649 ], [ 139.68017, 35.606221 ], [ 139.680145, 35.606223 ], [ 139.679666, 35.606389 ], [ 139.679136, 35.606565 ], [ 139.678921, 35.606636 ], [ 139.678412, 35.606758 ], [ 139.67835, 35.606854 ], [ 139.677838, 35.607273 ], [ 139.677693, 35.607451 ], [ 139.677514, 35.607579 ], [ 139.677427, 35.607669 ], [ 139.677323, 35.607783 ], [ 139.677182, 35.608007 ], [ 139.677097, 35.60807 ], [ 139.676902, 35.60816 ], [ 139.676641, 35.608227 ], [ 139.676611, 35.608239 ], [ 139.676425, 35.608313 ], [ 139.676101, 35.608396 ], [ 139.675863, 35.608413 ], [ 139.675773, 35.608434 ], [ 139.675689, 35.608937 ], [ 139.675743, 35.609564 ], [ 139.675767, 35.609561 ], [ 139.675779, 35.609696 ], [ 139.675792, 35.609859 ], [ 139.675849, 35.61052 ], [ 139.675867, 35.610707 ], [ 139.675874, 35.610904 ], [ 139.675909, 35.611277 ], [ 139.675907, 35.611497 ], [ 139.675969, 35.612294 ], [ 139.676308, 35.612265 ], [ 139.676635, 35.612336 ], [ 139.67692, 35.612459 ], [ 139.677451, 35.612649 ], [ 139.677815, 35.61275 ], [ 139.67846, 35.612904 ], [ 139.678923, 35.613018 ], [ 139.679227, 35.612173 ] ] ] } },
{ "type": "Feature", "properties": { "key": "目黒区|緑が丘2丁目", "ward": "目黒区", "town": "緑が丘２丁目" }, "geometry": { "type": "Polygon", "coordinates": [ [ [ 139.675767, 35.609561 ], [ 139.675743, 35.609564 ], [ 139.675689, 35.608937 ], [ 139.675773, 35.608434 ], [ 139.675685, 35.608457 ], [ 139.675448, 35.608491 ], [ 139.675064, 35.608336 ], [ 139.675031, 35.608321 ], [ 139.674801, 35.60829 ], [ 139.674669, 35.60827 ], [ 139.674634, 35.608263 ], [ 139.674342, 35.608206 ], [ 139.6742, 35.608187 ], [ 139.673938, 35.608179 ], [ 139.673907, 35.608192 ], [ 139.673736, 35.608246 ], [ 139.673432, 35.608234 ], [ 139.673271, 35.608199 ], [ 139.673015, 35.608092 ], [ 139.672791, 35.607971 ], [ 139.672684, 35.607908 ], [ 139.672361, 35.607806 ], [ 139.672122, 35.607753 ], [ 139.671936, 35.607712 ], [ 139.67188, 35.607698 ], [ 139.671607, 35.607629 ], [ 139.671509, 35.607583 ], [ 139.671325, 35.607519 ], [ 139.671343, 35.607812 ], [ 139.671352, 35.608194 ], [ 139.671365, 35.608367 ], [ 139.671414, 35.609161 ], [ 139.671415, 35.609193 ], [ 139.671444, 35.609765 ], [ 139.671459, 35.61023 ], [ 139.671496, 35.610843 ], [ 139.671568, 35.612122 ], [ 139.671568, 35.612216 ], [ 139.671557, 35.612291 ], [ 139.671754, 35.61259 ], [ 139.672125, 35.613027 ], [ 139.672259, 35.613004 ], [ 139.672787, 35.612901 ], [ 139.673296, 35.612803 ], [ 139.673757, 35.612712 ], [ 139.674066, 35.612662 ], [ 139.675051, 35.61248 ], [ 139.675565, 35.61239 ], [ 139.675969, 35.612294 ], [ 139.675907, 35.611497 ], [ 139.675909, 35.611277 ], [ 139.675874, 35.610904 ], [ 139.675867, 35.610707 ], [ 139.675849, 35.61052 ], [ 139.675792, 35.609859 ], [ 139.675779, 35.609696 ], [ 139.675767, 35.609561 ] ] ] } },
{ "type": "Feature", "properties": { "key": "目黒区|緑が丘3丁目", "ward": "目黒区", "town": "緑が丘３丁目" }, "geometry": { "type": "Polygon", "coordinates": [ [ [ 139.680722, 35.603685 ], [ 139.680792, 35.603325 ], [ 139.680817, 35.603212 ], [ 139.680824, 35.602998 ], [ 139.680808, 35.602686 ], [ 139.680752, 35.602248 ], [ 139.680673, 35.601614 ], [ 139.680666, 35.60148 ], [ 139.680684, 35.601384 ], [ 139.680768, 35.601105 ], [ 139.6811, 35.600718 ], [ 139.681149, 35.600662 ], [ 139.6811, 35.600648 ], [ 139.680783, 35.600553 ], [ 139.680343, 35.600599 ], [ 139.68027, 35.600607 ], [ 139.680244, 35.601093 ], [ 139.680215, 35.601735 ], [ 139.680192, 35.601866 ], [ 139.680277, 35.602014 ], [ 139.680249, 35.602321 ], [ 139.680237, 35.602558 ], [ 139.680177, 35.603106 ], [ 139.680174, 35.603137 ], [ 139.680173, 35.603141 ], [ 139.679967, 35.603126 ], [ 139.679909, 35.603576 ], [ 139.679734, 35.603554 ], [ 139.679698, 35.603737 ], [ 139.6794, 35.603711 ], [ 139.679387, 35.603816 ], [ 139.679682, 35.603843 ], [ 139.679659, 35.604011 ], [ 139.679603, 35.604427 ], [ 139.679561, 35.604777 ], [ 139.679519, 35.605126 ], [ 139.679499, 35.605356 ], [ 139.679465, 35.605495 ], [ 139.679366, 35.605689 ], [ 139.679312, 35.605802 ], [ 139.679256, 35.605888 ], [ 139.678815, 35.606196 ], [ 139.678702, 35.606443 ], [ 139.678673, 35.606514 ], [ 139.67863, 35.606552 ], [ 139.678412, 35.606758 ], [ 139.678921, 35.606636 ], [ 139.679136, 35.606565 ], [ 139.679666, 35.606389 ], [ 139.680145, 35.606223 ], [ 139.680144, 35.606132 ], [ 139.680197, 35.605898 ], [ 139.680363, 35.605511 ], [ 139.680491, 35.605209 ], [ 139.680572, 35.604976 ], [ 139.680597, 35.604867 ], [ 139.680635, 35.604517 ], [ 139.680677, 35.604157 ], [ 139.680635, 35.604126 ], [ 139.680722, 35.603685 ] ] ] } },
{ "type": "Feature", "properties": { "key": "目黒区|自由が丘1丁目", "ward": "目黒区", "town": "自由が丘１丁目" }, "geometry": { "type": "Polygon", "coordinates": [ [ [ 139.66837, 35.606541 ], [ 139.668106, 35.606542 ], [ 139.668162, 35.607168 ], [ 139.668253, 35.607887 ], [ 139.668217, 35.60794 ], [ 139.668279, 35.608704 ], [ 139.66828, 35.60871 ], [ 139.668325, 35.609313 ], [ 139.668361, 35.609788 ], [ 139.668393, 35.610213 ], [ 139.668453, 35.610983 ], [ 139.668493, 35.611487 ], [ 139.668505, 35.611654 ], [ 139.668506, 35.611663 ], [ 139.668567, 35.612467 ], [ 139.668568, 35.612477 ], [ 139.668611, 35.613166 ], [ 139.66866, 35.613807 ], [ 139.669086, 35.613786 ], [ 139.669286, 35.61377 ], [ 139.669532, 35.613733 ], [ 139.669874, 35.613662 ], [ 139.670304, 35.613555 ], [ 139.670819, 35.613401 ], [ 139.670973, 35.613355 ], [ 139.671236, 35.61328 ], [ 139.671755, 35.613129 ], [ 139.671906, 35.613085 ], [ 139.672125, 35.613027 ], [ 139.671754, 35.61259 ], [ 139.671557, 35.612291 ], [ 139.671568, 35.612216 ], [ 139.671568, 35.612122 ], [ 139.671496, 35.610843 ], [ 139.671459, 35.61023 ], [ 139.671444, 35.609765 ], [ 139.671415, 35.609193 ], [ 139.671414, 35.609161 ], [ 139.671365, 35.608367 ], [ 139.671352, 35.608194 ], [ 139.671343, 35.607812 ], [ 139.671325, 35.607519 ], [ 139.671, 35.607409 ], [ 139.670947, 35.607368 ], [ 139.670835, 35.607319 ], [ 139.670554, 35.607202 ], [ 139.669858, 35.606972 ], [ 139.668859, 35.606652 ], [ 139.66866, 35.606596 ], [ 139.668465, 35.606548 ], [ 139.66837, 35.606541 ] ] ] } },
{ "type": "Feature", "properties": { "key": "目黒区|自由が丘2丁目", "ward": "目黒区", "town": "自由が丘２丁目" }, "geometry": { "type": "Polygon", "coordinates": [ [ [ 139.668106, 35.606542 ], [ 139.667727, 35.606562 ], [ 139.667601, 35.606575 ], [ 139.667292, 35.606642 ], [ 139.666988, 35.606743 ], [ 139.666615, 35.606855 ], [ 139.666197, 35.606983 ], [ 139.665866, 35.607092 ], [ 139.6655, 35.607218 ], [ 139.665401, 35.607259 ], [ 139.665442, 35.607574 ], [ 139.665471, 35.607799 ], [ 139.665518, 35.608162 ], [ 139.665549, 35.608459 ], [ 139.665615, 35.60897 ], [ 139.665654, 35.609231 ], [ 139.66569, 35.609607 ], [ 139.665691, 35.610329 ], [ 139.665673, 35.610889 ], [ 139.665668, 35.611715 ], [ 139.665572, 35.612399 ], [ 139.665492, 35.61306 ], [ 139.665443, 35.613477 ], [ 139.665399, 35.613849 ], [ 139.666481, 35.613924 ], [ 139.667036, 35.613994 ], [ 139.667392, 35.61408 ], [ 139.667496, 35.614105 ], [ 139.66766, 35.614003 ], [ 139.667689, 35.613995 ], [ 139.66805, 35.613907 ], [ 139.668224, 35.61387 ], [ 139.66866, 35.613807 ], [ 139.668611, 35.613166 ], [ 139.668568, 35.612477 ], [ 139.668567, 35.612467 ], [ 139.668506, 35.611663 ], [ 139.668505, 35.611654 ], [ 139.668493, 35.611487 ], [ 139.668453, 35.610983 ], [ 139.668393, 35.610213 ], [ 139.668361, 35.609788 ], [ 139.668325, 35.609313 ], [ 139.66828, 35.60871 ], [ 139.668279, 35.608704 ], [ 139.668217, 35.60794 ], [ 139.668253, 35.607887 ], [ 139.668162, 35.607168 ], [ 139.668106, 35.606542 ] ] ] } },
{ "type": "Feature", "properties": { "key": "目黒区|自由が丘3丁目", "ward": "目黒区", "town": "自由が丘３丁目" }, "geometry": { "type": "Polygon", "coordinates": [ [ [ 139.664547, 35.613795 ], [ 139.66471, 35.613802 ], [ 139.66498, 35.613821 ], [ 139.665399, 35.613849 ], [ 139.665443, 35.613477 ], [ 139.665492, 35.61306 ], [ 139.665572, 35.612399 ], [ 139.665668, 35.611715 ], [ 139.665673, 35.610889 ], [ 139.665691, 35.610329 ], [ 139.66569, 35.609607 ], [ 139.665654, 35.609231 ], [ 139.665615, 35.60897 ], [ 139.665549, 35.608459 ], [ 139.665518, 35.608162 ], [ 139.665471, 35.607799 ], [ 139.665442, 35.607574 ], [ 139.665401, 35.607259 ], [ 139.664947, 35.607535 ], [ 139.664867, 35.607583 ], [ 139.664461, 35.607821 ], [ 139.663591, 35.608349 ], [ 139.663307, 35.608518 ], [ 139.66345, 35.608974 ], [ 139.663167, 35.609041 ], [ 139.663206, 35.609161 ], [ 139.663046, 35.609193 ], [ 139.663053, 35.609272 ], [ 139.663255, 35.609269 ], [ 139.663328, 35.609516 ], [ 139.663414, 35.609511 ], [ 139.663504, 35.609765 ], [ 139.66401, 35.609655 ], [ 139.664018, 35.609653 ], [ 139.664009, 35.609857 ], [ 139.663859, 35.609966 ], [ 139.663302, 35.61056 ], [ 139.663299, 35.610615 ], [ 139.663241, 35.610742 ], [ 139.663173, 35.610841 ], [ 139.663166, 35.610866 ], [ 139.663174, 35.611244 ], [ 139.663263, 35.611248 ], [ 139.663261, 35.611443 ], [ 139.663274, 35.611534 ], [ 139.663289, 35.611555 ], [ 139.663456, 35.611641 ], [ 139.66348, 35.611773 ], [ 139.663239, 35.611788 ], [ 139.663161, 35.611842 ], [ 139.663102, 35.611882 ], [ 139.663059, 35.611858 ], [ 139.663016, 35.61179 ], [ 139.662839, 35.6118 ], [ 139.662821, 35.611916 ], [ 139.662845, 35.611917 ], [ 139.662852, 35.612063 ], [ 139.662671, 35.61207 ], [ 139.66271, 35.612093 ], [ 139.662899, 35.612211 ], [ 139.662905, 35.612283 ], [ 139.662987, 35.612283 ], [ 139.663098, 35.612283 ], [ 139.663101, 35.612338 ], [ 139.663222, 35.612415 ], [ 139.663329, 35.612527 ], [ 139.663167, 35.612527 ], [ 139.662651, 35.612527 ], [ 139.662726, 35.612945 ], [ 139.662766, 35.613362 ], [ 139.662803, 35.613767 ], [ 139.662834, 35.613858 ], [ 139.663252, 35.613843 ], [ 139.663739, 35.613823 ], [ 139.664547, 35.613795 ] ] ] } },
{ "type": "Feature", "properties": { "key": "目黒区|中根1丁目", "ward": "目黒区", "town": "中根１丁目" }, "geometry": { "type": "Polygon", "coordinates": [ [ [ 139.676276, 35.617483 ], [ 139.676256, 35.617488 ], [ 139.67596, 35.617174 ], [ 139.675951, 35.617123 ], [ 139.675925, 35.617138 ], [ 139.675726, 35.616913 ], [ 139.675615, 35.616783 ], [ 139.675143, 35.616278 ], [ 139.674444, 35.615517 ], [ 139.674283, 35.615334 ], [ 139.673769, 35.614785 ], [ 139.673522, 35.614505 ], [ 139.673286, 35.614298 ], [ 139.67309, 35.614095 ], [ 139.673041, 35.614074 ], [ 139.672921, 35.613941 ], [ 139.672259, 35.613202 ], [ 139.672125, 35.613027 ], [ 139.671906, 35.613085 ], [ 139.671755, 35.613129 ], [ 139.671236, 35.61328 ], [ 139.670973, 35.613355 ], [ 139.670819, 35.613401 ], [ 139.670304, 35.613555 ], [ 139.669874, 35.613662 ], [ 139.669532, 35.613733 ], [ 139.669286, 35.61377 ], [ 139.669086, 35.613786 ], [ 139.66866, 35.613807 ], [ 139.668224, 35.61387 ], [ 139.66805, 35.613907 ], [ 139.667689, 35.613995 ], [ 139.66766, 35.614003 ], [ 139.667496, 35.614105 ], [ 139.66819, 35.614379 ], [ 139.668518, 35.61451 ], [ 139.66898, 35.614695 ], [ 139.669106, 35.614742 ], [ 139.669703, 35.614963 ], [ 139.669751, 35.614982 ], [ 139.670041, 35.615104 ], [ 139.670357, 35.615237 ], [ 139.670722, 35.61539 ], [ 139.670925, 35.615493 ], [ 139.67163, 35.615934 ], [ 139.672369, 35.616421 ], [ 139.672394, 35.616437 ], [ 139.672588, 35.616564 ], [ 139.672706, 35.61664 ], [ 139.673393, 35.617084 ], [ 139.67344, 35.617113 ], [ 139.673642, 35.61724 ], [ 139.673904, 35.617405 ], [ 139.673945, 35.617431 ], [ 139.674135, 35.61755 ], [ 139.674473, 35.617738 ], [ 139.674655, 35.617859 ], [ 139.674838, 35.617966 ], [ 139.675242, 35.618167 ], [ 139.675464, 35.618239 ], [ 139.675581, 35.618299 ], [ 139.675699, 35.618322 ], [ 139.676452, 35.618635 ], [ 139.676922, 35.618838 ], [ 139.676917, 35.618846 ], [ 139.677167, 35.618953 ], [ 139.677514, 35.619093 ], [ 139.677753, 35.619171 ], [ 139.677351, 35.618719 ], [ 139.677294, 35.618655 ], [ 139.677032, 35.61832 ], [ 139.676276, 35.617483 ] ] ] } },
{ "type": "Feature", "properties": { "key": "目黒区|中根2丁目", "ward": "目黒区", "town": "中根２丁目" }, "geometry": { "type": "Polygon", "coordinates": [ [ [ 139.676308, 35.612265 ], [ 139.675969, 35.612294 ], [ 139.675565, 35.61239 ], [ 139.675051, 35.61248 ], [ 139.674066, 35.612662 ], [ 139.673757, 35.612712 ], [ 139.673296, 35.612803 ], [ 139.672787, 35.612901 ], [ 139.672259, 35.613004 ], [ 139.672125, 35.613027 ], [ 139.672259, 35.613202 ], [ 139.672921, 35.613941 ], [ 139.673041, 35.614074 ], [ 139.67309, 35.614095 ], [ 139.673286, 35.614298 ], [ 139.673522, 35.614505 ], [ 139.673769, 35.614785 ], [ 139.674283, 35.615334 ], [ 139.674444, 35.615517 ], [ 139.675143, 35.616278 ], [ 139.675615, 35.616783 ], [ 139.675726, 35.616913 ], [ 139.675925, 35.617138 ], [ 139.675951, 35.617123 ], [ 139.676657, 35.616682 ], [ 139.676996, 35.616472 ], [ 139.677344, 35.616269 ], [ 139.677503, 35.616161 ], [ 139.677636, 35.616051 ], [ 139.67778, 35.615869 ], [ 139.677854, 35.615732 ], [ 139.678048, 35.615265 ], [ 139.678183, 35.614959 ], [ 139.678483, 35.614235 ], [ 139.678587, 35.61396 ], [ 139.67863, 35.613838 ], [ 139.678742, 35.613527 ], [ 139.678923, 35.613018 ], [ 139.67846, 35.612904 ], [ 139.677815, 35.61275 ], [ 139.677451, 35.612649 ], [ 139.67692, 35.612459 ], [ 139.676635, 35.612336 ], [ 139.676308, 35.612265 ] ] ] } },
{ "type": "Feature", "properties": { "key": "目黒区|柿の木坂1丁目", "ward": "目黒区", "town": "柿の木坂１丁目" }, "geometry": { "type": "Polygon", "coordinates": [ [ [ 139.675464, 35.618239 ], [ 139.674945, 35.618768 ], [ 139.674886, 35.618829 ], [ 139.674668, 35.619524 ], [ 139.674422, 35.620331 ], [ 139.674306, 35.620495 ], [ 139.673959, 35.621391 ], [ 139.67355, 35.622431 ], [ 139.673931, 35.622509 ], [ 139.67398, 35.622519 ], [ 139.674482, 35.62263 ], [ 139.674987, 35.622737 ], [ 139.675186, 35.622779 ], [ 139.67565, 35.622883 ], [ 139.676099, 35.623007 ], [ 139.676392, 35.623101 ], [ 139.677006, 35.6233 ], [ 139.677017, 35.623303 ], [ 139.677501, 35.623448 ], [ 139.677879, 35.623581 ], [ 139.678163, 35.623635 ], [ 139.678817, 35.623732 ], [ 139.679012, 35.623768 ], [ 139.679017, 35.623759 ], [ 139.679147, 35.623452 ], [ 139.679386, 35.622985 ], [ 139.679395, 35.622951 ], [ 139.67951, 35.622674 ], [ 139.67966, 35.622259 ], [ 139.679717, 35.6221 ], [ 139.679842, 35.621727 ], [ 139.67992, 35.621526 ], [ 139.680103, 35.62108 ], [ 139.680156, 35.620952 ], [ 139.680216, 35.620806 ], [ 139.680393, 35.620375 ], [ 139.680228, 35.620295 ], [ 139.680157, 35.620261 ], [ 139.680119, 35.62024 ], [ 139.679736, 35.620032 ], [ 139.679535, 35.61994 ], [ 139.678893, 35.619627 ], [ 139.678821, 35.619588 ], [ 139.678089, 35.619277 ], [ 139.677868, 35.619207 ], [ 139.677753, 35.619171 ], [ 139.677514, 35.619093 ], [ 139.677167, 35.618953 ], [ 139.676917, 35.618846 ], [ 139.676922, 35.618838 ], [ 139.676452, 35.618635 ], [ 139.675699, 35.618322 ], [ 139.675581, 35.618299 ], [ 139.675464, 35.618239 ] ] ] } },
{ "type": "Feature", "properties": { "key": "目黒区|柿の木坂2丁目", "ward": "目黒区", "town": "柿の木坂２丁目" }, "geometry": { "type": "Polygon", "coordinates": [ [ [ 139.678301, 35.625295 ], [ 139.678196, 35.625317 ], [ 139.678323, 35.625085 ], [ 139.678587, 35.624623 ], [ 139.678596, 35.624603 ], [ 139.679012, 35.623768 ], [ 139.678817, 35.623732 ], [ 139.678163, 35.623635 ], [ 139.677879, 35.623581 ], [ 139.677501, 35.623448 ], [ 139.677017, 35.623303 ], [ 139.677006, 35.6233 ], [ 139.676392, 35.623101 ], [ 139.676099, 35.623007 ], [ 139.67565, 35.622883 ], [ 139.675186, 35.622779 ], [ 139.674987, 35.622737 ], [ 139.674482, 35.62263 ], [ 139.67398, 35.622519 ], [ 139.673931, 35.622509 ], [ 139.67355, 35.622431 ], [ 139.673546, 35.622466 ], [ 139.67344, 35.622761 ], [ 139.673414, 35.622836 ], [ 139.673242, 35.62332 ], [ 139.672958, 35.624141 ], [ 139.672704, 35.624859 ], [ 139.672694, 35.624884 ], [ 139.672538, 35.62533 ], [ 139.672443, 35.6256 ], [ 139.672195, 35.626351 ], [ 139.673091, 35.626581 ], [ 139.673537, 35.626692 ], [ 139.674161, 35.626846 ], [ 139.674933, 35.627043 ], [ 139.675238, 35.627119 ], [ 139.675726, 35.62727 ], [ 139.676578, 35.627476 ], [ 139.676797, 35.627324 ], [ 139.677092, 35.627056 ], [ 139.6772, 35.626936 ], [ 139.677394, 35.626662 ], [ 139.677476, 35.626543 ], [ 139.677667, 35.626264 ], [ 139.67781, 35.626056 ], [ 139.67787, 35.625964 ], [ 139.678211, 35.62544 ], [ 139.678237, 35.625396 ], [ 139.678301, 35.625295 ] ] ] } },
{ "type": "Feature", "properties": { "key": "目黒区|柿の木坂3丁目", "ward": "目黒区", "town": "柿の木坂３丁目" }, "geometry": { "type": "Polygon", "coordinates": [ [ [ 139.672195, 35.626351 ], [ 139.672036, 35.626824 ], [ 139.671884, 35.627277 ], [ 139.671663, 35.627948 ], [ 139.671685, 35.628187 ], [ 139.671685, 35.628212 ], [ 139.671841, 35.628679 ], [ 139.671928, 35.628972 ], [ 139.671998, 35.629182 ], [ 139.672117, 35.629416 ], [ 139.672154, 35.629475 ], [ 139.672386, 35.629723 ], [ 139.672505, 35.629651 ], [ 139.672774, 35.629495 ], [ 139.673091, 35.629335 ], [ 139.673399, 35.62918 ], [ 139.673852, 35.628952 ], [ 139.674293, 35.62873 ], [ 139.674375, 35.628689 ], [ 139.674906, 35.62842 ], [ 139.675206, 35.628253 ], [ 139.675756, 35.627947 ], [ 139.676126, 35.62774 ], [ 139.676223, 35.627686 ], [ 139.676447, 35.627559 ], [ 139.676578, 35.627476 ], [ 139.675726, 35.62727 ], [ 139.675238, 35.627119 ], [ 139.674933, 35.627043 ], [ 139.674161, 35.626846 ], [ 139.673537, 35.626692 ], [ 139.673091, 35.626581 ], [ 139.672195, 35.626351 ] ] ] } },
{ "type": "Feature", "properties": { "key": "目黒区|八雲1丁目", "ward": "目黒区", "town": "八雲１丁目" }, "geometry": { "type": "Polygon", "coordinates": [ [ [ 139.673959, 35.621391 ], [ 139.674306, 35.620495 ], [ 139.674422, 35.620331 ], [ 139.674668, 35.619524 ], [ 139.674886, 35.618829 ], [ 139.674945, 35.618768 ], [ 139.675464, 35.618239 ], [ 139.675242, 35.618167 ], [ 139.674838, 35.617966 ], [ 139.674655, 35.617859 ], [ 139.674473, 35.617738 ], [ 139.674135, 35.61755 ], [ 139.673945, 35.617431 ], [ 139.673904, 35.617405 ], [ 139.673642, 35.61724 ], [ 139.67344, 35.617113 ], [ 139.673393, 35.617084 ], [ 139.672706, 35.61664 ], [ 139.672588, 35.616564 ], [ 139.672394, 35.616437 ], [ 139.672369, 35.616421 ], [ 139.672264, 35.616753 ], [ 139.672216, 35.616828 ], [ 139.67193, 35.617238 ], [ 139.671708, 35.61754 ], [ 139.671896, 35.617689 ], [ 139.671968, 35.617767 ], [ 139.672141, 35.617996 ], [ 139.671697, 35.618561 ], [ 139.671692, 35.618562 ], [ 139.67154, 35.618879 ], [ 139.671451, 35.61911 ], [ 139.671407, 35.619224 ], [ 139.671016, 35.619649 ], [ 139.670639, 35.620569 ], [ 139.67025, 35.621569 ], [ 139.670242, 35.621573 ], [ 139.6711, 35.621805 ], [ 139.671106, 35.621797 ], [ 139.671787, 35.621987 ], [ 139.672652, 35.622203 ], [ 139.673092, 35.622315 ], [ 139.67355, 35.622431 ], [ 139.673959, 35.621391 ] ] ] } },
{ "type": "Feature", "properties": { "key": "目黒区|八雲2丁目", "ward": "目黒区", "town": "八雲２丁目" }, "geometry": { "type": "Polygon", "coordinates": [ [ [ 139.669703, 35.614963 ], [ 139.669579, 35.615228 ], [ 139.669512, 35.615377 ], [ 139.669425, 35.615569 ], [ 139.669422, 35.615575 ], [ 139.669215, 35.616029 ], [ 139.668996, 35.616511 ], [ 139.668993, 35.616519 ], [ 139.668778, 35.61697 ], [ 139.668773, 35.61698 ], [ 139.668492, 35.617592 ], [ 139.668488, 35.617601 ], [ 139.668194, 35.618222 ], [ 139.667878, 35.61892 ], [ 139.667877, 35.618923 ], [ 139.667504, 35.619709 ], [ 139.667133, 35.6205 ], [ 139.667863, 35.620752 ], [ 139.667922, 35.620772 ], [ 139.668552, 35.620991 ], [ 139.669318, 35.621255 ], [ 139.670242, 35.621573 ], [ 139.67025, 35.621569 ], [ 139.670639, 35.620569 ], [ 139.671016, 35.619649 ], [ 139.671407, 35.619224 ], [ 139.671451, 35.61911 ], [ 139.67154, 35.618879 ], [ 139.671692, 35.618562 ], [ 139.671697, 35.618561 ], [ 139.672141, 35.617996 ], [ 139.671968, 35.617767 ], [ 139.671896, 35.617689 ], [ 139.671708, 35.61754 ], [ 139.67193, 35.617238 ], [ 139.672216, 35.616828 ], [ 139.672264, 35.616753 ], [ 139.672369, 35.616421 ], [ 139.67163, 35.615934 ], [ 139.670925, 35.615493 ], [ 139.670722, 35.61539 ], [ 139.670357, 35.615237 ], [ 139.670041, 35.615104 ], [ 139.669751, 35.614982 ], [ 139.669703, 35.614963 ] ] ] } },
{ "type": "Feature", "properties": { "key": "目黒区|八雲3丁目", "ward": "目黒区", "town": "八雲３丁目" }, "geometry": { "type": "Polygon", "coordinates": [ [ [ 139.669703, 35.614963 ], [ 139.669106, 35.614742 ], [ 139.66898, 35.614695 ], [ 139.668518, 35.61451 ], [ 139.66819, 35.614379 ], [ 139.667496, 35.614105 ], [ 139.667392, 35.61408 ], [ 139.667036, 35.613994 ], [ 139.666481, 35.613924 ], [ 139.665399, 35.613849 ], [ 139.66498, 35.613821 ], [ 139.66471, 35.613802 ], [ 139.664547, 35.613795 ], [ 139.663739, 35.613823 ], [ 139.663252, 35.613843 ], [ 139.662834, 35.613858 ], [ 139.662845, 35.613979 ], [ 139.662907, 35.614268 ], [ 139.662943, 35.614489 ], [ 139.662964, 35.614532 ], [ 139.663065, 35.615061 ], [ 139.663204, 35.615048 ], [ 139.663206, 35.615079 ], [ 139.663213, 35.61517 ], [ 139.66322, 35.615353 ], [ 139.663326, 35.615452 ], [ 139.663327, 35.615571 ], [ 139.663338, 35.615646 ], [ 139.663614, 35.615756 ], [ 139.663773, 35.615758 ], [ 139.664055, 35.615859 ], [ 139.664021, 35.615998 ], [ 139.664002, 35.616178 ], [ 139.664092, 35.616212 ], [ 139.664248, 35.616382 ], [ 139.664572, 35.616437 ], [ 139.664546, 35.616573 ], [ 139.664519, 35.616663 ], [ 139.664516, 35.616675 ], [ 139.664509, 35.6167 ], [ 139.664497, 35.616744 ], [ 139.66449, 35.616772 ], [ 139.664578, 35.61679 ], [ 139.664742, 35.616831 ], [ 139.664375, 35.617434 ], [ 139.6645, 35.617694 ], [ 139.664797, 35.618377 ], [ 139.66557, 35.618493 ], [ 139.666384, 35.618584 ], [ 139.666279, 35.619199 ], [ 139.666203, 35.619372 ], [ 139.666113, 35.619579 ], [ 139.66609, 35.619629 ], [ 139.666011, 35.619802 ], [ 139.665993, 35.61984 ], [ 139.665857, 35.620059 ], [ 139.666253, 35.6202 ], [ 139.666825, 35.620395 ], [ 139.667133, 35.6205 ], [ 139.667504, 35.619709 ], [ 139.667877, 35.618923 ], [ 139.667878, 35.61892 ], [ 139.668194, 35.618222 ], [ 139.668488, 35.617601 ], [ 139.668492, 35.617592 ], [ 139.668773, 35.61698 ], [ 139.668778, 35.61697 ], [ 139.668993, 35.616519 ], [ 139.668996, 35.616511 ], [ 139.669215, 35.616029 ], [ 139.669422, 35.615575 ], [ 139.669425, 35.615569 ], [ 139.669512, 35.615377 ], [ 139.669579, 35.615228 ], [ 139.669703, 35.614963 ] ] ] } },
{ "type": "Feature", "properties": { "key": "目黒区|八雲4丁目", "ward": "目黒区", "town": "八雲４丁目" }, "geometry": { "type": "Polygon", "coordinates": [ [ [ 139.671106, 35.621797 ], [ 139.6711, 35.621805 ], [ 139.670242, 35.621573 ], [ 139.669991, 35.622474 ], [ 139.669741, 35.623299 ], [ 139.669407, 35.624063 ], [ 139.669132, 35.624695 ], [ 139.668989, 35.624986 ], [ 139.66875, 35.625473 ], [ 139.669465, 35.625655 ], [ 139.669484, 35.62566 ], [ 139.670292, 35.625868 ], [ 139.670304, 35.625871 ], [ 139.671134, 35.626079 ], [ 139.671819, 35.626254 ], [ 139.671824, 35.626255 ], [ 139.672195, 35.626351 ], [ 139.672443, 35.6256 ], [ 139.672538, 35.62533 ], [ 139.672694, 35.624884 ], [ 139.672704, 35.624859 ], [ 139.672958, 35.624141 ], [ 139.673242, 35.62332 ], [ 139.673414, 35.622836 ], [ 139.67344, 35.622761 ], [ 139.673546, 35.622466 ], [ 139.67355, 35.622431 ], [ 139.673092, 35.622315 ], [ 139.672652, 35.622203 ], [ 139.671787, 35.621987 ], [ 139.671106, 35.621797 ] ] ] } },
{ "type": "Feature", "properties": { "key": "目黒区|八雲5丁目", "ward": "目黒区", "town": "八雲５丁目" }, "geometry": { "type": "Polygon", "coordinates": [ [ [ 139.669407, 35.624063 ], [ 139.669741, 35.623299 ], [ 139.669991, 35.622474 ], [ 139.670242, 35.621573 ], [ 139.669318, 35.621255 ], [ 139.668552, 35.620991 ], [ 139.667922, 35.620772 ], [ 139.667863, 35.620752 ], [ 139.667133, 35.6205 ], [ 139.666825, 35.620395 ], [ 139.666253, 35.6202 ], [ 139.665857, 35.620059 ], [ 139.665714, 35.620397 ], [ 139.665853, 35.620852 ], [ 139.666355, 35.620833 ], [ 139.666437, 35.620895 ], [ 139.666086, 35.62122 ], [ 139.666019, 35.62137 ], [ 139.665769, 35.621543 ], [ 139.665763, 35.621559 ], [ 139.665872, 35.621656 ], [ 139.665909, 35.62166 ], [ 139.665944, 35.621663 ], [ 139.665955, 35.621666 ], [ 139.666085, 35.621769 ], [ 139.665916, 35.621911 ], [ 139.665647, 35.621843 ], [ 139.665558, 35.622061 ], [ 139.665479, 35.622246 ], [ 139.665325, 35.622583 ], [ 139.665313, 35.622606 ], [ 139.665165, 35.622592 ], [ 139.664726, 35.622939 ], [ 139.664625, 35.623045 ], [ 139.66452, 35.62321 ], [ 139.664321, 35.623543 ], [ 139.663897, 35.624271 ], [ 139.66487, 35.624531 ], [ 139.664906, 35.624518 ], [ 139.665016, 35.624548 ], [ 139.66551, 35.624679 ], [ 139.665875, 35.624739 ], [ 139.665888, 35.624742 ], [ 139.666807, 35.624976 ], [ 139.667793, 35.625228 ], [ 139.668729, 35.625467 ], [ 139.668722, 35.625477 ], [ 139.66875, 35.625473 ], [ 139.668989, 35.624986 ], [ 139.669132, 35.624695 ], [ 139.669407, 35.624063 ] ] ] } },
{ "type": "Feature", "properties": { "key": "目黒区|東が丘1丁目", "ward": "目黒区", "town": "東が丘１丁目" }, "geometry": { "type": "Polygon", "coordinates": [ [ [ 139.671884, 35.627277 ], [ 139.672036, 35.626824 ], [ 139.672195, 35.626351 ], [ 139.671824, 35.626255 ], [ 139.671819, 35.626254 ], [ 139.671134, 35.626079 ], [ 139.670304, 35.625871 ], [ 139.670292, 35.625868 ], [ 139.669484, 35.62566 ], [ 139.669465, 35.625655 ], [ 139.66875, 35.625473 ], [ 139.668722, 35.625477 ], [ 139.668457, 35.625856 ], [ 139.668142, 35.626318 ], [ 139.668081, 35.626319 ], [ 139.667813, 35.626729 ], [ 139.667655, 35.626957 ], [ 139.667552, 35.62712 ], [ 139.667559, 35.627149 ], [ 139.667575, 35.627221 ], [ 139.667576, 35.627227 ], [ 139.667346, 35.627581 ], [ 139.667335, 35.627598 ], [ 139.66732, 35.62762 ], [ 139.667301, 35.627612 ], [ 139.667164, 35.627557 ], [ 139.66715, 35.627625 ], [ 139.667121, 35.627773 ], [ 139.667046, 35.628155 ], [ 139.666987, 35.628455 ], [ 139.66698, 35.628493 ], [ 139.666518, 35.628573 ], [ 139.666489, 35.628613 ], [ 139.666217, 35.628987 ], [ 139.666153, 35.629073 ], [ 139.666049, 35.629214 ], [ 139.665644, 35.629769 ], [ 139.665625, 35.629788 ], [ 139.665196, 35.630371 ], [ 139.664819, 35.630936 ], [ 139.664677, 35.631372 ], [ 139.664578, 35.631702 ], [ 139.664583, 35.631872 ], [ 139.664617, 35.631989 ], [ 139.664963, 35.631888 ], [ 139.6652, 35.63182 ], [ 139.66575, 35.631664 ], [ 139.66625, 35.631591 ], [ 139.666288, 35.631585 ], [ 139.666472, 35.631529 ], [ 139.666708, 35.631458 ], [ 139.667144, 35.631328 ], [ 139.667358, 35.631301 ], [ 139.667727, 35.63126 ], [ 139.668068, 35.631134 ], [ 139.668732, 35.630857 ], [ 139.669172, 35.630755 ], [ 139.669239, 35.63074 ], [ 139.669478, 35.630689 ], [ 139.669679, 35.630629 ], [ 139.669906, 35.630559 ], [ 139.669931, 35.630551 ], [ 139.670032, 35.630521 ], [ 139.670403, 35.630413 ], [ 139.670653, 35.63032 ], [ 139.670767, 35.630277 ], [ 139.67093, 35.630216 ], [ 139.671378, 35.630064 ], [ 139.671461, 35.630036 ], [ 139.671907, 35.629896 ], [ 139.671932, 35.629888 ], [ 139.672157, 35.629881 ], [ 139.672386, 35.629723 ], [ 139.672154, 35.629475 ], [ 139.672117, 35.629416 ], [ 139.671998, 35.629182 ], [ 139.671928, 35.628972 ], [ 139.671841, 35.628679 ], [ 139.671685, 35.628212 ], [ 139.671685, 35.628187 ], [ 139.671663, 35.627948 ], [ 139.671884, 35.627277 ] ] ] } },
{ "type": "Feature", "properties": { "key": "目黒区|東が丘2丁目", "ward": "目黒区", "town": "東が丘２丁目" }, "geometry": { "type": "Polygon", "coordinates": [ [ [ 139.667164, 35.627557 ], [ 139.667301, 35.627612 ], [ 139.66732, 35.62762 ], [ 139.667335, 35.627598 ], [ 139.667346, 35.627581 ], [ 139.667576, 35.627227 ], [ 139.667575, 35.627221 ], [ 139.667559, 35.627149 ], [ 139.667552, 35.62712 ], [ 139.667655, 35.626957 ], [ 139.667813, 35.626729 ], [ 139.668081, 35.626319 ], [ 139.668142, 35.626318 ], [ 139.668457, 35.625856 ], [ 139.668722, 35.625477 ], [ 139.668729, 35.625467 ], [ 139.667793, 35.625228 ], [ 139.666807, 35.624976 ], [ 139.665888, 35.624742 ], [ 139.665875, 35.624739 ], [ 139.66551, 35.624679 ], [ 139.665016, 35.624548 ], [ 139.664906, 35.624518 ], [ 139.66487, 35.624531 ], [ 139.663897, 35.624271 ], [ 139.663773, 35.62449 ], [ 139.663841, 35.624518 ], [ 139.663915, 35.624853 ], [ 139.663849, 35.625272 ], [ 139.663784, 35.625562 ], [ 139.663666, 35.626386 ], [ 139.663553, 35.626689 ], [ 139.663502, 35.626867 ], [ 139.663461, 35.626949 ], [ 139.663124, 35.627271 ], [ 139.663047, 35.627296 ], [ 139.662918, 35.627294 ], [ 139.662799, 35.627349 ], [ 139.662682, 35.627455 ], [ 139.661838, 35.627956 ], [ 139.662007, 35.62804 ], [ 139.662211, 35.628682 ], [ 139.662193, 35.628793 ], [ 139.662182, 35.628859 ], [ 139.662157, 35.629012 ], [ 139.662145, 35.629138 ], [ 139.662307, 35.629375 ], [ 139.662342, 35.62952 ], [ 139.662485, 35.630285 ], [ 139.662198, 35.630823 ], [ 139.661959, 35.631268 ], [ 139.66189, 35.631398 ], [ 139.661831, 35.631503 ], [ 139.661741, 35.631665 ], [ 139.661606, 35.631948 ], [ 139.662292, 35.632007 ], [ 139.662492, 35.632043 ], [ 139.662892, 35.632055 ], [ 139.663527, 35.632101 ], [ 139.663639, 35.632096 ], [ 139.664301, 35.632026 ], [ 139.664617, 35.631989 ], [ 139.664583, 35.631872 ], [ 139.664578, 35.631702 ], [ 139.664677, 35.631372 ], [ 139.664819, 35.630936 ], [ 139.665196, 35.630371 ], [ 139.665625, 35.629788 ], [ 139.665644, 35.629769 ], [ 139.666049, 35.629214 ], [ 139.666153, 35.629073 ], [ 139.666217, 35.628987 ], [ 139.666489, 35.628613 ], [ 139.666518, 35.628573 ], [ 139.66698, 35.628493 ], [ 139.666987, 35.628455 ], [ 139.667046, 35.628155 ], [ 139.667121, 35.627773 ], [ 139.66715, 35.627625 ], [ 139.667164, 35.627557 ] ] ] } }
]
}
