{
"type": "FeatureCollection",
"name": "13115",
"crs": { "type": "name", "properties": { "name": "urn:ogc:def:crs:OGC:1.3:CRS84" } },
"features": [
{ "type": "Feature", "properties": { "key": "杉並区|井草1丁目", "ward": "杉並区", "town": "井草１丁目" }, "geometry": { "type": "Polygon", "coordinates": [ [ [ 139.627379, 35.723831 ], [ 139.627422, 35.723763 ], [ 139.627518, 35.723614 ], [ 139.62625, 35.723757 ], [ 139.626146, 35.723792 ], [ 139.625628, 35.723858 ], [ 139.62413, 35.724065 ], [ 139.623973, 35.724034 ], [ 139.623873, 35.724053 ], [ 139.623849, 35.724057 ], [ 139.623114, 35.724154 ], [ 139.621537, 35.724345 ], [ 139.621506, 35.724348 ], [ 139.621514, 35.724527 ], [ 139.621554, 35.725254 ], [ 139.62159, 35.7259 ], [ 139.621645, 35.726654 ], [ 139.621657, 35.726883 ], [ 139.621687, 35.727484 ], [ 139.621708, 35.727764 ], [ 139.621732, 35.728201 ], [ 139.621757, 35.728739 ], [ 139.621798, 35.729308 ], [ 139.621809, 35.729531 ], [ 139.621824, 35.729765 ], [ 139.621837, 35.730004 ], [ 139.62185, 35.73022 ], [ 139.621864, 35.730425 ], [ 139.622513, 35.730368 ], [ 139.622744, 35.730354 ], [ 139.62292, 35.730321 ], [ 139.623072, 35.730269 ], [ 139.62332, 35.730228 ], [ 139.623326, 35.730228 ], [ 139.624102, 35.730175 ], [ 139.624108, 35.730174 ], [ 139.624432, 35.730076 ], [ 139.624311, 35.729682 ], [ 139.624247, 35.729529 ], [ 139.624372, 35.729298 ], [ 139.624384, 35.729276 ], [ 139.624676, 35.728697 ], [ 139.624682, 35.728686 ], [ 139.624837, 35.728406 ], [ 139.625035, 35.728034 ], [ 139.625214, 35.727709 ], [ 139.625422, 35.727326 ], [ 139.625678, 35.726849 ], [ 139.625883, 35.726467 ], [ 139.626046, 35.726129 ], [ 139.626145, 35.725954 ], [ 139.626316, 35.725652 ], [ 139.626609, 35.725124 ], [ 139.626844, 35.724699 ], [ 139.626852, 35.724685 ], [ 139.627034, 35.724378 ], [ 139.62712, 35.724232 ], [ 139.627212, 35.724078 ], [ 139.627379, 35.723831 ] ] ] } },
{ "type": "Feature", "properties": { "key": "杉並区|井草2丁目", "ward": "杉並区", "town": "井草２丁目" }, "geometry": { "type": "Polygon", "coordinates": [ [ [ 139.619868, 35.730191 ], [ 139.62009, 35.730299 ], [ 139.620285, 35.730365 ], [ 139.620321, 35.730367 ], [ 139.620752, 35.730423 ], [ 139.621018, 35.730448 ], [ 139.621256, 35.73045 ], [ 139.621814, 35.730427 ], [ 139.621864, 35.730425 ], [ 139.62185, 35.73022 ], [ 139.621837, 35.730004 ], [ 139.621824, 35.729765 ], [ 139.621809, 35.729531 ], [ 139.621798, 35.729308 ], [ 139.621757, 35.728739 ], [ 139.621732, 35.728201 ], [ 139.621708, 35.727764 ], [ 139.621687, 35.727484 ], [ 139.621657, 35.726883 ], [ 139.621645, 35.726654 ], [ 139.62159, 35.7259 ], [ 139.621554, 35.725254 ], [ 139.621514, 35.724527 ], [ 139.621506, 35.724348 ], [ 139.620865, 35.724412 ], [ 139.620547, 35.724448 ], [ 139.620048, 35.724488 ], [ 139.620047, 35.724468 ], [ 139.619359, 35.724518 ], [ 139.619358, 35.724523 ], [ 139.618866, 35.724547 ], [ 139.61842, 35.724563 ], [ 139.618088, 35.724578 ], [ 139.617204, 35.724619 ], [ 139.617114, 35.724628 ], [ 139.617202, 35.724628 ], [ 139.61722, 35.724821 ], [ 139.617232, 35.725028 ], [ 139.617239, 35.725241 ], [ 139.617264, 35.725534 ], [ 139.617289, 35.72592 ], [ 139.61731, 35.72624 ], [ 139.617354, 35.726926 ], [ 139.617404, 35.727667 ], [ 139.617457, 35.728404 ], [ 139.61754, 35.72865 ], [ 139.617657, 35.728963 ], [ 139.617191, 35.72925 ], [ 139.6171, 35.729321 ], [ 139.617037, 35.729393 ], [ 139.616982, 35.729523 ], [ 139.616972, 35.729647 ], [ 139.616984, 35.729834 ], [ 139.617001, 35.730032 ], [ 139.617134, 35.730045 ], [ 139.616831, 35.730546 ], [ 139.617074, 35.730634 ], [ 139.617571, 35.730816 ], [ 139.617823, 35.730926 ], [ 139.618813, 35.731146 ], [ 139.620174, 35.731439 ], [ 139.620229, 35.731453 ], [ 139.619868, 35.730191 ] ] ] } },
{ "type": "Feature", "properties": { "key": "杉並区|井草3丁目", "ward": "杉並区", "town": "井草３丁目" }, "geometry": { "type": "Polygon", "coordinates": [ [ [ 139.615863, 35.729976 ], [ 139.615912, 35.729941 ], [ 139.615856, 35.729889 ], [ 139.615821, 35.729849 ], [ 139.615889, 35.7298 ], [ 139.61591, 35.729786 ], [ 139.615958, 35.729797 ], [ 139.616277, 35.729875 ], [ 139.616727, 35.72999 ], [ 139.616945, 35.730023 ], [ 139.617001, 35.730032 ], [ 139.616984, 35.729834 ], [ 139.616972, 35.729647 ], [ 139.616982, 35.729523 ], [ 139.617037, 35.729393 ], [ 139.6171, 35.729321 ], [ 139.617191, 35.72925 ], [ 139.617657, 35.728963 ], [ 139.61754, 35.72865 ], [ 139.617457, 35.728404 ], [ 139.617404, 35.727667 ], [ 139.617354, 35.726926 ], [ 139.61731, 35.72624 ], [ 139.617289, 35.72592 ], [ 139.617264, 35.725534 ], [ 139.617239, 35.725241 ], [ 139.617232, 35.725028 ], [ 139.61722, 35.724821 ], [ 139.617202, 35.724628 ], [ 139.617114, 35.724628 ], [ 139.616693, 35.724675 ], [ 139.616412, 35.724712 ], [ 139.616378, 35.724691 ], [ 139.616265, 35.724699 ], [ 139.616096, 35.724711 ], [ 139.616078, 35.724735 ], [ 139.615399, 35.724778 ], [ 139.614542, 35.724813 ], [ 139.61434, 35.724816 ], [ 139.614049, 35.724812 ], [ 139.613576, 35.724823 ], [ 139.61358, 35.724992 ], [ 139.613602, 35.725234 ], [ 139.613612, 35.725706 ], [ 139.613653, 35.726425 ], [ 139.613653, 35.726432 ], [ 139.613688, 35.727138 ], [ 139.613722, 35.727859 ], [ 139.613723, 35.727863 ], [ 139.61375, 35.728582 ], [ 139.613753, 35.728593 ], [ 139.613777, 35.729007 ], [ 139.613793, 35.72927 ], [ 139.613794, 35.72928 ], [ 139.613798, 35.729301 ], [ 139.61366, 35.729573 ], [ 139.613511, 35.729536 ], [ 139.613491, 35.729591 ], [ 139.613624, 35.729627 ], [ 139.613941, 35.729727 ], [ 139.614243, 35.729823 ], [ 139.614528, 35.729912 ], [ 139.614546, 35.729918 ], [ 139.614662, 35.72995 ], [ 139.615104, 35.730073 ], [ 139.615314, 35.730137 ], [ 139.615383, 35.730118 ], [ 139.615403, 35.730104 ], [ 139.615449, 35.73012 ], [ 139.615482, 35.730079 ], [ 139.615737, 35.730147 ], [ 139.615863, 35.729976 ] ] ] } },
{ "type": "Feature", "properties": { "key": "杉並区|井草4丁目", "ward": "杉並区", "town": "井草４丁目" }, "geometry": { "type": "Polygon", "coordinates": [ [ [ 139.613576, 35.724823 ], [ 139.612426, 35.724862 ], [ 139.612415, 35.724862 ], [ 139.611358, 35.724909 ], [ 139.611032, 35.724922 ], [ 139.610862, 35.724929 ], [ 139.609878, 35.724959 ], [ 139.609802, 35.725176 ], [ 139.609703, 35.725464 ], [ 139.609527, 35.725926 ], [ 139.609277, 35.726637 ], [ 139.609019, 35.727331 ], [ 139.609005, 35.727356 ], [ 139.608938, 35.727541 ], [ 139.608837, 35.727823 ], [ 139.60874, 35.728091 ], [ 139.608703, 35.728183 ], [ 139.609059, 35.728365 ], [ 139.609215, 35.72842 ], [ 139.609444, 35.7285 ], [ 139.609603, 35.728556 ], [ 139.609747, 35.728587 ], [ 139.609806, 35.7286 ], [ 139.610238, 35.728695 ], [ 139.610611, 35.728777 ], [ 139.610643, 35.728783 ], [ 139.611745, 35.729083 ], [ 139.611836, 35.729108 ], [ 139.612331, 35.729235 ], [ 139.613093, 35.729431 ], [ 139.613252, 35.729472 ], [ 139.613511, 35.729536 ], [ 139.61366, 35.729573 ], [ 139.613798, 35.729301 ], [ 139.613794, 35.72928 ], [ 139.613793, 35.72927 ], [ 139.613777, 35.729007 ], [ 139.613753, 35.728593 ], [ 139.61375, 35.728582 ], [ 139.613723, 35.727863 ], [ 139.613722, 35.727859 ], [ 139.613688, 35.727138 ], [ 139.613653, 35.726432 ], [ 139.613653, 35.726425 ], [ 139.613612, 35.725706 ], [ 139.613602, 35.725234 ], [ 139.61358, 35.724992 ], [ 139.613576, 35.724823 ] ] ] } },
{ "type": "Feature", "properties": { "key": "杉並区|井草5丁目", "ward": "杉並区", "town": "井草５丁目" }, "geometry": { "type": "Polygon", "coordinates": [ [ [ 139.609802, 35.725176 ], [ 139.609878, 35.724959 ], [ 139.608712, 35.725022 ], [ 139.608244, 35.725047 ], [ 139.60824, 35.725047 ], [ 139.606508, 35.725125 ], [ 139.6065, 35.725146 ], [ 139.604781, 35.725207 ], [ 139.603865, 35.725258 ], [ 139.60378, 35.725381 ], [ 139.603696, 35.725386 ], [ 139.603683, 35.725323 ], [ 139.601924, 35.725417 ], [ 139.601873, 35.725572 ], [ 139.601794, 35.725773 ], [ 139.60186, 35.725794 ], [ 139.602216, 35.725906 ], [ 139.602663, 35.726095 ], [ 139.602908, 35.726198 ], [ 139.603457, 35.726446 ], [ 139.60372, 35.726563 ], [ 139.603862, 35.726626 ], [ 139.603924, 35.726653 ], [ 139.604154, 35.726754 ], [ 139.604224, 35.726784 ], [ 139.604344, 35.726836 ], [ 139.604348, 35.726838 ], [ 139.605072, 35.727063 ], [ 139.605891, 35.727262 ], [ 139.606026, 35.727295 ], [ 139.606155, 35.727326 ], [ 139.607062, 35.727562 ], [ 139.607317, 35.727628 ], [ 139.607479, 35.72767 ], [ 139.607663, 35.727718 ], [ 139.60798, 35.727826 ], [ 139.608296, 35.727934 ], [ 139.60851, 35.728084 ], [ 139.6086, 35.72813 ], [ 139.608703, 35.728183 ], [ 139.60874, 35.728091 ], [ 139.608837, 35.727823 ], [ 139.608938, 35.727541 ], [ 139.609005, 35.727356 ], [ 139.609019, 35.727331 ], [ 139.609277, 35.726637 ], [ 139.609527, 35.725926 ], [ 139.609703, 35.725464 ], [ 139.609802, 35.725176 ] ] ] } },
{ "type": "Feature", "properties": { "key": "杉並区|上井草1丁目", "ward": "杉並区", "town": "上井草１丁目" }, "geometry": { "type": "Polygon", "coordinates": [ [ [ 139.614049, 35.724812 ], [ 139.61434, 35.724816 ], [ 139.614322, 35.724453 ], [ 139.614321, 35.724447 ], [ 139.614251, 35.723378 ], [ 139.614256, 35.723374 ], [ 139.614236, 35.72282 ], [ 139.614214, 35.722542 ], [ 139.614206, 35.722343 ], [ 139.614199, 35.722182 ], [ 139.614199, 35.722177 ], [ 139.61419, 35.721803 ], [ 139.614162, 35.721217 ], [ 139.614147, 35.720967 ], [ 139.614145, 35.720934 ], [ 139.614141, 35.720857 ], [ 139.614137, 35.720762 ], [ 139.614122, 35.72037 ], [ 139.614122, 35.720356 ], [ 139.614094, 35.719654 ], [ 139.614102, 35.719575 ], [ 139.614083, 35.719112 ], [ 139.614083, 35.7191 ], [ 139.613434, 35.7191 ], [ 139.61338, 35.719101 ], [ 139.612427, 35.719101 ], [ 139.611666, 35.71911 ], [ 139.611501, 35.719112 ], [ 139.610856, 35.719112 ], [ 139.610755, 35.719874 ], [ 139.610682, 35.72047 ], [ 139.610598, 35.721227 ], [ 139.610519, 35.721889 ], [ 139.610445, 35.722584 ], [ 139.610365, 35.723296 ], [ 139.610338, 35.723569 ], [ 139.610306, 35.723796 ], [ 139.610236, 35.724001 ], [ 139.610174, 35.72419 ], [ 139.609988, 35.724672 ], [ 139.609878, 35.724959 ], [ 139.610862, 35.724929 ], [ 139.611032, 35.724922 ], [ 139.611358, 35.724909 ], [ 139.612415, 35.724862 ], [ 139.612426, 35.724862 ], [ 139.613576, 35.724823 ], [ 139.614049, 35.724812 ] ] ] } },
{ "type": "Feature", "properties": { "key": "杉並区|上井草2丁目", "ward": "杉並区", "town": "上井草２丁目" }, "geometry": { "type": "Polygon", "coordinates": [ [ [ 139.610445, 35.722584 ], [ 139.610519, 35.721889 ], [ 139.610598, 35.721227 ], [ 139.610682, 35.72047 ], [ 139.610755, 35.719874 ], [ 139.610856, 35.719112 ], [ 139.610837, 35.719112 ], [ 139.610257, 35.71911 ], [ 139.60983, 35.7191 ], [ 139.609815, 35.719099 ], [ 139.609318, 35.719098 ], [ 139.608853, 35.7191 ], [ 139.60858, 35.719106 ], [ 139.608546, 35.719106 ], [ 139.607308, 35.719105 ], [ 139.607266, 35.719105 ], [ 139.606887, 35.719098 ], [ 139.605959, 35.719104 ], [ 139.605851, 35.719398 ], [ 139.605805, 35.719523 ], [ 139.605782, 35.719587 ], [ 139.605631, 35.719997 ], [ 139.605508, 35.720364 ], [ 139.605511, 35.720368 ], [ 139.605411, 35.720666 ], [ 139.605388, 35.720711 ], [ 139.605113, 35.721503 ], [ 139.605128, 35.72151 ], [ 139.604862, 35.722275 ], [ 139.60482, 35.722401 ], [ 139.604697, 35.722771 ], [ 139.604694, 35.722757 ], [ 139.604527, 35.723245 ], [ 139.60439, 35.723651 ], [ 139.604288, 35.723946 ], [ 139.604308, 35.72395 ], [ 139.604104, 35.72455 ], [ 139.603972, 35.724943 ], [ 139.60397, 35.724949 ], [ 139.603865, 35.725258 ], [ 139.604781, 35.725207 ], [ 139.6065, 35.725146 ], [ 139.606508, 35.725125 ], [ 139.60824, 35.725047 ], [ 139.608244, 35.725047 ], [ 139.608712, 35.725022 ], [ 139.609878, 35.724959 ], [ 139.609988, 35.724672 ], [ 139.610174, 35.72419 ], [ 139.610236, 35.724001 ], [ 139.610306, 35.723796 ], [ 139.610338, 35.723569 ], [ 139.610365, 35.723296 ], [ 139.610445, 35.722584 ] ] ] } },
{ "type": "Feature", "properties": { "key": "杉並区|上井草3丁目", "ward": "杉並区", "town": "上井草３丁目" }, "geometry": { "type": "Polygon", "coordinates": [ [ [ 139.603683, 35.725323 ], [ 139.603696, 35.725386 ], [ 139.60378, 35.725381 ], [ 139.603865, 35.725258 ], [ 139.60397, 35.724949 ], [ 139.603972, 35.724943 ], [ 139.604104, 35.72455 ], [ 139.604308, 35.72395 ], [ 139.604288, 35.723946 ], [ 139.60439, 35.723651 ], [ 139.604527, 35.723245 ], [ 139.604694, 35.722757 ], [ 139.604697, 35.722771 ], [ 139.60482, 35.722401 ], [ 139.604862, 35.722275 ], [ 139.605128, 35.72151 ], [ 139.605113, 35.721503 ], [ 139.605388, 35.720711 ], [ 139.605411, 35.720666 ], [ 139.605511, 35.720368 ], [ 139.605508, 35.720364 ], [ 139.605631, 35.719997 ], [ 139.605782, 35.719587 ], [ 139.605805, 35.719523 ], [ 139.605851, 35.719398 ], [ 139.605959, 35.719104 ], [ 139.605192, 35.718934 ], [ 139.604359, 35.718753 ], [ 139.603477, 35.718561 ], [ 139.603196, 35.718508 ], [ 139.602807, 35.71842 ], [ 139.6028, 35.718416 ], [ 139.602441, 35.718341 ], [ 139.602428, 35.718338 ], [ 139.602004, 35.718243 ], [ 139.601968, 35.718235 ], [ 139.601511, 35.718135 ], [ 139.601137, 35.71805 ], [ 139.60113, 35.718049 ], [ 139.600773, 35.717968 ], [ 139.600389, 35.717884 ], [ 139.600181, 35.717838 ], [ 139.600161, 35.717839 ], [ 139.5998, 35.718775 ], [ 139.599762, 35.718875 ], [ 139.599703, 35.719033 ], [ 139.599291, 35.720193 ], [ 139.598851, 35.721424 ], [ 139.59842, 35.722631 ], [ 139.598243, 35.723198 ], [ 139.598615, 35.72337 ], [ 139.598725, 35.723401 ], [ 139.599159, 35.72355 ], [ 139.599285, 35.723585 ], [ 139.599445, 35.723628 ], [ 139.599764, 35.723737 ], [ 139.600009, 35.723888 ], [ 139.600224, 35.724022 ], [ 139.600884, 35.724736 ], [ 139.601132, 35.724994 ], [ 139.601449, 35.725344 ], [ 139.601468, 35.725365 ], [ 139.601801, 35.725341 ], [ 139.601949, 35.72534 ], [ 139.601924, 35.725417 ], [ 139.603683, 35.725323 ] ] ] } },
{ "type": "Feature", "properties": { "key": "杉並区|上井草4丁目", "ward": "杉並区", "town": "上井草４丁目" }, "geometry": { "type": "Polygon", "coordinates": [ [ [ 139.596674, 35.71708 ], [ 139.59622, 35.71727 ], [ 139.596025, 35.717323 ], [ 139.5956, 35.717424 ], [ 139.595283, 35.717496 ], [ 139.595031, 35.71756 ], [ 139.594499, 35.717679 ], [ 139.594196, 35.717832 ], [ 139.593918, 35.718031 ], [ 139.594417, 35.718986 ], [ 139.59472, 35.719568 ], [ 139.594759, 35.719644 ], [ 139.595034, 35.720175 ], [ 139.595109, 35.720314 ], [ 139.595198, 35.72048 ], [ 139.595447, 35.720906 ], [ 139.595545, 35.721074 ], [ 139.595667, 35.721289 ], [ 139.595736, 35.721408 ], [ 139.595819, 35.721566 ], [ 139.595815, 35.721728 ], [ 139.595773, 35.722032 ], [ 139.596003, 35.72207 ], [ 139.596196, 35.722092 ], [ 139.596601, 35.722148 ], [ 139.596752, 35.722185 ], [ 139.596928, 35.722295 ], [ 139.597113, 35.722456 ], [ 139.597338, 35.722664 ], [ 139.597556, 35.722827 ], [ 139.597689, 35.722903 ], [ 139.598243, 35.723198 ], [ 139.59842, 35.722631 ], [ 139.598851, 35.721424 ], [ 139.599291, 35.720193 ], [ 139.599703, 35.719033 ], [ 139.599762, 35.718875 ], [ 139.5998, 35.718775 ], [ 139.600161, 35.717839 ], [ 139.600181, 35.717838 ], [ 139.599495, 35.717689 ], [ 139.599061, 35.717598 ], [ 139.599052, 35.717596 ], [ 139.598882, 35.717559 ], [ 139.598163, 35.717399 ], [ 139.598141, 35.717397 ], [ 139.596918, 35.71714 ], [ 139.596674, 35.71708 ] ] ] } },
{ "type": "Feature", "properties": { "key": "杉並区|下井草1丁目", "ward": "杉並区", "town": "下井草１丁目" }, "geometry": { "type": "Polygon", "coordinates": [ [ [ 139.63582, 35.716172 ], [ 139.635695, 35.715875 ], [ 139.6357, 35.715872 ], [ 139.635563, 35.715498 ], [ 139.635516, 35.715401 ], [ 139.635438, 35.715239 ], [ 139.635367, 35.715064 ], [ 139.63534, 35.714998 ], [ 139.635208, 35.71472 ], [ 139.635129, 35.714578 ], [ 139.635032, 35.714408 ], [ 139.634869, 35.714163 ], [ 139.634307, 35.714311 ], [ 139.634137, 35.714352 ], [ 139.633778, 35.714446 ], [ 139.633614, 35.714489 ], [ 139.633461, 35.714532 ], [ 139.633043, 35.714631 ], [ 139.632999, 35.714642 ], [ 139.632943, 35.714656 ], [ 139.632614, 35.714736 ], [ 139.632245, 35.714821 ], [ 139.631995, 35.714878 ], [ 139.631905, 35.714899 ], [ 139.631702, 35.714956 ], [ 139.631329, 35.715062 ], [ 139.63121, 35.715095 ], [ 139.631084, 35.715136 ], [ 139.630865, 35.715208 ], [ 139.630629, 35.715294 ], [ 139.630582, 35.715316 ], [ 139.629877, 35.715569 ], [ 139.629551, 35.715687 ], [ 139.629545, 35.71569 ], [ 139.6292, 35.715838 ], [ 139.628969, 35.715927 ], [ 139.628567, 35.716068 ], [ 139.627825, 35.716329 ], [ 139.627493, 35.716414 ], [ 139.627014, 35.716573 ], [ 139.627014, 35.71659 ], [ 139.627028, 35.716586 ], [ 139.626972, 35.716817 ], [ 139.627882, 35.717085 ], [ 139.628502, 35.717273 ], [ 139.629135, 35.71747 ], [ 139.629291, 35.717508 ], [ 139.629725, 35.717639 ], [ 139.629971, 35.717713 ], [ 139.630014, 35.717723 ], [ 139.630089, 35.717741 ], [ 139.630914, 35.717989 ], [ 139.63127, 35.718085 ], [ 139.631361, 35.718109 ], [ 139.631485, 35.717904 ], [ 139.63172, 35.71764 ], [ 139.631885, 35.717433 ], [ 139.631982, 35.71739 ], [ 139.632066, 35.717342 ], [ 139.632097, 35.717116 ], [ 139.632247, 35.717097 ], [ 139.632276, 35.717093 ], [ 139.632839, 35.717046 ], [ 139.632957, 35.717035 ], [ 139.633665, 35.716941 ], [ 139.634055, 35.716916 ], [ 139.634063, 35.716916 ], [ 139.634623, 35.716858 ], [ 139.634773, 35.71684 ], [ 139.635248, 35.716786 ], [ 139.635411, 35.716768 ], [ 139.635987, 35.716702 ], [ 139.636016, 35.7167 ], [ 139.63582, 35.716172 ] ] ] } },
{ "type": "Feature", "properties": { "key": "杉並区|下井草2丁目", "ward": "杉並区", "town": "下井草２丁目" }, "geometry": { "type": "Polygon", "coordinates": [ [ [ 139.625628, 35.723858 ], [ 139.626146, 35.723792 ], [ 139.62625, 35.723757 ], [ 139.627518, 35.723614 ], [ 139.627531, 35.723585 ], [ 139.627555, 35.723534 ], [ 139.627672, 35.723309 ], [ 139.627963, 35.722688 ], [ 139.628059, 35.722472 ], [ 139.628122, 35.72223 ], [ 139.628146, 35.72198 ], [ 139.628159, 35.721913 ], [ 139.6283, 35.721721 ], [ 139.628433, 35.721552 ], [ 139.628436, 35.721547 ], [ 139.628543, 35.721394 ], [ 139.628767, 35.721066 ], [ 139.628794, 35.721027 ], [ 139.628825, 35.720973 ], [ 139.629105, 35.720751 ], [ 139.629131, 35.720729 ], [ 139.629415, 35.72048 ], [ 139.629501, 35.720392 ], [ 139.629513, 35.720394 ], [ 139.629841, 35.720545 ], [ 139.629943, 35.72058 ], [ 139.630132, 35.720655 ], [ 139.630272, 35.720731 ], [ 139.630332, 35.720788 ], [ 139.630434, 35.72084 ], [ 139.630485, 35.720749 ], [ 139.630595, 35.720628 ], [ 139.630757, 35.720646 ], [ 139.63132, 35.720179 ], [ 139.631553, 35.719979 ], [ 139.631612, 35.719891 ], [ 139.631632, 35.719727 ], [ 139.631536, 35.719401 ], [ 139.631528, 35.719391 ], [ 139.631303, 35.719107 ], [ 139.631256, 35.719012 ], [ 139.63117, 35.718723 ], [ 139.631142, 35.718519 ], [ 139.631107, 35.718488 ], [ 139.63135, 35.718126 ], [ 139.631353, 35.718121 ], [ 139.631361, 35.718109 ], [ 139.63127, 35.718085 ], [ 139.630914, 35.717989 ], [ 139.630089, 35.717741 ], [ 139.630014, 35.717723 ], [ 139.629971, 35.717713 ], [ 139.629725, 35.717639 ], [ 139.629291, 35.717508 ], [ 139.629135, 35.71747 ], [ 139.628502, 35.717273 ], [ 139.627882, 35.717085 ], [ 139.626972, 35.716817 ], [ 139.626816, 35.717462 ], [ 139.626755, 35.71779 ], [ 139.626641, 35.718403 ], [ 139.62664, 35.718407 ], [ 139.626576, 35.71875 ], [ 139.626565, 35.718811 ], [ 139.626523, 35.718939 ], [ 139.626338, 35.719323 ], [ 139.626176, 35.719641 ], [ 139.62593, 35.720124 ], [ 139.625928, 35.720128 ], [ 139.625791, 35.720395 ], [ 139.625697, 35.720717 ], [ 139.625695, 35.720726 ], [ 139.625569, 35.721354 ], [ 139.625567, 35.721371 ], [ 139.625528, 35.721888 ], [ 139.625506, 35.722319 ], [ 139.625479, 35.722326 ], [ 139.624915, 35.72246 ], [ 139.624789, 35.722553 ], [ 139.624637, 35.722754 ], [ 139.624442, 35.723113 ], [ 139.624431, 35.723134 ], [ 139.624086, 35.723724 ], [ 139.624077, 35.723739 ], [ 139.623873, 35.724053 ], [ 139.623973, 35.724034 ], [ 139.62413, 35.724065 ], [ 139.625628, 35.723858 ] ] ] } },
{ "type": "Feature", "properties": { "key": "杉並区|下井草3丁目", "ward": "杉並区", "town": "下井草３丁目" }, "geometry": { "type": "Polygon", "coordinates": [ [ [ 139.626816, 35.717462 ], [ 139.626972, 35.716817 ], [ 139.627028, 35.716586 ], [ 139.627014, 35.71659 ], [ 139.626648, 35.716691 ], [ 139.625738, 35.716969 ], [ 139.625186, 35.717137 ], [ 139.624632, 35.71731 ], [ 139.62412, 35.717471 ], [ 139.623561, 35.717646 ], [ 139.623567, 35.717626 ], [ 139.623047, 35.717784 ], [ 139.622854, 35.717856 ], [ 139.622738, 35.717898 ], [ 139.622185, 35.718068 ], [ 139.622068, 35.718701 ], [ 139.621927, 35.719397 ], [ 139.621795, 35.720072 ], [ 139.621674, 35.720671 ], [ 139.621529, 35.721451 ], [ 139.621408, 35.722052 ], [ 139.621386, 35.722225 ], [ 139.621397, 35.722341 ], [ 139.621445, 35.723103 ], [ 139.62148, 35.723642 ], [ 139.621501, 35.724033 ], [ 139.621537, 35.724345 ], [ 139.623114, 35.724154 ], [ 139.623849, 35.724057 ], [ 139.623873, 35.724053 ], [ 139.624077, 35.723739 ], [ 139.624086, 35.723724 ], [ 139.624431, 35.723134 ], [ 139.624442, 35.723113 ], [ 139.624637, 35.722754 ], [ 139.624789, 35.722553 ], [ 139.624915, 35.72246 ], [ 139.625479, 35.722326 ], [ 139.625506, 35.722319 ], [ 139.625528, 35.721888 ], [ 139.625567, 35.721371 ], [ 139.625569, 35.721354 ], [ 139.625695, 35.720726 ], [ 139.625697, 35.720717 ], [ 139.625791, 35.720395 ], [ 139.625928, 35.720128 ], [ 139.62593, 35.720124 ], [ 139.626176, 35.719641 ], [ 139.626338, 35.719323 ], [ 139.626523, 35.718939 ], [ 139.626565, 35.718811 ], [ 139.626576, 35.71875 ], [ 139.62664, 35.718407 ], [ 139.626641, 35.718403 ], [ 139.626755, 35.71779 ], [ 139.626816, 35.717462 ] ] ] } },
{ "type": "Feature", "properties": { "key": "杉並区|下井草4丁目", "ward": "杉並区", "town": "下井草４丁目" }, "geometry": { "type": "Polygon", "coordinates": [ [ [ 139.620047, 35.724468 ], [ 139.620048, 35.724488 ], [ 139.620547, 35.724448 ], [ 139.620865, 35.724412 ], [ 139.621506, 35.724348 ], [ 139.621537, 35.724345 ], [ 139.621501, 35.724033 ], [ 139.62148, 35.723642 ], [ 139.621445, 35.723103 ], [ 139.621397, 35.722341 ], [ 139.621386, 35.722225 ], [ 139.621408, 35.722052 ], [ 139.621529, 35.721451 ], [ 139.621674, 35.720671 ], [ 139.621795, 35.720072 ], [ 139.621927, 35.719397 ], [ 139.622068, 35.718701 ], [ 139.622185, 35.718068 ], [ 139.621144, 35.718364 ], [ 139.621109, 35.718359 ], [ 139.620305, 35.718602 ], [ 139.62026, 35.718602 ], [ 139.619233, 35.718896 ], [ 139.61898, 35.71898 ], [ 139.618999, 35.718963 ], [ 139.618603, 35.719079 ], [ 139.618489, 35.719123 ], [ 139.617958, 35.719277 ], [ 139.616898, 35.719239 ], [ 139.616924, 35.719817 ], [ 139.61694, 35.720354 ], [ 139.616998, 35.721483 ], [ 139.617047, 35.722481 ], [ 139.61719, 35.723282 ], [ 139.617198, 35.723854 ], [ 139.617201, 35.724073 ], [ 139.617203, 35.724309 ], [ 139.617204, 35.724619 ], [ 139.618088, 35.724578 ], [ 139.61842, 35.724563 ], [ 139.618866, 35.724547 ], [ 139.619358, 35.724523 ], [ 139.619359, 35.724518 ], [ 139.620047, 35.724468 ] ] ] } },
{ "type": "Feature", "properties": { "key": "杉並区|下井草5丁目", "ward": "杉並区", "town": "下井草５丁目" }, "geometry": { "type": "Polygon", "coordinates": [ [ [ 139.616378, 35.724691 ], [ 139.616412, 35.724712 ], [ 139.616693, 35.724675 ], [ 139.617114, 35.724628 ], [ 139.617204, 35.724619 ], [ 139.617203, 35.724309 ], [ 139.617201, 35.724073 ], [ 139.617198, 35.723854 ], [ 139.61719, 35.723282 ], [ 139.617047, 35.722481 ], [ 139.616998, 35.721483 ], [ 139.61694, 35.720354 ], [ 139.616924, 35.719817 ], [ 139.616898, 35.719239 ], [ 139.61688, 35.719231 ], [ 139.616414, 35.719217 ], [ 139.61567, 35.719184 ], [ 139.614948, 35.719153 ], [ 139.614558, 35.719134 ], [ 139.614083, 35.719112 ], [ 139.614102, 35.719575 ], [ 139.614094, 35.719654 ], [ 139.614122, 35.720356 ], [ 139.614122, 35.72037 ], [ 139.614137, 35.720762 ], [ 139.614141, 35.720857 ], [ 139.614145, 35.720934 ], [ 139.614147, 35.720967 ], [ 139.614162, 35.721217 ], [ 139.61419, 35.721803 ], [ 139.614199, 35.722177 ], [ 139.614199, 35.722182 ], [ 139.614206, 35.722343 ], [ 139.614214, 35.722542 ], [ 139.614236, 35.72282 ], [ 139.614256, 35.723374 ], [ 139.614251, 35.723378 ], [ 139.614321, 35.724447 ], [ 139.614322, 35.724453 ], [ 139.61434, 35.724816 ], [ 139.614542, 35.724813 ], [ 139.615399, 35.724778 ], [ 139.616078, 35.724735 ], [ 139.616096, 35.724711 ], [ 139.616265, 35.724699 ], [ 139.616378, 35.724691 ] ] ] } },
{ "type": "Feature", "properties": { "key": "杉並区|善福寺1丁目", "ward": "杉並区", "town": "善福寺１丁目" }, "geometry": { "type": "Polygon", "coordinates": [ [ [ 139.595468, 35.709441 ], [ 139.595213, 35.710457 ], [ 139.595102, 35.710913 ], [ 139.594886, 35.71179 ], [ 139.594653, 35.712701 ], [ 139.594512, 35.713248 ], [ 139.594417, 35.71363 ], [ 139.594347, 35.713908 ], [ 139.594213, 35.714286 ], [ 139.594017, 35.714877 ], [ 139.593827, 35.71544 ], [ 139.593846, 35.716115 ], [ 139.593836, 35.716234 ], [ 139.595178, 35.716626 ], [ 139.596552, 35.71701 ], [ 139.596718, 35.717059 ], [ 139.596876, 35.716964 ], [ 139.597099, 35.716741 ], [ 139.59738, 35.716373 ], [ 139.597797, 35.71582 ], [ 139.598192, 35.715286 ], [ 139.598503, 35.714898 ], [ 139.598517, 35.71488 ], [ 139.598599, 35.714776 ], [ 139.598837, 35.714491 ], [ 139.598855, 35.714468 ], [ 139.599081, 35.714184 ], [ 139.599138, 35.714117 ], [ 139.599714, 35.713446 ], [ 139.599722, 35.713437 ], [ 139.600031, 35.713124 ], [ 139.600168, 35.713021 ], [ 139.600356, 35.712883 ], [ 139.600584, 35.712758 ], [ 139.600633, 35.712738 ], [ 139.60082, 35.71266 ], [ 139.601325, 35.712484 ], [ 139.601414, 35.712452 ], [ 139.601825, 35.712313 ], [ 139.601864, 35.7123 ], [ 139.601809, 35.712104 ], [ 139.601717, 35.711805 ], [ 139.601654, 35.711619 ], [ 139.601643, 35.711484 ], [ 139.601263, 35.711372 ], [ 139.600908, 35.711274 ], [ 139.600438, 35.711142 ], [ 139.599834, 35.710972 ], [ 139.599314, 35.71083 ], [ 139.599024, 35.710721 ], [ 139.598796, 35.710607 ], [ 139.598354, 35.710439 ], [ 139.597712, 35.710174 ], [ 139.597445, 35.710062 ], [ 139.597155, 35.70995 ], [ 139.596804, 35.709811 ], [ 139.596518, 35.709686 ], [ 139.596256, 35.709605 ], [ 139.596006, 35.709539 ], [ 139.595756, 35.709489 ], [ 139.595496, 35.709445 ], [ 139.595468, 35.709441 ] ] ] } },
{ "type": "Feature", "properties": { "key": "杉並区|善福寺2丁目", "ward": "杉並区", "town": "善福寺２丁目" }, "geometry": { "type": "Polygon", "coordinates": [ [ [ 139.594347, 35.713908 ], [ 139.594417, 35.71363 ], [ 139.594512, 35.713248 ], [ 139.594653, 35.712701 ], [ 139.594886, 35.71179 ], [ 139.595102, 35.710913 ], [ 139.595213, 35.710457 ], [ 139.595468, 35.709441 ], [ 139.594961, 35.709358 ], [ 139.594752, 35.709324 ], [ 139.594108, 35.709221 ], [ 139.594097, 35.70922 ], [ 139.593531, 35.709176 ], [ 139.59318, 35.709171 ], [ 139.593179, 35.70918 ], [ 139.592742, 35.709174 ], [ 139.592606, 35.709166 ], [ 139.592335, 35.709169 ], [ 139.592298, 35.709169 ], [ 139.591966, 35.709161 ], [ 139.591416, 35.709146 ], [ 139.591168, 35.709156 ], [ 139.590797, 35.709144 ], [ 139.589937, 35.709688 ], [ 139.589435, 35.710008 ], [ 139.58926, 35.710121 ], [ 139.589214, 35.710151 ], [ 139.588936, 35.71033 ], [ 139.588435, 35.710719 ], [ 139.588028, 35.71103 ], [ 139.587971, 35.711073 ], [ 139.587711, 35.711268 ], [ 139.587489, 35.711428 ], [ 139.587237, 35.711549 ], [ 139.586825, 35.711684 ], [ 139.586713, 35.711739 ], [ 139.586903, 35.712317 ], [ 139.587019, 35.712629 ], [ 139.587547, 35.712929 ], [ 139.587563, 35.712939 ], [ 139.588146, 35.713275 ], [ 139.588149, 35.713286 ], [ 139.588508, 35.713493 ], [ 139.588722, 35.713606 ], [ 139.588719, 35.713614 ], [ 139.589272, 35.713933 ], [ 139.589279, 35.713929 ], [ 139.589835, 35.714244 ], [ 139.58984, 35.714256 ], [ 139.590385, 35.714564 ], [ 139.590423, 35.714582 ], [ 139.590914, 35.714824 ], [ 139.591384, 35.715052 ], [ 139.591397, 35.715058 ], [ 139.591576, 35.715147 ], [ 139.592429, 35.715565 ], [ 139.592967, 35.71582 ], [ 139.593495, 35.716079 ], [ 139.593836, 35.716234 ], [ 139.593846, 35.716115 ], [ 139.593827, 35.71544 ], [ 139.594017, 35.714877 ], [ 139.594213, 35.714286 ], [ 139.594347, 35.713908 ] ] ] } },
{ "type": "Feature", "properties": { "key": "杉並区|善福寺3丁目", "ward": "杉並区", "town": "善福寺３丁目" }, "geometry": { "type": "Polygon", "coordinates": [ [ [ 139.594499, 35.717679 ], [ 139.595031, 35.71756 ], [ 139.595283, 35.717496 ], [ 139.5956, 35.717424 ], [ 139.596025, 35.717323 ], [ 139.59622, 35.71727 ], [ 139.596674, 35.71708 ], [ 139.596718, 35.717059 ], [ 139.596552, 35.71701 ], [ 139.595178, 35.716626 ], [ 139.593836, 35.716234 ], [ 139.593495, 35.716079 ], [ 139.592967, 35.71582 ], [ 139.592429, 35.715565 ], [ 139.591576, 35.715147 ], [ 139.591397, 35.715058 ], [ 139.591384, 35.715052 ], [ 139.590914, 35.714824 ], [ 139.590423, 35.714582 ], [ 139.590385, 35.714564 ], [ 139.58984, 35.714256 ], [ 139.589835, 35.714244 ], [ 139.589279, 35.713929 ], [ 139.589272, 35.713933 ], [ 139.588719, 35.713614 ], [ 139.588722, 35.713606 ], [ 139.588508, 35.713493 ], [ 139.588149, 35.713286 ], [ 139.588146, 35.713275 ], [ 139.587563, 35.712939 ], [ 139.587547, 35.712929 ], [ 139.587019, 35.712629 ], [ 139.586947, 35.713036 ], [ 139.586868, 35.713374 ], [ 139.586792, 35.713651 ], [ 139.586669, 35.713971 ], [ 139.586518, 35.714312 ], [ 139.586381, 35.714564 ], [ 139.586275, 35.71468 ], [ 139.586123, 35.71481 ], [ 139.586032, 35.714944 ], [ 139.58587, 35.715154 ], [ 139.585686, 35.715416 ], [ 139.585649, 35.715471 ], [ 139.58542, 35.71588 ], [ 139.585392, 35.715947 ], [ 139.585818, 35.716147 ], [ 139.586247, 35.716357 ], [ 139.58713, 35.716791 ], [ 139.587695, 35.71708 ], [ 139.588612, 35.717344 ], [ 139.589123, 35.717503 ], [ 139.590088, 35.717788 ], [ 139.591197, 35.717687 ], [ 139.592019, 35.717813 ], [ 139.592504, 35.717902 ], [ 139.592877, 35.717955 ], [ 139.593101, 35.717937 ], [ 139.593889, 35.717858 ], [ 139.594196, 35.717832 ], [ 139.594499, 35.717679 ] ] ] } },
{ "type": "Feature", "properties": { "key": "杉並区|善福寺4丁目", "ward": "杉並区", "town": "善福寺４丁目" }, "geometry": { "type": "Polygon", "coordinates": [ [ [ 139.594196, 35.717832 ], [ 139.593889, 35.717858 ], [ 139.593101, 35.717937 ], [ 139.592877, 35.717955 ], [ 139.592504, 35.717902 ], [ 139.592019, 35.717813 ], [ 139.591197, 35.717687 ], [ 139.590088, 35.717788 ], [ 139.589123, 35.717503 ], [ 139.588612, 35.717344 ], [ 139.587695, 35.71708 ], [ 139.58713, 35.716791 ], [ 139.586247, 35.716357 ], [ 139.585818, 35.716147 ], [ 139.585392, 35.715947 ], [ 139.58523, 35.716147 ], [ 139.585107, 35.71634 ], [ 139.585094, 35.716515 ], [ 139.585054, 35.716735 ], [ 139.585039, 35.716898 ], [ 139.585076, 35.71726 ], [ 139.58512, 35.717579 ], [ 139.585126, 35.717698 ], [ 139.585123, 35.717786 ], [ 139.58515, 35.717899 ], [ 139.585276, 35.718128 ], [ 139.585351, 35.718242 ], [ 139.585463, 35.718372 ], [ 139.58557, 35.718508 ], [ 139.585871, 35.718811 ], [ 139.585907, 35.718848 ], [ 139.585992, 35.719029 ], [ 139.586073, 35.719125 ], [ 139.586323, 35.719232 ], [ 139.586624, 35.719432 ], [ 139.587062, 35.719692 ], [ 139.587119, 35.719726 ], [ 139.587494, 35.719866 ], [ 139.587523, 35.719876 ], [ 139.587554, 35.719888 ], [ 139.58762, 35.719913 ], [ 139.588081, 35.720034 ], [ 139.588519, 35.720142 ], [ 139.588808, 35.720177 ], [ 139.58904, 35.720203 ], [ 139.589658, 35.720274 ], [ 139.59021, 35.720275 ], [ 139.590608, 35.720114 ], [ 139.590875, 35.719978 ], [ 139.59106, 35.719849 ], [ 139.591126, 35.719784 ], [ 139.591431, 35.719547 ], [ 139.591546, 35.719446 ], [ 139.591836, 35.719229 ], [ 139.592135, 35.71897 ], [ 139.59273, 35.718492 ], [ 139.592981, 35.718359 ], [ 139.59317, 35.718284 ], [ 139.593253, 35.718251 ], [ 139.593315, 35.718223 ], [ 139.593486, 35.718125 ], [ 139.593674, 35.718056 ], [ 139.59386, 35.718031 ], [ 139.593918, 35.718031 ], [ 139.594196, 35.717832 ] ] ] } },
{ "type": "Feature", "properties": { "key": "杉並区|今川1丁目", "ward": "杉並区", "town": "今川１丁目" }, "geometry": { "type": "Polygon", "coordinates": [ [ [ 139.611053, 35.714858 ], [ 139.611042, 35.71517 ], [ 139.611014, 35.715908 ], [ 139.610966, 35.716746 ], [ 139.610964, 35.717091 ], [ 139.610942, 35.717335 ], [ 139.610913, 35.71792 ], [ 139.610882, 35.718554 ], [ 139.610856, 35.719112 ], [ 139.611501, 35.719112 ], [ 139.611666, 35.71911 ], [ 139.612427, 35.719101 ], [ 139.61338, 35.719101 ], [ 139.613434, 35.7191 ], [ 139.614083, 35.7191 ], [ 139.6141, 35.7191 ], [ 139.614161, 35.718058 ], [ 139.614162, 35.71804 ], [ 139.614242, 35.717157 ], [ 139.614239, 35.717112 ], [ 139.614267, 35.716779 ], [ 139.614304, 35.716314 ], [ 139.614338, 35.716067 ], [ 139.614325, 35.716063 ], [ 139.614412, 35.71507 ], [ 139.613917, 35.715043 ], [ 139.613461, 35.715012 ], [ 139.613455, 35.715011 ], [ 139.613141, 35.714991 ], [ 139.612626, 35.71496 ], [ 139.612608, 35.714959 ], [ 139.611818, 35.714906 ], [ 139.611811, 35.714906 ], [ 139.611064, 35.714859 ], [ 139.611053, 35.714858 ] ] ] } },
{ "type": "Feature", "properties": { "key": "杉並区|今川2丁目", "ward": "杉並区", "town": "今川２丁目" }, "geometry": { "type": "Polygon", "coordinates": [ [ [ 139.606887, 35.719098 ], [ 139.607266, 35.719105 ], [ 139.607308, 35.719105 ], [ 139.608546, 35.719106 ], [ 139.60858, 35.719106 ], [ 139.608853, 35.7191 ], [ 139.609318, 35.719098 ], [ 139.609815, 35.719099 ], [ 139.60983, 35.7191 ], [ 139.610257, 35.71911 ], [ 139.610837, 35.719112 ], [ 139.610856, 35.719112 ], [ 139.610882, 35.718554 ], [ 139.610913, 35.71792 ], [ 139.610942, 35.717335 ], [ 139.610964, 35.717091 ], [ 139.610966, 35.716746 ], [ 139.611014, 35.715908 ], [ 139.611042, 35.71517 ], [ 139.611053, 35.714858 ], [ 139.610315, 35.714816 ], [ 139.609608, 35.714768 ], [ 139.609577, 35.714765 ], [ 139.609157, 35.714735 ], [ 139.608771, 35.714707 ], [ 139.6084, 35.714686 ], [ 139.608006, 35.714663 ], [ 139.607867, 35.715134 ], [ 139.607858, 35.715163 ], [ 139.607684, 35.715728 ], [ 139.607676, 35.715764 ], [ 139.607479, 35.716041 ], [ 139.607296, 35.716273 ], [ 139.607026, 35.71664 ], [ 139.607024, 35.716643 ], [ 139.606915, 35.716815 ], [ 139.606809, 35.716933 ], [ 139.606487, 35.717382 ], [ 139.60642, 35.717474 ], [ 139.606367, 35.717547 ], [ 139.606267, 35.717732 ], [ 139.606177, 35.718036 ], [ 139.606066, 35.718626 ], [ 139.606042, 35.718748 ], [ 139.605959, 35.719104 ], [ 139.606887, 35.719098 ] ] ] } },
{ "type": "Feature", "properties": { "key": "杉並区|今川3丁目", "ward": "杉並区", "town": "今川３丁目" }, "geometry": { "type": "Polygon", "coordinates": [ [ [ 139.608006, 35.714663 ], [ 139.607553, 35.714663 ], [ 139.607132, 35.714659 ], [ 139.606798, 35.714652 ], [ 139.606315, 35.714658 ], [ 139.60592, 35.714653 ], [ 139.605506, 35.714654 ], [ 139.604737, 35.714648 ], [ 139.603997, 35.714651 ], [ 139.603582, 35.714648 ], [ 139.603518, 35.714641 ], [ 139.60313, 35.714641 ], [ 139.602928, 35.714639 ], [ 139.602336, 35.714634 ], [ 139.602317, 35.714979 ], [ 139.602282, 35.715319 ], [ 139.602245, 35.71575 ], [ 139.602205, 35.71619 ], [ 139.602162, 35.716641 ], [ 139.602116, 35.717065 ], [ 139.602041, 35.717901 ], [ 139.602004, 35.718243 ], [ 139.602428, 35.718338 ], [ 139.602441, 35.718341 ], [ 139.6028, 35.718416 ], [ 139.602807, 35.71842 ], [ 139.603196, 35.718508 ], [ 139.603477, 35.718561 ], [ 139.604359, 35.718753 ], [ 139.605192, 35.718934 ], [ 139.605959, 35.719104 ], [ 139.606042, 35.718748 ], [ 139.606066, 35.718626 ], [ 139.606177, 35.718036 ], [ 139.606267, 35.717732 ], [ 139.606367, 35.717547 ], [ 139.60642, 35.717474 ], [ 139.606487, 35.717382 ], [ 139.606809, 35.716933 ], [ 139.606915, 35.716815 ], [ 139.607024, 35.716643 ], [ 139.607026, 35.71664 ], [ 139.607296, 35.716273 ], [ 139.607479, 35.716041 ], [ 139.607676, 35.715764 ], [ 139.607684, 35.715728 ], [ 139.607858, 35.715163 ], [ 139.607867, 35.715134 ], [ 139.608006, 35.714663 ] ] ] } },
{ "type": "Feature", "properties": { "key": "杉並区|今川4丁目", "ward": "杉並区", "town": "今川４丁目" }, "geometry": { "type": "Polygon", "coordinates": [ [ [ 139.598855, 35.714468 ], [ 139.598837, 35.714491 ], [ 139.598599, 35.714776 ], [ 139.598517, 35.71488 ], [ 139.598503, 35.714898 ], [ 139.598192, 35.715286 ], [ 139.597797, 35.71582 ], [ 139.59738, 35.716373 ], [ 139.597099, 35.716741 ], [ 139.596876, 35.716964 ], [ 139.596718, 35.717059 ], [ 139.596674, 35.71708 ], [ 139.596918, 35.71714 ], [ 139.598141, 35.717397 ], [ 139.598163, 35.717399 ], [ 139.598882, 35.717559 ], [ 139.599052, 35.717596 ], [ 139.599061, 35.717598 ], [ 139.599495, 35.717689 ], [ 139.600181, 35.717838 ], [ 139.600389, 35.717884 ], [ 139.600773, 35.717968 ], [ 139.60113, 35.718049 ], [ 139.601137, 35.71805 ], [ 139.601511, 35.718135 ], [ 139.601968, 35.718235 ], [ 139.602004, 35.718243 ], [ 139.602041, 35.717901 ], [ 139.602116, 35.717065 ], [ 139.602162, 35.716641 ], [ 139.602205, 35.71619 ], [ 139.602245, 35.71575 ], [ 139.602282, 35.715319 ], [ 139.602317, 35.714979 ], [ 139.602336, 35.714634 ], [ 139.602327, 35.714634 ], [ 139.602035, 35.714629 ], [ 139.601948, 35.714617 ], [ 139.601505, 35.714597 ], [ 139.601235, 35.714585 ], [ 139.600873, 35.714567 ], [ 139.600586, 35.714556 ], [ 139.600553, 35.714554 ], [ 139.599819, 35.714517 ], [ 139.599801, 35.714516 ], [ 139.599333, 35.714492 ], [ 139.598855, 35.714468 ] ] ] } },
{ "type": "Feature", "properties": { "key": "杉並区|桃井1丁目", "ward": "杉並区", "town": "桃井１丁目" }, "geometry": { "type": "Polygon", "coordinates": [ [ [ 139.61509, 35.708164 ], [ 139.615066, 35.708177 ], [ 139.614769, 35.708351 ], [ 139.614587, 35.708451 ], [ 139.614385, 35.708566 ], [ 139.61428, 35.708626 ], [ 139.613911, 35.708837 ], [ 139.613482, 35.709081 ], [ 139.613261, 35.709207 ], [ 139.613036, 35.709313 ], [ 139.612896, 35.709379 ], [ 139.612721, 35.709462 ], [ 139.61255, 35.709543 ], [ 139.612408, 35.70961 ], [ 139.612175, 35.70972 ], [ 139.611934, 35.709827 ], [ 139.611853, 35.709864 ], [ 139.611434, 35.71005 ], [ 139.611324, 35.710099 ], [ 139.611319, 35.710248 ], [ 139.611314, 35.7104 ], [ 139.611285, 35.711006 ], [ 139.611262, 35.711387 ], [ 139.611246, 35.711635 ], [ 139.611215, 35.712126 ], [ 139.611193, 35.712524 ], [ 139.611197, 35.71254 ], [ 139.61118, 35.712868 ], [ 139.611173, 35.712905 ], [ 139.611147, 35.713364 ], [ 139.611104, 35.714063 ], [ 139.6111, 35.714313 ], [ 139.611064, 35.714859 ], [ 139.611811, 35.714906 ], [ 139.611818, 35.714906 ], [ 139.612608, 35.714959 ], [ 139.612626, 35.71496 ], [ 139.613141, 35.714991 ], [ 139.613455, 35.715011 ], [ 139.613461, 35.715012 ], [ 139.613917, 35.715043 ], [ 139.614412, 35.71507 ], [ 139.61443, 35.715065 ], [ 139.614493, 35.714414 ], [ 139.614504, 35.714147 ], [ 139.614573, 35.713591 ], [ 139.614575, 35.713575 ], [ 139.614574, 35.713571 ], [ 139.614621, 35.713107 ], [ 139.614641, 35.71297 ], [ 139.6147, 35.712347 ], [ 139.614702, 35.712328 ], [ 139.614755, 35.711761 ], [ 139.614783, 35.711469 ], [ 139.614817, 35.711113 ], [ 139.614821, 35.711069 ], [ 139.614861, 35.710664 ], [ 139.614866, 35.710607 ], [ 139.614916, 35.710023 ], [ 139.614976, 35.709328 ], [ 139.614997, 35.709111 ], [ 139.615017, 35.708912 ], [ 139.61504, 35.708676 ], [ 139.61509, 35.708164 ] ] ] } },
{ "type": "Feature", "properties": { "key": "杉並区|桃井2丁目", "ward": "杉並区", "town": "桃井２丁目" }, "geometry": { "type": "Polygon", "coordinates": [ [ [ 139.611324, 35.710099 ], [ 139.610902, 35.710287 ], [ 139.610521, 35.710457 ], [ 139.610491, 35.71047 ], [ 139.61036, 35.710523 ], [ 139.610295, 35.71055 ], [ 139.610057, 35.710646 ], [ 139.609779, 35.71075 ], [ 139.609603, 35.710808 ], [ 139.609569, 35.710818 ], [ 139.609029, 35.710971 ], [ 139.608709, 35.711034 ], [ 139.608605, 35.711052 ], [ 139.608369, 35.711094 ], [ 139.607801, 35.711185 ], [ 139.607788, 35.711186 ], [ 139.607924, 35.711722 ], [ 139.607956, 35.711881 ], [ 139.608053, 35.7123 ], [ 139.608168, 35.712761 ], [ 139.608269, 35.713167 ], [ 139.608319, 35.713366 ], [ 139.60835, 35.713529 ], [ 139.608324, 35.713654 ], [ 139.608238, 35.713928 ], [ 139.608006, 35.714663 ], [ 139.6084, 35.714686 ], [ 139.608771, 35.714707 ], [ 139.609157, 35.714735 ], [ 139.609577, 35.714765 ], [ 139.609608, 35.714768 ], [ 139.610315, 35.714816 ], [ 139.611053, 35.714858 ], [ 139.611064, 35.714859 ], [ 139.6111, 35.714313 ], [ 139.611104, 35.714063 ], [ 139.611147, 35.713364 ], [ 139.611173, 35.712905 ], [ 139.61118, 35.712868 ], [ 139.611197, 35.71254 ], [ 139.611193, 35.712524 ], [ 139.611215, 35.712126 ], [ 139.611246, 35.711635 ], [ 139.611262, 35.711387 ], [ 139.611285, 35.711006 ], [ 139.611314, 35.7104 ], [ 139.611319, 35.710248 ], [ 139.611324, 35.710099 ] ] ] } },
{ "type": "Feature", "properties": { "key": "杉並区|桃井3丁目", "ward": "杉並区", "town": "桃井３丁目" }, "geometry": { "type": "Polygon", "coordinates": [ [ [ 139.608238, 35.713928 ], [ 139.608324, 35.713654 ], [ 139.60835, 35.713529 ], [ 139.608319, 35.713366 ], [ 139.608269, 35.713167 ], [ 139.608168, 35.712761 ], [ 139.608053, 35.7123 ], [ 139.607956, 35.711881 ], [ 139.607924, 35.711722 ], [ 139.607788, 35.711186 ], [ 139.607283, 35.71125 ], [ 139.607238, 35.711256 ], [ 139.607064, 35.711283 ], [ 139.606836, 35.711307 ], [ 139.606361, 35.711369 ], [ 139.606112, 35.7114 ], [ 139.60554, 35.711472 ], [ 139.605444, 35.711484 ], [ 139.605342, 35.711497 ], [ 139.605102, 35.711525 ], [ 139.604947, 35.711552 ], [ 139.604306, 35.711706 ], [ 139.604414, 35.712437 ], [ 139.604421, 35.71252 ], [ 139.604455, 35.712749 ], [ 139.60451, 35.713104 ], [ 139.604609, 35.713756 ], [ 139.604677, 35.714228 ], [ 139.604737, 35.714648 ], [ 139.605506, 35.714654 ], [ 139.60592, 35.714653 ], [ 139.606315, 35.714658 ], [ 139.606798, 35.714652 ], [ 139.607132, 35.714659 ], [ 139.607553, 35.714663 ], [ 139.608006, 35.714663 ], [ 139.608238, 35.713928 ] ] ] } },
{ "type": "Feature", "properties": { "key": "杉並区|桃井4丁目", "ward": "杉並区", "town": "桃井４丁目" }, "geometry": { "type": "Polygon", "coordinates": [ [ [ 139.604677, 35.714228 ], [ 139.604609, 35.713756 ], [ 139.60451, 35.713104 ], [ 139.604455, 35.712749 ], [ 139.604421, 35.71252 ], [ 139.604414, 35.712437 ], [ 139.604306, 35.711706 ], [ 139.604274, 35.711715 ], [ 139.604015, 35.711772 ], [ 139.603482, 35.711889 ], [ 139.603476, 35.71189 ], [ 139.602762, 35.71205 ], [ 139.602457, 35.712111 ], [ 139.602443, 35.712114 ], [ 139.601864, 35.7123 ], [ 139.601825, 35.712313 ], [ 139.601414, 35.712452 ], [ 139.601325, 35.712484 ], [ 139.60082, 35.71266 ], [ 139.600633, 35.712738 ], [ 139.600584, 35.712758 ], [ 139.600356, 35.712883 ], [ 139.600168, 35.713021 ], [ 139.600031, 35.713124 ], [ 139.599722, 35.713437 ], [ 139.599714, 35.713446 ], [ 139.599138, 35.714117 ], [ 139.599081, 35.714184 ], [ 139.598855, 35.714468 ], [ 139.599333, 35.714492 ], [ 139.599801, 35.714516 ], [ 139.599819, 35.714517 ], [ 139.600553, 35.714554 ], [ 139.600586, 35.714556 ], [ 139.600873, 35.714567 ], [ 139.601235, 35.714585 ], [ 139.601505, 35.714597 ], [ 139.601948, 35.714617 ], [ 139.602035, 35.714629 ], [ 139.602327, 35.714634 ], [ 139.602336, 35.714634 ], [ 139.602928, 35.714639 ], [ 139.60313, 35.714641 ], [ 139.603518, 35.714641 ], [ 139.603582, 35.714648 ], [ 139.603997, 35.714651 ], [ 139.604737, 35.714648 ], [ 139.604677, 35.714228 ] ] ] } },
{ "type": "Feature", "properties": { "key": "杉並区|西荻北1丁目", "ward": "杉並区", "town": "西荻北１丁目" }, "geometry": { "type": "Polygon", "coordinates": [ [ [ 139.605012, 35.704064 ], [ 139.605053, 35.704184 ], [ 139.605174, 35.70448 ], [ 139.60539, 35.705016 ], [ 139.605595, 35.705545 ], [ 139.605628, 35.705632 ], [ 139.60592, 35.706388 ], [ 139.606242, 35.707206 ], [ 139.606697, 35.708356 ], [ 139.606778, 35.708594 ], [ 139.606785, 35.708594 ], [ 139.60719, 35.708581 ], [ 139.607375, 35.708563 ], [ 139.607544, 35.7085 ], [ 139.607612, 35.708457 ], [ 139.607622, 35.708454 ], [ 139.607692, 35.708397 ], [ 139.607786, 35.708292 ], [ 139.607851, 35.708062 ], [ 139.607856, 35.707924 ], [ 139.607783, 35.707737 ], [ 139.607513, 35.70701 ], [ 139.607434, 35.706714 ], [ 139.607437, 35.706634 ], [ 139.607532, 35.706413 ], [ 139.607623, 35.706314 ], [ 139.607783, 35.706218 ], [ 139.607791, 35.706213 ], [ 139.607951, 35.706139 ], [ 139.608552, 35.705827 ], [ 139.608921, 35.70565 ], [ 139.60913, 35.705552 ], [ 139.609884, 35.705187 ], [ 139.609907, 35.705176 ], [ 139.610008, 35.705129 ], [ 139.610193, 35.705019 ], [ 139.610328, 35.704916 ], [ 139.610633, 35.704609 ], [ 139.610793, 35.704368 ], [ 139.610881, 35.704228 ], [ 139.610847, 35.704227 ], [ 139.609516, 35.704197 ], [ 139.609504, 35.704197 ], [ 139.608673, 35.704174 ], [ 139.608493, 35.704169 ], [ 139.608438, 35.704168 ], [ 139.607712, 35.704145 ], [ 139.606809, 35.704117 ], [ 139.606755, 35.704116 ], [ 139.605595, 35.70409 ], [ 139.605012, 35.704064 ] ] ] } },
{ "type": "Feature", "properties": { "key": "杉並区|西荻北2丁目", "ward": "杉並区", "town": "西荻北２丁目" }, "geometry": { "type": "Polygon", "coordinates": [ [ [ 139.600593, 35.703954 ], [ 139.600616, 35.704102 ], [ 139.600618, 35.704113 ], [ 139.600659, 35.70431 ], [ 139.600683, 35.704537 ], [ 139.600742, 35.704916 ], [ 139.600812, 35.705204 ], [ 139.600813, 35.705208 ], [ 139.600967, 35.705536 ], [ 139.601138, 35.705936 ], [ 139.601141, 35.705941 ], [ 139.601311, 35.70635 ], [ 139.601326, 35.706386 ], [ 139.601505, 35.706797 ], [ 139.60158, 35.706967 ], [ 139.601673, 35.707182 ], [ 139.601805, 35.707493 ], [ 139.601832, 35.70767 ], [ 139.601858, 35.708049 ], [ 139.60186, 35.708073 ], [ 139.602039, 35.708108 ], [ 139.602321, 35.708149 ], [ 139.602601, 35.708226 ], [ 139.602829, 35.708344 ], [ 139.6033, 35.708644 ], [ 139.603315, 35.708647 ], [ 139.603523, 35.708665 ], [ 139.603767, 35.708678 ], [ 139.603989, 35.708677 ], [ 139.604007, 35.708676 ], [ 139.605564, 35.708626 ], [ 139.606018, 35.708613 ], [ 139.606203, 35.708601 ], [ 139.606778, 35.708594 ], [ 139.606697, 35.708356 ], [ 139.606242, 35.707206 ], [ 139.60592, 35.706388 ], [ 139.605628, 35.705632 ], [ 139.605595, 35.705545 ], [ 139.60539, 35.705016 ], [ 139.605174, 35.70448 ], [ 139.605053, 35.704184 ], [ 139.605012, 35.704064 ], [ 139.604697, 35.704054 ], [ 139.603044, 35.704006 ], [ 139.603036, 35.704006 ], [ 139.601917, 35.703961 ], [ 139.600593, 35.703954 ] ] ] } },
{ "type": "Feature", "properties": { "key": "杉並区|西荻北3丁目", "ward": "杉並区", "town": "西荻北３丁目" }, "geometry": { "type": "Polygon", "coordinates": [ [ [ 139.60021, 35.707519 ], [ 139.600372, 35.707549 ], [ 139.60061, 35.707638 ], [ 139.600771, 35.707722 ], [ 139.60087, 35.707778 ], [ 139.601345, 35.707939 ], [ 139.601449, 35.707964 ], [ 139.601858, 35.708049 ], [ 139.601832, 35.70767 ], [ 139.601805, 35.707493 ], [ 139.601673, 35.707182 ], [ 139.60158, 35.706967 ], [ 139.601505, 35.706797 ], [ 139.601326, 35.706386 ], [ 139.601311, 35.70635 ], [ 139.601141, 35.705941 ], [ 139.601138, 35.705936 ], [ 139.600967, 35.705536 ], [ 139.600813, 35.705208 ], [ 139.600812, 35.705204 ], [ 139.600742, 35.704916 ], [ 139.600683, 35.704537 ], [ 139.600659, 35.70431 ], [ 139.600618, 35.704113 ], [ 139.600616, 35.704102 ], [ 139.600593, 35.703954 ], [ 139.600532, 35.703954 ], [ 139.599659, 35.703949 ], [ 139.598975, 35.703932 ], [ 139.598777, 35.703921 ], [ 139.598374, 35.703898 ], [ 139.598122, 35.70388 ], [ 139.598094, 35.703879 ], [ 139.597327, 35.703838 ], [ 139.596858, 35.703814 ], [ 139.596393, 35.703792 ], [ 139.59613, 35.703783 ], [ 139.595544, 35.703768 ], [ 139.595206, 35.703759 ], [ 139.595001, 35.703754 ], [ 139.594865, 35.70375 ], [ 139.594426, 35.703739 ], [ 139.594657, 35.704152 ], [ 139.594936, 35.704655 ], [ 139.595186, 35.705127 ], [ 139.595268, 35.705281 ], [ 139.59541, 35.705525 ], [ 139.595494, 35.705675 ], [ 139.595716, 35.705526 ], [ 139.595776, 35.705486 ], [ 139.596048, 35.705297 ], [ 139.596254, 35.705155 ], [ 139.596284, 35.705135 ], [ 139.596474, 35.705013 ], [ 139.596749, 35.705528 ], [ 139.596784, 35.705594 ], [ 139.597307, 35.706564 ], [ 139.597606, 35.707102 ], [ 139.597894, 35.707636 ], [ 139.598302, 35.708029 ], [ 139.598409, 35.708135 ], [ 139.598638, 35.708358 ], [ 139.598987, 35.708066 ], [ 139.599126, 35.70796 ], [ 139.59938, 35.707724 ], [ 139.599515, 35.707641 ], [ 139.599614, 35.707607 ], [ 139.59988, 35.70753 ], [ 139.60021, 35.707519 ] ] ] } },
{ "type": "Feature", "properties": { "key": "杉並区|西荻北4丁目", "ward": "杉並区", "town": "西荻北４丁目" }, "geometry": { "type": "Polygon", "coordinates": [ [ [ 139.598076, 35.709097 ], [ 139.598381, 35.708666 ], [ 139.598489, 35.708539 ], [ 139.598548, 35.708432 ], [ 139.598638, 35.708358 ], [ 139.598409, 35.708135 ], [ 139.598302, 35.708029 ], [ 139.597894, 35.707636 ], [ 139.597606, 35.707102 ], [ 139.597307, 35.706564 ], [ 139.596784, 35.705594 ], [ 139.596749, 35.705528 ], [ 139.596474, 35.705013 ], [ 139.596284, 35.705135 ], [ 139.596254, 35.705155 ], [ 139.596048, 35.705297 ], [ 139.595776, 35.705486 ], [ 139.595716, 35.705526 ], [ 139.595494, 35.705675 ], [ 139.595347, 35.705777 ], [ 139.595209, 35.705877 ], [ 139.595087, 35.705966 ], [ 139.594919, 35.70608 ], [ 139.594761, 35.706172 ], [ 139.594513, 35.706317 ], [ 139.594012, 35.7066 ], [ 139.593763, 35.706729 ], [ 139.593475, 35.706888 ], [ 139.593277, 35.70701 ], [ 139.593101, 35.707127 ], [ 139.59303, 35.707192 ], [ 139.592939, 35.707274 ], [ 139.592771, 35.707415 ], [ 139.592556, 35.707598 ], [ 139.592279, 35.70784 ], [ 139.59199, 35.708101 ], [ 139.591865, 35.708204 ], [ 139.591598, 35.708426 ], [ 139.591517, 35.708492 ], [ 139.591279, 35.708707 ], [ 139.590973, 35.708974 ], [ 139.590797, 35.709144 ], [ 139.591168, 35.709156 ], [ 139.591416, 35.709146 ], [ 139.591966, 35.709161 ], [ 139.592298, 35.709169 ], [ 139.592335, 35.709169 ], [ 139.592606, 35.709166 ], [ 139.592742, 35.709174 ], [ 139.593179, 35.70918 ], [ 139.59318, 35.709171 ], [ 139.593531, 35.709176 ], [ 139.594097, 35.70922 ], [ 139.594108, 35.709221 ], [ 139.594752, 35.709324 ], [ 139.594961, 35.709358 ], [ 139.595468, 35.709441 ], [ 139.595496, 35.709445 ], [ 139.595756, 35.709489 ], [ 139.596006, 35.709539 ], [ 139.596256, 35.709605 ], [ 139.596518, 35.709686 ], [ 139.596804, 35.709811 ], [ 139.597155, 35.70995 ], [ 139.597445, 35.710062 ], [ 139.597977, 35.709266 ], [ 139.597999, 35.709229 ], [ 139.598076, 35.709097 ] ] ] } },
{ "type": "Feature", "properties": { "key": "杉並区|西荻北5丁目", "ward": "杉並区", "town": "西荻北５丁目" }, "geometry": { "type": "Polygon", "coordinates": [ [ [ 139.60021, 35.707519 ], [ 139.59988, 35.70753 ], [ 139.599614, 35.707607 ], [ 139.599515, 35.707641 ], [ 139.59938, 35.707724 ], [ 139.599126, 35.70796 ], [ 139.598987, 35.708066 ], [ 139.598638, 35.708358 ], [ 139.598548, 35.708432 ], [ 139.598489, 35.708539 ], [ 139.598381, 35.708666 ], [ 139.598076, 35.709097 ], [ 139.597999, 35.709229 ], [ 139.597977, 35.709266 ], [ 139.597445, 35.710062 ], [ 139.597712, 35.710174 ], [ 139.598354, 35.710439 ], [ 139.598796, 35.710607 ], [ 139.599024, 35.710721 ], [ 139.599314, 35.71083 ], [ 139.599834, 35.710972 ], [ 139.600438, 35.711142 ], [ 139.600908, 35.711274 ], [ 139.601263, 35.711372 ], [ 139.601643, 35.711484 ], [ 139.60164, 35.711433 ], [ 139.601635, 35.711348 ], [ 139.60183, 35.710907 ], [ 139.601969, 35.710586 ], [ 139.601983, 35.710397 ], [ 139.601982, 35.710385 ], [ 139.601953, 35.709805 ], [ 139.601952, 35.709795 ], [ 139.601928, 35.709314 ], [ 139.601904, 35.708849 ], [ 139.601903, 35.708825 ], [ 139.60187, 35.708252 ], [ 139.60187, 35.708242 ], [ 139.60186, 35.708073 ], [ 139.601858, 35.708049 ], [ 139.601449, 35.707964 ], [ 139.601345, 35.707939 ], [ 139.60087, 35.707778 ], [ 139.600771, 35.707722 ], [ 139.60061, 35.707638 ], [ 139.600372, 35.707549 ], [ 139.60021, 35.707519 ] ] ] } },
{ "type": "Feature", "properties": { "key": "杉並区|上荻1丁目", "ward": "杉並区", "town": "上荻１丁目" }, "geometry": { "type": "Polygon", "coordinates": [ [ [ 139.622189, 35.705259 ], [ 139.622263, 35.705261 ], [ 139.622649, 35.70524 ], [ 139.622689, 35.705235 ], [ 139.622961, 35.705201 ], [ 139.623112, 35.705177 ], [ 139.62325, 35.70513 ], [ 139.623314, 35.705112 ], [ 139.623388, 35.705091 ], [ 139.623421, 35.705064 ], [ 139.623779, 35.70492 ], [ 139.624019, 35.704806 ], [ 139.624132, 35.70476 ], [ 139.624348, 35.704672 ], [ 139.624431, 35.704638 ], [ 139.624419, 35.70463 ], [ 139.623811, 35.704613 ], [ 139.623455, 35.704595 ], [ 139.623212, 35.70459 ], [ 139.622407, 35.704577 ], [ 139.622216, 35.704575 ], [ 139.621926, 35.704583 ], [ 139.62151, 35.704591 ], [ 139.620656, 35.704629 ], [ 139.619446, 35.704613 ], [ 139.619026, 35.704593 ], [ 139.618507, 35.704567 ], [ 139.618145, 35.70456 ], [ 139.617839, 35.704537 ], [ 139.616795, 35.70445 ], [ 139.616593, 35.704428 ], [ 139.616344, 35.704411 ], [ 139.616114, 35.704395 ], [ 139.616099, 35.704418 ], [ 139.615947, 35.705019 ], [ 139.615828, 35.705477 ], [ 139.615808, 35.705558 ], [ 139.615726, 35.705775 ], [ 139.61572, 35.705793 ], [ 139.615539, 35.706301 ], [ 139.615539, 35.706319 ], [ 139.615428, 35.706681 ], [ 139.615346, 35.706903 ], [ 139.615277, 35.707222 ], [ 139.615246, 35.707331 ], [ 139.615166, 35.707665 ], [ 139.615132, 35.707809 ], [ 139.61509, 35.708164 ], [ 139.615311, 35.708033 ], [ 139.61546, 35.707939 ], [ 139.615606, 35.707846 ], [ 139.615773, 35.707739 ], [ 139.616143, 35.707511 ], [ 139.616369, 35.707382 ], [ 139.616696, 35.707195 ], [ 139.617081, 35.706973 ], [ 139.617176, 35.706918 ], [ 139.617341, 35.706823 ], [ 139.617494, 35.706736 ], [ 139.617938, 35.706496 ], [ 139.618003, 35.706461 ], [ 139.618122, 35.7064 ], [ 139.61829, 35.706313 ], [ 139.618319, 35.706298 ], [ 139.618609, 35.70615 ], [ 139.61892, 35.705997 ], [ 139.619191, 35.705873 ], [ 139.619334, 35.705809 ], [ 139.619483, 35.705754 ], [ 139.619968, 35.705574 ], [ 139.620054, 35.705548 ], [ 139.620343, 35.70546 ], [ 139.620453, 35.705427 ], [ 139.620657, 35.705384 ], [ 139.620787, 35.705345 ], [ 139.620913, 35.705342 ], [ 139.621726, 35.705283 ], [ 139.622189, 35.705259 ] ] ] } },
{ "type": "Feature", "properties": { "key": "杉並区|上荻2丁目", "ward": "杉並区", "town": "上荻２丁目" }, "geometry": { "type": "Polygon", "coordinates": [ [ [ 139.610881, 35.704228 ], [ 139.610793, 35.704368 ], [ 139.610633, 35.704609 ], [ 139.610328, 35.704916 ], [ 139.610193, 35.705019 ], [ 139.610008, 35.705129 ], [ 139.609907, 35.705176 ], [ 139.610064, 35.705644 ], [ 139.610222, 35.706114 ], [ 139.61037, 35.706559 ], [ 139.610465, 35.706842 ], [ 139.610587, 35.707206 ], [ 139.61064, 35.707409 ], [ 139.610776, 35.707859 ], [ 139.610841, 35.70806 ], [ 139.610965, 35.70848 ], [ 139.610967, 35.708484 ], [ 139.611189, 35.709231 ], [ 139.611295, 35.709586 ], [ 139.611434, 35.71005 ], [ 139.611853, 35.709864 ], [ 139.611934, 35.709827 ], [ 139.612175, 35.70972 ], [ 139.612408, 35.70961 ], [ 139.61255, 35.709543 ], [ 139.612721, 35.709462 ], [ 139.612896, 35.709379 ], [ 139.613036, 35.709313 ], [ 139.613261, 35.709207 ], [ 139.613482, 35.709081 ], [ 139.613911, 35.708837 ], [ 139.61428, 35.708626 ], [ 139.614385, 35.708566 ], [ 139.614587, 35.708451 ], [ 139.614769, 35.708351 ], [ 139.615066, 35.708177 ], [ 139.61509, 35.708164 ], [ 139.615132, 35.707809 ], [ 139.615166, 35.707665 ], [ 139.615246, 35.707331 ], [ 139.615277, 35.707222 ], [ 139.615346, 35.706903 ], [ 139.615428, 35.706681 ], [ 139.615539, 35.706319 ], [ 139.615539, 35.706301 ], [ 139.61572, 35.705793 ], [ 139.615726, 35.705775 ], [ 139.615808, 35.705558 ], [ 139.615828, 35.705477 ], [ 139.615947, 35.705019 ], [ 139.616099, 35.704418 ], [ 139.615155, 35.704387 ], [ 139.614598, 35.704369 ], [ 139.614298, 35.704359 ], [ 139.613799, 35.704343 ], [ 139.61336, 35.704329 ], [ 139.613352, 35.704328 ], [ 139.610881, 35.704228 ] ] ] } },
{ "type": "Feature", "properties": { "key": "杉並区|上荻3丁目", "ward": "杉並区", "town": "上荻３丁目" }, "geometry": { "type": "Polygon", "coordinates": [ [ [ 139.609907, 35.705176 ], [ 139.609884, 35.705187 ], [ 139.60913, 35.705552 ], [ 139.608921, 35.70565 ], [ 139.608552, 35.705827 ], [ 139.607951, 35.706139 ], [ 139.607791, 35.706213 ], [ 139.607783, 35.706218 ], [ 139.607623, 35.706314 ], [ 139.607532, 35.706413 ], [ 139.607437, 35.706634 ], [ 139.607434, 35.706714 ], [ 139.607513, 35.70701 ], [ 139.607783, 35.707737 ], [ 139.607856, 35.707924 ], [ 139.607851, 35.708062 ], [ 139.607786, 35.708292 ], [ 139.607692, 35.708397 ], [ 139.607622, 35.708454 ], [ 139.607612, 35.708457 ], [ 139.607544, 35.7085 ], [ 139.607375, 35.708563 ], [ 139.60719, 35.708581 ], [ 139.606785, 35.708594 ], [ 139.606919, 35.708925 ], [ 139.607226, 35.709724 ], [ 139.607427, 35.710235 ], [ 139.607617, 35.710712 ], [ 139.607801, 35.711185 ], [ 139.608369, 35.711094 ], [ 139.608605, 35.711052 ], [ 139.608709, 35.711034 ], [ 139.609029, 35.710971 ], [ 139.609569, 35.710818 ], [ 139.609603, 35.710808 ], [ 139.609779, 35.71075 ], [ 139.610057, 35.710646 ], [ 139.610295, 35.71055 ], [ 139.61036, 35.710523 ], [ 139.610491, 35.71047 ], [ 139.610521, 35.710457 ], [ 139.610902, 35.710287 ], [ 139.611324, 35.710099 ], [ 139.611434, 35.71005 ], [ 139.611295, 35.709586 ], [ 139.611189, 35.709231 ], [ 139.610967, 35.708484 ], [ 139.610965, 35.70848 ], [ 139.610841, 35.70806 ], [ 139.610776, 35.707859 ], [ 139.61064, 35.707409 ], [ 139.610587, 35.707206 ], [ 139.610465, 35.706842 ], [ 139.61037, 35.706559 ], [ 139.610222, 35.706114 ], [ 139.610064, 35.705644 ], [ 139.609907, 35.705176 ] ] ] } },
{ "type": "Feature", "properties": { "key": "杉並区|上荻4丁目", "ward": "杉並区", "town": "上荻４丁目" }, "geometry": { "type": "Polygon", "coordinates": [ [ [ 139.606785, 35.708594 ], [ 139.606778, 35.708594 ], [ 139.606203, 35.708601 ], [ 139.606018, 35.708613 ], [ 139.605564, 35.708626 ], [ 139.604007, 35.708676 ], [ 139.603989, 35.708677 ], [ 139.603767, 35.708678 ], [ 139.603523, 35.708665 ], [ 139.603315, 35.708647 ], [ 139.6033, 35.708644 ], [ 139.602829, 35.708344 ], [ 139.602601, 35.708226 ], [ 139.602321, 35.708149 ], [ 139.602039, 35.708108 ], [ 139.60186, 35.708073 ], [ 139.60187, 35.708242 ], [ 139.60187, 35.708252 ], [ 139.601903, 35.708825 ], [ 139.601904, 35.708849 ], [ 139.601928, 35.709314 ], [ 139.601952, 35.709795 ], [ 139.601953, 35.709805 ], [ 139.601982, 35.710385 ], [ 139.601983, 35.710397 ], [ 139.601969, 35.710586 ], [ 139.60183, 35.710907 ], [ 139.601635, 35.711348 ], [ 139.60164, 35.711433 ], [ 139.601643, 35.711484 ], [ 139.601654, 35.711619 ], [ 139.601717, 35.711805 ], [ 139.601809, 35.712104 ], [ 139.601864, 35.7123 ], [ 139.602443, 35.712114 ], [ 139.602457, 35.712111 ], [ 139.602762, 35.71205 ], [ 139.603476, 35.71189 ], [ 139.603482, 35.711889 ], [ 139.604015, 35.711772 ], [ 139.604274, 35.711715 ], [ 139.604306, 35.711706 ], [ 139.604947, 35.711552 ], [ 139.605102, 35.711525 ], [ 139.605342, 35.711497 ], [ 139.605444, 35.711484 ], [ 139.60554, 35.711472 ], [ 139.606112, 35.7114 ], [ 139.606361, 35.711369 ], [ 139.606836, 35.711307 ], [ 139.607064, 35.711283 ], [ 139.607238, 35.711256 ], [ 139.607283, 35.71125 ], [ 139.607788, 35.711186 ], [ 139.607801, 35.711185 ], [ 139.607617, 35.710712 ], [ 139.607427, 35.710235 ], [ 139.607226, 35.709724 ], [ 139.606919, 35.708925 ], [ 139.606785, 35.708594 ] ] ] } },
{ "type": "Feature", "properties": { "key": "杉並区|清水1丁目", "ward": "杉並区", "town": "清水１丁目" }, "geometry": { "type": "Polygon", "coordinates": [ [ [ 139.615633, 35.70784 ], [ 139.615606, 35.707846 ], [ 139.61546, 35.707939 ], [ 139.615311, 35.708033 ], [ 139.61509, 35.708164 ], [ 139.61504, 35.708676 ], [ 139.615017, 35.708912 ], [ 139.614997, 35.709111 ], [ 139.614976, 35.709328 ], [ 139.614916, 35.710023 ], [ 139.614866, 35.710607 ], [ 139.614861, 35.710664 ], [ 139.614821, 35.711069 ], [ 139.614817, 35.711113 ], [ 139.614783, 35.711469 ], [ 139.614755, 35.711761 ], [ 139.614702, 35.712328 ], [ 139.6147, 35.712347 ], [ 139.615417, 35.712384 ], [ 139.615465, 35.712386 ], [ 139.615887, 35.712408 ], [ 139.616154, 35.712422 ], [ 139.617057, 35.712459 ], [ 139.617822, 35.712492 ], [ 139.61803, 35.712483 ], [ 139.618304, 35.712452 ], [ 139.61877, 35.712394 ], [ 139.618808, 35.712389 ], [ 139.619416, 35.712303 ], [ 139.619481, 35.712118 ], [ 139.619532, 35.71197 ], [ 139.619738, 35.711394 ], [ 139.619786, 35.711252 ], [ 139.620212, 35.710884 ], [ 139.620457, 35.710809 ], [ 139.620549, 35.710799 ], [ 139.620869, 35.710772 ], [ 139.621002, 35.710716 ], [ 139.621115, 35.710604 ], [ 139.620869, 35.710512 ], [ 139.620301, 35.710267 ], [ 139.620135, 35.710189 ], [ 139.619822, 35.710062 ], [ 139.619624, 35.709971 ], [ 139.619556, 35.709943 ], [ 139.619339, 35.709852 ], [ 139.618997, 35.709694 ], [ 139.618917, 35.70966 ], [ 139.618608, 35.709525 ], [ 139.618594, 35.709522 ], [ 139.618173, 35.709326 ], [ 139.618133, 35.709308 ], [ 139.617746, 35.709137 ], [ 139.617731, 35.709131 ], [ 139.617394, 35.708989 ], [ 139.616886, 35.708711 ], [ 139.616562, 35.708495 ], [ 139.616071, 35.708158 ], [ 139.616048, 35.70814 ], [ 139.615961, 35.708077 ], [ 139.615633, 35.70784 ] ] ] } },
{ "type": "Feature", "properties": { "key": "杉並区|清水2丁目", "ward": "杉並区", "town": "清水２丁目" }, "geometry": { "type": "Polygon", "coordinates": [ [ [ 139.619416, 35.712303 ], [ 139.618808, 35.712389 ], [ 139.61877, 35.712394 ], [ 139.618304, 35.712452 ], [ 139.61803, 35.712483 ], [ 139.617822, 35.712492 ], [ 139.617057, 35.712459 ], [ 139.616154, 35.712422 ], [ 139.615887, 35.712408 ], [ 139.615465, 35.712386 ], [ 139.615417, 35.712384 ], [ 139.6147, 35.712347 ], [ 139.614641, 35.71297 ], [ 139.614621, 35.713107 ], [ 139.614574, 35.713571 ], [ 139.614575, 35.713575 ], [ 139.614573, 35.713591 ], [ 139.614504, 35.714147 ], [ 139.614493, 35.714414 ], [ 139.61443, 35.715065 ], [ 139.614569, 35.715076 ], [ 139.615342, 35.715132 ], [ 139.616312, 35.715197 ], [ 139.617059, 35.715242 ], [ 139.618214, 35.715314 ], [ 139.619073, 35.715366 ], [ 139.619804, 35.715406 ], [ 139.620378, 35.715448 ], [ 139.620566, 35.715432 ], [ 139.620835, 35.715389 ], [ 139.62109, 35.715327 ], [ 139.621266, 35.715266 ], [ 139.621236, 35.715178 ], [ 139.621103, 35.714925 ], [ 139.621018, 35.714802 ], [ 139.620872, 35.714632 ], [ 139.620557, 35.714319 ], [ 139.620392, 35.714145 ], [ 139.620195, 35.713941 ], [ 139.619745, 35.713483 ], [ 139.619587, 35.713312 ], [ 139.619316, 35.713036 ], [ 139.619158, 35.712879 ], [ 139.619176, 35.712835 ], [ 139.619337, 35.712506 ], [ 139.619416, 35.712303 ] ] ] } },
{ "type": "Feature", "properties": { "key": "杉並区|清水3丁目", "ward": "杉並区", "town": "清水３丁目" }, "geometry": { "type": "Polygon", "coordinates": [ [ [ 139.618999, 35.718963 ], [ 139.61898, 35.71898 ], [ 139.619233, 35.718896 ], [ 139.62026, 35.718602 ], [ 139.620305, 35.718602 ], [ 139.621109, 35.718359 ], [ 139.62112, 35.718355 ], [ 139.621197, 35.717934 ], [ 139.621197, 35.717926 ], [ 139.621296, 35.717434 ], [ 139.62139, 35.716967 ], [ 139.621457, 35.716661 ], [ 139.621517, 35.716345 ], [ 139.621536, 35.716333 ], [ 139.621516, 35.71615 ], [ 139.621341, 35.715508 ], [ 139.621329, 35.715466 ], [ 139.621266, 35.715266 ], [ 139.62109, 35.715327 ], [ 139.620835, 35.715389 ], [ 139.620566, 35.715432 ], [ 139.620378, 35.715448 ], [ 139.619804, 35.715406 ], [ 139.619073, 35.715366 ], [ 139.618214, 35.715314 ], [ 139.617059, 35.715242 ], [ 139.616312, 35.715197 ], [ 139.615342, 35.715132 ], [ 139.614569, 35.715076 ], [ 139.61443, 35.715065 ], [ 139.614412, 35.71507 ], [ 139.614325, 35.716063 ], [ 139.614338, 35.716067 ], [ 139.614304, 35.716314 ], [ 139.614267, 35.716779 ], [ 139.614239, 35.717112 ], [ 139.614242, 35.717157 ], [ 139.614162, 35.71804 ], [ 139.614161, 35.718058 ], [ 139.6141, 35.7191 ], [ 139.614083, 35.7191 ], [ 139.614083, 35.719112 ], [ 139.614558, 35.719134 ], [ 139.614948, 35.719153 ], [ 139.61567, 35.719184 ], [ 139.616414, 35.719217 ], [ 139.61688, 35.719231 ], [ 139.616898, 35.719239 ], [ 139.617958, 35.719277 ], [ 139.618489, 35.719123 ], [ 139.618603, 35.719079 ], [ 139.618999, 35.718963 ] ] ] } },
{ "type": "Feature", "properties": { "key": "杉並区|本天沼1丁目", "ward": "杉並区", "town": "本天沼１丁目" }, "geometry": { "type": "Polygon", "coordinates": [ [ [ 139.629111, 35.711783 ], [ 139.628898, 35.7124 ], [ 139.628766, 35.71274 ], [ 139.628707, 35.712807 ], [ 139.628491, 35.712989 ], [ 139.628437, 35.713053 ], [ 139.62837, 35.713118 ], [ 139.628172, 35.713362 ], [ 139.628361, 35.713611 ], [ 139.628544, 35.713939 ], [ 139.62874, 35.714247 ], [ 139.628884, 35.71449 ], [ 139.628969, 35.714686 ], [ 139.629124, 35.715015 ], [ 139.629232, 35.715175 ], [ 139.629551, 35.715687 ], [ 139.629877, 35.715569 ], [ 139.630582, 35.715316 ], [ 139.630629, 35.715294 ], [ 139.630865, 35.715208 ], [ 139.631084, 35.715136 ], [ 139.63121, 35.715095 ], [ 139.631329, 35.715062 ], [ 139.631702, 35.714956 ], [ 139.631905, 35.714899 ], [ 139.631995, 35.714878 ], [ 139.632245, 35.714821 ], [ 139.632614, 35.714736 ], [ 139.632943, 35.714656 ], [ 139.632999, 35.714642 ], [ 139.633043, 35.714631 ], [ 139.633461, 35.714532 ], [ 139.633614, 35.714489 ], [ 139.633778, 35.714446 ], [ 139.634137, 35.714352 ], [ 139.634307, 35.714311 ], [ 139.634869, 35.714163 ], [ 139.634864, 35.714151 ], [ 139.63469, 35.713726 ], [ 139.63455, 35.713384 ], [ 139.634501, 35.713347 ], [ 139.634204, 35.712871 ], [ 139.634129, 35.712715 ], [ 139.63402, 35.712692 ], [ 139.633332, 35.712544 ], [ 139.632855, 35.712442 ], [ 139.632084, 35.712277 ], [ 139.63202, 35.712263 ], [ 139.631672, 35.71219 ], [ 139.631292, 35.712111 ], [ 139.631195, 35.712102 ], [ 139.630826, 35.712037 ], [ 139.630725, 35.712019 ], [ 139.630561, 35.71199 ], [ 139.629836, 35.71189 ], [ 139.629111, 35.711783 ] ] ] } },
{ "type": "Feature", "properties": { "key": "杉並区|本天沼2丁目", "ward": "杉並区", "town": "本天沼２丁目" }, "geometry": { "type": "Polygon", "coordinates": [ [ [ 139.62777, 35.711712 ], [ 139.627711, 35.711719 ], [ 139.626998, 35.711668 ], [ 139.626925, 35.711659 ], [ 139.62657, 35.711615 ], [ 139.626293, 35.711582 ], [ 139.625771, 35.711518 ], [ 139.625511, 35.71149 ], [ 139.625244, 35.711455 ], [ 139.625101, 35.711435 ], [ 139.624668, 35.711377 ], [ 139.624227, 35.71132 ], [ 139.623965, 35.711286 ], [ 139.623708, 35.711251 ], [ 139.623626, 35.711237 ], [ 139.622821, 35.71106 ], [ 139.622911, 35.711426 ], [ 139.6231, 35.711952 ], [ 139.623115, 35.711999 ], [ 139.623229, 35.712336 ], [ 139.623286, 35.712531 ], [ 139.623476, 35.713068 ], [ 139.623666, 35.713446 ], [ 139.623792, 35.713681 ], [ 139.624079, 35.714301 ], [ 139.624106, 35.714865 ], [ 139.624063, 35.715325 ], [ 139.624113, 35.715737 ], [ 139.624176, 35.716209 ], [ 139.624429, 35.716777 ], [ 139.624665, 35.717296 ], [ 139.624632, 35.71731 ], [ 139.625186, 35.717137 ], [ 139.625738, 35.716969 ], [ 139.626648, 35.716691 ], [ 139.627014, 35.71659 ], [ 139.627014, 35.716573 ], [ 139.627493, 35.716414 ], [ 139.627825, 35.716329 ], [ 139.628567, 35.716068 ], [ 139.628969, 35.715927 ], [ 139.6292, 35.715838 ], [ 139.629545, 35.71569 ], [ 139.629551, 35.715687 ], [ 139.629232, 35.715175 ], [ 139.629124, 35.715015 ], [ 139.628969, 35.714686 ], [ 139.628884, 35.71449 ], [ 139.62874, 35.714247 ], [ 139.628544, 35.713939 ], [ 139.628361, 35.713611 ], [ 139.628172, 35.713362 ], [ 139.62837, 35.713118 ], [ 139.628437, 35.713053 ], [ 139.628491, 35.712989 ], [ 139.628707, 35.712807 ], [ 139.628766, 35.71274 ], [ 139.628898, 35.7124 ], [ 139.629111, 35.711783 ], [ 139.628688, 35.711761 ], [ 139.628386, 35.711742 ], [ 139.628146, 35.711727 ], [ 139.62777, 35.711712 ] ] ] } },
{ "type": "Feature", "properties": { "key": "杉並区|本天沼3丁目", "ward": "杉並区", "town": "本天沼３丁目" }, "geometry": { "type": "Polygon", "coordinates": [ [ [ 139.623567, 35.717626 ], [ 139.623561, 35.717646 ], [ 139.62412, 35.717471 ], [ 139.624632, 35.71731 ], [ 139.624665, 35.717296 ], [ 139.624429, 35.716777 ], [ 139.624176, 35.716209 ], [ 139.624113, 35.715737 ], [ 139.624063, 35.715325 ], [ 139.624106, 35.714865 ], [ 139.624079, 35.714301 ], [ 139.623792, 35.713681 ], [ 139.623666, 35.713446 ], [ 139.623476, 35.713068 ], [ 139.623286, 35.712531 ], [ 139.623229, 35.712336 ], [ 139.623115, 35.711999 ], [ 139.6231, 35.711952 ], [ 139.622911, 35.711426 ], [ 139.622821, 35.71106 ], [ 139.622667, 35.711028 ], [ 139.622422, 35.71096 ], [ 139.622239, 35.710909 ], [ 139.622056, 35.71086 ], [ 139.621616, 35.710742 ], [ 139.621415, 35.710689 ], [ 139.621227, 35.710638 ], [ 139.621154, 35.710619 ], [ 139.621142, 35.710614 ], [ 139.621115, 35.710604 ], [ 139.621002, 35.710716 ], [ 139.620869, 35.710772 ], [ 139.620549, 35.710799 ], [ 139.620457, 35.710809 ], [ 139.620212, 35.710884 ], [ 139.619786, 35.711252 ], [ 139.619738, 35.711394 ], [ 139.619532, 35.71197 ], [ 139.619481, 35.712118 ], [ 139.619416, 35.712303 ], [ 139.619337, 35.712506 ], [ 139.619176, 35.712835 ], [ 139.619158, 35.712879 ], [ 139.619316, 35.713036 ], [ 139.619587, 35.713312 ], [ 139.619745, 35.713483 ], [ 139.620195, 35.713941 ], [ 139.620392, 35.714145 ], [ 139.620557, 35.714319 ], [ 139.620872, 35.714632 ], [ 139.621018, 35.714802 ], [ 139.621103, 35.714925 ], [ 139.621236, 35.715178 ], [ 139.621266, 35.715266 ], [ 139.621329, 35.715466 ], [ 139.621341, 35.715508 ], [ 139.621516, 35.71615 ], [ 139.621536, 35.716333 ], [ 139.621517, 35.716345 ], [ 139.621457, 35.716661 ], [ 139.62139, 35.716967 ], [ 139.621296, 35.717434 ], [ 139.621197, 35.717926 ], [ 139.621197, 35.717934 ], [ 139.62112, 35.718355 ], [ 139.621109, 35.718359 ], [ 139.621144, 35.718364 ], [ 139.622185, 35.718068 ], [ 139.622738, 35.717898 ], [ 139.622854, 35.717856 ], [ 139.623047, 35.717784 ], [ 139.623567, 35.717626 ] ] ] } },
{ "type": "Feature", "properties": { "key": "杉並区|天沼1丁目", "ward": "杉並区", "town": "天沼１丁目" }, "geometry": { "type": "Polygon", "coordinates": [ [ [ 139.629199, 35.711561 ], [ 139.629278, 35.711356 ], [ 139.629365, 35.711128 ], [ 139.629577, 35.710443 ], [ 139.629697, 35.710052 ], [ 139.629701, 35.710039 ], [ 139.629803, 35.709789 ], [ 139.629813, 35.709754 ], [ 139.629908, 35.709423 ], [ 139.629963, 35.709195 ], [ 139.629975, 35.709062 ], [ 139.630181, 35.70866 ], [ 139.630415, 35.708199 ], [ 139.630546, 35.70794 ], [ 139.630654, 35.707741 ], [ 139.630655, 35.70773 ], [ 139.630659, 35.707336 ], [ 139.630669, 35.707182 ], [ 139.630553, 35.70713 ], [ 139.630411, 35.707041 ], [ 139.630328, 35.706938 ], [ 139.630274, 35.70677 ], [ 139.630238, 35.70666 ], [ 139.630159, 35.706528 ], [ 139.629995, 35.70627 ], [ 139.629951, 35.706201 ], [ 139.629788, 35.706004 ], [ 139.629673, 35.70592 ], [ 139.629605, 35.705861 ], [ 139.629504, 35.705752 ], [ 139.629377, 35.705588 ], [ 139.629363, 35.70556 ], [ 139.629202, 35.705248 ], [ 139.629067, 35.704959 ], [ 139.62899, 35.704761 ], [ 139.628972, 35.704733 ], [ 139.628316, 35.704713 ], [ 139.628066, 35.704706 ], [ 139.626708, 35.704672 ], [ 139.626679, 35.704671 ], [ 139.626457, 35.704669 ], [ 139.626451, 35.704668 ], [ 139.626424, 35.704668 ], [ 139.626245, 35.704779 ], [ 139.62612, 35.704902 ], [ 139.626039, 35.705011 ], [ 139.625879, 35.705279 ], [ 139.625898, 35.705582 ], [ 139.625916, 35.705873 ], [ 139.626185, 35.706462 ], [ 139.626362, 35.706853 ], [ 139.626458, 35.707056 ], [ 139.626638, 35.707395 ], [ 139.626759, 35.707613 ], [ 139.626884, 35.707847 ], [ 139.626997, 35.70808 ], [ 139.62719, 35.708466 ], [ 139.627185, 35.708499 ], [ 139.627047, 35.709205 ], [ 139.627035, 35.709308 ], [ 139.626956, 35.709936 ], [ 139.626929, 35.710572 ], [ 139.626922, 35.710685 ], [ 139.626947, 35.71076 ], [ 139.626952, 35.71115 ], [ 139.626941, 35.711366 ], [ 139.626925, 35.711659 ], [ 139.626998, 35.711668 ], [ 139.627711, 35.711719 ], [ 139.62777, 35.711712 ], [ 139.628146, 35.711727 ], [ 139.628386, 35.711742 ], [ 139.628688, 35.711761 ], [ 139.629111, 35.711783 ], [ 139.629199, 35.711561 ] ] ] } },
{ "type": "Feature", "properties": { "key": "杉並区|天沼2丁目", "ward": "杉並区", "town": "天沼２丁目" }, "geometry": { "type": "Polygon", "coordinates": [ [ [ 139.624498, 35.70462 ], [ 139.624431, 35.704638 ], [ 139.624348, 35.704672 ], [ 139.624132, 35.70476 ], [ 139.624019, 35.704806 ], [ 139.623779, 35.70492 ], [ 139.623421, 35.705064 ], [ 139.623388, 35.705091 ], [ 139.623314, 35.705112 ], [ 139.62325, 35.70513 ], [ 139.623112, 35.705177 ], [ 139.622961, 35.705201 ], [ 139.622689, 35.705235 ], [ 139.62275, 35.705576 ], [ 139.622797, 35.705842 ], [ 139.622869, 35.706241 ], [ 139.622908, 35.706457 ], [ 139.622967, 35.706792 ], [ 139.623001, 35.706914 ], [ 139.623057, 35.707048 ], [ 139.623112, 35.707219 ], [ 139.623128, 35.707319 ], [ 139.623144, 35.707572 ], [ 139.623131, 35.707657 ], [ 139.623042, 35.707753 ], [ 139.622852, 35.707784 ], [ 139.622809, 35.708344 ], [ 139.622774, 35.708493 ], [ 139.622691, 35.708891 ], [ 139.622688, 35.70933 ], [ 139.622679, 35.709519 ], [ 139.622689, 35.70971 ], [ 139.622689, 35.70975 ], [ 139.622702, 35.710072 ], [ 139.622704, 35.710107 ], [ 139.622717, 35.710488 ], [ 139.622667, 35.711028 ], [ 139.622821, 35.71106 ], [ 139.623626, 35.711237 ], [ 139.623708, 35.711251 ], [ 139.623965, 35.711286 ], [ 139.624227, 35.71132 ], [ 139.624668, 35.711377 ], [ 139.625101, 35.711435 ], [ 139.625244, 35.711455 ], [ 139.625511, 35.71149 ], [ 139.625771, 35.711518 ], [ 139.626293, 35.711582 ], [ 139.62657, 35.711615 ], [ 139.626925, 35.711659 ], [ 139.626941, 35.711366 ], [ 139.626952, 35.71115 ], [ 139.626947, 35.71076 ], [ 139.626922, 35.710685 ], [ 139.626929, 35.710572 ], [ 139.626956, 35.709936 ], [ 139.627035, 35.709308 ], [ 139.627047, 35.709205 ], [ 139.627185, 35.708499 ], [ 139.62719, 35.708466 ], [ 139.626997, 35.70808 ], [ 139.626884, 35.707847 ], [ 139.626759, 35.707613 ], [ 139.626638, 35.707395 ], [ 139.626458, 35.707056 ], [ 139.626362, 35.706853 ], [ 139.626185, 35.706462 ], [ 139.625916, 35.705873 ], [ 139.625898, 35.705582 ], [ 139.625879, 35.705279 ], [ 139.626039, 35.705011 ], [ 139.62612, 35.704902 ], [ 139.626245, 35.704779 ], [ 139.626424, 35.704668 ], [ 139.62527, 35.704646 ], [ 139.624498, 35.70462 ] ] ] } },
{ "type": "Feature", "properties": { "key": "杉並区|天沼3丁目", "ward": "杉並区", "town": "天沼３丁目" }, "geometry": { "type": "Polygon", "coordinates": [ [ [ 139.622852, 35.707784 ], [ 139.623042, 35.707753 ], [ 139.623131, 35.707657 ], [ 139.623144, 35.707572 ], [ 139.623128, 35.707319 ], [ 139.623112, 35.707219 ], [ 139.623057, 35.707048 ], [ 139.623001, 35.706914 ], [ 139.622967, 35.706792 ], [ 139.622908, 35.706457 ], [ 139.622869, 35.706241 ], [ 139.622797, 35.705842 ], [ 139.62275, 35.705576 ], [ 139.622689, 35.705235 ], [ 139.622649, 35.70524 ], [ 139.622263, 35.705261 ], [ 139.622189, 35.705259 ], [ 139.621726, 35.705283 ], [ 139.620913, 35.705342 ], [ 139.620787, 35.705345 ], [ 139.620657, 35.705384 ], [ 139.620453, 35.705427 ], [ 139.620343, 35.70546 ], [ 139.620054, 35.705548 ], [ 139.619968, 35.705574 ], [ 139.619483, 35.705754 ], [ 139.619334, 35.705809 ], [ 139.619191, 35.705873 ], [ 139.61892, 35.705997 ], [ 139.618609, 35.70615 ], [ 139.618319, 35.706298 ], [ 139.61829, 35.706313 ], [ 139.618122, 35.7064 ], [ 139.618003, 35.706461 ], [ 139.617938, 35.706496 ], [ 139.617494, 35.706736 ], [ 139.617341, 35.706823 ], [ 139.617176, 35.706918 ], [ 139.617081, 35.706973 ], [ 139.616696, 35.707195 ], [ 139.616369, 35.707382 ], [ 139.616143, 35.707511 ], [ 139.615773, 35.707739 ], [ 139.615606, 35.707846 ], [ 139.615633, 35.70784 ], [ 139.615961, 35.708077 ], [ 139.616048, 35.70814 ], [ 139.616071, 35.708158 ], [ 139.616562, 35.708495 ], [ 139.616886, 35.708711 ], [ 139.617394, 35.708989 ], [ 139.617731, 35.709131 ], [ 139.617746, 35.709137 ], [ 139.618133, 35.709308 ], [ 139.618173, 35.709326 ], [ 139.618594, 35.709522 ], [ 139.618608, 35.709525 ], [ 139.618917, 35.70966 ], [ 139.618997, 35.709694 ], [ 139.619339, 35.709852 ], [ 139.619556, 35.709943 ], [ 139.619624, 35.709971 ], [ 139.619822, 35.710062 ], [ 139.620135, 35.710189 ], [ 139.620301, 35.710267 ], [ 139.620869, 35.710512 ], [ 139.621115, 35.710604 ], [ 139.621142, 35.710614 ], [ 139.621154, 35.710619 ], [ 139.621227, 35.710638 ], [ 139.621415, 35.710689 ], [ 139.621616, 35.710742 ], [ 139.622056, 35.71086 ], [ 139.622239, 35.710909 ], [ 139.622422, 35.71096 ], [ 139.622667, 35.711028 ], [ 139.622717, 35.710488 ], [ 139.622704, 35.710107 ], [ 139.622702, 35.710072 ], [ 139.622689, 35.70975 ], [ 139.622689, 35.70971 ], [ 139.622679, 35.709519 ], [ 139.622688, 35.70933 ], [ 139.622691, 35.708891 ], [ 139.622774, 35.708493 ], [ 139.622809, 35.708344 ], [ 139.622852, 35.707784 ] ] ] } },
{ "type": "Feature", "properties": { "key": "杉並区|阿佐谷北1丁目", "ward": "杉並区", "town": "阿佐谷北１丁目" }, "geometry": { "type": "Polygon", "coordinates": [ [ [ 139.6417, 35.706473 ], [ 139.641745, 35.706445 ], [ 139.641886, 35.706358 ], [ 139.641897, 35.706316 ], [ 139.641991, 35.706005 ], [ 139.641962, 35.705781 ], [ 139.641986, 35.705635 ], [ 139.642142, 35.7055 ], [ 139.6422, 35.705424 ], [ 139.642347, 35.705326 ], [ 139.642564, 35.705181 ], [ 139.641902, 35.705168 ], [ 139.641011, 35.705151 ], [ 139.640945, 35.70515 ], [ 139.639579, 35.705124 ], [ 139.639529, 35.705123 ], [ 139.639111, 35.705108 ], [ 139.638978, 35.705103 ], [ 139.638536, 35.705096 ], [ 139.637995, 35.705072 ], [ 139.637364, 35.705065 ], [ 139.636914, 35.705078 ], [ 139.636723, 35.705056 ], [ 139.636692, 35.705084 ], [ 139.636633, 35.705409 ], [ 139.636618, 35.705491 ], [ 139.636591, 35.7056 ], [ 139.636507, 35.705932 ], [ 139.636368, 35.70648 ], [ 139.636151, 35.706471 ], [ 139.635861, 35.706771 ], [ 139.635687, 35.70694 ], [ 139.635479, 35.70714 ], [ 139.635145, 35.707441 ], [ 139.634974, 35.707605 ], [ 139.634713, 35.707877 ], [ 139.634668, 35.708027 ], [ 139.634631, 35.708397 ], [ 139.634624, 35.70854 ], [ 139.634628, 35.708635 ], [ 139.634608, 35.70908 ], [ 139.634611, 35.709131 ], [ 139.634584, 35.709411 ], [ 139.634557, 35.709472 ], [ 139.634407, 35.709659 ], [ 139.634955, 35.709966 ], [ 139.6352, 35.710099 ], [ 139.635415, 35.710216 ], [ 139.635949, 35.710345 ], [ 139.636151, 35.710402 ], [ 139.636215, 35.710406 ], [ 139.636407, 35.710419 ], [ 139.636417, 35.710419 ], [ 139.636731, 35.710406 ], [ 139.637213, 35.710367 ], [ 139.63736, 35.710365 ], [ 139.637524, 35.710335 ], [ 139.6377, 35.710282 ], [ 139.638392, 35.710086 ], [ 139.638391, 35.710083 ], [ 139.638384, 35.710006 ], [ 139.638422, 35.709842 ], [ 139.638542, 35.709648 ], [ 139.638627, 35.709424 ], [ 139.63871, 35.709166 ], [ 139.638756, 35.709081 ], [ 139.638854, 35.708971 ], [ 139.639301, 35.708639 ], [ 139.639367, 35.708601 ], [ 139.639455, 35.708473 ], [ 139.639521, 35.708327 ], [ 139.639522, 35.708323 ], [ 139.639553, 35.708204 ], [ 139.63957, 35.708027 ], [ 139.639535, 35.707803 ], [ 139.639533, 35.707734 ], [ 139.63957, 35.707653 ], [ 139.639582, 35.707641 ], [ 139.639836, 35.707395 ], [ 139.639885, 35.707344 ], [ 139.640069, 35.707262 ], [ 139.64016, 35.707221 ], [ 139.640336, 35.707157 ], [ 139.640769, 35.707 ], [ 139.640878, 35.706957 ], [ 139.641041, 35.706866 ], [ 139.641338, 35.706678 ], [ 139.641485, 35.706603 ], [ 139.6417, 35.706473 ] ] ] } },
{ "type": "Feature", "properties": { "key": "杉並区|阿佐谷北2丁目", "ward": "杉並区", "town": "阿佐谷北２丁目" }, "geometry": { "type": "Polygon", "coordinates": [ [ [ 139.635145, 35.707441 ], [ 139.635479, 35.70714 ], [ 139.635687, 35.70694 ], [ 139.635861, 35.706771 ], [ 139.636151, 35.706471 ], [ 139.636368, 35.70648 ], [ 139.636507, 35.705932 ], [ 139.636591, 35.7056 ], [ 139.636618, 35.705491 ], [ 139.636633, 35.705409 ], [ 139.636692, 35.705084 ], [ 139.636058, 35.705062 ], [ 139.635995, 35.705057 ], [ 139.63528, 35.70501 ], [ 139.635204, 35.705001 ], [ 139.634919, 35.704976 ], [ 139.634485, 35.704937 ], [ 139.634077, 35.704913 ], [ 139.633766, 35.704887 ], [ 139.633472, 35.704877 ], [ 139.633035, 35.704863 ], [ 139.632641, 35.704853 ], [ 139.632029, 35.704836 ], [ 139.631196, 35.704814 ], [ 139.630077, 35.704778 ], [ 139.629389, 35.70475 ], [ 139.628972, 35.704733 ], [ 139.62899, 35.704761 ], [ 139.629067, 35.704959 ], [ 139.629202, 35.705248 ], [ 139.629363, 35.70556 ], [ 139.629377, 35.705588 ], [ 139.629504, 35.705752 ], [ 139.629605, 35.705861 ], [ 139.629673, 35.70592 ], [ 139.629788, 35.706004 ], [ 139.629951, 35.706201 ], [ 139.629995, 35.70627 ], [ 139.630159, 35.706528 ], [ 139.630238, 35.70666 ], [ 139.630274, 35.70677 ], [ 139.630328, 35.706938 ], [ 139.630411, 35.707041 ], [ 139.630553, 35.70713 ], [ 139.630669, 35.707182 ], [ 139.630659, 35.707336 ], [ 139.630655, 35.70773 ], [ 139.631418, 35.70771 ], [ 139.631551, 35.707694 ], [ 139.631837, 35.707668 ], [ 139.63236, 35.707464 ], [ 139.632699, 35.707782 ], [ 139.632928, 35.707891 ], [ 139.633288, 35.708003 ], [ 139.633613, 35.708082 ], [ 139.633777, 35.708125 ], [ 139.634042, 35.708185 ], [ 139.634164, 35.708241 ], [ 139.634385, 35.708343 ], [ 139.634494, 35.708384 ], [ 139.634631, 35.708397 ], [ 139.634668, 35.708027 ], [ 139.634713, 35.707877 ], [ 139.634974, 35.707605 ], [ 139.635145, 35.707441 ] ] ] } },
{ "type": "Feature", "properties": { "key": "杉並区|阿佐谷北3丁目", "ward": "杉並区", "town": "阿佐谷北３丁目" }, "geometry": { "type": "Polygon", "coordinates": [ [ [ 139.63236, 35.707464 ], [ 139.631837, 35.707668 ], [ 139.631551, 35.707694 ], [ 139.631418, 35.70771 ], [ 139.630655, 35.70773 ], [ 139.630654, 35.707741 ], [ 139.630546, 35.70794 ], [ 139.630415, 35.708199 ], [ 139.630181, 35.70866 ], [ 139.629975, 35.709062 ], [ 139.629963, 35.709195 ], [ 139.629908, 35.709423 ], [ 139.629813, 35.709754 ], [ 139.629803, 35.709789 ], [ 139.629701, 35.710039 ], [ 139.629697, 35.710052 ], [ 139.629577, 35.710443 ], [ 139.629365, 35.711128 ], [ 139.629278, 35.711356 ], [ 139.629199, 35.711561 ], [ 139.629111, 35.711783 ], [ 139.629836, 35.71189 ], [ 139.630561, 35.71199 ], [ 139.630725, 35.712019 ], [ 139.630826, 35.712037 ], [ 139.631195, 35.712102 ], [ 139.631292, 35.712111 ], [ 139.631672, 35.71219 ], [ 139.63202, 35.712263 ], [ 139.632084, 35.712277 ], [ 139.632855, 35.712442 ], [ 139.633332, 35.712544 ], [ 139.63402, 35.712692 ], [ 139.633956, 35.712288 ], [ 139.633914, 35.712023 ], [ 139.633896, 35.711907 ], [ 139.633877, 35.711785 ], [ 139.633855, 35.711686 ], [ 139.633842, 35.711373 ], [ 139.633842, 35.711255 ], [ 139.633904, 35.71085 ], [ 139.633908, 35.710824 ], [ 139.633958, 35.710639 ], [ 139.634039, 35.710389 ], [ 139.634254, 35.709863 ], [ 139.634407, 35.709659 ], [ 139.634557, 35.709472 ], [ 139.634584, 35.709411 ], [ 139.634611, 35.709131 ], [ 139.634608, 35.70908 ], [ 139.634628, 35.708635 ], [ 139.634624, 35.70854 ], [ 139.634631, 35.708397 ], [ 139.634494, 35.708384 ], [ 139.634385, 35.708343 ], [ 139.634164, 35.708241 ], [ 139.634042, 35.708185 ], [ 139.633777, 35.708125 ], [ 139.633613, 35.708082 ], [ 139.633288, 35.708003 ], [ 139.632928, 35.707891 ], [ 139.632699, 35.707782 ], [ 139.63236, 35.707464 ] ] ] } },
{ "type": "Feature", "properties": { "key": "杉並区|阿佐谷北4丁目", "ward": "杉並区", "town": "阿佐谷北４丁目" }, "geometry": { "type": "Polygon", "coordinates": [ [ [ 139.638483, 35.710364 ], [ 139.638404, 35.710079 ], [ 139.638391, 35.710083 ], [ 139.638392, 35.710086 ], [ 139.6377, 35.710282 ], [ 139.637524, 35.710335 ], [ 139.63736, 35.710365 ], [ 139.637213, 35.710367 ], [ 139.636731, 35.710406 ], [ 139.636417, 35.710419 ], [ 139.636407, 35.710419 ], [ 139.636215, 35.710406 ], [ 139.636151, 35.710402 ], [ 139.635949, 35.710345 ], [ 139.635415, 35.710216 ], [ 139.6352, 35.710099 ], [ 139.634955, 35.709966 ], [ 139.634407, 35.709659 ], [ 139.634254, 35.709863 ], [ 139.634039, 35.710389 ], [ 139.633958, 35.710639 ], [ 139.633908, 35.710824 ], [ 139.633904, 35.71085 ], [ 139.633842, 35.711255 ], [ 139.633842, 35.711373 ], [ 139.633855, 35.711686 ], [ 139.633877, 35.711785 ], [ 139.633896, 35.711907 ], [ 139.633914, 35.712023 ], [ 139.633956, 35.712288 ], [ 139.63402, 35.712692 ], [ 139.634129, 35.712715 ], [ 139.634204, 35.712871 ], [ 139.634501, 35.713347 ], [ 139.63455, 35.713384 ], [ 139.63469, 35.713726 ], [ 139.634864, 35.714151 ], [ 139.635073, 35.714074 ], [ 139.635447, 35.713935 ], [ 139.635631, 35.713877 ], [ 139.635973, 35.713749 ], [ 139.636055, 35.713718 ], [ 139.636382, 35.713601 ], [ 139.636824, 35.71346 ], [ 139.637, 35.713392 ], [ 139.637184, 35.713316 ], [ 139.637517, 35.713239 ], [ 139.637851, 35.71314 ], [ 139.638087, 35.713078 ], [ 139.638488, 35.71296 ], [ 139.638745, 35.712894 ], [ 139.639174, 35.712771 ], [ 139.639025, 35.712355 ], [ 139.638981, 35.71221 ], [ 139.638935, 35.712086 ], [ 139.638909, 35.711987 ], [ 139.638795, 35.711661 ], [ 139.63877, 35.711573 ], [ 139.638642, 35.711014 ], [ 139.63864, 35.710974 ], [ 139.638588, 35.71077 ], [ 139.638567, 35.710667 ], [ 139.638483, 35.710364 ] ] ] } },
{ "type": "Feature", "properties": { "key": "杉並区|阿佐谷北5丁目", "ward": "杉並区", "town": "阿佐谷北５丁目" }, "geometry": { "type": "Polygon", "coordinates": [ [ [ 139.643072, 35.71006 ], [ 139.643027, 35.709898 ], [ 139.643011, 35.709842 ], [ 139.642967, 35.709683 ], [ 139.642746, 35.708937 ], [ 139.642744, 35.708947 ], [ 139.642629, 35.708551 ], [ 139.642511, 35.708118 ], [ 139.642405, 35.707832 ], [ 139.64236, 35.70771 ], [ 139.642212, 35.707302 ], [ 139.642106, 35.706999 ], [ 139.642027, 35.706774 ], [ 139.641897, 35.706408 ], [ 139.641886, 35.706358 ], [ 139.641745, 35.706445 ], [ 139.6417, 35.706473 ], [ 139.641485, 35.706603 ], [ 139.641338, 35.706678 ], [ 139.641041, 35.706866 ], [ 139.640878, 35.706957 ], [ 139.640769, 35.707 ], [ 139.640336, 35.707157 ], [ 139.64016, 35.707221 ], [ 139.640069, 35.707262 ], [ 139.639885, 35.707344 ], [ 139.639836, 35.707395 ], [ 139.639582, 35.707641 ], [ 139.63957, 35.707653 ], [ 139.639533, 35.707734 ], [ 139.639535, 35.707803 ], [ 139.63957, 35.708027 ], [ 139.639553, 35.708204 ], [ 139.639522, 35.708323 ], [ 139.639521, 35.708327 ], [ 139.639455, 35.708473 ], [ 139.639367, 35.708601 ], [ 139.639301, 35.708639 ], [ 139.638854, 35.708971 ], [ 139.638756, 35.709081 ], [ 139.63871, 35.709166 ], [ 139.638627, 35.709424 ], [ 139.638542, 35.709648 ], [ 139.638422, 35.709842 ], [ 139.638384, 35.710006 ], [ 139.638391, 35.710083 ], [ 139.638404, 35.710079 ], [ 139.638483, 35.710364 ], [ 139.638567, 35.710667 ], [ 139.638588, 35.71077 ], [ 139.63864, 35.710974 ], [ 139.638642, 35.711014 ], [ 139.63877, 35.711573 ], [ 139.638795, 35.711661 ], [ 139.638909, 35.711987 ], [ 139.638935, 35.712086 ], [ 139.638981, 35.71221 ], [ 139.639025, 35.712355 ], [ 139.639174, 35.712771 ], [ 139.639243, 35.712761 ], [ 139.639747, 35.712616 ], [ 139.63996, 35.712553 ], [ 139.640197, 35.712478 ], [ 139.640456, 35.712397 ], [ 139.640713, 35.712325 ], [ 139.640795, 35.7123 ], [ 139.641273, 35.712154 ], [ 139.641899, 35.711967 ], [ 139.642292, 35.711847 ], [ 139.642648, 35.711745 ], [ 139.642798, 35.711698 ], [ 139.642926, 35.711658 ], [ 139.64313, 35.711598 ], [ 139.643235, 35.711567 ], [ 139.643524, 35.711482 ], [ 139.643317, 35.710833 ], [ 139.643205, 35.710481 ], [ 139.643201, 35.710468 ], [ 139.643072, 35.71006 ] ] ] } },
{ "type": "Feature", "properties": { "key": "杉並区|阿佐谷北6丁目", "ward": "杉並区", "town": "阿佐谷北６丁目" }, "geometry": { "type": "Polygon", "coordinates": [ [ [ 139.642798, 35.711698 ], [ 139.642648, 35.711745 ], [ 139.642292, 35.711847 ], [ 139.641899, 35.711967 ], [ 139.641273, 35.712154 ], [ 139.640795, 35.7123 ], [ 139.640713, 35.712325 ], [ 139.640456, 35.712397 ], [ 139.640197, 35.712478 ], [ 139.63996, 35.712553 ], [ 139.639747, 35.712616 ], [ 139.639243, 35.712761 ], [ 139.639174, 35.712771 ], [ 139.638745, 35.712894 ], [ 139.638488, 35.71296 ], [ 139.638087, 35.713078 ], [ 139.637851, 35.71314 ], [ 139.637517, 35.713239 ], [ 139.637184, 35.713316 ], [ 139.637, 35.713392 ], [ 139.636824, 35.71346 ], [ 139.636382, 35.713601 ], [ 139.636055, 35.713718 ], [ 139.635973, 35.713749 ], [ 139.635631, 35.713877 ], [ 139.635447, 35.713935 ], [ 139.635073, 35.714074 ], [ 139.634864, 35.714151 ], [ 139.634869, 35.714163 ], [ 139.635032, 35.714408 ], [ 139.635129, 35.714578 ], [ 139.635208, 35.71472 ], [ 139.63534, 35.714998 ], [ 139.635367, 35.715064 ], [ 139.635438, 35.715239 ], [ 139.635516, 35.715401 ], [ 139.635563, 35.715498 ], [ 139.6357, 35.715872 ], [ 139.635695, 35.715875 ], [ 139.63582, 35.716172 ], [ 139.636016, 35.7167 ], [ 139.636892, 35.716591 ], [ 139.636996, 35.716578 ], [ 139.637029, 35.716577 ], [ 139.637055, 35.71657 ], [ 139.637082, 35.716566 ], [ 139.6373, 35.716509 ], [ 139.637318, 35.716498 ], [ 139.63736, 35.716486 ], [ 139.637495, 35.71638 ], [ 139.637701, 35.716243 ], [ 139.638158, 35.715976 ], [ 139.638479, 35.715877 ], [ 139.639079, 35.715724 ], [ 139.639089, 35.715721 ], [ 139.639995, 35.715452 ], [ 139.640091, 35.715425 ], [ 139.640271, 35.715366 ], [ 139.640718, 35.71522 ], [ 139.640725, 35.715218 ], [ 139.641109, 35.715079 ], [ 139.641212, 35.715042 ], [ 139.641407, 35.714953 ], [ 139.641562, 35.714882 ], [ 139.641579, 35.714874 ], [ 139.641603, 35.714864 ], [ 139.641547, 35.714651 ], [ 139.641548, 35.714423 ], [ 139.641548, 35.714255 ], [ 139.641545, 35.714092 ], [ 139.641538, 35.713758 ], [ 139.641531, 35.713469 ], [ 139.641518, 35.713362 ], [ 139.641501, 35.713215 ], [ 139.641422, 35.712767 ], [ 139.641517, 35.71269 ], [ 139.641557, 35.712664 ], [ 139.641811, 35.712493 ], [ 139.642138, 35.712297 ], [ 139.642194, 35.712254 ], [ 139.642252, 35.712139 ], [ 139.642369, 35.712045 ], [ 139.642396, 35.712024 ], [ 139.642477, 35.711944 ], [ 139.642798, 35.711698 ] ] ] } },
{ "type": "Feature", "properties": { "key": "杉並区|阿佐谷南1丁目", "ward": "杉並区", "town": "阿佐谷南１丁目" }, "geometry": { "type": "Polygon", "coordinates": [ [ [ 139.641063, 35.702116 ], [ 139.641205, 35.702131 ], [ 139.641661, 35.702123 ], [ 139.641948, 35.702114 ], [ 139.642255, 35.702114 ], [ 139.642297, 35.702115 ], [ 139.642327, 35.702112 ], [ 139.642376, 35.702109 ], [ 139.642478, 35.702101 ], [ 139.642643, 35.702077 ], [ 139.642913, 35.702014 ], [ 139.643016, 35.701976 ], [ 139.643149, 35.701929 ], [ 139.643387, 35.701824 ], [ 139.643713, 35.701668 ], [ 139.643672, 35.700923 ], [ 139.643673, 35.700919 ], [ 139.643687, 35.700689 ], [ 139.643697, 35.700527 ], [ 139.64371, 35.700165 ], [ 139.643703, 35.699936 ], [ 139.643706, 35.699885 ], [ 139.643685, 35.699335 ], [ 139.643668, 35.699289 ], [ 139.643678, 35.699119 ], [ 139.643727, 35.698821 ], [ 139.643751, 35.69866 ], [ 139.643796, 35.698384 ], [ 139.64388, 35.697829 ], [ 139.643832, 35.697829 ], [ 139.643562, 35.697832 ], [ 139.643469, 35.697828 ], [ 139.643194, 35.697821 ], [ 139.642844, 35.697818 ], [ 139.642685, 35.697816 ], [ 139.642422, 35.697824 ], [ 139.642193, 35.69783 ], [ 139.642168, 35.697831 ], [ 139.641901, 35.697852 ], [ 139.641607, 35.697874 ], [ 139.641097, 35.697904 ], [ 139.640823, 35.697921 ], [ 139.640359, 35.697955 ], [ 139.640194, 35.697987 ], [ 139.640096, 35.698002 ], [ 139.639794, 35.698078 ], [ 139.639744, 35.698092 ], [ 139.639671, 35.698112 ], [ 139.639212, 35.698242 ], [ 139.63919, 35.698222 ], [ 139.639138, 35.698243 ], [ 139.638952, 35.6983 ], [ 139.638545, 35.698425 ], [ 139.638493, 35.69844 ], [ 139.637998, 35.698586 ], [ 139.637912, 35.698615 ], [ 139.637637, 35.698711 ], [ 139.637364, 35.698806 ], [ 139.637098, 35.698898 ], [ 139.63705, 35.698915 ], [ 139.636603, 35.699076 ], [ 139.636025, 35.699304 ], [ 139.635609, 35.699468 ], [ 139.635616, 35.699494 ], [ 139.635741, 35.700018 ], [ 139.635824, 35.700366 ], [ 139.635931, 35.700812 ], [ 139.636058, 35.701345 ], [ 139.636186, 35.701853 ], [ 139.636255, 35.702218 ], [ 139.636355, 35.702616 ], [ 139.63642, 35.702838 ], [ 139.636514, 35.703241 ], [ 139.63674, 35.704186 ], [ 139.636751, 35.70423 ], [ 139.637006, 35.704238 ], [ 139.637124, 35.704212 ], [ 139.637333, 35.704146 ], [ 139.637356, 35.704135 ], [ 139.637397, 35.704119 ], [ 139.637458, 35.704091 ], [ 139.637524, 35.704058 ], [ 139.637605, 35.704017 ], [ 139.637704, 35.703966 ], [ 139.637762, 35.703938 ], [ 139.637824, 35.703907 ], [ 139.637952, 35.703843 ], [ 139.638026, 35.703794 ], [ 139.638206, 35.703672 ], [ 139.638221, 35.703661 ], [ 139.638234, 35.703652 ], [ 139.638248, 35.703643 ], [ 139.638262, 35.703635 ], [ 139.638278, 35.703628 ], [ 139.638293, 35.70362 ], [ 139.638296, 35.703619 ], [ 139.638309, 35.703615 ], [ 139.638325, 35.70361 ], [ 139.638342, 35.703605 ], [ 139.638366, 35.703599 ], [ 139.63842, 35.703585 ], [ 139.63849, 35.703568 ], [ 139.638541, 35.70355 ], [ 139.638539, 35.703549 ], [ 139.638978, 35.703374 ], [ 139.639153, 35.703299 ], [ 139.639381, 35.70317 ], [ 139.639988, 35.702833 ], [ 139.640228, 35.702673 ], [ 139.640487, 35.702507 ], [ 139.640557, 35.702462 ], [ 139.641063, 35.702116 ] ] ] } },
{ "type": "Feature", "properties": { "key": "杉並区|阿佐谷南2丁目", "ward": "杉並区", "town": "阿佐谷南２丁目" }, "geometry": { "type": "Polygon", "coordinates": [ [ [ 139.644865, 35.704851 ], [ 139.644703, 35.704576 ], [ 139.644594, 35.704391 ], [ 139.64438, 35.704041 ], [ 139.644375, 35.704032 ], [ 139.643906, 35.703256 ], [ 139.643904, 35.703255 ], [ 139.643899, 35.703251 ], [ 139.643906, 35.702754 ], [ 139.643799, 35.702125 ], [ 139.64372, 35.701669 ], [ 139.643713, 35.701668 ], [ 139.643387, 35.701824 ], [ 139.643149, 35.701929 ], [ 139.643016, 35.701976 ], [ 139.642913, 35.702014 ], [ 139.642643, 35.702077 ], [ 139.642478, 35.702101 ], [ 139.642376, 35.702109 ], [ 139.642327, 35.702112 ], [ 139.642297, 35.702115 ], [ 139.642255, 35.702114 ], [ 139.641948, 35.702114 ], [ 139.641661, 35.702123 ], [ 139.641205, 35.702131 ], [ 139.641063, 35.702116 ], [ 139.640557, 35.702462 ], [ 139.640487, 35.702507 ], [ 139.640228, 35.702673 ], [ 139.639988, 35.702833 ], [ 139.639381, 35.70317 ], [ 139.639153, 35.703299 ], [ 139.638978, 35.703374 ], [ 139.638539, 35.703549 ], [ 139.638541, 35.70355 ], [ 139.63849, 35.703568 ], [ 139.63842, 35.703585 ], [ 139.638366, 35.703599 ], [ 139.638342, 35.703605 ], [ 139.638325, 35.70361 ], [ 139.638309, 35.703615 ], [ 139.638296, 35.703619 ], [ 139.638293, 35.70362 ], [ 139.638278, 35.703628 ], [ 139.638262, 35.703635 ], [ 139.638248, 35.703643 ], [ 139.638234, 35.703652 ], [ 139.638221, 35.703661 ], [ 139.638206, 35.703672 ], [ 139.638026, 35.703794 ], [ 139.637952, 35.703843 ], [ 139.637824, 35.703907 ], [ 139.637762, 35.703938 ], [ 139.637704, 35.703966 ], [ 139.637605, 35.704017 ], [ 139.637524, 35.704058 ], [ 139.637458, 35.704091 ], [ 139.637397, 35.704119 ], [ 139.637356, 35.704135 ], [ 139.637333, 35.704146 ], [ 139.637124, 35.704212 ], [ 139.637006, 35.704238 ], [ 139.636751, 35.70423 ], [ 139.636745, 35.704676 ], [ 139.636732, 35.704836 ], [ 139.636705, 35.705056 ], [ 139.636723, 35.705056 ], [ 139.636914, 35.705078 ], [ 139.637364, 35.705065 ], [ 139.637995, 35.705072 ], [ 139.638536, 35.705096 ], [ 139.638978, 35.705103 ], [ 139.639111, 35.705108 ], [ 139.639529, 35.705123 ], [ 139.639579, 35.705124 ], [ 139.640945, 35.70515 ], [ 139.641011, 35.705151 ], [ 139.641902, 35.705168 ], [ 139.642564, 35.705181 ], [ 139.642624, 35.705182 ], [ 139.643562, 35.705201 ], [ 139.644105, 35.705211 ], [ 139.644898, 35.705228 ], [ 139.644922, 35.705227 ], [ 139.644897, 35.705085 ], [ 139.644865, 35.704851 ] ] ] } },
{ "type": "Feature", "properties": { "key": "杉並区|阿佐谷南3丁目", "ward": "杉並区", "town": "阿佐谷南３丁目" }, "geometry": { "type": "Polygon", "coordinates": [ [ [ 139.635616, 35.699494 ], [ 139.635133, 35.699688 ], [ 139.635085, 35.699707 ], [ 139.634658, 35.699878 ], [ 139.63456, 35.699917 ], [ 139.634164, 35.700076 ], [ 139.634016, 35.700136 ], [ 139.633334, 35.700414 ], [ 139.633051, 35.700529 ], [ 139.632884, 35.700595 ], [ 139.632755, 35.700646 ], [ 139.632253, 35.70085 ], [ 139.632168, 35.700887 ], [ 139.631851, 35.701023 ], [ 139.63184, 35.701028 ], [ 139.631801, 35.701042 ], [ 139.631546, 35.70114 ], [ 139.631521, 35.701151 ], [ 139.631255, 35.701263 ], [ 139.631044, 35.701352 ], [ 139.630808, 35.701456 ], [ 139.630698, 35.701506 ], [ 139.63043, 35.701632 ], [ 139.630195, 35.701746 ], [ 139.629825, 35.70192 ], [ 139.629527, 35.702088 ], [ 139.629389, 35.702166 ], [ 139.629094, 35.702334 ], [ 139.628918, 35.702433 ], [ 139.628396, 35.702739 ], [ 139.628265, 35.702828 ], [ 139.628015, 35.703005 ], [ 139.627784, 35.703154 ], [ 139.627467, 35.703323 ], [ 139.627112, 35.703481 ], [ 139.627042, 35.703519 ], [ 139.62656, 35.703725 ], [ 139.625811, 35.704048 ], [ 139.625579, 35.704143 ], [ 139.625516, 35.704173 ], [ 139.625162, 35.704336 ], [ 139.624835, 35.704476 ], [ 139.624565, 35.704591 ], [ 139.624498, 35.70462 ], [ 139.62527, 35.704646 ], [ 139.626424, 35.704668 ], [ 139.626451, 35.704668 ], [ 139.626457, 35.704669 ], [ 139.626679, 35.704671 ], [ 139.626708, 35.704672 ], [ 139.628066, 35.704706 ], [ 139.628316, 35.704713 ], [ 139.628972, 35.704733 ], [ 139.629389, 35.70475 ], [ 139.630077, 35.704778 ], [ 139.631196, 35.704814 ], [ 139.632029, 35.704836 ], [ 139.632641, 35.704853 ], [ 139.633035, 35.704863 ], [ 139.633472, 35.704877 ], [ 139.633766, 35.704887 ], [ 139.634077, 35.704913 ], [ 139.634485, 35.704937 ], [ 139.634919, 35.704976 ], [ 139.635204, 35.705001 ], [ 139.63528, 35.70501 ], [ 139.635995, 35.705057 ], [ 139.636058, 35.705062 ], [ 139.636692, 35.705084 ], [ 139.636723, 35.705056 ], [ 139.636705, 35.705056 ], [ 139.636732, 35.704836 ], [ 139.636745, 35.704676 ], [ 139.636751, 35.70423 ], [ 139.63674, 35.704186 ], [ 139.636514, 35.703241 ], [ 139.63642, 35.702838 ], [ 139.636355, 35.702616 ], [ 139.636255, 35.702218 ], [ 139.636186, 35.701853 ], [ 139.636058, 35.701345 ], [ 139.635931, 35.700812 ], [ 139.635824, 35.700366 ], [ 139.635741, 35.700018 ], [ 139.635616, 35.699494 ] ] ] } },
{ "type": "Feature", "properties": { "key": "杉並区|高円寺北1丁目", "ward": "杉並区", "town": "高円寺北１丁目" }, "geometry": { "type": "Polygon", "coordinates": [ [ [ 139.656281, 35.709129 ], [ 139.656783, 35.70914 ], [ 139.656779, 35.709165 ], [ 139.657131, 35.709175 ], [ 139.657484, 35.709186 ], [ 139.657494, 35.709187 ], [ 139.657507, 35.709186 ], [ 139.658001, 35.709211 ], [ 139.658002, 35.7092 ], [ 139.658007, 35.7092 ], [ 139.658012, 35.709021 ], [ 139.65802, 35.708668 ], [ 139.658025, 35.708468 ], [ 139.65803, 35.708236 ], [ 139.658036, 35.707984 ], [ 139.658052, 35.707822 ], [ 139.658042, 35.707671 ], [ 139.658036, 35.707604 ], [ 139.658075, 35.707179 ], [ 139.658134, 35.706498 ], [ 139.658144, 35.706317 ], [ 139.658185, 35.705754 ], [ 139.658189, 35.705702 ], [ 139.658194, 35.705633 ], [ 139.658196, 35.705604 ], [ 139.657838, 35.705597 ], [ 139.657672, 35.705593 ], [ 139.657151, 35.70558 ], [ 139.657133, 35.705582 ], [ 139.656058, 35.705559 ], [ 139.656029, 35.705557 ], [ 139.6549, 35.705515 ], [ 139.65489, 35.705602 ], [ 139.654873, 35.705628 ], [ 139.654785, 35.70576 ], [ 139.65472, 35.706403 ], [ 139.654607, 35.707085 ], [ 139.6546, 35.707138 ], [ 139.654574, 35.707414 ], [ 139.654544, 35.707636 ], [ 139.654521, 35.70802 ], [ 139.654505, 35.708204 ], [ 139.654491, 35.708333 ], [ 139.654463, 35.708602 ], [ 139.654451, 35.708633 ], [ 139.654431, 35.708888 ], [ 139.654412, 35.709103 ], [ 139.654785, 35.709102 ], [ 139.654794, 35.709103 ], [ 139.654998, 35.709095 ], [ 139.655168, 35.709081 ], [ 139.655163, 35.709226 ], [ 139.655163, 35.709227 ], [ 139.655167, 35.709227 ], [ 139.655208, 35.709229 ], [ 139.655259, 35.709187 ], [ 139.655319, 35.70915 ], [ 139.655498, 35.709156 ], [ 139.655499, 35.709149 ], [ 139.655755, 35.70916 ], [ 139.655887, 35.70916 ], [ 139.655928, 35.709083 ], [ 139.656036, 35.709092 ], [ 139.65605, 35.709093 ], [ 139.656114, 35.709111 ], [ 139.656105, 35.709243 ], [ 139.656273, 35.709248 ], [ 139.656281, 35.709129 ] ] ] } },
{ "type": "Feature", "properties": { "key": "杉並区|高円寺北2丁目", "ward": "杉並区", "town": "高円寺北２丁目" }, "geometry": { "type": "Polygon", "coordinates": [ [ [ 139.651006, 35.709032 ], [ 139.651278, 35.709057 ], [ 139.65129, 35.708967 ], [ 139.651483, 35.708993 ], [ 139.651497, 35.709039 ], [ 139.651612, 35.709045 ], [ 139.65163, 35.709007 ], [ 139.651756, 35.709022 ], [ 139.652892, 35.709156 ], [ 139.653239, 35.709194 ], [ 139.65405, 35.70928 ], [ 139.654074, 35.709155 ], [ 139.654107, 35.709075 ], [ 139.654251, 35.709087 ], [ 139.654412, 35.709103 ], [ 139.654431, 35.708888 ], [ 139.654451, 35.708633 ], [ 139.654463, 35.708602 ], [ 139.654491, 35.708333 ], [ 139.654505, 35.708204 ], [ 139.654521, 35.70802 ], [ 139.654544, 35.707636 ], [ 139.654574, 35.707414 ], [ 139.6546, 35.707138 ], [ 139.654607, 35.707085 ], [ 139.65472, 35.706403 ], [ 139.654785, 35.70576 ], [ 139.654873, 35.705628 ], [ 139.65489, 35.705602 ], [ 139.6549, 35.705515 ], [ 139.654467, 35.705506 ], [ 139.653871, 35.705496 ], [ 139.653428, 35.705489 ], [ 139.653012, 35.70548 ], [ 139.652977, 35.70548 ], [ 139.652763, 35.705475 ], [ 139.652454, 35.705469 ], [ 139.65197, 35.705459 ], [ 139.651965, 35.705459 ], [ 139.651899, 35.70546 ], [ 139.651464, 35.705472 ], [ 139.65098, 35.705487 ], [ 139.650888, 35.70549 ], [ 139.650719, 35.705489 ], [ 139.650057, 35.705485 ], [ 139.649872, 35.705476 ], [ 139.649633, 35.705469 ], [ 139.649392, 35.705462 ], [ 139.649468, 35.70562 ], [ 139.649483, 35.705652 ], [ 139.649565, 35.705834 ], [ 139.649723, 35.706186 ], [ 139.64973, 35.706235 ], [ 139.64982, 35.706775 ], [ 139.649821, 35.706784 ], [ 139.649923, 35.707378 ], [ 139.649612, 35.707413 ], [ 139.649659, 35.707671 ], [ 139.649662, 35.70769 ], [ 139.649689, 35.707945 ], [ 139.649719, 35.708226 ], [ 139.649727, 35.7083 ], [ 139.649757, 35.708588 ], [ 139.64979, 35.708892 ], [ 139.649801, 35.708997 ], [ 139.649806, 35.709046 ], [ 139.649827, 35.709241 ], [ 139.649834, 35.709266 ], [ 139.649949, 35.709684 ], [ 139.650027, 35.709664 ], [ 139.650757, 35.709477 ], [ 139.65094, 35.709418 ], [ 139.65096, 35.709208 ], [ 139.651006, 35.709032 ] ] ] } },
{ "type": "Feature", "properties": { "key": "杉並区|高円寺北3丁目", "ward": "杉並区", "town": "高円寺北３丁目" }, "geometry": { "type": "Polygon", "coordinates": [ [ [ 139.644929, 35.705236 ], [ 139.645042, 35.705563 ], [ 139.645062, 35.705613 ], [ 139.645085, 35.705673 ], [ 139.645198, 35.706005 ], [ 139.645335, 35.706372 ], [ 139.645468, 35.706691 ], [ 139.645503, 35.706782 ], [ 139.645618, 35.707119 ], [ 139.645626, 35.707186 ], [ 139.645681, 35.707494 ], [ 139.645725, 35.70774 ], [ 139.645835, 35.708375 ], [ 139.64585, 35.708465 ], [ 139.645844, 35.708821 ], [ 139.645841, 35.709113 ], [ 139.645832, 35.709447 ], [ 139.645851, 35.709737 ], [ 139.645869, 35.709831 ], [ 139.645907, 35.709936 ], [ 139.645938, 35.710179 ], [ 139.64595, 35.710342 ], [ 139.646011, 35.710804 ], [ 139.646097, 35.710779 ], [ 139.646325, 35.710706 ], [ 139.646457, 35.710665 ], [ 139.646481, 35.710657 ], [ 139.646848, 35.710536 ], [ 139.647353, 35.710385 ], [ 139.64744, 35.71036 ], [ 139.648015, 35.710195 ], [ 139.648126, 35.710164 ], [ 139.648632, 35.710021 ], [ 139.649042, 35.709916 ], [ 139.649191, 35.709878 ], [ 139.649507, 35.709797 ], [ 139.649727, 35.709741 ], [ 139.649949, 35.709684 ], [ 139.649834, 35.709266 ], [ 139.649827, 35.709241 ], [ 139.649806, 35.709046 ], [ 139.649801, 35.708997 ], [ 139.64979, 35.708892 ], [ 139.649757, 35.708588 ], [ 139.649727, 35.7083 ], [ 139.649719, 35.708226 ], [ 139.649689, 35.707945 ], [ 139.649662, 35.70769 ], [ 139.649659, 35.707671 ], [ 139.649612, 35.707413 ], [ 139.649923, 35.707378 ], [ 139.649821, 35.706784 ], [ 139.64982, 35.706775 ], [ 139.64973, 35.706235 ], [ 139.649723, 35.706186 ], [ 139.649565, 35.705834 ], [ 139.649483, 35.705652 ], [ 139.649468, 35.70562 ], [ 139.649392, 35.705462 ], [ 139.649343, 35.70546 ], [ 139.649081, 35.705434 ], [ 139.648684, 35.705395 ], [ 139.648095, 35.705335 ], [ 139.647845, 35.705326 ], [ 139.647634, 35.705317 ], [ 139.647141, 35.705308 ], [ 139.647109, 35.705308 ], [ 139.646501, 35.705292 ], [ 139.646093, 35.70528 ], [ 139.645488, 35.705262 ], [ 139.645451, 35.705261 ], [ 139.644929, 35.705236 ] ] ] } },
{ "type": "Feature", "properties": { "key": "杉並区|高円寺北4丁目", "ward": "杉並区", "town": "高円寺北４丁目" }, "geometry": { "type": "Polygon", "coordinates": [ [ [ 139.645844, 35.708821 ], [ 139.64585, 35.708465 ], [ 139.645835, 35.708375 ], [ 139.645725, 35.70774 ], [ 139.645681, 35.707494 ], [ 139.645626, 35.707186 ], [ 139.645618, 35.707119 ], [ 139.645503, 35.706782 ], [ 139.645468, 35.706691 ], [ 139.645335, 35.706372 ], [ 139.645198, 35.706005 ], [ 139.645085, 35.705673 ], [ 139.645062, 35.705613 ], [ 139.645042, 35.705563 ], [ 139.644929, 35.705236 ], [ 139.644898, 35.705228 ], [ 139.644105, 35.705211 ], [ 139.643562, 35.705201 ], [ 139.642624, 35.705182 ], [ 139.642564, 35.705181 ], [ 139.642347, 35.705326 ], [ 139.6422, 35.705424 ], [ 139.642142, 35.7055 ], [ 139.641986, 35.705635 ], [ 139.641962, 35.705781 ], [ 139.641991, 35.706005 ], [ 139.641897, 35.706316 ], [ 139.641886, 35.706358 ], [ 139.641897, 35.706408 ], [ 139.642027, 35.706774 ], [ 139.642106, 35.706999 ], [ 139.642212, 35.707302 ], [ 139.64236, 35.70771 ], [ 139.642405, 35.707832 ], [ 139.642511, 35.708118 ], [ 139.642629, 35.708551 ], [ 139.642744, 35.708947 ], [ 139.642746, 35.708937 ], [ 139.642967, 35.709683 ], [ 139.643011, 35.709842 ], [ 139.643027, 35.709898 ], [ 139.643072, 35.71006 ], [ 139.643201, 35.710468 ], [ 139.643205, 35.710481 ], [ 139.643317, 35.710833 ], [ 139.643524, 35.711482 ], [ 139.644097, 35.711319 ], [ 139.644152, 35.711304 ], [ 139.644551, 35.711197 ], [ 139.644818, 35.711126 ], [ 139.64505, 35.711062 ], [ 139.645515, 35.710935 ], [ 139.645622, 35.710907 ], [ 139.645661, 35.710897 ], [ 139.646011, 35.710804 ], [ 139.64595, 35.710342 ], [ 139.645938, 35.710179 ], [ 139.645907, 35.709936 ], [ 139.645869, 35.709831 ], [ 139.645851, 35.709737 ], [ 139.645832, 35.709447 ], [ 139.645841, 35.709113 ], [ 139.645844, 35.708821 ] ] ] } },
{ "type": "Feature", "properties": { "key": "杉並区|高円寺南1丁目", "ward": "杉並区", "town": "高円寺南１丁目" }, "geometry": { "type": "Polygon", "coordinates": [ [ [ 139.658192, 35.701113 ], [ 139.658466, 35.701114 ], [ 139.659204, 35.701123 ], [ 139.659311, 35.701128 ], [ 139.659454, 35.701129 ], [ 139.660218, 35.701137 ], [ 139.660579, 35.701147 ], [ 139.660762, 35.701149 ], [ 139.66116, 35.701155 ], [ 139.661184, 35.701155 ], [ 139.661447, 35.701176 ], [ 139.66151, 35.70099 ], [ 139.66153, 35.700812 ], [ 139.661545, 35.700682 ], [ 139.66154, 35.700621 ], [ 139.66153, 35.700416 ], [ 139.661546, 35.70022 ], [ 139.661776, 35.700225 ], [ 139.661769, 35.700064 ], [ 139.661971, 35.699987 ], [ 139.661971, 35.699966 ], [ 139.661965, 35.699773 ], [ 139.661964, 35.699762 ], [ 139.661931, 35.699664 ], [ 139.661855, 35.699536 ], [ 139.6618, 35.699319 ], [ 139.662169, 35.699312 ], [ 139.662174, 35.699216 ], [ 139.662336, 35.698919 ], [ 139.662349, 35.69888 ], [ 139.662353, 35.698862 ], [ 139.662396, 35.698686 ], [ 139.662395, 35.698579 ], [ 139.662394, 35.698463 ], [ 139.662366, 35.698356 ], [ 139.662344, 35.698313 ], [ 139.662217, 35.698116 ], [ 139.662119, 35.698044 ], [ 139.662113, 35.698027 ], [ 139.661995, 35.697704 ], [ 139.661966, 35.697504 ], [ 139.66142, 35.697592 ], [ 139.661392, 35.697596 ], [ 139.660876, 35.697667 ], [ 139.660816, 35.697676 ], [ 139.660722, 35.69769 ], [ 139.660503, 35.697724 ], [ 139.660044, 35.697792 ], [ 139.659758, 35.697831 ], [ 139.659717, 35.697837 ], [ 139.659303, 35.697894 ], [ 139.6592, 35.697909 ], [ 139.658932, 35.697948 ], [ 139.65877, 35.697971 ], [ 139.658716, 35.69798 ], [ 139.658251, 35.698047 ], [ 139.658026, 35.698071 ], [ 139.657846, 35.698087 ], [ 139.65764, 35.698109 ], [ 139.657238, 35.698126 ], [ 139.656789, 35.698124 ], [ 139.655981, 35.698116 ], [ 139.655663, 35.698107 ], [ 139.654841, 35.698095 ], [ 139.65486, 35.698595 ], [ 139.654859, 35.698601 ], [ 139.654887, 35.699573 ], [ 139.654894, 35.699797 ], [ 139.654894, 35.699816 ], [ 139.654933, 35.70083 ], [ 139.654942, 35.70102 ], [ 139.654952, 35.701308 ], [ 139.654953, 35.701324 ], [ 139.654966, 35.701707 ], [ 139.656335, 35.701461 ], [ 139.657101, 35.701311 ], [ 139.658192, 35.701113 ] ] ] } },
{ "type": "Feature", "properties": { "key": "杉並区|高円寺南2丁目", "ward": "杉並区", "town": "高円寺南２丁目" }, "geometry": { "type": "Polygon", "coordinates": [ [ [ 139.652976, 35.698063 ], [ 139.652747, 35.698062 ], [ 139.652353, 35.69806 ], [ 139.652306, 35.69806 ], [ 139.652198, 35.69806 ], [ 139.651899, 35.698061 ], [ 139.65165, 35.698064 ], [ 139.651291, 35.698047 ], [ 139.651005, 35.698044 ], [ 139.650995, 35.698044 ], [ 139.650492, 35.698024 ], [ 139.650477, 35.698023 ], [ 139.650113, 35.698005 ], [ 139.649827, 35.69799 ], [ 139.649731, 35.697984 ], [ 139.649453, 35.697967 ], [ 139.649417, 35.697965 ], [ 139.648999, 35.697936 ], [ 139.648943, 35.697932 ], [ 139.648552, 35.697908 ], [ 139.64853, 35.697908 ], [ 139.648313, 35.6979 ], [ 139.648168, 35.697894 ], [ 139.648129, 35.697893 ], [ 139.647716, 35.697884 ], [ 139.647645, 35.697883 ], [ 139.64761, 35.698169 ], [ 139.647564, 35.698562 ], [ 139.647532, 35.698835 ], [ 139.647503, 35.699082 ], [ 139.647497, 35.699137 ], [ 139.647452, 35.699617 ], [ 139.647388, 35.700185 ], [ 139.64745, 35.700574 ], [ 139.647501, 35.700867 ], [ 139.647506, 35.700892 ], [ 139.647552, 35.701108 ], [ 139.6476, 35.701322 ], [ 139.647646, 35.701512 ], [ 139.647649, 35.701524 ], [ 139.647703, 35.701792 ], [ 139.647741, 35.701921 ], [ 139.647851, 35.702259 ], [ 139.647872, 35.702275 ], [ 139.648104, 35.702612 ], [ 139.6482, 35.702735 ], [ 139.648384, 35.702983 ], [ 139.648761, 35.702903 ], [ 139.649132, 35.702825 ], [ 139.649601, 35.702745 ], [ 139.650354, 35.702591 ], [ 139.650835, 35.702498 ], [ 139.651343, 35.702404 ], [ 139.652118, 35.702261 ], [ 139.652124, 35.70225 ], [ 139.652725, 35.702137 ], [ 139.652919, 35.702101 ], [ 139.653199, 35.702052 ], [ 139.653792, 35.701935 ], [ 139.654966, 35.701713 ], [ 139.654966, 35.701707 ], [ 139.654953, 35.701324 ], [ 139.654952, 35.701308 ], [ 139.654942, 35.70102 ], [ 139.654933, 35.70083 ], [ 139.654894, 35.699816 ], [ 139.654894, 35.699797 ], [ 139.654887, 35.699573 ], [ 139.654859, 35.698601 ], [ 139.65486, 35.698595 ], [ 139.654841, 35.698095 ], [ 139.654838, 35.698082 ], [ 139.654452, 35.69808 ], [ 139.653887, 35.698078 ], [ 139.653717, 35.698077 ], [ 139.653232, 35.698068 ], [ 139.652976, 35.698063 ] ] ] } },
{ "type": "Feature", "properties": { "key": "杉並区|高円寺南3丁目", "ward": "杉並区", "town": "高円寺南３丁目" }, "geometry": { "type": "Polygon", "coordinates": [ [ [ 139.645664, 35.697855 ], [ 139.645512, 35.697854 ], [ 139.645321, 35.697856 ], [ 139.645283, 35.697852 ], [ 139.644813, 35.697842 ], [ 139.644455, 35.697834 ], [ 139.644288, 35.69783 ], [ 139.64407, 35.697829 ], [ 139.64388, 35.697829 ], [ 139.643796, 35.698384 ], [ 139.643751, 35.69866 ], [ 139.643727, 35.698821 ], [ 139.643678, 35.699119 ], [ 139.643668, 35.699289 ], [ 139.643685, 35.699335 ], [ 139.643706, 35.699885 ], [ 139.643703, 35.699936 ], [ 139.64371, 35.700165 ], [ 139.643697, 35.700527 ], [ 139.643687, 35.700689 ], [ 139.643673, 35.700919 ], [ 139.643672, 35.700923 ], [ 139.643713, 35.701668 ], [ 139.64372, 35.701669 ], [ 139.643799, 35.702125 ], [ 139.643906, 35.702754 ], [ 139.643899, 35.703251 ], [ 139.643904, 35.703255 ], [ 139.643906, 35.703256 ], [ 139.644375, 35.704032 ], [ 139.64438, 35.704041 ], [ 139.644594, 35.704391 ], [ 139.644703, 35.704576 ], [ 139.644865, 35.704851 ], [ 139.644897, 35.705085 ], [ 139.644922, 35.705227 ], [ 139.644898, 35.705228 ], [ 139.644929, 35.705236 ], [ 139.645451, 35.705261 ], [ 139.645488, 35.705262 ], [ 139.646093, 35.70528 ], [ 139.646501, 35.705292 ], [ 139.647109, 35.705308 ], [ 139.647141, 35.705308 ], [ 139.647634, 35.705317 ], [ 139.647845, 35.705326 ], [ 139.648095, 35.705335 ], [ 139.648684, 35.705395 ], [ 139.649081, 35.705434 ], [ 139.649343, 35.70546 ], [ 139.649231, 35.705151 ], [ 139.649223, 35.70511 ], [ 139.648865, 35.70408 ], [ 139.648823, 35.703926 ], [ 139.64871, 35.703584 ], [ 139.648706, 35.703568 ], [ 139.648649, 35.703442 ], [ 139.64856, 35.703302 ], [ 139.648543, 35.703265 ], [ 139.648384, 35.702983 ], [ 139.6482, 35.702735 ], [ 139.648104, 35.702612 ], [ 139.647872, 35.702275 ], [ 139.647851, 35.702259 ], [ 139.647741, 35.701921 ], [ 139.647703, 35.701792 ], [ 139.647649, 35.701524 ], [ 139.647646, 35.701512 ], [ 139.6476, 35.701322 ], [ 139.647552, 35.701108 ], [ 139.647506, 35.700892 ], [ 139.647501, 35.700867 ], [ 139.64745, 35.700574 ], [ 139.647388, 35.700185 ], [ 139.647452, 35.699617 ], [ 139.647497, 35.699137 ], [ 139.647503, 35.699082 ], [ 139.647532, 35.698835 ], [ 139.647564, 35.698562 ], [ 139.64761, 35.698169 ], [ 139.647645, 35.697883 ], [ 139.647234, 35.697875 ], [ 139.646894, 35.697868 ], [ 139.646733, 35.697865 ], [ 139.646282, 35.697859 ], [ 139.645664, 35.697855 ] ] ] } },
{ "type": "Feature", "properties": { "key": "杉並区|高円寺南4丁目", "ward": "杉並区", "town": "高円寺南４丁目" }, "geometry": { "type": "Polygon", "coordinates": [ [ [ 139.654908, 35.70536 ], [ 139.654917, 35.705244 ], [ 139.654959, 35.704824 ], [ 139.654961, 35.704809 ], [ 139.65502, 35.704227 ], [ 139.655033, 35.704058 ], [ 139.655021, 35.703844 ], [ 139.655019, 35.703798 ], [ 139.655008, 35.703235 ], [ 139.655003, 35.703057 ], [ 139.654994, 35.702757 ], [ 139.654992, 35.702662 ], [ 139.654991, 35.702633 ], [ 139.654988, 35.702454 ], [ 139.654988, 35.702428 ], [ 139.654976, 35.702166 ], [ 139.65497, 35.702022 ], [ 139.654969, 35.702008 ], [ 139.654966, 35.701713 ], [ 139.653792, 35.701935 ], [ 139.653199, 35.702052 ], [ 139.652919, 35.702101 ], [ 139.652725, 35.702137 ], [ 139.652124, 35.70225 ], [ 139.652118, 35.702261 ], [ 139.651343, 35.702404 ], [ 139.650835, 35.702498 ], [ 139.650354, 35.702591 ], [ 139.649601, 35.702745 ], [ 139.649132, 35.702825 ], [ 139.648761, 35.702903 ], [ 139.648384, 35.702983 ], [ 139.648543, 35.703265 ], [ 139.64856, 35.703302 ], [ 139.648649, 35.703442 ], [ 139.648706, 35.703568 ], [ 139.64871, 35.703584 ], [ 139.648823, 35.703926 ], [ 139.648865, 35.70408 ], [ 139.649223, 35.70511 ], [ 139.649231, 35.705151 ], [ 139.649343, 35.70546 ], [ 139.649392, 35.705462 ], [ 139.649633, 35.705469 ], [ 139.649872, 35.705476 ], [ 139.650057, 35.705485 ], [ 139.650719, 35.705489 ], [ 139.650888, 35.70549 ], [ 139.65098, 35.705487 ], [ 139.651464, 35.705472 ], [ 139.651899, 35.70546 ], [ 139.651965, 35.705459 ], [ 139.65197, 35.705459 ], [ 139.652454, 35.705469 ], [ 139.652763, 35.705475 ], [ 139.652977, 35.70548 ], [ 139.653012, 35.70548 ], [ 139.653428, 35.705489 ], [ 139.653871, 35.705496 ], [ 139.654467, 35.705506 ], [ 139.6549, 35.705515 ], [ 139.654908, 35.70536 ] ] ] } },
{ "type": "Feature", "properties": { "key": "杉並区|高円寺南5丁目", "ward": "杉並区", "town": "高円寺南５丁目" }, "geometry": { "type": "Polygon", "coordinates": [ [ [ 139.658164, 35.705453 ], [ 139.657992, 35.705184 ], [ 139.65801, 35.705161 ], [ 139.658513, 35.705094 ], [ 139.658649, 35.705075 ], [ 139.659227, 35.704998 ], [ 139.659266, 35.704993 ], [ 139.659682, 35.704947 ], [ 139.6603, 35.704879 ], [ 139.660658, 35.70484 ], [ 139.660989, 35.704799 ], [ 139.661003, 35.704348 ], [ 139.661033, 35.703917 ], [ 139.661042, 35.703784 ], [ 139.661067, 35.703445 ], [ 139.661068, 35.703437 ], [ 139.66111, 35.702981 ], [ 139.661134, 35.70272 ], [ 139.661142, 35.702514 ], [ 139.661053, 35.702388 ], [ 139.661016, 35.702291 ], [ 139.660946, 35.701978 ], [ 139.660851, 35.701617 ], [ 139.660774, 35.701508 ], [ 139.660706, 35.701367 ], [ 139.660843, 35.70136 ], [ 139.66108, 35.70141 ], [ 139.661336, 35.701342 ], [ 139.661447, 35.701176 ], [ 139.661184, 35.701155 ], [ 139.66116, 35.701155 ], [ 139.660762, 35.701149 ], [ 139.660579, 35.701147 ], [ 139.660218, 35.701137 ], [ 139.659454, 35.701129 ], [ 139.659311, 35.701128 ], [ 139.659204, 35.701123 ], [ 139.658466, 35.701114 ], [ 139.658192, 35.701113 ], [ 139.657101, 35.701311 ], [ 139.656335, 35.701461 ], [ 139.654966, 35.701707 ], [ 139.654966, 35.701713 ], [ 139.654969, 35.702008 ], [ 139.65497, 35.702022 ], [ 139.654976, 35.702166 ], [ 139.654988, 35.702428 ], [ 139.654988, 35.702454 ], [ 139.654991, 35.702633 ], [ 139.654992, 35.702662 ], [ 139.654994, 35.702757 ], [ 139.655003, 35.703057 ], [ 139.655008, 35.703235 ], [ 139.655019, 35.703798 ], [ 139.655021, 35.703844 ], [ 139.655033, 35.704058 ], [ 139.65502, 35.704227 ], [ 139.654961, 35.704809 ], [ 139.654959, 35.704824 ], [ 139.654917, 35.705244 ], [ 139.654908, 35.70536 ], [ 139.6549, 35.705515 ], [ 139.656029, 35.705557 ], [ 139.656058, 35.705559 ], [ 139.657133, 35.705582 ], [ 139.657151, 35.70558 ], [ 139.657672, 35.705593 ], [ 139.657838, 35.705597 ], [ 139.658196, 35.705604 ], [ 139.658164, 35.705453 ] ] ] } },
{ "type": "Feature", "properties": { "key": "杉並区|和田1丁目", "ward": "杉並区", "town": "和田１丁目" }, "geometry": { "type": "Polygon", "coordinates": [ [ [ 139.664545, 35.695332 ], [ 139.66457, 35.695335 ], [ 139.664673, 35.69534 ], [ 139.664714, 35.695329 ], [ 139.664718, 35.695327 ], [ 139.664857, 35.695361 ], [ 139.664921, 35.695375 ], [ 139.665066, 35.695252 ], [ 139.665284, 35.694886 ], [ 139.665412, 35.69465 ], [ 139.66587, 35.69479 ], [ 139.66592, 35.694729 ], [ 139.665938, 35.694713 ], [ 139.666014, 35.694593 ], [ 139.666078, 35.694493 ], [ 139.666094, 35.694468 ], [ 139.666223, 35.694268 ], [ 139.666305, 35.694133 ], [ 139.666376, 35.694023 ], [ 139.66639, 35.693995 ], [ 139.666441, 35.693895 ], [ 139.666442, 35.693891 ], [ 139.666472, 35.693793 ], [ 139.666483, 35.693717 ], [ 139.666546, 35.693738 ], [ 139.666552, 35.69374 ], [ 139.66658, 35.693673 ], [ 139.666693, 35.693459 ], [ 139.66677, 35.693458 ], [ 139.666891, 35.693497 ], [ 139.667024, 35.693557 ], [ 139.667066, 35.693579 ], [ 139.667377, 35.693746 ], [ 139.667391, 35.693754 ], [ 139.667381, 35.693679 ], [ 139.667379, 35.693668 ], [ 139.66735, 35.693615 ], [ 139.66731, 35.69342 ], [ 139.667265, 35.693289 ], [ 139.66727, 35.693207 ], [ 139.667319, 35.692887 ], [ 139.667312, 35.692815 ], [ 139.667452, 35.692139 ], [ 139.667517, 35.691861 ], [ 139.667691, 35.691871 ], [ 139.667806, 35.691369 ], [ 139.667357, 35.691276 ], [ 139.666953, 35.691192 ], [ 139.666992, 35.690951 ], [ 139.666997, 35.690922 ], [ 139.666804, 35.690842 ], [ 139.666661, 35.690699 ], [ 139.666583, 35.69062 ], [ 139.666416, 35.690459 ], [ 139.666356, 35.690413 ], [ 139.665955, 35.690198 ], [ 139.665489, 35.68996 ], [ 139.665046, 35.689725 ], [ 139.664897, 35.689644 ], [ 139.664366, 35.689378 ], [ 139.664155, 35.689259 ], [ 139.66409, 35.689212 ], [ 139.663959, 35.689129 ], [ 139.663855, 35.689045 ], [ 139.663754, 35.688841 ], [ 139.663685, 35.688594 ], [ 139.663638, 35.688419 ], [ 139.663517, 35.688181 ], [ 139.663425, 35.688018 ], [ 139.663335, 35.687951 ], [ 139.663174, 35.687861 ], [ 139.66277, 35.687655 ], [ 139.662719, 35.687628 ], [ 139.662667, 35.687601 ], [ 139.662573, 35.687551 ], [ 139.661922, 35.687208 ], [ 139.661877, 35.687183 ], [ 139.661722, 35.687712 ], [ 139.661616, 35.688181 ], [ 139.66146, 35.688526 ], [ 139.661382, 35.688671 ], [ 139.661249, 35.688961 ], [ 139.661084, 35.68932 ], [ 139.661006, 35.689474 ], [ 139.660994, 35.689521 ], [ 139.66089, 35.690132 ], [ 139.660657, 35.69007 ], [ 139.660186, 35.689933 ], [ 139.659892, 35.689852 ], [ 139.659691, 35.6898 ], [ 139.659813, 35.690216 ], [ 139.659897, 35.690452 ], [ 139.659829, 35.690716 ], [ 139.659798, 35.690805 ], [ 139.659773, 35.690876 ], [ 139.65977, 35.690962 ], [ 139.659708, 35.691071 ], [ 139.659472, 35.691357 ], [ 139.659293, 35.691584 ], [ 139.65919, 35.691715 ], [ 139.65907, 35.691911 ], [ 139.658932, 35.692204 ], [ 139.658627, 35.692819 ], [ 139.658394, 35.693348 ], [ 139.658275, 35.693598 ], [ 139.658602, 35.693687 ], [ 139.658663, 35.693698 ], [ 139.658835, 35.693731 ], [ 139.659118, 35.69372 ], [ 139.659271, 35.693752 ], [ 139.659426, 35.693811 ], [ 139.659542, 35.693905 ], [ 139.659713, 35.69405 ], [ 139.659809, 35.694135 ], [ 139.659919, 35.694231 ], [ 139.659992, 35.694276 ], [ 139.660085, 35.694332 ], [ 139.660265, 35.694441 ], [ 139.660461, 35.694546 ], [ 139.660716, 35.694675 ], [ 139.660941, 35.694819 ], [ 139.660959, 35.694827 ], [ 139.661075, 35.69488 ], [ 139.661446, 35.695058 ], [ 139.661852, 35.695145 ], [ 139.66217, 35.695197 ], [ 139.662263, 35.695205 ], [ 139.662618, 35.69523 ], [ 139.662714, 35.695227 ], [ 139.662787, 35.695227 ], [ 139.663189, 35.695268 ], [ 139.663375, 35.695297 ], [ 139.663633, 35.695325 ], [ 139.663731, 35.695339 ], [ 139.663926, 35.695355 ], [ 139.664215, 35.695366 ], [ 139.664406, 35.695389 ], [ 139.664437, 35.695408 ], [ 139.664451, 35.695417 ], [ 139.66447, 35.6954 ], [ 139.664495, 35.695393 ], [ 139.664545, 35.695332 ] ] ] } },
{ "type": "Feature", "properties": { "key": "杉並区|和田2丁目", "ward": "杉並区", "town": "和田２丁目" }, "geometry": { "type": "Polygon", "coordinates": [ [ [ 139.659691, 35.6898 ], [ 139.659892, 35.689852 ], [ 139.660186, 35.689933 ], [ 139.660657, 35.69007 ], [ 139.66089, 35.690132 ], [ 139.660994, 35.689521 ], [ 139.661006, 35.689474 ], [ 139.661084, 35.68932 ], [ 139.661249, 35.688961 ], [ 139.661382, 35.688671 ], [ 139.66146, 35.688526 ], [ 139.661616, 35.688181 ], [ 139.661722, 35.687712 ], [ 139.661877, 35.687183 ], [ 139.661267, 35.686854 ], [ 139.660994, 35.686776 ], [ 139.660871, 35.686756 ], [ 139.660349, 35.686736 ], [ 139.660282, 35.686734 ], [ 139.659696, 35.686707 ], [ 139.659177, 35.686693 ], [ 139.659154, 35.686636 ], [ 139.658746, 35.686633 ], [ 139.65815, 35.686622 ], [ 139.657873, 35.686615 ], [ 139.65728, 35.686591 ], [ 139.65688, 35.686529 ], [ 139.656693, 35.686485 ], [ 139.656555, 35.686445 ], [ 139.656247, 35.686316 ], [ 139.656238, 35.686311 ], [ 139.656163, 35.686548 ], [ 139.656046, 35.686861 ], [ 139.655823, 35.687465 ], [ 139.655709, 35.687768 ], [ 139.655472, 35.688423 ], [ 139.65538, 35.688675 ], [ 139.65536, 35.68873 ], [ 139.655243, 35.689027 ], [ 139.655237, 35.689064 ], [ 139.655235, 35.689074 ], [ 139.655158, 35.689505 ], [ 139.655146, 35.689573 ], [ 139.655085, 35.689886 ], [ 139.65508, 35.689916 ], [ 139.655079, 35.689921 ], [ 139.655048, 35.690082 ], [ 139.655017, 35.690239 ], [ 139.65494, 35.690616 ], [ 139.654936, 35.690634 ], [ 139.654917, 35.690718 ], [ 139.654875, 35.690815 ], [ 139.654859, 35.690853 ], [ 139.654834, 35.690998 ], [ 139.654811, 35.691131 ], [ 139.654793, 35.691234 ], [ 139.654784, 35.691285 ], [ 139.654755, 35.691454 ], [ 139.654701, 35.691764 ], [ 139.654822, 35.691789 ], [ 139.654954, 35.69183 ], [ 139.655123, 35.69192 ], [ 139.655275, 35.692032 ], [ 139.655408, 35.692101 ], [ 139.655415, 35.692104 ], [ 139.655674, 35.692191 ], [ 139.655808, 35.692231 ], [ 139.656021, 35.692277 ], [ 139.656445, 35.692365 ], [ 139.656514, 35.692385 ], [ 139.656662, 35.692456 ], [ 139.656862, 35.692625 ], [ 139.657089, 35.692804 ], [ 139.657258, 35.692958 ], [ 139.657343, 35.693035 ], [ 139.6575, 35.693164 ], [ 139.657527, 35.693186 ], [ 139.657744, 35.693341 ], [ 139.658275, 35.693598 ], [ 139.658394, 35.693348 ], [ 139.658627, 35.692819 ], [ 139.658932, 35.692204 ], [ 139.65907, 35.691911 ], [ 139.65919, 35.691715 ], [ 139.659293, 35.691584 ], [ 139.659472, 35.691357 ], [ 139.659708, 35.691071 ], [ 139.65977, 35.690962 ], [ 139.659773, 35.690876 ], [ 139.659798, 35.690805 ], [ 139.659829, 35.690716 ], [ 139.659897, 35.690452 ], [ 139.659813, 35.690216 ], [ 139.659691, 35.6898 ] ] ] } },
{ "type": "Feature", "properties": { "key": "杉並区|和田3丁目", "ward": "杉並区", "town": "和田３丁目" }, "geometry": { "type": "Polygon", "coordinates": [ [ [ 139.661928, 35.696996 ], [ 139.661313, 35.697119 ], [ 139.660966, 35.697185 ], [ 139.66097, 35.697019 ], [ 139.660978, 35.696887 ], [ 139.661014, 35.696702 ], [ 139.66105, 35.696604 ], [ 139.660799, 35.696549 ], [ 139.660372, 35.696455 ], [ 139.660521, 35.69611 ], [ 139.660573, 35.695998 ], [ 139.660701, 35.695735 ], [ 139.660833, 35.695463 ], [ 139.660959, 35.694827 ], [ 139.660941, 35.694819 ], [ 139.660716, 35.694675 ], [ 139.660461, 35.694546 ], [ 139.660265, 35.694441 ], [ 139.660085, 35.694332 ], [ 139.659992, 35.694276 ], [ 139.659919, 35.694231 ], [ 139.659809, 35.694135 ], [ 139.659713, 35.69405 ], [ 139.659542, 35.693905 ], [ 139.659426, 35.693811 ], [ 139.659271, 35.693752 ], [ 139.659118, 35.69372 ], [ 139.658835, 35.693731 ], [ 139.658663, 35.693698 ], [ 139.658602, 35.693687 ], [ 139.658275, 35.693598 ], [ 139.657744, 35.693341 ], [ 139.657527, 35.693186 ], [ 139.6575, 35.693164 ], [ 139.657343, 35.693035 ], [ 139.657258, 35.692958 ], [ 139.657089, 35.692804 ], [ 139.656862, 35.692625 ], [ 139.656662, 35.692456 ], [ 139.656514, 35.692385 ], [ 139.656445, 35.692365 ], [ 139.656021, 35.692277 ], [ 139.655808, 35.692231 ], [ 139.655674, 35.692191 ], [ 139.655415, 35.692104 ], [ 139.655408, 35.692101 ], [ 139.655275, 35.692032 ], [ 139.655123, 35.69192 ], [ 139.654954, 35.69183 ], [ 139.654822, 35.691789 ], [ 139.654701, 35.691764 ], [ 139.654694, 35.691805 ], [ 139.654562, 35.692528 ], [ 139.65454, 35.692657 ], [ 139.654475, 35.693029 ], [ 139.654459, 35.693121 ], [ 139.654394, 35.693499 ], [ 139.654354, 35.694156 ], [ 139.654365, 35.694206 ], [ 139.654392, 35.694591 ], [ 139.654485, 35.695649 ], [ 139.654551, 35.696129 ], [ 139.654604, 35.696486 ], [ 139.654726, 35.697227 ], [ 139.654749, 35.697347 ], [ 139.654819, 35.697767 ], [ 139.654838, 35.698082 ], [ 139.654841, 35.698095 ], [ 139.655663, 35.698107 ], [ 139.655981, 35.698116 ], [ 139.656789, 35.698124 ], [ 139.657238, 35.698126 ], [ 139.65764, 35.698109 ], [ 139.657846, 35.698087 ], [ 139.658026, 35.698071 ], [ 139.658251, 35.698047 ], [ 139.658716, 35.69798 ], [ 139.65877, 35.697971 ], [ 139.658932, 35.697948 ], [ 139.6592, 35.697909 ], [ 139.659303, 35.697894 ], [ 139.659717, 35.697837 ], [ 139.659758, 35.697831 ], [ 139.660044, 35.697792 ], [ 139.660503, 35.697724 ], [ 139.660722, 35.69769 ], [ 139.660816, 35.697676 ], [ 139.660876, 35.697667 ], [ 139.661392, 35.697596 ], [ 139.66142, 35.697592 ], [ 139.661966, 35.697504 ], [ 139.66197, 35.697481 ], [ 139.661991, 35.697381 ], [ 139.661928, 35.696996 ] ] ] } },
{ "type": "Feature", "properties": { "key": "杉並区|方南1丁目", "ward": "杉並区", "town": "方南１丁目" }, "geometry": { "type": "Polygon", "coordinates": [ [ [ 139.662016, 35.679818 ], [ 139.66212, 35.679832 ], [ 139.662194, 35.67984 ], [ 139.662246, 35.679789 ], [ 139.662385, 35.679708 ], [ 139.662398, 35.679701 ], [ 139.662511, 35.679578 ], [ 139.66253, 35.679583 ], [ 139.66271, 35.67962 ], [ 139.66279, 35.679583 ], [ 139.662865, 35.679547 ], [ 139.662886, 35.679538 ], [ 139.662894, 35.679535 ], [ 139.662901, 35.679535 ], [ 139.662964, 35.679535 ], [ 139.663015, 35.679573 ], [ 139.663047, 35.679598 ], [ 139.663156, 35.679598 ], [ 139.663651, 35.679599 ], [ 139.663676, 35.67959 ], [ 139.663737, 35.679586 ], [ 139.663776, 35.679584 ], [ 139.663877, 35.679635 ], [ 139.663934, 35.679575 ], [ 139.663946, 35.679574 ], [ 139.663968, 35.679556 ], [ 139.663968, 35.679519 ], [ 139.663965, 35.679358 ], [ 139.663855, 35.679041 ], [ 139.663839, 35.678882 ], [ 139.664172, 35.678889 ], [ 139.664396, 35.678894 ], [ 139.664764, 35.678911 ], [ 139.664803, 35.67891 ], [ 139.664765, 35.678567 ], [ 139.664762, 35.678524 ], [ 139.664747, 35.678317 ], [ 139.664729, 35.678028 ], [ 139.664723, 35.677936 ], [ 139.664599, 35.677936 ], [ 139.664527, 35.677744 ], [ 139.664507, 35.677749 ], [ 139.664471, 35.677758 ], [ 139.664426, 35.67777 ], [ 139.664356, 35.677787 ], [ 139.664034, 35.677863 ], [ 139.663964, 35.677877 ], [ 139.66362, 35.677942 ], [ 139.6634, 35.678018 ], [ 139.66341, 35.67795 ], [ 139.663401, 35.677908 ], [ 139.663404, 35.677809 ], [ 139.663411, 35.677609 ], [ 139.66342, 35.677551 ], [ 139.663428, 35.677526 ], [ 139.663521, 35.677221 ], [ 139.663594, 35.677246 ], [ 139.663678, 35.677273 ], [ 139.663835, 35.67689 ], [ 139.664003, 35.676559 ], [ 139.663818, 35.676473 ], [ 139.663721, 35.676428 ], [ 139.663457, 35.676306 ], [ 139.663364, 35.676263 ], [ 139.663258, 35.676218 ], [ 139.663017, 35.676141 ], [ 139.663013, 35.676139 ], [ 139.662764, 35.676044 ], [ 139.662565, 35.67596 ], [ 139.662178, 35.675804 ], [ 139.661884, 35.675677 ], [ 139.661845, 35.675633 ], [ 139.661739, 35.675533 ], [ 139.661764, 35.675476 ], [ 139.661796, 35.675331 ], [ 139.661737, 35.675203 ], [ 139.661732, 35.675191 ], [ 139.661717, 35.675165 ], [ 139.661552, 35.674811 ], [ 139.661339, 35.674618 ], [ 139.661419, 35.674463 ], [ 139.661427, 35.674451 ], [ 139.661456, 35.674409 ], [ 139.661493, 35.674381 ], [ 139.661612, 35.674287 ], [ 139.66162, 35.674259 ], [ 139.661658, 35.67412 ], [ 139.661799, 35.673684 ], [ 139.661782, 35.673651 ], [ 139.6617, 35.673488 ], [ 139.661523, 35.673242 ], [ 139.661534, 35.673239 ], [ 139.661519, 35.67322 ], [ 139.661459, 35.673059 ], [ 139.661392, 35.672941 ], [ 139.661381, 35.672945 ], [ 139.661378, 35.672937 ], [ 139.661416, 35.672851 ], [ 139.661427, 35.672809 ], [ 139.661023, 35.6727 ], [ 139.660701, 35.672613 ], [ 139.660598, 35.672846 ], [ 139.660467, 35.673106 ], [ 139.660357, 35.673322 ], [ 139.660349, 35.673339 ], [ 139.660251, 35.673541 ], [ 139.660173, 35.673702 ], [ 139.660109, 35.673828 ], [ 139.660101, 35.673847 ], [ 139.659856, 35.674324 ], [ 139.65983, 35.674374 ], [ 139.659619, 35.674789 ], [ 139.659606, 35.674808 ], [ 139.659321, 35.67535 ], [ 139.659092, 35.675798 ], [ 139.65909, 35.675802 ], [ 139.658959, 35.676057 ], [ 139.658749, 35.676466 ], [ 139.65873, 35.676504 ], [ 139.658649, 35.676682 ], [ 139.658455, 35.677048 ], [ 139.65828, 35.677392 ], [ 139.658195, 35.677561 ], [ 139.658047, 35.677856 ], [ 139.657812, 35.6783 ], [ 139.657698, 35.678515 ], [ 139.657563, 35.67877 ], [ 139.657396, 35.679066 ], [ 139.657343, 35.679257 ], [ 139.657304, 35.679422 ], [ 139.657277, 35.679646 ], [ 139.657275, 35.67966 ], [ 139.657248, 35.679876 ], [ 139.657221, 35.680295 ], [ 139.657483, 35.680346 ], [ 139.657647, 35.680361 ], [ 139.65793, 35.680353 ], [ 139.6584, 35.680314 ], [ 139.658604, 35.680284 ], [ 139.659226, 35.680053 ], [ 139.65935, 35.680028 ], [ 139.659531, 35.679881 ], [ 139.659586, 35.679854 ], [ 139.659744, 35.679797 ], [ 139.659844, 35.679803 ], [ 139.660278, 35.679951 ], [ 139.660515, 35.680031 ], [ 139.660707, 35.68009 ], [ 139.660969, 35.680169 ], [ 139.661, 35.680178 ], [ 139.66124, 35.68026 ], [ 139.661447, 35.680314 ], [ 139.661659, 35.680377 ], [ 139.66166, 35.680372 ], [ 139.661689, 35.68023 ], [ 139.661801, 35.680129 ], [ 139.66191, 35.679992 ], [ 139.661985, 35.679869 ], [ 139.662016, 35.679818 ] ] ] } },
{ "type": "Feature", "properties": { "key": "杉並区|方南2丁目", "ward": "杉並区", "town": "方南２丁目" }, "geometry": { "type": "Polygon", "coordinates": [ [ [ 139.659878, 35.684778 ], [ 139.660177, 35.684905 ], [ 139.660199, 35.684898 ], [ 139.660368, 35.684547 ], [ 139.660521, 35.684229 ], [ 139.660435, 35.684207 ], [ 139.660355, 35.684187 ], [ 139.660161, 35.684139 ], [ 139.660116, 35.684092 ], [ 139.660107, 35.684074 ], [ 139.659985, 35.683839 ], [ 139.659942, 35.683652 ], [ 139.659756, 35.683654 ], [ 139.659575, 35.683653 ], [ 139.659545, 35.683629 ], [ 139.659423, 35.683527 ], [ 139.659351, 35.683414 ], [ 139.659253, 35.68319 ], [ 139.65942, 35.68317 ], [ 139.659414, 35.683095 ], [ 139.659409, 35.683046 ], [ 139.659404, 35.682802 ], [ 139.659399, 35.682605 ], [ 139.659384, 35.68248 ], [ 139.659349, 35.682195 ], [ 139.659368, 35.682192 ], [ 139.659596, 35.682166 ], [ 139.659848, 35.682094 ], [ 139.659968, 35.682053 ], [ 139.660006, 35.682044 ], [ 139.659924, 35.681762 ], [ 139.660185, 35.681697 ], [ 139.660171, 35.681582 ], [ 139.660111, 35.68132 ], [ 139.660337, 35.681272 ], [ 139.660587, 35.681164 ], [ 139.66058, 35.681152 ], [ 139.660567, 35.681131 ], [ 139.660608, 35.681114 ], [ 139.660443, 35.680873 ], [ 139.660352, 35.680804 ], [ 139.660319, 35.680789 ], [ 139.660236, 35.680752 ], [ 139.660128, 35.68059 ], [ 139.66007, 35.680503 ], [ 139.659817, 35.680398 ], [ 139.659778, 35.680393 ], [ 139.659728, 35.680392 ], [ 139.659713, 35.680364 ], [ 139.659699, 35.680308 ], [ 139.659711, 35.680285 ], [ 139.659779, 35.680257 ], [ 139.659663, 35.680153 ], [ 139.659585, 35.680083 ], [ 139.659537, 35.680074 ], [ 139.659494, 35.680078 ], [ 139.659468, 35.680097 ], [ 139.659452, 35.680109 ], [ 139.659357, 35.680081 ], [ 139.65935, 35.680028 ], [ 139.659226, 35.680053 ], [ 139.658604, 35.680284 ], [ 139.6584, 35.680314 ], [ 139.65793, 35.680353 ], [ 139.657647, 35.680361 ], [ 139.657483, 35.680346 ], [ 139.657221, 35.680295 ], [ 139.657193, 35.68062 ], [ 139.657175, 35.680832 ], [ 139.657152, 35.681121 ], [ 139.657137, 35.681255 ], [ 139.657133, 35.681293 ], [ 139.657137, 35.681489 ], [ 139.65712, 35.681758 ], [ 139.657115, 35.68183 ], [ 139.657097, 35.682023 ], [ 139.657077, 35.68216 ], [ 139.657057, 35.682302 ], [ 139.657057, 35.682307 ], [ 139.657042, 35.682604 ], [ 139.656999, 35.682911 ], [ 139.65698, 35.683108 ], [ 139.656944, 35.683383 ], [ 139.656941, 35.683444 ], [ 139.656933, 35.683583 ], [ 139.656908, 35.683818 ], [ 139.656857, 35.684351 ], [ 139.656829, 35.684604 ], [ 139.656806, 35.684736 ], [ 139.656801, 35.684882 ], [ 139.65679, 35.684932 ], [ 139.656754, 35.685099 ], [ 139.656677, 35.685244 ], [ 139.656641, 35.685308 ], [ 139.656538, 35.685574 ], [ 139.656528, 35.6856 ], [ 139.656447, 35.68579 ], [ 139.656407, 35.685915 ], [ 139.656382, 35.685993 ], [ 139.656247, 35.686316 ], [ 139.656555, 35.686445 ], [ 139.656693, 35.686485 ], [ 139.65688, 35.686529 ], [ 139.65728, 35.686591 ], [ 139.657873, 35.686615 ], [ 139.65815, 35.686622 ], [ 139.658746, 35.686633 ], [ 139.659154, 35.686636 ], [ 139.659166, 35.686338 ], [ 139.659175, 35.686136 ], [ 139.659198, 35.68603 ], [ 139.659305, 35.686006 ], [ 139.659341, 35.685953 ], [ 139.659425, 35.6858 ], [ 139.659533, 35.685716 ], [ 139.659378, 35.685144 ], [ 139.659413, 35.685142 ], [ 139.659785, 35.68512 ], [ 139.659787, 35.684926 ], [ 139.659805, 35.684861 ], [ 139.659873, 35.684784 ], [ 139.659878, 35.684778 ] ] ] } },
{ "type": "Feature", "properties": { "key": "杉並区|和泉1丁目", "ward": "杉並区", "town": "和泉１丁目" }, "geometry": { "type": "Polygon", "coordinates": [ [ [ 139.658649, 35.676682 ], [ 139.65873, 35.676504 ], [ 139.658749, 35.676466 ], [ 139.658959, 35.676057 ], [ 139.65909, 35.675802 ], [ 139.659092, 35.675798 ], [ 139.659321, 35.67535 ], [ 139.659606, 35.674808 ], [ 139.659619, 35.674789 ], [ 139.65983, 35.674374 ], [ 139.659856, 35.674324 ], [ 139.660101, 35.673847 ], [ 139.660109, 35.673828 ], [ 139.660173, 35.673702 ], [ 139.660251, 35.673541 ], [ 139.660349, 35.673339 ], [ 139.660357, 35.673322 ], [ 139.660467, 35.673106 ], [ 139.660598, 35.672846 ], [ 139.660701, 35.672613 ], [ 139.660714, 35.672585 ], [ 139.659965, 35.672411 ], [ 139.659938, 35.672405 ], [ 139.659867, 35.672388 ], [ 139.659845, 35.672382 ], [ 139.659819, 35.672375 ], [ 139.659671, 35.672334 ], [ 139.65883, 35.672103 ], [ 139.658722, 35.672074 ], [ 139.658572, 35.672032 ], [ 139.658499, 35.672012 ], [ 139.658034, 35.671884 ], [ 139.657438, 35.67172 ], [ 139.657084, 35.671592 ], [ 139.656909, 35.671919 ], [ 139.656793, 35.672069 ], [ 139.656633, 35.672232 ], [ 139.656512, 35.672352 ], [ 139.656325, 35.672563 ], [ 139.656313, 35.672571 ], [ 139.656156, 35.67275 ], [ 139.656074, 35.672859 ], [ 139.655999, 35.67296 ], [ 139.655769, 35.673255 ], [ 139.655729, 35.673333 ], [ 139.655675, 35.673383 ], [ 139.655584, 35.673541 ], [ 139.655517, 35.673669 ], [ 139.655452, 35.673777 ], [ 139.655241, 35.67414 ], [ 139.655063, 35.674468 ], [ 139.655018, 35.674541 ], [ 139.654958, 35.674656 ], [ 139.654844, 35.674819 ], [ 139.654703, 35.675008 ], [ 139.654588, 35.675187 ], [ 139.654277, 35.675578 ], [ 139.654262, 35.675592 ], [ 139.654049, 35.675815 ], [ 139.653955, 35.67591 ], [ 139.65376, 35.676115 ], [ 139.653639, 35.676231 ], [ 139.653425, 35.676436 ], [ 139.653298, 35.676558 ], [ 139.653187, 35.676659 ], [ 139.653136, 35.676705 ], [ 139.652948, 35.676862 ], [ 139.652754, 35.677029 ], [ 139.653087, 35.67704 ], [ 139.653347, 35.677022 ], [ 139.653357, 35.677022 ], [ 139.653819, 35.676958 ], [ 139.653977, 35.67694 ], [ 139.654273, 35.676908 ], [ 139.654302, 35.676956 ], [ 139.655138, 35.676848 ], [ 139.655554, 35.676794 ], [ 139.655625, 35.676805 ], [ 139.65601, 35.67689 ], [ 139.656039, 35.677142 ], [ 139.656078, 35.677277 ], [ 139.656187, 35.677574 ], [ 139.65628, 35.67767 ], [ 139.656502, 35.677827 ], [ 139.656531, 35.677847 ], [ 139.656756, 35.678019 ], [ 139.657193, 35.678335 ], [ 139.657192, 35.678354 ], [ 139.657192, 35.678467 ], [ 139.65718, 35.678614 ], [ 139.657162, 35.678835 ], [ 139.657162, 35.678839 ], [ 139.657167, 35.678884 ], [ 139.657205, 35.679099 ], [ 139.657276, 35.679593 ], [ 139.657277, 35.679646 ], [ 139.657304, 35.679422 ], [ 139.657343, 35.679257 ], [ 139.657396, 35.679066 ], [ 139.657563, 35.67877 ], [ 139.657698, 35.678515 ], [ 139.657812, 35.6783 ], [ 139.658047, 35.677856 ], [ 139.658195, 35.677561 ], [ 139.65828, 35.677392 ], [ 139.658455, 35.677048 ], [ 139.658649, 35.676682 ] ] ] } },
{ "type": "Feature", "properties": { "key": "杉並区|和泉2丁目", "ward": "杉並区", "town": "和泉２丁目" }, "geometry": { "type": "Polygon", "coordinates": [ [ [ 139.655452, 35.673777 ], [ 139.655517, 35.673669 ], [ 139.655584, 35.673541 ], [ 139.655675, 35.673383 ], [ 139.655729, 35.673333 ], [ 139.655769, 35.673255 ], [ 139.655999, 35.67296 ], [ 139.656074, 35.672859 ], [ 139.656156, 35.67275 ], [ 139.656313, 35.672571 ], [ 139.656325, 35.672563 ], [ 139.656512, 35.672352 ], [ 139.656633, 35.672232 ], [ 139.656793, 35.672069 ], [ 139.656909, 35.671919 ], [ 139.657084, 35.671592 ], [ 139.656795, 35.671488 ], [ 139.656724, 35.671311 ], [ 139.656603, 35.671263 ], [ 139.656566, 35.671249 ], [ 139.656423, 35.671193 ], [ 139.656121, 35.671081 ], [ 139.655832, 35.670966 ], [ 139.655657, 35.670904 ], [ 139.655606, 35.670888 ], [ 139.655336, 35.670806 ], [ 139.655307, 35.670799 ], [ 139.655156, 35.670765 ], [ 139.654966, 35.670722 ], [ 139.654639, 35.670663 ], [ 139.654439, 35.670631 ], [ 139.654337, 35.670925 ], [ 139.65391, 35.670885 ], [ 139.653722, 35.670868 ], [ 139.65351, 35.670842 ], [ 139.6528, 35.670754 ], [ 139.652632, 35.670742 ], [ 139.652294, 35.670689 ], [ 139.65204, 35.670649 ], [ 139.651962, 35.670634 ], [ 139.65151, 35.670552 ], [ 139.651353, 35.670524 ], [ 139.651352, 35.670523 ], [ 139.65108, 35.670473 ], [ 139.650707, 35.670414 ], [ 139.650498, 35.670381 ], [ 139.650163, 35.67031 ], [ 139.650038, 35.67091 ], [ 139.649954, 35.6712 ], [ 139.649907, 35.671319 ], [ 139.649691, 35.671621 ], [ 139.649531, 35.6718 ], [ 139.649287, 35.672002 ], [ 139.649051, 35.672176 ], [ 139.648804, 35.67234 ], [ 139.648797, 35.672346 ], [ 139.648598, 35.672489 ], [ 139.647795, 35.673043 ], [ 139.647294, 35.67339 ], [ 139.647283, 35.673398 ], [ 139.646366, 35.674044 ], [ 139.646285, 35.674119 ], [ 139.646364, 35.674183 ], [ 139.6465, 35.674094 ], [ 139.64665, 35.674029 ], [ 139.646761, 35.674018 ], [ 139.646902, 35.674205 ], [ 139.64693, 35.674275 ], [ 139.646976, 35.674301 ], [ 139.647043, 35.674388 ], [ 139.64706, 35.674444 ], [ 139.647259, 35.674542 ], [ 139.647583, 35.674767 ], [ 139.647681, 35.674919 ], [ 139.647731, 35.674957 ], [ 139.647767, 35.675139 ], [ 139.647905, 35.675361 ], [ 139.647976, 35.675468 ], [ 139.648148, 35.675905 ], [ 139.648162, 35.675928 ], [ 139.648143, 35.675931 ], [ 139.648326, 35.676039 ], [ 139.648477, 35.676184 ], [ 139.648523, 35.676359 ], [ 139.648533, 35.676574 ], [ 139.648475, 35.676857 ], [ 139.648473, 35.677042 ], [ 139.648494, 35.677118 ], [ 139.648621, 35.677373 ], [ 139.648595, 35.677559 ], [ 139.648589, 35.677604 ], [ 139.648594, 35.677803 ], [ 139.648675, 35.678043 ], [ 139.648843, 35.678307 ], [ 139.648859, 35.678328 ], [ 139.649201, 35.678128 ], [ 139.649933, 35.677909 ], [ 139.649936, 35.677907 ], [ 139.650345, 35.677683 ], [ 139.650486, 35.677644 ], [ 139.650866, 35.677602 ], [ 139.651253, 35.677556 ], [ 139.651597, 35.677491 ], [ 139.651719, 35.677449 ], [ 139.651754, 35.677434 ], [ 139.652077, 35.677321 ], [ 139.652111, 35.677306 ], [ 139.652452, 35.677168 ], [ 139.652583, 35.677105 ], [ 139.652754, 35.677029 ], [ 139.652948, 35.676862 ], [ 139.653136, 35.676705 ], [ 139.653187, 35.676659 ], [ 139.653298, 35.676558 ], [ 139.653425, 35.676436 ], [ 139.653639, 35.676231 ], [ 139.65376, 35.676115 ], [ 139.653955, 35.67591 ], [ 139.654049, 35.675815 ], [ 139.654262, 35.675592 ], [ 139.654277, 35.675578 ], [ 139.654588, 35.675187 ], [ 139.654703, 35.675008 ], [ 139.654844, 35.674819 ], [ 139.654958, 35.674656 ], [ 139.655018, 35.674541 ], [ 139.655063, 35.674468 ], [ 139.655241, 35.67414 ], [ 139.655452, 35.673777 ] ] ] } },
{ "type": "Feature", "properties": { "key": "杉並区|和泉3丁目", "ward": "杉並区", "town": "和泉３丁目" }, "geometry": { "type": "Polygon", "coordinates": [ [ [ 139.651374, 35.68261 ], [ 139.651403, 35.68261 ], [ 139.651865, 35.682612 ], [ 139.652114, 35.682641 ], [ 139.652268, 35.68268 ], [ 139.652275, 35.682631 ], [ 139.652159, 35.682451 ], [ 139.652029, 35.682356 ], [ 139.651574, 35.68217 ], [ 139.651472, 35.682129 ], [ 139.651259, 35.682043 ], [ 139.651151, 35.681995 ], [ 139.65106, 35.681949 ], [ 139.650909, 35.681875 ], [ 139.650699, 35.681676 ], [ 139.650553, 35.681432 ], [ 139.65045, 35.68115 ], [ 139.650444, 35.681076 ], [ 139.650425, 35.681044 ], [ 139.650087, 35.680625 ], [ 139.649961, 35.680516 ], [ 139.649907, 35.680484 ], [ 139.649842, 35.680407 ], [ 139.649696, 35.680238 ], [ 139.649553, 35.680044 ], [ 139.649493, 35.679942 ], [ 139.649496, 35.679823 ], [ 139.649498, 35.679723 ], [ 139.649522, 35.679536 ], [ 139.649504, 35.679487 ], [ 139.649364, 35.679303 ], [ 139.649195, 35.679164 ], [ 139.648946, 35.678677 ], [ 139.648859, 35.678328 ], [ 139.648843, 35.678307 ], [ 139.648675, 35.678043 ], [ 139.648594, 35.677803 ], [ 139.648589, 35.677604 ], [ 139.648595, 35.677559 ], [ 139.648621, 35.677373 ], [ 139.648494, 35.677118 ], [ 139.648473, 35.677042 ], [ 139.648475, 35.676857 ], [ 139.648533, 35.676574 ], [ 139.648523, 35.676359 ], [ 139.648477, 35.676184 ], [ 139.648326, 35.676039 ], [ 139.648143, 35.675931 ], [ 139.648162, 35.675928 ], [ 139.648148, 35.675905 ], [ 139.647976, 35.675468 ], [ 139.647905, 35.675361 ], [ 139.647767, 35.675139 ], [ 139.647731, 35.674957 ], [ 139.647681, 35.674919 ], [ 139.647583, 35.674767 ], [ 139.647259, 35.674542 ], [ 139.64706, 35.674444 ], [ 139.647043, 35.674388 ], [ 139.646976, 35.674301 ], [ 139.64693, 35.674275 ], [ 139.646902, 35.674205 ], [ 139.646761, 35.674018 ], [ 139.64665, 35.674029 ], [ 139.6465, 35.674094 ], [ 139.646364, 35.674183 ], [ 139.646285, 35.674119 ], [ 139.646233, 35.674126 ], [ 139.645725, 35.674482 ], [ 139.645319, 35.674775 ], [ 139.644566, 35.675303 ], [ 139.644183, 35.675532 ], [ 139.644088, 35.675589 ], [ 139.643727, 35.675796 ], [ 139.643646, 35.675837 ], [ 139.643641, 35.675845 ], [ 139.643822, 35.676164 ], [ 139.643838, 35.676189 ], [ 139.643991, 35.67643 ], [ 139.643977, 35.676441 ], [ 139.643935, 35.676473 ], [ 139.644035, 35.676769 ], [ 139.644093, 35.677058 ], [ 139.644104, 35.677116 ], [ 139.64411, 35.677375 ], [ 139.644078, 35.677644 ], [ 139.643996, 35.677861 ], [ 139.643993, 35.67787 ], [ 139.643915, 35.678136 ], [ 139.643881, 35.67836 ], [ 139.643832, 35.678691 ], [ 139.643787, 35.678998 ], [ 139.643704, 35.67958 ], [ 139.643652, 35.67997 ], [ 139.643609, 35.680254 ], [ 139.643606, 35.680361 ], [ 139.643602, 35.680486 ], [ 139.643531, 35.680784 ], [ 139.643511, 35.680974 ], [ 139.643498, 35.681096 ], [ 139.643518, 35.681371 ], [ 139.643432, 35.681653 ], [ 139.643347, 35.681934 ], [ 139.643696, 35.682016 ], [ 139.644026, 35.682092 ], [ 139.644125, 35.682115 ], [ 139.644397, 35.682178 ], [ 139.644709, 35.68225 ], [ 139.645247, 35.682376 ], [ 139.646009, 35.682541 ], [ 139.64636, 35.682621 ], [ 139.647319, 35.682839 ], [ 139.647462, 35.682863 ], [ 139.647808, 35.68292 ], [ 139.648014, 35.682916 ], [ 139.648242, 35.682883 ], [ 139.648781, 35.682794 ], [ 139.648876, 35.682778 ], [ 139.648928, 35.682771 ], [ 139.64916, 35.682743 ], [ 139.649706, 35.682675 ], [ 139.649737, 35.682671 ], [ 139.64985, 35.682656 ], [ 139.650267, 35.682628 ], [ 139.650425, 35.682625 ], [ 139.650935, 35.682617 ], [ 139.651374, 35.68261 ] ] ] } },
{ "type": "Feature", "properties": { "key": "杉並区|和泉4丁目", "ward": "杉並区", "town": "和泉４丁目" }, "geometry": { "type": "Polygon", "coordinates": [ [ [ 139.65601, 35.67689 ], [ 139.655625, 35.676805 ], [ 139.655554, 35.676794 ], [ 139.655138, 35.676848 ], [ 139.654302, 35.676956 ], [ 139.654273, 35.676908 ], [ 139.653977, 35.67694 ], [ 139.653819, 35.676958 ], [ 139.653357, 35.677022 ], [ 139.653347, 35.677022 ], [ 139.653087, 35.67704 ], [ 139.652754, 35.677029 ], [ 139.652583, 35.677105 ], [ 139.652452, 35.677168 ], [ 139.652111, 35.677306 ], [ 139.652077, 35.677321 ], [ 139.651754, 35.677434 ], [ 139.651719, 35.677449 ], [ 139.651597, 35.677491 ], [ 139.651253, 35.677556 ], [ 139.650866, 35.677602 ], [ 139.650486, 35.677644 ], [ 139.650345, 35.677683 ], [ 139.649936, 35.677907 ], [ 139.649933, 35.677909 ], [ 139.649201, 35.678128 ], [ 139.648859, 35.678328 ], [ 139.648946, 35.678677 ], [ 139.649195, 35.679164 ], [ 139.649364, 35.679303 ], [ 139.649504, 35.679487 ], [ 139.649522, 35.679536 ], [ 139.649498, 35.679723 ], [ 139.649496, 35.679823 ], [ 139.649493, 35.679942 ], [ 139.649553, 35.680044 ], [ 139.649696, 35.680238 ], [ 139.649842, 35.680407 ], [ 139.649907, 35.680484 ], [ 139.649961, 35.680516 ], [ 139.650087, 35.680625 ], [ 139.650425, 35.681044 ], [ 139.650444, 35.681076 ], [ 139.65045, 35.68115 ], [ 139.650553, 35.681432 ], [ 139.650699, 35.681676 ], [ 139.650909, 35.681875 ], [ 139.65106, 35.681949 ], [ 139.651151, 35.681995 ], [ 139.651259, 35.682043 ], [ 139.651472, 35.682129 ], [ 139.651574, 35.68217 ], [ 139.652029, 35.682356 ], [ 139.652159, 35.682451 ], [ 139.652275, 35.682631 ], [ 139.652268, 35.68268 ], [ 139.65249, 35.68274 ], [ 139.652492, 35.682741 ], [ 139.652787, 35.682818 ], [ 139.653211, 35.682929 ], [ 139.65336, 35.682974 ], [ 139.653635, 35.683018 ], [ 139.654084, 35.683081 ], [ 139.654275, 35.683105 ], [ 139.654501, 35.683145 ], [ 139.65495, 35.683199 ], [ 139.655096, 35.683215 ], [ 139.655299, 35.683241 ], [ 139.655549, 35.683272 ], [ 139.655578, 35.683276 ], [ 139.655993, 35.68333 ], [ 139.656164, 35.68335 ], [ 139.656941, 35.683444 ], [ 139.656944, 35.683383 ], [ 139.65698, 35.683108 ], [ 139.656999, 35.682911 ], [ 139.657042, 35.682604 ], [ 139.657057, 35.682307 ], [ 139.657057, 35.682302 ], [ 139.657077, 35.68216 ], [ 139.657097, 35.682023 ], [ 139.657115, 35.68183 ], [ 139.65712, 35.681758 ], [ 139.657137, 35.681489 ], [ 139.657133, 35.681293 ], [ 139.657137, 35.681255 ], [ 139.657152, 35.681121 ], [ 139.657175, 35.680832 ], [ 139.657193, 35.68062 ], [ 139.657221, 35.680295 ], [ 139.657248, 35.679876 ], [ 139.657275, 35.67966 ], [ 139.657277, 35.679646 ], [ 139.657276, 35.679593 ], [ 139.657205, 35.679099 ], [ 139.657167, 35.678884 ], [ 139.657162, 35.678839 ], [ 139.657162, 35.678835 ], [ 139.65718, 35.678614 ], [ 139.657192, 35.678467 ], [ 139.657192, 35.678354 ], [ 139.657193, 35.678335 ], [ 139.656756, 35.678019 ], [ 139.656531, 35.677847 ], [ 139.656502, 35.677827 ], [ 139.65628, 35.67767 ], [ 139.656187, 35.677574 ], [ 139.656078, 35.677277 ], [ 139.656039, 35.677142 ], [ 139.65601, 35.67689 ] ] ] } },
{ "type": "Feature", "properties": { "key": "杉並区|堀の内1丁目", "ward": "杉並区", "town": "堀ノ内１丁目" }, "geometry": { "type": "Polygon", "coordinates": [ [ [ 139.651948, 35.684828 ], [ 139.652871, 35.684843 ], [ 139.6533, 35.684854 ], [ 139.653697, 35.684937 ], [ 139.654017, 35.685039 ], [ 139.654293, 35.685145 ], [ 139.654483, 35.685256 ], [ 139.654881, 35.6855 ], [ 139.655304, 35.685754 ], [ 139.655381, 35.685801 ], [ 139.655826, 35.686071 ], [ 139.656241, 35.6863 ], [ 139.656247, 35.686316 ], [ 139.656382, 35.685993 ], [ 139.656407, 35.685915 ], [ 139.656447, 35.68579 ], [ 139.656528, 35.6856 ], [ 139.656538, 35.685574 ], [ 139.656641, 35.685308 ], [ 139.656677, 35.685244 ], [ 139.656754, 35.685099 ], [ 139.65679, 35.684932 ], [ 139.656801, 35.684882 ], [ 139.656806, 35.684736 ], [ 139.656829, 35.684604 ], [ 139.656857, 35.684351 ], [ 139.656908, 35.683818 ], [ 139.656933, 35.683583 ], [ 139.656941, 35.683444 ], [ 139.656164, 35.68335 ], [ 139.655993, 35.68333 ], [ 139.655578, 35.683276 ], [ 139.655549, 35.683272 ], [ 139.655299, 35.683241 ], [ 139.655096, 35.683215 ], [ 139.65495, 35.683199 ], [ 139.654501, 35.683145 ], [ 139.654275, 35.683105 ], [ 139.654084, 35.683081 ], [ 139.653635, 35.683018 ], [ 139.65336, 35.682974 ], [ 139.653211, 35.682929 ], [ 139.652787, 35.682818 ], [ 139.652492, 35.682741 ], [ 139.65249, 35.68274 ], [ 139.652268, 35.68268 ], [ 139.652114, 35.682641 ], [ 139.651865, 35.682612 ], [ 139.651403, 35.68261 ], [ 139.651374, 35.68261 ], [ 139.650935, 35.682617 ], [ 139.650425, 35.682625 ], [ 139.650267, 35.682628 ], [ 139.64985, 35.682656 ], [ 139.649737, 35.682671 ], [ 139.649706, 35.682675 ], [ 139.64916, 35.682743 ], [ 139.648928, 35.682771 ], [ 139.648876, 35.682778 ], [ 139.648781, 35.682794 ], [ 139.648242, 35.682883 ], [ 139.648014, 35.682916 ], [ 139.647808, 35.68292 ], [ 139.647462, 35.682863 ], [ 139.647319, 35.682839 ], [ 139.647191, 35.682926 ], [ 139.647157, 35.682949 ], [ 139.647155, 35.683097 ], [ 139.647147, 35.683634 ], [ 139.647421, 35.683826 ], [ 139.647508, 35.683962 ], [ 139.647518, 35.683987 ], [ 139.647292, 35.684125 ], [ 139.647169, 35.684256 ], [ 139.647034, 35.684349 ], [ 139.646702, 35.684548 ], [ 139.646669, 35.684568 ], [ 139.646353, 35.684649 ], [ 139.646206, 35.684665 ], [ 139.645522, 35.684701 ], [ 139.645506, 35.684707 ], [ 139.646165, 35.685706 ], [ 139.646172, 35.685716 ], [ 139.646723, 35.686551 ], [ 139.646805, 35.686676 ], [ 139.647015, 35.686993 ], [ 139.647107, 35.687133 ], [ 139.647281, 35.687399 ], [ 139.647545, 35.687801 ], [ 139.647887, 35.688314 ], [ 139.648129, 35.688678 ], [ 139.649335, 35.688229 ], [ 139.649464, 35.688169 ], [ 139.649538, 35.68811 ], [ 139.649591, 35.688067 ], [ 139.64975, 35.687866 ], [ 139.649933, 35.687595 ], [ 139.650017, 35.687472 ], [ 139.650122, 35.687298 ], [ 139.650535, 35.686705 ], [ 139.650729, 35.686419 ], [ 139.650872, 35.686174 ], [ 139.650995, 35.685908 ], [ 139.651075, 35.685655 ], [ 139.65119, 35.685238 ], [ 139.651221, 35.685133 ], [ 139.651338, 35.684962 ], [ 139.651423, 35.684907 ], [ 139.651654, 35.684856 ], [ 139.651948, 35.684828 ] ] ] } },
{ "type": "Feature", "properties": { "key": "杉並区|堀の内2丁目", "ward": "杉並区", "town": "堀ノ内２丁目" }, "geometry": { "type": "Polygon", "coordinates": [ [ [ 139.649564, 35.690178 ], [ 139.649671, 35.690127 ], [ 139.649796, 35.690106 ], [ 139.65002, 35.690106 ], [ 139.6503, 35.690106 ], [ 139.650562, 35.690114 ], [ 139.650567, 35.690114 ], [ 139.650769, 35.690101 ], [ 139.650954, 35.690064 ], [ 139.651153, 35.690014 ], [ 139.651345, 35.689962 ], [ 139.651458, 35.689963 ], [ 139.651657, 35.689986 ], [ 139.652238, 35.690074 ], [ 139.652252, 35.690077 ], [ 139.652518, 35.690136 ], [ 139.652693, 35.690208 ], [ 139.652962, 35.690329 ], [ 139.653235, 35.690451 ], [ 139.653248, 35.690456 ], [ 139.653635, 35.690553 ], [ 139.653697, 35.690556 ], [ 139.653796, 35.69056 ], [ 139.654047, 35.690524 ], [ 139.654255, 35.690542 ], [ 139.654457, 35.690564 ], [ 139.65494, 35.690616 ], [ 139.655017, 35.690239 ], [ 139.655048, 35.690082 ], [ 139.655079, 35.689921 ], [ 139.65508, 35.689916 ], [ 139.655085, 35.689886 ], [ 139.655146, 35.689573 ], [ 139.655158, 35.689505 ], [ 139.655235, 35.689074 ], [ 139.655237, 35.689064 ], [ 139.655243, 35.689027 ], [ 139.65536, 35.68873 ], [ 139.65538, 35.688675 ], [ 139.655472, 35.688423 ], [ 139.655709, 35.687768 ], [ 139.655823, 35.687465 ], [ 139.656046, 35.686861 ], [ 139.656163, 35.686548 ], [ 139.656238, 35.686311 ], [ 139.656247, 35.686316 ], [ 139.656241, 35.6863 ], [ 139.655826, 35.686071 ], [ 139.655381, 35.685801 ], [ 139.655304, 35.685754 ], [ 139.654881, 35.6855 ], [ 139.654483, 35.685256 ], [ 139.654293, 35.685145 ], [ 139.654017, 35.685039 ], [ 139.653697, 35.684937 ], [ 139.6533, 35.684854 ], [ 139.652871, 35.684843 ], [ 139.651948, 35.684828 ], [ 139.651654, 35.684856 ], [ 139.651423, 35.684907 ], [ 139.651338, 35.684962 ], [ 139.651221, 35.685133 ], [ 139.65119, 35.685238 ], [ 139.651075, 35.685655 ], [ 139.650995, 35.685908 ], [ 139.650872, 35.686174 ], [ 139.650729, 35.686419 ], [ 139.650535, 35.686705 ], [ 139.650122, 35.687298 ], [ 139.650017, 35.687472 ], [ 139.649933, 35.687595 ], [ 139.64975, 35.687866 ], [ 139.649591, 35.688067 ], [ 139.649538, 35.68811 ], [ 139.649464, 35.688169 ], [ 139.649335, 35.688229 ], [ 139.648129, 35.688678 ], [ 139.647511, 35.6889 ], [ 139.647189, 35.689012 ], [ 139.646853, 35.689141 ], [ 139.646635, 35.689198 ], [ 139.646506, 35.689216 ], [ 139.646301, 35.689219 ], [ 139.646206, 35.689218 ], [ 139.64618, 35.689368 ], [ 139.646065, 35.689771 ], [ 139.646308, 35.689819 ], [ 139.646217, 35.690335 ], [ 139.646134, 35.690313 ], [ 139.64603, 35.690866 ], [ 139.646018, 35.691018 ], [ 139.646071, 35.691372 ], [ 139.646107, 35.691698 ], [ 139.646124, 35.691707 ], [ 139.646121, 35.6917 ], [ 139.646622, 35.691602 ], [ 139.647085, 35.691513 ], [ 139.647648, 35.691178 ], [ 139.64783, 35.691072 ], [ 139.647907, 35.690966 ], [ 139.648221, 35.690825 ], [ 139.648498, 35.690723 ], [ 139.648815, 35.690657 ], [ 139.648878, 35.690634 ], [ 139.648914, 35.69061 ], [ 139.649237, 35.690394 ], [ 139.649248, 35.690388 ], [ 139.649564, 35.690178 ] ] ] } },
{ "type": "Feature", "properties": { "key": "杉並区|堀の内3丁目", "ward": "杉並区", "town": "堀ノ内３丁目" }, "geometry": { "type": "Polygon", "coordinates": [ [ [ 139.654354, 35.694156 ], [ 139.654394, 35.693499 ], [ 139.654459, 35.693121 ], [ 139.654475, 35.693029 ], [ 139.65454, 35.692657 ], [ 139.654562, 35.692528 ], [ 139.654694, 35.691805 ], [ 139.654701, 35.691764 ], [ 139.654755, 35.691454 ], [ 139.654784, 35.691285 ], [ 139.654793, 35.691234 ], [ 139.654811, 35.691131 ], [ 139.654834, 35.690998 ], [ 139.654859, 35.690853 ], [ 139.654875, 35.690815 ], [ 139.654917, 35.690718 ], [ 139.654936, 35.690634 ], [ 139.65494, 35.690616 ], [ 139.654457, 35.690564 ], [ 139.654255, 35.690542 ], [ 139.654047, 35.690524 ], [ 139.653796, 35.69056 ], [ 139.653697, 35.690556 ], [ 139.653635, 35.690553 ], [ 139.653248, 35.690456 ], [ 139.653235, 35.690451 ], [ 139.652962, 35.690329 ], [ 139.652693, 35.690208 ], [ 139.652518, 35.690136 ], [ 139.652252, 35.690077 ], [ 139.652238, 35.690074 ], [ 139.651657, 35.689986 ], [ 139.651458, 35.689963 ], [ 139.651345, 35.689962 ], [ 139.651153, 35.690014 ], [ 139.650954, 35.690064 ], [ 139.650769, 35.690101 ], [ 139.650567, 35.690114 ], [ 139.650562, 35.690114 ], [ 139.6503, 35.690106 ], [ 139.65002, 35.690106 ], [ 139.649796, 35.690106 ], [ 139.649671, 35.690127 ], [ 139.649564, 35.690178 ], [ 139.649248, 35.690388 ], [ 139.649237, 35.690394 ], [ 139.648914, 35.69061 ], [ 139.648878, 35.690634 ], [ 139.648815, 35.690657 ], [ 139.648498, 35.690723 ], [ 139.648221, 35.690825 ], [ 139.647907, 35.690966 ], [ 139.64783, 35.691072 ], [ 139.647648, 35.691178 ], [ 139.647085, 35.691513 ], [ 139.646622, 35.691602 ], [ 139.646121, 35.6917 ], [ 139.646124, 35.691707 ], [ 139.646285, 35.692026 ], [ 139.646417, 35.69239 ], [ 139.646427, 35.692419 ], [ 139.646465, 35.69257 ], [ 139.646468, 35.692797 ], [ 139.646456, 35.692934 ], [ 139.646432, 35.693082 ], [ 139.646359, 35.693422 ], [ 139.646328, 35.693572 ], [ 139.646329, 35.693732 ], [ 139.646364, 35.69388 ], [ 139.646483, 35.694104 ], [ 139.646712, 35.694402 ], [ 139.646913, 35.694739 ], [ 139.64701, 35.694911 ], [ 139.647096, 35.695063 ], [ 139.647172, 35.695171 ], [ 139.647529, 35.695065 ], [ 139.647689, 35.69503 ], [ 139.647857, 35.695011 ], [ 139.648007, 35.695017 ], [ 139.647973, 35.694902 ], [ 139.648645, 35.694953 ], [ 139.648675, 35.694927 ], [ 139.64842, 35.694306 ], [ 139.648863, 35.694446 ], [ 139.649175, 35.694553 ], [ 139.649574, 35.694721 ], [ 139.650013, 35.694921 ], [ 139.650111, 35.695073 ], [ 139.650352, 35.695121 ], [ 139.650477, 35.695146 ], [ 139.650964, 35.69525 ], [ 139.651136, 35.695295 ], [ 139.651603, 35.695333 ], [ 139.65165, 35.695313 ], [ 139.651632, 35.694778 ], [ 139.651646, 35.694778 ], [ 139.653383, 35.694741 ], [ 139.653518, 35.694679 ], [ 139.653644, 35.694596 ], [ 139.653769, 35.694518 ], [ 139.654354, 35.694156 ] ] ] } },
{ "type": "Feature", "properties": { "key": "杉並区|松の木1丁目", "ward": "杉並区", "town": "松ノ木１丁目" }, "geometry": { "type": "Polygon", "coordinates": [ [ [ 139.642153, 35.690032 ], [ 139.642569, 35.690035 ], [ 139.642998, 35.690026 ], [ 139.643277, 35.690025 ], [ 139.643884, 35.690018 ], [ 139.643909, 35.689903 ], [ 139.644032, 35.689645 ], [ 139.644165, 35.689387 ], [ 139.644536, 35.689041 ], [ 139.644366, 35.688904 ], [ 139.644267, 35.688699 ], [ 139.644264, 35.688533 ], [ 139.644309, 35.688354 ], [ 139.644411, 35.688019 ], [ 139.644519, 35.687691 ], [ 139.644642, 35.687284 ], [ 139.644644, 35.687277 ], [ 139.644709, 35.687075 ], [ 139.644742, 35.68692 ], [ 139.644732, 35.686735 ], [ 139.644638, 35.686431 ], [ 139.644535, 35.686047 ], [ 139.64435, 35.685462 ], [ 139.644203, 35.684992 ], [ 139.644156, 35.684842 ], [ 139.643925, 35.684855 ], [ 139.642556, 35.684996 ], [ 139.642541, 35.6851 ], [ 139.642504, 35.685191 ], [ 139.642027, 35.685134 ], [ 139.641807, 35.685081 ], [ 139.641518, 35.685021 ], [ 139.64126, 35.684992 ], [ 139.641202, 35.684772 ], [ 139.640719, 35.684985 ], [ 139.64064, 35.685111 ], [ 139.640509, 35.685438 ], [ 139.640384, 35.685621 ], [ 139.640184, 35.685825 ], [ 139.64012, 35.685873 ], [ 139.640066, 35.685913 ], [ 139.639969, 35.686002 ], [ 139.639911, 35.686102 ], [ 139.639865, 35.68635 ], [ 139.639826, 35.686712 ], [ 139.639776, 35.686814 ], [ 139.639762, 35.686951 ], [ 139.639798, 35.687064 ], [ 139.639953, 35.687247 ], [ 139.640044, 35.687414 ], [ 139.640115, 35.687455 ], [ 139.64031, 35.687679 ], [ 139.640335, 35.687754 ], [ 139.640324, 35.687923 ], [ 139.640147, 35.688171 ], [ 139.639971, 35.688526 ], [ 139.63996, 35.688539 ], [ 139.639854, 35.688714 ], [ 139.639621, 35.688957 ], [ 139.639595, 35.689015 ], [ 139.639586, 35.689171 ], [ 139.639757, 35.689185 ], [ 139.639832, 35.689277 ], [ 139.639994, 35.689298 ], [ 139.640674, 35.689329 ], [ 139.641543, 35.689356 ], [ 139.641508, 35.689928 ], [ 139.641511, 35.690047 ], [ 139.641945, 35.690036 ], [ 139.642153, 35.690032 ] ] ] } },
{ "type": "Feature", "properties": { "key": "杉並区|松の木2丁目", "ward": "杉並区", "town": "松ノ木２丁目" }, "geometry": { "type": "Polygon", "coordinates": [ [ [ 139.645425, 35.692424 ], [ 139.645876, 35.692405 ], [ 139.646417, 35.69239 ], [ 139.646285, 35.692026 ], [ 139.646124, 35.691707 ], [ 139.646107, 35.691698 ], [ 139.646071, 35.691372 ], [ 139.646018, 35.691018 ], [ 139.64603, 35.690866 ], [ 139.646134, 35.690313 ], [ 139.646217, 35.690335 ], [ 139.646308, 35.689819 ], [ 139.646065, 35.689771 ], [ 139.64618, 35.689368 ], [ 139.646206, 35.689218 ], [ 139.645509, 35.689184 ], [ 139.644788, 35.689142 ], [ 139.644659, 35.689105 ], [ 139.644536, 35.689041 ], [ 139.644165, 35.689387 ], [ 139.644032, 35.689645 ], [ 139.643909, 35.689903 ], [ 139.643884, 35.690018 ], [ 139.643277, 35.690025 ], [ 139.642998, 35.690026 ], [ 139.642569, 35.690035 ], [ 139.642153, 35.690032 ], [ 139.641945, 35.690036 ], [ 139.641511, 35.690047 ], [ 139.641508, 35.689928 ], [ 139.641543, 35.689356 ], [ 139.640674, 35.689329 ], [ 139.639994, 35.689298 ], [ 139.639832, 35.689277 ], [ 139.639757, 35.689185 ], [ 139.639586, 35.689171 ], [ 139.639591, 35.689203 ], [ 139.639706, 35.689599 ], [ 139.639809, 35.68966 ], [ 139.639894, 35.689816 ], [ 139.640152, 35.689986 ], [ 139.640305, 35.690142 ], [ 139.640709, 35.690315 ], [ 139.640968, 35.690427 ], [ 139.641031, 35.690465 ], [ 139.641089, 35.690554 ], [ 139.64124, 35.690847 ], [ 139.641168, 35.691115 ], [ 139.641127, 35.691294 ], [ 139.641117, 35.691327 ], [ 139.641118, 35.691624 ], [ 139.641145, 35.692014 ], [ 139.641226, 35.692317 ], [ 139.64131, 35.692334 ], [ 139.641331, 35.692324 ], [ 139.641383, 35.69226 ], [ 139.641449, 35.692136 ], [ 139.641969, 35.692491 ], [ 139.642003, 35.692511 ], [ 139.64261, 35.692474 ], [ 139.642888, 35.692466 ], [ 139.643482, 35.692462 ], [ 139.644159, 35.692498 ], [ 139.644362, 35.692517 ], [ 139.644589, 35.692507 ], [ 139.644962, 35.69247 ], [ 139.645425, 35.692424 ] ] ] } },
{ "type": "Feature", "properties": { "key": "杉並区|松の木3丁目", "ward": "杉並区", "town": "松ノ木３丁目" }, "geometry": { "type": "Polygon", "coordinates": [ [ [ 139.648017, 35.695055 ], [ 139.648007, 35.695017 ], [ 139.647857, 35.695011 ], [ 139.647689, 35.69503 ], [ 139.647529, 35.695065 ], [ 139.647172, 35.695171 ], [ 139.647096, 35.695063 ], [ 139.64701, 35.694911 ], [ 139.646913, 35.694739 ], [ 139.646712, 35.694402 ], [ 139.646483, 35.694104 ], [ 139.646364, 35.69388 ], [ 139.646329, 35.693732 ], [ 139.646328, 35.693572 ], [ 139.646359, 35.693422 ], [ 139.646432, 35.693082 ], [ 139.646456, 35.692934 ], [ 139.646468, 35.692797 ], [ 139.646465, 35.69257 ], [ 139.646427, 35.692419 ], [ 139.646417, 35.69239 ], [ 139.645876, 35.692405 ], [ 139.645425, 35.692424 ], [ 139.644962, 35.69247 ], [ 139.644589, 35.692507 ], [ 139.644362, 35.692517 ], [ 139.644159, 35.692498 ], [ 139.643482, 35.692462 ], [ 139.642888, 35.692466 ], [ 139.64261, 35.692474 ], [ 139.642003, 35.692511 ], [ 139.642066, 35.692625 ], [ 139.64216, 35.692976 ], [ 139.642164, 35.693003 ], [ 139.642204, 35.693278 ], [ 139.642194, 35.693578 ], [ 139.642039, 35.69387 ], [ 139.641836, 35.694144 ], [ 139.641642, 35.69432 ], [ 139.64149, 35.694467 ], [ 139.641643, 35.694531 ], [ 139.641865, 35.694609 ], [ 139.642608, 35.694854 ], [ 139.643206, 35.695051 ], [ 139.643562, 35.695166 ], [ 139.643582, 35.695173 ], [ 139.643789, 35.695238 ], [ 139.644048, 35.695321 ], [ 139.644398, 35.695432 ], [ 139.644453, 35.695449 ], [ 139.644725, 35.695536 ], [ 139.645025, 35.695634 ], [ 139.645097, 35.695662 ], [ 139.645477, 35.695812 ], [ 139.645877, 35.69597 ], [ 139.646194, 35.696084 ], [ 139.646246, 35.696098 ], [ 139.646602, 35.696199 ], [ 139.646775, 35.696247 ], [ 139.646969, 35.696301 ], [ 139.647057, 35.696326 ], [ 139.647299, 35.6964 ], [ 139.647407, 35.696431 ], [ 139.647492, 35.696475 ], [ 139.647661, 35.696583 ], [ 139.647716, 35.69662 ], [ 139.647794, 35.696673 ], [ 139.64807, 35.696805 ], [ 139.648121, 35.696751 ], [ 139.648015, 35.696089 ], [ 139.64798, 35.695915 ], [ 139.648038, 35.695826 ], [ 139.648017, 35.695055 ] ] ] } },
{ "type": "Feature", "properties": { "key": "杉並区|大宮1丁目", "ward": "杉並区", "town": "大宮１丁目" }, "geometry": { "type": "Polygon", "coordinates": [ [ [ 139.645506, 35.684707 ], [ 139.645522, 35.684701 ], [ 139.646206, 35.684665 ], [ 139.646353, 35.684649 ], [ 139.646669, 35.684568 ], [ 139.646702, 35.684548 ], [ 139.647034, 35.684349 ], [ 139.647169, 35.684256 ], [ 139.647292, 35.684125 ], [ 139.647518, 35.683987 ], [ 139.647508, 35.683962 ], [ 139.647421, 35.683826 ], [ 139.647147, 35.683634 ], [ 139.647155, 35.683097 ], [ 139.647157, 35.682949 ], [ 139.647191, 35.682926 ], [ 139.647319, 35.682839 ], [ 139.64636, 35.682621 ], [ 139.646009, 35.682541 ], [ 139.645247, 35.682376 ], [ 139.644709, 35.68225 ], [ 139.644397, 35.682178 ], [ 139.644125, 35.682115 ], [ 139.644026, 35.682092 ], [ 139.643696, 35.682016 ], [ 139.643347, 35.681934 ], [ 139.643281, 35.682106 ], [ 139.643161, 35.682413 ], [ 139.64308, 35.682621 ], [ 139.642917, 35.682822 ], [ 139.642579, 35.683037 ], [ 139.6425, 35.683107 ], [ 139.642483, 35.683236 ], [ 139.642487, 35.683529 ], [ 139.642552, 35.684808 ], [ 139.642556, 35.684996 ], [ 139.643925, 35.684855 ], [ 139.644156, 35.684842 ], [ 139.644203, 35.684992 ], [ 139.64435, 35.685462 ], [ 139.644535, 35.686047 ], [ 139.644638, 35.686431 ], [ 139.644732, 35.686735 ], [ 139.644742, 35.68692 ], [ 139.644709, 35.687075 ], [ 139.644644, 35.687277 ], [ 139.644642, 35.687284 ], [ 139.644519, 35.687691 ], [ 139.644411, 35.688019 ], [ 139.644309, 35.688354 ], [ 139.644264, 35.688533 ], [ 139.644267, 35.688699 ], [ 139.644366, 35.688904 ], [ 139.644536, 35.689041 ], [ 139.644659, 35.689105 ], [ 139.644788, 35.689142 ], [ 139.645509, 35.689184 ], [ 139.646206, 35.689218 ], [ 139.646301, 35.689219 ], [ 139.646506, 35.689216 ], [ 139.646635, 35.689198 ], [ 139.646853, 35.689141 ], [ 139.647189, 35.689012 ], [ 139.647511, 35.6889 ], [ 139.648129, 35.688678 ], [ 139.647887, 35.688314 ], [ 139.647545, 35.687801 ], [ 139.647281, 35.687399 ], [ 139.647107, 35.687133 ], [ 139.647015, 35.686993 ], [ 139.646805, 35.686676 ], [ 139.646723, 35.686551 ], [ 139.646172, 35.685716 ], [ 139.646165, 35.685706 ], [ 139.645506, 35.684707 ] ] ] } },
{ "type": "Feature", "properties": { "key": "杉並区|大宮2丁目", "ward": "杉並区", "town": "大宮２丁目" }, "geometry": { "type": "Polygon", "coordinates": [ [ [ 139.641202, 35.684772 ], [ 139.64126, 35.684992 ], [ 139.641518, 35.685021 ], [ 139.641807, 35.685081 ], [ 139.642027, 35.685134 ], [ 139.642504, 35.685191 ], [ 139.642541, 35.6851 ], [ 139.642556, 35.684996 ], [ 139.642552, 35.684808 ], [ 139.642487, 35.683529 ], [ 139.642483, 35.683236 ], [ 139.6425, 35.683107 ], [ 139.642579, 35.683037 ], [ 139.642917, 35.682822 ], [ 139.64308, 35.682621 ], [ 139.643161, 35.682413 ], [ 139.643281, 35.682106 ], [ 139.643347, 35.681934 ], [ 139.643095, 35.68188 ], [ 139.642616, 35.681757 ], [ 139.641997, 35.68161 ], [ 139.641561, 35.681511 ], [ 139.641518, 35.681501 ], [ 139.641238, 35.681432 ], [ 139.640591, 35.681274 ], [ 139.640266, 35.681198 ], [ 139.639569, 35.681026 ], [ 139.638357, 35.680717 ], [ 139.638342, 35.680714 ], [ 139.637856, 35.680597 ], [ 139.637181, 35.680432 ], [ 139.636988, 35.680384 ], [ 139.636475, 35.680259 ], [ 139.636233, 35.680199 ], [ 139.636157, 35.680164 ], [ 139.635929, 35.680283 ], [ 139.635665, 35.68042 ], [ 139.635433, 35.68054 ], [ 139.635082, 35.680714 ], [ 139.635089, 35.680724 ], [ 139.635133, 35.680878 ], [ 139.63553, 35.682204 ], [ 139.635594, 35.682465 ], [ 139.635751, 35.683096 ], [ 139.635893, 35.683669 ], [ 139.636157, 35.683521 ], [ 139.636284, 35.68345 ], [ 139.637079, 35.682919 ], [ 139.637132, 35.682958 ], [ 139.637173, 35.683082 ], [ 139.637271, 35.683463 ], [ 139.637425, 35.683798 ], [ 139.637571, 35.684109 ], [ 139.637651, 35.684298 ], [ 139.637685, 35.684634 ], [ 139.637699, 35.684739 ], [ 139.637735, 35.684968 ], [ 139.637822, 35.685136 ], [ 139.637618, 35.685467 ], [ 139.637639, 35.685557 ], [ 139.637645, 35.685741 ], [ 139.637641, 35.68581 ], [ 139.63764, 35.685826 ], [ 139.637609, 35.686089 ], [ 139.637467, 35.686688 ], [ 139.63745, 35.686721 ], [ 139.637486, 35.686732 ], [ 139.637657, 35.68681 ], [ 139.637808, 35.686838 ], [ 139.637972, 35.686853 ], [ 139.638127, 35.686854 ], [ 139.638284, 35.686806 ], [ 139.638448, 35.68673 ], [ 139.638715, 35.686557 ], [ 139.63886, 35.686464 ], [ 139.638963, 35.686416 ], [ 139.639267, 35.686346 ], [ 139.639647, 35.686304 ], [ 139.639911, 35.686102 ], [ 139.639969, 35.686002 ], [ 139.640066, 35.685913 ], [ 139.64012, 35.685873 ], [ 139.640184, 35.685825 ], [ 139.640384, 35.685621 ], [ 139.640509, 35.685438 ], [ 139.64064, 35.685111 ], [ 139.640719, 35.684985 ], [ 139.641202, 35.684772 ] ] ] } },
{ "type": "Feature", "properties": { "key": "杉並区|梅里1丁目", "ward": "杉並区", "town": "梅里１丁目" }, "geometry": { "type": "Polygon", "coordinates": [ [ [ 139.654819, 35.697767 ], [ 139.654749, 35.697347 ], [ 139.654726, 35.697227 ], [ 139.654604, 35.696486 ], [ 139.654551, 35.696129 ], [ 139.654485, 35.695649 ], [ 139.654392, 35.694591 ], [ 139.654365, 35.694206 ], [ 139.654354, 35.694156 ], [ 139.653769, 35.694518 ], [ 139.653644, 35.694596 ], [ 139.653518, 35.694679 ], [ 139.653383, 35.694741 ], [ 139.651646, 35.694778 ], [ 139.651632, 35.694778 ], [ 139.65165, 35.695313 ], [ 139.651603, 35.695333 ], [ 139.651136, 35.695295 ], [ 139.650964, 35.69525 ], [ 139.650477, 35.695146 ], [ 139.650352, 35.695121 ], [ 139.650111, 35.695073 ], [ 139.650013, 35.694921 ], [ 139.649574, 35.694721 ], [ 139.649175, 35.694553 ], [ 139.648863, 35.694446 ], [ 139.64842, 35.694306 ], [ 139.648675, 35.694927 ], [ 139.648645, 35.694953 ], [ 139.647973, 35.694902 ], [ 139.648007, 35.695017 ], [ 139.648017, 35.695055 ], [ 139.648038, 35.695826 ], [ 139.64798, 35.695915 ], [ 139.648015, 35.696089 ], [ 139.648121, 35.696751 ], [ 139.64807, 35.696805 ], [ 139.648069, 35.696967 ], [ 139.648067, 35.697342 ], [ 139.648085, 35.697481 ], [ 139.64809, 35.69764 ], [ 139.648129, 35.697893 ], [ 139.648168, 35.697894 ], [ 139.648313, 35.6979 ], [ 139.64853, 35.697908 ], [ 139.648552, 35.697908 ], [ 139.648943, 35.697932 ], [ 139.648999, 35.697936 ], [ 139.649417, 35.697965 ], [ 139.649453, 35.697967 ], [ 139.649731, 35.697984 ], [ 139.649827, 35.69799 ], [ 139.650113, 35.698005 ], [ 139.650477, 35.698023 ], [ 139.650492, 35.698024 ], [ 139.650995, 35.698044 ], [ 139.651005, 35.698044 ], [ 139.651291, 35.698047 ], [ 139.65165, 35.698064 ], [ 139.651899, 35.698061 ], [ 139.652198, 35.69806 ], [ 139.652306, 35.69806 ], [ 139.652353, 35.69806 ], [ 139.652747, 35.698062 ], [ 139.652976, 35.698063 ], [ 139.653232, 35.698068 ], [ 139.653717, 35.698077 ], [ 139.653887, 35.698078 ], [ 139.654452, 35.69808 ], [ 139.654838, 35.698082 ], [ 139.654819, 35.697767 ] ] ] } },
{ "type": "Feature", "properties": { "key": "杉並区|梅里2丁目", "ward": "杉並区", "town": "梅里２丁目" }, "geometry": { "type": "Polygon", "coordinates": [ [ [ 139.642685, 35.697816 ], [ 139.642844, 35.697818 ], [ 139.643194, 35.697821 ], [ 139.643469, 35.697828 ], [ 139.643562, 35.697832 ], [ 139.643832, 35.697829 ], [ 139.64388, 35.697829 ], [ 139.64407, 35.697829 ], [ 139.644288, 35.69783 ], [ 139.644455, 35.697834 ], [ 139.644813, 35.697842 ], [ 139.645283, 35.697852 ], [ 139.645321, 35.697856 ], [ 139.645512, 35.697854 ], [ 139.645664, 35.697855 ], [ 139.646282, 35.697859 ], [ 139.646733, 35.697865 ], [ 139.646894, 35.697868 ], [ 139.647234, 35.697875 ], [ 139.647645, 35.697883 ], [ 139.647716, 35.697884 ], [ 139.648129, 35.697893 ], [ 139.64809, 35.69764 ], [ 139.648085, 35.697481 ], [ 139.648067, 35.697342 ], [ 139.648069, 35.696967 ], [ 139.64807, 35.696805 ], [ 139.647794, 35.696673 ], [ 139.647716, 35.69662 ], [ 139.647661, 35.696583 ], [ 139.647492, 35.696475 ], [ 139.647407, 35.696431 ], [ 139.647299, 35.6964 ], [ 139.647057, 35.696326 ], [ 139.646969, 35.696301 ], [ 139.646775, 35.696247 ], [ 139.646602, 35.696199 ], [ 139.646246, 35.696098 ], [ 139.646194, 35.696084 ], [ 139.645877, 35.69597 ], [ 139.645477, 35.695812 ], [ 139.645097, 35.695662 ], [ 139.645025, 35.695634 ], [ 139.644725, 35.695536 ], [ 139.644453, 35.695449 ], [ 139.644398, 35.695432 ], [ 139.644048, 35.695321 ], [ 139.643789, 35.695238 ], [ 139.643582, 35.695173 ], [ 139.643562, 35.695166 ], [ 139.643206, 35.695051 ], [ 139.642608, 35.694854 ], [ 139.641865, 35.694609 ], [ 139.641643, 35.694531 ], [ 139.64149, 35.694467 ], [ 139.641045, 35.694933 ], [ 139.640984, 35.695135 ], [ 139.640981, 35.695146 ], [ 139.640939, 35.69541 ], [ 139.640929, 35.695474 ], [ 139.640888, 35.695563 ], [ 139.640788, 35.695814 ], [ 139.64054, 35.696234 ], [ 139.640544, 35.696239 ], [ 139.640254, 35.696544 ], [ 139.640247, 35.696551 ], [ 139.640024, 35.696795 ], [ 139.639701, 35.69714 ], [ 139.639692, 35.69715 ], [ 139.639184, 35.69772 ], [ 139.639029, 35.697894 ], [ 139.639044, 35.697938 ], [ 139.63919, 35.698222 ], [ 139.639212, 35.698242 ], [ 139.639671, 35.698112 ], [ 139.639744, 35.698092 ], [ 139.639794, 35.698078 ], [ 139.640096, 35.698002 ], [ 139.640194, 35.697987 ], [ 139.640359, 35.697955 ], [ 139.640823, 35.697921 ], [ 139.641097, 35.697904 ], [ 139.641607, 35.697874 ], [ 139.641901, 35.697852 ], [ 139.642168, 35.697831 ], [ 139.642193, 35.69783 ], [ 139.642422, 35.697824 ], [ 139.642685, 35.697816 ] ] ] } },
{ "type": "Feature", "properties": { "key": "杉並区|久我山1丁目", "ward": "杉並区", "town": "久我山１丁目" }, "geometry": { "type": "Polygon", "coordinates": [ [ [ 139.596515, 35.684429 ], [ 139.596751, 35.684363 ], [ 139.597024, 35.684284 ], [ 139.597159, 35.684244 ], [ 139.598097, 35.683969 ], [ 139.598111, 35.683964 ], [ 139.598102, 35.68395 ], [ 139.598587, 35.68377 ], [ 139.599064, 35.683572 ], [ 139.599225, 35.683497 ], [ 139.5996, 35.683291 ], [ 139.599946, 35.683079 ], [ 139.600067, 35.683002 ], [ 139.600083, 35.68299 ], [ 139.600481, 35.68269 ], [ 139.600639, 35.682577 ], [ 139.600801, 35.682492 ], [ 139.601167, 35.682288 ], [ 139.601759, 35.681934 ], [ 139.602355, 35.681545 ], [ 139.602572, 35.681401 ], [ 139.602781, 35.681295 ], [ 139.603136, 35.681132 ], [ 139.603435, 35.681029 ], [ 139.604122, 35.680823 ], [ 139.604011, 35.680535 ], [ 139.603653, 35.680516 ], [ 139.603625, 35.680412 ], [ 139.603622, 35.680353 ], [ 139.603641, 35.680291 ], [ 139.603685, 35.680229 ], [ 139.603738, 35.680189 ], [ 139.603514, 35.680132 ], [ 139.6035, 35.680145 ], [ 139.603196, 35.6804 ], [ 139.603017, 35.680621 ], [ 139.602914, 35.680689 ], [ 139.602806, 35.680732 ], [ 139.602576, 35.680807 ], [ 139.602087, 35.680967 ], [ 139.60198, 35.681002 ], [ 139.601282, 35.681205 ], [ 139.600643, 35.681396 ], [ 139.600536, 35.681424 ], [ 139.600017, 35.681562 ], [ 139.599447, 35.681705 ], [ 139.599348, 35.68173 ], [ 139.599316, 35.681738 ], [ 139.598801, 35.681869 ], [ 139.598805, 35.681827 ], [ 139.598384, 35.681919 ], [ 139.598382, 35.681948 ], [ 139.59817, 35.681986 ], [ 139.598168, 35.681981 ], [ 139.597493, 35.682063 ], [ 139.597105, 35.68211 ], [ 139.596765, 35.682142 ], [ 139.59604, 35.682209 ], [ 139.595974, 35.682215 ], [ 139.59582, 35.682227 ], [ 139.595602, 35.682244 ], [ 139.595502, 35.682252 ], [ 139.595262, 35.682271 ], [ 139.595162, 35.682278 ], [ 139.59514, 35.68228 ], [ 139.595076, 35.682285 ], [ 139.594695, 35.68232 ], [ 139.594504, 35.68234 ], [ 139.594195, 35.682321 ], [ 139.594119, 35.68231 ], [ 139.594026, 35.682296 ], [ 139.593051, 35.682805 ], [ 139.59304, 35.682811 ], [ 139.592906, 35.68288 ], [ 139.593101, 35.68321 ], [ 139.593103, 35.683214 ], [ 139.59308, 35.683236 ], [ 139.592414, 35.684024 ], [ 139.592032, 35.684323 ], [ 139.592215, 35.684548 ], [ 139.592421, 35.684474 ], [ 139.592577, 35.684732 ], [ 139.592407, 35.684802 ], [ 139.592439, 35.68487 ], [ 139.592555, 35.685113 ], [ 139.592547, 35.685116 ], [ 139.592514, 35.685127 ], [ 139.591489, 35.685425 ], [ 139.59151, 35.68578 ], [ 139.592294, 35.685573 ], [ 139.592873, 35.685412 ], [ 139.593458, 35.685259 ], [ 139.593626, 35.685215 ], [ 139.594416, 35.68501 ], [ 139.594475, 35.684993 ], [ 139.59491, 35.684873 ], [ 139.594991, 35.68485 ], [ 139.595031, 35.68484 ], [ 139.595533, 35.684704 ], [ 139.595863, 35.684611 ], [ 139.596105, 35.684544 ], [ 139.596515, 35.684429 ] ] ] } },
{ "type": "Feature", "properties": { "key": "杉並区|久我山2丁目", "ward": "杉並区", "town": "久我山２丁目" }, "geometry": { "type": "Polygon", "coordinates": [ [ [ 139.606478, 35.680201 ], [ 139.605894, 35.680319 ], [ 139.605573, 35.680387 ], [ 139.605102, 35.680518 ], [ 139.604122, 35.680823 ], [ 139.603435, 35.681029 ], [ 139.603136, 35.681132 ], [ 139.602781, 35.681295 ], [ 139.602572, 35.681401 ], [ 139.602355, 35.681545 ], [ 139.601759, 35.681934 ], [ 139.601167, 35.682288 ], [ 139.600801, 35.682492 ], [ 139.600639, 35.682577 ], [ 139.600481, 35.68269 ], [ 139.600083, 35.68299 ], [ 139.600067, 35.683002 ], [ 139.599946, 35.683079 ], [ 139.5996, 35.683291 ], [ 139.599225, 35.683497 ], [ 139.599064, 35.683572 ], [ 139.598587, 35.68377 ], [ 139.598102, 35.68395 ], [ 139.598111, 35.683964 ], [ 139.598376, 35.684389 ], [ 139.598743, 35.684991 ], [ 139.59875, 35.685002 ], [ 139.599029, 35.685471 ], [ 139.59904, 35.685489 ], [ 139.599504, 35.686266 ], [ 139.599544, 35.68636 ], [ 139.599605, 35.686574 ], [ 139.599674, 35.686843 ], [ 139.599707, 35.686938 ], [ 139.599675, 35.687144 ], [ 139.599709, 35.687489 ], [ 139.599711, 35.687512 ], [ 139.599729, 35.687574 ], [ 139.599851, 35.687881 ], [ 139.600324, 35.68759 ], [ 139.600892, 35.687256 ], [ 139.601252, 35.687048 ], [ 139.601365, 35.686992 ], [ 139.601679, 35.686845 ], [ 139.601982, 35.686726 ], [ 139.602388, 35.686579 ], [ 139.603074, 35.686329 ], [ 139.604008, 35.685989 ], [ 139.605193, 35.685561 ], [ 139.606093, 35.685242 ], [ 139.606588, 35.685071 ], [ 139.606942, 35.684941 ], [ 139.607235, 35.684846 ], [ 139.607946, 35.684587 ], [ 139.607856, 35.684432 ], [ 139.607672, 35.684173 ], [ 139.607576, 35.68404 ], [ 139.607506, 35.683944 ], [ 139.607127, 35.683409 ], [ 139.607114, 35.683391 ], [ 139.607001, 35.683244 ], [ 139.606932, 35.683155 ], [ 139.606704, 35.68288 ], [ 139.606621, 35.682717 ], [ 139.606587, 35.682677 ], [ 139.606447, 35.6824 ], [ 139.606372, 35.682099 ], [ 139.606377, 35.681961 ], [ 139.606358, 35.681641 ], [ 139.606376, 35.681497 ], [ 139.606499, 35.681102 ], [ 139.606551, 35.680751 ], [ 139.606546, 35.68058 ], [ 139.606523, 35.680422 ], [ 139.606507, 35.680315 ], [ 139.606478, 35.680201 ] ] ] } },
{ "type": "Feature", "properties": { "key": "杉並区|久我山3丁目", "ward": "杉並区", "town": "久我山３丁目" }, "geometry": { "type": "Polygon", "coordinates": [ [ [ 139.598297, 35.688811 ], [ 139.598315, 35.688887 ], [ 139.598424, 35.688838 ], [ 139.598495, 35.688786 ], [ 139.598563, 35.688729 ], [ 139.598629, 35.68866 ], [ 139.598675, 35.688605 ], [ 139.598634, 35.68861 ], [ 139.599154, 35.688302 ], [ 139.599361, 35.688175 ], [ 139.599853, 35.687888 ], [ 139.599851, 35.687881 ], [ 139.599729, 35.687574 ], [ 139.599711, 35.687512 ], [ 139.599709, 35.687489 ], [ 139.599675, 35.687144 ], [ 139.599707, 35.686938 ], [ 139.599674, 35.686843 ], [ 139.599605, 35.686574 ], [ 139.599544, 35.68636 ], [ 139.599504, 35.686266 ], [ 139.59904, 35.685489 ], [ 139.599029, 35.685471 ], [ 139.59875, 35.685002 ], [ 139.598743, 35.684991 ], [ 139.598376, 35.684389 ], [ 139.598111, 35.683964 ], [ 139.598097, 35.683969 ], [ 139.597159, 35.684244 ], [ 139.597024, 35.684284 ], [ 139.596751, 35.684363 ], [ 139.596515, 35.684429 ], [ 139.596105, 35.684544 ], [ 139.595863, 35.684611 ], [ 139.595533, 35.684704 ], [ 139.595031, 35.68484 ], [ 139.594991, 35.68485 ], [ 139.59491, 35.684873 ], [ 139.594475, 35.684993 ], [ 139.594416, 35.68501 ], [ 139.593626, 35.685215 ], [ 139.593458, 35.685259 ], [ 139.592873, 35.685412 ], [ 139.592294, 35.685573 ], [ 139.59151, 35.68578 ], [ 139.591512, 35.685798 ], [ 139.591521, 35.685896 ], [ 139.591594, 35.685919 ], [ 139.591698, 35.685933 ], [ 139.591696, 35.685987 ], [ 139.591681, 35.686056 ], [ 139.591035, 35.686518 ], [ 139.590851, 35.686649 ], [ 139.590537, 35.686869 ], [ 139.590555, 35.686886 ], [ 139.590758, 35.687076 ], [ 139.591132, 35.687394 ], [ 139.59128, 35.687505 ], [ 139.591355, 35.687545 ], [ 139.59179, 35.687782 ], [ 139.591882, 35.687825 ], [ 139.592043, 35.687864 ], [ 139.592447, 35.687927 ], [ 139.592822, 35.687955 ], [ 139.593039, 35.688278 ], [ 139.592943, 35.688343 ], [ 139.592894, 35.68846 ], [ 139.592839, 35.68883 ], [ 139.592838, 35.688837 ], [ 139.592814, 35.688987 ], [ 139.592988, 35.689011 ], [ 139.593092, 35.689029 ], [ 139.593332, 35.688845 ], [ 139.593509, 35.688763 ], [ 139.593624, 35.688681 ], [ 139.5938, 35.688824 ], [ 139.593412, 35.689263 ], [ 139.593505, 35.689404 ], [ 139.592856, 35.689938 ], [ 139.592387, 35.690426 ], [ 139.592391, 35.690524 ], [ 139.592243, 35.690645 ], [ 139.592044, 35.690811 ], [ 139.59171, 35.691061 ], [ 139.591407, 35.691278 ], [ 139.591344, 35.691364 ], [ 139.591339, 35.691375 ], [ 139.591284, 35.69148 ], [ 139.591354, 35.691458 ], [ 139.591447, 35.691428 ], [ 139.591583, 35.691386 ], [ 139.591814, 35.691299 ], [ 139.592117, 35.691195 ], [ 139.592664, 35.690996 ], [ 139.593244, 35.690803 ], [ 139.593494, 35.690724 ], [ 139.593752, 35.690643 ], [ 139.594414, 35.690412 ], [ 139.594889, 35.690253 ], [ 139.595462, 35.690063 ], [ 139.595992, 35.689882 ], [ 139.596589, 35.689659 ], [ 139.597395, 35.689318 ], [ 139.597632, 35.689197 ], [ 139.5981, 35.688939 ], [ 139.598297, 35.688811 ] ] ] } },
{ "type": "Feature", "properties": { "key": "杉並区|久我山4丁目", "ward": "杉並区", "town": "久我山４丁目" }, "geometry": { "type": "Polygon", "coordinates": [ [ [ 139.60007, 35.688755 ], [ 139.599995, 35.688354 ], [ 139.599969, 35.688307 ], [ 139.599967, 35.688301 ], [ 139.599853, 35.687888 ], [ 139.599361, 35.688175 ], [ 139.599154, 35.688302 ], [ 139.598634, 35.68861 ], [ 139.598675, 35.688605 ], [ 139.598629, 35.68866 ], [ 139.598563, 35.688729 ], [ 139.598495, 35.688786 ], [ 139.598424, 35.688838 ], [ 139.598315, 35.688887 ], [ 139.598297, 35.688811 ], [ 139.5981, 35.688939 ], [ 139.597632, 35.689197 ], [ 139.597395, 35.689318 ], [ 139.596589, 35.689659 ], [ 139.595992, 35.689882 ], [ 139.595462, 35.690063 ], [ 139.594889, 35.690253 ], [ 139.594414, 35.690412 ], [ 139.593752, 35.690643 ], [ 139.593494, 35.690724 ], [ 139.593244, 35.690803 ], [ 139.592664, 35.690996 ], [ 139.592117, 35.691195 ], [ 139.591814, 35.691299 ], [ 139.591583, 35.691386 ], [ 139.591447, 35.691428 ], [ 139.591354, 35.691458 ], [ 139.591284, 35.69148 ], [ 139.59115, 35.691573 ], [ 139.590888, 35.691732 ], [ 139.590542, 35.691936 ], [ 139.590328, 35.69205 ], [ 139.590156, 35.692118 ], [ 139.590031, 35.692205 ], [ 139.589851, 35.692379 ], [ 139.589636, 35.692501 ], [ 139.589377, 35.692607 ], [ 139.589066, 35.692724 ], [ 139.588617, 35.692905 ], [ 139.588196, 35.693034 ], [ 139.588044, 35.6931 ], [ 139.587881, 35.69322 ], [ 139.587675, 35.6934 ], [ 139.587602, 35.693488 ], [ 139.587534, 35.693566 ], [ 139.58718, 35.693691 ], [ 139.587003, 35.693817 ], [ 139.586912, 35.693902 ], [ 139.586804, 35.694038 ], [ 139.586754, 35.694139 ], [ 139.587309, 35.694721 ], [ 139.587378, 35.694793 ], [ 139.588125, 35.695577 ], [ 139.588131, 35.695579 ], [ 139.588173, 35.695589 ], [ 139.588554, 35.695451 ], [ 139.588924, 35.695304 ], [ 139.589238, 35.695167 ], [ 139.589846, 35.694911 ], [ 139.590065, 35.69482 ], [ 139.590378, 35.694698 ], [ 139.590609, 35.694616 ], [ 139.590714, 35.694576 ], [ 139.591044, 35.694463 ], [ 139.59119, 35.694412 ], [ 139.591361, 35.694357 ], [ 139.591836, 35.694184 ], [ 139.591996, 35.694125 ], [ 139.592372, 35.693994 ], [ 139.592629, 35.6939 ], [ 139.592826, 35.693813 ], [ 139.593208, 35.693651 ], [ 139.593292, 35.693613 ], [ 139.593541, 35.693498 ], [ 139.593609, 35.69348 ], [ 139.593638, 35.693472 ], [ 139.593773, 35.69343 ], [ 139.593944, 35.693357 ], [ 139.594001, 35.693335 ], [ 139.594221, 35.693271 ], [ 139.594362, 35.693244 ], [ 139.59462, 35.693185 ], [ 139.594636, 35.693181 ], [ 139.595223, 35.693052 ], [ 139.595191, 35.69305 ], [ 139.595506, 35.692981 ], [ 139.595737, 35.692926 ], [ 139.596193, 35.692808 ], [ 139.596218, 35.692801 ], [ 139.596727, 35.692661 ], [ 139.596747, 35.692656 ], [ 139.597084, 35.692569 ], [ 139.597268, 35.692522 ], [ 139.59771, 35.69242 ], [ 139.59781, 35.692398 ], [ 139.598227, 35.692302 ], [ 139.598678, 35.692188 ], [ 139.598718, 35.692181 ], [ 139.599051, 35.692161 ], [ 139.599333, 35.69213 ], [ 139.599563, 35.692086 ], [ 139.599943, 35.691993 ], [ 139.600054, 35.691962 ], [ 139.60017, 35.691931 ], [ 139.600408, 35.691871 ], [ 139.600577, 35.691833 ], [ 139.601063, 35.691676 ], [ 139.600827, 35.690938 ], [ 139.600679, 35.69049 ], [ 139.60035, 35.689607 ], [ 139.600271, 35.689363 ], [ 139.600259, 35.689336 ], [ 139.600206, 35.689214 ], [ 139.600166, 35.689121 ], [ 139.600114, 35.688937 ], [ 139.600112, 35.688929 ], [ 139.60007, 35.688755 ] ] ] } },
{ "type": "Feature", "properties": { "key": "杉並区|久我山5丁目", "ward": "杉並区", "town": "久我山５丁目" }, "geometry": { "type": "Polygon", "coordinates": [ [ [ 139.603815, 35.690031 ], [ 139.603802, 35.690031 ], [ 139.604309, 35.689763 ], [ 139.604313, 35.689761 ], [ 139.60446, 35.689683 ], [ 139.604702, 35.689556 ], [ 139.604764, 35.689531 ], [ 139.605153, 35.689358 ], [ 139.605174, 35.689348 ], [ 139.605335, 35.68929 ], [ 139.605708, 35.689156 ], [ 139.60599, 35.689059 ], [ 139.606092, 35.689038 ], [ 139.606242, 35.688993 ], [ 139.606473, 35.688944 ], [ 139.606629, 35.688898 ], [ 139.606737, 35.68888 ], [ 139.607369, 35.68877 ], [ 139.607582, 35.688737 ], [ 139.607681, 35.688733 ], [ 139.608061, 35.688777 ], [ 139.608638, 35.688844 ], [ 139.608597, 35.688677 ], [ 139.608541, 35.688446 ], [ 139.60847, 35.688082 ], [ 139.60842, 35.687755 ], [ 139.608403, 35.687554 ], [ 139.608398, 35.6875 ], [ 139.608377, 35.687396 ], [ 139.608369, 35.68734 ], [ 139.608363, 35.687228 ], [ 139.60831, 35.686831 ], [ 139.608238, 35.686375 ], [ 139.608118, 35.685798 ], [ 139.608084, 35.685275 ], [ 139.60808, 35.685219 ], [ 139.608068, 35.685084 ], [ 139.608045, 35.684836 ], [ 139.607986, 35.684661 ], [ 139.60795, 35.684593 ], [ 139.607946, 35.684587 ], [ 139.607235, 35.684846 ], [ 139.606942, 35.684941 ], [ 139.606588, 35.685071 ], [ 139.606093, 35.685242 ], [ 139.605193, 35.685561 ], [ 139.604008, 35.685989 ], [ 139.603074, 35.686329 ], [ 139.602388, 35.686579 ], [ 139.601982, 35.686726 ], [ 139.601679, 35.686845 ], [ 139.601365, 35.686992 ], [ 139.601252, 35.687048 ], [ 139.600892, 35.687256 ], [ 139.600324, 35.68759 ], [ 139.599851, 35.687881 ], [ 139.599853, 35.687888 ], [ 139.599967, 35.688301 ], [ 139.599969, 35.688307 ], [ 139.599995, 35.688354 ], [ 139.60007, 35.688755 ], [ 139.600112, 35.688929 ], [ 139.600114, 35.688937 ], [ 139.600166, 35.689121 ], [ 139.600206, 35.689214 ], [ 139.600259, 35.689336 ], [ 139.600271, 35.689363 ], [ 139.60035, 35.689607 ], [ 139.600679, 35.69049 ], [ 139.600827, 35.690938 ], [ 139.601063, 35.691676 ], [ 139.601112, 35.691679 ], [ 139.601302, 35.691596 ], [ 139.601579, 35.691448 ], [ 139.601717, 35.69136 ], [ 139.60187, 35.691262 ], [ 139.602185, 35.691061 ], [ 139.602207, 35.691046 ], [ 139.602392, 35.690926 ], [ 139.60267, 35.690746 ], [ 139.602897, 35.690601 ], [ 139.603203, 35.690401 ], [ 139.603508, 35.690207 ], [ 139.603815, 35.690031 ] ] ] } },
{ "type": "Feature", "properties": { "key": "杉並区|高井戸西1丁目", "ward": "杉並区", "town": "高井戸西１丁目" }, "geometry": { "type": "Polygon", "coordinates": [ [ [ 139.614411, 35.677438 ], [ 139.6141, 35.677567 ], [ 139.614023, 35.677598 ], [ 139.613764, 35.677728 ], [ 139.613637, 35.677791 ], [ 139.612814, 35.678249 ], [ 139.612596, 35.67835 ], [ 139.61228, 35.678477 ], [ 139.612186, 35.678515 ], [ 139.612059, 35.678556 ], [ 139.611541, 35.678725 ], [ 139.611069, 35.678878 ], [ 139.61106, 35.678881 ], [ 139.610738, 35.679002 ], [ 139.61013, 35.679231 ], [ 139.609218, 35.679595 ], [ 139.609189, 35.679604 ], [ 139.608346, 35.679876 ], [ 139.60734, 35.680177 ], [ 139.606523, 35.680422 ], [ 139.606546, 35.68058 ], [ 139.606551, 35.680751 ], [ 139.606499, 35.681102 ], [ 139.606376, 35.681497 ], [ 139.606358, 35.681641 ], [ 139.606377, 35.681961 ], [ 139.606372, 35.682099 ], [ 139.606447, 35.6824 ], [ 139.606587, 35.682677 ], [ 139.606621, 35.682717 ], [ 139.606704, 35.68288 ], [ 139.606932, 35.683155 ], [ 139.607001, 35.683244 ], [ 139.607114, 35.683391 ], [ 139.607127, 35.683409 ], [ 139.607506, 35.683944 ], [ 139.607576, 35.68404 ], [ 139.607672, 35.684173 ], [ 139.607856, 35.684432 ], [ 139.607946, 35.684587 ], [ 139.60795, 35.684593 ], [ 139.608841, 35.684277 ], [ 139.60933, 35.684104 ], [ 139.609838, 35.683942 ], [ 139.610575, 35.683708 ], [ 139.610729, 35.683663 ], [ 139.611019, 35.683574 ], [ 139.611264, 35.683525 ], [ 139.611436, 35.683503 ], [ 139.611506, 35.683494 ], [ 139.611992, 35.683454 ], [ 139.612492, 35.683429 ], [ 139.612578, 35.683424 ], [ 139.612685, 35.683418 ], [ 139.612966, 35.683402 ], [ 139.613257, 35.683387 ], [ 139.613812, 35.68336 ], [ 139.61434, 35.683342 ], [ 139.614656, 35.683326 ], [ 139.614732, 35.683322 ], [ 139.61571, 35.683275 ], [ 139.615636, 35.683039 ], [ 139.615635, 35.683035 ], [ 139.61541, 35.68242 ], [ 139.615389, 35.682362 ], [ 139.615297, 35.682106 ], [ 139.615065, 35.681491 ], [ 139.615043, 35.681428 ], [ 139.614953, 35.681135 ], [ 139.614899, 35.681015 ], [ 139.614858, 35.680864 ], [ 139.614852, 35.680842 ], [ 139.614788, 35.680641 ], [ 139.614664, 35.680206 ], [ 139.614664, 35.680189 ], [ 139.614631, 35.679951 ], [ 139.614628, 35.6797 ], [ 139.614595, 35.679328 ], [ 139.614554, 35.67873 ], [ 139.614513, 35.678376 ], [ 139.614494, 35.678124 ], [ 139.614439, 35.677587 ], [ 139.614411, 35.677438 ] ] ] } },
{ "type": "Feature", "properties": { "key": "杉並区|高井戸西2丁目", "ward": "杉並区", "town": "高井戸西２丁目" }, "geometry": { "type": "Polygon", "coordinates": [ [ [ 139.61571, 35.683275 ], [ 139.614732, 35.683322 ], [ 139.614656, 35.683326 ], [ 139.61434, 35.683342 ], [ 139.613812, 35.68336 ], [ 139.613257, 35.683387 ], [ 139.612966, 35.683402 ], [ 139.612685, 35.683418 ], [ 139.612578, 35.683424 ], [ 139.612492, 35.683429 ], [ 139.611992, 35.683454 ], [ 139.611506, 35.683494 ], [ 139.611436, 35.683503 ], [ 139.611264, 35.683525 ], [ 139.611019, 35.683574 ], [ 139.610729, 35.683663 ], [ 139.610575, 35.683708 ], [ 139.609838, 35.683942 ], [ 139.60933, 35.684104 ], [ 139.608841, 35.684277 ], [ 139.60795, 35.684593 ], [ 139.607986, 35.684661 ], [ 139.608045, 35.684836 ], [ 139.608068, 35.685084 ], [ 139.60808, 35.685219 ], [ 139.608084, 35.685275 ], [ 139.608118, 35.685798 ], [ 139.608238, 35.686375 ], [ 139.60831, 35.686831 ], [ 139.608363, 35.687228 ], [ 139.608369, 35.68734 ], [ 139.608377, 35.687396 ], [ 139.608398, 35.6875 ], [ 139.608403, 35.687554 ], [ 139.60842, 35.687755 ], [ 139.60847, 35.688082 ], [ 139.608706, 35.688018 ], [ 139.608921, 35.687962 ], [ 139.609123, 35.687916 ], [ 139.609677, 35.687801 ], [ 139.609909, 35.687759 ], [ 139.610304, 35.687669 ], [ 139.610464, 35.687646 ], [ 139.610689, 35.687594 ], [ 139.610914, 35.68752 ], [ 139.610994, 35.687497 ], [ 139.611595, 35.687313 ], [ 139.612226, 35.687128 ], [ 139.612747, 35.687007 ], [ 139.613108, 35.686937 ], [ 139.613284, 35.686901 ], [ 139.613638, 35.686828 ], [ 139.614402, 35.686685 ], [ 139.614586, 35.686656 ], [ 139.614811, 35.686609 ], [ 139.615582, 35.686476 ], [ 139.61564, 35.686468 ], [ 139.61595, 35.686425 ], [ 139.615813, 35.685544 ], [ 139.615784, 35.685303 ], [ 139.615782, 35.68529 ], [ 139.615714, 35.684832 ], [ 139.615677, 35.684515 ], [ 139.615688, 35.684367 ], [ 139.615746, 35.683677 ], [ 139.61575, 35.683648 ], [ 139.615758, 35.683542 ], [ 139.615736, 35.683349 ], [ 139.61571, 35.683275 ] ] ] } },
{ "type": "Feature", "properties": { "key": "杉並区|高井戸西3丁目", "ward": "杉並区", "town": "高井戸西３丁目" }, "geometry": { "type": "Polygon", "coordinates": [ [ [ 139.613946, 35.689523 ], [ 139.614074, 35.689526 ], [ 139.614233, 35.689493 ], [ 139.61441, 35.689468 ], [ 139.614513, 35.689434 ], [ 139.614555, 35.689422 ], [ 139.614639, 35.68939 ], [ 139.615281, 35.689152 ], [ 139.615323, 35.68912 ], [ 139.615704, 35.688987 ], [ 139.615761, 35.688977 ], [ 139.616339, 35.688755 ], [ 139.616336, 35.688733 ], [ 139.616267, 35.688298 ], [ 139.616136, 35.687509 ], [ 139.616061, 35.687091 ], [ 139.616014, 35.686867 ], [ 139.615954, 35.686449 ], [ 139.61595, 35.686425 ], [ 139.61564, 35.686468 ], [ 139.615582, 35.686476 ], [ 139.614811, 35.686609 ], [ 139.614586, 35.686656 ], [ 139.614402, 35.686685 ], [ 139.613638, 35.686828 ], [ 139.613284, 35.686901 ], [ 139.613108, 35.686937 ], [ 139.612747, 35.687007 ], [ 139.612226, 35.687128 ], [ 139.611595, 35.687313 ], [ 139.610994, 35.687497 ], [ 139.610914, 35.68752 ], [ 139.610689, 35.687594 ], [ 139.610464, 35.687646 ], [ 139.610304, 35.687669 ], [ 139.609909, 35.687759 ], [ 139.609677, 35.687801 ], [ 139.609123, 35.687916 ], [ 139.608921, 35.687962 ], [ 139.608706, 35.688018 ], [ 139.60847, 35.688082 ], [ 139.608541, 35.688446 ], [ 139.608597, 35.688677 ], [ 139.608638, 35.688844 ], [ 139.6093, 35.688945 ], [ 139.609329, 35.68895 ], [ 139.609564, 35.688987 ], [ 139.609822, 35.689027 ], [ 139.609921, 35.689042 ], [ 139.61026, 35.689111 ], [ 139.610598, 35.689179 ], [ 139.610725, 35.689206 ], [ 139.611104, 35.689288 ], [ 139.611143, 35.689292 ], [ 139.611415, 35.689349 ], [ 139.611702, 35.689402 ], [ 139.611731, 35.689415 ], [ 139.612138, 35.689536 ], [ 139.612374, 35.689586 ], [ 139.612714, 35.689669 ], [ 139.612853, 35.689688 ], [ 139.613024, 35.689652 ], [ 139.61325, 35.689636 ], [ 139.613337, 35.68961 ], [ 139.613946, 35.689523 ] ] ] } },
{ "type": "Feature", "properties": { "key": "杉並区|上高井戸1丁目", "ward": "杉並区", "town": "上高井戸１丁目" }, "geometry": { "type": "Polygon", "coordinates": [ [ [ 139.609243, 35.676294 ], [ 139.609344, 35.676184 ], [ 139.609421, 35.6761 ], [ 139.609443, 35.676077 ], [ 139.609908, 35.675688 ], [ 139.609946, 35.675674 ], [ 139.609974, 35.675683 ], [ 139.609986, 35.675866 ], [ 139.60998, 35.676096 ], [ 139.609975, 35.676676 ], [ 139.609997, 35.676741 ], [ 139.610115, 35.676646 ], [ 139.610222, 35.676523 ], [ 139.61044, 35.676238 ], [ 139.610591, 35.676048 ], [ 139.610923, 35.67563 ], [ 139.610938, 35.675611 ], [ 139.611053, 35.675465 ], [ 139.611155, 35.675337 ], [ 139.611467, 35.674944 ], [ 139.611654, 35.674765 ], [ 139.611771, 35.674653 ], [ 139.611907, 35.674572 ], [ 139.61225, 35.674449 ], [ 139.61254, 35.674337 ], [ 139.612693, 35.674296 ], [ 139.612818, 35.674262 ], [ 139.612964, 35.674151 ], [ 139.613013, 35.674086 ], [ 139.613143, 35.673998 ], [ 139.613266, 35.673933 ], [ 139.613314, 35.673886 ], [ 139.613433, 35.673717 ], [ 139.613374, 35.673277 ], [ 139.613368, 35.672884 ], [ 139.613361, 35.672817 ], [ 139.613478, 35.672809 ], [ 139.613486, 35.672808 ], [ 139.613693, 35.672794 ], [ 139.613882, 35.672782 ], [ 139.614174, 35.672763 ], [ 139.614616, 35.672741 ], [ 139.614685, 35.672728 ], [ 139.614905, 35.67271 ], [ 139.615218, 35.672683 ], [ 139.615653, 35.672645 ], [ 139.61599, 35.672619 ], [ 139.616003, 35.672617 ], [ 139.616635, 35.672554 ], [ 139.616679, 35.672553 ], [ 139.616679, 35.672549 ], [ 139.616684, 35.672548 ], [ 139.616636, 35.67156 ], [ 139.61662, 35.671562 ], [ 139.616619, 35.67155 ], [ 139.616489, 35.671582 ], [ 139.616482, 35.67151 ], [ 139.616396, 35.670625 ], [ 139.616384, 35.670387 ], [ 139.616415, 35.670161 ], [ 139.616418, 35.670145 ], [ 139.616472, 35.66991 ], [ 139.616215, 35.669604 ], [ 139.616063, 35.669411 ], [ 139.615951, 35.669228 ], [ 139.615949, 35.669151 ], [ 139.615845, 35.669158 ], [ 139.6156, 35.669141 ], [ 139.61539, 35.669019 ], [ 139.615373, 35.669037 ], [ 139.61535, 35.669061 ], [ 139.615307, 35.669104 ], [ 139.61529, 35.669121 ], [ 139.615447, 35.669266 ], [ 139.615583, 35.669365 ], [ 139.61564, 35.669419 ], [ 139.615671, 35.669467 ], [ 139.615692, 35.66951 ], [ 139.615688, 35.669536 ], [ 139.615687, 35.669552 ], [ 139.615687, 35.669556 ], [ 139.615682, 35.669561 ], [ 139.615654, 35.66957 ], [ 139.615646, 35.66957 ], [ 139.615612, 35.669568 ], [ 139.61556, 35.669567 ], [ 139.615551, 35.669566 ], [ 139.615429, 35.669496 ], [ 139.615298, 35.669382 ], [ 139.615228, 35.669349 ], [ 139.61521, 35.669341 ], [ 139.61497, 35.669237 ], [ 139.614787, 35.669157 ], [ 139.614746, 35.669189 ], [ 139.614724, 35.669206 ], [ 139.614694, 35.669228 ], [ 139.614565, 35.669325 ], [ 139.614356, 35.669507 ], [ 139.614207, 35.669624 ], [ 139.613739, 35.670188 ], [ 139.613691, 35.670302 ], [ 139.613683, 35.67033 ], [ 139.613596, 35.670642 ], [ 139.613489, 35.67066 ], [ 139.613471, 35.670487 ], [ 139.613342, 35.670462 ], [ 139.613192, 35.670433 ], [ 139.613154, 35.670426 ], [ 139.613034, 35.670403 ], [ 139.6126, 35.670317 ], [ 139.612465, 35.670291 ], [ 139.611709, 35.670087 ], [ 139.611476, 35.670026 ], [ 139.611298, 35.669977 ], [ 139.611291, 35.669976 ], [ 139.611259, 35.670269 ], [ 139.61143, 35.670295 ], [ 139.611399, 35.670456 ], [ 139.611149, 35.67048 ], [ 139.610789, 35.67051 ], [ 139.610696, 35.670522 ], [ 139.610691, 35.670547 ], [ 139.610622, 35.670874 ], [ 139.610598, 35.670868 ], [ 139.610258, 35.670776 ], [ 139.609974, 35.670716 ], [ 139.609764, 35.670701 ], [ 139.609693, 35.670697 ], [ 139.609495, 35.670683 ], [ 139.60936, 35.670674 ], [ 139.609397, 35.670245 ], [ 139.609225, 35.670231 ], [ 139.609154, 35.670434 ], [ 139.609086, 35.67066 ], [ 139.609078, 35.670771 ], [ 139.608985, 35.671694 ], [ 139.608963, 35.671875 ], [ 139.60896, 35.6719 ], [ 139.608965, 35.672039 ], [ 139.608973, 35.672159 ], [ 139.608977, 35.672246 ], [ 139.608983, 35.672392 ], [ 139.609004, 35.672649 ], [ 139.609017, 35.672734 ], [ 139.609011, 35.67283 ], [ 139.608997, 35.673093 ], [ 139.608987, 35.673284 ], [ 139.608955, 35.673756 ], [ 139.608952, 35.673797 ], [ 139.608938, 35.674041 ], [ 139.608954, 35.674041 ], [ 139.609359, 35.674047 ], [ 139.609314, 35.674241 ], [ 139.609312, 35.674249 ], [ 139.609272, 35.674633 ], [ 139.609273, 35.674658 ], [ 139.609275, 35.674731 ], [ 139.608879, 35.674722 ], [ 139.608855, 35.674722 ], [ 139.60883, 35.674767 ], [ 139.608821, 35.67489 ], [ 139.608851, 35.674891 ], [ 139.609123, 35.674897 ], [ 139.609145, 35.675075 ], [ 139.609033, 35.675317 ], [ 139.608947, 35.675496 ], [ 139.608673, 35.676071 ], [ 139.608655, 35.67611 ], [ 139.608489, 35.676121 ], [ 139.608475, 35.676426 ], [ 139.60817, 35.676404 ], [ 139.608044, 35.676395 ], [ 139.607678, 35.676369 ], [ 139.607711, 35.676064 ], [ 139.607503, 35.676049 ], [ 139.60746, 35.676303 ], [ 139.607308, 35.676761 ], [ 139.607213, 35.676984 ], [ 139.607092, 35.677207 ], [ 139.60708, 35.677222 ], [ 139.606973, 35.677367 ], [ 139.606928, 35.677421 ], [ 139.606875, 35.677486 ], [ 139.6068, 35.677578 ], [ 139.607022, 35.677513 ], [ 139.607379, 35.677361 ], [ 139.607446, 35.677333 ], [ 139.607753, 35.67718 ], [ 139.607806, 35.677159 ], [ 139.608006, 35.67708 ], [ 139.608191, 35.677006 ], [ 139.608804, 35.676799 ], [ 139.608979, 35.67666 ], [ 139.609113, 35.676462 ], [ 139.609243, 35.676294 ] ] ] } },
{ "type": "Feature", "properties": { "key": "杉並区|上高井戸2丁目", "ward": "杉並区", "town": "上高井戸２丁目" }, "geometry": { "type": "Polygon", "coordinates": [ [ [ 139.606478, 35.680201 ], [ 139.606507, 35.680315 ], [ 139.606523, 35.680422 ], [ 139.60734, 35.680177 ], [ 139.608346, 35.679876 ], [ 139.609189, 35.679604 ], [ 139.609218, 35.679595 ], [ 139.61013, 35.679231 ], [ 139.610738, 35.679002 ], [ 139.61106, 35.678881 ], [ 139.611069, 35.678878 ], [ 139.611541, 35.678725 ], [ 139.612059, 35.678556 ], [ 139.612186, 35.678515 ], [ 139.61228, 35.678477 ], [ 139.612596, 35.67835 ], [ 139.612814, 35.678249 ], [ 139.613637, 35.677791 ], [ 139.613764, 35.677728 ], [ 139.614023, 35.677598 ], [ 139.6141, 35.677567 ], [ 139.614411, 35.677438 ], [ 139.614409, 35.677425 ], [ 139.614343, 35.677093 ], [ 139.614338, 35.677061 ], [ 139.614331, 35.67702 ], [ 139.614314, 35.676922 ], [ 139.614167, 35.676254 ], [ 139.614089, 35.675867 ], [ 139.613981, 35.675359 ], [ 139.61396, 35.67532 ], [ 139.613285, 35.675449 ], [ 139.613269, 35.67555 ], [ 139.613211, 35.675583 ], [ 139.613178, 35.675602 ], [ 139.612793, 35.675821 ], [ 139.612758, 35.675857 ], [ 139.612604, 35.676016 ], [ 139.612581, 35.676018 ], [ 139.612494, 35.676027 ], [ 139.612203, 35.675487 ], [ 139.611929, 35.675496 ], [ 139.611935, 35.675893 ], [ 139.611934, 35.676058 ], [ 139.611885, 35.676216 ], [ 139.611884, 35.676223 ], [ 139.61134, 35.676368 ], [ 139.611161, 35.676412 ], [ 139.610766, 35.676509 ], [ 139.61071, 35.676522 ], [ 139.610595, 35.676548 ], [ 139.610222, 35.676523 ], [ 139.610115, 35.676646 ], [ 139.609997, 35.676741 ], [ 139.609975, 35.676676 ], [ 139.60998, 35.676096 ], [ 139.609986, 35.675866 ], [ 139.609974, 35.675683 ], [ 139.609946, 35.675674 ], [ 139.609908, 35.675688 ], [ 139.609443, 35.676077 ], [ 139.609421, 35.6761 ], [ 139.609344, 35.676184 ], [ 139.609243, 35.676294 ], [ 139.609113, 35.676462 ], [ 139.608979, 35.67666 ], [ 139.608804, 35.676799 ], [ 139.608191, 35.677006 ], [ 139.608006, 35.67708 ], [ 139.607806, 35.677159 ], [ 139.607753, 35.67718 ], [ 139.607446, 35.677333 ], [ 139.607379, 35.677361 ], [ 139.607022, 35.677513 ], [ 139.6068, 35.677578 ], [ 139.606743, 35.67762 ], [ 139.606402, 35.677929 ], [ 139.606081, 35.678211 ], [ 139.60574, 35.678456 ], [ 139.605657, 35.678505 ], [ 139.605565, 35.6786 ], [ 139.605428, 35.678806 ], [ 139.605167, 35.678987 ], [ 139.605068, 35.679052 ], [ 139.604777, 35.679244 ], [ 139.60455, 35.679405 ], [ 139.604195, 35.679657 ], [ 139.603556, 35.680097 ], [ 139.603514, 35.680132 ], [ 139.603738, 35.680189 ], [ 139.603685, 35.680229 ], [ 139.603641, 35.680291 ], [ 139.603622, 35.680353 ], [ 139.603625, 35.680412 ], [ 139.603653, 35.680516 ], [ 139.604011, 35.680535 ], [ 139.604122, 35.680823 ], [ 139.605102, 35.680518 ], [ 139.605573, 35.680387 ], [ 139.605894, 35.680319 ], [ 139.606478, 35.680201 ] ] ] } },
{ "type": "Feature", "properties": { "key": "杉並区|上高井戸3丁目", "ward": "杉並区", "town": "上高井戸３丁目" }, "geometry": { "type": "Polygon", "coordinates": [ [ [ 139.623179, 35.671495 ], [ 139.623182, 35.671547 ], [ 139.623062, 35.671625 ], [ 139.622454, 35.672019 ], [ 139.622134, 35.672227 ], [ 139.622079, 35.67225 ], [ 139.621577, 35.672552 ], [ 139.621255, 35.67274 ], [ 139.621141, 35.6728 ], [ 139.621033, 35.672843 ], [ 139.62078, 35.672945 ], [ 139.62051, 35.673054 ], [ 139.620088, 35.673224 ], [ 139.620072, 35.673231 ], [ 139.619886, 35.673305 ], [ 139.619692, 35.673384 ], [ 139.619557, 35.673437 ], [ 139.619305, 35.673522 ], [ 139.618968, 35.673636 ], [ 139.618805, 35.673695 ], [ 139.618292, 35.673878 ], [ 139.618161, 35.673919 ], [ 139.617799, 35.674043 ], [ 139.617498, 35.674143 ], [ 139.617245, 35.674229 ], [ 139.61712, 35.674231 ], [ 139.616881, 35.674304 ], [ 139.616691, 35.674365 ], [ 139.616394, 35.674454 ], [ 139.61637, 35.674461 ], [ 139.616088, 35.674546 ], [ 139.615828, 35.674619 ], [ 139.615591, 35.674686 ], [ 139.614927, 35.674905 ], [ 139.614678, 35.675004 ], [ 139.614579, 35.675045 ], [ 139.6145, 35.675081 ], [ 139.61396, 35.67532 ], [ 139.613981, 35.675359 ], [ 139.614089, 35.675867 ], [ 139.614167, 35.676254 ], [ 139.614314, 35.676922 ], [ 139.614331, 35.67702 ], [ 139.614338, 35.677061 ], [ 139.614343, 35.677093 ], [ 139.614409, 35.677425 ], [ 139.614411, 35.677438 ], [ 139.614439, 35.677587 ], [ 139.614441, 35.677567 ], [ 139.61442, 35.677387 ], [ 139.614672, 35.67731 ], [ 139.614771, 35.67728 ], [ 139.61531, 35.677119 ], [ 139.615582, 35.677023 ], [ 139.616059, 35.676876 ], [ 139.616662, 35.676628 ], [ 139.617454, 35.676234 ], [ 139.617971, 35.675984 ], [ 139.618058, 35.675947 ], [ 139.618572, 35.675694 ], [ 139.618772, 35.675584 ], [ 139.619033, 35.675431 ], [ 139.619168, 35.675369 ], [ 139.619306, 35.675276 ], [ 139.619459, 35.675188 ], [ 139.619647, 35.675051 ], [ 139.620132, 35.674676 ], [ 139.620161, 35.674654 ], [ 139.62035, 35.674493 ], [ 139.620482, 35.674369 ], [ 139.620685, 35.674178 ], [ 139.620763, 35.674107 ], [ 139.621088, 35.673812 ], [ 139.621266, 35.673637 ], [ 139.621511, 35.673421 ], [ 139.622046, 35.672929 ], [ 139.622066, 35.672911 ], [ 139.622305, 35.672684 ], [ 139.622676, 35.672335 ], [ 139.623006, 35.672061 ], [ 139.623214, 35.671889 ], [ 139.623364, 35.671768 ], [ 139.623435, 35.671711 ], [ 139.623179, 35.671495 ] ] ] } },
{ "type": "Feature", "properties": { "key": "杉並区|永福1丁目", "ward": "杉並区", "town": "永福１丁目" }, "geometry": { "type": "Polygon", "coordinates": [ [ [ 139.641611, 35.667556 ], [ 139.641591, 35.66762 ], [ 139.641573, 35.667875 ], [ 139.641559, 35.667982 ], [ 139.641557, 35.667993 ], [ 139.641565, 35.668166 ], [ 139.641567, 35.668331 ], [ 139.641568, 35.668507 ], [ 139.641591, 35.668696 ], [ 139.641652, 35.668908 ], [ 139.641682, 35.669023 ], [ 139.641804, 35.669263 ], [ 139.641937, 35.669536 ], [ 139.641949, 35.669554 ], [ 139.642085, 35.66982 ], [ 139.642189, 35.670037 ], [ 139.64222, 35.670135 ], [ 139.642307, 35.670521 ], [ 139.642398, 35.670882 ], [ 139.642448, 35.671108 ], [ 139.642458, 35.67116 ], [ 139.642513, 35.671377 ], [ 139.642604, 35.671752 ], [ 139.642636, 35.671941 ], [ 139.642644, 35.672006 ], [ 139.642673, 35.672302 ], [ 139.642697, 35.67261 ], [ 139.642697, 35.672624 ], [ 139.642723, 35.672967 ], [ 139.642743, 35.67316 ], [ 139.642776, 35.673418 ], [ 139.642797, 35.67368 ], [ 139.64287, 35.673939 ], [ 139.642893, 35.674072 ], [ 139.64293, 35.674183 ], [ 139.643034, 35.674431 ], [ 139.643117, 35.674653 ], [ 139.643234, 35.674937 ], [ 139.643335, 35.675159 ], [ 139.643342, 35.675185 ], [ 139.643466, 35.675469 ], [ 139.643585, 35.675721 ], [ 139.643646, 35.675837 ], [ 139.643727, 35.675796 ], [ 139.644088, 35.675589 ], [ 139.644183, 35.675532 ], [ 139.644566, 35.675303 ], [ 139.645319, 35.674775 ], [ 139.645725, 35.674482 ], [ 139.646233, 35.674126 ], [ 139.646285, 35.674119 ], [ 139.646366, 35.674044 ], [ 139.647283, 35.673398 ], [ 139.647294, 35.67339 ], [ 139.647795, 35.673043 ], [ 139.648598, 35.672489 ], [ 139.648797, 35.672346 ], [ 139.648804, 35.67234 ], [ 139.649051, 35.672176 ], [ 139.649287, 35.672002 ], [ 139.649531, 35.6718 ], [ 139.649691, 35.671621 ], [ 139.649907, 35.671319 ], [ 139.649954, 35.6712 ], [ 139.650038, 35.67091 ], [ 139.650163, 35.67031 ], [ 139.650171, 35.670124 ], [ 139.650176, 35.67009 ], [ 139.650128, 35.670076 ], [ 139.64986, 35.669983 ], [ 139.649641, 35.669903 ], [ 139.649475, 35.66981 ], [ 139.649178, 35.669629 ], [ 139.649068, 35.669565 ], [ 139.64861, 35.669305 ], [ 139.648277, 35.669114 ], [ 139.648108, 35.669024 ], [ 139.647899, 35.668913 ], [ 139.64753, 35.668745 ], [ 139.647452, 35.668715 ], [ 139.64691, 35.668505 ], [ 139.646561, 35.668381 ], [ 139.646285, 35.66829 ], [ 139.645988, 35.668202 ], [ 139.645498, 35.668089 ], [ 139.645418, 35.668079 ], [ 139.645324, 35.668068 ], [ 139.645078, 35.668013 ], [ 139.645028, 35.668002 ], [ 139.644809, 35.667974 ], [ 139.64472, 35.667963 ], [ 139.644405, 35.667922 ], [ 139.644246, 35.667902 ], [ 139.644215, 35.667898 ], [ 139.6438, 35.667841 ], [ 139.643406, 35.667788 ], [ 139.643238, 35.667765 ], [ 139.643167, 35.667755 ], [ 139.642794, 35.667706 ], [ 139.642389, 35.667653 ], [ 139.642277, 35.667639 ], [ 139.641611, 35.667556 ] ] ] } },
{ "type": "Feature", "properties": { "key": "杉並区|永福2丁目", "ward": "杉並区", "town": "永福２丁目" }, "geometry": { "type": "Polygon", "coordinates": [ [ [ 139.641885, 35.670131 ], [ 139.641526, 35.670131 ], [ 139.64138, 35.670131 ], [ 139.641364, 35.670133 ], [ 139.64107, 35.670166 ], [ 139.640875, 35.670201 ], [ 139.640667, 35.670247 ], [ 139.640485, 35.6703 ], [ 139.640209, 35.670374 ], [ 139.639871, 35.670446 ], [ 139.63961, 35.670509 ], [ 139.639545, 35.670523 ], [ 139.639334, 35.670589 ], [ 139.63911, 35.670687 ], [ 139.638744, 35.670907 ], [ 139.638463, 35.671145 ], [ 139.638373, 35.671219 ], [ 139.638217, 35.671346 ], [ 139.637534, 35.671926 ], [ 139.637145, 35.672257 ], [ 139.637109, 35.672286 ], [ 139.636959, 35.672313 ], [ 139.636917, 35.672346 ], [ 139.636817, 35.672433 ], [ 139.636703, 35.672445 ], [ 139.636682, 35.672457 ], [ 139.63652, 35.672551 ], [ 139.63673, 35.67286 ], [ 139.63687, 35.673039 ], [ 139.636879, 35.673051 ], [ 139.636978, 35.673193 ], [ 139.637333, 35.673675 ], [ 139.637475, 35.673868 ], [ 139.63771, 35.67418 ], [ 139.638048, 35.674627 ], [ 139.638059, 35.674641 ], [ 139.638113, 35.674712 ], [ 139.638276, 35.674926 ], [ 139.638635, 35.675379 ], [ 139.639009, 35.67586 ], [ 139.639015, 35.675867 ], [ 139.639248, 35.676165 ], [ 139.639423, 35.676389 ], [ 139.639933, 35.677048 ], [ 139.639969, 35.677096 ], [ 139.640042, 35.677192 ], [ 139.640552, 35.677861 ], [ 139.64056, 35.677872 ], [ 139.641288, 35.6775 ], [ 139.641512, 35.677386 ], [ 139.64205, 35.677111 ], [ 139.64316, 35.67654 ], [ 139.643838, 35.676189 ], [ 139.643822, 35.676164 ], [ 139.643641, 35.675845 ], [ 139.643646, 35.675837 ], [ 139.643585, 35.675721 ], [ 139.643466, 35.675469 ], [ 139.643342, 35.675185 ], [ 139.643335, 35.675159 ], [ 139.643234, 35.674937 ], [ 139.643117, 35.674653 ], [ 139.643034, 35.674431 ], [ 139.64293, 35.674183 ], [ 139.642893, 35.674072 ], [ 139.64287, 35.673939 ], [ 139.642797, 35.67368 ], [ 139.642776, 35.673418 ], [ 139.642743, 35.67316 ], [ 139.642723, 35.672967 ], [ 139.642697, 35.672624 ], [ 139.642697, 35.67261 ], [ 139.642673, 35.672302 ], [ 139.642644, 35.672006 ], [ 139.642636, 35.671941 ], [ 139.642604, 35.671752 ], [ 139.642513, 35.671377 ], [ 139.642458, 35.67116 ], [ 139.642448, 35.671108 ], [ 139.642398, 35.670882 ], [ 139.642307, 35.670521 ], [ 139.64222, 35.670135 ], [ 139.641885, 35.670131 ] ] ] } },
{ "type": "Feature", "properties": { "key": "杉並区|永福3丁目", "ward": "杉並区", "town": "永福３丁目" }, "geometry": { "type": "Polygon", "coordinates": [ [ [ 139.636937, 35.679695 ], [ 139.637347, 35.679488 ], [ 139.637639, 35.679341 ], [ 139.638312, 35.679 ], [ 139.638592, 35.678854 ], [ 139.638927, 35.678691 ], [ 139.639856, 35.678218 ], [ 139.639873, 35.678211 ], [ 139.639962, 35.678164 ], [ 139.639992, 35.678149 ], [ 139.640552, 35.677861 ], [ 139.640042, 35.677192 ], [ 139.639969, 35.677096 ], [ 139.639933, 35.677048 ], [ 139.639423, 35.676389 ], [ 139.639248, 35.676165 ], [ 139.639015, 35.675867 ], [ 139.639009, 35.67586 ], [ 139.638635, 35.675379 ], [ 139.638276, 35.674926 ], [ 139.638113, 35.674712 ], [ 139.638059, 35.674641 ], [ 139.638048, 35.674627 ], [ 139.63771, 35.67418 ], [ 139.637475, 35.673868 ], [ 139.637333, 35.673675 ], [ 139.636978, 35.673193 ], [ 139.636879, 35.673051 ], [ 139.63687, 35.673039 ], [ 139.63673, 35.67286 ], [ 139.63652, 35.672551 ], [ 139.636494, 35.672511 ], [ 139.636477, 35.672487 ], [ 139.636465, 35.672496 ], [ 139.636385, 35.672562 ], [ 139.636425, 35.67267 ], [ 139.636482, 35.672824 ], [ 139.636362, 35.672919 ], [ 139.636202, 35.673062 ], [ 139.635931, 35.67329 ], [ 139.635735, 35.673518 ], [ 139.635674, 35.673653 ], [ 139.635589, 35.67404 ], [ 139.635542, 35.674161 ], [ 139.63541, 35.674339 ], [ 139.63521, 35.674557 ], [ 139.635188, 35.674573 ], [ 139.63523, 35.674637 ], [ 139.63513, 35.674737 ], [ 139.634921, 35.674922 ], [ 139.634806, 35.675052 ], [ 139.634736, 35.675206 ], [ 139.634702, 35.675286 ], [ 139.634616, 35.675542 ], [ 139.634542, 35.675762 ], [ 139.634532, 35.676068 ], [ 139.634516, 35.676555 ], [ 139.634049, 35.676539 ], [ 139.633807, 35.67653 ], [ 139.633755, 35.676533 ], [ 139.63373, 35.676842 ], [ 139.633722, 35.676942 ], [ 139.633691, 35.677199 ], [ 139.633644, 35.677362 ], [ 139.633631, 35.677407 ], [ 139.63364, 35.67753 ], [ 139.633641, 35.677776 ], [ 139.633608, 35.677854 ], [ 139.633455, 35.678003 ], [ 139.63393, 35.678467 ], [ 139.633963, 35.678516 ], [ 139.634057, 35.678653 ], [ 139.634158, 35.678823 ], [ 139.634286, 35.6791 ], [ 139.634328, 35.679196 ], [ 139.634354, 35.679255 ], [ 139.634412, 35.679386 ], [ 139.634917, 35.679258 ], [ 139.635137, 35.679586 ], [ 139.635268, 35.679737 ], [ 139.635391, 35.67984 ], [ 139.63546, 35.679811 ], [ 139.63593, 35.680043 ], [ 139.636095, 35.680127 ], [ 139.636937, 35.679695 ] ] ] } },
{ "type": "Feature", "properties": { "key": "杉並区|永福4丁目", "ward": "杉並区", "town": "永福４丁目" }, "geometry": { "type": "Polygon", "coordinates": [ [ [ 139.643993, 35.67787 ], [ 139.643996, 35.677861 ], [ 139.644078, 35.677644 ], [ 139.64411, 35.677375 ], [ 139.644104, 35.677116 ], [ 139.644093, 35.677058 ], [ 139.644035, 35.676769 ], [ 139.643935, 35.676473 ], [ 139.643977, 35.676441 ], [ 139.643991, 35.67643 ], [ 139.643838, 35.676189 ], [ 139.64316, 35.67654 ], [ 139.64205, 35.677111 ], [ 139.641512, 35.677386 ], [ 139.641288, 35.6775 ], [ 139.64056, 35.677872 ], [ 139.640552, 35.677861 ], [ 139.639992, 35.678149 ], [ 139.639962, 35.678164 ], [ 139.639873, 35.678211 ], [ 139.639856, 35.678218 ], [ 139.638927, 35.678691 ], [ 139.638592, 35.678854 ], [ 139.638312, 35.679 ], [ 139.637639, 35.679341 ], [ 139.637347, 35.679488 ], [ 139.636937, 35.679695 ], [ 139.636095, 35.680127 ], [ 139.636157, 35.680164 ], [ 139.636233, 35.680199 ], [ 139.636475, 35.680259 ], [ 139.636988, 35.680384 ], [ 139.637181, 35.680432 ], [ 139.637856, 35.680597 ], [ 139.638342, 35.680714 ], [ 139.638357, 35.680717 ], [ 139.639569, 35.681026 ], [ 139.640266, 35.681198 ], [ 139.640591, 35.681274 ], [ 139.641238, 35.681432 ], [ 139.641518, 35.681501 ], [ 139.641561, 35.681511 ], [ 139.641997, 35.68161 ], [ 139.642616, 35.681757 ], [ 139.643095, 35.68188 ], [ 139.643347, 35.681934 ], [ 139.643432, 35.681653 ], [ 139.643518, 35.681371 ], [ 139.643498, 35.681096 ], [ 139.643511, 35.680974 ], [ 139.643531, 35.680784 ], [ 139.643602, 35.680486 ], [ 139.643606, 35.680361 ], [ 139.643609, 35.680254 ], [ 139.643652, 35.67997 ], [ 139.643704, 35.67958 ], [ 139.643787, 35.678998 ], [ 139.643832, 35.678691 ], [ 139.643881, 35.67836 ], [ 139.643915, 35.678136 ], [ 139.643993, 35.67787 ] ] ] } },
{ "type": "Feature", "properties": { "key": "杉並区|浜田山1丁目", "ward": "杉並区", "town": "浜田山１丁目" }, "geometry": { "type": "Polygon", "coordinates": [ [ [ 139.63432, 35.679195 ], [ 139.634328, 35.679196 ], [ 139.634286, 35.6791 ], [ 139.634158, 35.678823 ], [ 139.634057, 35.678653 ], [ 139.633963, 35.678516 ], [ 139.63393, 35.678467 ], [ 139.633455, 35.678003 ], [ 139.633608, 35.677854 ], [ 139.633641, 35.677776 ], [ 139.63364, 35.67753 ], [ 139.633631, 35.677407 ], [ 139.633644, 35.677362 ], [ 139.633691, 35.677199 ], [ 139.633722, 35.676942 ], [ 139.63373, 35.676842 ], [ 139.633755, 35.676533 ], [ 139.633807, 35.67653 ], [ 139.634049, 35.676539 ], [ 139.634516, 35.676555 ], [ 139.634532, 35.676068 ], [ 139.634542, 35.675762 ], [ 139.634616, 35.675542 ], [ 139.634702, 35.675286 ], [ 139.634736, 35.675206 ], [ 139.634806, 35.675052 ], [ 139.634921, 35.674922 ], [ 139.63513, 35.674737 ], [ 139.63523, 35.674637 ], [ 139.635188, 35.674573 ], [ 139.635103, 35.674629 ], [ 139.634786, 35.674911 ], [ 139.634412, 35.675249 ], [ 139.634357, 35.67532 ], [ 139.634234, 35.675417 ], [ 139.633753, 35.675836 ], [ 139.633529, 35.676011 ], [ 139.633361, 35.676103 ], [ 139.633168, 35.676153 ], [ 139.633014, 35.676162 ], [ 139.632611, 35.676146 ], [ 139.632516, 35.676127 ], [ 139.632347, 35.676116 ], [ 139.632096, 35.676082 ], [ 139.631731, 35.676045 ], [ 139.630749, 35.675936 ], [ 139.630748, 35.675887 ], [ 139.629832, 35.675784 ], [ 139.629819, 35.67574 ], [ 139.629717, 35.675707 ], [ 139.629473, 35.675626 ], [ 139.629435, 35.675635 ], [ 139.629204, 35.675625 ], [ 139.628892, 35.675721 ], [ 139.628375, 35.675594 ], [ 139.62796, 35.675476 ], [ 139.62778, 35.675425 ], [ 139.627569, 35.675373 ], [ 139.627231, 35.675318 ], [ 139.627087, 35.675313 ], [ 139.626782, 35.675365 ], [ 139.626774, 35.675368 ], [ 139.62731, 35.676111 ], [ 139.627443, 35.676303 ], [ 139.627471, 35.676346 ], [ 139.627641, 35.676703 ], [ 139.627778, 35.676989 ], [ 139.628024, 35.677464 ], [ 139.628179, 35.677736 ], [ 139.628305, 35.677985 ], [ 139.628425, 35.678193 ], [ 139.6285, 35.678324 ], [ 139.62872, 35.678772 ], [ 139.628763, 35.678981 ], [ 139.628879, 35.679483 ], [ 139.629003, 35.679958 ], [ 139.62902, 35.680093 ], [ 139.629052, 35.680342 ], [ 139.629072, 35.68048 ], [ 139.629118, 35.680844 ], [ 139.629152, 35.681044 ], [ 139.629695, 35.680853 ], [ 139.63003, 35.680738 ], [ 139.63057, 35.68055 ], [ 139.631082, 35.680363 ], [ 139.63195, 35.680062 ], [ 139.631998, 35.680045 ], [ 139.632391, 35.679893 ], [ 139.63287, 35.679728 ], [ 139.633538, 35.679483 ], [ 139.63432, 35.679195 ] ] ] } },
{ "type": "Feature", "properties": { "key": "杉並区|浜田山2丁目", "ward": "杉並区", "town": "浜田山２丁目" }, "geometry": { "type": "Polygon", "coordinates": [ [ [ 139.626774, 35.675368 ], [ 139.62658, 35.675414 ], [ 139.626193, 35.675578 ], [ 139.626047, 35.675653 ], [ 139.626013, 35.675664 ], [ 139.6256, 35.675871 ], [ 139.625275, 35.676098 ], [ 139.624935, 35.676365 ], [ 139.624283, 35.676859 ], [ 139.623994, 35.677091 ], [ 139.623612, 35.677406 ], [ 139.623357, 35.677583 ], [ 139.623637, 35.67784 ], [ 139.624047, 35.678193 ], [ 139.624077, 35.678212 ], [ 139.624094, 35.678222 ], [ 139.624351, 35.678379 ], [ 139.624498, 35.678517 ], [ 139.625155, 35.679488 ], [ 139.625313, 35.679738 ], [ 139.625505, 35.680035 ], [ 139.625468, 35.680164 ], [ 139.625391, 35.680433 ], [ 139.625267, 35.680876 ], [ 139.625138, 35.681381 ], [ 139.625211, 35.681565 ], [ 139.625213, 35.68157 ], [ 139.625433, 35.682093 ], [ 139.625706, 35.682061 ], [ 139.625971, 35.682029 ], [ 139.626442, 35.681967 ], [ 139.626473, 35.681966 ], [ 139.626775, 35.681904 ], [ 139.627015, 35.681843 ], [ 139.627441, 35.681703 ], [ 139.627885, 35.681551 ], [ 139.62812, 35.681444 ], [ 139.629147, 35.681046 ], [ 139.629152, 35.681044 ], [ 139.629118, 35.680844 ], [ 139.629072, 35.68048 ], [ 139.629052, 35.680342 ], [ 139.62902, 35.680093 ], [ 139.629003, 35.679958 ], [ 139.628879, 35.679483 ], [ 139.628763, 35.678981 ], [ 139.62872, 35.678772 ], [ 139.6285, 35.678324 ], [ 139.628425, 35.678193 ], [ 139.628305, 35.677985 ], [ 139.628179, 35.677736 ], [ 139.628024, 35.677464 ], [ 139.627778, 35.676989 ], [ 139.627641, 35.676703 ], [ 139.627471, 35.676346 ], [ 139.627443, 35.676303 ], [ 139.62731, 35.676111 ], [ 139.626774, 35.675368 ] ] ] } },
{ "type": "Feature", "properties": { "key": "杉並区|浜田山3丁目", "ward": "杉並区", "town": "浜田山３丁目" }, "geometry": { "type": "Polygon", "coordinates": [ [ [ 139.63546, 35.679811 ], [ 139.635391, 35.67984 ], [ 139.635268, 35.679737 ], [ 139.635137, 35.679586 ], [ 139.634917, 35.679258 ], [ 139.634412, 35.679386 ], [ 139.634354, 35.679255 ], [ 139.634328, 35.679196 ], [ 139.63432, 35.679195 ], [ 139.633538, 35.679483 ], [ 139.63287, 35.679728 ], [ 139.632391, 35.679893 ], [ 139.631998, 35.680045 ], [ 139.63195, 35.680062 ], [ 139.631082, 35.680363 ], [ 139.63057, 35.68055 ], [ 139.63003, 35.680738 ], [ 139.629695, 35.680853 ], [ 139.629152, 35.681044 ], [ 139.629147, 35.681046 ], [ 139.62812, 35.681444 ], [ 139.627885, 35.681551 ], [ 139.627441, 35.681703 ], [ 139.627015, 35.681843 ], [ 139.626775, 35.681904 ], [ 139.626473, 35.681966 ], [ 139.626442, 35.681967 ], [ 139.625971, 35.682029 ], [ 139.625706, 35.682061 ], [ 139.625433, 35.682093 ], [ 139.62565, 35.682609 ], [ 139.625836, 35.683092 ], [ 139.625703, 35.68333 ], [ 139.625396, 35.683922 ], [ 139.625217, 35.684267 ], [ 139.624888, 35.684922 ], [ 139.624885, 35.684927 ], [ 139.624416, 35.685764 ], [ 139.624741, 35.685645 ], [ 139.625757, 35.685269 ], [ 139.626426, 35.685031 ], [ 139.627062, 35.684788 ], [ 139.627579, 35.684527 ], [ 139.627886, 35.684373 ], [ 139.628672, 35.683964 ], [ 139.629573, 35.683507 ], [ 139.629858, 35.683357 ], [ 139.63028, 35.683143 ], [ 139.630403, 35.683086 ], [ 139.630811, 35.682878 ], [ 139.63118, 35.682691 ], [ 139.631231, 35.682665 ], [ 139.631555, 35.682496 ], [ 139.631896, 35.682327 ], [ 139.632169, 35.682185 ], [ 139.632601, 35.681963 ], [ 139.633939, 35.681278 ], [ 139.634207, 35.681144 ], [ 139.634835, 35.680835 ], [ 139.635082, 35.680714 ], [ 139.635433, 35.68054 ], [ 139.635665, 35.68042 ], [ 139.635929, 35.680283 ], [ 139.636157, 35.680164 ], [ 139.636095, 35.680127 ], [ 139.63593, 35.680043 ], [ 139.63546, 35.679811 ] ] ] } },
{ "type": "Feature", "properties": { "key": "杉並区|浜田山4丁目", "ward": "杉並区", "town": "浜田山４丁目" }, "geometry": { "type": "Polygon", "coordinates": [ [ [ 139.635082, 35.680714 ], [ 139.634835, 35.680835 ], [ 139.634207, 35.681144 ], [ 139.633939, 35.681278 ], [ 139.632601, 35.681963 ], [ 139.632169, 35.682185 ], [ 139.631896, 35.682327 ], [ 139.631555, 35.682496 ], [ 139.631231, 35.682665 ], [ 139.63118, 35.682691 ], [ 139.630811, 35.682878 ], [ 139.630403, 35.683086 ], [ 139.63028, 35.683143 ], [ 139.629858, 35.683357 ], [ 139.629573, 35.683507 ], [ 139.628672, 35.683964 ], [ 139.627886, 35.684373 ], [ 139.627579, 35.684527 ], [ 139.627062, 35.684788 ], [ 139.626426, 35.685031 ], [ 139.625757, 35.685269 ], [ 139.624741, 35.685645 ], [ 139.624416, 35.685764 ], [ 139.624402, 35.685784 ], [ 139.623991, 35.686526 ], [ 139.624079, 35.686675 ], [ 139.624082, 35.686681 ], [ 139.624323, 35.687087 ], [ 139.624517, 35.687415 ], [ 139.624976, 35.688189 ], [ 139.624984, 35.688185 ], [ 139.625442, 35.687999 ], [ 139.625867, 35.687834 ], [ 139.625956, 35.687799 ], [ 139.626408, 35.687601 ], [ 139.627013, 35.687407 ], [ 139.627135, 35.687368 ], [ 139.627841, 35.687123 ], [ 139.628035, 35.687056 ], [ 139.628286, 35.686971 ], [ 139.628732, 35.686755 ], [ 139.629291, 35.686518 ], [ 139.629296, 35.686516 ], [ 139.630022, 35.686226 ], [ 139.630032, 35.686219 ], [ 139.630631, 35.685993 ], [ 139.630845, 35.685904 ], [ 139.630987, 35.685849 ], [ 139.631269, 35.685739 ], [ 139.631436, 35.685675 ], [ 139.631905, 35.685495 ], [ 139.631919, 35.685489 ], [ 139.632231, 35.685369 ], [ 139.63245, 35.685283 ], [ 139.632957, 35.685082 ], [ 139.633636, 35.684816 ], [ 139.633795, 35.684735 ], [ 139.633799, 35.684734 ], [ 139.634241, 35.684502 ], [ 139.634534, 35.684349 ], [ 139.634792, 35.684209 ], [ 139.635137, 35.684023 ], [ 139.635315, 35.683947 ], [ 139.635607, 35.683804 ], [ 139.635847, 35.683693 ], [ 139.635893, 35.683669 ], [ 139.635751, 35.683096 ], [ 139.635594, 35.682465 ], [ 139.63553, 35.682204 ], [ 139.635133, 35.680878 ], [ 139.635089, 35.680724 ], [ 139.635082, 35.680714 ] ] ] } },
{ "type": "Feature", "properties": { "key": "杉並区|下高井戸1丁目", "ward": "杉並区", "town": "下高井戸１丁目" }, "geometry": { "type": "Polygon", "coordinates": [ [ [ 139.63933, 35.667494 ], [ 139.639606, 35.667505 ], [ 139.639897, 35.667501 ], [ 139.640092, 35.66751 ], [ 139.64037, 35.667525 ], [ 139.64075, 35.667545 ], [ 139.640972, 35.66756 ], [ 139.641058, 35.66758 ], [ 139.64133, 35.667591 ], [ 139.641365, 35.667349 ], [ 139.641369, 35.667324 ], [ 139.641375, 35.66728 ], [ 139.641378, 35.667259 ], [ 139.641397, 35.667128 ], [ 139.641408, 35.667058 ], [ 139.64141, 35.667039 ], [ 139.641463, 35.666678 ], [ 139.641413, 35.666673 ], [ 139.640947, 35.666531 ], [ 139.640677, 35.666448 ], [ 139.640437, 35.66637 ], [ 139.640374, 35.66635 ], [ 139.640206, 35.666281 ], [ 139.639608, 35.666 ], [ 139.639302, 35.665879 ], [ 139.639152, 35.66588 ], [ 139.63899, 35.66591 ], [ 139.638819, 35.665921 ], [ 139.638459, 35.665938 ], [ 139.638087, 35.665919 ], [ 139.637704, 35.665976 ], [ 139.637453, 35.666019 ], [ 139.637054, 35.666085 ], [ 139.636865, 35.666117 ], [ 139.636833, 35.666256 ], [ 139.636867, 35.666379 ], [ 139.636944, 35.666663 ], [ 139.636794, 35.666708 ], [ 139.636439, 35.666801 ], [ 139.636152, 35.66694 ], [ 139.63606, 35.666998 ], [ 139.635693, 35.667163 ], [ 139.635429, 35.667283 ], [ 139.635168, 35.667391 ], [ 139.634737, 35.667565 ], [ 139.634517, 35.667651 ], [ 139.634362, 35.667706 ], [ 139.634229, 35.667754 ], [ 139.63401, 35.66781 ], [ 139.63397, 35.66782 ], [ 139.633744, 35.667871 ], [ 139.633327, 35.667966 ], [ 139.633061, 35.668075 ], [ 139.632887, 35.668143 ], [ 139.632694, 35.66822 ], [ 139.632685, 35.668224 ], [ 139.632479, 35.668258 ], [ 139.63225, 35.668299 ], [ 139.632189, 35.66831 ], [ 139.631985, 35.668344 ], [ 139.631975, 35.668345 ], [ 139.631263, 35.668465 ], [ 139.63104, 35.668502 ], [ 139.630616, 35.668573 ], [ 139.630227, 35.668639 ], [ 139.629881, 35.668697 ], [ 139.629776, 35.668714 ], [ 139.629283, 35.668792 ], [ 139.62912, 35.668817 ], [ 139.62902, 35.668827 ], [ 139.628582, 35.668889 ], [ 139.628242, 35.668934 ], [ 139.62798, 35.668964 ], [ 139.62777, 35.668988 ], [ 139.627106, 35.669068 ], [ 139.62707, 35.669072 ], [ 139.626705, 35.669117 ], [ 139.626701, 35.669117 ], [ 139.626334, 35.669139 ], [ 139.626178, 35.669151 ], [ 139.625792, 35.669182 ], [ 139.625547, 35.6692 ], [ 139.624866, 35.669248 ], [ 139.624865, 35.669262 ], [ 139.624843, 35.669525 ], [ 139.624828, 35.669794 ], [ 139.624826, 35.669851 ], [ 139.624795, 35.670363 ], [ 139.624817, 35.670412 ], [ 139.625307, 35.670377 ], [ 139.625601, 35.670346 ], [ 139.625779, 35.670327 ], [ 139.625951, 35.670309 ], [ 139.625967, 35.670308 ], [ 139.626506, 35.670261 ], [ 139.626689, 35.670245 ], [ 139.626822, 35.670234 ], [ 139.627077, 35.670203 ], [ 139.627235, 35.670178 ], [ 139.627252, 35.670176 ], [ 139.627456, 35.670157 ], [ 139.627559, 35.670145 ], [ 139.627767, 35.670121 ], [ 139.628011, 35.670093 ], [ 139.628146, 35.670078 ], [ 139.628176, 35.670074 ], [ 139.628324, 35.670057 ], [ 139.628405, 35.670048 ], [ 139.628492, 35.67004 ], [ 139.62864, 35.670027 ], [ 139.628738, 35.670018 ], [ 139.62901, 35.669984 ], [ 139.629068, 35.669975 ], [ 139.629287, 35.669939 ], [ 139.629381, 35.669923 ], [ 139.629444, 35.669913 ], [ 139.629678, 35.669875 ], [ 139.629826, 35.669853 ], [ 139.630166, 35.669804 ], [ 139.630199, 35.669799 ], [ 139.630264, 35.66979 ], [ 139.6305, 35.669757 ], [ 139.630564, 35.669747 ], [ 139.630832, 35.66971 ], [ 139.631007, 35.669688 ], [ 139.63145, 35.669633 ], [ 139.631528, 35.669623 ], [ 139.631667, 35.669606 ], [ 139.631841, 35.669584 ], [ 139.631909, 35.669576 ], [ 139.632088, 35.669554 ], [ 139.632153, 35.669546 ], [ 139.632332, 35.669514 ], [ 139.632552, 35.669476 ], [ 139.632611, 35.669466 ], [ 139.632691, 35.669452 ], [ 139.63289, 35.669386 ], [ 139.633099, 35.669317 ], [ 139.633164, 35.669296 ], [ 139.633396, 35.669223 ], [ 139.633843, 35.669084 ], [ 139.633874, 35.669074 ], [ 139.634231, 35.668947 ], [ 139.634511, 35.668836 ], [ 139.634723, 35.668753 ], [ 139.634753, 35.668741 ], [ 139.635067, 35.668617 ], [ 139.635106, 35.668602 ], [ 139.635252, 35.668544 ], [ 139.635316, 35.668518 ], [ 139.635399, 35.668484 ], [ 139.635478, 35.668458 ], [ 139.635702, 35.668386 ], [ 139.635741, 35.668372 ], [ 139.636103, 35.668245 ], [ 139.636234, 35.668205 ], [ 139.636483, 35.668127 ], [ 139.636538, 35.668108 ], [ 139.636948, 35.667968 ], [ 139.637019, 35.667949 ], [ 139.637399, 35.667814 ], [ 139.6375, 35.66778 ], [ 139.637854, 35.667669 ], [ 139.638072, 35.667611 ], [ 139.638311, 35.667562 ], [ 139.638435, 35.667536 ], [ 139.638839, 35.6675 ], [ 139.638909, 35.667494 ], [ 139.639261, 35.667494 ], [ 139.63933, 35.667494 ] ] ] } },
{ "type": "Feature", "properties": { "key": "杉並区|下高井戸2丁目", "ward": "杉並区", "town": "下高井戸２丁目" }, "geometry": { "type": "Polygon", "coordinates": [ [ [ 139.641885, 35.670131 ], [ 139.64222, 35.670135 ], [ 139.642189, 35.670037 ], [ 139.642085, 35.66982 ], [ 139.641949, 35.669554 ], [ 139.641937, 35.669536 ], [ 139.641804, 35.669263 ], [ 139.641682, 35.669023 ], [ 139.641652, 35.668908 ], [ 139.641591, 35.668696 ], [ 139.641568, 35.668507 ], [ 139.641567, 35.668331 ], [ 139.641565, 35.668166 ], [ 139.641557, 35.667993 ], [ 139.641559, 35.667982 ], [ 139.641573, 35.667875 ], [ 139.641591, 35.66762 ], [ 139.64133, 35.667591 ], [ 139.641058, 35.66758 ], [ 139.640972, 35.66756 ], [ 139.64075, 35.667545 ], [ 139.64037, 35.667525 ], [ 139.640092, 35.66751 ], [ 139.639897, 35.667501 ], [ 139.639606, 35.667505 ], [ 139.63933, 35.667494 ], [ 139.639261, 35.667494 ], [ 139.638909, 35.667494 ], [ 139.638839, 35.6675 ], [ 139.638435, 35.667536 ], [ 139.638311, 35.667562 ], [ 139.638072, 35.667611 ], [ 139.637854, 35.667669 ], [ 139.6375, 35.66778 ], [ 139.637399, 35.667814 ], [ 139.637019, 35.667949 ], [ 139.636948, 35.667968 ], [ 139.636538, 35.668108 ], [ 139.636483, 35.668127 ], [ 139.636234, 35.668205 ], [ 139.636103, 35.668245 ], [ 139.635741, 35.668372 ], [ 139.635702, 35.668386 ], [ 139.635478, 35.668458 ], [ 139.635399, 35.668484 ], [ 139.635316, 35.668518 ], [ 139.635252, 35.668544 ], [ 139.635106, 35.668602 ], [ 139.635067, 35.668617 ], [ 139.634753, 35.668741 ], [ 139.634723, 35.668753 ], [ 139.634511, 35.668836 ], [ 139.634231, 35.668947 ], [ 139.633874, 35.669074 ], [ 139.634251, 35.669541 ], [ 139.634522, 35.669878 ], [ 139.635071, 35.670594 ], [ 139.635351, 35.670969 ], [ 139.636096, 35.671975 ], [ 139.63646, 35.672463 ], [ 139.636473, 35.672481 ], [ 139.636477, 35.672487 ], [ 139.636494, 35.672511 ], [ 139.63652, 35.672551 ], [ 139.636682, 35.672457 ], [ 139.636703, 35.672445 ], [ 139.636817, 35.672433 ], [ 139.636917, 35.672346 ], [ 139.636959, 35.672313 ], [ 139.637109, 35.672286 ], [ 139.637145, 35.672257 ], [ 139.637534, 35.671926 ], [ 139.638217, 35.671346 ], [ 139.638373, 35.671219 ], [ 139.638463, 35.671145 ], [ 139.638744, 35.670907 ], [ 139.63911, 35.670687 ], [ 139.639334, 35.670589 ], [ 139.639545, 35.670523 ], [ 139.63961, 35.670509 ], [ 139.639871, 35.670446 ], [ 139.640209, 35.670374 ], [ 139.640485, 35.6703 ], [ 139.640667, 35.670247 ], [ 139.640875, 35.670201 ], [ 139.64107, 35.670166 ], [ 139.641364, 35.670133 ], [ 139.64138, 35.670131 ], [ 139.641526, 35.670131 ], [ 139.641885, 35.670131 ] ] ] } },
{ "type": "Feature", "properties": { "key": "杉並区|下高井戸3丁目", "ward": "杉並区", "town": "下高井戸３丁目" }, "geometry": { "type": "Polygon", "coordinates": [ [ [ 139.635103, 35.674629 ], [ 139.635188, 35.674573 ], [ 139.63521, 35.674557 ], [ 139.63541, 35.674339 ], [ 139.635542, 35.674161 ], [ 139.635589, 35.67404 ], [ 139.635674, 35.673653 ], [ 139.635735, 35.673518 ], [ 139.635931, 35.67329 ], [ 139.636202, 35.673062 ], [ 139.636362, 35.672919 ], [ 139.636482, 35.672824 ], [ 139.636425, 35.67267 ], [ 139.636385, 35.672562 ], [ 139.636465, 35.672496 ], [ 139.636477, 35.672487 ], [ 139.636473, 35.672481 ], [ 139.63646, 35.672463 ], [ 139.636096, 35.671975 ], [ 139.635351, 35.670969 ], [ 139.635071, 35.670594 ], [ 139.634522, 35.669878 ], [ 139.634251, 35.669541 ], [ 139.633874, 35.669074 ], [ 139.633843, 35.669084 ], [ 139.633396, 35.669223 ], [ 139.633164, 35.669296 ], [ 139.633099, 35.669317 ], [ 139.63289, 35.669386 ], [ 139.632691, 35.669452 ], [ 139.632611, 35.669466 ], [ 139.632552, 35.669476 ], [ 139.632332, 35.669514 ], [ 139.632153, 35.669546 ], [ 139.632088, 35.669554 ], [ 139.631909, 35.669576 ], [ 139.631841, 35.669584 ], [ 139.631667, 35.669606 ], [ 139.631528, 35.669623 ], [ 139.63145, 35.669633 ], [ 139.631007, 35.669688 ], [ 139.630832, 35.66971 ], [ 139.63085, 35.669933 ], [ 139.630896, 35.670104 ], [ 139.631126, 35.670855 ], [ 139.631181, 35.671095 ], [ 139.631184, 35.671099 ], [ 139.631357, 35.67189 ], [ 139.631408, 35.672115 ], [ 139.631286, 35.672177 ], [ 139.631326, 35.672312 ], [ 139.631481, 35.67261 ], [ 139.631503, 35.672804 ], [ 139.631526, 35.673008 ], [ 139.631545, 35.673251 ], [ 139.631391, 35.673248 ], [ 139.631399, 35.673445 ], [ 139.631376, 35.673919 ], [ 139.631331, 35.674228 ], [ 139.631327, 35.674255 ], [ 139.63125, 35.674631 ], [ 139.631039, 35.674609 ], [ 139.630835, 35.674656 ], [ 139.630805, 35.674678 ], [ 139.630782, 35.675005 ], [ 139.630744, 35.675399 ], [ 139.630745, 35.675764 ], [ 139.630748, 35.675887 ], [ 139.630749, 35.675936 ], [ 139.631731, 35.676045 ], [ 139.632096, 35.676082 ], [ 139.632347, 35.676116 ], [ 139.632516, 35.676127 ], [ 139.632611, 35.676146 ], [ 139.633014, 35.676162 ], [ 139.633168, 35.676153 ], [ 139.633361, 35.676103 ], [ 139.633529, 35.676011 ], [ 139.633753, 35.675836 ], [ 139.634234, 35.675417 ], [ 139.634357, 35.67532 ], [ 139.634412, 35.675249 ], [ 139.634786, 35.674911 ], [ 139.635103, 35.674629 ] ] ] } },
{ "type": "Feature", "properties": { "key": "杉並区|下高井戸4丁目", "ward": "杉並区", "town": "下高井戸４丁目" }, "geometry": { "type": "Polygon", "coordinates": [ [ [ 139.630744, 35.675399 ], [ 139.630782, 35.675005 ], [ 139.630805, 35.674678 ], [ 139.630835, 35.674656 ], [ 139.631039, 35.674609 ], [ 139.63125, 35.674631 ], [ 139.631327, 35.674255 ], [ 139.631331, 35.674228 ], [ 139.631376, 35.673919 ], [ 139.631399, 35.673445 ], [ 139.631391, 35.673248 ], [ 139.631545, 35.673251 ], [ 139.631526, 35.673008 ], [ 139.631503, 35.672804 ], [ 139.631481, 35.67261 ], [ 139.631326, 35.672312 ], [ 139.631286, 35.672177 ], [ 139.631408, 35.672115 ], [ 139.631357, 35.67189 ], [ 139.631184, 35.671099 ], [ 139.631181, 35.671095 ], [ 139.631126, 35.670855 ], [ 139.630896, 35.670104 ], [ 139.63085, 35.669933 ], [ 139.630832, 35.66971 ], [ 139.630564, 35.669747 ], [ 139.6305, 35.669757 ], [ 139.630264, 35.66979 ], [ 139.630199, 35.669799 ], [ 139.630166, 35.669804 ], [ 139.629826, 35.669853 ], [ 139.629678, 35.669875 ], [ 139.629444, 35.669913 ], [ 139.629381, 35.669923 ], [ 139.629287, 35.669939 ], [ 139.629068, 35.669975 ], [ 139.62901, 35.669984 ], [ 139.628738, 35.670018 ], [ 139.62864, 35.670027 ], [ 139.628492, 35.67004 ], [ 139.628405, 35.670048 ], [ 139.628324, 35.670057 ], [ 139.628176, 35.670074 ], [ 139.628146, 35.670078 ], [ 139.628011, 35.670093 ], [ 139.627767, 35.670121 ], [ 139.627559, 35.670145 ], [ 139.627456, 35.670157 ], [ 139.627252, 35.670176 ], [ 139.627235, 35.670178 ], [ 139.627077, 35.670203 ], [ 139.626822, 35.670234 ], [ 139.626689, 35.670245 ], [ 139.626506, 35.670261 ], [ 139.625967, 35.670308 ], [ 139.625951, 35.670309 ], [ 139.625779, 35.670327 ], [ 139.625601, 35.670346 ], [ 139.625624, 35.670421 ], [ 139.625674, 35.670699 ], [ 139.625683, 35.671001 ], [ 139.625667, 35.671105 ], [ 139.625615, 35.671276 ], [ 139.625455, 35.67152 ], [ 139.625318, 35.671693 ], [ 139.625164, 35.671875 ], [ 139.625008, 35.672132 ], [ 139.624908, 35.672286 ], [ 139.624749, 35.672638 ], [ 139.624673, 35.67282 ], [ 139.624642, 35.672927 ], [ 139.624622, 35.673059 ], [ 139.624684, 35.673391 ], [ 139.62472, 35.673485 ], [ 139.624894, 35.67386 ], [ 139.624973, 35.674045 ], [ 139.625074, 35.67424 ], [ 139.625258, 35.674599 ], [ 139.625337, 35.674695 ], [ 139.625452, 35.674807 ], [ 139.625551, 35.67486 ], [ 139.625743, 35.674889 ], [ 139.626107, 35.674911 ], [ 139.626265, 35.674914 ], [ 139.6264, 35.674929 ], [ 139.626497, 35.674971 ], [ 139.626612, 35.675141 ], [ 139.626782, 35.675365 ], [ 139.627087, 35.675313 ], [ 139.627231, 35.675318 ], [ 139.627569, 35.675373 ], [ 139.62778, 35.675425 ], [ 139.62796, 35.675476 ], [ 139.628375, 35.675594 ], [ 139.628892, 35.675721 ], [ 139.629204, 35.675625 ], [ 139.629435, 35.675635 ], [ 139.629473, 35.675626 ], [ 139.629717, 35.675707 ], [ 139.629819, 35.67574 ], [ 139.629832, 35.675784 ], [ 139.630748, 35.675887 ], [ 139.630745, 35.675764 ], [ 139.630744, 35.675399 ] ] ] } },
{ "type": "Feature", "properties": { "key": "杉並区|下高井戸5丁目", "ward": "杉並区", "town": "下高井戸５丁目" }, "geometry": { "type": "Polygon", "coordinates": [ [ [ 139.623612, 35.677406 ], [ 139.623994, 35.677091 ], [ 139.624283, 35.676859 ], [ 139.624935, 35.676365 ], [ 139.625275, 35.676098 ], [ 139.6256, 35.675871 ], [ 139.626013, 35.675664 ], [ 139.626047, 35.675653 ], [ 139.626193, 35.675578 ], [ 139.62658, 35.675414 ], [ 139.626774, 35.675368 ], [ 139.626782, 35.675365 ], [ 139.626612, 35.675141 ], [ 139.626497, 35.674971 ], [ 139.6264, 35.674929 ], [ 139.626265, 35.674914 ], [ 139.626107, 35.674911 ], [ 139.625743, 35.674889 ], [ 139.625551, 35.67486 ], [ 139.625452, 35.674807 ], [ 139.625337, 35.674695 ], [ 139.625258, 35.674599 ], [ 139.625074, 35.67424 ], [ 139.624973, 35.674045 ], [ 139.624894, 35.67386 ], [ 139.62472, 35.673485 ], [ 139.624684, 35.673391 ], [ 139.624622, 35.673059 ], [ 139.624642, 35.672927 ], [ 139.624673, 35.67282 ], [ 139.624749, 35.672638 ], [ 139.624908, 35.672286 ], [ 139.625008, 35.672132 ], [ 139.625164, 35.671875 ], [ 139.625318, 35.671693 ], [ 139.625455, 35.67152 ], [ 139.625615, 35.671276 ], [ 139.625667, 35.671105 ], [ 139.625683, 35.671001 ], [ 139.625674, 35.670699 ], [ 139.625624, 35.670421 ], [ 139.625601, 35.670346 ], [ 139.625307, 35.670377 ], [ 139.624817, 35.670412 ], [ 139.624795, 35.670363 ], [ 139.624324, 35.67043 ], [ 139.62375, 35.670511 ], [ 139.62361, 35.670531 ], [ 139.623122, 35.67061 ], [ 139.623145, 35.671393 ], [ 139.623126, 35.67145 ], [ 139.623179, 35.671495 ], [ 139.623435, 35.671711 ], [ 139.623364, 35.671768 ], [ 139.623214, 35.671889 ], [ 139.623006, 35.672061 ], [ 139.622676, 35.672335 ], [ 139.622305, 35.672684 ], [ 139.622066, 35.672911 ], [ 139.622046, 35.672929 ], [ 139.621511, 35.673421 ], [ 139.621266, 35.673637 ], [ 139.621088, 35.673812 ], [ 139.620763, 35.674107 ], [ 139.620685, 35.674178 ], [ 139.620482, 35.674369 ], [ 139.62035, 35.674493 ], [ 139.620161, 35.674654 ], [ 139.620132, 35.674676 ], [ 139.619647, 35.675051 ], [ 139.619459, 35.675188 ], [ 139.619306, 35.675276 ], [ 139.619168, 35.675369 ], [ 139.619033, 35.675431 ], [ 139.618772, 35.675584 ], [ 139.618572, 35.675694 ], [ 139.618058, 35.675947 ], [ 139.618273, 35.676217 ], [ 139.618457, 35.676407 ], [ 139.618607, 35.676524 ], [ 139.618693, 35.676556 ], [ 139.618797, 35.676565 ], [ 139.619155, 35.676615 ], [ 139.619704, 35.676719 ], [ 139.620609, 35.676909 ], [ 139.62085, 35.676968 ], [ 139.620932, 35.676984 ], [ 139.621289, 35.677061 ], [ 139.621445, 35.677105 ], [ 139.621811, 35.677244 ], [ 139.621992, 35.677315 ], [ 139.6223, 35.677441 ], [ 139.62248, 35.677442 ], [ 139.622675, 35.677426 ], [ 139.622709, 35.677428 ], [ 139.62296, 35.677444 ], [ 139.623254, 35.677527 ], [ 139.623269, 35.677532 ], [ 139.623353, 35.677579 ], [ 139.623357, 35.677583 ], [ 139.623612, 35.677406 ] ] ] } },
{ "type": "Feature", "properties": { "key": "杉並区|高井戸東1丁目", "ward": "杉並区", "town": "高井戸東１丁目" }, "geometry": { "type": "Polygon", "coordinates": [ [ [ 139.622709, 35.677428 ], [ 139.622675, 35.677426 ], [ 139.62248, 35.677442 ], [ 139.6223, 35.677441 ], [ 139.621992, 35.677315 ], [ 139.621811, 35.677244 ], [ 139.621445, 35.677105 ], [ 139.621289, 35.677061 ], [ 139.620932, 35.676984 ], [ 139.62085, 35.676968 ], [ 139.620609, 35.676909 ], [ 139.619704, 35.676719 ], [ 139.619155, 35.676615 ], [ 139.618797, 35.676565 ], [ 139.618693, 35.676556 ], [ 139.618607, 35.676524 ], [ 139.618457, 35.676407 ], [ 139.618273, 35.676217 ], [ 139.618058, 35.675947 ], [ 139.617971, 35.675984 ], [ 139.617454, 35.676234 ], [ 139.617564, 35.676432 ], [ 139.617607, 35.676509 ], [ 139.617824, 35.677029 ], [ 139.617954, 35.677314 ], [ 139.618142, 35.677761 ], [ 139.618234, 35.677964 ], [ 139.618408, 35.678303 ], [ 139.61864, 35.678741 ], [ 139.618728, 35.679124 ], [ 139.61886, 35.679572 ], [ 139.61892, 35.679764 ], [ 139.618949, 35.679871 ], [ 139.618978, 35.680114 ], [ 139.619021, 35.680323 ], [ 139.619037, 35.680728 ], [ 139.619012, 35.680835 ], [ 139.618889, 35.681063 ], [ 139.618771, 35.68129 ], [ 139.618735, 35.681383 ], [ 139.618726, 35.681481 ], [ 139.618936, 35.681838 ], [ 139.61901, 35.681921 ], [ 139.61908, 35.6822 ], [ 139.619126, 35.682325 ], [ 139.619171, 35.682543 ], [ 139.619259, 35.682922 ], [ 139.619265, 35.682923 ], [ 139.619597, 35.682866 ], [ 139.620395, 35.682746 ], [ 139.620451, 35.68274 ], [ 139.620611, 35.68272 ], [ 139.62135, 35.682631 ], [ 139.622636, 35.682468 ], [ 139.62311, 35.682408 ], [ 139.623114, 35.682406 ], [ 139.623219, 35.682391 ], [ 139.62404, 35.682283 ], [ 139.625433, 35.682093 ], [ 139.625213, 35.68157 ], [ 139.625211, 35.681565 ], [ 139.625138, 35.681381 ], [ 139.625267, 35.680876 ], [ 139.625391, 35.680433 ], [ 139.625468, 35.680164 ], [ 139.625505, 35.680035 ], [ 139.625313, 35.679738 ], [ 139.625155, 35.679488 ], [ 139.624498, 35.678517 ], [ 139.624351, 35.678379 ], [ 139.624094, 35.678222 ], [ 139.624077, 35.678212 ], [ 139.624047, 35.678193 ], [ 139.623637, 35.67784 ], [ 139.623357, 35.677583 ], [ 139.623353, 35.677579 ], [ 139.623269, 35.677532 ], [ 139.623254, 35.677527 ], [ 139.62296, 35.677444 ], [ 139.622709, 35.677428 ] ] ] } },
{ "type": "Feature", "properties": { "key": "杉並区|高井戸東2丁目", "ward": "杉並区", "town": "高井戸東２丁目" }, "geometry": { "type": "Polygon", "coordinates": [ [ [ 139.617454, 35.676234 ], [ 139.616662, 35.676628 ], [ 139.616059, 35.676876 ], [ 139.615582, 35.677023 ], [ 139.61531, 35.677119 ], [ 139.614771, 35.67728 ], [ 139.614672, 35.67731 ], [ 139.61442, 35.677387 ], [ 139.614441, 35.677567 ], [ 139.614439, 35.677587 ], [ 139.614494, 35.678124 ], [ 139.614513, 35.678376 ], [ 139.614554, 35.67873 ], [ 139.614595, 35.679328 ], [ 139.614628, 35.6797 ], [ 139.614631, 35.679951 ], [ 139.614664, 35.680189 ], [ 139.614664, 35.680206 ], [ 139.614788, 35.680641 ], [ 139.614852, 35.680842 ], [ 139.614858, 35.680864 ], [ 139.614899, 35.681015 ], [ 139.614953, 35.681135 ], [ 139.615043, 35.681428 ], [ 139.615065, 35.681491 ], [ 139.615297, 35.682106 ], [ 139.615389, 35.682362 ], [ 139.61541, 35.68242 ], [ 139.615635, 35.683035 ], [ 139.615636, 35.683039 ], [ 139.61571, 35.683275 ], [ 139.615736, 35.683349 ], [ 139.615924, 35.683335 ], [ 139.616332, 35.683322 ], [ 139.617142, 35.683256 ], [ 139.617547, 35.683192 ], [ 139.617927, 35.683136 ], [ 139.618169, 35.683095 ], [ 139.619259, 35.682922 ], [ 139.619171, 35.682543 ], [ 139.619126, 35.682325 ], [ 139.61908, 35.6822 ], [ 139.61901, 35.681921 ], [ 139.618936, 35.681838 ], [ 139.618726, 35.681481 ], [ 139.618735, 35.681383 ], [ 139.618771, 35.68129 ], [ 139.618889, 35.681063 ], [ 139.619012, 35.680835 ], [ 139.619037, 35.680728 ], [ 139.619021, 35.680323 ], [ 139.618978, 35.680114 ], [ 139.618949, 35.679871 ], [ 139.61892, 35.679764 ], [ 139.61886, 35.679572 ], [ 139.618728, 35.679124 ], [ 139.61864, 35.678741 ], [ 139.618408, 35.678303 ], [ 139.618234, 35.677964 ], [ 139.618142, 35.677761 ], [ 139.617954, 35.677314 ], [ 139.617824, 35.677029 ], [ 139.617607, 35.676509 ], [ 139.617564, 35.676432 ], [ 139.617454, 35.676234 ] ] ] } },
{ "type": "Feature", "properties": { "key": "杉並区|高井戸東3丁目", "ward": "杉並区", "town": "高井戸東３丁目" }, "geometry": { "type": "Polygon", "coordinates": [ [ [ 139.62565, 35.682609 ], [ 139.625433, 35.682093 ], [ 139.62404, 35.682283 ], [ 139.623219, 35.682391 ], [ 139.623114, 35.682406 ], [ 139.62311, 35.682408 ], [ 139.622636, 35.682468 ], [ 139.62135, 35.682631 ], [ 139.620611, 35.68272 ], [ 139.620451, 35.68274 ], [ 139.620395, 35.682746 ], [ 139.619597, 35.682866 ], [ 139.619265, 35.682923 ], [ 139.619259, 35.682922 ], [ 139.618169, 35.683095 ], [ 139.617927, 35.683136 ], [ 139.617547, 35.683192 ], [ 139.617142, 35.683256 ], [ 139.616332, 35.683322 ], [ 139.615924, 35.683335 ], [ 139.615736, 35.683349 ], [ 139.615758, 35.683542 ], [ 139.61575, 35.683648 ], [ 139.615746, 35.683677 ], [ 139.615688, 35.684367 ], [ 139.615677, 35.684515 ], [ 139.615714, 35.684832 ], [ 139.615782, 35.68529 ], [ 139.615784, 35.685303 ], [ 139.615813, 35.685544 ], [ 139.61595, 35.686425 ], [ 139.615954, 35.686449 ], [ 139.616014, 35.686867 ], [ 139.616061, 35.687091 ], [ 139.616136, 35.687509 ], [ 139.616267, 35.688298 ], [ 139.616336, 35.688733 ], [ 139.617065, 35.688476 ], [ 139.617799, 35.688201 ], [ 139.618419, 35.687977 ], [ 139.618451, 35.687963 ], [ 139.618875, 35.687812 ], [ 139.618897, 35.687808 ], [ 139.619726, 35.687498 ], [ 139.620489, 35.687223 ], [ 139.621072, 35.687008 ], [ 139.62157, 35.68682 ], [ 139.621994, 35.686669 ], [ 139.622471, 35.686494 ], [ 139.623585, 35.686073 ], [ 139.624402, 35.685784 ], [ 139.624416, 35.685764 ], [ 139.624885, 35.684927 ], [ 139.624888, 35.684922 ], [ 139.625217, 35.684267 ], [ 139.625396, 35.683922 ], [ 139.625703, 35.68333 ], [ 139.625836, 35.683092 ], [ 139.62565, 35.682609 ] ] ] } },
{ "type": "Feature", "properties": { "key": "杉並区|高井戸東4丁目", "ward": "杉並区", "town": "高井戸東４丁目" }, "geometry": { "type": "Polygon", "coordinates": [ [ [ 139.624402, 35.685784 ], [ 139.623585, 35.686073 ], [ 139.622471, 35.686494 ], [ 139.621994, 35.686669 ], [ 139.62157, 35.68682 ], [ 139.621072, 35.687008 ], [ 139.620489, 35.687223 ], [ 139.619726, 35.687498 ], [ 139.618897, 35.687808 ], [ 139.618875, 35.687812 ], [ 139.618451, 35.687963 ], [ 139.618419, 35.687977 ], [ 139.617799, 35.688201 ], [ 139.617065, 35.688476 ], [ 139.616336, 35.688733 ], [ 139.616339, 35.688755 ], [ 139.616401, 35.68914 ], [ 139.616415, 35.689225 ], [ 139.616417, 35.689237 ], [ 139.616539, 35.69008 ], [ 139.616544, 35.690118 ], [ 139.616599, 35.690515 ], [ 139.616644, 35.690847 ], [ 139.616698, 35.691231 ], [ 139.61671, 35.691316 ], [ 139.616761, 35.691688 ], [ 139.616793, 35.691923 ], [ 139.616801, 35.692202 ], [ 139.616818, 35.692302 ], [ 139.616849, 35.692482 ], [ 139.61693, 35.69274 ], [ 139.617341, 35.692477 ], [ 139.617655, 35.692267 ], [ 139.617936, 35.692068 ], [ 139.617944, 35.692063 ], [ 139.618047, 35.691997 ], [ 139.61839, 35.691822 ], [ 139.618671, 35.691721 ], [ 139.618963, 35.691625 ], [ 139.619379, 35.691474 ], [ 139.61982, 35.691231 ], [ 139.620059, 35.691068 ], [ 139.620314, 35.690923 ], [ 139.620599, 35.690741 ], [ 139.620678, 35.69069 ], [ 139.62086, 35.690581 ], [ 139.621211, 35.690276 ], [ 139.62132, 35.690169 ], [ 139.621397, 35.690112 ], [ 139.621407, 35.6901 ], [ 139.621441, 35.690063 ], [ 139.621942, 35.689712 ], [ 139.622027, 35.689632 ], [ 139.622192, 35.689524 ], [ 139.622284, 35.689489 ], [ 139.622539, 35.689392 ], [ 139.622617, 35.68936 ], [ 139.622755, 35.689304 ], [ 139.622859, 35.689258 ], [ 139.623046, 35.689179 ], [ 139.623495, 35.688965 ], [ 139.623782, 35.688832 ], [ 139.624186, 35.688612 ], [ 139.624467, 35.688444 ], [ 139.624522, 35.688406 ], [ 139.624976, 35.688189 ], [ 139.624517, 35.687415 ], [ 139.624323, 35.687087 ], [ 139.624082, 35.686681 ], [ 139.624079, 35.686675 ], [ 139.623991, 35.686526 ], [ 139.624402, 35.685784 ] ] ] } },
{ "type": "Feature", "properties": { "key": "杉並区|成田東1丁目", "ward": "杉並区", "town": "成田東１丁目" }, "geometry": { "type": "Polygon", "coordinates": [ [ [ 139.641449, 35.692136 ], [ 139.641383, 35.69226 ], [ 139.641331, 35.692324 ], [ 139.64131, 35.692334 ], [ 139.641226, 35.692317 ], [ 139.641145, 35.692014 ], [ 139.641118, 35.691624 ], [ 139.641117, 35.691327 ], [ 139.641127, 35.691294 ], [ 139.641168, 35.691115 ], [ 139.64124, 35.690847 ], [ 139.641089, 35.690554 ], [ 139.641031, 35.690465 ], [ 139.640968, 35.690427 ], [ 139.640709, 35.690315 ], [ 139.640305, 35.690142 ], [ 139.640152, 35.689986 ], [ 139.639894, 35.689816 ], [ 139.639809, 35.68966 ], [ 139.639706, 35.689599 ], [ 139.639591, 35.689203 ], [ 139.639586, 35.689171 ], [ 139.639595, 35.689015 ], [ 139.639621, 35.688957 ], [ 139.639854, 35.688714 ], [ 139.63996, 35.688539 ], [ 139.639971, 35.688526 ], [ 139.640147, 35.688171 ], [ 139.640324, 35.687923 ], [ 139.640335, 35.687754 ], [ 139.64031, 35.687679 ], [ 139.640115, 35.687455 ], [ 139.640044, 35.687414 ], [ 139.639953, 35.687247 ], [ 139.639798, 35.687064 ], [ 139.639762, 35.686951 ], [ 139.639776, 35.686814 ], [ 139.639826, 35.686712 ], [ 139.639865, 35.68635 ], [ 139.639911, 35.686102 ], [ 139.639647, 35.686304 ], [ 139.639267, 35.686346 ], [ 139.638963, 35.686416 ], [ 139.63886, 35.686464 ], [ 139.638715, 35.686557 ], [ 139.638448, 35.68673 ], [ 139.638284, 35.686806 ], [ 139.638127, 35.686854 ], [ 139.637972, 35.686853 ], [ 139.637808, 35.686838 ], [ 139.637657, 35.68681 ], [ 139.637486, 35.686732 ], [ 139.63745, 35.686721 ], [ 139.637407, 35.686937 ], [ 139.637316, 35.687405 ], [ 139.637266, 35.687627 ], [ 139.637195, 35.687866 ], [ 139.637163, 35.687936 ], [ 139.636963, 35.688423 ], [ 139.63693, 35.688511 ], [ 139.636784, 35.688826 ], [ 139.63669, 35.689092 ], [ 139.636579, 35.689394 ], [ 139.636487, 35.689658 ], [ 139.63649, 35.689699 ], [ 139.636566, 35.68991 ], [ 139.636678, 35.690246 ], [ 139.636697, 35.690286 ], [ 139.636851, 35.6908 ], [ 139.636991, 35.691212 ], [ 139.637094, 35.691574 ], [ 139.637154, 35.691802 ], [ 139.637253, 35.692173 ], [ 139.637605, 35.69221 ], [ 139.637918, 35.692269 ], [ 139.638171, 35.692347 ], [ 139.638386, 35.692447 ], [ 139.638625, 35.692595 ], [ 139.638962, 35.69282 ], [ 139.639077, 35.692904 ], [ 139.639399, 35.693113 ], [ 139.639655, 35.693296 ], [ 139.639777, 35.693375 ], [ 139.640147, 35.693636 ], [ 139.64034, 35.69376 ], [ 139.640485, 35.693866 ], [ 139.640843, 35.694113 ], [ 139.641102, 35.694285 ], [ 139.641169, 35.694315 ], [ 139.64149, 35.694467 ], [ 139.641642, 35.69432 ], [ 139.641836, 35.694144 ], [ 139.642039, 35.69387 ], [ 139.642194, 35.693578 ], [ 139.642204, 35.693278 ], [ 139.642164, 35.693003 ], [ 139.64216, 35.692976 ], [ 139.642066, 35.692625 ], [ 139.642003, 35.692511 ], [ 139.641969, 35.692491 ], [ 139.641449, 35.692136 ] ] ] } },
{ "type": "Feature", "properties": { "key": "杉並区|成田東2丁目", "ward": "杉並区", "town": "成田東２丁目" }, "geometry": { "type": "Polygon", "coordinates": [ [ [ 139.637094, 35.691574 ], [ 139.636991, 35.691212 ], [ 139.636851, 35.6908 ], [ 139.636697, 35.690286 ], [ 139.636678, 35.690246 ], [ 139.636566, 35.68991 ], [ 139.63649, 35.689699 ], [ 139.636487, 35.689658 ], [ 139.636579, 35.689394 ], [ 139.63669, 35.689092 ], [ 139.636784, 35.688826 ], [ 139.63693, 35.688511 ], [ 139.636963, 35.688423 ], [ 139.637163, 35.687936 ], [ 139.637195, 35.687866 ], [ 139.637266, 35.687627 ], [ 139.637316, 35.687405 ], [ 139.637407, 35.686937 ], [ 139.63745, 35.686721 ], [ 139.637467, 35.686688 ], [ 139.637609, 35.686089 ], [ 139.63764, 35.685826 ], [ 139.637641, 35.68581 ], [ 139.637129, 35.685968 ], [ 139.636657, 35.68611 ], [ 139.636513, 35.686108 ], [ 139.636337, 35.686111 ], [ 139.636042, 35.686105 ], [ 139.636017, 35.686093 ], [ 139.63577, 35.686091 ], [ 139.635548, 35.686081 ], [ 139.635085, 35.686089 ], [ 139.634949, 35.686103 ], [ 139.634782, 35.686142 ], [ 139.634499, 35.686268 ], [ 139.634095, 35.686487 ], [ 139.633874, 35.686597 ], [ 139.633692, 35.686681 ], [ 139.633368, 35.686884 ], [ 139.63313, 35.687119 ], [ 139.632962, 35.687289 ], [ 139.632906, 35.687348 ], [ 139.632755, 35.687504 ], [ 139.632513, 35.687768 ], [ 139.632429, 35.68789 ], [ 139.63238, 35.688036 ], [ 139.632372, 35.688185 ], [ 139.632404, 35.68843 ], [ 139.632495, 35.688687 ], [ 139.63249, 35.688697 ], [ 139.632525, 35.688828 ], [ 139.632651, 35.689201 ], [ 139.632764, 35.689598 ], [ 139.632757, 35.68988 ], [ 139.632729, 35.690085 ], [ 139.632771, 35.690281 ], [ 139.632834, 35.690462 ], [ 139.633006, 35.690855 ], [ 139.6332, 35.691289 ], [ 139.633441, 35.691845 ], [ 139.633449, 35.691848 ], [ 139.633948, 35.691793 ], [ 139.634039, 35.691779 ], [ 139.634193, 35.691788 ], [ 139.634539, 35.691856 ], [ 139.634923, 35.691908 ], [ 139.635134, 35.691952 ], [ 139.635389, 35.691992 ], [ 139.635977, 35.692077 ], [ 139.636282, 35.692116 ], [ 139.636332, 35.692117 ], [ 139.63639, 35.69212 ], [ 139.636715, 35.692143 ], [ 139.636952, 35.692147 ], [ 139.637253, 35.692173 ], [ 139.637154, 35.691802 ], [ 139.637094, 35.691574 ] ] ] } },
{ "type": "Feature", "properties": { "key": "杉並区|成田東3丁目", "ward": "杉並区", "town": "成田東３丁目" }, "geometry": { "type": "Polygon", "coordinates": [ [ [ 139.640981, 35.695146 ], [ 139.640984, 35.695135 ], [ 139.641045, 35.694933 ], [ 139.64149, 35.694467 ], [ 139.641169, 35.694315 ], [ 139.641102, 35.694285 ], [ 139.640843, 35.694113 ], [ 139.640485, 35.693866 ], [ 139.64034, 35.69376 ], [ 139.640147, 35.693636 ], [ 139.639777, 35.693375 ], [ 139.639655, 35.693296 ], [ 139.639399, 35.693113 ], [ 139.639077, 35.692904 ], [ 139.638962, 35.69282 ], [ 139.638625, 35.692595 ], [ 139.638386, 35.692447 ], [ 139.638171, 35.692347 ], [ 139.637918, 35.692269 ], [ 139.637605, 35.69221 ], [ 139.637253, 35.692173 ], [ 139.636952, 35.692147 ], [ 139.636715, 35.692143 ], [ 139.63639, 35.69212 ], [ 139.636332, 35.692117 ], [ 139.636282, 35.692116 ], [ 139.635977, 35.692077 ], [ 139.635389, 35.691992 ], [ 139.635134, 35.691952 ], [ 139.634923, 35.691908 ], [ 139.634539, 35.691856 ], [ 139.634193, 35.691788 ], [ 139.634039, 35.691779 ], [ 139.633948, 35.691793 ], [ 139.633449, 35.691848 ], [ 139.633651, 35.692331 ], [ 139.633976, 35.693141 ], [ 139.634036, 35.693323 ], [ 139.634059, 35.69345 ], [ 139.634056, 35.693682 ], [ 139.634017, 35.693817 ], [ 139.633778, 35.694225 ], [ 139.633756, 35.694255 ], [ 139.634063, 35.694372 ], [ 139.634211, 35.694429 ], [ 139.634531, 35.694599 ], [ 139.634769, 35.69472 ], [ 139.634915, 35.694774 ], [ 139.635755, 35.694974 ], [ 139.635927, 35.695001 ], [ 139.636017, 35.695012 ], [ 139.636355, 35.694965 ], [ 139.636576, 35.694933 ], [ 139.636691, 35.694953 ], [ 139.636814, 35.694993 ], [ 139.636899, 35.69502 ], [ 139.636996, 35.695075 ], [ 139.637195, 35.69513 ], [ 139.637576, 35.69518 ], [ 139.637776, 35.695184 ], [ 139.637839, 35.69518 ], [ 139.637993, 35.695242 ], [ 139.638424, 35.695326 ], [ 139.638437, 35.69533 ], [ 139.638904, 35.695526 ], [ 139.638961, 35.69555 ], [ 139.639126, 35.695628 ], [ 139.639131, 35.69563 ], [ 139.639399, 35.695774 ], [ 139.639476, 35.695807 ], [ 139.639709, 35.695917 ], [ 139.640016, 35.696046 ], [ 139.640026, 35.69605 ], [ 139.64054, 35.696234 ], [ 139.640788, 35.695814 ], [ 139.640888, 35.695563 ], [ 139.640929, 35.695474 ], [ 139.640939, 35.69541 ], [ 139.640981, 35.695146 ] ] ] } },
{ "type": "Feature", "properties": { "key": "杉並区|成田東4丁目", "ward": "杉並区", "town": "成田東４丁目" }, "geometry": { "type": "Polygon", "coordinates": [ [ [ 139.638493, 35.69844 ], [ 139.638545, 35.698425 ], [ 139.638952, 35.6983 ], [ 139.639138, 35.698243 ], [ 139.63919, 35.698222 ], [ 139.639044, 35.697938 ], [ 139.639029, 35.697894 ], [ 139.639184, 35.69772 ], [ 139.639692, 35.69715 ], [ 139.639701, 35.69714 ], [ 139.640024, 35.696795 ], [ 139.640247, 35.696551 ], [ 139.640254, 35.696544 ], [ 139.640544, 35.696239 ], [ 139.64054, 35.696234 ], [ 139.640026, 35.69605 ], [ 139.640016, 35.696046 ], [ 139.639709, 35.695917 ], [ 139.639476, 35.695807 ], [ 139.639399, 35.695774 ], [ 139.639131, 35.69563 ], [ 139.639126, 35.695628 ], [ 139.638961, 35.69555 ], [ 139.638904, 35.695526 ], [ 139.638437, 35.69533 ], [ 139.638424, 35.695326 ], [ 139.637993, 35.695242 ], [ 139.637839, 35.69518 ], [ 139.637776, 35.695184 ], [ 139.637576, 35.69518 ], [ 139.637195, 35.69513 ], [ 139.636996, 35.695075 ], [ 139.636899, 35.69502 ], [ 139.636814, 35.694993 ], [ 139.636691, 35.694953 ], [ 139.636576, 35.694933 ], [ 139.636355, 35.694965 ], [ 139.636017, 35.695012 ], [ 139.635927, 35.695001 ], [ 139.635755, 35.694974 ], [ 139.634915, 35.694774 ], [ 139.634769, 35.69472 ], [ 139.634531, 35.694599 ], [ 139.634211, 35.694429 ], [ 139.634063, 35.694372 ], [ 139.633756, 35.694255 ], [ 139.633422, 35.694728 ], [ 139.633247, 35.694944 ], [ 139.633182, 35.695056 ], [ 139.633136, 35.695117 ], [ 139.633029, 35.695212 ], [ 139.632897, 35.695288 ], [ 139.632722, 35.695356 ], [ 139.632433, 35.695377 ], [ 139.6324, 35.69538 ], [ 139.632398, 35.695611 ], [ 139.632362, 35.69585 ], [ 139.632342, 35.696005 ], [ 139.632335, 35.696059 ], [ 139.632295, 35.69629 ], [ 139.632275, 35.696393 ], [ 139.632198, 35.6968 ], [ 139.632144, 35.697083 ], [ 139.632131, 35.697138 ], [ 139.632102, 35.697272 ], [ 139.632101, 35.697275 ], [ 139.632068, 35.697501 ], [ 139.632021, 35.697643 ], [ 139.631996, 35.697695 ], [ 139.631916, 35.697849 ], [ 139.631873, 35.697898 ], [ 139.63189, 35.697924 ], [ 139.63254, 35.698232 ], [ 139.632701, 35.698342 ], [ 139.632797, 35.698424 ], [ 139.632922, 35.69846 ], [ 139.632987, 35.698482 ], [ 139.633191, 35.698552 ], [ 139.633375, 35.698637 ], [ 139.633634, 35.698683 ], [ 139.63372, 35.698682 ], [ 139.633767, 35.698676 ], [ 139.63408, 35.698642 ], [ 139.634359, 35.698619 ], [ 139.634522, 35.698616 ], [ 139.634848, 35.698624 ], [ 139.63491, 35.698612 ], [ 139.635188, 35.698533 ], [ 139.635361, 35.698837 ], [ 139.635415, 35.698932 ], [ 139.635526, 35.699175 ], [ 139.635596, 35.699362 ], [ 139.635609, 35.699468 ], [ 139.636025, 35.699304 ], [ 139.636603, 35.699076 ], [ 139.63705, 35.698915 ], [ 139.637098, 35.698898 ], [ 139.637364, 35.698806 ], [ 139.637637, 35.698711 ], [ 139.637912, 35.698615 ], [ 139.637998, 35.698586 ], [ 139.638493, 35.69844 ] ] ] } },
{ "type": "Feature", "properties": { "key": "杉並区|成田東5丁目", "ward": "杉並区", "town": "成田東５丁目" }, "geometry": { "type": "Polygon", "coordinates": [ [ [ 139.635188, 35.698533 ], [ 139.63491, 35.698612 ], [ 139.634848, 35.698624 ], [ 139.634522, 35.698616 ], [ 139.634359, 35.698619 ], [ 139.63408, 35.698642 ], [ 139.633767, 35.698676 ], [ 139.63372, 35.698682 ], [ 139.633634, 35.698683 ], [ 139.633375, 35.698637 ], [ 139.633191, 35.698552 ], [ 139.632987, 35.698482 ], [ 139.632922, 35.69846 ], [ 139.632797, 35.698424 ], [ 139.632701, 35.698342 ], [ 139.63254, 35.698232 ], [ 139.63189, 35.697924 ], [ 139.631873, 35.697898 ], [ 139.631916, 35.697849 ], [ 139.631996, 35.697695 ], [ 139.631704, 35.69753 ], [ 139.631532, 35.697456 ], [ 139.631506, 35.697444 ], [ 139.631168, 35.697284 ], [ 139.631001, 35.697183 ], [ 139.630923, 35.697122 ], [ 139.630679, 35.69683 ], [ 139.630563, 35.696705 ], [ 139.630422, 35.696601 ], [ 139.630195, 35.696483 ], [ 139.630082, 35.69643 ], [ 139.629935, 35.69636 ], [ 139.629672, 35.696268 ], [ 139.62955, 35.696223 ], [ 139.629289, 35.696104 ], [ 139.629158, 35.696023 ], [ 139.629009, 35.695906 ], [ 139.628954, 35.695939 ], [ 139.628883, 35.696051 ], [ 139.628865, 35.696205 ], [ 139.628847, 35.696299 ], [ 139.628824, 35.69642 ], [ 139.62871, 35.696759 ], [ 139.62862, 35.696964 ], [ 139.628565, 35.69709 ], [ 139.628523, 35.697187 ], [ 139.628508, 35.697221 ], [ 139.6285, 35.697396 ], [ 139.628512, 35.69768 ], [ 139.628445, 35.697917 ], [ 139.628384, 35.698155 ], [ 139.628361, 35.698243 ], [ 139.628344, 35.69846 ], [ 139.628317, 35.698716 ], [ 139.628267, 35.698966 ], [ 139.628184, 35.69938 ], [ 139.628147, 35.699577 ], [ 139.628141, 35.700067 ], [ 139.628145, 35.700136 ], [ 139.628187, 35.700788 ], [ 139.628195, 35.70084 ], [ 139.628252, 35.701238 ], [ 139.628216, 35.701308 ], [ 139.628043, 35.701377 ], [ 139.628029, 35.701382 ], [ 139.62813, 35.701949 ], [ 139.628184, 35.70225 ], [ 139.628213, 35.702415 ], [ 139.628284, 35.702614 ], [ 139.628396, 35.702739 ], [ 139.628918, 35.702433 ], [ 139.629094, 35.702334 ], [ 139.629389, 35.702166 ], [ 139.629527, 35.702088 ], [ 139.629825, 35.70192 ], [ 139.630195, 35.701746 ], [ 139.63043, 35.701632 ], [ 139.630698, 35.701506 ], [ 139.630808, 35.701456 ], [ 139.631044, 35.701352 ], [ 139.631255, 35.701263 ], [ 139.631521, 35.701151 ], [ 139.631546, 35.70114 ], [ 139.631801, 35.701042 ], [ 139.63184, 35.701028 ], [ 139.631851, 35.701023 ], [ 139.632168, 35.700887 ], [ 139.632253, 35.70085 ], [ 139.632755, 35.700646 ], [ 139.632884, 35.700595 ], [ 139.633051, 35.700529 ], [ 139.633334, 35.700414 ], [ 139.634016, 35.700136 ], [ 139.634164, 35.700076 ], [ 139.63456, 35.699917 ], [ 139.634658, 35.699878 ], [ 139.635085, 35.699707 ], [ 139.635133, 35.699688 ], [ 139.635616, 35.699494 ], [ 139.635609, 35.699468 ], [ 139.635596, 35.699362 ], [ 139.635526, 35.699175 ], [ 139.635415, 35.698932 ], [ 139.635361, 35.698837 ], [ 139.635188, 35.698533 ] ] ] } },
{ "type": "Feature", "properties": { "key": "杉並区|成田西1丁目", "ward": "杉並区", "town": "成田西１丁目" }, "geometry": { "type": "Polygon", "coordinates": [ [ [ 139.635548, 35.686081 ], [ 139.63577, 35.686091 ], [ 139.636017, 35.686093 ], [ 139.636042, 35.686105 ], [ 139.636337, 35.686111 ], [ 139.636513, 35.686108 ], [ 139.636657, 35.68611 ], [ 139.637129, 35.685968 ], [ 139.637641, 35.68581 ], [ 139.637645, 35.685741 ], [ 139.637639, 35.685557 ], [ 139.637618, 35.685467 ], [ 139.637822, 35.685136 ], [ 139.637735, 35.684968 ], [ 139.637699, 35.684739 ], [ 139.637685, 35.684634 ], [ 139.637651, 35.684298 ], [ 139.637571, 35.684109 ], [ 139.637425, 35.683798 ], [ 139.637271, 35.683463 ], [ 139.637173, 35.683082 ], [ 139.637132, 35.682958 ], [ 139.637079, 35.682919 ], [ 139.636284, 35.68345 ], [ 139.636157, 35.683521 ], [ 139.635893, 35.683669 ], [ 139.635847, 35.683693 ], [ 139.635607, 35.683804 ], [ 139.635315, 35.683947 ], [ 139.635137, 35.684023 ], [ 139.634792, 35.684209 ], [ 139.634534, 35.684349 ], [ 139.634241, 35.684502 ], [ 139.633799, 35.684734 ], [ 139.633795, 35.684735 ], [ 139.633636, 35.684816 ], [ 139.632957, 35.685082 ], [ 139.63245, 35.685283 ], [ 139.632231, 35.685369 ], [ 139.631919, 35.685489 ], [ 139.631905, 35.685495 ], [ 139.631436, 35.685675 ], [ 139.631269, 35.685739 ], [ 139.630987, 35.685849 ], [ 139.630845, 35.685904 ], [ 139.630631, 35.685993 ], [ 139.630032, 35.686219 ], [ 139.630022, 35.686226 ], [ 139.630094, 35.686641 ], [ 139.630165, 35.687046 ], [ 139.630243, 35.687493 ], [ 139.630203, 35.687604 ], [ 139.630134, 35.687791 ], [ 139.630124, 35.687855 ], [ 139.630224, 35.688296 ], [ 139.630279, 35.68848 ], [ 139.630328, 35.688646 ], [ 139.63038, 35.688785 ], [ 139.630396, 35.68883 ], [ 139.630445, 35.689206 ], [ 139.630452, 35.689318 ], [ 139.630315, 35.689696 ], [ 139.630225, 35.68989 ], [ 139.630241, 35.690042 ], [ 139.630283, 35.690117 ], [ 139.630443, 35.690359 ], [ 139.630734, 35.690837 ], [ 139.630803, 35.690968 ], [ 139.630881, 35.690997 ], [ 139.63117, 35.691078 ], [ 139.631559, 35.691218 ], [ 139.632175, 35.691488 ], [ 139.632303, 35.691543 ], [ 139.632797, 35.69176 ], [ 139.63299, 35.691828 ], [ 139.633078, 35.691844 ], [ 139.633224, 35.691858 ], [ 139.633441, 35.691845 ], [ 139.6332, 35.691289 ], [ 139.633006, 35.690855 ], [ 139.632834, 35.690462 ], [ 139.632771, 35.690281 ], [ 139.632729, 35.690085 ], [ 139.632757, 35.68988 ], [ 139.632764, 35.689598 ], [ 139.632651, 35.689201 ], [ 139.632525, 35.688828 ], [ 139.63249, 35.688697 ], [ 139.632495, 35.688687 ], [ 139.632404, 35.68843 ], [ 139.632372, 35.688185 ], [ 139.63238, 35.688036 ], [ 139.632429, 35.68789 ], [ 139.632513, 35.687768 ], [ 139.632755, 35.687504 ], [ 139.632906, 35.687348 ], [ 139.632962, 35.687289 ], [ 139.63313, 35.687119 ], [ 139.633368, 35.686884 ], [ 139.633692, 35.686681 ], [ 139.633874, 35.686597 ], [ 139.634095, 35.686487 ], [ 139.634499, 35.686268 ], [ 139.634782, 35.686142 ], [ 139.634949, 35.686103 ], [ 139.635085, 35.686089 ], [ 139.635548, 35.686081 ] ] ] } },
{ "type": "Feature", "properties": { "key": "杉並区|成田西2丁目", "ward": "杉並区", "town": "成田西２丁目" }, "geometry": { "type": "Polygon", "coordinates": [ [ [ 139.630443, 35.690359 ], [ 139.630283, 35.690117 ], [ 139.630241, 35.690042 ], [ 139.630225, 35.68989 ], [ 139.630315, 35.689696 ], [ 139.630452, 35.689318 ], [ 139.630445, 35.689206 ], [ 139.630396, 35.68883 ], [ 139.63038, 35.688785 ], [ 139.630328, 35.688646 ], [ 139.630279, 35.68848 ], [ 139.630224, 35.688296 ], [ 139.630124, 35.687855 ], [ 139.630134, 35.687791 ], [ 139.630203, 35.687604 ], [ 139.630243, 35.687493 ], [ 139.630165, 35.687046 ], [ 139.630094, 35.686641 ], [ 139.630022, 35.686226 ], [ 139.629296, 35.686516 ], [ 139.629291, 35.686518 ], [ 139.628732, 35.686755 ], [ 139.628286, 35.686971 ], [ 139.628035, 35.687056 ], [ 139.627841, 35.687123 ], [ 139.627135, 35.687368 ], [ 139.627013, 35.687407 ], [ 139.626408, 35.687601 ], [ 139.625956, 35.687799 ], [ 139.625867, 35.687834 ], [ 139.625442, 35.687999 ], [ 139.624984, 35.688185 ], [ 139.624976, 35.688189 ], [ 139.624522, 35.688406 ], [ 139.624467, 35.688444 ], [ 139.624186, 35.688612 ], [ 139.623782, 35.688832 ], [ 139.623495, 35.688965 ], [ 139.623046, 35.689179 ], [ 139.622859, 35.689258 ], [ 139.622755, 35.689304 ], [ 139.622617, 35.68936 ], [ 139.622539, 35.689392 ], [ 139.622284, 35.689489 ], [ 139.622192, 35.689524 ], [ 139.622027, 35.689632 ], [ 139.621942, 35.689712 ], [ 139.621441, 35.690063 ], [ 139.621407, 35.6901 ], [ 139.621576, 35.690139 ], [ 139.621716, 35.690192 ], [ 139.622144, 35.690328 ], [ 139.622734, 35.690536 ], [ 139.62287, 35.690562 ], [ 139.623164, 35.69055 ], [ 139.623453, 35.690538 ], [ 139.623683, 35.690533 ], [ 139.623873, 35.69054 ], [ 139.624179, 35.690535 ], [ 139.624528, 35.690548 ], [ 139.624683, 35.690581 ], [ 139.624948, 35.69071 ], [ 139.625114, 35.690749 ], [ 139.625489, 35.690799 ], [ 139.625584, 35.69082 ], [ 139.626158, 35.69078 ], [ 139.626545, 35.690768 ], [ 139.62681, 35.690745 ], [ 139.626907, 35.690737 ], [ 139.627124, 35.690717 ], [ 139.627348, 35.69068 ], [ 139.627713, 35.690646 ], [ 139.627822, 35.690635 ], [ 139.628118, 35.690647 ], [ 139.62842, 35.690663 ], [ 139.628714, 35.69069 ], [ 139.628876, 35.690702 ], [ 139.629309, 35.690695 ], [ 139.62971, 35.690715 ], [ 139.629725, 35.690716 ], [ 139.630132, 35.690782 ], [ 139.630341, 35.690836 ], [ 139.630639, 35.690926 ], [ 139.630803, 35.690968 ], [ 139.630734, 35.690837 ], [ 139.630443, 35.690359 ] ] ] } },
{ "type": "Feature", "properties": { "key": "杉並区|成田西3丁目", "ward": "杉並区", "town": "成田西３丁目" }, "geometry": { "type": "Polygon", "coordinates": [ [ [ 139.633449, 35.691848 ], [ 139.633441, 35.691845 ], [ 139.633224, 35.691858 ], [ 139.633078, 35.691844 ], [ 139.63299, 35.691828 ], [ 139.632797, 35.69176 ], [ 139.632303, 35.691543 ], [ 139.632175, 35.691488 ], [ 139.631559, 35.691218 ], [ 139.63117, 35.691078 ], [ 139.630881, 35.690997 ], [ 139.630803, 35.690968 ], [ 139.630639, 35.690926 ], [ 139.630341, 35.690836 ], [ 139.630132, 35.690782 ], [ 139.629725, 35.690716 ], [ 139.62971, 35.690715 ], [ 139.629309, 35.690695 ], [ 139.628876, 35.690702 ], [ 139.628714, 35.69069 ], [ 139.62842, 35.690663 ], [ 139.628118, 35.690647 ], [ 139.627822, 35.690635 ], [ 139.627713, 35.690646 ], [ 139.627348, 35.69068 ], [ 139.627124, 35.690717 ], [ 139.626907, 35.690737 ], [ 139.62681, 35.690745 ], [ 139.626545, 35.690768 ], [ 139.626158, 35.69078 ], [ 139.625584, 35.69082 ], [ 139.625489, 35.690799 ], [ 139.625114, 35.690749 ], [ 139.624948, 35.69071 ], [ 139.624683, 35.690581 ], [ 139.624528, 35.690548 ], [ 139.624179, 35.690535 ], [ 139.623873, 35.69054 ], [ 139.623683, 35.690533 ], [ 139.623453, 35.690538 ], [ 139.623164, 35.69055 ], [ 139.62287, 35.690562 ], [ 139.622734, 35.690536 ], [ 139.622144, 35.690328 ], [ 139.621716, 35.690192 ], [ 139.621576, 35.690139 ], [ 139.621407, 35.6901 ], [ 139.621397, 35.690112 ], [ 139.62132, 35.690169 ], [ 139.62151, 35.690437 ], [ 139.621754, 35.690763 ], [ 139.621865, 35.690926 ], [ 139.622026, 35.691137 ], [ 139.622189, 35.691323 ], [ 139.622245, 35.691369 ], [ 139.622556, 35.691525 ], [ 139.622719, 35.6916 ], [ 139.622782, 35.691637 ], [ 139.623027, 35.691784 ], [ 139.623181, 35.691864 ], [ 139.623637, 35.692097 ], [ 139.623971, 35.692367 ], [ 139.624032, 35.692422 ], [ 139.624255, 35.692655 ], [ 139.624301, 35.692744 ], [ 139.624347, 35.692824 ], [ 139.624419, 35.692889 ], [ 139.624549, 35.692916 ], [ 139.624642, 35.692905 ], [ 139.624752, 35.692888 ], [ 139.624924, 35.692509 ], [ 139.62516, 35.692114 ], [ 139.625372, 35.691825 ], [ 139.625505, 35.691639 ], [ 139.62569, 35.691487 ], [ 139.625795, 35.691412 ], [ 139.625902, 35.691356 ], [ 139.626059, 35.691323 ], [ 139.626184, 35.691314 ], [ 139.626336, 35.691321 ], [ 139.62658, 35.691388 ], [ 139.626796, 35.691538 ], [ 139.627203, 35.691939 ], [ 139.627471, 35.692172 ], [ 139.627556, 35.692265 ], [ 139.627794, 35.692443 ], [ 139.628198, 35.692603 ], [ 139.62846, 35.692688 ], [ 139.628999, 35.692883 ], [ 139.629309, 35.692982 ], [ 139.629646, 35.693107 ], [ 139.629791, 35.693174 ], [ 139.629996, 35.693317 ], [ 139.630132, 35.693457 ], [ 139.630237, 35.693683 ], [ 139.630325, 35.693924 ], [ 139.630397, 35.694068 ], [ 139.630499, 35.694193 ], [ 139.630682, 35.694335 ], [ 139.630882, 35.694472 ], [ 139.631245, 35.694696 ], [ 139.631756, 35.69501 ], [ 139.632117, 35.695243 ], [ 139.63225, 35.69532 ], [ 139.632432, 35.695364 ], [ 139.632433, 35.695377 ], [ 139.632722, 35.695356 ], [ 139.632897, 35.695288 ], [ 139.633029, 35.695212 ], [ 139.633136, 35.695117 ], [ 139.633182, 35.695056 ], [ 139.633247, 35.694944 ], [ 139.633422, 35.694728 ], [ 139.633756, 35.694255 ], [ 139.633778, 35.694225 ], [ 139.634017, 35.693817 ], [ 139.634056, 35.693682 ], [ 139.634059, 35.69345 ], [ 139.634036, 35.693323 ], [ 139.633976, 35.693141 ], [ 139.633651, 35.692331 ], [ 139.633449, 35.691848 ] ] ] } },
{ "type": "Feature", "properties": { "key": "杉並区|成田西4丁目", "ward": "杉並区", "town": "成田西４丁目" }, "geometry": { "type": "Polygon", "coordinates": [ [ [ 139.628198, 35.692603 ], [ 139.627794, 35.692443 ], [ 139.627556, 35.692265 ], [ 139.627471, 35.692172 ], [ 139.627203, 35.691939 ], [ 139.626796, 35.691538 ], [ 139.62658, 35.691388 ], [ 139.626336, 35.691321 ], [ 139.626184, 35.691314 ], [ 139.626059, 35.691323 ], [ 139.625902, 35.691356 ], [ 139.625795, 35.691412 ], [ 139.62569, 35.691487 ], [ 139.625505, 35.691639 ], [ 139.625372, 35.691825 ], [ 139.62516, 35.692114 ], [ 139.624924, 35.692509 ], [ 139.624752, 35.692888 ], [ 139.624965, 35.692851 ], [ 139.625491, 35.692696 ], [ 139.625661, 35.692652 ], [ 139.625804, 35.692648 ], [ 139.625917, 35.692665 ], [ 139.6262, 35.692687 ], [ 139.62657, 35.692871 ], [ 139.626696, 35.692937 ], [ 139.627022, 35.693133 ], [ 139.627175, 35.693272 ], [ 139.6274, 35.69347 ], [ 139.627549, 35.693595 ], [ 139.627634, 35.693683 ], [ 139.62771, 35.693793 ], [ 139.627832, 35.694152 ], [ 139.62789, 35.694302 ], [ 139.628256, 35.694679 ], [ 139.628353, 35.694794 ], [ 139.628685, 35.695276 ], [ 139.628667, 35.695291 ], [ 139.628739, 35.695394 ], [ 139.628802, 35.695522 ], [ 139.628849, 35.695565 ], [ 139.628947, 35.695779 ], [ 139.629009, 35.695906 ], [ 139.629158, 35.696023 ], [ 139.629289, 35.696104 ], [ 139.62955, 35.696223 ], [ 139.629672, 35.696268 ], [ 139.629935, 35.69636 ], [ 139.630082, 35.69643 ], [ 139.630195, 35.696483 ], [ 139.630422, 35.696601 ], [ 139.630563, 35.696705 ], [ 139.630679, 35.69683 ], [ 139.630923, 35.697122 ], [ 139.631001, 35.697183 ], [ 139.631168, 35.697284 ], [ 139.631506, 35.697444 ], [ 139.631532, 35.697456 ], [ 139.631704, 35.69753 ], [ 139.631996, 35.697695 ], [ 139.632021, 35.697643 ], [ 139.632068, 35.697501 ], [ 139.632101, 35.697275 ], [ 139.632102, 35.697272 ], [ 139.632131, 35.697138 ], [ 139.632144, 35.697083 ], [ 139.632198, 35.6968 ], [ 139.632275, 35.696393 ], [ 139.632295, 35.69629 ], [ 139.632335, 35.696059 ], [ 139.632342, 35.696005 ], [ 139.632362, 35.69585 ], [ 139.632398, 35.695611 ], [ 139.6324, 35.69538 ], [ 139.632433, 35.695377 ], [ 139.632432, 35.695364 ], [ 139.63225, 35.69532 ], [ 139.632117, 35.695243 ], [ 139.631756, 35.69501 ], [ 139.631245, 35.694696 ], [ 139.630882, 35.694472 ], [ 139.630682, 35.694335 ], [ 139.630499, 35.694193 ], [ 139.630397, 35.694068 ], [ 139.630325, 35.693924 ], [ 139.630237, 35.693683 ], [ 139.630132, 35.693457 ], [ 139.629996, 35.693317 ], [ 139.629791, 35.693174 ], [ 139.629646, 35.693107 ], [ 139.629309, 35.692982 ], [ 139.628999, 35.692883 ], [ 139.62846, 35.692688 ], [ 139.628198, 35.692603 ] ] ] } },
{ "type": "Feature", "properties": { "key": "杉並区|荻窪1丁目", "ward": "杉並区", "town": "荻窪１丁目" }, "geometry": { "type": "Polygon", "coordinates": [ [ [ 139.628353, 35.694794 ], [ 139.628256, 35.694679 ], [ 139.62789, 35.694302 ], [ 139.627832, 35.694152 ], [ 139.62771, 35.693793 ], [ 139.627634, 35.693683 ], [ 139.627549, 35.693595 ], [ 139.6274, 35.69347 ], [ 139.627175, 35.693272 ], [ 139.627022, 35.693133 ], [ 139.626696, 35.692937 ], [ 139.62657, 35.692871 ], [ 139.6262, 35.692687 ], [ 139.625917, 35.692665 ], [ 139.625804, 35.692648 ], [ 139.625661, 35.692652 ], [ 139.625491, 35.692696 ], [ 139.624965, 35.692851 ], [ 139.624752, 35.692888 ], [ 139.624642, 35.692905 ], [ 139.624549, 35.692916 ], [ 139.624419, 35.692889 ], [ 139.624347, 35.692824 ], [ 139.624301, 35.692744 ], [ 139.624255, 35.692655 ], [ 139.624032, 35.692422 ], [ 139.623971, 35.692367 ], [ 139.623637, 35.692097 ], [ 139.623181, 35.691864 ], [ 139.623027, 35.691784 ], [ 139.622782, 35.691637 ], [ 139.622719, 35.6916 ], [ 139.622556, 35.691525 ], [ 139.622245, 35.691369 ], [ 139.622189, 35.691323 ], [ 139.622026, 35.691137 ], [ 139.621865, 35.690926 ], [ 139.621754, 35.690763 ], [ 139.62151, 35.690437 ], [ 139.62132, 35.690169 ], [ 139.621211, 35.690276 ], [ 139.62086, 35.690581 ], [ 139.620678, 35.69069 ], [ 139.620599, 35.690741 ], [ 139.620314, 35.690923 ], [ 139.620059, 35.691068 ], [ 139.61982, 35.691231 ], [ 139.619379, 35.691474 ], [ 139.618963, 35.691625 ], [ 139.618671, 35.691721 ], [ 139.61839, 35.691822 ], [ 139.618047, 35.691997 ], [ 139.617944, 35.692063 ], [ 139.617936, 35.692068 ], [ 139.617655, 35.692267 ], [ 139.617341, 35.692477 ], [ 139.61693, 35.69274 ], [ 139.616929, 35.69276 ], [ 139.616997, 35.693075 ], [ 139.6171, 35.693513 ], [ 139.617101, 35.693569 ], [ 139.617207, 35.693897 ], [ 139.617216, 35.693927 ], [ 139.617296, 35.694184 ], [ 139.617393, 35.694506 ], [ 139.618037, 35.694377 ], [ 139.618298, 35.694448 ], [ 139.618604, 35.694535 ], [ 139.619017, 35.694653 ], [ 139.619352, 35.694772 ], [ 139.619744, 35.694911 ], [ 139.620043, 35.69501 ], [ 139.620159, 35.695059 ], [ 139.620339, 35.695062 ], [ 139.621091, 35.69512 ], [ 139.621104, 35.695124 ], [ 139.62169, 35.695312 ], [ 139.622249, 35.695493 ], [ 139.622527, 35.695455 ], [ 139.622958, 35.695395 ], [ 139.622966, 35.695394 ], [ 139.623386, 35.695333 ], [ 139.623421, 35.695328 ], [ 139.623967, 35.69525 ], [ 139.623999, 35.695248 ], [ 139.624245, 35.695251 ], [ 139.624252, 35.695252 ], [ 139.624347, 35.695274 ], [ 139.624717, 35.695412 ], [ 139.624973, 35.695494 ], [ 139.625167, 35.695561 ], [ 139.625506, 35.695617 ], [ 139.626071, 35.695665 ], [ 139.626273, 35.695675 ], [ 139.626381, 35.695677 ], [ 139.626568, 35.695681 ], [ 139.626805, 35.695689 ], [ 139.627179, 35.69569 ], [ 139.627362, 35.695667 ], [ 139.627364, 35.695663 ], [ 139.627614, 35.695642 ], [ 139.628005, 35.695583 ], [ 139.628021, 35.695568 ], [ 139.628667, 35.695291 ], [ 139.628685, 35.695276 ], [ 139.628353, 35.694794 ] ] ] } },
{ "type": "Feature", "properties": { "key": "杉並区|荻窪2丁目", "ward": "杉並区", "town": "荻窪２丁目" }, "geometry": { "type": "Polygon", "coordinates": [ [ [ 139.623421, 35.695328 ], [ 139.623386, 35.695333 ], [ 139.622966, 35.695394 ], [ 139.622958, 35.695395 ], [ 139.622527, 35.695455 ], [ 139.622249, 35.695493 ], [ 139.62169, 35.695312 ], [ 139.621104, 35.695124 ], [ 139.621091, 35.69512 ], [ 139.620339, 35.695062 ], [ 139.620159, 35.695059 ], [ 139.620043, 35.69501 ], [ 139.619744, 35.694911 ], [ 139.619352, 35.694772 ], [ 139.619017, 35.694653 ], [ 139.618604, 35.694535 ], [ 139.618298, 35.694448 ], [ 139.618037, 35.694377 ], [ 139.617393, 35.694506 ], [ 139.617526, 35.694991 ], [ 139.617571, 35.695151 ], [ 139.617577, 35.695172 ], [ 139.617861, 35.69611 ], [ 139.617874, 35.696217 ], [ 139.617836, 35.696438 ], [ 139.617766, 35.696843 ], [ 139.617711, 35.69716 ], [ 139.617707, 35.697184 ], [ 139.617618, 35.697691 ], [ 139.617616, 35.697704 ], [ 139.617532, 35.698178 ], [ 139.61753, 35.698191 ], [ 139.617461, 35.698578 ], [ 139.617421, 35.698813 ], [ 139.617419, 35.698842 ], [ 139.617638, 35.698849 ], [ 139.61782, 35.698855 ], [ 139.617937, 35.698859 ], [ 139.618102, 35.698865 ], [ 139.618196, 35.698868 ], [ 139.618331, 35.698872 ], [ 139.618615, 35.69888 ], [ 139.618901, 35.698887 ], [ 139.619333, 35.698899 ], [ 139.619462, 35.698919 ], [ 139.619468, 35.69892 ], [ 139.619688, 35.698961 ], [ 139.620123, 35.699026 ], [ 139.620416, 35.699074 ], [ 139.620581, 35.699099 ], [ 139.621065, 35.699176 ], [ 139.62108, 35.699177 ], [ 139.621507, 35.699211 ], [ 139.621654, 35.699239 ], [ 139.621782, 35.699287 ], [ 139.621948, 35.699392 ], [ 139.622028, 35.699514 ], [ 139.622422, 35.700089 ], [ 139.622536, 35.700264 ], [ 139.622617, 35.700361 ], [ 139.622647, 35.700429 ], [ 139.623392, 35.700113 ], [ 139.623928, 35.699881 ], [ 139.623708, 35.69952 ], [ 139.623714, 35.699268 ], [ 139.62363, 35.69901 ], [ 139.623545, 35.698806 ], [ 139.623591, 35.698656 ], [ 139.62363, 35.698377 ], [ 139.623646, 35.698129 ], [ 139.623634, 35.698051 ], [ 139.623526, 35.697783 ], [ 139.623511, 35.697685 ], [ 139.623502, 35.697334 ], [ 139.62349, 35.697189 ], [ 139.623488, 35.697166 ], [ 139.623492, 35.697036 ], [ 139.623502, 35.696836 ], [ 139.6235, 35.696613 ], [ 139.623511, 35.696443 ], [ 139.623513, 35.696403 ], [ 139.623529, 35.69603 ], [ 139.623516, 35.695892 ], [ 139.62348, 35.695745 ], [ 139.623421, 35.695328 ] ] ] } },
{ "type": "Feature", "properties": { "key": "杉並区|荻窪3丁目", "ward": "杉並区", "town": "荻窪３丁目" }, "geometry": { "type": "Polygon", "coordinates": [ [ [ 139.626909, 35.703509 ], [ 139.62703, 35.703516 ], [ 139.627042, 35.703519 ], [ 139.627112, 35.703481 ], [ 139.627467, 35.703323 ], [ 139.627784, 35.703154 ], [ 139.628015, 35.703005 ], [ 139.628265, 35.702828 ], [ 139.628396, 35.702739 ], [ 139.628284, 35.702614 ], [ 139.628213, 35.702415 ], [ 139.628184, 35.70225 ], [ 139.62813, 35.701949 ], [ 139.628029, 35.701382 ], [ 139.628043, 35.701377 ], [ 139.628216, 35.701308 ], [ 139.628252, 35.701238 ], [ 139.628195, 35.70084 ], [ 139.628187, 35.700788 ], [ 139.628145, 35.700136 ], [ 139.628141, 35.700067 ], [ 139.628147, 35.699577 ], [ 139.628184, 35.69938 ], [ 139.628267, 35.698966 ], [ 139.628317, 35.698716 ], [ 139.628344, 35.69846 ], [ 139.628361, 35.698243 ], [ 139.628384, 35.698155 ], [ 139.628445, 35.697917 ], [ 139.628512, 35.69768 ], [ 139.6285, 35.697396 ], [ 139.628508, 35.697221 ], [ 139.628523, 35.697187 ], [ 139.628565, 35.69709 ], [ 139.62862, 35.696964 ], [ 139.62871, 35.696759 ], [ 139.628824, 35.69642 ], [ 139.628847, 35.696299 ], [ 139.628865, 35.696205 ], [ 139.628883, 35.696051 ], [ 139.628954, 35.695939 ], [ 139.629009, 35.695906 ], [ 139.628947, 35.695779 ], [ 139.628849, 35.695565 ], [ 139.628802, 35.695522 ], [ 139.628739, 35.695394 ], [ 139.628667, 35.695291 ], [ 139.628021, 35.695568 ], [ 139.628005, 35.695583 ], [ 139.627614, 35.695642 ], [ 139.627364, 35.695663 ], [ 139.627362, 35.695667 ], [ 139.627179, 35.69569 ], [ 139.626805, 35.695689 ], [ 139.626568, 35.695681 ], [ 139.626381, 35.695677 ], [ 139.626273, 35.695675 ], [ 139.626071, 35.695665 ], [ 139.625506, 35.695617 ], [ 139.625167, 35.695561 ], [ 139.624973, 35.695494 ], [ 139.624717, 35.695412 ], [ 139.624347, 35.695274 ], [ 139.624252, 35.695252 ], [ 139.624245, 35.695251 ], [ 139.623999, 35.695248 ], [ 139.623967, 35.69525 ], [ 139.623421, 35.695328 ], [ 139.62348, 35.695745 ], [ 139.623516, 35.695892 ], [ 139.623529, 35.69603 ], [ 139.623513, 35.696403 ], [ 139.623511, 35.696443 ], [ 139.6235, 35.696613 ], [ 139.623502, 35.696836 ], [ 139.623492, 35.697036 ], [ 139.623488, 35.697166 ], [ 139.62349, 35.697189 ], [ 139.623502, 35.697334 ], [ 139.623511, 35.697685 ], [ 139.623526, 35.697783 ], [ 139.623634, 35.698051 ], [ 139.623646, 35.698129 ], [ 139.62363, 35.698377 ], [ 139.623591, 35.698656 ], [ 139.623545, 35.698806 ], [ 139.62363, 35.69901 ], [ 139.623714, 35.699268 ], [ 139.623708, 35.69952 ], [ 139.623928, 35.699881 ], [ 139.623392, 35.700113 ], [ 139.622647, 35.700429 ], [ 139.622956, 35.700703 ], [ 139.623107, 35.700826 ], [ 139.623565, 35.701187 ], [ 139.623571, 35.701192 ], [ 139.62416, 35.70162 ], [ 139.624336, 35.701795 ], [ 139.624606, 35.702076 ], [ 139.624734, 35.702237 ], [ 139.624931, 35.702536 ], [ 139.624937, 35.702545 ], [ 139.625264, 35.7031 ], [ 139.625272, 35.70312 ], [ 139.625517, 35.703732 ], [ 139.625552, 35.703724 ], [ 139.625868, 35.703651 ], [ 139.626187, 35.703578 ], [ 139.626341, 35.703542 ], [ 139.62667, 35.703519 ], [ 139.626909, 35.703509 ] ] ] } },
{ "type": "Feature", "properties": { "key": "杉並区|荻窪4丁目", "ward": "杉並区", "town": "荻窪４丁目" }, "geometry": { "type": "Polygon", "coordinates": [ [ [ 139.62656, 35.703725 ], [ 139.627042, 35.703519 ], [ 139.62703, 35.703516 ], [ 139.626909, 35.703509 ], [ 139.62667, 35.703519 ], [ 139.626341, 35.703542 ], [ 139.626187, 35.703578 ], [ 139.625868, 35.703651 ], [ 139.625552, 35.703724 ], [ 139.625517, 35.703732 ], [ 139.625272, 35.70312 ], [ 139.625264, 35.7031 ], [ 139.624937, 35.702545 ], [ 139.624931, 35.702536 ], [ 139.624734, 35.702237 ], [ 139.624606, 35.702076 ], [ 139.624336, 35.701795 ], [ 139.62416, 35.70162 ], [ 139.623571, 35.701192 ], [ 139.623565, 35.701187 ], [ 139.623107, 35.700826 ], [ 139.622956, 35.700703 ], [ 139.622647, 35.700429 ], [ 139.622617, 35.700361 ], [ 139.622536, 35.700264 ], [ 139.622422, 35.700089 ], [ 139.622028, 35.699514 ], [ 139.621948, 35.699392 ], [ 139.621782, 35.699287 ], [ 139.621654, 35.699239 ], [ 139.621507, 35.699211 ], [ 139.62108, 35.699177 ], [ 139.621065, 35.699176 ], [ 139.620581, 35.699099 ], [ 139.620416, 35.699074 ], [ 139.620123, 35.699026 ], [ 139.619688, 35.698961 ], [ 139.619468, 35.69892 ], [ 139.619462, 35.698919 ], [ 139.619333, 35.698899 ], [ 139.618901, 35.698887 ], [ 139.618615, 35.69888 ], [ 139.618331, 35.698872 ], [ 139.618196, 35.698868 ], [ 139.618102, 35.698865 ], [ 139.617937, 35.698859 ], [ 139.61782, 35.698855 ], [ 139.617638, 35.698849 ], [ 139.617419, 35.698842 ], [ 139.617319, 35.699421 ], [ 139.617317, 35.699456 ], [ 139.617247, 35.699923 ], [ 139.617574, 35.700135 ], [ 139.617687, 35.700204 ], [ 139.61818, 35.700507 ], [ 139.618566, 35.700732 ], [ 139.618776, 35.700856 ], [ 139.619334, 35.701174 ], [ 139.619882, 35.701533 ], [ 139.620343, 35.701855 ], [ 139.620489, 35.701961 ], [ 139.620804, 35.702191 ], [ 139.621156, 35.702445 ], [ 139.621238, 35.702493 ], [ 139.621417, 35.702698 ], [ 139.62143, 35.702713 ], [ 139.621542, 35.70283 ], [ 139.621726, 35.703023 ], [ 139.621976, 35.70329 ], [ 139.622317, 35.703539 ], [ 139.622368, 35.703591 ], [ 139.622376, 35.703612 ], [ 139.62243, 35.703748 ], [ 139.622436, 35.703842 ], [ 139.622415, 35.704392 ], [ 139.622407, 35.704577 ], [ 139.623212, 35.70459 ], [ 139.623455, 35.704595 ], [ 139.623811, 35.704613 ], [ 139.624419, 35.70463 ], [ 139.624431, 35.704638 ], [ 139.624498, 35.70462 ], [ 139.624565, 35.704591 ], [ 139.624835, 35.704476 ], [ 139.625162, 35.704336 ], [ 139.625516, 35.704173 ], [ 139.625579, 35.704143 ], [ 139.625811, 35.704048 ], [ 139.62656, 35.703725 ] ] ] } },
{ "type": "Feature", "properties": { "key": "杉並区|荻窪5丁目", "ward": "杉並区", "town": "荻窪５丁目" }, "geometry": { "type": "Polygon", "coordinates": [ [ [ 139.622216, 35.704575 ], [ 139.622407, 35.704577 ], [ 139.622415, 35.704392 ], [ 139.622436, 35.703842 ], [ 139.62243, 35.703748 ], [ 139.622376, 35.703612 ], [ 139.622368, 35.703591 ], [ 139.622317, 35.703539 ], [ 139.621976, 35.70329 ], [ 139.621726, 35.703023 ], [ 139.621542, 35.70283 ], [ 139.62143, 35.702713 ], [ 139.621417, 35.702698 ], [ 139.621238, 35.702493 ], [ 139.621156, 35.702445 ], [ 139.620804, 35.702191 ], [ 139.620489, 35.701961 ], [ 139.620343, 35.701855 ], [ 139.619882, 35.701533 ], [ 139.619334, 35.701174 ], [ 139.618776, 35.700856 ], [ 139.618566, 35.700732 ], [ 139.61818, 35.700507 ], [ 139.617687, 35.700204 ], [ 139.617574, 35.700135 ], [ 139.617247, 35.699923 ], [ 139.61709, 35.700539 ], [ 139.617003, 35.700895 ], [ 139.61697, 35.701089 ], [ 139.61695, 35.701128 ], [ 139.616906, 35.701315 ], [ 139.616931, 35.701302 ], [ 139.616823, 35.701708 ], [ 139.616817, 35.70173 ], [ 139.616643, 35.702384 ], [ 139.61661, 35.702508 ], [ 139.616489, 35.702962 ], [ 139.61648, 35.703 ], [ 139.616412, 35.703251 ], [ 139.616205, 35.704027 ], [ 139.616175, 35.704148 ], [ 139.616114, 35.704395 ], [ 139.616344, 35.704411 ], [ 139.616593, 35.704428 ], [ 139.616795, 35.70445 ], [ 139.617839, 35.704537 ], [ 139.618145, 35.70456 ], [ 139.618507, 35.704567 ], [ 139.619026, 35.704593 ], [ 139.619446, 35.704613 ], [ 139.620656, 35.704629 ], [ 139.62151, 35.704591 ], [ 139.621926, 35.704583 ], [ 139.622216, 35.704575 ] ] ] } },
{ "type": "Feature", "properties": { "key": "杉並区|南荻窪1丁目", "ward": "杉並区", "town": "南荻窪１丁目" }, "geometry": { "type": "Polygon", "coordinates": [ [ [ 139.616929, 35.69276 ], [ 139.616771, 35.692852 ], [ 139.616544, 35.693033 ], [ 139.616325, 35.693229 ], [ 139.616146, 35.693397 ], [ 139.616054, 35.69349 ], [ 139.61597, 35.69356 ], [ 139.615645, 35.693836 ], [ 139.615461, 35.693983 ], [ 139.615178, 35.694186 ], [ 139.615118, 35.694229 ], [ 139.614629, 35.694558 ], [ 139.614625, 35.69456 ], [ 139.614327, 35.694756 ], [ 139.61431, 35.694766 ], [ 139.614233, 35.694817 ], [ 139.614053, 35.694933 ], [ 139.613866, 35.695047 ], [ 139.613778, 35.695099 ], [ 139.613733, 35.695127 ], [ 139.61351, 35.69525 ], [ 139.613179, 35.695418 ], [ 139.61315, 35.695431 ], [ 139.612654, 35.695644 ], [ 139.612162, 35.695834 ], [ 139.611747, 35.695996 ], [ 139.611246, 35.696189 ], [ 139.610781, 35.696379 ], [ 139.61067, 35.696429 ], [ 139.611206, 35.696809 ], [ 139.611738, 35.697185 ], [ 139.612324, 35.697595 ], [ 139.612628, 35.697679 ], [ 139.613139, 35.697806 ], [ 139.613615, 35.697924 ], [ 139.614449, 35.698144 ], [ 139.614615, 35.698197 ], [ 139.614942, 35.69829 ], [ 139.614951, 35.698293 ], [ 139.615409, 35.698434 ], [ 139.6156, 35.698494 ], [ 139.615917, 35.698595 ], [ 139.616622, 35.698807 ], [ 139.616627, 35.698808 ], [ 139.617131, 35.698811 ], [ 139.617421, 35.698813 ], [ 139.617461, 35.698578 ], [ 139.61753, 35.698191 ], [ 139.617532, 35.698178 ], [ 139.617616, 35.697704 ], [ 139.617618, 35.697691 ], [ 139.617707, 35.697184 ], [ 139.617711, 35.69716 ], [ 139.617766, 35.696843 ], [ 139.617836, 35.696438 ], [ 139.617874, 35.696217 ], [ 139.617861, 35.69611 ], [ 139.617577, 35.695172 ], [ 139.617571, 35.695151 ], [ 139.617526, 35.694991 ], [ 139.617393, 35.694506 ], [ 139.617296, 35.694184 ], [ 139.617216, 35.693927 ], [ 139.617207, 35.693897 ], [ 139.617101, 35.693569 ], [ 139.6171, 35.693513 ], [ 139.616997, 35.693075 ], [ 139.616929, 35.69276 ] ] ] } },
{ "type": "Feature", "properties": { "key": "杉並区|南荻窪2丁目", "ward": "杉並区", "town": "南荻窪２丁目" }, "geometry": { "type": "Polygon", "coordinates": [ [ [ 139.614431, 35.698144 ], [ 139.614449, 35.698144 ], [ 139.613615, 35.697924 ], [ 139.613139, 35.697806 ], [ 139.612628, 35.697679 ], [ 139.612324, 35.697595 ], [ 139.611738, 35.697185 ], [ 139.611206, 35.696809 ], [ 139.61067, 35.696429 ], [ 139.610367, 35.69656 ], [ 139.609999, 35.69673 ], [ 139.609992, 35.696734 ], [ 139.609638, 35.696895 ], [ 139.609423, 35.696992 ], [ 139.609275, 35.697057 ], [ 139.608892, 35.697225 ], [ 139.60877, 35.697279 ], [ 139.608315, 35.697469 ], [ 139.607948, 35.697623 ], [ 139.607938, 35.697627 ], [ 139.606916, 35.69804 ], [ 139.60684, 35.698071 ], [ 139.606433, 35.698239 ], [ 139.606073, 35.698396 ], [ 139.605873, 35.698493 ], [ 139.605883, 35.698514 ], [ 139.606049, 35.698861 ], [ 139.606244, 35.699295 ], [ 139.606324, 35.699473 ], [ 139.60646, 35.699765 ], [ 139.606472, 35.699791 ], [ 139.606691, 35.700239 ], [ 139.606699, 35.700254 ], [ 139.606858, 35.700575 ], [ 139.607209, 35.701276 ], [ 139.607225, 35.701294 ], [ 139.607221, 35.701284 ], [ 139.608103, 35.70109 ], [ 139.608534, 35.701006 ], [ 139.608543, 35.701005 ], [ 139.609505, 35.700845 ], [ 139.609972, 35.70077 ], [ 139.61081, 35.700634 ], [ 139.611606, 35.700507 ], [ 139.611617, 35.700505 ], [ 139.612301, 35.700396 ], [ 139.612486, 35.700366 ], [ 139.613462, 35.700211 ], [ 139.613653, 35.699716 ], [ 139.613659, 35.699704 ], [ 139.61374, 35.699531 ], [ 139.613975, 35.69905 ], [ 139.614059, 35.698878 ], [ 139.614217, 35.698566 ], [ 139.614431, 35.698144 ] ] ] } },
{ "type": "Feature", "properties": { "key": "杉並区|南荻窪3丁目", "ward": "杉並区", "town": "南荻窪３丁目" }, "geometry": { "type": "Polygon", "coordinates": [ [ [ 139.613462, 35.700211 ], [ 139.612486, 35.700366 ], [ 139.612301, 35.700396 ], [ 139.611617, 35.700505 ], [ 139.611606, 35.700507 ], [ 139.61081, 35.700634 ], [ 139.609972, 35.70077 ], [ 139.609505, 35.700845 ], [ 139.608543, 35.701005 ], [ 139.608534, 35.701006 ], [ 139.608103, 35.70109 ], [ 139.607221, 35.701284 ], [ 139.607225, 35.701294 ], [ 139.607449, 35.701902 ], [ 139.607451, 35.701909 ], [ 139.607653, 35.702452 ], [ 139.607775, 35.702792 ], [ 139.60791, 35.703146 ], [ 139.608147, 35.703477 ], [ 139.608073, 35.703541 ], [ 139.608302, 35.703777 ], [ 139.608494, 35.703959 ], [ 139.608499, 35.703979 ], [ 139.608673, 35.704174 ], [ 139.609504, 35.704197 ], [ 139.609516, 35.704197 ], [ 139.610847, 35.704227 ], [ 139.610881, 35.704228 ], [ 139.613352, 35.704328 ], [ 139.61336, 35.704329 ], [ 139.613344, 35.704152 ], [ 139.613317, 35.703974 ], [ 139.613295, 35.703773 ], [ 139.613255, 35.703525 ], [ 139.613214, 35.703222 ], [ 139.61313, 35.70259 ], [ 139.613122, 35.702547 ], [ 139.613054, 35.702076 ], [ 139.612999, 35.701786 ], [ 139.612985, 35.701657 ], [ 139.613119, 35.701215 ], [ 139.613275, 35.700753 ], [ 139.613462, 35.700211 ] ] ] } },
{ "type": "Feature", "properties": { "key": "杉並区|南荻窪4丁目", "ward": "杉並区", "town": "南荻窪４丁目" }, "geometry": { "type": "Polygon", "coordinates": [ [ [ 139.616931, 35.701302 ], [ 139.616906, 35.701315 ], [ 139.61695, 35.701128 ], [ 139.61697, 35.701089 ], [ 139.617003, 35.700895 ], [ 139.61709, 35.700539 ], [ 139.617247, 35.699923 ], [ 139.617317, 35.699456 ], [ 139.617319, 35.699421 ], [ 139.617419, 35.698842 ], [ 139.617421, 35.698813 ], [ 139.617131, 35.698811 ], [ 139.616627, 35.698808 ], [ 139.616622, 35.698807 ], [ 139.615917, 35.698595 ], [ 139.6156, 35.698494 ], [ 139.615409, 35.698434 ], [ 139.614951, 35.698293 ], [ 139.614942, 35.69829 ], [ 139.614615, 35.698197 ], [ 139.614449, 35.698144 ], [ 139.614431, 35.698144 ], [ 139.614217, 35.698566 ], [ 139.614059, 35.698878 ], [ 139.613975, 35.69905 ], [ 139.61374, 35.699531 ], [ 139.613659, 35.699704 ], [ 139.613653, 35.699716 ], [ 139.613462, 35.700211 ], [ 139.613275, 35.700753 ], [ 139.613119, 35.701215 ], [ 139.612985, 35.701657 ], [ 139.612999, 35.701786 ], [ 139.613054, 35.702076 ], [ 139.613122, 35.702547 ], [ 139.61313, 35.70259 ], [ 139.613214, 35.703222 ], [ 139.613255, 35.703525 ], [ 139.613295, 35.703773 ], [ 139.613317, 35.703974 ], [ 139.613344, 35.704152 ], [ 139.61336, 35.704329 ], [ 139.613799, 35.704343 ], [ 139.614298, 35.704359 ], [ 139.614598, 35.704369 ], [ 139.615155, 35.704387 ], [ 139.616099, 35.704418 ], [ 139.616114, 35.704395 ], [ 139.616175, 35.704148 ], [ 139.616205, 35.704027 ], [ 139.616412, 35.703251 ], [ 139.61648, 35.703 ], [ 139.616489, 35.702962 ], [ 139.61661, 35.702508 ], [ 139.616643, 35.702384 ], [ 139.616817, 35.70173 ], [ 139.616823, 35.701708 ], [ 139.616931, 35.701302 ] ] ] } },
{ "type": "Feature", "properties": { "key": "杉並区|西荻南1丁目", "ward": "杉並区", "town": "西荻南１丁目" }, "geometry": { "type": "Polygon", "coordinates": [ [ [ 139.603607, 35.695103 ], [ 139.603466, 35.695168 ], [ 139.603448, 35.695176 ], [ 139.603175, 35.695311 ], [ 139.602872, 35.695467 ], [ 139.602783, 35.695514 ], [ 139.602527, 35.695647 ], [ 139.602421, 35.69571 ], [ 139.602216, 35.69581 ], [ 139.601933, 35.695957 ], [ 139.601614, 35.696115 ], [ 139.60148, 35.696185 ], [ 139.601255, 35.696302 ], [ 139.60091, 35.696484 ], [ 139.600807, 35.696538 ], [ 139.600736, 35.696576 ], [ 139.600525, 35.696701 ], [ 139.600264, 35.696849 ], [ 139.600753, 35.697936 ], [ 139.601162, 35.698868 ], [ 139.601687, 35.700042 ], [ 139.60217, 35.701122 ], [ 139.602453, 35.70094 ], [ 139.602501, 35.700908 ], [ 139.602975, 35.700579 ], [ 139.603249, 35.700388 ], [ 139.603469, 35.700235 ], [ 139.603767, 35.700032 ], [ 139.603818, 35.699995 ], [ 139.604266, 35.699666 ], [ 139.604461, 35.699534 ], [ 139.604566, 35.69946 ], [ 139.604915, 35.699199 ], [ 139.605061, 35.699085 ], [ 139.605149, 35.699016 ], [ 139.604781, 35.698082 ], [ 139.604595, 35.697607 ], [ 139.604213, 35.696623 ], [ 139.604063, 35.696241 ], [ 139.603689, 35.695308 ], [ 139.603607, 35.695103 ] ] ] } },
{ "type": "Feature", "properties": { "key": "杉並区|西荻南2丁目", "ward": "杉並区", "town": "西荻南２丁目" }, "geometry": { "type": "Polygon", "coordinates": [ [ [ 139.600264, 35.696849 ], [ 139.600144, 35.696918 ], [ 139.599914, 35.697052 ], [ 139.599773, 35.697135 ], [ 139.599257, 35.697429 ], [ 139.599166, 35.697481 ], [ 139.598706, 35.697748 ], [ 139.598431, 35.697909 ], [ 139.598421, 35.697883 ], [ 139.598406, 35.697891 ], [ 139.598021, 35.698112 ], [ 139.598008, 35.698119 ], [ 139.597657, 35.698321 ], [ 139.597641, 35.698356 ], [ 139.597939, 35.698983 ], [ 139.598126, 35.699372 ], [ 139.598236, 35.699599 ], [ 139.598526, 35.700193 ], [ 139.598563, 35.700274 ], [ 139.598621, 35.700402 ], [ 139.598814, 35.700825 ], [ 139.598852, 35.700904 ], [ 139.598988, 35.701187 ], [ 139.599161, 35.701548 ], [ 139.599163, 35.701553 ], [ 139.599204, 35.701635 ], [ 139.599443, 35.702128 ], [ 139.599664, 35.702608 ], [ 139.599725, 35.70273 ], [ 139.599798, 35.702877 ], [ 139.600029, 35.702723 ], [ 139.600045, 35.702705 ], [ 139.600517, 35.70235 ], [ 139.600668, 35.70224 ], [ 139.600704, 35.702214 ], [ 139.600957, 35.702007 ], [ 139.601219, 35.701816 ], [ 139.60124, 35.701797 ], [ 139.601545, 35.701561 ], [ 139.601563, 35.701544 ], [ 139.601797, 35.701374 ], [ 139.601836, 35.701351 ], [ 139.60217, 35.701122 ], [ 139.601687, 35.700042 ], [ 139.601162, 35.698868 ], [ 139.600753, 35.697936 ], [ 139.600264, 35.696849 ] ] ] } },
{ "type": "Feature", "properties": { "key": "杉並区|西荻南3丁目", "ward": "杉並区", "town": "西荻南３丁目" }, "geometry": { "type": "Polygon", "coordinates": [ [ [ 139.603249, 35.700388 ], [ 139.602975, 35.700579 ], [ 139.602501, 35.700908 ], [ 139.602453, 35.70094 ], [ 139.60217, 35.701122 ], [ 139.601836, 35.701351 ], [ 139.601797, 35.701374 ], [ 139.601563, 35.701544 ], [ 139.601545, 35.701561 ], [ 139.60124, 35.701797 ], [ 139.601219, 35.701816 ], [ 139.600957, 35.702007 ], [ 139.600704, 35.702214 ], [ 139.600668, 35.70224 ], [ 139.600517, 35.70235 ], [ 139.600045, 35.702705 ], [ 139.600029, 35.702723 ], [ 139.599798, 35.702877 ], [ 139.599605, 35.702998 ], [ 139.599448, 35.703097 ], [ 139.599182, 35.703264 ], [ 139.599123, 35.703299 ], [ 139.59876, 35.703511 ], [ 139.598551, 35.703611 ], [ 139.59853, 35.703618 ], [ 139.598242, 35.703635 ], [ 139.598125, 35.703638 ], [ 139.598122, 35.70388 ], [ 139.598374, 35.703898 ], [ 139.598777, 35.703921 ], [ 139.598975, 35.703932 ], [ 139.599659, 35.703949 ], [ 139.600532, 35.703954 ], [ 139.600593, 35.703954 ], [ 139.601917, 35.703961 ], [ 139.603036, 35.704006 ], [ 139.603044, 35.704006 ], [ 139.604697, 35.704054 ], [ 139.605012, 35.704064 ], [ 139.604959, 35.703925 ], [ 139.604842, 35.703625 ], [ 139.604569, 35.703073 ], [ 139.604189, 35.702321 ], [ 139.603699, 35.701308 ], [ 139.603249, 35.700388 ] ] ] } },
{ "type": "Feature", "properties": { "key": "杉並区|西荻南4丁目", "ward": "杉並区", "town": "西荻南４丁目" }, "geometry": { "type": "Polygon", "coordinates": [ [ [ 139.605873, 35.698493 ], [ 139.60571, 35.698563 ], [ 139.605619, 35.698631 ], [ 139.605471, 35.698743 ], [ 139.605404, 35.698796 ], [ 139.605293, 35.698883 ], [ 139.605284, 35.698916 ], [ 139.605149, 35.699016 ], [ 139.605061, 35.699085 ], [ 139.604915, 35.699199 ], [ 139.604566, 35.69946 ], [ 139.604461, 35.699534 ], [ 139.604266, 35.699666 ], [ 139.603818, 35.699995 ], [ 139.603767, 35.700032 ], [ 139.603469, 35.700235 ], [ 139.603249, 35.700388 ], [ 139.603699, 35.701308 ], [ 139.604189, 35.702321 ], [ 139.604569, 35.703073 ], [ 139.604842, 35.703625 ], [ 139.604959, 35.703925 ], [ 139.605012, 35.704064 ], [ 139.605595, 35.70409 ], [ 139.606755, 35.704116 ], [ 139.606809, 35.704117 ], [ 139.607712, 35.704145 ], [ 139.608438, 35.704168 ], [ 139.608493, 35.704169 ], [ 139.608673, 35.704174 ], [ 139.608499, 35.703979 ], [ 139.608494, 35.703959 ], [ 139.608302, 35.703777 ], [ 139.608073, 35.703541 ], [ 139.608147, 35.703477 ], [ 139.60791, 35.703146 ], [ 139.607775, 35.702792 ], [ 139.607653, 35.702452 ], [ 139.607451, 35.701909 ], [ 139.607449, 35.701902 ], [ 139.607225, 35.701294 ], [ 139.607209, 35.701276 ], [ 139.606858, 35.700575 ], [ 139.606699, 35.700254 ], [ 139.606691, 35.700239 ], [ 139.606472, 35.699791 ], [ 139.60646, 35.699765 ], [ 139.606324, 35.699473 ], [ 139.606244, 35.699295 ], [ 139.606049, 35.698861 ], [ 139.605883, 35.698514 ], [ 139.605873, 35.698493 ] ] ] } },
{ "type": "Feature", "properties": { "key": "杉並区|松庵1丁目", "ward": "杉並区", "town": "松庵１丁目" }, "geometry": { "type": "Polygon", "coordinates": [ [ [ 139.596218, 35.692801 ], [ 139.596193, 35.692808 ], [ 139.595737, 35.692926 ], [ 139.595506, 35.692981 ], [ 139.595191, 35.69305 ], [ 139.595223, 35.693052 ], [ 139.594636, 35.693181 ], [ 139.59462, 35.693185 ], [ 139.594362, 35.693244 ], [ 139.594221, 35.693271 ], [ 139.594001, 35.693335 ], [ 139.593944, 35.693357 ], [ 139.593773, 35.69343 ], [ 139.593638, 35.693472 ], [ 139.593609, 35.69348 ], [ 139.593541, 35.693498 ], [ 139.593292, 35.693613 ], [ 139.593208, 35.693651 ], [ 139.592826, 35.693813 ], [ 139.592629, 35.6939 ], [ 139.592372, 35.693994 ], [ 139.591996, 35.694125 ], [ 139.591836, 35.694184 ], [ 139.591361, 35.694357 ], [ 139.59119, 35.694412 ], [ 139.591044, 35.694463 ], [ 139.590714, 35.694576 ], [ 139.590609, 35.694616 ], [ 139.590378, 35.694698 ], [ 139.590065, 35.69482 ], [ 139.590338, 35.695443 ], [ 139.590408, 35.695602 ], [ 139.590634, 35.696119 ], [ 139.590742, 35.696363 ], [ 139.590826, 35.696558 ], [ 139.591216, 35.697461 ], [ 139.591256, 35.697554 ], [ 139.591317, 35.697695 ], [ 139.591393, 35.697871 ], [ 139.591401, 35.697889 ], [ 139.592028, 35.697661 ], [ 139.592258, 35.697575 ], [ 139.592517, 35.697478 ], [ 139.592541, 35.697473 ], [ 139.593221, 35.697228 ], [ 139.593763, 35.697026 ], [ 139.594025, 35.696937 ], [ 139.594549, 35.696739 ], [ 139.595021, 35.696567 ], [ 139.595208, 35.696499 ], [ 139.595401, 35.69643 ], [ 139.595676, 35.696329 ], [ 139.595739, 35.696307 ], [ 139.595951, 35.696229 ], [ 139.596151, 35.696156 ], [ 139.596551, 35.696012 ], [ 139.597048, 35.69583 ], [ 139.597563, 35.695643 ], [ 139.597531, 35.695573 ], [ 139.597319, 35.695118 ], [ 139.59701, 35.694467 ], [ 139.596979, 35.694401 ], [ 139.596218, 35.692801 ] ] ] } },
{ "type": "Feature", "properties": { "key": "杉並区|松庵2丁目", "ward": "杉並区", "town": "松庵２丁目" }, "geometry": { "type": "Polygon", "coordinates": [ [ [ 139.597563, 35.695643 ], [ 139.597048, 35.69583 ], [ 139.596551, 35.696012 ], [ 139.596151, 35.696156 ], [ 139.595951, 35.696229 ], [ 139.595739, 35.696307 ], [ 139.595676, 35.696329 ], [ 139.595401, 35.69643 ], [ 139.595208, 35.696499 ], [ 139.595021, 35.696567 ], [ 139.594549, 35.696739 ], [ 139.594025, 35.696937 ], [ 139.593763, 35.697026 ], [ 139.593221, 35.697228 ], [ 139.592541, 35.697473 ], [ 139.592517, 35.697478 ], [ 139.592258, 35.697575 ], [ 139.592028, 35.697661 ], [ 139.591401, 35.697889 ], [ 139.59182, 35.698886 ], [ 139.59199, 35.699279 ], [ 139.592192, 35.699747 ], [ 139.592338, 35.700083 ], [ 139.592712, 35.700935 ], [ 139.592839, 35.700873 ], [ 139.593225, 35.700682 ], [ 139.593736, 35.70043 ], [ 139.593836, 35.70038 ], [ 139.594209, 35.700202 ], [ 139.594495, 35.700058 ], [ 139.595058, 35.699794 ], [ 139.595274, 35.699686 ], [ 139.595619, 35.699515 ], [ 139.595799, 35.699421 ], [ 139.595973, 35.699321 ], [ 139.596205, 35.699196 ], [ 139.596558, 35.698984 ], [ 139.596618, 35.698952 ], [ 139.596768, 35.698869 ], [ 139.597005, 35.698736 ], [ 139.597224, 35.698607 ], [ 139.597435, 35.698485 ], [ 139.597641, 35.698356 ], [ 139.597657, 35.698321 ], [ 139.598008, 35.698119 ], [ 139.598021, 35.698112 ], [ 139.598406, 35.697891 ], [ 139.598421, 35.697883 ], [ 139.598257, 35.697446 ], [ 139.598201, 35.697298 ], [ 139.597992, 35.696747 ], [ 139.597868, 35.696419 ], [ 139.597771, 35.696163 ], [ 139.597563, 35.695643 ] ] ] } },
{ "type": "Feature", "properties": { "key": "杉並区|松庵3丁目", "ward": "杉並区", "town": "松庵３丁目" }, "geometry": { "type": "Polygon", "coordinates": [ [ [ 139.597641, 35.698356 ], [ 139.597435, 35.698485 ], [ 139.597224, 35.698607 ], [ 139.597005, 35.698736 ], [ 139.596768, 35.698869 ], [ 139.596618, 35.698952 ], [ 139.596558, 35.698984 ], [ 139.596205, 35.699196 ], [ 139.595973, 35.699321 ], [ 139.595799, 35.699421 ], [ 139.595619, 35.699515 ], [ 139.595274, 35.699686 ], [ 139.595058, 35.699794 ], [ 139.594495, 35.700058 ], [ 139.594209, 35.700202 ], [ 139.593836, 35.70038 ], [ 139.593736, 35.70043 ], [ 139.593225, 35.700682 ], [ 139.592839, 35.700873 ], [ 139.593562, 35.702222 ], [ 139.593566, 35.702229 ], [ 139.59401, 35.703025 ], [ 139.594107, 35.70321 ], [ 139.594317, 35.703436 ], [ 139.594364, 35.703495 ], [ 139.594373, 35.703532 ], [ 139.594426, 35.703739 ], [ 139.594865, 35.70375 ], [ 139.595001, 35.703754 ], [ 139.595206, 35.703759 ], [ 139.595544, 35.703768 ], [ 139.59613, 35.703783 ], [ 139.596393, 35.703792 ], [ 139.596858, 35.703814 ], [ 139.597327, 35.703838 ], [ 139.598094, 35.703879 ], [ 139.598122, 35.70388 ], [ 139.598125, 35.703638 ], [ 139.598242, 35.703635 ], [ 139.59853, 35.703618 ], [ 139.598551, 35.703611 ], [ 139.59876, 35.703511 ], [ 139.599123, 35.703299 ], [ 139.599182, 35.703264 ], [ 139.599448, 35.703097 ], [ 139.599605, 35.702998 ], [ 139.599798, 35.702877 ], [ 139.599725, 35.70273 ], [ 139.599664, 35.702608 ], [ 139.599443, 35.702128 ], [ 139.599204, 35.701635 ], [ 139.599163, 35.701553 ], [ 139.599161, 35.701548 ], [ 139.598988, 35.701187 ], [ 139.598852, 35.700904 ], [ 139.598814, 35.700825 ], [ 139.598621, 35.700402 ], [ 139.598563, 35.700274 ], [ 139.598526, 35.700193 ], [ 139.598236, 35.699599 ], [ 139.598126, 35.699372 ], [ 139.597939, 35.698983 ], [ 139.597641, 35.698356 ] ] ] } },
{ "type": "Feature", "properties": { "key": "杉並区|宮前1丁目", "ward": "杉並区", "town": "宮前１丁目" }, "geometry": { "type": "Polygon", "coordinates": [ [ [ 139.616417, 35.689237 ], [ 139.616415, 35.689225 ], [ 139.616401, 35.68914 ], [ 139.616339, 35.688755 ], [ 139.615761, 35.688977 ], [ 139.615704, 35.688987 ], [ 139.615323, 35.68912 ], [ 139.615281, 35.689152 ], [ 139.614639, 35.68939 ], [ 139.614555, 35.689422 ], [ 139.614513, 35.689434 ], [ 139.61441, 35.689468 ], [ 139.614233, 35.689493 ], [ 139.614074, 35.689526 ], [ 139.613946, 35.689523 ], [ 139.613337, 35.68961 ], [ 139.61325, 35.689636 ], [ 139.613024, 35.689652 ], [ 139.612853, 35.689688 ], [ 139.612714, 35.689669 ], [ 139.612374, 35.689586 ], [ 139.612138, 35.689536 ], [ 139.611731, 35.689415 ], [ 139.611702, 35.689402 ], [ 139.611415, 35.689349 ], [ 139.611143, 35.689292 ], [ 139.611104, 35.689288 ], [ 139.610725, 35.689206 ], [ 139.610598, 35.689179 ], [ 139.61026, 35.689111 ], [ 139.609921, 35.689042 ], [ 139.609822, 35.689027 ], [ 139.609564, 35.688987 ], [ 139.609329, 35.68895 ], [ 139.6093, 35.688945 ], [ 139.608638, 35.688844 ], [ 139.608645, 35.68887 ], [ 139.608767, 35.689419 ], [ 139.6089, 35.690017 ], [ 139.608952, 35.690211 ], [ 139.608973, 35.690292 ], [ 139.609002, 35.690399 ], [ 139.609107, 35.690791 ], [ 139.609192, 35.691114 ], [ 139.609243, 35.691307 ], [ 139.60939, 35.691865 ], [ 139.609437, 35.692044 ], [ 139.609484, 35.69226 ], [ 139.609482, 35.69234 ], [ 139.610095, 35.692051 ], [ 139.610324, 35.691957 ], [ 139.61078, 35.691777 ], [ 139.611774, 35.691398 ], [ 139.611984, 35.691312 ], [ 139.612027, 35.691294 ], [ 139.612459, 35.691116 ], [ 139.612691, 35.691031 ], [ 139.612951, 35.690926 ], [ 139.613229, 35.690821 ], [ 139.613724, 35.690641 ], [ 139.613846, 35.6906 ], [ 139.613989, 35.690552 ], [ 139.614048, 35.690534 ], [ 139.614387, 35.690435 ], [ 139.614599, 35.690385 ], [ 139.614636, 35.690376 ], [ 139.614666, 35.690368 ], [ 139.614977, 35.690306 ], [ 139.615163, 35.690276 ], [ 139.615662, 35.690216 ], [ 139.616544, 35.690118 ], [ 139.616539, 35.69008 ], [ 139.616417, 35.689237 ] ] ] } },
{ "type": "Feature", "properties": { "key": "杉並区|宮前2丁目", "ward": "杉並区", "town": "宮前２丁目" }, "geometry": { "type": "Polygon", "coordinates": [ [ [ 139.616544, 35.690118 ], [ 139.615662, 35.690216 ], [ 139.615163, 35.690276 ], [ 139.614977, 35.690306 ], [ 139.614666, 35.690368 ], [ 139.614636, 35.690376 ], [ 139.614599, 35.690385 ], [ 139.614387, 35.690435 ], [ 139.614048, 35.690534 ], [ 139.613989, 35.690552 ], [ 139.613846, 35.6906 ], [ 139.613724, 35.690641 ], [ 139.613229, 35.690821 ], [ 139.612951, 35.690926 ], [ 139.612691, 35.691031 ], [ 139.612459, 35.691116 ], [ 139.612027, 35.691294 ], [ 139.611984, 35.691312 ], [ 139.611774, 35.691398 ], [ 139.61078, 35.691777 ], [ 139.610324, 35.691957 ], [ 139.610095, 35.692051 ], [ 139.609482, 35.69234 ], [ 139.609473, 35.692403 ], [ 139.609918, 35.69312 ], [ 139.610144, 35.693486 ], [ 139.61065, 35.694297 ], [ 139.610729, 35.694423 ], [ 139.611183, 35.695125 ], [ 139.611747, 35.695996 ], [ 139.612162, 35.695834 ], [ 139.612654, 35.695644 ], [ 139.61315, 35.695431 ], [ 139.613179, 35.695418 ], [ 139.61351, 35.69525 ], [ 139.613733, 35.695127 ], [ 139.613778, 35.695099 ], [ 139.613866, 35.695047 ], [ 139.614053, 35.694933 ], [ 139.614233, 35.694817 ], [ 139.61431, 35.694766 ], [ 139.614327, 35.694756 ], [ 139.614625, 35.69456 ], [ 139.614629, 35.694558 ], [ 139.615118, 35.694229 ], [ 139.615178, 35.694186 ], [ 139.615461, 35.693983 ], [ 139.615645, 35.693836 ], [ 139.61597, 35.69356 ], [ 139.616054, 35.69349 ], [ 139.616146, 35.693397 ], [ 139.616325, 35.693229 ], [ 139.616544, 35.693033 ], [ 139.616771, 35.692852 ], [ 139.616929, 35.69276 ], [ 139.61693, 35.69274 ], [ 139.616849, 35.692482 ], [ 139.616818, 35.692302 ], [ 139.616801, 35.692202 ], [ 139.616793, 35.691923 ], [ 139.616761, 35.691688 ], [ 139.61671, 35.691316 ], [ 139.616698, 35.691231 ], [ 139.616644, 35.690847 ], [ 139.616599, 35.690515 ], [ 139.616544, 35.690118 ] ] ] } },
{ "type": "Feature", "properties": { "key": "杉並区|宮前3丁目", "ward": "杉並区", "town": "宮前３丁目" }, "geometry": { "type": "Polygon", "coordinates": [ [ [ 139.609482, 35.69234 ], [ 139.608968, 35.692593 ], [ 139.608772, 35.692689 ], [ 139.608608, 35.69277 ], [ 139.608378, 35.692883 ], [ 139.608341, 35.692901 ], [ 139.608236, 35.692953 ], [ 139.607816, 35.69316 ], [ 139.607686, 35.693224 ], [ 139.607532, 35.693299 ], [ 139.607102, 35.693511 ], [ 139.606619, 35.693748 ], [ 139.60651, 35.693802 ], [ 139.606382, 35.69386 ], [ 139.606071, 35.693989 ], [ 139.605931, 35.694048 ], [ 139.60569, 35.694155 ], [ 139.605392, 35.694287 ], [ 139.605239, 35.694355 ], [ 139.605054, 35.694437 ], [ 139.60489, 35.694505 ], [ 139.60458, 35.694644 ], [ 139.604352, 35.694743 ], [ 139.604113, 35.694853 ], [ 139.603812, 35.695001 ], [ 139.603607, 35.695103 ], [ 139.603689, 35.695308 ], [ 139.604063, 35.696241 ], [ 139.604213, 35.696623 ], [ 139.604595, 35.697607 ], [ 139.604781, 35.698082 ], [ 139.605149, 35.699016 ], [ 139.605284, 35.698916 ], [ 139.605293, 35.698883 ], [ 139.605404, 35.698796 ], [ 139.605471, 35.698743 ], [ 139.605619, 35.698631 ], [ 139.60571, 35.698563 ], [ 139.605873, 35.698493 ], [ 139.606073, 35.698396 ], [ 139.606433, 35.698239 ], [ 139.60684, 35.698071 ], [ 139.606916, 35.69804 ], [ 139.607938, 35.697627 ], [ 139.607948, 35.697623 ], [ 139.608315, 35.697469 ], [ 139.60877, 35.697279 ], [ 139.608892, 35.697225 ], [ 139.609275, 35.697057 ], [ 139.609423, 35.696992 ], [ 139.609638, 35.696895 ], [ 139.609992, 35.696734 ], [ 139.609999, 35.69673 ], [ 139.610367, 35.69656 ], [ 139.61067, 35.696429 ], [ 139.610781, 35.696379 ], [ 139.611246, 35.696189 ], [ 139.611747, 35.695996 ], [ 139.611183, 35.695125 ], [ 139.610729, 35.694423 ], [ 139.61065, 35.694297 ], [ 139.610144, 35.693486 ], [ 139.609918, 35.69312 ], [ 139.609473, 35.692403 ], [ 139.609482, 35.69234 ] ] ] } },
{ "type": "Feature", "properties": { "key": "杉並区|宮前4丁目", "ward": "杉並区", "town": "宮前４丁目" }, "geometry": { "type": "Polygon", "coordinates": [ [ [ 139.6089, 35.690017 ], [ 139.608767, 35.689419 ], [ 139.608645, 35.68887 ], [ 139.608638, 35.688844 ], [ 139.608061, 35.688777 ], [ 139.607681, 35.688733 ], [ 139.607582, 35.688737 ], [ 139.607369, 35.68877 ], [ 139.606737, 35.68888 ], [ 139.606629, 35.688898 ], [ 139.606473, 35.688944 ], [ 139.606242, 35.688993 ], [ 139.606092, 35.689038 ], [ 139.60599, 35.689059 ], [ 139.605708, 35.689156 ], [ 139.605335, 35.68929 ], [ 139.605174, 35.689348 ], [ 139.605153, 35.689358 ], [ 139.604764, 35.689531 ], [ 139.604702, 35.689556 ], [ 139.60446, 35.689683 ], [ 139.604313, 35.689761 ], [ 139.604309, 35.689763 ], [ 139.603802, 35.690031 ], [ 139.603815, 35.690031 ], [ 139.603508, 35.690207 ], [ 139.603203, 35.690401 ], [ 139.602897, 35.690601 ], [ 139.60267, 35.690746 ], [ 139.602392, 35.690926 ], [ 139.602207, 35.691046 ], [ 139.602185, 35.691061 ], [ 139.60187, 35.691262 ], [ 139.602231, 35.692159 ], [ 139.602413, 35.692578 ], [ 139.602613, 35.693082 ], [ 139.602841, 35.693639 ], [ 139.603466, 35.695168 ], [ 139.603607, 35.695103 ], [ 139.603812, 35.695001 ], [ 139.604113, 35.694853 ], [ 139.604352, 35.694743 ], [ 139.60458, 35.694644 ], [ 139.60489, 35.694505 ], [ 139.605054, 35.694437 ], [ 139.605239, 35.694355 ], [ 139.605392, 35.694287 ], [ 139.60569, 35.694155 ], [ 139.605931, 35.694048 ], [ 139.606071, 35.693989 ], [ 139.606382, 35.69386 ], [ 139.60651, 35.693802 ], [ 139.606619, 35.693748 ], [ 139.607102, 35.693511 ], [ 139.607532, 35.693299 ], [ 139.607686, 35.693224 ], [ 139.607816, 35.69316 ], [ 139.608236, 35.692953 ], [ 139.608341, 35.692901 ], [ 139.608378, 35.692883 ], [ 139.608608, 35.69277 ], [ 139.608772, 35.692689 ], [ 139.608968, 35.692593 ], [ 139.609482, 35.69234 ], [ 139.609484, 35.69226 ], [ 139.609437, 35.692044 ], [ 139.60939, 35.691865 ], [ 139.609243, 35.691307 ], [ 139.609192, 35.691114 ], [ 139.609107, 35.690791 ], [ 139.609002, 35.690399 ], [ 139.608973, 35.690292 ], [ 139.608952, 35.690211 ], [ 139.6089, 35.690017 ] ] ] } },
{ "type": "Feature", "properties": { "key": "杉並区|宮前5丁目", "ward": "杉並区", "town": "宮前５丁目" }, "geometry": { "type": "Polygon", "coordinates": [ [ [ 139.60187, 35.691262 ], [ 139.601717, 35.69136 ], [ 139.601579, 35.691448 ], [ 139.601302, 35.691596 ], [ 139.601112, 35.691679 ], [ 139.601063, 35.691676 ], [ 139.600577, 35.691833 ], [ 139.600408, 35.691871 ], [ 139.60017, 35.691931 ], [ 139.600054, 35.691962 ], [ 139.599943, 35.691993 ], [ 139.599563, 35.692086 ], [ 139.599333, 35.69213 ], [ 139.599051, 35.692161 ], [ 139.598718, 35.692181 ], [ 139.598678, 35.692188 ], [ 139.598227, 35.692302 ], [ 139.59781, 35.692398 ], [ 139.59771, 35.69242 ], [ 139.597268, 35.692522 ], [ 139.597084, 35.692569 ], [ 139.596747, 35.692656 ], [ 139.596727, 35.692661 ], [ 139.596218, 35.692801 ], [ 139.596979, 35.694401 ], [ 139.59701, 35.694467 ], [ 139.597319, 35.695118 ], [ 139.597531, 35.695573 ], [ 139.597563, 35.695643 ], [ 139.597771, 35.696163 ], [ 139.597868, 35.696419 ], [ 139.597992, 35.696747 ], [ 139.598201, 35.697298 ], [ 139.598257, 35.697446 ], [ 139.598421, 35.697883 ], [ 139.598431, 35.697909 ], [ 139.598706, 35.697748 ], [ 139.599166, 35.697481 ], [ 139.599257, 35.697429 ], [ 139.599773, 35.697135 ], [ 139.599914, 35.697052 ], [ 139.600144, 35.696918 ], [ 139.600264, 35.696849 ], [ 139.600525, 35.696701 ], [ 139.600736, 35.696576 ], [ 139.600807, 35.696538 ], [ 139.60091, 35.696484 ], [ 139.601255, 35.696302 ], [ 139.60148, 35.696185 ], [ 139.601614, 35.696115 ], [ 139.601933, 35.695957 ], [ 139.602216, 35.69581 ], [ 139.602421, 35.69571 ], [ 139.602527, 35.695647 ], [ 139.602783, 35.695514 ], [ 139.602872, 35.695467 ], [ 139.603175, 35.695311 ], [ 139.603448, 35.695176 ], [ 139.603466, 35.695168 ], [ 139.602841, 35.693639 ], [ 139.602613, 35.693082 ], [ 139.602413, 35.692578 ], [ 139.602231, 35.692159 ], [ 139.60187, 35.691262 ] ] ] } }
]
}
