{
"type": "FeatureCollection",
"name": "13117",
"crs": { "type": "name", "properties": { "name": "urn:ogc:def:crs:OGC:1.3:CRS84" } },
"features": [
{ "type": "Feature", "properties": { "key": "北区|王子1丁目", "ward": "北区", "town": "王子１丁目" }, "geometry": { "type": "Polygon", "coordinates": [ [ [ 139.742728, 35.756053 ], [ 139.742777, 35.755838 ], [ 139.742875, 35.755509 ], [ 139.742909, 35.75537 ], [ 139.74289, 35.755328 ], [ 139.74259, 35.755163 ], [ 139.742572, 35.755149 ], [ 139.742442, 35.755086 ], [ 139.742394, 35.755015 ], [ 139.742308, 35.754828 ], [ 139.742277, 35.754626 ], [ 139.742346, 35.754418 ], [ 139.742404, 35.75428 ], [ 139.742434, 35.754127 ], [ 139.742405, 35.754011 ], [ 139.742332, 35.753913 ], [ 139.742146, 35.753702 ], [ 139.742053, 35.753594 ], [ 139.741898, 35.753416 ], [ 139.741781, 35.753245 ], [ 139.741725, 35.753129 ], [ 139.741669, 35.752999 ], [ 139.741617, 35.752869 ], [ 139.741593, 35.752823 ], [ 139.741457, 35.752721 ], [ 139.740969, 35.752619 ], [ 139.74075, 35.752586 ], [ 139.740322, 35.752537 ], [ 139.740116, 35.752487 ], [ 139.739876, 35.752444 ], [ 139.739592, 35.752373 ], [ 139.738722, 35.752289 ], [ 139.738711, 35.752285 ], [ 139.739019, 35.751999 ], [ 139.739458, 35.751633 ], [ 139.739837, 35.751337 ], [ 139.74021, 35.75103 ], [ 139.740187, 35.751001 ], [ 139.740214, 35.750889 ], [ 139.739816, 35.75087 ], [ 139.73969, 35.750738 ], [ 139.739575, 35.750646 ], [ 139.739271, 35.750376 ], [ 139.739227, 35.750225 ], [ 139.739219, 35.750066 ], [ 139.739196, 35.749827 ], [ 139.739152, 35.749629 ], [ 139.738984, 35.749197 ], [ 139.738871, 35.748969 ], [ 139.738721, 35.74914 ], [ 139.738567, 35.74929 ], [ 139.738468, 35.749387 ], [ 139.738292, 35.749595 ], [ 139.738101, 35.749789 ], [ 139.73802, 35.749896 ], [ 139.737738, 35.750276 ], [ 139.737578, 35.750513 ], [ 139.737347, 35.750793 ], [ 139.736972, 35.751217 ], [ 139.736702, 35.751533 ], [ 139.736405, 35.751879 ], [ 139.736304, 35.752076 ], [ 139.73622, 35.752129 ], [ 139.736035, 35.752264 ], [ 139.735899, 35.75235 ], [ 139.736204, 35.752673 ], [ 139.736267, 35.752749 ], [ 139.736395, 35.752969 ], [ 139.736478, 35.753058 ], [ 139.736564, 35.753095 ], [ 139.736665, 35.753109 ], [ 139.736988, 35.753113 ], [ 139.737132, 35.753158 ], [ 139.736799, 35.753528 ], [ 139.73674, 35.753594 ], [ 139.736129, 35.754275 ], [ 139.736109, 35.754297 ], [ 139.736103, 35.754303 ], [ 139.736084, 35.754331 ], [ 139.735347, 35.755381 ], [ 139.734898, 35.75604 ], [ 139.734878, 35.75607 ], [ 139.735855, 35.756076 ], [ 139.735923, 35.756077 ], [ 139.736135, 35.756077 ], [ 139.736668, 35.756078 ], [ 139.736695, 35.756078 ], [ 139.737312, 35.756088 ], [ 139.737342, 35.756088 ], [ 139.738005, 35.756102 ], [ 139.738602, 35.756107 ], [ 139.73865, 35.756108 ], [ 139.739263, 35.756118 ], [ 139.739273, 35.756118 ], [ 139.739569, 35.756115 ], [ 139.739858, 35.756116 ], [ 139.739862, 35.756116 ], [ 139.740169, 35.756124 ], [ 139.740418, 35.756124 ], [ 139.740597, 35.756123 ], [ 139.741271, 35.756122 ], [ 139.741419, 35.756101 ], [ 139.741486, 35.756096 ], [ 139.74193, 35.756061 ], [ 139.74197, 35.756144 ], [ 139.742034, 35.756227 ], [ 139.742049, 35.756245 ], [ 139.74205, 35.756245 ], [ 139.742148, 35.756361 ], [ 139.742145, 35.756382 ], [ 139.742442, 35.7567 ], [ 139.742564, 35.756554 ], [ 139.742655, 35.756294 ], [ 139.742728, 35.756053 ] ] ] } },
{ "type": "Feature", "properties": { "key": "北区|王子2丁目", "ward": "北区", "town": "王子２丁目" }, "geometry": { "type": "Polygon", "coordinates": [ [ [ 139.734234, 35.759373 ], [ 139.734711, 35.759338 ], [ 139.735531, 35.759272 ], [ 139.735608, 35.759266 ], [ 139.73653, 35.759192 ], [ 139.736594, 35.759187 ], [ 139.737325, 35.759128 ], [ 139.737493, 35.759122 ], [ 139.737568, 35.759119 ], [ 139.738255, 35.759094 ], [ 139.738645, 35.75908 ], [ 139.738615, 35.75878 ], [ 139.738601, 35.758652 ], [ 139.738604, 35.758641 ], [ 139.738606, 35.758182 ], [ 139.738603, 35.757962 ], [ 139.738615, 35.757432 ], [ 139.738595, 35.757069 ], [ 139.738615, 35.756719 ], [ 139.738624, 35.756564 ], [ 139.738633, 35.756404 ], [ 139.73865, 35.756108 ], [ 139.738602, 35.756107 ], [ 139.738005, 35.756102 ], [ 139.737342, 35.756088 ], [ 139.737312, 35.756088 ], [ 139.736695, 35.756078 ], [ 139.736668, 35.756078 ], [ 139.736135, 35.756077 ], [ 139.735923, 35.756077 ], [ 139.735855, 35.756076 ], [ 139.734878, 35.75607 ], [ 139.734421, 35.756742 ], [ 139.734337, 35.756864 ], [ 139.734171, 35.75709 ], [ 139.734034, 35.757328 ], [ 139.7339, 35.757466 ], [ 139.733799, 35.757617 ], [ 139.733709, 35.757774 ], [ 139.733546, 35.757993 ], [ 139.733338, 35.758243 ], [ 139.73326, 35.758314 ], [ 139.73314, 35.758439 ], [ 139.732869, 35.758687 ], [ 139.732787, 35.758756 ], [ 139.732579, 35.758895 ], [ 139.732153, 35.759185 ], [ 139.732487, 35.759348 ], [ 139.732727, 35.759433 ], [ 139.732751, 35.759415 ], [ 139.732888, 35.759458 ], [ 139.734234, 35.759373 ] ] ] } },
{ "type": "Feature", "properties": { "key": "北区|王子3丁目", "ward": "北区", "town": "王子３丁目" }, "geometry": { "type": "Polygon", "coordinates": [ [ [ 139.738713, 35.761454 ], [ 139.738721, 35.761412 ], [ 139.73871, 35.760998 ], [ 139.738683, 35.760151 ], [ 139.73868, 35.759615 ], [ 139.73868, 35.759592 ], [ 139.738669, 35.759232 ], [ 139.738656, 35.75908 ], [ 139.738645, 35.75908 ], [ 139.738255, 35.759094 ], [ 139.737568, 35.759119 ], [ 139.737493, 35.759122 ], [ 139.737325, 35.759128 ], [ 139.736594, 35.759187 ], [ 139.73653, 35.759192 ], [ 139.735608, 35.759266 ], [ 139.735531, 35.759272 ], [ 139.734711, 35.759338 ], [ 139.734234, 35.759373 ], [ 139.732888, 35.759458 ], [ 139.732783, 35.759762 ], [ 139.73278, 35.759809 ], [ 139.732755, 35.760214 ], [ 139.732772, 35.760217 ], [ 139.732769, 35.760644 ], [ 139.732927, 35.760633 ], [ 139.73309, 35.760628 ], [ 139.733833, 35.760604 ], [ 139.734288, 35.760586 ], [ 139.734758, 35.760564 ], [ 139.73481, 35.760584 ], [ 139.735128, 35.760667 ], [ 139.735288, 35.760729 ], [ 139.735418, 35.760769 ], [ 139.735575, 35.760817 ], [ 139.73559, 35.760821 ], [ 139.735932, 35.760924 ], [ 139.736421, 35.761092 ], [ 139.736943, 35.761271 ], [ 139.737448, 35.761443 ], [ 139.737462, 35.761448 ], [ 139.73746, 35.761453 ], [ 139.73733, 35.761713 ], [ 139.73729, 35.761794 ], [ 139.737275, 35.761824 ], [ 139.737286, 35.761827 ], [ 139.737397, 35.761867 ], [ 139.737582, 35.761749 ], [ 139.737645, 35.761708 ], [ 139.737702, 35.761672 ], [ 139.737812, 35.761596 ], [ 139.73794, 35.761506 ], [ 139.738003, 35.761462 ], [ 139.738003, 35.761465 ], [ 139.738006, 35.761515 ], [ 139.738014, 35.761716 ], [ 139.738026, 35.761988 ], [ 139.738027, 35.762157 ], [ 139.738031, 35.762519 ], [ 139.73803, 35.762529 ], [ 139.738028, 35.762732 ], [ 139.738033, 35.762902 ], [ 139.738036, 35.763204 ], [ 139.738568, 35.763202 ], [ 139.73874, 35.763202 ], [ 139.73874, 35.762734 ], [ 139.73874, 35.762577 ], [ 139.738749, 35.76243 ], [ 139.73874, 35.762282 ], [ 139.738729, 35.762099 ], [ 139.738724, 35.761937 ], [ 139.738732, 35.761716 ], [ 139.738713, 35.761454 ] ] ] } },
{ "type": "Feature", "properties": { "key": "北区|王子4丁目", "ward": "北区", "town": "王子４丁目" }, "geometry": { "type": "Polygon", "coordinates": [ [ [ 139.738033, 35.762902 ], [ 139.738028, 35.762732 ], [ 139.73803, 35.762529 ], [ 139.738031, 35.762519 ], [ 139.738027, 35.762157 ], [ 139.738026, 35.761988 ], [ 139.738014, 35.761716 ], [ 139.738006, 35.761515 ], [ 139.738003, 35.761465 ], [ 139.738003, 35.761462 ], [ 139.73794, 35.761506 ], [ 139.737812, 35.761596 ], [ 139.737702, 35.761672 ], [ 139.737645, 35.761708 ], [ 139.737582, 35.761749 ], [ 139.737397, 35.761867 ], [ 139.737286, 35.761827 ], [ 139.737275, 35.761824 ], [ 139.73729, 35.761794 ], [ 139.73733, 35.761713 ], [ 139.73746, 35.761453 ], [ 139.737462, 35.761448 ], [ 139.737448, 35.761443 ], [ 139.736943, 35.761271 ], [ 139.736421, 35.761092 ], [ 139.735932, 35.760924 ], [ 139.73559, 35.760821 ], [ 139.735575, 35.760817 ], [ 139.735418, 35.760769 ], [ 139.735288, 35.760729 ], [ 139.735128, 35.760667 ], [ 139.73481, 35.760584 ], [ 139.734758, 35.760564 ], [ 139.734288, 35.760586 ], [ 139.733833, 35.760604 ], [ 139.73309, 35.760628 ], [ 139.732927, 35.760633 ], [ 139.732769, 35.760644 ], [ 139.732777, 35.760899 ], [ 139.732768, 35.7612 ], [ 139.732829, 35.761295 ], [ 139.732858, 35.761749 ], [ 139.732862, 35.761873 ], [ 139.732866, 35.762041 ], [ 139.73285, 35.762266 ], [ 139.733238, 35.76247 ], [ 139.733443, 35.762591 ], [ 139.733661, 35.762735 ], [ 139.734173, 35.762983 ], [ 139.734224, 35.762989 ], [ 139.734454, 35.762705 ], [ 139.734564, 35.762578 ], [ 139.734904, 35.762733 ], [ 139.735121, 35.762823 ], [ 139.735186, 35.762812 ], [ 139.735252, 35.762835 ], [ 139.735528, 35.762972 ], [ 139.735746, 35.763097 ], [ 139.735893, 35.762913 ], [ 139.735992, 35.762937 ], [ 139.736167, 35.763027 ], [ 139.736505, 35.763193 ], [ 139.736509, 35.763195 ], [ 139.736722, 35.763299 ], [ 139.737257, 35.763614 ], [ 139.737573, 35.763751 ], [ 139.737856, 35.763854 ], [ 139.738033, 35.763889 ], [ 139.738036, 35.763204 ], [ 139.738033, 35.762902 ] ] ] } },
{ "type": "Feature", "properties": { "key": "北区|王子5丁目", "ward": "北区", "town": "王子５丁目" }, "geometry": { "type": "Polygon", "coordinates": [ [ [ 139.738699, 35.768901 ], [ 139.73869, 35.768857 ], [ 139.738682, 35.768768 ], [ 139.73868, 35.768747 ], [ 139.738675, 35.768669 ], [ 139.738555, 35.768393 ], [ 139.738552, 35.768386 ], [ 139.738491, 35.76828 ], [ 139.738415, 35.768136 ], [ 139.738411, 35.768128 ], [ 139.738513, 35.768092 ], [ 139.738557, 35.768044 ], [ 139.738574, 35.767986 ], [ 139.738601, 35.767899 ], [ 139.738604, 35.767793 ], [ 139.738601, 35.767688 ], [ 139.738596, 35.767548 ], [ 139.738595, 35.767519 ], [ 139.738587, 35.767342 ], [ 139.738599, 35.767259 ], [ 139.738609, 35.766867 ], [ 139.738634, 35.766488 ], [ 139.738607, 35.766462 ], [ 139.738633, 35.766015 ], [ 139.738532, 35.765997 ], [ 139.738223, 35.765985 ], [ 139.738215, 35.765514 ], [ 139.73822, 35.76517 ], [ 139.738213, 35.764648 ], [ 139.738213, 35.764388 ], [ 139.738213, 35.764187 ], [ 139.738055, 35.764174 ], [ 139.738056, 35.763902 ], [ 139.738033, 35.763889 ], [ 139.737856, 35.763854 ], [ 139.737573, 35.763751 ], [ 139.737257, 35.763614 ], [ 139.736722, 35.763299 ], [ 139.736509, 35.763195 ], [ 139.736505, 35.763193 ], [ 139.736167, 35.763027 ], [ 139.735992, 35.762937 ], [ 139.735893, 35.762913 ], [ 139.735746, 35.763097 ], [ 139.735528, 35.762972 ], [ 139.735252, 35.762835 ], [ 139.735186, 35.762812 ], [ 139.735121, 35.762823 ], [ 139.734904, 35.762733 ], [ 139.734564, 35.762578 ], [ 139.734454, 35.762705 ], [ 139.734224, 35.762989 ], [ 139.734173, 35.762983 ], [ 139.733661, 35.762735 ], [ 139.733443, 35.762591 ], [ 139.733238, 35.76247 ], [ 139.73285, 35.762266 ], [ 139.732677, 35.762206 ], [ 139.732616, 35.762273 ], [ 139.732453, 35.762543 ], [ 139.732396, 35.762685 ], [ 139.73236, 35.762778 ], [ 139.732266, 35.762979 ], [ 139.732075, 35.763374 ], [ 139.731978, 35.763656 ], [ 139.731786, 35.764135 ], [ 139.73164, 35.764496 ], [ 139.731571, 35.764646 ], [ 139.731391, 35.765037 ], [ 139.731304, 35.765285 ], [ 139.731129, 35.765677 ], [ 139.731532, 35.765826 ], [ 139.731975, 35.765995 ], [ 139.732172, 35.766045 ], [ 139.732278, 35.766029 ], [ 139.732594, 35.766121 ], [ 139.73355, 35.766399 ], [ 139.733731, 35.766404 ], [ 139.733834, 35.766394 ], [ 139.734117, 35.766369 ], [ 139.73474, 35.766343 ], [ 139.734907, 35.766354 ], [ 139.734956, 35.766364 ], [ 139.735016, 35.766389 ], [ 139.735143, 35.766444 ], [ 139.735189, 35.766468 ], [ 139.735314, 35.766534 ], [ 139.735482, 35.766621 ], [ 139.735623, 35.766749 ], [ 139.73597, 35.767184 ], [ 139.736116, 35.76734 ], [ 139.736307, 35.76747 ], [ 139.736612, 35.767659 ], [ 139.736715, 35.767703 ], [ 139.736914, 35.767824 ], [ 139.73707, 35.767922 ], [ 139.737152, 35.768031 ], [ 139.737217, 35.768118 ], [ 139.737281, 35.768226 ], [ 139.737316, 35.768284 ], [ 139.737337, 35.768345 ], [ 139.737394, 35.768563 ], [ 139.737438, 35.768768 ], [ 139.737491, 35.769043 ], [ 139.737498, 35.769076 ], [ 139.737548, 35.769313 ], [ 139.737586, 35.769493 ], [ 139.737807, 35.769465 ], [ 139.738011, 35.769447 ], [ 139.738047, 35.769442 ], [ 139.738124, 35.769686 ], [ 139.738107, 35.769691 ], [ 139.73817, 35.769865 ], [ 139.738413, 35.76982 ], [ 139.738917, 35.769707 ], [ 139.738699, 35.768901 ] ] ] } },
{ "type": "Feature", "properties": { "key": "北区|王子6丁目", "ward": "北区", "town": "王子６丁目" }, "geometry": { "type": "Polygon", "coordinates": [ [ [ 139.739266, 35.76394 ], [ 139.739621, 35.763938 ], [ 139.739876, 35.763952 ], [ 139.740105, 35.763929 ], [ 139.74032, 35.763922 ], [ 139.740549, 35.763937 ], [ 139.740962, 35.763937 ], [ 139.741486, 35.763936 ], [ 139.742254, 35.763929 ], [ 139.742343, 35.763932 ], [ 139.742334, 35.763764 ], [ 139.742334, 35.763431 ], [ 139.742312, 35.763405 ], [ 139.742303, 35.762924 ], [ 139.742317, 35.762823 ], [ 139.742335, 35.762153 ], [ 139.742307, 35.76165 ], [ 139.742306, 35.761644 ], [ 139.742301, 35.761391 ], [ 139.742297, 35.761127 ], [ 139.74229, 35.760677 ], [ 139.742298, 35.760383 ], [ 139.742254, 35.76038 ], [ 139.742246, 35.760174 ], [ 139.74225, 35.759681 ], [ 139.742252, 35.759373 ], [ 139.742215, 35.758952 ], [ 139.741909, 35.758964 ], [ 139.741365, 35.758983 ], [ 139.740949, 35.758998 ], [ 139.740532, 35.759013 ], [ 139.740265, 35.759022 ], [ 139.740252, 35.759023 ], [ 139.739074, 35.759065 ], [ 139.738656, 35.75908 ], [ 139.738669, 35.759232 ], [ 139.73868, 35.759592 ], [ 139.73868, 35.759615 ], [ 139.738683, 35.760151 ], [ 139.73871, 35.760998 ], [ 139.738721, 35.761412 ], [ 139.738713, 35.761454 ], [ 139.738732, 35.761716 ], [ 139.738724, 35.761937 ], [ 139.738729, 35.762099 ], [ 139.73874, 35.762282 ], [ 139.738749, 35.76243 ], [ 139.73874, 35.762577 ], [ 139.73874, 35.762734 ], [ 139.73874, 35.763202 ], [ 139.738568, 35.763202 ], [ 139.738036, 35.763204 ], [ 139.738033, 35.763889 ], [ 139.738056, 35.763902 ], [ 139.738158, 35.763931 ], [ 139.73857, 35.763958 ], [ 139.738867, 35.763954 ], [ 139.738914, 35.763964 ], [ 139.739266, 35.76394 ] ] ] } },
{ "type": "Feature", "properties": { "key": "北区|豊島1丁目", "ward": "北区", "town": "豊島１丁目" }, "geometry": { "type": "Polygon", "coordinates": [ [ [ 139.741453, 35.756721 ], [ 139.741381, 35.756779 ], [ 139.741388, 35.756663 ], [ 139.741113, 35.756366 ], [ 139.741486, 35.756096 ], [ 139.741419, 35.756101 ], [ 139.741271, 35.756122 ], [ 139.740597, 35.756123 ], [ 139.740418, 35.756124 ], [ 139.740169, 35.756124 ], [ 139.739862, 35.756116 ], [ 139.739858, 35.756116 ], [ 139.739569, 35.756115 ], [ 139.739273, 35.756118 ], [ 139.739263, 35.756118 ], [ 139.73865, 35.756108 ], [ 139.738633, 35.756404 ], [ 139.738624, 35.756564 ], [ 139.738615, 35.756719 ], [ 139.738595, 35.757069 ], [ 139.738615, 35.757432 ], [ 139.738603, 35.757962 ], [ 139.738606, 35.758182 ], [ 139.738604, 35.758641 ], [ 139.738601, 35.758652 ], [ 139.738615, 35.75878 ], [ 139.738645, 35.75908 ], [ 139.738656, 35.75908 ], [ 139.739074, 35.759065 ], [ 139.740252, 35.759023 ], [ 139.740265, 35.759022 ], [ 139.740532, 35.759013 ], [ 139.740949, 35.758998 ], [ 139.741365, 35.758983 ], [ 139.741909, 35.758964 ], [ 139.742215, 35.758952 ], [ 139.74237, 35.758948 ], [ 139.742375, 35.758947 ], [ 139.742497, 35.758945 ], [ 139.742748, 35.758919 ], [ 139.743292, 35.758876 ], [ 139.743421, 35.758845 ], [ 139.743487, 35.758823 ], [ 139.743269, 35.758592 ], [ 139.743195, 35.758513 ], [ 139.742843, 35.75814 ], [ 139.742833, 35.758129 ], [ 139.74261, 35.757891 ], [ 139.742348, 35.757622 ], [ 139.741877, 35.757145 ], [ 139.741453, 35.756721 ] ] ] } },
{ "type": "Feature", "properties": { "key": "北区|豊島2丁目", "ward": "北区", "town": "豊島２丁目" }, "geometry": { "type": "Polygon", "coordinates": [ [ [ 139.748844, 35.759733 ], [ 139.748483, 35.759386 ], [ 139.748343, 35.759158 ], [ 139.748248, 35.758825 ], [ 139.748007, 35.758833 ], [ 139.74773, 35.758852 ], [ 139.747149, 35.75886 ], [ 139.747058, 35.758861 ], [ 139.746897, 35.758838 ], [ 139.746753, 35.758802 ], [ 139.746472, 35.758705 ], [ 139.746425, 35.758664 ], [ 139.746252, 35.758487 ], [ 139.746222, 35.758404 ], [ 139.746251, 35.758278 ], [ 139.746328, 35.758145 ], [ 139.746385, 35.758018 ], [ 139.746408, 35.757902 ], [ 139.746377, 35.757826 ], [ 139.746306, 35.757748 ], [ 139.746144, 35.757676 ], [ 139.746145, 35.757639 ], [ 139.745769, 35.757504 ], [ 139.745368, 35.757433 ], [ 139.745019, 35.757338 ], [ 139.744909, 35.757279 ], [ 139.74451, 35.757079 ], [ 139.744359, 35.757039 ], [ 139.74426, 35.757012 ], [ 139.74391, 35.756974 ], [ 139.743028, 35.756917 ], [ 139.742875, 35.756881 ], [ 139.742712, 35.756801 ], [ 139.742611, 35.75688 ], [ 139.742482, 35.756742 ], [ 139.742442, 35.7567 ], [ 139.742145, 35.756382 ], [ 139.742148, 35.756361 ], [ 139.74205, 35.756245 ], [ 139.742049, 35.756245 ], [ 139.742034, 35.756227 ], [ 139.74197, 35.756144 ], [ 139.74193, 35.756061 ], [ 139.741486, 35.756096 ], [ 139.741113, 35.756366 ], [ 139.741388, 35.756663 ], [ 139.741381, 35.756779 ], [ 139.741453, 35.756721 ], [ 139.741877, 35.757145 ], [ 139.742348, 35.757622 ], [ 139.74261, 35.757891 ], [ 139.742833, 35.758129 ], [ 139.742843, 35.75814 ], [ 139.743195, 35.758513 ], [ 139.743269, 35.758592 ], [ 139.743487, 35.758823 ], [ 139.743421, 35.758845 ], [ 139.743292, 35.758876 ], [ 139.742748, 35.758919 ], [ 139.742497, 35.758945 ], [ 139.742375, 35.758947 ], [ 139.74237, 35.758948 ], [ 139.742215, 35.758952 ], [ 139.742252, 35.759373 ], [ 139.74225, 35.759681 ], [ 139.742554, 35.75967 ], [ 139.742777, 35.759666 ], [ 139.742904, 35.759663 ], [ 139.743423, 35.759653 ], [ 139.743421, 35.759597 ], [ 139.744204, 35.759593 ], [ 139.744582, 35.759603 ], [ 139.744612, 35.759604 ], [ 139.745134, 35.759613 ], [ 139.745384, 35.759622 ], [ 139.745845, 35.759653 ], [ 139.745834, 35.759865 ], [ 139.746117, 35.759891 ], [ 139.746492, 35.759939 ], [ 139.746772, 35.759984 ], [ 139.74695, 35.760004 ], [ 139.747073, 35.760013 ], [ 139.747148, 35.760005 ], [ 139.747271, 35.759993 ], [ 139.74769, 35.759855 ], [ 139.747789, 35.75982 ], [ 139.747957, 35.760037 ], [ 139.748053, 35.760179 ], [ 139.748844, 35.759733 ] ] ] } },
{ "type": "Feature", "properties": { "key": "北区|豊島3丁目", "ward": "北区", "town": "豊島３丁目" }, "geometry": { "type": "Polygon", "coordinates": [ [ [ 139.74313, 35.76207 ], [ 139.74336, 35.762078 ], [ 139.743402, 35.762089 ], [ 139.743441, 35.762077 ], [ 139.743994, 35.762081 ], [ 139.744075, 35.762092 ], [ 139.744396, 35.762106 ], [ 139.74436, 35.762095 ], [ 139.744643, 35.762124 ], [ 139.744789, 35.762136 ], [ 139.744926, 35.762146 ], [ 139.745173, 35.762141 ], [ 139.745238, 35.762141 ], [ 139.745335, 35.762143 ], [ 139.745426, 35.762144 ], [ 139.745826, 35.762135 ], [ 139.746098, 35.762132 ], [ 139.746104, 35.762132 ], [ 139.746567, 35.762129 ], [ 139.746854, 35.762128 ], [ 139.74708, 35.762092 ], [ 139.747102, 35.762089 ], [ 139.747145, 35.762073 ], [ 139.747311, 35.762009 ], [ 139.747411, 35.761984 ], [ 139.747768, 35.761865 ], [ 139.747777, 35.76186 ], [ 139.747787, 35.761855 ], [ 139.747794, 35.761873 ], [ 139.747825, 35.761864 ], [ 139.748151, 35.761672 ], [ 139.748303, 35.761597 ], [ 139.748464, 35.761533 ], [ 139.748475, 35.761525 ], [ 139.74851, 35.761498 ], [ 139.748514, 35.761494 ], [ 139.748556, 35.76136 ], [ 139.748583, 35.761274 ], [ 139.748608, 35.761253 ], [ 139.748622, 35.761241 ], [ 139.748648, 35.761219 ], [ 139.748871, 35.760944 ], [ 139.748842, 35.76093 ], [ 139.748665, 35.760845 ], [ 139.748752, 35.760725 ], [ 139.748997, 35.760466 ], [ 139.749329, 35.760039 ], [ 139.748844, 35.759733 ], [ 139.748053, 35.760179 ], [ 139.747957, 35.760037 ], [ 139.747789, 35.75982 ], [ 139.74769, 35.759855 ], [ 139.747271, 35.759993 ], [ 139.747148, 35.760005 ], [ 139.747073, 35.760013 ], [ 139.74695, 35.760004 ], [ 139.746772, 35.759984 ], [ 139.746492, 35.759939 ], [ 139.746117, 35.759891 ], [ 139.745834, 35.759865 ], [ 139.745845, 35.759653 ], [ 139.745384, 35.759622 ], [ 139.745134, 35.759613 ], [ 139.744612, 35.759604 ], [ 139.744582, 35.759603 ], [ 139.744204, 35.759593 ], [ 139.743421, 35.759597 ], [ 139.743423, 35.759653 ], [ 139.742904, 35.759663 ], [ 139.742777, 35.759666 ], [ 139.742554, 35.75967 ], [ 139.74225, 35.759681 ], [ 139.742246, 35.760174 ], [ 139.742254, 35.76038 ], [ 139.742298, 35.760383 ], [ 139.74229, 35.760677 ], [ 139.742297, 35.761127 ], [ 139.742301, 35.761391 ], [ 139.742306, 35.761644 ], [ 139.742307, 35.76165 ], [ 139.742335, 35.762153 ], [ 139.74255, 35.762132 ], [ 139.742554, 35.762131 ], [ 139.742708, 35.76212 ], [ 139.742718, 35.762119 ], [ 139.742894, 35.762103 ], [ 139.743013, 35.762089 ], [ 139.74313, 35.76207 ] ] ] } },
{ "type": "Feature", "properties": { "key": "北区|豊島4丁目", "ward": "北区", "town": "豊島４丁目" }, "geometry": { "type": "Polygon", "coordinates": [ [ [ 139.748061, 35.763483 ], [ 139.748217, 35.763485 ], [ 139.74832, 35.763455 ], [ 139.748395, 35.763316 ], [ 139.748425, 35.763292 ], [ 139.748569, 35.763274 ], [ 139.748667, 35.763246 ], [ 139.748679, 35.763241 ], [ 139.748884, 35.76318 ], [ 139.749025, 35.763267 ], [ 139.749159, 35.763448 ], [ 139.749434, 35.763442 ], [ 139.749465, 35.763439 ], [ 139.749481, 35.763173 ], [ 139.74942, 35.7628 ], [ 139.749966, 35.762772 ], [ 139.750572, 35.76275 ], [ 139.75067, 35.763061 ], [ 139.750719, 35.763252 ], [ 139.751053, 35.763248 ], [ 139.75155, 35.763253 ], [ 139.751633, 35.763219 ], [ 139.751828, 35.763314 ], [ 139.751941, 35.763315 ], [ 139.751942, 35.763884 ], [ 139.75242, 35.763739 ], [ 139.753039, 35.763521 ], [ 139.753477, 35.763357 ], [ 139.753553, 35.763317 ], [ 139.753996, 35.763089 ], [ 139.754432, 35.762839 ], [ 139.754413, 35.762823 ], [ 139.753668, 35.762399 ], [ 139.752779, 35.761907 ], [ 139.752507, 35.761757 ], [ 139.752142, 35.761574 ], [ 139.751783, 35.761385 ], [ 139.751643, 35.761311 ], [ 139.750433, 35.760672 ], [ 139.749375, 35.760068 ], [ 139.749329, 35.760039 ], [ 139.748997, 35.760466 ], [ 139.748752, 35.760725 ], [ 139.748665, 35.760845 ], [ 139.748842, 35.76093 ], [ 139.748871, 35.760944 ], [ 139.748648, 35.761219 ], [ 139.748622, 35.761241 ], [ 139.748608, 35.761253 ], [ 139.748583, 35.761274 ], [ 139.748556, 35.76136 ], [ 139.748514, 35.761494 ], [ 139.74851, 35.761498 ], [ 139.748475, 35.761525 ], [ 139.748464, 35.761533 ], [ 139.748303, 35.761597 ], [ 139.748151, 35.761672 ], [ 139.747825, 35.761864 ], [ 139.747794, 35.761873 ], [ 139.747787, 35.761855 ], [ 139.747777, 35.76186 ], [ 139.747768, 35.761865 ], [ 139.747411, 35.761984 ], [ 139.747311, 35.762009 ], [ 139.747145, 35.762073 ], [ 139.747102, 35.762089 ], [ 139.74708, 35.762092 ], [ 139.746854, 35.762128 ], [ 139.746567, 35.762129 ], [ 139.746104, 35.762132 ], [ 139.746098, 35.762132 ], [ 139.745826, 35.762135 ], [ 139.745861, 35.762747 ], [ 139.745861, 35.762758 ], [ 139.745894, 35.763188 ], [ 139.745924, 35.763877 ], [ 139.745928, 35.763882 ], [ 139.746049, 35.763917 ], [ 139.746523, 35.763968 ], [ 139.747094, 35.764016 ], [ 139.747095, 35.764012 ], [ 139.747097, 35.763996 ], [ 139.747111, 35.763917 ], [ 139.74712, 35.76371 ], [ 139.747144, 35.763699 ], [ 139.747279, 35.763675 ], [ 139.747376, 35.763667 ], [ 139.747482, 35.763652 ], [ 139.747669, 35.763613 ], [ 139.74771, 35.763605 ], [ 139.747995, 35.763495 ], [ 139.748061, 35.763483 ] ] ] } },
{ "type": "Feature", "properties": { "key": "北区|豊島5丁目", "ward": "北区", "town": "豊島５丁目" }, "geometry": { "type": "Polygon", "coordinates": [ [ [ 139.758197, 35.764534 ], [ 139.757355, 35.764156 ], [ 139.756453, 35.763752 ], [ 139.756285, 35.763693 ], [ 139.755827, 35.76353 ], [ 139.755765, 35.763503 ], [ 139.755154, 35.763236 ], [ 139.755067, 35.763198 ], [ 139.754824, 35.763084 ], [ 139.754432, 35.762839 ], [ 139.753996, 35.763089 ], [ 139.753553, 35.763317 ], [ 139.753477, 35.763357 ], [ 139.753039, 35.763521 ], [ 139.75242, 35.763739 ], [ 139.751942, 35.763884 ], [ 139.751941, 35.763315 ], [ 139.751828, 35.763314 ], [ 139.751633, 35.763219 ], [ 139.75155, 35.763253 ], [ 139.751053, 35.763248 ], [ 139.750719, 35.763252 ], [ 139.75067, 35.763061 ], [ 139.750572, 35.76275 ], [ 139.749966, 35.762772 ], [ 139.74942, 35.7628 ], [ 139.749481, 35.763173 ], [ 139.749465, 35.763439 ], [ 139.749434, 35.763442 ], [ 139.749459, 35.76376 ], [ 139.749495, 35.763964 ], [ 139.749498, 35.764049 ], [ 139.749537, 35.764217 ], [ 139.749531, 35.764294 ], [ 139.749425, 35.764308 ], [ 139.74924, 35.764372 ], [ 139.748666, 35.764629 ], [ 139.748569, 35.764672 ], [ 139.748226, 35.764804 ], [ 139.748176, 35.764804 ], [ 139.748116, 35.764816 ], [ 139.747899, 35.764808 ], [ 139.747846, 35.764804 ], [ 139.747871, 35.765149 ], [ 139.747876, 35.76523 ], [ 139.747896, 35.765511 ], [ 139.747911, 35.765716 ], [ 139.747924, 35.765902 ], [ 139.747919, 35.765964 ], [ 139.747901, 35.766188 ], [ 139.747892, 35.766308 ], [ 139.747881, 35.766448 ], [ 139.74783, 35.767099 ], [ 139.747852, 35.767101 ], [ 139.748271, 35.767144 ], [ 139.749519, 35.76724 ], [ 139.749867, 35.767268 ], [ 139.750339, 35.767318 ], [ 139.750652, 35.767362 ], [ 139.750991, 35.767409 ], [ 139.751644, 35.767555 ], [ 139.751865, 35.767604 ], [ 139.752168, 35.767672 ], [ 139.752423, 35.767729 ], [ 139.752854, 35.767825 ], [ 139.753076, 35.767875 ], [ 139.753996, 35.768076 ], [ 139.754756, 35.76828 ], [ 139.754771, 35.768288 ], [ 139.755483, 35.768635 ], [ 139.756995, 35.769507 ], [ 139.757211, 35.769659 ], [ 139.757619, 35.769946 ], [ 139.757825, 35.770017 ], [ 139.757956, 35.77003 ], [ 139.758708, 35.76954 ], [ 139.759284, 35.769182 ], [ 139.759524, 35.768947 ], [ 139.759857, 35.768528 ], [ 139.759968, 35.768354 ], [ 139.760087, 35.768038 ], [ 139.760198, 35.767631 ], [ 139.760243, 35.767361 ], [ 139.760237, 35.767109 ], [ 139.760163, 35.766703 ], [ 139.759993, 35.766349 ], [ 139.759769, 35.76604 ], [ 139.759397, 35.765638 ], [ 139.758797, 35.764987 ], [ 139.758197, 35.764534 ] ] ] } },
{ "type": "Feature", "properties": { "key": "北区|豊島6丁目", "ward": "北区", "town": "豊島６丁目" }, "geometry": { "type": "Polygon", "coordinates": [ [ [ 139.747036, 35.767037 ], [ 139.74714, 35.767039 ], [ 139.74733, 35.767047 ], [ 139.74783, 35.767099 ], [ 139.747881, 35.766448 ], [ 139.747892, 35.766308 ], [ 139.747901, 35.766188 ], [ 139.747919, 35.765964 ], [ 139.747924, 35.765902 ], [ 139.747911, 35.765716 ], [ 139.747896, 35.765511 ], [ 139.747876, 35.76523 ], [ 139.747871, 35.765149 ], [ 139.747846, 35.764804 ], [ 139.747899, 35.764808 ], [ 139.748116, 35.764816 ], [ 139.748176, 35.764804 ], [ 139.748226, 35.764804 ], [ 139.748569, 35.764672 ], [ 139.748666, 35.764629 ], [ 139.74924, 35.764372 ], [ 139.749425, 35.764308 ], [ 139.749531, 35.764294 ], [ 139.749537, 35.764217 ], [ 139.749498, 35.764049 ], [ 139.749495, 35.763964 ], [ 139.749459, 35.76376 ], [ 139.749434, 35.763442 ], [ 139.749159, 35.763448 ], [ 139.749025, 35.763267 ], [ 139.748884, 35.76318 ], [ 139.748679, 35.763241 ], [ 139.748667, 35.763246 ], [ 139.748569, 35.763274 ], [ 139.748425, 35.763292 ], [ 139.748395, 35.763316 ], [ 139.74832, 35.763455 ], [ 139.748217, 35.763485 ], [ 139.748061, 35.763483 ], [ 139.747995, 35.763495 ], [ 139.74771, 35.763605 ], [ 139.747669, 35.763613 ], [ 139.747482, 35.763652 ], [ 139.747376, 35.763667 ], [ 139.747279, 35.763675 ], [ 139.747144, 35.763699 ], [ 139.74712, 35.76371 ], [ 139.747111, 35.763917 ], [ 139.747097, 35.763996 ], [ 139.747095, 35.764012 ], [ 139.747094, 35.764016 ], [ 139.746523, 35.763968 ], [ 139.746049, 35.763917 ], [ 139.745928, 35.763882 ], [ 139.745858, 35.763987 ], [ 139.745775, 35.764078 ], [ 139.745563, 35.764267 ], [ 139.745386, 35.764226 ], [ 139.745127, 35.76421 ], [ 139.745121, 35.764373 ], [ 139.745151, 35.764526 ], [ 139.745238, 35.764659 ], [ 139.745333, 35.764871 ], [ 139.745331, 35.765049 ], [ 139.74529, 35.765231 ], [ 139.745318, 35.765403 ], [ 139.745366, 35.76561 ], [ 139.745477, 35.765889 ], [ 139.745562, 35.76616 ], [ 139.745663, 35.766502 ], [ 139.74576, 35.766869 ], [ 139.745838, 35.76712 ], [ 139.746515, 35.767073 ], [ 139.747036, 35.767037 ] ] ] } },
{ "type": "Feature", "properties": { "key": "北区|豊島7丁目", "ward": "北区", "town": "豊島７丁目" }, "geometry": { "type": "Polygon", "coordinates": [ [ [ 139.745477, 35.765889 ], [ 139.745366, 35.76561 ], [ 139.745318, 35.765403 ], [ 139.74529, 35.765231 ], [ 139.745331, 35.765049 ], [ 139.745333, 35.764871 ], [ 139.745238, 35.764659 ], [ 139.745151, 35.764526 ], [ 139.745121, 35.764373 ], [ 139.745127, 35.76421 ], [ 139.745386, 35.764226 ], [ 139.745563, 35.764267 ], [ 139.745775, 35.764078 ], [ 139.745858, 35.763987 ], [ 139.745928, 35.763882 ], [ 139.745924, 35.763877 ], [ 139.745894, 35.763188 ], [ 139.745861, 35.762758 ], [ 139.745861, 35.762747 ], [ 139.745826, 35.762135 ], [ 139.745426, 35.762144 ], [ 139.745335, 35.762143 ], [ 139.745238, 35.762141 ], [ 139.745173, 35.762141 ], [ 139.744926, 35.762146 ], [ 139.744789, 35.762136 ], [ 139.744643, 35.762124 ], [ 139.74436, 35.762095 ], [ 139.744396, 35.762106 ], [ 139.744075, 35.762092 ], [ 139.743994, 35.762081 ], [ 139.743441, 35.762077 ], [ 139.743402, 35.762089 ], [ 139.74336, 35.762078 ], [ 139.74313, 35.76207 ], [ 139.743013, 35.762089 ], [ 139.742894, 35.762103 ], [ 139.742718, 35.762119 ], [ 139.742708, 35.76212 ], [ 139.742554, 35.762131 ], [ 139.74255, 35.762132 ], [ 139.742335, 35.762153 ], [ 139.742317, 35.762823 ], [ 139.742303, 35.762924 ], [ 139.742312, 35.763405 ], [ 139.742334, 35.763431 ], [ 139.742334, 35.763764 ], [ 139.742343, 35.763932 ], [ 139.742442, 35.764204 ], [ 139.74248, 35.764402 ], [ 139.742494, 35.764526 ], [ 139.742487, 35.764699 ], [ 139.742453, 35.765103 ], [ 139.742479, 35.765194 ], [ 139.742503, 35.765472 ], [ 139.742506, 35.765633 ], [ 139.742514, 35.766116 ], [ 139.74219, 35.766087 ], [ 139.742178, 35.766435 ], [ 139.742172, 35.766562 ], [ 139.742194, 35.766879 ], [ 139.742214, 35.76701 ], [ 139.742238, 35.767116 ], [ 139.742303, 35.767377 ], [ 139.742501, 35.767762 ], [ 139.742665, 35.768018 ], [ 139.74282, 35.768246 ], [ 139.742852, 35.76823 ], [ 139.743266, 35.768049 ], [ 139.743761, 35.767822 ], [ 139.743904, 35.767766 ], [ 139.744442, 35.767549 ], [ 139.744716, 35.767445 ], [ 139.745234, 35.767278 ], [ 139.745723, 35.767142 ], [ 139.745838, 35.76712 ], [ 139.74576, 35.766869 ], [ 139.745663, 35.766502 ], [ 139.745562, 35.76616 ], [ 139.745477, 35.765889 ] ] ] } },
{ "type": "Feature", "properties": { "key": "北区|豊島8丁目", "ward": "北区", "town": "豊島８丁目" }, "geometry": { "type": "Polygon", "coordinates": [ [ [ 139.74219, 35.766087 ], [ 139.742514, 35.766116 ], [ 139.742506, 35.765633 ], [ 139.742503, 35.765472 ], [ 139.742479, 35.765194 ], [ 139.742453, 35.765103 ], [ 139.742487, 35.764699 ], [ 139.742494, 35.764526 ], [ 139.74248, 35.764402 ], [ 139.742442, 35.764204 ], [ 139.742343, 35.763932 ], [ 139.742254, 35.763929 ], [ 139.741486, 35.763936 ], [ 139.740962, 35.763937 ], [ 139.740549, 35.763937 ], [ 139.74032, 35.763922 ], [ 139.740105, 35.763929 ], [ 139.739876, 35.763952 ], [ 139.739621, 35.763938 ], [ 139.739266, 35.76394 ], [ 139.738914, 35.763964 ], [ 139.738867, 35.763954 ], [ 139.73857, 35.763958 ], [ 139.738158, 35.763931 ], [ 139.738056, 35.763902 ], [ 139.738055, 35.764174 ], [ 139.738213, 35.764187 ], [ 139.738213, 35.764388 ], [ 139.738213, 35.764648 ], [ 139.73822, 35.76517 ], [ 139.738215, 35.765514 ], [ 139.738223, 35.765985 ], [ 139.738532, 35.765997 ], [ 139.738633, 35.766015 ], [ 139.738607, 35.766462 ], [ 139.738634, 35.766488 ], [ 139.738609, 35.766867 ], [ 139.738599, 35.767259 ], [ 139.738587, 35.767342 ], [ 139.738595, 35.767519 ], [ 139.738596, 35.767548 ], [ 139.738601, 35.767688 ], [ 139.738604, 35.767793 ], [ 139.738601, 35.767899 ], [ 139.738574, 35.767986 ], [ 139.738557, 35.768044 ], [ 139.738513, 35.768092 ], [ 139.738411, 35.768128 ], [ 139.738415, 35.768136 ], [ 139.738491, 35.76828 ], [ 139.738552, 35.768386 ], [ 139.738555, 35.768393 ], [ 139.738675, 35.768669 ], [ 139.73868, 35.768747 ], [ 139.738682, 35.768768 ], [ 139.73869, 35.768857 ], [ 139.738699, 35.768901 ], [ 139.738917, 35.769707 ], [ 139.739233, 35.76964 ], [ 139.73974, 35.769512 ], [ 139.739937, 35.769458 ], [ 139.740043, 35.769428 ], [ 139.740105, 35.769411 ], [ 139.740457, 35.769283 ], [ 139.740765, 35.769155 ], [ 139.74094, 35.769092 ], [ 139.741481, 35.768885 ], [ 139.741678, 35.768792 ], [ 139.742149, 35.768568 ], [ 139.742202, 35.768543 ], [ 139.74282, 35.768246 ], [ 139.742665, 35.768018 ], [ 139.742501, 35.767762 ], [ 139.742303, 35.767377 ], [ 139.742238, 35.767116 ], [ 139.742214, 35.76701 ], [ 139.742194, 35.766879 ], [ 139.742172, 35.766562 ], [ 139.742178, 35.766435 ], [ 139.74219, 35.766087 ] ] ] } },
{ "type": "Feature", "properties": { "key": "北区|堀船1丁目", "ward": "北区", "town": "堀船１丁目" }, "geometry": { "type": "Polygon", "coordinates": [ [ [ 139.747023, 35.751705 ], [ 139.747107, 35.751634 ], [ 139.747157, 35.751596 ], [ 139.747483, 35.751351 ], [ 139.747703, 35.751171 ], [ 139.747307, 35.75117 ], [ 139.747157, 35.751171 ], [ 139.747001, 35.75117 ], [ 139.746765, 35.751176 ], [ 139.746554, 35.75123 ], [ 139.746318, 35.751321 ], [ 139.746264, 35.751368 ], [ 139.746101, 35.751443 ], [ 139.745801, 35.751558 ], [ 139.745774, 35.751525 ], [ 139.74566, 35.751295 ], [ 139.745437, 35.751345 ], [ 139.745258, 35.751346 ], [ 139.745187, 35.751183 ], [ 139.74509, 35.751162 ], [ 139.744842, 35.751152 ], [ 139.744322, 35.751142 ], [ 139.744258, 35.751164 ], [ 139.744016, 35.751291 ], [ 139.743734, 35.751343 ], [ 139.743269, 35.75147 ], [ 139.743069, 35.751539 ], [ 139.742628, 35.751724 ], [ 139.742621, 35.751727 ], [ 139.742476, 35.751797 ], [ 139.742103, 35.751954 ], [ 139.742032, 35.752001 ], [ 139.741997, 35.752017 ], [ 139.741863, 35.752084 ], [ 139.741552, 35.75176 ], [ 139.74147, 35.75181 ], [ 139.741279, 35.751894 ], [ 139.741229, 35.751841 ], [ 139.741068, 35.751602 ], [ 139.740974, 35.751516 ], [ 139.740819, 35.751419 ], [ 139.740564, 35.751278 ], [ 139.740443, 35.751201 ], [ 139.740251, 35.751045 ], [ 139.74021, 35.75103 ], [ 139.739837, 35.751337 ], [ 139.739458, 35.751633 ], [ 139.739019, 35.751999 ], [ 139.738711, 35.752285 ], [ 139.738722, 35.752289 ], [ 139.739592, 35.752373 ], [ 139.739876, 35.752444 ], [ 139.740116, 35.752487 ], [ 139.740322, 35.752537 ], [ 139.74075, 35.752586 ], [ 139.740969, 35.752619 ], [ 139.741457, 35.752721 ], [ 139.741593, 35.752823 ], [ 139.741617, 35.752869 ], [ 139.741669, 35.752999 ], [ 139.741725, 35.753129 ], [ 139.741781, 35.753245 ], [ 139.741898, 35.753416 ], [ 139.742053, 35.753594 ], [ 139.742146, 35.753702 ], [ 139.742332, 35.753913 ], [ 139.742405, 35.754011 ], [ 139.742434, 35.754127 ], [ 139.742404, 35.75428 ], [ 139.742346, 35.754418 ], [ 139.742277, 35.754626 ], [ 139.742308, 35.754828 ], [ 139.742394, 35.755015 ], [ 139.742442, 35.755086 ], [ 139.742572, 35.755149 ], [ 139.742764, 35.754983 ], [ 139.742966, 35.754822 ], [ 139.743391, 35.754494 ], [ 139.74385, 35.754153 ], [ 139.743967, 35.754061 ], [ 139.744089, 35.753972 ], [ 139.744191, 35.753893 ], [ 139.744524, 35.753628 ], [ 139.744706, 35.753493 ], [ 139.744865, 35.753366 ], [ 139.745222, 35.753087 ], [ 139.745341, 35.753004 ], [ 139.745479, 35.752898 ], [ 139.746047, 35.752461 ], [ 139.746133, 35.752401 ], [ 139.74638, 35.752218 ], [ 139.746534, 35.752093 ], [ 139.747023, 35.751705 ] ] ] } },
{ "type": "Feature", "properties": { "key": "北区|堀船2丁目", "ward": "北区", "town": "堀船２丁目" }, "geometry": { "type": "Polygon", "coordinates": [ [ [ 139.747871, 35.756637 ], [ 139.747878, 35.75659 ], [ 139.747918, 35.756485 ], [ 139.747925, 35.756359 ], [ 139.747935, 35.756246 ], [ 139.747912, 35.755933 ], [ 139.747908, 35.755804 ], [ 139.74789, 35.75555 ], [ 139.747876, 35.755378 ], [ 139.747831, 35.754947 ], [ 139.747807, 35.754611 ], [ 139.747738, 35.754142 ], [ 139.747709, 35.754062 ], [ 139.747625, 35.753725 ], [ 139.747616, 35.753698 ], [ 139.747579, 35.753532 ], [ 139.747494, 35.753087 ], [ 139.747509, 35.753047 ], [ 139.747621, 35.752998 ], [ 139.747681, 35.752983 ], [ 139.747724, 35.752905 ], [ 139.747746, 35.752734 ], [ 139.747751, 35.752386 ], [ 139.747731, 35.752167 ], [ 139.747689, 35.751931 ], [ 139.747629, 35.751652 ], [ 139.747597, 35.751558 ], [ 139.747483, 35.751351 ], [ 139.747157, 35.751596 ], [ 139.747107, 35.751634 ], [ 139.747023, 35.751705 ], [ 139.746534, 35.752093 ], [ 139.74638, 35.752218 ], [ 139.746133, 35.752401 ], [ 139.746047, 35.752461 ], [ 139.745479, 35.752898 ], [ 139.745341, 35.753004 ], [ 139.745222, 35.753087 ], [ 139.744865, 35.753366 ], [ 139.744706, 35.753493 ], [ 139.744524, 35.753628 ], [ 139.744191, 35.753893 ], [ 139.744089, 35.753972 ], [ 139.743967, 35.754061 ], [ 139.74385, 35.754153 ], [ 139.743391, 35.754494 ], [ 139.742966, 35.754822 ], [ 139.742764, 35.754983 ], [ 139.742572, 35.755149 ], [ 139.74259, 35.755163 ], [ 139.74289, 35.755328 ], [ 139.742909, 35.75537 ], [ 139.742875, 35.755509 ], [ 139.742777, 35.755838 ], [ 139.742728, 35.756053 ], [ 139.742655, 35.756294 ], [ 139.742564, 35.756554 ], [ 139.742442, 35.7567 ], [ 139.742482, 35.756742 ], [ 139.742611, 35.75688 ], [ 139.742712, 35.756801 ], [ 139.742875, 35.756881 ], [ 139.743028, 35.756917 ], [ 139.74391, 35.756974 ], [ 139.74426, 35.757012 ], [ 139.744359, 35.757039 ], [ 139.74451, 35.757079 ], [ 139.744909, 35.757279 ], [ 139.745019, 35.757338 ], [ 139.745368, 35.757433 ], [ 139.745769, 35.757504 ], [ 139.746145, 35.757639 ], [ 139.746357, 35.757533 ], [ 139.746482, 35.757469 ], [ 139.74659, 35.757383 ], [ 139.746756, 35.75725 ], [ 139.747008, 35.757137 ], [ 139.747068, 35.757127 ], [ 139.747151, 35.757119 ], [ 139.747215, 35.757114 ], [ 139.747553, 35.757062 ], [ 139.747585, 35.757048 ], [ 139.747755, 35.756861 ], [ 139.747871, 35.756637 ] ] ] } },
{ "type": "Feature", "properties": { "key": "北区|堀船3丁目", "ward": "北区", "town": "堀船３丁目" }, "geometry": { "type": "Polygon", "coordinates": [ [ [ 139.74958, 35.751048 ], [ 139.749313, 35.751042 ], [ 139.749066, 35.751055 ], [ 139.748571, 35.751082 ], [ 139.748434, 35.750845 ], [ 139.748409, 35.750859 ], [ 139.748399, 35.750879 ], [ 139.748247, 35.750928 ], [ 139.74812, 35.750862 ], [ 139.747924, 35.750997 ], [ 139.747791, 35.751091 ], [ 139.747703, 35.751171 ], [ 139.747483, 35.751351 ], [ 139.747597, 35.751558 ], [ 139.747629, 35.751652 ], [ 139.747689, 35.751931 ], [ 139.747731, 35.752167 ], [ 139.747751, 35.752386 ], [ 139.747746, 35.752734 ], [ 139.747724, 35.752905 ], [ 139.747681, 35.752983 ], [ 139.747621, 35.752998 ], [ 139.747509, 35.753047 ], [ 139.747494, 35.753087 ], [ 139.747579, 35.753532 ], [ 139.747616, 35.753698 ], [ 139.747625, 35.753725 ], [ 139.747709, 35.754062 ], [ 139.747738, 35.754142 ], [ 139.747807, 35.754611 ], [ 139.747831, 35.754947 ], [ 139.747876, 35.755378 ], [ 139.74789, 35.75555 ], [ 139.747908, 35.755804 ], [ 139.747912, 35.755933 ], [ 139.747935, 35.756246 ], [ 139.747925, 35.756359 ], [ 139.747918, 35.756485 ], [ 139.747878, 35.75659 ], [ 139.747871, 35.756637 ], [ 139.747755, 35.756861 ], [ 139.747585, 35.757048 ], [ 139.747553, 35.757062 ], [ 139.747215, 35.757114 ], [ 139.747151, 35.757119 ], [ 139.747068, 35.757127 ], [ 139.747008, 35.757137 ], [ 139.746756, 35.75725 ], [ 139.74659, 35.757383 ], [ 139.746482, 35.757469 ], [ 139.746357, 35.757533 ], [ 139.746145, 35.757639 ], [ 139.746144, 35.757676 ], [ 139.746306, 35.757748 ], [ 139.746377, 35.757826 ], [ 139.746408, 35.757902 ], [ 139.746385, 35.758018 ], [ 139.746328, 35.758145 ], [ 139.746251, 35.758278 ], [ 139.746222, 35.758404 ], [ 139.746252, 35.758487 ], [ 139.746425, 35.758664 ], [ 139.746472, 35.758705 ], [ 139.746753, 35.758802 ], [ 139.746897, 35.758838 ], [ 139.747058, 35.758861 ], [ 139.747149, 35.75886 ], [ 139.74773, 35.758852 ], [ 139.748007, 35.758833 ], [ 139.748248, 35.758825 ], [ 139.748178, 35.758491 ], [ 139.748203, 35.758221 ], [ 139.748215, 35.758127 ], [ 139.748273, 35.757958 ], [ 139.748369, 35.757697 ], [ 139.748517, 35.757471 ], [ 139.748766, 35.757241 ], [ 139.749014, 35.75705 ], [ 139.749422, 35.756787 ], [ 139.749695, 35.756646 ], [ 139.750073, 35.756464 ], [ 139.750239, 35.756376 ], [ 139.750654, 35.756216 ], [ 139.750706, 35.756195 ], [ 139.751189, 35.756011 ], [ 139.75141, 35.75596 ], [ 139.751506, 35.755938 ], [ 139.751313, 35.755608 ], [ 139.750724, 35.754853 ], [ 139.750566, 35.754651 ], [ 139.750342, 35.75435 ], [ 139.750262, 35.754263 ], [ 139.750196, 35.754076 ], [ 139.750175, 35.753944 ], [ 139.750206, 35.753908 ], [ 139.750582, 35.753867 ], [ 139.751046, 35.753817 ], [ 139.751016, 35.753603 ], [ 139.750996, 35.753427 ], [ 139.750945, 35.752963 ], [ 139.750946, 35.752837 ], [ 139.750914, 35.752617 ], [ 139.750887, 35.752582 ], [ 139.750784, 35.752526 ], [ 139.750711, 35.752415 ], [ 139.750687, 35.752379 ], [ 139.750671, 35.752325 ], [ 139.75066, 35.752319 ], [ 139.750568, 35.752318 ], [ 139.75051, 35.752313 ], [ 139.750353, 35.752298 ], [ 139.750291, 35.752279 ], [ 139.750181, 35.752117 ], [ 139.750172, 35.752101 ], [ 139.750125, 35.751981 ], [ 139.750021, 35.751912 ], [ 139.749951, 35.751779 ], [ 139.749852, 35.751775 ], [ 139.749659, 35.751518 ], [ 139.749556, 35.751475 ], [ 139.749527, 35.751386 ], [ 139.749522, 35.751326 ], [ 139.749523, 35.751318 ], [ 139.74945, 35.751149 ], [ 139.749436, 35.751117 ], [ 139.74958, 35.751048 ] ] ] } },
{ "type": "Feature", "properties": { "key": "北区|堀船4丁目", "ward": "北区", "town": "堀船４丁目" }, "geometry": { "type": "Polygon", "coordinates": [ [ [ 139.757386, 35.753635 ], [ 139.75724, 35.753187 ], [ 139.757058, 35.753236 ], [ 139.756709, 35.753305 ], [ 139.756685, 35.753309 ], [ 139.756589, 35.75333 ], [ 139.756263, 35.753351 ], [ 139.756247, 35.753352 ], [ 139.755937, 35.753354 ], [ 139.75561, 35.753373 ], [ 139.75558, 35.753375 ], [ 139.755231, 35.753398 ], [ 139.754853, 35.753435 ], [ 139.754486, 35.753463 ], [ 139.754326, 35.75348 ], [ 139.75383, 35.753532 ], [ 139.753707, 35.75353 ], [ 139.753686, 35.753528 ], [ 139.753617, 35.753525 ], [ 139.753076, 35.753593 ], [ 139.752331, 35.753686 ], [ 139.751953, 35.753733 ], [ 139.751821, 35.753745 ], [ 139.75179, 35.753621 ], [ 139.751588, 35.753634 ], [ 139.751369, 35.753649 ], [ 139.751317, 35.753633 ], [ 139.751248, 35.753613 ], [ 139.751016, 35.753603 ], [ 139.751046, 35.753817 ], [ 139.750582, 35.753867 ], [ 139.750206, 35.753908 ], [ 139.750175, 35.753944 ], [ 139.750196, 35.754076 ], [ 139.750262, 35.754263 ], [ 139.750342, 35.75435 ], [ 139.750566, 35.754651 ], [ 139.750724, 35.754853 ], [ 139.751313, 35.755608 ], [ 139.751506, 35.755938 ], [ 139.751979, 35.755815 ], [ 139.752072, 35.755799 ], [ 139.752526, 35.755715 ], [ 139.753164, 35.755609 ], [ 139.753673, 35.755526 ], [ 139.753816, 35.755502 ], [ 139.753981, 35.755475 ], [ 139.754101, 35.755455 ], [ 139.754335, 35.755416 ], [ 139.754953, 35.755315 ], [ 139.75508, 35.755294 ], [ 139.755326, 35.755253 ], [ 139.755769, 35.75518 ], [ 139.756264, 35.755099 ], [ 139.756456, 35.755062 ], [ 139.756824, 35.754992 ], [ 139.757105, 35.754938 ], [ 139.757743, 35.754825 ], [ 139.757673, 35.754572 ], [ 139.757386, 35.753635 ] ] ] } },
{ "type": "Feature", "properties": { "key": "北区|東十条1丁目", "ward": "北区", "town": "東十条１丁目" }, "geometry": { "type": "Polygon", "coordinates": [ [ [ 139.732677, 35.762206 ], [ 139.73285, 35.762266 ], [ 139.732866, 35.762041 ], [ 139.732862, 35.761873 ], [ 139.732858, 35.761749 ], [ 139.732829, 35.761295 ], [ 139.732768, 35.7612 ], [ 139.732777, 35.760899 ], [ 139.732769, 35.760644 ], [ 139.732772, 35.760217 ], [ 139.732755, 35.760214 ], [ 139.73278, 35.759809 ], [ 139.732783, 35.759762 ], [ 139.732888, 35.759458 ], [ 139.732751, 35.759415 ], [ 139.732727, 35.759433 ], [ 139.732487, 35.759348 ], [ 139.732153, 35.759185 ], [ 139.731835, 35.759416 ], [ 139.731558, 35.75961 ], [ 139.731231, 35.759852 ], [ 139.730996, 35.760007 ], [ 139.730885, 35.760092 ], [ 139.730346, 35.760464 ], [ 139.730061, 35.760678 ], [ 139.729858, 35.76082 ], [ 139.729778, 35.760862 ], [ 139.729751, 35.760884 ], [ 139.729544, 35.761013 ], [ 139.729402, 35.7611 ], [ 139.729057, 35.761351 ], [ 139.728959, 35.761422 ], [ 139.728844, 35.761509 ], [ 139.729162, 35.761789 ], [ 139.728913, 35.762004 ], [ 139.728882, 35.762084 ], [ 139.729187, 35.762198 ], [ 139.729358, 35.762261 ], [ 139.729458, 35.762302 ], [ 139.729752, 35.762421 ], [ 139.730466, 35.762704 ], [ 139.730982, 35.762921 ], [ 139.731438, 35.763106 ], [ 139.731783, 35.763251 ], [ 139.732075, 35.763374 ], [ 139.732266, 35.762979 ], [ 139.73236, 35.762778 ], [ 139.732396, 35.762685 ], [ 139.732453, 35.762543 ], [ 139.732616, 35.762273 ], [ 139.732677, 35.762206 ] ] ] } },
{ "type": "Feature", "properties": { "key": "北区|東十条2丁目", "ward": "北区", "town": "東十条２丁目" }, "geometry": { "type": "Polygon", "coordinates": [ [ [ 139.728844, 35.761509 ], [ 139.728589, 35.761682 ], [ 139.728322, 35.761883 ], [ 139.728261, 35.761924 ], [ 139.728215, 35.761955 ], [ 139.728116, 35.762022 ], [ 139.728077, 35.762057 ], [ 139.727583, 35.762501 ], [ 139.727564, 35.762521 ], [ 139.727485, 35.762608 ], [ 139.727724, 35.762808 ], [ 139.727903, 35.762917 ], [ 139.72827, 35.7631 ], [ 139.728328, 35.763126 ], [ 139.728544, 35.763222 ], [ 139.728688, 35.763277 ], [ 139.728408, 35.763731 ], [ 139.728253, 35.763992 ], [ 139.728677, 35.764121 ], [ 139.729108, 35.764271 ], [ 139.729415, 35.764377 ], [ 139.729633, 35.76445 ], [ 139.72983, 35.764515 ], [ 139.729891, 35.764536 ], [ 139.730377, 35.764702 ], [ 139.730748, 35.764835 ], [ 139.731101, 35.76495 ], [ 139.731391, 35.765037 ], [ 139.731571, 35.764646 ], [ 139.73164, 35.764496 ], [ 139.731786, 35.764135 ], [ 139.731978, 35.763656 ], [ 139.732075, 35.763374 ], [ 139.731783, 35.763251 ], [ 139.731438, 35.763106 ], [ 139.730982, 35.762921 ], [ 139.730466, 35.762704 ], [ 139.729752, 35.762421 ], [ 139.729458, 35.762302 ], [ 139.729358, 35.762261 ], [ 139.729187, 35.762198 ], [ 139.728882, 35.762084 ], [ 139.728913, 35.762004 ], [ 139.729162, 35.761789 ], [ 139.728844, 35.761509 ] ] ] } },
{ "type": "Feature", "properties": { "key": "北区|東十条3丁目", "ward": "北区", "town": "東十条３丁目" }, "geometry": { "type": "Polygon", "coordinates": [ [ [ 139.734187, 35.766914 ], [ 139.734289, 35.766888 ], [ 139.734322, 35.766818 ], [ 139.73446, 35.76666 ], [ 139.734687, 35.766716 ], [ 139.734907, 35.766354 ], [ 139.73474, 35.766343 ], [ 139.734117, 35.766369 ], [ 139.733834, 35.766394 ], [ 139.733731, 35.766404 ], [ 139.73355, 35.766399 ], [ 139.732594, 35.766121 ], [ 139.732278, 35.766029 ], [ 139.732172, 35.766045 ], [ 139.731975, 35.765995 ], [ 139.731532, 35.765826 ], [ 139.731129, 35.765677 ], [ 139.731304, 35.765285 ], [ 139.731391, 35.765037 ], [ 139.731101, 35.76495 ], [ 139.730748, 35.764835 ], [ 139.730377, 35.764702 ], [ 139.729891, 35.764536 ], [ 139.72983, 35.764515 ], [ 139.729633, 35.76445 ], [ 139.729415, 35.764377 ], [ 139.729108, 35.764271 ], [ 139.728677, 35.764121 ], [ 139.728253, 35.763992 ], [ 139.728408, 35.763731 ], [ 139.728688, 35.763277 ], [ 139.728544, 35.763222 ], [ 139.728328, 35.763126 ], [ 139.72827, 35.7631 ], [ 139.727903, 35.762917 ], [ 139.727724, 35.762808 ], [ 139.727485, 35.762608 ], [ 139.727106, 35.763018 ], [ 139.726538, 35.763685 ], [ 139.726445, 35.763822 ], [ 139.726259, 35.764153 ], [ 139.726024, 35.764593 ], [ 139.725828, 35.764932 ], [ 139.726765, 35.765305 ], [ 139.726835, 35.765339 ], [ 139.727125, 35.76548 ], [ 139.727425, 35.765618 ], [ 139.727727, 35.765758 ], [ 139.727727, 35.765762 ], [ 139.728091, 35.765925 ], [ 139.728438, 35.766081 ], [ 139.728457, 35.76609 ], [ 139.72899, 35.766343 ], [ 139.729268, 35.766472 ], [ 139.729589, 35.766621 ], [ 139.730094, 35.766869 ], [ 139.730107, 35.766863 ], [ 139.730179, 35.76688 ], [ 139.730499, 35.767011 ], [ 139.73056, 35.767035 ], [ 139.730709, 35.767097 ], [ 139.730916, 35.767154 ], [ 139.731095, 35.76718 ], [ 139.731536, 35.767239 ], [ 139.731561, 35.767239 ], [ 139.731803, 35.767264 ], [ 139.732071, 35.767282 ], [ 139.73224, 35.76729 ], [ 139.732451, 35.767313 ], [ 139.732674, 35.767323 ], [ 139.73301, 35.767378 ], [ 139.733064, 35.767396 ], [ 139.733408, 35.767455 ], [ 139.733503, 35.767483 ], [ 139.733906, 35.767571 ], [ 139.733955, 35.767439 ], [ 139.734031, 35.76738 ], [ 139.734049, 35.767315 ], [ 139.734187, 35.766914 ] ] ] } },
{ "type": "Feature", "properties": { "key": "北区|東十条4丁目", "ward": "北区", "town": "東十条４丁目" }, "geometry": { "type": "Polygon", "coordinates": [ [ [ 139.725828, 35.764932 ], [ 139.725815, 35.764954 ], [ 139.725507, 35.765489 ], [ 139.725101, 35.76619 ], [ 139.725064, 35.766254 ], [ 139.724955, 35.766455 ], [ 139.724768, 35.766818 ], [ 139.724749, 35.766853 ], [ 139.725394, 35.767022 ], [ 139.725762, 35.767119 ], [ 139.726055, 35.767197 ], [ 139.726795, 35.767408 ], [ 139.7272, 35.767525 ], [ 139.727562, 35.767629 ], [ 139.727972, 35.767748 ], [ 139.728281, 35.767837 ], [ 139.728459, 35.767891 ], [ 139.728905, 35.768026 ], [ 139.729388, 35.768145 ], [ 139.729527, 35.768179 ], [ 139.729637, 35.768206 ], [ 139.729784, 35.767872 ], [ 139.729842, 35.767682 ], [ 139.729912, 35.767381 ], [ 139.729965, 35.767216 ], [ 139.730094, 35.766869 ], [ 139.729589, 35.766621 ], [ 139.729268, 35.766472 ], [ 139.72899, 35.766343 ], [ 139.728457, 35.76609 ], [ 139.728438, 35.766081 ], [ 139.728091, 35.765925 ], [ 139.727727, 35.765762 ], [ 139.727727, 35.765758 ], [ 139.727425, 35.765618 ], [ 139.727125, 35.76548 ], [ 139.726835, 35.765339 ], [ 139.726765, 35.765305 ], [ 139.725828, 35.764932 ] ] ] } },
{ "type": "Feature", "properties": { "key": "北区|東十条5丁目", "ward": "北区", "town": "東十条５丁目" }, "geometry": { "type": "Polygon", "coordinates": [ [ [ 139.727352, 35.769437 ], [ 139.727978, 35.769665 ], [ 139.728191, 35.769292 ], [ 139.728179, 35.769295 ], [ 139.728352, 35.768992 ], [ 139.728379, 35.768958 ], [ 139.728593, 35.768575 ], [ 139.72867, 35.768426 ], [ 139.728905, 35.768026 ], [ 139.728459, 35.767891 ], [ 139.728281, 35.767837 ], [ 139.727972, 35.767748 ], [ 139.727562, 35.767629 ], [ 139.7272, 35.767525 ], [ 139.726795, 35.767408 ], [ 139.726055, 35.767197 ], [ 139.725762, 35.767119 ], [ 139.725394, 35.767022 ], [ 139.724749, 35.766853 ], [ 139.724521, 35.767258 ], [ 139.724503, 35.767291 ], [ 139.724455, 35.76738 ], [ 139.724203, 35.767774 ], [ 139.724076, 35.768021 ], [ 139.72394, 35.768239 ], [ 139.723777, 35.768501 ], [ 139.723637, 35.768628 ], [ 139.723585, 35.768659 ], [ 139.723401, 35.76901 ], [ 139.723412, 35.769116 ], [ 139.724029, 35.769324 ], [ 139.724397, 35.769448 ], [ 139.724711, 35.769568 ], [ 139.725417, 35.769828 ], [ 139.726155, 35.770093 ], [ 139.726817, 35.770345 ], [ 139.727053, 35.769951 ], [ 139.727137, 35.76979 ], [ 139.727333, 35.769445 ], [ 139.727352, 35.769437 ] ] ] } },
{ "type": "Feature", "properties": { "key": "北区|東十条6丁目", "ward": "北区", "town": "東十条６丁目" }, "geometry": { "type": "Polygon", "coordinates": [ [ [ 139.726, 35.7718 ], [ 139.726222, 35.771399 ], [ 139.72654, 35.770838 ], [ 139.726546, 35.770836 ], [ 139.726807, 35.770362 ], [ 139.726817, 35.770345 ], [ 139.726155, 35.770093 ], [ 139.725417, 35.769828 ], [ 139.724711, 35.769568 ], [ 139.724397, 35.769448 ], [ 139.724029, 35.769324 ], [ 139.723412, 35.769116 ], [ 139.72329, 35.769226 ], [ 139.723166, 35.76948 ], [ 139.723, 35.769791 ], [ 139.722843, 35.770117 ], [ 139.72276, 35.770247 ], [ 139.722632, 35.770535 ], [ 139.7226, 35.770628 ], [ 139.722462, 35.770924 ], [ 139.722336, 35.771346 ], [ 139.722274, 35.771642 ], [ 139.722241, 35.771635 ], [ 139.722201, 35.77169 ], [ 139.722592, 35.771804 ], [ 139.722694, 35.771623 ], [ 139.722719, 35.771618 ], [ 139.723299, 35.771832 ], [ 139.723476, 35.771893 ], [ 139.723486, 35.77189 ], [ 139.72359, 35.771931 ], [ 139.723607, 35.771966 ], [ 139.723691, 35.771997 ], [ 139.723679, 35.772022 ], [ 139.724069, 35.772163 ], [ 139.724123, 35.772151 ], [ 139.724137, 35.772161 ], [ 139.72485, 35.772445 ], [ 139.724863, 35.772452 ], [ 139.724963, 35.772508 ], [ 139.725712, 35.772529 ], [ 139.725702, 35.772314 ], [ 139.726, 35.7718 ] ] ] } },
{ "type": "Feature", "properties": { "key": "北区|王子本町1丁目", "ward": "北区", "town": "王子本町１丁目" }, "geometry": { "type": "Polygon", "coordinates": [ [ [ 139.735504, 35.754073 ], [ 139.735711, 35.754168 ], [ 139.735712, 35.754161 ], [ 139.735841, 35.75401 ], [ 139.735853, 35.753997 ], [ 139.735885, 35.753949 ], [ 139.735873, 35.753899 ], [ 139.736267, 35.753515 ], [ 139.736419, 35.753325 ], [ 139.736465, 35.753253 ], [ 139.736401, 35.753168 ], [ 139.736478, 35.753058 ], [ 139.736395, 35.752969 ], [ 139.736267, 35.752749 ], [ 139.736204, 35.752673 ], [ 139.735899, 35.75235 ], [ 139.735855, 35.752302 ], [ 139.735696, 35.75219 ], [ 139.735448, 35.752063 ], [ 139.735192, 35.752067 ], [ 139.734937, 35.752117 ], [ 139.734875, 35.752118 ], [ 139.734556, 35.752139 ], [ 139.734546, 35.752138 ], [ 139.734296, 35.752098 ], [ 139.734261, 35.752088 ], [ 139.734159, 35.752076 ], [ 139.733851, 35.751962 ], [ 139.73362, 35.75185 ], [ 139.733387, 35.751818 ], [ 139.733189, 35.751824 ], [ 139.732747, 35.751901 ], [ 139.732659, 35.751953 ], [ 139.73264, 35.751983 ], [ 139.732268, 35.752233 ], [ 139.732027, 35.752334 ], [ 139.731853, 35.752156 ], [ 139.731682, 35.751822 ], [ 139.731633, 35.751767 ], [ 139.731532, 35.751718 ], [ 139.731409, 35.751723 ], [ 139.731346, 35.75175 ], [ 139.731144, 35.751893 ], [ 139.731102, 35.751991 ], [ 139.731106, 35.752147 ], [ 139.731166, 35.752329 ], [ 139.731147, 35.752528 ], [ 139.731119, 35.75256 ], [ 139.730945, 35.752644 ], [ 139.730765, 35.752656 ], [ 139.730655, 35.752642 ], [ 139.73037, 35.752549 ], [ 139.730358, 35.752552 ], [ 139.730316, 35.752757 ], [ 139.730242, 35.752962 ], [ 139.730209, 35.753022 ], [ 139.730952, 35.753207 ], [ 139.731034, 35.753228 ], [ 139.731561, 35.753353 ], [ 139.731804, 35.753417 ], [ 139.73231, 35.753534 ], [ 139.732383, 35.753555 ], [ 139.732281, 35.753832 ], [ 139.732226, 35.754164 ], [ 139.732225, 35.754319 ], [ 139.732245, 35.754449 ], [ 139.732523, 35.754452 ], [ 139.732387, 35.754594 ], [ 139.732264, 35.754741 ], [ 139.731902, 35.755143 ], [ 139.732167, 35.755165 ], [ 139.732466, 35.755262 ], [ 139.732588, 35.755313 ], [ 139.732824, 35.755403 ], [ 139.732904, 35.755442 ], [ 139.733133, 35.755566 ], [ 139.73331, 35.755688 ], [ 139.73372, 35.755336 ], [ 139.733687, 35.75525 ], [ 139.733978, 35.755177 ], [ 139.734023, 35.75505 ], [ 139.734336, 35.754951 ], [ 139.734448, 35.754857 ], [ 139.734539, 35.754696 ], [ 139.734586, 35.754467 ], [ 139.734886, 35.754392 ], [ 139.735007, 35.754376 ], [ 139.735243, 35.754288 ], [ 139.735332, 35.754231 ], [ 139.735504, 35.754073 ] ] ] } },
{ "type": "Feature", "properties": { "key": "北区|王子本町2丁目", "ward": "北区", "town": "王子本町２丁目" }, "geometry": { "type": "Polygon", "coordinates": [ [ [ 139.730209, 35.753022 ], [ 139.730165, 35.753074 ], [ 139.730089, 35.753224 ], [ 139.729963, 35.753437 ], [ 139.729902, 35.753567 ], [ 139.729851, 35.753821 ], [ 139.72984, 35.753908 ], [ 139.729822, 35.754049 ], [ 139.729796, 35.7542 ], [ 139.729745, 35.754495 ], [ 139.729724, 35.75467 ], [ 139.729671, 35.755109 ], [ 139.729614, 35.755587 ], [ 139.729611, 35.755608 ], [ 139.729572, 35.755938 ], [ 139.729746, 35.75607 ], [ 139.729819, 35.756128 ], [ 139.730017, 35.756309 ], [ 139.730041, 35.75634 ], [ 139.730237, 35.756589 ], [ 139.730294, 35.756654 ], [ 139.730585, 35.756865 ], [ 139.730595, 35.756871 ], [ 139.731109, 35.757189 ], [ 139.73127, 35.757303 ], [ 139.73157, 35.757515 ], [ 139.731709, 35.757501 ], [ 139.73181, 35.757411 ], [ 139.731995, 35.757193 ], [ 139.7322, 35.756946 ], [ 139.732334, 35.756801 ], [ 139.732554, 35.756541 ], [ 139.732642, 35.756493 ], [ 139.732784, 35.756376 ], [ 139.732878, 35.756303 ], [ 139.733464, 35.755769 ], [ 139.733342, 35.755711 ], [ 139.73331, 35.755688 ], [ 139.733133, 35.755566 ], [ 139.732904, 35.755442 ], [ 139.732824, 35.755403 ], [ 139.732588, 35.755313 ], [ 139.732466, 35.755262 ], [ 139.732167, 35.755165 ], [ 139.731902, 35.755143 ], [ 139.732264, 35.754741 ], [ 139.732387, 35.754594 ], [ 139.732523, 35.754452 ], [ 139.732245, 35.754449 ], [ 139.732225, 35.754319 ], [ 139.732226, 35.754164 ], [ 139.732281, 35.753832 ], [ 139.732383, 35.753555 ], [ 139.73231, 35.753534 ], [ 139.731804, 35.753417 ], [ 139.731561, 35.753353 ], [ 139.731034, 35.753228 ], [ 139.730952, 35.753207 ], [ 139.730209, 35.753022 ] ] ] } },
{ "type": "Feature", "properties": { "key": "北区|王子本町3丁目", "ward": "北区", "town": "王子本町３丁目" }, "geometry": { "type": "Polygon", "coordinates": [ [ [ 139.729851, 35.753821 ], [ 139.729902, 35.753567 ], [ 139.729963, 35.753437 ], [ 139.730089, 35.753224 ], [ 139.730165, 35.753074 ], [ 139.730209, 35.753022 ], [ 139.730242, 35.752962 ], [ 139.729917, 35.752879 ], [ 139.729469, 35.752792 ], [ 139.729144, 35.752717 ], [ 139.729073, 35.752701 ], [ 139.728926, 35.752674 ], [ 139.728783, 35.752656 ], [ 139.728416, 35.752592 ], [ 139.728389, 35.752588 ], [ 139.728164, 35.752551 ], [ 139.727925, 35.752504 ], [ 139.727592, 35.752424 ], [ 139.727231, 35.752294 ], [ 139.727147, 35.752251 ], [ 139.726831, 35.752138 ], [ 139.726737, 35.752114 ], [ 139.726602, 35.752075 ], [ 139.726481, 35.752055 ], [ 139.726447, 35.752054 ], [ 139.726191, 35.752053 ], [ 139.725964, 35.752051 ], [ 139.725801, 35.752049 ], [ 139.725594, 35.752049 ], [ 139.725302, 35.752044 ], [ 139.725227, 35.752042 ], [ 139.724916, 35.752038 ], [ 139.724908, 35.752038 ], [ 139.724615, 35.752033 ], [ 139.724596, 35.752111 ], [ 139.724616, 35.752226 ], [ 139.724617, 35.752356 ], [ 139.724747, 35.752643 ], [ 139.724761, 35.752699 ], [ 139.724822, 35.752788 ], [ 139.724981, 35.752846 ], [ 139.725316, 35.752876 ], [ 139.725408, 35.752894 ], [ 139.726026, 35.752963 ], [ 139.72619, 35.752988 ], [ 139.726797, 35.753062 ], [ 139.727032, 35.753024 ], [ 139.727323, 35.753006 ], [ 139.727464, 35.753005 ], [ 139.727733, 35.75307 ], [ 139.727807, 35.753258 ], [ 139.727938, 35.753345 ], [ 139.728243, 35.75347 ], [ 139.728393, 35.753509 ], [ 139.728501, 35.753513 ], [ 139.728437, 35.753846 ], [ 139.728038, 35.753822 ], [ 139.728008, 35.754079 ], [ 139.727955, 35.754534 ], [ 139.727914, 35.754891 ], [ 139.728829, 35.754954 ], [ 139.728875, 35.754957 ], [ 139.728867, 35.755041 ], [ 139.729671, 35.755109 ], [ 139.729724, 35.75467 ], [ 139.729745, 35.754495 ], [ 139.729796, 35.7542 ], [ 139.729822, 35.754049 ], [ 139.72984, 35.753908 ], [ 139.729851, 35.753821 ] ] ] } },
{ "type": "Feature", "properties": { "key": "北区|岸町1丁目", "ward": "北区", "town": "岸町１丁目" }, "geometry": { "type": "Polygon", "coordinates": [ [ [ 139.73674, 35.753594 ], [ 139.736799, 35.753528 ], [ 139.737132, 35.753158 ], [ 139.736988, 35.753113 ], [ 139.736665, 35.753109 ], [ 139.736564, 35.753095 ], [ 139.736478, 35.753058 ], [ 139.736401, 35.753168 ], [ 139.736465, 35.753253 ], [ 139.736419, 35.753325 ], [ 139.736267, 35.753515 ], [ 139.735873, 35.753899 ], [ 139.735885, 35.753949 ], [ 139.735853, 35.753997 ], [ 139.735841, 35.75401 ], [ 139.735712, 35.754161 ], [ 139.735711, 35.754168 ], [ 139.735504, 35.754073 ], [ 139.735332, 35.754231 ], [ 139.735243, 35.754288 ], [ 139.735007, 35.754376 ], [ 139.734886, 35.754392 ], [ 139.734586, 35.754467 ], [ 139.734539, 35.754696 ], [ 139.734448, 35.754857 ], [ 139.734336, 35.754951 ], [ 139.734023, 35.75505 ], [ 139.733978, 35.755177 ], [ 139.733687, 35.75525 ], [ 139.73372, 35.755336 ], [ 139.73331, 35.755688 ], [ 139.733342, 35.755711 ], [ 139.733464, 35.755769 ], [ 139.732878, 35.756303 ], [ 139.732784, 35.756376 ], [ 139.732642, 35.756493 ], [ 139.732554, 35.756541 ], [ 139.732334, 35.756801 ], [ 139.7322, 35.756946 ], [ 139.731995, 35.757193 ], [ 139.73181, 35.757411 ], [ 139.731709, 35.757501 ], [ 139.73157, 35.757515 ], [ 139.731641, 35.757548 ], [ 139.731633, 35.757652 ], [ 139.73153, 35.757802 ], [ 139.731523, 35.757903 ], [ 139.731611, 35.757966 ], [ 139.73178, 35.758031 ], [ 139.731966, 35.75817 ], [ 139.732138, 35.758285 ], [ 139.732335, 35.758374 ], [ 139.732653, 35.758537 ], [ 139.732869, 35.758687 ], [ 139.73314, 35.758439 ], [ 139.73326, 35.758314 ], [ 139.733338, 35.758243 ], [ 139.733546, 35.757993 ], [ 139.733709, 35.757774 ], [ 139.733799, 35.757617 ], [ 139.7339, 35.757466 ], [ 139.734034, 35.757328 ], [ 139.734171, 35.75709 ], [ 139.734337, 35.756864 ], [ 139.734421, 35.756742 ], [ 139.734878, 35.75607 ], [ 139.734898, 35.75604 ], [ 139.735347, 35.755381 ], [ 139.736084, 35.754331 ], [ 139.736103, 35.754303 ], [ 139.736109, 35.754297 ], [ 139.736129, 35.754275 ], [ 139.73674, 35.753594 ] ] ] } },
{ "type": "Feature", "properties": { "key": "北区|岸町2丁目", "ward": "北区", "town": "岸町２丁目" }, "geometry": { "type": "Polygon", "coordinates": [ [ [ 139.728077, 35.762057 ], [ 139.728116, 35.762022 ], [ 139.728215, 35.761955 ], [ 139.728261, 35.761924 ], [ 139.728322, 35.761883 ], [ 139.728589, 35.761682 ], [ 139.728844, 35.761509 ], [ 139.728959, 35.761422 ], [ 139.729057, 35.761351 ], [ 139.729402, 35.7611 ], [ 139.729544, 35.761013 ], [ 139.729751, 35.760884 ], [ 139.729778, 35.760862 ], [ 139.729858, 35.76082 ], [ 139.730061, 35.760678 ], [ 139.730346, 35.760464 ], [ 139.730885, 35.760092 ], [ 139.730996, 35.760007 ], [ 139.731231, 35.759852 ], [ 139.731558, 35.75961 ], [ 139.731835, 35.759416 ], [ 139.732153, 35.759185 ], [ 139.732579, 35.758895 ], [ 139.732787, 35.758756 ], [ 139.732869, 35.758687 ], [ 139.732653, 35.758537 ], [ 139.732335, 35.758374 ], [ 139.732138, 35.758285 ], [ 139.731966, 35.75817 ], [ 139.73178, 35.758031 ], [ 139.731611, 35.757966 ], [ 139.731523, 35.757903 ], [ 139.73153, 35.757802 ], [ 139.731633, 35.757652 ], [ 139.731641, 35.757548 ], [ 139.73157, 35.757515 ], [ 139.731383, 35.757749 ], [ 139.731372, 35.757901 ], [ 139.731181, 35.758126 ], [ 139.731091, 35.758204 ], [ 139.731027, 35.758167 ], [ 139.730997, 35.758185 ], [ 139.730792, 35.758413 ], [ 139.730776, 35.758431 ], [ 139.730489, 35.758716 ], [ 139.730318, 35.75891 ], [ 139.730057, 35.759151 ], [ 139.729831, 35.759396 ], [ 139.729629, 35.759629 ], [ 139.729495, 35.759666 ], [ 139.729346, 35.759825 ], [ 139.729297, 35.759978 ], [ 139.72928, 35.760051 ], [ 139.729176, 35.760283 ], [ 139.729073, 35.760402 ], [ 139.72891, 35.76049 ], [ 139.728883, 35.760519 ], [ 139.728768, 35.760643 ], [ 139.728665, 35.760709 ], [ 139.728544, 35.760834 ], [ 139.728376, 35.761032 ], [ 139.728286, 35.761137 ], [ 139.728214, 35.761191 ], [ 139.728184, 35.761213 ], [ 139.728115, 35.7613 ], [ 139.728032, 35.761404 ], [ 139.727835, 35.761702 ], [ 139.727715, 35.761832 ], [ 139.72775, 35.761856 ], [ 139.727682, 35.761925 ], [ 139.727631, 35.761978 ], [ 139.727708, 35.762038 ], [ 139.727533, 35.762222 ], [ 139.727386, 35.762164 ], [ 139.72729, 35.762341 ], [ 139.727583, 35.762501 ], [ 139.728077, 35.762057 ] ] ] } },
{ "type": "Feature", "properties": { "key": "北区|中十条1丁目", "ward": "北区", "town": "中十条１丁目" }, "geometry": { "type": "Polygon", "coordinates": [ [ [ 139.731027, 35.758167 ], [ 139.731091, 35.758204 ], [ 139.731181, 35.758126 ], [ 139.731372, 35.757901 ], [ 139.731383, 35.757749 ], [ 139.73157, 35.757515 ], [ 139.73127, 35.757303 ], [ 139.731109, 35.757189 ], [ 139.730595, 35.756871 ], [ 139.730585, 35.756865 ], [ 139.730294, 35.756654 ], [ 139.730237, 35.756589 ], [ 139.730041, 35.75634 ], [ 139.730017, 35.756309 ], [ 139.729819, 35.756128 ], [ 139.729746, 35.75607 ], [ 139.729572, 35.755938 ], [ 139.729565, 35.755995 ], [ 139.729541, 35.756152 ], [ 139.729477, 35.756407 ], [ 139.729445, 35.756632 ], [ 139.729443, 35.756647 ], [ 139.729422, 35.756857 ], [ 139.729364, 35.757282 ], [ 139.729336, 35.757457 ], [ 139.729332, 35.757474 ], [ 139.729324, 35.757509 ], [ 139.729237, 35.757658 ], [ 139.729133, 35.757824 ], [ 139.729126, 35.757835 ], [ 139.729103, 35.757883 ], [ 139.729001, 35.7581 ], [ 139.728953, 35.758098 ], [ 139.728324, 35.758072 ], [ 139.727998, 35.758068 ], [ 139.727978, 35.758068 ], [ 139.727839, 35.758059 ], [ 139.727249, 35.758066 ], [ 139.72708, 35.758054 ], [ 139.726667, 35.758067 ], [ 139.726707, 35.758196 ], [ 139.726389, 35.758316 ], [ 139.726407, 35.758395 ], [ 139.726789, 35.75842 ], [ 139.727078, 35.758428 ], [ 139.726895, 35.758678 ], [ 139.726822, 35.758758 ], [ 139.726695, 35.758898 ], [ 139.726616, 35.758991 ], [ 139.726583, 35.759023 ], [ 139.726516, 35.759094 ], [ 139.726301, 35.759239 ], [ 139.726155, 35.759432 ], [ 139.72609, 35.759463 ], [ 139.725969, 35.759572 ], [ 139.72588, 35.75967 ], [ 139.725743, 35.759781 ], [ 139.725663, 35.759877 ], [ 139.725649, 35.759893 ], [ 139.725302, 35.76029 ], [ 139.725729, 35.760517 ], [ 139.725981, 35.760616 ], [ 139.726192, 35.760691 ], [ 139.726436, 35.760801 ], [ 139.726814, 35.760983 ], [ 139.726944, 35.761055 ], [ 139.726886, 35.761115 ], [ 139.726977, 35.761202 ], [ 139.72727, 35.76137 ], [ 139.727574, 35.761519 ], [ 139.727525, 35.76176 ], [ 139.727438, 35.761853 ], [ 139.727372, 35.761982 ], [ 139.727404, 35.762111 ], [ 139.727386, 35.762164 ], [ 139.727533, 35.762222 ], [ 139.727708, 35.762038 ], [ 139.727631, 35.761978 ], [ 139.727682, 35.761925 ], [ 139.72775, 35.761856 ], [ 139.727715, 35.761832 ], [ 139.727835, 35.761702 ], [ 139.728032, 35.761404 ], [ 139.728115, 35.7613 ], [ 139.728184, 35.761213 ], [ 139.728214, 35.761191 ], [ 139.728286, 35.761137 ], [ 139.728376, 35.761032 ], [ 139.728544, 35.760834 ], [ 139.728665, 35.760709 ], [ 139.728768, 35.760643 ], [ 139.728883, 35.760519 ], [ 139.72891, 35.76049 ], [ 139.729073, 35.760402 ], [ 139.729176, 35.760283 ], [ 139.72928, 35.760051 ], [ 139.729297, 35.759978 ], [ 139.729346, 35.759825 ], [ 139.729495, 35.759666 ], [ 139.729629, 35.759629 ], [ 139.729831, 35.759396 ], [ 139.730057, 35.759151 ], [ 139.730318, 35.75891 ], [ 139.730489, 35.758716 ], [ 139.730776, 35.758431 ], [ 139.730792, 35.758413 ], [ 139.730997, 35.758185 ], [ 139.731027, 35.758167 ] ] ] } },
{ "type": "Feature", "properties": { "key": "北区|中十条2丁目", "ward": "北区", "town": "中十条２丁目" }, "geometry": { "type": "Polygon", "coordinates": [ [ [ 139.727485, 35.762608 ], [ 139.727564, 35.762521 ], [ 139.727583, 35.762501 ], [ 139.72729, 35.762341 ], [ 139.727386, 35.762164 ], [ 139.727404, 35.762111 ], [ 139.727372, 35.761982 ], [ 139.727438, 35.761853 ], [ 139.727525, 35.76176 ], [ 139.727574, 35.761519 ], [ 139.72727, 35.76137 ], [ 139.726977, 35.761202 ], [ 139.726886, 35.761115 ], [ 139.726944, 35.761055 ], [ 139.726814, 35.760983 ], [ 139.726436, 35.760801 ], [ 139.726192, 35.760691 ], [ 139.725981, 35.760616 ], [ 139.725729, 35.760517 ], [ 139.725302, 35.76029 ], [ 139.725166, 35.76038 ], [ 139.725021, 35.760508 ], [ 139.724952, 35.760547 ], [ 139.724702, 35.760689 ], [ 139.724549, 35.760791 ], [ 139.724554, 35.76081 ], [ 139.724454, 35.760853 ], [ 139.724048, 35.76112 ], [ 139.724124, 35.761293 ], [ 139.724078, 35.761435 ], [ 139.72398, 35.761609 ], [ 139.723977, 35.761621 ], [ 139.723777, 35.761597 ], [ 139.72345, 35.761557 ], [ 139.723382, 35.761558 ], [ 139.723122, 35.761529 ], [ 139.722827, 35.76146 ], [ 139.722758, 35.761444 ], [ 139.722684, 35.761427 ], [ 139.722637, 35.761432 ], [ 139.722366, 35.76138 ], [ 139.722197, 35.761393 ], [ 139.722224, 35.761666 ], [ 139.722226, 35.762009 ], [ 139.722229, 35.76236 ], [ 139.722223, 35.762942 ], [ 139.722363, 35.762906 ], [ 139.722562, 35.76289 ], [ 139.723032, 35.762863 ], [ 139.723163, 35.762881 ], [ 139.723394, 35.762868 ], [ 139.723452, 35.762865 ], [ 139.723894, 35.762877 ], [ 139.723941, 35.762878 ], [ 139.724362, 35.76289 ], [ 139.724489, 35.762894 ], [ 139.724759, 35.762911 ], [ 139.725079, 35.762931 ], [ 139.725505, 35.762977 ], [ 139.725582, 35.762788 ], [ 139.726044, 35.762871 ], [ 139.726321, 35.762904 ], [ 139.726428, 35.762899 ], [ 139.726817, 35.76292 ], [ 139.727075, 35.763005 ], [ 139.727106, 35.763018 ], [ 139.727485, 35.762608 ] ] ] } },
{ "type": "Feature", "properties": { "key": "北区|中十条3丁目", "ward": "北区", "town": "中十条３丁目" }, "geometry": { "type": "Polygon", "coordinates": [ [ [ 139.724955, 35.766455 ], [ 139.725064, 35.766254 ], [ 139.725101, 35.76619 ], [ 139.725507, 35.765489 ], [ 139.725815, 35.764954 ], [ 139.725828, 35.764932 ], [ 139.726024, 35.764593 ], [ 139.726259, 35.764153 ], [ 139.726445, 35.763822 ], [ 139.726538, 35.763685 ], [ 139.727106, 35.763018 ], [ 139.727075, 35.763005 ], [ 139.726817, 35.76292 ], [ 139.726428, 35.762899 ], [ 139.726321, 35.762904 ], [ 139.726044, 35.762871 ], [ 139.725582, 35.762788 ], [ 139.725505, 35.762977 ], [ 139.725079, 35.762931 ], [ 139.724759, 35.762911 ], [ 139.724489, 35.762894 ], [ 139.724362, 35.76289 ], [ 139.723941, 35.762878 ], [ 139.723894, 35.762877 ], [ 139.723452, 35.762865 ], [ 139.723394, 35.762868 ], [ 139.723163, 35.762881 ], [ 139.723032, 35.762863 ], [ 139.722562, 35.76289 ], [ 139.722363, 35.762906 ], [ 139.722223, 35.762942 ], [ 139.722223, 35.763178 ], [ 139.722243, 35.763178 ], [ 139.72222, 35.764 ], [ 139.722228, 35.764174 ], [ 139.722231, 35.76423 ], [ 139.72222, 35.764895 ], [ 139.722216, 35.765075 ], [ 139.722229, 35.765605 ], [ 139.722239, 35.765716 ], [ 139.722227, 35.765935 ], [ 139.722233, 35.76608 ], [ 139.722226, 35.766126 ], [ 139.722203, 35.766283 ], [ 139.722187, 35.766462 ], [ 139.722384, 35.766464 ], [ 139.722942, 35.766503 ], [ 139.723024, 35.766507 ], [ 139.723129, 35.766531 ], [ 139.723327, 35.766529 ], [ 139.723676, 35.766544 ], [ 139.723864, 35.766566 ], [ 139.724192, 35.766659 ], [ 139.724357, 35.766705 ], [ 139.724768, 35.766818 ], [ 139.724955, 35.766455 ] ] ] } },
{ "type": "Feature", "properties": { "key": "北区|中十条4丁目", "ward": "北区", "town": "中十条４丁目" }, "geometry": { "type": "Polygon", "coordinates": [ [ [ 139.722241, 35.771635 ], [ 139.722274, 35.771642 ], [ 139.722336, 35.771346 ], [ 139.722462, 35.770924 ], [ 139.7226, 35.770628 ], [ 139.722632, 35.770535 ], [ 139.72276, 35.770247 ], [ 139.722843, 35.770117 ], [ 139.723, 35.769791 ], [ 139.723166, 35.76948 ], [ 139.72329, 35.769226 ], [ 139.723412, 35.769116 ], [ 139.723401, 35.76901 ], [ 139.723585, 35.768659 ], [ 139.723637, 35.768628 ], [ 139.723777, 35.768501 ], [ 139.72394, 35.768239 ], [ 139.724076, 35.768021 ], [ 139.724203, 35.767774 ], [ 139.724455, 35.76738 ], [ 139.724503, 35.767291 ], [ 139.724521, 35.767258 ], [ 139.724749, 35.766853 ], [ 139.724768, 35.766818 ], [ 139.724357, 35.766705 ], [ 139.724192, 35.766659 ], [ 139.723864, 35.766566 ], [ 139.723676, 35.766544 ], [ 139.723327, 35.766529 ], [ 139.723129, 35.766531 ], [ 139.723024, 35.766507 ], [ 139.722942, 35.766503 ], [ 139.722384, 35.766464 ], [ 139.722187, 35.766462 ], [ 139.722162, 35.766955 ], [ 139.722161, 35.767104 ], [ 139.722139, 35.767498 ], [ 139.722101, 35.767887 ], [ 139.722102, 35.768022 ], [ 139.722103, 35.768126 ], [ 139.722096, 35.768478 ], [ 139.722109, 35.768894 ], [ 139.722031, 35.769646 ], [ 139.722057, 35.770144 ], [ 139.722005, 35.770851 ], [ 139.722025, 35.771045 ], [ 139.722027, 35.771065 ], [ 139.722027, 35.771073 ], [ 139.72203, 35.771193 ], [ 139.722025, 35.771688 ], [ 139.722201, 35.77169 ], [ 139.722241, 35.771635 ] ] ] } },
{ "type": "Feature", "properties": { "key": "北区|十条台1丁目", "ward": "北区", "town": "十条台１丁目" }, "geometry": { "type": "Polygon", "coordinates": [ [ [ 139.729103, 35.757883 ], [ 139.729126, 35.757835 ], [ 139.729133, 35.757824 ], [ 139.729237, 35.757658 ], [ 139.729324, 35.757509 ], [ 139.729332, 35.757474 ], [ 139.729336, 35.757457 ], [ 139.729364, 35.757282 ], [ 139.729422, 35.756857 ], [ 139.729443, 35.756647 ], [ 139.729445, 35.756632 ], [ 139.729477, 35.756407 ], [ 139.729541, 35.756152 ], [ 139.729565, 35.755995 ], [ 139.729572, 35.755938 ], [ 139.729611, 35.755608 ], [ 139.729614, 35.755587 ], [ 139.729671, 35.755109 ], [ 139.728867, 35.755041 ], [ 139.728875, 35.754957 ], [ 139.728829, 35.754954 ], [ 139.727914, 35.754891 ], [ 139.727955, 35.754534 ], [ 139.728008, 35.754079 ], [ 139.728038, 35.753822 ], [ 139.728437, 35.753846 ], [ 139.728501, 35.753513 ], [ 139.728393, 35.753509 ], [ 139.728243, 35.75347 ], [ 139.727938, 35.753345 ], [ 139.727807, 35.753258 ], [ 139.727733, 35.75307 ], [ 139.727464, 35.753005 ], [ 139.727323, 35.753006 ], [ 139.727032, 35.753024 ], [ 139.726797, 35.753062 ], [ 139.72619, 35.752988 ], [ 139.726026, 35.752963 ], [ 139.725408, 35.752894 ], [ 139.725316, 35.752876 ], [ 139.724981, 35.752846 ], [ 139.724822, 35.752788 ], [ 139.724761, 35.752699 ], [ 139.724747, 35.752643 ], [ 139.724617, 35.752356 ], [ 139.724616, 35.752226 ], [ 139.724596, 35.752111 ], [ 139.724615, 35.752033 ], [ 139.724357, 35.75203 ], [ 139.723423, 35.752016 ], [ 139.722756, 35.752005 ], [ 139.722717, 35.752005 ], [ 139.722614, 35.752004 ], [ 139.722519, 35.752 ], [ 139.722513, 35.753011 ], [ 139.722509, 35.753106 ], [ 139.722382, 35.753376 ], [ 139.72238, 35.75338 ], [ 139.722281, 35.753381 ], [ 139.722279, 35.753543 ], [ 139.72226, 35.753819 ], [ 139.722252, 35.754168 ], [ 139.722256, 35.754392 ], [ 139.722237, 35.754809 ], [ 139.722251, 35.755433 ], [ 139.722259, 35.755793 ], [ 139.72225, 35.75615 ], [ 139.72225, 35.756831 ], [ 139.72224, 35.757346 ], [ 139.722218, 35.757664 ], [ 139.722278, 35.757666 ], [ 139.723379, 35.75775 ], [ 139.723748, 35.757774 ], [ 139.724762, 35.757842 ], [ 139.72543, 35.757881 ], [ 139.725754, 35.757919 ], [ 139.726115, 35.75797 ], [ 139.726586, 35.758031 ], [ 139.726667, 35.758067 ], [ 139.72708, 35.758054 ], [ 139.727249, 35.758066 ], [ 139.727839, 35.758059 ], [ 139.727978, 35.758068 ], [ 139.727998, 35.758068 ], [ 139.728324, 35.758072 ], [ 139.728953, 35.758098 ], [ 139.729001, 35.7581 ], [ 139.729103, 35.757883 ] ] ] } },
{ "type": "Feature", "properties": { "key": "北区|十条台2丁目", "ward": "北区", "town": "十条台２丁目" }, "geometry": { "type": "Polygon", "coordinates": [ [ [ 139.719902, 35.758376 ], [ 139.720022, 35.75838 ], [ 139.720104, 35.75833 ], [ 139.720179, 35.758261 ], [ 139.720371, 35.758096 ], [ 139.720497, 35.758015 ], [ 139.720696, 35.757854 ], [ 139.720997, 35.757628 ], [ 139.721162, 35.757522 ], [ 139.721424, 35.757368 ], [ 139.721436, 35.757361 ], [ 139.721916, 35.757037 ], [ 139.72225, 35.756831 ], [ 139.72225, 35.75615 ], [ 139.722259, 35.755793 ], [ 139.722251, 35.755433 ], [ 139.722237, 35.754809 ], [ 139.722256, 35.754392 ], [ 139.722252, 35.754168 ], [ 139.72226, 35.753819 ], [ 139.722279, 35.753543 ], [ 139.722281, 35.753381 ], [ 139.722203, 35.753452 ], [ 139.722113, 35.753535 ], [ 139.722049, 35.753595 ], [ 139.721997, 35.753641 ], [ 139.722001, 35.753691 ], [ 139.722017, 35.753907 ], [ 139.721528, 35.75408 ], [ 139.721021, 35.754273 ], [ 139.721073, 35.754384 ], [ 139.721128, 35.754468 ], [ 139.721199, 35.754586 ], [ 139.720335, 35.754961 ], [ 139.720345, 35.754977 ], [ 139.720459, 35.755145 ], [ 139.720456, 35.755151 ], [ 139.72044, 35.755189 ], [ 139.720447, 35.7552 ], [ 139.720543, 35.755351 ], [ 139.720964, 35.755177 ], [ 139.720977, 35.755197 ], [ 139.720997, 35.755189 ], [ 139.721137, 35.755423 ], [ 139.720345, 35.755758 ], [ 139.720247, 35.755799 ], [ 139.720249, 35.755803 ], [ 139.720304, 35.755892 ], [ 139.720445, 35.756126 ], [ 139.720426, 35.756134 ], [ 139.720428, 35.756137 ], [ 139.720199, 35.756237 ], [ 139.719484, 35.756535 ], [ 139.719252, 35.756707 ], [ 139.719238, 35.756718 ], [ 139.71914, 35.756788 ], [ 139.719184, 35.756835 ], [ 139.719237, 35.756888 ], [ 139.719072, 35.757119 ], [ 139.718989, 35.75728 ], [ 139.718903, 35.757403 ], [ 139.718847, 35.757529 ], [ 139.71875, 35.757673 ], [ 139.718627, 35.757817 ], [ 139.718299, 35.758175 ], [ 139.718235, 35.75822 ], [ 139.718129, 35.758295 ], [ 139.717791, 35.758518 ], [ 139.717735, 35.758556 ], [ 139.717808, 35.758619 ], [ 139.717782, 35.758651 ], [ 139.7181, 35.758967 ], [ 139.718245, 35.759097 ], [ 139.71844, 35.759305 ], [ 139.718648, 35.759177 ], [ 139.718837, 35.759032 ], [ 139.719004, 35.758905 ], [ 139.71919, 35.758792 ], [ 139.719474, 35.758585 ], [ 139.719645, 35.758465 ], [ 139.719753, 35.758399 ], [ 139.719902, 35.758376 ] ] ] } },
{ "type": "Feature", "properties": { "key": "北区|十条仲原1丁目", "ward": "北区", "town": "十条仲原１丁目" }, "geometry": { "type": "Polygon", "coordinates": [ [ [ 139.722243, 35.763178 ], [ 139.722223, 35.763178 ], [ 139.722223, 35.762942 ], [ 139.722229, 35.76236 ], [ 139.722226, 35.762009 ], [ 139.722224, 35.761666 ], [ 139.722197, 35.761393 ], [ 139.722193, 35.761375 ], [ 139.72194, 35.761396 ], [ 139.721642, 35.761409 ], [ 139.721348, 35.761414 ], [ 139.721299, 35.761574 ], [ 139.721001, 35.761581 ], [ 139.720807, 35.761589 ], [ 139.720449, 35.761594 ], [ 139.720411, 35.76159 ], [ 139.720055, 35.761583 ], [ 139.72004, 35.761582 ], [ 139.719701, 35.761595 ], [ 139.719644, 35.761847 ], [ 139.719647, 35.761964 ], [ 139.719636, 35.761989 ], [ 139.719617, 35.762031 ], [ 139.719596, 35.762062 ], [ 139.719504, 35.762266 ], [ 139.719322, 35.762526 ], [ 139.718994, 35.762494 ], [ 139.71896, 35.76256 ], [ 139.718895, 35.762798 ], [ 139.718856, 35.762944 ], [ 139.718814, 35.763207 ], [ 139.718756, 35.763447 ], [ 139.718699, 35.763556 ], [ 139.718959, 35.763688 ], [ 139.71914, 35.763763 ], [ 139.719546, 35.763896 ], [ 139.719854, 35.763938 ], [ 139.719906, 35.763943 ], [ 139.720444, 35.763994 ], [ 139.720837, 35.764059 ], [ 139.721037, 35.764119 ], [ 139.721295, 35.764217 ], [ 139.721338, 35.764242 ], [ 139.721624, 35.764303 ], [ 139.721833, 35.764288 ], [ 139.722037, 35.764238 ], [ 139.722228, 35.764174 ], [ 139.72222, 35.764 ], [ 139.722243, 35.763178 ] ] ] } },
{ "type": "Feature", "properties": { "key": "北区|十条仲原2丁目", "ward": "北区", "town": "十条仲原２丁目" }, "geometry": { "type": "Polygon", "coordinates": [ [ [ 139.722231, 35.76423 ], [ 139.722228, 35.764174 ], [ 139.722037, 35.764238 ], [ 139.721833, 35.764288 ], [ 139.721624, 35.764303 ], [ 139.721338, 35.764242 ], [ 139.721295, 35.764217 ], [ 139.721037, 35.764119 ], [ 139.720837, 35.764059 ], [ 139.720444, 35.763994 ], [ 139.719906, 35.763943 ], [ 139.719854, 35.763938 ], [ 139.719546, 35.763896 ], [ 139.71914, 35.763763 ], [ 139.718959, 35.763688 ], [ 139.718699, 35.763556 ], [ 139.718622, 35.763554 ], [ 139.718491, 35.763792 ], [ 139.718476, 35.763875 ], [ 139.718387, 35.76399 ], [ 139.718314, 35.7642 ], [ 139.718263, 35.764276 ], [ 139.718204, 35.764377 ], [ 139.718152, 35.764444 ], [ 139.718115, 35.764541 ], [ 139.717961, 35.764764 ], [ 139.718485, 35.764948 ], [ 139.71877, 35.765063 ], [ 139.718938, 35.765121 ], [ 139.718984, 35.765142 ], [ 139.71931, 35.765268 ], [ 139.719657, 35.765409 ], [ 139.71972, 35.765457 ], [ 139.719939, 35.765564 ], [ 139.720177, 35.765716 ], [ 139.72073, 35.766 ], [ 139.720768, 35.766025 ], [ 139.721113, 35.766203 ], [ 139.721244, 35.766256 ], [ 139.721288, 35.766278 ], [ 139.721743, 35.766418 ], [ 139.722128, 35.766477 ], [ 139.722187, 35.766462 ], [ 139.722203, 35.766283 ], [ 139.722226, 35.766126 ], [ 139.722233, 35.76608 ], [ 139.722227, 35.765935 ], [ 139.722239, 35.765716 ], [ 139.722229, 35.765605 ], [ 139.722216, 35.765075 ], [ 139.72222, 35.764895 ], [ 139.722231, 35.76423 ] ] ] } },
{ "type": "Feature", "properties": { "key": "北区|十条仲原3丁目", "ward": "北区", "town": "十条仲原３丁目" }, "geometry": { "type": "Polygon", "coordinates": [ [ [ 139.721432, 35.767282 ], [ 139.721466, 35.767239 ], [ 139.721642, 35.767256 ], [ 139.721739, 35.767178 ], [ 139.721767, 35.767115 ], [ 139.721924, 35.767107 ], [ 139.722086, 35.767124 ], [ 139.722161, 35.767104 ], [ 139.722162, 35.766955 ], [ 139.722187, 35.766462 ], [ 139.722128, 35.766477 ], [ 139.721743, 35.766418 ], [ 139.721288, 35.766278 ], [ 139.721244, 35.766256 ], [ 139.721113, 35.766203 ], [ 139.720768, 35.766025 ], [ 139.72073, 35.766 ], [ 139.720177, 35.765716 ], [ 139.719939, 35.765564 ], [ 139.71972, 35.765457 ], [ 139.719657, 35.765409 ], [ 139.71931, 35.765268 ], [ 139.718984, 35.765142 ], [ 139.718836, 35.765611 ], [ 139.71877, 35.76583 ], [ 139.718795, 35.765837 ], [ 139.718796, 35.765856 ], [ 139.718797, 35.765907 ], [ 139.718757, 35.766073 ], [ 139.718672, 35.766353 ], [ 139.718652, 35.766439 ], [ 139.718618, 35.76649 ], [ 139.718548, 35.766661 ], [ 139.718375, 35.766877 ], [ 139.718285, 35.767043 ], [ 139.718237, 35.767256 ], [ 139.718097, 35.767514 ], [ 139.718085, 35.767531 ], [ 139.718407, 35.767607 ], [ 139.718576, 35.767614 ], [ 139.718586, 35.767499 ], [ 139.718598, 35.767371 ], [ 139.718613, 35.76737 ], [ 139.71904, 35.767358 ], [ 139.71922, 35.767353 ], [ 139.719467, 35.767398 ], [ 139.719802, 35.767458 ], [ 139.720052, 35.767503 ], [ 139.720276, 35.767544 ], [ 139.720531, 35.76759 ], [ 139.720756, 35.767631 ], [ 139.720784, 35.767636 ], [ 139.721012, 35.767696 ], [ 139.721247, 35.767757 ], [ 139.721249, 35.767719 ], [ 139.721282, 35.767696 ], [ 139.721359, 35.767492 ], [ 139.721432, 35.767282 ] ] ] } },
{ "type": "Feature", "properties": { "key": "北区|十条仲原4丁目", "ward": "北区", "town": "十条仲原４丁目" }, "geometry": { "type": "Polygon", "coordinates": [ [ [ 139.722109, 35.768894 ], [ 139.722096, 35.768478 ], [ 139.722103, 35.768126 ], [ 139.722102, 35.768022 ], [ 139.722101, 35.767887 ], [ 139.722139, 35.767498 ], [ 139.722161, 35.767104 ], [ 139.722086, 35.767124 ], [ 139.721924, 35.767107 ], [ 139.721767, 35.767115 ], [ 139.721739, 35.767178 ], [ 139.721642, 35.767256 ], [ 139.721466, 35.767239 ], [ 139.721432, 35.767282 ], [ 139.721359, 35.767492 ], [ 139.721282, 35.767696 ], [ 139.721249, 35.767719 ], [ 139.721247, 35.767757 ], [ 139.721012, 35.767696 ], [ 139.720784, 35.767636 ], [ 139.720756, 35.767631 ], [ 139.720531, 35.76759 ], [ 139.720276, 35.767544 ], [ 139.720052, 35.767503 ], [ 139.719802, 35.767458 ], [ 139.719467, 35.767398 ], [ 139.71922, 35.767353 ], [ 139.71904, 35.767358 ], [ 139.718613, 35.76737 ], [ 139.718598, 35.767371 ], [ 139.718586, 35.767499 ], [ 139.718576, 35.767614 ], [ 139.718407, 35.767607 ], [ 139.718085, 35.767531 ], [ 139.717993, 35.767657 ], [ 139.717869, 35.767728 ], [ 139.717471, 35.767832 ], [ 139.717447, 35.76784 ], [ 139.717222, 35.768045 ], [ 139.717435, 35.768173 ], [ 139.717558, 35.768272 ], [ 139.717801, 35.768499 ], [ 139.71791, 35.768614 ], [ 139.718292, 35.768888 ], [ 139.718316, 35.768902 ], [ 139.718571, 35.76907 ], [ 139.718754, 35.769181 ], [ 139.719066, 35.769336 ], [ 139.719126, 35.769377 ], [ 139.719364, 35.769525 ], [ 139.719415, 35.769545 ], [ 139.719504, 35.769555 ], [ 139.719749, 35.769531 ], [ 139.719857, 35.769543 ], [ 139.720043, 35.769599 ], [ 139.72012, 35.769636 ], [ 139.720147, 35.769649 ], [ 139.720327, 35.769723 ], [ 139.720469, 35.769782 ], [ 139.720642, 35.769853 ], [ 139.720953, 35.769981 ], [ 139.721457, 35.770243 ], [ 139.721629, 35.770317 ], [ 139.721673, 35.770325 ], [ 139.721706, 35.770327 ], [ 139.721753, 35.770315 ], [ 139.721815, 35.770285 ], [ 139.722057, 35.770144 ], [ 139.722031, 35.769646 ], [ 139.722109, 35.768894 ] ] ] } },
{ "type": "Feature", "properties": { "key": "北区|上十条1丁目", "ward": "北区", "town": "上十条１丁目" }, "geometry": { "type": "Polygon", "coordinates": [ [ [ 139.724078, 35.761435 ], [ 139.724124, 35.761293 ], [ 139.724048, 35.76112 ], [ 139.724454, 35.760853 ], [ 139.724554, 35.76081 ], [ 139.724549, 35.760791 ], [ 139.724702, 35.760689 ], [ 139.724952, 35.760547 ], [ 139.725021, 35.760508 ], [ 139.725166, 35.76038 ], [ 139.725302, 35.76029 ], [ 139.725649, 35.759893 ], [ 139.725663, 35.759877 ], [ 139.725743, 35.759781 ], [ 139.72588, 35.75967 ], [ 139.725969, 35.759572 ], [ 139.72609, 35.759463 ], [ 139.726155, 35.759432 ], [ 139.726301, 35.759239 ], [ 139.726516, 35.759094 ], [ 139.726583, 35.759023 ], [ 139.726616, 35.758991 ], [ 139.726695, 35.758898 ], [ 139.726822, 35.758758 ], [ 139.726895, 35.758678 ], [ 139.727078, 35.758428 ], [ 139.726789, 35.75842 ], [ 139.726407, 35.758395 ], [ 139.726389, 35.758316 ], [ 139.726707, 35.758196 ], [ 139.726667, 35.758067 ], [ 139.726586, 35.758031 ], [ 139.726115, 35.75797 ], [ 139.725754, 35.757919 ], [ 139.72543, 35.757881 ], [ 139.724762, 35.757842 ], [ 139.723748, 35.757774 ], [ 139.723379, 35.75775 ], [ 139.722278, 35.757666 ], [ 139.722218, 35.757664 ], [ 139.722228, 35.757877 ], [ 139.722237, 35.758444 ], [ 139.722238, 35.758558 ], [ 139.722239, 35.758593 ], [ 139.722242, 35.759367 ], [ 139.72224, 35.759387 ], [ 139.722234, 35.759446 ], [ 139.722148, 35.759451 ], [ 139.722161, 35.759751 ], [ 139.722202, 35.760264 ], [ 139.722186, 35.760356 ], [ 139.722089, 35.760377 ], [ 139.722077, 35.7604 ], [ 139.72199, 35.760513 ], [ 139.721975, 35.760695 ], [ 139.722053, 35.760776 ], [ 139.722145, 35.760876 ], [ 139.722191, 35.761064 ], [ 139.722168, 35.76128 ], [ 139.722193, 35.761375 ], [ 139.722197, 35.761393 ], [ 139.722366, 35.76138 ], [ 139.722637, 35.761432 ], [ 139.722684, 35.761427 ], [ 139.722758, 35.761444 ], [ 139.722827, 35.76146 ], [ 139.723122, 35.761529 ], [ 139.723382, 35.761558 ], [ 139.72345, 35.761557 ], [ 139.723777, 35.761597 ], [ 139.723977, 35.761621 ], [ 139.72398, 35.761609 ], [ 139.724078, 35.761435 ] ] ] } },
{ "type": "Feature", "properties": { "key": "北区|上十条2丁目", "ward": "北区", "town": "上十条２丁目" }, "geometry": { "type": "Polygon", "coordinates": [ [ [ 139.722077, 35.7604 ], [ 139.722089, 35.760377 ], [ 139.722186, 35.760356 ], [ 139.722202, 35.760264 ], [ 139.722161, 35.759751 ], [ 139.722148, 35.759451 ], [ 139.722234, 35.759446 ], [ 139.72224, 35.759387 ], [ 139.722242, 35.759367 ], [ 139.722239, 35.758593 ], [ 139.722238, 35.758558 ], [ 139.722237, 35.758444 ], [ 139.722228, 35.757877 ], [ 139.722218, 35.757664 ], [ 139.72224, 35.757346 ], [ 139.72225, 35.756831 ], [ 139.721916, 35.757037 ], [ 139.721436, 35.757361 ], [ 139.721424, 35.757368 ], [ 139.721162, 35.757522 ], [ 139.720997, 35.757628 ], [ 139.720696, 35.757854 ], [ 139.720497, 35.758015 ], [ 139.720371, 35.758096 ], [ 139.720179, 35.758261 ], [ 139.720104, 35.75833 ], [ 139.720022, 35.75838 ], [ 139.719902, 35.758376 ], [ 139.719753, 35.758399 ], [ 139.719645, 35.758465 ], [ 139.719474, 35.758585 ], [ 139.71919, 35.758792 ], [ 139.719004, 35.758905 ], [ 139.718837, 35.759032 ], [ 139.718648, 35.759177 ], [ 139.71844, 35.759305 ], [ 139.718322, 35.759387 ], [ 139.718347, 35.759455 ], [ 139.718494, 35.759557 ], [ 139.718585, 35.759606 ], [ 139.718699, 35.75979 ], [ 139.71879, 35.76004 ], [ 139.718833, 35.760159 ], [ 139.719106, 35.760556 ], [ 139.719221, 35.760687 ], [ 139.719226, 35.760685 ], [ 139.719457, 35.760592 ], [ 139.719689, 35.760507 ], [ 139.719871, 35.760863 ], [ 139.72001, 35.761106 ], [ 139.720024, 35.761172 ], [ 139.720044, 35.761459 ], [ 139.72004, 35.761582 ], [ 139.720055, 35.761583 ], [ 139.720411, 35.76159 ], [ 139.720449, 35.761594 ], [ 139.720807, 35.761589 ], [ 139.721001, 35.761581 ], [ 139.721299, 35.761574 ], [ 139.721348, 35.761414 ], [ 139.721642, 35.761409 ], [ 139.72194, 35.761396 ], [ 139.722193, 35.761375 ], [ 139.722168, 35.76128 ], [ 139.722191, 35.761064 ], [ 139.722145, 35.760876 ], [ 139.722053, 35.760776 ], [ 139.721975, 35.760695 ], [ 139.72199, 35.760513 ], [ 139.722077, 35.7604 ] ] ] } },
{ "type": "Feature", "properties": { "key": "北区|上十条3丁目", "ward": "北区", "town": "上十条３丁目" }, "geometry": { "type": "Polygon", "coordinates": [ [ [ 139.718994, 35.762494 ], [ 139.719322, 35.762526 ], [ 139.719504, 35.762266 ], [ 139.719596, 35.762062 ], [ 139.719617, 35.762031 ], [ 139.719636, 35.761989 ], [ 139.719647, 35.761964 ], [ 139.719644, 35.761847 ], [ 139.719701, 35.761595 ], [ 139.72004, 35.761582 ], [ 139.720044, 35.761459 ], [ 139.720024, 35.761172 ], [ 139.72001, 35.761106 ], [ 139.719871, 35.760863 ], [ 139.719689, 35.760507 ], [ 139.719457, 35.760592 ], [ 139.719226, 35.760685 ], [ 139.719221, 35.760687 ], [ 139.719106, 35.760556 ], [ 139.718833, 35.760159 ], [ 139.71879, 35.76004 ], [ 139.718699, 35.75979 ], [ 139.718585, 35.759606 ], [ 139.718494, 35.759557 ], [ 139.718347, 35.759455 ], [ 139.718322, 35.759387 ], [ 139.71844, 35.759305 ], [ 139.718245, 35.759097 ], [ 139.7181, 35.758967 ], [ 139.717782, 35.758651 ], [ 139.717509, 35.758902 ], [ 139.717241, 35.759194 ], [ 139.717012, 35.759587 ], [ 139.716929, 35.759698 ], [ 139.716659, 35.760123 ], [ 139.716479, 35.760412 ], [ 139.716263, 35.760683 ], [ 139.716134, 35.760799 ], [ 139.716043, 35.760901 ], [ 139.715974, 35.76095 ], [ 139.715678, 35.761156 ], [ 139.715608, 35.761199 ], [ 139.71519, 35.761482 ], [ 139.714943, 35.761662 ], [ 139.715156, 35.761844 ], [ 139.71555, 35.762186 ], [ 139.715574, 35.762207 ], [ 139.715688, 35.762143 ], [ 139.715722, 35.762124 ], [ 139.716029, 35.762361 ], [ 139.716263, 35.762535 ], [ 139.716332, 35.762587 ], [ 139.716667, 35.76284 ], [ 139.717187, 35.763227 ], [ 139.717206, 35.763239 ], [ 139.7178, 35.763269 ], [ 139.718019, 35.76331 ], [ 139.71818, 35.763368 ], [ 139.71844, 35.763475 ], [ 139.718622, 35.763554 ], [ 139.718699, 35.763556 ], [ 139.718756, 35.763447 ], [ 139.718814, 35.763207 ], [ 139.718856, 35.762944 ], [ 139.718895, 35.762798 ], [ 139.71896, 35.76256 ], [ 139.718994, 35.762494 ] ] ] } },
{ "type": "Feature", "properties": { "key": "北区|上十条4丁目", "ward": "北区", "town": "上十条４丁目" }, "geometry": { "type": "Polygon", "coordinates": [ [ [ 139.716667, 35.76284 ], [ 139.716332, 35.762587 ], [ 139.716263, 35.762535 ], [ 139.716029, 35.762361 ], [ 139.715722, 35.762124 ], [ 139.715688, 35.762143 ], [ 139.715574, 35.762207 ], [ 139.71555, 35.762186 ], [ 139.715156, 35.761844 ], [ 139.714943, 35.761662 ], [ 139.714916, 35.761678 ], [ 139.714519, 35.761908 ], [ 139.714144, 35.76224 ], [ 139.713882, 35.762467 ], [ 139.713615, 35.762666 ], [ 139.713546, 35.762675 ], [ 139.713362, 35.762901 ], [ 139.713289, 35.762997 ], [ 139.713189, 35.763149 ], [ 139.713174, 35.763168 ], [ 139.71306, 35.763159 ], [ 139.712688, 35.763159 ], [ 139.71266, 35.76322 ], [ 139.712631, 35.763286 ], [ 139.712622, 35.763303 ], [ 139.712988, 35.763417 ], [ 139.713179, 35.763479 ], [ 139.713358, 35.763539 ], [ 139.713468, 35.763573 ], [ 139.714449, 35.763826 ], [ 139.714604, 35.763864 ], [ 139.714837, 35.76393 ], [ 139.71494, 35.763955 ], [ 139.715331, 35.764048 ], [ 139.715753, 35.764152 ], [ 139.715806, 35.764166 ], [ 139.716176, 35.764276 ], [ 139.716324, 35.764309 ], [ 139.71667, 35.76439 ], [ 139.716843, 35.764436 ], [ 139.717109, 35.764514 ], [ 139.717205, 35.764532 ], [ 139.717226, 35.764539 ], [ 139.717512, 35.764629 ], [ 139.717632, 35.764668 ], [ 139.717876, 35.764746 ], [ 139.717961, 35.764764 ], [ 139.718115, 35.764541 ], [ 139.718152, 35.764444 ], [ 139.718204, 35.764377 ], [ 139.718263, 35.764276 ], [ 139.718314, 35.7642 ], [ 139.718387, 35.76399 ], [ 139.718476, 35.763875 ], [ 139.718491, 35.763792 ], [ 139.718622, 35.763554 ], [ 139.71844, 35.763475 ], [ 139.71818, 35.763368 ], [ 139.718019, 35.76331 ], [ 139.7178, 35.763269 ], [ 139.717206, 35.763239 ], [ 139.717187, 35.763227 ], [ 139.716667, 35.76284 ] ] ] } },
{ "type": "Feature", "properties": { "key": "北区|上十条5丁目", "ward": "北区", "town": "上十条５丁目" }, "geometry": { "type": "Polygon", "coordinates": [ [ [ 139.718085, 35.767531 ], [ 139.718097, 35.767514 ], [ 139.718237, 35.767256 ], [ 139.718285, 35.767043 ], [ 139.718375, 35.766877 ], [ 139.718548, 35.766661 ], [ 139.718618, 35.76649 ], [ 139.718652, 35.766439 ], [ 139.718672, 35.766353 ], [ 139.718757, 35.766073 ], [ 139.718797, 35.765907 ], [ 139.718796, 35.765856 ], [ 139.718795, 35.765837 ], [ 139.71877, 35.76583 ], [ 139.718836, 35.765611 ], [ 139.718984, 35.765142 ], [ 139.718938, 35.765121 ], [ 139.71877, 35.765063 ], [ 139.718485, 35.764948 ], [ 139.717961, 35.764764 ], [ 139.717876, 35.764746 ], [ 139.717632, 35.764668 ], [ 139.717512, 35.764629 ], [ 139.717226, 35.764539 ], [ 139.717205, 35.764532 ], [ 139.717109, 35.764514 ], [ 139.716843, 35.764436 ], [ 139.71667, 35.76439 ], [ 139.716324, 35.764309 ], [ 139.716176, 35.764276 ], [ 139.715806, 35.764166 ], [ 139.715753, 35.764152 ], [ 139.715331, 35.764048 ], [ 139.71494, 35.763955 ], [ 139.714837, 35.76393 ], [ 139.714604, 35.763864 ], [ 139.714449, 35.763826 ], [ 139.713468, 35.763573 ], [ 139.713475, 35.763724 ], [ 139.713429, 35.763926 ], [ 139.713322, 35.764157 ], [ 139.713301, 35.7643 ], [ 139.713357, 35.764487 ], [ 139.713368, 35.764561 ], [ 139.713445, 35.764787 ], [ 139.713508, 35.764854 ], [ 139.713554, 35.764873 ], [ 139.713806, 35.765029 ], [ 139.714136, 35.765263 ], [ 139.714324, 35.765422 ], [ 139.714464, 35.765501 ], [ 139.714574, 35.765542 ], [ 139.714581, 35.765619 ], [ 139.714582, 35.765817 ], [ 139.714657, 35.766044 ], [ 139.714564, 35.76625 ], [ 139.714559, 35.76632 ], [ 139.714557, 35.766349 ], [ 139.714565, 35.766394 ], [ 139.7145, 35.76658 ], [ 139.714503, 35.766736 ], [ 139.714533, 35.766848 ], [ 139.714574, 35.7669 ], [ 139.714633, 35.767017 ], [ 139.714676, 35.767148 ], [ 139.714775, 35.767321 ], [ 139.714744, 35.76738 ], [ 139.714669, 35.767521 ], [ 139.715008, 35.767541 ], [ 139.715411, 35.767586 ], [ 139.715983, 35.767592 ], [ 139.716022, 35.767589 ], [ 139.716077, 35.767582 ], [ 139.716421, 35.767566 ], [ 139.716464, 35.767576 ], [ 139.716787, 35.767553 ], [ 139.716801, 35.767576 ], [ 139.716707, 35.76768 ], [ 139.717083, 35.767938 ], [ 139.71721, 35.768036 ], [ 139.717222, 35.768045 ], [ 139.717447, 35.76784 ], [ 139.717471, 35.767832 ], [ 139.717869, 35.767728 ], [ 139.717993, 35.767657 ], [ 139.718085, 35.767531 ] ] ] } },
{ "type": "Feature", "properties": { "key": "北区|神谷1丁目", "ward": "北区", "town": "神谷１丁目" }, "geometry": { "type": "Polygon", "coordinates": [ [ [ 139.738047, 35.769442 ], [ 139.738011, 35.769447 ], [ 139.737807, 35.769465 ], [ 139.737586, 35.769493 ], [ 139.737548, 35.769313 ], [ 139.737498, 35.769076 ], [ 139.737491, 35.769043 ], [ 139.737438, 35.768768 ], [ 139.737394, 35.768563 ], [ 139.737337, 35.768345 ], [ 139.737316, 35.768284 ], [ 139.737281, 35.768226 ], [ 139.737217, 35.768118 ], [ 139.737152, 35.768031 ], [ 139.73707, 35.767922 ], [ 139.736914, 35.767824 ], [ 139.736715, 35.767703 ], [ 139.736612, 35.767659 ], [ 139.736307, 35.76747 ], [ 139.736116, 35.76734 ], [ 139.73597, 35.767184 ], [ 139.735623, 35.766749 ], [ 139.735482, 35.766621 ], [ 139.735314, 35.766534 ], [ 139.735189, 35.766468 ], [ 139.735143, 35.766444 ], [ 139.735016, 35.766389 ], [ 139.734956, 35.766364 ], [ 139.734907, 35.766354 ], [ 139.734687, 35.766716 ], [ 139.73446, 35.76666 ], [ 139.734322, 35.766818 ], [ 139.734289, 35.766888 ], [ 139.734187, 35.766914 ], [ 139.734049, 35.767315 ], [ 139.734031, 35.76738 ], [ 139.733955, 35.767439 ], [ 139.733906, 35.767571 ], [ 139.733503, 35.767483 ], [ 139.733408, 35.767455 ], [ 139.733064, 35.767396 ], [ 139.73301, 35.767378 ], [ 139.732674, 35.767323 ], [ 139.732451, 35.767313 ], [ 139.73224, 35.76729 ], [ 139.732071, 35.767282 ], [ 139.731803, 35.767264 ], [ 139.731561, 35.767239 ], [ 139.731536, 35.767239 ], [ 139.731095, 35.76718 ], [ 139.730916, 35.767154 ], [ 139.730709, 35.767097 ], [ 139.73056, 35.767035 ], [ 139.730499, 35.767011 ], [ 139.730179, 35.76688 ], [ 139.730107, 35.766863 ], [ 139.730094, 35.766869 ], [ 139.729965, 35.767216 ], [ 139.729912, 35.767381 ], [ 139.729842, 35.767682 ], [ 139.729784, 35.767872 ], [ 139.729637, 35.768206 ], [ 139.730005, 35.768327 ], [ 139.730017, 35.76838 ], [ 139.730124, 35.768401 ], [ 139.730485, 35.768494 ], [ 139.730899, 35.768604 ], [ 139.731254, 35.768702 ], [ 139.731401, 35.768734 ], [ 139.731554, 35.768774 ], [ 139.731821, 35.768851 ], [ 139.732566, 35.769053 ], [ 139.73293, 35.769156 ], [ 139.732969, 35.769172 ], [ 139.733318, 35.769268 ], [ 139.733479, 35.769312 ], [ 139.733619, 35.769349 ], [ 139.733643, 35.769354 ], [ 139.733827, 35.769392 ], [ 139.734053, 35.769458 ], [ 139.734123, 35.769479 ], [ 139.734274, 35.769535 ], [ 139.734367, 35.769588 ], [ 139.734408, 35.769607 ], [ 139.734705, 35.769816 ], [ 139.735044, 35.770027 ], [ 139.73556, 35.770348 ], [ 139.735681, 35.770422 ], [ 139.736192, 35.770764 ], [ 139.73644, 35.770471 ], [ 139.736554, 35.770381 ], [ 139.736624, 35.770325 ], [ 139.736819, 35.770236 ], [ 139.737083, 35.770153 ], [ 139.737438, 35.770048 ], [ 139.738118, 35.769875 ], [ 139.73817, 35.769865 ], [ 139.738107, 35.769691 ], [ 139.738124, 35.769686 ], [ 139.738047, 35.769442 ] ] ] } },
{ "type": "Feature", "properties": { "key": "北区|神谷2丁目", "ward": "北区", "town": "神谷２丁目" }, "geometry": { "type": "Polygon", "coordinates": [ [ [ 139.73006, 35.769408 ], [ 139.730049, 35.769242 ], [ 139.730025, 35.768915 ], [ 139.730032, 35.768652 ], [ 139.730017, 35.76838 ], [ 139.730005, 35.768327 ], [ 139.729637, 35.768206 ], [ 139.729527, 35.768179 ], [ 139.729388, 35.768145 ], [ 139.728905, 35.768026 ], [ 139.72867, 35.768426 ], [ 139.728593, 35.768575 ], [ 139.728379, 35.768958 ], [ 139.728352, 35.768992 ], [ 139.728179, 35.769295 ], [ 139.728191, 35.769292 ], [ 139.727978, 35.769665 ], [ 139.727352, 35.769437 ], [ 139.727333, 35.769445 ], [ 139.727137, 35.76979 ], [ 139.727053, 35.769951 ], [ 139.726817, 35.770345 ], [ 139.726807, 35.770362 ], [ 139.726546, 35.770836 ], [ 139.72654, 35.770838 ], [ 139.726222, 35.771399 ], [ 139.726, 35.7718 ], [ 139.725702, 35.772314 ], [ 139.725712, 35.772529 ], [ 139.725713, 35.772616 ], [ 139.725781, 35.772924 ], [ 139.725811, 35.773013 ], [ 139.725895, 35.773482 ], [ 139.725947, 35.773807 ], [ 139.72601, 35.774148 ], [ 139.726012, 35.774162 ], [ 139.726154, 35.775021 ], [ 139.727183, 35.775042 ], [ 139.727193, 35.775042 ], [ 139.727487, 35.775048 ], [ 139.727843, 35.775055 ], [ 139.728317, 35.775065 ], [ 139.729018, 35.775058 ], [ 139.729548, 35.775053 ], [ 139.729623, 35.775052 ], [ 139.729687, 35.774506 ], [ 139.729745, 35.773883 ], [ 139.729767, 35.773852 ], [ 139.729776, 35.773838 ], [ 139.729849, 35.773756 ], [ 139.729913, 35.773279 ], [ 139.729964, 35.77295 ], [ 139.729972, 35.772907 ], [ 139.730045, 35.772494 ], [ 139.730074, 35.77215 ], [ 139.73013, 35.77168 ], [ 139.730132, 35.771665 ], [ 139.730148, 35.771495 ], [ 139.730137, 35.771122 ], [ 139.730113, 35.770761 ], [ 139.730112, 35.770756 ], [ 139.730097, 35.770383 ], [ 139.730093, 35.770106 ], [ 139.730088, 35.770101 ], [ 139.730081, 35.769729 ], [ 139.730081, 35.769724 ], [ 139.730073, 35.769691 ], [ 139.73006, 35.769408 ] ] ] } },
{ "type": "Feature", "properties": { "key": "北区|神谷3丁目", "ward": "北区", "town": "神谷３丁目" }, "geometry": { "type": "Polygon", "coordinates": [ [ [ 139.736149, 35.775186 ], [ 139.736218, 35.775141 ], [ 139.736584, 35.774925 ], [ 139.736408, 35.774564 ], [ 139.7364, 35.774549 ], [ 139.736134, 35.773955 ], [ 139.736032, 35.773713 ], [ 139.735998, 35.773547 ], [ 139.735914, 35.773147 ], [ 139.735879, 35.772975 ], [ 139.735787, 35.772574 ], [ 139.735797, 35.772262 ], [ 139.735804, 35.77191 ], [ 139.735847, 35.771734 ], [ 139.735945, 35.771354 ], [ 139.736014, 35.771109 ], [ 139.736192, 35.770764 ], [ 139.735681, 35.770422 ], [ 139.73556, 35.770348 ], [ 139.735044, 35.770027 ], [ 139.734705, 35.769816 ], [ 139.734408, 35.769607 ], [ 139.734367, 35.769588 ], [ 139.734274, 35.769535 ], [ 139.734123, 35.769479 ], [ 139.734053, 35.769458 ], [ 139.733827, 35.769392 ], [ 139.733643, 35.769354 ], [ 139.733619, 35.769349 ], [ 139.733479, 35.769312 ], [ 139.733318, 35.769268 ], [ 139.732969, 35.769172 ], [ 139.73293, 35.769156 ], [ 139.732566, 35.769053 ], [ 139.731821, 35.768851 ], [ 139.731554, 35.768774 ], [ 139.731401, 35.768734 ], [ 139.731254, 35.768702 ], [ 139.730899, 35.768604 ], [ 139.730485, 35.768494 ], [ 139.730124, 35.768401 ], [ 139.730017, 35.76838 ], [ 139.730032, 35.768652 ], [ 139.730025, 35.768915 ], [ 139.730049, 35.769242 ], [ 139.73006, 35.769408 ], [ 139.730073, 35.769691 ], [ 139.730081, 35.769724 ], [ 139.730081, 35.769729 ], [ 139.730088, 35.770101 ], [ 139.730093, 35.770106 ], [ 139.730097, 35.770383 ], [ 139.730112, 35.770756 ], [ 139.730113, 35.770761 ], [ 139.730137, 35.771122 ], [ 139.730148, 35.771495 ], [ 139.730132, 35.771665 ], [ 139.73013, 35.77168 ], [ 139.730074, 35.77215 ], [ 139.730045, 35.772494 ], [ 139.729972, 35.772907 ], [ 139.729964, 35.77295 ], [ 139.729913, 35.773279 ], [ 139.729849, 35.773756 ], [ 139.729776, 35.773838 ], [ 139.729767, 35.773852 ], [ 139.729745, 35.773883 ], [ 139.729687, 35.774506 ], [ 139.729623, 35.775052 ], [ 139.729782, 35.775051 ], [ 139.72993, 35.775049 ], [ 139.730057, 35.775048 ], [ 139.73013, 35.775047 ], [ 139.730652, 35.775042 ], [ 139.730785, 35.775008 ], [ 139.730988, 35.774983 ], [ 139.731186, 35.774985 ], [ 139.73159, 35.774989 ], [ 139.732225, 35.775 ], [ 139.732257, 35.775261 ], [ 139.732378, 35.775369 ], [ 139.732757, 35.775388 ], [ 139.732799, 35.775451 ], [ 139.733256, 35.775441 ], [ 139.73329, 35.775441 ], [ 139.734536, 35.775445 ], [ 139.734649, 35.775446 ], [ 139.734858, 35.775447 ], [ 139.735697, 35.775479 ], [ 139.736149, 35.775186 ] ] ] } },
{ "type": "Feature", "properties": { "key": "北区|赤羽1丁目", "ward": "北区", "town": "赤羽１丁目" }, "geometry": { "type": "Polygon", "coordinates": [ [ [ 139.7225, 35.781711 ], [ 139.72251, 35.7812 ], [ 139.722513, 35.781068 ], [ 139.722527, 35.780702 ], [ 139.722521, 35.780662 ], [ 139.722527, 35.780507 ], [ 139.722513, 35.780124 ], [ 139.722517, 35.779911 ], [ 139.722504, 35.779659 ], [ 139.722511, 35.779299 ], [ 139.722515, 35.779266 ], [ 139.722553, 35.778995 ], [ 139.722614, 35.778657 ], [ 139.722691, 35.778255 ], [ 139.72273, 35.777997 ], [ 139.722493, 35.777989 ], [ 139.722171, 35.777944 ], [ 139.72208, 35.777931 ], [ 139.721869, 35.777898 ], [ 139.721769, 35.777884 ], [ 139.72158, 35.777863 ], [ 139.721538, 35.777817 ], [ 139.721439, 35.777776 ], [ 139.721695, 35.777358 ], [ 139.721952, 35.77695 ], [ 139.722016, 35.77685 ], [ 139.722093, 35.776688 ], [ 139.722327, 35.77615 ], [ 139.722468, 35.775791 ], [ 139.722119, 35.775607 ], [ 139.722002, 35.775518 ], [ 139.721962, 35.775393 ], [ 139.721826, 35.775317 ], [ 139.721764, 35.775614 ], [ 139.721649, 35.775993 ], [ 139.721573, 35.776166 ], [ 139.721407, 35.776407 ], [ 139.721283, 35.776537 ], [ 139.721156, 35.776717 ], [ 139.720971, 35.777043 ], [ 139.720817, 35.777253 ], [ 139.720713, 35.777419 ], [ 139.720654, 35.777512 ], [ 139.720478, 35.777737 ], [ 139.720427, 35.777816 ], [ 139.720312, 35.777995 ], [ 139.720208, 35.778158 ], [ 139.720171, 35.778215 ], [ 139.720145, 35.778255 ], [ 139.719819, 35.778762 ], [ 139.719846, 35.778785 ], [ 139.719351, 35.779508 ], [ 139.718649, 35.780568 ], [ 139.718649, 35.780676 ], [ 139.718502, 35.780949 ], [ 139.71825, 35.781423 ], [ 139.718185, 35.781721 ], [ 139.718126, 35.781863 ], [ 139.71815, 35.781847 ], [ 139.718622, 35.782131 ], [ 139.718673, 35.782168 ], [ 139.71886, 35.782306 ], [ 139.719055, 35.782432 ], [ 139.719182, 35.7825 ], [ 139.719351, 35.782621 ], [ 139.719639, 35.782827 ], [ 139.719916, 35.783074 ], [ 139.720275, 35.783403 ], [ 139.720478, 35.783592 ], [ 139.72057, 35.783712 ], [ 139.720582, 35.783734 ], [ 139.7209, 35.783692 ], [ 139.721232, 35.783623 ], [ 139.721558, 35.783554 ], [ 139.721695, 35.783526 ], [ 139.721978, 35.783467 ], [ 139.722265, 35.783408 ], [ 139.722479, 35.783363 ], [ 139.722485, 35.782731 ], [ 139.722479, 35.782622 ], [ 139.722511, 35.782398 ], [ 139.722508, 35.782307 ], [ 139.722499, 35.782053 ], [ 139.722491, 35.782025 ], [ 139.7225, 35.781711 ] ] ] } },
{ "type": "Feature", "properties": { "key": "北区|赤羽2丁目", "ward": "北区", "town": "赤羽２丁目" }, "geometry": { "type": "Polygon", "coordinates": [ [ [ 139.722896, 35.777975 ], [ 139.72273, 35.777997 ], [ 139.722691, 35.778255 ], [ 139.722614, 35.778657 ], [ 139.722553, 35.778995 ], [ 139.722515, 35.779266 ], [ 139.722511, 35.779299 ], [ 139.722504, 35.779659 ], [ 139.722517, 35.779911 ], [ 139.722513, 35.780124 ], [ 139.722527, 35.780507 ], [ 139.722521, 35.780662 ], [ 139.722527, 35.780702 ], [ 139.722513, 35.781068 ], [ 139.72251, 35.7812 ], [ 139.7225, 35.781711 ], [ 139.722491, 35.782025 ], [ 139.722499, 35.782053 ], [ 139.722508, 35.782307 ], [ 139.722511, 35.782398 ], [ 139.722479, 35.782622 ], [ 139.722485, 35.782731 ], [ 139.722479, 35.783363 ], [ 139.722789, 35.783297 ], [ 139.723016, 35.783249 ], [ 139.72364, 35.783117 ], [ 139.723717, 35.783101 ], [ 139.724227, 35.782993 ], [ 139.724652, 35.782903 ], [ 139.724866, 35.782857 ], [ 139.725189, 35.782791 ], [ 139.725598, 35.782707 ], [ 139.725768, 35.782672 ], [ 139.726311, 35.782561 ], [ 139.726747, 35.782471 ], [ 139.726729, 35.782365 ], [ 139.726734, 35.782364 ], [ 139.726713, 35.781908 ], [ 139.726695, 35.781586 ], [ 139.726674, 35.781289 ], [ 139.726651, 35.78113 ], [ 139.726642, 35.780941 ], [ 139.72659, 35.780657 ], [ 139.726557, 35.780451 ], [ 139.726524, 35.780279 ], [ 139.72646, 35.780093 ], [ 139.726442, 35.780044 ], [ 139.726424, 35.77996 ], [ 139.726368, 35.779598 ], [ 139.726367, 35.779591 ], [ 139.726355, 35.779474 ], [ 139.726351, 35.779439 ], [ 139.726325, 35.779195 ], [ 139.726317, 35.778969 ], [ 139.726285, 35.778635 ], [ 139.726253, 35.778313 ], [ 139.725985, 35.778278 ], [ 139.725505, 35.778232 ], [ 139.725472, 35.778228 ], [ 139.725241, 35.778191 ], [ 139.725035, 35.778184 ], [ 139.724687, 35.778147 ], [ 139.723949, 35.778081 ], [ 139.72393, 35.778079 ], [ 139.723382, 35.77802 ], [ 139.723367, 35.778018 ], [ 139.72305, 35.777976 ], [ 139.722896, 35.777975 ] ] ] } },
{ "type": "Feature", "properties": { "key": "北区|赤羽3丁目", "ward": "北区", "town": "赤羽３丁目" }, "geometry": { "type": "Polygon", "coordinates": [ [ [ 139.71815, 35.781847 ], [ 139.718126, 35.781863 ], [ 139.718025, 35.782067 ], [ 139.718008, 35.782147 ], [ 139.717956, 35.782246 ], [ 139.71781, 35.782584 ], [ 139.717694, 35.782772 ], [ 139.717645, 35.782882 ], [ 139.717419, 35.783859 ], [ 139.717361, 35.784141 ], [ 139.717287, 35.784306 ], [ 139.717079, 35.784814 ], [ 139.716937, 35.785219 ], [ 139.716877, 35.785458 ], [ 139.716839, 35.785523 ], [ 139.716787, 35.785667 ], [ 139.716723, 35.78595 ], [ 139.716689, 35.786143 ], [ 139.716654, 35.786477 ], [ 139.716637, 35.78672 ], [ 139.716645, 35.787016 ], [ 139.716655, 35.787114 ], [ 139.716701, 35.787427 ], [ 139.716713, 35.787559 ], [ 139.716724, 35.787678 ], [ 139.717253, 35.787616 ], [ 139.717469, 35.787528 ], [ 139.718532, 35.787453 ], [ 139.719882, 35.787354 ], [ 139.71964, 35.786849 ], [ 139.71964, 35.786836 ], [ 139.719715, 35.786798 ], [ 139.719726, 35.786645 ], [ 139.719742, 35.786404 ], [ 139.720256, 35.78632 ], [ 139.720654, 35.786254 ], [ 139.721057, 35.786193 ], [ 139.721255, 35.786163 ], [ 139.721254, 35.785984 ], [ 139.721235, 35.785841 ], [ 139.721214, 35.78579 ], [ 139.72119, 35.785734 ], [ 139.72111, 35.785623 ], [ 139.720999, 35.785421 ], [ 139.720646, 35.785172 ], [ 139.720581, 35.785075 ], [ 139.720585, 35.784836 ], [ 139.720561, 35.784773 ], [ 139.720561, 35.784771 ], [ 139.720545, 35.784728 ], [ 139.72048, 35.784628 ], [ 139.720369, 35.784516 ], [ 139.720244, 35.784357 ], [ 139.72022, 35.784327 ], [ 139.720107, 35.784181 ], [ 139.720011, 35.784057 ], [ 139.719907, 35.783893 ], [ 139.719865, 35.783859 ], [ 139.719844, 35.783842 ], [ 139.719911, 35.783818 ], [ 139.720187, 35.783765 ], [ 139.72057, 35.783712 ], [ 139.720478, 35.783592 ], [ 139.720275, 35.783403 ], [ 139.719916, 35.783074 ], [ 139.719639, 35.782827 ], [ 139.719351, 35.782621 ], [ 139.719182, 35.7825 ], [ 139.719055, 35.782432 ], [ 139.71886, 35.782306 ], [ 139.718673, 35.782168 ], [ 139.718622, 35.782131 ], [ 139.71815, 35.781847 ] ] ] } },
{ "type": "Feature", "properties": { "key": "北区|西が丘1丁目", "ward": "北区", "town": "西が丘１丁目" }, "geometry": { "type": "Polygon", "coordinates": [ [ [ 139.713296, 35.77125 ], [ 139.713542, 35.771305 ], [ 139.713685, 35.771362 ], [ 139.713865, 35.771416 ], [ 139.713957, 35.771448 ], [ 139.714113, 35.771467 ], [ 139.714381, 35.771555 ], [ 139.714766, 35.771684 ], [ 139.714932, 35.771754 ], [ 139.715068, 35.771861 ], [ 139.715145, 35.7719 ], [ 139.715385, 35.771965 ], [ 139.715607, 35.772003 ], [ 139.715805, 35.772019 ], [ 139.715783, 35.771819 ], [ 139.715734, 35.771376 ], [ 139.715741, 35.771223 ], [ 139.71583, 35.770991 ], [ 139.715871, 35.770808 ], [ 139.715969, 35.770481 ], [ 139.716127, 35.770081 ], [ 139.716137, 35.770039 ], [ 139.716221, 35.769782 ], [ 139.716227, 35.769722 ], [ 139.716225, 35.769659 ], [ 139.716364, 35.769323 ], [ 139.716472, 35.769006 ], [ 139.716474, 35.768983 ], [ 139.715979, 35.768836 ], [ 139.715895, 35.768819 ], [ 139.71552, 35.768707 ], [ 139.714989, 35.768563 ], [ 139.714454, 35.768414 ], [ 139.713916, 35.768257 ], [ 139.713406, 35.768118 ], [ 139.713357, 35.768103 ], [ 139.713119, 35.768036 ], [ 139.712862, 35.767974 ], [ 139.712816, 35.767963 ], [ 139.712391, 35.767856 ], [ 139.71237, 35.76785 ], [ 139.711861, 35.76771 ], [ 139.711843, 35.767709 ], [ 139.711247, 35.767556 ], [ 139.710969, 35.76828 ], [ 139.710704, 35.768968 ], [ 139.71064, 35.769128 ], [ 139.710387, 35.769755 ], [ 139.710062, 35.770562 ], [ 139.710032, 35.770555 ], [ 139.710009, 35.770612 ], [ 139.710107, 35.770652 ], [ 139.71023, 35.770677 ], [ 139.710599, 35.770784 ], [ 139.710968, 35.770868 ], [ 139.710979, 35.770905 ], [ 139.710881, 35.77168 ], [ 139.710784, 35.772555 ], [ 139.7113, 35.772642 ], [ 139.711667, 35.772698 ], [ 139.711862, 35.772727 ], [ 139.712292, 35.772776 ], [ 139.71242, 35.77279 ], [ 139.713016, 35.772866 ], [ 139.713067, 35.772531 ], [ 139.713105, 35.772382 ], [ 139.713129, 35.772212 ], [ 139.713171, 35.772053 ], [ 139.713166, 35.772011 ], [ 139.713233, 35.771666 ], [ 139.713296, 35.77125 ] ] ] } },
{ "type": "Feature", "properties": { "key": "北区|西が丘2丁目", "ward": "北区", "town": "西が丘２丁目" }, "geometry": { "type": "Polygon", "coordinates": [ [ [ 139.716801, 35.767576 ], [ 139.716787, 35.767553 ], [ 139.716464, 35.767576 ], [ 139.716421, 35.767566 ], [ 139.716077, 35.767582 ], [ 139.716022, 35.767589 ], [ 139.715983, 35.767592 ], [ 139.715411, 35.767586 ], [ 139.715008, 35.767541 ], [ 139.714669, 35.767521 ], [ 139.714744, 35.76738 ], [ 139.714775, 35.767321 ], [ 139.714676, 35.767148 ], [ 139.714633, 35.767017 ], [ 139.714574, 35.7669 ], [ 139.714533, 35.766848 ], [ 139.714503, 35.766736 ], [ 139.7145, 35.76658 ], [ 139.714565, 35.766394 ], [ 139.714557, 35.766349 ], [ 139.714559, 35.76632 ], [ 139.714564, 35.76625 ], [ 139.714657, 35.766044 ], [ 139.714582, 35.765817 ], [ 139.714581, 35.765619 ], [ 139.714574, 35.765542 ], [ 139.714464, 35.765501 ], [ 139.714324, 35.765422 ], [ 139.714136, 35.765263 ], [ 139.713806, 35.765029 ], [ 139.713554, 35.764873 ], [ 139.713508, 35.764854 ], [ 139.713445, 35.764787 ], [ 139.713368, 35.764561 ], [ 139.713357, 35.764487 ], [ 139.713301, 35.7643 ], [ 139.713322, 35.764157 ], [ 139.713429, 35.763926 ], [ 139.713475, 35.763724 ], [ 139.713468, 35.763573 ], [ 139.713358, 35.763539 ], [ 139.713179, 35.763479 ], [ 139.712988, 35.763417 ], [ 139.712879, 35.763564 ], [ 139.712764, 35.76375 ], [ 139.712584, 35.76401 ], [ 139.712558, 35.764141 ], [ 139.712515, 35.764369 ], [ 139.71248, 35.764474 ], [ 139.712347, 35.764777 ], [ 139.712321, 35.764876 ], [ 139.71227, 35.76496 ], [ 139.71211, 35.765374 ], [ 139.712006, 35.765658 ], [ 139.711911, 35.765877 ], [ 139.711813, 35.766099 ], [ 139.711761, 35.766216 ], [ 139.711706, 35.766342 ], [ 139.711601, 35.766657 ], [ 139.711451, 35.766969 ], [ 139.711372, 35.767163 ], [ 139.711247, 35.767556 ], [ 139.711843, 35.767709 ], [ 139.711861, 35.76771 ], [ 139.71237, 35.76785 ], [ 139.712391, 35.767856 ], [ 139.712816, 35.767963 ], [ 139.712862, 35.767974 ], [ 139.713119, 35.768036 ], [ 139.713357, 35.768103 ], [ 139.713406, 35.768118 ], [ 139.713916, 35.768257 ], [ 139.714454, 35.768414 ], [ 139.714989, 35.768563 ], [ 139.71552, 35.768707 ], [ 139.715895, 35.768819 ], [ 139.715979, 35.768836 ], [ 139.716474, 35.768983 ], [ 139.716721, 35.768676 ], [ 139.716647, 35.768576 ], [ 139.716706, 35.768395 ], [ 139.716784, 35.768389 ], [ 139.716911, 35.768319 ], [ 139.71699, 35.768239 ], [ 139.71721, 35.768036 ], [ 139.717083, 35.767938 ], [ 139.716707, 35.76768 ], [ 139.716801, 35.767576 ] ] ] } },
{ "type": "Feature", "properties": { "key": "北区|西が丘3丁目", "ward": "北区", "town": "西が丘３丁目" }, "geometry": { "type": "Polygon", "coordinates": [ [ [ 139.71211, 35.765374 ], [ 139.71227, 35.76496 ], [ 139.712321, 35.764876 ], [ 139.712347, 35.764777 ], [ 139.71248, 35.764474 ], [ 139.712515, 35.764369 ], [ 139.712558, 35.764141 ], [ 139.712584, 35.76401 ], [ 139.712764, 35.76375 ], [ 139.712879, 35.763564 ], [ 139.712988, 35.763417 ], [ 139.712622, 35.763303 ], [ 139.712536, 35.763451 ], [ 139.712461, 35.763458 ], [ 139.712414, 35.763461 ], [ 139.712284, 35.763469 ], [ 139.712243, 35.76347 ], [ 139.712124, 35.763475 ], [ 139.712027, 35.763478 ], [ 139.711985, 35.76348 ], [ 139.711975, 35.76348 ], [ 139.71192, 35.763482 ], [ 139.711877, 35.763489 ], [ 139.711853, 35.763493 ], [ 139.711833, 35.763496 ], [ 139.711794, 35.763504 ], [ 139.711772, 35.763508 ], [ 139.711753, 35.763512 ], [ 139.711618, 35.763572 ], [ 139.711342, 35.763697 ], [ 139.710923, 35.763598 ], [ 139.710307, 35.763412 ], [ 139.710299, 35.76341 ], [ 139.710083, 35.763906 ], [ 139.710076, 35.763923 ], [ 139.70997, 35.764168 ], [ 139.70996, 35.764191 ], [ 139.709845, 35.764455 ], [ 139.709573, 35.76508 ], [ 139.709396, 35.765026 ], [ 139.709394, 35.765035 ], [ 139.709329, 35.765192 ], [ 139.709326, 35.765199 ], [ 139.709275, 35.765336 ], [ 139.709252, 35.765399 ], [ 139.709167, 35.765626 ], [ 139.708784, 35.765528 ], [ 139.708642, 35.765492 ], [ 139.708428, 35.765437 ], [ 139.708139, 35.765364 ], [ 139.707992, 35.765691 ], [ 139.707889, 35.765947 ], [ 139.707827, 35.766072 ], [ 139.707715, 35.766153 ], [ 139.707672, 35.766176 ], [ 139.707373, 35.766352 ], [ 139.707192, 35.76649 ], [ 139.706987, 35.766648 ], [ 139.706592, 35.767019 ], [ 139.706573, 35.767037 ], [ 139.706555, 35.767176 ], [ 139.706453, 35.767854 ], [ 139.706453, 35.767868 ], [ 139.706434, 35.768041 ], [ 139.706388, 35.768459 ], [ 139.706372, 35.768599 ], [ 139.706341, 35.768806 ], [ 139.706296, 35.769072 ], [ 139.70623, 35.769324 ], [ 139.706163, 35.76956 ], [ 139.706441, 35.769631 ], [ 139.706845, 35.769738 ], [ 139.707343, 35.769871 ], [ 139.708226, 35.770108 ], [ 139.708587, 35.770208 ], [ 139.708777, 35.770253 ], [ 139.708829, 35.770266 ], [ 139.710032, 35.770555 ], [ 139.710062, 35.770562 ], [ 139.710387, 35.769755 ], [ 139.71064, 35.769128 ], [ 139.710704, 35.768968 ], [ 139.710969, 35.76828 ], [ 139.711247, 35.767556 ], [ 139.711372, 35.767163 ], [ 139.711451, 35.766969 ], [ 139.711601, 35.766657 ], [ 139.711706, 35.766342 ], [ 139.711761, 35.766216 ], [ 139.711813, 35.766099 ], [ 139.711911, 35.765877 ], [ 139.712006, 35.765658 ], [ 139.71211, 35.765374 ] ] ] } },
{ "type": "Feature", "properties": { "key": "北区|赤羽西1丁目", "ward": "北区", "town": "赤羽西１丁目" }, "geometry": { "type": "Polygon", "coordinates": [ [ [ 139.720145, 35.778255 ], [ 139.720171, 35.778215 ], [ 139.720208, 35.778158 ], [ 139.720312, 35.777995 ], [ 139.720427, 35.777816 ], [ 139.720478, 35.777737 ], [ 139.720654, 35.777512 ], [ 139.720713, 35.777419 ], [ 139.720817, 35.777253 ], [ 139.720971, 35.777043 ], [ 139.721156, 35.776717 ], [ 139.721283, 35.776537 ], [ 139.721407, 35.776407 ], [ 139.721573, 35.776166 ], [ 139.721649, 35.775993 ], [ 139.721764, 35.775614 ], [ 139.721826, 35.775317 ], [ 139.721787, 35.775323 ], [ 139.721642, 35.775254 ], [ 139.721632, 35.775247 ], [ 139.721598, 35.775225 ], [ 139.721237, 35.775012 ], [ 139.720892, 35.774912 ], [ 139.720794, 35.774888 ], [ 139.720451, 35.774889 ], [ 139.720259, 35.774851 ], [ 139.720224, 35.774814 ], [ 139.720175, 35.774783 ], [ 139.719934, 35.774683 ], [ 139.719766, 35.774617 ], [ 139.719494, 35.774566 ], [ 139.719245, 35.774297 ], [ 139.719163, 35.774231 ], [ 139.719155, 35.774278 ], [ 139.718974, 35.774339 ], [ 139.718907, 35.774346 ], [ 139.718536, 35.774546 ], [ 139.718349, 35.774679 ], [ 139.718242, 35.774754 ], [ 139.718124, 35.774809 ], [ 139.717842, 35.775016 ], [ 139.717684, 35.775117 ], [ 139.717451, 35.775261 ], [ 139.717286, 35.775399 ], [ 139.717342, 35.775522 ], [ 139.717258, 35.775551 ], [ 139.717156, 35.775632 ], [ 139.717075, 35.775786 ], [ 139.717096, 35.775803 ], [ 139.717096, 35.775903 ], [ 139.717025, 35.776032 ], [ 139.716989, 35.776149 ], [ 139.716974, 35.77627 ], [ 139.716974, 35.776325 ], [ 139.717025, 35.776498 ], [ 139.717033, 35.776526 ], [ 139.716974, 35.776544 ], [ 139.716816, 35.776654 ], [ 139.716729, 35.776881 ], [ 139.716718, 35.776957 ], [ 139.716737, 35.777023 ], [ 139.716813, 35.777176 ], [ 139.717099, 35.777526 ], [ 139.717245, 35.777718 ], [ 139.717361, 35.777813 ], [ 139.717512, 35.777925 ], [ 139.717555, 35.778028 ], [ 139.717549, 35.778225 ], [ 139.717691, 35.778402 ], [ 139.717651, 35.778432 ], [ 139.717904, 35.778664 ], [ 139.717947, 35.778635 ], [ 139.718378, 35.779022 ], [ 139.718604, 35.779095 ], [ 139.718599, 35.779126 ], [ 139.718588, 35.779188 ], [ 139.718872, 35.779417 ], [ 139.718974, 35.779642 ], [ 139.718938, 35.779727 ], [ 139.718837, 35.77987 ], [ 139.718761, 35.78002 ], [ 139.718742, 35.780088 ], [ 139.718658, 35.780211 ], [ 139.718483, 35.78052 ], [ 139.718649, 35.780568 ], [ 139.719351, 35.779508 ], [ 139.719846, 35.778785 ], [ 139.719819, 35.778762 ], [ 139.720145, 35.778255 ] ] ] } },
{ "type": "Feature", "properties": { "key": "北区|赤羽西2丁目", "ward": "北区", "town": "赤羽西２丁目" }, "geometry": { "type": "Polygon", "coordinates": [ [ [ 139.721877, 35.774615 ], [ 139.721949, 35.77379 ], [ 139.721957, 35.773582 ], [ 139.722025, 35.771688 ], [ 139.72203, 35.771193 ], [ 139.722027, 35.771073 ], [ 139.721839, 35.771246 ], [ 139.721775, 35.771328 ], [ 139.721613, 35.771593 ], [ 139.7216, 35.771611 ], [ 139.721452, 35.771581 ], [ 139.721354, 35.771491 ], [ 139.721269, 35.77132 ], [ 139.721136, 35.771182 ], [ 139.720994, 35.771114 ], [ 139.720782, 35.771012 ], [ 139.720588, 35.770953 ], [ 139.720507, 35.77094 ], [ 139.720171, 35.770887 ], [ 139.719747, 35.770782 ], [ 139.719547, 35.770825 ], [ 139.719272, 35.770916 ], [ 139.719135, 35.771029 ], [ 139.718921, 35.771143 ], [ 139.718896, 35.771155 ], [ 139.718733, 35.77115 ], [ 139.718608, 35.771113 ], [ 139.718503, 35.771111 ], [ 139.718443, 35.771101 ], [ 139.718283, 35.771171 ], [ 139.718187, 35.771265 ], [ 139.718001, 35.77164 ], [ 139.718071, 35.771925 ], [ 139.718119, 35.772208 ], [ 139.718159, 35.77228 ], [ 139.717994, 35.772348 ], [ 139.717893, 35.772369 ], [ 139.717629, 35.772404 ], [ 139.717505, 35.772403 ], [ 139.71751, 35.77265 ], [ 139.717523, 35.772706 ], [ 139.717535, 35.772728 ], [ 139.717648, 35.772889 ], [ 139.71772, 35.772939 ], [ 139.718046, 35.773119 ], [ 139.718401, 35.77318 ], [ 139.718729, 35.773223 ], [ 139.718853, 35.773229 ], [ 139.718883, 35.773273 ], [ 139.718958, 35.773749 ], [ 139.719013, 35.773891 ], [ 139.719044, 35.774043 ], [ 139.719107, 35.774142 ], [ 139.719163, 35.774231 ], [ 139.719245, 35.774297 ], [ 139.719494, 35.774566 ], [ 139.719766, 35.774617 ], [ 139.719934, 35.774683 ], [ 139.720175, 35.774783 ], [ 139.720224, 35.774814 ], [ 139.720259, 35.774851 ], [ 139.720451, 35.774889 ], [ 139.720794, 35.774888 ], [ 139.720892, 35.774912 ], [ 139.721237, 35.775012 ], [ 139.721598, 35.775225 ], [ 139.721632, 35.775247 ], [ 139.721642, 35.775254 ], [ 139.721787, 35.775323 ], [ 139.721826, 35.775317 ], [ 139.721877, 35.774615 ] ] ] } },
{ "type": "Feature", "properties": { "key": "北区|赤羽西3丁目", "ward": "北区", "town": "赤羽西３丁目" }, "geometry": { "type": "Polygon", "coordinates": [ [ [ 139.718071, 35.771925 ], [ 139.718001, 35.77164 ], [ 139.718187, 35.771265 ], [ 139.718283, 35.771171 ], [ 139.718443, 35.771101 ], [ 139.718503, 35.771111 ], [ 139.718608, 35.771113 ], [ 139.718733, 35.77115 ], [ 139.718896, 35.771155 ], [ 139.718921, 35.771143 ], [ 139.719135, 35.771029 ], [ 139.719272, 35.770916 ], [ 139.719547, 35.770825 ], [ 139.719747, 35.770782 ], [ 139.720171, 35.770887 ], [ 139.720507, 35.77094 ], [ 139.720588, 35.770953 ], [ 139.720782, 35.771012 ], [ 139.720994, 35.771114 ], [ 139.721136, 35.771182 ], [ 139.721269, 35.77132 ], [ 139.721354, 35.771491 ], [ 139.721452, 35.771581 ], [ 139.7216, 35.771611 ], [ 139.721613, 35.771593 ], [ 139.721775, 35.771328 ], [ 139.721839, 35.771246 ], [ 139.722027, 35.771073 ], [ 139.722027, 35.771065 ], [ 139.722025, 35.771045 ], [ 139.722005, 35.770851 ], [ 139.722057, 35.770144 ], [ 139.721815, 35.770285 ], [ 139.721753, 35.770315 ], [ 139.721706, 35.770327 ], [ 139.721673, 35.770325 ], [ 139.721629, 35.770317 ], [ 139.721457, 35.770243 ], [ 139.720953, 35.769981 ], [ 139.720642, 35.769853 ], [ 139.720469, 35.769782 ], [ 139.720327, 35.769723 ], [ 139.720147, 35.769649 ], [ 139.72012, 35.769636 ], [ 139.720043, 35.769599 ], [ 139.719857, 35.769543 ], [ 139.719749, 35.769531 ], [ 139.719504, 35.769555 ], [ 139.719415, 35.769545 ], [ 139.719364, 35.769525 ], [ 139.719126, 35.769377 ], [ 139.719066, 35.769336 ], [ 139.718754, 35.769181 ], [ 139.718571, 35.76907 ], [ 139.718316, 35.768902 ], [ 139.718292, 35.768888 ], [ 139.71791, 35.768614 ], [ 139.717801, 35.768499 ], [ 139.717558, 35.768272 ], [ 139.717435, 35.768173 ], [ 139.717222, 35.768045 ], [ 139.71721, 35.768036 ], [ 139.71699, 35.768239 ], [ 139.716911, 35.768319 ], [ 139.716784, 35.768389 ], [ 139.716706, 35.768395 ], [ 139.716647, 35.768576 ], [ 139.716721, 35.768676 ], [ 139.716474, 35.768983 ], [ 139.716472, 35.769006 ], [ 139.716364, 35.769323 ], [ 139.716225, 35.769659 ], [ 139.716227, 35.769722 ], [ 139.716221, 35.769782 ], [ 139.716137, 35.770039 ], [ 139.716127, 35.770081 ], [ 139.715969, 35.770481 ], [ 139.715871, 35.770808 ], [ 139.71583, 35.770991 ], [ 139.715741, 35.771223 ], [ 139.715734, 35.771376 ], [ 139.715783, 35.771819 ], [ 139.715805, 35.772019 ], [ 139.716107, 35.772069 ], [ 139.716209, 35.772099 ], [ 139.716249, 35.772113 ], [ 139.716552, 35.772201 ], [ 139.716743, 35.772214 ], [ 139.717003, 35.772194 ], [ 139.717118, 35.772231 ], [ 139.717196, 35.772278 ], [ 139.717337, 35.772371 ], [ 139.717505, 35.772403 ], [ 139.717629, 35.772404 ], [ 139.717893, 35.772369 ], [ 139.717994, 35.772348 ], [ 139.718159, 35.77228 ], [ 139.718119, 35.772208 ], [ 139.718071, 35.771925 ] ] ] } },
{ "type": "Feature", "properties": { "key": "北区|赤羽西4丁目", "ward": "北区", "town": "赤羽西４丁目" }, "geometry": { "type": "Polygon", "coordinates": [ [ [ 139.717684, 35.775117 ], [ 139.717842, 35.775016 ], [ 139.718124, 35.774809 ], [ 139.718242, 35.774754 ], [ 139.718349, 35.774679 ], [ 139.718536, 35.774546 ], [ 139.718907, 35.774346 ], [ 139.718974, 35.774339 ], [ 139.719155, 35.774278 ], [ 139.719163, 35.774231 ], [ 139.719107, 35.774142 ], [ 139.719044, 35.774043 ], [ 139.719013, 35.773891 ], [ 139.718958, 35.773749 ], [ 139.718883, 35.773273 ], [ 139.718853, 35.773229 ], [ 139.718729, 35.773223 ], [ 139.718401, 35.77318 ], [ 139.718046, 35.773119 ], [ 139.71772, 35.772939 ], [ 139.717648, 35.772889 ], [ 139.717535, 35.772728 ], [ 139.717523, 35.772706 ], [ 139.71751, 35.77265 ], [ 139.717505, 35.772403 ], [ 139.717337, 35.772371 ], [ 139.717196, 35.772278 ], [ 139.717118, 35.772231 ], [ 139.717003, 35.772194 ], [ 139.716743, 35.772214 ], [ 139.716552, 35.772201 ], [ 139.716249, 35.772113 ], [ 139.716209, 35.772099 ], [ 139.716107, 35.772069 ], [ 139.715805, 35.772019 ], [ 139.715607, 35.772003 ], [ 139.715385, 35.771965 ], [ 139.715145, 35.7719 ], [ 139.715068, 35.771861 ], [ 139.714932, 35.771754 ], [ 139.714766, 35.771684 ], [ 139.714381, 35.771555 ], [ 139.714113, 35.771467 ], [ 139.713957, 35.771448 ], [ 139.713865, 35.771416 ], [ 139.713685, 35.771362 ], [ 139.713542, 35.771305 ], [ 139.713296, 35.77125 ], [ 139.713233, 35.771666 ], [ 139.713166, 35.772011 ], [ 139.713171, 35.772053 ], [ 139.713129, 35.772212 ], [ 139.713105, 35.772382 ], [ 139.713067, 35.772531 ], [ 139.713016, 35.772866 ], [ 139.713033, 35.772873 ], [ 139.713031, 35.773177 ], [ 139.712935, 35.773365 ], [ 139.712853, 35.773554 ], [ 139.712828, 35.773843 ], [ 139.712833, 35.773949 ], [ 139.712814, 35.77405 ], [ 139.712804, 35.774156 ], [ 139.712766, 35.774338 ], [ 139.712788, 35.774411 ], [ 139.712979, 35.774638 ], [ 139.713194, 35.774697 ], [ 139.713385, 35.774624 ], [ 139.713514, 35.77464 ], [ 139.713782, 35.7746 ], [ 139.713893, 35.774471 ], [ 139.714156, 35.774167 ], [ 139.714169, 35.774138 ], [ 139.714278, 35.774137 ], [ 139.714703, 35.774478 ], [ 139.714939, 35.774727 ], [ 139.715115, 35.774954 ], [ 139.715194, 35.77513 ], [ 139.715291, 35.775202 ], [ 139.715339, 35.775214 ], [ 139.7155, 35.775225 ], [ 139.715696, 35.775225 ], [ 139.715858, 35.775162 ], [ 139.71596, 35.775146 ], [ 139.7162, 35.775185 ], [ 139.716526, 35.775309 ], [ 139.716662, 35.775457 ], [ 139.71672, 35.775547 ], [ 139.71692, 35.775683 ], [ 139.717075, 35.775786 ], [ 139.717156, 35.775632 ], [ 139.717258, 35.775551 ], [ 139.717342, 35.775522 ], [ 139.717286, 35.775399 ], [ 139.717451, 35.775261 ], [ 139.717684, 35.775117 ] ] ] } },
{ "type": "Feature", "properties": { "key": "北区|赤羽西5丁目", "ward": "北区", "town": "赤羽西５丁目" }, "geometry": { "type": "Polygon", "coordinates": [ [ [ 139.710557, 35.77479 ], [ 139.711129, 35.774798 ], [ 139.71133, 35.774807 ], [ 139.711522, 35.774795 ], [ 139.711689, 35.774751 ], [ 139.71202, 35.77456 ], [ 139.712087, 35.77453 ], [ 139.712439, 35.774433 ], [ 139.712576, 35.774407 ], [ 139.712788, 35.774411 ], [ 139.712766, 35.774338 ], [ 139.712804, 35.774156 ], [ 139.712814, 35.77405 ], [ 139.712833, 35.773949 ], [ 139.712828, 35.773843 ], [ 139.712853, 35.773554 ], [ 139.712935, 35.773365 ], [ 139.713031, 35.773177 ], [ 139.713033, 35.772873 ], [ 139.713016, 35.772866 ], [ 139.71242, 35.77279 ], [ 139.712292, 35.772776 ], [ 139.711862, 35.772727 ], [ 139.711667, 35.772698 ], [ 139.7113, 35.772642 ], [ 139.710784, 35.772555 ], [ 139.710881, 35.77168 ], [ 139.710979, 35.770905 ], [ 139.710968, 35.770868 ], [ 139.710599, 35.770784 ], [ 139.71023, 35.770677 ], [ 139.710107, 35.770652 ], [ 139.710009, 35.770612 ], [ 139.710032, 35.770555 ], [ 139.708829, 35.770266 ], [ 139.708732, 35.770934 ], [ 139.708655, 35.771514 ], [ 139.708627, 35.77176 ], [ 139.708494, 35.772796 ], [ 139.708412, 35.773406 ], [ 139.70837, 35.773745 ], [ 139.708363, 35.77384 ], [ 139.708352, 35.773967 ], [ 139.708327, 35.774237 ], [ 139.708318, 35.77433 ], [ 139.70827, 35.774679 ], [ 139.708254, 35.774887 ], [ 139.70821, 35.77521 ], [ 139.708158, 35.775515 ], [ 139.708127, 35.775721 ], [ 139.708727, 35.775865 ], [ 139.708797, 35.775887 ], [ 139.709259, 35.775988 ], [ 139.709461, 35.776032 ], [ 139.709863, 35.77612 ], [ 139.710168, 35.776185 ], [ 139.710436, 35.77625 ], [ 139.710838, 35.776334 ], [ 139.711435, 35.776505 ], [ 139.711545, 35.776524 ], [ 139.711459, 35.776275 ], [ 139.711406, 35.776119 ], [ 139.711362, 35.77605 ], [ 139.71126, 35.775838 ], [ 139.711163, 35.775693 ], [ 139.71103, 35.775529 ], [ 139.710843, 35.775327 ], [ 139.710467, 35.774985 ], [ 139.710446, 35.774936 ], [ 139.710365, 35.774892 ], [ 139.710557, 35.77479 ] ] ] } },
{ "type": "Feature", "properties": { "key": "北区|赤羽西6丁目", "ward": "北区", "town": "赤羽西６丁目" }, "geometry": { "type": "Polygon", "coordinates": [ [ [ 139.708327, 35.774237 ], [ 139.708352, 35.773967 ], [ 139.708363, 35.77384 ], [ 139.70837, 35.773745 ], [ 139.708412, 35.773406 ], [ 139.708494, 35.772796 ], [ 139.708627, 35.77176 ], [ 139.708655, 35.771514 ], [ 139.708732, 35.770934 ], [ 139.708829, 35.770266 ], [ 139.708777, 35.770253 ], [ 139.708587, 35.770208 ], [ 139.708226, 35.770108 ], [ 139.707343, 35.769871 ], [ 139.706845, 35.769738 ], [ 139.706441, 35.769631 ], [ 139.706163, 35.76956 ], [ 139.706155, 35.769582 ], [ 139.70608, 35.769808 ], [ 139.706014, 35.769999 ], [ 139.705977, 35.770144 ], [ 139.705908, 35.770452 ], [ 139.705854, 35.770654 ], [ 139.705825, 35.770759 ], [ 139.705741, 35.771072 ], [ 139.705707, 35.771196 ], [ 139.705676, 35.771491 ], [ 139.705673, 35.771515 ], [ 139.705601, 35.771827 ], [ 139.705552, 35.771995 ], [ 139.705449, 35.772319 ], [ 139.705374, 35.772466 ], [ 139.705273, 35.772699 ], [ 139.705238, 35.77279 ], [ 139.705105, 35.773073 ], [ 139.705024, 35.773234 ], [ 139.70496, 35.773352 ], [ 139.704839, 35.773675 ], [ 139.704815, 35.773768 ], [ 139.70464, 35.773756 ], [ 139.704531, 35.773767 ], [ 139.704367, 35.773814 ], [ 139.704463, 35.773973 ], [ 139.704531, 35.774076 ], [ 139.704609, 35.774121 ], [ 139.704709, 35.77417 ], [ 139.704692, 35.774278 ], [ 139.704691, 35.774286 ], [ 139.704569, 35.774279 ], [ 139.704574, 35.774541 ], [ 139.70465, 35.77456 ], [ 139.704628, 35.774848 ], [ 139.704618, 35.774974 ], [ 139.704984, 35.775043 ], [ 139.705304, 35.775111 ], [ 139.705685, 35.775179 ], [ 139.706153, 35.77528 ], [ 139.706324, 35.775306 ], [ 139.706441, 35.775336 ], [ 139.706757, 35.775405 ], [ 139.707048, 35.775469 ], [ 139.707472, 35.775565 ], [ 139.707668, 35.775633 ], [ 139.707847, 35.775671 ], [ 139.708061, 35.775754 ], [ 139.70811, 35.775762 ], [ 139.708127, 35.775721 ], [ 139.708158, 35.775515 ], [ 139.70821, 35.77521 ], [ 139.708254, 35.774887 ], [ 139.70827, 35.774679 ], [ 139.708318, 35.77433 ], [ 139.708327, 35.774237 ] ] ] } },
{ "type": "Feature", "properties": { "key": "北区|志茂1丁目", "ward": "北区", "town": "志茂１丁目" }, "geometry": { "type": "Polygon", "coordinates": [ [ [ 139.730341, 35.777777 ], [ 139.730401, 35.77777 ], [ 139.730415, 35.77777 ], [ 139.730743, 35.777722 ], [ 139.731142, 35.777661 ], [ 139.731358, 35.777672 ], [ 139.731585, 35.777692 ], [ 139.731653, 35.777698 ], [ 139.732013, 35.777724 ], [ 139.732447, 35.77773 ], [ 139.732704, 35.77776 ], [ 139.732858, 35.777541 ], [ 139.733052, 35.777256 ], [ 139.733157, 35.777074 ], [ 139.733229, 35.77691 ], [ 139.733273, 35.776683 ], [ 139.733322, 35.776417 ], [ 139.733319, 35.776356 ], [ 139.733311, 35.776127 ], [ 139.733293, 35.775625 ], [ 139.73329, 35.775441 ], [ 139.733256, 35.775441 ], [ 139.732799, 35.775451 ], [ 139.732757, 35.775388 ], [ 139.732378, 35.775369 ], [ 139.732257, 35.775261 ], [ 139.732225, 35.775 ], [ 139.73159, 35.774989 ], [ 139.731186, 35.774985 ], [ 139.730988, 35.774983 ], [ 139.730785, 35.775008 ], [ 139.730652, 35.775042 ], [ 139.73013, 35.775047 ], [ 139.730057, 35.775048 ], [ 139.72993, 35.775049 ], [ 139.729782, 35.775051 ], [ 139.729623, 35.775052 ], [ 139.729548, 35.775053 ], [ 139.729018, 35.775058 ], [ 139.728317, 35.775065 ], [ 139.727843, 35.775055 ], [ 139.727487, 35.775048 ], [ 139.727193, 35.775042 ], [ 139.727183, 35.775042 ], [ 139.726154, 35.775021 ], [ 139.726081, 35.77502 ], [ 139.726034, 35.775148 ], [ 139.72602, 35.775249 ], [ 139.726043, 35.77547 ], [ 139.726045, 35.775487 ], [ 139.72607, 35.77571 ], [ 139.726075, 35.775755 ], [ 139.726093, 35.77597 ], [ 139.726093, 35.775975 ], [ 139.726144, 35.776409 ], [ 139.726148, 35.7765 ], [ 139.726164, 35.77685 ], [ 139.726194, 35.777195 ], [ 139.726229, 35.777487 ], [ 139.726529, 35.777481 ], [ 139.726812, 35.777475 ], [ 139.726995, 35.777498 ], [ 139.727161, 35.777506 ], [ 139.727505, 35.777566 ], [ 139.727665, 35.777576 ], [ 139.727934, 35.777614 ], [ 139.728503, 35.777689 ], [ 139.72891, 35.777739 ], [ 139.729342, 35.777793 ], [ 139.729367, 35.777793 ], [ 139.729374, 35.777793 ], [ 139.729604, 35.777791 ], [ 139.729981, 35.777796 ], [ 139.729996, 35.777795 ], [ 139.730341, 35.777777 ] ] ] } },
{ "type": "Feature", "properties": { "key": "北区|志茂2丁目", "ward": "北区", "town": "志茂２丁目" }, "geometry": { "type": "Polygon", "coordinates": [ [ [ 139.732704, 35.77776 ], [ 139.732447, 35.77773 ], [ 139.732013, 35.777724 ], [ 139.731653, 35.777698 ], [ 139.731585, 35.777692 ], [ 139.731358, 35.777672 ], [ 139.731142, 35.777661 ], [ 139.730743, 35.777722 ], [ 139.730415, 35.77777 ], [ 139.730401, 35.77777 ], [ 139.730341, 35.777777 ], [ 139.729996, 35.777795 ], [ 139.729981, 35.777796 ], [ 139.729604, 35.777791 ], [ 139.729374, 35.777793 ], [ 139.729367, 35.777793 ], [ 139.729342, 35.777793 ], [ 139.72891, 35.777739 ], [ 139.728503, 35.777689 ], [ 139.727934, 35.777614 ], [ 139.727665, 35.777576 ], [ 139.727505, 35.777566 ], [ 139.727161, 35.777506 ], [ 139.726995, 35.777498 ], [ 139.726812, 35.777475 ], [ 139.726529, 35.777481 ], [ 139.726229, 35.777487 ], [ 139.726224, 35.777498 ], [ 139.726235, 35.777765 ], [ 139.726239, 35.777821 ], [ 139.726261, 35.778209 ], [ 139.726253, 35.778313 ], [ 139.726285, 35.778635 ], [ 139.726317, 35.778969 ], [ 139.726325, 35.779195 ], [ 139.726351, 35.779439 ], [ 139.726355, 35.779474 ], [ 139.726367, 35.779591 ], [ 139.726368, 35.779598 ], [ 139.726424, 35.77996 ], [ 139.726442, 35.780044 ], [ 139.72646, 35.780093 ], [ 139.726524, 35.780279 ], [ 139.726557, 35.780451 ], [ 139.72659, 35.780657 ], [ 139.726642, 35.780941 ], [ 139.726651, 35.78113 ], [ 139.726674, 35.781289 ], [ 139.726695, 35.781586 ], [ 139.726713, 35.781908 ], [ 139.726734, 35.782364 ], [ 139.726729, 35.782365 ], [ 139.726747, 35.782471 ], [ 139.726754, 35.78247 ], [ 139.727247, 35.782371 ], [ 139.727516, 35.782305 ], [ 139.727559, 35.782295 ], [ 139.727768, 35.782243 ], [ 139.728, 35.782185 ], [ 139.72821, 35.782093 ], [ 139.728335, 35.782036 ], [ 139.728597, 35.781899 ], [ 139.728729, 35.781785 ], [ 139.72904, 35.781539 ], [ 139.729242, 35.781378 ], [ 139.729509, 35.78113 ], [ 139.729566, 35.781075 ], [ 139.729591, 35.781054 ], [ 139.729848, 35.780834 ], [ 139.73004, 35.780646 ], [ 139.730161, 35.780545 ], [ 139.730277, 35.780448 ], [ 139.730333, 35.780401 ], [ 139.730481, 35.780277 ], [ 139.730537, 35.780229 ], [ 139.730845, 35.779961 ], [ 139.731032, 35.779784 ], [ 139.731245, 35.779595 ], [ 139.731574, 35.779289 ], [ 139.731629, 35.779235 ], [ 139.731715, 35.779132 ], [ 139.731799, 35.778994 ], [ 139.731971, 35.778797 ], [ 139.732073, 35.778636 ], [ 139.73214, 35.778543 ], [ 139.732385, 35.778214 ], [ 139.732448, 35.778124 ], [ 139.73246, 35.778106 ], [ 139.732704, 35.77776 ] ] ] } },
{ "type": "Feature", "properties": { "key": "北区|志茂3丁目", "ward": "北区", "town": "志茂３丁目" }, "geometry": { "type": "Polygon", "coordinates": [ [ [ 139.73835, 35.77954 ], [ 139.738426, 35.779179 ], [ 139.738453, 35.778855 ], [ 139.73842, 35.778561 ], [ 139.738387, 35.778375 ], [ 139.738235, 35.777832 ], [ 139.738234, 35.777827 ], [ 139.738082, 35.777448 ], [ 139.737958, 35.777212 ], [ 139.737788, 35.776884 ], [ 139.737665, 35.776664 ], [ 139.737304, 35.776094 ], [ 139.737169, 35.77589 ], [ 139.737017, 35.775654 ], [ 139.736639, 35.775034 ], [ 139.736584, 35.774925 ], [ 139.736218, 35.775141 ], [ 139.736149, 35.775186 ], [ 139.735697, 35.775479 ], [ 139.734858, 35.775447 ], [ 139.734649, 35.775446 ], [ 139.734536, 35.775445 ], [ 139.73329, 35.775441 ], [ 139.733293, 35.775625 ], [ 139.733311, 35.776127 ], [ 139.733319, 35.776356 ], [ 139.733322, 35.776417 ], [ 139.733273, 35.776683 ], [ 139.733229, 35.77691 ], [ 139.733157, 35.777074 ], [ 139.733052, 35.777256 ], [ 139.732858, 35.777541 ], [ 139.732704, 35.77776 ], [ 139.73246, 35.778106 ], [ 139.732448, 35.778124 ], [ 139.732385, 35.778214 ], [ 139.73214, 35.778543 ], [ 139.732073, 35.778636 ], [ 139.731971, 35.778797 ], [ 139.731799, 35.778994 ], [ 139.731715, 35.779132 ], [ 139.731629, 35.779235 ], [ 139.731803, 35.779312 ], [ 139.732058, 35.779226 ], [ 139.732214, 35.779284 ], [ 139.732414, 35.77941 ], [ 139.732663, 35.779535 ], [ 139.732875, 35.779562 ], [ 139.732974, 35.779562 ], [ 139.733337, 35.779556 ], [ 139.733777, 35.779588 ], [ 139.734193, 35.779657 ], [ 139.734227, 35.779761 ], [ 139.734287, 35.779809 ], [ 139.734495, 35.779937 ], [ 139.73452, 35.779953 ], [ 139.734703, 35.780073 ], [ 139.734981, 35.780298 ], [ 139.735046, 35.780362 ], [ 139.735403, 35.780649 ], [ 139.735542, 35.780736 ], [ 139.73627, 35.781022 ], [ 139.73644, 35.781079 ], [ 139.736883, 35.781261 ], [ 139.737214, 35.781398 ], [ 139.737498, 35.78101 ], [ 139.737564, 35.780903 ], [ 139.737807, 35.7805 ], [ 139.737926, 35.780288 ], [ 139.738035, 35.780208 ], [ 139.738231, 35.779866 ], [ 139.73835, 35.77954 ] ] ] } },
{ "type": "Feature", "properties": { "key": "北区|志茂4丁目", "ward": "北区", "town": "志茂４丁目" }, "geometry": { "type": "Polygon", "coordinates": [ [ [ 139.733337, 35.779556 ], [ 139.732974, 35.779562 ], [ 139.732875, 35.779562 ], [ 139.732663, 35.779535 ], [ 139.732414, 35.77941 ], [ 139.732214, 35.779284 ], [ 139.732058, 35.779226 ], [ 139.731803, 35.779312 ], [ 139.731629, 35.779235 ], [ 139.731574, 35.779289 ], [ 139.731245, 35.779595 ], [ 139.731032, 35.779784 ], [ 139.730845, 35.779961 ], [ 139.730537, 35.780229 ], [ 139.730481, 35.780277 ], [ 139.730333, 35.780401 ], [ 139.730277, 35.780448 ], [ 139.730161, 35.780545 ], [ 139.73004, 35.780646 ], [ 139.729848, 35.780834 ], [ 139.729591, 35.781054 ], [ 139.729566, 35.781075 ], [ 139.729509, 35.78113 ], [ 139.729599, 35.781235 ], [ 139.729729, 35.781359 ], [ 139.730057, 35.781617 ], [ 139.730183, 35.781692 ], [ 139.730225, 35.781717 ], [ 139.730374, 35.781805 ], [ 139.730519, 35.781863 ], [ 139.7307, 35.78194 ], [ 139.730953, 35.782122 ], [ 139.731217, 35.782338 ], [ 139.73124, 35.782365 ], [ 139.731276, 35.782409 ], [ 139.731397, 35.782556 ], [ 139.731413, 35.782572 ], [ 139.731491, 35.782652 ], [ 139.731617, 35.782835 ], [ 139.731575, 35.782874 ], [ 139.731771, 35.783294 ], [ 139.731867, 35.783472 ], [ 139.732, 35.783668 ], [ 139.732193, 35.783835 ], [ 139.732315, 35.783941 ], [ 139.732349, 35.784034 ], [ 139.732893, 35.783889 ], [ 139.733274, 35.783787 ], [ 139.734076, 35.783535 ], [ 139.734214, 35.783491 ], [ 139.734539, 35.783336 ], [ 139.734723, 35.783248 ], [ 139.735275, 35.782921 ], [ 139.735797, 35.782566 ], [ 139.735957, 35.782414 ], [ 139.736182, 35.782201 ], [ 139.736594, 35.781635 ], [ 139.736883, 35.781261 ], [ 139.73644, 35.781079 ], [ 139.73627, 35.781022 ], [ 139.735542, 35.780736 ], [ 139.735403, 35.780649 ], [ 139.735046, 35.780362 ], [ 139.734981, 35.780298 ], [ 139.734703, 35.780073 ], [ 139.73452, 35.779953 ], [ 139.734495, 35.779937 ], [ 139.734287, 35.779809 ], [ 139.734227, 35.779761 ], [ 139.734193, 35.779657 ], [ 139.733777, 35.779588 ], [ 139.733337, 35.779556 ] ] ] } },
{ "type": "Feature", "properties": { "key": "北区|志茂5丁目", "ward": "北区", "town": "志茂５丁目" }, "geometry": { "type": "Polygon", "coordinates": [ [ [ 139.738075, 35.783867 ], [ 139.737812, 35.78341 ], [ 139.737292, 35.782385 ], [ 139.736891, 35.781787 ], [ 139.737159, 35.781472 ], [ 139.737214, 35.781398 ], [ 139.736883, 35.781261 ], [ 139.736594, 35.781635 ], [ 139.736182, 35.782201 ], [ 139.735957, 35.782414 ], [ 139.735797, 35.782566 ], [ 139.735275, 35.782921 ], [ 139.734723, 35.783248 ], [ 139.734539, 35.783336 ], [ 139.734214, 35.783491 ], [ 139.734076, 35.783535 ], [ 139.733274, 35.783787 ], [ 139.732893, 35.783889 ], [ 139.732349, 35.784034 ], [ 139.732315, 35.783941 ], [ 139.732193, 35.783835 ], [ 139.732, 35.783668 ], [ 139.731867, 35.783472 ], [ 139.731771, 35.783294 ], [ 139.731575, 35.782874 ], [ 139.731617, 35.782835 ], [ 139.731491, 35.782652 ], [ 139.731413, 35.782572 ], [ 139.731397, 35.782556 ], [ 139.731276, 35.782409 ], [ 139.73124, 35.782365 ], [ 139.731217, 35.782338 ], [ 139.730953, 35.782122 ], [ 139.7307, 35.78194 ], [ 139.730519, 35.781863 ], [ 139.730374, 35.781805 ], [ 139.730225, 35.781717 ], [ 139.730183, 35.781692 ], [ 139.730057, 35.781617 ], [ 139.729729, 35.781359 ], [ 139.729599, 35.781235 ], [ 139.729509, 35.78113 ], [ 139.729242, 35.781378 ], [ 139.72904, 35.781539 ], [ 139.728729, 35.781785 ], [ 139.728597, 35.781899 ], [ 139.728335, 35.782036 ], [ 139.72821, 35.782093 ], [ 139.728, 35.782185 ], [ 139.727768, 35.782243 ], [ 139.727559, 35.782295 ], [ 139.727516, 35.782305 ], [ 139.727247, 35.782371 ], [ 139.726754, 35.78247 ], [ 139.726781, 35.782703 ], [ 139.726825, 35.782984 ], [ 139.726723, 35.783048 ], [ 139.726746, 35.783284 ], [ 139.726772, 35.783432 ], [ 139.726705, 35.783463 ], [ 139.726793, 35.783827 ], [ 139.726806, 35.783939 ], [ 139.726815, 35.784223 ], [ 139.726837, 35.784429 ], [ 139.726871, 35.784433 ], [ 139.726971, 35.784779 ], [ 139.726978, 35.784797 ], [ 139.726673, 35.784849 ], [ 139.726167, 35.784931 ], [ 139.725991, 35.784965 ], [ 139.725789, 35.784975 ], [ 139.725672, 35.784991 ], [ 139.725386, 35.785009 ], [ 139.725619, 35.785409 ], [ 139.725629, 35.78542 ], [ 139.725712, 35.785546 ], [ 139.725872, 35.785791 ], [ 139.726037, 35.786003 ], [ 139.726075, 35.78605 ], [ 139.726217, 35.786241 ], [ 139.72637, 35.78651 ], [ 139.726449, 35.786639 ], [ 139.72647, 35.786729 ], [ 139.726566, 35.786912 ], [ 139.726879, 35.787503 ], [ 139.727652, 35.787728 ], [ 139.72883, 35.787969 ], [ 139.729712, 35.788308 ], [ 139.73032, 35.788516 ], [ 139.73083, 35.788767 ], [ 139.731405, 35.788946 ], [ 139.732033, 35.789113 ], [ 139.732816, 35.78904 ], [ 139.733669, 35.78894 ], [ 139.734459, 35.788727 ], [ 139.73528, 35.788441 ], [ 139.736174, 35.787971 ], [ 139.73705, 35.787293 ], [ 139.737685, 35.786736 ], [ 139.738237, 35.785782 ], [ 139.738322, 35.785151 ], [ 139.738253, 35.784436 ], [ 139.738075, 35.783867 ] ] ] } },
{ "type": "Feature", "properties": { "key": "北区|岩淵町", "ward": "北区", "town": "岩淵町" }, "geometry": { "type": "Polygon", "coordinates": [ [ [ 139.724948, 35.786536 ], [ 139.725075, 35.786791 ], [ 139.725156, 35.786933 ], [ 139.72637, 35.78651 ], [ 139.726217, 35.786241 ], [ 139.726075, 35.78605 ], [ 139.726037, 35.786003 ], [ 139.725872, 35.785791 ], [ 139.725712, 35.785546 ], [ 139.725629, 35.78542 ], [ 139.725619, 35.785409 ], [ 139.725386, 35.785009 ], [ 139.725672, 35.784991 ], [ 139.725789, 35.784975 ], [ 139.725991, 35.784965 ], [ 139.726167, 35.784931 ], [ 139.726673, 35.784849 ], [ 139.726978, 35.784797 ], [ 139.726971, 35.784779 ], [ 139.726871, 35.784433 ], [ 139.726837, 35.784429 ], [ 139.726815, 35.784223 ], [ 139.726806, 35.783939 ], [ 139.726793, 35.783827 ], [ 139.726705, 35.783463 ], [ 139.726772, 35.783432 ], [ 139.726746, 35.783284 ], [ 139.726723, 35.783048 ], [ 139.726825, 35.782984 ], [ 139.726781, 35.782703 ], [ 139.726754, 35.78247 ], [ 139.726747, 35.782471 ], [ 139.726311, 35.782561 ], [ 139.725768, 35.782672 ], [ 139.725598, 35.782707 ], [ 139.725189, 35.782791 ], [ 139.724866, 35.782857 ], [ 139.724652, 35.782903 ], [ 139.724227, 35.782993 ], [ 139.723717, 35.783101 ], [ 139.72364, 35.783117 ], [ 139.723016, 35.783249 ], [ 139.722789, 35.783297 ], [ 139.722479, 35.783363 ], [ 139.722265, 35.783408 ], [ 139.721978, 35.783467 ], [ 139.721695, 35.783526 ], [ 139.721558, 35.783554 ], [ 139.721232, 35.783623 ], [ 139.7209, 35.783692 ], [ 139.720582, 35.783734 ], [ 139.72057, 35.783712 ], [ 139.720187, 35.783765 ], [ 139.719911, 35.783818 ], [ 139.719844, 35.783842 ], [ 139.719865, 35.783859 ], [ 139.719907, 35.783893 ], [ 139.720011, 35.784057 ], [ 139.720107, 35.784181 ], [ 139.72022, 35.784327 ], [ 139.720244, 35.784357 ], [ 139.720369, 35.784516 ], [ 139.72048, 35.784628 ], [ 139.720545, 35.784728 ], [ 139.720561, 35.784771 ], [ 139.720561, 35.784773 ], [ 139.720585, 35.784836 ], [ 139.720581, 35.785075 ], [ 139.720646, 35.785172 ], [ 139.720999, 35.785421 ], [ 139.72111, 35.785623 ], [ 139.72119, 35.785734 ], [ 139.721214, 35.78579 ], [ 139.721235, 35.785841 ], [ 139.721254, 35.785984 ], [ 139.721255, 35.786163 ], [ 139.721057, 35.786193 ], [ 139.720654, 35.786254 ], [ 139.720256, 35.78632 ], [ 139.719742, 35.786404 ], [ 139.719726, 35.786645 ], [ 139.719715, 35.786798 ], [ 139.71964, 35.786836 ], [ 139.71964, 35.786849 ], [ 139.719882, 35.787354 ], [ 139.721012, 35.78727 ], [ 139.72165, 35.78722 ], [ 139.722844, 35.787153 ], [ 139.72303, 35.787119 ], [ 139.723589, 35.786978 ], [ 139.724011, 35.786861 ], [ 139.724411, 35.786729 ], [ 139.724948, 35.786536 ] ] ] } },
{ "type": "Feature", "properties": { "key": "北区|赤羽台1丁目", "ward": "北区", "town": "赤羽台１丁目" }, "geometry": { "type": "Polygon", "coordinates": [ [ [ 139.715531, 35.780996 ], [ 139.715849, 35.781001 ], [ 139.716085, 35.78104 ], [ 139.716126, 35.781 ], [ 139.716187, 35.780911 ], [ 139.716259, 35.780876 ], [ 139.716532, 35.780884 ], [ 139.716781, 35.780918 ], [ 139.716903, 35.780875 ], [ 139.717012, 35.780749 ], [ 139.717088, 35.780538 ], [ 139.717163, 35.780415 ], [ 139.717359, 35.780275 ], [ 139.71743, 35.780361 ], [ 139.717596, 35.780517 ], [ 139.717627, 35.780579 ], [ 139.717903, 35.780563 ], [ 139.717933, 35.780685 ], [ 139.718422, 35.780636 ], [ 139.718483, 35.78052 ], [ 139.718658, 35.780211 ], [ 139.718742, 35.780088 ], [ 139.718761, 35.78002 ], [ 139.718837, 35.77987 ], [ 139.718938, 35.779727 ], [ 139.718974, 35.779642 ], [ 139.718872, 35.779417 ], [ 139.718588, 35.779188 ], [ 139.718599, 35.779126 ], [ 139.718604, 35.779095 ], [ 139.718378, 35.779022 ], [ 139.717947, 35.778635 ], [ 139.717904, 35.778664 ], [ 139.717651, 35.778432 ], [ 139.717691, 35.778402 ], [ 139.717549, 35.778225 ], [ 139.717555, 35.778028 ], [ 139.717512, 35.777925 ], [ 139.717361, 35.777813 ], [ 139.717245, 35.777718 ], [ 139.717099, 35.777526 ], [ 139.716813, 35.777176 ], [ 139.716737, 35.777023 ], [ 139.716718, 35.776957 ], [ 139.716729, 35.776881 ], [ 139.716816, 35.776654 ], [ 139.716974, 35.776544 ], [ 139.717033, 35.776526 ], [ 139.717025, 35.776498 ], [ 139.716974, 35.776325 ], [ 139.716974, 35.77627 ], [ 139.716989, 35.776149 ], [ 139.717025, 35.776032 ], [ 139.717096, 35.775903 ], [ 139.717096, 35.775803 ], [ 139.717075, 35.775786 ], [ 139.71692, 35.775683 ], [ 139.71672, 35.775547 ], [ 139.716662, 35.775457 ], [ 139.71611, 35.775958 ], [ 139.715874, 35.776179 ], [ 139.715841, 35.7762 ], [ 139.715506, 35.776515 ], [ 139.715244, 35.776754 ], [ 139.714911, 35.77706 ], [ 139.714353, 35.777569 ], [ 139.714339, 35.777582 ], [ 139.714046, 35.777835 ], [ 139.713417, 35.778404 ], [ 139.713473, 35.778678 ], [ 139.71352, 35.778742 ], [ 139.71355, 35.778837 ], [ 139.713622, 35.778981 ], [ 139.7137, 35.779086 ], [ 139.713913, 35.779364 ], [ 139.714154, 35.779643 ], [ 139.714166, 35.779657 ], [ 139.71437, 35.779903 ], [ 139.71455, 35.780139 ], [ 139.714626, 35.780219 ], [ 139.715321, 35.781075 ], [ 139.715531, 35.780996 ] ] ] } },
{ "type": "Feature", "properties": { "key": "北区|赤羽台2丁目", "ward": "北区", "town": "赤羽台２丁目" }, "geometry": { "type": "Polygon", "coordinates": [ [ [ 139.7162, 35.775185 ], [ 139.71596, 35.775146 ], [ 139.715858, 35.775162 ], [ 139.715696, 35.775225 ], [ 139.7155, 35.775225 ], [ 139.715339, 35.775214 ], [ 139.715291, 35.775202 ], [ 139.715194, 35.77513 ], [ 139.715115, 35.774954 ], [ 139.714939, 35.774727 ], [ 139.714703, 35.774478 ], [ 139.714278, 35.774137 ], [ 139.714169, 35.774138 ], [ 139.714156, 35.774167 ], [ 139.713893, 35.774471 ], [ 139.713782, 35.7746 ], [ 139.713514, 35.77464 ], [ 139.713385, 35.774624 ], [ 139.713194, 35.774697 ], [ 139.712979, 35.774638 ], [ 139.712788, 35.774411 ], [ 139.712576, 35.774407 ], [ 139.712439, 35.774433 ], [ 139.712087, 35.77453 ], [ 139.71202, 35.77456 ], [ 139.711689, 35.774751 ], [ 139.711522, 35.774795 ], [ 139.71133, 35.774807 ], [ 139.711129, 35.774798 ], [ 139.710557, 35.77479 ], [ 139.710365, 35.774892 ], [ 139.710446, 35.774936 ], [ 139.710467, 35.774985 ], [ 139.710843, 35.775327 ], [ 139.71103, 35.775529 ], [ 139.711163, 35.775693 ], [ 139.71126, 35.775838 ], [ 139.711362, 35.77605 ], [ 139.711406, 35.776119 ], [ 139.711459, 35.776275 ], [ 139.711545, 35.776524 ], [ 139.711708, 35.776552 ], [ 139.711835, 35.776572 ], [ 139.712082, 35.776712 ], [ 139.712517, 35.776923 ], [ 139.71282, 35.777058 ], [ 139.712998, 35.777157 ], [ 139.713195, 35.777369 ], [ 139.713226, 35.777505 ], [ 139.713278, 35.777617 ], [ 139.713309, 35.777809 ], [ 139.713326, 35.777912 ], [ 139.713347, 35.777981 ], [ 139.713374, 35.77829 ], [ 139.713417, 35.778404 ], [ 139.714046, 35.777835 ], [ 139.714339, 35.777582 ], [ 139.714353, 35.777569 ], [ 139.714911, 35.77706 ], [ 139.715244, 35.776754 ], [ 139.715506, 35.776515 ], [ 139.715841, 35.7762 ], [ 139.715874, 35.776179 ], [ 139.71611, 35.775958 ], [ 139.716662, 35.775457 ], [ 139.716526, 35.775309 ], [ 139.7162, 35.775185 ] ] ] } },
{ "type": "Feature", "properties": { "key": "北区|赤羽台3丁目", "ward": "北区", "town": "赤羽台３丁目" }, "geometry": { "type": "Polygon", "coordinates": [ [ [ 139.717874, 35.781718 ], [ 139.718126, 35.781863 ], [ 139.718185, 35.781721 ], [ 139.71825, 35.781423 ], [ 139.718502, 35.780949 ], [ 139.718649, 35.780676 ], [ 139.718649, 35.780568 ], [ 139.718483, 35.78052 ], [ 139.718422, 35.780636 ], [ 139.717933, 35.780685 ], [ 139.717903, 35.780563 ], [ 139.717627, 35.780579 ], [ 139.717596, 35.780517 ], [ 139.71743, 35.780361 ], [ 139.717359, 35.780275 ], [ 139.717163, 35.780415 ], [ 139.717088, 35.780538 ], [ 139.717012, 35.780749 ], [ 139.716903, 35.780875 ], [ 139.716781, 35.780918 ], [ 139.716532, 35.780884 ], [ 139.716259, 35.780876 ], [ 139.716187, 35.780911 ], [ 139.716126, 35.781 ], [ 139.716085, 35.78104 ], [ 139.715849, 35.781001 ], [ 139.715531, 35.780996 ], [ 139.715321, 35.781075 ], [ 139.714626, 35.780219 ], [ 139.71455, 35.780139 ], [ 139.71437, 35.779903 ], [ 139.714166, 35.779657 ], [ 139.714154, 35.779643 ], [ 139.713913, 35.779364 ], [ 139.7137, 35.779086 ], [ 139.713622, 35.778981 ], [ 139.71355, 35.778837 ], [ 139.71352, 35.778742 ], [ 139.713473, 35.778678 ], [ 139.713417, 35.778404 ], [ 139.713374, 35.77829 ], [ 139.713347, 35.777981 ], [ 139.713326, 35.777912 ], [ 139.713309, 35.777809 ], [ 139.713278, 35.777617 ], [ 139.713226, 35.777505 ], [ 139.713195, 35.777369 ], [ 139.712998, 35.777157 ], [ 139.71282, 35.777058 ], [ 139.712517, 35.776923 ], [ 139.712082, 35.776712 ], [ 139.711835, 35.776572 ], [ 139.711708, 35.776552 ], [ 139.711545, 35.776524 ], [ 139.711435, 35.776505 ], [ 139.711481, 35.776672 ], [ 139.711542, 35.776837 ], [ 139.711602, 35.777028 ], [ 139.711587, 35.777171 ], [ 139.711586, 35.77722 ], [ 139.711537, 35.777395 ], [ 139.711463, 35.777574 ], [ 139.711396, 35.777681 ], [ 139.711344, 35.777754 ], [ 139.711343, 35.777807 ], [ 139.7113, 35.77803 ], [ 139.711109, 35.778213 ], [ 139.711051, 35.778264 ], [ 139.710918, 35.778281 ], [ 139.710721, 35.778244 ], [ 139.710621, 35.778498 ], [ 139.710585, 35.778563 ], [ 139.710574, 35.778723 ], [ 139.710502, 35.779008 ], [ 139.710448, 35.779102 ], [ 139.710358, 35.779188 ], [ 139.710131, 35.779339 ], [ 139.70995, 35.779501 ], [ 139.710216, 35.779541 ], [ 139.710445, 35.779568 ], [ 139.710585, 35.779589 ], [ 139.710959, 35.779641 ], [ 139.71144, 35.779748 ], [ 139.71156, 35.779783 ], [ 139.711752, 35.77989 ], [ 139.711842, 35.779922 ], [ 139.711925, 35.780001 ], [ 139.712048, 35.78004 ], [ 139.712106, 35.780119 ], [ 139.712214, 35.78021 ], [ 139.712253, 35.780202 ], [ 139.712351, 35.780326 ], [ 139.712617, 35.78055 ], [ 139.712786, 35.780758 ], [ 139.712918, 35.780905 ], [ 139.713126, 35.7811 ], [ 139.713305, 35.781262 ], [ 139.713313, 35.781317 ], [ 139.713389, 35.781427 ], [ 139.713372, 35.781543 ], [ 139.713333, 35.781585 ], [ 139.713228, 35.78162 ], [ 139.712947, 35.781746 ], [ 139.712943, 35.781805 ], [ 139.712983, 35.781793 ], [ 139.713031, 35.781833 ], [ 139.713263, 35.782024 ], [ 139.713385, 35.782169 ], [ 139.713441, 35.782257 ], [ 139.71365, 35.782547 ], [ 139.71376, 35.78269 ], [ 139.713889, 35.782889 ], [ 139.714058, 35.783255 ], [ 139.71412, 35.783372 ], [ 139.714188, 35.7835 ], [ 139.71431, 35.783776 ], [ 139.714369, 35.784011 ], [ 139.714407, 35.784019 ], [ 139.714878, 35.78401 ], [ 139.715176, 35.784008 ], [ 139.715232, 35.783728 ], [ 139.715348, 35.783501 ], [ 139.715467, 35.783314 ], [ 139.715554, 35.783242 ], [ 139.715792, 35.78311 ], [ 139.716077, 35.783001 ], [ 139.716306, 35.782914 ], [ 139.716469, 35.782866 ], [ 139.716976, 35.782555 ], [ 139.71715, 35.782412 ], [ 139.717242, 35.782322 ], [ 139.717386, 35.782218 ], [ 139.717457, 35.782111 ], [ 139.717542, 35.78201 ], [ 139.717874, 35.781718 ] ] ] } },
{ "type": "Feature", "properties": { "key": "北区|赤羽台4丁目", "ward": "北区", "town": "赤羽台４丁目" }, "geometry": { "type": "Polygon", "coordinates": [ [ [ 139.713992, 35.78543 ], [ 139.714158, 35.785402 ], [ 139.714324, 35.785356 ], [ 139.714605, 35.785287 ], [ 139.714797, 35.785253 ], [ 139.715035, 35.785278 ], [ 139.715225, 35.785334 ], [ 139.715287, 35.785312 ], [ 139.715303, 35.785297 ], [ 139.715494, 35.785462 ], [ 139.715662, 35.785474 ], [ 139.71582, 35.785433 ], [ 139.715892, 35.78537 ], [ 139.715959, 35.785266 ], [ 139.716054, 35.785066 ], [ 139.716149, 35.784939 ], [ 139.716267, 35.784887 ], [ 139.716321, 35.784993 ], [ 139.716403, 35.784915 ], [ 139.716451, 35.784837 ], [ 139.716623, 35.784771 ], [ 139.716668, 35.784764 ], [ 139.71684, 35.784514 ], [ 139.716932, 35.784407 ], [ 139.717024, 35.784242 ], [ 139.717122, 35.784177 ], [ 139.717275, 35.784102 ], [ 139.717361, 35.784141 ], [ 139.717419, 35.783859 ], [ 139.717645, 35.782882 ], [ 139.717694, 35.782772 ], [ 139.71781, 35.782584 ], [ 139.717956, 35.782246 ], [ 139.718008, 35.782147 ], [ 139.718025, 35.782067 ], [ 139.718126, 35.781863 ], [ 139.717874, 35.781718 ], [ 139.717542, 35.78201 ], [ 139.717457, 35.782111 ], [ 139.717386, 35.782218 ], [ 139.717242, 35.782322 ], [ 139.71715, 35.782412 ], [ 139.716976, 35.782555 ], [ 139.716469, 35.782866 ], [ 139.716306, 35.782914 ], [ 139.716077, 35.783001 ], [ 139.715792, 35.78311 ], [ 139.715554, 35.783242 ], [ 139.715467, 35.783314 ], [ 139.715348, 35.783501 ], [ 139.715232, 35.783728 ], [ 139.715176, 35.784008 ], [ 139.714878, 35.78401 ], [ 139.714407, 35.784019 ], [ 139.714369, 35.784011 ], [ 139.71431, 35.783776 ], [ 139.714188, 35.7835 ], [ 139.71412, 35.783372 ], [ 139.714058, 35.783255 ], [ 139.713889, 35.782889 ], [ 139.71376, 35.78269 ], [ 139.71365, 35.782547 ], [ 139.713441, 35.782257 ], [ 139.713385, 35.782169 ], [ 139.713263, 35.782024 ], [ 139.713031, 35.781833 ], [ 139.712983, 35.781793 ], [ 139.712943, 35.781805 ], [ 139.712738, 35.781912 ], [ 139.712724, 35.78192 ], [ 139.71267, 35.781948 ], [ 139.712398, 35.782058 ], [ 139.712095, 35.782218 ], [ 139.711551, 35.782516 ], [ 139.7114, 35.78259 ], [ 139.711187, 35.782722 ], [ 139.711029, 35.782796 ], [ 139.710348, 35.78312 ], [ 139.710107, 35.783216 ], [ 139.709939, 35.783296 ], [ 139.709643, 35.783479 ], [ 139.709442, 35.783603 ], [ 139.709358, 35.78367 ], [ 139.709139, 35.78386 ], [ 139.709037, 35.783925 ], [ 139.708914, 35.783934 ], [ 139.708843, 35.784109 ], [ 139.708764, 35.784282 ], [ 139.708752, 35.784311 ], [ 139.70929, 35.784487 ], [ 139.70946, 35.784511 ], [ 139.709751, 35.78457 ], [ 139.709843, 35.784562 ], [ 139.70995, 35.784601 ], [ 139.710163, 35.784679 ], [ 139.710474, 35.784802 ], [ 139.711155, 35.784989 ], [ 139.712048, 35.785266 ], [ 139.712256, 35.785338 ], [ 139.712825, 35.785552 ], [ 139.712893, 35.785473 ], [ 139.712973, 35.785511 ], [ 139.713164, 35.785564 ], [ 139.713292, 35.785599 ], [ 139.713477, 35.785624 ], [ 139.71366, 35.785582 ], [ 139.713992, 35.78543 ] ] ] } },
{ "type": "Feature", "properties": { "key": "北区|赤羽南1丁目", "ward": "北区", "town": "赤羽南１丁目" }, "geometry": { "type": "Polygon", "coordinates": [ [ [ 139.726239, 35.777821 ], [ 139.726235, 35.777765 ], [ 139.726224, 35.777498 ], [ 139.726229, 35.777487 ], [ 139.726194, 35.777195 ], [ 139.726164, 35.77685 ], [ 139.726148, 35.7765 ], [ 139.726144, 35.776409 ], [ 139.726093, 35.775975 ], [ 139.726093, 35.77597 ], [ 139.726075, 35.775755 ], [ 139.72607, 35.77571 ], [ 139.726045, 35.775487 ], [ 139.726043, 35.77547 ], [ 139.725198, 35.775398 ], [ 139.72465, 35.775349 ], [ 139.7241, 35.775313 ], [ 139.723385, 35.775264 ], [ 139.723467, 35.775112 ], [ 139.722499, 35.77476 ], [ 139.72251, 35.774971 ], [ 139.722512, 35.775332 ], [ 139.7225, 35.775549 ], [ 139.722468, 35.775791 ], [ 139.722327, 35.77615 ], [ 139.722093, 35.776688 ], [ 139.722016, 35.77685 ], [ 139.721952, 35.77695 ], [ 139.721695, 35.777358 ], [ 139.721439, 35.777776 ], [ 139.721538, 35.777817 ], [ 139.72158, 35.777863 ], [ 139.721769, 35.777884 ], [ 139.721869, 35.777898 ], [ 139.72208, 35.777931 ], [ 139.722171, 35.777944 ], [ 139.722493, 35.777989 ], [ 139.72273, 35.777997 ], [ 139.722896, 35.777975 ], [ 139.72305, 35.777976 ], [ 139.723367, 35.778018 ], [ 139.723382, 35.77802 ], [ 139.72393, 35.778079 ], [ 139.723949, 35.778081 ], [ 139.724687, 35.778147 ], [ 139.725035, 35.778184 ], [ 139.725241, 35.778191 ], [ 139.725472, 35.778228 ], [ 139.725505, 35.778232 ], [ 139.725985, 35.778278 ], [ 139.726253, 35.778313 ], [ 139.726261, 35.778209 ], [ 139.726239, 35.777821 ] ] ] } },
{ "type": "Feature", "properties": { "key": "北区|赤羽南2丁目", "ward": "北区", "town": "赤羽南２丁目" }, "geometry": { "type": "Polygon", "coordinates": [ [ [ 139.722499, 35.77476 ], [ 139.723467, 35.775112 ], [ 139.723385, 35.775264 ], [ 139.7241, 35.775313 ], [ 139.72465, 35.775349 ], [ 139.725198, 35.775398 ], [ 139.726043, 35.77547 ], [ 139.72602, 35.775249 ], [ 139.726034, 35.775148 ], [ 139.726081, 35.77502 ], [ 139.726154, 35.775021 ], [ 139.726012, 35.774162 ], [ 139.72601, 35.774148 ], [ 139.725947, 35.773807 ], [ 139.725895, 35.773482 ], [ 139.725811, 35.773013 ], [ 139.725781, 35.772924 ], [ 139.725713, 35.772616 ], [ 139.725712, 35.772529 ], [ 139.724963, 35.772508 ], [ 139.724863, 35.772452 ], [ 139.72485, 35.772445 ], [ 139.724137, 35.772161 ], [ 139.724123, 35.772151 ], [ 139.724069, 35.772163 ], [ 139.723679, 35.772022 ], [ 139.723691, 35.771997 ], [ 139.723607, 35.771966 ], [ 139.72359, 35.771931 ], [ 139.723486, 35.77189 ], [ 139.723476, 35.771893 ], [ 139.723299, 35.771832 ], [ 139.722719, 35.771618 ], [ 139.722694, 35.771623 ], [ 139.722592, 35.771804 ], [ 139.722201, 35.77169 ], [ 139.722025, 35.771688 ], [ 139.721957, 35.773582 ], [ 139.721949, 35.77379 ], [ 139.721877, 35.774615 ], [ 139.721826, 35.775317 ], [ 139.721962, 35.775393 ], [ 139.722002, 35.775518 ], [ 139.722119, 35.775607 ], [ 139.722468, 35.775791 ], [ 139.7225, 35.775549 ], [ 139.722512, 35.775332 ], [ 139.72251, 35.774971 ], [ 139.722499, 35.77476 ] ] ] } },
{ "type": "Feature", "properties": { "key": "北区|赤羽北1丁目", "ward": "北区", "town": "赤羽北１丁目" }, "geometry": { "type": "Polygon", "coordinates": [ [ [ 139.716709, 35.787674 ], [ 139.716724, 35.787678 ], [ 139.716713, 35.787559 ], [ 139.716701, 35.787427 ], [ 139.716655, 35.787114 ], [ 139.716645, 35.787016 ], [ 139.716637, 35.78672 ], [ 139.716654, 35.786477 ], [ 139.716689, 35.786143 ], [ 139.716723, 35.78595 ], [ 139.716787, 35.785667 ], [ 139.716839, 35.785523 ], [ 139.716877, 35.785458 ], [ 139.716937, 35.785219 ], [ 139.717079, 35.784814 ], [ 139.717287, 35.784306 ], [ 139.717361, 35.784141 ], [ 139.717275, 35.784102 ], [ 139.717122, 35.784177 ], [ 139.717024, 35.784242 ], [ 139.716932, 35.784407 ], [ 139.71684, 35.784514 ], [ 139.716668, 35.784764 ], [ 139.716623, 35.784771 ], [ 139.716451, 35.784837 ], [ 139.716403, 35.784915 ], [ 139.716321, 35.784993 ], [ 139.716267, 35.784887 ], [ 139.716149, 35.784939 ], [ 139.716054, 35.785066 ], [ 139.715959, 35.785266 ], [ 139.715892, 35.78537 ], [ 139.71582, 35.785433 ], [ 139.715662, 35.785474 ], [ 139.715494, 35.785462 ], [ 139.715303, 35.785297 ], [ 139.715287, 35.785312 ], [ 139.715225, 35.785334 ], [ 139.715035, 35.785278 ], [ 139.714797, 35.785253 ], [ 139.714605, 35.785287 ], [ 139.714324, 35.785356 ], [ 139.714158, 35.785402 ], [ 139.713992, 35.78543 ], [ 139.71366, 35.785582 ], [ 139.713477, 35.785624 ], [ 139.713292, 35.785599 ], [ 139.713164, 35.785564 ], [ 139.712973, 35.785511 ], [ 139.712893, 35.785473 ], [ 139.712825, 35.785552 ], [ 139.712256, 35.785338 ], [ 139.712048, 35.785266 ], [ 139.711155, 35.784989 ], [ 139.711088, 35.78526 ], [ 139.710998, 35.785611 ], [ 139.710995, 35.785622 ], [ 139.710877, 35.786044 ], [ 139.710735, 35.786557 ], [ 139.710608, 35.78706 ], [ 139.710458, 35.787569 ], [ 139.710453, 35.78759 ], [ 139.710387, 35.787846 ], [ 139.710383, 35.787858 ], [ 139.710328, 35.788106 ], [ 139.710296, 35.788219 ], [ 139.711053, 35.78821 ], [ 139.711497, 35.78819 ], [ 139.711816, 35.788169 ], [ 139.713385, 35.788013 ], [ 139.71433, 35.787924 ], [ 139.716709, 35.787674 ] ] ] } },
{ "type": "Feature", "properties": { "key": "北区|赤羽北2丁目", "ward": "北区", "town": "赤羽北２丁目" }, "geometry": { "type": "Polygon", "coordinates": [ [ [ 139.710296, 35.788219 ], [ 139.710328, 35.788106 ], [ 139.710383, 35.787858 ], [ 139.710387, 35.787846 ], [ 139.710453, 35.78759 ], [ 139.710458, 35.787569 ], [ 139.710608, 35.78706 ], [ 139.710735, 35.786557 ], [ 139.710877, 35.786044 ], [ 139.710995, 35.785622 ], [ 139.710998, 35.785611 ], [ 139.711088, 35.78526 ], [ 139.711155, 35.784989 ], [ 139.710474, 35.784802 ], [ 139.710163, 35.784679 ], [ 139.70995, 35.784601 ], [ 139.709843, 35.784562 ], [ 139.709751, 35.78457 ], [ 139.70946, 35.784511 ], [ 139.70929, 35.784487 ], [ 139.708752, 35.784311 ], [ 139.708116, 35.784103 ], [ 139.707938, 35.783907 ], [ 139.707847, 35.783843 ], [ 139.707422, 35.783619 ], [ 139.707416, 35.783616 ], [ 139.706901, 35.783401 ], [ 139.706807, 35.78337 ], [ 139.706765, 35.783356 ], [ 139.706705, 35.783336 ], [ 139.70653, 35.783288 ], [ 139.706464, 35.783282 ], [ 139.706419, 35.783287 ], [ 139.706375, 35.783252 ], [ 139.706184, 35.783152 ], [ 139.705736, 35.783004 ], [ 139.705222, 35.782819 ], [ 139.704979, 35.78272 ], [ 139.704703, 35.782583 ], [ 139.703926, 35.782244 ], [ 139.703782, 35.782232 ], [ 139.703215, 35.782168 ], [ 139.703142, 35.78249 ], [ 139.703095, 35.782682 ], [ 139.703059, 35.782874 ], [ 139.703019, 35.783185 ], [ 139.702951, 35.783483 ], [ 139.70295, 35.783543 ], [ 139.702831, 35.78381 ], [ 139.702669, 35.784043 ], [ 139.702534, 35.784163 ], [ 139.702398, 35.784319 ], [ 139.702503, 35.784393 ], [ 139.702743, 35.784559 ], [ 139.702955, 35.784705 ], [ 139.703142, 35.784831 ], [ 139.703219, 35.78489 ], [ 139.703556, 35.78514 ], [ 139.703768, 35.785328 ], [ 139.703821, 35.785358 ], [ 139.70409, 35.785602 ], [ 139.70436, 35.785832 ], [ 139.704566, 35.786027 ], [ 139.705017, 35.786451 ], [ 139.705299, 35.786692 ], [ 139.705706, 35.787049 ], [ 139.705916, 35.787238 ], [ 139.706149, 35.7874 ], [ 139.706649, 35.78766 ], [ 139.707018, 35.787804 ], [ 139.707325, 35.787899 ], [ 139.707636, 35.78797 ], [ 139.707839, 35.788023 ], [ 139.707884, 35.788048 ], [ 139.708185, 35.788121 ], [ 139.708185, 35.788122 ], [ 139.708639, 35.788215 ], [ 139.708746, 35.788246 ], [ 139.709015, 35.788291 ], [ 139.709169, 35.788307 ], [ 139.709378, 35.788342 ], [ 139.709439, 35.788336 ], [ 139.709758, 35.788395 ], [ 139.710125, 35.788435 ], [ 139.710242, 35.788457 ], [ 139.710257, 35.788398 ], [ 139.710296, 35.788219 ] ] ] } },
{ "type": "Feature", "properties": { "key": "北区|赤羽北3丁目", "ward": "北区", "town": "赤羽北３丁目" }, "geometry": { "type": "Polygon", "coordinates": [ [ [ 139.709448, 35.783238 ], [ 139.709575, 35.783156 ], [ 139.709876, 35.782911 ], [ 139.709911, 35.782843 ], [ 139.709359, 35.782965 ], [ 139.709258, 35.782975 ], [ 139.709181, 35.78303 ], [ 139.709082, 35.783182 ], [ 139.709044, 35.783177 ], [ 139.708974, 35.783067 ], [ 139.708854, 35.783058 ], [ 139.708768, 35.783062 ], [ 139.708478, 35.78305 ], [ 139.708271, 35.783011 ], [ 139.708213, 35.782949 ], [ 139.708173, 35.7829 ], [ 139.708129, 35.782731 ], [ 139.708081, 35.78261 ], [ 139.707977, 35.782442 ], [ 139.707976, 35.782391 ], [ 139.708005, 35.782142 ], [ 139.708028, 35.78195 ], [ 139.708011, 35.781693 ], [ 139.708002, 35.781549 ], [ 139.708026, 35.781427 ], [ 139.708032, 35.781369 ], [ 139.708048, 35.781206 ], [ 139.708107, 35.780981 ], [ 139.708166, 35.780811 ], [ 139.708218, 35.780722 ], [ 139.708082, 35.780659 ], [ 139.707969, 35.780585 ], [ 139.707831, 35.780514 ], [ 139.707617, 35.780363 ], [ 139.707419, 35.780095 ], [ 139.707289, 35.77987 ], [ 139.707207, 35.779601 ], [ 139.707123, 35.779266 ], [ 139.70712, 35.779134 ], [ 139.707021, 35.77912 ], [ 139.706819, 35.779109 ], [ 139.706493, 35.779107 ], [ 139.70625, 35.779068 ], [ 139.705551, 35.778904 ], [ 139.705365, 35.778854 ], [ 139.704791, 35.778716 ], [ 139.704744, 35.778705 ], [ 139.704153, 35.778563 ], [ 139.703719, 35.778459 ], [ 139.703446, 35.778393 ], [ 139.703397, 35.778645 ], [ 139.703322, 35.778966 ], [ 139.703146, 35.779555 ], [ 139.703137, 35.779572 ], [ 139.703007, 35.779853 ], [ 139.702981, 35.779909 ], [ 139.702941, 35.779994 ], [ 139.702935, 35.780015 ], [ 139.702929, 35.780036 ], [ 139.702924, 35.780057 ], [ 139.702893, 35.780168 ], [ 139.702887, 35.780191 ], [ 139.702845, 35.780344 ], [ 139.702758, 35.780659 ], [ 139.70275, 35.780694 ], [ 139.702688, 35.780947 ], [ 139.702673, 35.780986 ], [ 139.702635, 35.781093 ], [ 139.702587, 35.781252 ], [ 139.702552, 35.781369 ], [ 139.702534, 35.781516 ], [ 139.702577, 35.781636 ], [ 139.702587, 35.781667 ], [ 139.702667, 35.781808 ], [ 139.702792, 35.781961 ], [ 139.70289, 35.782034 ], [ 139.702949, 35.782071 ], [ 139.703042, 35.782118 ], [ 139.703119, 35.782156 ], [ 139.703215, 35.782168 ], [ 139.703782, 35.782232 ], [ 139.703926, 35.782244 ], [ 139.704703, 35.782583 ], [ 139.704979, 35.78272 ], [ 139.705222, 35.782819 ], [ 139.705736, 35.783004 ], [ 139.706184, 35.783152 ], [ 139.706375, 35.783252 ], [ 139.706419, 35.783287 ], [ 139.706464, 35.783282 ], [ 139.70653, 35.783288 ], [ 139.706705, 35.783336 ], [ 139.706765, 35.783356 ], [ 139.706807, 35.78337 ], [ 139.706901, 35.783401 ], [ 139.707416, 35.783616 ], [ 139.707422, 35.783619 ], [ 139.707847, 35.783843 ], [ 139.707938, 35.783907 ], [ 139.708116, 35.784103 ], [ 139.708752, 35.784311 ], [ 139.708764, 35.784282 ], [ 139.708843, 35.784109 ], [ 139.708914, 35.783934 ], [ 139.709037, 35.783925 ], [ 139.709139, 35.78386 ], [ 139.709358, 35.78367 ], [ 139.709442, 35.783603 ], [ 139.709643, 35.783479 ], [ 139.709448, 35.783238 ] ] ] } },
{ "type": "Feature", "properties": { "key": "北区|浮間1丁目", "ward": "北区", "town": "浮間１丁目" }, "geometry": { "type": "Polygon", "coordinates": [ [ [ 139.711693, 35.788382 ], [ 139.711421, 35.788399 ], [ 139.710785, 35.788413 ], [ 139.710257, 35.788398 ], [ 139.710242, 35.788457 ], [ 139.710125, 35.788435 ], [ 139.709758, 35.788395 ], [ 139.709439, 35.788336 ], [ 139.709378, 35.788342 ], [ 139.709169, 35.788307 ], [ 139.709015, 35.788291 ], [ 139.708746, 35.788246 ], [ 139.708639, 35.788215 ], [ 139.708185, 35.788122 ], [ 139.708185, 35.788121 ], [ 139.707884, 35.788048 ], [ 139.707839, 35.788023 ], [ 139.707636, 35.78797 ], [ 139.707325, 35.787899 ], [ 139.707018, 35.787804 ], [ 139.706649, 35.78766 ], [ 139.706149, 35.7874 ], [ 139.705916, 35.787238 ], [ 139.705706, 35.787049 ], [ 139.705566, 35.787173 ], [ 139.705484, 35.787311 ], [ 139.705426, 35.787342 ], [ 139.705326, 35.787434 ], [ 139.705135, 35.787581 ], [ 139.70501, 35.787677 ], [ 139.704719, 35.78788 ], [ 139.704463, 35.788073 ], [ 139.704213, 35.788271 ], [ 139.704043, 35.788403 ], [ 139.703838, 35.788541 ], [ 139.70382, 35.788554 ], [ 139.703508, 35.788775 ], [ 139.703165, 35.789027 ], [ 139.70301, 35.789127 ], [ 139.702739, 35.789342 ], [ 139.702719, 35.789358 ], [ 139.70255, 35.789503 ], [ 139.702413, 35.789594 ], [ 139.702174, 35.789774 ], [ 139.702004, 35.789889 ], [ 139.70165, 35.790075 ], [ 139.701625, 35.790088 ], [ 139.701282, 35.790169 ], [ 139.700469, 35.790285 ], [ 139.700317, 35.790302 ], [ 139.700597, 35.791152 ], [ 139.700638, 35.79126 ], [ 139.700735, 35.791547 ], [ 139.700813, 35.791764 ], [ 139.700815, 35.791772 ], [ 139.701029, 35.792377 ], [ 139.701036, 35.792399 ], [ 139.701101, 35.792588 ], [ 139.701163, 35.792771 ], [ 139.701695, 35.792438 ], [ 139.701954, 35.792274 ], [ 139.702349, 35.792033 ], [ 139.70265, 35.791868 ], [ 139.702994, 35.79168 ], [ 139.703205, 35.791546 ], [ 139.703481, 35.791384 ], [ 139.70387, 35.791183 ], [ 139.704218, 35.790998 ], [ 139.704719, 35.790758 ], [ 139.705317, 35.790505 ], [ 139.705747, 35.790316 ], [ 139.706281, 35.790097 ], [ 139.7067, 35.789935 ], [ 139.707063, 35.789818 ], [ 139.707679, 35.789636 ], [ 139.708029, 35.789528 ], [ 139.708605, 35.789405 ], [ 139.70963, 35.789167 ], [ 139.710505, 35.78898 ], [ 139.711351, 35.788807 ], [ 139.711835, 35.788712 ], [ 139.711799, 35.788601 ], [ 139.711693, 35.788382 ] ] ] } },
{ "type": "Feature", "properties": { "key": "北区|浮間2丁目", "ward": "北区", "town": "浮間２丁目" }, "geometry": { "type": "Polygon", "coordinates": [ [ [ 139.702936, 35.795265 ], [ 139.704052, 35.794521 ], [ 139.705179, 35.793775 ], [ 139.706395, 35.793156 ], [ 139.707684, 35.792677 ], [ 139.709191, 35.792396 ], [ 139.710669, 35.792197 ], [ 139.712027, 35.792173 ], [ 139.712865, 35.792097 ], [ 139.714214, 35.792112 ], [ 139.715367, 35.792156 ], [ 139.716503, 35.792212 ], [ 139.717733, 35.792182 ], [ 139.71887, 35.792081 ], [ 139.720163, 35.791712 ], [ 139.721497, 35.791167 ], [ 139.7227, 35.790541 ], [ 139.724006, 35.789725 ], [ 139.724796, 35.788928 ], [ 139.725125, 35.788406 ], [ 139.725314, 35.787973 ], [ 139.725395, 35.787685 ], [ 139.725593, 35.787407 ], [ 139.725759, 35.787331 ], [ 139.726571, 35.787436 ], [ 139.726879, 35.787503 ], [ 139.726566, 35.786912 ], [ 139.72647, 35.786729 ], [ 139.726449, 35.786639 ], [ 139.72637, 35.78651 ], [ 139.725156, 35.786933 ], [ 139.725075, 35.786791 ], [ 139.724948, 35.786536 ], [ 139.724411, 35.786729 ], [ 139.724011, 35.786861 ], [ 139.723589, 35.786978 ], [ 139.72303, 35.787119 ], [ 139.722844, 35.787153 ], [ 139.72165, 35.78722 ], [ 139.721012, 35.78727 ], [ 139.719882, 35.787354 ], [ 139.718532, 35.787453 ], [ 139.717469, 35.787528 ], [ 139.717253, 35.787616 ], [ 139.716724, 35.787678 ], [ 139.716709, 35.787674 ], [ 139.71433, 35.787924 ], [ 139.713385, 35.788013 ], [ 139.711816, 35.788169 ], [ 139.711497, 35.78819 ], [ 139.711053, 35.78821 ], [ 139.710296, 35.788219 ], [ 139.710257, 35.788398 ], [ 139.710785, 35.788413 ], [ 139.711421, 35.788399 ], [ 139.711693, 35.788382 ], [ 139.711799, 35.788601 ], [ 139.711835, 35.788712 ], [ 139.711351, 35.788807 ], [ 139.710505, 35.78898 ], [ 139.70963, 35.789167 ], [ 139.708605, 35.789405 ], [ 139.708029, 35.789528 ], [ 139.707679, 35.789636 ], [ 139.707063, 35.789818 ], [ 139.7067, 35.789935 ], [ 139.706281, 35.790097 ], [ 139.705747, 35.790316 ], [ 139.705317, 35.790505 ], [ 139.704719, 35.790758 ], [ 139.704218, 35.790998 ], [ 139.70387, 35.791183 ], [ 139.703481, 35.791384 ], [ 139.703205, 35.791546 ], [ 139.702994, 35.79168 ], [ 139.70265, 35.791868 ], [ 139.702349, 35.792033 ], [ 139.701954, 35.792274 ], [ 139.701695, 35.792438 ], [ 139.701163, 35.792771 ], [ 139.701101, 35.792588 ], [ 139.701036, 35.792399 ], [ 139.701029, 35.792377 ], [ 139.700815, 35.791772 ], [ 139.700813, 35.791764 ], [ 139.700735, 35.791547 ], [ 139.700638, 35.79126 ], [ 139.700597, 35.791152 ], [ 139.700317, 35.790302 ], [ 139.700026, 35.790325 ], [ 139.699459, 35.790399 ], [ 139.699333, 35.790417 ], [ 139.698823, 35.790465 ], [ 139.698583, 35.790487 ], [ 139.698138, 35.790532 ], [ 139.697608, 35.790602 ], [ 139.697129, 35.790641 ], [ 139.696658, 35.790712 ], [ 139.69606, 35.790778 ], [ 139.695402, 35.790856 ], [ 139.694584, 35.790953 ], [ 139.694563, 35.790952 ], [ 139.694289, 35.790982 ], [ 139.69402, 35.791011 ], [ 139.693496, 35.791068 ], [ 139.693294, 35.791078 ], [ 139.693025, 35.791191 ], [ 139.692917, 35.791269 ], [ 139.692708, 35.791431 ], [ 139.692646, 35.79148 ], [ 139.692389, 35.791665 ], [ 139.691985, 35.791993 ], [ 139.692987, 35.793279 ], [ 139.693133, 35.793489 ], [ 139.693414, 35.793892 ], [ 139.69375, 35.79439 ], [ 139.693998, 35.794786 ], [ 139.694044, 35.79485 ], [ 139.694169, 35.795024 ], [ 139.694579, 35.795658 ], [ 139.694603, 35.795648 ], [ 139.694967, 35.795498 ], [ 139.695302, 35.795359 ], [ 139.695363, 35.795343 ], [ 139.695411, 35.79545 ], [ 139.695457, 35.795498 ], [ 139.695553, 35.795502 ], [ 139.695628, 35.795464 ], [ 139.695748, 35.795523 ], [ 139.696235, 35.795745 ], [ 139.696421, 35.795655 ], [ 139.696542, 35.795695 ], [ 139.696979, 35.796 ], [ 139.697255, 35.796333 ], [ 139.697547, 35.796838 ], [ 139.697661, 35.797228 ], [ 139.697708, 35.797587 ], [ 139.697745, 35.798115 ], [ 139.697708, 35.798364 ], [ 139.697791, 35.798567 ], [ 139.698792, 35.797952 ], [ 139.699996, 35.797132 ], [ 139.701681, 35.796097 ], [ 139.702936, 35.795265 ] ] ] } },
{ "type": "Feature", "properties": { "key": "北区|浮間3丁目", "ward": "北区", "town": "浮間３丁目" }, "geometry": { "type": "Polygon", "coordinates": [ [ [ 139.698362, 35.782108 ], [ 139.698351, 35.782182 ], [ 139.698331, 35.782807 ], [ 139.698309, 35.783598 ], [ 139.6983, 35.784366 ], [ 139.698314, 35.784537 ], [ 139.698315, 35.784547 ], [ 139.69833, 35.785352 ], [ 139.698336, 35.78582 ], [ 139.698332, 35.786013 ], [ 139.698332, 35.786014 ], [ 139.698334, 35.786383 ], [ 139.69834, 35.786562 ], [ 139.698348, 35.786807 ], [ 139.698361, 35.787029 ], [ 139.698386, 35.78713 ], [ 139.698362, 35.787168 ], [ 139.698444, 35.787482 ], [ 139.698494, 35.787703 ], [ 139.698551, 35.787865 ], [ 139.698554, 35.787897 ], [ 139.698581, 35.788269 ], [ 139.69863, 35.788646 ], [ 139.698632, 35.788673 ], [ 139.698678, 35.789193 ], [ 139.698704, 35.789562 ], [ 139.698749, 35.789888 ], [ 139.698752, 35.789919 ], [ 139.698787, 35.790324 ], [ 139.698823, 35.790465 ], [ 139.699333, 35.790417 ], [ 139.699459, 35.790399 ], [ 139.700026, 35.790325 ], [ 139.700317, 35.790302 ], [ 139.700469, 35.790285 ], [ 139.701282, 35.790169 ], [ 139.701625, 35.790088 ], [ 139.70165, 35.790075 ], [ 139.702004, 35.789889 ], [ 139.702174, 35.789774 ], [ 139.702413, 35.789594 ], [ 139.70255, 35.789503 ], [ 139.702719, 35.789358 ], [ 139.702739, 35.789342 ], [ 139.70301, 35.789127 ], [ 139.703165, 35.789027 ], [ 139.703508, 35.788775 ], [ 139.70382, 35.788554 ], [ 139.703838, 35.788541 ], [ 139.704043, 35.788403 ], [ 139.704213, 35.788271 ], [ 139.704463, 35.788073 ], [ 139.704719, 35.78788 ], [ 139.70501, 35.787677 ], [ 139.705135, 35.787581 ], [ 139.705326, 35.787434 ], [ 139.705426, 35.787342 ], [ 139.705484, 35.787311 ], [ 139.705566, 35.787173 ], [ 139.705706, 35.787049 ], [ 139.705299, 35.786692 ], [ 139.705017, 35.786451 ], [ 139.704566, 35.786027 ], [ 139.70436, 35.785832 ], [ 139.70409, 35.785602 ], [ 139.703821, 35.785358 ], [ 139.703768, 35.785328 ], [ 139.703556, 35.78514 ], [ 139.703219, 35.78489 ], [ 139.703142, 35.784831 ], [ 139.702955, 35.784705 ], [ 139.702743, 35.784559 ], [ 139.702503, 35.784393 ], [ 139.702398, 35.784319 ], [ 139.702176, 35.784157 ], [ 139.70202, 35.784053 ], [ 139.701768, 35.783893 ], [ 139.701582, 35.783774 ], [ 139.701301, 35.783596 ], [ 139.701276, 35.78358 ], [ 139.701013, 35.783411 ], [ 139.700688, 35.783205 ], [ 139.700407, 35.783047 ], [ 139.700232, 35.782931 ], [ 139.700084, 35.782833 ], [ 139.699893, 35.78273 ], [ 139.69913, 35.782347 ], [ 139.698823, 35.782225 ], [ 139.698496, 35.782134 ], [ 139.698362, 35.782108 ] ] ] } },
{ "type": "Feature", "properties": { "key": "北区|浮間4丁目", "ward": "北区", "town": "浮間４丁目" }, "geometry": { "type": "Polygon", "coordinates": [ [ [ 139.694563, 35.790952 ], [ 139.694584, 35.790953 ], [ 139.695402, 35.790856 ], [ 139.69606, 35.790778 ], [ 139.696658, 35.790712 ], [ 139.697129, 35.790641 ], [ 139.697608, 35.790602 ], [ 139.698138, 35.790532 ], [ 139.698583, 35.790487 ], [ 139.698823, 35.790465 ], [ 139.698787, 35.790324 ], [ 139.698752, 35.789919 ], [ 139.698749, 35.789888 ], [ 139.698704, 35.789562 ], [ 139.698678, 35.789193 ], [ 139.698632, 35.788673 ], [ 139.69863, 35.788646 ], [ 139.698581, 35.788269 ], [ 139.698554, 35.787897 ], [ 139.698551, 35.787865 ], [ 139.698494, 35.787703 ], [ 139.698444, 35.787482 ], [ 139.698362, 35.787168 ], [ 139.698386, 35.78713 ], [ 139.698281, 35.78713 ], [ 139.697657, 35.787195 ], [ 139.697225, 35.787274 ], [ 139.69666, 35.787406 ], [ 139.696645, 35.787406 ], [ 139.696436, 35.787392 ], [ 139.696111, 35.787313 ], [ 139.695572, 35.787181 ], [ 139.694571, 35.786929 ], [ 139.693543, 35.78667 ], [ 139.693154, 35.786573 ], [ 139.692224, 35.786338 ], [ 139.692212, 35.786336 ], [ 139.691455, 35.786145 ], [ 139.691185, 35.786077 ], [ 139.690603, 35.785931 ], [ 139.69015, 35.785817 ], [ 139.689707, 35.786444 ], [ 139.689467, 35.786769 ], [ 139.689173, 35.787137 ], [ 139.6893, 35.787522 ], [ 139.689403, 35.78782 ], [ 139.689577, 35.788287 ], [ 139.689698, 35.788626 ], [ 139.689729, 35.788696 ], [ 139.68986, 35.788986 ], [ 139.689922, 35.789216 ], [ 139.690028, 35.789442 ], [ 139.690178, 35.789717 ], [ 139.690314, 35.790018 ], [ 139.69034, 35.790059 ], [ 139.690532, 35.790358 ], [ 139.690745, 35.790673 ], [ 139.690802, 35.790769 ], [ 139.690828, 35.790795 ], [ 139.691054, 35.791027 ], [ 139.691095, 35.791069 ], [ 139.691277, 35.791257 ], [ 139.691278, 35.791258 ], [ 139.691295, 35.791276 ], [ 139.691313, 35.791295 ], [ 139.691307, 35.791299 ], [ 139.691367, 35.79136 ], [ 139.691985, 35.791993 ], [ 139.692389, 35.791665 ], [ 139.692646, 35.79148 ], [ 139.692708, 35.791431 ], [ 139.692917, 35.791269 ], [ 139.693025, 35.791191 ], [ 139.693294, 35.791078 ], [ 139.693496, 35.791068 ], [ 139.69402, 35.791011 ], [ 139.694289, 35.790982 ], [ 139.694563, 35.790952 ] ] ] } },
{ "type": "Feature", "properties": { "key": "北区|浮間5丁目", "ward": "北区", "town": "浮間５丁目" }, "geometry": { "type": "Polygon", "coordinates": [ [ [ 139.698281, 35.78713 ], [ 139.698386, 35.78713 ], [ 139.698361, 35.787029 ], [ 139.698348, 35.786807 ], [ 139.69834, 35.786562 ], [ 139.698334, 35.786383 ], [ 139.698332, 35.786014 ], [ 139.698332, 35.786013 ], [ 139.698336, 35.78582 ], [ 139.69833, 35.785352 ], [ 139.698315, 35.784547 ], [ 139.698314, 35.784537 ], [ 139.6983, 35.784366 ], [ 139.698309, 35.783598 ], [ 139.698331, 35.782807 ], [ 139.698351, 35.782182 ], [ 139.698362, 35.782108 ], [ 139.698203, 35.782077 ], [ 139.697839, 35.782099 ], [ 139.697354, 35.782169 ], [ 139.696676, 35.782255 ], [ 139.696591, 35.782266 ], [ 139.69659, 35.782266 ], [ 139.696135, 35.782362 ], [ 139.696079, 35.782377 ], [ 139.695563, 35.782512 ], [ 139.694794, 35.782747 ], [ 139.69399, 35.783004 ], [ 139.693745, 35.783107 ], [ 139.693643, 35.78315 ], [ 139.693017, 35.783471 ], [ 139.692877, 35.783549 ], [ 139.692206, 35.783976 ], [ 139.69195, 35.784153 ], [ 139.691675, 35.784353 ], [ 139.691446, 35.784519 ], [ 139.690925, 35.784896 ], [ 139.690585, 35.785256 ], [ 139.690372, 35.785531 ], [ 139.69015, 35.785817 ], [ 139.690603, 35.785931 ], [ 139.691185, 35.786077 ], [ 139.691455, 35.786145 ], [ 139.692212, 35.786336 ], [ 139.692224, 35.786338 ], [ 139.693154, 35.786573 ], [ 139.693543, 35.78667 ], [ 139.694571, 35.786929 ], [ 139.695572, 35.787181 ], [ 139.696111, 35.787313 ], [ 139.696436, 35.787392 ], [ 139.696645, 35.787406 ], [ 139.69666, 35.787406 ], [ 139.697225, 35.787274 ], [ 139.697657, 35.787195 ], [ 139.698281, 35.78713 ] ] ] } },
{ "type": "Feature", "properties": { "key": "北区|桐ケ丘1丁目", "ward": "北区", "town": "桐ケ丘１丁目" }, "geometry": { "type": "Polygon", "coordinates": [ [ [ 139.710721, 35.778244 ], [ 139.710918, 35.778281 ], [ 139.711051, 35.778264 ], [ 139.711109, 35.778213 ], [ 139.7113, 35.77803 ], [ 139.711343, 35.777807 ], [ 139.711344, 35.777754 ], [ 139.711396, 35.777681 ], [ 139.711463, 35.777574 ], [ 139.711537, 35.777395 ], [ 139.711586, 35.77722 ], [ 139.711587, 35.777171 ], [ 139.711602, 35.777028 ], [ 139.711542, 35.776837 ], [ 139.711481, 35.776672 ], [ 139.711435, 35.776505 ], [ 139.710838, 35.776334 ], [ 139.710436, 35.77625 ], [ 139.710168, 35.776185 ], [ 139.709863, 35.77612 ], [ 139.709461, 35.776032 ], [ 139.709259, 35.775988 ], [ 139.708797, 35.775887 ], [ 139.708727, 35.775865 ], [ 139.708127, 35.775721 ], [ 139.70811, 35.775762 ], [ 139.708061, 35.775754 ], [ 139.707847, 35.775671 ], [ 139.707668, 35.775633 ], [ 139.707472, 35.775565 ], [ 139.707048, 35.775469 ], [ 139.706757, 35.775405 ], [ 139.706441, 35.775336 ], [ 139.706324, 35.775306 ], [ 139.706153, 35.77528 ], [ 139.705685, 35.775179 ], [ 139.705304, 35.775111 ], [ 139.704984, 35.775043 ], [ 139.704618, 35.774974 ], [ 139.704628, 35.774848 ], [ 139.704336, 35.774892 ], [ 139.704311, 35.775107 ], [ 139.704604, 35.775157 ], [ 139.704579, 35.775311 ], [ 139.704491, 35.775613 ], [ 139.704457, 35.77572 ], [ 139.704425, 35.775821 ], [ 139.704396, 35.775908 ], [ 139.704264, 35.776301 ], [ 139.704155, 35.776628 ], [ 139.704075, 35.776883 ], [ 139.703944, 35.77714 ], [ 139.703848, 35.777417 ], [ 139.703788, 35.777521 ], [ 139.703747, 35.777591 ], [ 139.703659, 35.777799 ], [ 139.703656, 35.777807 ], [ 139.703548, 35.778086 ], [ 139.70349, 35.778257 ], [ 139.703451, 35.778378 ], [ 139.703446, 35.778393 ], [ 139.703719, 35.778459 ], [ 139.704153, 35.778563 ], [ 139.704744, 35.778705 ], [ 139.704791, 35.778716 ], [ 139.705365, 35.778854 ], [ 139.705551, 35.778904 ], [ 139.70625, 35.779068 ], [ 139.706493, 35.779107 ], [ 139.706819, 35.779109 ], [ 139.707021, 35.77912 ], [ 139.70712, 35.779134 ], [ 139.707699, 35.779207 ], [ 139.708083, 35.779243 ], [ 139.708597, 35.779319 ], [ 139.709115, 35.779378 ], [ 139.709321, 35.779416 ], [ 139.709522, 35.779436 ], [ 139.70995, 35.779501 ], [ 139.710131, 35.779339 ], [ 139.710358, 35.779188 ], [ 139.710448, 35.779102 ], [ 139.710502, 35.779008 ], [ 139.710574, 35.778723 ], [ 139.710585, 35.778563 ], [ 139.710621, 35.778498 ], [ 139.710721, 35.778244 ] ] ] } },
{ "type": "Feature", "properties": { "key": "北区|桐ケ丘2丁目", "ward": "北区", "town": "桐ケ丘２丁目" }, "geometry": { "type": "Polygon", "coordinates": [ [ [ 139.711029, 35.782796 ], [ 139.711187, 35.782722 ], [ 139.7114, 35.78259 ], [ 139.711551, 35.782516 ], [ 139.712095, 35.782218 ], [ 139.712398, 35.782058 ], [ 139.71267, 35.781948 ], [ 139.712724, 35.78192 ], [ 139.712738, 35.781912 ], [ 139.712943, 35.781805 ], [ 139.712947, 35.781746 ], [ 139.713228, 35.78162 ], [ 139.713333, 35.781585 ], [ 139.713372, 35.781543 ], [ 139.713389, 35.781427 ], [ 139.713313, 35.781317 ], [ 139.713305, 35.781262 ], [ 139.713126, 35.7811 ], [ 139.712918, 35.780905 ], [ 139.712786, 35.780758 ], [ 139.712617, 35.78055 ], [ 139.712351, 35.780326 ], [ 139.712253, 35.780202 ], [ 139.712214, 35.78021 ], [ 139.712106, 35.780119 ], [ 139.712048, 35.78004 ], [ 139.711925, 35.780001 ], [ 139.711842, 35.779922 ], [ 139.711752, 35.77989 ], [ 139.71156, 35.779783 ], [ 139.71144, 35.779748 ], [ 139.710959, 35.779641 ], [ 139.710585, 35.779589 ], [ 139.710445, 35.779568 ], [ 139.710216, 35.779541 ], [ 139.70995, 35.779501 ], [ 139.709522, 35.779436 ], [ 139.709321, 35.779416 ], [ 139.709115, 35.779378 ], [ 139.708597, 35.779319 ], [ 139.708083, 35.779243 ], [ 139.707699, 35.779207 ], [ 139.70712, 35.779134 ], [ 139.707123, 35.779266 ], [ 139.707207, 35.779601 ], [ 139.707289, 35.77987 ], [ 139.707419, 35.780095 ], [ 139.707617, 35.780363 ], [ 139.707831, 35.780514 ], [ 139.707969, 35.780585 ], [ 139.708082, 35.780659 ], [ 139.708218, 35.780722 ], [ 139.708166, 35.780811 ], [ 139.708107, 35.780981 ], [ 139.708048, 35.781206 ], [ 139.708032, 35.781369 ], [ 139.708026, 35.781427 ], [ 139.708002, 35.781549 ], [ 139.708011, 35.781693 ], [ 139.708028, 35.78195 ], [ 139.708005, 35.782142 ], [ 139.707976, 35.782391 ], [ 139.707977, 35.782442 ], [ 139.708081, 35.78261 ], [ 139.708129, 35.782731 ], [ 139.708173, 35.7829 ], [ 139.708213, 35.782949 ], [ 139.708271, 35.783011 ], [ 139.708478, 35.78305 ], [ 139.708768, 35.783062 ], [ 139.708854, 35.783058 ], [ 139.708974, 35.783067 ], [ 139.709044, 35.783177 ], [ 139.709082, 35.783182 ], [ 139.709181, 35.78303 ], [ 139.709258, 35.782975 ], [ 139.709359, 35.782965 ], [ 139.709911, 35.782843 ], [ 139.709876, 35.782911 ], [ 139.709575, 35.783156 ], [ 139.709448, 35.783238 ], [ 139.709643, 35.783479 ], [ 139.709939, 35.783296 ], [ 139.710107, 35.783216 ], [ 139.710348, 35.78312 ], [ 139.711029, 35.782796 ] ] ] } },
{ "type": "Feature", "properties": { "key": "北区|滝野川1丁目", "ward": "北区", "town": "滝野川１丁目" }, "geometry": { "type": "Polygon", "coordinates": [ [ [ 139.738926, 35.74857 ], [ 139.738762, 35.748679 ], [ 139.738716, 35.74862 ], [ 139.738544, 35.7484 ], [ 139.73821, 35.748016 ], [ 139.738161, 35.748022 ], [ 139.738133, 35.748014 ], [ 139.737993, 35.747801 ], [ 139.737611, 35.747383 ], [ 139.737171, 35.747 ], [ 139.736949, 35.74684 ], [ 139.736774, 35.746709 ], [ 139.736453, 35.746469 ], [ 139.736376, 35.746448 ], [ 139.736322, 35.746406 ], [ 139.736173, 35.746225 ], [ 139.736153, 35.746207 ], [ 139.736009, 35.746018 ], [ 139.736007, 35.745987 ], [ 139.735921, 35.745922 ], [ 139.735761, 35.745719 ], [ 139.735729, 35.745657 ], [ 139.735533, 35.745456 ], [ 139.735446, 35.745384 ], [ 139.735476, 35.745313 ], [ 139.735549, 35.745247 ], [ 139.735576, 35.745136 ], [ 139.735442, 35.745013 ], [ 139.735386, 35.745019 ], [ 139.735032, 35.745098 ], [ 139.734828, 35.74512 ], [ 139.734538, 35.745093 ], [ 139.734484, 35.745109 ], [ 139.734338, 35.745085 ], [ 139.734337, 35.745063 ], [ 139.734076, 35.745041 ], [ 139.733686, 35.744995 ], [ 139.733365, 35.744953 ], [ 139.733276, 35.744948 ], [ 139.733078, 35.744949 ], [ 139.732846, 35.744939 ], [ 139.73282, 35.744949 ], [ 139.73279, 35.744957 ], [ 139.732084, 35.745032 ], [ 139.731824, 35.745056 ], [ 139.731481, 35.745081 ], [ 139.731346, 35.745081 ], [ 139.730995, 35.745062 ], [ 139.730643, 35.745005 ], [ 139.730621, 35.745004 ], [ 139.729698, 35.744987 ], [ 139.72935, 35.744964 ], [ 139.729075, 35.744941 ], [ 139.729586, 35.745341 ], [ 139.730055, 35.745676 ], [ 139.730494, 35.746005 ], [ 139.730624, 35.746105 ], [ 139.730746, 35.746198 ], [ 139.731086, 35.746459 ], [ 139.731113, 35.74648 ], [ 139.731591, 35.746847 ], [ 139.73206, 35.74718 ], [ 139.732179, 35.747282 ], [ 139.732232, 35.747319 ], [ 139.732483, 35.747513 ], [ 139.732928, 35.74783 ], [ 139.733501, 35.748251 ], [ 139.733581, 35.748314 ], [ 139.733712, 35.748404 ], [ 139.733762, 35.748439 ], [ 139.733959, 35.748573 ], [ 139.734117, 35.748689 ], [ 139.73433, 35.748843 ], [ 139.73455, 35.749004 ], [ 139.734895, 35.749229 ], [ 139.7352, 35.749429 ], [ 139.735287, 35.749476 ], [ 139.735469, 35.749594 ], [ 139.735505, 35.749613 ], [ 139.736182, 35.750053 ], [ 139.736668, 35.750379 ], [ 139.736731, 35.750419 ], [ 139.736812, 35.750481 ], [ 139.737169, 35.750682 ], [ 139.737347, 35.750793 ], [ 139.737578, 35.750513 ], [ 139.737738, 35.750276 ], [ 139.73802, 35.749896 ], [ 139.738101, 35.749789 ], [ 139.738292, 35.749595 ], [ 139.738468, 35.749387 ], [ 139.738567, 35.74929 ], [ 139.738721, 35.74914 ], [ 139.738871, 35.748969 ], [ 139.739046, 35.748811 ], [ 139.739061, 35.748763 ], [ 139.738926, 35.74857 ] ] ] } },
{ "type": "Feature", "properties": { "key": "北区|滝野川2丁目", "ward": "北区", "town": "滝野川２丁目" }, "geometry": { "type": "Polygon", "coordinates": [ [ [ 139.731532, 35.751718 ], [ 139.731633, 35.751767 ], [ 139.731682, 35.751822 ], [ 139.731853, 35.752156 ], [ 139.732027, 35.752334 ], [ 139.732268, 35.752233 ], [ 139.73264, 35.751983 ], [ 139.732659, 35.751953 ], [ 139.732747, 35.751901 ], [ 139.733189, 35.751824 ], [ 139.733387, 35.751818 ], [ 139.73362, 35.75185 ], [ 139.733851, 35.751962 ], [ 139.734159, 35.752076 ], [ 139.734261, 35.752088 ], [ 139.734296, 35.752098 ], [ 139.734546, 35.752138 ], [ 139.734556, 35.752139 ], [ 139.734875, 35.752118 ], [ 139.734937, 35.752117 ], [ 139.735192, 35.752067 ], [ 139.735448, 35.752063 ], [ 139.735696, 35.75219 ], [ 139.735855, 35.752302 ], [ 139.735899, 35.75235 ], [ 139.736035, 35.752264 ], [ 139.73622, 35.752129 ], [ 139.736304, 35.752076 ], [ 139.736405, 35.751879 ], [ 139.736702, 35.751533 ], [ 139.736972, 35.751217 ], [ 139.737347, 35.750793 ], [ 139.737169, 35.750682 ], [ 139.736812, 35.750481 ], [ 139.736731, 35.750419 ], [ 139.736668, 35.750379 ], [ 139.736182, 35.750053 ], [ 139.735505, 35.749613 ], [ 139.735469, 35.749594 ], [ 139.735287, 35.749476 ], [ 139.7352, 35.749429 ], [ 139.734895, 35.749229 ], [ 139.73455, 35.749004 ], [ 139.73433, 35.748843 ], [ 139.734117, 35.748689 ], [ 139.733959, 35.748573 ], [ 139.733762, 35.748439 ], [ 139.733712, 35.748404 ], [ 139.733581, 35.748314 ], [ 139.733501, 35.748251 ], [ 139.732928, 35.74783 ], [ 139.732483, 35.747513 ], [ 139.732232, 35.747319 ], [ 139.732179, 35.747282 ], [ 139.73206, 35.74718 ], [ 139.731591, 35.746847 ], [ 139.731572, 35.746929 ], [ 139.731486, 35.747154 ], [ 139.73146, 35.747223 ], [ 139.731383, 35.747464 ], [ 139.731362, 35.747528 ], [ 139.731237, 35.747905 ], [ 139.731184, 35.748066 ], [ 139.731141, 35.748195 ], [ 139.73102, 35.748605 ], [ 139.730928, 35.748951 ], [ 139.730862, 35.749295 ], [ 139.730844, 35.749401 ], [ 139.730817, 35.749407 ], [ 139.730776, 35.749564 ], [ 139.730786, 35.749646 ], [ 139.73076, 35.749649 ], [ 139.730717, 35.749911 ], [ 139.730698, 35.75009 ], [ 139.730668, 35.750368 ], [ 139.730615, 35.750826 ], [ 139.730616, 35.750865 ], [ 139.730746, 35.750883 ], [ 139.730764, 35.750903 ], [ 139.730731, 35.751065 ], [ 139.73067, 35.751264 ], [ 139.730616, 35.751404 ], [ 139.730524, 35.751664 ], [ 139.730512, 35.751707 ], [ 139.730492, 35.75173 ], [ 139.730415, 35.751975 ], [ 139.730372, 35.752288 ], [ 139.730384, 35.752452 ], [ 139.73037, 35.752549 ], [ 139.730655, 35.752642 ], [ 139.730765, 35.752656 ], [ 139.730945, 35.752644 ], [ 139.731119, 35.75256 ], [ 139.731147, 35.752528 ], [ 139.731166, 35.752329 ], [ 139.731106, 35.752147 ], [ 139.731102, 35.751991 ], [ 139.731144, 35.751893 ], [ 139.731346, 35.75175 ], [ 139.731409, 35.751723 ], [ 139.731532, 35.751718 ] ] ] } },
{ "type": "Feature", "properties": { "key": "北区|滝野川3丁目", "ward": "北区", "town": "滝野川３丁目" }, "geometry": { "type": "Polygon", "coordinates": [ [ [ 139.730616, 35.751404 ], [ 139.73067, 35.751264 ], [ 139.730731, 35.751065 ], [ 139.730764, 35.750903 ], [ 139.730746, 35.750883 ], [ 139.730616, 35.750865 ], [ 139.730615, 35.750826 ], [ 139.730668, 35.750368 ], [ 139.730698, 35.75009 ], [ 139.730717, 35.749911 ], [ 139.73076, 35.749649 ], [ 139.730786, 35.749646 ], [ 139.730776, 35.749564 ], [ 139.730817, 35.749407 ], [ 139.730844, 35.749401 ], [ 139.730862, 35.749295 ], [ 139.730928, 35.748951 ], [ 139.73102, 35.748605 ], [ 139.731141, 35.748195 ], [ 139.731184, 35.748066 ], [ 139.731237, 35.747905 ], [ 139.731362, 35.747528 ], [ 139.731383, 35.747464 ], [ 139.73146, 35.747223 ], [ 139.731486, 35.747154 ], [ 139.731572, 35.746929 ], [ 139.731591, 35.746847 ], [ 139.731113, 35.74648 ], [ 139.731086, 35.746459 ], [ 139.730746, 35.746198 ], [ 139.730624, 35.746105 ], [ 139.730494, 35.746005 ], [ 139.730055, 35.745676 ], [ 139.729586, 35.745341 ], [ 139.729075, 35.744941 ], [ 139.728949, 35.744909 ], [ 139.728905, 35.744909 ], [ 139.728791, 35.744921 ], [ 139.728599, 35.744993 ], [ 139.728467, 35.745033 ], [ 139.727863, 35.745103 ], [ 139.727941, 35.745428 ], [ 139.727971, 35.745517 ], [ 139.727849, 35.745584 ], [ 139.727683, 35.745735 ], [ 139.727578, 35.745874 ], [ 139.727489, 35.746004 ], [ 139.727407, 35.746174 ], [ 139.727399, 35.746187 ], [ 139.727376, 35.746222 ], [ 139.727262, 35.7465 ], [ 139.727212, 35.746717 ], [ 139.727187, 35.746881 ], [ 139.727182, 35.746907 ], [ 139.727166, 35.746985 ], [ 139.727118, 35.747118 ], [ 139.727026, 35.747266 ], [ 139.726944, 35.747418 ], [ 139.726879, 35.747573 ], [ 139.726849, 35.747656 ], [ 139.72676, 35.747892 ], [ 139.726744, 35.747953 ], [ 139.726721, 35.748143 ], [ 139.726745, 35.748248 ], [ 139.726806, 35.748383 ], [ 139.726915, 35.748641 ], [ 139.72692, 35.74874 ], [ 139.726903, 35.748828 ], [ 139.726892, 35.748897 ], [ 139.726788, 35.749084 ], [ 139.726766, 35.749118 ], [ 139.726679, 35.749258 ], [ 139.726719, 35.749284 ], [ 139.726781, 35.749341 ], [ 139.726897, 35.749426 ], [ 139.726913, 35.749887 ], [ 139.726915, 35.749954 ], [ 139.727022, 35.750119 ], [ 139.726875, 35.7502 ], [ 139.726978, 35.750248 ], [ 139.727206, 35.750354 ], [ 139.727308, 35.750415 ], [ 139.727458, 35.750504 ], [ 139.727619, 35.750623 ], [ 139.727715, 35.75073 ], [ 139.727766, 35.750837 ], [ 139.727767, 35.750859 ], [ 139.727844, 35.751172 ], [ 139.727883, 35.751455 ], [ 139.727943, 35.751641 ], [ 139.728047, 35.751802 ], [ 139.728136, 35.751891 ], [ 139.728232, 35.751935 ], [ 139.728377, 35.751942 ], [ 139.728461, 35.75192 ], [ 139.728574, 35.751859 ], [ 139.728668, 35.75177 ], [ 139.72879, 35.75157 ], [ 139.728847, 35.751534 ], [ 139.72893, 35.751514 ], [ 139.729056, 35.751531 ], [ 139.729184, 35.751598 ], [ 139.729479, 35.751754 ], [ 139.729552, 35.751847 ], [ 139.729519, 35.751896 ], [ 139.729344, 35.752068 ], [ 139.729401, 35.752102 ], [ 139.72952, 35.752141 ], [ 139.729754, 35.752219 ], [ 139.729909, 35.752302 ], [ 139.730114, 35.752433 ], [ 139.73037, 35.752549 ], [ 139.730384, 35.752452 ], [ 139.730372, 35.752288 ], [ 139.730415, 35.751975 ], [ 139.730492, 35.75173 ], [ 139.730512, 35.751707 ], [ 139.730524, 35.751664 ], [ 139.730616, 35.751404 ] ] ] } },
{ "type": "Feature", "properties": { "key": "北区|滝野川4丁目", "ward": "北区", "town": "滝野川４丁目" }, "geometry": { "type": "Polygon", "coordinates": [ [ [ 139.729519, 35.751896 ], [ 139.729552, 35.751847 ], [ 139.729479, 35.751754 ], [ 139.729184, 35.751598 ], [ 139.729056, 35.751531 ], [ 139.72893, 35.751514 ], [ 139.728847, 35.751534 ], [ 139.72879, 35.75157 ], [ 139.728668, 35.75177 ], [ 139.728574, 35.751859 ], [ 139.728461, 35.75192 ], [ 139.728377, 35.751942 ], [ 139.728232, 35.751935 ], [ 139.728136, 35.751891 ], [ 139.728047, 35.751802 ], [ 139.727943, 35.751641 ], [ 139.727883, 35.751455 ], [ 139.727844, 35.751172 ], [ 139.727767, 35.750859 ], [ 139.727766, 35.750837 ], [ 139.727715, 35.75073 ], [ 139.727619, 35.750623 ], [ 139.727458, 35.750504 ], [ 139.727308, 35.750415 ], [ 139.727206, 35.750354 ], [ 139.726978, 35.750248 ], [ 139.726875, 35.7502 ], [ 139.726691, 35.750142 ], [ 139.726213, 35.750109 ], [ 139.726136, 35.750117 ], [ 139.726047, 35.750122 ], [ 139.725941, 35.750128 ], [ 139.725719, 35.750193 ], [ 139.725209, 35.75043 ], [ 139.724997, 35.750589 ], [ 139.724833, 35.750671 ], [ 139.724334, 35.750835 ], [ 139.724248, 35.750848 ], [ 139.723987, 35.751037 ], [ 139.72386, 35.751192 ], [ 139.723746, 35.751271 ], [ 139.723672, 35.751289 ], [ 139.723618, 35.75123 ], [ 139.723539, 35.751047 ], [ 139.723443, 35.750872 ], [ 139.72332, 35.750731 ], [ 139.72309, 35.750599 ], [ 139.722924, 35.750525 ], [ 139.722841, 35.750527 ], [ 139.722779, 35.750564 ], [ 139.722661, 35.750719 ], [ 139.722641, 35.750803 ], [ 139.722619, 35.751053 ], [ 139.722605, 35.751224 ], [ 139.722714, 35.751252 ], [ 139.722664, 35.751426 ], [ 139.722658, 35.751529 ], [ 139.722711, 35.751721 ], [ 139.722756, 35.751879 ], [ 139.722756, 35.752005 ], [ 139.723423, 35.752016 ], [ 139.724357, 35.75203 ], [ 139.724615, 35.752033 ], [ 139.724908, 35.752038 ], [ 139.724916, 35.752038 ], [ 139.725227, 35.752042 ], [ 139.725302, 35.752044 ], [ 139.725594, 35.752049 ], [ 139.725801, 35.752049 ], [ 139.725964, 35.752051 ], [ 139.726191, 35.752053 ], [ 139.726447, 35.752054 ], [ 139.726481, 35.752055 ], [ 139.726602, 35.752075 ], [ 139.726737, 35.752114 ], [ 139.726831, 35.752138 ], [ 139.727147, 35.752251 ], [ 139.727231, 35.752294 ], [ 139.727592, 35.752424 ], [ 139.727925, 35.752504 ], [ 139.728164, 35.752551 ], [ 139.728389, 35.752588 ], [ 139.728416, 35.752592 ], [ 139.728783, 35.752656 ], [ 139.728926, 35.752674 ], [ 139.729073, 35.752701 ], [ 139.729144, 35.752717 ], [ 139.729469, 35.752792 ], [ 139.729917, 35.752879 ], [ 139.730242, 35.752962 ], [ 139.730316, 35.752757 ], [ 139.730358, 35.752552 ], [ 139.73037, 35.752549 ], [ 139.730114, 35.752433 ], [ 139.729909, 35.752302 ], [ 139.729754, 35.752219 ], [ 139.72952, 35.752141 ], [ 139.729401, 35.752102 ], [ 139.729344, 35.752068 ], [ 139.729519, 35.751896 ] ] ] } },
{ "type": "Feature", "properties": { "key": "北区|滝野川5丁目", "ward": "北区", "town": "滝野川５丁目" }, "geometry": { "type": "Polygon", "coordinates": [ [ [ 139.725209, 35.75043 ], [ 139.725719, 35.750193 ], [ 139.725941, 35.750128 ], [ 139.726047, 35.750122 ], [ 139.726136, 35.750117 ], [ 139.726213, 35.750109 ], [ 139.726691, 35.750142 ], [ 139.726875, 35.7502 ], [ 139.727022, 35.750119 ], [ 139.726915, 35.749954 ], [ 139.726913, 35.749887 ], [ 139.726897, 35.749426 ], [ 139.726781, 35.749341 ], [ 139.726719, 35.749284 ], [ 139.726679, 35.749258 ], [ 139.726766, 35.749118 ], [ 139.726788, 35.749084 ], [ 139.726892, 35.748897 ], [ 139.726903, 35.748828 ], [ 139.72692, 35.74874 ], [ 139.726915, 35.748641 ], [ 139.726806, 35.748383 ], [ 139.726745, 35.748248 ], [ 139.726721, 35.748143 ], [ 139.726744, 35.747953 ], [ 139.72676, 35.747892 ], [ 139.726849, 35.747656 ], [ 139.726879, 35.747573 ], [ 139.726944, 35.747418 ], [ 139.727026, 35.747266 ], [ 139.727118, 35.747118 ], [ 139.727166, 35.746985 ], [ 139.727182, 35.746907 ], [ 139.727187, 35.746881 ], [ 139.727212, 35.746717 ], [ 139.727262, 35.7465 ], [ 139.727376, 35.746222 ], [ 139.727399, 35.746187 ], [ 139.727407, 35.746174 ], [ 139.727489, 35.746004 ], [ 139.727578, 35.745874 ], [ 139.727683, 35.745735 ], [ 139.727849, 35.745584 ], [ 139.727971, 35.745517 ], [ 139.727941, 35.745428 ], [ 139.727863, 35.745103 ], [ 139.727736, 35.744695 ], [ 139.727713, 35.744599 ], [ 139.727571, 35.744757 ], [ 139.727104, 35.745225 ], [ 139.726775, 35.745421 ], [ 139.726655, 35.7455 ], [ 139.726538, 35.745576 ], [ 139.726448, 35.745635 ], [ 139.726431, 35.745646 ], [ 139.726399, 35.745666 ], [ 139.726343, 35.7457 ], [ 139.726315, 35.745718 ], [ 139.726258, 35.745753 ], [ 139.726181, 35.7458 ], [ 139.726042, 35.745886 ], [ 139.725917, 35.745963 ], [ 139.725857, 35.745999 ], [ 139.725532, 35.746186 ], [ 139.725499, 35.746208 ], [ 139.725439, 35.746249 ], [ 139.725258, 35.746369 ], [ 139.725013, 35.746542 ], [ 139.724999, 35.746552 ], [ 139.724627, 35.746775 ], [ 139.724457, 35.746883 ], [ 139.724296, 35.746983 ], [ 139.723959, 35.747194 ], [ 139.723338, 35.747596 ], [ 139.72333, 35.747601 ], [ 139.723275, 35.747635 ], [ 139.72277, 35.74795 ], [ 139.722574, 35.748085 ], [ 139.722277, 35.748308 ], [ 139.722257, 35.748323 ], [ 139.721969, 35.748501 ], [ 139.722094, 35.74868 ], [ 139.72218, 35.748828 ], [ 139.722156, 35.748837 ], [ 139.722019, 35.748895 ], [ 139.721872, 35.748956 ], [ 139.721846, 35.748967 ], [ 139.721849, 35.748985 ], [ 139.721754, 35.749026 ], [ 139.721765, 35.749056 ], [ 139.721932, 35.749534 ], [ 139.722039, 35.749826 ], [ 139.722042, 35.749833 ], [ 139.722053, 35.749864 ], [ 139.722059, 35.749918 ], [ 139.722107, 35.7502 ], [ 139.722141, 35.750383 ], [ 139.722208, 35.750744 ], [ 139.72221, 35.750754 ], [ 139.722262, 35.750758 ], [ 139.722419, 35.750785 ], [ 139.722641, 35.750803 ], [ 139.722661, 35.750719 ], [ 139.722779, 35.750564 ], [ 139.722841, 35.750527 ], [ 139.722924, 35.750525 ], [ 139.72309, 35.750599 ], [ 139.72332, 35.750731 ], [ 139.723443, 35.750872 ], [ 139.723539, 35.751047 ], [ 139.723618, 35.75123 ], [ 139.723672, 35.751289 ], [ 139.723746, 35.751271 ], [ 139.72386, 35.751192 ], [ 139.723987, 35.751037 ], [ 139.724248, 35.750848 ], [ 139.724334, 35.750835 ], [ 139.724833, 35.750671 ], [ 139.724997, 35.750589 ], [ 139.725209, 35.75043 ] ] ] } },
{ "type": "Feature", "properties": { "key": "北区|滝野川6丁目", "ward": "北区", "town": "滝野川６丁目" }, "geometry": { "type": "Polygon", "coordinates": [ [ [ 139.723959, 35.747194 ], [ 139.724296, 35.746983 ], [ 139.724457, 35.746883 ], [ 139.724627, 35.746775 ], [ 139.724999, 35.746552 ], [ 139.725013, 35.746542 ], [ 139.725258, 35.746369 ], [ 139.725439, 35.746249 ], [ 139.725499, 35.746208 ], [ 139.725532, 35.746186 ], [ 139.725857, 35.745999 ], [ 139.725917, 35.745963 ], [ 139.726042, 35.745886 ], [ 139.726181, 35.7458 ], [ 139.726258, 35.745753 ], [ 139.726315, 35.745718 ], [ 139.726343, 35.7457 ], [ 139.726399, 35.745666 ], [ 139.726431, 35.745646 ], [ 139.726448, 35.745635 ], [ 139.726538, 35.745576 ], [ 139.726655, 35.7455 ], [ 139.726775, 35.745421 ], [ 139.727104, 35.745225 ], [ 139.727571, 35.744757 ], [ 139.727713, 35.744599 ], [ 139.727616, 35.744198 ], [ 139.727535, 35.743914 ], [ 139.727518, 35.743835 ], [ 139.727383, 35.743676 ], [ 139.727329, 35.743612 ], [ 139.727256, 35.743524 ], [ 139.727098, 35.743297 ], [ 139.726658, 35.742663 ], [ 139.726371, 35.742273 ], [ 139.726358, 35.742255 ], [ 139.726195, 35.742054 ], [ 139.726054, 35.742092 ], [ 139.725613, 35.742243 ], [ 139.725389, 35.742331 ], [ 139.725366, 35.74234 ], [ 139.725127, 35.742437 ], [ 139.724801, 35.742615 ], [ 139.724623, 35.742752 ], [ 139.724465, 35.742848 ], [ 139.724406, 35.742894 ], [ 139.724215, 35.743042 ], [ 139.724078, 35.743162 ], [ 139.724001, 35.743217 ], [ 139.723796, 35.743335 ], [ 139.723602, 35.743392 ], [ 139.72351, 35.743448 ], [ 139.723462, 35.743501 ], [ 139.723299, 35.743676 ], [ 139.723286, 35.743688 ], [ 139.723061, 35.743909 ], [ 139.722846, 35.744089 ], [ 139.722397, 35.744472 ], [ 139.72238, 35.744484 ], [ 139.722208, 35.744653 ], [ 139.722005, 35.744843 ], [ 139.721809, 35.745015 ], [ 139.721717, 35.745111 ], [ 139.721707, 35.745145 ], [ 139.72165, 35.745277 ], [ 139.721605, 35.74552 ], [ 139.721579, 35.745767 ], [ 139.72155, 35.745874 ], [ 139.721502, 35.745947 ], [ 139.72137, 35.746037 ], [ 139.721167, 35.746134 ], [ 139.721084, 35.746161 ], [ 139.720653, 35.746184 ], [ 139.720531, 35.746217 ], [ 139.720312, 35.746303 ], [ 139.720194, 35.746387 ], [ 139.720214, 35.746451 ], [ 139.72023, 35.746479 ], [ 139.720227, 35.74648 ], [ 139.720107, 35.746537 ], [ 139.720234, 35.746728 ], [ 139.720302, 35.746697 ], [ 139.72035, 35.746675 ], [ 139.720506, 35.746608 ], [ 139.721046, 35.746363 ], [ 139.721211, 35.746303 ], [ 139.721248, 35.74642 ], [ 139.7213, 35.746702 ], [ 139.721309, 35.746806 ], [ 139.721329, 35.74712 ], [ 139.721312, 35.747361 ], [ 139.721278, 35.747366 ], [ 139.721299, 35.74747 ], [ 139.721723, 35.747464 ], [ 139.721767, 35.747464 ], [ 139.722219, 35.747482 ], [ 139.722225, 35.747671 ], [ 139.722229, 35.747698 ], [ 139.722239, 35.747766 ], [ 139.722014, 35.747791 ], [ 139.722001, 35.74798 ], [ 139.721785, 35.747992 ], [ 139.721722, 35.747995 ], [ 139.721755, 35.748166 ], [ 139.721789, 35.748223 ], [ 139.721841, 35.74832 ], [ 139.721826, 35.748476 ], [ 139.721813, 35.748608 ], [ 139.721969, 35.748501 ], [ 139.722257, 35.748323 ], [ 139.722277, 35.748308 ], [ 139.722574, 35.748085 ], [ 139.72277, 35.74795 ], [ 139.723275, 35.747635 ], [ 139.72333, 35.747601 ], [ 139.723338, 35.747596 ], [ 139.723959, 35.747194 ] ] ] } },
{ "type": "Feature", "properties": { "key": "北区|滝野川7丁目", "ward": "北区", "town": "滝野川７丁目" }, "geometry": { "type": "Polygon", "coordinates": [ [ [ 139.721809, 35.745015 ], [ 139.722005, 35.744843 ], [ 139.722208, 35.744653 ], [ 139.72238, 35.744484 ], [ 139.722397, 35.744472 ], [ 139.722846, 35.744089 ], [ 139.723061, 35.743909 ], [ 139.723286, 35.743688 ], [ 139.723299, 35.743676 ], [ 139.723462, 35.743501 ], [ 139.72351, 35.743448 ], [ 139.723602, 35.743392 ], [ 139.723796, 35.743335 ], [ 139.724001, 35.743217 ], [ 139.724078, 35.743162 ], [ 139.724215, 35.743042 ], [ 139.724406, 35.742894 ], [ 139.724465, 35.742848 ], [ 139.724623, 35.742752 ], [ 139.724801, 35.742615 ], [ 139.725127, 35.742437 ], [ 139.725366, 35.74234 ], [ 139.725389, 35.742331 ], [ 139.725613, 35.742243 ], [ 139.726054, 35.742092 ], [ 139.726195, 35.742054 ], [ 139.726166, 35.742018 ], [ 139.72589, 35.741767 ], [ 139.725826, 35.741711 ], [ 139.72569, 35.741592 ], [ 139.725475, 35.741404 ], [ 139.725414, 35.741351 ], [ 139.725285, 35.741238 ], [ 139.725204, 35.741167 ], [ 139.724606, 35.740641 ], [ 139.724559, 35.740603 ], [ 139.724711, 35.740476 ], [ 139.724831, 35.740288 ], [ 139.724922, 35.740153 ], [ 139.725115, 35.740235 ], [ 139.725207, 35.740187 ], [ 139.725335, 35.740208 ], [ 139.725417, 35.740241 ], [ 139.725628, 35.74011 ], [ 139.725656, 35.739823 ], [ 139.725637, 35.739725 ], [ 139.725599, 35.739659 ], [ 139.725311, 35.739789 ], [ 139.725093, 35.739936 ], [ 139.725008, 35.740037 ], [ 139.724654, 35.739615 ], [ 139.72465, 35.739609 ], [ 139.724046, 35.739666 ], [ 139.723914, 35.739904 ], [ 139.72384, 35.739996 ], [ 139.723728, 35.740136 ], [ 139.723584, 35.740357 ], [ 139.723424, 35.740527 ], [ 139.723269, 35.740664 ], [ 139.72288, 35.740928 ], [ 139.722746, 35.740996 ], [ 139.722338, 35.74121 ], [ 139.721848, 35.74144 ], [ 139.721728, 35.741482 ], [ 139.721236, 35.741591 ], [ 139.720925, 35.741664 ], [ 139.720486, 35.741762 ], [ 139.720265, 35.741823 ], [ 139.720236, 35.741841 ], [ 139.720152, 35.741921 ], [ 139.720091, 35.741986 ], [ 139.719983, 35.742161 ], [ 139.719958, 35.74234 ], [ 139.719983, 35.74253 ], [ 139.719997, 35.742713 ], [ 139.720009, 35.742801 ], [ 139.720003, 35.742975 ], [ 139.719978, 35.74324 ], [ 139.719961, 35.743342 ], [ 139.719905, 35.743546 ], [ 139.719829, 35.743731 ], [ 139.719752, 35.743947 ], [ 139.719706, 35.744042 ], [ 139.719687, 35.744082 ], [ 139.719619, 35.744261 ], [ 139.719579, 35.744451 ], [ 139.719581, 35.744518 ], [ 139.719593, 35.744712 ], [ 139.719615, 35.744858 ], [ 139.719689, 35.745066 ], [ 139.719696, 35.745079 ], [ 139.719681, 35.745081 ], [ 139.719564, 35.74508 ], [ 139.719557, 35.74508 ], [ 139.719548, 35.745102 ], [ 139.719513, 35.745113 ], [ 139.71951, 35.74514 ], [ 139.71949, 35.745381 ], [ 139.719594, 35.745393 ], [ 139.719692, 35.745405 ], [ 139.719693, 35.745423 ], [ 139.719701, 35.745691 ], [ 139.719746, 35.745694 ], [ 139.719883, 35.745703 ], [ 139.719892, 35.74576 ], [ 139.719897, 35.745796 ], [ 139.719899, 35.745806 ], [ 139.7199, 35.745812 ], [ 139.720076, 35.746152 ], [ 139.720194, 35.746387 ], [ 139.720312, 35.746303 ], [ 139.720531, 35.746217 ], [ 139.720653, 35.746184 ], [ 139.721084, 35.746161 ], [ 139.721167, 35.746134 ], [ 139.72137, 35.746037 ], [ 139.721502, 35.745947 ], [ 139.72155, 35.745874 ], [ 139.721579, 35.745767 ], [ 139.721605, 35.74552 ], [ 139.72165, 35.745277 ], [ 139.721707, 35.745145 ], [ 139.721717, 35.745111 ], [ 139.721809, 35.745015 ] ] ] } },
{ "type": "Feature", "properties": { "key": "北区|西ケ原1丁目", "ward": "北区", "town": "西ケ原１丁目" }, "geometry": { "type": "Polygon", "coordinates": [ [ [ 139.745443, 35.744004 ], [ 139.745548, 35.744244 ], [ 139.745571, 35.744261 ], [ 139.746191, 35.744093 ], [ 139.746501, 35.744011 ], [ 139.747117, 35.743887 ], [ 139.747165, 35.743877 ], [ 139.747449, 35.743799 ], [ 139.747474, 35.743791 ], [ 139.74765, 35.743736 ], [ 139.747681, 35.743727 ], [ 139.747821, 35.743683 ], [ 139.748034, 35.743597 ], [ 139.748168, 35.743543 ], [ 139.748507, 35.74336 ], [ 139.748429, 35.743132 ], [ 139.749024, 35.742972 ], [ 139.749158, 35.742948 ], [ 139.749629, 35.742845 ], [ 139.750029, 35.742756 ], [ 139.750004, 35.742734 ], [ 139.74994, 35.742534 ], [ 139.749922, 35.742426 ], [ 139.749986, 35.742363 ], [ 139.749969, 35.742301 ], [ 139.749786, 35.74189 ], [ 139.749783, 35.741882 ], [ 139.74972, 35.741743 ], [ 139.749661, 35.74164 ], [ 139.749659, 35.741637 ], [ 139.749587, 35.741513 ], [ 139.749337, 35.741187 ], [ 139.749103, 35.740888 ], [ 139.748836, 35.740543 ], [ 139.748803, 35.74056 ], [ 139.748458, 35.740719 ], [ 139.748288, 35.740403 ], [ 139.748114, 35.740098 ], [ 139.747952, 35.739769 ], [ 139.748142, 35.739649 ], [ 139.747826, 35.739193 ], [ 139.747721, 35.739262 ], [ 139.747519, 35.739396 ], [ 139.747259, 35.739568 ], [ 139.74717, 35.739623 ], [ 139.747141, 35.73964 ], [ 139.746741, 35.739877 ], [ 139.74669, 35.739743 ], [ 139.746629, 35.739582 ], [ 139.746509, 35.739265 ], [ 139.746409, 35.739002 ], [ 139.746379, 35.738924 ], [ 139.746322, 35.738774 ], [ 139.745991, 35.738807 ], [ 139.746011, 35.739105 ], [ 139.745974, 35.739146 ], [ 139.745803, 35.739209 ], [ 139.745666, 35.739237 ], [ 139.745411, 35.739268 ], [ 139.744853, 35.739276 ], [ 139.744526, 35.739187 ], [ 139.744531, 35.73901 ], [ 139.744389, 35.738871 ], [ 139.744195, 35.738947 ], [ 139.744136, 35.73884 ], [ 139.74405, 35.738868 ], [ 139.744118, 35.739383 ], [ 139.744097, 35.73939 ], [ 139.743997, 35.739425 ], [ 139.744037, 35.739621 ], [ 139.744116, 35.739649 ], [ 139.744129, 35.739744 ], [ 139.744158, 35.739834 ], [ 139.744159, 35.739838 ], [ 139.744149, 35.73988 ], [ 139.74409, 35.739897 ], [ 139.744128, 35.740045 ], [ 139.744148, 35.740327 ], [ 139.744234, 35.740657 ], [ 139.744335, 35.740634 ], [ 139.744424, 35.740614 ], [ 139.74454, 35.740813 ], [ 139.744506, 35.740874 ], [ 139.744197, 35.74096 ], [ 139.744248, 35.741133 ], [ 139.744167, 35.741167 ], [ 139.744148, 35.741174 ], [ 139.743881, 35.741254 ], [ 139.743571, 35.741344 ], [ 139.743396, 35.741369 ], [ 139.743133, 35.741406 ], [ 139.742825, 35.741492 ], [ 139.742598, 35.741584 ], [ 139.742575, 35.741597 ], [ 139.742751, 35.741781 ], [ 139.742824, 35.741865 ], [ 139.742659, 35.742 ], [ 139.742668, 35.742009 ], [ 139.742755, 35.742102 ], [ 139.74284, 35.742221 ], [ 139.742937, 35.742326 ], [ 139.743119, 35.742515 ], [ 139.743299, 35.742714 ], [ 139.743446, 35.742968 ], [ 139.743203, 35.743177 ], [ 139.743278, 35.743316 ], [ 139.743367, 35.743537 ], [ 139.743434, 35.743702 ], [ 139.743435, 35.743706 ], [ 139.743449, 35.743735 ], [ 139.743648, 35.744162 ], [ 139.743661, 35.744193 ], [ 139.743848, 35.744673 ], [ 139.743875, 35.744673 ], [ 139.744327, 35.744536 ], [ 139.744628, 35.744426 ], [ 139.744736, 35.744396 ], [ 139.744834, 35.744349 ], [ 139.745029, 35.744252 ], [ 139.745261, 35.744139 ], [ 139.745309, 35.744092 ], [ 139.745375, 35.744075 ], [ 139.745443, 35.744004 ] ] ] } },
{ "type": "Feature", "properties": { "key": "北区|西ケ原2丁目", "ward": "北区", "town": "西ケ原２丁目" }, "geometry": { "type": "Polygon", "coordinates": [ [ [ 139.74225, 35.748874 ], [ 139.742363, 35.748899 ], [ 139.742571, 35.748785 ], [ 139.74334, 35.748403 ], [ 139.743685, 35.748234 ], [ 139.743809, 35.748167 ], [ 139.744147, 35.748008 ], [ 139.744604, 35.747827 ], [ 139.74498, 35.747605 ], [ 139.745057, 35.747566 ], [ 139.745728, 35.747184 ], [ 139.746221, 35.746919 ], [ 139.746715, 35.746635 ], [ 139.746664, 35.746591 ], [ 139.746696, 35.746549 ], [ 139.746613, 35.746438 ], [ 139.74581, 35.74675 ], [ 139.745687, 35.746676 ], [ 139.745727, 35.746591 ], [ 139.745743, 35.746495 ], [ 139.745733, 35.746317 ], [ 139.74578, 35.746283 ], [ 139.745812, 35.746217 ], [ 139.745818, 35.746126 ], [ 139.745802, 35.745917 ], [ 139.745709, 35.74569 ], [ 139.745418, 35.744991 ], [ 139.745382, 35.744918 ], [ 139.745359, 35.744733 ], [ 139.745312, 35.744625 ], [ 139.745245, 35.744648 ], [ 139.745176, 35.74454 ], [ 139.745029, 35.744252 ], [ 139.744834, 35.744349 ], [ 139.744736, 35.744396 ], [ 139.744628, 35.744426 ], [ 139.744327, 35.744536 ], [ 139.743875, 35.744673 ], [ 139.743743, 35.744713 ], [ 139.743601, 35.744757 ], [ 139.743357, 35.744893 ], [ 139.743222, 35.744989 ], [ 139.743077, 35.745116 ], [ 139.742836, 35.74513 ], [ 139.742533, 35.745145 ], [ 139.742292, 35.745158 ], [ 139.742233, 35.745161 ], [ 139.741893, 35.745168 ], [ 139.741595, 35.745163 ], [ 139.741352, 35.745248 ], [ 139.741006, 35.745411 ], [ 139.740737, 35.745531 ], [ 139.74066, 35.745564 ], [ 139.740492, 35.745646 ], [ 139.740182, 35.74577 ], [ 139.740011, 35.745838 ], [ 139.739799, 35.745943 ], [ 139.73957, 35.74603 ], [ 139.739418, 35.746097 ], [ 139.739407, 35.746102 ], [ 139.738825, 35.746334 ], [ 139.73866, 35.746427 ], [ 139.73856, 35.746483 ], [ 139.73845, 35.746539 ], [ 139.738273, 35.746647 ], [ 139.738239, 35.746668 ], [ 139.738203, 35.746696 ], [ 139.737972, 35.746863 ], [ 139.737934, 35.746914 ], [ 139.737849, 35.747096 ], [ 139.737752, 35.747193 ], [ 139.737611, 35.747383 ], [ 139.737993, 35.747801 ], [ 139.738133, 35.748014 ], [ 139.738161, 35.748022 ], [ 139.73821, 35.748016 ], [ 139.738544, 35.7484 ], [ 139.738716, 35.74862 ], [ 139.738762, 35.748679 ], [ 139.738926, 35.74857 ], [ 139.739061, 35.748763 ], [ 139.739046, 35.748811 ], [ 139.738871, 35.748969 ], [ 139.738984, 35.749197 ], [ 139.739152, 35.749629 ], [ 139.739196, 35.749827 ], [ 139.739219, 35.750066 ], [ 139.739227, 35.750225 ], [ 139.739271, 35.750376 ], [ 139.739575, 35.750646 ], [ 139.73969, 35.750738 ], [ 139.739844, 35.750619 ], [ 139.740234, 35.750362 ], [ 139.740574, 35.750124 ], [ 139.740714, 35.75 ], [ 139.741194, 35.749635 ], [ 139.741399, 35.749458 ], [ 139.74168, 35.749249 ], [ 139.741879, 35.749091 ], [ 139.742193, 35.748901 ], [ 139.74225, 35.748874 ] ] ] } },
{ "type": "Feature", "properties": { "key": "北区|西ケ原3丁目", "ward": "北区", "town": "西ケ原３丁目" }, "geometry": { "type": "Polygon", "coordinates": [ [ [ 139.741595, 35.745163 ], [ 139.741893, 35.745168 ], [ 139.742233, 35.745161 ], [ 139.742292, 35.745158 ], [ 139.742533, 35.745145 ], [ 139.742836, 35.74513 ], [ 139.743077, 35.745116 ], [ 139.743222, 35.744989 ], [ 139.743357, 35.744893 ], [ 139.743601, 35.744757 ], [ 139.743743, 35.744713 ], [ 139.743875, 35.744673 ], [ 139.743848, 35.744673 ], [ 139.743661, 35.744193 ], [ 139.743648, 35.744162 ], [ 139.743449, 35.743735 ], [ 139.743435, 35.743706 ], [ 139.743434, 35.743702 ], [ 139.743367, 35.743537 ], [ 139.743278, 35.743316 ], [ 139.743203, 35.743177 ], [ 139.743446, 35.742968 ], [ 139.743299, 35.742714 ], [ 139.743119, 35.742515 ], [ 139.742937, 35.742326 ], [ 139.74284, 35.742221 ], [ 139.742755, 35.742102 ], [ 139.742668, 35.742009 ], [ 139.742659, 35.742 ], [ 139.742824, 35.741865 ], [ 139.742751, 35.741781 ], [ 139.742575, 35.741597 ], [ 139.742252, 35.741781 ], [ 139.742222, 35.741797 ], [ 139.742088, 35.741889 ], [ 139.74186, 35.742049 ], [ 139.741704, 35.74212 ], [ 139.741597, 35.742168 ], [ 139.74151, 35.742207 ], [ 139.741104, 35.742352 ], [ 139.741082, 35.74237 ], [ 139.740835, 35.74222 ], [ 139.740251, 35.741987 ], [ 139.740247, 35.741985 ], [ 139.739882, 35.742282 ], [ 139.739611, 35.742475 ], [ 139.739385, 35.742643 ], [ 139.7392, 35.742797 ], [ 139.738951, 35.743004 ], [ 139.73871, 35.743197 ], [ 139.738635, 35.743234 ], [ 139.738517, 35.743275 ], [ 139.738399, 35.743337 ], [ 139.738003, 35.743604 ], [ 139.737969, 35.743625 ], [ 139.737664, 35.743839 ], [ 139.737525, 35.743979 ], [ 139.737287, 35.744194 ], [ 139.737209, 35.744274 ], [ 139.737158, 35.744318 ], [ 139.737005, 35.744437 ], [ 139.736864, 35.744584 ], [ 139.736748, 35.744735 ], [ 139.736656, 35.7449 ], [ 139.736557, 35.745114 ], [ 139.73651, 35.745197 ], [ 139.73644, 35.745409 ], [ 139.736407, 35.745563 ], [ 139.736433, 35.745756 ], [ 139.736456, 35.74584 ], [ 139.736501, 35.745905 ], [ 139.736173, 35.746225 ], [ 139.736322, 35.746406 ], [ 139.736376, 35.746448 ], [ 139.736453, 35.746469 ], [ 139.736774, 35.746709 ], [ 139.736949, 35.74684 ], [ 139.737171, 35.747 ], [ 139.737611, 35.747383 ], [ 139.737752, 35.747193 ], [ 139.737849, 35.747096 ], [ 139.737934, 35.746914 ], [ 139.737972, 35.746863 ], [ 139.738203, 35.746696 ], [ 139.738239, 35.746668 ], [ 139.738273, 35.746647 ], [ 139.73845, 35.746539 ], [ 139.73856, 35.746483 ], [ 139.73866, 35.746427 ], [ 139.738825, 35.746334 ], [ 139.739407, 35.746102 ], [ 139.739418, 35.746097 ], [ 139.73957, 35.74603 ], [ 139.739799, 35.745943 ], [ 139.740011, 35.745838 ], [ 139.740182, 35.74577 ], [ 139.740492, 35.745646 ], [ 139.74066, 35.745564 ], [ 139.740737, 35.745531 ], [ 139.741006, 35.745411 ], [ 139.741352, 35.745248 ], [ 139.741595, 35.745163 ] ] ] } },
{ "type": "Feature", "properties": { "key": "北区|西ケ原4丁目", "ward": "北区", "town": "西ケ原４丁目" }, "geometry": { "type": "Polygon", "coordinates": [ [ [ 139.736656, 35.7449 ], [ 139.736748, 35.744735 ], [ 139.736864, 35.744584 ], [ 139.737005, 35.744437 ], [ 139.737158, 35.744318 ], [ 139.737209, 35.744274 ], [ 139.737287, 35.744194 ], [ 139.737525, 35.743979 ], [ 139.737664, 35.743839 ], [ 139.737969, 35.743625 ], [ 139.738003, 35.743604 ], [ 139.738399, 35.743337 ], [ 139.738517, 35.743275 ], [ 139.738635, 35.743234 ], [ 139.73871, 35.743197 ], [ 139.738951, 35.743004 ], [ 139.7392, 35.742797 ], [ 139.739385, 35.742643 ], [ 139.739611, 35.742475 ], [ 139.739882, 35.742282 ], [ 139.740247, 35.741985 ], [ 139.739975, 35.74191 ], [ 139.739753, 35.741825 ], [ 139.739632, 35.741779 ], [ 139.739432, 35.741699 ], [ 139.739356, 35.741686 ], [ 139.738918, 35.741525 ], [ 139.7389, 35.741518 ], [ 139.738445, 35.741363 ], [ 139.738249, 35.741321 ], [ 139.738043, 35.741264 ], [ 139.737802, 35.741186 ], [ 139.737684, 35.741153 ], [ 139.737315, 35.741049 ], [ 139.736844, 35.740912 ], [ 139.736459, 35.740822 ], [ 139.736207, 35.740754 ], [ 139.73575, 35.740619 ], [ 139.735522, 35.740557 ], [ 139.735445, 35.740538 ], [ 139.735162, 35.740714 ], [ 139.735072, 35.740629 ], [ 139.734827, 35.740795 ], [ 139.734767, 35.740839 ], [ 139.73458, 35.741034 ], [ 139.734456, 35.741322 ], [ 139.734443, 35.741358 ], [ 139.734329, 35.741539 ], [ 139.734128, 35.74173 ], [ 139.734077, 35.741774 ], [ 139.734058, 35.741791 ], [ 139.733973, 35.741866 ], [ 139.733772, 35.742023 ], [ 139.733524, 35.742232 ], [ 139.733176, 35.742618 ], [ 139.73293, 35.742873 ], [ 139.732888, 35.742901 ], [ 139.732815, 35.74295 ], [ 139.732592, 35.743067 ], [ 139.732472, 35.743112 ], [ 139.732192, 35.743171 ], [ 139.73217, 35.743174 ], [ 139.73195, 35.743194 ], [ 139.731983, 35.743226 ], [ 139.732269, 35.743629 ], [ 139.732376, 35.743764 ], [ 139.732381, 35.74389 ], [ 139.732382, 35.743902 ], [ 139.73238, 35.744006 ], [ 139.732346, 35.744013 ], [ 139.732366, 35.744113 ], [ 139.732378, 35.744112 ], [ 139.732376, 35.744197 ], [ 139.732377, 35.744205 ], [ 139.732574, 35.744214 ], [ 139.732619, 35.744217 ], [ 139.732697, 35.744222 ], [ 139.732759, 35.744354 ], [ 139.732868, 35.744589 ], [ 139.732918, 35.744649 ], [ 139.732846, 35.744939 ], [ 139.733078, 35.744949 ], [ 139.733276, 35.744948 ], [ 139.733365, 35.744953 ], [ 139.733686, 35.744995 ], [ 139.734076, 35.745041 ], [ 139.734337, 35.745063 ], [ 139.734338, 35.745085 ], [ 139.734484, 35.745109 ], [ 139.734538, 35.745093 ], [ 139.734828, 35.74512 ], [ 139.735032, 35.745098 ], [ 139.735386, 35.745019 ], [ 139.735442, 35.745013 ], [ 139.735576, 35.745136 ], [ 139.735549, 35.745247 ], [ 139.735476, 35.745313 ], [ 139.735446, 35.745384 ], [ 139.735533, 35.745456 ], [ 139.735729, 35.745657 ], [ 139.735761, 35.745719 ], [ 139.735921, 35.745922 ], [ 139.736007, 35.745987 ], [ 139.736009, 35.746018 ], [ 139.736153, 35.746207 ], [ 139.736173, 35.746225 ], [ 139.736501, 35.745905 ], [ 139.736456, 35.74584 ], [ 139.736433, 35.745756 ], [ 139.736407, 35.745563 ], [ 139.73644, 35.745409 ], [ 139.73651, 35.745197 ], [ 139.736557, 35.745114 ], [ 139.736656, 35.7449 ] ] ] } },
{ "type": "Feature", "properties": { "key": "北区|栄町", "ward": "北区", "town": "栄町" }, "geometry": { "type": "Polygon", "coordinates": [ [ [ 139.742621, 35.751727 ], [ 139.742628, 35.751724 ], [ 139.743069, 35.751539 ], [ 139.743269, 35.75147 ], [ 139.743734, 35.751343 ], [ 139.744016, 35.751291 ], [ 139.744258, 35.751164 ], [ 139.744322, 35.751142 ], [ 139.744842, 35.751152 ], [ 139.74509, 35.751162 ], [ 139.745187, 35.751183 ], [ 139.745258, 35.751346 ], [ 139.745437, 35.751345 ], [ 139.74566, 35.751295 ], [ 139.745774, 35.751525 ], [ 139.745801, 35.751558 ], [ 139.746101, 35.751443 ], [ 139.746264, 35.751368 ], [ 139.746318, 35.751321 ], [ 139.746554, 35.75123 ], [ 139.746765, 35.751176 ], [ 139.747001, 35.75117 ], [ 139.746954, 35.750864 ], [ 139.746938, 35.750687 ], [ 139.746927, 35.750593 ], [ 139.746871, 35.750351 ], [ 139.746786, 35.750177 ], [ 139.746733, 35.750086 ], [ 139.746611, 35.749923 ], [ 139.746561, 35.749852 ], [ 139.746493, 35.74971 ], [ 139.746335, 35.749293 ], [ 139.74663, 35.749274 ], [ 139.74662, 35.749225 ], [ 139.746563, 35.749111 ], [ 139.746515, 35.749014 ], [ 139.746531, 35.748853 ], [ 139.746514, 35.748796 ], [ 139.746469, 35.748751 ], [ 139.746445, 35.748743 ], [ 139.746199, 35.748767 ], [ 139.746026, 35.748812 ], [ 139.745943, 35.748709 ], [ 139.745864, 35.748584 ], [ 139.745751, 35.748466 ], [ 139.745691, 35.748439 ], [ 139.745525, 35.748366 ], [ 139.74542, 35.748288 ], [ 139.745246, 35.748092 ], [ 139.745238, 35.748079 ], [ 139.7451, 35.747872 ], [ 139.74498, 35.747605 ], [ 139.744604, 35.747827 ], [ 139.744147, 35.748008 ], [ 139.743809, 35.748167 ], [ 139.743685, 35.748234 ], [ 139.74334, 35.748403 ], [ 139.742571, 35.748785 ], [ 139.742363, 35.748899 ], [ 139.74225, 35.748874 ], [ 139.742193, 35.748901 ], [ 139.741879, 35.749091 ], [ 139.74168, 35.749249 ], [ 139.741399, 35.749458 ], [ 139.741194, 35.749635 ], [ 139.740714, 35.75 ], [ 139.740574, 35.750124 ], [ 139.740234, 35.750362 ], [ 139.739844, 35.750619 ], [ 139.73969, 35.750738 ], [ 139.739816, 35.75087 ], [ 139.740214, 35.750889 ], [ 139.740187, 35.751001 ], [ 139.74021, 35.75103 ], [ 139.740251, 35.751045 ], [ 139.740443, 35.751201 ], [ 139.740564, 35.751278 ], [ 139.740819, 35.751419 ], [ 139.740974, 35.751516 ], [ 139.741068, 35.751602 ], [ 139.741229, 35.751841 ], [ 139.741279, 35.751894 ], [ 139.74147, 35.75181 ], [ 139.741552, 35.75176 ], [ 139.741863, 35.752084 ], [ 139.741997, 35.752017 ], [ 139.742032, 35.752001 ], [ 139.742103, 35.751954 ], [ 139.742476, 35.751797 ], [ 139.742621, 35.751727 ] ] ] } },
{ "type": "Feature", "properties": { "key": "北区|上中里1丁目", "ward": "北区", "town": "上中里１丁目" }, "geometry": { "type": "Polygon", "coordinates": [ [ [ 139.746613, 35.746438 ], [ 139.746696, 35.746549 ], [ 139.746664, 35.746591 ], [ 139.746715, 35.746635 ], [ 139.746797, 35.746589 ], [ 139.746778, 35.746563 ], [ 139.746997, 35.746443 ], [ 139.747026, 35.746477 ], [ 139.747162, 35.746387 ], [ 139.747324, 35.746297 ], [ 139.74746, 35.746238 ], [ 139.74757, 35.746201 ], [ 139.74767, 35.746137 ], [ 139.747864, 35.746036 ], [ 139.748318, 35.745795 ], [ 139.748445, 35.745736 ], [ 139.748611, 35.745636 ], [ 139.748843, 35.745451 ], [ 139.749414, 35.74511 ], [ 139.749944, 35.744768 ], [ 139.75025, 35.744567 ], [ 139.750723, 35.744322 ], [ 139.750886, 35.74424 ], [ 139.751034, 35.744152 ], [ 139.751506, 35.74393 ], [ 139.751805, 35.743791 ], [ 139.75206, 35.743646 ], [ 139.752142, 35.74359 ], [ 139.752039, 35.743475 ], [ 139.75194, 35.743378 ], [ 139.751839, 35.743311 ], [ 139.751501, 35.743111 ], [ 139.751389, 35.743045 ], [ 139.751128, 35.742891 ], [ 139.751124, 35.742863 ], [ 139.751122, 35.742855 ], [ 139.751117, 35.742824 ], [ 139.751102, 35.742779 ], [ 139.750947, 35.742475 ], [ 139.750755, 35.7421 ], [ 139.750715, 35.742031 ], [ 139.750555, 35.742075 ], [ 139.749969, 35.742301 ], [ 139.749986, 35.742363 ], [ 139.749922, 35.742426 ], [ 139.74994, 35.742534 ], [ 139.750004, 35.742734 ], [ 139.750029, 35.742756 ], [ 139.749629, 35.742845 ], [ 139.749158, 35.742948 ], [ 139.749024, 35.742972 ], [ 139.748429, 35.743132 ], [ 139.748507, 35.74336 ], [ 139.748168, 35.743543 ], [ 139.748034, 35.743597 ], [ 139.747821, 35.743683 ], [ 139.747681, 35.743727 ], [ 139.74765, 35.743736 ], [ 139.747474, 35.743791 ], [ 139.747449, 35.743799 ], [ 139.747165, 35.743877 ], [ 139.747117, 35.743887 ], [ 139.746501, 35.744011 ], [ 139.746191, 35.744093 ], [ 139.745571, 35.744261 ], [ 139.745548, 35.744244 ], [ 139.745443, 35.744004 ], [ 139.745375, 35.744075 ], [ 139.745309, 35.744092 ], [ 139.745261, 35.744139 ], [ 139.745029, 35.744252 ], [ 139.745176, 35.74454 ], [ 139.745245, 35.744648 ], [ 139.745312, 35.744625 ], [ 139.745359, 35.744733 ], [ 139.745382, 35.744918 ], [ 139.745418, 35.744991 ], [ 139.745709, 35.74569 ], [ 139.745802, 35.745917 ], [ 139.745818, 35.746126 ], [ 139.745812, 35.746217 ], [ 139.74578, 35.746283 ], [ 139.745733, 35.746317 ], [ 139.745743, 35.746495 ], [ 139.745727, 35.746591 ], [ 139.745687, 35.746676 ], [ 139.74581, 35.74675 ], [ 139.746613, 35.746438 ] ] ] } },
{ "type": "Feature", "properties": { "key": "北区|上中里2丁目", "ward": "北区", "town": "上中里２丁目" }, "geometry": { "type": "Polygon", "coordinates": [ [ [ 139.749299, 35.748715 ], [ 139.749757, 35.748554 ], [ 139.750151, 35.748397 ], [ 139.75065, 35.748207 ], [ 139.751307, 35.747962 ], [ 139.751488, 35.747879 ], [ 139.752413, 35.747496 ], [ 139.75266, 35.747389 ], [ 139.75333, 35.747143 ], [ 139.753631, 35.747027 ], [ 139.753937, 35.746903 ], [ 139.754408, 35.746711 ], [ 139.755028, 35.746438 ], [ 139.755133, 35.746391 ], [ 139.755494, 35.746211 ], [ 139.755832, 35.746037 ], [ 139.756092, 35.745882 ], [ 139.756884, 35.745387 ], [ 139.757202, 35.745181 ], [ 139.757297, 35.745123 ], [ 139.757449, 35.745031 ], [ 139.757466, 35.745004 ], [ 139.757247, 35.744763 ], [ 139.757059, 35.74476 ], [ 139.756868, 35.744736 ], [ 139.756797, 35.744615 ], [ 139.756741, 35.744447 ], [ 139.756636, 35.744212 ], [ 139.756576, 35.743992 ], [ 139.756488, 35.743744 ], [ 139.756431, 35.743556 ], [ 139.756418, 35.743513 ], [ 139.756381, 35.74339 ], [ 139.756339, 35.742962 ], [ 139.756162, 35.742399 ], [ 139.756098, 35.74224 ], [ 139.75603, 35.74223 ], [ 139.755836, 35.742156 ], [ 139.755499, 35.74179 ], [ 139.755489, 35.741779 ], [ 139.755471, 35.74179 ], [ 139.755028, 35.742053 ], [ 139.754851, 35.742159 ], [ 139.754747, 35.742182 ], [ 139.754563, 35.742092 ], [ 139.754513, 35.742105 ], [ 139.754453, 35.742166 ], [ 139.754316, 35.742383 ], [ 139.754223, 35.742468 ], [ 139.754191, 35.742497 ], [ 139.753677, 35.742882 ], [ 139.753022, 35.743158 ], [ 139.752431, 35.743428 ], [ 139.752341, 35.743484 ], [ 139.752222, 35.743534 ], [ 139.752142, 35.74359 ], [ 139.75206, 35.743646 ], [ 139.751805, 35.743791 ], [ 139.751506, 35.74393 ], [ 139.751034, 35.744152 ], [ 139.750886, 35.74424 ], [ 139.750723, 35.744322 ], [ 139.75025, 35.744567 ], [ 139.749944, 35.744768 ], [ 139.749414, 35.74511 ], [ 139.748843, 35.745451 ], [ 139.748611, 35.745636 ], [ 139.748445, 35.745736 ], [ 139.748318, 35.745795 ], [ 139.747864, 35.746036 ], [ 139.74767, 35.746137 ], [ 139.74757, 35.746201 ], [ 139.74746, 35.746238 ], [ 139.747324, 35.746297 ], [ 139.747162, 35.746387 ], [ 139.747026, 35.746477 ], [ 139.746997, 35.746443 ], [ 139.746778, 35.746563 ], [ 139.746797, 35.746589 ], [ 139.746715, 35.746635 ], [ 139.746221, 35.746919 ], [ 139.745728, 35.747184 ], [ 139.745057, 35.747566 ], [ 139.74498, 35.747605 ], [ 139.7451, 35.747872 ], [ 139.745238, 35.748079 ], [ 139.745246, 35.748092 ], [ 139.74542, 35.748288 ], [ 139.745525, 35.748366 ], [ 139.745691, 35.748439 ], [ 139.745751, 35.748466 ], [ 139.745864, 35.748584 ], [ 139.745943, 35.748709 ], [ 139.746026, 35.748812 ], [ 139.746199, 35.748767 ], [ 139.746445, 35.748743 ], [ 139.746469, 35.748751 ], [ 139.746514, 35.748796 ], [ 139.746531, 35.748853 ], [ 139.746515, 35.749014 ], [ 139.746563, 35.749111 ], [ 139.74662, 35.749225 ], [ 139.74663, 35.749274 ], [ 139.746666, 35.749272 ], [ 139.747159, 35.749234 ], [ 139.747428, 35.749214 ], [ 139.747936, 35.749095 ], [ 139.748693, 35.748936 ], [ 139.749299, 35.748715 ] ] ] } },
{ "type": "Feature", "properties": { "key": "北区|上中里3丁目", "ward": "北区", "town": "上中里３丁目" }, "geometry": { "type": "Polygon", "coordinates": [ [ [ 139.747791, 35.751091 ], [ 139.747924, 35.750997 ], [ 139.74812, 35.750862 ], [ 139.748247, 35.750928 ], [ 139.748399, 35.750879 ], [ 139.748409, 35.750859 ], [ 139.748434, 35.750845 ], [ 139.748571, 35.751082 ], [ 139.749066, 35.751055 ], [ 139.749313, 35.751042 ], [ 139.74958, 35.751048 ], [ 139.749799, 35.750992 ], [ 139.749844, 35.750966 ], [ 139.749835, 35.750782 ], [ 139.749801, 35.750704 ], [ 139.749731, 35.750539 ], [ 139.749625, 35.750292 ], [ 139.749578, 35.750194 ], [ 139.74947, 35.74997 ], [ 139.749418, 35.749863 ], [ 139.749204, 35.749597 ], [ 139.749059, 35.749423 ], [ 139.748884, 35.749188 ], [ 139.748793, 35.749067 ], [ 139.748693, 35.748936 ], [ 139.747936, 35.749095 ], [ 139.747428, 35.749214 ], [ 139.747159, 35.749234 ], [ 139.746666, 35.749272 ], [ 139.74663, 35.749274 ], [ 139.746335, 35.749293 ], [ 139.746493, 35.74971 ], [ 139.746561, 35.749852 ], [ 139.746611, 35.749923 ], [ 139.746733, 35.750086 ], [ 139.746786, 35.750177 ], [ 139.746871, 35.750351 ], [ 139.746927, 35.750593 ], [ 139.746938, 35.750687 ], [ 139.746954, 35.750864 ], [ 139.747001, 35.75117 ], [ 139.747157, 35.751171 ], [ 139.747307, 35.75117 ], [ 139.747703, 35.751171 ], [ 139.747791, 35.751091 ] ] ] } },
{ "type": "Feature", "properties": { "key": "北区|中里1丁目", "ward": "北区", "town": "中里１丁目" }, "geometry": { "type": "Polygon", "coordinates": [ [ [ 139.751157, 35.735794 ], [ 139.751079, 35.735854 ], [ 139.750812, 35.735985 ], [ 139.750514, 35.736123 ], [ 139.750494, 35.736133 ], [ 139.750256, 35.736258 ], [ 139.749987, 35.736421 ], [ 139.749892, 35.736479 ], [ 139.74967, 35.736643 ], [ 139.749505, 35.736796 ], [ 139.749501, 35.736801 ], [ 139.749325, 35.737064 ], [ 139.74924, 35.737233 ], [ 139.749229, 35.737258 ], [ 139.749149, 35.737442 ], [ 139.749109, 35.737524 ], [ 139.74973, 35.737797 ], [ 139.750083, 35.737969 ], [ 139.750126, 35.73799 ], [ 139.750539, 35.738189 ], [ 139.750636, 35.738235 ], [ 139.751038, 35.738419 ], [ 139.751572, 35.738661 ], [ 139.752161, 35.73898 ], [ 139.752443, 35.739141 ], [ 139.752668, 35.739278 ], [ 139.753072, 35.739506 ], [ 139.753303, 35.739632 ], [ 139.75375, 35.739813 ], [ 139.75399, 35.739934 ], [ 139.754231, 35.740068 ], [ 139.754248, 35.740073 ], [ 139.754164, 35.739874 ], [ 139.754226, 35.739758 ], [ 139.754214, 35.739677 ], [ 139.754115, 35.739472 ], [ 139.754073, 35.739366 ], [ 139.753984, 35.739188 ], [ 139.753844, 35.738945 ], [ 139.753789, 35.738809 ], [ 139.753764, 35.738772 ], [ 139.753584, 35.738509 ], [ 139.753529, 35.738428 ], [ 139.753171, 35.738093 ], [ 139.752793, 35.737738 ], [ 139.752685, 35.737637 ], [ 139.752524, 35.737427 ], [ 139.752516, 35.737416 ], [ 139.752283, 35.737112 ], [ 139.752064, 35.736827 ], [ 139.751916, 35.736625 ], [ 139.75187, 35.73658 ], [ 139.751706, 35.736387 ], [ 139.751561, 35.736218 ], [ 139.751453, 35.736115 ], [ 139.751399, 35.736049 ], [ 139.75129, 35.735916 ], [ 139.751157, 35.735794 ] ] ] } },
{ "type": "Feature", "properties": { "key": "北区|中里2丁目", "ward": "北区", "town": "中里２丁目" }, "geometry": { "type": "Polygon", "coordinates": [ [ [ 139.75077, 35.739566 ], [ 139.750811, 35.739613 ], [ 139.75091, 35.739601 ], [ 139.751638, 35.739376 ], [ 139.751724, 35.739353 ], [ 139.752008, 35.739265 ], [ 139.752443, 35.739141 ], [ 139.752161, 35.73898 ], [ 139.751572, 35.738661 ], [ 139.751038, 35.738419 ], [ 139.750636, 35.738235 ], [ 139.750539, 35.738189 ], [ 139.750126, 35.73799 ], [ 139.750083, 35.737969 ], [ 139.74973, 35.737797 ], [ 139.749109, 35.737524 ], [ 139.749107, 35.737529 ], [ 139.748925, 35.737866 ], [ 139.74892, 35.737876 ], [ 139.748796, 35.738087 ], [ 139.748669, 35.738331 ], [ 139.748636, 35.738395 ], [ 139.74852, 35.73861 ], [ 139.748405, 35.7388 ], [ 139.748379, 35.738818 ], [ 139.748171, 35.738963 ], [ 139.748108, 35.739007 ], [ 139.74787, 35.739164 ], [ 139.747826, 35.739193 ], [ 139.748142, 35.739649 ], [ 139.747952, 35.739769 ], [ 139.748114, 35.740098 ], [ 139.748288, 35.740403 ], [ 139.748458, 35.740719 ], [ 139.748803, 35.74056 ], [ 139.748836, 35.740543 ], [ 139.749004, 35.740459 ], [ 139.749278, 35.740283 ], [ 139.749415, 35.740163 ], [ 139.749565, 35.740047 ], [ 139.749746, 35.739902 ], [ 139.749879, 35.739859 ], [ 139.750037, 35.739804 ], [ 139.750182, 35.739741 ], [ 139.750387, 35.739673 ], [ 139.75077, 35.739566 ] ] ] } },
{ "type": "Feature", "properties": { "key": "北区|中里3丁目", "ward": "北区", "town": "中里３丁目" }, "geometry": { "type": "Polygon", "coordinates": [ [ [ 139.754563, 35.742092 ], [ 139.754747, 35.742182 ], [ 139.754851, 35.742159 ], [ 139.755028, 35.742053 ], [ 139.755471, 35.74179 ], [ 139.755489, 35.741779 ], [ 139.755382, 35.741677 ], [ 139.755158, 35.741523 ], [ 139.755152, 35.741313 ], [ 139.75479, 35.741283 ], [ 139.754675, 35.741166 ], [ 139.754432, 35.740917 ], [ 139.754546, 35.740855 ], [ 139.754499, 35.740721 ], [ 139.754319, 35.740275 ], [ 139.754248, 35.740073 ], [ 139.754231, 35.740068 ], [ 139.75399, 35.739934 ], [ 139.75375, 35.739813 ], [ 139.753303, 35.739632 ], [ 139.753072, 35.739506 ], [ 139.752668, 35.739278 ], [ 139.752443, 35.739141 ], [ 139.752008, 35.739265 ], [ 139.751724, 35.739353 ], [ 139.751638, 35.739376 ], [ 139.75091, 35.739601 ], [ 139.750811, 35.739613 ], [ 139.75077, 35.739566 ], [ 139.750387, 35.739673 ], [ 139.750182, 35.739741 ], [ 139.750037, 35.739804 ], [ 139.749879, 35.739859 ], [ 139.749746, 35.739902 ], [ 139.749565, 35.740047 ], [ 139.749415, 35.740163 ], [ 139.749278, 35.740283 ], [ 139.749004, 35.740459 ], [ 139.748836, 35.740543 ], [ 139.749103, 35.740888 ], [ 139.749337, 35.741187 ], [ 139.749587, 35.741513 ], [ 139.749659, 35.741637 ], [ 139.749661, 35.74164 ], [ 139.74972, 35.741743 ], [ 139.749783, 35.741882 ], [ 139.749786, 35.74189 ], [ 139.749969, 35.742301 ], [ 139.750555, 35.742075 ], [ 139.750715, 35.742031 ], [ 139.750755, 35.7421 ], [ 139.750947, 35.742475 ], [ 139.751102, 35.742779 ], [ 139.751117, 35.742824 ], [ 139.751122, 35.742855 ], [ 139.751124, 35.742863 ], [ 139.751128, 35.742891 ], [ 139.751389, 35.743045 ], [ 139.751501, 35.743111 ], [ 139.751839, 35.743311 ], [ 139.75194, 35.743378 ], [ 139.752039, 35.743475 ], [ 139.752142, 35.74359 ], [ 139.752222, 35.743534 ], [ 139.752341, 35.743484 ], [ 139.752431, 35.743428 ], [ 139.753022, 35.743158 ], [ 139.753677, 35.742882 ], [ 139.754191, 35.742497 ], [ 139.754223, 35.742468 ], [ 139.754316, 35.742383 ], [ 139.754453, 35.742166 ], [ 139.754513, 35.742105 ], [ 139.754563, 35.742092 ] ] ] } },
{ "type": "Feature", "properties": { "key": "北区|昭和町1丁目", "ward": "北区", "town": "昭和町１丁目" }, "geometry": { "type": "Polygon", "coordinates": [ [ [ 139.755381, 35.747487 ], [ 139.755941, 35.74749 ], [ 139.756531, 35.74748 ], [ 139.756552, 35.74748 ], [ 139.756567, 35.747479 ], [ 139.757453, 35.747469 ], [ 139.757468, 35.747469 ], [ 139.757967, 35.747461 ], [ 139.757967, 35.747457 ], [ 139.757967, 35.747436 ], [ 139.757967, 35.747414 ], [ 139.757965, 35.747098 ], [ 139.757964, 35.747088 ], [ 139.75797, 35.74686 ], [ 139.757968, 35.746796 ], [ 139.75796, 35.746569 ], [ 139.757954, 35.746131 ], [ 139.757917, 35.746088 ], [ 139.757898, 35.746066 ], [ 139.757722, 35.745859 ], [ 139.757535, 35.745596 ], [ 139.757498, 35.745549 ], [ 139.757263, 35.745258 ], [ 139.757202, 35.745181 ], [ 139.756884, 35.745387 ], [ 139.756092, 35.745882 ], [ 139.755832, 35.746037 ], [ 139.755494, 35.746211 ], [ 139.755133, 35.746391 ], [ 139.755028, 35.746438 ], [ 139.754408, 35.746711 ], [ 139.754688, 35.74706 ], [ 139.754739, 35.747033 ], [ 139.75478, 35.747081 ], [ 139.755014, 35.747366 ], [ 139.755199, 35.747574 ], [ 139.75535, 35.747487 ], [ 139.755381, 35.747487 ] ] ] } },
{ "type": "Feature", "properties": { "key": "北区|昭和町2丁目", "ward": "北区", "town": "昭和町２丁目" }, "geometry": { "type": "Polygon", "coordinates": [ [ [ 139.754739, 35.747033 ], [ 139.754688, 35.74706 ], [ 139.754408, 35.746711 ], [ 139.753937, 35.746903 ], [ 139.753631, 35.747027 ], [ 139.75333, 35.747143 ], [ 139.75266, 35.747389 ], [ 139.752413, 35.747496 ], [ 139.751488, 35.747879 ], [ 139.751307, 35.747962 ], [ 139.751479, 35.748173 ], [ 139.751658, 35.748391 ], [ 139.751879, 35.748658 ], [ 139.752102, 35.748942 ], [ 139.752279, 35.749164 ], [ 139.752384, 35.749283 ], [ 139.752699, 35.749272 ], [ 139.753455, 35.749229 ], [ 139.753466, 35.749228 ], [ 139.754118, 35.749198 ], [ 139.754572, 35.749177 ], [ 139.754584, 35.749176 ], [ 139.754577, 35.748921 ], [ 139.755229, 35.748888 ], [ 139.755208, 35.748616 ], [ 139.755207, 35.748604 ], [ 139.755202, 35.748349 ], [ 139.755196, 35.7481 ], [ 139.754916, 35.747734 ], [ 139.755182, 35.747583 ], [ 139.755199, 35.747574 ], [ 139.755014, 35.747366 ], [ 139.75478, 35.747081 ], [ 139.754739, 35.747033 ] ] ] } },
{ "type": "Feature", "properties": { "key": "北区|昭和町3丁目", "ward": "北区", "town": "昭和町３丁目" }, "geometry": { "type": "Polygon", "coordinates": [ [ [ 139.751024, 35.749542 ], [ 139.751195, 35.749748 ], [ 139.751215, 35.749738 ], [ 139.751508, 35.74958 ], [ 139.752279, 35.749164 ], [ 139.752102, 35.748942 ], [ 139.751879, 35.748658 ], [ 139.751658, 35.748391 ], [ 139.751479, 35.748173 ], [ 139.751307, 35.747962 ], [ 139.75065, 35.748207 ], [ 139.750151, 35.748397 ], [ 139.749757, 35.748554 ], [ 139.749299, 35.748715 ], [ 139.748693, 35.748936 ], [ 139.748793, 35.749067 ], [ 139.748884, 35.749188 ], [ 139.749059, 35.749423 ], [ 139.749204, 35.749597 ], [ 139.749418, 35.749863 ], [ 139.74947, 35.74997 ], [ 139.749578, 35.750194 ], [ 139.749625, 35.750292 ], [ 139.751024, 35.749542 ] ] ] } },
{ "type": "Feature", "properties": { "key": "北区|田端新町1丁目", "ward": "北区", "town": "田端新町１丁目" }, "geometry": { "type": "Polygon", "coordinates": [ [ [ 139.769122, 35.738977 ], [ 139.76918, 35.738961 ], [ 139.769315, 35.739112 ], [ 139.769427, 35.739216 ], [ 139.769833, 35.739014 ], [ 139.769877, 35.739035 ], [ 139.769986, 35.738835 ], [ 139.77009, 35.738718 ], [ 139.77029, 35.738549 ], [ 139.770304, 35.738431 ], [ 139.770301, 35.738406 ], [ 139.770528, 35.73841 ], [ 139.770606, 35.738408 ], [ 139.770616, 35.738381 ], [ 139.770645, 35.738294 ], [ 139.770683, 35.73818 ], [ 139.770869, 35.73795 ], [ 139.770783, 35.737923 ], [ 139.770576, 35.737849 ], [ 139.770414, 35.737791 ], [ 139.770132, 35.737704 ], [ 139.769759, 35.73759 ], [ 139.769563, 35.737517 ], [ 139.769153, 35.737373 ], [ 139.769097, 35.737352 ], [ 139.768885, 35.737273 ], [ 139.768857, 35.737262 ], [ 139.768752, 35.737223 ], [ 139.768479, 35.73714 ], [ 139.768463, 35.737134 ], [ 139.768088, 35.737001 ], [ 139.767952, 35.736967 ], [ 139.767916, 35.736954 ], [ 139.767389, 35.736766 ], [ 139.767381, 35.736764 ], [ 139.766791, 35.736557 ], [ 139.766784, 35.736554 ], [ 139.766329, 35.736393 ], [ 139.765871, 35.736228 ], [ 139.76587, 35.736238 ], [ 139.765767, 35.736548 ], [ 139.765686, 35.736707 ], [ 139.765637, 35.73687 ], [ 139.76547, 35.737375 ], [ 139.76539, 35.73762 ], [ 139.765333, 35.737731 ], [ 139.76522, 35.738013 ], [ 139.765062, 35.738526 ], [ 139.765008, 35.738659 ], [ 139.76527, 35.738771 ], [ 139.765355, 35.738816 ], [ 139.765959, 35.739038 ], [ 139.766031, 35.739065 ], [ 139.766086, 35.739087 ], [ 139.766169, 35.739112 ], [ 139.76629, 35.739117 ], [ 139.766839, 35.739102 ], [ 139.767319, 35.739106 ], [ 139.768128, 35.739095 ], [ 139.768307, 35.739105 ], [ 139.768637, 35.739124 ], [ 139.768654, 35.739248 ], [ 139.768665, 35.739241 ], [ 139.769122, 35.738977 ] ] ] } },
{ "type": "Feature", "properties": { "key": "北区|田端新町2丁目", "ward": "北区", "town": "田端新町２丁目" }, "geometry": { "type": "Polygon", "coordinates": [ [ [ 139.766882, 35.741448 ], [ 139.766919, 35.741454 ], [ 139.766926, 35.741454 ], [ 139.766947, 35.741468 ], [ 139.76698, 35.741489 ], [ 139.76739, 35.741464 ], [ 139.76779, 35.741431 ], [ 139.767804, 35.74143 ], [ 139.767831, 35.741429 ], [ 139.768142, 35.741408 ], [ 139.768161, 35.741405 ], [ 139.768196, 35.741401 ], [ 139.768161, 35.741062 ], [ 139.768163, 35.74104 ], [ 139.768205, 35.740856 ], [ 139.768275, 35.740617 ], [ 139.768292, 35.74059 ], [ 139.768334, 35.740416 ], [ 139.768344, 35.740268 ], [ 139.768347, 35.74021 ], [ 139.768415, 35.739959 ], [ 139.76846, 35.739844 ], [ 139.768773, 35.739881 ], [ 139.768747, 35.739749 ], [ 139.768743, 35.739725 ], [ 139.768715, 35.739562 ], [ 139.768665, 35.739241 ], [ 139.768654, 35.739248 ], [ 139.768637, 35.739124 ], [ 139.768307, 35.739105 ], [ 139.768128, 35.739095 ], [ 139.767319, 35.739106 ], [ 139.766839, 35.739102 ], [ 139.76629, 35.739117 ], [ 139.766169, 35.739112 ], [ 139.766086, 35.739087 ], [ 139.766031, 35.739065 ], [ 139.765959, 35.739038 ], [ 139.765355, 35.738816 ], [ 139.76527, 35.738771 ], [ 139.765008, 35.738659 ], [ 139.764927, 35.738885 ], [ 139.764791, 35.739188 ], [ 139.764694, 35.73935 ], [ 139.764659, 35.739436 ], [ 139.764503, 35.739707 ], [ 139.76436, 35.739914 ], [ 139.764097, 35.740276 ], [ 139.764053, 35.740277 ], [ 139.763979, 35.740332 ], [ 139.763987, 35.740368 ], [ 139.764239, 35.740671 ], [ 139.764454, 35.740918 ], [ 139.764643, 35.741138 ], [ 139.764903, 35.741418 ], [ 139.765159, 35.741716 ], [ 139.765227, 35.741796 ], [ 139.765339, 35.741927 ], [ 139.765567, 35.74189 ], [ 139.765631, 35.741796 ], [ 139.765704, 35.741601 ], [ 139.766003, 35.741557 ], [ 139.76617, 35.741548 ], [ 139.766198, 35.741547 ], [ 139.766235, 35.741542 ], [ 139.766447, 35.741516 ], [ 139.766882, 35.741448 ] ] ] } },
{ "type": "Feature", "properties": { "key": "北区|田端新町3丁目", "ward": "北区", "town": "田端新町３丁目" }, "geometry": { "type": "Polygon", "coordinates": [ [ [ 139.764172, 35.743481 ], [ 139.764146, 35.743249 ], [ 139.764158, 35.743032 ], [ 139.764159, 35.743005 ], [ 139.764162, 35.742856 ], [ 139.76411, 35.742783 ], [ 139.764211, 35.742664 ], [ 139.764457, 35.742451 ], [ 139.76457, 35.742377 ], [ 139.764806, 35.74225 ], [ 139.764997, 35.742151 ], [ 139.765255, 35.741968 ], [ 139.765306, 35.741943 ], [ 139.765339, 35.741927 ], [ 139.765227, 35.741796 ], [ 139.765159, 35.741716 ], [ 139.764903, 35.741418 ], [ 139.764643, 35.741138 ], [ 139.764454, 35.740918 ], [ 139.764239, 35.740671 ], [ 139.763987, 35.740368 ], [ 139.763872, 35.740472 ], [ 139.763748, 35.740604 ], [ 139.763603, 35.740775 ], [ 139.763483, 35.7409 ], [ 139.763132, 35.741268 ], [ 139.76271, 35.74169 ], [ 139.762579, 35.741795 ], [ 139.762342, 35.741988 ], [ 139.761893, 35.742315 ], [ 139.761544, 35.742561 ], [ 139.761214, 35.742764 ], [ 139.760568, 35.74314 ], [ 139.760083, 35.743425 ], [ 139.760303, 35.743689 ], [ 139.760473, 35.743893 ], [ 139.760661, 35.743791 ], [ 139.76067, 35.743787 ], [ 139.760937, 35.74365 ], [ 139.76102, 35.743672 ], [ 139.761136, 35.743703 ], [ 139.761482, 35.743648 ], [ 139.761523, 35.743642 ], [ 139.761855, 35.74359 ], [ 139.76185, 35.743564 ], [ 139.761845, 35.743538 ], [ 139.762315, 35.743615 ], [ 139.762326, 35.743587 ], [ 139.762331, 35.743577 ], [ 139.762524, 35.743672 ], [ 139.762547, 35.743683 ], [ 139.762652, 35.74353 ], [ 139.762676, 35.743495 ], [ 139.763069, 35.743622 ], [ 139.763107, 35.743645 ], [ 139.763187, 35.743693 ], [ 139.763115, 35.743868 ], [ 139.763277, 35.743898 ], [ 139.76335, 35.7439 ], [ 139.763565, 35.743911 ], [ 139.763669, 35.743934 ], [ 139.764069, 35.744106 ], [ 139.764085, 35.744108 ], [ 139.764163, 35.743779 ], [ 139.76424, 35.743621 ], [ 139.764246, 35.743609 ], [ 139.76424, 35.743597 ], [ 139.764172, 35.743481 ] ] ] } },
{ "type": "Feature", "properties": { "key": "北区|東田端1丁目", "ward": "北区", "town": "東田端１丁目" }, "geometry": { "type": "Polygon", "coordinates": [ [ [ 139.764659, 35.739436 ], [ 139.764694, 35.73935 ], [ 139.764791, 35.739188 ], [ 139.764927, 35.738885 ], [ 139.765008, 35.738659 ], [ 139.765062, 35.738526 ], [ 139.76522, 35.738013 ], [ 139.765333, 35.737731 ], [ 139.76539, 35.73762 ], [ 139.76547, 35.737375 ], [ 139.765637, 35.73687 ], [ 139.765686, 35.736707 ], [ 139.765767, 35.736548 ], [ 139.76587, 35.736238 ], [ 139.765792, 35.736209 ], [ 139.765705, 35.736172 ], [ 139.765459, 35.736114 ], [ 139.765394, 35.736082 ], [ 139.765265, 35.736012 ], [ 139.765231, 35.735989 ], [ 139.765029, 35.735881 ], [ 139.764857, 35.735814 ], [ 139.763612, 35.735389 ], [ 139.7636, 35.735384 ], [ 139.763509, 35.735315 ], [ 139.763311, 35.735477 ], [ 139.763256, 35.735522 ], [ 139.763045, 35.735688 ], [ 139.762977, 35.735742 ], [ 139.762994, 35.735755 ], [ 139.763132, 35.735867 ], [ 139.763021, 35.735967 ], [ 139.762868, 35.736138 ], [ 139.762718, 35.73603 ], [ 139.76261, 35.736061 ], [ 139.762545, 35.73612 ], [ 139.762189, 35.736454 ], [ 139.762031, 35.736545 ], [ 139.761829, 35.736625 ], [ 139.761651, 35.736649 ], [ 139.761494, 35.736617 ], [ 139.761472, 35.736633 ], [ 139.761773, 35.736749 ], [ 139.761805, 35.736814 ], [ 139.761736, 35.736942 ], [ 139.761533, 35.737131 ], [ 139.761483, 35.737131 ], [ 139.761374, 35.737204 ], [ 139.761295, 35.737217 ], [ 139.761087, 35.73738 ], [ 139.760926, 35.737581 ], [ 139.760863, 35.737657 ], [ 139.760499, 35.737956 ], [ 139.760449, 35.738065 ], [ 139.760302, 35.738287 ], [ 139.761035, 35.738745 ], [ 139.761698, 35.73917 ], [ 139.761843, 35.73927 ], [ 139.761861, 35.739282 ], [ 139.761703, 35.739449 ], [ 139.761744, 35.739492 ], [ 139.761823, 35.73954 ], [ 139.76203, 35.739664 ], [ 139.762099, 35.73971 ], [ 139.762261, 35.739715 ], [ 139.762613, 35.739701 ], [ 139.762725, 35.739675 ], [ 139.762781, 35.739643 ], [ 139.76288, 35.739701 ], [ 139.763128, 35.739725 ], [ 139.763114, 35.739782 ], [ 139.76332, 35.739941 ], [ 139.763644, 35.740155 ], [ 139.763979, 35.740332 ], [ 139.764053, 35.740277 ], [ 139.764097, 35.740276 ], [ 139.76436, 35.739914 ], [ 139.764503, 35.739707 ], [ 139.764659, 35.739436 ] ] ] } },
{ "type": "Feature", "properties": { "key": "北区|東田端2丁目", "ward": "北区", "town": "東田端２丁目" }, "geometry": { "type": "Polygon", "coordinates": [ [ [ 139.763114, 35.739782 ], [ 139.763128, 35.739725 ], [ 139.76288, 35.739701 ], [ 139.762781, 35.739643 ], [ 139.762725, 35.739675 ], [ 139.762613, 35.739701 ], [ 139.762261, 35.739715 ], [ 139.762099, 35.73971 ], [ 139.76203, 35.739664 ], [ 139.761823, 35.73954 ], [ 139.761744, 35.739492 ], [ 139.761703, 35.739449 ], [ 139.761861, 35.739282 ], [ 139.761843, 35.73927 ], [ 139.761698, 35.73917 ], [ 139.761035, 35.738745 ], [ 139.760302, 35.738287 ], [ 139.759662, 35.738821 ], [ 139.75928, 35.739125 ], [ 139.758792, 35.739427 ], [ 139.758601, 35.739556 ], [ 139.758633, 35.73958 ], [ 139.758289, 35.739843 ], [ 139.758252, 35.739813 ], [ 139.757982, 35.740019 ], [ 139.757776, 35.740197 ], [ 139.757463, 35.740448 ], [ 139.757199, 35.740677 ], [ 139.756964, 35.740903 ], [ 139.756776, 35.741064 ], [ 139.756397, 35.741283 ], [ 139.756392, 35.741286 ], [ 139.75612, 35.74144 ], [ 139.755801, 35.741603 ], [ 139.755489, 35.741779 ], [ 139.755499, 35.74179 ], [ 139.755836, 35.742156 ], [ 139.75603, 35.74223 ], [ 139.756098, 35.74224 ], [ 139.756162, 35.742399 ], [ 139.756339, 35.742962 ], [ 139.756381, 35.74339 ], [ 139.756418, 35.743513 ], [ 139.756431, 35.743556 ], [ 139.756488, 35.743744 ], [ 139.756576, 35.743992 ], [ 139.756636, 35.744212 ], [ 139.756741, 35.744447 ], [ 139.756797, 35.744615 ], [ 139.756868, 35.744736 ], [ 139.757059, 35.74476 ], [ 139.757247, 35.744763 ], [ 139.757466, 35.745004 ], [ 139.757449, 35.745031 ], [ 139.757845, 35.744779 ], [ 139.758487, 35.744374 ], [ 139.7585, 35.744365 ], [ 139.758634, 35.744282 ], [ 139.759286, 35.743904 ], [ 139.759301, 35.743895 ], [ 139.759463, 35.743801 ], [ 139.760048, 35.743446 ], [ 139.760083, 35.743425 ], [ 139.760568, 35.74314 ], [ 139.761214, 35.742764 ], [ 139.761544, 35.742561 ], [ 139.761893, 35.742315 ], [ 139.762342, 35.741988 ], [ 139.762579, 35.741795 ], [ 139.76271, 35.74169 ], [ 139.763132, 35.741268 ], [ 139.763483, 35.7409 ], [ 139.763603, 35.740775 ], [ 139.763748, 35.740604 ], [ 139.763872, 35.740472 ], [ 139.763987, 35.740368 ], [ 139.763979, 35.740332 ], [ 139.763644, 35.740155 ], [ 139.76332, 35.739941 ], [ 139.763114, 35.739782 ] ] ] } },
{ "type": "Feature", "properties": { "key": "北区|田端1丁目", "ward": "北区", "town": "田端１丁目" }, "geometry": { "type": "Polygon", "coordinates": [ [ [ 139.761494, 35.736617 ], [ 139.761651, 35.736649 ], [ 139.761829, 35.736625 ], [ 139.762031, 35.736545 ], [ 139.762189, 35.736454 ], [ 139.762545, 35.73612 ], [ 139.76261, 35.736061 ], [ 139.762718, 35.73603 ], [ 139.762868, 35.736138 ], [ 139.763021, 35.735967 ], [ 139.763132, 35.735867 ], [ 139.762994, 35.735755 ], [ 139.762977, 35.735742 ], [ 139.763045, 35.735688 ], [ 139.763256, 35.735522 ], [ 139.763311, 35.735477 ], [ 139.763509, 35.735315 ], [ 139.763512, 35.735313 ], [ 139.763647, 35.735202 ], [ 139.763844, 35.735043 ], [ 139.764268, 35.734692 ], [ 139.764339, 35.734605 ], [ 139.764063, 35.734397 ], [ 139.763821, 35.734162 ], [ 139.763681, 35.733991 ], [ 139.763574, 35.733791 ], [ 139.763573, 35.733787 ], [ 139.763568, 35.733771 ], [ 139.763564, 35.733742 ], [ 139.763556, 35.733675 ], [ 139.763308, 35.733536 ], [ 139.763276, 35.733539 ], [ 139.763232, 35.733558 ], [ 139.763027, 35.733646 ], [ 139.762845, 35.733697 ], [ 139.762693, 35.733712 ], [ 139.762667, 35.733696 ], [ 139.76266, 35.733692 ], [ 139.762539, 35.733619 ], [ 139.762338, 35.733759 ], [ 139.762127, 35.733961 ], [ 139.762116, 35.733972 ], [ 139.761755, 35.733853 ], [ 139.761719, 35.733841 ], [ 139.761478, 35.733761 ], [ 139.761598, 35.733473 ], [ 139.761669, 35.733356 ], [ 139.761769, 35.733146 ], [ 139.761649, 35.733075 ], [ 139.761839, 35.732893 ], [ 139.761531, 35.732594 ], [ 139.761331, 35.732386 ], [ 139.761319, 35.732375 ], [ 139.76129, 35.732365 ], [ 139.761223, 35.732293 ], [ 139.761164, 35.732325 ], [ 139.760963, 35.732198 ], [ 139.760709, 35.731983 ], [ 139.760466, 35.731862 ], [ 139.760319, 35.731832 ], [ 139.760287, 35.73179 ], [ 139.760236, 35.731769 ], [ 139.760103, 35.731715 ], [ 139.759952, 35.731837 ], [ 139.759882, 35.731878 ], [ 139.759837, 35.731897 ], [ 139.759697, 35.731959 ], [ 139.759578, 35.732025 ], [ 139.759538, 35.732058 ], [ 139.75953, 35.732065 ], [ 139.759448, 35.732142 ], [ 139.759349, 35.732278 ], [ 139.759111, 35.732434 ], [ 139.759107, 35.732437 ], [ 139.759011, 35.732493 ], [ 139.758795, 35.732644 ], [ 139.758778, 35.732649 ], [ 139.758743, 35.732661 ], [ 139.758679, 35.732682 ], [ 139.758607, 35.732704 ], [ 139.758743, 35.733074 ], [ 139.758835, 35.733387 ], [ 139.758951, 35.733712 ], [ 139.759045, 35.734004 ], [ 139.759085, 35.734127 ], [ 139.759091, 35.734146 ], [ 139.759105, 35.734201 ], [ 139.759155, 35.734464 ], [ 139.759177, 35.734612 ], [ 139.759193, 35.734722 ], [ 139.759205, 35.734801 ], [ 139.759252, 35.735168 ], [ 139.759262, 35.73523 ], [ 139.759272, 35.735337 ], [ 139.759323, 35.735592 ], [ 139.759376, 35.735906 ], [ 139.75941, 35.736155 ], [ 139.759418, 35.73621 ], [ 139.759421, 35.73624 ], [ 139.75943, 35.736334 ], [ 139.759442, 35.736388 ], [ 139.75946, 35.736471 ], [ 139.759487, 35.73667 ], [ 139.759486, 35.736803 ], [ 139.75951, 35.737031 ], [ 139.759563, 35.737226 ], [ 139.759617, 35.73747 ], [ 139.759621, 35.737488 ], [ 139.759666, 35.737575 ], [ 139.75971, 35.737652 ], [ 139.759783, 35.737793 ], [ 139.759896, 35.737937 ], [ 139.760027, 35.738084 ], [ 139.760011, 35.738093 ], [ 139.760043, 35.738124 ], [ 139.760302, 35.738287 ], [ 139.760449, 35.738065 ], [ 139.760499, 35.737956 ], [ 139.760863, 35.737657 ], [ 139.760926, 35.737581 ], [ 139.761087, 35.73738 ], [ 139.761295, 35.737217 ], [ 139.761374, 35.737204 ], [ 139.761483, 35.737131 ], [ 139.761533, 35.737131 ], [ 139.761736, 35.736942 ], [ 139.761805, 35.736814 ], [ 139.761773, 35.736749 ], [ 139.761472, 35.736633 ], [ 139.761494, 35.736617 ] ] ] } },
{ "type": "Feature", "properties": { "key": "北区|田端2丁目", "ward": "北区", "town": "田端２丁目" }, "geometry": { "type": "Polygon", "coordinates": [ [ [ 139.75946, 35.736471 ], [ 139.759442, 35.736388 ], [ 139.75943, 35.736334 ], [ 139.759421, 35.73624 ], [ 139.759418, 35.73621 ], [ 139.75941, 35.736155 ], [ 139.759376, 35.735906 ], [ 139.759323, 35.735592 ], [ 139.759272, 35.735337 ], [ 139.759262, 35.73523 ], [ 139.759252, 35.735168 ], [ 139.759205, 35.734801 ], [ 139.759193, 35.734722 ], [ 139.759177, 35.734612 ], [ 139.759155, 35.734464 ], [ 139.759105, 35.734201 ], [ 139.759091, 35.734146 ], [ 139.759085, 35.734127 ], [ 139.759045, 35.734004 ], [ 139.758951, 35.733712 ], [ 139.758835, 35.733387 ], [ 139.758743, 35.733074 ], [ 139.758607, 35.732704 ], [ 139.758385, 35.732772 ], [ 139.758023, 35.732892 ], [ 139.757637, 35.733055 ], [ 139.757383, 35.73318 ], [ 139.757216, 35.733275 ], [ 139.757198, 35.733285 ], [ 139.757131, 35.733346 ], [ 139.756712, 35.733585 ], [ 139.756794, 35.733675 ], [ 139.756956, 35.733912 ], [ 139.757127, 35.734198 ], [ 139.757219, 35.734653 ], [ 139.757257, 35.73498 ], [ 139.757267, 35.735178 ], [ 139.757293, 35.735806 ], [ 139.757275, 35.735979 ], [ 139.757232, 35.736078 ], [ 139.757163, 35.736239 ], [ 139.757179, 35.736321 ], [ 139.7572, 35.736377 ], [ 139.757341, 35.736717 ], [ 139.757742, 35.736645 ], [ 139.757923, 35.736618 ], [ 139.758248, 35.736571 ], [ 139.758619, 35.736526 ], [ 139.758706, 35.736674 ], [ 139.758767, 35.736747 ], [ 139.758879, 35.736741 ], [ 139.759487, 35.73667 ], [ 139.75946, 35.736471 ] ] ] } },
{ "type": "Feature", "properties": { "key": "北区|田端3丁目", "ward": "北区", "town": "田端３丁目" }, "geometry": { "type": "Polygon", "coordinates": [ [ [ 139.756416, 35.736849 ], [ 139.756511, 35.73696 ], [ 139.756612, 35.736813 ], [ 139.756812, 35.736617 ], [ 139.756952, 35.736457 ], [ 139.757064, 35.73637 ], [ 139.757179, 35.736321 ], [ 139.757163, 35.736239 ], [ 139.757232, 35.736078 ], [ 139.757275, 35.735979 ], [ 139.757293, 35.735806 ], [ 139.757267, 35.735178 ], [ 139.757257, 35.73498 ], [ 139.757219, 35.734653 ], [ 139.757127, 35.734198 ], [ 139.756956, 35.733912 ], [ 139.756794, 35.733675 ], [ 139.756712, 35.733585 ], [ 139.756702, 35.733591 ], [ 139.756318, 35.733728 ], [ 139.756167, 35.733782 ], [ 139.756021, 35.733827 ], [ 139.755878, 35.733855 ], [ 139.755693, 35.733915 ], [ 139.755534, 35.733984 ], [ 139.755429, 35.734031 ], [ 139.755231, 35.734126 ], [ 139.754953, 35.734259 ], [ 139.754754, 35.734348 ], [ 139.754542, 35.734452 ], [ 139.754455, 35.734509 ], [ 139.754189, 35.734649 ], [ 139.754185, 35.734651 ], [ 139.753941, 35.734782 ], [ 139.753778, 35.734895 ], [ 139.753762, 35.734908 ], [ 139.75376, 35.734909 ], [ 139.753661, 35.734988 ], [ 139.753528, 35.735082 ], [ 139.75343, 35.734996 ], [ 139.753371, 35.73502 ], [ 139.753172, 35.735094 ], [ 139.752915, 35.735177 ], [ 139.75268, 35.735257 ], [ 139.75263, 35.735274 ], [ 139.752466, 35.735434 ], [ 139.752432, 35.735397 ], [ 139.752401, 35.73536 ], [ 139.752202, 35.735477 ], [ 139.752271, 35.735551 ], [ 139.752422, 35.735712 ], [ 139.752783, 35.735987 ], [ 139.753237, 35.736331 ], [ 139.753691, 35.736657 ], [ 139.754079, 35.736928 ], [ 139.754539, 35.737153 ], [ 139.754693, 35.737284 ], [ 139.754843, 35.737427 ], [ 139.754968, 35.737517 ], [ 139.755205, 35.737712 ], [ 139.755445, 35.73793 ], [ 139.755616, 35.738077 ], [ 139.755706, 35.738167 ], [ 139.755761, 35.738016 ], [ 139.75583, 35.737877 ], [ 139.755971, 35.73755 ], [ 139.756086, 35.737292 ], [ 139.75614, 35.737187 ], [ 139.756286, 35.73699 ], [ 139.756414, 35.736851 ], [ 139.756416, 35.736849 ] ] ] } },
{ "type": "Feature", "properties": { "key": "北区|田端4丁目", "ward": "北区", "town": "田端４丁目" }, "geometry": { "type": "Polygon", "coordinates": [ [ [ 139.752422, 35.735712 ], [ 139.752271, 35.735551 ], [ 139.752202, 35.735477 ], [ 139.752174, 35.735492 ], [ 139.752035, 35.735586 ], [ 139.751947, 35.735507 ], [ 139.751921, 35.735524 ], [ 139.751911, 35.735514 ], [ 139.751549, 35.735758 ], [ 139.75151, 35.735724 ], [ 139.751441, 35.735769 ], [ 139.751377, 35.735707 ], [ 139.751356, 35.735685 ], [ 139.751284, 35.73574 ], [ 139.751261, 35.73575 ], [ 139.751243, 35.735751 ], [ 139.751225, 35.735748 ], [ 139.751161, 35.735791 ], [ 139.751157, 35.735794 ], [ 139.75129, 35.735916 ], [ 139.751399, 35.736049 ], [ 139.751453, 35.736115 ], [ 139.751561, 35.736218 ], [ 139.751706, 35.736387 ], [ 139.75187, 35.73658 ], [ 139.751916, 35.736625 ], [ 139.752064, 35.736827 ], [ 139.752283, 35.737112 ], [ 139.752516, 35.737416 ], [ 139.752524, 35.737427 ], [ 139.752685, 35.737637 ], [ 139.752793, 35.737738 ], [ 139.753171, 35.738093 ], [ 139.753529, 35.738428 ], [ 139.753584, 35.738509 ], [ 139.753764, 35.738772 ], [ 139.753789, 35.738809 ], [ 139.753844, 35.738945 ], [ 139.753984, 35.739188 ], [ 139.754073, 35.739366 ], [ 139.754115, 35.739472 ], [ 139.754151, 35.739504 ], [ 139.754338, 35.739613 ], [ 139.7547, 35.739827 ], [ 139.755033, 35.739469 ], [ 139.755061, 35.739436 ], [ 139.755193, 35.739282 ], [ 139.755411, 35.739008 ], [ 139.755522, 35.73877 ], [ 139.755594, 35.738561 ], [ 139.755706, 35.738167 ], [ 139.755616, 35.738077 ], [ 139.755445, 35.73793 ], [ 139.755205, 35.737712 ], [ 139.754968, 35.737517 ], [ 139.754843, 35.737427 ], [ 139.754693, 35.737284 ], [ 139.754539, 35.737153 ], [ 139.754079, 35.736928 ], [ 139.753691, 35.736657 ], [ 139.753237, 35.736331 ], [ 139.752783, 35.735987 ], [ 139.752422, 35.735712 ] ] ] } },
{ "type": "Feature", "properties": { "key": "北区|田端5丁目", "ward": "北区", "town": "田端５丁目" }, "geometry": { "type": "Polygon", "coordinates": [ [ [ 139.759486, 35.736803 ], [ 139.759487, 35.73667 ], [ 139.758879, 35.736741 ], [ 139.758767, 35.736747 ], [ 139.758706, 35.736674 ], [ 139.758619, 35.736526 ], [ 139.758248, 35.736571 ], [ 139.757923, 35.736618 ], [ 139.757742, 35.736645 ], [ 139.757341, 35.736717 ], [ 139.7572, 35.736377 ], [ 139.757179, 35.736321 ], [ 139.757064, 35.73637 ], [ 139.756952, 35.736457 ], [ 139.756812, 35.736617 ], [ 139.756612, 35.736813 ], [ 139.756511, 35.73696 ], [ 139.756416, 35.736849 ], [ 139.756414, 35.736851 ], [ 139.756286, 35.73699 ], [ 139.75614, 35.737187 ], [ 139.756086, 35.737292 ], [ 139.755971, 35.73755 ], [ 139.75583, 35.737877 ], [ 139.755761, 35.738016 ], [ 139.755706, 35.738167 ], [ 139.755594, 35.738561 ], [ 139.755522, 35.73877 ], [ 139.755411, 35.739008 ], [ 139.755193, 35.739282 ], [ 139.755061, 35.739436 ], [ 139.755033, 35.739469 ], [ 139.7547, 35.739827 ], [ 139.754978, 35.739922 ], [ 139.754984, 35.740076 ], [ 139.755482, 35.74029 ], [ 139.755577, 35.74031 ], [ 139.755693, 35.740191 ], [ 139.755788, 35.740086 ], [ 139.755944, 35.739959 ], [ 139.755953, 35.739951 ], [ 139.756113, 35.739813 ], [ 139.75641, 35.739611 ], [ 139.756437, 35.739594 ], [ 139.756696, 35.739418 ], [ 139.756788, 35.739356 ], [ 139.756849, 35.739314 ], [ 139.757111, 35.739134 ], [ 139.75735, 35.73897 ], [ 139.757384, 35.73895 ], [ 139.757698, 35.738727 ], [ 139.757774, 35.73868 ], [ 139.758054, 35.73849 ], [ 139.758067, 35.738482 ], [ 139.758141, 35.738433 ], [ 139.758442, 35.738237 ], [ 139.758562, 35.738176 ], [ 139.758742, 35.738087 ], [ 139.758987, 35.737966 ], [ 139.759163, 35.737869 ], [ 139.759491, 35.737681 ], [ 139.759666, 35.737575 ], [ 139.759621, 35.737488 ], [ 139.759617, 35.73747 ], [ 139.759563, 35.737226 ], [ 139.75951, 35.737031 ], [ 139.759486, 35.736803 ] ] ] } },
{ "type": "Feature", "properties": { "key": "北区|田端6丁目", "ward": "北区", "town": "田端６丁目" }, "geometry": { "type": "Polygon", "coordinates": [ [ [ 139.757776, 35.740197 ], [ 139.757982, 35.740019 ], [ 139.758252, 35.739813 ], [ 139.758289, 35.739843 ], [ 139.758633, 35.73958 ], [ 139.758601, 35.739556 ], [ 139.758792, 35.739427 ], [ 139.75928, 35.739125 ], [ 139.759662, 35.738821 ], [ 139.760302, 35.738287 ], [ 139.760043, 35.738124 ], [ 139.760011, 35.738093 ], [ 139.760027, 35.738084 ], [ 139.759896, 35.737937 ], [ 139.759783, 35.737793 ], [ 139.75971, 35.737652 ], [ 139.759666, 35.737575 ], [ 139.759491, 35.737681 ], [ 139.759163, 35.737869 ], [ 139.758987, 35.737966 ], [ 139.758742, 35.738087 ], [ 139.758562, 35.738176 ], [ 139.758442, 35.738237 ], [ 139.758141, 35.738433 ], [ 139.758067, 35.738482 ], [ 139.758054, 35.73849 ], [ 139.757774, 35.73868 ], [ 139.757698, 35.738727 ], [ 139.757384, 35.73895 ], [ 139.75735, 35.73897 ], [ 139.757111, 35.739134 ], [ 139.756849, 35.739314 ], [ 139.756788, 35.739356 ], [ 139.756696, 35.739418 ], [ 139.756437, 35.739594 ], [ 139.75641, 35.739611 ], [ 139.756113, 35.739813 ], [ 139.755953, 35.739951 ], [ 139.755944, 35.739959 ], [ 139.755788, 35.740086 ], [ 139.755693, 35.740191 ], [ 139.755577, 35.74031 ], [ 139.755482, 35.74029 ], [ 139.754984, 35.740076 ], [ 139.754978, 35.739922 ], [ 139.7547, 35.739827 ], [ 139.754338, 35.739613 ], [ 139.754151, 35.739504 ], [ 139.754115, 35.739472 ], [ 139.754214, 35.739677 ], [ 139.754226, 35.739758 ], [ 139.754164, 35.739874 ], [ 139.754248, 35.740073 ], [ 139.754319, 35.740275 ], [ 139.754499, 35.740721 ], [ 139.754546, 35.740855 ], [ 139.754432, 35.740917 ], [ 139.754675, 35.741166 ], [ 139.75479, 35.741283 ], [ 139.755152, 35.741313 ], [ 139.755158, 35.741523 ], [ 139.755382, 35.741677 ], [ 139.755489, 35.741779 ], [ 139.755801, 35.741603 ], [ 139.75612, 35.74144 ], [ 139.756392, 35.741286 ], [ 139.756397, 35.741283 ], [ 139.756776, 35.741064 ], [ 139.756964, 35.740903 ], [ 139.757199, 35.740677 ], [ 139.757463, 35.740448 ], [ 139.757776, 35.740197 ] ] ] } }
]
}
