{
"type": "FeatureCollection",
"name": "13111",
"crs": { "type": "name", "properties": { "name": "urn:ogc:def:crs:OGC:1.3:CRS84" } },
"features": [
{ "type": "Feature", "properties": { "key": "大田区|大森東1丁目", "ward": "大田区", "town": "大森東一丁目" }, "geometry": { "type": "Polygon", "coordinates": [ [ [ 139.739972, 35.578403 ], [ 139.740892, 35.578562 ], [ 139.742095, 35.577192 ], [ 139.742527, 35.576714 ], [ 139.742589, 35.576687 ], [ 139.742599, 35.576645 ], [ 139.742639, 35.576469 ], [ 139.742673, 35.576457 ], [ 139.742829, 35.575771 ], [ 139.742821, 35.575727 ], [ 139.742813, 35.575722 ], [ 139.74214, 35.575208 ], [ 139.742099, 35.575216 ], [ 139.741975, 35.575122 ], [ 139.741295, 35.575038 ], [ 139.740865, 35.574983 ], [ 139.740419, 35.574922 ], [ 139.740224, 35.574901 ], [ 139.740128, 35.574698 ], [ 139.741982, 35.574909 ], [ 139.742022, 35.574725 ], [ 139.741877, 35.574623 ], [ 139.740825, 35.573895 ], [ 139.74018, 35.574407 ], [ 139.740195, 35.574337 ], [ 139.740122, 35.574355 ], [ 139.740011, 35.574434 ], [ 139.739972, 35.574401 ], [ 139.739898, 35.574344 ], [ 139.739834, 35.574337 ], [ 139.739803, 35.574309 ], [ 139.739606, 35.574465 ], [ 139.739654, 35.574491 ], [ 139.739757, 35.57458 ], [ 139.739757, 35.574581 ], [ 139.739683, 35.574636 ], [ 139.73956, 35.574715 ], [ 139.739483, 35.574724 ], [ 139.739079, 35.574687 ], [ 139.73895, 35.574598 ], [ 139.738645, 35.574565 ], [ 139.738355, 35.57456 ], [ 139.738094, 35.574525 ], [ 139.73791, 35.574468 ], [ 139.737544, 35.574359 ], [ 139.737354, 35.574338 ], [ 139.737205, 35.574343 ], [ 139.737032, 35.574355 ], [ 139.736866, 35.574377 ], [ 139.736717, 35.574396 ], [ 139.736496, 35.574467 ], [ 139.73634, 35.574519 ], [ 139.736111, 35.574635 ], [ 139.736042, 35.574691 ], [ 139.735791, 35.574821 ], [ 139.735582, 35.574899 ], [ 139.735115, 35.575083 ], [ 139.734887, 35.575175 ], [ 139.734765, 35.575206 ], [ 139.734298, 35.575226 ], [ 139.734426, 35.575609 ], [ 139.73454, 35.575929 ], [ 139.734571, 35.576036 ], [ 139.734706, 35.576412 ], [ 139.734825, 35.57679 ], [ 139.735147, 35.577765 ], [ 139.735583, 35.57769 ], [ 139.735727, 35.577693 ], [ 139.735734, 35.577695 ], [ 139.736146, 35.577613 ], [ 139.736084, 35.577437 ], [ 139.736115, 35.577434 ], [ 139.736872, 35.577359 ], [ 139.737158, 35.577328 ], [ 139.737755, 35.577295 ], [ 139.737909, 35.577289 ], [ 139.737932, 35.577302 ], [ 139.738384, 35.577303 ], [ 139.738398, 35.577303 ], [ 139.738173, 35.577782 ], [ 139.737919, 35.578339 ], [ 139.738265, 35.578533 ], [ 139.738779, 35.578828 ], [ 139.738805, 35.578843 ], [ 139.739225, 35.579086 ], [ 139.739507, 35.579249 ], [ 139.739918, 35.578632 ], [ 139.739972, 35.578403 ] ] ] } },
{ "type": "Feature", "properties": { "key": "大田区|大森東2丁目", "ward": "大田区", "town": "大森東二丁目" }, "geometry": { "type": "Polygon", "coordinates": [ [ [ 139.737354, 35.574338 ], [ 139.737544, 35.574359 ], [ 139.73791, 35.574468 ], [ 139.738094, 35.574525 ], [ 139.738355, 35.57456 ], [ 139.738645, 35.574565 ], [ 139.73895, 35.574598 ], [ 139.739079, 35.574687 ], [ 139.739483, 35.574724 ], [ 139.73956, 35.574715 ], [ 139.739683, 35.574636 ], [ 139.739012, 35.574099 ], [ 139.738362, 35.573547 ], [ 139.738334, 35.573516 ], [ 139.73885, 35.573068 ], [ 139.738478, 35.572785 ], [ 139.738461, 35.57277 ], [ 139.738441, 35.572756 ], [ 139.738218, 35.572593 ], [ 139.737683, 35.572219 ], [ 139.737326, 35.571923 ], [ 139.737306, 35.571908 ], [ 139.737047, 35.571709 ], [ 139.736832, 35.571579 ], [ 139.736727, 35.571543 ], [ 139.736454, 35.571494 ], [ 139.73643, 35.571495 ], [ 139.735855, 35.571501 ], [ 139.735765, 35.571502 ], [ 139.735496, 35.571509 ], [ 139.734437, 35.571511 ], [ 139.734347, 35.571832 ], [ 139.734281, 35.572091 ], [ 139.734257, 35.57218 ], [ 139.734219, 35.572333 ], [ 139.734199, 35.572415 ], [ 139.734047, 35.572974 ], [ 139.733922, 35.573504 ], [ 139.733916, 35.573544 ], [ 139.733924, 35.573808 ], [ 139.733913, 35.573952 ], [ 139.73396, 35.574181 ], [ 139.734032, 35.574403 ], [ 139.734204, 35.574935 ], [ 139.734267, 35.575128 ], [ 139.734298, 35.575226 ], [ 139.734765, 35.575206 ], [ 139.734887, 35.575175 ], [ 139.735115, 35.575083 ], [ 139.735582, 35.574899 ], [ 139.735791, 35.574821 ], [ 139.736042, 35.574691 ], [ 139.736111, 35.574635 ], [ 139.73634, 35.574519 ], [ 139.736496, 35.574467 ], [ 139.736717, 35.574396 ], [ 139.736866, 35.574377 ], [ 139.737032, 35.574355 ], [ 139.737205, 35.574343 ], [ 139.737354, 35.574338 ] ] ] } },
{ "type": "Feature", "properties": { "key": "大田区|大森東3丁目", "ward": "大田区", "town": "大森東三丁目" }, "geometry": { "type": "Polygon", "coordinates": [ [ [ 139.739803, 35.574309 ], [ 139.739834, 35.574337 ], [ 139.739898, 35.574344 ], [ 139.739986, 35.574254 ], [ 139.739946, 35.574225 ], [ 139.740108, 35.574084 ], [ 139.741618, 35.572917 ], [ 139.743671, 35.571302 ], [ 139.74373, 35.571235 ], [ 139.743761, 35.571164 ], [ 139.74372, 35.571081 ], [ 139.743713, 35.57109 ], [ 139.743517, 35.570966 ], [ 139.742849, 35.570593 ], [ 139.742349, 35.570339 ], [ 139.742082, 35.570206 ], [ 139.742067, 35.570198 ], [ 139.741959, 35.570146 ], [ 139.741249, 35.570772 ], [ 139.741231, 35.570764 ], [ 139.741027, 35.570673 ], [ 139.740963, 35.570646 ], [ 139.740659, 35.57052 ], [ 139.740183, 35.570305 ], [ 139.739642, 35.570061 ], [ 139.739646, 35.570021 ], [ 139.739647, 35.570009 ], [ 139.739577, 35.569963 ], [ 139.739515, 35.569919 ], [ 139.739475, 35.569819 ], [ 139.739476, 35.569777 ], [ 139.739418, 35.569727 ], [ 139.739075, 35.569629 ], [ 139.738918, 35.569556 ], [ 139.738881, 35.569539 ], [ 139.738768, 35.569463 ], [ 139.738683, 35.569431 ], [ 139.738274, 35.569371 ], [ 139.738164, 35.569395 ], [ 139.737989, 35.569433 ], [ 139.737463, 35.569569 ], [ 139.737309, 35.569569 ], [ 139.737159, 35.569568 ], [ 139.737101, 35.569537 ], [ 139.736974, 35.569536 ], [ 139.736749, 35.569531 ], [ 139.736591, 35.569565 ], [ 139.736391, 35.569542 ], [ 139.736155, 35.569487 ], [ 139.735636, 35.569371 ], [ 139.735134, 35.569259 ], [ 139.735126, 35.569283 ], [ 139.735006, 35.569661 ], [ 139.734881, 35.570053 ], [ 139.734828, 35.570239 ], [ 139.734664, 35.570683 ], [ 139.734443, 35.571474 ], [ 139.734437, 35.571511 ], [ 139.735496, 35.571509 ], [ 139.735765, 35.571502 ], [ 139.735855, 35.571501 ], [ 139.73643, 35.571495 ], [ 139.736454, 35.571494 ], [ 139.736727, 35.571543 ], [ 139.736832, 35.571579 ], [ 139.737047, 35.571709 ], [ 139.737306, 35.571908 ], [ 139.737326, 35.571923 ], [ 139.737683, 35.572219 ], [ 139.738218, 35.572593 ], [ 139.738441, 35.572756 ], [ 139.738461, 35.57277 ], [ 139.738478, 35.572785 ], [ 139.73885, 35.573068 ], [ 139.738334, 35.573516 ], [ 139.738362, 35.573547 ], [ 139.739012, 35.574099 ], [ 139.739683, 35.574636 ], [ 139.739757, 35.574581 ], [ 139.739757, 35.57458 ], [ 139.739654, 35.574491 ], [ 139.739606, 35.574465 ], [ 139.739803, 35.574309 ] ] ] } },
{ "type": "Feature", "properties": { "key": "大田区|大森東4丁目", "ward": "大田区", "town": "大森東四丁目" }, "geometry": { "type": "Polygon", "coordinates": [ [ [ 139.739785, 35.569397 ], [ 139.739906, 35.569409 ], [ 139.740067, 35.56903 ], [ 139.740092, 35.568973 ], [ 139.740267, 35.5686 ], [ 139.740295, 35.568529 ], [ 139.740461, 35.568162 ], [ 139.740635, 35.567776 ], [ 139.740678, 35.567678 ], [ 139.740803, 35.5674 ], [ 139.740992, 35.566998 ], [ 139.74099, 35.566982 ], [ 139.741127, 35.566766 ], [ 139.740493, 35.566564 ], [ 139.740194, 35.566462 ], [ 139.740093, 35.566421 ], [ 139.739941, 35.566334 ], [ 139.739777, 35.566208 ], [ 139.739616, 35.566066 ], [ 139.739445, 35.565885 ], [ 139.739181, 35.565552 ], [ 139.739047, 35.565373 ], [ 139.738997, 35.565272 ], [ 139.738783, 35.565008 ], [ 139.73872, 35.564965 ], [ 139.738622, 35.564927 ], [ 139.738517, 35.56493 ], [ 139.738415, 35.564967 ], [ 139.737975, 35.565203 ], [ 139.737822, 35.565253 ], [ 139.737413, 35.565341 ], [ 139.737044, 35.565413 ], [ 139.736898, 35.565428 ], [ 139.736729, 35.565471 ], [ 139.736381, 35.565598 ], [ 139.736334, 35.565712 ], [ 139.736171, 35.566205 ], [ 139.736168, 35.566224 ], [ 139.736038, 35.566622 ], [ 139.736003, 35.56673 ], [ 139.73586, 35.567153 ], [ 139.735843, 35.567213 ], [ 139.735578, 35.567981 ], [ 139.735547, 35.568046 ], [ 139.735403, 35.568486 ], [ 139.735382, 35.568535 ], [ 139.735221, 35.56898 ], [ 139.735134, 35.569259 ], [ 139.735636, 35.569371 ], [ 139.736155, 35.569487 ], [ 139.736391, 35.569542 ], [ 139.736591, 35.569565 ], [ 139.736749, 35.569531 ], [ 139.736974, 35.569536 ], [ 139.737101, 35.569537 ], [ 139.737159, 35.569568 ], [ 139.737309, 35.569569 ], [ 139.737463, 35.569569 ], [ 139.737989, 35.569433 ], [ 139.738164, 35.569395 ], [ 139.738274, 35.569371 ], [ 139.738683, 35.569431 ], [ 139.738768, 35.569463 ], [ 139.738881, 35.569539 ], [ 139.738918, 35.569556 ], [ 139.739075, 35.569629 ], [ 139.739418, 35.569727 ], [ 139.739476, 35.569777 ], [ 139.739475, 35.569819 ], [ 139.739515, 35.569919 ], [ 139.739577, 35.569963 ], [ 139.739647, 35.570009 ], [ 139.739785, 35.569397 ] ] ] } },
{ "type": "Feature", "properties": { "key": "大田区|大森東5丁目", "ward": "大田区", "town": "大森東五丁目" }, "geometry": { "type": "Polygon", "coordinates": [ [ [ 139.743755, 35.57104 ], [ 139.743826, 35.571065 ], [ 139.743877, 35.571012 ], [ 139.744024, 35.571084 ], [ 139.744557, 35.570633 ], [ 139.744999, 35.570291 ], [ 139.745327, 35.570008 ], [ 139.745706, 35.569719 ], [ 139.746093, 35.569416 ], [ 139.74631, 35.569556 ], [ 139.746442, 35.569477 ], [ 139.746206, 35.569338 ], [ 139.746245, 35.569125 ], [ 139.746203, 35.56917 ], [ 139.745139, 35.568606 ], [ 139.743983, 35.568012 ], [ 139.743263, 35.567662 ], [ 139.74221, 35.56719 ], [ 139.741847, 35.567039 ], [ 139.74146, 35.566885 ], [ 139.741127, 35.566766 ], [ 139.74099, 35.566982 ], [ 139.740992, 35.566998 ], [ 139.740803, 35.5674 ], [ 139.740678, 35.567678 ], [ 139.740635, 35.567776 ], [ 139.740461, 35.568162 ], [ 139.740295, 35.568529 ], [ 139.740267, 35.5686 ], [ 139.740092, 35.568973 ], [ 139.740067, 35.56903 ], [ 139.739906, 35.569409 ], [ 139.739785, 35.569397 ], [ 139.739647, 35.570009 ], [ 139.739646, 35.570021 ], [ 139.739642, 35.570061 ], [ 139.740183, 35.570305 ], [ 139.740659, 35.57052 ], [ 139.740963, 35.570646 ], [ 139.741027, 35.570673 ], [ 139.741231, 35.570764 ], [ 139.741249, 35.570772 ], [ 139.741959, 35.570146 ], [ 139.742067, 35.570198 ], [ 139.742082, 35.570206 ], [ 139.742349, 35.570339 ], [ 139.742849, 35.570593 ], [ 139.743517, 35.570966 ], [ 139.743713, 35.57109 ], [ 139.74372, 35.571081 ], [ 139.743755, 35.57104 ] ] ] } },
{ "type": "Feature", "properties": { "key": "大田区|大森南1丁目", "ward": "大田区", "town": "大森南一丁目" }, "geometry": { "type": "Polygon", "coordinates": [ [ [ 139.740329, 35.564508 ], [ 139.740316, 35.564479 ], [ 139.740295, 35.564145 ], [ 139.740212, 35.563635 ], [ 139.740089, 35.56283 ], [ 139.739999, 35.562188 ], [ 139.739956, 35.561913 ], [ 139.739911, 35.561546 ], [ 139.739903, 35.561505 ], [ 139.739805, 35.561036 ], [ 139.739124, 35.561002 ], [ 139.738295, 35.560963 ], [ 139.73774, 35.560937 ], [ 139.737686, 35.560935 ], [ 139.73753, 35.561503 ], [ 139.737456, 35.561774 ], [ 139.737274, 35.562456 ], [ 139.737066, 35.56314 ], [ 139.736819, 35.563966 ], [ 139.736651, 35.564548 ], [ 139.736536, 35.564948 ], [ 139.736372, 35.5656 ], [ 139.736381, 35.565598 ], [ 139.736729, 35.565471 ], [ 139.736898, 35.565428 ], [ 139.737044, 35.565413 ], [ 139.737413, 35.565341 ], [ 139.737822, 35.565253 ], [ 139.737975, 35.565203 ], [ 139.738415, 35.564967 ], [ 139.738517, 35.56493 ], [ 139.738622, 35.564927 ], [ 139.73872, 35.564965 ], [ 139.738783, 35.565008 ], [ 139.738997, 35.565272 ], [ 139.739047, 35.565373 ], [ 139.739181, 35.565552 ], [ 139.739445, 35.565885 ], [ 139.739616, 35.566066 ], [ 139.739777, 35.566208 ], [ 139.739941, 35.566334 ], [ 139.740093, 35.566421 ], [ 139.740194, 35.566462 ], [ 139.740212, 35.566253 ], [ 139.74029, 35.56562 ], [ 139.740368, 35.564987 ], [ 139.740384, 35.564933 ], [ 139.740329, 35.564508 ] ] ] } },
{ "type": "Feature", "properties": { "key": "大田区|大森南2丁目", "ward": "大田区", "town": "大森南二丁目" }, "geometry": { "type": "Polygon", "coordinates": [ [ [ 139.746761, 35.563246 ], [ 139.7468, 35.56317 ], [ 139.746876, 35.563054 ], [ 139.747186, 35.562507 ], [ 139.747205, 35.562474 ], [ 139.747219, 35.562449 ], [ 139.747362, 35.562198 ], [ 139.747418, 35.562093 ], [ 139.747362, 35.562047 ], [ 139.747216, 35.561927 ], [ 139.74706, 35.561801 ], [ 139.746976, 35.561669 ], [ 139.746914, 35.561511 ], [ 139.746905, 35.561477 ], [ 139.746935, 35.561296 ], [ 139.74699, 35.561102 ], [ 139.746996, 35.560974 ], [ 139.746675, 35.560985 ], [ 139.74592, 35.561016 ], [ 139.744636, 35.561061 ], [ 139.744218, 35.561079 ], [ 139.743652, 35.561103 ], [ 139.743563, 35.561094 ], [ 139.743042, 35.561118 ], [ 139.742759, 35.561113 ], [ 139.742749, 35.561113 ], [ 139.742524, 35.561119 ], [ 139.742164, 35.561109 ], [ 139.741667, 35.561086 ], [ 139.74092, 35.56106 ], [ 139.740423, 35.561049 ], [ 139.739826, 35.561035 ], [ 139.739805, 35.561036 ], [ 139.739903, 35.561505 ], [ 139.739911, 35.561546 ], [ 139.739956, 35.561913 ], [ 139.739999, 35.562188 ], [ 139.740089, 35.56283 ], [ 139.740212, 35.563635 ], [ 139.741597, 35.563498 ], [ 139.741648, 35.563491 ], [ 139.742137, 35.563557 ], [ 139.742476, 35.563601 ], [ 139.743446, 35.563727 ], [ 139.744489, 35.563855 ], [ 139.745493, 35.563992 ], [ 139.745793, 35.564024 ], [ 139.746129, 35.564058 ], [ 139.746226, 35.564128 ], [ 139.746309, 35.564013 ], [ 139.746525, 35.563634 ], [ 139.746761, 35.563246 ] ] ] } },
{ "type": "Feature", "properties": { "key": "大田区|大森南3丁目", "ward": "大田区", "town": "大森南三丁目" }, "geometry": { "type": "Polygon", "coordinates": [ [ [ 139.741648, 35.563491 ], [ 139.741597, 35.563498 ], [ 139.740212, 35.563635 ], [ 139.740295, 35.564145 ], [ 139.740316, 35.564479 ], [ 139.740329, 35.564508 ], [ 139.740384, 35.564933 ], [ 139.740368, 35.564987 ], [ 139.74029, 35.56562 ], [ 139.740212, 35.566253 ], [ 139.740194, 35.566462 ], [ 139.740493, 35.566564 ], [ 139.741127, 35.566766 ], [ 139.74146, 35.566885 ], [ 139.741847, 35.567039 ], [ 139.74221, 35.56719 ], [ 139.743263, 35.567662 ], [ 139.743983, 35.568012 ], [ 139.744171, 35.567815 ], [ 139.744116, 35.567766 ], [ 139.744238, 35.567611 ], [ 139.744296, 35.567505 ], [ 139.744367, 35.567188 ], [ 139.744385, 35.56716 ], [ 139.744397, 35.567139 ], [ 139.744769, 35.56649 ], [ 139.744778, 35.566475 ], [ 139.744977, 35.566155 ], [ 139.745207, 35.565786 ], [ 139.74522, 35.565763 ], [ 139.745645, 35.565064 ], [ 139.745777, 35.564852 ], [ 139.746226, 35.564128 ], [ 139.746129, 35.564058 ], [ 139.745793, 35.564024 ], [ 139.745493, 35.563992 ], [ 139.744489, 35.563855 ], [ 139.743446, 35.563727 ], [ 139.742476, 35.563601 ], [ 139.742137, 35.563557 ], [ 139.741648, 35.563491 ] ] ] } },
{ "type": "Feature", "properties": { "key": "大田区|大森南4丁目", "ward": "大田区", "town": "大森南四丁目" }, "geometry": { "type": "Polygon", "coordinates": [ [ [ 139.746221, 35.569051 ], [ 139.746352, 35.569103 ], [ 139.746321, 35.569035 ], [ 139.746392, 35.568923 ], [ 139.746497, 35.56892 ], [ 139.746707, 35.569035 ], [ 139.746837, 35.568936 ], [ 139.746837, 35.56883 ], [ 139.747139, 35.568618 ], [ 139.747355, 35.568466 ], [ 139.747921, 35.568067 ], [ 139.748486, 35.567616 ], [ 139.748615, 35.567566 ], [ 139.749206, 35.567111 ], [ 139.749314, 35.566869 ], [ 139.749372, 35.566792 ], [ 139.74844, 35.565997 ], [ 139.747869, 35.565513 ], [ 139.747359, 35.565091 ], [ 139.747253, 35.565004 ], [ 139.747006, 35.564795 ], [ 139.746226, 35.564128 ], [ 139.745777, 35.564852 ], [ 139.745645, 35.565064 ], [ 139.74522, 35.565763 ], [ 139.745207, 35.565786 ], [ 139.744977, 35.566155 ], [ 139.744778, 35.566475 ], [ 139.744769, 35.56649 ], [ 139.744397, 35.567139 ], [ 139.744385, 35.56716 ], [ 139.744367, 35.567188 ], [ 139.744296, 35.567505 ], [ 139.744238, 35.567611 ], [ 139.744116, 35.567766 ], [ 139.744171, 35.567815 ], [ 139.743983, 35.568012 ], [ 139.745139, 35.568606 ], [ 139.746203, 35.56917 ], [ 139.746245, 35.569125 ], [ 139.74619, 35.569083 ], [ 139.746221, 35.569051 ] ] ] } },
{ "type": "Feature", "properties": { "key": "大田区|大森南5丁目", "ward": "大田区", "town": "大森南五丁目" }, "geometry": { "type": "Polygon", "coordinates": [ [ [ 139.753132, 35.561979 ], [ 139.753095, 35.561989 ], [ 139.753042, 35.561921 ], [ 139.753052, 35.561879 ], [ 139.752817, 35.561515 ], [ 139.752598, 35.561184 ], [ 139.75243, 35.560917 ], [ 139.752355, 35.56086 ], [ 139.752226, 35.560855 ], [ 139.751848, 35.56087 ], [ 139.751841, 35.560789 ], [ 139.750308, 35.560853 ], [ 139.750241, 35.560854 ], [ 139.749137, 35.560884 ], [ 139.748118, 35.560934 ], [ 139.747363, 35.560961 ], [ 139.746996, 35.560974 ], [ 139.74699, 35.561102 ], [ 139.746935, 35.561296 ], [ 139.746905, 35.561477 ], [ 139.746914, 35.561511 ], [ 139.746976, 35.561669 ], [ 139.74706, 35.561801 ], [ 139.747216, 35.561927 ], [ 139.747362, 35.562047 ], [ 139.747418, 35.562093 ], [ 139.747362, 35.562198 ], [ 139.747219, 35.562449 ], [ 139.747205, 35.562474 ], [ 139.747186, 35.562507 ], [ 139.746876, 35.563054 ], [ 139.7468, 35.56317 ], [ 139.746761, 35.563246 ], [ 139.746525, 35.563634 ], [ 139.746309, 35.564013 ], [ 139.746226, 35.564128 ], [ 139.747006, 35.564795 ], [ 139.747253, 35.565004 ], [ 139.747359, 35.565091 ], [ 139.747869, 35.565513 ], [ 139.74844, 35.565997 ], [ 139.749372, 35.566792 ], [ 139.749645, 35.566721 ], [ 139.749601, 35.566504 ], [ 139.750012, 35.566078 ], [ 139.750418, 35.56567 ], [ 139.750741, 35.565359 ], [ 139.750734, 35.565315 ], [ 139.750836, 35.565204 ], [ 139.750892, 35.565199 ], [ 139.752655, 35.563231 ], [ 139.752611, 35.563211 ], [ 139.752706, 35.563114 ], [ 139.752732, 35.56306 ], [ 139.753291, 35.56245 ], [ 139.753343, 35.562379 ], [ 139.753283, 35.562254 ], [ 139.753132, 35.561979 ] ] ] } },
{ "type": "Feature", "properties": { "key": "大田区|大森中1丁目", "ward": "大田区", "town": "大森中一丁目" }, "geometry": { "type": "Polygon", "coordinates": [ [ [ 139.735382, 35.568535 ], [ 139.734819, 35.568468 ], [ 139.734522, 35.568496 ], [ 139.734078, 35.56854 ], [ 139.734069, 35.568516 ], [ 139.733501, 35.568562 ], [ 139.732903, 35.568625 ], [ 139.73284, 35.568612 ], [ 139.732005, 35.568566 ], [ 139.731808, 35.568598 ], [ 139.731528, 35.568666 ], [ 139.730824, 35.568638 ], [ 139.730642, 35.568653 ], [ 139.730367, 35.568748 ], [ 139.730219, 35.568853 ], [ 139.730243, 35.568884 ], [ 139.730509, 35.569238 ], [ 139.730623, 35.569389 ], [ 139.730783, 35.569598 ], [ 139.73089, 35.56974 ], [ 139.731328, 35.57032 ], [ 139.731469, 35.570509 ], [ 139.731583, 35.570655 ], [ 139.731872, 35.571025 ], [ 139.732013, 35.571203 ], [ 139.732196, 35.571434 ], [ 139.73221, 35.571458 ], [ 139.732401, 35.571704 ], [ 139.732438, 35.57175 ], [ 139.732508, 35.571831 ], [ 139.732734, 35.572115 ], [ 139.732769, 35.572158 ], [ 139.733012, 35.572465 ], [ 139.733365, 35.572898 ], [ 139.733516, 35.57311 ], [ 139.733603, 35.57323 ], [ 139.733702, 35.573436 ], [ 139.733808, 35.573746 ], [ 139.733924, 35.573808 ], [ 139.733916, 35.573544 ], [ 139.733922, 35.573504 ], [ 139.734047, 35.572974 ], [ 139.734199, 35.572415 ], [ 139.734219, 35.572333 ], [ 139.734257, 35.57218 ], [ 139.734281, 35.572091 ], [ 139.734347, 35.571832 ], [ 139.734437, 35.571511 ], [ 139.734443, 35.571474 ], [ 139.734664, 35.570683 ], [ 139.734828, 35.570239 ], [ 139.734881, 35.570053 ], [ 139.735006, 35.569661 ], [ 139.735126, 35.569283 ], [ 139.735134, 35.569259 ], [ 139.735221, 35.56898 ], [ 139.735382, 35.568535 ] ] ] } },
{ "type": "Feature", "properties": { "key": "大田区|大森中2丁目", "ward": "大田区", "town": "大森中二丁目" }, "geometry": { "type": "Polygon", "coordinates": [ [ [ 139.730824, 35.568638 ], [ 139.731528, 35.568666 ], [ 139.731808, 35.568598 ], [ 139.732005, 35.568566 ], [ 139.73284, 35.568612 ], [ 139.732903, 35.568625 ], [ 139.733501, 35.568562 ], [ 139.734069, 35.568516 ], [ 139.734078, 35.56854 ], [ 139.734522, 35.568496 ], [ 139.734819, 35.568468 ], [ 139.735382, 35.568535 ], [ 139.735403, 35.568486 ], [ 139.735547, 35.568046 ], [ 139.735578, 35.567981 ], [ 139.735843, 35.567213 ], [ 139.73586, 35.567153 ], [ 139.736003, 35.56673 ], [ 139.736038, 35.566622 ], [ 139.736168, 35.566224 ], [ 139.736171, 35.566205 ], [ 139.735394, 35.566364 ], [ 139.734403, 35.566511 ], [ 139.733701, 35.566611 ], [ 139.733702, 35.566606 ], [ 139.732893, 35.566657 ], [ 139.732542, 35.56668 ], [ 139.732162, 35.566705 ], [ 139.732015, 35.566689 ], [ 139.731269, 35.566565 ], [ 139.730637, 35.56648 ], [ 139.730208, 35.566414 ], [ 139.73019, 35.566411 ], [ 139.729976, 35.566381 ], [ 139.729796, 35.566357 ], [ 139.729437, 35.566301 ], [ 139.729382, 35.566409 ], [ 139.729196, 35.56678 ], [ 139.729189, 35.566793 ], [ 139.728833, 35.567029 ], [ 139.728841, 35.56704 ], [ 139.728845, 35.567037 ], [ 139.72936, 35.567722 ], [ 139.729563, 35.567996 ], [ 139.729616, 35.56806 ], [ 139.729634, 35.568082 ], [ 139.729924, 35.568464 ], [ 139.729933, 35.568476 ], [ 139.730219, 35.568853 ], [ 139.730367, 35.568748 ], [ 139.730642, 35.568653 ], [ 139.730824, 35.568638 ] ] ] } },
{ "type": "Feature", "properties": { "key": "大田区|大森中3丁目", "ward": "大田区", "town": "大森中三丁目" }, "geometry": { "type": "Polygon", "coordinates": [ [ [ 139.733702, 35.566606 ], [ 139.733701, 35.566611 ], [ 139.734403, 35.566511 ], [ 139.735394, 35.566364 ], [ 139.736171, 35.566205 ], [ 139.736334, 35.565712 ], [ 139.736381, 35.565598 ], [ 139.736372, 35.5656 ], [ 139.73616, 35.565647 ], [ 139.735921, 35.565689 ], [ 139.735665, 35.565709 ], [ 139.735275, 35.565693 ], [ 139.735254, 35.56569 ], [ 139.735076, 35.565658 ], [ 139.734898, 35.565585 ], [ 139.734729, 35.565491 ], [ 139.734568, 35.565352 ], [ 139.734455, 35.565134 ], [ 139.734323, 35.56491 ], [ 139.734206, 35.564749 ], [ 139.734043, 35.564605 ], [ 139.733919, 35.564522 ], [ 139.733814, 35.564431 ], [ 139.733701, 35.564299 ], [ 139.733696, 35.564274 ], [ 139.733812, 35.563971 ], [ 139.733807, 35.563942 ], [ 139.733692, 35.563836 ], [ 139.733385, 35.563602 ], [ 139.7328, 35.563175 ], [ 139.73252, 35.562986 ], [ 139.732247, 35.562795 ], [ 139.732071, 35.562677 ], [ 139.731938, 35.562603 ], [ 139.731878, 35.56259 ], [ 139.731808, 35.562583 ], [ 139.731417, 35.562551 ], [ 139.730687, 35.562482 ], [ 139.730513, 35.562891 ], [ 139.730497, 35.562971 ], [ 139.730536, 35.563323 ], [ 139.730578, 35.563893 ], [ 139.730645, 35.564476 ], [ 139.730747, 35.564948 ], [ 139.730838, 35.565327 ], [ 139.730851, 35.565424 ], [ 139.730858, 35.565482 ], [ 139.73085, 35.565887 ], [ 139.730507, 35.565875 ], [ 139.730357, 35.565867 ], [ 139.730062, 35.565855 ], [ 139.729685, 35.565837 ], [ 139.729437, 35.566301 ], [ 139.729796, 35.566357 ], [ 139.729976, 35.566381 ], [ 139.73019, 35.566411 ], [ 139.730208, 35.566414 ], [ 139.730637, 35.56648 ], [ 139.731269, 35.566565 ], [ 139.732015, 35.566689 ], [ 139.732162, 35.566705 ], [ 139.732542, 35.56668 ], [ 139.732893, 35.566657 ], [ 139.733702, 35.566606 ] ] ] } },
{ "type": "Feature", "properties": { "key": "大田区|大森西1丁目", "ward": "大田区", "town": "大森西一丁目" }, "geometry": { "type": "Polygon", "coordinates": [ [ [ 139.724519, 35.575136 ], [ 139.724211, 35.575135 ], [ 139.723685, 35.575136 ], [ 139.723629, 35.575135 ], [ 139.723483, 35.575135 ], [ 139.723474, 35.575135 ], [ 139.723199, 35.575134 ], [ 139.722856, 35.575133 ], [ 139.72284, 35.575133 ], [ 139.721997, 35.575136 ], [ 139.721638, 35.575123 ], [ 139.721595, 35.575134 ], [ 139.721197, 35.575238 ], [ 139.721216, 35.575283 ], [ 139.721404, 35.575722 ], [ 139.721411, 35.575739 ], [ 139.721627, 35.576245 ], [ 139.72173, 35.576485 ], [ 139.721844, 35.576751 ], [ 139.721856, 35.576781 ], [ 139.72187, 35.576814 ], [ 139.722042, 35.577217 ], [ 139.722161, 35.577495 ], [ 139.722265, 35.577749 ], [ 139.722271, 35.577765 ], [ 139.722459, 35.578264 ], [ 139.722633, 35.578651 ], [ 139.722655, 35.578663 ], [ 139.722668, 35.578729 ], [ 139.722882, 35.579242 ], [ 139.7229, 35.579286 ], [ 139.722915, 35.57932 ], [ 139.723009, 35.579536 ], [ 139.723333, 35.580339 ], [ 139.723412, 35.580533 ], [ 139.723492, 35.580576 ], [ 139.724202, 35.580389 ], [ 139.724224, 35.580383 ], [ 139.724653, 35.580271 ], [ 139.724809, 35.580229 ], [ 139.725143, 35.580138 ], [ 139.725161, 35.580134 ], [ 139.72553, 35.580044 ], [ 139.725699, 35.579999 ], [ 139.725765, 35.579981 ], [ 139.726329, 35.579831 ], [ 139.726377, 35.579817 ], [ 139.726439, 35.579802 ], [ 139.726747, 35.579725 ], [ 139.727507, 35.579534 ], [ 139.727511, 35.579533 ], [ 139.727876, 35.579442 ], [ 139.727931, 35.579428 ], [ 139.727857, 35.579206 ], [ 139.727729, 35.578974 ], [ 139.727634, 35.578793 ], [ 139.727333, 35.578191 ], [ 139.727134, 35.577811 ], [ 139.726925, 35.577406 ], [ 139.726877, 35.577314 ], [ 139.726689, 35.576951 ], [ 139.72663, 35.576819 ], [ 139.726233, 35.576058 ], [ 139.725909, 35.575437 ], [ 139.725765, 35.575159 ], [ 139.724519, 35.575136 ] ] ] } },
{ "type": "Feature", "properties": { "key": "大田区|大森西2丁目", "ward": "大田区", "town": "大森西二丁目" }, "geometry": { "type": "Polygon", "coordinates": [ [ [ 139.734298, 35.575226 ], [ 139.734146, 35.575234 ], [ 139.733846, 35.57522 ], [ 139.733784, 35.57521 ], [ 139.733375, 35.575196 ], [ 139.733189, 35.575197 ], [ 139.732219, 35.575189 ], [ 139.731471, 35.575186 ], [ 139.730914, 35.575173 ], [ 139.730388, 35.575179 ], [ 139.730177, 35.575177 ], [ 139.729744, 35.575174 ], [ 139.729502, 35.575174 ], [ 139.728644, 35.575174 ], [ 139.728457, 35.575174 ], [ 139.728031, 35.575162 ], [ 139.727768, 35.575155 ], [ 139.727504, 35.575152 ], [ 139.72738, 35.575151 ], [ 139.727206, 35.57515 ], [ 139.726895, 35.575147 ], [ 139.726873, 35.575147 ], [ 139.726556, 35.575147 ], [ 139.726218, 35.575153 ], [ 139.725941, 35.575157 ], [ 139.725765, 35.575159 ], [ 139.725909, 35.575437 ], [ 139.726233, 35.576058 ], [ 139.72663, 35.576819 ], [ 139.726689, 35.576951 ], [ 139.726877, 35.577314 ], [ 139.726925, 35.577406 ], [ 139.727134, 35.577811 ], [ 139.727333, 35.578191 ], [ 139.727634, 35.578793 ], [ 139.727729, 35.578974 ], [ 139.727857, 35.579206 ], [ 139.727931, 35.579428 ], [ 139.728013, 35.579407 ], [ 139.728559, 35.57927 ], [ 139.728601, 35.579259 ], [ 139.728646, 35.579248 ], [ 139.728734, 35.579226 ], [ 139.729073, 35.579141 ], [ 139.729263, 35.579093 ], [ 139.729678, 35.578973 ], [ 139.72969, 35.57897 ], [ 139.729907, 35.578919 ], [ 139.730634, 35.578784 ], [ 139.731007, 35.578697 ], [ 139.731515, 35.578603 ], [ 139.731774, 35.578554 ], [ 139.732188, 35.578467 ], [ 139.732937, 35.578277 ], [ 139.733165, 35.57822 ], [ 139.733674, 35.578092 ], [ 139.733959, 35.57802 ], [ 139.734475, 35.577887 ], [ 139.734485, 35.577886 ], [ 139.734703, 35.577848 ], [ 139.735142, 35.577769 ], [ 139.735147, 35.577765 ], [ 139.734825, 35.57679 ], [ 139.734706, 35.576412 ], [ 139.734571, 35.576036 ], [ 139.73454, 35.575929 ], [ 139.734426, 35.575609 ], [ 139.734298, 35.575226 ] ] ] } },
{ "type": "Feature", "properties": { "key": "大田区|大森西3丁目", "ward": "大田区", "town": "大森西三丁目" }, "geometry": { "type": "Polygon", "coordinates": [ [ [ 139.734267, 35.575128 ], [ 139.734204, 35.574935 ], [ 139.734032, 35.574403 ], [ 139.73396, 35.574181 ], [ 139.733913, 35.573952 ], [ 139.733924, 35.573808 ], [ 139.733808, 35.573746 ], [ 139.733702, 35.573436 ], [ 139.733603, 35.57323 ], [ 139.733516, 35.57311 ], [ 139.733365, 35.572898 ], [ 139.733012, 35.572465 ], [ 139.732769, 35.572158 ], [ 139.732734, 35.572115 ], [ 139.732508, 35.571831 ], [ 139.732438, 35.57175 ], [ 139.73218, 35.571842 ], [ 139.732145, 35.571854 ], [ 139.731711, 35.572006 ], [ 139.731697, 35.572015 ], [ 139.731569, 35.572077 ], [ 139.731183, 35.572126 ], [ 139.730919, 35.572131 ], [ 139.730702, 35.572126 ], [ 139.730414, 35.572126 ], [ 139.729905, 35.572125 ], [ 139.729818, 35.572125 ], [ 139.729793, 35.572126 ], [ 139.729201, 35.572188 ], [ 139.729081, 35.572202 ], [ 139.728725, 35.57225 ], [ 139.728666, 35.572257 ], [ 139.728447, 35.572287 ], [ 139.728057, 35.572333 ], [ 139.727385, 35.57242 ], [ 139.727353, 35.572424 ], [ 139.727077, 35.572456 ], [ 139.726948, 35.572468 ], [ 139.726735, 35.572488 ], [ 139.726637, 35.572506 ], [ 139.726616, 35.572509 ], [ 139.726006, 35.572579 ], [ 139.725246, 35.572671 ], [ 139.725235, 35.572672 ], [ 139.724657, 35.572739 ], [ 139.724641, 35.572754 ], [ 139.724708, 35.572942 ], [ 139.724757, 35.573131 ], [ 139.724875, 35.573375 ], [ 139.724879, 35.573385 ], [ 139.72496, 35.573559 ], [ 139.725062, 35.573763 ], [ 139.725312, 35.574234 ], [ 139.725765, 35.575159 ], [ 139.725941, 35.575157 ], [ 139.726218, 35.575153 ], [ 139.726556, 35.575147 ], [ 139.726873, 35.575147 ], [ 139.726895, 35.575147 ], [ 139.727206, 35.57515 ], [ 139.72738, 35.575151 ], [ 139.727504, 35.575152 ], [ 139.727768, 35.575155 ], [ 139.728031, 35.575162 ], [ 139.728457, 35.575174 ], [ 139.728644, 35.575174 ], [ 139.729502, 35.575174 ], [ 139.729744, 35.575174 ], [ 139.730177, 35.575177 ], [ 139.730388, 35.575179 ], [ 139.730914, 35.575173 ], [ 139.731471, 35.575186 ], [ 139.732219, 35.575189 ], [ 139.733189, 35.575197 ], [ 139.733375, 35.575196 ], [ 139.733784, 35.57521 ], [ 139.733846, 35.57522 ], [ 139.734146, 35.575234 ], [ 139.734298, 35.575226 ], [ 139.734267, 35.575128 ] ] ] } },
{ "type": "Feature", "properties": { "key": "大田区|大森西4丁目", "ward": "大田区", "town": "大森西四丁目" }, "geometry": { "type": "Polygon", "coordinates": [ [ [ 139.721638, 35.575123 ], [ 139.721997, 35.575136 ], [ 139.72284, 35.575133 ], [ 139.722856, 35.575133 ], [ 139.723199, 35.575134 ], [ 139.723474, 35.575135 ], [ 139.723483, 35.575135 ], [ 139.723629, 35.575135 ], [ 139.723685, 35.575136 ], [ 139.724211, 35.575135 ], [ 139.724519, 35.575136 ], [ 139.725765, 35.575159 ], [ 139.725312, 35.574234 ], [ 139.725062, 35.573763 ], [ 139.72496, 35.573559 ], [ 139.724879, 35.573385 ], [ 139.724875, 35.573375 ], [ 139.724757, 35.573131 ], [ 139.724708, 35.572942 ], [ 139.724641, 35.572754 ], [ 139.724657, 35.572739 ], [ 139.724582, 35.572541 ], [ 139.724571, 35.572511 ], [ 139.724364, 35.571962 ], [ 139.724181, 35.571447 ], [ 139.72393, 35.570698 ], [ 139.72383, 35.570401 ], [ 139.723739, 35.570422 ], [ 139.72314, 35.570586 ], [ 139.723053, 35.57061 ], [ 139.722869, 35.570661 ], [ 139.722749, 35.570694 ], [ 139.722108, 35.570871 ], [ 139.721743, 35.570974 ], [ 139.7214, 35.571071 ], [ 139.721113, 35.571151 ], [ 139.720787, 35.571243 ], [ 139.720752, 35.571253 ], [ 139.720411, 35.571349 ], [ 139.719729, 35.57154 ], [ 139.719742, 35.571571 ], [ 139.719888, 35.571914 ], [ 139.720035, 35.572258 ], [ 139.720318, 35.572923 ], [ 139.72037, 35.573044 ], [ 139.720497, 35.573372 ], [ 139.7206, 35.573621 ], [ 139.720601, 35.573675 ], [ 139.720571, 35.57374 ], [ 139.720685, 35.574006 ], [ 139.720686, 35.574009 ], [ 139.72084, 35.574394 ], [ 139.720866, 35.574454 ], [ 139.721036, 35.574848 ], [ 139.72104, 35.574856 ], [ 139.721197, 35.575238 ], [ 139.721595, 35.575134 ], [ 139.721638, 35.575123 ] ] ] } },
{ "type": "Feature", "properties": { "key": "大田区|大森西5丁目", "ward": "大田区", "town": "大森西五丁目" }, "geometry": { "type": "Polygon", "coordinates": [ [ [ 139.730702, 35.572126 ], [ 139.730919, 35.572131 ], [ 139.731183, 35.572126 ], [ 139.731569, 35.572077 ], [ 139.731697, 35.572015 ], [ 139.731711, 35.572006 ], [ 139.732145, 35.571854 ], [ 139.73218, 35.571842 ], [ 139.732438, 35.57175 ], [ 139.732401, 35.571704 ], [ 139.73221, 35.571458 ], [ 139.732196, 35.571434 ], [ 139.732013, 35.571203 ], [ 139.731872, 35.571025 ], [ 139.731583, 35.570655 ], [ 139.731469, 35.570509 ], [ 139.731328, 35.57032 ], [ 139.73089, 35.56974 ], [ 139.730783, 35.569598 ], [ 139.730623, 35.569389 ], [ 139.730509, 35.569238 ], [ 139.730243, 35.568884 ], [ 139.729683, 35.56897 ], [ 139.729147, 35.569044 ], [ 139.729069, 35.569055 ], [ 139.728506, 35.569135 ], [ 139.728151, 35.569225 ], [ 139.727918, 35.569288 ], [ 139.727797, 35.569321 ], [ 139.727257, 35.56947 ], [ 139.72673, 35.569615 ], [ 139.726173, 35.569761 ], [ 139.725594, 35.569928 ], [ 139.725143, 35.570054 ], [ 139.725106, 35.570065 ], [ 139.72383, 35.570401 ], [ 139.72393, 35.570698 ], [ 139.724181, 35.571447 ], [ 139.724364, 35.571962 ], [ 139.724571, 35.572511 ], [ 139.724582, 35.572541 ], [ 139.724657, 35.572739 ], [ 139.725235, 35.572672 ], [ 139.725246, 35.572671 ], [ 139.726006, 35.572579 ], [ 139.726616, 35.572509 ], [ 139.726637, 35.572506 ], [ 139.726735, 35.572488 ], [ 139.726948, 35.572468 ], [ 139.727077, 35.572456 ], [ 139.727353, 35.572424 ], [ 139.727385, 35.57242 ], [ 139.728057, 35.572333 ], [ 139.728447, 35.572287 ], [ 139.728666, 35.572257 ], [ 139.728725, 35.57225 ], [ 139.729081, 35.572202 ], [ 139.729201, 35.572188 ], [ 139.729793, 35.572126 ], [ 139.729818, 35.572125 ], [ 139.729905, 35.572125 ], [ 139.730414, 35.572126 ], [ 139.730702, 35.572126 ] ] ] } },
{ "type": "Feature", "properties": { "key": "大田区|大森西6丁目", "ward": "大田区", "town": "大森西六丁目" }, "geometry": { "type": "Polygon", "coordinates": [ [ [ 139.728845, 35.567037 ], [ 139.728841, 35.56704 ], [ 139.728616, 35.567206 ], [ 139.728537, 35.567243 ], [ 139.728499, 35.567252 ], [ 139.728325, 35.567288 ], [ 139.72739, 35.567462 ], [ 139.727188, 35.567492 ], [ 139.726436, 35.567632 ], [ 139.725527, 35.567821 ], [ 139.725502, 35.567828 ], [ 139.725311, 35.567868 ], [ 139.72439, 35.568067 ], [ 139.724088, 35.568125 ], [ 139.72408, 35.568127 ], [ 139.723927, 35.568163 ], [ 139.723474, 35.568259 ], [ 139.723172, 35.568323 ], [ 139.72326, 35.568581 ], [ 139.723321, 35.568855 ], [ 139.723495, 35.569386 ], [ 139.723664, 35.569876 ], [ 139.72383, 35.570401 ], [ 139.725106, 35.570065 ], [ 139.725143, 35.570054 ], [ 139.725594, 35.569928 ], [ 139.726173, 35.569761 ], [ 139.72673, 35.569615 ], [ 139.727257, 35.56947 ], [ 139.727797, 35.569321 ], [ 139.727918, 35.569288 ], [ 139.728151, 35.569225 ], [ 139.728506, 35.569135 ], [ 139.729069, 35.569055 ], [ 139.729147, 35.569044 ], [ 139.729683, 35.56897 ], [ 139.730243, 35.568884 ], [ 139.730219, 35.568853 ], [ 139.729933, 35.568476 ], [ 139.729924, 35.568464 ], [ 139.729634, 35.568082 ], [ 139.729616, 35.56806 ], [ 139.729563, 35.567996 ], [ 139.72936, 35.567722 ], [ 139.728845, 35.567037 ] ] ] } },
{ "type": "Feature", "properties": { "key": "大田区|大森西7丁目", "ward": "大田区", "town": "大森西七丁目" }, "geometry": { "type": "Polygon", "coordinates": [ [ [ 139.723172, 35.568323 ], [ 139.722479, 35.568469 ], [ 139.722132, 35.568542 ], [ 139.721958, 35.568578 ], [ 139.721334, 35.56871 ], [ 139.720762, 35.568835 ], [ 139.72034, 35.568926 ], [ 139.720251, 35.568946 ], [ 139.720181, 35.568962 ], [ 139.719546, 35.569096 ], [ 139.719355, 35.569139 ], [ 139.718992, 35.56922 ], [ 139.718806, 35.569263 ], [ 139.718987, 35.56971 ], [ 139.719158, 35.570132 ], [ 139.719177, 35.570178 ], [ 139.719282, 35.570459 ], [ 139.719479, 35.570922 ], [ 139.719729, 35.57154 ], [ 139.720411, 35.571349 ], [ 139.720752, 35.571253 ], [ 139.720787, 35.571243 ], [ 139.721113, 35.571151 ], [ 139.7214, 35.571071 ], [ 139.721743, 35.570974 ], [ 139.722108, 35.570871 ], [ 139.722749, 35.570694 ], [ 139.722869, 35.570661 ], [ 139.723053, 35.57061 ], [ 139.72314, 35.570586 ], [ 139.723739, 35.570422 ], [ 139.72383, 35.570401 ], [ 139.723664, 35.569876 ], [ 139.723495, 35.569386 ], [ 139.723321, 35.568855 ], [ 139.72326, 35.568581 ], [ 139.723172, 35.568323 ] ] ] } },
{ "type": "Feature", "properties": { "key": "大田区|大森北1丁目", "ward": "大田区", "town": "大森北一丁目" }, "geometry": { "type": "Polygon", "coordinates": [ [ [ 139.729927, 35.587254 ], [ 139.730286, 35.587263 ], [ 139.730506, 35.587269 ], [ 139.730796, 35.587277 ], [ 139.73136, 35.587293 ], [ 139.731967, 35.587319 ], [ 139.732147, 35.587323 ], [ 139.731867, 35.586797 ], [ 139.731604, 35.586321 ], [ 139.731535, 35.586197 ], [ 139.731497, 35.586128 ], [ 139.731431, 35.586012 ], [ 139.731389, 35.585938 ], [ 139.731259, 35.585712 ], [ 139.730983, 35.585215 ], [ 139.730879, 35.585026 ], [ 139.730766, 35.584824 ], [ 139.730754, 35.584824 ], [ 139.730187, 35.584814 ], [ 139.729868, 35.58481 ], [ 139.729457, 35.584805 ], [ 139.729169, 35.58479 ], [ 139.728919, 35.584787 ], [ 139.728874, 35.584787 ], [ 139.728635, 35.584785 ], [ 139.728531, 35.584784 ], [ 139.728242, 35.58478 ], [ 139.728092, 35.584776 ], [ 139.727887, 35.58477 ], [ 139.727736, 35.584772 ], [ 139.727482, 35.584814 ], [ 139.727346, 35.584848 ], [ 139.727168, 35.584905 ], [ 139.727127, 35.584965 ], [ 139.727085, 35.584983 ], [ 139.726719, 35.585141 ], [ 139.726345, 35.585313 ], [ 139.72633, 35.585319 ], [ 139.726124, 35.585409 ], [ 139.725818, 35.585547 ], [ 139.725807, 35.585552 ], [ 139.726373, 35.586423 ], [ 139.726391, 35.586422 ], [ 139.726761, 35.586993 ], [ 139.727169, 35.587618 ], [ 139.728271, 35.589303 ], [ 139.728882, 35.590236 ], [ 139.729361, 35.59011 ], [ 139.729151, 35.589619 ], [ 139.729253, 35.589595 ], [ 139.729866, 35.589467 ], [ 139.729473, 35.588734 ], [ 139.729407, 35.588579 ], [ 139.7294, 35.588386 ], [ 139.729408, 35.588286 ], [ 139.729442, 35.588159 ], [ 139.729735, 35.587594 ], [ 139.729885, 35.587332 ], [ 139.729927, 35.587254 ] ] ] } },
{ "type": "Feature", "properties": { "key": "大田区|大森北2丁目", "ward": "大田区", "town": "大森北二丁目" }, "geometry": { "type": "Polygon", "coordinates": [ [ [ 139.735187, 35.584384 ], [ 139.73518, 35.584385 ], [ 139.734893, 35.584388 ], [ 139.734631, 35.584403 ], [ 139.734612, 35.584404 ], [ 139.734258, 35.584439 ], [ 139.734107, 35.584456 ], [ 139.733964, 35.584489 ], [ 139.733933, 35.584493 ], [ 139.733736, 35.58452 ], [ 139.733115, 35.584604 ], [ 139.733032, 35.584629 ], [ 139.732964, 35.584635 ], [ 139.732415, 35.584686 ], [ 139.732231, 35.584703 ], [ 139.731719, 35.58474 ], [ 139.731708, 35.584741 ], [ 139.731054, 35.584803 ], [ 139.730766, 35.584824 ], [ 139.730879, 35.585026 ], [ 139.730983, 35.585215 ], [ 139.731259, 35.585712 ], [ 139.731389, 35.585938 ], [ 139.731431, 35.586012 ], [ 139.731497, 35.586128 ], [ 139.731535, 35.586197 ], [ 139.731604, 35.586321 ], [ 139.731867, 35.586797 ], [ 139.732147, 35.587323 ], [ 139.732266, 35.587326 ], [ 139.732412, 35.587334 ], [ 139.732627, 35.58734 ], [ 139.732842, 35.587346 ], [ 139.733075, 35.587353 ], [ 139.733349, 35.587358 ], [ 139.733386, 35.587359 ], [ 139.733631, 35.587347 ], [ 139.734074, 35.587324 ], [ 139.734512, 35.587302 ], [ 139.734549, 35.5873 ], [ 139.73487, 35.587279 ], [ 139.734955, 35.587274 ], [ 139.735245, 35.587258 ], [ 139.735376, 35.587251 ], [ 139.735547, 35.587242 ], [ 139.735622, 35.586787 ], [ 139.735681, 35.586348 ], [ 139.735712, 35.586193 ], [ 139.735722, 35.586135 ], [ 139.735747, 35.586016 ], [ 139.735754, 35.585973 ], [ 139.735782, 35.585792 ], [ 139.735803, 35.585687 ], [ 139.735894, 35.585172 ], [ 139.73598, 35.584713 ], [ 139.736023, 35.584462 ], [ 139.735692, 35.584432 ], [ 139.735318, 35.584398 ], [ 139.735309, 35.584396 ], [ 139.735187, 35.584384 ] ] ] } },
{ "type": "Feature", "properties": { "key": "大田区|大森北3丁目", "ward": "大田区", "town": "大森北三丁目" }, "geometry": { "type": "Polygon", "coordinates": [ [ [ 139.735187, 35.584384 ], [ 139.735309, 35.584396 ], [ 139.735318, 35.584398 ], [ 139.735692, 35.584432 ], [ 139.736023, 35.584462 ], [ 139.736039, 35.584417 ], [ 139.736128, 35.583836 ], [ 139.736191, 35.583427 ], [ 139.736509, 35.583429 ], [ 139.736595, 35.582985 ], [ 139.736599, 35.582874 ], [ 139.736609, 35.582692 ], [ 139.73661, 35.582476 ], [ 139.73661, 35.58244 ], [ 139.736595, 35.582316 ], [ 139.736576, 35.582151 ], [ 139.736565, 35.582055 ], [ 139.736537, 35.581923 ], [ 139.736489, 35.581777 ], [ 139.736479, 35.581745 ], [ 139.736371, 35.581414 ], [ 139.736366, 35.581399 ], [ 139.735883, 35.58139 ], [ 139.735489, 35.581391 ], [ 139.73547, 35.58139 ], [ 139.734858, 35.581374 ], [ 139.734841, 35.581374 ], [ 139.7341, 35.581362 ], [ 139.733818, 35.581348 ], [ 139.733433, 35.581315 ], [ 139.733285, 35.581273 ], [ 139.733121, 35.581214 ], [ 139.733046, 35.581177 ], [ 139.732927, 35.581117 ], [ 139.732909, 35.581111 ], [ 139.732681, 35.581025 ], [ 139.732235, 35.580945 ], [ 139.731518, 35.580796 ], [ 139.731129, 35.580891 ], [ 139.730833, 35.580964 ], [ 139.730831, 35.580964 ], [ 139.730632, 35.581006 ], [ 139.730615, 35.58101 ], [ 139.730497, 35.581035 ], [ 139.729823, 35.581181 ], [ 139.729142, 35.58133 ], [ 139.72889, 35.581391 ], [ 139.729095, 35.581772 ], [ 139.729102, 35.581801 ], [ 139.729309, 35.582217 ], [ 139.72953, 35.582588 ], [ 139.729548, 35.58262 ], [ 139.729735, 35.58296 ], [ 139.729741, 35.582988 ], [ 139.730198, 35.583797 ], [ 139.730295, 35.583963 ], [ 139.73048, 35.584292 ], [ 139.730754, 35.584824 ], [ 139.730766, 35.584824 ], [ 139.731054, 35.584803 ], [ 139.731708, 35.584741 ], [ 139.731719, 35.58474 ], [ 139.732231, 35.584703 ], [ 139.732415, 35.584686 ], [ 139.732964, 35.584635 ], [ 139.733032, 35.584629 ], [ 139.733115, 35.584604 ], [ 139.733736, 35.58452 ], [ 139.733933, 35.584493 ], [ 139.733964, 35.584489 ], [ 139.734107, 35.584456 ], [ 139.734258, 35.584439 ], [ 139.734612, 35.584404 ], [ 139.734631, 35.584403 ], [ 139.734893, 35.584388 ], [ 139.73518, 35.584385 ], [ 139.735187, 35.584384 ] ] ] } },
{ "type": "Feature", "properties": { "key": "大田区|大森北4丁目", "ward": "大田区", "town": "大森北四丁目" }, "geometry": { "type": "Polygon", "coordinates": [ [ [ 139.727887, 35.58477 ], [ 139.728092, 35.584776 ], [ 139.728242, 35.58478 ], [ 139.728531, 35.584784 ], [ 139.728635, 35.584785 ], [ 139.728874, 35.584787 ], [ 139.728919, 35.584787 ], [ 139.729169, 35.58479 ], [ 139.729457, 35.584805 ], [ 139.729868, 35.58481 ], [ 139.730187, 35.584814 ], [ 139.730754, 35.584824 ], [ 139.73048, 35.584292 ], [ 139.730295, 35.583963 ], [ 139.730198, 35.583797 ], [ 139.729741, 35.582988 ], [ 139.729735, 35.58296 ], [ 139.729548, 35.58262 ], [ 139.72953, 35.582588 ], [ 139.729309, 35.582217 ], [ 139.729102, 35.581801 ], [ 139.729095, 35.581772 ], [ 139.72889, 35.581391 ], [ 139.72887, 35.581396 ], [ 139.728234, 35.581539 ], [ 139.728038, 35.581586 ], [ 139.727918, 35.581615 ], [ 139.727864, 35.581627 ], [ 139.727635, 35.581679 ], [ 139.727168, 35.581786 ], [ 139.727155, 35.581792 ], [ 139.726457, 35.581945 ], [ 139.725929, 35.582061 ], [ 139.725923, 35.582059 ], [ 139.725001, 35.582259 ], [ 139.724889, 35.582285 ], [ 139.724248, 35.582338 ], [ 139.724615, 35.583255 ], [ 139.724679, 35.583404 ], [ 139.724826, 35.583763 ], [ 139.724936, 35.583964 ], [ 139.725133, 35.584303 ], [ 139.725347, 35.584713 ], [ 139.725462, 35.58493 ], [ 139.725622, 35.585232 ], [ 139.725818, 35.585547 ], [ 139.726124, 35.585409 ], [ 139.72633, 35.585319 ], [ 139.726345, 35.585313 ], [ 139.726719, 35.585141 ], [ 139.727085, 35.584983 ], [ 139.727127, 35.584965 ], [ 139.727168, 35.584905 ], [ 139.727346, 35.584848 ], [ 139.727482, 35.584814 ], [ 139.727736, 35.584772 ], [ 139.727887, 35.58477 ] ] ] } },
{ "type": "Feature", "properties": { "key": "大田区|大森北5丁目", "ward": "大田区", "town": "大森北五丁目" }, "geometry": { "type": "Polygon", "coordinates": [ [ [ 139.725923, 35.582059 ], [ 139.725929, 35.582061 ], [ 139.726457, 35.581945 ], [ 139.727155, 35.581792 ], [ 139.727168, 35.581786 ], [ 139.727635, 35.581679 ], [ 139.727864, 35.581627 ], [ 139.727918, 35.581615 ], [ 139.728038, 35.581586 ], [ 139.728234, 35.581539 ], [ 139.72887, 35.581396 ], [ 139.728662, 35.580985 ], [ 139.728594, 35.580816 ], [ 139.728485, 35.580641 ], [ 139.728275, 35.580237 ], [ 139.728056, 35.579824 ], [ 139.727876, 35.579442 ], [ 139.727511, 35.579533 ], [ 139.727507, 35.579534 ], [ 139.726747, 35.579725 ], [ 139.726439, 35.579802 ], [ 139.726377, 35.579817 ], [ 139.726329, 35.579831 ], [ 139.725765, 35.579981 ], [ 139.725699, 35.579999 ], [ 139.72553, 35.580044 ], [ 139.725161, 35.580134 ], [ 139.725143, 35.580138 ], [ 139.724809, 35.580229 ], [ 139.724653, 35.580271 ], [ 139.724224, 35.580383 ], [ 139.724202, 35.580389 ], [ 139.723492, 35.580576 ], [ 139.723658, 35.580979 ], [ 139.723778, 35.581259 ], [ 139.72387, 35.581476 ], [ 139.723963, 35.581695 ], [ 139.724037, 35.581854 ], [ 139.724225, 35.582302 ], [ 139.724248, 35.582338 ], [ 139.724889, 35.582285 ], [ 139.725001, 35.582259 ], [ 139.725923, 35.582059 ] ] ] } },
{ "type": "Feature", "properties": { "key": "大田区|大森北6丁目", "ward": "大田区", "town": "大森北六丁目" }, "geometry": { "type": "Polygon", "coordinates": [ [ [ 139.731518, 35.580796 ], [ 139.732235, 35.580945 ], [ 139.732681, 35.581025 ], [ 139.732909, 35.581111 ], [ 139.732927, 35.581117 ], [ 139.733046, 35.581177 ], [ 139.733121, 35.581214 ], [ 139.733285, 35.581273 ], [ 139.733433, 35.581315 ], [ 139.733818, 35.581348 ], [ 139.7341, 35.581362 ], [ 139.734841, 35.581374 ], [ 139.734858, 35.581374 ], [ 139.73547, 35.58139 ], [ 139.735489, 35.581391 ], [ 139.735883, 35.58139 ], [ 139.736366, 35.581399 ], [ 139.736173, 35.580806 ], [ 139.73602, 35.580334 ], [ 139.735894, 35.579982 ], [ 139.735853, 35.579868 ], [ 139.735821, 35.579771 ], [ 139.735769, 35.579619 ], [ 139.735724, 35.579511 ], [ 139.735682, 35.57938 ], [ 139.735628, 35.579232 ], [ 139.735595, 35.579127 ], [ 139.735582, 35.579074 ], [ 139.735541, 35.578934 ], [ 139.735499, 35.578807 ], [ 139.735492, 35.578787 ], [ 139.735379, 35.578482 ], [ 139.735359, 35.578421 ], [ 139.735142, 35.577769 ], [ 139.734703, 35.577848 ], [ 139.734485, 35.577886 ], [ 139.734475, 35.577887 ], [ 139.733959, 35.57802 ], [ 139.733674, 35.578092 ], [ 139.733165, 35.57822 ], [ 139.732937, 35.578277 ], [ 139.732188, 35.578467 ], [ 139.731774, 35.578554 ], [ 139.731515, 35.578603 ], [ 139.731007, 35.578697 ], [ 139.730634, 35.578784 ], [ 139.729907, 35.578919 ], [ 139.72969, 35.57897 ], [ 139.729678, 35.578973 ], [ 139.729263, 35.579093 ], [ 139.729073, 35.579141 ], [ 139.728734, 35.579226 ], [ 139.728646, 35.579248 ], [ 139.728601, 35.579259 ], [ 139.728559, 35.57927 ], [ 139.728013, 35.579407 ], [ 139.727931, 35.579428 ], [ 139.727876, 35.579442 ], [ 139.728056, 35.579824 ], [ 139.728275, 35.580237 ], [ 139.728485, 35.580641 ], [ 139.728594, 35.580816 ], [ 139.728662, 35.580985 ], [ 139.72887, 35.581396 ], [ 139.72889, 35.581391 ], [ 139.729142, 35.58133 ], [ 139.729823, 35.581181 ], [ 139.730497, 35.581035 ], [ 139.730615, 35.58101 ], [ 139.730632, 35.581006 ], [ 139.730831, 35.580964 ], [ 139.730833, 35.580964 ], [ 139.731129, 35.580891 ], [ 139.731518, 35.580796 ] ] ] } },
{ "type": "Feature", "properties": { "key": "大田区|大森本町1丁目", "ward": "大田区", "town": "大森本町一丁目" }, "geometry": { "type": "Polygon", "coordinates": [ [ [ 139.737271, 35.586959 ], [ 139.737421, 35.586311 ], [ 139.737495, 35.585992 ], [ 139.737497, 35.585857 ], [ 139.737563, 35.585392 ], [ 139.737706, 35.585346 ], [ 139.737566, 35.585288 ], [ 139.737665, 35.584563 ], [ 139.737743, 35.584015 ], [ 139.737797, 35.583585 ], [ 139.737975, 35.583618 ], [ 139.737848, 35.583211 ], [ 139.737861, 35.583111 ], [ 139.737869, 35.583112 ], [ 139.737874, 35.582849 ], [ 139.73811, 35.582484 ], [ 139.738183, 35.582385 ], [ 139.738235, 35.582314 ], [ 139.738276, 35.582183 ], [ 139.738305, 35.582063 ], [ 139.738436, 35.581438 ], [ 139.737561, 35.581374 ], [ 139.737536, 35.581372 ], [ 139.736858, 35.581322 ], [ 139.736841, 35.581421 ], [ 139.736819, 35.581419 ], [ 139.736799, 35.581408 ], [ 139.736371, 35.581414 ], [ 139.736479, 35.581745 ], [ 139.736489, 35.581777 ], [ 139.736537, 35.581923 ], [ 139.736565, 35.582055 ], [ 139.736576, 35.582151 ], [ 139.736595, 35.582316 ], [ 139.73661, 35.58244 ], [ 139.73661, 35.582476 ], [ 139.736609, 35.582692 ], [ 139.736599, 35.582874 ], [ 139.736595, 35.582985 ], [ 139.736509, 35.583429 ], [ 139.736191, 35.583427 ], [ 139.736128, 35.583836 ], [ 139.736039, 35.584417 ], [ 139.736023, 35.584462 ], [ 139.73598, 35.584713 ], [ 139.735894, 35.585172 ], [ 139.735803, 35.585687 ], [ 139.735782, 35.585792 ], [ 139.735754, 35.585973 ], [ 139.735747, 35.586016 ], [ 139.735722, 35.586135 ], [ 139.735712, 35.586193 ], [ 139.735681, 35.586348 ], [ 139.735622, 35.586787 ], [ 139.735547, 35.587242 ], [ 139.735797, 35.587228 ], [ 139.735807, 35.587406 ], [ 139.735837, 35.587928 ], [ 139.73602, 35.58794 ], [ 139.736215, 35.587953 ], [ 139.736411, 35.587967 ], [ 139.736578, 35.587978 ], [ 139.736735, 35.587989 ], [ 139.736878, 35.587999 ], [ 139.736916, 35.588001 ], [ 139.737034, 35.588012 ], [ 139.737135, 35.587544 ], [ 139.737271, 35.586959 ] ] ] } },
{ "type": "Feature", "properties": { "key": "大田区|大森本町2丁目", "ward": "大田区", "town": "大森本町二丁目" }, "geometry": { "type": "Polygon", "coordinates": [ [ [ 139.738478, 35.581252 ], [ 139.738552, 35.580927 ], [ 139.738584, 35.580782 ], [ 139.738615, 35.580649 ], [ 139.738644, 35.580523 ], [ 139.738662, 35.58047 ], [ 139.738809, 35.58026 ], [ 139.738976, 35.580022 ], [ 139.739268, 35.579591 ], [ 139.739507, 35.579249 ], [ 139.739225, 35.579086 ], [ 139.738805, 35.578843 ], [ 139.738779, 35.578828 ], [ 139.738265, 35.578533 ], [ 139.737919, 35.578339 ], [ 139.738173, 35.577782 ], [ 139.738398, 35.577303 ], [ 139.738384, 35.577303 ], [ 139.737932, 35.577302 ], [ 139.737909, 35.577289 ], [ 139.737755, 35.577295 ], [ 139.737158, 35.577328 ], [ 139.736872, 35.577359 ], [ 139.736115, 35.577434 ], [ 139.736084, 35.577437 ], [ 139.736146, 35.577613 ], [ 139.735734, 35.577695 ], [ 139.735727, 35.577693 ], [ 139.735583, 35.57769 ], [ 139.735147, 35.577765 ], [ 139.735142, 35.577769 ], [ 139.735359, 35.578421 ], [ 139.735379, 35.578482 ], [ 139.735492, 35.578787 ], [ 139.735499, 35.578807 ], [ 139.735541, 35.578934 ], [ 139.735582, 35.579074 ], [ 139.735595, 35.579127 ], [ 139.735628, 35.579232 ], [ 139.735682, 35.57938 ], [ 139.735724, 35.579511 ], [ 139.735769, 35.579619 ], [ 139.735821, 35.579771 ], [ 139.735853, 35.579868 ], [ 139.735894, 35.579982 ], [ 139.73602, 35.580334 ], [ 139.736173, 35.580806 ], [ 139.736366, 35.581399 ], [ 139.736371, 35.581414 ], [ 139.736799, 35.581408 ], [ 139.736819, 35.581419 ], [ 139.736841, 35.581421 ], [ 139.736858, 35.581322 ], [ 139.737536, 35.581372 ], [ 139.737561, 35.581374 ], [ 139.738436, 35.581438 ], [ 139.738478, 35.581252 ] ] ] } },
{ "type": "Feature", "properties": { "key": "大田区|平和島1丁目", "ward": "大田区", "town": "平和島一丁目" }, "geometry": { "type": "Polygon", "coordinates": [ [ [ 139.739632, 35.583403 ], [ 139.739555, 35.583777 ], [ 139.739314, 35.584923 ], [ 139.738846, 35.587284 ], [ 139.739269, 35.58766 ], [ 139.739913, 35.587831 ], [ 139.740157, 35.587896 ], [ 139.740914, 35.587225 ], [ 139.742607, 35.585753 ], [ 139.742899, 35.585339 ], [ 139.743168, 35.58489 ], [ 139.743566, 35.584093 ], [ 139.742028, 35.58367 ], [ 139.741763, 35.583629 ], [ 139.741219, 35.583545 ], [ 139.740893, 35.583504 ], [ 139.740388, 35.583439 ], [ 139.739632, 35.583403 ] ] ] } },
{ "type": "Feature", "properties": { "key": "大田区|平和島2丁目", "ward": "大田区", "town": "平和島二丁目" }, "geometry": { "type": "Polygon", "coordinates": [ [ [ 139.743566, 35.584093 ], [ 139.743168, 35.58489 ], [ 139.742899, 35.585339 ], [ 139.742607, 35.585753 ], [ 139.740914, 35.587225 ], [ 139.740157, 35.587896 ], [ 139.741623, 35.588287 ], [ 139.74606, 35.589598 ], [ 139.747332, 35.588945 ], [ 139.747615, 35.588801 ], [ 139.747818, 35.588509 ], [ 139.748383, 35.587272 ], [ 139.748661, 35.586687 ], [ 139.749095, 35.585711 ], [ 139.748795, 35.585625 ], [ 139.747674, 35.585297 ], [ 139.747336, 35.585197 ], [ 139.746012, 35.584809 ], [ 139.744823, 35.584461 ], [ 139.743566, 35.584093 ] ] ] } },
{ "type": "Feature", "properties": { "key": "大田区|平和島3丁目", "ward": "大田区", "town": "平和島三丁目" }, "geometry": { "type": "Polygon", "coordinates": [ [ [ 139.745009, 35.581336 ], [ 139.744362, 35.582573 ], [ 139.743566, 35.584093 ], [ 139.744823, 35.584461 ], [ 139.746012, 35.584809 ], [ 139.747336, 35.585197 ], [ 139.747674, 35.585297 ], [ 139.748795, 35.585625 ], [ 139.749095, 35.585711 ], [ 139.749672, 35.585917 ], [ 139.749934, 35.586016 ], [ 139.750077, 35.58575 ], [ 139.749206, 35.585447 ], [ 139.749483, 35.584861 ], [ 139.749871, 35.584066 ], [ 139.750286, 35.583225 ], [ 139.749464, 35.582932 ], [ 139.748814, 35.582701 ], [ 139.74734, 35.582173 ], [ 139.747216, 35.582129 ], [ 139.745009, 35.581336 ] ] ] } },
{ "type": "Feature", "properties": { "key": "大田区|平和島4丁目", "ward": "大田区", "town": "平和島四丁目" }, "geometry": { "type": "Polygon", "coordinates": [ [ [ 139.740947, 35.579878 ], [ 139.740149, 35.580901 ], [ 139.739995, 35.58165 ], [ 139.739632, 35.583403 ], [ 139.740388, 35.583439 ], [ 139.740893, 35.583504 ], [ 139.741219, 35.583545 ], [ 139.741763, 35.583629 ], [ 139.742028, 35.58367 ], [ 139.743566, 35.584093 ], [ 139.744362, 35.582573 ], [ 139.745009, 35.581336 ], [ 139.741723, 35.580161 ], [ 139.740947, 35.579878 ] ] ] } },
{ "type": "Feature", "properties": { "key": "大田区|平和島5丁目", "ward": "大田区", "town": "平和島五丁目" }, "geometry": { "type": "Polygon", "coordinates": [ [ [ 139.748229, 35.575214 ], [ 139.748036, 35.575159 ], [ 139.747786, 35.575536 ], [ 139.747347, 35.575414 ], [ 139.746544, 35.575191 ], [ 139.746349, 35.575138 ], [ 139.746005, 35.575126 ], [ 139.745676, 35.575164 ], [ 139.745122, 35.57527 ], [ 139.74459, 35.575884 ], [ 139.743796, 35.576801 ], [ 139.743526, 35.577113 ], [ 139.743111, 35.577568 ], [ 139.741162, 35.579603 ], [ 139.740947, 35.579878 ], [ 139.741723, 35.580161 ], [ 139.745009, 35.581336 ], [ 139.746376, 35.57866 ], [ 139.74644, 35.578535 ], [ 139.747346, 35.576865 ], [ 139.747485, 35.576608 ], [ 139.747727, 35.576125 ], [ 139.747763, 35.576052 ], [ 139.748229, 35.575214 ] ] ] } },
{ "type": "Feature", "properties": { "key": "大田区|平和島6丁目", "ward": "大田区", "town": "平和島六丁目" }, "geometry": { "type": "Polygon", "coordinates": [ [ [ 139.748229, 35.575214 ], [ 139.747763, 35.576052 ], [ 139.747727, 35.576125 ], [ 139.747485, 35.576608 ], [ 139.747346, 35.576865 ], [ 139.74644, 35.578535 ], [ 139.746376, 35.57866 ], [ 139.745009, 35.581336 ], [ 139.747216, 35.582129 ], [ 139.74734, 35.582173 ], [ 139.748814, 35.582701 ], [ 139.749464, 35.582932 ], [ 139.750286, 35.583225 ], [ 139.75111, 35.583464 ], [ 139.751367, 35.583006 ], [ 139.750508, 35.582729 ], [ 139.751472, 35.580662 ], [ 139.751674, 35.580218 ], [ 139.75199, 35.579554 ], [ 139.752347, 35.578841 ], [ 139.751811, 35.57729 ], [ 139.75158, 35.577196 ], [ 139.751271, 35.57704 ], [ 139.750161, 35.576526 ], [ 139.750237, 35.576217 ], [ 139.748342, 35.575667 ], [ 139.748504, 35.575292 ], [ 139.748229, 35.575214 ] ] ] } },
{ "type": "Feature", "properties": { "key": "大田区|昭和島1丁目", "ward": "大田区", "town": "昭和島一丁目" }, "geometry": { "type": "Polygon", "coordinates": [ [ [ 139.748416, 35.56892 ], [ 139.747353, 35.569685 ], [ 139.747126, 35.569848 ], [ 139.746471, 35.569495 ], [ 139.746396, 35.569525 ], [ 139.746341, 35.569575 ], [ 139.746981, 35.569959 ], [ 139.746627, 35.570212 ], [ 139.745447, 35.571019 ], [ 139.745461, 35.571138 ], [ 139.745748, 35.573588 ], [ 139.746424, 35.57425 ], [ 139.746859, 35.574372 ], [ 139.747348, 35.57451 ], [ 139.748218, 35.574757 ], [ 139.748036, 35.575159 ], [ 139.748229, 35.575214 ], [ 139.748618, 35.574449 ], [ 139.748854, 35.573984 ], [ 139.748877, 35.573939 ], [ 139.749124, 35.573451 ], [ 139.749253, 35.573086 ], [ 139.749208, 35.572518 ], [ 139.749082, 35.571945 ], [ 139.748416, 35.56892 ] ] ] } },
{ "type": "Feature", "properties": { "key": "大田区|昭和島2丁目", "ward": "大田区", "town": "昭和島二丁目" }, "geometry": { "type": "Polygon", "coordinates": [ [ [ 139.754028, 35.574586 ], [ 139.754714, 35.573286 ], [ 139.754883, 35.573099 ], [ 139.754971, 35.573038 ], [ 139.755045, 35.572993 ], [ 139.755131, 35.572939 ], [ 139.755146, 35.57293 ], [ 139.75517, 35.572916 ], [ 139.755215, 35.572891 ], [ 139.75531, 35.572847 ], [ 139.75538, 35.572815 ], [ 139.755505, 35.572761 ], [ 139.755581, 35.572735 ], [ 139.755625, 35.57272 ], [ 139.755713, 35.572689 ], [ 139.755784, 35.572537 ], [ 139.755625, 35.572584 ], [ 139.755523, 35.572615 ], [ 139.755431, 35.572647 ], [ 139.755306, 35.5727 ], [ 139.755232, 35.572734 ], [ 139.755125, 35.572784 ], [ 139.75504, 35.572832 ], [ 139.754964, 35.57288 ], [ 139.754904, 35.572917 ], [ 139.75488, 35.572932 ], [ 139.754901, 35.572889 ], [ 139.754997, 35.572695 ], [ 139.756142, 35.570421 ], [ 139.756537, 35.569575 ], [ 139.75656, 35.569581 ], [ 139.756673, 35.569283 ], [ 139.756843, 35.568921 ], [ 139.753211, 35.568073 ], [ 139.752784, 35.567956 ], [ 139.750726, 35.567481 ], [ 139.750471, 35.567433 ], [ 139.749553, 35.568097 ], [ 139.748416, 35.56892 ], [ 139.749082, 35.571945 ], [ 139.749208, 35.572518 ], [ 139.749253, 35.573086 ], [ 139.749124, 35.573451 ], [ 139.748877, 35.573939 ], [ 139.748854, 35.573984 ], [ 139.748618, 35.574449 ], [ 139.748229, 35.575214 ], [ 139.748504, 35.575292 ], [ 139.748687, 35.574914 ], [ 139.74964, 35.575162 ], [ 139.750491, 35.575388 ], [ 139.750688, 35.575094 ], [ 139.750808, 35.575127 ], [ 139.751117, 35.575211 ], [ 139.751869, 35.575417 ], [ 139.752662, 35.575678 ], [ 139.753288, 35.575178 ], [ 139.754028, 35.574586 ] ] ] } },
{ "type": "Feature", "properties": { "key": "大田区|山王1丁目", "ward": "大田区", "town": "山王一丁目" }, "geometry": { "type": "Polygon", "coordinates": [ [ [ 139.728719, 35.594104 ], [ 139.72881, 35.594007 ], [ 139.728918, 35.593855 ], [ 139.728953, 35.593709 ], [ 139.728985, 35.593313 ], [ 139.729156, 35.592721 ], [ 139.729315, 35.592666 ], [ 139.729365, 35.592649 ], [ 139.729429, 35.592572 ], [ 139.729575, 35.592543 ], [ 139.729643, 35.592505 ], [ 139.729698, 35.592435 ], [ 139.729728, 35.592396 ], [ 139.729832, 35.592361 ], [ 139.729883, 35.592352 ], [ 139.729953, 35.592341 ], [ 139.730053, 35.592282 ], [ 139.730093, 35.592219 ], [ 139.730114, 35.592187 ], [ 139.730347, 35.592089 ], [ 139.730193, 35.591829 ], [ 139.730171, 35.591792 ], [ 139.729885, 35.591297 ], [ 139.729639, 35.590873 ], [ 139.729518, 35.590612 ], [ 139.729421, 35.590308 ], [ 139.729361, 35.59011 ], [ 139.728882, 35.590236 ], [ 139.728794, 35.590271 ], [ 139.728673, 35.590651 ], [ 139.728573, 35.590668 ], [ 139.728463, 35.590706 ], [ 139.728337, 35.590751 ], [ 139.728311, 35.59076 ], [ 139.728164, 35.590716 ], [ 139.727495, 35.590901 ], [ 139.726643, 35.59115 ], [ 139.726483, 35.591194 ], [ 139.726253, 35.591249 ], [ 139.725936, 35.591307 ], [ 139.725613, 35.591376 ], [ 139.725448, 35.591412 ], [ 139.725296, 35.591446 ], [ 139.724732, 35.591632 ], [ 139.724552, 35.59169 ], [ 139.72426, 35.59177 ], [ 139.724186, 35.591788 ], [ 139.723848, 35.591814 ], [ 139.723214, 35.591839 ], [ 139.722784, 35.591856 ], [ 139.722066, 35.591895 ], [ 139.721521, 35.591938 ], [ 139.721354, 35.591949 ], [ 139.721101, 35.59196 ], [ 139.721076, 35.591961 ], [ 139.720759, 35.591933 ], [ 139.720215, 35.591886 ], [ 139.720063, 35.591879 ], [ 139.719378, 35.591818 ], [ 139.71868, 35.591752 ], [ 139.718682, 35.591781 ], [ 139.719175, 35.592044 ], [ 139.719508, 35.592233 ], [ 139.719681, 35.592329 ], [ 139.719919, 35.592461 ], [ 139.720226, 35.59258 ], [ 139.720298, 35.592663 ], [ 139.720295, 35.592811 ], [ 139.720252, 35.592953 ], [ 139.72027, 35.593089 ], [ 139.720343, 35.593184 ], [ 139.72049, 35.593382 ], [ 139.720516, 35.593425 ], [ 139.720587, 35.593544 ], [ 139.720678, 35.593746 ], [ 139.720822, 35.594072 ], [ 139.720901, 35.594248 ], [ 139.720968, 35.594437 ], [ 139.721204, 35.594428 ], [ 139.721599, 35.594457 ], [ 139.721791, 35.594494 ], [ 139.722023, 35.594502 ], [ 139.722216, 35.594488 ], [ 139.722357, 35.594471 ], [ 139.722714, 35.594409 ], [ 139.723039, 35.594403 ], [ 139.723416, 35.5944 ], [ 139.72365, 35.594386 ], [ 139.723703, 35.594369 ], [ 139.723808, 35.594361 ], [ 139.723807, 35.59428 ], [ 139.723991, 35.594282 ], [ 139.724044, 35.594306 ], [ 139.724061, 35.594325 ], [ 139.724024, 35.594381 ], [ 139.72423, 35.594375 ], [ 139.724563, 35.594367 ], [ 139.724711, 35.594333 ], [ 139.72478, 35.594342 ], [ 139.72509, 35.59434 ], [ 139.725887, 35.594345 ], [ 139.726241, 35.594325 ], [ 139.726502, 35.594353 ], [ 139.726536, 35.594136 ], [ 139.726745, 35.594157 ], [ 139.726927, 35.594192 ], [ 139.727214, 35.594271 ], [ 139.727474, 35.594359 ], [ 139.727641, 35.594417 ], [ 139.728041, 35.594564 ], [ 139.728186, 35.59429 ], [ 139.728241, 35.594249 ], [ 139.728288, 35.594242 ], [ 139.728627, 35.594147 ], [ 139.728719, 35.594104 ] ] ] } },
{ "type": "Feature", "properties": { "key": "大田区|山王2丁目", "ward": "大田区", "town": "山王二丁目" }, "geometry": { "type": "Polygon", "coordinates": [ [ [ 139.728164, 35.590716 ], [ 139.728311, 35.59076 ], [ 139.728337, 35.590751 ], [ 139.728463, 35.590706 ], [ 139.728573, 35.590668 ], [ 139.728673, 35.590651 ], [ 139.728794, 35.590271 ], [ 139.728882, 35.590236 ], [ 139.728271, 35.589303 ], [ 139.727169, 35.587618 ], [ 139.726761, 35.586993 ], [ 139.726391, 35.586422 ], [ 139.726373, 35.586423 ], [ 139.72631, 35.58645 ], [ 139.726229, 35.586474 ], [ 139.726169, 35.586522 ], [ 139.726147, 35.586604 ], [ 139.726182, 35.586799 ], [ 139.726196, 35.586999 ], [ 139.726177, 35.58704 ], [ 139.726097, 35.58713 ], [ 139.726013, 35.587175 ], [ 139.725929, 35.58722 ], [ 139.725687, 35.587308 ], [ 139.72541, 35.587374 ], [ 139.725165, 35.587422 ], [ 139.725046, 35.587501 ], [ 139.724905, 35.58759 ], [ 139.724772, 35.587642 ], [ 139.724471, 35.587782 ], [ 139.724087, 35.587977 ], [ 139.72393, 35.588088 ], [ 139.723587, 35.588407 ], [ 139.723481, 35.588467 ], [ 139.723207, 35.588547 ], [ 139.722966, 35.588665 ], [ 139.722826, 35.588753 ], [ 139.722529, 35.588911 ], [ 139.722366, 35.588979 ], [ 139.721907, 35.589144 ], [ 139.721713, 35.589226 ], [ 139.721647, 35.589269 ], [ 139.721453, 35.589406 ], [ 139.721415, 35.589463 ], [ 139.721362, 35.589511 ], [ 139.72127, 35.589544 ], [ 139.72112, 35.589576 ], [ 139.72074, 35.589746 ], [ 139.720594, 35.589832 ], [ 139.720439, 35.589937 ], [ 139.720278, 35.590025 ], [ 139.720119, 35.590098 ], [ 139.719819, 35.590255 ], [ 139.719633, 35.590325 ], [ 139.719544, 35.590438 ], [ 139.719535, 35.590502 ], [ 139.719496, 35.590504 ], [ 139.719384, 35.590509 ], [ 139.718925, 35.590448 ], [ 139.718874, 35.590442 ], [ 139.718796, 35.59085 ], [ 139.718738, 35.591063 ], [ 139.718634, 35.591358 ], [ 139.718588, 35.591443 ], [ 139.718582, 35.591528 ], [ 139.718619, 35.591676 ], [ 139.71868, 35.591752 ], [ 139.719378, 35.591818 ], [ 139.720063, 35.591879 ], [ 139.720215, 35.591886 ], [ 139.720759, 35.591933 ], [ 139.721076, 35.591961 ], [ 139.721101, 35.59196 ], [ 139.721354, 35.591949 ], [ 139.721521, 35.591938 ], [ 139.722066, 35.591895 ], [ 139.722784, 35.591856 ], [ 139.723214, 35.591839 ], [ 139.723848, 35.591814 ], [ 139.724186, 35.591788 ], [ 139.72426, 35.59177 ], [ 139.724552, 35.59169 ], [ 139.724732, 35.591632 ], [ 139.725296, 35.591446 ], [ 139.725448, 35.591412 ], [ 139.725613, 35.591376 ], [ 139.725936, 35.591307 ], [ 139.726253, 35.591249 ], [ 139.726483, 35.591194 ], [ 139.726643, 35.59115 ], [ 139.727495, 35.590901 ], [ 139.728164, 35.590716 ] ] ] } },
{ "type": "Feature", "properties": { "key": "大田区|山王3丁目", "ward": "大田区", "town": "山王三丁目" }, "geometry": { "type": "Polygon", "coordinates": [ [ [ 139.725807, 35.585552 ], [ 139.725818, 35.585547 ], [ 139.725622, 35.585232 ], [ 139.725462, 35.58493 ], [ 139.725347, 35.584713 ], [ 139.725133, 35.584303 ], [ 139.724936, 35.583964 ], [ 139.724826, 35.583763 ], [ 139.724679, 35.583404 ], [ 139.724615, 35.583255 ], [ 139.724248, 35.582338 ], [ 139.724225, 35.582302 ], [ 139.724037, 35.581854 ], [ 139.723963, 35.581695 ], [ 139.72387, 35.581476 ], [ 139.723778, 35.581259 ], [ 139.723658, 35.580979 ], [ 139.723492, 35.580576 ], [ 139.723412, 35.580533 ], [ 139.722947, 35.580678 ], [ 139.722914, 35.580707 ], [ 139.722485, 35.580958 ], [ 139.722457, 35.580976 ], [ 139.72209, 35.581212 ], [ 139.722086, 35.581215 ], [ 139.721845, 35.58137 ], [ 139.721735, 35.581449 ], [ 139.721548, 35.581584 ], [ 139.721485, 35.581629 ], [ 139.721389, 35.581704 ], [ 139.721228, 35.581806 ], [ 139.721094, 35.581923 ], [ 139.721084, 35.581932 ], [ 139.720791, 35.582279 ], [ 139.720703, 35.582418 ], [ 139.720665, 35.582478 ], [ 139.720626, 35.582486 ], [ 139.720613, 35.582516 ], [ 139.720504, 35.582782 ], [ 139.720565, 35.582812 ], [ 139.720552, 35.582856 ], [ 139.720542, 35.582889 ], [ 139.720444, 35.58321 ], [ 139.720346, 35.583585 ], [ 139.720344, 35.583592 ], [ 139.720326, 35.583659 ], [ 139.720249, 35.583998 ], [ 139.720607, 35.584025 ], [ 139.720531, 35.584132 ], [ 139.720518, 35.584348 ], [ 139.720492, 35.584565 ], [ 139.720611, 35.584666 ], [ 139.720629, 35.584854 ], [ 139.72077, 35.585152 ], [ 139.720916, 35.585095 ], [ 139.721136, 35.585329 ], [ 139.721314, 35.585423 ], [ 139.721713, 35.585602 ], [ 139.721696, 35.585783 ], [ 139.721711, 35.585873 ], [ 139.721783, 35.585961 ], [ 139.721929, 35.586025 ], [ 139.722274, 35.586007 ], [ 139.722388, 35.586062 ], [ 139.722634, 35.586206 ], [ 139.722808, 35.586314 ], [ 139.723072, 35.586478 ], [ 139.723215, 35.586566 ], [ 139.723717, 35.586888 ], [ 139.723888, 35.587041 ], [ 139.72399, 35.587202 ], [ 139.72395, 35.587277 ], [ 139.724274, 35.587605 ], [ 139.724362, 35.587625 ], [ 139.724471, 35.587782 ], [ 139.724772, 35.587642 ], [ 139.724905, 35.58759 ], [ 139.725046, 35.587501 ], [ 139.725165, 35.587422 ], [ 139.72541, 35.587374 ], [ 139.725687, 35.587308 ], [ 139.725929, 35.58722 ], [ 139.726013, 35.587175 ], [ 139.726097, 35.58713 ], [ 139.726177, 35.58704 ], [ 139.726196, 35.586999 ], [ 139.726182, 35.586799 ], [ 139.726147, 35.586604 ], [ 139.726169, 35.586522 ], [ 139.726229, 35.586474 ], [ 139.72631, 35.58645 ], [ 139.726373, 35.586423 ], [ 139.725807, 35.585552 ] ] ] } },
{ "type": "Feature", "properties": { "key": "大田区|山王4丁目", "ward": "大田区", "town": "山王四丁目" }, "geometry": { "type": "Polygon", "coordinates": [ [ [ 139.722274, 35.586007 ], [ 139.721929, 35.586025 ], [ 139.721783, 35.585961 ], [ 139.721711, 35.585873 ], [ 139.721696, 35.585783 ], [ 139.721713, 35.585602 ], [ 139.721314, 35.585423 ], [ 139.721136, 35.585329 ], [ 139.720916, 35.585095 ], [ 139.72077, 35.585152 ], [ 139.720629, 35.584854 ], [ 139.720611, 35.584666 ], [ 139.720492, 35.584565 ], [ 139.720518, 35.584348 ], [ 139.720531, 35.584132 ], [ 139.720607, 35.584025 ], [ 139.720249, 35.583998 ], [ 139.720147, 35.58451 ], [ 139.720058, 35.584929 ], [ 139.719997, 35.585203 ], [ 139.719997, 35.585224 ], [ 139.719894, 35.585834 ], [ 139.719846, 35.586018 ], [ 139.719808, 35.586165 ], [ 139.719717, 35.586622 ], [ 139.71962, 35.587138 ], [ 139.719565, 35.587384 ], [ 139.719508, 35.587649 ], [ 139.719374, 35.58833 ], [ 139.719219, 35.589031 ], [ 139.719216, 35.589052 ], [ 139.719101, 35.589586 ], [ 139.719072, 35.589718 ], [ 139.719068, 35.589736 ], [ 139.71901, 35.590024 ], [ 139.718927, 35.590436 ], [ 139.718925, 35.590448 ], [ 139.719384, 35.590509 ], [ 139.719496, 35.590504 ], [ 139.719535, 35.590502 ], [ 139.719544, 35.590438 ], [ 139.719633, 35.590325 ], [ 139.719819, 35.590255 ], [ 139.720119, 35.590098 ], [ 139.720278, 35.590025 ], [ 139.720439, 35.589937 ], [ 139.720594, 35.589832 ], [ 139.72074, 35.589746 ], [ 139.72112, 35.589576 ], [ 139.72127, 35.589544 ], [ 139.721362, 35.589511 ], [ 139.721415, 35.589463 ], [ 139.721453, 35.589406 ], [ 139.721647, 35.589269 ], [ 139.721713, 35.589226 ], [ 139.721907, 35.589144 ], [ 139.722366, 35.588979 ], [ 139.722529, 35.588911 ], [ 139.722826, 35.588753 ], [ 139.722966, 35.588665 ], [ 139.723207, 35.588547 ], [ 139.723481, 35.588467 ], [ 139.723587, 35.588407 ], [ 139.72393, 35.588088 ], [ 139.724087, 35.587977 ], [ 139.724471, 35.587782 ], [ 139.724362, 35.587625 ], [ 139.724274, 35.587605 ], [ 139.72395, 35.587277 ], [ 139.72399, 35.587202 ], [ 139.723888, 35.587041 ], [ 139.723717, 35.586888 ], [ 139.723215, 35.586566 ], [ 139.723072, 35.586478 ], [ 139.722808, 35.586314 ], [ 139.722634, 35.586206 ], [ 139.722388, 35.586062 ], [ 139.722274, 35.586007 ] ] ] } },
{ "type": "Feature", "properties": { "key": "大田区|平和の森公園", "ward": "大田区", "town": "平和の森公園" }, "geometry": { "type": "Polygon", "coordinates": [ [ [ 139.739995, 35.58165 ], [ 139.740149, 35.580901 ], [ 139.740947, 35.579878 ], [ 139.741162, 35.579603 ], [ 139.743111, 35.577568 ], [ 139.743526, 35.577113 ], [ 139.743796, 35.576801 ], [ 139.74459, 35.575884 ], [ 139.742813, 35.575722 ], [ 139.742821, 35.575727 ], [ 139.742829, 35.575771 ], [ 139.742673, 35.576457 ], [ 139.742639, 35.576469 ], [ 139.742599, 35.576645 ], [ 139.742589, 35.576687 ], [ 139.742527, 35.576714 ], [ 139.742095, 35.577192 ], [ 139.740892, 35.578562 ], [ 139.739972, 35.578403 ], [ 139.739918, 35.578632 ], [ 139.739507, 35.579249 ], [ 139.739268, 35.579591 ], [ 139.738976, 35.580022 ], [ 139.738809, 35.58026 ], [ 139.738662, 35.58047 ], [ 139.738644, 35.580523 ], [ 139.738615, 35.580649 ], [ 139.738584, 35.580782 ], [ 139.738552, 35.580927 ], [ 139.738478, 35.581252 ], [ 139.738436, 35.581438 ], [ 139.738305, 35.582063 ], [ 139.738276, 35.582183 ], [ 139.738235, 35.582314 ], [ 139.738183, 35.582385 ], [ 139.73811, 35.582484 ], [ 139.737874, 35.582849 ], [ 139.737869, 35.583112 ], [ 139.737861, 35.583111 ], [ 139.737848, 35.583211 ], [ 139.737975, 35.583618 ], [ 139.739555, 35.583777 ], [ 139.739632, 35.583403 ], [ 139.739995, 35.58165 ] ] ] } },
{ "type": "Feature", "properties": { "key": "大田区|ふるさとの浜辺公園", "ward": "大田区", "town": "ふるさとの浜辺公園" }, "geometry": { "type": "Polygon", "coordinates": [ [ [ 139.742675, 35.573827 ], [ 139.74264, 35.573701 ], [ 139.742643, 35.573366 ], [ 139.742657, 35.573251 ], [ 139.74268, 35.573109 ], [ 139.74278, 35.572916 ], [ 139.742793, 35.572892 ], [ 139.743298, 35.572269 ], [ 139.743942, 35.571512 ], [ 139.743969, 35.571491 ], [ 139.743688, 35.571312 ], [ 139.743671, 35.571302 ], [ 139.741618, 35.572917 ], [ 139.740108, 35.574084 ], [ 139.739946, 35.574225 ], [ 139.739986, 35.574254 ], [ 139.739898, 35.574344 ], [ 139.739972, 35.574401 ], [ 139.740011, 35.574434 ], [ 139.740122, 35.574355 ], [ 139.740195, 35.574337 ], [ 139.74018, 35.574407 ], [ 139.740825, 35.573895 ], [ 139.741877, 35.574623 ], [ 139.742022, 35.574725 ], [ 139.741982, 35.574909 ], [ 139.743268, 35.574773 ], [ 139.743388, 35.574538 ], [ 139.74328, 35.574275 ], [ 139.742987, 35.574159 ], [ 139.742926, 35.574126 ], [ 139.742784, 35.57401 ], [ 139.742717, 35.573937 ], [ 139.742675, 35.573827 ] ] ] } },
{ "type": "Feature", "properties": { "key": "大田区|東馬込1丁目", "ward": "大田区", "town": "東馬込一丁目" }, "geometry": { "type": "Polygon", "coordinates": [ [ [ 139.714621, 35.599177 ], [ 139.714203, 35.599248 ], [ 139.714114, 35.599171 ], [ 139.714014, 35.599134 ], [ 139.714066, 35.59887 ], [ 139.714074, 35.598843 ], [ 139.714296, 35.598431 ], [ 139.714349, 35.598277 ], [ 139.714474, 35.598134 ], [ 139.714517, 35.597932 ], [ 139.714458, 35.597537 ], [ 139.714453, 35.597506 ], [ 139.71449, 35.597436 ], [ 139.7145, 35.597418 ], [ 139.714784, 35.597245 ], [ 139.714956, 35.597167 ], [ 139.715236, 35.597076 ], [ 139.715829, 35.596898 ], [ 139.715984, 35.596887 ], [ 139.716245, 35.59687 ], [ 139.716732, 35.596832 ], [ 139.717558, 35.5965 ], [ 139.717412, 35.596226 ], [ 139.717322, 35.596009 ], [ 139.717269, 35.595869 ], [ 139.717381, 35.595759 ], [ 139.717611, 35.595467 ], [ 139.717319, 35.595261 ], [ 139.716995, 35.595032 ], [ 139.716779, 35.594932 ], [ 139.716575, 35.594824 ], [ 139.715973, 35.594569 ], [ 139.715879, 35.594537 ], [ 139.715798, 35.594507 ], [ 139.715165, 35.594311 ], [ 139.714847, 35.594217 ], [ 139.714458, 35.594103 ], [ 139.714343, 35.594167 ], [ 139.714265, 35.594212 ], [ 139.713501, 35.594644 ], [ 139.713332, 35.59474 ], [ 139.713282, 35.594766 ], [ 139.712811, 35.595025 ], [ 139.712326, 35.595285 ], [ 139.711595, 35.595686 ], [ 139.711813, 35.596774 ], [ 139.711826, 35.59684 ], [ 139.71189, 35.597152 ], [ 139.711953, 35.597462 ], [ 139.711968, 35.597535 ], [ 139.712044, 35.597904 ], [ 139.712044, 35.597907 ], [ 139.712169, 35.598493 ], [ 139.712241, 35.598844 ], [ 139.712287, 35.599064 ], [ 139.712349, 35.599391 ], [ 139.712357, 35.599443 ], [ 139.712482, 35.60005 ], [ 139.712559, 35.600429 ], [ 139.712609, 35.600735 ], [ 139.712839, 35.600678 ], [ 139.713083, 35.600607 ], [ 139.713358, 35.600526 ], [ 139.71337, 35.600522 ], [ 139.713827, 35.600354 ], [ 139.714225, 35.600208 ], [ 139.714549, 35.60008 ], [ 139.714666, 35.59996 ], [ 139.714813, 35.599915 ], [ 139.714856, 35.599907 ], [ 139.714675, 35.599486 ], [ 139.714856, 35.599415 ], [ 139.714805, 35.599348 ], [ 139.714621, 35.599177 ] ] ] } },
{ "type": "Feature", "properties": { "key": "大田区|東馬込2丁目", "ward": "大田区", "town": "東馬込二丁目" }, "geometry": { "type": "Polygon", "coordinates": [ [ [ 139.717732, 35.594717 ], [ 139.717944, 35.59472 ], [ 139.717968, 35.59472 ], [ 139.718172, 35.594723 ], [ 139.718192, 35.594397 ], [ 139.718206, 35.594262 ], [ 139.718206, 35.594127 ], [ 139.718455, 35.593767 ], [ 139.718676, 35.593451 ], [ 139.719028, 35.592941 ], [ 139.719257, 35.592607 ], [ 139.719105, 35.592517 ], [ 139.71895, 35.592439 ], [ 139.718924, 35.592226 ], [ 139.719009, 35.592184 ], [ 139.719175, 35.592044 ], [ 139.718682, 35.591781 ], [ 139.718399, 35.591936 ], [ 139.717604, 35.592362 ], [ 139.717601, 35.592368 ], [ 139.71758, 35.59238 ], [ 139.717067, 35.592655 ], [ 139.716983, 35.592711 ], [ 139.71633, 35.593074 ], [ 139.715979, 35.593266 ], [ 139.715203, 35.593692 ], [ 139.71467, 35.593986 ], [ 139.714458, 35.594103 ], [ 139.714847, 35.594217 ], [ 139.715165, 35.594311 ], [ 139.715798, 35.594507 ], [ 139.715879, 35.594537 ], [ 139.715973, 35.594569 ], [ 139.716575, 35.594824 ], [ 139.716779, 35.594932 ], [ 139.716995, 35.595032 ], [ 139.717319, 35.595261 ], [ 139.717611, 35.595467 ], [ 139.71773, 35.595351 ], [ 139.7179, 35.595171 ], [ 139.717918, 35.595028 ], [ 139.717853, 35.594877 ], [ 139.717768, 35.594788 ], [ 139.717732, 35.594717 ] ] ] } },
{ "type": "Feature", "properties": { "key": "大田区|南馬込1丁目", "ward": "大田区", "town": "南馬込一丁目" }, "geometry": { "type": "Polygon", "coordinates": [ [ [ 139.71465, 35.589903 ], [ 139.714646, 35.58993 ], [ 139.713643, 35.589368 ], [ 139.713502, 35.589285 ], [ 139.713454, 35.589258 ], [ 139.713213, 35.589121 ], [ 139.712681, 35.588819 ], [ 139.712489, 35.588699 ], [ 139.711954, 35.588372 ], [ 139.711715, 35.588216 ], [ 139.711663, 35.588241 ], [ 139.711445, 35.588409 ], [ 139.711408, 35.588453 ], [ 139.711212, 35.588758 ], [ 139.711019, 35.589062 ], [ 139.710896, 35.589293 ], [ 139.710843, 35.589396 ], [ 139.710691, 35.5898 ], [ 139.71057, 35.59025 ], [ 139.710571, 35.590599 ], [ 139.710571, 35.590614 ], [ 139.71056, 35.591084 ], [ 139.710578, 35.591453 ], [ 139.710619, 35.591576 ], [ 139.710647, 35.59177 ], [ 139.710606, 35.59196 ], [ 139.710536, 35.592201 ], [ 139.710479, 35.592344 ], [ 139.710446, 35.592498 ], [ 139.710243, 35.592649 ], [ 139.710329, 35.592763 ], [ 139.710517, 35.59301 ], [ 139.710656, 35.59319 ], [ 139.710811, 35.593417 ], [ 139.710996, 35.593717 ], [ 139.71101, 35.593742 ], [ 139.711194, 35.594114 ], [ 139.711268, 35.594319 ], [ 139.711343, 35.594561 ], [ 139.711425, 35.5949 ], [ 139.711428, 35.59491 ], [ 139.711592, 35.595674 ], [ 139.711595, 35.595686 ], [ 139.712326, 35.595285 ], [ 139.712811, 35.595025 ], [ 139.713282, 35.594766 ], [ 139.713332, 35.59474 ], [ 139.713501, 35.594644 ], [ 139.714265, 35.594212 ], [ 139.714343, 35.594167 ], [ 139.714458, 35.594103 ], [ 139.71467, 35.593986 ], [ 139.715203, 35.593692 ], [ 139.715979, 35.593266 ], [ 139.71633, 35.593074 ], [ 139.716983, 35.592711 ], [ 139.717067, 35.592655 ], [ 139.71758, 35.59238 ], [ 139.717601, 35.592368 ], [ 139.716971, 35.591676 ], [ 139.716612, 35.591378 ], [ 139.716387, 35.591221 ], [ 139.71596, 35.590916 ], [ 139.715398, 35.590508 ], [ 139.715383, 35.590496 ], [ 139.715349, 35.590469 ], [ 139.71465, 35.589903 ] ] ] } },
{ "type": "Feature", "properties": { "key": "大田区|南馬込2丁目", "ward": "大田区", "town": "南馬込二丁目" }, "geometry": { "type": "Polygon", "coordinates": [ [ [ 139.718874, 35.590442 ], [ 139.718925, 35.590448 ], [ 139.718927, 35.590436 ], [ 139.71901, 35.590024 ], [ 139.719068, 35.589736 ], [ 139.719072, 35.589718 ], [ 139.719101, 35.589586 ], [ 139.719216, 35.589052 ], [ 139.719219, 35.589031 ], [ 139.719374, 35.58833 ], [ 139.718802, 35.58824 ], [ 139.718571, 35.588207 ], [ 139.718286, 35.588052 ], [ 139.717759, 35.588168 ], [ 139.717655, 35.588198 ], [ 139.71722, 35.588294 ], [ 139.717001, 35.588343 ], [ 139.716666, 35.588399 ], [ 139.716333, 35.588391 ], [ 139.716182, 35.588371 ], [ 139.71577, 35.588376 ], [ 139.715635, 35.588271 ], [ 139.715381, 35.588107 ], [ 139.715371, 35.588101 ], [ 139.715333, 35.588076 ], [ 139.714936, 35.587897 ], [ 139.714793, 35.587839 ], [ 139.71471, 35.587797 ], [ 139.714412, 35.587635 ], [ 139.714129, 35.587467 ], [ 139.71396, 35.58734 ], [ 139.713661, 35.58748 ], [ 139.713602, 35.58751 ], [ 139.713146, 35.587766 ], [ 139.71295, 35.587871 ], [ 139.712782, 35.587947 ], [ 139.71261, 35.587973 ], [ 139.7123, 35.588017 ], [ 139.712253, 35.588023 ], [ 139.711868, 35.588139 ], [ 139.711724, 35.588211 ], [ 139.711715, 35.588216 ], [ 139.711954, 35.588372 ], [ 139.712489, 35.588699 ], [ 139.712681, 35.588819 ], [ 139.713213, 35.589121 ], [ 139.713454, 35.589258 ], [ 139.713502, 35.589285 ], [ 139.713643, 35.589368 ], [ 139.714646, 35.58993 ], [ 139.71465, 35.589903 ], [ 139.715349, 35.590469 ], [ 139.715383, 35.590496 ], [ 139.715398, 35.590508 ], [ 139.71596, 35.590916 ], [ 139.716387, 35.591221 ], [ 139.716612, 35.591378 ], [ 139.716971, 35.591676 ], [ 139.717601, 35.592368 ], [ 139.717604, 35.592362 ], [ 139.718399, 35.591936 ], [ 139.718682, 35.591781 ], [ 139.71868, 35.591752 ], [ 139.718619, 35.591676 ], [ 139.718582, 35.591528 ], [ 139.718588, 35.591443 ], [ 139.718634, 35.591358 ], [ 139.718738, 35.591063 ], [ 139.718796, 35.59085 ], [ 139.718874, 35.590442 ] ] ] } },
{ "type": "Feature", "properties": { "key": "大田区|南馬込3丁目", "ward": "大田区", "town": "南馬込三丁目" }, "geometry": { "type": "Polygon", "coordinates": [ [ [ 139.717001, 35.588343 ], [ 139.71722, 35.588294 ], [ 139.717655, 35.588198 ], [ 139.717759, 35.588168 ], [ 139.718286, 35.588052 ], [ 139.718571, 35.588207 ], [ 139.718802, 35.58824 ], [ 139.719374, 35.58833 ], [ 139.719508, 35.587649 ], [ 139.719565, 35.587384 ], [ 139.71962, 35.587138 ], [ 139.719717, 35.586622 ], [ 139.719808, 35.586165 ], [ 139.719846, 35.586018 ], [ 139.719894, 35.585834 ], [ 139.719997, 35.585224 ], [ 139.719997, 35.585203 ], [ 139.720058, 35.584929 ], [ 139.720147, 35.58451 ], [ 139.720249, 35.583998 ], [ 139.720326, 35.583659 ], [ 139.720344, 35.583592 ], [ 139.720346, 35.583585 ], [ 139.720444, 35.58321 ], [ 139.720542, 35.582889 ], [ 139.720552, 35.582856 ], [ 139.720565, 35.582812 ], [ 139.720504, 35.582782 ], [ 139.7204, 35.582788 ], [ 139.720286, 35.582773 ], [ 139.719403, 35.582938 ], [ 139.718677, 35.582866 ], [ 139.7179, 35.582795 ], [ 139.717832, 35.582789 ], [ 139.717529, 35.58276 ], [ 139.717389, 35.582747 ], [ 139.716868, 35.582697 ], [ 139.716833, 35.58269 ], [ 139.716572, 35.583128 ], [ 139.716521, 35.583211 ], [ 139.716431, 35.583387 ], [ 139.716425, 35.583404 ], [ 139.716377, 35.583549 ], [ 139.716354, 35.583691 ], [ 139.716289, 35.584014 ], [ 139.71622, 35.584387 ], [ 139.716199, 35.584494 ], [ 139.716146, 35.584755 ], [ 139.716089, 35.585002 ], [ 139.716012, 35.585273 ], [ 139.715921, 35.585466 ], [ 139.715848, 35.585571 ], [ 139.715723, 35.585732 ], [ 139.715646, 35.585829 ], [ 139.715286, 35.586255 ], [ 139.715221, 35.586339 ], [ 139.71512, 35.586468 ], [ 139.71496, 35.586653 ], [ 139.714801, 35.586841 ], [ 139.714704, 35.58697 ], [ 139.71461, 35.587071 ], [ 139.71439, 35.587179 ], [ 139.714136, 35.587278 ], [ 139.714058, 35.587319 ], [ 139.71396, 35.58734 ], [ 139.714129, 35.587467 ], [ 139.714412, 35.587635 ], [ 139.71471, 35.587797 ], [ 139.714793, 35.587839 ], [ 139.714936, 35.587897 ], [ 139.715333, 35.588076 ], [ 139.715371, 35.588101 ], [ 139.715381, 35.588107 ], [ 139.715635, 35.588271 ], [ 139.71577, 35.588376 ], [ 139.716182, 35.588371 ], [ 139.716333, 35.588391 ], [ 139.716666, 35.588399 ], [ 139.717001, 35.588343 ] ] ] } },
{ "type": "Feature", "properties": { "key": "大田区|南馬込4丁目", "ward": "大田区", "town": "南馬込四丁目" }, "geometry": { "type": "Polygon", "coordinates": [ [ [ 139.716012, 35.585273 ], [ 139.716089, 35.585002 ], [ 139.716146, 35.584755 ], [ 139.716199, 35.584494 ], [ 139.71622, 35.584387 ], [ 139.716289, 35.584014 ], [ 139.716354, 35.583691 ], [ 139.716377, 35.583549 ], [ 139.716425, 35.583404 ], [ 139.716431, 35.583387 ], [ 139.716521, 35.583211 ], [ 139.716572, 35.583128 ], [ 139.716833, 35.58269 ], [ 139.716093, 35.582619 ], [ 139.716071, 35.582617 ], [ 139.715104, 35.582527 ], [ 139.715076, 35.582493 ], [ 139.714772, 35.582606 ], [ 139.714382, 35.58277 ], [ 139.714267, 35.582733 ], [ 139.714203, 35.582724 ], [ 139.713973, 35.582857 ], [ 139.713814, 35.582954 ], [ 139.713802, 35.582956 ], [ 139.713606, 35.583075 ], [ 139.713355, 35.583228 ], [ 139.712788, 35.583572 ], [ 139.712474, 35.583781 ], [ 139.712192, 35.583965 ], [ 139.711923, 35.584131 ], [ 139.711666, 35.584288 ], [ 139.711235, 35.584447 ], [ 139.710838, 35.584594 ], [ 139.710428, 35.584745 ], [ 139.710255, 35.584809 ], [ 139.710039, 35.58489 ], [ 139.70875, 35.585378 ], [ 139.708724, 35.585395 ], [ 139.707934, 35.58539 ], [ 139.70757, 35.585404 ], [ 139.707671, 35.58548 ], [ 139.708005, 35.585697 ], [ 139.708222, 35.585836 ], [ 139.708578, 35.58605 ], [ 139.708586, 35.586054 ], [ 139.708977, 35.586305 ], [ 139.709263, 35.58648 ], [ 139.709412, 35.586534 ], [ 139.709975, 35.586769 ], [ 139.710352, 35.586914 ], [ 139.710388, 35.586949 ], [ 139.710715, 35.587265 ], [ 139.711172, 35.587695 ], [ 139.711724, 35.588211 ], [ 139.711868, 35.588139 ], [ 139.712253, 35.588023 ], [ 139.7123, 35.588017 ], [ 139.71261, 35.587973 ], [ 139.712782, 35.587947 ], [ 139.71295, 35.587871 ], [ 139.713146, 35.587766 ], [ 139.713602, 35.58751 ], [ 139.713661, 35.58748 ], [ 139.71396, 35.58734 ], [ 139.714058, 35.587319 ], [ 139.714136, 35.587278 ], [ 139.71439, 35.587179 ], [ 139.71461, 35.587071 ], [ 139.714704, 35.58697 ], [ 139.714801, 35.586841 ], [ 139.71496, 35.586653 ], [ 139.71512, 35.586468 ], [ 139.715221, 35.586339 ], [ 139.715286, 35.586255 ], [ 139.715646, 35.585829 ], [ 139.715723, 35.585732 ], [ 139.715848, 35.585571 ], [ 139.715921, 35.585466 ], [ 139.716012, 35.585273 ] ] ] } },
{ "type": "Feature", "properties": { "key": "大田区|南馬込5丁目", "ward": "大田区", "town": "南馬込五丁目" }, "geometry": { "type": "Polygon", "coordinates": [ [ [ 139.709412, 35.586534 ], [ 139.709263, 35.58648 ], [ 139.708977, 35.586305 ], [ 139.708586, 35.586054 ], [ 139.708578, 35.58605 ], [ 139.708222, 35.585836 ], [ 139.708005, 35.585697 ], [ 139.707671, 35.58548 ], [ 139.70757, 35.585404 ], [ 139.707508, 35.585389 ], [ 139.707053, 35.585401 ], [ 139.706247, 35.585111 ], [ 139.706201, 35.585097 ], [ 139.706039, 35.585041 ], [ 139.705999, 35.585023 ], [ 139.705392, 35.584797 ], [ 139.705073, 35.584692 ], [ 139.705062, 35.584689 ], [ 139.703837, 35.584268 ], [ 139.704056, 35.584559 ], [ 139.704414, 35.585012 ], [ 139.70464, 35.58531 ], [ 139.70484, 35.585574 ], [ 139.704848, 35.585585 ], [ 139.705015, 35.585806 ], [ 139.705305, 35.586172 ], [ 139.705314, 35.586185 ], [ 139.70564, 35.586584 ], [ 139.705648, 35.586582 ], [ 139.705877, 35.586919 ], [ 139.705951, 35.587015 ], [ 139.706256, 35.587412 ], [ 139.706567, 35.587817 ], [ 139.706864, 35.588204 ], [ 139.706871, 35.588213 ], [ 139.707037, 35.588437 ], [ 139.707356, 35.588866 ], [ 139.707428, 35.588962 ], [ 139.70745, 35.588991 ], [ 139.707961, 35.589662 ], [ 139.707968, 35.589672 ], [ 139.70798, 35.589687 ], [ 139.708316, 35.590136 ], [ 139.708437, 35.590292 ], [ 139.708717, 35.590658 ], [ 139.70876, 35.590712 ], [ 139.709472, 35.591646 ], [ 139.709479, 35.591656 ], [ 139.70967, 35.591898 ], [ 139.709956, 35.592273 ], [ 139.710243, 35.592649 ], [ 139.710446, 35.592498 ], [ 139.710479, 35.592344 ], [ 139.710536, 35.592201 ], [ 139.710606, 35.59196 ], [ 139.710647, 35.59177 ], [ 139.710619, 35.591576 ], [ 139.710578, 35.591453 ], [ 139.71056, 35.591084 ], [ 139.710571, 35.590614 ], [ 139.710571, 35.590599 ], [ 139.71057, 35.59025 ], [ 139.710691, 35.5898 ], [ 139.710843, 35.589396 ], [ 139.710896, 35.589293 ], [ 139.711019, 35.589062 ], [ 139.711212, 35.588758 ], [ 139.711408, 35.588453 ], [ 139.711445, 35.588409 ], [ 139.711663, 35.588241 ], [ 139.711715, 35.588216 ], [ 139.711724, 35.588211 ], [ 139.711172, 35.587695 ], [ 139.710715, 35.587265 ], [ 139.710388, 35.586949 ], [ 139.710352, 35.586914 ], [ 139.709975, 35.586769 ], [ 139.709412, 35.586534 ] ] ] } },
{ "type": "Feature", "properties": { "key": "大田区|南馬込6丁目", "ward": "大田区", "town": "南馬込六丁目" }, "geometry": { "type": "Polygon", "coordinates": [ [ [ 139.707934, 35.58539 ], [ 139.708724, 35.585395 ], [ 139.70875, 35.585378 ], [ 139.710039, 35.58489 ], [ 139.710255, 35.584809 ], [ 139.710428, 35.584745 ], [ 139.710838, 35.584594 ], [ 139.711235, 35.584447 ], [ 139.711666, 35.584288 ], [ 139.711923, 35.584131 ], [ 139.712192, 35.583965 ], [ 139.712474, 35.583781 ], [ 139.712788, 35.583572 ], [ 139.713355, 35.583228 ], [ 139.713606, 35.583075 ], [ 139.713802, 35.582956 ], [ 139.713814, 35.582954 ], [ 139.713353, 35.582895 ], [ 139.713069, 35.582867 ], [ 139.713066, 35.582856 ], [ 139.712778, 35.582821 ], [ 139.712755, 35.582819 ], [ 139.712735, 35.582817 ], [ 139.711753, 35.582719 ], [ 139.711666, 35.582711 ], [ 139.711612, 35.582706 ], [ 139.711531, 35.582692 ], [ 139.711268, 35.582682 ], [ 139.710519, 35.582604 ], [ 139.709979, 35.582556 ], [ 139.709963, 35.582554 ], [ 139.709117, 35.582463 ], [ 139.708688, 35.582417 ], [ 139.707881, 35.582328 ], [ 139.707659, 35.582304 ], [ 139.707023, 35.582233 ], [ 139.706445, 35.582177 ], [ 139.706401, 35.582173 ], [ 139.70577, 35.582107 ], [ 139.705459, 35.582074 ], [ 139.705422, 35.58207 ], [ 139.705235, 35.582053 ], [ 139.705098, 35.582037 ], [ 139.705056, 35.582034 ], [ 139.704884, 35.58202 ], [ 139.704587, 35.581984 ], [ 139.703955, 35.581921 ], [ 139.703924, 35.581916 ], [ 139.7032, 35.581843 ], [ 139.703058, 35.581827 ], [ 139.702596, 35.581774 ], [ 139.70219, 35.581737 ], [ 139.701901, 35.58171 ], [ 139.702254, 35.582202 ], [ 139.702442, 35.582464 ], [ 139.702584, 35.582648 ], [ 139.70284, 35.582975 ], [ 139.702898, 35.583048 ], [ 139.703515, 35.583851 ], [ 139.703769, 35.58418 ], [ 139.703827, 35.584263 ], [ 139.703837, 35.584268 ], [ 139.705062, 35.584689 ], [ 139.705073, 35.584692 ], [ 139.705392, 35.584797 ], [ 139.705999, 35.585023 ], [ 139.706039, 35.585041 ], [ 139.706201, 35.585097 ], [ 139.706247, 35.585111 ], [ 139.707053, 35.585401 ], [ 139.707508, 35.585389 ], [ 139.70757, 35.585404 ], [ 139.707934, 35.58539 ] ] ] } },
{ "type": "Feature", "properties": { "key": "大田区|中馬込1丁目", "ward": "大田区", "town": "中馬込一丁目" }, "geometry": { "type": "Polygon", "coordinates": [ [ [ 139.707525, 35.59778 ], [ 139.707466, 35.59753 ], [ 139.707371, 35.597123 ], [ 139.707241, 35.59651 ], [ 139.70703, 35.595575 ], [ 139.707028, 35.595559 ], [ 139.706972, 35.595339 ], [ 139.706962, 35.595299 ], [ 139.706861, 35.594835 ], [ 139.706725, 35.594223 ], [ 139.706511, 35.594219 ], [ 139.705629, 35.594224 ], [ 139.704531, 35.594219 ], [ 139.704116, 35.594157 ], [ 139.703678, 35.594092 ], [ 139.702828, 35.593974 ], [ 139.702884, 35.594108 ], [ 139.702962, 35.594428 ], [ 139.703035, 35.594803 ], [ 139.703056, 35.594871 ], [ 139.703093, 35.594979 ], [ 139.703123, 35.595096 ], [ 139.703134, 35.595311 ], [ 139.703126, 35.595421 ], [ 139.703125, 35.59551 ], [ 139.70313, 35.59577 ], [ 139.703186, 35.596105 ], [ 139.70319, 35.596135 ], [ 139.703271, 35.596427 ], [ 139.70328, 35.596672 ], [ 139.703256, 35.596748 ], [ 139.703092, 35.597046 ], [ 139.703051, 35.597146 ], [ 139.703086, 35.597351 ], [ 139.70311, 35.597387 ], [ 139.703192, 35.597526 ], [ 139.703382, 35.597843 ], [ 139.703416, 35.597935 ], [ 139.703481, 35.598174 ], [ 139.703498, 35.598258 ], [ 139.703543, 35.59825 ], [ 139.703608, 35.598745 ], [ 139.703627, 35.598892 ], [ 139.703667, 35.599158 ], [ 139.703712, 35.599463 ], [ 139.703963, 35.599349 ], [ 139.704146, 35.599271 ], [ 139.704147, 35.599271 ], [ 139.704452, 35.599142 ], [ 139.704872, 35.598955 ], [ 139.705249, 35.598788 ], [ 139.706362, 35.598295 ], [ 139.707525, 35.59778 ] ] ] } },
{ "type": "Feature", "properties": { "key": "大田区|中馬込2丁目", "ward": "大田区", "town": "中馬込二丁目" }, "geometry": { "type": "Polygon", "coordinates": [ [ [ 139.711194, 35.594114 ], [ 139.710922, 35.594135 ], [ 139.710106, 35.594237 ], [ 139.709771, 35.594235 ], [ 139.709508, 35.594229 ], [ 139.708953, 35.594235 ], [ 139.708435, 35.594225 ], [ 139.707801, 35.594219 ], [ 139.707508, 35.594218 ], [ 139.707342, 35.594219 ], [ 139.707337, 35.594219 ], [ 139.706725, 35.594223 ], [ 139.706861, 35.594835 ], [ 139.706962, 35.595299 ], [ 139.706972, 35.595339 ], [ 139.707028, 35.595559 ], [ 139.70703, 35.595575 ], [ 139.707241, 35.59651 ], [ 139.707371, 35.597123 ], [ 139.707466, 35.59753 ], [ 139.707525, 35.59778 ], [ 139.707542, 35.597773 ], [ 139.708089, 35.597531 ], [ 139.708186, 35.597488 ], [ 139.7083, 35.597438 ], [ 139.708695, 35.597262 ], [ 139.709045, 35.597116 ], [ 139.709065, 35.597107 ], [ 139.70937, 35.596953 ], [ 139.709486, 35.596881 ], [ 139.709577, 35.596831 ], [ 139.709992, 35.596588 ], [ 139.710325, 35.596401 ], [ 139.710848, 35.596101 ], [ 139.711243, 35.595877 ], [ 139.71125, 35.595872 ], [ 139.711592, 35.595674 ], [ 139.711428, 35.59491 ], [ 139.711425, 35.5949 ], [ 139.711343, 35.594561 ], [ 139.711268, 35.594319 ], [ 139.711194, 35.594114 ] ] ] } },
{ "type": "Feature", "properties": { "key": "大田区|中馬込3丁目", "ward": "大田区", "town": "中馬込三丁目" }, "geometry": { "type": "Polygon", "coordinates": [ [ [ 139.710922, 35.594135 ], [ 139.711194, 35.594114 ], [ 139.71101, 35.593742 ], [ 139.710996, 35.593717 ], [ 139.710811, 35.593417 ], [ 139.710656, 35.59319 ], [ 139.710517, 35.59301 ], [ 139.710143, 35.59289 ], [ 139.70982, 35.592786 ], [ 139.70972, 35.592764 ], [ 139.709521, 35.592721 ], [ 139.709102, 35.592611 ], [ 139.708913, 35.592557 ], [ 139.707914, 35.592269 ], [ 139.707411, 35.592129 ], [ 139.70687, 35.591974 ], [ 139.706413, 35.591836 ], [ 139.705932, 35.591707 ], [ 139.705524, 35.591598 ], [ 139.705196, 35.59154 ], [ 139.705007, 35.59149 ], [ 139.704894, 35.591473 ], [ 139.704854, 35.591466 ], [ 139.70421, 35.591258 ], [ 139.70416, 35.591242 ], [ 139.703862, 35.591151 ], [ 139.703557, 35.591069 ], [ 139.703386, 35.591028 ], [ 139.702834, 35.590865 ], [ 139.70221, 35.590688 ], [ 139.702204, 35.590687 ], [ 139.701581, 35.590488 ], [ 139.701511, 35.59047 ], [ 139.701232, 35.590399 ], [ 139.701223, 35.590408 ], [ 139.701254, 35.590911 ], [ 139.701271, 35.591044 ], [ 139.701387, 35.591331 ], [ 139.701502, 35.591875 ], [ 139.701534, 35.592 ], [ 139.701604, 35.592203 ], [ 139.701958, 35.592608 ], [ 139.702229, 35.592916 ], [ 139.702557, 35.59315 ], [ 139.702671, 35.59344 ], [ 139.702818, 35.593949 ], [ 139.702828, 35.593974 ], [ 139.703678, 35.594092 ], [ 139.704116, 35.594157 ], [ 139.704531, 35.594219 ], [ 139.705629, 35.594224 ], [ 139.706511, 35.594219 ], [ 139.706725, 35.594223 ], [ 139.707337, 35.594219 ], [ 139.707342, 35.594219 ], [ 139.707508, 35.594218 ], [ 139.707801, 35.594219 ], [ 139.708435, 35.594225 ], [ 139.708953, 35.594235 ], [ 139.709508, 35.594229 ], [ 139.709771, 35.594235 ], [ 139.710106, 35.594237 ], [ 139.710922, 35.594135 ] ] ] } },
{ "type": "Feature", "properties": { "key": "大田区|西馬込1丁目", "ward": "大田区", "town": "西馬込一丁目" }, "geometry": { "type": "Polygon", "coordinates": [ [ [ 139.706864, 35.588204 ], [ 139.706449, 35.5882 ], [ 139.706227, 35.588202 ], [ 139.705924, 35.588204 ], [ 139.70569, 35.588176 ], [ 139.705076, 35.58814 ], [ 139.70502, 35.58814 ], [ 139.704789, 35.588196 ], [ 139.704592, 35.588245 ], [ 139.704137, 35.588315 ], [ 139.703988, 35.588315 ], [ 139.703421, 35.589028 ], [ 139.703388, 35.589083 ], [ 139.702977, 35.589628 ], [ 139.702319, 35.590437 ], [ 139.702251, 35.590619 ], [ 139.70221, 35.590688 ], [ 139.702834, 35.590865 ], [ 139.703386, 35.591028 ], [ 139.703557, 35.591069 ], [ 139.703862, 35.591151 ], [ 139.70416, 35.591242 ], [ 139.70421, 35.591258 ], [ 139.704854, 35.591466 ], [ 139.704894, 35.591473 ], [ 139.705007, 35.59149 ], [ 139.705196, 35.59154 ], [ 139.705524, 35.591598 ], [ 139.705932, 35.591707 ], [ 139.706413, 35.591836 ], [ 139.70687, 35.591974 ], [ 139.707411, 35.592129 ], [ 139.707914, 35.592269 ], [ 139.708913, 35.592557 ], [ 139.709102, 35.592611 ], [ 139.709521, 35.592721 ], [ 139.70972, 35.592764 ], [ 139.70982, 35.592786 ], [ 139.710143, 35.59289 ], [ 139.710517, 35.59301 ], [ 139.710329, 35.592763 ], [ 139.710243, 35.592649 ], [ 139.709956, 35.592273 ], [ 139.70967, 35.591898 ], [ 139.709479, 35.591656 ], [ 139.709472, 35.591646 ], [ 139.70876, 35.590712 ], [ 139.708717, 35.590658 ], [ 139.708437, 35.590292 ], [ 139.708316, 35.590136 ], [ 139.70798, 35.589687 ], [ 139.707968, 35.589672 ], [ 139.707961, 35.589662 ], [ 139.70745, 35.588991 ], [ 139.707428, 35.588962 ], [ 139.707356, 35.588866 ], [ 139.707037, 35.588437 ], [ 139.706871, 35.588213 ], [ 139.706864, 35.588204 ] ] ] } },
{ "type": "Feature", "properties": { "key": "大田区|西馬込2丁目", "ward": "大田区", "town": "西馬込二丁目" }, "geometry": { "type": "Polygon", "coordinates": [ [ [ 139.70502, 35.58814 ], [ 139.705076, 35.58814 ], [ 139.70569, 35.588176 ], [ 139.705924, 35.588204 ], [ 139.706227, 35.588202 ], [ 139.706449, 35.5882 ], [ 139.706864, 35.588204 ], [ 139.706567, 35.587817 ], [ 139.706256, 35.587412 ], [ 139.705951, 35.587015 ], [ 139.705877, 35.586919 ], [ 139.705648, 35.586582 ], [ 139.70564, 35.586584 ], [ 139.705314, 35.586185 ], [ 139.705305, 35.586172 ], [ 139.705015, 35.585806 ], [ 139.704848, 35.585585 ], [ 139.70484, 35.585574 ], [ 139.70464, 35.58531 ], [ 139.704414, 35.585012 ], [ 139.704056, 35.584559 ], [ 139.703837, 35.584268 ], [ 139.703827, 35.584263 ], [ 139.703769, 35.58418 ], [ 139.703515, 35.583851 ], [ 139.702898, 35.583048 ], [ 139.70284, 35.582975 ], [ 139.702839, 35.583125 ], [ 139.702816, 35.583226 ], [ 139.702462, 35.583649 ], [ 139.702273, 35.583866 ], [ 139.702217, 35.584353 ], [ 139.702167, 35.584643 ], [ 139.702166, 35.584964 ], [ 139.702165, 35.585331 ], [ 139.702179, 35.585615 ], [ 139.702174, 35.585711 ], [ 139.702146, 35.585894 ], [ 139.702059, 35.586142 ], [ 139.701957, 35.586471 ], [ 139.701939, 35.586557 ], [ 139.701796, 35.586864 ], [ 139.701745, 35.587018 ], [ 139.701722, 35.587108 ], [ 139.70168, 35.587441 ], [ 139.701616, 35.587689 ], [ 139.701569, 35.58791 ], [ 139.701542, 35.588089 ], [ 139.701509, 35.588329 ], [ 139.701389, 35.588726 ], [ 139.701324, 35.589048 ], [ 139.701287, 35.589453 ], [ 139.701217, 35.590086 ], [ 139.701218, 35.590306 ], [ 139.701232, 35.590399 ], [ 139.701511, 35.59047 ], [ 139.701581, 35.590488 ], [ 139.702204, 35.590687 ], [ 139.70221, 35.590688 ], [ 139.702251, 35.590619 ], [ 139.702319, 35.590437 ], [ 139.702977, 35.589628 ], [ 139.703388, 35.589083 ], [ 139.703421, 35.589028 ], [ 139.703988, 35.588315 ], [ 139.704137, 35.588315 ], [ 139.704592, 35.588245 ], [ 139.704789, 35.588196 ], [ 139.70502, 35.58814 ] ] ] } },
{ "type": "Feature", "properties": { "key": "大田区|北馬込1丁目", "ward": "大田区", "town": "北馬込一丁目" }, "geometry": { "type": "Polygon", "coordinates": [ [ [ 139.707542, 35.597773 ], [ 139.707525, 35.59778 ], [ 139.706362, 35.598295 ], [ 139.705249, 35.598788 ], [ 139.704872, 35.598955 ], [ 139.704452, 35.599142 ], [ 139.704147, 35.599271 ], [ 139.704146, 35.599271 ], [ 139.703963, 35.599349 ], [ 139.703712, 35.599463 ], [ 139.703699, 35.599469 ], [ 139.703429, 35.599591 ], [ 139.703104, 35.59974 ], [ 139.70309, 35.599745 ], [ 139.702835, 35.599857 ], [ 139.702464, 35.600014 ], [ 139.702122, 35.600174 ], [ 139.701904, 35.600263 ], [ 139.70182, 35.600311 ], [ 139.701732, 35.600341 ], [ 139.701485, 35.60045 ], [ 139.701347, 35.600532 ], [ 139.701238, 35.600613 ], [ 139.701227, 35.600624 ], [ 139.700917, 35.600873 ], [ 139.70069, 35.601076 ], [ 139.700634, 35.601119 ], [ 139.700371, 35.601323 ], [ 139.699982, 35.601619 ], [ 139.699949, 35.601668 ], [ 139.699947, 35.601671 ], [ 139.700923, 35.601613 ], [ 139.701339, 35.601595 ], [ 139.701576, 35.601582 ], [ 139.702237, 35.601539 ], [ 139.702519, 35.601527 ], [ 139.702622, 35.601522 ], [ 139.702696, 35.601518 ], [ 139.703402, 35.601477 ], [ 139.703696, 35.601459 ], [ 139.703972, 35.601436 ], [ 139.704431, 35.601405 ], [ 139.704993, 35.60137 ], [ 139.705339, 35.601351 ], [ 139.705784, 35.601309 ], [ 139.705821, 35.601292 ], [ 139.705832, 35.601257 ], [ 139.706188, 35.601219 ], [ 139.706883, 35.60118 ], [ 139.707883, 35.601117 ], [ 139.708026, 35.601108 ], [ 139.708005, 35.600946 ], [ 139.707983, 35.600781 ], [ 139.707949, 35.600547 ], [ 139.707831, 35.599729 ], [ 139.707709, 35.598932 ], [ 139.707692, 35.598819 ], [ 139.707636, 35.598448 ], [ 139.707613, 35.598269 ], [ 139.707542, 35.597773 ] ] ] } },
{ "type": "Feature", "properties": { "key": "大田区|北馬込2丁目", "ward": "大田区", "town": "北馬込二丁目" }, "geometry": { "type": "Polygon", "coordinates": [ [ [ 139.708839, 35.601059 ], [ 139.70897, 35.601085 ], [ 139.709077, 35.601105 ], [ 139.709359, 35.601051 ], [ 139.70951, 35.601025 ], [ 139.709931, 35.600983 ], [ 139.710336, 35.600956 ], [ 139.710857, 35.600925 ], [ 139.711137, 35.600897 ], [ 139.711411, 35.60087 ], [ 139.711828, 35.60083 ], [ 139.711923, 35.600821 ], [ 139.712318, 35.600779 ], [ 139.712332, 35.600777 ], [ 139.712609, 35.600735 ], [ 139.712559, 35.600429 ], [ 139.712482, 35.60005 ], [ 139.712357, 35.599443 ], [ 139.712349, 35.599391 ], [ 139.712287, 35.599064 ], [ 139.712241, 35.598844 ], [ 139.712169, 35.598493 ], [ 139.712044, 35.597907 ], [ 139.712044, 35.597904 ], [ 139.711968, 35.597535 ], [ 139.711953, 35.597462 ], [ 139.71189, 35.597152 ], [ 139.711826, 35.59684 ], [ 139.711813, 35.596774 ], [ 139.711595, 35.595686 ], [ 139.711592, 35.595674 ], [ 139.71125, 35.595872 ], [ 139.711243, 35.595877 ], [ 139.710848, 35.596101 ], [ 139.710325, 35.596401 ], [ 139.709992, 35.596588 ], [ 139.709577, 35.596831 ], [ 139.709486, 35.596881 ], [ 139.70937, 35.596953 ], [ 139.709065, 35.597107 ], [ 139.709045, 35.597116 ], [ 139.708695, 35.597262 ], [ 139.7083, 35.597438 ], [ 139.708186, 35.597488 ], [ 139.708089, 35.597531 ], [ 139.707542, 35.597773 ], [ 139.707613, 35.598269 ], [ 139.707636, 35.598448 ], [ 139.707692, 35.598819 ], [ 139.707709, 35.598932 ], [ 139.707831, 35.599729 ], [ 139.707949, 35.600547 ], [ 139.707983, 35.600781 ], [ 139.708005, 35.600946 ], [ 139.708026, 35.601108 ], [ 139.708839, 35.601059 ] ] ] } },
{ "type": "Feature", "properties": { "key": "大田区|中央1丁目", "ward": "大田区", "town": "中央一丁目" }, "geometry": { "type": "Polygon", "coordinates": [ [ [ 139.720286, 35.582773 ], [ 139.7204, 35.582788 ], [ 139.720504, 35.582782 ], [ 139.720613, 35.582516 ], [ 139.720626, 35.582486 ], [ 139.720665, 35.582478 ], [ 139.720703, 35.582418 ], [ 139.720791, 35.582279 ], [ 139.721084, 35.581932 ], [ 139.721094, 35.581923 ], [ 139.721228, 35.581806 ], [ 139.721389, 35.581704 ], [ 139.721485, 35.581629 ], [ 139.721548, 35.581584 ], [ 139.721735, 35.581449 ], [ 139.721702, 35.581459 ], [ 139.721465, 35.581137 ], [ 139.72146, 35.581129 ], [ 139.721316, 35.580934 ], [ 139.721307, 35.580922 ], [ 139.721085, 35.58064 ], [ 139.721016, 35.580553 ], [ 139.720696, 35.580147 ], [ 139.720543, 35.579952 ], [ 139.719718, 35.579491 ], [ 139.719636, 35.579445 ], [ 139.719322, 35.579712 ], [ 139.718558, 35.580309 ], [ 139.718411, 35.580429 ], [ 139.718062, 35.58077 ], [ 139.717636, 35.581191 ], [ 139.717242, 35.581922 ], [ 139.716906, 35.58258 ], [ 139.716868, 35.582697 ], [ 139.717389, 35.582747 ], [ 139.717529, 35.58276 ], [ 139.717832, 35.582789 ], [ 139.7179, 35.582795 ], [ 139.718677, 35.582866 ], [ 139.719403, 35.582938 ], [ 139.720286, 35.582773 ] ] ] } },
{ "type": "Feature", "properties": { "key": "大田区|中央2丁目", "ward": "大田区", "town": "中央二丁目" }, "geometry": { "type": "Polygon", "coordinates": [ [ [ 139.721411, 35.575739 ], [ 139.720941, 35.576355 ], [ 139.720726, 35.576627 ], [ 139.720061, 35.577474 ], [ 139.7194, 35.578343 ], [ 139.718867, 35.579009 ], [ 139.719285, 35.579267 ], [ 139.719636, 35.579445 ], [ 139.719718, 35.579491 ], [ 139.720543, 35.579952 ], [ 139.720696, 35.580147 ], [ 139.721016, 35.580553 ], [ 139.721085, 35.58064 ], [ 139.721307, 35.580922 ], [ 139.721316, 35.580934 ], [ 139.72146, 35.581129 ], [ 139.721465, 35.581137 ], [ 139.721702, 35.581459 ], [ 139.721735, 35.581449 ], [ 139.721845, 35.58137 ], [ 139.722086, 35.581215 ], [ 139.72209, 35.581212 ], [ 139.722457, 35.580976 ], [ 139.722485, 35.580958 ], [ 139.722914, 35.580707 ], [ 139.722947, 35.580678 ], [ 139.723412, 35.580533 ], [ 139.723333, 35.580339 ], [ 139.723009, 35.579536 ], [ 139.722915, 35.57932 ], [ 139.7229, 35.579286 ], [ 139.722882, 35.579242 ], [ 139.722668, 35.578729 ], [ 139.722655, 35.578663 ], [ 139.722633, 35.578651 ], [ 139.722459, 35.578264 ], [ 139.722271, 35.577765 ], [ 139.722265, 35.577749 ], [ 139.722161, 35.577495 ], [ 139.722042, 35.577217 ], [ 139.72187, 35.576814 ], [ 139.721856, 35.576781 ], [ 139.721844, 35.576751 ], [ 139.72173, 35.576485 ], [ 139.721627, 35.576245 ], [ 139.721411, 35.575739 ] ] ] } },
{ "type": "Feature", "properties": { "key": "大田区|中央3丁目", "ward": "大田区", "town": "中央三丁目" }, "geometry": { "type": "Polygon", "coordinates": [ [ [ 139.720568, 35.573734 ], [ 139.720243, 35.573771 ], [ 139.720237, 35.573772 ], [ 139.719865, 35.573815 ], [ 139.719844, 35.573818 ], [ 139.719031, 35.573911 ], [ 139.71894, 35.573922 ], [ 139.718607, 35.573949 ], [ 139.718583, 35.573953 ], [ 139.717763, 35.574094 ], [ 139.717434, 35.574156 ], [ 139.716887, 35.57426 ], [ 139.716992, 35.574573 ], [ 139.717023, 35.574686 ], [ 139.717026, 35.574696 ], [ 139.717066, 35.574841 ], [ 139.717131, 35.575114 ], [ 139.717134, 35.575128 ], [ 139.717247, 35.575527 ], [ 139.717254, 35.575552 ], [ 139.717373, 35.575972 ], [ 139.717363, 35.576008 ], [ 139.717334, 35.576046 ], [ 139.717081, 35.576352 ], [ 139.717012, 35.576436 ], [ 139.71664, 35.576906 ], [ 139.716112, 35.577583 ], [ 139.717026, 35.578052 ], [ 139.717488, 35.578282 ], [ 139.717564, 35.57832 ], [ 139.717947, 35.578525 ], [ 139.718277, 35.578698 ], [ 139.718395, 35.578763 ], [ 139.718867, 35.579009 ], [ 139.7194, 35.578343 ], [ 139.720061, 35.577474 ], [ 139.720726, 35.576627 ], [ 139.720941, 35.576355 ], [ 139.721411, 35.575739 ], [ 139.721404, 35.575722 ], [ 139.721216, 35.575283 ], [ 139.721197, 35.575238 ], [ 139.72104, 35.574856 ], [ 139.721036, 35.574848 ], [ 139.720866, 35.574454 ], [ 139.72084, 35.574394 ], [ 139.720686, 35.574009 ], [ 139.720685, 35.574006 ], [ 139.720571, 35.57374 ], [ 139.720568, 35.573734 ] ] ] } },
{ "type": "Feature", "properties": { "key": "大田区|中央4丁目", "ward": "大田区", "town": "中央四丁目" }, "geometry": { "type": "Polygon", "coordinates": [ [ [ 139.715076, 35.582493 ], [ 139.715104, 35.582527 ], [ 139.716071, 35.582617 ], [ 139.716093, 35.582619 ], [ 139.716833, 35.58269 ], [ 139.716868, 35.582697 ], [ 139.716906, 35.58258 ], [ 139.717242, 35.581922 ], [ 139.717636, 35.581191 ], [ 139.718062, 35.58077 ], [ 139.718411, 35.580429 ], [ 139.718558, 35.580309 ], [ 139.719322, 35.579712 ], [ 139.719636, 35.579445 ], [ 139.719285, 35.579267 ], [ 139.718867, 35.579009 ], [ 139.718395, 35.578763 ], [ 139.718277, 35.578698 ], [ 139.717947, 35.578525 ], [ 139.717564, 35.57832 ], [ 139.717488, 35.578282 ], [ 139.717026, 35.578052 ], [ 139.716112, 35.577583 ], [ 139.716101, 35.57759 ], [ 139.715554, 35.577312 ], [ 139.71536, 35.57759 ], [ 139.715357, 35.577594 ], [ 139.715179, 35.5778 ], [ 139.715162, 35.57781 ], [ 139.715053, 35.577878 ], [ 139.714933, 35.577979 ], [ 139.714659, 35.578353 ], [ 139.714419, 35.57853 ], [ 139.714083, 35.578801 ], [ 139.713797, 35.579024 ], [ 139.713333, 35.579386 ], [ 139.713311, 35.579408 ], [ 139.713413, 35.579544 ], [ 139.713725, 35.579766 ], [ 139.71383, 35.57983 ], [ 139.713994, 35.579884 ], [ 139.7142, 35.579966 ], [ 139.714393, 35.580078 ], [ 139.714659, 35.580287 ], [ 139.714668, 35.580301 ], [ 139.714945, 35.580505 ], [ 139.715055, 35.580578 ], [ 139.715233, 35.580792 ], [ 139.715327, 35.58095 ], [ 139.715388, 35.581111 ], [ 139.715401, 35.581304 ], [ 139.715404, 35.581336 ], [ 139.715271, 35.581485 ], [ 139.715113, 35.581592 ], [ 139.714891, 35.581727 ], [ 139.714067, 35.582129 ], [ 139.714207, 35.5825 ], [ 139.714267, 35.582733 ], [ 139.714382, 35.58277 ], [ 139.714772, 35.582606 ], [ 139.715076, 35.582493 ] ] ] } },
{ "type": "Feature", "properties": { "key": "大田区|中央5丁目", "ward": "大田区", "town": "中央五丁目" }, "geometry": { "type": "Polygon", "coordinates": [ [ [ 139.714203, 35.582724 ], [ 139.714267, 35.582733 ], [ 139.714207, 35.5825 ], [ 139.714067, 35.582129 ], [ 139.714891, 35.581727 ], [ 139.715113, 35.581592 ], [ 139.715271, 35.581485 ], [ 139.715404, 35.581336 ], [ 139.715401, 35.581304 ], [ 139.715388, 35.581111 ], [ 139.715327, 35.58095 ], [ 139.715233, 35.580792 ], [ 139.715055, 35.580578 ], [ 139.714945, 35.580505 ], [ 139.714668, 35.580301 ], [ 139.714659, 35.580287 ], [ 139.714393, 35.580078 ], [ 139.7142, 35.579966 ], [ 139.713994, 35.579884 ], [ 139.71383, 35.57983 ], [ 139.713725, 35.579766 ], [ 139.713413, 35.579544 ], [ 139.713311, 35.579408 ], [ 139.713288, 35.579408 ], [ 139.712092, 35.580277 ], [ 139.7117, 35.580083 ], [ 139.711236, 35.579863 ], [ 139.710765, 35.579633 ], [ 139.710129, 35.579322 ], [ 139.710057, 35.579287 ], [ 139.709643, 35.579065 ], [ 139.709631, 35.579075 ], [ 139.709519, 35.57917 ], [ 139.709383, 35.579264 ], [ 139.708968, 35.579564 ], [ 139.708874, 35.579659 ], [ 139.708843, 35.579704 ], [ 139.708378, 35.580201 ], [ 139.70826, 35.580339 ], [ 139.708082, 35.58059 ], [ 139.708053, 35.58063 ], [ 139.707851, 35.580944 ], [ 139.707542, 35.581426 ], [ 139.707524, 35.581453 ], [ 139.707218, 35.58193 ], [ 139.707023, 35.582233 ], [ 139.707659, 35.582304 ], [ 139.707881, 35.582328 ], [ 139.708688, 35.582417 ], [ 139.709117, 35.582463 ], [ 139.709963, 35.582554 ], [ 139.709979, 35.582556 ], [ 139.710519, 35.582604 ], [ 139.711268, 35.582682 ], [ 139.711531, 35.582692 ], [ 139.711612, 35.582706 ], [ 139.711666, 35.582711 ], [ 139.711753, 35.582719 ], [ 139.712735, 35.582817 ], [ 139.712755, 35.582819 ], [ 139.712778, 35.582821 ], [ 139.713066, 35.582856 ], [ 139.713069, 35.582867 ], [ 139.713353, 35.582895 ], [ 139.713814, 35.582954 ], [ 139.713973, 35.582857 ], [ 139.714203, 35.582724 ] ] ] } },
{ "type": "Feature", "properties": { "key": "大田区|中央6丁目", "ward": "大田区", "town": "中央六丁目" }, "geometry": { "type": "Polygon", "coordinates": [ [ [ 139.713288, 35.579408 ], [ 139.713311, 35.579408 ], [ 139.713333, 35.579386 ], [ 139.713797, 35.579024 ], [ 139.714083, 35.578801 ], [ 139.714419, 35.57853 ], [ 139.714659, 35.578353 ], [ 139.714933, 35.577979 ], [ 139.715053, 35.577878 ], [ 139.715162, 35.57781 ], [ 139.715179, 35.5778 ], [ 139.715357, 35.577594 ], [ 139.71536, 35.57759 ], [ 139.715554, 35.577312 ], [ 139.715557, 35.577309 ], [ 139.715107, 35.5771 ], [ 139.715049, 35.577071 ], [ 139.71504, 35.577067 ], [ 139.714687, 35.576892 ], [ 139.714319, 35.576722 ], [ 139.714305, 35.576716 ], [ 139.713577, 35.576379 ], [ 139.713556, 35.576364 ], [ 139.71326, 35.576222 ], [ 139.712837, 35.576012 ], [ 139.712824, 35.576006 ], [ 139.71203, 35.575627 ], [ 139.711844, 35.575903 ], [ 139.71149, 35.576448 ], [ 139.711429, 35.576496 ], [ 139.71112, 35.57684 ], [ 139.710891, 35.577124 ], [ 139.710713, 35.577389 ], [ 139.710636, 35.577543 ], [ 139.710621, 35.577619 ], [ 139.710597, 35.577731 ], [ 139.710495, 35.578219 ], [ 139.710183, 35.578465 ], [ 139.70995, 35.578676 ], [ 139.709806, 35.578849 ], [ 139.709643, 35.579065 ], [ 139.710057, 35.579287 ], [ 139.710129, 35.579322 ], [ 139.710765, 35.579633 ], [ 139.711236, 35.579863 ], [ 139.7117, 35.580083 ], [ 139.712092, 35.580277 ], [ 139.713288, 35.579408 ] ] ] } },
{ "type": "Feature", "properties": { "key": "大田区|中央7丁目", "ward": "大田区", "town": "中央七丁目" }, "geometry": { "type": "Polygon", "coordinates": [ [ [ 139.716887, 35.57426 ], [ 139.716151, 35.574376 ], [ 139.715564, 35.574479 ], [ 139.715228, 35.574541 ], [ 139.714882, 35.574599 ], [ 139.714593, 35.57465 ], [ 139.714227, 35.574711 ], [ 139.713823, 35.574782 ], [ 139.713214, 35.574892 ], [ 139.712873, 35.574954 ], [ 139.712775, 35.574968 ], [ 139.712604, 35.575039 ], [ 139.712474, 35.575128 ], [ 139.712367, 35.575223 ], [ 139.712283, 35.575312 ], [ 139.71203, 35.575627 ], [ 139.712824, 35.576006 ], [ 139.712837, 35.576012 ], [ 139.71326, 35.576222 ], [ 139.713556, 35.576364 ], [ 139.713577, 35.576379 ], [ 139.714305, 35.576716 ], [ 139.714319, 35.576722 ], [ 139.714687, 35.576892 ], [ 139.71504, 35.577067 ], [ 139.715049, 35.577071 ], [ 139.715107, 35.5771 ], [ 139.715557, 35.577309 ], [ 139.715554, 35.577312 ], [ 139.716101, 35.57759 ], [ 139.716112, 35.577583 ], [ 139.71664, 35.576906 ], [ 139.717012, 35.576436 ], [ 139.717081, 35.576352 ], [ 139.717334, 35.576046 ], [ 139.717363, 35.576008 ], [ 139.717373, 35.575972 ], [ 139.717254, 35.575552 ], [ 139.717247, 35.575527 ], [ 139.717134, 35.575128 ], [ 139.717131, 35.575114 ], [ 139.717066, 35.574841 ], [ 139.717026, 35.574696 ], [ 139.717023, 35.574686 ], [ 139.716992, 35.574573 ], [ 139.716887, 35.57426 ] ] ] } },
{ "type": "Feature", "properties": { "key": "大田区|中央8丁目", "ward": "大田区", "town": "中央八丁目" }, "geometry": { "type": "Polygon", "coordinates": [ [ [ 139.720568, 35.573734 ], [ 139.720571, 35.57374 ], [ 139.720601, 35.573675 ], [ 139.7206, 35.573621 ], [ 139.720497, 35.573372 ], [ 139.72037, 35.573044 ], [ 139.720318, 35.572923 ], [ 139.720035, 35.572258 ], [ 139.719888, 35.571914 ], [ 139.719742, 35.571571 ], [ 139.719729, 35.57154 ], [ 139.719479, 35.570922 ], [ 139.719282, 35.570459 ], [ 139.719177, 35.570178 ], [ 139.719158, 35.570132 ], [ 139.719115, 35.570124 ], [ 139.719064, 35.570182 ], [ 139.719018, 35.570229 ], [ 139.718857, 35.570246 ], [ 139.718603, 35.570287 ], [ 139.718394, 35.570414 ], [ 139.718377, 35.570386 ], [ 139.718182, 35.570478 ], [ 139.717898, 35.570604 ], [ 139.717834, 35.570632 ], [ 139.717493, 35.570804 ], [ 139.717334, 35.570911 ], [ 139.717256, 35.570946 ], [ 139.716965, 35.57101 ], [ 139.716725, 35.571141 ], [ 139.716422, 35.571305 ], [ 139.715937, 35.571557 ], [ 139.715479, 35.571807 ], [ 139.715257, 35.571921 ], [ 139.714707, 35.572206 ], [ 139.714163, 35.57249 ], [ 139.714033, 35.572557 ], [ 139.713941, 35.572608 ], [ 139.713496, 35.572846 ], [ 139.713475, 35.572857 ], [ 139.71293, 35.57315 ], [ 139.712738, 35.573251 ], [ 139.712421, 35.573429 ], [ 139.712395, 35.573445 ], [ 139.712382, 35.573453 ], [ 139.711676, 35.573871 ], [ 139.71122, 35.574149 ], [ 139.711205, 35.574159 ], [ 139.711053, 35.574261 ], [ 139.71067, 35.574517 ], [ 139.710556, 35.574594 ], [ 139.710266, 35.574784 ], [ 139.710499, 35.574895 ], [ 139.710712, 35.574997 ], [ 139.710842, 35.575059 ], [ 139.711204, 35.575232 ], [ 139.71203, 35.575627 ], [ 139.712283, 35.575312 ], [ 139.712367, 35.575223 ], [ 139.712474, 35.575128 ], [ 139.712604, 35.575039 ], [ 139.712775, 35.574968 ], [ 139.712873, 35.574954 ], [ 139.713214, 35.574892 ], [ 139.713823, 35.574782 ], [ 139.714227, 35.574711 ], [ 139.714593, 35.57465 ], [ 139.714882, 35.574599 ], [ 139.715228, 35.574541 ], [ 139.715564, 35.574479 ], [ 139.716151, 35.574376 ], [ 139.716887, 35.57426 ], [ 139.717434, 35.574156 ], [ 139.717763, 35.574094 ], [ 139.718583, 35.573953 ], [ 139.718607, 35.573949 ], [ 139.71894, 35.573922 ], [ 139.719031, 35.573911 ], [ 139.719844, 35.573818 ], [ 139.719865, 35.573815 ], [ 139.720237, 35.573772 ], [ 139.720243, 35.573771 ], [ 139.720568, 35.573734 ] ] ] } },
{ "type": "Feature", "properties": { "key": "大田区|池上1丁目", "ward": "大田区", "town": "池上一丁目" }, "geometry": { "type": "Polygon", "coordinates": [ [ [ 139.710266, 35.574784 ], [ 139.710234, 35.574806 ], [ 139.709566, 35.575237 ], [ 139.709456, 35.575284 ], [ 139.709326, 35.575357 ], [ 139.709108, 35.575435 ], [ 139.709063, 35.575449 ], [ 139.708989, 35.575471 ], [ 139.708826, 35.575521 ], [ 139.708531, 35.575575 ], [ 139.708071, 35.575601 ], [ 139.708059, 35.575602 ], [ 139.707314, 35.575674 ], [ 139.706423, 35.575728 ], [ 139.706164, 35.575732 ], [ 139.706138, 35.575732 ], [ 139.706104, 35.575736 ], [ 139.705934, 35.575753 ], [ 139.705408, 35.575791 ], [ 139.704855, 35.575826 ], [ 139.704845, 35.575827 ], [ 139.704439, 35.575858 ], [ 139.703988, 35.575915 ], [ 139.703886, 35.57593 ], [ 139.703649, 35.575991 ], [ 139.703304, 35.576132 ], [ 139.7033, 35.576353 ], [ 139.703248, 35.57665 ], [ 139.703508, 35.57687 ], [ 139.703963, 35.577247 ], [ 139.704124, 35.577401 ], [ 139.704125, 35.577521 ], [ 139.704206, 35.577681 ], [ 139.704235, 35.577835 ], [ 139.704036, 35.578383 ], [ 139.704041, 35.578518 ], [ 139.704089, 35.578674 ], [ 139.704171, 35.578813 ], [ 139.70452, 35.57911 ], [ 139.70461, 35.579238 ], [ 139.704643, 35.579385 ], [ 139.704664, 35.57958 ], [ 139.704665, 35.58024 ], [ 139.70462, 35.580404 ], [ 139.704541, 35.580592 ], [ 139.704532, 35.580623 ], [ 139.704503, 35.580739 ], [ 139.704529, 35.58085 ], [ 139.70451, 35.581026 ], [ 139.704455, 35.581258 ], [ 139.704382, 35.581471 ], [ 139.704328, 35.581587 ], [ 139.704229, 35.5817 ], [ 139.703955, 35.581921 ], [ 139.704587, 35.581984 ], [ 139.704884, 35.58202 ], [ 139.705056, 35.582034 ], [ 139.705098, 35.582037 ], [ 139.705235, 35.582053 ], [ 139.705422, 35.58207 ], [ 139.705459, 35.582074 ], [ 139.70577, 35.582107 ], [ 139.706401, 35.582173 ], [ 139.706445, 35.582177 ], [ 139.707023, 35.582233 ], [ 139.707218, 35.58193 ], [ 139.707524, 35.581453 ], [ 139.707542, 35.581426 ], [ 139.707851, 35.580944 ], [ 139.708053, 35.58063 ], [ 139.708082, 35.58059 ], [ 139.70826, 35.580339 ], [ 139.708378, 35.580201 ], [ 139.708843, 35.579704 ], [ 139.708874, 35.579659 ], [ 139.708968, 35.579564 ], [ 139.709383, 35.579264 ], [ 139.709519, 35.57917 ], [ 139.709631, 35.579075 ], [ 139.709643, 35.579065 ], [ 139.709806, 35.578849 ], [ 139.70995, 35.578676 ], [ 139.710183, 35.578465 ], [ 139.710495, 35.578219 ], [ 139.710597, 35.577731 ], [ 139.710621, 35.577619 ], [ 139.710636, 35.577543 ], [ 139.710713, 35.577389 ], [ 139.710891, 35.577124 ], [ 139.71112, 35.57684 ], [ 139.711429, 35.576496 ], [ 139.71149, 35.576448 ], [ 139.711844, 35.575903 ], [ 139.71203, 35.575627 ], [ 139.711204, 35.575232 ], [ 139.710842, 35.575059 ], [ 139.710712, 35.574997 ], [ 139.710499, 35.574895 ], [ 139.710266, 35.574784 ] ] ] } },
{ "type": "Feature", "properties": { "key": "大田区|池上2丁目", "ward": "大田区", "town": "池上二丁目" }, "geometry": { "type": "Polygon", "coordinates": [ [ [ 139.703304, 35.576132 ], [ 139.703298, 35.576136 ], [ 139.703128, 35.576233 ], [ 139.702961, 35.576359 ], [ 139.702758, 35.576515 ], [ 139.702581, 35.576627 ], [ 139.702205, 35.576902 ], [ 139.702199, 35.576906 ], [ 139.701656, 35.57729 ], [ 139.701647, 35.577298 ], [ 139.701256, 35.5776 ], [ 139.701156, 35.577725 ], [ 139.700905, 35.578103 ], [ 139.700878, 35.578174 ], [ 139.70087, 35.578193 ], [ 139.700743, 35.578472 ], [ 139.700505, 35.578958 ], [ 139.700494, 35.57898 ], [ 139.700785, 35.579575 ], [ 139.700802, 35.57961 ], [ 139.701286, 35.580562 ], [ 139.70129, 35.580568 ], [ 139.701314, 35.580611 ], [ 139.70135, 35.580676 ], [ 139.701456, 35.580892 ], [ 139.701721, 35.581371 ], [ 139.701815, 35.581548 ], [ 139.701888, 35.581683 ], [ 139.701901, 35.58171 ], [ 139.70219, 35.581737 ], [ 139.702596, 35.581774 ], [ 139.703058, 35.581827 ], [ 139.7032, 35.581843 ], [ 139.703924, 35.581916 ], [ 139.703955, 35.581921 ], [ 139.704229, 35.5817 ], [ 139.704328, 35.581587 ], [ 139.704382, 35.581471 ], [ 139.704455, 35.581258 ], [ 139.70451, 35.581026 ], [ 139.704529, 35.58085 ], [ 139.704503, 35.580739 ], [ 139.704532, 35.580623 ], [ 139.704541, 35.580592 ], [ 139.70462, 35.580404 ], [ 139.704665, 35.58024 ], [ 139.704664, 35.57958 ], [ 139.704643, 35.579385 ], [ 139.70461, 35.579238 ], [ 139.70452, 35.57911 ], [ 139.704171, 35.578813 ], [ 139.704089, 35.578674 ], [ 139.704041, 35.578518 ], [ 139.704036, 35.578383 ], [ 139.704235, 35.577835 ], [ 139.704206, 35.577681 ], [ 139.704125, 35.577521 ], [ 139.704124, 35.577401 ], [ 139.703963, 35.577247 ], [ 139.703508, 35.57687 ], [ 139.703248, 35.57665 ], [ 139.7033, 35.576353 ], [ 139.703304, 35.576132 ] ] ] } },
{ "type": "Feature", "properties": { "key": "大田区|池上3丁目", "ward": "大田区", "town": "池上三丁目" }, "geometry": { "type": "Polygon", "coordinates": [ [ [ 139.697168, 35.572454 ], [ 139.69718, 35.57248 ], [ 139.697327, 35.572811 ], [ 139.697508, 35.573149 ], [ 139.697534, 35.573198 ], [ 139.697796, 35.573726 ], [ 139.697849, 35.573831 ], [ 139.697862, 35.573858 ], [ 139.697907, 35.573921 ], [ 139.698473, 35.574998 ], [ 139.698506, 35.575044 ], [ 139.698759, 35.57557 ], [ 139.699105, 35.57628 ], [ 139.699491, 35.577018 ], [ 139.699778, 35.577599 ], [ 139.699953, 35.577902 ], [ 139.699999, 35.577989 ], [ 139.700329, 35.578621 ], [ 139.700393, 35.578743 ], [ 139.700505, 35.578958 ], [ 139.700743, 35.578472 ], [ 139.70087, 35.578193 ], [ 139.700878, 35.578174 ], [ 139.700905, 35.578103 ], [ 139.701156, 35.577725 ], [ 139.701256, 35.5776 ], [ 139.701647, 35.577298 ], [ 139.701656, 35.57729 ], [ 139.702199, 35.576906 ], [ 139.702205, 35.576902 ], [ 139.702581, 35.576627 ], [ 139.702758, 35.576515 ], [ 139.702961, 35.576359 ], [ 139.703128, 35.576233 ], [ 139.703298, 35.576136 ], [ 139.703351, 35.575689 ], [ 139.703432, 35.575121 ], [ 139.703401, 35.575002 ], [ 139.703372, 35.574917 ], [ 139.703411, 35.574596 ], [ 139.703461, 35.574227 ], [ 139.703539, 35.573661 ], [ 139.703613, 35.572864 ], [ 139.702693, 35.572848 ], [ 139.702496, 35.572841 ], [ 139.701961, 35.572822 ], [ 139.701601, 35.572809 ], [ 139.70127, 35.572784 ], [ 139.70089, 35.572754 ], [ 139.70018, 35.5727 ], [ 139.699301, 35.572623 ], [ 139.699297, 35.572623 ], [ 139.698752, 35.572575 ], [ 139.698716, 35.572572 ], [ 139.697768, 35.572486 ], [ 139.697726, 35.572484 ], [ 139.697168, 35.572454 ] ] ] } },
{ "type": "Feature", "properties": { "key": "大田区|池上4丁目", "ward": "大田区", "town": "池上四丁目" }, "geometry": { "type": "Polygon", "coordinates": [ [ [ 139.703613, 35.572864 ], [ 139.703539, 35.573661 ], [ 139.703461, 35.574227 ], [ 139.703411, 35.574596 ], [ 139.703372, 35.574917 ], [ 139.703401, 35.575002 ], [ 139.703432, 35.575121 ], [ 139.703351, 35.575689 ], [ 139.703298, 35.576136 ], [ 139.703304, 35.576132 ], [ 139.703649, 35.575991 ], [ 139.703886, 35.57593 ], [ 139.703988, 35.575915 ], [ 139.704439, 35.575858 ], [ 139.704845, 35.575827 ], [ 139.704855, 35.575826 ], [ 139.705408, 35.575791 ], [ 139.705934, 35.575753 ], [ 139.706104, 35.575736 ], [ 139.706138, 35.575732 ], [ 139.706164, 35.575732 ], [ 139.706423, 35.575728 ], [ 139.707314, 35.575674 ], [ 139.708059, 35.575602 ], [ 139.708071, 35.575601 ], [ 139.708531, 35.575575 ], [ 139.708826, 35.575521 ], [ 139.708989, 35.575471 ], [ 139.709063, 35.575449 ], [ 139.709108, 35.575435 ], [ 139.709326, 35.575357 ], [ 139.709456, 35.575284 ], [ 139.709566, 35.575237 ], [ 139.710234, 35.574806 ], [ 139.710266, 35.574784 ], [ 139.709872, 35.574598 ], [ 139.709852, 35.574588 ], [ 139.7094, 35.574377 ], [ 139.709388, 35.574373 ], [ 139.708744, 35.574186 ], [ 139.708265, 35.574047 ], [ 139.708251, 35.574046 ], [ 139.708206, 35.57404 ], [ 139.707737, 35.573885 ], [ 139.707692, 35.57387 ], [ 139.707506, 35.57381 ], [ 139.707284, 35.573738 ], [ 139.707222, 35.573718 ], [ 139.707188, 35.573707 ], [ 139.707183, 35.573706 ], [ 139.706999, 35.573654 ], [ 139.706454, 35.573501 ], [ 139.706451, 35.5735 ], [ 139.706425, 35.573494 ], [ 139.706403, 35.573489 ], [ 139.705751, 35.573294 ], [ 139.70565, 35.573264 ], [ 139.705128, 35.573109 ], [ 139.705064, 35.57309 ], [ 139.703882, 35.573031 ], [ 139.703801, 35.573007 ], [ 139.703729, 35.572927 ], [ 139.703649, 35.572884 ], [ 139.703613, 35.572864 ] ] ] } },
{ "type": "Feature", "properties": { "key": "大田区|池上5丁目", "ward": "大田区", "town": "池上五丁目" }, "geometry": { "type": "Polygon", "coordinates": [ [ [ 139.711648, 35.572474 ], [ 139.711503, 35.572617 ], [ 139.710853, 35.57243 ], [ 139.710513, 35.572334 ], [ 139.710298, 35.572275 ], [ 139.709974, 35.572181 ], [ 139.709627, 35.572081 ], [ 139.708633, 35.571791 ], [ 139.708325, 35.571705 ], [ 139.7082, 35.57167 ], [ 139.707899, 35.571584 ], [ 139.707807, 35.571558 ], [ 139.707351, 35.571427 ], [ 139.706779, 35.571241 ], [ 139.706078, 35.571032 ], [ 139.705741, 35.570933 ], [ 139.705728, 35.570971 ], [ 139.705661, 35.571373 ], [ 139.705623, 35.571473 ], [ 139.705443, 35.571991 ], [ 139.705343, 35.572379 ], [ 139.705276, 35.572579 ], [ 139.705128, 35.573109 ], [ 139.70565, 35.573264 ], [ 139.705751, 35.573294 ], [ 139.706403, 35.573489 ], [ 139.706425, 35.573494 ], [ 139.706451, 35.5735 ], [ 139.706454, 35.573501 ], [ 139.706999, 35.573654 ], [ 139.707183, 35.573706 ], [ 139.707188, 35.573707 ], [ 139.707222, 35.573718 ], [ 139.707284, 35.573738 ], [ 139.707506, 35.57381 ], [ 139.707692, 35.57387 ], [ 139.707737, 35.573885 ], [ 139.708206, 35.57404 ], [ 139.708251, 35.574046 ], [ 139.708265, 35.574047 ], [ 139.708744, 35.574186 ], [ 139.709388, 35.574373 ], [ 139.7094, 35.574377 ], [ 139.709852, 35.574588 ], [ 139.709872, 35.574598 ], [ 139.710266, 35.574784 ], [ 139.710556, 35.574594 ], [ 139.71067, 35.574517 ], [ 139.711053, 35.574261 ], [ 139.711205, 35.574159 ], [ 139.71122, 35.574149 ], [ 139.711676, 35.573871 ], [ 139.712382, 35.573453 ], [ 139.712395, 35.573445 ], [ 139.712229, 35.573229 ], [ 139.712019, 35.572955 ], [ 139.711648, 35.572474 ] ] ] } },
{ "type": "Feature", "properties": { "key": "大田区|池上6丁目", "ward": "大田区", "town": "池上六丁目" }, "geometry": { "type": "Polygon", "coordinates": [ [ [ 139.702533, 35.566993 ], [ 139.702515, 35.567217 ], [ 139.702486, 35.567458 ], [ 139.702483, 35.567482 ], [ 139.702439, 35.567805 ], [ 139.702392, 35.568218 ], [ 139.702342, 35.568626 ], [ 139.702297, 35.569031 ], [ 139.702245, 35.569439 ], [ 139.702203, 35.569852 ], [ 139.702145, 35.57026 ], [ 139.702092, 35.570656 ], [ 139.70204, 35.571077 ], [ 139.701998, 35.5714 ], [ 139.701956, 35.571732 ], [ 139.701919, 35.572077 ], [ 139.701901, 35.572292 ], [ 139.701735, 35.572292 ], [ 139.701601, 35.572809 ], [ 139.701961, 35.572822 ], [ 139.702496, 35.572841 ], [ 139.702693, 35.572848 ], [ 139.703613, 35.572864 ], [ 139.703649, 35.572884 ], [ 139.703729, 35.572927 ], [ 139.703801, 35.573007 ], [ 139.703882, 35.573031 ], [ 139.705064, 35.57309 ], [ 139.705128, 35.573109 ], [ 139.705276, 35.572579 ], [ 139.705343, 35.572379 ], [ 139.705443, 35.571991 ], [ 139.705623, 35.571473 ], [ 139.705661, 35.571373 ], [ 139.705728, 35.570971 ], [ 139.705741, 35.570933 ], [ 139.705864, 35.570569 ], [ 139.705886, 35.570487 ], [ 139.705922, 35.570378 ], [ 139.70601, 35.570002 ], [ 139.706041, 35.569942 ], [ 139.706131, 35.56976 ], [ 139.706159, 35.569699 ], [ 139.706255, 35.569489 ], [ 139.706471, 35.568971 ], [ 139.706483, 35.568948 ], [ 139.706559, 35.568753 ], [ 139.706662, 35.568492 ], [ 139.7068, 35.568184 ], [ 139.70689, 35.567984 ], [ 139.707147, 35.567411 ], [ 139.707143, 35.567409 ], [ 139.706603, 35.567358 ], [ 139.70591, 35.567292 ], [ 139.705165, 35.567238 ], [ 139.704942, 35.56722 ], [ 139.70456, 35.56719 ], [ 139.704527, 35.567186 ], [ 139.70422, 35.567145 ], [ 139.703473, 35.567083 ], [ 139.703283, 35.567065 ], [ 139.702533, 35.566993 ] ] ] } },
{ "type": "Feature", "properties": { "key": "大田区|池上7丁目", "ward": "大田区", "town": "池上七丁目" }, "geometry": { "type": "Polygon", "coordinates": [ [ [ 139.699431, 35.566736 ], [ 139.699379, 35.567136 ], [ 139.699326, 35.56755 ], [ 139.699282, 35.567962 ], [ 139.699255, 35.568153 ], [ 139.699224, 35.568372 ], [ 139.699169, 35.56878 ], [ 139.699124, 35.569182 ], [ 139.699077, 35.569591 ], [ 139.699027, 35.570001 ], [ 139.698972, 35.570413 ], [ 139.698925, 35.570825 ], [ 139.698883, 35.57114 ], [ 139.698846, 35.571465 ], [ 139.698793, 35.571861 ], [ 139.698757, 35.572101 ], [ 139.698752, 35.572575 ], [ 139.699297, 35.572623 ], [ 139.699301, 35.572623 ], [ 139.70018, 35.5727 ], [ 139.70089, 35.572754 ], [ 139.70127, 35.572784 ], [ 139.701601, 35.572809 ], [ 139.701735, 35.572292 ], [ 139.701901, 35.572292 ], [ 139.701919, 35.572077 ], [ 139.701956, 35.571732 ], [ 139.701998, 35.5714 ], [ 139.70204, 35.571077 ], [ 139.702092, 35.570656 ], [ 139.702145, 35.57026 ], [ 139.702203, 35.569852 ], [ 139.702245, 35.569439 ], [ 139.702297, 35.569031 ], [ 139.702342, 35.568626 ], [ 139.702392, 35.568218 ], [ 139.702439, 35.567805 ], [ 139.702483, 35.567482 ], [ 139.702486, 35.567458 ], [ 139.702515, 35.567217 ], [ 139.702533, 35.566993 ], [ 139.701007, 35.566866 ], [ 139.700804, 35.566851 ], [ 139.700599, 35.566836 ], [ 139.699431, 35.566736 ] ] ] } },
{ "type": "Feature", "properties": { "key": "大田区|池上8丁目", "ward": "大田区", "town": "池上八丁目" }, "geometry": { "type": "Polygon", "coordinates": [ [ [ 139.696281, 35.566497 ], [ 139.696239, 35.566885 ], [ 139.6962, 35.567296 ], [ 139.69614, 35.567661 ], [ 139.696134, 35.567697 ], [ 139.696082, 35.568103 ], [ 139.696038, 35.568483 ], [ 139.696035, 35.568506 ], [ 139.696006, 35.568944 ], [ 139.695968, 35.569151 ], [ 139.695997, 35.569469 ], [ 139.696019, 35.569751 ], [ 139.696016, 35.569757 ], [ 139.696232, 35.570586 ], [ 139.696257, 35.570616 ], [ 139.696594, 35.57129 ], [ 139.696658, 35.571471 ], [ 139.696741, 35.571629 ], [ 139.6968, 35.571766 ], [ 139.696917, 35.571973 ], [ 139.696923, 35.571984 ], [ 139.697168, 35.572454 ], [ 139.697726, 35.572484 ], [ 139.697768, 35.572486 ], [ 139.698716, 35.572572 ], [ 139.698752, 35.572575 ], [ 139.698757, 35.572101 ], [ 139.698793, 35.571861 ], [ 139.698846, 35.571465 ], [ 139.698883, 35.57114 ], [ 139.698925, 35.570825 ], [ 139.698972, 35.570413 ], [ 139.699027, 35.570001 ], [ 139.699077, 35.569591 ], [ 139.699124, 35.569182 ], [ 139.699169, 35.56878 ], [ 139.699224, 35.568372 ], [ 139.699255, 35.568153 ], [ 139.699282, 35.567962 ], [ 139.699326, 35.56755 ], [ 139.699379, 35.567136 ], [ 139.699431, 35.566736 ], [ 139.698024, 35.566621 ], [ 139.697541, 35.566589 ], [ 139.696959, 35.56655 ], [ 139.696287, 35.566497 ], [ 139.696281, 35.566497 ] ] ] } },
{ "type": "Feature", "properties": { "key": "大田区|京浜島1丁目", "ward": "大田区", "town": "京浜島一丁目" }, "geometry": { "type": "Polygon", "coordinates": [ [ [ 139.758567, 35.57271 ], [ 139.758629, 35.572488 ], [ 139.758654, 35.5724 ], [ 139.758662, 35.572373 ], [ 139.759016, 35.57112 ], [ 139.759063, 35.571001 ], [ 139.75929, 35.570424 ], [ 139.759641, 35.569655 ], [ 139.760037, 35.569086 ], [ 139.760106, 35.569014 ], [ 139.760648, 35.568437 ], [ 139.761435, 35.567911 ], [ 139.762648, 35.567177 ], [ 139.763495, 35.566746 ], [ 139.766156, 35.565392 ], [ 139.76583, 35.565141 ], [ 139.765812, 35.565149 ], [ 139.765595, 35.56489 ], [ 139.763073, 35.566142 ], [ 139.75891, 35.568211 ], [ 139.758458, 35.568435 ], [ 139.757109, 35.571497 ], [ 139.757251, 35.572385 ], [ 139.757255, 35.572409 ], [ 139.756688, 35.572416 ], [ 139.756506, 35.572424 ], [ 139.75633, 35.572438 ], [ 139.756197, 35.572455 ], [ 139.756047, 35.572479 ], [ 139.755917, 35.572504 ], [ 139.755784, 35.572537 ], [ 139.755713, 35.572689 ], [ 139.75583, 35.572656 ], [ 139.755956, 35.572626 ], [ 139.756088, 35.5726 ], [ 139.756221, 35.572578 ], [ 139.756352, 35.572561 ], [ 139.756503, 35.572549 ], [ 139.756697, 35.572541 ], [ 139.757275, 35.572535 ], [ 139.757313, 35.572772 ], [ 139.757354, 35.573029 ], [ 139.757583, 35.574459 ], [ 139.757821, 35.574458 ], [ 139.757829, 35.574499 ], [ 139.75745, 35.575848 ], [ 139.757726, 35.575864 ], [ 139.758081, 35.574528 ], [ 139.758567, 35.57271 ] ] ] } },
{ "type": "Feature", "properties": { "key": "大田区|京浜島2丁目", "ward": "大田区", "town": "京浜島二丁目" }, "geometry": { "type": "Polygon", "coordinates": [ [ [ 139.766156, 35.565392 ], [ 139.763495, 35.566746 ], [ 139.762648, 35.567177 ], [ 139.761435, 35.567911 ], [ 139.760648, 35.568437 ], [ 139.760106, 35.569014 ], [ 139.760037, 35.569086 ], [ 139.759641, 35.569655 ], [ 139.75929, 35.570424 ], [ 139.759063, 35.571001 ], [ 139.759016, 35.57112 ], [ 139.758662, 35.572373 ], [ 139.758654, 35.5724 ], [ 139.758629, 35.572488 ], [ 139.758567, 35.57271 ], [ 139.759558, 35.572716 ], [ 139.760376, 35.572722 ], [ 139.761921, 35.572732 ], [ 139.764382, 35.572748 ], [ 139.766416, 35.572762 ], [ 139.767389, 35.572768 ], [ 139.770408, 35.572788 ], [ 139.772316, 35.572801 ], [ 139.766587, 35.565909 ], [ 139.766156, 35.565392 ] ] ] } },
{ "type": "Feature", "properties": { "key": "大田区|京浜島3丁目", "ward": "大田区", "town": "京浜島三丁目" }, "geometry": { "type": "Polygon", "coordinates": [ [ [ 139.759108, 35.574553 ], [ 139.76194, 35.574568 ], [ 139.764263, 35.57458 ], [ 139.764319, 35.574581 ], [ 139.764328, 35.57501 ], [ 139.766435, 35.575006 ], [ 139.770489, 35.575 ], [ 139.774107, 35.574993 ], [ 139.772316, 35.572801 ], [ 139.770408, 35.572788 ], [ 139.767389, 35.572768 ], [ 139.766416, 35.572762 ], [ 139.764382, 35.572748 ], [ 139.761921, 35.572732 ], [ 139.760376, 35.572722 ], [ 139.759558, 35.572716 ], [ 139.758567, 35.57271 ], [ 139.758081, 35.574528 ], [ 139.758829, 35.574525 ], [ 139.758457, 35.575858 ], [ 139.758766, 35.575882 ], [ 139.759108, 35.574553 ] ] ] } },
{ "type": "Feature", "properties": { "key": "大田区|東海1丁目", "ward": "大田区", "town": "東海一丁目" }, "geometry": { "type": "Polygon", "coordinates": [ [ [ 139.755273, 35.585763 ], [ 139.755313, 35.585346 ], [ 139.75535, 35.584968 ], [ 139.754866, 35.584845 ], [ 139.753821, 35.584573 ], [ 139.753163, 35.584321 ], [ 139.752839, 35.584093 ], [ 139.752674, 35.584022 ], [ 139.751866, 35.583675 ], [ 139.750873, 35.585836 ], [ 139.75079, 35.585992 ], [ 139.750131, 35.585769 ], [ 139.749999, 35.586037 ], [ 139.750499, 35.586228 ], [ 139.750624, 35.586276 ], [ 139.749605, 35.588548 ], [ 139.749457, 35.588874 ], [ 139.749706, 35.588915 ], [ 139.749506, 35.589149 ], [ 139.750511, 35.589458 ], [ 139.750541, 35.589703 ], [ 139.750541, 35.589704 ], [ 139.751469, 35.589706 ], [ 139.754928, 35.589711 ], [ 139.755264, 35.589712 ], [ 139.755262, 35.587597 ], [ 139.755265, 35.587116 ], [ 139.755273, 35.585763 ] ] ] } },
{ "type": "Feature", "properties": { "key": "大田区|東海2丁目", "ward": "大田区", "town": "東海二丁目" }, "geometry": { "type": "Polygon", "coordinates": [ [ [ 139.755346, 35.584823 ], [ 139.755676, 35.584835 ], [ 139.755254, 35.584142 ], [ 139.75585, 35.582168 ], [ 139.756054, 35.581496 ], [ 139.75698, 35.578431 ], [ 139.757338, 35.577245 ], [ 139.757701, 35.575955 ], [ 139.757424, 35.57595 ], [ 139.756978, 35.577245 ], [ 139.75574, 35.577347 ], [ 139.754258, 35.578188 ], [ 139.754242, 35.578224 ], [ 139.752775, 35.581552 ], [ 139.752484, 35.582211 ], [ 139.752025, 35.583194 ], [ 139.751405, 35.583011 ], [ 139.751159, 35.583464 ], [ 139.751866, 35.583675 ], [ 139.752674, 35.584022 ], [ 139.752839, 35.584093 ], [ 139.753163, 35.584321 ], [ 139.753821, 35.584573 ], [ 139.754866, 35.584845 ], [ 139.75535, 35.584968 ], [ 139.755346, 35.584823 ] ] ] } },
{ "type": "Feature", "properties": { "key": "大田区|東海3丁目", "ward": "大田区", "town": "東海三丁目" }, "geometry": { "type": "Polygon", "coordinates": [ [ [ 139.763995, 35.578651 ], [ 139.765325, 35.578656 ], [ 139.765332, 35.578386 ], [ 139.763751, 35.578395 ], [ 139.762665, 35.577333 ], [ 139.761688, 35.577314 ], [ 139.761072, 35.577301 ], [ 139.760016, 35.57728 ], [ 139.758593, 35.577252 ], [ 139.758363, 35.577247 ], [ 139.758731, 35.576002 ], [ 139.758424, 35.575976 ], [ 139.758055, 35.577199 ], [ 139.757338, 35.577245 ], [ 139.75698, 35.578431 ], [ 139.756054, 35.581496 ], [ 139.75585, 35.582168 ], [ 139.755254, 35.584142 ], [ 139.755676, 35.584835 ], [ 139.762107, 35.585056 ], [ 139.762831, 35.585081 ], [ 139.762855, 35.584841 ], [ 139.765259, 35.584836 ], [ 139.768243, 35.582424 ], [ 139.764301, 35.578923 ], [ 139.763995, 35.578651 ] ] ] } },
{ "type": "Feature", "properties": { "key": "大田区|東海4丁目", "ward": "大田区", "town": "東海四丁目" }, "geometry": { "type": "Polygon", "coordinates": [ [ [ 139.767101, 35.592496 ], [ 139.767368, 35.592631 ], [ 139.768579, 35.590955 ], [ 139.770583, 35.588182 ], [ 139.769076, 35.58688 ], [ 139.767569, 35.585578 ], [ 139.767234, 35.585252 ], [ 139.766827, 35.585029 ], [ 139.766483, 35.584893 ], [ 139.766037, 35.584854 ], [ 139.765958, 35.584852 ], [ 139.765259, 35.584836 ], [ 139.762855, 35.584841 ], [ 139.762831, 35.585081 ], [ 139.762771, 35.585997 ], [ 139.762703, 35.587049 ], [ 139.762698, 35.587159 ], [ 139.762647, 35.588323 ], [ 139.762595, 35.589495 ], [ 139.762465, 35.592457 ], [ 139.762357, 35.594894 ], [ 139.765441, 35.594733 ], [ 139.766465, 35.593353 ], [ 139.767101, 35.592496 ] ] ] } },
{ "type": "Feature", "properties": { "key": "大田区|東海5丁目", "ward": "大田区", "town": "東海五丁目" }, "geometry": { "type": "Polygon", "coordinates": [ [ [ 139.770583, 35.588182 ], [ 139.768579, 35.590955 ], [ 139.767368, 35.592631 ], [ 139.769309, 35.593609 ], [ 139.769382, 35.593646 ], [ 139.770646, 35.594282 ], [ 139.772794, 35.595364 ], [ 139.773737, 35.595223 ], [ 139.775715, 35.592558 ], [ 139.77439, 35.591428 ], [ 139.773385, 35.590571 ], [ 139.772036, 35.589421 ], [ 139.770583, 35.588182 ] ] ] } },
{ "type": "Feature", "properties": { "key": "大田区|東海6丁目", "ward": "大田区", "town": "東海六丁目" }, "geometry": { "type": "Polygon", "coordinates": [ [ [ 139.768744, 35.582637 ], [ 139.768604, 35.582744 ], [ 139.768243, 35.582424 ], [ 139.765259, 35.584836 ], [ 139.765958, 35.584852 ], [ 139.766037, 35.584854 ], [ 139.766483, 35.584893 ], [ 139.766827, 35.585029 ], [ 139.767234, 35.585252 ], [ 139.767569, 35.585578 ], [ 139.769076, 35.58688 ], [ 139.770583, 35.588182 ], [ 139.772036, 35.589421 ], [ 139.773385, 35.590571 ], [ 139.77439, 35.591428 ], [ 139.775715, 35.592558 ], [ 139.777185, 35.590586 ], [ 139.769412, 35.583461 ], [ 139.769101, 35.583106 ], [ 139.769057, 35.582967 ], [ 139.768993, 35.582862 ], [ 139.768744, 35.582637 ] ] ] } },
{ "type": "Feature", "properties": { "key": "大田区|城南島1丁目", "ward": "大田区", "town": "城南島一丁目" }, "geometry": { "type": "Polygon", "coordinates": [ [ [ 139.77439, 35.577282 ], [ 139.774387, 35.577116 ], [ 139.770519, 35.577134 ], [ 139.768974, 35.577142 ], [ 139.766674, 35.577153 ], [ 139.766688, 35.578387 ], [ 139.765332, 35.578386 ], [ 139.765325, 35.578656 ], [ 139.767798, 35.578746 ], [ 139.768675, 35.578711 ], [ 139.768976, 35.578699 ], [ 139.770521, 35.578638 ], [ 139.771637, 35.578594 ], [ 139.774389, 35.578484 ], [ 139.77439, 35.577282 ] ] ] } },
{ "type": "Feature", "properties": { "key": "大田区|城南島2丁目", "ward": "大田区", "town": "城南島二丁目" }, "geometry": { "type": "Polygon", "coordinates": [ [ [ 139.77653, 35.578457 ], [ 139.77606, 35.578465 ], [ 139.7752, 35.578452 ], [ 139.774638, 35.578474 ], [ 139.774389, 35.578484 ], [ 139.771637, 35.578594 ], [ 139.772919, 35.579771 ], [ 139.773495, 35.580301 ], [ 139.774561, 35.58128 ], [ 139.775785, 35.582404 ], [ 139.77649, 35.583052 ], [ 139.777326, 35.582445 ], [ 139.777592, 35.582251 ], [ 139.778938, 35.581273 ], [ 139.779712, 35.580711 ], [ 139.778773, 35.5799 ], [ 139.778, 35.579232 ], [ 139.77777, 35.579034 ], [ 139.777471, 35.578781 ], [ 139.777388, 35.578739 ], [ 139.777037, 35.57856 ], [ 139.776727, 35.578497 ], [ 139.77653, 35.578457 ] ] ] } },
{ "type": "Feature", "properties": { "key": "大田区|城南島3丁目", "ward": "大田区", "town": "城南島三丁目" }, "geometry": { "type": "Polygon", "coordinates": [ [ [ 139.78291, 35.578387 ], [ 139.782995, 35.578302 ], [ 139.783051, 35.578263 ], [ 139.781757, 35.57708 ], [ 139.781562, 35.577081 ], [ 139.777354, 35.577103 ], [ 139.777343, 35.577103 ], [ 139.776725, 35.577105 ], [ 139.775799, 35.577109 ], [ 139.774387, 35.577116 ], [ 139.77439, 35.577282 ], [ 139.774389, 35.578484 ], [ 139.774638, 35.578474 ], [ 139.7752, 35.578452 ], [ 139.77606, 35.578465 ], [ 139.77653, 35.578457 ], [ 139.776727, 35.578497 ], [ 139.777037, 35.57856 ], [ 139.777388, 35.578739 ], [ 139.777471, 35.578781 ], [ 139.77777, 35.579034 ], [ 139.778, 35.579232 ], [ 139.778773, 35.5799 ], [ 139.779712, 35.580711 ], [ 139.780978, 35.579791 ], [ 139.782028, 35.579028 ], [ 139.78291, 35.578387 ] ] ] } },
{ "type": "Feature", "properties": { "key": "大田区|城南島4丁目", "ward": "大田区", "town": "城南島四丁目" }, "geometry": { "type": "Polygon", "coordinates": [ [ [ 139.786393, 35.579769 ], [ 139.786081, 35.580015 ], [ 139.783159, 35.577217 ], [ 139.78302, 35.577073 ], [ 139.781757, 35.57708 ], [ 139.783051, 35.578263 ], [ 139.782995, 35.578302 ], [ 139.78291, 35.578387 ], [ 139.782028, 35.579028 ], [ 139.780978, 35.579791 ], [ 139.779712, 35.580711 ], [ 139.780747, 35.581604 ], [ 139.781651, 35.582385 ], [ 139.782198, 35.582857 ], [ 139.783083, 35.58362 ], [ 139.786126, 35.581471 ], [ 139.786395, 35.581282 ], [ 139.787272, 35.580663 ], [ 139.786393, 35.579769 ] ] ] } },
{ "type": "Feature", "properties": { "key": "大田区|城南島5丁目", "ward": "大田区", "town": "城南島五丁目" }, "geometry": { "type": "Polygon", "coordinates": [ [ [ 139.780455, 35.585292 ], [ 139.780574, 35.585391 ], [ 139.780773, 35.585251 ], [ 139.783083, 35.58362 ], [ 139.782198, 35.582857 ], [ 139.781651, 35.582385 ], [ 139.780747, 35.581604 ], [ 139.779712, 35.580711 ], [ 139.778938, 35.581273 ], [ 139.777592, 35.582251 ], [ 139.777326, 35.582445 ], [ 139.77649, 35.583052 ], [ 139.777965, 35.584406 ], [ 139.779399, 35.585723 ], [ 139.779596, 35.585912 ], [ 139.780455, 35.585292 ] ] ] } },
{ "type": "Feature", "properties": { "key": "大田区|城南島6丁目", "ward": "大田区", "town": "城南島六丁目" }, "geometry": { "type": "Polygon", "coordinates": [ [ [ 139.779399, 35.585723 ], [ 139.777965, 35.584406 ], [ 139.77649, 35.583052 ], [ 139.775785, 35.582404 ], [ 139.774561, 35.58128 ], [ 139.773495, 35.580301 ], [ 139.772919, 35.579771 ], [ 139.772189, 35.580295 ], [ 139.770726, 35.581347 ], [ 139.775611, 35.585687 ], [ 139.775428, 35.585812 ], [ 139.775759, 35.58613 ], [ 139.775266, 35.586524 ], [ 139.775422, 35.58674 ], [ 139.777109, 35.585704 ], [ 139.778155, 35.58661 ], [ 139.778445, 35.586403 ], [ 139.778655, 35.586592 ], [ 139.779596, 35.585912 ], [ 139.779399, 35.585723 ] ] ] } },
{ "type": "Feature", "properties": { "key": "大田区|城南島7丁目", "ward": "大田区", "town": "城南島七丁目" }, "geometry": { "type": "Polygon", "coordinates": [ [ [ 139.771637, 35.578594 ], [ 139.770521, 35.578638 ], [ 139.768976, 35.578699 ], [ 139.768675, 35.578711 ], [ 139.767798, 35.578746 ], [ 139.770726, 35.581347 ], [ 139.772189, 35.580295 ], [ 139.772919, 35.579771 ], [ 139.771637, 35.578594 ] ] ] } },
{ "type": "Feature", "properties": { "key": "大田区|令和島1丁目", "ward": "大田区", "town": "令和島一丁目" }, "geometry": { "type": "Polygon", "coordinates": [ [ [ 139.809264, 35.587407 ], [ 139.809195, 35.587372 ], [ 139.80847, 35.58698 ], [ 139.807738, 35.586583 ], [ 139.806784, 35.58606 ], [ 139.805823, 35.585536 ], [ 139.805737, 35.585487 ], [ 139.805266, 35.58578 ], [ 139.804595, 35.586181 ], [ 139.803923, 35.586583 ], [ 139.803084, 35.587082 ], [ 139.802235, 35.587586 ], [ 139.801398, 35.588083 ], [ 139.800559, 35.588582 ], [ 139.799712, 35.589085 ], [ 139.798858, 35.589594 ], [ 139.798536, 35.589783 ], [ 139.797927, 35.590143 ], [ 139.796989, 35.590692 ], [ 139.796379, 35.591058 ], [ 139.795768, 35.591424 ], [ 139.795181, 35.591765 ], [ 139.794593, 35.592111 ], [ 139.79454, 35.592065 ], [ 139.794631, 35.591969 ], [ 139.794174, 35.591645 ], [ 139.794151, 35.591628 ], [ 139.793877, 35.591891 ], [ 139.794288, 35.592181 ], [ 139.799778, 35.595157 ], [ 139.804297, 35.597605 ], [ 139.804495, 35.597354 ], [ 139.804877, 35.596876 ], [ 139.805372, 35.596266 ], [ 139.805868, 35.595656 ], [ 139.806357, 35.595061 ], [ 139.806837, 35.594466 ], [ 139.807325, 35.593871 ], [ 139.807806, 35.593271 ], [ 139.808043, 35.592982 ], [ 139.808294, 35.592676 ], [ 139.808775, 35.592081 ], [ 139.809264, 35.591486 ], [ 139.809721, 35.590921 ], [ 139.810187, 35.590357 ], [ 139.810644, 35.589787 ], [ 139.81111, 35.589223 ], [ 139.811567, 35.588658 ], [ 139.810797, 35.588241 ], [ 139.81051, 35.588088 ], [ 139.810034, 35.587824 ], [ 139.809264, 35.587407 ] ] ] } },
{ "type": "Feature", "properties": { "key": "大田区|令和島2丁目", "ward": "大田区", "town": "令和島二丁目" }, "geometry": { "type": "Polygon", "coordinates": [ [ [ 139.809264, 35.587407 ], [ 139.809195, 35.587372 ], [ 139.80847, 35.58698 ], [ 139.807738, 35.586583 ], [ 139.806784, 35.58606 ], [ 139.805823, 35.585536 ], [ 139.805737, 35.585487 ], [ 139.805266, 35.58578 ], [ 139.804595, 35.586181 ], [ 139.803923, 35.586583 ], [ 139.803084, 35.587082 ], [ 139.802235, 35.587586 ], [ 139.801398, 35.588083 ], [ 139.800559, 35.588582 ], [ 139.799712, 35.589085 ], [ 139.798858, 35.589594 ], [ 139.798536, 35.589783 ], [ 139.797927, 35.590143 ], [ 139.796989, 35.590692 ], [ 139.796379, 35.591058 ], [ 139.795768, 35.591424 ], [ 139.795181, 35.591765 ], [ 139.794593, 35.592111 ], [ 139.79454, 35.592065 ], [ 139.794631, 35.591969 ], [ 139.794174, 35.591645 ], [ 139.794151, 35.591628 ], [ 139.793877, 35.591891 ], [ 139.794288, 35.592181 ], [ 139.799778, 35.595157 ], [ 139.804297, 35.597605 ], [ 139.804495, 35.597354 ], [ 139.804877, 35.596876 ], [ 139.805372, 35.596266 ], [ 139.805868, 35.595656 ], [ 139.806357, 35.595061 ], [ 139.806837, 35.594466 ], [ 139.807325, 35.593871 ], [ 139.807806, 35.593271 ], [ 139.808043, 35.592982 ], [ 139.808294, 35.592676 ], [ 139.808775, 35.592081 ], [ 139.809264, 35.591486 ], [ 139.809721, 35.590921 ], [ 139.810187, 35.590357 ], [ 139.810644, 35.589787 ], [ 139.81111, 35.589223 ], [ 139.811567, 35.588658 ], [ 139.810797, 35.588241 ], [ 139.81051, 35.588088 ], [ 139.810034, 35.587824 ], [ 139.809264, 35.587407 ] ] ] } },
{ "type": "Feature", "properties": { "key": "大田区|東嶺町", "ward": "大田区", "town": "東嶺町" }, "geometry": { "type": "Polygon", "coordinates": [ [ [ 139.683077, 35.57903 ], [ 139.683009, 35.579251 ], [ 139.682942, 35.579463 ], [ 139.682879, 35.579655 ], [ 139.682837, 35.579787 ], [ 139.682746, 35.580101 ], [ 139.682552, 35.580675 ], [ 139.682481, 35.580907 ], [ 139.682477, 35.580922 ], [ 139.682421, 35.581089 ], [ 139.682388, 35.581211 ], [ 139.68231, 35.581418 ], [ 139.68211, 35.58194 ], [ 139.681938, 35.582451 ], [ 139.681855, 35.582674 ], [ 139.681733, 35.582895 ], [ 139.681611, 35.583099 ], [ 139.681184, 35.583778 ], [ 139.681132, 35.583861 ], [ 139.680727, 35.584511 ], [ 139.681131, 35.584632 ], [ 139.681513, 35.584748 ], [ 139.68232, 35.584963 ], [ 139.682588, 35.585059 ], [ 139.683619, 35.585353 ], [ 139.684576, 35.585627 ], [ 139.685122, 35.585785 ], [ 139.685663, 35.585935 ], [ 139.686324, 35.58613 ], [ 139.686734, 35.586249 ], [ 139.687884, 35.586582 ], [ 139.687873, 35.586563 ], [ 139.687737, 35.586331 ], [ 139.687734, 35.586267 ], [ 139.687715, 35.585906 ], [ 139.687707, 35.585734 ], [ 139.687721, 35.585543 ], [ 139.687748, 35.585178 ], [ 139.68775, 35.585157 ], [ 139.687774, 35.584827 ], [ 139.687748, 35.584806 ], [ 139.687085, 35.584712 ], [ 139.68705, 35.584708 ], [ 139.686379, 35.584493 ], [ 139.686631, 35.58397 ], [ 139.686833, 35.58355 ], [ 139.687009, 35.583164 ], [ 139.687027, 35.583124 ], [ 139.687015, 35.582978 ], [ 139.686917, 35.582599 ], [ 139.686815, 35.582242 ], [ 139.686693, 35.581877 ], [ 139.686619, 35.581641 ], [ 139.686581, 35.581493 ], [ 139.686537, 35.581366 ], [ 139.686474, 35.581149 ], [ 139.686167, 35.580392 ], [ 139.686137, 35.580387 ], [ 139.685893, 35.580317 ], [ 139.685694, 35.580203 ], [ 139.685447, 35.580052 ], [ 139.685343, 35.580005 ], [ 139.685201, 35.579934 ], [ 139.684823, 35.579715 ], [ 139.684412, 35.579482 ], [ 139.684152, 35.579383 ], [ 139.683561, 35.579165 ], [ 139.683077, 35.57903 ] ] ] } },
{ "type": "Feature", "properties": { "key": "大田区|西嶺町", "ward": "大田区", "town": "西嶺町" }, "geometry": { "type": "Polygon", "coordinates": [ [ [ 139.681938, 35.582451 ], [ 139.68211, 35.58194 ], [ 139.68231, 35.581418 ], [ 139.682388, 35.581211 ], [ 139.682421, 35.581089 ], [ 139.682477, 35.580922 ], [ 139.682481, 35.580907 ], [ 139.682552, 35.580675 ], [ 139.682746, 35.580101 ], [ 139.682837, 35.579787 ], [ 139.682879, 35.579655 ], [ 139.682942, 35.579463 ], [ 139.683009, 35.579251 ], [ 139.683077, 35.57903 ], [ 139.682381, 35.578945 ], [ 139.682235, 35.578836 ], [ 139.682132, 35.578757 ], [ 139.682093, 35.578727 ], [ 139.681741, 35.57864 ], [ 139.681434, 35.578469 ], [ 139.681412, 35.578447 ], [ 139.681143, 35.57865 ], [ 139.680823, 35.578893 ], [ 139.680621, 35.578933 ], [ 139.680014, 35.578942 ], [ 139.679829, 35.578876 ], [ 139.679795, 35.578863 ], [ 139.679478, 35.578765 ], [ 139.679077, 35.578933 ], [ 139.678836, 35.579168 ], [ 139.678647, 35.579371 ], [ 139.678114, 35.57971 ], [ 139.677941, 35.579858 ], [ 139.677594, 35.580359 ], [ 139.677362, 35.580175 ], [ 139.676945, 35.57985 ], [ 139.676844, 35.579935 ], [ 139.677049, 35.580662 ], [ 139.677121, 35.581099 ], [ 139.677125, 35.581217 ], [ 139.677077, 35.582014 ], [ 139.678162, 35.582156 ], [ 139.67863, 35.582927 ], [ 139.679639, 35.582651 ], [ 139.679664, 35.58275 ], [ 139.679786, 35.58345 ], [ 139.679808, 35.583566 ], [ 139.679795, 35.583755 ], [ 139.679732, 35.584239 ], [ 139.680641, 35.584492 ], [ 139.680727, 35.584511 ], [ 139.681132, 35.583861 ], [ 139.681184, 35.583778 ], [ 139.681611, 35.583099 ], [ 139.681733, 35.582895 ], [ 139.681855, 35.582674 ], [ 139.681938, 35.582451 ] ] ] } },
{ "type": "Feature", "properties": { "key": "大田区|北嶺町", "ward": "大田区", "town": "北嶺町" }, "geometry": { "type": "Polygon", "coordinates": [ [ [ 139.682547, 35.587481 ], [ 139.683507, 35.587792 ], [ 139.683695, 35.587411 ], [ 139.683855, 35.587081 ], [ 139.684927, 35.587448 ], [ 139.686042, 35.587589 ], [ 139.686844, 35.587871 ], [ 139.686824, 35.587899 ], [ 139.687546, 35.588143 ], [ 139.687718, 35.58827 ], [ 139.68817, 35.588626 ], [ 139.688591, 35.588264 ], [ 139.688911, 35.588014 ], [ 139.689226, 35.58775 ], [ 139.68951, 35.587516 ], [ 139.689673, 35.58738 ], [ 139.689852, 35.587247 ], [ 139.689922, 35.587189 ], [ 139.688885, 35.586869 ], [ 139.688554, 35.586779 ], [ 139.687942, 35.586614 ], [ 139.687938, 35.586582 ], [ 139.687873, 35.586563 ], [ 139.687884, 35.586582 ], [ 139.686734, 35.586249 ], [ 139.686324, 35.58613 ], [ 139.685663, 35.585935 ], [ 139.685122, 35.585785 ], [ 139.684576, 35.585627 ], [ 139.683619, 35.585353 ], [ 139.682588, 35.585059 ], [ 139.68232, 35.584963 ], [ 139.681513, 35.584748 ], [ 139.681131, 35.584632 ], [ 139.680727, 35.584511 ], [ 139.68061, 35.584666 ], [ 139.680629, 35.584698 ], [ 139.680527, 35.584865 ], [ 139.680078, 35.585592 ], [ 139.680066, 35.585612 ], [ 139.6797, 35.586226 ], [ 139.679562, 35.586456 ], [ 139.679142, 35.58715 ], [ 139.67911, 35.587162 ], [ 139.678369, 35.588311 ], [ 139.67882, 35.588571 ], [ 139.679579, 35.589139 ], [ 139.679924, 35.58941 ], [ 139.680065, 35.589545 ], [ 139.680413, 35.589767 ], [ 139.680567, 35.589867 ], [ 139.680736, 35.58994 ], [ 139.680773, 35.589959 ], [ 139.680849, 35.589997 ], [ 139.680912, 35.590028 ], [ 139.68112, 35.590121 ], [ 139.681374, 35.590233 ], [ 139.681523, 35.589867 ], [ 139.681662, 35.5895 ], [ 139.681716, 35.589358 ], [ 139.681826, 35.589063 ], [ 139.682101, 35.58839 ], [ 139.682547, 35.587481 ] ] ] } },
{ "type": "Feature", "properties": { "key": "大田区|田園調布南", "ward": "大田区", "town": "田園調布南" }, "geometry": { "type": "Polygon", "coordinates": [ [ [ 139.679664, 35.58275 ], [ 139.679639, 35.582651 ], [ 139.67863, 35.582927 ], [ 139.678162, 35.582156 ], [ 139.677077, 35.582014 ], [ 139.677125, 35.581217 ], [ 139.677121, 35.581099 ], [ 139.677049, 35.580662 ], [ 139.676844, 35.579935 ], [ 139.676637, 35.579291 ], [ 139.676244, 35.57887 ], [ 139.676081, 35.578655 ], [ 139.676008, 35.578514 ], [ 139.675234, 35.578008 ], [ 139.675531, 35.57772 ], [ 139.674752, 35.577207 ], [ 139.674733, 35.577194 ], [ 139.674369, 35.577542 ], [ 139.673931, 35.577436 ], [ 139.673875, 35.577423 ], [ 139.673778, 35.577593 ], [ 139.673499, 35.578445 ], [ 139.673461, 35.5788 ], [ 139.673083, 35.579747 ], [ 139.672805, 35.580585 ], [ 139.67282, 35.580628 ], [ 139.672781, 35.580759 ], [ 139.672649, 35.580821 ], [ 139.672568, 35.580816 ], [ 139.672162, 35.581759 ], [ 139.672687, 35.58192 ], [ 139.67272, 35.581939 ], [ 139.672971, 35.582009 ], [ 139.673178, 35.582088 ], [ 139.673364, 35.582139 ], [ 139.673444, 35.582162 ], [ 139.673622, 35.582219 ], [ 139.674337, 35.582448 ], [ 139.674369, 35.58246 ], [ 139.67572, 35.582954 ], [ 139.675998, 35.583047 ], [ 139.677097, 35.583453 ], [ 139.67754, 35.583596 ], [ 139.678379, 35.583865 ], [ 139.678577, 35.583926 ], [ 139.678854, 35.584007 ], [ 139.679732, 35.584239 ], [ 139.679795, 35.583755 ], [ 139.679808, 35.583566 ], [ 139.679786, 35.58345 ], [ 139.679664, 35.58275 ] ] ] } },
{ "type": "Feature", "properties": { "key": "大田区|田園調布本町", "ward": "大田区", "town": "田園調布本町" }, "geometry": { "type": "Polygon", "coordinates": [ [ [ 139.672162, 35.581759 ], [ 139.672052, 35.581909 ], [ 139.671429, 35.583177 ], [ 139.670989, 35.583993 ], [ 139.670756, 35.584339 ], [ 139.670014, 35.585328 ], [ 139.669911, 35.585434 ], [ 139.669833, 35.585481 ], [ 139.669672, 35.585729 ], [ 139.669648, 35.585766 ], [ 139.669745, 35.585877 ], [ 139.669822, 35.585906 ], [ 139.66985, 35.585917 ], [ 139.670047, 35.58599 ], [ 139.670092, 35.586007 ], [ 139.670152, 35.586034 ], [ 139.670366, 35.586131 ], [ 139.670469, 35.586177 ], [ 139.670778, 35.586288 ], [ 139.67095, 35.58635 ], [ 139.671209, 35.586443 ], [ 139.672035, 35.586604 ], [ 139.672081, 35.586613 ], [ 139.672339, 35.586695 ], [ 139.672654, 35.586794 ], [ 139.672965, 35.586903 ], [ 139.673144, 35.586983 ], [ 139.673857, 35.587295 ], [ 139.674504, 35.587606 ], [ 139.674539, 35.587621 ], [ 139.674978, 35.587816 ], [ 139.675082, 35.587855 ], [ 139.675446, 35.588018 ], [ 139.675825, 35.588192 ], [ 139.676179, 35.588359 ], [ 139.676572, 35.588544 ], [ 139.677148, 35.588803 ], [ 139.677178, 35.588817 ], [ 139.677714, 35.589063 ], [ 139.677864, 35.589104 ], [ 139.677881, 35.589098 ], [ 139.678018, 35.588869 ], [ 139.678369, 35.588311 ], [ 139.67911, 35.587162 ], [ 139.679142, 35.58715 ], [ 139.679562, 35.586456 ], [ 139.6797, 35.586226 ], [ 139.680066, 35.585612 ], [ 139.680078, 35.585592 ], [ 139.680527, 35.584865 ], [ 139.680629, 35.584698 ], [ 139.68061, 35.584666 ], [ 139.680727, 35.584511 ], [ 139.680641, 35.584492 ], [ 139.679732, 35.584239 ], [ 139.678854, 35.584007 ], [ 139.678577, 35.583926 ], [ 139.678379, 35.583865 ], [ 139.67754, 35.583596 ], [ 139.677097, 35.583453 ], [ 139.675998, 35.583047 ], [ 139.67572, 35.582954 ], [ 139.674369, 35.58246 ], [ 139.674337, 35.582448 ], [ 139.673622, 35.582219 ], [ 139.673444, 35.582162 ], [ 139.673364, 35.582139 ], [ 139.673178, 35.582088 ], [ 139.672971, 35.582009 ], [ 139.67272, 35.581939 ], [ 139.672687, 35.58192 ], [ 139.672162, 35.581759 ] ] ] } },
{ "type": "Feature", "properties": { "key": "大田区|田園調布1丁目", "ward": "大田区", "town": "田園調布一丁目" }, "geometry": { "type": "Polygon", "coordinates": [ [ [ 139.676736, 35.590641 ], [ 139.67712, 35.590079 ], [ 139.677132, 35.590056 ], [ 139.6776, 35.589484 ], [ 139.677864, 35.589104 ], [ 139.677714, 35.589063 ], [ 139.677178, 35.588817 ], [ 139.677148, 35.588803 ], [ 139.676572, 35.588544 ], [ 139.676179, 35.588359 ], [ 139.675825, 35.588192 ], [ 139.675446, 35.588018 ], [ 139.675082, 35.587855 ], [ 139.674978, 35.587816 ], [ 139.674539, 35.587621 ], [ 139.674504, 35.587606 ], [ 139.673857, 35.587295 ], [ 139.673144, 35.586983 ], [ 139.672965, 35.586903 ], [ 139.672654, 35.586794 ], [ 139.672339, 35.586695 ], [ 139.672081, 35.586613 ], [ 139.672035, 35.586604 ], [ 139.671209, 35.586443 ], [ 139.67095, 35.58635 ], [ 139.670778, 35.586288 ], [ 139.670469, 35.586177 ], [ 139.670366, 35.586131 ], [ 139.670152, 35.586034 ], [ 139.670092, 35.586007 ], [ 139.670047, 35.58599 ], [ 139.66985, 35.585917 ], [ 139.669822, 35.585906 ], [ 139.669745, 35.585877 ], [ 139.669648, 35.585766 ], [ 139.669672, 35.585729 ], [ 139.669536, 35.585653 ], [ 139.669431, 35.585659 ], [ 139.669371, 35.585561 ], [ 139.669168, 35.585773 ], [ 139.669025, 35.586169 ], [ 139.668979, 35.58621 ], [ 139.668611, 35.586592 ], [ 139.668501, 35.586766 ], [ 139.667939, 35.587393 ], [ 139.667094, 35.588155 ], [ 139.66703, 35.588261 ], [ 139.665828, 35.589276 ], [ 139.665462, 35.589606 ], [ 139.66525, 35.589773 ], [ 139.665075, 35.590013 ], [ 139.665043, 35.590028 ], [ 139.664806, 35.590137 ], [ 139.664281, 35.590485 ], [ 139.664144, 35.590511 ], [ 139.66403, 35.590612 ], [ 139.664121, 35.59092 ], [ 139.664476, 35.591177 ], [ 139.664732, 35.591274 ], [ 139.664772, 35.591289 ], [ 139.664849, 35.5913 ], [ 139.66518, 35.591348 ], [ 139.665144, 35.591362 ], [ 139.665284, 35.591439 ], [ 139.66533, 35.591443 ], [ 139.665353, 35.591445 ], [ 139.665504, 35.591565 ], [ 139.665762, 35.591693 ], [ 139.665835, 35.591489 ], [ 139.665996, 35.591131 ], [ 139.666072, 35.59096 ], [ 139.666159, 35.590874 ], [ 139.667174, 35.590356 ], [ 139.667406, 35.590342 ], [ 139.667723, 35.590325 ], [ 139.667914, 35.590241 ], [ 139.668057, 35.590245 ], [ 139.668093, 35.590278 ], [ 139.668006, 35.590575 ], [ 139.667988, 35.590857 ], [ 139.668188, 35.591072 ], [ 139.668181, 35.591102 ], [ 139.668257, 35.591119 ], [ 139.668361, 35.591142 ], [ 139.668516, 35.591176 ], [ 139.668559, 35.591154 ], [ 139.668741, 35.59106 ], [ 139.668915, 35.590958 ], [ 139.669183, 35.590893 ], [ 139.669257, 35.590845 ], [ 139.66932, 35.590805 ], [ 139.669502, 35.590786 ], [ 139.669896, 35.590892 ], [ 139.669681, 35.591221 ], [ 139.670355, 35.591538 ], [ 139.670799, 35.591739 ], [ 139.671212, 35.591933 ], [ 139.67192, 35.59226 ], [ 139.672865, 35.592693 ], [ 139.673817, 35.593119 ], [ 139.674713, 35.593549 ], [ 139.674984, 35.593152 ], [ 139.675322, 35.592671 ], [ 139.675593, 35.592276 ], [ 139.675978, 35.591734 ], [ 139.67614, 35.591497 ], [ 139.676598, 35.59083 ], [ 139.676736, 35.590641 ] ] ] } },
{ "type": "Feature", "properties": { "key": "大田区|田園調布2丁目", "ward": "大田区", "town": "田園調布二丁目" }, "geometry": { "type": "Polygon", "coordinates": [ [ [ 139.670828, 35.598152 ], [ 139.671394, 35.597488 ], [ 139.671424, 35.597453 ], [ 139.671809, 35.597004 ], [ 139.672073, 35.596704 ], [ 139.672362, 35.596373 ], [ 139.672639, 35.596102 ], [ 139.672778, 35.595969 ], [ 139.672787, 35.595961 ], [ 139.672832, 35.595918 ], [ 139.673161, 35.595627 ], [ 139.673166, 35.595622 ], [ 139.673167, 35.595621 ], [ 139.673219, 35.595576 ], [ 139.673411, 35.5954 ], [ 139.673508, 35.595311 ], [ 139.673734, 35.595055 ], [ 139.673735, 35.595054 ], [ 139.67374, 35.595046 ], [ 139.673741, 35.595045 ], [ 139.673893, 35.594827 ], [ 139.674074, 35.594568 ], [ 139.674234, 35.594334 ], [ 139.674237, 35.594329 ], [ 139.674339, 35.594178 ], [ 139.674405, 35.59409 ], [ 139.674657, 35.59375 ], [ 139.674782, 35.59358 ], [ 139.674713, 35.593549 ], [ 139.673817, 35.593119 ], [ 139.672865, 35.592693 ], [ 139.67192, 35.59226 ], [ 139.671212, 35.591933 ], [ 139.670799, 35.591739 ], [ 139.670355, 35.591538 ], [ 139.669681, 35.591221 ], [ 139.669896, 35.590892 ], [ 139.669502, 35.590786 ], [ 139.66932, 35.590805 ], [ 139.669257, 35.590845 ], [ 139.669183, 35.590893 ], [ 139.668915, 35.590958 ], [ 139.668741, 35.59106 ], [ 139.668559, 35.591154 ], [ 139.668516, 35.591176 ], [ 139.668361, 35.591142 ], [ 139.668257, 35.591119 ], [ 139.668181, 35.591102 ], [ 139.667983, 35.59193 ], [ 139.667967, 35.591928 ], [ 139.667775, 35.592602 ], [ 139.667714, 35.592845 ], [ 139.667706, 35.592881 ], [ 139.667739, 35.592996 ], [ 139.667705, 35.593117 ], [ 139.667586, 35.593595 ], [ 139.667569, 35.593681 ], [ 139.667514, 35.593969 ], [ 139.667427, 35.594132 ], [ 139.667413, 35.594216 ], [ 139.66735, 35.594814 ], [ 139.667335, 35.595267 ], [ 139.667199, 35.59536 ], [ 139.667158, 35.59553 ], [ 139.66712, 35.596162 ], [ 139.667117, 35.596189 ], [ 139.667049, 35.596794 ], [ 139.667186, 35.596809 ], [ 139.667139, 35.597482 ], [ 139.667137, 35.59752 ], [ 139.667066, 35.597525 ], [ 139.667088, 35.598202 ], [ 139.667123, 35.598881 ], [ 139.667446, 35.598845 ], [ 139.667474, 35.598843 ], [ 139.668026, 35.598801 ], [ 139.668367, 35.598731 ], [ 139.668319, 35.598513 ], [ 139.668459, 35.598387 ], [ 139.668689, 35.598284 ], [ 139.668877, 35.598194 ], [ 139.668938, 35.598211 ], [ 139.668988, 35.598338 ], [ 139.669008, 35.598347 ], [ 139.669047, 35.59848 ], [ 139.669088, 35.598577 ], [ 139.669251, 35.598746 ], [ 139.669388, 35.598895 ], [ 139.669503, 35.599021 ], [ 139.669567, 35.599056 ], [ 139.66986, 35.599221 ], [ 139.670006, 35.599077 ], [ 139.670221, 35.598843 ], [ 139.670416, 35.598618 ], [ 139.670486, 35.598537 ], [ 139.670828, 35.598152 ] ] ] } },
{ "type": "Feature", "properties": { "key": "大田区|田園調布3丁目", "ward": "大田区", "town": "田園調布三丁目" }, "geometry": { "type": "Polygon", "coordinates": [ [ [ 139.665024, 35.598735 ], [ 139.665791, 35.599258 ], [ 139.666204, 35.599362 ], [ 139.667197, 35.599521 ], [ 139.667123, 35.598881 ], [ 139.667088, 35.598202 ], [ 139.667066, 35.597525 ], [ 139.667137, 35.59752 ], [ 139.667139, 35.597482 ], [ 139.667186, 35.596809 ], [ 139.667049, 35.596794 ], [ 139.667117, 35.596189 ], [ 139.66712, 35.596162 ], [ 139.667158, 35.59553 ], [ 139.667199, 35.59536 ], [ 139.667335, 35.595267 ], [ 139.66735, 35.594814 ], [ 139.667413, 35.594216 ], [ 139.667427, 35.594132 ], [ 139.667514, 35.593969 ], [ 139.667569, 35.593681 ], [ 139.667586, 35.593595 ], [ 139.667705, 35.593117 ], [ 139.667739, 35.592996 ], [ 139.667706, 35.592881 ], [ 139.667714, 35.592845 ], [ 139.667775, 35.592602 ], [ 139.667967, 35.591928 ], [ 139.667983, 35.59193 ], [ 139.668181, 35.591102 ], [ 139.668188, 35.591072 ], [ 139.667988, 35.590857 ], [ 139.668006, 35.590575 ], [ 139.668093, 35.590278 ], [ 139.668057, 35.590245 ], [ 139.667914, 35.590241 ], [ 139.667723, 35.590325 ], [ 139.667406, 35.590342 ], [ 139.667174, 35.590356 ], [ 139.666159, 35.590874 ], [ 139.666072, 35.59096 ], [ 139.665996, 35.591131 ], [ 139.665835, 35.591489 ], [ 139.665762, 35.591693 ], [ 139.66479, 35.592684 ], [ 139.664558, 35.592922 ], [ 139.664125, 35.593773 ], [ 139.663154, 35.594904 ], [ 139.663121, 35.595012 ], [ 139.662708, 35.595888 ], [ 139.662694, 35.597083 ], [ 139.662734, 35.597476 ], [ 139.662758, 35.597708 ], [ 139.662761, 35.597732 ], [ 139.662827, 35.597971 ], [ 139.662831, 35.597983 ], [ 139.662988, 35.598421 ], [ 139.663255, 35.598848 ], [ 139.663414, 35.599059 ], [ 139.663624, 35.599302 ], [ 139.663787, 35.599484 ], [ 139.66413, 35.599771 ], [ 139.664312, 35.59947 ], [ 139.66448, 35.599179 ], [ 139.665024, 35.598735 ] ] ] } },
{ "type": "Feature", "properties": { "key": "大田区|田園調布4丁目", "ward": "大田区", "town": "田園調布四丁目" }, "geometry": { "type": "Polygon", "coordinates": [ [ [ 139.662734, 35.597476 ], [ 139.662694, 35.597083 ], [ 139.662708, 35.595888 ], [ 139.663121, 35.595012 ], [ 139.663154, 35.594904 ], [ 139.664125, 35.593773 ], [ 139.664558, 35.592922 ], [ 139.66479, 35.592684 ], [ 139.665762, 35.591693 ], [ 139.665504, 35.591565 ], [ 139.665353, 35.591445 ], [ 139.66533, 35.591443 ], [ 139.665284, 35.591439 ], [ 139.665144, 35.591362 ], [ 139.66518, 35.591348 ], [ 139.664849, 35.5913 ], [ 139.664772, 35.591289 ], [ 139.664732, 35.591274 ], [ 139.664476, 35.591177 ], [ 139.664121, 35.59092 ], [ 139.66403, 35.590612 ], [ 139.663176, 35.591061 ], [ 139.662943, 35.591162 ], [ 139.662258, 35.591366 ], [ 139.661458, 35.591523 ], [ 139.660614, 35.591621 ], [ 139.659715, 35.591751 ], [ 139.659673, 35.591756 ], [ 139.658855, 35.591862 ], [ 139.659162, 35.592408 ], [ 139.659417, 35.59282 ], [ 139.659703, 35.593306 ], [ 139.659576, 35.593383 ], [ 139.659677, 35.594066 ], [ 139.659679, 35.594077 ], [ 139.65968, 35.594089 ], [ 139.659687, 35.594149 ], [ 139.65973, 35.594525 ], [ 139.659698, 35.59493 ], [ 139.659694, 35.594982 ], [ 139.659694, 35.594997 ], [ 139.659691, 35.595064 ], [ 139.659683, 35.595303 ], [ 139.659678, 35.595701 ], [ 139.660081, 35.595721 ], [ 139.660853, 35.595758 ], [ 139.660172, 35.596171 ], [ 139.659773, 35.596405 ], [ 139.659895, 35.597047 ], [ 139.660121, 35.597472 ], [ 139.660147, 35.597521 ], [ 139.660275, 35.597496 ], [ 139.660403, 35.597488 ], [ 139.660521, 35.597646 ], [ 139.660851, 35.597849 ], [ 139.660948, 35.597906 ], [ 139.661084, 35.597946 ], [ 139.661304, 35.597995 ], [ 139.661717, 35.598092 ], [ 139.661885, 35.59818 ], [ 139.66192, 35.598198 ], [ 139.661984, 35.598227 ], [ 139.662062, 35.598263 ], [ 139.662192, 35.598365 ], [ 139.662361, 35.598459 ], [ 139.66263, 35.59858 ], [ 139.662665, 35.598596 ], [ 139.662945, 35.598717 ], [ 139.663118, 35.598821 ], [ 139.663151, 35.598827 ], [ 139.663255, 35.598848 ], [ 139.662988, 35.598421 ], [ 139.662831, 35.597983 ], [ 139.662827, 35.597971 ], [ 139.662761, 35.597732 ], [ 139.662758, 35.597708 ], [ 139.662734, 35.597476 ] ] ] } },
{ "type": "Feature", "properties": { "key": "大田区|田園調布5丁目", "ward": "大田区", "town": "田園調布五丁目" }, "geometry": { "type": "Polygon", "coordinates": [ [ [ 139.660906, 35.599497 ], [ 139.660992, 35.599554 ], [ 139.661188, 35.599511 ], [ 139.661578, 35.599287 ], [ 139.661898, 35.599044 ], [ 139.662191, 35.598844 ], [ 139.662665, 35.598596 ], [ 139.66263, 35.59858 ], [ 139.662361, 35.598459 ], [ 139.662192, 35.598365 ], [ 139.662062, 35.598263 ], [ 139.661984, 35.598227 ], [ 139.66192, 35.598198 ], [ 139.661885, 35.59818 ], [ 139.661717, 35.598092 ], [ 139.661304, 35.597995 ], [ 139.661084, 35.597946 ], [ 139.660948, 35.597906 ], [ 139.660851, 35.597849 ], [ 139.660521, 35.597646 ], [ 139.660403, 35.597488 ], [ 139.660275, 35.597496 ], [ 139.660147, 35.597521 ], [ 139.660121, 35.597472 ], [ 139.659895, 35.597047 ], [ 139.659773, 35.596405 ], [ 139.660172, 35.596171 ], [ 139.660853, 35.595758 ], [ 139.660081, 35.595721 ], [ 139.659678, 35.595701 ], [ 139.659683, 35.595303 ], [ 139.659691, 35.595064 ], [ 139.659694, 35.594997 ], [ 139.659694, 35.594982 ], [ 139.659698, 35.59493 ], [ 139.65973, 35.594525 ], [ 139.659687, 35.594149 ], [ 139.65968, 35.594089 ], [ 139.659679, 35.594077 ], [ 139.659677, 35.594066 ], [ 139.659576, 35.593383 ], [ 139.659703, 35.593306 ], [ 139.659417, 35.59282 ], [ 139.659162, 35.592408 ], [ 139.658855, 35.591862 ], [ 139.65885, 35.591855 ], [ 139.657995, 35.592049 ], [ 139.657202, 35.592187 ], [ 139.656566, 35.592381 ], [ 139.656697, 35.592635 ], [ 139.656821, 35.592878 ], [ 139.656982, 35.593221 ], [ 139.657153, 35.593365 ], [ 139.657199, 35.593421 ], [ 139.657375, 35.593369 ], [ 139.657485, 35.593308 ], [ 139.657554, 35.593221 ], [ 139.657618, 35.593178 ], [ 139.657824, 35.593152 ], [ 139.6581, 35.593152 ], [ 139.658201, 35.593454 ], [ 139.657851, 35.593618 ], [ 139.657528, 35.593774 ], [ 139.65747, 35.593802 ], [ 139.657304, 35.593874 ], [ 139.656697, 35.594121 ], [ 139.656098, 35.59437 ], [ 139.655969, 35.594164 ], [ 139.655398, 35.594399 ], [ 139.655529, 35.594609 ], [ 139.654952, 35.594848 ], [ 139.654845, 35.594673 ], [ 139.654291, 35.594903 ], [ 139.654394, 35.595077 ], [ 139.653835, 35.595307 ], [ 139.653902, 35.595415 ], [ 139.653327, 35.595648 ], [ 139.653392, 35.595754 ], [ 139.652817, 35.595985 ], [ 139.652959, 35.596213 ], [ 139.653212, 35.596618 ], [ 139.653224, 35.596638 ], [ 139.653282, 35.596732 ], [ 139.653363, 35.596862 ], [ 139.653382, 35.596893 ], [ 139.653619, 35.597275 ], [ 139.653746, 35.597221 ], [ 139.654188, 35.597036 ], [ 139.654759, 35.596799 ], [ 139.655324, 35.596568 ], [ 139.655594, 35.596459 ], [ 139.656112, 35.597309 ], [ 139.656165, 35.597243 ], [ 139.656193, 35.597257 ], [ 139.656563, 35.597467 ], [ 139.656595, 35.597486 ], [ 139.656233, 35.597894 ], [ 139.656779, 35.598225 ], [ 139.656819, 35.598237 ], [ 139.657456, 35.598524 ], [ 139.657417, 35.598815 ], [ 139.657469, 35.598989 ], [ 139.657854, 35.599058 ], [ 139.658069, 35.599057 ], [ 139.658037, 35.599091 ], [ 139.658122, 35.599242 ], [ 139.65823, 35.599306 ], [ 139.658527, 35.599312 ], [ 139.658657, 35.599359 ], [ 139.658752, 35.599417 ], [ 139.658832, 35.599497 ], [ 139.659008, 35.599782 ], [ 139.659041, 35.599835 ], [ 139.659266, 35.599851 ], [ 139.659298, 35.6 ], [ 139.659649, 35.59995 ], [ 139.659707, 35.599937 ], [ 139.66046, 35.599762 ], [ 139.660742, 35.599664 ], [ 139.660906, 35.599497 ] ] ] } },
{ "type": "Feature", "properties": { "key": "大田区|雪谷大塚町", "ward": "大田区", "town": "雪谷大塚町" }, "geometry": { "type": "Polygon", "coordinates": [ [ [ 139.677881, 35.589098 ], [ 139.677864, 35.589104 ], [ 139.6776, 35.589484 ], [ 139.677132, 35.590056 ], [ 139.67712, 35.590079 ], [ 139.676736, 35.590641 ], [ 139.676598, 35.59083 ], [ 139.67614, 35.591497 ], [ 139.675978, 35.591734 ], [ 139.676828, 35.592204 ], [ 139.676856, 35.59222 ], [ 139.676882, 35.592234 ], [ 139.677242, 35.592452 ], [ 139.677612, 35.592685 ], [ 139.67805, 35.592974 ], [ 139.678617, 35.593373 ], [ 139.679265, 35.593744 ], [ 139.679402, 35.593836 ], [ 139.679629, 35.593988 ], [ 139.680587, 35.59466 ], [ 139.680787, 35.594825 ], [ 139.680806, 35.594846 ], [ 139.680838, 35.595046 ], [ 139.681111, 35.595051 ], [ 139.681296, 35.595054 ], [ 139.681529, 35.595054 ], [ 139.681568, 35.595041 ], [ 139.681372, 35.594686 ], [ 139.681277, 35.594364 ], [ 139.681164, 35.593884 ], [ 139.681114, 35.593682 ], [ 139.680986, 35.593178 ], [ 139.680958, 35.593045 ], [ 139.680954, 35.593022 ], [ 139.680921, 35.59291 ], [ 139.680811, 35.592569 ], [ 139.680678, 35.592179 ], [ 139.680587, 35.591986 ], [ 139.680493, 35.59172 ], [ 139.680431, 35.591589 ], [ 139.680297, 35.591462 ], [ 139.680033, 35.591152 ], [ 139.679718, 35.590782 ], [ 139.679656, 35.590712 ], [ 139.679624, 35.590676 ], [ 139.679511, 35.590548 ], [ 139.679425, 35.590451 ], [ 139.679327, 35.590368 ], [ 139.679097, 35.59013 ], [ 139.679071, 35.590103 ], [ 139.678866, 35.589895 ], [ 139.678786, 35.589816 ], [ 139.678398, 35.589426 ], [ 139.678362, 35.589404 ], [ 139.677881, 35.589098 ] ] ] } },
{ "type": "Feature", "properties": { "key": "大田区|鵜の木1丁目", "ward": "大田区", "town": "鵜の木一丁目" }, "geometry": { "type": "Polygon", "coordinates": [ [ [ 139.683349, 35.578218 ], [ 139.683389, 35.578077 ], [ 139.683393, 35.578062 ], [ 139.683499, 35.577682 ], [ 139.683609, 35.577289 ], [ 139.68382, 35.576501 ], [ 139.684024, 35.575794 ], [ 139.684028, 35.575781 ], [ 139.684385, 35.57464 ], [ 139.684413, 35.574594 ], [ 139.684509, 35.574415 ], [ 139.684675, 35.57419 ], [ 139.684753, 35.574095 ], [ 139.685134, 35.573695 ], [ 139.685158, 35.573678 ], [ 139.685842, 35.573206 ], [ 139.685896, 35.573174 ], [ 139.686012, 35.573104 ], [ 139.686289, 35.573109 ], [ 139.686318, 35.573099 ], [ 139.686303, 35.573095 ], [ 139.686513, 35.572899 ], [ 139.686596, 35.572803 ], [ 139.686653, 35.572452 ], [ 139.686599, 35.572069 ], [ 139.686502, 35.571941 ], [ 139.68623, 35.57197 ], [ 139.685892, 35.572042 ], [ 139.685872, 35.572046 ], [ 139.685292, 35.572228 ], [ 139.685282, 35.572232 ], [ 139.684253, 35.572604 ], [ 139.684241, 35.572598 ], [ 139.683913, 35.572792 ], [ 139.683803, 35.572864 ], [ 139.683776, 35.572882 ], [ 139.683377, 35.57328 ], [ 139.683182, 35.573476 ], [ 139.682521, 35.574148 ], [ 139.682513, 35.574156 ], [ 139.68212, 35.574561 ], [ 139.682085, 35.574596 ], [ 139.682062, 35.574621 ], [ 139.681866, 35.574831 ], [ 139.681672, 35.575039 ], [ 139.681236, 35.575487 ], [ 139.681224, 35.575496 ], [ 139.681149, 35.575572 ], [ 139.680924, 35.575798 ], [ 139.680679, 35.576043 ], [ 139.680676, 35.576047 ], [ 139.680233, 35.57647 ], [ 139.6798, 35.576918 ], [ 139.680259, 35.577213 ], [ 139.680008, 35.577467 ], [ 139.679833, 35.577643 ], [ 139.679816, 35.57766 ], [ 139.679801, 35.577675 ], [ 139.679611, 35.577867 ], [ 139.679509, 35.577959 ], [ 139.67897, 35.578529 ], [ 139.679478, 35.578765 ], [ 139.679795, 35.578863 ], [ 139.679829, 35.578876 ], [ 139.680014, 35.578942 ], [ 139.680621, 35.578933 ], [ 139.680823, 35.578893 ], [ 139.681143, 35.57865 ], [ 139.681412, 35.578447 ], [ 139.681434, 35.578469 ], [ 139.681741, 35.57864 ], [ 139.682093, 35.578727 ], [ 139.682132, 35.578757 ], [ 139.682235, 35.578836 ], [ 139.682381, 35.578945 ], [ 139.683077, 35.57903 ], [ 139.683151, 35.578824 ], [ 139.683159, 35.578803 ], [ 139.683233, 35.578634 ], [ 139.683349, 35.578218 ] ] ] } },
{ "type": "Feature", "properties": { "key": "大田区|鵜の木2丁目", "ward": "大田区", "town": "鵜の木二丁目" }, "geometry": { "type": "Polygon", "coordinates": [ [ [ 139.682062, 35.574621 ], [ 139.682085, 35.574596 ], [ 139.68212, 35.574561 ], [ 139.682513, 35.574156 ], [ 139.682521, 35.574148 ], [ 139.683182, 35.573476 ], [ 139.682898, 35.573294 ], [ 139.682799, 35.573263 ], [ 139.682777, 35.573259 ], [ 139.681989, 35.57301 ], [ 139.681773, 35.572935 ], [ 139.681552, 35.572816 ], [ 139.681405, 35.572701 ], [ 139.681368, 35.572648 ], [ 139.681235, 35.572523 ], [ 139.681155, 35.572431 ], [ 139.681015, 35.572244 ], [ 139.680903, 35.572059 ], [ 139.680893, 35.572056 ], [ 139.680707, 35.571612 ], [ 139.680573, 35.57114 ], [ 139.680549, 35.57117 ], [ 139.68048, 35.571257 ], [ 139.680153, 35.571668 ], [ 139.679955, 35.571917 ], [ 139.679884, 35.571937 ], [ 139.678897, 35.571493 ], [ 139.67889, 35.571499 ], [ 139.678842, 35.571544 ], [ 139.678539, 35.571415 ], [ 139.678211, 35.572098 ], [ 139.677962, 35.572609 ], [ 139.677695, 35.572499 ], [ 139.677581, 35.572463 ], [ 139.677399, 35.572423 ], [ 139.677371, 35.572473 ], [ 139.677146, 35.573019 ], [ 139.676816, 35.573767 ], [ 139.676241, 35.573624 ], [ 139.675445, 35.57341 ], [ 139.674805, 35.574959 ], [ 139.675609, 35.575181 ], [ 139.676216, 35.575329 ], [ 139.676473, 35.574751 ], [ 139.67673, 35.574918 ], [ 139.67696, 35.575069 ], [ 139.677153, 35.575191 ], [ 139.677427, 35.575365 ], [ 139.677628, 35.575493 ], [ 139.677747, 35.575565 ], [ 139.678133, 35.575826 ], [ 139.678327, 35.57595 ], [ 139.678524, 35.576076 ], [ 139.679112, 35.57646 ], [ 139.679361, 35.576616 ], [ 139.6798, 35.576918 ], [ 139.680233, 35.57647 ], [ 139.680676, 35.576047 ], [ 139.680679, 35.576043 ], [ 139.680924, 35.575798 ], [ 139.681149, 35.575572 ], [ 139.681224, 35.575496 ], [ 139.681236, 35.575487 ], [ 139.681672, 35.575039 ], [ 139.681866, 35.574831 ], [ 139.682062, 35.574621 ] ] ] } },
{ "type": "Feature", "properties": { "key": "大田区|鵜の木3丁目", "ward": "大田区", "town": "鵜の木三丁目" }, "geometry": { "type": "Polygon", "coordinates": [ [ [ 139.678114, 35.57971 ], [ 139.678647, 35.579371 ], [ 139.678836, 35.579168 ], [ 139.679077, 35.578933 ], [ 139.679478, 35.578765 ], [ 139.67897, 35.578529 ], [ 139.679509, 35.577959 ], [ 139.679611, 35.577867 ], [ 139.679801, 35.577675 ], [ 139.679816, 35.57766 ], [ 139.679833, 35.577643 ], [ 139.680008, 35.577467 ], [ 139.680259, 35.577213 ], [ 139.6798, 35.576918 ], [ 139.679361, 35.576616 ], [ 139.679112, 35.57646 ], [ 139.678524, 35.576076 ], [ 139.678327, 35.57595 ], [ 139.678133, 35.575826 ], [ 139.677747, 35.575565 ], [ 139.677628, 35.575493 ], [ 139.677427, 35.575365 ], [ 139.677153, 35.575191 ], [ 139.67696, 35.575069 ], [ 139.67673, 35.574918 ], [ 139.676473, 35.574751 ], [ 139.676216, 35.575329 ], [ 139.675609, 35.575181 ], [ 139.674805, 35.574959 ], [ 139.674736, 35.575159 ], [ 139.674501, 35.575784 ], [ 139.674285, 35.576314 ], [ 139.673878, 35.577417 ], [ 139.673931, 35.577436 ], [ 139.674369, 35.577542 ], [ 139.674733, 35.577194 ], [ 139.674752, 35.577207 ], [ 139.675531, 35.57772 ], [ 139.675234, 35.578008 ], [ 139.676008, 35.578514 ], [ 139.676081, 35.578655 ], [ 139.676244, 35.57887 ], [ 139.676637, 35.579291 ], [ 139.676844, 35.579935 ], [ 139.676945, 35.57985 ], [ 139.677362, 35.580175 ], [ 139.677594, 35.580359 ], [ 139.677941, 35.579858 ], [ 139.678114, 35.57971 ] ] ] } },
{ "type": "Feature", "properties": { "key": "大田区|千鳥1丁目", "ward": "大田区", "town": "千鳥一丁目" }, "geometry": { "type": "Polygon", "coordinates": [ [ [ 139.69253, 35.573999 ], [ 139.692673, 35.573548 ], [ 139.692595, 35.573143 ], [ 139.692681, 35.573127 ], [ 139.693316, 35.573072 ], [ 139.693842, 35.573026 ], [ 139.693848, 35.573026 ], [ 139.694322, 35.572985 ], [ 139.695223, 35.573074 ], [ 139.695315, 35.573083 ], [ 139.695573, 35.57312 ], [ 139.695738, 35.573193 ], [ 139.696192, 35.573264 ], [ 139.696209, 35.573267 ], [ 139.696607, 35.573328 ], [ 139.696851, 35.573402 ], [ 139.697221, 35.573515 ], [ 139.697796, 35.573726 ], [ 139.697534, 35.573198 ], [ 139.697508, 35.573149 ], [ 139.697327, 35.572811 ], [ 139.69718, 35.57248 ], [ 139.697168, 35.572454 ], [ 139.696923, 35.571984 ], [ 139.696917, 35.571973 ], [ 139.6968, 35.571766 ], [ 139.696741, 35.571629 ], [ 139.6965, 35.571648 ], [ 139.69626, 35.571667 ], [ 139.696034, 35.571708 ], [ 139.695579, 35.571777 ], [ 139.694487, 35.571711 ], [ 139.693305, 35.571607 ], [ 139.693041, 35.571587 ], [ 139.692669, 35.57156 ], [ 139.692508, 35.571549 ], [ 139.691912, 35.571499 ], [ 139.691875, 35.571496 ], [ 139.691163, 35.57143 ], [ 139.691134, 35.571641 ], [ 139.691121, 35.57173 ], [ 139.691096, 35.57191 ], [ 139.691072, 35.572081 ], [ 139.691014, 35.572646 ], [ 139.690945, 35.573327 ], [ 139.691176, 35.573323 ], [ 139.690695, 35.573899 ], [ 139.690594, 35.574019 ], [ 139.690325, 35.574342 ], [ 139.690333, 35.574346 ], [ 139.690446, 35.574398 ], [ 139.690694, 35.574538 ], [ 139.690892, 35.57461 ], [ 139.691234, 35.574625 ], [ 139.691711, 35.574648 ], [ 139.691712, 35.574636 ], [ 139.692528, 35.57469 ], [ 139.69253, 35.573999 ] ] ] } },
{ "type": "Feature", "properties": { "key": "大田区|千鳥2丁目", "ward": "大田区", "town": "千鳥二丁目" }, "geometry": { "type": "Polygon", "coordinates": [ [ [ 139.696239, 35.566885 ], [ 139.696281, 35.566497 ], [ 139.696287, 35.566497 ], [ 139.696289, 35.566473 ], [ 139.696314, 35.566298 ], [ 139.696312, 35.566254 ], [ 139.69606, 35.56644 ], [ 139.69604, 35.566452 ], [ 139.695298, 35.567003 ], [ 139.695067, 35.567139 ], [ 139.694894, 35.567177 ], [ 139.694802, 35.567169 ], [ 139.694694, 35.567242 ], [ 139.69468, 35.56735 ], [ 139.694418, 35.567492 ], [ 139.694047, 35.567714 ], [ 139.69374, 35.567869 ], [ 139.693054, 35.568307 ], [ 139.692611, 35.56859 ], [ 139.692668, 35.568641 ], [ 139.692269, 35.568914 ], [ 139.692113, 35.569032 ], [ 139.691685, 35.569278 ], [ 139.691663, 35.569291 ], [ 139.691016, 35.569685 ], [ 139.690944, 35.569736 ], [ 139.690443, 35.570142 ], [ 139.691281, 35.570199 ], [ 139.691267, 35.570648 ], [ 139.691254, 35.570735 ], [ 139.691236, 35.570854 ], [ 139.691163, 35.57143 ], [ 139.691875, 35.571496 ], [ 139.691912, 35.571499 ], [ 139.692508, 35.571549 ], [ 139.692669, 35.57156 ], [ 139.693041, 35.571587 ], [ 139.693305, 35.571607 ], [ 139.694487, 35.571711 ], [ 139.695579, 35.571777 ], [ 139.696034, 35.571708 ], [ 139.69626, 35.571667 ], [ 139.6965, 35.571648 ], [ 139.696741, 35.571629 ], [ 139.696658, 35.571471 ], [ 139.696594, 35.57129 ], [ 139.696257, 35.570616 ], [ 139.696232, 35.570586 ], [ 139.696016, 35.569757 ], [ 139.696019, 35.569751 ], [ 139.695997, 35.569469 ], [ 139.695968, 35.569151 ], [ 139.696006, 35.568944 ], [ 139.696035, 35.568506 ], [ 139.696038, 35.568483 ], [ 139.696082, 35.568103 ], [ 139.696134, 35.567697 ], [ 139.69614, 35.567661 ], [ 139.6962, 35.567296 ], [ 139.696239, 35.566885 ] ] ] } },
{ "type": "Feature", "properties": { "key": "大田区|千鳥3丁目", "ward": "大田区", "town": "千鳥三丁目" }, "geometry": { "type": "Polygon", "coordinates": [ [ [ 139.691176, 35.573323 ], [ 139.690945, 35.573327 ], [ 139.691014, 35.572646 ], [ 139.691072, 35.572081 ], [ 139.691096, 35.57191 ], [ 139.691121, 35.57173 ], [ 139.691134, 35.571641 ], [ 139.691163, 35.57143 ], [ 139.691236, 35.570854 ], [ 139.691254, 35.570735 ], [ 139.691267, 35.570648 ], [ 139.691281, 35.570199 ], [ 139.690443, 35.570142 ], [ 139.690365, 35.570136 ], [ 139.69013, 35.570116 ], [ 139.690092, 35.570116 ], [ 139.690002, 35.570108 ], [ 139.689395, 35.570055 ], [ 139.688975, 35.57043 ], [ 139.688752, 35.570621 ], [ 139.688406, 35.570877 ], [ 139.687861, 35.571266 ], [ 139.687165, 35.5717 ], [ 139.687104, 35.571761 ], [ 139.687073, 35.571789 ], [ 139.686977, 35.57197 ], [ 139.686856, 35.572084 ], [ 139.686599, 35.572069 ], [ 139.686653, 35.572452 ], [ 139.686596, 35.572803 ], [ 139.686513, 35.572899 ], [ 139.686303, 35.573095 ], [ 139.686318, 35.573099 ], [ 139.686352, 35.573113 ], [ 139.686408, 35.573207 ], [ 139.686407, 35.57343 ], [ 139.687054, 35.57357 ], [ 139.687348, 35.573645 ], [ 139.688111, 35.573839 ], [ 139.688484, 35.573916 ], [ 139.688491, 35.573918 ], [ 139.688823, 35.573996 ], [ 139.689078, 35.574087 ], [ 139.689521, 35.574274 ], [ 139.689726, 35.5744 ], [ 139.690054, 35.574588 ], [ 139.690092, 35.574609 ], [ 139.690333, 35.574346 ], [ 139.690325, 35.574342 ], [ 139.690594, 35.574019 ], [ 139.690695, 35.573899 ], [ 139.691176, 35.573323 ] ] ] } },
{ "type": "Feature", "properties": { "key": "大田区|南久が原1丁目", "ward": "大田区", "town": "南久が原一丁目" }, "geometry": { "type": "Polygon", "coordinates": [ [ [ 139.690122, 35.57564 ], [ 139.690122, 35.575658 ], [ 139.690349, 35.575764 ], [ 139.690694, 35.574538 ], [ 139.690446, 35.574398 ], [ 139.690333, 35.574346 ], [ 139.690092, 35.574609 ], [ 139.690054, 35.574588 ], [ 139.689726, 35.5744 ], [ 139.689521, 35.574274 ], [ 139.689078, 35.574087 ], [ 139.688823, 35.573996 ], [ 139.688491, 35.573918 ], [ 139.688484, 35.573916 ], [ 139.688111, 35.573839 ], [ 139.687348, 35.573645 ], [ 139.687054, 35.57357 ], [ 139.686407, 35.57343 ], [ 139.686423, 35.573627 ], [ 139.686267, 35.574103 ], [ 139.686438, 35.574416 ], [ 139.686465, 35.574449 ], [ 139.686589, 35.574627 ], [ 139.686622, 35.574991 ], [ 139.686721, 35.575281 ], [ 139.686757, 35.575337 ], [ 139.686769, 35.575358 ], [ 139.686949, 35.575674 ], [ 139.687044, 35.575861 ], [ 139.687015, 35.57639 ], [ 139.687185, 35.576958 ], [ 139.687266, 35.577133 ], [ 139.687283, 35.57716 ], [ 139.687426, 35.577524 ], [ 139.687637, 35.578125 ], [ 139.687744, 35.578305 ], [ 139.688119, 35.578982 ], [ 139.688297, 35.578995 ], [ 139.68834, 35.579001 ], [ 139.689224, 35.579365 ], [ 139.689482, 35.579037 ], [ 139.689655, 35.578833 ], [ 139.689961, 35.578469 ], [ 139.690314, 35.578032 ], [ 139.689585, 35.577596 ], [ 139.689203, 35.577374 ], [ 139.688804, 35.577135 ], [ 139.689558, 35.576292 ], [ 139.690122, 35.57564 ] ] ] } },
{ "type": "Feature", "properties": { "key": "大田区|南久が原2丁目", "ward": "大田区", "town": "南久が原二丁目" }, "geometry": { "type": "Polygon", "coordinates": [ [ [ 139.686318, 35.573099 ], [ 139.686289, 35.573109 ], [ 139.686012, 35.573104 ], [ 139.685896, 35.573174 ], [ 139.685842, 35.573206 ], [ 139.685158, 35.573678 ], [ 139.685134, 35.573695 ], [ 139.684753, 35.574095 ], [ 139.684675, 35.57419 ], [ 139.684509, 35.574415 ], [ 139.684413, 35.574594 ], [ 139.684385, 35.57464 ], [ 139.684028, 35.575781 ], [ 139.684024, 35.575794 ], [ 139.68382, 35.576501 ], [ 139.683609, 35.577289 ], [ 139.683499, 35.577682 ], [ 139.683393, 35.578062 ], [ 139.683389, 35.578077 ], [ 139.683349, 35.578218 ], [ 139.683233, 35.578634 ], [ 139.683159, 35.578803 ], [ 139.683151, 35.578824 ], [ 139.683077, 35.57903 ], [ 139.683561, 35.579165 ], [ 139.684152, 35.579383 ], [ 139.684412, 35.579482 ], [ 139.684823, 35.579715 ], [ 139.685201, 35.579934 ], [ 139.685343, 35.580005 ], [ 139.685447, 35.580052 ], [ 139.685694, 35.580203 ], [ 139.685893, 35.580317 ], [ 139.686137, 35.580387 ], [ 139.686144, 35.580373 ], [ 139.68618, 35.580189 ], [ 139.686216, 35.580145 ], [ 139.686501, 35.580011 ], [ 139.686887, 35.579692 ], [ 139.686931, 35.579656 ], [ 139.687534, 35.579231 ], [ 139.687743, 35.579071 ], [ 139.687899, 35.579019 ], [ 139.688119, 35.578982 ], [ 139.687744, 35.578305 ], [ 139.687637, 35.578125 ], [ 139.687426, 35.577524 ], [ 139.687283, 35.57716 ], [ 139.687266, 35.577133 ], [ 139.687185, 35.576958 ], [ 139.687015, 35.57639 ], [ 139.687044, 35.575861 ], [ 139.686949, 35.575674 ], [ 139.686769, 35.575358 ], [ 139.686757, 35.575337 ], [ 139.686721, 35.575281 ], [ 139.686622, 35.574991 ], [ 139.686589, 35.574627 ], [ 139.686465, 35.574449 ], [ 139.686438, 35.574416 ], [ 139.686267, 35.574103 ], [ 139.686423, 35.573627 ], [ 139.686407, 35.57343 ], [ 139.686408, 35.573207 ], [ 139.686352, 35.573113 ], [ 139.686318, 35.573099 ] ] ] } },
{ "type": "Feature", "properties": { "key": "大田区|久が原1丁目", "ward": "大田区", "town": "久が原一丁目" }, "geometry": { "type": "Polygon", "coordinates": [ [ [ 139.693955, 35.584447 ], [ 139.693921, 35.5844 ], [ 139.693474, 35.584523 ], [ 139.693283, 35.584564 ], [ 139.693019, 35.584606 ], [ 139.692798, 35.584622 ], [ 139.692949, 35.584341 ], [ 139.69218, 35.584094 ], [ 139.691626, 35.583852 ], [ 139.690465, 35.583523 ], [ 139.689187, 35.583447 ], [ 139.687921, 35.583374 ], [ 139.687433, 35.583279 ], [ 139.687009, 35.583164 ], [ 139.686833, 35.58355 ], [ 139.686631, 35.58397 ], [ 139.686379, 35.584493 ], [ 139.68705, 35.584708 ], [ 139.687085, 35.584712 ], [ 139.687748, 35.584806 ], [ 139.687774, 35.584827 ], [ 139.68775, 35.585157 ], [ 139.687748, 35.585178 ], [ 139.687721, 35.585543 ], [ 139.687707, 35.585734 ], [ 139.687715, 35.585906 ], [ 139.687734, 35.586267 ], [ 139.687737, 35.586331 ], [ 139.687873, 35.586563 ], [ 139.687938, 35.586582 ], [ 139.687942, 35.586614 ], [ 139.688554, 35.586779 ], [ 139.688885, 35.586869 ], [ 139.689922, 35.587189 ], [ 139.690126, 35.587238 ], [ 139.691566, 35.587647 ], [ 139.691757, 35.587716 ], [ 139.692954, 35.588095 ], [ 139.692987, 35.588064 ], [ 139.693201, 35.587864 ], [ 139.693824, 35.587354 ], [ 139.694129, 35.587113 ], [ 139.694487, 35.586829 ], [ 139.694985, 35.586396 ], [ 139.694841, 35.586183 ], [ 139.694841, 35.586097 ], [ 139.694807, 35.585671 ], [ 139.694693, 35.5852 ], [ 139.694601, 35.585 ], [ 139.694542, 35.584924 ], [ 139.694181, 35.58474 ], [ 139.693955, 35.584447 ] ] ] } },
{ "type": "Feature", "properties": { "key": "大田区|久が原2丁目", "ward": "大田区", "town": "久が原二丁目" }, "geometry": { "type": "Polygon", "coordinates": [ [ [ 139.695959, 35.578481 ], [ 139.694759, 35.578539 ], [ 139.694758, 35.578544 ], [ 139.694761, 35.578918 ], [ 139.694711, 35.57945 ], [ 139.694682, 35.579758 ], [ 139.694679, 35.580137 ], [ 139.694752, 35.580427 ], [ 139.694706, 35.580436 ], [ 139.694855, 35.581004 ], [ 139.694888, 35.58112 ], [ 139.695054, 35.581707 ], [ 139.695061, 35.581733 ], [ 139.695184, 35.582171 ], [ 139.695286, 35.582444 ], [ 139.695393, 35.582729 ], [ 139.695396, 35.582869 ], [ 139.695366, 35.582876 ], [ 139.694722, 35.583016 ], [ 139.694055, 35.583076 ], [ 139.694001, 35.58309 ], [ 139.693655, 35.583184 ], [ 139.693107, 35.583334 ], [ 139.692848, 35.583398 ], [ 139.693321, 35.583881 ], [ 139.69354, 35.584114 ], [ 139.693863, 35.584332 ], [ 139.693921, 35.5844 ], [ 139.693955, 35.584447 ], [ 139.694181, 35.58474 ], [ 139.694542, 35.584924 ], [ 139.694601, 35.585 ], [ 139.694693, 35.5852 ], [ 139.694807, 35.585671 ], [ 139.694841, 35.586097 ], [ 139.694841, 35.586183 ], [ 139.694985, 35.586396 ], [ 139.695545, 35.585952 ], [ 139.695638, 35.585883 ], [ 139.696008, 35.585561 ], [ 139.696527, 35.585109 ], [ 139.696922, 35.584709 ], [ 139.697159, 35.58447 ], [ 139.697367, 35.584259 ], [ 139.697374, 35.584252 ], [ 139.697558, 35.584031 ], [ 139.698229, 35.583399 ], [ 139.698251, 35.583372 ], [ 139.698528, 35.583031 ], [ 139.698696, 35.582715 ], [ 139.698838, 35.582454 ], [ 139.699003, 35.582062 ], [ 139.699344, 35.581381 ], [ 139.699353, 35.581365 ], [ 139.699683, 35.580672 ], [ 139.699936, 35.580142 ], [ 139.699083, 35.579883 ], [ 139.698235, 35.579625 ], [ 139.698215, 35.579618 ], [ 139.697386, 35.579353 ], [ 139.696761, 35.579143 ], [ 139.696528, 35.579062 ], [ 139.69599, 35.578627 ], [ 139.695998, 35.578496 ], [ 139.695959, 35.578481 ] ] ] } },
{ "type": "Feature", "properties": { "key": "大田区|久が原3丁目", "ward": "大田区", "town": "久が原三丁目" }, "geometry": { "type": "Polygon", "coordinates": [ [ [ 139.688119, 35.578982 ], [ 139.687899, 35.579019 ], [ 139.687743, 35.579071 ], [ 139.687534, 35.579231 ], [ 139.686931, 35.579656 ], [ 139.686887, 35.579692 ], [ 139.686501, 35.580011 ], [ 139.686216, 35.580145 ], [ 139.68618, 35.580189 ], [ 139.686144, 35.580373 ], [ 139.686137, 35.580387 ], [ 139.686167, 35.580392 ], [ 139.686474, 35.581149 ], [ 139.686537, 35.581366 ], [ 139.686581, 35.581493 ], [ 139.686619, 35.581641 ], [ 139.686693, 35.581877 ], [ 139.686815, 35.582242 ], [ 139.686917, 35.582599 ], [ 139.687015, 35.582978 ], [ 139.687027, 35.583124 ], [ 139.687009, 35.583164 ], [ 139.687433, 35.583279 ], [ 139.687921, 35.583374 ], [ 139.689187, 35.583447 ], [ 139.690465, 35.583523 ], [ 139.691626, 35.583852 ], [ 139.69218, 35.584094 ], [ 139.692949, 35.584341 ], [ 139.692798, 35.584622 ], [ 139.693019, 35.584606 ], [ 139.693283, 35.584564 ], [ 139.693474, 35.584523 ], [ 139.693921, 35.5844 ], [ 139.693863, 35.584332 ], [ 139.69354, 35.584114 ], [ 139.693321, 35.583881 ], [ 139.692848, 35.583398 ], [ 139.692732, 35.583293 ], [ 139.692567, 35.583111 ], [ 139.692437, 35.582819 ], [ 139.692375, 35.582701 ], [ 139.692223, 35.582393 ], [ 139.692159, 35.582252 ], [ 139.691801, 35.581616 ], [ 139.691325, 35.581214 ], [ 139.691305, 35.58117 ], [ 139.690925, 35.580877 ], [ 139.690712, 35.580676 ], [ 139.690665, 35.580643 ], [ 139.689532, 35.579647 ], [ 139.689486, 35.57959 ], [ 139.689224, 35.579365 ], [ 139.68834, 35.579001 ], [ 139.688297, 35.578995 ], [ 139.688119, 35.578982 ] ] ] } },
{ "type": "Feature", "properties": { "key": "大田区|久が原4丁目", "ward": "大田区", "town": "久が原四丁目" }, "geometry": { "type": "Polygon", "coordinates": [ [ [ 139.689558, 35.576292 ], [ 139.688804, 35.577135 ], [ 139.689203, 35.577374 ], [ 139.689585, 35.577596 ], [ 139.690314, 35.578032 ], [ 139.689961, 35.578469 ], [ 139.689655, 35.578833 ], [ 139.689482, 35.579037 ], [ 139.689224, 35.579365 ], [ 139.689486, 35.57959 ], [ 139.689532, 35.579647 ], [ 139.690665, 35.580643 ], [ 139.690712, 35.580676 ], [ 139.690925, 35.580877 ], [ 139.691305, 35.58117 ], [ 139.691325, 35.581214 ], [ 139.691801, 35.581616 ], [ 139.692159, 35.582252 ], [ 139.692223, 35.582393 ], [ 139.692375, 35.582701 ], [ 139.692437, 35.582819 ], [ 139.692567, 35.583111 ], [ 139.692732, 35.583293 ], [ 139.692848, 35.583398 ], [ 139.693107, 35.583334 ], [ 139.693655, 35.583184 ], [ 139.694001, 35.58309 ], [ 139.694055, 35.583076 ], [ 139.694722, 35.583016 ], [ 139.695366, 35.582876 ], [ 139.695396, 35.582869 ], [ 139.695393, 35.582729 ], [ 139.695286, 35.582444 ], [ 139.695184, 35.582171 ], [ 139.695061, 35.581733 ], [ 139.695054, 35.581707 ], [ 139.694888, 35.58112 ], [ 139.694855, 35.581004 ], [ 139.694706, 35.580436 ], [ 139.694752, 35.580427 ], [ 139.694679, 35.580137 ], [ 139.694682, 35.579758 ], [ 139.694711, 35.57945 ], [ 139.694761, 35.578918 ], [ 139.694758, 35.578544 ], [ 139.694759, 35.578539 ], [ 139.694796, 35.578105 ], [ 139.694806, 35.577978 ], [ 139.694868, 35.577407 ], [ 139.694909, 35.577032 ], [ 139.693611, 35.57696 ], [ 139.692339, 35.576888 ], [ 139.691042, 35.576816 ], [ 139.69018, 35.576755 ], [ 139.690148, 35.576726 ], [ 139.689982, 35.576575 ], [ 139.68981, 35.57645 ], [ 139.689758, 35.576413 ], [ 139.689558, 35.576292 ] ] ] } },
{ "type": "Feature", "properties": { "key": "大田区|久が原5丁目", "ward": "大田区", "town": "久が原五丁目" }, "geometry": { "type": "Polygon", "coordinates": [ [ [ 139.700484, 35.57896 ], [ 139.700494, 35.57898 ], [ 139.700505, 35.578958 ], [ 139.700393, 35.578743 ], [ 139.700329, 35.578621 ], [ 139.699999, 35.577989 ], [ 139.699953, 35.577902 ], [ 139.699778, 35.577599 ], [ 139.699491, 35.577018 ], [ 139.699105, 35.57628 ], [ 139.698759, 35.57557 ], [ 139.698506, 35.575044 ], [ 139.698473, 35.574998 ], [ 139.697907, 35.573921 ], [ 139.697862, 35.573858 ], [ 139.697849, 35.573831 ], [ 139.697796, 35.573726 ], [ 139.697221, 35.573515 ], [ 139.696851, 35.573402 ], [ 139.696607, 35.573328 ], [ 139.696209, 35.573267 ], [ 139.696179, 35.573807 ], [ 139.696138, 35.574152 ], [ 139.695653, 35.574161 ], [ 139.695137, 35.57417 ], [ 139.695129, 35.574419 ], [ 139.695113, 35.574501 ], [ 139.695082, 35.574834 ], [ 139.69505, 35.575217 ], [ 139.695022, 35.575568 ], [ 139.694987, 35.575945 ], [ 139.694959, 35.576303 ], [ 139.694931, 35.576675 ], [ 139.694909, 35.577032 ], [ 139.694868, 35.577407 ], [ 139.694806, 35.577978 ], [ 139.694796, 35.578105 ], [ 139.694759, 35.578539 ], [ 139.695959, 35.578481 ], [ 139.695998, 35.578496 ], [ 139.69599, 35.578627 ], [ 139.696528, 35.579062 ], [ 139.696761, 35.579143 ], [ 139.697386, 35.579353 ], [ 139.698215, 35.579618 ], [ 139.698235, 35.579625 ], [ 139.699083, 35.579883 ], [ 139.699936, 35.580142 ], [ 139.700152, 35.579676 ], [ 139.700389, 35.579167 ], [ 139.700484, 35.57896 ] ] ] } },
{ "type": "Feature", "properties": { "key": "大田区|久が原6丁目", "ward": "大田区", "town": "久が原六丁目" }, "geometry": { "type": "Polygon", "coordinates": [ [ [ 139.695022, 35.575568 ], [ 139.69505, 35.575217 ], [ 139.695082, 35.574834 ], [ 139.695113, 35.574501 ], [ 139.695129, 35.574419 ], [ 139.695137, 35.57417 ], [ 139.695653, 35.574161 ], [ 139.696138, 35.574152 ], [ 139.696179, 35.573807 ], [ 139.696209, 35.573267 ], [ 139.696192, 35.573264 ], [ 139.695738, 35.573193 ], [ 139.695573, 35.57312 ], [ 139.695315, 35.573083 ], [ 139.695223, 35.573074 ], [ 139.694322, 35.572985 ], [ 139.693848, 35.573026 ], [ 139.693842, 35.573026 ], [ 139.693316, 35.573072 ], [ 139.692681, 35.573127 ], [ 139.692595, 35.573143 ], [ 139.692673, 35.573548 ], [ 139.69253, 35.573999 ], [ 139.692528, 35.57469 ], [ 139.691712, 35.574636 ], [ 139.691711, 35.574648 ], [ 139.691234, 35.574625 ], [ 139.690892, 35.57461 ], [ 139.690694, 35.574538 ], [ 139.690349, 35.575764 ], [ 139.690122, 35.575658 ], [ 139.690122, 35.57564 ], [ 139.689558, 35.576292 ], [ 139.689758, 35.576413 ], [ 139.68981, 35.57645 ], [ 139.689982, 35.576575 ], [ 139.690148, 35.576726 ], [ 139.69018, 35.576755 ], [ 139.691042, 35.576816 ], [ 139.692339, 35.576888 ], [ 139.693611, 35.57696 ], [ 139.694909, 35.577032 ], [ 139.694931, 35.576675 ], [ 139.694959, 35.576303 ], [ 139.694987, 35.575945 ], [ 139.695022, 35.575568 ] ] ] } },
{ "type": "Feature", "properties": { "key": "大田区|南千束1丁目", "ward": "大田区", "town": "南千束一丁目" }, "geometry": { "type": "Polygon", "coordinates": [ [ [ 139.696835, 35.604478 ], [ 139.69692, 35.604487 ], [ 139.697036, 35.60458 ], [ 139.697072, 35.604601 ], [ 139.697276, 35.604719 ], [ 139.697385, 35.604595 ], [ 139.697477, 35.60454 ], [ 139.697602, 35.604487 ], [ 139.697635, 35.60446 ], [ 139.697682, 35.604421 ], [ 139.697973, 35.604133 ], [ 139.698021, 35.604074 ], [ 139.697979, 35.604039 ], [ 139.697943, 35.604072 ], [ 139.69773, 35.603891 ], [ 139.697439, 35.603675 ], [ 139.696409, 35.603058 ], [ 139.695704, 35.602596 ], [ 139.695287, 35.602306 ], [ 139.695188, 35.602237 ], [ 139.69456, 35.601804 ], [ 139.694549, 35.601809 ], [ 139.694323, 35.601678 ], [ 139.693743, 35.601279 ], [ 139.693732, 35.601269 ], [ 139.693629, 35.601181 ], [ 139.693073, 35.600785 ], [ 139.692963, 35.600691 ], [ 139.692752, 35.600564 ], [ 139.692471, 35.600454 ], [ 139.692124, 35.600347 ], [ 139.692164, 35.60069 ], [ 139.692154, 35.600689 ], [ 139.692199, 35.600802 ], [ 139.692211, 35.600833 ], [ 139.692212, 35.600835 ], [ 139.692222, 35.600892 ], [ 139.692212, 35.600919 ], [ 139.692189, 35.600978 ], [ 139.692185, 35.600988 ], [ 139.692124, 35.601112 ], [ 139.692105, 35.601151 ], [ 139.692116, 35.601162 ], [ 139.69218, 35.601221 ], [ 139.691942, 35.60182 ], [ 139.692531, 35.601985 ], [ 139.692386, 35.602305 ], [ 139.692221, 35.602644 ], [ 139.69211, 35.602796 ], [ 139.691592, 35.603344 ], [ 139.691593, 35.603367 ], [ 139.691527, 35.603438 ], [ 139.691476, 35.603528 ], [ 139.691415, 35.60369 ], [ 139.691407, 35.603833 ], [ 139.691503, 35.604395 ], [ 139.69158, 35.604903 ], [ 139.691654, 35.605384 ], [ 139.691729, 35.605725 ], [ 139.692277, 35.605645 ], [ 139.692282, 35.605644 ], [ 139.692746, 35.605539 ], [ 139.693666, 35.605304 ], [ 139.694352, 35.605126 ], [ 139.694626, 35.605046 ], [ 139.69492, 35.60497 ], [ 139.695632, 35.604786 ], [ 139.695907, 35.604716 ], [ 139.696835, 35.604478 ] ] ] } },
{ "type": "Feature", "properties": { "key": "大田区|南千束2丁目", "ward": "大田区", "town": "南千束二丁目" }, "geometry": { "type": "Polygon", "coordinates": [ [ [ 139.692154, 35.600689 ], [ 139.692164, 35.60069 ], [ 139.692124, 35.600347 ], [ 139.691862, 35.600295 ], [ 139.69172, 35.600258 ], [ 139.691413, 35.60021 ], [ 139.691017, 35.600208 ], [ 139.690377, 35.600206 ], [ 139.689995, 35.600189 ], [ 139.689599, 35.600178 ], [ 139.689476, 35.600161 ], [ 139.68919, 35.600121 ], [ 139.688441, 35.599911 ], [ 139.688333, 35.599906 ], [ 139.688243, 35.599898 ], [ 139.688102, 35.600268 ], [ 139.688052, 35.600457 ], [ 139.688047, 35.600684 ], [ 139.688025, 35.600983 ], [ 139.688022, 35.601101 ], [ 139.688008, 35.601701 ], [ 139.687816, 35.602534 ], [ 139.687808, 35.602967 ], [ 139.687811, 35.603399 ], [ 139.687815, 35.60342 ], [ 139.68781, 35.603942 ], [ 139.68781, 35.60429 ], [ 139.687816, 35.604526 ], [ 139.687785, 35.604684 ], [ 139.688222, 35.604777 ], [ 139.688666, 35.604882 ], [ 139.689543, 35.605176 ], [ 139.689548, 35.605178 ], [ 139.690316, 35.60549 ], [ 139.690736, 35.605661 ], [ 139.690772, 35.605676 ], [ 139.691115, 35.605782 ], [ 139.691729, 35.605725 ], [ 139.691654, 35.605384 ], [ 139.69158, 35.604903 ], [ 139.691503, 35.604395 ], [ 139.691407, 35.603833 ], [ 139.691415, 35.60369 ], [ 139.691476, 35.603528 ], [ 139.691527, 35.603438 ], [ 139.691593, 35.603367 ], [ 139.691592, 35.603344 ], [ 139.69211, 35.602796 ], [ 139.692221, 35.602644 ], [ 139.692386, 35.602305 ], [ 139.692531, 35.601985 ], [ 139.691942, 35.60182 ], [ 139.69218, 35.601221 ], [ 139.692116, 35.601162 ], [ 139.692105, 35.601151 ], [ 139.692124, 35.601112 ], [ 139.692185, 35.600988 ], [ 139.692189, 35.600978 ], [ 139.692212, 35.600919 ], [ 139.692222, 35.600892 ], [ 139.692212, 35.600835 ], [ 139.692211, 35.600833 ], [ 139.692199, 35.600802 ], [ 139.692154, 35.600689 ] ] ] } },
{ "type": "Feature", "properties": { "key": "大田区|南千束3丁目", "ward": "大田区", "town": "南千束三丁目" }, "geometry": { "type": "Polygon", "coordinates": [ [ [ 139.685342, 35.604526 ], [ 139.685989, 35.604543 ], [ 139.686586, 35.604547 ], [ 139.687026, 35.604596 ], [ 139.687079, 35.604602 ], [ 139.687785, 35.604684 ], [ 139.687816, 35.604526 ], [ 139.68781, 35.60429 ], [ 139.68781, 35.603942 ], [ 139.687815, 35.60342 ], [ 139.687811, 35.603399 ], [ 139.687808, 35.602967 ], [ 139.687816, 35.602534 ], [ 139.688008, 35.601701 ], [ 139.688022, 35.601101 ], [ 139.688025, 35.600983 ], [ 139.688047, 35.600684 ], [ 139.688052, 35.600457 ], [ 139.688102, 35.600268 ], [ 139.688243, 35.599898 ], [ 139.687974, 35.59981 ], [ 139.687558, 35.599696 ], [ 139.687118, 35.599567 ], [ 139.686874, 35.599499 ], [ 139.686091, 35.599271 ], [ 139.685794, 35.599132 ], [ 139.685649, 35.59906 ], [ 139.685603, 35.599581 ], [ 139.685567, 35.59975 ], [ 139.685422, 35.599953 ], [ 139.685365, 35.600061 ], [ 139.685251, 35.600194 ], [ 139.685221, 35.600371 ], [ 139.685232, 35.60063 ], [ 139.685259, 35.600951 ], [ 139.685308, 35.601269 ], [ 139.685333, 35.601512 ], [ 139.685316, 35.601716 ], [ 139.685316, 35.601881 ], [ 139.685267, 35.602155 ], [ 139.685261, 35.602147 ], [ 139.68476, 35.602174 ], [ 139.684621, 35.6022 ], [ 139.684502, 35.602222 ], [ 139.684294, 35.602248 ], [ 139.684455, 35.603254 ], [ 139.684521, 35.603667 ], [ 139.684585, 35.604071 ], [ 139.684691, 35.604675 ], [ 139.684737, 35.6049 ], [ 139.684771, 35.604895 ], [ 139.685084, 35.604833 ], [ 139.685027, 35.604675 ], [ 139.685031, 35.60453 ], [ 139.685342, 35.604526 ] ] ] } },
{ "type": "Feature", "properties": { "key": "大田区|北千束1丁目", "ward": "大田区", "town": "北千束一丁目" }, "geometry": { "type": "Polygon", "coordinates": [ [ [ 139.684395, 35.613032 ], [ 139.684469, 35.613042 ], [ 139.684509, 35.612937 ], [ 139.68452, 35.612863 ], [ 139.684577, 35.612867 ], [ 139.684686, 35.612744 ], [ 139.684752, 35.612681 ], [ 139.684933, 35.612508 ], [ 139.68505, 35.612442 ], [ 139.685088, 35.612415 ], [ 139.685087, 35.612403 ], [ 139.685085, 35.612322 ], [ 139.685309, 35.612236 ], [ 139.685396, 35.612205 ], [ 139.685386, 35.612087 ], [ 139.685547, 35.611977 ], [ 139.685825, 35.611804 ], [ 139.685849, 35.611786 ], [ 139.686068, 35.611708 ], [ 139.686173, 35.611682 ], [ 139.686736, 35.611625 ], [ 139.686961, 35.61165 ], [ 139.687463, 35.611516 ], [ 139.68773, 35.611378 ], [ 139.687807, 35.611353 ], [ 139.6886, 35.611233 ], [ 139.688742, 35.611232 ], [ 139.68917, 35.611281 ], [ 139.689283, 35.611284 ], [ 139.689372, 35.611283 ], [ 139.689744, 35.611268 ], [ 139.689892, 35.611251 ], [ 139.690205, 35.611193 ], [ 139.690241, 35.611188 ], [ 139.690236, 35.611117 ], [ 139.690276, 35.611089 ], [ 139.690349, 35.611173 ], [ 139.690384, 35.611169 ], [ 139.690402, 35.61126 ], [ 139.690534, 35.611238 ], [ 139.690513, 35.61115 ], [ 139.690578, 35.611142 ], [ 139.690787, 35.61116 ], [ 139.690794, 35.611205 ], [ 139.691059, 35.611157 ], [ 139.691028, 35.611134 ], [ 139.691396, 35.611092 ], [ 139.691677, 35.610887 ], [ 139.692168, 35.610536 ], [ 139.69223, 35.610493 ], [ 139.692883, 35.61002 ], [ 139.69334, 35.609685 ], [ 139.693445, 35.609616 ], [ 139.69321, 35.609493 ], [ 139.692972, 35.6094 ], [ 139.692802, 35.609349 ], [ 139.692068, 35.609159 ], [ 139.69116, 35.608914 ], [ 139.691115, 35.608901 ], [ 139.69071, 35.608779 ], [ 139.690244, 35.608655 ], [ 139.690116, 35.608623 ], [ 139.689835, 35.608553 ], [ 139.689491, 35.608466 ], [ 139.68845, 35.608209 ], [ 139.687894, 35.60808 ], [ 139.687419, 35.607974 ], [ 139.68739, 35.607968 ], [ 139.687296, 35.607968 ], [ 139.687164, 35.607968 ], [ 139.686699, 35.607886 ], [ 139.686579, 35.607865 ], [ 139.685892, 35.607749 ], [ 139.685289, 35.607495 ], [ 139.685261, 35.607353 ], [ 139.685088, 35.607278 ], [ 139.68504, 35.607469 ], [ 139.684934, 35.607544 ], [ 139.684905, 35.607621 ], [ 139.684798, 35.607758 ], [ 139.684767, 35.607815 ], [ 139.68477, 35.608051 ], [ 139.684777, 35.608106 ], [ 139.684781, 35.608132 ], [ 139.684824, 35.608565 ], [ 139.684852, 35.60875 ], [ 139.684837, 35.609065 ], [ 139.684781, 35.609572 ], [ 139.684755, 35.609764 ], [ 139.684642, 35.610011 ], [ 139.684615, 35.610089 ], [ 139.684573, 35.610259 ], [ 139.684563, 35.610523 ], [ 139.684558, 35.610755 ], [ 139.684509, 35.611082 ], [ 139.68446, 35.611442 ], [ 139.684431, 35.611739 ], [ 139.684405, 35.611974 ], [ 139.684363, 35.612355 ], [ 139.684348, 35.612456 ], [ 139.68432, 35.61267 ], [ 139.684246, 35.613 ], [ 139.684229, 35.61308 ], [ 139.684228, 35.613086 ], [ 139.684382, 35.613097 ], [ 139.684395, 35.613032 ] ] ] } },
{ "type": "Feature", "properties": { "key": "大田区|北千束2丁目", "ward": "大田区", "town": "北千束二丁目" }, "geometry": { "type": "Polygon", "coordinates": [ [ [ 139.696456, 35.605784 ], [ 139.696637, 35.605555 ], [ 139.696762, 35.605393 ], [ 139.696797, 35.605347 ], [ 139.69683, 35.605305 ], [ 139.69695, 35.605147 ], [ 139.697089, 35.604995 ], [ 139.697153, 35.60495 ], [ 139.697276, 35.604719 ], [ 139.697072, 35.604601 ], [ 139.697036, 35.60458 ], [ 139.69692, 35.604487 ], [ 139.696835, 35.604478 ], [ 139.695907, 35.604716 ], [ 139.695632, 35.604786 ], [ 139.69492, 35.60497 ], [ 139.694626, 35.605046 ], [ 139.694352, 35.605126 ], [ 139.693666, 35.605304 ], [ 139.692746, 35.605539 ], [ 139.692282, 35.605644 ], [ 139.692277, 35.605645 ], [ 139.691729, 35.605725 ], [ 139.691115, 35.605782 ], [ 139.690772, 35.605676 ], [ 139.690736, 35.605661 ], [ 139.690316, 35.60549 ], [ 139.690123, 35.605899 ], [ 139.689956, 35.606254 ], [ 139.6899, 35.606461 ], [ 139.689891, 35.6065 ], [ 139.689741, 35.607219 ], [ 139.689694, 35.607441 ], [ 139.689666, 35.60745 ], [ 139.689652, 35.607527 ], [ 139.689643, 35.607578 ], [ 139.689594, 35.607856 ], [ 139.689491, 35.608466 ], [ 139.689835, 35.608553 ], [ 139.690116, 35.608623 ], [ 139.690244, 35.608655 ], [ 139.69071, 35.608779 ], [ 139.691115, 35.608901 ], [ 139.69116, 35.608914 ], [ 139.692068, 35.609159 ], [ 139.692802, 35.609349 ], [ 139.692972, 35.6094 ], [ 139.69321, 35.609493 ], [ 139.693445, 35.609616 ], [ 139.693547, 35.609685 ], [ 139.693746, 35.609553 ], [ 139.693863, 35.609476 ], [ 139.69394, 35.609402 ], [ 139.694222, 35.609202 ], [ 139.694454, 35.608975 ], [ 139.694965, 35.608457 ], [ 139.695131, 35.608198 ], [ 139.695198, 35.608096 ], [ 139.69524, 35.608008 ], [ 139.695331, 35.607745 ], [ 139.695362, 35.607656 ], [ 139.695402, 35.607522 ], [ 139.69545, 35.607432 ], [ 139.695617, 35.607141 ], [ 139.69565, 35.607082 ], [ 139.695962, 35.606554 ], [ 139.696094, 35.606333 ], [ 139.696277, 35.606036 ], [ 139.696456, 35.605784 ] ] ] } },
{ "type": "Feature", "properties": { "key": "大田区|北千束3丁目", "ward": "大田区", "town": "北千束三丁目" }, "geometry": { "type": "Polygon", "coordinates": [ [ [ 139.689594, 35.607856 ], [ 139.689643, 35.607578 ], [ 139.689652, 35.607527 ], [ 139.689666, 35.60745 ], [ 139.689694, 35.607441 ], [ 139.689741, 35.607219 ], [ 139.689891, 35.6065 ], [ 139.6899, 35.606461 ], [ 139.689956, 35.606254 ], [ 139.690123, 35.605899 ], [ 139.690316, 35.60549 ], [ 139.689548, 35.605178 ], [ 139.689543, 35.605176 ], [ 139.688666, 35.604882 ], [ 139.688222, 35.604777 ], [ 139.687785, 35.604684 ], [ 139.687079, 35.604602 ], [ 139.687026, 35.604596 ], [ 139.686586, 35.604547 ], [ 139.685989, 35.604543 ], [ 139.685342, 35.604526 ], [ 139.685031, 35.60453 ], [ 139.685027, 35.604675 ], [ 139.685084, 35.604833 ], [ 139.684771, 35.604895 ], [ 139.684737, 35.6049 ], [ 139.684798, 35.605197 ], [ 139.684984, 35.606384 ], [ 139.685095, 35.606932 ], [ 139.685098, 35.60708 ], [ 139.685088, 35.607278 ], [ 139.685261, 35.607353 ], [ 139.685289, 35.607495 ], [ 139.685892, 35.607749 ], [ 139.686579, 35.607865 ], [ 139.686699, 35.607886 ], [ 139.687164, 35.607968 ], [ 139.687296, 35.607968 ], [ 139.68739, 35.607968 ], [ 139.687419, 35.607974 ], [ 139.687894, 35.60808 ], [ 139.68845, 35.608209 ], [ 139.689491, 35.608466 ], [ 139.689594, 35.607856 ] ] ] } },
{ "type": "Feature", "properties": { "key": "大田区|石川町1丁目", "ward": "大田区", "town": "石川町一丁目" }, "geometry": { "type": "Polygon", "coordinates": [ [ [ 139.682206, 35.604049 ], [ 139.682649, 35.603994 ], [ 139.682836, 35.604073 ], [ 139.682841, 35.604071 ], [ 139.682886, 35.604019 ], [ 139.682827, 35.60391 ], [ 139.682822, 35.603904 ], [ 139.682627, 35.603647 ], [ 139.682715, 35.603375 ], [ 139.682786, 35.603363 ], [ 139.682816, 35.603368 ], [ 139.682866, 35.603222 ], [ 139.68289, 35.603141 ], [ 139.682821, 35.603051 ], [ 139.682998, 35.602675 ], [ 139.683021, 35.602627 ], [ 139.683408, 35.602443 ], [ 139.683431, 35.602432 ], [ 139.683659, 35.60236 ], [ 139.683874, 35.602306 ], [ 139.684194, 35.602261 ], [ 139.684294, 35.602248 ], [ 139.684502, 35.602222 ], [ 139.684621, 35.6022 ], [ 139.68476, 35.602174 ], [ 139.685261, 35.602147 ], [ 139.685267, 35.602155 ], [ 139.685316, 35.601881 ], [ 139.685316, 35.601716 ], [ 139.685333, 35.601512 ], [ 139.685308, 35.601269 ], [ 139.685259, 35.600951 ], [ 139.685232, 35.60063 ], [ 139.685221, 35.600371 ], [ 139.685251, 35.600194 ], [ 139.684577, 35.599985 ], [ 139.684566, 35.600016 ], [ 139.683727, 35.599766 ], [ 139.68359, 35.599725 ], [ 139.683547, 35.599713 ], [ 139.683558, 35.599655 ], [ 139.683003, 35.599861 ], [ 139.682575, 35.600015 ], [ 139.682415, 35.600412 ], [ 139.682406, 35.600623 ], [ 139.682443, 35.600735 ], [ 139.682505, 35.600921 ], [ 139.681928, 35.600956 ], [ 139.681702, 35.60093 ], [ 139.681404, 35.600891 ], [ 139.681146, 35.600854 ], [ 139.6811, 35.600908 ], [ 139.680913, 35.60113 ], [ 139.680768, 35.601105 ], [ 139.680684, 35.601384 ], [ 139.680666, 35.60148 ], [ 139.680673, 35.601614 ], [ 139.680752, 35.602248 ], [ 139.680808, 35.602686 ], [ 139.680824, 35.602998 ], [ 139.680817, 35.603212 ], [ 139.680792, 35.603325 ], [ 139.680722, 35.603685 ], [ 139.680635, 35.604126 ], [ 139.680677, 35.604157 ], [ 139.6809, 35.604204 ], [ 139.68102, 35.604235 ], [ 139.681093, 35.604206 ], [ 139.681155, 35.604157 ], [ 139.681621, 35.604181 ], [ 139.681919, 35.604197 ], [ 139.681912, 35.604235 ], [ 139.682232, 35.604245 ], [ 139.682206, 35.604049 ] ] ] } },
{ "type": "Feature", "properties": { "key": "大田区|石川町2丁目", "ward": "大田区", "town": "石川町二丁目" }, "geometry": { "type": "Polygon", "coordinates": [ [ [ 139.681146, 35.600854 ], [ 139.681404, 35.600891 ], [ 139.681702, 35.60093 ], [ 139.681928, 35.600956 ], [ 139.682505, 35.600921 ], [ 139.682443, 35.600735 ], [ 139.682406, 35.600623 ], [ 139.682415, 35.600412 ], [ 139.682575, 35.600015 ], [ 139.683003, 35.599861 ], [ 139.683558, 35.599655 ], [ 139.683547, 35.599713 ], [ 139.68359, 35.599725 ], [ 139.683727, 35.599766 ], [ 139.684566, 35.600016 ], [ 139.684577, 35.599985 ], [ 139.685251, 35.600194 ], [ 139.685365, 35.600061 ], [ 139.685422, 35.599953 ], [ 139.685567, 35.59975 ], [ 139.685603, 35.599581 ], [ 139.685649, 35.59906 ], [ 139.684982, 35.598666 ], [ 139.684601, 35.598465 ], [ 139.684414, 35.59835 ], [ 139.684302, 35.598276 ], [ 139.68401, 35.598087 ], [ 139.683983, 35.598072 ], [ 139.683922, 35.59804 ], [ 139.683798, 35.597916 ], [ 139.683403, 35.597503 ], [ 139.683228, 35.597317 ], [ 139.683211, 35.5973 ], [ 139.68287, 35.596949 ], [ 139.682659, 35.596679 ], [ 139.682359, 35.596319 ], [ 139.682282, 35.596182 ], [ 139.682122, 35.595978 ], [ 139.68189, 35.595619 ], [ 139.681801, 35.595457 ], [ 139.681637, 35.595157 ], [ 139.681568, 35.595041 ], [ 139.681529, 35.595054 ], [ 139.681296, 35.595054 ], [ 139.681111, 35.595051 ], [ 139.680838, 35.595046 ], [ 139.680819, 35.595553 ], [ 139.680778, 35.596012 ], [ 139.680845, 35.596559 ], [ 139.680854, 35.596637 ], [ 139.680624, 35.597116 ], [ 139.680549, 35.597283 ], [ 139.6805, 35.597308 ], [ 139.680495, 35.597499 ], [ 139.680499, 35.597522 ], [ 139.680784, 35.597837 ], [ 139.680429, 35.597995 ], [ 139.680225, 35.598099 ], [ 139.680222, 35.598198 ], [ 139.680493, 35.598079 ], [ 139.681118, 35.598213 ], [ 139.681117, 35.598219 ], [ 139.681051, 35.598715 ], [ 139.681005, 35.598733 ], [ 139.680667, 35.598734 ], [ 139.680638, 35.59897 ], [ 139.680627, 35.598985 ], [ 139.680621, 35.598993 ], [ 139.680257, 35.598989 ], [ 139.680244, 35.598988 ], [ 139.680247, 35.59876 ], [ 139.680221, 35.598761 ], [ 139.680219, 35.599016 ], [ 139.680234, 35.599291 ], [ 139.680234, 35.599365 ], [ 139.68035, 35.599461 ], [ 139.680343, 35.599651 ], [ 139.680341, 35.600113 ], [ 139.680343, 35.600599 ], [ 139.680783, 35.600553 ], [ 139.6811, 35.600648 ], [ 139.681149, 35.600662 ], [ 139.6811, 35.600718 ], [ 139.680768, 35.601105 ], [ 139.680913, 35.60113 ], [ 139.6811, 35.600908 ], [ 139.681146, 35.600854 ] ] ] } },
{ "type": "Feature", "properties": { "key": "大田区|仲池上1丁目", "ward": "大田区", "town": "仲池上一丁目" }, "geometry": { "type": "Polygon", "coordinates": [ [ [ 139.701217, 35.590086 ], [ 139.701287, 35.589453 ], [ 139.701324, 35.589048 ], [ 139.701389, 35.588726 ], [ 139.701509, 35.588329 ], [ 139.701542, 35.588089 ], [ 139.701569, 35.58791 ], [ 139.701616, 35.587689 ], [ 139.70168, 35.587441 ], [ 139.701722, 35.587108 ], [ 139.701745, 35.587018 ], [ 139.701212, 35.58681 ], [ 139.700974, 35.586723 ], [ 139.700737, 35.586674 ], [ 139.700476, 35.586475 ], [ 139.700263, 35.586352 ], [ 139.699968, 35.586245 ], [ 139.699602, 35.586114 ], [ 139.699307, 35.586018 ], [ 139.69877, 35.585844 ], [ 139.698569, 35.58578 ], [ 139.697901, 35.585569 ], [ 139.697477, 35.585431 ], [ 139.697058, 35.585294 ], [ 139.696527, 35.585109 ], [ 139.696008, 35.585561 ], [ 139.695638, 35.585883 ], [ 139.695545, 35.585952 ], [ 139.694985, 35.586396 ], [ 139.694487, 35.586829 ], [ 139.694129, 35.587113 ], [ 139.693824, 35.587354 ], [ 139.693201, 35.587864 ], [ 139.692987, 35.588064 ], [ 139.693134, 35.588107 ], [ 139.693614, 35.588235 ], [ 139.693719, 35.588266 ], [ 139.694116, 35.588383 ], [ 139.694159, 35.588394 ], [ 139.695419, 35.588726 ], [ 139.695457, 35.588737 ], [ 139.69544, 35.588773 ], [ 139.695905, 35.588902 ], [ 139.696077, 35.58895 ], [ 139.696429, 35.589046 ], [ 139.696511, 35.589066 ], [ 139.696511, 35.589035 ], [ 139.697536, 35.589334 ], [ 139.69844, 35.589584 ], [ 139.698932, 35.589749 ], [ 139.699535, 35.589935 ], [ 139.699534, 35.589915 ], [ 139.699611, 35.589955 ], [ 139.700082, 35.59009 ], [ 139.700633, 35.590247 ], [ 139.700654, 35.590242 ], [ 139.701223, 35.590408 ], [ 139.701232, 35.590399 ], [ 139.701218, 35.590306 ], [ 139.701217, 35.590086 ] ] ] } },
{ "type": "Feature", "properties": { "key": "大田区|仲池上2丁目", "ward": "大田区", "town": "仲池上二丁目" }, "geometry": { "type": "Polygon", "coordinates": [ [ [ 139.700484, 35.57896 ], [ 139.700389, 35.579167 ], [ 139.700152, 35.579676 ], [ 139.699936, 35.580142 ], [ 139.699683, 35.580672 ], [ 139.699353, 35.581365 ], [ 139.699344, 35.581381 ], [ 139.699003, 35.582062 ], [ 139.698838, 35.582454 ], [ 139.698696, 35.582715 ], [ 139.698528, 35.583031 ], [ 139.698251, 35.583372 ], [ 139.698229, 35.583399 ], [ 139.697558, 35.584031 ], [ 139.697374, 35.584252 ], [ 139.697367, 35.584259 ], [ 139.697159, 35.58447 ], [ 139.696922, 35.584709 ], [ 139.696527, 35.585109 ], [ 139.697058, 35.585294 ], [ 139.697477, 35.585431 ], [ 139.697901, 35.585569 ], [ 139.698569, 35.58578 ], [ 139.69877, 35.585844 ], [ 139.699307, 35.586018 ], [ 139.699602, 35.586114 ], [ 139.699968, 35.586245 ], [ 139.700263, 35.586352 ], [ 139.700476, 35.586475 ], [ 139.700737, 35.586674 ], [ 139.700974, 35.586723 ], [ 139.701212, 35.58681 ], [ 139.701745, 35.587018 ], [ 139.701796, 35.586864 ], [ 139.701939, 35.586557 ], [ 139.701957, 35.586471 ], [ 139.702059, 35.586142 ], [ 139.702146, 35.585894 ], [ 139.702174, 35.585711 ], [ 139.702179, 35.585615 ], [ 139.702165, 35.585331 ], [ 139.702166, 35.584964 ], [ 139.702167, 35.584643 ], [ 139.702217, 35.584353 ], [ 139.702273, 35.583866 ], [ 139.702462, 35.583649 ], [ 139.702816, 35.583226 ], [ 139.702839, 35.583125 ], [ 139.70284, 35.582975 ], [ 139.702584, 35.582648 ], [ 139.702442, 35.582464 ], [ 139.702254, 35.582202 ], [ 139.701901, 35.58171 ], [ 139.701888, 35.581683 ], [ 139.701815, 35.581548 ], [ 139.701721, 35.581371 ], [ 139.701456, 35.580892 ], [ 139.70135, 35.580676 ], [ 139.701314, 35.580611 ], [ 139.70129, 35.580568 ], [ 139.701286, 35.580562 ], [ 139.700802, 35.57961 ], [ 139.700785, 35.579575 ], [ 139.700494, 35.57898 ], [ 139.700484, 35.57896 ] ] ] } },
{ "type": "Feature", "properties": { "key": "大田区|東雪谷1丁目", "ward": "大田区", "town": "東雪谷一丁目" }, "geometry": { "type": "Polygon", "coordinates": [ [ [ 139.69093, 35.595041 ], [ 139.690921, 35.595047 ], [ 139.690392, 35.595378 ], [ 139.690384, 35.595386 ], [ 139.690382, 35.595388 ], [ 139.690357, 35.595411 ], [ 139.689992, 35.595743 ], [ 139.689982, 35.595755 ], [ 139.689884, 35.595866 ], [ 139.689675, 35.596067 ], [ 139.689259, 35.596509 ], [ 139.688568, 35.59726 ], [ 139.688484, 35.59739 ], [ 139.688414, 35.597509 ], [ 139.688306, 35.597693 ], [ 139.688049, 35.598087 ], [ 139.687629, 35.598642 ], [ 139.68755, 35.598729 ], [ 139.687321, 35.599007 ], [ 139.686874, 35.599499 ], [ 139.687118, 35.599567 ], [ 139.687558, 35.599696 ], [ 139.687974, 35.59981 ], [ 139.688243, 35.599898 ], [ 139.688333, 35.599906 ], [ 139.688441, 35.599911 ], [ 139.68919, 35.600121 ], [ 139.689476, 35.600161 ], [ 139.689599, 35.600178 ], [ 139.689995, 35.600189 ], [ 139.690377, 35.600206 ], [ 139.691017, 35.600208 ], [ 139.691413, 35.60021 ], [ 139.691474, 35.600035 ], [ 139.691589, 35.599777 ], [ 139.691212, 35.599484 ], [ 139.691113, 35.598947 ], [ 139.691132, 35.598862 ], [ 139.691192, 35.59849 ], [ 139.691233, 35.598215 ], [ 139.691281, 35.597854 ], [ 139.69171, 35.597523 ], [ 139.691722, 35.597513 ], [ 139.692175, 35.597146 ], [ 139.692949, 35.59652 ], [ 139.693512, 35.595794 ], [ 139.693539, 35.595755 ], [ 139.693567, 35.595715 ], [ 139.693477, 35.595677 ], [ 139.69303, 35.595569 ], [ 139.692944, 35.595549 ], [ 139.692394, 35.595477 ], [ 139.692157, 35.595475 ], [ 139.691764, 35.595471 ], [ 139.691321, 35.595249 ], [ 139.69093, 35.595041 ] ] ] } },
{ "type": "Feature", "properties": { "key": "大田区|東雪谷2丁目", "ward": "大田区", "town": "東雪谷二丁目" }, "geometry": { "type": "Polygon", "coordinates": [ [ [ 139.685971, 35.593954 ], [ 139.685964, 35.593966 ], [ 139.685623, 35.594233 ], [ 139.685605, 35.594263 ], [ 139.685463, 35.594376 ], [ 139.685185, 35.594623 ], [ 139.685179, 35.594629 ], [ 139.684791, 35.594924 ], [ 139.684481, 35.595184 ], [ 139.684441, 35.595218 ], [ 139.684084, 35.595509 ], [ 139.683531, 35.595998 ], [ 139.683522, 35.596006 ], [ 139.68307, 35.596374 ], [ 139.682697, 35.596678 ], [ 139.682659, 35.596679 ], [ 139.68287, 35.596949 ], [ 139.683211, 35.5973 ], [ 139.683228, 35.597317 ], [ 139.683403, 35.597503 ], [ 139.683798, 35.597916 ], [ 139.683922, 35.59804 ], [ 139.683983, 35.598072 ], [ 139.68401, 35.598087 ], [ 139.684302, 35.598276 ], [ 139.684414, 35.59835 ], [ 139.684601, 35.598465 ], [ 139.684982, 35.598666 ], [ 139.685649, 35.59906 ], [ 139.685794, 35.599132 ], [ 139.686091, 35.599271 ], [ 139.686874, 35.599499 ], [ 139.687321, 35.599007 ], [ 139.68755, 35.598729 ], [ 139.687629, 35.598642 ], [ 139.688049, 35.598087 ], [ 139.688306, 35.597693 ], [ 139.688414, 35.597509 ], [ 139.688484, 35.59739 ], [ 139.688568, 35.59726 ], [ 139.689259, 35.596509 ], [ 139.688691, 35.596217 ], [ 139.68856, 35.59612 ], [ 139.688553, 35.596114 ], [ 139.688236, 35.595701 ], [ 139.688135, 35.595585 ], [ 139.688009, 35.595413 ], [ 139.687903, 35.595292 ], [ 139.687832, 35.595259 ], [ 139.687474, 35.595096 ], [ 139.687185, 35.594866 ], [ 139.687026, 35.594745 ], [ 139.686698, 35.59449 ], [ 139.686373, 35.59425 ], [ 139.685971, 35.593954 ] ] ] } },
{ "type": "Feature", "properties": { "key": "大田区|東雪谷3丁目", "ward": "大田区", "town": "東雪谷三丁目" }, "geometry": { "type": "Polygon", "coordinates": [ [ [ 139.692241, 35.593425 ], [ 139.691615, 35.592977 ], [ 139.691074, 35.592597 ], [ 139.690924, 35.592501 ], [ 139.690503, 35.592207 ], [ 139.689753, 35.591685 ], [ 139.68917, 35.59127 ], [ 139.689156, 35.591281 ], [ 139.688744, 35.591625 ], [ 139.688298, 35.591981 ], [ 139.687941, 35.592306 ], [ 139.687509, 35.592678 ], [ 139.68708, 35.593032 ], [ 139.686728, 35.593316 ], [ 139.685973, 35.593947 ], [ 139.685964, 35.593939 ], [ 139.685971, 35.593954 ], [ 139.686373, 35.59425 ], [ 139.686698, 35.59449 ], [ 139.687026, 35.594745 ], [ 139.687185, 35.594866 ], [ 139.687474, 35.595096 ], [ 139.687832, 35.595259 ], [ 139.687903, 35.595292 ], [ 139.688009, 35.595413 ], [ 139.688135, 35.595585 ], [ 139.688236, 35.595701 ], [ 139.688553, 35.596114 ], [ 139.68856, 35.59612 ], [ 139.688691, 35.596217 ], [ 139.689259, 35.596509 ], [ 139.689675, 35.596067 ], [ 139.689884, 35.595866 ], [ 139.689982, 35.595755 ], [ 139.689992, 35.595743 ], [ 139.690357, 35.595411 ], [ 139.690382, 35.595388 ], [ 139.690384, 35.595386 ], [ 139.690392, 35.595378 ], [ 139.690921, 35.595047 ], [ 139.691294, 35.594521 ], [ 139.691582, 35.594093 ], [ 139.692241, 35.593425 ] ] ] } },
{ "type": "Feature", "properties": { "key": "大田区|東雪谷4丁目", "ward": "大田区", "town": "東雪谷四丁目" }, "geometry": { "type": "Polygon", "coordinates": [ [ [ 139.69439, 35.594921 ], [ 139.694672, 35.594769 ], [ 139.69483, 35.594667 ], [ 139.695043, 35.594377 ], [ 139.695055, 35.594358 ], [ 139.695277, 35.594035 ], [ 139.695261, 35.594016 ], [ 139.695266, 35.594008 ], [ 139.695556, 35.593493 ], [ 139.695602, 35.593463 ], [ 139.696423, 35.592741 ], [ 139.696443, 35.592724 ], [ 139.696467, 35.592703 ], [ 139.696898, 35.592065 ], [ 139.696905, 35.591987 ], [ 139.696888, 35.591878 ], [ 139.696809, 35.591598 ], [ 139.696734, 35.591367 ], [ 139.696732, 35.591348 ], [ 139.696671, 35.590933 ], [ 139.696646, 35.590757 ], [ 139.69654, 35.590595 ], [ 139.696306, 35.589883 ], [ 139.695316, 35.590511 ], [ 139.694677, 35.590931 ], [ 139.694433, 35.591079 ], [ 139.694031, 35.591343 ], [ 139.693491, 35.591894 ], [ 139.693442, 35.591956 ], [ 139.692732, 35.592861 ], [ 139.692488, 35.593176 ], [ 139.692241, 35.593425 ], [ 139.691582, 35.594093 ], [ 139.691294, 35.594521 ], [ 139.690921, 35.595047 ], [ 139.69093, 35.595041 ], [ 139.691321, 35.595249 ], [ 139.691764, 35.595471 ], [ 139.692157, 35.595475 ], [ 139.692394, 35.595477 ], [ 139.692944, 35.595549 ], [ 139.69303, 35.595569 ], [ 139.693477, 35.595677 ], [ 139.693567, 35.595715 ], [ 139.693539, 35.595755 ], [ 139.693588, 35.595734 ], [ 139.69391, 35.595309 ], [ 139.693953, 35.595252 ], [ 139.694076, 35.595091 ], [ 139.69439, 35.594921 ] ] ] } },
{ "type": "Feature", "properties": { "key": "大田区|東雪谷5丁目", "ward": "大田区", "town": "東雪谷五丁目" }, "geometry": { "type": "Polygon", "coordinates": [ [ [ 139.695905, 35.588902 ], [ 139.69544, 35.588773 ], [ 139.695457, 35.588737 ], [ 139.695419, 35.588726 ], [ 139.694159, 35.588394 ], [ 139.694116, 35.588383 ], [ 139.693719, 35.588266 ], [ 139.693614, 35.588235 ], [ 139.693134, 35.588107 ], [ 139.692987, 35.588064 ], [ 139.692954, 35.588095 ], [ 139.692581, 35.588409 ], [ 139.692345, 35.588614 ], [ 139.692317, 35.588637 ], [ 139.691966, 35.588941 ], [ 139.691923, 35.588908 ], [ 139.691671, 35.589119 ], [ 139.691352, 35.589392 ], [ 139.691346, 35.589398 ], [ 139.690709, 35.589939 ], [ 139.690698, 35.589949 ], [ 139.690288, 35.590304 ], [ 139.690273, 35.590317 ], [ 139.689829, 35.590704 ], [ 139.68917, 35.59127 ], [ 139.689753, 35.591685 ], [ 139.690503, 35.592207 ], [ 139.690924, 35.592501 ], [ 139.691074, 35.592597 ], [ 139.691615, 35.592977 ], [ 139.692241, 35.593425 ], [ 139.692488, 35.593176 ], [ 139.692732, 35.592861 ], [ 139.693442, 35.591956 ], [ 139.693491, 35.591894 ], [ 139.694031, 35.591343 ], [ 139.694433, 35.591079 ], [ 139.694677, 35.590931 ], [ 139.695316, 35.590511 ], [ 139.696306, 35.589883 ], [ 139.696381, 35.589859 ], [ 139.696406, 35.589476 ], [ 139.696429, 35.589046 ], [ 139.696077, 35.58895 ], [ 139.695905, 35.588902 ] ] ] } },
{ "type": "Feature", "properties": { "key": "大田区|南雪谷1丁目", "ward": "大田区", "town": "南雪谷一丁目" }, "geometry": { "type": "Polygon", "coordinates": [ [ [ 139.685386, 35.593489 ], [ 139.685354, 35.59351 ], [ 139.68507, 35.593294 ], [ 139.684678, 35.592996 ], [ 139.684693, 35.592985 ], [ 139.684342, 35.592877 ], [ 139.684301, 35.592863 ], [ 139.683856, 35.592721 ], [ 139.683227, 35.592664 ], [ 139.682627, 35.592654 ], [ 139.682257, 35.592772 ], [ 139.681971, 35.592866 ], [ 139.681656, 35.59297 ], [ 139.681115, 35.593138 ], [ 139.680986, 35.593178 ], [ 139.681114, 35.593682 ], [ 139.681164, 35.593884 ], [ 139.681277, 35.594364 ], [ 139.681372, 35.594686 ], [ 139.681568, 35.595041 ], [ 139.681637, 35.595157 ], [ 139.681801, 35.595457 ], [ 139.68189, 35.595619 ], [ 139.682122, 35.595978 ], [ 139.682282, 35.596182 ], [ 139.682359, 35.596319 ], [ 139.682659, 35.596679 ], [ 139.682697, 35.596678 ], [ 139.68307, 35.596374 ], [ 139.683522, 35.596006 ], [ 139.683531, 35.595998 ], [ 139.684084, 35.595509 ], [ 139.684441, 35.595218 ], [ 139.684481, 35.595184 ], [ 139.684791, 35.594924 ], [ 139.685179, 35.594629 ], [ 139.685185, 35.594623 ], [ 139.685463, 35.594376 ], [ 139.685605, 35.594263 ], [ 139.685623, 35.594233 ], [ 139.685964, 35.593966 ], [ 139.685971, 35.593954 ], [ 139.685964, 35.593939 ], [ 139.685661, 35.593703 ], [ 139.685386, 35.593489 ] ] ] } },
{ "type": "Feature", "properties": { "key": "大田区|南雪谷2丁目", "ward": "大田区", "town": "南雪谷二丁目" }, "geometry": { "type": "Polygon", "coordinates": [ [ [ 139.682627, 35.592654 ], [ 139.683227, 35.592664 ], [ 139.683856, 35.592721 ], [ 139.683962, 35.59219 ], [ 139.684089, 35.591806 ], [ 139.684096, 35.591784 ], [ 139.684236, 35.591193 ], [ 139.683807, 35.591045 ], [ 139.683282, 35.590875 ], [ 139.682871, 35.590732 ], [ 139.68266, 35.590661 ], [ 139.682607, 35.590653 ], [ 139.682134, 35.590497 ], [ 139.682137, 35.590483 ], [ 139.68185, 35.590383 ], [ 139.68175, 35.590359 ], [ 139.681374, 35.590233 ], [ 139.68112, 35.590121 ], [ 139.680912, 35.590028 ], [ 139.680849, 35.589997 ], [ 139.680773, 35.589959 ], [ 139.680736, 35.58994 ], [ 139.680567, 35.589867 ], [ 139.680413, 35.589767 ], [ 139.680065, 35.589545 ], [ 139.679924, 35.58941 ], [ 139.679579, 35.589139 ], [ 139.67882, 35.588571 ], [ 139.678369, 35.588311 ], [ 139.678018, 35.588869 ], [ 139.677881, 35.589098 ], [ 139.678362, 35.589404 ], [ 139.678398, 35.589426 ], [ 139.678786, 35.589816 ], [ 139.678866, 35.589895 ], [ 139.679071, 35.590103 ], [ 139.679097, 35.59013 ], [ 139.679327, 35.590368 ], [ 139.679425, 35.590451 ], [ 139.679511, 35.590548 ], [ 139.679624, 35.590676 ], [ 139.679656, 35.590712 ], [ 139.679718, 35.590782 ], [ 139.680033, 35.591152 ], [ 139.680297, 35.591462 ], [ 139.680431, 35.591589 ], [ 139.680493, 35.59172 ], [ 139.680587, 35.591986 ], [ 139.680678, 35.592179 ], [ 139.680811, 35.592569 ], [ 139.680921, 35.59291 ], [ 139.680954, 35.593022 ], [ 139.680958, 35.593045 ], [ 139.680986, 35.593178 ], [ 139.681115, 35.593138 ], [ 139.681656, 35.59297 ], [ 139.681971, 35.592866 ], [ 139.682257, 35.592772 ], [ 139.682627, 35.592654 ] ] ] } },
{ "type": "Feature", "properties": { "key": "大田区|南雪谷3丁目", "ward": "大田区", "town": "南雪谷三丁目" }, "geometry": { "type": "Polygon", "coordinates": [ [ [ 139.686728, 35.593316 ], [ 139.68708, 35.593032 ], [ 139.687509, 35.592678 ], [ 139.687941, 35.592306 ], [ 139.688298, 35.591981 ], [ 139.688744, 35.591625 ], [ 139.689156, 35.591281 ], [ 139.688651, 35.590909 ], [ 139.688126, 35.590547 ], [ 139.687969, 35.590439 ], [ 139.687799, 35.590322 ], [ 139.68768, 35.59024 ], [ 139.687432, 35.59015 ], [ 139.687415, 35.590143 ], [ 139.686813, 35.589961 ], [ 139.686139, 35.589739 ], [ 139.685596, 35.589554 ], [ 139.685137, 35.589407 ], [ 139.684902, 35.589893 ], [ 139.684673, 35.590352 ], [ 139.684486, 35.590726 ], [ 139.684258, 35.59118 ], [ 139.684236, 35.591193 ], [ 139.684096, 35.591784 ], [ 139.684089, 35.591806 ], [ 139.683962, 35.59219 ], [ 139.683856, 35.592721 ], [ 139.684301, 35.592863 ], [ 139.684342, 35.592877 ], [ 139.684693, 35.592985 ], [ 139.684678, 35.592996 ], [ 139.68507, 35.593294 ], [ 139.685354, 35.59351 ], [ 139.685386, 35.593489 ], [ 139.685661, 35.593703 ], [ 139.685964, 35.593939 ], [ 139.685973, 35.593947 ], [ 139.686728, 35.593316 ] ] ] } },
{ "type": "Feature", "properties": { "key": "大田区|南雪谷4丁目", "ward": "大田区", "town": "南雪谷四丁目" }, "geometry": { "type": "Polygon", "coordinates": [ [ [ 139.686042, 35.587589 ], [ 139.684927, 35.587448 ], [ 139.683855, 35.587081 ], [ 139.683695, 35.587411 ], [ 139.683507, 35.587792 ], [ 139.682547, 35.587481 ], [ 139.682101, 35.58839 ], [ 139.681826, 35.589063 ], [ 139.681716, 35.589358 ], [ 139.681662, 35.5895 ], [ 139.681523, 35.589867 ], [ 139.681374, 35.590233 ], [ 139.68175, 35.590359 ], [ 139.68185, 35.590383 ], [ 139.682137, 35.590483 ], [ 139.682134, 35.590497 ], [ 139.682607, 35.590653 ], [ 139.68266, 35.590661 ], [ 139.682871, 35.590732 ], [ 139.683282, 35.590875 ], [ 139.683807, 35.591045 ], [ 139.684236, 35.591193 ], [ 139.684258, 35.59118 ], [ 139.684486, 35.590726 ], [ 139.684673, 35.590352 ], [ 139.684902, 35.589893 ], [ 139.685137, 35.589407 ], [ 139.685336, 35.589017 ], [ 139.685608, 35.588481 ], [ 139.6858, 35.58807 ], [ 139.685815, 35.588041 ], [ 139.686042, 35.587589 ] ] ] } },
{ "type": "Feature", "properties": { "key": "大田区|南雪谷5丁目", "ward": "大田区", "town": "南雪谷五丁目" }, "geometry": { "type": "Polygon", "coordinates": [ [ [ 139.691923, 35.588908 ], [ 139.691966, 35.588941 ], [ 139.692317, 35.588637 ], [ 139.692345, 35.588614 ], [ 139.692581, 35.588409 ], [ 139.692954, 35.588095 ], [ 139.691757, 35.587716 ], [ 139.691566, 35.587647 ], [ 139.690126, 35.587238 ], [ 139.689922, 35.587189 ], [ 139.689852, 35.587247 ], [ 139.689673, 35.58738 ], [ 139.68951, 35.587516 ], [ 139.689226, 35.58775 ], [ 139.688911, 35.588014 ], [ 139.688591, 35.588264 ], [ 139.68817, 35.588626 ], [ 139.687718, 35.58827 ], [ 139.687546, 35.588143 ], [ 139.686824, 35.587899 ], [ 139.686844, 35.587871 ], [ 139.686042, 35.587589 ], [ 139.685815, 35.588041 ], [ 139.6858, 35.58807 ], [ 139.685608, 35.588481 ], [ 139.685336, 35.589017 ], [ 139.685137, 35.589407 ], [ 139.685596, 35.589554 ], [ 139.686139, 35.589739 ], [ 139.686813, 35.589961 ], [ 139.687415, 35.590143 ], [ 139.687432, 35.59015 ], [ 139.68768, 35.59024 ], [ 139.687799, 35.590322 ], [ 139.687969, 35.590439 ], [ 139.688126, 35.590547 ], [ 139.688651, 35.590909 ], [ 139.689156, 35.591281 ], [ 139.68917, 35.59127 ], [ 139.689829, 35.590704 ], [ 139.690273, 35.590317 ], [ 139.690288, 35.590304 ], [ 139.690698, 35.589949 ], [ 139.690709, 35.589939 ], [ 139.691346, 35.589398 ], [ 139.691352, 35.589392 ], [ 139.691671, 35.589119 ], [ 139.691923, 35.588908 ] ] ] } },
{ "type": "Feature", "properties": { "key": "大田区|上池台1丁目", "ward": "大田区", "town": "上池台一丁目" }, "geometry": { "type": "Polygon", "coordinates": [ [ [ 139.700865, 35.601647 ], [ 139.700923, 35.601613 ], [ 139.699947, 35.601671 ], [ 139.699949, 35.601668 ], [ 139.699982, 35.601619 ], [ 139.700371, 35.601323 ], [ 139.700634, 35.601119 ], [ 139.70069, 35.601076 ], [ 139.700917, 35.600873 ], [ 139.701227, 35.600624 ], [ 139.701238, 35.600613 ], [ 139.701119, 35.600485 ], [ 139.70092, 35.60027 ], [ 139.700797, 35.600122 ], [ 139.700556, 35.599864 ], [ 139.700349, 35.599611 ], [ 139.699864, 35.599075 ], [ 139.699666, 35.598585 ], [ 139.699591, 35.598358 ], [ 139.699231, 35.598364 ], [ 139.699146, 35.598378 ], [ 139.698912, 35.598451 ], [ 139.698824, 35.598508 ], [ 139.698657, 35.598522 ], [ 139.698215, 35.59853 ], [ 139.698141, 35.59847 ], [ 139.698064, 35.59833 ], [ 139.697994, 35.598224 ], [ 139.697405, 35.597973 ], [ 139.697222, 35.59815 ], [ 139.697198, 35.598173 ], [ 139.697109, 35.598285 ], [ 139.696958, 35.59846 ], [ 139.696622, 35.598798 ], [ 139.696459, 35.598989 ], [ 139.696199, 35.5993 ], [ 139.695938, 35.599629 ], [ 139.695525, 35.600169 ], [ 139.695147, 35.600632 ], [ 139.694968, 35.600863 ], [ 139.694807, 35.601084 ], [ 139.694708, 35.601189 ], [ 139.694673, 35.601233 ], [ 139.694491, 35.601464 ], [ 139.694323, 35.601678 ], [ 139.694549, 35.601809 ], [ 139.69456, 35.601804 ], [ 139.695188, 35.602237 ], [ 139.695287, 35.602306 ], [ 139.695704, 35.602596 ], [ 139.696409, 35.603058 ], [ 139.697439, 35.603675 ], [ 139.69773, 35.603891 ], [ 139.697943, 35.604072 ], [ 139.697979, 35.604039 ], [ 139.698302, 35.603744 ], [ 139.698491, 35.603582 ], [ 139.698643, 35.603436 ], [ 139.699042, 35.603071 ], [ 139.699196, 35.602975 ], [ 139.699264, 35.602928 ], [ 139.699512, 35.602759 ], [ 139.699659, 35.602639 ], [ 139.699782, 35.602539 ], [ 139.699988, 35.602398 ], [ 139.700225, 35.602216 ], [ 139.700535, 35.601951 ], [ 139.700865, 35.601647 ] ] ] } },
{ "type": "Feature", "properties": { "key": "大田区|上池台2丁目", "ward": "大田区", "town": "上池台二丁目" }, "geometry": { "type": "Polygon", "coordinates": [ [ [ 139.692949, 35.59652 ], [ 139.692175, 35.597146 ], [ 139.691722, 35.597513 ], [ 139.69171, 35.597523 ], [ 139.691281, 35.597854 ], [ 139.691233, 35.598215 ], [ 139.691192, 35.59849 ], [ 139.691132, 35.598862 ], [ 139.691113, 35.598947 ], [ 139.691212, 35.599484 ], [ 139.691589, 35.599777 ], [ 139.691474, 35.600035 ], [ 139.691413, 35.60021 ], [ 139.69172, 35.600258 ], [ 139.691862, 35.600295 ], [ 139.692124, 35.600347 ], [ 139.692471, 35.600454 ], [ 139.692752, 35.600564 ], [ 139.692963, 35.600691 ], [ 139.693073, 35.600785 ], [ 139.693629, 35.601181 ], [ 139.693732, 35.601269 ], [ 139.693743, 35.601279 ], [ 139.694323, 35.601678 ], [ 139.694491, 35.601464 ], [ 139.694673, 35.601233 ], [ 139.694708, 35.601189 ], [ 139.694807, 35.601084 ], [ 139.694968, 35.600863 ], [ 139.695147, 35.600632 ], [ 139.695525, 35.600169 ], [ 139.695938, 35.599629 ], [ 139.696199, 35.5993 ], [ 139.696459, 35.598989 ], [ 139.696622, 35.598798 ], [ 139.696958, 35.59846 ], [ 139.697109, 35.598285 ], [ 139.697198, 35.598173 ], [ 139.697222, 35.59815 ], [ 139.697405, 35.597973 ], [ 139.697381, 35.597965 ], [ 139.696859, 35.597791 ], [ 139.696375, 35.597749 ], [ 139.696351, 35.597741 ], [ 139.695633, 35.597517 ], [ 139.695538, 35.597488 ], [ 139.695514, 35.597481 ], [ 139.694885, 35.597292 ], [ 139.694112, 35.59706 ], [ 139.694104, 35.597057 ], [ 139.693856, 35.596952 ], [ 139.69378, 35.596917 ], [ 139.693359, 35.596721 ], [ 139.692949, 35.59652 ] ] ] } },
{ "type": "Feature", "properties": { "key": "大田区|上池台3丁目", "ward": "大田区", "town": "上池台三丁目" }, "geometry": { "type": "Polygon", "coordinates": [ [ [ 139.699305, 35.594866 ], [ 139.699314, 35.594877 ], [ 139.699658, 35.594668 ], [ 139.700009, 35.594456 ], [ 139.699468, 35.59385 ], [ 139.699239, 35.5936 ], [ 139.699036, 35.593378 ], [ 139.698868, 35.593158 ], [ 139.698696, 35.592932 ], [ 139.698666, 35.592892 ], [ 139.698244, 35.592328 ], [ 139.698235, 35.592315 ], [ 139.697767, 35.591715 ], [ 139.69775, 35.591694 ], [ 139.697344, 35.591171 ], [ 139.697158, 35.59092 ], [ 139.696919, 35.590615 ], [ 139.696764, 35.590409 ], [ 139.696381, 35.589859 ], [ 139.696306, 35.589883 ], [ 139.69654, 35.590595 ], [ 139.696646, 35.590757 ], [ 139.696671, 35.590933 ], [ 139.696732, 35.591348 ], [ 139.696734, 35.591367 ], [ 139.696809, 35.591598 ], [ 139.696888, 35.591878 ], [ 139.696905, 35.591987 ], [ 139.696898, 35.592065 ], [ 139.696467, 35.592703 ], [ 139.696443, 35.592724 ], [ 139.696423, 35.592741 ], [ 139.695602, 35.593463 ], [ 139.695556, 35.593493 ], [ 139.695266, 35.594008 ], [ 139.695261, 35.594016 ], [ 139.695277, 35.594035 ], [ 139.695055, 35.594358 ], [ 139.695043, 35.594377 ], [ 139.69483, 35.594667 ], [ 139.694672, 35.594769 ], [ 139.69439, 35.594921 ], [ 139.694076, 35.595091 ], [ 139.693953, 35.595252 ], [ 139.69391, 35.595309 ], [ 139.693588, 35.595734 ], [ 139.693539, 35.595755 ], [ 139.693512, 35.595794 ], [ 139.692949, 35.59652 ], [ 139.693359, 35.596721 ], [ 139.69378, 35.596917 ], [ 139.693856, 35.596952 ], [ 139.694104, 35.597057 ], [ 139.694112, 35.59706 ], [ 139.694885, 35.597292 ], [ 139.695514, 35.597481 ], [ 139.695538, 35.597488 ], [ 139.695633, 35.597517 ], [ 139.696351, 35.597741 ], [ 139.696375, 35.597749 ], [ 139.696859, 35.597791 ], [ 139.697381, 35.597965 ], [ 139.697615, 35.59752 ], [ 139.697753, 35.596946 ], [ 139.69781, 35.596566 ], [ 139.697925, 35.595895 ], [ 139.698218, 35.595525 ], [ 139.698589, 35.5953 ], [ 139.698892, 35.595117 ], [ 139.698923, 35.595098 ], [ 139.699305, 35.594866 ] ] ] } },
{ "type": "Feature", "properties": { "key": "大田区|上池台4丁目", "ward": "大田区", "town": "上池台四丁目" }, "geometry": { "type": "Polygon", "coordinates": [ [ [ 139.703543, 35.59825 ], [ 139.703498, 35.598258 ], [ 139.703481, 35.598174 ], [ 139.702874, 35.597525 ], [ 139.702405, 35.597025 ], [ 139.702171, 35.59677 ], [ 139.702047, 35.596635 ], [ 139.701644, 35.596195 ], [ 139.70163, 35.59618 ], [ 139.70109, 35.595614 ], [ 139.700788, 35.595297 ], [ 139.700778, 35.595287 ], [ 139.700059, 35.59451 ], [ 139.700009, 35.594456 ], [ 139.699658, 35.594668 ], [ 139.699314, 35.594877 ], [ 139.699305, 35.594866 ], [ 139.698923, 35.595098 ], [ 139.698892, 35.595117 ], [ 139.698589, 35.5953 ], [ 139.698218, 35.595525 ], [ 139.697925, 35.595895 ], [ 139.69781, 35.596566 ], [ 139.697753, 35.596946 ], [ 139.697615, 35.59752 ], [ 139.697381, 35.597965 ], [ 139.697405, 35.597973 ], [ 139.697994, 35.598224 ], [ 139.698064, 35.59833 ], [ 139.698141, 35.59847 ], [ 139.698215, 35.59853 ], [ 139.698657, 35.598522 ], [ 139.698824, 35.598508 ], [ 139.698912, 35.598451 ], [ 139.699146, 35.598378 ], [ 139.699231, 35.598364 ], [ 139.699591, 35.598358 ], [ 139.699666, 35.598585 ], [ 139.699864, 35.599075 ], [ 139.700349, 35.599611 ], [ 139.700556, 35.599864 ], [ 139.700797, 35.600122 ], [ 139.70092, 35.60027 ], [ 139.701119, 35.600485 ], [ 139.701238, 35.600613 ], [ 139.701347, 35.600532 ], [ 139.701485, 35.60045 ], [ 139.701732, 35.600341 ], [ 139.70182, 35.600311 ], [ 139.701904, 35.600263 ], [ 139.702122, 35.600174 ], [ 139.702464, 35.600014 ], [ 139.702835, 35.599857 ], [ 139.70309, 35.599745 ], [ 139.703104, 35.59974 ], [ 139.703429, 35.599591 ], [ 139.703699, 35.599469 ], [ 139.703712, 35.599463 ], [ 139.703667, 35.599158 ], [ 139.703627, 35.598892 ], [ 139.703608, 35.598745 ], [ 139.703543, 35.59825 ] ] ] } },
{ "type": "Feature", "properties": { "key": "大田区|上池台5丁目", "ward": "大田区", "town": "上池台五丁目" }, "geometry": { "type": "Polygon", "coordinates": [ [ [ 139.700654, 35.590242 ], [ 139.700633, 35.590247 ], [ 139.700082, 35.59009 ], [ 139.699611, 35.589955 ], [ 139.699534, 35.589915 ], [ 139.699535, 35.589935 ], [ 139.698932, 35.589749 ], [ 139.69844, 35.589584 ], [ 139.697536, 35.589334 ], [ 139.696511, 35.589035 ], [ 139.696511, 35.589066 ], [ 139.696429, 35.589046 ], [ 139.696406, 35.589476 ], [ 139.696381, 35.589859 ], [ 139.696764, 35.590409 ], [ 139.696919, 35.590615 ], [ 139.697158, 35.59092 ], [ 139.697344, 35.591171 ], [ 139.69775, 35.591694 ], [ 139.697767, 35.591715 ], [ 139.698235, 35.592315 ], [ 139.698244, 35.592328 ], [ 139.698666, 35.592892 ], [ 139.698696, 35.592932 ], [ 139.698868, 35.593158 ], [ 139.699036, 35.593378 ], [ 139.699239, 35.5936 ], [ 139.699468, 35.59385 ], [ 139.700009, 35.594456 ], [ 139.700059, 35.59451 ], [ 139.700778, 35.595287 ], [ 139.700788, 35.595297 ], [ 139.70109, 35.595614 ], [ 139.70163, 35.59618 ], [ 139.701644, 35.596195 ], [ 139.702047, 35.596635 ], [ 139.702171, 35.59677 ], [ 139.702405, 35.597025 ], [ 139.702874, 35.597525 ], [ 139.703481, 35.598174 ], [ 139.703416, 35.597935 ], [ 139.703382, 35.597843 ], [ 139.703192, 35.597526 ], [ 139.70311, 35.597387 ], [ 139.703086, 35.597351 ], [ 139.703051, 35.597146 ], [ 139.703092, 35.597046 ], [ 139.703256, 35.596748 ], [ 139.70328, 35.596672 ], [ 139.703271, 35.596427 ], [ 139.70319, 35.596135 ], [ 139.703186, 35.596105 ], [ 139.70313, 35.59577 ], [ 139.703125, 35.59551 ], [ 139.703126, 35.595421 ], [ 139.703134, 35.595311 ], [ 139.703123, 35.595096 ], [ 139.703093, 35.594979 ], [ 139.703056, 35.594871 ], [ 139.703035, 35.594803 ], [ 139.702962, 35.594428 ], [ 139.702884, 35.594108 ], [ 139.702828, 35.593974 ], [ 139.702818, 35.593949 ], [ 139.702671, 35.59344 ], [ 139.702557, 35.59315 ], [ 139.702229, 35.592916 ], [ 139.701958, 35.592608 ], [ 139.701604, 35.592203 ], [ 139.701534, 35.592 ], [ 139.701502, 35.591875 ], [ 139.701387, 35.591331 ], [ 139.701271, 35.591044 ], [ 139.701254, 35.590911 ], [ 139.701223, 35.590408 ], [ 139.700654, 35.590242 ] ] ] } },
{ "type": "Feature", "properties": { "key": "大田区|東糀谷1丁目", "ward": "大田区", "town": "東糀谷一丁目" }, "geometry": { "type": "Polygon", "coordinates": [ [ [ 139.74279, 35.560423 ], [ 139.7428, 35.560411 ], [ 139.742703, 35.559672 ], [ 139.742703, 35.559656 ], [ 139.742523, 35.559123 ], [ 139.742484, 35.558935 ], [ 139.742489, 35.558927 ], [ 139.74248, 35.55885 ], [ 139.742491, 35.558774 ], [ 139.742509, 35.558636 ], [ 139.742479, 35.557994 ], [ 139.742455, 35.557584 ], [ 139.742428, 35.557127 ], [ 139.742116, 35.557125 ], [ 139.741842, 35.557124 ], [ 139.741415, 35.557122 ], [ 139.740619, 35.557117 ], [ 139.740201, 35.557103 ], [ 139.739272, 35.557099 ], [ 139.738867, 35.55709 ], [ 139.738818, 35.557238 ], [ 139.738768, 35.557401 ], [ 139.73872, 35.557555 ], [ 139.73872, 35.557556 ], [ 139.738642, 35.557811 ], [ 139.738555, 35.558091 ], [ 139.738422, 35.558594 ], [ 139.73842, 35.5586 ], [ 139.738308, 35.558973 ], [ 139.738163, 35.559456 ], [ 139.738162, 35.55946 ], [ 139.737982, 35.560099 ], [ 139.737979, 35.56011 ], [ 139.737759, 35.560846 ], [ 139.73774, 35.560937 ], [ 139.738295, 35.560963 ], [ 139.739124, 35.561002 ], [ 139.739805, 35.561036 ], [ 139.739826, 35.561035 ], [ 139.740423, 35.561049 ], [ 139.74092, 35.56106 ], [ 139.741667, 35.561086 ], [ 139.742164, 35.561109 ], [ 139.742524, 35.561119 ], [ 139.742749, 35.561113 ], [ 139.74279, 35.560423 ] ] ] } },
{ "type": "Feature", "properties": { "key": "大田区|東糀谷2丁目", "ward": "大田区", "town": "東糀谷二丁目" }, "geometry": { "type": "Polygon", "coordinates": [ [ [ 139.740817, 35.553637 ], [ 139.74075, 35.553637 ], [ 139.740644, 35.553666 ], [ 139.740363, 35.5538 ], [ 139.740083, 35.553896 ], [ 139.739803, 35.553906 ], [ 139.739789, 35.553954 ], [ 139.739686, 35.5543 ], [ 139.739667, 35.554352 ], [ 139.739497, 35.554931 ], [ 139.739491, 35.554948 ], [ 139.739281, 35.555667 ], [ 139.739278, 35.555678 ], [ 139.7391, 35.556306 ], [ 139.739034, 35.556552 ], [ 139.739008, 35.556653 ], [ 139.738867, 35.55709 ], [ 139.739272, 35.557099 ], [ 139.740201, 35.557103 ], [ 139.740619, 35.557117 ], [ 139.741415, 35.557122 ], [ 139.741842, 35.557124 ], [ 139.742116, 35.557125 ], [ 139.742428, 35.557127 ], [ 139.74236, 35.556709 ], [ 139.742287, 35.55629 ], [ 139.742272, 35.555954 ], [ 139.742273, 35.555503 ], [ 139.742254, 35.555402 ], [ 139.742264, 35.554982 ], [ 139.742269, 35.554689 ], [ 139.742249, 35.554535 ], [ 139.742222, 35.554324 ], [ 139.742204, 35.554105 ], [ 139.742215, 35.553901 ], [ 139.742219, 35.553823 ], [ 139.742207, 35.553718 ], [ 139.742119, 35.5537 ], [ 139.741816, 35.553676 ], [ 139.741774, 35.553675 ], [ 139.741452, 35.553662 ], [ 139.740817, 35.553637 ] ] ] } },
{ "type": "Feature", "properties": { "key": "大田区|東糀谷3丁目", "ward": "大田区", "town": "東糀谷三丁目" }, "geometry": { "type": "Polygon", "coordinates": [ [ [ 139.74615, 35.553482 ], [ 139.746135, 35.553452 ], [ 139.74583, 35.552662 ], [ 139.745645, 35.552069 ], [ 139.745584, 35.55191 ], [ 139.745443, 35.55193 ], [ 139.744988, 35.551991 ], [ 139.744613, 35.552041 ], [ 139.744554, 35.552055 ], [ 139.743851, 35.552152 ], [ 139.74378, 35.552151 ], [ 139.74313, 35.552239 ], [ 139.742955, 35.552256 ], [ 139.742438, 35.552307 ], [ 139.741902, 35.552351 ], [ 139.74038, 35.55249 ], [ 139.740226, 35.55251 ], [ 139.740141, 35.552772 ], [ 139.740066, 35.553039 ], [ 139.739936, 35.553467 ], [ 139.739903, 35.553577 ], [ 139.739803, 35.553906 ], [ 139.740083, 35.553896 ], [ 139.740363, 35.5538 ], [ 139.740644, 35.553666 ], [ 139.74075, 35.553637 ], [ 139.740817, 35.553637 ], [ 139.741452, 35.553662 ], [ 139.741774, 35.553675 ], [ 139.741816, 35.553676 ], [ 139.742119, 35.5537 ], [ 139.742207, 35.553718 ], [ 139.742324, 35.55363 ], [ 139.742632, 35.553708 ], [ 139.743198, 35.553776 ], [ 139.74335, 35.553779 ], [ 139.743486, 35.553786 ], [ 139.744294, 35.553831 ], [ 139.744827, 35.553862 ], [ 139.745089, 35.553913 ], [ 139.745399, 35.553992 ], [ 139.746473, 35.5543 ], [ 139.746444, 35.554198 ], [ 139.74615, 35.553482 ] ] ] } },
{ "type": "Feature", "properties": { "key": "大田区|東糀谷4丁目", "ward": "大田区", "town": "東糀谷四丁目" }, "geometry": { "type": "Polygon", "coordinates": [ [ [ 139.746444, 35.554198 ], [ 139.746473, 35.5543 ], [ 139.745399, 35.553992 ], [ 139.745089, 35.553913 ], [ 139.744827, 35.553862 ], [ 139.744294, 35.553831 ], [ 139.743486, 35.553786 ], [ 139.74335, 35.553779 ], [ 139.743198, 35.553776 ], [ 139.742632, 35.553708 ], [ 139.742324, 35.55363 ], [ 139.742207, 35.553718 ], [ 139.742219, 35.553823 ], [ 139.742215, 35.553901 ], [ 139.742204, 35.554105 ], [ 139.742222, 35.554324 ], [ 139.742249, 35.554535 ], [ 139.742269, 35.554689 ], [ 139.742264, 35.554982 ], [ 139.742254, 35.555402 ], [ 139.742273, 35.555503 ], [ 139.742272, 35.555954 ], [ 139.742287, 35.55629 ], [ 139.74236, 35.556709 ], [ 139.742428, 35.557127 ], [ 139.743672, 35.557147 ], [ 139.744181, 35.557152 ], [ 139.744308, 35.557153 ], [ 139.74487, 35.557159 ], [ 139.745929, 35.557207 ], [ 139.746817, 35.557216 ], [ 139.747367, 35.55721 ], [ 139.747469, 35.557209 ], [ 139.747579, 35.55675 ], [ 139.747645, 35.556435 ], [ 139.747711, 35.556078 ], [ 139.747772, 35.555809 ], [ 139.747831, 35.5555 ], [ 139.747959, 35.554868 ], [ 139.747912, 35.554846 ], [ 139.74737, 35.554592 ], [ 139.747195, 35.55451 ], [ 139.746826, 35.554349 ], [ 139.746444, 35.554198 ] ] ] } },
{ "type": "Feature", "properties": { "key": "大田区|東糀谷5丁目", "ward": "大田区", "town": "東糀谷五丁目" }, "geometry": { "type": "Polygon", "coordinates": [ [ [ 139.743563, 35.561094 ], [ 139.743652, 35.561103 ], [ 139.744218, 35.561079 ], [ 139.744636, 35.561061 ], [ 139.74592, 35.561016 ], [ 139.746675, 35.560985 ], [ 139.746996, 35.560974 ], [ 139.747047, 35.560255 ], [ 139.747125, 35.558897 ], [ 139.747181, 35.55864 ], [ 139.747201, 35.558505 ], [ 139.747288, 35.558099 ], [ 139.74727, 35.558048 ], [ 139.747367, 35.55764 ], [ 139.747469, 35.557209 ], [ 139.747367, 35.55721 ], [ 139.746817, 35.557216 ], [ 139.745929, 35.557207 ], [ 139.74487, 35.557159 ], [ 139.744308, 35.557153 ], [ 139.744181, 35.557152 ], [ 139.743672, 35.557147 ], [ 139.742428, 35.557127 ], [ 139.742455, 35.557584 ], [ 139.742479, 35.557994 ], [ 139.742509, 35.558636 ], [ 139.742491, 35.558774 ], [ 139.74248, 35.55885 ], [ 139.742489, 35.558927 ], [ 139.742484, 35.558935 ], [ 139.742523, 35.559123 ], [ 139.742703, 35.559656 ], [ 139.742703, 35.559672 ], [ 139.7428, 35.560411 ], [ 139.74279, 35.560423 ], [ 139.742749, 35.561113 ], [ 139.742759, 35.561113 ], [ 139.743042, 35.561118 ], [ 139.743563, 35.561094 ] ] ] } },
{ "type": "Feature", "properties": { "key": "大田区|東糀谷6丁目", "ward": "大田区", "town": "東糀谷六丁目" }, "geometry": { "type": "Polygon", "coordinates": [ [ [ 139.752137, 35.559792 ], [ 139.751802, 35.559808 ], [ 139.751757, 35.559562 ], [ 139.751684, 35.559153 ], [ 139.751706, 35.559062 ], [ 139.751728, 35.558947 ], [ 139.751695, 35.558809 ], [ 139.751337, 35.558759 ], [ 139.751392, 35.558548 ], [ 139.751353, 35.557281 ], [ 139.751358, 35.55707 ], [ 139.751338, 35.556777 ], [ 139.751661, 35.556671 ], [ 139.751734, 35.556552 ], [ 139.751611, 35.556498 ], [ 139.749921, 35.555765 ], [ 139.749353, 35.55552 ], [ 139.748792, 35.555278 ], [ 139.748765, 35.555264 ], [ 139.747959, 35.554868 ], [ 139.747831, 35.5555 ], [ 139.747772, 35.555809 ], [ 139.747711, 35.556078 ], [ 139.747645, 35.556435 ], [ 139.747579, 35.55675 ], [ 139.747469, 35.557209 ], [ 139.747367, 35.55764 ], [ 139.74727, 35.558048 ], [ 139.747288, 35.558099 ], [ 139.747201, 35.558505 ], [ 139.747181, 35.55864 ], [ 139.747125, 35.558897 ], [ 139.747047, 35.560255 ], [ 139.746996, 35.560974 ], [ 139.747363, 35.560961 ], [ 139.748118, 35.560934 ], [ 139.749137, 35.560884 ], [ 139.750241, 35.560854 ], [ 139.750308, 35.560853 ], [ 139.751841, 35.560789 ], [ 139.751782, 35.560544 ], [ 139.751757, 35.560093 ], [ 139.751938, 35.560074 ], [ 139.752131, 35.560065 ], [ 139.752167, 35.560016 ], [ 139.752137, 35.559792 ] ] ] } },
{ "type": "Feature", "properties": { "key": "大田区|西糀谷1丁目", "ward": "大田区", "town": "西糀谷一丁目" }, "geometry": { "type": "Polygon", "coordinates": [ [ [ 139.733058, 35.560045 ], [ 139.733318, 35.559937 ], [ 139.733285, 35.559788 ], [ 139.733203, 35.559354 ], [ 139.733193, 35.559154 ], [ 139.73325, 35.55896 ], [ 139.733385, 35.558594 ], [ 139.733425, 35.557996 ], [ 139.73343, 35.557556 ], [ 139.733397, 35.557415 ], [ 139.733223, 35.557139 ], [ 139.733201, 35.556977 ], [ 139.732706, 35.556981 ], [ 139.732192, 35.557 ], [ 139.731722, 35.556992 ], [ 139.731703, 35.556993 ], [ 139.731364, 35.557008 ], [ 139.730922, 35.556936 ], [ 139.730654, 35.556893 ], [ 139.730038, 35.55678 ], [ 139.729398, 35.556757 ], [ 139.729034, 35.556743 ], [ 139.729039, 35.556731 ], [ 139.728588, 35.556711 ], [ 139.728128, 35.556695 ], [ 139.727599, 35.556678 ], [ 139.727423, 35.556666 ], [ 139.72739, 35.556695 ], [ 139.727115, 35.556933 ], [ 139.727149, 35.55699 ], [ 139.727155, 35.557002 ], [ 139.727373, 35.557388 ], [ 139.72751, 35.557812 ], [ 139.727524, 35.557853 ], [ 139.727614, 35.55813 ], [ 139.727622, 35.558152 ], [ 139.727631, 35.558177 ], [ 139.727652, 35.55824 ], [ 139.727702, 35.558389 ], [ 139.727881, 35.558918 ], [ 139.727963, 35.559161 ], [ 139.728064, 35.559435 ], [ 139.728082, 35.559484 ], [ 139.728119, 35.559578 ], [ 139.728156, 35.55967 ], [ 139.728346, 35.560179 ], [ 139.728371, 35.560335 ], [ 139.728571, 35.560375 ], [ 139.729243, 35.560509 ], [ 139.729597, 35.560581 ], [ 139.729778, 35.560595 ], [ 139.730365, 35.560654 ], [ 139.730784, 35.56067 ], [ 139.730863, 35.560673 ], [ 139.731629, 35.560702 ], [ 139.731675, 35.560698 ], [ 139.732413, 35.560727 ], [ 139.732977, 35.560742 ], [ 139.733009, 35.560749 ], [ 139.733055, 35.560746 ], [ 139.733058, 35.560045 ] ] ] } },
{ "type": "Feature", "properties": { "key": "大田区|西糀谷2丁目", "ward": "大田区", "town": "西糀谷二丁目" }, "geometry": { "type": "Polygon", "coordinates": [ [ [ 139.738867, 35.55709 ], [ 139.738539, 35.557089 ], [ 139.737879, 35.557088 ], [ 139.736879, 35.55707 ], [ 139.736011, 35.557049 ], [ 139.735639, 35.557039 ], [ 139.735627, 35.557039 ], [ 139.73499, 35.557031 ], [ 139.734969, 35.557033 ], [ 139.734573, 35.557095 ], [ 139.734498, 35.557092 ], [ 139.733842, 35.557108 ], [ 139.733617, 35.557114 ], [ 139.733201, 35.556977 ], [ 139.733223, 35.557139 ], [ 139.733397, 35.557415 ], [ 139.73343, 35.557556 ], [ 139.733425, 35.557996 ], [ 139.733385, 35.558594 ], [ 139.73325, 35.55896 ], [ 139.733193, 35.559154 ], [ 139.733203, 35.559354 ], [ 139.733285, 35.559788 ], [ 139.733318, 35.559937 ], [ 139.733058, 35.560045 ], [ 139.733055, 35.560746 ], [ 139.733613, 35.560769 ], [ 139.733639, 35.560771 ], [ 139.733724, 35.560774 ], [ 139.734255, 35.560794 ], [ 139.734971, 35.56082 ], [ 139.735408, 35.560837 ], [ 139.735686, 35.560848 ], [ 139.736003, 35.56086 ], [ 139.736017, 35.560861 ], [ 139.737077, 35.560907 ], [ 139.737101, 35.560909 ], [ 139.737686, 35.560935 ], [ 139.73774, 35.560937 ], [ 139.737759, 35.560846 ], [ 139.737979, 35.56011 ], [ 139.737982, 35.560099 ], [ 139.738162, 35.55946 ], [ 139.738163, 35.559456 ], [ 139.738308, 35.558973 ], [ 139.73842, 35.5586 ], [ 139.738422, 35.558594 ], [ 139.738555, 35.558091 ], [ 139.738642, 35.557811 ], [ 139.73872, 35.557556 ], [ 139.73872, 35.557555 ], [ 139.738768, 35.557401 ], [ 139.738818, 35.557238 ], [ 139.738867, 35.55709 ] ] ] } },
{ "type": "Feature", "properties": { "key": "大田区|西糀谷3丁目", "ward": "大田区", "town": "西糀谷三丁目" }, "geometry": { "type": "Polygon", "coordinates": [ [ [ 139.734498, 35.557092 ], [ 139.734573, 35.557095 ], [ 139.734969, 35.557033 ], [ 139.73499, 35.557031 ], [ 139.735627, 35.557039 ], [ 139.735639, 35.557039 ], [ 139.736011, 35.557049 ], [ 139.736879, 35.55707 ], [ 139.737879, 35.557088 ], [ 139.738539, 35.557089 ], [ 139.738867, 35.55709 ], [ 139.739008, 35.556653 ], [ 139.739034, 35.556552 ], [ 139.7391, 35.556306 ], [ 139.739278, 35.555678 ], [ 139.739281, 35.555667 ], [ 139.739491, 35.554948 ], [ 139.739497, 35.554931 ], [ 139.739667, 35.554352 ], [ 139.739686, 35.5543 ], [ 139.739789, 35.553954 ], [ 139.739803, 35.553906 ], [ 139.739903, 35.553577 ], [ 139.739936, 35.553467 ], [ 139.740066, 35.553039 ], [ 139.740141, 35.552772 ], [ 139.740226, 35.55251 ], [ 139.740295, 35.552254 ], [ 139.740295, 35.552221 ], [ 139.740295, 35.552197 ], [ 139.739672, 35.552257 ], [ 139.739009, 35.552322 ], [ 139.738698, 35.552354 ], [ 139.738362, 35.552389 ], [ 139.737712, 35.552449 ], [ 139.737678, 35.552452 ], [ 139.737032, 35.552512 ], [ 139.736694, 35.552553 ], [ 139.736403, 35.552588 ], [ 139.7357, 35.552657 ], [ 139.73462, 35.552773 ], [ 139.73443, 35.552793 ], [ 139.733479, 35.552831 ], [ 139.733482, 35.553216 ], [ 139.73347, 35.553386 ], [ 139.733467, 35.553834 ], [ 139.733465, 35.554061 ], [ 139.73344, 35.554498 ], [ 139.733397, 35.554869 ], [ 139.733359, 35.555373 ], [ 139.733342, 35.555583 ], [ 139.733334, 35.555712 ], [ 139.733307, 35.556132 ], [ 139.733294, 35.556224 ], [ 139.73329, 35.55625 ], [ 139.733267, 35.556413 ], [ 139.733241, 35.556634 ], [ 139.733217, 35.556843 ], [ 139.733201, 35.556977 ], [ 139.733617, 35.557114 ], [ 139.733842, 35.557108 ], [ 139.734498, 35.557092 ] ] ] } },
{ "type": "Feature", "properties": { "key": "大田区|西糀谷4丁目", "ward": "大田区", "town": "西糀谷四丁目" }, "geometry": { "type": "Polygon", "coordinates": [ [ [ 139.731722, 35.556992 ], [ 139.732192, 35.557 ], [ 139.732706, 35.556981 ], [ 139.733201, 35.556977 ], [ 139.733217, 35.556843 ], [ 139.733241, 35.556634 ], [ 139.733267, 35.556413 ], [ 139.73329, 35.55625 ], [ 139.733294, 35.556224 ], [ 139.733307, 35.556132 ], [ 139.733334, 35.555712 ], [ 139.733342, 35.555583 ], [ 139.733359, 35.555373 ], [ 139.733397, 35.554869 ], [ 139.73344, 35.554498 ], [ 139.733465, 35.554061 ], [ 139.733467, 35.553834 ], [ 139.73347, 35.553386 ], [ 139.733482, 35.553216 ], [ 139.733479, 35.552831 ], [ 139.733469, 35.552832 ], [ 139.73325, 35.552848 ], [ 139.732974, 35.55287 ], [ 139.732376, 35.552916 ], [ 139.732263, 35.552924 ], [ 139.732235, 35.552926 ], [ 139.73165, 35.55297 ], [ 139.731036, 35.553016 ], [ 139.730448, 35.553262 ], [ 139.730246, 35.553347 ], [ 139.729855, 35.55351 ], [ 139.729753, 35.55356 ], [ 139.729044, 35.554083 ], [ 139.728541, 35.554454 ], [ 139.728505, 35.554476 ], [ 139.728354, 35.554584 ], [ 139.728316, 35.554612 ], [ 139.728183, 35.554708 ], [ 139.728101, 35.554767 ], [ 139.727853, 35.554947 ], [ 139.727815, 35.554974 ], [ 139.727516, 35.55519 ], [ 139.727324, 35.555329 ], [ 139.727316, 35.555334 ], [ 139.727028, 35.555535 ], [ 139.726842, 35.555665 ], [ 139.726835, 35.55567 ], [ 139.726658, 35.555793 ], [ 139.726326, 35.556036 ], [ 139.726316, 35.556048 ], [ 139.726596, 35.556385 ], [ 139.727082, 35.556961 ], [ 139.727149, 35.55699 ], [ 139.727115, 35.556933 ], [ 139.72739, 35.556695 ], [ 139.727423, 35.556666 ], [ 139.727599, 35.556678 ], [ 139.728128, 35.556695 ], [ 139.728588, 35.556711 ], [ 139.729039, 35.556731 ], [ 139.729034, 35.556743 ], [ 139.729398, 35.556757 ], [ 139.730038, 35.55678 ], [ 139.730654, 35.556893 ], [ 139.730922, 35.556936 ], [ 139.731364, 35.557008 ], [ 139.731703, 35.556993 ], [ 139.731722, 35.556992 ] ] ] } },
{ "type": "Feature", "properties": { "key": "大田区|北糀谷1丁目", "ward": "大田区", "town": "北糀谷一丁目" }, "geometry": { "type": "Polygon", "coordinates": [ [ [ 139.733639, 35.560771 ], [ 139.733605, 35.560916 ], [ 139.733707, 35.560937 ], [ 139.734187, 35.561039 ], [ 139.734694, 35.561147 ], [ 139.734624, 35.561501 ], [ 139.734557, 35.561845 ], [ 139.734469, 35.562392 ], [ 139.73433, 35.562715 ], [ 139.734211, 35.562989 ], [ 139.734075, 35.56329 ], [ 139.733966, 35.563556 ], [ 139.733807, 35.563942 ], [ 139.733812, 35.563971 ], [ 139.733696, 35.564274 ], [ 139.733701, 35.564299 ], [ 139.733814, 35.564431 ], [ 139.733919, 35.564522 ], [ 139.734043, 35.564605 ], [ 139.734206, 35.564749 ], [ 139.734323, 35.56491 ], [ 139.734455, 35.565134 ], [ 139.734568, 35.565352 ], [ 139.734729, 35.565491 ], [ 139.734898, 35.565585 ], [ 139.735076, 35.565658 ], [ 139.735254, 35.56569 ], [ 139.735275, 35.565693 ], [ 139.735665, 35.565709 ], [ 139.735921, 35.565689 ], [ 139.73616, 35.565647 ], [ 139.736372, 35.5656 ], [ 139.736536, 35.564948 ], [ 139.736651, 35.564548 ], [ 139.736819, 35.563966 ], [ 139.737066, 35.56314 ], [ 139.737274, 35.562456 ], [ 139.737456, 35.561774 ], [ 139.73753, 35.561503 ], [ 139.737686, 35.560935 ], [ 139.737101, 35.560909 ], [ 139.737077, 35.560907 ], [ 139.736017, 35.560861 ], [ 139.736003, 35.56086 ], [ 139.735686, 35.560848 ], [ 139.735408, 35.560837 ], [ 139.734971, 35.56082 ], [ 139.734255, 35.560794 ], [ 139.733724, 35.560774 ], [ 139.733639, 35.560771 ] ] ] } },
{ "type": "Feature", "properties": { "key": "大田区|北糀谷2丁目", "ward": "大田区", "town": "北糀谷二丁目" }, "geometry": { "type": "Polygon", "coordinates": [ [ [ 139.734557, 35.561845 ], [ 139.734624, 35.561501 ], [ 139.734694, 35.561147 ], [ 139.734187, 35.561039 ], [ 139.733707, 35.560937 ], [ 139.733605, 35.560916 ], [ 139.733639, 35.560771 ], [ 139.733613, 35.560769 ], [ 139.733055, 35.560746 ], [ 139.733009, 35.560749 ], [ 139.732977, 35.560742 ], [ 139.732413, 35.560727 ], [ 139.731675, 35.560698 ], [ 139.731629, 35.560702 ], [ 139.730863, 35.560673 ], [ 139.730784, 35.56067 ], [ 139.730365, 35.560654 ], [ 139.729778, 35.560595 ], [ 139.729695, 35.560873 ], [ 139.729617, 35.561062 ], [ 139.729538, 35.561179 ], [ 139.729855, 35.561317 ], [ 139.730188, 35.561497 ], [ 139.730352, 35.561586 ], [ 139.730378, 35.561598 ], [ 139.730867, 35.561914 ], [ 139.730918, 35.561951 ], [ 139.730942, 35.561948 ], [ 139.731824, 35.562552 ], [ 139.731878, 35.56259 ], [ 139.731938, 35.562603 ], [ 139.732071, 35.562677 ], [ 139.732247, 35.562795 ], [ 139.73252, 35.562986 ], [ 139.7328, 35.563175 ], [ 139.733385, 35.563602 ], [ 139.733692, 35.563836 ], [ 139.733807, 35.563942 ], [ 139.733966, 35.563556 ], [ 139.734075, 35.56329 ], [ 139.734211, 35.562989 ], [ 139.73433, 35.562715 ], [ 139.734469, 35.562392 ], [ 139.734557, 35.561845 ] ] ] } },
{ "type": "Feature", "properties": { "key": "大田区|羽田旭町", "ward": "大田区", "town": "羽田旭町" }, "geometry": { "type": "Polygon", "coordinates": [ [ [ 139.751866, 35.55638 ], [ 139.75197, 35.556392 ], [ 139.752058, 35.556369 ], [ 139.752427, 35.555037 ], [ 139.752836, 35.553826 ], [ 139.752876, 35.553642 ], [ 139.75284, 35.553546 ], [ 139.752906, 35.553534 ], [ 139.7529, 35.553388 ], [ 139.752824, 35.551686 ], [ 139.752791, 35.550998 ], [ 139.752729, 35.550999 ], [ 139.752714, 35.55072 ], [ 139.751327, 35.550972 ], [ 139.75127, 35.550982 ], [ 139.750904, 35.551046 ], [ 139.750253, 35.551162 ], [ 139.750245, 35.551163 ], [ 139.749894, 35.551227 ], [ 139.749158, 35.551366 ], [ 139.748765, 35.551446 ], [ 139.748588, 35.551482 ], [ 139.748424, 35.551515 ], [ 139.748138, 35.55156 ], [ 139.748078, 35.551569 ], [ 139.747966, 35.55158 ], [ 139.747373, 35.551671 ], [ 139.747341, 35.551676 ], [ 139.74669, 35.551754 ], [ 139.74668, 35.551756 ], [ 139.745584, 35.55191 ], [ 139.745645, 35.552069 ], [ 139.74583, 35.552662 ], [ 139.746135, 35.553452 ], [ 139.74615, 35.553482 ], [ 139.746444, 35.554198 ], [ 139.746826, 35.554349 ], [ 139.747195, 35.55451 ], [ 139.74737, 35.554592 ], [ 139.747912, 35.554846 ], [ 139.747959, 35.554868 ], [ 139.748765, 35.555264 ], [ 139.748792, 35.555278 ], [ 139.749353, 35.55552 ], [ 139.749921, 35.555765 ], [ 139.751611, 35.556498 ], [ 139.751734, 35.556552 ], [ 139.751765, 35.556561 ], [ 139.751866, 35.55638 ] ] ] } },
{ "type": "Feature", "properties": { "key": "大田区|羽田1丁目", "ward": "大田区", "town": "羽田一丁目" }, "geometry": { "type": "Polygon", "coordinates": [ [ [ 139.74378, 35.552151 ], [ 139.743851, 35.552152 ], [ 139.744554, 35.552055 ], [ 139.744613, 35.552041 ], [ 139.744988, 35.551991 ], [ 139.745443, 35.55193 ], [ 139.745178, 35.551154 ], [ 139.745102, 35.550975 ], [ 139.745032, 35.550826 ], [ 139.744743, 35.550238 ], [ 139.744636, 35.550019 ], [ 139.744516, 35.549772 ], [ 139.744424, 35.549588 ], [ 139.744344, 35.549412 ], [ 139.744113, 35.548947 ], [ 139.743457, 35.54898 ], [ 139.742792, 35.549014 ], [ 139.742153, 35.549048 ], [ 139.741498, 35.549092 ], [ 139.740825, 35.549125 ], [ 139.740822, 35.549145 ], [ 139.740793, 35.549298 ], [ 139.740736, 35.550009 ], [ 139.740632, 35.550858 ], [ 139.740587, 35.55119 ], [ 139.740559, 35.551304 ], [ 139.740431, 35.551697 ], [ 139.740295, 35.552197 ], [ 139.740295, 35.552221 ], [ 139.740295, 35.552254 ], [ 139.740226, 35.55251 ], [ 139.74038, 35.55249 ], [ 139.741902, 35.552351 ], [ 139.742438, 35.552307 ], [ 139.742955, 35.552256 ], [ 139.74313, 35.552239 ], [ 139.74378, 35.552151 ] ] ] } },
{ "type": "Feature", "properties": { "key": "大田区|羽田2丁目", "ward": "大田区", "town": "羽田二丁目" }, "geometry": { "type": "Polygon", "coordinates": [ [ [ 139.74357, 35.545789 ], [ 139.743381, 35.545807 ], [ 139.743305, 35.545384 ], [ 139.743148, 35.544866 ], [ 139.742404, 35.544974 ], [ 139.742061, 35.545023 ], [ 139.74161, 35.545095 ], [ 139.741047, 35.54518 ], [ 139.741054, 35.545808 ], [ 139.741032, 35.545936 ], [ 139.741031, 35.545966 ], [ 139.741002, 35.546611 ], [ 139.741025, 35.546732 ], [ 139.741034, 35.546781 ], [ 139.741018, 35.547179 ], [ 139.741008, 35.5475 ], [ 139.740986, 35.547869 ], [ 139.740966, 35.548286 ], [ 139.740907, 35.548475 ], [ 139.740825, 35.549125 ], [ 139.741498, 35.549092 ], [ 139.742153, 35.549048 ], [ 139.742792, 35.549014 ], [ 139.743457, 35.54898 ], [ 139.744113, 35.548947 ], [ 139.744341, 35.548893 ], [ 139.744112, 35.54832 ], [ 139.743918, 35.54787 ], [ 139.743816, 35.54752 ], [ 139.743749, 35.547253 ], [ 139.743705, 35.546994 ], [ 139.743641, 35.546595 ], [ 139.74361, 35.546248 ], [ 139.74357, 35.545789 ] ] ] } },
{ "type": "Feature", "properties": { "key": "大田区|羽田3丁目", "ward": "大田区", "town": "羽田三丁目" }, "geometry": { "type": "Polygon", "coordinates": [ [ [ 139.747119, 35.547404 ], [ 139.746828, 35.547463 ], [ 139.746762, 35.547232 ], [ 139.746843, 35.547218 ], [ 139.74686, 35.547186 ], [ 139.746805, 35.546934 ], [ 139.746643, 35.546366 ], [ 139.746637, 35.546317 ], [ 139.746997, 35.5462 ], [ 139.746829, 35.545856 ], [ 139.746683, 35.545394 ], [ 139.746843, 35.545356 ], [ 139.746523, 35.545285 ], [ 139.746767, 35.544352 ], [ 139.746765, 35.544322 ], [ 139.746696, 35.544428 ], [ 139.746511, 35.544434 ], [ 139.746287, 35.544403 ], [ 139.746173, 35.544366 ], [ 139.745931, 35.544371 ], [ 139.745785, 35.544415 ], [ 139.745553, 35.544406 ], [ 139.745265, 35.544444 ], [ 139.745182, 35.544459 ], [ 139.74502, 35.544417 ], [ 139.744993, 35.544398 ], [ 139.74477, 35.544384 ], [ 139.744484, 35.544478 ], [ 139.744263, 35.544458 ], [ 139.744027, 35.544624 ], [ 139.743959, 35.544635 ], [ 139.743863, 35.544621 ], [ 139.743314, 35.54481 ], [ 139.743268, 35.544825 ], [ 139.743148, 35.544866 ], [ 139.743305, 35.545384 ], [ 139.743381, 35.545807 ], [ 139.74357, 35.545789 ], [ 139.74361, 35.546248 ], [ 139.743641, 35.546595 ], [ 139.743705, 35.546994 ], [ 139.743749, 35.547253 ], [ 139.743816, 35.54752 ], [ 139.743918, 35.54787 ], [ 139.744112, 35.54832 ], [ 139.744341, 35.548893 ], [ 139.744353, 35.54889 ], [ 139.744758, 35.548793 ], [ 139.745169, 35.548695 ], [ 139.745783, 35.548554 ], [ 139.745826, 35.548542 ], [ 139.746277, 35.548439 ], [ 139.7464, 35.548411 ], [ 139.746672, 35.548344 ], [ 139.747029, 35.548256 ], [ 139.747312, 35.54819 ], [ 139.747229, 35.547835 ], [ 139.747119, 35.547404 ] ] ] } },
{ "type": "Feature", "properties": { "key": "大田区|羽田4丁目", "ward": "大田区", "town": "羽田四丁目" }, "geometry": { "type": "Polygon", "coordinates": [ [ [ 139.747674, 35.54811 ], [ 139.747377, 35.548176 ], [ 139.747312, 35.54819 ], [ 139.747029, 35.548256 ], [ 139.746672, 35.548344 ], [ 139.7464, 35.548411 ], [ 139.746277, 35.548439 ], [ 139.745826, 35.548542 ], [ 139.745783, 35.548554 ], [ 139.745169, 35.548695 ], [ 139.744758, 35.548793 ], [ 139.744353, 35.54889 ], [ 139.744341, 35.548893 ], [ 139.744113, 35.548947 ], [ 139.744344, 35.549412 ], [ 139.744424, 35.549588 ], [ 139.744516, 35.549772 ], [ 139.744636, 35.550019 ], [ 139.744743, 35.550238 ], [ 139.745032, 35.550826 ], [ 139.745102, 35.550975 ], [ 139.745178, 35.551154 ], [ 139.745443, 35.55193 ], [ 139.745584, 35.55191 ], [ 139.74668, 35.551756 ], [ 139.74669, 35.551754 ], [ 139.747341, 35.551676 ], [ 139.747373, 35.551671 ], [ 139.747966, 35.55158 ], [ 139.748078, 35.551569 ], [ 139.748138, 35.55156 ], [ 139.748424, 35.551515 ], [ 139.748588, 35.551482 ], [ 139.748765, 35.551446 ], [ 139.749158, 35.551366 ], [ 139.748937, 35.550834 ], [ 139.748903, 35.550751 ], [ 139.7486, 35.550026 ], [ 139.748488, 35.549785 ], [ 139.748385, 35.549571 ], [ 139.748192, 35.549169 ], [ 139.747977, 35.548719 ], [ 139.747875, 35.54852 ], [ 139.747674, 35.54811 ] ] ] } },
{ "type": "Feature", "properties": { "key": "大田区|羽田5丁目", "ward": "大田区", "town": "羽田五丁目" }, "geometry": { "type": "Polygon", "coordinates": [ [ [ 139.752923, 35.550432 ], [ 139.752693, 35.550483 ], [ 139.752752, 35.550402 ], [ 139.752758, 35.550146 ], [ 139.752779, 35.550022 ], [ 139.752723, 35.549986 ], [ 139.752874, 35.549949 ], [ 139.75294, 35.549933 ], [ 139.752926, 35.549885 ], [ 139.75292, 35.549854 ], [ 139.752703, 35.549897 ], [ 139.752658, 35.549839 ], [ 139.752623, 35.549735 ], [ 139.752531, 35.5496 ], [ 139.752414, 35.549519 ], [ 139.752478, 35.549487 ], [ 139.752333, 35.549416 ], [ 139.752381, 35.549356 ], [ 139.752374, 35.549341 ], [ 139.752614, 35.549304 ], [ 139.75259, 35.549255 ], [ 139.752347, 35.549289 ], [ 139.752249, 35.549262 ], [ 139.75231, 35.549237 ], [ 139.752296, 35.549153 ], [ 139.752166, 35.549134 ], [ 139.752207, 35.549095 ], [ 139.752104, 35.549045 ], [ 139.752029, 35.548957 ], [ 139.752015, 35.548909 ], [ 139.752067, 35.548861 ], [ 139.751998, 35.548876 ], [ 139.751964, 35.548827 ], [ 139.75203, 35.548779 ], [ 139.751966, 35.548664 ], [ 139.751885, 35.548658 ], [ 139.751888, 35.548565 ], [ 139.751993, 35.548571 ], [ 139.751931, 35.548482 ], [ 139.752023, 35.548482 ], [ 139.751946, 35.548444 ], [ 139.751991, 35.548429 ], [ 139.751967, 35.548368 ], [ 139.752004, 35.548344 ], [ 139.752179, 35.548324 ], [ 139.75224, 35.54828 ], [ 139.752324, 35.548345 ], [ 139.75235, 35.54833 ], [ 139.752274, 35.548252 ], [ 139.752318, 35.548223 ], [ 139.752363, 35.548108 ], [ 139.752304, 35.547913 ], [ 139.751786, 35.546954 ], [ 139.75172, 35.546958 ], [ 139.75168, 35.546963 ], [ 139.751164, 35.54699 ], [ 139.751002, 35.54702 ], [ 139.750861, 35.547061 ], [ 139.750646, 35.547139 ], [ 139.750551, 35.547173 ], [ 139.750194, 35.547292 ], [ 139.749505, 35.547543 ], [ 139.748898, 35.547758 ], [ 139.748295, 35.547959 ], [ 139.747674, 35.54811 ], [ 139.747875, 35.54852 ], [ 139.747977, 35.548719 ], [ 139.748192, 35.549169 ], [ 139.748385, 35.549571 ], [ 139.748488, 35.549785 ], [ 139.7486, 35.550026 ], [ 139.748903, 35.550751 ], [ 139.748937, 35.550834 ], [ 139.749158, 35.551366 ], [ 139.749894, 35.551227 ], [ 139.750245, 35.551163 ], [ 139.750253, 35.551162 ], [ 139.750904, 35.551046 ], [ 139.75127, 35.550982 ], [ 139.751327, 35.550972 ], [ 139.752714, 35.55072 ], [ 139.752909, 35.550684 ], [ 139.752923, 35.550432 ] ] ] } },
{ "type": "Feature", "properties": { "key": "大田区|羽田6丁目", "ward": "大田区", "town": "羽田六丁目" }, "geometry": { "type": "Polygon", "coordinates": [ [ [ 139.750194, 35.547292 ], [ 139.750551, 35.547173 ], [ 139.750646, 35.547139 ], [ 139.750861, 35.547061 ], [ 139.751002, 35.54702 ], [ 139.751164, 35.54699 ], [ 139.75168, 35.546963 ], [ 139.751672, 35.546929 ], [ 139.751647, 35.546826 ], [ 139.752018, 35.546777 ], [ 139.751983, 35.546707 ], [ 139.751783, 35.546727 ], [ 139.751844, 35.546624 ], [ 139.751829, 35.546416 ], [ 139.751874, 35.546197 ], [ 139.751953, 35.546068 ], [ 139.752061, 35.545937 ], [ 139.752087, 35.545937 ], [ 139.752073, 35.545905 ], [ 139.752144, 35.545835 ], [ 139.752167, 35.545733 ], [ 139.752222, 35.545693 ], [ 139.752104, 35.545675 ], [ 139.751939, 35.545606 ], [ 139.751774, 35.545579 ], [ 139.751389, 35.54551 ], [ 139.751383, 35.545465 ], [ 139.751205, 35.545477 ], [ 139.751182, 35.545426 ], [ 139.751119, 35.545353 ], [ 139.751144, 35.545454 ], [ 139.750942, 35.545414 ], [ 139.750967, 35.545321 ], [ 139.750921, 35.545344 ], [ 139.750815, 35.545317 ], [ 139.750878, 35.545403 ], [ 139.750753, 35.545385 ], [ 139.750679, 35.545357 ], [ 139.750591, 35.54534 ], [ 139.750606, 35.545238 ], [ 139.750559, 35.545235 ], [ 139.750549, 35.545319 ], [ 139.750448, 35.545295 ], [ 139.75038, 35.54528 ], [ 139.750391, 35.545223 ], [ 139.750354, 35.545214 ], [ 139.750338, 35.545275 ], [ 139.750305, 35.545234 ], [ 139.750208, 35.545149 ], [ 139.750235, 35.545243 ], [ 139.750134, 35.545217 ], [ 139.750166, 35.545108 ], [ 139.750082, 35.545098 ], [ 139.750005, 35.545132 ], [ 139.749941, 35.545135 ], [ 139.749961, 35.54504 ], [ 139.749908, 35.545077 ], [ 139.749799, 35.54511 ], [ 139.749883, 35.545158 ], [ 139.749632, 35.54508 ], [ 139.749609, 35.545018 ], [ 139.749404, 35.54494 ], [ 139.749239, 35.544885 ], [ 139.749256, 35.54485 ], [ 139.749222, 35.544748 ], [ 139.749178, 35.544875 ], [ 139.74912, 35.544826 ], [ 139.748952, 35.544821 ], [ 139.748946, 35.544768 ], [ 139.748903, 35.544721 ], [ 139.748885, 35.544776 ], [ 139.748801, 35.54475 ], [ 139.748704, 35.544677 ], [ 139.748711, 35.544626 ], [ 139.748717, 35.544582 ], [ 139.748592, 35.544676 ], [ 139.748476, 35.544753 ], [ 139.748525, 35.544644 ], [ 139.74841, 35.544616 ], [ 139.748305, 35.544634 ], [ 139.748292, 35.544588 ], [ 139.748221, 35.544597 ], [ 139.748179, 35.54447 ], [ 139.748083, 35.544544 ], [ 139.747951, 35.544542 ], [ 139.747878, 35.544448 ], [ 139.7478, 35.544467 ], [ 139.747633, 35.544479 ], [ 139.747645, 35.544399 ], [ 139.747603, 35.544397 ], [ 139.747605, 35.544472 ], [ 139.747539, 35.544489 ], [ 139.747381, 35.544481 ], [ 139.747262, 35.544412 ], [ 139.747147, 35.544441 ], [ 139.746866, 35.544455 ], [ 139.74677, 35.544429 ], [ 139.746767, 35.544352 ], [ 139.746523, 35.545285 ], [ 139.746843, 35.545356 ], [ 139.746683, 35.545394 ], [ 139.746829, 35.545856 ], [ 139.746997, 35.5462 ], [ 139.746637, 35.546317 ], [ 139.746643, 35.546366 ], [ 139.746805, 35.546934 ], [ 139.74686, 35.547186 ], [ 139.746843, 35.547218 ], [ 139.746762, 35.547232 ], [ 139.746828, 35.547463 ], [ 139.747119, 35.547404 ], [ 139.747229, 35.547835 ], [ 139.747312, 35.54819 ], [ 139.747377, 35.548176 ], [ 139.747674, 35.54811 ], [ 139.748295, 35.547959 ], [ 139.748898, 35.547758 ], [ 139.749505, 35.547543 ], [ 139.750194, 35.547292 ] ] ] } },
{ "type": "Feature", "properties": { "key": "大田区|本羽田1丁目", "ward": "大田区", "town": "本羽田一丁目" }, "geometry": { "type": "Polygon", "coordinates": [ [ [ 139.726474, 35.544881 ], [ 139.726601, 35.545649 ], [ 139.726678, 35.546152 ], [ 139.72662, 35.546185 ], [ 139.725998, 35.546816 ], [ 139.72599, 35.546821 ], [ 139.725699, 35.547086 ], [ 139.725645, 35.547125 ], [ 139.725379, 35.547364 ], [ 139.725334, 35.547424 ], [ 139.725322, 35.547438 ], [ 139.725071, 35.547823 ], [ 139.724932, 35.548037 ], [ 139.724813, 35.548168 ], [ 139.724616, 35.54843 ], [ 139.724552, 35.548547 ], [ 139.724325, 35.548797 ], [ 139.724222, 35.548998 ], [ 139.724158, 35.549102 ], [ 139.724044, 35.549321 ], [ 139.72393, 35.54954 ], [ 139.723679, 35.55007 ], [ 139.723657, 35.550172 ], [ 139.723572, 35.550372 ], [ 139.724541, 35.550284 ], [ 139.724876, 35.550258 ], [ 139.72549, 35.55021 ], [ 139.726184, 35.550168 ], [ 139.726195, 35.550168 ], [ 139.727355, 35.550079 ], [ 139.727361, 35.550079 ], [ 139.728061, 35.550027 ], [ 139.728575, 35.54996 ], [ 139.728908, 35.549912 ], [ 139.729094, 35.549888 ], [ 139.729565, 35.549828 ], [ 139.729651, 35.549817 ], [ 139.729659, 35.549209 ], [ 139.729666, 35.54879 ], [ 139.729673, 35.548187 ], [ 139.729698, 35.547936 ], [ 139.729747, 35.547447 ], [ 139.729796, 35.546997 ], [ 139.729833, 35.546653 ], [ 139.729886, 35.546047 ], [ 139.729978, 35.545254 ], [ 139.729607, 35.54524 ], [ 139.728951, 35.545188 ], [ 139.728079, 35.545106 ], [ 139.726996, 35.544959 ], [ 139.726787, 35.544912 ], [ 139.726474, 35.544881 ] ] ] } },
{ "type": "Feature", "properties": { "key": "大田区|本羽田2丁目", "ward": "大田区", "town": "本羽田二丁目" }, "geometry": { "type": "Polygon", "coordinates": [ [ [ 139.733827, 35.545344 ], [ 139.732625, 35.545346 ], [ 139.731347, 35.545323 ], [ 139.729978, 35.545254 ], [ 139.729886, 35.546047 ], [ 139.729833, 35.546653 ], [ 139.729796, 35.546997 ], [ 139.729747, 35.547447 ], [ 139.729698, 35.547936 ], [ 139.729673, 35.548187 ], [ 139.729666, 35.54879 ], [ 139.729659, 35.549209 ], [ 139.729651, 35.549817 ], [ 139.729658, 35.549864 ], [ 139.730022, 35.549809 ], [ 139.730228, 35.549778 ], [ 139.730327, 35.549763 ], [ 139.730939, 35.549682 ], [ 139.730967, 35.549679 ], [ 139.732241, 35.549607 ], [ 139.732917, 35.549568 ], [ 139.733505, 35.549531 ], [ 139.733507, 35.549241 ], [ 139.7335, 35.548893 ], [ 139.733536, 35.548562 ], [ 139.733539, 35.548079 ], [ 139.733535, 35.547827 ], [ 139.733537, 35.547784 ], [ 139.733555, 35.54761 ], [ 139.73357, 35.547463 ], [ 139.733626, 35.546997 ], [ 139.733712, 35.546369 ], [ 139.733834, 35.54555 ], [ 139.733827, 35.545344 ] ] ] } },
{ "type": "Feature", "properties": { "key": "大田区|本羽田3丁目", "ward": "大田区", "town": "本羽田三丁目" }, "geometry": { "type": "Polygon", "coordinates": [ [ [ 139.741047, 35.54518 ], [ 139.740448, 35.545237 ], [ 139.740212, 35.545267 ], [ 139.739589, 35.545337 ], [ 139.739028, 35.545386 ], [ 139.738294, 35.545433 ], [ 139.737866, 35.545452 ], [ 139.737225, 35.545475 ], [ 139.737009, 35.545457 ], [ 139.736535, 35.545446 ], [ 139.735526, 35.54541 ], [ 139.734776, 35.545379 ], [ 139.733827, 35.545344 ], [ 139.733834, 35.54555 ], [ 139.733712, 35.546369 ], [ 139.733626, 35.546997 ], [ 139.73357, 35.547463 ], [ 139.733555, 35.54761 ], [ 139.733537, 35.547784 ], [ 139.733535, 35.547827 ], [ 139.733539, 35.548079 ], [ 139.733536, 35.548562 ], [ 139.7335, 35.548893 ], [ 139.733507, 35.549241 ], [ 139.733505, 35.549531 ], [ 139.733545, 35.549537 ], [ 139.734141, 35.54952 ], [ 139.734803, 35.54948 ], [ 139.734992, 35.54947 ], [ 139.735438, 35.549444 ], [ 139.735904, 35.549417 ], [ 139.736093, 35.549407 ], [ 139.736594, 35.549371 ], [ 139.73839, 35.549275 ], [ 139.738641, 35.549258 ], [ 139.740007, 35.549202 ], [ 139.740341, 35.549176 ], [ 139.740822, 35.549145 ], [ 139.740825, 35.549125 ], [ 139.740907, 35.548475 ], [ 139.740966, 35.548286 ], [ 139.740986, 35.547869 ], [ 139.741008, 35.5475 ], [ 139.741018, 35.547179 ], [ 139.741034, 35.546781 ], [ 139.741025, 35.546732 ], [ 139.741002, 35.546611 ], [ 139.741031, 35.545966 ], [ 139.741032, 35.545936 ], [ 139.741054, 35.545808 ], [ 139.741047, 35.54518 ] ] ] } },
{ "type": "Feature", "properties": { "key": "大田区|羽田空港1丁目", "ward": "大田区", "town": "羽田空港一丁目" }, "geometry": { "type": "Polygon", "coordinates": [ [ [ 139.763045, 35.560976 ], [ 139.763305, 35.560779 ], [ 139.763913, 35.560446 ], [ 139.763749, 35.560257 ], [ 139.764181, 35.559983 ], [ 139.764136, 35.559771 ], [ 139.764746, 35.559452 ], [ 139.753529, 35.546391 ], [ 139.75265, 35.545367 ], [ 139.752274, 35.545937 ], [ 139.752087, 35.545937 ], [ 139.752061, 35.545937 ], [ 139.751953, 35.546068 ], [ 139.751874, 35.546197 ], [ 139.751829, 35.546416 ], [ 139.751844, 35.546624 ], [ 139.751783, 35.546727 ], [ 139.751983, 35.546707 ], [ 139.752018, 35.546777 ], [ 139.751647, 35.546826 ], [ 139.751672, 35.546929 ], [ 139.75168, 35.546963 ], [ 139.75172, 35.546958 ], [ 139.751786, 35.546954 ], [ 139.752304, 35.547913 ], [ 139.752363, 35.548108 ], [ 139.752318, 35.548223 ], [ 139.752274, 35.548252 ], [ 139.75235, 35.54833 ], [ 139.752324, 35.548345 ], [ 139.75224, 35.54828 ], [ 139.752179, 35.548324 ], [ 139.752004, 35.548344 ], [ 139.751967, 35.548368 ], [ 139.751991, 35.548429 ], [ 139.751946, 35.548444 ], [ 139.752023, 35.548482 ], [ 139.751931, 35.548482 ], [ 139.751993, 35.548571 ], [ 139.751888, 35.548565 ], [ 139.751885, 35.548658 ], [ 139.751966, 35.548664 ], [ 139.75203, 35.548779 ], [ 139.751964, 35.548827 ], [ 139.751998, 35.548876 ], [ 139.752067, 35.548861 ], [ 139.752015, 35.548909 ], [ 139.752029, 35.548957 ], [ 139.752104, 35.549045 ], [ 139.752207, 35.549095 ], [ 139.752166, 35.549134 ], [ 139.752296, 35.549153 ], [ 139.75231, 35.549237 ], [ 139.752249, 35.549262 ], [ 139.752347, 35.549289 ], [ 139.75259, 35.549255 ], [ 139.752614, 35.549304 ], [ 139.752374, 35.549341 ], [ 139.752381, 35.549356 ], [ 139.752333, 35.549416 ], [ 139.752478, 35.549487 ], [ 139.752414, 35.549519 ], [ 139.752531, 35.5496 ], [ 139.752623, 35.549735 ], [ 139.752658, 35.549839 ], [ 139.752703, 35.549897 ], [ 139.75292, 35.549854 ], [ 139.752926, 35.549885 ], [ 139.75294, 35.549933 ], [ 139.752874, 35.549949 ], [ 139.75288, 35.549965 ], [ 139.753148, 35.54997 ], [ 139.753189, 35.550416 ], [ 139.752985, 35.550495 ], [ 139.752976, 35.550554 ], [ 139.752949, 35.550728 ], [ 139.753108, 35.550793 ], [ 139.753085, 35.551998 ], [ 139.753055, 35.552771 ], [ 139.753086, 35.553142 ], [ 139.753196, 35.554446 ], [ 139.753024, 35.555167 ], [ 139.753041, 35.555465 ], [ 139.75304, 35.555584 ], [ 139.753033, 35.556188 ], [ 139.75304, 35.556272 ], [ 139.752925, 35.557048 ], [ 139.752916, 35.55711 ], [ 139.75365, 35.559737 ], [ 139.753803, 35.560437 ], [ 139.753993, 35.561058 ], [ 139.754071, 35.561248 ], [ 139.754146, 35.561516 ], [ 139.754171, 35.561603 ], [ 139.75423, 35.561616 ], [ 139.754254, 35.561667 ], [ 139.754268, 35.561697 ], [ 139.754637, 35.561809 ], [ 139.754687, 35.561712 ], [ 139.754824, 35.561517 ], [ 139.75487, 35.561451 ], [ 139.754944, 35.561517 ], [ 139.755061, 35.561578 ], [ 139.755347, 35.562228 ], [ 139.75552, 35.562803 ], [ 139.755626, 35.562862 ], [ 139.755642, 35.562898 ], [ 139.758633, 35.564539 ], [ 139.761261, 35.563172 ], [ 139.762602, 35.561522 ], [ 139.763045, 35.560976 ] ] ] } },
{ "type": "Feature", "properties": { "key": "大田区|羽田空港2丁目", "ward": "大田区", "town": "羽田空港二丁目" }, "geometry": { "type": "Polygon", "coordinates": [ [ [ 139.777001, 35.544279 ], [ 139.777131, 35.543934 ], [ 139.777329, 35.543405 ], [ 139.777416, 35.543234 ], [ 139.77854, 35.541856 ], [ 139.779692, 35.54058 ], [ 139.780471, 35.539805 ], [ 139.781168, 35.538997 ], [ 139.781288, 35.538509 ], [ 139.780594, 35.538091 ], [ 139.780054, 35.537766 ], [ 139.778625, 35.536905 ], [ 139.768966, 35.541248 ], [ 139.768636, 35.540789 ], [ 139.768205, 35.540191 ], [ 139.764063, 35.542207 ], [ 139.763069, 35.542691 ], [ 139.762055, 35.543119 ], [ 139.760571, 35.543785 ], [ 139.759032, 35.544159 ], [ 139.757368, 35.544735 ], [ 139.755328, 35.54512 ], [ 139.753862, 35.545175 ], [ 139.75287, 35.545122 ], [ 139.752733, 35.545115 ], [ 139.75265, 35.545367 ], [ 139.753529, 35.546391 ], [ 139.764746, 35.559452 ], [ 139.764136, 35.559771 ], [ 139.764181, 35.559983 ], [ 139.763749, 35.560257 ], [ 139.763913, 35.560446 ], [ 139.764844, 35.561523 ], [ 139.771019, 35.56866 ], [ 139.771151, 35.568804 ], [ 139.773925, 35.567258 ], [ 139.774762, 35.566779 ], [ 139.771013, 35.5625 ], [ 139.766267, 35.557097 ], [ 139.768375, 35.554635 ], [ 139.772192, 35.550177 ], [ 139.775299, 35.547976 ], [ 139.777001, 35.544279 ] ] ] } },
{ "type": "Feature", "properties": { "key": "大田区|羽田空港3丁目", "ward": "大田区", "town": "羽田空港三丁目" }, "geometry": { "type": "Polygon", "coordinates": [ [ [ 139.803026, 35.536154 ], [ 139.80314, 35.535976 ], [ 139.803049, 35.535926 ], [ 139.806678, 35.530803 ], [ 139.807113, 35.530788 ], [ 139.820388, 35.542654 ], [ 139.823278, 35.543787 ], [ 139.82587, 35.54179 ], [ 139.802439, 35.520862 ], [ 139.799799, 35.522797 ], [ 139.801768, 35.524564 ], [ 139.800103, 35.525812 ], [ 139.804293, 35.529584 ], [ 139.804323, 35.529935 ], [ 139.800837, 35.534878 ], [ 139.799776, 35.534441 ], [ 139.79911, 35.534167 ], [ 139.79583, 35.532655 ], [ 139.794896, 35.532225 ], [ 139.793779, 35.532551 ], [ 139.791935, 35.53309 ], [ 139.787653, 35.534356 ], [ 139.786394, 35.535805 ], [ 139.785268, 35.535275 ], [ 139.785247, 35.535278 ], [ 139.784981, 35.535144 ], [ 139.784405, 35.535338 ], [ 139.782051, 35.538621 ], [ 139.781701, 35.538508 ], [ 139.781538, 35.53866 ], [ 139.781288, 35.538509 ], [ 139.781168, 35.538997 ], [ 139.780471, 35.539805 ], [ 139.779692, 35.54058 ], [ 139.77854, 35.541856 ], [ 139.777416, 35.543234 ], [ 139.777329, 35.543405 ], [ 139.777131, 35.543934 ], [ 139.777001, 35.544279 ], [ 139.775299, 35.547976 ], [ 139.772192, 35.550177 ], [ 139.768375, 35.554635 ], [ 139.766267, 35.557097 ], [ 139.771013, 35.5625 ], [ 139.774762, 35.566779 ], [ 139.773925, 35.567258 ], [ 139.771151, 35.568804 ], [ 139.785356, 35.570411 ], [ 139.80105, 35.548385 ], [ 139.803762, 35.54603 ], [ 139.806512, 35.542198 ], [ 139.808831, 35.538901 ], [ 139.803026, 35.536154 ] ] ] } },
{ "type": "Feature", "properties": { "key": "大田区|萩中1丁目", "ward": "大田区", "town": "萩中一丁目" }, "geometry": { "type": "Polygon", "coordinates": [ [ [ 139.727842, 35.552619 ], [ 139.728262, 35.552622 ], [ 139.728888, 35.552623 ], [ 139.729086, 35.552623 ], [ 139.729664, 35.552421 ], [ 139.729664, 35.552367 ], [ 139.729654, 35.552128 ], [ 139.729652, 35.55199 ], [ 139.729659, 35.551541 ], [ 139.729654, 35.551232 ], [ 139.729655, 35.551032 ], [ 139.729654, 35.550764 ], [ 139.729662, 35.550617 ], [ 139.729659, 35.550451 ], [ 139.729653, 35.550274 ], [ 139.729657, 35.550115 ], [ 139.729658, 35.549864 ], [ 139.729651, 35.549817 ], [ 139.729565, 35.549828 ], [ 139.729094, 35.549888 ], [ 139.728908, 35.549912 ], [ 139.728575, 35.54996 ], [ 139.728061, 35.550027 ], [ 139.727361, 35.550079 ], [ 139.727355, 35.550079 ], [ 139.726195, 35.550168 ], [ 139.726184, 35.550168 ], [ 139.72549, 35.55021 ], [ 139.724876, 35.550258 ], [ 139.724541, 35.550284 ], [ 139.723572, 35.550372 ], [ 139.723498, 35.55059 ], [ 139.723459, 35.550693 ], [ 139.723281, 35.550831 ], [ 139.723118, 35.551153 ], [ 139.723034, 35.55129 ], [ 139.722949, 35.55145 ], [ 139.722895, 35.551546 ], [ 139.722741, 35.551819 ], [ 139.72255, 35.552052 ], [ 139.722552, 35.552066 ], [ 139.722572, 35.55208 ], [ 139.722576, 35.552083 ], [ 139.72291, 35.552327 ], [ 139.723271, 35.552588 ], [ 139.723289, 35.552578 ], [ 139.723618, 35.552543 ], [ 139.723671, 35.552525 ], [ 139.723867, 35.552562 ], [ 139.724752, 35.552576 ], [ 139.724755, 35.552588 ], [ 139.724912, 35.552585 ], [ 139.725585, 35.552571 ], [ 139.725594, 35.552571 ], [ 139.725755, 35.552574 ], [ 139.726081, 35.552571 ], [ 139.726329, 35.552618 ], [ 139.726349, 35.552605 ], [ 139.726774, 35.552623 ], [ 139.727801, 35.552619 ], [ 139.727842, 35.552619 ] ] ] } },
{ "type": "Feature", "properties": { "key": "大田区|萩中2丁目", "ward": "大田区", "town": "萩中二丁目" }, "geometry": { "type": "Polygon", "coordinates": [ [ [ 139.733505, 35.549531 ], [ 139.732917, 35.549568 ], [ 139.732241, 35.549607 ], [ 139.730967, 35.549679 ], [ 139.730939, 35.549682 ], [ 139.730327, 35.549763 ], [ 139.730228, 35.549778 ], [ 139.730022, 35.549809 ], [ 139.729658, 35.549864 ], [ 139.729657, 35.550115 ], [ 139.729653, 35.550274 ], [ 139.729659, 35.550451 ], [ 139.729662, 35.550617 ], [ 139.729654, 35.550764 ], [ 139.729655, 35.551032 ], [ 139.729654, 35.551232 ], [ 139.729659, 35.551541 ], [ 139.729652, 35.55199 ], [ 139.729654, 35.552128 ], [ 139.729664, 35.552367 ], [ 139.729664, 35.552421 ], [ 139.729675, 35.552535 ], [ 139.729751, 35.552919 ], [ 139.729796, 35.553146 ], [ 139.729855, 35.55351 ], [ 139.730246, 35.553347 ], [ 139.730448, 35.553262 ], [ 139.731036, 35.553016 ], [ 139.73165, 35.55297 ], [ 139.732235, 35.552926 ], [ 139.732263, 35.552924 ], [ 139.732376, 35.552916 ], [ 139.732974, 35.55287 ], [ 139.73325, 35.552848 ], [ 139.733469, 35.552832 ], [ 139.733474, 35.552657 ], [ 139.733488, 35.552097 ], [ 139.733488, 35.551998 ], [ 139.733507, 35.551967 ], [ 139.7335, 35.551773 ], [ 139.733523, 35.5513 ], [ 139.733526, 35.550791 ], [ 139.733527, 35.550566 ], [ 139.733532, 35.550326 ], [ 139.733533, 35.550001 ], [ 139.733545, 35.549537 ], [ 139.733505, 35.549531 ] ] ] } },
{ "type": "Feature", "properties": { "key": "大田区|萩中3丁目", "ward": "大田区", "town": "萩中三丁目" }, "geometry": { "type": "Polygon", "coordinates": [ [ [ 139.740822, 35.549145 ], [ 139.740341, 35.549176 ], [ 139.740007, 35.549202 ], [ 139.738641, 35.549258 ], [ 139.73839, 35.549275 ], [ 139.736594, 35.549371 ], [ 139.736093, 35.549407 ], [ 139.735904, 35.549417 ], [ 139.735438, 35.549444 ], [ 139.734992, 35.54947 ], [ 139.734803, 35.54948 ], [ 139.734141, 35.54952 ], [ 139.733545, 35.549537 ], [ 139.733533, 35.550001 ], [ 139.733532, 35.550326 ], [ 139.733527, 35.550566 ], [ 139.733526, 35.550791 ], [ 139.733523, 35.5513 ], [ 139.7335, 35.551773 ], [ 139.733507, 35.551967 ], [ 139.733488, 35.551998 ], [ 139.733488, 35.552097 ], [ 139.733474, 35.552657 ], [ 139.733469, 35.552832 ], [ 139.733479, 35.552831 ], [ 139.73443, 35.552793 ], [ 139.73462, 35.552773 ], [ 139.7357, 35.552657 ], [ 139.736403, 35.552588 ], [ 139.736694, 35.552553 ], [ 139.737032, 35.552512 ], [ 139.737678, 35.552452 ], [ 139.737712, 35.552449 ], [ 139.738362, 35.552389 ], [ 139.738698, 35.552354 ], [ 139.739009, 35.552322 ], [ 139.739672, 35.552257 ], [ 139.740295, 35.552197 ], [ 139.740431, 35.551697 ], [ 139.740559, 35.551304 ], [ 139.740587, 35.55119 ], [ 139.740632, 35.550858 ], [ 139.740736, 35.550009 ], [ 139.740793, 35.549298 ], [ 139.740822, 35.549145 ] ] ] } },
{ "type": "Feature", "properties": { "key": "大田区|東六郷1丁目", "ward": "大田区", "town": "東六郷一丁目" }, "geometry": { "type": "Polygon", "coordinates": [ [ [ 139.720227, 35.549866 ], [ 139.719758, 35.550174 ], [ 139.719338, 35.550472 ], [ 139.719318, 35.550487 ], [ 139.719032, 35.550678 ], [ 139.718378, 35.551131 ], [ 139.717964, 35.551415 ], [ 139.717871, 35.551478 ], [ 139.717367, 35.551795 ], [ 139.717633, 35.552136 ], [ 139.718012, 35.552622 ], [ 139.718034, 35.552646 ], [ 139.718462, 35.55321 ], [ 139.718582, 35.553367 ], [ 139.719196, 35.554163 ], [ 139.719341, 35.554358 ], [ 139.719494, 35.554556 ], [ 139.719809, 35.554979 ], [ 139.719872, 35.55506 ], [ 139.72003, 35.555252 ], [ 139.720648, 35.554827 ], [ 139.720824, 35.554708 ], [ 139.72126, 35.554383 ], [ 139.721579, 35.554151 ], [ 139.72201, 35.553856 ], [ 139.7222, 35.55372 ], [ 139.722256, 35.553658 ], [ 139.722326, 35.553567 ], [ 139.72238, 35.553356 ], [ 139.722382, 35.553327 ], [ 139.722465, 35.552832 ], [ 139.722576, 35.552083 ], [ 139.722572, 35.55208 ], [ 139.722552, 35.552066 ], [ 139.72255, 35.552052 ], [ 139.72214, 35.551673 ], [ 139.721859, 35.551414 ], [ 139.721452, 35.551031 ], [ 139.72104, 35.550634 ], [ 139.721036, 35.55063 ], [ 139.720619, 35.550246 ], [ 139.720235, 35.549873 ], [ 139.720227, 35.549866 ] ] ] } },
{ "type": "Feature", "properties": { "key": "大田区|東六郷2丁目", "ward": "大田区", "town": "東六郷二丁目" }, "geometry": { "type": "Polygon", "coordinates": [ [ [ 139.71736, 35.547161 ], [ 139.717352, 35.547163 ], [ 139.716932, 35.546771 ], [ 139.716095, 35.545998 ], [ 139.715816, 35.546196 ], [ 139.715454, 35.546452 ], [ 139.715039, 35.546746 ], [ 139.714912, 35.546836 ], [ 139.714583, 35.54707 ], [ 139.714118, 35.547394 ], [ 139.714069, 35.547429 ], [ 139.7141, 35.547471 ], [ 139.714344, 35.5478 ], [ 139.714523, 35.548031 ], [ 139.714746, 35.548327 ], [ 139.714936, 35.548579 ], [ 139.715427, 35.549223 ], [ 139.715596, 35.54945 ], [ 139.715711, 35.549593 ], [ 139.715835, 35.549754 ], [ 139.715899, 35.549836 ], [ 139.716324, 35.55041 ], [ 139.716734, 35.550954 ], [ 139.716778, 35.551013 ], [ 139.717036, 35.551352 ], [ 139.717048, 35.551367 ], [ 139.717367, 35.551795 ], [ 139.717871, 35.551478 ], [ 139.717964, 35.551415 ], [ 139.718378, 35.551131 ], [ 139.719032, 35.550678 ], [ 139.719318, 35.550487 ], [ 139.719338, 35.550472 ], [ 139.719758, 35.550174 ], [ 139.720227, 35.549866 ], [ 139.719948, 35.5496 ], [ 139.719812, 35.549471 ], [ 139.719464, 35.549143 ], [ 139.719453, 35.549142 ], [ 139.719051, 35.548756 ], [ 139.719049, 35.548752 ], [ 139.718755, 35.548474 ], [ 139.71862, 35.548345 ], [ 139.718201, 35.547959 ], [ 139.71809, 35.54785 ], [ 139.717781, 35.547557 ], [ 139.71736, 35.547161 ] ] ] } },
{ "type": "Feature", "properties": { "key": "大田区|東六郷3丁目", "ward": "大田区", "town": "東六郷三丁目" }, "geometry": { "type": "Polygon", "coordinates": [ [ [ 139.713499, 35.54345 ], [ 139.713391, 35.543477 ], [ 139.712966, 35.543526 ], [ 139.712727, 35.542744 ], [ 139.712403, 35.541783 ], [ 139.712226, 35.541218 ], [ 139.71219, 35.541142 ], [ 139.712214, 35.541064 ], [ 139.712458, 35.540381 ], [ 139.711955, 35.540292 ], [ 139.711461, 35.540206 ], [ 139.711348, 35.540163 ], [ 139.711112, 35.540102 ], [ 139.710169, 35.539964 ], [ 139.709278, 35.539836 ], [ 139.708629, 35.539794 ], [ 139.708667, 35.539939 ], [ 139.708866, 35.539947 ], [ 139.708882, 35.540004 ], [ 139.708914, 35.54012 ], [ 139.70898, 35.540296 ], [ 139.709066, 35.540512 ], [ 139.709114, 35.540614 ], [ 139.709198, 35.540798 ], [ 139.70928, 35.541048 ], [ 139.709346, 35.541186 ], [ 139.709386, 35.54127 ], [ 139.709543, 35.5415 ], [ 139.709557, 35.541521 ], [ 139.709594, 35.541576 ], [ 139.709655, 35.541666 ], [ 139.709772, 35.541839 ], [ 139.709796, 35.541869 ], [ 139.710091, 35.542239 ], [ 139.710414, 35.542645 ], [ 139.71043, 35.542665 ], [ 139.71044, 35.542678 ], [ 139.711006, 35.543387 ], [ 139.711053, 35.543446 ], [ 139.711099, 35.543503 ], [ 139.711459, 35.543954 ], [ 139.711603, 35.544134 ], [ 139.711629, 35.544167 ], [ 139.711714, 35.544274 ], [ 139.712375, 35.5451 ], [ 139.712389, 35.545118 ], [ 139.712598, 35.545391 ], [ 139.712748, 35.545588 ], [ 139.713111, 35.546065 ], [ 139.71312, 35.546077 ], [ 139.713443, 35.5465 ], [ 139.713448, 35.546508 ], [ 139.713479, 35.546548 ], [ 139.713786, 35.546955 ], [ 139.713795, 35.546967 ], [ 139.714118, 35.547394 ], [ 139.714583, 35.54707 ], [ 139.714912, 35.546836 ], [ 139.715039, 35.546746 ], [ 139.715454, 35.546452 ], [ 139.715816, 35.546196 ], [ 139.716095, 35.545998 ], [ 139.716088, 35.545991 ], [ 139.715687, 35.545607 ], [ 139.715674, 35.545589 ], [ 139.715277, 35.545213 ], [ 139.714873, 35.544832 ], [ 139.714855, 35.544815 ], [ 139.714667, 35.544638 ], [ 139.714522, 35.544501 ], [ 139.714453, 35.544436 ], [ 139.713958, 35.543965 ], [ 139.713657, 35.543687 ], [ 139.713499, 35.54345 ] ] ] } },
{ "type": "Feature", "properties": { "key": "大田区|西六郷1丁目", "ward": "大田区", "town": "西六郷一丁目" }, "geometry": { "type": "Polygon", "coordinates": [ [ [ 139.71248, 35.554242 ], [ 139.712485, 35.5542 ], [ 139.712318, 35.553758 ], [ 139.712295, 35.553742 ], [ 139.712193, 35.553507 ], [ 139.711874, 35.552726 ], [ 139.711691, 35.552222 ], [ 139.711516, 35.551803 ], [ 139.711489, 35.551752 ], [ 139.711293, 35.551284 ], [ 139.711285, 35.551282 ], [ 139.710829, 35.551407 ], [ 139.710105, 35.551606 ], [ 139.709649, 35.55173 ], [ 139.70865, 35.551996 ], [ 139.707816, 35.55194 ], [ 139.707632, 35.55193 ], [ 139.706861, 35.551881 ], [ 139.706463, 35.551857 ], [ 139.705575, 35.551796 ], [ 139.705567, 35.551796 ], [ 139.705131, 35.551774 ], [ 139.704969, 35.552335 ], [ 139.704812, 35.552597 ], [ 139.7047, 35.552716 ], [ 139.704593, 35.552895 ], [ 139.704479, 35.553 ], [ 139.704312, 35.553188 ], [ 139.704041, 35.553444 ], [ 139.703677, 35.553788 ], [ 139.704889, 35.555007 ], [ 139.704908, 35.555002 ], [ 139.704976, 35.554966 ], [ 139.705387, 35.554925 ], [ 139.705516, 35.554929 ], [ 139.705463, 35.555125 ], [ 139.705882, 35.55507 ], [ 139.706107, 35.555077 ], [ 139.70621, 35.554919 ], [ 139.70634, 35.554666 ], [ 139.706713, 35.554594 ], [ 139.706873, 35.554583 ], [ 139.707348, 35.554584 ], [ 139.707444, 35.554546 ], [ 139.707729, 35.554582 ], [ 139.708023, 35.554639 ], [ 139.708369, 35.554731 ], [ 139.708496, 35.554776 ], [ 139.709159, 35.555083 ], [ 139.709172, 35.55509 ], [ 139.709234, 35.555171 ], [ 139.711223, 35.556285 ], [ 139.711267, 35.556303 ], [ 139.711733, 35.556401 ], [ 139.712159, 35.556516 ], [ 139.71246, 35.556595 ], [ 139.713085, 35.556779 ], [ 139.713573, 35.556889 ], [ 139.713338, 35.556312 ], [ 139.713067, 35.555658 ], [ 139.713039, 35.555567 ], [ 139.7129, 35.555248 ], [ 139.712819, 35.555056 ], [ 139.712808, 35.555017 ], [ 139.71248, 35.554242 ] ] ] } },
{ "type": "Feature", "properties": { "key": "大田区|西六郷2丁目", "ward": "大田区", "town": "西六郷二丁目" }, "geometry": { "type": "Polygon", "coordinates": [ [ [ 139.709664, 35.547426 ], [ 139.709493, 35.547732 ], [ 139.708604, 35.547725 ], [ 139.708622, 35.548044 ], [ 139.707921, 35.548078 ], [ 139.707897, 35.548079 ], [ 139.707522, 35.548096 ], [ 139.707158, 35.548115 ], [ 139.707188, 35.547708 ], [ 139.70617, 35.547709 ], [ 139.705329, 35.54771 ], [ 139.704784, 35.547706 ], [ 139.704199, 35.547742 ], [ 139.703746, 35.547782 ], [ 139.704056, 35.548366 ], [ 139.704331, 35.548903 ], [ 139.704563, 35.549387 ], [ 139.704769, 35.549839 ], [ 139.704905, 35.550239 ], [ 139.705148, 35.551077 ], [ 139.705187, 35.551492 ], [ 139.705131, 35.551774 ], [ 139.705567, 35.551796 ], [ 139.705575, 35.551796 ], [ 139.706463, 35.551857 ], [ 139.706861, 35.551881 ], [ 139.707632, 35.55193 ], [ 139.707816, 35.55194 ], [ 139.70865, 35.551996 ], [ 139.709649, 35.55173 ], [ 139.710105, 35.551606 ], [ 139.710829, 35.551407 ], [ 139.711285, 35.551282 ], [ 139.711155, 35.550956 ], [ 139.711017, 35.55064 ], [ 139.710991, 35.550568 ], [ 139.710831, 35.550215 ], [ 139.710778, 35.550086 ], [ 139.710582, 35.549616 ], [ 139.71058, 35.549612 ], [ 139.710371, 35.549113 ], [ 139.710303, 35.548949 ], [ 139.710201, 35.548703 ], [ 139.710197, 35.548695 ], [ 139.709988, 35.54818 ], [ 139.709664, 35.547426 ] ] ] } },
{ "type": "Feature", "properties": { "key": "大田区|西六郷3丁目", "ward": "大田区", "town": "西六郷三丁目" }, "geometry": { "type": "Polygon", "coordinates": [ [ [ 139.708604, 35.547725 ], [ 139.709493, 35.547732 ], [ 139.709664, 35.547426 ], [ 139.709653, 35.547399 ], [ 139.709559, 35.547188 ], [ 139.709337, 35.546688 ], [ 139.709334, 35.54668 ], [ 139.709177, 35.546312 ], [ 139.709039, 35.545986 ], [ 139.708946, 35.545767 ], [ 139.708945, 35.545763 ], [ 139.708511, 35.544729 ], [ 139.708434, 35.54473 ], [ 139.707576, 35.544814 ], [ 139.706999, 35.544853 ], [ 139.706577, 35.544877 ], [ 139.705984, 35.544905 ], [ 139.705388, 35.544923 ], [ 139.705379, 35.544923 ], [ 139.705056, 35.544937 ], [ 139.704835, 35.544947 ], [ 139.704669, 35.544955 ], [ 139.704607, 35.544958 ], [ 139.703797, 35.545003 ], [ 139.703598, 35.545271 ], [ 139.703492, 35.545362 ], [ 139.703007, 35.545768 ], [ 139.702717, 35.54584 ], [ 139.702876, 35.546235 ], [ 139.702975, 35.54648 ], [ 139.7031, 35.546735 ], [ 139.70322, 35.546952 ], [ 139.703498, 35.547395 ], [ 139.703746, 35.547782 ], [ 139.704199, 35.547742 ], [ 139.704784, 35.547706 ], [ 139.705329, 35.54771 ], [ 139.70617, 35.547709 ], [ 139.707188, 35.547708 ], [ 139.707158, 35.548115 ], [ 139.707522, 35.548096 ], [ 139.707897, 35.548079 ], [ 139.707921, 35.548078 ], [ 139.708622, 35.548044 ], [ 139.708604, 35.547725 ] ] ] } },
{ "type": "Feature", "properties": { "key": "大田区|西六郷4丁目", "ward": "大田区", "town": "西六郷四丁目" }, "geometry": { "type": "Polygon", "coordinates": [ [ [ 139.705729, 35.54013 ], [ 139.705438, 35.54024 ], [ 139.705196, 35.540317 ], [ 139.704998, 35.540422 ], [ 139.704636, 35.540615 ], [ 139.704454, 35.540706 ], [ 139.704128, 35.540912 ], [ 139.703739, 35.541152 ], [ 139.703687, 35.541192 ], [ 139.703306, 35.541539 ], [ 139.703089, 35.541732 ], [ 139.703024, 35.54181 ], [ 139.70275, 35.542104 ], [ 139.702677, 35.542215 ], [ 139.702573, 35.542374 ], [ 139.702466, 35.542546 ], [ 139.702381, 35.542707 ], [ 139.702331, 35.542901 ], [ 139.702264, 35.543116 ], [ 139.702174, 35.543445 ], [ 139.702149, 35.543565 ], [ 139.702159, 35.543658 ], [ 139.702161, 35.543813 ], [ 139.702212, 35.544041 ], [ 139.702225, 35.544174 ], [ 139.702336, 35.54477 ], [ 139.702453, 35.545083 ], [ 139.702554, 35.545378 ], [ 139.702717, 35.54584 ], [ 139.703007, 35.545768 ], [ 139.703492, 35.545362 ], [ 139.703598, 35.545271 ], [ 139.703797, 35.545003 ], [ 139.704607, 35.544958 ], [ 139.704669, 35.544955 ], [ 139.704835, 35.544947 ], [ 139.705056, 35.544937 ], [ 139.705379, 35.544923 ], [ 139.705388, 35.544923 ], [ 139.705984, 35.544905 ], [ 139.706577, 35.544877 ], [ 139.706999, 35.544853 ], [ 139.707576, 35.544814 ], [ 139.708434, 35.54473 ], [ 139.708511, 35.544729 ], [ 139.708544, 35.544688 ], [ 139.708466, 35.54451 ], [ 139.70834, 35.544222 ], [ 139.708139, 35.543728 ], [ 139.708048, 35.543488 ], [ 139.707849, 35.543163 ], [ 139.707757, 35.542985 ], [ 139.707655, 35.542799 ], [ 139.707519, 35.542532 ], [ 139.707482, 35.542462 ], [ 139.707316, 35.542206 ], [ 139.707075, 35.541833 ], [ 139.706981, 35.541688 ], [ 139.706903, 35.541579 ], [ 139.70663, 35.541232 ], [ 139.706349, 35.540877 ], [ 139.706314, 35.540835 ], [ 139.705729, 35.54013 ] ] ] } },
{ "type": "Feature", "properties": { "key": "大田区|南六郷1丁目", "ward": "大田区", "town": "南六郷一丁目" }, "geometry": { "type": "Polygon", "coordinates": [ [ [ 139.723559, 35.544261 ], [ 139.723217, 35.54466 ], [ 139.723015, 35.544895 ], [ 139.722815, 35.545126 ], [ 139.722613, 35.545361 ], [ 139.722435, 35.545572 ], [ 139.723179, 35.545832 ], [ 139.722762, 35.546335 ], [ 139.722682, 35.547168 ], [ 139.72268, 35.547175 ], [ 139.722621, 35.547759 ], [ 139.722578, 35.548273 ], [ 139.722578, 35.548288 ], [ 139.722103, 35.548604 ], [ 139.722075, 35.548614 ], [ 139.721933, 35.548709 ], [ 139.721641, 35.548908 ], [ 139.721512, 35.548996 ], [ 139.721017, 35.549332 ], [ 139.72071, 35.549547 ], [ 139.720557, 35.549652 ], [ 139.720235, 35.549873 ], [ 139.720619, 35.550246 ], [ 139.721036, 35.55063 ], [ 139.72104, 35.550634 ], [ 139.721452, 35.551031 ], [ 139.721859, 35.551414 ], [ 139.72214, 35.551673 ], [ 139.72255, 35.552052 ], [ 139.722741, 35.551819 ], [ 139.722895, 35.551546 ], [ 139.722949, 35.55145 ], [ 139.723034, 35.55129 ], [ 139.723118, 35.551153 ], [ 139.723281, 35.550831 ], [ 139.723459, 35.550693 ], [ 139.723498, 35.55059 ], [ 139.723572, 35.550372 ], [ 139.723657, 35.550172 ], [ 139.723679, 35.55007 ], [ 139.72393, 35.54954 ], [ 139.724044, 35.549321 ], [ 139.724158, 35.549102 ], [ 139.724222, 35.548998 ], [ 139.724325, 35.548797 ], [ 139.724552, 35.548547 ], [ 139.724616, 35.54843 ], [ 139.724813, 35.548168 ], [ 139.724932, 35.548037 ], [ 139.725071, 35.547823 ], [ 139.725322, 35.547438 ], [ 139.725334, 35.547424 ], [ 139.725379, 35.547364 ], [ 139.725645, 35.547125 ], [ 139.725699, 35.547086 ], [ 139.72599, 35.546821 ], [ 139.725998, 35.546816 ], [ 139.72662, 35.546185 ], [ 139.726678, 35.546152 ], [ 139.726601, 35.545649 ], [ 139.726474, 35.544881 ], [ 139.725937, 35.544797 ], [ 139.725708, 35.544762 ], [ 139.725285, 35.544677 ], [ 139.725171, 35.544655 ], [ 139.725049, 35.544631 ], [ 139.724873, 35.54459 ], [ 139.724226, 35.544449 ], [ 139.723559, 35.544261 ] ] ] } },
{ "type": "Feature", "properties": { "key": "大田区|南六郷2丁目", "ward": "大田区", "town": "南六郷二丁目" }, "geometry": { "type": "Polygon", "coordinates": [ [ [ 139.719326, 35.542756 ], [ 139.71931, 35.542765 ], [ 139.718885, 35.543762 ], [ 139.718574, 35.544509 ], [ 139.718415, 35.544889 ], [ 139.718271, 35.545232 ], [ 139.718265, 35.545248 ], [ 139.718237, 35.545315 ], [ 139.718225, 35.545343 ], [ 139.718261, 35.546224 ], [ 139.718307, 35.546641 ], [ 139.717986, 35.54667 ], [ 139.71736, 35.547161 ], [ 139.717781, 35.547557 ], [ 139.71809, 35.54785 ], [ 139.718201, 35.547959 ], [ 139.71862, 35.548345 ], [ 139.718755, 35.548474 ], [ 139.719049, 35.548752 ], [ 139.719051, 35.548756 ], [ 139.719453, 35.549142 ], [ 139.719464, 35.549143 ], [ 139.719812, 35.549471 ], [ 139.719948, 35.5496 ], [ 139.720227, 35.549866 ], [ 139.720235, 35.549873 ], [ 139.720557, 35.549652 ], [ 139.72071, 35.549547 ], [ 139.721017, 35.549332 ], [ 139.721512, 35.548996 ], [ 139.721641, 35.548908 ], [ 139.721933, 35.548709 ], [ 139.722075, 35.548614 ], [ 139.722103, 35.548604 ], [ 139.722578, 35.548288 ], [ 139.722578, 35.548273 ], [ 139.722621, 35.547759 ], [ 139.72268, 35.547175 ], [ 139.722682, 35.547168 ], [ 139.722762, 35.546335 ], [ 139.723179, 35.545832 ], [ 139.722435, 35.545572 ], [ 139.722613, 35.545361 ], [ 139.722815, 35.545126 ], [ 139.723015, 35.544895 ], [ 139.723217, 35.54466 ], [ 139.723559, 35.544261 ], [ 139.723369, 35.54422 ], [ 139.723229, 35.544179 ], [ 139.723069, 35.544112 ], [ 139.72289, 35.544042 ], [ 139.722763, 35.543999 ], [ 139.722679, 35.543977 ], [ 139.722501, 35.543931 ], [ 139.72231, 35.543876 ], [ 139.722234, 35.543859 ], [ 139.722106, 35.543823 ], [ 139.721824, 35.543734 ], [ 139.721546, 35.543641 ], [ 139.721237, 35.543532 ], [ 139.720903, 35.54341 ], [ 139.719989, 35.543068 ], [ 139.719326, 35.542756 ] ] ] } },
{ "type": "Feature", "properties": { "key": "大田区|南六郷3丁目", "ward": "大田区", "town": "南六郷三丁目" }, "geometry": { "type": "Polygon", "coordinates": [ [ [ 139.71931, 35.542765 ], [ 139.719326, 35.542756 ], [ 139.71836, 35.542365 ], [ 139.717809, 35.54214 ], [ 139.717319, 35.541946 ], [ 139.716155, 35.541474 ], [ 139.715399, 35.541201 ], [ 139.714318, 35.540861 ], [ 139.714, 35.540759 ], [ 139.713714, 35.540691 ], [ 139.713435, 35.540626 ], [ 139.712458, 35.540381 ], [ 139.712214, 35.541064 ], [ 139.71219, 35.541142 ], [ 139.712226, 35.541218 ], [ 139.712403, 35.541783 ], [ 139.712727, 35.542744 ], [ 139.712966, 35.543526 ], [ 139.713391, 35.543477 ], [ 139.713499, 35.54345 ], [ 139.713657, 35.543687 ], [ 139.713958, 35.543965 ], [ 139.714453, 35.544436 ], [ 139.714522, 35.544501 ], [ 139.714667, 35.544638 ], [ 139.714855, 35.544815 ], [ 139.714873, 35.544832 ], [ 139.715277, 35.545213 ], [ 139.715674, 35.545589 ], [ 139.715687, 35.545607 ], [ 139.716088, 35.545991 ], [ 139.716095, 35.545998 ], [ 139.716932, 35.546771 ], [ 139.717352, 35.547163 ], [ 139.71736, 35.547161 ], [ 139.717986, 35.54667 ], [ 139.718307, 35.546641 ], [ 139.718261, 35.546224 ], [ 139.718225, 35.545343 ], [ 139.718237, 35.545315 ], [ 139.718265, 35.545248 ], [ 139.718271, 35.545232 ], [ 139.718415, 35.544889 ], [ 139.718574, 35.544509 ], [ 139.718885, 35.543762 ], [ 139.71931, 35.542765 ] ] ] } },
{ "type": "Feature", "properties": { "key": "大田区|仲六郷1丁目", "ward": "大田区", "town": "仲六郷一丁目" }, "geometry": { "type": "Polygon", "coordinates": [ [ [ 139.719257, 35.555551 ], [ 139.719382, 35.555526 ], [ 139.71954, 35.555498 ], [ 139.72014, 35.555401 ], [ 139.72003, 35.555252 ], [ 139.719872, 35.55506 ], [ 139.719809, 35.554979 ], [ 139.719494, 35.554556 ], [ 139.719341, 35.554358 ], [ 139.719196, 35.554163 ], [ 139.718582, 35.553367 ], [ 139.718462, 35.55321 ], [ 139.718034, 35.552646 ], [ 139.718012, 35.552622 ], [ 139.717633, 35.552136 ], [ 139.717367, 35.551795 ], [ 139.717111, 35.552021 ], [ 139.716996, 35.552044 ], [ 139.716597, 35.552123 ], [ 139.71586, 35.552258 ], [ 139.715622, 35.552304 ], [ 139.715053, 35.552395 ], [ 139.714496, 35.552492 ], [ 139.71403, 35.552557 ], [ 139.713612, 35.552598 ], [ 139.713252, 35.552628 ], [ 139.712551, 35.552688 ], [ 139.711874, 35.552726 ], [ 139.712193, 35.553507 ], [ 139.712295, 35.553742 ], [ 139.712318, 35.553758 ], [ 139.712485, 35.5542 ], [ 139.71248, 35.554242 ], [ 139.712808, 35.555017 ], [ 139.712819, 35.555056 ], [ 139.7129, 35.555248 ], [ 139.713039, 35.555567 ], [ 139.713201, 35.555566 ], [ 139.713999, 35.555583 ], [ 139.714305, 35.555574 ], [ 139.714581, 35.555565 ], [ 139.714875, 35.555556 ], [ 139.714947, 35.555554 ], [ 139.71539, 35.555545 ], [ 139.715905, 35.555572 ], [ 139.716177, 35.555582 ], [ 139.716434, 35.555576 ], [ 139.716665, 35.555566 ], [ 139.717201, 35.555578 ], [ 139.717393, 35.55558 ], [ 139.717516, 35.555581 ], [ 139.717826, 35.55558 ], [ 139.718145, 35.555579 ], [ 139.718464, 35.555586 ], [ 139.718499, 35.555588 ], [ 139.718766, 35.555594 ], [ 139.718876, 35.555594 ], [ 139.719084, 35.555586 ], [ 139.719257, 35.555551 ] ] ] } },
{ "type": "Feature", "properties": { "key": "大田区|仲六郷2丁目", "ward": "大田区", "town": "仲六郷二丁目" }, "geometry": { "type": "Polygon", "coordinates": [ [ [ 139.714936, 35.548579 ], [ 139.714397, 35.548709 ], [ 139.714304, 35.548732 ], [ 139.713917, 35.548828 ], [ 139.713755, 35.548868 ], [ 139.713335, 35.548972 ], [ 139.713316, 35.548977 ], [ 139.71281, 35.549102 ], [ 139.712572, 35.54916 ], [ 139.712144, 35.549264 ], [ 139.711589, 35.549401 ], [ 139.71158, 35.549407 ], [ 139.7109, 35.549579 ], [ 139.710582, 35.549616 ], [ 139.710778, 35.550086 ], [ 139.710831, 35.550215 ], [ 139.710991, 35.550568 ], [ 139.711017, 35.55064 ], [ 139.711155, 35.550956 ], [ 139.711285, 35.551282 ], [ 139.711293, 35.551284 ], [ 139.711489, 35.551752 ], [ 139.711516, 35.551803 ], [ 139.711691, 35.552222 ], [ 139.711874, 35.552726 ], [ 139.712551, 35.552688 ], [ 139.713252, 35.552628 ], [ 139.713612, 35.552598 ], [ 139.71403, 35.552557 ], [ 139.714496, 35.552492 ], [ 139.715053, 35.552395 ], [ 139.715622, 35.552304 ], [ 139.71586, 35.552258 ], [ 139.716597, 35.552123 ], [ 139.716996, 35.552044 ], [ 139.717111, 35.552021 ], [ 139.717367, 35.551795 ], [ 139.717048, 35.551367 ], [ 139.717036, 35.551352 ], [ 139.716778, 35.551013 ], [ 139.716734, 35.550954 ], [ 139.716324, 35.55041 ], [ 139.715899, 35.549836 ], [ 139.715835, 35.549754 ], [ 139.715711, 35.549593 ], [ 139.715596, 35.54945 ], [ 139.715427, 35.549223 ], [ 139.714936, 35.548579 ] ] ] } },
{ "type": "Feature", "properties": { "key": "大田区|仲六郷3丁目", "ward": "大田区", "town": "仲六郷三丁目" }, "geometry": { "type": "Polygon", "coordinates": [ [ [ 139.712389, 35.545118 ], [ 139.712324, 35.545137 ], [ 139.71204, 35.545248 ], [ 139.711696, 35.54536 ], [ 139.711614, 35.545359 ], [ 139.711064, 35.545387 ], [ 139.710599, 35.54541 ], [ 139.71038, 35.545422 ], [ 139.710338, 35.545422 ], [ 139.710048, 35.545437 ], [ 139.709854, 35.545453 ], [ 139.709663, 35.545461 ], [ 139.709186, 35.545484 ], [ 139.709207, 35.545726 ], [ 139.709198, 35.545727 ], [ 139.708946, 35.545767 ], [ 139.709039, 35.545986 ], [ 139.709177, 35.546312 ], [ 139.709334, 35.54668 ], [ 139.709337, 35.546688 ], [ 139.709559, 35.547188 ], [ 139.709653, 35.547399 ], [ 139.709664, 35.547426 ], [ 139.709988, 35.54818 ], [ 139.710197, 35.548695 ], [ 139.710201, 35.548703 ], [ 139.710303, 35.548949 ], [ 139.710371, 35.549113 ], [ 139.71058, 35.549612 ], [ 139.710582, 35.549616 ], [ 139.7109, 35.549579 ], [ 139.71158, 35.549407 ], [ 139.711589, 35.549401 ], [ 139.712144, 35.549264 ], [ 139.712572, 35.54916 ], [ 139.71281, 35.549102 ], [ 139.713316, 35.548977 ], [ 139.713335, 35.548972 ], [ 139.713755, 35.548868 ], [ 139.713917, 35.548828 ], [ 139.714304, 35.548732 ], [ 139.714397, 35.548709 ], [ 139.714936, 35.548579 ], [ 139.714746, 35.548327 ], [ 139.714523, 35.548031 ], [ 139.714344, 35.5478 ], [ 139.7141, 35.547471 ], [ 139.714069, 35.547429 ], [ 139.714118, 35.547394 ], [ 139.713795, 35.546967 ], [ 139.713786, 35.546955 ], [ 139.713479, 35.546548 ], [ 139.713448, 35.546508 ], [ 139.713443, 35.5465 ], [ 139.71312, 35.546077 ], [ 139.713111, 35.546065 ], [ 139.712748, 35.545588 ], [ 139.712598, 35.545391 ], [ 139.712389, 35.545118 ] ] ] } },
{ "type": "Feature", "properties": { "key": "大田区|仲六郷4丁目", "ward": "大田区", "town": "仲六郷四丁目" }, "geometry": { "type": "Polygon", "coordinates": [ [ [ 139.711614, 35.545359 ], [ 139.711696, 35.54536 ], [ 139.71204, 35.545248 ], [ 139.712324, 35.545137 ], [ 139.712389, 35.545118 ], [ 139.712375, 35.5451 ], [ 139.711714, 35.544274 ], [ 139.711629, 35.544167 ], [ 139.711603, 35.544134 ], [ 139.711459, 35.543954 ], [ 139.711099, 35.543503 ], [ 139.711053, 35.543446 ], [ 139.711006, 35.543387 ], [ 139.71044, 35.542678 ], [ 139.71043, 35.542665 ], [ 139.710414, 35.542645 ], [ 139.710091, 35.542239 ], [ 139.709796, 35.541869 ], [ 139.709772, 35.541839 ], [ 139.709655, 35.541666 ], [ 139.709594, 35.541576 ], [ 139.709557, 35.541521 ], [ 139.709543, 35.5415 ], [ 139.709386, 35.54127 ], [ 139.709346, 35.541186 ], [ 139.70928, 35.541048 ], [ 139.709198, 35.540798 ], [ 139.709114, 35.540614 ], [ 139.709066, 35.540512 ], [ 139.70898, 35.540296 ], [ 139.708914, 35.54012 ], [ 139.708882, 35.540004 ], [ 139.708866, 35.539947 ], [ 139.708667, 35.539939 ], [ 139.708629, 35.539794 ], [ 139.708318, 35.53982 ], [ 139.706898, 35.53988 ], [ 139.706565, 35.539941 ], [ 139.706204, 35.540014 ], [ 139.705729, 35.54013 ], [ 139.706314, 35.540835 ], [ 139.706349, 35.540877 ], [ 139.70663, 35.541232 ], [ 139.706903, 35.541579 ], [ 139.706981, 35.541688 ], [ 139.707075, 35.541833 ], [ 139.707316, 35.542206 ], [ 139.707482, 35.542462 ], [ 139.707519, 35.542532 ], [ 139.707655, 35.542799 ], [ 139.707757, 35.542985 ], [ 139.707849, 35.543163 ], [ 139.708048, 35.543488 ], [ 139.708139, 35.543728 ], [ 139.70834, 35.544222 ], [ 139.708466, 35.54451 ], [ 139.708544, 35.544688 ], [ 139.708511, 35.544729 ], [ 139.708945, 35.545763 ], [ 139.708946, 35.545767 ], [ 139.709198, 35.545727 ], [ 139.709207, 35.545726 ], [ 139.709186, 35.545484 ], [ 139.709663, 35.545461 ], [ 139.709854, 35.545453 ], [ 139.710048, 35.545437 ], [ 139.710338, 35.545422 ], [ 139.71038, 35.545422 ], [ 139.710599, 35.54541 ], [ 139.711064, 35.545387 ], [ 139.711614, 35.545359 ] ] ] } },
{ "type": "Feature", "properties": { "key": "大田区|下丸子1丁目", "ward": "大田区", "town": "下丸子一丁目" }, "geometry": { "type": "Polygon", "coordinates": [ [ [ 139.690015, 35.564318 ], [ 139.689964, 35.564371 ], [ 139.689777, 35.564597 ], [ 139.689662, 35.564735 ], [ 139.689355, 35.565099 ], [ 139.689345, 35.56511 ], [ 139.688707, 35.565876 ], [ 139.688688, 35.565898 ], [ 139.688588, 35.566016 ], [ 139.688381, 35.566263 ], [ 139.6883, 35.566359 ], [ 139.68821, 35.566466 ], [ 139.687996, 35.566722 ], [ 139.687993, 35.566726 ], [ 139.687692, 35.567088 ], [ 139.687596, 35.567202 ], [ 139.687401, 35.567428 ], [ 139.686898, 35.568045 ], [ 139.686503, 35.568512 ], [ 139.686267, 35.568791 ], [ 139.686433, 35.569054 ], [ 139.686677, 35.569439 ], [ 139.68689, 35.569743 ], [ 139.687126, 35.570109 ], [ 139.687354, 35.570485 ], [ 139.68738, 35.570526 ], [ 139.687418, 35.570583 ], [ 139.687586, 35.570838 ], [ 139.687861, 35.571266 ], [ 139.688406, 35.570877 ], [ 139.688752, 35.570621 ], [ 139.688975, 35.57043 ], [ 139.689395, 35.570055 ], [ 139.689418, 35.570035 ], [ 139.689706, 35.569779 ], [ 139.690066, 35.569525 ], [ 139.690279, 35.569198 ], [ 139.690302, 35.569099 ], [ 139.690313, 35.569053 ], [ 139.690398, 35.568756 ], [ 139.690163, 35.568672 ], [ 139.689992, 35.5686 ], [ 139.690223, 35.567974 ], [ 139.690328, 35.567679 ], [ 139.690337, 35.567654 ], [ 139.690553, 35.566958 ], [ 139.690601, 35.566335 ], [ 139.690613, 35.566189 ], [ 139.690505, 35.565776 ], [ 139.690399, 35.565371 ], [ 139.690314, 35.565085 ], [ 139.690193, 35.564678 ], [ 139.690191, 35.564673 ], [ 139.690015, 35.564318 ] ] ] } },
{ "type": "Feature", "properties": { "key": "大田区|下丸子2丁目", "ward": "大田区", "town": "下丸子二丁目" }, "geometry": { "type": "Polygon", "coordinates": [ [ [ 139.688789, 35.559421 ], [ 139.688718, 35.559454 ], [ 139.688502, 35.559178 ], [ 139.686506, 35.560346 ], [ 139.68599, 35.560682 ], [ 139.685896, 35.560735 ], [ 139.685653, 35.560902 ], [ 139.684944, 35.561365 ], [ 139.684826, 35.561451 ], [ 139.684026, 35.562042 ], [ 139.682191, 35.563406 ], [ 139.681946, 35.56359 ], [ 139.681485, 35.563961 ], [ 139.681367, 35.564065 ], [ 139.681171, 35.564256 ], [ 139.680776, 35.56464 ], [ 139.680984, 35.56476 ], [ 139.681169, 35.564924 ], [ 139.682323, 35.56557 ], [ 139.682382, 35.565603 ], [ 139.682463, 35.565648 ], [ 139.682599, 35.565725 ], [ 139.682762, 35.565816 ], [ 139.682941, 35.565916 ], [ 139.683107, 35.566009 ], [ 139.683217, 35.56607 ], [ 139.684235, 35.566634 ], [ 139.684633, 35.566852 ], [ 139.684753, 35.566928 ], [ 139.685008, 35.567083 ], [ 139.685243, 35.567289 ], [ 139.685366, 35.567416 ], [ 139.685428, 35.567492 ], [ 139.685709, 35.567921 ], [ 139.686249, 35.568757 ], [ 139.686267, 35.568791 ], [ 139.686503, 35.568512 ], [ 139.686898, 35.568045 ], [ 139.687401, 35.567428 ], [ 139.687596, 35.567202 ], [ 139.687692, 35.567088 ], [ 139.687993, 35.566726 ], [ 139.687996, 35.566722 ], [ 139.68821, 35.566466 ], [ 139.6883, 35.566359 ], [ 139.688381, 35.566263 ], [ 139.688588, 35.566016 ], [ 139.688688, 35.565898 ], [ 139.688707, 35.565876 ], [ 139.689345, 35.56511 ], [ 139.689355, 35.565099 ], [ 139.689662, 35.564735 ], [ 139.689777, 35.564597 ], [ 139.689964, 35.564371 ], [ 139.690015, 35.564318 ], [ 139.689971, 35.564199 ], [ 139.689735, 35.563681 ], [ 139.689625, 35.563438 ], [ 139.689538, 35.563324 ], [ 139.689531, 35.563314 ], [ 139.68904, 35.562689 ], [ 139.688997, 35.562491 ], [ 139.688974, 35.562456 ], [ 139.688656, 35.562308 ], [ 139.688476, 35.562182 ], [ 139.688503, 35.562142 ], [ 139.688677, 35.561958 ], [ 139.688829, 35.561797 ], [ 139.688867, 35.561756 ], [ 139.688903, 35.561717 ], [ 139.689021, 35.561578 ], [ 139.68908, 35.561456 ], [ 139.689096, 35.561392 ], [ 139.689215, 35.56104 ], [ 139.689221, 35.561 ], [ 139.689135, 35.560794 ], [ 139.689129, 35.560771 ], [ 139.689111, 35.560712 ], [ 139.689082, 35.560612 ], [ 139.689046, 35.560533 ], [ 139.689005, 35.560384 ], [ 139.688997, 35.560367 ], [ 139.688981, 35.560335 ], [ 139.688959, 35.560045 ], [ 139.688903, 35.559792 ], [ 139.688947, 35.559763 ], [ 139.6889, 35.559604 ], [ 139.688789, 35.559421 ] ] ] } },
{ "type": "Feature", "properties": { "key": "大田区|下丸子3丁目", "ward": "大田区", "town": "下丸子三丁目" }, "geometry": { "type": "Polygon", "coordinates": [ [ [ 139.686502, 35.571941 ], [ 139.686599, 35.572069 ], [ 139.686856, 35.572084 ], [ 139.686977, 35.57197 ], [ 139.687073, 35.571789 ], [ 139.687104, 35.571761 ], [ 139.687165, 35.5717 ], [ 139.687861, 35.571266 ], [ 139.687586, 35.570838 ], [ 139.687418, 35.570583 ], [ 139.68738, 35.570526 ], [ 139.687354, 35.570485 ], [ 139.687126, 35.570109 ], [ 139.68689, 35.569743 ], [ 139.686677, 35.569439 ], [ 139.686433, 35.569054 ], [ 139.686267, 35.568791 ], [ 139.686249, 35.568757 ], [ 139.685709, 35.567921 ], [ 139.685428, 35.567492 ], [ 139.685366, 35.567416 ], [ 139.685243, 35.567289 ], [ 139.685008, 35.567083 ], [ 139.684753, 35.566928 ], [ 139.684633, 35.566852 ], [ 139.684235, 35.566634 ], [ 139.683217, 35.56607 ], [ 139.683107, 35.566009 ], [ 139.682941, 35.565916 ], [ 139.682762, 35.565816 ], [ 139.682599, 35.565725 ], [ 139.682463, 35.565648 ], [ 139.682382, 35.565603 ], [ 139.682323, 35.56557 ], [ 139.681169, 35.564924 ], [ 139.680984, 35.56476 ], [ 139.680776, 35.56464 ], [ 139.679944, 35.565448 ], [ 139.679902, 35.565483 ], [ 139.679247, 35.56622 ], [ 139.679709, 35.56645 ], [ 139.679727, 35.566484 ], [ 139.679983, 35.566626 ], [ 139.681165, 35.567266 ], [ 139.682944, 35.568229 ], [ 139.6834, 35.568483 ], [ 139.683663, 35.568619 ], [ 139.683755, 35.56917 ], [ 139.683794, 35.569354 ], [ 139.683799, 35.56939 ], [ 139.683835, 35.569671 ], [ 139.683838, 35.569918 ], [ 139.683864, 35.570531 ], [ 139.683884, 35.570767 ], [ 139.683981, 35.571324 ], [ 139.684038, 35.572041 ], [ 139.684051, 35.572103 ], [ 139.683923, 35.572193 ], [ 139.683786, 35.57229 ], [ 139.683828, 35.572313 ], [ 139.68411, 35.572469 ], [ 139.684275, 35.572567 ], [ 139.684241, 35.572598 ], [ 139.684253, 35.572604 ], [ 139.685282, 35.572232 ], [ 139.685292, 35.572228 ], [ 139.685872, 35.572046 ], [ 139.685892, 35.572042 ], [ 139.68623, 35.57197 ], [ 139.686502, 35.571941 ] ] ] } },
{ "type": "Feature", "properties": { "key": "大田区|下丸子4丁目", "ward": "大田区", "town": "下丸子四丁目" }, "geometry": { "type": "Polygon", "coordinates": [ [ [ 139.677399, 35.572423 ], [ 139.677581, 35.572463 ], [ 139.677695, 35.572499 ], [ 139.677962, 35.572609 ], [ 139.678211, 35.572098 ], [ 139.678539, 35.571415 ], [ 139.678842, 35.571544 ], [ 139.67889, 35.571499 ], [ 139.678897, 35.571493 ], [ 139.679884, 35.571937 ], [ 139.679955, 35.571917 ], [ 139.680153, 35.571668 ], [ 139.68048, 35.571257 ], [ 139.680549, 35.57117 ], [ 139.680573, 35.57114 ], [ 139.680707, 35.571612 ], [ 139.680893, 35.572056 ], [ 139.680903, 35.572059 ], [ 139.681015, 35.572244 ], [ 139.681155, 35.572431 ], [ 139.681235, 35.572523 ], [ 139.681368, 35.572648 ], [ 139.681405, 35.572701 ], [ 139.681552, 35.572816 ], [ 139.681773, 35.572935 ], [ 139.681989, 35.57301 ], [ 139.682777, 35.573259 ], [ 139.682799, 35.573263 ], [ 139.682898, 35.573294 ], [ 139.683182, 35.573476 ], [ 139.683377, 35.57328 ], [ 139.683776, 35.572882 ], [ 139.683803, 35.572864 ], [ 139.683913, 35.572792 ], [ 139.684241, 35.572598 ], [ 139.684275, 35.572567 ], [ 139.68411, 35.572469 ], [ 139.683828, 35.572313 ], [ 139.683786, 35.57229 ], [ 139.683923, 35.572193 ], [ 139.684051, 35.572103 ], [ 139.684038, 35.572041 ], [ 139.683981, 35.571324 ], [ 139.683884, 35.570767 ], [ 139.683864, 35.570531 ], [ 139.683838, 35.569918 ], [ 139.683835, 35.569671 ], [ 139.683799, 35.56939 ], [ 139.683794, 35.569354 ], [ 139.683755, 35.56917 ], [ 139.683663, 35.568619 ], [ 139.6834, 35.568483 ], [ 139.682944, 35.568229 ], [ 139.681165, 35.567266 ], [ 139.679983, 35.566626 ], [ 139.679727, 35.566484 ], [ 139.679709, 35.56645 ], [ 139.679247, 35.56622 ], [ 139.679219, 35.566204 ], [ 139.678629, 35.566994 ], [ 139.678587, 35.56706 ], [ 139.678245, 35.567814 ], [ 139.678095, 35.568027 ], [ 139.677282, 35.569416 ], [ 139.676754, 35.57045 ], [ 139.676522, 35.570913 ], [ 139.67628, 35.571395 ], [ 139.675958, 35.572036 ], [ 139.675701, 35.572697 ], [ 139.675434, 35.573385 ], [ 139.675445, 35.57341 ], [ 139.676241, 35.573624 ], [ 139.676816, 35.573767 ], [ 139.677146, 35.573019 ], [ 139.677371, 35.572473 ], [ 139.677399, 35.572423 ] ] ] } },
{ "type": "Feature", "properties": { "key": "大田区|矢口1丁目", "ward": "大田区", "town": "矢口一丁目" }, "geometry": { "type": "Polygon", "coordinates": [ [ [ 139.694802, 35.567169 ], [ 139.694894, 35.567177 ], [ 139.695067, 35.567139 ], [ 139.695298, 35.567003 ], [ 139.69604, 35.566452 ], [ 139.69606, 35.56644 ], [ 139.696312, 35.566254 ], [ 139.696384, 35.565677 ], [ 139.696389, 35.565639 ], [ 139.696397, 35.56558 ], [ 139.696462, 35.565036 ], [ 139.69648, 35.564875 ], [ 139.696417, 35.564851 ], [ 139.694997, 35.564734 ], [ 139.694369, 35.564682 ], [ 139.694048, 35.564655 ], [ 139.693735, 35.564629 ], [ 139.693011, 35.564572 ], [ 139.692494, 35.564567 ], [ 139.691976, 35.564571 ], [ 139.691593, 35.564574 ], [ 139.691585, 35.564539 ], [ 139.690617, 35.564632 ], [ 139.690191, 35.564673 ], [ 139.690193, 35.564678 ], [ 139.690314, 35.565085 ], [ 139.690399, 35.565371 ], [ 139.690505, 35.565776 ], [ 139.690613, 35.566189 ], [ 139.690601, 35.566335 ], [ 139.690553, 35.566958 ], [ 139.690337, 35.567654 ], [ 139.690328, 35.567679 ], [ 139.690223, 35.567974 ], [ 139.689992, 35.5686 ], [ 139.690163, 35.568672 ], [ 139.690398, 35.568756 ], [ 139.690313, 35.569053 ], [ 139.690302, 35.569099 ], [ 139.690279, 35.569198 ], [ 139.690066, 35.569525 ], [ 139.689706, 35.569779 ], [ 139.689418, 35.570035 ], [ 139.689395, 35.570055 ], [ 139.690002, 35.570108 ], [ 139.690092, 35.570116 ], [ 139.69013, 35.570116 ], [ 139.690365, 35.570136 ], [ 139.690443, 35.570142 ], [ 139.690944, 35.569736 ], [ 139.691016, 35.569685 ], [ 139.691663, 35.569291 ], [ 139.691685, 35.569278 ], [ 139.692113, 35.569032 ], [ 139.692269, 35.568914 ], [ 139.692668, 35.568641 ], [ 139.692611, 35.56859 ], [ 139.693054, 35.568307 ], [ 139.69374, 35.567869 ], [ 139.694047, 35.567714 ], [ 139.694418, 35.567492 ], [ 139.69468, 35.56735 ], [ 139.694694, 35.567242 ], [ 139.694802, 35.567169 ] ] ] } },
{ "type": "Feature", "properties": { "key": "大田区|矢口2丁目", "ward": "大田区", "town": "矢口二丁目" }, "geometry": { "type": "Polygon", "coordinates": [ [ [ 139.696618, 35.563902 ], [ 139.696619, 35.563891 ], [ 139.696664, 35.563481 ], [ 139.696666, 35.563469 ], [ 139.696699, 35.563186 ], [ 139.696729, 35.562931 ], [ 139.696809, 35.562299 ], [ 139.696848, 35.561929 ], [ 139.696859, 35.561832 ], [ 139.696889, 35.561606 ], [ 139.695486, 35.561617 ], [ 139.694113, 35.561514 ], [ 139.69344, 35.561461 ], [ 139.693202, 35.561442 ], [ 139.693, 35.561431 ], [ 139.692806, 35.561322 ], [ 139.692762, 35.561288 ], [ 139.692691, 35.561288 ], [ 139.691523, 35.561268 ], [ 139.690886, 35.561202 ], [ 139.690356, 35.561149 ], [ 139.690181, 35.561131 ], [ 139.689779, 35.561101 ], [ 139.689505, 35.561071 ], [ 139.689215, 35.56104 ], [ 139.689096, 35.561392 ], [ 139.68908, 35.561456 ], [ 139.689021, 35.561578 ], [ 139.688903, 35.561717 ], [ 139.688867, 35.561756 ], [ 139.688829, 35.561797 ], [ 139.688677, 35.561958 ], [ 139.688503, 35.562142 ], [ 139.688476, 35.562182 ], [ 139.688656, 35.562308 ], [ 139.688974, 35.562456 ], [ 139.688997, 35.562491 ], [ 139.68904, 35.562689 ], [ 139.689531, 35.563314 ], [ 139.689538, 35.563324 ], [ 139.689625, 35.563438 ], [ 139.689735, 35.563681 ], [ 139.689971, 35.564199 ], [ 139.690015, 35.564318 ], [ 139.690191, 35.564673 ], [ 139.690617, 35.564632 ], [ 139.691585, 35.564539 ], [ 139.691593, 35.564574 ], [ 139.691976, 35.564571 ], [ 139.692494, 35.564567 ], [ 139.693011, 35.564572 ], [ 139.693735, 35.564629 ], [ 139.694048, 35.564655 ], [ 139.694369, 35.564682 ], [ 139.694997, 35.564734 ], [ 139.696417, 35.564851 ], [ 139.69648, 35.564875 ], [ 139.696501, 35.564876 ], [ 139.696618, 35.563902 ] ] ] } },
{ "type": "Feature", "properties": { "key": "大田区|矢口3丁目", "ward": "大田区", "town": "矢口三丁目" }, "geometry": { "type": "Polygon", "coordinates": [ [ [ 139.696932, 35.561226 ], [ 139.696974, 35.560855 ], [ 139.696974, 35.560851 ], [ 139.697065, 35.560043 ], [ 139.697071, 35.559899 ], [ 139.697055, 35.559503 ], [ 139.697015, 35.559217 ], [ 139.697014, 35.559211 ], [ 139.696837, 35.558602 ], [ 139.69682, 35.558545 ], [ 139.696717, 35.558207 ], [ 139.696607, 35.557846 ], [ 139.696422, 35.557254 ], [ 139.695908, 35.557281 ], [ 139.694803, 35.55734 ], [ 139.694311, 35.557355 ], [ 139.694067, 35.55739 ], [ 139.693797, 35.557414 ], [ 139.693118, 35.557523 ], [ 139.6925, 35.557655 ], [ 139.691748, 35.557819 ], [ 139.691341, 35.557899 ], [ 139.690873, 35.558061 ], [ 139.690955, 35.558044 ], [ 139.690741, 35.558125 ], [ 139.690502, 35.55819 ], [ 139.690292, 35.558294 ], [ 139.690071, 35.558388 ], [ 139.68954, 35.558632 ], [ 139.688807, 35.559008 ], [ 139.688593, 35.559107 ], [ 139.688528, 35.559111 ], [ 139.688476, 35.559145 ], [ 139.688502, 35.559178 ], [ 139.688718, 35.559454 ], [ 139.688789, 35.559421 ], [ 139.6889, 35.559604 ], [ 139.688947, 35.559763 ], [ 139.688903, 35.559792 ], [ 139.688959, 35.560045 ], [ 139.688981, 35.560335 ], [ 139.688997, 35.560367 ], [ 139.689005, 35.560384 ], [ 139.689046, 35.560533 ], [ 139.689082, 35.560612 ], [ 139.689111, 35.560712 ], [ 139.689129, 35.560771 ], [ 139.689135, 35.560794 ], [ 139.689221, 35.561 ], [ 139.689215, 35.56104 ], [ 139.689505, 35.561071 ], [ 139.689779, 35.561101 ], [ 139.690181, 35.561131 ], [ 139.690356, 35.561149 ], [ 139.690886, 35.561202 ], [ 139.691523, 35.561268 ], [ 139.692691, 35.561288 ], [ 139.692762, 35.561288 ], [ 139.692806, 35.561322 ], [ 139.693, 35.561431 ], [ 139.693202, 35.561442 ], [ 139.69344, 35.561461 ], [ 139.694113, 35.561514 ], [ 139.695486, 35.561617 ], [ 139.696889, 35.561606 ], [ 139.696889, 35.561601 ], [ 139.696905, 35.561465 ], [ 139.696932, 35.561226 ] ] ] } },
{ "type": "Feature", "properties": { "key": "大田区|東矢口1丁目", "ward": "大田区", "town": "東矢口一丁目" }, "geometry": { "type": "Polygon", "coordinates": [ [ [ 139.702901, 35.563991 ], [ 139.702843, 35.564489 ], [ 139.702783, 35.564923 ], [ 139.70274, 35.565365 ], [ 139.702688, 35.565774 ], [ 139.702628, 35.566192 ], [ 139.702533, 35.566993 ], [ 139.703283, 35.567065 ], [ 139.703473, 35.567083 ], [ 139.70422, 35.567145 ], [ 139.704527, 35.567186 ], [ 139.70456, 35.56719 ], [ 139.704942, 35.56722 ], [ 139.705165, 35.567238 ], [ 139.70591, 35.567292 ], [ 139.706603, 35.567358 ], [ 139.707143, 35.567409 ], [ 139.707203, 35.567275 ], [ 139.707309, 35.567037 ], [ 139.707487, 35.56663 ], [ 139.707543, 35.566513 ], [ 139.70758, 35.566437 ], [ 139.7077, 35.566181 ], [ 139.707755, 35.566057 ], [ 139.707878, 35.565767 ], [ 139.707882, 35.565764 ], [ 139.708245, 35.564949 ], [ 139.708453, 35.564473 ], [ 139.708263, 35.56445 ], [ 139.708011, 35.564419 ], [ 139.707915, 35.564407 ], [ 139.70741, 35.564359 ], [ 139.706988, 35.564332 ], [ 139.706901, 35.564326 ], [ 139.706294, 35.564265 ], [ 139.705687, 35.56422 ], [ 139.705573, 35.564211 ], [ 139.705081, 35.564169 ], [ 139.704591, 35.564128 ], [ 139.70377, 35.564065 ], [ 139.703537, 35.564044 ], [ 139.702901, 35.563991 ] ] ] } },
{ "type": "Feature", "properties": { "key": "大田区|東矢口2丁目", "ward": "大田区", "town": "東矢口二丁目" }, "geometry": { "type": "Polygon", "coordinates": [ [ [ 139.703042, 35.562657 ], [ 139.70288, 35.562749 ], [ 139.702279, 35.563037 ], [ 139.701579, 35.563292 ], [ 139.701426, 35.563346 ], [ 139.701139, 35.563448 ], [ 139.700888, 35.563518 ], [ 139.700663, 35.563573 ], [ 139.700283, 35.563767 ], [ 139.700274, 35.563772 ], [ 139.700126, 35.563842 ], [ 139.699767, 35.564066 ], [ 139.69976, 35.56407 ], [ 139.699269, 35.564388 ], [ 139.698303, 35.565008 ], [ 139.698209, 35.56507 ], [ 139.697781, 35.565321 ], [ 139.69713, 35.565725 ], [ 139.697122, 35.565731 ], [ 139.696869, 35.565913 ], [ 139.696333, 35.566292 ], [ 139.696314, 35.566298 ], [ 139.696289, 35.566473 ], [ 139.696287, 35.566497 ], [ 139.696959, 35.56655 ], [ 139.697541, 35.566589 ], [ 139.698024, 35.566621 ], [ 139.699431, 35.566736 ], [ 139.700599, 35.566836 ], [ 139.700804, 35.566851 ], [ 139.701007, 35.566866 ], [ 139.702533, 35.566993 ], [ 139.702628, 35.566192 ], [ 139.702688, 35.565774 ], [ 139.70274, 35.565365 ], [ 139.702783, 35.564923 ], [ 139.702843, 35.564489 ], [ 139.702901, 35.563991 ], [ 139.702969, 35.563411 ], [ 139.703016, 35.563075 ], [ 139.703045, 35.562762 ], [ 139.703042, 35.562657 ] ] ] } },
{ "type": "Feature", "properties": { "key": "大田区|東矢口3丁目", "ward": "大田区", "town": "東矢口三丁目" }, "geometry": { "type": "Polygon", "coordinates": [ [ [ 139.708821, 35.560079 ], [ 139.708296, 35.560163 ], [ 139.708045, 35.56021 ], [ 139.707802, 35.560278 ], [ 139.707767, 35.56029 ], [ 139.707676, 35.560319 ], [ 139.70753, 35.560374 ], [ 139.707335, 35.560449 ], [ 139.706548, 35.560749 ], [ 139.706427, 35.560792 ], [ 139.706336, 35.560926 ], [ 139.706144, 35.561056 ], [ 139.705696, 35.561254 ], [ 139.705399, 35.561377 ], [ 139.705181, 35.561474 ], [ 139.705129, 35.561497 ], [ 139.704259, 35.561948 ], [ 139.70406, 35.562064 ], [ 139.703714, 35.562297 ], [ 139.703042, 35.562657 ], [ 139.703045, 35.562762 ], [ 139.703016, 35.563075 ], [ 139.702969, 35.563411 ], [ 139.702901, 35.563991 ], [ 139.703537, 35.564044 ], [ 139.70377, 35.564065 ], [ 139.704591, 35.564128 ], [ 139.705081, 35.564169 ], [ 139.705573, 35.564211 ], [ 139.705687, 35.56422 ], [ 139.706294, 35.564265 ], [ 139.706901, 35.564326 ], [ 139.706988, 35.564332 ], [ 139.70741, 35.564359 ], [ 139.707915, 35.564407 ], [ 139.708011, 35.564419 ], [ 139.708263, 35.56445 ], [ 139.708453, 35.564473 ], [ 139.708659, 35.564045 ], [ 139.708744, 35.563843 ], [ 139.708802, 35.563679 ], [ 139.708831, 35.563598 ], [ 139.70874, 35.563509 ], [ 139.708755, 35.563067 ], [ 139.708759, 35.562863 ], [ 139.708765, 35.562667 ], [ 139.708763, 35.56265 ], [ 139.708765, 35.562577 ], [ 139.708765, 35.56239 ], [ 139.708772, 35.562246 ], [ 139.70877, 35.56221 ], [ 139.708778, 35.561889 ], [ 139.708789, 35.561627 ], [ 139.708789, 35.561501 ], [ 139.708791, 35.561477 ], [ 139.708799, 35.56136 ], [ 139.708812, 35.561005 ], [ 139.708824, 35.560746 ], [ 139.708832, 35.560491 ], [ 139.708821, 35.560079 ] ] ] } },
{ "type": "Feature", "properties": { "key": "大田区|多摩川1丁目", "ward": "大田区", "town": "多摩川一丁目" }, "geometry": { "type": "Polygon", "coordinates": [ [ [ 139.699269, 35.564388 ], [ 139.69976, 35.56407 ], [ 139.699767, 35.564066 ], [ 139.700126, 35.563842 ], [ 139.700274, 35.563772 ], [ 139.700283, 35.563767 ], [ 139.700663, 35.563573 ], [ 139.700888, 35.563518 ], [ 139.701139, 35.563448 ], [ 139.701426, 35.563346 ], [ 139.701579, 35.563292 ], [ 139.702279, 35.563037 ], [ 139.70288, 35.562749 ], [ 139.703042, 35.562657 ], [ 139.703104, 35.562189 ], [ 139.703149, 35.561943 ], [ 139.703295, 35.561472 ], [ 139.703306, 35.561436 ], [ 139.703318, 35.56133 ], [ 139.703322, 35.560894 ], [ 139.703321, 35.560876 ], [ 139.703318, 35.56056 ], [ 139.702445, 35.560487 ], [ 139.701686, 35.56042 ], [ 139.700782, 35.560353 ], [ 139.700757, 35.560351 ], [ 139.700209, 35.560303 ], [ 139.699464, 35.560243 ], [ 139.698803, 35.560188 ], [ 139.69804, 35.560126 ], [ 139.697858, 35.560111 ], [ 139.697726, 35.560099 ], [ 139.697065, 35.560043 ], [ 139.696974, 35.560851 ], [ 139.696974, 35.560855 ], [ 139.696932, 35.561226 ], [ 139.696905, 35.561465 ], [ 139.696889, 35.561601 ], [ 139.696889, 35.561606 ], [ 139.696859, 35.561832 ], [ 139.696848, 35.561929 ], [ 139.696809, 35.562299 ], [ 139.696729, 35.562931 ], [ 139.696699, 35.563186 ], [ 139.696666, 35.563469 ], [ 139.696664, 35.563481 ], [ 139.696619, 35.563891 ], [ 139.696618, 35.563902 ], [ 139.696501, 35.564876 ], [ 139.69648, 35.564875 ], [ 139.696462, 35.565036 ], [ 139.696397, 35.56558 ], [ 139.696389, 35.565639 ], [ 139.696384, 35.565677 ], [ 139.696312, 35.566254 ], [ 139.696314, 35.566298 ], [ 139.696333, 35.566292 ], [ 139.696869, 35.565913 ], [ 139.697122, 35.565731 ], [ 139.69713, 35.565725 ], [ 139.697781, 35.565321 ], [ 139.698209, 35.56507 ], [ 139.698303, 35.565008 ], [ 139.699269, 35.564388 ] ] ] } },
{ "type": "Feature", "properties": { "key": "大田区|多摩川2丁目", "ward": "大田区", "town": "多摩川二丁目" }, "geometry": { "type": "Polygon", "coordinates": [ [ [ 139.703749, 35.557091 ], [ 139.704154, 35.557078 ], [ 139.704153, 35.556889 ], [ 139.704208, 35.556589 ], [ 139.704302, 35.555976 ], [ 139.704305, 35.555816 ], [ 139.704315, 35.555617 ], [ 139.704654, 35.555444 ], [ 139.705043, 35.55524 ], [ 139.704908, 35.555002 ], [ 139.704889, 35.555007 ], [ 139.703677, 35.553788 ], [ 139.702746, 35.554506 ], [ 139.702461, 35.554712 ], [ 139.701867, 35.555067 ], [ 139.701608, 35.555265 ], [ 139.701174, 35.555604 ], [ 139.701019, 35.555686 ], [ 139.700197, 35.556149 ], [ 139.70009, 35.556141 ], [ 139.699923, 35.556303 ], [ 139.699808, 35.556362 ], [ 139.699388, 35.5565 ], [ 139.699205, 35.556582 ], [ 139.698633, 35.556896 ], [ 139.698317, 35.557039 ], [ 139.697805, 35.557156 ], [ 139.697434, 35.557179 ], [ 139.697054, 35.557185 ], [ 139.696359, 35.55718 ], [ 139.696422, 35.557254 ], [ 139.696607, 35.557846 ], [ 139.696717, 35.558207 ], [ 139.69682, 35.558545 ], [ 139.696837, 35.558602 ], [ 139.697014, 35.559211 ], [ 139.697015, 35.559217 ], [ 139.697055, 35.559503 ], [ 139.697071, 35.559899 ], [ 139.697065, 35.560043 ], [ 139.697726, 35.560099 ], [ 139.697858, 35.560111 ], [ 139.69804, 35.560126 ], [ 139.698803, 35.560188 ], [ 139.699464, 35.560243 ], [ 139.700209, 35.560303 ], [ 139.700757, 35.560351 ], [ 139.700782, 35.560353 ], [ 139.701686, 35.56042 ], [ 139.702445, 35.560487 ], [ 139.703318, 35.56056 ], [ 139.70336, 35.560243 ], [ 139.703372, 35.560147 ], [ 139.703423, 35.559749 ], [ 139.703424, 35.559739 ], [ 139.703495, 35.559142 ], [ 139.703582, 35.558439 ], [ 139.703626, 35.558138 ], [ 139.703673, 35.557709 ], [ 139.703687, 35.557593 ], [ 139.703749, 35.557091 ] ] ] } },
{ "type": "Feature", "properties": { "key": "大田区|東蒲田1丁目", "ward": "大田区", "town": "東蒲田一丁目" }, "geometry": { "type": "Polygon", "coordinates": [ [ [ 139.729685, 35.565837 ], [ 139.730062, 35.565855 ], [ 139.730357, 35.565867 ], [ 139.730507, 35.565875 ], [ 139.73085, 35.565887 ], [ 139.730858, 35.565482 ], [ 139.730851, 35.565424 ], [ 139.730838, 35.565327 ], [ 139.730747, 35.564948 ], [ 139.730645, 35.564476 ], [ 139.730578, 35.563893 ], [ 139.730536, 35.563323 ], [ 139.730119, 35.563376 ], [ 139.730069, 35.563385 ], [ 139.729851, 35.563412 ], [ 139.729801, 35.563419 ], [ 139.729622, 35.563446 ], [ 139.729361, 35.563481 ], [ 139.72931, 35.563023 ], [ 139.728822, 35.563058 ], [ 139.728785, 35.563061 ], [ 139.728629, 35.563071 ], [ 139.72796, 35.563116 ], [ 139.727861, 35.563097 ], [ 139.727332, 35.563151 ], [ 139.727123, 35.563175 ], [ 139.727057, 35.563187 ], [ 139.726526, 35.563276 ], [ 139.726384, 35.563333 ], [ 139.726191, 35.563436 ], [ 139.72621, 35.563455 ], [ 139.726392, 35.563696 ], [ 139.726636, 35.564016 ], [ 139.72669, 35.564092 ], [ 139.726916, 35.564394 ], [ 139.727358, 35.565005 ], [ 139.727378, 35.565022 ], [ 139.727662, 35.565415 ], [ 139.727665, 35.56542 ], [ 139.727793, 35.565601 ], [ 139.727821, 35.565638 ], [ 139.727934, 35.565789 ], [ 139.728254, 35.566229 ], [ 139.728412, 35.566453 ], [ 139.728426, 35.566473 ], [ 139.728472, 35.566532 ], [ 139.728833, 35.567029 ], [ 139.729189, 35.566793 ], [ 139.729196, 35.56678 ], [ 139.729382, 35.566409 ], [ 139.729437, 35.566301 ], [ 139.729685, 35.565837 ] ] ] } },
{ "type": "Feature", "properties": { "key": "大田区|東蒲田2丁目", "ward": "大田区", "town": "東蒲田二丁目" }, "geometry": { "type": "Polygon", "coordinates": [ [ [ 139.730497, 35.562971 ], [ 139.730513, 35.562891 ], [ 139.730687, 35.562482 ], [ 139.731417, 35.562551 ], [ 139.731808, 35.562583 ], [ 139.731878, 35.56259 ], [ 139.731824, 35.562552 ], [ 139.730942, 35.561948 ], [ 139.730918, 35.561951 ], [ 139.730867, 35.561914 ], [ 139.730378, 35.561598 ], [ 139.730352, 35.561586 ], [ 139.730188, 35.561497 ], [ 139.729855, 35.561317 ], [ 139.729538, 35.561179 ], [ 139.729617, 35.561062 ], [ 139.729695, 35.560873 ], [ 139.729778, 35.560595 ], [ 139.729597, 35.560581 ], [ 139.729243, 35.560509 ], [ 139.728571, 35.560375 ], [ 139.728371, 35.560335 ], [ 139.728068, 35.560258 ], [ 139.727616, 35.560196 ], [ 139.727348, 35.560188 ], [ 139.727323, 35.560191 ], [ 139.72698, 35.560229 ], [ 139.726962, 35.560236 ], [ 139.726621, 35.560307 ], [ 139.726355, 35.560394 ], [ 139.726096, 35.560501 ], [ 139.726056, 35.560519 ], [ 139.725833, 35.560616 ], [ 139.72563, 35.560735 ], [ 139.724964, 35.561186 ], [ 139.724819, 35.561278 ], [ 139.724659, 35.561406 ], [ 139.724723, 35.561492 ], [ 139.725011, 35.561877 ], [ 139.725521, 35.562555 ], [ 139.725524, 35.56256 ], [ 139.725906, 35.563063 ], [ 139.726191, 35.563436 ], [ 139.726384, 35.563333 ], [ 139.726526, 35.563276 ], [ 139.727057, 35.563187 ], [ 139.727123, 35.563175 ], [ 139.727332, 35.563151 ], [ 139.727861, 35.563097 ], [ 139.72796, 35.563116 ], [ 139.728629, 35.563071 ], [ 139.728785, 35.563061 ], [ 139.728822, 35.563058 ], [ 139.72931, 35.563023 ], [ 139.729361, 35.563481 ], [ 139.729622, 35.563446 ], [ 139.729801, 35.563419 ], [ 139.729851, 35.563412 ], [ 139.730069, 35.563385 ], [ 139.730119, 35.563376 ], [ 139.730536, 35.563323 ], [ 139.730497, 35.562971 ] ] ] } },
{ "type": "Feature", "properties": { "key": "大田区|南蒲田1丁目", "ward": "大田区", "town": "南蒲田一丁目" }, "geometry": { "type": "Polygon", "coordinates": [ [ [ 139.727348, 35.560188 ], [ 139.727616, 35.560196 ], [ 139.728068, 35.560258 ], [ 139.728371, 35.560335 ], [ 139.728346, 35.560179 ], [ 139.728156, 35.55967 ], [ 139.728119, 35.559578 ], [ 139.728082, 35.559484 ], [ 139.728064, 35.559435 ], [ 139.727963, 35.559161 ], [ 139.727881, 35.558918 ], [ 139.727702, 35.558389 ], [ 139.727652, 35.55824 ], [ 139.727631, 35.558177 ], [ 139.727622, 35.558152 ], [ 139.727614, 35.55813 ], [ 139.727524, 35.557853 ], [ 139.72751, 35.557812 ], [ 139.727373, 35.557388 ], [ 139.727155, 35.557002 ], [ 139.727149, 35.55699 ], [ 139.727082, 35.556961 ], [ 139.726596, 35.556385 ], [ 139.726316, 35.556048 ], [ 139.726326, 35.556036 ], [ 139.726047, 35.55622 ], [ 139.725879, 35.556343 ], [ 139.725523, 35.556604 ], [ 139.725044, 35.556947 ], [ 139.724865, 35.557075 ], [ 139.724655, 35.557225 ], [ 139.724169, 35.557559 ], [ 139.72391, 35.557744 ], [ 139.723576, 35.55798 ], [ 139.723478, 35.558049 ], [ 139.722838, 35.558512 ], [ 139.722566, 35.558672 ], [ 139.722899, 35.55907 ], [ 139.722947, 35.559128 ], [ 139.723027, 35.559229 ], [ 139.723112, 35.559356 ], [ 139.723495, 35.559864 ], [ 139.72369, 35.560113 ], [ 139.723752, 35.560204 ], [ 139.72395, 35.560452 ], [ 139.724009, 35.560526 ], [ 139.724013, 35.560532 ], [ 139.724075, 35.560616 ], [ 139.724563, 35.561266 ], [ 139.724659, 35.561406 ], [ 139.724819, 35.561278 ], [ 139.724964, 35.561186 ], [ 139.72563, 35.560735 ], [ 139.725833, 35.560616 ], [ 139.726056, 35.560519 ], [ 139.726096, 35.560501 ], [ 139.726355, 35.560394 ], [ 139.726621, 35.560307 ], [ 139.726962, 35.560236 ], [ 139.72698, 35.560229 ], [ 139.727323, 35.560191 ], [ 139.727348, 35.560188 ] ] ] } },
{ "type": "Feature", "properties": { "key": "大田区|南蒲田2丁目", "ward": "大田区", "town": "南蒲田二丁目" }, "geometry": { "type": "Polygon", "coordinates": [ [ [ 139.723289, 35.552578 ], [ 139.723271, 35.552588 ], [ 139.72291, 35.552327 ], [ 139.722576, 35.552083 ], [ 139.722465, 35.552832 ], [ 139.722382, 35.553327 ], [ 139.72238, 35.553356 ], [ 139.722326, 35.553567 ], [ 139.722256, 35.553658 ], [ 139.7222, 35.55372 ], [ 139.72201, 35.553856 ], [ 139.721579, 35.554151 ], [ 139.72126, 35.554383 ], [ 139.720824, 35.554708 ], [ 139.720648, 35.554827 ], [ 139.72003, 35.555252 ], [ 139.72014, 35.555401 ], [ 139.720143, 35.555419 ], [ 139.720384, 35.555733 ], [ 139.720398, 35.555749 ], [ 139.72104, 35.556573 ], [ 139.721074, 35.556615 ], [ 139.7211, 35.556663 ], [ 139.721673, 35.557417 ], [ 139.721781, 35.557562 ], [ 139.72181, 35.55761 ], [ 139.722119, 35.558028 ], [ 139.722095, 35.558033 ], [ 139.722566, 35.558672 ], [ 139.722838, 35.558512 ], [ 139.723478, 35.558049 ], [ 139.723576, 35.55798 ], [ 139.72391, 35.557744 ], [ 139.724169, 35.557559 ], [ 139.724655, 35.557225 ], [ 139.724865, 35.557075 ], [ 139.725044, 35.556947 ], [ 139.725523, 35.556604 ], [ 139.725879, 35.556343 ], [ 139.726047, 35.55622 ], [ 139.726326, 35.556036 ], [ 139.726138, 35.555795 ], [ 139.726118, 35.55577 ], [ 139.725711, 35.555248 ], [ 139.725504, 35.554984 ], [ 139.725346, 35.554781 ], [ 139.725015, 35.554331 ], [ 139.72473, 35.553985 ], [ 139.724288, 35.553546 ], [ 139.723913, 35.553186 ], [ 139.723744, 35.553021 ], [ 139.723369, 35.552656 ], [ 139.723289, 35.552578 ] ] ] } },
{ "type": "Feature", "properties": { "key": "大田区|南蒲田3丁目", "ward": "大田区", "town": "南蒲田三丁目" }, "geometry": { "type": "Polygon", "coordinates": [ [ [ 139.729675, 35.552535 ], [ 139.729664, 35.552421 ], [ 139.729086, 35.552623 ], [ 139.728888, 35.552623 ], [ 139.728262, 35.552622 ], [ 139.727842, 35.552619 ], [ 139.727801, 35.552619 ], [ 139.726774, 35.552623 ], [ 139.726349, 35.552605 ], [ 139.726329, 35.552618 ], [ 139.726081, 35.552571 ], [ 139.725755, 35.552574 ], [ 139.725594, 35.552571 ], [ 139.725585, 35.552571 ], [ 139.724912, 35.552585 ], [ 139.724755, 35.552588 ], [ 139.724752, 35.552576 ], [ 139.723867, 35.552562 ], [ 139.723671, 35.552525 ], [ 139.723618, 35.552543 ], [ 139.723289, 35.552578 ], [ 139.723369, 35.552656 ], [ 139.723744, 35.553021 ], [ 139.723913, 35.553186 ], [ 139.724288, 35.553546 ], [ 139.72473, 35.553985 ], [ 139.725015, 35.554331 ], [ 139.725346, 35.554781 ], [ 139.725504, 35.554984 ], [ 139.725711, 35.555248 ], [ 139.726118, 35.55577 ], [ 139.726138, 35.555795 ], [ 139.726326, 35.556036 ], [ 139.726658, 35.555793 ], [ 139.726835, 35.55567 ], [ 139.726842, 35.555665 ], [ 139.727028, 35.555535 ], [ 139.727316, 35.555334 ], [ 139.727324, 35.555329 ], [ 139.727516, 35.55519 ], [ 139.727815, 35.554974 ], [ 139.727853, 35.554947 ], [ 139.728101, 35.554767 ], [ 139.728183, 35.554708 ], [ 139.728316, 35.554612 ], [ 139.728354, 35.554584 ], [ 139.728505, 35.554476 ], [ 139.728541, 35.554454 ], [ 139.729044, 35.554083 ], [ 139.729753, 35.55356 ], [ 139.729855, 35.55351 ], [ 139.729796, 35.553146 ], [ 139.729751, 35.552919 ], [ 139.729675, 35.552535 ] ] ] } },
{ "type": "Feature", "properties": { "key": "大田区|西蒲田1丁目", "ward": "大田区", "town": "西蒲田一丁目" }, "geometry": { "type": "Polygon", "coordinates": [ [ [ 139.714707, 35.572206 ], [ 139.715257, 35.571921 ], [ 139.715479, 35.571807 ], [ 139.715937, 35.571557 ], [ 139.716422, 35.571305 ], [ 139.716725, 35.571141 ], [ 139.716965, 35.57101 ], [ 139.717256, 35.570946 ], [ 139.717334, 35.570911 ], [ 139.717493, 35.570804 ], [ 139.717834, 35.570632 ], [ 139.717898, 35.570604 ], [ 139.718182, 35.570478 ], [ 139.718377, 35.570386 ], [ 139.718515, 35.569936 ], [ 139.717856, 35.56997 ], [ 139.717111, 35.570006 ], [ 139.716473, 35.570047 ], [ 139.715822, 35.570074 ], [ 139.715697, 35.57008 ], [ 139.715073, 35.570108 ], [ 139.714525, 35.570148 ], [ 139.714442, 35.570154 ], [ 139.714403, 35.570157 ], [ 139.714371, 35.570159 ], [ 139.713864, 35.570182 ], [ 139.71332, 35.570209 ], [ 139.713135, 35.57022 ], [ 139.712118, 35.570269 ], [ 139.711155, 35.570319 ], [ 139.710926, 35.570837 ], [ 139.710727, 35.571281 ], [ 139.710298, 35.572275 ], [ 139.710513, 35.572334 ], [ 139.710853, 35.57243 ], [ 139.711503, 35.572617 ], [ 139.711648, 35.572474 ], [ 139.712019, 35.572955 ], [ 139.712229, 35.573229 ], [ 139.712395, 35.573445 ], [ 139.712421, 35.573429 ], [ 139.712738, 35.573251 ], [ 139.71293, 35.57315 ], [ 139.713475, 35.572857 ], [ 139.713496, 35.572846 ], [ 139.713941, 35.572608 ], [ 139.714033, 35.572557 ], [ 139.714163, 35.57249 ], [ 139.714707, 35.572206 ] ] ] } },
{ "type": "Feature", "properties": { "key": "大田区|西蒲田2丁目", "ward": "大田区", "town": "西蒲田二丁目" }, "geometry": { "type": "Polygon", "coordinates": [ [ [ 139.706483, 35.568948 ], [ 139.706471, 35.568971 ], [ 139.706255, 35.569489 ], [ 139.706159, 35.569699 ], [ 139.706131, 35.56976 ], [ 139.706041, 35.569942 ], [ 139.70601, 35.570002 ], [ 139.705922, 35.570378 ], [ 139.705886, 35.570487 ], [ 139.705864, 35.570569 ], [ 139.705741, 35.570933 ], [ 139.706078, 35.571032 ], [ 139.706779, 35.571241 ], [ 139.707351, 35.571427 ], [ 139.707807, 35.571558 ], [ 139.707899, 35.571584 ], [ 139.7082, 35.57167 ], [ 139.708325, 35.571705 ], [ 139.708633, 35.571791 ], [ 139.709627, 35.572081 ], [ 139.709974, 35.572181 ], [ 139.710298, 35.572275 ], [ 139.710727, 35.571281 ], [ 139.710926, 35.570837 ], [ 139.711155, 35.570319 ], [ 139.71075, 35.570195 ], [ 139.710589, 35.570148 ], [ 139.710051, 35.569987 ], [ 139.70995, 35.569957 ], [ 139.7095, 35.569829 ], [ 139.708982, 35.569676 ], [ 139.708892, 35.569651 ], [ 139.708211, 35.56945 ], [ 139.707763, 35.569315 ], [ 139.707332, 35.569188 ], [ 139.707084, 35.569121 ], [ 139.707055, 35.569113 ], [ 139.706483, 35.568948 ] ] ] } },
{ "type": "Feature", "properties": { "key": "大田区|西蒲田3丁目", "ward": "大田区", "town": "西蒲田三丁目" }, "geometry": { "type": "Polygon", "coordinates": [ [ [ 139.70927, 35.567004 ], [ 139.709286, 35.56697 ], [ 139.709284, 35.566936 ], [ 139.70856, 35.566995 ], [ 139.70756, 35.56707 ], [ 139.707309, 35.567037 ], [ 139.707203, 35.567275 ], [ 139.707143, 35.567409 ], [ 139.707147, 35.567411 ], [ 139.70689, 35.567984 ], [ 139.7068, 35.568184 ], [ 139.706662, 35.568492 ], [ 139.706559, 35.568753 ], [ 139.706483, 35.568948 ], [ 139.707055, 35.569113 ], [ 139.707084, 35.569121 ], [ 139.707332, 35.569188 ], [ 139.707763, 35.569315 ], [ 139.708211, 35.56945 ], [ 139.708892, 35.569651 ], [ 139.708982, 35.569676 ], [ 139.7095, 35.569829 ], [ 139.70995, 35.569957 ], [ 139.710051, 35.569987 ], [ 139.710589, 35.570148 ], [ 139.71075, 35.570195 ], [ 139.711155, 35.570319 ], [ 139.71136, 35.569848 ], [ 139.711578, 35.569355 ], [ 139.711789, 35.568859 ], [ 139.712, 35.568365 ], [ 139.712229, 35.567867 ], [ 139.711808, 35.567753 ], [ 139.711416, 35.567633 ], [ 139.711372, 35.567619 ], [ 139.711182, 35.567564 ], [ 139.710934, 35.567491 ], [ 139.710566, 35.567384 ], [ 139.709903, 35.567191 ], [ 139.709823, 35.567168 ], [ 139.709675, 35.567123 ], [ 139.70927, 35.567004 ] ] ] } },
{ "type": "Feature", "properties": { "key": "大田区|西蒲田4丁目", "ward": "大田区", "town": "西蒲田四丁目" }, "geometry": { "type": "Polygon", "coordinates": [ [ [ 139.719115, 35.570124 ], [ 139.719158, 35.570132 ], [ 139.718987, 35.56971 ], [ 139.718806, 35.569263 ], [ 139.71873, 35.569299 ], [ 139.718699, 35.569239 ], [ 139.718489, 35.56872 ], [ 139.718265, 35.568165 ], [ 139.718301, 35.56813 ], [ 139.718098, 35.567639 ], [ 139.718072, 35.567673 ], [ 139.717734, 35.567643 ], [ 139.717589, 35.567666 ], [ 139.7174, 35.567669 ], [ 139.716778, 35.567693 ], [ 139.716751, 35.567695 ], [ 139.716303, 35.567714 ], [ 139.715782, 35.567742 ], [ 139.715613, 35.567748 ], [ 139.715479, 35.567754 ], [ 139.714916, 35.567776 ], [ 139.714904, 35.567776 ], [ 139.713691, 35.567822 ], [ 139.713403, 35.567833 ], [ 139.713127, 35.567842 ], [ 139.712487, 35.567856 ], [ 139.712229, 35.567867 ], [ 139.712, 35.568365 ], [ 139.711789, 35.568859 ], [ 139.711578, 35.569355 ], [ 139.71136, 35.569848 ], [ 139.711155, 35.570319 ], [ 139.712118, 35.570269 ], [ 139.713135, 35.57022 ], [ 139.71332, 35.570209 ], [ 139.713864, 35.570182 ], [ 139.714371, 35.570159 ], [ 139.714403, 35.570157 ], [ 139.714442, 35.570154 ], [ 139.714525, 35.570148 ], [ 139.715073, 35.570108 ], [ 139.715697, 35.57008 ], [ 139.715822, 35.570074 ], [ 139.716473, 35.570047 ], [ 139.717111, 35.570006 ], [ 139.717856, 35.56997 ], [ 139.718515, 35.569936 ], [ 139.718377, 35.570386 ], [ 139.718394, 35.570414 ], [ 139.718603, 35.570287 ], [ 139.718857, 35.570246 ], [ 139.719018, 35.570229 ], [ 139.719064, 35.570182 ], [ 139.719115, 35.570124 ] ] ] } },
{ "type": "Feature", "properties": { "key": "大田区|西蒲田5丁目", "ward": "大田区", "town": "西蒲田五丁目" }, "geometry": { "type": "Polygon", "coordinates": [ [ [ 139.717734, 35.567643 ], [ 139.718072, 35.567673 ], [ 139.718098, 35.567639 ], [ 139.718037, 35.567504 ], [ 139.717929, 35.567264 ], [ 139.717648, 35.566635 ], [ 139.717378, 35.566026 ], [ 139.717314, 35.565888 ], [ 139.717262, 35.565778 ], [ 139.717079, 35.565367 ], [ 139.716954, 35.565123 ], [ 139.71687, 35.564938 ], [ 139.716781, 35.564741 ], [ 139.716509, 35.5641 ], [ 139.716157, 35.564156 ], [ 139.715708, 35.56417 ], [ 139.715188, 35.564185 ], [ 139.714991, 35.564188 ], [ 139.71468, 35.564175 ], [ 139.714555, 35.564163 ], [ 139.713963, 35.564242 ], [ 139.713365, 35.564316 ], [ 139.713424, 35.56507 ], [ 139.71333, 35.565312 ], [ 139.713282, 35.565432 ], [ 139.713009, 35.566057 ], [ 139.712692, 35.566811 ], [ 139.712686, 35.566824 ], [ 139.712507, 35.567234 ], [ 139.712427, 35.567409 ], [ 139.712229, 35.567867 ], [ 139.712487, 35.567856 ], [ 139.713127, 35.567842 ], [ 139.713403, 35.567833 ], [ 139.713691, 35.567822 ], [ 139.714904, 35.567776 ], [ 139.714916, 35.567776 ], [ 139.715479, 35.567754 ], [ 139.715613, 35.567748 ], [ 139.715782, 35.567742 ], [ 139.716303, 35.567714 ], [ 139.716751, 35.567695 ], [ 139.716778, 35.567693 ], [ 139.7174, 35.567669 ], [ 139.717589, 35.567666 ], [ 139.717734, 35.567643 ] ] ] } },
{ "type": "Feature", "properties": { "key": "大田区|西蒲田6丁目", "ward": "大田区", "town": "西蒲田六丁目" }, "geometry": { "type": "Polygon", "coordinates": [ [ [ 139.712686, 35.566824 ], [ 139.712692, 35.566811 ], [ 139.713009, 35.566057 ], [ 139.713282, 35.565432 ], [ 139.71333, 35.565312 ], [ 139.713424, 35.56507 ], [ 139.713365, 35.564316 ], [ 139.713332, 35.564316 ], [ 139.713055, 35.56435 ], [ 139.712966, 35.564357 ], [ 139.712937, 35.56436 ], [ 139.712435, 35.564405 ], [ 139.71242, 35.564407 ], [ 139.711679, 35.564472 ], [ 139.711679, 35.564431 ], [ 139.711217, 35.564534 ], [ 139.711139, 35.564551 ], [ 139.711113, 35.564555 ], [ 139.710996, 35.564573 ], [ 139.710705, 35.564638 ], [ 139.710587, 35.564664 ], [ 139.710442, 35.564695 ], [ 139.710365, 35.564682 ], [ 139.71033, 35.564678 ], [ 139.709894, 35.564622 ], [ 139.709318, 35.564556 ], [ 139.708788, 35.564506 ], [ 139.708709, 35.564497 ], [ 139.708453, 35.564473 ], [ 139.708245, 35.564949 ], [ 139.707882, 35.565764 ], [ 139.707878, 35.565767 ], [ 139.707755, 35.566057 ], [ 139.7077, 35.566181 ], [ 139.70758, 35.566437 ], [ 139.707543, 35.566513 ], [ 139.707487, 35.56663 ], [ 139.707309, 35.567037 ], [ 139.70756, 35.56707 ], [ 139.70856, 35.566995 ], [ 139.709284, 35.566936 ], [ 139.709286, 35.56697 ], [ 139.70927, 35.567004 ], [ 139.709675, 35.567123 ], [ 139.709823, 35.567168 ], [ 139.709903, 35.567191 ], [ 139.710566, 35.567384 ], [ 139.710934, 35.567491 ], [ 139.711182, 35.567564 ], [ 139.711372, 35.567619 ], [ 139.711416, 35.567633 ], [ 139.711808, 35.567753 ], [ 139.712229, 35.567867 ], [ 139.712427, 35.567409 ], [ 139.712507, 35.567234 ], [ 139.712686, 35.566824 ] ] ] } },
{ "type": "Feature", "properties": { "key": "大田区|西蒲田7丁目", "ward": "大田区", "town": "西蒲田七丁目" }, "geometry": { "type": "Polygon", "coordinates": [ [ [ 139.711679, 35.564431 ], [ 139.711679, 35.564472 ], [ 139.71242, 35.564407 ], [ 139.712435, 35.564405 ], [ 139.712937, 35.56436 ], [ 139.712966, 35.564357 ], [ 139.713055, 35.56435 ], [ 139.713332, 35.564316 ], [ 139.713365, 35.564316 ], [ 139.713963, 35.564242 ], [ 139.714555, 35.564163 ], [ 139.71468, 35.564175 ], [ 139.714991, 35.564188 ], [ 139.715188, 35.564185 ], [ 139.715708, 35.56417 ], [ 139.716157, 35.564156 ], [ 139.716509, 35.5641 ], [ 139.71649, 35.564043 ], [ 139.716148, 35.563301 ], [ 139.716061, 35.563095 ], [ 139.715969, 35.562863 ], [ 139.715938, 35.5628 ], [ 139.715684, 35.562161 ], [ 139.715543, 35.561813 ], [ 139.715466, 35.561793 ], [ 139.715338, 35.561502 ], [ 139.713922, 35.561521 ], [ 139.713278, 35.561532 ], [ 139.712814, 35.56154 ], [ 139.711555, 35.561568 ], [ 139.71108, 35.561562 ], [ 139.710469, 35.561516 ], [ 139.710097, 35.561478 ], [ 139.710068, 35.561475 ], [ 139.709962, 35.561465 ], [ 139.709424, 35.561412 ], [ 139.708799, 35.56136 ], [ 139.708791, 35.561477 ], [ 139.708789, 35.561501 ], [ 139.708789, 35.561627 ], [ 139.708778, 35.561889 ], [ 139.70877, 35.56221 ], [ 139.708772, 35.562246 ], [ 139.708765, 35.56239 ], [ 139.708765, 35.562577 ], [ 139.708763, 35.56265 ], [ 139.708765, 35.562667 ], [ 139.708759, 35.562863 ], [ 139.708755, 35.563067 ], [ 139.70874, 35.563509 ], [ 139.708831, 35.563598 ], [ 139.708802, 35.563679 ], [ 139.708744, 35.563843 ], [ 139.708659, 35.564045 ], [ 139.708453, 35.564473 ], [ 139.708709, 35.564497 ], [ 139.708788, 35.564506 ], [ 139.709318, 35.564556 ], [ 139.709894, 35.564622 ], [ 139.71033, 35.564678 ], [ 139.710365, 35.564682 ], [ 139.710442, 35.564695 ], [ 139.710587, 35.564664 ], [ 139.710705, 35.564638 ], [ 139.710996, 35.564573 ], [ 139.711113, 35.564555 ], [ 139.711139, 35.564551 ], [ 139.711217, 35.564534 ], [ 139.711679, 35.564431 ] ] ] } },
{ "type": "Feature", "properties": { "key": "大田区|西蒲田8丁目", "ward": "大田区", "town": "西蒲田八丁目" }, "geometry": { "type": "Polygon", "coordinates": [ [ [ 139.714478, 35.559589 ], [ 139.714012, 35.55963 ], [ 139.713674, 35.55961 ], [ 139.713525, 35.55957 ], [ 139.713173, 35.5596 ], [ 139.712873, 35.559625 ], [ 139.712633, 35.559644 ], [ 139.711615, 35.559738 ], [ 139.711182, 35.559768 ], [ 139.710531, 35.559821 ], [ 139.710461, 35.55983 ], [ 139.709958, 35.5599 ], [ 139.709773, 35.559926 ], [ 139.709474, 35.559971 ], [ 139.708821, 35.560079 ], [ 139.708832, 35.560491 ], [ 139.708824, 35.560746 ], [ 139.708812, 35.561005 ], [ 139.708799, 35.56136 ], [ 139.709424, 35.561412 ], [ 139.709962, 35.561465 ], [ 139.710068, 35.561475 ], [ 139.710097, 35.561478 ], [ 139.710469, 35.561516 ], [ 139.71108, 35.561562 ], [ 139.711555, 35.561568 ], [ 139.712814, 35.56154 ], [ 139.713278, 35.561532 ], [ 139.713922, 35.561521 ], [ 139.715338, 35.561502 ], [ 139.715329, 35.561483 ], [ 139.715289, 35.561394 ], [ 139.715197, 35.56119 ], [ 139.715119, 35.56117 ], [ 139.715083, 35.561131 ], [ 139.714985, 35.560893 ], [ 139.714884, 35.560635 ], [ 139.714712, 35.560201 ], [ 139.714478, 35.559589 ] ] ] } },
{ "type": "Feature", "properties": { "key": "大田区|蒲田1丁目", "ward": "大田区", "town": "蒲田一丁目" }, "geometry": { "type": "Polygon", "coordinates": [ [ [ 139.721162, 35.562409 ], [ 139.720737, 35.562718 ], [ 139.7206, 35.562819 ], [ 139.719636, 35.563506 ], [ 139.719605, 35.563528 ], [ 139.719361, 35.563651 ], [ 139.719283, 35.563691 ], [ 139.718591, 35.564034 ], [ 139.718517, 35.564067 ], [ 139.718463, 35.564094 ], [ 139.718298, 35.564178 ], [ 139.718164, 35.564247 ], [ 139.717792, 35.564462 ], [ 139.717553, 35.56459 ], [ 139.717327, 35.564711 ], [ 139.71687, 35.564938 ], [ 139.716954, 35.565123 ], [ 139.717079, 35.565367 ], [ 139.717262, 35.565778 ], [ 139.717314, 35.565888 ], [ 139.717378, 35.566026 ], [ 139.717648, 35.566635 ], [ 139.717929, 35.567264 ], [ 139.718037, 35.567504 ], [ 139.718098, 35.567639 ], [ 139.718301, 35.56813 ], [ 139.718265, 35.568165 ], [ 139.718489, 35.56872 ], [ 139.718699, 35.569239 ], [ 139.71873, 35.569299 ], [ 139.718806, 35.569263 ], [ 139.718992, 35.56922 ], [ 139.719355, 35.569139 ], [ 139.719546, 35.569096 ], [ 139.720181, 35.568962 ], [ 139.720251, 35.568946 ], [ 139.72034, 35.568926 ], [ 139.720762, 35.568835 ], [ 139.721334, 35.56871 ], [ 139.721958, 35.568578 ], [ 139.722132, 35.568542 ], [ 139.722479, 35.568469 ], [ 139.723172, 35.568323 ], [ 139.723005, 35.567825 ], [ 139.722934, 35.567605 ], [ 139.722861, 35.567398 ], [ 139.722724, 35.567007 ], [ 139.722629, 35.566719 ], [ 139.722518, 35.566382 ], [ 139.722358, 35.565873 ], [ 139.722244, 35.565536 ], [ 139.722114, 35.565246 ], [ 139.721881, 35.564557 ], [ 139.721752, 35.56412 ], [ 139.721744, 35.564097 ], [ 139.721592, 35.563619 ], [ 139.721562, 35.563547 ], [ 139.7213, 35.562788 ], [ 139.721162, 35.562409 ] ] ] } },
{ "type": "Feature", "properties": { "key": "大田区|蒲田2丁目", "ward": "大田区", "town": "蒲田二丁目" }, "geometry": { "type": "Polygon", "coordinates": [ [ [ 139.727378, 35.565022 ], [ 139.727106, 35.56508 ], [ 139.727011, 35.56508 ], [ 139.726698, 35.565021 ], [ 139.726415, 35.564983 ], [ 139.72564, 35.56491 ], [ 139.725556, 35.564926 ], [ 139.724868, 35.564845 ], [ 139.724773, 35.564833 ], [ 139.724368, 35.56478 ], [ 139.723538, 35.564666 ], [ 139.723334, 35.565274 ], [ 139.722871, 35.565391 ], [ 139.722765, 35.565416 ], [ 139.722244, 35.565536 ], [ 139.722358, 35.565873 ], [ 139.722518, 35.566382 ], [ 139.722629, 35.566719 ], [ 139.722724, 35.567007 ], [ 139.722861, 35.567398 ], [ 139.722934, 35.567605 ], [ 139.723005, 35.567825 ], [ 139.723172, 35.568323 ], [ 139.723474, 35.568259 ], [ 139.723927, 35.568163 ], [ 139.72408, 35.568127 ], [ 139.724088, 35.568125 ], [ 139.72439, 35.568067 ], [ 139.725311, 35.567868 ], [ 139.725502, 35.567828 ], [ 139.725527, 35.567821 ], [ 139.726436, 35.567632 ], [ 139.727188, 35.567492 ], [ 139.72739, 35.567462 ], [ 139.728325, 35.567288 ], [ 139.728499, 35.567252 ], [ 139.728537, 35.567243 ], [ 139.728616, 35.567206 ], [ 139.728841, 35.56704 ], [ 139.728833, 35.567029 ], [ 139.728472, 35.566532 ], [ 139.728426, 35.566473 ], [ 139.728412, 35.566453 ], [ 139.728254, 35.566229 ], [ 139.727934, 35.565789 ], [ 139.727821, 35.565638 ], [ 139.727793, 35.565601 ], [ 139.727665, 35.56542 ], [ 139.727662, 35.565415 ], [ 139.727378, 35.565022 ] ] ] } },
{ "type": "Feature", "properties": { "key": "大田区|蒲田3丁目", "ward": "大田区", "town": "蒲田三丁目" }, "geometry": { "type": "Polygon", "coordinates": [ [ [ 139.723538, 35.564666 ], [ 139.724368, 35.56478 ], [ 139.724773, 35.564833 ], [ 139.724868, 35.564845 ], [ 139.725556, 35.564926 ], [ 139.72564, 35.56491 ], [ 139.726415, 35.564983 ], [ 139.726698, 35.565021 ], [ 139.727011, 35.56508 ], [ 139.727106, 35.56508 ], [ 139.727378, 35.565022 ], [ 139.727358, 35.565005 ], [ 139.726916, 35.564394 ], [ 139.72669, 35.564092 ], [ 139.726636, 35.564016 ], [ 139.726392, 35.563696 ], [ 139.72621, 35.563455 ], [ 139.726191, 35.563436 ], [ 139.725906, 35.563063 ], [ 139.725524, 35.56256 ], [ 139.725521, 35.562555 ], [ 139.725011, 35.561877 ], [ 139.724723, 35.561492 ], [ 139.724659, 35.561406 ], [ 139.724596, 35.561492 ], [ 139.724382, 35.561788 ], [ 139.724336, 35.561837 ], [ 139.724333, 35.561841 ], [ 139.724287, 35.56189 ], [ 139.724143, 35.562003 ], [ 139.723962, 35.562075 ], [ 139.723905, 35.562097 ], [ 139.723836, 35.562103 ], [ 139.723802, 35.562106 ], [ 139.723583, 35.562124 ], [ 139.723416, 35.562137 ], [ 139.723166, 35.562145 ], [ 139.722808, 35.562155 ], [ 139.722362, 35.562155 ], [ 139.722178, 35.562154 ], [ 139.722081, 35.56216 ], [ 139.721969, 35.562166 ], [ 139.721757, 35.562177 ], [ 139.721562, 35.562219 ], [ 139.721479, 35.562237 ], [ 139.721268, 35.562337 ], [ 139.721169, 35.562405 ], [ 139.721162, 35.562409 ], [ 139.7213, 35.562788 ], [ 139.721562, 35.563547 ], [ 139.721592, 35.563619 ], [ 139.721744, 35.564097 ], [ 139.721752, 35.56412 ], [ 139.721881, 35.564557 ], [ 139.722114, 35.565246 ], [ 139.722244, 35.565536 ], [ 139.722765, 35.565416 ], [ 139.722871, 35.565391 ], [ 139.723334, 35.565274 ], [ 139.723538, 35.564666 ] ] ] } },
{ "type": "Feature", "properties": { "key": "大田区|蒲田4丁目", "ward": "大田区", "town": "蒲田四丁目" }, "geometry": { "type": "Polygon", "coordinates": [ [ [ 139.722178, 35.562154 ], [ 139.722362, 35.562155 ], [ 139.722808, 35.562155 ], [ 139.723166, 35.562145 ], [ 139.723416, 35.562137 ], [ 139.723583, 35.562124 ], [ 139.723802, 35.562106 ], [ 139.723836, 35.562103 ], [ 139.723905, 35.562097 ], [ 139.723962, 35.562075 ], [ 139.724143, 35.562003 ], [ 139.724287, 35.56189 ], [ 139.724333, 35.561841 ], [ 139.724336, 35.561837 ], [ 139.724382, 35.561788 ], [ 139.724596, 35.561492 ], [ 139.724659, 35.561406 ], [ 139.724563, 35.561266 ], [ 139.724075, 35.560616 ], [ 139.724013, 35.560532 ], [ 139.724009, 35.560526 ], [ 139.72395, 35.560452 ], [ 139.723752, 35.560204 ], [ 139.72369, 35.560113 ], [ 139.723495, 35.559864 ], [ 139.723112, 35.559356 ], [ 139.723027, 35.559229 ], [ 139.722947, 35.559128 ], [ 139.722899, 35.55907 ], [ 139.722566, 35.558672 ], [ 139.722095, 35.558033 ], [ 139.721497, 35.558164 ], [ 139.721466, 35.558171 ], [ 139.721331, 35.55823 ], [ 139.721168, 35.558265 ], [ 139.720775, 35.558347 ], [ 139.720698, 35.558364 ], [ 139.720324, 35.558451 ], [ 139.719659, 35.558601 ], [ 139.719396, 35.55866 ], [ 139.718984, 35.558758 ], [ 139.718405, 35.558895 ], [ 139.718471, 35.559041 ], [ 139.718576, 35.559274 ], [ 139.718589, 35.55931 ], [ 139.71883, 35.559847 ], [ 139.718864, 35.559931 ], [ 139.719042, 35.560337 ], [ 139.719264, 35.560748 ], [ 139.719311, 35.560832 ], [ 139.71953, 35.560942 ], [ 139.719868, 35.561105 ], [ 139.720319, 35.561321 ], [ 139.720537, 35.561422 ], [ 139.720654, 35.561488 ], [ 139.720947, 35.561655 ], [ 139.721006, 35.561846 ], [ 139.721169, 35.562405 ], [ 139.721268, 35.562337 ], [ 139.721479, 35.562237 ], [ 139.721562, 35.562219 ], [ 139.721757, 35.562177 ], [ 139.721969, 35.562166 ], [ 139.722081, 35.56216 ], [ 139.722178, 35.562154 ] ] ] } },
{ "type": "Feature", "properties": { "key": "大田区|蒲田5丁目", "ward": "大田区", "town": "蒲田五丁目" }, "geometry": { "type": "Polygon", "coordinates": [ [ [ 139.718405, 35.558895 ], [ 139.718363, 35.558903 ], [ 139.717853, 35.559018 ], [ 139.717206, 35.559149 ], [ 139.716948, 35.559211 ], [ 139.716607, 35.559355 ], [ 139.716418, 35.559433 ], [ 139.715537, 35.559506 ], [ 139.714478, 35.559589 ], [ 139.714712, 35.560201 ], [ 139.714884, 35.560635 ], [ 139.714985, 35.560893 ], [ 139.715083, 35.561131 ], [ 139.715119, 35.56117 ], [ 139.715197, 35.56119 ], [ 139.715289, 35.561394 ], [ 139.715329, 35.561483 ], [ 139.715338, 35.561502 ], [ 139.715466, 35.561793 ], [ 139.715543, 35.561813 ], [ 139.715684, 35.562161 ], [ 139.715938, 35.5628 ], [ 139.715969, 35.562863 ], [ 139.716061, 35.563095 ], [ 139.716148, 35.563301 ], [ 139.71649, 35.564043 ], [ 139.716509, 35.5641 ], [ 139.716781, 35.564741 ], [ 139.71687, 35.564938 ], [ 139.717327, 35.564711 ], [ 139.717553, 35.56459 ], [ 139.717792, 35.564462 ], [ 139.718164, 35.564247 ], [ 139.718298, 35.564178 ], [ 139.718463, 35.564094 ], [ 139.718517, 35.564067 ], [ 139.718591, 35.564034 ], [ 139.719283, 35.563691 ], [ 139.719361, 35.563651 ], [ 139.719605, 35.563528 ], [ 139.719636, 35.563506 ], [ 139.7206, 35.562819 ], [ 139.720737, 35.562718 ], [ 139.721162, 35.562409 ], [ 139.721169, 35.562405 ], [ 139.721006, 35.561846 ], [ 139.720947, 35.561655 ], [ 139.720654, 35.561488 ], [ 139.720537, 35.561422 ], [ 139.720319, 35.561321 ], [ 139.719868, 35.561105 ], [ 139.71953, 35.560942 ], [ 139.719311, 35.560832 ], [ 139.719264, 35.560748 ], [ 139.719042, 35.560337 ], [ 139.718864, 35.559931 ], [ 139.71883, 35.559847 ], [ 139.718589, 35.55931 ], [ 139.718576, 35.559274 ], [ 139.718471, 35.559041 ], [ 139.718405, 35.558895 ] ] ] } },
{ "type": "Feature", "properties": { "key": "大田区|蒲田本町1丁目", "ward": "大田区", "town": "蒲田本町一丁目" }, "geometry": { "type": "Polygon", "coordinates": [ [ [ 139.716665, 35.555566 ], [ 139.716434, 35.555576 ], [ 139.716177, 35.555582 ], [ 139.715905, 35.555572 ], [ 139.71539, 35.555545 ], [ 139.714947, 35.555554 ], [ 139.714875, 35.555556 ], [ 139.714581, 35.555565 ], [ 139.714305, 35.555574 ], [ 139.713999, 35.555583 ], [ 139.713201, 35.555566 ], [ 139.713039, 35.555567 ], [ 139.713067, 35.555658 ], [ 139.713338, 35.556312 ], [ 139.713573, 35.556889 ], [ 139.71359, 35.556893 ], [ 139.713667, 35.557118 ], [ 139.714081, 35.558117 ], [ 139.713991, 35.558315 ], [ 139.714165, 35.558697 ], [ 139.714265, 35.558981 ], [ 139.71428, 35.559022 ], [ 139.714359, 35.559248 ], [ 139.714478, 35.559589 ], [ 139.715537, 35.559506 ], [ 139.716418, 35.559433 ], [ 139.716607, 35.559355 ], [ 139.716948, 35.559211 ], [ 139.717206, 35.559149 ], [ 139.717853, 35.559018 ], [ 139.718363, 35.558903 ], [ 139.717834, 35.557888 ], [ 139.717701, 35.557624 ], [ 139.717458, 35.557129 ], [ 139.717329, 35.556878 ], [ 139.717198, 35.556602 ], [ 139.716931, 35.556087 ], [ 139.716665, 35.555566 ] ] ] } },
{ "type": "Feature", "properties": { "key": "大田区|蒲田本町2丁目", "ward": "大田区", "town": "蒲田本町二丁目" }, "geometry": { "type": "Polygon", "coordinates": [ [ [ 139.720143, 35.555419 ], [ 139.72014, 35.555401 ], [ 139.71954, 35.555498 ], [ 139.719382, 35.555526 ], [ 139.719257, 35.555551 ], [ 139.719084, 35.555586 ], [ 139.718876, 35.555594 ], [ 139.718766, 35.555594 ], [ 139.718499, 35.555588 ], [ 139.718464, 35.555586 ], [ 139.718145, 35.555579 ], [ 139.717826, 35.55558 ], [ 139.717516, 35.555581 ], [ 139.717393, 35.55558 ], [ 139.717201, 35.555578 ], [ 139.716665, 35.555566 ], [ 139.716931, 35.556087 ], [ 139.717198, 35.556602 ], [ 139.717329, 35.556878 ], [ 139.717458, 35.557129 ], [ 139.717701, 35.557624 ], [ 139.717834, 35.557888 ], [ 139.718363, 35.558903 ], [ 139.718405, 35.558895 ], [ 139.718984, 35.558758 ], [ 139.719396, 35.55866 ], [ 139.719659, 35.558601 ], [ 139.720324, 35.558451 ], [ 139.720698, 35.558364 ], [ 139.720775, 35.558347 ], [ 139.721168, 35.558265 ], [ 139.721331, 35.55823 ], [ 139.721466, 35.558171 ], [ 139.721497, 35.558164 ], [ 139.722095, 35.558033 ], [ 139.722119, 35.558028 ], [ 139.72181, 35.55761 ], [ 139.721781, 35.557562 ], [ 139.721673, 35.557417 ], [ 139.7211, 35.556663 ], [ 139.721074, 35.556615 ], [ 139.72104, 35.556573 ], [ 139.720398, 35.555749 ], [ 139.720384, 35.555733 ], [ 139.720143, 35.555419 ] ] ] } },
{ "type": "Feature", "properties": { "key": "大田区|新蒲田1丁目", "ward": "大田区", "town": "新蒲田一丁目" }, "geometry": { "type": "Polygon", "coordinates": [ [ [ 139.713525, 35.55957 ], [ 139.713674, 35.55961 ], [ 139.714012, 35.55963 ], [ 139.714478, 35.559589 ], [ 139.714359, 35.559248 ], [ 139.71428, 35.559022 ], [ 139.714265, 35.558981 ], [ 139.714165, 35.558697 ], [ 139.713991, 35.558315 ], [ 139.714081, 35.558117 ], [ 139.713667, 35.557118 ], [ 139.71359, 35.556893 ], [ 139.713573, 35.556889 ], [ 139.713085, 35.556779 ], [ 139.71246, 35.556595 ], [ 139.712159, 35.556516 ], [ 139.711733, 35.556401 ], [ 139.711267, 35.556303 ], [ 139.711223, 35.556285 ], [ 139.709234, 35.555171 ], [ 139.709172, 35.55509 ], [ 139.709159, 35.555083 ], [ 139.709122, 35.555511 ], [ 139.709047, 35.556275 ], [ 139.709024, 35.556588 ], [ 139.708988, 35.556991 ], [ 139.708951, 35.557234 ], [ 139.708921, 35.557637 ], [ 139.708877, 35.558079 ], [ 139.708827, 35.558731 ], [ 139.708824, 35.558771 ], [ 139.708824, 35.558793 ], [ 139.708815, 35.559366 ], [ 139.708814, 35.559432 ], [ 139.708821, 35.560079 ], [ 139.709474, 35.559971 ], [ 139.709773, 35.559926 ], [ 139.709958, 35.5599 ], [ 139.710461, 35.55983 ], [ 139.710531, 35.559821 ], [ 139.711182, 35.559768 ], [ 139.711615, 35.559738 ], [ 139.712633, 35.559644 ], [ 139.712873, 35.559625 ], [ 139.713173, 35.5596 ], [ 139.713525, 35.55957 ] ] ] } },
{ "type": "Feature", "properties": { "key": "大田区|新蒲田2丁目", "ward": "大田区", "town": "新蒲田二丁目" }, "geometry": { "type": "Polygon", "coordinates": [ [ [ 139.708824, 35.558793 ], [ 139.708764, 35.558795 ], [ 139.708342, 35.558795 ], [ 139.707777, 35.558787 ], [ 139.707638, 35.558785 ], [ 139.707259, 35.558749 ], [ 139.706697, 35.558695 ], [ 139.706316, 35.558667 ], [ 139.705373, 35.558593 ], [ 139.705039, 35.558568 ], [ 139.705023, 35.558567 ], [ 139.704987, 35.558566 ], [ 139.704961, 35.558563 ], [ 139.703959, 35.558469 ], [ 139.703943, 35.558468 ], [ 139.703582, 35.558439 ], [ 139.703495, 35.559142 ], [ 139.703424, 35.559739 ], [ 139.703423, 35.559749 ], [ 139.703372, 35.560147 ], [ 139.70336, 35.560243 ], [ 139.703318, 35.56056 ], [ 139.703321, 35.560876 ], [ 139.703322, 35.560894 ], [ 139.703318, 35.56133 ], [ 139.703306, 35.561436 ], [ 139.703295, 35.561472 ], [ 139.703149, 35.561943 ], [ 139.703104, 35.562189 ], [ 139.703042, 35.562657 ], [ 139.703714, 35.562297 ], [ 139.70406, 35.562064 ], [ 139.704259, 35.561948 ], [ 139.705129, 35.561497 ], [ 139.705181, 35.561474 ], [ 139.705399, 35.561377 ], [ 139.705696, 35.561254 ], [ 139.706144, 35.561056 ], [ 139.706336, 35.560926 ], [ 139.706427, 35.560792 ], [ 139.706548, 35.560749 ], [ 139.707335, 35.560449 ], [ 139.70753, 35.560374 ], [ 139.707676, 35.560319 ], [ 139.707767, 35.56029 ], [ 139.707802, 35.560278 ], [ 139.708045, 35.56021 ], [ 139.708296, 35.560163 ], [ 139.708821, 35.560079 ], [ 139.708814, 35.559432 ], [ 139.708815, 35.559366 ], [ 139.708824, 35.558793 ] ] ] } },
{ "type": "Feature", "properties": { "key": "大田区|新蒲田3丁目", "ward": "大田区", "town": "新蒲田三丁目" }, "geometry": { "type": "Polygon", "coordinates": [ [ [ 139.709159, 35.555083 ], [ 139.708496, 35.554776 ], [ 139.708369, 35.554731 ], [ 139.708023, 35.554639 ], [ 139.707729, 35.554582 ], [ 139.707444, 35.554546 ], [ 139.707348, 35.554584 ], [ 139.706873, 35.554583 ], [ 139.706713, 35.554594 ], [ 139.70634, 35.554666 ], [ 139.70621, 35.554919 ], [ 139.706107, 35.555077 ], [ 139.705882, 35.55507 ], [ 139.705463, 35.555125 ], [ 139.705516, 35.554929 ], [ 139.705387, 35.554925 ], [ 139.704976, 35.554966 ], [ 139.704908, 35.555002 ], [ 139.705043, 35.55524 ], [ 139.704654, 35.555444 ], [ 139.704315, 35.555617 ], [ 139.704305, 35.555816 ], [ 139.704302, 35.555976 ], [ 139.704208, 35.556589 ], [ 139.704153, 35.556889 ], [ 139.704154, 35.557078 ], [ 139.703749, 35.557091 ], [ 139.703687, 35.557593 ], [ 139.703673, 35.557709 ], [ 139.703626, 35.558138 ], [ 139.703582, 35.558439 ], [ 139.703943, 35.558468 ], [ 139.703959, 35.558469 ], [ 139.704961, 35.558563 ], [ 139.704987, 35.558566 ], [ 139.705023, 35.558567 ], [ 139.705039, 35.558568 ], [ 139.705373, 35.558593 ], [ 139.706316, 35.558667 ], [ 139.706697, 35.558695 ], [ 139.707259, 35.558749 ], [ 139.707638, 35.558785 ], [ 139.707777, 35.558787 ], [ 139.708342, 35.558795 ], [ 139.708764, 35.558795 ], [ 139.708824, 35.558793 ], [ 139.708824, 35.558771 ], [ 139.708827, 35.558731 ], [ 139.708877, 35.558079 ], [ 139.708921, 35.557637 ], [ 139.708951, 35.557234 ], [ 139.708988, 35.556991 ], [ 139.709024, 35.556588 ], [ 139.709047, 35.556275 ], [ 139.709122, 35.555511 ], [ 139.709159, 35.555083 ] ] ] } }
]
}
