{
"type": "FeatureCollection",
"name": "13119",
"crs": { "type": "name", "properties": { "name": "urn:ogc:def:crs:OGC:1.3:CRS84" } },
"features": [
{ "type": "Feature", "properties": { "key": "板橋区|板橋1丁目", "ward": "板橋区", "town": "板橋一丁目" }, "geometry": { "type": "Polygon", "coordinates": [ [ [ 139.721767, 35.747464 ], [ 139.721723, 35.747464 ], [ 139.721299, 35.74747 ], [ 139.721278, 35.747366 ], [ 139.721312, 35.747361 ], [ 139.721329, 35.74712 ], [ 139.721309, 35.746806 ], [ 139.7213, 35.746702 ], [ 139.721248, 35.74642 ], [ 139.721211, 35.746303 ], [ 139.721046, 35.746363 ], [ 139.720506, 35.746608 ], [ 139.72035, 35.746675 ], [ 139.720302, 35.746697 ], [ 139.720234, 35.746728 ], [ 139.720107, 35.746537 ], [ 139.720227, 35.74648 ], [ 139.72023, 35.746479 ], [ 139.720214, 35.746451 ], [ 139.720194, 35.746387 ], [ 139.720076, 35.746152 ], [ 139.7199, 35.745812 ], [ 139.719899, 35.745806 ], [ 139.719897, 35.745796 ], [ 139.719892, 35.74576 ], [ 139.719883, 35.745703 ], [ 139.719746, 35.745694 ], [ 139.719701, 35.745691 ], [ 139.719693, 35.745423 ], [ 139.719692, 35.745405 ], [ 139.719594, 35.745393 ], [ 139.71949, 35.745381 ], [ 139.71951, 35.74514 ], [ 139.719488, 35.745144 ], [ 139.719178, 35.745211 ], [ 139.719104, 35.745239 ], [ 139.718975, 35.745289 ], [ 139.718802, 35.745312 ], [ 139.718715, 35.745323 ], [ 139.718361, 35.745372 ], [ 139.717969, 35.745427 ], [ 139.71786, 35.745442 ], [ 139.717903, 35.745822 ], [ 139.717703, 35.745838 ], [ 139.717659, 35.745468 ], [ 139.717509, 35.745489 ], [ 139.717509, 35.74549 ], [ 139.716932, 35.745548 ], [ 139.716922, 35.745549 ], [ 139.716802, 35.745561 ], [ 139.716079, 35.745651 ], [ 139.715685, 35.74575 ], [ 139.715528, 35.745789 ], [ 139.715338, 35.745836 ], [ 139.71478, 35.745984 ], [ 139.714991, 35.746307 ], [ 139.71504, 35.746362 ], [ 139.715153, 35.746524 ], [ 139.714805, 35.747029 ], [ 139.714487, 35.747531 ], [ 139.714328, 35.747783 ], [ 139.714524, 35.748395 ], [ 139.714546, 35.748461 ], [ 139.714626, 35.748673 ], [ 139.714778, 35.749057 ], [ 139.71482, 35.749164 ], [ 139.714917, 35.749298 ], [ 139.715025, 35.749283 ], [ 139.715324, 35.749247 ], [ 139.716183, 35.749147 ], [ 139.716948, 35.749059 ], [ 139.717032, 35.749049 ], [ 139.717457, 35.749008 ], [ 139.717623, 35.748993 ], [ 139.717642, 35.748992 ], [ 139.718047, 35.748955 ], [ 139.718242, 35.748933 ], [ 139.718381, 35.748917 ], [ 139.718921, 35.748867 ], [ 139.719607, 35.748802 ], [ 139.719948, 35.748773 ], [ 139.720669, 35.748712 ], [ 139.720691, 35.74871 ], [ 139.721001, 35.748684 ], [ 139.721373, 35.748631 ], [ 139.721471, 35.748605 ], [ 139.721506, 35.748596 ], [ 139.721679, 35.748535 ], [ 139.721727, 35.748518 ], [ 139.721826, 35.748476 ], [ 139.721841, 35.74832 ], [ 139.721789, 35.748223 ], [ 139.721755, 35.748166 ], [ 139.721722, 35.747995 ], [ 139.721785, 35.747992 ], [ 139.722001, 35.74798 ], [ 139.722014, 35.747791 ], [ 139.722239, 35.747766 ], [ 139.722229, 35.747698 ], [ 139.722225, 35.747671 ], [ 139.722219, 35.747482 ], [ 139.721767, 35.747464 ] ] ] } },
{ "type": "Feature", "properties": { "key": "板橋区|板橋2丁目", "ward": "板橋区", "town": "板橋二丁目" }, "geometry": { "type": "Polygon", "coordinates": [ [ [ 139.710097, 35.751258 ], [ 139.710793, 35.750663 ], [ 139.710887, 35.750582 ], [ 139.711043, 35.75045 ], [ 139.711675, 35.749911 ], [ 139.711757, 35.749868 ], [ 139.711837, 35.749815 ], [ 139.712169, 35.749665 ], [ 139.71254, 35.749604 ], [ 139.712965, 35.749533 ], [ 139.712977, 35.749531 ], [ 139.713051, 35.749518 ], [ 139.713074, 35.749515 ], [ 139.714232, 35.749377 ], [ 139.714299, 35.749369 ], [ 139.714701, 35.749323 ], [ 139.714917, 35.749298 ], [ 139.71482, 35.749164 ], [ 139.714778, 35.749057 ], [ 139.714626, 35.748673 ], [ 139.714546, 35.748461 ], [ 139.714524, 35.748395 ], [ 139.714328, 35.747783 ], [ 139.714487, 35.747531 ], [ 139.714805, 35.747029 ], [ 139.715153, 35.746524 ], [ 139.71504, 35.746362 ], [ 139.714991, 35.746307 ], [ 139.71478, 35.745984 ], [ 139.714751, 35.745992 ], [ 139.71464, 35.74588 ], [ 139.714637, 35.745877 ], [ 139.714509, 35.745733 ], [ 139.714497, 35.745708 ], [ 139.714479, 35.745667 ], [ 139.714587, 35.745627 ], [ 139.714578, 35.745612 ], [ 139.714473, 35.745435 ], [ 139.714134, 35.745458 ], [ 139.714055, 35.745498 ], [ 139.713584, 35.74554 ], [ 139.713167, 35.745598 ], [ 139.712737, 35.74566 ], [ 139.712602, 35.745682 ], [ 139.711786, 35.745797 ], [ 139.711311, 35.745861 ], [ 139.710773, 35.745932 ], [ 139.710467, 35.745965 ], [ 139.710392, 35.745962 ], [ 139.710321, 35.7461 ], [ 139.710226, 35.746121 ], [ 139.709811, 35.746264 ], [ 139.709721, 35.74628 ], [ 139.709528, 35.746291 ], [ 139.709136, 35.746324 ], [ 139.709144, 35.746468 ], [ 139.709165, 35.746659 ], [ 139.709249, 35.746837 ], [ 139.708825, 35.746889 ], [ 139.708274, 35.746993 ], [ 139.708155, 35.747017 ], [ 139.708164, 35.747257 ], [ 139.708165, 35.747286 ], [ 139.708173, 35.747674 ], [ 139.708179, 35.747962 ], [ 139.708182, 35.748112 ], [ 139.708186, 35.748322 ], [ 139.708187, 35.748354 ], [ 139.708212, 35.749081 ], [ 139.708216, 35.74913 ], [ 139.708228, 35.74926 ], [ 139.708231, 35.749291 ], [ 139.70824, 35.749499 ], [ 139.708243, 35.74956 ], [ 139.708267, 35.749917 ], [ 139.70831, 35.750559 ], [ 139.708321, 35.750718 ], [ 139.708341, 35.75103 ], [ 139.708359, 35.751324 ], [ 139.708285, 35.751306 ], [ 139.708288, 35.751397 ], [ 139.708295, 35.751653 ], [ 139.7083, 35.751829 ], [ 139.708301, 35.751864 ], [ 139.708302, 35.751906 ], [ 139.708309, 35.752174 ], [ 139.708316, 35.752174 ], [ 139.708911, 35.752189 ], [ 139.708991, 35.752189 ], [ 139.709181, 35.752023 ], [ 139.709648, 35.751637 ], [ 139.709691, 35.75161 ], [ 139.709809, 35.751508 ], [ 139.710097, 35.751258 ] ] ] } },
{ "type": "Feature", "properties": { "key": "板橋区|板橋3丁目", "ward": "板橋区", "town": "板橋三丁目" }, "geometry": { "type": "Polygon", "coordinates": [ [ [ 139.714299, 35.749369 ], [ 139.714232, 35.749377 ], [ 139.713074, 35.749515 ], [ 139.713051, 35.749518 ], [ 139.712977, 35.749531 ], [ 139.712965, 35.749533 ], [ 139.71254, 35.749604 ], [ 139.712169, 35.749665 ], [ 139.711837, 35.749815 ], [ 139.711757, 35.749868 ], [ 139.711675, 35.749911 ], [ 139.711043, 35.75045 ], [ 139.710887, 35.750582 ], [ 139.710793, 35.750663 ], [ 139.710097, 35.751258 ], [ 139.709809, 35.751508 ], [ 139.709691, 35.75161 ], [ 139.710299, 35.751929 ], [ 139.710662, 35.752111 ], [ 139.710695, 35.752126 ], [ 139.711125, 35.75232 ], [ 139.711456, 35.752416 ], [ 139.71179, 35.752507 ], [ 139.712027, 35.75257 ], [ 139.712496, 35.752697 ], [ 139.712848, 35.752795 ], [ 139.712813, 35.7529 ], [ 139.712721, 35.753045 ], [ 139.71248, 35.753301 ], [ 139.712236, 35.753526 ], [ 139.712119, 35.753622 ], [ 139.711889, 35.753848 ], [ 139.711392, 35.754331 ], [ 139.711395, 35.75437 ], [ 139.711198, 35.754557 ], [ 139.71112, 35.754632 ], [ 139.711116, 35.754636 ], [ 139.711066, 35.754683 ], [ 139.71107, 35.754695 ], [ 139.711441, 35.755077 ], [ 139.711507, 35.755146 ], [ 139.711615, 35.755263 ], [ 139.711783, 35.755407 ], [ 139.712005, 35.755621 ], [ 139.712059, 35.755647 ], [ 139.712297, 35.755875 ], [ 139.712308, 35.755869 ], [ 139.712491, 35.755809 ], [ 139.712564, 35.755772 ], [ 139.712641, 35.755706 ], [ 139.712861, 35.755518 ], [ 139.713182, 35.755259 ], [ 139.713849, 35.754733 ], [ 139.713904, 35.754686 ], [ 139.714098, 35.754521 ], [ 139.714445, 35.754236 ], [ 139.714479, 35.754205 ], [ 139.714633, 35.754071 ], [ 139.714763, 35.75397 ], [ 139.714825, 35.753921 ], [ 139.715004, 35.753778 ], [ 139.715053, 35.753735 ], [ 139.715219, 35.753593 ], [ 139.715534, 35.75333 ], [ 139.715781, 35.753135 ], [ 139.715982, 35.752732 ], [ 139.716135, 35.752395 ], [ 139.71613, 35.752368 ], [ 139.716544, 35.751774 ], [ 139.716466, 35.751683 ], [ 139.716227, 35.751472 ], [ 139.715863, 35.751177 ], [ 139.715546, 35.750888 ], [ 139.715173, 35.750575 ], [ 139.714827, 35.750123 ], [ 139.714395, 35.7495 ], [ 139.714299, 35.749369 ] ] ] } },
{ "type": "Feature", "properties": { "key": "板橋区|板橋4丁目", "ward": "板橋区", "town": "板橋四丁目" }, "geometry": { "type": "Polygon", "coordinates": [ [ [ 139.72027, 35.752434 ], [ 139.720476, 35.752464 ], [ 139.720529, 35.752489 ], [ 139.720778, 35.752617 ], [ 139.720796, 35.752627 ], [ 139.720914, 35.752676 ], [ 139.721017, 35.752719 ], [ 139.721165, 35.752727 ], [ 139.721327, 35.752697 ], [ 139.72142, 35.752653 ], [ 139.721519, 35.752575 ], [ 139.721702, 35.752395 ], [ 139.722034, 35.752094 ], [ 139.72216, 35.752022 ], [ 139.722435, 35.751996 ], [ 139.722514, 35.751999 ], [ 139.722519, 35.752 ], [ 139.722614, 35.752004 ], [ 139.722717, 35.752005 ], [ 139.722756, 35.752005 ], [ 139.722756, 35.751879 ], [ 139.722711, 35.751721 ], [ 139.722658, 35.751529 ], [ 139.722664, 35.751426 ], [ 139.722714, 35.751252 ], [ 139.722605, 35.751224 ], [ 139.722619, 35.751053 ], [ 139.722641, 35.750803 ], [ 139.722419, 35.750785 ], [ 139.722262, 35.750758 ], [ 139.72221, 35.750754 ], [ 139.722208, 35.750744 ], [ 139.722141, 35.750383 ], [ 139.722107, 35.7502 ], [ 139.722059, 35.749918 ], [ 139.722053, 35.749864 ], [ 139.722042, 35.749833 ], [ 139.722039, 35.749826 ], [ 139.721932, 35.749534 ], [ 139.721765, 35.749056 ], [ 139.721754, 35.749026 ], [ 139.721849, 35.748985 ], [ 139.721846, 35.748967 ], [ 139.721872, 35.748956 ], [ 139.722019, 35.748895 ], [ 139.722156, 35.748837 ], [ 139.72218, 35.748828 ], [ 139.722094, 35.74868 ], [ 139.721969, 35.748501 ], [ 139.721813, 35.748608 ], [ 139.721826, 35.748476 ], [ 139.721727, 35.748518 ], [ 139.721679, 35.748535 ], [ 139.721506, 35.748596 ], [ 139.721471, 35.748605 ], [ 139.721373, 35.748631 ], [ 139.721001, 35.748684 ], [ 139.720691, 35.74871 ], [ 139.720669, 35.748712 ], [ 139.719948, 35.748773 ], [ 139.719607, 35.748802 ], [ 139.718921, 35.748867 ], [ 139.718381, 35.748917 ], [ 139.718242, 35.748933 ], [ 139.718047, 35.748955 ], [ 139.717642, 35.748992 ], [ 139.717623, 35.748993 ], [ 139.717457, 35.749008 ], [ 139.717032, 35.749049 ], [ 139.716948, 35.749059 ], [ 139.716183, 35.749147 ], [ 139.715324, 35.749247 ], [ 139.715025, 35.749283 ], [ 139.714917, 35.749298 ], [ 139.714701, 35.749323 ], [ 139.714299, 35.749369 ], [ 139.714395, 35.7495 ], [ 139.714827, 35.750123 ], [ 139.715173, 35.750575 ], [ 139.715546, 35.750888 ], [ 139.715863, 35.751177 ], [ 139.716227, 35.751472 ], [ 139.716466, 35.751683 ], [ 139.716544, 35.751774 ], [ 139.71613, 35.752368 ], [ 139.716135, 35.752395 ], [ 139.715982, 35.752732 ], [ 139.715781, 35.753135 ], [ 139.716306, 35.753185 ], [ 139.716512, 35.753195 ], [ 139.716591, 35.7532 ], [ 139.716599, 35.7532 ], [ 139.716823, 35.753214 ], [ 139.717196, 35.753218 ], [ 139.717731, 35.753254 ], [ 139.717814, 35.753253 ], [ 139.717882, 35.753252 ], [ 139.719171, 35.75278 ], [ 139.719795, 35.75254 ], [ 139.719983, 35.752484 ], [ 139.72027, 35.752434 ] ] ] } },
{ "type": "Feature", "properties": { "key": "板橋区|加賀1丁目", "ward": "板橋区", "town": "加賀一丁目" }, "geometry": { "type": "Polygon", "coordinates": [ [ [ 139.720997, 35.755189 ], [ 139.720977, 35.755197 ], [ 139.720964, 35.755177 ], [ 139.720543, 35.755351 ], [ 139.720447, 35.7552 ], [ 139.72044, 35.755189 ], [ 139.720456, 35.755151 ], [ 139.720459, 35.755145 ], [ 139.720345, 35.754977 ], [ 139.720335, 35.754961 ], [ 139.721199, 35.754586 ], [ 139.721128, 35.754468 ], [ 139.721073, 35.754384 ], [ 139.721021, 35.754273 ], [ 139.721528, 35.75408 ], [ 139.722017, 35.753907 ], [ 139.722001, 35.753691 ], [ 139.721997, 35.753641 ], [ 139.722049, 35.753595 ], [ 139.722113, 35.753535 ], [ 139.722203, 35.753452 ], [ 139.722281, 35.753381 ], [ 139.72238, 35.75338 ], [ 139.722382, 35.753376 ], [ 139.722509, 35.753106 ], [ 139.722513, 35.753011 ], [ 139.722519, 35.752 ], [ 139.722514, 35.751999 ], [ 139.722435, 35.751996 ], [ 139.72216, 35.752022 ], [ 139.722034, 35.752094 ], [ 139.721702, 35.752395 ], [ 139.721519, 35.752575 ], [ 139.72142, 35.752653 ], [ 139.721327, 35.752697 ], [ 139.721165, 35.752727 ], [ 139.721017, 35.752719 ], [ 139.720914, 35.752676 ], [ 139.720796, 35.752627 ], [ 139.720778, 35.752617 ], [ 139.720529, 35.752489 ], [ 139.720476, 35.752464 ], [ 139.72027, 35.752434 ], [ 139.719983, 35.752484 ], [ 139.719795, 35.75254 ], [ 139.719171, 35.75278 ], [ 139.717882, 35.753252 ], [ 139.717814, 35.753253 ], [ 139.717731, 35.753254 ], [ 139.717196, 35.753218 ], [ 139.716823, 35.753214 ], [ 139.716599, 35.7532 ], [ 139.716591, 35.7532 ], [ 139.716512, 35.753195 ], [ 139.716306, 35.753185 ], [ 139.715781, 35.753135 ], [ 139.715534, 35.75333 ], [ 139.715219, 35.753593 ], [ 139.715053, 35.753735 ], [ 139.715173, 35.754087 ], [ 139.71546, 35.754638 ], [ 139.715472, 35.75465 ], [ 139.715687, 35.755067 ], [ 139.715724, 35.755139 ], [ 139.715765, 35.75522 ], [ 139.715815, 35.755316 ], [ 139.715855, 35.755396 ], [ 139.715899, 35.755477 ], [ 139.715906, 35.755489 ], [ 139.715938, 35.755554 ], [ 139.715986, 35.755635 ], [ 139.716195, 35.755897 ], [ 139.716217, 35.755917 ], [ 139.716472, 35.756138 ], [ 139.716636, 35.756286 ], [ 139.716713, 35.756378 ], [ 139.71676, 35.756435 ], [ 139.716774, 35.756454 ], [ 139.716836, 35.756541 ], [ 139.716909, 35.756685 ], [ 139.716997, 35.756861 ], [ 139.717022, 35.756916 ], [ 139.717063, 35.757007 ], [ 139.71713, 35.757145 ], [ 139.717415, 35.757734 ], [ 139.717464, 35.757834 ], [ 139.717562, 35.758134 ], [ 139.717614, 35.758312 ], [ 139.717716, 35.75854 ], [ 139.717729, 35.758551 ], [ 139.717735, 35.758556 ], [ 139.717791, 35.758518 ], [ 139.718129, 35.758295 ], [ 139.718235, 35.75822 ], [ 139.718299, 35.758175 ], [ 139.718627, 35.757817 ], [ 139.71875, 35.757673 ], [ 139.718847, 35.757529 ], [ 139.718903, 35.757403 ], [ 139.718989, 35.75728 ], [ 139.719072, 35.757119 ], [ 139.719237, 35.756888 ], [ 139.719184, 35.756835 ], [ 139.71914, 35.756788 ], [ 139.719238, 35.756718 ], [ 139.719252, 35.756707 ], [ 139.719484, 35.756535 ], [ 139.720199, 35.756237 ], [ 139.720428, 35.756137 ], [ 139.720426, 35.756134 ], [ 139.720445, 35.756126 ], [ 139.720304, 35.755892 ], [ 139.720249, 35.755803 ], [ 139.720247, 35.755799 ], [ 139.720345, 35.755758 ], [ 139.721137, 35.755423 ], [ 139.720997, 35.755189 ] ] ] } },
{ "type": "Feature", "properties": { "key": "板橋区|加賀2丁目", "ward": "板橋区", "town": "加賀二丁目" }, "geometry": { "type": "Polygon", "coordinates": [ [ [ 139.715053, 35.753735 ], [ 139.715004, 35.753778 ], [ 139.714825, 35.753921 ], [ 139.714763, 35.75397 ], [ 139.714633, 35.754071 ], [ 139.714479, 35.754205 ], [ 139.714445, 35.754236 ], [ 139.714098, 35.754521 ], [ 139.713904, 35.754686 ], [ 139.713849, 35.754733 ], [ 139.713182, 35.755259 ], [ 139.712861, 35.755518 ], [ 139.712641, 35.755706 ], [ 139.712564, 35.755772 ], [ 139.712491, 35.755809 ], [ 139.712308, 35.755869 ], [ 139.712759, 35.756244 ], [ 139.713007, 35.756452 ], [ 139.713023, 35.756465 ], [ 139.713158, 35.756578 ], [ 139.713161, 35.75666 ], [ 139.713192, 35.756786 ], [ 139.713331, 35.757027 ], [ 139.713465, 35.757215 ], [ 139.71345, 35.757239 ], [ 139.713251, 35.757381 ], [ 139.713019, 35.757588 ], [ 139.712764, 35.757761 ], [ 139.712497, 35.757964 ], [ 139.712473, 35.757986 ], [ 139.71229, 35.758133 ], [ 139.712236, 35.758174 ], [ 139.711816, 35.7585 ], [ 139.711809, 35.75857 ], [ 139.712195, 35.7589 ], [ 139.712234, 35.758934 ], [ 139.712296, 35.75899 ], [ 139.712518, 35.759186 ], [ 139.71282, 35.75944 ], [ 139.713129, 35.7597 ], [ 139.714166, 35.760596 ], [ 139.714284, 35.760662 ], [ 139.714638, 35.760971 ], [ 139.714628, 35.760987 ], [ 139.714994, 35.7613 ], [ 139.71519, 35.761482 ], [ 139.715608, 35.761199 ], [ 139.715678, 35.761156 ], [ 139.715974, 35.76095 ], [ 139.716043, 35.760901 ], [ 139.716134, 35.760799 ], [ 139.716263, 35.760683 ], [ 139.716479, 35.760412 ], [ 139.716659, 35.760123 ], [ 139.716929, 35.759698 ], [ 139.717012, 35.759587 ], [ 139.717241, 35.759194 ], [ 139.717509, 35.758902 ], [ 139.717782, 35.758651 ], [ 139.717808, 35.758619 ], [ 139.717735, 35.758556 ], [ 139.717729, 35.758551 ], [ 139.717716, 35.75854 ], [ 139.717614, 35.758312 ], [ 139.717562, 35.758134 ], [ 139.717464, 35.757834 ], [ 139.717415, 35.757734 ], [ 139.71713, 35.757145 ], [ 139.717063, 35.757007 ], [ 139.717022, 35.756916 ], [ 139.716997, 35.756861 ], [ 139.716909, 35.756685 ], [ 139.716836, 35.756541 ], [ 139.716774, 35.756454 ], [ 139.71676, 35.756435 ], [ 139.716713, 35.756378 ], [ 139.716636, 35.756286 ], [ 139.716472, 35.756138 ], [ 139.716217, 35.755917 ], [ 139.716195, 35.755897 ], [ 139.715986, 35.755635 ], [ 139.715938, 35.755554 ], [ 139.715906, 35.755489 ], [ 139.715899, 35.755477 ], [ 139.715855, 35.755396 ], [ 139.715815, 35.755316 ], [ 139.715765, 35.75522 ], [ 139.715724, 35.755139 ], [ 139.715687, 35.755067 ], [ 139.715472, 35.75465 ], [ 139.71546, 35.754638 ], [ 139.715173, 35.754087 ], [ 139.715053, 35.753735 ] ] ] } },
{ "type": "Feature", "properties": { "key": "板橋区|大山東町", "ward": "板橋区", "town": "大山東町" }, "geometry": { "type": "Polygon", "coordinates": [ [ [ 139.708155, 35.747017 ], [ 139.707276, 35.747152 ], [ 139.707113, 35.747178 ], [ 139.706902, 35.74721 ], [ 139.706361, 35.747303 ], [ 139.705623, 35.747419 ], [ 139.705339, 35.747481 ], [ 139.705019, 35.747545 ], [ 139.704811, 35.747584 ], [ 139.704528, 35.747638 ], [ 139.704286, 35.747692 ], [ 139.704085, 35.747757 ], [ 139.703723, 35.747889 ], [ 139.703415, 35.748029 ], [ 139.703282, 35.748107 ], [ 139.703223, 35.748189 ], [ 139.703185, 35.748243 ], [ 139.702775, 35.748502 ], [ 139.70252, 35.748708 ], [ 139.702343, 35.748813 ], [ 139.702221, 35.748857 ], [ 139.702026, 35.749046 ], [ 139.701789, 35.749355 ], [ 139.701626, 35.749598 ], [ 139.701679, 35.749626 ], [ 139.702097, 35.749849 ], [ 139.702243, 35.749912 ], [ 139.702586, 35.750059 ], [ 139.703012, 35.750214 ], [ 139.703242, 35.750299 ], [ 139.703421, 35.750356 ], [ 139.703609, 35.750397 ], [ 139.704012, 35.750491 ], [ 139.705536, 35.750804 ], [ 139.706321, 35.75092 ], [ 139.70674, 35.75098 ], [ 139.707191, 35.751047 ], [ 139.707329, 35.751067 ], [ 139.707819, 35.75119 ], [ 139.707839, 35.751195 ], [ 139.708285, 35.751306 ], [ 139.708359, 35.751324 ], [ 139.708341, 35.75103 ], [ 139.708321, 35.750718 ], [ 139.70831, 35.750559 ], [ 139.708267, 35.749917 ], [ 139.708243, 35.74956 ], [ 139.70824, 35.749499 ], [ 139.708231, 35.749291 ], [ 139.708228, 35.74926 ], [ 139.708216, 35.74913 ], [ 139.708212, 35.749081 ], [ 139.708187, 35.748354 ], [ 139.708186, 35.748322 ], [ 139.708182, 35.748112 ], [ 139.708179, 35.747962 ], [ 139.708173, 35.747674 ], [ 139.708165, 35.747286 ], [ 139.708164, 35.747257 ], [ 139.708155, 35.747017 ] ] ] } },
{ "type": "Feature", "properties": { "key": "板橋区|大山金井町", "ward": "板橋区", "town": "大山金井町" }, "geometry": { "type": "Polygon", "coordinates": [ [ [ 139.706361, 35.747303 ], [ 139.706902, 35.74721 ], [ 139.707113, 35.747178 ], [ 139.707276, 35.747152 ], [ 139.708155, 35.747017 ], [ 139.708274, 35.746993 ], [ 139.708825, 35.746889 ], [ 139.709249, 35.746837 ], [ 139.709165, 35.746659 ], [ 139.709144, 35.746468 ], [ 139.709136, 35.746324 ], [ 139.709528, 35.746291 ], [ 139.709721, 35.74628 ], [ 139.709811, 35.746264 ], [ 139.710226, 35.746121 ], [ 139.710321, 35.7461 ], [ 139.710392, 35.745962 ], [ 139.710282, 35.745931 ], [ 139.710206, 35.745905 ], [ 139.710091, 35.745825 ], [ 139.709989, 35.745673 ], [ 139.709875, 35.745515 ], [ 139.709688, 35.745217 ], [ 139.7095, 35.744921 ], [ 139.709319, 35.744688 ], [ 139.70917, 35.744502 ], [ 139.708943, 35.744497 ], [ 139.708688, 35.744477 ], [ 139.708442, 35.744458 ], [ 139.708192, 35.744439 ], [ 139.707568, 35.744408 ], [ 139.707559, 35.744387 ], [ 139.706673, 35.744352 ], [ 139.706557, 35.744843 ], [ 139.705912, 35.744861 ], [ 139.705096, 35.744891 ], [ 139.704275, 35.744909 ], [ 139.703949, 35.744931 ], [ 139.703737, 35.744933 ], [ 139.703188, 35.744938 ], [ 139.70258, 35.744948 ], [ 139.702379, 35.744952 ], [ 139.702071, 35.744957 ], [ 139.701903, 35.744955 ], [ 139.701891, 35.744964 ], [ 139.70181, 35.745028 ], [ 139.701483, 35.745283 ], [ 139.701027, 35.745639 ], [ 139.700872, 35.74576 ], [ 139.700844, 35.745788 ], [ 139.700795, 35.745818 ], [ 139.700382, 35.746142 ], [ 139.700326, 35.746186 ], [ 139.700287, 35.746217 ], [ 139.700231, 35.746261 ], [ 139.699807, 35.746593 ], [ 139.699688, 35.746679 ], [ 139.699668, 35.746705 ], [ 139.699811, 35.746713 ], [ 139.700732, 35.746698 ], [ 139.700826, 35.746696 ], [ 139.700852, 35.746695 ], [ 139.701468, 35.746678 ], [ 139.702082, 35.746653 ], [ 139.702082, 35.746909 ], [ 139.702091, 35.747403 ], [ 139.702092, 35.747412 ], [ 139.702484, 35.747383 ], [ 139.702683, 35.74737 ], [ 139.702742, 35.747367 ], [ 139.703208, 35.747333 ], [ 139.703209, 35.747505 ], [ 139.703213, 35.747995 ], [ 139.703282, 35.748107 ], [ 139.703415, 35.748029 ], [ 139.703723, 35.747889 ], [ 139.704085, 35.747757 ], [ 139.704286, 35.747692 ], [ 139.704528, 35.747638 ], [ 139.704811, 35.747584 ], [ 139.705019, 35.747545 ], [ 139.705339, 35.747481 ], [ 139.705623, 35.747419 ], [ 139.706361, 35.747303 ] ] ] } },
{ "type": "Feature", "properties": { "key": "板橋区|熊野町", "ward": "板橋区", "town": "熊野町" }, "geometry": { "type": "Polygon", "coordinates": [ [ [ 139.706673, 35.744352 ], [ 139.707559, 35.744387 ], [ 139.707568, 35.744408 ], [ 139.708192, 35.744439 ], [ 139.708442, 35.744458 ], [ 139.708688, 35.744477 ], [ 139.708943, 35.744497 ], [ 139.70917, 35.744502 ], [ 139.709108, 35.744426 ], [ 139.708971, 35.744239 ], [ 139.708943, 35.744048 ], [ 139.708936, 35.744013 ], [ 139.708909, 35.743769 ], [ 139.708911, 35.743674 ], [ 139.708917, 35.743354 ], [ 139.708917, 35.743328 ], [ 139.708894, 35.743202 ], [ 139.708701, 35.742771 ], [ 139.708615, 35.742584 ], [ 139.70852, 35.74238 ], [ 139.708519, 35.742376 ], [ 139.708366, 35.742039 ], [ 139.708363, 35.742032 ], [ 139.708128, 35.741786 ], [ 139.708113, 35.74177 ], [ 139.708093, 35.74175 ], [ 139.708059, 35.741716 ], [ 139.707786, 35.741441 ], [ 139.707782, 35.741438 ], [ 139.707368, 35.741007 ], [ 139.707193, 35.740826 ], [ 139.706749, 35.741168 ], [ 139.706633, 35.741258 ], [ 139.706251, 35.741554 ], [ 139.706001, 35.741748 ], [ 139.705979, 35.741765 ], [ 139.705905, 35.741822 ], [ 139.705738, 35.741952 ], [ 139.705333, 35.742269 ], [ 139.705025, 35.742512 ], [ 139.705022, 35.742515 ], [ 139.704918, 35.742595 ], [ 139.704869, 35.742632 ], [ 139.704746, 35.742725 ], [ 139.704663, 35.742788 ], [ 139.704618, 35.742821 ], [ 139.704361, 35.743035 ], [ 139.704026, 35.743313 ], [ 139.703161, 35.743971 ], [ 139.703086, 35.744032 ], [ 139.703071, 35.74404 ], [ 139.702703, 35.744332 ], [ 139.702497, 35.744495 ], [ 139.702363, 35.744595 ], [ 139.702042, 35.744833 ], [ 139.701903, 35.744955 ], [ 139.702071, 35.744957 ], [ 139.702379, 35.744952 ], [ 139.70258, 35.744948 ], [ 139.703188, 35.744938 ], [ 139.703737, 35.744933 ], [ 139.703949, 35.744931 ], [ 139.704275, 35.744909 ], [ 139.705096, 35.744891 ], [ 139.705912, 35.744861 ], [ 139.706557, 35.744843 ], [ 139.706673, 35.744352 ] ] ] } },
{ "type": "Feature", "properties": { "key": "板橋区|中丸町", "ward": "板橋区", "town": "中丸町" }, "geometry": { "type": "Polygon", "coordinates": [ [ [ 139.701425, 35.74495 ], [ 139.70146, 35.744951 ], [ 139.701891, 35.744964 ], [ 139.701903, 35.744955 ], [ 139.702042, 35.744833 ], [ 139.702363, 35.744595 ], [ 139.702497, 35.744495 ], [ 139.702703, 35.744332 ], [ 139.703071, 35.74404 ], [ 139.703086, 35.744032 ], [ 139.703161, 35.743971 ], [ 139.704026, 35.743313 ], [ 139.704361, 35.743035 ], [ 139.704618, 35.742821 ], [ 139.704663, 35.742788 ], [ 139.704746, 35.742725 ], [ 139.704869, 35.742632 ], [ 139.704918, 35.742595 ], [ 139.705022, 35.742515 ], [ 139.705025, 35.742512 ], [ 139.705333, 35.742269 ], [ 139.705738, 35.741952 ], [ 139.705905, 35.741822 ], [ 139.705979, 35.741765 ], [ 139.706001, 35.741748 ], [ 139.706251, 35.741554 ], [ 139.706633, 35.741258 ], [ 139.706749, 35.741168 ], [ 139.707193, 35.740826 ], [ 139.707019, 35.740647 ], [ 139.706996, 35.740623 ], [ 139.706818, 35.740446 ], [ 139.706669, 35.740298 ], [ 139.706661, 35.740289 ], [ 139.706654, 35.740283 ], [ 139.706338, 35.739959 ], [ 139.706319, 35.739939 ], [ 139.706308, 35.739929 ], [ 139.705974, 35.739595 ], [ 139.705642, 35.739262 ], [ 139.705372, 35.739 ], [ 139.705082, 35.738709 ], [ 139.704829, 35.738427 ], [ 139.704581, 35.738149 ], [ 139.704211, 35.738391 ], [ 139.703559, 35.73904 ], [ 139.703213, 35.739411 ], [ 139.70284, 35.739817 ], [ 139.702415, 35.74057 ], [ 139.702063, 35.7412 ], [ 139.701981, 35.741321 ], [ 139.70173, 35.741743 ], [ 139.701703, 35.741788 ], [ 139.701519, 35.742072 ], [ 139.701318, 35.742384 ], [ 139.700963, 35.742944 ], [ 139.700819, 35.743168 ], [ 139.700466, 35.743714 ], [ 139.700236, 35.744064 ], [ 139.700234, 35.744067 ], [ 139.700003, 35.744432 ], [ 139.699837, 35.744684 ], [ 139.69966, 35.744952 ], [ 139.699649, 35.744969 ], [ 139.699661, 35.744969 ], [ 139.700414, 35.744967 ], [ 139.700839, 35.744965 ], [ 139.700851, 35.744965 ], [ 139.701425, 35.74495 ] ] ] } },
{ "type": "Feature", "properties": { "key": "板橋区|南町", "ward": "板橋区", "town": "南町" }, "geometry": { "type": "Polygon", "coordinates": [ [ [ 139.70284, 35.739817 ], [ 139.703213, 35.739411 ], [ 139.703559, 35.73904 ], [ 139.704211, 35.738391 ], [ 139.704581, 35.738149 ], [ 139.704569, 35.738136 ], [ 139.704356, 35.737899 ], [ 139.704041, 35.737557 ], [ 139.704024, 35.737539 ], [ 139.703958, 35.737466 ], [ 139.703855, 35.736965 ], [ 139.703837, 35.736894 ], [ 139.703727, 35.736472 ], [ 139.703721, 35.736447 ], [ 139.703706, 35.736387 ], [ 139.703554, 35.735773 ], [ 139.703063, 35.735881 ], [ 139.702615, 35.735979 ], [ 139.702197, 35.736071 ], [ 139.701963, 35.736123 ], [ 139.701901, 35.736336 ], [ 139.701878, 35.736425 ], [ 139.701859, 35.736516 ], [ 139.701816, 35.736691 ], [ 139.701779, 35.736842 ], [ 139.701713, 35.737108 ], [ 139.701711, 35.737128 ], [ 139.702073, 35.737237 ], [ 139.701985, 35.737423 ], [ 139.701786, 35.737848 ], [ 139.701776, 35.73787 ], [ 139.701594, 35.738252 ], [ 139.701441, 35.738574 ], [ 139.701219, 35.739033 ], [ 139.701217, 35.739037 ], [ 139.70104, 35.739413 ], [ 139.700769, 35.740026 ], [ 139.700631, 35.74001 ], [ 139.700254, 35.739967 ], [ 139.700015, 35.739946 ], [ 139.700003, 35.739945 ], [ 139.699399, 35.739893 ], [ 139.699048, 35.73987 ], [ 139.698993, 35.740255 ], [ 139.69899, 35.740276 ], [ 139.698948, 35.740565 ], [ 139.698946, 35.740574 ], [ 139.698873, 35.741022 ], [ 139.698819, 35.741381 ], [ 139.698817, 35.741398 ], [ 139.698762, 35.74174 ], [ 139.698752, 35.741798 ], [ 139.698748, 35.741823 ], [ 139.698677, 35.74229 ], [ 139.698677, 35.742293 ], [ 139.698622, 35.742695 ], [ 139.698618, 35.742718 ], [ 139.698568, 35.743083 ], [ 139.698568, 35.74309 ], [ 139.698529, 35.743441 ], [ 139.69888, 35.74353 ], [ 139.698979, 35.743554 ], [ 139.698985, 35.743556 ], [ 139.699303, 35.743635 ], [ 139.699533, 35.743692 ], [ 139.700109, 35.743695 ], [ 139.700466, 35.743714 ], [ 139.700819, 35.743168 ], [ 139.700963, 35.742944 ], [ 139.701318, 35.742384 ], [ 139.701519, 35.742072 ], [ 139.701703, 35.741788 ], [ 139.70173, 35.741743 ], [ 139.701981, 35.741321 ], [ 139.702063, 35.7412 ], [ 139.702415, 35.74057 ], [ 139.70284, 35.739817 ] ] ] } },
{ "type": "Feature", "properties": { "key": "板橋区|稲荷台", "ward": "板橋区", "town": "稲荷台" }, "geometry": { "type": "Polygon", "coordinates": [ [ [ 139.71306, 35.763159 ], [ 139.713174, 35.763168 ], [ 139.713189, 35.763149 ], [ 139.713289, 35.762997 ], [ 139.713362, 35.762901 ], [ 139.713546, 35.762675 ], [ 139.713615, 35.762666 ], [ 139.713882, 35.762467 ], [ 139.714144, 35.76224 ], [ 139.714519, 35.761908 ], [ 139.714916, 35.761678 ], [ 139.714943, 35.761662 ], [ 139.71519, 35.761482 ], [ 139.714994, 35.7613 ], [ 139.714628, 35.760987 ], [ 139.714638, 35.760971 ], [ 139.714284, 35.760662 ], [ 139.714166, 35.760596 ], [ 139.713129, 35.7597 ], [ 139.71282, 35.75944 ], [ 139.712518, 35.759186 ], [ 139.712296, 35.75899 ], [ 139.712234, 35.758934 ], [ 139.712195, 35.7589 ], [ 139.712049, 35.758968 ], [ 139.711921, 35.758983 ], [ 139.711662, 35.758961 ], [ 139.7115, 35.758901 ], [ 139.711354, 35.758846 ], [ 139.711204, 35.759197 ], [ 139.711085, 35.759537 ], [ 139.71111, 35.759628 ], [ 139.711012, 35.759693 ], [ 139.710816, 35.759732 ], [ 139.710809, 35.759733 ], [ 139.71084, 35.759765 ], [ 139.710871, 35.759788 ], [ 139.710953, 35.759847 ], [ 139.710908, 35.75993 ], [ 139.7109, 35.760153 ], [ 139.710864, 35.760286 ], [ 139.710828, 35.760473 ], [ 139.710699, 35.760982 ], [ 139.710412, 35.760907 ], [ 139.710268, 35.760792 ], [ 139.710159, 35.760716 ], [ 139.710069, 35.760684 ], [ 139.710013, 35.760664 ], [ 139.709966, 35.760654 ], [ 139.709522, 35.760606 ], [ 139.709496, 35.760603 ], [ 139.709404, 35.761031 ], [ 139.70958, 35.76108 ], [ 139.709811, 35.761137 ], [ 139.709889, 35.761156 ], [ 139.70981, 35.76171 ], [ 139.709949, 35.761751 ], [ 139.709878, 35.762033 ], [ 139.709857, 35.76215 ], [ 139.70982, 35.762349 ], [ 139.710458, 35.762547 ], [ 139.711073, 35.762741 ], [ 139.711392, 35.762831 ], [ 139.711442, 35.762845 ], [ 139.711829, 35.762968 ], [ 139.711903, 35.762991 ], [ 139.712557, 35.763188 ], [ 139.71266, 35.76322 ], [ 139.712688, 35.763159 ], [ 139.71306, 35.763159 ] ] ] } },
{ "type": "Feature", "properties": { "key": "板橋区|仲宿", "ward": "板橋区", "town": "仲宿" }, "geometry": { "type": "Polygon", "coordinates": [ [ [ 139.713192, 35.756786 ], [ 139.713161, 35.75666 ], [ 139.713158, 35.756578 ], [ 139.713023, 35.756465 ], [ 139.713007, 35.756452 ], [ 139.712759, 35.756244 ], [ 139.712308, 35.755869 ], [ 139.712297, 35.755875 ], [ 139.712059, 35.755647 ], [ 139.712005, 35.755621 ], [ 139.711783, 35.755407 ], [ 139.711615, 35.755263 ], [ 139.711507, 35.755146 ], [ 139.711441, 35.755077 ], [ 139.71107, 35.754695 ], [ 139.711066, 35.754683 ], [ 139.711116, 35.754636 ], [ 139.71112, 35.754632 ], [ 139.711198, 35.754557 ], [ 139.711395, 35.75437 ], [ 139.711392, 35.754331 ], [ 139.711889, 35.753848 ], [ 139.712119, 35.753622 ], [ 139.712236, 35.753526 ], [ 139.71248, 35.753301 ], [ 139.712721, 35.753045 ], [ 139.712813, 35.7529 ], [ 139.712848, 35.752795 ], [ 139.712496, 35.752697 ], [ 139.712027, 35.75257 ], [ 139.71179, 35.752507 ], [ 139.711456, 35.752416 ], [ 139.711125, 35.75232 ], [ 139.710695, 35.752126 ], [ 139.710662, 35.752111 ], [ 139.710299, 35.751929 ], [ 139.709691, 35.75161 ], [ 139.709648, 35.751637 ], [ 139.709181, 35.752023 ], [ 139.708991, 35.752189 ], [ 139.708911, 35.752189 ], [ 139.708316, 35.752174 ], [ 139.708309, 35.752174 ], [ 139.708309, 35.752185 ], [ 139.708313, 35.752336 ], [ 139.708325, 35.752764 ], [ 139.70833, 35.75295 ], [ 139.708336, 35.753172 ], [ 139.708333, 35.753218 ], [ 139.708323, 35.753368 ], [ 139.708284, 35.753629 ], [ 139.70825, 35.753713 ], [ 139.708182, 35.75388 ], [ 139.708134, 35.754004 ], [ 139.708099, 35.754096 ], [ 139.707984, 35.754413 ], [ 139.70798, 35.754424 ], [ 139.707899, 35.754659 ], [ 139.707825, 35.754849 ], [ 139.707804, 35.754901 ], [ 139.70772, 35.755117 ], [ 139.707647, 35.755304 ], [ 139.70764, 35.755321 ], [ 139.707451, 35.755819 ], [ 139.70736, 35.756033 ], [ 139.707314, 35.756165 ], [ 139.707196, 35.75651 ], [ 139.707075, 35.756823 ], [ 139.707026, 35.756945 ], [ 139.70697, 35.757083 ], [ 139.7071, 35.757112 ], [ 139.707356, 35.75717 ], [ 139.707663, 35.757177 ], [ 139.708152, 35.757186 ], [ 139.708338, 35.757189 ], [ 139.708599, 35.757194 ], [ 139.708849, 35.757106 ], [ 139.708847, 35.757097 ], [ 139.709048, 35.757049 ], [ 139.709399, 35.75688 ], [ 139.709505, 35.7568 ], [ 139.709626, 35.756785 ], [ 139.709709, 35.756784 ], [ 139.70982, 35.756847 ], [ 139.709853, 35.756932 ], [ 139.709857, 35.75706 ], [ 139.709805, 35.75721 ], [ 139.709697, 35.757382 ], [ 139.709592, 35.757581 ], [ 139.709664, 35.757649 ], [ 139.709812, 35.757844 ], [ 139.710167, 35.758247 ], [ 139.710415, 35.758421 ], [ 139.710802, 35.758619 ], [ 139.710888, 35.758654 ], [ 139.711289, 35.758819 ], [ 139.711354, 35.758846 ], [ 139.7115, 35.758901 ], [ 139.711662, 35.758961 ], [ 139.711921, 35.758983 ], [ 139.712049, 35.758968 ], [ 139.712195, 35.7589 ], [ 139.711809, 35.75857 ], [ 139.711816, 35.7585 ], [ 139.712236, 35.758174 ], [ 139.71229, 35.758133 ], [ 139.712473, 35.757986 ], [ 139.712497, 35.757964 ], [ 139.712764, 35.757761 ], [ 139.713019, 35.757588 ], [ 139.713251, 35.757381 ], [ 139.71345, 35.757239 ], [ 139.713465, 35.757215 ], [ 139.713331, 35.757027 ], [ 139.713192, 35.756786 ] ] ] } },
{ "type": "Feature", "properties": { "key": "板橋区|氷川町", "ward": "板橋区", "town": "氷川町" }, "geometry": { "type": "Polygon", "coordinates": [ [ [ 139.70772, 35.755117 ], [ 139.707804, 35.754901 ], [ 139.707825, 35.754849 ], [ 139.707899, 35.754659 ], [ 139.70798, 35.754424 ], [ 139.707984, 35.754413 ], [ 139.708099, 35.754096 ], [ 139.708134, 35.754004 ], [ 139.708182, 35.75388 ], [ 139.70825, 35.753713 ], [ 139.708284, 35.753629 ], [ 139.708323, 35.753368 ], [ 139.708333, 35.753218 ], [ 139.708336, 35.753172 ], [ 139.70833, 35.75295 ], [ 139.708325, 35.752764 ], [ 139.708313, 35.752336 ], [ 139.708309, 35.752185 ], [ 139.708309, 35.752174 ], [ 139.708302, 35.751906 ], [ 139.708301, 35.751864 ], [ 139.7083, 35.751829 ], [ 139.708295, 35.751653 ], [ 139.708288, 35.751397 ], [ 139.708285, 35.751306 ], [ 139.707839, 35.751195 ], [ 139.707819, 35.75119 ], [ 139.707329, 35.751067 ], [ 139.707191, 35.751047 ], [ 139.70674, 35.75098 ], [ 139.706321, 35.75092 ], [ 139.705536, 35.750804 ], [ 139.705427, 35.751207 ], [ 139.705262, 35.751664 ], [ 139.705211, 35.751787 ], [ 139.705125, 35.752039 ], [ 139.704969, 35.752354 ], [ 139.704784, 35.752772 ], [ 139.704694, 35.75294 ], [ 139.704551, 35.753216 ], [ 139.704671, 35.753292 ], [ 139.70443, 35.753556 ], [ 139.704121, 35.753933 ], [ 139.704656, 35.754081 ], [ 139.704952, 35.754194 ], [ 139.704662, 35.754885 ], [ 139.704527, 35.754913 ], [ 139.704477, 35.754964 ], [ 139.704329, 35.755301 ], [ 139.704337, 35.755299 ], [ 139.704451, 35.755293 ], [ 139.704566, 35.755317 ], [ 139.704905, 35.755445 ], [ 139.70492, 35.755456 ], [ 139.704959, 35.755484 ], [ 139.705003, 35.755519 ], [ 139.705036, 35.755545 ], [ 139.705081, 35.755584 ], [ 139.70513, 35.755629 ], [ 139.70516, 35.755657 ], [ 139.705218, 35.755709 ], [ 139.705284, 35.75577 ], [ 139.705351, 35.755831 ], [ 139.705422, 35.755897 ], [ 139.705448, 35.755927 ], [ 139.705665, 35.756084 ], [ 139.706171, 35.756121 ], [ 139.706179, 35.756122 ], [ 139.706386, 35.756152 ], [ 139.706518, 35.756192 ], [ 139.706643, 35.756269 ], [ 139.706699, 35.756379 ], [ 139.706645, 35.756599 ], [ 139.706592, 35.756661 ], [ 139.706601, 35.756749 ], [ 139.706659, 35.756854 ], [ 139.70668, 35.756893 ], [ 139.7068, 35.757008 ], [ 139.70697, 35.757083 ], [ 139.707026, 35.756945 ], [ 139.707075, 35.756823 ], [ 139.707196, 35.75651 ], [ 139.707314, 35.756165 ], [ 139.70736, 35.756033 ], [ 139.707451, 35.755819 ], [ 139.70764, 35.755321 ], [ 139.707647, 35.755304 ], [ 139.70772, 35.755117 ] ] ] } },
{ "type": "Feature", "properties": { "key": "板橋区|栄町", "ward": "板橋区", "town": "栄町" }, "geometry": { "type": "Polygon", "coordinates": [ [ [ 139.703336, 35.756153 ], [ 139.703343, 35.756144 ], [ 139.703514, 35.755911 ], [ 139.703649, 35.755712 ], [ 139.703796, 35.755551 ], [ 139.703868, 35.755495 ], [ 139.704001, 35.755409 ], [ 139.70417, 35.755339 ], [ 139.704329, 35.755301 ], [ 139.704477, 35.754964 ], [ 139.704527, 35.754913 ], [ 139.704662, 35.754885 ], [ 139.704952, 35.754194 ], [ 139.704656, 35.754081 ], [ 139.704121, 35.753933 ], [ 139.70443, 35.753556 ], [ 139.704671, 35.753292 ], [ 139.704551, 35.753216 ], [ 139.704694, 35.75294 ], [ 139.704784, 35.752772 ], [ 139.704969, 35.752354 ], [ 139.705125, 35.752039 ], [ 139.705211, 35.751787 ], [ 139.705262, 35.751664 ], [ 139.705427, 35.751207 ], [ 139.705536, 35.750804 ], [ 139.704012, 35.750491 ], [ 139.703609, 35.750397 ], [ 139.703421, 35.750356 ], [ 139.703242, 35.750299 ], [ 139.703012, 35.750214 ], [ 139.702586, 35.750059 ], [ 139.702243, 35.749912 ], [ 139.702097, 35.749849 ], [ 139.701679, 35.749626 ], [ 139.701558, 35.749891 ], [ 139.701044, 35.750851 ], [ 139.700793, 35.751327 ], [ 139.700637, 35.751593 ], [ 139.700298, 35.752197 ], [ 139.700287, 35.752218 ], [ 139.700185, 35.752429 ], [ 139.700032, 35.752662 ], [ 139.699916, 35.752872 ], [ 139.699628, 35.753213 ], [ 139.699317, 35.753535 ], [ 139.699194, 35.753662 ], [ 139.698824, 35.753991 ], [ 139.698649, 35.754132 ], [ 139.698398, 35.754303 ], [ 139.69835, 35.754326 ], [ 139.699082, 35.754335 ], [ 139.699655, 35.754343 ], [ 139.69967, 35.754343 ], [ 139.700254, 35.754354 ], [ 139.700904, 35.754366 ], [ 139.700845, 35.754751 ], [ 139.700758, 35.75532 ], [ 139.70073, 35.755499 ], [ 139.700658, 35.755976 ], [ 139.700614, 35.756353 ], [ 139.701285, 35.756259 ], [ 139.7014, 35.756254 ], [ 139.701717, 35.756265 ], [ 139.70206, 35.756319 ], [ 139.702488, 35.756404 ], [ 139.702649, 35.756438 ], [ 139.70292, 35.756478 ], [ 139.703108, 35.7564 ], [ 139.703203, 35.756324 ], [ 139.703336, 35.756153 ] ] ] } },
{ "type": "Feature", "properties": { "key": "板橋区|大山町", "ward": "板橋区", "town": "大山町" }, "geometry": { "type": "Polygon", "coordinates": [ [ [ 139.701558, 35.749891 ], [ 139.701679, 35.749626 ], [ 139.701626, 35.749598 ], [ 139.701789, 35.749355 ], [ 139.702026, 35.749046 ], [ 139.702221, 35.748857 ], [ 139.702343, 35.748813 ], [ 139.70252, 35.748708 ], [ 139.702775, 35.748502 ], [ 139.703185, 35.748243 ], [ 139.703223, 35.748189 ], [ 139.703282, 35.748107 ], [ 139.703213, 35.747995 ], [ 139.703209, 35.747505 ], [ 139.703208, 35.747333 ], [ 139.702742, 35.747367 ], [ 139.702683, 35.74737 ], [ 139.702484, 35.747383 ], [ 139.702092, 35.747412 ], [ 139.702091, 35.747403 ], [ 139.702082, 35.746909 ], [ 139.702082, 35.746653 ], [ 139.701468, 35.746678 ], [ 139.700852, 35.746695 ], [ 139.700826, 35.746696 ], [ 139.700732, 35.746698 ], [ 139.699811, 35.746713 ], [ 139.699668, 35.746705 ], [ 139.699584, 35.746703 ], [ 139.699282, 35.746944 ], [ 139.698941, 35.747203 ], [ 139.698901, 35.747234 ], [ 139.69861, 35.747467 ], [ 139.69845, 35.74759 ], [ 139.697988, 35.74795 ], [ 139.697868, 35.748044 ], [ 139.697672, 35.748197 ], [ 139.697609, 35.748246 ], [ 139.697111, 35.748635 ], [ 139.696784, 35.748889 ], [ 139.696458, 35.749146 ], [ 139.696136, 35.749399 ], [ 139.69606, 35.749459 ], [ 139.695918, 35.749571 ], [ 139.695775, 35.749683 ], [ 139.695602, 35.749819 ], [ 139.695344, 35.750023 ], [ 139.695477, 35.750162 ], [ 139.695626, 35.750325 ], [ 139.695937, 35.750688 ], [ 139.695957, 35.75072 ], [ 139.696554, 35.750594 ], [ 139.696877, 35.750526 ], [ 139.696922, 35.750517 ], [ 139.697259, 35.750442 ], [ 139.697275, 35.750439 ], [ 139.697788, 35.750325 ], [ 139.697856, 35.75031 ], [ 139.698032, 35.750274 ], [ 139.698706, 35.750135 ], [ 139.698714, 35.750133 ], [ 139.699237, 35.7502 ], [ 139.699411, 35.750219 ], [ 139.699773, 35.750363 ], [ 139.700069, 35.750486 ], [ 139.700246, 35.750558 ], [ 139.700379, 35.750611 ], [ 139.700515, 35.750658 ], [ 139.7007, 35.750733 ], [ 139.700822, 35.75078 ], [ 139.701044, 35.750851 ], [ 139.701558, 35.749891 ] ] ] } },
{ "type": "Feature", "properties": { "key": "板橋区|大山西町", "ward": "板橋区", "town": "大山西町" }, "geometry": { "type": "Polygon", "coordinates": [ [ [ 139.692739, 35.743459 ], [ 139.692713, 35.743479 ], [ 139.692596, 35.743438 ], [ 139.69257, 35.743477 ], [ 139.692671, 35.743606 ], [ 139.692704, 35.74365 ], [ 139.69253, 35.743948 ], [ 139.692334, 35.744211 ], [ 139.692279, 35.744343 ], [ 139.692306, 35.744526 ], [ 139.692328, 35.744647 ], [ 139.692362, 35.744891 ], [ 139.692304, 35.745101 ], [ 139.692722, 35.745165 ], [ 139.692706, 35.745542 ], [ 139.692727, 35.745769 ], [ 139.692758, 35.745932 ], [ 139.69275, 35.746125 ], [ 139.692711, 35.746225 ], [ 139.692657, 35.746527 ], [ 139.692649, 35.746617 ], [ 139.69259, 35.746744 ], [ 139.6926, 35.746811 ], [ 139.692907, 35.746885 ], [ 139.693221, 35.747283 ], [ 139.693256, 35.747329 ], [ 139.693544, 35.747709 ], [ 139.693553, 35.74772 ], [ 139.693746, 35.747968 ], [ 139.69376, 35.747986 ], [ 139.693927, 35.748204 ], [ 139.694116, 35.748449 ], [ 139.69412, 35.748454 ], [ 139.694437, 35.748857 ], [ 139.694538, 35.748986 ], [ 139.694641, 35.749121 ], [ 139.694699, 35.749198 ], [ 139.694988, 35.74956 ], [ 139.69508, 35.749666 ], [ 139.695209, 35.749841 ], [ 139.695326, 35.749997 ], [ 139.695344, 35.750023 ], [ 139.695602, 35.749819 ], [ 139.695775, 35.749683 ], [ 139.695918, 35.749571 ], [ 139.69606, 35.749459 ], [ 139.696136, 35.749399 ], [ 139.696458, 35.749146 ], [ 139.696784, 35.748889 ], [ 139.697111, 35.748635 ], [ 139.697609, 35.748246 ], [ 139.697672, 35.748197 ], [ 139.697868, 35.748044 ], [ 139.697988, 35.74795 ], [ 139.69845, 35.74759 ], [ 139.69861, 35.747467 ], [ 139.698901, 35.747234 ], [ 139.698941, 35.747203 ], [ 139.699282, 35.746944 ], [ 139.699168, 35.7469 ], [ 139.698547, 35.746658 ], [ 139.698588, 35.746618 ], [ 139.698216, 35.746478 ], [ 139.69799, 35.746399 ], [ 139.6979, 35.746354 ], [ 139.697805, 35.746316 ], [ 139.697708, 35.746279 ], [ 139.697475, 35.746198 ], [ 139.69712, 35.746081 ], [ 139.69688, 35.746014 ], [ 139.696382, 35.745838 ], [ 139.696341, 35.745824 ], [ 139.696063, 35.745713 ], [ 139.695921, 35.745661 ], [ 139.695777, 35.745581 ], [ 139.695609, 35.74549 ], [ 139.695447, 35.745362 ], [ 139.695297, 35.745262 ], [ 139.695191, 35.745162 ], [ 139.695017, 35.745018 ], [ 139.694966, 35.74499 ], [ 139.6949, 35.744952 ], [ 139.69464, 35.744822 ], [ 139.694318, 35.744645 ], [ 139.694115, 35.744531 ], [ 139.694033, 35.744485 ], [ 139.693895, 35.744373 ], [ 139.693807, 35.744304 ], [ 139.693546, 35.744106 ], [ 139.693449, 35.744033 ], [ 139.692961, 35.743678 ], [ 139.692792, 35.743532 ], [ 139.692739, 35.743459 ] ] ] } },
{ "type": "Feature", "properties": { "key": "板橋区|幸町", "ward": "板橋区", "town": "幸町" }, "geometry": { "type": "Polygon", "coordinates": [ [ [ 139.699584, 35.746703 ], [ 139.699668, 35.746705 ], [ 139.699688, 35.746679 ], [ 139.699807, 35.746593 ], [ 139.700231, 35.746261 ], [ 139.700287, 35.746217 ], [ 139.700326, 35.746186 ], [ 139.700382, 35.746142 ], [ 139.700795, 35.745818 ], [ 139.700844, 35.745788 ], [ 139.700872, 35.74576 ], [ 139.701027, 35.745639 ], [ 139.701483, 35.745283 ], [ 139.70181, 35.745028 ], [ 139.701891, 35.744964 ], [ 139.70146, 35.744951 ], [ 139.701425, 35.74495 ], [ 139.700851, 35.744965 ], [ 139.700839, 35.744965 ], [ 139.700414, 35.744967 ], [ 139.699661, 35.744969 ], [ 139.699649, 35.744969 ], [ 139.69966, 35.744952 ], [ 139.699837, 35.744684 ], [ 139.700003, 35.744432 ], [ 139.700234, 35.744067 ], [ 139.700236, 35.744064 ], [ 139.700466, 35.743714 ], [ 139.700109, 35.743695 ], [ 139.699533, 35.743692 ], [ 139.699303, 35.743635 ], [ 139.698985, 35.743556 ], [ 139.698979, 35.743554 ], [ 139.69888, 35.74353 ], [ 139.698529, 35.743441 ], [ 139.698568, 35.74309 ], [ 139.698568, 35.743083 ], [ 139.698618, 35.742718 ], [ 139.698622, 35.742695 ], [ 139.698677, 35.742293 ], [ 139.698161, 35.742273 ], [ 139.697916, 35.742262 ], [ 139.697622, 35.742249 ], [ 139.697594, 35.742248 ], [ 139.697175, 35.742229 ], [ 139.697169, 35.742229 ], [ 139.69654, 35.742201 ], [ 139.69652, 35.7422 ], [ 139.695984, 35.74218 ], [ 139.695711, 35.74217 ], [ 139.695704, 35.742169 ], [ 139.695019, 35.742145 ], [ 139.69465, 35.742132 ], [ 139.694647, 35.742292 ], [ 139.694644, 35.74242 ], [ 139.694648, 35.742554 ], [ 139.694648, 35.742588 ], [ 139.694647, 35.742934 ], [ 139.694647, 35.742938 ], [ 139.694648, 35.743104 ], [ 139.694266, 35.743082 ], [ 139.694112, 35.743016 ], [ 139.694088, 35.743004 ], [ 139.694088, 35.742911 ], [ 139.693885, 35.742902 ], [ 139.693527, 35.74291 ], [ 139.693498, 35.742922 ], [ 139.693405, 35.742961 ], [ 139.69327, 35.743049 ], [ 139.693038, 35.743214 ], [ 139.692739, 35.743459 ], [ 139.692792, 35.743532 ], [ 139.692961, 35.743678 ], [ 139.693449, 35.744033 ], [ 139.693546, 35.744106 ], [ 139.693807, 35.744304 ], [ 139.693895, 35.744373 ], [ 139.694033, 35.744485 ], [ 139.694115, 35.744531 ], [ 139.694318, 35.744645 ], [ 139.69464, 35.744822 ], [ 139.6949, 35.744952 ], [ 139.694966, 35.74499 ], [ 139.695017, 35.745018 ], [ 139.695191, 35.745162 ], [ 139.695297, 35.745262 ], [ 139.695447, 35.745362 ], [ 139.695609, 35.74549 ], [ 139.695777, 35.745581 ], [ 139.695921, 35.745661 ], [ 139.696063, 35.745713 ], [ 139.696341, 35.745824 ], [ 139.696382, 35.745838 ], [ 139.69688, 35.746014 ], [ 139.69712, 35.746081 ], [ 139.697475, 35.746198 ], [ 139.697708, 35.746279 ], [ 139.697805, 35.746316 ], [ 139.6979, 35.746354 ], [ 139.69799, 35.746399 ], [ 139.698216, 35.746478 ], [ 139.698588, 35.746618 ], [ 139.698547, 35.746658 ], [ 139.699168, 35.7469 ], [ 139.699282, 35.746944 ], [ 139.699584, 35.746703 ] ] ] } },
{ "type": "Feature", "properties": { "key": "板橋区|中板橋", "ward": "板橋区", "town": "中板橋" }, "geometry": { "type": "Polygon", "coordinates": [ [ [ 139.70073, 35.755499 ], [ 139.700758, 35.75532 ], [ 139.700845, 35.754751 ], [ 139.700904, 35.754366 ], [ 139.700254, 35.754354 ], [ 139.69967, 35.754343 ], [ 139.699655, 35.754343 ], [ 139.699082, 35.754335 ], [ 139.69835, 35.754326 ], [ 139.698253, 35.754373 ], [ 139.697946, 35.754548 ], [ 139.697832, 35.754613 ], [ 139.697182, 35.754958 ], [ 139.696869, 35.755106 ], [ 139.696647, 35.755222 ], [ 139.6961, 35.755507 ], [ 139.696097, 35.755509 ], [ 139.696124, 35.755546 ], [ 139.695983, 35.755649 ], [ 139.695826, 35.755731 ], [ 139.695475, 35.755934 ], [ 139.695427, 35.755954 ], [ 139.695223, 35.755733 ], [ 139.694997, 35.755845 ], [ 139.694022, 35.756347 ], [ 139.693599, 35.756572 ], [ 139.693538, 35.756605 ], [ 139.693137, 35.756837 ], [ 139.692735, 35.757081 ], [ 139.692785, 35.75714 ], [ 139.692951, 35.757316 ], [ 139.693201, 35.757457 ], [ 139.693311, 35.757496 ], [ 139.693405, 35.757511 ], [ 139.693576, 35.757537 ], [ 139.693609, 35.757533 ], [ 139.693626, 35.75753 ], [ 139.693767, 35.757509 ], [ 139.693772, 35.757508 ], [ 139.693894, 35.75749 ], [ 139.694114, 35.757455 ], [ 139.694354, 35.757415 ], [ 139.694605, 35.757376 ], [ 139.694916, 35.757327 ], [ 139.695992, 35.757145 ], [ 139.696473, 35.757071 ], [ 139.696635, 35.757044 ], [ 139.696643, 35.757042 ], [ 139.697128, 35.756961 ], [ 139.697146, 35.756958 ], [ 139.697689, 35.756848 ], [ 139.698255, 35.756769 ], [ 139.698283, 35.756765 ], [ 139.698769, 35.756692 ], [ 139.699197, 35.756623 ], [ 139.699458, 35.756572 ], [ 139.699469, 35.75657 ], [ 139.700611, 35.756383 ], [ 139.700614, 35.756353 ], [ 139.700658, 35.755976 ], [ 139.70073, 35.755499 ] ] ] } },
{ "type": "Feature", "properties": { "key": "板橋区|仲町", "ward": "板橋区", "town": "仲町" }, "geometry": { "type": "Polygon", "coordinates": [ [ [ 139.699916, 35.752872 ], [ 139.700032, 35.752662 ], [ 139.700185, 35.752429 ], [ 139.700287, 35.752218 ], [ 139.700298, 35.752197 ], [ 139.700637, 35.751593 ], [ 139.700793, 35.751327 ], [ 139.701044, 35.750851 ], [ 139.700822, 35.75078 ], [ 139.7007, 35.750733 ], [ 139.700515, 35.750658 ], [ 139.700379, 35.750611 ], [ 139.700246, 35.750558 ], [ 139.700069, 35.750486 ], [ 139.699773, 35.750363 ], [ 139.699411, 35.750219 ], [ 139.699237, 35.7502 ], [ 139.698714, 35.750133 ], [ 139.698706, 35.750135 ], [ 139.698032, 35.750274 ], [ 139.697856, 35.75031 ], [ 139.697788, 35.750325 ], [ 139.697275, 35.750439 ], [ 139.697259, 35.750442 ], [ 139.696922, 35.750517 ], [ 139.696877, 35.750526 ], [ 139.696554, 35.750594 ], [ 139.695957, 35.75072 ], [ 139.695946, 35.750841 ], [ 139.695966, 35.751089 ], [ 139.695972, 35.751165 ], [ 139.695989, 35.751424 ], [ 139.696082, 35.7518 ], [ 139.696196, 35.752228 ], [ 139.695719, 35.752237 ], [ 139.695354, 35.752245 ], [ 139.69539, 35.752673 ], [ 139.695406, 35.75287 ], [ 139.69541, 35.752905 ], [ 139.695441, 35.753164 ], [ 139.695312, 35.753159 ], [ 139.695108, 35.753175 ], [ 139.695085, 35.753289 ], [ 139.695205, 35.753292 ], [ 139.6952, 35.753395 ], [ 139.695168, 35.753449 ], [ 139.695104, 35.753606 ], [ 139.695079, 35.753702 ], [ 139.695057, 35.753812 ], [ 139.695058, 35.753877 ], [ 139.695101, 35.753961 ], [ 139.695402, 35.754088 ], [ 139.695404, 35.75418 ], [ 139.695407, 35.754336 ], [ 139.695408, 35.754374 ], [ 139.695276, 35.75456 ], [ 139.69536, 35.754636 ], [ 139.695707, 35.754951 ], [ 139.69569, 35.755463 ], [ 139.695904, 35.755486 ], [ 139.696095, 35.755506 ], [ 139.696097, 35.755509 ], [ 139.6961, 35.755507 ], [ 139.696647, 35.755222 ], [ 139.696869, 35.755106 ], [ 139.697182, 35.754958 ], [ 139.697832, 35.754613 ], [ 139.697946, 35.754548 ], [ 139.698253, 35.754373 ], [ 139.69835, 35.754326 ], [ 139.698398, 35.754303 ], [ 139.698649, 35.754132 ], [ 139.698824, 35.753991 ], [ 139.699194, 35.753662 ], [ 139.699317, 35.753535 ], [ 139.699628, 35.753213 ], [ 139.699916, 35.752872 ] ] ] } },
{ "type": "Feature", "properties": { "key": "板橋区|弥生町", "ward": "板橋区", "town": "弥生町" }, "geometry": { "type": "Polygon", "coordinates": [ [ [ 139.695223, 35.755733 ], [ 139.695427, 35.755954 ], [ 139.695475, 35.755934 ], [ 139.695826, 35.755731 ], [ 139.695983, 35.755649 ], [ 139.696124, 35.755546 ], [ 139.696097, 35.755509 ], [ 139.696095, 35.755506 ], [ 139.695904, 35.755486 ], [ 139.69569, 35.755463 ], [ 139.695707, 35.754951 ], [ 139.69536, 35.754636 ], [ 139.695276, 35.75456 ], [ 139.695408, 35.754374 ], [ 139.695407, 35.754336 ], [ 139.695404, 35.75418 ], [ 139.695402, 35.754088 ], [ 139.695101, 35.753961 ], [ 139.695058, 35.753877 ], [ 139.695057, 35.753812 ], [ 139.695079, 35.753702 ], [ 139.695104, 35.753606 ], [ 139.695168, 35.753449 ], [ 139.6952, 35.753395 ], [ 139.695205, 35.753292 ], [ 139.695085, 35.753289 ], [ 139.695108, 35.753175 ], [ 139.695312, 35.753159 ], [ 139.695441, 35.753164 ], [ 139.69541, 35.752905 ], [ 139.695406, 35.75287 ], [ 139.69539, 35.752673 ], [ 139.695354, 35.752245 ], [ 139.695719, 35.752237 ], [ 139.696196, 35.752228 ], [ 139.696082, 35.7518 ], [ 139.695989, 35.751424 ], [ 139.695972, 35.751165 ], [ 139.695966, 35.751089 ], [ 139.695946, 35.750841 ], [ 139.695957, 35.75072 ], [ 139.695937, 35.750688 ], [ 139.695626, 35.750325 ], [ 139.695477, 35.750162 ], [ 139.695344, 35.750023 ], [ 139.69456, 35.750558 ], [ 139.694199, 35.750827 ], [ 139.694165, 35.750849 ], [ 139.694, 35.750958 ], [ 139.693994, 35.750962 ], [ 139.693889, 35.751032 ], [ 139.693642, 35.751194 ], [ 139.693567, 35.751243 ], [ 139.693088, 35.751571 ], [ 139.692823, 35.751751 ], [ 139.692347, 35.752075 ], [ 139.692322, 35.752092 ], [ 139.691922, 35.752385 ], [ 139.691697, 35.752541 ], [ 139.691592, 35.752608 ], [ 139.691382, 35.752743 ], [ 139.691369, 35.752751 ], [ 139.690985, 35.75301 ], [ 139.690586, 35.753288 ], [ 139.690583, 35.753291 ], [ 139.689831, 35.753798 ], [ 139.690087, 35.754092 ], [ 139.690348, 35.754387 ], [ 139.6904, 35.754446 ], [ 139.690629, 35.754699 ], [ 139.690648, 35.75472 ], [ 139.691043, 35.755158 ], [ 139.691146, 35.755299 ], [ 139.691249, 35.755463 ], [ 139.691264, 35.755473 ], [ 139.691511, 35.755751 ], [ 139.691622, 35.755875 ], [ 139.691932, 35.756215 ], [ 139.692103, 35.756387 ], [ 139.692393, 35.756707 ], [ 139.692735, 35.757081 ], [ 139.693137, 35.756837 ], [ 139.693538, 35.756605 ], [ 139.693599, 35.756572 ], [ 139.694022, 35.756347 ], [ 139.694997, 35.755845 ], [ 139.695223, 35.755733 ] ] ] } },
{ "type": "Feature", "properties": { "key": "板橋区|本町", "ward": "板橋区", "town": "本町" }, "geometry": { "type": "Polygon", "coordinates": [ [ [ 139.709949, 35.761751 ], [ 139.70981, 35.76171 ], [ 139.709889, 35.761156 ], [ 139.709811, 35.761137 ], [ 139.70958, 35.76108 ], [ 139.709404, 35.761031 ], [ 139.709496, 35.760603 ], [ 139.709522, 35.760606 ], [ 139.709966, 35.760654 ], [ 139.710013, 35.760664 ], [ 139.710069, 35.760684 ], [ 139.710159, 35.760716 ], [ 139.710268, 35.760792 ], [ 139.710412, 35.760907 ], [ 139.710699, 35.760982 ], [ 139.710828, 35.760473 ], [ 139.710864, 35.760286 ], [ 139.7109, 35.760153 ], [ 139.710908, 35.75993 ], [ 139.710953, 35.759847 ], [ 139.710871, 35.759788 ], [ 139.71084, 35.759765 ], [ 139.710809, 35.759733 ], [ 139.710816, 35.759732 ], [ 139.711012, 35.759693 ], [ 139.71111, 35.759628 ], [ 139.711085, 35.759537 ], [ 139.711204, 35.759197 ], [ 139.711354, 35.758846 ], [ 139.711289, 35.758819 ], [ 139.710888, 35.758654 ], [ 139.710802, 35.758619 ], [ 139.710415, 35.758421 ], [ 139.710167, 35.758247 ], [ 139.709812, 35.757844 ], [ 139.709664, 35.757649 ], [ 139.709592, 35.757581 ], [ 139.709697, 35.757382 ], [ 139.709805, 35.75721 ], [ 139.709857, 35.75706 ], [ 139.709853, 35.756932 ], [ 139.70982, 35.756847 ], [ 139.709709, 35.756784 ], [ 139.709626, 35.756785 ], [ 139.709505, 35.7568 ], [ 139.709399, 35.75688 ], [ 139.709048, 35.757049 ], [ 139.708847, 35.757097 ], [ 139.708849, 35.757106 ], [ 139.708599, 35.757194 ], [ 139.708338, 35.757189 ], [ 139.708152, 35.757186 ], [ 139.707663, 35.757177 ], [ 139.707356, 35.75717 ], [ 139.7071, 35.757112 ], [ 139.707019, 35.757338 ], [ 139.706985, 35.757564 ], [ 139.706861, 35.757933 ], [ 139.706822, 35.758042 ], [ 139.706631, 35.758574 ], [ 139.706487, 35.758929 ], [ 139.706474, 35.758985 ], [ 139.706474, 35.758986 ], [ 139.706365, 35.759271 ], [ 139.70626, 35.759541 ], [ 139.706219, 35.759648 ], [ 139.706094, 35.75997 ], [ 139.705961, 35.760311 ], [ 139.705899, 35.76049 ], [ 139.705557, 35.761319 ], [ 139.705429, 35.761637 ], [ 139.705218, 35.76216 ], [ 139.70567, 35.762029 ], [ 139.705702, 35.762028 ], [ 139.706093, 35.762032 ], [ 139.706592, 35.762047 ], [ 139.707219, 35.762153 ], [ 139.70756, 35.762203 ], [ 139.70756, 35.762383 ], [ 139.707609, 35.762463 ], [ 139.707733, 35.762518 ], [ 139.707916, 35.762566 ], [ 139.708137, 35.76261 ], [ 139.708417, 35.762645 ], [ 139.708599, 35.76267 ], [ 139.708856, 35.762703 ], [ 139.708948, 35.762711 ], [ 139.709408, 35.762772 ], [ 139.709489, 35.762793 ], [ 139.709722, 35.762869 ], [ 139.709725, 35.762853 ], [ 139.709768, 35.762651 ], [ 139.70977, 35.762643 ], [ 139.709818, 35.762439 ], [ 139.70982, 35.762349 ], [ 139.709857, 35.76215 ], [ 139.709878, 35.762033 ], [ 139.709949, 35.761751 ] ] ] } },
{ "type": "Feature", "properties": { "key": "板橋区|大和町", "ward": "板橋区", "town": "大和町" }, "geometry": { "type": "Polygon", "coordinates": [ [ [ 139.704451, 35.755293 ], [ 139.704337, 35.755299 ], [ 139.704191, 35.755649 ], [ 139.704056, 35.755973 ], [ 139.703916, 35.756308 ], [ 139.703908, 35.756327 ], [ 139.703732, 35.756647 ], [ 139.703656, 35.756771 ], [ 139.703583, 35.756891 ], [ 139.703575, 35.756904 ], [ 139.703307, 35.757346 ], [ 139.703295, 35.757366 ], [ 139.703144, 35.757638 ], [ 139.703137, 35.757651 ], [ 139.703062, 35.757906 ], [ 139.702908, 35.758431 ], [ 139.7029, 35.758458 ], [ 139.702882, 35.758939 ], [ 139.702874, 35.759137 ], [ 139.702867, 35.759239 ], [ 139.702827, 35.759498 ], [ 139.702795, 35.759612 ], [ 139.702705, 35.759935 ], [ 139.702601, 35.760291 ], [ 139.702557, 35.76044 ], [ 139.702526, 35.760568 ], [ 139.702432, 35.760961 ], [ 139.702412, 35.760997 ], [ 139.702419, 35.761226 ], [ 139.702428, 35.761529 ], [ 139.702428, 35.761535 ], [ 139.70243, 35.761575 ], [ 139.702439, 35.761865 ], [ 139.702439, 35.761887 ], [ 139.70245, 35.76208 ], [ 139.702452, 35.762103 ], [ 139.702764, 35.762131 ], [ 139.703092, 35.762161 ], [ 139.7036, 35.762207 ], [ 139.703624, 35.76221 ], [ 139.704409, 35.762313 ], [ 139.704495, 35.762317 ], [ 139.704761, 35.762258 ], [ 139.705218, 35.76216 ], [ 139.705429, 35.761637 ], [ 139.705557, 35.761319 ], [ 139.705899, 35.76049 ], [ 139.705961, 35.760311 ], [ 139.706094, 35.75997 ], [ 139.706219, 35.759648 ], [ 139.70626, 35.759541 ], [ 139.706365, 35.759271 ], [ 139.706474, 35.758986 ], [ 139.706474, 35.758985 ], [ 139.706487, 35.758929 ], [ 139.706631, 35.758574 ], [ 139.706822, 35.758042 ], [ 139.706861, 35.757933 ], [ 139.706985, 35.757564 ], [ 139.707019, 35.757338 ], [ 139.7071, 35.757112 ], [ 139.70697, 35.757083 ], [ 139.7068, 35.757008 ], [ 139.70668, 35.756893 ], [ 139.706659, 35.756854 ], [ 139.706601, 35.756749 ], [ 139.706592, 35.756661 ], [ 139.706645, 35.756599 ], [ 139.706699, 35.756379 ], [ 139.706643, 35.756269 ], [ 139.706518, 35.756192 ], [ 139.706386, 35.756152 ], [ 139.706179, 35.756122 ], [ 139.706171, 35.756121 ], [ 139.705665, 35.756084 ], [ 139.705448, 35.755927 ], [ 139.705422, 35.755897 ], [ 139.705351, 35.755831 ], [ 139.705284, 35.75577 ], [ 139.705218, 35.755709 ], [ 139.70516, 35.755657 ], [ 139.70513, 35.755629 ], [ 139.705081, 35.755584 ], [ 139.705036, 35.755545 ], [ 139.705003, 35.755519 ], [ 139.704959, 35.755484 ], [ 139.70492, 35.755456 ], [ 139.704905, 35.755445 ], [ 139.704566, 35.755317 ], [ 139.704451, 35.755293 ] ] ] } },
{ "type": "Feature", "properties": { "key": "板橋区|双葉町", "ward": "板橋区", "town": "双葉町" }, "geometry": { "type": "Polygon", "coordinates": [ [ [ 139.7029, 35.758458 ], [ 139.702908, 35.758431 ], [ 139.703062, 35.757906 ], [ 139.703137, 35.757651 ], [ 139.703144, 35.757638 ], [ 139.703295, 35.757366 ], [ 139.703307, 35.757346 ], [ 139.703575, 35.756904 ], [ 139.703583, 35.756891 ], [ 139.703656, 35.756771 ], [ 139.703732, 35.756647 ], [ 139.703908, 35.756327 ], [ 139.703916, 35.756308 ], [ 139.704056, 35.755973 ], [ 139.704191, 35.755649 ], [ 139.704337, 35.755299 ], [ 139.704329, 35.755301 ], [ 139.70417, 35.755339 ], [ 139.704001, 35.755409 ], [ 139.703868, 35.755495 ], [ 139.703796, 35.755551 ], [ 139.703649, 35.755712 ], [ 139.703514, 35.755911 ], [ 139.703343, 35.756144 ], [ 139.703336, 35.756153 ], [ 139.703203, 35.756324 ], [ 139.703108, 35.7564 ], [ 139.70292, 35.756478 ], [ 139.702649, 35.756438 ], [ 139.702488, 35.756404 ], [ 139.70206, 35.756319 ], [ 139.701717, 35.756265 ], [ 139.7014, 35.756254 ], [ 139.701285, 35.756259 ], [ 139.700614, 35.756353 ], [ 139.700611, 35.756383 ], [ 139.699469, 35.75657 ], [ 139.699458, 35.756572 ], [ 139.699197, 35.756623 ], [ 139.698769, 35.756692 ], [ 139.698283, 35.756765 ], [ 139.698255, 35.756769 ], [ 139.697689, 35.756848 ], [ 139.697146, 35.756958 ], [ 139.697128, 35.756961 ], [ 139.696643, 35.757042 ], [ 139.696635, 35.757044 ], [ 139.696473, 35.757071 ], [ 139.695992, 35.757145 ], [ 139.694916, 35.757327 ], [ 139.694905, 35.757759 ], [ 139.694907, 35.758044 ], [ 139.69489, 35.758491 ], [ 139.695248, 35.758588 ], [ 139.695984, 35.758788 ], [ 139.695992, 35.758785 ], [ 139.697108, 35.759081 ], [ 139.697633, 35.759219 ], [ 139.697673, 35.759229 ], [ 139.697921, 35.759289 ], [ 139.698048, 35.759332 ], [ 139.698237, 35.759377 ], [ 139.698863, 35.759527 ], [ 139.698908, 35.759538 ], [ 139.698925, 35.759543 ], [ 139.699639, 35.759732 ], [ 139.699661, 35.759736 ], [ 139.699807, 35.759766 ], [ 139.700367, 35.7599 ], [ 139.700648, 35.759976 ], [ 139.700702, 35.759989 ], [ 139.700705, 35.759989 ], [ 139.700874, 35.760021 ], [ 139.701734, 35.760239 ], [ 139.701869, 35.760275 ], [ 139.702093, 35.760331 ], [ 139.702306, 35.760381 ], [ 139.702557, 35.76044 ], [ 139.702601, 35.760291 ], [ 139.702705, 35.759935 ], [ 139.702795, 35.759612 ], [ 139.702827, 35.759498 ], [ 139.702867, 35.759239 ], [ 139.702874, 35.759137 ], [ 139.702882, 35.758939 ], [ 139.7029, 35.758458 ] ] ] } },
{ "type": "Feature", "properties": { "key": "板橋区|富士見町", "ward": "板橋区", "town": "富士見町" }, "geometry": { "type": "Polygon", "coordinates": [ [ [ 139.696859, 35.76259 ], [ 139.697245, 35.762603 ], [ 139.697546, 35.762655 ], [ 139.69762, 35.762659 ], [ 139.697816, 35.762658 ], [ 139.698149, 35.762601 ], [ 139.698418, 35.762556 ], [ 139.698658, 35.762502 ], [ 139.698849, 35.762437 ], [ 139.698914, 35.762413 ], [ 139.699533, 35.762184 ], [ 139.699779, 35.762114 ], [ 139.69992, 35.762092 ], [ 139.70035, 35.762072 ], [ 139.700438, 35.762062 ], [ 139.700474, 35.762063 ], [ 139.700556, 35.762477 ], [ 139.700562, 35.762504 ], [ 139.700824, 35.762452 ], [ 139.701057, 35.762442 ], [ 139.7013, 35.762448 ], [ 139.701369, 35.762459 ], [ 139.701507, 35.762436 ], [ 139.701838, 35.76227 ], [ 139.701934, 35.762237 ], [ 139.701938, 35.762235 ], [ 139.702016, 35.762208 ], [ 139.702415, 35.762112 ], [ 139.702452, 35.762103 ], [ 139.70245, 35.76208 ], [ 139.702439, 35.761887 ], [ 139.702439, 35.761865 ], [ 139.70243, 35.761575 ], [ 139.702428, 35.761535 ], [ 139.702428, 35.761529 ], [ 139.702419, 35.761226 ], [ 139.702412, 35.760997 ], [ 139.702432, 35.760961 ], [ 139.702526, 35.760568 ], [ 139.702557, 35.76044 ], [ 139.702306, 35.760381 ], [ 139.702093, 35.760331 ], [ 139.701869, 35.760275 ], [ 139.701734, 35.760239 ], [ 139.700874, 35.760021 ], [ 139.700705, 35.759989 ], [ 139.700702, 35.759989 ], [ 139.700648, 35.759976 ], [ 139.700367, 35.7599 ], [ 139.699807, 35.759766 ], [ 139.699661, 35.759736 ], [ 139.699639, 35.759732 ], [ 139.698925, 35.759543 ], [ 139.698908, 35.759538 ], [ 139.698863, 35.759527 ], [ 139.698237, 35.759377 ], [ 139.698048, 35.759332 ], [ 139.697921, 35.759289 ], [ 139.697673, 35.759229 ], [ 139.697633, 35.759219 ], [ 139.697108, 35.759081 ], [ 139.695992, 35.758785 ], [ 139.695984, 35.758788 ], [ 139.695248, 35.758588 ], [ 139.69489, 35.758491 ], [ 139.694891, 35.758597 ], [ 139.694865, 35.75917 ], [ 139.694864, 35.759314 ], [ 139.694842, 35.759651 ], [ 139.694844, 35.759696 ], [ 139.694847, 35.760089 ], [ 139.694856, 35.760306 ], [ 139.694855, 35.760344 ], [ 139.694922, 35.760791 ], [ 139.694924, 35.760808 ], [ 139.694938, 35.760932 ], [ 139.694946, 35.760983 ], [ 139.695047, 35.76161 ], [ 139.695078, 35.761793 ], [ 139.695167, 35.762317 ], [ 139.695171, 35.762393 ], [ 139.69523, 35.762957 ], [ 139.695366, 35.762932 ], [ 139.695681, 35.762875 ], [ 139.695747, 35.762859 ], [ 139.696074, 35.76278 ], [ 139.696589, 35.762645 ], [ 139.696608, 35.762639 ], [ 139.696859, 35.76259 ] ] ] } },
{ "type": "Feature", "properties": { "key": "板橋区|大谷口上町", "ward": "板橋区", "town": "大谷口上町" }, "geometry": { "type": "Polygon", "coordinates": [ [ [ 139.695344, 35.750023 ], [ 139.695326, 35.749997 ], [ 139.695209, 35.749841 ], [ 139.69508, 35.749666 ], [ 139.694988, 35.74956 ], [ 139.694699, 35.749198 ], [ 139.694641, 35.749121 ], [ 139.694538, 35.748986 ], [ 139.694437, 35.748857 ], [ 139.69412, 35.748454 ], [ 139.694116, 35.748449 ], [ 139.693927, 35.748204 ], [ 139.69376, 35.747986 ], [ 139.693746, 35.747968 ], [ 139.693553, 35.74772 ], [ 139.693544, 35.747709 ], [ 139.693256, 35.747329 ], [ 139.693221, 35.747283 ], [ 139.692907, 35.746885 ], [ 139.6926, 35.746811 ], [ 139.692238, 35.746725 ], [ 139.691962, 35.746639 ], [ 139.691753, 35.746588 ], [ 139.691708, 35.746585 ], [ 139.691435, 35.7465 ], [ 139.691183, 35.746431 ], [ 139.691086, 35.746411 ], [ 139.690687, 35.74635 ], [ 139.690538, 35.746345 ], [ 139.690423, 35.746341 ], [ 139.690179, 35.746331 ], [ 139.690149, 35.74633 ], [ 139.690005, 35.746324 ], [ 139.689731, 35.746333 ], [ 139.689601, 35.746356 ], [ 139.689261, 35.746375 ], [ 139.689036, 35.74637 ], [ 139.688963, 35.746372 ], [ 139.688838, 35.746387 ], [ 139.688601, 35.746398 ], [ 139.688172, 35.746462 ], [ 139.687998, 35.746478 ], [ 139.687976, 35.746486 ], [ 139.687887, 35.746505 ], [ 139.687742, 35.746565 ], [ 139.687519, 35.746709 ], [ 139.687453, 35.746759 ], [ 139.687351, 35.746837 ], [ 139.687121, 35.747012 ], [ 139.687031, 35.74708 ], [ 139.686749, 35.747295 ], [ 139.686538, 35.747455 ], [ 139.68621, 35.74772 ], [ 139.6862, 35.747745 ], [ 139.686435, 35.747811 ], [ 139.686633, 35.74791 ], [ 139.68671, 35.747963 ], [ 139.686875, 35.748199 ], [ 139.686908, 35.748319 ], [ 139.687003, 35.748333 ], [ 139.687223, 35.748269 ], [ 139.687372, 35.748289 ], [ 139.687806, 35.748349 ], [ 139.687911, 35.748342 ], [ 139.688126, 35.748379 ], [ 139.688179, 35.748403 ], [ 139.688352, 35.748489 ], [ 139.688479, 35.748547 ], [ 139.688689, 35.748622 ], [ 139.688739, 35.748651 ], [ 139.688948, 35.748844 ], [ 139.68908, 35.748989 ], [ 139.689127, 35.749045 ], [ 139.689486, 35.749167 ], [ 139.689607, 35.749176 ], [ 139.68959, 35.749274 ], [ 139.689628, 35.74948 ], [ 139.689686, 35.749552 ], [ 139.689804, 35.749612 ], [ 139.690268, 35.749743 ], [ 139.690453, 35.749768 ], [ 139.690577, 35.749807 ], [ 139.690748, 35.749899 ], [ 139.69109, 35.750112 ], [ 139.691429, 35.75035 ], [ 139.691579, 35.750319 ], [ 139.69199, 35.750331 ], [ 139.692159, 35.750352 ], [ 139.692308, 35.750395 ], [ 139.692352, 35.75044 ], [ 139.692401, 35.750634 ], [ 139.692406, 35.750715 ], [ 139.692397, 35.750887 ], [ 139.692343, 35.751309 ], [ 139.692335, 35.751336 ], [ 139.69232, 35.751461 ], [ 139.69225, 35.751735 ], [ 139.692347, 35.752075 ], [ 139.692823, 35.751751 ], [ 139.693088, 35.751571 ], [ 139.693567, 35.751243 ], [ 139.693642, 35.751194 ], [ 139.693889, 35.751032 ], [ 139.693994, 35.750962 ], [ 139.694, 35.750958 ], [ 139.694165, 35.750849 ], [ 139.694199, 35.750827 ], [ 139.69456, 35.750558 ], [ 139.695344, 35.750023 ] ] ] } },
{ "type": "Feature", "properties": { "key": "板橋区|大谷口北町", "ward": "板橋区", "town": "大谷口北町" }, "geometry": { "type": "Polygon", "coordinates": [ [ [ 139.69232, 35.751461 ], [ 139.692335, 35.751336 ], [ 139.692343, 35.751309 ], [ 139.692397, 35.750887 ], [ 139.692406, 35.750715 ], [ 139.692401, 35.750634 ], [ 139.692352, 35.75044 ], [ 139.692308, 35.750395 ], [ 139.692159, 35.750352 ], [ 139.69199, 35.750331 ], [ 139.691579, 35.750319 ], [ 139.691429, 35.75035 ], [ 139.69109, 35.750112 ], [ 139.690748, 35.749899 ], [ 139.690577, 35.749807 ], [ 139.690453, 35.749768 ], [ 139.690268, 35.749743 ], [ 139.689804, 35.749612 ], [ 139.689686, 35.749552 ], [ 139.689628, 35.74948 ], [ 139.68959, 35.749274 ], [ 139.689607, 35.749176 ], [ 139.689486, 35.749167 ], [ 139.689127, 35.749045 ], [ 139.68908, 35.748989 ], [ 139.688948, 35.748844 ], [ 139.688739, 35.748651 ], [ 139.688689, 35.748622 ], [ 139.688479, 35.748547 ], [ 139.688352, 35.748489 ], [ 139.688179, 35.748403 ], [ 139.688126, 35.748379 ], [ 139.687911, 35.748342 ], [ 139.687806, 35.748349 ], [ 139.687372, 35.748289 ], [ 139.687223, 35.748269 ], [ 139.687003, 35.748333 ], [ 139.686908, 35.748319 ], [ 139.686875, 35.748199 ], [ 139.68671, 35.747963 ], [ 139.686633, 35.74791 ], [ 139.686435, 35.747811 ], [ 139.6862, 35.747745 ], [ 139.686004, 35.747787 ], [ 139.685697, 35.747833 ], [ 139.685688, 35.747835 ], [ 139.685171, 35.74791 ], [ 139.684987, 35.747927 ], [ 139.685073, 35.748288 ], [ 139.685162, 35.748658 ], [ 139.68525, 35.749025 ], [ 139.685362, 35.749492 ], [ 139.68537, 35.749526 ], [ 139.685394, 35.749625 ], [ 139.685415, 35.749976 ], [ 139.685438, 35.750381 ], [ 139.685439, 35.750389 ], [ 139.68546, 35.750781 ], [ 139.685481, 35.751179 ], [ 139.685481, 35.751183 ], [ 139.685515, 35.751803 ], [ 139.685972, 35.751772 ], [ 139.686034, 35.751768 ], [ 139.686893, 35.751707 ], [ 139.686895, 35.7517 ], [ 139.687404, 35.751657 ], [ 139.687596, 35.751673 ], [ 139.687875, 35.751763 ], [ 139.688085, 35.751897 ], [ 139.688245, 35.752066 ], [ 139.688678, 35.752561 ], [ 139.688718, 35.752606 ], [ 139.689203, 35.753125 ], [ 139.689285, 35.753215 ], [ 139.689514, 35.753465 ], [ 139.689559, 35.753514 ], [ 139.68968, 35.75364 ], [ 139.689831, 35.753798 ], [ 139.690583, 35.753291 ], [ 139.690586, 35.753288 ], [ 139.690985, 35.75301 ], [ 139.691369, 35.752751 ], [ 139.691382, 35.752743 ], [ 139.691592, 35.752608 ], [ 139.691697, 35.752541 ], [ 139.691922, 35.752385 ], [ 139.692322, 35.752092 ], [ 139.692347, 35.752075 ], [ 139.69225, 35.751735 ], [ 139.69232, 35.751461 ] ] ] } },
{ "type": "Feature", "properties": { "key": "板橋区|大谷口1丁目", "ward": "板橋区", "town": "大谷口一丁目" }, "geometry": { "type": "Polygon", "coordinates": [ [ [ 139.688213, 35.740708 ], [ 139.688167, 35.741171 ], [ 139.688151, 35.741484 ], [ 139.688155, 35.741728 ], [ 139.688156, 35.741777 ], [ 139.688162, 35.741813 ], [ 139.688194, 35.741942 ], [ 139.6883, 35.742156 ], [ 139.688398, 35.742346 ], [ 139.688494, 35.742492 ], [ 139.688652, 35.742768 ], [ 139.688942, 35.743253 ], [ 139.689065, 35.743479 ], [ 139.689165, 35.743635 ], [ 139.689218, 35.743706 ], [ 139.689443, 35.744062 ], [ 139.689496, 35.744151 ], [ 139.689761, 35.744601 ], [ 139.689901, 35.744829 ], [ 139.690032, 35.745059 ], [ 139.690127, 35.745191 ], [ 139.690149, 35.745225 ], [ 139.690327, 35.745487 ], [ 139.690527, 35.745709 ], [ 139.690754, 35.745961 ], [ 139.690994, 35.746236 ], [ 139.691086, 35.746411 ], [ 139.691183, 35.746431 ], [ 139.691435, 35.7465 ], [ 139.691708, 35.746585 ], [ 139.691753, 35.746588 ], [ 139.691962, 35.746639 ], [ 139.692238, 35.746725 ], [ 139.6926, 35.746811 ], [ 139.69259, 35.746744 ], [ 139.692649, 35.746617 ], [ 139.692657, 35.746527 ], [ 139.692711, 35.746225 ], [ 139.69275, 35.746125 ], [ 139.692758, 35.745932 ], [ 139.692727, 35.745769 ], [ 139.692706, 35.745542 ], [ 139.692722, 35.745165 ], [ 139.692304, 35.745101 ], [ 139.692362, 35.744891 ], [ 139.692328, 35.744647 ], [ 139.692306, 35.744526 ], [ 139.692279, 35.744343 ], [ 139.692334, 35.744211 ], [ 139.69253, 35.743948 ], [ 139.692704, 35.74365 ], [ 139.692671, 35.743606 ], [ 139.69257, 35.743477 ], [ 139.692528, 35.743439 ], [ 139.692202, 35.743144 ], [ 139.692085, 35.743039 ], [ 139.691933, 35.742902 ], [ 139.691662, 35.742691 ], [ 139.691182, 35.742353 ], [ 139.691008, 35.742228 ], [ 139.690676, 35.74199 ], [ 139.690307, 35.74173 ], [ 139.689859, 35.741399 ], [ 139.689678, 35.741289 ], [ 139.689597, 35.74125 ], [ 139.689392, 35.741151 ], [ 139.689049, 35.741045 ], [ 139.68874, 35.740938 ], [ 139.68861, 35.740884 ], [ 139.688251, 35.740735 ], [ 139.688223, 35.740716 ], [ 139.688221, 35.740715 ], [ 139.688213, 35.740708 ] ] ] } },
{ "type": "Feature", "properties": { "key": "板橋区|大谷口2丁目", "ward": "板橋区", "town": "大谷口二丁目" }, "geometry": { "type": "Polygon", "coordinates": [ [ [ 139.689036, 35.74637 ], [ 139.689261, 35.746375 ], [ 139.689601, 35.746356 ], [ 139.689731, 35.746333 ], [ 139.690005, 35.746324 ], [ 139.690149, 35.74633 ], [ 139.690179, 35.746331 ], [ 139.690423, 35.746341 ], [ 139.690538, 35.746345 ], [ 139.690687, 35.74635 ], [ 139.691086, 35.746411 ], [ 139.690994, 35.746236 ], [ 139.690754, 35.745961 ], [ 139.690527, 35.745709 ], [ 139.690327, 35.745487 ], [ 139.690149, 35.745225 ], [ 139.690127, 35.745191 ], [ 139.690032, 35.745059 ], [ 139.689901, 35.744829 ], [ 139.689761, 35.744601 ], [ 139.689496, 35.744151 ], [ 139.689443, 35.744062 ], [ 139.689218, 35.743706 ], [ 139.689165, 35.743635 ], [ 139.689065, 35.743479 ], [ 139.688942, 35.743253 ], [ 139.688652, 35.742768 ], [ 139.688494, 35.742492 ], [ 139.688398, 35.742346 ], [ 139.6883, 35.742156 ], [ 139.688194, 35.741942 ], [ 139.688162, 35.741813 ], [ 139.688156, 35.741777 ], [ 139.688036, 35.741795 ], [ 139.68796, 35.741787 ], [ 139.687882, 35.741727 ], [ 139.687866, 35.74171 ], [ 139.687789, 35.741586 ], [ 139.687596, 35.741538 ], [ 139.687538, 35.741567 ], [ 139.687212, 35.741726 ], [ 139.687175, 35.741745 ], [ 139.687091, 35.741726 ], [ 139.686941, 35.741669 ], [ 139.68687, 35.741726 ], [ 139.686464, 35.742046 ], [ 139.686472, 35.74205 ], [ 139.686831, 35.742235 ], [ 139.686767, 35.742333 ], [ 139.686588, 35.742506 ], [ 139.68654, 35.742712 ], [ 139.68651, 35.742837 ], [ 139.686446, 35.743274 ], [ 139.686412, 35.743508 ], [ 139.686374, 35.743722 ], [ 139.686302, 35.743883 ], [ 139.686226, 35.744018 ], [ 139.686169, 35.74422 ], [ 139.6861, 35.744345 ], [ 139.68579, 35.744867 ], [ 139.685871, 35.744893 ], [ 139.685678, 35.745128 ], [ 139.685609, 35.745156 ], [ 139.685489, 35.745311 ], [ 139.685417, 35.745346 ], [ 139.685348, 35.745453 ], [ 139.685325, 35.745525 ], [ 139.685342, 35.745757 ], [ 139.68535, 35.745759 ], [ 139.685391, 35.745882 ], [ 139.685464, 35.7461 ], [ 139.685465, 35.746101 ], [ 139.685494, 35.746114 ], [ 139.685565, 35.746331 ], [ 139.685596, 35.746559 ], [ 139.68559, 35.746607 ], [ 139.685582, 35.746665 ], [ 139.68558, 35.746687 ], [ 139.685541, 35.746759 ], [ 139.68553, 35.746802 ], [ 139.68547, 35.747026 ], [ 139.68547, 35.747055 ], [ 139.685469, 35.747203 ], [ 139.685515, 35.747371 ], [ 139.685532, 35.747433 ], [ 139.685602, 35.747614 ], [ 139.685688, 35.747835 ], [ 139.685697, 35.747833 ], [ 139.686004, 35.747787 ], [ 139.6862, 35.747745 ], [ 139.68621, 35.74772 ], [ 139.686538, 35.747455 ], [ 139.686749, 35.747295 ], [ 139.687031, 35.74708 ], [ 139.687121, 35.747012 ], [ 139.687351, 35.746837 ], [ 139.687453, 35.746759 ], [ 139.687519, 35.746709 ], [ 139.687742, 35.746565 ], [ 139.687887, 35.746505 ], [ 139.687976, 35.746486 ], [ 139.687998, 35.746478 ], [ 139.688172, 35.746462 ], [ 139.688601, 35.746398 ], [ 139.688838, 35.746387 ], [ 139.688963, 35.746372 ], [ 139.689036, 35.74637 ] ] ] } },
{ "type": "Feature", "properties": { "key": "板橋区|向原1丁目", "ward": "板橋区", "town": "向原一丁目" }, "geometry": { "type": "Polygon", "coordinates": [ [ [ 139.68651, 35.742837 ], [ 139.68654, 35.742712 ], [ 139.686588, 35.742506 ], [ 139.686767, 35.742333 ], [ 139.686831, 35.742235 ], [ 139.686472, 35.74205 ], [ 139.686464, 35.742046 ], [ 139.68687, 35.741726 ], [ 139.686941, 35.741669 ], [ 139.687091, 35.741726 ], [ 139.687175, 35.741745 ], [ 139.687212, 35.741726 ], [ 139.687538, 35.741567 ], [ 139.687596, 35.741538 ], [ 139.687789, 35.741586 ], [ 139.687866, 35.74171 ], [ 139.687882, 35.741727 ], [ 139.68796, 35.741787 ], [ 139.688036, 35.741795 ], [ 139.688156, 35.741777 ], [ 139.688155, 35.741728 ], [ 139.688151, 35.741484 ], [ 139.688167, 35.741171 ], [ 139.688213, 35.740708 ], [ 139.688201, 35.740701 ], [ 139.688127, 35.740661 ], [ 139.687706, 35.740574 ], [ 139.687486, 35.740527 ], [ 139.687215, 35.740441 ], [ 139.68697, 35.740363 ], [ 139.686754, 35.740299 ], [ 139.686723, 35.740291 ], [ 139.68672, 35.74029 ], [ 139.68644, 35.740212 ], [ 139.686175, 35.740127 ], [ 139.685815, 35.740034 ], [ 139.685437, 35.739933 ], [ 139.685339, 35.739904 ], [ 139.685061, 35.740662 ], [ 139.685205, 35.740715 ], [ 139.685118, 35.740951 ], [ 139.684219, 35.741379 ], [ 139.68401, 35.741328 ], [ 139.683875, 35.741287 ], [ 139.683565, 35.741205 ], [ 139.683369, 35.741137 ], [ 139.683068, 35.741697 ], [ 139.682932, 35.741633 ], [ 139.682804, 35.741528 ], [ 139.682636, 35.741406 ], [ 139.682526, 35.741721 ], [ 139.682475, 35.741855 ], [ 139.682421, 35.742064 ], [ 139.68241, 35.742206 ], [ 139.682374, 35.742318 ], [ 139.682391, 35.74241 ], [ 139.682416, 35.742445 ], [ 139.682621, 35.74278 ], [ 139.682678, 35.743007 ], [ 139.682672, 35.743281 ], [ 139.68273, 35.743301 ], [ 139.682864, 35.743312 ], [ 139.683172, 35.743359 ], [ 139.683494, 35.743419 ], [ 139.68376, 35.743473 ], [ 139.683812, 35.743331 ], [ 139.684088, 35.743359 ], [ 139.684563, 35.743278 ], [ 139.68468, 35.743194 ], [ 139.684722, 35.743194 ], [ 139.684966, 35.74324 ], [ 139.685318, 35.743306 ], [ 139.685336, 35.743392 ], [ 139.685633, 35.743411 ], [ 139.686087, 35.743543 ], [ 139.68628, 35.743531 ], [ 139.686412, 35.743508 ], [ 139.686446, 35.743274 ], [ 139.68651, 35.742837 ] ] ] } },
{ "type": "Feature", "properties": { "key": "板橋区|向原2丁目", "ward": "板橋区", "town": "向原二丁目" }, "geometry": { "type": "Polygon", "coordinates": [ [ [ 139.681556, 35.742496 ], [ 139.681641, 35.742534 ], [ 139.681735, 35.742577 ], [ 139.681827, 35.742605 ], [ 139.681876, 35.74262 ], [ 139.681908, 35.742629 ], [ 139.68193, 35.742633 ], [ 139.681966, 35.74264 ], [ 139.682059, 35.742656 ], [ 139.682077, 35.742659 ], [ 139.682082, 35.742642 ], [ 139.682097, 35.742474 ], [ 139.682332, 35.742433 ], [ 139.682391, 35.74241 ], [ 139.682374, 35.742318 ], [ 139.68241, 35.742206 ], [ 139.682421, 35.742064 ], [ 139.682475, 35.741855 ], [ 139.682526, 35.741721 ], [ 139.682636, 35.741406 ], [ 139.682804, 35.741528 ], [ 139.682932, 35.741633 ], [ 139.683068, 35.741697 ], [ 139.683369, 35.741137 ], [ 139.683565, 35.741205 ], [ 139.683875, 35.741287 ], [ 139.68401, 35.741328 ], [ 139.684219, 35.741379 ], [ 139.685118, 35.740951 ], [ 139.685205, 35.740715 ], [ 139.685061, 35.740662 ], [ 139.685339, 35.739904 ], [ 139.684991, 35.739801 ], [ 139.684847, 35.739754 ], [ 139.684414, 35.73961 ], [ 139.684402, 35.739606 ], [ 139.684035, 35.739474 ], [ 139.683891, 35.739431 ], [ 139.683235, 35.739239 ], [ 139.682824, 35.739126 ], [ 139.682481, 35.739032 ], [ 139.682388, 35.739013 ], [ 139.682017, 35.738938 ], [ 139.681895, 35.738913 ], [ 139.681641, 35.738867 ], [ 139.681077, 35.738766 ], [ 139.681067, 35.738764 ], [ 139.68104, 35.738759 ], [ 139.680536, 35.73866 ], [ 139.680527, 35.738658 ], [ 139.680507, 35.738654 ], [ 139.680217, 35.738597 ], [ 139.679969, 35.738884 ], [ 139.679863, 35.739007 ], [ 139.679695, 35.73932 ], [ 139.679654, 35.739378 ], [ 139.679444, 35.739681 ], [ 139.679256, 35.739867 ], [ 139.679165, 35.739988 ], [ 139.679034, 35.740155 ], [ 139.67898, 35.740275 ], [ 139.678952, 35.740338 ], [ 139.678919, 35.740432 ], [ 139.678979, 35.740639 ], [ 139.679234, 35.740713 ], [ 139.679282, 35.740787 ], [ 139.679386, 35.740979 ], [ 139.679437, 35.741106 ], [ 139.679443, 35.741123 ], [ 139.679517, 35.741344 ], [ 139.679636, 35.741548 ], [ 139.679683, 35.741622 ], [ 139.680068, 35.741403 ], [ 139.680114, 35.741461 ], [ 139.680124, 35.741454 ], [ 139.680181, 35.74152 ], [ 139.680087, 35.741574 ], [ 139.680168, 35.741572 ], [ 139.680169, 35.741583 ], [ 139.680244, 35.741582 ], [ 139.680254, 35.741954 ], [ 139.680087, 35.741957 ], [ 139.680077, 35.741624 ], [ 139.680045, 35.741643 ], [ 139.680008, 35.741664 ], [ 139.679982, 35.741679 ], [ 139.679967, 35.741688 ], [ 139.679931, 35.74171 ], [ 139.679915, 35.741719 ], [ 139.679914, 35.741717 ], [ 139.679891, 35.741691 ], [ 139.679769, 35.74176 ], [ 139.679807, 35.741835 ], [ 139.679842, 35.741874 ], [ 139.679916, 35.741962 ], [ 139.679907, 35.741967 ], [ 139.680023, 35.742097 ], [ 139.680078, 35.742126 ], [ 139.680205, 35.742056 ], [ 139.680285, 35.742012 ], [ 139.680362, 35.741969 ], [ 139.680402, 35.741948 ], [ 139.680444, 35.741998 ], [ 139.680479, 35.742041 ], [ 139.680429, 35.742156 ], [ 139.680415, 35.742189 ], [ 139.680414, 35.74219 ], [ 139.680395, 35.742235 ], [ 139.680319, 35.742214 ], [ 139.680339, 35.742167 ], [ 139.680375, 35.74209 ], [ 139.680252, 35.742158 ], [ 139.680271, 35.742182 ], [ 139.680207, 35.742214 ], [ 139.680353, 35.74228 ], [ 139.680492, 35.742367 ], [ 139.680593, 35.742408 ], [ 139.68059, 35.742446 ], [ 139.680598, 35.742676 ], [ 139.680602, 35.742701 ], [ 139.680635, 35.742851 ], [ 139.680719, 35.742987 ], [ 139.680724, 35.742993 ], [ 139.680764, 35.742974 ], [ 139.680758, 35.742964 ], [ 139.680752, 35.742953 ], [ 139.680749, 35.742945 ], [ 139.680744, 35.74293 ], [ 139.680746, 35.74292 ], [ 139.680752, 35.742895 ], [ 139.680784, 35.742882 ], [ 139.680819, 35.742868 ], [ 139.680861, 35.742853 ], [ 139.680908, 35.742837 ], [ 139.680958, 35.742819 ], [ 139.68098, 35.742811 ], [ 139.681006, 35.742795 ], [ 139.681049, 35.742769 ], [ 139.681098, 35.742739 ], [ 139.681151, 35.742706 ], [ 139.681204, 35.742674 ], [ 139.681256, 35.742643 ], [ 139.681297, 35.742617 ], [ 139.681343, 35.742588 ], [ 139.681344, 35.742588 ], [ 139.681399, 35.742524 ], [ 139.681482, 35.742509 ], [ 139.681556, 35.742496 ] ] ] } },
{ "type": "Feature", "properties": { "key": "板橋区|向原3丁目", "ward": "板橋区", "town": "向原三丁目" }, "geometry": { "type": "Polygon", "coordinates": [ [ [ 139.6861, 35.744345 ], [ 139.686169, 35.74422 ], [ 139.686226, 35.744018 ], [ 139.686302, 35.743883 ], [ 139.686374, 35.743722 ], [ 139.686412, 35.743508 ], [ 139.68628, 35.743531 ], [ 139.686087, 35.743543 ], [ 139.685633, 35.743411 ], [ 139.685336, 35.743392 ], [ 139.685318, 35.743306 ], [ 139.684966, 35.74324 ], [ 139.684722, 35.743194 ], [ 139.68468, 35.743194 ], [ 139.684563, 35.743278 ], [ 139.684088, 35.743359 ], [ 139.683812, 35.743331 ], [ 139.68376, 35.743473 ], [ 139.683494, 35.743419 ], [ 139.683172, 35.743359 ], [ 139.682864, 35.743312 ], [ 139.68273, 35.743301 ], [ 139.682672, 35.743281 ], [ 139.682678, 35.743007 ], [ 139.682621, 35.74278 ], [ 139.682416, 35.742445 ], [ 139.682391, 35.74241 ], [ 139.682332, 35.742433 ], [ 139.682097, 35.742474 ], [ 139.682082, 35.742642 ], [ 139.682077, 35.742659 ], [ 139.682059, 35.742656 ], [ 139.681966, 35.74264 ], [ 139.68193, 35.742633 ], [ 139.681908, 35.742629 ], [ 139.681876, 35.74262 ], [ 139.681827, 35.742605 ], [ 139.681735, 35.742577 ], [ 139.681641, 35.742534 ], [ 139.681556, 35.742496 ], [ 139.681482, 35.742509 ], [ 139.681399, 35.742524 ], [ 139.681344, 35.742588 ], [ 139.681343, 35.742588 ], [ 139.681297, 35.742617 ], [ 139.681256, 35.742643 ], [ 139.681204, 35.742674 ], [ 139.681151, 35.742706 ], [ 139.681098, 35.742739 ], [ 139.681049, 35.742769 ], [ 139.681006, 35.742795 ], [ 139.68098, 35.742811 ], [ 139.680958, 35.742819 ], [ 139.680908, 35.742837 ], [ 139.680861, 35.742853 ], [ 139.680819, 35.742868 ], [ 139.680784, 35.742882 ], [ 139.680752, 35.742895 ], [ 139.680746, 35.74292 ], [ 139.680744, 35.74293 ], [ 139.680749, 35.742945 ], [ 139.680752, 35.742953 ], [ 139.680758, 35.742964 ], [ 139.680764, 35.742974 ], [ 139.680724, 35.742993 ], [ 139.680829, 35.743185 ], [ 139.680878, 35.743287 ], [ 139.680886, 35.743304 ], [ 139.680953, 35.743441 ], [ 139.680968, 35.743471 ], [ 139.680973, 35.743531 ], [ 139.680984, 35.743668 ], [ 139.680943, 35.743932 ], [ 139.680942, 35.743942 ], [ 139.680918, 35.744107 ], [ 139.680866, 35.74434 ], [ 139.680826, 35.744481 ], [ 139.680826, 35.744495 ], [ 139.681421, 35.744783 ], [ 139.681595, 35.744792 ], [ 139.681665, 35.744743 ], [ 139.681733, 35.744629 ], [ 139.68265, 35.74474 ], [ 139.682703, 35.744797 ], [ 139.682926, 35.745037 ], [ 139.682957, 35.745063 ], [ 139.683452, 35.745484 ], [ 139.683609, 35.745639 ], [ 139.683759, 35.745827 ], [ 139.683791, 35.745866 ], [ 139.683997, 35.746133 ], [ 139.684049, 35.746248 ], [ 139.684019, 35.746418 ], [ 139.684, 35.746592 ], [ 139.68412, 35.746776 ], [ 139.684267, 35.746982 ], [ 139.684255, 35.747085 ], [ 139.683883, 35.74715 ], [ 139.683873, 35.747286 ], [ 139.683862, 35.747433 ], [ 139.683858, 35.747495 ], [ 139.683838, 35.747756 ], [ 139.683836, 35.747786 ], [ 139.683813, 35.747993 ], [ 139.683814, 35.748085 ], [ 139.684109, 35.748018 ], [ 139.684567, 35.747965 ], [ 139.684593, 35.747963 ], [ 139.684802, 35.747944 ], [ 139.684987, 35.747927 ], [ 139.685171, 35.74791 ], [ 139.685688, 35.747835 ], [ 139.685602, 35.747614 ], [ 139.685532, 35.747433 ], [ 139.685515, 35.747371 ], [ 139.685469, 35.747203 ], [ 139.68547, 35.747055 ], [ 139.68547, 35.747026 ], [ 139.68553, 35.746802 ], [ 139.685541, 35.746759 ], [ 139.68558, 35.746687 ], [ 139.685582, 35.746665 ], [ 139.68559, 35.746607 ], [ 139.685596, 35.746559 ], [ 139.685565, 35.746331 ], [ 139.685494, 35.746114 ], [ 139.685465, 35.746101 ], [ 139.685464, 35.7461 ], [ 139.685391, 35.745882 ], [ 139.68535, 35.745759 ], [ 139.685342, 35.745757 ], [ 139.685325, 35.745525 ], [ 139.685348, 35.745453 ], [ 139.685417, 35.745346 ], [ 139.685489, 35.745311 ], [ 139.685609, 35.745156 ], [ 139.685678, 35.745128 ], [ 139.685871, 35.744893 ], [ 139.68579, 35.744867 ], [ 139.6861, 35.744345 ] ] ] } },
{ "type": "Feature", "properties": { "key": "板橋区|小茂根1丁目", "ward": "板橋区", "town": "小茂根一丁目" }, "geometry": { "type": "Polygon", "coordinates": [ [ [ 139.683836, 35.747786 ], [ 139.683838, 35.747756 ], [ 139.683858, 35.747495 ], [ 139.683862, 35.747433 ], [ 139.683873, 35.747286 ], [ 139.683883, 35.74715 ], [ 139.684255, 35.747085 ], [ 139.684267, 35.746982 ], [ 139.68412, 35.746776 ], [ 139.684, 35.746592 ], [ 139.684019, 35.746418 ], [ 139.684049, 35.746248 ], [ 139.683997, 35.746133 ], [ 139.683791, 35.745866 ], [ 139.683759, 35.745827 ], [ 139.683609, 35.745639 ], [ 139.683452, 35.745484 ], [ 139.682957, 35.745063 ], [ 139.682926, 35.745037 ], [ 139.682703, 35.744797 ], [ 139.68265, 35.74474 ], [ 139.681733, 35.744629 ], [ 139.681665, 35.744743 ], [ 139.681595, 35.744792 ], [ 139.681421, 35.744783 ], [ 139.680826, 35.744495 ], [ 139.680826, 35.744481 ], [ 139.680866, 35.74434 ], [ 139.680918, 35.744107 ], [ 139.680942, 35.743942 ], [ 139.680943, 35.743932 ], [ 139.680827, 35.743964 ], [ 139.680582, 35.744039 ], [ 139.680113, 35.744184 ], [ 139.679604, 35.744339 ], [ 139.679535, 35.744361 ], [ 139.678917, 35.744559 ], [ 139.678886, 35.744569 ], [ 139.67826, 35.744776 ], [ 139.678248, 35.74478 ], [ 139.677917, 35.744879 ], [ 139.677569, 35.744983 ], [ 139.677528, 35.744995 ], [ 139.676845, 35.745229 ], [ 139.676829, 35.745235 ], [ 139.67625, 35.745409 ], [ 139.675761, 35.745556 ], [ 139.675384, 35.745254 ], [ 139.67534, 35.745219 ], [ 139.675216, 35.745279 ], [ 139.674854, 35.745455 ], [ 139.675249, 35.745753 ], [ 139.676014, 35.746297 ], [ 139.676331, 35.746523 ], [ 139.676498, 35.746642 ], [ 139.676789, 35.746848 ], [ 139.676986, 35.746995 ], [ 139.677196, 35.747152 ], [ 139.677424, 35.747323 ], [ 139.677489, 35.747371 ], [ 139.678066, 35.747773 ], [ 139.678117, 35.747765 ], [ 139.679039, 35.747837 ], [ 139.679672, 35.747869 ], [ 139.679753, 35.747873 ], [ 139.679763, 35.747873 ], [ 139.680175, 35.747895 ], [ 139.68048, 35.747902 ], [ 139.680749, 35.747905 ], [ 139.68082, 35.74785 ], [ 139.68083, 35.747842 ], [ 139.680852, 35.747832 ], [ 139.681551, 35.747942 ], [ 139.682639, 35.748075 ], [ 139.683423, 35.748207 ], [ 139.683485, 35.748195 ], [ 139.683548, 35.748174 ], [ 139.683814, 35.748085 ], [ 139.683813, 35.747993 ], [ 139.683836, 35.747786 ] ] ] } },
{ "type": "Feature", "properties": { "key": "板橋区|小茂根2丁目", "ward": "板橋区", "town": "小茂根二丁目" }, "geometry": { "type": "Polygon", "coordinates": [ [ [ 139.684987, 35.747927 ], [ 139.684802, 35.747944 ], [ 139.684593, 35.747963 ], [ 139.684567, 35.747965 ], [ 139.684109, 35.748018 ], [ 139.683814, 35.748085 ], [ 139.683548, 35.748174 ], [ 139.683485, 35.748195 ], [ 139.683423, 35.748207 ], [ 139.682639, 35.748075 ], [ 139.681551, 35.747942 ], [ 139.680852, 35.747832 ], [ 139.68083, 35.747842 ], [ 139.68082, 35.74785 ], [ 139.680749, 35.747905 ], [ 139.68048, 35.747902 ], [ 139.680175, 35.747895 ], [ 139.679763, 35.747873 ], [ 139.679753, 35.747873 ], [ 139.679672, 35.747869 ], [ 139.679039, 35.747837 ], [ 139.678117, 35.747765 ], [ 139.678066, 35.747773 ], [ 139.678072, 35.747777 ], [ 139.678858, 35.748334 ], [ 139.678922, 35.748381 ], [ 139.679283, 35.74865 ], [ 139.679826, 35.749055 ], [ 139.679838, 35.749063 ], [ 139.680523, 35.749549 ], [ 139.680658, 35.749645 ], [ 139.680671, 35.749654 ], [ 139.680816, 35.749758 ], [ 139.681364, 35.750151 ], [ 139.68139, 35.75017 ], [ 139.682083, 35.750677 ], [ 139.682215, 35.750774 ], [ 139.682239, 35.750792 ], [ 139.682241, 35.750793 ], [ 139.682248, 35.750798 ], [ 139.682249, 35.750799 ], [ 139.682258, 35.750805 ], [ 139.682529, 35.751003 ], [ 139.682538, 35.75101 ], [ 139.682604, 35.751059 ], [ 139.68292, 35.75129 ], [ 139.68299, 35.751341 ], [ 139.683003, 35.75135 ], [ 139.683452, 35.751664 ], [ 139.683791, 35.751912 ], [ 139.683807, 35.751916 ], [ 139.68383, 35.751914 ], [ 139.684534, 35.751869 ], [ 139.684546, 35.751868 ], [ 139.685067, 35.751834 ], [ 139.685515, 35.751803 ], [ 139.685481, 35.751183 ], [ 139.685481, 35.751179 ], [ 139.68546, 35.750781 ], [ 139.685439, 35.750389 ], [ 139.685438, 35.750381 ], [ 139.685415, 35.749976 ], [ 139.685394, 35.749625 ], [ 139.68537, 35.749526 ], [ 139.685362, 35.749492 ], [ 139.68525, 35.749025 ], [ 139.685162, 35.748658 ], [ 139.685073, 35.748288 ], [ 139.684987, 35.747927 ] ] ] } },
{ "type": "Feature", "properties": { "key": "板橋区|小茂根3丁目", "ward": "板橋区", "town": "小茂根三丁目" }, "geometry": { "type": "Polygon", "coordinates": [ [ [ 139.679838, 35.749063 ], [ 139.679826, 35.749055 ], [ 139.679283, 35.74865 ], [ 139.678922, 35.748381 ], [ 139.678552, 35.748748 ], [ 139.678408, 35.749119 ], [ 139.678371, 35.749231 ], [ 139.678365, 35.74923 ], [ 139.678121, 35.749889 ], [ 139.67812, 35.749894 ], [ 139.677897, 35.750788 ], [ 139.677896, 35.750815 ], [ 139.677918, 35.751592 ], [ 139.677937, 35.752291 ], [ 139.677954, 35.753073 ], [ 139.678769, 35.752496 ], [ 139.678972, 35.752355 ], [ 139.679075, 35.752309 ], [ 139.679366, 35.752245 ], [ 139.679377, 35.752243 ], [ 139.680191, 35.752179 ], [ 139.680811, 35.752138 ], [ 139.680917, 35.752131 ], [ 139.680927, 35.75213 ], [ 139.681369, 35.752098 ], [ 139.681419, 35.752094 ], [ 139.682165, 35.75204 ], [ 139.682662, 35.752005 ], [ 139.683444, 35.751943 ], [ 139.683632, 35.751929 ], [ 139.683797, 35.751916 ], [ 139.683807, 35.751916 ], [ 139.683791, 35.751912 ], [ 139.683452, 35.751664 ], [ 139.683003, 35.75135 ], [ 139.68299, 35.751341 ], [ 139.68292, 35.75129 ], [ 139.682604, 35.751059 ], [ 139.682538, 35.75101 ], [ 139.682529, 35.751003 ], [ 139.682258, 35.750805 ], [ 139.682249, 35.750799 ], [ 139.682248, 35.750798 ], [ 139.682241, 35.750793 ], [ 139.682239, 35.750792 ], [ 139.682215, 35.750774 ], [ 139.682083, 35.750677 ], [ 139.68139, 35.75017 ], [ 139.681364, 35.750151 ], [ 139.680816, 35.749758 ], [ 139.680671, 35.749654 ], [ 139.680658, 35.749645 ], [ 139.680523, 35.749549 ], [ 139.679838, 35.749063 ] ] ] } },
{ "type": "Feature", "properties": { "key": "板橋区|小茂根4丁目", "ward": "板橋区", "town": "小茂根四丁目" }, "geometry": { "type": "Polygon", "coordinates": [ [ [ 139.678365, 35.74923 ], [ 139.678371, 35.749231 ], [ 139.678408, 35.749119 ], [ 139.678552, 35.748748 ], [ 139.678922, 35.748381 ], [ 139.678858, 35.748334 ], [ 139.678072, 35.747777 ], [ 139.678066, 35.747773 ], [ 139.677489, 35.747371 ], [ 139.677424, 35.747323 ], [ 139.677196, 35.747152 ], [ 139.676986, 35.746995 ], [ 139.676789, 35.746848 ], [ 139.676498, 35.746642 ], [ 139.676331, 35.746523 ], [ 139.676014, 35.746297 ], [ 139.675249, 35.745753 ], [ 139.674854, 35.745455 ], [ 139.674767, 35.745498 ], [ 139.674172, 35.74508 ], [ 139.674052, 35.744996 ], [ 139.673747, 35.744782 ], [ 139.673698, 35.744747 ], [ 139.673563, 35.745048 ], [ 139.673032, 35.744847 ], [ 139.672928, 35.744797 ], [ 139.672791, 35.744723 ], [ 139.67231, 35.744515 ], [ 139.672224, 35.744864 ], [ 139.672215, 35.745171 ], [ 139.672258, 35.745371 ], [ 139.672325, 35.745629 ], [ 139.672404, 35.745806 ], [ 139.672653, 35.746218 ], [ 139.672754, 35.746376 ], [ 139.672778, 35.746426 ], [ 139.672905, 35.74664 ], [ 139.672952, 35.746709 ], [ 139.673007, 35.74685 ], [ 139.673061, 35.746946 ], [ 139.67306, 35.746972 ], [ 139.673067, 35.74699 ], [ 139.67317, 35.747259 ], [ 139.673266, 35.747514 ], [ 139.673269, 35.74752 ], [ 139.673274, 35.747536 ], [ 139.673292, 35.747576 ], [ 139.673347, 35.747716 ], [ 139.673473, 35.748001 ], [ 139.673533, 35.748099 ], [ 139.673671, 35.748323 ], [ 139.673687, 35.748349 ], [ 139.673714, 35.748393 ], [ 139.673822, 35.748549 ], [ 139.673871, 35.74864 ], [ 139.673883, 35.748668 ], [ 139.674011, 35.748916 ], [ 139.674029, 35.74895 ], [ 139.674114, 35.749141 ], [ 139.674142, 35.749203 ], [ 139.674352, 35.749778 ], [ 139.674392, 35.749864 ], [ 139.674636, 35.74983 ], [ 139.674724, 35.749818 ], [ 139.674878, 35.749796 ], [ 139.675636, 35.749681 ], [ 139.676387, 35.749572 ], [ 139.676589, 35.749597 ], [ 139.677373, 35.749693 ], [ 139.677498, 35.749709 ], [ 139.677521, 35.749712 ], [ 139.67812, 35.749894 ], [ 139.678121, 35.749889 ], [ 139.678365, 35.74923 ] ] ] } },
{ "type": "Feature", "properties": { "key": "板橋区|小茂根5丁目", "ward": "板橋区", "town": "小茂根五丁目" }, "geometry": { "type": "Polygon", "coordinates": [ [ [ 139.677918, 35.751592 ], [ 139.677896, 35.750815 ], [ 139.677897, 35.750788 ], [ 139.67812, 35.749894 ], [ 139.677521, 35.749712 ], [ 139.677498, 35.749709 ], [ 139.677373, 35.749693 ], [ 139.676589, 35.749597 ], [ 139.676387, 35.749572 ], [ 139.675636, 35.749681 ], [ 139.674878, 35.749796 ], [ 139.674724, 35.749818 ], [ 139.674636, 35.74983 ], [ 139.674392, 35.749864 ], [ 139.674402, 35.749924 ], [ 139.674421, 35.750041 ], [ 139.674468, 35.750167 ], [ 139.674597, 35.750483 ], [ 139.674737, 35.750996 ], [ 139.674806, 35.751136 ], [ 139.674838, 35.751199 ], [ 139.674904, 35.751339 ], [ 139.67496, 35.751516 ], [ 139.674982, 35.751664 ], [ 139.674994, 35.751808 ], [ 139.674982, 35.751806 ], [ 139.674981, 35.751814 ], [ 139.674919, 35.752283 ], [ 139.674811, 35.752411 ], [ 139.674763, 35.752462 ], [ 139.674546, 35.752671 ], [ 139.674434, 35.752853 ], [ 139.674411, 35.752863 ], [ 139.674407, 35.752868 ], [ 139.673663, 35.753243 ], [ 139.673566, 35.753293 ], [ 139.673571, 35.753823 ], [ 139.67371, 35.754182 ], [ 139.673665, 35.754235 ], [ 139.673316, 35.754654 ], [ 139.673578, 35.754942 ], [ 139.673776, 35.755058 ], [ 139.673994, 35.755076 ], [ 139.674137, 35.755063 ], [ 139.674569, 35.754961 ], [ 139.674892, 35.754899 ], [ 139.675414, 35.754784 ], [ 139.675693, 35.754695 ], [ 139.67577, 35.754659 ], [ 139.676838, 35.75389 ], [ 139.677898, 35.75311 ], [ 139.677954, 35.753073 ], [ 139.677937, 35.752291 ], [ 139.677918, 35.751592 ] ] ] } },
{ "type": "Feature", "properties": { "key": "板橋区|常盤台1丁目", "ward": "板橋区", "town": "常盤台一丁目" }, "geometry": { "type": "Polygon", "coordinates": [ [ [ 139.691606, 35.763265 ], [ 139.691611, 35.763264 ], [ 139.692241, 35.76314 ], [ 139.692444, 35.763121 ], [ 139.692487, 35.763117 ], [ 139.693064, 35.763061 ], [ 139.693326, 35.76305 ], [ 139.69356, 35.76304 ], [ 139.693619, 35.763037 ], [ 139.693869, 35.763025 ], [ 139.694092, 35.763014 ], [ 139.694558, 35.762999 ], [ 139.694628, 35.763006 ], [ 139.694772, 35.76301 ], [ 139.694978, 35.762995 ], [ 139.69511, 35.762975 ], [ 139.69523, 35.762957 ], [ 139.695171, 35.762393 ], [ 139.695167, 35.762317 ], [ 139.695078, 35.761793 ], [ 139.695047, 35.76161 ], [ 139.694946, 35.760983 ], [ 139.694938, 35.760932 ], [ 139.694924, 35.760808 ], [ 139.694922, 35.760791 ], [ 139.694855, 35.760344 ], [ 139.694856, 35.760306 ], [ 139.694847, 35.760089 ], [ 139.694844, 35.759696 ], [ 139.694842, 35.759651 ], [ 139.694864, 35.759314 ], [ 139.694865, 35.75917 ], [ 139.694891, 35.758597 ], [ 139.69489, 35.758491 ], [ 139.694907, 35.758044 ], [ 139.694905, 35.757759 ], [ 139.694916, 35.757327 ], [ 139.694605, 35.757376 ], [ 139.694354, 35.757415 ], [ 139.694114, 35.757455 ], [ 139.693894, 35.75749 ], [ 139.693772, 35.757508 ], [ 139.693767, 35.757509 ], [ 139.693626, 35.75753 ], [ 139.693609, 35.757533 ], [ 139.693576, 35.757537 ], [ 139.693405, 35.757511 ], [ 139.693311, 35.757496 ], [ 139.693201, 35.757457 ], [ 139.692951, 35.757316 ], [ 139.692785, 35.75714 ], [ 139.692595, 35.757248 ], [ 139.691919, 35.757602 ], [ 139.691899, 35.757613 ], [ 139.69181, 35.757656 ], [ 139.691318, 35.757898 ], [ 139.691286, 35.757913 ], [ 139.690606, 35.758246 ], [ 139.690568, 35.758263 ], [ 139.690391, 35.758211 ], [ 139.690237, 35.758268 ], [ 139.689975, 35.758382 ], [ 139.689948, 35.758395 ], [ 139.689746, 35.758488 ], [ 139.689193, 35.758654 ], [ 139.689329, 35.758887 ], [ 139.689373, 35.759 ], [ 139.689354, 35.759072 ], [ 139.689335, 35.759143 ], [ 139.689433, 35.759173 ], [ 139.689657, 35.759219 ], [ 139.689812, 35.759265 ], [ 139.689868, 35.759613 ], [ 139.689879, 35.759777 ], [ 139.689896, 35.759787 ], [ 139.689941, 35.760248 ], [ 139.689992, 35.76063 ], [ 139.689996, 35.760669 ], [ 139.689996, 35.760676 ], [ 139.69001, 35.760847 ], [ 139.690089, 35.761424 ], [ 139.690145, 35.761892 ], [ 139.690202, 35.762373 ], [ 139.690203, 35.762388 ], [ 139.69021, 35.762554 ], [ 139.690253, 35.762855 ], [ 139.690255, 35.762869 ], [ 139.690321, 35.763302 ], [ 139.690324, 35.76332 ], [ 139.690464, 35.763311 ], [ 139.690583, 35.763304 ], [ 139.690964, 35.763326 ], [ 139.691031, 35.763321 ], [ 139.691169, 35.763312 ], [ 139.691606, 35.763265 ] ] ] } },
{ "type": "Feature", "properties": { "key": "板橋区|常盤台2丁目", "ward": "板橋区", "town": "常盤台二丁目" }, "geometry": { "type": "Polygon", "coordinates": [ [ [ 139.687302, 35.763564 ], [ 139.68744, 35.763565 ], [ 139.68784, 35.763557 ], [ 139.687963, 35.763554 ], [ 139.688397, 35.763529 ], [ 139.688866, 35.76348 ], [ 139.688913, 35.763473 ], [ 139.68957, 35.763378 ], [ 139.689647, 35.763368 ], [ 139.689817, 35.763346 ], [ 139.690082, 35.763313 ], [ 139.690321, 35.763302 ], [ 139.690255, 35.762869 ], [ 139.690253, 35.762855 ], [ 139.69021, 35.762554 ], [ 139.690203, 35.762388 ], [ 139.690202, 35.762373 ], [ 139.690145, 35.761892 ], [ 139.690089, 35.761424 ], [ 139.69001, 35.760847 ], [ 139.689996, 35.760676 ], [ 139.689996, 35.760669 ], [ 139.689992, 35.76063 ], [ 139.689941, 35.760248 ], [ 139.689896, 35.759787 ], [ 139.689879, 35.759777 ], [ 139.689868, 35.759613 ], [ 139.689812, 35.759265 ], [ 139.689657, 35.759219 ], [ 139.689433, 35.759173 ], [ 139.689335, 35.759143 ], [ 139.689354, 35.759072 ], [ 139.689373, 35.759 ], [ 139.689329, 35.758887 ], [ 139.689193, 35.758654 ], [ 139.689081, 35.758681 ], [ 139.689057, 35.758691 ], [ 139.689063, 35.758826 ], [ 139.68881, 35.758894 ], [ 139.687516, 35.759291 ], [ 139.687463, 35.75931 ], [ 139.686683, 35.759535 ], [ 139.686656, 35.759543 ], [ 139.686805, 35.759829 ], [ 139.686316, 35.760011 ], [ 139.686256, 35.760051 ], [ 139.686319, 35.760216 ], [ 139.686308, 35.760398 ], [ 139.686316, 35.760512 ], [ 139.686296, 35.760656 ], [ 139.686338, 35.760891 ], [ 139.6864, 35.76139 ], [ 139.686424, 35.76182 ], [ 139.686416, 35.761871 ], [ 139.686456, 35.762293 ], [ 139.686463, 35.762703 ], [ 139.686467, 35.762761 ], [ 139.68645, 35.763142 ], [ 139.686434, 35.763196 ], [ 139.686459, 35.763577 ], [ 139.686802, 35.763577 ], [ 139.686807, 35.763568 ], [ 139.687302, 35.763564 ] ] ] } },
{ "type": "Feature", "properties": { "key": "板橋区|常盤台3丁目", "ward": "板橋区", "town": "常盤台三丁目" }, "geometry": { "type": "Polygon", "coordinates": [ [ [ 139.685034, 35.763633 ], [ 139.685213, 35.763639 ], [ 139.685469, 35.76362 ], [ 139.686058, 35.763596 ], [ 139.686459, 35.763577 ], [ 139.686434, 35.763196 ], [ 139.68645, 35.763142 ], [ 139.686467, 35.762761 ], [ 139.686463, 35.762703 ], [ 139.686456, 35.762293 ], [ 139.686416, 35.761871 ], [ 139.686424, 35.76182 ], [ 139.6864, 35.76139 ], [ 139.686338, 35.760891 ], [ 139.686296, 35.760656 ], [ 139.686316, 35.760512 ], [ 139.686308, 35.760398 ], [ 139.686319, 35.760216 ], [ 139.686256, 35.760051 ], [ 139.686316, 35.760011 ], [ 139.686805, 35.759829 ], [ 139.686656, 35.759543 ], [ 139.686158, 35.759693 ], [ 139.685794, 35.759804 ], [ 139.685476, 35.7599 ], [ 139.685444, 35.75991 ], [ 139.685172, 35.759999 ], [ 139.68514, 35.760009 ], [ 139.684765, 35.760132 ], [ 139.684659, 35.760166 ], [ 139.684624, 35.760178 ], [ 139.684598, 35.760186 ], [ 139.68454, 35.760097 ], [ 139.684179, 35.760193 ], [ 139.684055, 35.760241 ], [ 139.683359, 35.760505 ], [ 139.683321, 35.760519 ], [ 139.682557, 35.760838 ], [ 139.682627, 35.760942 ], [ 139.682632, 35.760969 ], [ 139.68208, 35.761192 ], [ 139.681531, 35.761414 ], [ 139.681571, 35.761537 ], [ 139.681628, 35.761714 ], [ 139.681696, 35.76191 ], [ 139.681716, 35.761967 ], [ 139.681728, 35.762003 ], [ 139.68177, 35.762118 ], [ 139.681821, 35.762261 ], [ 139.68191, 35.762635 ], [ 139.682, 35.763011 ], [ 139.682049, 35.763254 ], [ 139.682098, 35.763548 ], [ 139.682175, 35.763991 ], [ 139.682277, 35.764331 ], [ 139.68264, 35.764232 ], [ 139.68283, 35.764176 ], [ 139.683087, 35.76409 ], [ 139.683183, 35.764057 ], [ 139.683383, 35.763983 ], [ 139.683728, 35.763839 ], [ 139.68402, 35.763701 ], [ 139.684043, 35.76369 ], [ 139.684242, 35.763641 ], [ 139.684562, 35.763635 ], [ 139.685034, 35.763633 ] ] ] } },
{ "type": "Feature", "properties": { "key": "板橋区|常盤台4丁目", "ward": "板橋区", "town": "常盤台四丁目" }, "geometry": { "type": "Polygon", "coordinates": [ [ [ 139.682098, 35.763548 ], [ 139.682049, 35.763254 ], [ 139.682, 35.763011 ], [ 139.68191, 35.762635 ], [ 139.681821, 35.762261 ], [ 139.68177, 35.762118 ], [ 139.681728, 35.762003 ], [ 139.681716, 35.761967 ], [ 139.681696, 35.76191 ], [ 139.681628, 35.761714 ], [ 139.681571, 35.761537 ], [ 139.681531, 35.761414 ], [ 139.681304, 35.761511 ], [ 139.681028, 35.761618 ], [ 139.680793, 35.761717 ], [ 139.68042, 35.761873 ], [ 139.680146, 35.761988 ], [ 139.679449, 35.762311 ], [ 139.678851, 35.762566 ], [ 139.678849, 35.76257 ], [ 139.678523, 35.762724 ], [ 139.677973, 35.763002 ], [ 139.677983, 35.763021 ], [ 139.677314, 35.763361 ], [ 139.677123, 35.763463 ], [ 139.67714, 35.763487 ], [ 139.677066, 35.76354 ], [ 139.676841, 35.763641 ], [ 139.676656, 35.763725 ], [ 139.676528, 35.763682 ], [ 139.676154, 35.763829 ], [ 139.676165, 35.764383 ], [ 139.676173, 35.764676 ], [ 139.676176, 35.764796 ], [ 139.676176, 35.764887 ], [ 139.676177, 35.764963 ], [ 139.676078, 35.765222 ], [ 139.676056, 35.765279 ], [ 139.676089, 35.765546 ], [ 139.67613, 35.76587 ], [ 139.676603, 35.765816 ], [ 139.676799, 35.765784 ], [ 139.677028, 35.765732 ], [ 139.677133, 35.765706 ], [ 139.677347, 35.765653 ], [ 139.677492, 35.765619 ], [ 139.677652, 35.765584 ], [ 139.67774, 35.765565 ], [ 139.678082, 35.765486 ], [ 139.678384, 35.765402 ], [ 139.678615, 35.765338 ], [ 139.679031, 35.765234 ], [ 139.679054, 35.765226 ], [ 139.679329, 35.76516 ], [ 139.679364, 35.765149 ], [ 139.679572, 35.765088 ], [ 139.679594, 35.765082 ], [ 139.679971, 35.764973 ], [ 139.680161, 35.764917 ], [ 139.680243, 35.764896 ], [ 139.680362, 35.764865 ], [ 139.680787, 35.764739 ], [ 139.68112, 35.764641 ], [ 139.681152, 35.764631 ], [ 139.68192, 35.764448 ], [ 139.682252, 35.764338 ], [ 139.682277, 35.764331 ], [ 139.682175, 35.763991 ], [ 139.682098, 35.763548 ] ] ] } },
{ "type": "Feature", "properties": { "key": "板橋区|南常盤台1丁目", "ward": "板橋区", "town": "南常盤台一丁目" }, "geometry": { "type": "Polygon", "coordinates": [ [ [ 139.690391, 35.758211 ], [ 139.690568, 35.758263 ], [ 139.690606, 35.758246 ], [ 139.691286, 35.757913 ], [ 139.691318, 35.757898 ], [ 139.69181, 35.757656 ], [ 139.691899, 35.757613 ], [ 139.691919, 35.757602 ], [ 139.692595, 35.757248 ], [ 139.692785, 35.75714 ], [ 139.692735, 35.757081 ], [ 139.692393, 35.756707 ], [ 139.692103, 35.756387 ], [ 139.691932, 35.756215 ], [ 139.691622, 35.755875 ], [ 139.691511, 35.755751 ], [ 139.691264, 35.755473 ], [ 139.691249, 35.755463 ], [ 139.691146, 35.755299 ], [ 139.691043, 35.755158 ], [ 139.690648, 35.75472 ], [ 139.690629, 35.754699 ], [ 139.6904, 35.754446 ], [ 139.690348, 35.754387 ], [ 139.690087, 35.754092 ], [ 139.689831, 35.753798 ], [ 139.689507, 35.754027 ], [ 139.689082, 35.754327 ], [ 139.688836, 35.754493 ], [ 139.688782, 35.75453 ], [ 139.688531, 35.754699 ], [ 139.688294, 35.75486 ], [ 139.688065, 35.755015 ], [ 139.687983, 35.75507 ], [ 139.687867, 35.755149 ], [ 139.68744, 35.755438 ], [ 139.687427, 35.755447 ], [ 139.686728, 35.75585 ], [ 139.686725, 35.755852 ], [ 139.686416, 35.756021 ], [ 139.686301, 35.756088 ], [ 139.686628, 35.756688 ], [ 139.686811, 35.757018 ], [ 139.687025, 35.757363 ], [ 139.68722, 35.757629 ], [ 139.687394, 35.757816 ], [ 139.687444, 35.757899 ], [ 139.687638, 35.758073 ], [ 139.688107, 35.758413 ], [ 139.688491, 35.758687 ], [ 139.688534, 35.758718 ], [ 139.68881, 35.758894 ], [ 139.689063, 35.758826 ], [ 139.689057, 35.758691 ], [ 139.689081, 35.758681 ], [ 139.689193, 35.758654 ], [ 139.689746, 35.758488 ], [ 139.689948, 35.758395 ], [ 139.689975, 35.758382 ], [ 139.690237, 35.758268 ], [ 139.690391, 35.758211 ] ] ] } },
{ "type": "Feature", "properties": { "key": "板橋区|南常盤台2丁目", "ward": "板橋区", "town": "南常盤台二丁目" }, "geometry": { "type": "Polygon", "coordinates": [ [ [ 139.68454, 35.760097 ], [ 139.684598, 35.760186 ], [ 139.684624, 35.760178 ], [ 139.684659, 35.760166 ], [ 139.684765, 35.760132 ], [ 139.68514, 35.760009 ], [ 139.685172, 35.759999 ], [ 139.685444, 35.75991 ], [ 139.685476, 35.7599 ], [ 139.685794, 35.759804 ], [ 139.686158, 35.759693 ], [ 139.686656, 35.759543 ], [ 139.686683, 35.759535 ], [ 139.687463, 35.75931 ], [ 139.687516, 35.759291 ], [ 139.68881, 35.758894 ], [ 139.688534, 35.758718 ], [ 139.688491, 35.758687 ], [ 139.688107, 35.758413 ], [ 139.687638, 35.758073 ], [ 139.687444, 35.757899 ], [ 139.687394, 35.757816 ], [ 139.68722, 35.757629 ], [ 139.687025, 35.757363 ], [ 139.686811, 35.757018 ], [ 139.686628, 35.756688 ], [ 139.686301, 35.756088 ], [ 139.686124, 35.756191 ], [ 139.685965, 35.756284 ], [ 139.685749, 35.75641 ], [ 139.685542, 35.756531 ], [ 139.685291, 35.756678 ], [ 139.685239, 35.756707 ], [ 139.685033, 35.756815 ], [ 139.685005, 35.756834 ], [ 139.684954, 35.756866 ], [ 139.684566, 35.757096 ], [ 139.684197, 35.757296 ], [ 139.68418, 35.757304 ], [ 139.684152, 35.757317 ], [ 139.683919, 35.757443 ], [ 139.683633, 35.757624 ], [ 139.683348, 35.757786 ], [ 139.683198, 35.757874 ], [ 139.682721, 35.758146 ], [ 139.682784, 35.758236 ], [ 139.682963, 35.758495 ], [ 139.682994, 35.758556 ], [ 139.683051, 35.758963 ], [ 139.683133, 35.759414 ], [ 139.683217, 35.759816 ], [ 139.683275, 35.760067 ], [ 139.683359, 35.760505 ], [ 139.684055, 35.760241 ], [ 139.684179, 35.760193 ], [ 139.68454, 35.760097 ] ] ] } },
{ "type": "Feature", "properties": { "key": "板橋区|東新町1丁目", "ward": "板橋区", "town": "東新町一丁目" }, "geometry": { "type": "Polygon", "coordinates": [ [ [ 139.685047, 35.755541 ], [ 139.684865, 35.755527 ], [ 139.684578, 35.755556 ], [ 139.684473, 35.7556 ], [ 139.684345, 35.755675 ], [ 139.684092, 35.755766 ], [ 139.683881, 35.755825 ], [ 139.683707, 35.755884 ], [ 139.683281, 35.755975 ], [ 139.683223, 35.75597 ], [ 139.682885, 35.756033 ], [ 139.682903, 35.756055 ], [ 139.682454, 35.756136 ], [ 139.681984, 35.756215 ], [ 139.681975, 35.75626 ], [ 139.681146, 35.756427 ], [ 139.680803, 35.756498 ], [ 139.680414, 35.756579 ], [ 139.680391, 35.756591 ], [ 139.680031, 35.756658 ], [ 139.679801, 35.757047 ], [ 139.67976, 35.75713 ], [ 139.679713, 35.757175 ], [ 139.679703, 35.757198 ], [ 139.679736, 35.757375 ], [ 139.679768, 35.757774 ], [ 139.679778, 35.757885 ], [ 139.679764, 35.758222 ], [ 139.679762, 35.758267 ], [ 139.679668, 35.758596 ], [ 139.679685, 35.758615 ], [ 139.679637, 35.759048 ], [ 139.679634, 35.759075 ], [ 139.679627, 35.759371 ], [ 139.679619, 35.759647 ], [ 139.6796, 35.759652 ], [ 139.679619, 35.759746 ], [ 139.679627, 35.76002 ], [ 139.679631, 35.760186 ], [ 139.679653, 35.760409 ], [ 139.679676, 35.760495 ], [ 139.679733, 35.760799 ], [ 139.679751, 35.76091 ], [ 139.679701, 35.761312 ], [ 139.67957, 35.76178 ], [ 139.679522, 35.761932 ], [ 139.679449, 35.762311 ], [ 139.680146, 35.761988 ], [ 139.68042, 35.761873 ], [ 139.680793, 35.761717 ], [ 139.681028, 35.761618 ], [ 139.681304, 35.761511 ], [ 139.681531, 35.761414 ], [ 139.68208, 35.761192 ], [ 139.682632, 35.760969 ], [ 139.682627, 35.760942 ], [ 139.682557, 35.760838 ], [ 139.683321, 35.760519 ], [ 139.683359, 35.760505 ], [ 139.683275, 35.760067 ], [ 139.683217, 35.759816 ], [ 139.683133, 35.759414 ], [ 139.683051, 35.758963 ], [ 139.682994, 35.758556 ], [ 139.682963, 35.758495 ], [ 139.682784, 35.758236 ], [ 139.682721, 35.758146 ], [ 139.683198, 35.757874 ], [ 139.683348, 35.757786 ], [ 139.683633, 35.757624 ], [ 139.683919, 35.757443 ], [ 139.684152, 35.757317 ], [ 139.68418, 35.757304 ], [ 139.684197, 35.757296 ], [ 139.684566, 35.757096 ], [ 139.684954, 35.756866 ], [ 139.685005, 35.756834 ], [ 139.68497, 35.756678 ], [ 139.68496, 35.756493 ], [ 139.684957, 35.756426 ], [ 139.684994, 35.756169 ], [ 139.685047, 35.755541 ] ] ] } },
{ "type": "Feature", "properties": { "key": "板橋区|東新町2丁目", "ward": "板橋区", "town": "東新町二丁目" }, "geometry": { "type": "Polygon", "coordinates": [ [ [ 139.683223, 35.75597 ], [ 139.683281, 35.755975 ], [ 139.683707, 35.755884 ], [ 139.683881, 35.755825 ], [ 139.684092, 35.755766 ], [ 139.684345, 35.755675 ], [ 139.684473, 35.7556 ], [ 139.684578, 35.755556 ], [ 139.684865, 35.755527 ], [ 139.685047, 35.755541 ], [ 139.68491, 35.75481 ], [ 139.684828, 35.75466 ], [ 139.68478, 35.75432 ], [ 139.684885, 35.753848 ], [ 139.684407, 35.753747 ], [ 139.684257, 35.753725 ], [ 139.684121, 35.753724 ], [ 139.683906, 35.753756 ], [ 139.683516, 35.753779 ], [ 139.683504, 35.753597 ], [ 139.683505, 35.752957 ], [ 139.683485, 35.752542 ], [ 139.683444, 35.751943 ], [ 139.682662, 35.752005 ], [ 139.682165, 35.75204 ], [ 139.681419, 35.752094 ], [ 139.681369, 35.752098 ], [ 139.680927, 35.75213 ], [ 139.680917, 35.752131 ], [ 139.680811, 35.752138 ], [ 139.680191, 35.752179 ], [ 139.679377, 35.752243 ], [ 139.679366, 35.752245 ], [ 139.679075, 35.752309 ], [ 139.678972, 35.752355 ], [ 139.678769, 35.752496 ], [ 139.677954, 35.753073 ], [ 139.677977, 35.753284 ], [ 139.678024, 35.755356 ], [ 139.678046, 35.756063 ], [ 139.678076, 35.757049 ], [ 139.678085, 35.757169 ], [ 139.678134, 35.757378 ], [ 139.678181, 35.757514 ], [ 139.678186, 35.757529 ], [ 139.678656, 35.757464 ], [ 139.679193, 35.757389 ], [ 139.679378, 35.757349 ], [ 139.679552, 35.75729 ], [ 139.679713, 35.757175 ], [ 139.67976, 35.75713 ], [ 139.679801, 35.757047 ], [ 139.680031, 35.756658 ], [ 139.680391, 35.756591 ], [ 139.680414, 35.756579 ], [ 139.680803, 35.756498 ], [ 139.681146, 35.756427 ], [ 139.681975, 35.75626 ], [ 139.681984, 35.756215 ], [ 139.682454, 35.756136 ], [ 139.682903, 35.756055 ], [ 139.682885, 35.756033 ], [ 139.683223, 35.75597 ] ] ] } },
{ "type": "Feature", "properties": { "key": "板橋区|上板橋1丁目", "ward": "板橋区", "town": "上板橋一丁目" }, "geometry": { "type": "Polygon", "coordinates": [ [ [ 139.677844, 35.762855 ], [ 139.677973, 35.763002 ], [ 139.678523, 35.762724 ], [ 139.678849, 35.76257 ], [ 139.678851, 35.762566 ], [ 139.679449, 35.762311 ], [ 139.679522, 35.761932 ], [ 139.67957, 35.76178 ], [ 139.679701, 35.761312 ], [ 139.679751, 35.76091 ], [ 139.679733, 35.760799 ], [ 139.679676, 35.760495 ], [ 139.679653, 35.760409 ], [ 139.679631, 35.760186 ], [ 139.679627, 35.76002 ], [ 139.679619, 35.759746 ], [ 139.6796, 35.759652 ], [ 139.678949, 35.759825 ], [ 139.678907, 35.759836 ], [ 139.678779, 35.759877 ], [ 139.678734, 35.759891 ], [ 139.67822, 35.760034 ], [ 139.677805, 35.76015 ], [ 139.676279, 35.760575 ], [ 139.676234, 35.760586 ], [ 139.675455, 35.760782 ], [ 139.675422, 35.76079 ], [ 139.674812, 35.760963 ], [ 139.674959, 35.761357 ], [ 139.674976, 35.761407 ], [ 139.675026, 35.761552 ], [ 139.675106, 35.761785 ], [ 139.67521, 35.762039 ], [ 139.675216, 35.762083 ], [ 139.675248, 35.762331 ], [ 139.675259, 35.762586 ], [ 139.675274, 35.762739 ], [ 139.675409, 35.76288 ], [ 139.67555, 35.762998 ], [ 139.675694, 35.763099 ], [ 139.676011, 35.76337 ], [ 139.676209, 35.763297 ], [ 139.676267, 35.763241 ], [ 139.676454, 35.763156 ], [ 139.676634, 35.7631 ], [ 139.6768, 35.763073 ], [ 139.677101, 35.763064 ], [ 139.677244, 35.763035 ], [ 139.677494, 35.762965 ], [ 139.677751, 35.762877 ], [ 139.677844, 35.762855 ] ] ] } },
{ "type": "Feature", "properties": { "key": "板橋区|上板橋2丁目", "ward": "板橋区", "town": "上板橋二丁目" }, "geometry": { "type": "Polygon", "coordinates": [ [ [ 139.676528, 35.763682 ], [ 139.676656, 35.763725 ], [ 139.676841, 35.763641 ], [ 139.677066, 35.76354 ], [ 139.67714, 35.763487 ], [ 139.677123, 35.763463 ], [ 139.677314, 35.763361 ], [ 139.677983, 35.763021 ], [ 139.677973, 35.763002 ], [ 139.677844, 35.762855 ], [ 139.677751, 35.762877 ], [ 139.677494, 35.762965 ], [ 139.677244, 35.763035 ], [ 139.677101, 35.763064 ], [ 139.6768, 35.763073 ], [ 139.676634, 35.7631 ], [ 139.676454, 35.763156 ], [ 139.676267, 35.763241 ], [ 139.676209, 35.763297 ], [ 139.676011, 35.76337 ], [ 139.675694, 35.763099 ], [ 139.67555, 35.762998 ], [ 139.675409, 35.76288 ], [ 139.675274, 35.762739 ], [ 139.675259, 35.762586 ], [ 139.675248, 35.762331 ], [ 139.675216, 35.762083 ], [ 139.67521, 35.762039 ], [ 139.675106, 35.761785 ], [ 139.675026, 35.761552 ], [ 139.674976, 35.761407 ], [ 139.674959, 35.761357 ], [ 139.674812, 35.760963 ], [ 139.67476, 35.760978 ], [ 139.674347, 35.761104 ], [ 139.673929, 35.761211 ], [ 139.673605, 35.761295 ], [ 139.673371, 35.761365 ], [ 139.6731, 35.761446 ], [ 139.672797, 35.761537 ], [ 139.671825, 35.761811 ], [ 139.671776, 35.761825 ], [ 139.671347, 35.761936 ], [ 139.670834, 35.762068 ], [ 139.670816, 35.762096 ], [ 139.670703, 35.762241 ], [ 139.67068, 35.762249 ], [ 139.670546, 35.762712 ], [ 139.670518, 35.762809 ], [ 139.670452, 35.763036 ], [ 139.670383, 35.763276 ], [ 139.670372, 35.763313 ], [ 139.670238, 35.763773 ], [ 139.670181, 35.763969 ], [ 139.67011, 35.764383 ], [ 139.670098, 35.764438 ], [ 139.669979, 35.764741 ], [ 139.669956, 35.764796 ], [ 139.669862, 35.765031 ], [ 139.669854, 35.76505 ], [ 139.669743, 35.765233 ], [ 139.669634, 35.765416 ], [ 139.669625, 35.765431 ], [ 139.669596, 35.765478 ], [ 139.669599, 35.765495 ], [ 139.669464, 35.765709 ], [ 139.669416, 35.765773 ], [ 139.669412, 35.765778 ], [ 139.669393, 35.765789 ], [ 139.669376, 35.7658 ], [ 139.669336, 35.766013 ], [ 139.669332, 35.766033 ], [ 139.669325, 35.766072 ], [ 139.669295, 35.766238 ], [ 139.669235, 35.766453 ], [ 139.669199, 35.766584 ], [ 139.669184, 35.766647 ], [ 139.669182, 35.766654 ], [ 139.669162, 35.766724 ], [ 139.669855, 35.766444 ], [ 139.669963, 35.766392 ], [ 139.670483, 35.766167 ], [ 139.671014, 35.765953 ], [ 139.671353, 35.765816 ], [ 139.671795, 35.76562 ], [ 139.672469, 35.765321 ], [ 139.672684, 35.765229 ], [ 139.673378, 35.764944 ], [ 139.674006, 35.76469 ], [ 139.674523, 35.764486 ], [ 139.675151, 35.764233 ], [ 139.675266, 35.764186 ], [ 139.675645, 35.764034 ], [ 139.676154, 35.763829 ], [ 139.676528, 35.763682 ] ] ] } },
{ "type": "Feature", "properties": { "key": "板橋区|上板橋3丁目", "ward": "板橋区", "town": "上板橋三丁目" }, "geometry": { "type": "Polygon", "coordinates": [ [ [ 139.671662, 35.766446 ], [ 139.671916, 35.766448 ], [ 139.672254, 35.766445 ], [ 139.672365, 35.766445 ], [ 139.672558, 35.766403 ], [ 139.672716, 35.766351 ], [ 139.672989, 35.766288 ], [ 139.673302, 35.766235 ], [ 139.673317, 35.766232 ], [ 139.674078, 35.766099 ], [ 139.674275, 35.76609 ], [ 139.674638, 35.766139 ], [ 139.674786, 35.766142 ], [ 139.674852, 35.76614 ], [ 139.674872, 35.766135 ], [ 139.674986, 35.766108 ], [ 139.675699, 35.765938 ], [ 139.675729, 35.765931 ], [ 139.675972, 35.765893 ], [ 139.67613, 35.76587 ], [ 139.676089, 35.765546 ], [ 139.676056, 35.765279 ], [ 139.676078, 35.765222 ], [ 139.676177, 35.764963 ], [ 139.676176, 35.764887 ], [ 139.676176, 35.764796 ], [ 139.676173, 35.764676 ], [ 139.676165, 35.764383 ], [ 139.676154, 35.763829 ], [ 139.675645, 35.764034 ], [ 139.675266, 35.764186 ], [ 139.675151, 35.764233 ], [ 139.674523, 35.764486 ], [ 139.674006, 35.76469 ], [ 139.673378, 35.764944 ], [ 139.672684, 35.765229 ], [ 139.672469, 35.765321 ], [ 139.671795, 35.76562 ], [ 139.671353, 35.765816 ], [ 139.671014, 35.765953 ], [ 139.670483, 35.766167 ], [ 139.669963, 35.766392 ], [ 139.669855, 35.766444 ], [ 139.669162, 35.766724 ], [ 139.66905, 35.766981 ], [ 139.669031, 35.76703 ], [ 139.668969, 35.767171 ], [ 139.66899, 35.767167 ], [ 139.669513, 35.767087 ], [ 139.670077, 35.766999 ], [ 139.670121, 35.766984 ], [ 139.670609, 35.766909 ], [ 139.670886, 35.766824 ], [ 139.670943, 35.766792 ], [ 139.671038, 35.766761 ], [ 139.671115, 35.766706 ], [ 139.671169, 35.766667 ], [ 139.671328, 35.766537 ], [ 139.671416, 35.766491 ], [ 139.671662, 35.766446 ] ] ] } },
{ "type": "Feature", "properties": { "key": "板橋区|清水町", "ward": "板橋区", "town": "清水町" }, "geometry": { "type": "Polygon", "coordinates": [ [ [ 139.708139, 35.765364 ], [ 139.708428, 35.765437 ], [ 139.708642, 35.765492 ], [ 139.708784, 35.765528 ], [ 139.709167, 35.765626 ], [ 139.709252, 35.765399 ], [ 139.709275, 35.765336 ], [ 139.709326, 35.765199 ], [ 139.709329, 35.765192 ], [ 139.709394, 35.765035 ], [ 139.709396, 35.765026 ], [ 139.709573, 35.76508 ], [ 139.709845, 35.764455 ], [ 139.70996, 35.764191 ], [ 139.70997, 35.764168 ], [ 139.710076, 35.763923 ], [ 139.710083, 35.763906 ], [ 139.710299, 35.76341 ], [ 139.710307, 35.763412 ], [ 139.710923, 35.763598 ], [ 139.711342, 35.763697 ], [ 139.711618, 35.763572 ], [ 139.711753, 35.763512 ], [ 139.711772, 35.763508 ], [ 139.711794, 35.763504 ], [ 139.711833, 35.763496 ], [ 139.711853, 35.763493 ], [ 139.711877, 35.763489 ], [ 139.71192, 35.763482 ], [ 139.711975, 35.76348 ], [ 139.711985, 35.76348 ], [ 139.712027, 35.763478 ], [ 139.712124, 35.763475 ], [ 139.712247, 35.76347 ], [ 139.712284, 35.763469 ], [ 139.712414, 35.763461 ], [ 139.712461, 35.763458 ], [ 139.712536, 35.763451 ], [ 139.71262, 35.763305 ], [ 139.712631, 35.763286 ], [ 139.71266, 35.76322 ], [ 139.712557, 35.763188 ], [ 139.711903, 35.762991 ], [ 139.711829, 35.762968 ], [ 139.711442, 35.762845 ], [ 139.711392, 35.762831 ], [ 139.711073, 35.762741 ], [ 139.710458, 35.762547 ], [ 139.70982, 35.762349 ], [ 139.709818, 35.762439 ], [ 139.70977, 35.762643 ], [ 139.709768, 35.762651 ], [ 139.709725, 35.762853 ], [ 139.709722, 35.762869 ], [ 139.709489, 35.762793 ], [ 139.709408, 35.762772 ], [ 139.708948, 35.762711 ], [ 139.708856, 35.762703 ], [ 139.708599, 35.76267 ], [ 139.708417, 35.762645 ], [ 139.708137, 35.76261 ], [ 139.707916, 35.762566 ], [ 139.707733, 35.762518 ], [ 139.707609, 35.762463 ], [ 139.70756, 35.762383 ], [ 139.70756, 35.762203 ], [ 139.707219, 35.762153 ], [ 139.706592, 35.762047 ], [ 139.706093, 35.762032 ], [ 139.705702, 35.762028 ], [ 139.70567, 35.762029 ], [ 139.705218, 35.76216 ], [ 139.7051, 35.762465 ], [ 139.705054, 35.762588 ], [ 139.704931, 35.762915 ], [ 139.704761, 35.763369 ], [ 139.704739, 35.763417 ], [ 139.704621, 35.763721 ], [ 139.704572, 35.763853 ], [ 139.704558, 35.763886 ], [ 139.704358, 35.764366 ], [ 139.704214, 35.76479 ], [ 139.704164, 35.764922 ], [ 139.703901, 35.765613 ], [ 139.703894, 35.765632 ], [ 139.703887, 35.765653 ], [ 139.703737, 35.766057 ], [ 139.703726, 35.766086 ], [ 139.703558, 35.766513 ], [ 139.703529, 35.766585 ], [ 139.703466, 35.766762 ], [ 139.703456, 35.766785 ], [ 139.703841, 35.766938 ], [ 139.704017, 35.767019 ], [ 139.704155, 35.767087 ], [ 139.704338, 35.767191 ], [ 139.704546, 35.76727 ], [ 139.704742, 35.767331 ], [ 139.704947, 35.7674 ], [ 139.704975, 35.767409 ], [ 139.705278, 35.767511 ], [ 139.705345, 35.767535 ], [ 139.705566, 35.767603 ], [ 139.705958, 35.767735 ], [ 139.706148, 35.767798 ], [ 139.706453, 35.767868 ], [ 139.706453, 35.767854 ], [ 139.706555, 35.767176 ], [ 139.706573, 35.767037 ], [ 139.706592, 35.767019 ], [ 139.706987, 35.766648 ], [ 139.707192, 35.76649 ], [ 139.707373, 35.766352 ], [ 139.707672, 35.766176 ], [ 139.707715, 35.766153 ], [ 139.707827, 35.766072 ], [ 139.707889, 35.765947 ], [ 139.707992, 35.765691 ], [ 139.708139, 35.765364 ] ] ] } },
{ "type": "Feature", "properties": { "key": "板橋区|蓮沼町", "ward": "板橋区", "town": "蓮沼町" }, "geometry": { "type": "Polygon", "coordinates": [ [ [ 139.704569, 35.774279 ], [ 139.704691, 35.774286 ], [ 139.704692, 35.774278 ], [ 139.704709, 35.77417 ], [ 139.704609, 35.774121 ], [ 139.704531, 35.774076 ], [ 139.704463, 35.773973 ], [ 139.704367, 35.773814 ], [ 139.704531, 35.773767 ], [ 139.70464, 35.773756 ], [ 139.704815, 35.773768 ], [ 139.704839, 35.773675 ], [ 139.70496, 35.773352 ], [ 139.705024, 35.773234 ], [ 139.705105, 35.773073 ], [ 139.705238, 35.77279 ], [ 139.705273, 35.772699 ], [ 139.705374, 35.772466 ], [ 139.705449, 35.772319 ], [ 139.705552, 35.771995 ], [ 139.705601, 35.771827 ], [ 139.705673, 35.771515 ], [ 139.705676, 35.771491 ], [ 139.705707, 35.771196 ], [ 139.705741, 35.771072 ], [ 139.705825, 35.770759 ], [ 139.705854, 35.770654 ], [ 139.705908, 35.770452 ], [ 139.705977, 35.770144 ], [ 139.706014, 35.769999 ], [ 139.70608, 35.769808 ], [ 139.706155, 35.769582 ], [ 139.706163, 35.76956 ], [ 139.70623, 35.769324 ], [ 139.706296, 35.769072 ], [ 139.706341, 35.768806 ], [ 139.706372, 35.768599 ], [ 139.706388, 35.768459 ], [ 139.706434, 35.768041 ], [ 139.706453, 35.767868 ], [ 139.706148, 35.767798 ], [ 139.705958, 35.767735 ], [ 139.705566, 35.767603 ], [ 139.705345, 35.767535 ], [ 139.705278, 35.767511 ], [ 139.704975, 35.767409 ], [ 139.704947, 35.7674 ], [ 139.704742, 35.767331 ], [ 139.704546, 35.76727 ], [ 139.704338, 35.767191 ], [ 139.704155, 35.767087 ], [ 139.704017, 35.767019 ], [ 139.703841, 35.766938 ], [ 139.703456, 35.766785 ], [ 139.703255, 35.767219 ], [ 139.703233, 35.767265 ], [ 139.703133, 35.767481 ], [ 139.702996, 35.76771 ], [ 139.70295, 35.767771 ], [ 139.702888, 35.767861 ], [ 139.702846, 35.767923 ], [ 139.702786, 35.768004 ], [ 139.702736, 35.768072 ], [ 139.702606, 35.768252 ], [ 139.702336, 35.768619 ], [ 139.702271, 35.768711 ], [ 139.702073, 35.768981 ], [ 139.702025, 35.769051 ], [ 139.701898, 35.769231 ], [ 139.701757, 35.76941 ], [ 139.701697, 35.769495 ], [ 139.701623, 35.769617 ], [ 139.701506, 35.769751 ], [ 139.701464, 35.7698 ], [ 139.701168, 35.770125 ], [ 139.700919, 35.770406 ], [ 139.700806, 35.770544 ], [ 139.700724, 35.770635 ], [ 139.700605, 35.770767 ], [ 139.700529, 35.77087 ], [ 139.700519, 35.77088 ], [ 139.700333, 35.771068 ], [ 139.70029, 35.771123 ], [ 139.700128, 35.77131 ], [ 139.699922, 35.771555 ], [ 139.700149, 35.771683 ], [ 139.700371, 35.771808 ], [ 139.700401, 35.771854 ], [ 139.700417, 35.77187 ], [ 139.700533, 35.771987 ], [ 139.700753, 35.772167 ], [ 139.700904, 35.772308 ], [ 139.701021, 35.772418 ], [ 139.701393, 35.772753 ], [ 139.701558, 35.772888 ], [ 139.701715, 35.773016 ], [ 139.70194, 35.773183 ], [ 139.702194, 35.773391 ], [ 139.70223, 35.773418 ], [ 139.70254, 35.773648 ], [ 139.702611, 35.773701 ], [ 139.702739, 35.773785 ], [ 139.702802, 35.773827 ], [ 139.702845, 35.773847 ], [ 139.702921, 35.773882 ], [ 139.703356, 35.774083 ], [ 139.703754, 35.774247 ], [ 139.703917, 35.774321 ], [ 139.704216, 35.774463 ], [ 139.704548, 35.77454 ], [ 139.704574, 35.774545 ], [ 139.704574, 35.774541 ], [ 139.704569, 35.774279 ] ] ] } },
{ "type": "Feature", "properties": { "key": "板橋区|大原町", "ward": "板橋区", "town": "大原町" }, "geometry": { "type": "Polygon", "coordinates": [ [ [ 139.701166, 35.768709 ], [ 139.700974, 35.768712 ], [ 139.700546, 35.768717 ], [ 139.700449, 35.768711 ], [ 139.700414, 35.768709 ], [ 139.699814, 35.76872 ], [ 139.699661, 35.768723 ], [ 139.699515, 35.768714 ], [ 139.699302, 35.768683 ], [ 139.699264, 35.768677 ], [ 139.699288, 35.768551 ], [ 139.699273, 35.768395 ], [ 139.699233, 35.768233 ], [ 139.699171, 35.768094 ], [ 139.699086, 35.768103 ], [ 139.698927, 35.767755 ], [ 139.698717, 35.7678 ], [ 139.698581, 35.767597 ], [ 139.698336, 35.767292 ], [ 139.698229, 35.767143 ], [ 139.698191, 35.767092 ], [ 139.69768, 35.766311 ], [ 139.697546, 35.766405 ], [ 139.696924, 35.766635 ], [ 139.696774, 35.76669 ], [ 139.696415, 35.766825 ], [ 139.696159, 35.766924 ], [ 139.696007, 35.767005 ], [ 139.695874, 35.767081 ], [ 139.695584, 35.767257 ], [ 139.695428, 35.767353 ], [ 139.695374, 35.76739 ], [ 139.695302, 35.767437 ], [ 139.695044, 35.767585 ], [ 139.695028, 35.767592 ], [ 139.694873, 35.76765 ], [ 139.694834, 35.767665 ], [ 139.694597, 35.767691 ], [ 139.694714, 35.768016 ], [ 139.694846, 35.768316 ], [ 139.694853, 35.768316 ], [ 139.695088, 35.768869 ], [ 139.695094, 35.768883 ], [ 139.695287, 35.769333 ], [ 139.6955, 35.769688 ], [ 139.695778, 35.769893 ], [ 139.695786, 35.769898 ], [ 139.695983, 35.770047 ], [ 139.696024, 35.770084 ], [ 139.69649, 35.770198 ], [ 139.696949, 35.770311 ], [ 139.697292, 35.770395 ], [ 139.697705, 35.770466 ], [ 139.697935, 35.770507 ], [ 139.697994, 35.770551 ], [ 139.698021, 35.770572 ], [ 139.698141, 35.770704 ], [ 139.698243, 35.770792 ], [ 139.698269, 35.770815 ], [ 139.698371, 35.770887 ], [ 139.69866, 35.77101 ], [ 139.69892, 35.771107 ], [ 139.69893, 35.771111 ], [ 139.699131, 35.77119 ], [ 139.699237, 35.771231 ], [ 139.699819, 35.771454 ], [ 139.699922, 35.771555 ], [ 139.700128, 35.77131 ], [ 139.70029, 35.771123 ], [ 139.700333, 35.771068 ], [ 139.700519, 35.77088 ], [ 139.700529, 35.77087 ], [ 139.700605, 35.770767 ], [ 139.700724, 35.770635 ], [ 139.700806, 35.770544 ], [ 139.700919, 35.770406 ], [ 139.701168, 35.770125 ], [ 139.701464, 35.7698 ], [ 139.701506, 35.769751 ], [ 139.701623, 35.769617 ], [ 139.701697, 35.769495 ], [ 139.701757, 35.76941 ], [ 139.701898, 35.769231 ], [ 139.702025, 35.769051 ], [ 139.702073, 35.768981 ], [ 139.701841, 35.768882 ], [ 139.701564, 35.768784 ], [ 139.701378, 35.768728 ], [ 139.701166, 35.768709 ] ] ] } },
{ "type": "Feature", "properties": { "key": "板橋区|泉町", "ward": "板橋区", "town": "泉町" }, "geometry": { "type": "Polygon", "coordinates": [ [ [ 139.702336, 35.768619 ], [ 139.702606, 35.768252 ], [ 139.702736, 35.768072 ], [ 139.702786, 35.768004 ], [ 139.702846, 35.767923 ], [ 139.702888, 35.767861 ], [ 139.70295, 35.767771 ], [ 139.702996, 35.76771 ], [ 139.703133, 35.767481 ], [ 139.703233, 35.767265 ], [ 139.703255, 35.767219 ], [ 139.703456, 35.766785 ], [ 139.703466, 35.766762 ], [ 139.703529, 35.766585 ], [ 139.703558, 35.766513 ], [ 139.703726, 35.766086 ], [ 139.703737, 35.766057 ], [ 139.70332, 35.765953 ], [ 139.703179, 35.76592 ], [ 139.702652, 35.76583 ], [ 139.702459, 35.765783 ], [ 139.702137, 35.765717 ], [ 139.701911, 35.765658 ], [ 139.70166, 35.765592 ], [ 139.70139, 35.765506 ], [ 139.701359, 35.765492 ], [ 139.701242, 35.765453 ], [ 139.701008, 35.765379 ], [ 139.700956, 35.765366 ], [ 139.700796, 35.765306 ], [ 139.700558, 35.765228 ], [ 139.700168, 35.765098 ], [ 139.699994, 35.765144 ], [ 139.699787, 35.765132 ], [ 139.699598, 35.76508 ], [ 139.699368, 35.765013 ], [ 139.699191, 35.764935 ], [ 139.698926, 35.764795 ], [ 139.698678, 35.764943 ], [ 139.698583, 35.764976 ], [ 139.698488, 35.765044 ], [ 139.698406, 35.765122 ], [ 139.698402, 35.765125 ], [ 139.698181, 35.765383 ], [ 139.698128, 35.765473 ], [ 139.698125, 35.765545 ], [ 139.698124, 35.765559 ], [ 139.698112, 35.765625 ], [ 139.698025, 35.765881 ], [ 139.697815, 35.766173 ], [ 139.69768, 35.766311 ], [ 139.698191, 35.767092 ], [ 139.698229, 35.767143 ], [ 139.698336, 35.767292 ], [ 139.698581, 35.767597 ], [ 139.698717, 35.7678 ], [ 139.698927, 35.767755 ], [ 139.699086, 35.768103 ], [ 139.699171, 35.768094 ], [ 139.699233, 35.768233 ], [ 139.699273, 35.768395 ], [ 139.699288, 35.768551 ], [ 139.699264, 35.768677 ], [ 139.699302, 35.768683 ], [ 139.699515, 35.768714 ], [ 139.699661, 35.768723 ], [ 139.699814, 35.76872 ], [ 139.700414, 35.768709 ], [ 139.700449, 35.768711 ], [ 139.700546, 35.768717 ], [ 139.700974, 35.768712 ], [ 139.701166, 35.768709 ], [ 139.701378, 35.768728 ], [ 139.701564, 35.768784 ], [ 139.701841, 35.768882 ], [ 139.702073, 35.768981 ], [ 139.702271, 35.768711 ], [ 139.702336, 35.768619 ] ] ] } },
{ "type": "Feature", "properties": { "key": "板橋区|宮本町", "ward": "板橋区", "town": "宮本町" }, "geometry": { "type": "Polygon", "coordinates": [ [ [ 139.704164, 35.764922 ], [ 139.704214, 35.76479 ], [ 139.704358, 35.764366 ], [ 139.704558, 35.763886 ], [ 139.704572, 35.763853 ], [ 139.704621, 35.763721 ], [ 139.704739, 35.763417 ], [ 139.704761, 35.763369 ], [ 139.704931, 35.762915 ], [ 139.705054, 35.762588 ], [ 139.7051, 35.762465 ], [ 139.705218, 35.76216 ], [ 139.704761, 35.762258 ], [ 139.704495, 35.762317 ], [ 139.704409, 35.762313 ], [ 139.703624, 35.76221 ], [ 139.7036, 35.762207 ], [ 139.703092, 35.762161 ], [ 139.702764, 35.762131 ], [ 139.702452, 35.762103 ], [ 139.702415, 35.762112 ], [ 139.702016, 35.762208 ], [ 139.701938, 35.762235 ], [ 139.701934, 35.762237 ], [ 139.701838, 35.76227 ], [ 139.701507, 35.762436 ], [ 139.701369, 35.762459 ], [ 139.7013, 35.762448 ], [ 139.701057, 35.762442 ], [ 139.700824, 35.762452 ], [ 139.700562, 35.762504 ], [ 139.700556, 35.762477 ], [ 139.700474, 35.762063 ], [ 139.700438, 35.762062 ], [ 139.70035, 35.762072 ], [ 139.69992, 35.762092 ], [ 139.699779, 35.762114 ], [ 139.699533, 35.762184 ], [ 139.698914, 35.762413 ], [ 139.698849, 35.762437 ], [ 139.698658, 35.762502 ], [ 139.698418, 35.762556 ], [ 139.698149, 35.762601 ], [ 139.697816, 35.762658 ], [ 139.69762, 35.762659 ], [ 139.697546, 35.762655 ], [ 139.697406, 35.763172 ], [ 139.697511, 35.763239 ], [ 139.697241, 35.763572 ], [ 139.697132, 35.763702 ], [ 139.697039, 35.763802 ], [ 139.696605, 35.764187 ], [ 139.696379, 35.764375 ], [ 139.696398, 35.764383 ], [ 139.696718, 35.764508 ], [ 139.696957, 35.764602 ], [ 139.697203, 35.764694 ], [ 139.697239, 35.764723 ], [ 139.697425, 35.764841 ], [ 139.69756, 35.764873 ], [ 139.697852, 35.764924 ], [ 139.697955, 35.764948 ], [ 139.698283, 35.76506 ], [ 139.698406, 35.765122 ], [ 139.698488, 35.765044 ], [ 139.698583, 35.764976 ], [ 139.698678, 35.764943 ], [ 139.698926, 35.764795 ], [ 139.699191, 35.764935 ], [ 139.699368, 35.765013 ], [ 139.699598, 35.76508 ], [ 139.699787, 35.765132 ], [ 139.699994, 35.765144 ], [ 139.700168, 35.765098 ], [ 139.700558, 35.765228 ], [ 139.700796, 35.765306 ], [ 139.700956, 35.765366 ], [ 139.701008, 35.765379 ], [ 139.701242, 35.765453 ], [ 139.701359, 35.765492 ], [ 139.70139, 35.765506 ], [ 139.70166, 35.765592 ], [ 139.701911, 35.765658 ], [ 139.702137, 35.765717 ], [ 139.702459, 35.765783 ], [ 139.702652, 35.76583 ], [ 139.703179, 35.76592 ], [ 139.70332, 35.765953 ], [ 139.703737, 35.766057 ], [ 139.703887, 35.765653 ], [ 139.703894, 35.765632 ], [ 139.703901, 35.765613 ], [ 139.704164, 35.764922 ] ] ] } },
{ "type": "Feature", "properties": { "key": "板橋区|志村1丁目", "ward": "板橋区", "town": "志村一丁目" }, "geometry": { "type": "Polygon", "coordinates": [ [ [ 139.695326, 35.77585 ], [ 139.695337, 35.775836 ], [ 139.695552, 35.775643 ], [ 139.695806, 35.775414 ], [ 139.695951, 35.775288 ], [ 139.695974, 35.775261 ], [ 139.696532, 35.774807 ], [ 139.696892, 35.774514 ], [ 139.696929, 35.774483 ], [ 139.697017, 35.77441 ], [ 139.697133, 35.774313 ], [ 139.697156, 35.774292 ], [ 139.697165, 35.774284 ], [ 139.697309, 35.774154 ], [ 139.697911, 35.773598 ], [ 139.697945, 35.773563 ], [ 139.698435, 35.773066 ], [ 139.69842, 35.773061 ], [ 139.699152, 35.77232 ], [ 139.699176, 35.772312 ], [ 139.699297, 35.772179 ], [ 139.699299, 35.772177 ], [ 139.699922, 35.771555 ], [ 139.699819, 35.771454 ], [ 139.699237, 35.771231 ], [ 139.699131, 35.77119 ], [ 139.69893, 35.771111 ], [ 139.69892, 35.771107 ], [ 139.69866, 35.77101 ], [ 139.698371, 35.770887 ], [ 139.698269, 35.770815 ], [ 139.698243, 35.770792 ], [ 139.698141, 35.770704 ], [ 139.698021, 35.770572 ], [ 139.697994, 35.770551 ], [ 139.697935, 35.770507 ], [ 139.697705, 35.770466 ], [ 139.697292, 35.770395 ], [ 139.697047, 35.770655 ], [ 139.696887, 35.770825 ], [ 139.696597, 35.771135 ], [ 139.696591, 35.771141 ], [ 139.695827, 35.771939 ], [ 139.695812, 35.771956 ], [ 139.695058, 35.772739 ], [ 139.694671, 35.773156 ], [ 139.694123, 35.773711 ], [ 139.693926, 35.773955 ], [ 139.69389, 35.773951 ], [ 139.693772, 35.773891 ], [ 139.693563, 35.773723 ], [ 139.693231, 35.773404 ], [ 139.693173, 35.773309 ], [ 139.69306, 35.773204 ], [ 139.69295, 35.773146 ], [ 139.69286, 35.773115 ], [ 139.692595, 35.773147 ], [ 139.692362, 35.773177 ], [ 139.692115, 35.773203 ], [ 139.691913, 35.773237 ], [ 139.691693, 35.773274 ], [ 139.691534, 35.773301 ], [ 139.691169, 35.773475 ], [ 139.691061, 35.773524 ], [ 139.690835, 35.773628 ], [ 139.69071, 35.773685 ], [ 139.690507, 35.773777 ], [ 139.690185, 35.773949 ], [ 139.690177, 35.773954 ], [ 139.689982, 35.774012 ], [ 139.689945, 35.774023 ], [ 139.689022, 35.7742 ], [ 139.68894, 35.774203 ], [ 139.68868, 35.77416 ], [ 139.687909, 35.774053 ], [ 139.68784, 35.774414 ], [ 139.687825, 35.774418 ], [ 139.687909, 35.774434 ], [ 139.688195, 35.774514 ], [ 139.688392, 35.774595 ], [ 139.688502, 35.774678 ], [ 139.688529, 35.774704 ], [ 139.688979, 35.775125 ], [ 139.689364, 35.775495 ], [ 139.689584, 35.775694 ], [ 139.689797, 35.775888 ], [ 139.689902, 35.775968 ], [ 139.690025, 35.77604 ], [ 139.69029, 35.776139 ], [ 139.69059, 35.776199 ], [ 139.690659, 35.776205 ], [ 139.690975, 35.776218 ], [ 139.691216, 35.776224 ], [ 139.691903, 35.776212 ], [ 139.692224, 35.776215 ], [ 139.692921, 35.776222 ], [ 139.693202, 35.776228 ], [ 139.693681, 35.776239 ], [ 139.694124, 35.776236 ], [ 139.69468, 35.776254 ], [ 139.694875, 35.776288 ], [ 139.695326, 35.77585 ] ] ] } },
{ "type": "Feature", "properties": { "key": "板橋区|志村2丁目", "ward": "板橋区", "town": "志村二丁目" }, "geometry": { "type": "Polygon", "coordinates": [ [ [ 139.694875, 35.776288 ], [ 139.69468, 35.776254 ], [ 139.694124, 35.776236 ], [ 139.693681, 35.776239 ], [ 139.693202, 35.776228 ], [ 139.692921, 35.776222 ], [ 139.692224, 35.776215 ], [ 139.691903, 35.776212 ], [ 139.691216, 35.776224 ], [ 139.690975, 35.776218 ], [ 139.690659, 35.776205 ], [ 139.69059, 35.776199 ], [ 139.69029, 35.776139 ], [ 139.690025, 35.77604 ], [ 139.689902, 35.775968 ], [ 139.689797, 35.775888 ], [ 139.689584, 35.775694 ], [ 139.689364, 35.775495 ], [ 139.688979, 35.775125 ], [ 139.688529, 35.774704 ], [ 139.688502, 35.774678 ], [ 139.688392, 35.774595 ], [ 139.688195, 35.774514 ], [ 139.687909, 35.774434 ], [ 139.687825, 35.774418 ], [ 139.68736, 35.77435 ], [ 139.687162, 35.774327 ], [ 139.686937, 35.7743 ], [ 139.686595, 35.774302 ], [ 139.686234, 35.77435 ], [ 139.686234, 35.774355 ], [ 139.68573, 35.774481 ], [ 139.685441, 35.774548 ], [ 139.685156, 35.774621 ], [ 139.685374, 35.774944 ], [ 139.685312, 35.775128 ], [ 139.685306, 35.775152 ], [ 139.685281, 35.77525 ], [ 139.685265, 35.775316 ], [ 139.685253, 35.775366 ], [ 139.685223, 35.775493 ], [ 139.685223, 35.775494 ], [ 139.685204, 35.775693 ], [ 139.6852, 35.775837 ], [ 139.685198, 35.775902 ], [ 139.685201, 35.776019 ], [ 139.685294, 35.776188 ], [ 139.685305, 35.776206 ], [ 139.685479, 35.776339 ], [ 139.685601, 35.7764 ], [ 139.685938, 35.776536 ], [ 139.686114, 35.776599 ], [ 139.68615, 35.776595 ], [ 139.68635, 35.776673 ], [ 139.686649, 35.776762 ], [ 139.687416, 35.776995 ], [ 139.687506, 35.777022 ], [ 139.687927, 35.777204 ], [ 139.68872, 35.777548 ], [ 139.688766, 35.777566 ], [ 139.689309, 35.777783 ], [ 139.689622, 35.777908 ], [ 139.690093, 35.77808 ], [ 139.690474, 35.778205 ], [ 139.690653, 35.778265 ], [ 139.690858, 35.778377 ], [ 139.690976, 35.778508 ], [ 139.691122, 35.778685 ], [ 139.69119, 35.778739 ], [ 139.691497, 35.778921 ], [ 139.691546, 35.778965 ], [ 139.691568, 35.779126 ], [ 139.691533, 35.779311 ], [ 139.691605, 35.779392 ], [ 139.691727, 35.779284 ], [ 139.692173, 35.778889 ], [ 139.692305, 35.778767 ], [ 139.692741, 35.778364 ], [ 139.693353, 35.777788 ], [ 139.693732, 35.77743 ], [ 139.693786, 35.777378 ], [ 139.694506, 35.77668 ], [ 139.694875, 35.776288 ] ] ] } },
{ "type": "Feature", "properties": { "key": "板橋区|志村3丁目", "ward": "板橋区", "town": "志村三丁目" }, "geometry": { "type": "Polygon", "coordinates": [ [ [ 139.68615, 35.776595 ], [ 139.686114, 35.776599 ], [ 139.685938, 35.776536 ], [ 139.685601, 35.7764 ], [ 139.685479, 35.776339 ], [ 139.685305, 35.776206 ], [ 139.685294, 35.776188 ], [ 139.685201, 35.776019 ], [ 139.685198, 35.775902 ], [ 139.6852, 35.775837 ], [ 139.685204, 35.775693 ], [ 139.685223, 35.775494 ], [ 139.685223, 35.775493 ], [ 139.685253, 35.775366 ], [ 139.685265, 35.775316 ], [ 139.685281, 35.77525 ], [ 139.685306, 35.775152 ], [ 139.685312, 35.775128 ], [ 139.685374, 35.774944 ], [ 139.685156, 35.774621 ], [ 139.685081, 35.774633 ], [ 139.684417, 35.774809 ], [ 139.684352, 35.774826 ], [ 139.684235, 35.774858 ], [ 139.683847, 35.774949 ], [ 139.683815, 35.77497 ], [ 139.683602, 35.775169 ], [ 139.683544, 35.775233 ], [ 139.683401, 35.775454 ], [ 139.683287, 35.77562 ], [ 139.683131, 35.775847 ], [ 139.682989, 35.776052 ], [ 139.682817, 35.776312 ], [ 139.68268, 35.776519 ], [ 139.682547, 35.776691 ], [ 139.682455, 35.776823 ], [ 139.682229, 35.777151 ], [ 139.681831, 35.777744 ], [ 139.681828, 35.777755 ], [ 139.681902, 35.777774 ], [ 139.682538, 35.777939 ], [ 139.682891, 35.77803 ], [ 139.682911, 35.778035 ], [ 139.683265, 35.778133 ], [ 139.683545, 35.778201 ], [ 139.684213, 35.778377 ], [ 139.684764, 35.778523 ], [ 139.685087, 35.778608 ], [ 139.686029, 35.778859 ], [ 139.686955, 35.779099 ], [ 139.687282, 35.779187 ], [ 139.687823, 35.779331 ], [ 139.68875, 35.779574 ], [ 139.68879, 35.779585 ], [ 139.68948, 35.779769 ], [ 139.690281, 35.77998 ], [ 139.690437, 35.780017 ], [ 139.690564, 35.780049 ], [ 139.690786, 35.780093 ], [ 139.691533, 35.779311 ], [ 139.691568, 35.779126 ], [ 139.691546, 35.778965 ], [ 139.691497, 35.778921 ], [ 139.69119, 35.778739 ], [ 139.691122, 35.778685 ], [ 139.690976, 35.778508 ], [ 139.690858, 35.778377 ], [ 139.690653, 35.778265 ], [ 139.690474, 35.778205 ], [ 139.690093, 35.77808 ], [ 139.689622, 35.777908 ], [ 139.689309, 35.777783 ], [ 139.688766, 35.777566 ], [ 139.68872, 35.777548 ], [ 139.687927, 35.777204 ], [ 139.687506, 35.777022 ], [ 139.687416, 35.776995 ], [ 139.686649, 35.776762 ], [ 139.68635, 35.776673 ], [ 139.68615, 35.776595 ] ] ] } },
{ "type": "Feature", "properties": { "key": "板橋区|坂下1丁目", "ward": "板橋区", "town": "坂下一丁目" }, "geometry": { "type": "Polygon", "coordinates": [ [ [ 139.681828, 35.777755 ], [ 139.681814, 35.777774 ], [ 139.681495, 35.778215 ], [ 139.681208, 35.77863 ], [ 139.68116, 35.7787 ], [ 139.681086, 35.778807 ], [ 139.680759, 35.779266 ], [ 139.680738, 35.779297 ], [ 139.680367, 35.779835 ], [ 139.680025, 35.780339 ], [ 139.679873, 35.780561 ], [ 139.680292, 35.780665 ], [ 139.680756, 35.78078 ], [ 139.680829, 35.780799 ], [ 139.681247, 35.780905 ], [ 139.681291, 35.780916 ], [ 139.681762, 35.781034 ], [ 139.681772, 35.781036 ], [ 139.681783, 35.781039 ], [ 139.682232, 35.781154 ], [ 139.682273, 35.781164 ], [ 139.682674, 35.781272 ], [ 139.682684, 35.781275 ], [ 139.683064, 35.78137 ], [ 139.683086, 35.781375 ], [ 139.68357, 35.781496 ], [ 139.6836, 35.781503 ], [ 139.684535, 35.78173 ], [ 139.68454, 35.781731 ], [ 139.685465, 35.781971 ], [ 139.685471, 35.781972 ], [ 139.686363, 35.782189 ], [ 139.686971, 35.782341 ], [ 139.687284, 35.782419 ], [ 139.687528, 35.782485 ], [ 139.687619, 35.782504 ], [ 139.687774, 35.782544 ], [ 139.68833, 35.782684 ], [ 139.688388, 35.782624 ], [ 139.688825, 35.782183 ], [ 139.688866, 35.782142 ], [ 139.689376, 35.781598 ], [ 139.689782, 35.781164 ], [ 139.689805, 35.78114 ], [ 139.689806, 35.781139 ], [ 139.690376, 35.780531 ], [ 139.690391, 35.780515 ], [ 139.690786, 35.780093 ], [ 139.690564, 35.780049 ], [ 139.690437, 35.780017 ], [ 139.690281, 35.77998 ], [ 139.68948, 35.779769 ], [ 139.68879, 35.779585 ], [ 139.68875, 35.779574 ], [ 139.687823, 35.779331 ], [ 139.687282, 35.779187 ], [ 139.686955, 35.779099 ], [ 139.686029, 35.778859 ], [ 139.685087, 35.778608 ], [ 139.684764, 35.778523 ], [ 139.684213, 35.778377 ], [ 139.683545, 35.778201 ], [ 139.683265, 35.778133 ], [ 139.682911, 35.778035 ], [ 139.682891, 35.77803 ], [ 139.682538, 35.777939 ], [ 139.681902, 35.777774 ], [ 139.681828, 35.777755 ] ] ] } },
{ "type": "Feature", "properties": { "key": "板橋区|坂下2丁目", "ward": "板橋区", "town": "坂下二丁目" }, "geometry": { "type": "Polygon", "coordinates": [ [ [ 139.68833, 35.782684 ], [ 139.687774, 35.782544 ], [ 139.687619, 35.782504 ], [ 139.687528, 35.782485 ], [ 139.687284, 35.782419 ], [ 139.686971, 35.782341 ], [ 139.686363, 35.782189 ], [ 139.685471, 35.781972 ], [ 139.685465, 35.781971 ], [ 139.68454, 35.781731 ], [ 139.684535, 35.78173 ], [ 139.6836, 35.781503 ], [ 139.68357, 35.781496 ], [ 139.683086, 35.781375 ], [ 139.683064, 35.78137 ], [ 139.682684, 35.781275 ], [ 139.682674, 35.781272 ], [ 139.682273, 35.781164 ], [ 139.682232, 35.781154 ], [ 139.681783, 35.781039 ], [ 139.681772, 35.781036 ], [ 139.681762, 35.781034 ], [ 139.681291, 35.780916 ], [ 139.681247, 35.780905 ], [ 139.680829, 35.780799 ], [ 139.680756, 35.78078 ], [ 139.680292, 35.780665 ], [ 139.679873, 35.780561 ], [ 139.679609, 35.780951 ], [ 139.679423, 35.781225 ], [ 139.679393, 35.78127 ], [ 139.679029, 35.781814 ], [ 139.679022, 35.781833 ], [ 139.678924, 35.782104 ], [ 139.67895, 35.782296 ], [ 139.679042, 35.782811 ], [ 139.679071, 35.783016 ], [ 139.679081, 35.783084 ], [ 139.679103, 35.783241 ], [ 139.679116, 35.783329 ], [ 139.679096, 35.783352 ], [ 139.67915, 35.783709 ], [ 139.67917, 35.783696 ], [ 139.679254, 35.784349 ], [ 139.679331, 35.784911 ], [ 139.67934, 35.784978 ], [ 139.679371, 35.7852 ], [ 139.679768, 35.785165 ], [ 139.679861, 35.785156 ], [ 139.680253, 35.785121 ], [ 139.680316, 35.785116 ], [ 139.680331, 35.785111 ], [ 139.680748, 35.785071 ], [ 139.680781, 35.785068 ], [ 139.681799, 35.784973 ], [ 139.682336, 35.784922 ], [ 139.682497, 35.784906 ], [ 139.682831, 35.784875 ], [ 139.683295, 35.784834 ], [ 139.683387, 35.784826 ], [ 139.683643, 35.784803 ], [ 139.683935, 35.784778 ], [ 139.684777, 35.784704 ], [ 139.685088, 35.784678 ], [ 139.685186, 35.78467 ], [ 139.685483, 35.784645 ], [ 139.685841, 35.784614 ], [ 139.686074, 35.784602 ], [ 139.686504, 35.78458 ], [ 139.686717, 35.784361 ], [ 139.686987, 35.784083 ], [ 139.687062, 35.784006 ], [ 139.68725, 35.78381 ], [ 139.68833, 35.782684 ] ] ] } },
{ "type": "Feature", "properties": { "key": "板橋区|坂下3丁目", "ward": "板橋区", "town": "坂下三丁目" }, "geometry": { "type": "Polygon", "coordinates": [ [ [ 139.686504, 35.78458 ], [ 139.686074, 35.784602 ], [ 139.685841, 35.784614 ], [ 139.685483, 35.784645 ], [ 139.685186, 35.78467 ], [ 139.685088, 35.784678 ], [ 139.684777, 35.784704 ], [ 139.683935, 35.784778 ], [ 139.683643, 35.784803 ], [ 139.683387, 35.784826 ], [ 139.683295, 35.784834 ], [ 139.682831, 35.784875 ], [ 139.682497, 35.784906 ], [ 139.682336, 35.784922 ], [ 139.681799, 35.784973 ], [ 139.680781, 35.785068 ], [ 139.680748, 35.785071 ], [ 139.680331, 35.785111 ], [ 139.680316, 35.785116 ], [ 139.680253, 35.785121 ], [ 139.679861, 35.785156 ], [ 139.679768, 35.785165 ], [ 139.679371, 35.7852 ], [ 139.679358, 35.785222 ], [ 139.679484, 35.786083 ], [ 139.67956, 35.786565 ], [ 139.67953, 35.786596 ], [ 139.679581, 35.786952 ], [ 139.679604, 35.787104 ], [ 139.679625, 35.787265 ], [ 139.679684, 35.7877 ], [ 139.679687, 35.787722 ], [ 139.679688, 35.787727 ], [ 139.67971, 35.787836 ], [ 139.679738, 35.787973 ], [ 139.679786, 35.788211 ], [ 139.679889, 35.789026 ], [ 139.679893, 35.789053 ], [ 139.679953, 35.789483 ], [ 139.679969, 35.789614 ], [ 139.680029, 35.790087 ], [ 139.680065, 35.790377 ], [ 139.680115, 35.790773 ], [ 139.680084, 35.791123 ], [ 139.68006, 35.791701 ], [ 139.680043, 35.791875 ], [ 139.680735, 35.791959 ], [ 139.680819, 35.79197 ], [ 139.6815, 35.792026 ], [ 139.68193, 35.792054 ], [ 139.682195, 35.792038 ], [ 139.683076, 35.791987 ], [ 139.683295, 35.791947 ], [ 139.683497, 35.791898 ], [ 139.683784, 35.791836 ], [ 139.683994, 35.79177 ], [ 139.684179, 35.791697 ], [ 139.684424, 35.791613 ], [ 139.684656, 35.791523 ], [ 139.685238, 35.791239 ], [ 139.685191, 35.790986 ], [ 139.68509, 35.790429 ], [ 139.685041, 35.79012 ], [ 139.684987, 35.789784 ], [ 139.684956, 35.789543 ], [ 139.684923, 35.789358 ], [ 139.684882, 35.789118 ], [ 139.684838, 35.788881 ], [ 139.684826, 35.788819 ], [ 139.684769, 35.788412 ], [ 139.68489, 35.788005 ], [ 139.685003, 35.787625 ], [ 139.685034, 35.787538 ], [ 139.685072, 35.787434 ], [ 139.68517, 35.787161 ], [ 139.685193, 35.787092 ], [ 139.685378, 35.786696 ], [ 139.685493, 35.786462 ], [ 139.685573, 35.786273 ], [ 139.685635, 35.786152 ], [ 139.685962, 35.785447 ], [ 139.686059, 35.785255 ], [ 139.686212, 35.784931 ], [ 139.686263, 35.784848 ], [ 139.686426, 35.784667 ], [ 139.686504, 35.78458 ] ] ] } },
{ "type": "Feature", "properties": { "key": "板橋区|東坂下1丁目", "ward": "板橋区", "town": "東坂下一丁目" }, "geometry": { "type": "Polygon", "coordinates": [ [ [ 139.690786, 35.780093 ], [ 139.690391, 35.780515 ], [ 139.690376, 35.780531 ], [ 139.689806, 35.781139 ], [ 139.689805, 35.78114 ], [ 139.689782, 35.781164 ], [ 139.689376, 35.781598 ], [ 139.688866, 35.782142 ], [ 139.689446, 35.782566 ], [ 139.689537, 35.782621 ], [ 139.689544, 35.782625 ], [ 139.689713, 35.782713 ], [ 139.68977, 35.782742 ], [ 139.690707, 35.783229 ], [ 139.690721, 35.783236 ], [ 139.691834, 35.783814 ], [ 139.692206, 35.783976 ], [ 139.692877, 35.783549 ], [ 139.693017, 35.783471 ], [ 139.693643, 35.78315 ], [ 139.693745, 35.783107 ], [ 139.69399, 35.783004 ], [ 139.694794, 35.782747 ], [ 139.695563, 35.782512 ], [ 139.696079, 35.782377 ], [ 139.696135, 35.782362 ], [ 139.69659, 35.782266 ], [ 139.696591, 35.782266 ], [ 139.696515, 35.781933 ], [ 139.696407, 35.781373 ], [ 139.696437, 35.780956 ], [ 139.695477, 35.780809 ], [ 139.695438, 35.780803 ], [ 139.694528, 35.780666 ], [ 139.692945, 35.780422 ], [ 139.692939, 35.780421 ], [ 139.692112, 35.780297 ], [ 139.691263, 35.780169 ], [ 139.690786, 35.780093 ] ] ] } },
{ "type": "Feature", "properties": { "key": "板橋区|東坂下2丁目", "ward": "板橋区", "town": "東坂下二丁目" }, "geometry": { "type": "Polygon", "coordinates": [ [ [ 139.688866, 35.782142 ], [ 139.688825, 35.782183 ], [ 139.688388, 35.782624 ], [ 139.68833, 35.782684 ], [ 139.68725, 35.78381 ], [ 139.687062, 35.784006 ], [ 139.686987, 35.784083 ], [ 139.686717, 35.784361 ], [ 139.686504, 35.78458 ], [ 139.686426, 35.784667 ], [ 139.686263, 35.784848 ], [ 139.686212, 35.784931 ], [ 139.686059, 35.785255 ], [ 139.685962, 35.785447 ], [ 139.685635, 35.786152 ], [ 139.685573, 35.786273 ], [ 139.685493, 35.786462 ], [ 139.685378, 35.786696 ], [ 139.685193, 35.787092 ], [ 139.68517, 35.787161 ], [ 139.685072, 35.787434 ], [ 139.685034, 35.787538 ], [ 139.685003, 35.787625 ], [ 139.68489, 35.788005 ], [ 139.684769, 35.788412 ], [ 139.684826, 35.788819 ], [ 139.684838, 35.788881 ], [ 139.684882, 35.789118 ], [ 139.684923, 35.789358 ], [ 139.684956, 35.789543 ], [ 139.684987, 35.789784 ], [ 139.685041, 35.79012 ], [ 139.68509, 35.790429 ], [ 139.685191, 35.790986 ], [ 139.685238, 35.791239 ], [ 139.68584, 35.790888 ], [ 139.686053, 35.790746 ], [ 139.686238, 35.790606 ], [ 139.686383, 35.790483 ], [ 139.68659, 35.790309 ], [ 139.686767, 35.790146 ], [ 139.686826, 35.790093 ], [ 139.687101, 35.789808 ], [ 139.687497, 35.789368 ], [ 139.68778, 35.78906 ], [ 139.688002, 35.788742 ], [ 139.688318, 35.788328 ], [ 139.688711, 35.787794 ], [ 139.688961, 35.787473 ], [ 139.689077, 35.787257 ], [ 139.689173, 35.787137 ], [ 139.689467, 35.786769 ], [ 139.689707, 35.786444 ], [ 139.69015, 35.785817 ], [ 139.690372, 35.785531 ], [ 139.690585, 35.785256 ], [ 139.690925, 35.784896 ], [ 139.691446, 35.784519 ], [ 139.691675, 35.784353 ], [ 139.69195, 35.784153 ], [ 139.692206, 35.783976 ], [ 139.691834, 35.783814 ], [ 139.690721, 35.783236 ], [ 139.690707, 35.783229 ], [ 139.68977, 35.782742 ], [ 139.689713, 35.782713 ], [ 139.689544, 35.782625 ], [ 139.689537, 35.782621 ], [ 139.689446, 35.782566 ], [ 139.688866, 35.782142 ] ] ] } },
{ "type": "Feature", "properties": { "key": "板橋区|小豆沢1丁目", "ward": "板橋区", "town": "小豆沢一丁目" }, "geometry": { "type": "Polygon", "coordinates": [ [ [ 139.704574, 35.774541 ], [ 139.704574, 35.774545 ], [ 139.704548, 35.77454 ], [ 139.704216, 35.774463 ], [ 139.703917, 35.774321 ], [ 139.703754, 35.774247 ], [ 139.703356, 35.774083 ], [ 139.702921, 35.773882 ], [ 139.702845, 35.773847 ], [ 139.702802, 35.773827 ], [ 139.702739, 35.773785 ], [ 139.702611, 35.773701 ], [ 139.70254, 35.773648 ], [ 139.70223, 35.773418 ], [ 139.702194, 35.773391 ], [ 139.70194, 35.773183 ], [ 139.701715, 35.773016 ], [ 139.701558, 35.772888 ], [ 139.701393, 35.772753 ], [ 139.701021, 35.772418 ], [ 139.700904, 35.772308 ], [ 139.700753, 35.772167 ], [ 139.700533, 35.771987 ], [ 139.700417, 35.77187 ], [ 139.700401, 35.771854 ], [ 139.700371, 35.771808 ], [ 139.700149, 35.771683 ], [ 139.699922, 35.771555 ], [ 139.699299, 35.772177 ], [ 139.699297, 35.772179 ], [ 139.699176, 35.772312 ], [ 139.699152, 35.77232 ], [ 139.69842, 35.773061 ], [ 139.698435, 35.773066 ], [ 139.697945, 35.773563 ], [ 139.697911, 35.773598 ], [ 139.697309, 35.774154 ], [ 139.697964, 35.774483 ], [ 139.698364, 35.774659 ], [ 139.699105, 35.774985 ], [ 139.699514, 35.775166 ], [ 139.699773, 35.77528 ], [ 139.699899, 35.775336 ], [ 139.700351, 35.775535 ], [ 139.70071, 35.775693 ], [ 139.701476, 35.775834 ], [ 139.701933, 35.775911 ], [ 139.702641, 35.776031 ], [ 139.703411, 35.77616 ], [ 139.704264, 35.776301 ], [ 139.704396, 35.775908 ], [ 139.704425, 35.775821 ], [ 139.704457, 35.77572 ], [ 139.704491, 35.775613 ], [ 139.704579, 35.775311 ], [ 139.704604, 35.775157 ], [ 139.704311, 35.775107 ], [ 139.704336, 35.774892 ], [ 139.704628, 35.774848 ], [ 139.70465, 35.77456 ], [ 139.704574, 35.774541 ] ] ] } },
{ "type": "Feature", "properties": { "key": "板橋区|小豆沢2丁目", "ward": "板橋区", "town": "小豆沢二丁目" }, "geometry": { "type": "Polygon", "coordinates": [ [ [ 139.697309, 35.774154 ], [ 139.697165, 35.774284 ], [ 139.697156, 35.774292 ], [ 139.697133, 35.774313 ], [ 139.697017, 35.77441 ], [ 139.696929, 35.774483 ], [ 139.696892, 35.774514 ], [ 139.696532, 35.774807 ], [ 139.695974, 35.775261 ], [ 139.695951, 35.775288 ], [ 139.695806, 35.775414 ], [ 139.695552, 35.775643 ], [ 139.695337, 35.775836 ], [ 139.695326, 35.77585 ], [ 139.694875, 35.776288 ], [ 139.695502, 35.776598 ], [ 139.695684, 35.776684 ], [ 139.696657, 35.777142 ], [ 139.696686, 35.777155 ], [ 139.697417, 35.777506 ], [ 139.697754, 35.777668 ], [ 139.697916, 35.777745 ], [ 139.697959, 35.777766 ], [ 139.698014, 35.777793 ], [ 139.698204, 35.777884 ], [ 139.698448, 35.777996 ], [ 139.698997, 35.778185 ], [ 139.699032, 35.778192 ], [ 139.699315, 35.778287 ], [ 139.699623, 35.77839 ], [ 139.700204, 35.778587 ], [ 139.700208, 35.778589 ], [ 139.700846, 35.778804 ], [ 139.700932, 35.778833 ], [ 139.701122, 35.778896 ], [ 139.701373, 35.77898 ], [ 139.701702, 35.779091 ], [ 139.701721, 35.779097 ], [ 139.702094, 35.77922 ], [ 139.702441, 35.779335 ], [ 139.702454, 35.77934 ], [ 139.703137, 35.779572 ], [ 139.703146, 35.779555 ], [ 139.703322, 35.778966 ], [ 139.703397, 35.778645 ], [ 139.703446, 35.778393 ], [ 139.703451, 35.778378 ], [ 139.70349, 35.778257 ], [ 139.703548, 35.778086 ], [ 139.703656, 35.777807 ], [ 139.703659, 35.777799 ], [ 139.703747, 35.777591 ], [ 139.703788, 35.777521 ], [ 139.703848, 35.777417 ], [ 139.703944, 35.77714 ], [ 139.704075, 35.776883 ], [ 139.704155, 35.776628 ], [ 139.704264, 35.776301 ], [ 139.703411, 35.77616 ], [ 139.702641, 35.776031 ], [ 139.701933, 35.775911 ], [ 139.701476, 35.775834 ], [ 139.70071, 35.775693 ], [ 139.700351, 35.775535 ], [ 139.699899, 35.775336 ], [ 139.699773, 35.77528 ], [ 139.699514, 35.775166 ], [ 139.699105, 35.774985 ], [ 139.698364, 35.774659 ], [ 139.697964, 35.774483 ], [ 139.697309, 35.774154 ] ] ] } },
{ "type": "Feature", "properties": { "key": "板橋区|小豆沢3丁目", "ward": "板橋区", "town": "小豆沢三丁目" }, "geometry": { "type": "Polygon", "coordinates": [ [ [ 139.698097, 35.779181 ], [ 139.698207, 35.779129 ], [ 139.698507, 35.778898 ], [ 139.698667, 35.778729 ], [ 139.698997, 35.778185 ], [ 139.698448, 35.777996 ], [ 139.698204, 35.777884 ], [ 139.698014, 35.777793 ], [ 139.697959, 35.777766 ], [ 139.697916, 35.777745 ], [ 139.697754, 35.777668 ], [ 139.697417, 35.777506 ], [ 139.696686, 35.777155 ], [ 139.696657, 35.777142 ], [ 139.695684, 35.776684 ], [ 139.695502, 35.776598 ], [ 139.694875, 35.776288 ], [ 139.694506, 35.77668 ], [ 139.693786, 35.777378 ], [ 139.693732, 35.77743 ], [ 139.693353, 35.777788 ], [ 139.692741, 35.778364 ], [ 139.692305, 35.778767 ], [ 139.692173, 35.778889 ], [ 139.691727, 35.779284 ], [ 139.691605, 35.779392 ], [ 139.691533, 35.779311 ], [ 139.690786, 35.780093 ], [ 139.691263, 35.780169 ], [ 139.692112, 35.780297 ], [ 139.692939, 35.780421 ], [ 139.692945, 35.780422 ], [ 139.694528, 35.780666 ], [ 139.695438, 35.780803 ], [ 139.695477, 35.780809 ], [ 139.696437, 35.780956 ], [ 139.696461, 35.780961 ], [ 139.696614, 35.780497 ], [ 139.696705, 35.780308 ], [ 139.696745, 35.780249 ], [ 139.69679, 35.780175 ], [ 139.696895, 35.780016 ], [ 139.696907, 35.78 ], [ 139.697023, 35.779892 ], [ 139.697127, 35.779779 ], [ 139.697677, 35.7794 ], [ 139.698097, 35.779181 ] ] ] } },
{ "type": "Feature", "properties": { "key": "板橋区|小豆沢4丁目", "ward": "板橋区", "town": "小豆沢四丁目" }, "geometry": { "type": "Polygon", "coordinates": [ [ [ 139.702949, 35.782071 ], [ 139.70289, 35.782034 ], [ 139.702792, 35.781961 ], [ 139.702667, 35.781808 ], [ 139.702587, 35.781667 ], [ 139.702577, 35.781636 ], [ 139.702534, 35.781516 ], [ 139.702552, 35.781369 ], [ 139.702587, 35.781252 ], [ 139.702635, 35.781093 ], [ 139.702673, 35.780986 ], [ 139.702688, 35.780947 ], [ 139.70275, 35.780694 ], [ 139.702758, 35.780659 ], [ 139.702845, 35.780344 ], [ 139.702887, 35.780191 ], [ 139.702893, 35.780168 ], [ 139.702924, 35.780057 ], [ 139.702929, 35.780036 ], [ 139.702935, 35.780015 ], [ 139.702941, 35.779994 ], [ 139.702981, 35.779909 ], [ 139.703007, 35.779853 ], [ 139.703137, 35.779572 ], [ 139.702454, 35.77934 ], [ 139.702441, 35.779335 ], [ 139.702094, 35.77922 ], [ 139.701721, 35.779097 ], [ 139.701702, 35.779091 ], [ 139.701373, 35.77898 ], [ 139.701122, 35.778896 ], [ 139.700932, 35.778833 ], [ 139.700846, 35.778804 ], [ 139.700208, 35.778589 ], [ 139.700204, 35.778587 ], [ 139.699623, 35.77839 ], [ 139.699315, 35.778287 ], [ 139.699032, 35.778192 ], [ 139.698997, 35.778185 ], [ 139.698667, 35.778729 ], [ 139.698507, 35.778898 ], [ 139.698207, 35.779129 ], [ 139.698097, 35.779181 ], [ 139.697677, 35.7794 ], [ 139.697127, 35.779779 ], [ 139.697023, 35.779892 ], [ 139.696907, 35.78 ], [ 139.696895, 35.780016 ], [ 139.69679, 35.780175 ], [ 139.696745, 35.780249 ], [ 139.696705, 35.780308 ], [ 139.696614, 35.780497 ], [ 139.696461, 35.780961 ], [ 139.696437, 35.780956 ], [ 139.696407, 35.781373 ], [ 139.696515, 35.781933 ], [ 139.696591, 35.782266 ], [ 139.696676, 35.782255 ], [ 139.697354, 35.782169 ], [ 139.697839, 35.782099 ], [ 139.698203, 35.782077 ], [ 139.698362, 35.782108 ], [ 139.698496, 35.782134 ], [ 139.698823, 35.782225 ], [ 139.69913, 35.782347 ], [ 139.699893, 35.78273 ], [ 139.700084, 35.782833 ], [ 139.700232, 35.782931 ], [ 139.700407, 35.783047 ], [ 139.700688, 35.783205 ], [ 139.701013, 35.783411 ], [ 139.701276, 35.78358 ], [ 139.701301, 35.783596 ], [ 139.701582, 35.783774 ], [ 139.701768, 35.783893 ], [ 139.70202, 35.784053 ], [ 139.702176, 35.784157 ], [ 139.702398, 35.784319 ], [ 139.702534, 35.784163 ], [ 139.702669, 35.784043 ], [ 139.702831, 35.78381 ], [ 139.70295, 35.783543 ], [ 139.702951, 35.783483 ], [ 139.703019, 35.783185 ], [ 139.703059, 35.782874 ], [ 139.703095, 35.782682 ], [ 139.703142, 35.78249 ], [ 139.703215, 35.782168 ], [ 139.703119, 35.782156 ], [ 139.703042, 35.782118 ], [ 139.702949, 35.782071 ] ] ] } },
{ "type": "Feature", "properties": { "key": "板橋区|西台1丁目", "ward": "板橋区", "town": "西台一丁目" }, "geometry": { "type": "Polygon", "coordinates": [ [ [ 139.673552, 35.778942 ], [ 139.673639, 35.778769 ], [ 139.673733, 35.778618 ], [ 139.673991, 35.778332 ], [ 139.674021, 35.778301 ], [ 139.67421, 35.778159 ], [ 139.674403, 35.778039 ], [ 139.674795, 35.777824 ], [ 139.674907, 35.777765 ], [ 139.675271, 35.777554 ], [ 139.675734, 35.777288 ], [ 139.675953, 35.777169 ], [ 139.675922, 35.776958 ], [ 139.676072, 35.776764 ], [ 139.675906, 35.7763 ], [ 139.67588, 35.776148 ], [ 139.675839, 35.776128 ], [ 139.675635, 35.775854 ], [ 139.675578, 35.775778 ], [ 139.675395, 35.775587 ], [ 139.675281, 35.775517 ], [ 139.675264, 35.775507 ], [ 139.675025, 35.775387 ], [ 139.674894, 35.775336 ], [ 139.674598, 35.775056 ], [ 139.674592, 35.775042 ], [ 139.674482, 35.774945 ], [ 139.67441, 35.774904 ], [ 139.674179, 35.774827 ], [ 139.674069, 35.77477 ], [ 139.673961, 35.774611 ], [ 139.673921, 35.774546 ], [ 139.673786, 35.774415 ], [ 139.673759, 35.774358 ], [ 139.67371, 35.774259 ], [ 139.67369, 35.774038 ], [ 139.673695, 35.773917 ], [ 139.673694, 35.773841 ], [ 139.673635, 35.773629 ], [ 139.673523, 35.773445 ], [ 139.673418, 35.773185 ], [ 139.673401, 35.773153 ], [ 139.673216, 35.772807 ], [ 139.673228, 35.772715 ], [ 139.673203, 35.772628 ], [ 139.673117, 35.772523 ], [ 139.672998, 35.772437 ], [ 139.672933, 35.772445 ], [ 139.672838, 35.772456 ], [ 139.672608, 35.772382 ], [ 139.67245, 35.772336 ], [ 139.672077, 35.77218 ], [ 139.672063, 35.772081 ], [ 139.672003, 35.772009 ], [ 139.671958, 35.771954 ], [ 139.672196, 35.771822 ], [ 139.672089, 35.771683 ], [ 139.672054, 35.77161 ], [ 139.671942, 35.771436 ], [ 139.671664, 35.771257 ], [ 139.671628, 35.77123 ], [ 139.671452, 35.771088 ], [ 139.671392, 35.770989 ], [ 139.671218, 35.771035 ], [ 139.671151, 35.771032 ], [ 139.671103, 35.771027 ], [ 139.671078, 35.771031 ], [ 139.671015, 35.771177 ], [ 139.671089, 35.771347 ], [ 139.671128, 35.771444 ], [ 139.671141, 35.771499 ], [ 139.671007, 35.771502 ], [ 139.670876, 35.771527 ], [ 139.670666, 35.771611 ], [ 139.670606, 35.771645 ], [ 139.670443, 35.771697 ], [ 139.670338, 35.771765 ], [ 139.670383, 35.771855 ], [ 139.6705, 35.772076 ], [ 139.670549, 35.772408 ], [ 139.67055, 35.772468 ], [ 139.670558, 35.772754 ], [ 139.67056, 35.772791 ], [ 139.670573, 35.773346 ], [ 139.670557, 35.773501 ], [ 139.670529, 35.773736 ], [ 139.670537, 35.773855 ], [ 139.670521, 35.773991 ], [ 139.670502, 35.774084 ], [ 139.670446, 35.774204 ], [ 139.670444, 35.774327 ], [ 139.670469, 35.774483 ], [ 139.67057, 35.774815 ], [ 139.670626, 35.774926 ], [ 139.670667, 35.775077 ], [ 139.670688, 35.775147 ], [ 139.670696, 35.77532 ], [ 139.670646, 35.775496 ], [ 139.670591, 35.775585 ], [ 139.670577, 35.775661 ], [ 139.670483, 35.776053 ], [ 139.670506, 35.776049 ], [ 139.670545, 35.776102 ], [ 139.670585, 35.776329 ], [ 139.670661, 35.7766 ], [ 139.67079, 35.776906 ], [ 139.670885, 35.77709 ], [ 139.670985, 35.777239 ], [ 139.671113, 35.777388 ], [ 139.671362, 35.777624 ], [ 139.671526, 35.77776 ], [ 139.671671, 35.77788 ], [ 139.672, 35.778132 ], [ 139.672171, 35.77827 ], [ 139.672405, 35.778454 ], [ 139.672655, 35.778658 ], [ 139.673088, 35.779 ], [ 139.673141, 35.779048 ], [ 139.673217, 35.77905 ], [ 139.673345, 35.779022 ], [ 139.673446, 35.779225 ], [ 139.673552, 35.778942 ] ] ] } },
{ "type": "Feature", "properties": { "key": "板橋区|西台2丁目", "ward": "板橋区", "town": "西台二丁目" }, "geometry": { "type": "Polygon", "coordinates": [ [ [ 139.670587, 35.781104 ], [ 139.670857, 35.781129 ], [ 139.670969, 35.781118 ], [ 139.67101, 35.781116 ], [ 139.671574, 35.781082 ], [ 139.67207, 35.78105 ], [ 139.672285, 35.781033 ], [ 139.672434, 35.780992 ], [ 139.67365, 35.780459 ], [ 139.673643, 35.780362 ], [ 139.673636, 35.780137 ], [ 139.673601, 35.779766 ], [ 139.673586, 35.779676 ], [ 139.673507, 35.779356 ], [ 139.673446, 35.779225 ], [ 139.673345, 35.779022 ], [ 139.673217, 35.77905 ], [ 139.673141, 35.779048 ], [ 139.673088, 35.779 ], [ 139.672655, 35.778658 ], [ 139.672405, 35.778454 ], [ 139.672171, 35.77827 ], [ 139.672, 35.778132 ], [ 139.671671, 35.77788 ], [ 139.671526, 35.77776 ], [ 139.671362, 35.777624 ], [ 139.671113, 35.777388 ], [ 139.670985, 35.777239 ], [ 139.670885, 35.77709 ], [ 139.67079, 35.776906 ], [ 139.670661, 35.7766 ], [ 139.670585, 35.776329 ], [ 139.670545, 35.776102 ], [ 139.670506, 35.776049 ], [ 139.670483, 35.776053 ], [ 139.670394, 35.776162 ], [ 139.670224, 35.776318 ], [ 139.67014, 35.776365 ], [ 139.669804, 35.776571 ], [ 139.669633, 35.77665 ], [ 139.669249, 35.776851 ], [ 139.669175, 35.776954 ], [ 139.669138, 35.777092 ], [ 139.669157, 35.777368 ], [ 139.668927, 35.777422 ], [ 139.66863, 35.777476 ], [ 139.668429, 35.777479 ], [ 139.668297, 35.77747 ], [ 139.668079, 35.777434 ], [ 139.667992, 35.777384 ], [ 139.667909, 35.777285 ], [ 139.667863, 35.777296 ], [ 139.667515, 35.777603 ], [ 139.667411, 35.777755 ], [ 139.667316, 35.777993 ], [ 139.667304, 35.777994 ], [ 139.667013, 35.778022 ], [ 139.666962, 35.778063 ], [ 139.666955, 35.778064 ], [ 139.667029, 35.778235 ], [ 139.667254, 35.778623 ], [ 139.667214, 35.77865 ], [ 139.667158, 35.778699 ], [ 139.666921, 35.778963 ], [ 139.665985, 35.779096 ], [ 139.665954, 35.779104 ], [ 139.665617, 35.77915 ], [ 139.665553, 35.779159 ], [ 139.665473, 35.779171 ], [ 139.665293, 35.779197 ], [ 139.665064, 35.77923 ], [ 139.665139, 35.779635 ], [ 139.665143, 35.779654 ], [ 139.665218, 35.780056 ], [ 139.66522, 35.780069 ], [ 139.66531, 35.780558 ], [ 139.665316, 35.78059 ], [ 139.665399, 35.78109 ], [ 139.66545, 35.781352 ], [ 139.665488, 35.781543 ], [ 139.665866, 35.781509 ], [ 139.666361, 35.781444 ], [ 139.666373, 35.781443 ], [ 139.667143, 35.781377 ], [ 139.667181, 35.781374 ], [ 139.668458, 35.78127 ], [ 139.669091, 35.781224 ], [ 139.669709, 35.78118 ], [ 139.669722, 35.781179 ], [ 139.670197, 35.781135 ], [ 139.670363, 35.78112 ], [ 139.670587, 35.781104 ] ] ] } },
{ "type": "Feature", "properties": { "key": "板橋区|西台3丁目", "ward": "板橋区", "town": "西台三丁目" }, "geometry": { "type": "Polygon", "coordinates": [ [ [ 139.667909, 35.777285 ], [ 139.667992, 35.777384 ], [ 139.668079, 35.777434 ], [ 139.668297, 35.77747 ], [ 139.668429, 35.777479 ], [ 139.66863, 35.777476 ], [ 139.668927, 35.777422 ], [ 139.669157, 35.777368 ], [ 139.669138, 35.777092 ], [ 139.669175, 35.776954 ], [ 139.669249, 35.776851 ], [ 139.669633, 35.77665 ], [ 139.669804, 35.776571 ], [ 139.67014, 35.776365 ], [ 139.670224, 35.776318 ], [ 139.670394, 35.776162 ], [ 139.670483, 35.776053 ], [ 139.670577, 35.775661 ], [ 139.670591, 35.775585 ], [ 139.670646, 35.775496 ], [ 139.670696, 35.77532 ], [ 139.670688, 35.775147 ], [ 139.670667, 35.775077 ], [ 139.670626, 35.774926 ], [ 139.67057, 35.774815 ], [ 139.670469, 35.774483 ], [ 139.670444, 35.774327 ], [ 139.670446, 35.774204 ], [ 139.670502, 35.774084 ], [ 139.670521, 35.773991 ], [ 139.670537, 35.773855 ], [ 139.670529, 35.773736 ], [ 139.670557, 35.773501 ], [ 139.670573, 35.773346 ], [ 139.67056, 35.772791 ], [ 139.670558, 35.772754 ], [ 139.67055, 35.772468 ], [ 139.670549, 35.772408 ], [ 139.6705, 35.772076 ], [ 139.670383, 35.771855 ], [ 139.67024, 35.771889 ], [ 139.669952, 35.771998 ], [ 139.669882, 35.772019 ], [ 139.669646, 35.772154 ], [ 139.669629, 35.772174 ], [ 139.669014, 35.772515 ], [ 139.66856, 35.772775 ], [ 139.668538, 35.772787 ], [ 139.667582, 35.773314 ], [ 139.667543, 35.773338 ], [ 139.667122, 35.773566 ], [ 139.666937, 35.773667 ], [ 139.666483, 35.773908 ], [ 139.666467, 35.773917 ], [ 139.66634, 35.773999 ], [ 139.666274, 35.774041 ], [ 139.666132, 35.774161 ], [ 139.666008, 35.774286 ], [ 139.665991, 35.774314 ], [ 139.665891, 35.774469 ], [ 139.665837, 35.774595 ], [ 139.665787, 35.774712 ], [ 139.665725, 35.774899 ], [ 139.665643, 35.775106 ], [ 139.665558, 35.775289 ], [ 139.665413, 35.775489 ], [ 139.665272, 35.775646 ], [ 139.66517, 35.77573 ], [ 139.665053, 35.775798 ], [ 139.66492, 35.775853 ], [ 139.664932, 35.775872 ], [ 139.664763, 35.775926 ], [ 139.664476, 35.775969 ], [ 139.664671, 35.776901 ], [ 139.664734, 35.777275 ], [ 139.664742, 35.777322 ], [ 139.66481, 35.777751 ], [ 139.66491, 35.778398 ], [ 139.664913, 35.778417 ], [ 139.665064, 35.77923 ], [ 139.665293, 35.779197 ], [ 139.665473, 35.779171 ], [ 139.665553, 35.779159 ], [ 139.665617, 35.77915 ], [ 139.665954, 35.779104 ], [ 139.665985, 35.779096 ], [ 139.666921, 35.778963 ], [ 139.667158, 35.778699 ], [ 139.667214, 35.77865 ], [ 139.667254, 35.778623 ], [ 139.667029, 35.778235 ], [ 139.666955, 35.778064 ], [ 139.666962, 35.778063 ], [ 139.667013, 35.778022 ], [ 139.667304, 35.777994 ], [ 139.667316, 35.777993 ], [ 139.667411, 35.777755 ], [ 139.667515, 35.777603 ], [ 139.667863, 35.777296 ], [ 139.667909, 35.777285 ] ] ] } },
{ "type": "Feature", "properties": { "key": "板橋区|西台4丁目", "ward": "板橋区", "town": "西台四丁目" }, "geometry": { "type": "Polygon", "coordinates": [ [ [ 139.668883, 35.767342 ], [ 139.668585, 35.767352 ], [ 139.66826, 35.767347 ], [ 139.667981, 35.767366 ], [ 139.667917, 35.767376 ], [ 139.667791, 35.767428 ], [ 139.667557, 35.767503 ], [ 139.667322, 35.767597 ], [ 139.66733, 35.767838 ], [ 139.667353, 35.768021 ], [ 139.667358, 35.768246 ], [ 139.667343, 35.768519 ], [ 139.66732, 35.768779 ], [ 139.667312, 35.769152 ], [ 139.667312, 35.769169 ], [ 139.667281, 35.770023 ], [ 139.66727, 35.770207 ], [ 139.667271, 35.770364 ], [ 139.667275, 35.770512 ], [ 139.667358, 35.7708 ], [ 139.667395, 35.770886 ], [ 139.667515, 35.771094 ], [ 139.667669, 35.771274 ], [ 139.667838, 35.771427 ], [ 139.668247, 35.771811 ], [ 139.668258, 35.771821 ], [ 139.668647, 35.772172 ], [ 139.669014, 35.772515 ], [ 139.669629, 35.772174 ], [ 139.669646, 35.772154 ], [ 139.669882, 35.772019 ], [ 139.669952, 35.771998 ], [ 139.67024, 35.771889 ], [ 139.670383, 35.771855 ], [ 139.670338, 35.771765 ], [ 139.66991, 35.7716 ], [ 139.669822, 35.771514 ], [ 139.669639, 35.771338 ], [ 139.669455, 35.771159 ], [ 139.669291, 35.771 ], [ 139.66914, 35.770855 ], [ 139.669126, 35.770838 ], [ 139.668942, 35.770631 ], [ 139.668928, 35.770611 ], [ 139.668779, 35.7704 ], [ 139.668763, 35.770374 ], [ 139.668751, 35.770355 ], [ 139.668739, 35.770336 ], [ 139.668719, 35.770304 ], [ 139.668636, 35.77017 ], [ 139.668563, 35.769987 ], [ 139.668536, 35.769919 ], [ 139.668484, 35.769805 ], [ 139.668486, 35.769556 ], [ 139.668537, 35.769371 ], [ 139.668555, 35.76926 ], [ 139.668693, 35.768833 ], [ 139.66872, 35.768656 ], [ 139.668747, 35.768517 ], [ 139.668764, 35.768259 ], [ 139.668801, 35.768013 ], [ 139.668837, 35.767752 ], [ 139.668848, 35.767662 ], [ 139.66886, 35.767554 ], [ 139.668871, 35.767456 ], [ 139.668881, 35.767366 ], [ 139.668883, 35.767342 ] ] ] } },
{ "type": "Feature", "properties": { "key": "板橋区|中台1丁目", "ward": "板橋区", "town": "中台一丁目" }, "geometry": { "type": "Polygon", "coordinates": [ [ [ 139.681516, 35.768777 ], [ 139.681637, 35.768753 ], [ 139.68186, 35.768766 ], [ 139.682074, 35.768692 ], [ 139.682208, 35.768601 ], [ 139.682323, 35.768348 ], [ 139.682417, 35.767989 ], [ 139.682411, 35.767922 ], [ 139.682393, 35.767851 ], [ 139.682335, 35.767745 ], [ 139.682326, 35.767595 ], [ 139.682326, 35.767536 ], [ 139.682255, 35.767314 ], [ 139.682254, 35.767291 ], [ 139.68225, 35.767215 ], [ 139.682261, 35.767108 ], [ 139.682254, 35.767081 ], [ 139.682202, 35.766754 ], [ 139.682205, 35.766644 ], [ 139.682334, 35.76643 ], [ 139.682489, 35.766244 ], [ 139.682624, 35.76614 ], [ 139.682732, 35.766083 ], [ 139.682766, 35.766024 ], [ 139.68277, 35.765912 ], [ 139.682717, 35.765524 ], [ 139.682707, 35.76544 ], [ 139.682681, 35.765119 ], [ 139.682671, 35.765066 ], [ 139.682604, 35.764909 ], [ 139.682519, 35.764794 ], [ 139.682365, 35.764565 ], [ 139.682311, 35.764432 ], [ 139.682252, 35.764338 ], [ 139.68192, 35.764448 ], [ 139.681152, 35.764631 ], [ 139.68112, 35.764641 ], [ 139.680787, 35.764739 ], [ 139.680362, 35.764865 ], [ 139.680243, 35.764896 ], [ 139.680161, 35.764917 ], [ 139.679971, 35.764973 ], [ 139.679594, 35.765082 ], [ 139.679572, 35.765088 ], [ 139.679364, 35.765149 ], [ 139.679329, 35.76516 ], [ 139.679054, 35.765226 ], [ 139.679031, 35.765234 ], [ 139.678615, 35.765338 ], [ 139.678384, 35.765402 ], [ 139.678082, 35.765486 ], [ 139.67774, 35.765565 ], [ 139.677652, 35.765584 ], [ 139.677492, 35.765619 ], [ 139.677347, 35.765653 ], [ 139.677133, 35.765706 ], [ 139.677028, 35.765732 ], [ 139.676799, 35.765784 ], [ 139.676603, 35.765816 ], [ 139.67613, 35.76587 ], [ 139.675972, 35.765893 ], [ 139.675729, 35.765931 ], [ 139.675699, 35.765938 ], [ 139.675668, 35.766235 ], [ 139.675679, 35.766489 ], [ 139.675691, 35.766579 ], [ 139.675794, 35.766969 ], [ 139.675871, 35.767127 ], [ 139.675897, 35.767183 ], [ 139.675969, 35.767398 ], [ 139.676051, 35.767716 ], [ 139.676112, 35.767712 ], [ 139.676369, 35.76777 ], [ 139.676389, 35.767797 ], [ 139.67631, 35.768301 ], [ 139.676327, 35.768571 ], [ 139.676349, 35.768793 ], [ 139.676645, 35.768872 ], [ 139.676749, 35.768886 ], [ 139.676818, 35.768905 ], [ 139.676933, 35.768918 ], [ 139.67714, 35.768941 ], [ 139.677281, 35.768943 ], [ 139.677652, 35.768889 ], [ 139.677684, 35.768883 ], [ 139.677698, 35.768881 ], [ 139.677823, 35.768866 ], [ 139.678054, 35.768817 ], [ 139.678214, 35.768795 ], [ 139.678831, 35.768799 ], [ 139.679147, 35.768811 ], [ 139.679219, 35.76881 ], [ 139.679277, 35.768807 ], [ 139.679428, 35.768846 ], [ 139.679488, 35.768875 ], [ 139.679586, 35.768948 ], [ 139.679672, 35.769018 ], [ 139.680026, 35.769332 ], [ 139.680267, 35.769519 ], [ 139.680536, 35.769714 ], [ 139.680768, 35.769461 ], [ 139.680778, 35.76945 ], [ 139.681004, 35.769204 ], [ 139.68126, 35.76895 ], [ 139.681382, 35.768849 ], [ 139.681516, 35.768777 ] ] ] } },
{ "type": "Feature", "properties": { "key": "板橋区|中台2丁目", "ward": "板橋区", "town": "中台二丁目" }, "geometry": { "type": "Polygon", "coordinates": [ [ [ 139.683892, 35.771921 ], [ 139.6836, 35.77119 ], [ 139.683582, 35.771144 ], [ 139.683521, 35.770983 ], [ 139.683228, 35.770239 ], [ 139.683214, 35.770203 ], [ 139.683204, 35.770179 ], [ 139.683059, 35.769837 ], [ 139.683025, 35.769755 ], [ 139.682989, 35.769657 ], [ 139.682912, 35.769534 ], [ 139.682842, 35.76947 ], [ 139.682629, 35.769294 ], [ 139.682486, 35.769157 ], [ 139.682367, 35.769072 ], [ 139.682235, 35.768912 ], [ 139.682197, 35.768831 ], [ 139.682074, 35.768692 ], [ 139.68186, 35.768766 ], [ 139.681637, 35.768753 ], [ 139.681516, 35.768777 ], [ 139.681382, 35.768849 ], [ 139.68126, 35.76895 ], [ 139.681004, 35.769204 ], [ 139.680778, 35.76945 ], [ 139.680768, 35.769461 ], [ 139.680536, 35.769714 ], [ 139.680267, 35.769519 ], [ 139.680026, 35.769332 ], [ 139.679672, 35.769018 ], [ 139.679586, 35.768948 ], [ 139.679531, 35.76911 ], [ 139.679509, 35.769179 ], [ 139.679485, 35.769273 ], [ 139.679437, 35.769512 ], [ 139.679383, 35.769858 ], [ 139.679372, 35.770081 ], [ 139.679364, 35.770296 ], [ 139.679368, 35.77049 ], [ 139.679395, 35.770587 ], [ 139.679426, 35.77072 ], [ 139.679466, 35.770816 ], [ 139.679479, 35.770849 ], [ 139.679508, 35.770939 ], [ 139.679685, 35.771336 ], [ 139.679805, 35.771572 ], [ 139.679862, 35.771667 ], [ 139.679824, 35.771697 ], [ 139.67995, 35.771813 ], [ 139.679996, 35.771843 ], [ 139.680432, 35.77203 ], [ 139.680589, 35.772085 ], [ 139.680755, 35.772134 ], [ 139.680773, 35.77212 ], [ 139.68085, 35.772056 ], [ 139.680968, 35.772116 ], [ 139.681155, 35.772272 ], [ 139.68134, 35.772546 ], [ 139.6815, 35.772813 ], [ 139.681659, 35.773093 ], [ 139.681744, 35.773276 ], [ 139.681779, 35.773388 ], [ 139.6818, 35.773491 ], [ 139.681841, 35.773587 ], [ 139.68186, 35.773734 ], [ 139.68188, 35.773859 ], [ 139.681868, 35.774183 ], [ 139.681817, 35.774386 ], [ 139.681805, 35.774484 ], [ 139.681819, 35.774675 ], [ 139.681929, 35.775039 ], [ 139.68206, 35.775402 ], [ 139.682191, 35.77537 ], [ 139.68243, 35.775307 ], [ 139.682439, 35.775305 ], [ 139.682482, 35.775291 ], [ 139.68278, 35.775226 ], [ 139.682942, 35.775185 ], [ 139.683464, 35.775055 ], [ 139.683584, 35.775026 ], [ 139.683815, 35.77497 ], [ 139.683847, 35.774949 ], [ 139.683827, 35.774835 ], [ 139.683844, 35.774605 ], [ 139.683889, 35.774445 ], [ 139.683989, 35.774291 ], [ 139.684049, 35.774252 ], [ 139.684061, 35.774243 ], [ 139.684052, 35.774185 ], [ 139.68403, 35.774045 ], [ 139.684089, 35.773875 ], [ 139.684133, 35.773726 ], [ 139.684132, 35.773718 ], [ 139.684124, 35.773596 ], [ 139.684109, 35.773437 ], [ 139.684087, 35.77334 ], [ 139.684068, 35.773261 ], [ 139.683994, 35.773134 ], [ 139.683877, 35.773009 ], [ 139.68369, 35.772727 ], [ 139.683671, 35.772662 ], [ 139.684055, 35.772565 ], [ 139.684061, 35.772564 ], [ 139.684141, 35.772543 ], [ 139.684119, 35.772487 ], [ 139.683892, 35.771921 ] ] ] } },
{ "type": "Feature", "properties": { "key": "板橋区|中台3丁目", "ward": "板橋区", "town": "中台三丁目" }, "geometry": { "type": "Polygon", "coordinates": [ [ [ 139.680968, 35.772116 ], [ 139.68085, 35.772056 ], [ 139.680773, 35.77212 ], [ 139.680755, 35.772134 ], [ 139.680589, 35.772085 ], [ 139.680432, 35.77203 ], [ 139.679996, 35.771843 ], [ 139.67995, 35.771813 ], [ 139.679824, 35.771697 ], [ 139.679862, 35.771667 ], [ 139.679805, 35.771572 ], [ 139.679685, 35.771336 ], [ 139.679508, 35.770939 ], [ 139.679479, 35.770849 ], [ 139.679466, 35.770816 ], [ 139.679426, 35.77072 ], [ 139.679395, 35.770587 ], [ 139.679368, 35.77049 ], [ 139.679364, 35.770296 ], [ 139.679372, 35.770081 ], [ 139.679383, 35.769858 ], [ 139.679437, 35.769512 ], [ 139.679485, 35.769273 ], [ 139.679509, 35.769179 ], [ 139.679531, 35.76911 ], [ 139.679586, 35.768948 ], [ 139.679488, 35.768875 ], [ 139.679428, 35.768846 ], [ 139.679277, 35.768807 ], [ 139.679219, 35.76881 ], [ 139.679147, 35.768811 ], [ 139.678831, 35.768799 ], [ 139.678214, 35.768795 ], [ 139.678054, 35.768817 ], [ 139.677823, 35.768866 ], [ 139.677698, 35.768881 ], [ 139.677684, 35.768883 ], [ 139.677652, 35.768889 ], [ 139.677281, 35.768943 ], [ 139.67714, 35.768941 ], [ 139.676933, 35.768918 ], [ 139.676818, 35.768905 ], [ 139.676749, 35.768886 ], [ 139.676645, 35.768872 ], [ 139.676349, 35.768793 ], [ 139.676351, 35.768961 ], [ 139.676307, 35.769336 ], [ 139.676248, 35.769705 ], [ 139.676199, 35.769863 ], [ 139.676171, 35.769878 ], [ 139.676002, 35.770265 ], [ 139.675996, 35.770319 ], [ 139.675965, 35.77056 ], [ 139.675954, 35.770751 ], [ 139.67596, 35.770837 ], [ 139.676061, 35.771256 ], [ 139.676072, 35.771284 ], [ 139.676115, 35.771403 ], [ 139.676152, 35.771505 ], [ 139.676347, 35.772023 ], [ 139.676391, 35.772098 ], [ 139.676507, 35.772283 ], [ 139.67663, 35.772481 ], [ 139.676818, 35.772726 ], [ 139.677147, 35.773066 ], [ 139.677264, 35.773216 ], [ 139.67738, 35.77344 ], [ 139.677497, 35.773666 ], [ 139.67758, 35.773826 ], [ 139.677586, 35.773837 ], [ 139.677594, 35.773853 ], [ 139.677598, 35.773874 ], [ 139.677749, 35.7745 ], [ 139.677753, 35.77458 ], [ 139.677735, 35.774695 ], [ 139.677434, 35.775166 ], [ 139.677087, 35.775552 ], [ 139.676933, 35.775742 ], [ 139.676934, 35.775788 ], [ 139.677484, 35.776125 ], [ 139.677557, 35.776177 ], [ 139.677948, 35.776271 ], [ 139.678199, 35.776348 ], [ 139.67841, 35.776305 ], [ 139.678466, 35.776277 ], [ 139.678949, 35.776169 ], [ 139.679037, 35.776149 ], [ 139.679452, 35.776041 ], [ 139.679907, 35.775937 ], [ 139.680329, 35.775834 ], [ 139.680628, 35.775761 ], [ 139.680766, 35.775727 ], [ 139.68206, 35.775402 ], [ 139.681929, 35.775039 ], [ 139.681819, 35.774675 ], [ 139.681805, 35.774484 ], [ 139.681817, 35.774386 ], [ 139.681868, 35.774183 ], [ 139.68188, 35.773859 ], [ 139.68186, 35.773734 ], [ 139.681841, 35.773587 ], [ 139.6818, 35.773491 ], [ 139.681779, 35.773388 ], [ 139.681744, 35.773276 ], [ 139.681659, 35.773093 ], [ 139.6815, 35.772813 ], [ 139.68134, 35.772546 ], [ 139.681155, 35.772272 ], [ 139.680968, 35.772116 ] ] ] } },
{ "type": "Feature", "properties": { "key": "板橋区|若木1丁目", "ward": "板橋区", "town": "若木一丁目" }, "geometry": { "type": "Polygon", "coordinates": [ [ [ 139.676307, 35.769336 ], [ 139.676351, 35.768961 ], [ 139.676349, 35.768793 ], [ 139.676327, 35.768571 ], [ 139.67631, 35.768301 ], [ 139.676389, 35.767797 ], [ 139.676369, 35.76777 ], [ 139.676112, 35.767712 ], [ 139.676051, 35.767716 ], [ 139.675969, 35.767398 ], [ 139.675897, 35.767183 ], [ 139.675871, 35.767127 ], [ 139.675794, 35.766969 ], [ 139.675691, 35.766579 ], [ 139.675679, 35.766489 ], [ 139.675668, 35.766235 ], [ 139.675699, 35.765938 ], [ 139.674986, 35.766108 ], [ 139.674872, 35.766135 ], [ 139.674852, 35.76614 ], [ 139.674786, 35.766142 ], [ 139.674638, 35.766139 ], [ 139.674275, 35.76609 ], [ 139.674078, 35.766099 ], [ 139.673317, 35.766232 ], [ 139.673302, 35.766235 ], [ 139.672989, 35.766288 ], [ 139.672716, 35.766351 ], [ 139.672558, 35.766403 ], [ 139.672365, 35.766445 ], [ 139.672254, 35.766445 ], [ 139.671916, 35.766448 ], [ 139.671662, 35.766446 ], [ 139.671416, 35.766491 ], [ 139.671328, 35.766537 ], [ 139.671169, 35.766667 ], [ 139.671115, 35.766706 ], [ 139.671038, 35.766761 ], [ 139.670943, 35.766792 ], [ 139.670886, 35.766824 ], [ 139.670609, 35.766909 ], [ 139.670121, 35.766984 ], [ 139.670077, 35.766999 ], [ 139.669513, 35.767087 ], [ 139.66899, 35.767167 ], [ 139.668969, 35.767171 ], [ 139.668932, 35.767245 ], [ 139.668883, 35.767342 ], [ 139.668881, 35.767366 ], [ 139.668871, 35.767456 ], [ 139.66886, 35.767554 ], [ 139.668848, 35.767662 ], [ 139.668837, 35.767752 ], [ 139.668801, 35.768013 ], [ 139.668764, 35.768259 ], [ 139.668747, 35.768517 ], [ 139.66872, 35.768656 ], [ 139.668693, 35.768833 ], [ 139.668555, 35.76926 ], [ 139.668537, 35.769371 ], [ 139.669081, 35.769211 ], [ 139.669339, 35.769128 ], [ 139.669504, 35.769055 ], [ 139.669793, 35.768905 ], [ 139.669906, 35.768863 ], [ 139.670079, 35.768855 ], [ 139.670136, 35.768857 ], [ 139.670384, 35.768825 ], [ 139.670527, 35.768844 ], [ 139.670649, 35.768888 ], [ 139.670925, 35.768932 ], [ 139.671306, 35.768955 ], [ 139.671497, 35.768944 ], [ 139.671796, 35.768944 ], [ 139.672229, 35.768959 ], [ 139.672398, 35.768981 ], [ 139.672606, 35.769022 ], [ 139.672801, 35.769035 ], [ 139.672983, 35.769064 ], [ 139.673097, 35.769091 ], [ 139.673198, 35.769155 ], [ 139.673285, 35.76923 ], [ 139.673617, 35.76945 ], [ 139.67376, 35.769481 ], [ 139.673812, 35.769463 ], [ 139.673839, 35.76947 ], [ 139.674076, 35.769449 ], [ 139.674396, 35.769444 ], [ 139.674485, 35.769457 ], [ 139.674663, 35.769484 ], [ 139.675058, 35.769494 ], [ 139.675153, 35.769512 ], [ 139.675293, 35.769567 ], [ 139.675386, 35.769588 ], [ 139.675594, 35.769686 ], [ 139.675736, 35.769757 ], [ 139.675835, 35.769832 ], [ 139.675897, 35.769888 ], [ 139.676171, 35.769878 ], [ 139.676199, 35.769863 ], [ 139.676248, 35.769705 ], [ 139.676307, 35.769336 ] ] ] } },
{ "type": "Feature", "properties": { "key": "板橋区|若木2丁目", "ward": "板橋区", "town": "若木二丁目" }, "geometry": { "type": "Polygon", "coordinates": [ [ [ 139.676152, 35.771505 ], [ 139.676115, 35.771403 ], [ 139.676072, 35.771284 ], [ 139.676061, 35.771256 ], [ 139.67596, 35.770837 ], [ 139.675954, 35.770751 ], [ 139.675965, 35.77056 ], [ 139.675996, 35.770319 ], [ 139.676002, 35.770265 ], [ 139.676171, 35.769878 ], [ 139.675897, 35.769888 ], [ 139.675835, 35.769832 ], [ 139.675736, 35.769757 ], [ 139.675594, 35.769686 ], [ 139.675386, 35.769588 ], [ 139.675293, 35.769567 ], [ 139.675153, 35.769512 ], [ 139.675058, 35.769494 ], [ 139.674663, 35.769484 ], [ 139.674485, 35.769457 ], [ 139.674396, 35.769444 ], [ 139.674076, 35.769449 ], [ 139.673839, 35.76947 ], [ 139.673812, 35.769463 ], [ 139.67376, 35.769481 ], [ 139.673617, 35.76945 ], [ 139.673285, 35.76923 ], [ 139.673198, 35.769155 ], [ 139.673097, 35.769091 ], [ 139.672983, 35.769064 ], [ 139.672801, 35.769035 ], [ 139.672606, 35.769022 ], [ 139.672398, 35.768981 ], [ 139.672229, 35.768959 ], [ 139.671796, 35.768944 ], [ 139.671497, 35.768944 ], [ 139.671306, 35.768955 ], [ 139.670925, 35.768932 ], [ 139.670649, 35.768888 ], [ 139.670527, 35.768844 ], [ 139.670384, 35.768825 ], [ 139.670136, 35.768857 ], [ 139.670079, 35.768855 ], [ 139.669906, 35.768863 ], [ 139.669793, 35.768905 ], [ 139.669504, 35.769055 ], [ 139.669339, 35.769128 ], [ 139.669081, 35.769211 ], [ 139.668537, 35.769371 ], [ 139.668486, 35.769556 ], [ 139.668484, 35.769805 ], [ 139.668536, 35.769919 ], [ 139.668563, 35.769987 ], [ 139.668636, 35.77017 ], [ 139.668719, 35.770304 ], [ 139.668739, 35.770336 ], [ 139.668751, 35.770355 ], [ 139.668763, 35.770374 ], [ 139.668779, 35.7704 ], [ 139.668928, 35.770611 ], [ 139.668942, 35.770631 ], [ 139.669126, 35.770838 ], [ 139.66914, 35.770855 ], [ 139.669291, 35.771 ], [ 139.669455, 35.771159 ], [ 139.669639, 35.771338 ], [ 139.669822, 35.771514 ], [ 139.66991, 35.7716 ], [ 139.670338, 35.771765 ], [ 139.670443, 35.771697 ], [ 139.670606, 35.771645 ], [ 139.670666, 35.771611 ], [ 139.670876, 35.771527 ], [ 139.671007, 35.771502 ], [ 139.671141, 35.771499 ], [ 139.671128, 35.771444 ], [ 139.671089, 35.771347 ], [ 139.671015, 35.771177 ], [ 139.671078, 35.771031 ], [ 139.671103, 35.771027 ], [ 139.671151, 35.771032 ], [ 139.671218, 35.771035 ], [ 139.671392, 35.770989 ], [ 139.671452, 35.771088 ], [ 139.671628, 35.77123 ], [ 139.671664, 35.771257 ], [ 139.671942, 35.771436 ], [ 139.672054, 35.77161 ], [ 139.672089, 35.771683 ], [ 139.672196, 35.771822 ], [ 139.671958, 35.771954 ], [ 139.672003, 35.772009 ], [ 139.672063, 35.772081 ], [ 139.672077, 35.77218 ], [ 139.67245, 35.772336 ], [ 139.672608, 35.772382 ], [ 139.672838, 35.772456 ], [ 139.672933, 35.772445 ], [ 139.672998, 35.772437 ], [ 139.673104, 35.77239 ], [ 139.673239, 35.772351 ], [ 139.673252, 35.772143 ], [ 139.67322, 35.772028 ], [ 139.673366, 35.771795 ], [ 139.67349, 35.771572 ], [ 139.673566, 35.771538 ], [ 139.673941, 35.771593 ], [ 139.674203, 35.77168 ], [ 139.674405, 35.771731 ], [ 139.674593, 35.77175 ], [ 139.674628, 35.771744 ], [ 139.674767, 35.771769 ], [ 139.674844, 35.771811 ], [ 139.675101, 35.771952 ], [ 139.675163, 35.772001 ], [ 139.675235, 35.772058 ], [ 139.67527, 35.772136 ], [ 139.675306, 35.772319 ], [ 139.675262, 35.772399 ], [ 139.675284, 35.772497 ], [ 139.675314, 35.772532 ], [ 139.67544, 35.772585 ], [ 139.675571, 35.77259 ], [ 139.675888, 35.772473 ], [ 139.676507, 35.772283 ], [ 139.676391, 35.772098 ], [ 139.676347, 35.772023 ], [ 139.676152, 35.771505 ] ] ] } },
{ "type": "Feature", "properties": { "key": "板橋区|若木3丁目", "ward": "板橋区", "town": "若木三丁目" }, "geometry": { "type": "Polygon", "coordinates": [ [ [ 139.67663, 35.772481 ], [ 139.676507, 35.772283 ], [ 139.675888, 35.772473 ], [ 139.675571, 35.77259 ], [ 139.67544, 35.772585 ], [ 139.675314, 35.772532 ], [ 139.675284, 35.772497 ], [ 139.675262, 35.772399 ], [ 139.675306, 35.772319 ], [ 139.67527, 35.772136 ], [ 139.675235, 35.772058 ], [ 139.675163, 35.772001 ], [ 139.675101, 35.771952 ], [ 139.674844, 35.771811 ], [ 139.674767, 35.771769 ], [ 139.674628, 35.771744 ], [ 139.674593, 35.77175 ], [ 139.674405, 35.771731 ], [ 139.674203, 35.77168 ], [ 139.673941, 35.771593 ], [ 139.673566, 35.771538 ], [ 139.67349, 35.771572 ], [ 139.673366, 35.771795 ], [ 139.67322, 35.772028 ], [ 139.673252, 35.772143 ], [ 139.673239, 35.772351 ], [ 139.673104, 35.77239 ], [ 139.672998, 35.772437 ], [ 139.673117, 35.772523 ], [ 139.673203, 35.772628 ], [ 139.673228, 35.772715 ], [ 139.673216, 35.772807 ], [ 139.673401, 35.773153 ], [ 139.673418, 35.773185 ], [ 139.673523, 35.773445 ], [ 139.673635, 35.773629 ], [ 139.673694, 35.773841 ], [ 139.673695, 35.773917 ], [ 139.67369, 35.774038 ], [ 139.67371, 35.774259 ], [ 139.673759, 35.774358 ], [ 139.673786, 35.774415 ], [ 139.673921, 35.774546 ], [ 139.673961, 35.774611 ], [ 139.674069, 35.77477 ], [ 139.674179, 35.774827 ], [ 139.67441, 35.774904 ], [ 139.674482, 35.774945 ], [ 139.674592, 35.775042 ], [ 139.674598, 35.775056 ], [ 139.674894, 35.775336 ], [ 139.675025, 35.775387 ], [ 139.675264, 35.775507 ], [ 139.675281, 35.775517 ], [ 139.675395, 35.775587 ], [ 139.675578, 35.775778 ], [ 139.675635, 35.775854 ], [ 139.675839, 35.776128 ], [ 139.67588, 35.776148 ], [ 139.675906, 35.7763 ], [ 139.676072, 35.776764 ], [ 139.676263, 35.776559 ], [ 139.676288, 35.77655 ], [ 139.676339, 35.776536 ], [ 139.676442, 35.776507 ], [ 139.676533, 35.776498 ], [ 139.676877, 35.776461 ], [ 139.677264, 35.776418 ], [ 139.67801, 35.776362 ], [ 139.678199, 35.776348 ], [ 139.677948, 35.776271 ], [ 139.677557, 35.776177 ], [ 139.677484, 35.776125 ], [ 139.676934, 35.775788 ], [ 139.676933, 35.775742 ], [ 139.677087, 35.775552 ], [ 139.677434, 35.775166 ], [ 139.677735, 35.774695 ], [ 139.677753, 35.77458 ], [ 139.677749, 35.7745 ], [ 139.677598, 35.773874 ], [ 139.677594, 35.773853 ], [ 139.677586, 35.773837 ], [ 139.67758, 35.773826 ], [ 139.677497, 35.773666 ], [ 139.67738, 35.77344 ], [ 139.677264, 35.773216 ], [ 139.677147, 35.773066 ], [ 139.676818, 35.772726 ], [ 139.67663, 35.772481 ] ] ] } },
{ "type": "Feature", "properties": { "key": "板橋区|蓮根1丁目", "ward": "板橋区", "town": "蓮根一丁目" }, "geometry": { "type": "Polygon", "coordinates": [ [ [ 139.680367, 35.779835 ], [ 139.680738, 35.779297 ], [ 139.680464, 35.779229 ], [ 139.679616, 35.778995 ], [ 139.67901, 35.778829 ], [ 139.678445, 35.778675 ], [ 139.677464, 35.778603 ], [ 139.677194, 35.778584 ], [ 139.677325, 35.77824 ], [ 139.677363, 35.778139 ], [ 139.677409, 35.777995 ], [ 139.677431, 35.777927 ], [ 139.6767, 35.777827 ], [ 139.676504, 35.77782 ], [ 139.676055, 35.777815 ], [ 139.676034, 35.777766 ], [ 139.675969, 35.777275 ], [ 139.675953, 35.777169 ], [ 139.675734, 35.777288 ], [ 139.675271, 35.777554 ], [ 139.674907, 35.777765 ], [ 139.674795, 35.777824 ], [ 139.674403, 35.778039 ], [ 139.67421, 35.778159 ], [ 139.674021, 35.778301 ], [ 139.673991, 35.778332 ], [ 139.673733, 35.778618 ], [ 139.673639, 35.778769 ], [ 139.673552, 35.778942 ], [ 139.673446, 35.779225 ], [ 139.673507, 35.779356 ], [ 139.673586, 35.779676 ], [ 139.673601, 35.779766 ], [ 139.673636, 35.780137 ], [ 139.673643, 35.780362 ], [ 139.67365, 35.780459 ], [ 139.673686, 35.780449 ], [ 139.674008, 35.78043 ], [ 139.674515, 35.780409 ], [ 139.674905, 35.780383 ], [ 139.674913, 35.780378 ], [ 139.675196, 35.780366 ], [ 139.675955, 35.780319 ], [ 139.675959, 35.780319 ], [ 139.67617, 35.780308 ], [ 139.676709, 35.780281 ], [ 139.676778, 35.780277 ], [ 139.677184, 35.780253 ], [ 139.677359, 35.780277 ], [ 139.677708, 35.780317 ], [ 139.677786, 35.780325 ], [ 139.678457, 35.780401 ], [ 139.678674, 35.780426 ], [ 139.679135, 35.780478 ], [ 139.679346, 35.780502 ], [ 139.679873, 35.780561 ], [ 139.680025, 35.780339 ], [ 139.680367, 35.779835 ] ] ] } },
{ "type": "Feature", "properties": { "key": "板橋区|蓮根2丁目", "ward": "板橋区", "town": "蓮根二丁目" }, "geometry": { "type": "Polygon", "coordinates": [ [ [ 139.67917, 35.783696 ], [ 139.67915, 35.783709 ], [ 139.679096, 35.783352 ], [ 139.679116, 35.783329 ], [ 139.679103, 35.783241 ], [ 139.679081, 35.783084 ], [ 139.679071, 35.783016 ], [ 139.679042, 35.782811 ], [ 139.67895, 35.782296 ], [ 139.678924, 35.782104 ], [ 139.679022, 35.781833 ], [ 139.679029, 35.781814 ], [ 139.679393, 35.78127 ], [ 139.679423, 35.781225 ], [ 139.679609, 35.780951 ], [ 139.679873, 35.780561 ], [ 139.679346, 35.780502 ], [ 139.679135, 35.780478 ], [ 139.678674, 35.780426 ], [ 139.678457, 35.780401 ], [ 139.677786, 35.780325 ], [ 139.677708, 35.780317 ], [ 139.677359, 35.780277 ], [ 139.677184, 35.780253 ], [ 139.676778, 35.780277 ], [ 139.676709, 35.780281 ], [ 139.67617, 35.780308 ], [ 139.675959, 35.780319 ], [ 139.675955, 35.780319 ], [ 139.675196, 35.780366 ], [ 139.674913, 35.780378 ], [ 139.674905, 35.780383 ], [ 139.674515, 35.780409 ], [ 139.674008, 35.78043 ], [ 139.673686, 35.780449 ], [ 139.673734, 35.781058 ], [ 139.673747, 35.781212 ], [ 139.673761, 35.781386 ], [ 139.67378, 35.781451 ], [ 139.673786, 35.781472 ], [ 139.673722, 35.781685 ], [ 139.673723, 35.781773 ], [ 139.673789, 35.781767 ], [ 139.673814, 35.782193 ], [ 139.673839, 35.782491 ], [ 139.673855, 35.782805 ], [ 139.673861, 35.782913 ], [ 139.673887, 35.783111 ], [ 139.673954, 35.783625 ], [ 139.673959, 35.783665 ], [ 139.67397, 35.783748 ], [ 139.674027, 35.78418 ], [ 139.674051, 35.784364 ], [ 139.674062, 35.784446 ], [ 139.674082, 35.784602 ], [ 139.67411, 35.784818 ], [ 139.674167, 35.785233 ], [ 139.67424, 35.785752 ], [ 139.675007, 35.785665 ], [ 139.675499, 35.785609 ], [ 139.676105, 35.785555 ], [ 139.676427, 35.785523 ], [ 139.676732, 35.785485 ], [ 139.67713, 35.785445 ], [ 139.677245, 35.785433 ], [ 139.677373, 35.78542 ], [ 139.677399, 35.785418 ], [ 139.677465, 35.785411 ], [ 139.677586, 35.785398 ], [ 139.678037, 35.785352 ], [ 139.678483, 35.785312 ], [ 139.678707, 35.785287 ], [ 139.679358, 35.785222 ], [ 139.679371, 35.7852 ], [ 139.67934, 35.784978 ], [ 139.679331, 35.784911 ], [ 139.679254, 35.784349 ], [ 139.67917, 35.783696 ] ] ] } },
{ "type": "Feature", "properties": { "key": "板橋区|蓮根3丁目", "ward": "板橋区", "town": "蓮根三丁目" }, "geometry": { "type": "Polygon", "coordinates": [ [ [ 139.680084, 35.791123 ], [ 139.680115, 35.790773 ], [ 139.680065, 35.790377 ], [ 139.680029, 35.790087 ], [ 139.679969, 35.789614 ], [ 139.679953, 35.789483 ], [ 139.679893, 35.789053 ], [ 139.679889, 35.789026 ], [ 139.679786, 35.788211 ], [ 139.679738, 35.787973 ], [ 139.67971, 35.787836 ], [ 139.679688, 35.787727 ], [ 139.679687, 35.787722 ], [ 139.679684, 35.7877 ], [ 139.679625, 35.787265 ], [ 139.679604, 35.787104 ], [ 139.679581, 35.786952 ], [ 139.67953, 35.786596 ], [ 139.67956, 35.786565 ], [ 139.679484, 35.786083 ], [ 139.679358, 35.785222 ], [ 139.678707, 35.785287 ], [ 139.678483, 35.785312 ], [ 139.678037, 35.785352 ], [ 139.677586, 35.785398 ], [ 139.677465, 35.785411 ], [ 139.677399, 35.785418 ], [ 139.677373, 35.78542 ], [ 139.677245, 35.785433 ], [ 139.67713, 35.785445 ], [ 139.676732, 35.785485 ], [ 139.676427, 35.785523 ], [ 139.676105, 35.785555 ], [ 139.675499, 35.785609 ], [ 139.675007, 35.785665 ], [ 139.67424, 35.785752 ], [ 139.674238, 35.785779 ], [ 139.674328, 35.786443 ], [ 139.674372, 35.786648 ], [ 139.674382, 35.786695 ], [ 139.674401, 35.786856 ], [ 139.674505, 35.787725 ], [ 139.674514, 35.787793 ], [ 139.674558, 35.788114 ], [ 139.674637, 35.788614 ], [ 139.67452, 35.788815 ], [ 139.674446, 35.788903 ], [ 139.674189, 35.789319 ], [ 139.673935, 35.789761 ], [ 139.673897, 35.789819 ], [ 139.673703, 35.790118 ], [ 139.673524, 35.790416 ], [ 139.673163, 35.790998 ], [ 139.672914, 35.791397 ], [ 139.673346, 35.791331 ], [ 139.673935, 35.791251 ], [ 139.674143, 35.791233 ], [ 139.674485, 35.791218 ], [ 139.674513, 35.791218 ], [ 139.675026, 35.791206 ], [ 139.675191, 35.791206 ], [ 139.675818, 35.791208 ], [ 139.676106, 35.791221 ], [ 139.676471, 35.79126 ], [ 139.676781, 35.791299 ], [ 139.676995, 35.791319 ], [ 139.677449, 35.791391 ], [ 139.678237, 35.791537 ], [ 139.678419, 35.791572 ], [ 139.678889, 35.791659 ], [ 139.679683, 35.791821 ], [ 139.680043, 35.791875 ], [ 139.68006, 35.791701 ], [ 139.680084, 35.791123 ] ] ] } },
{ "type": "Feature", "properties": { "key": "板橋区|相生町", "ward": "板橋区", "town": "相生町" }, "geometry": { "type": "Polygon", "coordinates": [ [ [ 139.683815, 35.77497 ], [ 139.683584, 35.775026 ], [ 139.683464, 35.775055 ], [ 139.682942, 35.775185 ], [ 139.68278, 35.775226 ], [ 139.682482, 35.775291 ], [ 139.682439, 35.775305 ], [ 139.68243, 35.775307 ], [ 139.682191, 35.77537 ], [ 139.68206, 35.775402 ], [ 139.680766, 35.775727 ], [ 139.680628, 35.775761 ], [ 139.680329, 35.775834 ], [ 139.679907, 35.775937 ], [ 139.679452, 35.776041 ], [ 139.679037, 35.776149 ], [ 139.678949, 35.776169 ], [ 139.678466, 35.776277 ], [ 139.67841, 35.776305 ], [ 139.678199, 35.776348 ], [ 139.67801, 35.776362 ], [ 139.677264, 35.776418 ], [ 139.676877, 35.776461 ], [ 139.676533, 35.776498 ], [ 139.676442, 35.776507 ], [ 139.676339, 35.776536 ], [ 139.676288, 35.77655 ], [ 139.676263, 35.776559 ], [ 139.676072, 35.776764 ], [ 139.675922, 35.776958 ], [ 139.675953, 35.777169 ], [ 139.675969, 35.777275 ], [ 139.676034, 35.777766 ], [ 139.676055, 35.777815 ], [ 139.676504, 35.77782 ], [ 139.6767, 35.777827 ], [ 139.677431, 35.777927 ], [ 139.677409, 35.777995 ], [ 139.677363, 35.778139 ], [ 139.677325, 35.77824 ], [ 139.677194, 35.778584 ], [ 139.677464, 35.778603 ], [ 139.678445, 35.778675 ], [ 139.67901, 35.778829 ], [ 139.679616, 35.778995 ], [ 139.680464, 35.779229 ], [ 139.680738, 35.779297 ], [ 139.680759, 35.779266 ], [ 139.681086, 35.778807 ], [ 139.68116, 35.7787 ], [ 139.681208, 35.77863 ], [ 139.681495, 35.778215 ], [ 139.681814, 35.777774 ], [ 139.681828, 35.777755 ], [ 139.681831, 35.777744 ], [ 139.682229, 35.777151 ], [ 139.682455, 35.776823 ], [ 139.682547, 35.776691 ], [ 139.68268, 35.776519 ], [ 139.682817, 35.776312 ], [ 139.682989, 35.776052 ], [ 139.683131, 35.775847 ], [ 139.683287, 35.77562 ], [ 139.683401, 35.775454 ], [ 139.683544, 35.775233 ], [ 139.683602, 35.775169 ], [ 139.683815, 35.77497 ] ] ] } },
{ "type": "Feature", "properties": { "key": "板橋区|前野町1丁目", "ward": "板橋区", "town": "前野町一丁目" }, "geometry": { "type": "Polygon", "coordinates": [ [ [ 139.697546, 35.762655 ], [ 139.697245, 35.762603 ], [ 139.696859, 35.76259 ], [ 139.696608, 35.762639 ], [ 139.696589, 35.762645 ], [ 139.696074, 35.76278 ], [ 139.695747, 35.762859 ], [ 139.695681, 35.762875 ], [ 139.695366, 35.762932 ], [ 139.69523, 35.762957 ], [ 139.69511, 35.762975 ], [ 139.694978, 35.762995 ], [ 139.694772, 35.76301 ], [ 139.694628, 35.763006 ], [ 139.694558, 35.762999 ], [ 139.694092, 35.763014 ], [ 139.693869, 35.763025 ], [ 139.693619, 35.763037 ], [ 139.69356, 35.76304 ], [ 139.693326, 35.76305 ], [ 139.693064, 35.763061 ], [ 139.692487, 35.763117 ], [ 139.692444, 35.763121 ], [ 139.692241, 35.76314 ], [ 139.691611, 35.763264 ], [ 139.691606, 35.763265 ], [ 139.69175, 35.763544 ], [ 139.691873, 35.763829 ], [ 139.692009, 35.764117 ], [ 139.69228, 35.764632 ], [ 139.693064, 35.765521 ], [ 139.693091, 35.765562 ], [ 139.693278, 35.765763 ], [ 139.693386, 35.76588 ], [ 139.693483, 35.765985 ], [ 139.693491, 35.765996 ], [ 139.693728, 35.766308 ], [ 139.693819, 35.766435 ], [ 139.694213, 35.766987 ], [ 139.694216, 35.766991 ], [ 139.694423, 35.767264 ], [ 139.694493, 35.767409 ], [ 139.694597, 35.767691 ], [ 139.694834, 35.767665 ], [ 139.694873, 35.76765 ], [ 139.695028, 35.767592 ], [ 139.695044, 35.767585 ], [ 139.695302, 35.767437 ], [ 139.695374, 35.76739 ], [ 139.695428, 35.767353 ], [ 139.695584, 35.767257 ], [ 139.695874, 35.767081 ], [ 139.696007, 35.767005 ], [ 139.696159, 35.766924 ], [ 139.696415, 35.766825 ], [ 139.696774, 35.76669 ], [ 139.696924, 35.766635 ], [ 139.697546, 35.766405 ], [ 139.69768, 35.766311 ], [ 139.697815, 35.766173 ], [ 139.698025, 35.765881 ], [ 139.698112, 35.765625 ], [ 139.698124, 35.765559 ], [ 139.698125, 35.765545 ], [ 139.698128, 35.765473 ], [ 139.698181, 35.765383 ], [ 139.698402, 35.765125 ], [ 139.698406, 35.765122 ], [ 139.698283, 35.76506 ], [ 139.697955, 35.764948 ], [ 139.697852, 35.764924 ], [ 139.69756, 35.764873 ], [ 139.697425, 35.764841 ], [ 139.697239, 35.764723 ], [ 139.697203, 35.764694 ], [ 139.696957, 35.764602 ], [ 139.696718, 35.764508 ], [ 139.696398, 35.764383 ], [ 139.696379, 35.764375 ], [ 139.696605, 35.764187 ], [ 139.697039, 35.763802 ], [ 139.697132, 35.763702 ], [ 139.697241, 35.763572 ], [ 139.697511, 35.763239 ], [ 139.697406, 35.763172 ], [ 139.697546, 35.762655 ] ] ] } },
{ "type": "Feature", "properties": { "key": "板橋区|前野町2丁目", "ward": "板橋区", "town": "前野町二丁目" }, "geometry": { "type": "Polygon", "coordinates": [ [ [ 139.69175, 35.763544 ], [ 139.691606, 35.763265 ], [ 139.691169, 35.763312 ], [ 139.691031, 35.763321 ], [ 139.690964, 35.763326 ], [ 139.690583, 35.763304 ], [ 139.690464, 35.763311 ], [ 139.690324, 35.76332 ], [ 139.690321, 35.763302 ], [ 139.690082, 35.763313 ], [ 139.689817, 35.763346 ], [ 139.689647, 35.763368 ], [ 139.68957, 35.763378 ], [ 139.688913, 35.763473 ], [ 139.688866, 35.76348 ], [ 139.688397, 35.763529 ], [ 139.687963, 35.763554 ], [ 139.68784, 35.763557 ], [ 139.68744, 35.763565 ], [ 139.687302, 35.763564 ], [ 139.686807, 35.763568 ], [ 139.686802, 35.763577 ], [ 139.686673, 35.764271 ], [ 139.686646, 35.76451 ], [ 139.686608, 35.76472 ], [ 139.68661, 35.764744 ], [ 139.686622, 35.764921 ], [ 139.686641, 35.765039 ], [ 139.686687, 35.765241 ], [ 139.686722, 35.765473 ], [ 139.686743, 35.765672 ], [ 139.686779, 35.765787 ], [ 139.686802, 35.765861 ], [ 139.686853, 35.766043 ], [ 139.686923, 35.766292 ], [ 139.686959, 35.766418 ], [ 139.687069, 35.766677 ], [ 139.687097, 35.766864 ], [ 139.687373, 35.76739 ], [ 139.687406, 35.767453 ], [ 139.687414, 35.767457 ], [ 139.688435, 35.767963 ], [ 139.688662, 35.768136 ], [ 139.688853, 35.768281 ], [ 139.689051, 35.768432 ], [ 139.68931, 35.768643 ], [ 139.689336, 35.768649 ], [ 139.689631, 35.768462 ], [ 139.6898, 35.768355 ], [ 139.689935, 35.768257 ], [ 139.690475, 35.76787 ], [ 139.69049, 35.767859 ], [ 139.690805, 35.767575 ], [ 139.69085, 35.767539 ], [ 139.691216, 35.767411 ], [ 139.691225, 35.767408 ], [ 139.691181, 35.767112 ], [ 139.691224, 35.767069 ], [ 139.691389, 35.7669 ], [ 139.691476, 35.766813 ], [ 139.691614, 35.766676 ], [ 139.691879, 35.76654 ], [ 139.691901, 35.76653 ], [ 139.691702, 35.766356 ], [ 139.691911, 35.766237 ], [ 139.692092, 35.766133 ], [ 139.692353, 35.765984 ], [ 139.692443, 35.765932 ], [ 139.692709, 35.76578 ], [ 139.692824, 35.765714 ], [ 139.693091, 35.765562 ], [ 139.693064, 35.765521 ], [ 139.69228, 35.764632 ], [ 139.692009, 35.764117 ], [ 139.691873, 35.763829 ], [ 139.69175, 35.763544 ] ] ] } },
{ "type": "Feature", "properties": { "key": "板橋区|前野町3丁目", "ward": "板橋区", "town": "前野町三丁目" }, "geometry": { "type": "Polygon", "coordinates": [ [ [ 139.695606, 35.771896 ], [ 139.695727, 35.771911 ], [ 139.695827, 35.771939 ], [ 139.696591, 35.771141 ], [ 139.696597, 35.771135 ], [ 139.696887, 35.770825 ], [ 139.697047, 35.770655 ], [ 139.697292, 35.770395 ], [ 139.696949, 35.770311 ], [ 139.69649, 35.770198 ], [ 139.696024, 35.770084 ], [ 139.695983, 35.770047 ], [ 139.695786, 35.769898 ], [ 139.695778, 35.769893 ], [ 139.6955, 35.769688 ], [ 139.695287, 35.769333 ], [ 139.695094, 35.768883 ], [ 139.695088, 35.768869 ], [ 139.694853, 35.768316 ], [ 139.694846, 35.768316 ], [ 139.694714, 35.768016 ], [ 139.694597, 35.767691 ], [ 139.694493, 35.767409 ], [ 139.694423, 35.767264 ], [ 139.694216, 35.766991 ], [ 139.694213, 35.766987 ], [ 139.693819, 35.766435 ], [ 139.693728, 35.766308 ], [ 139.693491, 35.765996 ], [ 139.693483, 35.765985 ], [ 139.693386, 35.76588 ], [ 139.693278, 35.765763 ], [ 139.693091, 35.765562 ], [ 139.692824, 35.765714 ], [ 139.692709, 35.76578 ], [ 139.692443, 35.765932 ], [ 139.692353, 35.765984 ], [ 139.692092, 35.766133 ], [ 139.691911, 35.766237 ], [ 139.691702, 35.766356 ], [ 139.691901, 35.76653 ], [ 139.691879, 35.76654 ], [ 139.691614, 35.766676 ], [ 139.691476, 35.766813 ], [ 139.691389, 35.7669 ], [ 139.691224, 35.767069 ], [ 139.691181, 35.767112 ], [ 139.691225, 35.767408 ], [ 139.691216, 35.767411 ], [ 139.69085, 35.767539 ], [ 139.690805, 35.767575 ], [ 139.69049, 35.767859 ], [ 139.690475, 35.76787 ], [ 139.689935, 35.768257 ], [ 139.6898, 35.768355 ], [ 139.689631, 35.768462 ], [ 139.689336, 35.768649 ], [ 139.68931, 35.768643 ], [ 139.689663, 35.768914 ], [ 139.689665, 35.768915 ], [ 139.69024, 35.769357 ], [ 139.69047, 35.769554 ], [ 139.69086, 35.769847 ], [ 139.6912, 35.770121 ], [ 139.69147, 35.770338 ], [ 139.691949, 35.770727 ], [ 139.692544, 35.771193 ], [ 139.692783, 35.77138 ], [ 139.693081, 35.771625 ], [ 139.693267, 35.771768 ], [ 139.693283, 35.771781 ], [ 139.69358, 35.772016 ], [ 139.693681, 35.772091 ], [ 139.69374, 35.772121 ], [ 139.693814, 35.772159 ], [ 139.693987, 35.772228 ], [ 139.694175, 35.772282 ], [ 139.694255, 35.772301 ], [ 139.694366, 35.772291 ], [ 139.694775, 35.772154 ], [ 139.694783, 35.772151 ], [ 139.695137, 35.771989 ], [ 139.695292, 35.771923 ], [ 139.695318, 35.771917 ], [ 139.695606, 35.771896 ] ] ] } },
{ "type": "Feature", "properties": { "key": "板橋区|前野町4丁目", "ward": "板橋区", "town": "前野町四丁目" }, "geometry": { "type": "Polygon", "coordinates": [ [ [ 139.687909, 35.774053 ], [ 139.68868, 35.77416 ], [ 139.68894, 35.774203 ], [ 139.689022, 35.7742 ], [ 139.689945, 35.774023 ], [ 139.689982, 35.774012 ], [ 139.690177, 35.773954 ], [ 139.690185, 35.773949 ], [ 139.690507, 35.773777 ], [ 139.69071, 35.773685 ], [ 139.690835, 35.773628 ], [ 139.691061, 35.773524 ], [ 139.691169, 35.773475 ], [ 139.691534, 35.773301 ], [ 139.691693, 35.773274 ], [ 139.691913, 35.773237 ], [ 139.692115, 35.773203 ], [ 139.692362, 35.773177 ], [ 139.692595, 35.773147 ], [ 139.69286, 35.773115 ], [ 139.69295, 35.773146 ], [ 139.69306, 35.773204 ], [ 139.693173, 35.773309 ], [ 139.693231, 35.773404 ], [ 139.693563, 35.773723 ], [ 139.693772, 35.773891 ], [ 139.69389, 35.773951 ], [ 139.693926, 35.773955 ], [ 139.694123, 35.773711 ], [ 139.694671, 35.773156 ], [ 139.695058, 35.772739 ], [ 139.695812, 35.771956 ], [ 139.695827, 35.771939 ], [ 139.695727, 35.771911 ], [ 139.695606, 35.771896 ], [ 139.695318, 35.771917 ], [ 139.695292, 35.771923 ], [ 139.695137, 35.771989 ], [ 139.694783, 35.772151 ], [ 139.694775, 35.772154 ], [ 139.694366, 35.772291 ], [ 139.694255, 35.772301 ], [ 139.694175, 35.772282 ], [ 139.693987, 35.772228 ], [ 139.693814, 35.772159 ], [ 139.69374, 35.772121 ], [ 139.693681, 35.772091 ], [ 139.69358, 35.772016 ], [ 139.693283, 35.771781 ], [ 139.693267, 35.771768 ], [ 139.693081, 35.771625 ], [ 139.692783, 35.77138 ], [ 139.692544, 35.771193 ], [ 139.691949, 35.770727 ], [ 139.69147, 35.770338 ], [ 139.6912, 35.770121 ], [ 139.69086, 35.769847 ], [ 139.69047, 35.769554 ], [ 139.69024, 35.769357 ], [ 139.689665, 35.768915 ], [ 139.689663, 35.768914 ], [ 139.68931, 35.768643 ], [ 139.688974, 35.768869 ], [ 139.688427, 35.769043 ], [ 139.687772, 35.76922 ], [ 139.687803, 35.769516 ], [ 139.687822, 35.769626 ], [ 139.687878, 35.769826 ], [ 139.68796, 35.770264 ], [ 139.68796, 35.770316 ], [ 139.687961, 35.770345 ], [ 139.687934, 35.770648 ], [ 139.687914, 35.770767 ], [ 139.687872, 35.771207 ], [ 139.688089, 35.771484 ], [ 139.688095, 35.771491 ], [ 139.688155, 35.771552 ], [ 139.68836, 35.771727 ], [ 139.688457, 35.771795 ], [ 139.688137, 35.772052 ], [ 139.688048, 35.772134 ], [ 139.68783, 35.77237 ], [ 139.687774, 35.772433 ], [ 139.687561, 35.772674 ], [ 139.687556, 35.772684 ], [ 139.687381, 35.772888 ], [ 139.68713, 35.773179 ], [ 139.686982, 35.773345 ], [ 139.686932, 35.773384 ], [ 139.686629, 35.773735 ], [ 139.686548, 35.773828 ], [ 139.686287, 35.774129 ], [ 139.686228, 35.7742 ], [ 139.686234, 35.77435 ], [ 139.686595, 35.774302 ], [ 139.686937, 35.7743 ], [ 139.687162, 35.774327 ], [ 139.68736, 35.77435 ], [ 139.687825, 35.774418 ], [ 139.68784, 35.774414 ], [ 139.687909, 35.774053 ] ] ] } },
{ "type": "Feature", "properties": { "key": "板橋区|前野町5丁目", "ward": "板橋区", "town": "前野町五丁目" }, "geometry": { "type": "Polygon", "coordinates": [ [ [ 139.68707, 35.768505 ], [ 139.686934, 35.768512 ], [ 139.686685, 35.768546 ], [ 139.686455, 35.768577 ], [ 139.685818, 35.768671 ], [ 139.685402, 35.768705 ], [ 139.685049, 35.768745 ], [ 139.684919, 35.768797 ], [ 139.684618, 35.768844 ], [ 139.684613, 35.768845 ], [ 139.68425, 35.768904 ], [ 139.683979, 35.768965 ], [ 139.683957, 35.768973 ], [ 139.683876, 35.76904 ], [ 139.68367, 35.769263 ], [ 139.683596, 35.769367 ], [ 139.68356, 35.76946 ], [ 139.683588, 35.769626 ], [ 139.683687, 35.769837 ], [ 139.683674, 35.769877 ], [ 139.683662, 35.769892 ], [ 139.683424, 35.770101 ], [ 139.683228, 35.770239 ], [ 139.683521, 35.770983 ], [ 139.683582, 35.771144 ], [ 139.6836, 35.77119 ], [ 139.683892, 35.771921 ], [ 139.684119, 35.772487 ], [ 139.684141, 35.772543 ], [ 139.684061, 35.772564 ], [ 139.684055, 35.772565 ], [ 139.683671, 35.772662 ], [ 139.68369, 35.772727 ], [ 139.683877, 35.773009 ], [ 139.683994, 35.773134 ], [ 139.684068, 35.773261 ], [ 139.684087, 35.77334 ], [ 139.684109, 35.773437 ], [ 139.684124, 35.773596 ], [ 139.684132, 35.773718 ], [ 139.684133, 35.773726 ], [ 139.684089, 35.773875 ], [ 139.68403, 35.774045 ], [ 139.684052, 35.774185 ], [ 139.684061, 35.774243 ], [ 139.684049, 35.774252 ], [ 139.683989, 35.774291 ], [ 139.683889, 35.774445 ], [ 139.683844, 35.774605 ], [ 139.683827, 35.774835 ], [ 139.683847, 35.774949 ], [ 139.684235, 35.774858 ], [ 139.684352, 35.774826 ], [ 139.684417, 35.774809 ], [ 139.685081, 35.774633 ], [ 139.685156, 35.774621 ], [ 139.685441, 35.774548 ], [ 139.68573, 35.774481 ], [ 139.686234, 35.774355 ], [ 139.686234, 35.77435 ], [ 139.686228, 35.7742 ], [ 139.686287, 35.774129 ], [ 139.686548, 35.773828 ], [ 139.686629, 35.773735 ], [ 139.686932, 35.773384 ], [ 139.686982, 35.773345 ], [ 139.68713, 35.773179 ], [ 139.687381, 35.772888 ], [ 139.687556, 35.772684 ], [ 139.687561, 35.772674 ], [ 139.687774, 35.772433 ], [ 139.68783, 35.77237 ], [ 139.688048, 35.772134 ], [ 139.688137, 35.772052 ], [ 139.688457, 35.771795 ], [ 139.68836, 35.771727 ], [ 139.688155, 35.771552 ], [ 139.688095, 35.771491 ], [ 139.688089, 35.771484 ], [ 139.687872, 35.771207 ], [ 139.687914, 35.770767 ], [ 139.687934, 35.770648 ], [ 139.687961, 35.770345 ], [ 139.68796, 35.770316 ], [ 139.68796, 35.770264 ], [ 139.687878, 35.769826 ], [ 139.687822, 35.769626 ], [ 139.687803, 35.769516 ], [ 139.687772, 35.76922 ], [ 139.688427, 35.769043 ], [ 139.688401, 35.769027 ], [ 139.688274, 35.768867 ], [ 139.688076, 35.768705 ], [ 139.687909, 35.768623 ], [ 139.687787, 35.768576 ], [ 139.687401, 35.768507 ], [ 139.68707, 35.768505 ] ] ] } },
{ "type": "Feature", "properties": { "key": "板橋区|前野町6丁目", "ward": "板橋区", "town": "前野町六丁目" }, "geometry": { "type": "Polygon", "coordinates": [ [ [ 139.68707, 35.768505 ], [ 139.687401, 35.768507 ], [ 139.687787, 35.768576 ], [ 139.687909, 35.768623 ], [ 139.688076, 35.768705 ], [ 139.688274, 35.768867 ], [ 139.688401, 35.769027 ], [ 139.688427, 35.769043 ], [ 139.688974, 35.768869 ], [ 139.68931, 35.768643 ], [ 139.689051, 35.768432 ], [ 139.688853, 35.768281 ], [ 139.688662, 35.768136 ], [ 139.688435, 35.767963 ], [ 139.687414, 35.767457 ], [ 139.687406, 35.767453 ], [ 139.687373, 35.76739 ], [ 139.687097, 35.766864 ], [ 139.687069, 35.766677 ], [ 139.686959, 35.766418 ], [ 139.686923, 35.766292 ], [ 139.686853, 35.766043 ], [ 139.686802, 35.765861 ], [ 139.686779, 35.765787 ], [ 139.686743, 35.765672 ], [ 139.686722, 35.765473 ], [ 139.686687, 35.765241 ], [ 139.686641, 35.765039 ], [ 139.686622, 35.764921 ], [ 139.68661, 35.764744 ], [ 139.686608, 35.76472 ], [ 139.686646, 35.76451 ], [ 139.686673, 35.764271 ], [ 139.686802, 35.763577 ], [ 139.686459, 35.763577 ], [ 139.686058, 35.763596 ], [ 139.685469, 35.76362 ], [ 139.685213, 35.763639 ], [ 139.685034, 35.763633 ], [ 139.684562, 35.763635 ], [ 139.684242, 35.763641 ], [ 139.684043, 35.76369 ], [ 139.68402, 35.763701 ], [ 139.683728, 35.763839 ], [ 139.683383, 35.763983 ], [ 139.683183, 35.764057 ], [ 139.683087, 35.76409 ], [ 139.68283, 35.764176 ], [ 139.68264, 35.764232 ], [ 139.682277, 35.764331 ], [ 139.682252, 35.764338 ], [ 139.682311, 35.764432 ], [ 139.682365, 35.764565 ], [ 139.682519, 35.764794 ], [ 139.682604, 35.764909 ], [ 139.682671, 35.765066 ], [ 139.682681, 35.765119 ], [ 139.682707, 35.76544 ], [ 139.682717, 35.765524 ], [ 139.68277, 35.765912 ], [ 139.682766, 35.766024 ], [ 139.682732, 35.766083 ], [ 139.682624, 35.76614 ], [ 139.682489, 35.766244 ], [ 139.682334, 35.76643 ], [ 139.682205, 35.766644 ], [ 139.682202, 35.766754 ], [ 139.682254, 35.767081 ], [ 139.682261, 35.767108 ], [ 139.68225, 35.767215 ], [ 139.682254, 35.767291 ], [ 139.682255, 35.767314 ], [ 139.682326, 35.767536 ], [ 139.682326, 35.767595 ], [ 139.682335, 35.767745 ], [ 139.682393, 35.767851 ], [ 139.682411, 35.767922 ], [ 139.682417, 35.767989 ], [ 139.682323, 35.768348 ], [ 139.682208, 35.768601 ], [ 139.682074, 35.768692 ], [ 139.682197, 35.768831 ], [ 139.682235, 35.768912 ], [ 139.682367, 35.769072 ], [ 139.682486, 35.769157 ], [ 139.682629, 35.769294 ], [ 139.682842, 35.76947 ], [ 139.682912, 35.769534 ], [ 139.682989, 35.769657 ], [ 139.683025, 35.769755 ], [ 139.683059, 35.769837 ], [ 139.683204, 35.770179 ], [ 139.683214, 35.770203 ], [ 139.683228, 35.770239 ], [ 139.683424, 35.770101 ], [ 139.683662, 35.769892 ], [ 139.683674, 35.769877 ], [ 139.683687, 35.769837 ], [ 139.683588, 35.769626 ], [ 139.68356, 35.76946 ], [ 139.683596, 35.769367 ], [ 139.68367, 35.769263 ], [ 139.683876, 35.76904 ], [ 139.683957, 35.768973 ], [ 139.683979, 35.768965 ], [ 139.68425, 35.768904 ], [ 139.684613, 35.768845 ], [ 139.684618, 35.768844 ], [ 139.684919, 35.768797 ], [ 139.685049, 35.768745 ], [ 139.685402, 35.768705 ], [ 139.685818, 35.768671 ], [ 139.686455, 35.768577 ], [ 139.686685, 35.768546 ], [ 139.686934, 35.768512 ], [ 139.68707, 35.768505 ] ] ] } },
{ "type": "Feature", "properties": { "key": "板橋区|赤塚1丁目", "ward": "板橋区", "town": "赤塚一丁目" }, "geometry": { "type": "Polygon", "coordinates": [ [ [ 139.649104, 35.773421 ], [ 139.649401, 35.773424 ], [ 139.649547, 35.773451 ], [ 139.649736, 35.773515 ], [ 139.650087, 35.773643 ], [ 139.65054, 35.77376 ], [ 139.650689, 35.77367 ], [ 139.650726, 35.77346 ], [ 139.650757, 35.77322 ], [ 139.650864, 35.772989 ], [ 139.650916, 35.772835 ], [ 139.651079, 35.7726 ], [ 139.651164, 35.772341 ], [ 139.65133, 35.771762 ], [ 139.65132, 35.771745 ], [ 139.651451, 35.771387 ], [ 139.651624, 35.770858 ], [ 139.651639, 35.770814 ], [ 139.651749, 35.77049 ], [ 139.651788, 35.770376 ], [ 139.65183, 35.770205 ], [ 139.651844, 35.770154 ], [ 139.65188, 35.770021 ], [ 139.651937, 35.769733 ], [ 139.651968, 35.76962 ], [ 139.651972, 35.76944 ], [ 139.65197, 35.769419 ], [ 139.651185, 35.769442 ], [ 139.650859, 35.769458 ], [ 139.65033, 35.769481 ], [ 139.64979, 35.769515 ], [ 139.649516, 35.76955 ], [ 139.649231, 35.769559 ], [ 139.649016, 35.769581 ], [ 139.648803, 35.769594 ], [ 139.648763, 35.769599 ], [ 139.648445, 35.769643 ], [ 139.648033, 35.769687 ], [ 139.648026, 35.769688 ], [ 139.647586, 35.769752 ], [ 139.647265, 35.769813 ], [ 139.647072, 35.76985 ], [ 139.646446, 35.770002 ], [ 139.646184, 35.770073 ], [ 139.645808, 35.770164 ], [ 139.645476, 35.770278 ], [ 139.645564, 35.770708 ], [ 139.64557, 35.770737 ], [ 139.645623, 35.770947 ], [ 139.645692, 35.771222 ], [ 139.645731, 35.771358 ], [ 139.64588, 35.771668 ], [ 139.645983, 35.771857 ], [ 139.645999, 35.771887 ], [ 139.646058, 35.771976 ], [ 139.646171, 35.772198 ], [ 139.646303, 35.772515 ], [ 139.646374, 35.772848 ], [ 139.646449, 35.77329 ], [ 139.646455, 35.773307 ], [ 139.646641, 35.773347 ], [ 139.646828, 35.773402 ], [ 139.646946, 35.773458 ], [ 139.647068, 35.773557 ], [ 139.647229, 35.773743 ], [ 139.647276, 35.773784 ], [ 139.647548, 35.773714 ], [ 139.647748, 35.773708 ], [ 139.647941, 35.77368 ], [ 139.648103, 35.773632 ], [ 139.648275, 35.773556 ], [ 139.648521, 35.773487 ], [ 139.648744, 35.77345 ], [ 139.648807, 35.773444 ], [ 139.649104, 35.773421 ] ] ] } },
{ "type": "Feature", "properties": { "key": "板橋区|赤塚2丁目", "ward": "板橋区", "town": "赤塚二丁目" }, "geometry": { "type": "Polygon", "coordinates": [ [ [ 139.642702, 35.773699 ], [ 139.642726, 35.7737 ], [ 139.642865, 35.773693 ], [ 139.643034, 35.773737 ], [ 139.643291, 35.773856 ], [ 139.643663, 35.774055 ], [ 139.643804, 35.773864 ], [ 139.643806, 35.773836 ], [ 139.643966, 35.773784 ], [ 139.644232, 35.773677 ], [ 139.644468, 35.773576 ], [ 139.644553, 35.773539 ], [ 139.644907, 35.773258 ], [ 139.645223, 35.773026 ], [ 139.645262, 35.773038 ], [ 139.645357, 35.773073 ], [ 139.64557, 35.773122 ], [ 139.645737, 35.773129 ], [ 139.646141, 35.773213 ], [ 139.646449, 35.77329 ], [ 139.646374, 35.772848 ], [ 139.646303, 35.772515 ], [ 139.646171, 35.772198 ], [ 139.646058, 35.771976 ], [ 139.645999, 35.771887 ], [ 139.645983, 35.771857 ], [ 139.64588, 35.771668 ], [ 139.645731, 35.771358 ], [ 139.645692, 35.771222 ], [ 139.645623, 35.770947 ], [ 139.64557, 35.770737 ], [ 139.645564, 35.770708 ], [ 139.645476, 35.770278 ], [ 139.644566, 35.770603 ], [ 139.644084, 35.770837 ], [ 139.643887, 35.770929 ], [ 139.6438, 35.77097 ], [ 139.643024, 35.771332 ], [ 139.643016, 35.771336 ], [ 139.642581, 35.771526 ], [ 139.642414, 35.771603 ], [ 139.64203, 35.771778 ], [ 139.642019, 35.771783 ], [ 139.641776, 35.771896 ], [ 139.641384, 35.772078 ], [ 139.641123, 35.772223 ], [ 139.640932, 35.772337 ], [ 139.640896, 35.772357 ], [ 139.640397, 35.772621 ], [ 139.640385, 35.772629 ], [ 139.640028, 35.772848 ], [ 139.639762, 35.773016 ], [ 139.63966, 35.773095 ], [ 139.639366, 35.773279 ], [ 139.639095, 35.773465 ], [ 139.638727, 35.773705 ], [ 139.638715, 35.773713 ], [ 139.638042, 35.77418 ], [ 139.638024, 35.774198 ], [ 139.637759, 35.774366 ], [ 139.637457, 35.774575 ], [ 139.6371, 35.774818 ], [ 139.637428, 35.775061 ], [ 139.637666, 35.775232 ], [ 139.63775, 35.775293 ], [ 139.63807, 35.775522 ], [ 139.638541, 35.77585 ], [ 139.638951, 35.776102 ], [ 139.63906, 35.776152 ], [ 139.639161, 35.776198 ], [ 139.639189, 35.776212 ], [ 139.639731, 35.776523 ], [ 139.640076, 35.776693 ], [ 139.640226, 35.776767 ], [ 139.640263, 35.776785 ], [ 139.640897, 35.777115 ], [ 139.641288, 35.777306 ], [ 139.641728, 35.777542 ], [ 139.641793, 35.777309 ], [ 139.641818, 35.777182 ], [ 139.641807, 35.776962 ], [ 139.641807, 35.77695 ], [ 139.641729, 35.776761 ], [ 139.641577, 35.776418 ], [ 139.641574, 35.776407 ], [ 139.641508, 35.776207 ], [ 139.641478, 35.775995 ], [ 139.64136, 35.775794 ], [ 139.641381, 35.775662 ], [ 139.641633, 35.775338 ], [ 139.64166, 35.775212 ], [ 139.642026, 35.774576 ], [ 139.642209, 35.77433 ], [ 139.642404, 35.774081 ], [ 139.642489, 35.773972 ], [ 139.642702, 35.773699 ] ] ] } },
{ "type": "Feature", "properties": { "key": "板橋区|赤塚3丁目", "ward": "板橋区", "town": "赤塚三丁目" }, "geometry": { "type": "Polygon", "coordinates": [ [ [ 139.6371, 35.774818 ], [ 139.636805, 35.775023 ], [ 139.636609, 35.775158 ], [ 139.636553, 35.775196 ], [ 139.636502, 35.775231 ], [ 139.636279, 35.775384 ], [ 139.63618, 35.77545 ], [ 139.635913, 35.775633 ], [ 139.635598, 35.775848 ], [ 139.634937, 35.776274 ], [ 139.634944, 35.776284 ], [ 139.635123, 35.776525 ], [ 139.635139, 35.776546 ], [ 139.635273, 35.776721 ], [ 139.635447, 35.77695 ], [ 139.635892, 35.777539 ], [ 139.635905, 35.777557 ], [ 139.636017, 35.777707 ], [ 139.636366, 35.778179 ], [ 139.636377, 35.778194 ], [ 139.636721, 35.778648 ], [ 139.636285, 35.779128 ], [ 139.636273, 35.779139 ], [ 139.636021, 35.779405 ], [ 139.635931, 35.779506 ], [ 139.63584, 35.779609 ], [ 139.635832, 35.779618 ], [ 139.635414, 35.780053 ], [ 139.635438, 35.780066 ], [ 139.63556, 35.780136 ], [ 139.635688, 35.780265 ], [ 139.635852, 35.780649 ], [ 139.635937, 35.780816 ], [ 139.635941, 35.780821 ], [ 139.636037, 35.780928 ], [ 139.636367, 35.781298 ], [ 139.636804, 35.781646 ], [ 139.637299, 35.78204 ], [ 139.637436, 35.782133 ], [ 139.637561, 35.782203 ], [ 139.637683, 35.782273 ], [ 139.638035, 35.782481 ], [ 139.637931, 35.781684 ], [ 139.637927, 35.781681 ], [ 139.638322, 35.781172 ], [ 139.638326, 35.781167 ], [ 139.638692, 35.78071 ], [ 139.63872, 35.780675 ], [ 139.639034, 35.780339 ], [ 139.639155, 35.780209 ], [ 139.639205, 35.780156 ], [ 139.639502, 35.779841 ], [ 139.639651, 35.77969 ], [ 139.639675, 35.779666 ], [ 139.639712, 35.779628 ], [ 139.639377, 35.779411 ], [ 139.639711, 35.779285 ], [ 139.63973, 35.77927 ], [ 139.639946, 35.779104 ], [ 139.640434, 35.778726 ], [ 139.640693, 35.778563 ], [ 139.640743, 35.778532 ], [ 139.64123, 35.778239 ], [ 139.641604, 35.777716 ], [ 139.641728, 35.777542 ], [ 139.641288, 35.777306 ], [ 139.640897, 35.777115 ], [ 139.640263, 35.776785 ], [ 139.640226, 35.776767 ], [ 139.640076, 35.776693 ], [ 139.639731, 35.776523 ], [ 139.639189, 35.776212 ], [ 139.639161, 35.776198 ], [ 139.63906, 35.776152 ], [ 139.638951, 35.776102 ], [ 139.638541, 35.77585 ], [ 139.63807, 35.775522 ], [ 139.63775, 35.775293 ], [ 139.637666, 35.775232 ], [ 139.637428, 35.775061 ], [ 139.6371, 35.774818 ] ] ] } },
{ "type": "Feature", "properties": { "key": "板橋区|赤塚4丁目", "ward": "板橋区", "town": "赤塚四丁目" }, "geometry": { "type": "Polygon", "coordinates": [ [ [ 139.638692, 35.78071 ], [ 139.638326, 35.781167 ], [ 139.638322, 35.781172 ], [ 139.637927, 35.781681 ], [ 139.637931, 35.781684 ], [ 139.638035, 35.782481 ], [ 139.638129, 35.783307 ], [ 139.638134, 35.783351 ], [ 139.638046, 35.78366 ], [ 139.63798, 35.783892 ], [ 139.637914, 35.784126 ], [ 139.637845, 35.784371 ], [ 139.637851, 35.784792 ], [ 139.637857, 35.785138 ], [ 139.637857, 35.785353 ], [ 139.637867, 35.785457 ], [ 139.637876, 35.785555 ], [ 139.63785, 35.786029 ], [ 139.637836, 35.78628 ], [ 139.637825, 35.786479 ], [ 139.637808, 35.786794 ], [ 139.637789, 35.787303 ], [ 139.637763, 35.787694 ], [ 139.637786, 35.788074 ], [ 139.638214, 35.788198 ], [ 139.638615, 35.788092 ], [ 139.638656, 35.788081 ], [ 139.638722, 35.788068 ], [ 139.639085, 35.787879 ], [ 139.639362, 35.787749 ], [ 139.639714, 35.787561 ], [ 139.639736, 35.78754 ], [ 139.640132, 35.787352 ], [ 139.640693, 35.787121 ], [ 139.640971, 35.787011 ], [ 139.641237, 35.786915 ], [ 139.641613, 35.786813 ], [ 139.641925, 35.786686 ], [ 139.642259, 35.786626 ], [ 139.642701, 35.786546 ], [ 139.643212, 35.786466 ], [ 139.643752, 35.786218 ], [ 139.643456, 35.785904 ], [ 139.643399, 35.785813 ], [ 139.64327, 35.785698 ], [ 139.642523, 35.785442 ], [ 139.642378, 35.785409 ], [ 139.642294, 35.785365 ], [ 139.642243, 35.785298 ], [ 139.642215, 35.78521 ], [ 139.642024, 35.784686 ], [ 139.641977, 35.784575 ], [ 139.641961, 35.784534 ], [ 139.641897, 35.78437 ], [ 139.641821, 35.784211 ], [ 139.641614, 35.783843 ], [ 139.641527, 35.783607 ], [ 139.641525, 35.783549 ], [ 139.641517, 35.783502 ], [ 139.641567, 35.783315 ], [ 139.641627, 35.783206 ], [ 139.641852, 35.782922 ], [ 139.641951, 35.782769 ], [ 139.642022, 35.782621 ], [ 139.642001, 35.782405 ], [ 139.641948, 35.782376 ], [ 139.641738, 35.782245 ], [ 139.641555, 35.782137 ], [ 139.641542, 35.78213 ], [ 139.640943, 35.78171 ], [ 139.640051, 35.781202 ], [ 139.639954, 35.781178 ], [ 139.639844, 35.781147 ], [ 139.639697, 35.781105 ], [ 139.639236, 35.780972 ], [ 139.639053, 35.780914 ], [ 139.638997, 35.780896 ], [ 139.638692, 35.78071 ] ] ] } },
{ "type": "Feature", "properties": { "key": "板橋区|赤塚5丁目", "ward": "板橋区", "town": "赤塚五丁目" }, "geometry": { "type": "Polygon", "coordinates": [ [ [ 139.641728, 35.777542 ], [ 139.641604, 35.777716 ], [ 139.64123, 35.778239 ], [ 139.640743, 35.778532 ], [ 139.640693, 35.778563 ], [ 139.640434, 35.778726 ], [ 139.639946, 35.779104 ], [ 139.63973, 35.77927 ], [ 139.639711, 35.779285 ], [ 139.639377, 35.779411 ], [ 139.639712, 35.779628 ], [ 139.639675, 35.779666 ], [ 139.639651, 35.77969 ], [ 139.639502, 35.779841 ], [ 139.639205, 35.780156 ], [ 139.639155, 35.780209 ], [ 139.639034, 35.780339 ], [ 139.63872, 35.780675 ], [ 139.638692, 35.78071 ], [ 139.638997, 35.780896 ], [ 139.639053, 35.780914 ], [ 139.639236, 35.780972 ], [ 139.639697, 35.781105 ], [ 139.639844, 35.781147 ], [ 139.639954, 35.781178 ], [ 139.640051, 35.781202 ], [ 139.640943, 35.78171 ], [ 139.641542, 35.78213 ], [ 139.641555, 35.782137 ], [ 139.641738, 35.782245 ], [ 139.641948, 35.782376 ], [ 139.642001, 35.782405 ], [ 139.642022, 35.782621 ], [ 139.641951, 35.782769 ], [ 139.641852, 35.782922 ], [ 139.641627, 35.783206 ], [ 139.641567, 35.783315 ], [ 139.641517, 35.783502 ], [ 139.641525, 35.783549 ], [ 139.641527, 35.783607 ], [ 139.641614, 35.783843 ], [ 139.641821, 35.784211 ], [ 139.641897, 35.78437 ], [ 139.641961, 35.784534 ], [ 139.641977, 35.784575 ], [ 139.642024, 35.784686 ], [ 139.642215, 35.78521 ], [ 139.642243, 35.785298 ], [ 139.642294, 35.785365 ], [ 139.642378, 35.785409 ], [ 139.642523, 35.785442 ], [ 139.64327, 35.785698 ], [ 139.643399, 35.785813 ], [ 139.643456, 35.785904 ], [ 139.643752, 35.786218 ], [ 139.644403, 35.786 ], [ 139.644289, 35.785824 ], [ 139.644266, 35.785768 ], [ 139.644394, 35.785345 ], [ 139.644624, 35.784477 ], [ 139.644741, 35.784076 ], [ 139.644736, 35.783614 ], [ 139.644864, 35.783251 ], [ 139.644942, 35.78304 ], [ 139.645035, 35.782819 ], [ 139.645066, 35.78274 ], [ 139.645323, 35.782285 ], [ 139.645464, 35.782044 ], [ 139.645655, 35.781826 ], [ 139.645709, 35.781765 ], [ 139.646106, 35.781506 ], [ 139.646431, 35.781295 ], [ 139.646547, 35.781117 ], [ 139.646972, 35.78047 ], [ 139.647011, 35.780384 ], [ 139.647028, 35.780343 ], [ 139.647192, 35.779936 ], [ 139.646841, 35.779855 ], [ 139.646439, 35.779744 ], [ 139.646111, 35.779641 ], [ 139.645733, 35.779496 ], [ 139.645411, 35.779372 ], [ 139.645196, 35.779282 ], [ 139.64513, 35.77925 ], [ 139.644785, 35.779067 ], [ 139.64431, 35.778834 ], [ 139.643986, 35.778676 ], [ 139.643649, 35.778506 ], [ 139.643497, 35.778425 ], [ 139.643294, 35.778334 ], [ 139.642988, 35.778182 ], [ 139.642707, 35.778034 ], [ 139.642537, 35.777945 ], [ 139.642392, 35.777885 ], [ 139.642143, 35.777755 ], [ 139.642069, 35.777717 ], [ 139.641728, 35.777542 ] ] ] } },
{ "type": "Feature", "properties": { "key": "板橋区|赤塚6丁目", "ward": "板橋区", "town": "赤塚六丁目" }, "geometry": { "type": "Polygon", "coordinates": [ [ [ 139.646587, 35.77405 ], [ 139.646543, 35.773813 ], [ 139.64649, 35.773529 ], [ 139.646475, 35.773451 ], [ 139.646455, 35.773307 ], [ 139.646449, 35.77329 ], [ 139.646141, 35.773213 ], [ 139.645737, 35.773129 ], [ 139.64557, 35.773122 ], [ 139.645357, 35.773073 ], [ 139.645262, 35.773038 ], [ 139.645223, 35.773026 ], [ 139.644907, 35.773258 ], [ 139.644553, 35.773539 ], [ 139.644468, 35.773576 ], [ 139.644232, 35.773677 ], [ 139.643966, 35.773784 ], [ 139.643806, 35.773836 ], [ 139.643804, 35.773864 ], [ 139.643663, 35.774055 ], [ 139.643291, 35.773856 ], [ 139.643034, 35.773737 ], [ 139.642865, 35.773693 ], [ 139.642726, 35.7737 ], [ 139.642702, 35.773699 ], [ 139.642489, 35.773972 ], [ 139.642404, 35.774081 ], [ 139.642209, 35.77433 ], [ 139.642026, 35.774576 ], [ 139.64166, 35.775212 ], [ 139.641633, 35.775338 ], [ 139.641381, 35.775662 ], [ 139.64136, 35.775794 ], [ 139.641478, 35.775995 ], [ 139.641508, 35.776207 ], [ 139.641574, 35.776407 ], [ 139.641577, 35.776418 ], [ 139.641729, 35.776761 ], [ 139.641807, 35.77695 ], [ 139.641807, 35.776962 ], [ 139.641818, 35.777182 ], [ 139.641793, 35.777309 ], [ 139.641728, 35.777542 ], [ 139.642069, 35.777717 ], [ 139.642143, 35.777755 ], [ 139.642392, 35.777885 ], [ 139.642537, 35.777945 ], [ 139.642707, 35.778034 ], [ 139.642988, 35.778182 ], [ 139.643294, 35.778334 ], [ 139.643497, 35.778425 ], [ 139.643649, 35.778506 ], [ 139.643986, 35.778676 ], [ 139.64431, 35.778834 ], [ 139.644785, 35.779067 ], [ 139.64513, 35.77925 ], [ 139.645196, 35.779282 ], [ 139.645411, 35.779372 ], [ 139.645733, 35.779496 ], [ 139.646111, 35.779641 ], [ 139.646439, 35.779744 ], [ 139.646841, 35.779855 ], [ 139.647192, 35.779936 ], [ 139.647292, 35.779628 ], [ 139.647376, 35.779346 ], [ 139.647389, 35.779262 ], [ 139.64737, 35.779079 ], [ 139.647306, 35.778775 ], [ 139.647185, 35.778344 ], [ 139.647184, 35.778308 ], [ 139.647156, 35.77811 ], [ 139.64714, 35.777941 ], [ 139.647121, 35.777725 ], [ 139.647099, 35.777446 ], [ 139.647066, 35.777155 ], [ 139.64706, 35.776962 ], [ 139.647058, 35.776877 ], [ 139.647054, 35.776758 ], [ 139.647025, 35.776431 ], [ 139.646999, 35.776182 ], [ 139.646953, 35.775835 ], [ 139.646945, 35.77577 ], [ 139.646867, 35.775363 ], [ 139.646769, 35.774749 ], [ 139.646708, 35.774568 ], [ 139.646607, 35.774122 ], [ 139.646587, 35.77405 ] ] ] } },
{ "type": "Feature", "properties": { "key": "板橋区|赤塚7丁目", "ward": "板橋区", "town": "赤塚七丁目" }, "geometry": { "type": "Polygon", "coordinates": [ [ [ 139.650679, 35.77377 ], [ 139.65068, 35.773755 ], [ 139.650685, 35.773706 ], [ 139.650689, 35.77367 ], [ 139.65054, 35.77376 ], [ 139.650087, 35.773643 ], [ 139.649736, 35.773515 ], [ 139.649547, 35.773451 ], [ 139.649401, 35.773424 ], [ 139.649104, 35.773421 ], [ 139.648807, 35.773444 ], [ 139.648744, 35.77345 ], [ 139.648521, 35.773487 ], [ 139.648275, 35.773556 ], [ 139.648103, 35.773632 ], [ 139.647941, 35.77368 ], [ 139.647748, 35.773708 ], [ 139.647548, 35.773714 ], [ 139.647276, 35.773784 ], [ 139.647229, 35.773743 ], [ 139.647068, 35.773557 ], [ 139.646946, 35.773458 ], [ 139.646828, 35.773402 ], [ 139.646641, 35.773347 ], [ 139.646455, 35.773307 ], [ 139.646475, 35.773451 ], [ 139.64649, 35.773529 ], [ 139.646543, 35.773813 ], [ 139.646587, 35.77405 ], [ 139.646607, 35.774122 ], [ 139.646708, 35.774568 ], [ 139.646769, 35.774749 ], [ 139.646867, 35.775363 ], [ 139.646945, 35.77577 ], [ 139.646953, 35.775835 ], [ 139.646999, 35.776182 ], [ 139.647025, 35.776431 ], [ 139.647054, 35.776758 ], [ 139.647058, 35.776877 ], [ 139.64706, 35.776962 ], [ 139.647066, 35.777155 ], [ 139.647099, 35.777446 ], [ 139.647121, 35.777725 ], [ 139.64714, 35.777941 ], [ 139.647156, 35.77811 ], [ 139.647184, 35.778308 ], [ 139.647185, 35.778344 ], [ 139.647306, 35.778775 ], [ 139.64737, 35.779079 ], [ 139.647389, 35.779262 ], [ 139.647376, 35.779346 ], [ 139.647292, 35.779628 ], [ 139.647192, 35.779936 ], [ 139.647264, 35.779959 ], [ 139.647764, 35.780054 ], [ 139.648358, 35.780131 ], [ 139.648572, 35.780143 ], [ 139.64869, 35.780153 ], [ 139.648772, 35.78016 ], [ 139.64948, 35.780347 ], [ 139.649629, 35.780402 ], [ 139.649647, 35.780354 ], [ 139.649722, 35.780078 ], [ 139.649887, 35.779765 ], [ 139.649978, 35.779514 ], [ 139.65004, 35.779293 ], [ 139.650124, 35.779041 ], [ 139.650156, 35.778945 ], [ 139.65025, 35.778591 ], [ 139.650302, 35.778157 ], [ 139.650306, 35.778113 ], [ 139.650341, 35.777741 ], [ 139.650343, 35.77773 ], [ 139.650383, 35.77732 ], [ 139.650429, 35.776851 ], [ 139.650432, 35.776713 ], [ 139.650434, 35.776682 ], [ 139.650444, 35.776518 ], [ 139.650453, 35.776374 ], [ 139.650464, 35.776243 ], [ 139.650529, 35.775568 ], [ 139.650528, 35.775546 ], [ 139.650603, 35.775001 ], [ 139.650578, 35.774743 ], [ 139.650679, 35.77377 ] ] ] } },
{ "type": "Feature", "properties": { "key": "板橋区|赤塚8丁目", "ward": "板橋区", "town": "赤塚八丁目" }, "geometry": { "type": "Polygon", "coordinates": [ [ [ 139.647192, 35.779936 ], [ 139.647028, 35.780343 ], [ 139.647011, 35.780384 ], [ 139.646972, 35.78047 ], [ 139.646547, 35.781117 ], [ 139.646431, 35.781295 ], [ 139.646106, 35.781506 ], [ 139.645709, 35.781765 ], [ 139.645655, 35.781826 ], [ 139.645464, 35.782044 ], [ 139.645323, 35.782285 ], [ 139.645066, 35.78274 ], [ 139.645035, 35.782819 ], [ 139.644942, 35.78304 ], [ 139.644864, 35.783251 ], [ 139.644736, 35.783614 ], [ 139.644741, 35.784076 ], [ 139.644624, 35.784477 ], [ 139.644394, 35.785345 ], [ 139.644266, 35.785768 ], [ 139.644289, 35.785824 ], [ 139.644403, 35.786 ], [ 139.644512, 35.785996 ], [ 139.644737, 35.785792 ], [ 139.644977, 35.785603 ], [ 139.645172, 35.785399 ], [ 139.645662, 35.784884 ], [ 139.646171, 35.784358 ], [ 139.646718, 35.783819 ], [ 139.646776, 35.78374 ], [ 139.646939, 35.783561 ], [ 139.647153, 35.783308 ], [ 139.647329, 35.783132 ], [ 139.648203, 35.782223 ], [ 139.648257, 35.782169 ], [ 139.648603, 35.781808 ], [ 139.648854, 35.781485 ], [ 139.649004, 35.781281 ], [ 139.64903, 35.781259 ], [ 139.649183, 35.781047 ], [ 139.649353, 35.780826 ], [ 139.649573, 35.780547 ], [ 139.649629, 35.780402 ], [ 139.64948, 35.780347 ], [ 139.648772, 35.78016 ], [ 139.64869, 35.780153 ], [ 139.648572, 35.780143 ], [ 139.648358, 35.780131 ], [ 139.647764, 35.780054 ], [ 139.647264, 35.779959 ], [ 139.647192, 35.779936 ] ] ] } },
{ "type": "Feature", "properties": { "key": "板橋区|赤塚新町1丁目", "ward": "板橋区", "town": "赤塚新町一丁目" }, "geometry": { "type": "Polygon", "coordinates": [ [ [ 139.652147, 35.768935 ], [ 139.651885, 35.768953 ], [ 139.651645, 35.768982 ], [ 139.651397, 35.768991 ], [ 139.651132, 35.769009 ], [ 139.651131, 35.768951 ], [ 139.650996, 35.768958 ], [ 139.650999, 35.769014 ], [ 139.650624, 35.769027 ], [ 139.650323, 35.769003 ], [ 139.650302, 35.769001 ], [ 139.650119, 35.768988 ], [ 139.649583, 35.768908 ], [ 139.649417, 35.768876 ], [ 139.649231, 35.76884 ], [ 139.648947, 35.768802 ], [ 139.648731, 35.768775 ], [ 139.64866, 35.768767 ], [ 139.648329, 35.768741 ], [ 139.648235, 35.768721 ], [ 139.648103, 35.768735 ], [ 139.648089, 35.768738 ], [ 139.647593, 35.76869 ], [ 139.647454, 35.768665 ], [ 139.647396, 35.768556 ], [ 139.647383, 35.768517 ], [ 139.647122, 35.768584 ], [ 139.646877, 35.768647 ], [ 139.646545, 35.768734 ], [ 139.646219, 35.768816 ], [ 139.646025, 35.768883 ], [ 139.645818, 35.768961 ], [ 139.645549, 35.769077 ], [ 139.645427, 35.769153 ], [ 139.644969, 35.769417 ], [ 139.644728, 35.769557 ], [ 139.644718, 35.769562 ], [ 139.64442, 35.769732 ], [ 139.644313, 35.769793 ], [ 139.644285, 35.769809 ], [ 139.644056, 35.769938 ], [ 139.643852, 35.770053 ], [ 139.643693, 35.770145 ], [ 139.643304, 35.77037 ], [ 139.643208, 35.770425 ], [ 139.643066, 35.770504 ], [ 139.642686, 35.770716 ], [ 139.642525, 35.770805 ], [ 139.642775, 35.771079 ], [ 139.643024, 35.771332 ], [ 139.6438, 35.77097 ], [ 139.643887, 35.770929 ], [ 139.644084, 35.770837 ], [ 139.644566, 35.770603 ], [ 139.645476, 35.770278 ], [ 139.645808, 35.770164 ], [ 139.646184, 35.770073 ], [ 139.646446, 35.770002 ], [ 139.647072, 35.76985 ], [ 139.647265, 35.769813 ], [ 139.647586, 35.769752 ], [ 139.648026, 35.769688 ], [ 139.648033, 35.769687 ], [ 139.648445, 35.769643 ], [ 139.648763, 35.769599 ], [ 139.648803, 35.769594 ], [ 139.649016, 35.769581 ], [ 139.649231, 35.769559 ], [ 139.649516, 35.76955 ], [ 139.64979, 35.769515 ], [ 139.65033, 35.769481 ], [ 139.650859, 35.769458 ], [ 139.651185, 35.769442 ], [ 139.65197, 35.769419 ], [ 139.651958, 35.769312 ], [ 139.651984, 35.769266 ], [ 139.652141, 35.769164 ], [ 139.652153, 35.769064 ], [ 139.652147, 35.768935 ] ] ] } },
{ "type": "Feature", "properties": { "key": "板橋区|赤塚新町2丁目", "ward": "板橋区", "town": "赤塚新町二丁目" }, "geometry": { "type": "Polygon", "coordinates": [ [ [ 139.642476, 35.770763 ], [ 139.6423, 35.77082 ], [ 139.642045, 35.770896 ], [ 139.641201, 35.771107 ], [ 139.640679, 35.77123 ], [ 139.640261, 35.771315 ], [ 139.64006, 35.771357 ], [ 139.639383, 35.771523 ], [ 139.639355, 35.77153 ], [ 139.638917, 35.771638 ], [ 139.638629, 35.771711 ], [ 139.638479, 35.771769 ], [ 139.638263, 35.771872 ], [ 139.638216, 35.771893 ], [ 139.63795, 35.772013 ], [ 139.63755, 35.772221 ], [ 139.637393, 35.77231 ], [ 139.637165, 35.772452 ], [ 139.636887, 35.772645 ], [ 139.636625, 35.772858 ], [ 139.636449, 35.773001 ], [ 139.636436, 35.773012 ], [ 139.636301, 35.773123 ], [ 139.63622, 35.773189 ], [ 139.636094, 35.773291 ], [ 139.63592, 35.773447 ], [ 139.635862, 35.773496 ], [ 139.635591, 35.773736 ], [ 139.63601, 35.774039 ], [ 139.636315, 35.774258 ], [ 139.6371, 35.774818 ], [ 139.637457, 35.774575 ], [ 139.637759, 35.774366 ], [ 139.638024, 35.774198 ], [ 139.638042, 35.77418 ], [ 139.638715, 35.773713 ], [ 139.638727, 35.773705 ], [ 139.639095, 35.773465 ], [ 139.639366, 35.773279 ], [ 139.63966, 35.773095 ], [ 139.639762, 35.773016 ], [ 139.640028, 35.772848 ], [ 139.640385, 35.772629 ], [ 139.640397, 35.772621 ], [ 139.640896, 35.772357 ], [ 139.640932, 35.772337 ], [ 139.641123, 35.772223 ], [ 139.641384, 35.772078 ], [ 139.641776, 35.771896 ], [ 139.642019, 35.771783 ], [ 139.64203, 35.771778 ], [ 139.642414, 35.771603 ], [ 139.642581, 35.771526 ], [ 139.643016, 35.771336 ], [ 139.643024, 35.771332 ], [ 139.642775, 35.771079 ], [ 139.642525, 35.770805 ], [ 139.642476, 35.770763 ] ] ] } },
{ "type": "Feature", "properties": { "key": "板橋区|赤塚新町3丁目", "ward": "板橋区", "town": "赤塚新町三丁目" }, "geometry": { "type": "Polygon", "coordinates": [ [ [ 139.642476, 35.770763 ], [ 139.642525, 35.770805 ], [ 139.642686, 35.770716 ], [ 139.642225, 35.770246 ], [ 139.642078, 35.770096 ], [ 139.641796, 35.769794 ], [ 139.64178, 35.769777 ], [ 139.64153, 35.769493 ], [ 139.641507, 35.769467 ], [ 139.641376, 35.769464 ], [ 139.641387, 35.769281 ], [ 139.641113, 35.768785 ], [ 139.640989, 35.768781 ], [ 139.640922, 35.76878 ], [ 139.640323, 35.768773 ], [ 139.639612, 35.768763 ], [ 139.639361, 35.76876 ], [ 139.639334, 35.768759 ], [ 139.638121, 35.768743 ], [ 139.638083, 35.768743 ], [ 139.637917, 35.768741 ], [ 139.637743, 35.768738 ], [ 139.63709, 35.76873 ], [ 139.63693, 35.768728 ], [ 139.6368, 35.768726 ], [ 139.636753, 35.768725 ], [ 139.636483, 35.768723 ], [ 139.635541, 35.768742 ], [ 139.635351, 35.768765 ], [ 139.634509, 35.768868 ], [ 139.634458, 35.769897 ], [ 139.634433, 35.769899 ], [ 139.633515, 35.769951 ], [ 139.633518, 35.770106 ], [ 139.633522, 35.770306 ], [ 139.633545, 35.770568 ], [ 139.633547, 35.7706 ], [ 139.633357, 35.770628 ], [ 139.633173, 35.770703 ], [ 139.63275, 35.770934 ], [ 139.632617, 35.771014 ], [ 139.632354, 35.771189 ], [ 139.632403, 35.771244 ], [ 139.632508, 35.77136 ], [ 139.632561, 35.771419 ], [ 139.632623, 35.77149 ], [ 139.632726, 35.771608 ], [ 139.632888, 35.771792 ], [ 139.632905, 35.771811 ], [ 139.633153, 35.772088 ], [ 139.633011, 35.772421 ], [ 139.63293, 35.772612 ], [ 139.632897, 35.77269 ], [ 139.632932, 35.772692 ], [ 139.63334, 35.772711 ], [ 139.63349, 35.772718 ], [ 139.633587, 35.772723 ], [ 139.633803, 35.772731 ], [ 139.633791, 35.772882 ], [ 139.633872, 35.773008 ], [ 139.633885, 35.773029 ], [ 139.63398, 35.773145 ], [ 139.634309, 35.773573 ], [ 139.634309, 35.773577 ], [ 139.634668, 35.774033 ], [ 139.634961, 35.774387 ], [ 139.635095, 35.774232 ], [ 139.635163, 35.774154 ], [ 139.63529, 35.774018 ], [ 139.635409, 35.773898 ], [ 139.635591, 35.773736 ], [ 139.635862, 35.773496 ], [ 139.63592, 35.773447 ], [ 139.636094, 35.773291 ], [ 139.63622, 35.773189 ], [ 139.636301, 35.773123 ], [ 139.636436, 35.773012 ], [ 139.636449, 35.773001 ], [ 139.636625, 35.772858 ], [ 139.636887, 35.772645 ], [ 139.637165, 35.772452 ], [ 139.637393, 35.77231 ], [ 139.63755, 35.772221 ], [ 139.63795, 35.772013 ], [ 139.638216, 35.771893 ], [ 139.638263, 35.771872 ], [ 139.638479, 35.771769 ], [ 139.638629, 35.771711 ], [ 139.638917, 35.771638 ], [ 139.639355, 35.77153 ], [ 139.639383, 35.771523 ], [ 139.64006, 35.771357 ], [ 139.640261, 35.771315 ], [ 139.640679, 35.77123 ], [ 139.641201, 35.771107 ], [ 139.642045, 35.770896 ], [ 139.6423, 35.77082 ], [ 139.642476, 35.770763 ] ] ] } },
{ "type": "Feature", "properties": { "key": "板橋区|四葉1丁目", "ward": "板橋区", "town": "四葉一丁目" }, "geometry": { "type": "Polygon", "coordinates": [ [ [ 139.653076, 35.779599 ], [ 139.653194, 35.779601 ], [ 139.653331, 35.779602 ], [ 139.653563, 35.779622 ], [ 139.653786, 35.779659 ], [ 139.65379, 35.779568 ], [ 139.65375, 35.779155 ], [ 139.653739, 35.779119 ], [ 139.653706, 35.778483 ], [ 139.653705, 35.778452 ], [ 139.653748, 35.777908 ], [ 139.653757, 35.777735 ], [ 139.653779, 35.777347 ], [ 139.653771, 35.776962 ], [ 139.653768, 35.776685 ], [ 139.654069, 35.776167 ], [ 139.653878, 35.776104 ], [ 139.653794, 35.776067 ], [ 139.653615, 35.77599 ], [ 139.653499, 35.775941 ], [ 139.653379, 35.775881 ], [ 139.653174, 35.77578 ], [ 139.652854, 35.775618 ], [ 139.652067, 35.775229 ], [ 139.652076, 35.775191 ], [ 139.651758, 35.775115 ], [ 139.651643, 35.775053 ], [ 139.651581, 35.77505 ], [ 139.651424, 35.775115 ], [ 139.650603, 35.775001 ], [ 139.650528, 35.775546 ], [ 139.650529, 35.775568 ], [ 139.650464, 35.776243 ], [ 139.650453, 35.776374 ], [ 139.650444, 35.776518 ], [ 139.650434, 35.776682 ], [ 139.650432, 35.776713 ], [ 139.650429, 35.776851 ], [ 139.650383, 35.77732 ], [ 139.650343, 35.77773 ], [ 139.650341, 35.777741 ], [ 139.650306, 35.778113 ], [ 139.650302, 35.778157 ], [ 139.65025, 35.778591 ], [ 139.650156, 35.778945 ], [ 139.650124, 35.779041 ], [ 139.65004, 35.779293 ], [ 139.649978, 35.779514 ], [ 139.649887, 35.779765 ], [ 139.649722, 35.780078 ], [ 139.650154, 35.780066 ], [ 139.651326, 35.779956 ], [ 139.651369, 35.779953 ], [ 139.651756, 35.779929 ], [ 139.6519, 35.779905 ], [ 139.651971, 35.779892 ], [ 139.652457, 35.779742 ], [ 139.652661, 35.779674 ], [ 139.652861, 35.77962 ], [ 139.653076, 35.779599 ] ] ] } },
{ "type": "Feature", "properties": { "key": "板橋区|四葉2丁目", "ward": "板橋区", "town": "四葉二丁目" }, "geometry": { "type": "Polygon", "coordinates": [ [ [ 139.653076, 35.779599 ], [ 139.652861, 35.77962 ], [ 139.652661, 35.779674 ], [ 139.652457, 35.779742 ], [ 139.651971, 35.779892 ], [ 139.6519, 35.779905 ], [ 139.651756, 35.779929 ], [ 139.651369, 35.779953 ], [ 139.651326, 35.779956 ], [ 139.650154, 35.780066 ], [ 139.649722, 35.780078 ], [ 139.649647, 35.780354 ], [ 139.649629, 35.780402 ], [ 139.649573, 35.780547 ], [ 139.649353, 35.780826 ], [ 139.649183, 35.781047 ], [ 139.64903, 35.781259 ], [ 139.649639, 35.781593 ], [ 139.649673, 35.781619 ], [ 139.649701, 35.781824 ], [ 139.649705, 35.781974 ], [ 139.649761, 35.782112 ], [ 139.649862, 35.782359 ], [ 139.650067, 35.782832 ], [ 139.650116, 35.782933 ], [ 139.650164, 35.783034 ], [ 139.650256, 35.783164 ], [ 139.650343, 35.783236 ], [ 139.650389, 35.78326 ], [ 139.650608, 35.783436 ], [ 139.650702, 35.783556 ], [ 139.650761, 35.783632 ], [ 139.650822, 35.783846 ], [ 139.650861, 35.784037 ], [ 139.650865, 35.784107 ], [ 139.650868, 35.784165 ], [ 139.650892, 35.784206 ], [ 139.651071, 35.784418 ], [ 139.651263, 35.78475 ], [ 139.651781, 35.784615 ], [ 139.652291, 35.784466 ], [ 139.652685, 35.784361 ], [ 139.653037, 35.784258 ], [ 139.653591, 35.784107 ], [ 139.654199, 35.783941 ], [ 139.654139, 35.783706 ], [ 139.654011, 35.783414 ], [ 139.654395, 35.783237 ], [ 139.654468, 35.78321 ], [ 139.654854, 35.783065 ], [ 139.654813, 35.78301 ], [ 139.654397, 35.782463 ], [ 139.65444, 35.782257 ], [ 139.654542, 35.781774 ], [ 139.654828, 35.78172 ], [ 139.654996, 35.781093 ], [ 139.654489, 35.780964 ], [ 139.654688, 35.780364 ], [ 139.653699, 35.780224 ], [ 139.653786, 35.779659 ], [ 139.653563, 35.779622 ], [ 139.653331, 35.779602 ], [ 139.653194, 35.779601 ], [ 139.653076, 35.779599 ] ] ] } },
{ "type": "Feature", "properties": { "key": "板橋区|大門", "ward": "板橋区", "town": "大門" }, "geometry": { "type": "Polygon", "coordinates": [ [ [ 139.647651, 35.785593 ], [ 139.648855, 35.78535 ], [ 139.649359, 35.785245 ], [ 139.649714, 35.785169 ], [ 139.650004, 35.785097 ], [ 139.651211, 35.784764 ], [ 139.651263, 35.78475 ], [ 139.651071, 35.784418 ], [ 139.650892, 35.784206 ], [ 139.650868, 35.784165 ], [ 139.650865, 35.784107 ], [ 139.650861, 35.784037 ], [ 139.650822, 35.783846 ], [ 139.650761, 35.783632 ], [ 139.650702, 35.783556 ], [ 139.650608, 35.783436 ], [ 139.650389, 35.78326 ], [ 139.650343, 35.783236 ], [ 139.650256, 35.783164 ], [ 139.650164, 35.783034 ], [ 139.650116, 35.782933 ], [ 139.650067, 35.782832 ], [ 139.649862, 35.782359 ], [ 139.649761, 35.782112 ], [ 139.649705, 35.781974 ], [ 139.649701, 35.781824 ], [ 139.649673, 35.781619 ], [ 139.649639, 35.781593 ], [ 139.64903, 35.781259 ], [ 139.649004, 35.781281 ], [ 139.648854, 35.781485 ], [ 139.648603, 35.781808 ], [ 139.648257, 35.782169 ], [ 139.648203, 35.782223 ], [ 139.647329, 35.783132 ], [ 139.647153, 35.783308 ], [ 139.646939, 35.783561 ], [ 139.646776, 35.78374 ], [ 139.646718, 35.783819 ], [ 139.646171, 35.784358 ], [ 139.645662, 35.784884 ], [ 139.645172, 35.785399 ], [ 139.644977, 35.785603 ], [ 139.645259, 35.785677 ], [ 139.645402, 35.785705 ], [ 139.645652, 35.7857 ], [ 139.645721, 35.78596 ], [ 139.646145, 35.785882 ], [ 139.646635, 35.785789 ], [ 139.647651, 35.785593 ] ] ] } },
{ "type": "Feature", "properties": { "key": "板橋区|三園1丁目", "ward": "板橋区", "town": "三園一丁目" }, "geometry": { "type": "Polygon", "coordinates": [ [ [ 139.643485, 35.790466 ], [ 139.643465, 35.790165 ], [ 139.643439, 35.789774 ], [ 139.643457, 35.789698 ], [ 139.643469, 35.789647 ], [ 139.643553, 35.78923 ], [ 139.643628, 35.788929 ], [ 139.643661, 35.788824 ], [ 139.643722, 35.788646 ], [ 139.643805, 35.788398 ], [ 139.643944, 35.788007 ], [ 139.643967, 35.787957 ], [ 139.644047, 35.787779 ], [ 139.64414, 35.787574 ], [ 139.644322, 35.787165 ], [ 139.644363, 35.787068 ], [ 139.64447, 35.786944 ], [ 139.644643, 35.786743 ], [ 139.644807, 35.786532 ], [ 139.644854, 35.786487 ], [ 139.645056, 35.786404 ], [ 139.645207, 35.786358 ], [ 139.645785, 35.786199 ], [ 139.645721, 35.78596 ], [ 139.645652, 35.7857 ], [ 139.645402, 35.785705 ], [ 139.645259, 35.785677 ], [ 139.644977, 35.785603 ], [ 139.644737, 35.785792 ], [ 139.644512, 35.785996 ], [ 139.644403, 35.786 ], [ 139.643752, 35.786218 ], [ 139.643212, 35.786466 ], [ 139.642701, 35.786546 ], [ 139.642259, 35.786626 ], [ 139.641925, 35.786686 ], [ 139.641613, 35.786813 ], [ 139.641237, 35.786915 ], [ 139.640971, 35.787011 ], [ 139.640693, 35.787121 ], [ 139.640132, 35.787352 ], [ 139.639736, 35.78754 ], [ 139.639714, 35.787561 ], [ 139.639362, 35.787749 ], [ 139.639085, 35.787879 ], [ 139.638722, 35.788068 ], [ 139.638656, 35.788081 ], [ 139.638615, 35.788092 ], [ 139.638214, 35.788198 ], [ 139.637786, 35.788074 ], [ 139.637774, 35.788182 ], [ 139.637724, 35.788386 ], [ 139.637627, 35.788552 ], [ 139.637564, 35.788609 ], [ 139.63756, 35.788613 ], [ 139.637125, 35.789016 ], [ 139.637117, 35.789024 ], [ 139.636707, 35.789476 ], [ 139.636126, 35.790101 ], [ 139.63612, 35.790108 ], [ 139.635659, 35.790614 ], [ 139.635851, 35.790641 ], [ 139.635962, 35.790605 ], [ 139.636115, 35.790519 ], [ 139.636217, 35.790493 ], [ 139.636322, 35.790524 ], [ 139.636425, 35.790611 ], [ 139.636522, 35.790716 ], [ 139.636605, 35.790766 ], [ 139.636722, 35.790781 ], [ 139.636854, 35.790771 ], [ 139.637154, 35.790715 ], [ 139.637195, 35.790831 ], [ 139.637347, 35.79081 ], [ 139.637481, 35.790778 ], [ 139.637576, 35.790777 ], [ 139.637626, 35.790813 ], [ 139.63761, 35.791011 ], [ 139.63762, 35.791057 ], [ 139.63769, 35.791129 ], [ 139.637616, 35.791258 ], [ 139.637677, 35.791484 ], [ 139.637784, 35.791599 ], [ 139.637888, 35.791672 ], [ 139.638026, 35.791804 ], [ 139.638028, 35.792014 ], [ 139.638086, 35.792082 ], [ 139.638219, 35.792137 ], [ 139.638596, 35.792241 ], [ 139.638816, 35.792486 ], [ 139.638907, 35.792572 ], [ 139.638997, 35.79256 ], [ 139.639339, 35.792518 ], [ 139.63958, 35.792491 ], [ 139.640292, 35.792412 ], [ 139.640452, 35.792395 ], [ 139.640516, 35.79239 ], [ 139.64196, 35.792231 ], [ 139.642744, 35.792141 ], [ 139.643106, 35.7921 ], [ 139.643301, 35.79208 ], [ 139.643396, 35.791975 ], [ 139.643933, 35.791875 ], [ 139.64384, 35.791591 ], [ 139.643699, 35.791209 ], [ 139.643623, 35.791002 ], [ 139.64358, 35.790871 ], [ 139.643485, 35.790466 ] ] ] } },
{ "type": "Feature", "properties": { "key": "板橋区|三園2丁目", "ward": "板橋区", "town": "三園二丁目" }, "geometry": { "type": "Polygon", "coordinates": [ [ [ 139.641871, 35.797597 ], [ 139.641866, 35.797484 ], [ 139.641948, 35.797453 ], [ 139.642008, 35.797539 ], [ 139.642128, 35.797498 ], [ 139.642072, 35.797401 ], [ 139.642092, 35.797392 ], [ 139.642265, 35.797437 ], [ 139.642414, 35.797384 ], [ 139.642551, 35.797336 ], [ 139.643529, 35.796976 ], [ 139.645487, 35.79628 ], [ 139.645515, 35.796253 ], [ 139.645317, 35.795799 ], [ 139.64512, 35.7953 ], [ 139.644986, 35.794976 ], [ 139.644904, 35.794793 ], [ 139.644614, 35.794062 ], [ 139.644528, 35.793858 ], [ 139.644288, 35.793267 ], [ 139.644229, 35.793123 ], [ 139.644051, 35.792684 ], [ 139.643959, 35.792449 ], [ 139.643959, 35.792342 ], [ 139.643986, 35.792225 ], [ 139.644039, 35.79217 ], [ 139.643933, 35.791875 ], [ 139.643396, 35.791975 ], [ 139.643301, 35.79208 ], [ 139.643106, 35.7921 ], [ 139.642744, 35.792141 ], [ 139.64196, 35.792231 ], [ 139.640516, 35.79239 ], [ 139.640452, 35.792395 ], [ 139.640292, 35.792412 ], [ 139.63958, 35.792491 ], [ 139.639339, 35.792518 ], [ 139.638997, 35.79256 ], [ 139.638907, 35.792572 ], [ 139.638971, 35.792657 ], [ 139.638978, 35.792711 ], [ 139.638885, 35.792719 ], [ 139.638868, 35.792742 ], [ 139.638895, 35.792933 ], [ 139.638902, 35.792961 ], [ 139.638951, 35.793069 ], [ 139.638976, 35.793133 ], [ 139.638989, 35.793165 ], [ 139.639108, 35.793424 ], [ 139.639158, 35.793541 ], [ 139.639209, 35.793724 ], [ 139.639469, 35.793679 ], [ 139.63951, 35.793829 ], [ 139.6396, 35.793845 ], [ 139.639712, 35.79385 ], [ 139.639848, 35.793874 ], [ 139.63985, 35.793884 ], [ 139.639919, 35.793963 ], [ 139.639896, 35.794125 ], [ 139.639924, 35.794248 ], [ 139.639995, 35.794515 ], [ 139.640038, 35.794732 ], [ 139.640085, 35.794919 ], [ 139.640208, 35.794903 ], [ 139.640144, 35.795125 ], [ 139.640253, 35.795233 ], [ 139.640166, 35.795253 ], [ 139.640057, 35.795279 ], [ 139.639978, 35.795297 ], [ 139.639658, 35.795433 ], [ 139.639644, 35.795471 ], [ 139.639665, 35.795505 ], [ 139.639704, 35.795509 ], [ 139.639802, 35.795459 ], [ 139.639896, 35.7955 ], [ 139.640183, 35.795474 ], [ 139.640226, 35.795509 ], [ 139.64038, 35.795632 ], [ 139.64054, 35.795527 ], [ 139.64067, 35.795553 ], [ 139.640741, 35.795615 ], [ 139.640698, 35.795951 ], [ 139.640639, 35.796187 ], [ 139.640554, 35.7964 ], [ 139.640509, 35.796449 ], [ 139.640337, 35.796625 ], [ 139.640259, 35.796718 ], [ 139.640273, 35.796777 ], [ 139.640318, 35.79682 ], [ 139.640528, 35.7969 ], [ 139.640566, 35.796997 ], [ 139.640658, 35.797239 ], [ 139.640621, 35.797263 ], [ 139.6406, 35.797276 ], [ 139.640582, 35.797295 ], [ 139.640545, 35.797345 ], [ 139.640504, 35.797413 ], [ 139.640416, 35.797578 ], [ 139.640337, 35.797743 ], [ 139.640278, 35.797871 ], [ 139.64024, 35.797963 ], [ 139.640214, 35.798031 ], [ 139.640204, 35.798081 ], [ 139.640206, 35.798101 ], [ 139.640213, 35.798117 ], [ 139.640225, 35.79813 ], [ 139.640241, 35.79814 ], [ 139.64028, 35.798152 ], [ 139.640312, 35.798159 ], [ 139.640339, 35.798157 ], [ 139.640371, 35.798142 ], [ 139.640418, 35.798108 ], [ 139.640477, 35.798059 ], [ 139.640541, 35.797998 ], [ 139.640601, 35.797935 ], [ 139.640621, 35.797915 ], [ 139.640652, 35.797884 ], [ 139.640689, 35.797857 ], [ 139.640718, 35.797849 ], [ 139.640733, 35.797849 ], [ 139.640768, 35.797857 ], [ 139.640804, 35.797869 ], [ 139.640836, 35.797884 ], [ 139.640901, 35.79791 ], [ 139.640989, 35.798047 ], [ 139.641202, 35.798355 ], [ 139.641885, 35.798071 ], [ 139.641892, 35.79801 ], [ 139.641871, 35.797597 ] ] ] } },
{ "type": "Feature", "properties": { "key": "板橋区|成増1丁目", "ward": "板橋区", "town": "成増一丁目" }, "geometry": { "type": "Polygon", "coordinates": [ [ [ 139.630559, 35.776971 ], [ 139.630832, 35.776829 ], [ 139.631129, 35.776675 ], [ 139.631225, 35.776624 ], [ 139.631393, 35.776537 ], [ 139.631417, 35.776525 ], [ 139.631701, 35.776377 ], [ 139.631761, 35.776346 ], [ 139.632035, 35.776204 ], [ 139.632138, 35.77615 ], [ 139.632509, 35.775957 ], [ 139.632936, 35.775734 ], [ 139.633131, 35.775633 ], [ 139.633359, 35.775514 ], [ 139.633477, 35.775454 ], [ 139.633546, 35.775418 ], [ 139.633772, 35.775303 ], [ 139.634031, 35.77517 ], [ 139.634067, 35.77515 ], [ 139.634181, 35.775089 ], [ 139.634424, 35.774923 ], [ 139.634564, 35.774807 ], [ 139.634725, 35.774637 ], [ 139.634961, 35.774387 ], [ 139.634668, 35.774033 ], [ 139.634309, 35.773577 ], [ 139.634309, 35.773573 ], [ 139.63398, 35.773145 ], [ 139.633885, 35.773029 ], [ 139.633872, 35.773008 ], [ 139.633791, 35.772882 ], [ 139.633803, 35.772731 ], [ 139.633587, 35.772723 ], [ 139.63349, 35.772718 ], [ 139.63334, 35.772711 ], [ 139.632932, 35.772692 ], [ 139.632897, 35.77269 ], [ 139.63293, 35.772612 ], [ 139.633011, 35.772421 ], [ 139.633153, 35.772088 ], [ 139.632905, 35.771811 ], [ 139.632888, 35.771792 ], [ 139.632726, 35.771608 ], [ 139.632623, 35.77149 ], [ 139.632561, 35.771419 ], [ 139.632508, 35.77136 ], [ 139.632403, 35.771244 ], [ 139.632354, 35.771189 ], [ 139.632347, 35.771193 ], [ 139.631556, 35.771641 ], [ 139.631539, 35.771651 ], [ 139.631476, 35.771687 ], [ 139.631118, 35.771889 ], [ 139.630148, 35.772447 ], [ 139.629861, 35.772129 ], [ 139.62968, 35.771928 ], [ 139.629614, 35.771923 ], [ 139.629252, 35.771896 ], [ 139.629202, 35.771892 ], [ 139.629346, 35.773481 ], [ 139.629347, 35.773493 ], [ 139.629402, 35.774116 ], [ 139.629395, 35.774185 ], [ 139.629328, 35.774289 ], [ 139.629081, 35.774451 ], [ 139.629081, 35.774459 ], [ 139.629101, 35.774652 ], [ 139.629183, 35.774803 ], [ 139.629253, 35.774938 ], [ 139.629381, 35.775162 ], [ 139.629451, 35.775323 ], [ 139.629466, 35.775415 ], [ 139.629467, 35.775579 ], [ 139.629464, 35.776033 ], [ 139.629462, 35.776062 ], [ 139.629449, 35.776249 ], [ 139.629452, 35.776514 ], [ 139.629468, 35.776624 ], [ 139.629476, 35.776667 ], [ 139.629537, 35.776946 ], [ 139.629575, 35.776997 ], [ 139.629345, 35.777076 ], [ 139.629322, 35.777012 ], [ 139.629161, 35.77704 ], [ 139.629144, 35.776968 ], [ 139.628915, 35.777016 ], [ 139.628783, 35.777044 ], [ 139.628576, 35.777104 ], [ 139.628689, 35.777321 ], [ 139.628658, 35.77735 ], [ 139.628634, 35.777388 ], [ 139.628221, 35.777468 ], [ 139.627893, 35.777514 ], [ 139.627851, 35.777519 ], [ 139.627824, 35.777521 ], [ 139.627638, 35.777541 ], [ 139.627619, 35.777543 ], [ 139.62758, 35.777547 ], [ 139.627083, 35.777603 ], [ 139.626683, 35.777648 ], [ 139.626556, 35.777662 ], [ 139.626313, 35.777687 ], [ 139.626269, 35.777691 ], [ 139.62533, 35.777785 ], [ 139.62528, 35.77779 ], [ 139.625282, 35.777838 ], [ 139.625291, 35.778088 ], [ 139.625331, 35.778229 ], [ 139.625576, 35.778784 ], [ 139.625676, 35.779313 ], [ 139.62605, 35.77916 ], [ 139.626466, 35.778989 ], [ 139.626601, 35.778934 ], [ 139.626966, 35.778785 ], [ 139.627074, 35.778741 ], [ 139.627199, 35.778689 ], [ 139.627309, 35.778644 ], [ 139.627584, 35.77853 ], [ 139.628013, 35.778353 ], [ 139.62804, 35.778339 ], [ 139.628803, 35.777927 ], [ 139.628995, 35.777824 ], [ 139.629006, 35.777818 ], [ 139.629227, 35.777696 ], [ 139.629291, 35.777661 ], [ 139.629442, 35.777578 ], [ 139.629815, 35.777373 ], [ 139.630559, 35.776971 ] ] ] } },
{ "type": "Feature", "properties": { "key": "板橋区|成増2丁目", "ward": "板橋区", "town": "成増二丁目" }, "geometry": { "type": "Polygon", "coordinates": [ [ [ 139.635591, 35.773736 ], [ 139.635409, 35.773898 ], [ 139.63529, 35.774018 ], [ 139.635163, 35.774154 ], [ 139.635095, 35.774232 ], [ 139.634961, 35.774387 ], [ 139.634725, 35.774637 ], [ 139.634564, 35.774807 ], [ 139.634424, 35.774923 ], [ 139.634181, 35.775089 ], [ 139.634067, 35.77515 ], [ 139.634031, 35.77517 ], [ 139.633772, 35.775303 ], [ 139.633546, 35.775418 ], [ 139.633477, 35.775454 ], [ 139.633359, 35.775514 ], [ 139.633131, 35.775633 ], [ 139.632936, 35.775734 ], [ 139.632509, 35.775957 ], [ 139.632138, 35.77615 ], [ 139.632035, 35.776204 ], [ 139.631761, 35.776346 ], [ 139.631701, 35.776377 ], [ 139.631417, 35.776525 ], [ 139.631393, 35.776537 ], [ 139.631225, 35.776624 ], [ 139.631129, 35.776675 ], [ 139.630832, 35.776829 ], [ 139.630559, 35.776971 ], [ 139.629815, 35.777373 ], [ 139.629442, 35.777578 ], [ 139.629291, 35.777661 ], [ 139.629227, 35.777696 ], [ 139.629006, 35.777818 ], [ 139.628995, 35.777824 ], [ 139.628803, 35.777927 ], [ 139.62804, 35.778339 ], [ 139.628013, 35.778353 ], [ 139.627584, 35.77853 ], [ 139.627309, 35.778644 ], [ 139.627199, 35.778689 ], [ 139.627074, 35.778741 ], [ 139.626966, 35.778785 ], [ 139.626601, 35.778934 ], [ 139.626466, 35.778989 ], [ 139.62605, 35.77916 ], [ 139.625676, 35.779313 ], [ 139.625581, 35.779372 ], [ 139.625397, 35.779484 ], [ 139.625098, 35.779668 ], [ 139.624677, 35.779928 ], [ 139.624644, 35.779949 ], [ 139.624505, 35.779956 ], [ 139.624438, 35.780098 ], [ 139.624333, 35.780225 ], [ 139.624926, 35.780544 ], [ 139.625036, 35.780612 ], [ 139.624885, 35.780976 ], [ 139.624926, 35.78103 ], [ 139.624977, 35.781037 ], [ 139.625163, 35.781063 ], [ 139.625224, 35.781077 ], [ 139.625406, 35.781118 ], [ 139.625547, 35.781185 ], [ 139.625649, 35.781365 ], [ 139.625694, 35.781392 ], [ 139.625827, 35.781456 ], [ 139.625831, 35.781561 ], [ 139.625802, 35.781649 ], [ 139.625845, 35.78175 ], [ 139.625857, 35.781862 ], [ 139.625949, 35.782015 ], [ 139.626173, 35.78222 ], [ 139.627071, 35.78162 ], [ 139.627393, 35.781401 ], [ 139.627499, 35.781328 ], [ 139.628479, 35.780674 ], [ 139.628503, 35.780658 ], [ 139.628825, 35.780449 ], [ 139.62892, 35.780387 ], [ 139.628957, 35.780363 ], [ 139.629117, 35.780253 ], [ 139.629476, 35.780014 ], [ 139.630556, 35.779296 ], [ 139.630724, 35.779185 ], [ 139.630832, 35.779111 ], [ 139.631689, 35.778533 ], [ 139.631791, 35.778491 ], [ 139.632259, 35.778297 ], [ 139.632378, 35.778221 ], [ 139.633051, 35.777718 ], [ 139.633072, 35.777703 ], [ 139.633283, 35.777545 ], [ 139.633522, 35.777366 ], [ 139.634139, 35.776903 ], [ 139.63439, 35.776714 ], [ 139.634514, 35.776624 ], [ 139.63485, 35.776402 ], [ 139.634944, 35.776284 ], [ 139.634937, 35.776274 ], [ 139.635598, 35.775848 ], [ 139.635913, 35.775633 ], [ 139.63618, 35.77545 ], [ 139.636279, 35.775384 ], [ 139.636502, 35.775231 ], [ 139.636553, 35.775196 ], [ 139.636609, 35.775158 ], [ 139.636805, 35.775023 ], [ 139.6371, 35.774818 ], [ 139.636315, 35.774258 ], [ 139.63601, 35.774039 ], [ 139.635591, 35.773736 ] ] ] } },
{ "type": "Feature", "properties": { "key": "板橋区|成増3丁目", "ward": "板橋区", "town": "成増三丁目" }, "geometry": { "type": "Polygon", "coordinates": [ [ [ 139.630321, 35.783088 ], [ 139.630328, 35.783074 ], [ 139.63041, 35.782889 ], [ 139.630428, 35.78285 ], [ 139.630514, 35.782707 ], [ 139.630593, 35.782578 ], [ 139.630872, 35.782313 ], [ 139.630875, 35.782298 ], [ 139.631128, 35.782096 ], [ 139.631478, 35.781875 ], [ 139.631708, 35.781764 ], [ 139.631878, 35.781694 ], [ 139.63206, 35.781634 ], [ 139.632069, 35.781631 ], [ 139.632115, 35.781617 ], [ 139.632288, 35.781591 ], [ 139.632484, 35.781537 ], [ 139.632789, 35.781407 ], [ 139.633268, 35.781196 ], [ 139.633335, 35.781166 ], [ 139.633393, 35.781155 ], [ 139.633693, 35.781171 ], [ 139.634318, 35.781203 ], [ 139.635052, 35.780473 ], [ 139.635071, 35.780454 ], [ 139.635261, 35.780253 ], [ 139.635438, 35.780066 ], [ 139.635414, 35.780053 ], [ 139.635832, 35.779618 ], [ 139.63584, 35.779609 ], [ 139.635931, 35.779506 ], [ 139.636021, 35.779405 ], [ 139.636273, 35.779139 ], [ 139.636285, 35.779128 ], [ 139.636721, 35.778648 ], [ 139.636377, 35.778194 ], [ 139.636366, 35.778179 ], [ 139.636017, 35.777707 ], [ 139.635905, 35.777557 ], [ 139.635892, 35.777539 ], [ 139.635447, 35.77695 ], [ 139.635273, 35.776721 ], [ 139.635139, 35.776546 ], [ 139.635123, 35.776525 ], [ 139.634944, 35.776284 ], [ 139.63485, 35.776402 ], [ 139.634514, 35.776624 ], [ 139.63439, 35.776714 ], [ 139.634139, 35.776903 ], [ 139.633522, 35.777366 ], [ 139.633283, 35.777545 ], [ 139.633072, 35.777703 ], [ 139.633051, 35.777718 ], [ 139.632378, 35.778221 ], [ 139.632259, 35.778297 ], [ 139.631791, 35.778491 ], [ 139.631689, 35.778533 ], [ 139.630832, 35.779111 ], [ 139.630724, 35.779185 ], [ 139.630556, 35.779296 ], [ 139.629476, 35.780014 ], [ 139.629117, 35.780253 ], [ 139.628957, 35.780363 ], [ 139.62892, 35.780387 ], [ 139.628825, 35.780449 ], [ 139.628503, 35.780658 ], [ 139.628479, 35.780674 ], [ 139.627499, 35.781328 ], [ 139.627393, 35.781401 ], [ 139.627071, 35.78162 ], [ 139.626173, 35.78222 ], [ 139.626386, 35.782384 ], [ 139.626814, 35.782272 ], [ 139.626884, 35.782301 ], [ 139.626974, 35.782333 ], [ 139.62712, 35.782453 ], [ 139.627202, 35.782547 ], [ 139.627275, 35.782603 ], [ 139.627475, 35.782698 ], [ 139.627514, 35.782733 ], [ 139.627552, 35.782778 ], [ 139.627576, 35.782872 ], [ 139.627571, 35.782906 ], [ 139.627388, 35.783005 ], [ 139.627586, 35.783237 ], [ 139.627738, 35.783414 ], [ 139.627798, 35.783553 ], [ 139.627938, 35.783463 ], [ 139.627956, 35.783485 ], [ 139.627895, 35.783533 ], [ 139.627972, 35.783618 ], [ 139.627853, 35.783701 ], [ 139.627908, 35.783762 ], [ 139.627867, 35.783791 ], [ 139.627908, 35.783929 ], [ 139.628018, 35.784121 ], [ 139.627967, 35.784182 ], [ 139.627978, 35.784232 ], [ 139.628009, 35.784361 ], [ 139.628116, 35.784464 ], [ 139.628393, 35.784755 ], [ 139.628896, 35.785259 ], [ 139.628927, 35.785237 ], [ 139.629188, 35.785053 ], [ 139.629303, 35.784972 ], [ 139.629735, 35.784669 ], [ 139.62975, 35.784658 ], [ 139.630257, 35.784317 ], [ 139.630222, 35.784097 ], [ 139.630189, 35.78389 ], [ 139.630181, 35.783681 ], [ 139.630203, 35.783536 ], [ 139.630321, 35.783088 ] ] ] } },
{ "type": "Feature", "properties": { "key": "板橋区|成増4丁目", "ward": "板橋区", "town": "成増四丁目" }, "geometry": { "type": "Polygon", "coordinates": [ [ [ 139.636037, 35.780928 ], [ 139.635941, 35.780821 ], [ 139.635937, 35.780816 ], [ 139.635852, 35.780649 ], [ 139.635688, 35.780265 ], [ 139.63556, 35.780136 ], [ 139.635438, 35.780066 ], [ 139.635261, 35.780253 ], [ 139.635071, 35.780454 ], [ 139.635052, 35.780473 ], [ 139.634318, 35.781203 ], [ 139.633693, 35.781171 ], [ 139.633393, 35.781155 ], [ 139.633335, 35.781166 ], [ 139.633268, 35.781196 ], [ 139.632789, 35.781407 ], [ 139.632484, 35.781537 ], [ 139.632288, 35.781591 ], [ 139.632115, 35.781617 ], [ 139.632069, 35.781631 ], [ 139.63206, 35.781634 ], [ 139.631878, 35.781694 ], [ 139.631708, 35.781764 ], [ 139.631478, 35.781875 ], [ 139.631128, 35.782096 ], [ 139.630875, 35.782298 ], [ 139.630872, 35.782313 ], [ 139.630913, 35.782328 ], [ 139.631343, 35.782479 ], [ 139.631546, 35.782557 ], [ 139.631866, 35.782763 ], [ 139.632056, 35.782923 ], [ 139.632182, 35.783107 ], [ 139.632226, 35.783234 ], [ 139.632265, 35.783396 ], [ 139.632427, 35.783643 ], [ 139.632761, 35.784142 ], [ 139.632934, 35.784399 ], [ 139.63324, 35.784959 ], [ 139.633302, 35.785082 ], [ 139.633394, 35.785259 ], [ 139.633432, 35.78533 ], [ 139.633483, 35.785427 ], [ 139.633623, 35.785697 ], [ 139.633852, 35.786124 ], [ 139.634022, 35.78643 ], [ 139.6342, 35.786675 ], [ 139.634207, 35.786685 ], [ 139.634232, 35.786722 ], [ 139.634601, 35.787018 ], [ 139.634721, 35.787114 ], [ 139.63526, 35.787559 ], [ 139.635441, 35.787573 ], [ 139.635845, 35.787771 ], [ 139.63634, 35.788015 ], [ 139.636412, 35.78805 ], [ 139.636458, 35.788072 ], [ 139.636573, 35.78813 ], [ 139.637564, 35.788609 ], [ 139.637627, 35.788552 ], [ 139.637724, 35.788386 ], [ 139.637774, 35.788182 ], [ 139.637786, 35.788074 ], [ 139.637763, 35.787694 ], [ 139.637789, 35.787303 ], [ 139.637808, 35.786794 ], [ 139.637825, 35.786479 ], [ 139.637836, 35.78628 ], [ 139.63785, 35.786029 ], [ 139.637876, 35.785555 ], [ 139.637867, 35.785457 ], [ 139.637857, 35.785353 ], [ 139.637857, 35.785138 ], [ 139.637851, 35.784792 ], [ 139.637845, 35.784371 ], [ 139.637914, 35.784126 ], [ 139.63798, 35.783892 ], [ 139.638046, 35.78366 ], [ 139.638134, 35.783351 ], [ 139.638129, 35.783307 ], [ 139.638035, 35.782481 ], [ 139.637683, 35.782273 ], [ 139.637561, 35.782203 ], [ 139.637436, 35.782133 ], [ 139.637299, 35.78204 ], [ 139.636804, 35.781646 ], [ 139.636367, 35.781298 ], [ 139.636037, 35.780928 ] ] ] } },
{ "type": "Feature", "properties": { "key": "板橋区|成増5丁目", "ward": "板橋区", "town": "成増五丁目" }, "geometry": { "type": "Polygon", "coordinates": [ [ [ 139.63545, 35.790591 ], [ 139.635642, 35.790632 ], [ 139.635659, 35.790614 ], [ 139.63612, 35.790108 ], [ 139.636126, 35.790101 ], [ 139.636707, 35.789476 ], [ 139.637117, 35.789024 ], [ 139.637125, 35.789016 ], [ 139.63756, 35.788613 ], [ 139.637564, 35.788609 ], [ 139.636573, 35.78813 ], [ 139.636458, 35.788072 ], [ 139.636412, 35.78805 ], [ 139.63634, 35.788015 ], [ 139.635845, 35.787771 ], [ 139.635441, 35.787573 ], [ 139.63526, 35.787559 ], [ 139.634721, 35.787114 ], [ 139.634601, 35.787018 ], [ 139.634232, 35.786722 ], [ 139.634207, 35.786685 ], [ 139.6342, 35.786675 ], [ 139.634022, 35.78643 ], [ 139.633852, 35.786124 ], [ 139.633623, 35.785697 ], [ 139.633483, 35.785427 ], [ 139.633432, 35.78533 ], [ 139.633394, 35.785259 ], [ 139.633302, 35.785082 ], [ 139.63324, 35.784959 ], [ 139.632934, 35.784399 ], [ 139.632761, 35.784142 ], [ 139.632427, 35.783643 ], [ 139.632265, 35.783396 ], [ 139.632226, 35.783234 ], [ 139.632182, 35.783107 ], [ 139.632056, 35.782923 ], [ 139.631866, 35.782763 ], [ 139.631546, 35.782557 ], [ 139.631343, 35.782479 ], [ 139.630913, 35.782328 ], [ 139.630872, 35.782313 ], [ 139.630593, 35.782578 ], [ 139.630514, 35.782707 ], [ 139.630428, 35.78285 ], [ 139.63041, 35.782889 ], [ 139.630328, 35.783074 ], [ 139.630321, 35.783088 ], [ 139.630203, 35.783536 ], [ 139.630181, 35.783681 ], [ 139.630189, 35.78389 ], [ 139.630222, 35.784097 ], [ 139.630257, 35.784317 ], [ 139.62975, 35.784658 ], [ 139.629735, 35.784669 ], [ 139.629303, 35.784972 ], [ 139.629188, 35.785053 ], [ 139.628927, 35.785237 ], [ 139.628989, 35.785304 ], [ 139.629189, 35.785233 ], [ 139.629545, 35.78536 ], [ 139.629679, 35.785368 ], [ 139.629824, 35.785325 ], [ 139.630005, 35.785198 ], [ 139.630193, 35.785101 ], [ 139.630395, 35.785253 ], [ 139.630528, 35.785385 ], [ 139.630384, 35.785559 ], [ 139.630291, 35.78562 ], [ 139.630594, 35.785916 ], [ 139.630668, 35.785964 ], [ 139.63078, 35.78607 ], [ 139.630933, 35.785952 ], [ 139.630974, 35.785971 ], [ 139.631322, 35.786128 ], [ 139.631352, 35.78616 ], [ 139.631499, 35.786062 ], [ 139.631703, 35.786182 ], [ 139.63175, 35.786271 ], [ 139.631758, 35.7863 ], [ 139.63193, 35.786485 ], [ 139.631834, 35.786685 ], [ 139.631723, 35.786938 ], [ 139.631688, 35.787086 ], [ 139.631687, 35.787192 ], [ 139.631687, 35.787252 ], [ 139.632051, 35.787411 ], [ 139.63209, 35.787358 ], [ 139.632173, 35.787153 ], [ 139.63233, 35.787203 ], [ 139.63237, 35.787235 ], [ 139.632412, 35.787301 ], [ 139.632402, 35.787386 ], [ 139.632295, 35.787546 ], [ 139.632268, 35.787633 ], [ 139.63228, 35.787721 ], [ 139.632267, 35.78787 ], [ 139.632212, 35.788008 ], [ 139.63205, 35.788263 ], [ 139.631852, 35.788448 ], [ 139.632138, 35.788713 ], [ 139.632259, 35.788655 ], [ 139.632376, 35.788756 ], [ 139.632285, 35.788846 ], [ 139.632406, 35.788921 ], [ 139.632291, 35.789073 ], [ 139.632467, 35.789171 ], [ 139.632753, 35.789325 ], [ 139.632824, 35.78949 ], [ 139.632798, 35.789533 ], [ 139.632976, 35.789628 ], [ 139.633079, 35.789502 ], [ 139.633335, 35.789643 ], [ 139.633434, 35.789693 ], [ 139.633633, 35.789429 ], [ 139.6337, 35.789336 ], [ 139.633837, 35.789383 ], [ 139.633872, 35.789428 ], [ 139.63373, 35.789609 ], [ 139.633692, 35.789723 ], [ 139.633715, 35.789761 ], [ 139.633843, 35.789805 ], [ 139.63405, 35.789939 ], [ 139.63415, 35.790026 ], [ 139.634134, 35.790095 ], [ 139.634172, 35.790199 ], [ 139.634121, 35.790248 ], [ 139.634111, 35.790297 ], [ 139.634414, 35.790437 ], [ 139.634503, 35.790496 ], [ 139.634592, 35.790454 ], [ 139.634751, 35.790529 ], [ 139.634887, 35.790625 ], [ 139.635012, 35.790682 ], [ 139.635089, 35.790777 ], [ 139.635157, 35.790788 ], [ 139.635348, 35.790592 ], [ 139.63545, 35.790591 ] ] ] } },
{ "type": "Feature", "properties": { "key": "板橋区|徳丸1丁目", "ward": "板橋区", "town": "徳丸一丁目" }, "geometry": { "type": "Polygon", "coordinates": [ [ [ 139.667222, 35.76758 ], [ 139.66711, 35.7676 ], [ 139.666896, 35.767657 ], [ 139.666726, 35.767691 ], [ 139.666232, 35.767797 ], [ 139.665774, 35.767902 ], [ 139.66533, 35.767988 ], [ 139.665019, 35.768059 ], [ 139.664733, 35.768106 ], [ 139.664482, 35.768139 ], [ 139.664356, 35.768144 ], [ 139.66425, 35.768171 ], [ 139.664311, 35.768391 ], [ 139.664255, 35.768409 ], [ 139.663921, 35.768471 ], [ 139.663552, 35.76853 ], [ 139.663564, 35.76857 ], [ 139.66335, 35.768603 ], [ 139.663347, 35.768641 ], [ 139.662902, 35.768735 ], [ 139.662913, 35.768932 ], [ 139.662944, 35.769308 ], [ 139.662955, 35.769483 ], [ 139.662976, 35.769812 ], [ 139.66298, 35.769854 ], [ 139.662936, 35.770291 ], [ 139.662934, 35.770312 ], [ 139.662924, 35.770411 ], [ 139.662921, 35.77044 ], [ 139.662892, 35.770759 ], [ 139.662884, 35.770831 ], [ 139.662867, 35.770994 ], [ 139.662859, 35.771008 ], [ 139.662815, 35.771459 ], [ 139.662796, 35.771599 ], [ 139.662778, 35.771766 ], [ 139.66279, 35.771907 ], [ 139.662807, 35.771983 ], [ 139.662808, 35.771987 ], [ 139.662824, 35.77206 ], [ 139.662925, 35.772253 ], [ 139.662941, 35.772284 ], [ 139.66311, 35.772576 ], [ 139.663159, 35.772662 ], [ 139.663264, 35.772841 ], [ 139.663369, 35.773019 ], [ 139.663557, 35.773369 ], [ 139.66374, 35.773743 ], [ 139.663917, 35.774125 ], [ 139.66399, 35.774343 ], [ 139.664083, 35.774661 ], [ 139.664159, 35.774922 ], [ 139.664225, 35.775147 ], [ 139.664251, 35.775257 ], [ 139.664347, 35.775597 ], [ 139.664457, 35.775955 ], [ 139.664476, 35.775969 ], [ 139.664763, 35.775926 ], [ 139.664932, 35.775872 ], [ 139.66492, 35.775853 ], [ 139.665053, 35.775798 ], [ 139.66517, 35.77573 ], [ 139.665272, 35.775646 ], [ 139.665413, 35.775489 ], [ 139.665558, 35.775289 ], [ 139.665643, 35.775106 ], [ 139.665725, 35.774899 ], [ 139.665787, 35.774712 ], [ 139.665837, 35.774595 ], [ 139.665891, 35.774469 ], [ 139.665991, 35.774314 ], [ 139.666008, 35.774286 ], [ 139.666132, 35.774161 ], [ 139.666274, 35.774041 ], [ 139.66634, 35.773999 ], [ 139.666467, 35.773917 ], [ 139.666483, 35.773908 ], [ 139.666937, 35.773667 ], [ 139.667122, 35.773566 ], [ 139.667543, 35.773338 ], [ 139.667582, 35.773314 ], [ 139.668538, 35.772787 ], [ 139.66856, 35.772775 ], [ 139.669014, 35.772515 ], [ 139.668647, 35.772172 ], [ 139.668258, 35.771821 ], [ 139.668247, 35.771811 ], [ 139.667838, 35.771427 ], [ 139.667669, 35.771274 ], [ 139.667515, 35.771094 ], [ 139.667395, 35.770886 ], [ 139.667358, 35.7708 ], [ 139.667275, 35.770512 ], [ 139.667271, 35.770364 ], [ 139.66727, 35.770207 ], [ 139.667281, 35.770023 ], [ 139.667312, 35.769169 ], [ 139.667312, 35.769152 ], [ 139.66732, 35.768779 ], [ 139.667343, 35.768519 ], [ 139.667358, 35.768246 ], [ 139.667353, 35.768021 ], [ 139.66733, 35.767838 ], [ 139.667322, 35.767597 ], [ 139.667222, 35.76758 ] ] ] } },
{ "type": "Feature", "properties": { "key": "板橋区|徳丸2丁目", "ward": "板橋区", "town": "徳丸二丁目" }, "geometry": { "type": "Polygon", "coordinates": [ [ [ 139.66425, 35.768171 ], [ 139.663816, 35.768196 ], [ 139.663212, 35.768267 ], [ 139.663172, 35.768275 ], [ 139.662897, 35.768327 ], [ 139.662613, 35.768397 ], [ 139.662306, 35.768476 ], [ 139.662126, 35.768513 ], [ 139.661459, 35.768588 ], [ 139.66135, 35.768699 ], [ 139.661303, 35.768802 ], [ 139.661163, 35.768885 ], [ 139.661059, 35.768971 ], [ 139.660822, 35.769199 ], [ 139.660631, 35.769366 ], [ 139.660643, 35.769414 ], [ 139.660065, 35.770017 ], [ 139.659906, 35.770219 ], [ 139.659737, 35.770486 ], [ 139.659695, 35.770558 ], [ 139.659539, 35.770789 ], [ 139.6593, 35.771176 ], [ 139.659214, 35.77131 ], [ 139.659106, 35.771512 ], [ 139.659095, 35.771564 ], [ 139.65902, 35.771746 ], [ 139.65897, 35.771946 ], [ 139.65895, 35.772104 ], [ 139.658956, 35.772213 ], [ 139.658958, 35.772258 ], [ 139.659008, 35.772426 ], [ 139.659082, 35.772618 ], [ 139.659107, 35.772665 ], [ 139.659239, 35.772915 ], [ 139.659358, 35.77313 ], [ 139.659361, 35.773135 ], [ 139.659496, 35.773387 ], [ 139.659688, 35.773768 ], [ 139.659742, 35.773875 ], [ 139.659769, 35.77393 ], [ 139.659914, 35.774186 ], [ 139.660058, 35.774443 ], [ 139.660071, 35.774465 ], [ 139.660194, 35.774711 ], [ 139.660219, 35.77488 ], [ 139.660162, 35.775077 ], [ 139.66014, 35.775111 ], [ 139.66002, 35.775302 ], [ 139.659916, 35.775421 ], [ 139.659739, 35.775657 ], [ 139.659775, 35.77566 ], [ 139.660006, 35.775676 ], [ 139.661353, 35.77577 ], [ 139.661369, 35.775772 ], [ 139.6621, 35.775821 ], [ 139.662823, 35.775869 ], [ 139.663758, 35.775937 ], [ 139.663984, 35.775957 ], [ 139.664261, 35.775968 ], [ 139.664457, 35.775955 ], [ 139.664347, 35.775597 ], [ 139.664251, 35.775257 ], [ 139.664225, 35.775147 ], [ 139.664159, 35.774922 ], [ 139.664083, 35.774661 ], [ 139.66399, 35.774343 ], [ 139.663917, 35.774125 ], [ 139.66374, 35.773743 ], [ 139.663557, 35.773369 ], [ 139.663369, 35.773019 ], [ 139.663264, 35.772841 ], [ 139.663159, 35.772662 ], [ 139.66311, 35.772576 ], [ 139.662941, 35.772284 ], [ 139.662925, 35.772253 ], [ 139.662824, 35.77206 ], [ 139.662808, 35.771987 ], [ 139.662807, 35.771983 ], [ 139.66279, 35.771907 ], [ 139.662778, 35.771766 ], [ 139.662796, 35.771599 ], [ 139.662815, 35.771459 ], [ 139.662859, 35.771008 ], [ 139.662867, 35.770994 ], [ 139.662884, 35.770831 ], [ 139.662892, 35.770759 ], [ 139.662921, 35.77044 ], [ 139.662924, 35.770411 ], [ 139.662934, 35.770312 ], [ 139.662936, 35.770291 ], [ 139.66298, 35.769854 ], [ 139.662976, 35.769812 ], [ 139.662955, 35.769483 ], [ 139.662944, 35.769308 ], [ 139.662913, 35.768932 ], [ 139.662902, 35.768735 ], [ 139.663347, 35.768641 ], [ 139.66335, 35.768603 ], [ 139.663564, 35.76857 ], [ 139.663552, 35.76853 ], [ 139.663921, 35.768471 ], [ 139.664255, 35.768409 ], [ 139.664311, 35.768391 ], [ 139.66425, 35.768171 ] ] ] } },
{ "type": "Feature", "properties": { "key": "板橋区|徳丸3丁目", "ward": "板橋区", "town": "徳丸三丁目" }, "geometry": { "type": "Polygon", "coordinates": [ [ [ 139.661059, 35.768971 ], [ 139.661163, 35.768885 ], [ 139.661303, 35.768802 ], [ 139.66135, 35.768699 ], [ 139.661293, 35.768702 ], [ 139.661016, 35.768715 ], [ 139.66076, 35.768727 ], [ 139.66023, 35.768765 ], [ 139.660197, 35.768767 ], [ 139.659944, 35.768784 ], [ 139.659697, 35.768801 ], [ 139.659513, 35.768813 ], [ 139.659186, 35.768846 ], [ 139.658906, 35.768858 ], [ 139.658611, 35.768871 ], [ 139.65817, 35.768899 ], [ 139.657991, 35.768922 ], [ 139.65783, 35.768973 ], [ 139.6578, 35.768988 ], [ 139.657726, 35.769014 ], [ 139.657416, 35.769081 ], [ 139.657353, 35.769082 ], [ 139.656392, 35.76915 ], [ 139.656386, 35.769133 ], [ 139.65638, 35.769133 ], [ 139.656083, 35.769164 ], [ 139.655443, 35.769199 ], [ 139.655281, 35.769209 ], [ 139.654708, 35.769249 ], [ 139.654395, 35.769266 ], [ 139.654417, 35.769609 ], [ 139.654439, 35.769869 ], [ 139.654471, 35.770126 ], [ 139.654665, 35.770127 ], [ 139.654734, 35.770756 ], [ 139.654772, 35.771009 ], [ 139.6549, 35.77142 ], [ 139.655103, 35.772119 ], [ 139.655178, 35.772346 ], [ 139.655386, 35.773076 ], [ 139.655503, 35.773402 ], [ 139.655564, 35.773627 ], [ 139.655592, 35.773812 ], [ 139.655604, 35.773965 ], [ 139.655586, 35.774178 ], [ 139.65558, 35.774207 ], [ 139.655562, 35.774631 ], [ 139.655536, 35.774827 ], [ 139.655467, 35.775047 ], [ 139.655436, 35.77531 ], [ 139.655437, 35.775368 ], [ 139.655488, 35.775456 ], [ 139.655622, 35.77551 ], [ 139.655827, 35.775545 ], [ 139.655844, 35.775548 ], [ 139.656012, 35.775692 ], [ 139.656079, 35.775775 ], [ 139.656218, 35.77604 ], [ 139.656284, 35.776256 ], [ 139.656643, 35.776209 ], [ 139.656658, 35.776207 ], [ 139.657082, 35.776151 ], [ 139.657312, 35.77612 ], [ 139.657878, 35.776034 ], [ 139.657901, 35.776033 ], [ 139.658352, 35.77594 ], [ 139.658376, 35.775936 ], [ 139.659245, 35.775758 ], [ 139.6596, 35.775686 ], [ 139.659739, 35.775657 ], [ 139.659916, 35.775421 ], [ 139.66002, 35.775302 ], [ 139.66014, 35.775111 ], [ 139.660162, 35.775077 ], [ 139.660219, 35.77488 ], [ 139.660194, 35.774711 ], [ 139.660071, 35.774465 ], [ 139.660058, 35.774443 ], [ 139.659914, 35.774186 ], [ 139.659769, 35.77393 ], [ 139.659742, 35.773875 ], [ 139.659688, 35.773768 ], [ 139.659496, 35.773387 ], [ 139.659361, 35.773135 ], [ 139.659358, 35.77313 ], [ 139.659239, 35.772915 ], [ 139.659107, 35.772665 ], [ 139.659082, 35.772618 ], [ 139.659008, 35.772426 ], [ 139.658958, 35.772258 ], [ 139.658956, 35.772213 ], [ 139.65895, 35.772104 ], [ 139.65897, 35.771946 ], [ 139.65902, 35.771746 ], [ 139.659095, 35.771564 ], [ 139.659106, 35.771512 ], [ 139.659214, 35.77131 ], [ 139.6593, 35.771176 ], [ 139.659539, 35.770789 ], [ 139.659695, 35.770558 ], [ 139.659737, 35.770486 ], [ 139.659906, 35.770219 ], [ 139.660065, 35.770017 ], [ 139.660643, 35.769414 ], [ 139.660631, 35.769366 ], [ 139.660822, 35.769199 ], [ 139.661059, 35.768971 ] ] ] } },
{ "type": "Feature", "properties": { "key": "板橋区|徳丸4丁目", "ward": "板橋区", "town": "徳丸四丁目" }, "geometry": { "type": "Polygon", "coordinates": [ [ [ 139.655467, 35.775047 ], [ 139.655536, 35.774827 ], [ 139.655562, 35.774631 ], [ 139.65558, 35.774207 ], [ 139.655586, 35.774178 ], [ 139.655604, 35.773965 ], [ 139.655592, 35.773812 ], [ 139.655564, 35.773627 ], [ 139.655503, 35.773402 ], [ 139.655386, 35.773076 ], [ 139.655178, 35.772346 ], [ 139.655103, 35.772119 ], [ 139.6549, 35.77142 ], [ 139.654772, 35.771009 ], [ 139.654734, 35.770756 ], [ 139.654665, 35.770127 ], [ 139.654471, 35.770126 ], [ 139.654439, 35.769869 ], [ 139.654417, 35.769609 ], [ 139.654395, 35.769266 ], [ 139.654373, 35.769171 ], [ 139.654264, 35.769158 ], [ 139.653974, 35.769186 ], [ 139.653893, 35.769187 ], [ 139.653619, 35.769104 ], [ 139.65303, 35.769067 ], [ 139.652856, 35.76901 ], [ 139.652746, 35.768942 ], [ 139.652572, 35.768717 ], [ 139.652456, 35.76873 ], [ 139.652204, 35.768753 ], [ 139.652133, 35.768759 ], [ 139.652147, 35.768935 ], [ 139.652153, 35.769064 ], [ 139.652141, 35.769164 ], [ 139.651984, 35.769266 ], [ 139.651958, 35.769312 ], [ 139.65197, 35.769419 ], [ 139.651972, 35.76944 ], [ 139.651968, 35.76962 ], [ 139.651937, 35.769733 ], [ 139.65188, 35.770021 ], [ 139.651844, 35.770154 ], [ 139.65183, 35.770205 ], [ 139.651788, 35.770376 ], [ 139.651749, 35.77049 ], [ 139.651639, 35.770814 ], [ 139.651624, 35.770858 ], [ 139.651451, 35.771387 ], [ 139.65132, 35.771745 ], [ 139.65133, 35.771762 ], [ 139.651164, 35.772341 ], [ 139.651079, 35.7726 ], [ 139.650916, 35.772835 ], [ 139.650864, 35.772989 ], [ 139.650757, 35.77322 ], [ 139.650726, 35.77346 ], [ 139.650689, 35.77367 ], [ 139.650685, 35.773706 ], [ 139.65068, 35.773755 ], [ 139.650679, 35.77377 ], [ 139.650578, 35.774743 ], [ 139.650603, 35.775001 ], [ 139.651424, 35.775115 ], [ 139.651581, 35.77505 ], [ 139.651643, 35.775053 ], [ 139.651758, 35.775115 ], [ 139.652076, 35.775191 ], [ 139.652067, 35.775229 ], [ 139.652854, 35.775618 ], [ 139.653174, 35.77578 ], [ 139.653379, 35.775881 ], [ 139.653499, 35.775941 ], [ 139.653615, 35.77599 ], [ 139.653794, 35.776067 ], [ 139.653878, 35.776104 ], [ 139.654069, 35.776167 ], [ 139.654586, 35.77628 ], [ 139.654919, 35.776328 ], [ 139.655269, 35.776328 ], [ 139.655588, 35.77631 ], [ 139.656284, 35.776256 ], [ 139.656218, 35.77604 ], [ 139.656079, 35.775775 ], [ 139.656012, 35.775692 ], [ 139.655844, 35.775548 ], [ 139.655827, 35.775545 ], [ 139.655622, 35.77551 ], [ 139.655488, 35.775456 ], [ 139.655437, 35.775368 ], [ 139.655436, 35.77531 ], [ 139.655467, 35.775047 ] ] ] } },
{ "type": "Feature", "properties": { "key": "板橋区|徳丸5丁目", "ward": "板橋区", "town": "徳丸五丁目" }, "geometry": { "type": "Polygon", "coordinates": [ [ [ 139.659739, 35.775657 ], [ 139.6596, 35.775686 ], [ 139.659245, 35.775758 ], [ 139.658376, 35.775936 ], [ 139.658352, 35.77594 ], [ 139.657901, 35.776033 ], [ 139.657878, 35.776034 ], [ 139.657312, 35.77612 ], [ 139.657082, 35.776151 ], [ 139.656658, 35.776207 ], [ 139.656643, 35.776209 ], [ 139.656284, 35.776256 ], [ 139.655588, 35.77631 ], [ 139.655269, 35.776328 ], [ 139.654919, 35.776328 ], [ 139.654586, 35.77628 ], [ 139.654069, 35.776167 ], [ 139.653768, 35.776685 ], [ 139.653771, 35.776962 ], [ 139.653779, 35.777347 ], [ 139.653757, 35.777735 ], [ 139.653748, 35.777908 ], [ 139.653705, 35.778452 ], [ 139.653706, 35.778483 ], [ 139.653739, 35.779119 ], [ 139.65375, 35.779155 ], [ 139.65379, 35.779568 ], [ 139.653786, 35.779659 ], [ 139.6544, 35.779771 ], [ 139.654829, 35.779846 ], [ 139.654854, 35.77985 ], [ 139.6551, 35.779881 ], [ 139.655351, 35.779862 ], [ 139.65573, 35.779848 ], [ 139.655971, 35.779833 ], [ 139.656342, 35.779809 ], [ 139.656414, 35.779798 ], [ 139.657113, 35.779648 ], [ 139.657339, 35.7796 ], [ 139.657536, 35.779412 ], [ 139.657699, 35.779213 ], [ 139.657741, 35.779133 ], [ 139.658118, 35.778697 ], [ 139.658332, 35.778417 ], [ 139.658335, 35.778412 ], [ 139.658468, 35.777975 ], [ 139.658473, 35.777958 ], [ 139.658539, 35.777742 ], [ 139.658622, 35.77747 ], [ 139.658623, 35.777463 ], [ 139.65866, 35.777305 ], [ 139.658695, 35.777218 ], [ 139.658809, 35.777003 ], [ 139.658856, 35.776939 ], [ 139.658866, 35.776926 ], [ 139.659182, 35.776452 ], [ 139.659227, 35.776386 ], [ 139.659739, 35.775657 ] ] ] } },
{ "type": "Feature", "properties": { "key": "板橋区|徳丸6丁目", "ward": "板橋区", "town": "徳丸六丁目" }, "geometry": { "type": "Polygon", "coordinates": [ [ [ 139.66522, 35.780069 ], [ 139.665218, 35.780056 ], [ 139.665143, 35.779654 ], [ 139.665139, 35.779635 ], [ 139.665064, 35.77923 ], [ 139.664913, 35.778417 ], [ 139.66491, 35.778398 ], [ 139.66481, 35.777751 ], [ 139.664742, 35.777322 ], [ 139.664734, 35.777275 ], [ 139.664671, 35.776901 ], [ 139.664476, 35.775969 ], [ 139.664457, 35.775955 ], [ 139.664261, 35.775968 ], [ 139.663984, 35.775957 ], [ 139.663758, 35.775937 ], [ 139.662823, 35.775869 ], [ 139.6621, 35.775821 ], [ 139.661369, 35.775772 ], [ 139.661353, 35.77577 ], [ 139.660006, 35.775676 ], [ 139.659775, 35.77566 ], [ 139.659739, 35.775657 ], [ 139.659227, 35.776386 ], [ 139.659182, 35.776452 ], [ 139.658866, 35.776926 ], [ 139.658856, 35.776939 ], [ 139.658809, 35.777003 ], [ 139.658695, 35.777218 ], [ 139.65866, 35.777305 ], [ 139.658623, 35.777463 ], [ 139.658622, 35.77747 ], [ 139.658539, 35.777742 ], [ 139.658473, 35.777958 ], [ 139.658468, 35.777975 ], [ 139.658335, 35.778412 ], [ 139.658332, 35.778417 ], [ 139.658118, 35.778697 ], [ 139.657741, 35.779133 ], [ 139.657699, 35.779213 ], [ 139.657536, 35.779412 ], [ 139.657339, 35.7796 ], [ 139.657642, 35.779633 ], [ 139.658112, 35.779669 ], [ 139.658192, 35.779683 ], [ 139.658581, 35.779689 ], [ 139.658825, 35.779677 ], [ 139.659328, 35.77967 ], [ 139.659629, 35.779671 ], [ 139.659821, 35.779698 ], [ 139.660409, 35.779888 ], [ 139.661206, 35.780152 ], [ 139.661313, 35.78019 ], [ 139.661728, 35.780285 ], [ 139.662099, 35.780344 ], [ 139.662165, 35.780342 ], [ 139.662361, 35.780364 ], [ 139.662746, 35.780368 ], [ 139.662762, 35.780371 ], [ 139.663315, 35.780399 ], [ 139.663344, 35.780399 ], [ 139.664108, 35.780428 ], [ 139.664668, 35.780499 ], [ 139.665316, 35.78059 ], [ 139.66531, 35.780558 ], [ 139.66522, 35.780069 ] ] ] } },
{ "type": "Feature", "properties": { "key": "板橋区|徳丸7丁目", "ward": "板橋区", "town": "徳丸七丁目" }, "geometry": { "type": "Polygon", "coordinates": [ [ [ 139.665399, 35.78109 ], [ 139.665316, 35.78059 ], [ 139.664668, 35.780499 ], [ 139.664108, 35.780428 ], [ 139.663344, 35.780399 ], [ 139.663315, 35.780399 ], [ 139.662762, 35.780371 ], [ 139.662746, 35.780368 ], [ 139.662361, 35.780364 ], [ 139.662165, 35.780342 ], [ 139.662099, 35.780344 ], [ 139.661728, 35.780285 ], [ 139.661313, 35.78019 ], [ 139.661206, 35.780152 ], [ 139.660409, 35.779888 ], [ 139.659821, 35.779698 ], [ 139.659629, 35.779671 ], [ 139.659328, 35.77967 ], [ 139.658825, 35.779677 ], [ 139.658581, 35.779689 ], [ 139.658192, 35.779683 ], [ 139.658257, 35.77987 ], [ 139.658374, 35.780164 ], [ 139.658396, 35.780257 ], [ 139.658402, 35.780368 ], [ 139.6585, 35.780687 ], [ 139.658534, 35.780749 ], [ 139.658655, 35.780942 ], [ 139.658767, 35.781258 ], [ 139.658919, 35.78167 ], [ 139.659772, 35.781443 ], [ 139.660441, 35.781254 ], [ 139.660459, 35.781248 ], [ 139.660571, 35.78155 ], [ 139.660647, 35.78177 ], [ 139.660657, 35.781797 ], [ 139.660754, 35.782041 ], [ 139.660867, 35.782319 ], [ 139.661716, 35.782139 ], [ 139.661792, 35.782123 ], [ 139.662717, 35.781929 ], [ 139.663142, 35.78184 ], [ 139.663786, 35.781702 ], [ 139.664265, 35.781599 ], [ 139.66481, 35.781485 ], [ 139.665303, 35.781382 ], [ 139.66545, 35.781352 ], [ 139.665399, 35.78109 ] ] ] } },
{ "type": "Feature", "properties": { "key": "板橋区|徳丸8丁目", "ward": "板橋区", "town": "徳丸八丁目" }, "geometry": { "type": "Polygon", "coordinates": [ [ [ 139.660571, 35.78155 ], [ 139.660459, 35.781248 ], [ 139.660441, 35.781254 ], [ 139.659772, 35.781443 ], [ 139.658919, 35.78167 ], [ 139.658767, 35.781258 ], [ 139.658655, 35.780942 ], [ 139.658534, 35.780749 ], [ 139.6585, 35.780687 ], [ 139.658402, 35.780368 ], [ 139.658396, 35.780257 ], [ 139.658374, 35.780164 ], [ 139.658257, 35.77987 ], [ 139.658192, 35.779683 ], [ 139.658112, 35.779669 ], [ 139.657642, 35.779633 ], [ 139.657339, 35.7796 ], [ 139.657113, 35.779648 ], [ 139.656414, 35.779798 ], [ 139.656342, 35.779809 ], [ 139.655971, 35.779833 ], [ 139.65573, 35.779848 ], [ 139.655351, 35.779862 ], [ 139.6551, 35.779881 ], [ 139.654854, 35.77985 ], [ 139.654829, 35.779846 ], [ 139.6544, 35.779771 ], [ 139.653786, 35.779659 ], [ 139.653699, 35.780224 ], [ 139.654688, 35.780364 ], [ 139.654489, 35.780964 ], [ 139.654996, 35.781093 ], [ 139.654828, 35.78172 ], [ 139.654542, 35.781774 ], [ 139.65444, 35.782257 ], [ 139.654397, 35.782463 ], [ 139.654813, 35.78301 ], [ 139.654854, 35.783065 ], [ 139.654468, 35.78321 ], [ 139.654395, 35.783237 ], [ 139.654011, 35.783414 ], [ 139.654139, 35.783706 ], [ 139.654199, 35.783941 ], [ 139.655397, 35.78362 ], [ 139.656244, 35.783383 ], [ 139.657055, 35.783163 ], [ 139.657824, 35.78296 ], [ 139.657915, 35.782948 ], [ 139.658692, 35.78278 ], [ 139.659334, 35.782646 ], [ 139.659564, 35.782597 ], [ 139.660193, 35.782463 ], [ 139.660428, 35.782413 ], [ 139.660609, 35.782374 ], [ 139.660867, 35.782319 ], [ 139.660754, 35.782041 ], [ 139.660657, 35.781797 ], [ 139.660647, 35.78177 ], [ 139.660571, 35.78155 ] ] ] } },
{ "type": "Feature", "properties": { "key": "板橋区|東山町", "ward": "板橋区", "town": "東山町" }, "geometry": { "type": "Polygon", "coordinates": [ [ [ 139.68968, 35.75364 ], [ 139.689559, 35.753514 ], [ 139.689514, 35.753465 ], [ 139.689285, 35.753215 ], [ 139.689203, 35.753125 ], [ 139.688718, 35.752606 ], [ 139.688678, 35.752561 ], [ 139.688245, 35.752066 ], [ 139.688085, 35.751897 ], [ 139.687875, 35.751763 ], [ 139.687596, 35.751673 ], [ 139.687404, 35.751657 ], [ 139.686895, 35.7517 ], [ 139.686893, 35.751707 ], [ 139.686034, 35.751768 ], [ 139.685972, 35.751772 ], [ 139.685515, 35.751803 ], [ 139.685067, 35.751834 ], [ 139.684546, 35.751868 ], [ 139.684534, 35.751869 ], [ 139.68383, 35.751914 ], [ 139.683807, 35.751916 ], [ 139.683797, 35.751916 ], [ 139.683632, 35.751929 ], [ 139.683444, 35.751943 ], [ 139.683485, 35.752542 ], [ 139.683505, 35.752957 ], [ 139.683504, 35.753597 ], [ 139.683516, 35.753779 ], [ 139.683906, 35.753756 ], [ 139.684121, 35.753724 ], [ 139.684257, 35.753725 ], [ 139.684407, 35.753747 ], [ 139.684885, 35.753848 ], [ 139.68478, 35.75432 ], [ 139.684828, 35.75466 ], [ 139.68491, 35.75481 ], [ 139.685047, 35.755541 ], [ 139.684994, 35.756169 ], [ 139.684957, 35.756426 ], [ 139.68496, 35.756493 ], [ 139.68497, 35.756678 ], [ 139.685005, 35.756834 ], [ 139.685033, 35.756815 ], [ 139.685239, 35.756707 ], [ 139.685291, 35.756678 ], [ 139.685542, 35.756531 ], [ 139.685749, 35.75641 ], [ 139.685965, 35.756284 ], [ 139.686124, 35.756191 ], [ 139.686301, 35.756088 ], [ 139.686416, 35.756021 ], [ 139.686725, 35.755852 ], [ 139.686728, 35.75585 ], [ 139.687427, 35.755447 ], [ 139.68744, 35.755438 ], [ 139.687867, 35.755149 ], [ 139.687983, 35.75507 ], [ 139.688065, 35.755015 ], [ 139.688294, 35.75486 ], [ 139.688531, 35.754699 ], [ 139.688782, 35.75453 ], [ 139.688836, 35.754493 ], [ 139.689082, 35.754327 ], [ 139.689507, 35.754027 ], [ 139.689831, 35.753798 ], [ 139.68968, 35.75364 ] ] ] } },
{ "type": "Feature", "properties": { "key": "板橋区|桜川1丁目", "ward": "板橋区", "town": "桜川一丁目" }, "geometry": { "type": "Polygon", "coordinates": [ [ [ 139.677977, 35.753284 ], [ 139.677954, 35.753073 ], [ 139.677898, 35.75311 ], [ 139.676838, 35.75389 ], [ 139.67577, 35.754659 ], [ 139.675693, 35.754695 ], [ 139.675414, 35.754784 ], [ 139.674892, 35.754899 ], [ 139.674569, 35.754961 ], [ 139.674137, 35.755063 ], [ 139.673994, 35.755076 ], [ 139.673776, 35.755058 ], [ 139.673578, 35.754942 ], [ 139.673316, 35.754654 ], [ 139.673281, 35.754697 ], [ 139.673329, 35.754784 ], [ 139.673331, 35.754884 ], [ 139.673273, 35.755066 ], [ 139.673251, 35.755235 ], [ 139.673447, 35.756117 ], [ 139.673492, 35.756375 ], [ 139.673526, 35.756653 ], [ 139.673541, 35.757194 ], [ 139.673839, 35.758688 ], [ 139.673845, 35.758718 ], [ 139.674134, 35.758618 ], [ 139.675058, 35.758297 ], [ 139.675085, 35.758287 ], [ 139.675309, 35.758113 ], [ 139.675554, 35.75793 ], [ 139.676775, 35.757015 ], [ 139.678046, 35.756063 ], [ 139.678024, 35.755356 ], [ 139.677977, 35.753284 ] ] ] } },
{ "type": "Feature", "properties": { "key": "板橋区|桜川2丁目", "ward": "板橋区", "town": "桜川二丁目" }, "geometry": { "type": "Polygon", "coordinates": [ [ [ 139.679736, 35.757375 ], [ 139.679703, 35.757198 ], [ 139.679713, 35.757175 ], [ 139.679552, 35.75729 ], [ 139.679378, 35.757349 ], [ 139.679193, 35.757389 ], [ 139.678656, 35.757464 ], [ 139.678186, 35.757529 ], [ 139.678181, 35.757514 ], [ 139.678134, 35.757378 ], [ 139.678085, 35.757169 ], [ 139.678076, 35.757049 ], [ 139.678046, 35.756063 ], [ 139.676775, 35.757015 ], [ 139.675554, 35.75793 ], [ 139.675309, 35.758113 ], [ 139.675612, 35.758398 ], [ 139.675681, 35.75862 ], [ 139.675682, 35.758623 ], [ 139.675792, 35.758979 ], [ 139.67594, 35.759461 ], [ 139.676056, 35.759877 ], [ 139.676081, 35.759937 ], [ 139.676186, 35.760297 ], [ 139.676279, 35.760575 ], [ 139.677805, 35.76015 ], [ 139.67822, 35.760034 ], [ 139.678734, 35.759891 ], [ 139.678779, 35.759877 ], [ 139.678907, 35.759836 ], [ 139.678949, 35.759825 ], [ 139.6796, 35.759652 ], [ 139.679619, 35.759647 ], [ 139.679627, 35.759371 ], [ 139.679634, 35.759075 ], [ 139.679637, 35.759048 ], [ 139.679685, 35.758615 ], [ 139.679668, 35.758596 ], [ 139.679762, 35.758267 ], [ 139.679764, 35.758222 ], [ 139.679778, 35.757885 ], [ 139.679768, 35.757774 ], [ 139.679736, 35.757375 ] ] ] } },
{ "type": "Feature", "properties": { "key": "板橋区|桜川3丁目", "ward": "板橋区", "town": "桜川三丁目" }, "geometry": { "type": "Polygon", "coordinates": [ [ [ 139.67594, 35.759461 ], [ 139.675792, 35.758979 ], [ 139.675682, 35.758623 ], [ 139.675681, 35.75862 ], [ 139.675612, 35.758398 ], [ 139.675309, 35.758113 ], [ 139.675085, 35.758287 ], [ 139.675058, 35.758297 ], [ 139.674134, 35.758618 ], [ 139.673845, 35.758718 ], [ 139.67351, 35.758835 ], [ 139.673637, 35.758962 ], [ 139.673558, 35.759039 ], [ 139.673345, 35.759258 ], [ 139.673012, 35.759589 ], [ 139.673026, 35.759617 ], [ 139.673006, 35.759637 ], [ 139.672945, 35.7597 ], [ 139.672909, 35.759678 ], [ 139.672759, 35.759787 ], [ 139.672728, 35.759811 ], [ 139.67226, 35.760163 ], [ 139.672136, 35.760364 ], [ 139.672103, 35.760418 ], [ 139.671961, 35.760492 ], [ 139.671896, 35.760521 ], [ 139.67189, 35.760524 ], [ 139.671817, 35.760534 ], [ 139.671819, 35.760544 ], [ 139.671838, 35.7607 ], [ 139.671847, 35.760716 ], [ 139.671872, 35.760768 ], [ 139.671874, 35.760773 ], [ 139.671607, 35.760849 ], [ 139.671278, 35.761382 ], [ 139.671258, 35.76142 ], [ 139.6712, 35.761502 ], [ 139.670977, 35.761847 ], [ 139.670834, 35.762068 ], [ 139.671347, 35.761936 ], [ 139.671776, 35.761825 ], [ 139.671825, 35.761811 ], [ 139.672797, 35.761537 ], [ 139.6731, 35.761446 ], [ 139.673371, 35.761365 ], [ 139.673605, 35.761295 ], [ 139.673929, 35.761211 ], [ 139.674347, 35.761104 ], [ 139.67476, 35.760978 ], [ 139.674812, 35.760963 ], [ 139.675422, 35.76079 ], [ 139.675455, 35.760782 ], [ 139.676234, 35.760586 ], [ 139.676279, 35.760575 ], [ 139.676186, 35.760297 ], [ 139.676081, 35.759937 ], [ 139.676056, 35.759877 ], [ 139.67594, 35.759461 ] ] ] } },
{ "type": "Feature", "properties": { "key": "板橋区|高島平1丁目", "ward": "板橋区", "town": "高島平一丁目" }, "geometry": { "type": "Polygon", "coordinates": [ [ [ 139.670364, 35.786753 ], [ 139.670388, 35.786937 ], [ 139.670406, 35.787075 ], [ 139.670424, 35.787219 ], [ 139.670446, 35.787236 ], [ 139.670999, 35.787168 ], [ 139.671517, 35.787125 ], [ 139.672541, 35.787037 ], [ 139.673686, 35.78693 ], [ 139.673684, 35.786915 ], [ 139.674401, 35.786856 ], [ 139.674382, 35.786695 ], [ 139.674372, 35.786648 ], [ 139.674328, 35.786443 ], [ 139.674238, 35.785779 ], [ 139.67424, 35.785752 ], [ 139.674167, 35.785233 ], [ 139.67411, 35.784818 ], [ 139.674082, 35.784602 ], [ 139.674062, 35.784446 ], [ 139.674051, 35.784364 ], [ 139.674027, 35.78418 ], [ 139.67397, 35.783748 ], [ 139.673959, 35.783665 ], [ 139.673954, 35.783625 ], [ 139.673887, 35.783111 ], [ 139.673861, 35.782913 ], [ 139.673855, 35.782805 ], [ 139.673839, 35.782491 ], [ 139.673814, 35.782193 ], [ 139.673789, 35.781767 ], [ 139.673723, 35.781773 ], [ 139.673722, 35.781685 ], [ 139.673786, 35.781472 ], [ 139.67378, 35.781451 ], [ 139.673761, 35.781386 ], [ 139.673747, 35.781212 ], [ 139.673734, 35.781058 ], [ 139.673686, 35.780449 ], [ 139.67365, 35.780459 ], [ 139.672434, 35.780992 ], [ 139.672285, 35.781033 ], [ 139.67207, 35.78105 ], [ 139.671574, 35.781082 ], [ 139.67101, 35.781116 ], [ 139.670969, 35.781118 ], [ 139.670857, 35.781129 ], [ 139.670587, 35.781104 ], [ 139.670363, 35.78112 ], [ 139.670197, 35.781135 ], [ 139.669722, 35.781179 ], [ 139.669709, 35.78118 ], [ 139.669091, 35.781224 ], [ 139.668458, 35.78127 ], [ 139.667181, 35.781374 ], [ 139.667143, 35.781377 ], [ 139.666373, 35.781443 ], [ 139.666361, 35.781444 ], [ 139.665866, 35.781509 ], [ 139.665488, 35.781543 ], [ 139.66545, 35.781352 ], [ 139.665303, 35.781382 ], [ 139.665554, 35.782128 ], [ 139.665733, 35.782594 ], [ 139.665837, 35.782921 ], [ 139.665853, 35.782972 ], [ 139.666052, 35.783604 ], [ 139.66613, 35.78389 ], [ 139.666283, 35.784348 ], [ 139.666412, 35.784749 ], [ 139.66658, 35.785253 ], [ 139.666642, 35.785449 ], [ 139.666656, 35.785492 ], [ 139.666695, 35.785617 ], [ 139.666742, 35.785765 ], [ 139.666906, 35.786286 ], [ 139.667025, 35.786664 ], [ 139.667072, 35.786812 ], [ 139.66707, 35.78684 ], [ 139.667067, 35.786874 ], [ 139.667147, 35.7871 ], [ 139.667081, 35.787217 ], [ 139.667157, 35.787457 ], [ 139.668332, 35.787194 ], [ 139.668673, 35.787119 ], [ 139.668768, 35.787098 ], [ 139.669388, 35.786961 ], [ 139.670364, 35.786753 ] ] ] } },
{ "type": "Feature", "properties": { "key": "板橋区|高島平2丁目", "ward": "板橋区", "town": "高島平二丁目" }, "geometry": { "type": "Polygon", "coordinates": [ [ [ 139.665303, 35.781382 ], [ 139.66481, 35.781485 ], [ 139.664265, 35.781599 ], [ 139.663786, 35.781702 ], [ 139.663142, 35.78184 ], [ 139.662717, 35.781929 ], [ 139.661792, 35.782123 ], [ 139.661716, 35.782139 ], [ 139.660867, 35.782319 ], [ 139.660609, 35.782374 ], [ 139.660428, 35.782413 ], [ 139.660193, 35.782463 ], [ 139.659564, 35.782597 ], [ 139.659334, 35.782646 ], [ 139.658692, 35.78278 ], [ 139.657915, 35.782948 ], [ 139.658128, 35.783583 ], [ 139.6584, 35.784389 ], [ 139.658627, 35.785055 ], [ 139.658885, 35.78581 ], [ 139.659005, 35.786163 ], [ 139.659056, 35.786312 ], [ 139.659099, 35.786436 ], [ 139.65912, 35.7865 ], [ 139.659182, 35.786681 ], [ 139.659207, 35.786753 ], [ 139.659228, 35.786816 ], [ 139.65928, 35.786967 ], [ 139.65932, 35.787084 ], [ 139.659356, 35.787189 ], [ 139.65936, 35.787203 ], [ 139.659397, 35.787309 ], [ 139.65943, 35.787407 ], [ 139.659459, 35.787492 ], [ 139.659493, 35.787593 ], [ 139.659523, 35.78768 ], [ 139.659558, 35.787781 ], [ 139.659601, 35.787908 ], [ 139.65964, 35.788021 ], [ 139.659654, 35.788063 ], [ 139.659785, 35.788447 ], [ 139.659873, 35.788741 ], [ 139.659827, 35.788851 ], [ 139.659888, 35.78904 ], [ 139.660066, 35.789001 ], [ 139.660764, 35.788847 ], [ 139.662055, 35.788573 ], [ 139.662984, 35.78837 ], [ 139.664247, 35.788093 ], [ 139.664836, 35.787962 ], [ 139.667155, 35.787474 ], [ 139.667157, 35.787457 ], [ 139.667081, 35.787217 ], [ 139.667147, 35.7871 ], [ 139.667067, 35.786874 ], [ 139.66707, 35.78684 ], [ 139.667072, 35.786812 ], [ 139.667025, 35.786664 ], [ 139.666906, 35.786286 ], [ 139.666742, 35.785765 ], [ 139.666695, 35.785617 ], [ 139.666656, 35.785492 ], [ 139.666642, 35.785449 ], [ 139.66658, 35.785253 ], [ 139.666412, 35.784749 ], [ 139.666283, 35.784348 ], [ 139.66613, 35.78389 ], [ 139.666052, 35.783604 ], [ 139.665853, 35.782972 ], [ 139.665837, 35.782921 ], [ 139.665733, 35.782594 ], [ 139.665554, 35.782128 ], [ 139.665303, 35.781382 ] ] ] } },
{ "type": "Feature", "properties": { "key": "板橋区|高島平3丁目", "ward": "板橋区", "town": "高島平三丁目" }, "geometry": { "type": "Polygon", "coordinates": [ [ [ 139.657915, 35.782948 ], [ 139.657824, 35.78296 ], [ 139.657055, 35.783163 ], [ 139.656244, 35.783383 ], [ 139.655397, 35.78362 ], [ 139.654199, 35.783941 ], [ 139.653591, 35.784107 ], [ 139.653037, 35.784258 ], [ 139.652685, 35.784361 ], [ 139.652291, 35.784466 ], [ 139.651781, 35.784615 ], [ 139.651263, 35.78475 ], [ 139.651211, 35.784764 ], [ 139.651457, 35.785518 ], [ 139.651401, 35.785633 ], [ 139.651422, 35.785653 ], [ 139.651494, 35.785722 ], [ 139.651576, 35.785971 ], [ 139.651563, 35.786013 ], [ 139.651606, 35.78606 ], [ 139.651691, 35.786326 ], [ 139.651679, 35.78638 ], [ 139.651688, 35.786389 ], [ 139.651716, 35.786422 ], [ 139.651806, 35.786748 ], [ 139.651909, 35.787068 ], [ 139.65191, 35.78714 ], [ 139.651931, 35.787224 ], [ 139.651982, 35.787257 ], [ 139.652044, 35.787456 ], [ 139.652122, 35.78774 ], [ 139.652212, 35.788025 ], [ 139.65228, 35.788306 ], [ 139.652363, 35.788648 ], [ 139.65233, 35.788666 ], [ 139.652339, 35.788707 ], [ 139.652429, 35.788762 ], [ 139.652463, 35.788858 ], [ 139.652655, 35.789547 ], [ 139.652749, 35.789816 ], [ 139.652696, 35.789848 ], [ 139.652698, 35.789868 ], [ 139.652741, 35.789896 ], [ 139.652816, 35.790169 ], [ 139.652807, 35.790233 ], [ 139.652877, 35.790431 ], [ 139.653711, 35.790272 ], [ 139.655193, 35.78998 ], [ 139.655841, 35.789857 ], [ 139.656157, 35.789789 ], [ 139.657313, 35.78957 ], [ 139.658232, 35.789392 ], [ 139.659556, 35.789108 ], [ 139.659888, 35.78904 ], [ 139.659827, 35.788851 ], [ 139.659873, 35.788741 ], [ 139.659785, 35.788447 ], [ 139.659654, 35.788063 ], [ 139.65964, 35.788021 ], [ 139.659601, 35.787908 ], [ 139.659558, 35.787781 ], [ 139.659523, 35.78768 ], [ 139.659493, 35.787593 ], [ 139.659459, 35.787492 ], [ 139.65943, 35.787407 ], [ 139.659397, 35.787309 ], [ 139.65936, 35.787203 ], [ 139.659356, 35.787189 ], [ 139.65932, 35.787084 ], [ 139.65928, 35.786967 ], [ 139.659228, 35.786816 ], [ 139.659207, 35.786753 ], [ 139.659182, 35.786681 ], [ 139.65912, 35.7865 ], [ 139.659099, 35.786436 ], [ 139.659056, 35.786312 ], [ 139.659005, 35.786163 ], [ 139.658885, 35.78581 ], [ 139.658627, 35.785055 ], [ 139.6584, 35.784389 ], [ 139.658128, 35.783583 ], [ 139.657915, 35.782948 ] ] ] } },
{ "type": "Feature", "properties": { "key": "板橋区|高島平4丁目", "ward": "板橋区", "town": "高島平四丁目" }, "geometry": { "type": "Polygon", "coordinates": [ [ [ 139.651211, 35.784764 ], [ 139.650004, 35.785097 ], [ 139.649714, 35.785169 ], [ 139.649359, 35.785245 ], [ 139.648855, 35.78535 ], [ 139.647651, 35.785593 ], [ 139.64764, 35.785608 ], [ 139.647823, 35.786241 ], [ 139.647789, 35.786289 ], [ 139.647809, 35.786344 ], [ 139.647878, 35.786392 ], [ 139.647981, 35.78671 ], [ 139.648084, 35.787056 ], [ 139.648041, 35.787099 ], [ 139.648075, 35.787136 ], [ 139.648193, 35.787467 ], [ 139.64828, 35.78776 ], [ 139.648212, 35.787853 ], [ 139.648227, 35.787882 ], [ 139.648252, 35.787945 ], [ 139.648333, 35.787958 ], [ 139.648529, 35.78858 ], [ 139.648502, 35.788641 ], [ 139.648548, 35.788662 ], [ 139.648735, 35.789336 ], [ 139.648693, 35.789365 ], [ 139.64871, 35.789401 ], [ 139.648766, 35.789427 ], [ 139.64889, 35.789803 ], [ 139.648994, 35.790151 ], [ 139.648954, 35.790196 ], [ 139.648993, 35.790211 ], [ 139.649089, 35.790514 ], [ 139.649038, 35.790564 ], [ 139.649117, 35.79058 ], [ 139.64929, 35.791135 ], [ 139.651117, 35.790776 ], [ 139.652877, 35.790431 ], [ 139.652807, 35.790233 ], [ 139.652816, 35.790169 ], [ 139.652741, 35.789896 ], [ 139.652698, 35.789868 ], [ 139.652696, 35.789848 ], [ 139.652749, 35.789816 ], [ 139.652655, 35.789547 ], [ 139.652463, 35.788858 ], [ 139.652429, 35.788762 ], [ 139.652339, 35.788707 ], [ 139.65233, 35.788666 ], [ 139.652363, 35.788648 ], [ 139.65228, 35.788306 ], [ 139.652212, 35.788025 ], [ 139.652122, 35.78774 ], [ 139.652044, 35.787456 ], [ 139.651982, 35.787257 ], [ 139.651931, 35.787224 ], [ 139.65191, 35.78714 ], [ 139.651909, 35.787068 ], [ 139.651806, 35.786748 ], [ 139.651716, 35.786422 ], [ 139.651688, 35.786389 ], [ 139.651679, 35.78638 ], [ 139.651691, 35.786326 ], [ 139.651606, 35.78606 ], [ 139.651563, 35.786013 ], [ 139.651576, 35.785971 ], [ 139.651494, 35.785722 ], [ 139.651422, 35.785653 ], [ 139.651401, 35.785633 ], [ 139.651457, 35.785518 ], [ 139.651211, 35.784764 ] ] ] } },
{ "type": "Feature", "properties": { "key": "板橋区|高島平5丁目", "ward": "板橋区", "town": "高島平五丁目" }, "geometry": { "type": "Polygon", "coordinates": [ [ [ 139.647651, 35.785593 ], [ 139.646635, 35.785789 ], [ 139.646145, 35.785882 ], [ 139.645721, 35.78596 ], [ 139.645785, 35.786199 ], [ 139.645207, 35.786358 ], [ 139.645056, 35.786404 ], [ 139.644854, 35.786487 ], [ 139.644807, 35.786532 ], [ 139.644643, 35.786743 ], [ 139.64447, 35.786944 ], [ 139.644363, 35.787068 ], [ 139.644322, 35.787165 ], [ 139.64414, 35.787574 ], [ 139.644047, 35.787779 ], [ 139.643967, 35.787957 ], [ 139.643944, 35.788007 ], [ 139.643805, 35.788398 ], [ 139.643722, 35.788646 ], [ 139.643661, 35.788824 ], [ 139.643628, 35.788929 ], [ 139.643553, 35.78923 ], [ 139.643469, 35.789647 ], [ 139.643457, 35.789698 ], [ 139.643439, 35.789774 ], [ 139.643465, 35.790165 ], [ 139.643485, 35.790466 ], [ 139.64358, 35.790871 ], [ 139.643623, 35.791002 ], [ 139.643699, 35.791209 ], [ 139.64384, 35.791591 ], [ 139.643933, 35.791875 ], [ 139.644039, 35.79217 ], [ 139.644259, 35.79212 ], [ 139.64601, 35.791773 ], [ 139.64929, 35.791135 ], [ 139.649117, 35.79058 ], [ 139.649038, 35.790564 ], [ 139.649089, 35.790514 ], [ 139.648993, 35.790211 ], [ 139.648954, 35.790196 ], [ 139.648994, 35.790151 ], [ 139.64889, 35.789803 ], [ 139.648766, 35.789427 ], [ 139.64871, 35.789401 ], [ 139.648693, 35.789365 ], [ 139.648735, 35.789336 ], [ 139.648548, 35.788662 ], [ 139.648502, 35.788641 ], [ 139.648529, 35.78858 ], [ 139.648333, 35.787958 ], [ 139.648252, 35.787945 ], [ 139.648227, 35.787882 ], [ 139.648212, 35.787853 ], [ 139.64828, 35.78776 ], [ 139.648193, 35.787467 ], [ 139.648075, 35.787136 ], [ 139.648041, 35.787099 ], [ 139.648084, 35.787056 ], [ 139.647981, 35.78671 ], [ 139.647878, 35.786392 ], [ 139.647809, 35.786344 ], [ 139.647789, 35.786289 ], [ 139.647823, 35.786241 ], [ 139.64764, 35.785608 ], [ 139.647651, 35.785593 ] ] ] } },
{ "type": "Feature", "properties": { "key": "板橋区|高島平6丁目", "ward": "板橋区", "town": "高島平六丁目" }, "geometry": { "type": "Polygon", "coordinates": [ [ [ 139.647242, 35.795677 ], [ 139.647377, 35.795907 ], [ 139.64738, 35.795904 ], [ 139.648656, 35.795467 ], [ 139.64904, 35.795335 ], [ 139.649561, 35.795167 ], [ 139.650606, 35.79483 ], [ 139.650853, 35.794758 ], [ 139.651767, 35.794491 ], [ 139.65241, 35.794304 ], [ 139.652473, 35.794288 ], [ 139.653883, 35.793937 ], [ 139.653762, 35.79348 ], [ 139.653798, 35.793451 ], [ 139.653623, 35.792828 ], [ 139.653399, 35.792073 ], [ 139.653264, 35.791997 ], [ 139.653242, 35.791953 ], [ 139.653226, 35.791878 ], [ 139.653306, 35.791767 ], [ 139.653199, 35.791455 ], [ 139.653065, 35.791064 ], [ 139.652951, 35.79063 ], [ 139.652877, 35.790431 ], [ 139.651117, 35.790776 ], [ 139.64929, 35.791135 ], [ 139.64601, 35.791773 ], [ 139.644259, 35.79212 ], [ 139.644039, 35.79217 ], [ 139.643986, 35.792225 ], [ 139.643959, 35.792342 ], [ 139.643959, 35.792449 ], [ 139.644051, 35.792684 ], [ 139.644229, 35.793123 ], [ 139.644288, 35.793267 ], [ 139.644528, 35.793858 ], [ 139.644614, 35.794062 ], [ 139.644904, 35.794793 ], [ 139.644986, 35.794976 ], [ 139.64512, 35.7953 ], [ 139.645317, 35.795799 ], [ 139.645515, 35.796253 ], [ 139.647242, 35.795677 ] ] ] } },
{ "type": "Feature", "properties": { "key": "板橋区|高島平7丁目", "ward": "板橋区", "town": "高島平七丁目" }, "geometry": { "type": "Polygon", "coordinates": [ [ [ 139.660066, 35.789001 ], [ 139.659888, 35.78904 ], [ 139.659556, 35.789108 ], [ 139.658232, 35.789392 ], [ 139.657313, 35.78957 ], [ 139.656157, 35.789789 ], [ 139.655841, 35.789857 ], [ 139.655193, 35.78998 ], [ 139.653711, 35.790272 ], [ 139.652877, 35.790431 ], [ 139.652951, 35.79063 ], [ 139.653065, 35.791064 ], [ 139.653199, 35.791455 ], [ 139.653306, 35.791767 ], [ 139.653226, 35.791878 ], [ 139.653242, 35.791953 ], [ 139.653264, 35.791997 ], [ 139.653399, 35.792073 ], [ 139.653623, 35.792828 ], [ 139.653798, 35.793451 ], [ 139.653762, 35.79348 ], [ 139.653883, 35.793937 ], [ 139.654507, 35.793776 ], [ 139.655714, 35.793506 ], [ 139.656171, 35.793424 ], [ 139.656776, 35.793323 ], [ 139.65733, 35.793258 ], [ 139.658083, 35.793176 ], [ 139.658245, 35.793163 ], [ 139.658521, 35.793139 ], [ 139.659215, 35.7931 ], [ 139.659528, 35.793097 ], [ 139.65971, 35.793095 ], [ 139.659812, 35.793085 ], [ 139.660128, 35.793067 ], [ 139.660484, 35.793047 ], [ 139.660518, 35.792546 ], [ 139.660504, 35.792503 ], [ 139.660417, 35.792241 ], [ 139.660326, 35.791942 ], [ 139.660207, 35.791532 ], [ 139.660088, 35.791119 ], [ 139.660667, 35.790992 ], [ 139.660522, 35.79051 ], [ 139.660352, 35.789952 ], [ 139.660172, 35.789329 ], [ 139.660066, 35.789001 ] ] ] } },
{ "type": "Feature", "properties": { "key": "板橋区|高島平8丁目", "ward": "板橋区", "town": "高島平八丁目" }, "geometry": { "type": "Polygon", "coordinates": [ [ [ 139.664247, 35.788093 ], [ 139.662984, 35.78837 ], [ 139.662055, 35.788573 ], [ 139.660764, 35.788847 ], [ 139.660066, 35.789001 ], [ 139.660172, 35.789329 ], [ 139.660352, 35.789952 ], [ 139.660522, 35.79051 ], [ 139.660667, 35.790992 ], [ 139.660088, 35.791119 ], [ 139.660207, 35.791532 ], [ 139.660326, 35.791942 ], [ 139.660417, 35.792241 ], [ 139.660504, 35.792503 ], [ 139.660518, 35.792546 ], [ 139.660484, 35.793047 ], [ 139.661074, 35.793027 ], [ 139.661785, 35.793004 ], [ 139.662056, 35.792998 ], [ 139.663811, 35.79296 ], [ 139.664284, 35.79295 ], [ 139.664849, 35.792927 ], [ 139.665086, 35.792918 ], [ 139.664995, 35.792434 ], [ 139.664929, 35.792121 ], [ 139.664904, 35.791976 ], [ 139.664876, 35.791682 ], [ 139.664846, 35.791458 ], [ 139.664817, 35.79125 ], [ 139.66475, 35.790843 ], [ 139.664672, 35.790366 ], [ 139.664594, 35.78985 ], [ 139.664542, 35.789466 ], [ 139.664494, 35.789114 ], [ 139.664487, 35.789066 ], [ 139.664435, 35.788756 ], [ 139.664341, 35.788427 ], [ 139.664247, 35.788093 ] ] ] } },
{ "type": "Feature", "properties": { "key": "板橋区|高島平9丁目", "ward": "板橋区", "town": "高島平九丁目" }, "geometry": { "type": "Polygon", "coordinates": [ [ [ 139.674401, 35.786856 ], [ 139.673684, 35.786915 ], [ 139.673686, 35.78693 ], [ 139.672541, 35.787037 ], [ 139.671517, 35.787125 ], [ 139.670999, 35.787168 ], [ 139.670446, 35.787236 ], [ 139.670424, 35.787219 ], [ 139.670406, 35.787075 ], [ 139.670388, 35.786937 ], [ 139.670364, 35.786753 ], [ 139.669388, 35.786961 ], [ 139.668768, 35.787098 ], [ 139.668673, 35.787119 ], [ 139.668332, 35.787194 ], [ 139.667157, 35.787457 ], [ 139.667155, 35.787474 ], [ 139.664836, 35.787962 ], [ 139.664247, 35.788093 ], [ 139.664341, 35.788427 ], [ 139.664435, 35.788756 ], [ 139.664487, 35.789066 ], [ 139.664494, 35.789114 ], [ 139.664542, 35.789466 ], [ 139.664594, 35.78985 ], [ 139.664672, 35.790366 ], [ 139.66475, 35.790843 ], [ 139.664817, 35.79125 ], [ 139.664846, 35.791458 ], [ 139.664876, 35.791682 ], [ 139.664904, 35.791976 ], [ 139.664929, 35.792121 ], [ 139.664995, 35.792434 ], [ 139.665086, 35.792918 ], [ 139.665319, 35.792909 ], [ 139.665625, 35.792887 ], [ 139.665921, 35.792872 ], [ 139.666364, 35.792823 ], [ 139.666862, 35.792774 ], [ 139.666998, 35.792734 ], [ 139.667235, 35.792699 ], [ 139.66762, 35.792624 ], [ 139.668244, 35.792486 ], [ 139.668277, 35.792479 ], [ 139.668761, 35.792378 ], [ 139.669119, 35.792287 ], [ 139.669537, 35.792185 ], [ 139.670193, 35.792013 ], [ 139.671075, 35.791782 ], [ 139.671437, 35.791699 ], [ 139.671657, 35.791654 ], [ 139.672007, 35.791569 ], [ 139.672383, 35.791502 ], [ 139.672631, 35.79145 ], [ 139.672914, 35.791397 ], [ 139.673163, 35.790998 ], [ 139.673524, 35.790416 ], [ 139.673703, 35.790118 ], [ 139.673897, 35.789819 ], [ 139.673935, 35.789761 ], [ 139.674189, 35.789319 ], [ 139.674446, 35.788903 ], [ 139.67452, 35.788815 ], [ 139.674637, 35.788614 ], [ 139.674558, 35.788114 ], [ 139.674514, 35.787793 ], [ 139.674505, 35.787725 ], [ 139.674401, 35.786856 ] ] ] } },
{ "type": "Feature", "properties": { "key": "板橋区|新河岸1丁目", "ward": "板橋区", "town": "新河岸一丁目" }, "geometry": { "type": "Polygon", "coordinates": [ [ [ 139.695217, 35.797803 ], [ 139.695219, 35.797144 ], [ 139.695188, 35.796606 ], [ 139.694705, 35.795854 ], [ 139.694261, 35.795993 ], [ 139.693212, 35.796332 ], [ 139.692969, 35.796399 ], [ 139.69239, 35.796507 ], [ 139.692114, 35.796563 ], [ 139.692097, 35.796567 ], [ 139.691923, 35.796609 ], [ 139.691687, 35.796631 ], [ 139.691671, 35.796632 ], [ 139.691557, 35.796645 ], [ 139.691032, 35.796686 ], [ 139.690696, 35.796712 ], [ 139.690524, 35.796736 ], [ 139.690069, 35.796737 ], [ 139.689967, 35.796738 ], [ 139.689961, 35.796738 ], [ 139.689887, 35.796739 ], [ 139.689745, 35.79674 ], [ 139.689679, 35.796741 ], [ 139.689625, 35.79674 ], [ 139.689612, 35.79674 ], [ 139.689453, 35.796739 ], [ 139.689383, 35.796738 ], [ 139.689329, 35.796741 ], [ 139.689243, 35.796745 ], [ 139.68918, 35.796747 ], [ 139.688976, 35.796727 ], [ 139.688821, 35.796723 ], [ 139.688657, 35.796703 ], [ 139.688283, 35.796638 ], [ 139.687932, 35.796577 ], [ 139.68756, 35.796509 ], [ 139.687186, 35.796449 ], [ 139.686891, 35.796432 ], [ 139.686459, 35.79644 ], [ 139.686385, 35.79644 ], [ 139.685909, 35.796395 ], [ 139.68558, 35.796372 ], [ 139.685576, 35.796372 ], [ 139.685499, 35.796355 ], [ 139.685292, 35.796309 ], [ 139.684839, 35.796201 ], [ 139.684681, 35.796149 ], [ 139.684289, 35.796023 ], [ 139.683846, 35.795902 ], [ 139.68378, 35.795891 ], [ 139.683091, 35.795834 ], [ 139.682546, 35.795798 ], [ 139.681361, 35.795725 ], [ 139.680808, 35.7957 ], [ 139.679927, 35.79569 ], [ 139.679517, 35.795692 ], [ 139.678877, 35.795697 ], [ 139.678667, 35.795709 ], [ 139.678182, 35.795747 ], [ 139.677779, 35.795782 ], [ 139.677424, 35.795821 ], [ 139.677225, 35.795833 ], [ 139.676947, 35.795872 ], [ 139.675888, 35.796011 ], [ 139.675445, 35.796083 ], [ 139.675042, 35.796147 ], [ 139.673814, 35.79636 ], [ 139.673128, 35.796472 ], [ 139.672216, 35.796619 ], [ 139.672174, 35.796626 ], [ 139.671627, 35.796715 ], [ 139.671545, 35.796728 ], [ 139.670862, 35.796845 ], [ 139.67086, 35.796838 ], [ 139.670772, 35.79627 ], [ 139.670903, 35.795901 ], [ 139.670973, 35.795767 ], [ 139.671027, 35.795595 ], [ 139.671033, 35.79552 ], [ 139.671072, 35.795284 ], [ 139.6712, 35.795083 ], [ 139.671352, 35.79487 ], [ 139.671449, 35.794558 ], [ 139.671615, 35.794089 ], [ 139.671722, 35.793756 ], [ 139.671724, 35.793751 ], [ 139.671701, 35.793669 ], [ 139.671234, 35.792251 ], [ 139.671075, 35.791782 ], [ 139.670193, 35.792013 ], [ 139.669537, 35.792185 ], [ 139.669119, 35.792287 ], [ 139.668761, 35.792378 ], [ 139.668277, 35.792479 ], [ 139.668244, 35.792486 ], [ 139.66762, 35.792624 ], [ 139.667235, 35.792699 ], [ 139.666998, 35.792734 ], [ 139.666862, 35.792774 ], [ 139.666364, 35.792823 ], [ 139.665921, 35.792872 ], [ 139.665625, 35.792887 ], [ 139.665319, 35.792909 ], [ 139.665086, 35.792918 ], [ 139.664849, 35.792927 ], [ 139.664284, 35.79295 ], [ 139.663811, 35.79296 ], [ 139.663847, 35.793533 ], [ 139.663856, 35.793672 ], [ 139.663865, 35.793816 ], [ 139.663896, 35.794022 ], [ 139.663945, 35.794321 ], [ 139.663982, 35.794591 ], [ 139.664005, 35.794956 ], [ 139.664043, 35.795201 ], [ 139.664059, 35.795345 ], [ 139.664078, 35.795507 ], [ 139.664129, 35.795931 ], [ 139.664144, 35.796126 ], [ 139.66416, 35.796207 ], [ 139.664225, 35.796751 ], [ 139.664227, 35.796926 ], [ 139.664279, 35.797319 ], [ 139.664301, 35.79755 ], [ 139.663839, 35.797573 ], [ 139.66328, 35.797598 ], [ 139.662433, 35.797567 ], [ 139.661609, 35.797525 ], [ 139.661104, 35.797496 ], [ 139.660824, 35.797449 ], [ 139.660275, 35.797376 ], [ 139.659657, 35.797311 ], [ 139.659162, 35.79713 ], [ 139.6589, 35.797077 ], [ 139.658159, 35.796951 ], [ 139.657941, 35.796902 ], [ 139.657635, 35.796851 ], [ 139.657376, 35.796788 ], [ 139.657133, 35.796757 ], [ 139.656565, 35.796654 ], [ 139.656218, 35.796607 ], [ 139.655746, 35.796524 ], [ 139.655476, 35.796491 ], [ 139.65514, 35.796432 ], [ 139.654773, 35.79639 ], [ 139.654577, 35.796359 ], [ 139.654315, 35.796334 ], [ 139.653942, 35.796287 ], [ 139.653653, 35.796265 ], [ 139.652971, 35.796202 ], [ 139.652532, 35.79617 ], [ 139.65252, 35.79624 ], [ 139.65178, 35.796197 ], [ 139.650894, 35.796179 ], [ 139.650159, 35.796223 ], [ 139.649551, 35.796245 ], [ 139.649458, 35.796255 ], [ 139.648618, 35.796347 ], [ 139.647501, 35.79649 ], [ 139.646256, 35.796839 ], [ 139.645685, 35.796819 ], [ 139.645487, 35.79628 ], [ 139.643529, 35.796976 ], [ 139.642551, 35.797336 ], [ 139.642414, 35.797384 ], [ 139.642476, 35.79757 ], [ 139.642546, 35.797866 ], [ 139.642746, 35.798118 ], [ 139.642911, 35.7983 ], [ 139.643252, 35.79846 ], [ 139.643584, 35.798692 ], [ 139.643913, 35.798888 ], [ 139.645048, 35.798414 ], [ 139.646955, 35.79775 ], [ 139.6476, 35.79746 ], [ 139.647986, 35.797269 ], [ 139.648777, 35.797642 ], [ 139.649537, 35.798005 ], [ 139.65028, 35.798345 ], [ 139.6512, 35.798842 ], [ 139.651656, 35.799127 ], [ 139.652328, 35.799674 ], [ 139.652842, 35.800112 ], [ 139.653093, 35.800265 ], [ 139.653427, 35.800341 ], [ 139.654329, 35.800456 ], [ 139.655258, 35.800532 ], [ 139.65702, 35.800428 ], [ 139.659421, 35.80031 ], [ 139.661695, 35.800284 ], [ 139.662832, 35.800348 ], [ 139.664263, 35.800551 ], [ 139.664893, 35.80061 ], [ 139.665824, 35.800531 ], [ 139.667358, 35.800548 ], [ 139.669033, 35.800473 ], [ 139.671323, 35.800277 ], [ 139.672696, 35.799812 ], [ 139.67395, 35.79933 ], [ 139.674784, 35.799173 ], [ 139.676212, 35.798992 ], [ 139.678383, 35.798971 ], [ 139.679461, 35.799051 ], [ 139.680721, 35.799289 ], [ 139.680959, 35.799334 ], [ 139.682041, 35.799642 ], [ 139.683393, 35.800137 ], [ 139.684706, 35.800515 ], [ 139.685669, 35.800637 ], [ 139.687694, 35.800997 ], [ 139.689468, 35.801035 ], [ 139.690919, 35.800949 ], [ 139.692265, 35.800689 ], [ 139.693669, 35.800402 ], [ 139.69459, 35.800035 ], [ 139.694827, 35.799853 ], [ 139.69493, 35.799487 ], [ 139.695217, 35.797803 ] ] ] } },
{ "type": "Feature", "properties": { "key": "板橋区|新河岸2丁目", "ward": "板橋区", "town": "新河岸二丁目" }, "geometry": { "type": "Polygon", "coordinates": [ [ [ 139.663811, 35.79296 ], [ 139.662056, 35.792998 ], [ 139.661785, 35.793004 ], [ 139.661074, 35.793027 ], [ 139.660484, 35.793047 ], [ 139.660128, 35.793067 ], [ 139.659812, 35.793085 ], [ 139.65971, 35.793095 ], [ 139.6597, 35.793278 ], [ 139.659696, 35.794133 ], [ 139.659726, 35.795052 ], [ 139.65969, 35.796388 ], [ 139.659671, 35.796898 ], [ 139.659657, 35.797311 ], [ 139.660275, 35.797376 ], [ 139.660824, 35.797449 ], [ 139.661104, 35.797496 ], [ 139.661609, 35.797525 ], [ 139.662433, 35.797567 ], [ 139.66328, 35.797598 ], [ 139.663839, 35.797573 ], [ 139.664301, 35.79755 ], [ 139.664279, 35.797319 ], [ 139.664227, 35.796926 ], [ 139.664225, 35.796751 ], [ 139.66416, 35.796207 ], [ 139.664144, 35.796126 ], [ 139.664129, 35.795931 ], [ 139.664078, 35.795507 ], [ 139.664059, 35.795345 ], [ 139.664043, 35.795201 ], [ 139.664005, 35.794956 ], [ 139.663982, 35.794591 ], [ 139.663945, 35.794321 ], [ 139.663896, 35.794022 ], [ 139.663865, 35.793816 ], [ 139.663856, 35.793672 ], [ 139.663847, 35.793533 ], [ 139.663811, 35.79296 ] ] ] } },
{ "type": "Feature", "properties": { "key": "板橋区|新河岸3丁目", "ward": "板橋区", "town": "新河岸三丁目" }, "geometry": { "type": "Polygon", "coordinates": [ [ [ 139.659726, 35.795052 ], [ 139.659696, 35.794133 ], [ 139.6597, 35.793278 ], [ 139.65971, 35.793095 ], [ 139.659528, 35.793097 ], [ 139.659215, 35.7931 ], [ 139.658521, 35.793139 ], [ 139.658245, 35.793163 ], [ 139.658083, 35.793176 ], [ 139.65733, 35.793258 ], [ 139.656776, 35.793323 ], [ 139.656171, 35.793424 ], [ 139.655714, 35.793506 ], [ 139.654507, 35.793776 ], [ 139.653883, 35.793937 ], [ 139.652473, 35.794288 ], [ 139.65241, 35.794304 ], [ 139.651767, 35.794491 ], [ 139.650853, 35.794758 ], [ 139.650606, 35.79483 ], [ 139.649561, 35.795167 ], [ 139.64904, 35.795335 ], [ 139.648656, 35.795467 ], [ 139.64738, 35.795904 ], [ 139.647377, 35.795907 ], [ 139.647242, 35.795677 ], [ 139.645515, 35.796253 ], [ 139.645487, 35.79628 ], [ 139.645685, 35.796819 ], [ 139.646256, 35.796839 ], [ 139.647501, 35.79649 ], [ 139.648618, 35.796347 ], [ 139.649458, 35.796255 ], [ 139.649551, 35.796245 ], [ 139.650159, 35.796223 ], [ 139.650894, 35.796179 ], [ 139.65178, 35.796197 ], [ 139.65252, 35.79624 ], [ 139.652532, 35.79617 ], [ 139.652971, 35.796202 ], [ 139.653653, 35.796265 ], [ 139.653942, 35.796287 ], [ 139.654315, 35.796334 ], [ 139.654577, 35.796359 ], [ 139.654773, 35.79639 ], [ 139.65514, 35.796432 ], [ 139.655476, 35.796491 ], [ 139.655746, 35.796524 ], [ 139.656218, 35.796607 ], [ 139.656565, 35.796654 ], [ 139.657133, 35.796757 ], [ 139.657376, 35.796788 ], [ 139.657635, 35.796851 ], [ 139.657941, 35.796902 ], [ 139.658159, 35.796951 ], [ 139.6589, 35.797077 ], [ 139.659162, 35.79713 ], [ 139.659657, 35.797311 ], [ 139.659671, 35.796898 ], [ 139.65969, 35.796388 ], [ 139.659726, 35.795052 ] ] ] } },
{ "type": "Feature", "properties": { "key": "板橋区|舟渡1丁目", "ward": "板橋区", "town": "舟渡一丁目" }, "geometry": { "type": "Polygon", "coordinates": [ [ [ 139.689173, 35.787137 ], [ 139.689077, 35.787257 ], [ 139.688961, 35.787473 ], [ 139.688711, 35.787794 ], [ 139.688318, 35.788328 ], [ 139.688002, 35.788742 ], [ 139.68778, 35.78906 ], [ 139.687497, 35.789368 ], [ 139.687101, 35.789808 ], [ 139.686826, 35.790093 ], [ 139.686767, 35.790146 ], [ 139.68659, 35.790309 ], [ 139.686383, 35.790483 ], [ 139.686238, 35.790606 ], [ 139.686053, 35.790746 ], [ 139.68584, 35.790888 ], [ 139.685238, 35.791239 ], [ 139.685309, 35.791765 ], [ 139.685331, 35.791971 ], [ 139.685339, 35.79204 ], [ 139.685399, 35.792529 ], [ 139.685429, 35.792728 ], [ 139.685448, 35.792911 ], [ 139.685474, 35.793175 ], [ 139.685483, 35.793245 ], [ 139.685534, 35.793632 ], [ 139.685539, 35.793668 ], [ 139.686198, 35.793622 ], [ 139.686251, 35.793619 ], [ 139.686609, 35.793594 ], [ 139.686951, 35.79357 ], [ 139.686962, 35.79357 ], [ 139.687714, 35.793514 ], [ 139.688366, 35.793465 ], [ 139.689172, 35.793413 ], [ 139.689437, 35.793394 ], [ 139.689506, 35.79339 ], [ 139.689683, 35.793378 ], [ 139.689733, 35.793374 ], [ 139.689876, 35.793364 ], [ 139.690212, 35.793341 ], [ 139.690239, 35.793328 ], [ 139.690476, 35.793144 ], [ 139.690564, 35.793075 ], [ 139.690766, 35.792926 ], [ 139.690842, 35.79287 ], [ 139.69103, 35.792729 ], [ 139.691157, 35.792631 ], [ 139.691544, 35.792333 ], [ 139.691985, 35.791993 ], [ 139.691367, 35.79136 ], [ 139.691307, 35.791299 ], [ 139.691313, 35.791295 ], [ 139.691295, 35.791276 ], [ 139.691278, 35.791258 ], [ 139.691277, 35.791257 ], [ 139.691095, 35.791069 ], [ 139.691054, 35.791027 ], [ 139.690828, 35.790795 ], [ 139.690802, 35.790769 ], [ 139.690745, 35.790673 ], [ 139.690532, 35.790358 ], [ 139.69034, 35.790059 ], [ 139.690314, 35.790018 ], [ 139.690178, 35.789717 ], [ 139.690028, 35.789442 ], [ 139.689922, 35.789216 ], [ 139.68986, 35.788986 ], [ 139.689729, 35.788696 ], [ 139.689698, 35.788626 ], [ 139.689577, 35.788287 ], [ 139.689403, 35.78782 ], [ 139.6893, 35.787522 ], [ 139.689173, 35.787137 ] ] ] } },
{ "type": "Feature", "properties": { "key": "板橋区|舟渡2丁目", "ward": "板橋区", "town": "舟渡二丁目" }, "geometry": { "type": "Polygon", "coordinates": [ [ [ 139.689383, 35.796738 ], [ 139.689453, 35.796739 ], [ 139.689612, 35.79674 ], [ 139.689625, 35.79674 ], [ 139.689679, 35.796741 ], [ 139.689745, 35.79674 ], [ 139.689887, 35.796739 ], [ 139.689961, 35.796738 ], [ 139.689967, 35.796738 ], [ 139.690069, 35.796737 ], [ 139.690524, 35.796736 ], [ 139.690696, 35.796712 ], [ 139.691032, 35.796686 ], [ 139.691557, 35.796645 ], [ 139.691671, 35.796632 ], [ 139.691687, 35.796631 ], [ 139.691923, 35.796609 ], [ 139.692097, 35.796567 ], [ 139.692114, 35.796563 ], [ 139.69239, 35.796507 ], [ 139.692969, 35.796399 ], [ 139.693212, 35.796332 ], [ 139.694261, 35.795993 ], [ 139.694705, 35.795854 ], [ 139.694579, 35.795658 ], [ 139.694169, 35.795024 ], [ 139.694044, 35.79485 ], [ 139.693998, 35.794786 ], [ 139.69375, 35.79439 ], [ 139.693414, 35.793892 ], [ 139.693133, 35.793489 ], [ 139.692987, 35.793279 ], [ 139.691985, 35.791993 ], [ 139.691544, 35.792333 ], [ 139.691157, 35.792631 ], [ 139.69103, 35.792729 ], [ 139.690842, 35.79287 ], [ 139.690766, 35.792926 ], [ 139.690564, 35.793075 ], [ 139.690476, 35.793144 ], [ 139.690239, 35.793328 ], [ 139.690212, 35.793341 ], [ 139.689876, 35.793364 ], [ 139.689733, 35.793374 ], [ 139.689683, 35.793378 ], [ 139.689506, 35.79339 ], [ 139.689437, 35.793394 ], [ 139.689172, 35.793413 ], [ 139.688366, 35.793465 ], [ 139.687714, 35.793514 ], [ 139.686962, 35.79357 ], [ 139.686951, 35.79357 ], [ 139.686609, 35.793594 ], [ 139.686251, 35.793619 ], [ 139.686198, 35.793622 ], [ 139.685539, 35.793668 ], [ 139.685551, 35.793887 ], [ 139.685572, 35.794111 ], [ 139.685574, 35.794129 ], [ 139.685591, 35.794431 ], [ 139.685608, 35.794612 ], [ 139.68562, 35.794749 ], [ 139.68565, 35.795395 ], [ 139.68568, 35.795393 ], [ 139.685683, 35.795445 ], [ 139.685687, 35.795522 ], [ 139.685692, 35.795612 ], [ 139.685692, 35.795831 ], [ 139.685691, 35.795965 ], [ 139.685688, 35.796059 ], [ 139.685686, 35.796123 ], [ 139.685678, 35.79621 ], [ 139.68567, 35.796287 ], [ 139.685584, 35.79637 ], [ 139.68558, 35.796372 ], [ 139.685909, 35.796395 ], [ 139.686385, 35.79644 ], [ 139.686459, 35.79644 ], [ 139.686891, 35.796432 ], [ 139.687186, 35.796449 ], [ 139.68756, 35.796509 ], [ 139.687932, 35.796577 ], [ 139.688283, 35.796638 ], [ 139.688657, 35.796703 ], [ 139.688821, 35.796723 ], [ 139.688976, 35.796727 ], [ 139.68918, 35.796747 ], [ 139.689243, 35.796745 ], [ 139.689329, 35.796741 ], [ 139.689383, 35.796738 ] ] ] } },
{ "type": "Feature", "properties": { "key": "板橋区|舟渡3丁目", "ward": "板橋区", "town": "舟渡三丁目" }, "geometry": { "type": "Polygon", "coordinates": [ [ [ 139.68568, 35.795393 ], [ 139.68565, 35.795395 ], [ 139.68562, 35.794749 ], [ 139.685608, 35.794612 ], [ 139.685591, 35.794431 ], [ 139.685574, 35.794129 ], [ 139.685572, 35.794111 ], [ 139.685551, 35.793887 ], [ 139.685539, 35.793668 ], [ 139.685534, 35.793632 ], [ 139.685483, 35.793245 ], [ 139.685474, 35.793175 ], [ 139.685448, 35.792911 ], [ 139.685429, 35.792728 ], [ 139.685399, 35.792529 ], [ 139.685339, 35.79204 ], [ 139.685331, 35.791971 ], [ 139.685309, 35.791765 ], [ 139.685238, 35.791239 ], [ 139.684656, 35.791523 ], [ 139.684424, 35.791613 ], [ 139.684179, 35.791697 ], [ 139.683994, 35.79177 ], [ 139.683784, 35.791836 ], [ 139.683497, 35.791898 ], [ 139.683295, 35.791947 ], [ 139.683076, 35.791987 ], [ 139.682195, 35.792038 ], [ 139.68193, 35.792054 ], [ 139.6815, 35.792026 ], [ 139.680819, 35.79197 ], [ 139.680735, 35.791959 ], [ 139.680043, 35.791875 ], [ 139.679968, 35.792545 ], [ 139.679925, 35.792801 ], [ 139.679905, 35.793041 ], [ 139.679906, 35.793305 ], [ 139.679917, 35.793355 ], [ 139.680018, 35.793545 ], [ 139.680087, 35.793628 ], [ 139.680277, 35.793795 ], [ 139.680339, 35.793862 ], [ 139.680359, 35.793873 ], [ 139.680574, 35.794169 ], [ 139.680658, 35.794393 ], [ 139.680688, 35.794503 ], [ 139.680723, 35.794836 ], [ 139.680727, 35.794884 ], [ 139.680729, 35.794902 ], [ 139.680764, 35.79514 ], [ 139.680806, 35.795674 ], [ 139.680808, 35.7957 ], [ 139.681361, 35.795725 ], [ 139.682546, 35.795798 ], [ 139.683091, 35.795834 ], [ 139.68378, 35.795891 ], [ 139.683846, 35.795902 ], [ 139.684289, 35.796023 ], [ 139.684681, 35.796149 ], [ 139.684839, 35.796201 ], [ 139.685292, 35.796309 ], [ 139.685499, 35.796355 ], [ 139.685576, 35.796372 ], [ 139.68558, 35.796372 ], [ 139.685584, 35.79637 ], [ 139.68567, 35.796287 ], [ 139.685678, 35.79621 ], [ 139.685686, 35.796123 ], [ 139.685688, 35.796059 ], [ 139.685691, 35.795965 ], [ 139.685692, 35.795831 ], [ 139.685692, 35.795612 ], [ 139.685687, 35.795522 ], [ 139.685683, 35.795445 ], [ 139.68568, 35.795393 ] ] ] } },
{ "type": "Feature", "properties": { "key": "板橋区|舟渡4丁目", "ward": "板橋区", "town": "舟渡四丁目" }, "geometry": { "type": "Polygon", "coordinates": [ [ [ 139.679927, 35.79569 ], [ 139.680808, 35.7957 ], [ 139.680806, 35.795674 ], [ 139.680764, 35.79514 ], [ 139.680729, 35.794902 ], [ 139.680727, 35.794884 ], [ 139.680723, 35.794836 ], [ 139.680688, 35.794503 ], [ 139.680658, 35.794393 ], [ 139.680574, 35.794169 ], [ 139.680359, 35.793873 ], [ 139.680339, 35.793862 ], [ 139.680277, 35.793795 ], [ 139.680087, 35.793628 ], [ 139.680018, 35.793545 ], [ 139.679917, 35.793355 ], [ 139.679906, 35.793305 ], [ 139.679905, 35.793041 ], [ 139.679925, 35.792801 ], [ 139.679968, 35.792545 ], [ 139.680043, 35.791875 ], [ 139.679683, 35.791821 ], [ 139.678889, 35.791659 ], [ 139.678419, 35.791572 ], [ 139.678237, 35.791537 ], [ 139.677449, 35.791391 ], [ 139.676995, 35.791319 ], [ 139.676781, 35.791299 ], [ 139.676471, 35.79126 ], [ 139.676106, 35.791221 ], [ 139.675818, 35.791208 ], [ 139.675191, 35.791206 ], [ 139.675026, 35.791206 ], [ 139.674513, 35.791218 ], [ 139.674485, 35.791218 ], [ 139.674143, 35.791233 ], [ 139.673935, 35.791251 ], [ 139.673346, 35.791331 ], [ 139.672914, 35.791397 ], [ 139.672631, 35.79145 ], [ 139.672383, 35.791502 ], [ 139.672007, 35.791569 ], [ 139.671657, 35.791654 ], [ 139.671437, 35.791699 ], [ 139.671075, 35.791782 ], [ 139.671234, 35.792251 ], [ 139.671701, 35.793669 ], [ 139.671724, 35.793751 ], [ 139.671722, 35.793756 ], [ 139.671615, 35.794089 ], [ 139.671449, 35.794558 ], [ 139.671352, 35.79487 ], [ 139.6712, 35.795083 ], [ 139.671072, 35.795284 ], [ 139.671033, 35.79552 ], [ 139.671027, 35.795595 ], [ 139.670973, 35.795767 ], [ 139.670903, 35.795901 ], [ 139.670772, 35.79627 ], [ 139.67086, 35.796838 ], [ 139.670862, 35.796845 ], [ 139.671545, 35.796728 ], [ 139.671627, 35.796715 ], [ 139.672174, 35.796626 ], [ 139.672216, 35.796619 ], [ 139.673128, 35.796472 ], [ 139.673814, 35.79636 ], [ 139.675042, 35.796147 ], [ 139.675445, 35.796083 ], [ 139.675888, 35.796011 ], [ 139.676947, 35.795872 ], [ 139.677225, 35.795833 ], [ 139.677424, 35.795821 ], [ 139.677779, 35.795782 ], [ 139.678182, 35.795747 ], [ 139.678667, 35.795709 ], [ 139.678877, 35.795697 ], [ 139.679517, 35.795692 ], [ 139.679927, 35.79569 ] ] ] } }
]
}
