{
"type": "FeatureCollection",
"name": "13120",
"crs": { "type": "name", "properties": { "name": "urn:ogc:def:crs:OGC:1.3:CRS84" } },
"features": [
{ "type": "Feature", "properties": { "key": "練馬区|旭丘1丁目", "ward": "練馬区", "town": "旭丘１丁目" }, "geometry": { "type": "Polygon", "coordinates": [ [ [ 139.679115, 35.733274 ], [ 139.679084, 35.733231 ], [ 139.679122, 35.732898 ], [ 139.679126, 35.732889 ], [ 139.679142, 35.732776 ], [ 139.679123, 35.732599 ], [ 139.679092, 35.732583 ], [ 139.679086, 35.732579 ], [ 139.678192, 35.732076 ], [ 139.678171, 35.732065 ], [ 139.677899, 35.731918 ], [ 139.67764, 35.731759 ], [ 139.677785, 35.73161 ], [ 139.677858, 35.731537 ], [ 139.67809, 35.731304 ], [ 139.678366, 35.731024 ], [ 139.678291, 35.730929 ], [ 139.678052, 35.730661 ], [ 139.67784, 35.730648 ], [ 139.677495, 35.730938 ], [ 139.677299, 35.731071 ], [ 139.677249, 35.731126 ], [ 139.677236, 35.731137 ], [ 139.676678, 35.731593 ], [ 139.676663, 35.731604 ], [ 139.676375, 35.73183 ], [ 139.676336, 35.731875 ], [ 139.676143, 35.732043 ], [ 139.675904, 35.732235 ], [ 139.675847, 35.73228 ], [ 139.675661, 35.732414 ], [ 139.67554, 35.732539 ], [ 139.675145, 35.732835 ], [ 139.675062, 35.732892 ], [ 139.674812, 35.733109 ], [ 139.674706, 35.733162 ], [ 139.674384, 35.733242 ], [ 139.674195, 35.733306 ], [ 139.674012, 35.733374 ], [ 139.673832, 35.733482 ], [ 139.67372, 35.733563 ], [ 139.673697, 35.733575 ], [ 139.673258, 35.733574 ], [ 139.673222, 35.733609 ], [ 139.673141, 35.733657 ], [ 139.672846, 35.733678 ], [ 139.672376, 35.733703 ], [ 139.672345, 35.733705 ], [ 139.672307, 35.734026 ], [ 139.672311, 35.734083 ], [ 139.672337, 35.734503 ], [ 139.672369, 35.734545 ], [ 139.672762, 35.735061 ], [ 139.672665, 35.735122 ], [ 139.672372, 35.735262 ], [ 139.672155, 35.735368 ], [ 139.672238, 35.735492 ], [ 139.672406, 35.735705 ], [ 139.672484, 35.735803 ], [ 139.672664, 35.736036 ], [ 139.672812, 35.736217 ], [ 139.672729, 35.73623 ], [ 139.672197, 35.736339 ], [ 139.672223, 35.736468 ], [ 139.672167, 35.736676 ], [ 139.672151, 35.736949 ], [ 139.672182, 35.737125 ], [ 139.672237, 35.737351 ], [ 139.672299, 35.737522 ], [ 139.672301, 35.737538 ], [ 139.671902, 35.737664 ], [ 139.671789, 35.7377 ], [ 139.671638, 35.737783 ], [ 139.671445, 35.737839 ], [ 139.671108, 35.737892 ], [ 139.67094, 35.73807 ], [ 139.67089, 35.738123 ], [ 139.671035, 35.738112 ], [ 139.671123, 35.738098 ], [ 139.671672, 35.73801 ], [ 139.672355, 35.737864 ], [ 139.672821, 35.737758 ], [ 139.672839, 35.737753 ], [ 139.67317, 35.737657 ], [ 139.673141, 35.737585 ], [ 139.673394, 35.737504 ], [ 139.673362, 35.737434 ], [ 139.673549, 35.737368 ], [ 139.673772, 35.737246 ], [ 139.674122, 35.737076 ], [ 139.67435, 35.736952 ], [ 139.674639, 35.736775 ], [ 139.674781, 35.736676 ], [ 139.675141, 35.736384 ], [ 139.675446, 35.736143 ], [ 139.675595, 35.73603 ], [ 139.67587, 35.735825 ], [ 139.676064, 35.735675 ], [ 139.676122, 35.73562 ], [ 139.676272, 35.735481 ], [ 139.676467, 35.735348 ], [ 139.676823, 35.735082 ], [ 139.677157, 35.734816 ], [ 139.677272, 35.734724 ], [ 139.677326, 35.7347 ], [ 139.677568, 35.734494 ], [ 139.677686, 35.734402 ], [ 139.678128, 35.734062 ], [ 139.678547, 35.733721 ], [ 139.679115, 35.733274 ] ] ] } },
{ "type": "Feature", "properties": { "key": "練馬区|旭丘2丁目", "ward": "練馬区", "town": "旭丘２丁目" }, "geometry": { "type": "Polygon", "coordinates": [ [ [ 139.681117, 35.737745 ], [ 139.681129, 35.737702 ], [ 139.680829, 35.737647 ], [ 139.68078, 35.737767 ], [ 139.680747, 35.737768 ], [ 139.680667, 35.737765 ], [ 139.680667, 35.73775 ], [ 139.680664, 35.737621 ], [ 139.680659, 35.737583 ], [ 139.680655, 35.737579 ], [ 139.680613, 35.737528 ], [ 139.680602, 35.737471 ], [ 139.680551, 35.737304 ], [ 139.680414, 35.737091 ], [ 139.680411, 35.736943 ], [ 139.68035, 35.736883 ], [ 139.68033, 35.736842 ], [ 139.680432, 35.73675 ], [ 139.680408, 35.736732 ], [ 139.680375, 35.736698 ], [ 139.680254, 35.736531 ], [ 139.680187, 35.736485 ], [ 139.680176, 35.736472 ], [ 139.679983, 35.736261 ], [ 139.679587, 35.735911 ], [ 139.679536, 35.735888 ], [ 139.67953, 35.735777 ], [ 139.679397, 35.735728 ], [ 139.679247, 35.735662 ], [ 139.679079, 35.735573 ], [ 139.679071, 35.735568 ], [ 139.679003, 35.735486 ], [ 139.678984, 35.735317 ], [ 139.679034, 35.735252 ], [ 139.679063, 35.735077 ], [ 139.679054, 35.734981 ], [ 139.67901, 35.734898 ], [ 139.678949, 35.734868 ], [ 139.678671, 35.734686 ], [ 139.678663, 35.734681 ], [ 139.678579, 35.734572 ], [ 139.678503, 35.734444 ], [ 139.678505, 35.734389 ], [ 139.67856, 35.734205 ], [ 139.678563, 35.734199 ], [ 139.67861, 35.73415 ], [ 139.67886, 35.733995 ], [ 139.6789, 35.733956 ], [ 139.678905, 35.733948 ], [ 139.678959, 35.733808 ], [ 139.679105, 35.733628 ], [ 139.679221, 35.733343 ], [ 139.67918, 35.733316 ], [ 139.679115, 35.733274 ], [ 139.678547, 35.733721 ], [ 139.678128, 35.734062 ], [ 139.677686, 35.734402 ], [ 139.677568, 35.734494 ], [ 139.677326, 35.7347 ], [ 139.677272, 35.734724 ], [ 139.677157, 35.734816 ], [ 139.676823, 35.735082 ], [ 139.676467, 35.735348 ], [ 139.676272, 35.735481 ], [ 139.676122, 35.73562 ], [ 139.676064, 35.735675 ], [ 139.67587, 35.735825 ], [ 139.675595, 35.73603 ], [ 139.675446, 35.736143 ], [ 139.675141, 35.736384 ], [ 139.674781, 35.736676 ], [ 139.674639, 35.736775 ], [ 139.67435, 35.736952 ], [ 139.674122, 35.737076 ], [ 139.673772, 35.737246 ], [ 139.673549, 35.737368 ], [ 139.673362, 35.737434 ], [ 139.673394, 35.737504 ], [ 139.673141, 35.737585 ], [ 139.67317, 35.737657 ], [ 139.673309, 35.737641 ], [ 139.673443, 35.737661 ], [ 139.67372, 35.737736 ], [ 139.673892, 35.737771 ], [ 139.674071, 35.737817 ], [ 139.674433, 35.737889 ], [ 139.674571, 35.73792 ], [ 139.675077, 35.737988 ], [ 139.675611, 35.738068 ], [ 139.676077, 35.738111 ], [ 139.676123, 35.738116 ], [ 139.676409, 35.738149 ], [ 139.676692, 35.73816 ], [ 139.677028, 35.738177 ], [ 139.677236, 35.738194 ], [ 139.67761, 35.738225 ], [ 139.677764, 35.738232 ], [ 139.678142, 35.738267 ], [ 139.678229, 35.738282 ], [ 139.678583, 35.738314 ], [ 139.678732, 35.738334 ], [ 139.6793, 35.73842 ], [ 139.679805, 35.738506 ], [ 139.680217, 35.738597 ], [ 139.680507, 35.738654 ], [ 139.680527, 35.738658 ], [ 139.680536, 35.73866 ], [ 139.68104, 35.738759 ], [ 139.681052, 35.738665 ], [ 139.680838, 35.738512 ], [ 139.680734, 35.738389 ], [ 139.680721, 35.738334 ], [ 139.680709, 35.738283 ], [ 139.68075, 35.738255 ], [ 139.680775, 35.738237 ], [ 139.680838, 35.738192 ], [ 139.680885, 35.738166 ], [ 139.680962, 35.738077 ], [ 139.681091, 35.737837 ], [ 139.681117, 35.737745 ] ] ] } },
{ "type": "Feature", "properties": { "key": "練馬区|小竹町1丁目", "ward": "練馬区", "town": "小竹町１丁目" }, "geometry": { "type": "Polygon", "coordinates": [ [ [ 139.673309, 35.737641 ], [ 139.67317, 35.737657 ], [ 139.672839, 35.737753 ], [ 139.672821, 35.737758 ], [ 139.672355, 35.737864 ], [ 139.672357, 35.737998 ], [ 139.672303, 35.738184 ], [ 139.672229, 35.738481 ], [ 139.672248, 35.738608 ], [ 139.672256, 35.738729 ], [ 139.672269, 35.73892 ], [ 139.672254, 35.739268 ], [ 139.672296, 35.739365 ], [ 139.672508, 35.739702 ], [ 139.672657, 35.739938 ], [ 139.672719, 35.740059 ], [ 139.672761, 35.740156 ], [ 139.672785, 35.740236 ], [ 139.672791, 35.740448 ], [ 139.672765, 35.740802 ], [ 139.672772, 35.740936 ], [ 139.673057, 35.740989 ], [ 139.673199, 35.741017 ], [ 139.673516, 35.741037 ], [ 139.673555, 35.741041 ], [ 139.674117, 35.741073 ], [ 139.674264, 35.741163 ], [ 139.674629, 35.741382 ], [ 139.674856, 35.74149 ], [ 139.674934, 35.741529 ], [ 139.675157, 35.741604 ], [ 139.675528, 35.741712 ], [ 139.675694, 35.741749 ], [ 139.675815, 35.741765 ], [ 139.676029, 35.74179 ], [ 139.676336, 35.741837 ], [ 139.676637, 35.741906 ], [ 139.676775, 35.741956 ], [ 139.677029, 35.742023 ], [ 139.677181, 35.742078 ], [ 139.677383, 35.742123 ], [ 139.677554, 35.742181 ], [ 139.677726, 35.742169 ], [ 139.677958, 35.742122 ], [ 139.678107, 35.742011 ], [ 139.678404, 35.74189 ], [ 139.678634, 35.741823 ], [ 139.678916, 35.74175 ], [ 139.679156, 35.741716 ], [ 139.679253, 35.741702 ], [ 139.679406, 35.741681 ], [ 139.679636, 35.741548 ], [ 139.679517, 35.741344 ], [ 139.679443, 35.741123 ], [ 139.679437, 35.741106 ], [ 139.679386, 35.740979 ], [ 139.679282, 35.740787 ], [ 139.679234, 35.740713 ], [ 139.678979, 35.740639 ], [ 139.678919, 35.740432 ], [ 139.678952, 35.740338 ], [ 139.67898, 35.740275 ], [ 139.679034, 35.740155 ], [ 139.679165, 35.739988 ], [ 139.679256, 35.739867 ], [ 139.679444, 35.739681 ], [ 139.679654, 35.739378 ], [ 139.679695, 35.73932 ], [ 139.679863, 35.739007 ], [ 139.679969, 35.738884 ], [ 139.680217, 35.738597 ], [ 139.679805, 35.738506 ], [ 139.6793, 35.73842 ], [ 139.678732, 35.738334 ], [ 139.678583, 35.738314 ], [ 139.678229, 35.738282 ], [ 139.678142, 35.738267 ], [ 139.677764, 35.738232 ], [ 139.67761, 35.738225 ], [ 139.677236, 35.738194 ], [ 139.677028, 35.738177 ], [ 139.676692, 35.73816 ], [ 139.676409, 35.738149 ], [ 139.676123, 35.738116 ], [ 139.676077, 35.738111 ], [ 139.675611, 35.738068 ], [ 139.675077, 35.737988 ], [ 139.674571, 35.73792 ], [ 139.674433, 35.737889 ], [ 139.674071, 35.737817 ], [ 139.673892, 35.737771 ], [ 139.67372, 35.737736 ], [ 139.673443, 35.737661 ], [ 139.673309, 35.737641 ] ] ] } },
{ "type": "Feature", "properties": { "key": "練馬区|小竹町2丁目", "ward": "練馬区", "town": "小竹町２丁目" }, "geometry": { "type": "Polygon", "coordinates": [ [ [ 139.677528, 35.744995 ], [ 139.677569, 35.744983 ], [ 139.677917, 35.744879 ], [ 139.678248, 35.74478 ], [ 139.67826, 35.744776 ], [ 139.678886, 35.744569 ], [ 139.678917, 35.744559 ], [ 139.679535, 35.744361 ], [ 139.679604, 35.744339 ], [ 139.680113, 35.744184 ], [ 139.680582, 35.744039 ], [ 139.680827, 35.743964 ], [ 139.680943, 35.743932 ], [ 139.680984, 35.743668 ], [ 139.680973, 35.743531 ], [ 139.680968, 35.743471 ], [ 139.680953, 35.743441 ], [ 139.680886, 35.743304 ], [ 139.680878, 35.743287 ], [ 139.680829, 35.743185 ], [ 139.680724, 35.742993 ], [ 139.680719, 35.742987 ], [ 139.680635, 35.742851 ], [ 139.680602, 35.742701 ], [ 139.680598, 35.742676 ], [ 139.68059, 35.742446 ], [ 139.680593, 35.742408 ], [ 139.680492, 35.742367 ], [ 139.680353, 35.74228 ], [ 139.680207, 35.742214 ], [ 139.680271, 35.742182 ], [ 139.680252, 35.742158 ], [ 139.680375, 35.74209 ], [ 139.680339, 35.742167 ], [ 139.680319, 35.742214 ], [ 139.680395, 35.742235 ], [ 139.680414, 35.74219 ], [ 139.680415, 35.742189 ], [ 139.680479, 35.742041 ], [ 139.680444, 35.741998 ], [ 139.680402, 35.741948 ], [ 139.680362, 35.741969 ], [ 139.680285, 35.742012 ], [ 139.680205, 35.742056 ], [ 139.680078, 35.742126 ], [ 139.680023, 35.742097 ], [ 139.679907, 35.741967 ], [ 139.679916, 35.741962 ], [ 139.679842, 35.741874 ], [ 139.679807, 35.741835 ], [ 139.679769, 35.74176 ], [ 139.679891, 35.741691 ], [ 139.679914, 35.741717 ], [ 139.679915, 35.741719 ], [ 139.679931, 35.74171 ], [ 139.679967, 35.741688 ], [ 139.679982, 35.741679 ], [ 139.680008, 35.741664 ], [ 139.680045, 35.741643 ], [ 139.680077, 35.741624 ], [ 139.680087, 35.741957 ], [ 139.680254, 35.741954 ], [ 139.680244, 35.741582 ], [ 139.680169, 35.741583 ], [ 139.680168, 35.741572 ], [ 139.680087, 35.741574 ], [ 139.680181, 35.74152 ], [ 139.680124, 35.741454 ], [ 139.680114, 35.741461 ], [ 139.680068, 35.741403 ], [ 139.679683, 35.741622 ], [ 139.679636, 35.741548 ], [ 139.679406, 35.741681 ], [ 139.679253, 35.741702 ], [ 139.679156, 35.741716 ], [ 139.678916, 35.74175 ], [ 139.678634, 35.741823 ], [ 139.678404, 35.74189 ], [ 139.678107, 35.742011 ], [ 139.677958, 35.742122 ], [ 139.677726, 35.742169 ], [ 139.677554, 35.742181 ], [ 139.677383, 35.742123 ], [ 139.677181, 35.742078 ], [ 139.677029, 35.742023 ], [ 139.676775, 35.741956 ], [ 139.676637, 35.741906 ], [ 139.676336, 35.741837 ], [ 139.676029, 35.74179 ], [ 139.675815, 35.741765 ], [ 139.675694, 35.741749 ], [ 139.675528, 35.741712 ], [ 139.675157, 35.741604 ], [ 139.674934, 35.741529 ], [ 139.674856, 35.74149 ], [ 139.674629, 35.741382 ], [ 139.674264, 35.741163 ], [ 139.674117, 35.741073 ], [ 139.673555, 35.741041 ], [ 139.673516, 35.741037 ], [ 139.673199, 35.741017 ], [ 139.673057, 35.740989 ], [ 139.672772, 35.740936 ], [ 139.672779, 35.741073 ], [ 139.67277, 35.7412 ], [ 139.672744, 35.741337 ], [ 139.672694, 35.741708 ], [ 139.672691, 35.741733 ], [ 139.672676, 35.741942 ], [ 139.672667, 35.742095 ], [ 139.672657, 35.742337 ], [ 139.672643, 35.742558 ], [ 139.672634, 35.742684 ], [ 139.672629, 35.742845 ], [ 139.672609, 35.742963 ], [ 139.67259, 35.743185 ], [ 139.672518, 35.743401 ], [ 139.672412, 35.743643 ], [ 139.672395, 35.74375 ], [ 139.67239, 35.743786 ], [ 139.672369, 35.743931 ], [ 139.672323, 35.74431 ], [ 139.67231, 35.744515 ], [ 139.672791, 35.744723 ], [ 139.672928, 35.744797 ], [ 139.673032, 35.744847 ], [ 139.673563, 35.745048 ], [ 139.673698, 35.744747 ], [ 139.673747, 35.744782 ], [ 139.674052, 35.744996 ], [ 139.674172, 35.74508 ], [ 139.674767, 35.745498 ], [ 139.674854, 35.745455 ], [ 139.675216, 35.745279 ], [ 139.67534, 35.745219 ], [ 139.675384, 35.745254 ], [ 139.675761, 35.745556 ], [ 139.67625, 35.745409 ], [ 139.676829, 35.745235 ], [ 139.676845, 35.745229 ], [ 139.677528, 35.744995 ] ] ] } },
{ "type": "Feature", "properties": { "key": "練馬区|栄町", "ward": "練馬区", "town": "栄町" }, "geometry": { "type": "Polygon", "coordinates": [ [ [ 139.671852, 35.740057 ], [ 139.672168, 35.74006 ], [ 139.672719, 35.740059 ], [ 139.672657, 35.739938 ], [ 139.672508, 35.739702 ], [ 139.672296, 35.739365 ], [ 139.672254, 35.739268 ], [ 139.672269, 35.73892 ], [ 139.672256, 35.738729 ], [ 139.672248, 35.738608 ], [ 139.672229, 35.738481 ], [ 139.672303, 35.738184 ], [ 139.672357, 35.737998 ], [ 139.672355, 35.737864 ], [ 139.671672, 35.73801 ], [ 139.671123, 35.738098 ], [ 139.671035, 35.738112 ], [ 139.67089, 35.738123 ], [ 139.67094, 35.73807 ], [ 139.671108, 35.737892 ], [ 139.671445, 35.737839 ], [ 139.671638, 35.737783 ], [ 139.671789, 35.7377 ], [ 139.671902, 35.737664 ], [ 139.672301, 35.737538 ], [ 139.672299, 35.737522 ], [ 139.672237, 35.737351 ], [ 139.672182, 35.737125 ], [ 139.672151, 35.736949 ], [ 139.672167, 35.736676 ], [ 139.672223, 35.736468 ], [ 139.672197, 35.736339 ], [ 139.671997, 35.736375 ], [ 139.671759, 35.736419 ], [ 139.671593, 35.736462 ], [ 139.671582, 35.736464 ], [ 139.671349, 35.736514 ], [ 139.671054, 35.736572 ], [ 139.670855, 35.736648 ], [ 139.670688, 35.736721 ], [ 139.670381, 35.736854 ], [ 139.670326, 35.736877 ], [ 139.670061, 35.736992 ], [ 139.669825, 35.737094 ], [ 139.669554, 35.737211 ], [ 139.66946, 35.737251 ], [ 139.669191, 35.737367 ], [ 139.668734, 35.737565 ], [ 139.668521, 35.737657 ], [ 139.667613, 35.738049 ], [ 139.667074, 35.738282 ], [ 139.666515, 35.738523 ], [ 139.666817, 35.738929 ], [ 139.667142, 35.739365 ], [ 139.667302, 35.739578 ], [ 139.667561, 35.739945 ], [ 139.667683, 35.740117 ], [ 139.66773, 35.740184 ], [ 139.668299, 35.740987 ], [ 139.668471, 35.741121 ], [ 139.668579, 35.741204 ], [ 139.668602, 35.741199 ], [ 139.668768, 35.741165 ], [ 139.66909, 35.741114 ], [ 139.669365, 35.741078 ], [ 139.6696, 35.741038 ], [ 139.669494, 35.740694 ], [ 139.669386, 35.740388 ], [ 139.66941, 35.740347 ], [ 139.670253, 35.740207 ], [ 139.670427, 35.74018 ], [ 139.670992, 35.74009 ], [ 139.671601, 35.74006 ], [ 139.671852, 35.740057 ] ] ] } },
{ "type": "Feature", "properties": { "key": "練馬区|羽沢1丁目", "ward": "練馬区", "town": "羽沢１丁目" }, "geometry": { "type": "Polygon", "coordinates": [ [ [ 139.672719, 35.740059 ], [ 139.672168, 35.74006 ], [ 139.671852, 35.740057 ], [ 139.671601, 35.74006 ], [ 139.670992, 35.74009 ], [ 139.670427, 35.74018 ], [ 139.670253, 35.740207 ], [ 139.66941, 35.740347 ], [ 139.669386, 35.740388 ], [ 139.669494, 35.740694 ], [ 139.6696, 35.741038 ], [ 139.669365, 35.741078 ], [ 139.66909, 35.741114 ], [ 139.668768, 35.741165 ], [ 139.669186, 35.741457 ], [ 139.669508, 35.741703 ], [ 139.669779, 35.741912 ], [ 139.669918, 35.74202 ], [ 139.670603, 35.742524 ], [ 139.671041, 35.742839 ], [ 139.671489, 35.743143 ], [ 139.671772, 35.743332 ], [ 139.67239, 35.743786 ], [ 139.672395, 35.74375 ], [ 139.672412, 35.743643 ], [ 139.672518, 35.743401 ], [ 139.67259, 35.743185 ], [ 139.672609, 35.742963 ], [ 139.672629, 35.742845 ], [ 139.672634, 35.742684 ], [ 139.672643, 35.742558 ], [ 139.672657, 35.742337 ], [ 139.672667, 35.742095 ], [ 139.672676, 35.741942 ], [ 139.672691, 35.741733 ], [ 139.672694, 35.741708 ], [ 139.672744, 35.741337 ], [ 139.67277, 35.7412 ], [ 139.672779, 35.741073 ], [ 139.672772, 35.740936 ], [ 139.672765, 35.740802 ], [ 139.672791, 35.740448 ], [ 139.672785, 35.740236 ], [ 139.672761, 35.740156 ], [ 139.672719, 35.740059 ] ] ] } },
{ "type": "Feature", "properties": { "key": "練馬区|羽沢2丁目", "ward": "練馬区", "town": "羽沢２丁目" }, "geometry": { "type": "Polygon", "coordinates": [ [ [ 139.673347, 35.747716 ], [ 139.673292, 35.747576 ], [ 139.673274, 35.747536 ], [ 139.673269, 35.74752 ], [ 139.673266, 35.747514 ], [ 139.67317, 35.747259 ], [ 139.673067, 35.74699 ], [ 139.67306, 35.746972 ], [ 139.673061, 35.746946 ], [ 139.673007, 35.74685 ], [ 139.672952, 35.746709 ], [ 139.672905, 35.74664 ], [ 139.672778, 35.746426 ], [ 139.672754, 35.746376 ], [ 139.672653, 35.746218 ], [ 139.672404, 35.745806 ], [ 139.672325, 35.745629 ], [ 139.672258, 35.745371 ], [ 139.672215, 35.745171 ], [ 139.672224, 35.744864 ], [ 139.67231, 35.744515 ], [ 139.672323, 35.74431 ], [ 139.672369, 35.743931 ], [ 139.67239, 35.743786 ], [ 139.671772, 35.743332 ], [ 139.671489, 35.743143 ], [ 139.671041, 35.742839 ], [ 139.670603, 35.742524 ], [ 139.669918, 35.74202 ], [ 139.669779, 35.741912 ], [ 139.669508, 35.741703 ], [ 139.669186, 35.741457 ], [ 139.668768, 35.741165 ], [ 139.668602, 35.741199 ], [ 139.668579, 35.741204 ], [ 139.668471, 35.741121 ], [ 139.668299, 35.740987 ], [ 139.66815, 35.741201 ], [ 139.668135, 35.741223 ], [ 139.668025, 35.741379 ], [ 139.667976, 35.741426 ], [ 139.668106, 35.74156 ], [ 139.668195, 35.741702 ], [ 139.668208, 35.741724 ], [ 139.668081, 35.741837 ], [ 139.668111, 35.741908 ], [ 139.668115, 35.741919 ], [ 139.668169, 35.742047 ], [ 139.668247, 35.742295 ], [ 139.66829, 35.742373 ], [ 139.668364, 35.742511 ], [ 139.668511, 35.742674 ], [ 139.668614, 35.742777 ], [ 139.668776, 35.742913 ], [ 139.668882, 35.743026 ], [ 139.668953, 35.743229 ], [ 139.66904, 35.743417 ], [ 139.669117, 35.743582 ], [ 139.669143, 35.743675 ], [ 139.669251, 35.74392 ], [ 139.669244, 35.744115 ], [ 139.669267, 35.7442 ], [ 139.669395, 35.744478 ], [ 139.669495, 35.744663 ], [ 139.669607, 35.744858 ], [ 139.669673, 35.744972 ], [ 139.669727, 35.745087 ], [ 139.669786, 35.745246 ], [ 139.669739, 35.745545 ], [ 139.669735, 35.745571 ], [ 139.669697, 35.746 ], [ 139.669649, 35.746169 ], [ 139.669592, 35.746315 ], [ 139.669447, 35.746747 ], [ 139.6694, 35.74703 ], [ 139.669374, 35.747239 ], [ 139.669396, 35.747434 ], [ 139.669548, 35.74749 ], [ 139.669556, 35.747621 ], [ 139.669602, 35.748031 ], [ 139.669845, 35.748102 ], [ 139.670138, 35.748094 ], [ 139.670354, 35.748058 ], [ 139.670614, 35.748029 ], [ 139.670979, 35.747992 ], [ 139.671527, 35.748202 ], [ 139.671644, 35.748347 ], [ 139.671921, 35.748597 ], [ 139.671985, 35.748675 ], [ 139.672042, 35.748745 ], [ 139.672184, 35.748908 ], [ 139.672311, 35.748992 ], [ 139.672459, 35.749131 ], [ 139.672619, 35.749268 ], [ 139.6728, 35.74941 ], [ 139.672943, 35.749527 ], [ 139.673091, 35.749407 ], [ 139.67364, 35.748891 ], [ 139.673848, 35.748696 ], [ 139.673883, 35.748668 ], [ 139.673871, 35.74864 ], [ 139.673822, 35.748549 ], [ 139.673714, 35.748393 ], [ 139.673687, 35.748349 ], [ 139.673671, 35.748323 ], [ 139.673533, 35.748099 ], [ 139.673473, 35.748001 ], [ 139.673347, 35.747716 ] ] ] } },
{ "type": "Feature", "properties": { "key": "練馬区|羽沢3丁目", "ward": "練馬区", "town": "羽沢３丁目" }, "geometry": { "type": "Polygon", "coordinates": [ [ [ 139.674982, 35.751806 ], [ 139.674994, 35.751808 ], [ 139.674982, 35.751664 ], [ 139.67496, 35.751516 ], [ 139.674904, 35.751339 ], [ 139.674838, 35.751199 ], [ 139.674806, 35.751136 ], [ 139.674737, 35.750996 ], [ 139.674597, 35.750483 ], [ 139.674468, 35.750167 ], [ 139.674421, 35.750041 ], [ 139.674402, 35.749924 ], [ 139.674392, 35.749864 ], [ 139.674352, 35.749778 ], [ 139.674142, 35.749203 ], [ 139.674114, 35.749141 ], [ 139.674029, 35.74895 ], [ 139.674011, 35.748916 ], [ 139.673883, 35.748668 ], [ 139.673848, 35.748696 ], [ 139.67364, 35.748891 ], [ 139.673091, 35.749407 ], [ 139.672943, 35.749527 ], [ 139.6728, 35.74941 ], [ 139.672619, 35.749268 ], [ 139.672459, 35.749131 ], [ 139.672311, 35.748992 ], [ 139.672184, 35.748908 ], [ 139.672042, 35.748745 ], [ 139.671985, 35.748675 ], [ 139.671921, 35.748597 ], [ 139.671644, 35.748347 ], [ 139.671527, 35.748202 ], [ 139.670979, 35.747992 ], [ 139.670614, 35.748029 ], [ 139.670354, 35.748058 ], [ 139.670138, 35.748094 ], [ 139.669845, 35.748102 ], [ 139.669602, 35.748031 ], [ 139.669205, 35.747982 ], [ 139.669684, 35.748289 ], [ 139.669655, 35.748625 ], [ 139.669616, 35.748971 ], [ 139.669575, 35.749343 ], [ 139.669574, 35.749358 ], [ 139.669551, 35.749736 ], [ 139.670428, 35.749916 ], [ 139.670698, 35.749971 ], [ 139.670721, 35.749976 ], [ 139.670864, 35.750013 ], [ 139.671088, 35.750089 ], [ 139.67126, 35.750235 ], [ 139.671406, 35.750375 ], [ 139.671481, 35.750638 ], [ 139.671726, 35.751218 ], [ 139.671946, 35.751744 ], [ 139.671948, 35.75175 ], [ 139.672174, 35.752286 ], [ 139.672189, 35.752323 ], [ 139.672433, 35.752927 ], [ 139.672451, 35.75296 ], [ 139.672752, 35.753506 ], [ 139.6728, 35.753623 ], [ 139.672948, 35.753989 ], [ 139.673151, 35.754501 ], [ 139.673257, 35.754654 ], [ 139.673281, 35.754697 ], [ 139.673316, 35.754654 ], [ 139.673665, 35.754235 ], [ 139.67371, 35.754182 ], [ 139.673571, 35.753823 ], [ 139.673566, 35.753293 ], [ 139.673663, 35.753243 ], [ 139.674407, 35.752868 ], [ 139.674411, 35.752863 ], [ 139.674434, 35.752853 ], [ 139.674546, 35.752671 ], [ 139.674763, 35.752462 ], [ 139.674811, 35.752411 ], [ 139.674919, 35.752283 ], [ 139.674981, 35.751814 ], [ 139.674982, 35.751806 ] ] ] } },
{ "type": "Feature", "properties": { "key": "練馬区|豊玉上1丁目", "ward": "練馬区", "town": "豊玉上１丁目" }, "geometry": { "type": "Polygon", "coordinates": [ [ [ 139.672307, 35.734026 ], [ 139.671819, 35.734147 ], [ 139.671697, 35.734177 ], [ 139.671502, 35.734226 ], [ 139.671452, 35.734238 ], [ 139.67092, 35.734377 ], [ 139.670257, 35.73455 ], [ 139.670253, 35.734551 ], [ 139.669397, 35.734769 ], [ 139.66898, 35.734884 ], [ 139.668406, 35.735022 ], [ 139.667999, 35.73512 ], [ 139.667739, 35.735206 ], [ 139.667083, 35.735367 ], [ 139.666883, 35.735431 ], [ 139.66619, 35.73561 ], [ 139.665284, 35.735837 ], [ 139.664723, 35.735998 ], [ 139.665238, 35.736467 ], [ 139.665559, 35.73675 ], [ 139.665787, 35.736956 ], [ 139.665677, 35.737108 ], [ 139.665454, 35.737464 ], [ 139.66572, 35.737703 ], [ 139.666515, 35.738523 ], [ 139.667074, 35.738282 ], [ 139.667613, 35.738049 ], [ 139.668521, 35.737657 ], [ 139.668734, 35.737565 ], [ 139.669191, 35.737367 ], [ 139.66946, 35.737251 ], [ 139.669554, 35.737211 ], [ 139.669825, 35.737094 ], [ 139.670061, 35.736992 ], [ 139.670326, 35.736877 ], [ 139.670381, 35.736854 ], [ 139.670688, 35.736721 ], [ 139.670855, 35.736648 ], [ 139.671054, 35.736572 ], [ 139.671349, 35.736514 ], [ 139.671582, 35.736464 ], [ 139.671593, 35.736462 ], [ 139.671759, 35.736419 ], [ 139.671997, 35.736375 ], [ 139.672197, 35.736339 ], [ 139.672729, 35.73623 ], [ 139.672812, 35.736217 ], [ 139.672664, 35.736036 ], [ 139.672484, 35.735803 ], [ 139.672406, 35.735705 ], [ 139.672238, 35.735492 ], [ 139.672155, 35.735368 ], [ 139.672372, 35.735262 ], [ 139.672665, 35.735122 ], [ 139.672762, 35.735061 ], [ 139.672369, 35.734545 ], [ 139.672337, 35.734503 ], [ 139.672311, 35.734083 ], [ 139.672307, 35.734026 ] ] ] } },
{ "type": "Feature", "properties": { "key": "練馬区|豊玉上2丁目", "ward": "練馬区", "town": "豊玉上２丁目" }, "geometry": { "type": "Polygon", "coordinates": [ [ [ 139.66572, 35.737703 ], [ 139.665454, 35.737464 ], [ 139.665677, 35.737108 ], [ 139.665787, 35.736956 ], [ 139.665559, 35.73675 ], [ 139.665238, 35.736467 ], [ 139.664723, 35.735998 ], [ 139.664453, 35.736064 ], [ 139.663982, 35.736167 ], [ 139.663559, 35.736246 ], [ 139.66317, 35.73631 ], [ 139.662654, 35.736404 ], [ 139.662371, 35.736456 ], [ 139.661682, 35.736567 ], [ 139.661365, 35.736615 ], [ 139.660965, 35.736697 ], [ 139.660814, 35.736723 ], [ 139.660304, 35.73681 ], [ 139.659643, 35.736934 ], [ 139.659507, 35.736946 ], [ 139.659449, 35.736956 ], [ 139.659402, 35.736965 ], [ 139.659151, 35.737009 ], [ 139.658212, 35.737167 ], [ 139.658197, 35.73717 ], [ 139.657808, 35.737233 ], [ 139.65735, 35.737308 ], [ 139.65725, 35.737316 ], [ 139.656842, 35.737397 ], [ 139.656569, 35.73744 ], [ 139.656075, 35.737528 ], [ 139.655998, 35.737578 ], [ 139.65604, 35.737639 ], [ 139.656489, 35.737747 ], [ 139.656648, 35.737793 ], [ 139.656918, 35.737842 ], [ 139.657098, 35.737887 ], [ 139.657185, 35.737892 ], [ 139.657351, 35.737928 ], [ 139.657617, 35.737974 ], [ 139.657863, 35.738025 ], [ 139.657995, 35.738052 ], [ 139.658134, 35.738092 ], [ 139.658142, 35.738093 ], [ 139.658418, 35.738128 ], [ 139.658658, 35.738177 ], [ 139.658904, 35.738162 ], [ 139.65914, 35.738162 ], [ 139.659151, 35.738161 ], [ 139.659349, 35.73815 ], [ 139.659353, 35.73815 ], [ 139.65945, 35.738145 ], [ 139.659624, 35.738155 ], [ 139.659737, 35.738161 ], [ 139.659741, 35.738161 ], [ 139.659926, 35.738183 ], [ 139.659946, 35.738185 ], [ 139.659974, 35.738185 ], [ 139.660147, 35.73818 ], [ 139.660176, 35.738179 ], [ 139.660193, 35.738178 ], [ 139.660304, 35.738174 ], [ 139.660359, 35.738171 ], [ 139.660507, 35.738165 ], [ 139.66057, 35.738163 ], [ 139.660728, 35.738157 ], [ 139.660732, 35.738156 ], [ 139.660991, 35.738164 ], [ 139.661049, 35.738161 ], [ 139.661306, 35.738151 ], [ 139.661369, 35.738151 ], [ 139.661948, 35.738155 ], [ 139.662062, 35.738168 ], [ 139.662467, 35.738202 ], [ 139.662494, 35.738204 ], [ 139.662697, 35.738224 ], [ 139.662923, 35.738272 ], [ 139.663432, 35.738353 ], [ 139.663705, 35.738391 ], [ 139.664093, 35.73845 ], [ 139.66416, 35.73846 ], [ 139.664573, 35.738491 ], [ 139.664764, 35.738528 ], [ 139.664794, 35.73853 ], [ 139.664947, 35.738537 ], [ 139.665132, 35.738557 ], [ 139.66526, 35.738571 ], [ 139.665461, 35.738583 ], [ 139.666225, 35.738562 ], [ 139.666515, 35.738523 ], [ 139.66572, 35.737703 ] ] ] } },
{ "type": "Feature", "properties": { "key": "練馬区|豊玉中1丁目", "ward": "練馬区", "town": "豊玉中１丁目" }, "geometry": { "type": "Polygon", "coordinates": [ [ [ 139.663113, 35.727856 ], [ 139.662597, 35.728271 ], [ 139.662397, 35.72835 ], [ 139.661902, 35.728516 ], [ 139.661564, 35.728616 ], [ 139.661547, 35.728622 ], [ 139.661496, 35.728637 ], [ 139.661006, 35.728745 ], [ 139.660956, 35.728852 ], [ 139.660967, 35.72897 ], [ 139.66099, 35.729233 ], [ 139.661018, 35.729505 ], [ 139.661044, 35.729913 ], [ 139.661051, 35.73029 ], [ 139.66103, 35.730694 ], [ 139.661023, 35.730988 ], [ 139.661021, 35.73102 ], [ 139.660995, 35.731736 ], [ 139.661036, 35.731796 ], [ 139.660918, 35.732281 ], [ 139.661183, 35.73237 ], [ 139.661433, 35.732455 ], [ 139.661767, 35.732651 ], [ 139.662007, 35.732285 ], [ 139.662781, 35.73226 ], [ 139.663358, 35.732238 ], [ 139.663801, 35.73222 ], [ 139.664529, 35.73219 ], [ 139.665497, 35.732148 ], [ 139.665396, 35.731529 ], [ 139.665392, 35.7315 ], [ 139.665281, 35.7315 ], [ 139.665032, 35.731392 ], [ 139.665015, 35.731385 ], [ 139.664833, 35.731283 ], [ 139.664791, 35.731259 ], [ 139.664749, 35.731233 ], [ 139.664743, 35.731226 ], [ 139.664574, 35.731057 ], [ 139.664525, 35.730989 ], [ 139.664397, 35.730721 ], [ 139.664354, 35.730582 ], [ 139.664311, 35.730438 ], [ 139.664206, 35.730175 ], [ 139.664058, 35.729881 ], [ 139.663976, 35.729607 ], [ 139.663924, 35.729362 ], [ 139.6639, 35.72931 ], [ 139.663877, 35.729262 ], [ 139.663858, 35.729149 ], [ 139.663817, 35.729093 ], [ 139.663802, 35.729073 ], [ 139.663784, 35.729048 ], [ 139.66363, 35.728857 ], [ 139.663561, 35.728698 ], [ 139.66356, 35.728694 ], [ 139.663529, 35.728561 ], [ 139.663479, 35.728393 ], [ 139.663419, 35.728261 ], [ 139.663401, 35.728227 ], [ 139.663389, 35.728206 ], [ 139.663318, 35.728099 ], [ 139.663113, 35.727856 ] ] ] } },
{ "type": "Feature", "properties": { "key": "練馬区|豊玉中2丁目", "ward": "練馬区", "town": "豊玉中２丁目" }, "geometry": { "type": "Polygon", "coordinates": [ [ [ 139.65824, 35.733046 ], [ 139.658464, 35.733105 ], [ 139.658608, 35.733124 ], [ 139.658746, 35.733137 ], [ 139.659103, 35.733116 ], [ 139.659145, 35.733114 ], [ 139.659395, 35.733098 ], [ 139.659475, 35.733104 ], [ 139.659581, 35.733111 ], [ 139.659702, 35.733119 ], [ 139.659917, 35.73296 ], [ 139.660178, 35.732767 ], [ 139.660246, 35.732827 ], [ 139.660699, 35.732469 ], [ 139.660918, 35.732281 ], [ 139.661036, 35.731796 ], [ 139.660995, 35.731736 ], [ 139.661021, 35.73102 ], [ 139.661023, 35.730988 ], [ 139.66103, 35.730694 ], [ 139.661051, 35.73029 ], [ 139.661044, 35.729913 ], [ 139.661018, 35.729505 ], [ 139.66099, 35.729233 ], [ 139.660967, 35.72897 ], [ 139.660956, 35.728852 ], [ 139.660635, 35.729192 ], [ 139.660336, 35.729199 ], [ 139.65956, 35.729444 ], [ 139.65956, 35.729454 ], [ 139.659185, 35.729454 ], [ 139.658849, 35.729455 ], [ 139.65765, 35.729446 ], [ 139.657059, 35.729415 ], [ 139.656958, 35.729978 ], [ 139.656933, 35.729958 ], [ 139.656859, 35.730548 ], [ 139.656855, 35.730577 ], [ 139.656785, 35.731188 ], [ 139.656714, 35.731912 ], [ 139.656676, 35.732268 ], [ 139.656682, 35.732653 ], [ 139.656683, 35.732759 ], [ 139.656681, 35.733177 ], [ 139.656913, 35.733175 ], [ 139.657307, 35.733231 ], [ 139.657457, 35.733321 ], [ 139.657645, 35.733488 ], [ 139.657771, 35.733587 ], [ 139.657831, 35.733543 ], [ 139.657989, 35.7334 ], [ 139.658131, 35.733209 ], [ 139.65824, 35.733046 ] ] ] } },
{ "type": "Feature", "properties": { "key": "練馬区|豊玉中3丁目", "ward": "練馬区", "town": "豊玉中３丁目" }, "geometry": { "type": "Polygon", "coordinates": [ [ [ 139.656282, 35.733182 ], [ 139.656446, 35.733186 ], [ 139.656681, 35.733177 ], [ 139.656683, 35.732759 ], [ 139.656682, 35.732653 ], [ 139.656676, 35.732268 ], [ 139.656714, 35.731912 ], [ 139.656785, 35.731188 ], [ 139.656855, 35.730577 ], [ 139.656859, 35.730548 ], [ 139.656933, 35.729958 ], [ 139.656504, 35.729561 ], [ 139.656076, 35.729875 ], [ 139.655772, 35.729906 ], [ 139.655314, 35.729947 ], [ 139.654904, 35.729983 ], [ 139.654939, 35.730188 ], [ 139.654279, 35.730246 ], [ 139.653678, 35.730307 ], [ 139.653085, 35.730353 ], [ 139.652623, 35.730389 ], [ 139.65257, 35.731439 ], [ 139.652552, 35.731708 ], [ 139.652553, 35.732165 ], [ 139.652447, 35.732789 ], [ 139.652418, 35.733168 ], [ 139.652373, 35.733613 ], [ 139.652577, 35.733625 ], [ 139.652719, 35.733654 ], [ 139.652921, 35.733724 ], [ 139.653139, 35.733827 ], [ 139.653501, 35.733998 ], [ 139.653775, 35.733708 ], [ 139.653887, 35.733614 ], [ 139.65397, 35.733566 ], [ 139.654647, 35.733485 ], [ 139.654692, 35.733479 ], [ 139.655239, 35.733425 ], [ 139.655253, 35.733284 ], [ 139.655862, 35.73327 ], [ 139.655928, 35.733263 ], [ 139.655957, 35.733234 ], [ 139.656106, 35.733197 ], [ 139.656282, 35.733182 ] ] ] } },
{ "type": "Feature", "properties": { "key": "練馬区|豊玉中4丁目", "ward": "練馬区", "town": "豊玉中４丁目" }, "geometry": { "type": "Polygon", "coordinates": [ [ [ 139.652418, 35.733168 ], [ 139.652447, 35.732789 ], [ 139.652553, 35.732165 ], [ 139.652552, 35.731708 ], [ 139.65257, 35.731439 ], [ 139.652623, 35.730389 ], [ 139.652171, 35.730425 ], [ 139.6517, 35.730462 ], [ 139.651036, 35.730514 ], [ 139.650377, 35.730566 ], [ 139.649904, 35.730603 ], [ 139.649294, 35.730716 ], [ 139.648635, 35.730838 ], [ 139.648785, 35.731174 ], [ 139.648885, 35.731465 ], [ 139.64907, 35.732061 ], [ 139.649329, 35.732559 ], [ 139.649585, 35.733032 ], [ 139.649797, 35.733454 ], [ 139.650188, 35.733447 ], [ 139.650555, 35.733493 ], [ 139.650968, 35.733528 ], [ 139.651924, 35.733586 ], [ 139.652346, 35.733611 ], [ 139.652373, 35.733613 ], [ 139.652418, 35.733168 ] ] ] } },
{ "type": "Feature", "properties": { "key": "練馬区|豊玉南1丁目", "ward": "練馬区", "town": "豊玉南１丁目" }, "geometry": { "type": "Polygon", "coordinates": [ [ [ 139.660913, 35.726737 ], [ 139.660889, 35.726734 ], [ 139.660635, 35.726703 ], [ 139.659658, 35.72674 ], [ 139.659671, 35.726227 ], [ 139.659677, 35.725998 ], [ 139.659685, 35.725721 ], [ 139.658667, 35.725748 ], [ 139.658628, 35.725749 ], [ 139.658071, 35.725754 ], [ 139.658078, 35.726029 ], [ 139.658084, 35.726277 ], [ 139.658092, 35.726564 ], [ 139.658099, 35.726846 ], [ 139.658122, 35.727227 ], [ 139.658141, 35.727458 ], [ 139.658211, 35.72775 ], [ 139.658291, 35.727946 ], [ 139.658354, 35.728167 ], [ 139.658396, 35.728348 ], [ 139.658405, 35.728499 ], [ 139.658753, 35.728531 ], [ 139.658779, 35.728687 ], [ 139.658885, 35.728719 ], [ 139.658849, 35.729455 ], [ 139.659185, 35.729454 ], [ 139.65956, 35.729454 ], [ 139.65956, 35.729444 ], [ 139.660336, 35.729199 ], [ 139.660635, 35.729192 ], [ 139.660956, 35.728852 ], [ 139.661006, 35.728745 ], [ 139.661496, 35.728637 ], [ 139.661547, 35.728622 ], [ 139.661564, 35.728616 ], [ 139.661902, 35.728516 ], [ 139.662397, 35.72835 ], [ 139.662597, 35.728271 ], [ 139.663113, 35.727856 ], [ 139.663091, 35.727831 ], [ 139.663036, 35.727766 ], [ 139.662948, 35.727706 ], [ 139.662793, 35.727586 ], [ 139.662689, 35.727476 ], [ 139.662435, 35.727272 ], [ 139.662394, 35.72724 ], [ 139.662269, 35.72715 ], [ 139.662124, 35.727077 ], [ 139.662015, 35.72702 ], [ 139.662003, 35.727013 ], [ 139.661855, 35.726956 ], [ 139.661347, 35.726823 ], [ 139.661234, 35.7268 ], [ 139.660913, 35.726737 ] ] ] } },
{ "type": "Feature", "properties": { "key": "練馬区|豊玉南2丁目", "ward": "練馬区", "town": "豊玉南２丁目" }, "geometry": { "type": "Polygon", "coordinates": [ [ [ 139.656504, 35.729561 ], [ 139.656933, 35.729958 ], [ 139.656958, 35.729978 ], [ 139.657059, 35.729415 ], [ 139.65765, 35.729446 ], [ 139.658849, 35.729455 ], [ 139.658885, 35.728719 ], [ 139.658779, 35.728687 ], [ 139.658753, 35.728531 ], [ 139.658405, 35.728499 ], [ 139.658396, 35.728348 ], [ 139.658354, 35.728167 ], [ 139.658291, 35.727946 ], [ 139.658211, 35.72775 ], [ 139.658141, 35.727458 ], [ 139.658122, 35.727227 ], [ 139.658099, 35.726846 ], [ 139.658092, 35.726564 ], [ 139.658084, 35.726277 ], [ 139.658078, 35.726029 ], [ 139.658071, 35.725754 ], [ 139.657873, 35.725762 ], [ 139.657632, 35.725837 ], [ 139.657502, 35.725884 ], [ 139.657285, 35.725944 ], [ 139.657003, 35.726027 ], [ 139.656744, 35.726087 ], [ 139.656304, 35.726208 ], [ 139.656243, 35.726221 ], [ 139.655938, 35.726266 ], [ 139.655603, 35.726295 ], [ 139.655596, 35.726295 ], [ 139.655285, 35.726297 ], [ 139.655136, 35.726305 ], [ 139.654599, 35.726337 ], [ 139.654006, 35.726371 ], [ 139.65392, 35.726306 ], [ 139.653918, 35.726625 ], [ 139.653981, 35.727011 ], [ 139.65398, 35.727096 ], [ 139.653939, 35.727385 ], [ 139.653945, 35.72747 ], [ 139.653993, 35.727883 ], [ 139.65404, 35.728319 ], [ 139.654105, 35.728828 ], [ 139.654166, 35.729231 ], [ 139.654279, 35.730246 ], [ 139.654939, 35.730188 ], [ 139.654904, 35.729983 ], [ 139.655314, 35.729947 ], [ 139.655772, 35.729906 ], [ 139.656076, 35.729875 ], [ 139.656504, 35.729561 ] ] ] } },
{ "type": "Feature", "properties": { "key": "練馬区|豊玉南3丁目", "ward": "練馬区", "town": "豊玉南３丁目" }, "geometry": { "type": "Polygon", "coordinates": [ [ [ 139.653829, 35.726216 ], [ 139.65317, 35.72622 ], [ 139.652965, 35.726211 ], [ 139.652331, 35.726224 ], [ 139.652107, 35.726248 ], [ 139.652027, 35.726092 ], [ 139.651803, 35.726107 ], [ 139.651693, 35.726127 ], [ 139.651536, 35.72617 ], [ 139.651481, 35.726186 ], [ 139.651321, 35.726255 ], [ 139.651099, 35.726364 ], [ 139.651061, 35.726391 ], [ 139.650901, 35.726479 ], [ 139.650894, 35.726483 ], [ 139.65061, 35.726624 ], [ 139.650268, 35.72683 ], [ 139.650187, 35.726907 ], [ 139.649599, 35.727461 ], [ 139.649781, 35.727611 ], [ 139.649528, 35.727829 ], [ 139.649212, 35.728139 ], [ 139.649155, 35.728428 ], [ 139.648744, 35.730199 ], [ 139.648638, 35.730657 ], [ 139.648635, 35.730838 ], [ 139.649294, 35.730716 ], [ 139.649904, 35.730603 ], [ 139.650377, 35.730566 ], [ 139.651036, 35.730514 ], [ 139.6517, 35.730462 ], [ 139.652171, 35.730425 ], [ 139.652623, 35.730389 ], [ 139.653085, 35.730353 ], [ 139.653678, 35.730307 ], [ 139.654279, 35.730246 ], [ 139.654166, 35.729231 ], [ 139.654105, 35.728828 ], [ 139.65404, 35.728319 ], [ 139.653993, 35.727883 ], [ 139.653945, 35.72747 ], [ 139.653939, 35.727385 ], [ 139.65398, 35.727096 ], [ 139.653981, 35.727011 ], [ 139.653918, 35.726625 ], [ 139.65392, 35.726306 ], [ 139.653865, 35.726258 ], [ 139.653829, 35.726216 ] ] ] } },
{ "type": "Feature", "properties": { "key": "練馬区|豊玉北1丁目", "ward": "練馬区", "town": "豊玉北１丁目" }, "geometry": { "type": "Polygon", "coordinates": [ [ [ 139.672345, 35.733705 ], [ 139.672122, 35.73371 ], [ 139.67161, 35.73372 ], [ 139.671562, 35.733721 ], [ 139.671246, 35.733725 ], [ 139.671136, 35.73342 ], [ 139.671022, 35.73319 ], [ 139.670975, 35.73313 ], [ 139.670911, 35.733049 ], [ 139.67069, 35.732807 ], [ 139.670425, 35.732609 ], [ 139.670264, 35.732661 ], [ 139.669728, 35.73285 ], [ 139.669679, 35.732854 ], [ 139.669616, 35.732759 ], [ 139.669412, 35.732508 ], [ 139.669303, 35.732399 ], [ 139.669279, 35.732317 ], [ 139.669332, 35.732117 ], [ 139.669229, 35.73212 ], [ 139.668502, 35.73217 ], [ 139.668208, 35.732196 ], [ 139.668155, 35.732095 ], [ 139.668077, 35.731929 ], [ 139.668069, 35.73191 ], [ 139.668035, 35.731775 ], [ 139.668023, 35.731622 ], [ 139.667974, 35.731344 ], [ 139.667587, 35.731384 ], [ 139.666933, 35.731453 ], [ 139.666928, 35.731204 ], [ 139.666251, 35.731402 ], [ 139.666018, 35.73147 ], [ 139.666009, 35.73147 ], [ 139.665836, 35.731481 ], [ 139.665549, 35.731493 ], [ 139.665392, 35.7315 ], [ 139.665396, 35.731529 ], [ 139.665497, 35.732148 ], [ 139.665505, 35.732148 ], [ 139.665717, 35.732137 ], [ 139.666218, 35.73211 ], [ 139.666421, 35.732522 ], [ 139.666666, 35.732984 ], [ 139.666866, 35.733383 ], [ 139.666885, 35.733412 ], [ 139.66695, 35.733547 ], [ 139.667021, 35.733695 ], [ 139.667035, 35.733717 ], [ 139.667179, 35.733768 ], [ 139.66734, 35.733828 ], [ 139.667523, 35.734164 ], [ 139.667837, 35.734739 ], [ 139.667999, 35.73512 ], [ 139.668406, 35.735022 ], [ 139.66898, 35.734884 ], [ 139.669397, 35.734769 ], [ 139.670253, 35.734551 ], [ 139.670257, 35.73455 ], [ 139.67092, 35.734377 ], [ 139.671452, 35.734238 ], [ 139.671502, 35.734226 ], [ 139.671697, 35.734177 ], [ 139.671819, 35.734147 ], [ 139.672307, 35.734026 ], [ 139.672345, 35.733705 ] ] ] } },
{ "type": "Feature", "properties": { "key": "練馬区|豊玉北2丁目", "ward": "練馬区", "town": "豊玉北２丁目" }, "geometry": { "type": "Polygon", "coordinates": [ [ [ 139.666883, 35.735431 ], [ 139.667083, 35.735367 ], [ 139.667739, 35.735206 ], [ 139.667999, 35.73512 ], [ 139.667837, 35.734739 ], [ 139.667523, 35.734164 ], [ 139.66734, 35.733828 ], [ 139.667179, 35.733768 ], [ 139.667035, 35.733717 ], [ 139.667021, 35.733695 ], [ 139.66695, 35.733547 ], [ 139.666885, 35.733412 ], [ 139.666866, 35.733383 ], [ 139.666666, 35.732984 ], [ 139.666421, 35.732522 ], [ 139.666218, 35.73211 ], [ 139.665717, 35.732137 ], [ 139.665505, 35.732148 ], [ 139.665497, 35.732148 ], [ 139.664529, 35.73219 ], [ 139.663801, 35.73222 ], [ 139.663358, 35.732238 ], [ 139.663433, 35.732659 ], [ 139.663481, 35.73293 ], [ 139.663503, 35.733017 ], [ 139.663665, 35.73374 ], [ 139.663855, 35.734596 ], [ 139.663961, 35.735038 ], [ 139.664277, 35.735563 ], [ 139.664294, 35.735591 ], [ 139.664366, 35.735544 ], [ 139.664513, 35.735726 ], [ 139.664621, 35.735856 ], [ 139.664723, 35.735998 ], [ 139.665284, 35.735837 ], [ 139.66619, 35.73561 ], [ 139.666883, 35.735431 ] ] ] } },
{ "type": "Feature", "properties": { "key": "練馬区|豊玉北3丁目", "ward": "練馬区", "town": "豊玉北３丁目" }, "geometry": { "type": "Polygon", "coordinates": [ [ [ 139.664366, 35.735544 ], [ 139.664294, 35.735591 ], [ 139.664277, 35.735563 ], [ 139.663961, 35.735038 ], [ 139.663855, 35.734596 ], [ 139.663665, 35.73374 ], [ 139.663503, 35.733017 ], [ 139.663481, 35.73293 ], [ 139.663433, 35.732659 ], [ 139.663358, 35.732238 ], [ 139.662781, 35.73226 ], [ 139.662007, 35.732285 ], [ 139.661767, 35.732651 ], [ 139.661433, 35.732455 ], [ 139.661183, 35.73237 ], [ 139.660918, 35.732281 ], [ 139.660699, 35.732469 ], [ 139.660246, 35.732827 ], [ 139.660178, 35.732767 ], [ 139.659917, 35.73296 ], [ 139.659702, 35.733119 ], [ 139.659799, 35.733203 ], [ 139.660527, 35.733835 ], [ 139.660535, 35.734123 ], [ 139.660578, 35.734443 ], [ 139.660636, 35.734995 ], [ 139.660763, 35.735619 ], [ 139.660786, 35.735787 ], [ 139.6608, 35.735892 ], [ 139.660878, 35.736335 ], [ 139.660965, 35.736697 ], [ 139.661365, 35.736615 ], [ 139.661682, 35.736567 ], [ 139.662371, 35.736456 ], [ 139.662654, 35.736404 ], [ 139.66317, 35.73631 ], [ 139.663559, 35.736246 ], [ 139.663982, 35.736167 ], [ 139.664453, 35.736064 ], [ 139.664723, 35.735998 ], [ 139.664621, 35.735856 ], [ 139.664513, 35.735726 ], [ 139.664366, 35.735544 ] ] ] } },
{ "type": "Feature", "properties": { "key": "練馬区|豊玉北4丁目", "ward": "練馬区", "town": "豊玉北４丁目" }, "geometry": { "type": "Polygon", "coordinates": [ [ [ 139.659799, 35.733203 ], [ 139.659702, 35.733119 ], [ 139.659581, 35.733111 ], [ 139.659475, 35.733104 ], [ 139.659395, 35.733098 ], [ 139.659145, 35.733114 ], [ 139.659103, 35.733116 ], [ 139.658746, 35.733137 ], [ 139.658608, 35.733124 ], [ 139.658464, 35.733105 ], [ 139.65824, 35.733046 ], [ 139.658131, 35.733209 ], [ 139.657989, 35.7334 ], [ 139.657831, 35.733543 ], [ 139.657771, 35.733587 ], [ 139.657645, 35.733488 ], [ 139.657457, 35.733321 ], [ 139.657307, 35.733231 ], [ 139.656913, 35.733175 ], [ 139.656681, 35.733177 ], [ 139.656695, 35.73365 ], [ 139.656713, 35.734347 ], [ 139.656722, 35.73465 ], [ 139.656714, 35.735255 ], [ 139.656693, 35.735778 ], [ 139.656686, 35.735883 ], [ 139.656659, 35.736345 ], [ 139.656634, 35.736767 ], [ 139.656601, 35.737137 ], [ 139.656569, 35.73744 ], [ 139.656842, 35.737397 ], [ 139.65725, 35.737316 ], [ 139.65735, 35.737308 ], [ 139.657808, 35.737233 ], [ 139.658197, 35.73717 ], [ 139.658212, 35.737167 ], [ 139.659151, 35.737009 ], [ 139.659402, 35.736965 ], [ 139.659449, 35.736956 ], [ 139.659507, 35.736946 ], [ 139.659643, 35.736934 ], [ 139.660304, 35.73681 ], [ 139.660814, 35.736723 ], [ 139.660965, 35.736697 ], [ 139.660878, 35.736335 ], [ 139.6608, 35.735892 ], [ 139.660786, 35.735787 ], [ 139.660763, 35.735619 ], [ 139.660636, 35.734995 ], [ 139.660578, 35.734443 ], [ 139.660535, 35.734123 ], [ 139.660527, 35.733835 ], [ 139.659799, 35.733203 ] ] ] } },
{ "type": "Feature", "properties": { "key": "練馬区|豊玉北5丁目", "ward": "練馬区", "town": "豊玉北５丁目" }, "geometry": { "type": "Polygon", "coordinates": [ [ [ 139.656681, 35.733177 ], [ 139.656446, 35.733186 ], [ 139.656282, 35.733182 ], [ 139.656106, 35.733197 ], [ 139.655957, 35.733234 ], [ 139.655928, 35.733263 ], [ 139.655862, 35.73327 ], [ 139.655253, 35.733284 ], [ 139.655239, 35.733425 ], [ 139.654692, 35.733479 ], [ 139.654647, 35.733485 ], [ 139.65397, 35.733566 ], [ 139.653887, 35.733614 ], [ 139.653775, 35.733708 ], [ 139.653501, 35.733998 ], [ 139.653376, 35.734307 ], [ 139.653233, 35.734759 ], [ 139.653082, 35.735235 ], [ 139.653451, 35.735313 ], [ 139.653502, 35.73533 ], [ 139.653645, 35.735377 ], [ 139.65372, 35.735426 ], [ 139.653384, 35.735504 ], [ 139.652635, 35.735786 ], [ 139.652847, 35.736096 ], [ 139.652759, 35.736336 ], [ 139.652701, 35.736552 ], [ 139.652673, 35.736716 ], [ 139.652667, 35.736897 ], [ 139.652693, 35.737043 ], [ 139.652743, 35.737133 ], [ 139.653229, 35.737174 ], [ 139.653476, 35.737206 ], [ 139.653924, 35.737278 ], [ 139.654422, 35.737352 ], [ 139.65464, 35.737387 ], [ 139.655033, 35.737449 ], [ 139.655349, 35.737508 ], [ 139.655829, 35.737615 ], [ 139.65604, 35.737639 ], [ 139.655998, 35.737578 ], [ 139.656075, 35.737528 ], [ 139.656569, 35.73744 ], [ 139.656601, 35.737137 ], [ 139.656634, 35.736767 ], [ 139.656659, 35.736345 ], [ 139.656686, 35.735883 ], [ 139.656693, 35.735778 ], [ 139.656714, 35.735255 ], [ 139.656722, 35.73465 ], [ 139.656713, 35.734347 ], [ 139.656695, 35.73365 ], [ 139.656681, 35.733177 ] ] ] } },
{ "type": "Feature", "properties": { "key": "練馬区|豊玉北6丁目", "ward": "練馬区", "town": "豊玉北６丁目" }, "geometry": { "type": "Polygon", "coordinates": [ [ [ 139.650188, 35.733447 ], [ 139.649797, 35.733454 ], [ 139.649946, 35.73382 ], [ 139.650012, 35.734041 ], [ 139.650027, 35.734153 ], [ 139.649921, 35.734497 ], [ 139.649777, 35.734706 ], [ 139.649656, 35.7349 ], [ 139.649501, 35.735105 ], [ 139.649265, 35.735438 ], [ 139.649244, 35.735484 ], [ 139.649232, 35.735511 ], [ 139.64923, 35.735769 ], [ 139.64923, 35.73595 ], [ 139.64919, 35.736125 ], [ 139.649137, 35.736444 ], [ 139.649088, 35.736621 ], [ 139.649652, 35.736714 ], [ 139.649885, 35.7368 ], [ 139.649949, 35.736839 ], [ 139.649937, 35.736937 ], [ 139.650704, 35.737019 ], [ 139.650715, 35.737021 ], [ 139.651009, 35.737033 ], [ 139.651601, 35.737078 ], [ 139.651775, 35.737084 ], [ 139.651889, 35.737087 ], [ 139.651946, 35.737091 ], [ 139.652398, 35.737122 ], [ 139.652743, 35.737133 ], [ 139.652693, 35.737043 ], [ 139.652667, 35.736897 ], [ 139.652673, 35.736716 ], [ 139.652701, 35.736552 ], [ 139.652759, 35.736336 ], [ 139.652847, 35.736096 ], [ 139.652635, 35.735786 ], [ 139.653384, 35.735504 ], [ 139.65372, 35.735426 ], [ 139.653645, 35.735377 ], [ 139.653502, 35.73533 ], [ 139.653451, 35.735313 ], [ 139.653082, 35.735235 ], [ 139.653233, 35.734759 ], [ 139.653376, 35.734307 ], [ 139.653501, 35.733998 ], [ 139.653139, 35.733827 ], [ 139.652921, 35.733724 ], [ 139.652719, 35.733654 ], [ 139.652577, 35.733625 ], [ 139.652373, 35.733613 ], [ 139.652346, 35.733611 ], [ 139.651924, 35.733586 ], [ 139.650968, 35.733528 ], [ 139.650555, 35.733493 ], [ 139.650188, 35.733447 ] ] ] } },
{ "type": "Feature", "properties": { "key": "練馬区|中村1丁目", "ward": "練馬区", "town": "中村１丁目" }, "geometry": { "type": "Polygon", "coordinates": [ [ [ 139.650027, 35.734153 ], [ 139.650012, 35.734041 ], [ 139.649946, 35.73382 ], [ 139.649797, 35.733454 ], [ 139.649585, 35.733032 ], [ 139.649329, 35.732559 ], [ 139.64907, 35.732061 ], [ 139.648885, 35.731465 ], [ 139.648785, 35.731174 ], [ 139.648635, 35.730838 ], [ 139.648145, 35.730928 ], [ 139.647536, 35.731041 ], [ 139.647465, 35.730975 ], [ 139.647277, 35.730897 ], [ 139.646933, 35.730757 ], [ 139.646193, 35.730672 ], [ 139.646162, 35.730781 ], [ 139.645419, 35.73065 ], [ 139.64535, 35.73104 ], [ 139.645406, 35.731347 ], [ 139.645573, 35.732136 ], [ 139.645564, 35.732373 ], [ 139.645556, 35.732596 ], [ 139.645528, 35.733052 ], [ 139.645497, 35.733505 ], [ 139.645348, 35.733987 ], [ 139.645203, 35.734416 ], [ 139.645699, 35.734429 ], [ 139.646089, 35.734452 ], [ 139.646707, 35.73449 ], [ 139.646873, 35.734488 ], [ 139.64746, 35.734524 ], [ 139.64799, 35.734558 ], [ 139.648118, 35.734566 ], [ 139.649077, 35.734614 ], [ 139.649777, 35.734706 ], [ 139.649921, 35.734497 ], [ 139.650027, 35.734153 ] ] ] } },
{ "type": "Feature", "properties": { "key": "練馬区|中村2丁目", "ward": "練馬区", "town": "中村２丁目" }, "geometry": { "type": "Polygon", "coordinates": [ [ [ 139.644292, 35.73032 ], [ 139.643419, 35.730331 ], [ 139.643371, 35.730325 ], [ 139.642846, 35.730326 ], [ 139.642474, 35.730322 ], [ 139.642287, 35.73038 ], [ 139.641541, 35.730542 ], [ 139.6415, 35.731205 ], [ 139.641456, 35.732215 ], [ 139.641425, 35.732877 ], [ 139.641396, 35.733691 ], [ 139.641388, 35.733752 ], [ 139.641366, 35.734203 ], [ 139.641675, 35.734217 ], [ 139.641989, 35.734232 ], [ 139.64244, 35.73426 ], [ 139.642485, 35.734262 ], [ 139.642912, 35.734281 ], [ 139.643226, 35.734295 ], [ 139.643437, 35.73431 ], [ 139.64357, 35.734311 ], [ 139.644423, 35.734369 ], [ 139.64474, 35.734388 ], [ 139.645203, 35.734416 ], [ 139.645348, 35.733987 ], [ 139.645497, 35.733505 ], [ 139.645528, 35.733052 ], [ 139.645556, 35.732596 ], [ 139.645564, 35.732373 ], [ 139.645573, 35.732136 ], [ 139.645406, 35.731347 ], [ 139.64535, 35.73104 ], [ 139.645419, 35.73065 ], [ 139.644955, 35.730571 ], [ 139.644873, 35.730542 ], [ 139.644567, 35.730413 ], [ 139.644292, 35.73032 ] ] ] } },
{ "type": "Feature", "properties": { "key": "練馬区|中村3丁目", "ward": "練馬区", "town": "中村３丁目" }, "geometry": { "type": "Polygon", "coordinates": [ [ [ 139.641456, 35.732215 ], [ 139.6415, 35.731205 ], [ 139.641541, 35.730542 ], [ 139.641137, 35.730585 ], [ 139.641051, 35.730588 ], [ 139.640794, 35.730597 ], [ 139.640128, 35.730559 ], [ 139.639927, 35.730556 ], [ 139.639599, 35.730552 ], [ 139.638932, 35.730523 ], [ 139.638019, 35.730353 ], [ 139.63718, 35.73019 ], [ 139.636925, 35.730627 ], [ 139.636752, 35.730923 ], [ 139.636634, 35.731195 ], [ 139.636638, 35.731197 ], [ 139.636634, 35.731204 ], [ 139.636687, 35.731224 ], [ 139.636516, 35.731615 ], [ 139.63646, 35.731741 ], [ 139.636707, 35.731819 ], [ 139.636631, 35.731956 ], [ 139.636535, 35.73209 ], [ 139.636415, 35.732227 ], [ 139.636408, 35.732234 ], [ 139.636244, 35.732434 ], [ 139.636162, 35.732424 ], [ 139.636058, 35.732405 ], [ 139.635575, 35.732304 ], [ 139.635183, 35.732217 ], [ 139.635153, 35.732207 ], [ 139.635024, 35.732535 ], [ 139.634979, 35.732676 ], [ 139.634903, 35.732906 ], [ 139.634854, 35.733098 ], [ 139.634758, 35.733399 ], [ 139.636103, 35.733491 ], [ 139.636139, 35.733499 ], [ 139.636161, 35.733761 ], [ 139.636376, 35.733761 ], [ 139.636965, 35.733831 ], [ 139.637165, 35.733857 ], [ 139.637924, 35.733955 ], [ 139.63797, 35.733961 ], [ 139.638772, 35.734065 ], [ 139.638806, 35.734068 ], [ 139.638993, 35.734087 ], [ 139.639367, 35.734099 ], [ 139.639707, 35.734115 ], [ 139.640092, 35.734136 ], [ 139.640137, 35.734138 ], [ 139.64079, 35.734175 ], [ 139.641366, 35.734203 ], [ 139.641388, 35.733752 ], [ 139.641396, 35.733691 ], [ 139.641425, 35.732877 ], [ 139.641456, 35.732215 ] ] ] } },
{ "type": "Feature", "properties": { "key": "練馬区|中村南1丁目", "ward": "練馬区", "town": "中村南１丁目" }, "geometry": { "type": "Polygon", "coordinates": [ [ [ 139.648638, 35.730657 ], [ 139.648744, 35.730199 ], [ 139.649155, 35.728428 ], [ 139.649212, 35.728139 ], [ 139.649528, 35.727829 ], [ 139.649781, 35.727611 ], [ 139.649599, 35.727461 ], [ 139.650187, 35.726907 ], [ 139.650268, 35.72683 ], [ 139.650147, 35.72666 ], [ 139.65009, 35.726608 ], [ 139.649724, 35.72662 ], [ 139.649702, 35.726621 ], [ 139.649007, 35.726674 ], [ 139.648766, 35.726671 ], [ 139.648225, 35.726648 ], [ 139.647488, 35.726616 ], [ 139.647476, 35.726034 ], [ 139.647471, 35.72583 ], [ 139.647467, 35.725363 ], [ 139.647447, 35.725364 ], [ 139.64625, 35.725375 ], [ 139.645392, 35.725371 ], [ 139.644926, 35.725368 ], [ 139.644931, 35.725407 ], [ 139.644994, 35.725984 ], [ 139.645056, 35.726563 ], [ 139.645117, 35.727146 ], [ 139.64412, 35.727134 ], [ 139.64425, 35.727737 ], [ 139.644298, 35.728024 ], [ 139.64436, 35.728278 ], [ 139.644429, 35.728754 ], [ 139.644477, 35.72932 ], [ 139.64518, 35.729247 ], [ 139.645373, 35.729231 ], [ 139.645398, 35.729825 ], [ 139.645416, 35.729927 ], [ 139.64549, 35.730195 ], [ 139.645501, 35.730272 ], [ 139.645419, 35.73065 ], [ 139.646162, 35.730781 ], [ 139.646193, 35.730672 ], [ 139.646933, 35.730757 ], [ 139.647277, 35.730897 ], [ 139.647465, 35.730975 ], [ 139.647536, 35.731041 ], [ 139.648145, 35.730928 ], [ 139.648635, 35.730838 ], [ 139.648638, 35.730657 ] ] ] } },
{ "type": "Feature", "properties": { "key": "練馬区|中村南2丁目", "ward": "練馬区", "town": "中村南２丁目" }, "geometry": { "type": "Polygon", "coordinates": [ [ [ 139.645501, 35.730272 ], [ 139.64549, 35.730195 ], [ 139.645416, 35.729927 ], [ 139.645398, 35.729825 ], [ 139.645373, 35.729231 ], [ 139.64518, 35.729247 ], [ 139.644477, 35.72932 ], [ 139.644429, 35.728754 ], [ 139.64436, 35.728278 ], [ 139.644298, 35.728024 ], [ 139.64425, 35.727737 ], [ 139.64412, 35.727134 ], [ 139.645117, 35.727146 ], [ 139.645056, 35.726563 ], [ 139.644994, 35.725984 ], [ 139.644931, 35.725407 ], [ 139.644926, 35.725368 ], [ 139.644891, 35.725368 ], [ 139.644676, 35.725367 ], [ 139.643944, 35.725364 ], [ 139.643791, 35.725363 ], [ 139.643785, 35.725364 ], [ 139.643758, 35.725236 ], [ 139.643745, 35.725151 ], [ 139.64344, 35.72525 ], [ 139.64322, 35.725313 ], [ 139.643071, 35.725363 ], [ 139.642689, 35.725478 ], [ 139.64231, 35.725596 ], [ 139.641974, 35.725702 ], [ 139.641638, 35.7258 ], [ 139.641273, 35.7259 ], [ 139.641202, 35.72593 ], [ 139.641253, 35.72631 ], [ 139.641281, 35.726671 ], [ 139.64133, 35.727005 ], [ 139.641334, 35.727065 ], [ 139.641454, 35.727959 ], [ 139.641517, 35.728545 ], [ 139.641587, 35.729029 ], [ 139.641549, 35.729512 ], [ 139.641547, 35.729707 ], [ 139.641543, 35.730137 ], [ 139.641541, 35.730542 ], [ 139.642287, 35.73038 ], [ 139.642474, 35.730322 ], [ 139.642846, 35.730326 ], [ 139.643371, 35.730325 ], [ 139.643419, 35.730331 ], [ 139.644292, 35.73032 ], [ 139.644567, 35.730413 ], [ 139.644873, 35.730542 ], [ 139.644955, 35.730571 ], [ 139.645419, 35.73065 ], [ 139.645501, 35.730272 ] ] ] } },
{ "type": "Feature", "properties": { "key": "練馬区|中村南3丁目", "ward": "練馬区", "town": "中村南３丁目" }, "geometry": { "type": "Polygon", "coordinates": [ [ [ 139.641202, 35.72593 ], [ 139.640959, 35.725982 ], [ 139.640691, 35.726016 ], [ 139.640588, 35.726033 ], [ 139.639922, 35.726142 ], [ 139.639695, 35.726171 ], [ 139.63964, 35.726461 ], [ 139.639667, 35.726744 ], [ 139.639672, 35.726879 ], [ 139.639673, 35.726919 ], [ 139.63973, 35.727337 ], [ 139.639596, 35.727497 ], [ 139.639509, 35.727604 ], [ 139.63931, 35.727899 ], [ 139.639239, 35.727961 ], [ 139.639221, 35.727963 ], [ 139.639206, 35.727965 ], [ 139.639144, 35.727971 ], [ 139.63871, 35.728066 ], [ 139.638587, 35.728136 ], [ 139.638257, 35.728305 ], [ 139.63818, 35.728345 ], [ 139.637885, 35.7285 ], [ 139.637992, 35.728602 ], [ 139.63796, 35.728741 ], [ 139.637893, 35.728899 ], [ 139.637793, 35.729039 ], [ 139.637643, 35.729157 ], [ 139.637568, 35.729277 ], [ 139.637458, 35.729438 ], [ 139.637433, 35.729473 ], [ 139.637559, 35.729507 ], [ 139.637449, 35.729704 ], [ 139.637275, 35.730015 ], [ 139.63718, 35.73019 ], [ 139.638019, 35.730353 ], [ 139.638932, 35.730523 ], [ 139.639599, 35.730552 ], [ 139.639927, 35.730556 ], [ 139.640128, 35.730559 ], [ 139.640794, 35.730597 ], [ 139.641051, 35.730588 ], [ 139.641137, 35.730585 ], [ 139.641541, 35.730542 ], [ 139.641543, 35.730137 ], [ 139.641547, 35.729707 ], [ 139.641549, 35.729512 ], [ 139.641587, 35.729029 ], [ 139.641517, 35.728545 ], [ 139.641454, 35.727959 ], [ 139.641334, 35.727065 ], [ 139.64133, 35.727005 ], [ 139.641281, 35.726671 ], [ 139.641253, 35.72631 ], [ 139.641202, 35.72593 ] ] ] } },
{ "type": "Feature", "properties": { "key": "練馬区|中村北1丁目", "ward": "練馬区", "town": "中村北１丁目" }, "geometry": { "type": "Polygon", "coordinates": [ [ [ 139.646803, 35.737652 ], [ 139.647007, 35.737409 ], [ 139.64723, 35.737417 ], [ 139.647394, 35.7374 ], [ 139.647802, 35.737371 ], [ 139.648245, 35.737303 ], [ 139.648395, 35.73728 ], [ 139.64854, 35.737249 ], [ 139.648642, 35.737226 ], [ 139.649002, 35.737159 ], [ 139.649101, 35.737146 ], [ 139.649315, 35.737088 ], [ 139.649453, 35.73705 ], [ 139.649865, 35.736963 ], [ 139.649937, 35.736937 ], [ 139.649949, 35.736839 ], [ 139.649885, 35.7368 ], [ 139.649652, 35.736714 ], [ 139.649088, 35.736621 ], [ 139.649137, 35.736444 ], [ 139.64919, 35.736125 ], [ 139.64923, 35.73595 ], [ 139.64923, 35.735769 ], [ 139.649232, 35.735511 ], [ 139.649244, 35.735484 ], [ 139.649265, 35.735438 ], [ 139.649501, 35.735105 ], [ 139.649656, 35.7349 ], [ 139.649777, 35.734706 ], [ 139.649077, 35.734614 ], [ 139.648118, 35.734566 ], [ 139.64799, 35.734558 ], [ 139.64746, 35.734524 ], [ 139.646873, 35.734488 ], [ 139.646707, 35.73449 ], [ 139.646089, 35.734452 ], [ 139.645699, 35.734429 ], [ 139.645203, 35.734416 ], [ 139.645127, 35.734741 ], [ 139.645144, 35.734916 ], [ 139.645175, 35.735308 ], [ 139.645206, 35.735828 ], [ 139.645238, 35.736379 ], [ 139.645238, 35.73692 ], [ 139.645234, 35.737073 ], [ 139.645219, 35.737654 ], [ 139.64567, 35.737699 ], [ 139.645812, 35.73769 ], [ 139.646341, 35.737714 ], [ 139.646735, 35.73772 ], [ 139.646768, 35.737697 ], [ 139.646803, 35.737652 ] ] ] } },
{ "type": "Feature", "properties": { "key": "練馬区|中村北2丁目", "ward": "練馬区", "town": "中村北２丁目" }, "geometry": { "type": "Polygon", "coordinates": [ [ [ 139.645238, 35.736379 ], [ 139.645206, 35.735828 ], [ 139.645175, 35.735308 ], [ 139.645144, 35.734916 ], [ 139.645127, 35.734741 ], [ 139.645203, 35.734416 ], [ 139.64474, 35.734388 ], [ 139.644423, 35.734369 ], [ 139.64357, 35.734311 ], [ 139.643437, 35.73431 ], [ 139.643226, 35.734295 ], [ 139.642912, 35.734281 ], [ 139.642485, 35.734262 ], [ 139.64244, 35.73426 ], [ 139.641989, 35.734232 ], [ 139.641675, 35.734217 ], [ 139.641366, 35.734203 ], [ 139.641391, 35.734796 ], [ 139.641385, 35.735186 ], [ 139.641358, 35.735745 ], [ 139.641341, 35.736167 ], [ 139.641327, 35.736741 ], [ 139.641274, 35.736732 ], [ 139.640705, 35.736626 ], [ 139.64062, 35.737168 ], [ 139.641149, 35.737222 ], [ 139.641226, 35.73723 ], [ 139.641333, 35.737241 ], [ 139.641752, 35.737285 ], [ 139.642002, 35.737312 ], [ 139.642088, 35.737319 ], [ 139.642647, 35.737363 ], [ 139.643404, 35.737465 ], [ 139.643937, 35.737504 ], [ 139.644142, 35.737519 ], [ 139.644694, 35.737586 ], [ 139.64493, 35.737615 ], [ 139.644792, 35.737735 ], [ 139.644543, 35.737912 ], [ 139.644681, 35.737879 ], [ 139.645421, 35.737746 ], [ 139.64567, 35.737699 ], [ 139.645219, 35.737654 ], [ 139.645234, 35.737073 ], [ 139.645238, 35.73692 ], [ 139.645238, 35.736379 ] ] ] } },
{ "type": "Feature", "properties": { "key": "練馬区|中村北3丁目", "ward": "練馬区", "town": "中村北３丁目" }, "geometry": { "type": "Polygon", "coordinates": [ [ [ 139.640705, 35.736626 ], [ 139.641274, 35.736732 ], [ 139.641327, 35.736741 ], [ 139.641341, 35.736167 ], [ 139.641358, 35.735745 ], [ 139.641385, 35.735186 ], [ 139.641391, 35.734796 ], [ 139.641366, 35.734203 ], [ 139.64079, 35.734175 ], [ 139.640137, 35.734138 ], [ 139.640092, 35.734136 ], [ 139.639707, 35.734115 ], [ 139.639367, 35.734099 ], [ 139.638993, 35.734087 ], [ 139.638806, 35.734068 ], [ 139.63875, 35.734418 ], [ 139.638728, 35.734551 ], [ 139.638692, 35.734775 ], [ 139.638664, 35.734918 ], [ 139.638565, 35.735341 ], [ 139.638494, 35.735612 ], [ 139.638325, 35.736169 ], [ 139.638278, 35.736162 ], [ 139.638106, 35.736892 ], [ 139.638709, 35.736942 ], [ 139.639425, 35.737041 ], [ 139.639594, 35.737058 ], [ 139.640086, 35.73711 ], [ 139.64062, 35.737168 ], [ 139.640705, 35.736626 ] ] ] } },
{ "type": "Feature", "properties": { "key": "練馬区|中村北4丁目", "ward": "練馬区", "town": "中村北４丁目" }, "geometry": { "type": "Polygon", "coordinates": [ [ [ 139.638278, 35.736162 ], [ 139.638325, 35.736169 ], [ 139.638494, 35.735612 ], [ 139.638565, 35.735341 ], [ 139.638664, 35.734918 ], [ 139.638692, 35.734775 ], [ 139.638728, 35.734551 ], [ 139.63875, 35.734418 ], [ 139.638806, 35.734068 ], [ 139.638772, 35.734065 ], [ 139.63797, 35.733961 ], [ 139.637924, 35.733955 ], [ 139.637165, 35.733857 ], [ 139.636965, 35.733831 ], [ 139.636376, 35.733761 ], [ 139.636161, 35.733761 ], [ 139.636139, 35.733499 ], [ 139.636103, 35.733491 ], [ 139.634758, 35.733399 ], [ 139.634694, 35.733602 ], [ 139.63454, 35.734085 ], [ 139.63446, 35.734337 ], [ 139.634245, 35.734288 ], [ 139.633862, 35.734206 ], [ 139.633554, 35.734865 ], [ 139.633545, 35.734885 ], [ 139.633309, 35.735362 ], [ 139.633329, 35.735394 ], [ 139.633389, 35.735487 ], [ 139.633408, 35.735517 ], [ 139.63354, 35.735533 ], [ 139.633761, 35.73556 ], [ 139.633801, 35.735567 ], [ 139.634245, 35.735637 ], [ 139.634376, 35.735654 ], [ 139.634484, 35.735667 ], [ 139.634748, 35.735728 ], [ 139.634811, 35.735798 ], [ 139.6349, 35.735861 ], [ 139.634989, 35.735901 ], [ 139.635036, 35.735923 ], [ 139.635742, 35.736315 ], [ 139.636148, 35.736503 ], [ 139.636242, 35.736545 ], [ 139.63653, 35.736594 ], [ 139.63657, 35.73664 ], [ 139.636642, 35.736702 ], [ 139.637006, 35.736736 ], [ 139.636993, 35.736778 ], [ 139.637514, 35.736826 ], [ 139.638106, 35.736892 ], [ 139.638278, 35.736162 ] ] ] } },
{ "type": "Feature", "properties": { "key": "練馬区|桜台1丁目", "ward": "練馬区", "town": "桜台１丁目" }, "geometry": { "type": "Polygon", "coordinates": [ [ [ 139.664949, 35.741697 ], [ 139.664929, 35.741635 ], [ 139.66518, 35.741592 ], [ 139.665405, 35.741535 ], [ 139.665532, 35.74152 ], [ 139.665769, 35.741488 ], [ 139.665924, 35.741483 ], [ 139.666173, 35.741527 ], [ 139.666348, 35.74156 ], [ 139.666764, 35.741554 ], [ 139.667137, 35.741569 ], [ 139.667913, 35.7416 ], [ 139.667976, 35.741426 ], [ 139.668025, 35.741379 ], [ 139.668135, 35.741223 ], [ 139.66815, 35.741201 ], [ 139.668299, 35.740987 ], [ 139.66773, 35.740184 ], [ 139.667683, 35.740117 ], [ 139.667561, 35.739945 ], [ 139.667302, 35.739578 ], [ 139.667142, 35.739365 ], [ 139.666817, 35.738929 ], [ 139.666515, 35.738523 ], [ 139.666225, 35.738562 ], [ 139.665461, 35.738583 ], [ 139.66526, 35.738571 ], [ 139.665132, 35.738557 ], [ 139.664947, 35.738537 ], [ 139.664794, 35.73853 ], [ 139.664764, 35.738528 ], [ 139.664573, 35.738491 ], [ 139.66416, 35.73846 ], [ 139.664093, 35.73845 ], [ 139.663705, 35.738391 ], [ 139.663432, 35.738353 ], [ 139.662923, 35.738272 ], [ 139.662697, 35.738224 ], [ 139.662494, 35.738204 ], [ 139.662467, 35.738202 ], [ 139.662062, 35.738168 ], [ 139.661948, 35.738155 ], [ 139.661369, 35.738151 ], [ 139.661306, 35.738151 ], [ 139.66126, 35.738562 ], [ 139.661247, 35.738717 ], [ 139.661217, 35.739253 ], [ 139.66118, 35.739577 ], [ 139.661164, 35.740114 ], [ 139.661197, 35.740229 ], [ 139.661421, 35.740622 ], [ 139.66169, 35.741029 ], [ 139.661921, 35.74139 ], [ 139.662167, 35.741476 ], [ 139.662401, 35.741585 ], [ 139.662505, 35.741694 ], [ 139.662687, 35.741884 ], [ 139.662981, 35.742059 ], [ 139.663101, 35.741836 ], [ 139.663638, 35.74201 ], [ 139.66386, 35.742067 ], [ 139.663981, 35.742097 ], [ 139.664177, 35.742132 ], [ 139.664371, 35.742099 ], [ 139.665065, 35.742049 ], [ 139.664949, 35.741697 ] ] ] } },
{ "type": "Feature", "properties": { "key": "練馬区|桜台2丁目", "ward": "練馬区", "town": "桜台２丁目" }, "geometry": { "type": "Polygon", "coordinates": [ [ [ 139.665695, 35.744658 ], [ 139.665874, 35.744659 ], [ 139.666267, 35.744672 ], [ 139.666428, 35.744642 ], [ 139.666859, 35.744527 ], [ 139.666858, 35.744522 ], [ 139.667157, 35.744451 ], [ 139.667589, 35.744411 ], [ 139.667604, 35.744981 ], [ 139.668189, 35.745007 ], [ 139.668851, 35.745002 ], [ 139.66894, 35.745044 ], [ 139.668978, 35.745176 ], [ 139.668997, 35.745174 ], [ 139.669282, 35.74514 ], [ 139.669727, 35.745087 ], [ 139.669673, 35.744972 ], [ 139.669607, 35.744858 ], [ 139.669495, 35.744663 ], [ 139.669395, 35.744478 ], [ 139.669267, 35.7442 ], [ 139.669244, 35.744115 ], [ 139.669251, 35.74392 ], [ 139.669143, 35.743675 ], [ 139.669117, 35.743582 ], [ 139.66904, 35.743417 ], [ 139.668953, 35.743229 ], [ 139.668882, 35.743026 ], [ 139.668776, 35.742913 ], [ 139.668614, 35.742777 ], [ 139.668511, 35.742674 ], [ 139.668364, 35.742511 ], [ 139.66829, 35.742373 ], [ 139.668247, 35.742295 ], [ 139.668169, 35.742047 ], [ 139.668115, 35.741919 ], [ 139.668111, 35.741908 ], [ 139.668081, 35.741837 ], [ 139.668208, 35.741724 ], [ 139.668195, 35.741702 ], [ 139.668106, 35.74156 ], [ 139.667976, 35.741426 ], [ 139.667913, 35.7416 ], [ 139.667137, 35.741569 ], [ 139.666764, 35.741554 ], [ 139.666348, 35.74156 ], [ 139.666173, 35.741527 ], [ 139.665924, 35.741483 ], [ 139.665769, 35.741488 ], [ 139.665532, 35.74152 ], [ 139.665405, 35.741535 ], [ 139.66518, 35.741592 ], [ 139.664929, 35.741635 ], [ 139.664949, 35.741697 ], [ 139.665065, 35.742049 ], [ 139.664371, 35.742099 ], [ 139.664177, 35.742132 ], [ 139.663981, 35.742097 ], [ 139.66386, 35.742067 ], [ 139.663638, 35.74201 ], [ 139.663101, 35.741836 ], [ 139.662981, 35.742059 ], [ 139.662687, 35.741884 ], [ 139.662505, 35.741694 ], [ 139.662401, 35.741585 ], [ 139.662167, 35.741476 ], [ 139.661921, 35.74139 ], [ 139.661718, 35.741693 ], [ 139.661662, 35.741777 ], [ 139.661536, 35.741965 ], [ 139.661382, 35.742248 ], [ 139.661272, 35.742399 ], [ 139.661137, 35.742562 ], [ 139.660962, 35.742638 ], [ 139.660725, 35.742693 ], [ 139.660502, 35.742709 ], [ 139.660444, 35.742712 ], [ 139.660383, 35.742713 ], [ 139.660346, 35.742807 ], [ 139.660274, 35.742936 ], [ 139.660472, 35.742984 ], [ 139.660937, 35.743161 ], [ 139.661128, 35.74329 ], [ 139.661251, 35.743463 ], [ 139.661423, 35.743896 ], [ 139.661489, 35.744114 ], [ 139.661565, 35.744226 ], [ 139.661702, 35.744399 ], [ 139.661824, 35.744657 ], [ 139.661959, 35.744615 ], [ 139.662171, 35.744724 ], [ 139.662267, 35.74479 ], [ 139.662297, 35.744811 ], [ 139.662434, 35.744973 ], [ 139.662526, 35.745159 ], [ 139.66259, 35.74531 ], [ 139.662579, 35.745551 ], [ 139.662598, 35.745751 ], [ 139.662704, 35.745735 ], [ 139.663282, 35.745636 ], [ 139.663543, 35.745577 ], [ 139.663796, 35.74551 ], [ 139.663773, 35.745379 ], [ 139.663708, 35.745166 ], [ 139.663672, 35.745029 ], [ 139.664052, 35.74498 ], [ 139.664249, 35.744955 ], [ 139.664371, 35.744921 ], [ 139.664514, 35.744871 ], [ 139.664632, 35.744831 ], [ 139.664891, 35.74478 ], [ 139.664983, 35.744764 ], [ 139.665019, 35.744757 ], [ 139.665521, 35.744682 ], [ 139.665695, 35.744658 ] ] ] } },
{ "type": "Feature", "properties": { "key": "練馬区|桜台3丁目", "ward": "練馬区", "town": "桜台３丁目" }, "geometry": { "type": "Polygon", "coordinates": [ [ [ 139.669616, 35.748971 ], [ 139.669655, 35.748625 ], [ 139.669684, 35.748289 ], [ 139.669205, 35.747982 ], [ 139.669602, 35.748031 ], [ 139.669556, 35.747621 ], [ 139.669548, 35.74749 ], [ 139.669396, 35.747434 ], [ 139.669374, 35.747239 ], [ 139.6694, 35.74703 ], [ 139.669447, 35.746747 ], [ 139.669592, 35.746315 ], [ 139.669649, 35.746169 ], [ 139.669697, 35.746 ], [ 139.669735, 35.745571 ], [ 139.669739, 35.745545 ], [ 139.669786, 35.745246 ], [ 139.669727, 35.745087 ], [ 139.669282, 35.74514 ], [ 139.668997, 35.745174 ], [ 139.668978, 35.745176 ], [ 139.66894, 35.745044 ], [ 139.668851, 35.745002 ], [ 139.668189, 35.745007 ], [ 139.667604, 35.744981 ], [ 139.667589, 35.744411 ], [ 139.667157, 35.744451 ], [ 139.666858, 35.744522 ], [ 139.666859, 35.744527 ], [ 139.666428, 35.744642 ], [ 139.666267, 35.744672 ], [ 139.665874, 35.744659 ], [ 139.665695, 35.744658 ], [ 139.665521, 35.744682 ], [ 139.665019, 35.744757 ], [ 139.664983, 35.744764 ], [ 139.664891, 35.74478 ], [ 139.664632, 35.744831 ], [ 139.664514, 35.744871 ], [ 139.664371, 35.744921 ], [ 139.664249, 35.744955 ], [ 139.664052, 35.74498 ], [ 139.663672, 35.745029 ], [ 139.663708, 35.745166 ], [ 139.663773, 35.745379 ], [ 139.663796, 35.74551 ], [ 139.663543, 35.745577 ], [ 139.663282, 35.745636 ], [ 139.662704, 35.745735 ], [ 139.662598, 35.745751 ], [ 139.662624, 35.745875 ], [ 139.66264, 35.74604 ], [ 139.662653, 35.746727 ], [ 139.66272, 35.746909 ], [ 139.662873, 35.74706 ], [ 139.662898, 35.747214 ], [ 139.662931, 35.747296 ], [ 139.663029, 35.747431 ], [ 139.663066, 35.747535 ], [ 139.663072, 35.747652 ], [ 139.663084, 35.747976 ], [ 139.663154, 35.748147 ], [ 139.663216, 35.748263 ], [ 139.663276, 35.748456 ], [ 139.663392, 35.74869 ], [ 139.663436, 35.748849 ], [ 139.663457, 35.749146 ], [ 139.663787, 35.74913 ], [ 139.66477, 35.74907 ], [ 139.665372, 35.749039 ], [ 139.665496, 35.749043 ], [ 139.665672, 35.749039 ], [ 139.666155, 35.749028 ], [ 139.666438, 35.749027 ], [ 139.666451, 35.749026 ], [ 139.666767, 35.749094 ], [ 139.667474, 35.749256 ], [ 139.668166, 35.74942 ], [ 139.668826, 35.749577 ], [ 139.669551, 35.749736 ], [ 139.669574, 35.749358 ], [ 139.669575, 35.749343 ], [ 139.669616, 35.748971 ] ] ] } },
{ "type": "Feature", "properties": { "key": "練馬区|桜台4丁目", "ward": "練馬区", "town": "桜台４丁目" }, "geometry": { "type": "Polygon", "coordinates": [ [ [ 139.661306, 35.738151 ], [ 139.661049, 35.738161 ], [ 139.660991, 35.738164 ], [ 139.660732, 35.738156 ], [ 139.660728, 35.738157 ], [ 139.66057, 35.738163 ], [ 139.660507, 35.738165 ], [ 139.660359, 35.738171 ], [ 139.660304, 35.738174 ], [ 139.660193, 35.738178 ], [ 139.660176, 35.738179 ], [ 139.660147, 35.73818 ], [ 139.659974, 35.738185 ], [ 139.659946, 35.738185 ], [ 139.659926, 35.738183 ], [ 139.659741, 35.738161 ], [ 139.659737, 35.738161 ], [ 139.659624, 35.738155 ], [ 139.65945, 35.738145 ], [ 139.659353, 35.73815 ], [ 139.659349, 35.73815 ], [ 139.659151, 35.738161 ], [ 139.65914, 35.738162 ], [ 139.658904, 35.738162 ], [ 139.658658, 35.738177 ], [ 139.658418, 35.738128 ], [ 139.658142, 35.738093 ], [ 139.658134, 35.738092 ], [ 139.657995, 35.738052 ], [ 139.657863, 35.738025 ], [ 139.657617, 35.737974 ], [ 139.657351, 35.737928 ], [ 139.65725, 35.738321 ], [ 139.657216, 35.738467 ], [ 139.657059, 35.738901 ], [ 139.656935, 35.739389 ], [ 139.65692, 35.73945 ], [ 139.656764, 35.739951 ], [ 139.656631, 35.740532 ], [ 139.656523, 35.74092 ], [ 139.65662, 35.740926 ], [ 139.657129, 35.740952 ], [ 139.657664, 35.740983 ], [ 139.657807, 35.740992 ], [ 139.658206, 35.741018 ], [ 139.658352, 35.741028 ], [ 139.658364, 35.741029 ], [ 139.658484, 35.741048 ], [ 139.659055, 35.741138 ], [ 139.658974, 35.741689 ], [ 139.658963, 35.741761 ], [ 139.659436, 35.741781 ], [ 139.660073, 35.741822 ], [ 139.660622, 35.741877 ], [ 139.66115, 35.741907 ], [ 139.66135, 35.741923 ], [ 139.661536, 35.741965 ], [ 139.661662, 35.741777 ], [ 139.661718, 35.741693 ], [ 139.661921, 35.74139 ], [ 139.66169, 35.741029 ], [ 139.661421, 35.740622 ], [ 139.661197, 35.740229 ], [ 139.661164, 35.740114 ], [ 139.66118, 35.739577 ], [ 139.661217, 35.739253 ], [ 139.661247, 35.738717 ], [ 139.66126, 35.738562 ], [ 139.661306, 35.738151 ] ] ] } },
{ "type": "Feature", "properties": { "key": "練馬区|桜台5丁目", "ward": "練馬区", "town": "桜台５丁目" }, "geometry": { "type": "Polygon", "coordinates": [ [ [ 139.659284, 35.745766 ], [ 139.659635, 35.745818 ], [ 139.659869, 35.745878 ], [ 139.660308, 35.74599 ], [ 139.66044, 35.74603 ], [ 139.660839, 35.745259 ], [ 139.660865, 35.745209 ], [ 139.661086, 35.745212 ], [ 139.661251, 35.745224 ], [ 139.661361, 35.745272 ], [ 139.661497, 35.745354 ], [ 139.661535, 35.745439 ], [ 139.661642, 35.74579 ], [ 139.66238, 35.745768 ], [ 139.662598, 35.745751 ], [ 139.662579, 35.745551 ], [ 139.66259, 35.74531 ], [ 139.662526, 35.745159 ], [ 139.662434, 35.744973 ], [ 139.662297, 35.744811 ], [ 139.662267, 35.74479 ], [ 139.662171, 35.744724 ], [ 139.661959, 35.744615 ], [ 139.661824, 35.744657 ], [ 139.661702, 35.744399 ], [ 139.661565, 35.744226 ], [ 139.661489, 35.744114 ], [ 139.661423, 35.743896 ], [ 139.661251, 35.743463 ], [ 139.661128, 35.74329 ], [ 139.660937, 35.743161 ], [ 139.660472, 35.742984 ], [ 139.660274, 35.742936 ], [ 139.660346, 35.742807 ], [ 139.660383, 35.742713 ], [ 139.660444, 35.742712 ], [ 139.660502, 35.742709 ], [ 139.660725, 35.742693 ], [ 139.660962, 35.742638 ], [ 139.661137, 35.742562 ], [ 139.661272, 35.742399 ], [ 139.661382, 35.742248 ], [ 139.661536, 35.741965 ], [ 139.66135, 35.741923 ], [ 139.66115, 35.741907 ], [ 139.660622, 35.741877 ], [ 139.660073, 35.741822 ], [ 139.659436, 35.741781 ], [ 139.658963, 35.741761 ], [ 139.658974, 35.741689 ], [ 139.659055, 35.741138 ], [ 139.658484, 35.741048 ], [ 139.658364, 35.741029 ], [ 139.658352, 35.741028 ], [ 139.658206, 35.741018 ], [ 139.657807, 35.740992 ], [ 139.657664, 35.740983 ], [ 139.657129, 35.740952 ], [ 139.65662, 35.740926 ], [ 139.656523, 35.74092 ], [ 139.656491, 35.740968 ], [ 139.656255, 35.741618 ], [ 139.656231, 35.741685 ], [ 139.656228, 35.741693 ], [ 139.656119, 35.741993 ], [ 139.656059, 35.742102 ], [ 139.656152, 35.742275 ], [ 139.656183, 35.742369 ], [ 139.656171, 35.742544 ], [ 139.656146, 35.742711 ], [ 139.656103, 35.742907 ], [ 139.656045, 35.743066 ], [ 139.655962, 35.743367 ], [ 139.655919, 35.743569 ], [ 139.655813, 35.743933 ], [ 139.655746, 35.744149 ], [ 139.655679, 35.744392 ], [ 139.655668, 35.744491 ], [ 139.655597, 35.744937 ], [ 139.65554, 35.745313 ], [ 139.656549, 35.74539 ], [ 139.657363, 35.745567 ], [ 139.657286, 35.745763 ], [ 139.657893, 35.745852 ], [ 139.658067, 35.745882 ], [ 139.658335, 35.745928 ], [ 139.659169, 35.746049 ], [ 139.65918, 35.745992 ], [ 139.659284, 35.745766 ] ] ] } },
{ "type": "Feature", "properties": { "key": "練馬区|桜台6丁目", "ward": "練馬区", "town": "桜台６丁目" }, "geometry": { "type": "Polygon", "coordinates": [ [ [ 139.663305, 35.749146 ], [ 139.663457, 35.749146 ], [ 139.663436, 35.748849 ], [ 139.663392, 35.74869 ], [ 139.663276, 35.748456 ], [ 139.663216, 35.748263 ], [ 139.663154, 35.748147 ], [ 139.663084, 35.747976 ], [ 139.663072, 35.747652 ], [ 139.663066, 35.747535 ], [ 139.663029, 35.747431 ], [ 139.662931, 35.747296 ], [ 139.662898, 35.747214 ], [ 139.662873, 35.74706 ], [ 139.66272, 35.746909 ], [ 139.662653, 35.746727 ], [ 139.66264, 35.74604 ], [ 139.662624, 35.745875 ], [ 139.662598, 35.745751 ], [ 139.66238, 35.745768 ], [ 139.661642, 35.74579 ], [ 139.661535, 35.745439 ], [ 139.661497, 35.745354 ], [ 139.661361, 35.745272 ], [ 139.661251, 35.745224 ], [ 139.661086, 35.745212 ], [ 139.660865, 35.745209 ], [ 139.660839, 35.745259 ], [ 139.66044, 35.74603 ], [ 139.660308, 35.74599 ], [ 139.659869, 35.745878 ], [ 139.659635, 35.745818 ], [ 139.659284, 35.745766 ], [ 139.65918, 35.745992 ], [ 139.659169, 35.746049 ], [ 139.658335, 35.745928 ], [ 139.658067, 35.745882 ], [ 139.657893, 35.745852 ], [ 139.657286, 35.745763 ], [ 139.657363, 35.745567 ], [ 139.656549, 35.74539 ], [ 139.65554, 35.745313 ], [ 139.65557, 35.745694 ], [ 139.655593, 35.745987 ], [ 139.655612, 35.746231 ], [ 139.655622, 35.74665 ], [ 139.655658, 35.747229 ], [ 139.655724, 35.74826 ], [ 139.6557, 35.748638 ], [ 139.656069, 35.748794 ], [ 139.656538, 35.748926 ], [ 139.656973, 35.749042 ], [ 139.657418, 35.749161 ], [ 139.657898, 35.749295 ], [ 139.658029, 35.749331 ], [ 139.658189, 35.749367 ], [ 139.658463, 35.749364 ], [ 139.659269, 35.749337 ], [ 139.659794, 35.749312 ], [ 139.660506, 35.749281 ], [ 139.660746, 35.74927 ], [ 139.661208, 35.749249 ], [ 139.661902, 35.749211 ], [ 139.661909, 35.74921 ], [ 139.662587, 35.749179 ], [ 139.663305, 35.749146 ] ] ] } },
{ "type": "Feature", "properties": { "key": "練馬区|練馬1丁目", "ward": "練馬区", "town": "練馬１丁目" }, "geometry": { "type": "Polygon", "coordinates": [ [ [ 139.656631, 35.740532 ], [ 139.656764, 35.739951 ], [ 139.65692, 35.73945 ], [ 139.656935, 35.739389 ], [ 139.657059, 35.738901 ], [ 139.657216, 35.738467 ], [ 139.65725, 35.738321 ], [ 139.657351, 35.737928 ], [ 139.657185, 35.737892 ], [ 139.657098, 35.737887 ], [ 139.656918, 35.737842 ], [ 139.656648, 35.737793 ], [ 139.656489, 35.737747 ], [ 139.65604, 35.737639 ], [ 139.655829, 35.737615 ], [ 139.655349, 35.737508 ], [ 139.655033, 35.737449 ], [ 139.65464, 35.737387 ], [ 139.654422, 35.737352 ], [ 139.653924, 35.737278 ], [ 139.653476, 35.737206 ], [ 139.653229, 35.737174 ], [ 139.652743, 35.737133 ], [ 139.652398, 35.737122 ], [ 139.651946, 35.737091 ], [ 139.651889, 35.737087 ], [ 139.651775, 35.737084 ], [ 139.651601, 35.737078 ], [ 139.651009, 35.737033 ], [ 139.650981, 35.737151 ], [ 139.650652, 35.737746 ], [ 139.650647, 35.737768 ], [ 139.650637, 35.737785 ], [ 139.650409, 35.738168 ], [ 139.650302, 35.738379 ], [ 139.650406, 35.738975 ], [ 139.650437, 35.739153 ], [ 139.650467, 35.739248 ], [ 139.650522, 35.739372 ], [ 139.650584, 35.739581 ], [ 139.650631, 35.739705 ], [ 139.650652, 35.739905 ], [ 139.65063, 35.740055 ], [ 139.65077, 35.740084 ], [ 139.651074, 35.740137 ], [ 139.651298, 35.740165 ], [ 139.651646, 35.740214 ], [ 139.651908, 35.740257 ], [ 139.652171, 35.740325 ], [ 139.652492, 35.740346 ], [ 139.652636, 35.740335 ], [ 139.653709, 35.740275 ], [ 139.653733, 35.740506 ], [ 139.653753, 35.740723 ], [ 139.653767, 35.740874 ], [ 139.654063, 35.740837 ], [ 139.654435, 35.740791 ], [ 139.654551, 35.740777 ], [ 139.654918, 35.74075 ], [ 139.655026, 35.740744 ], [ 139.65513, 35.74076 ], [ 139.655176, 35.740767 ], [ 139.655561, 35.740841 ], [ 139.655835, 35.740859 ], [ 139.656242, 35.740898 ], [ 139.656309, 35.740905 ], [ 139.656523, 35.74092 ], [ 139.656631, 35.740532 ] ] ] } },
{ "type": "Feature", "properties": { "key": "練馬区|練馬2丁目", "ward": "練馬区", "town": "練馬２丁目" }, "geometry": { "type": "Polygon", "coordinates": [ [ [ 139.655835, 35.740859 ], [ 139.655561, 35.740841 ], [ 139.655176, 35.740767 ], [ 139.65513, 35.74076 ], [ 139.655026, 35.740744 ], [ 139.654918, 35.74075 ], [ 139.654551, 35.740777 ], [ 139.654435, 35.740791 ], [ 139.654063, 35.740837 ], [ 139.653767, 35.740874 ], [ 139.653753, 35.740723 ], [ 139.653733, 35.740506 ], [ 139.653709, 35.740275 ], [ 139.652636, 35.740335 ], [ 139.652492, 35.740346 ], [ 139.652171, 35.740325 ], [ 139.651908, 35.740257 ], [ 139.651646, 35.740214 ], [ 139.651298, 35.740165 ], [ 139.651074, 35.740137 ], [ 139.651278, 35.740588 ], [ 139.651315, 35.74067 ], [ 139.651352, 35.740744 ], [ 139.651368, 35.740884 ], [ 139.651325, 35.741024 ], [ 139.651244, 35.741181 ], [ 139.651205, 35.741284 ], [ 139.651131, 35.741466 ], [ 139.651152, 35.741677 ], [ 139.651151, 35.741798 ], [ 139.651105, 35.742095 ], [ 139.651117, 35.742265 ], [ 139.651247, 35.74251 ], [ 139.651256, 35.742614 ], [ 139.651228, 35.742715 ], [ 139.651075, 35.742893 ], [ 139.65094, 35.743064 ], [ 139.650879, 35.743176 ], [ 139.650867, 35.743269 ], [ 139.651357, 35.743295 ], [ 139.651319, 35.743577 ], [ 139.651392, 35.743757 ], [ 139.651468, 35.743865 ], [ 139.65174, 35.744248 ], [ 139.651766, 35.744289 ], [ 139.652133, 35.744805 ], [ 139.652151, 35.744831 ], [ 139.652521, 35.74536 ], [ 139.652722, 35.745394 ], [ 139.652839, 35.745438 ], [ 139.652989, 35.745523 ], [ 139.65317, 35.745681 ], [ 139.653269, 35.745817 ], [ 139.653359, 35.745974 ], [ 139.653649, 35.746375 ], [ 139.653831, 35.746617 ], [ 139.653911, 35.746738 ], [ 139.654179, 35.747083 ], [ 139.654265, 35.747221 ], [ 139.654483, 35.747525 ], [ 139.654648, 35.747751 ], [ 139.654715, 35.747853 ], [ 139.654886, 35.748035 ], [ 139.654992, 35.748135 ], [ 139.655115, 35.748254 ], [ 139.655282, 35.748372 ], [ 139.6557, 35.748638 ], [ 139.655724, 35.74826 ], [ 139.655658, 35.747229 ], [ 139.655622, 35.74665 ], [ 139.655612, 35.746231 ], [ 139.655593, 35.745987 ], [ 139.65557, 35.745694 ], [ 139.65554, 35.745313 ], [ 139.655597, 35.744937 ], [ 139.655668, 35.744491 ], [ 139.655679, 35.744392 ], [ 139.655746, 35.744149 ], [ 139.655813, 35.743933 ], [ 139.655919, 35.743569 ], [ 139.655962, 35.743367 ], [ 139.656045, 35.743066 ], [ 139.656103, 35.742907 ], [ 139.656146, 35.742711 ], [ 139.656171, 35.742544 ], [ 139.656183, 35.742369 ], [ 139.656152, 35.742275 ], [ 139.656059, 35.742102 ], [ 139.656119, 35.741993 ], [ 139.656228, 35.741693 ], [ 139.656231, 35.741685 ], [ 139.656255, 35.741618 ], [ 139.656491, 35.740968 ], [ 139.656523, 35.74092 ], [ 139.656309, 35.740905 ], [ 139.656242, 35.740898 ], [ 139.655835, 35.740859 ] ] ] } },
{ "type": "Feature", "properties": { "key": "練馬区|練馬3丁目", "ward": "練馬区", "town": "練馬３丁目" }, "geometry": { "type": "Polygon", "coordinates": [ [ [ 139.647804, 35.739884 ], [ 139.648127, 35.739944 ], [ 139.6483, 35.739996 ], [ 139.648636, 35.740044 ], [ 139.648816, 35.740068 ], [ 139.649071, 35.740085 ], [ 139.649109, 35.740079 ], [ 139.649117, 35.739802 ], [ 139.649592, 35.739863 ], [ 139.650218, 35.739982 ], [ 139.65063, 35.740055 ], [ 139.650652, 35.739905 ], [ 139.650631, 35.739705 ], [ 139.650584, 35.739581 ], [ 139.650522, 35.739372 ], [ 139.650467, 35.739248 ], [ 139.650437, 35.739153 ], [ 139.650406, 35.738975 ], [ 139.650302, 35.738379 ], [ 139.650409, 35.738168 ], [ 139.650637, 35.737785 ], [ 139.650647, 35.737768 ], [ 139.650652, 35.737746 ], [ 139.650981, 35.737151 ], [ 139.651009, 35.737033 ], [ 139.650715, 35.737021 ], [ 139.650704, 35.737019 ], [ 139.649937, 35.736937 ], [ 139.649865, 35.736963 ], [ 139.649453, 35.73705 ], [ 139.649315, 35.737088 ], [ 139.649101, 35.737146 ], [ 139.649002, 35.737159 ], [ 139.648642, 35.737226 ], [ 139.64854, 35.737249 ], [ 139.648395, 35.73728 ], [ 139.648245, 35.737303 ], [ 139.647802, 35.737371 ], [ 139.647394, 35.7374 ], [ 139.64723, 35.737417 ], [ 139.647007, 35.737409 ], [ 139.646803, 35.737652 ], [ 139.646768, 35.737697 ], [ 139.646735, 35.73772 ], [ 139.646341, 35.737714 ], [ 139.645812, 35.73769 ], [ 139.64567, 35.737699 ], [ 139.645421, 35.737746 ], [ 139.644681, 35.737879 ], [ 139.644543, 35.737912 ], [ 139.644684, 35.738185 ], [ 139.644745, 35.738285 ], [ 139.644759, 35.738315 ], [ 139.644853, 35.738531 ], [ 139.644939, 35.73871 ], [ 139.644987, 35.738697 ], [ 139.645047, 35.738775 ], [ 139.645414, 35.739036 ], [ 139.645582, 35.739121 ], [ 139.645662, 35.739149 ], [ 139.645809, 35.73921 ], [ 139.645901, 35.739248 ], [ 139.646007, 35.739311 ], [ 139.646173, 35.739427 ], [ 139.646387, 35.739577 ], [ 139.646421, 35.7396 ], [ 139.646694, 35.739797 ], [ 139.646866, 35.739984 ], [ 139.646941, 35.740094 ], [ 139.647421, 35.73994 ], [ 139.64758, 35.739899 ], [ 139.647736, 35.739886 ], [ 139.647804, 35.739884 ] ] ] } },
{ "type": "Feature", "properties": { "key": "練馬区|練馬4丁目", "ward": "練馬区", "town": "練馬４丁目" }, "geometry": { "type": "Polygon", "coordinates": [ [ [ 139.65077, 35.740084 ], [ 139.65063, 35.740055 ], [ 139.650218, 35.739982 ], [ 139.649592, 35.739863 ], [ 139.649117, 35.739802 ], [ 139.649109, 35.740079 ], [ 139.649071, 35.740085 ], [ 139.648816, 35.740068 ], [ 139.648636, 35.740044 ], [ 139.6483, 35.739996 ], [ 139.648127, 35.739944 ], [ 139.647804, 35.739884 ], [ 139.647736, 35.739886 ], [ 139.64758, 35.739899 ], [ 139.647421, 35.73994 ], [ 139.646941, 35.740094 ], [ 139.647015, 35.740184 ], [ 139.647126, 35.740404 ], [ 139.647181, 35.740586 ], [ 139.647304, 35.740925 ], [ 139.647317, 35.740969 ], [ 139.647333, 35.741088 ], [ 139.647356, 35.741254 ], [ 139.647379, 35.741671 ], [ 139.647398, 35.741876 ], [ 139.647409, 35.742067 ], [ 139.647402, 35.742249 ], [ 139.647447, 35.742478 ], [ 139.647491, 35.742587 ], [ 139.647698, 35.742968 ], [ 139.647846, 35.743465 ], [ 139.647923, 35.743577 ], [ 139.648221, 35.743771 ], [ 139.648316, 35.743875 ], [ 139.648272, 35.744044 ], [ 139.648307, 35.744416 ], [ 139.648268, 35.744664 ], [ 139.648284, 35.744684 ], [ 139.648536, 35.744746 ], [ 139.648753, 35.744791 ], [ 139.649019, 35.744833 ], [ 139.6492, 35.744859 ], [ 139.64942, 35.744891 ], [ 139.649846, 35.744955 ], [ 139.650094, 35.744994 ], [ 139.650138, 35.745001 ], [ 139.650613, 35.745073 ], [ 139.651471, 35.74521 ], [ 139.651481, 35.745211 ], [ 139.651494, 35.745213 ], [ 139.651842, 35.745255 ], [ 139.652201, 35.74532 ], [ 139.652521, 35.74536 ], [ 139.652151, 35.744831 ], [ 139.652133, 35.744805 ], [ 139.651766, 35.744289 ], [ 139.65174, 35.744248 ], [ 139.651468, 35.743865 ], [ 139.651392, 35.743757 ], [ 139.651319, 35.743577 ], [ 139.651357, 35.743295 ], [ 139.650867, 35.743269 ], [ 139.650879, 35.743176 ], [ 139.65094, 35.743064 ], [ 139.651075, 35.742893 ], [ 139.651228, 35.742715 ], [ 139.651256, 35.742614 ], [ 139.651247, 35.74251 ], [ 139.651117, 35.742265 ], [ 139.651105, 35.742095 ], [ 139.651151, 35.741798 ], [ 139.651152, 35.741677 ], [ 139.651131, 35.741466 ], [ 139.651205, 35.741284 ], [ 139.651244, 35.741181 ], [ 139.651325, 35.741024 ], [ 139.651368, 35.740884 ], [ 139.651352, 35.740744 ], [ 139.651315, 35.74067 ], [ 139.651278, 35.740588 ], [ 139.651074, 35.740137 ], [ 139.65077, 35.740084 ] ] ] } },
{ "type": "Feature", "properties": { "key": "練馬区|向山1丁目", "ward": "練馬区", "town": "向山１丁目" }, "geometry": { "type": "Polygon", "coordinates": [ [ [ 139.638709, 35.736942 ], [ 139.638586, 35.73755 ], [ 139.638572, 35.738075 ], [ 139.638598, 35.738256 ], [ 139.638613, 35.738319 ], [ 139.638661, 35.738416 ], [ 139.639061, 35.738986 ], [ 139.639518, 35.739538 ], [ 139.640114, 35.739339 ], [ 139.641008, 35.739053 ], [ 139.641272, 35.738972 ], [ 139.641329, 35.738951 ], [ 139.641417, 35.738918 ], [ 139.641691, 35.73883 ], [ 139.64185, 35.738779 ], [ 139.641975, 35.738741 ], [ 139.642384, 35.738609 ], [ 139.642584, 35.738542 ], [ 139.642712, 35.7385 ], [ 139.64282, 35.738465 ], [ 139.643053, 35.738393 ], [ 139.643184, 35.738349 ], [ 139.643456, 35.738258 ], [ 139.643506, 35.738242 ], [ 139.643959, 35.738089 ], [ 139.644075, 35.738051 ], [ 139.644543, 35.737912 ], [ 139.644792, 35.737735 ], [ 139.64493, 35.737615 ], [ 139.644694, 35.737586 ], [ 139.644142, 35.737519 ], [ 139.643937, 35.737504 ], [ 139.643404, 35.737465 ], [ 139.642647, 35.737363 ], [ 139.642088, 35.737319 ], [ 139.642002, 35.737312 ], [ 139.641752, 35.737285 ], [ 139.641333, 35.737241 ], [ 139.641226, 35.73723 ], [ 139.641149, 35.737222 ], [ 139.64062, 35.737168 ], [ 139.640086, 35.73711 ], [ 139.639594, 35.737058 ], [ 139.639425, 35.737041 ], [ 139.638709, 35.736942 ] ] ] } },
{ "type": "Feature", "properties": { "key": "練馬区|向山2丁目", "ward": "練馬区", "town": "向山２丁目" }, "geometry": { "type": "Polygon", "coordinates": [ [ [ 139.643783, 35.740905 ], [ 139.643964, 35.740981 ], [ 139.644258, 35.740928 ], [ 139.644436, 35.740852 ], [ 139.644605, 35.740807 ], [ 139.644846, 35.740685 ], [ 139.644959, 35.74063 ], [ 139.645255, 35.740495 ], [ 139.64543, 35.740407 ], [ 139.645467, 35.740384 ], [ 139.64589, 35.74027 ], [ 139.646194, 35.740227 ], [ 139.646554, 35.740106 ], [ 139.64657, 35.7401 ], [ 139.646866, 35.739984 ], [ 139.646694, 35.739797 ], [ 139.646421, 35.7396 ], [ 139.646387, 35.739577 ], [ 139.646173, 35.739427 ], [ 139.646007, 35.739311 ], [ 139.645901, 35.739248 ], [ 139.645809, 35.73921 ], [ 139.645662, 35.739149 ], [ 139.645582, 35.739121 ], [ 139.645414, 35.739036 ], [ 139.645047, 35.738775 ], [ 139.644987, 35.738697 ], [ 139.644939, 35.73871 ], [ 139.644853, 35.738531 ], [ 139.644759, 35.738315 ], [ 139.644745, 35.738285 ], [ 139.644684, 35.738185 ], [ 139.644543, 35.737912 ], [ 139.644075, 35.738051 ], [ 139.643959, 35.738089 ], [ 139.643506, 35.738242 ], [ 139.643456, 35.738258 ], [ 139.643184, 35.738349 ], [ 139.643053, 35.738393 ], [ 139.64282, 35.738465 ], [ 139.642712, 35.7385 ], [ 139.642584, 35.738542 ], [ 139.642384, 35.738609 ], [ 139.641975, 35.738741 ], [ 139.64185, 35.738779 ], [ 139.641691, 35.73883 ], [ 139.641417, 35.738918 ], [ 139.641329, 35.738951 ], [ 139.641272, 35.738972 ], [ 139.641008, 35.739053 ], [ 139.640114, 35.739339 ], [ 139.639518, 35.739538 ], [ 139.639597, 35.739588 ], [ 139.639445, 35.739655 ], [ 139.639383, 35.739696 ], [ 139.639469, 35.739927 ], [ 139.639467, 35.740065 ], [ 139.639537, 35.740137 ], [ 139.639742, 35.740278 ], [ 139.639822, 35.740351 ], [ 139.640138, 35.740641 ], [ 139.640225, 35.740878 ], [ 139.640304, 35.741145 ], [ 139.640439, 35.741352 ], [ 139.640484, 35.741443 ], [ 139.640528, 35.741661 ], [ 139.640547, 35.741852 ], [ 139.640521, 35.742183 ], [ 139.640492, 35.742242 ], [ 139.640434, 35.742364 ], [ 139.640384, 35.742406 ], [ 139.640316, 35.742512 ], [ 139.640509, 35.742526 ], [ 139.640571, 35.742488 ], [ 139.640707, 35.742316 ], [ 139.640833, 35.742089 ], [ 139.640899, 35.742047 ], [ 139.640853, 35.741851 ], [ 139.640996, 35.741801 ], [ 139.641334, 35.741667 ], [ 139.641351, 35.741662 ], [ 139.641421, 35.741637 ], [ 139.641569, 35.741583 ], [ 139.641802, 35.741489 ], [ 139.642215, 35.741334 ], [ 139.642354, 35.741268 ], [ 139.642403, 35.74123 ], [ 139.642652, 35.741147 ], [ 139.642682, 35.741145 ], [ 139.642926, 35.74112 ], [ 139.643057, 35.741092 ], [ 139.643162, 35.741069 ], [ 139.643527, 35.740958 ], [ 139.643783, 35.740905 ] ] ] } },
{ "type": "Feature", "properties": { "key": "練馬区|向山3丁目", "ward": "練馬区", "town": "向山３丁目" }, "geometry": { "type": "Polygon", "coordinates": [ [ [ 139.641704, 35.745476 ], [ 139.641805, 35.745479 ], [ 139.64205, 35.745577 ], [ 139.642273, 35.745631 ], [ 139.642496, 35.74563 ], [ 139.64262, 35.745597 ], [ 139.643508, 35.745278 ], [ 139.643789, 35.745163 ], [ 139.644126, 35.744991 ], [ 139.644877, 35.744506 ], [ 139.645313, 35.744228 ], [ 139.645565, 35.744096 ], [ 139.645827, 35.744018 ], [ 139.646166, 35.743937 ], [ 139.646561, 35.743888 ], [ 139.646727, 35.743923 ], [ 139.647141, 35.744157 ], [ 139.647471, 35.744364 ], [ 139.648268, 35.744664 ], [ 139.648307, 35.744416 ], [ 139.648272, 35.744044 ], [ 139.648316, 35.743875 ], [ 139.648221, 35.743771 ], [ 139.647923, 35.743577 ], [ 139.647846, 35.743465 ], [ 139.647698, 35.742968 ], [ 139.647491, 35.742587 ], [ 139.647447, 35.742478 ], [ 139.647402, 35.742249 ], [ 139.647409, 35.742067 ], [ 139.647398, 35.741876 ], [ 139.647379, 35.741671 ], [ 139.647356, 35.741254 ], [ 139.647333, 35.741088 ], [ 139.647317, 35.740969 ], [ 139.647304, 35.740925 ], [ 139.647181, 35.740586 ], [ 139.647126, 35.740404 ], [ 139.647015, 35.740184 ], [ 139.646941, 35.740094 ], [ 139.646866, 35.739984 ], [ 139.64657, 35.7401 ], [ 139.646554, 35.740106 ], [ 139.646194, 35.740227 ], [ 139.64589, 35.74027 ], [ 139.645467, 35.740384 ], [ 139.64543, 35.740407 ], [ 139.645255, 35.740495 ], [ 139.644959, 35.74063 ], [ 139.644846, 35.740685 ], [ 139.644605, 35.740807 ], [ 139.644436, 35.740852 ], [ 139.644258, 35.740928 ], [ 139.643964, 35.740981 ], [ 139.643783, 35.740905 ], [ 139.643527, 35.740958 ], [ 139.643162, 35.741069 ], [ 139.643057, 35.741092 ], [ 139.642926, 35.74112 ], [ 139.642682, 35.741145 ], [ 139.642652, 35.741147 ], [ 139.642403, 35.74123 ], [ 139.642354, 35.741268 ], [ 139.642215, 35.741334 ], [ 139.641802, 35.741489 ], [ 139.641569, 35.741583 ], [ 139.641421, 35.741637 ], [ 139.641351, 35.741662 ], [ 139.641334, 35.741667 ], [ 139.640996, 35.741801 ], [ 139.640853, 35.741851 ], [ 139.640899, 35.742047 ], [ 139.640833, 35.742089 ], [ 139.640707, 35.742316 ], [ 139.640571, 35.742488 ], [ 139.640509, 35.742526 ], [ 139.640316, 35.742512 ], [ 139.640263, 35.742638 ], [ 139.640222, 35.742782 ], [ 139.640168, 35.742904 ], [ 139.640112, 35.743136 ], [ 139.640092, 35.743407 ], [ 139.640049, 35.743558 ], [ 139.639926, 35.743924 ], [ 139.639864, 35.744078 ], [ 139.640005, 35.744109 ], [ 139.640521, 35.74433 ], [ 139.640578, 35.74435 ], [ 139.640926, 35.744476 ], [ 139.64104, 35.744617 ], [ 139.6411, 35.744647 ], [ 139.641155, 35.744669 ], [ 139.641057, 35.744946 ], [ 139.641015, 35.745066 ], [ 139.640809, 35.745639 ], [ 139.641007, 35.745662 ], [ 139.641099, 35.745631 ], [ 139.64128, 35.745545 ], [ 139.64138, 35.745515 ], [ 139.641704, 35.745476 ] ] ] } },
{ "type": "Feature", "properties": { "key": "練馬区|向山4丁目", "ward": "練馬区", "town": "向山４丁目" }, "geometry": { "type": "Polygon", "coordinates": [ [ [ 139.641155, 35.744669 ], [ 139.6411, 35.744647 ], [ 139.64104, 35.744617 ], [ 139.640926, 35.744476 ], [ 139.640578, 35.74435 ], [ 139.640521, 35.74433 ], [ 139.640005, 35.744109 ], [ 139.639864, 35.744078 ], [ 139.639926, 35.743924 ], [ 139.640049, 35.743558 ], [ 139.640092, 35.743407 ], [ 139.640112, 35.743136 ], [ 139.640168, 35.742904 ], [ 139.640222, 35.742782 ], [ 139.640263, 35.742638 ], [ 139.640316, 35.742512 ], [ 139.640384, 35.742406 ], [ 139.640434, 35.742364 ], [ 139.640492, 35.742242 ], [ 139.640521, 35.742183 ], [ 139.640547, 35.741852 ], [ 139.640528, 35.741661 ], [ 139.640484, 35.741443 ], [ 139.640439, 35.741352 ], [ 139.640304, 35.741145 ], [ 139.640225, 35.740878 ], [ 139.640138, 35.740641 ], [ 139.639822, 35.740351 ], [ 139.639742, 35.740278 ], [ 139.639537, 35.740137 ], [ 139.639467, 35.740065 ], [ 139.639469, 35.739927 ], [ 139.639383, 35.739696 ], [ 139.639445, 35.739655 ], [ 139.639597, 35.739588 ], [ 139.639518, 35.739538 ], [ 139.639125, 35.73968 ], [ 139.638518, 35.73992 ], [ 139.638195, 35.740055 ], [ 139.637982, 35.74015 ], [ 139.637912, 35.74018 ], [ 139.637801, 35.740295 ], [ 139.637368, 35.740837 ], [ 139.636878, 35.741444 ], [ 139.63675, 35.741609 ], [ 139.636747, 35.741614 ], [ 139.636715, 35.741654 ], [ 139.63652, 35.741906 ], [ 139.636464, 35.741979 ], [ 139.636424, 35.74203 ], [ 139.636277, 35.742222 ], [ 139.635651, 35.743004 ], [ 139.634927, 35.743913 ], [ 139.634881, 35.74397 ], [ 139.63481, 35.744059 ], [ 139.634443, 35.744539 ], [ 139.63433, 35.744686 ], [ 139.634291, 35.744725 ], [ 139.634261, 35.744755 ], [ 139.634055, 35.744868 ], [ 139.633422, 35.74514 ], [ 139.633231, 35.745228 ], [ 139.633555, 35.74531 ], [ 139.633819, 35.74536 ], [ 139.634021, 35.745372 ], [ 139.634346, 35.745324 ], [ 139.634896, 35.745187 ], [ 139.635907, 35.744936 ], [ 139.636509, 35.744815 ], [ 139.63695, 35.744754 ], [ 139.637112, 35.744757 ], [ 139.637552, 35.744829 ], [ 139.63812, 35.744965 ], [ 139.638154, 35.744973 ], [ 139.638664, 35.745096 ], [ 139.639015, 35.745188 ], [ 139.639584, 35.745344 ], [ 139.640103, 35.745461 ], [ 139.640527, 35.74557 ], [ 139.640809, 35.745639 ], [ 139.641015, 35.745066 ], [ 139.641057, 35.744946 ], [ 139.641155, 35.744669 ] ] ] } },
{ "type": "Feature", "properties": { "key": "練馬区|貫井1丁目", "ward": "練馬区", "town": "貫井１丁目" }, "geometry": { "type": "Polygon", "coordinates": [ [ [ 139.637937, 35.737368 ], [ 139.638317, 35.737497 ], [ 139.638586, 35.73755 ], [ 139.638709, 35.736942 ], [ 139.638106, 35.736892 ], [ 139.637514, 35.736826 ], [ 139.636993, 35.736778 ], [ 139.637006, 35.736736 ], [ 139.636642, 35.736702 ], [ 139.63657, 35.73664 ], [ 139.63653, 35.736594 ], [ 139.636242, 35.736545 ], [ 139.636148, 35.736503 ], [ 139.635742, 35.736315 ], [ 139.635036, 35.735923 ], [ 139.634989, 35.735901 ], [ 139.6349, 35.735861 ], [ 139.634811, 35.735798 ], [ 139.634748, 35.735728 ], [ 139.634484, 35.735667 ], [ 139.634376, 35.735654 ], [ 139.634245, 35.735637 ], [ 139.633801, 35.735567 ], [ 139.633761, 35.73556 ], [ 139.63354, 35.735533 ], [ 139.633408, 35.735517 ], [ 139.633363, 35.735515 ], [ 139.633105, 35.735506 ], [ 139.632688, 35.735473 ], [ 139.632656, 35.73547 ], [ 139.632376, 35.735484 ], [ 139.632011, 35.735554 ], [ 139.631746, 35.735547 ], [ 139.63172, 35.735542 ], [ 139.631323, 35.735474 ], [ 139.63125, 35.735471 ], [ 139.631246, 35.73547 ], [ 139.631188, 35.735465 ], [ 139.630967, 35.735445 ], [ 139.630684, 35.735431 ], [ 139.630685, 35.735451 ], [ 139.630684, 35.735909 ], [ 139.630684, 35.735958 ], [ 139.630701, 35.736171 ], [ 139.630753, 35.736523 ], [ 139.630774, 35.736752 ], [ 139.630819, 35.736885 ], [ 139.630808, 35.736956 ], [ 139.630758, 35.737245 ], [ 139.630706, 35.737369 ], [ 139.630675, 35.737525 ], [ 139.630668, 35.737634 ], [ 139.630696, 35.737836 ], [ 139.63068, 35.737943 ], [ 139.630652, 35.738041 ], [ 139.630632, 35.738188 ], [ 139.630627, 35.738378 ], [ 139.630702, 35.738388 ], [ 139.631193, 35.738401 ], [ 139.631608, 35.738425 ], [ 139.631958, 35.738446 ], [ 139.632479, 35.738484 ], [ 139.63321, 35.738531 ], [ 139.63377, 35.738556 ], [ 139.633893, 35.738756 ], [ 139.634193, 35.739194 ], [ 139.63417, 35.739216 ], [ 139.634451, 35.739601 ], [ 139.634562, 35.739528 ], [ 139.634673, 35.739452 ], [ 139.635125, 35.739137 ], [ 139.635148, 35.73912 ], [ 139.635555, 35.738966 ], [ 139.63582, 35.738895 ], [ 139.636043, 35.738849 ], [ 139.63619, 35.738841 ], [ 139.636443, 35.738807 ], [ 139.636824, 35.738765 ], [ 139.637083, 35.738722 ], [ 139.637405, 35.738683 ], [ 139.637597, 35.738154 ], [ 139.637743, 35.73776 ], [ 139.637937, 35.737368 ] ] ] } },
{ "type": "Feature", "properties": { "key": "練馬区|貫井2丁目", "ward": "練馬区", "town": "貫井２丁目" }, "geometry": { "type": "Polygon", "coordinates": [ [ [ 139.639518, 35.739538 ], [ 139.639061, 35.738986 ], [ 139.638661, 35.738416 ], [ 139.638613, 35.738319 ], [ 139.638598, 35.738256 ], [ 139.638572, 35.738075 ], [ 139.638586, 35.73755 ], [ 139.638317, 35.737497 ], [ 139.637937, 35.737368 ], [ 139.637743, 35.73776 ], [ 139.637597, 35.738154 ], [ 139.637405, 35.738683 ], [ 139.637083, 35.738722 ], [ 139.636824, 35.738765 ], [ 139.636443, 35.738807 ], [ 139.63619, 35.738841 ], [ 139.636043, 35.738849 ], [ 139.63582, 35.738895 ], [ 139.635555, 35.738966 ], [ 139.635148, 35.73912 ], [ 139.635125, 35.739137 ], [ 139.634673, 35.739452 ], [ 139.634562, 35.739528 ], [ 139.634451, 35.739601 ], [ 139.63417, 35.739216 ], [ 139.634193, 35.739194 ], [ 139.633893, 35.738756 ], [ 139.63377, 35.738556 ], [ 139.63321, 35.738531 ], [ 139.632479, 35.738484 ], [ 139.631958, 35.738446 ], [ 139.631608, 35.738425 ], [ 139.631193, 35.738401 ], [ 139.630702, 35.738388 ], [ 139.630627, 35.738378 ], [ 139.630678, 35.738643 ], [ 139.630903, 35.738908 ], [ 139.631126, 35.739119 ], [ 139.631214, 35.739162 ], [ 139.631305, 35.739207 ], [ 139.631471, 35.739288 ], [ 139.631569, 35.739317 ], [ 139.631619, 35.739392 ], [ 139.631654, 35.739584 ], [ 139.631712, 35.739907 ], [ 139.631747, 35.740062 ], [ 139.631792, 35.740212 ], [ 139.631801, 35.740244 ], [ 139.631933, 35.740462 ], [ 139.632012, 35.740576 ], [ 139.632078, 35.740704 ], [ 139.632339, 35.740984 ], [ 139.63246, 35.741072 ], [ 139.632669, 35.741231 ], [ 139.632852, 35.741361 ], [ 139.632987, 35.741428 ], [ 139.633309, 35.741486 ], [ 139.633432, 35.741527 ], [ 139.633466, 35.741649 ], [ 139.633601, 35.74213 ], [ 139.633659, 35.74226 ], [ 139.634357, 35.741928 ], [ 139.634603, 35.741812 ], [ 139.634941, 35.741651 ], [ 139.634978, 35.741634 ], [ 139.635323, 35.741472 ], [ 139.635554, 35.741361 ], [ 139.636074, 35.741109 ], [ 139.636607, 35.740851 ], [ 139.637463, 35.740453 ], [ 139.637801, 35.740295 ], [ 139.637912, 35.74018 ], [ 139.637982, 35.74015 ], [ 139.638195, 35.740055 ], [ 139.638518, 35.73992 ], [ 139.639125, 35.73968 ], [ 139.639518, 35.739538 ] ] ] } },
{ "type": "Feature", "properties": { "key": "練馬区|貫井3丁目", "ward": "練馬区", "town": "貫井３丁目" }, "geometry": { "type": "Polygon", "coordinates": [ [ [ 139.628314, 35.74183 ], [ 139.628375, 35.741827 ], [ 139.628743, 35.741641 ], [ 139.628925, 35.741499 ], [ 139.629225, 35.741058 ], [ 139.629597, 35.740505 ], [ 139.629671, 35.740356 ], [ 139.629872, 35.740407 ], [ 139.62985, 35.740121 ], [ 139.629935, 35.740082 ], [ 139.630025, 35.739866 ], [ 139.630071, 35.739657 ], [ 139.630086, 35.739483 ], [ 139.630052, 35.739402 ], [ 139.630037, 35.739116 ], [ 139.630094, 35.739078 ], [ 139.630401, 35.738797 ], [ 139.630678, 35.738643 ], [ 139.630627, 35.738378 ], [ 139.630632, 35.738188 ], [ 139.630652, 35.738041 ], [ 139.63068, 35.737943 ], [ 139.630696, 35.737836 ], [ 139.630668, 35.737634 ], [ 139.630675, 35.737525 ], [ 139.630706, 35.737369 ], [ 139.630758, 35.737245 ], [ 139.630808, 35.736956 ], [ 139.630819, 35.736885 ], [ 139.630774, 35.736752 ], [ 139.630753, 35.736523 ], [ 139.630701, 35.736171 ], [ 139.630684, 35.735958 ], [ 139.630684, 35.735909 ], [ 139.630685, 35.735451 ], [ 139.630684, 35.735431 ], [ 139.630525, 35.735433 ], [ 139.630536, 35.735316 ], [ 139.630051, 35.735316 ], [ 139.629706, 35.735307 ], [ 139.629564, 35.735306 ], [ 139.62954, 35.735296 ], [ 139.629317, 35.735288 ], [ 139.629041, 35.735228 ], [ 139.628317, 35.735163 ], [ 139.628307, 35.735163 ], [ 139.627989, 35.735162 ], [ 139.627939, 35.735135 ], [ 139.627759, 35.735096 ], [ 139.627754, 35.735103 ], [ 139.627758, 35.735128 ], [ 139.627853, 35.735725 ], [ 139.627829, 35.735728 ], [ 139.627444, 35.735785 ], [ 139.627342, 35.7359 ], [ 139.627209, 35.735911 ], [ 139.627037, 35.735925 ], [ 139.62673, 35.73597 ], [ 139.626419, 35.736045 ], [ 139.626157, 35.736548 ], [ 139.626033, 35.736725 ], [ 139.625972, 35.736883 ], [ 139.625937, 35.7371 ], [ 139.625908, 35.73728 ], [ 139.625953, 35.73775 ], [ 139.625951, 35.73781 ], [ 139.625931, 35.738361 ], [ 139.625901, 35.739173 ], [ 139.625896, 35.739374 ], [ 139.625893, 35.739502 ], [ 139.625864, 35.740152 ], [ 139.625859, 35.740313 ], [ 139.625849, 35.740652 ], [ 139.625838, 35.740791 ], [ 139.625825, 35.740962 ], [ 139.625801, 35.741261 ], [ 139.626151, 35.741435 ], [ 139.626311, 35.741526 ], [ 139.626647, 35.741637 ], [ 139.626749, 35.741671 ], [ 139.627026, 35.741814 ], [ 139.627251, 35.741866 ], [ 139.627391, 35.741886 ], [ 139.627492, 35.74186 ], [ 139.627858, 35.741887 ], [ 139.628314, 35.74183 ] ] ] } },
{ "type": "Feature", "properties": { "key": "練馬区|貫井4丁目", "ward": "練馬区", "town": "貫井４丁目" }, "geometry": { "type": "Polygon", "coordinates": [ [ [ 139.627864, 35.745109 ], [ 139.628346, 35.745136 ], [ 139.629192, 35.744578 ], [ 139.629226, 35.744556 ], [ 139.630346, 35.743981 ], [ 139.630445, 35.743923 ], [ 139.630462, 35.743913 ], [ 139.630562, 35.743864 ], [ 139.63096, 35.743658 ], [ 139.63145, 35.743405 ], [ 139.631643, 35.743304 ], [ 139.63173, 35.743259 ], [ 139.631735, 35.743257 ], [ 139.632337, 35.742934 ], [ 139.632727, 35.742731 ], [ 139.633019, 35.742583 ], [ 139.633659, 35.74226 ], [ 139.633601, 35.74213 ], [ 139.633466, 35.741649 ], [ 139.633432, 35.741527 ], [ 139.633309, 35.741486 ], [ 139.632987, 35.741428 ], [ 139.632852, 35.741361 ], [ 139.632669, 35.741231 ], [ 139.63246, 35.741072 ], [ 139.632339, 35.740984 ], [ 139.632078, 35.740704 ], [ 139.632012, 35.740576 ], [ 139.631933, 35.740462 ], [ 139.631801, 35.740244 ], [ 139.631792, 35.740212 ], [ 139.631747, 35.740062 ], [ 139.631712, 35.739907 ], [ 139.631654, 35.739584 ], [ 139.631619, 35.739392 ], [ 139.631569, 35.739317 ], [ 139.631471, 35.739288 ], [ 139.631305, 35.739207 ], [ 139.631214, 35.739162 ], [ 139.631126, 35.739119 ], [ 139.630903, 35.738908 ], [ 139.630678, 35.738643 ], [ 139.630401, 35.738797 ], [ 139.630094, 35.739078 ], [ 139.630037, 35.739116 ], [ 139.630052, 35.739402 ], [ 139.630086, 35.739483 ], [ 139.630071, 35.739657 ], [ 139.630025, 35.739866 ], [ 139.629935, 35.740082 ], [ 139.62985, 35.740121 ], [ 139.629872, 35.740407 ], [ 139.629671, 35.740356 ], [ 139.629597, 35.740505 ], [ 139.629225, 35.741058 ], [ 139.628925, 35.741499 ], [ 139.628743, 35.741641 ], [ 139.628375, 35.741827 ], [ 139.628314, 35.74183 ], [ 139.627858, 35.741887 ], [ 139.627492, 35.74186 ], [ 139.627391, 35.741886 ], [ 139.627251, 35.741866 ], [ 139.627026, 35.741814 ], [ 139.626749, 35.741671 ], [ 139.626647, 35.741637 ], [ 139.626311, 35.741526 ], [ 139.626151, 35.741435 ], [ 139.625801, 35.741261 ], [ 139.625793, 35.741598 ], [ 139.625792, 35.741636 ], [ 139.625792, 35.741653 ], [ 139.62579, 35.74167 ], [ 139.625778, 35.741762 ], [ 139.625761, 35.742065 ], [ 139.625722, 35.742838 ], [ 139.625722, 35.743519 ], [ 139.625721, 35.743628 ], [ 139.625719, 35.743861 ], [ 139.625715, 35.744245 ], [ 139.625737, 35.744815 ], [ 139.625765, 35.745046 ], [ 139.625765, 35.745208 ], [ 139.625729, 35.745405 ], [ 139.625688, 35.745637 ], [ 139.62567, 35.745736 ], [ 139.625623, 35.746003 ], [ 139.625948, 35.745966 ], [ 139.626106, 35.745928 ], [ 139.626425, 35.745798 ], [ 139.626516, 35.74575 ], [ 139.627473, 35.74529 ], [ 139.627864, 35.745109 ] ] ] } },
{ "type": "Feature", "properties": { "key": "練馬区|貫井5丁目", "ward": "練馬区", "town": "貫井５丁目" }, "geometry": { "type": "Polygon", "coordinates": [ [ [ 139.634055, 35.744868 ], [ 139.634261, 35.744755 ], [ 139.634291, 35.744725 ], [ 139.63433, 35.744686 ], [ 139.634443, 35.744539 ], [ 139.63481, 35.744059 ], [ 139.634881, 35.74397 ], [ 139.634927, 35.743913 ], [ 139.635651, 35.743004 ], [ 139.636277, 35.742222 ], [ 139.636424, 35.74203 ], [ 139.636464, 35.741979 ], [ 139.63652, 35.741906 ], [ 139.636715, 35.741654 ], [ 139.636747, 35.741614 ], [ 139.63675, 35.741609 ], [ 139.636878, 35.741444 ], [ 139.637368, 35.740837 ], [ 139.637801, 35.740295 ], [ 139.637463, 35.740453 ], [ 139.636607, 35.740851 ], [ 139.636074, 35.741109 ], [ 139.635554, 35.741361 ], [ 139.635323, 35.741472 ], [ 139.634978, 35.741634 ], [ 139.634941, 35.741651 ], [ 139.634603, 35.741812 ], [ 139.634357, 35.741928 ], [ 139.633659, 35.74226 ], [ 139.633019, 35.742583 ], [ 139.632727, 35.742731 ], [ 139.632337, 35.742934 ], [ 139.631735, 35.743257 ], [ 139.63173, 35.743259 ], [ 139.631643, 35.743304 ], [ 139.63145, 35.743405 ], [ 139.63096, 35.743658 ], [ 139.630562, 35.743864 ], [ 139.630462, 35.743913 ], [ 139.630445, 35.743923 ], [ 139.630346, 35.743981 ], [ 139.629226, 35.744556 ], [ 139.629192, 35.744578 ], [ 139.628346, 35.745136 ], [ 139.628495, 35.745142 ], [ 139.629883, 35.745107 ], [ 139.631005, 35.745061 ], [ 139.632114, 35.745049 ], [ 139.632288, 35.745034 ], [ 139.632543, 35.74506 ], [ 139.632941, 35.745143 ], [ 139.633231, 35.745228 ], [ 139.633422, 35.74514 ], [ 139.634055, 35.744868 ] ] ] } },
{ "type": "Feature", "properties": { "key": "練馬区|錦1丁目", "ward": "練馬区", "town": "錦１丁目" }, "geometry": { "type": "Polygon", "coordinates": [ [ [ 139.672909, 35.759678 ], [ 139.672945, 35.7597 ], [ 139.673006, 35.759637 ], [ 139.673026, 35.759617 ], [ 139.673012, 35.759589 ], [ 139.673345, 35.759258 ], [ 139.673558, 35.759039 ], [ 139.673637, 35.758962 ], [ 139.67351, 35.758835 ], [ 139.673305, 35.758639 ], [ 139.67304, 35.758366 ], [ 139.6723, 35.757591 ], [ 139.671902, 35.757195 ], [ 139.671704, 35.757766 ], [ 139.671565, 35.757703 ], [ 139.671372, 35.757639 ], [ 139.671101, 35.757595 ], [ 139.67057, 35.757576 ], [ 139.669904, 35.757553 ], [ 139.669324, 35.757561 ], [ 139.669098, 35.757619 ], [ 139.66893, 35.757718 ], [ 139.668459, 35.758139 ], [ 139.66832, 35.758292 ], [ 139.668235, 35.758403 ], [ 139.668194, 35.758494 ], [ 139.668173, 35.758597 ], [ 139.668138, 35.75901 ], [ 139.668114, 35.759295 ], [ 139.668041, 35.760072 ], [ 139.668013, 35.76029 ], [ 139.668012, 35.760589 ], [ 139.668038, 35.760875 ], [ 139.668126, 35.762017 ], [ 139.668158, 35.762633 ], [ 139.668116, 35.762946 ], [ 139.668165, 35.762932 ], [ 139.668404, 35.762867 ], [ 139.668636, 35.762804 ], [ 139.668919, 35.762729 ], [ 139.669389, 35.762605 ], [ 139.669434, 35.762593 ], [ 139.669615, 35.762544 ], [ 139.669701, 35.762521 ], [ 139.670066, 35.762422 ], [ 139.670464, 35.762303 ], [ 139.67068, 35.762249 ], [ 139.670703, 35.762241 ], [ 139.670816, 35.762096 ], [ 139.670834, 35.762068 ], [ 139.670977, 35.761847 ], [ 139.6712, 35.761502 ], [ 139.671258, 35.76142 ], [ 139.671278, 35.761382 ], [ 139.671607, 35.760849 ], [ 139.671874, 35.760773 ], [ 139.671872, 35.760768 ], [ 139.671847, 35.760716 ], [ 139.671838, 35.7607 ], [ 139.671819, 35.760544 ], [ 139.671817, 35.760534 ], [ 139.67189, 35.760524 ], [ 139.671896, 35.760521 ], [ 139.671961, 35.760492 ], [ 139.672103, 35.760418 ], [ 139.672136, 35.760364 ], [ 139.67226, 35.760163 ], [ 139.672728, 35.759811 ], [ 139.672759, 35.759787 ], [ 139.672909, 35.759678 ] ] ] } },
{ "type": "Feature", "properties": { "key": "練馬区|錦2丁目", "ward": "練馬区", "town": "錦２丁目" }, "geometry": { "type": "Polygon", "coordinates": [ [ [ 139.667357, 35.759758 ], [ 139.667156, 35.759769 ], [ 139.667023, 35.759789 ], [ 139.66687, 35.75986 ], [ 139.666581, 35.760017 ], [ 139.665781, 35.76045 ], [ 139.665298, 35.760695 ], [ 139.664827, 35.760938 ], [ 139.664239, 35.761316 ], [ 139.663994, 35.761457 ], [ 139.663974, 35.761468 ], [ 139.663743, 35.761618 ], [ 139.663606, 35.7617 ], [ 139.663479, 35.761776 ], [ 139.663204, 35.761958 ], [ 139.662925, 35.762129 ], [ 139.662914, 35.762135 ], [ 139.662648, 35.762298 ], [ 139.662226, 35.762556 ], [ 139.662066, 35.762648 ], [ 139.662035, 35.762667 ], [ 139.663319, 35.763279 ], [ 139.6635, 35.764252 ], [ 139.663503, 35.764269 ], [ 139.664381, 35.764009 ], [ 139.664695, 35.763916 ], [ 139.66471, 35.763912 ], [ 139.665536, 35.763677 ], [ 139.665565, 35.763669 ], [ 139.665891, 35.763577 ], [ 139.666238, 35.763478 ], [ 139.666899, 35.76329 ], [ 139.6673, 35.76318 ], [ 139.667397, 35.763153 ], [ 139.668116, 35.762946 ], [ 139.668158, 35.762633 ], [ 139.668126, 35.762017 ], [ 139.668038, 35.760875 ], [ 139.668012, 35.760589 ], [ 139.668013, 35.76029 ], [ 139.668041, 35.760072 ], [ 139.667891, 35.759965 ], [ 139.667807, 35.759912 ], [ 139.667662, 35.759892 ], [ 139.667369, 35.759885 ], [ 139.667357, 35.759758 ] ] ] } },
{ "type": "Feature", "properties": { "key": "練馬区|氷川台1丁目", "ward": "練馬区", "town": "氷川台１丁目" }, "geometry": { "type": "Polygon", "coordinates": [ [ [ 139.672174, 35.752286 ], [ 139.67186, 35.752438 ], [ 139.671432, 35.752666 ], [ 139.670972, 35.752909 ], [ 139.670633, 35.753087 ], [ 139.669116, 35.753881 ], [ 139.668808, 35.754048 ], [ 139.669577, 35.754803 ], [ 139.669952, 35.755205 ], [ 139.670689, 35.755971 ], [ 139.670721, 35.756 ], [ 139.670968, 35.756239 ], [ 139.671356, 35.756632 ], [ 139.671902, 35.757195 ], [ 139.6723, 35.757591 ], [ 139.67304, 35.758366 ], [ 139.673305, 35.758639 ], [ 139.67351, 35.758835 ], [ 139.673845, 35.758718 ], [ 139.673839, 35.758688 ], [ 139.673541, 35.757194 ], [ 139.673526, 35.756653 ], [ 139.673492, 35.756375 ], [ 139.673447, 35.756117 ], [ 139.673251, 35.755235 ], [ 139.673273, 35.755066 ], [ 139.673331, 35.754884 ], [ 139.673329, 35.754784 ], [ 139.673281, 35.754697 ], [ 139.673257, 35.754654 ], [ 139.673151, 35.754501 ], [ 139.672948, 35.753989 ], [ 139.6728, 35.753623 ], [ 139.672752, 35.753506 ], [ 139.672451, 35.75296 ], [ 139.672433, 35.752927 ], [ 139.672189, 35.752323 ], [ 139.672174, 35.752286 ] ] ] } },
{ "type": "Feature", "properties": { "key": "練馬区|氷川台2丁目", "ward": "練馬区", "town": "氷川台２丁目" }, "geometry": { "type": "Polygon", "coordinates": [ [ [ 139.668317, 35.758004 ], [ 139.668459, 35.758139 ], [ 139.66893, 35.757718 ], [ 139.669098, 35.757619 ], [ 139.669324, 35.757561 ], [ 139.669904, 35.757553 ], [ 139.67057, 35.757576 ], [ 139.671101, 35.757595 ], [ 139.671372, 35.757639 ], [ 139.671565, 35.757703 ], [ 139.671704, 35.757766 ], [ 139.671902, 35.757195 ], [ 139.671356, 35.756632 ], [ 139.670968, 35.756239 ], [ 139.670721, 35.756 ], [ 139.670689, 35.755971 ], [ 139.669952, 35.755205 ], [ 139.669577, 35.754803 ], [ 139.668808, 35.754048 ], [ 139.668301, 35.754305 ], [ 139.66819, 35.754361 ], [ 139.66794, 35.754488 ], [ 139.667641, 35.754639 ], [ 139.667315, 35.754803 ], [ 139.667045, 35.754942 ], [ 139.666294, 35.755328 ], [ 139.665959, 35.755497 ], [ 139.665703, 35.755626 ], [ 139.665065, 35.755951 ], [ 139.664796, 35.756088 ], [ 139.665509, 35.756651 ], [ 139.66579, 35.756865 ], [ 139.666106, 35.757107 ], [ 139.666993, 35.757793 ], [ 139.667796, 35.758595 ], [ 139.668101, 35.758235 ], [ 139.668317, 35.758004 ] ] ] } },
{ "type": "Feature", "properties": { "key": "練馬区|氷川台3丁目", "ward": "練馬区", "town": "氷川台３丁目" }, "geometry": { "type": "Polygon", "coordinates": [ [ [ 139.666767, 35.749094 ], [ 139.666451, 35.749026 ], [ 139.666438, 35.749027 ], [ 139.666155, 35.749028 ], [ 139.665672, 35.749039 ], [ 139.665496, 35.749043 ], [ 139.665372, 35.749039 ], [ 139.66477, 35.74907 ], [ 139.663787, 35.74913 ], [ 139.663457, 35.749146 ], [ 139.663305, 35.749146 ], [ 139.663948, 35.749744 ], [ 139.66452, 35.750173 ], [ 139.664912, 35.750534 ], [ 139.665147, 35.750743 ], [ 139.665536, 35.751079 ], [ 139.665762, 35.751271 ], [ 139.66647, 35.751872 ], [ 139.666907, 35.752243 ], [ 139.66699, 35.752324 ], [ 139.667521, 35.752824 ], [ 139.667952, 35.75323 ], [ 139.667973, 35.753252 ], [ 139.668496, 35.75375 ], [ 139.668808, 35.754048 ], [ 139.669116, 35.753881 ], [ 139.670633, 35.753087 ], [ 139.670972, 35.752909 ], [ 139.671432, 35.752666 ], [ 139.67186, 35.752438 ], [ 139.672174, 35.752286 ], [ 139.671948, 35.75175 ], [ 139.671946, 35.751744 ], [ 139.671726, 35.751218 ], [ 139.671481, 35.750638 ], [ 139.671406, 35.750375 ], [ 139.67126, 35.750235 ], [ 139.671088, 35.750089 ], [ 139.670864, 35.750013 ], [ 139.670721, 35.749976 ], [ 139.670698, 35.749971 ], [ 139.670428, 35.749916 ], [ 139.669551, 35.749736 ], [ 139.668826, 35.749577 ], [ 139.668166, 35.74942 ], [ 139.667474, 35.749256 ], [ 139.666767, 35.749094 ] ] ] } },
{ "type": "Feature", "properties": { "key": "練馬区|氷川台4丁目", "ward": "練馬区", "town": "氷川台４丁目" }, "geometry": { "type": "Polygon", "coordinates": [ [ [ 139.66452, 35.750173 ], [ 139.664156, 35.750373 ], [ 139.663883, 35.750577 ], [ 139.663356, 35.751005 ], [ 139.663023, 35.751277 ], [ 139.662507, 35.751703 ], [ 139.662238, 35.751916 ], [ 139.662009, 35.752097 ], [ 139.661978, 35.752122 ], [ 139.661575, 35.752438 ], [ 139.661214, 35.752741 ], [ 139.660806, 35.753071 ], [ 139.661112, 35.753248 ], [ 139.661864, 35.753821 ], [ 139.662236, 35.754106 ], [ 139.662366, 35.754205 ], [ 139.662668, 35.754436 ], [ 139.663079, 35.754757 ], [ 139.663192, 35.754845 ], [ 139.663451, 35.755047 ], [ 139.664042, 35.755513 ], [ 139.664433, 35.755812 ], [ 139.664796, 35.756088 ], [ 139.665065, 35.755951 ], [ 139.665703, 35.755626 ], [ 139.665959, 35.755497 ], [ 139.666294, 35.755328 ], [ 139.667045, 35.754942 ], [ 139.667315, 35.754803 ], [ 139.667641, 35.754639 ], [ 139.66794, 35.754488 ], [ 139.66819, 35.754361 ], [ 139.668301, 35.754305 ], [ 139.668808, 35.754048 ], [ 139.668496, 35.75375 ], [ 139.667973, 35.753252 ], [ 139.667952, 35.75323 ], [ 139.667521, 35.752824 ], [ 139.66699, 35.752324 ], [ 139.666907, 35.752243 ], [ 139.66647, 35.751872 ], [ 139.665762, 35.751271 ], [ 139.665536, 35.751079 ], [ 139.665147, 35.750743 ], [ 139.664912, 35.750534 ], [ 139.66452, 35.750173 ] ] ] } },
{ "type": "Feature", "properties": { "key": "練馬区|平和台1丁目", "ward": "練馬区", "town": "平和台１丁目" }, "geometry": { "type": "Polygon", "coordinates": [ [ [ 139.667357, 35.759758 ], [ 139.667369, 35.759885 ], [ 139.667662, 35.759892 ], [ 139.667807, 35.759912 ], [ 139.667891, 35.759965 ], [ 139.668041, 35.760072 ], [ 139.668114, 35.759295 ], [ 139.668138, 35.75901 ], [ 139.668173, 35.758597 ], [ 139.668194, 35.758494 ], [ 139.668235, 35.758403 ], [ 139.66832, 35.758292 ], [ 139.668459, 35.758139 ], [ 139.668317, 35.758004 ], [ 139.668101, 35.758235 ], [ 139.667796, 35.758595 ], [ 139.666993, 35.757793 ], [ 139.666106, 35.757107 ], [ 139.66579, 35.756865 ], [ 139.665509, 35.756651 ], [ 139.664796, 35.756088 ], [ 139.664369, 35.756302 ], [ 139.663913, 35.75653 ], [ 139.663263, 35.756861 ], [ 139.66285, 35.757091 ], [ 139.662382, 35.757356 ], [ 139.662033, 35.757536 ], [ 139.661622, 35.757747 ], [ 139.661068, 35.758048 ], [ 139.660653, 35.758266 ], [ 139.661149, 35.758599 ], [ 139.661284, 35.758679 ], [ 139.66151, 35.758836 ], [ 139.66247, 35.759452 ], [ 139.663556, 35.760153 ], [ 139.663682, 35.760235 ], [ 139.663981, 35.76043 ], [ 139.664356, 35.760655 ], [ 139.664827, 35.760938 ], [ 139.665298, 35.760695 ], [ 139.665781, 35.76045 ], [ 139.666581, 35.760017 ], [ 139.66687, 35.75986 ], [ 139.667023, 35.759789 ], [ 139.667156, 35.759769 ], [ 139.667357, 35.759758 ] ] ] } },
{ "type": "Feature", "properties": { "key": "練馬区|平和台2丁目", "ward": "練馬区", "town": "平和台２丁目" }, "geometry": { "type": "Polygon", "coordinates": [ [ [ 139.660653, 35.758266 ], [ 139.660132, 35.758602 ], [ 139.659349, 35.759164 ], [ 139.658886, 35.75948 ], [ 139.658316, 35.759892 ], [ 139.657461, 35.760457 ], [ 139.658047, 35.760741 ], [ 139.658391, 35.760907 ], [ 139.658602, 35.761009 ], [ 139.659058, 35.761229 ], [ 139.659754, 35.761565 ], [ 139.660224, 35.761792 ], [ 139.660383, 35.761869 ], [ 139.660618, 35.761982 ], [ 139.66092, 35.762128 ], [ 139.661198, 35.762262 ], [ 139.661473, 35.762395 ], [ 139.662035, 35.762667 ], [ 139.662066, 35.762648 ], [ 139.662226, 35.762556 ], [ 139.662648, 35.762298 ], [ 139.662914, 35.762135 ], [ 139.662925, 35.762129 ], [ 139.663204, 35.761958 ], [ 139.663479, 35.761776 ], [ 139.663606, 35.7617 ], [ 139.663743, 35.761618 ], [ 139.663974, 35.761468 ], [ 139.663994, 35.761457 ], [ 139.664239, 35.761316 ], [ 139.664827, 35.760938 ], [ 139.664356, 35.760655 ], [ 139.663981, 35.76043 ], [ 139.663682, 35.760235 ], [ 139.663556, 35.760153 ], [ 139.66247, 35.759452 ], [ 139.66151, 35.758836 ], [ 139.661284, 35.758679 ], [ 139.661149, 35.758599 ], [ 139.660653, 35.758266 ] ] ] } },
{ "type": "Feature", "properties": { "key": "練馬区|平和台3丁目", "ward": "練馬区", "town": "平和台３丁目" }, "geometry": { "type": "Polygon", "coordinates": [ [ [ 139.660806, 35.753071 ], [ 139.660142, 35.753607 ], [ 139.659447, 35.754156 ], [ 139.65884, 35.754628 ], [ 139.658737, 35.754708 ], [ 139.658552, 35.754849 ], [ 139.658227, 35.755106 ], [ 139.658111, 35.755188 ], [ 139.658017, 35.755254 ], [ 139.657477, 35.755644 ], [ 139.657084, 35.755912 ], [ 139.657044, 35.755939 ], [ 139.657805, 35.75643 ], [ 139.658317, 35.756773 ], [ 139.658995, 35.7572 ], [ 139.65935, 35.757425 ], [ 139.659939, 35.757807 ], [ 139.660653, 35.758266 ], [ 139.661068, 35.758048 ], [ 139.661622, 35.757747 ], [ 139.662033, 35.757536 ], [ 139.662382, 35.757356 ], [ 139.66285, 35.757091 ], [ 139.663263, 35.756861 ], [ 139.663913, 35.75653 ], [ 139.664369, 35.756302 ], [ 139.664796, 35.756088 ], [ 139.664433, 35.755812 ], [ 139.664042, 35.755513 ], [ 139.663451, 35.755047 ], [ 139.663192, 35.754845 ], [ 139.663079, 35.754757 ], [ 139.662668, 35.754436 ], [ 139.662366, 35.754205 ], [ 139.662236, 35.754106 ], [ 139.661864, 35.753821 ], [ 139.661112, 35.753248 ], [ 139.660806, 35.753071 ] ] ] } },
{ "type": "Feature", "properties": { "key": "練馬区|平和台4丁目", "ward": "練馬区", "town": "平和台４丁目" }, "geometry": { "type": "Polygon", "coordinates": [ [ [ 139.657044, 35.755939 ], [ 139.656695, 35.756169 ], [ 139.656391, 35.756354 ], [ 139.655797, 35.7567 ], [ 139.65566, 35.756784 ], [ 139.655354, 35.756968 ], [ 139.655067, 35.757131 ], [ 139.654594, 35.757399 ], [ 139.653842, 35.757836 ], [ 139.653175, 35.758246 ], [ 139.654062, 35.758747 ], [ 139.654498, 35.758979 ], [ 139.655235, 35.759346 ], [ 139.655817, 35.759669 ], [ 139.656181, 35.759842 ], [ 139.656284, 35.759893 ], [ 139.656743, 35.760118 ], [ 139.656811, 35.760151 ], [ 139.657461, 35.760457 ], [ 139.658316, 35.759892 ], [ 139.658886, 35.75948 ], [ 139.659349, 35.759164 ], [ 139.660132, 35.758602 ], [ 139.660653, 35.758266 ], [ 139.659939, 35.757807 ], [ 139.65935, 35.757425 ], [ 139.658995, 35.7572 ], [ 139.658317, 35.756773 ], [ 139.657805, 35.75643 ], [ 139.657044, 35.755939 ] ] ] } },
{ "type": "Feature", "properties": { "key": "練馬区|早宮1丁目", "ward": "練馬区", "town": "早宮１丁目" }, "geometry": { "type": "Polygon", "coordinates": [ [ [ 139.663305, 35.749146 ], [ 139.662587, 35.749179 ], [ 139.661909, 35.74921 ], [ 139.661902, 35.749211 ], [ 139.661208, 35.749249 ], [ 139.660746, 35.74927 ], [ 139.660506, 35.749281 ], [ 139.659794, 35.749312 ], [ 139.659269, 35.749337 ], [ 139.658463, 35.749364 ], [ 139.658189, 35.749367 ], [ 139.658029, 35.749331 ], [ 139.657898, 35.749295 ], [ 139.657418, 35.749161 ], [ 139.656973, 35.749042 ], [ 139.656538, 35.748926 ], [ 139.656069, 35.748794 ], [ 139.6557, 35.748638 ], [ 139.655639, 35.749039 ], [ 139.655623, 35.749141 ], [ 139.655604, 35.74926 ], [ 139.655496, 35.749878 ], [ 139.655432, 35.750384 ], [ 139.655424, 35.750447 ], [ 139.655256, 35.751191 ], [ 139.655213, 35.751381 ], [ 139.655144, 35.751715 ], [ 139.655083, 35.751892 ], [ 139.654845, 35.752241 ], [ 139.655423, 35.752557 ], [ 139.656031, 35.752885 ], [ 139.656819, 35.753373 ], [ 139.657754, 35.753935 ], [ 139.658013, 35.754084 ], [ 139.658207, 35.754197 ], [ 139.658512, 35.754345 ], [ 139.65884, 35.754628 ], [ 139.659447, 35.754156 ], [ 139.660142, 35.753607 ], [ 139.660806, 35.753071 ], [ 139.661214, 35.752741 ], [ 139.661575, 35.752438 ], [ 139.661978, 35.752122 ], [ 139.662009, 35.752097 ], [ 139.662238, 35.751916 ], [ 139.662507, 35.751703 ], [ 139.663023, 35.751277 ], [ 139.663356, 35.751005 ], [ 139.663883, 35.750577 ], [ 139.664156, 35.750373 ], [ 139.66452, 35.750173 ], [ 139.663948, 35.749744 ], [ 139.663305, 35.749146 ] ] ] } },
{ "type": "Feature", "properties": { "key": "練馬区|早宮2丁目", "ward": "練馬区", "town": "早宮２丁目" }, "geometry": { "type": "Polygon", "coordinates": [ [ [ 139.656819, 35.753373 ], [ 139.656031, 35.752885 ], [ 139.655423, 35.752557 ], [ 139.654845, 35.752241 ], [ 139.654645, 35.75245 ], [ 139.654426, 35.752681 ], [ 139.65421, 35.752889 ], [ 139.654133, 35.752962 ], [ 139.653934, 35.753225 ], [ 139.653595, 35.753697 ], [ 139.653354, 35.753757 ], [ 139.653042, 35.753813 ], [ 139.6528, 35.753792 ], [ 139.652224, 35.753757 ], [ 139.651847, 35.753701 ], [ 139.651601, 35.753687 ], [ 139.650977, 35.75365 ], [ 139.650844, 35.753641 ], [ 139.650601, 35.753623 ], [ 139.650094, 35.753595 ], [ 139.649976, 35.753582 ], [ 139.649948, 35.753568 ], [ 139.649802, 35.75403 ], [ 139.649673, 35.754543 ], [ 139.649572, 35.75499 ], [ 139.649433, 35.755604 ], [ 139.649336, 35.756034 ], [ 139.649248, 35.756226 ], [ 139.649821, 35.756521 ], [ 139.649956, 35.75659 ], [ 139.650528, 35.756885 ], [ 139.65058, 35.756911 ], [ 139.651574, 35.757422 ], [ 139.651587, 35.757429 ], [ 139.652203, 35.757745 ], [ 139.652671, 35.757987 ], [ 139.653175, 35.758246 ], [ 139.653842, 35.757836 ], [ 139.654594, 35.757399 ], [ 139.655067, 35.757131 ], [ 139.655354, 35.756968 ], [ 139.65566, 35.756784 ], [ 139.655797, 35.7567 ], [ 139.656391, 35.756354 ], [ 139.656695, 35.756169 ], [ 139.657044, 35.755939 ], [ 139.657084, 35.755912 ], [ 139.657477, 35.755644 ], [ 139.658017, 35.755254 ], [ 139.658111, 35.755188 ], [ 139.658227, 35.755106 ], [ 139.658552, 35.754849 ], [ 139.658737, 35.754708 ], [ 139.65884, 35.754628 ], [ 139.658512, 35.754345 ], [ 139.658207, 35.754197 ], [ 139.658013, 35.754084 ], [ 139.657754, 35.753935 ], [ 139.656819, 35.753373 ] ] ] } },
{ "type": "Feature", "properties": { "key": "練馬区|早宮3丁目", "ward": "練馬区", "town": "早宮３丁目" }, "geometry": { "type": "Polygon", "coordinates": [ [ [ 139.648284, 35.744684 ], [ 139.648259, 35.74481 ], [ 139.648187, 35.74499 ], [ 139.648286, 35.745298 ], [ 139.648416, 35.745575 ], [ 139.648497, 35.745748 ], [ 139.648694, 35.746185 ], [ 139.648773, 35.746346 ], [ 139.649072, 35.746926 ], [ 139.649308, 35.747384 ], [ 139.64954, 35.747847 ], [ 139.649674, 35.748137 ], [ 139.649748, 35.748314 ], [ 139.649857, 35.74855 ], [ 139.649964, 35.748717 ], [ 139.650161, 35.748964 ], [ 139.650252, 35.749061 ], [ 139.650341, 35.749121 ], [ 139.650657, 35.749337 ], [ 139.650789, 35.749439 ], [ 139.651007, 35.749589 ], [ 139.651382, 35.749849 ], [ 139.651699, 35.750123 ], [ 139.651915, 35.750319 ], [ 139.65204, 35.750435 ], [ 139.652189, 35.750566 ], [ 139.652274, 35.75062 ], [ 139.652432, 35.750719 ], [ 139.652756, 35.750944 ], [ 139.652807, 35.75098 ], [ 139.652941, 35.751087 ], [ 139.653108, 35.751209 ], [ 139.653356, 35.751397 ], [ 139.653505, 35.751514 ], [ 139.653842, 35.751695 ], [ 139.654178, 35.751865 ], [ 139.654845, 35.752241 ], [ 139.655083, 35.751892 ], [ 139.655144, 35.751715 ], [ 139.655213, 35.751381 ], [ 139.655256, 35.751191 ], [ 139.655424, 35.750447 ], [ 139.655432, 35.750384 ], [ 139.655496, 35.749878 ], [ 139.655604, 35.74926 ], [ 139.655623, 35.749141 ], [ 139.655639, 35.749039 ], [ 139.6557, 35.748638 ], [ 139.655282, 35.748372 ], [ 139.655115, 35.748254 ], [ 139.654992, 35.748135 ], [ 139.654886, 35.748035 ], [ 139.654715, 35.747853 ], [ 139.654648, 35.747751 ], [ 139.654483, 35.747525 ], [ 139.654265, 35.747221 ], [ 139.654179, 35.747083 ], [ 139.653911, 35.746738 ], [ 139.653831, 35.746617 ], [ 139.653649, 35.746375 ], [ 139.653359, 35.745974 ], [ 139.653269, 35.745817 ], [ 139.65317, 35.745681 ], [ 139.652989, 35.745523 ], [ 139.652839, 35.745438 ], [ 139.652722, 35.745394 ], [ 139.652521, 35.74536 ], [ 139.652201, 35.74532 ], [ 139.651842, 35.745255 ], [ 139.651494, 35.745213 ], [ 139.651481, 35.745211 ], [ 139.651471, 35.74521 ], [ 139.650613, 35.745073 ], [ 139.650138, 35.745001 ], [ 139.650094, 35.744994 ], [ 139.649846, 35.744955 ], [ 139.64942, 35.744891 ], [ 139.6492, 35.744859 ], [ 139.649019, 35.744833 ], [ 139.648753, 35.744791 ], [ 139.648536, 35.744746 ], [ 139.648284, 35.744684 ] ] ] } },
{ "type": "Feature", "properties": { "key": "練馬区|早宮4丁目", "ward": "練馬区", "town": "早宮４丁目" }, "geometry": { "type": "Polygon", "coordinates": [ [ [ 139.648187, 35.74499 ], [ 139.648161, 35.745069 ], [ 139.648102, 35.745383 ], [ 139.648069, 35.745575 ], [ 139.648, 35.746116 ], [ 139.647959, 35.746443 ], [ 139.647954, 35.746515 ], [ 139.647939, 35.746748 ], [ 139.647844, 35.747248 ], [ 139.647824, 35.747356 ], [ 139.647798, 35.747493 ], [ 139.647773, 35.747699 ], [ 139.647882, 35.747785 ], [ 139.647847, 35.748222 ], [ 139.647839, 35.748321 ], [ 139.647767, 35.748598 ], [ 139.647777, 35.748846 ], [ 139.647824, 35.748961 ], [ 139.64784, 35.748999 ], [ 139.647936, 35.749277 ], [ 139.647944, 35.749318 ], [ 139.648029, 35.749773 ], [ 139.648086, 35.750024 ], [ 139.648164, 35.750222 ], [ 139.648431, 35.750225 ], [ 139.648482, 35.750857 ], [ 139.648515, 35.751202 ], [ 139.648533, 35.751492 ], [ 139.648574, 35.751676 ], [ 139.648768, 35.752023 ], [ 139.648931, 35.752341 ], [ 139.649033, 35.752514 ], [ 139.649092, 35.752642 ], [ 139.649169, 35.752871 ], [ 139.649214, 35.753459 ], [ 139.649269, 35.753465 ], [ 139.649843, 35.753531 ], [ 139.649921, 35.753554 ], [ 139.649948, 35.753568 ], [ 139.649976, 35.753582 ], [ 139.650094, 35.753595 ], [ 139.650601, 35.753623 ], [ 139.650844, 35.753641 ], [ 139.650977, 35.75365 ], [ 139.651601, 35.753687 ], [ 139.651847, 35.753701 ], [ 139.652224, 35.753757 ], [ 139.6528, 35.753792 ], [ 139.653042, 35.753813 ], [ 139.653354, 35.753757 ], [ 139.653595, 35.753697 ], [ 139.653934, 35.753225 ], [ 139.654133, 35.752962 ], [ 139.65421, 35.752889 ], [ 139.654426, 35.752681 ], [ 139.654645, 35.75245 ], [ 139.654845, 35.752241 ], [ 139.654178, 35.751865 ], [ 139.653842, 35.751695 ], [ 139.653505, 35.751514 ], [ 139.653356, 35.751397 ], [ 139.653108, 35.751209 ], [ 139.652941, 35.751087 ], [ 139.652807, 35.75098 ], [ 139.652756, 35.750944 ], [ 139.652432, 35.750719 ], [ 139.652274, 35.75062 ], [ 139.652189, 35.750566 ], [ 139.65204, 35.750435 ], [ 139.651915, 35.750319 ], [ 139.651699, 35.750123 ], [ 139.651382, 35.749849 ], [ 139.651007, 35.749589 ], [ 139.650789, 35.749439 ], [ 139.650657, 35.749337 ], [ 139.650341, 35.749121 ], [ 139.650252, 35.749061 ], [ 139.650161, 35.748964 ], [ 139.649964, 35.748717 ], [ 139.649857, 35.74855 ], [ 139.649748, 35.748314 ], [ 139.649674, 35.748137 ], [ 139.64954, 35.747847 ], [ 139.649308, 35.747384 ], [ 139.649072, 35.746926 ], [ 139.648773, 35.746346 ], [ 139.648694, 35.746185 ], [ 139.648497, 35.745748 ], [ 139.648416, 35.745575 ], [ 139.648286, 35.745298 ], [ 139.648187, 35.74499 ] ] ] } },
{ "type": "Feature", "properties": { "key": "練馬区|春日町1丁目", "ward": "練馬区", "town": "春日町１丁目" }, "geometry": { "type": "Polygon", "coordinates": [ [ [ 139.649169, 35.752871 ], [ 139.649092, 35.752642 ], [ 139.649033, 35.752514 ], [ 139.648931, 35.752341 ], [ 139.648768, 35.752023 ], [ 139.648574, 35.751676 ], [ 139.648533, 35.751492 ], [ 139.648515, 35.751202 ], [ 139.648482, 35.750857 ], [ 139.648431, 35.750225 ], [ 139.648164, 35.750222 ], [ 139.648086, 35.750024 ], [ 139.648029, 35.749773 ], [ 139.647944, 35.749318 ], [ 139.647936, 35.749277 ], [ 139.64784, 35.748999 ], [ 139.647824, 35.748961 ], [ 139.647777, 35.748846 ], [ 139.647767, 35.748598 ], [ 139.647839, 35.748321 ], [ 139.647847, 35.748222 ], [ 139.647882, 35.747785 ], [ 139.647773, 35.747699 ], [ 139.647798, 35.747493 ], [ 139.647824, 35.747356 ], [ 139.647844, 35.747248 ], [ 139.647939, 35.746748 ], [ 139.647954, 35.746515 ], [ 139.647959, 35.746443 ], [ 139.648, 35.746116 ], [ 139.648069, 35.745575 ], [ 139.648102, 35.745383 ], [ 139.648161, 35.745069 ], [ 139.648187, 35.74499 ], [ 139.648259, 35.74481 ], [ 139.648284, 35.744684 ], [ 139.648268, 35.744664 ], [ 139.647471, 35.744364 ], [ 139.647141, 35.744157 ], [ 139.646727, 35.743923 ], [ 139.646561, 35.743888 ], [ 139.646166, 35.743937 ], [ 139.645827, 35.744018 ], [ 139.645565, 35.744096 ], [ 139.645313, 35.744228 ], [ 139.644877, 35.744506 ], [ 139.644126, 35.744991 ], [ 139.643789, 35.745163 ], [ 139.643508, 35.745278 ], [ 139.64262, 35.745597 ], [ 139.642496, 35.74563 ], [ 139.642273, 35.745631 ], [ 139.64205, 35.745577 ], [ 139.641805, 35.745479 ], [ 139.641704, 35.745476 ], [ 139.64138, 35.745515 ], [ 139.64128, 35.745545 ], [ 139.641099, 35.745631 ], [ 139.641017, 35.745839 ], [ 139.641011, 35.745988 ], [ 139.641034, 35.746034 ], [ 139.641129, 35.746212 ], [ 139.641252, 35.746428 ], [ 139.641337, 35.746543 ], [ 139.641361, 35.746562 ], [ 139.642634, 35.746916 ], [ 139.64267, 35.746925 ], [ 139.6432, 35.747073 ], [ 139.643349, 35.747112 ], [ 139.643538, 35.747161 ], [ 139.64363, 35.74722 ], [ 139.643997, 35.747375 ], [ 139.644445, 35.747322 ], [ 139.644654, 35.747763 ], [ 139.644734, 35.747911 ], [ 139.644701, 35.748191 ], [ 139.644625, 35.748208 ], [ 139.644631, 35.748813 ], [ 139.644633, 35.748962 ], [ 139.644592, 35.749224 ], [ 139.644599, 35.749281 ], [ 139.64457, 35.749431 ], [ 139.644589, 35.749711 ], [ 139.644594, 35.749996 ], [ 139.644594, 35.750023 ], [ 139.644612, 35.750202 ], [ 139.644615, 35.750399 ], [ 139.644588, 35.750537 ], [ 139.644529, 35.750758 ], [ 139.644415, 35.751199 ], [ 139.644381, 35.751453 ], [ 139.644276, 35.751919 ], [ 139.644178, 35.752222 ], [ 139.644177, 35.752312 ], [ 139.644139, 35.752725 ], [ 139.644131, 35.752887 ], [ 139.644207, 35.753254 ], [ 139.644727, 35.753327 ], [ 139.64505, 35.753308 ], [ 139.645464, 35.753297 ], [ 139.645989, 35.753287 ], [ 139.646397, 35.753279 ], [ 139.646779, 35.753338 ], [ 139.647142, 35.753357 ], [ 139.647796, 35.753394 ], [ 139.647911, 35.7534 ], [ 139.648535, 35.753432 ], [ 139.648864, 35.753444 ], [ 139.649214, 35.753459 ], [ 139.649169, 35.752871 ] ] ] } },
{ "type": "Feature", "properties": { "key": "練馬区|春日町2丁目", "ward": "練馬区", "town": "春日町２丁目" }, "geometry": { "type": "Polygon", "coordinates": [ [ [ 139.646397, 35.753279 ], [ 139.645989, 35.753287 ], [ 139.645464, 35.753297 ], [ 139.64505, 35.753308 ], [ 139.644727, 35.753327 ], [ 139.644207, 35.753254 ], [ 139.644159, 35.753512 ], [ 139.643822, 35.754356 ], [ 139.643763, 35.754505 ], [ 139.643671, 35.754665 ], [ 139.643619, 35.754792 ], [ 139.6436, 35.754895 ], [ 139.643631, 35.755031 ], [ 139.64357, 35.755051 ], [ 139.643493, 35.755303 ], [ 139.643244, 35.756206 ], [ 139.6439, 35.756288 ], [ 139.644629, 35.756378 ], [ 139.644921, 35.756436 ], [ 139.644768, 35.756779 ], [ 139.644563, 35.757224 ], [ 139.644476, 35.757469 ], [ 139.644405, 35.757519 ], [ 139.644235, 35.757878 ], [ 139.644173, 35.757958 ], [ 139.644097, 35.758022 ], [ 139.644006, 35.758168 ], [ 139.64394, 35.758299 ], [ 139.643917, 35.758486 ], [ 139.643998, 35.758583 ], [ 139.64441, 35.758626 ], [ 139.644679, 35.75868 ], [ 139.644837, 35.758723 ], [ 139.645322, 35.758734 ], [ 139.645339, 35.758735 ], [ 139.645537, 35.758748 ], [ 139.645861, 35.758791 ], [ 139.646121, 35.758832 ], [ 139.646298, 35.758892 ], [ 139.646411, 35.758962 ], [ 139.646427, 35.759183 ], [ 139.646448, 35.759243 ], [ 139.646498, 35.759289 ], [ 139.646696, 35.7593 ], [ 139.64722, 35.759381 ], [ 139.647469, 35.75942 ], [ 139.64756, 35.759488 ], [ 139.647645, 35.759575 ], [ 139.647772, 35.759558 ], [ 139.648222, 35.759491 ], [ 139.648453, 35.759456 ], [ 139.648707, 35.759423 ], [ 139.649048, 35.759392 ], [ 139.649365, 35.759392 ], [ 139.64927, 35.759226 ], [ 139.649124, 35.758582 ], [ 139.649101, 35.758472 ], [ 139.649033, 35.758121 ], [ 139.649025, 35.75798 ], [ 139.649021, 35.757601 ], [ 139.649018, 35.757287 ], [ 139.64904, 35.757045 ], [ 139.649054, 35.756899 ], [ 139.649065, 35.756778 ], [ 139.649086, 35.756715 ], [ 139.64909, 35.756702 ], [ 139.649248, 35.756226 ], [ 139.649336, 35.756034 ], [ 139.649433, 35.755604 ], [ 139.649572, 35.75499 ], [ 139.649673, 35.754543 ], [ 139.649802, 35.75403 ], [ 139.649948, 35.753568 ], [ 139.649921, 35.753554 ], [ 139.649843, 35.753531 ], [ 139.649269, 35.753465 ], [ 139.649214, 35.753459 ], [ 139.648864, 35.753444 ], [ 139.648535, 35.753432 ], [ 139.647911, 35.7534 ], [ 139.647796, 35.753394 ], [ 139.647142, 35.753357 ], [ 139.646779, 35.753338 ], [ 139.646397, 35.753279 ] ] ] } },
{ "type": "Feature", "properties": { "key": "練馬区|春日町3丁目", "ward": "練馬区", "town": "春日町３丁目" }, "geometry": { "type": "Polygon", "coordinates": [ [ [ 139.644445, 35.747322 ], [ 139.643997, 35.747375 ], [ 139.64363, 35.74722 ], [ 139.643538, 35.747161 ], [ 139.643349, 35.747112 ], [ 139.6432, 35.747073 ], [ 139.64267, 35.746925 ], [ 139.642634, 35.746916 ], [ 139.641361, 35.746562 ], [ 139.641381, 35.746603 ], [ 139.641392, 35.746742 ], [ 139.641319, 35.746907 ], [ 139.640873, 35.747441 ], [ 139.640854, 35.747464 ], [ 139.640798, 35.747523 ], [ 139.640571, 35.747721 ], [ 139.640529, 35.74777 ], [ 139.640315, 35.748129 ], [ 139.64024, 35.748275 ], [ 139.640283, 35.748389 ], [ 139.64048, 35.74868 ], [ 139.640554, 35.748803 ], [ 139.640554, 35.748891 ], [ 139.640516, 35.749162 ], [ 139.640496, 35.749251 ], [ 139.640434, 35.749392 ], [ 139.640358, 35.749563 ], [ 139.640139, 35.750023 ], [ 139.640131, 35.750039 ], [ 139.640093, 35.750119 ], [ 139.640024, 35.750263 ], [ 139.640016, 35.75028 ], [ 139.639941, 35.750438 ], [ 139.639839, 35.750651 ], [ 139.639694, 35.750955 ], [ 139.639605, 35.751139 ], [ 139.639959, 35.751329 ], [ 139.639908, 35.751472 ], [ 139.639354, 35.751653 ], [ 139.639299, 35.751767 ], [ 139.639949, 35.751981 ], [ 139.640441, 35.752142 ], [ 139.640466, 35.752149 ], [ 139.641025, 35.752318 ], [ 139.641287, 35.752353 ], [ 139.641612, 35.752394 ], [ 139.641808, 35.75246 ], [ 139.641829, 35.752467 ], [ 139.642173, 35.752497 ], [ 139.64238, 35.752571 ], [ 139.64259, 35.752646 ], [ 139.64277, 35.75271 ], [ 139.642836, 35.752733 ], [ 139.643183, 35.752958 ], [ 139.64347, 35.753111 ], [ 139.643757, 35.753294 ], [ 139.643835, 35.753336 ], [ 139.644159, 35.753512 ], [ 139.644207, 35.753254 ], [ 139.644131, 35.752887 ], [ 139.644139, 35.752725 ], [ 139.644177, 35.752312 ], [ 139.644178, 35.752222 ], [ 139.644276, 35.751919 ], [ 139.644381, 35.751453 ], [ 139.644415, 35.751199 ], [ 139.644529, 35.750758 ], [ 139.644588, 35.750537 ], [ 139.644615, 35.750399 ], [ 139.644612, 35.750202 ], [ 139.644594, 35.750023 ], [ 139.644594, 35.749996 ], [ 139.644589, 35.749711 ], [ 139.64457, 35.749431 ], [ 139.644599, 35.749281 ], [ 139.644592, 35.749224 ], [ 139.644633, 35.748962 ], [ 139.644631, 35.748813 ], [ 139.644625, 35.748208 ], [ 139.644701, 35.748191 ], [ 139.644734, 35.747911 ], [ 139.644654, 35.747763 ], [ 139.644445, 35.747322 ] ] ] } },
{ "type": "Feature", "properties": { "key": "練馬区|春日町4丁目", "ward": "練馬区", "town": "春日町４丁目" }, "geometry": { "type": "Polygon", "coordinates": [ [ [ 139.639299, 35.751767 ], [ 139.639061, 35.752234 ], [ 139.638768, 35.752743 ], [ 139.638674, 35.752921 ], [ 139.638351, 35.753539 ], [ 139.638147, 35.753964 ], [ 139.638003, 35.754262 ], [ 139.637869, 35.754485 ], [ 139.637695, 35.754726 ], [ 139.637584, 35.754882 ], [ 139.637385, 35.75514 ], [ 139.637116, 35.755487 ], [ 139.636826, 35.756348 ], [ 139.637806, 35.756566 ], [ 139.637816, 35.756568 ], [ 139.638081, 35.756627 ], [ 139.638377, 35.756693 ], [ 139.638542, 35.75673 ], [ 139.63972, 35.757016 ], [ 139.640028, 35.757091 ], [ 139.640694, 35.757234 ], [ 139.641049, 35.75731 ], [ 139.641068, 35.757357 ], [ 139.641044, 35.757464 ], [ 139.641071, 35.757496 ], [ 139.641459, 35.757592 ], [ 139.641572, 35.757623 ], [ 139.643169, 35.758063 ], [ 139.643692, 35.758208 ], [ 139.643885, 35.758261 ], [ 139.64394, 35.758299 ], [ 139.644006, 35.758168 ], [ 139.644097, 35.758022 ], [ 139.644173, 35.757958 ], [ 139.644235, 35.757878 ], [ 139.644405, 35.757519 ], [ 139.644476, 35.757469 ], [ 139.644563, 35.757224 ], [ 139.644768, 35.756779 ], [ 139.644921, 35.756436 ], [ 139.644629, 35.756378 ], [ 139.6439, 35.756288 ], [ 139.643244, 35.756206 ], [ 139.643493, 35.755303 ], [ 139.64357, 35.755051 ], [ 139.643631, 35.755031 ], [ 139.6436, 35.754895 ], [ 139.643619, 35.754792 ], [ 139.643671, 35.754665 ], [ 139.643763, 35.754505 ], [ 139.643822, 35.754356 ], [ 139.644159, 35.753512 ], [ 139.643835, 35.753336 ], [ 139.643757, 35.753294 ], [ 139.64347, 35.753111 ], [ 139.643183, 35.752958 ], [ 139.642836, 35.752733 ], [ 139.64277, 35.75271 ], [ 139.64259, 35.752646 ], [ 139.64238, 35.752571 ], [ 139.642173, 35.752497 ], [ 139.641829, 35.752467 ], [ 139.641808, 35.75246 ], [ 139.641612, 35.752394 ], [ 139.641287, 35.752353 ], [ 139.641025, 35.752318 ], [ 139.640466, 35.752149 ], [ 139.640441, 35.752142 ], [ 139.639949, 35.751981 ], [ 139.639299, 35.751767 ] ] ] } },
{ "type": "Feature", "properties": { "key": "練馬区|春日町5丁目", "ward": "練馬区", "town": "春日町５丁目" }, "geometry": { "type": "Polygon", "coordinates": [ [ [ 139.641099, 35.745631 ], [ 139.641007, 35.745662 ], [ 139.640809, 35.745639 ], [ 139.640527, 35.74557 ], [ 139.640103, 35.745461 ], [ 139.639584, 35.745344 ], [ 139.639015, 35.745188 ], [ 139.638664, 35.745096 ], [ 139.638154, 35.744973 ], [ 139.63812, 35.744965 ], [ 139.637552, 35.744829 ], [ 139.637112, 35.744757 ], [ 139.63695, 35.744754 ], [ 139.637118, 35.745278 ], [ 139.637198, 35.745527 ], [ 139.637457, 35.74576 ], [ 139.637304, 35.74582 ], [ 139.636995, 35.745975 ], [ 139.636904, 35.746033 ], [ 139.636705, 35.746162 ], [ 139.636674, 35.74654 ], [ 139.636636, 35.746993 ], [ 139.636641, 35.74719 ], [ 139.63657, 35.747451 ], [ 139.636544, 35.74763 ], [ 139.636503, 35.747944 ], [ 139.636423, 35.748548 ], [ 139.636394, 35.748846 ], [ 139.636366, 35.749136 ], [ 139.636323, 35.749582 ], [ 139.636265, 35.749954 ], [ 139.63628, 35.750036 ], [ 139.636129, 35.750208 ], [ 139.635785, 35.750324 ], [ 139.635438, 35.75044 ], [ 139.635336, 35.750463 ], [ 139.634923, 35.750773 ], [ 139.634794, 35.750897 ], [ 139.63524, 35.750941 ], [ 139.635518, 35.751022 ], [ 139.635866, 35.751123 ], [ 139.636016, 35.751179 ], [ 139.636164, 35.751212 ], [ 139.636831, 35.751265 ], [ 139.636939, 35.75128 ], [ 139.637182, 35.751328 ], [ 139.637583, 35.751403 ], [ 139.637618, 35.751409 ], [ 139.63785, 35.751446 ], [ 139.638391, 35.751541 ], [ 139.638721, 35.751583 ], [ 139.639299, 35.751767 ], [ 139.639354, 35.751653 ], [ 139.639908, 35.751472 ], [ 139.639959, 35.751329 ], [ 139.639605, 35.751139 ], [ 139.639694, 35.750955 ], [ 139.639839, 35.750651 ], [ 139.639941, 35.750438 ], [ 139.640016, 35.75028 ], [ 139.640024, 35.750263 ], [ 139.640093, 35.750119 ], [ 139.640131, 35.750039 ], [ 139.640139, 35.750023 ], [ 139.640358, 35.749563 ], [ 139.640434, 35.749392 ], [ 139.640496, 35.749251 ], [ 139.640516, 35.749162 ], [ 139.640554, 35.748891 ], [ 139.640554, 35.748803 ], [ 139.64048, 35.74868 ], [ 139.640283, 35.748389 ], [ 139.64024, 35.748275 ], [ 139.640315, 35.748129 ], [ 139.640529, 35.74777 ], [ 139.640571, 35.747721 ], [ 139.640798, 35.747523 ], [ 139.640854, 35.747464 ], [ 139.640873, 35.747441 ], [ 139.641319, 35.746907 ], [ 139.641392, 35.746742 ], [ 139.641381, 35.746603 ], [ 139.641361, 35.746562 ], [ 139.641337, 35.746543 ], [ 139.641252, 35.746428 ], [ 139.641129, 35.746212 ], [ 139.641034, 35.746034 ], [ 139.641011, 35.745988 ], [ 139.641017, 35.745839 ], [ 139.641099, 35.745631 ] ] ] } },
{ "type": "Feature", "properties": { "key": "練馬区|春日町6丁目", "ward": "練馬区", "town": "春日町６丁目" }, "geometry": { "type": "Polygon", "coordinates": [ [ [ 139.634748, 35.750893 ], [ 139.634447, 35.750921 ], [ 139.634184, 35.750959 ], [ 139.633434, 35.751008 ], [ 139.633388, 35.751011 ], [ 139.633137, 35.751053 ], [ 139.633153, 35.751769 ], [ 139.632912, 35.75187 ], [ 139.632832, 35.751903 ], [ 139.632528, 35.75203 ], [ 139.632526, 35.752034 ], [ 139.631898, 35.752366 ], [ 139.631843, 35.75239 ], [ 139.63171, 35.752449 ], [ 139.631694, 35.7528 ], [ 139.631604, 35.753359 ], [ 139.631558, 35.753551 ], [ 139.631486, 35.753874 ], [ 139.631588, 35.754041 ], [ 139.631905, 35.754554 ], [ 139.631929, 35.754555 ], [ 139.632538, 35.754583 ], [ 139.632691, 35.75459 ], [ 139.632978, 35.754597 ], [ 139.633781, 35.754617 ], [ 139.634156, 35.754656 ], [ 139.633974, 35.754949 ], [ 139.634262, 35.754986 ], [ 139.63519, 35.755105 ], [ 139.635268, 35.755119 ], [ 139.635742, 35.755201 ], [ 139.635755, 35.755203 ], [ 139.63583, 35.755216 ], [ 139.636133, 35.755285 ], [ 139.636546, 35.755374 ], [ 139.637116, 35.755487 ], [ 139.637385, 35.75514 ], [ 139.637584, 35.754882 ], [ 139.637695, 35.754726 ], [ 139.637869, 35.754485 ], [ 139.638003, 35.754262 ], [ 139.638147, 35.753964 ], [ 139.638351, 35.753539 ], [ 139.638674, 35.752921 ], [ 139.638768, 35.752743 ], [ 139.639061, 35.752234 ], [ 139.639299, 35.751767 ], [ 139.638721, 35.751583 ], [ 139.638391, 35.751541 ], [ 139.63785, 35.751446 ], [ 139.637618, 35.751409 ], [ 139.637583, 35.751403 ], [ 139.637182, 35.751328 ], [ 139.636939, 35.75128 ], [ 139.636831, 35.751265 ], [ 139.636164, 35.751212 ], [ 139.636016, 35.751179 ], [ 139.635866, 35.751123 ], [ 139.635518, 35.751022 ], [ 139.63524, 35.750941 ], [ 139.634794, 35.750897 ], [ 139.634748, 35.750893 ] ] ] } },
{ "type": "Feature", "properties": { "key": "練馬区|高松1丁目", "ward": "練馬区", "town": "高松１丁目" }, "geometry": { "type": "Polygon", "coordinates": [ [ [ 139.633057, 35.751048 ], [ 139.633137, 35.751053 ], [ 139.633388, 35.751011 ], [ 139.633434, 35.751008 ], [ 139.634184, 35.750959 ], [ 139.634447, 35.750921 ], [ 139.634748, 35.750893 ], [ 139.634794, 35.750897 ], [ 139.634923, 35.750773 ], [ 139.635336, 35.750463 ], [ 139.635438, 35.75044 ], [ 139.635785, 35.750324 ], [ 139.636129, 35.750208 ], [ 139.63628, 35.750036 ], [ 139.636265, 35.749954 ], [ 139.636323, 35.749582 ], [ 139.636366, 35.749136 ], [ 139.636394, 35.748846 ], [ 139.636423, 35.748548 ], [ 139.636503, 35.747944 ], [ 139.636544, 35.74763 ], [ 139.63657, 35.747451 ], [ 139.636641, 35.74719 ], [ 139.636636, 35.746993 ], [ 139.636674, 35.74654 ], [ 139.636705, 35.746162 ], [ 139.636904, 35.746033 ], [ 139.636995, 35.745975 ], [ 139.637304, 35.74582 ], [ 139.637457, 35.74576 ], [ 139.637198, 35.745527 ], [ 139.637118, 35.745278 ], [ 139.63695, 35.744754 ], [ 139.636509, 35.744815 ], [ 139.635907, 35.744936 ], [ 139.634896, 35.745187 ], [ 139.634346, 35.745324 ], [ 139.634021, 35.745372 ], [ 139.633819, 35.74536 ], [ 139.633555, 35.74531 ], [ 139.633231, 35.745228 ], [ 139.632777, 35.745484 ], [ 139.632464, 35.74569 ], [ 139.632159, 35.745936 ], [ 139.632054, 35.746019 ], [ 139.631885, 35.746135 ], [ 139.631866, 35.746151 ], [ 139.631902, 35.746332 ], [ 139.632143, 35.746543 ], [ 139.632401, 35.74684 ], [ 139.632888, 35.747433 ], [ 139.632923, 35.747477 ], [ 139.632978, 35.748145 ], [ 139.632991, 35.74819 ], [ 139.633028, 35.748704 ], [ 139.633053, 35.749019 ], [ 139.633033, 35.749093 ], [ 139.632939, 35.74927 ], [ 139.632857, 35.749384 ], [ 139.6328, 35.749448 ], [ 139.632634, 35.749626 ], [ 139.63242, 35.749879 ], [ 139.632173, 35.750247 ], [ 139.632018, 35.750532 ], [ 139.63191, 35.750803 ], [ 139.631862, 35.751092 ], [ 139.631884, 35.751091 ], [ 139.632272, 35.751077 ], [ 139.633003, 35.75105 ], [ 139.633057, 35.751048 ] ] ] } },
{ "type": "Feature", "properties": { "key": "練馬区|高松2丁目", "ward": "練馬区", "town": "高松２丁目" }, "geometry": { "type": "Polygon", "coordinates": [ [ [ 139.631638, 35.751089 ], [ 139.631862, 35.751092 ], [ 139.63191, 35.750803 ], [ 139.632018, 35.750532 ], [ 139.632173, 35.750247 ], [ 139.63242, 35.749879 ], [ 139.632634, 35.749626 ], [ 139.6328, 35.749448 ], [ 139.632857, 35.749384 ], [ 139.632939, 35.74927 ], [ 139.633033, 35.749093 ], [ 139.633053, 35.749019 ], [ 139.633028, 35.748704 ], [ 139.632991, 35.74819 ], [ 139.632978, 35.748145 ], [ 139.632923, 35.747477 ], [ 139.632888, 35.747433 ], [ 139.632401, 35.74684 ], [ 139.632143, 35.746543 ], [ 139.631902, 35.746332 ], [ 139.631866, 35.746151 ], [ 139.631885, 35.746135 ], [ 139.632054, 35.746019 ], [ 139.632159, 35.745936 ], [ 139.632464, 35.74569 ], [ 139.632777, 35.745484 ], [ 139.633231, 35.745228 ], [ 139.632941, 35.745143 ], [ 139.632543, 35.74506 ], [ 139.632288, 35.745034 ], [ 139.632114, 35.745049 ], [ 139.631005, 35.745061 ], [ 139.629883, 35.745107 ], [ 139.629868, 35.745239 ], [ 139.629835, 35.745437 ], [ 139.629775, 35.745571 ], [ 139.629685, 35.74572 ], [ 139.629578, 35.745846 ], [ 139.629493, 35.745975 ], [ 139.629427, 35.746158 ], [ 139.629309, 35.746789 ], [ 139.629014, 35.746908 ], [ 139.629012, 35.747414 ], [ 139.629037, 35.747606 ], [ 139.629099, 35.747951 ], [ 139.629134, 35.748185 ], [ 139.629134, 35.7483 ], [ 139.629111, 35.748466 ], [ 139.629119, 35.748721 ], [ 139.629156, 35.749253 ], [ 139.629132, 35.749363 ], [ 139.629036, 35.749591 ], [ 139.62891, 35.749826 ], [ 139.628844, 35.749942 ], [ 139.628814, 35.750039 ], [ 139.628811, 35.750324 ], [ 139.628814, 35.750516 ], [ 139.628805, 35.75131 ], [ 139.629035, 35.751299 ], [ 139.629809, 35.751214 ], [ 139.63039, 35.751151 ], [ 139.630418, 35.751149 ], [ 139.630896, 35.751106 ], [ 139.6311, 35.751093 ], [ 139.631638, 35.751089 ] ] ] } },
{ "type": "Feature", "properties": { "key": "練馬区|高松3丁目", "ward": "練馬区", "town": "高松３丁目" }, "geometry": { "type": "Polygon", "coordinates": [ [ [ 139.629883, 35.745107 ], [ 139.628495, 35.745142 ], [ 139.628346, 35.745136 ], [ 139.627864, 35.745109 ], [ 139.627473, 35.74529 ], [ 139.626516, 35.74575 ], [ 139.626425, 35.745798 ], [ 139.626106, 35.745928 ], [ 139.625948, 35.745966 ], [ 139.625623, 35.746003 ], [ 139.625691, 35.746378 ], [ 139.625748, 35.746675 ], [ 139.625768, 35.746872 ], [ 139.625765, 35.747076 ], [ 139.625752, 35.747181 ], [ 139.625702, 35.747681 ], [ 139.625689, 35.748161 ], [ 139.625676, 35.748492 ], [ 139.62567, 35.748649 ], [ 139.62525, 35.749118 ], [ 139.625064, 35.749379 ], [ 139.624839, 35.749647 ], [ 139.624718, 35.749765 ], [ 139.624302, 35.750189 ], [ 139.623989, 35.750565 ], [ 139.624012, 35.75057 ], [ 139.625, 35.750778 ], [ 139.625223, 35.750825 ], [ 139.625486, 35.750881 ], [ 139.626665, 35.751132 ], [ 139.627175, 35.751235 ], [ 139.627451, 35.751301 ], [ 139.627752, 35.751325 ], [ 139.62797, 35.751328 ], [ 139.628668, 35.751316 ], [ 139.628805, 35.75131 ], [ 139.628814, 35.750516 ], [ 139.628811, 35.750324 ], [ 139.628814, 35.750039 ], [ 139.628844, 35.749942 ], [ 139.62891, 35.749826 ], [ 139.629036, 35.749591 ], [ 139.629132, 35.749363 ], [ 139.629156, 35.749253 ], [ 139.629119, 35.748721 ], [ 139.629111, 35.748466 ], [ 139.629134, 35.7483 ], [ 139.629134, 35.748185 ], [ 139.629099, 35.747951 ], [ 139.629037, 35.747606 ], [ 139.629012, 35.747414 ], [ 139.629014, 35.746908 ], [ 139.629309, 35.746789 ], [ 139.629427, 35.746158 ], [ 139.629493, 35.745975 ], [ 139.629578, 35.745846 ], [ 139.629685, 35.74572 ], [ 139.629775, 35.745571 ], [ 139.629835, 35.745437 ], [ 139.629868, 35.745239 ], [ 139.629883, 35.745107 ] ] ] } },
{ "type": "Feature", "properties": { "key": "練馬区|高松4丁目", "ward": "練馬区", "town": "高松４丁目" }, "geometry": { "type": "Polygon", "coordinates": [ [ [ 139.630879, 35.753623 ], [ 139.631558, 35.753551 ], [ 139.631604, 35.753359 ], [ 139.631694, 35.7528 ], [ 139.63171, 35.752449 ], [ 139.631843, 35.75239 ], [ 139.631898, 35.752366 ], [ 139.632526, 35.752034 ], [ 139.632528, 35.75203 ], [ 139.632832, 35.751903 ], [ 139.632912, 35.75187 ], [ 139.633153, 35.751769 ], [ 139.633137, 35.751053 ], [ 139.633057, 35.751048 ], [ 139.633003, 35.75105 ], [ 139.632272, 35.751077 ], [ 139.631884, 35.751091 ], [ 139.631862, 35.751092 ], [ 139.631638, 35.751089 ], [ 139.6311, 35.751093 ], [ 139.630896, 35.751106 ], [ 139.630418, 35.751149 ], [ 139.63039, 35.751151 ], [ 139.629809, 35.751214 ], [ 139.629035, 35.751299 ], [ 139.628805, 35.75131 ], [ 139.628668, 35.751316 ], [ 139.62797, 35.751328 ], [ 139.627752, 35.751325 ], [ 139.627451, 35.751301 ], [ 139.627175, 35.751235 ], [ 139.626665, 35.751132 ], [ 139.625486, 35.750881 ], [ 139.625223, 35.750825 ], [ 139.625, 35.750778 ], [ 139.624012, 35.75057 ], [ 139.623989, 35.750565 ], [ 139.623999, 35.751015 ], [ 139.623998, 35.751019 ], [ 139.62395, 35.751012 ], [ 139.623748, 35.751004 ], [ 139.623473, 35.751009 ], [ 139.622984, 35.751014 ], [ 139.622983, 35.751364 ], [ 139.622981, 35.751641 ], [ 139.62299, 35.751692 ], [ 139.623025, 35.751898 ], [ 139.623294, 35.752141 ], [ 139.623415, 35.752246 ], [ 139.623884, 35.752652 ], [ 139.62414, 35.752873 ], [ 139.624335, 35.753249 ], [ 139.624622, 35.753609 ], [ 139.625172, 35.753613 ], [ 139.625567, 35.75362 ], [ 139.625647, 35.753619 ], [ 139.625944, 35.753616 ], [ 139.625995, 35.753615 ], [ 139.626504, 35.753631 ], [ 139.626713, 35.753643 ], [ 139.627053, 35.753643 ], [ 139.627188, 35.753637 ], [ 139.627417, 35.753635 ], [ 139.628073, 35.753654 ], [ 139.628357, 35.753655 ], [ 139.629133, 35.753659 ], [ 139.630018, 35.753675 ], [ 139.630128, 35.753677 ], [ 139.630646, 35.753655 ], [ 139.630879, 35.753623 ] ] ] } },
{ "type": "Feature", "properties": { "key": "練馬区|高松5丁目", "ward": "練馬区", "town": "高松５丁目" }, "geometry": { "type": "Polygon", "coordinates": [ [ [ 139.625311, 35.761694 ], [ 139.62531, 35.761 ], [ 139.624305, 35.761024 ], [ 139.623977, 35.761011 ], [ 139.623439, 35.760963 ], [ 139.623049, 35.760928 ], [ 139.622802, 35.760909 ], [ 139.622289, 35.760846 ], [ 139.621657, 35.760761 ], [ 139.621737, 35.760516 ], [ 139.621855, 35.760159 ], [ 139.621971, 35.759639 ], [ 139.62198, 35.759554 ], [ 139.621953, 35.75942 ], [ 139.621949, 35.758902 ], [ 139.621964, 35.758746 ], [ 139.621996, 35.758317 ], [ 139.622007, 35.75807 ], [ 139.622025, 35.757835 ], [ 139.622026, 35.757626 ], [ 139.622049, 35.757231 ], [ 139.622062, 35.756911 ], [ 139.622064, 35.756838 ], [ 139.622056, 35.756787 ], [ 139.622062, 35.75654 ], [ 139.622064, 35.756172 ], [ 139.622059, 35.755914 ], [ 139.62206, 35.755575 ], [ 139.622059, 35.755187 ], [ 139.622075, 35.754529 ], [ 139.622076, 35.754121 ], [ 139.622076, 35.754116 ], [ 139.62208, 35.753748 ], [ 139.622071, 35.753551 ], [ 139.622068, 35.753479 ], [ 139.622152, 35.753433 ], [ 139.622602, 35.753482 ], [ 139.623024, 35.75354 ], [ 139.623049, 35.753545 ], [ 139.623255, 35.753585 ], [ 139.623577, 35.75361 ], [ 139.624375, 35.753609 ], [ 139.624622, 35.753609 ], [ 139.624335, 35.753249 ], [ 139.62414, 35.752873 ], [ 139.623884, 35.752652 ], [ 139.623415, 35.752246 ], [ 139.623294, 35.752141 ], [ 139.623025, 35.751898 ], [ 139.62299, 35.751692 ], [ 139.622981, 35.751641 ], [ 139.622983, 35.751364 ], [ 139.622695, 35.751364 ], [ 139.622393, 35.751396 ], [ 139.622082, 35.751442 ], [ 139.622157, 35.751834 ], [ 139.621745, 35.751921 ], [ 139.621657, 35.751939 ], [ 139.621255, 35.752171 ], [ 139.620957, 35.752322 ], [ 139.621046, 35.752854 ], [ 139.620943, 35.752901 ], [ 139.620845, 35.752945 ], [ 139.620846, 35.752994 ], [ 139.620848, 35.753136 ], [ 139.62085, 35.753282 ], [ 139.620851, 35.753402 ], [ 139.620789, 35.753441 ], [ 139.620359, 35.753482 ], [ 139.620414, 35.753959 ], [ 139.620452, 35.754284 ], [ 139.620113, 35.754315 ], [ 139.620124, 35.754355 ], [ 139.620304, 35.755081 ], [ 139.620487, 35.75578 ], [ 139.620436, 35.755787 ], [ 139.620602, 35.756518 ], [ 139.620667, 35.756888 ], [ 139.620686, 35.75727 ], [ 139.62069, 35.75743 ], [ 139.620645, 35.758084 ], [ 139.620604, 35.758378 ], [ 139.620502, 35.758999 ], [ 139.620501, 35.759003 ], [ 139.620364, 35.759737 ], [ 139.620279, 35.760289 ], [ 139.620231, 35.760594 ], [ 139.620171, 35.760971 ], [ 139.62009, 35.761504 ], [ 139.620064, 35.761704 ], [ 139.620043, 35.761873 ], [ 139.620043, 35.761884 ], [ 139.620483, 35.761911 ], [ 139.621252, 35.762005 ], [ 139.621761, 35.761984 ], [ 139.62217, 35.76194 ], [ 139.622561, 35.761927 ], [ 139.623014, 35.761906 ], [ 139.623161, 35.761919 ], [ 139.623323, 35.761964 ], [ 139.623535, 35.76205 ], [ 139.623799, 35.762145 ], [ 139.623867, 35.762184 ], [ 139.624426, 35.762555 ], [ 139.624522, 35.763041 ], [ 139.624591, 35.763111 ], [ 139.624731, 35.763196 ], [ 139.625059, 35.763359 ], [ 139.625307, 35.763307 ], [ 139.625307, 35.763142 ], [ 139.625313, 35.762834 ], [ 139.625309, 35.762611 ], [ 139.625307, 35.762296 ], [ 139.625309, 35.762118 ], [ 139.625311, 35.761694 ] ] ] } },
{ "type": "Feature", "properties": { "key": "練馬区|高松6丁目", "ward": "練馬区", "town": "高松６丁目" }, "geometry": { "type": "Polygon", "coordinates": [ [ [ 139.619159, 35.761776 ], [ 139.619302, 35.761808 ], [ 139.61942, 35.761835 ], [ 139.619774, 35.761877 ], [ 139.620043, 35.761873 ], [ 139.620064, 35.761704 ], [ 139.62009, 35.761504 ], [ 139.620171, 35.760971 ], [ 139.620231, 35.760594 ], [ 139.620279, 35.760289 ], [ 139.620364, 35.759737 ], [ 139.620501, 35.759003 ], [ 139.620502, 35.758999 ], [ 139.620604, 35.758378 ], [ 139.620645, 35.758084 ], [ 139.62069, 35.75743 ], [ 139.620686, 35.75727 ], [ 139.620667, 35.756888 ], [ 139.620602, 35.756518 ], [ 139.620436, 35.755787 ], [ 139.61991, 35.755853 ], [ 139.619891, 35.755856 ], [ 139.619543, 35.755899 ], [ 139.619497, 35.755905 ], [ 139.619061, 35.755933 ], [ 139.618884, 35.755924 ], [ 139.618527, 35.75593 ], [ 139.618487, 35.755931 ], [ 139.618322, 35.755933 ], [ 139.618126, 35.756003 ], [ 139.618034, 35.75602 ], [ 139.61676, 35.756 ], [ 139.616341, 35.756035 ], [ 139.616055, 35.756049 ], [ 139.615823, 35.75606 ], [ 139.615472, 35.756078 ], [ 139.614952, 35.756113 ], [ 139.614568, 35.756139 ], [ 139.614623, 35.756514 ], [ 139.614713, 35.757123 ], [ 139.61476, 35.757437 ], [ 139.614766, 35.757471 ], [ 139.614871, 35.75809 ], [ 139.614451, 35.758118 ], [ 139.614091, 35.758142 ], [ 139.614097, 35.758525 ], [ 139.614066, 35.758732 ], [ 139.614075, 35.758972 ], [ 139.614257, 35.758977 ], [ 139.614448, 35.758972 ], [ 139.614884, 35.758967 ], [ 139.614946, 35.75907 ], [ 139.614993, 35.759191 ], [ 139.615098, 35.759435 ], [ 139.615175, 35.759596 ], [ 139.61527, 35.759837 ], [ 139.615572, 35.759745 ], [ 139.615775, 35.759698 ], [ 139.615803, 35.759689 ], [ 139.616257, 35.759552 ], [ 139.6164, 35.759519 ], [ 139.617031, 35.759482 ], [ 139.61728, 35.759456 ], [ 139.617352, 35.759395 ], [ 139.617539, 35.759341 ], [ 139.618165, 35.759208 ], [ 139.618177, 35.759205 ], [ 139.618243, 35.759375 ], [ 139.618308, 35.759667 ], [ 139.618314, 35.759871 ], [ 139.618323, 35.760087 ], [ 139.618247, 35.760316 ], [ 139.618167, 35.760649 ], [ 139.61812, 35.760989 ], [ 139.618049, 35.761533 ], [ 139.617919, 35.762041 ], [ 139.618303, 35.762002 ], [ 139.618476, 35.761977 ], [ 139.618763, 35.761912 ], [ 139.619159, 35.761776 ] ] ] } },
{ "type": "Feature", "properties": { "key": "練馬区|北町1丁目", "ward": "練馬区", "town": "北町１丁目" }, "geometry": { "type": "Polygon", "coordinates": [ [ [ 139.667222, 35.76758 ], [ 139.667322, 35.767597 ], [ 139.667557, 35.767503 ], [ 139.667791, 35.767428 ], [ 139.667917, 35.767376 ], [ 139.667981, 35.767366 ], [ 139.66826, 35.767347 ], [ 139.668585, 35.767352 ], [ 139.668883, 35.767342 ], [ 139.668932, 35.767245 ], [ 139.668969, 35.767171 ], [ 139.669031, 35.76703 ], [ 139.66905, 35.766981 ], [ 139.669162, 35.766724 ], [ 139.669182, 35.766654 ], [ 139.669184, 35.766647 ], [ 139.669199, 35.766584 ], [ 139.669235, 35.766453 ], [ 139.669295, 35.766238 ], [ 139.669325, 35.766072 ], [ 139.669332, 35.766033 ], [ 139.669336, 35.766013 ], [ 139.669376, 35.7658 ], [ 139.669393, 35.765789 ], [ 139.669412, 35.765778 ], [ 139.669416, 35.765773 ], [ 139.669464, 35.765709 ], [ 139.669599, 35.765495 ], [ 139.669596, 35.765478 ], [ 139.669625, 35.765431 ], [ 139.669634, 35.765416 ], [ 139.669743, 35.765233 ], [ 139.669854, 35.76505 ], [ 139.669862, 35.765031 ], [ 139.669956, 35.764796 ], [ 139.669979, 35.764741 ], [ 139.670098, 35.764438 ], [ 139.67011, 35.764383 ], [ 139.670181, 35.763969 ], [ 139.670238, 35.763773 ], [ 139.670372, 35.763313 ], [ 139.670383, 35.763276 ], [ 139.670452, 35.763036 ], [ 139.670518, 35.762809 ], [ 139.670546, 35.762712 ], [ 139.67068, 35.762249 ], [ 139.670464, 35.762303 ], [ 139.670066, 35.762422 ], [ 139.669701, 35.762521 ], [ 139.669615, 35.762544 ], [ 139.669434, 35.762593 ], [ 139.669389, 35.762605 ], [ 139.668919, 35.762729 ], [ 139.668636, 35.762804 ], [ 139.668404, 35.762867 ], [ 139.668165, 35.762932 ], [ 139.668116, 35.762946 ], [ 139.667397, 35.763153 ], [ 139.6673, 35.76318 ], [ 139.666899, 35.76329 ], [ 139.666238, 35.763478 ], [ 139.665891, 35.763577 ], [ 139.665565, 35.763669 ], [ 139.665536, 35.763677 ], [ 139.66471, 35.763912 ], [ 139.664695, 35.763916 ], [ 139.664381, 35.764009 ], [ 139.663503, 35.764269 ], [ 139.663558, 35.764557 ], [ 139.663619, 35.764879 ], [ 139.663662, 35.765103 ], [ 139.663735, 35.765487 ], [ 139.663757, 35.765603 ], [ 139.663763, 35.765635 ], [ 139.663814, 35.765982 ], [ 139.66383, 35.766251 ], [ 139.663837, 35.766325 ], [ 139.663934, 35.766478 ], [ 139.664038, 35.766657 ], [ 139.664048, 35.766675 ], [ 139.664121, 35.7668 ], [ 139.664228, 35.766967 ], [ 139.664067, 35.767062 ], [ 139.664026, 35.767079 ], [ 139.663896, 35.767129 ], [ 139.663835, 35.767184 ], [ 139.663941, 35.767344 ], [ 139.664143, 35.767303 ], [ 139.664193, 35.767425 ], [ 139.664254, 35.767538 ], [ 139.664343, 35.768029 ], [ 139.664356, 35.768144 ], [ 139.664482, 35.768139 ], [ 139.664733, 35.768106 ], [ 139.665019, 35.768059 ], [ 139.66533, 35.767988 ], [ 139.665774, 35.767902 ], [ 139.666232, 35.767797 ], [ 139.666726, 35.767691 ], [ 139.666896, 35.767657 ], [ 139.66711, 35.7676 ], [ 139.667222, 35.76758 ] ] ] } },
{ "type": "Feature", "properties": { "key": "練馬区|北町2丁目", "ward": "練馬区", "town": "北町２丁目" }, "geometry": { "type": "Polygon", "coordinates": [ [ [ 139.664143, 35.767303 ], [ 139.663941, 35.767344 ], [ 139.663835, 35.767184 ], [ 139.663896, 35.767129 ], [ 139.664026, 35.767079 ], [ 139.664067, 35.767062 ], [ 139.664228, 35.766967 ], [ 139.664121, 35.7668 ], [ 139.664048, 35.766675 ], [ 139.664038, 35.766657 ], [ 139.663934, 35.766478 ], [ 139.663837, 35.766325 ], [ 139.66383, 35.766251 ], [ 139.663814, 35.765982 ], [ 139.663763, 35.765635 ], [ 139.663757, 35.765603 ], [ 139.663735, 35.765487 ], [ 139.663662, 35.765103 ], [ 139.663619, 35.764879 ], [ 139.663558, 35.764557 ], [ 139.663503, 35.764269 ], [ 139.662736, 35.764475 ], [ 139.661772, 35.764734 ], [ 139.660779, 35.765002 ], [ 139.659938, 35.765232 ], [ 139.659765, 35.765279 ], [ 139.659141, 35.765451 ], [ 139.659038, 35.765479 ], [ 139.65833, 35.76568 ], [ 139.657006, 35.76603 ], [ 139.657558, 35.766819 ], [ 139.657759, 35.767093 ], [ 139.657798, 35.767139 ], [ 139.657979, 35.76747 ], [ 139.657684, 35.767563 ], [ 139.657335, 35.767688 ], [ 139.657124, 35.767748 ], [ 139.656972, 35.767795 ], [ 139.656468, 35.767909 ], [ 139.656075, 35.768012 ], [ 139.655905, 35.768049 ], [ 139.655755, 35.768081 ], [ 139.655572, 35.768112 ], [ 139.655562, 35.768127 ], [ 139.655799, 35.768439 ], [ 139.656127, 35.768594 ], [ 139.656303, 35.768687 ], [ 139.656352, 35.768713 ], [ 139.656367, 35.768751 ], [ 139.656382, 35.768998 ], [ 139.656386, 35.769133 ], [ 139.656392, 35.76915 ], [ 139.657353, 35.769082 ], [ 139.657416, 35.769081 ], [ 139.657726, 35.769014 ], [ 139.6578, 35.768988 ], [ 139.65783, 35.768973 ], [ 139.657991, 35.768922 ], [ 139.65817, 35.768899 ], [ 139.658611, 35.768871 ], [ 139.658906, 35.768858 ], [ 139.659186, 35.768846 ], [ 139.659513, 35.768813 ], [ 139.659697, 35.768801 ], [ 139.659944, 35.768784 ], [ 139.660197, 35.768767 ], [ 139.66023, 35.768765 ], [ 139.66076, 35.768727 ], [ 139.661016, 35.768715 ], [ 139.661293, 35.768702 ], [ 139.66135, 35.768699 ], [ 139.661459, 35.768588 ], [ 139.662126, 35.768513 ], [ 139.662306, 35.768476 ], [ 139.662613, 35.768397 ], [ 139.662897, 35.768327 ], [ 139.663172, 35.768275 ], [ 139.663212, 35.768267 ], [ 139.663816, 35.768196 ], [ 139.66425, 35.768171 ], [ 139.664356, 35.768144 ], [ 139.664343, 35.768029 ], [ 139.664254, 35.767538 ], [ 139.664193, 35.767425 ], [ 139.664143, 35.767303 ] ] ] } },
{ "type": "Feature", "properties": { "key": "練馬区|北町3丁目", "ward": "練馬区", "town": "北町３丁目" }, "geometry": { "type": "Polygon", "coordinates": [ [ [ 139.65638, 35.769133 ], [ 139.656386, 35.769133 ], [ 139.656382, 35.768998 ], [ 139.656367, 35.768751 ], [ 139.656352, 35.768713 ], [ 139.656303, 35.768687 ], [ 139.656127, 35.768594 ], [ 139.655799, 35.768439 ], [ 139.655562, 35.768127 ], [ 139.655572, 35.768112 ], [ 139.655755, 35.768081 ], [ 139.655905, 35.768049 ], [ 139.656075, 35.768012 ], [ 139.656468, 35.767909 ], [ 139.656972, 35.767795 ], [ 139.657124, 35.767748 ], [ 139.657335, 35.767688 ], [ 139.657684, 35.767563 ], [ 139.657979, 35.76747 ], [ 139.657798, 35.767139 ], [ 139.657759, 35.767093 ], [ 139.657558, 35.766819 ], [ 139.657006, 35.76603 ], [ 139.655915, 35.766327 ], [ 139.655874, 35.766338 ], [ 139.65494, 35.766599 ], [ 139.654901, 35.766601 ], [ 139.654467, 35.766724 ], [ 139.653766, 35.766908 ], [ 139.653511, 35.766974 ], [ 139.652182, 35.767314 ], [ 139.652156, 35.76732 ], [ 139.652014, 35.767357 ], [ 139.650997, 35.767608 ], [ 139.650975, 35.767611 ], [ 139.650613, 35.767718 ], [ 139.650537, 35.767736 ], [ 139.649749, 35.767935 ], [ 139.64972, 35.767947 ], [ 139.649295, 35.768057 ], [ 139.648413, 35.768282 ], [ 139.647827, 35.768439 ], [ 139.647792, 35.768448 ], [ 139.647708, 35.768471 ], [ 139.647396, 35.768556 ], [ 139.647454, 35.768665 ], [ 139.647593, 35.76869 ], [ 139.648089, 35.768738 ], [ 139.648103, 35.768735 ], [ 139.648235, 35.768721 ], [ 139.648329, 35.768741 ], [ 139.64866, 35.768767 ], [ 139.648731, 35.768775 ], [ 139.648947, 35.768802 ], [ 139.649231, 35.76884 ], [ 139.649417, 35.768876 ], [ 139.649583, 35.768908 ], [ 139.650119, 35.768988 ], [ 139.650302, 35.769001 ], [ 139.650323, 35.769003 ], [ 139.650624, 35.769027 ], [ 139.650999, 35.769014 ], [ 139.650996, 35.768958 ], [ 139.651131, 35.768951 ], [ 139.651132, 35.769009 ], [ 139.651397, 35.768991 ], [ 139.651645, 35.768982 ], [ 139.651885, 35.768953 ], [ 139.652147, 35.768935 ], [ 139.652133, 35.768759 ], [ 139.652204, 35.768753 ], [ 139.652456, 35.76873 ], [ 139.652572, 35.768717 ], [ 139.652746, 35.768942 ], [ 139.652856, 35.76901 ], [ 139.65303, 35.769067 ], [ 139.653619, 35.769104 ], [ 139.653893, 35.769187 ], [ 139.653974, 35.769186 ], [ 139.654264, 35.769158 ], [ 139.654373, 35.769171 ], [ 139.654395, 35.769266 ], [ 139.654708, 35.769249 ], [ 139.655281, 35.769209 ], [ 139.655443, 35.769199 ], [ 139.656083, 35.769164 ], [ 139.65638, 35.769133 ] ] ] } },
{ "type": "Feature", "properties": { "key": "練馬区|北町4丁目", "ward": "練馬区", "town": "北町４丁目" }, "geometry": { "type": "Polygon", "coordinates": [ [ [ 139.659038, 35.765479 ], [ 139.659141, 35.765451 ], [ 139.659765, 35.765279 ], [ 139.659938, 35.765232 ], [ 139.660779, 35.765002 ], [ 139.661772, 35.764734 ], [ 139.662736, 35.764475 ], [ 139.663503, 35.764269 ], [ 139.6635, 35.764252 ], [ 139.663319, 35.763279 ], [ 139.662035, 35.762667 ], [ 139.661473, 35.762395 ], [ 139.661198, 35.762262 ], [ 139.66092, 35.762128 ], [ 139.660618, 35.761982 ], [ 139.660383, 35.761869 ], [ 139.660224, 35.761792 ], [ 139.659754, 35.761565 ], [ 139.659058, 35.761229 ], [ 139.658602, 35.761009 ], [ 139.658391, 35.760907 ], [ 139.658047, 35.760741 ], [ 139.657461, 35.760457 ], [ 139.656933, 35.760958 ], [ 139.656435, 35.761398 ], [ 139.656151, 35.761666 ], [ 139.655923, 35.761857 ], [ 139.656062, 35.762028 ], [ 139.656323, 35.762314 ], [ 139.656331, 35.76264 ], [ 139.65636, 35.762989 ], [ 139.656417, 35.763469 ], [ 139.656444, 35.763759 ], [ 139.656401, 35.764 ], [ 139.656375, 35.764079 ], [ 139.656236, 35.764476 ], [ 139.656178, 35.76462 ], [ 139.656148, 35.764797 ], [ 139.656248, 35.764956 ], [ 139.656504, 35.765306 ], [ 139.656587, 35.765436 ], [ 139.656835, 35.76578 ], [ 139.657006, 35.76603 ], [ 139.65833, 35.76568 ], [ 139.659038, 35.765479 ] ] ] } },
{ "type": "Feature", "properties": { "key": "練馬区|北町5丁目", "ward": "練馬区", "town": "北町５丁目" }, "geometry": { "type": "Polygon", "coordinates": [ [ [ 139.655923, 35.761857 ], [ 139.655676, 35.762059 ], [ 139.655483, 35.762243 ], [ 139.655255, 35.76245 ], [ 139.654835, 35.762852 ], [ 139.654314, 35.763343 ], [ 139.653802, 35.763743 ], [ 139.653672, 35.763839 ], [ 139.653349, 35.764086 ], [ 139.653173, 35.764334 ], [ 139.653064, 35.764534 ], [ 139.652789, 35.765088 ], [ 139.652653, 35.765356 ], [ 139.652476, 35.765714 ], [ 139.652346, 35.766005 ], [ 139.652256, 35.76628 ], [ 139.652234, 35.766333 ], [ 139.652201, 35.766535 ], [ 139.652182, 35.767314 ], [ 139.653511, 35.766974 ], [ 139.653766, 35.766908 ], [ 139.654467, 35.766724 ], [ 139.654901, 35.766601 ], [ 139.65494, 35.766599 ], [ 139.655874, 35.766338 ], [ 139.655915, 35.766327 ], [ 139.657006, 35.76603 ], [ 139.656835, 35.76578 ], [ 139.656587, 35.765436 ], [ 139.656504, 35.765306 ], [ 139.656248, 35.764956 ], [ 139.656148, 35.764797 ], [ 139.656178, 35.76462 ], [ 139.656236, 35.764476 ], [ 139.656375, 35.764079 ], [ 139.656401, 35.764 ], [ 139.656444, 35.763759 ], [ 139.656417, 35.763469 ], [ 139.65636, 35.762989 ], [ 139.656331, 35.76264 ], [ 139.656323, 35.762314 ], [ 139.656062, 35.762028 ], [ 139.655923, 35.761857 ] ] ] } },
{ "type": "Feature", "properties": { "key": "練馬区|北町6丁目", "ward": "練馬区", "town": "北町６丁目" }, "geometry": { "type": "Polygon", "coordinates": [ [ [ 139.654498, 35.758979 ], [ 139.654062, 35.758747 ], [ 139.653175, 35.758246 ], [ 139.652671, 35.757987 ], [ 139.652203, 35.757745 ], [ 139.651587, 35.757429 ], [ 139.651574, 35.757422 ], [ 139.65058, 35.756911 ], [ 139.650528, 35.756885 ], [ 139.649956, 35.75659 ], [ 139.649821, 35.756521 ], [ 139.649248, 35.756226 ], [ 139.64909, 35.756702 ], [ 139.649086, 35.756715 ], [ 139.649065, 35.756778 ], [ 139.649054, 35.756899 ], [ 139.64904, 35.757045 ], [ 139.649018, 35.757287 ], [ 139.649021, 35.757601 ], [ 139.649025, 35.75798 ], [ 139.649033, 35.758121 ], [ 139.649101, 35.758472 ], [ 139.649124, 35.758582 ], [ 139.64927, 35.759226 ], [ 139.649365, 35.759392 ], [ 139.64945, 35.759406 ], [ 139.649515, 35.759409 ], [ 139.649758, 35.759431 ], [ 139.649992, 35.759407 ], [ 139.650248, 35.759392 ], [ 139.650586, 35.759341 ], [ 139.650797, 35.759335 ], [ 139.650942, 35.759373 ], [ 139.651132, 35.759506 ], [ 139.651312, 35.75967 ], [ 139.651713, 35.759841 ], [ 139.651761, 35.759861 ], [ 139.651892, 35.759917 ], [ 139.651899, 35.75992 ], [ 139.652141, 35.760019 ], [ 139.652524, 35.760184 ], [ 139.653502, 35.760599 ], [ 139.653945, 35.760788 ], [ 139.654944, 35.761207 ], [ 139.655077, 35.76128 ], [ 139.655137, 35.761307 ], [ 139.6556, 35.761487 ], [ 139.655923, 35.761857 ], [ 139.656151, 35.761666 ], [ 139.656435, 35.761398 ], [ 139.656933, 35.760958 ], [ 139.657461, 35.760457 ], [ 139.656811, 35.760151 ], [ 139.656743, 35.760118 ], [ 139.656284, 35.759893 ], [ 139.656181, 35.759842 ], [ 139.655817, 35.759669 ], [ 139.655235, 35.759346 ], [ 139.654498, 35.758979 ] ] ] } },
{ "type": "Feature", "properties": { "key": "練馬区|北町7丁目", "ward": "練馬区", "town": "北町７丁目" }, "geometry": { "type": "Polygon", "coordinates": [ [ [ 139.654314, 35.763343 ], [ 139.654835, 35.762852 ], [ 139.655255, 35.76245 ], [ 139.655483, 35.762243 ], [ 139.655676, 35.762059 ], [ 139.655923, 35.761857 ], [ 139.6556, 35.761487 ], [ 139.655137, 35.761307 ], [ 139.655077, 35.76128 ], [ 139.654944, 35.761207 ], [ 139.653945, 35.760788 ], [ 139.653502, 35.760599 ], [ 139.652524, 35.760184 ], [ 139.652141, 35.760019 ], [ 139.651899, 35.75992 ], [ 139.651892, 35.759917 ], [ 139.651761, 35.759861 ], [ 139.651713, 35.759841 ], [ 139.651312, 35.75967 ], [ 139.651132, 35.759506 ], [ 139.650942, 35.759373 ], [ 139.650797, 35.759335 ], [ 139.650586, 35.759341 ], [ 139.650248, 35.759392 ], [ 139.649992, 35.759407 ], [ 139.649758, 35.759431 ], [ 139.649515, 35.759409 ], [ 139.64945, 35.759406 ], [ 139.64947, 35.759693 ], [ 139.649487, 35.759748 ], [ 139.649497, 35.759778 ], [ 139.649597, 35.760108 ], [ 139.649593, 35.760155 ], [ 139.649554, 35.760588 ], [ 139.649594, 35.760861 ], [ 139.64961, 35.760936 ], [ 139.649596, 35.761003 ], [ 139.649484, 35.761459 ], [ 139.649479, 35.761512 ], [ 139.649398, 35.761866 ], [ 139.649394, 35.761908 ], [ 139.649358, 35.762281 ], [ 139.649291, 35.762452 ], [ 139.649228, 35.762526 ], [ 139.649139, 35.762598 ], [ 139.649011, 35.762708 ], [ 139.648975, 35.762766 ], [ 139.648871, 35.762904 ], [ 139.648778, 35.763116 ], [ 139.648742, 35.763258 ], [ 139.649129, 35.763384 ], [ 139.649408, 35.763455 ], [ 139.64979, 35.763556 ], [ 139.650066, 35.763636 ], [ 139.650334, 35.763652 ], [ 139.650762, 35.763604 ], [ 139.651211, 35.763561 ], [ 139.651401, 35.763559 ], [ 139.651579, 35.763585 ], [ 139.651939, 35.763655 ], [ 139.652199, 35.763748 ], [ 139.652357, 35.76384 ], [ 139.652538, 35.763968 ], [ 139.652676, 35.764086 ], [ 139.652924, 35.764354 ], [ 139.653064, 35.764534 ], [ 139.653173, 35.764334 ], [ 139.653349, 35.764086 ], [ 139.653672, 35.763839 ], [ 139.653802, 35.763743 ], [ 139.654314, 35.763343 ] ] ] } },
{ "type": "Feature", "properties": { "key": "練馬区|北町8丁目", "ward": "練馬区", "town": "北町８丁目" }, "geometry": { "type": "Polygon", "coordinates": [ [ [ 139.647383, 35.768517 ], [ 139.647396, 35.768556 ], [ 139.647708, 35.768471 ], [ 139.647792, 35.768448 ], [ 139.647827, 35.768439 ], [ 139.648413, 35.768282 ], [ 139.649295, 35.768057 ], [ 139.64972, 35.767947 ], [ 139.649749, 35.767935 ], [ 139.650537, 35.767736 ], [ 139.650613, 35.767718 ], [ 139.650975, 35.767611 ], [ 139.650997, 35.767608 ], [ 139.652014, 35.767357 ], [ 139.652156, 35.76732 ], [ 139.652182, 35.767314 ], [ 139.652201, 35.766535 ], [ 139.652234, 35.766333 ], [ 139.652256, 35.76628 ], [ 139.652346, 35.766005 ], [ 139.652476, 35.765714 ], [ 139.652653, 35.765356 ], [ 139.652789, 35.765088 ], [ 139.653064, 35.764534 ], [ 139.652924, 35.764354 ], [ 139.652676, 35.764086 ], [ 139.652538, 35.763968 ], [ 139.652357, 35.76384 ], [ 139.652199, 35.763748 ], [ 139.651939, 35.763655 ], [ 139.651579, 35.763585 ], [ 139.651401, 35.763559 ], [ 139.651211, 35.763561 ], [ 139.650762, 35.763604 ], [ 139.650334, 35.763652 ], [ 139.650066, 35.763636 ], [ 139.64979, 35.763556 ], [ 139.649408, 35.763455 ], [ 139.649129, 35.763384 ], [ 139.648742, 35.763258 ], [ 139.648694, 35.763503 ], [ 139.648693, 35.76364 ], [ 139.648758, 35.764012 ], [ 139.648747, 35.764166 ], [ 139.648722, 35.76434 ], [ 139.648704, 35.764588 ], [ 139.648604, 35.764874 ], [ 139.648575, 35.764934 ], [ 139.648494, 35.765099 ], [ 139.648383, 35.765361 ], [ 139.648333, 35.765454 ], [ 139.648305, 35.765488 ], [ 139.648098, 35.765738 ], [ 139.647885, 35.765961 ], [ 139.647737, 35.766095 ], [ 139.647716, 35.766113 ], [ 139.647454, 35.76649 ], [ 139.647332, 35.766627 ], [ 139.646983, 35.767013 ], [ 139.646782, 35.767223 ], [ 139.646616, 35.767375 ], [ 139.646456, 35.767566 ], [ 139.64618, 35.767865 ], [ 139.646123, 35.76794 ], [ 139.645851, 35.768362 ], [ 139.645769, 35.768487 ], [ 139.645625, 35.768794 ], [ 139.645564, 35.768944 ], [ 139.645549, 35.769077 ], [ 139.645818, 35.768961 ], [ 139.646025, 35.768883 ], [ 139.646219, 35.768816 ], [ 139.646545, 35.768734 ], [ 139.646877, 35.768647 ], [ 139.647122, 35.768584 ], [ 139.647383, 35.768517 ] ] ] } },
{ "type": "Feature", "properties": { "key": "練馬区|田柄1丁目", "ward": "練馬区", "town": "田柄１丁目" }, "geometry": { "type": "Polygon", "coordinates": [ [ [ 139.64945, 35.759406 ], [ 139.649365, 35.759392 ], [ 139.649048, 35.759392 ], [ 139.648707, 35.759423 ], [ 139.648453, 35.759456 ], [ 139.648222, 35.759491 ], [ 139.647772, 35.759558 ], [ 139.647645, 35.759575 ], [ 139.64756, 35.759488 ], [ 139.647469, 35.75942 ], [ 139.64722, 35.759381 ], [ 139.646696, 35.7593 ], [ 139.646498, 35.759289 ], [ 139.646448, 35.759243 ], [ 139.646427, 35.759183 ], [ 139.646411, 35.758962 ], [ 139.646298, 35.758892 ], [ 139.646121, 35.758832 ], [ 139.645861, 35.758791 ], [ 139.645537, 35.758748 ], [ 139.645339, 35.758735 ], [ 139.645322, 35.758734 ], [ 139.644837, 35.758723 ], [ 139.644679, 35.75868 ], [ 139.64441, 35.758626 ], [ 139.643998, 35.758583 ], [ 139.643917, 35.758486 ], [ 139.64394, 35.758299 ], [ 139.643885, 35.758261 ], [ 139.643692, 35.758208 ], [ 139.643169, 35.758063 ], [ 139.641572, 35.757623 ], [ 139.641695, 35.758003 ], [ 139.641904, 35.758468 ], [ 139.642007, 35.758699 ], [ 139.642096, 35.758825 ], [ 139.642269, 35.759549 ], [ 139.642343, 35.759839 ], [ 139.642366, 35.759981 ], [ 139.642311, 35.76015 ], [ 139.642126, 35.760848 ], [ 139.642009, 35.761333 ], [ 139.641885, 35.761913 ], [ 139.64235, 35.761975 ], [ 139.642612, 35.762012 ], [ 139.642999, 35.76206 ], [ 139.643431, 35.762124 ], [ 139.643686, 35.762162 ], [ 139.644312, 35.762249 ], [ 139.644925, 35.762336 ], [ 139.64513, 35.762365 ], [ 139.645517, 35.762413 ], [ 139.645703, 35.762447 ], [ 139.64585, 35.762475 ], [ 139.646043, 35.762511 ], [ 139.646469, 35.76261 ], [ 139.646802, 35.762681 ], [ 139.646878, 35.762703 ], [ 139.647078, 35.762762 ], [ 139.647197, 35.762792 ], [ 139.647289, 35.762819 ], [ 139.6477, 35.762931 ], [ 139.64829, 35.763116 ], [ 139.648742, 35.763258 ], [ 139.648778, 35.763116 ], [ 139.648871, 35.762904 ], [ 139.648975, 35.762766 ], [ 139.649011, 35.762708 ], [ 139.649139, 35.762598 ], [ 139.649228, 35.762526 ], [ 139.649291, 35.762452 ], [ 139.649358, 35.762281 ], [ 139.649394, 35.761908 ], [ 139.649398, 35.761866 ], [ 139.649479, 35.761512 ], [ 139.649484, 35.761459 ], [ 139.649596, 35.761003 ], [ 139.64961, 35.760936 ], [ 139.649594, 35.760861 ], [ 139.649554, 35.760588 ], [ 139.649593, 35.760155 ], [ 139.649597, 35.760108 ], [ 139.649497, 35.759778 ], [ 139.649487, 35.759748 ], [ 139.64947, 35.759693 ], [ 139.64945, 35.759406 ] ] ] } },
{ "type": "Feature", "properties": { "key": "練馬区|田柄2丁目", "ward": "練馬区", "town": "田柄２丁目" }, "geometry": { "type": "Polygon", "coordinates": [ [ [ 139.647454, 35.76649 ], [ 139.647716, 35.766113 ], [ 139.647737, 35.766095 ], [ 139.647885, 35.765961 ], [ 139.648098, 35.765738 ], [ 139.648305, 35.765488 ], [ 139.648333, 35.765454 ], [ 139.648383, 35.765361 ], [ 139.648494, 35.765099 ], [ 139.648575, 35.764934 ], [ 139.648604, 35.764874 ], [ 139.648704, 35.764588 ], [ 139.648722, 35.76434 ], [ 139.648747, 35.764166 ], [ 139.648758, 35.764012 ], [ 139.648693, 35.76364 ], [ 139.648694, 35.763503 ], [ 139.648742, 35.763258 ], [ 139.64829, 35.763116 ], [ 139.6477, 35.762931 ], [ 139.647289, 35.762819 ], [ 139.647197, 35.762792 ], [ 139.647078, 35.762762 ], [ 139.646878, 35.762703 ], [ 139.646802, 35.762681 ], [ 139.646469, 35.76261 ], [ 139.646043, 35.762511 ], [ 139.64585, 35.762475 ], [ 139.645703, 35.762447 ], [ 139.645517, 35.762413 ], [ 139.64513, 35.762365 ], [ 139.644925, 35.762336 ], [ 139.644312, 35.762249 ], [ 139.643686, 35.762162 ], [ 139.643431, 35.762124 ], [ 139.642999, 35.76206 ], [ 139.642793, 35.763118 ], [ 139.64263, 35.763884 ], [ 139.642624, 35.763957 ], [ 139.642644, 35.764097 ], [ 139.642638, 35.764528 ], [ 139.642597, 35.76483 ], [ 139.642518, 35.765106 ], [ 139.642485, 35.76522 ], [ 139.642358, 35.765779 ], [ 139.642301, 35.766011 ], [ 139.642175, 35.766516 ], [ 139.641792, 35.766481 ], [ 139.641647, 35.766755 ], [ 139.641706, 35.766771 ], [ 139.641412, 35.767443 ], [ 139.641411, 35.76746 ], [ 139.641411, 35.767473 ], [ 139.641018, 35.767478 ], [ 139.641014, 35.767567 ], [ 139.641003, 35.767727 ], [ 139.641003, 35.767885 ], [ 139.641, 35.76804 ], [ 139.640996, 35.768209 ], [ 139.640999, 35.768362 ], [ 139.640994, 35.768511 ], [ 139.640994, 35.768642 ], [ 139.640989, 35.768781 ], [ 139.641113, 35.768785 ], [ 139.641387, 35.769281 ], [ 139.641376, 35.769464 ], [ 139.641507, 35.769467 ], [ 139.64153, 35.769493 ], [ 139.64178, 35.769777 ], [ 139.641796, 35.769794 ], [ 139.642078, 35.770096 ], [ 139.642225, 35.770246 ], [ 139.642686, 35.770716 ], [ 139.643066, 35.770504 ], [ 139.643208, 35.770425 ], [ 139.643304, 35.77037 ], [ 139.643693, 35.770145 ], [ 139.643852, 35.770053 ], [ 139.644056, 35.769938 ], [ 139.644285, 35.769809 ], [ 139.644313, 35.769793 ], [ 139.64442, 35.769732 ], [ 139.644718, 35.769562 ], [ 139.644728, 35.769557 ], [ 139.644969, 35.769417 ], [ 139.645427, 35.769153 ], [ 139.645549, 35.769077 ], [ 139.645564, 35.768944 ], [ 139.645625, 35.768794 ], [ 139.645769, 35.768487 ], [ 139.645851, 35.768362 ], [ 139.646123, 35.76794 ], [ 139.64618, 35.767865 ], [ 139.646456, 35.767566 ], [ 139.646616, 35.767375 ], [ 139.646782, 35.767223 ], [ 139.646983, 35.767013 ], [ 139.647332, 35.766627 ], [ 139.647454, 35.76649 ] ] ] } },
{ "type": "Feature", "properties": { "key": "練馬区|田柄3丁目", "ward": "練馬区", "town": "田柄３丁目" }, "geometry": { "type": "Polygon", "coordinates": [ [ [ 139.64086, 35.761777 ], [ 139.641056, 35.761796 ], [ 139.641885, 35.761913 ], [ 139.642009, 35.761333 ], [ 139.642126, 35.760848 ], [ 139.642311, 35.76015 ], [ 139.642366, 35.759981 ], [ 139.642343, 35.759839 ], [ 139.642269, 35.759549 ], [ 139.642096, 35.758825 ], [ 139.642007, 35.758699 ], [ 139.641904, 35.758468 ], [ 139.641695, 35.758003 ], [ 139.641572, 35.757623 ], [ 139.641459, 35.757592 ], [ 139.641071, 35.757496 ], [ 139.641044, 35.757464 ], [ 139.641068, 35.757357 ], [ 139.641049, 35.75731 ], [ 139.640694, 35.757234 ], [ 139.640028, 35.757091 ], [ 139.63972, 35.757016 ], [ 139.638542, 35.75673 ], [ 139.638377, 35.756693 ], [ 139.638081, 35.756627 ], [ 139.637816, 35.756568 ], [ 139.637806, 35.756566 ], [ 139.636826, 35.756348 ], [ 139.636688, 35.756996 ], [ 139.636653, 35.757154 ], [ 139.636598, 35.757301 ], [ 139.636427, 35.757636 ], [ 139.636164, 35.758266 ], [ 139.636085, 35.758453 ], [ 139.635914, 35.758857 ], [ 139.635913, 35.758859 ], [ 139.635751, 35.75927 ], [ 139.635616, 35.759614 ], [ 139.635611, 35.760042 ], [ 139.635582, 35.760247 ], [ 139.635581, 35.76046 ], [ 139.635537, 35.760868 ], [ 139.635531, 35.76108 ], [ 139.635501, 35.762218 ], [ 139.635487, 35.762418 ], [ 139.635648, 35.762421 ], [ 139.635929, 35.762454 ], [ 139.63596, 35.762455 ], [ 139.636128, 35.762461 ], [ 139.636172, 35.762463 ], [ 139.636518, 35.762463 ], [ 139.636977, 35.762373 ], [ 139.63755, 35.762286 ], [ 139.637679, 35.762281 ], [ 139.637856, 35.762245 ], [ 139.638246, 35.762189 ], [ 139.638502, 35.762153 ], [ 139.638648, 35.76213 ], [ 139.638796, 35.762108 ], [ 139.63888, 35.76208 ], [ 139.638925, 35.762062 ], [ 139.639406, 35.761986 ], [ 139.639607, 35.761953 ], [ 139.640165, 35.76186 ], [ 139.640219, 35.761836 ], [ 139.640666, 35.761777 ], [ 139.64086, 35.761777 ] ] ] } },
{ "type": "Feature", "properties": { "key": "練馬区|田柄4丁目", "ward": "練馬区", "town": "田柄４丁目" }, "geometry": { "type": "Polygon", "coordinates": [ [ [ 139.636805, 35.767458 ], [ 139.636991, 35.76746 ], [ 139.638088, 35.767462 ], [ 139.638113, 35.767462 ], [ 139.638183, 35.767461 ], [ 139.638686, 35.767459 ], [ 139.639171, 35.767465 ], [ 139.63939, 35.767471 ], [ 139.640007, 35.767461 ], [ 139.640087, 35.767473 ], [ 139.640347, 35.767472 ], [ 139.641018, 35.767478 ], [ 139.641411, 35.767473 ], [ 139.641411, 35.76746 ], [ 139.641412, 35.767443 ], [ 139.641706, 35.766771 ], [ 139.641647, 35.766755 ], [ 139.641792, 35.766481 ], [ 139.642175, 35.766516 ], [ 139.642301, 35.766011 ], [ 139.642358, 35.765779 ], [ 139.642485, 35.76522 ], [ 139.642518, 35.765106 ], [ 139.642597, 35.76483 ], [ 139.642638, 35.764528 ], [ 139.642644, 35.764097 ], [ 139.642624, 35.763957 ], [ 139.64263, 35.763884 ], [ 139.642793, 35.763118 ], [ 139.642999, 35.76206 ], [ 139.642612, 35.762012 ], [ 139.64235, 35.761975 ], [ 139.641885, 35.761913 ], [ 139.641056, 35.761796 ], [ 139.64086, 35.761777 ], [ 139.640666, 35.761777 ], [ 139.640219, 35.761836 ], [ 139.640165, 35.76186 ], [ 139.639607, 35.761953 ], [ 139.639406, 35.761986 ], [ 139.638925, 35.762062 ], [ 139.63888, 35.76208 ], [ 139.638796, 35.762108 ], [ 139.638648, 35.76213 ], [ 139.638502, 35.762153 ], [ 139.638246, 35.762189 ], [ 139.637856, 35.762245 ], [ 139.637679, 35.762281 ], [ 139.63755, 35.762286 ], [ 139.636977, 35.762373 ], [ 139.636518, 35.762463 ], [ 139.636172, 35.762463 ], [ 139.636128, 35.762461 ], [ 139.63596, 35.762455 ], [ 139.635929, 35.762454 ], [ 139.635648, 35.762421 ], [ 139.635487, 35.762418 ], [ 139.635483, 35.762593 ], [ 139.63547, 35.762789 ], [ 139.635511, 35.762863 ], [ 139.635571, 35.763095 ], [ 139.635656, 35.763317 ], [ 139.635728, 35.763404 ], [ 139.636009, 35.763614 ], [ 139.636141, 35.763803 ], [ 139.636182, 35.763981 ], [ 139.636201, 35.764211 ], [ 139.636059, 35.764222 ], [ 139.635732, 35.764265 ], [ 139.635409, 35.764267 ], [ 139.63514, 35.764289 ], [ 139.635054, 35.764307 ], [ 139.63481, 35.764345 ], [ 139.634571, 35.76441 ], [ 139.634391, 35.764464 ], [ 139.634313, 35.764515 ], [ 139.634173, 35.764559 ], [ 139.634069, 35.764585 ], [ 139.633637, 35.764661 ], [ 139.633099, 35.764714 ], [ 139.632906, 35.764705 ], [ 139.632764, 35.764683 ], [ 139.632213, 35.764653 ], [ 139.63221, 35.764782 ], [ 139.632264, 35.765038 ], [ 139.632341, 35.765281 ], [ 139.632442, 35.765513 ], [ 139.632508, 35.765701 ], [ 139.632502, 35.765897 ], [ 139.632512, 35.766113 ], [ 139.632545, 35.766187 ], [ 139.632841, 35.766213 ], [ 139.633199, 35.76623 ], [ 139.633689, 35.766247 ], [ 139.634389, 35.766291 ], [ 139.634639, 35.766295 ], [ 139.635431, 35.766336 ], [ 139.635531, 35.766338 ], [ 139.635629, 35.76634 ], [ 139.635581, 35.766751 ], [ 139.635498, 35.767462 ], [ 139.636047, 35.767466 ], [ 139.636479, 35.767472 ], [ 139.636805, 35.767458 ] ] ] } },
{ "type": "Feature", "properties": { "key": "練馬区|田柄5丁目", "ward": "練馬区", "town": "田柄５丁目" }, "geometry": { "type": "Polygon", "coordinates": [ [ [ 139.631929, 35.754555 ], [ 139.632, 35.754669 ], [ 139.632037, 35.754849 ], [ 139.632052, 35.754929 ], [ 139.632103, 35.755203 ], [ 139.632158, 35.755589 ], [ 139.632176, 35.7557 ], [ 139.632293, 35.756377 ], [ 139.632328, 35.756621 ], [ 139.632338, 35.756684 ], [ 139.63236, 35.756822 ], [ 139.632308, 35.756983 ], [ 139.632136, 35.757539 ], [ 139.632105, 35.757612 ], [ 139.632076, 35.757679 ], [ 139.631918, 35.757896 ], [ 139.631774, 35.75823 ], [ 139.631736, 35.758398 ], [ 139.631696, 35.758646 ], [ 139.631681, 35.758825 ], [ 139.631646, 35.759028 ], [ 139.631663, 35.759266 ], [ 139.631667, 35.759679 ], [ 139.631654, 35.759858 ], [ 139.631659, 35.76023 ], [ 139.631658, 35.76027 ], [ 139.631669, 35.760451 ], [ 139.631799, 35.760655 ], [ 139.63205, 35.760784 ], [ 139.632147, 35.760808 ], [ 139.632222, 35.76082 ], [ 139.632709, 35.760836 ], [ 139.633002, 35.760837 ], [ 139.633238, 35.760839 ], [ 139.634359, 35.760848 ], [ 139.634688, 35.760856 ], [ 139.634912, 35.760861 ], [ 139.635537, 35.760868 ], [ 139.635581, 35.76046 ], [ 139.635582, 35.760247 ], [ 139.635611, 35.760042 ], [ 139.635616, 35.759614 ], [ 139.635751, 35.75927 ], [ 139.635913, 35.758859 ], [ 139.635914, 35.758857 ], [ 139.636085, 35.758453 ], [ 139.636164, 35.758266 ], [ 139.636427, 35.757636 ], [ 139.636598, 35.757301 ], [ 139.636653, 35.757154 ], [ 139.636688, 35.756996 ], [ 139.636826, 35.756348 ], [ 139.637116, 35.755487 ], [ 139.636546, 35.755374 ], [ 139.636133, 35.755285 ], [ 139.63583, 35.755216 ], [ 139.635755, 35.755203 ], [ 139.635742, 35.755201 ], [ 139.635268, 35.755119 ], [ 139.63519, 35.755105 ], [ 139.634262, 35.754986 ], [ 139.633974, 35.754949 ], [ 139.634156, 35.754656 ], [ 139.633781, 35.754617 ], [ 139.632978, 35.754597 ], [ 139.632691, 35.75459 ], [ 139.632538, 35.754583 ], [ 139.631929, 35.754555 ] ] ] } },
{ "type": "Feature", "properties": { "key": "練馬区|光が丘1丁目", "ward": "練馬区", "town": "光が丘１丁目" }, "geometry": { "type": "Polygon", "coordinates": [ [ [ 139.640994, 35.768642 ], [ 139.640994, 35.768511 ], [ 139.640999, 35.768362 ], [ 139.640996, 35.768209 ], [ 139.641, 35.76804 ], [ 139.641003, 35.767885 ], [ 139.641003, 35.767727 ], [ 139.641014, 35.767567 ], [ 139.641018, 35.767478 ], [ 139.640347, 35.767472 ], [ 139.640087, 35.767473 ], [ 139.640007, 35.767461 ], [ 139.63939, 35.767471 ], [ 139.639171, 35.767465 ], [ 139.638686, 35.767459 ], [ 139.638183, 35.767461 ], [ 139.638113, 35.767462 ], [ 139.638088, 35.767462 ], [ 139.636991, 35.76746 ], [ 139.636805, 35.767458 ], [ 139.636479, 35.767472 ], [ 139.636047, 35.767466 ], [ 139.635498, 35.767462 ], [ 139.63534, 35.76746 ], [ 139.635333, 35.767719 ], [ 139.635351, 35.768092 ], [ 139.635346, 35.768177 ], [ 139.635351, 35.768765 ], [ 139.635541, 35.768742 ], [ 139.636483, 35.768723 ], [ 139.636753, 35.768725 ], [ 139.6368, 35.768726 ], [ 139.63693, 35.768728 ], [ 139.63709, 35.76873 ], [ 139.637743, 35.768738 ], [ 139.637917, 35.768741 ], [ 139.638083, 35.768743 ], [ 139.638121, 35.768743 ], [ 139.639334, 35.768759 ], [ 139.639361, 35.76876 ], [ 139.639612, 35.768763 ], [ 139.640323, 35.768773 ], [ 139.640922, 35.76878 ], [ 139.640989, 35.768781 ], [ 139.640994, 35.768642 ] ] ] } },
{ "type": "Feature", "properties": { "key": "練馬区|光が丘2丁目", "ward": "練馬区", "town": "光が丘２丁目" }, "geometry": { "type": "Polygon", "coordinates": [ [ [ 139.635487, 35.762418 ], [ 139.635501, 35.762218 ], [ 139.635531, 35.76108 ], [ 139.635537, 35.760868 ], [ 139.634912, 35.760861 ], [ 139.634688, 35.760856 ], [ 139.634359, 35.760848 ], [ 139.633238, 35.760839 ], [ 139.633002, 35.760837 ], [ 139.632709, 35.760836 ], [ 139.632222, 35.76082 ], [ 139.632147, 35.760808 ], [ 139.63205, 35.760784 ], [ 139.631799, 35.760655 ], [ 139.631669, 35.760451 ], [ 139.631658, 35.76027 ], [ 139.631659, 35.76023 ], [ 139.631654, 35.759858 ], [ 139.631667, 35.759679 ], [ 139.631663, 35.759266 ], [ 139.631646, 35.759028 ], [ 139.631681, 35.758825 ], [ 139.631438, 35.758822 ], [ 139.630991, 35.758817 ], [ 139.63084, 35.758828 ], [ 139.630173, 35.758812 ], [ 139.630154, 35.758768 ], [ 139.629494, 35.758752 ], [ 139.628991, 35.758753 ], [ 139.628961, 35.75964 ], [ 139.628964, 35.759815 ], [ 139.628966, 35.75998 ], [ 139.628969, 35.760168 ], [ 139.628967, 35.760432 ], [ 139.628964, 35.760732 ], [ 139.628964, 35.760814 ], [ 139.628962, 35.761036 ], [ 139.628959, 35.761222 ], [ 139.628955, 35.761424 ], [ 139.628952, 35.761606 ], [ 139.62895, 35.762523 ], [ 139.629383, 35.762521 ], [ 139.630073, 35.762531 ], [ 139.630408, 35.762576 ], [ 139.630575, 35.762635 ], [ 139.630843, 35.762853 ], [ 139.631076, 35.763038 ], [ 139.631323, 35.763266 ], [ 139.631488, 35.763407 ], [ 139.631796, 35.763656 ], [ 139.63195, 35.76377 ], [ 139.632113, 35.763909 ], [ 139.632283, 35.76403 ], [ 139.632631, 35.764332 ], [ 139.632782, 35.76444 ], [ 139.633099, 35.764714 ], [ 139.633637, 35.764661 ], [ 139.634069, 35.764585 ], [ 139.634173, 35.764559 ], [ 139.634313, 35.764515 ], [ 139.634391, 35.764464 ], [ 139.634571, 35.76441 ], [ 139.63481, 35.764345 ], [ 139.635054, 35.764307 ], [ 139.63514, 35.764289 ], [ 139.635409, 35.764267 ], [ 139.635732, 35.764265 ], [ 139.636059, 35.764222 ], [ 139.636201, 35.764211 ], [ 139.636182, 35.763981 ], [ 139.636141, 35.763803 ], [ 139.636009, 35.763614 ], [ 139.635728, 35.763404 ], [ 139.635656, 35.763317 ], [ 139.635571, 35.763095 ], [ 139.635511, 35.762863 ], [ 139.63547, 35.762789 ], [ 139.635483, 35.762593 ], [ 139.635487, 35.762418 ] ] ] } },
{ "type": "Feature", "properties": { "key": "練馬区|光が丘3丁目", "ward": "練馬区", "town": "光が丘３丁目" }, "geometry": { "type": "Polygon", "coordinates": [ [ [ 139.630991, 35.758817 ], [ 139.631438, 35.758822 ], [ 139.631681, 35.758825 ], [ 139.631696, 35.758646 ], [ 139.631736, 35.758398 ], [ 139.631774, 35.75823 ], [ 139.631918, 35.757896 ], [ 139.632076, 35.757679 ], [ 139.632105, 35.757612 ], [ 139.632136, 35.757539 ], [ 139.632308, 35.756983 ], [ 139.63236, 35.756822 ], [ 139.632338, 35.756684 ], [ 139.632328, 35.756621 ], [ 139.632293, 35.756377 ], [ 139.632176, 35.7557 ], [ 139.632158, 35.755589 ], [ 139.632103, 35.755203 ], [ 139.632052, 35.754929 ], [ 139.632037, 35.754849 ], [ 139.632, 35.754669 ], [ 139.631929, 35.754555 ], [ 139.631905, 35.754554 ], [ 139.631588, 35.754041 ], [ 139.631486, 35.753874 ], [ 139.631558, 35.753551 ], [ 139.630879, 35.753623 ], [ 139.630646, 35.753655 ], [ 139.630128, 35.753677 ], [ 139.630018, 35.753675 ], [ 139.629133, 35.753659 ], [ 139.628357, 35.753655 ], [ 139.628073, 35.753654 ], [ 139.627417, 35.753635 ], [ 139.627188, 35.753637 ], [ 139.627053, 35.753643 ], [ 139.626713, 35.753643 ], [ 139.626504, 35.753631 ], [ 139.626515, 35.753849 ], [ 139.626511, 35.754235 ], [ 139.626509, 35.754666 ], [ 139.626508, 35.754966 ], [ 139.626508, 35.754984 ], [ 139.626505, 35.755087 ], [ 139.626491, 35.75526 ], [ 139.62649, 35.755447 ], [ 139.626487, 35.755633 ], [ 139.626489, 35.755821 ], [ 139.626488, 35.755938 ], [ 139.626488, 35.755954 ], [ 139.626488, 35.756097 ], [ 139.626485, 35.756236 ], [ 139.626473, 35.756443 ], [ 139.62645, 35.756649 ], [ 139.626394, 35.756809 ], [ 139.626292, 35.756954 ], [ 139.626226, 35.757004 ], [ 139.626076, 35.757082 ], [ 139.625968, 35.757158 ], [ 139.625529, 35.757379 ], [ 139.625463, 35.757433 ], [ 139.625319, 35.757641 ], [ 139.625302, 35.757675 ], [ 139.625266, 35.75781 ], [ 139.625252, 35.757897 ], [ 139.625249, 35.757988 ], [ 139.625256, 35.758108 ], [ 139.625253, 35.758136 ], [ 139.625248, 35.758292 ], [ 139.625248, 35.75872 ], [ 139.625348, 35.758721 ], [ 139.625707, 35.758716 ], [ 139.626282, 35.758728 ], [ 139.62686, 35.758727 ], [ 139.627445, 35.75873 ], [ 139.62815, 35.758736 ], [ 139.628714, 35.758753 ], [ 139.628991, 35.758753 ], [ 139.629494, 35.758752 ], [ 139.630154, 35.758768 ], [ 139.630173, 35.758812 ], [ 139.63084, 35.758828 ], [ 139.630991, 35.758817 ] ] ] } },
{ "type": "Feature", "properties": { "key": "練馬区|光が丘4丁目", "ward": "練馬区", "town": "光が丘４丁目" }, "geometry": { "type": "Polygon", "coordinates": [ [ [ 139.632506, 35.770105 ], [ 139.633518, 35.770106 ], [ 139.633515, 35.769951 ], [ 139.634433, 35.769899 ], [ 139.634458, 35.769897 ], [ 139.634509, 35.768868 ], [ 139.635351, 35.768765 ], [ 139.635346, 35.768177 ], [ 139.635351, 35.768092 ], [ 139.635333, 35.767719 ], [ 139.63534, 35.76746 ], [ 139.635498, 35.767462 ], [ 139.635581, 35.766751 ], [ 139.635629, 35.76634 ], [ 139.635531, 35.766338 ], [ 139.635431, 35.766336 ], [ 139.634639, 35.766295 ], [ 139.634389, 35.766291 ], [ 139.633689, 35.766247 ], [ 139.633199, 35.76623 ], [ 139.632841, 35.766213 ], [ 139.632545, 35.766187 ], [ 139.632512, 35.766113 ], [ 139.632502, 35.765897 ], [ 139.632508, 35.765701 ], [ 139.632442, 35.765513 ], [ 139.632341, 35.765281 ], [ 139.632264, 35.765038 ], [ 139.63221, 35.764782 ], [ 139.632213, 35.764653 ], [ 139.632764, 35.764683 ], [ 139.632906, 35.764705 ], [ 139.633099, 35.764714 ], [ 139.632782, 35.76444 ], [ 139.632631, 35.764332 ], [ 139.632283, 35.76403 ], [ 139.632113, 35.763909 ], [ 139.63195, 35.76377 ], [ 139.631796, 35.763656 ], [ 139.631488, 35.763407 ], [ 139.631323, 35.763266 ], [ 139.631076, 35.763038 ], [ 139.630843, 35.762853 ], [ 139.630575, 35.762635 ], [ 139.630408, 35.762576 ], [ 139.630073, 35.762531 ], [ 139.629383, 35.762521 ], [ 139.62895, 35.762523 ], [ 139.628571, 35.762515 ], [ 139.628188, 35.762524 ], [ 139.627994, 35.762553 ], [ 139.627782, 35.762652 ], [ 139.627475, 35.762857 ], [ 139.627349, 35.762936 ], [ 139.626796, 35.763306 ], [ 139.626258, 35.763692 ], [ 139.626091, 35.763821 ], [ 139.625757, 35.764052 ], [ 139.625614, 35.764145 ], [ 139.625375, 35.764321 ], [ 139.625379, 35.764549 ], [ 139.625304, 35.764556 ], [ 139.625189, 35.764622 ], [ 139.625192, 35.765078 ], [ 139.625207, 35.765137 ], [ 139.625191, 35.765373 ], [ 139.625194, 35.765756 ], [ 139.625176, 35.76627 ], [ 139.625159, 35.76681 ], [ 139.625157, 35.767145 ], [ 139.625133, 35.767473 ], [ 139.625146, 35.767947 ], [ 139.625158, 35.768162 ], [ 139.625232, 35.76848 ], [ 139.625371, 35.768848 ], [ 139.625452, 35.769008 ], [ 139.62556, 35.76923 ], [ 139.625886, 35.769697 ], [ 139.626032, 35.769826 ], [ 139.626358, 35.769995 ], [ 139.6265, 35.770043 ], [ 139.62682, 35.770074 ], [ 139.628162, 35.770081 ], [ 139.628768, 35.770092 ], [ 139.629488, 35.770089 ], [ 139.630998, 35.770105 ], [ 139.63135, 35.770099 ], [ 139.632506, 35.770105 ] ] ] } },
{ "type": "Feature", "properties": { "key": "練馬区|光が丘5丁目", "ward": "練馬区", "town": "光が丘５丁目" }, "geometry": { "type": "Polygon", "coordinates": [ [ [ 139.628571, 35.762515 ], [ 139.62895, 35.762523 ], [ 139.628952, 35.761606 ], [ 139.628955, 35.761424 ], [ 139.628959, 35.761222 ], [ 139.628962, 35.761036 ], [ 139.628964, 35.760814 ], [ 139.628964, 35.760732 ], [ 139.628967, 35.760432 ], [ 139.628969, 35.760168 ], [ 139.628966, 35.75998 ], [ 139.628964, 35.759815 ], [ 139.628961, 35.75964 ], [ 139.628991, 35.758753 ], [ 139.628714, 35.758753 ], [ 139.62815, 35.758736 ], [ 139.627445, 35.75873 ], [ 139.62686, 35.758727 ], [ 139.626282, 35.758728 ], [ 139.625707, 35.758716 ], [ 139.625348, 35.758721 ], [ 139.625334, 35.759051 ], [ 139.625334, 35.759096 ], [ 139.625337, 35.759141 ], [ 139.625334, 35.759549 ], [ 139.625324, 35.759812 ], [ 139.625331, 35.759991 ], [ 139.625331, 35.760013 ], [ 139.625337, 35.760089 ], [ 139.625338, 35.760259 ], [ 139.625338, 35.760384 ], [ 139.625335, 35.76075 ], [ 139.62531, 35.761 ], [ 139.625311, 35.761694 ], [ 139.625309, 35.762118 ], [ 139.625307, 35.762296 ], [ 139.625309, 35.762611 ], [ 139.625313, 35.762834 ], [ 139.625307, 35.763142 ], [ 139.625307, 35.763307 ], [ 139.625304, 35.763487 ], [ 139.625307, 35.763668 ], [ 139.625307, 35.76384 ], [ 139.625287, 35.764289 ], [ 139.625375, 35.764321 ], [ 139.625614, 35.764145 ], [ 139.625757, 35.764052 ], [ 139.626091, 35.763821 ], [ 139.626258, 35.763692 ], [ 139.626796, 35.763306 ], [ 139.627349, 35.762936 ], [ 139.627475, 35.762857 ], [ 139.627782, 35.762652 ], [ 139.627994, 35.762553 ], [ 139.628188, 35.762524 ], [ 139.628571, 35.762515 ] ] ] } },
{ "type": "Feature", "properties": { "key": "練馬区|光が丘6丁目", "ward": "練馬区", "town": "光が丘６丁目" }, "geometry": { "type": "Polygon", "coordinates": [ [ [ 139.625118, 35.758712 ], [ 139.624397, 35.758693 ], [ 139.624118, 35.758711 ], [ 139.623758, 35.758697 ], [ 139.623446, 35.758709 ], [ 139.623109, 35.758687 ], [ 139.622788, 35.758686 ], [ 139.622643, 35.758669 ], [ 139.622372, 35.758691 ], [ 139.621964, 35.758746 ], [ 139.621949, 35.758902 ], [ 139.621953, 35.75942 ], [ 139.62198, 35.759554 ], [ 139.621971, 35.759639 ], [ 139.621855, 35.760159 ], [ 139.621737, 35.760516 ], [ 139.621657, 35.760761 ], [ 139.622289, 35.760846 ], [ 139.622802, 35.760909 ], [ 139.623049, 35.760928 ], [ 139.623439, 35.760963 ], [ 139.623977, 35.761011 ], [ 139.624305, 35.761024 ], [ 139.62531, 35.761 ], [ 139.625335, 35.76075 ], [ 139.625338, 35.760384 ], [ 139.625338, 35.760259 ], [ 139.625337, 35.760089 ], [ 139.625331, 35.760013 ], [ 139.625331, 35.759991 ], [ 139.625324, 35.759812 ], [ 139.625334, 35.759549 ], [ 139.625337, 35.759141 ], [ 139.625334, 35.759096 ], [ 139.625334, 35.759051 ], [ 139.625348, 35.758721 ], [ 139.625248, 35.75872 ], [ 139.625118, 35.758712 ] ] ] } },
{ "type": "Feature", "properties": { "key": "練馬区|光が丘7丁目", "ward": "練馬区", "town": "光が丘７丁目" }, "geometry": { "type": "Polygon", "coordinates": [ [ [ 139.622643, 35.758669 ], [ 139.622788, 35.758686 ], [ 139.623109, 35.758687 ], [ 139.623446, 35.758709 ], [ 139.623758, 35.758697 ], [ 139.624118, 35.758711 ], [ 139.624397, 35.758693 ], [ 139.625118, 35.758712 ], [ 139.625248, 35.75872 ], [ 139.625248, 35.758292 ], [ 139.625253, 35.758136 ], [ 139.625256, 35.758108 ], [ 139.625249, 35.757988 ], [ 139.625252, 35.757897 ], [ 139.625266, 35.75781 ], [ 139.625302, 35.757675 ], [ 139.625319, 35.757641 ], [ 139.625463, 35.757433 ], [ 139.625529, 35.757379 ], [ 139.625968, 35.757158 ], [ 139.626076, 35.757082 ], [ 139.626226, 35.757004 ], [ 139.626292, 35.756954 ], [ 139.626394, 35.756809 ], [ 139.62645, 35.756649 ], [ 139.626473, 35.756443 ], [ 139.626485, 35.756236 ], [ 139.626488, 35.756097 ], [ 139.626488, 35.755954 ], [ 139.626488, 35.755938 ], [ 139.626489, 35.755821 ], [ 139.626487, 35.755633 ], [ 139.62649, 35.755447 ], [ 139.626491, 35.75526 ], [ 139.626505, 35.755087 ], [ 139.626508, 35.754984 ], [ 139.626508, 35.754966 ], [ 139.626509, 35.754666 ], [ 139.626511, 35.754235 ], [ 139.626515, 35.753849 ], [ 139.626504, 35.753631 ], [ 139.625995, 35.753615 ], [ 139.625944, 35.753616 ], [ 139.625647, 35.753619 ], [ 139.625567, 35.75362 ], [ 139.625172, 35.753613 ], [ 139.624622, 35.753609 ], [ 139.624375, 35.753609 ], [ 139.623577, 35.75361 ], [ 139.623255, 35.753585 ], [ 139.623049, 35.753545 ], [ 139.623024, 35.75354 ], [ 139.622602, 35.753482 ], [ 139.622152, 35.753433 ], [ 139.622068, 35.753479 ], [ 139.622071, 35.753551 ], [ 139.62208, 35.753748 ], [ 139.622076, 35.754116 ], [ 139.622076, 35.754121 ], [ 139.622075, 35.754529 ], [ 139.622059, 35.755187 ], [ 139.62206, 35.755575 ], [ 139.622059, 35.755914 ], [ 139.622064, 35.756172 ], [ 139.622062, 35.75654 ], [ 139.622056, 35.756787 ], [ 139.622064, 35.756838 ], [ 139.622062, 35.756911 ], [ 139.622049, 35.757231 ], [ 139.622026, 35.757626 ], [ 139.622025, 35.757835 ], [ 139.622007, 35.75807 ], [ 139.621996, 35.758317 ], [ 139.621964, 35.758746 ], [ 139.622372, 35.758691 ], [ 139.622643, 35.758669 ] ] ] } },
{ "type": "Feature", "properties": { "key": "練馬区|旭町1丁目", "ward": "練馬区", "town": "旭町１丁目" }, "geometry": { "type": "Polygon", "coordinates": [ [ [ 139.625176, 35.76627 ], [ 139.625194, 35.765756 ], [ 139.625191, 35.765373 ], [ 139.625207, 35.765137 ], [ 139.625192, 35.765078 ], [ 139.625189, 35.764622 ], [ 139.625304, 35.764556 ], [ 139.625379, 35.764549 ], [ 139.625375, 35.764321 ], [ 139.625287, 35.764289 ], [ 139.625307, 35.76384 ], [ 139.625307, 35.763668 ], [ 139.625304, 35.763487 ], [ 139.625307, 35.763307 ], [ 139.625059, 35.763359 ], [ 139.624731, 35.763196 ], [ 139.624591, 35.763111 ], [ 139.624522, 35.763041 ], [ 139.624426, 35.762555 ], [ 139.623867, 35.762184 ], [ 139.623799, 35.762145 ], [ 139.623535, 35.76205 ], [ 139.623323, 35.761964 ], [ 139.623161, 35.761919 ], [ 139.623014, 35.761906 ], [ 139.622561, 35.761927 ], [ 139.62217, 35.76194 ], [ 139.621761, 35.761984 ], [ 139.621252, 35.762005 ], [ 139.620483, 35.761911 ], [ 139.620043, 35.761884 ], [ 139.620045, 35.76215 ], [ 139.619965, 35.762711 ], [ 139.619886, 35.763229 ], [ 139.619854, 35.763408 ], [ 139.619823, 35.763572 ], [ 139.61972, 35.764243 ], [ 139.619636, 35.764708 ], [ 139.619603, 35.764913 ], [ 139.619552, 35.765311 ], [ 139.619547, 35.765713 ], [ 139.619637, 35.766398 ], [ 139.619684, 35.7667 ], [ 139.619747, 35.766673 ], [ 139.620102, 35.766681 ], [ 139.620353, 35.766677 ], [ 139.620599, 35.766674 ], [ 139.620978, 35.766685 ], [ 139.62129, 35.766689 ], [ 139.621658, 35.766686 ], [ 139.621963, 35.766693 ], [ 139.622123, 35.76669 ], [ 139.622432, 35.766685 ], [ 139.622716, 35.766685 ], [ 139.622868, 35.766677 ], [ 139.623189, 35.766675 ], [ 139.623562, 35.766677 ], [ 139.623673, 35.766682 ], [ 139.624209, 35.76672 ], [ 139.624352, 35.766726 ], [ 139.624756, 35.766777 ], [ 139.625159, 35.76681 ], [ 139.625176, 35.76627 ] ] ] } },
{ "type": "Feature", "properties": { "key": "練馬区|旭町2丁目", "ward": "練馬区", "town": "旭町２丁目" }, "geometry": { "type": "Polygon", "coordinates": [ [ [ 139.626679, 35.773354 ], [ 139.626762, 35.773355 ], [ 139.626948, 35.773413 ], [ 139.627213, 35.773513 ], [ 139.627984, 35.773444 ], [ 139.628137, 35.773438 ], [ 139.628384, 35.773443 ], [ 139.628881, 35.773462 ], [ 139.629049, 35.773473 ], [ 139.629075, 35.773473 ], [ 139.629346, 35.773481 ], [ 139.629202, 35.771892 ], [ 139.629252, 35.771896 ], [ 139.629614, 35.771923 ], [ 139.62968, 35.771928 ], [ 139.629861, 35.772129 ], [ 139.630148, 35.772447 ], [ 139.631118, 35.771889 ], [ 139.631476, 35.771687 ], [ 139.631539, 35.771651 ], [ 139.631556, 35.771641 ], [ 139.632347, 35.771193 ], [ 139.632354, 35.771189 ], [ 139.632617, 35.771014 ], [ 139.63275, 35.770934 ], [ 139.633173, 35.770703 ], [ 139.633357, 35.770628 ], [ 139.633547, 35.7706 ], [ 139.633545, 35.770568 ], [ 139.633522, 35.770306 ], [ 139.633518, 35.770106 ], [ 139.632506, 35.770105 ], [ 139.63135, 35.770099 ], [ 139.630998, 35.770105 ], [ 139.629488, 35.770089 ], [ 139.628768, 35.770092 ], [ 139.628162, 35.770081 ], [ 139.62682, 35.770074 ], [ 139.6265, 35.770043 ], [ 139.626358, 35.769995 ], [ 139.626032, 35.769826 ], [ 139.625886, 35.769697 ], [ 139.62556, 35.76923 ], [ 139.625452, 35.769008 ], [ 139.625371, 35.768848 ], [ 139.625232, 35.76848 ], [ 139.625158, 35.768162 ], [ 139.625146, 35.767947 ], [ 139.625133, 35.767473 ], [ 139.625157, 35.767145 ], [ 139.625159, 35.76681 ], [ 139.624756, 35.766777 ], [ 139.624352, 35.766726 ], [ 139.624209, 35.76672 ], [ 139.623673, 35.766682 ], [ 139.623562, 35.766677 ], [ 139.623189, 35.766675 ], [ 139.623234, 35.76728 ], [ 139.623298, 35.767704 ], [ 139.62332, 35.76803 ], [ 139.623399, 35.768327 ], [ 139.623433, 35.768567 ], [ 139.623482, 35.768725 ], [ 139.623616, 35.769157 ], [ 139.623666, 35.769294 ], [ 139.623674, 35.769314 ], [ 139.623782, 35.76957 ], [ 139.623879, 35.769856 ], [ 139.623991, 35.770199 ], [ 139.624084, 35.770584 ], [ 139.624089, 35.770604 ], [ 139.624128, 35.770748 ], [ 139.624196, 35.771049 ], [ 139.624213, 35.771194 ], [ 139.624272, 35.771545 ], [ 139.624325, 35.771823 ], [ 139.624394, 35.771954 ], [ 139.624753, 35.772438 ], [ 139.625006, 35.772325 ], [ 139.62532, 35.772688 ], [ 139.62533, 35.772771 ], [ 139.625113, 35.773 ], [ 139.625093, 35.773005 ], [ 139.625014, 35.772982 ], [ 139.624754, 35.77317 ], [ 139.624595, 35.773307 ], [ 139.624488, 35.773283 ], [ 139.624195, 35.77338 ], [ 139.624265, 35.773682 ], [ 139.624242, 35.773795 ], [ 139.624319, 35.773966 ], [ 139.624692, 35.773869 ], [ 139.625359, 35.773695 ], [ 139.625369, 35.773692 ], [ 139.626001, 35.773533 ], [ 139.626315, 35.773459 ], [ 139.626409, 35.773422 ], [ 139.626637, 35.773369 ], [ 139.626679, 35.773354 ] ] ] } },
{ "type": "Feature", "properties": { "key": "練馬区|旭町3丁目", "ward": "練馬区", "town": "旭町３丁目" }, "geometry": { "type": "Polygon", "coordinates": [ [ [ 139.629144, 35.776968 ], [ 139.629161, 35.77704 ], [ 139.629322, 35.777012 ], [ 139.629345, 35.777076 ], [ 139.629575, 35.776997 ], [ 139.629537, 35.776946 ], [ 139.629476, 35.776667 ], [ 139.629468, 35.776624 ], [ 139.629452, 35.776514 ], [ 139.629449, 35.776249 ], [ 139.629462, 35.776062 ], [ 139.629464, 35.776033 ], [ 139.629467, 35.775579 ], [ 139.629466, 35.775415 ], [ 139.629451, 35.775323 ], [ 139.629381, 35.775162 ], [ 139.629253, 35.774938 ], [ 139.629183, 35.774803 ], [ 139.629101, 35.774652 ], [ 139.629081, 35.774459 ], [ 139.629081, 35.774451 ], [ 139.629328, 35.774289 ], [ 139.629395, 35.774185 ], [ 139.629402, 35.774116 ], [ 139.629347, 35.773493 ], [ 139.629346, 35.773481 ], [ 139.629075, 35.773473 ], [ 139.629049, 35.773473 ], [ 139.628881, 35.773462 ], [ 139.628384, 35.773443 ], [ 139.628137, 35.773438 ], [ 139.627984, 35.773444 ], [ 139.627213, 35.773513 ], [ 139.626948, 35.773413 ], [ 139.626762, 35.773355 ], [ 139.626679, 35.773354 ], [ 139.626637, 35.773369 ], [ 139.626409, 35.773422 ], [ 139.626315, 35.773459 ], [ 139.626001, 35.773533 ], [ 139.625369, 35.773692 ], [ 139.625359, 35.773695 ], [ 139.624692, 35.773869 ], [ 139.624319, 35.773966 ], [ 139.624004, 35.774062 ], [ 139.624034, 35.774365 ], [ 139.624079, 35.774632 ], [ 139.624221, 35.775022 ], [ 139.62425, 35.77508 ], [ 139.624269, 35.77518 ], [ 139.624168, 35.775365 ], [ 139.624176, 35.775511 ], [ 139.624302, 35.775786 ], [ 139.624311, 35.775837 ], [ 139.624293, 35.775895 ], [ 139.624231, 35.776247 ], [ 139.624261, 35.776473 ], [ 139.624358, 35.776744 ], [ 139.62438, 35.776844 ], [ 139.624352, 35.777211 ], [ 139.624357, 35.777302 ], [ 139.624355, 35.777688 ], [ 139.624326, 35.778025 ], [ 139.624329, 35.778313 ], [ 139.624419, 35.778502 ], [ 139.624556, 35.778799 ], [ 139.624592, 35.779167 ], [ 139.624537, 35.779608 ], [ 139.624505, 35.779956 ], [ 139.624644, 35.779949 ], [ 139.624677, 35.779928 ], [ 139.625098, 35.779668 ], [ 139.625397, 35.779484 ], [ 139.625581, 35.779372 ], [ 139.625676, 35.779313 ], [ 139.625576, 35.778784 ], [ 139.625331, 35.778229 ], [ 139.625291, 35.778088 ], [ 139.625282, 35.777838 ], [ 139.62528, 35.77779 ], [ 139.62533, 35.777785 ], [ 139.626269, 35.777691 ], [ 139.626313, 35.777687 ], [ 139.626556, 35.777662 ], [ 139.626683, 35.777648 ], [ 139.627083, 35.777603 ], [ 139.62758, 35.777547 ], [ 139.627619, 35.777543 ], [ 139.627638, 35.777541 ], [ 139.627824, 35.777521 ], [ 139.627851, 35.777519 ], [ 139.627893, 35.777514 ], [ 139.628221, 35.777468 ], [ 139.628634, 35.777388 ], [ 139.628658, 35.77735 ], [ 139.628689, 35.777321 ], [ 139.628576, 35.777104 ], [ 139.628783, 35.777044 ], [ 139.628915, 35.777016 ], [ 139.629144, 35.776968 ] ] ] } },
{ "type": "Feature", "properties": { "key": "練馬区|土支田1丁目", "ward": "練馬区", "town": "土支田１丁目" }, "geometry": { "type": "Polygon", "coordinates": [ [ [ 139.620043, 35.761884 ], [ 139.620043, 35.761873 ], [ 139.619774, 35.761877 ], [ 139.61942, 35.761835 ], [ 139.619302, 35.761808 ], [ 139.619159, 35.761776 ], [ 139.618763, 35.761912 ], [ 139.618476, 35.761977 ], [ 139.618303, 35.762002 ], [ 139.617919, 35.762041 ], [ 139.618049, 35.761533 ], [ 139.61812, 35.760989 ], [ 139.618167, 35.760649 ], [ 139.618247, 35.760316 ], [ 139.618323, 35.760087 ], [ 139.618314, 35.759871 ], [ 139.618308, 35.759667 ], [ 139.618243, 35.759375 ], [ 139.618177, 35.759205 ], [ 139.618165, 35.759208 ], [ 139.617539, 35.759341 ], [ 139.617352, 35.759395 ], [ 139.61728, 35.759456 ], [ 139.617031, 35.759482 ], [ 139.6164, 35.759519 ], [ 139.616458, 35.759718 ], [ 139.616482, 35.760073 ], [ 139.616484, 35.760596 ], [ 139.616469, 35.760728 ], [ 139.616412, 35.760965 ], [ 139.616341, 35.761239 ], [ 139.61631, 35.76155 ], [ 139.616273, 35.761865 ], [ 139.616242, 35.762096 ], [ 139.616193, 35.762387 ], [ 139.616129, 35.76263 ], [ 139.616024, 35.762944 ], [ 139.615913, 35.763224 ], [ 139.615775, 35.763511 ], [ 139.615664, 35.763813 ], [ 139.615501, 35.763969 ], [ 139.615094, 35.764404 ], [ 139.614835, 35.764664 ], [ 139.614628, 35.764862 ], [ 139.614557, 35.764931 ], [ 139.614432, 35.765065 ], [ 139.614172, 35.765331 ], [ 139.614056, 35.765475 ], [ 139.61443, 35.76564 ], [ 139.614698, 35.765749 ], [ 139.614847, 35.765799 ], [ 139.615376, 35.765978 ], [ 139.61544, 35.766 ], [ 139.616188, 35.766272 ], [ 139.616367, 35.766329 ], [ 139.616394, 35.766338 ], [ 139.616405, 35.766341 ], [ 139.616673, 35.766419 ], [ 139.616946, 35.766504 ], [ 139.617218, 35.766538 ], [ 139.617591, 35.76659 ], [ 139.617679, 35.766606 ], [ 139.617914, 35.76665 ], [ 139.618399, 35.76668 ], [ 139.618952, 35.766705 ], [ 139.619558, 35.766713 ], [ 139.619684, 35.7667 ], [ 139.619637, 35.766398 ], [ 139.619547, 35.765713 ], [ 139.619552, 35.765311 ], [ 139.619603, 35.764913 ], [ 139.619636, 35.764708 ], [ 139.61972, 35.764243 ], [ 139.619823, 35.763572 ], [ 139.619854, 35.763408 ], [ 139.619886, 35.763229 ], [ 139.619965, 35.762711 ], [ 139.620045, 35.76215 ], [ 139.620043, 35.761884 ] ] ] } },
{ "type": "Feature", "properties": { "key": "練馬区|土支田2丁目", "ward": "練馬区", "town": "土支田２丁目" }, "geometry": { "type": "Polygon", "coordinates": [ [ [ 139.616129, 35.76263 ], [ 139.616193, 35.762387 ], [ 139.616242, 35.762096 ], [ 139.616273, 35.761865 ], [ 139.61631, 35.76155 ], [ 139.616341, 35.761239 ], [ 139.616412, 35.760965 ], [ 139.616469, 35.760728 ], [ 139.616484, 35.760596 ], [ 139.616482, 35.760073 ], [ 139.616458, 35.759718 ], [ 139.6164, 35.759519 ], [ 139.616257, 35.759552 ], [ 139.615803, 35.759689 ], [ 139.615775, 35.759698 ], [ 139.615572, 35.759745 ], [ 139.61527, 35.759837 ], [ 139.615175, 35.759596 ], [ 139.615098, 35.759435 ], [ 139.614993, 35.759191 ], [ 139.614946, 35.75907 ], [ 139.614884, 35.758967 ], [ 139.614448, 35.758972 ], [ 139.614257, 35.758977 ], [ 139.614075, 35.758972 ], [ 139.614066, 35.758732 ], [ 139.614097, 35.758525 ], [ 139.613487, 35.758545 ], [ 139.613127, 35.758276 ], [ 139.612805, 35.758071 ], [ 139.612641, 35.757954 ], [ 139.612521, 35.757862 ], [ 139.612457, 35.757821 ], [ 139.612303, 35.757813 ], [ 139.611798, 35.757823 ], [ 139.611313, 35.757842 ], [ 139.611262, 35.757871 ], [ 139.611381, 35.758472 ], [ 139.611399, 35.758543 ], [ 139.611502, 35.75897 ], [ 139.611525, 35.759076 ], [ 139.611563, 35.759223 ], [ 139.611649, 35.759547 ], [ 139.611777, 35.759873 ], [ 139.611959, 35.760191 ], [ 139.612068, 35.760361 ], [ 139.612208, 35.760587 ], [ 139.612335, 35.76076 ], [ 139.612439, 35.760876 ], [ 139.612494, 35.760925 ], [ 139.612131, 35.761148 ], [ 139.612387, 35.761454 ], [ 139.612494, 35.761583 ], [ 139.612244, 35.761676 ], [ 139.612179, 35.761701 ], [ 139.612097, 35.761732 ], [ 139.612056, 35.761747 ], [ 139.611969, 35.76178 ], [ 139.611833, 35.761833 ], [ 139.611738, 35.761886 ], [ 139.611637, 35.761947 ], [ 139.611607, 35.761993 ], [ 139.611691, 35.762113 ], [ 139.611851, 35.762341 ], [ 139.611574, 35.762445 ], [ 139.611524, 35.762464 ], [ 139.61109, 35.762628 ], [ 139.611073, 35.762637 ], [ 139.611072, 35.76261 ], [ 139.611013, 35.762638 ], [ 139.610696, 35.762856 ], [ 139.610542, 35.762959 ], [ 139.610336, 35.763118 ], [ 139.610265, 35.763166 ], [ 139.610052, 35.763345 ], [ 139.609675, 35.763693 ], [ 139.609669, 35.763747 ], [ 139.609936, 35.76395 ], [ 139.610411, 35.76415 ], [ 139.610739, 35.764265 ], [ 139.610872, 35.764313 ], [ 139.611049, 35.764377 ], [ 139.611391, 35.764521 ], [ 139.611509, 35.76457 ], [ 139.611888, 35.764729 ], [ 139.61289, 35.765041 ], [ 139.613088, 35.765103 ], [ 139.614056, 35.765475 ], [ 139.614172, 35.765331 ], [ 139.614432, 35.765065 ], [ 139.614557, 35.764931 ], [ 139.614628, 35.764862 ], [ 139.614835, 35.764664 ], [ 139.615094, 35.764404 ], [ 139.615501, 35.763969 ], [ 139.615664, 35.763813 ], [ 139.615775, 35.763511 ], [ 139.615913, 35.763224 ], [ 139.616024, 35.762944 ], [ 139.616129, 35.76263 ] ] ] } },
{ "type": "Feature", "properties": { "key": "練馬区|土支田3丁目", "ward": "練馬区", "town": "土支田３丁目" }, "geometry": { "type": "Polygon", "coordinates": [ [ [ 139.611072, 35.76261 ], [ 139.611073, 35.762637 ], [ 139.61109, 35.762628 ], [ 139.611524, 35.762464 ], [ 139.611574, 35.762445 ], [ 139.611851, 35.762341 ], [ 139.611691, 35.762113 ], [ 139.611607, 35.761993 ], [ 139.611637, 35.761947 ], [ 139.611738, 35.761886 ], [ 139.611833, 35.761833 ], [ 139.611969, 35.76178 ], [ 139.612056, 35.761747 ], [ 139.612097, 35.761732 ], [ 139.612179, 35.761701 ], [ 139.612244, 35.761676 ], [ 139.612494, 35.761583 ], [ 139.612387, 35.761454 ], [ 139.612131, 35.761148 ], [ 139.612494, 35.760925 ], [ 139.612439, 35.760876 ], [ 139.612335, 35.76076 ], [ 139.612208, 35.760587 ], [ 139.612068, 35.760361 ], [ 139.611959, 35.760191 ], [ 139.611777, 35.759873 ], [ 139.611649, 35.759547 ], [ 139.611563, 35.759223 ], [ 139.611525, 35.759076 ], [ 139.611502, 35.75897 ], [ 139.611399, 35.758543 ], [ 139.611381, 35.758472 ], [ 139.611262, 35.757871 ], [ 139.610926, 35.757855 ], [ 139.610736, 35.757873 ], [ 139.610567, 35.757888 ], [ 139.610287, 35.757926 ], [ 139.610117, 35.757941 ], [ 139.609893, 35.757979 ], [ 139.60969, 35.757972 ], [ 139.609136, 35.757925 ], [ 139.60902, 35.757924 ], [ 139.608843, 35.757894 ], [ 139.60832, 35.757789 ], [ 139.608064, 35.757741 ], [ 139.607864, 35.757707 ], [ 139.607519, 35.75775 ], [ 139.607259, 35.757802 ], [ 139.607109, 35.757827 ], [ 139.606647, 35.757845 ], [ 139.606522, 35.757845 ], [ 139.605726, 35.757876 ], [ 139.605181, 35.75789 ], [ 139.605066, 35.757871 ], [ 139.604689, 35.757853 ], [ 139.604461, 35.757838 ], [ 139.604354, 35.757819 ], [ 139.604141, 35.757808 ], [ 139.604023, 35.757808 ], [ 139.603826, 35.757764 ], [ 139.603471, 35.757635 ], [ 139.603453, 35.757628 ], [ 139.603445, 35.757598 ], [ 139.60324, 35.757571 ], [ 139.602961, 35.757628 ], [ 139.602557, 35.757686 ], [ 139.602637, 35.757745 ], [ 139.60289, 35.757921 ], [ 139.603313, 35.758219 ], [ 139.603623, 35.758466 ], [ 139.603726, 35.758537 ], [ 139.603932, 35.758697 ], [ 139.604287, 35.758997 ], [ 139.604348, 35.759055 ], [ 139.604478, 35.759183 ], [ 139.604697, 35.759358 ], [ 139.604859, 35.759479 ], [ 139.605155, 35.759737 ], [ 139.605281, 35.759855 ], [ 139.605474, 35.76002 ], [ 139.605512, 35.760074 ], [ 139.60565, 35.760175 ], [ 139.606024, 35.7605 ], [ 139.606178, 35.760643 ], [ 139.606262, 35.760726 ], [ 139.606507, 35.760927 ], [ 139.606655, 35.761058 ], [ 139.606801, 35.761191 ], [ 139.606929, 35.7613 ], [ 139.607239, 35.761529 ], [ 139.607379, 35.761637 ], [ 139.607491, 35.761724 ], [ 139.607538, 35.761761 ], [ 139.607839, 35.762061 ], [ 139.607892, 35.762134 ], [ 139.608334, 35.762534 ], [ 139.608454, 35.762686 ], [ 139.608658, 35.762877 ], [ 139.608968, 35.763132 ], [ 139.609482, 35.763526 ], [ 139.609675, 35.763693 ], [ 139.610052, 35.763345 ], [ 139.610265, 35.763166 ], [ 139.610336, 35.763118 ], [ 139.610542, 35.762959 ], [ 139.610696, 35.762856 ], [ 139.611013, 35.762638 ], [ 139.611072, 35.76261 ] ] ] } },
{ "type": "Feature", "properties": { "key": "練馬区|土支田4丁目", "ward": "練馬区", "town": "土支田４丁目" }, "geometry": { "type": "Polygon", "coordinates": [ [ [ 139.614348, 35.77074 ], [ 139.614416, 35.770749 ], [ 139.61455, 35.770741 ], [ 139.614774, 35.770734 ], [ 139.614939, 35.770713 ], [ 139.615446, 35.770719 ], [ 139.615554, 35.770727 ], [ 139.615957, 35.770667 ], [ 139.616307, 35.770604 ], [ 139.616733, 35.770448 ], [ 139.617356, 35.770217 ], [ 139.617407, 35.77018 ], [ 139.616939, 35.770046 ], [ 139.616858, 35.770016 ], [ 139.616804, 35.769858 ], [ 139.616839, 35.769784 ], [ 139.616939, 35.769586 ], [ 139.617045, 35.769269 ], [ 139.617033, 35.768978 ], [ 139.616953, 35.768671 ], [ 139.616957, 35.768612 ], [ 139.61719, 35.768366 ], [ 139.617324, 35.768185 ], [ 139.617347, 35.76812 ], [ 139.617417, 35.767917 ], [ 139.617502, 35.767751 ], [ 139.617559, 35.767501 ], [ 139.6176, 35.767347 ], [ 139.617665, 35.76716 ], [ 139.617685, 35.767057 ], [ 139.617678, 35.766912 ], [ 139.617701, 35.766708 ], [ 139.617679, 35.766606 ], [ 139.617591, 35.76659 ], [ 139.617218, 35.766538 ], [ 139.616946, 35.766504 ], [ 139.616673, 35.766419 ], [ 139.616405, 35.766341 ], [ 139.616394, 35.766338 ], [ 139.616367, 35.766329 ], [ 139.616188, 35.766272 ], [ 139.61544, 35.766 ], [ 139.615376, 35.765978 ], [ 139.614847, 35.765799 ], [ 139.614698, 35.765749 ], [ 139.61443, 35.76564 ], [ 139.614056, 35.765475 ], [ 139.613088, 35.765103 ], [ 139.61289, 35.765041 ], [ 139.611888, 35.764729 ], [ 139.611509, 35.76457 ], [ 139.611391, 35.764521 ], [ 139.611049, 35.764377 ], [ 139.610872, 35.764313 ], [ 139.610809, 35.764434 ], [ 139.610716, 35.764575 ], [ 139.610658, 35.764714 ], [ 139.610474, 35.765016 ], [ 139.610252, 35.765427 ], [ 139.61036, 35.765789 ], [ 139.610289, 35.765898 ], [ 139.610054, 35.766205 ], [ 139.610003, 35.766277 ], [ 139.609947, 35.766343 ], [ 139.609791, 35.766543 ], [ 139.609988, 35.766638 ], [ 139.610281, 35.766842 ], [ 139.610343, 35.766893 ], [ 139.610625, 35.767141 ], [ 139.610779, 35.767295 ], [ 139.610862, 35.767382 ], [ 139.610937, 35.767504 ], [ 139.610952, 35.767566 ], [ 139.610938, 35.767805 ], [ 139.610927, 35.768067 ], [ 139.610908, 35.76827 ], [ 139.610903, 35.768443 ], [ 139.610908, 35.7686 ], [ 139.610976, 35.768927 ], [ 139.611004, 35.769011 ], [ 139.61107, 35.769122 ], [ 139.611158, 35.769238 ], [ 139.611186, 35.769277 ], [ 139.611516, 35.769538 ], [ 139.611903, 35.770036 ], [ 139.612104, 35.770328 ], [ 139.612288, 35.77052 ], [ 139.612455, 35.770642 ], [ 139.612617, 35.770718 ], [ 139.612862, 35.770775 ], [ 139.613192, 35.770795 ], [ 139.613607, 35.770778 ], [ 139.613886, 35.770758 ], [ 139.614046, 35.770755 ], [ 139.614348, 35.77074 ] ] ] } },
{ "type": "Feature", "properties": { "key": "練馬区|富士見台1丁目", "ward": "練馬区", "town": "富士見台１丁目" }, "geometry": { "type": "Polygon", "coordinates": [ [ [ 139.624769, 35.733426 ], [ 139.625034, 35.73351 ], [ 139.625249, 35.733579 ], [ 139.625375, 35.7336 ], [ 139.625656, 35.733634 ], [ 139.62603, 35.733681 ], [ 139.626408, 35.733755 ], [ 139.626469, 35.733772 ], [ 139.626549, 35.733796 ], [ 139.626535, 35.733742 ], [ 139.626562, 35.733618 ], [ 139.626543, 35.73357 ], [ 139.626436, 35.733302 ], [ 139.626573, 35.733072 ], [ 139.626487, 35.733039 ], [ 139.626329, 35.732979 ], [ 139.626037, 35.732881 ], [ 139.625975, 35.732708 ], [ 139.625913, 35.732581 ], [ 139.625783, 35.732372 ], [ 139.625659, 35.732202 ], [ 139.625449, 35.731879 ], [ 139.625443, 35.73187 ], [ 139.625324, 35.731675 ], [ 139.625265, 35.731563 ], [ 139.625152, 35.731351 ], [ 139.624986, 35.731062 ], [ 139.624977, 35.731048 ], [ 139.624935, 35.730981 ], [ 139.624739, 35.730613 ], [ 139.624637, 35.730456 ], [ 139.624549, 35.730287 ], [ 139.624509, 35.730195 ], [ 139.624432, 35.730076 ], [ 139.624108, 35.730174 ], [ 139.624102, 35.730175 ], [ 139.623326, 35.730228 ], [ 139.62332, 35.730228 ], [ 139.623072, 35.730269 ], [ 139.62292, 35.730321 ], [ 139.622744, 35.730354 ], [ 139.622513, 35.730368 ], [ 139.621864, 35.730425 ], [ 139.621814, 35.730427 ], [ 139.621903, 35.730735 ], [ 139.622, 35.731068 ], [ 139.622173, 35.731849 ], [ 139.622184, 35.731898 ], [ 139.622191, 35.731972 ], [ 139.622233, 35.732415 ], [ 139.622267, 35.732778 ], [ 139.621835, 35.732871 ], [ 139.621765, 35.732886 ], [ 139.621433, 35.73293 ], [ 139.621226, 35.732964 ], [ 139.621186, 35.73297 ], [ 139.621142, 35.732966 ], [ 139.621119, 35.732977 ], [ 139.62094, 35.733099 ], [ 139.620713, 35.733184 ], [ 139.620605, 35.733225 ], [ 139.620307, 35.733337 ], [ 139.620047, 35.733435 ], [ 139.619883, 35.733488 ], [ 139.619829, 35.733505 ], [ 139.619728, 35.733608 ], [ 139.619623, 35.733753 ], [ 139.619409, 35.734019 ], [ 139.618923, 35.734624 ], [ 139.618721, 35.734875 ], [ 139.618326, 35.735386 ], [ 139.618164, 35.735566 ], [ 139.618745, 35.735427 ], [ 139.618965, 35.735331 ], [ 139.619272, 35.735223 ], [ 139.619377, 35.735182 ], [ 139.619742, 35.735045 ], [ 139.619835, 35.735007 ], [ 139.62032, 35.734807 ], [ 139.620396, 35.734782 ], [ 139.620439, 35.734768 ], [ 139.620775, 35.734659 ], [ 139.620907, 35.734623 ], [ 139.621468, 35.734453 ], [ 139.621765, 35.734363 ], [ 139.622029, 35.734283 ], [ 139.622276, 35.73422 ], [ 139.622387, 35.734199 ], [ 139.622687, 35.734111 ], [ 139.62276, 35.734094 ], [ 139.62334, 35.733948 ], [ 139.623905, 35.733743 ], [ 139.624333, 35.733585 ], [ 139.624769, 35.733426 ] ] ] } },
{ "type": "Feature", "properties": { "key": "練馬区|富士見台2丁目", "ward": "練馬区", "town": "富士見台２丁目" }, "geometry": { "type": "Polygon", "coordinates": [ [ [ 139.625852, 35.736143 ], [ 139.625886, 35.736221 ], [ 139.626086, 35.736139 ], [ 139.626419, 35.736045 ], [ 139.62673, 35.73597 ], [ 139.627037, 35.735925 ], [ 139.627209, 35.735911 ], [ 139.627342, 35.7359 ], [ 139.627444, 35.735785 ], [ 139.627829, 35.735728 ], [ 139.627853, 35.735725 ], [ 139.627758, 35.735128 ], [ 139.627754, 35.735103 ], [ 139.627759, 35.735096 ], [ 139.627717, 35.735087 ], [ 139.627565, 35.735063 ], [ 139.62749, 35.735051 ], [ 139.627242, 35.735027 ], [ 139.627262, 35.734743 ], [ 139.627264, 35.734703 ], [ 139.627312, 35.734296 ], [ 139.627344, 35.734078 ], [ 139.62708, 35.733988 ], [ 139.626796, 35.733893 ], [ 139.626683, 35.733843 ], [ 139.626549, 35.733796 ], [ 139.626469, 35.733772 ], [ 139.626408, 35.733755 ], [ 139.62603, 35.733681 ], [ 139.625656, 35.733634 ], [ 139.625375, 35.7336 ], [ 139.625249, 35.733579 ], [ 139.625034, 35.73351 ], [ 139.624769, 35.733426 ], [ 139.624333, 35.733585 ], [ 139.623905, 35.733743 ], [ 139.62334, 35.733948 ], [ 139.62276, 35.734094 ], [ 139.622687, 35.734111 ], [ 139.622387, 35.734199 ], [ 139.622276, 35.73422 ], [ 139.622029, 35.734283 ], [ 139.621765, 35.734363 ], [ 139.621468, 35.734453 ], [ 139.620907, 35.734623 ], [ 139.620775, 35.734659 ], [ 139.620439, 35.734768 ], [ 139.620396, 35.734782 ], [ 139.62032, 35.734807 ], [ 139.619835, 35.735007 ], [ 139.619742, 35.735045 ], [ 139.619377, 35.735182 ], [ 139.619272, 35.735223 ], [ 139.618965, 35.735331 ], [ 139.618745, 35.735427 ], [ 139.618164, 35.735566 ], [ 139.618035, 35.73559 ], [ 139.617828, 35.735846 ], [ 139.61802, 35.735918 ], [ 139.618244, 35.736001 ], [ 139.618521, 35.736104 ], [ 139.618686, 35.736151 ], [ 139.618802, 35.73621 ], [ 139.619002, 35.736378 ], [ 139.619188, 35.736491 ], [ 139.619376, 35.736579 ], [ 139.619502, 35.736622 ], [ 139.619658, 35.736675 ], [ 139.620011, 35.73683 ], [ 139.620377, 35.736953 ], [ 139.620627, 35.737028 ], [ 139.620701, 35.737066 ], [ 139.620645, 35.737128 ], [ 139.620804, 35.737259 ], [ 139.621421, 35.737726 ], [ 139.621423, 35.737757 ], [ 139.62145, 35.738165 ], [ 139.621778, 35.738018 ], [ 139.621938, 35.737932 ], [ 139.622027, 35.737884 ], [ 139.622545, 35.737594 ], [ 139.623186, 35.737229 ], [ 139.623819, 35.736885 ], [ 139.624009, 35.736801 ], [ 139.624128, 35.736748 ], [ 139.624523, 35.73656 ], [ 139.624769, 35.73645 ], [ 139.625282, 35.736301 ], [ 139.625852, 35.736143 ] ] ] } },
{ "type": "Feature", "properties": { "key": "練馬区|富士見台3丁目", "ward": "練馬区", "town": "富士見台３丁目" }, "geometry": { "type": "Polygon", "coordinates": [ [ [ 139.620098, 35.741367 ], [ 139.620504, 35.741425 ], [ 139.620541, 35.741322 ], [ 139.620615, 35.741113 ], [ 139.621477, 35.741118 ], [ 139.621633, 35.741127 ], [ 139.621923, 35.741129 ], [ 139.621991, 35.741133 ], [ 139.62277, 35.741184 ], [ 139.623622, 35.741255 ], [ 139.624047, 35.741296 ], [ 139.624118, 35.741023 ], [ 139.624124, 35.740993 ], [ 139.624167, 35.740835 ], [ 139.624195, 35.740734 ], [ 139.62437, 35.740742 ], [ 139.62454, 35.740774 ], [ 139.625084, 35.740934 ], [ 139.625597, 35.741158 ], [ 139.625801, 35.741261 ], [ 139.625825, 35.740962 ], [ 139.625838, 35.740791 ], [ 139.625849, 35.740652 ], [ 139.625859, 35.740313 ], [ 139.625864, 35.740152 ], [ 139.625893, 35.739502 ], [ 139.625896, 35.739374 ], [ 139.625901, 35.739173 ], [ 139.625931, 35.738361 ], [ 139.625951, 35.73781 ], [ 139.625953, 35.73775 ], [ 139.625908, 35.73728 ], [ 139.625937, 35.7371 ], [ 139.625972, 35.736883 ], [ 139.626033, 35.736725 ], [ 139.626157, 35.736548 ], [ 139.626419, 35.736045 ], [ 139.626086, 35.736139 ], [ 139.625886, 35.736221 ], [ 139.625852, 35.736143 ], [ 139.625282, 35.736301 ], [ 139.624769, 35.73645 ], [ 139.624523, 35.73656 ], [ 139.624128, 35.736748 ], [ 139.624009, 35.736801 ], [ 139.623819, 35.736885 ], [ 139.623186, 35.737229 ], [ 139.622545, 35.737594 ], [ 139.622027, 35.737884 ], [ 139.621938, 35.737932 ], [ 139.621778, 35.738018 ], [ 139.62145, 35.738165 ], [ 139.621444, 35.738168 ], [ 139.62079, 35.738525 ], [ 139.620427, 35.738723 ], [ 139.619481, 35.739235 ], [ 139.619336, 35.739317 ], [ 139.618243, 35.739904 ], [ 139.618384, 35.740448 ], [ 139.618447, 35.740736 ], [ 139.618529, 35.741167 ], [ 139.618588, 35.741441 ], [ 139.619032, 35.741424 ], [ 139.619327, 35.741408 ], [ 139.619938, 35.741369 ], [ 139.620098, 35.741367 ] ] ] } },
{ "type": "Feature", "properties": { "key": "練馬区|富士見台4丁目", "ward": "練馬区", "town": "富士見台４丁目" }, "geometry": { "type": "Polygon", "coordinates": [ [ [ 139.625801, 35.741261 ], [ 139.625597, 35.741158 ], [ 139.625084, 35.740934 ], [ 139.62454, 35.740774 ], [ 139.62437, 35.740742 ], [ 139.624195, 35.740734 ], [ 139.624167, 35.740835 ], [ 139.624124, 35.740993 ], [ 139.624118, 35.741023 ], [ 139.624047, 35.741296 ], [ 139.623622, 35.741255 ], [ 139.62277, 35.741184 ], [ 139.621991, 35.741133 ], [ 139.621923, 35.741129 ], [ 139.621633, 35.741127 ], [ 139.621477, 35.741118 ], [ 139.620615, 35.741113 ], [ 139.620541, 35.741322 ], [ 139.620504, 35.741425 ], [ 139.620098, 35.741367 ], [ 139.619938, 35.741369 ], [ 139.619327, 35.741408 ], [ 139.619032, 35.741424 ], [ 139.618588, 35.741441 ], [ 139.618629, 35.741623 ], [ 139.618733, 35.742073 ], [ 139.618796, 35.742361 ], [ 139.618811, 35.742498 ], [ 139.618955, 35.742843 ], [ 139.619069, 35.743076 ], [ 139.619461, 35.743672 ], [ 139.619664, 35.743981 ], [ 139.620205, 35.744642 ], [ 139.620502, 35.745064 ], [ 139.620804, 35.745492 ], [ 139.620816, 35.745508 ], [ 139.621254, 35.746103 ], [ 139.621303, 35.746135 ], [ 139.621464, 35.746219 ], [ 139.621642, 35.746275 ], [ 139.62203, 35.746315 ], [ 139.62264, 35.746269 ], [ 139.623065, 35.746213 ], [ 139.623265, 35.746196 ], [ 139.624166, 35.746119 ], [ 139.625071, 35.746052 ], [ 139.625623, 35.746003 ], [ 139.62567, 35.745736 ], [ 139.625688, 35.745637 ], [ 139.625729, 35.745405 ], [ 139.625765, 35.745208 ], [ 139.625765, 35.745046 ], [ 139.625737, 35.744815 ], [ 139.625715, 35.744245 ], [ 139.625719, 35.743861 ], [ 139.625721, 35.743628 ], [ 139.625722, 35.743519 ], [ 139.625722, 35.742838 ], [ 139.625761, 35.742065 ], [ 139.625778, 35.741762 ], [ 139.62579, 35.74167 ], [ 139.625792, 35.741653 ], [ 139.625792, 35.741636 ], [ 139.625793, 35.741598 ], [ 139.625801, 35.741261 ] ] ] } },
{ "type": "Feature", "properties": { "key": "練馬区|南田中1丁目", "ward": "練馬区", "town": "南田中１丁目" }, "geometry": { "type": "Polygon", "coordinates": [ [ [ 139.622184, 35.731898 ], [ 139.622173, 35.731849 ], [ 139.622, 35.731068 ], [ 139.621903, 35.730735 ], [ 139.621814, 35.730427 ], [ 139.621256, 35.73045 ], [ 139.621018, 35.730448 ], [ 139.620752, 35.730423 ], [ 139.620321, 35.730367 ], [ 139.620285, 35.730365 ], [ 139.62009, 35.730299 ], [ 139.619868, 35.730191 ], [ 139.620229, 35.731453 ], [ 139.620174, 35.731439 ], [ 139.618813, 35.731146 ], [ 139.617823, 35.730926 ], [ 139.617571, 35.730816 ], [ 139.617074, 35.730634 ], [ 139.616831, 35.730546 ], [ 139.617134, 35.730045 ], [ 139.617001, 35.730032 ], [ 139.616945, 35.730023 ], [ 139.616727, 35.72999 ], [ 139.616277, 35.729875 ], [ 139.615958, 35.729797 ], [ 139.61591, 35.729786 ], [ 139.615889, 35.7298 ], [ 139.615821, 35.729849 ], [ 139.615856, 35.729889 ], [ 139.615912, 35.729941 ], [ 139.615863, 35.729976 ], [ 139.615737, 35.730147 ], [ 139.615482, 35.730079 ], [ 139.615449, 35.73012 ], [ 139.615403, 35.730104 ], [ 139.615383, 35.730118 ], [ 139.615314, 35.730137 ], [ 139.615104, 35.730073 ], [ 139.614662, 35.72995 ], [ 139.61454, 35.730088 ], [ 139.614551, 35.730657 ], [ 139.614565, 35.730732 ], [ 139.614595, 35.730754 ], [ 139.614747, 35.730618 ], [ 139.614718, 35.730901 ], [ 139.614686, 35.731654 ], [ 139.614709, 35.731815 ], [ 139.615096, 35.731809 ], [ 139.615516, 35.73187 ], [ 139.615776, 35.731931 ], [ 139.615807, 35.731924 ], [ 139.616478, 35.732015 ], [ 139.617222, 35.732146 ], [ 139.617446, 35.732197 ], [ 139.617897, 35.732322 ], [ 139.618345, 35.732459 ], [ 139.618379, 35.732477 ], [ 139.618622, 35.732563 ], [ 139.619352, 35.732737 ], [ 139.619405, 35.732746 ], [ 139.619734, 35.732804 ], [ 139.62016, 35.732878 ], [ 139.620268, 35.732893 ], [ 139.620928, 35.732946 ], [ 139.621142, 35.732966 ], [ 139.621186, 35.73297 ], [ 139.621226, 35.732964 ], [ 139.621433, 35.73293 ], [ 139.621765, 35.732886 ], [ 139.621835, 35.732871 ], [ 139.622267, 35.732778 ], [ 139.622233, 35.732415 ], [ 139.622191, 35.731972 ], [ 139.622184, 35.731898 ] ] ] } },
{ "type": "Feature", "properties": { "key": "練馬区|南田中2丁目", "ward": "練馬区", "town": "南田中２丁目" }, "geometry": { "type": "Polygon", "coordinates": [ [ [ 139.615807, 35.731924 ], [ 139.615776, 35.731931 ], [ 139.615516, 35.73187 ], [ 139.615096, 35.731809 ], [ 139.614709, 35.731815 ], [ 139.614758, 35.732071 ], [ 139.61479, 35.732406 ], [ 139.614797, 35.732678 ], [ 139.614801, 35.732848 ], [ 139.614772, 35.733186 ], [ 139.614727, 35.733391 ], [ 139.614717, 35.733592 ], [ 139.614696, 35.733763 ], [ 139.614517, 35.734057 ], [ 139.614466, 35.73412 ], [ 139.614515, 35.734473 ], [ 139.61462, 35.7345 ], [ 139.614761, 35.736062 ], [ 139.615122, 35.736013 ], [ 139.615658, 35.73594 ], [ 139.615824, 35.735907 ], [ 139.616039, 35.735881 ], [ 139.616563, 35.73582 ], [ 139.617035, 35.735764 ], [ 139.617612, 35.735669 ], [ 139.618035, 35.73559 ], [ 139.618164, 35.735566 ], [ 139.618326, 35.735386 ], [ 139.618721, 35.734875 ], [ 139.618923, 35.734624 ], [ 139.619409, 35.734019 ], [ 139.619623, 35.733753 ], [ 139.619728, 35.733608 ], [ 139.619829, 35.733505 ], [ 139.619883, 35.733488 ], [ 139.620047, 35.733435 ], [ 139.620307, 35.733337 ], [ 139.620605, 35.733225 ], [ 139.620713, 35.733184 ], [ 139.62094, 35.733099 ], [ 139.621119, 35.732977 ], [ 139.621142, 35.732966 ], [ 139.620928, 35.732946 ], [ 139.620268, 35.732893 ], [ 139.62016, 35.732878 ], [ 139.619734, 35.732804 ], [ 139.619405, 35.732746 ], [ 139.619352, 35.732737 ], [ 139.618622, 35.732563 ], [ 139.618379, 35.732477 ], [ 139.618345, 35.732459 ], [ 139.617897, 35.732322 ], [ 139.617446, 35.732197 ], [ 139.617222, 35.732146 ], [ 139.616478, 35.732015 ], [ 139.615807, 35.731924 ] ] ] } },
{ "type": "Feature", "properties": { "key": "練馬区|南田中3丁目", "ward": "練馬区", "town": "南田中３丁目" }, "geometry": { "type": "Polygon", "coordinates": [ [ [ 139.618035, 35.73559 ], [ 139.617612, 35.735669 ], [ 139.617035, 35.735764 ], [ 139.616563, 35.73582 ], [ 139.616039, 35.735881 ], [ 139.615824, 35.735907 ], [ 139.615658, 35.73594 ], [ 139.615122, 35.736013 ], [ 139.614761, 35.736062 ], [ 139.614882, 35.736941 ], [ 139.614912, 35.737338 ], [ 139.614934, 35.737618 ], [ 139.614928, 35.737904 ], [ 139.614942, 35.738429 ], [ 139.614869, 35.738467 ], [ 139.614882, 35.738612 ], [ 139.61493, 35.739125 ], [ 139.616233, 35.739313 ], [ 139.616975, 35.73942 ], [ 139.617169, 35.739447 ], [ 139.617742, 35.739566 ], [ 139.617962, 35.739649 ], [ 139.618074, 35.739733 ], [ 139.618243, 35.739904 ], [ 139.619336, 35.739317 ], [ 139.619481, 35.739235 ], [ 139.620427, 35.738723 ], [ 139.62079, 35.738525 ], [ 139.621444, 35.738168 ], [ 139.62145, 35.738165 ], [ 139.621423, 35.737757 ], [ 139.621421, 35.737726 ], [ 139.620804, 35.737259 ], [ 139.620645, 35.737128 ], [ 139.620701, 35.737066 ], [ 139.620627, 35.737028 ], [ 139.620377, 35.736953 ], [ 139.620011, 35.73683 ], [ 139.619658, 35.736675 ], [ 139.619502, 35.736622 ], [ 139.619376, 35.736579 ], [ 139.619188, 35.736491 ], [ 139.619002, 35.736378 ], [ 139.618802, 35.73621 ], [ 139.618686, 35.736151 ], [ 139.618521, 35.736104 ], [ 139.618244, 35.736001 ], [ 139.61802, 35.735918 ], [ 139.617828, 35.735846 ], [ 139.618035, 35.73559 ] ] ] } },
{ "type": "Feature", "properties": { "key": "練馬区|南田中4丁目", "ward": "練馬区", "town": "南田中４丁目" }, "geometry": { "type": "Polygon", "coordinates": [ [ [ 139.614747, 35.730618 ], [ 139.614595, 35.730754 ], [ 139.614526, 35.730799 ], [ 139.614171, 35.731008 ], [ 139.613935, 35.731146 ], [ 139.613111, 35.731674 ], [ 139.613022, 35.731743 ], [ 139.612608, 35.732025 ], [ 139.612324, 35.732237 ], [ 139.612171, 35.732343 ], [ 139.611924, 35.732515 ], [ 139.611852, 35.732589 ], [ 139.611326, 35.7329 ], [ 139.610991, 35.733113 ], [ 139.610756, 35.73328 ], [ 139.610705, 35.733336 ], [ 139.61046, 35.73364 ], [ 139.610414, 35.733734 ], [ 139.610331, 35.733844 ], [ 139.610195, 35.734026 ], [ 139.61016, 35.734052 ], [ 139.609961, 35.734202 ], [ 139.609887, 35.734228 ], [ 139.609361, 35.734413 ], [ 139.609316, 35.734999 ], [ 139.609296, 35.735142 ], [ 139.609252, 35.735463 ], [ 139.609193, 35.735701 ], [ 139.609149, 35.735931 ], [ 139.609074, 35.736173 ], [ 139.609893, 35.73631 ], [ 139.610056, 35.736316 ], [ 139.610491, 35.736319 ], [ 139.611364, 35.736348 ], [ 139.611607, 35.736338 ], [ 139.612234, 35.736335 ], [ 139.612659, 35.736332 ], [ 139.613085, 35.736323 ], [ 139.613145, 35.736322 ], [ 139.613568, 35.736254 ], [ 139.613928, 35.736196 ], [ 139.614015, 35.736182 ], [ 139.614511, 35.736102 ], [ 139.614761, 35.736062 ], [ 139.61462, 35.7345 ], [ 139.614515, 35.734473 ], [ 139.614466, 35.73412 ], [ 139.614517, 35.734057 ], [ 139.614696, 35.733763 ], [ 139.614717, 35.733592 ], [ 139.614727, 35.733391 ], [ 139.614772, 35.733186 ], [ 139.614801, 35.732848 ], [ 139.614797, 35.732678 ], [ 139.61479, 35.732406 ], [ 139.614758, 35.732071 ], [ 139.614709, 35.731815 ], [ 139.614686, 35.731654 ], [ 139.614718, 35.730901 ], [ 139.614747, 35.730618 ] ] ] } },
{ "type": "Feature", "properties": { "key": "練馬区|南田中5丁目", "ward": "練馬区", "town": "南田中５丁目" }, "geometry": { "type": "Polygon", "coordinates": [ [ [ 139.614503, 35.739078 ], [ 139.614803, 35.739106 ], [ 139.61493, 35.739125 ], [ 139.614882, 35.738612 ], [ 139.614869, 35.738467 ], [ 139.614942, 35.738429 ], [ 139.614928, 35.737904 ], [ 139.614934, 35.737618 ], [ 139.614912, 35.737338 ], [ 139.614882, 35.736941 ], [ 139.614761, 35.736062 ], [ 139.614511, 35.736102 ], [ 139.614015, 35.736182 ], [ 139.613928, 35.736196 ], [ 139.613568, 35.736254 ], [ 139.613145, 35.736322 ], [ 139.613085, 35.736323 ], [ 139.612659, 35.736332 ], [ 139.612234, 35.736335 ], [ 139.611607, 35.736338 ], [ 139.611364, 35.736348 ], [ 139.610491, 35.736319 ], [ 139.610056, 35.736316 ], [ 139.609893, 35.73631 ], [ 139.609074, 35.736173 ], [ 139.609008, 35.736389 ], [ 139.608948, 35.736608 ], [ 139.608892, 35.736903 ], [ 139.608903, 35.737041 ], [ 139.608913, 35.737651 ], [ 139.608907, 35.737998 ], [ 139.608884, 35.738214 ], [ 139.608881, 35.738247 ], [ 139.608816, 35.738881 ], [ 139.608733, 35.739743 ], [ 139.608683, 35.739781 ], [ 139.608664, 35.739814 ], [ 139.60869, 35.739814 ], [ 139.609215, 35.73976 ], [ 139.609837, 35.73967 ], [ 139.610087, 35.739635 ], [ 139.610519, 35.73959 ], [ 139.610768, 35.739559 ], [ 139.611135, 35.739513 ], [ 139.611848, 35.739417 ], [ 139.6124, 35.739343 ], [ 139.61245, 35.739336 ], [ 139.6129, 35.739276 ], [ 139.613036, 35.739257 ], [ 139.613411, 35.739208 ], [ 139.614144, 35.739109 ], [ 139.614356, 35.739085 ], [ 139.614503, 35.739078 ] ] ] } },
{ "type": "Feature", "properties": { "key": "練馬区|高野台1丁目", "ward": "練馬区", "town": "高野台１丁目" }, "geometry": { "type": "Polygon", "coordinates": [ [ [ 139.61845, 35.74546 ], [ 139.618513, 35.745463 ], [ 139.618951, 35.745245 ], [ 139.619517, 35.74498 ], [ 139.620205, 35.744642 ], [ 139.619664, 35.743981 ], [ 139.619461, 35.743672 ], [ 139.619069, 35.743076 ], [ 139.618955, 35.742843 ], [ 139.618811, 35.742498 ], [ 139.618796, 35.742361 ], [ 139.618733, 35.742073 ], [ 139.618629, 35.741623 ], [ 139.618588, 35.741441 ], [ 139.618529, 35.741167 ], [ 139.618447, 35.740736 ], [ 139.618384, 35.740448 ], [ 139.618243, 35.739904 ], [ 139.618074, 35.739733 ], [ 139.617962, 35.739649 ], [ 139.617742, 35.739566 ], [ 139.617169, 35.739447 ], [ 139.616975, 35.73942 ], [ 139.616233, 35.739313 ], [ 139.61493, 35.739125 ], [ 139.614803, 35.739106 ], [ 139.6151, 35.739469 ], [ 139.615106, 35.739539 ], [ 139.615108, 35.739747 ], [ 139.615137, 35.740237 ], [ 139.615147, 35.740378 ], [ 139.615189, 35.740862 ], [ 139.615237, 35.741084 ], [ 139.615308, 35.741285 ], [ 139.615306, 35.741552 ], [ 139.615331, 35.741618 ], [ 139.615436, 35.741902 ], [ 139.615737, 35.742712 ], [ 139.615769, 35.742793 ], [ 139.615835, 35.742963 ], [ 139.615985, 35.743354 ], [ 139.616127, 35.74374 ], [ 139.616239, 35.744041 ], [ 139.616273, 35.744127 ], [ 139.616364, 35.744364 ], [ 139.616464, 35.744619 ], [ 139.616548, 35.744837 ], [ 139.616605, 35.744941 ], [ 139.616638, 35.745016 ], [ 139.616673, 35.745093 ], [ 139.617007, 35.745819 ], [ 139.617202, 35.745763 ], [ 139.617545, 35.745652 ], [ 139.617965, 35.745518 ], [ 139.618164, 35.745468 ], [ 139.61845, 35.74546 ] ] ] } },
{ "type": "Feature", "properties": { "key": "練馬区|高野台2丁目", "ward": "練馬区", "town": "高野台２丁目" }, "geometry": { "type": "Polygon", "coordinates": [ [ [ 139.625623, 35.746003 ], [ 139.625071, 35.746052 ], [ 139.624166, 35.746119 ], [ 139.623265, 35.746196 ], [ 139.623065, 35.746213 ], [ 139.62264, 35.746269 ], [ 139.62203, 35.746315 ], [ 139.621642, 35.746275 ], [ 139.621464, 35.746219 ], [ 139.621303, 35.746135 ], [ 139.621254, 35.746103 ], [ 139.620816, 35.745508 ], [ 139.620804, 35.745492 ], [ 139.620502, 35.745064 ], [ 139.620205, 35.744642 ], [ 139.619517, 35.74498 ], [ 139.618951, 35.745245 ], [ 139.618513, 35.745463 ], [ 139.61845, 35.74546 ], [ 139.618164, 35.745468 ], [ 139.617965, 35.745518 ], [ 139.617545, 35.745652 ], [ 139.617202, 35.745763 ], [ 139.617443, 35.746067 ], [ 139.617768, 35.746444 ], [ 139.618081, 35.746835 ], [ 139.618234, 35.747009 ], [ 139.618301, 35.747096 ], [ 139.61861, 35.747451 ], [ 139.618717, 35.747583 ], [ 139.618964, 35.747874 ], [ 139.619074, 35.747998 ], [ 139.619177, 35.74811 ], [ 139.619379, 35.748338 ], [ 139.619483, 35.748456 ], [ 139.61988, 35.748849 ], [ 139.620068, 35.749056 ], [ 139.620312, 35.749037 ], [ 139.620429, 35.749009 ], [ 139.620496, 35.748993 ], [ 139.62083, 35.748893 ], [ 139.620978, 35.748839 ], [ 139.621281, 35.748688 ], [ 139.621427, 35.748613 ], [ 139.621731, 35.748455 ], [ 139.621767, 35.748437 ], [ 139.621886, 35.748375 ], [ 139.62355, 35.747517 ], [ 139.623641, 35.74747 ], [ 139.624261, 35.747141 ], [ 139.625691, 35.746378 ], [ 139.625623, 35.746003 ] ] ] } },
{ "type": "Feature", "properties": { "key": "練馬区|高野台3丁目", "ward": "練馬区", "town": "高野台３丁目" }, "geometry": { "type": "Polygon", "coordinates": [ [ [ 139.615306, 35.741552 ], [ 139.615145, 35.741617 ], [ 139.614931, 35.741704 ], [ 139.614495, 35.741857 ], [ 139.614353, 35.741903 ], [ 139.613999, 35.742006 ], [ 139.613606, 35.742092 ], [ 139.613574, 35.742099 ], [ 139.612968, 35.742232 ], [ 139.612323, 35.742376 ], [ 139.612194, 35.742407 ], [ 139.611532, 35.742569 ], [ 139.611531, 35.742608 ], [ 139.611606, 35.743407 ], [ 139.611608, 35.743428 ], [ 139.611515, 35.743453 ], [ 139.611558, 35.744007 ], [ 139.611548, 35.744237 ], [ 139.61154, 35.744409 ], [ 139.611481, 35.744525 ], [ 139.611368, 35.744686 ], [ 139.61123, 35.744796 ], [ 139.611194, 35.744825 ], [ 139.611151, 35.744863 ], [ 139.610682, 35.745044 ], [ 139.610513, 35.74512 ], [ 139.610379, 35.745222 ], [ 139.610113, 35.745623 ], [ 139.610014, 35.745773 ], [ 139.609997, 35.745798 ], [ 139.609893, 35.745971 ], [ 139.609885, 35.745983 ], [ 139.610287, 35.746127 ], [ 139.610759, 35.746322 ], [ 139.610951, 35.746386 ], [ 139.611184, 35.746478 ], [ 139.611719, 35.746679 ], [ 139.612116, 35.746836 ], [ 139.612688, 35.747048 ], [ 139.612771, 35.747077 ], [ 139.613621, 35.747409 ], [ 139.613754, 35.747453 ], [ 139.614004, 35.747523 ], [ 139.614479, 35.747656 ], [ 139.614582, 35.747685 ], [ 139.614761, 35.747734 ], [ 139.614873, 35.747487 ], [ 139.614884, 35.747423 ], [ 139.615008, 35.747136 ], [ 139.615049, 35.746956 ], [ 139.615082, 35.746685 ], [ 139.615095, 35.746575 ], [ 139.615148, 35.746415 ], [ 139.615189, 35.746311 ], [ 139.615302, 35.746116 ], [ 139.615456, 35.745928 ], [ 139.615547, 35.745759 ], [ 139.615605, 35.745594 ], [ 139.615729, 35.745422 ], [ 139.615876, 35.745328 ], [ 139.616223, 35.745214 ], [ 139.616371, 35.745159 ], [ 139.616638, 35.745016 ], [ 139.616605, 35.744941 ], [ 139.616548, 35.744837 ], [ 139.616464, 35.744619 ], [ 139.616364, 35.744364 ], [ 139.616273, 35.744127 ], [ 139.616239, 35.744041 ], [ 139.616127, 35.74374 ], [ 139.615985, 35.743354 ], [ 139.615835, 35.742963 ], [ 139.615769, 35.742793 ], [ 139.615737, 35.742712 ], [ 139.615436, 35.741902 ], [ 139.615331, 35.741618 ], [ 139.615306, 35.741552 ] ] ] } },
{ "type": "Feature", "properties": { "key": "練馬区|高野台4丁目", "ward": "練馬区", "town": "高野台４丁目" }, "geometry": { "type": "Polygon", "coordinates": [ [ [ 139.61523, 35.749356 ], [ 139.615646, 35.749358 ], [ 139.616144, 35.74933 ], [ 139.616594, 35.749296 ], [ 139.616985, 35.74928 ], [ 139.617397, 35.749263 ], [ 139.617916, 35.749234 ], [ 139.618323, 35.749212 ], [ 139.618645, 35.749187 ], [ 139.619089, 35.749142 ], [ 139.619343, 35.74912 ], [ 139.620057, 35.749057 ], [ 139.620068, 35.749056 ], [ 139.61988, 35.748849 ], [ 139.619483, 35.748456 ], [ 139.619379, 35.748338 ], [ 139.619177, 35.74811 ], [ 139.619074, 35.747998 ], [ 139.618964, 35.747874 ], [ 139.618717, 35.747583 ], [ 139.61861, 35.747451 ], [ 139.618301, 35.747096 ], [ 139.618234, 35.747009 ], [ 139.618081, 35.746835 ], [ 139.617768, 35.746444 ], [ 139.617443, 35.746067 ], [ 139.617202, 35.745763 ], [ 139.617007, 35.745819 ], [ 139.616673, 35.745093 ], [ 139.616638, 35.745016 ], [ 139.616371, 35.745159 ], [ 139.616223, 35.745214 ], [ 139.615876, 35.745328 ], [ 139.615729, 35.745422 ], [ 139.615605, 35.745594 ], [ 139.615547, 35.745759 ], [ 139.615456, 35.745928 ], [ 139.615302, 35.746116 ], [ 139.615189, 35.746311 ], [ 139.615148, 35.746415 ], [ 139.615095, 35.746575 ], [ 139.615082, 35.746685 ], [ 139.615049, 35.746956 ], [ 139.615008, 35.747136 ], [ 139.614884, 35.747423 ], [ 139.614873, 35.747487 ], [ 139.614761, 35.747734 ], [ 139.614582, 35.747685 ], [ 139.614478, 35.74797 ], [ 139.614431, 35.748101 ], [ 139.614378, 35.74832 ], [ 139.614329, 35.74858 ], [ 139.614278, 35.748758 ], [ 139.614254, 35.749041 ], [ 139.614212, 35.749474 ], [ 139.614474, 35.749438 ], [ 139.614628, 35.749418 ], [ 139.614986, 35.749373 ], [ 139.61517, 35.74936 ], [ 139.61523, 35.749356 ] ] ] } },
{ "type": "Feature", "properties": { "key": "練馬区|高野台5丁目", "ward": "練馬区", "town": "高野台５丁目" }, "geometry": { "type": "Polygon", "coordinates": [ [ [ 139.608903, 35.750098 ], [ 139.609249, 35.7501 ], [ 139.609862, 35.750105 ], [ 139.610452, 35.75007 ], [ 139.61087, 35.750032 ], [ 139.611071, 35.750002 ], [ 139.611577, 35.749903 ], [ 139.612049, 35.749796 ], [ 139.612307, 35.749735 ], [ 139.612854, 35.749615 ], [ 139.61347, 35.749556 ], [ 139.613885, 35.74951 ], [ 139.613896, 35.749509 ], [ 139.614212, 35.749474 ], [ 139.614254, 35.749041 ], [ 139.614278, 35.748758 ], [ 139.614329, 35.74858 ], [ 139.614378, 35.74832 ], [ 139.614431, 35.748101 ], [ 139.614478, 35.74797 ], [ 139.614582, 35.747685 ], [ 139.614479, 35.747656 ], [ 139.614004, 35.747523 ], [ 139.613754, 35.747453 ], [ 139.613621, 35.747409 ], [ 139.612771, 35.747077 ], [ 139.612688, 35.747048 ], [ 139.612116, 35.746836 ], [ 139.611719, 35.746679 ], [ 139.611184, 35.746478 ], [ 139.610951, 35.746386 ], [ 139.610759, 35.746322 ], [ 139.610287, 35.746127 ], [ 139.609885, 35.745983 ], [ 139.609893, 35.745971 ], [ 139.609883, 35.745967 ], [ 139.609721, 35.74609 ], [ 139.609561, 35.746237 ], [ 139.609475, 35.746316 ], [ 139.609356, 35.746442 ], [ 139.609233, 35.74658 ], [ 139.609208, 35.746626 ], [ 139.609169, 35.746697 ], [ 139.609069, 35.74697 ], [ 139.608937, 35.747356 ], [ 139.608872, 35.747545 ], [ 139.608865, 35.747567 ], [ 139.608623, 35.748261 ], [ 139.6084, 35.748842 ], [ 139.608396, 35.748852 ], [ 139.608393, 35.748859 ], [ 139.608058, 35.749594 ], [ 139.608045, 35.749641 ], [ 139.607992, 35.750152 ], [ 139.608484, 35.750109 ], [ 139.608903, 35.750098 ] ] ] } },
{ "type": "Feature", "properties": { "key": "練馬区|谷原1丁目", "ward": "練馬区", "town": "谷原１丁目" }, "geometry": { "type": "Polygon", "coordinates": [ [ [ 139.623748, 35.751004 ], [ 139.62395, 35.751012 ], [ 139.623998, 35.751019 ], [ 139.623999, 35.751015 ], [ 139.623989, 35.750565 ], [ 139.624302, 35.750189 ], [ 139.624718, 35.749765 ], [ 139.624839, 35.749647 ], [ 139.625064, 35.749379 ], [ 139.62525, 35.749118 ], [ 139.62567, 35.748649 ], [ 139.625676, 35.748492 ], [ 139.625689, 35.748161 ], [ 139.625702, 35.747681 ], [ 139.625752, 35.747181 ], [ 139.625765, 35.747076 ], [ 139.625768, 35.746872 ], [ 139.625748, 35.746675 ], [ 139.625691, 35.746378 ], [ 139.624261, 35.747141 ], [ 139.623641, 35.74747 ], [ 139.62355, 35.747517 ], [ 139.621886, 35.748375 ], [ 139.621767, 35.748437 ], [ 139.621731, 35.748455 ], [ 139.621427, 35.748613 ], [ 139.621281, 35.748688 ], [ 139.620978, 35.748839 ], [ 139.62083, 35.748893 ], [ 139.620496, 35.748993 ], [ 139.620429, 35.749009 ], [ 139.620312, 35.749037 ], [ 139.620068, 35.749056 ], [ 139.620057, 35.749057 ], [ 139.619343, 35.74912 ], [ 139.619089, 35.749142 ], [ 139.618645, 35.749187 ], [ 139.618705, 35.749396 ], [ 139.618775, 35.749628 ], [ 139.618905, 35.750055 ], [ 139.619018, 35.750429 ], [ 139.619196, 35.751098 ], [ 139.619201, 35.751115 ], [ 139.619374, 35.751703 ], [ 139.619499, 35.752127 ], [ 139.6196, 35.752477 ], [ 139.619806, 35.753194 ], [ 139.619821, 35.753247 ], [ 139.620113, 35.754315 ], [ 139.620452, 35.754284 ], [ 139.620414, 35.753959 ], [ 139.620359, 35.753482 ], [ 139.620789, 35.753441 ], [ 139.620851, 35.753402 ], [ 139.62085, 35.753282 ], [ 139.620848, 35.753136 ], [ 139.620846, 35.752994 ], [ 139.620845, 35.752945 ], [ 139.620943, 35.752901 ], [ 139.621046, 35.752854 ], [ 139.620957, 35.752322 ], [ 139.621255, 35.752171 ], [ 139.621657, 35.751939 ], [ 139.621745, 35.751921 ], [ 139.622157, 35.751834 ], [ 139.622082, 35.751442 ], [ 139.622393, 35.751396 ], [ 139.622695, 35.751364 ], [ 139.622983, 35.751364 ], [ 139.622984, 35.751014 ], [ 139.623473, 35.751009 ], [ 139.623748, 35.751004 ] ] ] } },
{ "type": "Feature", "properties": { "key": "練馬区|谷原2丁目", "ward": "練馬区", "town": "谷原２丁目" }, "geometry": { "type": "Polygon", "coordinates": [ [ [ 139.618605, 35.751223 ], [ 139.619201, 35.751115 ], [ 139.619196, 35.751098 ], [ 139.619018, 35.750429 ], [ 139.618905, 35.750055 ], [ 139.618775, 35.749628 ], [ 139.618705, 35.749396 ], [ 139.618645, 35.749187 ], [ 139.618323, 35.749212 ], [ 139.617916, 35.749234 ], [ 139.617397, 35.749263 ], [ 139.616985, 35.74928 ], [ 139.616594, 35.749296 ], [ 139.616144, 35.74933 ], [ 139.615646, 35.749358 ], [ 139.61523, 35.749356 ], [ 139.61517, 35.74936 ], [ 139.614986, 35.749373 ], [ 139.614628, 35.749418 ], [ 139.614474, 35.749438 ], [ 139.614212, 35.749474 ], [ 139.613896, 35.749509 ], [ 139.613885, 35.74951 ], [ 139.61347, 35.749556 ], [ 139.613429, 35.74968 ], [ 139.613409, 35.750034 ], [ 139.613368, 35.750739 ], [ 139.613348, 35.75096 ], [ 139.613313, 35.751276 ], [ 139.613573, 35.751265 ], [ 139.613925, 35.751266 ], [ 139.613787, 35.751647 ], [ 139.613759, 35.751779 ], [ 139.613756, 35.751794 ], [ 139.613758, 35.751801 ], [ 139.613779, 35.751927 ], [ 139.613844, 35.752137 ], [ 139.614014, 35.752693 ], [ 139.614325, 35.752595 ], [ 139.614413, 35.752565 ], [ 139.614636, 35.752496 ], [ 139.61483, 35.752436 ], [ 139.615059, 35.752364 ], [ 139.615442, 35.752244 ], [ 139.616126, 35.75202 ], [ 139.616393, 35.751933 ], [ 139.616645, 35.751834 ], [ 139.616888, 35.751751 ], [ 139.617182, 35.751638 ], [ 139.617234, 35.751618 ], [ 139.617673, 35.751448 ], [ 139.617911, 35.751379 ], [ 139.618081, 35.751341 ], [ 139.618605, 35.751223 ] ] ] } },
{ "type": "Feature", "properties": { "key": "練馬区|谷原3丁目", "ward": "練馬区", "town": "谷原３丁目" }, "geometry": { "type": "Polygon", "coordinates": [ [ [ 139.618884, 35.755924 ], [ 139.619061, 35.755933 ], [ 139.619497, 35.755905 ], [ 139.619543, 35.755899 ], [ 139.619891, 35.755856 ], [ 139.61991, 35.755853 ], [ 139.620436, 35.755787 ], [ 139.620487, 35.75578 ], [ 139.620304, 35.755081 ], [ 139.620124, 35.754355 ], [ 139.620113, 35.754315 ], [ 139.619821, 35.753247 ], [ 139.619806, 35.753194 ], [ 139.6196, 35.752477 ], [ 139.619499, 35.752127 ], [ 139.619374, 35.751703 ], [ 139.619201, 35.751115 ], [ 139.618605, 35.751223 ], [ 139.618081, 35.751341 ], [ 139.617911, 35.751379 ], [ 139.617673, 35.751448 ], [ 139.617234, 35.751618 ], [ 139.617182, 35.751638 ], [ 139.616888, 35.751751 ], [ 139.616645, 35.751834 ], [ 139.616393, 35.751933 ], [ 139.616126, 35.75202 ], [ 139.615442, 35.752244 ], [ 139.615567, 35.75255 ], [ 139.615772, 35.753015 ], [ 139.616033, 35.753633 ], [ 139.616056, 35.753688 ], [ 139.616491, 35.753597 ], [ 139.616576, 35.754081 ], [ 139.616627, 35.754452 ], [ 139.616656, 35.754747 ], [ 139.61666, 35.754788 ], [ 139.616685, 35.754951 ], [ 139.616733, 35.755262 ], [ 139.616735, 35.755313 ], [ 139.61676, 35.756 ], [ 139.618034, 35.75602 ], [ 139.618126, 35.756003 ], [ 139.618322, 35.755933 ], [ 139.618487, 35.755931 ], [ 139.618527, 35.75593 ], [ 139.618884, 35.755924 ] ] ] } },
{ "type": "Feature", "properties": { "key": "練馬区|谷原4丁目", "ward": "練馬区", "town": "谷原４丁目" }, "geometry": { "type": "Polygon", "coordinates": [ [ [ 139.616491, 35.753597 ], [ 139.616056, 35.753688 ], [ 139.616033, 35.753633 ], [ 139.615772, 35.753015 ], [ 139.615567, 35.75255 ], [ 139.615442, 35.752244 ], [ 139.615059, 35.752364 ], [ 139.61483, 35.752436 ], [ 139.614636, 35.752496 ], [ 139.614413, 35.752565 ], [ 139.614325, 35.752595 ], [ 139.614014, 35.752693 ], [ 139.613973, 35.752707 ], [ 139.613961, 35.75271 ], [ 139.613671, 35.752802 ], [ 139.613108, 35.752989 ], [ 139.61272, 35.753103 ], [ 139.612042, 35.753307 ], [ 139.612116, 35.753789 ], [ 139.612145, 35.754003 ], [ 139.612179, 35.754259 ], [ 139.612274, 35.754892 ], [ 139.612285, 35.755042 ], [ 139.612326, 35.755719 ], [ 139.612362, 35.756351 ], [ 139.612378, 35.75658 ], [ 139.612395, 35.756729 ], [ 139.612452, 35.757237 ], [ 139.612521, 35.757862 ], [ 139.612641, 35.757954 ], [ 139.612805, 35.758071 ], [ 139.613127, 35.758276 ], [ 139.613487, 35.758545 ], [ 139.614097, 35.758525 ], [ 139.614091, 35.758142 ], [ 139.614451, 35.758118 ], [ 139.614871, 35.75809 ], [ 139.614766, 35.757471 ], [ 139.61476, 35.757437 ], [ 139.614713, 35.757123 ], [ 139.614623, 35.756514 ], [ 139.614568, 35.756139 ], [ 139.614952, 35.756113 ], [ 139.615472, 35.756078 ], [ 139.615823, 35.75606 ], [ 139.616055, 35.756049 ], [ 139.616341, 35.756035 ], [ 139.61676, 35.756 ], [ 139.616735, 35.755313 ], [ 139.616733, 35.755262 ], [ 139.616685, 35.754951 ], [ 139.61666, 35.754788 ], [ 139.616656, 35.754747 ], [ 139.616627, 35.754452 ], [ 139.616576, 35.754081 ], [ 139.616491, 35.753597 ] ] ] } },
{ "type": "Feature", "properties": { "key": "練馬区|谷原5丁目", "ward": "練馬区", "town": "谷原５丁目" }, "geometry": { "type": "Polygon", "coordinates": [ [ [ 139.613925, 35.751266 ], [ 139.613573, 35.751265 ], [ 139.613313, 35.751276 ], [ 139.613348, 35.75096 ], [ 139.613368, 35.750739 ], [ 139.613409, 35.750034 ], [ 139.613429, 35.74968 ], [ 139.61347, 35.749556 ], [ 139.612854, 35.749615 ], [ 139.612307, 35.749735 ], [ 139.612049, 35.749796 ], [ 139.611577, 35.749903 ], [ 139.611071, 35.750002 ], [ 139.61087, 35.750032 ], [ 139.610452, 35.75007 ], [ 139.609862, 35.750105 ], [ 139.609249, 35.7501 ], [ 139.608903, 35.750098 ], [ 139.608484, 35.750109 ], [ 139.607992, 35.750152 ], [ 139.607959, 35.750155 ], [ 139.607433, 35.750191 ], [ 139.607425, 35.750633 ], [ 139.607438, 35.750882 ], [ 139.607447, 35.751066 ], [ 139.607459, 35.751439 ], [ 139.607452, 35.75156 ], [ 139.607446, 35.75162 ], [ 139.607438, 35.751919 ], [ 139.607444, 35.751967 ], [ 139.607471, 35.752173 ], [ 139.607465, 35.75244 ], [ 139.607524, 35.753026 ], [ 139.607545, 35.753108 ], [ 139.607574, 35.75356 ], [ 139.607579, 35.75364 ], [ 139.607601, 35.753923 ], [ 139.607612, 35.754067 ], [ 139.607622, 35.75419 ], [ 139.607635, 35.754497 ], [ 139.607741, 35.754456 ], [ 139.608047, 35.754375 ], [ 139.608452, 35.754263 ], [ 139.608666, 35.754208 ], [ 139.60898, 35.754128 ], [ 139.609103, 35.754091 ], [ 139.609437, 35.754007 ], [ 139.609519, 35.753981 ], [ 139.609982, 35.753865 ], [ 139.610217, 35.753796 ], [ 139.610474, 35.753734 ], [ 139.610748, 35.75366 ], [ 139.611311, 35.753501 ], [ 139.611738, 35.753381 ], [ 139.612042, 35.753307 ], [ 139.61272, 35.753103 ], [ 139.613108, 35.752989 ], [ 139.613671, 35.752802 ], [ 139.613961, 35.75271 ], [ 139.613973, 35.752707 ], [ 139.614014, 35.752693 ], [ 139.613844, 35.752137 ], [ 139.613779, 35.751927 ], [ 139.613758, 35.751801 ], [ 139.613756, 35.751794 ], [ 139.613759, 35.751779 ], [ 139.613787, 35.751647 ], [ 139.613925, 35.751266 ] ] ] } },
{ "type": "Feature", "properties": { "key": "練馬区|谷原6丁目", "ward": "練馬区", "town": "谷原６丁目" }, "geometry": { "type": "Polygon", "coordinates": [ [ [ 139.610926, 35.757855 ], [ 139.611262, 35.757871 ], [ 139.611313, 35.757842 ], [ 139.611798, 35.757823 ], [ 139.612303, 35.757813 ], [ 139.612457, 35.757821 ], [ 139.612521, 35.757862 ], [ 139.612452, 35.757237 ], [ 139.612395, 35.756729 ], [ 139.612378, 35.75658 ], [ 139.612362, 35.756351 ], [ 139.612326, 35.755719 ], [ 139.612285, 35.755042 ], [ 139.612274, 35.754892 ], [ 139.612179, 35.754259 ], [ 139.612145, 35.754003 ], [ 139.612116, 35.753789 ], [ 139.612042, 35.753307 ], [ 139.611738, 35.753381 ], [ 139.611311, 35.753501 ], [ 139.610748, 35.75366 ], [ 139.610474, 35.753734 ], [ 139.610217, 35.753796 ], [ 139.609982, 35.753865 ], [ 139.609519, 35.753981 ], [ 139.609437, 35.754007 ], [ 139.609103, 35.754091 ], [ 139.60898, 35.754128 ], [ 139.608666, 35.754208 ], [ 139.608452, 35.754263 ], [ 139.608047, 35.754375 ], [ 139.607741, 35.754456 ], [ 139.607635, 35.754497 ], [ 139.607703, 35.754891 ], [ 139.607751, 35.755098 ], [ 139.607845, 35.755534 ], [ 139.607919, 35.755848 ], [ 139.607984, 35.756121 ], [ 139.608021, 35.756398 ], [ 139.608008, 35.756508 ], [ 139.608008, 35.756588 ], [ 139.607983, 35.756883 ], [ 139.607988, 35.756952 ], [ 139.607973, 35.757059 ], [ 139.607947, 35.757245 ], [ 139.607901, 35.757424 ], [ 139.607864, 35.757707 ], [ 139.608064, 35.757741 ], [ 139.60832, 35.757789 ], [ 139.608843, 35.757894 ], [ 139.60902, 35.757924 ], [ 139.609136, 35.757925 ], [ 139.60969, 35.757972 ], [ 139.609893, 35.757979 ], [ 139.610117, 35.757941 ], [ 139.610287, 35.757926 ], [ 139.610567, 35.757888 ], [ 139.610736, 35.757873 ], [ 139.610926, 35.757855 ] ] ] } },
{ "type": "Feature", "properties": { "key": "練馬区|三原台1丁目", "ward": "練馬区", "town": "三原台１丁目" }, "geometry": { "type": "Polygon", "coordinates": [ [ [ 139.607433, 35.750191 ], [ 139.607292, 35.750202 ], [ 139.606935, 35.750208 ], [ 139.606906, 35.750209 ], [ 139.60657, 35.750218 ], [ 139.606374, 35.750227 ], [ 139.60611, 35.750233 ], [ 139.605807, 35.750236 ], [ 139.60544, 35.750254 ], [ 139.604933, 35.750262 ], [ 139.604707, 35.750273 ], [ 139.604508, 35.75028 ], [ 139.604281, 35.750277 ], [ 139.604116, 35.750289 ], [ 139.603975, 35.750299 ], [ 139.603748, 35.750295 ], [ 139.603561, 35.750277 ], [ 139.603276, 35.750282 ], [ 139.603005, 35.75032 ], [ 139.602758, 35.750326 ], [ 139.602208, 35.750338 ], [ 139.602062, 35.751197 ], [ 139.602057, 35.751211 ], [ 139.601979, 35.752018 ], [ 139.601942, 35.752387 ], [ 139.601835, 35.752863 ], [ 139.601769, 35.753081 ], [ 139.601839, 35.753096 ], [ 139.601977, 35.753101 ], [ 139.602198, 35.75319 ], [ 139.60236, 35.753323 ], [ 139.602435, 35.753372 ], [ 139.60251, 35.753428 ], [ 139.602837, 35.753704 ], [ 139.603034, 35.753854 ], [ 139.603207, 35.75398 ], [ 139.603276, 35.754025 ], [ 139.6035, 35.754183 ], [ 139.603689, 35.754352 ], [ 139.603939, 35.754689 ], [ 139.603985, 35.754771 ], [ 139.604205, 35.755148 ], [ 139.604376, 35.755447 ], [ 139.604738, 35.755332 ], [ 139.604897, 35.755295 ], [ 139.604995, 35.755269 ], [ 139.605505, 35.755118 ], [ 139.605927, 35.754982 ], [ 139.606101, 35.754925 ], [ 139.606483, 35.754818 ], [ 139.606806, 35.754731 ], [ 139.606986, 35.754678 ], [ 139.607354, 35.754582 ], [ 139.607635, 35.754497 ], [ 139.607622, 35.75419 ], [ 139.607612, 35.754067 ], [ 139.607601, 35.753923 ], [ 139.607579, 35.75364 ], [ 139.607574, 35.75356 ], [ 139.607545, 35.753108 ], [ 139.607524, 35.753026 ], [ 139.607465, 35.75244 ], [ 139.607471, 35.752173 ], [ 139.607444, 35.751967 ], [ 139.607438, 35.751919 ], [ 139.607446, 35.75162 ], [ 139.607452, 35.75156 ], [ 139.607459, 35.751439 ], [ 139.607447, 35.751066 ], [ 139.607438, 35.750882 ], [ 139.607425, 35.750633 ], [ 139.607433, 35.750191 ] ] ] } },
{ "type": "Feature", "properties": { "key": "練馬区|三原台2丁目", "ward": "練馬区", "town": "三原台２丁目" }, "geometry": { "type": "Polygon", "coordinates": [ [ [ 139.606522, 35.757845 ], [ 139.606647, 35.757845 ], [ 139.607109, 35.757827 ], [ 139.607259, 35.757802 ], [ 139.607519, 35.75775 ], [ 139.607864, 35.757707 ], [ 139.607901, 35.757424 ], [ 139.607947, 35.757245 ], [ 139.607973, 35.757059 ], [ 139.607988, 35.756952 ], [ 139.607983, 35.756883 ], [ 139.608008, 35.756588 ], [ 139.608008, 35.756508 ], [ 139.608021, 35.756398 ], [ 139.607984, 35.756121 ], [ 139.607919, 35.755848 ], [ 139.607845, 35.755534 ], [ 139.607751, 35.755098 ], [ 139.607703, 35.754891 ], [ 139.607635, 35.754497 ], [ 139.607354, 35.754582 ], [ 139.606986, 35.754678 ], [ 139.606806, 35.754731 ], [ 139.606483, 35.754818 ], [ 139.606101, 35.754925 ], [ 139.605927, 35.754982 ], [ 139.605505, 35.755118 ], [ 139.604995, 35.755269 ], [ 139.604897, 35.755295 ], [ 139.604738, 35.755332 ], [ 139.604376, 35.755447 ], [ 139.603337, 35.755762 ], [ 139.603152, 35.755818 ], [ 139.603007, 35.755853 ], [ 139.602958, 35.755865 ], [ 139.602587, 35.755955 ], [ 139.602432, 35.755992 ], [ 139.602415, 35.755997 ], [ 139.601829, 35.75616 ], [ 139.601226, 35.756329 ], [ 139.600868, 35.75643 ], [ 139.600994, 35.756525 ], [ 139.601319, 35.756771 ], [ 139.601396, 35.756841 ], [ 139.60142, 35.756861 ], [ 139.601646, 35.757053 ], [ 139.601906, 35.757237 ], [ 139.602185, 35.757427 ], [ 139.602286, 35.757519 ], [ 139.602504, 35.757662 ], [ 139.602557, 35.757686 ], [ 139.602961, 35.757628 ], [ 139.60324, 35.757571 ], [ 139.603445, 35.757598 ], [ 139.603453, 35.757628 ], [ 139.603471, 35.757635 ], [ 139.603826, 35.757764 ], [ 139.604023, 35.757808 ], [ 139.604141, 35.757808 ], [ 139.604354, 35.757819 ], [ 139.604461, 35.757838 ], [ 139.604689, 35.757853 ], [ 139.605066, 35.757871 ], [ 139.605181, 35.75789 ], [ 139.605726, 35.757876 ], [ 139.606522, 35.757845 ] ] ] } },
{ "type": "Feature", "properties": { "key": "練馬区|三原台3丁目", "ward": "練馬区", "town": "三原台３丁目" }, "geometry": { "type": "Polygon", "coordinates": [ [ [ 139.601881, 35.750329 ], [ 139.601549, 35.750338 ], [ 139.60148, 35.750345 ], [ 139.601223, 35.750356 ], [ 139.600763, 35.750417 ], [ 139.600562, 35.750423 ], [ 139.600294, 35.750447 ], [ 139.599813, 35.750511 ], [ 139.599633, 35.750521 ], [ 139.599254, 35.750557 ], [ 139.598748, 35.750566 ], [ 139.598621, 35.750568 ], [ 139.598414, 35.750572 ], [ 139.597751, 35.750576 ], [ 139.597516, 35.750583 ], [ 139.597555, 35.750665 ], [ 139.597692, 35.751058 ], [ 139.597738, 35.751223 ], [ 139.597749, 35.751338 ], [ 139.597746, 35.751517 ], [ 139.597759, 35.751676 ], [ 139.597875, 35.75204 ], [ 139.597958, 35.752252 ], [ 139.59796, 35.752255 ], [ 139.598162, 35.752604 ], [ 139.598445, 35.753089 ], [ 139.598462, 35.753125 ], [ 139.598471, 35.753143 ], [ 139.598648, 35.753459 ], [ 139.598883, 35.753894 ], [ 139.599027, 35.754186 ], [ 139.599242, 35.754694 ], [ 139.599309, 35.754865 ], [ 139.59947, 35.755106 ], [ 139.599685, 35.755379 ], [ 139.599887, 35.755621 ], [ 139.599963, 35.7557 ], [ 139.600181, 35.755904 ], [ 139.600231, 35.755944 ], [ 139.600555, 35.75619 ], [ 139.600571, 35.756203 ], [ 139.600724, 35.756314 ], [ 139.600868, 35.75643 ], [ 139.601226, 35.756329 ], [ 139.601829, 35.75616 ], [ 139.602415, 35.755997 ], [ 139.602432, 35.755992 ], [ 139.602587, 35.755955 ], [ 139.602958, 35.755865 ], [ 139.603007, 35.755853 ], [ 139.603152, 35.755818 ], [ 139.603337, 35.755762 ], [ 139.604376, 35.755447 ], [ 139.604205, 35.755148 ], [ 139.603985, 35.754771 ], [ 139.603939, 35.754689 ], [ 139.603689, 35.754352 ], [ 139.6035, 35.754183 ], [ 139.603276, 35.754025 ], [ 139.603207, 35.75398 ], [ 139.603034, 35.753854 ], [ 139.602837, 35.753704 ], [ 139.60251, 35.753428 ], [ 139.602435, 35.753372 ], [ 139.60236, 35.753323 ], [ 139.602198, 35.75319 ], [ 139.601977, 35.753101 ], [ 139.601839, 35.753096 ], [ 139.601769, 35.753081 ], [ 139.601835, 35.752863 ], [ 139.601942, 35.752387 ], [ 139.601979, 35.752018 ], [ 139.602057, 35.751211 ], [ 139.602062, 35.751197 ], [ 139.602208, 35.750338 ], [ 139.601881, 35.750329 ] ] ] } },
{ "type": "Feature", "properties": { "key": "練馬区|石神井町1丁目", "ward": "練馬区", "town": "石神井町１丁目" }, "geometry": { "type": "Polygon", "coordinates": [ [ [ 139.615108, 35.739747 ], [ 139.615106, 35.739539 ], [ 139.6151, 35.739469 ], [ 139.614803, 35.739106 ], [ 139.614503, 35.739078 ], [ 139.614356, 35.739085 ], [ 139.614144, 35.739109 ], [ 139.613411, 35.739208 ], [ 139.613036, 35.739257 ], [ 139.6129, 35.739276 ], [ 139.61245, 35.739336 ], [ 139.6124, 35.739343 ], [ 139.611848, 35.739417 ], [ 139.611135, 35.739513 ], [ 139.610768, 35.739559 ], [ 139.610519, 35.73959 ], [ 139.610087, 35.739635 ], [ 139.609837, 35.73967 ], [ 139.609215, 35.73976 ], [ 139.60869, 35.739814 ], [ 139.608664, 35.739814 ], [ 139.608598, 35.739925 ], [ 139.608483, 35.740086 ], [ 139.608396, 35.740246 ], [ 139.608372, 35.740284 ], [ 139.608288, 35.740418 ], [ 139.608172, 35.740604 ], [ 139.608027, 35.740825 ], [ 139.607758, 35.741248 ], [ 139.607698, 35.741327 ], [ 139.607678, 35.741345 ], [ 139.607431, 35.741603 ], [ 139.607286, 35.741787 ], [ 139.607234, 35.742142 ], [ 139.607167, 35.742531 ], [ 139.607229, 35.74268 ], [ 139.607392, 35.742941 ], [ 139.607419, 35.742971 ], [ 139.607688, 35.743293 ], [ 139.607708, 35.743318 ], [ 139.607785, 35.74341 ], [ 139.607795, 35.743407 ], [ 139.607878, 35.743395 ], [ 139.608242, 35.74332 ], [ 139.608776, 35.743193 ], [ 139.609219, 35.743098 ], [ 139.609576, 35.743008 ], [ 139.609983, 35.74292 ], [ 139.610034, 35.742909 ], [ 139.610734, 35.742758 ], [ 139.610983, 35.74268 ], [ 139.611532, 35.742569 ], [ 139.612194, 35.742407 ], [ 139.612323, 35.742376 ], [ 139.612968, 35.742232 ], [ 139.613574, 35.742099 ], [ 139.613606, 35.742092 ], [ 139.613999, 35.742006 ], [ 139.614353, 35.741903 ], [ 139.614495, 35.741857 ], [ 139.614931, 35.741704 ], [ 139.615145, 35.741617 ], [ 139.615306, 35.741552 ], [ 139.615308, 35.741285 ], [ 139.615237, 35.741084 ], [ 139.615189, 35.740862 ], [ 139.615147, 35.740378 ], [ 139.615137, 35.740237 ], [ 139.615108, 35.739747 ] ] ] } },
{ "type": "Feature", "properties": { "key": "練馬区|石神井町2丁目", "ward": "練馬区", "town": "石神井町２丁目" }, "geometry": { "type": "Polygon", "coordinates": [ [ [ 139.609883, 35.745967 ], [ 139.609893, 35.745971 ], [ 139.609997, 35.745798 ], [ 139.610014, 35.745773 ], [ 139.610113, 35.745623 ], [ 139.610379, 35.745222 ], [ 139.610513, 35.74512 ], [ 139.610682, 35.745044 ], [ 139.611151, 35.744863 ], [ 139.611194, 35.744825 ], [ 139.61123, 35.744796 ], [ 139.611368, 35.744686 ], [ 139.611481, 35.744525 ], [ 139.61154, 35.744409 ], [ 139.611548, 35.744237 ], [ 139.611558, 35.744007 ], [ 139.611515, 35.743453 ], [ 139.611608, 35.743428 ], [ 139.611606, 35.743407 ], [ 139.611531, 35.742608 ], [ 139.611532, 35.742569 ], [ 139.610983, 35.74268 ], [ 139.610734, 35.742758 ], [ 139.610034, 35.742909 ], [ 139.609983, 35.74292 ], [ 139.609576, 35.743008 ], [ 139.609219, 35.743098 ], [ 139.608776, 35.743193 ], [ 139.608242, 35.74332 ], [ 139.607878, 35.743395 ], [ 139.607795, 35.743407 ], [ 139.607785, 35.74341 ], [ 139.607761, 35.743417 ], [ 139.606725, 35.743726 ], [ 139.606454, 35.743811 ], [ 139.606616, 35.744193 ], [ 139.606469, 35.744497 ], [ 139.606294, 35.744859 ], [ 139.606155, 35.745061 ], [ 139.606069, 35.74516 ], [ 139.60596, 35.745287 ], [ 139.605903, 35.745378 ], [ 139.605857, 35.745582 ], [ 139.605837, 35.74574 ], [ 139.605704, 35.746047 ], [ 139.605671, 35.746208 ], [ 139.605651, 35.746393 ], [ 139.60561, 35.746713 ], [ 139.605575, 35.746984 ], [ 139.605556, 35.747109 ], [ 139.60551, 35.747432 ], [ 139.605556, 35.747622 ], [ 139.605547, 35.747736 ], [ 139.605532, 35.747866 ], [ 139.605499, 35.747984 ], [ 139.605457, 35.748054 ], [ 139.605323, 35.748159 ], [ 139.605289, 35.748257 ], [ 139.605252, 35.748364 ], [ 139.605174, 35.748715 ], [ 139.605139, 35.748872 ], [ 139.605096, 35.749159 ], [ 139.605046, 35.749388 ], [ 139.605037, 35.749418 ], [ 139.604989, 35.749723 ], [ 139.604924, 35.75002 ], [ 139.604933, 35.750262 ], [ 139.60544, 35.750254 ], [ 139.605807, 35.750236 ], [ 139.60611, 35.750233 ], [ 139.606374, 35.750227 ], [ 139.60657, 35.750218 ], [ 139.606906, 35.750209 ], [ 139.606935, 35.750208 ], [ 139.607292, 35.750202 ], [ 139.607433, 35.750191 ], [ 139.607959, 35.750155 ], [ 139.607992, 35.750152 ], [ 139.608045, 35.749641 ], [ 139.608058, 35.749594 ], [ 139.608393, 35.748859 ], [ 139.608396, 35.748852 ], [ 139.6084, 35.748842 ], [ 139.608623, 35.748261 ], [ 139.608865, 35.747567 ], [ 139.608872, 35.747545 ], [ 139.608937, 35.747356 ], [ 139.609069, 35.74697 ], [ 139.609169, 35.746697 ], [ 139.609208, 35.746626 ], [ 139.609233, 35.74658 ], [ 139.609356, 35.746442 ], [ 139.609475, 35.746316 ], [ 139.609561, 35.746237 ], [ 139.609721, 35.74609 ], [ 139.609883, 35.745967 ] ] ] } },
{ "type": "Feature", "properties": { "key": "練馬区|石神井町3丁目", "ward": "練馬区", "town": "石神井町３丁目" }, "geometry": { "type": "Polygon", "coordinates": [ [ [ 139.608172, 35.740604 ], [ 139.608288, 35.740418 ], [ 139.608372, 35.740284 ], [ 139.60815, 35.740225 ], [ 139.607475, 35.740044 ], [ 139.607094, 35.739942 ], [ 139.606908, 35.739892 ], [ 139.606263, 35.739719 ], [ 139.606271, 35.739751 ], [ 139.606347, 35.74007 ], [ 139.606351, 35.74014 ], [ 139.606341, 35.740196 ], [ 139.606327, 35.740283 ], [ 139.60626, 35.740404 ], [ 139.606103, 35.740648 ], [ 139.606083, 35.740634 ], [ 139.605927, 35.740529 ], [ 139.605721, 35.740406 ], [ 139.605548, 35.740291 ], [ 139.605343, 35.740226 ], [ 139.604403, 35.740355 ], [ 139.604328, 35.740655 ], [ 139.604219, 35.740867 ], [ 139.604109, 35.741054 ], [ 139.604, 35.741282 ], [ 139.603815, 35.741596 ], [ 139.603632, 35.741923 ], [ 139.603581, 35.741997 ], [ 139.603624, 35.742099 ], [ 139.603216, 35.742266 ], [ 139.603034, 35.742348 ], [ 139.602849, 35.742457 ], [ 139.602568, 35.742631 ], [ 139.60239, 35.742745 ], [ 139.602029, 35.742971 ], [ 139.601794, 35.743093 ], [ 139.601469, 35.743272 ], [ 139.602009, 35.743414 ], [ 139.602094, 35.743436 ], [ 139.602486, 35.743543 ], [ 139.602567, 35.743565 ], [ 139.603294, 35.743827 ], [ 139.603332, 35.74384 ], [ 139.603481, 35.743892 ], [ 139.603859, 35.744025 ], [ 139.604147, 35.744148 ], [ 139.604413, 35.744261 ], [ 139.604917, 35.744134 ], [ 139.605135, 35.744088 ], [ 139.60528, 35.744067 ], [ 139.605753, 35.744007 ], [ 139.60589, 35.743963 ], [ 139.606168, 35.743901 ], [ 139.606454, 35.743811 ], [ 139.606725, 35.743726 ], [ 139.607761, 35.743417 ], [ 139.607785, 35.74341 ], [ 139.607708, 35.743318 ], [ 139.607688, 35.743293 ], [ 139.607419, 35.742971 ], [ 139.607392, 35.742941 ], [ 139.607229, 35.74268 ], [ 139.607167, 35.742531 ], [ 139.607234, 35.742142 ], [ 139.607286, 35.741787 ], [ 139.607431, 35.741603 ], [ 139.607678, 35.741345 ], [ 139.607698, 35.741327 ], [ 139.607758, 35.741248 ], [ 139.608027, 35.740825 ], [ 139.608172, 35.740604 ] ] ] } },
{ "type": "Feature", "properties": { "key": "練馬区|石神井町4丁目", "ward": "練馬区", "town": "石神井町４丁目" }, "geometry": { "type": "Polygon", "coordinates": [ [ [ 139.601881, 35.750329 ], [ 139.602208, 35.750338 ], [ 139.602758, 35.750326 ], [ 139.603005, 35.75032 ], [ 139.603276, 35.750282 ], [ 139.603561, 35.750277 ], [ 139.603748, 35.750295 ], [ 139.603975, 35.750299 ], [ 139.604116, 35.750289 ], [ 139.604281, 35.750277 ], [ 139.604508, 35.75028 ], [ 139.604707, 35.750273 ], [ 139.604933, 35.750262 ], [ 139.604924, 35.75002 ], [ 139.604989, 35.749723 ], [ 139.605037, 35.749418 ], [ 139.605046, 35.749388 ], [ 139.605096, 35.749159 ], [ 139.605139, 35.748872 ], [ 139.605174, 35.748715 ], [ 139.605252, 35.748364 ], [ 139.605289, 35.748257 ], [ 139.605323, 35.748159 ], [ 139.605457, 35.748054 ], [ 139.605499, 35.747984 ], [ 139.605532, 35.747866 ], [ 139.605547, 35.747736 ], [ 139.605556, 35.747622 ], [ 139.60551, 35.747432 ], [ 139.605556, 35.747109 ], [ 139.605575, 35.746984 ], [ 139.60561, 35.746713 ], [ 139.605651, 35.746393 ], [ 139.605671, 35.746208 ], [ 139.605704, 35.746047 ], [ 139.605837, 35.74574 ], [ 139.605857, 35.745582 ], [ 139.605903, 35.745378 ], [ 139.60596, 35.745287 ], [ 139.606069, 35.74516 ], [ 139.606155, 35.745061 ], [ 139.606294, 35.744859 ], [ 139.606469, 35.744497 ], [ 139.606616, 35.744193 ], [ 139.606454, 35.743811 ], [ 139.606168, 35.743901 ], [ 139.60589, 35.743963 ], [ 139.605753, 35.744007 ], [ 139.60528, 35.744067 ], [ 139.605135, 35.744088 ], [ 139.604917, 35.744134 ], [ 139.604413, 35.744261 ], [ 139.604007, 35.744399 ], [ 139.603739, 35.744441 ], [ 139.603575, 35.7449 ], [ 139.603537, 35.744995 ], [ 139.603474, 35.745149 ], [ 139.603398, 35.745368 ], [ 139.603247, 35.745775 ], [ 139.603112, 35.746128 ], [ 139.603095, 35.74617 ], [ 139.602996, 35.746442 ], [ 139.602968, 35.746519 ], [ 139.60294, 35.746673 ], [ 139.602869, 35.746986 ], [ 139.602822, 35.747116 ], [ 139.602751, 35.747243 ], [ 139.602389, 35.747606 ], [ 139.602156, 35.747797 ], [ 139.601901, 35.748019 ], [ 139.60151, 35.74856 ], [ 139.601475, 35.748684 ], [ 139.601302, 35.749026 ], [ 139.601154, 35.749355 ], [ 139.601034, 35.749606 ], [ 139.60096, 35.749765 ], [ 139.600924, 35.749845 ], [ 139.600773, 35.750263 ], [ 139.600763, 35.750417 ], [ 139.601223, 35.750356 ], [ 139.60148, 35.750345 ], [ 139.601549, 35.750338 ], [ 139.601881, 35.750329 ] ] ] } },
{ "type": "Feature", "properties": { "key": "練馬区|石神井町5丁目", "ward": "練馬区", "town": "石神井町５丁目" }, "geometry": { "type": "Polygon", "coordinates": [ [ [ 139.606341, 35.740196 ], [ 139.606351, 35.74014 ], [ 139.606347, 35.74007 ], [ 139.606271, 35.739751 ], [ 139.606263, 35.739719 ], [ 139.606908, 35.739892 ], [ 139.607094, 35.739942 ], [ 139.607475, 35.740044 ], [ 139.60815, 35.740225 ], [ 139.608372, 35.740284 ], [ 139.608396, 35.740246 ], [ 139.608483, 35.740086 ], [ 139.608598, 35.739925 ], [ 139.608664, 35.739814 ], [ 139.60852, 35.739809 ], [ 139.608396, 35.739784 ], [ 139.608302, 35.73973 ], [ 139.608189, 35.7396 ], [ 139.607894, 35.739263 ], [ 139.607543, 35.738893 ], [ 139.607236, 35.738559 ], [ 139.607217, 35.738539 ], [ 139.606895, 35.738187 ], [ 139.606883, 35.738177 ], [ 139.606588, 35.737855 ], [ 139.606258, 35.737497 ], [ 139.606236, 35.737473 ], [ 139.605925, 35.737144 ], [ 139.605888, 35.737105 ], [ 139.605619, 35.736877 ], [ 139.60519, 35.736523 ], [ 139.605046, 35.736398 ], [ 139.604922, 35.736344 ], [ 139.604872, 35.736326 ], [ 139.604381, 35.736241 ], [ 139.603857, 35.736151 ], [ 139.603351, 35.736063 ], [ 139.603345, 35.736062 ], [ 139.602953, 35.735994 ], [ 139.602014, 35.735829 ], [ 139.601476, 35.735736 ], [ 139.601443, 35.73573 ], [ 139.600962, 35.735647 ], [ 139.600046, 35.735481 ], [ 139.600026, 35.735456 ], [ 139.60004, 35.735978 ], [ 139.599922, 35.736022 ], [ 139.599902, 35.736038 ], [ 139.599633, 35.736414 ], [ 139.599528, 35.736598 ], [ 139.599436, 35.736781 ], [ 139.599376, 35.736875 ], [ 139.599211, 35.737224 ], [ 139.59913, 35.737375 ], [ 139.599017, 35.737551 ], [ 139.598929, 35.737698 ], [ 139.598826, 35.73787 ], [ 139.598664, 35.738152 ], [ 139.598573, 35.738303 ], [ 139.598733, 35.738381 ], [ 139.598976, 35.738528 ], [ 139.599564, 35.738954 ], [ 139.599897, 35.739183 ], [ 139.600416, 35.739542 ], [ 139.600716, 35.739699 ], [ 139.600853, 35.739744 ], [ 139.601009, 35.73979 ], [ 139.601414, 35.739864 ], [ 139.601551, 35.739904 ], [ 139.601711, 35.739937 ], [ 139.601898, 35.739942 ], [ 139.602074, 35.739932 ], [ 139.60215, 35.739947 ], [ 139.602435, 35.739968 ], [ 139.602715, 35.740004 ], [ 139.602919, 35.740044 ], [ 139.603031, 35.74009 ], [ 139.603342, 35.740274 ], [ 139.603443, 35.740326 ], [ 139.603615, 35.740353 ], [ 139.603973, 35.740377 ], [ 139.604196, 35.740375 ], [ 139.60439, 35.740357 ], [ 139.604403, 35.740355 ], [ 139.605343, 35.740226 ], [ 139.605548, 35.740291 ], [ 139.605721, 35.740406 ], [ 139.605927, 35.740529 ], [ 139.606083, 35.740634 ], [ 139.606103, 35.740648 ], [ 139.60626, 35.740404 ], [ 139.606327, 35.740283 ], [ 139.606341, 35.740196 ] ] ] } },
{ "type": "Feature", "properties": { "key": "練馬区|石神井町6丁目", "ward": "練馬区", "town": "石神井町６丁目" }, "geometry": { "type": "Polygon", "coordinates": [ [ [ 139.604403, 35.740355 ], [ 139.60439, 35.740357 ], [ 139.604196, 35.740375 ], [ 139.603973, 35.740377 ], [ 139.603615, 35.740353 ], [ 139.603443, 35.740326 ], [ 139.603342, 35.740274 ], [ 139.603031, 35.74009 ], [ 139.602919, 35.740044 ], [ 139.602715, 35.740004 ], [ 139.602435, 35.739968 ], [ 139.60215, 35.739947 ], [ 139.602074, 35.739932 ], [ 139.601898, 35.739942 ], [ 139.601711, 35.739937 ], [ 139.601551, 35.739904 ], [ 139.601414, 35.739864 ], [ 139.601009, 35.73979 ], [ 139.600853, 35.739744 ], [ 139.600716, 35.739699 ], [ 139.600416, 35.739542 ], [ 139.599897, 35.739183 ], [ 139.599564, 35.738954 ], [ 139.598976, 35.738528 ], [ 139.598733, 35.738381 ], [ 139.598573, 35.738303 ], [ 139.598421, 35.738554 ], [ 139.598242, 35.738821 ], [ 139.598125, 35.738963 ], [ 139.598042, 35.739058 ], [ 139.597843, 35.739301 ], [ 139.597733, 35.739512 ], [ 139.597605, 35.739822 ], [ 139.597504, 35.740068 ], [ 139.597331, 35.740423 ], [ 139.597135, 35.740874 ], [ 139.597018, 35.741153 ], [ 139.596862, 35.741583 ], [ 139.596797, 35.74176 ], [ 139.597017, 35.741834 ], [ 139.597353, 35.74195 ], [ 139.597548, 35.742015 ], [ 139.59789, 35.74213 ], [ 139.597971, 35.742156 ], [ 139.598098, 35.742199 ], [ 139.598368, 35.742289 ], [ 139.598634, 35.742383 ], [ 139.599164, 35.742544 ], [ 139.599993, 35.742806 ], [ 139.600129, 35.742847 ], [ 139.600571, 35.74299 ], [ 139.600681, 35.743024 ], [ 139.601182, 35.743178 ], [ 139.601405, 35.743252 ], [ 139.601469, 35.743272 ], [ 139.601794, 35.743093 ], [ 139.602029, 35.742971 ], [ 139.60239, 35.742745 ], [ 139.602568, 35.742631 ], [ 139.602849, 35.742457 ], [ 139.603034, 35.742348 ], [ 139.603216, 35.742266 ], [ 139.603624, 35.742099 ], [ 139.603581, 35.741997 ], [ 139.603632, 35.741923 ], [ 139.603815, 35.741596 ], [ 139.604, 35.741282 ], [ 139.604109, 35.741054 ], [ 139.604219, 35.740867 ], [ 139.604328, 35.740655 ], [ 139.604403, 35.740355 ] ] ] } },
{ "type": "Feature", "properties": { "key": "練馬区|石神井町7丁目", "ward": "練馬区", "town": "石神井町７丁目" }, "geometry": { "type": "Polygon", "coordinates": [ [ [ 139.601768, 35.744844 ], [ 139.601773, 35.744851 ], [ 139.601979, 35.744816 ], [ 139.602979, 35.744588 ], [ 139.603457, 35.744487 ], [ 139.603739, 35.744441 ], [ 139.604007, 35.744399 ], [ 139.604413, 35.744261 ], [ 139.604147, 35.744148 ], [ 139.603859, 35.744025 ], [ 139.603481, 35.743892 ], [ 139.603332, 35.74384 ], [ 139.603294, 35.743827 ], [ 139.602567, 35.743565 ], [ 139.602486, 35.743543 ], [ 139.602094, 35.743436 ], [ 139.602009, 35.743414 ], [ 139.601469, 35.743272 ], [ 139.601405, 35.743252 ], [ 139.601182, 35.743178 ], [ 139.600681, 35.743024 ], [ 139.600571, 35.74299 ], [ 139.600129, 35.742847 ], [ 139.599993, 35.742806 ], [ 139.599164, 35.742544 ], [ 139.598634, 35.742383 ], [ 139.598368, 35.742289 ], [ 139.598098, 35.742199 ], [ 139.597971, 35.742156 ], [ 139.59789, 35.74213 ], [ 139.597548, 35.742015 ], [ 139.597353, 35.74195 ], [ 139.597017, 35.741834 ], [ 139.596797, 35.74176 ], [ 139.596283, 35.741581 ], [ 139.596008, 35.741485 ], [ 139.595965, 35.741581 ], [ 139.595811, 35.741926 ], [ 139.595631, 35.742324 ], [ 139.595564, 35.742485 ], [ 139.595559, 35.742497 ], [ 139.595553, 35.742513 ], [ 139.595524, 35.742581 ], [ 139.595371, 35.742863 ], [ 139.595275, 35.742984 ], [ 139.595144, 35.743125 ], [ 139.595056, 35.743263 ], [ 139.595005, 35.743373 ], [ 139.59499, 35.743412 ], [ 139.594774, 35.743936 ], [ 139.59468, 35.74419 ], [ 139.594663, 35.74423 ], [ 139.594499, 35.744616 ], [ 139.59441, 35.745059 ], [ 139.594407, 35.745083 ], [ 139.594387, 35.745222 ], [ 139.594321, 35.745767 ], [ 139.594301, 35.746055 ], [ 139.594297, 35.746265 ], [ 139.594877, 35.746317 ], [ 139.595033, 35.746361 ], [ 139.59597, 35.746139 ], [ 139.59653, 35.746008 ], [ 139.596663, 35.745977 ], [ 139.597716, 35.745742 ], [ 139.598379, 35.745594 ], [ 139.599044, 35.745448 ], [ 139.599474, 35.745354 ], [ 139.600677, 35.745082 ], [ 139.601257, 35.74495 ], [ 139.601768, 35.744844 ] ] ] } },
{ "type": "Feature", "properties": { "key": "練馬区|石神井町8丁目", "ward": "練馬区", "town": "石神井町８丁目" }, "geometry": { "type": "Polygon", "coordinates": [ [ [ 139.603095, 35.74617 ], [ 139.603112, 35.746128 ], [ 139.603247, 35.745775 ], [ 139.603398, 35.745368 ], [ 139.603474, 35.745149 ], [ 139.603537, 35.744995 ], [ 139.603575, 35.7449 ], [ 139.603739, 35.744441 ], [ 139.603457, 35.744487 ], [ 139.602979, 35.744588 ], [ 139.601979, 35.744816 ], [ 139.601773, 35.744851 ], [ 139.601768, 35.744844 ], [ 139.601257, 35.74495 ], [ 139.600677, 35.745082 ], [ 139.599474, 35.745354 ], [ 139.599044, 35.745448 ], [ 139.598379, 35.745594 ], [ 139.597716, 35.745742 ], [ 139.596663, 35.745977 ], [ 139.59653, 35.746008 ], [ 139.59597, 35.746139 ], [ 139.595033, 35.746361 ], [ 139.595088, 35.746376 ], [ 139.59522, 35.746362 ], [ 139.595398, 35.74637 ], [ 139.595547, 35.74671 ], [ 139.595642, 35.746891 ], [ 139.595832, 35.747334 ], [ 139.595866, 35.747415 ], [ 139.596096, 35.747953 ], [ 139.596262, 35.748342 ], [ 139.596451, 35.74875 ], [ 139.596459, 35.748768 ], [ 139.596682, 35.749248 ], [ 139.596808, 35.749514 ], [ 139.596959, 35.749816 ], [ 139.596977, 35.749852 ], [ 139.597138, 35.750219 ], [ 139.59729, 35.750565 ], [ 139.597301, 35.75059 ], [ 139.597516, 35.750583 ], [ 139.597751, 35.750576 ], [ 139.598414, 35.750572 ], [ 139.598621, 35.750568 ], [ 139.598748, 35.750566 ], [ 139.599254, 35.750557 ], [ 139.599633, 35.750521 ], [ 139.599813, 35.750511 ], [ 139.600294, 35.750447 ], [ 139.600562, 35.750423 ], [ 139.600763, 35.750417 ], [ 139.600773, 35.750263 ], [ 139.600924, 35.749845 ], [ 139.60096, 35.749765 ], [ 139.601034, 35.749606 ], [ 139.601154, 35.749355 ], [ 139.601302, 35.749026 ], [ 139.601475, 35.748684 ], [ 139.60151, 35.74856 ], [ 139.601901, 35.748019 ], [ 139.602156, 35.747797 ], [ 139.602389, 35.747606 ], [ 139.602751, 35.747243 ], [ 139.602822, 35.747116 ], [ 139.602869, 35.746986 ], [ 139.60294, 35.746673 ], [ 139.602968, 35.746519 ], [ 139.602996, 35.746442 ], [ 139.603095, 35.74617 ] ] ] } },
{ "type": "Feature", "properties": { "key": "練馬区|石神井台1丁目", "ward": "練馬区", "town": "石神井台１丁目" }, "geometry": { "type": "Polygon", "coordinates": [ [ [ 139.597541, 35.733937 ], [ 139.597333, 35.733858 ], [ 139.596845, 35.733671 ], [ 139.59639, 35.733497 ], [ 139.596339, 35.733478 ], [ 139.595605, 35.733473 ], [ 139.595727, 35.734112 ], [ 139.595574, 35.734104 ], [ 139.595063, 35.73407 ], [ 139.59489, 35.734041 ], [ 139.594543, 35.733982 ], [ 139.594354, 35.733986 ], [ 139.594361, 35.734398 ], [ 139.594369, 35.734491 ], [ 139.594236, 35.73471 ], [ 139.594244, 35.734766 ], [ 139.594307, 35.734865 ], [ 139.594349, 35.734965 ], [ 139.594312, 35.735313 ], [ 139.594277, 35.735547 ], [ 139.594203, 35.73615 ], [ 139.594174, 35.736499 ], [ 139.59414, 35.736799 ], [ 139.594114, 35.736844 ], [ 139.593986, 35.736924 ], [ 139.593852, 35.737032 ], [ 139.59382, 35.737139 ], [ 139.593796, 35.737717 ], [ 139.593764, 35.738011 ], [ 139.593712, 35.738141 ], [ 139.593662, 35.738218 ], [ 139.593428, 35.738493 ], [ 139.593255, 35.738748 ], [ 139.592862, 35.739348 ], [ 139.592769, 35.739504 ], [ 139.592616, 35.739789 ], [ 139.592402, 35.740305 ], [ 139.592529, 35.740343 ], [ 139.592876, 35.740445 ], [ 139.593079, 35.740507 ], [ 139.593671, 35.74069 ], [ 139.594894, 35.741089 ], [ 139.594972, 35.741118 ], [ 139.595304, 35.741236 ], [ 139.595629, 35.741351 ], [ 139.596008, 35.741485 ], [ 139.596283, 35.741581 ], [ 139.596797, 35.74176 ], [ 139.596862, 35.741583 ], [ 139.597018, 35.741153 ], [ 139.597135, 35.740874 ], [ 139.597331, 35.740423 ], [ 139.597504, 35.740068 ], [ 139.597605, 35.739822 ], [ 139.597733, 35.739512 ], [ 139.597843, 35.739301 ], [ 139.598042, 35.739058 ], [ 139.598125, 35.738963 ], [ 139.598242, 35.738821 ], [ 139.598421, 35.738554 ], [ 139.598573, 35.738303 ], [ 139.598664, 35.738152 ], [ 139.598826, 35.73787 ], [ 139.598929, 35.737698 ], [ 139.599017, 35.737551 ], [ 139.59913, 35.737375 ], [ 139.599211, 35.737224 ], [ 139.599376, 35.736875 ], [ 139.599436, 35.736781 ], [ 139.599528, 35.736598 ], [ 139.599633, 35.736414 ], [ 139.599902, 35.736038 ], [ 139.599922, 35.736022 ], [ 139.60004, 35.735978 ], [ 139.600026, 35.735456 ], [ 139.600001, 35.735425 ], [ 139.599757, 35.735205 ], [ 139.599065, 35.734546 ], [ 139.598811, 35.734446 ], [ 139.598308, 35.734244 ], [ 139.597541, 35.733937 ] ] ] } },
{ "type": "Feature", "properties": { "key": "練馬区|石神井台2丁目", "ward": "練馬区", "town": "石神井台２丁目" }, "geometry": { "type": "Polygon", "coordinates": [ [ [ 139.594543, 35.733982 ], [ 139.59489, 35.734041 ], [ 139.595063, 35.73407 ], [ 139.595574, 35.734104 ], [ 139.595727, 35.734112 ], [ 139.595605, 35.733473 ], [ 139.59499, 35.733481 ], [ 139.594546, 35.733481 ], [ 139.593472, 35.733485 ], [ 139.592892, 35.733487 ], [ 139.592528, 35.733488 ], [ 139.592377, 35.73349 ], [ 139.592145, 35.733494 ], [ 139.591843, 35.733484 ], [ 139.591583, 35.73343 ], [ 139.591473, 35.733378 ], [ 139.591346, 35.733288 ], [ 139.591137, 35.73307 ], [ 139.590692, 35.732533 ], [ 139.590485, 35.732861 ], [ 139.590316, 35.733163 ], [ 139.590192, 35.733369 ], [ 139.590035, 35.733666 ], [ 139.589949, 35.733825 ], [ 139.589701, 35.73431 ], [ 139.589621, 35.734596 ], [ 139.589497, 35.734981 ], [ 139.589464, 35.735218 ], [ 139.589461, 35.735523 ], [ 139.589442, 35.735785 ], [ 139.589431, 35.735933 ], [ 139.589387, 35.736278 ], [ 139.589289, 35.736507 ], [ 139.589169, 35.736696 ], [ 139.589029, 35.736959 ], [ 139.588836, 35.73736 ], [ 139.588652, 35.737704 ], [ 139.588616, 35.737883 ], [ 139.588596, 35.738101 ], [ 139.588532, 35.738339 ], [ 139.588442, 35.738589 ], [ 139.588412, 35.738669 ], [ 139.588244, 35.739123 ], [ 139.588809, 35.739255 ], [ 139.589248, 35.739375 ], [ 139.589628, 35.739487 ], [ 139.589772, 35.73953 ], [ 139.590246, 35.73966 ], [ 139.590662, 35.73978 ], [ 139.590941, 35.73987 ], [ 139.591011, 35.739893 ], [ 139.591209, 35.739941 ], [ 139.591723, 35.740099 ], [ 139.592135, 35.740225 ], [ 139.592402, 35.740305 ], [ 139.592616, 35.739789 ], [ 139.592769, 35.739504 ], [ 139.592862, 35.739348 ], [ 139.593255, 35.738748 ], [ 139.593428, 35.738493 ], [ 139.593662, 35.738218 ], [ 139.593712, 35.738141 ], [ 139.593764, 35.738011 ], [ 139.593796, 35.737717 ], [ 139.59382, 35.737139 ], [ 139.593852, 35.737032 ], [ 139.593986, 35.736924 ], [ 139.594114, 35.736844 ], [ 139.59414, 35.736799 ], [ 139.594174, 35.736499 ], [ 139.594203, 35.73615 ], [ 139.594277, 35.735547 ], [ 139.594312, 35.735313 ], [ 139.594349, 35.734965 ], [ 139.594307, 35.734865 ], [ 139.594244, 35.734766 ], [ 139.594236, 35.73471 ], [ 139.594369, 35.734491 ], [ 139.594361, 35.734398 ], [ 139.594354, 35.733986 ], [ 139.594543, 35.733982 ] ] ] } },
{ "type": "Feature", "properties": { "key": "練馬区|石神井台3丁目", "ward": "練馬区", "town": "石神井台３丁目" }, "geometry": { "type": "Polygon", "coordinates": [ [ [ 139.588244, 35.739123 ], [ 139.588094, 35.739594 ], [ 139.587995, 35.739891 ], [ 139.587939, 35.740051 ], [ 139.587862, 35.740273 ], [ 139.587742, 35.74072 ], [ 139.587651, 35.741063 ], [ 139.587605, 35.741233 ], [ 139.587567, 35.741377 ], [ 139.587506, 35.741564 ], [ 139.587427, 35.741775 ], [ 139.587388, 35.741843 ], [ 139.587188, 35.742208 ], [ 139.587102, 35.742452 ], [ 139.58731, 35.742511 ], [ 139.587596, 35.742649 ], [ 139.588157, 35.742915 ], [ 139.588383, 35.743015 ], [ 139.588503, 35.743054 ], [ 139.588659, 35.743119 ], [ 139.589064, 35.743356 ], [ 139.589369, 35.743467 ], [ 139.589713, 35.743609 ], [ 139.589832, 35.743687 ], [ 139.589989, 35.743788 ], [ 139.590271, 35.743914 ], [ 139.590321, 35.74398 ], [ 139.591043, 35.744264 ], [ 139.591404, 35.744406 ], [ 139.591476, 35.744434 ], [ 139.591977, 35.744631 ], [ 139.592139, 35.74471 ], [ 139.59227, 35.744748 ], [ 139.592508, 35.744795 ], [ 139.592749, 35.744823 ], [ 139.593043, 35.744882 ], [ 139.593784, 35.745005 ], [ 139.594407, 35.745083 ], [ 139.59441, 35.745059 ], [ 139.594499, 35.744616 ], [ 139.594663, 35.74423 ], [ 139.59468, 35.74419 ], [ 139.594774, 35.743936 ], [ 139.59499, 35.743412 ], [ 139.595005, 35.743373 ], [ 139.595056, 35.743263 ], [ 139.595144, 35.743125 ], [ 139.595275, 35.742984 ], [ 139.595371, 35.742863 ], [ 139.595524, 35.742581 ], [ 139.595553, 35.742513 ], [ 139.595559, 35.742497 ], [ 139.595564, 35.742485 ], [ 139.595631, 35.742324 ], [ 139.595811, 35.741926 ], [ 139.595965, 35.741581 ], [ 139.596008, 35.741485 ], [ 139.595629, 35.741351 ], [ 139.595304, 35.741236 ], [ 139.594972, 35.741118 ], [ 139.594894, 35.741089 ], [ 139.593671, 35.74069 ], [ 139.593079, 35.740507 ], [ 139.592876, 35.740445 ], [ 139.592529, 35.740343 ], [ 139.592402, 35.740305 ], [ 139.592135, 35.740225 ], [ 139.591723, 35.740099 ], [ 139.591209, 35.739941 ], [ 139.591011, 35.739893 ], [ 139.590941, 35.73987 ], [ 139.590662, 35.73978 ], [ 139.590246, 35.73966 ], [ 139.589772, 35.73953 ], [ 139.589628, 35.739487 ], [ 139.589248, 35.739375 ], [ 139.588809, 35.739255 ], [ 139.588244, 35.739123 ] ] ] } },
{ "type": "Feature", "properties": { "key": "練馬区|石神井台4丁目", "ward": "練馬区", "town": "石神井台４丁目" }, "geometry": { "type": "Polygon", "coordinates": [ [ [ 139.589959, 35.731657 ], [ 139.589612, 35.731249 ], [ 139.589515, 35.731198 ], [ 139.589373, 35.731173 ], [ 139.588962, 35.731121 ], [ 139.588329, 35.731046 ], [ 139.588045, 35.731008 ], [ 139.587337, 35.730928 ], [ 139.586186, 35.730797 ], [ 139.585785, 35.730752 ], [ 139.585022, 35.730667 ], [ 139.584683, 35.73063 ], [ 139.583979, 35.730541 ], [ 139.58324, 35.730457 ], [ 139.582128, 35.730324 ], [ 139.582156, 35.730729 ], [ 139.582187, 35.731226 ], [ 139.582189, 35.731358 ], [ 139.582214, 35.731727 ], [ 139.581944, 35.731724 ], [ 139.581773, 35.732413 ], [ 139.581588, 35.733272 ], [ 139.581539, 35.733594 ], [ 139.581972, 35.733756 ], [ 139.582072, 35.733798 ], [ 139.582083, 35.733801 ], [ 139.582826, 35.733891 ], [ 139.583215, 35.733942 ], [ 139.583853, 35.733999 ], [ 139.583859, 35.734 ], [ 139.584229, 35.734038 ], [ 139.584762, 35.734044 ], [ 139.585066, 35.734051 ], [ 139.585098, 35.73406 ], [ 139.585105, 35.734062 ], [ 139.585312, 35.73408 ], [ 139.585694, 35.734147 ], [ 139.585989, 35.734198 ], [ 139.586468, 35.734258 ], [ 139.586491, 35.734261 ], [ 139.58697, 35.734297 ], [ 139.587751, 35.734359 ], [ 139.587933, 35.734373 ], [ 139.588076, 35.734398 ], [ 139.588604, 35.734496 ], [ 139.589104, 35.734609 ], [ 139.589179, 35.734634 ], [ 139.589359, 35.734864 ], [ 139.589395, 35.734941 ], [ 139.589497, 35.734981 ], [ 139.589621, 35.734596 ], [ 139.589701, 35.73431 ], [ 139.589949, 35.733825 ], [ 139.590035, 35.733666 ], [ 139.590192, 35.733369 ], [ 139.590316, 35.733163 ], [ 139.590485, 35.732861 ], [ 139.590692, 35.732533 ], [ 139.590537, 35.732352 ], [ 139.590371, 35.732156 ], [ 139.590149, 35.731896 ], [ 139.589959, 35.731657 ] ] ] } },
{ "type": "Feature", "properties": { "key": "練馬区|石神井台5丁目", "ward": "練馬区", "town": "石神井台５丁目" }, "geometry": { "type": "Polygon", "coordinates": [ [ [ 139.583853, 35.733999 ], [ 139.583584, 35.734428 ], [ 139.583489, 35.734584 ], [ 139.583318, 35.734786 ], [ 139.583245, 35.734896 ], [ 139.583196, 35.735009 ], [ 139.583171, 35.735046 ], [ 139.58307, 35.735277 ], [ 139.582897, 35.735729 ], [ 139.582785, 35.736081 ], [ 139.582765, 35.736177 ], [ 139.582751, 35.736275 ], [ 139.582731, 35.736566 ], [ 139.582738, 35.73679 ], [ 139.582711, 35.736966 ], [ 139.582686, 35.737197 ], [ 139.582655, 35.737354 ], [ 139.582568, 35.737644 ], [ 139.582808, 35.737711 ], [ 139.582856, 35.737725 ], [ 139.583032, 35.737791 ], [ 139.583493, 35.737926 ], [ 139.583514, 35.737932 ], [ 139.584061, 35.738077 ], [ 139.584143, 35.738101 ], [ 139.584351, 35.73814 ], [ 139.58462, 35.738213 ], [ 139.585147, 35.73836 ], [ 139.585804, 35.738534 ], [ 139.585876, 35.738552 ], [ 139.586923, 35.738817 ], [ 139.58773, 35.739024 ], [ 139.587768, 35.73903 ], [ 139.588015, 35.739078 ], [ 139.588244, 35.739123 ], [ 139.588412, 35.738669 ], [ 139.588442, 35.738589 ], [ 139.588532, 35.738339 ], [ 139.588596, 35.738101 ], [ 139.588616, 35.737883 ], [ 139.588652, 35.737704 ], [ 139.588836, 35.73736 ], [ 139.589029, 35.736959 ], [ 139.589169, 35.736696 ], [ 139.589289, 35.736507 ], [ 139.589387, 35.736278 ], [ 139.589431, 35.735933 ], [ 139.589442, 35.735785 ], [ 139.589461, 35.735523 ], [ 139.589464, 35.735218 ], [ 139.589497, 35.734981 ], [ 139.589395, 35.734941 ], [ 139.589359, 35.734864 ], [ 139.589179, 35.734634 ], [ 139.589104, 35.734609 ], [ 139.588604, 35.734496 ], [ 139.588076, 35.734398 ], [ 139.587933, 35.734373 ], [ 139.587751, 35.734359 ], [ 139.58697, 35.734297 ], [ 139.586491, 35.734261 ], [ 139.586468, 35.734258 ], [ 139.585989, 35.734198 ], [ 139.585694, 35.734147 ], [ 139.585312, 35.73408 ], [ 139.585105, 35.734062 ], [ 139.585098, 35.73406 ], [ 139.585066, 35.734051 ], [ 139.584762, 35.734044 ], [ 139.584229, 35.734038 ], [ 139.583859, 35.734 ], [ 139.583853, 35.733999 ] ] ] } },
{ "type": "Feature", "properties": { "key": "練馬区|石神井台6丁目", "ward": "練馬区", "town": "石神井台６丁目" }, "geometry": { "type": "Polygon", "coordinates": [ [ [ 139.588244, 35.739123 ], [ 139.588015, 35.739078 ], [ 139.587768, 35.73903 ], [ 139.58773, 35.739024 ], [ 139.586923, 35.738817 ], [ 139.585876, 35.738552 ], [ 139.585804, 35.738534 ], [ 139.585147, 35.73836 ], [ 139.58462, 35.738213 ], [ 139.584351, 35.73814 ], [ 139.584143, 35.738101 ], [ 139.584061, 35.738077 ], [ 139.583514, 35.737932 ], [ 139.583493, 35.737926 ], [ 139.583032, 35.737791 ], [ 139.582856, 35.737725 ], [ 139.582808, 35.737711 ], [ 139.582568, 35.737644 ], [ 139.581872, 35.737462 ], [ 139.581222, 35.737296 ], [ 139.581055, 35.737252 ], [ 139.580845, 35.737446 ], [ 139.580826, 35.737463 ], [ 139.580695, 35.73763 ], [ 139.580602, 35.737691 ], [ 139.580419, 35.737786 ], [ 139.580021, 35.738028 ], [ 139.57968, 35.738274 ], [ 139.579632, 35.738324 ], [ 139.579227, 35.738505 ], [ 139.579493, 35.738715 ], [ 139.57952, 35.738769 ], [ 139.579478, 35.739096 ], [ 139.579474, 35.739225 ], [ 139.579672, 35.739206 ], [ 139.57996, 35.739186 ], [ 139.580109, 35.739188 ], [ 139.580206, 35.73919 ], [ 139.580462, 35.73937 ], [ 139.580615, 35.739449 ], [ 139.580788, 35.739521 ], [ 139.581368, 35.739681 ], [ 139.581528, 35.73973 ], [ 139.581726, 35.739834 ], [ 139.581828, 35.739927 ], [ 139.582013, 35.740037 ], [ 139.582246, 35.74016 ], [ 139.582413, 35.740234 ], [ 139.582524, 35.740282 ], [ 139.58288, 35.74043 ], [ 139.583176, 35.740535 ], [ 139.583378, 35.740608 ], [ 139.583749, 35.740744 ], [ 139.583903, 35.740818 ], [ 139.584139, 35.740925 ], [ 139.584206, 35.740969 ], [ 139.584205, 35.741064 ], [ 139.584378, 35.741167 ], [ 139.584999, 35.741484 ], [ 139.585168, 35.741559 ], [ 139.585322, 35.741627 ], [ 139.585732, 35.741774 ], [ 139.586092, 35.741919 ], [ 139.586348, 35.742049 ], [ 139.58656, 35.742155 ], [ 139.58686, 35.742328 ], [ 139.586974, 35.742394 ], [ 139.587102, 35.742452 ], [ 139.587188, 35.742208 ], [ 139.587388, 35.741843 ], [ 139.587427, 35.741775 ], [ 139.587506, 35.741564 ], [ 139.587567, 35.741377 ], [ 139.587605, 35.741233 ], [ 139.587651, 35.741063 ], [ 139.587742, 35.74072 ], [ 139.587862, 35.740273 ], [ 139.587939, 35.740051 ], [ 139.587995, 35.739891 ], [ 139.588094, 35.739594 ], [ 139.588244, 35.739123 ] ] ] } },
{ "type": "Feature", "properties": { "key": "練馬区|石神井台7丁目", "ward": "練馬区", "town": "石神井台７丁目" }, "geometry": { "type": "Polygon", "coordinates": [ [ [ 139.580077, 35.733263 ], [ 139.581316, 35.733585 ], [ 139.581539, 35.733594 ], [ 139.581588, 35.733272 ], [ 139.581773, 35.732413 ], [ 139.581944, 35.731724 ], [ 139.582214, 35.731727 ], [ 139.582189, 35.731358 ], [ 139.582187, 35.731226 ], [ 139.582156, 35.730729 ], [ 139.582128, 35.730324 ], [ 139.581543, 35.730254 ], [ 139.581242, 35.730215 ], [ 139.581101, 35.730164 ], [ 139.580927, 35.730036 ], [ 139.580888, 35.72996 ], [ 139.580755, 35.72972 ], [ 139.580545, 35.729429 ], [ 139.580486, 35.729372 ], [ 139.580268, 35.729197 ], [ 139.579987, 35.729047 ], [ 139.579698, 35.72899 ], [ 139.579281, 35.728905 ], [ 139.57881, 35.728789 ], [ 139.578804, 35.728788 ], [ 139.578148, 35.728636 ], [ 139.577892, 35.72856 ], [ 139.577885, 35.728593 ], [ 139.577819, 35.728863 ], [ 139.57777, 35.729013 ], [ 139.577703, 35.729279 ], [ 139.577662, 35.729443 ], [ 139.577597, 35.729742 ], [ 139.577541, 35.730002 ], [ 139.577493, 35.730226 ], [ 139.577431, 35.730506 ], [ 139.577302, 35.731087 ], [ 139.577214, 35.731448 ], [ 139.57711, 35.731924 ], [ 139.577062, 35.732142 ], [ 139.577039, 35.732317 ], [ 139.576975, 35.732583 ], [ 139.576895, 35.732972 ], [ 139.576791, 35.733413 ], [ 139.577477, 35.733479 ], [ 139.577619, 35.733492 ], [ 139.57806, 35.733556 ], [ 139.578712, 35.733617 ], [ 139.579222, 35.733671 ], [ 139.57949, 35.733703 ], [ 139.579795, 35.733732 ], [ 139.579966, 35.733735 ], [ 139.580077, 35.733263 ] ] ] } },
{ "type": "Feature", "properties": { "key": "練馬区|石神井台8丁目", "ward": "練馬区", "town": "石神井台８丁目" }, "geometry": { "type": "Polygon", "coordinates": [ [ [ 139.581055, 35.737252 ], [ 139.581222, 35.737296 ], [ 139.581872, 35.737462 ], [ 139.582568, 35.737644 ], [ 139.582655, 35.737354 ], [ 139.582686, 35.737197 ], [ 139.582711, 35.736966 ], [ 139.582738, 35.73679 ], [ 139.582731, 35.736566 ], [ 139.582751, 35.736275 ], [ 139.582765, 35.736177 ], [ 139.582785, 35.736081 ], [ 139.582897, 35.735729 ], [ 139.58307, 35.735277 ], [ 139.583171, 35.735046 ], [ 139.583196, 35.735009 ], [ 139.583245, 35.734896 ], [ 139.583318, 35.734786 ], [ 139.583489, 35.734584 ], [ 139.583584, 35.734428 ], [ 139.583853, 35.733999 ], [ 139.583215, 35.733942 ], [ 139.582826, 35.733891 ], [ 139.582083, 35.733801 ], [ 139.582072, 35.733798 ], [ 139.581972, 35.733756 ], [ 139.581539, 35.733594 ], [ 139.581316, 35.733585 ], [ 139.580077, 35.733263 ], [ 139.579966, 35.733735 ], [ 139.579795, 35.733732 ], [ 139.57949, 35.733703 ], [ 139.579222, 35.733671 ], [ 139.578712, 35.733617 ], [ 139.57806, 35.733556 ], [ 139.577619, 35.733492 ], [ 139.577477, 35.733479 ], [ 139.576791, 35.733413 ], [ 139.576725, 35.733665 ], [ 139.576692, 35.733845 ], [ 139.576604, 35.734212 ], [ 139.576561, 35.734543 ], [ 139.576519, 35.734766 ], [ 139.576517, 35.734838 ], [ 139.576512, 35.735019 ], [ 139.576519, 35.735062 ], [ 139.576578, 35.735426 ], [ 139.576575, 35.735523 ], [ 139.57657, 35.735718 ], [ 139.576568, 35.735813 ], [ 139.576518, 35.736073 ], [ 139.576461, 35.736301 ], [ 139.576462, 35.73631 ], [ 139.576627, 35.736304 ], [ 139.576743, 35.736321 ], [ 139.576822, 35.736364 ], [ 139.576947, 35.736499 ], [ 139.57718, 35.73679 ], [ 139.577286, 35.736916 ], [ 139.577462, 35.737114 ], [ 139.577643, 35.737279 ], [ 139.577889, 35.737465 ], [ 139.57803, 35.73756 ], [ 139.578137, 35.737616 ], [ 139.578283, 35.737712 ], [ 139.578506, 35.73787 ], [ 139.578868, 35.738184 ], [ 139.578916, 35.738225 ], [ 139.579054, 35.738344 ], [ 139.579227, 35.738505 ], [ 139.579632, 35.738324 ], [ 139.57968, 35.738274 ], [ 139.580021, 35.738028 ], [ 139.580419, 35.737786 ], [ 139.580602, 35.737691 ], [ 139.580695, 35.73763 ], [ 139.580826, 35.737463 ], [ 139.580845, 35.737446 ], [ 139.581055, 35.737252 ] ] ] } },
{ "type": "Feature", "properties": { "key": "練馬区|下石神井1丁目", "ward": "練馬区", "town": "下石神井１丁目" }, "geometry": { "type": "Polygon", "coordinates": [ [ [ 139.609806, 35.7286 ], [ 139.609783, 35.728678 ], [ 139.609561, 35.729427 ], [ 139.609453, 35.72976 ], [ 139.60945, 35.729789 ], [ 139.609426, 35.730107 ], [ 139.609429, 35.730349 ], [ 139.609444, 35.730609 ], [ 139.609441, 35.730827 ], [ 139.609411, 35.730953 ], [ 139.609295, 35.731395 ], [ 139.609287, 35.731413 ], [ 139.609228, 35.731712 ], [ 139.60921, 35.731903 ], [ 139.609147, 35.732461 ], [ 139.609145, 35.732479 ], [ 139.609095, 35.733025 ], [ 139.609071, 35.733288 ], [ 139.609094, 35.733296 ], [ 139.609235, 35.733353 ], [ 139.609492, 35.733402 ], [ 139.609728, 35.733383 ], [ 139.609751, 35.733381 ], [ 139.610136, 35.733359 ], [ 139.610756, 35.73328 ], [ 139.610991, 35.733113 ], [ 139.611326, 35.7329 ], [ 139.611852, 35.732589 ], [ 139.611924, 35.732515 ], [ 139.612171, 35.732343 ], [ 139.612324, 35.732237 ], [ 139.612608, 35.732025 ], [ 139.613022, 35.731743 ], [ 139.613111, 35.731674 ], [ 139.613935, 35.731146 ], [ 139.614171, 35.731008 ], [ 139.614526, 35.730799 ], [ 139.614595, 35.730754 ], [ 139.614565, 35.730732 ], [ 139.614551, 35.730657 ], [ 139.61454, 35.730088 ], [ 139.614662, 35.72995 ], [ 139.614546, 35.729918 ], [ 139.614528, 35.729912 ], [ 139.614243, 35.729823 ], [ 139.613941, 35.729727 ], [ 139.613624, 35.729627 ], [ 139.613491, 35.729591 ], [ 139.613511, 35.729536 ], [ 139.613252, 35.729472 ], [ 139.613093, 35.729431 ], [ 139.612331, 35.729235 ], [ 139.611836, 35.729108 ], [ 139.611745, 35.729083 ], [ 139.610643, 35.728783 ], [ 139.610611, 35.728777 ], [ 139.610238, 35.728695 ], [ 139.609806, 35.7286 ] ] ] } },
{ "type": "Feature", "properties": { "key": "練馬区|下石神井2丁目", "ward": "練馬区", "town": "下石神井２丁目" }, "geometry": { "type": "Polygon", "coordinates": [ [ [ 139.6086, 35.72813 ], [ 139.608537, 35.728144 ], [ 139.607147, 35.728447 ], [ 139.606908, 35.728498 ], [ 139.606891, 35.728501 ], [ 139.606691, 35.728544 ], [ 139.605792, 35.728739 ], [ 139.605759, 35.728746 ], [ 139.60545, 35.728811 ], [ 139.605394, 35.728823 ], [ 139.605169, 35.728875 ], [ 139.604694, 35.728977 ], [ 139.604259, 35.729066 ], [ 139.603989, 35.729128 ], [ 139.603936, 35.729143 ], [ 139.603616, 35.729185 ], [ 139.603142, 35.729216 ], [ 139.603094, 35.729218 ], [ 139.603261, 35.729457 ], [ 139.603468, 35.729739 ], [ 139.603575, 35.729921 ], [ 139.603697, 35.730085 ], [ 139.603869, 35.730315 ], [ 139.603961, 35.730428 ], [ 139.604087, 35.73057 ], [ 139.604449, 35.730954 ], [ 139.60469, 35.731212 ], [ 139.604713, 35.731236 ], [ 139.605012, 35.731559 ], [ 139.605316, 35.7319 ], [ 139.605541, 35.732143 ], [ 139.605829, 35.732309 ], [ 139.60593, 35.732379 ], [ 139.606037, 35.732479 ], [ 139.606151, 35.732552 ], [ 139.606193, 35.732578 ], [ 139.606422, 35.732723 ], [ 139.606559, 35.732791 ], [ 139.606809, 35.732885 ], [ 139.606915, 35.732909 ], [ 139.607458, 35.732927 ], [ 139.60766, 35.73294 ], [ 139.607891, 35.732987 ], [ 139.608104, 35.733021 ], [ 139.608444, 35.733093 ], [ 139.608465, 35.733097 ], [ 139.608751, 35.733123 ], [ 139.608823, 35.733147 ], [ 139.608871, 35.733196 ], [ 139.609071, 35.733288 ], [ 139.609095, 35.733025 ], [ 139.609145, 35.732479 ], [ 139.609147, 35.732461 ], [ 139.60921, 35.731903 ], [ 139.609228, 35.731712 ], [ 139.609287, 35.731413 ], [ 139.609295, 35.731395 ], [ 139.609411, 35.730953 ], [ 139.609441, 35.730827 ], [ 139.609444, 35.730609 ], [ 139.609429, 35.730349 ], [ 139.609426, 35.730107 ], [ 139.60945, 35.729789 ], [ 139.609453, 35.72976 ], [ 139.609561, 35.729427 ], [ 139.609783, 35.728678 ], [ 139.609806, 35.7286 ], [ 139.609747, 35.728587 ], [ 139.609603, 35.728556 ], [ 139.609444, 35.7285 ], [ 139.609215, 35.72842 ], [ 139.609059, 35.728365 ], [ 139.608703, 35.728183 ], [ 139.6086, 35.72813 ] ] ] } },
{ "type": "Feature", "properties": { "key": "練馬区|下石神井3丁目", "ward": "練馬区", "town": "下石神井３丁目" }, "geometry": { "type": "Polygon", "coordinates": [ [ [ 139.610705, 35.733336 ], [ 139.610756, 35.73328 ], [ 139.610136, 35.733359 ], [ 139.609751, 35.733381 ], [ 139.609728, 35.733383 ], [ 139.609492, 35.733402 ], [ 139.609235, 35.733353 ], [ 139.609094, 35.733296 ], [ 139.609071, 35.733288 ], [ 139.608871, 35.733196 ], [ 139.608823, 35.733147 ], [ 139.608751, 35.733123 ], [ 139.608465, 35.733097 ], [ 139.608444, 35.733093 ], [ 139.608104, 35.733021 ], [ 139.607891, 35.732987 ], [ 139.60766, 35.73294 ], [ 139.607458, 35.732927 ], [ 139.606915, 35.732909 ], [ 139.606809, 35.732885 ], [ 139.606559, 35.732791 ], [ 139.606422, 35.732723 ], [ 139.606193, 35.732578 ], [ 139.606255, 35.732701 ], [ 139.606293, 35.732821 ], [ 139.606374, 35.733056 ], [ 139.606484, 35.733387 ], [ 139.606551, 35.733617 ], [ 139.606553, 35.733665 ], [ 139.606555, 35.733724 ], [ 139.606537, 35.734198 ], [ 139.606522, 35.73479 ], [ 139.606515, 35.735034 ], [ 139.606512, 35.735159 ], [ 139.606418, 35.735565 ], [ 139.606373, 35.735762 ], [ 139.606295, 35.736103 ], [ 139.60622, 35.736429 ], [ 139.605619, 35.736877 ], [ 139.605888, 35.737105 ], [ 139.605925, 35.737144 ], [ 139.606236, 35.737473 ], [ 139.606258, 35.737497 ], [ 139.606588, 35.737855 ], [ 139.606883, 35.738177 ], [ 139.606895, 35.738187 ], [ 139.607217, 35.738539 ], [ 139.607236, 35.738559 ], [ 139.607543, 35.738893 ], [ 139.607894, 35.739263 ], [ 139.608189, 35.7396 ], [ 139.608302, 35.73973 ], [ 139.608396, 35.739784 ], [ 139.60852, 35.739809 ], [ 139.608664, 35.739814 ], [ 139.608683, 35.739781 ], [ 139.608733, 35.739743 ], [ 139.608816, 35.738881 ], [ 139.608881, 35.738247 ], [ 139.608884, 35.738214 ], [ 139.608907, 35.737998 ], [ 139.608913, 35.737651 ], [ 139.608903, 35.737041 ], [ 139.608892, 35.736903 ], [ 139.608948, 35.736608 ], [ 139.609008, 35.736389 ], [ 139.609074, 35.736173 ], [ 139.609149, 35.735931 ], [ 139.609193, 35.735701 ], [ 139.609252, 35.735463 ], [ 139.609296, 35.735142 ], [ 139.609316, 35.734999 ], [ 139.609361, 35.734413 ], [ 139.609887, 35.734228 ], [ 139.609961, 35.734202 ], [ 139.61016, 35.734052 ], [ 139.610195, 35.734026 ], [ 139.610331, 35.733844 ], [ 139.610414, 35.733734 ], [ 139.61046, 35.73364 ], [ 139.610705, 35.733336 ] ] ] } },
{ "type": "Feature", "properties": { "key": "練馬区|下石神井4丁目", "ward": "練馬区", "town": "下石神井４丁目" }, "geometry": { "type": "Polygon", "coordinates": [ [ [ 139.601949, 35.72534 ], [ 139.601801, 35.725341 ], [ 139.601468, 35.725365 ], [ 139.601449, 35.725344 ], [ 139.601132, 35.724994 ], [ 139.600884, 35.724736 ], [ 139.600224, 35.724022 ], [ 139.600009, 35.723888 ], [ 139.599944, 35.724094 ], [ 139.599885, 35.724329 ], [ 139.599792, 35.724646 ], [ 139.599629, 35.724981 ], [ 139.599581, 35.725233 ], [ 139.599544, 35.72546 ], [ 139.599556, 35.72554 ], [ 139.599547, 35.726017 ], [ 139.599504, 35.726366 ], [ 139.599462, 35.726749 ], [ 139.59942, 35.726907 ], [ 139.599417, 35.727221 ], [ 139.599424, 35.727487 ], [ 139.599449, 35.728065 ], [ 139.599443, 35.728297 ], [ 139.599454, 35.728781 ], [ 139.59946, 35.729103 ], [ 139.599473, 35.729449 ], [ 139.600384, 35.729391 ], [ 139.601192, 35.729339 ], [ 139.601536, 35.729317 ], [ 139.601834, 35.729299 ], [ 139.602449, 35.729259 ], [ 139.603094, 35.729218 ], [ 139.603142, 35.729216 ], [ 139.603616, 35.729185 ], [ 139.603936, 35.729143 ], [ 139.603989, 35.729128 ], [ 139.604259, 35.729066 ], [ 139.604694, 35.728977 ], [ 139.605169, 35.728875 ], [ 139.605394, 35.728823 ], [ 139.60545, 35.728811 ], [ 139.605759, 35.728746 ], [ 139.605792, 35.728739 ], [ 139.606691, 35.728544 ], [ 139.606891, 35.728501 ], [ 139.606908, 35.728498 ], [ 139.607147, 35.728447 ], [ 139.608537, 35.728144 ], [ 139.6086, 35.72813 ], [ 139.60851, 35.728084 ], [ 139.608296, 35.727934 ], [ 139.60798, 35.727826 ], [ 139.607663, 35.727718 ], [ 139.607479, 35.72767 ], [ 139.607317, 35.727628 ], [ 139.607062, 35.727562 ], [ 139.606155, 35.727326 ], [ 139.606026, 35.727295 ], [ 139.605891, 35.727262 ], [ 139.605072, 35.727063 ], [ 139.604348, 35.726838 ], [ 139.604344, 35.726836 ], [ 139.604224, 35.726784 ], [ 139.604154, 35.726754 ], [ 139.603924, 35.726653 ], [ 139.603862, 35.726626 ], [ 139.60372, 35.726563 ], [ 139.603457, 35.726446 ], [ 139.602908, 35.726198 ], [ 139.602663, 35.726095 ], [ 139.602216, 35.725906 ], [ 139.60186, 35.725794 ], [ 139.601794, 35.725773 ], [ 139.601873, 35.725572 ], [ 139.601924, 35.725417 ], [ 139.601949, 35.72534 ] ] ] } },
{ "type": "Feature", "properties": { "key": "練馬区|下石神井5丁目", "ward": "練馬区", "town": "下石神井５丁目" }, "geometry": { "type": "Polygon", "coordinates": [ [ [ 139.605214, 35.732123 ], [ 139.605541, 35.732143 ], [ 139.605316, 35.7319 ], [ 139.605012, 35.731559 ], [ 139.604713, 35.731236 ], [ 139.60469, 35.731212 ], [ 139.604449, 35.730954 ], [ 139.604087, 35.73057 ], [ 139.603961, 35.730428 ], [ 139.603869, 35.730315 ], [ 139.603697, 35.730085 ], [ 139.603575, 35.729921 ], [ 139.603468, 35.729739 ], [ 139.603261, 35.729457 ], [ 139.603094, 35.729218 ], [ 139.602449, 35.729259 ], [ 139.601834, 35.729299 ], [ 139.601536, 35.729317 ], [ 139.601192, 35.729339 ], [ 139.600384, 35.729391 ], [ 139.599473, 35.729449 ], [ 139.599501, 35.730197 ], [ 139.599516, 35.730569 ], [ 139.599517, 35.730599 ], [ 139.599529, 35.730902 ], [ 139.599613, 35.731762 ], [ 139.599625, 35.731888 ], [ 139.599671, 35.732391 ], [ 139.600015, 35.732454 ], [ 139.600317, 35.732525 ], [ 139.600538, 35.732577 ], [ 139.600618, 35.732582 ], [ 139.600921, 35.732669 ], [ 139.601063, 35.732705 ], [ 139.601469, 35.732779 ], [ 139.601552, 35.732786 ], [ 139.601552, 35.732792 ], [ 139.60201, 35.732856 ], [ 139.602234, 35.732898 ], [ 139.602418, 35.732939 ], [ 139.602578, 35.732935 ], [ 139.602795, 35.732903 ], [ 139.603037, 35.732894 ], [ 139.603121, 35.732891 ], [ 139.603422, 35.732854 ], [ 139.603521, 35.732828 ], [ 139.603642, 35.732723 ], [ 139.603704, 35.732646 ], [ 139.603879, 35.732515 ], [ 139.604165, 35.732345 ], [ 139.604281, 35.732288 ], [ 139.604286, 35.732283 ], [ 139.604404, 35.732217 ], [ 139.604968, 35.732139 ], [ 139.605214, 35.732123 ] ] ] } },
{ "type": "Feature", "properties": { "key": "練馬区|下石神井6丁目", "ward": "練馬区", "town": "下石神井６丁目" }, "geometry": { "type": "Polygon", "coordinates": [ [ [ 139.606293, 35.732821 ], [ 139.606255, 35.732701 ], [ 139.606193, 35.732578 ], [ 139.606151, 35.732552 ], [ 139.606037, 35.732479 ], [ 139.60593, 35.732379 ], [ 139.605829, 35.732309 ], [ 139.605541, 35.732143 ], [ 139.605214, 35.732123 ], [ 139.604968, 35.732139 ], [ 139.604404, 35.732217 ], [ 139.604286, 35.732283 ], [ 139.604281, 35.732288 ], [ 139.604165, 35.732345 ], [ 139.603879, 35.732515 ], [ 139.603704, 35.732646 ], [ 139.603642, 35.732723 ], [ 139.603521, 35.732828 ], [ 139.603422, 35.732854 ], [ 139.603121, 35.732891 ], [ 139.603037, 35.732894 ], [ 139.602795, 35.732903 ], [ 139.602578, 35.732935 ], [ 139.602418, 35.732939 ], [ 139.602234, 35.732898 ], [ 139.60201, 35.732856 ], [ 139.601552, 35.732792 ], [ 139.601552, 35.732786 ], [ 139.601469, 35.732779 ], [ 139.601063, 35.732705 ], [ 139.600921, 35.732669 ], [ 139.600618, 35.732582 ], [ 139.600538, 35.732577 ], [ 139.600317, 35.732525 ], [ 139.600015, 35.732454 ], [ 139.599671, 35.732391 ], [ 139.599765, 35.732972 ], [ 139.599775, 35.733129 ], [ 139.599813, 35.733587 ], [ 139.599838, 35.73377 ], [ 139.599887, 35.734145 ], [ 139.599922, 35.734506 ], [ 139.599943, 35.734729 ], [ 139.600026, 35.735456 ], [ 139.600046, 35.735481 ], [ 139.600962, 35.735647 ], [ 139.601443, 35.73573 ], [ 139.601476, 35.735736 ], [ 139.602014, 35.735829 ], [ 139.602953, 35.735994 ], [ 139.603345, 35.736062 ], [ 139.603351, 35.736063 ], [ 139.603857, 35.736151 ], [ 139.604381, 35.736241 ], [ 139.604872, 35.736326 ], [ 139.604922, 35.736344 ], [ 139.605046, 35.736398 ], [ 139.60519, 35.736523 ], [ 139.605619, 35.736877 ], [ 139.60622, 35.736429 ], [ 139.606295, 35.736103 ], [ 139.606373, 35.735762 ], [ 139.606418, 35.735565 ], [ 139.606512, 35.735159 ], [ 139.606515, 35.735034 ], [ 139.606522, 35.73479 ], [ 139.606537, 35.734198 ], [ 139.606555, 35.733724 ], [ 139.606553, 35.733665 ], [ 139.606551, 35.733617 ], [ 139.606484, 35.733387 ], [ 139.606374, 35.733056 ], [ 139.606293, 35.732821 ] ] ] } },
{ "type": "Feature", "properties": { "key": "練馬区|東大泉1丁目", "ward": "練馬区", "town": "東大泉１丁目" }, "geometry": { "type": "Polygon", "coordinates": [ [ [ 139.591375, 35.750687 ], [ 139.591817, 35.75071 ], [ 139.591977, 35.750715 ], [ 139.592608, 35.750734 ], [ 139.592754, 35.750545 ], [ 139.592943, 35.750365 ], [ 139.593161, 35.750186 ], [ 139.593314, 35.750098 ], [ 139.593528, 35.750014 ], [ 139.59368, 35.749923 ], [ 139.59382, 35.749816 ], [ 139.593951, 35.749712 ], [ 139.594328, 35.749409 ], [ 139.594725, 35.749108 ], [ 139.594824, 35.749032 ], [ 139.594832, 35.749027 ], [ 139.594911, 35.748978 ], [ 139.59534, 35.748713 ], [ 139.595603, 35.748606 ], [ 139.595657, 35.748584 ], [ 139.595859, 35.748503 ], [ 139.595949, 35.748467 ], [ 139.596262, 35.748342 ], [ 139.596096, 35.747953 ], [ 139.595866, 35.747415 ], [ 139.595832, 35.747334 ], [ 139.595642, 35.746891 ], [ 139.595547, 35.74671 ], [ 139.595398, 35.74637 ], [ 139.59522, 35.746362 ], [ 139.595088, 35.746376 ], [ 139.595033, 35.746361 ], [ 139.594851, 35.74639 ], [ 139.594492, 35.746467 ], [ 139.594145, 35.74655 ], [ 139.593363, 35.746718 ], [ 139.593118, 35.746795 ], [ 139.592747, 35.746943 ], [ 139.592106, 35.747212 ], [ 139.591764, 35.747353 ], [ 139.590981, 35.74768 ], [ 139.590677, 35.747811 ], [ 139.590227, 35.748002 ], [ 139.590008, 35.748095 ], [ 139.589723, 35.748212 ], [ 139.589042, 35.748504 ], [ 139.588289, 35.748819 ], [ 139.5877, 35.749092 ], [ 139.5873, 35.749272 ], [ 139.587093, 35.749366 ], [ 139.586794, 35.749501 ], [ 139.586712, 35.749363 ], [ 139.586463, 35.749446 ], [ 139.586312, 35.749499 ], [ 139.586378, 35.749655 ], [ 139.5862, 35.749701 ], [ 139.585912, 35.749748 ], [ 139.585835, 35.749761 ], [ 139.585267, 35.749794 ], [ 139.585322, 35.750003 ], [ 139.585466, 35.750587 ], [ 139.585678, 35.750647 ], [ 139.585586, 35.750864 ], [ 139.585586, 35.750968 ], [ 139.585666, 35.751301 ], [ 139.585687, 35.75133 ], [ 139.586523, 35.751181 ], [ 139.586828, 35.75114 ], [ 139.586843, 35.751138 ], [ 139.586981, 35.751122 ], [ 139.587156, 35.751101 ], [ 139.587541, 35.75105 ], [ 139.588058, 35.751009 ], [ 139.588157, 35.750998 ], [ 139.58871, 35.750953 ], [ 139.588987, 35.750919 ], [ 139.58923, 35.75089 ], [ 139.589275, 35.750884 ], [ 139.589404, 35.750869 ], [ 139.589987, 35.750798 ], [ 139.590373, 35.750759 ], [ 139.590513, 35.750746 ], [ 139.590803, 35.750709 ], [ 139.590918, 35.750697 ], [ 139.590967, 35.750692 ], [ 139.591375, 35.750687 ] ] ] } },
{ "type": "Feature", "properties": { "key": "練馬区|東大泉2丁目", "ward": "練馬区", "town": "東大泉２丁目" }, "geometry": { "type": "Polygon", "coordinates": [ [ [ 139.597516, 35.750583 ], [ 139.597301, 35.75059 ], [ 139.59729, 35.750565 ], [ 139.597138, 35.750219 ], [ 139.596977, 35.749852 ], [ 139.596959, 35.749816 ], [ 139.596808, 35.749514 ], [ 139.596682, 35.749248 ], [ 139.596459, 35.748768 ], [ 139.596451, 35.74875 ], [ 139.596262, 35.748342 ], [ 139.595949, 35.748467 ], [ 139.595859, 35.748503 ], [ 139.595657, 35.748584 ], [ 139.595603, 35.748606 ], [ 139.59534, 35.748713 ], [ 139.594911, 35.748978 ], [ 139.594832, 35.749027 ], [ 139.594824, 35.749032 ], [ 139.594725, 35.749108 ], [ 139.594328, 35.749409 ], [ 139.593951, 35.749712 ], [ 139.59382, 35.749816 ], [ 139.59368, 35.749923 ], [ 139.593528, 35.750014 ], [ 139.593314, 35.750098 ], [ 139.593161, 35.750186 ], [ 139.592943, 35.750365 ], [ 139.592754, 35.750545 ], [ 139.592608, 35.750734 ], [ 139.5925, 35.750888 ], [ 139.592323, 35.751102 ], [ 139.592202, 35.751271 ], [ 139.592184, 35.75147 ], [ 139.592128, 35.752081 ], [ 139.592034, 35.752793 ], [ 139.592026, 35.752962 ], [ 139.591999, 35.753193 ], [ 139.591996, 35.753256 ], [ 139.591985, 35.753456 ], [ 139.592029, 35.753653 ], [ 139.592184, 35.754157 ], [ 139.592337, 35.754564 ], [ 139.592406, 35.754765 ], [ 139.592471, 35.754863 ], [ 139.59282, 35.754981 ], [ 139.593046, 35.755072 ], [ 139.593842, 35.755384 ], [ 139.594282, 35.755555 ], [ 139.594727, 35.75573 ], [ 139.594738, 35.755734 ], [ 139.595121, 35.755878 ], [ 139.595738, 35.756105 ], [ 139.596315, 35.756324 ], [ 139.596334, 35.75633 ], [ 139.596879, 35.756545 ], [ 139.597306, 35.756715 ], [ 139.597934, 35.756938 ], [ 139.598045, 35.756998 ], [ 139.598212, 35.757121 ], [ 139.598329, 35.757223 ], [ 139.598426, 35.757305 ], [ 139.598788, 35.757191 ], [ 139.599111, 35.757082 ], [ 139.599204, 35.757051 ], [ 139.599502, 35.756962 ], [ 139.600544, 35.756651 ], [ 139.600994, 35.756525 ], [ 139.600868, 35.75643 ], [ 139.600724, 35.756314 ], [ 139.600571, 35.756203 ], [ 139.600555, 35.75619 ], [ 139.600231, 35.755944 ], [ 139.600181, 35.755904 ], [ 139.599963, 35.7557 ], [ 139.599887, 35.755621 ], [ 139.599685, 35.755379 ], [ 139.59947, 35.755106 ], [ 139.599309, 35.754865 ], [ 139.599242, 35.754694 ], [ 139.599027, 35.754186 ], [ 139.598883, 35.753894 ], [ 139.598648, 35.753459 ], [ 139.598471, 35.753143 ], [ 139.598462, 35.753125 ], [ 139.598445, 35.753089 ], [ 139.598162, 35.752604 ], [ 139.59796, 35.752255 ], [ 139.597958, 35.752252 ], [ 139.597875, 35.75204 ], [ 139.597759, 35.751676 ], [ 139.597746, 35.751517 ], [ 139.597749, 35.751338 ], [ 139.597738, 35.751223 ], [ 139.597692, 35.751058 ], [ 139.597555, 35.750665 ], [ 139.597516, 35.750583 ] ] ] } },
{ "type": "Feature", "properties": { "key": "練馬区|東大泉3丁目", "ward": "練馬区", "town": "東大泉３丁目" }, "geometry": { "type": "Polygon", "coordinates": [ [ [ 139.592212, 35.754758 ], [ 139.592406, 35.754765 ], [ 139.592337, 35.754564 ], [ 139.592184, 35.754157 ], [ 139.592029, 35.753653 ], [ 139.591985, 35.753456 ], [ 139.591996, 35.753256 ], [ 139.591999, 35.753193 ], [ 139.592026, 35.752962 ], [ 139.592034, 35.752793 ], [ 139.592128, 35.752081 ], [ 139.592184, 35.75147 ], [ 139.592202, 35.751271 ], [ 139.592323, 35.751102 ], [ 139.5925, 35.750888 ], [ 139.592608, 35.750734 ], [ 139.591977, 35.750715 ], [ 139.591817, 35.75071 ], [ 139.591375, 35.750687 ], [ 139.590967, 35.750692 ], [ 139.590918, 35.750697 ], [ 139.590803, 35.750709 ], [ 139.590513, 35.750746 ], [ 139.590373, 35.750759 ], [ 139.589987, 35.750798 ], [ 139.589404, 35.750869 ], [ 139.589275, 35.750884 ], [ 139.58923, 35.75089 ], [ 139.588987, 35.750919 ], [ 139.58871, 35.750953 ], [ 139.588157, 35.750998 ], [ 139.588058, 35.751009 ], [ 139.587541, 35.75105 ], [ 139.587156, 35.751101 ], [ 139.586981, 35.751122 ], [ 139.586843, 35.751138 ], [ 139.586828, 35.75114 ], [ 139.586523, 35.751181 ], [ 139.585687, 35.75133 ], [ 139.585756, 35.751657 ], [ 139.585786, 35.751856 ], [ 139.585827, 35.752012 ], [ 139.585912, 35.752409 ], [ 139.585993, 35.752817 ], [ 139.586034, 35.752955 ], [ 139.586106, 35.753132 ], [ 139.586183, 35.75329 ], [ 139.586338, 35.753643 ], [ 139.586519, 35.754004 ], [ 139.586678, 35.754344 ], [ 139.586719, 35.754417 ], [ 139.586865, 35.754709 ], [ 139.58702, 35.755057 ], [ 139.587177, 35.75539 ], [ 139.5872, 35.755435 ], [ 139.587377, 35.755783 ], [ 139.587654, 35.756333 ], [ 139.587895, 35.756833 ], [ 139.588026, 35.756877 ], [ 139.588225, 35.756973 ], [ 139.588548, 35.757117 ], [ 139.589092, 35.757371 ], [ 139.589238, 35.757417 ], [ 139.589406, 35.757429 ], [ 139.589557, 35.757403 ], [ 139.589685, 35.757353 ], [ 139.589894, 35.757204 ], [ 139.590086, 35.757049 ], [ 139.590383, 35.75681 ], [ 139.590764, 35.756491 ], [ 139.59087, 35.75638 ], [ 139.59103, 35.756146 ], [ 139.59105, 35.756093 ], [ 139.591152, 35.755801 ], [ 139.591205, 35.755629 ], [ 139.59128, 35.755412 ], [ 139.591355, 35.755261 ], [ 139.591479, 35.75508 ], [ 139.591626, 35.75495 ], [ 139.591707, 35.754906 ], [ 139.591782, 35.754864 ], [ 139.592005, 35.754793 ], [ 139.592212, 35.754758 ] ] ] } },
{ "type": "Feature", "properties": { "key": "練馬区|東大泉4丁目", "ward": "練馬区", "town": "東大泉４丁目" }, "geometry": { "type": "Polygon", "coordinates": [ [ [ 139.585267, 35.749794 ], [ 139.585022, 35.749844 ], [ 139.584607, 35.749875 ], [ 139.584371, 35.749894 ], [ 139.58394, 35.749904 ], [ 139.583673, 35.749896 ], [ 139.583409, 35.749897 ], [ 139.583168, 35.749868 ], [ 139.582647, 35.74981 ], [ 139.582554, 35.749801 ], [ 139.582109, 35.749741 ], [ 139.582106, 35.74974 ], [ 139.58184, 35.749714 ], [ 139.581032, 35.749628 ], [ 139.580923, 35.749616 ], [ 139.580694, 35.74959 ], [ 139.580523, 35.749562 ], [ 139.580114, 35.749518 ], [ 139.579055, 35.749401 ], [ 139.579059, 35.749617 ], [ 139.579096, 35.749785 ], [ 139.579186, 35.749906 ], [ 139.579653, 35.750404 ], [ 139.580365, 35.751134 ], [ 139.580943, 35.751868 ], [ 139.581314, 35.752311 ], [ 139.581549, 35.752556 ], [ 139.58185, 35.752946 ], [ 139.582106, 35.753203 ], [ 139.582384, 35.753406 ], [ 139.582426, 35.753447 ], [ 139.582618, 35.753561 ], [ 139.583023, 35.753743 ], [ 139.58328, 35.753833 ], [ 139.583555, 35.753877 ], [ 139.584029, 35.753935 ], [ 139.584436, 35.75395 ], [ 139.585125, 35.754012 ], [ 139.585644, 35.754109 ], [ 139.585924, 35.754218 ], [ 139.586048, 35.754339 ], [ 139.586093, 35.754382 ], [ 139.586219, 35.754563 ], [ 139.586241, 35.754602 ], [ 139.586435, 35.754956 ], [ 139.586577, 35.755236 ], [ 139.586687, 35.755484 ], [ 139.586817, 35.75575 ], [ 139.587059, 35.756174 ], [ 139.587207, 35.75639 ], [ 139.587369, 35.756541 ], [ 139.587541, 35.756668 ], [ 139.587701, 35.756765 ], [ 139.587895, 35.756833 ], [ 139.587654, 35.756333 ], [ 139.587377, 35.755783 ], [ 139.5872, 35.755435 ], [ 139.587177, 35.75539 ], [ 139.58702, 35.755057 ], [ 139.586865, 35.754709 ], [ 139.586719, 35.754417 ], [ 139.586678, 35.754344 ], [ 139.586519, 35.754004 ], [ 139.586338, 35.753643 ], [ 139.586183, 35.75329 ], [ 139.586106, 35.753132 ], [ 139.586034, 35.752955 ], [ 139.585993, 35.752817 ], [ 139.585912, 35.752409 ], [ 139.585827, 35.752012 ], [ 139.585786, 35.751856 ], [ 139.585756, 35.751657 ], [ 139.585687, 35.75133 ], [ 139.585666, 35.751301 ], [ 139.585586, 35.750968 ], [ 139.585586, 35.750864 ], [ 139.585678, 35.750647 ], [ 139.585466, 35.750587 ], [ 139.585322, 35.750003 ], [ 139.585267, 35.749794 ] ] ] } },
{ "type": "Feature", "properties": { "key": "練馬区|東大泉5丁目", "ward": "練馬区", "town": "東大泉５丁目" }, "geometry": { "type": "Polygon", "coordinates": [ [ [ 139.586712, 35.749363 ], [ 139.586794, 35.749501 ], [ 139.587093, 35.749366 ], [ 139.5873, 35.749272 ], [ 139.5877, 35.749092 ], [ 139.588289, 35.748819 ], [ 139.589042, 35.748504 ], [ 139.589723, 35.748212 ], [ 139.590008, 35.748095 ], [ 139.590227, 35.748002 ], [ 139.590677, 35.747811 ], [ 139.590981, 35.74768 ], [ 139.591764, 35.747353 ], [ 139.592106, 35.747212 ], [ 139.592747, 35.746943 ], [ 139.593118, 35.746795 ], [ 139.593363, 35.746718 ], [ 139.594145, 35.74655 ], [ 139.594492, 35.746467 ], [ 139.594851, 35.74639 ], [ 139.595033, 35.746361 ], [ 139.594877, 35.746317 ], [ 139.594297, 35.746265 ], [ 139.594301, 35.746055 ], [ 139.594321, 35.745767 ], [ 139.594387, 35.745222 ], [ 139.594407, 35.745083 ], [ 139.593784, 35.745005 ], [ 139.593043, 35.744882 ], [ 139.592749, 35.744823 ], [ 139.592508, 35.744795 ], [ 139.59227, 35.744748 ], [ 139.592139, 35.74471 ], [ 139.591977, 35.744631 ], [ 139.591476, 35.744434 ], [ 139.591404, 35.744406 ], [ 139.591043, 35.744264 ], [ 139.590321, 35.74398 ], [ 139.590271, 35.743914 ], [ 139.589989, 35.743788 ], [ 139.589832, 35.743687 ], [ 139.589713, 35.743609 ], [ 139.589369, 35.743467 ], [ 139.589064, 35.743356 ], [ 139.588659, 35.743119 ], [ 139.588503, 35.743054 ], [ 139.588383, 35.743015 ], [ 139.588157, 35.742915 ], [ 139.587596, 35.742649 ], [ 139.58731, 35.742511 ], [ 139.587102, 35.742452 ], [ 139.587007, 35.742613 ], [ 139.58675, 35.743095 ], [ 139.586608, 35.743322 ], [ 139.586474, 35.74353 ], [ 139.586422, 35.743638 ], [ 139.586394, 35.743734 ], [ 139.586381, 35.743779 ], [ 139.586285, 35.744312 ], [ 139.586283, 35.744429 ], [ 139.586241, 35.74499 ], [ 139.586205, 35.745773 ], [ 139.586197, 35.745975 ], [ 139.586195, 35.746015 ], [ 139.586238, 35.74627 ], [ 139.586258, 35.7467 ], [ 139.586277, 35.747173 ], [ 139.586277, 35.74756 ], [ 139.586197, 35.747859 ], [ 139.586159, 35.748026 ], [ 139.586099, 35.748289 ], [ 139.586018, 35.748556 ], [ 139.585438, 35.748471 ], [ 139.584941, 35.748388 ], [ 139.584831, 35.748434 ], [ 139.584762, 35.748761 ], [ 139.585032, 35.748875 ], [ 139.585267, 35.749794 ], [ 139.585835, 35.749761 ], [ 139.585912, 35.749748 ], [ 139.5862, 35.749701 ], [ 139.586378, 35.749655 ], [ 139.586312, 35.749499 ], [ 139.586463, 35.749446 ], [ 139.586712, 35.749363 ] ] ] } },
{ "type": "Feature", "properties": { "key": "練馬区|東大泉6丁目", "ward": "練馬区", "town": "東大泉６丁目" }, "geometry": { "type": "Polygon", "coordinates": [ [ [ 139.584371, 35.749894 ], [ 139.584607, 35.749875 ], [ 139.585022, 35.749844 ], [ 139.585267, 35.749794 ], [ 139.585032, 35.748875 ], [ 139.584762, 35.748761 ], [ 139.584831, 35.748434 ], [ 139.584941, 35.748388 ], [ 139.585438, 35.748471 ], [ 139.586018, 35.748556 ], [ 139.586099, 35.748289 ], [ 139.586159, 35.748026 ], [ 139.586197, 35.747859 ], [ 139.586277, 35.74756 ], [ 139.586277, 35.747173 ], [ 139.586258, 35.7467 ], [ 139.586238, 35.74627 ], [ 139.586195, 35.746015 ], [ 139.586197, 35.745975 ], [ 139.586205, 35.745773 ], [ 139.586241, 35.74499 ], [ 139.586283, 35.744429 ], [ 139.586285, 35.744312 ], [ 139.586381, 35.743779 ], [ 139.586394, 35.743734 ], [ 139.586422, 35.743638 ], [ 139.586474, 35.74353 ], [ 139.586608, 35.743322 ], [ 139.58675, 35.743095 ], [ 139.587007, 35.742613 ], [ 139.587102, 35.742452 ], [ 139.586974, 35.742394 ], [ 139.58686, 35.742328 ], [ 139.58656, 35.742155 ], [ 139.586348, 35.742049 ], [ 139.586092, 35.741919 ], [ 139.585732, 35.741774 ], [ 139.585322, 35.741627 ], [ 139.585168, 35.741559 ], [ 139.584999, 35.741484 ], [ 139.584378, 35.741167 ], [ 139.584205, 35.741064 ], [ 139.584206, 35.740969 ], [ 139.584139, 35.740925 ], [ 139.583903, 35.740818 ], [ 139.583749, 35.740744 ], [ 139.583378, 35.740608 ], [ 139.583176, 35.740535 ], [ 139.58288, 35.74043 ], [ 139.582524, 35.740282 ], [ 139.582413, 35.740234 ], [ 139.582246, 35.74016 ], [ 139.582013, 35.740037 ], [ 139.581828, 35.739927 ], [ 139.581683, 35.740296 ], [ 139.581614, 35.740468 ], [ 139.581283, 35.741156 ], [ 139.581165, 35.741458 ], [ 139.581127, 35.741551 ], [ 139.581027, 35.741821 ], [ 139.581007, 35.74188 ], [ 139.580842, 35.742386 ], [ 139.58073, 35.742733 ], [ 139.580635, 35.743037 ], [ 139.580613, 35.743265 ], [ 139.580604, 35.743341 ], [ 139.580604, 35.743576 ], [ 139.580604, 35.743834 ], [ 139.580604, 35.744471 ], [ 139.580596, 35.744634 ], [ 139.580564, 35.74489 ], [ 139.580559, 35.745069 ], [ 139.580574, 35.745189 ], [ 139.580593, 35.745222 ], [ 139.580619, 35.745428 ], [ 139.580693, 35.745693 ], [ 139.580755, 35.745886 ], [ 139.58086, 35.746129 ], [ 139.58089, 35.746182 ], [ 139.581023, 35.746423 ], [ 139.581177, 35.746599 ], [ 139.58128, 35.746779 ], [ 139.581342, 35.746889 ], [ 139.581433, 35.747039 ], [ 139.581483, 35.747227 ], [ 139.581522, 35.747446 ], [ 139.581491, 35.747461 ], [ 139.581864, 35.74837 ], [ 139.581932, 35.748531 ], [ 139.582041, 35.748764 ], [ 139.582143, 35.749046 ], [ 139.582198, 35.749144 ], [ 139.582328, 35.749402 ], [ 139.582489, 35.749567 ], [ 139.582591, 35.749698 ], [ 139.582647, 35.74981 ], [ 139.583168, 35.749868 ], [ 139.583409, 35.749897 ], [ 139.583673, 35.749896 ], [ 139.58394, 35.749904 ], [ 139.584371, 35.749894 ] ] ] } },
{ "type": "Feature", "properties": { "key": "練馬区|東大泉7丁目", "ward": "練馬区", "town": "東大泉７丁目" }, "geometry": { "type": "Polygon", "coordinates": [ [ [ 139.580206, 35.73919 ], [ 139.580109, 35.739188 ], [ 139.57996, 35.739186 ], [ 139.579672, 35.739206 ], [ 139.579474, 35.739225 ], [ 139.579478, 35.739096 ], [ 139.57952, 35.738769 ], [ 139.579493, 35.738715 ], [ 139.579227, 35.738505 ], [ 139.578728, 35.738784 ], [ 139.578551, 35.738879 ], [ 139.578571, 35.738916 ], [ 139.578338, 35.739223 ], [ 139.578238, 35.739376 ], [ 139.57814, 35.739466 ], [ 139.577887, 35.739644 ], [ 139.577679, 35.739775 ], [ 139.577499, 35.739875 ], [ 139.577476, 35.739886 ], [ 139.577313, 35.73996 ], [ 139.577396, 35.740155 ], [ 139.576966, 35.740739 ], [ 139.576837, 35.74085 ], [ 139.576799, 35.740939 ], [ 139.576669, 35.741125 ], [ 139.576472, 35.741328 ], [ 139.576428, 35.7414 ], [ 139.576372, 35.741541 ], [ 139.576234, 35.741864 ], [ 139.576172, 35.741961 ], [ 139.57573, 35.742256 ], [ 139.57571, 35.74257 ], [ 139.575708, 35.742734 ], [ 139.575732, 35.742833 ], [ 139.575827, 35.742922 ], [ 139.575978, 35.742991 ], [ 139.57644, 35.743129 ], [ 139.576497, 35.743169 ], [ 139.57657, 35.743271 ], [ 139.576677, 35.743417 ], [ 139.576841, 35.743693 ], [ 139.576883, 35.743794 ], [ 139.576872, 35.743929 ], [ 139.576778, 35.74412 ], [ 139.576739, 35.744288 ], [ 139.576719, 35.744514 ], [ 139.57673, 35.74465 ], [ 139.576775, 35.744769 ], [ 139.576884, 35.744898 ], [ 139.576952, 35.74497 ], [ 139.577013, 35.745036 ], [ 139.577051, 35.745102 ], [ 139.577086, 35.745275 ], [ 139.577088, 35.745342 ], [ 139.577098, 35.745602 ], [ 139.577111, 35.745758 ], [ 139.577099, 35.745937 ], [ 139.57707, 35.746053 ], [ 139.577054, 35.746332 ], [ 139.577071, 35.74646 ], [ 139.577142, 35.746535 ], [ 139.577237, 35.746581 ], [ 139.57739, 35.746621 ], [ 139.5776, 35.746741 ], [ 139.577746, 35.746857 ], [ 139.578103, 35.747172 ], [ 139.578424, 35.747554 ], [ 139.578503, 35.747696 ], [ 139.578782, 35.74823 ], [ 139.578971, 35.74871 ], [ 139.578984, 35.748741 ], [ 139.579041, 35.748878 ], [ 139.57908, 35.749054 ], [ 139.579055, 35.749401 ], [ 139.580114, 35.749518 ], [ 139.580523, 35.749562 ], [ 139.580694, 35.74959 ], [ 139.580923, 35.749616 ], [ 139.581032, 35.749628 ], [ 139.58184, 35.749714 ], [ 139.582106, 35.74974 ], [ 139.582109, 35.749741 ], [ 139.582554, 35.749801 ], [ 139.582647, 35.74981 ], [ 139.582591, 35.749698 ], [ 139.582489, 35.749567 ], [ 139.582328, 35.749402 ], [ 139.582198, 35.749144 ], [ 139.582143, 35.749046 ], [ 139.582041, 35.748764 ], [ 139.581932, 35.748531 ], [ 139.581864, 35.74837 ], [ 139.581491, 35.747461 ], [ 139.581522, 35.747446 ], [ 139.581483, 35.747227 ], [ 139.581433, 35.747039 ], [ 139.581342, 35.746889 ], [ 139.58128, 35.746779 ], [ 139.581177, 35.746599 ], [ 139.581023, 35.746423 ], [ 139.58089, 35.746182 ], [ 139.58086, 35.746129 ], [ 139.580755, 35.745886 ], [ 139.580693, 35.745693 ], [ 139.580619, 35.745428 ], [ 139.580593, 35.745222 ], [ 139.580574, 35.745189 ], [ 139.580559, 35.745069 ], [ 139.580564, 35.74489 ], [ 139.580596, 35.744634 ], [ 139.580604, 35.744471 ], [ 139.580604, 35.743834 ], [ 139.580604, 35.743576 ], [ 139.580604, 35.743341 ], [ 139.580613, 35.743265 ], [ 139.580635, 35.743037 ], [ 139.58073, 35.742733 ], [ 139.580842, 35.742386 ], [ 139.581007, 35.74188 ], [ 139.581027, 35.741821 ], [ 139.581127, 35.741551 ], [ 139.581165, 35.741458 ], [ 139.581283, 35.741156 ], [ 139.581614, 35.740468 ], [ 139.581683, 35.740296 ], [ 139.581828, 35.739927 ], [ 139.581726, 35.739834 ], [ 139.581528, 35.73973 ], [ 139.581368, 35.739681 ], [ 139.580788, 35.739521 ], [ 139.580615, 35.739449 ], [ 139.580462, 35.73937 ], [ 139.580206, 35.73919 ] ] ] } },
{ "type": "Feature", "properties": { "key": "練馬区|西大泉1丁目", "ward": "練馬区", "town": "西大泉１丁目" }, "geometry": { "type": "Polygon", "coordinates": [ [ [ 139.575753, 35.755224 ], [ 139.576252, 35.754831 ], [ 139.57646, 35.754705 ], [ 139.576485, 35.754696 ], [ 139.576801, 35.754578 ], [ 139.576936, 35.754539 ], [ 139.577276, 35.754466 ], [ 139.577711, 35.754382 ], [ 139.578343, 35.75423 ], [ 139.578382, 35.75422 ], [ 139.578502, 35.754193 ], [ 139.578826, 35.754118 ], [ 139.579328, 35.754013 ], [ 139.579828, 35.753914 ], [ 139.580215, 35.753881 ], [ 139.580332, 35.753877 ], [ 139.580614, 35.75387 ], [ 139.580949, 35.75387 ], [ 139.58129, 35.75384 ], [ 139.581567, 35.753831 ], [ 139.581721, 35.753841 ], [ 139.58221, 35.753878 ], [ 139.582416, 35.753887 ], [ 139.582453, 35.75389 ], [ 139.582492, 35.753896 ], [ 139.582524, 35.753906 ], [ 139.582557, 35.753914 ], [ 139.582605, 35.753927 ], [ 139.582882, 35.753978 ], [ 139.583018, 35.754005 ], [ 139.583317, 35.754014 ], [ 139.583596, 35.754039 ], [ 139.583766, 35.754058 ], [ 139.583964, 35.754103 ], [ 139.584029, 35.753935 ], [ 139.583555, 35.753877 ], [ 139.58328, 35.753833 ], [ 139.583023, 35.753743 ], [ 139.582618, 35.753561 ], [ 139.582426, 35.753447 ], [ 139.582384, 35.753406 ], [ 139.582106, 35.753203 ], [ 139.58185, 35.752946 ], [ 139.581549, 35.752556 ], [ 139.581314, 35.752311 ], [ 139.580943, 35.751868 ], [ 139.580795, 35.751947 ], [ 139.5803, 35.75221 ], [ 139.579773, 35.75249 ], [ 139.5797, 35.752313 ], [ 139.579662, 35.752147 ], [ 139.579258, 35.752243 ], [ 139.578999, 35.752304 ], [ 139.578603, 35.752404 ], [ 139.578318, 35.752477 ], [ 139.578026, 35.752457 ], [ 139.577765, 35.75247 ], [ 139.57749, 35.752508 ], [ 139.577143, 35.75256 ], [ 139.577167, 35.752681 ], [ 139.577204, 35.752903 ], [ 139.576737, 35.753062 ], [ 139.576552, 35.753125 ], [ 139.576425, 35.753247 ], [ 139.576196, 35.75353 ], [ 139.575844, 35.753581 ], [ 139.575218, 35.753735 ], [ 139.575163, 35.753751 ], [ 139.574984, 35.753876 ], [ 139.574953, 35.753915 ], [ 139.574778, 35.754179 ], [ 139.574719, 35.754219 ], [ 139.574556, 35.754325 ], [ 139.574266, 35.75438 ], [ 139.574007, 35.754405 ], [ 139.573972, 35.754408 ], [ 139.573895, 35.754413 ], [ 139.573628, 35.754419 ], [ 139.572918, 35.754442 ], [ 139.57279, 35.754454 ], [ 139.572683, 35.754453 ], [ 139.572289, 35.754431 ], [ 139.572254, 35.754428 ], [ 139.57196, 35.754371 ], [ 139.571831, 35.754346 ], [ 139.571084, 35.754335 ], [ 139.570887, 35.754322 ], [ 139.570846, 35.754028 ], [ 139.57081, 35.753826 ], [ 139.570799, 35.753777 ], [ 139.57072, 35.753427 ], [ 139.570667, 35.753244 ], [ 139.570329, 35.753243 ], [ 139.570244, 35.752462 ], [ 139.570191, 35.75207 ], [ 139.570145, 35.751733 ], [ 139.569235, 35.751396 ], [ 139.569223, 35.751431 ], [ 139.568973, 35.752203 ], [ 139.56889, 35.752401 ], [ 139.568853, 35.752451 ], [ 139.568694, 35.752675 ], [ 139.568542, 35.752848 ], [ 139.568092, 35.753337 ], [ 139.567932, 35.753575 ], [ 139.567929, 35.753759 ], [ 139.567926, 35.754037 ], [ 139.567946, 35.754284 ], [ 139.567964, 35.754506 ], [ 139.568, 35.754904 ], [ 139.568014, 35.755053 ], [ 139.567784, 35.755069 ], [ 139.567553, 35.755198 ], [ 139.56726, 35.755258 ], [ 139.567164, 35.755264 ], [ 139.567165, 35.75543 ], [ 139.567439, 35.755342 ], [ 139.567619, 35.755309 ], [ 139.568084, 35.755283 ], [ 139.568255, 35.75528 ], [ 139.568564, 35.755309 ], [ 139.569129, 35.755312 ], [ 139.569415, 35.755323 ], [ 139.569516, 35.755326 ], [ 139.569749, 35.755329 ], [ 139.57036, 35.755337 ], [ 139.570703, 35.755453 ], [ 139.570718, 35.755458 ], [ 139.570755, 35.755472 ], [ 139.571131, 35.755696 ], [ 139.571637, 35.756014 ], [ 139.571939, 35.756183 ], [ 139.572255, 35.756285 ], [ 139.572429, 35.756287 ], [ 139.572647, 35.756253 ], [ 139.572809, 35.756215 ], [ 139.573188, 35.756127 ], [ 139.573663, 35.756008 ], [ 139.573941, 35.75593 ], [ 139.574531, 35.755747 ], [ 139.575424, 35.755464 ], [ 139.57546, 35.75544 ], [ 139.575753, 35.755224 ] ] ] } },
{ "type": "Feature", "properties": { "key": "練馬区|西大泉2丁目", "ward": "練馬区", "town": "西大泉２丁目" }, "geometry": { "type": "Polygon", "coordinates": [ [ [ 139.579389, 35.75601 ], [ 139.579544, 35.755864 ], [ 139.579658, 35.755756 ], [ 139.579811, 35.755563 ], [ 139.579958, 35.755325 ], [ 139.580031, 35.75517 ], [ 139.580089, 35.755048 ], [ 139.58018, 35.754801 ], [ 139.580195, 35.754763 ], [ 139.580237, 35.754562 ], [ 139.580332, 35.753877 ], [ 139.580215, 35.753881 ], [ 139.579828, 35.753914 ], [ 139.579328, 35.754013 ], [ 139.578826, 35.754118 ], [ 139.578502, 35.754193 ], [ 139.578382, 35.75422 ], [ 139.578343, 35.75423 ], [ 139.577711, 35.754382 ], [ 139.577276, 35.754466 ], [ 139.576936, 35.754539 ], [ 139.576801, 35.754578 ], [ 139.576485, 35.754696 ], [ 139.57646, 35.754705 ], [ 139.576252, 35.754831 ], [ 139.575753, 35.755224 ], [ 139.57546, 35.75544 ], [ 139.575424, 35.755464 ], [ 139.574531, 35.755747 ], [ 139.573941, 35.75593 ], [ 139.573663, 35.756008 ], [ 139.573188, 35.756127 ], [ 139.572809, 35.756215 ], [ 139.572647, 35.756253 ], [ 139.572429, 35.756287 ], [ 139.572255, 35.756285 ], [ 139.571939, 35.756183 ], [ 139.571637, 35.756014 ], [ 139.571131, 35.755696 ], [ 139.570755, 35.755472 ], [ 139.570718, 35.755458 ], [ 139.570703, 35.755453 ], [ 139.570788, 35.756058 ], [ 139.570859, 35.756519 ], [ 139.570858, 35.75685 ], [ 139.570858, 35.757012 ], [ 139.570849, 35.757249 ], [ 139.570822, 35.757554 ], [ 139.570967, 35.757629 ], [ 139.571151, 35.757742 ], [ 139.571292, 35.757861 ], [ 139.571379, 35.757943 ], [ 139.571644, 35.758344 ], [ 139.571918, 35.758765 ], [ 139.572104, 35.759077 ], [ 139.572396, 35.759551 ], [ 139.572577, 35.759643 ], [ 139.572736, 35.759708 ], [ 139.572772, 35.759721 ], [ 139.573189, 35.759872 ], [ 139.573433, 35.759919 ], [ 139.573445, 35.759921 ], [ 139.573709, 35.759982 ], [ 139.574078, 35.76004 ], [ 139.574345, 35.760163 ], [ 139.574899, 35.760273 ], [ 139.574939, 35.760297 ], [ 139.575238, 35.760559 ], [ 139.575245, 35.760556 ], [ 139.575829, 35.760188 ], [ 139.576206, 35.759891 ], [ 139.576509, 35.759646 ], [ 139.576598, 35.75955 ], [ 139.576695, 35.75941 ], [ 139.576762, 35.759276 ], [ 139.576766, 35.759267 ], [ 139.576881, 35.759126 ], [ 139.577067, 35.758971 ], [ 139.577401, 35.758754 ], [ 139.577618, 35.758593 ], [ 139.577649, 35.758536 ], [ 139.577684, 35.758253 ], [ 139.577691, 35.758181 ], [ 139.577744, 35.757937 ], [ 139.577824, 35.757764 ], [ 139.577873, 35.7577 ], [ 139.57821, 35.757283 ], [ 139.57831, 35.757138 ], [ 139.578543, 35.756858 ], [ 139.578819, 35.756555 ], [ 139.578877, 35.756498 ], [ 139.578904, 35.756471 ], [ 139.578962, 35.756413 ], [ 139.579054, 35.756323 ], [ 139.579389, 35.75601 ] ] ] } },
{ "type": "Feature", "properties": { "key": "練馬区|西大泉3丁目", "ward": "練馬区", "town": "西大泉３丁目" }, "geometry": { "type": "Polygon", "coordinates": [ [ [ 139.58005, 35.762233 ], [ 139.580037, 35.762012 ], [ 139.580038, 35.761814 ], [ 139.580081, 35.761663 ], [ 139.580168, 35.761475 ], [ 139.580214, 35.761339 ], [ 139.580241, 35.761209 ], [ 139.580305, 35.760959 ], [ 139.580409, 35.760563 ], [ 139.580567, 35.76025 ], [ 139.580643, 35.760099 ], [ 139.580626, 35.759937 ], [ 139.580546, 35.759759 ], [ 139.580517, 35.75971 ], [ 139.580498, 35.759632 ], [ 139.58039, 35.759352 ], [ 139.580355, 35.75913 ], [ 139.580388, 35.759048 ], [ 139.580507, 35.758824 ], [ 139.580573, 35.75869 ], [ 139.580765, 35.758147 ], [ 139.580808, 35.758009 ], [ 139.581027, 35.757657 ], [ 139.581366, 35.757058 ], [ 139.581503, 35.756838 ], [ 139.581589, 35.756691 ], [ 139.581684, 35.756611 ], [ 139.581809, 35.756542 ], [ 139.58193, 35.75651 ], [ 139.581986, 35.7565 ], [ 139.582269, 35.756448 ], [ 139.582542, 35.75636 ], [ 139.582815, 35.756266 ], [ 139.583017, 35.756187 ], [ 139.583175, 35.756116 ], [ 139.583313, 35.756017 ], [ 139.583448, 35.755912 ], [ 139.583589, 35.755937 ], [ 139.583685, 35.75592 ], [ 139.583574, 35.755397 ], [ 139.584086, 35.755292 ], [ 139.584098, 35.75524 ], [ 139.584109, 35.75515 ], [ 139.584128, 35.754991 ], [ 139.584149, 35.754819 ], [ 139.584228, 35.754163 ], [ 139.583964, 35.754103 ], [ 139.583766, 35.754058 ], [ 139.583596, 35.754039 ], [ 139.583317, 35.754014 ], [ 139.583018, 35.754005 ], [ 139.582882, 35.753978 ], [ 139.582605, 35.753927 ], [ 139.582557, 35.753914 ], [ 139.582524, 35.753906 ], [ 139.582492, 35.753896 ], [ 139.582453, 35.75389 ], [ 139.582416, 35.753887 ], [ 139.58221, 35.753878 ], [ 139.581721, 35.753841 ], [ 139.581567, 35.753831 ], [ 139.58129, 35.75384 ], [ 139.580949, 35.75387 ], [ 139.580614, 35.75387 ], [ 139.580332, 35.753877 ], [ 139.580237, 35.754562 ], [ 139.580195, 35.754763 ], [ 139.58018, 35.754801 ], [ 139.580089, 35.755048 ], [ 139.580031, 35.75517 ], [ 139.579958, 35.755325 ], [ 139.579811, 35.755563 ], [ 139.579658, 35.755756 ], [ 139.579544, 35.755864 ], [ 139.579389, 35.75601 ], [ 139.579054, 35.756323 ], [ 139.578962, 35.756413 ], [ 139.578904, 35.756471 ], [ 139.578877, 35.756498 ], [ 139.578819, 35.756555 ], [ 139.578543, 35.756858 ], [ 139.57831, 35.757138 ], [ 139.57821, 35.757283 ], [ 139.577873, 35.7577 ], [ 139.577824, 35.757764 ], [ 139.577744, 35.757937 ], [ 139.577691, 35.758181 ], [ 139.577684, 35.758253 ], [ 139.577649, 35.758536 ], [ 139.577618, 35.758593 ], [ 139.577401, 35.758754 ], [ 139.577067, 35.758971 ], [ 139.576881, 35.759126 ], [ 139.576766, 35.759267 ], [ 139.576762, 35.759276 ], [ 139.576695, 35.75941 ], [ 139.576598, 35.75955 ], [ 139.576509, 35.759646 ], [ 139.576206, 35.759891 ], [ 139.575829, 35.760188 ], [ 139.575245, 35.760556 ], [ 139.575848, 35.760762 ], [ 139.576103, 35.760868 ], [ 139.57631, 35.760971 ], [ 139.576537, 35.761116 ], [ 139.576667, 35.761204 ], [ 139.576811, 35.761285 ], [ 139.577024, 35.761391 ], [ 139.577342, 35.761529 ], [ 139.577372, 35.761542 ], [ 139.577935, 35.761793 ], [ 139.578056, 35.761846 ], [ 139.578172, 35.761907 ], [ 139.578402, 35.762004 ], [ 139.578798, 35.762164 ], [ 139.579186, 35.762321 ], [ 139.579185, 35.762311 ], [ 139.579968, 35.762618 ], [ 139.580045, 35.76254 ], [ 139.580081, 35.762374 ], [ 139.58005, 35.762233 ] ] ] } },
{ "type": "Feature", "properties": { "key": "練馬区|西大泉4丁目", "ward": "練馬区", "town": "西大泉４丁目" }, "geometry": { "type": "Polygon", "coordinates": [ [ [ 139.576594, 35.766059 ], [ 139.576635, 35.76604 ], [ 139.57673, 35.766003 ], [ 139.577057, 35.765839 ], [ 139.577809, 35.765533 ], [ 139.578019, 35.765459 ], [ 139.578471, 35.765288 ], [ 139.578648, 35.765233 ], [ 139.57873, 35.765208 ], [ 139.578876, 35.765163 ], [ 139.579324, 35.765041 ], [ 139.579351, 35.765034 ], [ 139.579288, 35.764634 ], [ 139.579278, 35.764576 ], [ 139.579151, 35.764069 ], [ 139.579116, 35.763869 ], [ 139.579103, 35.763809 ], [ 139.579049, 35.763327 ], [ 139.579268, 35.763289 ], [ 139.579256, 35.763162 ], [ 139.579232, 35.762929 ], [ 139.579186, 35.762321 ], [ 139.578798, 35.762164 ], [ 139.578402, 35.762004 ], [ 139.578172, 35.761907 ], [ 139.578056, 35.761846 ], [ 139.577935, 35.761793 ], [ 139.577372, 35.761542 ], [ 139.577342, 35.761529 ], [ 139.577024, 35.761391 ], [ 139.576811, 35.761285 ], [ 139.576667, 35.761204 ], [ 139.576537, 35.761116 ], [ 139.57631, 35.760971 ], [ 139.576103, 35.760868 ], [ 139.575848, 35.760762 ], [ 139.575245, 35.760556 ], [ 139.575238, 35.760559 ], [ 139.574858, 35.760931 ], [ 139.574581, 35.761153 ], [ 139.574167, 35.761454 ], [ 139.574015, 35.761529 ], [ 139.573882, 35.761599 ], [ 139.573548, 35.761781 ], [ 139.573415, 35.761859 ], [ 139.572901, 35.76216 ], [ 139.572688, 35.762284 ], [ 139.572641, 35.762325 ], [ 139.572506, 35.762595 ], [ 139.572412, 35.762691 ], [ 139.572254, 35.762785 ], [ 139.572094, 35.762839 ], [ 139.571904, 35.76288 ], [ 139.571723, 35.762986 ], [ 139.571653, 35.763114 ], [ 139.571498, 35.763438 ], [ 139.571298, 35.763848 ], [ 139.571003, 35.764403 ], [ 139.570925, 35.764481 ], [ 139.570748, 35.764373 ], [ 139.570549, 35.764294 ], [ 139.570502, 35.764301 ], [ 139.570386, 35.76457 ], [ 139.570779, 35.764562 ], [ 139.570693, 35.764703 ], [ 139.570506, 35.765065 ], [ 139.570442, 35.765277 ], [ 139.570358, 35.765553 ], [ 139.570601, 35.765561 ], [ 139.570669, 35.765318 ], [ 139.570676, 35.765283 ], [ 139.571194, 35.765377 ], [ 139.571855, 35.765545 ], [ 139.572404, 35.765642 ], [ 139.572388, 35.765702 ], [ 139.572308, 35.766232 ], [ 139.572925, 35.766326 ], [ 139.573091, 35.766336 ], [ 139.573305, 35.766317 ], [ 139.57393, 35.766381 ], [ 139.573955, 35.766203 ], [ 139.57448, 35.766253 ], [ 139.574447, 35.766428 ], [ 139.574518, 35.76676 ], [ 139.574466, 35.767215 ], [ 139.57495, 35.766927 ], [ 139.575544, 35.766585 ], [ 139.5758, 35.766445 ], [ 139.575892, 35.766395 ], [ 139.575957, 35.766364 ], [ 139.576221, 35.766226 ], [ 139.576594, 35.766059 ] ] ] } },
{ "type": "Feature", "properties": { "key": "練馬区|西大泉5丁目", "ward": "練馬区", "town": "西大泉５丁目" }, "geometry": { "type": "Polygon", "coordinates": [ [ [ 139.572559, 35.761089 ], [ 139.572592, 35.761089 ], [ 139.573026, 35.761055 ], [ 139.573496, 35.761036 ], [ 139.573497, 35.761049 ], [ 139.57384, 35.761008 ], [ 139.574526, 35.760942 ], [ 139.574858, 35.760931 ], [ 139.575238, 35.760559 ], [ 139.574939, 35.760297 ], [ 139.574899, 35.760273 ], [ 139.574345, 35.760163 ], [ 139.574078, 35.76004 ], [ 139.573709, 35.759982 ], [ 139.573445, 35.759921 ], [ 139.573433, 35.759919 ], [ 139.573189, 35.759872 ], [ 139.572772, 35.759721 ], [ 139.572736, 35.759708 ], [ 139.572577, 35.759643 ], [ 139.572396, 35.759551 ], [ 139.572104, 35.759077 ], [ 139.571918, 35.758765 ], [ 139.571644, 35.758344 ], [ 139.571379, 35.757943 ], [ 139.571292, 35.757861 ], [ 139.571151, 35.757742 ], [ 139.570967, 35.757629 ], [ 139.570822, 35.757554 ], [ 139.570849, 35.757249 ], [ 139.570858, 35.757012 ], [ 139.570858, 35.75685 ], [ 139.570859, 35.756519 ], [ 139.570788, 35.756058 ], [ 139.570703, 35.755453 ], [ 139.57036, 35.755337 ], [ 139.569749, 35.755329 ], [ 139.569516, 35.755326 ], [ 139.569415, 35.755323 ], [ 139.569129, 35.755312 ], [ 139.568564, 35.755309 ], [ 139.568255, 35.75528 ], [ 139.568084, 35.755283 ], [ 139.567619, 35.755309 ], [ 139.567439, 35.755342 ], [ 139.567165, 35.75543 ], [ 139.566751, 35.755584 ], [ 139.566708, 35.7556 ], [ 139.56671, 35.756086 ], [ 139.566693, 35.756307 ], [ 139.566653, 35.756463 ], [ 139.566624, 35.756575 ], [ 139.566641, 35.756839 ], [ 139.566157, 35.756939 ], [ 139.566154, 35.756951 ], [ 139.566046, 35.757351 ], [ 139.565917, 35.757565 ], [ 139.565857, 35.757664 ], [ 139.565414, 35.758371 ], [ 139.565326, 35.758486 ], [ 139.56516, 35.758476 ], [ 139.565052, 35.758473 ], [ 139.564969, 35.758508 ], [ 139.564868, 35.758637 ], [ 139.56482, 35.758759 ], [ 139.564801, 35.758809 ], [ 139.564766, 35.758934 ], [ 139.564653, 35.75909 ], [ 139.564483, 35.759263 ], [ 139.564259, 35.759475 ], [ 139.564132, 35.759594 ], [ 139.564121, 35.759609 ], [ 139.564004, 35.759769 ], [ 139.56397, 35.759871 ], [ 139.5639, 35.76012 ], [ 139.563882, 35.760291 ], [ 139.56432, 35.760423 ], [ 139.56461, 35.760499 ], [ 139.56463, 35.760505 ], [ 139.565221, 35.760619 ], [ 139.565262, 35.760627 ], [ 139.565368, 35.760633 ], [ 139.565573, 35.760684 ], [ 139.565973, 35.760752 ], [ 139.56663, 35.760902 ], [ 139.56685, 35.760949 ], [ 139.567384, 35.761061 ], [ 139.567497, 35.761094 ], [ 139.567554, 35.761106 ], [ 139.567589, 35.761114 ], [ 139.568181, 35.76124 ], [ 139.568291, 35.761264 ], [ 139.56864, 35.761333 ], [ 139.568691, 35.761344 ], [ 139.569199, 35.761418 ], [ 139.569279, 35.761423 ], [ 139.569536, 35.761424 ], [ 139.569639, 35.761415 ], [ 139.569731, 35.76141 ], [ 139.57, 35.761384 ], [ 139.570298, 35.761353 ], [ 139.570375, 35.761347 ], [ 139.570813, 35.761298 ], [ 139.570902, 35.761289 ], [ 139.571251, 35.761251 ], [ 139.571489, 35.761217 ], [ 139.572373, 35.761113 ], [ 139.572559, 35.761089 ] ] ] } },
{ "type": "Feature", "properties": { "key": "練馬区|西大泉6丁目", "ward": "練馬区", "town": "西大泉６丁目" }, "geometry": { "type": "Polygon", "coordinates": [ [ [ 139.569202, 35.763262 ], [ 139.569687, 35.763288 ], [ 139.569732, 35.763077 ], [ 139.57013, 35.763092 ], [ 139.570675, 35.763213 ], [ 139.570836, 35.763262 ], [ 139.571142, 35.763337 ], [ 139.571498, 35.763438 ], [ 139.571653, 35.763114 ], [ 139.571723, 35.762986 ], [ 139.571904, 35.76288 ], [ 139.572094, 35.762839 ], [ 139.572254, 35.762785 ], [ 139.572412, 35.762691 ], [ 139.572506, 35.762595 ], [ 139.572641, 35.762325 ], [ 139.572688, 35.762284 ], [ 139.572901, 35.76216 ], [ 139.573415, 35.761859 ], [ 139.573548, 35.761781 ], [ 139.573882, 35.761599 ], [ 139.574015, 35.761529 ], [ 139.574167, 35.761454 ], [ 139.574581, 35.761153 ], [ 139.574858, 35.760931 ], [ 139.574526, 35.760942 ], [ 139.57384, 35.761008 ], [ 139.573497, 35.761049 ], [ 139.573496, 35.761036 ], [ 139.573026, 35.761055 ], [ 139.572592, 35.761089 ], [ 139.572559, 35.761089 ], [ 139.572373, 35.761113 ], [ 139.571489, 35.761217 ], [ 139.571251, 35.761251 ], [ 139.570902, 35.761289 ], [ 139.570813, 35.761298 ], [ 139.570375, 35.761347 ], [ 139.570298, 35.761353 ], [ 139.57, 35.761384 ], [ 139.569731, 35.76141 ], [ 139.569639, 35.761415 ], [ 139.569536, 35.761424 ], [ 139.569279, 35.761423 ], [ 139.569199, 35.761418 ], [ 139.568691, 35.761344 ], [ 139.56864, 35.761333 ], [ 139.568291, 35.761264 ], [ 139.568181, 35.76124 ], [ 139.567589, 35.761114 ], [ 139.567554, 35.761106 ], [ 139.567497, 35.761094 ], [ 139.567384, 35.761061 ], [ 139.56685, 35.760949 ], [ 139.56663, 35.760902 ], [ 139.565973, 35.760752 ], [ 139.565573, 35.760684 ], [ 139.565368, 35.760633 ], [ 139.565262, 35.760627 ], [ 139.565221, 35.760619 ], [ 139.56463, 35.760505 ], [ 139.56461, 35.760499 ], [ 139.56432, 35.760423 ], [ 139.563882, 35.760291 ], [ 139.563815, 35.760623 ], [ 139.563802, 35.760688 ], [ 139.563737, 35.760961 ], [ 139.56371, 35.761221 ], [ 139.5637, 35.761419 ], [ 139.563704, 35.76155 ], [ 139.563422, 35.761536 ], [ 139.562871, 35.761518 ], [ 139.562914, 35.761559 ], [ 139.563151, 35.761799 ], [ 139.563277, 35.761977 ], [ 139.563375, 35.762222 ], [ 139.563459, 35.762494 ], [ 139.563597, 35.762823 ], [ 139.563737, 35.762771 ], [ 139.563928, 35.762761 ], [ 139.564262, 35.762798 ], [ 139.564685, 35.762864 ], [ 139.564973, 35.762901 ], [ 139.565118, 35.762444 ], [ 139.565242, 35.762046 ], [ 139.565268, 35.761941 ], [ 139.565289, 35.761855 ], [ 139.565774, 35.761919 ], [ 139.565829, 35.761804 ], [ 139.565848, 35.761801 ], [ 139.566256, 35.761866 ], [ 139.566326, 35.761885 ], [ 139.566818, 35.762005 ], [ 139.566775, 35.762119 ], [ 139.566566, 35.762488 ], [ 139.567016, 35.762693 ], [ 139.567526, 35.762884 ], [ 139.568017, 35.763064 ], [ 139.568076, 35.762943 ], [ 139.56827, 35.76299 ], [ 139.56853, 35.763054 ], [ 139.568456, 35.763377 ], [ 139.569155, 35.763528 ], [ 139.569178, 35.763394 ], [ 139.569202, 35.763262 ] ] ] } },
{ "type": "Feature", "properties": { "key": "練馬区|南大泉1丁目", "ward": "練馬区", "town": "南大泉１丁目" }, "geometry": { "type": "Polygon", "coordinates": [ [ [ 139.576627, 35.736304 ], [ 139.576462, 35.73631 ], [ 139.576461, 35.736301 ], [ 139.576518, 35.736073 ], [ 139.57599, 35.735898 ], [ 139.575363, 35.735691 ], [ 139.574769, 35.735485 ], [ 139.574277, 35.735323 ], [ 139.573739, 35.735146 ], [ 139.573641, 35.735117 ], [ 139.573134, 35.734967 ], [ 139.572496, 35.734795 ], [ 139.572532, 35.735635 ], [ 139.572535, 35.735711 ], [ 139.572562, 35.73585 ], [ 139.572604, 35.736061 ], [ 139.572718, 35.736641 ], [ 139.572723, 35.736687 ], [ 139.572768, 35.73711 ], [ 139.572785, 35.737267 ], [ 139.572812, 35.737543 ], [ 139.572892, 35.738021 ], [ 139.572976, 35.738349 ], [ 139.573105, 35.738703 ], [ 139.573217, 35.739039 ], [ 139.573255, 35.739285 ], [ 139.573349, 35.739771 ], [ 139.573371, 35.739773 ], [ 139.573421, 35.740013 ], [ 139.573424, 35.740027 ], [ 139.573563, 35.740569 ], [ 139.573619, 35.740767 ], [ 139.573685, 35.740989 ], [ 139.57373, 35.741132 ], [ 139.573847, 35.741422 ], [ 139.573908, 35.741535 ], [ 139.574029, 35.741711 ], [ 139.57413, 35.741912 ], [ 139.574127, 35.742149 ], [ 139.574098, 35.742332 ], [ 139.574034, 35.742621 ], [ 139.573943, 35.742766 ], [ 139.573733, 35.743013 ], [ 139.573568, 35.743177 ], [ 139.573403, 35.743359 ], [ 139.573272, 35.743504 ], [ 139.573051, 35.743734 ], [ 139.574029, 35.743792 ], [ 139.574049, 35.743793 ], [ 139.574467, 35.74382 ], [ 139.575168, 35.743817 ], [ 139.575239, 35.743811 ], [ 139.575431, 35.743799 ], [ 139.57572, 35.743782 ], [ 139.576009, 35.74377 ], [ 139.576052, 35.743767 ], [ 139.576383, 35.743745 ], [ 139.576531, 35.74374 ], [ 139.576841, 35.743693 ], [ 139.576677, 35.743417 ], [ 139.57657, 35.743271 ], [ 139.576497, 35.743169 ], [ 139.57644, 35.743129 ], [ 139.575978, 35.742991 ], [ 139.575827, 35.742922 ], [ 139.575732, 35.742833 ], [ 139.575708, 35.742734 ], [ 139.57571, 35.74257 ], [ 139.57573, 35.742256 ], [ 139.576172, 35.741961 ], [ 139.576234, 35.741864 ], [ 139.576372, 35.741541 ], [ 139.576428, 35.7414 ], [ 139.576472, 35.741328 ], [ 139.576669, 35.741125 ], [ 139.576799, 35.740939 ], [ 139.576837, 35.74085 ], [ 139.576966, 35.740739 ], [ 139.577396, 35.740155 ], [ 139.577313, 35.73996 ], [ 139.577476, 35.739886 ], [ 139.577499, 35.739875 ], [ 139.577679, 35.739775 ], [ 139.577887, 35.739644 ], [ 139.57814, 35.739466 ], [ 139.578238, 35.739376 ], [ 139.578338, 35.739223 ], [ 139.578571, 35.738916 ], [ 139.578551, 35.738879 ], [ 139.578728, 35.738784 ], [ 139.579227, 35.738505 ], [ 139.579054, 35.738344 ], [ 139.578916, 35.738225 ], [ 139.578868, 35.738184 ], [ 139.578506, 35.73787 ], [ 139.578283, 35.737712 ], [ 139.578137, 35.737616 ], [ 139.57803, 35.73756 ], [ 139.577889, 35.737465 ], [ 139.577643, 35.737279 ], [ 139.577462, 35.737114 ], [ 139.577286, 35.736916 ], [ 139.57718, 35.73679 ], [ 139.576947, 35.736499 ], [ 139.576822, 35.736364 ], [ 139.576743, 35.736321 ], [ 139.576627, 35.736304 ] ] ] } },
{ "type": "Feature", "properties": { "key": "練馬区|南大泉2丁目", "ward": "練馬区", "town": "南大泉２丁目" }, "geometry": { "type": "Polygon", "coordinates": [ [ [ 139.572812, 35.737543 ], [ 139.572785, 35.737267 ], [ 139.572768, 35.73711 ], [ 139.572723, 35.736687 ], [ 139.572718, 35.736641 ], [ 139.572604, 35.736061 ], [ 139.572562, 35.73585 ], [ 139.572535, 35.735711 ], [ 139.572532, 35.735635 ], [ 139.572496, 35.734795 ], [ 139.571968, 35.734644 ], [ 139.571877, 35.734618 ], [ 139.571542, 35.734532 ], [ 139.571362, 35.734489 ], [ 139.571125, 35.734432 ], [ 139.571094, 35.734424 ], [ 139.570613, 35.734308 ], [ 139.570254, 35.734222 ], [ 139.569504, 35.734041 ], [ 139.569445, 35.734027 ], [ 139.569245, 35.734185 ], [ 139.569108, 35.734294 ], [ 139.568899, 35.734523 ], [ 139.568717, 35.734744 ], [ 139.568519, 35.734971 ], [ 139.5685, 35.734995 ], [ 139.568445, 35.735063 ], [ 139.568225, 35.735287 ], [ 139.568129, 35.735365 ], [ 139.567787, 35.735643 ], [ 139.567618, 35.735802 ], [ 139.567498, 35.735925 ], [ 139.567337, 35.736162 ], [ 139.567514, 35.736619 ], [ 139.567675, 35.737058 ], [ 139.567706, 35.737144 ], [ 139.567716, 35.737169 ], [ 139.567718, 35.737174 ], [ 139.567761, 35.737294 ], [ 139.567936, 35.737778 ], [ 139.567989, 35.737889 ], [ 139.568085, 35.737981 ], [ 139.568124, 35.738018 ], [ 139.56838, 35.737974 ], [ 139.568454, 35.738323 ], [ 139.568431, 35.738606 ], [ 139.568301, 35.739119 ], [ 139.568255, 35.739308 ], [ 139.568247, 35.739546 ], [ 139.568258, 35.739687 ], [ 139.568264, 35.739774 ], [ 139.568299, 35.740138 ], [ 139.568334, 35.740673 ], [ 139.569212, 35.740578 ], [ 139.569233, 35.740574 ], [ 139.569672, 35.740508 ], [ 139.570339, 35.740422 ], [ 139.570611, 35.7404 ], [ 139.571017, 35.740366 ], [ 139.571279, 35.740342 ], [ 139.571496, 35.740233 ], [ 139.571645, 35.740144 ], [ 139.57199, 35.739941 ], [ 139.571989, 35.739932 ], [ 139.572377, 35.739881 ], [ 139.572763, 35.739862 ], [ 139.57305, 35.739821 ], [ 139.573349, 35.739771 ], [ 139.573255, 35.739285 ], [ 139.573217, 35.739039 ], [ 139.573105, 35.738703 ], [ 139.572976, 35.738349 ], [ 139.572892, 35.738021 ], [ 139.572812, 35.737543 ] ] ] } },
{ "type": "Feature", "properties": { "key": "練馬区|南大泉3丁目", "ward": "練馬区", "town": "南大泉３丁目" }, "geometry": { "type": "Polygon", "coordinates": [ [ [ 139.569905, 35.747009 ], [ 139.569958, 35.746958 ], [ 139.570042, 35.746892 ], [ 139.570253, 35.746671 ], [ 139.570442, 35.746391 ], [ 139.570731, 35.746062 ], [ 139.570735, 35.746059 ], [ 139.571266, 35.74534 ], [ 139.571399, 35.745183 ], [ 139.571646, 35.744891 ], [ 139.571648, 35.74489 ], [ 139.571761, 35.744781 ], [ 139.572014, 35.744536 ], [ 139.572169, 35.744395 ], [ 139.572414, 35.744181 ], [ 139.57263, 35.744007 ], [ 139.573051, 35.743734 ], [ 139.573272, 35.743504 ], [ 139.573403, 35.743359 ], [ 139.573568, 35.743177 ], [ 139.573733, 35.743013 ], [ 139.573943, 35.742766 ], [ 139.574034, 35.742621 ], [ 139.574098, 35.742332 ], [ 139.574127, 35.742149 ], [ 139.57413, 35.741912 ], [ 139.574029, 35.741711 ], [ 139.573908, 35.741535 ], [ 139.573847, 35.741422 ], [ 139.57373, 35.741132 ], [ 139.573685, 35.740989 ], [ 139.573619, 35.740767 ], [ 139.573563, 35.740569 ], [ 139.573424, 35.740027 ], [ 139.573421, 35.740013 ], [ 139.573371, 35.739773 ], [ 139.573349, 35.739771 ], [ 139.57305, 35.739821 ], [ 139.572763, 35.739862 ], [ 139.572377, 35.739881 ], [ 139.571989, 35.739932 ], [ 139.57199, 35.739941 ], [ 139.571645, 35.740144 ], [ 139.571496, 35.740233 ], [ 139.571279, 35.740342 ], [ 139.571017, 35.740366 ], [ 139.570611, 35.7404 ], [ 139.570339, 35.740422 ], [ 139.569672, 35.740508 ], [ 139.569233, 35.740574 ], [ 139.569212, 35.740578 ], [ 139.568334, 35.740673 ], [ 139.568288, 35.740678 ], [ 139.568314, 35.741319 ], [ 139.568333, 35.741523 ], [ 139.56834, 35.741636 ], [ 139.568264, 35.741899 ], [ 139.568248, 35.74196 ], [ 139.568223, 35.742676 ], [ 139.56822, 35.742786 ], [ 139.568207, 35.742917 ], [ 139.56818, 35.743101 ], [ 139.568024, 35.743709 ], [ 139.568, 35.743877 ], [ 139.567912, 35.744311 ], [ 139.567848, 35.744572 ], [ 139.56783, 35.744647 ], [ 139.567761, 35.744811 ], [ 139.567759, 35.744816 ], [ 139.567653, 35.745041 ], [ 139.567611, 35.745128 ], [ 139.567503, 35.745434 ], [ 139.567314, 35.745888 ], [ 139.567234, 35.746047 ], [ 139.566973, 35.746388 ], [ 139.566935, 35.746398 ], [ 139.56692, 35.746421 ], [ 139.566754, 35.746452 ], [ 139.566727, 35.746454 ], [ 139.566774, 35.746784 ], [ 139.566779, 35.746809 ], [ 139.566818, 35.746859 ], [ 139.566843, 35.74695 ], [ 139.566704, 35.746966 ], [ 139.566717, 35.747025 ], [ 139.566641, 35.747241 ], [ 139.566631, 35.74724 ], [ 139.566434, 35.747225 ], [ 139.566508, 35.747578 ], [ 139.567014, 35.747631 ], [ 139.567645, 35.747697 ], [ 139.568182, 35.747729 ], [ 139.568527, 35.74776 ], [ 139.568809, 35.747786 ], [ 139.569071, 35.747809 ], [ 139.569095, 35.747773 ], [ 139.569411, 35.74748 ], [ 139.569905, 35.747009 ] ] ] } },
{ "type": "Feature", "properties": { "key": "練馬区|南大泉4丁目", "ward": "練馬区", "town": "南大泉４丁目" }, "geometry": { "type": "Polygon", "coordinates": [ [ [ 139.578984, 35.748741 ], [ 139.578971, 35.74871 ], [ 139.578782, 35.74823 ], [ 139.578503, 35.747696 ], [ 139.578424, 35.747554 ], [ 139.578103, 35.747172 ], [ 139.577746, 35.746857 ], [ 139.5776, 35.746741 ], [ 139.57739, 35.746621 ], [ 139.577237, 35.746581 ], [ 139.577142, 35.746535 ], [ 139.577071, 35.74646 ], [ 139.577054, 35.746332 ], [ 139.57707, 35.746053 ], [ 139.577099, 35.745937 ], [ 139.577111, 35.745758 ], [ 139.577098, 35.745602 ], [ 139.577088, 35.745342 ], [ 139.577086, 35.745275 ], [ 139.577051, 35.745102 ], [ 139.577013, 35.745036 ], [ 139.576952, 35.74497 ], [ 139.576884, 35.744898 ], [ 139.576775, 35.744769 ], [ 139.57673, 35.74465 ], [ 139.576719, 35.744514 ], [ 139.576739, 35.744288 ], [ 139.576778, 35.74412 ], [ 139.576872, 35.743929 ], [ 139.576883, 35.743794 ], [ 139.576841, 35.743693 ], [ 139.576531, 35.74374 ], [ 139.576383, 35.743745 ], [ 139.576052, 35.743767 ], [ 139.576009, 35.74377 ], [ 139.57572, 35.743782 ], [ 139.575431, 35.743799 ], [ 139.575239, 35.743811 ], [ 139.575168, 35.743817 ], [ 139.574467, 35.74382 ], [ 139.574049, 35.743793 ], [ 139.574029, 35.743792 ], [ 139.573051, 35.743734 ], [ 139.57263, 35.744007 ], [ 139.572414, 35.744181 ], [ 139.572169, 35.744395 ], [ 139.572014, 35.744536 ], [ 139.571761, 35.744781 ], [ 139.571648, 35.74489 ], [ 139.571646, 35.744891 ], [ 139.571399, 35.745183 ], [ 139.571266, 35.74534 ], [ 139.570735, 35.746059 ], [ 139.570731, 35.746062 ], [ 139.570442, 35.746391 ], [ 139.570253, 35.746671 ], [ 139.570042, 35.746892 ], [ 139.569958, 35.746958 ], [ 139.569905, 35.747009 ], [ 139.569411, 35.74748 ], [ 139.569095, 35.747773 ], [ 139.569071, 35.747809 ], [ 139.569052, 35.747837 ], [ 139.568786, 35.748232 ], [ 139.568722, 35.748328 ], [ 139.56955, 35.748419 ], [ 139.569549, 35.748438 ], [ 139.570472, 35.748535 ], [ 139.570745, 35.748564 ], [ 139.570857, 35.748576 ], [ 139.57174, 35.748669 ], [ 139.572262, 35.748724 ], [ 139.572846, 35.748788 ], [ 139.572859, 35.748786 ], [ 139.572889, 35.748789 ], [ 139.574191, 35.748916 ], [ 139.574252, 35.748922 ], [ 139.57477, 35.748972 ], [ 139.576905, 35.74919 ], [ 139.577682, 35.749271 ], [ 139.578005, 35.749305 ], [ 139.579055, 35.749401 ], [ 139.57908, 35.749054 ], [ 139.579041, 35.748878 ], [ 139.578984, 35.748741 ] ] ] } },
{ "type": "Feature", "properties": { "key": "練馬区|南大泉5丁目", "ward": "練馬区", "town": "南大泉５丁目" }, "geometry": { "type": "Polygon", "coordinates": [ [ [ 139.578026, 35.752457 ], [ 139.578318, 35.752477 ], [ 139.578603, 35.752404 ], [ 139.578999, 35.752304 ], [ 139.579258, 35.752243 ], [ 139.579662, 35.752147 ], [ 139.5797, 35.752313 ], [ 139.579773, 35.75249 ], [ 139.5803, 35.75221 ], [ 139.580795, 35.751947 ], [ 139.580943, 35.751868 ], [ 139.580365, 35.751134 ], [ 139.579653, 35.750404 ], [ 139.579186, 35.749906 ], [ 139.579096, 35.749785 ], [ 139.579059, 35.749617 ], [ 139.579055, 35.749401 ], [ 139.578005, 35.749305 ], [ 139.577682, 35.749271 ], [ 139.576905, 35.74919 ], [ 139.57477, 35.748972 ], [ 139.574252, 35.748922 ], [ 139.574191, 35.748916 ], [ 139.572889, 35.748789 ], [ 139.572859, 35.748786 ], [ 139.572846, 35.748788 ], [ 139.572262, 35.748724 ], [ 139.57174, 35.748669 ], [ 139.570857, 35.748576 ], [ 139.570745, 35.748564 ], [ 139.570472, 35.748535 ], [ 139.569549, 35.748438 ], [ 139.56955, 35.748419 ], [ 139.568722, 35.748328 ], [ 139.568342, 35.748892 ], [ 139.568271, 35.749 ], [ 139.568202, 35.74912 ], [ 139.568119, 35.749327 ], [ 139.568058, 35.749634 ], [ 139.567997, 35.749883 ], [ 139.56793, 35.750045 ], [ 139.567913, 35.750153 ], [ 139.567925, 35.750169 ], [ 139.568387, 35.750131 ], [ 139.568994, 35.750029 ], [ 139.569382, 35.749957 ], [ 139.569331, 35.750291 ], [ 139.569189, 35.750578 ], [ 139.569253, 35.75075 ], [ 139.569292, 35.751021 ], [ 139.569304, 35.751154 ], [ 139.569235, 35.751396 ], [ 139.570145, 35.751733 ], [ 139.570342, 35.751787 ], [ 139.570673, 35.751906 ], [ 139.570904, 35.75197 ], [ 139.57151, 35.752105 ], [ 139.571765, 35.752174 ], [ 139.572132, 35.752293 ], [ 139.572264, 35.752349 ], [ 139.572348, 35.752365 ], [ 139.572432, 35.752356 ], [ 139.57251, 35.752322 ], [ 139.573028, 35.7521 ], [ 139.573127, 35.752065 ], [ 139.573239, 35.752024 ], [ 139.573766, 35.751949 ], [ 139.574134, 35.751883 ], [ 139.574255, 35.752138 ], [ 139.574387, 35.75243 ], [ 139.575057, 35.752434 ], [ 139.575337, 35.752445 ], [ 139.575982, 35.752503 ], [ 139.576184, 35.752566 ], [ 139.576351, 35.752561 ], [ 139.577143, 35.75256 ], [ 139.57749, 35.752508 ], [ 139.577765, 35.75247 ], [ 139.578026, 35.752457 ] ] ] } },
{ "type": "Feature", "properties": { "key": "練馬区|南大泉6丁目", "ward": "練馬区", "town": "南大泉６丁目" }, "geometry": { "type": "Polygon", "coordinates": [ [ [ 139.577143, 35.75256 ], [ 139.576351, 35.752561 ], [ 139.576184, 35.752566 ], [ 139.575982, 35.752503 ], [ 139.575337, 35.752445 ], [ 139.575057, 35.752434 ], [ 139.574387, 35.75243 ], [ 139.574255, 35.752138 ], [ 139.574134, 35.751883 ], [ 139.573766, 35.751949 ], [ 139.573239, 35.752024 ], [ 139.573127, 35.752065 ], [ 139.573028, 35.7521 ], [ 139.57251, 35.752322 ], [ 139.572432, 35.752356 ], [ 139.572348, 35.752365 ], [ 139.572264, 35.752349 ], [ 139.572132, 35.752293 ], [ 139.571765, 35.752174 ], [ 139.57151, 35.752105 ], [ 139.570904, 35.75197 ], [ 139.570673, 35.751906 ], [ 139.570342, 35.751787 ], [ 139.570145, 35.751733 ], [ 139.570191, 35.75207 ], [ 139.570244, 35.752462 ], [ 139.570329, 35.753243 ], [ 139.570667, 35.753244 ], [ 139.57072, 35.753427 ], [ 139.570799, 35.753777 ], [ 139.57081, 35.753826 ], [ 139.570846, 35.754028 ], [ 139.570887, 35.754322 ], [ 139.571084, 35.754335 ], [ 139.571831, 35.754346 ], [ 139.57196, 35.754371 ], [ 139.572254, 35.754428 ], [ 139.572289, 35.754431 ], [ 139.572683, 35.754453 ], [ 139.57279, 35.754454 ], [ 139.572918, 35.754442 ], [ 139.573628, 35.754419 ], [ 139.573895, 35.754413 ], [ 139.573972, 35.754408 ], [ 139.574007, 35.754405 ], [ 139.574266, 35.75438 ], [ 139.574556, 35.754325 ], [ 139.574719, 35.754219 ], [ 139.574778, 35.754179 ], [ 139.574953, 35.753915 ], [ 139.574984, 35.753876 ], [ 139.575163, 35.753751 ], [ 139.575218, 35.753735 ], [ 139.575844, 35.753581 ], [ 139.576196, 35.75353 ], [ 139.576425, 35.753247 ], [ 139.576552, 35.753125 ], [ 139.576737, 35.753062 ], [ 139.577204, 35.752903 ], [ 139.577167, 35.752681 ], [ 139.577143, 35.75256 ] ] ] } },
{ "type": "Feature", "properties": { "key": "練馬区|大泉町1丁目", "ward": "練馬区", "town": "大泉町１丁目" }, "geometry": { "type": "Polygon", "coordinates": [ [ [ 139.606685, 35.770135 ], [ 139.606803, 35.769726 ], [ 139.606811, 35.769699 ], [ 139.606823, 35.769658 ], [ 139.60686, 35.769605 ], [ 139.60707, 35.769291 ], [ 139.607164, 35.769314 ], [ 139.607311, 35.769349 ], [ 139.607348, 35.769221 ], [ 139.607366, 35.769223 ], [ 139.6079, 35.769289 ], [ 139.60792, 35.769269 ], [ 139.608052, 35.769098 ], [ 139.608461, 35.769276 ], [ 139.608546, 35.769199 ], [ 139.608686, 35.769115 ], [ 139.608693, 35.769112 ], [ 139.608889, 35.769432 ], [ 139.608912, 35.769469 ], [ 139.609254, 35.770013 ], [ 139.609567, 35.77032 ], [ 139.609786, 35.770534 ], [ 139.610059, 35.770728 ], [ 139.610264, 35.770854 ], [ 139.610433, 35.770936 ], [ 139.610818, 35.771078 ], [ 139.611044, 35.771172 ], [ 139.611318, 35.770818 ], [ 139.611249, 35.770772 ], [ 139.611397, 35.770707 ], [ 139.611602, 35.770636 ], [ 139.611892, 35.770593 ], [ 139.611712, 35.77042 ], [ 139.611443, 35.770102 ], [ 139.611445, 35.770042 ], [ 139.611317, 35.769893 ], [ 139.611254, 35.769672 ], [ 139.611174, 35.769551 ], [ 139.611323, 35.769471 ], [ 139.611186, 35.769277 ], [ 139.611158, 35.769238 ], [ 139.61107, 35.769122 ], [ 139.611004, 35.769011 ], [ 139.610976, 35.768927 ], [ 139.610908, 35.7686 ], [ 139.610903, 35.768443 ], [ 139.610908, 35.76827 ], [ 139.610927, 35.768067 ], [ 139.610938, 35.767805 ], [ 139.610952, 35.767566 ], [ 139.610937, 35.767504 ], [ 139.610862, 35.767382 ], [ 139.610779, 35.767295 ], [ 139.610625, 35.767141 ], [ 139.610343, 35.766893 ], [ 139.610281, 35.766842 ], [ 139.609988, 35.766638 ], [ 139.609791, 35.766543 ], [ 139.609947, 35.766343 ], [ 139.610003, 35.766277 ], [ 139.610054, 35.766205 ], [ 139.610289, 35.765898 ], [ 139.61036, 35.765789 ], [ 139.610252, 35.765427 ], [ 139.610474, 35.765016 ], [ 139.610658, 35.764714 ], [ 139.610716, 35.764575 ], [ 139.610809, 35.764434 ], [ 139.610872, 35.764313 ], [ 139.610739, 35.764265 ], [ 139.610411, 35.76415 ], [ 139.609936, 35.76395 ], [ 139.609669, 35.763747 ], [ 139.609534, 35.763802 ], [ 139.609057, 35.763953 ], [ 139.608908, 35.763979 ], [ 139.608577, 35.764029 ], [ 139.608336, 35.764057 ], [ 139.607835, 35.764091 ], [ 139.607535, 35.764108 ], [ 139.607495, 35.764117 ], [ 139.60739, 35.764137 ], [ 139.607236, 35.764267 ], [ 139.606954, 35.764595 ], [ 139.606808, 35.764806 ], [ 139.606726, 35.764968 ], [ 139.606671, 35.765115 ], [ 139.606647, 35.765234 ], [ 139.606625, 35.765454 ], [ 139.60661, 35.765453 ], [ 139.606323, 35.76543 ], [ 139.606013, 35.765453 ], [ 139.605766, 35.765487 ], [ 139.605564, 35.765523 ], [ 139.605348, 35.765575 ], [ 139.605096, 35.765636 ], [ 139.604826, 35.765714 ], [ 139.604691, 35.765753 ], [ 139.60425, 35.765849 ], [ 139.603855, 35.765904 ], [ 139.603847, 35.765904 ], [ 139.60335, 35.766 ], [ 139.603043, 35.766022 ], [ 139.602767, 35.766006 ], [ 139.60242, 35.765955 ], [ 139.602219, 35.765873 ], [ 139.602179, 35.765943 ], [ 139.60179, 35.766633 ], [ 139.601623, 35.766927 ], [ 139.601619, 35.766933 ], [ 139.601862, 35.767084 ], [ 139.601973, 35.76714 ], [ 139.602139, 35.767173 ], [ 139.602649, 35.767237 ], [ 139.602797, 35.767261 ], [ 139.60266, 35.767413 ], [ 139.60218, 35.767996 ], [ 139.602088, 35.768072 ], [ 139.601915, 35.768219 ], [ 139.60158, 35.768463 ], [ 139.601444, 35.76854 ], [ 139.60131, 35.768585 ], [ 139.600729, 35.769099 ], [ 139.600656, 35.769159 ], [ 139.600441, 35.769305 ], [ 139.600295, 35.769392 ], [ 139.600119, 35.769494 ], [ 139.600179, 35.769548 ], [ 139.600222, 35.769508 ], [ 139.600409, 35.769673 ], [ 139.600552, 35.769805 ], [ 139.600719, 35.769937 ], [ 139.600974, 35.770089 ], [ 139.60145, 35.770335 ], [ 139.601565, 35.770395 ], [ 139.602004, 35.770633 ], [ 139.602429, 35.770821 ], [ 139.603152, 35.771149 ], [ 139.603642, 35.770513 ], [ 139.603698, 35.770537 ], [ 139.604038, 35.770174 ], [ 139.604073, 35.770206 ], [ 139.604231, 35.770348 ], [ 139.604515, 35.770493 ], [ 139.605015, 35.770692 ], [ 139.605056, 35.770709 ], [ 139.605424, 35.770861 ], [ 139.605889, 35.771071 ], [ 139.606269, 35.77126 ], [ 139.60635, 35.771294 ], [ 139.606544, 35.770997 ], [ 139.606685, 35.770135 ] ] ] } },
{ "type": "Feature", "properties": { "key": "練馬区|大泉町2丁目", "ward": "練馬区", "town": "大泉町２丁目" }, "geometry": { "type": "Polygon", "coordinates": [ [ [ 139.606323, 35.76543 ], [ 139.60661, 35.765453 ], [ 139.606625, 35.765454 ], [ 139.606647, 35.765234 ], [ 139.606671, 35.765115 ], [ 139.606726, 35.764968 ], [ 139.606808, 35.764806 ], [ 139.606954, 35.764595 ], [ 139.607236, 35.764267 ], [ 139.60739, 35.764137 ], [ 139.607495, 35.764117 ], [ 139.607535, 35.764108 ], [ 139.607835, 35.764091 ], [ 139.608336, 35.764057 ], [ 139.608577, 35.764029 ], [ 139.608908, 35.763979 ], [ 139.609057, 35.763953 ], [ 139.609534, 35.763802 ], [ 139.609669, 35.763747 ], [ 139.609675, 35.763693 ], [ 139.609482, 35.763526 ], [ 139.608968, 35.763132 ], [ 139.608658, 35.762877 ], [ 139.608454, 35.762686 ], [ 139.608334, 35.762534 ], [ 139.607892, 35.762134 ], [ 139.607839, 35.762061 ], [ 139.607538, 35.761761 ], [ 139.607491, 35.761724 ], [ 139.607379, 35.761637 ], [ 139.607239, 35.761529 ], [ 139.606929, 35.7613 ], [ 139.606801, 35.761191 ], [ 139.606655, 35.761058 ], [ 139.606507, 35.760927 ], [ 139.606262, 35.760726 ], [ 139.606178, 35.760643 ], [ 139.606024, 35.7605 ], [ 139.60565, 35.760175 ], [ 139.605512, 35.760074 ], [ 139.605474, 35.76002 ], [ 139.605281, 35.759855 ], [ 139.605155, 35.759737 ], [ 139.604859, 35.759479 ], [ 139.604697, 35.759358 ], [ 139.604478, 35.759183 ], [ 139.604348, 35.759055 ], [ 139.604287, 35.758997 ], [ 139.603932, 35.758697 ], [ 139.603726, 35.758537 ], [ 139.603623, 35.758466 ], [ 139.603313, 35.758219 ], [ 139.60289, 35.757921 ], [ 139.602637, 35.757745 ], [ 139.602557, 35.757686 ], [ 139.602504, 35.757662 ], [ 139.602286, 35.757519 ], [ 139.602185, 35.757427 ], [ 139.601906, 35.757237 ], [ 139.601646, 35.757053 ], [ 139.60142, 35.756861 ], [ 139.601396, 35.756841 ], [ 139.601319, 35.756771 ], [ 139.600994, 35.756525 ], [ 139.600544, 35.756651 ], [ 139.599502, 35.756962 ], [ 139.599204, 35.757051 ], [ 139.599111, 35.757082 ], [ 139.598788, 35.757191 ], [ 139.598426, 35.757305 ], [ 139.598542, 35.757456 ], [ 139.598661, 35.75766 ], [ 139.598819, 35.757916 ], [ 139.599027, 35.758196 ], [ 139.599307, 35.758403 ], [ 139.599295, 35.758413 ], [ 139.599347, 35.758438 ], [ 139.59957, 35.758556 ], [ 139.600048, 35.75871 ], [ 139.600294, 35.758814 ], [ 139.600614, 35.758965 ], [ 139.600892, 35.759142 ], [ 139.601144, 35.759353 ], [ 139.601241, 35.759445 ], [ 139.601387, 35.759629 ], [ 139.601435, 35.759677 ], [ 139.601524, 35.759831 ], [ 139.601602, 35.760029 ], [ 139.601633, 35.760138 ], [ 139.601661, 35.760337 ], [ 139.601677, 35.760482 ], [ 139.601646, 35.760818 ], [ 139.601595, 35.760959 ], [ 139.601586, 35.760985 ], [ 139.601497, 35.761237 ], [ 139.601398, 35.761501 ], [ 139.601364, 35.761694 ], [ 139.601335, 35.762153 ], [ 139.601336, 35.76241 ], [ 139.601327, 35.762603 ], [ 139.601332, 35.763035 ], [ 139.601325, 35.763461 ], [ 139.601337, 35.763926 ], [ 139.60132, 35.764398 ], [ 139.601314, 35.764588 ], [ 139.601312, 35.764822 ], [ 139.601443, 35.765196 ], [ 139.601585, 35.765398 ], [ 139.601725, 35.765546 ], [ 139.602031, 35.765773 ], [ 139.602175, 35.765846 ], [ 139.602219, 35.765873 ], [ 139.60242, 35.765955 ], [ 139.602767, 35.766006 ], [ 139.603043, 35.766022 ], [ 139.60335, 35.766 ], [ 139.603847, 35.765904 ], [ 139.603855, 35.765904 ], [ 139.60425, 35.765849 ], [ 139.604691, 35.765753 ], [ 139.604826, 35.765714 ], [ 139.605096, 35.765636 ], [ 139.605348, 35.765575 ], [ 139.605564, 35.765523 ], [ 139.605766, 35.765487 ], [ 139.606013, 35.765453 ], [ 139.606323, 35.76543 ] ] ] } },
{ "type": "Feature", "properties": { "key": "練馬区|大泉町3丁目", "ward": "練馬区", "town": "大泉町３丁目" }, "geometry": { "type": "Polygon", "coordinates": [ [ [ 139.598698, 35.768996 ], [ 139.598888, 35.769038 ], [ 139.599415, 35.769193 ], [ 139.599621, 35.769262 ], [ 139.600119, 35.769494 ], [ 139.600295, 35.769392 ], [ 139.600441, 35.769305 ], [ 139.600656, 35.769159 ], [ 139.600729, 35.769099 ], [ 139.60131, 35.768585 ], [ 139.601444, 35.76854 ], [ 139.60158, 35.768463 ], [ 139.601915, 35.768219 ], [ 139.602088, 35.768072 ], [ 139.60218, 35.767996 ], [ 139.60266, 35.767413 ], [ 139.602797, 35.767261 ], [ 139.602649, 35.767237 ], [ 139.602139, 35.767173 ], [ 139.601973, 35.76714 ], [ 139.601862, 35.767084 ], [ 139.601619, 35.766933 ], [ 139.601623, 35.766927 ], [ 139.60179, 35.766633 ], [ 139.602179, 35.765943 ], [ 139.602219, 35.765873 ], [ 139.602175, 35.765846 ], [ 139.602031, 35.765773 ], [ 139.601725, 35.765546 ], [ 139.601585, 35.765398 ], [ 139.601443, 35.765196 ], [ 139.601312, 35.764822 ], [ 139.601314, 35.764588 ], [ 139.60132, 35.764398 ], [ 139.601337, 35.763926 ], [ 139.601325, 35.763461 ], [ 139.601332, 35.763035 ], [ 139.601129, 35.763061 ], [ 139.600902, 35.76309 ], [ 139.599711, 35.763267 ], [ 139.599616, 35.762822 ], [ 139.599589, 35.762697 ], [ 139.598992, 35.762821 ], [ 139.598889, 35.762843 ], [ 139.598577, 35.762942 ], [ 139.598411, 35.762999 ], [ 139.598097, 35.763087 ], [ 139.598066, 35.763098 ], [ 139.597854, 35.763216 ], [ 139.597661, 35.763309 ], [ 139.597626, 35.763326 ], [ 139.59751, 35.76336 ], [ 139.597092, 35.763432 ], [ 139.59672, 35.763484 ], [ 139.596729, 35.763763 ], [ 139.596755, 35.763895 ], [ 139.596765, 35.763949 ], [ 139.596873, 35.764232 ], [ 139.596881, 35.764306 ], [ 139.596627, 35.764629 ], [ 139.596486, 35.76496 ], [ 139.596735, 35.765236 ], [ 139.596684, 35.765277 ], [ 139.596204, 35.765551 ], [ 139.595808, 35.765764 ], [ 139.595809, 35.765769 ], [ 139.596066, 35.766225 ], [ 139.595727, 35.76642 ], [ 139.595751, 35.766492 ], [ 139.595822, 35.766795 ], [ 139.595693, 35.766845 ], [ 139.595574, 35.766847 ], [ 139.595413, 35.766859 ], [ 139.595316, 35.766884 ], [ 139.595022, 35.766999 ], [ 139.594724, 35.767083 ], [ 139.594916, 35.767608 ], [ 139.595043, 35.767954 ], [ 139.595046, 35.767997 ], [ 139.594918, 35.768696 ], [ 139.594796, 35.769379 ], [ 139.595489, 35.76946 ], [ 139.595692, 35.770035 ], [ 139.595738, 35.770202 ], [ 139.595876, 35.770557 ], [ 139.595916, 35.770709 ], [ 139.595996, 35.770957 ], [ 139.59609, 35.771227 ], [ 139.596118, 35.771305 ], [ 139.596257, 35.771681 ], [ 139.59635, 35.771967 ], [ 139.596956, 35.771575 ], [ 139.597263, 35.771376 ], [ 139.597379, 35.7713 ], [ 139.597367, 35.771233 ], [ 139.597848, 35.770878 ], [ 139.598161, 35.7706 ], [ 139.598428, 35.770445 ], [ 139.598853, 35.770274 ], [ 139.597903, 35.769909 ], [ 139.598591, 35.769119 ], [ 139.598698, 35.768996 ] ] ] } },
{ "type": "Feature", "properties": { "key": "練馬区|大泉町4丁目", "ward": "練馬区", "town": "大泉町４丁目" }, "geometry": { "type": "Polygon", "coordinates": [ [ [ 139.599589, 35.762697 ], [ 139.599616, 35.762822 ], [ 139.599711, 35.763267 ], [ 139.600902, 35.76309 ], [ 139.601129, 35.763061 ], [ 139.601332, 35.763035 ], [ 139.601327, 35.762603 ], [ 139.601336, 35.76241 ], [ 139.601335, 35.762153 ], [ 139.601364, 35.761694 ], [ 139.601398, 35.761501 ], [ 139.601497, 35.761237 ], [ 139.601586, 35.760985 ], [ 139.601595, 35.760959 ], [ 139.601646, 35.760818 ], [ 139.601677, 35.760482 ], [ 139.601661, 35.760337 ], [ 139.601633, 35.760138 ], [ 139.601602, 35.760029 ], [ 139.601524, 35.759831 ], [ 139.601435, 35.759677 ], [ 139.601387, 35.759629 ], [ 139.601241, 35.759445 ], [ 139.601144, 35.759353 ], [ 139.600892, 35.759142 ], [ 139.600614, 35.758965 ], [ 139.600294, 35.758814 ], [ 139.600048, 35.75871 ], [ 139.59957, 35.758556 ], [ 139.599347, 35.758438 ], [ 139.599295, 35.758413 ], [ 139.599048, 35.758614 ], [ 139.598753, 35.758857 ], [ 139.5981, 35.759429 ], [ 139.597459, 35.759962 ], [ 139.596796, 35.760463 ], [ 139.59605, 35.760974 ], [ 139.596002, 35.761007 ], [ 139.595635, 35.761238 ], [ 139.595396, 35.761371 ], [ 139.595049, 35.761562 ], [ 139.594858, 35.761668 ], [ 139.594681, 35.761765 ], [ 139.594661, 35.761775 ], [ 139.594151, 35.762014 ], [ 139.593856, 35.762152 ], [ 139.59376, 35.762197 ], [ 139.593046, 35.762491 ], [ 139.59255, 35.762668 ], [ 139.592564, 35.762842 ], [ 139.592638, 35.762905 ], [ 139.592713, 35.763008 ], [ 139.592899, 35.763386 ], [ 139.592943, 35.763495 ], [ 139.592958, 35.763534 ], [ 139.593179, 35.764013 ], [ 139.59329, 35.764222 ], [ 139.593389, 35.764415 ], [ 139.593525, 35.764777 ], [ 139.593612, 35.764924 ], [ 139.593745, 35.765144 ], [ 139.594014, 35.765522 ], [ 139.594138, 35.765732 ], [ 139.594253, 35.765937 ], [ 139.594413, 35.766232 ], [ 139.594447, 35.76633 ], [ 139.594573, 35.76661 ], [ 139.594635, 35.766841 ], [ 139.594724, 35.767083 ], [ 139.595022, 35.766999 ], [ 139.595316, 35.766884 ], [ 139.595413, 35.766859 ], [ 139.595574, 35.766847 ], [ 139.595693, 35.766845 ], [ 139.595822, 35.766795 ], [ 139.595751, 35.766492 ], [ 139.595727, 35.76642 ], [ 139.596066, 35.766225 ], [ 139.595809, 35.765769 ], [ 139.595808, 35.765764 ], [ 139.596204, 35.765551 ], [ 139.596684, 35.765277 ], [ 139.596735, 35.765236 ], [ 139.596486, 35.76496 ], [ 139.596627, 35.764629 ], [ 139.596881, 35.764306 ], [ 139.596873, 35.764232 ], [ 139.596765, 35.763949 ], [ 139.596755, 35.763895 ], [ 139.596729, 35.763763 ], [ 139.59672, 35.763484 ], [ 139.597092, 35.763432 ], [ 139.59751, 35.76336 ], [ 139.597626, 35.763326 ], [ 139.597661, 35.763309 ], [ 139.597854, 35.763216 ], [ 139.598066, 35.763098 ], [ 139.598097, 35.763087 ], [ 139.598411, 35.762999 ], [ 139.598577, 35.762942 ], [ 139.598889, 35.762843 ], [ 139.598992, 35.762821 ], [ 139.599589, 35.762697 ] ] ] } },
{ "type": "Feature", "properties": { "key": "練馬区|大泉町5丁目", "ward": "練馬区", "town": "大泉町５丁目" }, "geometry": { "type": "Polygon", "coordinates": [ [ [ 139.599295, 35.758413 ], [ 139.599307, 35.758403 ], [ 139.599027, 35.758196 ], [ 139.598819, 35.757916 ], [ 139.598661, 35.75766 ], [ 139.598542, 35.757456 ], [ 139.598426, 35.757305 ], [ 139.598329, 35.757223 ], [ 139.598001, 35.757289 ], [ 139.597385, 35.75734 ], [ 139.597333, 35.757341 ], [ 139.597078, 35.757339 ], [ 139.596489, 35.757397 ], [ 139.595934, 35.757436 ], [ 139.595729, 35.757451 ], [ 139.594938, 35.757514 ], [ 139.594802, 35.757527 ], [ 139.59456, 35.757545 ], [ 139.594277, 35.757569 ], [ 139.593847, 35.757611 ], [ 139.593805, 35.757619 ], [ 139.593037, 35.757658 ], [ 139.592546, 35.757694 ], [ 139.592268, 35.757725 ], [ 139.590902, 35.757845 ], [ 139.590563, 35.757875 ], [ 139.589989, 35.757898 ], [ 139.589987, 35.758248 ], [ 139.590228, 35.758349 ], [ 139.590555, 35.758418 ], [ 139.59057, 35.758419 ], [ 139.590907, 35.75844 ], [ 139.591302, 35.75847 ], [ 139.591567, 35.758501 ], [ 139.591722, 35.758511 ], [ 139.592193, 35.758526 ], [ 139.592286, 35.758524 ], [ 139.592441, 35.758529 ], [ 139.593427, 35.758628 ], [ 139.593339, 35.758887 ], [ 139.593266, 35.759047 ], [ 139.593231, 35.759163 ], [ 139.593187, 35.759537 ], [ 139.593154, 35.759709 ], [ 139.593075, 35.760149 ], [ 139.593071, 35.760203 ], [ 139.592984, 35.76052 ], [ 139.592886, 35.760736 ], [ 139.592696, 35.7611 ], [ 139.592662, 35.76121 ], [ 139.592626, 35.761326 ], [ 139.592561, 35.761599 ], [ 139.592537, 35.76176 ], [ 139.592481, 35.762005 ], [ 139.592525, 35.762159 ], [ 139.592523, 35.762424 ], [ 139.59255, 35.762668 ], [ 139.593046, 35.762491 ], [ 139.59376, 35.762197 ], [ 139.593856, 35.762152 ], [ 139.594151, 35.762014 ], [ 139.594661, 35.761775 ], [ 139.594681, 35.761765 ], [ 139.594858, 35.761668 ], [ 139.595049, 35.761562 ], [ 139.595396, 35.761371 ], [ 139.595635, 35.761238 ], [ 139.596002, 35.761007 ], [ 139.59605, 35.760974 ], [ 139.596796, 35.760463 ], [ 139.597459, 35.759962 ], [ 139.5981, 35.759429 ], [ 139.598753, 35.758857 ], [ 139.599048, 35.758614 ], [ 139.599295, 35.758413 ] ] ] } },
{ "type": "Feature", "properties": { "key": "練馬区|大泉町6丁目", "ward": "練馬区", "town": "大泉町６丁目" }, "geometry": { "type": "Polygon", "coordinates": [ [ [ 139.597078, 35.757339 ], [ 139.597333, 35.757341 ], [ 139.597385, 35.75734 ], [ 139.598001, 35.757289 ], [ 139.598329, 35.757223 ], [ 139.598212, 35.757121 ], [ 139.598045, 35.756998 ], [ 139.597934, 35.756938 ], [ 139.597306, 35.756715 ], [ 139.596879, 35.756545 ], [ 139.596334, 35.75633 ], [ 139.596315, 35.756324 ], [ 139.595738, 35.756105 ], [ 139.595121, 35.755878 ], [ 139.594738, 35.755734 ], [ 139.594727, 35.75573 ], [ 139.594282, 35.755555 ], [ 139.593842, 35.755384 ], [ 139.593046, 35.755072 ], [ 139.59282, 35.754981 ], [ 139.592471, 35.754863 ], [ 139.592406, 35.754765 ], [ 139.592212, 35.754758 ], [ 139.592005, 35.754793 ], [ 139.591782, 35.754864 ], [ 139.591707, 35.754906 ], [ 139.591626, 35.75495 ], [ 139.591479, 35.75508 ], [ 139.591355, 35.755261 ], [ 139.59128, 35.755412 ], [ 139.591205, 35.755629 ], [ 139.591152, 35.755801 ], [ 139.59105, 35.756093 ], [ 139.59103, 35.756146 ], [ 139.59087, 35.75638 ], [ 139.590764, 35.756491 ], [ 139.590383, 35.75681 ], [ 139.590086, 35.757049 ], [ 139.589894, 35.757204 ], [ 139.589969, 35.757646 ], [ 139.589989, 35.757898 ], [ 139.590563, 35.757875 ], [ 139.590902, 35.757845 ], [ 139.592268, 35.757725 ], [ 139.592546, 35.757694 ], [ 139.593037, 35.757658 ], [ 139.593805, 35.757619 ], [ 139.593847, 35.757611 ], [ 139.594277, 35.757569 ], [ 139.59456, 35.757545 ], [ 139.594802, 35.757527 ], [ 139.594938, 35.757514 ], [ 139.595729, 35.757451 ], [ 139.595934, 35.757436 ], [ 139.596489, 35.757397 ], [ 139.597078, 35.757339 ] ] ] } },
{ "type": "Feature", "properties": { "key": "練馬区|大泉学園町1丁目", "ward": "練馬区", "town": "大泉学園町１丁目" }, "geometry": { "type": "Polygon", "coordinates": [ [ [ 139.592286, 35.758524 ], [ 139.592193, 35.758526 ], [ 139.591722, 35.758511 ], [ 139.591567, 35.758501 ], [ 139.591302, 35.75847 ], [ 139.590907, 35.75844 ], [ 139.59057, 35.758419 ], [ 139.590555, 35.758418 ], [ 139.590228, 35.758349 ], [ 139.589987, 35.758248 ], [ 139.589989, 35.757898 ], [ 139.589969, 35.757646 ], [ 139.589894, 35.757204 ], [ 139.589685, 35.757353 ], [ 139.589557, 35.757403 ], [ 139.589406, 35.757429 ], [ 139.589238, 35.757417 ], [ 139.589092, 35.757371 ], [ 139.588548, 35.757117 ], [ 139.588225, 35.756973 ], [ 139.588026, 35.756877 ], [ 139.587895, 35.756833 ], [ 139.588053, 35.757114 ], [ 139.588244, 35.757452 ], [ 139.588412, 35.757784 ], [ 139.588536, 35.758029 ], [ 139.588792, 35.75854 ], [ 139.588799, 35.758553 ], [ 139.588817, 35.758673 ], [ 139.588815, 35.758778 ], [ 139.588795, 35.758922 ], [ 139.588753, 35.75911 ], [ 139.58869, 35.75933 ], [ 139.588633, 35.759601 ], [ 139.588539, 35.760104 ], [ 139.588485, 35.760403 ], [ 139.588338, 35.761218 ], [ 139.588206, 35.761943 ], [ 139.588096, 35.762584 ], [ 139.587926, 35.763524 ], [ 139.587886, 35.763746 ], [ 139.589099, 35.763565 ], [ 139.589651, 35.763463 ], [ 139.590065, 35.763382 ], [ 139.590816, 35.763203 ], [ 139.591326, 35.763062 ], [ 139.591879, 35.762901 ], [ 139.59255, 35.762668 ], [ 139.592523, 35.762424 ], [ 139.592525, 35.762159 ], [ 139.592481, 35.762005 ], [ 139.592537, 35.76176 ], [ 139.592561, 35.761599 ], [ 139.592626, 35.761326 ], [ 139.592662, 35.76121 ], [ 139.592696, 35.7611 ], [ 139.592886, 35.760736 ], [ 139.592984, 35.76052 ], [ 139.593071, 35.760203 ], [ 139.593075, 35.760149 ], [ 139.593154, 35.759709 ], [ 139.593187, 35.759537 ], [ 139.593231, 35.759163 ], [ 139.593266, 35.759047 ], [ 139.593339, 35.758887 ], [ 139.593427, 35.758628 ], [ 139.592441, 35.758529 ], [ 139.592286, 35.758524 ] ] ] } },
{ "type": "Feature", "properties": { "key": "練馬区|大泉学園町2丁目", "ward": "練馬区", "town": "大泉学園町２丁目" }, "geometry": { "type": "Polygon", "coordinates": [ [ [ 139.586817, 35.75575 ], [ 139.586687, 35.755484 ], [ 139.586577, 35.755236 ], [ 139.586435, 35.754956 ], [ 139.586241, 35.754602 ], [ 139.586219, 35.754563 ], [ 139.586093, 35.754382 ], [ 139.586048, 35.754339 ], [ 139.585924, 35.754218 ], [ 139.585644, 35.754109 ], [ 139.585125, 35.754012 ], [ 139.584436, 35.75395 ], [ 139.584029, 35.753935 ], [ 139.583964, 35.754103 ], [ 139.584228, 35.754163 ], [ 139.584149, 35.754819 ], [ 139.584128, 35.754991 ], [ 139.584109, 35.75515 ], [ 139.584098, 35.75524 ], [ 139.584086, 35.755292 ], [ 139.583574, 35.755397 ], [ 139.583685, 35.75592 ], [ 139.583589, 35.755937 ], [ 139.583448, 35.755912 ], [ 139.583313, 35.756017 ], [ 139.583175, 35.756116 ], [ 139.583017, 35.756187 ], [ 139.582815, 35.756266 ], [ 139.582542, 35.75636 ], [ 139.582269, 35.756448 ], [ 139.581986, 35.7565 ], [ 139.58193, 35.75651 ], [ 139.581809, 35.756542 ], [ 139.581684, 35.756611 ], [ 139.581589, 35.756691 ], [ 139.581503, 35.756838 ], [ 139.581366, 35.757058 ], [ 139.581027, 35.757657 ], [ 139.580808, 35.758009 ], [ 139.580765, 35.758147 ], [ 139.581523, 35.758521 ], [ 139.581629, 35.758563 ], [ 139.581522, 35.758715 ], [ 139.582039, 35.758813 ], [ 139.582183, 35.75884 ], [ 139.582365, 35.758869 ], [ 139.582903, 35.75905 ], [ 139.582931, 35.759067 ], [ 139.583345, 35.759249 ], [ 139.583516, 35.759287 ], [ 139.583547, 35.759298 ], [ 139.584146, 35.759532 ], [ 139.584588, 35.759718 ], [ 139.584801, 35.759803 ], [ 139.584735, 35.760013 ], [ 139.585115, 35.760414 ], [ 139.585372, 35.760577 ], [ 139.585556, 35.760681 ], [ 139.585805, 35.760848 ], [ 139.585847, 35.760891 ], [ 139.586042, 35.76111 ], [ 139.586496, 35.761381 ], [ 139.587049, 35.761608 ], [ 139.587559, 35.761773 ], [ 139.587966, 35.761876 ], [ 139.588206, 35.761943 ], [ 139.588338, 35.761218 ], [ 139.588485, 35.760403 ], [ 139.588539, 35.760104 ], [ 139.588633, 35.759601 ], [ 139.58869, 35.75933 ], [ 139.588753, 35.75911 ], [ 139.588795, 35.758922 ], [ 139.588815, 35.758778 ], [ 139.588817, 35.758673 ], [ 139.588799, 35.758553 ], [ 139.588792, 35.75854 ], [ 139.588536, 35.758029 ], [ 139.588412, 35.757784 ], [ 139.588244, 35.757452 ], [ 139.588053, 35.757114 ], [ 139.587895, 35.756833 ], [ 139.587701, 35.756765 ], [ 139.587541, 35.756668 ], [ 139.587369, 35.756541 ], [ 139.587207, 35.75639 ], [ 139.587059, 35.756174 ], [ 139.586817, 35.75575 ] ] ] } },
{ "type": "Feature", "properties": { "key": "練馬区|大泉学園町3丁目", "ward": "練馬区", "town": "大泉学園町３丁目" }, "geometry": { "type": "Polygon", "coordinates": [ [ [ 139.588096, 35.762584 ], [ 139.588206, 35.761943 ], [ 139.587966, 35.761876 ], [ 139.587559, 35.761773 ], [ 139.587049, 35.761608 ], [ 139.586496, 35.761381 ], [ 139.586042, 35.76111 ], [ 139.585847, 35.760891 ], [ 139.585805, 35.760848 ], [ 139.585556, 35.760681 ], [ 139.585372, 35.760577 ], [ 139.585115, 35.760414 ], [ 139.584735, 35.760013 ], [ 139.584801, 35.759803 ], [ 139.584588, 35.759718 ], [ 139.584146, 35.759532 ], [ 139.583547, 35.759298 ], [ 139.583516, 35.759287 ], [ 139.583345, 35.759249 ], [ 139.582931, 35.759067 ], [ 139.582903, 35.75905 ], [ 139.582365, 35.758869 ], [ 139.582183, 35.75884 ], [ 139.582039, 35.758813 ], [ 139.581522, 35.758715 ], [ 139.581629, 35.758563 ], [ 139.581523, 35.758521 ], [ 139.580765, 35.758147 ], [ 139.580573, 35.75869 ], [ 139.580507, 35.758824 ], [ 139.580388, 35.759048 ], [ 139.580355, 35.75913 ], [ 139.58039, 35.759352 ], [ 139.580498, 35.759632 ], [ 139.580517, 35.75971 ], [ 139.580546, 35.759759 ], [ 139.580626, 35.759937 ], [ 139.580643, 35.760099 ], [ 139.580567, 35.76025 ], [ 139.580409, 35.760563 ], [ 139.580305, 35.760959 ], [ 139.580241, 35.761209 ], [ 139.580214, 35.761339 ], [ 139.580168, 35.761475 ], [ 139.580081, 35.761663 ], [ 139.580038, 35.761814 ], [ 139.580037, 35.762012 ], [ 139.58005, 35.762233 ], [ 139.580081, 35.762374 ], [ 139.580045, 35.76254 ], [ 139.579968, 35.762618 ], [ 139.579185, 35.762311 ], [ 139.579186, 35.762321 ], [ 139.579232, 35.762929 ], [ 139.579256, 35.763162 ], [ 139.579268, 35.763289 ], [ 139.579049, 35.763327 ], [ 139.579103, 35.763809 ], [ 139.579116, 35.763869 ], [ 139.579151, 35.764069 ], [ 139.579278, 35.764576 ], [ 139.579288, 35.764634 ], [ 139.579351, 35.765034 ], [ 139.580105, 35.764827 ], [ 139.580459, 35.764734 ], [ 139.580866, 35.764655 ], [ 139.581209, 35.764625 ], [ 139.581618, 35.764593 ], [ 139.581947, 35.764555 ], [ 139.58229, 35.764505 ], [ 139.583183, 35.764378 ], [ 139.584023, 35.764245 ], [ 139.585002, 35.764082 ], [ 139.585956, 35.763983 ], [ 139.58652, 35.763927 ], [ 139.587025, 35.763873 ], [ 139.587886, 35.763746 ], [ 139.587926, 35.763524 ], [ 139.588096, 35.762584 ] ] ] } },
{ "type": "Feature", "properties": { "key": "練馬区|大泉学園町4丁目", "ward": "練馬区", "town": "大泉学園町４丁目" }, "geometry": { "type": "Polygon", "coordinates": [ [ [ 139.593745, 35.765144 ], [ 139.593612, 35.764924 ], [ 139.593525, 35.764777 ], [ 139.593389, 35.764415 ], [ 139.59329, 35.764222 ], [ 139.593179, 35.764013 ], [ 139.592958, 35.763534 ], [ 139.592943, 35.763495 ], [ 139.592899, 35.763386 ], [ 139.592713, 35.763008 ], [ 139.592638, 35.762905 ], [ 139.592564, 35.762842 ], [ 139.59255, 35.762668 ], [ 139.591879, 35.762901 ], [ 139.591326, 35.763062 ], [ 139.590816, 35.763203 ], [ 139.590065, 35.763382 ], [ 139.589651, 35.763463 ], [ 139.589099, 35.763565 ], [ 139.587886, 35.763746 ], [ 139.587874, 35.763808 ], [ 139.587776, 35.764352 ], [ 139.587666, 35.765015 ], [ 139.587613, 35.765331 ], [ 139.587609, 35.765329 ], [ 139.587605, 35.765346 ], [ 139.587409, 35.766413 ], [ 139.587325, 35.766913 ], [ 139.587174, 35.767823 ], [ 139.587165, 35.767877 ], [ 139.587041, 35.768496 ], [ 139.588104, 35.768633 ], [ 139.588822, 35.768703 ], [ 139.589937, 35.768811 ], [ 139.590862, 35.768918 ], [ 139.591445, 35.768985 ], [ 139.592357, 35.7691 ], [ 139.593003, 35.769187 ], [ 139.593404, 35.769242 ], [ 139.593861, 35.7693 ], [ 139.594796, 35.769379 ], [ 139.594918, 35.768696 ], [ 139.595046, 35.767997 ], [ 139.595043, 35.767954 ], [ 139.594916, 35.767608 ], [ 139.594724, 35.767083 ], [ 139.594635, 35.766841 ], [ 139.594573, 35.76661 ], [ 139.594447, 35.76633 ], [ 139.594413, 35.766232 ], [ 139.594253, 35.765937 ], [ 139.594138, 35.765732 ], [ 139.594014, 35.765522 ], [ 139.593745, 35.765144 ] ] ] } },
{ "type": "Feature", "properties": { "key": "練馬区|大泉学園町5丁目", "ward": "練馬区", "town": "大泉学園町５丁目" }, "geometry": { "type": "Polygon", "coordinates": [ [ [ 139.587409, 35.766413 ], [ 139.587605, 35.765346 ], [ 139.587609, 35.765329 ], [ 139.587613, 35.765331 ], [ 139.587666, 35.765015 ], [ 139.587776, 35.764352 ], [ 139.587874, 35.763808 ], [ 139.587886, 35.763746 ], [ 139.587025, 35.763873 ], [ 139.58652, 35.763927 ], [ 139.585956, 35.763983 ], [ 139.585002, 35.764082 ], [ 139.584023, 35.764245 ], [ 139.583183, 35.764378 ], [ 139.58229, 35.764505 ], [ 139.581947, 35.764555 ], [ 139.581618, 35.764593 ], [ 139.581209, 35.764625 ], [ 139.580866, 35.764655 ], [ 139.580459, 35.764734 ], [ 139.580105, 35.764827 ], [ 139.579351, 35.765034 ], [ 139.579324, 35.765041 ], [ 139.578876, 35.765163 ], [ 139.57873, 35.765208 ], [ 139.578648, 35.765233 ], [ 139.578471, 35.765288 ], [ 139.578019, 35.765459 ], [ 139.577809, 35.765533 ], [ 139.577057, 35.765839 ], [ 139.57673, 35.766003 ], [ 139.576635, 35.76604 ], [ 139.576594, 35.766059 ], [ 139.576221, 35.766226 ], [ 139.575957, 35.766364 ], [ 139.575892, 35.766395 ], [ 139.5758, 35.766445 ], [ 139.575544, 35.766585 ], [ 139.57495, 35.766927 ], [ 139.574466, 35.767215 ], [ 139.574239, 35.767349 ], [ 139.57418, 35.76742 ], [ 139.574145, 35.767877 ], [ 139.574149, 35.767929 ], [ 139.574091, 35.767966 ], [ 139.574069, 35.768185 ], [ 139.574334, 35.768214 ], [ 139.57469, 35.768223 ], [ 139.575127, 35.768207 ], [ 139.575182, 35.768193 ], [ 139.575334, 35.768162 ], [ 139.575815, 35.768137 ], [ 139.576041, 35.76811 ], [ 139.576973, 35.767925 ], [ 139.576998, 35.767921 ], [ 139.5769, 35.767646 ], [ 139.576829, 35.767366 ], [ 139.576811, 35.767273 ], [ 139.576723, 35.766704 ], [ 139.576931, 35.766732 ], [ 139.577196, 35.766789 ], [ 139.577344, 35.766848 ], [ 139.577799, 35.767082 ], [ 139.578188, 35.767229 ], [ 139.578287, 35.767279 ], [ 139.578325, 35.767347 ], [ 139.578382, 35.767441 ], [ 139.578435, 35.767452 ], [ 139.578511, 35.767469 ], [ 139.5793, 35.767571 ], [ 139.579366, 35.767579 ], [ 139.580157, 35.767664 ], [ 139.580632, 35.76772 ], [ 139.580882, 35.76775 ], [ 139.581834, 35.767865 ], [ 139.58311, 35.768016 ], [ 139.58346, 35.768058 ], [ 139.58425, 35.768147 ], [ 139.584278, 35.76815 ], [ 139.585112, 35.768244 ], [ 139.58523, 35.768261 ], [ 139.586552, 35.768456 ], [ 139.587041, 35.768496 ], [ 139.587165, 35.767877 ], [ 139.587174, 35.767823 ], [ 139.587325, 35.766913 ], [ 139.587409, 35.766413 ] ] ] } },
{ "type": "Feature", "properties": { "key": "練馬区|大泉学園町6丁目", "ward": "練馬区", "town": "大泉学園町６丁目" }, "geometry": { "type": "Polygon", "coordinates": [ [ [ 139.586183, 35.773386 ], [ 139.586306, 35.77267 ], [ 139.586427, 35.771967 ], [ 139.586557, 35.771271 ], [ 139.586679, 35.770559 ], [ 139.586741, 35.770234 ], [ 139.586806, 35.769886 ], [ 139.586941, 35.769189 ], [ 139.587041, 35.768496 ], [ 139.586552, 35.768456 ], [ 139.58523, 35.768261 ], [ 139.585112, 35.768244 ], [ 139.584278, 35.76815 ], [ 139.58425, 35.768147 ], [ 139.58346, 35.768058 ], [ 139.58311, 35.768016 ], [ 139.581834, 35.767865 ], [ 139.580882, 35.76775 ], [ 139.580632, 35.76772 ], [ 139.580157, 35.767664 ], [ 139.579366, 35.767579 ], [ 139.5793, 35.767571 ], [ 139.578511, 35.767469 ], [ 139.578435, 35.767452 ], [ 139.578382, 35.767441 ], [ 139.578325, 35.767347 ], [ 139.578287, 35.767279 ], [ 139.578188, 35.767229 ], [ 139.577799, 35.767082 ], [ 139.577344, 35.766848 ], [ 139.577196, 35.766789 ], [ 139.576931, 35.766732 ], [ 139.576723, 35.766704 ], [ 139.576811, 35.767273 ], [ 139.576829, 35.767366 ], [ 139.5769, 35.767646 ], [ 139.576998, 35.767921 ], [ 139.576973, 35.767925 ], [ 139.577018, 35.768026 ], [ 139.57714, 35.768279 ], [ 139.577228, 35.76848 ], [ 139.577298, 35.768771 ], [ 139.577367, 35.768996 ], [ 139.57747, 35.769208 ], [ 139.577623, 35.769388 ], [ 139.577764, 35.769541 ], [ 139.577785, 35.769564 ], [ 139.577963, 35.769741 ], [ 139.578048, 35.770277 ], [ 139.578066, 35.770702 ], [ 139.57809, 35.770979 ], [ 139.578049, 35.771152 ], [ 139.578054, 35.77124 ], [ 139.578581, 35.771267 ], [ 139.578887, 35.771264 ], [ 139.57906, 35.77128 ], [ 139.579073, 35.771298 ], [ 139.579158, 35.771304 ], [ 139.579144, 35.771402 ], [ 139.579269, 35.771412 ], [ 139.579257, 35.771496 ], [ 139.579331, 35.771505 ], [ 139.579347, 35.771401 ], [ 139.579265, 35.771394 ], [ 139.579276, 35.771318 ], [ 139.579477, 35.771344 ], [ 139.579503, 35.771294 ], [ 139.579657, 35.77131 ], [ 139.579647, 35.771409 ], [ 139.579856, 35.771428 ], [ 139.579958, 35.771441 ], [ 139.579989, 35.771245 ], [ 139.579994, 35.771246 ], [ 139.580117, 35.771253 ], [ 139.580108, 35.771333 ], [ 139.5802, 35.771346 ], [ 139.580224, 35.771263 ], [ 139.580644, 35.771315 ], [ 139.58076, 35.771316 ], [ 139.580774, 35.771575 ], [ 139.580748, 35.771773 ], [ 139.580701, 35.771928 ], [ 139.580692, 35.772004 ], [ 139.581082, 35.77206 ], [ 139.581114, 35.77192 ], [ 139.581299, 35.771937 ], [ 139.581314, 35.771854 ], [ 139.581141, 35.771825 ], [ 139.581184, 35.771549 ], [ 139.5812, 35.771364 ], [ 139.581186, 35.771227 ], [ 139.581234, 35.771209 ], [ 139.581497, 35.771213 ], [ 139.581523, 35.771037 ], [ 139.581683, 35.771049 ], [ 139.581715, 35.770958 ], [ 139.581863, 35.77099 ], [ 139.582219, 35.771059 ], [ 139.582219, 35.771061 ], [ 139.58238, 35.771093 ], [ 139.582332, 35.771179 ], [ 139.582206, 35.771162 ], [ 139.582192, 35.771264 ], [ 139.582187, 35.771341 ], [ 139.582057, 35.771334 ], [ 139.582048, 35.771418 ], [ 139.582178, 35.771463 ], [ 139.582069, 35.772031 ], [ 139.582047, 35.77214 ], [ 139.581928, 35.772127 ], [ 139.581918, 35.772155 ], [ 139.581837, 35.77253 ], [ 139.582112, 35.772598 ], [ 139.582455, 35.772693 ], [ 139.582725, 35.772751 ], [ 139.583025, 35.772778 ], [ 139.58347, 35.77284 ], [ 139.583452, 35.772935 ], [ 139.583604, 35.772955 ], [ 139.583617, 35.772883 ], [ 139.584091, 35.773036 ], [ 139.584119, 35.773104 ], [ 139.584174, 35.773138 ], [ 139.584411, 35.773204 ], [ 139.584427, 35.773425 ], [ 139.584366, 35.773846 ], [ 139.584286, 35.773838 ], [ 139.584135, 35.774075 ], [ 139.584048, 35.774237 ], [ 139.58403, 35.77433 ], [ 139.584044, 35.7744 ], [ 139.584159, 35.774442 ], [ 139.584214, 35.774477 ], [ 139.584217, 35.774567 ], [ 139.584144, 35.77474 ], [ 139.584236, 35.774815 ], [ 139.584258, 35.77492 ], [ 139.584379, 35.774975 ], [ 139.584448, 35.77509 ], [ 139.584588, 35.775119 ], [ 139.584718, 35.775138 ], [ 139.58491, 35.775162 ], [ 139.58491, 35.775252 ], [ 139.58502, 35.775266 ], [ 139.585415, 35.775249 ], [ 139.585856, 35.775239 ], [ 139.58594, 35.774752 ], [ 139.586064, 35.774051 ], [ 139.586183, 35.773386 ] ] ] } },
{ "type": "Feature", "properties": { "key": "練馬区|大泉学園町7丁目", "ward": "練馬区", "town": "大泉学園町７丁目" }, "geometry": { "type": "Polygon", "coordinates": [ [ [ 139.591263, 35.775197 ], [ 139.590918, 35.774516 ], [ 139.590885, 35.77445 ], [ 139.590839, 35.774262 ], [ 139.590895, 35.773926 ], [ 139.590873, 35.773925 ], [ 139.591025, 35.773208 ], [ 139.591603, 35.773286 ], [ 139.591658, 35.77296 ], [ 139.591738, 35.772601 ], [ 139.591864, 35.771888 ], [ 139.591982, 35.771199 ], [ 139.592109, 35.770488 ], [ 139.592235, 35.769802 ], [ 139.592357, 35.7691 ], [ 139.591445, 35.768985 ], [ 139.590862, 35.768918 ], [ 139.589937, 35.768811 ], [ 139.588822, 35.768703 ], [ 139.588104, 35.768633 ], [ 139.587041, 35.768496 ], [ 139.586941, 35.769189 ], [ 139.586806, 35.769886 ], [ 139.586741, 35.770234 ], [ 139.586679, 35.770559 ], [ 139.586557, 35.771271 ], [ 139.586427, 35.771967 ], [ 139.586306, 35.77267 ], [ 139.586183, 35.773386 ], [ 139.586064, 35.774051 ], [ 139.58594, 35.774752 ], [ 139.585856, 35.775239 ], [ 139.58619, 35.775254 ], [ 139.586396, 35.775239 ], [ 139.586504, 35.775219 ], [ 139.586618, 35.775206 ], [ 139.586915, 35.775233 ], [ 139.587106, 35.775494 ], [ 139.587196, 35.775642 ], [ 139.587419, 35.776074 ], [ 139.587384, 35.776236 ], [ 139.587596, 35.776422 ], [ 139.587947, 35.77716 ], [ 139.588128, 35.777568 ], [ 139.58818, 35.777619 ], [ 139.588265, 35.777745 ], [ 139.588433, 35.77813 ], [ 139.588599, 35.778102 ], [ 139.588638, 35.778063 ], [ 139.588719, 35.777794 ], [ 139.588855, 35.77762 ], [ 139.589004, 35.777488 ], [ 139.58924, 35.777337 ], [ 139.590043, 35.776837 ], [ 139.590237, 35.776708 ], [ 139.590511, 35.776577 ], [ 139.590576, 35.776497 ], [ 139.590481, 35.776058 ], [ 139.590385, 35.775618 ], [ 139.590782, 35.775489 ], [ 139.590924, 35.775425 ], [ 139.59113, 35.775256 ], [ 139.591263, 35.775197 ] ] ] } },
{ "type": "Feature", "properties": { "key": "練馬区|大泉学園町8丁目", "ward": "練馬区", "town": "大泉学園町８丁目" }, "geometry": { "type": "Polygon", "coordinates": [ [ [ 139.599541, 35.773006 ], [ 139.598781, 35.772587 ], [ 139.598517, 35.772437 ], [ 139.598438, 35.77238 ], [ 139.598077, 35.771976 ], [ 139.597822, 35.771735 ], [ 139.597583, 35.771493 ], [ 139.597379, 35.7713 ], [ 139.597263, 35.771376 ], [ 139.596956, 35.771575 ], [ 139.59635, 35.771967 ], [ 139.596257, 35.771681 ], [ 139.596118, 35.771305 ], [ 139.59609, 35.771227 ], [ 139.595996, 35.770957 ], [ 139.595916, 35.770709 ], [ 139.595876, 35.770557 ], [ 139.595738, 35.770202 ], [ 139.595692, 35.770035 ], [ 139.595489, 35.76946 ], [ 139.594796, 35.769379 ], [ 139.593861, 35.7693 ], [ 139.593404, 35.769242 ], [ 139.593003, 35.769187 ], [ 139.592357, 35.7691 ], [ 139.592235, 35.769802 ], [ 139.592109, 35.770488 ], [ 139.591982, 35.771199 ], [ 139.591864, 35.771888 ], [ 139.591738, 35.772601 ], [ 139.591658, 35.77296 ], [ 139.591603, 35.773286 ], [ 139.591025, 35.773208 ], [ 139.590873, 35.773925 ], [ 139.590895, 35.773926 ], [ 139.590839, 35.774262 ], [ 139.590885, 35.77445 ], [ 139.590918, 35.774516 ], [ 139.591263, 35.775197 ], [ 139.59113, 35.775256 ], [ 139.590924, 35.775425 ], [ 139.590782, 35.775489 ], [ 139.590385, 35.775618 ], [ 139.590481, 35.776058 ], [ 139.590576, 35.776497 ], [ 139.590781, 35.77641 ], [ 139.591035, 35.776277 ], [ 139.591218, 35.776192 ], [ 139.591429, 35.776119 ], [ 139.591675, 35.776044 ], [ 139.591955, 35.775979 ], [ 139.59236, 35.775886 ], [ 139.592678, 35.775822 ], [ 139.592799, 35.775797 ], [ 139.593114, 35.775731 ], [ 139.593577, 35.775659 ], [ 139.594077, 35.775566 ], [ 139.59414, 35.775555 ], [ 139.594701, 35.775445 ], [ 139.594874, 35.775404 ], [ 139.595096, 35.775322 ], [ 139.595526, 35.775135 ], [ 139.596191, 35.774829 ], [ 139.597114, 35.774425 ], [ 139.597272, 35.774348 ], [ 139.597829, 35.7741 ], [ 139.597965, 35.774042 ], [ 139.598147, 35.773964 ], [ 139.598777, 35.773681 ], [ 139.598987, 35.773624 ], [ 139.599205, 35.773583 ], [ 139.599724, 35.773489 ], [ 139.600203, 35.773393 ], [ 139.599541, 35.773006 ] ] ] } },
{ "type": "Feature", "properties": { "key": "練馬区|大泉学園町9丁目", "ward": "練馬区", "town": "大泉学園町９丁目" }, "geometry": { "type": "Polygon", "coordinates": [ [ [ 139.596958, 35.7772 ], [ 139.596891, 35.776908 ], [ 139.596819, 35.776632 ], [ 139.598314, 35.776379 ], [ 139.601558, 35.775822 ], [ 139.602685, 35.775644 ], [ 139.60176, 35.774726 ], [ 139.600876, 35.774002 ], [ 139.600232, 35.773387 ], [ 139.600203, 35.773393 ], [ 139.599724, 35.773489 ], [ 139.599205, 35.773583 ], [ 139.598987, 35.773624 ], [ 139.598777, 35.773681 ], [ 139.598147, 35.773964 ], [ 139.597965, 35.774042 ], [ 139.597829, 35.7741 ], [ 139.597272, 35.774348 ], [ 139.597114, 35.774425 ], [ 139.596191, 35.774829 ], [ 139.595526, 35.775135 ], [ 139.595096, 35.775322 ], [ 139.594874, 35.775404 ], [ 139.594701, 35.775445 ], [ 139.59414, 35.775555 ], [ 139.594077, 35.775566 ], [ 139.593577, 35.775659 ], [ 139.593114, 35.775731 ], [ 139.592799, 35.775797 ], [ 139.592678, 35.775822 ], [ 139.59236, 35.775886 ], [ 139.591955, 35.775979 ], [ 139.591675, 35.776044 ], [ 139.591429, 35.776119 ], [ 139.591218, 35.776192 ], [ 139.591035, 35.776277 ], [ 139.590781, 35.77641 ], [ 139.590576, 35.776497 ], [ 139.590511, 35.776577 ], [ 139.590237, 35.776708 ], [ 139.590043, 35.776837 ], [ 139.58924, 35.777337 ], [ 139.589004, 35.777488 ], [ 139.588855, 35.77762 ], [ 139.588719, 35.777794 ], [ 139.588638, 35.778063 ], [ 139.588599, 35.778102 ], [ 139.588433, 35.77813 ], [ 139.588672, 35.778672 ], [ 139.588745, 35.778809 ], [ 139.590396, 35.778315 ], [ 139.590688, 35.778235 ], [ 139.592618, 35.777657 ], [ 139.592715, 35.777628 ], [ 139.593525, 35.777388 ], [ 139.59389, 35.77729 ], [ 139.593992, 35.77763 ], [ 139.594107, 35.778015 ], [ 139.594248, 35.778608 ], [ 139.594339, 35.77885 ], [ 139.594412, 35.779004 ], [ 139.597045, 35.778606 ], [ 139.597014, 35.777637 ], [ 139.596996, 35.777399 ], [ 139.596958, 35.7772 ] ] ] } },
{ "type": "Feature", "properties": { "key": "練馬区|関町北1丁目", "ward": "練馬区", "town": "関町北１丁目" }, "geometry": { "type": "Polygon", "coordinates": [ [ [ 139.579971, 35.727345 ], [ 139.580036, 35.727117 ], [ 139.580044, 35.727091 ], [ 139.580092, 35.72692 ], [ 139.580199, 35.726488 ], [ 139.58029, 35.726173 ], [ 139.580372, 35.725838 ], [ 139.580413, 35.725701 ], [ 139.580581, 35.725269 ], [ 139.580808, 35.724658 ], [ 139.580859, 35.724546 ], [ 139.580908, 35.724397 ], [ 139.581004, 35.724279 ], [ 139.58112, 35.724174 ], [ 139.581275, 35.724042 ], [ 139.581349, 35.723929 ], [ 139.581514, 35.723568 ], [ 139.581609, 35.723265 ], [ 139.5809, 35.723231 ], [ 139.580365, 35.723204 ], [ 139.58007, 35.72319 ], [ 139.579701, 35.723175 ], [ 139.579415, 35.723162 ], [ 139.57932, 35.723158 ], [ 139.579231, 35.723157 ], [ 139.578777, 35.723152 ], [ 139.578352, 35.723146 ], [ 139.578286, 35.723145 ], [ 139.577658, 35.723127 ], [ 139.577511, 35.723123 ], [ 139.577378, 35.723119 ], [ 139.577367, 35.723679 ], [ 139.577364, 35.723858 ], [ 139.577358, 35.72414 ], [ 139.577354, 35.724379 ], [ 139.577351, 35.724645 ], [ 139.577346, 35.725088 ], [ 139.577339, 35.725573 ], [ 139.577337, 35.726073 ], [ 139.577328, 35.726308 ], [ 139.577312, 35.726757 ], [ 139.577305, 35.727372 ], [ 139.577305, 35.727452 ], [ 139.578204, 35.727392 ], [ 139.578169, 35.727504 ], [ 139.57917, 35.727416 ], [ 139.579971, 35.727345 ] ] ] } },
{ "type": "Feature", "properties": { "key": "練馬区|関町北2丁目", "ward": "練馬区", "town": "関町北２丁目" }, "geometry": { "type": "Polygon", "coordinates": [ [ [ 139.578204, 35.727392 ], [ 139.577305, 35.727452 ], [ 139.577305, 35.727372 ], [ 139.577312, 35.726757 ], [ 139.577328, 35.726308 ], [ 139.577337, 35.726073 ], [ 139.577339, 35.725573 ], [ 139.577346, 35.725088 ], [ 139.577351, 35.724645 ], [ 139.577354, 35.724379 ], [ 139.577358, 35.72414 ], [ 139.577364, 35.723858 ], [ 139.577367, 35.723679 ], [ 139.577378, 35.723119 ], [ 139.576969, 35.723088 ], [ 139.576378, 35.72307 ], [ 139.576262, 35.723067 ], [ 139.575908, 35.723056 ], [ 139.575391, 35.723033 ], [ 139.57521, 35.723025 ], [ 139.575013, 35.723016 ], [ 139.574101, 35.722978 ], [ 139.573691, 35.722992 ], [ 139.573237, 35.723021 ], [ 139.573094, 35.723018 ], [ 139.573066, 35.723537 ], [ 139.573022, 35.724249 ], [ 139.572988, 35.724958 ], [ 139.572965, 35.725458 ], [ 139.572957, 35.725505 ], [ 139.57295, 35.725937 ], [ 139.572913, 35.726492 ], [ 139.572901, 35.726927 ], [ 139.572892, 35.727124 ], [ 139.572884, 35.727323 ], [ 139.57287, 35.727515 ], [ 139.572838, 35.727974 ], [ 139.573747, 35.727893 ], [ 139.574386, 35.727831 ], [ 139.574613, 35.727809 ], [ 139.574627, 35.727808 ], [ 139.575216, 35.727758 ], [ 139.576498, 35.727648 ], [ 139.576635, 35.727636 ], [ 139.577577, 35.727555 ], [ 139.577821, 35.727534 ], [ 139.578169, 35.727504 ], [ 139.578204, 35.727392 ] ] ] } },
{ "type": "Feature", "properties": { "key": "練馬区|関町北3丁目", "ward": "練馬区", "town": "関町北３丁目" }, "geometry": { "type": "Polygon", "coordinates": [ [ [ 139.573094, 35.723018 ], [ 139.572458, 35.723005 ], [ 139.572257, 35.723015 ], [ 139.57198, 35.723027 ], [ 139.571552, 35.723044 ], [ 139.571108, 35.72305 ], [ 139.570333, 35.723061 ], [ 139.57013, 35.72306 ], [ 139.570089, 35.72306 ], [ 139.56871, 35.72305 ], [ 139.568655, 35.72305 ], [ 139.56795, 35.723048 ], [ 139.567646, 35.723045 ], [ 139.567112, 35.723039 ], [ 139.56651, 35.723032 ], [ 139.565682, 35.723049 ], [ 139.565667, 35.723118 ], [ 139.565594, 35.723453 ], [ 139.565489, 35.723857 ], [ 139.565396, 35.724186 ], [ 139.565384, 35.724307 ], [ 139.565436, 35.724485 ], [ 139.565519, 35.724633 ], [ 139.565534, 35.724672 ], [ 139.565704, 35.725107 ], [ 139.56595, 35.72575 ], [ 139.566035, 35.725996 ], [ 139.566103, 35.726257 ], [ 139.566121, 35.726473 ], [ 139.566116, 35.726769 ], [ 139.566112, 35.726837 ], [ 139.566088, 35.726978 ], [ 139.566096, 35.727075 ], [ 139.566129, 35.727185 ], [ 139.566137, 35.727213 ], [ 139.566181, 35.727363 ], [ 139.566299, 35.727566 ], [ 139.566431, 35.727757 ], [ 139.566434, 35.727761 ], [ 139.566682, 35.728099 ], [ 139.566756, 35.728289 ], [ 139.566854, 35.7285 ], [ 139.567486, 35.728447 ], [ 139.567826, 35.728418 ], [ 139.56851, 35.728361 ], [ 139.568667, 35.728347 ], [ 139.569192, 35.728301 ], [ 139.569401, 35.728283 ], [ 139.569837, 35.728245 ], [ 139.570597, 35.728168 ], [ 139.571112, 35.728132 ], [ 139.571955, 35.728049 ], [ 139.572838, 35.727974 ], [ 139.57287, 35.727515 ], [ 139.572884, 35.727323 ], [ 139.572892, 35.727124 ], [ 139.572901, 35.726927 ], [ 139.572913, 35.726492 ], [ 139.57295, 35.725937 ], [ 139.572957, 35.725505 ], [ 139.572965, 35.725458 ], [ 139.572988, 35.724958 ], [ 139.573022, 35.724249 ], [ 139.573066, 35.723537 ], [ 139.573094, 35.723018 ] ] ] } },
{ "type": "Feature", "properties": { "key": "練馬区|関町北4丁目", "ward": "練馬区", "town": "関町北４丁目" }, "geometry": { "type": "Polygon", "coordinates": [ [ [ 139.571695, 35.731329 ], [ 139.57248, 35.731337 ], [ 139.573001, 35.731349 ], [ 139.573172, 35.731353 ], [ 139.573485, 35.731361 ], [ 139.573913, 35.73137 ], [ 139.574494, 35.73139 ], [ 139.575019, 35.731396 ], [ 139.575858, 35.731404 ], [ 139.576245, 35.731434 ], [ 139.576305, 35.73143 ], [ 139.577214, 35.731448 ], [ 139.577302, 35.731087 ], [ 139.577431, 35.730506 ], [ 139.577493, 35.730226 ], [ 139.577541, 35.730002 ], [ 139.577597, 35.729742 ], [ 139.577662, 35.729443 ], [ 139.577703, 35.729279 ], [ 139.57777, 35.729013 ], [ 139.577819, 35.728863 ], [ 139.577885, 35.728593 ], [ 139.577892, 35.72856 ], [ 139.57794, 35.728349 ], [ 139.578021, 35.728003 ], [ 139.578095, 35.727702 ], [ 139.578169, 35.727504 ], [ 139.577821, 35.727534 ], [ 139.577577, 35.727555 ], [ 139.576635, 35.727636 ], [ 139.576498, 35.727648 ], [ 139.575216, 35.727758 ], [ 139.574627, 35.727808 ], [ 139.574613, 35.727809 ], [ 139.574386, 35.727831 ], [ 139.573747, 35.727893 ], [ 139.572838, 35.727974 ], [ 139.571955, 35.728049 ], [ 139.571112, 35.728132 ], [ 139.570597, 35.728168 ], [ 139.569837, 35.728245 ], [ 139.569401, 35.728283 ], [ 139.569192, 35.728301 ], [ 139.568667, 35.728347 ], [ 139.56851, 35.728361 ], [ 139.567826, 35.728418 ], [ 139.567486, 35.728447 ], [ 139.566854, 35.7285 ], [ 139.566867, 35.728549 ], [ 139.566909, 35.728666 ], [ 139.567036, 35.728871 ], [ 139.567037, 35.728873 ], [ 139.567063, 35.728921 ], [ 139.56707, 35.728932 ], [ 139.567335, 35.729416 ], [ 139.567338, 35.729422 ], [ 139.567389, 35.729515 ], [ 139.567479, 35.729805 ], [ 139.567482, 35.729817 ], [ 139.567548, 35.730058 ], [ 139.567635, 35.730259 ], [ 139.567781, 35.730562 ], [ 139.56779, 35.73058 ], [ 139.56791, 35.730822 ], [ 139.568133, 35.731181 ], [ 139.568311, 35.731536 ], [ 139.569491, 35.731454 ], [ 139.570969, 35.731366 ], [ 139.571695, 35.731329 ] ] ] } },
{ "type": "Feature", "properties": { "key": "練馬区|関町北5丁目", "ward": "練馬区", "town": "関町北５丁目" }, "geometry": { "type": "Polygon", "coordinates": [ [ [ 139.576305, 35.73143 ], [ 139.576245, 35.731434 ], [ 139.575858, 35.731404 ], [ 139.575019, 35.731396 ], [ 139.574494, 35.73139 ], [ 139.573913, 35.73137 ], [ 139.573485, 35.731361 ], [ 139.573172, 35.731353 ], [ 139.573001, 35.731349 ], [ 139.57248, 35.731337 ], [ 139.571695, 35.731329 ], [ 139.570969, 35.731366 ], [ 139.569491, 35.731454 ], [ 139.568311, 35.731536 ], [ 139.568758, 35.732604 ], [ 139.568786, 35.732669 ], [ 139.569005, 35.733099 ], [ 139.569292, 35.733661 ], [ 139.569452, 35.733958 ], [ 139.569445, 35.734027 ], [ 139.569504, 35.734041 ], [ 139.570254, 35.734222 ], [ 139.570613, 35.734308 ], [ 139.571094, 35.734424 ], [ 139.571125, 35.734432 ], [ 139.571362, 35.734489 ], [ 139.571542, 35.734532 ], [ 139.571877, 35.734618 ], [ 139.571968, 35.734644 ], [ 139.572496, 35.734795 ], [ 139.573134, 35.734967 ], [ 139.573641, 35.735117 ], [ 139.573739, 35.735146 ], [ 139.574277, 35.735323 ], [ 139.574769, 35.735485 ], [ 139.575363, 35.735691 ], [ 139.57599, 35.735898 ], [ 139.576518, 35.736073 ], [ 139.576568, 35.735813 ], [ 139.57657, 35.735718 ], [ 139.576575, 35.735523 ], [ 139.576578, 35.735426 ], [ 139.576519, 35.735062 ], [ 139.576512, 35.735019 ], [ 139.576517, 35.734838 ], [ 139.576519, 35.734766 ], [ 139.576561, 35.734543 ], [ 139.576604, 35.734212 ], [ 139.576692, 35.733845 ], [ 139.576725, 35.733665 ], [ 139.576791, 35.733413 ], [ 139.576895, 35.732972 ], [ 139.576975, 35.732583 ], [ 139.577039, 35.732317 ], [ 139.577062, 35.732142 ], [ 139.57711, 35.731924 ], [ 139.577214, 35.731448 ], [ 139.576305, 35.73143 ] ] ] } },
{ "type": "Feature", "properties": { "key": "練馬区|関町南1丁目", "ward": "練馬区", "town": "関町南１丁目" }, "geometry": { "type": "Polygon", "coordinates": [ [ [ 139.594733, 35.721409 ], [ 139.59513, 35.722156 ], [ 139.595773, 35.722032 ], [ 139.595815, 35.721728 ], [ 139.595819, 35.721566 ], [ 139.595736, 35.721408 ], [ 139.595667, 35.721289 ], [ 139.595545, 35.721074 ], [ 139.595447, 35.720906 ], [ 139.595198, 35.72048 ], [ 139.595109, 35.720314 ], [ 139.595034, 35.720175 ], [ 139.594759, 35.719644 ], [ 139.59472, 35.719568 ], [ 139.594417, 35.718986 ], [ 139.593918, 35.718031 ], [ 139.59386, 35.718031 ], [ 139.593196, 35.718661 ], [ 139.592834, 35.719007 ], [ 139.59278, 35.719001 ], [ 139.592408, 35.719409 ], [ 139.592244, 35.719546 ], [ 139.592109, 35.719659 ], [ 139.591889, 35.719818 ], [ 139.591432, 35.720058 ], [ 139.591116, 35.720228 ], [ 139.590747, 35.720404 ], [ 139.590387, 35.720576 ], [ 139.590034, 35.720744 ], [ 139.589634, 35.720935 ], [ 139.589567, 35.720967 ], [ 139.58898, 35.721246 ], [ 139.588971, 35.721251 ], [ 139.588475, 35.721487 ], [ 139.588107, 35.721616 ], [ 139.587472, 35.721839 ], [ 139.587321, 35.721886 ], [ 139.587496, 35.722082 ], [ 139.587704, 35.722159 ], [ 139.588062, 35.72227 ], [ 139.588277, 35.722303 ], [ 139.588807, 35.72235 ], [ 139.589453, 35.722396 ], [ 139.589677, 35.72242 ], [ 139.589806, 35.722435 ], [ 139.59003, 35.722504 ], [ 139.590404, 35.722697 ], [ 139.590609, 35.722761 ], [ 139.590875, 35.722838 ], [ 139.590994, 35.722906 ], [ 139.59115, 35.723023 ], [ 139.591468, 35.72335 ], [ 139.591461, 35.723395 ], [ 139.591558, 35.723424 ], [ 139.591949, 35.722953 ], [ 139.591959, 35.722935 ], [ 139.592047, 35.722773 ], [ 139.592043, 35.722758 ], [ 139.59201, 35.722652 ], [ 139.591808, 35.722298 ], [ 139.592124, 35.722192 ], [ 139.59256, 35.722065 ], [ 139.592759, 35.722007 ], [ 139.592985, 35.721941 ], [ 139.593337, 35.721837 ], [ 139.593523, 35.721783 ], [ 139.593691, 35.721734 ], [ 139.594263, 35.721551 ], [ 139.594733, 35.721409 ] ] ] } },
{ "type": "Feature", "properties": { "key": "練馬区|関町南2丁目", "ward": "練馬区", "town": "関町南２丁目" }, "geometry": { "type": "Polygon", "coordinates": [ [ [ 139.588107, 35.721616 ], [ 139.588475, 35.721487 ], [ 139.588971, 35.721251 ], [ 139.58898, 35.721246 ], [ 139.589567, 35.720967 ], [ 139.589634, 35.720935 ], [ 139.590034, 35.720744 ], [ 139.590387, 35.720576 ], [ 139.590747, 35.720404 ], [ 139.591116, 35.720228 ], [ 139.591432, 35.720058 ], [ 139.591889, 35.719818 ], [ 139.592109, 35.719659 ], [ 139.592244, 35.719546 ], [ 139.592408, 35.719409 ], [ 139.59278, 35.719001 ], [ 139.592834, 35.719007 ], [ 139.593196, 35.718661 ], [ 139.59386, 35.718031 ], [ 139.593674, 35.718056 ], [ 139.593486, 35.718125 ], [ 139.593315, 35.718223 ], [ 139.593253, 35.718251 ], [ 139.59317, 35.718284 ], [ 139.592981, 35.718359 ], [ 139.59273, 35.718492 ], [ 139.592135, 35.71897 ], [ 139.591836, 35.719229 ], [ 139.591546, 35.719446 ], [ 139.591431, 35.719547 ], [ 139.591126, 35.719784 ], [ 139.59106, 35.719849 ], [ 139.590875, 35.719978 ], [ 139.590608, 35.720114 ], [ 139.59021, 35.720275 ], [ 139.589658, 35.720274 ], [ 139.58904, 35.720203 ], [ 139.588808, 35.720177 ], [ 139.588519, 35.720142 ], [ 139.588081, 35.720034 ], [ 139.58762, 35.719913 ], [ 139.587554, 35.719888 ], [ 139.587523, 35.719876 ], [ 139.587494, 35.719866 ], [ 139.587119, 35.719726 ], [ 139.587062, 35.719692 ], [ 139.586624, 35.719432 ], [ 139.586323, 35.719232 ], [ 139.586073, 35.719125 ], [ 139.585992, 35.719029 ], [ 139.585907, 35.718848 ], [ 139.585871, 35.718811 ], [ 139.58557, 35.718508 ], [ 139.585463, 35.718372 ], [ 139.585351, 35.718242 ], [ 139.585276, 35.718128 ], [ 139.58515, 35.717899 ], [ 139.585123, 35.717786 ], [ 139.585126, 35.717698 ], [ 139.58512, 35.717579 ], [ 139.585076, 35.71726 ], [ 139.585039, 35.716898 ], [ 139.585054, 35.716735 ], [ 139.585094, 35.716515 ], [ 139.585107, 35.71634 ], [ 139.58523, 35.716147 ], [ 139.585392, 35.715947 ], [ 139.58542, 35.71588 ], [ 139.585649, 35.715471 ], [ 139.585686, 35.715416 ], [ 139.58587, 35.715154 ], [ 139.586032, 35.714944 ], [ 139.586123, 35.71481 ], [ 139.586275, 35.71468 ], [ 139.586381, 35.714564 ], [ 139.586518, 35.714312 ], [ 139.586669, 35.713971 ], [ 139.586792, 35.713651 ], [ 139.586868, 35.713374 ], [ 139.586947, 35.713036 ], [ 139.585813, 35.713506 ], [ 139.585787, 35.713519 ], [ 139.585358, 35.713734 ], [ 139.58528, 35.713784 ], [ 139.584961, 35.713989 ], [ 139.58438, 35.714366 ], [ 139.583982, 35.714613 ], [ 139.583925, 35.714656 ], [ 139.58385, 35.714686 ], [ 139.583432, 35.714715 ], [ 139.583428, 35.714758 ], [ 139.583326, 35.715158 ], [ 139.583226, 35.715495 ], [ 139.583182, 35.715631 ], [ 139.583106, 35.715844 ], [ 139.583078, 35.715952 ], [ 139.583058, 35.716027 ], [ 139.583003, 35.716257 ], [ 139.582993, 35.71631 ], [ 139.582948, 35.716543 ], [ 139.582936, 35.716709 ], [ 139.582923, 35.716887 ], [ 139.582881, 35.717352 ], [ 139.582866, 35.71753 ], [ 139.582854, 35.717968 ], [ 139.582852, 35.718046 ], [ 139.582851, 35.718099 ], [ 139.582795, 35.719072 ], [ 139.582788, 35.719197 ], [ 139.582752, 35.71968 ], [ 139.58273, 35.719977 ], [ 139.582682, 35.720159 ], [ 139.582599, 35.720328 ], [ 139.582909, 35.720399 ], [ 139.583241, 35.720476 ], [ 139.583302, 35.720501 ], [ 139.583346, 35.720519 ], [ 139.583921, 35.72079 ], [ 139.584242, 35.72093 ], [ 139.584304, 35.720957 ], [ 139.584423, 35.721008 ], [ 139.58495, 35.721234 ], [ 139.585014, 35.721256 ], [ 139.585462, 35.721409 ], [ 139.585545, 35.721432 ], [ 139.585917, 35.721569 ], [ 139.586062, 35.721623 ], [ 139.586474, 35.721774 ], [ 139.586491, 35.721775 ], [ 139.586776, 35.721803 ], [ 139.587251, 35.721712 ], [ 139.5873, 35.72174 ], [ 139.587472, 35.721839 ], [ 139.588107, 35.721616 ] ] ] } },
{ "type": "Feature", "properties": { "key": "練馬区|関町南3丁目", "ward": "練馬区", "town": "関町南３丁目" }, "geometry": { "type": "Polygon", "coordinates": [ [ [ 139.5873, 35.72174 ], [ 139.587251, 35.721712 ], [ 139.586776, 35.721803 ], [ 139.586491, 35.721775 ], [ 139.586474, 35.721774 ], [ 139.586062, 35.721623 ], [ 139.585917, 35.721569 ], [ 139.585545, 35.721432 ], [ 139.585462, 35.721409 ], [ 139.585014, 35.721256 ], [ 139.58495, 35.721234 ], [ 139.584423, 35.721008 ], [ 139.584304, 35.720957 ], [ 139.584242, 35.72093 ], [ 139.583921, 35.72079 ], [ 139.583346, 35.720519 ], [ 139.583302, 35.720501 ], [ 139.583241, 35.720476 ], [ 139.582909, 35.720399 ], [ 139.582599, 35.720328 ], [ 139.582581, 35.720323 ], [ 139.582052, 35.720207 ], [ 139.58173, 35.720114 ], [ 139.581529, 35.720028 ], [ 139.580948, 35.719858 ], [ 139.580679, 35.719788 ], [ 139.580152, 35.719673 ], [ 139.580084, 35.719658 ], [ 139.579836, 35.719604 ], [ 139.579484, 35.719597 ], [ 139.579175, 35.719605 ], [ 139.579114, 35.719607 ], [ 139.578309, 35.719586 ], [ 139.577804, 35.719585 ], [ 139.577314, 35.719574 ], [ 139.577027, 35.719574 ], [ 139.576825, 35.720156 ], [ 139.576824, 35.720183 ], [ 139.576719, 35.720474 ], [ 139.576648, 35.720728 ], [ 139.576557, 35.721092 ], [ 139.576446, 35.721387 ], [ 139.576549, 35.721627 ], [ 139.576554, 35.72164 ], [ 139.576641, 35.72187 ], [ 139.576739, 35.722128 ], [ 139.576787, 35.722312 ], [ 139.576869, 35.722637 ], [ 139.576969, 35.723088 ], [ 139.577378, 35.723119 ], [ 139.577511, 35.723123 ], [ 139.577658, 35.723127 ], [ 139.578286, 35.723145 ], [ 139.578352, 35.723146 ], [ 139.578777, 35.723152 ], [ 139.579231, 35.723157 ], [ 139.57932, 35.723158 ], [ 139.579415, 35.723162 ], [ 139.579701, 35.723175 ], [ 139.58007, 35.72319 ], [ 139.580365, 35.723204 ], [ 139.5809, 35.723231 ], [ 139.581609, 35.723265 ], [ 139.581662, 35.723259 ], [ 139.582186, 35.723199 ], [ 139.582827, 35.723146 ], [ 139.58355, 35.723051 ], [ 139.58394, 35.722976 ], [ 139.584317, 35.722876 ], [ 139.584557, 35.722788 ], [ 139.584591, 35.722773 ], [ 139.584847, 35.722681 ], [ 139.584902, 35.722665 ], [ 139.585243, 35.722568 ], [ 139.585429, 35.722503 ], [ 139.586147, 35.722253 ], [ 139.586177, 35.722243 ], [ 139.587321, 35.721886 ], [ 139.587472, 35.721839 ], [ 139.5873, 35.72174 ] ] ] } },
{ "type": "Feature", "properties": { "key": "練馬区|関町南4丁目", "ward": "練馬区", "town": "関町南４丁目" }, "geometry": { "type": "Polygon", "coordinates": [ [ [ 139.576869, 35.722637 ], [ 139.576787, 35.722312 ], [ 139.576739, 35.722128 ], [ 139.576641, 35.72187 ], [ 139.576554, 35.72164 ], [ 139.576549, 35.721627 ], [ 139.576446, 35.721387 ], [ 139.576557, 35.721092 ], [ 139.576648, 35.720728 ], [ 139.576719, 35.720474 ], [ 139.576824, 35.720183 ], [ 139.576825, 35.720156 ], [ 139.577027, 35.719574 ], [ 139.576373, 35.719535 ], [ 139.576134, 35.719493 ], [ 139.57618, 35.718939 ], [ 139.57507, 35.71879 ], [ 139.574956, 35.718806 ], [ 139.574682, 35.718939 ], [ 139.574625, 35.718961 ], [ 139.574513, 35.719004 ], [ 139.573839, 35.719228 ], [ 139.573586, 35.719311 ], [ 139.573094, 35.719462 ], [ 139.573039, 35.719484 ], [ 139.572475, 35.719627 ], [ 139.572002, 35.719752 ], [ 139.571719, 35.719834 ], [ 139.571271, 35.719977 ], [ 139.571034, 35.720054 ], [ 139.570619, 35.720191 ], [ 139.570054, 35.720376 ], [ 139.570016, 35.720387 ], [ 139.569808, 35.720447 ], [ 139.56856, 35.720798 ], [ 139.568489, 35.720815 ], [ 139.567977, 35.720938 ], [ 139.567474, 35.721042 ], [ 139.566957, 35.721156 ], [ 139.566381, 35.721284 ], [ 139.566328, 35.721296 ], [ 139.565378, 35.721481 ], [ 139.565449, 35.72155 ], [ 139.565386, 35.721564 ], [ 139.565506, 35.721654 ], [ 139.5656, 35.721815 ], [ 139.565614, 35.722006 ], [ 139.565672, 35.722691 ], [ 139.565693, 35.722935 ], [ 139.565692, 35.722943 ], [ 139.565682, 35.723049 ], [ 139.56651, 35.723032 ], [ 139.567112, 35.723039 ], [ 139.567646, 35.723045 ], [ 139.56795, 35.723048 ], [ 139.568655, 35.72305 ], [ 139.56871, 35.72305 ], [ 139.570089, 35.72306 ], [ 139.57013, 35.72306 ], [ 139.570333, 35.723061 ], [ 139.571108, 35.72305 ], [ 139.571552, 35.723044 ], [ 139.57198, 35.723027 ], [ 139.572257, 35.723015 ], [ 139.572458, 35.723005 ], [ 139.573094, 35.723018 ], [ 139.573237, 35.723021 ], [ 139.573691, 35.722992 ], [ 139.574101, 35.722978 ], [ 139.575013, 35.723016 ], [ 139.57521, 35.723025 ], [ 139.575391, 35.723033 ], [ 139.575908, 35.723056 ], [ 139.576262, 35.723067 ], [ 139.576378, 35.72307 ], [ 139.576969, 35.723088 ], [ 139.576869, 35.722637 ] ] ] } },
{ "type": "Feature", "properties": { "key": "練馬区|上石神井南町", "ward": "練馬区", "town": "上石神井南町" }, "geometry": { "type": "Polygon", "coordinates": [ [ [ 139.596601, 35.722148 ], [ 139.596196, 35.722092 ], [ 139.596003, 35.72207 ], [ 139.595773, 35.722032 ], [ 139.59513, 35.722156 ], [ 139.594733, 35.721409 ], [ 139.594263, 35.721551 ], [ 139.593691, 35.721734 ], [ 139.593523, 35.721783 ], [ 139.593337, 35.721837 ], [ 139.592985, 35.721941 ], [ 139.592759, 35.722007 ], [ 139.59256, 35.722065 ], [ 139.592124, 35.722192 ], [ 139.591808, 35.722298 ], [ 139.59201, 35.722652 ], [ 139.592043, 35.722758 ], [ 139.592047, 35.722773 ], [ 139.591959, 35.722935 ], [ 139.591949, 35.722953 ], [ 139.591558, 35.723424 ], [ 139.591911, 35.723556 ], [ 139.592085, 35.723621 ], [ 139.592441, 35.723722 ], [ 139.592827, 35.723851 ], [ 139.59297, 35.723903 ], [ 139.593183, 35.723976 ], [ 139.593351, 35.724028 ], [ 139.593805, 35.724158 ], [ 139.59396, 35.724202 ], [ 139.59403, 35.724222 ], [ 139.594318, 35.724304 ], [ 139.594728, 35.724405 ], [ 139.595446, 35.724596 ], [ 139.595599, 35.724634 ], [ 139.595972, 35.724725 ], [ 139.59624, 35.724781 ], [ 139.597013, 35.724902 ], [ 139.597155, 35.724924 ], [ 139.59741, 35.724969 ], [ 139.597513, 35.724978 ], [ 139.598031, 35.725021 ], [ 139.598438, 35.725089 ], [ 139.599025, 35.725187 ], [ 139.599581, 35.725233 ], [ 139.599629, 35.724981 ], [ 139.599792, 35.724646 ], [ 139.599885, 35.724329 ], [ 139.599944, 35.724094 ], [ 139.600009, 35.723888 ], [ 139.599764, 35.723737 ], [ 139.599445, 35.723628 ], [ 139.599285, 35.723585 ], [ 139.599159, 35.72355 ], [ 139.598725, 35.723401 ], [ 139.598615, 35.72337 ], [ 139.598243, 35.723198 ], [ 139.597689, 35.722903 ], [ 139.597556, 35.722827 ], [ 139.597338, 35.722664 ], [ 139.597113, 35.722456 ], [ 139.596928, 35.722295 ], [ 139.596752, 35.722185 ], [ 139.596601, 35.722148 ] ] ] } },
{ "type": "Feature", "properties": { "key": "練馬区|立野町", "ward": "練馬区", "town": "立野町" }, "geometry": { "type": "Polygon", "coordinates": [ [ [ 139.582788, 35.719197 ], [ 139.582795, 35.719072 ], [ 139.582851, 35.718099 ], [ 139.582852, 35.718046 ], [ 139.582854, 35.717968 ], [ 139.582866, 35.71753 ], [ 139.582881, 35.717352 ], [ 139.582923, 35.716887 ], [ 139.582936, 35.716709 ], [ 139.582948, 35.716543 ], [ 139.582993, 35.71631 ], [ 139.583003, 35.716257 ], [ 139.583058, 35.716027 ], [ 139.583078, 35.715952 ], [ 139.583106, 35.715844 ], [ 139.583182, 35.715631 ], [ 139.583226, 35.715495 ], [ 139.583326, 35.715158 ], [ 139.583428, 35.714758 ], [ 139.583432, 35.714715 ], [ 139.58385, 35.714686 ], [ 139.583925, 35.714656 ], [ 139.583982, 35.714613 ], [ 139.58438, 35.714366 ], [ 139.584961, 35.713989 ], [ 139.58528, 35.713784 ], [ 139.585358, 35.713734 ], [ 139.585787, 35.713519 ], [ 139.585813, 35.713506 ], [ 139.586947, 35.713036 ], [ 139.587019, 35.712629 ], [ 139.586903, 35.712317 ], [ 139.586713, 35.711739 ], [ 139.586009, 35.712067 ], [ 139.585233, 35.712439 ], [ 139.584862, 35.71261 ], [ 139.584766, 35.712654 ], [ 139.584502, 35.712774 ], [ 139.584322, 35.712858 ], [ 139.58391, 35.713044 ], [ 139.583897, 35.71305 ], [ 139.583838, 35.713078 ], [ 139.583536, 35.713212 ], [ 139.583002, 35.713418 ], [ 139.582549, 35.713589 ], [ 139.582144, 35.713776 ], [ 139.581967, 35.713869 ], [ 139.581687, 35.714015 ], [ 139.581374, 35.714177 ], [ 139.581124, 35.714341 ], [ 139.580687, 35.714597 ], [ 139.580646, 35.714622 ], [ 139.580438, 35.71475 ], [ 139.580142, 35.714941 ], [ 139.580108, 35.714964 ], [ 139.57971, 35.71524 ], [ 139.579358, 35.715482 ], [ 139.579235, 35.715567 ], [ 139.579022, 35.715723 ], [ 139.578781, 35.71592 ], [ 139.578684, 35.715999 ], [ 139.578606, 35.716063 ], [ 139.578362, 35.716263 ], [ 139.577911, 35.716633 ], [ 139.577236, 35.717211 ], [ 139.576981, 35.717427 ], [ 139.576586, 35.717762 ], [ 139.576572, 35.717773 ], [ 139.576524, 35.717811 ], [ 139.576104, 35.71814 ], [ 139.575791, 35.718363 ], [ 139.575627, 35.718466 ], [ 139.575446, 35.71858 ], [ 139.575126, 35.718761 ], [ 139.57507, 35.71879 ], [ 139.57618, 35.718939 ], [ 139.576134, 35.719493 ], [ 139.576373, 35.719535 ], [ 139.577027, 35.719574 ], [ 139.577314, 35.719574 ], [ 139.577804, 35.719585 ], [ 139.578309, 35.719586 ], [ 139.579114, 35.719607 ], [ 139.579175, 35.719605 ], [ 139.579484, 35.719597 ], [ 139.579836, 35.719604 ], [ 139.580084, 35.719658 ], [ 139.580152, 35.719673 ], [ 139.580679, 35.719788 ], [ 139.580948, 35.719858 ], [ 139.581529, 35.720028 ], [ 139.58173, 35.720114 ], [ 139.582052, 35.720207 ], [ 139.582581, 35.720323 ], [ 139.582599, 35.720328 ], [ 139.582682, 35.720159 ], [ 139.58273, 35.719977 ], [ 139.582752, 35.71968 ], [ 139.582788, 35.719197 ] ] ] } },
{ "type": "Feature", "properties": { "key": "練馬区|上石神井1丁目", "ward": "練馬区", "town": "上石神井１丁目" }, "geometry": { "type": "Polygon", "coordinates": [ [ [ 139.591223, 35.726383 ], [ 139.591376, 35.72639 ], [ 139.591544, 35.726404 ], [ 139.591828, 35.726387 ], [ 139.592206, 35.726341 ], [ 139.592816, 35.726282 ], [ 139.593101, 35.726275 ], [ 139.593848, 35.726207 ], [ 139.594086, 35.72617 ], [ 139.594232, 35.726129 ], [ 139.594541, 35.726057 ], [ 139.595172, 35.725954 ], [ 139.595785, 35.725862 ], [ 139.596377, 35.725768 ], [ 139.597191, 35.725655 ], [ 139.597991, 35.72555 ], [ 139.598292, 35.725521 ], [ 139.598666, 35.725496 ], [ 139.598667, 35.725496 ], [ 139.599299, 35.72547 ], [ 139.599544, 35.72546 ], [ 139.599581, 35.725233 ], [ 139.599025, 35.725187 ], [ 139.598438, 35.725089 ], [ 139.598031, 35.725021 ], [ 139.597513, 35.724978 ], [ 139.59741, 35.724969 ], [ 139.597155, 35.724924 ], [ 139.597013, 35.724902 ], [ 139.59624, 35.724781 ], [ 139.595972, 35.724725 ], [ 139.595599, 35.724634 ], [ 139.595446, 35.724596 ], [ 139.594728, 35.724405 ], [ 139.594318, 35.724304 ], [ 139.59403, 35.724222 ], [ 139.59396, 35.724202 ], [ 139.593805, 35.724158 ], [ 139.593351, 35.724028 ], [ 139.593183, 35.723976 ], [ 139.59297, 35.723903 ], [ 139.592827, 35.723851 ], [ 139.592441, 35.723722 ], [ 139.592085, 35.723621 ], [ 139.591911, 35.723556 ], [ 139.591558, 35.723424 ], [ 139.591461, 35.723395 ], [ 139.591468, 35.72335 ], [ 139.59115, 35.723023 ], [ 139.590994, 35.722906 ], [ 139.590875, 35.722838 ], [ 139.590609, 35.722761 ], [ 139.590404, 35.722697 ], [ 139.59003, 35.722504 ], [ 139.589806, 35.722435 ], [ 139.589677, 35.72242 ], [ 139.589453, 35.722396 ], [ 139.588807, 35.72235 ], [ 139.588277, 35.722303 ], [ 139.588062, 35.72227 ], [ 139.587704, 35.722159 ], [ 139.587496, 35.722082 ], [ 139.587321, 35.721886 ], [ 139.586177, 35.722243 ], [ 139.586192, 35.722522 ], [ 139.58619, 35.722858 ], [ 139.586159, 35.723152 ], [ 139.586087, 35.723538 ], [ 139.586079, 35.723657 ], [ 139.586049, 35.723793 ], [ 139.586038, 35.724018 ], [ 139.586006, 35.724405 ], [ 139.586008, 35.724676 ], [ 139.586019, 35.724951 ], [ 139.586036, 35.725135 ], [ 139.586066, 35.725439 ], [ 139.586096, 35.725737 ], [ 139.586095, 35.725741 ], [ 139.586121, 35.725962 ], [ 139.586136, 35.726166 ], [ 139.586157, 35.726258 ], [ 139.586138, 35.726382 ], [ 139.586093, 35.726814 ], [ 139.586301, 35.726814 ], [ 139.586743, 35.726774 ], [ 139.586984, 35.726753 ], [ 139.587476, 35.7267 ], [ 139.587716, 35.726683 ], [ 139.588067, 35.726637 ], [ 139.588463, 35.72661 ], [ 139.588642, 35.726588 ], [ 139.589032, 35.726558 ], [ 139.589491, 35.726514 ], [ 139.589838, 35.726488 ], [ 139.590203, 35.726446 ], [ 139.590582, 35.726411 ], [ 139.590769, 35.726403 ], [ 139.591223, 35.726383 ] ] ] } },
{ "type": "Feature", "properties": { "key": "練馬区|上石神井2丁目", "ward": "練馬区", "town": "上石神井２丁目" }, "geometry": { "type": "Polygon", "coordinates": [ [ [ 139.599504, 35.726366 ], [ 139.599547, 35.726017 ], [ 139.599556, 35.72554 ], [ 139.599544, 35.72546 ], [ 139.599299, 35.72547 ], [ 139.598667, 35.725496 ], [ 139.598666, 35.725496 ], [ 139.598292, 35.725521 ], [ 139.597991, 35.72555 ], [ 139.597191, 35.725655 ], [ 139.596377, 35.725768 ], [ 139.595785, 35.725862 ], [ 139.595172, 35.725954 ], [ 139.594541, 35.726057 ], [ 139.594232, 35.726129 ], [ 139.594086, 35.72617 ], [ 139.593848, 35.726207 ], [ 139.593101, 35.726275 ], [ 139.592816, 35.726282 ], [ 139.592206, 35.726341 ], [ 139.591828, 35.726387 ], [ 139.591544, 35.726404 ], [ 139.591376, 35.72639 ], [ 139.591384, 35.726529 ], [ 139.591385, 35.72663 ], [ 139.591337, 35.726909 ], [ 139.591347, 35.727075 ], [ 139.591343, 35.727475 ], [ 139.591299, 35.728054 ], [ 139.591308, 35.728211 ], [ 139.59133, 35.728357 ], [ 139.591338, 35.728523 ], [ 139.591365, 35.72872 ], [ 139.591394, 35.728938 ], [ 139.591392, 35.729024 ], [ 139.591396, 35.729289 ], [ 139.591419, 35.729392 ], [ 139.591491, 35.729948 ], [ 139.591498, 35.730009 ], [ 139.591523, 35.730254 ], [ 139.591729, 35.730176 ], [ 139.591904, 35.730088 ], [ 139.592102, 35.730017 ], [ 139.592304, 35.729962 ], [ 139.592525, 35.729917 ], [ 139.59308, 35.72986 ], [ 139.593242, 35.729844 ], [ 139.593695, 35.729824 ], [ 139.594212, 35.729785 ], [ 139.594738, 35.729746 ], [ 139.595247, 35.729712 ], [ 139.595503, 35.729701 ], [ 139.595976, 35.729671 ], [ 139.59646, 35.72964 ], [ 139.597106, 35.729599 ], [ 139.597499, 35.729574 ], [ 139.598009, 35.729542 ], [ 139.598498, 35.72951 ], [ 139.598674, 35.729499 ], [ 139.599473, 35.729449 ], [ 139.59946, 35.729103 ], [ 139.599454, 35.728781 ], [ 139.599443, 35.728297 ], [ 139.599449, 35.728065 ], [ 139.599424, 35.727487 ], [ 139.599417, 35.727221 ], [ 139.59942, 35.726907 ], [ 139.599462, 35.726749 ], [ 139.599504, 35.726366 ] ] ] } },
{ "type": "Feature", "properties": { "key": "練馬区|上石神井3丁目", "ward": "練馬区", "town": "上石神井３丁目" }, "geometry": { "type": "Polygon", "coordinates": [ [ [ 139.599775, 35.733129 ], [ 139.599765, 35.732972 ], [ 139.599671, 35.732391 ], [ 139.599625, 35.731888 ], [ 139.599613, 35.731762 ], [ 139.599529, 35.730902 ], [ 139.599517, 35.730599 ], [ 139.599516, 35.730569 ], [ 139.599501, 35.730197 ], [ 139.599473, 35.729449 ], [ 139.598674, 35.729499 ], [ 139.598498, 35.72951 ], [ 139.598009, 35.729542 ], [ 139.597499, 35.729574 ], [ 139.597106, 35.729599 ], [ 139.59646, 35.72964 ], [ 139.595976, 35.729671 ], [ 139.595503, 35.729701 ], [ 139.595247, 35.729712 ], [ 139.594738, 35.729746 ], [ 139.594212, 35.729785 ], [ 139.593695, 35.729824 ], [ 139.593242, 35.729844 ], [ 139.59308, 35.72986 ], [ 139.592525, 35.729917 ], [ 139.592304, 35.729962 ], [ 139.592102, 35.730017 ], [ 139.591904, 35.730088 ], [ 139.591729, 35.730176 ], [ 139.591523, 35.730254 ], [ 139.591114, 35.730456 ], [ 139.590752, 35.730634 ], [ 139.590635, 35.730692 ], [ 139.589612, 35.731249 ], [ 139.589959, 35.731657 ], [ 139.590149, 35.731896 ], [ 139.590371, 35.732156 ], [ 139.590537, 35.732352 ], [ 139.590692, 35.732533 ], [ 139.591137, 35.73307 ], [ 139.591346, 35.733288 ], [ 139.591473, 35.733378 ], [ 139.591583, 35.73343 ], [ 139.591843, 35.733484 ], [ 139.592145, 35.733494 ], [ 139.592377, 35.73349 ], [ 139.592528, 35.733488 ], [ 139.592892, 35.733487 ], [ 139.593472, 35.733485 ], [ 139.594546, 35.733481 ], [ 139.59499, 35.733481 ], [ 139.595605, 35.733473 ], [ 139.596339, 35.733478 ], [ 139.59639, 35.733497 ], [ 139.596845, 35.733671 ], [ 139.597333, 35.733858 ], [ 139.597541, 35.733937 ], [ 139.598308, 35.734244 ], [ 139.598811, 35.734446 ], [ 139.599065, 35.734546 ], [ 139.599757, 35.735205 ], [ 139.600001, 35.735425 ], [ 139.600026, 35.735456 ], [ 139.599943, 35.734729 ], [ 139.599922, 35.734506 ], [ 139.599887, 35.734145 ], [ 139.599838, 35.73377 ], [ 139.599813, 35.733587 ], [ 139.599775, 35.733129 ] ] ] } },
{ "type": "Feature", "properties": { "key": "練馬区|上石神井4丁目", "ward": "練馬区", "town": "上石神井４丁目" }, "geometry": { "type": "Polygon", "coordinates": [ [ [ 139.591343, 35.727475 ], [ 139.591347, 35.727075 ], [ 139.591337, 35.726909 ], [ 139.591385, 35.72663 ], [ 139.591384, 35.726529 ], [ 139.591376, 35.72639 ], [ 139.591223, 35.726383 ], [ 139.590769, 35.726403 ], [ 139.590582, 35.726411 ], [ 139.590203, 35.726446 ], [ 139.589838, 35.726488 ], [ 139.589491, 35.726514 ], [ 139.589032, 35.726558 ], [ 139.588642, 35.726588 ], [ 139.588463, 35.72661 ], [ 139.588067, 35.726637 ], [ 139.587716, 35.726683 ], [ 139.587476, 35.7267 ], [ 139.586984, 35.726753 ], [ 139.586743, 35.726774 ], [ 139.586301, 35.726814 ], [ 139.586093, 35.726814 ], [ 139.585566, 35.726867 ], [ 139.585089, 35.726914 ], [ 139.584479, 35.726967 ], [ 139.584459, 35.726969 ], [ 139.583825, 35.727029 ], [ 139.583769, 35.727035 ], [ 139.583761, 35.727057 ], [ 139.583757, 35.727306 ], [ 139.583747, 35.727615 ], [ 139.583731, 35.728031 ], [ 139.583295, 35.728011 ], [ 139.582862, 35.72799 ], [ 139.582434, 35.728074 ], [ 139.581971, 35.728158 ], [ 139.581983, 35.728371 ], [ 139.581995, 35.728519 ], [ 139.582028, 35.728919 ], [ 139.582061, 35.729436 ], [ 139.582108, 35.729933 ], [ 139.582128, 35.730324 ], [ 139.58324, 35.730457 ], [ 139.583979, 35.730541 ], [ 139.584683, 35.73063 ], [ 139.585022, 35.730667 ], [ 139.585785, 35.730752 ], [ 139.586186, 35.730797 ], [ 139.587337, 35.730928 ], [ 139.588045, 35.731008 ], [ 139.588329, 35.731046 ], [ 139.588962, 35.731121 ], [ 139.589373, 35.731173 ], [ 139.589515, 35.731198 ], [ 139.589612, 35.731249 ], [ 139.590635, 35.730692 ], [ 139.590752, 35.730634 ], [ 139.591114, 35.730456 ], [ 139.591523, 35.730254 ], [ 139.591498, 35.730009 ], [ 139.591491, 35.729948 ], [ 139.591419, 35.729392 ], [ 139.591396, 35.729289 ], [ 139.591392, 35.729024 ], [ 139.591394, 35.728938 ], [ 139.591365, 35.72872 ], [ 139.591338, 35.728523 ], [ 139.59133, 35.728357 ], [ 139.591308, 35.728211 ], [ 139.591299, 35.728054 ], [ 139.591343, 35.727475 ] ] ] } },
{ "type": "Feature", "properties": { "key": "練馬区|関町東1丁目", "ward": "練馬区", "town": "関町東１丁目" }, "geometry": { "type": "Polygon", "coordinates": [ [ [ 139.586177, 35.722243 ], [ 139.586147, 35.722253 ], [ 139.585429, 35.722503 ], [ 139.585243, 35.722568 ], [ 139.584902, 35.722665 ], [ 139.584847, 35.722681 ], [ 139.584591, 35.722773 ], [ 139.584557, 35.722788 ], [ 139.584317, 35.722876 ], [ 139.58394, 35.722976 ], [ 139.58355, 35.723051 ], [ 139.582827, 35.723146 ], [ 139.582186, 35.723199 ], [ 139.581662, 35.723259 ], [ 139.581609, 35.723265 ], [ 139.581514, 35.723568 ], [ 139.581349, 35.723929 ], [ 139.581275, 35.724042 ], [ 139.58112, 35.724174 ], [ 139.581004, 35.724279 ], [ 139.580908, 35.724397 ], [ 139.580859, 35.724546 ], [ 139.580808, 35.724658 ], [ 139.580581, 35.725269 ], [ 139.580413, 35.725701 ], [ 139.580372, 35.725838 ], [ 139.58029, 35.726173 ], [ 139.580199, 35.726488 ], [ 139.580092, 35.72692 ], [ 139.580044, 35.727091 ], [ 139.580036, 35.727117 ], [ 139.579971, 35.727345 ], [ 139.579964, 35.727369 ], [ 139.581917, 35.727217 ], [ 139.583761, 35.727057 ], [ 139.583769, 35.727035 ], [ 139.583825, 35.727029 ], [ 139.584459, 35.726969 ], [ 139.584479, 35.726967 ], [ 139.585089, 35.726914 ], [ 139.585566, 35.726867 ], [ 139.586093, 35.726814 ], [ 139.586138, 35.726382 ], [ 139.586157, 35.726258 ], [ 139.586136, 35.726166 ], [ 139.586121, 35.725962 ], [ 139.586095, 35.725741 ], [ 139.586096, 35.725737 ], [ 139.586066, 35.725439 ], [ 139.586036, 35.725135 ], [ 139.586019, 35.724951 ], [ 139.586008, 35.724676 ], [ 139.586006, 35.724405 ], [ 139.586038, 35.724018 ], [ 139.586049, 35.723793 ], [ 139.586079, 35.723657 ], [ 139.586087, 35.723538 ], [ 139.586159, 35.723152 ], [ 139.58619, 35.722858 ], [ 139.586192, 35.722522 ], [ 139.586177, 35.722243 ] ] ] } },
{ "type": "Feature", "properties": { "key": "練馬区|関町東2丁目", "ward": "練馬区", "town": "関町東２丁目" }, "geometry": { "type": "Polygon", "coordinates": [ [ [ 139.582862, 35.72799 ], [ 139.583295, 35.728011 ], [ 139.583731, 35.728031 ], [ 139.583747, 35.727615 ], [ 139.583757, 35.727306 ], [ 139.583761, 35.727057 ], [ 139.581917, 35.727217 ], [ 139.579964, 35.727369 ], [ 139.579971, 35.727345 ], [ 139.57917, 35.727416 ], [ 139.578169, 35.727504 ], [ 139.578095, 35.727702 ], [ 139.578021, 35.728003 ], [ 139.57794, 35.728349 ], [ 139.577892, 35.72856 ], [ 139.578148, 35.728636 ], [ 139.578804, 35.728788 ], [ 139.57881, 35.728789 ], [ 139.579281, 35.728905 ], [ 139.579698, 35.72899 ], [ 139.579987, 35.729047 ], [ 139.580268, 35.729197 ], [ 139.580486, 35.729372 ], [ 139.580545, 35.729429 ], [ 139.580755, 35.72972 ], [ 139.580888, 35.72996 ], [ 139.580927, 35.730036 ], [ 139.581101, 35.730164 ], [ 139.581242, 35.730215 ], [ 139.581543, 35.730254 ], [ 139.582128, 35.730324 ], [ 139.582108, 35.729933 ], [ 139.582061, 35.729436 ], [ 139.582028, 35.728919 ], [ 139.581995, 35.728519 ], [ 139.581983, 35.728371 ], [ 139.581971, 35.728158 ], [ 139.582434, 35.728074 ], [ 139.582862, 35.72799 ] ] ] } },
{ "type": "Feature", "properties": { "key": "練馬区|西大泉町", "ward": "練馬区", "town": "西大泉町" }, "geometry": { "type": "Polygon", "coordinates": [ [ [ 139.567099, 35.763593 ], [ 139.5671, 35.763591 ], [ 139.567191, 35.76363 ], [ 139.567326, 35.763394 ], [ 139.566745, 35.763159 ], [ 139.566605, 35.763396 ], [ 139.566681, 35.763426 ], [ 139.566643, 35.7635 ], [ 139.566724, 35.763534 ], [ 139.566768, 35.763464 ], [ 139.567014, 35.763553 ], [ 139.567099, 35.763593 ] ] ] } }
]
}
