{
"type": "FeatureCollection",
"name": "13122",
"crs": { "type": "name", "properties": { "name": "urn:ogc:def:crs:OGC:1.3:CRS84" } },
"features": [
{ "type": "Feature", "properties": { "key": "葛飾区|青戸1丁目", "ward": "葛飾区", "town": "青戸１丁目" }, "geometry": { "type": "Polygon", "coordinates": [ [ [ 139.857279, 35.741297 ], [ 139.857341, 35.741255 ], [ 139.857366, 35.741237 ], [ 139.85697, 35.740748 ], [ 139.856292, 35.741085 ], [ 139.856006, 35.741228 ], [ 139.855534, 35.741461 ], [ 139.855515, 35.74147 ], [ 139.855107, 35.74168 ], [ 139.85504, 35.741601 ], [ 139.854996, 35.741624 ], [ 139.854666, 35.741796 ], [ 139.854633, 35.741813 ], [ 139.854392, 35.741936 ], [ 139.85438, 35.741979 ], [ 139.854379, 35.742024 ], [ 139.854058, 35.742191 ], [ 139.853729, 35.74236 ], [ 139.853743, 35.742383 ], [ 139.854389, 35.743234 ], [ 139.854976, 35.744026 ], [ 139.855264, 35.744395 ], [ 139.855295, 35.744443 ], [ 139.855693, 35.744957 ], [ 139.856031, 35.745345 ], [ 139.856338, 35.745526 ], [ 139.856429, 35.745668 ], [ 139.856441, 35.745776 ], [ 139.856927, 35.744753 ], [ 139.857651, 35.744429 ], [ 139.857917, 35.74431 ], [ 139.857911, 35.744196 ], [ 139.858297, 35.744063 ], [ 139.858172, 35.74388 ], [ 139.858056, 35.743682 ], [ 139.857866, 35.743342 ], [ 139.857804, 35.743173 ], [ 139.857777, 35.742975 ], [ 139.857735, 35.742778 ], [ 139.857766, 35.742672 ], [ 139.857903, 35.742465 ], [ 139.857936, 35.742389 ], [ 139.858117, 35.742213 ], [ 139.85775, 35.741812 ], [ 139.857279, 35.741297 ] ] ] } },
{ "type": "Feature", "properties": { "key": "葛飾区|青戸2丁目", "ward": "葛飾区", "town": "青戸２丁目" }, "geometry": { "type": "Polygon", "coordinates": [ [ [ 139.858297, 35.744063 ], [ 139.857911, 35.744196 ], [ 139.857917, 35.74431 ], [ 139.857651, 35.744429 ], [ 139.856927, 35.744753 ], [ 139.856441, 35.745776 ], [ 139.856438, 35.745847 ], [ 139.85658, 35.746014 ], [ 139.856813, 35.746313 ], [ 139.856893, 35.746438 ], [ 139.857083, 35.746736 ], [ 139.857456, 35.747228 ], [ 139.85773, 35.747557 ], [ 139.858255, 35.748006 ], [ 139.858579, 35.748224 ], [ 139.858685, 35.748274 ], [ 139.859718, 35.748737 ], [ 139.860199, 35.748949 ], [ 139.860519, 35.749084 ], [ 139.860838, 35.749188 ], [ 139.861704, 35.749455 ], [ 139.861769, 35.749448 ], [ 139.861776, 35.749306 ], [ 139.862036, 35.748715 ], [ 139.862306, 35.748009 ], [ 139.862349, 35.747985 ], [ 139.862017, 35.746891 ], [ 139.861938, 35.746855 ], [ 139.861343, 35.7465 ], [ 139.860975, 35.746286 ], [ 139.860236, 35.745787 ], [ 139.860089, 35.745694 ], [ 139.859518, 35.745331 ], [ 139.859388, 35.745195 ], [ 139.859336, 35.74514 ], [ 139.859153, 35.745005 ], [ 139.858853, 35.744727 ], [ 139.858721, 35.744585 ], [ 139.85862, 35.74446 ], [ 139.858297, 35.744063 ] ] ] } },
{ "type": "Feature", "properties": { "key": "葛飾区|青戸3丁目", "ward": "葛飾区", "town": "青戸３丁目" }, "geometry": { "type": "Polygon", "coordinates": [ [ [ 139.854073, 35.746424 ], [ 139.854292, 35.746465 ], [ 139.854766, 35.746559 ], [ 139.855007, 35.746739 ], [ 139.855033, 35.746782 ], [ 139.855329, 35.746997 ], [ 139.855339, 35.746995 ], [ 139.855351, 35.746993 ], [ 139.85604, 35.747114 ], [ 139.856266, 35.74715 ], [ 139.856297, 35.747143 ], [ 139.856338, 35.747133 ], [ 139.856463, 35.747047 ], [ 139.856603, 35.746977 ], [ 139.856824, 35.746866 ], [ 139.857083, 35.746736 ], [ 139.856893, 35.746438 ], [ 139.856813, 35.746313 ], [ 139.85658, 35.746014 ], [ 139.856438, 35.745847 ], [ 139.856441, 35.745776 ], [ 139.856429, 35.745668 ], [ 139.856338, 35.745526 ], [ 139.856031, 35.745345 ], [ 139.855693, 35.744957 ], [ 139.855295, 35.744443 ], [ 139.85516, 35.744526 ], [ 139.855243, 35.744671 ], [ 139.854968, 35.744526 ], [ 139.854567, 35.744385 ], [ 139.854278, 35.744341 ], [ 139.854045, 35.74432 ], [ 139.853466, 35.744337 ], [ 139.85312, 35.744398 ], [ 139.853016, 35.744416 ], [ 139.85268, 35.744528 ], [ 139.852268, 35.744697 ], [ 139.85151, 35.745003 ], [ 139.850433, 35.745401 ], [ 139.850348, 35.745433 ], [ 139.849936, 35.745618 ], [ 139.849548, 35.745761 ], [ 139.849431, 35.745796 ], [ 139.84922, 35.745859 ], [ 139.849153, 35.745879 ], [ 139.848736, 35.746004 ], [ 139.848456, 35.74607 ], [ 139.847797, 35.746226 ], [ 139.84766, 35.746259 ], [ 139.847406, 35.746308 ], [ 139.846607, 35.746465 ], [ 139.845821, 35.74663 ], [ 139.845965, 35.746827 ], [ 139.845993, 35.746866 ], [ 139.846273, 35.747248 ], [ 139.846369, 35.747374 ], [ 139.846648, 35.74742 ], [ 139.847021, 35.74747 ], [ 139.847561, 35.747544 ], [ 139.848096, 35.747621 ], [ 139.848329, 35.747652 ], [ 139.848826, 35.747723 ], [ 139.849283, 35.747788 ], [ 139.849529, 35.747822 ], [ 139.849611, 35.74784 ], [ 139.849671, 35.747848 ], [ 139.850077, 35.747904 ], [ 139.850319, 35.747931 ], [ 139.850686, 35.747983 ], [ 139.851261, 35.748065 ], [ 139.851847, 35.748156 ], [ 139.851889, 35.748163 ], [ 139.852135, 35.748201 ], [ 139.852454, 35.74825 ], [ 139.85319, 35.748363 ], [ 139.853373, 35.747735 ], [ 139.853483, 35.747336 ], [ 139.85355, 35.747132 ], [ 139.853605, 35.747016 ], [ 139.853668, 35.746882 ], [ 139.853714, 35.746791 ], [ 139.85374, 35.746741 ], [ 139.85397, 35.74643 ], [ 139.854073, 35.746424 ] ] ] } },
{ "type": "Feature", "properties": { "key": "葛飾区|青戸4丁目", "ward": "葛飾区", "town": "青戸４丁目" }, "geometry": { "type": "Polygon", "coordinates": [ [ [ 139.852501, 35.750755 ], [ 139.852651, 35.750201 ], [ 139.852667, 35.750142 ], [ 139.85288, 35.749419 ], [ 139.852952, 35.749173 ], [ 139.853044, 35.748855 ], [ 139.85319, 35.748363 ], [ 139.852454, 35.74825 ], [ 139.852135, 35.748201 ], [ 139.851889, 35.748163 ], [ 139.851847, 35.748156 ], [ 139.851261, 35.748065 ], [ 139.850686, 35.747983 ], [ 139.850319, 35.747931 ], [ 139.850077, 35.747904 ], [ 139.849671, 35.747848 ], [ 139.849611, 35.74784 ], [ 139.849529, 35.747822 ], [ 139.849283, 35.747788 ], [ 139.848826, 35.747723 ], [ 139.848329, 35.747652 ], [ 139.848096, 35.747621 ], [ 139.847561, 35.747544 ], [ 139.847021, 35.74747 ], [ 139.846648, 35.74742 ], [ 139.846369, 35.747374 ], [ 139.847209, 35.74846 ], [ 139.847154, 35.748487 ], [ 139.847843, 35.749405 ], [ 139.847904, 35.749518 ], [ 139.847996, 35.749689 ], [ 139.848103, 35.749829 ], [ 139.848475, 35.750138 ], [ 139.848505, 35.750352 ], [ 139.849017, 35.751019 ], [ 139.849098, 35.750972 ], [ 139.850059, 35.752128 ], [ 139.850439, 35.752575 ], [ 139.851121, 35.753365 ], [ 139.851126, 35.753371 ], [ 139.851421, 35.753074 ], [ 139.8519, 35.752593 ], [ 139.851973, 35.752548 ], [ 139.852109, 35.752108 ], [ 139.85226, 35.751623 ], [ 139.852268, 35.751569 ], [ 139.85238, 35.7512 ], [ 139.852501, 35.750755 ] ] ] } },
{ "type": "Feature", "properties": { "key": "葛飾区|青戸5丁目", "ward": "葛飾区", "town": "青戸５丁目" }, "geometry": { "type": "Polygon", "coordinates": [ [ [ 139.856338, 35.747133 ], [ 139.856297, 35.747143 ], [ 139.856266, 35.74715 ], [ 139.85604, 35.747114 ], [ 139.855351, 35.746993 ], [ 139.855339, 35.746995 ], [ 139.855329, 35.746997 ], [ 139.855033, 35.746782 ], [ 139.855007, 35.746739 ], [ 139.854766, 35.746559 ], [ 139.854292, 35.746465 ], [ 139.854073, 35.746424 ], [ 139.85397, 35.74643 ], [ 139.85374, 35.746741 ], [ 139.853714, 35.746791 ], [ 139.853668, 35.746882 ], [ 139.853605, 35.747016 ], [ 139.85355, 35.747132 ], [ 139.853483, 35.747336 ], [ 139.853373, 35.747735 ], [ 139.85319, 35.748363 ], [ 139.853044, 35.748855 ], [ 139.852952, 35.749173 ], [ 139.85288, 35.749419 ], [ 139.852667, 35.750142 ], [ 139.852651, 35.750201 ], [ 139.852501, 35.750755 ], [ 139.85238, 35.7512 ], [ 139.852268, 35.751569 ], [ 139.85226, 35.751623 ], [ 139.852844, 35.751932 ], [ 139.853566, 35.752171 ], [ 139.853932, 35.752293 ], [ 139.854289, 35.752413 ], [ 139.854892, 35.752621 ], [ 139.854942, 35.752637 ], [ 139.854972, 35.752587 ], [ 139.855046, 35.752203 ], [ 139.85507, 35.75211 ], [ 139.855075, 35.75187 ], [ 139.855076, 35.751813 ], [ 139.855073, 35.751548 ], [ 139.855068, 35.751209 ], [ 139.855092, 35.751082 ], [ 139.855176, 35.750926 ], [ 139.855312, 35.750751 ], [ 139.855328, 35.75071 ], [ 139.85534, 35.750683 ], [ 139.855449, 35.750443 ], [ 139.855607, 35.750166 ], [ 139.855651, 35.750088 ], [ 139.855886, 35.749706 ], [ 139.856028, 35.749478 ], [ 139.856137, 35.749275 ], [ 139.85618, 35.749196 ], [ 139.856321, 35.748825 ], [ 139.856369, 35.748271 ], [ 139.856386, 35.748162 ], [ 139.856401, 35.747772 ], [ 139.85641, 35.74772 ], [ 139.856464, 35.747521 ], [ 139.85651, 35.747279 ], [ 139.856338, 35.747133 ] ] ] } },
{ "type": "Feature", "properties": { "key": "葛飾区|青戸6丁目", "ward": "葛飾区", "town": "青戸６丁目" }, "geometry": { "type": "Polygon", "coordinates": [ [ [ 139.857083, 35.746736 ], [ 139.856824, 35.746866 ], [ 139.856603, 35.746977 ], [ 139.856463, 35.747047 ], [ 139.856338, 35.747133 ], [ 139.85651, 35.747279 ], [ 139.856464, 35.747521 ], [ 139.85641, 35.74772 ], [ 139.856401, 35.747772 ], [ 139.856386, 35.748162 ], [ 139.856369, 35.748271 ], [ 139.856321, 35.748825 ], [ 139.85618, 35.749196 ], [ 139.856137, 35.749275 ], [ 139.856028, 35.749478 ], [ 139.855886, 35.749706 ], [ 139.855651, 35.750088 ], [ 139.855607, 35.750166 ], [ 139.855449, 35.750443 ], [ 139.85534, 35.750683 ], [ 139.855328, 35.75071 ], [ 139.855312, 35.750751 ], [ 139.855176, 35.750926 ], [ 139.855092, 35.751082 ], [ 139.855068, 35.751209 ], [ 139.855073, 35.751548 ], [ 139.855076, 35.751813 ], [ 139.855075, 35.75187 ], [ 139.85507, 35.75211 ], [ 139.855046, 35.752203 ], [ 139.854972, 35.752587 ], [ 139.854942, 35.752637 ], [ 139.855198, 35.752719 ], [ 139.855427, 35.75277 ], [ 139.85556, 35.752799 ], [ 139.856043, 35.75293 ], [ 139.856521, 35.753072 ], [ 139.856903, 35.753186 ], [ 139.856916, 35.753189 ], [ 139.857442, 35.753347 ], [ 139.857514, 35.753408 ], [ 139.857546, 35.75344 ], [ 139.857612, 35.753497 ], [ 139.85779, 35.753555 ], [ 139.858162, 35.753659 ], [ 139.858232, 35.753678 ], [ 139.859078, 35.753848 ], [ 139.859084, 35.753827 ], [ 139.859277, 35.753459 ], [ 139.859877, 35.752509 ], [ 139.860359, 35.751752 ], [ 139.860644, 35.751234 ], [ 139.861093, 35.750508 ], [ 139.861704, 35.749455 ], [ 139.860838, 35.749188 ], [ 139.860519, 35.749084 ], [ 139.860199, 35.748949 ], [ 139.859718, 35.748737 ], [ 139.858685, 35.748274 ], [ 139.858579, 35.748224 ], [ 139.858255, 35.748006 ], [ 139.85773, 35.747557 ], [ 139.857456, 35.747228 ], [ 139.857083, 35.746736 ] ] ] } },
{ "type": "Feature", "properties": { "key": "葛飾区|青戸7丁目", "ward": "葛飾区", "town": "青戸７丁目" }, "geometry": { "type": "Polygon", "coordinates": [ [ [ 139.85226, 35.751623 ], [ 139.852109, 35.752108 ], [ 139.851973, 35.752548 ], [ 139.8519, 35.752593 ], [ 139.851421, 35.753074 ], [ 139.851126, 35.753371 ], [ 139.85116, 35.753385 ], [ 139.851666, 35.753975 ], [ 139.8522, 35.754571 ], [ 139.852232, 35.754615 ], [ 139.85266, 35.755102 ], [ 139.852964, 35.755448 ], [ 139.853331, 35.755865 ], [ 139.853422, 35.755974 ], [ 139.853613, 35.756181 ], [ 139.854365, 35.757025 ], [ 139.854503, 35.757193 ], [ 139.85457, 35.757243 ], [ 139.854699, 35.757338 ], [ 139.854761, 35.757383 ], [ 139.855044, 35.757589 ], [ 139.855177, 35.75768 ], [ 139.855313, 35.757757 ], [ 139.855797, 35.758034 ], [ 139.856046, 35.758176 ], [ 139.856773, 35.758596 ], [ 139.857141, 35.758227 ], [ 139.857745, 35.757561 ], [ 139.857842, 35.757427 ], [ 139.858246, 35.756875 ], [ 139.8585, 35.756491 ], [ 139.858588, 35.756346 ], [ 139.858629, 35.756223 ], [ 139.858699, 35.755853 ], [ 139.858741, 35.755574 ], [ 139.858816, 35.755063 ], [ 139.858844, 35.754845 ], [ 139.858884, 35.754564 ], [ 139.858938, 35.754371 ], [ 139.859033, 35.754028 ], [ 139.859078, 35.753848 ], [ 139.858232, 35.753678 ], [ 139.858162, 35.753659 ], [ 139.85779, 35.753555 ], [ 139.857612, 35.753497 ], [ 139.857546, 35.75344 ], [ 139.857514, 35.753408 ], [ 139.857442, 35.753347 ], [ 139.856916, 35.753189 ], [ 139.856903, 35.753186 ], [ 139.856521, 35.753072 ], [ 139.856043, 35.75293 ], [ 139.85556, 35.752799 ], [ 139.855427, 35.75277 ], [ 139.855198, 35.752719 ], [ 139.854942, 35.752637 ], [ 139.854892, 35.752621 ], [ 139.854289, 35.752413 ], [ 139.853932, 35.752293 ], [ 139.853566, 35.752171 ], [ 139.852844, 35.751932 ], [ 139.85226, 35.751623 ] ] ] } },
{ "type": "Feature", "properties": { "key": "葛飾区|青戸8丁目", "ward": "葛飾区", "town": "青戸８丁目" }, "geometry": { "type": "Polygon", "coordinates": [ [ [ 139.851121, 35.753365 ], [ 139.8508, 35.75392 ], [ 139.850767, 35.753973 ], [ 139.850474, 35.754452 ], [ 139.85025, 35.754816 ], [ 139.849955, 35.755294 ], [ 139.849603, 35.755878 ], [ 139.8496, 35.755883 ], [ 139.849446, 35.75613 ], [ 139.849444, 35.756134 ], [ 139.849331, 35.756309 ], [ 139.849466, 35.756422 ], [ 139.849741, 35.756643 ], [ 139.850099, 35.756931 ], [ 139.850121, 35.756949 ], [ 139.850396, 35.757169 ], [ 139.850427, 35.757195 ], [ 139.850741, 35.757461 ], [ 139.850768, 35.757485 ], [ 139.8509, 35.757598 ], [ 139.850992, 35.757699 ], [ 139.851137, 35.757894 ], [ 139.851488, 35.75848 ], [ 139.851492, 35.758487 ], [ 139.851574, 35.758618 ], [ 139.851764, 35.759021 ], [ 139.851738, 35.759035 ], [ 139.852028, 35.759453 ], [ 139.852047, 35.759512 ], [ 139.852101, 35.75972 ], [ 139.852166, 35.759795 ], [ 139.852263, 35.759873 ], [ 139.852308, 35.759906 ], [ 139.852493, 35.759911 ], [ 139.852521, 35.759914 ], [ 139.853023, 35.759966 ], [ 139.853213, 35.759985 ], [ 139.854029, 35.760069 ], [ 139.854708, 35.760139 ], [ 139.854765, 35.760033 ], [ 139.855215, 35.759746 ], [ 139.855595, 35.759566 ], [ 139.85571, 35.759501 ], [ 139.85591, 35.759374 ], [ 139.856766, 35.758602 ], [ 139.856773, 35.758596 ], [ 139.856046, 35.758176 ], [ 139.855797, 35.758034 ], [ 139.855313, 35.757757 ], [ 139.855177, 35.75768 ], [ 139.855044, 35.757589 ], [ 139.854761, 35.757383 ], [ 139.854699, 35.757338 ], [ 139.85457, 35.757243 ], [ 139.854503, 35.757193 ], [ 139.854365, 35.757025 ], [ 139.853613, 35.756181 ], [ 139.853422, 35.755974 ], [ 139.853331, 35.755865 ], [ 139.852964, 35.755448 ], [ 139.85266, 35.755102 ], [ 139.852232, 35.754615 ], [ 139.8522, 35.754571 ], [ 139.851666, 35.753975 ], [ 139.85116, 35.753385 ], [ 139.851126, 35.753371 ], [ 139.851121, 35.753365 ] ] ] } },
{ "type": "Feature", "properties": { "key": "葛飾区|奥戸1丁目", "ward": "葛飾区", "town": "奥戸１丁目" }, "geometry": { "type": "Polygon", "coordinates": [ [ [ 139.858786, 35.732447 ], [ 139.859181, 35.731449 ], [ 139.859185, 35.731413 ], [ 139.859469, 35.731244 ], [ 139.859311, 35.730593 ], [ 139.859227, 35.730275 ], [ 139.859141, 35.729965 ], [ 139.859055, 35.72964 ], [ 139.85897, 35.729297 ], [ 139.858836, 35.728747 ], [ 139.85878, 35.728515 ], [ 139.85862, 35.728295 ], [ 139.858508, 35.728133 ], [ 139.857709, 35.728561 ], [ 139.857318, 35.728753 ], [ 139.857109, 35.728785 ], [ 139.856901, 35.728833 ], [ 139.856512, 35.72882 ], [ 139.856313, 35.728846 ], [ 139.855941, 35.728916 ], [ 139.855387, 35.728989 ], [ 139.855293, 35.728665 ], [ 139.855278, 35.728659 ], [ 139.854816, 35.72849 ], [ 139.854684, 35.72847 ], [ 139.854563, 35.728431 ], [ 139.853691, 35.72813 ], [ 139.853668, 35.728122 ], [ 139.853179, 35.728135 ], [ 139.852617, 35.728151 ], [ 139.852617, 35.728137 ], [ 139.852002, 35.728261 ], [ 139.851186, 35.728424 ], [ 139.851122, 35.728437 ], [ 139.8506, 35.728613 ], [ 139.84964, 35.728841 ], [ 139.849554, 35.728863 ], [ 139.849708, 35.729219 ], [ 139.849788, 35.729339 ], [ 139.849918, 35.729473 ], [ 139.849998, 35.729539 ], [ 139.850181, 35.729644 ], [ 139.850399, 35.729759 ], [ 139.850706, 35.729884 ], [ 139.85098, 35.729997 ], [ 139.851362, 35.730073 ], [ 139.851734, 35.730203 ], [ 139.852064, 35.730313 ], [ 139.852271, 35.730355 ], [ 139.852586, 35.730384 ], [ 139.852979, 35.730402 ], [ 139.853094, 35.730372 ], [ 139.853287, 35.730331 ], [ 139.853495, 35.730302 ], [ 139.853688, 35.730273 ], [ 139.854068, 35.730255 ], [ 139.854204, 35.730255 ], [ 139.854354, 35.730238 ], [ 139.854669, 35.730249 ], [ 139.854798, 35.730284 ], [ 139.854941, 35.730383 ], [ 139.855077, 35.730576 ], [ 139.855173, 35.730746 ], [ 139.855251, 35.730876 ], [ 139.855354, 35.731024 ], [ 139.855411, 35.731208 ], [ 139.855431, 35.731376 ], [ 139.855436, 35.731652 ], [ 139.855398, 35.731805 ], [ 139.855349, 35.731946 ], [ 139.855197, 35.732191 ], [ 139.855088, 35.732337 ], [ 139.855037, 35.732384 ], [ 139.854968, 35.732474 ], [ 139.854661, 35.732796 ], [ 139.854974, 35.732817 ], [ 139.855489, 35.732805 ], [ 139.855783, 35.732948 ], [ 139.856118, 35.733099 ], [ 139.856784, 35.733397 ], [ 139.857396, 35.733624 ], [ 139.858224, 35.733918 ], [ 139.858323, 35.733665 ], [ 139.858572, 35.733024 ], [ 139.858636, 35.732855 ], [ 139.858786, 35.732447 ] ] ] } },
{ "type": "Feature", "properties": { "key": "葛飾区|奥戸2丁目", "ward": "葛飾区", "town": "奥戸２丁目" }, "geometry": { "type": "Polygon", "coordinates": [ [ [ 139.855566, 35.738306 ], [ 139.856026, 35.73827 ], [ 139.856664, 35.738158 ], [ 139.856856, 35.73812 ], [ 139.857003, 35.738103 ], [ 139.85717, 35.738029 ], [ 139.857345, 35.737956 ], [ 139.857738, 35.737761 ], [ 139.858261, 35.737534 ], [ 139.858455, 35.73747 ], [ 139.858699, 35.737393 ], [ 139.858858, 35.737355 ], [ 139.858973, 35.737341 ], [ 139.859149, 35.737294 ], [ 139.859346, 35.737281 ], [ 139.859367, 35.736857 ], [ 139.859624, 35.7368 ], [ 139.861222, 35.73677 ], [ 139.862552, 35.736006 ], [ 139.863032, 35.735968 ], [ 139.863103, 35.735939 ], [ 139.863104, 35.735772 ], [ 139.863046, 35.735462 ], [ 139.862941, 35.735278 ], [ 139.862864, 35.735141 ], [ 139.862618, 35.734878 ], [ 139.862577, 35.734835 ], [ 139.862031, 35.734281 ], [ 139.861309, 35.733561 ], [ 139.860735, 35.733006 ], [ 139.860417, 35.732688 ], [ 139.860279, 35.732596 ], [ 139.859918, 35.732238 ], [ 139.859786, 35.732057 ], [ 139.859181, 35.731449 ], [ 139.858786, 35.732447 ], [ 139.858636, 35.732855 ], [ 139.858572, 35.733024 ], [ 139.858323, 35.733665 ], [ 139.858224, 35.733918 ], [ 139.857396, 35.733624 ], [ 139.856784, 35.733397 ], [ 139.856118, 35.733099 ], [ 139.855783, 35.732948 ], [ 139.855489, 35.732805 ], [ 139.854974, 35.732817 ], [ 139.854661, 35.732796 ], [ 139.854457, 35.733043 ], [ 139.854263, 35.733297 ], [ 139.854141, 35.733498 ], [ 139.854044, 35.733629 ], [ 139.853927, 35.733744 ], [ 139.853609, 35.733946 ], [ 139.853183, 35.734197 ], [ 139.852906, 35.734408 ], [ 139.852735, 35.734572 ], [ 139.852616, 35.734713 ], [ 139.852509, 35.734887 ], [ 139.852439, 35.735047 ], [ 139.852419, 35.73519 ], [ 139.852393, 35.735507 ], [ 139.85237, 35.735678 ], [ 139.85238, 35.735917 ], [ 139.852445, 35.736457 ], [ 139.852505, 35.736732 ], [ 139.852608, 35.737021 ], [ 139.852724, 35.737347 ], [ 139.853039, 35.737208 ], [ 139.853171, 35.737402 ], [ 139.853271, 35.737523 ], [ 139.853387, 35.737656 ], [ 139.853557, 35.737813 ], [ 139.853759, 35.737927 ], [ 139.85417, 35.738076 ], [ 139.854302, 35.738123 ], [ 139.85437, 35.738164 ], [ 139.854638, 35.738269 ], [ 139.854801, 35.738311 ], [ 139.855159, 35.738308 ], [ 139.855433, 35.738315 ], [ 139.855566, 35.738306 ] ] ] } },
{ "type": "Feature", "properties": { "key": "葛飾区|奥戸3丁目", "ward": "葛飾区", "town": "奥戸３丁目" }, "geometry": { "type": "Polygon", "coordinates": [ [ [ 139.86208, 35.728756 ], [ 139.861378, 35.728865 ], [ 139.861043, 35.728925 ], [ 139.860362, 35.729047 ], [ 139.859947, 35.729112 ], [ 139.859745, 35.729144 ], [ 139.859573, 35.729178 ], [ 139.85897, 35.729297 ], [ 139.859055, 35.72964 ], [ 139.859141, 35.729965 ], [ 139.859227, 35.730275 ], [ 139.859311, 35.730593 ], [ 139.859469, 35.731244 ], [ 139.859185, 35.731413 ], [ 139.859181, 35.731449 ], [ 139.859786, 35.732057 ], [ 139.859918, 35.732238 ], [ 139.860279, 35.732596 ], [ 139.860417, 35.732688 ], [ 139.860735, 35.733006 ], [ 139.861309, 35.733561 ], [ 139.862031, 35.734281 ], [ 139.862577, 35.734835 ], [ 139.863512, 35.734675 ], [ 139.864122, 35.734574 ], [ 139.864924, 35.734495 ], [ 139.864812, 35.733915 ], [ 139.864729, 35.733529 ], [ 139.864703, 35.733047 ], [ 139.864611, 35.732794 ], [ 139.864438, 35.732517 ], [ 139.864163, 35.732074 ], [ 139.864147, 35.732045 ], [ 139.863799, 35.731456 ], [ 139.863442, 35.730844 ], [ 139.863249, 35.730496 ], [ 139.863217, 35.73043 ], [ 139.863196, 35.730396 ], [ 139.862935, 35.729975 ], [ 139.862918, 35.72995 ], [ 139.862461, 35.729307 ], [ 139.862258, 35.729015 ], [ 139.862163, 35.728877 ], [ 139.86208, 35.728756 ] ] ] } },
{ "type": "Feature", "properties": { "key": "葛飾区|奥戸4丁目", "ward": "葛飾区", "town": "奥戸４丁目" }, "geometry": { "type": "Polygon", "coordinates": [ [ [ 139.865028, 35.729874 ], [ 139.86506, 35.729897 ], [ 139.865113, 35.729657 ], [ 139.866009, 35.729827 ], [ 139.866427, 35.729906 ], [ 139.866869, 35.72999 ], [ 139.867715, 35.730152 ], [ 139.868554, 35.730312 ], [ 139.868926, 35.730379 ], [ 139.869522, 35.7294 ], [ 139.87003, 35.728592 ], [ 139.870037, 35.728562 ], [ 139.870104, 35.728262 ], [ 139.869307, 35.727729 ], [ 139.86894, 35.727479 ], [ 139.868639, 35.72726 ], [ 139.868551, 35.727202 ], [ 139.868262, 35.727009 ], [ 139.867897, 35.72676 ], [ 139.867787, 35.726685 ], [ 139.867215, 35.726299 ], [ 139.867048, 35.726182 ], [ 139.866734, 35.725963 ], [ 139.866651, 35.725904 ], [ 139.86657, 35.725848 ], [ 139.866177, 35.725573 ], [ 139.865475, 35.726232 ], [ 139.865119, 35.726567 ], [ 139.865102, 35.726631 ], [ 139.864915, 35.727293 ], [ 139.864862, 35.72732 ], [ 139.864804, 35.72735 ], [ 139.864606, 35.72731 ], [ 139.864547, 35.727268 ], [ 139.864359, 35.727234 ], [ 139.864269, 35.727216 ], [ 139.864271, 35.72726 ], [ 139.864274, 35.727339 ], [ 139.864028, 35.727433 ], [ 139.863917, 35.727319 ], [ 139.863894, 35.727276 ], [ 139.86391, 35.727243 ], [ 139.863875, 35.727247 ], [ 139.863955, 35.727121 ], [ 139.863942, 35.726998 ], [ 139.86377, 35.726836 ], [ 139.86367, 35.726739 ], [ 139.863104, 35.72725 ], [ 139.862864, 35.727383 ], [ 139.86258, 35.727571 ], [ 139.862571, 35.727574 ], [ 139.862487, 35.72761 ], [ 139.862366, 35.727626 ], [ 139.862186, 35.727615 ], [ 139.862105, 35.727766 ], [ 139.862045, 35.727852 ], [ 139.861632, 35.727996 ], [ 139.861663, 35.728051 ], [ 139.861926, 35.728468 ], [ 139.86208, 35.728756 ], [ 139.862163, 35.728877 ], [ 139.862258, 35.729015 ], [ 139.862461, 35.729307 ], [ 139.862918, 35.72995 ], [ 139.862935, 35.729975 ], [ 139.863196, 35.730396 ], [ 139.863217, 35.73043 ], [ 139.863249, 35.730496 ], [ 139.863442, 35.730844 ], [ 139.864849, 35.730622 ], [ 139.864944, 35.73023 ], [ 139.864959, 35.730168 ], [ 139.865028, 35.729874 ] ] ] } },
{ "type": "Feature", "properties": { "key": "葛飾区|奥戸5丁目", "ward": "葛飾区", "town": "奥戸５丁目" }, "geometry": { "type": "Polygon", "coordinates": [ [ [ 139.866009, 35.729827 ], [ 139.865113, 35.729657 ], [ 139.86506, 35.729897 ], [ 139.865028, 35.729874 ], [ 139.864959, 35.730168 ], [ 139.864944, 35.73023 ], [ 139.864849, 35.730622 ], [ 139.863442, 35.730844 ], [ 139.863799, 35.731456 ], [ 139.864147, 35.732045 ], [ 139.864163, 35.732074 ], [ 139.864438, 35.732517 ], [ 139.864611, 35.732794 ], [ 139.864703, 35.733047 ], [ 139.864729, 35.733529 ], [ 139.864812, 35.733915 ], [ 139.864924, 35.734495 ], [ 139.865518, 35.734422 ], [ 139.866572, 35.734311 ], [ 139.866639, 35.734174 ], [ 139.866996, 35.733593 ], [ 139.86761, 35.732609 ], [ 139.86763, 35.732577 ], [ 139.867712, 35.732377 ], [ 139.868071, 35.731796 ], [ 139.868083, 35.731766 ], [ 139.868282, 35.731455 ], [ 139.86849, 35.731123 ], [ 139.868517, 35.731089 ], [ 139.868916, 35.730408 ], [ 139.868926, 35.730379 ], [ 139.868554, 35.730312 ], [ 139.867715, 35.730152 ], [ 139.866869, 35.72999 ], [ 139.866427, 35.729906 ], [ 139.866009, 35.729827 ] ] ] } },
{ "type": "Feature", "properties": { "key": "葛飾区|奥戸6丁目", "ward": "葛飾区", "town": "奥戸６丁目" }, "geometry": { "type": "Polygon", "coordinates": [ [ [ 139.868713, 35.734057 ], [ 139.870687, 35.734168 ], [ 139.87116, 35.733535 ], [ 139.871584, 35.732968 ], [ 139.871767, 35.732822 ], [ 139.872139, 35.732815 ], [ 139.87207, 35.732593 ], [ 139.872007, 35.732396 ], [ 139.87192, 35.732164 ], [ 139.871923, 35.73181 ], [ 139.871801, 35.730906 ], [ 139.871761, 35.730542 ], [ 139.871749, 35.730316 ], [ 139.871768, 35.730099 ], [ 139.871785, 35.729863 ], [ 139.871736, 35.72964 ], [ 139.871674, 35.729387 ], [ 139.871661, 35.729369 ], [ 139.871609, 35.729299 ], [ 139.871392, 35.729206 ], [ 139.871234, 35.72911 ], [ 139.871027, 35.729065 ], [ 139.870993, 35.729057 ], [ 139.870512, 35.728987 ], [ 139.870459, 35.729136 ], [ 139.870115, 35.729081 ], [ 139.870144, 35.728934 ], [ 139.869947, 35.728905 ], [ 139.87003, 35.728592 ], [ 139.869522, 35.7294 ], [ 139.868926, 35.730379 ], [ 139.868916, 35.730408 ], [ 139.868517, 35.731089 ], [ 139.86849, 35.731123 ], [ 139.868282, 35.731455 ], [ 139.868083, 35.731766 ], [ 139.868071, 35.731796 ], [ 139.867712, 35.732377 ], [ 139.86763, 35.732577 ], [ 139.86761, 35.732609 ], [ 139.866996, 35.733593 ], [ 139.866639, 35.734174 ], [ 139.866572, 35.734311 ], [ 139.867223, 35.734245 ], [ 139.867738, 35.734188 ], [ 139.868469, 35.734117 ], [ 139.868713, 35.734057 ] ] ] } },
{ "type": "Feature", "properties": { "key": "葛飾区|奥戸7丁目", "ward": "葛飾区", "town": "奥戸７丁目" }, "geometry": { "type": "Polygon", "coordinates": [ [ [ 139.865267, 35.736124 ], [ 139.865438, 35.736169 ], [ 139.865843, 35.735516 ], [ 139.865924, 35.73537 ], [ 139.866117, 35.735036 ], [ 139.866281, 35.73479 ], [ 139.866572, 35.734311 ], [ 139.865518, 35.734422 ], [ 139.864924, 35.734495 ], [ 139.864122, 35.734574 ], [ 139.863512, 35.734675 ], [ 139.862577, 35.734835 ], [ 139.862618, 35.734878 ], [ 139.862864, 35.735141 ], [ 139.862941, 35.735278 ], [ 139.863046, 35.735462 ], [ 139.863104, 35.735772 ], [ 139.863103, 35.735939 ], [ 139.863032, 35.735968 ], [ 139.862552, 35.736006 ], [ 139.861222, 35.73677 ], [ 139.859624, 35.7368 ], [ 139.859367, 35.736857 ], [ 139.859346, 35.737281 ], [ 139.859466, 35.73731 ], [ 139.859762, 35.737472 ], [ 139.859903, 35.737577 ], [ 139.860074, 35.737776 ], [ 139.860136, 35.737929 ], [ 139.860156, 35.738099 ], [ 139.860155, 35.738256 ], [ 139.860171, 35.738469 ], [ 139.860034, 35.739143 ], [ 139.86, 35.739394 ], [ 139.861085, 35.739465 ], [ 139.861436, 35.739579 ], [ 139.862765, 35.74003 ], [ 139.862891, 35.740014 ], [ 139.863105, 35.739988 ], [ 139.863592, 35.739162 ], [ 139.863893, 35.738649 ], [ 139.864432, 35.737731 ], [ 139.864937, 35.73687 ], [ 139.864817, 35.736822 ], [ 139.864846, 35.736819 ], [ 139.865267, 35.736124 ] ] ] } },
{ "type": "Feature", "properties": { "key": "葛飾区|奥戸8丁目", "ward": "葛飾区", "town": "奥戸８丁目" }, "geometry": { "type": "Polygon", "coordinates": [ [ [ 139.864728, 35.738964 ], [ 139.86533, 35.739164 ], [ 139.865466, 35.739202 ], [ 139.866714, 35.73955 ], [ 139.867452, 35.738495 ], [ 139.867537, 35.738373 ], [ 139.867875, 35.737877 ], [ 139.867902, 35.737847 ], [ 139.868235, 35.737392 ], [ 139.868269, 35.737351 ], [ 139.868588, 35.73692 ], [ 139.86879, 35.736641 ], [ 139.86889, 35.736503 ], [ 139.869157, 35.736151 ], [ 139.869302, 35.735951 ], [ 139.869998, 35.735039 ], [ 139.870069, 35.734942 ], [ 139.87061, 35.734277 ], [ 139.870658, 35.734219 ], [ 139.870687, 35.734168 ], [ 139.868713, 35.734057 ], [ 139.868469, 35.734117 ], [ 139.867738, 35.734188 ], [ 139.867223, 35.734245 ], [ 139.866572, 35.734311 ], [ 139.866281, 35.73479 ], [ 139.866117, 35.735036 ], [ 139.865924, 35.73537 ], [ 139.865843, 35.735516 ], [ 139.865438, 35.736169 ], [ 139.865267, 35.736124 ], [ 139.864846, 35.736819 ], [ 139.864817, 35.736822 ], [ 139.864937, 35.73687 ], [ 139.864432, 35.737731 ], [ 139.863893, 35.738649 ], [ 139.863592, 35.739162 ], [ 139.863105, 35.739988 ], [ 139.863339, 35.740138 ], [ 139.863526, 35.740222 ], [ 139.863727, 35.740337 ], [ 139.863883, 35.74044 ], [ 139.863959, 35.740494 ], [ 139.864017, 35.740542 ], [ 139.864078, 35.740616 ], [ 139.864117, 35.740687 ], [ 139.864153, 35.740752 ], [ 139.864295, 35.740708 ], [ 139.864287, 35.740445 ], [ 139.864284, 35.740346 ], [ 139.864272, 35.739922 ], [ 139.864271, 35.739628 ], [ 139.864263, 35.739618 ], [ 139.864356, 35.73947 ], [ 139.864687, 35.73898 ], [ 139.864728, 35.738964 ] ] ] } },
{ "type": "Feature", "properties": { "key": "葛飾区|奥戸9丁目", "ward": "葛飾区", "town": "奥戸９丁目" }, "geometry": { "type": "Polygon", "coordinates": [ [ [ 139.870923, 35.736205 ], [ 139.872106, 35.736276 ], [ 139.872693, 35.736402 ], [ 139.872748, 35.736414 ], [ 139.873224, 35.736517 ], [ 139.873222, 35.736521 ], [ 139.873834, 35.736617 ], [ 139.874149, 35.736174 ], [ 139.874227, 35.736064 ], [ 139.874223, 35.73606 ], [ 139.874117, 35.735968 ], [ 139.873666, 35.735789 ], [ 139.87359, 35.735754 ], [ 139.873593, 35.735637 ], [ 139.873478, 35.73562 ], [ 139.873409, 35.73553 ], [ 139.873402, 35.735466 ], [ 139.873397, 35.735455 ], [ 139.873244, 35.735431 ], [ 139.873241, 35.735427 ], [ 139.873134, 35.735247 ], [ 139.873116, 35.735219 ], [ 139.873046, 35.735065 ], [ 139.872979, 35.734969 ], [ 139.872851, 35.734777 ], [ 139.872811, 35.734751 ], [ 139.872789, 35.734613 ], [ 139.872738, 35.734614 ], [ 139.872635, 35.734624 ], [ 139.872587, 35.734623 ], [ 139.872437, 35.734536 ], [ 139.872383, 35.734492 ], [ 139.872443, 35.734367 ], [ 139.872466, 35.734319 ], [ 139.872539, 35.734168 ], [ 139.872578, 35.734057 ], [ 139.872557, 35.733964 ], [ 139.872572, 35.733789 ], [ 139.872497, 35.7337 ], [ 139.872467, 35.733689 ], [ 139.872459, 35.733584 ], [ 139.872455, 35.733569 ], [ 139.872447, 35.733537 ], [ 139.87242, 35.733452 ], [ 139.872421, 35.733448 ], [ 139.872446, 35.733359 ], [ 139.872238, 35.733213 ], [ 139.872215, 35.73305 ], [ 139.872181, 35.732929 ], [ 139.872139, 35.732815 ], [ 139.871767, 35.732822 ], [ 139.871584, 35.732968 ], [ 139.87116, 35.733535 ], [ 139.870687, 35.734168 ], [ 139.870658, 35.734219 ], [ 139.87061, 35.734277 ], [ 139.870069, 35.734942 ], [ 139.869998, 35.735039 ], [ 139.869302, 35.735951 ], [ 139.869157, 35.736151 ], [ 139.86889, 35.736503 ], [ 139.86879, 35.736641 ], [ 139.868588, 35.73692 ], [ 139.868269, 35.737351 ], [ 139.868235, 35.737392 ], [ 139.867902, 35.737847 ], [ 139.867875, 35.737877 ], [ 139.867537, 35.738373 ], [ 139.867452, 35.738495 ], [ 139.866714, 35.73955 ], [ 139.867369, 35.739765 ], [ 139.868089, 35.739927 ], [ 139.868441, 35.740009 ], [ 139.868787, 35.740091 ], [ 139.869276, 35.739544 ], [ 139.869345, 35.739462 ], [ 139.869594, 35.739164 ], [ 139.869831, 35.738835 ], [ 139.870128, 35.738386 ], [ 139.870181, 35.738294 ], [ 139.870287, 35.738111 ], [ 139.87041, 35.737861 ], [ 139.870607, 35.737369 ], [ 139.870626, 35.737332 ], [ 139.870761, 35.736933 ], [ 139.870801, 35.736755 ], [ 139.870923, 35.736205 ] ] ] } },
{ "type": "Feature", "properties": { "key": "葛飾区|お花茶屋1丁目", "ward": "葛飾区", "town": "お花茶屋１丁目" }, "geometry": { "type": "Polygon", "coordinates": [ [ [ 139.841002, 35.747491 ], [ 139.840736, 35.747532 ], [ 139.840649, 35.747559 ], [ 139.840598, 35.747598 ], [ 139.84059, 35.747604 ], [ 139.840474, 35.747666 ], [ 139.840335, 35.747692 ], [ 139.840291, 35.7477 ], [ 139.840266, 35.747705 ], [ 139.840124, 35.747736 ], [ 139.839617, 35.747797 ], [ 139.839427, 35.747797 ], [ 139.839105, 35.747835 ], [ 139.838899, 35.747866 ], [ 139.838499, 35.747904 ], [ 139.838458, 35.747908 ], [ 139.838285, 35.747925 ], [ 139.837936, 35.747943 ], [ 139.83729, 35.747955 ], [ 139.837013, 35.74796 ], [ 139.836412, 35.747953 ], [ 139.836543, 35.748251 ], [ 139.836674, 35.74855 ], [ 139.83682, 35.748866 ], [ 139.836961, 35.74917 ], [ 139.837092, 35.749428 ], [ 139.837123, 35.749498 ], [ 139.837259, 35.749815 ], [ 139.837246, 35.74982 ], [ 139.837256, 35.749842 ], [ 139.837338, 35.750019 ], [ 139.837387, 35.750124 ], [ 139.837538, 35.750453 ], [ 139.838212, 35.750407 ], [ 139.838224, 35.750406 ], [ 139.838712, 35.75037 ], [ 139.839215, 35.750332 ], [ 139.839343, 35.750325 ], [ 139.839894, 35.750287 ], [ 139.840135, 35.750274 ], [ 139.84114, 35.750194 ], [ 139.841202, 35.75019 ], [ 139.841482, 35.750171 ], [ 139.842066, 35.750132 ], [ 139.841805, 35.749503 ], [ 139.841492, 35.748785 ], [ 139.841233, 35.748192 ], [ 139.841002, 35.747491 ] ] ] } },
{ "type": "Feature", "properties": { "key": "葛飾区|お花茶屋2丁目", "ward": "葛飾区", "town": "お花茶屋２丁目" }, "geometry": { "type": "Polygon", "coordinates": [ [ [ 139.842066, 35.750132 ], [ 139.841482, 35.750171 ], [ 139.841202, 35.75019 ], [ 139.84114, 35.750194 ], [ 139.840135, 35.750274 ], [ 139.839894, 35.750287 ], [ 139.839343, 35.750325 ], [ 139.839215, 35.750332 ], [ 139.838712, 35.75037 ], [ 139.838224, 35.750406 ], [ 139.838212, 35.750407 ], [ 139.837538, 35.750453 ], [ 139.837689, 35.750686 ], [ 139.837842, 35.750919 ], [ 139.838265, 35.751564 ], [ 139.838525, 35.751973 ], [ 139.838613, 35.752111 ], [ 139.838743, 35.75231 ], [ 139.838882, 35.752521 ], [ 139.839093, 35.752844 ], [ 139.839706, 35.752587 ], [ 139.840104, 35.752414 ], [ 139.840537, 35.752375 ], [ 139.8409, 35.752347 ], [ 139.840964, 35.75234 ], [ 139.841284, 35.75231 ], [ 139.841381, 35.752299 ], [ 139.841745, 35.75227 ], [ 139.841775, 35.752268 ], [ 139.842169, 35.752235 ], [ 139.842704, 35.752201 ], [ 139.842653, 35.752026 ], [ 139.842466, 35.751457 ], [ 139.842401, 35.751248 ], [ 139.842261, 35.750798 ], [ 139.842066, 35.750132 ] ] ] } },
{ "type": "Feature", "properties": { "key": "葛飾区|お花茶屋3丁目", "ward": "葛飾区", "town": "お花茶屋３丁目" }, "geometry": { "type": "Polygon", "coordinates": [ [ [ 139.842704, 35.752201 ], [ 139.842169, 35.752235 ], [ 139.841775, 35.752268 ], [ 139.841745, 35.75227 ], [ 139.841381, 35.752299 ], [ 139.841284, 35.75231 ], [ 139.840964, 35.75234 ], [ 139.8409, 35.752347 ], [ 139.840537, 35.752375 ], [ 139.840104, 35.752414 ], [ 139.839706, 35.752587 ], [ 139.839093, 35.752844 ], [ 139.839055, 35.752853 ], [ 139.839732, 35.75392 ], [ 139.840194, 35.754611 ], [ 139.840212, 35.754621 ], [ 139.840648, 35.755299 ], [ 139.841069, 35.755969 ], [ 139.841217, 35.756202 ], [ 139.841187, 35.756263 ], [ 139.8419, 35.756429 ], [ 139.842081, 35.756473 ], [ 139.842236, 35.756511 ], [ 139.843084, 35.756698 ], [ 139.843666, 35.756825 ], [ 139.843708, 35.756834 ], [ 139.844176, 35.756963 ], [ 139.843934, 35.756153 ], [ 139.843542, 35.754851 ], [ 139.84351, 35.75473 ], [ 139.843501, 35.754704 ], [ 139.843498, 35.754695 ], [ 139.843199, 35.75377 ], [ 139.843104, 35.753477 ], [ 139.842879, 35.752765 ], [ 139.842704, 35.752201 ] ] ] } },
{ "type": "Feature", "properties": { "key": "葛飾区|金町1丁目", "ward": "葛飾区", "town": "金町１丁目" }, "geometry": { "type": "Polygon", "coordinates": [ [ [ 139.868062, 35.763867 ], [ 139.868069, 35.763796 ], [ 139.868276, 35.763321 ], [ 139.868309, 35.763245 ], [ 139.86839, 35.763046 ], [ 139.868524, 35.762755 ], [ 139.868731, 35.762293 ], [ 139.868755, 35.762253 ], [ 139.868901, 35.761919 ], [ 139.869189, 35.761266 ], [ 139.868395, 35.761031 ], [ 139.867556, 35.760789 ], [ 139.866731, 35.760547 ], [ 139.866185, 35.760403 ], [ 139.866135, 35.760359 ], [ 139.86599, 35.76023 ], [ 139.865493, 35.760665 ], [ 139.865398, 35.760751 ], [ 139.86531, 35.76086 ], [ 139.86539, 35.760878 ], [ 139.865009, 35.761204 ], [ 139.864743, 35.761529 ], [ 139.864458, 35.761875 ], [ 139.864099, 35.76231 ], [ 139.863796, 35.762676 ], [ 139.864511, 35.763083 ], [ 139.865222, 35.763489 ], [ 139.865932, 35.76388 ], [ 139.865903, 35.763912 ], [ 139.866502, 35.764266 ], [ 139.866549, 35.764231 ], [ 139.867362, 35.764691 ], [ 139.867645, 35.764851 ], [ 139.867681, 35.764805 ], [ 139.867773, 35.764565 ], [ 139.868062, 35.763867 ] ] ] } },
{ "type": "Feature", "properties": { "key": "葛飾区|金町2丁目", "ward": "葛飾区", "town": "金町２丁目" }, "geometry": { "type": "Polygon", "coordinates": [ [ [ 139.87272, 35.762695 ], [ 139.872691, 35.762714 ], [ 139.872026, 35.762436 ], [ 139.871683, 35.762296 ], [ 139.871357, 35.762164 ], [ 139.870668, 35.761709 ], [ 139.870683, 35.761682 ], [ 139.869906, 35.761466 ], [ 139.869657, 35.761397 ], [ 139.869189, 35.761266 ], [ 139.868901, 35.761919 ], [ 139.868755, 35.762253 ], [ 139.868731, 35.762293 ], [ 139.868524, 35.762755 ], [ 139.86839, 35.763046 ], [ 139.868309, 35.763245 ], [ 139.868276, 35.763321 ], [ 139.868069, 35.763796 ], [ 139.868062, 35.763867 ], [ 139.867773, 35.764565 ], [ 139.867681, 35.764805 ], [ 139.867645, 35.764851 ], [ 139.868419, 35.765255 ], [ 139.868657, 35.765385 ], [ 139.868685, 35.765433 ], [ 139.869119, 35.76567 ], [ 139.869395, 35.765824 ], [ 139.869428, 35.765834 ], [ 139.86985, 35.766059 ], [ 139.870484, 35.766471 ], [ 139.871087, 35.766822 ], [ 139.871236, 35.766557 ], [ 139.871279, 35.766539 ], [ 139.871668, 35.765909 ], [ 139.871961, 35.765408 ], [ 139.872145, 35.765105 ], [ 139.872162, 35.765078 ], [ 139.872321, 35.764817 ], [ 139.872306, 35.764795 ], [ 139.87247, 35.764528 ], [ 139.872677, 35.764191 ], [ 139.87301, 35.763628 ], [ 139.87341, 35.762972 ], [ 139.87272, 35.762695 ] ] ] } },
{ "type": "Feature", "properties": { "key": "葛飾区|金町3丁目", "ward": "葛飾区", "town": "金町３丁目" }, "geometry": { "type": "Polygon", "coordinates": [ [ [ 139.879856, 35.769254 ], [ 139.879864, 35.769269 ], [ 139.879934, 35.769262 ], [ 139.879856, 35.768613 ], [ 139.879817, 35.768293 ], [ 139.879767, 35.767182 ], [ 139.87981, 35.766532 ], [ 139.879854, 35.766295 ], [ 139.879881, 35.766151 ], [ 139.879944, 35.765993 ], [ 139.879854, 35.76596 ], [ 139.878888, 35.765609 ], [ 139.87809, 35.76538 ], [ 139.877812, 35.765273 ], [ 139.877605, 35.765194 ], [ 139.877119, 35.76517 ], [ 139.876834, 35.765223 ], [ 139.876689, 35.765179 ], [ 139.876581, 35.765132 ], [ 139.876392, 35.76509 ], [ 139.875823, 35.764868 ], [ 139.875753, 35.764816 ], [ 139.875343, 35.764652 ], [ 139.875078, 35.765104 ], [ 139.874021, 35.764702 ], [ 139.873373, 35.764454 ], [ 139.872711, 35.764186 ], [ 139.872677, 35.764191 ], [ 139.87247, 35.764528 ], [ 139.872306, 35.764795 ], [ 139.872321, 35.764817 ], [ 139.872162, 35.765078 ], [ 139.872145, 35.765105 ], [ 139.871961, 35.765408 ], [ 139.871668, 35.765909 ], [ 139.871279, 35.766539 ], [ 139.871236, 35.766557 ], [ 139.871087, 35.766822 ], [ 139.871105, 35.766836 ], [ 139.871722, 35.76716 ], [ 139.872168, 35.767385 ], [ 139.872321, 35.767463 ], [ 139.873001, 35.767799 ], [ 139.873016, 35.767806 ], [ 139.873341, 35.767967 ], [ 139.873801, 35.768195 ], [ 139.874066, 35.768328 ], [ 139.874515, 35.768537 ], [ 139.874597, 35.768576 ], [ 139.874699, 35.768618 ], [ 139.874812, 35.768664 ], [ 139.875112, 35.768817 ], [ 139.875132, 35.768828 ], [ 139.875295, 35.768948 ], [ 139.875443, 35.769091 ], [ 139.875465, 35.769128 ], [ 139.875596, 35.76935 ], [ 139.875793, 35.76965 ], [ 139.876591, 35.769559 ], [ 139.877026, 35.769527 ], [ 139.877818, 35.769455 ], [ 139.877873, 35.76945 ], [ 139.877976, 35.76944 ], [ 139.877993, 35.769439 ], [ 139.878228, 35.769415 ], [ 139.879856, 35.769254 ] ] ] } },
{ "type": "Feature", "properties": { "key": "葛飾区|金町4丁目", "ward": "葛飾区", "town": "金町４丁目" }, "geometry": { "type": "Polygon", "coordinates": [ [ [ 139.866075, 35.765824 ], [ 139.866161, 35.76544 ], [ 139.866213, 35.765378 ], [ 139.866163, 35.765328 ], [ 139.866307, 35.764807 ], [ 139.866502, 35.764266 ], [ 139.865903, 35.763912 ], [ 139.865932, 35.76388 ], [ 139.865222, 35.763489 ], [ 139.864511, 35.763083 ], [ 139.863796, 35.762676 ], [ 139.863546, 35.763105 ], [ 139.863317, 35.763511 ], [ 139.863284, 35.763646 ], [ 139.863215, 35.763931 ], [ 139.863047, 35.764475 ], [ 139.863045, 35.764483 ], [ 139.863037, 35.764536 ], [ 139.862907, 35.764981 ], [ 139.862796, 35.765139 ], [ 139.86256, 35.765478 ], [ 139.862435, 35.765671 ], [ 139.862446, 35.765688 ], [ 139.862544, 35.765849 ], [ 139.862534, 35.765869 ], [ 139.862529, 35.765868 ], [ 139.862718, 35.766303 ], [ 139.862851, 35.766603 ], [ 139.862853, 35.766608 ], [ 139.863005, 35.766937 ], [ 139.863014, 35.766957 ], [ 139.863309, 35.767525 ], [ 139.863594, 35.768054 ], [ 139.863914, 35.768682 ], [ 139.864894, 35.768847 ], [ 139.865651, 35.768975 ], [ 139.865705, 35.768535 ], [ 139.865751, 35.768144 ], [ 139.865752, 35.768137 ], [ 139.865819, 35.767485 ], [ 139.8659, 35.766946 ], [ 139.865983, 35.766177 ], [ 139.866009, 35.766074 ], [ 139.866075, 35.765824 ] ] ] } },
{ "type": "Feature", "properties": { "key": "葛飾区|金町5丁目", "ward": "葛飾区", "town": "金町５丁目" }, "geometry": { "type": "Polygon", "coordinates": [ [ [ 139.870508, 35.768858 ], [ 139.870616, 35.768368 ], [ 139.870645, 35.768254 ], [ 139.870687, 35.768053 ], [ 139.870758, 35.767713 ], [ 139.870812, 35.767536 ], [ 139.870929, 35.767198 ], [ 139.870978, 35.767072 ], [ 139.871105, 35.766836 ], [ 139.871087, 35.766822 ], [ 139.870484, 35.766471 ], [ 139.86985, 35.766059 ], [ 139.869428, 35.765834 ], [ 139.869395, 35.765824 ], [ 139.869119, 35.76567 ], [ 139.868685, 35.765433 ], [ 139.868657, 35.765385 ], [ 139.868419, 35.765255 ], [ 139.867645, 35.764851 ], [ 139.867362, 35.764691 ], [ 139.866549, 35.764231 ], [ 139.866502, 35.764266 ], [ 139.866307, 35.764807 ], [ 139.866163, 35.765328 ], [ 139.866213, 35.765378 ], [ 139.866161, 35.76544 ], [ 139.866075, 35.765824 ], [ 139.866009, 35.766074 ], [ 139.865983, 35.766177 ], [ 139.8659, 35.766946 ], [ 139.865819, 35.767485 ], [ 139.865752, 35.768137 ], [ 139.865751, 35.768144 ], [ 139.865705, 35.768535 ], [ 139.866405, 35.768591 ], [ 139.867097, 35.768598 ], [ 139.867153, 35.76847 ], [ 139.868729, 35.768723 ], [ 139.868782, 35.768651 ], [ 139.868797, 35.76863 ], [ 139.868855, 35.768658 ], [ 139.868867, 35.768664 ], [ 139.869158, 35.768784 ], [ 139.869247, 35.768824 ], [ 139.869331, 35.768848 ], [ 139.869396, 35.768861 ], [ 139.869424, 35.768862 ], [ 139.869459, 35.768862 ], [ 139.869535, 35.76886 ], [ 139.869817, 35.768859 ], [ 139.870413, 35.768887 ], [ 139.870508, 35.768858 ] ] ] } },
{ "type": "Feature", "properties": { "key": "葛飾区|金町6丁目", "ward": "葛飾区", "town": "金町６丁目" }, "geometry": { "type": "Polygon", "coordinates": [ [ [ 139.875132, 35.768828 ], [ 139.875112, 35.768817 ], [ 139.874812, 35.768664 ], [ 139.874699, 35.768618 ], [ 139.874597, 35.768576 ], [ 139.874515, 35.768537 ], [ 139.874066, 35.768328 ], [ 139.873801, 35.768195 ], [ 139.873341, 35.767967 ], [ 139.873016, 35.767806 ], [ 139.873001, 35.767799 ], [ 139.872321, 35.767463 ], [ 139.872168, 35.767385 ], [ 139.871722, 35.76716 ], [ 139.871105, 35.766836 ], [ 139.870978, 35.767072 ], [ 139.870929, 35.767198 ], [ 139.870812, 35.767536 ], [ 139.870758, 35.767713 ], [ 139.870687, 35.768053 ], [ 139.870645, 35.768254 ], [ 139.870616, 35.768368 ], [ 139.870508, 35.768858 ], [ 139.870413, 35.768887 ], [ 139.869817, 35.768859 ], [ 139.869535, 35.76886 ], [ 139.869459, 35.768862 ], [ 139.869424, 35.768862 ], [ 139.869396, 35.768861 ], [ 139.869331, 35.768848 ], [ 139.869247, 35.768824 ], [ 139.869158, 35.768784 ], [ 139.868867, 35.768664 ], [ 139.868855, 35.768658 ], [ 139.868797, 35.76863 ], [ 139.868782, 35.768651 ], [ 139.868729, 35.768723 ], [ 139.867153, 35.76847 ], [ 139.867097, 35.768598 ], [ 139.866405, 35.768591 ], [ 139.865705, 35.768535 ], [ 139.865651, 35.768975 ], [ 139.866105, 35.769089 ], [ 139.866131, 35.769133 ], [ 139.867745, 35.769489 ], [ 139.867975, 35.769495 ], [ 139.868623, 35.769537 ], [ 139.869251, 35.769577 ], [ 139.869249, 35.769585 ], [ 139.869987, 35.769656 ], [ 139.870822, 35.769747 ], [ 139.872226, 35.769869 ], [ 139.872466, 35.769892 ], [ 139.872825, 35.769877 ], [ 139.873536, 35.769836 ], [ 139.875624, 35.769664 ], [ 139.875772, 35.769653 ], [ 139.875793, 35.76965 ], [ 139.875596, 35.76935 ], [ 139.875465, 35.769128 ], [ 139.875443, 35.769091 ], [ 139.875295, 35.768948 ], [ 139.875132, 35.768828 ] ] ] } },
{ "type": "Feature", "properties": { "key": "葛飾区|金町浄水場", "ward": "葛飾区", "town": "金町浄水場" }, "geometry": { "type": "Polygon", "coordinates": [ [ [ 139.880254, 35.761211 ], [ 139.88006, 35.761133 ], [ 139.879851, 35.761049 ], [ 139.87948, 35.7609 ], [ 139.879113, 35.760743 ], [ 139.879254, 35.760487 ], [ 139.878986, 35.760392 ], [ 139.878684, 35.760276 ], [ 139.878211, 35.760091 ], [ 139.877848, 35.759948 ], [ 139.877739, 35.759908 ], [ 139.876862, 35.759557 ], [ 139.875679, 35.75908 ], [ 139.875593, 35.758981 ], [ 139.875429, 35.759396 ], [ 139.875143, 35.76014 ], [ 139.874673, 35.760908 ], [ 139.874102, 35.761852 ], [ 139.873773, 35.762387 ], [ 139.873666, 35.762563 ], [ 139.873603, 35.762666 ], [ 139.873554, 35.762743 ], [ 139.87341, 35.762972 ], [ 139.87301, 35.763628 ], [ 139.872677, 35.764191 ], [ 139.872711, 35.764186 ], [ 139.873373, 35.764454 ], [ 139.874021, 35.764702 ], [ 139.875078, 35.765104 ], [ 139.875343, 35.764652 ], [ 139.875753, 35.764816 ], [ 139.875823, 35.764868 ], [ 139.876392, 35.76509 ], [ 139.876581, 35.765132 ], [ 139.876689, 35.765179 ], [ 139.876834, 35.765223 ], [ 139.877119, 35.76517 ], [ 139.877605, 35.765194 ], [ 139.877812, 35.765273 ], [ 139.87809, 35.76538 ], [ 139.878888, 35.765609 ], [ 139.879854, 35.76596 ], [ 139.879944, 35.765993 ], [ 139.879967, 35.765936 ], [ 139.880343, 35.765285 ], [ 139.880594, 35.764939 ], [ 139.881063, 35.764463 ], [ 139.881628, 35.763836 ], [ 139.882017, 35.763263 ], [ 139.882307, 35.762788 ], [ 139.882615, 35.762215 ], [ 139.880254, 35.761211 ] ] ] } },
{ "type": "Feature", "properties": { "key": "葛飾区|鎌倉1丁目", "ward": "葛飾区", "town": "鎌倉１丁目" }, "geometry": { "type": "Polygon", "coordinates": [ [ [ 139.880311, 35.744433 ], [ 139.880301, 35.744476 ], [ 139.880621, 35.744264 ], [ 139.880705, 35.744164 ], [ 139.88132, 35.743745 ], [ 139.881657, 35.743508 ], [ 139.881741, 35.743449 ], [ 139.881925, 35.743322 ], [ 139.881766, 35.743285 ], [ 139.881697, 35.74327 ], [ 139.881697, 35.743179 ], [ 139.881652, 35.743172 ], [ 139.881605, 35.743163 ], [ 139.881607, 35.743157 ], [ 139.881646, 35.743016 ], [ 139.881657, 35.742971 ], [ 139.881678, 35.742804 ], [ 139.880888, 35.742688 ], [ 139.880893, 35.742658 ], [ 139.880938, 35.742417 ], [ 139.880942, 35.742396 ], [ 139.881041, 35.741997 ], [ 139.880628, 35.741892 ], [ 139.88045, 35.741858 ], [ 139.880452, 35.741852 ], [ 139.880465, 35.741805 ], [ 139.880467, 35.741796 ], [ 139.880395, 35.741749 ], [ 139.880337, 35.741724 ], [ 139.879931, 35.741682 ], [ 139.879889, 35.741632 ], [ 139.879895, 35.741586 ], [ 139.879839, 35.74157 ], [ 139.879734, 35.741539 ], [ 139.879839, 35.741336 ], [ 139.879886, 35.741245 ], [ 139.879891, 35.741235 ], [ 139.880218, 35.74062 ], [ 139.880269, 35.740399 ], [ 139.880265, 35.740379 ], [ 139.88011, 35.74026 ], [ 139.880028, 35.740261 ], [ 139.880007, 35.740271 ], [ 139.879839, 35.74035 ], [ 139.879677, 35.740426 ], [ 139.879009, 35.740732 ], [ 139.878961, 35.740755 ], [ 139.878298, 35.741005 ], [ 139.878114, 35.741074 ], [ 139.877998, 35.741108 ], [ 139.87768, 35.741087 ], [ 139.87766, 35.741086 ], [ 139.877457, 35.741064 ], [ 139.8773, 35.741056 ], [ 139.876729, 35.741057 ], [ 139.876374, 35.741032 ], [ 139.876092, 35.741807 ], [ 139.876088, 35.74182 ], [ 139.876042, 35.741876 ], [ 139.875584, 35.742442 ], [ 139.87557, 35.742438 ], [ 139.875203, 35.742902 ], [ 139.875195, 35.742947 ], [ 139.875031, 35.743117 ], [ 139.874854, 35.743338 ], [ 139.874874, 35.743355 ], [ 139.875755, 35.743828 ], [ 139.876185, 35.743849 ], [ 139.876416, 35.743861 ], [ 139.876672, 35.743863 ], [ 139.876887, 35.743891 ], [ 139.877382, 35.743955 ], [ 139.877399, 35.743957 ], [ 139.87815, 35.744037 ], [ 139.878395, 35.744212 ], [ 139.87929, 35.744243 ], [ 139.879289, 35.744264 ], [ 139.879264, 35.744973 ], [ 139.879273, 35.745135 ], [ 139.879841, 35.744751 ], [ 139.880311, 35.744433 ] ] ] } },
{ "type": "Feature", "properties": { "key": "葛飾区|鎌倉2丁目", "ward": "葛飾区", "town": "鎌倉２丁目" }, "geometry": { "type": "Polygon", "coordinates": [ [ [ 139.879022, 35.745314 ], [ 139.879273, 35.745135 ], [ 139.879264, 35.744973 ], [ 139.879289, 35.744264 ], [ 139.87929, 35.744243 ], [ 139.878395, 35.744212 ], [ 139.87815, 35.744037 ], [ 139.877399, 35.743957 ], [ 139.877382, 35.743955 ], [ 139.876887, 35.743891 ], [ 139.876672, 35.743863 ], [ 139.876416, 35.743861 ], [ 139.876185, 35.743849 ], [ 139.875755, 35.743828 ], [ 139.874874, 35.743355 ], [ 139.874507, 35.743826 ], [ 139.874164, 35.74426 ], [ 139.874113, 35.744256 ], [ 139.873751, 35.744707 ], [ 139.873434, 35.74509 ], [ 139.873137, 35.745459 ], [ 139.87309, 35.74555 ], [ 139.873394, 35.745713 ], [ 139.873695, 35.745869 ], [ 139.874386, 35.745798 ], [ 139.874371, 35.746092 ], [ 139.874359, 35.746323 ], [ 139.874342, 35.746717 ], [ 139.874331, 35.74695 ], [ 139.874316, 35.74726 ], [ 139.874298, 35.74755 ], [ 139.874255, 35.748287 ], [ 139.874237, 35.748537 ], [ 139.874248, 35.748628 ], [ 139.874386, 35.748529 ], [ 139.875, 35.748122 ], [ 139.875534, 35.747745 ], [ 139.875705, 35.74763 ], [ 139.876865, 35.746823 ], [ 139.876805, 35.746817 ], [ 139.877348, 35.746458 ], [ 139.878045, 35.745987 ], [ 139.879022, 35.745314 ] ] ] } },
{ "type": "Feature", "properties": { "key": "葛飾区|鎌倉3丁目", "ward": "葛飾区", "town": "鎌倉３丁目" }, "geometry": { "type": "Polygon", "coordinates": [ [ [ 139.881299, 35.744389 ], [ 139.881308, 35.744361 ], [ 139.881509, 35.743893 ], [ 139.881657, 35.743508 ], [ 139.88132, 35.743745 ], [ 139.880705, 35.744164 ], [ 139.880621, 35.744264 ], [ 139.880301, 35.744476 ], [ 139.880311, 35.744433 ], [ 139.879841, 35.744751 ], [ 139.879273, 35.745135 ], [ 139.879022, 35.745314 ], [ 139.878045, 35.745987 ], [ 139.877348, 35.746458 ], [ 139.876805, 35.746817 ], [ 139.876865, 35.746823 ], [ 139.875705, 35.74763 ], [ 139.875534, 35.747745 ], [ 139.875, 35.748122 ], [ 139.874386, 35.748529 ], [ 139.874361, 35.748972 ], [ 139.874323, 35.749763 ], [ 139.873984, 35.749801 ], [ 139.873926, 35.749839 ], [ 139.873973, 35.75023 ], [ 139.873999, 35.750539 ], [ 139.873956, 35.750584 ], [ 139.873737, 35.750772 ], [ 139.87374, 35.750825 ], [ 139.873766, 35.75121 ], [ 139.873844, 35.751387 ], [ 139.873853, 35.751645 ], [ 139.873847, 35.751887 ], [ 139.873859, 35.751886 ], [ 139.874237, 35.751717 ], [ 139.874381, 35.751653 ], [ 139.874494, 35.751602 ], [ 139.874701, 35.75151 ], [ 139.875109, 35.75133 ], [ 139.875529, 35.751154 ], [ 139.876036, 35.750973 ], [ 139.876546, 35.750791 ], [ 139.877035, 35.750639 ], [ 139.877151, 35.750603 ], [ 139.877306, 35.750554 ], [ 139.877841, 35.750387 ], [ 139.878091, 35.75031 ], [ 139.878467, 35.750203 ], [ 139.879233, 35.749981 ], [ 139.879475, 35.749231 ], [ 139.879493, 35.749174 ], [ 139.879624, 35.748816 ], [ 139.879751, 35.748473 ], [ 139.87984, 35.74823 ], [ 139.879882, 35.748117 ], [ 139.880217, 35.747135 ], [ 139.880247, 35.747039 ], [ 139.880312, 35.746849 ], [ 139.880389, 35.746622 ], [ 139.880465, 35.746376 ], [ 139.880503, 35.746282 ], [ 139.880683, 35.745841 ], [ 139.880961, 35.74519 ], [ 139.881299, 35.744389 ] ] ] } },
{ "type": "Feature", "properties": { "key": "葛飾区|鎌倉4丁目", "ward": "葛飾区", "town": "鎌倉４丁目" }, "geometry": { "type": "Polygon", "coordinates": [ [ [ 139.88114, 35.748412 ], [ 139.881142, 35.748418 ], [ 139.881157, 35.748482 ], [ 139.881179, 35.748551 ], [ 139.881183, 35.748565 ], [ 139.881197, 35.748624 ], [ 139.881218, 35.748633 ], [ 139.881221, 35.748634 ], [ 139.881429, 35.748673 ], [ 139.881433, 35.748674 ], [ 139.881624, 35.74864 ], [ 139.881686, 35.74863 ], [ 139.881697, 35.748628 ], [ 139.881703, 35.748577 ], [ 139.881703, 35.748567 ], [ 139.881702, 35.748565 ], [ 139.881699, 35.748494 ], [ 139.881696, 35.748429 ], [ 139.881786, 35.748419 ], [ 139.881805, 35.748519 ], [ 139.881807, 35.74853 ], [ 139.882142, 35.748496 ], [ 139.882176, 35.748486 ], [ 139.882231, 35.748494 ], [ 139.882326, 35.748396 ], [ 139.882504, 35.748348 ], [ 139.882852, 35.748336 ], [ 139.88289, 35.748269 ], [ 139.882896, 35.748259 ], [ 139.882985, 35.748245 ], [ 139.883114, 35.74822 ], [ 139.88312, 35.748107 ], [ 139.883139, 35.748103 ], [ 139.883134, 35.748074 ], [ 139.883164, 35.747924 ], [ 139.883201, 35.747811 ], [ 139.883155, 35.747689 ], [ 139.883102, 35.747597 ], [ 139.882925, 35.74757 ], [ 139.882871, 35.747449 ], [ 139.882824, 35.747305 ], [ 139.882895, 35.747277 ], [ 139.883065, 35.747325 ], [ 139.883136, 35.74734 ], [ 139.883425, 35.747352 ], [ 139.883524, 35.747378 ], [ 139.883888, 35.7474 ], [ 139.883909, 35.747205 ], [ 139.88391, 35.747198 ], [ 139.883853, 35.747194 ], [ 139.88387, 35.747066 ], [ 139.883809, 35.747033 ], [ 139.883821, 35.74694 ], [ 139.88388, 35.746919 ], [ 139.883971, 35.746888 ], [ 139.883982, 35.746875 ], [ 139.883999, 35.746793 ], [ 139.884239, 35.746811 ], [ 139.884247, 35.746777 ], [ 139.884269, 35.746644 ], [ 139.884289, 35.74663 ], [ 139.884307, 35.746625 ], [ 139.884337, 35.746474 ], [ 139.884607, 35.746495 ], [ 139.88464, 35.746454 ], [ 139.884924, 35.746479 ], [ 139.885049, 35.746418 ], [ 139.885056, 35.746303 ], [ 139.884937, 35.746129 ], [ 139.884914, 35.74608 ], [ 139.884933, 35.745981 ], [ 139.884865, 35.745975 ], [ 139.88485, 35.745945 ], [ 139.884882, 35.745732 ], [ 139.884901, 35.745602 ], [ 139.884775, 35.74559 ], [ 139.884756, 35.745589 ], [ 139.884607, 35.745571 ], [ 139.884632, 35.745397 ], [ 139.884452, 35.745378 ], [ 139.884461, 35.745323 ], [ 139.884346, 35.745312 ], [ 139.884323, 35.745309 ], [ 139.884323, 35.745286 ], [ 139.883921, 35.74522 ], [ 139.883793, 35.74515 ], [ 139.883774, 35.745138 ], [ 139.883714, 35.7451 ], [ 139.88359, 35.745092 ], [ 139.88359, 35.745087 ], [ 139.883598, 35.745027 ], [ 139.883519, 35.744977 ], [ 139.883495, 35.744963 ], [ 139.882956, 35.744691 ], [ 139.88275, 35.744679 ], [ 139.882764, 35.744595 ], [ 139.882021, 35.74424 ], [ 139.882033, 35.744168 ], [ 139.882082, 35.744155 ], [ 139.88227, 35.743541 ], [ 139.88227, 35.743536 ], [ 139.882289, 35.743394 ], [ 139.882102, 35.743345 ], [ 139.881925, 35.743322 ], [ 139.881741, 35.743449 ], [ 139.881657, 35.743508 ], [ 139.881509, 35.743893 ], [ 139.881308, 35.744361 ], [ 139.881299, 35.744389 ], [ 139.880961, 35.74519 ], [ 139.880683, 35.745841 ], [ 139.880503, 35.746282 ], [ 139.880465, 35.746376 ], [ 139.880389, 35.746622 ], [ 139.880312, 35.746849 ], [ 139.880247, 35.747039 ], [ 139.880217, 35.747135 ], [ 139.879882, 35.748117 ], [ 139.87984, 35.74823 ], [ 139.879751, 35.748473 ], [ 139.879624, 35.748816 ], [ 139.879493, 35.749174 ], [ 139.879475, 35.749231 ], [ 139.879233, 35.749981 ], [ 139.879363, 35.749947 ], [ 139.879844, 35.749832 ], [ 139.879927, 35.749812 ], [ 139.880361, 35.749712 ], [ 139.880598, 35.749683 ], [ 139.88062, 35.749681 ], [ 139.880488, 35.749197 ], [ 139.880454, 35.749125 ], [ 139.88041, 35.749014 ], [ 139.880344, 35.748848 ], [ 139.880315, 35.748715 ], [ 139.880309, 35.748596 ], [ 139.880455, 35.748565 ], [ 139.880657, 35.748506 ], [ 139.88081, 35.748496 ], [ 139.880973, 35.748475 ], [ 139.881003, 35.748464 ], [ 139.88102, 35.748457 ], [ 139.88114, 35.748412 ] ] ] } },
{ "type": "Feature", "properties": { "key": "葛飾区|亀有1丁目", "ward": "葛飾区", "town": "亀有１丁目" }, "geometry": { "type": "Polygon", "coordinates": [ [ [ 139.847144, 35.762784 ], [ 139.847283, 35.76279 ], [ 139.847402, 35.762794 ], [ 139.847643, 35.762827 ], [ 139.847648, 35.762595 ], [ 139.847656, 35.762059 ], [ 139.847658, 35.761747 ], [ 139.847661, 35.761476 ], [ 139.847668, 35.760904 ], [ 139.847671, 35.760716 ], [ 139.847668, 35.760634 ], [ 139.847683, 35.760024 ], [ 139.847687, 35.759849 ], [ 139.847686, 35.759764 ], [ 139.847684, 35.759562 ], [ 139.847698, 35.759325 ], [ 139.847699, 35.759289 ], [ 139.847709, 35.759035 ], [ 139.847699, 35.759003 ], [ 139.847756, 35.758911 ], [ 139.847985, 35.758547 ], [ 139.847996, 35.75853 ], [ 139.848413, 35.757864 ], [ 139.848552, 35.757646 ], [ 139.848785, 35.757242 ], [ 139.848996, 35.756873 ], [ 139.849117, 35.75666 ], [ 139.849172, 35.756577 ], [ 139.849322, 35.756302 ], [ 139.848518, 35.755643 ], [ 139.848223, 35.755401 ], [ 139.848215, 35.755395 ], [ 139.847535, 35.754855 ], [ 139.847034, 35.754437 ], [ 139.846485, 35.754002 ], [ 139.84613, 35.753697 ], [ 139.845772, 35.753403 ], [ 139.845749, 35.753455 ], [ 139.845766, 35.753474 ], [ 139.845539, 35.753982 ], [ 139.845312, 35.754493 ], [ 139.845225, 35.754726 ], [ 139.84506, 35.755136 ], [ 139.844693, 35.756046 ], [ 139.844491, 35.7565 ], [ 139.844248, 35.757044 ], [ 139.844226, 35.757094 ], [ 139.844539, 35.757918 ], [ 139.844653, 35.758219 ], [ 139.844933, 35.758956 ], [ 139.844979, 35.759076 ], [ 139.84514, 35.759496 ], [ 139.845191, 35.75963 ], [ 139.845336, 35.760011 ], [ 139.845515, 35.760615 ], [ 139.845689, 35.761203 ], [ 139.845801, 35.761582 ], [ 139.845922, 35.761992 ], [ 139.845968, 35.762148 ], [ 139.846247, 35.763093 ], [ 139.846281, 35.763083 ], [ 139.846985, 35.762829 ], [ 139.847144, 35.762784 ] ] ] } },
{ "type": "Feature", "properties": { "key": "葛飾区|亀有2丁目", "ward": "葛飾区", "town": "亀有２丁目" }, "geometry": { "type": "Polygon", "coordinates": [ [ [ 139.849322, 35.756302 ], [ 139.849172, 35.756577 ], [ 139.849117, 35.75666 ], [ 139.848996, 35.756873 ], [ 139.848785, 35.757242 ], [ 139.848552, 35.757646 ], [ 139.848413, 35.757864 ], [ 139.847996, 35.75853 ], [ 139.847985, 35.758547 ], [ 139.847756, 35.758911 ], [ 139.847699, 35.759003 ], [ 139.847709, 35.759035 ], [ 139.847699, 35.759289 ], [ 139.847698, 35.759325 ], [ 139.847684, 35.759562 ], [ 139.847686, 35.759764 ], [ 139.847687, 35.759849 ], [ 139.847683, 35.760024 ], [ 139.847668, 35.760634 ], [ 139.847671, 35.760716 ], [ 139.847668, 35.760904 ], [ 139.847661, 35.761476 ], [ 139.847658, 35.761747 ], [ 139.847656, 35.762059 ], [ 139.847648, 35.762595 ], [ 139.847643, 35.762827 ], [ 139.847892, 35.762868 ], [ 139.848504, 35.762896 ], [ 139.848825, 35.762908 ], [ 139.848912, 35.762922 ], [ 139.849233, 35.76294 ], [ 139.849562, 35.762948 ], [ 139.849845, 35.762962 ], [ 139.850078, 35.762979 ], [ 139.850594, 35.763013 ], [ 139.850733, 35.763022 ], [ 139.850875, 35.76303 ], [ 139.851383, 35.763059 ], [ 139.851852, 35.763085 ], [ 139.852475, 35.763137 ], [ 139.853469, 35.763193 ], [ 139.853842, 35.763216 ], [ 139.853879, 35.763219 ], [ 139.853954, 35.763225 ], [ 139.854162, 35.7632 ], [ 139.85433, 35.763175 ], [ 139.855189, 35.763015 ], [ 139.854903, 35.76256 ], [ 139.854861, 35.762477 ], [ 139.85471, 35.762179 ], [ 139.854641, 35.761983 ], [ 139.854593, 35.761795 ], [ 139.854579, 35.761738 ], [ 139.85453, 35.76154 ], [ 139.854487, 35.761301 ], [ 139.854476, 35.761225 ], [ 139.854467, 35.761093 ], [ 139.854475, 35.760858 ], [ 139.854527, 35.760579 ], [ 139.854568, 35.76044 ], [ 139.854607, 35.760329 ], [ 139.854683, 35.760187 ], [ 139.854708, 35.760139 ], [ 139.854029, 35.760069 ], [ 139.853213, 35.759985 ], [ 139.853023, 35.759966 ], [ 139.852521, 35.759914 ], [ 139.852493, 35.759911 ], [ 139.852308, 35.759906 ], [ 139.852263, 35.759873 ], [ 139.852166, 35.759795 ], [ 139.852101, 35.75972 ], [ 139.852047, 35.759512 ], [ 139.852028, 35.759453 ], [ 139.851738, 35.759035 ], [ 139.851764, 35.759021 ], [ 139.851574, 35.758618 ], [ 139.851492, 35.758487 ], [ 139.851488, 35.75848 ], [ 139.851137, 35.757894 ], [ 139.850992, 35.757699 ], [ 139.8509, 35.757598 ], [ 139.850768, 35.757485 ], [ 139.850741, 35.757461 ], [ 139.850427, 35.757195 ], [ 139.850396, 35.757169 ], [ 139.850121, 35.756949 ], [ 139.850099, 35.756931 ], [ 139.849741, 35.756643 ], [ 139.849466, 35.756422 ], [ 139.849331, 35.756309 ], [ 139.849322, 35.756302 ] ] ] } },
{ "type": "Feature", "properties": { "key": "葛飾区|亀有3丁目", "ward": "葛飾区", "town": "亀有３丁目" }, "geometry": { "type": "Polygon", "coordinates": [ [ [ 139.854268, 35.765136 ], [ 139.854371, 35.765194 ], [ 139.854432, 35.765148 ], [ 139.854531, 35.7651 ], [ 139.854985, 35.764875 ], [ 139.85502, 35.764857 ], [ 139.855261, 35.764756 ], [ 139.855414, 35.764679 ], [ 139.856108, 35.764335 ], [ 139.856369, 35.764197 ], [ 139.856151, 35.763981 ], [ 139.85606, 35.7639 ], [ 139.855633, 35.763514 ], [ 139.855558, 35.76344 ], [ 139.855366, 35.763249 ], [ 139.855189, 35.763015 ], [ 139.85433, 35.763175 ], [ 139.854162, 35.7632 ], [ 139.853954, 35.763225 ], [ 139.853879, 35.763219 ], [ 139.853842, 35.763216 ], [ 139.853469, 35.763193 ], [ 139.852475, 35.763137 ], [ 139.851852, 35.763085 ], [ 139.851383, 35.763059 ], [ 139.850875, 35.76303 ], [ 139.850733, 35.763022 ], [ 139.850594, 35.763013 ], [ 139.850078, 35.762979 ], [ 139.849845, 35.762962 ], [ 139.849562, 35.762948 ], [ 139.849233, 35.76294 ], [ 139.848912, 35.762922 ], [ 139.848825, 35.762908 ], [ 139.848504, 35.762896 ], [ 139.847892, 35.762868 ], [ 139.847643, 35.762827 ], [ 139.847402, 35.762794 ], [ 139.847283, 35.76279 ], [ 139.847144, 35.762784 ], [ 139.846985, 35.762829 ], [ 139.846281, 35.763083 ], [ 139.846247, 35.763093 ], [ 139.846213, 35.763341 ], [ 139.846113, 35.764085 ], [ 139.846065, 35.764439 ], [ 139.846038, 35.764641 ], [ 139.846036, 35.76465 ], [ 139.845934, 35.765186 ], [ 139.845916, 35.765283 ], [ 139.845856, 35.765571 ], [ 139.845811, 35.765787 ], [ 139.846707, 35.766326 ], [ 139.846904, 35.766437 ], [ 139.847307, 35.766612 ], [ 139.848019, 35.76691 ], [ 139.849021, 35.767188 ], [ 139.849085, 35.767206 ], [ 139.849682, 35.767321 ], [ 139.850129, 35.767391 ], [ 139.850399, 35.767433 ], [ 139.850657, 35.767473 ], [ 139.851115, 35.767529 ], [ 139.851536, 35.767581 ], [ 139.851732, 35.767593 ], [ 139.851753, 35.767478 ], [ 139.851733, 35.767344 ], [ 139.851668, 35.767044 ], [ 139.851698, 35.766877 ], [ 139.851719, 35.766832 ], [ 139.85188, 35.76654 ], [ 139.851991, 35.766418 ], [ 139.852075, 35.766259 ], [ 139.852078, 35.766239 ], [ 139.852149, 35.765847 ], [ 139.852174, 35.765712 ], [ 139.852699, 35.765605 ], [ 139.852925, 35.76556 ], [ 139.853282, 35.765487 ], [ 139.853292, 35.765485 ], [ 139.853922, 35.765358 ], [ 139.854056, 35.765331 ], [ 139.854127, 35.765266 ], [ 139.854268, 35.765136 ] ] ] } },
{ "type": "Feature", "properties": { "key": "葛飾区|亀有4丁目", "ward": "葛飾区", "town": "亀有４丁目" }, "geometry": { "type": "Polygon", "coordinates": [ [ [ 139.844226, 35.757094 ], [ 139.843988, 35.757629 ], [ 139.843906, 35.757842 ], [ 139.843665, 35.758411 ], [ 139.843432, 35.758944 ], [ 139.843144, 35.759606 ], [ 139.842971, 35.760003 ], [ 139.842954, 35.760049 ], [ 139.842946, 35.760068 ], [ 139.842942, 35.76008 ], [ 139.842916, 35.760147 ], [ 139.842821, 35.760363 ], [ 139.842694, 35.76065 ], [ 139.842471, 35.761158 ], [ 139.842186, 35.761768 ], [ 139.841906, 35.762424 ], [ 139.841641, 35.763006 ], [ 139.841221, 35.763928 ], [ 139.841789, 35.764032 ], [ 139.841913, 35.764062 ], [ 139.842038, 35.764092 ], [ 139.84232, 35.764182 ], [ 139.842939, 35.764368 ], [ 139.843215, 35.764457 ], [ 139.843357, 35.764516 ], [ 139.843603, 35.764619 ], [ 139.843902, 35.764744 ], [ 139.844088, 35.764822 ], [ 139.844521, 35.765055 ], [ 139.844822, 35.76524 ], [ 139.844897, 35.765286 ], [ 139.845819, 35.76585 ], [ 139.845811, 35.765787 ], [ 139.845856, 35.765571 ], [ 139.845916, 35.765283 ], [ 139.845934, 35.765186 ], [ 139.846036, 35.76465 ], [ 139.846038, 35.764641 ], [ 139.846065, 35.764439 ], [ 139.846113, 35.764085 ], [ 139.846213, 35.763341 ], [ 139.846247, 35.763093 ], [ 139.845968, 35.762148 ], [ 139.845922, 35.761992 ], [ 139.845801, 35.761582 ], [ 139.845689, 35.761203 ], [ 139.845515, 35.760615 ], [ 139.845336, 35.760011 ], [ 139.845191, 35.75963 ], [ 139.84514, 35.759496 ], [ 139.844979, 35.759076 ], [ 139.844933, 35.758956 ], [ 139.844653, 35.758219 ], [ 139.844539, 35.757918 ], [ 139.844226, 35.757094 ] ] ] } },
{ "type": "Feature", "properties": { "key": "葛飾区|亀有5丁目", "ward": "葛飾区", "town": "亀有５丁目" }, "geometry": { "type": "Polygon", "coordinates": [ [ [ 139.851354, 35.769571 ], [ 139.851356, 35.769562 ], [ 139.851434, 35.769383 ], [ 139.851462, 35.769241 ], [ 139.851515, 35.768769 ], [ 139.851516, 35.768759 ], [ 139.851732, 35.767593 ], [ 139.851536, 35.767581 ], [ 139.851115, 35.767529 ], [ 139.850657, 35.767473 ], [ 139.850399, 35.767433 ], [ 139.850129, 35.767391 ], [ 139.849682, 35.767321 ], [ 139.849085, 35.767206 ], [ 139.849021, 35.767188 ], [ 139.848019, 35.76691 ], [ 139.847307, 35.766612 ], [ 139.846904, 35.766437 ], [ 139.846707, 35.766326 ], [ 139.845811, 35.765787 ], [ 139.845819, 35.76585 ], [ 139.844897, 35.765286 ], [ 139.844045, 35.765491 ], [ 139.843991, 35.765484 ], [ 139.84395, 35.765479 ], [ 139.843275, 35.765411 ], [ 139.842883, 35.765372 ], [ 139.842769, 35.765594 ], [ 139.842612, 35.765863 ], [ 139.842325, 35.766377 ], [ 139.842198, 35.766604 ], [ 139.84225, 35.766699 ], [ 139.842388, 35.76702 ], [ 139.842426, 35.767062 ], [ 139.842528, 35.767287 ], [ 139.842761, 35.76757 ], [ 139.842979, 35.767767 ], [ 139.843205, 35.767943 ], [ 139.84331, 35.76804 ], [ 139.84334, 35.768068 ], [ 139.843551, 35.768234 ], [ 139.843909, 35.768483 ], [ 139.844317, 35.768709 ], [ 139.844497, 35.768792 ], [ 139.844584, 35.768854 ], [ 139.844691, 35.768928 ], [ 139.844813, 35.769012 ], [ 139.84508, 35.769195 ], [ 139.845111, 35.76921 ], [ 139.845263, 35.769268 ], [ 139.845481, 35.769334 ], [ 139.84584, 35.769402 ], [ 139.846069, 35.769393 ], [ 139.846079, 35.769392 ], [ 139.846961, 35.769352 ], [ 139.846971, 35.769353 ], [ 139.847868, 35.769434 ], [ 139.84826, 35.769492 ], [ 139.848481, 35.769524 ], [ 139.84862, 35.769545 ], [ 139.84866, 35.769553 ], [ 139.848765, 35.769567 ], [ 139.849321, 35.769593 ], [ 139.849327, 35.769593 ], [ 139.84935, 35.769591 ], [ 139.849893, 35.769588 ], [ 139.849898, 35.769588 ], [ 139.850063, 35.769607 ], [ 139.850575, 35.769716 ], [ 139.85059, 35.769719 ], [ 139.850996, 35.769777 ], [ 139.851065, 35.769776 ], [ 139.851151, 35.769753 ], [ 139.851187, 35.769736 ], [ 139.851269, 35.769699 ], [ 139.851299, 35.76967 ], [ 139.851354, 35.769571 ] ] ] } },
{ "type": "Feature", "properties": { "key": "葛飾区|小菅1丁目", "ward": "葛飾区", "town": "小菅１丁目" }, "geometry": { "type": "Polygon", "coordinates": [ [ [ 139.817084, 35.760042 ], [ 139.817783, 35.760139 ], [ 139.818041, 35.760187 ], [ 139.818306, 35.760227 ], [ 139.819755, 35.760447 ], [ 139.819822, 35.759905 ], [ 139.81992, 35.759224 ], [ 139.81993, 35.75898 ], [ 139.820052, 35.758034 ], [ 139.820159, 35.756987 ], [ 139.82016, 35.756981 ], [ 139.820198, 35.756657 ], [ 139.820204, 35.756605 ], [ 139.820201, 35.756517 ], [ 139.820247, 35.756169 ], [ 139.82028, 35.755926 ], [ 139.820304, 35.755926 ], [ 139.820323, 35.755777 ], [ 139.820364, 35.755326 ], [ 139.820366, 35.755309 ], [ 139.820379, 35.755152 ], [ 139.82038, 35.755141 ], [ 139.82042, 35.754751 ], [ 139.820436, 35.754595 ], [ 139.820486, 35.754055 ], [ 139.8206, 35.752929 ], [ 139.820603, 35.75259 ], [ 139.820609, 35.751963 ], [ 139.820615, 35.751324 ], [ 139.820584, 35.751107 ], [ 139.820576, 35.750838 ], [ 139.820613, 35.750277 ], [ 139.820583, 35.750073 ], [ 139.820652, 35.749664 ], [ 139.820767, 35.749168 ], [ 139.820244, 35.748878 ], [ 139.81834, 35.747769 ], [ 139.818316, 35.747808 ], [ 139.815824, 35.750872 ], [ 139.815067, 35.751907 ], [ 139.814652, 35.752475 ], [ 139.815398, 35.753529 ], [ 139.814922, 35.753638 ], [ 139.81439, 35.753846 ], [ 139.813967, 35.754245 ], [ 139.8135, 35.755189 ], [ 139.813414, 35.755363 ], [ 139.8135, 35.755966 ], [ 139.813584, 35.756558 ], [ 139.813737, 35.757272 ], [ 139.8135, 35.757406 ], [ 139.813341, 35.757496 ], [ 139.813391, 35.75765 ], [ 139.813405, 35.757693 ], [ 139.813463, 35.757949 ], [ 139.813499, 35.758108 ], [ 139.813513, 35.758169 ], [ 139.813515, 35.758298 ], [ 139.813509, 35.758338 ], [ 139.813499, 35.758377 ], [ 139.81344, 35.758625 ], [ 139.813434, 35.758648 ], [ 139.813365, 35.758926 ], [ 139.813256, 35.759352 ], [ 139.813291, 35.759422 ], [ 139.813318, 35.759407 ], [ 139.813499, 35.759455 ], [ 139.813682, 35.759504 ], [ 139.814111, 35.759636 ], [ 139.814343, 35.759705 ], [ 139.814769, 35.759832 ], [ 139.815275, 35.759988 ], [ 139.81531, 35.759999 ], [ 139.815662, 35.760128 ], [ 139.815964, 35.760223 ], [ 139.816367, 35.760331 ], [ 139.81662, 35.760387 ], [ 139.817008, 35.760514 ], [ 139.817084, 35.760042 ] ] ] } },
{ "type": "Feature", "properties": { "key": "葛飾区|小菅2丁目", "ward": "葛飾区", "town": "小菅２丁目" }, "geometry": { "type": "Polygon", "coordinates": [ [ [ 139.827737, 35.751803 ], [ 139.827815, 35.751323 ], [ 139.827837, 35.75119 ], [ 139.827894, 35.75076 ], [ 139.827899, 35.75072 ], [ 139.827931, 35.750494 ], [ 139.827979, 35.750039 ], [ 139.827985, 35.749867 ], [ 139.827963, 35.749743 ], [ 139.827519, 35.749796 ], [ 139.826814, 35.749879 ], [ 139.82646, 35.74992 ], [ 139.825707, 35.750009 ], [ 139.825486, 35.750035 ], [ 139.82528, 35.750059 ], [ 139.825121, 35.750078 ], [ 139.824946, 35.750099 ], [ 139.824502, 35.750154 ], [ 139.824473, 35.750157 ], [ 139.823814, 35.750239 ], [ 139.823632, 35.750257 ], [ 139.823537, 35.750266 ], [ 139.822873, 35.750332 ], [ 139.82268, 35.750351 ], [ 139.822171, 35.750489 ], [ 139.820576, 35.750838 ], [ 139.820584, 35.751107 ], [ 139.820615, 35.751324 ], [ 139.820609, 35.751963 ], [ 139.822526, 35.752106 ], [ 139.822726, 35.752096 ], [ 139.823135, 35.752042 ], [ 139.823684, 35.752139 ], [ 139.823713, 35.752148 ], [ 139.823639, 35.752573 ], [ 139.823504, 35.753404 ], [ 139.824002, 35.753518 ], [ 139.824037, 35.753525 ], [ 139.825049, 35.753726 ], [ 139.825072, 35.753727 ], [ 139.825128, 35.75373 ], [ 139.825452, 35.753732 ], [ 139.825614, 35.753739 ], [ 139.825625, 35.753739 ], [ 139.82579, 35.753744 ], [ 139.825961, 35.753746 ], [ 139.826159, 35.75375 ], [ 139.826503, 35.75375 ], [ 139.82681, 35.753743 ], [ 139.827123, 35.75373 ], [ 139.827418, 35.753714 ], [ 139.827439, 35.75371 ], [ 139.827494, 35.753305 ], [ 139.8275, 35.753254 ], [ 139.82753, 35.752997 ], [ 139.827586, 35.75264 ], [ 139.827616, 35.752452 ], [ 139.827666, 35.752243 ], [ 139.827737, 35.751803 ] ] ] } },
{ "type": "Feature", "properties": { "key": "葛飾区|小菅3丁目", "ward": "葛飾区", "town": "小菅３丁目" }, "geometry": { "type": "Polygon", "coordinates": [ [ [ 139.827787, 35.755469 ], [ 139.827714, 35.755229 ], [ 139.827639, 35.754996 ], [ 139.82753, 35.754661 ], [ 139.827481, 35.754414 ], [ 139.827411, 35.754219 ], [ 139.827398, 35.754123 ], [ 139.827399, 35.754044 ], [ 139.827443, 35.753753 ], [ 139.827439, 35.75371 ], [ 139.827418, 35.753714 ], [ 139.827123, 35.75373 ], [ 139.82681, 35.753743 ], [ 139.826503, 35.75375 ], [ 139.826159, 35.75375 ], [ 139.825961, 35.753746 ], [ 139.82579, 35.753744 ], [ 139.825625, 35.753739 ], [ 139.825614, 35.753739 ], [ 139.825452, 35.753732 ], [ 139.825128, 35.75373 ], [ 139.825072, 35.753727 ], [ 139.825049, 35.753726 ], [ 139.824037, 35.753525 ], [ 139.824002, 35.753518 ], [ 139.823504, 35.753404 ], [ 139.823639, 35.752573 ], [ 139.823713, 35.752148 ], [ 139.823684, 35.752139 ], [ 139.823135, 35.752042 ], [ 139.822726, 35.752096 ], [ 139.822526, 35.752106 ], [ 139.820609, 35.751963 ], [ 139.820603, 35.75259 ], [ 139.8206, 35.752929 ], [ 139.820486, 35.754055 ], [ 139.820436, 35.754595 ], [ 139.82042, 35.754751 ], [ 139.82038, 35.755141 ], [ 139.820379, 35.755152 ], [ 139.820366, 35.755309 ], [ 139.820364, 35.755326 ], [ 139.820323, 35.755777 ], [ 139.820304, 35.755926 ], [ 139.820785, 35.755916 ], [ 139.820952, 35.755888 ], [ 139.821278, 35.755806 ], [ 139.82138, 35.755779 ], [ 139.821403, 35.755773 ], [ 139.821537, 35.755738 ], [ 139.822197, 35.755556 ], [ 139.82243, 35.755553 ], [ 139.822721, 35.755571 ], [ 139.822983, 35.755577 ], [ 139.823218, 35.755648 ], [ 139.823362, 35.755775 ], [ 139.823339, 35.755509 ], [ 139.823539, 35.755558 ], [ 139.824476, 35.755805 ], [ 139.824882, 35.755905 ], [ 139.82511, 35.755963 ], [ 139.825793, 35.756122 ], [ 139.825946, 35.756182 ], [ 139.826203, 35.756242 ], [ 139.826487, 35.756309 ], [ 139.826861, 35.756396 ], [ 139.827014, 35.756437 ], [ 139.827323, 35.756521 ], [ 139.828194, 35.756734 ], [ 139.828233, 35.756749 ], [ 139.828106, 35.756397 ], [ 139.828059, 35.756265 ], [ 139.827814, 35.755558 ], [ 139.827787, 35.755469 ] ] ] } },
{ "type": "Feature", "properties": { "key": "葛飾区|小菅4丁目", "ward": "葛飾区", "town": "小菅４丁目" }, "geometry": { "type": "Polygon", "coordinates": [ [ [ 139.827933, 35.757376 ], [ 139.82827, 35.757407 ], [ 139.828481, 35.757416 ], [ 139.828233, 35.756749 ], [ 139.828194, 35.756734 ], [ 139.827323, 35.756521 ], [ 139.827014, 35.756437 ], [ 139.826861, 35.756396 ], [ 139.826487, 35.756309 ], [ 139.826203, 35.756242 ], [ 139.825946, 35.756182 ], [ 139.825793, 35.756122 ], [ 139.82511, 35.755963 ], [ 139.824882, 35.755905 ], [ 139.824476, 35.755805 ], [ 139.823539, 35.755558 ], [ 139.823339, 35.755509 ], [ 139.823362, 35.755775 ], [ 139.823465, 35.755866 ], [ 139.823501, 35.756029 ], [ 139.823512, 35.756095 ], [ 139.823578, 35.756514 ], [ 139.823746, 35.757408 ], [ 139.823805, 35.757819 ], [ 139.823825, 35.757958 ], [ 139.823842, 35.758073 ], [ 139.823918, 35.75867 ], [ 139.823993, 35.759233 ], [ 139.823997, 35.759266 ], [ 139.824084, 35.759909 ], [ 139.824086, 35.759924 ], [ 139.824163, 35.760489 ], [ 139.824164, 35.760497 ], [ 139.824213, 35.760906 ], [ 139.824218, 35.760936 ], [ 139.824289, 35.761387 ], [ 139.824287, 35.761429 ], [ 139.824287, 35.761438 ], [ 139.824256, 35.761659 ], [ 139.82421, 35.76199 ], [ 139.825148, 35.762091 ], [ 139.826406, 35.762228 ], [ 139.826963, 35.762288 ], [ 139.826987, 35.761966 ], [ 139.826859, 35.761897 ], [ 139.826745, 35.761871 ], [ 139.826464, 35.761841 ], [ 139.826067, 35.7618 ], [ 139.825959, 35.761767 ], [ 139.825912, 35.761734 ], [ 139.825897, 35.761641 ], [ 139.825902, 35.761483 ], [ 139.825985, 35.761184 ], [ 139.825883, 35.760883 ], [ 139.825756, 35.760508 ], [ 139.825605, 35.760153 ], [ 139.825498, 35.759903 ], [ 139.825486, 35.759875 ], [ 139.825263, 35.759325 ], [ 139.825271, 35.759273 ], [ 139.825272, 35.759263 ], [ 139.825453, 35.758665 ], [ 139.825549, 35.758351 ], [ 139.825574, 35.758269 ], [ 139.825504, 35.75812 ], [ 139.825398, 35.758037 ], [ 139.825507, 35.758015 ], [ 139.825705, 35.758008 ], [ 139.825885, 35.757989 ], [ 139.826321, 35.757822 ], [ 139.826351, 35.757812 ], [ 139.826751, 35.757672 ], [ 139.826924, 35.757628 ], [ 139.827357, 35.757487 ], [ 139.827379, 35.757481 ], [ 139.827688, 35.757392 ], [ 139.827933, 35.757376 ] ] ] } },
{ "type": "Feature", "properties": { "key": "葛飾区|柴又1丁目", "ward": "葛飾区", "town": "柴又１丁目" }, "geometry": { "type": "Polygon", "coordinates": [ [ [ 139.875022, 35.757582 ], [ 139.875596, 35.757762 ], [ 139.875546, 35.757498 ], [ 139.875441, 35.757077 ], [ 139.875381, 35.756861 ], [ 139.875337, 35.756747 ], [ 139.875164, 35.75649 ], [ 139.874984, 35.756253 ], [ 139.874907, 35.756157 ], [ 139.874324, 35.755429 ], [ 139.8743, 35.755401 ], [ 139.873659, 35.754614 ], [ 139.873479, 35.754402 ], [ 139.873, 35.753867 ], [ 139.873006, 35.75386 ], [ 139.872447, 35.753276 ], [ 139.872072, 35.752885 ], [ 139.871588, 35.752414 ], [ 139.871355, 35.752444 ], [ 139.871225, 35.752475 ], [ 139.871172, 35.752557 ], [ 139.871034, 35.75267 ], [ 139.870901, 35.752821 ], [ 139.87044, 35.753472 ], [ 139.870192, 35.753844 ], [ 139.870134, 35.753904 ], [ 139.870097, 35.754008 ], [ 139.870142, 35.753996 ], [ 139.870119, 35.754054 ], [ 139.8699, 35.754352 ], [ 139.869689, 35.754704 ], [ 139.869741, 35.754738 ], [ 139.869534, 35.754954 ], [ 139.869521, 35.754978 ], [ 139.869377, 35.755226 ], [ 139.869443, 35.75527 ], [ 139.869344, 35.755445 ], [ 139.87006, 35.756187 ], [ 139.870126, 35.756261 ], [ 139.870256, 35.756545 ], [ 139.870442, 35.756949 ], [ 139.870755, 35.757583 ], [ 139.87076, 35.75761 ], [ 139.871106, 35.75833 ], [ 139.871833, 35.758138 ], [ 139.871975, 35.758089 ], [ 139.872485, 35.758009 ], [ 139.873083, 35.757908 ], [ 139.873539, 35.757841 ], [ 139.873895, 35.757777 ], [ 139.874169, 35.757736 ], [ 139.875022, 35.757582 ] ] ] } },
{ "type": "Feature", "properties": { "key": "葛飾区|柴又2丁目", "ward": "葛飾区", "town": "柴又２丁目" }, "geometry": { "type": "Polygon", "coordinates": [ [ [ 139.87076, 35.75761 ], [ 139.870755, 35.757583 ], [ 139.870442, 35.756949 ], [ 139.870256, 35.756545 ], [ 139.870126, 35.756261 ], [ 139.87006, 35.756187 ], [ 139.869344, 35.755445 ], [ 139.869023, 35.755859 ], [ 139.868745, 35.756357 ], [ 139.868609, 35.756702 ], [ 139.868557, 35.756791 ], [ 139.868551, 35.756801 ], [ 139.868176, 35.757471 ], [ 139.867724, 35.758216 ], [ 139.867675, 35.758214 ], [ 139.86726, 35.759 ], [ 139.86703, 35.759268 ], [ 139.866827, 35.759486 ], [ 139.866467, 35.759767 ], [ 139.866154, 35.760088 ], [ 139.86599, 35.76023 ], [ 139.866135, 35.760359 ], [ 139.866185, 35.760403 ], [ 139.866731, 35.760547 ], [ 139.867556, 35.760789 ], [ 139.868395, 35.761031 ], [ 139.869189, 35.761266 ], [ 139.869599, 35.760333 ], [ 139.869694, 35.760104 ], [ 139.869701, 35.760088 ], [ 139.869897, 35.759618 ], [ 139.870275, 35.758706 ], [ 139.870304, 35.758635 ], [ 139.871106, 35.75833 ], [ 139.87076, 35.75761 ] ] ] } },
{ "type": "Feature", "properties": { "key": "葛飾区|柴又3丁目", "ward": "葛飾区", "town": "柴又３丁目" }, "geometry": { "type": "Polygon", "coordinates": [ [ [ 139.873603, 35.762666 ], [ 139.873666, 35.762563 ], [ 139.873773, 35.762387 ], [ 139.874102, 35.761852 ], [ 139.874673, 35.760908 ], [ 139.875143, 35.76014 ], [ 139.875429, 35.759396 ], [ 139.875593, 35.758981 ], [ 139.875765, 35.758644 ], [ 139.875596, 35.757762 ], [ 139.875022, 35.757582 ], [ 139.874169, 35.757736 ], [ 139.873895, 35.757777 ], [ 139.873539, 35.757841 ], [ 139.873083, 35.757908 ], [ 139.872485, 35.758009 ], [ 139.871975, 35.758089 ], [ 139.871833, 35.758138 ], [ 139.871106, 35.75833 ], [ 139.870304, 35.758635 ], [ 139.870275, 35.758706 ], [ 139.869897, 35.759618 ], [ 139.869701, 35.760088 ], [ 139.869694, 35.760104 ], [ 139.869599, 35.760333 ], [ 139.869189, 35.761266 ], [ 139.869657, 35.761397 ], [ 139.869906, 35.761466 ], [ 139.870683, 35.761682 ], [ 139.870668, 35.761709 ], [ 139.871357, 35.762164 ], [ 139.871683, 35.762296 ], [ 139.872026, 35.762436 ], [ 139.872691, 35.762714 ], [ 139.87272, 35.762695 ], [ 139.87341, 35.762972 ], [ 139.873554, 35.762743 ], [ 139.873603, 35.762666 ] ] ] } },
{ "type": "Feature", "properties": { "key": "葛飾区|柴又4丁目", "ward": "葛飾区", "town": "柴又４丁目" }, "geometry": { "type": "Polygon", "coordinates": [ [ [ 139.879233, 35.749981 ], [ 139.878467, 35.750203 ], [ 139.878091, 35.75031 ], [ 139.877841, 35.750387 ], [ 139.877306, 35.750554 ], [ 139.877151, 35.750603 ], [ 139.877035, 35.750639 ], [ 139.876546, 35.750791 ], [ 139.876036, 35.750973 ], [ 139.875529, 35.751154 ], [ 139.875109, 35.75133 ], [ 139.874701, 35.75151 ], [ 139.874494, 35.751602 ], [ 139.874381, 35.751653 ], [ 139.874237, 35.751717 ], [ 139.873859, 35.751886 ], [ 139.873804, 35.751925 ], [ 139.873615, 35.751984 ], [ 139.873051, 35.752172 ], [ 139.872849, 35.752246 ], [ 139.872702, 35.752271 ], [ 139.871589, 35.752408 ], [ 139.871588, 35.752414 ], [ 139.872072, 35.752885 ], [ 139.872447, 35.753276 ], [ 139.873006, 35.75386 ], [ 139.873, 35.753867 ], [ 139.873479, 35.754402 ], [ 139.873659, 35.754614 ], [ 139.8743, 35.755401 ], [ 139.874324, 35.755429 ], [ 139.874907, 35.756157 ], [ 139.874984, 35.756253 ], [ 139.875164, 35.75649 ], [ 139.875337, 35.756747 ], [ 139.875381, 35.756861 ], [ 139.875441, 35.757077 ], [ 139.875664, 35.757077 ], [ 139.875815, 35.757055 ], [ 139.87619, 35.756924 ], [ 139.876299, 35.756859 ], [ 139.87639, 35.756808 ], [ 139.876592, 35.75672 ], [ 139.876716, 35.75642 ], [ 139.876738, 35.756356 ], [ 139.876774, 35.756251 ], [ 139.876876, 35.755959 ], [ 139.877069, 35.755332 ], [ 139.877088, 35.755297 ], [ 139.877279, 35.754737 ], [ 139.877292, 35.75465 ], [ 139.877427, 35.754279 ], [ 139.877609, 35.753779 ], [ 139.877617, 35.75376 ], [ 139.877753, 35.753429 ], [ 139.877785, 35.75335 ], [ 139.877956, 35.752937 ], [ 139.878298, 35.752141 ], [ 139.87833, 35.752111 ], [ 139.878797, 35.751067 ], [ 139.878951, 35.750684 ], [ 139.879233, 35.749981 ] ] ] } },
{ "type": "Feature", "properties": { "key": "葛飾区|柴又5丁目", "ward": "葛飾区", "town": "柴又５丁目" }, "geometry": { "type": "Polygon", "coordinates": [ [ [ 139.888154, 35.752897 ], [ 139.889009, 35.751919 ], [ 139.889337, 35.751533 ], [ 139.889674, 35.751075 ], [ 139.889993, 35.750731 ], [ 139.889686, 35.750726 ], [ 139.885954, 35.750669 ], [ 139.885843, 35.750495 ], [ 139.88583, 35.750475 ], [ 139.885447, 35.750497 ], [ 139.885113, 35.750548 ], [ 139.885098, 35.750548 ], [ 139.884744, 35.750534 ], [ 139.88468, 35.750476 ], [ 139.884643, 35.75041 ], [ 139.884641, 35.750326 ], [ 139.884482, 35.750316 ], [ 139.884314, 35.750248 ], [ 139.884074, 35.750221 ], [ 139.884093, 35.750051 ], [ 139.883357, 35.750079 ], [ 139.88338, 35.749903 ], [ 139.883036, 35.749875 ], [ 139.882968, 35.749799 ], [ 139.882778, 35.749422 ], [ 139.882758, 35.749382 ], [ 139.882679, 35.74939 ], [ 139.882545, 35.749427 ], [ 139.882397, 35.749469 ], [ 139.88215, 35.74953 ], [ 139.88201, 35.749545 ], [ 139.881982, 35.749548 ], [ 139.881452, 35.749595 ], [ 139.880806, 35.749663 ], [ 139.880637, 35.749679 ], [ 139.88062, 35.749681 ], [ 139.880598, 35.749683 ], [ 139.880361, 35.749712 ], [ 139.879927, 35.749812 ], [ 139.879844, 35.749832 ], [ 139.879363, 35.749947 ], [ 139.879233, 35.749981 ], [ 139.878951, 35.750684 ], [ 139.878797, 35.751067 ], [ 139.87833, 35.752111 ], [ 139.878298, 35.752141 ], [ 139.877956, 35.752937 ], [ 139.877785, 35.75335 ], [ 139.877753, 35.753429 ], [ 139.877617, 35.75376 ], [ 139.877967, 35.753647 ], [ 139.87854, 35.753461 ], [ 139.879647, 35.753098 ], [ 139.879652, 35.753124 ], [ 139.879846, 35.7532 ], [ 139.880598, 35.753495 ], [ 139.881214, 35.753736 ], [ 139.881895, 35.753999 ], [ 139.882424, 35.754203 ], [ 139.882939, 35.75441 ], [ 139.885531, 35.755399 ], [ 139.886466, 35.754531 ], [ 139.886967, 35.754096 ], [ 139.887502, 35.753589 ], [ 139.888154, 35.752897 ] ] ] } },
{ "type": "Feature", "properties": { "key": "葛飾区|柴又6丁目", "ward": "葛飾区", "town": "柴又６丁目" }, "geometry": { "type": "Polygon", "coordinates": [ [ [ 139.884357, 35.756761 ], [ 139.884737, 35.756289 ], [ 139.885139, 35.755797 ], [ 139.885531, 35.755399 ], [ 139.882939, 35.75441 ], [ 139.882424, 35.754203 ], [ 139.881895, 35.753999 ], [ 139.881214, 35.753736 ], [ 139.880598, 35.753495 ], [ 139.879846, 35.7532 ], [ 139.879652, 35.753124 ], [ 139.879647, 35.753098 ], [ 139.87854, 35.753461 ], [ 139.877967, 35.753647 ], [ 139.877617, 35.75376 ], [ 139.877609, 35.753779 ], [ 139.877427, 35.754279 ], [ 139.877292, 35.75465 ], [ 139.877279, 35.754737 ], [ 139.877088, 35.755297 ], [ 139.877069, 35.755332 ], [ 139.876876, 35.755959 ], [ 139.876774, 35.756251 ], [ 139.876738, 35.756356 ], [ 139.876716, 35.75642 ], [ 139.876592, 35.75672 ], [ 139.876599, 35.756724 ], [ 139.876853, 35.756631 ], [ 139.876887, 35.756677 ], [ 139.877068, 35.75703 ], [ 139.877198, 35.75708 ], [ 139.877407, 35.757098 ], [ 139.877521, 35.757086 ], [ 139.877703, 35.757117 ], [ 139.878148, 35.757275 ], [ 139.878673, 35.757278 ], [ 139.878821, 35.757293 ], [ 139.879106, 35.75735 ], [ 139.879429, 35.757402 ], [ 139.879638, 35.757455 ], [ 139.879849, 35.757525 ], [ 139.880024, 35.757583 ], [ 139.880255, 35.757663 ], [ 139.880865, 35.757797 ], [ 139.880956, 35.757811 ], [ 139.88337, 35.758173 ], [ 139.883664, 35.757659 ], [ 139.883982, 35.757243 ], [ 139.884357, 35.756761 ] ] ] } },
{ "type": "Feature", "properties": { "key": "葛飾区|柴又7丁目", "ward": "葛飾区", "town": "柴又７丁目" }, "geometry": { "type": "Polygon", "coordinates": [ [ [ 139.877521, 35.757086 ], [ 139.877407, 35.757098 ], [ 139.877198, 35.75708 ], [ 139.877068, 35.75703 ], [ 139.876887, 35.756677 ], [ 139.876853, 35.756631 ], [ 139.876599, 35.756724 ], [ 139.876592, 35.75672 ], [ 139.87639, 35.756808 ], [ 139.876299, 35.756859 ], [ 139.87619, 35.756924 ], [ 139.875815, 35.757055 ], [ 139.875664, 35.757077 ], [ 139.875441, 35.757077 ], [ 139.875546, 35.757498 ], [ 139.875596, 35.757762 ], [ 139.875765, 35.758644 ], [ 139.875593, 35.758981 ], [ 139.875679, 35.75908 ], [ 139.876862, 35.759557 ], [ 139.877739, 35.759908 ], [ 139.877848, 35.759948 ], [ 139.878211, 35.760091 ], [ 139.878684, 35.760276 ], [ 139.878986, 35.760392 ], [ 139.879254, 35.760487 ], [ 139.879113, 35.760743 ], [ 139.87948, 35.7609 ], [ 139.879851, 35.761049 ], [ 139.88006, 35.761133 ], [ 139.880254, 35.761211 ], [ 139.882615, 35.762215 ], [ 139.882632, 35.762222 ], [ 139.88273, 35.762016 ], [ 139.882818, 35.761709 ], [ 139.882873, 35.761464 ], [ 139.882922, 35.761161 ], [ 139.882941, 35.760808 ], [ 139.88294, 35.760476 ], [ 139.88306, 35.759735 ], [ 139.883113, 35.759265 ], [ 139.883232, 35.758636 ], [ 139.88337, 35.758173 ], [ 139.880956, 35.757811 ], [ 139.880865, 35.757797 ], [ 139.880255, 35.757663 ], [ 139.880024, 35.757583 ], [ 139.879849, 35.757525 ], [ 139.879638, 35.757455 ], [ 139.879429, 35.757402 ], [ 139.879106, 35.75735 ], [ 139.878821, 35.757293 ], [ 139.878673, 35.757278 ], [ 139.878148, 35.757275 ], [ 139.877703, 35.757117 ], [ 139.877521, 35.757086 ] ] ] } },
{ "type": "Feature", "properties": { "key": "葛飾区|白鳥1丁目", "ward": "葛飾区", "town": "白鳥１丁目" }, "geometry": { "type": "Polygon", "coordinates": [ [ [ 139.844651, 35.745211 ], [ 139.844539, 35.745257 ], [ 139.844111, 35.744815 ], [ 139.843789, 35.744258 ], [ 139.843773, 35.744241 ], [ 139.84292, 35.744674 ], [ 139.842586, 35.74486 ], [ 139.842578, 35.744865 ], [ 139.842156, 35.745068 ], [ 139.841728, 35.745276 ], [ 139.841146, 35.745556 ], [ 139.840405, 35.745732 ], [ 139.840592, 35.746282 ], [ 139.840914, 35.747232 ], [ 139.840933, 35.747286 ], [ 139.840989, 35.747451 ], [ 139.841533, 35.747356 ], [ 139.842638, 35.747144 ], [ 139.843864, 35.746909 ], [ 139.845766, 35.746555 ], [ 139.845628, 35.746366 ], [ 139.845446, 35.74613 ], [ 139.845401, 35.746077 ], [ 139.844888, 35.745477 ], [ 139.844651, 35.745211 ] ] ] } },
{ "type": "Feature", "properties": { "key": "葛飾区|白鳥2丁目", "ward": "葛飾区", "town": "白鳥２丁目" }, "geometry": { "type": "Polygon", "coordinates": [ [ [ 139.845209, 35.749913 ], [ 139.845215, 35.749952 ], [ 139.846228, 35.749888 ], [ 139.847202, 35.749811 ], [ 139.84726, 35.74979 ], [ 139.84738, 35.749739 ], [ 139.847453, 35.749708 ], [ 139.847904, 35.749518 ], [ 139.847843, 35.749405 ], [ 139.847154, 35.748487 ], [ 139.847209, 35.74846 ], [ 139.846369, 35.747374 ], [ 139.846273, 35.747248 ], [ 139.845993, 35.746866 ], [ 139.845965, 35.746827 ], [ 139.845821, 35.74663 ], [ 139.845766, 35.746555 ], [ 139.843864, 35.746909 ], [ 139.842638, 35.747144 ], [ 139.841533, 35.747356 ], [ 139.840989, 35.747451 ], [ 139.841002, 35.747491 ], [ 139.841233, 35.748192 ], [ 139.841492, 35.748785 ], [ 139.841805, 35.749503 ], [ 139.842066, 35.750132 ], [ 139.842801, 35.750083 ], [ 139.84312, 35.750062 ], [ 139.843422, 35.750042 ], [ 139.84396, 35.750006 ], [ 139.845209, 35.749913 ] ] ] } },
{ "type": "Feature", "properties": { "key": "葛飾区|白鳥3丁目", "ward": "葛飾区", "town": "白鳥３丁目" }, "geometry": { "type": "Polygon", "coordinates": [ [ [ 139.84738, 35.749739 ], [ 139.84726, 35.74979 ], [ 139.847202, 35.749811 ], [ 139.846228, 35.749888 ], [ 139.845215, 35.749952 ], [ 139.845209, 35.749913 ], [ 139.84396, 35.750006 ], [ 139.843422, 35.750042 ], [ 139.84312, 35.750062 ], [ 139.842801, 35.750083 ], [ 139.842066, 35.750132 ], [ 139.842261, 35.750798 ], [ 139.842401, 35.751248 ], [ 139.842466, 35.751457 ], [ 139.842653, 35.752026 ], [ 139.842704, 35.752201 ], [ 139.842879, 35.752765 ], [ 139.843104, 35.753477 ], [ 139.843199, 35.75377 ], [ 139.843498, 35.754695 ], [ 139.843501, 35.754704 ], [ 139.84351, 35.75473 ], [ 139.843542, 35.754851 ], [ 139.843934, 35.756153 ], [ 139.844176, 35.756963 ], [ 139.844226, 35.757094 ], [ 139.844248, 35.757044 ], [ 139.844491, 35.7565 ], [ 139.844693, 35.756046 ], [ 139.84506, 35.755136 ], [ 139.845225, 35.754726 ], [ 139.845312, 35.754493 ], [ 139.845539, 35.753982 ], [ 139.845766, 35.753474 ], [ 139.845749, 35.753455 ], [ 139.845772, 35.753403 ], [ 139.845959, 35.752997 ], [ 139.845973, 35.752963 ], [ 139.846149, 35.752546 ], [ 139.846325, 35.752131 ], [ 139.84649, 35.751744 ], [ 139.846636, 35.7514 ], [ 139.846776, 35.751072 ], [ 139.846964, 35.750654 ], [ 139.847056, 35.750414 ], [ 139.847079, 35.750333 ], [ 139.8472, 35.750093 ], [ 139.84738, 35.749739 ] ] ] } },
{ "type": "Feature", "properties": { "key": "葛飾区|白鳥4丁目", "ward": "葛飾区", "town": "白鳥４丁目" }, "geometry": { "type": "Polygon", "coordinates": [ [ [ 139.849098, 35.750972 ], [ 139.849017, 35.751019 ], [ 139.848505, 35.750352 ], [ 139.848475, 35.750138 ], [ 139.848103, 35.749829 ], [ 139.847996, 35.749689 ], [ 139.847904, 35.749518 ], [ 139.847453, 35.749708 ], [ 139.84738, 35.749739 ], [ 139.8472, 35.750093 ], [ 139.847079, 35.750333 ], [ 139.847056, 35.750414 ], [ 139.846964, 35.750654 ], [ 139.846776, 35.751072 ], [ 139.846636, 35.7514 ], [ 139.84649, 35.751744 ], [ 139.846325, 35.752131 ], [ 139.846149, 35.752546 ], [ 139.845973, 35.752963 ], [ 139.845959, 35.752997 ], [ 139.845772, 35.753403 ], [ 139.84613, 35.753697 ], [ 139.846485, 35.754002 ], [ 139.847034, 35.754437 ], [ 139.847535, 35.754855 ], [ 139.848215, 35.755395 ], [ 139.848223, 35.755401 ], [ 139.848518, 35.755643 ], [ 139.849322, 35.756302 ], [ 139.849331, 35.756309 ], [ 139.849444, 35.756134 ], [ 139.849446, 35.75613 ], [ 139.8496, 35.755883 ], [ 139.849603, 35.755878 ], [ 139.849955, 35.755294 ], [ 139.85025, 35.754816 ], [ 139.850474, 35.754452 ], [ 139.850767, 35.753973 ], [ 139.8508, 35.75392 ], [ 139.851121, 35.753365 ], [ 139.850439, 35.752575 ], [ 139.850059, 35.752128 ], [ 139.849098, 35.750972 ] ] ] } },
{ "type": "Feature", "properties": { "key": "葛飾区|新小岩1丁目", "ward": "葛飾区", "town": "新小岩１丁目" }, "geometry": { "type": "Polygon", "coordinates": [ [ [ 139.858728, 35.717573 ], [ 139.858908, 35.717666 ], [ 139.859089, 35.717471 ], [ 139.858896, 35.717355 ], [ 139.859282, 35.716993 ], [ 139.859495, 35.716801 ], [ 139.860064, 35.716271 ], [ 139.86042, 35.715956 ], [ 139.860652, 35.715725 ], [ 139.86123, 35.715189 ], [ 139.861296, 35.715231 ], [ 139.861487, 35.715055 ], [ 139.86154, 35.715007 ], [ 139.861879, 35.714696 ], [ 139.862318, 35.714303 ], [ 139.862515, 35.714119 ], [ 139.86262, 35.714024 ], [ 139.862821, 35.713841 ], [ 139.862953, 35.713719 ], [ 139.863148, 35.713538 ], [ 139.863531, 35.713189 ], [ 139.863414, 35.713102 ], [ 139.863319, 35.713188 ], [ 139.862958, 35.712937 ], [ 139.862939, 35.712938 ], [ 139.862643, 35.713197 ], [ 139.862397, 35.713028 ], [ 139.862277, 35.713136 ], [ 139.86217, 35.713231 ], [ 139.861783, 35.713591 ], [ 139.861739, 35.713594 ], [ 139.861128, 35.714149 ], [ 139.861117, 35.714159 ], [ 139.860796, 35.714449 ], [ 139.860339, 35.714107 ], [ 139.859875, 35.713757 ], [ 139.859613, 35.713978 ], [ 139.859581, 35.714005 ], [ 139.859565, 35.71402 ], [ 139.859311, 35.714257 ], [ 139.859308, 35.714259 ], [ 139.858788, 35.713896 ], [ 139.858701, 35.713824 ], [ 139.858576, 35.713937 ], [ 139.858701, 35.714027 ], [ 139.85859, 35.714106 ], [ 139.858535, 35.714061 ], [ 139.858445, 35.714152 ], [ 139.858391, 35.71411 ], [ 139.85815, 35.713946 ], [ 139.858122, 35.71385 ], [ 139.858089, 35.71386 ], [ 139.858004, 35.713887 ], [ 139.857609, 35.714013 ], [ 139.857586, 35.71402 ], [ 139.857128, 35.714167 ], [ 139.856865, 35.714233 ], [ 139.856779, 35.714254 ], [ 139.85668, 35.714279 ], [ 139.85646, 35.714111 ], [ 139.856411, 35.714115 ], [ 139.856269, 35.714077 ], [ 139.856255, 35.714061 ], [ 139.85622, 35.713783 ], [ 139.856194, 35.713783 ], [ 139.856087, 35.713807 ], [ 139.855709, 35.713953 ], [ 139.855613, 35.713955 ], [ 139.855509, 35.713958 ], [ 139.855446, 35.71396 ], [ 139.855406, 35.713848 ], [ 139.855376, 35.713748 ], [ 139.85535, 35.713734 ], [ 139.855296, 35.713706 ], [ 139.855122, 35.713717 ], [ 139.855083, 35.713579 ], [ 139.855011, 35.713497 ], [ 139.855009, 35.713493 ], [ 139.854988, 35.713459 ], [ 139.855011, 35.713394 ], [ 139.855022, 35.713365 ], [ 139.855018, 35.713351 ], [ 139.85494, 35.713249 ], [ 139.854865, 35.713183 ], [ 139.854786, 35.713109 ], [ 139.854797, 35.713056 ], [ 139.854674, 35.712929 ], [ 139.854699, 35.712841 ], [ 139.85465, 35.712807 ], [ 139.854628, 35.712792 ], [ 139.854614, 35.712783 ], [ 139.854676, 35.71271 ], [ 139.854453, 35.712583 ], [ 139.854439, 35.712575 ], [ 139.851021, 35.710674 ], [ 139.850991, 35.710704 ], [ 139.849897, 35.711796 ], [ 139.849882, 35.71181 ], [ 139.853025, 35.713975 ], [ 139.854013, 35.714652 ], [ 139.855584, 35.71574 ], [ 139.855591, 35.715818 ], [ 139.855876, 35.716013 ], [ 139.856392, 35.716336 ], [ 139.857171, 35.716849 ], [ 139.857845, 35.717292 ], [ 139.85775, 35.717395 ], [ 139.857786, 35.71742 ], [ 139.857917, 35.717498 ], [ 139.858008, 35.717408 ], [ 139.858566, 35.717734 ], [ 139.858728, 35.717573 ] ] ] } },
{ "type": "Feature", "properties": { "key": "葛飾区|新小岩2丁目", "ward": "葛飾区", "town": "新小岩２丁目" }, "geometry": { "type": "Polygon", "coordinates": [ [ [ 139.861891, 35.717983 ], [ 139.861927, 35.717991 ], [ 139.861938, 35.717925 ], [ 139.862207, 35.717884 ], [ 139.862506, 35.717839 ], [ 139.862595, 35.717832 ], [ 139.862865, 35.71781 ], [ 139.862914, 35.717781 ], [ 139.863199, 35.71774 ], [ 139.86323, 35.717756 ], [ 139.863834, 35.717721 ], [ 139.863834, 35.717684 ], [ 139.864179, 35.717661 ], [ 139.864509, 35.717679 ], [ 139.864506, 35.717647 ], [ 139.864368, 35.71698 ], [ 139.864275, 35.71653 ], [ 139.864206, 35.716211 ], [ 139.86413, 35.715859 ], [ 139.864058, 35.715523 ], [ 139.863987, 35.71519 ], [ 139.863919, 35.714873 ], [ 139.863856, 35.714574 ], [ 139.863791, 35.714274 ], [ 139.863713, 35.713911 ], [ 139.863642, 35.713535 ], [ 139.863603, 35.713333 ], [ 139.863564, 35.713212 ], [ 139.863531, 35.713189 ], [ 139.863148, 35.713538 ], [ 139.862953, 35.713719 ], [ 139.862821, 35.713841 ], [ 139.86262, 35.714024 ], [ 139.862515, 35.714119 ], [ 139.862318, 35.714303 ], [ 139.861879, 35.714696 ], [ 139.86154, 35.715007 ], [ 139.861487, 35.715055 ], [ 139.861296, 35.715231 ], [ 139.86123, 35.715189 ], [ 139.860652, 35.715725 ], [ 139.86042, 35.715956 ], [ 139.860064, 35.716271 ], [ 139.859495, 35.716801 ], [ 139.859282, 35.716993 ], [ 139.858896, 35.717355 ], [ 139.859089, 35.717471 ], [ 139.859273, 35.717582 ], [ 139.860199, 35.718138 ], [ 139.860795, 35.718469 ], [ 139.86085, 35.718497 ], [ 139.861257, 35.718376 ], [ 139.861273, 35.718351 ], [ 139.86163, 35.718242 ], [ 139.861709, 35.718219 ], [ 139.861891, 35.717983 ] ] ] } },
{ "type": "Feature", "properties": { "key": "葛飾区|新小岩3丁目", "ward": "葛飾区", "town": "新小岩３丁目" }, "geometry": { "type": "Polygon", "coordinates": [ [ [ 139.866819, 35.717569 ], [ 139.866913, 35.717358 ], [ 139.866983, 35.717243 ], [ 139.867153, 35.71696 ], [ 139.867227, 35.716837 ], [ 139.867274, 35.716759 ], [ 139.867359, 35.716618 ], [ 139.867668, 35.715951 ], [ 139.86776, 35.715737 ], [ 139.867784, 35.71568 ], [ 139.867889, 35.715446 ], [ 139.867926, 35.715363 ], [ 139.867997, 35.715203 ], [ 139.868039, 35.715109 ], [ 139.868182, 35.714937 ], [ 139.868332, 35.714771 ], [ 139.868364, 35.714688 ], [ 139.868459, 35.714435 ], [ 139.8685, 35.714272 ], [ 139.868516, 35.714171 ], [ 139.868524, 35.714117 ], [ 139.86853, 35.713955 ], [ 139.868502, 35.713882 ], [ 139.868472, 35.7138 ], [ 139.868411, 35.713699 ], [ 139.868402, 35.713528 ], [ 139.868401, 35.713512 ], [ 139.868413, 35.713341 ], [ 139.868416, 35.713297 ], [ 139.868416, 35.713285 ], [ 139.868418, 35.713134 ], [ 139.868347, 35.712835 ], [ 139.868302, 35.712743 ], [ 139.868183, 35.712601 ], [ 139.868053, 35.712446 ], [ 139.867942, 35.712313 ], [ 139.867738, 35.712067 ], [ 139.867651, 35.712133 ], [ 139.867587, 35.712299 ], [ 139.867504, 35.712308 ], [ 139.867284, 35.712019 ], [ 139.867272, 35.712003 ], [ 139.867156, 35.712009 ], [ 139.86713, 35.712011 ], [ 139.867131, 35.712013 ], [ 139.867157, 35.712343 ], [ 139.867112, 35.712348 ], [ 139.866825, 35.712378 ], [ 139.866825, 35.71236 ], [ 139.866727, 35.712363 ], [ 139.866726, 35.712388 ], [ 139.866656, 35.7129 ], [ 139.866537, 35.712932 ], [ 139.866204, 35.712992 ], [ 139.865964, 35.713035 ], [ 139.865188, 35.713195 ], [ 139.864811, 35.713271 ], [ 139.864761, 35.713041 ], [ 139.86474, 35.713027 ], [ 139.864127, 35.713131 ], [ 139.863603, 35.713333 ], [ 139.863642, 35.713535 ], [ 139.863713, 35.713911 ], [ 139.863791, 35.714274 ], [ 139.863856, 35.714574 ], [ 139.863919, 35.714873 ], [ 139.863987, 35.71519 ], [ 139.864058, 35.715523 ], [ 139.86413, 35.715859 ], [ 139.864206, 35.716211 ], [ 139.864275, 35.71653 ], [ 139.864368, 35.71698 ], [ 139.864506, 35.717647 ], [ 139.864509, 35.717679 ], [ 139.86481, 35.717724 ], [ 139.864982, 35.717719 ], [ 139.865455, 35.717644 ], [ 139.865577, 35.717632 ], [ 139.865616, 35.717628 ], [ 139.865942, 35.717713 ], [ 139.86649, 35.717856 ], [ 139.866498, 35.717838 ], [ 139.866547, 35.717758 ], [ 139.866819, 35.717569 ] ] ] } },
{ "type": "Feature", "properties": { "key": "葛飾区|新小岩4丁目", "ward": "葛飾区", "town": "新小岩４丁目" }, "geometry": { "type": "Polygon", "coordinates": [ [ [ 139.870011, 35.724362 ], [ 139.86981, 35.724251 ], [ 139.869761, 35.724225 ], [ 139.869565, 35.724459 ], [ 139.869201, 35.724211 ], [ 139.869168, 35.724213 ], [ 139.869122, 35.724216 ], [ 139.869038, 35.724294 ], [ 139.868927, 35.724225 ], [ 139.868912, 35.724215 ], [ 139.86872, 35.724086 ], [ 139.868807, 35.724011 ], [ 139.868782, 35.723954 ], [ 139.86878, 35.723868 ], [ 139.869047, 35.723481 ], [ 139.868905, 35.723426 ], [ 139.868419, 35.723217 ], [ 139.868301, 35.723129 ], [ 139.868189, 35.723031 ], [ 139.868103, 35.722823 ], [ 139.868036, 35.722608 ], [ 139.867932, 35.722351 ], [ 139.867902, 35.722287 ], [ 139.867719, 35.721945 ], [ 139.867592, 35.721712 ], [ 139.867436, 35.721427 ], [ 139.867313, 35.72114 ], [ 139.867295, 35.721053 ], [ 139.867297, 35.720871 ], [ 139.867319, 35.720689 ], [ 139.867363, 35.720482 ], [ 139.867385, 35.720398 ], [ 139.867301, 35.720125 ], [ 139.867265, 35.720032 ], [ 139.86717, 35.719784 ], [ 139.867086, 35.71968 ], [ 139.867036, 35.719631 ], [ 139.866709, 35.719372 ], [ 139.86655, 35.71924 ], [ 139.866375, 35.719051 ], [ 139.866361, 35.719027 ], [ 139.866342, 35.718985 ], [ 139.866262, 35.718787 ], [ 139.866228, 35.718561 ], [ 139.866229, 35.718534 ], [ 139.866232, 35.718337 ], [ 139.866269, 35.718234 ], [ 139.866341, 35.718137 ], [ 139.866345, 35.718126 ], [ 139.866414, 35.718027 ], [ 139.86649, 35.717856 ], [ 139.865942, 35.717713 ], [ 139.865616, 35.717628 ], [ 139.865577, 35.717632 ], [ 139.865455, 35.717644 ], [ 139.864982, 35.717719 ], [ 139.86481, 35.717724 ], [ 139.864509, 35.717679 ], [ 139.864179, 35.717661 ], [ 139.863834, 35.717684 ], [ 139.863834, 35.717721 ], [ 139.86323, 35.717756 ], [ 139.863199, 35.71774 ], [ 139.862914, 35.717781 ], [ 139.862865, 35.71781 ], [ 139.862595, 35.717832 ], [ 139.862506, 35.717839 ], [ 139.862207, 35.717884 ], [ 139.861938, 35.717925 ], [ 139.861927, 35.717991 ], [ 139.861891, 35.717983 ], [ 139.861709, 35.718219 ], [ 139.86163, 35.718242 ], [ 139.861273, 35.718351 ], [ 139.861257, 35.718376 ], [ 139.86085, 35.718497 ], [ 139.861157, 35.718684 ], [ 139.861963, 35.71914 ], [ 139.862343, 35.719381 ], [ 139.862533, 35.719483 ], [ 139.863206, 35.719958 ], [ 139.863755, 35.720337 ], [ 139.864387, 35.720781 ], [ 139.864963, 35.721193 ], [ 139.865125, 35.721309 ], [ 139.865343, 35.721466 ], [ 139.865363, 35.72148 ], [ 139.865651, 35.721724 ], [ 139.865708, 35.721733 ], [ 139.865936, 35.72192 ], [ 139.866601, 35.722451 ], [ 139.867036, 35.722817 ], [ 139.867455, 35.723163 ], [ 139.868103, 35.723697 ], [ 139.868273, 35.723835 ], [ 139.87072, 35.725464 ], [ 139.870766, 35.725292 ], [ 139.87081, 35.725103 ], [ 139.870877, 35.724809 ], [ 139.870877, 35.724807 ], [ 139.870885, 35.72478 ], [ 139.870571, 35.724614 ], [ 139.870369, 35.724541 ], [ 139.870272, 35.724483 ], [ 139.870011, 35.724362 ] ] ] } },
{ "type": "Feature", "properties": { "key": "葛飾区|高砂1丁目", "ward": "葛飾区", "town": "高砂１丁目" }, "geometry": { "type": "Polygon", "coordinates": [ [ [ 139.86444, 35.743547 ], [ 139.864466, 35.743558 ], [ 139.864629, 35.743246 ], [ 139.864925, 35.742714 ], [ 139.865245, 35.742135 ], [ 139.865262, 35.742096 ], [ 139.864492, 35.741811 ], [ 139.864152, 35.741685 ], [ 139.864087, 35.741658 ], [ 139.864163, 35.741512 ], [ 139.864215, 35.741328 ], [ 139.864226, 35.741155 ], [ 139.864207, 35.740954 ], [ 139.864153, 35.740752 ], [ 139.864117, 35.740687 ], [ 139.864078, 35.740616 ], [ 139.864017, 35.740542 ], [ 139.863959, 35.740494 ], [ 139.863883, 35.74044 ], [ 139.863727, 35.740337 ], [ 139.863526, 35.740222 ], [ 139.863339, 35.740138 ], [ 139.863105, 35.739988 ], [ 139.862891, 35.740014 ], [ 139.862765, 35.74003 ], [ 139.861436, 35.739579 ], [ 139.861085, 35.739465 ], [ 139.86, 35.739394 ], [ 139.859939, 35.739745 ], [ 139.85987, 35.740079 ], [ 139.859768, 35.740435 ], [ 139.859668, 35.740722 ], [ 139.859601, 35.740872 ], [ 139.859488, 35.741057 ], [ 139.859302, 35.741327 ], [ 139.859129, 35.741488 ], [ 139.858926, 35.741639 ], [ 139.858747, 35.741765 ], [ 139.858717, 35.741778 ], [ 139.858664, 35.741812 ], [ 139.858416, 35.741976 ], [ 139.858351, 35.742031 ], [ 139.858213, 35.742148 ], [ 139.858117, 35.742213 ], [ 139.857936, 35.742389 ], [ 139.857903, 35.742465 ], [ 139.857766, 35.742672 ], [ 139.857735, 35.742778 ], [ 139.857777, 35.742975 ], [ 139.857804, 35.743173 ], [ 139.857866, 35.743342 ], [ 139.858056, 35.743682 ], [ 139.858172, 35.74388 ], [ 139.858297, 35.744063 ], [ 139.85862, 35.74446 ], [ 139.858721, 35.744585 ], [ 139.858853, 35.744727 ], [ 139.859153, 35.745005 ], [ 139.859336, 35.74514 ], [ 139.859388, 35.745195 ], [ 139.859518, 35.745331 ], [ 139.860089, 35.745694 ], [ 139.860236, 35.745787 ], [ 139.860975, 35.746286 ], [ 139.861343, 35.7465 ], [ 139.861938, 35.746855 ], [ 139.862017, 35.746891 ], [ 139.862349, 35.747985 ], [ 139.862422, 35.74782 ], [ 139.86283, 35.746845 ], [ 139.863202, 35.746008 ], [ 139.863281, 35.745824 ], [ 139.863465, 35.745394 ], [ 139.863527, 35.745278 ], [ 139.863712, 35.744862 ], [ 139.86376, 35.744775 ], [ 139.864052, 35.744248 ], [ 139.86444, 35.743547 ] ] ] } },
{ "type": "Feature", "properties": { "key": "葛飾区|高砂2丁目", "ward": "葛飾区", "town": "高砂２丁目" }, "geometry": { "type": "Polygon", "coordinates": [ [ [ 139.867374, 35.750478 ], [ 139.867323, 35.750434 ], [ 139.867383, 35.750168 ], [ 139.86743, 35.749569 ], [ 139.867421, 35.749224 ], [ 139.867402, 35.74905 ], [ 139.867363, 35.748963 ], [ 139.867221, 35.748771 ], [ 139.867183, 35.748576 ], [ 139.867079, 35.748127 ], [ 139.867001, 35.747778 ], [ 139.866986, 35.747619 ], [ 139.866972, 35.747472 ], [ 139.86701, 35.747471 ], [ 139.867061, 35.747438 ], [ 139.867074, 35.747335 ], [ 139.867072, 35.747167 ], [ 139.86705, 35.747022 ], [ 139.86709, 35.746799 ], [ 139.867132, 35.746736 ], [ 139.867175, 35.746684 ], [ 139.867517, 35.746509 ], [ 139.867531, 35.746489 ], [ 139.86756, 35.746401 ], [ 139.867548, 35.74632 ], [ 139.867541, 35.74629 ], [ 139.867511, 35.746158 ], [ 139.867391, 35.745871 ], [ 139.867367, 35.745736 ], [ 139.867424, 35.74553 ], [ 139.86745, 35.745221 ], [ 139.867203, 35.744931 ], [ 139.866875, 35.745309 ], [ 139.866722, 35.745274 ], [ 139.866667, 35.745288 ], [ 139.866231, 35.745459 ], [ 139.866225, 35.745466 ], [ 139.865883, 35.745473 ], [ 139.865632, 35.745478 ], [ 139.865275, 35.745486 ], [ 139.865322, 35.745282 ], [ 139.865337, 35.745167 ], [ 139.865353, 35.744991 ], [ 139.865367, 35.744802 ], [ 139.865367, 35.74466 ], [ 139.865371, 35.744558 ], [ 139.865368, 35.744527 ], [ 139.865342, 35.744242 ], [ 139.865296, 35.74393 ], [ 139.865295, 35.743861 ], [ 139.865234, 35.743832 ], [ 139.865197, 35.743873 ], [ 139.864466, 35.743558 ], [ 139.86444, 35.743547 ], [ 139.864052, 35.744248 ], [ 139.86376, 35.744775 ], [ 139.863712, 35.744862 ], [ 139.863527, 35.745278 ], [ 139.863465, 35.745394 ], [ 139.863281, 35.745824 ], [ 139.863202, 35.746008 ], [ 139.86283, 35.746845 ], [ 139.862422, 35.74782 ], [ 139.862349, 35.747985 ], [ 139.862306, 35.748009 ], [ 139.862036, 35.748715 ], [ 139.861776, 35.749306 ], [ 139.861769, 35.749448 ], [ 139.863218, 35.749934 ], [ 139.863299, 35.74994 ], [ 139.863864, 35.750129 ], [ 139.863867, 35.750145 ], [ 139.864419, 35.750364 ], [ 139.86446, 35.750369 ], [ 139.864528, 35.750416 ], [ 139.864733, 35.75048 ], [ 139.865232, 35.750633 ], [ 139.865348, 35.750687 ], [ 139.865587, 35.75073 ], [ 139.865658, 35.750743 ], [ 139.865818, 35.750762 ], [ 139.865956, 35.750753 ], [ 139.866146, 35.750769 ], [ 139.866493, 35.750783 ], [ 139.867338, 35.750839 ], [ 139.867338, 35.750799 ], [ 139.867439, 35.750805 ], [ 139.867438, 35.750827 ], [ 139.86766, 35.750842 ], [ 139.867738, 35.750866 ], [ 139.867374, 35.750478 ] ] ] } },
{ "type": "Feature", "properties": { "key": "葛飾区|高砂3丁目", "ward": "葛飾区", "town": "高砂３丁目" }, "geometry": { "type": "Polygon", "coordinates": [ [ [ 139.870678, 35.745408 ], [ 139.87064, 35.745374 ], [ 139.869665, 35.745444 ], [ 139.869466, 35.74548 ], [ 139.868679, 35.745527 ], [ 139.868029, 35.745379 ], [ 139.868004, 35.745355 ], [ 139.86745, 35.745221 ], [ 139.867424, 35.74553 ], [ 139.867367, 35.745736 ], [ 139.867391, 35.745871 ], [ 139.867511, 35.746158 ], [ 139.867541, 35.74629 ], [ 139.867548, 35.74632 ], [ 139.86756, 35.746401 ], [ 139.867531, 35.746489 ], [ 139.867517, 35.746509 ], [ 139.867175, 35.746684 ], [ 139.867132, 35.746736 ], [ 139.86709, 35.746799 ], [ 139.86705, 35.747022 ], [ 139.867072, 35.747167 ], [ 139.867074, 35.747335 ], [ 139.867061, 35.747438 ], [ 139.86701, 35.747471 ], [ 139.866972, 35.747472 ], [ 139.866986, 35.747619 ], [ 139.867001, 35.747778 ], [ 139.867079, 35.748127 ], [ 139.867183, 35.748576 ], [ 139.867221, 35.748771 ], [ 139.867363, 35.748963 ], [ 139.867402, 35.74905 ], [ 139.867421, 35.749224 ], [ 139.86743, 35.749569 ], [ 139.867383, 35.750168 ], [ 139.867323, 35.750434 ], [ 139.867374, 35.750478 ], [ 139.867738, 35.750866 ], [ 139.867883, 35.750888 ], [ 139.868113, 35.750915 ], [ 139.868932, 35.750945 ], [ 139.869184, 35.750954 ], [ 139.869555, 35.750987 ], [ 139.870028, 35.750997 ], [ 139.870065, 35.750994 ], [ 139.870297, 35.750976 ], [ 139.870395, 35.750956 ], [ 139.870889, 35.750856 ], [ 139.871083, 35.750794 ], [ 139.871071, 35.750512 ], [ 139.871027, 35.749999 ], [ 139.870981, 35.749469 ], [ 139.870958, 35.749196 ], [ 139.87102, 35.749148 ], [ 139.871001, 35.748978 ], [ 139.87096, 35.748466 ], [ 139.870926, 35.748041 ], [ 139.8709, 35.747782 ], [ 139.870868, 35.747455 ], [ 139.87085, 35.747256 ], [ 139.870814, 35.746922 ], [ 139.870758, 35.746413 ], [ 139.870739, 35.746174 ], [ 139.87073, 35.746066 ], [ 139.870702, 35.745713 ], [ 139.870699, 35.745665 ], [ 139.870678, 35.745408 ] ] ] } },
{ "type": "Feature", "properties": { "key": "葛飾区|高砂4丁目", "ward": "葛飾区", "town": "高砂４丁目" }, "geometry": { "type": "Polygon", "coordinates": [ [ [ 139.874386, 35.745798 ], [ 139.873695, 35.745869 ], [ 139.873394, 35.745713 ], [ 139.87309, 35.74555 ], [ 139.87215, 35.745355 ], [ 139.87206, 35.745332 ], [ 139.872003, 35.745298 ], [ 139.871958, 35.745273 ], [ 139.871098, 35.744827 ], [ 139.870748, 35.745242 ], [ 139.870678, 35.745408 ], [ 139.870699, 35.745665 ], [ 139.870702, 35.745713 ], [ 139.87073, 35.746066 ], [ 139.870739, 35.746174 ], [ 139.870758, 35.746413 ], [ 139.870814, 35.746922 ], [ 139.87085, 35.747256 ], [ 139.870868, 35.747455 ], [ 139.8709, 35.747782 ], [ 139.870926, 35.748041 ], [ 139.87096, 35.748466 ], [ 139.871001, 35.748978 ], [ 139.87102, 35.749148 ], [ 139.870958, 35.749196 ], [ 139.870981, 35.749469 ], [ 139.871027, 35.749999 ], [ 139.871071, 35.750512 ], [ 139.871083, 35.750794 ], [ 139.87126, 35.750723 ], [ 139.871475, 35.75061 ], [ 139.871756, 35.750412 ], [ 139.872146, 35.750105 ], [ 139.872364, 35.749917 ], [ 139.874248, 35.748628 ], [ 139.874237, 35.748537 ], [ 139.874255, 35.748287 ], [ 139.874298, 35.74755 ], [ 139.874316, 35.74726 ], [ 139.874331, 35.74695 ], [ 139.874342, 35.746717 ], [ 139.874359, 35.746323 ], [ 139.874371, 35.746092 ], [ 139.874386, 35.745798 ] ] ] } },
{ "type": "Feature", "properties": { "key": "葛飾区|高砂5丁目", "ward": "葛飾区", "town": "高砂５丁目" }, "geometry": { "type": "Polygon", "coordinates": [ [ [ 139.868278, 35.752753 ], [ 139.868531, 35.752758 ], [ 139.86893, 35.752736 ], [ 139.868981, 35.752733 ], [ 139.869378, 35.752695 ], [ 139.869419, 35.752691 ], [ 139.870345, 35.752604 ], [ 139.870357, 35.752576 ], [ 139.870515, 35.752557 ], [ 139.871139, 35.752479 ], [ 139.871102, 35.752524 ], [ 139.871172, 35.752557 ], [ 139.871225, 35.752475 ], [ 139.871355, 35.752444 ], [ 139.871588, 35.752414 ], [ 139.871589, 35.752408 ], [ 139.872702, 35.752271 ], [ 139.872849, 35.752246 ], [ 139.873051, 35.752172 ], [ 139.873615, 35.751984 ], [ 139.873804, 35.751925 ], [ 139.873859, 35.751886 ], [ 139.873847, 35.751887 ], [ 139.873853, 35.751645 ], [ 139.873844, 35.751387 ], [ 139.873766, 35.75121 ], [ 139.87374, 35.750825 ], [ 139.873737, 35.750772 ], [ 139.873956, 35.750584 ], [ 139.873999, 35.750539 ], [ 139.873973, 35.75023 ], [ 139.873926, 35.749839 ], [ 139.873984, 35.749801 ], [ 139.874323, 35.749763 ], [ 139.874361, 35.748972 ], [ 139.874386, 35.748529 ], [ 139.874248, 35.748628 ], [ 139.872364, 35.749917 ], [ 139.872146, 35.750105 ], [ 139.871756, 35.750412 ], [ 139.871475, 35.75061 ], [ 139.87126, 35.750723 ], [ 139.871083, 35.750794 ], [ 139.870889, 35.750856 ], [ 139.870395, 35.750956 ], [ 139.870297, 35.750976 ], [ 139.870065, 35.750994 ], [ 139.870028, 35.750997 ], [ 139.869555, 35.750987 ], [ 139.869184, 35.750954 ], [ 139.868932, 35.750945 ], [ 139.868113, 35.750915 ], [ 139.867883, 35.750888 ], [ 139.867738, 35.750866 ], [ 139.86766, 35.750842 ], [ 139.867438, 35.750827 ], [ 139.867439, 35.750805 ], [ 139.867338, 35.750799 ], [ 139.867338, 35.750839 ], [ 139.866493, 35.750783 ], [ 139.866146, 35.750769 ], [ 139.865956, 35.750753 ], [ 139.865818, 35.750762 ], [ 139.865658, 35.750743 ], [ 139.865587, 35.75073 ], [ 139.865348, 35.750687 ], [ 139.865232, 35.750633 ], [ 139.864733, 35.75048 ], [ 139.864528, 35.750416 ], [ 139.86446, 35.750369 ], [ 139.864419, 35.750364 ], [ 139.863867, 35.750145 ], [ 139.863864, 35.750129 ], [ 139.863299, 35.74994 ], [ 139.863218, 35.749934 ], [ 139.861769, 35.749448 ], [ 139.861704, 35.749455 ], [ 139.861093, 35.750508 ], [ 139.861137, 35.750524 ], [ 139.862003, 35.750963 ], [ 139.862754, 35.751354 ], [ 139.862771, 35.75136 ], [ 139.862858, 35.751411 ], [ 139.86334, 35.751662 ], [ 139.863754, 35.751888 ], [ 139.864119, 35.752076 ], [ 139.864288, 35.752163 ], [ 139.864349, 35.752222 ], [ 139.864532, 35.752433 ], [ 139.864538, 35.752439 ], [ 139.865139, 35.753065 ], [ 139.86585, 35.752951 ], [ 139.866271, 35.752903 ], [ 139.866308, 35.752899 ], [ 139.866532, 35.752863 ], [ 139.866594, 35.752853 ], [ 139.866912, 35.752808 ], [ 139.866999, 35.752796 ], [ 139.86742, 35.752779 ], [ 139.86761, 35.752775 ], [ 139.867838, 35.75277 ], [ 139.8682, 35.752756 ], [ 139.868278, 35.752753 ] ] ] } },
{ "type": "Feature", "properties": { "key": "葛飾区|高砂6丁目", "ward": "葛飾区", "town": "高砂６丁目" }, "geometry": { "type": "Polygon", "coordinates": [ [ [ 139.86232, 35.755919 ], [ 139.862337, 35.755741 ], [ 139.862391, 35.755224 ], [ 139.862448, 35.754577 ], [ 139.862449, 35.754542 ], [ 139.862463, 35.754356 ], [ 139.862473, 35.754213 ], [ 139.862521, 35.753502 ], [ 139.862533, 35.753322 ], [ 139.862591, 35.752705 ], [ 139.862605, 35.752623 ], [ 139.86265, 35.752359 ], [ 139.862767, 35.751747 ], [ 139.862843, 35.75141 ], [ 139.862858, 35.751411 ], [ 139.862771, 35.75136 ], [ 139.862754, 35.751354 ], [ 139.862003, 35.750963 ], [ 139.861137, 35.750524 ], [ 139.861093, 35.750508 ], [ 139.860644, 35.751234 ], [ 139.860359, 35.751752 ], [ 139.859877, 35.752509 ], [ 139.859277, 35.753459 ], [ 139.859084, 35.753827 ], [ 139.859078, 35.753848 ], [ 139.859033, 35.754028 ], [ 139.858938, 35.754371 ], [ 139.858884, 35.754564 ], [ 139.858844, 35.754845 ], [ 139.858816, 35.755063 ], [ 139.860489, 35.755902 ], [ 139.861172, 35.756222 ], [ 139.861278, 35.756272 ], [ 139.861288, 35.756256 ], [ 139.862245, 35.756625 ], [ 139.862258, 35.75656 ], [ 139.862261, 35.756525 ], [ 139.86232, 35.755919 ] ] ] } },
{ "type": "Feature", "properties": { "key": "葛飾区|高砂7丁目", "ward": "葛飾区", "town": "高砂７丁目" }, "geometry": { "type": "Polygon", "coordinates": [ [ [ 139.862843, 35.75141 ], [ 139.862767, 35.751747 ], [ 139.86265, 35.752359 ], [ 139.862605, 35.752623 ], [ 139.862591, 35.752705 ], [ 139.862533, 35.753322 ], [ 139.862521, 35.753502 ], [ 139.862473, 35.754213 ], [ 139.862463, 35.754356 ], [ 139.862449, 35.754542 ], [ 139.862448, 35.754577 ], [ 139.862391, 35.755224 ], [ 139.862337, 35.755741 ], [ 139.86232, 35.755919 ], [ 139.862261, 35.756525 ], [ 139.862926, 35.756636 ], [ 139.863437, 35.756721 ], [ 139.863878, 35.756794 ], [ 139.864393, 35.756878 ], [ 139.86482, 35.756947 ], [ 139.86575, 35.757093 ], [ 139.866831, 35.757259 ], [ 139.867468, 35.757358 ], [ 139.867822, 35.757412 ], [ 139.868133, 35.75746 ], [ 139.868176, 35.757471 ], [ 139.868551, 35.756801 ], [ 139.868557, 35.756791 ], [ 139.868527, 35.756747 ], [ 139.868171, 35.756353 ], [ 139.86757, 35.755703 ], [ 139.86722, 35.755327 ], [ 139.867041, 35.755126 ], [ 139.866562, 35.754608 ], [ 139.866423, 35.754459 ], [ 139.866414, 35.754449 ], [ 139.865898, 35.753891 ], [ 139.865135, 35.753067 ], [ 139.865139, 35.753065 ], [ 139.864538, 35.752439 ], [ 139.864532, 35.752433 ], [ 139.864349, 35.752222 ], [ 139.864288, 35.752163 ], [ 139.864119, 35.752076 ], [ 139.863754, 35.751888 ], [ 139.86334, 35.751662 ], [ 139.862858, 35.751411 ], [ 139.862843, 35.75141 ] ] ] } },
{ "type": "Feature", "properties": { "key": "葛飾区|高砂8丁目", "ward": "葛飾区", "town": "高砂８丁目" }, "geometry": { "type": "Polygon", "coordinates": [ [ [ 139.870142, 35.753996 ], [ 139.870097, 35.754008 ], [ 139.870134, 35.753904 ], [ 139.870192, 35.753844 ], [ 139.87044, 35.753472 ], [ 139.870901, 35.752821 ], [ 139.871034, 35.75267 ], [ 139.871172, 35.752557 ], [ 139.871102, 35.752524 ], [ 139.871139, 35.752479 ], [ 139.870515, 35.752557 ], [ 139.870357, 35.752576 ], [ 139.870345, 35.752604 ], [ 139.869419, 35.752691 ], [ 139.869378, 35.752695 ], [ 139.868981, 35.752733 ], [ 139.86893, 35.752736 ], [ 139.868531, 35.752758 ], [ 139.868278, 35.752753 ], [ 139.8682, 35.752756 ], [ 139.867838, 35.75277 ], [ 139.86761, 35.752775 ], [ 139.86742, 35.752779 ], [ 139.866999, 35.752796 ], [ 139.866912, 35.752808 ], [ 139.866594, 35.752853 ], [ 139.866532, 35.752863 ], [ 139.866308, 35.752899 ], [ 139.866271, 35.752903 ], [ 139.86585, 35.752951 ], [ 139.865139, 35.753065 ], [ 139.865135, 35.753067 ], [ 139.865898, 35.753891 ], [ 139.866414, 35.754449 ], [ 139.866423, 35.754459 ], [ 139.866562, 35.754608 ], [ 139.867041, 35.755126 ], [ 139.86722, 35.755327 ], [ 139.86757, 35.755703 ], [ 139.868171, 35.756353 ], [ 139.868527, 35.756747 ], [ 139.868557, 35.756791 ], [ 139.868609, 35.756702 ], [ 139.868745, 35.756357 ], [ 139.869023, 35.755859 ], [ 139.869344, 35.755445 ], [ 139.869443, 35.75527 ], [ 139.869377, 35.755226 ], [ 139.869521, 35.754978 ], [ 139.869534, 35.754954 ], [ 139.869741, 35.754738 ], [ 139.869689, 35.754704 ], [ 139.8699, 35.754352 ], [ 139.870119, 35.754054 ], [ 139.870142, 35.753996 ] ] ] } },
{ "type": "Feature", "properties": { "key": "葛飾区|宝町1丁目", "ward": "葛飾区", "town": "宝町１丁目" }, "geometry": { "type": "Polygon", "coordinates": [ [ [ 139.837183, 35.744346 ], [ 139.837446, 35.744443 ], [ 139.838045, 35.744345 ], [ 139.838318, 35.744341 ], [ 139.838688, 35.744336 ], [ 139.838941, 35.744332 ], [ 139.83902, 35.744331 ], [ 139.839394, 35.744319 ], [ 139.839802, 35.744213 ], [ 139.839532, 35.743509 ], [ 139.839472, 35.743352 ], [ 139.839297, 35.743021 ], [ 139.839258, 35.742946 ], [ 139.838935, 35.742353 ], [ 139.838592, 35.741721 ], [ 139.838473, 35.741503 ], [ 139.838483, 35.741499 ], [ 139.838199, 35.741052 ], [ 139.838092, 35.740875 ], [ 139.837891, 35.740544 ], [ 139.837707, 35.740241 ], [ 139.837602, 35.740067 ], [ 139.83725, 35.739486 ], [ 139.837056, 35.739167 ], [ 139.836985, 35.739243 ], [ 139.836643, 35.739603 ], [ 139.836643, 35.739604 ], [ 139.836642, 35.739605 ], [ 139.836532, 35.739721 ], [ 139.836043, 35.740238 ], [ 139.834674, 35.741668 ], [ 139.834313, 35.742042 ], [ 139.833762, 35.742614 ], [ 139.834286, 35.742947 ], [ 139.834795, 35.743277 ], [ 139.835407, 35.743824 ], [ 139.835464, 35.743875 ], [ 139.835533, 35.743978 ], [ 139.835906, 35.744014 ], [ 139.835944, 35.744018 ], [ 139.835984, 35.744435 ], [ 139.836584, 35.744469 ], [ 139.836891, 35.744379 ], [ 139.837183, 35.744346 ] ] ] } },
{ "type": "Feature", "properties": { "key": "葛飾区|宝町2丁目", "ward": "葛飾区", "town": "宝町２丁目" }, "geometry": { "type": "Polygon", "coordinates": [ [ [ 139.839427, 35.747797 ], [ 139.839617, 35.747797 ], [ 139.840124, 35.747736 ], [ 139.840266, 35.747705 ], [ 139.840291, 35.7477 ], [ 139.840335, 35.747692 ], [ 139.840474, 35.747666 ], [ 139.84059, 35.747604 ], [ 139.840598, 35.747598 ], [ 139.840649, 35.747559 ], [ 139.840736, 35.747532 ], [ 139.841002, 35.747491 ], [ 139.840989, 35.747451 ], [ 139.840933, 35.747286 ], [ 139.840914, 35.747232 ], [ 139.840592, 35.746282 ], [ 139.840405, 35.745732 ], [ 139.8404, 35.745706 ], [ 139.839923, 35.744519 ], [ 139.839802, 35.744213 ], [ 139.839394, 35.744319 ], [ 139.83902, 35.744331 ], [ 139.838941, 35.744332 ], [ 139.838688, 35.744336 ], [ 139.838318, 35.744341 ], [ 139.838045, 35.744345 ], [ 139.837446, 35.744443 ], [ 139.837183, 35.744346 ], [ 139.836891, 35.744379 ], [ 139.836584, 35.744469 ], [ 139.835984, 35.744435 ], [ 139.835944, 35.744018 ], [ 139.835906, 35.744014 ], [ 139.835533, 35.743978 ], [ 139.835377, 35.744077 ], [ 139.835311, 35.744089 ], [ 139.835207, 35.744291 ], [ 139.8346, 35.744658 ], [ 139.834563, 35.744681 ], [ 139.833854, 35.745102 ], [ 139.833836, 35.745094 ], [ 139.834042, 35.745311 ], [ 139.834107, 35.745355 ], [ 139.834088, 35.745404 ], [ 139.834129, 35.74553 ], [ 139.834046, 35.745583 ], [ 139.833388, 35.746002 ], [ 139.83334, 35.746006 ], [ 139.833419, 35.74631 ], [ 139.833518, 35.746442 ], [ 139.832944, 35.74641 ], [ 139.832942, 35.746845 ], [ 139.832968, 35.747284 ], [ 139.832927, 35.74727 ], [ 139.832916, 35.747704 ], [ 139.831806, 35.747703 ], [ 139.831856, 35.747778 ], [ 139.832962, 35.747799 ], [ 139.834217, 35.747851 ], [ 139.83493, 35.747781 ], [ 139.835049, 35.747791 ], [ 139.835051, 35.747851 ], [ 139.83537, 35.747882 ], [ 139.835495, 35.747891 ], [ 139.835757, 35.747909 ], [ 139.836395, 35.747953 ], [ 139.836412, 35.747953 ], [ 139.837013, 35.74796 ], [ 139.83729, 35.747955 ], [ 139.837936, 35.747943 ], [ 139.838285, 35.747925 ], [ 139.838458, 35.747908 ], [ 139.838499, 35.747904 ], [ 139.838899, 35.747866 ], [ 139.839105, 35.747835 ], [ 139.839427, 35.747797 ] ] ] } },
{ "type": "Feature", "properties": { "key": "葛飾区|立石1丁目", "ward": "葛飾区", "town": "立石１丁目" }, "geometry": { "type": "Polygon", "coordinates": [ [ [ 139.850321, 35.737992 ], [ 139.850364, 35.737825 ], [ 139.850487, 35.737347 ], [ 139.850529, 35.737327 ], [ 139.850204, 35.73726 ], [ 139.849611, 35.737144 ], [ 139.84922, 35.737063 ], [ 139.848761, 35.736968 ], [ 139.848744, 35.736965 ], [ 139.848254, 35.736874 ], [ 139.847922, 35.736812 ], [ 139.847915, 35.736811 ], [ 139.847486, 35.736744 ], [ 139.847238, 35.736705 ], [ 139.846985, 35.736665 ], [ 139.846755, 35.736628 ], [ 139.846426, 35.736577 ], [ 139.845591, 35.736505 ], [ 139.845206, 35.736471 ], [ 139.845146, 35.736464 ], [ 139.844385, 35.736376 ], [ 139.844188, 35.736353 ], [ 139.843818, 35.73631 ], [ 139.843327, 35.736253 ], [ 139.842516, 35.736159 ], [ 139.842094, 35.736041 ], [ 139.842031, 35.736024 ], [ 139.841791, 35.735988 ], [ 139.841596, 35.735954 ], [ 139.841129, 35.735873 ], [ 139.841163, 35.735931 ], [ 139.840994, 35.736059 ], [ 139.841334, 35.736307 ], [ 139.841431, 35.736368 ], [ 139.84167, 35.736516 ], [ 139.841939, 35.73667 ], [ 139.842322, 35.736871 ], [ 139.842511, 35.736963 ], [ 139.84281, 35.737089 ], [ 139.84308, 35.737185 ], [ 139.843363, 35.737276 ], [ 139.843941, 35.737435 ], [ 139.844758, 35.737568 ], [ 139.845474, 35.737695 ], [ 139.845479, 35.737696 ], [ 139.846082, 35.737806 ], [ 139.846362, 35.737856 ], [ 139.846557, 35.737878 ], [ 139.846893, 35.737939 ], [ 139.846941, 35.737951 ], [ 139.847287, 35.738013 ], [ 139.847476, 35.738005 ], [ 139.847566, 35.738018 ], [ 139.848157, 35.738124 ], [ 139.848428, 35.738167 ], [ 139.848914, 35.73825 ], [ 139.849099, 35.738284 ], [ 139.849143, 35.738345 ], [ 139.84927, 35.738367 ], [ 139.849631, 35.738444 ], [ 139.850142, 35.738579 ], [ 139.850282, 35.738122 ], [ 139.850321, 35.737992 ] ] ] } },
{ "type": "Feature", "properties": { "key": "葛飾区|立石2丁目", "ward": "葛飾区", "town": "立石２丁目" }, "geometry": { "type": "Polygon", "coordinates": [ [ [ 139.84092, 35.736004 ], [ 139.840789, 35.736107 ], [ 139.84075, 35.736138 ], [ 139.840524, 35.736314 ], [ 139.840067, 35.736671 ], [ 139.839733, 35.736932 ], [ 139.83967, 35.736981 ], [ 139.839537, 35.737078 ], [ 139.839455, 35.737133 ], [ 139.839039, 35.737415 ], [ 139.838551, 35.737818 ], [ 139.838208, 35.738128 ], [ 139.837851, 35.73845 ], [ 139.838566, 35.73913 ], [ 139.838815, 35.73936 ], [ 139.839087, 35.739611 ], [ 139.839391, 35.739893 ], [ 139.840242, 35.740679 ], [ 139.840415, 35.740855 ], [ 139.840595, 35.741032 ], [ 139.840841, 35.741274 ], [ 139.840947, 35.741378 ], [ 139.841742, 35.741462 ], [ 139.84215, 35.741503 ], [ 139.842245, 35.740779 ], [ 139.842322, 35.740433 ], [ 139.84237, 35.740215 ], [ 139.842527, 35.739513 ], [ 139.842647, 35.738984 ], [ 139.842772, 35.738436 ], [ 139.842833, 35.738166 ], [ 139.842994, 35.737497 ], [ 139.84308, 35.737185 ], [ 139.84281, 35.737089 ], [ 139.842511, 35.736963 ], [ 139.842322, 35.736871 ], [ 139.841939, 35.73667 ], [ 139.84167, 35.736516 ], [ 139.841431, 35.736368 ], [ 139.841334, 35.736307 ], [ 139.840994, 35.736059 ], [ 139.84092, 35.736004 ] ] ] } },
{ "type": "Feature", "properties": { "key": "葛飾区|立石3丁目", "ward": "葛飾区", "town": "立石３丁目" }, "geometry": { "type": "Polygon", "coordinates": [ [ [ 139.84308, 35.737185 ], [ 139.842994, 35.737497 ], [ 139.842833, 35.738166 ], [ 139.842772, 35.738436 ], [ 139.842647, 35.738984 ], [ 139.842527, 35.739513 ], [ 139.84237, 35.740215 ], [ 139.842322, 35.740433 ], [ 139.842245, 35.740779 ], [ 139.84215, 35.741503 ], [ 139.843404, 35.741654 ], [ 139.843923, 35.741709 ], [ 139.844822, 35.741815 ], [ 139.845117, 35.741849 ], [ 139.845507, 35.741897 ], [ 139.84552, 35.741814 ], [ 139.845622, 35.741214 ], [ 139.845688, 35.740807 ], [ 139.845709, 35.740701 ], [ 139.845755, 35.740523 ], [ 139.845819, 35.740273 ], [ 139.845872, 35.74 ], [ 139.845931, 35.739777 ], [ 139.845996, 35.73947 ], [ 139.846008, 35.739412 ], [ 139.84605, 35.739245 ], [ 139.846114, 35.738927 ], [ 139.846193, 35.738546 ], [ 139.846301, 35.738125 ], [ 139.846362, 35.737856 ], [ 139.846082, 35.737806 ], [ 139.845479, 35.737696 ], [ 139.845474, 35.737695 ], [ 139.844758, 35.737568 ], [ 139.843941, 35.737435 ], [ 139.843363, 35.737276 ], [ 139.84308, 35.737185 ] ] ] } },
{ "type": "Feature", "properties": { "key": "葛飾区|立石4丁目", "ward": "葛飾区", "town": "立石４丁目" }, "geometry": { "type": "Polygon", "coordinates": [ [ [ 139.847476, 35.738005 ], [ 139.847287, 35.738013 ], [ 139.846941, 35.737951 ], [ 139.846893, 35.737939 ], [ 139.846557, 35.737878 ], [ 139.846362, 35.737856 ], [ 139.846301, 35.738125 ], [ 139.846193, 35.738546 ], [ 139.846114, 35.738927 ], [ 139.84605, 35.739245 ], [ 139.846008, 35.739412 ], [ 139.845996, 35.73947 ], [ 139.845931, 35.739777 ], [ 139.845872, 35.74 ], [ 139.845819, 35.740273 ], [ 139.845755, 35.740523 ], [ 139.845709, 35.740701 ], [ 139.845688, 35.740807 ], [ 139.845622, 35.741214 ], [ 139.84552, 35.741814 ], [ 139.845507, 35.741897 ], [ 139.845854, 35.74194 ], [ 139.847075, 35.742083 ], [ 139.847655, 35.742146 ], [ 139.848005, 35.7422 ], [ 139.848372, 35.742244 ], [ 139.848376, 35.742237 ], [ 139.848562, 35.741843 ], [ 139.848569, 35.741814 ], [ 139.848604, 35.741724 ], [ 139.84866, 35.74163 ], [ 139.848771, 35.741328 ], [ 139.848894, 35.741052 ], [ 139.848933, 35.740938 ], [ 139.84892, 35.740716 ], [ 139.84888, 35.740459 ], [ 139.848839, 35.740282 ], [ 139.848757, 35.740051 ], [ 139.848879, 35.739966 ], [ 139.848865, 35.73995 ], [ 139.848913, 35.739805 ], [ 139.849037, 35.73929 ], [ 139.84916, 35.738822 ], [ 139.849169, 35.738772 ], [ 139.849236, 35.738497 ], [ 139.84927, 35.738367 ], [ 139.849143, 35.738345 ], [ 139.849099, 35.738284 ], [ 139.848914, 35.73825 ], [ 139.848428, 35.738167 ], [ 139.848157, 35.738124 ], [ 139.847566, 35.738018 ], [ 139.847476, 35.738005 ] ] ] } },
{ "type": "Feature", "properties": { "key": "葛飾区|立石5丁目", "ward": "葛飾区", "town": "立石５丁目" }, "geometry": { "type": "Polygon", "coordinates": [ [ [ 139.847197, 35.745164 ], [ 139.847416, 35.744568 ], [ 139.847646, 35.743971 ], [ 139.847969, 35.743082 ], [ 139.847977, 35.743083 ], [ 139.848205, 35.742576 ], [ 139.848372, 35.742244 ], [ 139.848005, 35.7422 ], [ 139.847655, 35.742146 ], [ 139.847075, 35.742083 ], [ 139.845854, 35.74194 ], [ 139.845507, 35.741897 ], [ 139.845117, 35.741849 ], [ 139.844822, 35.741815 ], [ 139.843923, 35.741709 ], [ 139.843404, 35.741654 ], [ 139.84215, 35.741503 ], [ 139.841742, 35.741462 ], [ 139.840947, 35.741378 ], [ 139.841105, 35.741529 ], [ 139.841502, 35.741907 ], [ 139.842104, 35.742485 ], [ 139.842897, 35.743316 ], [ 139.843294, 35.743731 ], [ 139.843433, 35.743873 ], [ 139.843566, 35.744009 ], [ 139.843773, 35.744241 ], [ 139.843789, 35.744258 ], [ 139.844111, 35.744815 ], [ 139.844539, 35.745257 ], [ 139.844651, 35.745211 ], [ 139.844888, 35.745477 ], [ 139.845401, 35.746077 ], [ 139.845446, 35.74613 ], [ 139.845628, 35.746366 ], [ 139.845766, 35.746555 ], [ 139.845821, 35.74663 ], [ 139.846607, 35.746465 ], [ 139.846634, 35.746437 ], [ 139.846725, 35.746156 ], [ 139.846898, 35.745618 ], [ 139.847037, 35.745407 ], [ 139.847197, 35.745164 ] ] ] } },
{ "type": "Feature", "properties": { "key": "葛飾区|立石6丁目", "ward": "葛飾区", "town": "立石６丁目" }, "geometry": { "type": "Polygon", "coordinates": [ [ [ 139.854045, 35.74432 ], [ 139.854278, 35.744341 ], [ 139.854567, 35.744385 ], [ 139.854968, 35.744526 ], [ 139.855243, 35.744671 ], [ 139.85516, 35.744526 ], [ 139.855295, 35.744443 ], [ 139.855264, 35.744395 ], [ 139.854976, 35.744026 ], [ 139.854389, 35.743234 ], [ 139.853743, 35.742383 ], [ 139.853729, 35.74236 ], [ 139.85331, 35.741813 ], [ 139.853157, 35.741614 ], [ 139.853135, 35.741586 ], [ 139.852663, 35.741813 ], [ 139.852646, 35.741821 ], [ 139.852298, 35.741999 ], [ 139.851913, 35.742197 ], [ 139.851452, 35.74243 ], [ 139.85117, 35.742573 ], [ 139.850839, 35.742535 ], [ 139.849796, 35.742409 ], [ 139.849718, 35.742398 ], [ 139.848759, 35.742276 ], [ 139.848758, 35.742287 ], [ 139.848376, 35.742237 ], [ 139.848372, 35.742244 ], [ 139.848205, 35.742576 ], [ 139.847977, 35.743083 ], [ 139.847969, 35.743082 ], [ 139.847646, 35.743971 ], [ 139.847416, 35.744568 ], [ 139.847197, 35.745164 ], [ 139.847037, 35.745407 ], [ 139.846898, 35.745618 ], [ 139.846725, 35.746156 ], [ 139.846634, 35.746437 ], [ 139.846607, 35.746465 ], [ 139.847406, 35.746308 ], [ 139.84766, 35.746259 ], [ 139.847797, 35.746226 ], [ 139.848456, 35.74607 ], [ 139.848736, 35.746004 ], [ 139.849153, 35.745879 ], [ 139.84922, 35.745859 ], [ 139.849431, 35.745796 ], [ 139.849548, 35.745761 ], [ 139.849936, 35.745618 ], [ 139.850348, 35.745433 ], [ 139.850433, 35.745401 ], [ 139.85151, 35.745003 ], [ 139.852268, 35.744697 ], [ 139.85268, 35.744528 ], [ 139.853016, 35.744416 ], [ 139.85312, 35.744398 ], [ 139.853466, 35.744337 ], [ 139.854045, 35.74432 ] ] ] } },
{ "type": "Feature", "properties": { "key": "葛飾区|立石7丁目", "ward": "葛飾区", "town": "立石７丁目" }, "geometry": { "type": "Polygon", "coordinates": [ [ [ 139.851913, 35.742197 ], [ 139.852298, 35.741999 ], [ 139.852646, 35.741821 ], [ 139.852663, 35.741813 ], [ 139.853135, 35.741586 ], [ 139.852846, 35.741193 ], [ 139.852621, 35.740903 ], [ 139.852246, 35.740432 ], [ 139.852246, 35.740427 ], [ 139.851907, 35.739953 ], [ 139.851897, 35.739938 ], [ 139.851622, 35.739611 ], [ 139.851481, 35.739468 ], [ 139.851344, 35.739324 ], [ 139.85114, 35.739147 ], [ 139.850983, 35.739026 ], [ 139.850627, 35.738812 ], [ 139.850434, 35.738704 ], [ 139.850415, 35.738693 ], [ 139.850142, 35.738579 ], [ 139.849631, 35.738444 ], [ 139.84927, 35.738367 ], [ 139.849236, 35.738497 ], [ 139.849169, 35.738772 ], [ 139.84916, 35.738822 ], [ 139.849037, 35.73929 ], [ 139.848913, 35.739805 ], [ 139.848865, 35.73995 ], [ 139.848879, 35.739966 ], [ 139.848757, 35.740051 ], [ 139.848839, 35.740282 ], [ 139.84888, 35.740459 ], [ 139.84892, 35.740716 ], [ 139.848933, 35.740938 ], [ 139.848894, 35.741052 ], [ 139.848771, 35.741328 ], [ 139.84866, 35.74163 ], [ 139.848604, 35.741724 ], [ 139.848569, 35.741814 ], [ 139.848562, 35.741843 ], [ 139.848376, 35.742237 ], [ 139.848758, 35.742287 ], [ 139.848759, 35.742276 ], [ 139.849718, 35.742398 ], [ 139.849796, 35.742409 ], [ 139.850839, 35.742535 ], [ 139.85117, 35.742573 ], [ 139.851452, 35.74243 ], [ 139.851913, 35.742197 ] ] ] } },
{ "type": "Feature", "properties": { "key": "葛飾区|立石8丁目", "ward": "葛飾区", "town": "立石８丁目" }, "geometry": { "type": "Polygon", "coordinates": [ [ [ 139.85504, 35.741601 ], [ 139.855107, 35.74168 ], [ 139.855515, 35.74147 ], [ 139.855534, 35.741461 ], [ 139.856006, 35.741228 ], [ 139.856292, 35.741085 ], [ 139.85697, 35.740748 ], [ 139.857366, 35.741237 ], [ 139.857341, 35.741255 ], [ 139.857279, 35.741297 ], [ 139.85775, 35.741812 ], [ 139.858117, 35.742213 ], [ 139.858213, 35.742148 ], [ 139.858351, 35.742031 ], [ 139.858416, 35.741976 ], [ 139.858664, 35.741812 ], [ 139.858717, 35.741778 ], [ 139.858747, 35.741765 ], [ 139.858926, 35.741639 ], [ 139.859129, 35.741488 ], [ 139.859302, 35.741327 ], [ 139.859488, 35.741057 ], [ 139.859601, 35.740872 ], [ 139.859668, 35.740722 ], [ 139.859768, 35.740435 ], [ 139.85987, 35.740079 ], [ 139.859939, 35.739745 ], [ 139.86, 35.739394 ], [ 139.860034, 35.739143 ], [ 139.860171, 35.738469 ], [ 139.860155, 35.738256 ], [ 139.860156, 35.738099 ], [ 139.860136, 35.737929 ], [ 139.860074, 35.737776 ], [ 139.859903, 35.737577 ], [ 139.859762, 35.737472 ], [ 139.859466, 35.73731 ], [ 139.859346, 35.737281 ], [ 139.859149, 35.737294 ], [ 139.858973, 35.737341 ], [ 139.858858, 35.737355 ], [ 139.858699, 35.737393 ], [ 139.858455, 35.73747 ], [ 139.858261, 35.737534 ], [ 139.857738, 35.737761 ], [ 139.857345, 35.737956 ], [ 139.85717, 35.738029 ], [ 139.857003, 35.738103 ], [ 139.856856, 35.73812 ], [ 139.856664, 35.738158 ], [ 139.856026, 35.73827 ], [ 139.855566, 35.738306 ], [ 139.855433, 35.738315 ], [ 139.855159, 35.738308 ], [ 139.854801, 35.738311 ], [ 139.854638, 35.738269 ], [ 139.85437, 35.738164 ], [ 139.854302, 35.738123 ], [ 139.85417, 35.738076 ], [ 139.853759, 35.737927 ], [ 139.853557, 35.737813 ], [ 139.853387, 35.737656 ], [ 139.853271, 35.737523 ], [ 139.853171, 35.737402 ], [ 139.853039, 35.737208 ], [ 139.852724, 35.737347 ], [ 139.852327, 35.737525 ], [ 139.852318, 35.737529 ], [ 139.852221, 35.737556 ], [ 139.852, 35.737569 ], [ 139.851864, 35.737546 ], [ 139.851232, 35.737442 ], [ 139.851205, 35.737457 ], [ 139.850897, 35.737398 ], [ 139.850529, 35.737327 ], [ 139.850487, 35.737347 ], [ 139.850364, 35.737825 ], [ 139.850321, 35.737992 ], [ 139.850282, 35.738122 ], [ 139.850142, 35.738579 ], [ 139.850415, 35.738693 ], [ 139.850434, 35.738704 ], [ 139.850627, 35.738812 ], [ 139.850983, 35.739026 ], [ 139.85114, 35.739147 ], [ 139.851344, 35.739324 ], [ 139.851481, 35.739468 ], [ 139.851622, 35.739611 ], [ 139.851897, 35.739938 ], [ 139.851907, 35.739953 ], [ 139.852246, 35.740427 ], [ 139.852246, 35.740432 ], [ 139.852621, 35.740903 ], [ 139.852846, 35.741193 ], [ 139.853135, 35.741586 ], [ 139.853157, 35.741614 ], [ 139.85331, 35.741813 ], [ 139.853729, 35.74236 ], [ 139.854058, 35.742191 ], [ 139.854379, 35.742024 ], [ 139.85438, 35.741979 ], [ 139.854392, 35.741936 ], [ 139.854633, 35.741813 ], [ 139.854666, 35.741796 ], [ 139.854996, 35.741624 ], [ 139.85504, 35.741601 ] ] ] } },
{ "type": "Feature", "properties": { "key": "葛飾区|新宿1丁目", "ward": "葛飾区", "town": "新宿１丁目" }, "geometry": { "type": "Polygon", "coordinates": [ [ [ 139.861288, 35.756256 ], [ 139.861278, 35.756272 ], [ 139.861172, 35.756222 ], [ 139.860489, 35.755902 ], [ 139.858816, 35.755063 ], [ 139.858741, 35.755574 ], [ 139.858699, 35.755853 ], [ 139.858629, 35.756223 ], [ 139.858588, 35.756346 ], [ 139.8585, 35.756491 ], [ 139.858246, 35.756875 ], [ 139.857842, 35.757427 ], [ 139.857745, 35.757561 ], [ 139.857141, 35.758227 ], [ 139.856773, 35.758596 ], [ 139.856766, 35.758602 ], [ 139.857699, 35.759156 ], [ 139.858143, 35.759417 ], [ 139.858793, 35.759781 ], [ 139.859039, 35.759936 ], [ 139.859205, 35.76004 ], [ 139.859728, 35.760353 ], [ 139.859755, 35.760371 ], [ 139.86039, 35.760722 ], [ 139.860515, 35.760791 ], [ 139.86069, 35.760889 ], [ 139.861256, 35.761211 ], [ 139.861494, 35.760149 ], [ 139.861584, 35.75971 ], [ 139.861673, 35.759272 ], [ 139.861797, 35.758663 ], [ 139.861911, 35.758139 ], [ 139.862093, 35.757315 ], [ 139.862245, 35.756625 ], [ 139.861288, 35.756256 ] ] ] } },
{ "type": "Feature", "properties": { "key": "葛飾区|新宿2丁目", "ward": "葛飾区", "town": "新宿２丁目" }, "geometry": { "type": "Polygon", "coordinates": [ [ [ 139.858568, 35.763834 ], [ 139.85862, 35.763719 ], [ 139.858822, 35.763432 ], [ 139.85885, 35.763297 ], [ 139.858968, 35.762854 ], [ 139.859025, 35.762858 ], [ 139.859055, 35.762678 ], [ 139.859092, 35.762454 ], [ 139.858988, 35.762357 ], [ 139.859075, 35.761863 ], [ 139.859103, 35.761764 ], [ 139.859325, 35.761801 ], [ 139.859308, 35.761665 ], [ 139.859446, 35.761294 ], [ 139.859728, 35.760353 ], [ 139.859205, 35.76004 ], [ 139.859039, 35.759936 ], [ 139.858793, 35.759781 ], [ 139.858143, 35.759417 ], [ 139.857699, 35.759156 ], [ 139.856766, 35.758602 ], [ 139.85591, 35.759374 ], [ 139.85571, 35.759501 ], [ 139.855595, 35.759566 ], [ 139.855215, 35.759746 ], [ 139.854765, 35.760033 ], [ 139.854708, 35.760139 ], [ 139.854683, 35.760187 ], [ 139.854607, 35.760329 ], [ 139.854568, 35.76044 ], [ 139.854527, 35.760579 ], [ 139.854475, 35.760858 ], [ 139.854467, 35.761093 ], [ 139.854476, 35.761225 ], [ 139.854487, 35.761301 ], [ 139.85453, 35.76154 ], [ 139.854579, 35.761738 ], [ 139.854593, 35.761795 ], [ 139.854641, 35.761983 ], [ 139.85471, 35.762179 ], [ 139.854861, 35.762477 ], [ 139.854903, 35.76256 ], [ 139.855189, 35.763015 ], [ 139.855366, 35.763249 ], [ 139.855558, 35.76344 ], [ 139.855633, 35.763514 ], [ 139.85606, 35.7639 ], [ 139.856151, 35.763981 ], [ 139.856369, 35.764197 ], [ 139.85638, 35.764192 ], [ 139.85668, 35.764476 ], [ 139.857114, 35.764903 ], [ 139.857377, 35.765175 ], [ 139.857621, 35.76541 ], [ 139.857767, 35.765575 ], [ 139.858373, 35.765213 ], [ 139.858366, 35.765177 ], [ 139.858337, 35.765033 ], [ 139.858494, 35.764458 ], [ 139.858523, 35.764212 ], [ 139.858568, 35.763834 ] ] ] } },
{ "type": "Feature", "properties": { "key": "葛飾区|新宿3丁目", "ward": "葛飾区", "town": "新宿３丁目" }, "geometry": { "type": "Polygon", "coordinates": [ [ [ 139.867675, 35.758214 ], [ 139.867724, 35.758216 ], [ 139.868176, 35.757471 ], [ 139.868133, 35.75746 ], [ 139.867822, 35.757412 ], [ 139.867468, 35.757358 ], [ 139.866831, 35.757259 ], [ 139.86575, 35.757093 ], [ 139.86482, 35.756947 ], [ 139.864393, 35.756878 ], [ 139.863878, 35.756794 ], [ 139.863437, 35.756721 ], [ 139.862926, 35.756636 ], [ 139.862261, 35.756525 ], [ 139.862258, 35.75656 ], [ 139.862245, 35.756625 ], [ 139.862093, 35.757315 ], [ 139.861911, 35.758139 ], [ 139.861797, 35.758663 ], [ 139.861673, 35.759272 ], [ 139.861584, 35.75971 ], [ 139.861494, 35.760149 ], [ 139.861256, 35.761211 ], [ 139.861789, 35.761514 ], [ 139.862384, 35.761861 ], [ 139.862706, 35.762049 ], [ 139.863111, 35.762285 ], [ 139.863749, 35.762649 ], [ 139.863796, 35.762676 ], [ 139.864099, 35.76231 ], [ 139.864458, 35.761875 ], [ 139.864743, 35.761529 ], [ 139.865009, 35.761204 ], [ 139.86539, 35.760878 ], [ 139.86531, 35.76086 ], [ 139.865398, 35.760751 ], [ 139.865493, 35.760665 ], [ 139.86599, 35.76023 ], [ 139.866154, 35.760088 ], [ 139.866467, 35.759767 ], [ 139.866827, 35.759486 ], [ 139.86703, 35.759268 ], [ 139.86726, 35.759 ], [ 139.867675, 35.758214 ] ] ] } },
{ "type": "Feature", "properties": { "key": "葛飾区|新宿4丁目", "ward": "葛飾区", "town": "新宿４丁目" }, "geometry": { "type": "Polygon", "coordinates": [ [ [ 139.861789, 35.761514 ], [ 139.861256, 35.761211 ], [ 139.86069, 35.760889 ], [ 139.860515, 35.760791 ], [ 139.86039, 35.760722 ], [ 139.859755, 35.760371 ], [ 139.859728, 35.760353 ], [ 139.859446, 35.761294 ], [ 139.859308, 35.761665 ], [ 139.859325, 35.761801 ], [ 139.859103, 35.761764 ], [ 139.859075, 35.761863 ], [ 139.858988, 35.762357 ], [ 139.859092, 35.762454 ], [ 139.859055, 35.762678 ], [ 139.859025, 35.762858 ], [ 139.859067, 35.762861 ], [ 139.859183, 35.762869 ], [ 139.85916, 35.763185 ], [ 139.859123, 35.763339 ], [ 139.859081, 35.76345 ], [ 139.859323, 35.763775 ], [ 139.859519, 35.764038 ], [ 139.859634, 35.764162 ], [ 139.859947, 35.764308 ], [ 139.8605, 35.764564 ], [ 139.860739, 35.764684 ], [ 139.860777, 35.764703 ], [ 139.860782, 35.764707 ], [ 139.861101, 35.764912 ], [ 139.861773, 35.765346 ], [ 139.862096, 35.765529 ], [ 139.86228, 35.765612 ], [ 139.862435, 35.765671 ], [ 139.86256, 35.765478 ], [ 139.862796, 35.765139 ], [ 139.862907, 35.764981 ], [ 139.863037, 35.764536 ], [ 139.863045, 35.764483 ], [ 139.863047, 35.764475 ], [ 139.863215, 35.763931 ], [ 139.863284, 35.763646 ], [ 139.863317, 35.763511 ], [ 139.863546, 35.763105 ], [ 139.863796, 35.762676 ], [ 139.863749, 35.762649 ], [ 139.863111, 35.762285 ], [ 139.862706, 35.762049 ], [ 139.862384, 35.761861 ], [ 139.861789, 35.761514 ] ] ] } },
{ "type": "Feature", "properties": { "key": "葛飾区|新宿5丁目", "ward": "葛飾区", "town": "新宿５丁目" }, "geometry": { "type": "Polygon", "coordinates": [ [ [ 139.862529, 35.765868 ], [ 139.862534, 35.765869 ], [ 139.862544, 35.765849 ], [ 139.862446, 35.765688 ], [ 139.862435, 35.765671 ], [ 139.86228, 35.765612 ], [ 139.862096, 35.765529 ], [ 139.861773, 35.765346 ], [ 139.861101, 35.764912 ], [ 139.860782, 35.764707 ], [ 139.860777, 35.764703 ], [ 139.860739, 35.764684 ], [ 139.8605, 35.764564 ], [ 139.859947, 35.764308 ], [ 139.859634, 35.764162 ], [ 139.859519, 35.764038 ], [ 139.859323, 35.763775 ], [ 139.859081, 35.76345 ], [ 139.859123, 35.763339 ], [ 139.85916, 35.763185 ], [ 139.859183, 35.762869 ], [ 139.859067, 35.762861 ], [ 139.859025, 35.762858 ], [ 139.858968, 35.762854 ], [ 139.85885, 35.763297 ], [ 139.858822, 35.763432 ], [ 139.85862, 35.763719 ], [ 139.858568, 35.763834 ], [ 139.858523, 35.764212 ], [ 139.858494, 35.764458 ], [ 139.858337, 35.765033 ], [ 139.858366, 35.765177 ], [ 139.858373, 35.765213 ], [ 139.857767, 35.765575 ], [ 139.857834, 35.76565 ], [ 139.857951, 35.765839 ], [ 139.858042, 35.765985 ], [ 139.858124, 35.766121 ], [ 139.858265, 35.766389 ], [ 139.858445, 35.766936 ], [ 139.858471, 35.767037 ], [ 139.858555, 35.767364 ], [ 139.858655, 35.767975 ], [ 139.858668, 35.768264 ], [ 139.859984, 35.768358 ], [ 139.861275, 35.768467 ], [ 139.862167, 35.768541 ], [ 139.863914, 35.768682 ], [ 139.863594, 35.768054 ], [ 139.863309, 35.767525 ], [ 139.863014, 35.766957 ], [ 139.863005, 35.766937 ], [ 139.862853, 35.766608 ], [ 139.862851, 35.766603 ], [ 139.862718, 35.766303 ], [ 139.862529, 35.765868 ] ] ] } },
{ "type": "Feature", "properties": { "key": "葛飾区|新宿6丁目", "ward": "葛飾区", "town": "新宿６丁目" }, "geometry": { "type": "Polygon", "coordinates": [ [ [ 139.858668, 35.768264 ], [ 139.858668, 35.76836 ], [ 139.858669, 35.768455 ], [ 139.858624, 35.768745 ], [ 139.858598, 35.768848 ], [ 139.858574, 35.768944 ], [ 139.858448, 35.76933 ], [ 139.858275, 35.769968 ], [ 139.858206, 35.770162 ], [ 139.858176, 35.770217 ], [ 139.858086, 35.770379 ], [ 139.857895, 35.770659 ], [ 139.857695, 35.770831 ], [ 139.857465, 35.771027 ], [ 139.857313, 35.771174 ], [ 139.857066, 35.771438 ], [ 139.856594, 35.771943 ], [ 139.857203, 35.77257 ], [ 139.857504, 35.772993 ], [ 139.857773, 35.773382 ], [ 139.85787, 35.773434 ], [ 139.858054, 35.773534 ], [ 139.858247, 35.773637 ], [ 139.859276, 35.774085 ], [ 139.860077, 35.774417 ], [ 139.860424, 35.774584 ], [ 139.860817, 35.77469 ], [ 139.861325, 35.774827 ], [ 139.862275, 35.775126 ], [ 139.862348, 35.775148 ], [ 139.862635, 35.775236 ], [ 139.862922, 35.775324 ], [ 139.863017, 35.775319 ], [ 139.863411, 35.774566 ], [ 139.863451, 35.77449 ], [ 139.863472, 35.774451 ], [ 139.863491, 35.774414 ], [ 139.863654, 35.774119 ], [ 139.86366, 35.77411 ], [ 139.863779, 35.773912 ], [ 139.863833, 35.773839 ], [ 139.863835, 35.773836 ], [ 139.86393, 35.773707 ], [ 139.864082, 35.773564 ], [ 139.864768, 35.77311 ], [ 139.865839, 35.772364 ], [ 139.865794, 35.772258 ], [ 139.865328, 35.771361 ], [ 139.865132, 35.770976 ], [ 139.865038, 35.770792 ], [ 139.86492, 35.770573 ], [ 139.864834, 35.770414 ], [ 139.864792, 35.770335 ], [ 139.864747, 35.770249 ], [ 139.86465, 35.77006 ], [ 139.864548, 35.769865 ], [ 139.863914, 35.768682 ], [ 139.862167, 35.768541 ], [ 139.861275, 35.768467 ], [ 139.859984, 35.768358 ], [ 139.858668, 35.768264 ] ] ] } },
{ "type": "Feature", "properties": { "key": "葛飾区|西亀有1丁目", "ward": "葛飾区", "town": "西亀有１丁目" }, "geometry": { "type": "Polygon", "coordinates": [ [ [ 139.842532, 35.759603 ], [ 139.843144, 35.759606 ], [ 139.843432, 35.758944 ], [ 139.843665, 35.758411 ], [ 139.843906, 35.757842 ], [ 139.843988, 35.757629 ], [ 139.844226, 35.757094 ], [ 139.844176, 35.756963 ], [ 139.843708, 35.756834 ], [ 139.843666, 35.756825 ], [ 139.843084, 35.756698 ], [ 139.842236, 35.756511 ], [ 139.842081, 35.756473 ], [ 139.8419, 35.756429 ], [ 139.841187, 35.756263 ], [ 139.841021, 35.756602 ], [ 139.841016, 35.756639 ], [ 139.840662, 35.756705 ], [ 139.840511, 35.75667 ], [ 139.839071, 35.75634 ], [ 139.838132, 35.756122 ], [ 139.838102, 35.756103 ], [ 139.838039, 35.755967 ], [ 139.838057, 35.755819 ], [ 139.837619, 35.756376 ], [ 139.837578, 35.756374 ], [ 139.837334, 35.756343 ], [ 139.836868, 35.75628 ], [ 139.8368, 35.75628 ], [ 139.836363, 35.756355 ], [ 139.835662, 35.756481 ], [ 139.835204, 35.756559 ], [ 139.835204, 35.756582 ], [ 139.83534, 35.756994 ], [ 139.835434, 35.75739 ], [ 139.835514, 35.75768 ], [ 139.835662, 35.758202 ], [ 139.835678, 35.758257 ], [ 139.835877, 35.758959 ], [ 139.836808, 35.759039 ], [ 139.837236, 35.759076 ], [ 139.838261, 35.759147 ], [ 139.838512, 35.759164 ], [ 139.838843, 35.759186 ], [ 139.839067, 35.759203 ], [ 139.839407, 35.759249 ], [ 139.839836, 35.759306 ], [ 139.840264, 35.759363 ], [ 139.840474, 35.759397 ], [ 139.840584, 35.759418 ], [ 139.840613, 35.759409 ], [ 139.840643, 35.759424 ], [ 139.841746, 35.759641 ], [ 139.841785, 35.759617 ], [ 139.842532, 35.759603 ] ] ] } },
{ "type": "Feature", "properties": { "key": "葛飾区|西亀有2丁目", "ward": "葛飾区", "town": "西亀有２丁目" }, "geometry": { "type": "Polygon", "coordinates": [ [ [ 139.834391, 35.763309 ], [ 139.834771, 35.763312 ], [ 139.834778, 35.763311 ], [ 139.835219, 35.763287 ], [ 139.835385, 35.763266 ], [ 139.835458, 35.763241 ], [ 139.835738, 35.763088 ], [ 139.83576, 35.76309 ], [ 139.836317, 35.763152 ], [ 139.836371, 35.762812 ], [ 139.836388, 35.762729 ], [ 139.836379, 35.762711 ], [ 139.836467, 35.762111 ], [ 139.836513, 35.761812 ], [ 139.836528, 35.761731 ], [ 139.83655, 35.7616 ], [ 139.836565, 35.761517 ], [ 139.836592, 35.761355 ], [ 139.836597, 35.761327 ], [ 139.836676, 35.760863 ], [ 139.836712, 35.760801 ], [ 139.836864, 35.760544 ], [ 139.837059, 35.760201 ], [ 139.837085, 35.760155 ], [ 139.837152, 35.759675 ], [ 139.837236, 35.759076 ], [ 139.836808, 35.759039 ], [ 139.835877, 35.758959 ], [ 139.835613, 35.758927 ], [ 139.835188, 35.758876 ], [ 139.834635, 35.758811 ], [ 139.83449, 35.758794 ], [ 139.834318, 35.758774 ], [ 139.833568, 35.758687 ], [ 139.833425, 35.75867 ], [ 139.833179, 35.758659 ], [ 139.832945, 35.758651 ], [ 139.83257, 35.758635 ], [ 139.832449, 35.75863 ], [ 139.832165, 35.758616 ], [ 139.831202, 35.758565 ], [ 139.831075, 35.758562 ], [ 139.830789, 35.758562 ], [ 139.830744, 35.758564 ], [ 139.830938, 35.758778 ], [ 139.830947, 35.758929 ], [ 139.830953, 35.759142 ], [ 139.830958, 35.759363 ], [ 139.830969, 35.7597 ], [ 139.830925, 35.75978 ], [ 139.83093, 35.759852 ], [ 139.830935, 35.759926 ], [ 139.830941, 35.760723 ], [ 139.83094, 35.760742 ], [ 139.830934, 35.761342 ], [ 139.830896, 35.761543 ], [ 139.830822, 35.761769 ], [ 139.830752, 35.761898 ], [ 139.830696, 35.762 ], [ 139.830671, 35.762065 ], [ 139.83067, 35.762159 ], [ 139.830692, 35.762352 ], [ 139.830705, 35.762464 ], [ 139.830844, 35.76272 ], [ 139.83091, 35.762844 ], [ 139.830935, 35.762889 ], [ 139.831093, 35.763106 ], [ 139.831168, 35.763211 ], [ 139.831407, 35.763535 ], [ 139.831452, 35.7636 ], [ 139.83157, 35.763737 ], [ 139.831625, 35.763781 ], [ 139.831691, 35.763819 ], [ 139.831763, 35.76385 ], [ 139.831866, 35.763893 ], [ 139.832043, 35.763917 ], [ 139.832345, 35.763909 ], [ 139.832415, 35.763897 ], [ 139.832604, 35.763864 ], [ 139.832623, 35.763859 ], [ 139.832719, 35.763818 ], [ 139.832884, 35.763771 ], [ 139.833565, 35.763534 ], [ 139.833587, 35.763526 ], [ 139.834049, 35.763372 ], [ 139.834233, 35.763323 ], [ 139.834391, 35.763309 ] ] ] } },
{ "type": "Feature", "properties": { "key": "葛飾区|西亀有3丁目", "ward": "葛飾区", "town": "西亀有３丁目" }, "geometry": { "type": "Polygon", "coordinates": [ [ [ 139.843144, 35.759606 ], [ 139.842532, 35.759603 ], [ 139.841785, 35.759617 ], [ 139.841746, 35.759641 ], [ 139.840643, 35.759424 ], [ 139.840613, 35.759409 ], [ 139.840584, 35.759418 ], [ 139.840474, 35.759397 ], [ 139.840264, 35.759363 ], [ 139.839836, 35.759306 ], [ 139.839407, 35.759249 ], [ 139.839067, 35.759203 ], [ 139.838843, 35.759186 ], [ 139.838512, 35.759164 ], [ 139.838261, 35.759147 ], [ 139.837236, 35.759076 ], [ 139.837152, 35.759675 ], [ 139.837085, 35.760155 ], [ 139.837059, 35.760201 ], [ 139.836864, 35.760544 ], [ 139.836712, 35.760801 ], [ 139.836676, 35.760863 ], [ 139.836597, 35.761327 ], [ 139.836592, 35.761355 ], [ 139.836565, 35.761517 ], [ 139.83655, 35.7616 ], [ 139.836528, 35.761731 ], [ 139.836513, 35.761812 ], [ 139.836467, 35.762111 ], [ 139.836379, 35.762711 ], [ 139.836388, 35.762729 ], [ 139.836371, 35.762812 ], [ 139.836317, 35.763152 ], [ 139.837142, 35.763243 ], [ 139.837508, 35.763284 ], [ 139.837588, 35.763293 ], [ 139.837555, 35.763464 ], [ 139.837545, 35.763516 ], [ 139.838496, 35.763608 ], [ 139.839062, 35.763663 ], [ 139.83945, 35.763708 ], [ 139.840666, 35.76385 ], [ 139.840817, 35.763868 ], [ 139.841157, 35.763917 ], [ 139.841221, 35.763928 ], [ 139.841641, 35.763006 ], [ 139.841906, 35.762424 ], [ 139.842186, 35.761768 ], [ 139.842471, 35.761158 ], [ 139.842694, 35.76065 ], [ 139.842821, 35.760363 ], [ 139.842916, 35.760147 ], [ 139.842942, 35.76008 ], [ 139.842946, 35.760068 ], [ 139.842954, 35.760049 ], [ 139.842971, 35.760003 ], [ 139.843144, 35.759606 ] ] ] } },
{ "type": "Feature", "properties": { "key": "葛飾区|西亀有4丁目", "ward": "葛飾区", "town": "西亀有４丁目" }, "geometry": { "type": "Polygon", "coordinates": [ [ [ 139.842883, 35.765372 ], [ 139.843275, 35.765411 ], [ 139.84395, 35.765479 ], [ 139.843991, 35.765484 ], [ 139.844045, 35.765491 ], [ 139.844897, 35.765286 ], [ 139.844822, 35.76524 ], [ 139.844521, 35.765055 ], [ 139.844088, 35.764822 ], [ 139.843902, 35.764744 ], [ 139.843603, 35.764619 ], [ 139.843357, 35.764516 ], [ 139.843215, 35.764457 ], [ 139.842939, 35.764368 ], [ 139.84232, 35.764182 ], [ 139.842038, 35.764092 ], [ 139.841913, 35.764062 ], [ 139.841789, 35.764032 ], [ 139.841221, 35.763928 ], [ 139.841157, 35.763917 ], [ 139.840817, 35.763868 ], [ 139.840666, 35.76385 ], [ 139.83945, 35.763708 ], [ 139.839062, 35.763663 ], [ 139.838496, 35.763608 ], [ 139.837545, 35.763516 ], [ 139.837523, 35.763627 ], [ 139.837532, 35.763906 ], [ 139.83758, 35.764425 ], [ 139.837683, 35.764966 ], [ 139.837689, 35.765132 ], [ 139.8377, 35.76547 ], [ 139.837698, 35.765615 ], [ 139.837717, 35.765665 ], [ 139.837748, 35.765746 ], [ 139.837899, 35.765936 ], [ 139.838045, 35.766011 ], [ 139.838203, 35.766071 ], [ 139.838599, 35.766174 ], [ 139.838603, 35.766175 ], [ 139.83889, 35.766238 ], [ 139.838895, 35.766239 ], [ 139.839022, 35.76625 ], [ 139.83907, 35.766254 ], [ 139.839241, 35.766267 ], [ 139.839252, 35.766267 ], [ 139.839825, 35.766279 ], [ 139.840101, 35.766285 ], [ 139.840355, 35.76629 ], [ 139.84067, 35.766296 ], [ 139.841079, 35.766304 ], [ 139.841411, 35.766315 ], [ 139.84161, 35.766321 ], [ 139.841667, 35.766323 ], [ 139.841776, 35.766349 ], [ 139.841861, 35.766379 ], [ 139.84194, 35.766415 ], [ 139.84195, 35.76642 ], [ 139.842025, 35.766461 ], [ 139.84208, 35.766496 ], [ 139.842137, 35.766533 ], [ 139.842169, 35.766554 ], [ 139.842198, 35.766604 ], [ 139.842325, 35.766377 ], [ 139.842612, 35.765863 ], [ 139.842769, 35.765594 ], [ 139.842883, 35.765372 ] ] ] } },
{ "type": "Feature", "properties": { "key": "葛飾区|西新小岩1丁目", "ward": "葛飾区", "town": "西新小岩１丁目" }, "geometry": { "type": "Polygon", "coordinates": [ [ [ 139.858008, 35.717408 ], [ 139.857917, 35.717498 ], [ 139.857786, 35.71742 ], [ 139.85775, 35.717395 ], [ 139.857845, 35.717292 ], [ 139.857171, 35.716849 ], [ 139.856392, 35.716336 ], [ 139.855876, 35.716013 ], [ 139.855591, 35.715818 ], [ 139.855584, 35.71574 ], [ 139.854013, 35.714652 ], [ 139.853025, 35.713975 ], [ 139.849882, 35.71181 ], [ 139.84856, 35.713082 ], [ 139.851641, 35.71532 ], [ 139.854365, 35.71728 ], [ 139.855948, 35.71842 ], [ 139.856438, 35.718772 ], [ 139.856963, 35.719151 ], [ 139.857073, 35.719238 ], [ 139.857594, 35.718716 ], [ 139.857885, 35.718418 ], [ 139.858164, 35.718137 ], [ 139.858192, 35.718124 ], [ 139.858544, 35.717756 ], [ 139.858566, 35.717734 ], [ 139.858008, 35.717408 ] ] ] } },
{ "type": "Feature", "properties": { "key": "葛飾区|西新小岩2丁目", "ward": "葛飾区", "town": "西新小岩２丁目" }, "geometry": { "type": "Polygon", "coordinates": [ [ [ 139.854365, 35.71728 ], [ 139.851641, 35.71532 ], [ 139.84856, 35.713082 ], [ 139.848415, 35.713222 ], [ 139.845864, 35.715711 ], [ 139.848969, 35.717836 ], [ 139.848998, 35.717823 ], [ 139.849219, 35.717971 ], [ 139.849471, 35.717941 ], [ 139.849527, 35.718001 ], [ 139.849927, 35.717899 ], [ 139.85049, 35.717959 ], [ 139.850911, 35.718003 ], [ 139.850926, 35.718005 ], [ 139.851336, 35.718048 ], [ 139.851789, 35.718096 ], [ 139.85222, 35.718142 ], [ 139.852515, 35.718173 ], [ 139.8531, 35.71825 ], [ 139.853273, 35.718273 ], [ 139.853441, 35.718295 ], [ 139.85392, 35.718358 ], [ 139.854266, 35.718403 ], [ 139.854792, 35.71847 ], [ 139.855146, 35.718518 ], [ 139.855432, 35.718556 ], [ 139.855759, 35.718599 ], [ 139.855948, 35.71842 ], [ 139.854365, 35.71728 ] ] ] } },
{ "type": "Feature", "properties": { "key": "葛飾区|西新小岩3丁目", "ward": "葛飾区", "town": "西新小岩３丁目" }, "geometry": { "type": "Polygon", "coordinates": [ [ [ 139.843994, 35.72393 ], [ 139.844614, 35.723938 ], [ 139.845237, 35.723918 ], [ 139.845631, 35.723903 ], [ 139.845677, 35.723901 ], [ 139.846457, 35.723872 ], [ 139.846838, 35.723856 ], [ 139.847229, 35.72384 ], [ 139.847417, 35.723782 ], [ 139.847678, 35.723701 ], [ 139.847828, 35.723655 ], [ 139.848071, 35.72358 ], [ 139.848753, 35.723369 ], [ 139.848796, 35.723356 ], [ 139.849551, 35.723323 ], [ 139.849698, 35.722508 ], [ 139.849729, 35.722327 ], [ 139.849743, 35.72225 ], [ 139.849853, 35.721606 ], [ 139.849921, 35.721209 ], [ 139.849954, 35.721019 ], [ 139.849969, 35.720878 ], [ 139.849978, 35.720831 ], [ 139.850014, 35.720644 ], [ 139.850049, 35.720455 ], [ 139.850102, 35.720167 ], [ 139.850144, 35.719918 ], [ 139.850208, 35.719536 ], [ 139.850209, 35.719532 ], [ 139.850265, 35.719222 ], [ 139.850346, 35.718775 ], [ 139.850349, 35.718754 ], [ 139.850364, 35.718658 ], [ 139.850444, 35.718213 ], [ 139.85049, 35.717959 ], [ 139.849927, 35.717899 ], [ 139.849527, 35.718001 ], [ 139.849471, 35.717941 ], [ 139.849219, 35.717971 ], [ 139.848998, 35.717823 ], [ 139.848969, 35.717836 ], [ 139.845864, 35.715711 ], [ 139.844695, 35.716846 ], [ 139.842354, 35.719117 ], [ 139.842325, 35.719147 ], [ 139.841089, 35.720374 ], [ 139.840661, 35.7208 ], [ 139.840488, 35.720964 ], [ 139.842755, 35.722501 ], [ 139.843274, 35.722866 ], [ 139.84298, 35.723794 ], [ 139.843541, 35.723925 ], [ 139.843908, 35.724013 ], [ 139.843994, 35.72393 ] ] ] } },
{ "type": "Feature", "properties": { "key": "葛飾区|西新小岩4丁目", "ward": "葛飾区", "town": "西新小岩４丁目" }, "geometry": { "type": "Polygon", "coordinates": [ [ [ 139.852187, 35.723272 ], [ 139.852993, 35.723289 ], [ 139.853164, 35.723122 ], [ 139.853227, 35.723061 ], [ 139.853445, 35.722847 ], [ 139.853602, 35.722692 ], [ 139.854201, 35.7221 ], [ 139.854622, 35.721678 ], [ 139.85479, 35.721509 ], [ 139.854844, 35.721455 ], [ 139.854966, 35.721333 ], [ 139.855259, 35.721041 ], [ 139.85573, 35.720575 ], [ 139.856105, 35.720203 ], [ 139.856124, 35.720183 ], [ 139.856144, 35.720163 ], [ 139.856325, 35.719984 ], [ 139.856378, 35.719931 ], [ 139.856619, 35.719691 ], [ 139.856898, 35.719412 ], [ 139.857058, 35.719252 ], [ 139.857073, 35.719238 ], [ 139.856963, 35.719151 ], [ 139.856438, 35.718772 ], [ 139.855948, 35.71842 ], [ 139.855759, 35.718599 ], [ 139.855432, 35.718556 ], [ 139.855146, 35.718518 ], [ 139.854792, 35.71847 ], [ 139.854266, 35.718403 ], [ 139.85392, 35.718358 ], [ 139.853441, 35.718295 ], [ 139.853273, 35.718273 ], [ 139.8531, 35.71825 ], [ 139.852515, 35.718173 ], [ 139.85222, 35.718142 ], [ 139.851789, 35.718096 ], [ 139.851336, 35.718048 ], [ 139.850926, 35.718005 ], [ 139.850911, 35.718003 ], [ 139.85049, 35.717959 ], [ 139.850444, 35.718213 ], [ 139.850364, 35.718658 ], [ 139.850349, 35.718754 ], [ 139.850346, 35.718775 ], [ 139.850265, 35.719222 ], [ 139.850209, 35.719532 ], [ 139.850208, 35.719536 ], [ 139.850144, 35.719918 ], [ 139.850102, 35.720167 ], [ 139.850049, 35.720455 ], [ 139.850014, 35.720644 ], [ 139.849978, 35.720831 ], [ 139.849969, 35.720878 ], [ 139.849954, 35.721019 ], [ 139.849921, 35.721209 ], [ 139.849853, 35.721606 ], [ 139.849743, 35.72225 ], [ 139.849729, 35.722327 ], [ 139.849698, 35.722508 ], [ 139.849551, 35.723323 ], [ 139.850281, 35.723311 ], [ 139.850393, 35.723309 ], [ 139.850717, 35.723301 ], [ 139.850781, 35.7233 ], [ 139.851369, 35.723286 ], [ 139.851787, 35.723277 ], [ 139.851868, 35.723274 ], [ 139.852187, 35.723272 ] ] ] } },
{ "type": "Feature", "properties": { "key": "葛飾区|西新小岩5丁目", "ward": "葛飾区", "town": "西新小岩５丁目" }, "geometry": { "type": "Polygon", "coordinates": [ [ [ 139.849485, 35.726829 ], [ 139.849601, 35.726711 ], [ 139.849647, 35.726665 ], [ 139.849787, 35.726526 ], [ 139.850386, 35.72593 ], [ 139.8508, 35.725509 ], [ 139.850866, 35.72543 ], [ 139.851136, 35.725161 ], [ 139.851188, 35.725105 ], [ 139.851288, 35.725005 ], [ 139.851865, 35.724433 ], [ 139.852197, 35.724105 ], [ 139.852249, 35.724054 ], [ 139.852723, 35.723578 ], [ 139.852993, 35.723289 ], [ 139.852187, 35.723272 ], [ 139.851868, 35.723274 ], [ 139.851787, 35.723277 ], [ 139.851369, 35.723286 ], [ 139.850781, 35.7233 ], [ 139.850717, 35.723301 ], [ 139.850393, 35.723309 ], [ 139.850281, 35.723311 ], [ 139.849551, 35.723323 ], [ 139.848796, 35.723356 ], [ 139.848753, 35.723369 ], [ 139.848071, 35.72358 ], [ 139.847828, 35.723655 ], [ 139.847678, 35.723701 ], [ 139.847417, 35.723782 ], [ 139.847229, 35.72384 ], [ 139.846838, 35.723856 ], [ 139.846457, 35.723872 ], [ 139.845677, 35.723901 ], [ 139.845631, 35.723903 ], [ 139.845237, 35.723918 ], [ 139.844614, 35.723938 ], [ 139.843994, 35.72393 ], [ 139.843908, 35.724013 ], [ 139.843541, 35.723925 ], [ 139.84298, 35.723794 ], [ 139.842896, 35.724006 ], [ 139.842811, 35.724259 ], [ 139.842784, 35.724499 ], [ 139.842819, 35.724998 ], [ 139.842854, 35.725199 ], [ 139.84289, 35.725319 ], [ 139.84293, 35.725441 ], [ 139.843021, 35.725607 ], [ 139.843198, 35.72606 ], [ 139.843277, 35.726188 ], [ 139.843422, 35.726361 ], [ 139.843573, 35.726504 ], [ 139.843916, 35.726743 ], [ 139.844013, 35.726792 ], [ 139.844424, 35.726976 ], [ 139.84473, 35.727078 ], [ 139.84489, 35.727141 ], [ 139.845047, 35.72719 ], [ 139.845528, 35.727336 ], [ 139.845749, 35.727387 ], [ 139.845877, 35.727409 ], [ 139.845914, 35.727415 ], [ 139.846093, 35.727451 ], [ 139.846409, 35.727479 ], [ 139.846655, 35.727481 ], [ 139.846922, 35.72747 ], [ 139.84725, 35.727445 ], [ 139.847493, 35.727426 ], [ 139.847643, 35.727422 ], [ 139.8478, 35.727443 ], [ 139.848084, 35.727532 ], [ 139.848423, 35.727707 ], [ 139.848546, 35.727778 ], [ 139.849485, 35.726829 ] ] ] } },
{ "type": "Feature", "properties": { "key": "葛飾区|西水元1丁目", "ward": "葛飾区", "town": "西水元１丁目" }, "geometry": { "type": "Polygon", "coordinates": [ [ [ 139.85063, 35.778299 ], [ 139.850607, 35.778316 ], [ 139.850281, 35.778718 ], [ 139.850027, 35.779033 ], [ 139.84988, 35.779213 ], [ 139.849773, 35.779355 ], [ 139.849642, 35.779516 ], [ 139.849555, 35.779623 ], [ 139.849462, 35.77974 ], [ 139.849288, 35.779961 ], [ 139.849086, 35.780202 ], [ 139.84898, 35.780327 ], [ 139.848734, 35.780662 ], [ 139.848474, 35.781004 ], [ 139.848054, 35.781612 ], [ 139.847523, 35.782414 ], [ 139.84719, 35.783013 ], [ 139.846951, 35.783492 ], [ 139.848389, 35.783963 ], [ 139.848684, 35.784139 ], [ 139.849582, 35.784216 ], [ 139.850903, 35.784342 ], [ 139.852082, 35.784455 ], [ 139.853325, 35.784574 ], [ 139.853364, 35.784574 ], [ 139.853396, 35.784065 ], [ 139.853477, 35.783561 ], [ 139.853567, 35.782989 ], [ 139.853642, 35.78255 ], [ 139.853656, 35.782473 ], [ 139.853627, 35.782415 ], [ 139.853041, 35.781396 ], [ 139.852726, 35.780494 ], [ 139.852696, 35.7804 ], [ 139.852551, 35.780011 ], [ 139.852405, 35.779519 ], [ 139.852423, 35.779503 ], [ 139.852175, 35.779349 ], [ 139.851642, 35.778986 ], [ 139.851192, 35.77868 ], [ 139.85063, 35.778299 ] ] ] } },
{ "type": "Feature", "properties": { "key": "葛飾区|西水元2丁目", "ward": "葛飾区", "town": "西水元２丁目" }, "geometry": { "type": "Polygon", "coordinates": [ [ [ 139.846951, 35.783492 ], [ 139.8466, 35.784082 ], [ 139.846507, 35.784294 ], [ 139.84641, 35.784543 ], [ 139.846377, 35.784624 ], [ 139.846289, 35.784839 ], [ 139.846184, 35.785256 ], [ 139.846044, 35.785709 ], [ 139.845908, 35.786185 ], [ 139.845857, 35.786312 ], [ 139.845791, 35.786473 ], [ 139.845764, 35.786548 ], [ 139.845667, 35.786815 ], [ 139.845573, 35.787075 ], [ 139.845522, 35.787152 ], [ 139.84713, 35.787306 ], [ 139.848039, 35.787394 ], [ 139.849152, 35.787501 ], [ 139.849889, 35.787585 ], [ 139.850438, 35.787647 ], [ 139.850918, 35.787691 ], [ 139.850996, 35.787699 ], [ 139.85104, 35.787703 ], [ 139.851601, 35.787754 ], [ 139.852883, 35.787881 ], [ 139.852968, 35.787321 ], [ 139.853001, 35.787105 ], [ 139.853062, 35.786727 ], [ 139.853101, 35.786396 ], [ 139.853151, 35.785674 ], [ 139.853234, 35.785132 ], [ 139.853325, 35.784574 ], [ 139.852082, 35.784455 ], [ 139.850903, 35.784342 ], [ 139.849582, 35.784216 ], [ 139.848684, 35.784139 ], [ 139.848389, 35.783963 ], [ 139.846951, 35.783492 ] ] ] } },
{ "type": "Feature", "properties": { "key": "葛飾区|西水元3丁目", "ward": "葛飾区", "town": "西水元３丁目" }, "geometry": { "type": "Polygon", "coordinates": [ [ [ 139.852435, 35.791637 ], [ 139.852369, 35.791253 ], [ 139.852433, 35.790842 ], [ 139.852535, 35.790172 ], [ 139.852635, 35.789511 ], [ 139.852745, 35.788786 ], [ 139.852883, 35.787881 ], [ 139.851601, 35.787754 ], [ 139.85104, 35.787703 ], [ 139.850996, 35.787699 ], [ 139.850918, 35.787691 ], [ 139.850438, 35.787647 ], [ 139.849889, 35.787585 ], [ 139.849152, 35.787501 ], [ 139.848039, 35.787394 ], [ 139.84713, 35.787306 ], [ 139.845522, 35.787152 ], [ 139.845486, 35.787205 ], [ 139.845253, 35.787803 ], [ 139.845243, 35.787828 ], [ 139.845176, 35.788001 ], [ 139.845103, 35.788219 ], [ 139.844932, 35.788731 ], [ 139.844923, 35.788759 ], [ 139.844916, 35.788786 ], [ 139.844645, 35.789728 ], [ 139.844631, 35.789775 ], [ 139.844542, 35.790096 ], [ 139.844497, 35.790257 ], [ 139.844474, 35.79034 ], [ 139.84442, 35.790614 ], [ 139.844416, 35.790632 ], [ 139.844311, 35.791298 ], [ 139.844239, 35.791852 ], [ 139.844233, 35.79193 ], [ 139.845462, 35.792033 ], [ 139.846269, 35.792109 ], [ 139.847222, 35.792199 ], [ 139.84819, 35.792075 ], [ 139.848726, 35.792016 ], [ 139.849443, 35.792026 ], [ 139.849893, 35.791948 ], [ 139.85034, 35.791929 ], [ 139.850795, 35.791987 ], [ 139.851481, 35.792075 ], [ 139.851799, 35.792062 ], [ 139.851835, 35.792075 ], [ 139.852537, 35.792199 ], [ 139.852435, 35.791637 ] ] ] } },
{ "type": "Feature", "properties": { "key": "葛飾区|西水元4丁目", "ward": "葛飾区", "town": "西水元４丁目" }, "geometry": { "type": "Polygon", "coordinates": [ [ [ 139.847678, 35.795702 ], [ 139.849501, 35.794508 ], [ 139.850267, 35.793949 ], [ 139.8511, 35.793313 ], [ 139.851621, 35.792879 ], [ 139.852537, 35.792199 ], [ 139.851835, 35.792075 ], [ 139.851799, 35.792062 ], [ 139.851481, 35.792075 ], [ 139.850795, 35.791987 ], [ 139.85034, 35.791929 ], [ 139.849893, 35.791948 ], [ 139.849443, 35.792026 ], [ 139.848726, 35.792016 ], [ 139.84819, 35.792075 ], [ 139.847222, 35.792199 ], [ 139.846269, 35.792109 ], [ 139.845462, 35.792033 ], [ 139.844233, 35.79193 ], [ 139.844169, 35.792579 ], [ 139.84416, 35.792877 ], [ 139.844181, 35.793172 ], [ 139.844209, 35.793465 ], [ 139.844216, 35.793537 ], [ 139.844288, 35.793883 ], [ 139.844382, 35.794148 ], [ 139.844504, 35.794364 ], [ 139.844628, 35.794558 ], [ 139.844829, 35.794804 ], [ 139.845207, 35.795163 ], [ 139.845462, 35.795352 ], [ 139.845669, 35.795515 ], [ 139.845913, 35.795707 ], [ 139.8465, 35.796169 ], [ 139.846498, 35.796151 ], [ 139.846681, 35.796294 ], [ 139.847678, 35.795702 ] ] ] } },
{ "type": "Feature", "properties": { "key": "葛飾区|西水元5丁目", "ward": "葛飾区", "town": "西水元５丁目" }, "geometry": { "type": "Polygon", "coordinates": [ [ [ 139.85656, 35.787452 ], [ 139.856113, 35.786693 ], [ 139.855673, 35.785947 ], [ 139.855202, 35.785132 ], [ 139.854967, 35.784742 ], [ 139.854723, 35.784335 ], [ 139.854498, 35.783949 ], [ 139.854488, 35.783918 ], [ 139.854333, 35.783656 ], [ 139.853804, 35.782769 ], [ 139.853642, 35.78255 ], [ 139.853567, 35.782989 ], [ 139.853477, 35.783561 ], [ 139.853396, 35.784065 ], [ 139.853364, 35.784574 ], [ 139.853325, 35.784574 ], [ 139.853234, 35.785132 ], [ 139.853151, 35.785674 ], [ 139.853101, 35.786396 ], [ 139.853062, 35.786727 ], [ 139.853001, 35.787105 ], [ 139.852968, 35.787321 ], [ 139.852883, 35.787881 ], [ 139.85338, 35.78793 ], [ 139.853891, 35.78798 ], [ 139.853903, 35.787973 ], [ 139.854817, 35.78806 ], [ 139.855689, 35.78815 ], [ 139.856792, 35.788264 ], [ 139.856849, 35.78827 ], [ 139.856988, 35.788212 ], [ 139.85656, 35.787452 ] ] ] } },
{ "type": "Feature", "properties": { "key": "葛飾区|西水元6丁目", "ward": "葛飾区", "town": "西水元６丁目" }, "geometry": { "type": "Polygon", "coordinates": [ [ [ 139.858378, 35.790667 ], [ 139.858148, 35.790259 ], [ 139.857979, 35.789973 ], [ 139.857749, 35.789552 ], [ 139.85747, 35.78907 ], [ 139.85721, 35.788605 ], [ 139.856988, 35.788212 ], [ 139.856849, 35.78827 ], [ 139.856792, 35.788264 ], [ 139.855689, 35.78815 ], [ 139.854817, 35.78806 ], [ 139.853903, 35.787973 ], [ 139.853891, 35.78798 ], [ 139.85338, 35.78793 ], [ 139.852883, 35.787881 ], [ 139.852745, 35.788786 ], [ 139.852635, 35.789511 ], [ 139.852535, 35.790172 ], [ 139.852433, 35.790842 ], [ 139.852369, 35.791253 ], [ 139.852435, 35.791637 ], [ 139.852537, 35.792199 ], [ 139.853723, 35.791417 ], [ 139.853733, 35.791412 ], [ 139.853793, 35.791384 ], [ 139.854534, 35.791073 ], [ 139.855127, 35.790869 ], [ 139.855442, 35.790804 ], [ 139.855704, 35.790787 ], [ 139.856086, 35.790821 ], [ 139.856325, 35.790862 ], [ 139.856472, 35.790932 ], [ 139.856653, 35.791049 ], [ 139.856767, 35.791135 ], [ 139.857224, 35.791588 ], [ 139.857721, 35.792132 ], [ 139.857974, 35.792462 ], [ 139.857967, 35.792467 ], [ 139.858297, 35.793098 ], [ 139.858528, 35.793604 ], [ 139.85901, 35.79468 ], [ 139.859204, 35.795013 ], [ 139.859171, 35.795093 ], [ 139.859167, 35.795176 ], [ 139.859191, 35.795383 ], [ 139.859207, 35.795414 ], [ 139.859277, 35.795481 ], [ 139.85936, 35.795549 ], [ 139.859402, 35.795572 ], [ 139.859461, 35.7956 ], [ 139.859512, 35.795612 ], [ 139.859587, 35.795626 ], [ 139.859655, 35.795618 ], [ 139.859808, 35.795584 ], [ 139.860008, 35.795564 ], [ 139.860161, 35.795526 ], [ 139.859855, 35.795009 ], [ 139.859792, 35.794788 ], [ 139.859724, 35.794464 ], [ 139.859755, 35.794015 ], [ 139.859594, 35.7929 ], [ 139.859485, 35.792742 ], [ 139.8594, 35.792568 ], [ 139.859344, 35.792397 ], [ 139.859406, 35.79235 ], [ 139.859071, 35.791859 ], [ 139.858986, 35.791719 ], [ 139.858783, 35.791383 ], [ 139.858608, 35.791058 ], [ 139.858594, 35.791035 ], [ 139.858378, 35.790667 ] ] ] } },
{ "type": "Feature", "properties": { "key": "葛飾区|東金町1丁目", "ward": "葛飾区", "town": "東金町１丁目" }, "geometry": { "type": "Polygon", "coordinates": [ [ [ 139.871603, 35.773381 ], [ 139.871648, 35.773251 ], [ 139.871657, 35.773228 ], [ 139.871727, 35.773048 ], [ 139.871853, 35.772705 ], [ 139.871907, 35.772557 ], [ 139.871955, 35.772426 ], [ 139.872004, 35.772294 ], [ 139.872045, 35.772183 ], [ 139.872054, 35.772158 ], [ 139.872105, 35.772022 ], [ 139.872145, 35.771911 ], [ 139.872198, 35.77177 ], [ 139.872244, 35.771643 ], [ 139.872287, 35.771526 ], [ 139.872346, 35.771366 ], [ 139.872427, 35.771147 ], [ 139.872499, 35.770951 ], [ 139.872566, 35.77077 ], [ 139.872686, 35.770445 ], [ 139.872792, 35.770158 ], [ 139.872825, 35.769877 ], [ 139.872466, 35.769892 ], [ 139.872226, 35.769869 ], [ 139.870822, 35.769747 ], [ 139.869987, 35.769656 ], [ 139.869249, 35.769585 ], [ 139.869251, 35.769577 ], [ 139.868623, 35.769537 ], [ 139.867975, 35.769495 ], [ 139.867745, 35.769489 ], [ 139.866131, 35.769133 ], [ 139.866105, 35.769089 ], [ 139.865651, 35.768975 ], [ 139.864894, 35.768847 ], [ 139.863914, 35.768682 ], [ 139.864548, 35.769865 ], [ 139.86465, 35.77006 ], [ 139.864747, 35.770249 ], [ 139.864792, 35.770335 ], [ 139.864834, 35.770414 ], [ 139.86492, 35.770573 ], [ 139.865038, 35.770792 ], [ 139.865132, 35.770976 ], [ 139.865328, 35.771361 ], [ 139.865794, 35.772258 ], [ 139.865853, 35.772024 ], [ 139.865905, 35.771882 ], [ 139.865877, 35.771659 ], [ 139.865934, 35.771488 ], [ 139.865968, 35.771412 ], [ 139.866109, 35.771045 ], [ 139.866117, 35.771024 ], [ 139.866356, 35.770348 ], [ 139.866698, 35.770563 ], [ 139.866733, 35.770586 ], [ 139.86723, 35.770939 ], [ 139.867541, 35.771172 ], [ 139.867748, 35.771325 ], [ 139.867789, 35.771356 ], [ 139.868058, 35.771555 ], [ 139.868218, 35.77166 ], [ 139.868378, 35.771758 ], [ 139.868706, 35.771983 ], [ 139.869016, 35.772346 ], [ 139.869259, 35.772673 ], [ 139.869497, 35.77298 ], [ 139.869794, 35.773377 ], [ 139.869991, 35.773519 ], [ 139.870016, 35.773487 ], [ 139.870479, 35.773793 ], [ 139.870738, 35.774038 ], [ 139.870961, 35.77425 ], [ 139.871139, 35.774605 ], [ 139.871178, 35.774569 ], [ 139.871269, 35.774328 ], [ 139.871433, 35.773862 ], [ 139.871603, 35.773381 ] ] ] } },
{ "type": "Feature", "properties": { "key": "葛飾区|東金町2丁目", "ward": "葛飾区", "town": "東金町２丁目" }, "geometry": { "type": "Polygon", "coordinates": [ [ [ 139.870016, 35.773487 ], [ 139.869991, 35.773519 ], [ 139.869794, 35.773377 ], [ 139.869497, 35.77298 ], [ 139.869259, 35.772673 ], [ 139.869016, 35.772346 ], [ 139.868706, 35.771983 ], [ 139.868378, 35.771758 ], [ 139.868218, 35.77166 ], [ 139.868058, 35.771555 ], [ 139.867789, 35.771356 ], [ 139.867748, 35.771325 ], [ 139.867541, 35.771172 ], [ 139.86723, 35.770939 ], [ 139.866733, 35.770586 ], [ 139.866698, 35.770563 ], [ 139.866356, 35.770348 ], [ 139.866117, 35.771024 ], [ 139.866109, 35.771045 ], [ 139.865968, 35.771412 ], [ 139.865934, 35.771488 ], [ 139.865877, 35.771659 ], [ 139.865905, 35.771882 ], [ 139.865853, 35.772024 ], [ 139.865794, 35.772258 ], [ 139.865839, 35.772364 ], [ 139.86604, 35.772845 ], [ 139.86618, 35.773206 ], [ 139.866231, 35.773339 ], [ 139.866263, 35.773499 ], [ 139.866284, 35.773609 ], [ 139.866337, 35.773889 ], [ 139.866398, 35.774209 ], [ 139.866461, 35.77454 ], [ 139.866479, 35.774634 ], [ 139.866508, 35.774789 ], [ 139.866522, 35.774864 ], [ 139.866545, 35.774984 ], [ 139.866582, 35.77518 ], [ 139.86659, 35.775222 ], [ 139.866616, 35.775358 ], [ 139.866646, 35.775518 ], [ 139.866682, 35.775709 ], [ 139.866711, 35.775859 ], [ 139.866737, 35.775996 ], [ 139.866767, 35.776157 ], [ 139.866994, 35.776123 ], [ 139.867415, 35.776059 ], [ 139.867948, 35.775989 ], [ 139.868018, 35.775982 ], [ 139.868254, 35.775958 ], [ 139.868578, 35.775926 ], [ 139.868668, 35.775918 ], [ 139.869089, 35.775876 ], [ 139.869502, 35.775846 ], [ 139.869826, 35.775822 ], [ 139.870444, 35.775777 ], [ 139.870481, 35.775774 ], [ 139.871154, 35.775749 ], [ 139.871939, 35.775721 ], [ 139.871963, 35.77572 ], [ 139.872189, 35.775504 ], [ 139.871982, 35.77532 ], [ 139.871139, 35.774605 ], [ 139.870961, 35.77425 ], [ 139.870738, 35.774038 ], [ 139.870479, 35.773793 ], [ 139.870016, 35.773487 ] ] ] } },
{ "type": "Feature", "properties": { "key": "葛飾区|東金町3丁目", "ward": "葛飾区", "town": "東金町３丁目" }, "geometry": { "type": "Polygon", "coordinates": [ [ [ 139.872695, 35.77501 ], [ 139.872708, 35.775022 ], [ 139.872956, 35.774764 ], [ 139.87306, 35.774656 ], [ 139.873444, 35.774276 ], [ 139.87375, 35.773984 ], [ 139.874102, 35.773623 ], [ 139.87443, 35.77331 ], [ 139.874456, 35.773273 ], [ 139.874648, 35.773107 ], [ 139.875459, 35.77229 ], [ 139.875642, 35.772107 ], [ 139.875669, 35.77208 ], [ 139.875725, 35.772021 ], [ 139.876098, 35.771644 ], [ 139.876471, 35.771267 ], [ 139.876063, 35.770334 ], [ 139.875995, 35.770172 ], [ 139.875947, 35.770061 ], [ 139.875772, 35.769653 ], [ 139.875624, 35.769664 ], [ 139.873536, 35.769836 ], [ 139.872825, 35.769877 ], [ 139.872792, 35.770158 ], [ 139.872686, 35.770445 ], [ 139.872566, 35.77077 ], [ 139.872499, 35.770951 ], [ 139.872427, 35.771147 ], [ 139.872346, 35.771366 ], [ 139.872287, 35.771526 ], [ 139.872244, 35.771643 ], [ 139.872198, 35.77177 ], [ 139.872145, 35.771911 ], [ 139.872105, 35.772022 ], [ 139.872054, 35.772158 ], [ 139.872045, 35.772183 ], [ 139.872004, 35.772294 ], [ 139.871955, 35.772426 ], [ 139.871907, 35.772557 ], [ 139.871853, 35.772705 ], [ 139.871727, 35.773048 ], [ 139.871657, 35.773228 ], [ 139.871648, 35.773251 ], [ 139.871603, 35.773381 ], [ 139.871433, 35.773862 ], [ 139.871269, 35.774328 ], [ 139.871178, 35.774569 ], [ 139.871139, 35.774605 ], [ 139.871982, 35.77532 ], [ 139.872189, 35.775504 ], [ 139.872546, 35.775153 ], [ 139.872695, 35.77501 ] ] ] } },
{ "type": "Feature", "properties": { "key": "葛飾区|東金町4丁目", "ward": "葛飾区", "town": "東金町４丁目" }, "geometry": { "type": "Polygon", "coordinates": [ [ [ 139.876391, 35.776746 ], [ 139.876592, 35.776806 ], [ 139.877048, 35.776927 ], [ 139.87722, 35.776962 ], [ 139.877652, 35.77703 ], [ 139.877918, 35.776629 ], [ 139.878011, 35.776252 ], [ 139.878022, 35.776199 ], [ 139.878411, 35.776274 ], [ 139.878791, 35.776124 ], [ 139.878613, 35.775951 ], [ 139.878516, 35.77586 ], [ 139.878389, 35.775654 ], [ 139.878264, 35.77543 ], [ 139.878084, 35.775042 ], [ 139.877855, 35.774544 ], [ 139.877825, 35.774494 ], [ 139.877719, 35.774263 ], [ 139.877569, 35.773945 ], [ 139.877316, 35.773314 ], [ 139.877307, 35.773289 ], [ 139.877236, 35.773093 ], [ 139.877226, 35.773065 ], [ 139.877146, 35.772844 ], [ 139.877084, 35.772671 ], [ 139.87704, 35.772549 ], [ 139.876965, 35.772376 ], [ 139.876841, 35.772085 ], [ 139.876827, 35.772037 ], [ 139.876598, 35.771527 ], [ 139.876471, 35.771267 ], [ 139.876098, 35.771644 ], [ 139.875725, 35.772021 ], [ 139.875669, 35.77208 ], [ 139.875642, 35.772107 ], [ 139.875459, 35.77229 ], [ 139.874648, 35.773107 ], [ 139.874456, 35.773273 ], [ 139.87443, 35.77331 ], [ 139.874102, 35.773623 ], [ 139.87375, 35.773984 ], [ 139.873444, 35.774276 ], [ 139.87306, 35.774656 ], [ 139.872956, 35.774764 ], [ 139.872708, 35.775022 ], [ 139.872695, 35.77501 ], [ 139.872546, 35.775153 ], [ 139.872189, 35.775504 ], [ 139.872465, 35.775735 ], [ 139.87294, 35.776128 ], [ 139.872994, 35.776197 ], [ 139.873156, 35.776315 ], [ 139.87326, 35.776375 ], [ 139.874036, 35.776684 ], [ 139.874123, 35.776734 ], [ 139.874262, 35.776785 ], [ 139.874284, 35.776791 ], [ 139.874655, 35.776891 ], [ 139.875064, 35.777002 ], [ 139.875359, 35.777015 ], [ 139.87594, 35.777203 ], [ 139.876166, 35.777276 ], [ 139.876284, 35.776998 ], [ 139.876391, 35.776746 ] ] ] } },
{ "type": "Feature", "properties": { "key": "葛飾区|東金町5丁目", "ward": "葛飾区", "town": "東金町５丁目" }, "geometry": { "type": "Polygon", "coordinates": [ [ [ 139.882356, 35.780411 ], [ 139.882454, 35.780171 ], [ 139.882568, 35.780044 ], [ 139.882804, 35.779541 ], [ 139.882972, 35.779087 ], [ 139.883129, 35.778631 ], [ 139.88327, 35.778299 ], [ 139.883223, 35.778278 ], [ 139.883067, 35.778205 ], [ 139.882444, 35.777923 ], [ 139.882316, 35.777857 ], [ 139.882011, 35.777702 ], [ 139.881735, 35.777576 ], [ 139.880638, 35.777077 ], [ 139.87986, 35.776734 ], [ 139.879444, 35.776551 ], [ 139.87932, 35.77648 ], [ 139.879089, 35.776361 ], [ 139.878931, 35.776244 ], [ 139.878912, 35.776228 ], [ 139.878791, 35.776124 ], [ 139.878411, 35.776274 ], [ 139.878022, 35.776199 ], [ 139.878011, 35.776252 ], [ 139.877918, 35.776629 ], [ 139.877652, 35.77703 ], [ 139.87722, 35.776962 ], [ 139.877048, 35.776927 ], [ 139.876592, 35.776806 ], [ 139.876391, 35.776746 ], [ 139.876284, 35.776998 ], [ 139.876166, 35.777276 ], [ 139.87594, 35.777203 ], [ 139.875359, 35.777015 ], [ 139.875064, 35.777002 ], [ 139.874655, 35.776891 ], [ 139.874284, 35.776791 ], [ 139.874262, 35.776785 ], [ 139.874123, 35.776734 ], [ 139.874036, 35.776684 ], [ 139.87326, 35.776375 ], [ 139.873156, 35.776315 ], [ 139.873227, 35.776806 ], [ 139.87336, 35.777725 ], [ 139.873383, 35.777861 ], [ 139.873436, 35.778181 ], [ 139.8735, 35.778487 ], [ 139.873557, 35.778878 ], [ 139.873665, 35.779627 ], [ 139.873706, 35.779956 ], [ 139.874173, 35.780031 ], [ 139.874882, 35.780147 ], [ 139.875587, 35.780272 ], [ 139.87577, 35.780283 ], [ 139.876109, 35.780234 ], [ 139.87705, 35.780121 ], [ 139.877614, 35.780018 ], [ 139.877743, 35.78004 ], [ 139.878177, 35.780244 ], [ 139.878248, 35.780267 ], [ 139.878787, 35.780318 ], [ 139.878911, 35.780303 ], [ 139.879191, 35.780252 ], [ 139.879208, 35.780769 ], [ 139.879863, 35.780939 ], [ 139.880821, 35.781188 ], [ 139.8812, 35.780837 ], [ 139.881518, 35.781029 ], [ 139.881084, 35.781616 ], [ 139.881296, 35.781719 ], [ 139.881324, 35.781713 ], [ 139.881433, 35.781529 ], [ 139.881777, 35.781053 ], [ 139.881849, 35.78103 ], [ 139.882356, 35.780411 ] ] ] } },
{ "type": "Feature", "properties": { "key": "葛飾区|東金町6丁目", "ward": "葛飾区", "town": "東金町６丁目" }, "geometry": { "type": "Polygon", "coordinates": [ [ [ 139.879856, 35.769254 ], [ 139.878228, 35.769415 ], [ 139.877993, 35.769439 ], [ 139.877976, 35.76944 ], [ 139.877873, 35.76945 ], [ 139.877818, 35.769455 ], [ 139.877026, 35.769527 ], [ 139.876591, 35.769559 ], [ 139.875793, 35.76965 ], [ 139.875772, 35.769653 ], [ 139.875947, 35.770061 ], [ 139.875995, 35.770172 ], [ 139.876063, 35.770334 ], [ 139.876471, 35.771267 ], [ 139.876598, 35.771527 ], [ 139.876827, 35.772037 ], [ 139.876841, 35.772085 ], [ 139.876965, 35.772376 ], [ 139.87704, 35.772549 ], [ 139.877084, 35.772671 ], [ 139.877146, 35.772844 ], [ 139.877226, 35.773065 ], [ 139.877236, 35.773093 ], [ 139.877307, 35.773289 ], [ 139.877316, 35.773314 ], [ 139.877569, 35.773945 ], [ 139.877719, 35.774263 ], [ 139.877825, 35.774494 ], [ 139.877855, 35.774544 ], [ 139.878084, 35.775042 ], [ 139.878579, 35.774905 ], [ 139.879338, 35.7748 ], [ 139.879706, 35.774744 ], [ 139.879859, 35.774726 ], [ 139.88023, 35.774682 ], [ 139.88062, 35.774635 ], [ 139.880924, 35.77446 ], [ 139.880803, 35.774314 ], [ 139.880767, 35.77427 ], [ 139.88076, 35.774262 ], [ 139.88035, 35.773767 ], [ 139.880081, 35.773441 ], [ 139.88027, 35.773429 ], [ 139.880351, 35.773424 ], [ 139.881998, 35.772628 ], [ 139.881668, 35.772358 ], [ 139.88115, 35.77197 ], [ 139.880958, 35.771789 ], [ 139.880852, 35.771662 ], [ 139.880665, 35.77139 ], [ 139.88048, 35.771079 ], [ 139.880277, 35.77065 ], [ 139.879974, 35.76986 ], [ 139.879864, 35.769269 ], [ 139.879856, 35.769254 ] ] ] } },
{ "type": "Feature", "properties": { "key": "葛飾区|東金町7丁目", "ward": "葛飾区", "town": "東金町７丁目" }, "geometry": { "type": "Polygon", "coordinates": [ [ [ 139.882008, 35.772624 ], [ 139.881998, 35.772628 ], [ 139.880351, 35.773424 ], [ 139.88027, 35.773429 ], [ 139.880081, 35.773441 ], [ 139.88035, 35.773767 ], [ 139.88076, 35.774262 ], [ 139.880767, 35.77427 ], [ 139.880803, 35.774314 ], [ 139.880924, 35.77446 ], [ 139.88062, 35.774635 ], [ 139.88023, 35.774682 ], [ 139.879859, 35.774726 ], [ 139.879706, 35.774744 ], [ 139.879338, 35.7748 ], [ 139.878579, 35.774905 ], [ 139.878084, 35.775042 ], [ 139.878264, 35.77543 ], [ 139.878389, 35.775654 ], [ 139.878516, 35.77586 ], [ 139.878613, 35.775951 ], [ 139.878791, 35.776124 ], [ 139.878912, 35.776228 ], [ 139.878931, 35.776244 ], [ 139.879089, 35.776361 ], [ 139.87932, 35.77648 ], [ 139.879444, 35.776551 ], [ 139.87986, 35.776734 ], [ 139.880638, 35.777077 ], [ 139.881735, 35.777576 ], [ 139.882011, 35.777702 ], [ 139.882316, 35.777857 ], [ 139.882444, 35.777923 ], [ 139.883067, 35.778205 ], [ 139.883223, 35.778278 ], [ 139.88327, 35.778299 ], [ 139.883402, 35.778362 ], [ 139.884005, 35.778647 ], [ 139.884832, 35.779026 ], [ 139.884876, 35.779056 ], [ 139.885331, 35.779286 ], [ 139.885496, 35.779377 ], [ 139.885686, 35.779444 ], [ 139.88586, 35.779484 ], [ 139.886051, 35.779511 ], [ 139.886268, 35.779528 ], [ 139.886526, 35.779521 ], [ 139.886764, 35.779499 ], [ 139.8871, 35.779475 ], [ 139.887366, 35.779375 ], [ 139.887541, 35.779291 ], [ 139.887742, 35.779167 ], [ 139.888108, 35.778926 ], [ 139.888228, 35.778849 ], [ 139.888994, 35.777854 ], [ 139.89012, 35.776391 ], [ 139.889853, 35.77626 ], [ 139.889465, 35.776106 ], [ 139.888805, 35.775837 ], [ 139.888251, 35.775618 ], [ 139.887876, 35.775502 ], [ 139.886994, 35.775163 ], [ 139.886442, 35.774978 ], [ 139.885809, 35.774792 ], [ 139.885447, 35.774647 ], [ 139.885128, 35.774501 ], [ 139.884664, 35.774277 ], [ 139.884243, 35.774062 ], [ 139.884229, 35.774048 ], [ 139.883575, 35.773699 ], [ 139.883213, 35.773525 ], [ 139.882864, 35.773342 ], [ 139.882453, 35.773009 ], [ 139.882008, 35.772624 ] ] ] } },
{ "type": "Feature", "properties": { "key": "葛飾区|東金町8丁目", "ward": "葛飾区", "town": "東金町８丁目" }, "geometry": { "type": "Polygon", "coordinates": [ [ [ 139.894513, 35.781455 ], [ 139.894616, 35.781249 ], [ 139.894644, 35.781125 ], [ 139.894657, 35.780995 ], [ 139.894644, 35.780362 ], [ 139.894391, 35.779399 ], [ 139.894267, 35.779175 ], [ 139.8941, 35.778956 ], [ 139.893812, 35.778651 ], [ 139.893485, 35.778347 ], [ 139.893199, 35.778112 ], [ 139.89287, 35.777852 ], [ 139.892829, 35.77782 ], [ 139.892445, 35.777576 ], [ 139.891826, 35.777248 ], [ 139.891065, 35.776854 ], [ 139.89012, 35.776391 ], [ 139.888994, 35.777854 ], [ 139.888228, 35.778849 ], [ 139.888108, 35.778926 ], [ 139.887742, 35.779167 ], [ 139.887541, 35.779291 ], [ 139.887366, 35.779375 ], [ 139.8871, 35.779475 ], [ 139.886764, 35.779499 ], [ 139.886526, 35.779521 ], [ 139.886268, 35.779528 ], [ 139.886051, 35.779511 ], [ 139.88586, 35.779484 ], [ 139.885686, 35.779444 ], [ 139.885496, 35.779377 ], [ 139.885331, 35.779286 ], [ 139.884876, 35.779056 ], [ 139.884832, 35.779026 ], [ 139.884005, 35.778647 ], [ 139.883402, 35.778362 ], [ 139.88327, 35.778299 ], [ 139.883129, 35.778631 ], [ 139.882972, 35.779087 ], [ 139.882804, 35.779541 ], [ 139.882568, 35.780044 ], [ 139.882454, 35.780171 ], [ 139.882356, 35.780411 ], [ 139.881849, 35.78103 ], [ 139.881777, 35.781053 ], [ 139.881433, 35.781529 ], [ 139.881324, 35.781713 ], [ 139.88123, 35.781828 ], [ 139.88111, 35.782065 ], [ 139.881178, 35.781987 ], [ 139.881658, 35.782071 ], [ 139.88169, 35.782134 ], [ 139.882221, 35.78234 ], [ 139.883537, 35.782865 ], [ 139.884302, 35.783163 ], [ 139.886091, 35.783834 ], [ 139.886767, 35.78408 ], [ 139.887013, 35.784137 ], [ 139.887521, 35.78418 ], [ 139.887597, 35.784197 ], [ 139.88789, 35.784158 ], [ 139.888104, 35.784113 ], [ 139.888358, 35.78404 ], [ 139.889642, 35.78361 ], [ 139.890519, 35.783402 ], [ 139.8911, 35.783282 ], [ 139.893777, 35.782773 ], [ 139.893953, 35.782493 ], [ 139.894192, 35.782069 ], [ 139.894513, 35.781455 ] ] ] } },
{ "type": "Feature", "properties": { "key": "葛飾区|東新小岩1丁目", "ward": "葛飾区", "town": "東新小岩１丁目" }, "geometry": { "type": "Polygon", "coordinates": [ [ [ 139.859273, 35.717582 ], [ 139.859089, 35.717471 ], [ 139.858908, 35.717666 ], [ 139.858728, 35.717573 ], [ 139.858566, 35.717734 ], [ 139.858544, 35.717756 ], [ 139.858192, 35.718124 ], [ 139.858164, 35.718137 ], [ 139.857885, 35.718418 ], [ 139.857594, 35.718716 ], [ 139.857073, 35.719238 ], [ 139.857744, 35.719682 ], [ 139.858421, 35.720156 ], [ 139.858774, 35.7204 ], [ 139.859124, 35.720639 ], [ 139.859132, 35.720648 ], [ 139.859581, 35.720968 ], [ 139.859598, 35.720981 ], [ 139.860021, 35.721272 ], [ 139.860056, 35.7213 ], [ 139.860394, 35.72154 ], [ 139.860732, 35.72178 ], [ 139.860824, 35.721838 ], [ 139.860996, 35.721956 ], [ 139.861527, 35.722325 ], [ 139.862312, 35.722878 ], [ 139.862368, 35.722915 ], [ 139.862497, 35.723007 ], [ 139.862924, 35.723309 ], [ 139.863163, 35.723478 ], [ 139.863358, 35.723614 ], [ 139.863509, 35.723719 ], [ 139.863583, 35.723768 ], [ 139.864007, 35.723342 ], [ 139.86405, 35.723312 ], [ 139.86472, 35.722672 ], [ 139.864678, 35.722639 ], [ 139.865273, 35.72208 ], [ 139.865651, 35.721724 ], [ 139.865363, 35.72148 ], [ 139.865343, 35.721466 ], [ 139.865125, 35.721309 ], [ 139.864963, 35.721193 ], [ 139.864387, 35.720781 ], [ 139.863755, 35.720337 ], [ 139.863206, 35.719958 ], [ 139.862533, 35.719483 ], [ 139.862343, 35.719381 ], [ 139.861963, 35.71914 ], [ 139.861157, 35.718684 ], [ 139.86085, 35.718497 ], [ 139.860795, 35.718469 ], [ 139.860199, 35.718138 ], [ 139.859273, 35.717582 ] ] ] } },
{ "type": "Feature", "properties": { "key": "葛飾区|東新小岩2丁目", "ward": "葛飾区", "town": "東新小岩２丁目" }, "geometry": { "type": "Polygon", "coordinates": [ [ [ 139.865651, 35.721724 ], [ 139.865273, 35.72208 ], [ 139.864678, 35.722639 ], [ 139.86472, 35.722672 ], [ 139.86405, 35.723312 ], [ 139.864007, 35.723342 ], [ 139.863583, 35.723768 ], [ 139.863873, 35.72397 ], [ 139.864247, 35.724229 ], [ 139.864821, 35.72463 ], [ 139.864904, 35.724688 ], [ 139.865232, 35.724911 ], [ 139.86556, 35.725141 ], [ 139.866177, 35.725573 ], [ 139.86657, 35.725848 ], [ 139.866651, 35.725904 ], [ 139.866734, 35.725963 ], [ 139.867048, 35.726182 ], [ 139.867215, 35.726299 ], [ 139.867787, 35.726685 ], [ 139.867897, 35.72676 ], [ 139.868262, 35.727009 ], [ 139.868551, 35.727202 ], [ 139.868639, 35.72726 ], [ 139.86894, 35.727479 ], [ 139.869307, 35.727729 ], [ 139.870104, 35.728262 ], [ 139.870182, 35.727876 ], [ 139.870305, 35.727266 ], [ 139.870394, 35.726871 ], [ 139.870548, 35.726189 ], [ 139.870551, 35.726178 ], [ 139.870615, 35.725907 ], [ 139.87072, 35.725464 ], [ 139.868273, 35.723835 ], [ 139.868103, 35.723697 ], [ 139.867455, 35.723163 ], [ 139.867036, 35.722817 ], [ 139.866601, 35.722451 ], [ 139.865936, 35.72192 ], [ 139.865708, 35.721733 ], [ 139.865651, 35.721724 ] ] ] } },
{ "type": "Feature", "properties": { "key": "葛飾区|東新小岩3丁目", "ward": "葛飾区", "town": "東新小岩３丁目" }, "geometry": { "type": "Polygon", "coordinates": [ [ [ 139.857073, 35.719238 ], [ 139.857058, 35.719252 ], [ 139.857548, 35.720136 ], [ 139.85757, 35.720174 ], [ 139.85772, 35.720459 ], [ 139.857863, 35.720728 ], [ 139.858064, 35.721108 ], [ 139.858217, 35.721397 ], [ 139.858261, 35.721489 ], [ 139.858393, 35.721767 ], [ 139.858585, 35.722136 ], [ 139.8587, 35.722379 ], [ 139.858745, 35.722473 ], [ 139.858845, 35.722671 ], [ 139.859013, 35.723067 ], [ 139.859086, 35.723243 ], [ 139.859168, 35.723411 ], [ 139.859364, 35.723815 ], [ 139.860373, 35.723924 ], [ 139.860814, 35.723968 ], [ 139.861241, 35.72401 ], [ 139.861396, 35.72403 ], [ 139.861961, 35.724087 ], [ 139.861998, 35.724089 ], [ 139.862109, 35.724095 ], [ 139.862671, 35.724161 ], [ 139.862825, 35.724167 ], [ 139.862954, 35.724152 ], [ 139.863155, 35.724063 ], [ 139.863509, 35.723719 ], [ 139.863358, 35.723614 ], [ 139.863163, 35.723478 ], [ 139.862924, 35.723309 ], [ 139.862497, 35.723007 ], [ 139.862368, 35.722915 ], [ 139.862312, 35.722878 ], [ 139.861527, 35.722325 ], [ 139.860996, 35.721956 ], [ 139.860824, 35.721838 ], [ 139.860732, 35.72178 ], [ 139.860394, 35.72154 ], [ 139.860056, 35.7213 ], [ 139.860021, 35.721272 ], [ 139.859598, 35.720981 ], [ 139.859581, 35.720968 ], [ 139.859132, 35.720648 ], [ 139.859124, 35.720639 ], [ 139.858774, 35.7204 ], [ 139.858421, 35.720156 ], [ 139.857744, 35.719682 ], [ 139.857073, 35.719238 ] ] ] } },
{ "type": "Feature", "properties": { "key": "葛飾区|東新小岩4丁目", "ward": "葛飾区", "town": "東新小岩４丁目" }, "geometry": { "type": "Polygon", "coordinates": [ [ [ 139.862186, 35.727615 ], [ 139.862366, 35.727626 ], [ 139.862487, 35.72761 ], [ 139.862571, 35.727574 ], [ 139.86258, 35.727571 ], [ 139.862864, 35.727383 ], [ 139.863104, 35.72725 ], [ 139.86367, 35.726739 ], [ 139.86377, 35.726836 ], [ 139.863942, 35.726998 ], [ 139.863955, 35.727121 ], [ 139.863875, 35.727247 ], [ 139.86391, 35.727243 ], [ 139.863894, 35.727276 ], [ 139.863917, 35.727319 ], [ 139.864028, 35.727433 ], [ 139.864274, 35.727339 ], [ 139.864271, 35.72726 ], [ 139.864269, 35.727216 ], [ 139.864359, 35.727234 ], [ 139.864547, 35.727268 ], [ 139.864606, 35.72731 ], [ 139.864804, 35.72735 ], [ 139.864862, 35.72732 ], [ 139.864915, 35.727293 ], [ 139.865102, 35.726631 ], [ 139.865119, 35.726567 ], [ 139.865475, 35.726232 ], [ 139.866177, 35.725573 ], [ 139.86556, 35.725141 ], [ 139.865232, 35.724911 ], [ 139.864904, 35.724688 ], [ 139.864821, 35.72463 ], [ 139.864247, 35.724229 ], [ 139.863873, 35.72397 ], [ 139.863583, 35.723768 ], [ 139.863509, 35.723719 ], [ 139.863155, 35.724063 ], [ 139.862954, 35.724152 ], [ 139.862825, 35.724167 ], [ 139.862671, 35.724161 ], [ 139.862109, 35.724095 ], [ 139.861998, 35.724089 ], [ 139.861961, 35.724087 ], [ 139.861396, 35.72403 ], [ 139.861241, 35.72401 ], [ 139.860814, 35.723968 ], [ 139.860373, 35.723924 ], [ 139.859364, 35.723815 ], [ 139.859521, 35.724155 ], [ 139.859606, 35.724307 ], [ 139.859755, 35.724611 ], [ 139.859985, 35.72508 ], [ 139.860021, 35.725142 ], [ 139.860118, 35.72535 ], [ 139.86018, 35.725468 ], [ 139.860216, 35.725564 ], [ 139.860345, 35.725913 ], [ 139.860396, 35.72601 ], [ 139.86051, 35.726171 ], [ 139.860836, 35.726718 ], [ 139.860906, 35.726833 ], [ 139.861074, 35.72711 ], [ 139.861277, 35.72744 ], [ 139.861353, 35.727574 ], [ 139.861632, 35.727996 ], [ 139.862045, 35.727852 ], [ 139.862105, 35.727766 ], [ 139.862186, 35.727615 ] ] ] } },
{ "type": "Feature", "properties": { "key": "葛飾区|東新小岩5丁目", "ward": "葛飾区", "town": "東新小岩５丁目" }, "geometry": { "type": "Polygon", "coordinates": [ [ [ 139.857058, 35.719252 ], [ 139.856898, 35.719412 ], [ 139.856619, 35.719691 ], [ 139.856378, 35.719931 ], [ 139.856325, 35.719984 ], [ 139.856144, 35.720163 ], [ 139.856124, 35.720183 ], [ 139.856105, 35.720203 ], [ 139.85573, 35.720575 ], [ 139.855259, 35.721041 ], [ 139.854966, 35.721333 ], [ 139.854844, 35.721455 ], [ 139.85479, 35.721509 ], [ 139.854622, 35.721678 ], [ 139.854201, 35.7221 ], [ 139.853602, 35.722692 ], [ 139.853445, 35.722847 ], [ 139.853227, 35.723061 ], [ 139.853164, 35.723122 ], [ 139.852993, 35.723289 ], [ 139.85333, 35.723297 ], [ 139.853914, 35.723327 ], [ 139.854255, 35.723332 ], [ 139.854598, 35.723348 ], [ 139.855314, 35.723379 ], [ 139.855977, 35.723452 ], [ 139.856522, 35.723515 ], [ 139.856678, 35.723533 ], [ 139.856848, 35.723553 ], [ 139.857174, 35.72359 ], [ 139.857716, 35.723653 ], [ 139.857775, 35.723659 ], [ 139.858483, 35.723726 ], [ 139.859364, 35.723815 ], [ 139.859168, 35.723411 ], [ 139.859086, 35.723243 ], [ 139.859013, 35.723067 ], [ 139.858845, 35.722671 ], [ 139.858745, 35.722473 ], [ 139.8587, 35.722379 ], [ 139.858585, 35.722136 ], [ 139.858393, 35.721767 ], [ 139.858261, 35.721489 ], [ 139.858217, 35.721397 ], [ 139.858064, 35.721108 ], [ 139.857863, 35.720728 ], [ 139.85772, 35.720459 ], [ 139.85757, 35.720174 ], [ 139.857548, 35.720136 ], [ 139.857058, 35.719252 ] ] ] } },
{ "type": "Feature", "properties": { "key": "葛飾区|東新小岩6丁目", "ward": "葛飾区", "town": "東新小岩６丁目" }, "geometry": { "type": "Polygon", "coordinates": [ [ [ 139.857775, 35.723659 ], [ 139.857731, 35.724122 ], [ 139.857687, 35.724468 ], [ 139.857649, 35.724773 ], [ 139.857613, 35.725179 ], [ 139.85757, 35.725675 ], [ 139.857508, 35.726407 ], [ 139.85745, 35.726641 ], [ 139.8579, 35.727281 ], [ 139.858386, 35.727958 ], [ 139.858508, 35.728133 ], [ 139.85862, 35.728295 ], [ 139.85878, 35.728515 ], [ 139.858836, 35.728747 ], [ 139.85897, 35.729297 ], [ 139.859573, 35.729178 ], [ 139.859745, 35.729144 ], [ 139.859947, 35.729112 ], [ 139.860362, 35.729047 ], [ 139.861043, 35.728925 ], [ 139.861378, 35.728865 ], [ 139.86208, 35.728756 ], [ 139.861926, 35.728468 ], [ 139.861663, 35.728051 ], [ 139.861632, 35.727996 ], [ 139.861353, 35.727574 ], [ 139.861277, 35.72744 ], [ 139.861074, 35.72711 ], [ 139.860906, 35.726833 ], [ 139.860836, 35.726718 ], [ 139.86051, 35.726171 ], [ 139.860396, 35.72601 ], [ 139.860345, 35.725913 ], [ 139.860216, 35.725564 ], [ 139.86018, 35.725468 ], [ 139.860118, 35.72535 ], [ 139.860021, 35.725142 ], [ 139.859985, 35.72508 ], [ 139.859755, 35.724611 ], [ 139.859606, 35.724307 ], [ 139.859521, 35.724155 ], [ 139.859364, 35.723815 ], [ 139.858483, 35.723726 ], [ 139.857775, 35.723659 ] ] ] } },
{ "type": "Feature", "properties": { "key": "葛飾区|東新小岩7丁目", "ward": "葛飾区", "town": "東新小岩７丁目" }, "geometry": { "type": "Polygon", "coordinates": [ [ [ 139.852993, 35.723289 ], [ 139.852723, 35.723578 ], [ 139.852249, 35.724054 ], [ 139.852197, 35.724105 ], [ 139.851865, 35.724433 ], [ 139.851288, 35.725005 ], [ 139.851188, 35.725105 ], [ 139.851136, 35.725161 ], [ 139.850866, 35.72543 ], [ 139.8508, 35.725509 ], [ 139.851459, 35.725743 ], [ 139.851825, 35.72588 ], [ 139.852082, 35.725986 ], [ 139.852341, 35.726093 ], [ 139.852797, 35.726141 ], [ 139.85323, 35.726188 ], [ 139.853694, 35.726238 ], [ 139.853789, 35.726247 ], [ 139.854047, 35.726273 ], [ 139.854417, 35.726313 ], [ 139.855143, 35.726389 ], [ 139.856008, 35.726484 ], [ 139.856883, 35.726589 ], [ 139.85745, 35.726641 ], [ 139.857508, 35.726407 ], [ 139.85757, 35.725675 ], [ 139.857613, 35.725179 ], [ 139.857649, 35.724773 ], [ 139.857687, 35.724468 ], [ 139.857731, 35.724122 ], [ 139.857775, 35.723659 ], [ 139.857716, 35.723653 ], [ 139.857174, 35.72359 ], [ 139.856848, 35.723553 ], [ 139.856678, 35.723533 ], [ 139.856522, 35.723515 ], [ 139.855977, 35.723452 ], [ 139.855314, 35.723379 ], [ 139.854598, 35.723348 ], [ 139.854255, 35.723332 ], [ 139.853914, 35.723327 ], [ 139.85333, 35.723297 ], [ 139.852993, 35.723289 ] ] ] } },
{ "type": "Feature", "properties": { "key": "葛飾区|東新小岩8丁目", "ward": "葛飾区", "town": "東新小岩８丁目" }, "geometry": { "type": "Polygon", "coordinates": [ [ [ 139.856512, 35.72882 ], [ 139.856901, 35.728833 ], [ 139.857109, 35.728785 ], [ 139.857318, 35.728753 ], [ 139.857709, 35.728561 ], [ 139.858508, 35.728133 ], [ 139.858386, 35.727958 ], [ 139.8579, 35.727281 ], [ 139.85745, 35.726641 ], [ 139.856883, 35.726589 ], [ 139.856008, 35.726484 ], [ 139.855143, 35.726389 ], [ 139.854417, 35.726313 ], [ 139.854047, 35.726273 ], [ 139.853789, 35.726247 ], [ 139.853694, 35.726238 ], [ 139.85323, 35.726188 ], [ 139.852797, 35.726141 ], [ 139.852341, 35.726093 ], [ 139.852082, 35.725986 ], [ 139.851825, 35.72588 ], [ 139.851459, 35.725743 ], [ 139.8508, 35.725509 ], [ 139.850386, 35.72593 ], [ 139.849787, 35.726526 ], [ 139.849647, 35.726665 ], [ 139.849601, 35.726711 ], [ 139.849485, 35.726829 ], [ 139.848546, 35.727778 ], [ 139.849021, 35.728108 ], [ 139.84914, 35.728172 ], [ 139.849332, 35.728343 ], [ 139.849364, 35.728401 ], [ 139.849419, 35.728502 ], [ 139.849554, 35.728863 ], [ 139.84964, 35.728841 ], [ 139.8506, 35.728613 ], [ 139.851122, 35.728437 ], [ 139.851186, 35.728424 ], [ 139.852002, 35.728261 ], [ 139.852617, 35.728137 ], [ 139.852617, 35.728151 ], [ 139.853179, 35.728135 ], [ 139.853668, 35.728122 ], [ 139.853691, 35.72813 ], [ 139.854563, 35.728431 ], [ 139.854684, 35.72847 ], [ 139.854816, 35.72849 ], [ 139.855278, 35.728659 ], [ 139.855293, 35.728665 ], [ 139.855387, 35.728989 ], [ 139.855941, 35.728916 ], [ 139.856313, 35.728846 ], [ 139.856512, 35.72882 ] ] ] } },
{ "type": "Feature", "properties": { "key": "葛飾区|東立石1丁目", "ward": "葛飾区", "town": "東立石１丁目" }, "geometry": { "type": "Polygon", "coordinates": [ [ [ 139.850634, 35.732137 ], [ 139.8507, 35.73219 ], [ 139.850797, 35.73227 ], [ 139.850934, 35.732326 ], [ 139.851174, 35.732377 ], [ 139.851188, 35.732343 ], [ 139.851198, 35.732285 ], [ 139.851184, 35.731869 ], [ 139.851178, 35.731709 ], [ 139.851149, 35.731414 ], [ 139.85098, 35.729997 ], [ 139.850706, 35.729884 ], [ 139.850399, 35.729759 ], [ 139.850181, 35.729644 ], [ 139.849998, 35.729539 ], [ 139.849918, 35.729473 ], [ 139.849788, 35.729339 ], [ 139.849708, 35.729219 ], [ 139.849554, 35.728863 ], [ 139.849419, 35.728502 ], [ 139.849364, 35.728401 ], [ 139.849332, 35.728343 ], [ 139.84914, 35.728172 ], [ 139.849021, 35.728108 ], [ 139.848546, 35.727778 ], [ 139.848423, 35.727707 ], [ 139.848348, 35.727784 ], [ 139.847431, 35.728734 ], [ 139.847045, 35.729176 ], [ 139.847003, 35.729224 ], [ 139.846765, 35.729494 ], [ 139.846528, 35.729771 ], [ 139.846339, 35.729976 ], [ 139.846169, 35.730173 ], [ 139.845949, 35.730429 ], [ 139.845745, 35.73067 ], [ 139.845736, 35.73068 ], [ 139.845631, 35.730802 ], [ 139.845303, 35.731169 ], [ 139.844773, 35.731765 ], [ 139.844415, 35.732164 ], [ 139.844728, 35.73218 ], [ 139.844758, 35.732182 ], [ 139.84563, 35.732236 ], [ 139.846533, 35.732281 ], [ 139.846979, 35.732303 ], [ 139.847419, 35.732325 ], [ 139.847457, 35.732332 ], [ 139.848312, 35.732371 ], [ 139.848746, 35.732393 ], [ 139.84921, 35.732431 ], [ 139.849559, 35.732454 ], [ 139.849904, 35.732487 ], [ 139.850131, 35.732381 ], [ 139.850634, 35.732137 ] ] ] } },
{ "type": "Feature", "properties": { "key": "葛飾区|東立石2丁目", "ward": "葛飾区", "town": "東立石２丁目" }, "geometry": { "type": "Polygon", "coordinates": [ [ [ 139.851165, 35.732404 ], [ 139.851174, 35.732377 ], [ 139.850934, 35.732326 ], [ 139.850797, 35.73227 ], [ 139.8507, 35.73219 ], [ 139.850634, 35.732137 ], [ 139.850131, 35.732381 ], [ 139.849904, 35.732487 ], [ 139.849559, 35.732454 ], [ 139.84921, 35.732431 ], [ 139.848746, 35.732393 ], [ 139.848312, 35.732371 ], [ 139.847457, 35.732332 ], [ 139.847419, 35.732325 ], [ 139.846979, 35.732303 ], [ 139.846533, 35.732281 ], [ 139.84563, 35.732236 ], [ 139.844758, 35.732182 ], [ 139.844728, 35.73218 ], [ 139.844415, 35.732164 ], [ 139.843835, 35.732828 ], [ 139.84365, 35.73305 ], [ 139.843607, 35.733096 ], [ 139.843597, 35.733108 ], [ 139.842916, 35.733874 ], [ 139.842746, 35.734072 ], [ 139.843687, 35.734123 ], [ 139.844586, 35.734168 ], [ 139.844881, 35.734183 ], [ 139.845466, 35.734212 ], [ 139.845928, 35.734235 ], [ 139.846378, 35.734257 ], [ 139.846818, 35.734284 ], [ 139.847277, 35.734312 ], [ 139.847741, 35.734315 ], [ 139.847879, 35.734316 ], [ 139.848243, 35.734396 ], [ 139.848689, 35.734496 ], [ 139.848968, 35.734706 ], [ 139.848997, 35.734682 ], [ 139.849013, 35.734668 ], [ 139.849024, 35.734659 ], [ 139.849337, 35.734442 ], [ 139.849379, 35.734419 ], [ 139.84951, 35.734347 ], [ 139.849643, 35.734286 ], [ 139.849683, 35.734269 ], [ 139.849705, 35.734263 ], [ 139.849813, 35.734136 ], [ 139.850132, 35.733762 ], [ 139.85016, 35.733731 ], [ 139.850419, 35.733434 ], [ 139.850523, 35.733316 ], [ 139.850582, 35.733248 ], [ 139.850743, 35.733064 ], [ 139.85094, 35.732809 ], [ 139.851116, 35.732511 ], [ 139.851165, 35.732404 ] ] ] } },
{ "type": "Feature", "properties": { "key": "葛飾区|東立石3丁目", "ward": "葛飾区", "town": "東立石３丁目" }, "geometry": { "type": "Polygon", "coordinates": [ [ [ 139.842746, 35.734072 ], [ 139.842729, 35.734091 ], [ 139.841981, 35.734924 ], [ 139.841867, 35.73505 ], [ 139.841489, 35.735472 ], [ 139.841129, 35.735873 ], [ 139.841596, 35.735954 ], [ 139.841791, 35.735988 ], [ 139.842031, 35.736024 ], [ 139.842094, 35.736041 ], [ 139.842516, 35.736159 ], [ 139.843327, 35.736253 ], [ 139.843818, 35.73631 ], [ 139.844188, 35.736353 ], [ 139.844385, 35.736376 ], [ 139.845146, 35.736464 ], [ 139.845206, 35.736471 ], [ 139.845591, 35.736505 ], [ 139.846426, 35.736577 ], [ 139.846755, 35.736628 ], [ 139.846985, 35.736665 ], [ 139.847238, 35.736705 ], [ 139.847486, 35.736744 ], [ 139.847915, 35.736811 ], [ 139.848013, 35.736383 ], [ 139.848062, 35.736166 ], [ 139.848102, 35.735948 ], [ 139.848203, 35.735739 ], [ 139.848246, 35.735676 ], [ 139.848261, 35.735657 ], [ 139.848278, 35.735637 ], [ 139.848365, 35.735566 ], [ 139.84843, 35.735532 ], [ 139.848486, 35.735512 ], [ 139.848544, 35.735509 ], [ 139.848584, 35.735406 ], [ 139.848663, 35.735287 ], [ 139.848677, 35.735247 ], [ 139.848763, 35.734988 ], [ 139.848793, 35.734897 ], [ 139.848839, 35.73483 ], [ 139.84887, 35.734794 ], [ 139.848923, 35.734743 ], [ 139.848968, 35.734706 ], [ 139.848689, 35.734496 ], [ 139.848243, 35.734396 ], [ 139.847879, 35.734316 ], [ 139.847741, 35.734315 ], [ 139.847277, 35.734312 ], [ 139.846818, 35.734284 ], [ 139.846378, 35.734257 ], [ 139.845928, 35.734235 ], [ 139.845466, 35.734212 ], [ 139.844881, 35.734183 ], [ 139.844586, 35.734168 ], [ 139.843687, 35.734123 ], [ 139.842746, 35.734072 ] ] ] } },
{ "type": "Feature", "properties": { "key": "葛飾区|東立石4丁目", "ward": "葛飾区", "town": "東立石４丁目" }, "geometry": { "type": "Polygon", "coordinates": [ [ [ 139.852724, 35.737347 ], [ 139.852608, 35.737021 ], [ 139.852505, 35.736732 ], [ 139.852445, 35.736457 ], [ 139.85238, 35.735917 ], [ 139.85237, 35.735678 ], [ 139.852393, 35.735507 ], [ 139.852419, 35.73519 ], [ 139.852439, 35.735047 ], [ 139.852509, 35.734887 ], [ 139.852616, 35.734713 ], [ 139.852735, 35.734572 ], [ 139.852906, 35.734408 ], [ 139.853183, 35.734197 ], [ 139.853609, 35.733946 ], [ 139.853927, 35.733744 ], [ 139.854044, 35.733629 ], [ 139.854141, 35.733498 ], [ 139.854263, 35.733297 ], [ 139.854457, 35.733043 ], [ 139.854661, 35.732796 ], [ 139.854968, 35.732474 ], [ 139.855037, 35.732384 ], [ 139.855088, 35.732337 ], [ 139.855197, 35.732191 ], [ 139.855349, 35.731946 ], [ 139.855398, 35.731805 ], [ 139.855436, 35.731652 ], [ 139.855431, 35.731376 ], [ 139.855411, 35.731208 ], [ 139.855354, 35.731024 ], [ 139.855251, 35.730876 ], [ 139.855173, 35.730746 ], [ 139.855077, 35.730576 ], [ 139.854941, 35.730383 ], [ 139.854798, 35.730284 ], [ 139.854669, 35.730249 ], [ 139.854354, 35.730238 ], [ 139.854204, 35.730255 ], [ 139.854068, 35.730255 ], [ 139.853688, 35.730273 ], [ 139.853495, 35.730302 ], [ 139.853287, 35.730331 ], [ 139.853094, 35.730372 ], [ 139.852979, 35.730402 ], [ 139.852586, 35.730384 ], [ 139.852271, 35.730355 ], [ 139.852064, 35.730313 ], [ 139.851734, 35.730203 ], [ 139.851362, 35.730073 ], [ 139.85098, 35.729997 ], [ 139.851149, 35.731414 ], [ 139.851178, 35.731709 ], [ 139.851184, 35.731869 ], [ 139.851198, 35.732285 ], [ 139.851188, 35.732343 ], [ 139.851174, 35.732377 ], [ 139.851165, 35.732404 ], [ 139.851116, 35.732511 ], [ 139.85094, 35.732809 ], [ 139.850743, 35.733064 ], [ 139.850582, 35.733248 ], [ 139.850523, 35.733316 ], [ 139.850419, 35.733434 ], [ 139.85016, 35.733731 ], [ 139.850132, 35.733762 ], [ 139.849813, 35.734136 ], [ 139.849705, 35.734263 ], [ 139.849683, 35.734269 ], [ 139.849643, 35.734286 ], [ 139.84951, 35.734347 ], [ 139.849379, 35.734419 ], [ 139.849337, 35.734442 ], [ 139.849024, 35.734659 ], [ 139.849013, 35.734668 ], [ 139.848997, 35.734682 ], [ 139.848968, 35.734706 ], [ 139.848923, 35.734743 ], [ 139.84887, 35.734794 ], [ 139.848839, 35.73483 ], [ 139.848793, 35.734897 ], [ 139.848763, 35.734988 ], [ 139.848677, 35.735247 ], [ 139.848663, 35.735287 ], [ 139.848584, 35.735406 ], [ 139.848544, 35.735509 ], [ 139.848486, 35.735512 ], [ 139.84843, 35.735532 ], [ 139.848365, 35.735566 ], [ 139.848278, 35.735637 ], [ 139.848261, 35.735657 ], [ 139.848246, 35.735676 ], [ 139.848203, 35.735739 ], [ 139.848102, 35.735948 ], [ 139.848062, 35.736166 ], [ 139.848013, 35.736383 ], [ 139.847915, 35.736811 ], [ 139.847922, 35.736812 ], [ 139.848254, 35.736874 ], [ 139.848744, 35.736965 ], [ 139.848761, 35.736968 ], [ 139.84922, 35.737063 ], [ 139.849611, 35.737144 ], [ 139.850204, 35.73726 ], [ 139.850529, 35.737327 ], [ 139.850897, 35.737398 ], [ 139.851205, 35.737457 ], [ 139.851232, 35.737442 ], [ 139.851864, 35.737546 ], [ 139.852, 35.737569 ], [ 139.852221, 35.737556 ], [ 139.852318, 35.737529 ], [ 139.852327, 35.737525 ], [ 139.852724, 35.737347 ] ] ] } },
{ "type": "Feature", "properties": { "key": "葛飾区|東堀切1丁目", "ward": "葛飾区", "town": "東堀切１丁目" }, "geometry": { "type": "Polygon", "coordinates": [ [ [ 139.837472, 35.75044 ], [ 139.837538, 35.750453 ], [ 139.837387, 35.750124 ], [ 139.837338, 35.750019 ], [ 139.837256, 35.749842 ], [ 139.837246, 35.74982 ], [ 139.837259, 35.749815 ], [ 139.837123, 35.749498 ], [ 139.837092, 35.749428 ], [ 139.836961, 35.74917 ], [ 139.83682, 35.748866 ], [ 139.836674, 35.74855 ], [ 139.836543, 35.748251 ], [ 139.836412, 35.747953 ], [ 139.836395, 35.747953 ], [ 139.835757, 35.747909 ], [ 139.835495, 35.747891 ], [ 139.83537, 35.747882 ], [ 139.835051, 35.747851 ], [ 139.835049, 35.747791 ], [ 139.83493, 35.747781 ], [ 139.834217, 35.747851 ], [ 139.832962, 35.747799 ], [ 139.831856, 35.747778 ], [ 139.832034, 35.748255 ], [ 139.832236, 35.748796 ], [ 139.832253, 35.748842 ], [ 139.832371, 35.749114 ], [ 139.832528, 35.749474 ], [ 139.832618, 35.749689 ], [ 139.832742, 35.749927 ], [ 139.832875, 35.750103 ], [ 139.833003, 35.750253 ], [ 139.833064, 35.750321 ], [ 139.833052, 35.750377 ], [ 139.833137, 35.750549 ], [ 139.833182, 35.750587 ], [ 139.833259, 35.750761 ], [ 139.834523, 35.75066 ], [ 139.834794, 35.750637 ], [ 139.836081, 35.750542 ], [ 139.83683, 35.750487 ], [ 139.837472, 35.75044 ] ] ] } },
{ "type": "Feature", "properties": { "key": "葛飾区|東堀切2丁目", "ward": "葛飾区", "town": "東堀切２丁目" }, "geometry": { "type": "Polygon", "coordinates": [ [ [ 139.835878, 35.754021 ], [ 139.836664, 35.75393 ], [ 139.83704, 35.753762 ], [ 139.837705, 35.753465 ], [ 139.838384, 35.753162 ], [ 139.838695, 35.753018 ], [ 139.839055, 35.752853 ], [ 139.839093, 35.752844 ], [ 139.838882, 35.752521 ], [ 139.838743, 35.75231 ], [ 139.838613, 35.752111 ], [ 139.838525, 35.751973 ], [ 139.838265, 35.751564 ], [ 139.837842, 35.750919 ], [ 139.837689, 35.750686 ], [ 139.837538, 35.750453 ], [ 139.837472, 35.75044 ], [ 139.83683, 35.750487 ], [ 139.836081, 35.750542 ], [ 139.834794, 35.750637 ], [ 139.834523, 35.75066 ], [ 139.833259, 35.750761 ], [ 139.833217, 35.750795 ], [ 139.833355, 35.751131 ], [ 139.833073, 35.751197 ], [ 139.83301, 35.751322 ], [ 139.833009, 35.751463 ], [ 139.832986, 35.751512 ], [ 139.833011, 35.751636 ], [ 139.833054, 35.751732 ], [ 139.833192, 35.751989 ], [ 139.833192, 35.752021 ], [ 139.833208, 35.752198 ], [ 139.833213, 35.752369 ], [ 139.83317, 35.75251 ], [ 139.833166, 35.752651 ], [ 139.833165, 35.752771 ], [ 139.833192, 35.752923 ], [ 139.833277, 35.753223 ], [ 139.833337, 35.753371 ], [ 139.833355, 35.753371 ], [ 139.833506, 35.75364 ], [ 139.833532, 35.753683 ], [ 139.833619, 35.753826 ], [ 139.833788, 35.754031 ], [ 139.8338, 35.754049 ], [ 139.833839, 35.75405 ], [ 139.834019, 35.754057 ], [ 139.834345, 35.754069 ], [ 139.834454, 35.754067 ], [ 139.835172, 35.754104 ], [ 139.835878, 35.754021 ] ] ] } },
{ "type": "Feature", "properties": { "key": "葛飾区|東堀切3丁目", "ward": "葛飾区", "town": "東堀切３丁目" }, "geometry": { "type": "Polygon", "coordinates": [ [ [ 139.840648, 35.755299 ], [ 139.840212, 35.754621 ], [ 139.840194, 35.754611 ], [ 139.839732, 35.75392 ], [ 139.839055, 35.752853 ], [ 139.838695, 35.753018 ], [ 139.838384, 35.753162 ], [ 139.837705, 35.753465 ], [ 139.83704, 35.753762 ], [ 139.836664, 35.75393 ], [ 139.835878, 35.754021 ], [ 139.835172, 35.754104 ], [ 139.834454, 35.754067 ], [ 139.834345, 35.754069 ], [ 139.834019, 35.754057 ], [ 139.833839, 35.75405 ], [ 139.83398, 35.754277 ], [ 139.834073, 35.754428 ], [ 139.834289, 35.754723 ], [ 139.834585, 35.755193 ], [ 139.834908, 35.755707 ], [ 139.835099, 35.756199 ], [ 139.835204, 35.756559 ], [ 139.835662, 35.756481 ], [ 139.836363, 35.756355 ], [ 139.8368, 35.75628 ], [ 139.836868, 35.75628 ], [ 139.837334, 35.756343 ], [ 139.837578, 35.756374 ], [ 139.837619, 35.756376 ], [ 139.838057, 35.755819 ], [ 139.838039, 35.755967 ], [ 139.838102, 35.756103 ], [ 139.838132, 35.756122 ], [ 139.839071, 35.75634 ], [ 139.840511, 35.75667 ], [ 139.840662, 35.756705 ], [ 139.841016, 35.756639 ], [ 139.841021, 35.756602 ], [ 139.841187, 35.756263 ], [ 139.841217, 35.756202 ], [ 139.841069, 35.755969 ], [ 139.840648, 35.755299 ] ] ] } },
{ "type": "Feature", "properties": { "key": "葛飾区|東水元1丁目", "ward": "葛飾区", "town": "東水元１丁目" }, "geometry": { "type": "Polygon", "coordinates": [ [ [ 139.869341, 35.778297 ], [ 139.869779, 35.777862 ], [ 139.86984, 35.777802 ], [ 139.870482, 35.777178 ], [ 139.871276, 35.776389 ], [ 139.871286, 35.776376 ], [ 139.871298, 35.776359 ], [ 139.871963, 35.77572 ], [ 139.871939, 35.775721 ], [ 139.871154, 35.775749 ], [ 139.870481, 35.775774 ], [ 139.870444, 35.775777 ], [ 139.869826, 35.775822 ], [ 139.869502, 35.775846 ], [ 139.869089, 35.775876 ], [ 139.868668, 35.775918 ], [ 139.868578, 35.775926 ], [ 139.868254, 35.775958 ], [ 139.868018, 35.775982 ], [ 139.867948, 35.775989 ], [ 139.867415, 35.776059 ], [ 139.866994, 35.776123 ], [ 139.866767, 35.776157 ], [ 139.866858, 35.776636 ], [ 139.866898, 35.776845 ], [ 139.867027, 35.777595 ], [ 139.866909, 35.7776 ], [ 139.866957, 35.777863 ], [ 139.867063, 35.778451 ], [ 139.867137, 35.778448 ], [ 139.867246, 35.779095 ], [ 139.867429, 35.780173 ], [ 139.868171, 35.779438 ], [ 139.868406, 35.779207 ], [ 139.868605, 35.779007 ], [ 139.868877, 35.778745 ], [ 139.869341, 35.778297 ] ] ] } },
{ "type": "Feature", "properties": { "key": "葛飾区|東水元2丁目", "ward": "葛飾区", "town": "東水元２丁目" }, "geometry": { "type": "Polygon", "coordinates": [ [ [ 139.871106, 35.780622 ], [ 139.871336, 35.780639 ], [ 139.871453, 35.780662 ], [ 139.871561, 35.780643 ], [ 139.871652, 35.780599 ], [ 139.87166, 35.780618 ], [ 139.871748, 35.780573 ], [ 139.871808, 35.780429 ], [ 139.87191, 35.780302 ], [ 139.871996, 35.780218 ], [ 139.872173, 35.78012 ], [ 139.872678, 35.779955 ], [ 139.87292, 35.779917 ], [ 139.873122, 35.779922 ], [ 139.873707, 35.779968 ], [ 139.873706, 35.779956 ], [ 139.873665, 35.779627 ], [ 139.873557, 35.778878 ], [ 139.8735, 35.778487 ], [ 139.873436, 35.778181 ], [ 139.873383, 35.777861 ], [ 139.87336, 35.777725 ], [ 139.873227, 35.776806 ], [ 139.873156, 35.776315 ], [ 139.872994, 35.776197 ], [ 139.87294, 35.776128 ], [ 139.872465, 35.775735 ], [ 139.872189, 35.775504 ], [ 139.871963, 35.77572 ], [ 139.871298, 35.776359 ], [ 139.871286, 35.776376 ], [ 139.871276, 35.776389 ], [ 139.870482, 35.777178 ], [ 139.86984, 35.777802 ], [ 139.869779, 35.777862 ], [ 139.869341, 35.778297 ], [ 139.868877, 35.778745 ], [ 139.868605, 35.779007 ], [ 139.868406, 35.779207 ], [ 139.868171, 35.779438 ], [ 139.867429, 35.780173 ], [ 139.867452, 35.780308 ], [ 139.86745, 35.78038 ], [ 139.867403, 35.780397 ], [ 139.867486, 35.780681 ], [ 139.867604, 35.78097 ], [ 139.867652, 35.781218 ], [ 139.867698, 35.781551 ], [ 139.867718, 35.781645 ], [ 139.867752, 35.781781 ], [ 139.867773, 35.781937 ], [ 139.867796, 35.782293 ], [ 139.867818, 35.782416 ], [ 139.867937, 35.782664 ], [ 139.868083, 35.782918 ], [ 139.86822, 35.783107 ], [ 139.868426, 35.78335 ], [ 139.868592, 35.783515 ], [ 139.868709, 35.783624 ], [ 139.868918, 35.783814 ], [ 139.868999, 35.783869 ], [ 139.869244, 35.783974 ], [ 139.869361, 35.78379 ], [ 139.869619, 35.783351 ], [ 139.869695, 35.783153 ], [ 139.869774, 35.78298 ], [ 139.86987, 35.782656 ], [ 139.869892, 35.782523 ], [ 139.869925, 35.782459 ], [ 139.86992, 35.782204 ], [ 139.869917, 35.781956 ], [ 139.870003, 35.781685 ], [ 139.870075, 35.781502 ], [ 139.870194, 35.781254 ], [ 139.87032, 35.781126 ], [ 139.870313, 35.781104 ], [ 139.870622, 35.780918 ], [ 139.870986, 35.780677 ], [ 139.871106, 35.780622 ] ] ] } },
{ "type": "Feature", "properties": { "key": "葛飾区|東水元3丁目", "ward": "葛飾区", "town": "東水元３丁目" }, "geometry": { "type": "Polygon", "coordinates": [ [ [ 139.867403, 35.780397 ], [ 139.867135, 35.780615 ], [ 139.866783, 35.780945 ], [ 139.866384, 35.781451 ], [ 139.866373, 35.781499 ], [ 139.866309, 35.781691 ], [ 139.866244, 35.781981 ], [ 139.866234, 35.782019 ], [ 139.866004, 35.782927 ], [ 139.866001, 35.782934 ], [ 139.865865, 35.78343 ], [ 139.865813, 35.783631 ], [ 139.865734, 35.783919 ], [ 139.865652, 35.784253 ], [ 139.865638, 35.784302 ], [ 139.865516, 35.784731 ], [ 139.865396, 35.785221 ], [ 139.865353, 35.785362 ], [ 139.865173, 35.78603 ], [ 139.865729, 35.78613 ], [ 139.865865, 35.786155 ], [ 139.865972, 35.786181 ], [ 139.866163, 35.786229 ], [ 139.86618, 35.786235 ], [ 139.866208, 35.78624 ], [ 139.866348, 35.786269 ], [ 139.868001, 35.786345 ], [ 139.868524, 35.786375 ], [ 139.868552, 35.786279 ], [ 139.86865, 35.786034 ], [ 139.868741, 35.785834 ], [ 139.868847, 35.785559 ], [ 139.868921, 35.785226 ], [ 139.868954, 35.78496 ], [ 139.868991, 35.78465 ], [ 139.869062, 35.784372 ], [ 139.86912, 35.78421 ], [ 139.869147, 35.784188 ], [ 139.869244, 35.783974 ], [ 139.868999, 35.783869 ], [ 139.868918, 35.783814 ], [ 139.868709, 35.783624 ], [ 139.868592, 35.783515 ], [ 139.868426, 35.78335 ], [ 139.86822, 35.783107 ], [ 139.868083, 35.782918 ], [ 139.867937, 35.782664 ], [ 139.867818, 35.782416 ], [ 139.867796, 35.782293 ], [ 139.867773, 35.781937 ], [ 139.867752, 35.781781 ], [ 139.867718, 35.781645 ], [ 139.867698, 35.781551 ], [ 139.867652, 35.781218 ], [ 139.867604, 35.78097 ], [ 139.867486, 35.780681 ], [ 139.867403, 35.780397 ] ] ] } },
{ "type": "Feature", "properties": { "key": "葛飾区|東水元4丁目", "ward": "葛飾区", "town": "東水元４丁目" }, "geometry": { "type": "Polygon", "coordinates": [ [ [ 139.868086, 35.789972 ], [ 139.868007, 35.789813 ], [ 139.868008, 35.789705 ], [ 139.86803, 35.789576 ], [ 139.868087, 35.789386 ], [ 139.868153, 35.789137 ], [ 139.868202, 35.788892 ], [ 139.868296, 35.788534 ], [ 139.868331, 35.788348 ], [ 139.868336, 35.788199 ], [ 139.868362, 35.787651 ], [ 139.868368, 35.78753 ], [ 139.868388, 35.787179 ], [ 139.868451, 35.786754 ], [ 139.868509, 35.786418 ], [ 139.868524, 35.786375 ], [ 139.868001, 35.786345 ], [ 139.866348, 35.786269 ], [ 139.866208, 35.78624 ], [ 139.86618, 35.786235 ], [ 139.866163, 35.786229 ], [ 139.865972, 35.786181 ], [ 139.865865, 35.786155 ], [ 139.865729, 35.78613 ], [ 139.865173, 35.78603 ], [ 139.864962, 35.786899 ], [ 139.864954, 35.786951 ], [ 139.864881, 35.787211 ], [ 139.864848, 35.787326 ], [ 139.864659, 35.78798 ], [ 139.864466, 35.78848 ], [ 139.86408, 35.789021 ], [ 139.863639, 35.789366 ], [ 139.864136, 35.789967 ], [ 139.864287, 35.789863 ], [ 139.865298, 35.790184 ], [ 139.865837, 35.790327 ], [ 139.866023, 35.789977 ], [ 139.866672, 35.79008 ], [ 139.867252, 35.790172 ], [ 139.867532, 35.790217 ], [ 139.868309, 35.790345 ], [ 139.868259, 35.790244 ], [ 139.868086, 35.789972 ] ] ] } },
{ "type": "Feature", "properties": { "key": "葛飾区|東水元5丁目", "ward": "葛飾区", "town": "東水元５丁目" }, "geometry": { "type": "Polygon", "coordinates": [ [ [ 139.866064, 35.79342 ], [ 139.866322, 35.793111 ], [ 139.866739, 35.792687 ], [ 139.86704, 35.792391 ], [ 139.867216, 35.792246 ], [ 139.867346, 35.792143 ], [ 139.867479, 35.792059 ], [ 139.867566, 35.791979 ], [ 139.867618, 35.791887 ], [ 139.867646, 35.791797 ], [ 139.86766, 35.791733 ], [ 139.867724, 35.791607 ], [ 139.867813, 35.791471 ], [ 139.867875, 35.791417 ], [ 139.86803, 35.791313 ], [ 139.868171, 35.791241 ], [ 139.868299, 35.79115 ], [ 139.868369, 35.791045 ], [ 139.868406, 35.790897 ], [ 139.868443, 35.79083 ], [ 139.868405, 35.790782 ], [ 139.868396, 35.790595 ], [ 139.868452, 35.790537 ], [ 139.86834, 35.79037 ], [ 139.868309, 35.790345 ], [ 139.867532, 35.790217 ], [ 139.867252, 35.790172 ], [ 139.866672, 35.79008 ], [ 139.866023, 35.789977 ], [ 139.865837, 35.790327 ], [ 139.865298, 35.790184 ], [ 139.864287, 35.789863 ], [ 139.864136, 35.789967 ], [ 139.863639, 35.789366 ], [ 139.863208, 35.789705 ], [ 139.862246, 35.79035 ], [ 139.862122, 35.790451 ], [ 139.86173, 35.790764 ], [ 139.861699, 35.790785 ], [ 139.86168, 35.790798 ], [ 139.861831, 35.791105 ], [ 139.86193, 35.791204 ], [ 139.8622, 35.791335 ], [ 139.862378, 35.791444 ], [ 139.862555, 35.791571 ], [ 139.862794, 35.79182 ], [ 139.862909, 35.791818 ], [ 139.862993, 35.792179 ], [ 139.862882, 35.792201 ], [ 139.863025, 35.792518 ], [ 139.863527, 35.792591 ], [ 139.863373, 35.793321 ], [ 139.863298, 35.793678 ], [ 139.86328, 35.79378 ], [ 139.863705, 35.793846 ], [ 139.864206, 35.793887 ], [ 139.864611, 35.793883 ], [ 139.864849, 35.793892 ], [ 139.865334, 35.793993 ], [ 139.865468, 35.793994 ], [ 139.865603, 35.793971 ], [ 139.865694, 35.793923 ], [ 139.866064, 35.79342 ] ] ] } },
{ "type": "Feature", "properties": { "key": "葛飾区|東水元6丁目", "ward": "葛飾区", "town": "東水元６丁目" }, "geometry": { "type": "Polygon", "coordinates": [ [ [ 139.862971, 35.793806 ], [ 139.86327, 35.79383 ], [ 139.86328, 35.79378 ], [ 139.863298, 35.793678 ], [ 139.863373, 35.793321 ], [ 139.863527, 35.792591 ], [ 139.863025, 35.792518 ], [ 139.862882, 35.792201 ], [ 139.862993, 35.792179 ], [ 139.862909, 35.791818 ], [ 139.862794, 35.79182 ], [ 139.862555, 35.791571 ], [ 139.862378, 35.791444 ], [ 139.8622, 35.791335 ], [ 139.86193, 35.791204 ], [ 139.861831, 35.791105 ], [ 139.86168, 35.790798 ], [ 139.861113, 35.791169 ], [ 139.860522, 35.791564 ], [ 139.859406, 35.79235 ], [ 139.859344, 35.792397 ], [ 139.8594, 35.792568 ], [ 139.859485, 35.792742 ], [ 139.859594, 35.7929 ], [ 139.859669, 35.792906 ], [ 139.859944, 35.793226 ], [ 139.860071, 35.793373 ], [ 139.860326, 35.793514 ], [ 139.860538, 35.793596 ], [ 139.861809, 35.794026 ], [ 139.861973, 35.794086 ], [ 139.862197, 35.794102 ], [ 139.862364, 35.794059 ], [ 139.862507, 35.793986 ], [ 139.862623, 35.793896 ], [ 139.862747, 35.793835 ], [ 139.862971, 35.793806 ] ] ] } },
{ "type": "Feature", "properties": { "key": "葛飾区|東四つ木1丁目", "ward": "葛飾区", "town": "東四つ木１丁目" }, "geometry": { "type": "Polygon", "coordinates": [ [ [ 139.84252, 35.728934 ], [ 139.842538, 35.728935 ], [ 139.842839, 35.728951 ], [ 139.842876, 35.728953 ], [ 139.843234, 35.728972 ], [ 139.843275, 35.728975 ], [ 139.844143, 35.729021 ], [ 139.844217, 35.728229 ], [ 139.844236, 35.72803 ], [ 139.844251, 35.728006 ], [ 139.843941, 35.727834 ], [ 139.843298, 35.727453 ], [ 139.843236, 35.727363 ], [ 139.843125, 35.727234 ], [ 139.843657, 35.727309 ], [ 139.843702, 35.727252 ], [ 139.844013, 35.726792 ], [ 139.843916, 35.726743 ], [ 139.843573, 35.726504 ], [ 139.843422, 35.726361 ], [ 139.843277, 35.726188 ], [ 139.843198, 35.72606 ], [ 139.843021, 35.725607 ], [ 139.84293, 35.725441 ], [ 139.84289, 35.725319 ], [ 139.842854, 35.725199 ], [ 139.842819, 35.724998 ], [ 139.842784, 35.724499 ], [ 139.842811, 35.724259 ], [ 139.842896, 35.724006 ], [ 139.84298, 35.723794 ], [ 139.843274, 35.722866 ], [ 139.842755, 35.722501 ], [ 139.840488, 35.720964 ], [ 139.840033, 35.721395 ], [ 139.839824, 35.721605 ], [ 139.838624, 35.722732 ], [ 139.838125, 35.723211 ], [ 139.836778, 35.724482 ], [ 139.836786, 35.724487 ], [ 139.83604, 35.725199 ], [ 139.835845, 35.725385 ], [ 139.838187, 35.727001 ], [ 139.838685, 35.727344 ], [ 139.839137, 35.727759 ], [ 139.839346, 35.728016 ], [ 139.83959, 35.728243 ], [ 139.840009, 35.728634 ], [ 139.840129, 35.72872 ], [ 139.840399, 35.728974 ], [ 139.840631, 35.729199 ], [ 139.84068, 35.72928 ], [ 139.840882, 35.729837 ], [ 139.840902, 35.729899 ], [ 139.840952, 35.730088 ], [ 139.840999, 35.730185 ], [ 139.841099, 35.730346 ], [ 139.841166, 35.730419 ], [ 139.841272, 35.73056 ], [ 139.84164, 35.730943 ], [ 139.841682, 35.730987 ], [ 139.841741, 35.73099 ], [ 139.842249, 35.731014 ], [ 139.842293, 35.730476 ], [ 139.842315, 35.729971 ], [ 139.84252, 35.728934 ] ] ] } },
{ "type": "Feature", "properties": { "key": "葛飾区|東四つ木2丁目", "ward": "葛飾区", "town": "東四つ木２丁目" }, "geometry": { "type": "Polygon", "coordinates": [ [ [ 139.845631, 35.730802 ], [ 139.845736, 35.73068 ], [ 139.845745, 35.73067 ], [ 139.845949, 35.730429 ], [ 139.846169, 35.730173 ], [ 139.846339, 35.729976 ], [ 139.846528, 35.729771 ], [ 139.846765, 35.729494 ], [ 139.847003, 35.729224 ], [ 139.847045, 35.729176 ], [ 139.847431, 35.728734 ], [ 139.848348, 35.727784 ], [ 139.848423, 35.727707 ], [ 139.848084, 35.727532 ], [ 139.8478, 35.727443 ], [ 139.847643, 35.727422 ], [ 139.847493, 35.727426 ], [ 139.84725, 35.727445 ], [ 139.846922, 35.72747 ], [ 139.846655, 35.727481 ], [ 139.846409, 35.727479 ], [ 139.846093, 35.727451 ], [ 139.845914, 35.727415 ], [ 139.845877, 35.727409 ], [ 139.845749, 35.727387 ], [ 139.845528, 35.727336 ], [ 139.845047, 35.72719 ], [ 139.84489, 35.727141 ], [ 139.84473, 35.727078 ], [ 139.844424, 35.726976 ], [ 139.844013, 35.726792 ], [ 139.843702, 35.727252 ], [ 139.843657, 35.727309 ], [ 139.843125, 35.727234 ], [ 139.843236, 35.727363 ], [ 139.843298, 35.727453 ], [ 139.843941, 35.727834 ], [ 139.844251, 35.728006 ], [ 139.844236, 35.72803 ], [ 139.844217, 35.728229 ], [ 139.844143, 35.729021 ], [ 139.843275, 35.728975 ], [ 139.843234, 35.728972 ], [ 139.842876, 35.728953 ], [ 139.842839, 35.728951 ], [ 139.842538, 35.728935 ], [ 139.84252, 35.728934 ], [ 139.842315, 35.729971 ], [ 139.842293, 35.730476 ], [ 139.842249, 35.731014 ], [ 139.841741, 35.73099 ], [ 139.841682, 35.730987 ], [ 139.842193, 35.73151 ], [ 139.842725, 35.73206 ], [ 139.842996, 35.73235 ], [ 139.84365, 35.73305 ], [ 139.843835, 35.732828 ], [ 139.844415, 35.732164 ], [ 139.844773, 35.731765 ], [ 139.845303, 35.731169 ], [ 139.845631, 35.730802 ] ] ] } },
{ "type": "Feature", "properties": { "key": "葛飾区|東四つ木3丁目", "ward": "葛飾区", "town": "東四つ木３丁目" }, "geometry": { "type": "Polygon", "coordinates": [ [ [ 139.838496, 35.731618 ], [ 139.838663, 35.731547 ], [ 139.838757, 35.731486 ], [ 139.839022, 35.731318 ], [ 139.83923, 35.731229 ], [ 139.839565, 35.73113 ], [ 139.840002, 35.731052 ], [ 139.840283, 35.731002 ], [ 139.840492, 35.730993 ], [ 139.841379, 35.731005 ], [ 139.841621, 35.731008 ], [ 139.841682, 35.730987 ], [ 139.84164, 35.730943 ], [ 139.841272, 35.73056 ], [ 139.841166, 35.730419 ], [ 139.841099, 35.730346 ], [ 139.840999, 35.730185 ], [ 139.840952, 35.730088 ], [ 139.840902, 35.729899 ], [ 139.840882, 35.729837 ], [ 139.84068, 35.72928 ], [ 139.840631, 35.729199 ], [ 139.840399, 35.728974 ], [ 139.840129, 35.72872 ], [ 139.840009, 35.728634 ], [ 139.83959, 35.728243 ], [ 139.839346, 35.728016 ], [ 139.839137, 35.727759 ], [ 139.838685, 35.727344 ], [ 139.838187, 35.727001 ], [ 139.835845, 35.725385 ], [ 139.835072, 35.726099 ], [ 139.834904, 35.726255 ], [ 139.834159, 35.726946 ], [ 139.834145, 35.726958 ], [ 139.833674, 35.727404 ], [ 139.832991, 35.728055 ], [ 139.83216, 35.728851 ], [ 139.831765, 35.729233 ], [ 139.831499, 35.729487 ], [ 139.831486, 35.729499 ], [ 139.833895, 35.731123 ], [ 139.83408, 35.731308 ], [ 139.834348, 35.731473 ], [ 139.834378, 35.731475 ], [ 139.834882, 35.731823 ], [ 139.83491, 35.73188 ], [ 139.834937, 35.731838 ], [ 139.83507, 35.731777 ], [ 139.835214, 35.731729 ], [ 139.835393, 35.731685 ], [ 139.835553, 35.73166 ], [ 139.835744, 35.731647 ], [ 139.835875, 35.731653 ], [ 139.836109, 35.731675 ], [ 139.836416, 35.73171 ], [ 139.836431, 35.731712 ], [ 139.83675, 35.731847 ], [ 139.836893, 35.731893 ], [ 139.837046, 35.731927 ], [ 139.837165, 35.731962 ], [ 139.837299, 35.731996 ], [ 139.83742, 35.731994 ], [ 139.837699, 35.73198 ], [ 139.837836, 35.73196 ], [ 139.837936, 35.731926 ], [ 139.838074, 35.731856 ], [ 139.838152, 35.731813 ], [ 139.8384, 35.731657 ], [ 139.838496, 35.731618 ] ] ] } },
{ "type": "Feature", "properties": { "key": "葛飾区|東四つ木4丁目", "ward": "葛飾区", "town": "東四つ木４丁目" }, "geometry": { "type": "Polygon", "coordinates": [ [ [ 139.841489, 35.735472 ], [ 139.841867, 35.73505 ], [ 139.841981, 35.734924 ], [ 139.842729, 35.734091 ], [ 139.842746, 35.734072 ], [ 139.842916, 35.733874 ], [ 139.843597, 35.733108 ], [ 139.843607, 35.733096 ], [ 139.84365, 35.73305 ], [ 139.842996, 35.73235 ], [ 139.842725, 35.73206 ], [ 139.842193, 35.73151 ], [ 139.841682, 35.730987 ], [ 139.841621, 35.731008 ], [ 139.841379, 35.731005 ], [ 139.840492, 35.730993 ], [ 139.840283, 35.731002 ], [ 139.840002, 35.731052 ], [ 139.839565, 35.73113 ], [ 139.83923, 35.731229 ], [ 139.839022, 35.731318 ], [ 139.838757, 35.731486 ], [ 139.838663, 35.731547 ], [ 139.838496, 35.731618 ], [ 139.8384, 35.731657 ], [ 139.838152, 35.731813 ], [ 139.838074, 35.731856 ], [ 139.837936, 35.731926 ], [ 139.837836, 35.73196 ], [ 139.837699, 35.73198 ], [ 139.83742, 35.731994 ], [ 139.837299, 35.731996 ], [ 139.837165, 35.731962 ], [ 139.837046, 35.731927 ], [ 139.836893, 35.731893 ], [ 139.83675, 35.731847 ], [ 139.836431, 35.731712 ], [ 139.836416, 35.73171 ], [ 139.836109, 35.731675 ], [ 139.835875, 35.731653 ], [ 139.835744, 35.731647 ], [ 139.835553, 35.73166 ], [ 139.835393, 35.731685 ], [ 139.835214, 35.731729 ], [ 139.83507, 35.731777 ], [ 139.834937, 35.731838 ], [ 139.83491, 35.73188 ], [ 139.835467, 35.732258 ], [ 139.836045, 35.732655 ], [ 139.836872, 35.733212 ], [ 139.83699, 35.733291 ], [ 139.836991, 35.733382 ], [ 139.838251, 35.734186 ], [ 139.838747, 35.734569 ], [ 139.83954, 35.735115 ], [ 139.839656, 35.735195 ], [ 139.840476, 35.735761 ], [ 139.840547, 35.735739 ], [ 139.840776, 35.735901 ], [ 139.84092, 35.736004 ], [ 139.840994, 35.736059 ], [ 139.841163, 35.735931 ], [ 139.841129, 35.735873 ], [ 139.841489, 35.735472 ] ] ] } },
{ "type": "Feature", "properties": { "key": "葛飾区|細田1丁目", "ward": "葛飾区", "town": "細田１丁目" }, "geometry": { "type": "Polygon", "coordinates": [ [ [ 139.87461, 35.737579 ], [ 139.875105, 35.737312 ], [ 139.875221, 35.737241 ], [ 139.87506, 35.737265 ], [ 139.874771, 35.736613 ], [ 139.874713, 35.736595 ], [ 139.874297, 35.736642 ], [ 139.874, 35.736688 ], [ 139.87377, 35.736723 ], [ 139.873757, 35.736725 ], [ 139.873273, 35.737413 ], [ 139.87313, 35.737612 ], [ 139.873011, 35.737557 ], [ 139.872797, 35.737457 ], [ 139.872793, 35.737455 ], [ 139.872887, 35.737319 ], [ 139.8728, 35.737112 ], [ 139.872807, 35.736948 ], [ 139.872838, 35.736824 ], [ 139.872717, 35.736777 ], [ 139.872796, 35.736636 ], [ 139.873148, 35.736772 ], [ 139.873222, 35.736521 ], [ 139.873224, 35.736517 ], [ 139.872748, 35.736414 ], [ 139.872693, 35.736402 ], [ 139.872106, 35.736276 ], [ 139.870923, 35.736205 ], [ 139.870801, 35.736755 ], [ 139.870761, 35.736933 ], [ 139.870626, 35.737332 ], [ 139.870607, 35.737369 ], [ 139.87041, 35.737861 ], [ 139.870287, 35.738111 ], [ 139.870181, 35.738294 ], [ 139.870128, 35.738386 ], [ 139.869831, 35.738835 ], [ 139.869594, 35.739164 ], [ 139.869345, 35.739462 ], [ 139.869276, 35.739544 ], [ 139.868787, 35.740091 ], [ 139.868887, 35.740113 ], [ 139.869924, 35.740292 ], [ 139.870886, 35.740456 ], [ 139.871866, 35.740556 ], [ 139.871914, 35.740552 ], [ 139.872299, 35.740082 ], [ 139.872327, 35.74005 ], [ 139.872612, 35.739699 ], [ 139.872969, 35.739259 ], [ 139.873327, 35.738818 ], [ 139.873686, 35.738374 ], [ 139.874108, 35.737853 ], [ 139.874454, 35.737655 ], [ 139.87461, 35.737579 ] ] ] } },
{ "type": "Feature", "properties": { "key": "葛飾区|細田2丁目", "ward": "葛飾区", "town": "細田２丁目" }, "geometry": { "type": "Polygon", "coordinates": [ [ [ 139.864728, 35.738964 ], [ 139.864687, 35.73898 ], [ 139.864356, 35.73947 ], [ 139.864263, 35.739618 ], [ 139.864271, 35.739628 ], [ 139.864272, 35.739922 ], [ 139.864284, 35.740346 ], [ 139.864287, 35.740445 ], [ 139.864295, 35.740708 ], [ 139.864153, 35.740752 ], [ 139.864207, 35.740954 ], [ 139.864226, 35.741155 ], [ 139.864215, 35.741328 ], [ 139.864163, 35.741512 ], [ 139.864087, 35.741658 ], [ 139.864152, 35.741685 ], [ 139.864492, 35.741811 ], [ 139.865262, 35.742096 ], [ 139.865428, 35.741811 ], [ 139.865683, 35.74137 ], [ 139.865965, 35.740855 ], [ 139.866192, 35.740456 ], [ 139.866357, 35.740164 ], [ 139.866538, 35.739852 ], [ 139.866714, 35.73955 ], [ 139.865466, 35.739202 ], [ 139.86533, 35.739164 ], [ 139.864728, 35.738964 ] ] ] } },
{ "type": "Feature", "properties": { "key": "葛飾区|細田3丁目", "ward": "葛飾区", "town": "細田３丁目" }, "geometry": { "type": "Polygon", "coordinates": [ [ [ 139.868572, 35.744664 ], [ 139.868567, 35.744652 ], [ 139.868608, 35.74463 ], [ 139.869067, 35.744067 ], [ 139.869409, 35.743642 ], [ 139.869838, 35.743113 ], [ 139.869826, 35.74308 ], [ 139.870123, 35.742716 ], [ 139.870286, 35.742564 ], [ 139.87048, 35.742326 ], [ 139.870819, 35.741898 ], [ 139.870806, 35.741874 ], [ 139.87086, 35.741809 ], [ 139.871192, 35.741402 ], [ 139.871223, 35.741404 ], [ 139.87157, 35.740976 ], [ 139.871601, 35.740938 ], [ 139.871914, 35.740552 ], [ 139.871866, 35.740556 ], [ 139.870886, 35.740456 ], [ 139.869924, 35.740292 ], [ 139.868887, 35.740113 ], [ 139.868787, 35.740091 ], [ 139.868441, 35.740009 ], [ 139.868089, 35.739927 ], [ 139.867369, 35.739765 ], [ 139.866714, 35.73955 ], [ 139.866538, 35.739852 ], [ 139.866357, 35.740164 ], [ 139.866192, 35.740456 ], [ 139.865965, 35.740855 ], [ 139.865683, 35.74137 ], [ 139.865428, 35.741811 ], [ 139.865262, 35.742096 ], [ 139.865245, 35.742135 ], [ 139.864925, 35.742714 ], [ 139.864629, 35.743246 ], [ 139.864466, 35.743558 ], [ 139.865197, 35.743873 ], [ 139.865234, 35.743832 ], [ 139.865295, 35.743861 ], [ 139.865296, 35.74393 ], [ 139.865342, 35.744242 ], [ 139.865368, 35.744527 ], [ 139.865371, 35.744558 ], [ 139.865367, 35.74466 ], [ 139.865367, 35.744802 ], [ 139.865353, 35.744991 ], [ 139.865337, 35.745167 ], [ 139.865322, 35.745282 ], [ 139.865275, 35.745486 ], [ 139.865632, 35.745478 ], [ 139.865883, 35.745473 ], [ 139.866225, 35.745466 ], [ 139.866231, 35.745459 ], [ 139.866667, 35.745288 ], [ 139.866722, 35.745274 ], [ 139.866875, 35.745309 ], [ 139.867203, 35.744931 ], [ 139.86745, 35.745221 ], [ 139.868004, 35.745355 ], [ 139.868029, 35.745379 ], [ 139.868679, 35.745527 ], [ 139.868572, 35.744664 ] ] ] } },
{ "type": "Feature", "properties": { "key": "葛飾区|細田4丁目", "ward": "葛飾区", "town": "細田４丁目" }, "geometry": { "type": "Polygon", "coordinates": [ [ [ 139.873751, 35.744707 ], [ 139.874113, 35.744256 ], [ 139.874164, 35.74426 ], [ 139.874507, 35.743826 ], [ 139.874874, 35.743355 ], [ 139.874854, 35.743338 ], [ 139.875031, 35.743117 ], [ 139.875195, 35.742947 ], [ 139.875203, 35.742902 ], [ 139.87557, 35.742438 ], [ 139.875584, 35.742442 ], [ 139.876042, 35.741876 ], [ 139.876088, 35.74182 ], [ 139.876092, 35.741807 ], [ 139.876374, 35.741032 ], [ 139.876359, 35.741032 ], [ 139.876332, 35.741034 ], [ 139.875502, 35.740922 ], [ 139.875474, 35.740921 ], [ 139.87435, 35.740802 ], [ 139.87308, 35.740669 ], [ 139.872034, 35.740558 ], [ 139.871914, 35.740552 ], [ 139.871601, 35.740938 ], [ 139.87157, 35.740976 ], [ 139.871223, 35.741404 ], [ 139.871192, 35.741402 ], [ 139.87086, 35.741809 ], [ 139.870806, 35.741874 ], [ 139.870819, 35.741898 ], [ 139.87048, 35.742326 ], [ 139.870286, 35.742564 ], [ 139.870123, 35.742716 ], [ 139.869826, 35.74308 ], [ 139.869838, 35.743113 ], [ 139.869409, 35.743642 ], [ 139.869067, 35.744067 ], [ 139.868608, 35.74463 ], [ 139.868567, 35.744652 ], [ 139.868572, 35.744664 ], [ 139.868679, 35.745527 ], [ 139.869466, 35.74548 ], [ 139.869665, 35.745444 ], [ 139.87064, 35.745374 ], [ 139.870678, 35.745408 ], [ 139.870748, 35.745242 ], [ 139.871098, 35.744827 ], [ 139.871958, 35.745273 ], [ 139.872003, 35.745298 ], [ 139.87206, 35.745332 ], [ 139.87215, 35.745355 ], [ 139.87309, 35.74555 ], [ 139.873137, 35.745459 ], [ 139.873434, 35.74509 ], [ 139.873751, 35.744707 ] ] ] } },
{ "type": "Feature", "properties": { "key": "葛飾区|細田5丁目", "ward": "葛飾区", "town": "細田５丁目" }, "geometry": { "type": "Polygon", "coordinates": [ [ [ 139.876754, 35.740463 ], [ 139.877016, 35.740446 ], [ 139.877026, 35.740441 ], [ 139.877303, 35.740327 ], [ 139.877509, 35.740238 ], [ 139.877489, 35.740141 ], [ 139.877464, 35.74002 ], [ 139.877405, 35.739859 ], [ 139.877055, 35.739753 ], [ 139.877274, 35.739469 ], [ 139.877614, 35.739571 ], [ 139.877591, 35.739518 ], [ 139.877586, 35.739506 ], [ 139.877512, 35.739305 ], [ 139.877445, 35.7391 ], [ 139.876973, 35.738876 ], [ 139.876988, 35.738858 ], [ 139.876992, 35.738854 ], [ 139.877169, 35.73863 ], [ 139.877128, 35.738605 ], [ 139.876978, 35.738516 ], [ 139.876836, 35.738431 ], [ 139.876945, 35.738293 ], [ 139.876937, 35.73821 ], [ 139.876902, 35.738037 ], [ 139.876823, 35.737769 ], [ 139.876805, 35.737703 ], [ 139.876677, 35.737025 ], [ 139.876646, 35.736933 ], [ 139.876472, 35.736969 ], [ 139.875714, 35.737141 ], [ 139.875696, 35.737144 ], [ 139.875221, 35.737241 ], [ 139.875105, 35.737312 ], [ 139.87461, 35.737579 ], [ 139.874454, 35.737655 ], [ 139.874108, 35.737853 ], [ 139.873686, 35.738374 ], [ 139.873327, 35.738818 ], [ 139.872969, 35.739259 ], [ 139.872612, 35.739699 ], [ 139.872327, 35.74005 ], [ 139.872299, 35.740082 ], [ 139.871914, 35.740552 ], [ 139.872034, 35.740558 ], [ 139.87308, 35.740669 ], [ 139.87435, 35.740802 ], [ 139.875474, 35.740921 ], [ 139.875502, 35.740922 ], [ 139.876332, 35.741034 ], [ 139.876359, 35.741032 ], [ 139.876374, 35.741032 ], [ 139.876729, 35.741057 ], [ 139.876754, 35.740463 ] ] ] } },
{ "type": "Feature", "properties": { "key": "葛飾区|堀切1丁目", "ward": "葛飾区", "town": "堀切１丁目" }, "geometry": { "type": "Polygon", "coordinates": [ [ [ 139.834313, 35.742042 ], [ 139.834674, 35.741668 ], [ 139.834378, 35.741485 ], [ 139.834101, 35.741314 ], [ 139.83351, 35.740948 ], [ 139.832854, 35.740542 ], [ 139.832652, 35.740417 ], [ 139.832562, 35.740341 ], [ 139.83246, 35.740255 ], [ 139.832382, 35.740134 ], [ 139.832158, 35.739725 ], [ 139.832098, 35.739665 ], [ 139.832059, 35.739627 ], [ 139.83168, 35.739248 ], [ 139.831655, 35.739223 ], [ 139.83086, 35.738431 ], [ 139.830848, 35.738418 ], [ 139.830608, 35.73818 ], [ 139.830176, 35.737752 ], [ 139.829537, 35.73711 ], [ 139.829527, 35.737106 ], [ 139.829398, 35.737057 ], [ 139.829103, 35.736947 ], [ 139.829088, 35.736941 ], [ 139.828562, 35.736612 ], [ 139.828412, 35.736519 ], [ 139.82676, 35.735456 ], [ 139.825939, 35.734944 ], [ 139.825832, 35.735065 ], [ 139.82564, 35.7353 ], [ 139.825481, 35.735501 ], [ 139.825391, 35.735586 ], [ 139.82533, 35.735674 ], [ 139.825116, 35.735933 ], [ 139.824816, 35.736366 ], [ 139.823882, 35.737768 ], [ 139.823878, 35.737766 ], [ 139.823607, 35.738174 ], [ 139.823176, 35.738927 ], [ 139.822857, 35.739494 ], [ 139.822508, 35.740114 ], [ 139.82512, 35.741144 ], [ 139.825558, 35.741301 ], [ 139.825588, 35.741272 ], [ 139.825825, 35.741166 ], [ 139.826038, 35.741102 ], [ 139.826162, 35.741085 ], [ 139.826236, 35.741088 ], [ 139.826369, 35.741092 ], [ 139.826513, 35.741118 ], [ 139.826625, 35.741144 ], [ 139.826749, 35.741197 ], [ 139.827109, 35.741349 ], [ 139.827197, 35.741387 ], [ 139.827523, 35.741538 ], [ 139.827737, 35.741553 ], [ 139.827933, 35.741595 ], [ 139.828124, 35.741608 ], [ 139.828186, 35.741612 ], [ 139.828537, 35.741626 ], [ 139.828688, 35.741655 ], [ 139.828819, 35.741694 ], [ 139.828974, 35.741733 ], [ 139.829134, 35.741816 ], [ 139.829362, 35.742082 ], [ 139.829483, 35.742278 ], [ 139.829612, 35.742377 ], [ 139.82991, 35.742165 ], [ 139.830123, 35.742271 ], [ 139.830249, 35.742255 ], [ 139.830401, 35.742276 ], [ 139.830448, 35.742301 ], [ 139.830556, 35.742435 ], [ 139.83076, 35.742588 ], [ 139.830845, 35.742651 ], [ 139.831069, 35.742822 ], [ 139.831501, 35.743064 ], [ 139.832098, 35.743427 ], [ 139.832656, 35.743761 ], [ 139.833359, 35.743032 ], [ 139.833553, 35.742831 ], [ 139.833762, 35.742614 ], [ 139.834313, 35.742042 ] ] ] } },
{ "type": "Feature", "properties": { "key": "葛飾区|堀切2丁目", "ward": "葛飾区", "town": "堀切２丁目" }, "geometry": { "type": "Polygon", "coordinates": [ [ [ 139.831837, 35.744617 ], [ 139.832109, 35.744329 ], [ 139.832338, 35.744091 ], [ 139.832656, 35.743761 ], [ 139.832098, 35.743427 ], [ 139.831501, 35.743064 ], [ 139.831069, 35.742822 ], [ 139.830845, 35.742651 ], [ 139.83076, 35.742588 ], [ 139.830556, 35.742435 ], [ 139.830448, 35.742301 ], [ 139.830401, 35.742276 ], [ 139.830249, 35.742255 ], [ 139.830123, 35.742271 ], [ 139.82991, 35.742165 ], [ 139.829612, 35.742377 ], [ 139.829483, 35.742278 ], [ 139.829362, 35.742082 ], [ 139.829134, 35.741816 ], [ 139.828974, 35.741733 ], [ 139.828819, 35.741694 ], [ 139.828688, 35.741655 ], [ 139.828537, 35.741626 ], [ 139.828186, 35.741612 ], [ 139.828124, 35.741608 ], [ 139.827933, 35.741595 ], [ 139.827737, 35.741553 ], [ 139.827523, 35.741538 ], [ 139.827197, 35.741387 ], [ 139.827109, 35.741349 ], [ 139.826749, 35.741197 ], [ 139.826625, 35.741144 ], [ 139.826513, 35.741118 ], [ 139.826369, 35.741092 ], [ 139.826236, 35.741088 ], [ 139.826162, 35.741085 ], [ 139.826038, 35.741102 ], [ 139.825825, 35.741166 ], [ 139.825588, 35.741272 ], [ 139.825558, 35.741301 ], [ 139.82512, 35.741144 ], [ 139.822508, 35.740114 ], [ 139.822381, 35.74034 ], [ 139.82207, 35.740858 ], [ 139.821637, 35.741665 ], [ 139.821553, 35.741815 ], [ 139.821349, 35.742182 ], [ 139.821094, 35.742637 ], [ 139.820813, 35.743162 ], [ 139.820734, 35.743281 ], [ 139.820583, 35.743576 ], [ 139.820573, 35.743573 ], [ 139.820521, 35.743667 ], [ 139.820409, 35.743877 ], [ 139.823119, 35.744842 ], [ 139.823411, 35.744953 ], [ 139.823495, 35.744821 ], [ 139.823628, 35.74487 ], [ 139.823867, 35.744962 ], [ 139.823874, 35.744964 ], [ 139.824295, 35.745115 ], [ 139.824701, 35.745258 ], [ 139.824765, 35.745284 ], [ 139.82515, 35.745422 ], [ 139.825348, 35.745522 ], [ 139.825377, 35.745536 ], [ 139.825502, 35.745632 ], [ 139.825651, 35.745754 ], [ 139.825698, 35.74582 ], [ 139.825739, 35.745823 ], [ 139.826661, 35.745895 ], [ 139.827271, 35.745943 ], [ 139.827537, 35.745968 ], [ 139.828409, 35.746043 ], [ 139.828556, 35.746055 ], [ 139.82949, 35.746111 ], [ 139.829548, 35.746114 ], [ 139.829933, 35.746139 ], [ 139.830324, 35.746165 ], [ 139.830415, 35.746166 ], [ 139.830753, 35.745775 ], [ 139.831387, 35.745094 ], [ 139.831837, 35.744617 ] ] ] } },
{ "type": "Feature", "properties": { "key": "葛飾区|堀切3丁目", "ward": "葛飾区", "town": "堀切３丁目" }, "geometry": { "type": "Polygon", "coordinates": [ [ [ 139.830357, 35.747673 ], [ 139.830621, 35.747675 ], [ 139.831806, 35.747703 ], [ 139.832916, 35.747704 ], [ 139.832927, 35.74727 ], [ 139.832968, 35.747284 ], [ 139.832942, 35.746845 ], [ 139.832944, 35.74641 ], [ 139.833518, 35.746442 ], [ 139.833419, 35.74631 ], [ 139.83334, 35.746006 ], [ 139.833388, 35.746002 ], [ 139.834046, 35.745583 ], [ 139.834129, 35.74553 ], [ 139.834088, 35.745404 ], [ 139.834107, 35.745355 ], [ 139.834042, 35.745311 ], [ 139.833836, 35.745094 ], [ 139.833854, 35.745102 ], [ 139.834563, 35.744681 ], [ 139.8346, 35.744658 ], [ 139.835207, 35.744291 ], [ 139.835311, 35.744089 ], [ 139.835377, 35.744077 ], [ 139.835533, 35.743978 ], [ 139.835464, 35.743875 ], [ 139.835407, 35.743824 ], [ 139.834795, 35.743277 ], [ 139.834286, 35.742947 ], [ 139.833762, 35.742614 ], [ 139.833553, 35.742831 ], [ 139.833359, 35.743032 ], [ 139.832656, 35.743761 ], [ 139.832338, 35.744091 ], [ 139.832109, 35.744329 ], [ 139.831837, 35.744617 ], [ 139.831387, 35.745094 ], [ 139.830753, 35.745775 ], [ 139.830415, 35.746166 ], [ 139.830324, 35.746165 ], [ 139.829933, 35.746139 ], [ 139.829548, 35.746114 ], [ 139.82949, 35.746111 ], [ 139.828556, 35.746055 ], [ 139.828409, 35.746043 ], [ 139.827537, 35.745968 ], [ 139.827271, 35.745943 ], [ 139.826661, 35.745895 ], [ 139.825739, 35.745823 ], [ 139.825698, 35.74582 ], [ 139.825764, 35.745912 ], [ 139.825858, 35.746052 ], [ 139.825919, 35.746109 ], [ 139.826103, 35.746144 ], [ 139.826194, 35.746161 ], [ 139.826258, 35.746174 ], [ 139.826304, 35.746205 ], [ 139.826357, 35.746244 ], [ 139.826421, 35.746314 ], [ 139.826495, 35.746375 ], [ 139.826581, 35.746433 ], [ 139.826624, 35.746446 ], [ 139.826656, 35.746499 ], [ 139.826732, 35.746837 ], [ 139.82674, 35.746901 ], [ 139.826768, 35.746968 ], [ 139.826852, 35.747173 ], [ 139.826903, 35.747242 ], [ 139.827011, 35.747331 ], [ 139.827094, 35.747416 ], [ 139.827176, 35.747563 ], [ 139.827772, 35.747582 ], [ 139.827952, 35.747581 ], [ 139.828211, 35.747581 ], [ 139.828961, 35.747611 ], [ 139.829144, 35.747619 ], [ 139.829809, 35.747646 ], [ 139.830083, 35.747657 ], [ 139.830077, 35.747742 ], [ 139.830248, 35.747752 ], [ 139.830357, 35.747673 ] ] ] } },
{ "type": "Feature", "properties": { "key": "葛飾区|堀切4丁目", "ward": "葛飾区", "town": "堀切４丁目" }, "geometry": { "type": "Polygon", "coordinates": [ [ [ 139.827036, 35.74756 ], [ 139.827176, 35.747563 ], [ 139.827094, 35.747416 ], [ 139.827011, 35.747331 ], [ 139.826903, 35.747242 ], [ 139.826852, 35.747173 ], [ 139.826768, 35.746968 ], [ 139.82674, 35.746901 ], [ 139.826732, 35.746837 ], [ 139.826656, 35.746499 ], [ 139.826624, 35.746446 ], [ 139.826581, 35.746433 ], [ 139.826495, 35.746375 ], [ 139.826421, 35.746314 ], [ 139.826357, 35.746244 ], [ 139.826304, 35.746205 ], [ 139.826258, 35.746174 ], [ 139.826194, 35.746161 ], [ 139.826103, 35.746144 ], [ 139.825919, 35.746109 ], [ 139.825858, 35.746052 ], [ 139.825764, 35.745912 ], [ 139.825698, 35.74582 ], [ 139.825651, 35.745754 ], [ 139.825502, 35.745632 ], [ 139.825377, 35.745536 ], [ 139.825348, 35.745522 ], [ 139.82515, 35.745422 ], [ 139.824765, 35.745284 ], [ 139.824701, 35.745258 ], [ 139.824295, 35.745115 ], [ 139.823874, 35.744964 ], [ 139.823867, 35.744962 ], [ 139.823628, 35.74487 ], [ 139.823495, 35.744821 ], [ 139.823411, 35.744953 ], [ 139.823119, 35.744842 ], [ 139.820409, 35.743877 ], [ 139.81834, 35.747769 ], [ 139.820244, 35.748878 ], [ 139.820767, 35.749168 ], [ 139.820652, 35.749664 ], [ 139.820583, 35.750073 ], [ 139.820613, 35.750277 ], [ 139.820576, 35.750838 ], [ 139.822171, 35.750489 ], [ 139.82268, 35.750351 ], [ 139.822873, 35.750332 ], [ 139.823537, 35.750266 ], [ 139.823632, 35.750257 ], [ 139.823814, 35.750239 ], [ 139.824473, 35.750157 ], [ 139.824502, 35.750154 ], [ 139.824946, 35.750099 ], [ 139.825121, 35.750078 ], [ 139.82528, 35.750059 ], [ 139.825486, 35.750035 ], [ 139.825707, 35.750009 ], [ 139.82646, 35.74992 ], [ 139.826814, 35.749879 ], [ 139.827519, 35.749796 ], [ 139.827963, 35.749743 ], [ 139.827945, 35.749686 ], [ 139.827865, 35.749485 ], [ 139.827733, 35.749212 ], [ 139.827658, 35.7491 ], [ 139.827479, 35.748834 ], [ 139.82736, 35.748656 ], [ 139.827256, 35.748468 ], [ 139.827137, 35.748269 ], [ 139.827101, 35.748245 ], [ 139.827081, 35.748215 ], [ 139.826848, 35.747837 ], [ 139.826774, 35.747704 ], [ 139.826812, 35.747661 ], [ 139.827036, 35.74756 ] ] ] } },
{ "type": "Feature", "properties": { "key": "葛飾区|堀切5丁目", "ward": "葛飾区", "town": "堀切５丁目" }, "geometry": { "type": "Polygon", "coordinates": [ [ [ 139.830909, 35.7508 ], [ 139.831333, 35.75083 ], [ 139.831348, 35.750947 ], [ 139.831406, 35.751024 ], [ 139.832141, 35.750931 ], [ 139.833217, 35.750795 ], [ 139.833259, 35.750761 ], [ 139.833182, 35.750587 ], [ 139.833137, 35.750549 ], [ 139.833052, 35.750377 ], [ 139.833064, 35.750321 ], [ 139.833003, 35.750253 ], [ 139.832875, 35.750103 ], [ 139.832742, 35.749927 ], [ 139.832618, 35.749689 ], [ 139.832528, 35.749474 ], [ 139.832371, 35.749114 ], [ 139.832253, 35.748842 ], [ 139.832236, 35.748796 ], [ 139.832034, 35.748255 ], [ 139.831856, 35.747778 ], [ 139.831806, 35.747703 ], [ 139.830621, 35.747675 ], [ 139.830357, 35.747673 ], [ 139.830248, 35.747752 ], [ 139.830077, 35.747742 ], [ 139.830083, 35.747657 ], [ 139.829809, 35.747646 ], [ 139.829144, 35.747619 ], [ 139.828961, 35.747611 ], [ 139.828211, 35.747581 ], [ 139.827952, 35.747581 ], [ 139.827772, 35.747582 ], [ 139.827176, 35.747563 ], [ 139.827036, 35.74756 ], [ 139.826812, 35.747661 ], [ 139.826774, 35.747704 ], [ 139.826848, 35.747837 ], [ 139.827081, 35.748215 ], [ 139.827101, 35.748245 ], [ 139.827137, 35.748269 ], [ 139.827256, 35.748468 ], [ 139.82736, 35.748656 ], [ 139.827479, 35.748834 ], [ 139.827658, 35.7491 ], [ 139.827733, 35.749212 ], [ 139.827865, 35.749485 ], [ 139.827945, 35.749686 ], [ 139.827963, 35.749743 ], [ 139.827985, 35.749867 ], [ 139.827979, 35.750039 ], [ 139.827931, 35.750494 ], [ 139.827899, 35.75072 ], [ 139.827894, 35.75076 ], [ 139.827837, 35.75119 ], [ 139.828693, 35.751173 ], [ 139.829169, 35.751164 ], [ 139.829388, 35.751164 ], [ 139.830101, 35.751149 ], [ 139.830155, 35.751122 ], [ 139.830364, 35.75111 ], [ 139.830501, 35.750975 ], [ 139.830596, 35.750953 ], [ 139.830878, 35.750924 ], [ 139.830909, 35.7508 ] ] ] } },
{ "type": "Feature", "properties": { "key": "葛飾区|堀切6丁目", "ward": "葛飾区", "town": "堀切６丁目" }, "geometry": { "type": "Polygon", "coordinates": [ [ [ 139.833532, 35.753683 ], [ 139.833506, 35.75364 ], [ 139.833355, 35.753371 ], [ 139.833337, 35.753371 ], [ 139.833277, 35.753223 ], [ 139.833192, 35.752923 ], [ 139.833165, 35.752771 ], [ 139.833166, 35.752651 ], [ 139.83317, 35.75251 ], [ 139.833213, 35.752369 ], [ 139.833208, 35.752198 ], [ 139.833192, 35.752021 ], [ 139.833192, 35.751989 ], [ 139.833054, 35.751732 ], [ 139.833011, 35.751636 ], [ 139.832986, 35.751512 ], [ 139.833009, 35.751463 ], [ 139.83301, 35.751322 ], [ 139.833073, 35.751197 ], [ 139.833355, 35.751131 ], [ 139.833217, 35.750795 ], [ 139.832141, 35.750931 ], [ 139.831406, 35.751024 ], [ 139.831348, 35.750947 ], [ 139.831333, 35.75083 ], [ 139.830909, 35.7508 ], [ 139.830878, 35.750924 ], [ 139.830596, 35.750953 ], [ 139.830501, 35.750975 ], [ 139.830364, 35.75111 ], [ 139.830155, 35.751122 ], [ 139.830101, 35.751149 ], [ 139.829388, 35.751164 ], [ 139.829169, 35.751164 ], [ 139.828693, 35.751173 ], [ 139.827837, 35.75119 ], [ 139.827815, 35.751323 ], [ 139.827737, 35.751803 ], [ 139.827666, 35.752243 ], [ 139.827616, 35.752452 ], [ 139.827586, 35.75264 ], [ 139.82753, 35.752997 ], [ 139.8275, 35.753254 ], [ 139.827494, 35.753305 ], [ 139.827439, 35.75371 ], [ 139.827443, 35.753753 ], [ 139.827733, 35.753781 ], [ 139.827973, 35.75379 ], [ 139.828519, 35.753812 ], [ 139.828555, 35.753764 ], [ 139.829218, 35.753798 ], [ 139.829761, 35.753826 ], [ 139.829759, 35.753855 ], [ 139.830994, 35.753916 ], [ 139.831924, 35.753958 ], [ 139.832776, 35.753997 ], [ 139.832834, 35.754016 ], [ 139.8338, 35.754049 ], [ 139.833788, 35.754031 ], [ 139.833619, 35.753826 ], [ 139.833532, 35.753683 ] ] ] } },
{ "type": "Feature", "properties": { "key": "葛飾区|堀切7丁目", "ward": "葛飾区", "town": "堀切７丁目" }, "geometry": { "type": "Polygon", "coordinates": [ [ [ 139.829218, 35.753798 ], [ 139.828555, 35.753764 ], [ 139.828519, 35.753812 ], [ 139.827973, 35.75379 ], [ 139.827733, 35.753781 ], [ 139.827443, 35.753753 ], [ 139.827399, 35.754044 ], [ 139.827398, 35.754123 ], [ 139.827411, 35.754219 ], [ 139.827481, 35.754414 ], [ 139.82753, 35.754661 ], [ 139.827639, 35.754996 ], [ 139.827714, 35.755229 ], [ 139.827787, 35.755469 ], [ 139.827814, 35.755558 ], [ 139.828059, 35.756265 ], [ 139.828566, 35.756283 ], [ 139.829642, 35.756334 ], [ 139.830072, 35.756354 ], [ 139.830186, 35.75636 ], [ 139.830254, 35.756363 ], [ 139.830843, 35.756389 ], [ 139.831438, 35.756416 ], [ 139.831644, 35.756425 ], [ 139.831789, 35.756432 ], [ 139.831925, 35.756437 ], [ 139.832636, 35.756448 ], [ 139.83365, 35.756476 ], [ 139.833673, 35.756523 ], [ 139.834064, 35.756524 ], [ 139.834297, 35.756362 ], [ 139.834465, 35.756204 ], [ 139.83465, 35.755996 ], [ 139.834754, 35.755858 ], [ 139.834908, 35.755707 ], [ 139.834585, 35.755193 ], [ 139.834289, 35.754723 ], [ 139.834073, 35.754428 ], [ 139.83398, 35.754277 ], [ 139.833839, 35.75405 ], [ 139.8338, 35.754049 ], [ 139.832834, 35.754016 ], [ 139.832776, 35.753997 ], [ 139.831924, 35.753958 ], [ 139.830994, 35.753916 ], [ 139.829759, 35.753855 ], [ 139.829761, 35.753826 ], [ 139.829218, 35.753798 ] ] ] } },
{ "type": "Feature", "properties": { "key": "葛飾区|堀切8丁目", "ward": "葛飾区", "town": "堀切８丁目" }, "geometry": { "type": "Polygon", "coordinates": [ [ [ 139.835678, 35.758257 ], [ 139.835662, 35.758202 ], [ 139.835514, 35.75768 ], [ 139.835434, 35.75739 ], [ 139.83534, 35.756994 ], [ 139.835204, 35.756582 ], [ 139.835204, 35.756559 ], [ 139.835099, 35.756199 ], [ 139.834908, 35.755707 ], [ 139.834754, 35.755858 ], [ 139.83465, 35.755996 ], [ 139.834465, 35.756204 ], [ 139.834297, 35.756362 ], [ 139.834064, 35.756524 ], [ 139.833673, 35.756523 ], [ 139.83365, 35.756476 ], [ 139.832636, 35.756448 ], [ 139.831925, 35.756437 ], [ 139.831789, 35.756432 ], [ 139.831644, 35.756425 ], [ 139.831438, 35.756416 ], [ 139.830843, 35.756389 ], [ 139.830254, 35.756363 ], [ 139.830186, 35.75636 ], [ 139.830072, 35.756354 ], [ 139.829642, 35.756334 ], [ 139.828566, 35.756283 ], [ 139.828059, 35.756265 ], [ 139.828106, 35.756397 ], [ 139.828233, 35.756749 ], [ 139.828481, 35.757416 ], [ 139.828494, 35.757413 ], [ 139.828603, 35.757412 ], [ 139.828849, 35.757437 ], [ 139.828913, 35.757452 ], [ 139.829053, 35.757485 ], [ 139.829612, 35.75765 ], [ 139.829842, 35.757759 ], [ 139.830075, 35.757869 ], [ 139.830144, 35.757935 ], [ 139.830305, 35.75811 ], [ 139.830655, 35.75851 ], [ 139.830738, 35.758557 ], [ 139.830744, 35.758564 ], [ 139.830789, 35.758562 ], [ 139.831075, 35.758562 ], [ 139.831202, 35.758565 ], [ 139.832165, 35.758616 ], [ 139.832449, 35.75863 ], [ 139.83257, 35.758635 ], [ 139.832945, 35.758651 ], [ 139.833179, 35.758659 ], [ 139.833425, 35.75867 ], [ 139.833568, 35.758687 ], [ 139.834318, 35.758774 ], [ 139.83449, 35.758794 ], [ 139.834635, 35.758811 ], [ 139.835188, 35.758876 ], [ 139.835613, 35.758927 ], [ 139.835877, 35.758959 ], [ 139.835678, 35.758257 ] ] ] } },
{ "type": "Feature", "properties": { "key": "葛飾区|水元1丁目", "ward": "葛飾区", "town": "水元１丁目" }, "geometry": { "type": "Polygon", "coordinates": [ [ [ 139.858708, 35.78006 ], [ 139.858554, 35.780046 ], [ 139.858502, 35.780042 ], [ 139.858449, 35.780106 ], [ 139.858249, 35.780086 ], [ 139.857128, 35.779986 ], [ 139.856256, 35.779894 ], [ 139.85515, 35.779778 ], [ 139.855101, 35.779773 ], [ 139.854091, 35.77967 ], [ 139.853003, 35.779563 ], [ 139.852423, 35.779503 ], [ 139.852405, 35.779519 ], [ 139.852551, 35.780011 ], [ 139.852696, 35.7804 ], [ 139.852726, 35.780494 ], [ 139.853041, 35.781396 ], [ 139.853627, 35.782415 ], [ 139.853656, 35.782473 ], [ 139.853642, 35.78255 ], [ 139.853804, 35.782769 ], [ 139.854333, 35.783656 ], [ 139.854543, 35.783681 ], [ 139.855443, 35.783755 ], [ 139.855852, 35.783792 ], [ 139.856081, 35.78381 ], [ 139.856339, 35.783836 ], [ 139.856583, 35.783857 ], [ 139.857727, 35.783956 ], [ 139.858865, 35.784058 ], [ 139.859343, 35.78411 ], [ 139.860228, 35.784205 ], [ 139.860342, 35.783382 ], [ 139.860441, 35.782662 ], [ 139.860551, 35.781858 ], [ 139.860567, 35.781744 ], [ 139.860644, 35.781143 ], [ 139.860754, 35.780326 ], [ 139.859846, 35.78025 ], [ 139.859422, 35.780226 ], [ 139.858719, 35.780157 ], [ 139.858708, 35.78006 ] ] ] } },
{ "type": "Feature", "properties": { "key": "葛飾区|水元2丁目", "ward": "葛飾区", "town": "水元２丁目" }, "geometry": { "type": "Polygon", "coordinates": [ [ [ 139.859652, 35.788134 ], [ 139.859704, 35.787754 ], [ 139.859799, 35.787037 ], [ 139.85987, 35.786684 ], [ 139.85994, 35.786338 ], [ 139.860039, 35.785566 ], [ 139.86004, 35.785558 ], [ 139.860132, 35.784867 ], [ 139.860134, 35.784857 ], [ 139.860228, 35.784205 ], [ 139.859343, 35.78411 ], [ 139.858865, 35.784058 ], [ 139.857727, 35.783956 ], [ 139.856583, 35.783857 ], [ 139.856339, 35.783836 ], [ 139.856081, 35.78381 ], [ 139.855852, 35.783792 ], [ 139.855443, 35.783755 ], [ 139.854543, 35.783681 ], [ 139.854333, 35.783656 ], [ 139.854488, 35.783918 ], [ 139.854498, 35.783949 ], [ 139.854723, 35.784335 ], [ 139.854967, 35.784742 ], [ 139.855202, 35.785132 ], [ 139.855673, 35.785947 ], [ 139.856113, 35.786693 ], [ 139.85656, 35.787452 ], [ 139.856988, 35.788212 ], [ 139.857125, 35.788207 ], [ 139.858247, 35.788298 ], [ 139.859612, 35.788432 ], [ 139.859652, 35.788134 ] ] ] } },
{ "type": "Feature", "properties": { "key": "葛飾区|水元3丁目", "ward": "葛飾区", "town": "水元３丁目" }, "geometry": { "type": "Polygon", "coordinates": [ [ [ 139.860754, 35.780326 ], [ 139.860644, 35.781143 ], [ 139.860567, 35.781744 ], [ 139.860551, 35.781858 ], [ 139.860441, 35.782662 ], [ 139.860342, 35.783382 ], [ 139.860228, 35.784205 ], [ 139.860864, 35.784277 ], [ 139.861434, 35.784342 ], [ 139.861848, 35.784382 ], [ 139.861865, 35.784384 ], [ 139.862874, 35.784481 ], [ 139.863743, 35.784569 ], [ 139.864382, 35.784632 ], [ 139.86517, 35.784696 ], [ 139.865516, 35.784731 ], [ 139.865638, 35.784302 ], [ 139.865652, 35.784253 ], [ 139.865734, 35.783919 ], [ 139.865813, 35.783631 ], [ 139.865865, 35.78343 ], [ 139.866001, 35.782934 ], [ 139.866004, 35.782927 ], [ 139.866234, 35.782019 ], [ 139.866244, 35.781981 ], [ 139.866309, 35.781691 ], [ 139.866373, 35.781499 ], [ 139.866384, 35.781451 ], [ 139.866783, 35.780945 ], [ 139.866655, 35.780924 ], [ 139.865848, 35.780844 ], [ 139.864977, 35.780757 ], [ 139.863445, 35.78059 ], [ 139.862835, 35.78053 ], [ 139.862625, 35.780509 ], [ 139.862027, 35.780451 ], [ 139.86157, 35.780406 ], [ 139.860806, 35.780331 ], [ 139.860754, 35.780326 ] ] ] } },
{ "type": "Feature", "properties": { "key": "葛飾区|水元4丁目", "ward": "葛飾区", "town": "水元４丁目" }, "geometry": { "type": "Polygon", "coordinates": [ [ [ 139.860228, 35.784205 ], [ 139.860134, 35.784857 ], [ 139.860132, 35.784867 ], [ 139.86004, 35.785558 ], [ 139.860039, 35.785566 ], [ 139.85994, 35.786338 ], [ 139.85987, 35.786684 ], [ 139.859799, 35.787037 ], [ 139.859704, 35.787754 ], [ 139.859652, 35.788134 ], [ 139.859612, 35.788432 ], [ 139.860136, 35.788479 ], [ 139.860274, 35.788491 ], [ 139.860294, 35.788508 ], [ 139.860302, 35.788515 ], [ 139.860823, 35.788558 ], [ 139.861677, 35.788613 ], [ 139.862281, 35.788668 ], [ 139.863235, 35.788773 ], [ 139.86408, 35.789021 ], [ 139.864466, 35.78848 ], [ 139.864659, 35.78798 ], [ 139.864848, 35.787326 ], [ 139.864881, 35.787211 ], [ 139.864954, 35.786951 ], [ 139.864962, 35.786899 ], [ 139.865173, 35.78603 ], [ 139.865353, 35.785362 ], [ 139.865396, 35.785221 ], [ 139.865516, 35.784731 ], [ 139.86517, 35.784696 ], [ 139.864382, 35.784632 ], [ 139.863743, 35.784569 ], [ 139.862874, 35.784481 ], [ 139.861865, 35.784384 ], [ 139.861848, 35.784382 ], [ 139.861434, 35.784342 ], [ 139.860864, 35.784277 ], [ 139.860228, 35.784205 ] ] ] } },
{ "type": "Feature", "properties": { "key": "葛飾区|水元5丁目", "ward": "葛飾区", "town": "水元５丁目" }, "geometry": { "type": "Polygon", "coordinates": [ [ [ 139.857125, 35.788207 ], [ 139.856988, 35.788212 ], [ 139.85721, 35.788605 ], [ 139.85747, 35.78907 ], [ 139.857749, 35.789552 ], [ 139.857979, 35.789973 ], [ 139.858148, 35.790259 ], [ 139.858378, 35.790667 ], [ 139.858594, 35.791035 ], [ 139.858608, 35.791058 ], [ 139.858783, 35.791383 ], [ 139.858986, 35.791719 ], [ 139.859071, 35.791859 ], [ 139.859406, 35.79235 ], [ 139.860522, 35.791564 ], [ 139.861113, 35.791169 ], [ 139.86168, 35.790798 ], [ 139.861699, 35.790785 ], [ 139.86173, 35.790764 ], [ 139.862122, 35.790451 ], [ 139.862246, 35.79035 ], [ 139.863208, 35.789705 ], [ 139.863639, 35.789366 ], [ 139.86408, 35.789021 ], [ 139.863235, 35.788773 ], [ 139.862281, 35.788668 ], [ 139.861677, 35.788613 ], [ 139.860823, 35.788558 ], [ 139.860302, 35.788515 ], [ 139.860294, 35.788508 ], [ 139.860274, 35.788491 ], [ 139.860136, 35.788479 ], [ 139.859612, 35.788432 ], [ 139.858247, 35.788298 ], [ 139.857125, 35.788207 ] ] ] } },
{ "type": "Feature", "properties": { "key": "葛飾区|水元公園", "ward": "葛飾区", "town": "水元公園" }, "geometry": { "type": "Polygon", "coordinates": [ [ [ 139.874378, 35.796295 ], [ 139.874877, 35.795936 ], [ 139.875268, 35.795614 ], [ 139.875687, 35.795256 ], [ 139.876009, 35.794969 ], [ 139.87626, 35.794792 ], [ 139.87648, 35.794647 ], [ 139.876653, 35.794561 ], [ 139.876825, 35.794518 ], [ 139.877022, 35.794513 ], [ 139.877185, 35.794357 ], [ 139.877389, 35.794179 ], [ 139.877579, 35.793987 ], [ 139.877659, 35.793853 ], [ 139.877615, 35.793723 ], [ 139.877544, 35.793638 ], [ 139.877352, 35.793575 ], [ 139.877168, 35.793461 ], [ 139.877017, 35.793238 ], [ 139.876851, 35.792906 ], [ 139.876557, 35.792417 ], [ 139.876254, 35.792045 ], [ 139.876069, 35.7919 ], [ 139.87587, 35.791815 ], [ 139.875591, 35.791665 ], [ 139.875079, 35.791405 ], [ 139.874678, 35.791152 ], [ 139.874175, 35.790767 ], [ 139.873486, 35.790212 ], [ 139.872607, 35.789486 ], [ 139.872225, 35.789179 ], [ 139.872078, 35.788965 ], [ 139.871862, 35.788618 ], [ 139.871575, 35.788114 ], [ 139.871163, 35.787289 ], [ 139.871085, 35.787044 ], [ 139.871064, 35.786739 ], [ 139.871066, 35.786424 ], [ 139.8711, 35.786008 ], [ 139.871145, 35.785655 ], [ 139.871212, 35.785268 ], [ 139.871319, 35.784826 ], [ 139.871551, 35.78465 ], [ 139.871881, 35.783961 ], [ 139.872132, 35.783553 ], [ 139.872453, 35.783154 ], [ 139.87285, 35.782741 ], [ 139.873222, 35.78239 ], [ 139.873521, 35.78214 ], [ 139.873942, 35.781825 ], [ 139.874, 35.781866 ], [ 139.874443, 35.781662 ], [ 139.874845, 35.78146 ], [ 139.875198, 35.781312 ], [ 139.875504, 35.781231 ], [ 139.875845, 35.781169 ], [ 139.876294, 35.781123 ], [ 139.876993, 35.781139 ], [ 139.877399, 35.781167 ], [ 139.877804, 35.781238 ], [ 139.878443, 35.781407 ], [ 139.879008, 35.781568 ], [ 139.879863, 35.781894 ], [ 139.880414, 35.782098 ], [ 139.880576, 35.782168 ], [ 139.880681, 35.782161 ], [ 139.880742, 35.782099 ], [ 139.880802, 35.782007 ], [ 139.880858, 35.781869 ], [ 139.880932, 35.781868 ], [ 139.881082, 35.781911 ], [ 139.881033, 35.782037 ], [ 139.88111, 35.782065 ], [ 139.88123, 35.781828 ], [ 139.881324, 35.781713 ], [ 139.881296, 35.781719 ], [ 139.881084, 35.781616 ], [ 139.881518, 35.781029 ], [ 139.8812, 35.780837 ], [ 139.880821, 35.781188 ], [ 139.879863, 35.780939 ], [ 139.879208, 35.780769 ], [ 139.879191, 35.780252 ], [ 139.878911, 35.780303 ], [ 139.878787, 35.780318 ], [ 139.878248, 35.780267 ], [ 139.878177, 35.780244 ], [ 139.877743, 35.78004 ], [ 139.877614, 35.780018 ], [ 139.87705, 35.780121 ], [ 139.876109, 35.780234 ], [ 139.87577, 35.780283 ], [ 139.875587, 35.780272 ], [ 139.874882, 35.780147 ], [ 139.874173, 35.780031 ], [ 139.873706, 35.779956 ], [ 139.873707, 35.779968 ], [ 139.873122, 35.779922 ], [ 139.87292, 35.779917 ], [ 139.872678, 35.779955 ], [ 139.872173, 35.78012 ], [ 139.871996, 35.780218 ], [ 139.87191, 35.780302 ], [ 139.871808, 35.780429 ], [ 139.871748, 35.780573 ], [ 139.87166, 35.780618 ], [ 139.871652, 35.780599 ], [ 139.871561, 35.780643 ], [ 139.871453, 35.780662 ], [ 139.871336, 35.780639 ], [ 139.871106, 35.780622 ], [ 139.870986, 35.780677 ], [ 139.870622, 35.780918 ], [ 139.870313, 35.781104 ], [ 139.87032, 35.781126 ], [ 139.870194, 35.781254 ], [ 139.870075, 35.781502 ], [ 139.870003, 35.781685 ], [ 139.869917, 35.781956 ], [ 139.86992, 35.782204 ], [ 139.869925, 35.782459 ], [ 139.869892, 35.782523 ], [ 139.86987, 35.782656 ], [ 139.869774, 35.78298 ], [ 139.869695, 35.783153 ], [ 139.869619, 35.783351 ], [ 139.869361, 35.78379 ], [ 139.869244, 35.783974 ], [ 139.869147, 35.784188 ], [ 139.86912, 35.78421 ], [ 139.869062, 35.784372 ], [ 139.868991, 35.78465 ], [ 139.868954, 35.78496 ], [ 139.868921, 35.785226 ], [ 139.868847, 35.785559 ], [ 139.868741, 35.785834 ], [ 139.86865, 35.786034 ], [ 139.868552, 35.786279 ], [ 139.868524, 35.786375 ], [ 139.868509, 35.786418 ], [ 139.868451, 35.786754 ], [ 139.868388, 35.787179 ], [ 139.868368, 35.78753 ], [ 139.868362, 35.787651 ], [ 139.868336, 35.788199 ], [ 139.868331, 35.788348 ], [ 139.868296, 35.788534 ], [ 139.868202, 35.788892 ], [ 139.868153, 35.789137 ], [ 139.868087, 35.789386 ], [ 139.86803, 35.789576 ], [ 139.868008, 35.789705 ], [ 139.868007, 35.789813 ], [ 139.868086, 35.789972 ], [ 139.868259, 35.790244 ], [ 139.868309, 35.790345 ], [ 139.86834, 35.79037 ], [ 139.868452, 35.790537 ], [ 139.868396, 35.790595 ], [ 139.868405, 35.790782 ], [ 139.868443, 35.79083 ], [ 139.868406, 35.790897 ], [ 139.868369, 35.791045 ], [ 139.868299, 35.79115 ], [ 139.868171, 35.791241 ], [ 139.86803, 35.791313 ], [ 139.867875, 35.791417 ], [ 139.867813, 35.791471 ], [ 139.867724, 35.791607 ], [ 139.86766, 35.791733 ], [ 139.867646, 35.791797 ], [ 139.867618, 35.791887 ], [ 139.867566, 35.791979 ], [ 139.867479, 35.792059 ], [ 139.867346, 35.792143 ], [ 139.867216, 35.792246 ], [ 139.86704, 35.792391 ], [ 139.866739, 35.792687 ], [ 139.866322, 35.793111 ], [ 139.866064, 35.79342 ], [ 139.865694, 35.793923 ], [ 139.865603, 35.793971 ], [ 139.865468, 35.793994 ], [ 139.865334, 35.793993 ], [ 139.864849, 35.793892 ], [ 139.864611, 35.793883 ], [ 139.864206, 35.793887 ], [ 139.863705, 35.793846 ], [ 139.86328, 35.79378 ], [ 139.86327, 35.79383 ], [ 139.862971, 35.793806 ], [ 139.862747, 35.793835 ], [ 139.862623, 35.793896 ], [ 139.862507, 35.793986 ], [ 139.862364, 35.794059 ], [ 139.862197, 35.794102 ], [ 139.861973, 35.794086 ], [ 139.861809, 35.794026 ], [ 139.860538, 35.793596 ], [ 139.860326, 35.793514 ], [ 139.860071, 35.793373 ], [ 139.859944, 35.793226 ], [ 139.859669, 35.792906 ], [ 139.859594, 35.7929 ], [ 139.859755, 35.794015 ], [ 139.859724, 35.794464 ], [ 139.859792, 35.794788 ], [ 139.859855, 35.795009 ], [ 139.860161, 35.795526 ], [ 139.860295, 35.795491 ], [ 139.860947, 35.795305 ], [ 139.861204, 35.795215 ], [ 139.861449, 35.795145 ], [ 139.861603, 35.795085 ], [ 139.861754, 35.794997 ], [ 139.862059, 35.794758 ], [ 139.862232, 35.794724 ], [ 139.862759, 35.794624 ], [ 139.863004, 35.79459 ], [ 139.863377, 35.794599 ], [ 139.86373, 35.794623 ], [ 139.864613, 35.794688 ], [ 139.86483, 35.794732 ], [ 139.865053, 35.794868 ], [ 139.865529, 35.79512 ], [ 139.866254, 35.795407 ], [ 139.866909, 35.795742 ], [ 139.867639, 35.796064 ], [ 139.868333, 35.796287 ], [ 139.869123, 35.796468 ], [ 139.869299, 35.7964 ], [ 139.869475, 35.796431 ], [ 139.869714, 35.796495 ], [ 139.869925, 35.796612 ], [ 139.870712, 35.796745 ], [ 139.87148, 35.796864 ], [ 139.872084, 35.796879 ], [ 139.872667, 35.796861 ], [ 139.873449, 35.796657 ], [ 139.873841, 35.796499 ], [ 139.874378, 35.796295 ] ] ] } },
{ "type": "Feature", "properties": { "key": "葛飾区|南水元1丁目", "ward": "葛飾区", "town": "南水元１丁目" }, "geometry": { "type": "Polygon", "coordinates": [ [ [ 139.862487, 35.776725 ], [ 139.862537, 35.776728 ], [ 139.862551, 35.776635 ], [ 139.862579, 35.776546 ], [ 139.86269, 35.77628 ], [ 139.862803, 35.77592 ], [ 139.862891, 35.775639 ], [ 139.862953, 35.775453 ], [ 139.863017, 35.775319 ], [ 139.862922, 35.775324 ], [ 139.862635, 35.775236 ], [ 139.862348, 35.775148 ], [ 139.862275, 35.775126 ], [ 139.861325, 35.774827 ], [ 139.860817, 35.77469 ], [ 139.860424, 35.774584 ], [ 139.860077, 35.774417 ], [ 139.859276, 35.774085 ], [ 139.858247, 35.773637 ], [ 139.858054, 35.773534 ], [ 139.85787, 35.773434 ], [ 139.857773, 35.773382 ], [ 139.857504, 35.772993 ], [ 139.857203, 35.77257 ], [ 139.856594, 35.771943 ], [ 139.856471, 35.772065 ], [ 139.855869, 35.772683 ], [ 139.855618, 35.77292 ], [ 139.855276, 35.773272 ], [ 139.854794, 35.773932 ], [ 139.854782, 35.773946 ], [ 139.854477, 35.774341 ], [ 139.854382, 35.774462 ], [ 139.854345, 35.774509 ], [ 139.854118, 35.77473 ], [ 139.853906, 35.774934 ], [ 139.853696, 35.775135 ], [ 139.854841, 35.775869 ], [ 139.854842, 35.775973 ], [ 139.854522, 35.776529 ], [ 139.854761, 35.776633 ], [ 139.855033, 35.776879 ], [ 139.855515, 35.776922 ], [ 139.855738, 35.77694 ], [ 139.856424, 35.777005 ], [ 139.857563, 35.777113 ], [ 139.858702, 35.777221 ], [ 139.85954, 35.777306 ], [ 139.860537, 35.777391 ], [ 139.860681, 35.777865 ], [ 139.860732, 35.777865 ], [ 139.86075, 35.777866 ], [ 139.860768, 35.777865 ], [ 139.860894, 35.777771 ], [ 139.860947, 35.777712 ], [ 139.861085, 35.777646 ], [ 139.861351, 35.777585 ], [ 139.861358, 35.777582 ], [ 139.861456, 35.777539 ], [ 139.861593, 35.777426 ], [ 139.861673, 35.777376 ], [ 139.86208, 35.777118 ], [ 139.862156, 35.777063 ], [ 139.862249, 35.776994 ], [ 139.862365, 35.776826 ], [ 139.862487, 35.776725 ] ] ] } },
{ "type": "Feature", "properties": { "key": "葛飾区|南水元2丁目", "ward": "葛飾区", "town": "南水元２丁目" }, "geometry": { "type": "Polygon", "coordinates": [ [ [ 139.858502, 35.780042 ], [ 139.858554, 35.780046 ], [ 139.858651, 35.779909 ], [ 139.85868, 35.779827 ], [ 139.859068, 35.779467 ], [ 139.859217, 35.779343 ], [ 139.859871, 35.778678 ], [ 139.859859, 35.778659 ], [ 139.86053, 35.777977 ], [ 139.86055, 35.777996 ], [ 139.860681, 35.777865 ], [ 139.860537, 35.777391 ], [ 139.85954, 35.777306 ], [ 139.858702, 35.777221 ], [ 139.857563, 35.777113 ], [ 139.856424, 35.777005 ], [ 139.855738, 35.77694 ], [ 139.855515, 35.776922 ], [ 139.855033, 35.776879 ], [ 139.854761, 35.776633 ], [ 139.854522, 35.776529 ], [ 139.854842, 35.775973 ], [ 139.854841, 35.775869 ], [ 139.853696, 35.775135 ], [ 139.853319, 35.77553 ], [ 139.852993, 35.77587 ], [ 139.85272, 35.776155 ], [ 139.852517, 35.776367 ], [ 139.852308, 35.776584 ], [ 139.852001, 35.776905 ], [ 139.851845, 35.777042 ], [ 139.851553, 35.777328 ], [ 139.851479, 35.777396 ], [ 139.851036, 35.777867 ], [ 139.850711, 35.778213 ], [ 139.850674, 35.778252 ], [ 139.85063, 35.778299 ], [ 139.851192, 35.77868 ], [ 139.851642, 35.778986 ], [ 139.852175, 35.779349 ], [ 139.852423, 35.779503 ], [ 139.853003, 35.779563 ], [ 139.854091, 35.77967 ], [ 139.855101, 35.779773 ], [ 139.85515, 35.779778 ], [ 139.856256, 35.779894 ], [ 139.857128, 35.779986 ], [ 139.858249, 35.780086 ], [ 139.858449, 35.780106 ], [ 139.858502, 35.780042 ] ] ] } },
{ "type": "Feature", "properties": { "key": "葛飾区|南水元3丁目", "ward": "葛飾区", "town": "南水元３丁目" }, "geometry": { "type": "Polygon", "coordinates": [ [ [ 139.865839, 35.772364 ], [ 139.864768, 35.77311 ], [ 139.864082, 35.773564 ], [ 139.86393, 35.773707 ], [ 139.863835, 35.773836 ], [ 139.863833, 35.773839 ], [ 139.863779, 35.773912 ], [ 139.86366, 35.77411 ], [ 139.863654, 35.774119 ], [ 139.863491, 35.774414 ], [ 139.863472, 35.774451 ], [ 139.863451, 35.77449 ], [ 139.863411, 35.774566 ], [ 139.863017, 35.775319 ], [ 139.862953, 35.775453 ], [ 139.862891, 35.775639 ], [ 139.862803, 35.77592 ], [ 139.86269, 35.77628 ], [ 139.862579, 35.776546 ], [ 139.862551, 35.776635 ], [ 139.862537, 35.776728 ], [ 139.862593, 35.77675 ], [ 139.862458, 35.777565 ], [ 139.863133, 35.77733 ], [ 139.863436, 35.777229 ], [ 139.863945, 35.777054 ], [ 139.864541, 35.776846 ], [ 139.865011, 35.776685 ], [ 139.865331, 35.776574 ], [ 139.866075, 35.776317 ], [ 139.866168, 35.776276 ], [ 139.866663, 35.776173 ], [ 139.866767, 35.776157 ], [ 139.866737, 35.775996 ], [ 139.866711, 35.775859 ], [ 139.866682, 35.775709 ], [ 139.866646, 35.775518 ], [ 139.866616, 35.775358 ], [ 139.86659, 35.775222 ], [ 139.866582, 35.77518 ], [ 139.866545, 35.774984 ], [ 139.866522, 35.774864 ], [ 139.866508, 35.774789 ], [ 139.866479, 35.774634 ], [ 139.866461, 35.77454 ], [ 139.866398, 35.774209 ], [ 139.866337, 35.773889 ], [ 139.866284, 35.773609 ], [ 139.866263, 35.773499 ], [ 139.866231, 35.773339 ], [ 139.86618, 35.773206 ], [ 139.86604, 35.772845 ], [ 139.865839, 35.772364 ] ] ] } },
{ "type": "Feature", "properties": { "key": "葛飾区|南水元4丁目", "ward": "葛飾区", "town": "南水元４丁目" }, "geometry": { "type": "Polygon", "coordinates": [ [ [ 139.867137, 35.778448 ], [ 139.867063, 35.778451 ], [ 139.866957, 35.777863 ], [ 139.866909, 35.7776 ], [ 139.867027, 35.777595 ], [ 139.866898, 35.776845 ], [ 139.866858, 35.776636 ], [ 139.866767, 35.776157 ], [ 139.866663, 35.776173 ], [ 139.866168, 35.776276 ], [ 139.866075, 35.776317 ], [ 139.865331, 35.776574 ], [ 139.865011, 35.776685 ], [ 139.864541, 35.776846 ], [ 139.863945, 35.777054 ], [ 139.863436, 35.777229 ], [ 139.863133, 35.77733 ], [ 139.862458, 35.777565 ], [ 139.862593, 35.77675 ], [ 139.862537, 35.776728 ], [ 139.862487, 35.776725 ], [ 139.862365, 35.776826 ], [ 139.862249, 35.776994 ], [ 139.862156, 35.777063 ], [ 139.86208, 35.777118 ], [ 139.861673, 35.777376 ], [ 139.861593, 35.777426 ], [ 139.861456, 35.777539 ], [ 139.861358, 35.777582 ], [ 139.861351, 35.777585 ], [ 139.861085, 35.777646 ], [ 139.860947, 35.777712 ], [ 139.860894, 35.777771 ], [ 139.860768, 35.777865 ], [ 139.86075, 35.777866 ], [ 139.860732, 35.777865 ], [ 139.860681, 35.777865 ], [ 139.86055, 35.777996 ], [ 139.86053, 35.777977 ], [ 139.859859, 35.778659 ], [ 139.859871, 35.778678 ], [ 139.859217, 35.779343 ], [ 139.859068, 35.779467 ], [ 139.85868, 35.779827 ], [ 139.858651, 35.779909 ], [ 139.858554, 35.780046 ], [ 139.858708, 35.78006 ], [ 139.858719, 35.780157 ], [ 139.859422, 35.780226 ], [ 139.859846, 35.78025 ], [ 139.860754, 35.780326 ], [ 139.860806, 35.780331 ], [ 139.86157, 35.780406 ], [ 139.862027, 35.780451 ], [ 139.862625, 35.780509 ], [ 139.862835, 35.78053 ], [ 139.863445, 35.78059 ], [ 139.864977, 35.780757 ], [ 139.865848, 35.780844 ], [ 139.866655, 35.780924 ], [ 139.866783, 35.780945 ], [ 139.867135, 35.780615 ], [ 139.867403, 35.780397 ], [ 139.86745, 35.78038 ], [ 139.867452, 35.780308 ], [ 139.867429, 35.780173 ], [ 139.867246, 35.779095 ], [ 139.867137, 35.778448 ] ] ] } },
{ "type": "Feature", "properties": { "key": "葛飾区|四つ木1丁目", "ward": "葛飾区", "town": "四つ木１丁目" }, "geometry": { "type": "Polygon", "coordinates": [ [ [ 139.840547, 35.735739 ], [ 139.840476, 35.735761 ], [ 139.839656, 35.735195 ], [ 139.83954, 35.735115 ], [ 139.838747, 35.734569 ], [ 139.838251, 35.734186 ], [ 139.836991, 35.733382 ], [ 139.83699, 35.733291 ], [ 139.836872, 35.733212 ], [ 139.836045, 35.732655 ], [ 139.835467, 35.732258 ], [ 139.83491, 35.73188 ], [ 139.834882, 35.731823 ], [ 139.834378, 35.731475 ], [ 139.834348, 35.731473 ], [ 139.83408, 35.731308 ], [ 139.833895, 35.731123 ], [ 139.831486, 35.729499 ], [ 139.831065, 35.729891 ], [ 139.830743, 35.730198 ], [ 139.830533, 35.730403 ], [ 139.830457, 35.730479 ], [ 139.830102, 35.730818 ], [ 139.82961, 35.73128 ], [ 139.82951, 35.731383 ], [ 139.829013, 35.731847 ], [ 139.829001, 35.731858 ], [ 139.831131, 35.733426 ], [ 139.831529, 35.733714 ], [ 139.831776, 35.733892 ], [ 139.83192, 35.733994 ], [ 139.832174, 35.734175 ], [ 139.832411, 35.734344 ], [ 139.832713, 35.73455 ], [ 139.833362, 35.735014 ], [ 139.833537, 35.735142 ], [ 139.833938, 35.735119 ], [ 139.83401, 35.735099 ], [ 139.834418, 35.735184 ], [ 139.834492, 35.735188 ], [ 139.834849, 35.735226 ], [ 139.835055, 35.735248 ], [ 139.83516, 35.735259 ], [ 139.835194, 35.735257 ], [ 139.835629, 35.735288 ], [ 139.836021, 35.735328 ], [ 139.836637, 35.735392 ], [ 139.836768, 35.735391 ], [ 139.836809, 35.735383 ], [ 139.83725, 35.735426 ], [ 139.837326, 35.735437 ], [ 139.83743, 35.735441 ], [ 139.837895, 35.735488 ], [ 139.83804, 35.735507 ], [ 139.838314, 35.735538 ], [ 139.838421, 35.735558 ], [ 139.838735, 35.735599 ], [ 139.838937, 35.735627 ], [ 139.839247, 35.735668 ], [ 139.839494, 35.735693 ], [ 139.839497, 35.735693 ], [ 139.839903, 35.735748 ], [ 139.839894, 35.735786 ], [ 139.840407, 35.735852 ], [ 139.840476, 35.735829 ], [ 139.840523, 35.735866 ], [ 139.840789, 35.736107 ], [ 139.84092, 35.736004 ], [ 139.840776, 35.735901 ], [ 139.840547, 35.735739 ] ] ] } },
{ "type": "Feature", "properties": { "key": "葛飾区|四つ木2丁目", "ward": "葛飾区", "town": "四つ木２丁目" }, "geometry": { "type": "Polygon", "coordinates": [ [ [ 139.840476, 35.735829 ], [ 139.840407, 35.735852 ], [ 139.839894, 35.735786 ], [ 139.839903, 35.735748 ], [ 139.839497, 35.735693 ], [ 139.839494, 35.735693 ], [ 139.839247, 35.735668 ], [ 139.838937, 35.735627 ], [ 139.838735, 35.735599 ], [ 139.838421, 35.735558 ], [ 139.838314, 35.735538 ], [ 139.83804, 35.735507 ], [ 139.837895, 35.735488 ], [ 139.83743, 35.735441 ], [ 139.837326, 35.735437 ], [ 139.83725, 35.735426 ], [ 139.836809, 35.735383 ], [ 139.836768, 35.735391 ], [ 139.836637, 35.735392 ], [ 139.836021, 35.735328 ], [ 139.835629, 35.735288 ], [ 139.835194, 35.735257 ], [ 139.83516, 35.735259 ], [ 139.835055, 35.735248 ], [ 139.834849, 35.735226 ], [ 139.834492, 35.735188 ], [ 139.834418, 35.735184 ], [ 139.83401, 35.735099 ], [ 139.833938, 35.735119 ], [ 139.833537, 35.735142 ], [ 139.83404, 35.735487 ], [ 139.834732, 35.735978 ], [ 139.835244, 35.736341 ], [ 139.83563, 35.736629 ], [ 139.835987, 35.736909 ], [ 139.836038, 35.736949 ], [ 139.836607, 35.737395 ], [ 139.836908, 35.737631 ], [ 139.837124, 35.7378 ], [ 139.837358, 35.737984 ], [ 139.83744, 35.738048 ], [ 139.8377, 35.738301 ], [ 139.837851, 35.73845 ], [ 139.838208, 35.738128 ], [ 139.838551, 35.737818 ], [ 139.839039, 35.737415 ], [ 139.839455, 35.737133 ], [ 139.839537, 35.737078 ], [ 139.83967, 35.736981 ], [ 139.839733, 35.736932 ], [ 139.840067, 35.736671 ], [ 139.840524, 35.736314 ], [ 139.84075, 35.736138 ], [ 139.840789, 35.736107 ], [ 139.840523, 35.735866 ], [ 139.840476, 35.735829 ] ] ] } },
{ "type": "Feature", "properties": { "key": "葛飾区|四つ木3丁目", "ward": "葛飾区", "town": "四つ木３丁目" }, "geometry": { "type": "Polygon", "coordinates": [ [ [ 139.833112, 35.735141 ], [ 139.833537, 35.735142 ], [ 139.833362, 35.735014 ], [ 139.832713, 35.73455 ], [ 139.832411, 35.734344 ], [ 139.832174, 35.734175 ], [ 139.83192, 35.733994 ], [ 139.831776, 35.733892 ], [ 139.831529, 35.733714 ], [ 139.831131, 35.733426 ], [ 139.829001, 35.731858 ], [ 139.828646, 35.732183 ], [ 139.828283, 35.732543 ], [ 139.828106, 35.732693 ], [ 139.827652, 35.733148 ], [ 139.82736, 35.73344 ], [ 139.826573, 35.734231 ], [ 139.826462, 35.734352 ], [ 139.825939, 35.734944 ], [ 139.82676, 35.735456 ], [ 139.828412, 35.736519 ], [ 139.828562, 35.736612 ], [ 139.829088, 35.736941 ], [ 139.829103, 35.736947 ], [ 139.829398, 35.737057 ], [ 139.829527, 35.737106 ], [ 139.829537, 35.73711 ], [ 139.830176, 35.737752 ], [ 139.830608, 35.73818 ], [ 139.830848, 35.738418 ], [ 139.83086, 35.738431 ], [ 139.831655, 35.739223 ], [ 139.83168, 35.739248 ], [ 139.831959, 35.738737 ], [ 139.832039, 35.738553 ], [ 139.832048, 35.738519 ], [ 139.832072, 35.738423 ], [ 139.832176, 35.738035 ], [ 139.832502, 35.737245 ], [ 139.832754, 35.736533 ], [ 139.83285, 35.736222 ], [ 139.833031, 35.736018 ], [ 139.833112, 35.735141 ] ] ] } },
{ "type": "Feature", "properties": { "key": "葛飾区|四つ木4丁目", "ward": "葛飾区", "town": "四つ木４丁目" }, "geometry": { "type": "Polygon", "coordinates": [ [ [ 139.833112, 35.735141 ], [ 139.833031, 35.736018 ], [ 139.83285, 35.736222 ], [ 139.832754, 35.736533 ], [ 139.832502, 35.737245 ], [ 139.832176, 35.738035 ], [ 139.832072, 35.738423 ], [ 139.832048, 35.738519 ], [ 139.832039, 35.738553 ], [ 139.831959, 35.738737 ], [ 139.83168, 35.739248 ], [ 139.832059, 35.739627 ], [ 139.832098, 35.739665 ], [ 139.832158, 35.739725 ], [ 139.832382, 35.740134 ], [ 139.83246, 35.740255 ], [ 139.832562, 35.740341 ], [ 139.832652, 35.740417 ], [ 139.832854, 35.740542 ], [ 139.83351, 35.740948 ], [ 139.834101, 35.741314 ], [ 139.834378, 35.741485 ], [ 139.834674, 35.741668 ], [ 139.836043, 35.740238 ], [ 139.836532, 35.739721 ], [ 139.836642, 35.739605 ], [ 139.836643, 35.739604 ], [ 139.836643, 35.739603 ], [ 139.836985, 35.739243 ], [ 139.837056, 35.739167 ], [ 139.837851, 35.73845 ], [ 139.8377, 35.738301 ], [ 139.83744, 35.738048 ], [ 139.837358, 35.737984 ], [ 139.837124, 35.7378 ], [ 139.836908, 35.737631 ], [ 139.836607, 35.737395 ], [ 139.836038, 35.736949 ], [ 139.835987, 35.736909 ], [ 139.83563, 35.736629 ], [ 139.835244, 35.736341 ], [ 139.834732, 35.735978 ], [ 139.83404, 35.735487 ], [ 139.833537, 35.735142 ], [ 139.833112, 35.735141 ] ] ] } },
{ "type": "Feature", "properties": { "key": "葛飾区|四つ木5丁目", "ward": "葛飾区", "town": "四つ木５丁目" }, "geometry": { "type": "Polygon", "coordinates": [ [ [ 139.837851, 35.73845 ], [ 139.837056, 35.739167 ], [ 139.83725, 35.739486 ], [ 139.837602, 35.740067 ], [ 139.837707, 35.740241 ], [ 139.837891, 35.740544 ], [ 139.838092, 35.740875 ], [ 139.838199, 35.741052 ], [ 139.838483, 35.741499 ], [ 139.838473, 35.741503 ], [ 139.838592, 35.741721 ], [ 139.838935, 35.742353 ], [ 139.839258, 35.742946 ], [ 139.839297, 35.743021 ], [ 139.839472, 35.743352 ], [ 139.839532, 35.743509 ], [ 139.839802, 35.744213 ], [ 139.839923, 35.744519 ], [ 139.8404, 35.745706 ], [ 139.840405, 35.745732 ], [ 139.841146, 35.745556 ], [ 139.841728, 35.745276 ], [ 139.842156, 35.745068 ], [ 139.842578, 35.744865 ], [ 139.842586, 35.74486 ], [ 139.84292, 35.744674 ], [ 139.843773, 35.744241 ], [ 139.843566, 35.744009 ], [ 139.843433, 35.743873 ], [ 139.843294, 35.743731 ], [ 139.842897, 35.743316 ], [ 139.842104, 35.742485 ], [ 139.841502, 35.741907 ], [ 139.841105, 35.741529 ], [ 139.840947, 35.741378 ], [ 139.840841, 35.741274 ], [ 139.840595, 35.741032 ], [ 139.840415, 35.740855 ], [ 139.840242, 35.740679 ], [ 139.839391, 35.739893 ], [ 139.839087, 35.739611 ], [ 139.838815, 35.73936 ], [ 139.838566, 35.73913 ], [ 139.837851, 35.73845 ] ] ] } }
]
}
