{
"type": "FeatureCollection",
"name": "wards",
"crs": { "type": "name", "properties": { "name": "urn:ogc:def:crs:OGC:1.3:CRS84" } },
"features": [
{ "type": "Feature", "properties": { "ward": "世田谷区" }, "geometry": { "type": "Polygon", "coordinates": [ [ [ 139.596158, 35.618405 ], [ 139.595458, 35.618346 ], [ 139.593477, 35.617587 ], [ 139.592504, 35.61752 ], [ 139.591506, 35.61768 ], [ 139.590007, 35.61854 ], [ 139.589967, 35.619305 ], [ 139.589214, 35.621405 ], [ 139.58985, 35.62169 ], [ 139.589653, 35.623207 ], [ 139.589415, 35.623208 ], [ 139.58964, 35.623806 ], [ 139.589689, 35.624554 ], [ 139.589855, 35.624689 ], [ 139.591344, 35.623669 ], [ 139.591846, 35.623572 ], [ 139.591918, 35.623814 ], [ 139.592408, 35.623733 ], [ 139.592296, 35.624161 ], [ 139.593106, 35.625525 ], [ 139.593326, 35.625943 ], [ 139.593744, 35.626238 ], [ 139.593492, 35.626642 ], [ 139.593761, 35.626659 ], [ 139.59415, 35.627071 ], [ 139.593474, 35.627593 ], [ 139.592855, 35.627671 ], [ 139.59254, 35.627274 ], [ 139.592186, 35.627505 ], [ 139.59242, 35.628294 ], [ 139.592182, 35.628753 ], [ 139.592808, 35.629595 ], [ 139.592574, 35.629743 ], [ 139.592398, 35.630344 ], [ 139.591173, 35.630991 ], [ 139.591601, 35.63189 ], [ 139.591273, 35.632079 ], [ 139.591481, 35.63284 ], [ 139.591179, 35.632927 ], [ 139.591086, 35.633489 ], [ 139.590958, 35.633529 ], [ 139.589337, 35.634783 ], [ 139.588776, 35.634734 ], [ 139.587715, 35.635224 ], [ 139.587547, 35.635135 ], [ 139.58649, 35.636441 ], [ 139.585602, 35.637793 ], [ 139.584226, 35.641171 ], [ 139.584575, 35.641325 ], [ 139.584476, 35.641581 ], [ 139.585558, 35.642049 ], [ 139.585719, 35.641924 ], [ 139.585879, 35.642005 ], [ 139.585763, 35.64275 ], [ 139.586416, 35.642722 ], [ 139.586586, 35.643557 ], [ 139.586803, 35.643515 ], [ 139.586868, 35.643729 ], [ 139.587006, 35.64371 ], [ 139.587273, 35.644263 ], [ 139.589917, 35.640093 ], [ 139.586965, 35.644824 ], [ 139.587091, 35.645375 ], [ 139.587684, 35.645553 ], [ 139.587236, 35.645742 ], [ 139.586944, 35.646226 ], [ 139.587814, 35.645627 ], [ 139.587937, 35.645734 ], [ 139.587347, 35.646135 ], [ 139.587575, 35.646103 ], [ 139.587973, 35.645716 ], [ 139.588253, 35.645943 ], [ 139.589496, 35.645049 ], [ 139.590045, 35.645197 ], [ 139.58986, 35.645574 ], [ 139.590203, 35.645695 ], [ 139.590376, 35.645284 ], [ 139.592252, 35.645987 ], [ 139.592427, 35.644945 ], [ 139.592171, 35.64728 ], [ 139.592184, 35.649976 ], [ 139.592033, 35.651603 ], [ 139.592898, 35.651744 ], [ 139.592948, 35.651494 ], [ 139.59327, 35.651512 ], [ 139.593247, 35.652138 ], [ 139.593053, 35.65354 ], [ 139.592437, 35.655372 ], [ 139.594261, 35.655692 ], [ 139.591125, 35.655221 ], [ 139.590091, 35.65648 ], [ 139.590183, 35.656528 ], [ 139.589852, 35.657133 ], [ 139.589687, 35.658713 ], [ 139.589686, 35.660817 ], [ 139.590071, 35.661246 ], [ 139.589343, 35.661657 ], [ 139.589375, 35.661963 ], [ 139.589158, 35.66204 ], [ 139.589253, 35.662245 ], [ 139.587859, 35.662605 ], [ 139.587838, 35.662733 ], [ 139.587614, 35.662652 ], [ 139.587292, 35.663123 ], [ 139.586979, 35.663669 ], [ 139.586858, 35.664222 ], [ 139.58828, 35.66469 ], [ 139.588306, 35.665231 ], [ 139.58919, 35.666015 ], [ 139.590071, 35.666001 ], [ 139.590171, 35.666391 ], [ 139.589023, 35.668834 ], [ 139.589249, 35.66905 ], [ 139.588718, 35.670584 ], [ 139.58831, 35.670759 ], [ 139.584626, 35.672302 ], [ 139.58365, 35.672978 ], [ 139.582396, 35.673325 ], [ 139.582687, 35.674437 ], [ 139.584966, 35.673958 ], [ 139.586289, 35.674307 ], [ 139.587564, 35.673859 ], [ 139.587755, 35.674167 ], [ 139.587745, 35.674174 ], [ 139.587903, 35.674326 ], [ 139.586982, 35.674774 ], [ 139.586548, 35.67715 ], [ 139.586866, 35.677806 ], [ 139.58784, 35.678175 ], [ 139.588143, 35.678614 ], [ 139.588617, 35.678937 ], [ 139.588643, 35.679352 ], [ 139.588302, 35.680126 ], [ 139.588192, 35.680092 ], [ 139.587424, 35.681024 ], [ 139.586159, 35.681091 ], [ 139.586249, 35.681271 ], [ 139.585364, 35.681736 ], [ 139.585088, 35.68258 ], [ 139.5853, 35.682224 ], [ 139.587537, 35.681939 ], [ 139.591966, 35.681743 ], [ 139.592227, 35.680771 ], [ 139.591877, 35.682105 ], [ 139.587398, 35.682254 ], [ 139.587348, 35.68242 ], [ 139.585159, 35.682689 ], [ 139.586379, 35.682969 ], [ 139.591831, 35.682353 ], [ 139.593259, 35.681901 ], [ 139.593671, 35.682199 ], [ 139.594504, 35.68234 ], [ 139.598168, 35.681981 ], [ 139.598027, 35.68043 ], [ 139.59817, 35.681986 ], [ 139.602806, 35.680732 ], [ 139.603556, 35.680097 ], [ 139.605428, 35.678806 ], [ 139.6068, 35.677578 ], [ 139.607213, 35.676984 ], [ 139.607503, 35.676049 ], [ 139.607711, 35.676064 ], [ 139.607678, 35.676369 ], [ 139.608475, 35.676426 ], [ 139.608489, 35.676121 ], [ 139.608655, 35.67611 ], [ 139.609145, 35.675075 ], [ 139.609123, 35.674897 ], [ 139.608821, 35.67489 ], [ 139.608855, 35.674722 ], [ 139.609275, 35.674731 ], [ 139.609359, 35.674047 ], [ 139.608938, 35.674041 ], [ 139.609017, 35.672734 ], [ 139.609076, 35.670658 ], [ 139.609086, 35.67066 ], [ 139.609204, 35.670116 ], [ 139.609225, 35.670231 ], [ 139.609397, 35.670245 ], [ 139.60936, 35.670674 ], [ 139.610622, 35.670874 ], [ 139.610696, 35.670522 ], [ 139.611399, 35.670456 ], [ 139.611291, 35.669976 ], [ 139.613471, 35.670487 ], [ 139.613317, 35.668642 ], [ 139.613489, 35.67066 ], [ 139.614207, 35.669624 ], [ 139.614787, 35.669157 ], [ 139.615654, 35.66957 ], [ 139.61529, 35.669121 ], [ 139.61539, 35.669019 ], [ 139.615949, 35.669151 ], [ 139.616472, 35.66991 ], [ 139.616485, 35.669878 ], [ 139.616384, 35.670387 ], [ 139.616482, 35.67151 ], [ 139.616636, 35.67156 ], [ 139.616679, 35.672553 ], [ 139.613361, 35.672817 ], [ 139.613433, 35.673717 ], [ 139.613314, 35.673886 ], [ 139.612818, 35.674262 ], [ 139.611771, 35.674653 ], [ 139.610222, 35.676523 ], [ 139.611884, 35.676223 ], [ 139.611929, 35.675496 ], [ 139.612203, 35.675487 ], [ 139.612604, 35.676016 ], [ 139.613285, 35.675449 ], [ 139.618292, 35.673878 ], [ 139.621141, 35.6728 ], [ 139.623182, 35.671547 ], [ 139.623122, 35.670594 ], [ 139.624795, 35.670363 ], [ 139.624866, 35.669248 ], [ 139.62912, 35.668817 ], [ 139.632685, 35.668224 ], [ 139.63606, 35.666998 ], [ 139.635613, 35.667053 ], [ 139.636944, 35.666663 ], [ 139.636865, 35.666117 ], [ 139.63899, 35.66591 ], [ 139.639302, 35.665879 ], [ 139.640206, 35.666281 ], [ 139.641463, 35.666678 ], [ 139.64133, 35.667591 ], [ 139.644809, 35.667974 ], [ 139.645988, 35.668202 ], [ 139.64753, 35.668745 ], [ 139.650176, 35.67009 ], [ 139.650557, 35.667875 ], [ 139.650163, 35.67031 ], [ 139.654337, 35.670925 ], [ 139.654439, 35.670631 ], [ 139.656603, 35.671263 ], [ 139.656696, 35.671263 ], [ 139.656795, 35.671488 ], [ 139.660714, 35.672585 ], [ 139.661519, 35.671019 ], [ 139.660701, 35.672613 ], [ 139.661427, 35.672809 ], [ 139.661445, 35.672019 ], [ 139.661676, 35.671555 ], [ 139.664092, 35.67142 ], [ 139.666053, 35.671584 ], [ 139.668568, 35.671771 ], [ 139.668863, 35.671533 ], [ 139.672781, 35.672116 ], [ 139.672561, 35.671339 ], [ 139.672516, 35.669821 ], [ 139.672839, 35.668495 ], [ 139.67311, 35.667263 ], [ 139.6737, 35.665848 ], [ 139.674377, 35.664632 ], [ 139.674863, 35.66416 ], [ 139.674741, 35.663972 ], [ 139.675627, 35.66324 ], [ 139.675932, 35.662764 ], [ 139.676613, 35.659942 ], [ 139.677645, 35.659838 ], [ 139.679531, 35.657094 ], [ 139.680547, 35.656599 ], [ 139.68058, 35.655681 ], [ 139.680544, 35.655679 ], [ 139.681755, 35.655594 ], [ 139.681823, 35.654522 ], [ 139.682871, 35.654551 ], [ 139.682878, 35.654403 ], [ 139.683115, 35.654402 ], [ 139.683133, 35.654121 ], [ 139.682936, 35.654124 ], [ 139.682962, 35.653044 ], [ 139.684065, 35.65296 ], [ 139.684067, 35.652846 ], [ 139.682504, 35.652748 ], [ 139.682371, 35.652207 ], [ 139.681599, 35.65239 ], [ 139.684386, 35.651603 ], [ 139.684576, 35.651355 ], [ 139.684571, 35.650662 ], [ 139.684057, 35.649224 ], [ 139.684478, 35.646753 ], [ 139.684414, 35.646031 ], [ 139.684933, 35.646206 ], [ 139.685544, 35.64498 ], [ 139.684234, 35.64455 ], [ 139.684958, 35.64275 ], [ 139.684287, 35.642529 ], [ 139.684343, 35.642407 ], [ 139.684702, 35.642525 ], [ 139.685124, 35.64141 ], [ 139.685385, 35.641357 ], [ 139.685828, 35.640711 ], [ 139.686007, 35.639571 ], [ 139.685361, 35.63863 ], [ 139.685439, 35.638686 ], [ 139.686107, 35.639614 ], [ 139.686595, 35.639376 ], [ 139.686198, 35.637961 ], [ 139.684133, 35.634233 ], [ 139.682889, 35.63249 ], [ 139.681252, 35.62995 ], [ 139.679576, 35.625984 ], [ 139.679398, 35.625039 ], [ 139.678301, 35.625295 ], [ 139.6772, 35.626936 ], [ 139.676578, 35.627476 ], [ 139.672505, 35.629651 ], [ 139.672157, 35.629881 ], [ 139.667727, 35.63126 ], [ 139.6652, 35.63182 ], [ 139.663527, 35.632101 ], [ 139.661708, 35.631956 ], [ 139.662485, 35.630285 ], [ 139.662157, 35.629012 ], [ 139.662211, 35.628682 ], [ 139.662007, 35.62804 ], [ 139.661838, 35.627956 ], [ 139.663461, 35.626949 ], [ 139.663915, 35.624853 ], [ 139.663773, 35.62449 ], [ 139.664625, 35.623045 ], [ 139.665313, 35.622606 ], [ 139.665558, 35.622061 ], [ 139.665647, 35.621843 ], [ 139.665916, 35.621911 ], [ 139.666085, 35.621769 ], [ 139.665769, 35.621543 ], [ 139.666437, 35.620895 ], [ 139.665853, 35.620852 ], [ 139.665714, 35.620397 ], [ 139.665857, 35.620059 ], [ 139.666279, 35.619199 ], [ 139.666384, 35.618584 ], [ 139.664797, 35.618377 ], [ 139.664375, 35.617434 ], [ 139.664742, 35.616831 ], [ 139.66449, 35.616772 ], [ 139.664572, 35.616437 ], [ 139.664002, 35.616178 ], [ 139.664055, 35.615859 ], [ 139.663338, 35.615646 ], [ 139.663204, 35.615048 ], [ 139.663065, 35.615061 ], [ 139.662834, 35.613858 ], [ 139.662651, 35.612527 ], [ 139.663329, 35.612527 ], [ 139.662671, 35.61207 ], [ 139.662852, 35.612063 ], [ 139.662839, 35.6118 ], [ 139.66348, 35.611773 ], [ 139.663274, 35.611534 ], [ 139.663166, 35.610866 ], [ 139.664009, 35.609857 ], [ 139.664018, 35.609653 ], [ 139.6635, 35.609757 ], [ 139.663255, 35.609269 ], [ 139.663053, 35.609272 ], [ 139.663167, 35.609041 ], [ 139.66345, 35.608974 ], [ 139.663307, 35.608518 ], [ 139.665401, 35.607259 ], [ 139.666988, 35.606743 ], [ 139.668465, 35.606548 ], [ 139.670947, 35.607368 ], [ 139.673432, 35.608234 ], [ 139.6742, 35.608187 ], [ 139.675448, 35.608491 ], [ 139.676902, 35.60816 ], [ 139.67835, 35.606854 ], [ 139.679366, 35.605689 ], [ 139.679682, 35.603843 ], [ 139.679387, 35.603816 ], [ 139.679698, 35.603737 ], [ 139.679734, 35.603554 ], [ 139.679909, 35.603576 ], [ 139.679967, 35.603126 ], [ 139.680174, 35.603137 ], [ 139.680343, 35.600599 ], [ 139.680221, 35.598761 ], [ 139.680244, 35.598988 ], [ 139.680621, 35.598993 ], [ 139.680667, 35.598734 ], [ 139.681051, 35.598715 ], [ 139.681118, 35.598213 ], [ 139.680225, 35.598099 ], [ 139.678962, 35.598597 ], [ 139.680784, 35.597837 ], [ 139.680495, 35.597499 ], [ 139.680854, 35.596637 ], [ 139.680806, 35.594846 ], [ 139.678617, 35.593373 ], [ 139.675978, 35.591734 ], [ 139.673735, 35.595054 ], [ 139.669818, 35.599197 ], [ 139.669503, 35.599021 ], [ 139.668877, 35.598194 ], [ 139.668319, 35.598513 ], [ 139.668367, 35.598731 ], [ 139.667123, 35.598881 ], [ 139.667197, 35.599521 ], [ 139.665791, 35.599258 ], [ 139.665024, 35.598735 ], [ 139.66448, 35.599179 ], [ 139.66413, 35.599771 ], [ 139.663255, 35.598848 ], [ 139.662665, 35.598596 ], [ 139.661188, 35.599511 ], [ 139.659649, 35.59995 ], [ 139.659298, 35.6 ], [ 139.658752, 35.599417 ], [ 139.65823, 35.599306 ], [ 139.658037, 35.599091 ], [ 139.658069, 35.599057 ], [ 139.657469, 35.598989 ], [ 139.657456, 35.598524 ], [ 139.656233, 35.597894 ], [ 139.656595, 35.597486 ], [ 139.656112, 35.597309 ], [ 139.655594, 35.596459 ], [ 139.653619, 35.597275 ], [ 139.654416, 35.598554 ], [ 139.654462, 35.59866 ], [ 139.652817, 35.595985 ], [ 139.653392, 35.595754 ], [ 139.653327, 35.595648 ], [ 139.654394, 35.595077 ], [ 139.654291, 35.594903 ], [ 139.654845, 35.594673 ], [ 139.654952, 35.594848 ], [ 139.655529, 35.594609 ], [ 139.655398, 35.594399 ], [ 139.655969, 35.594164 ], [ 139.656098, 35.59437 ], [ 139.658201, 35.593454 ], [ 139.6581, 35.593152 ], [ 139.657618, 35.593178 ], [ 139.657199, 35.593421 ], [ 139.656982, 35.593221 ], [ 139.655209, 35.590042 ], [ 139.650787, 35.592379 ], [ 139.650061, 35.593005 ], [ 139.648753, 35.594853 ], [ 139.646915, 35.596045 ], [ 139.644121, 35.597633 ], [ 139.639569, 35.600371 ], [ 139.637454, 35.602628 ], [ 139.636673, 35.603181 ], [ 139.636258, 35.603459 ], [ 139.635357, 35.60345 ], [ 139.634675, 35.603681 ], [ 139.633015, 35.604848 ], [ 139.631961, 35.605631 ], [ 139.631738, 35.605973 ], [ 139.635528, 35.61005 ], [ 139.634819, 35.609353 ], [ 139.632167, 35.60657 ], [ 139.630972, 35.607413 ], [ 139.628622, 35.608158 ], [ 139.628439, 35.607899 ], [ 139.627573, 35.608883 ], [ 139.625938, 35.609125 ], [ 139.625244, 35.609438 ], [ 139.624748, 35.609882 ], [ 139.624144, 35.610983 ], [ 139.622874, 35.611462 ], [ 139.622857, 35.611433 ], [ 139.62187, 35.611673 ], [ 139.618356, 35.61369 ], [ 139.61567, 35.613258 ], [ 139.613694, 35.614451 ], [ 139.613017, 35.61481 ], [ 139.612083, 35.615916 ], [ 139.609244, 35.616353 ], [ 139.608622, 35.619349 ], [ 139.608873, 35.617683 ], [ 139.609238, 35.616374 ], [ 139.608876, 35.616494 ], [ 139.606558, 35.615712 ], [ 139.605687, 35.615583 ], [ 139.603682, 35.616658 ], [ 139.601978, 35.617516 ], [ 139.59914, 35.618504 ], [ 139.596158, 35.618405 ] ], [ [ 139.593281, 35.658117 ], [ 139.593175, 35.65815 ], [ 139.589687, 35.658713 ], [ 139.593281, 35.658117 ] ], [ [ 139.613685, 35.666281 ], [ 139.613668, 35.666292 ], [ 139.614154, 35.66329 ], [ 139.613317, 35.668642 ], [ 139.613685, 35.666281 ] ], [ [ 139.641675, 35.665875 ], [ 139.641641, 35.66591 ], [ 139.640206, 35.666281 ], [ 139.641675, 35.665875 ] ], [ [ 139.646367, 35.665705 ], [ 139.646264, 35.665972 ], [ 139.644809, 35.667974 ], [ 139.646367, 35.665705 ] ], [ [ 139.661685, 35.67011 ], [ 139.661706, 35.670238 ], [ 139.661519, 35.671019 ], [ 139.661685, 35.67011 ] ], [ [ 139.680092, 35.652157 ], [ 139.679932, 35.652105 ], [ 139.681599, 35.65239 ], [ 139.680092, 35.652157 ] ], [ [ 139.677925, 35.64718 ], [ 139.67586, 35.646097 ], [ 139.673072, 35.644485 ], [ 139.678012, 35.647218 ], [ 139.684571, 35.650662 ], [ 139.677925, 35.64718 ] ], [ [ 139.66285, 35.621665 ], [ 139.662904, 35.621638 ], [ 139.665558, 35.622061 ], [ 139.66285, 35.621665 ] ], [ [ 139.663384, 35.605453 ], [ 139.666495, 35.606558 ], [ 139.666988, 35.606743 ], [ 139.663384, 35.605453 ] ], [ [ 139.675528, 35.599166 ], [ 139.674589, 35.599257 ], [ 139.678962, 35.598597 ], [ 139.675528, 35.599166 ] ], [ [ 139.675562, 35.603333 ], [ 139.675394, 35.604675 ], [ 139.675393, 35.604675 ], [ 139.675528, 35.599166 ], [ 139.675562, 35.603333 ] ], [ [ 139.640686, 35.606833 ], [ 139.640636, 35.606846 ], [ 139.636673, 35.603181 ], [ 139.640686, 35.606833 ] ], [ [ 139.626457, 35.611918 ], [ 139.62694, 35.612573 ], [ 139.624748, 35.609882 ], [ 139.626457, 35.611918 ] ], [ [ 139.627237, 35.613391 ], [ 139.628201, 35.617433 ], [ 139.627547, 35.614863 ], [ 139.62694, 35.612573 ], [ 139.627237, 35.613391 ] ], [ [ 139.628522, 35.617253 ], [ 139.628496, 35.617304 ], [ 139.628201, 35.617433 ], [ 139.628522, 35.617253 ] ], [ [ 139.62248, 35.665265 ], [ 139.622847, 35.664945 ], [ 139.622473, 35.665274 ], [ 139.62248, 35.665265 ] ], [ [ 139.626511, 35.665577 ], [ 139.627188, 35.665697 ], [ 139.627218, 35.665732 ], [ 139.622847, 35.664945 ], [ 139.626511, 35.665577 ] ], [ [ 139.629011, 35.663067 ], [ 139.628978, 35.663084 ], [ 139.627144, 35.663806 ], [ 139.629011, 35.663067 ] ], [ [ 139.62994, 35.662479 ], [ 139.629793, 35.662679 ], [ 139.629011, 35.663067 ], [ 139.62994, 35.662479 ] ], [ [ 139.635409, 35.660064 ], [ 139.636678, 35.659901 ], [ 139.638371, 35.659869 ], [ 139.635409, 35.660064 ] ], [ [ 139.636049, 35.660734 ], [ 139.635421, 35.660146 ], [ 139.63508, 35.658171 ], [ 139.635409, 35.660064 ], [ 139.636049, 35.660734 ] ], [ [ 139.638284, 35.653563 ], [ 139.63842, 35.653536 ], [ 139.637554, 35.653974 ], [ 139.638284, 35.653563 ] ], [ [ 139.636899, 35.652032 ], [ 139.637529, 35.65137 ], [ 139.637557, 35.651347 ], [ 139.637524, 35.651379 ], [ 139.636899, 35.652032 ] ], [ [ 139.634998, 35.650652 ], [ 139.631278, 35.649549 ], [ 139.637529, 35.65137 ], [ 139.634998, 35.650652 ] ], [ [ 139.630827, 35.649966 ], [ 139.631289, 35.649517 ], [ 139.63172, 35.648866 ], [ 139.631848, 35.64878 ], [ 139.631278, 35.649549 ], [ 139.630827, 35.649966 ] ], [ [ 139.637919, 35.651057 ], [ 139.639187, 35.65093 ], [ 139.637896, 35.651075 ], [ 139.637919, 35.651057 ] ], [ [ 139.639887, 35.650685 ], [ 139.641439, 35.650719 ], [ 139.639855, 35.650696 ], [ 139.639887, 35.650685 ] ], [ [ 139.637181, 35.647535 ], [ 139.637027, 35.647018 ], [ 139.637092, 35.646928 ], [ 139.637196, 35.647536 ], [ 139.637181, 35.647535 ] ], [ [ 139.636487, 35.647726 ], [ 139.636206, 35.647715 ], [ 139.637181, 35.647535 ], [ 139.636487, 35.647726 ] ], [ [ 139.634847, 35.642853 ], [ 139.636855, 35.642298 ], [ 139.634467, 35.642986 ], [ 139.634847, 35.642853 ] ], [ [ 139.6401, 35.642486 ], [ 139.64009, 35.64256 ], [ 139.641622, 35.643545 ], [ 139.639069, 35.642041 ], [ 139.6401, 35.642486 ] ], [ [ 139.63687, 35.638384 ], [ 139.637065, 35.638433 ], [ 139.639038, 35.639109 ], [ 139.63687, 35.638384 ] ], [ [ 139.634797, 35.638057 ], [ 139.635822, 35.63812 ], [ 139.636538, 35.6383 ], [ 139.634797, 35.638057 ] ], [ [ 139.633187, 35.639803 ], [ 139.635587, 35.63713 ], [ 139.636415, 35.63641 ], [ 139.634797, 35.638057 ], [ 139.633187, 35.639803 ] ], [ [ 139.635948, 35.627747 ], [ 139.638051, 35.628988 ], [ 139.639876, 35.63027 ], [ 139.639837, 35.630256 ], [ 139.635948, 35.627747 ] ], [ [ 139.631448, 35.62113 ], [ 139.633983, 35.622285 ], [ 139.642119, 35.626026 ], [ 139.637847, 35.624108 ], [ 139.631448, 35.62113 ] ], [ [ 139.631018, 35.62136 ], [ 139.631462, 35.621084 ], [ 139.631448, 35.62113 ], [ 139.631018, 35.62136 ] ], [ [ 139.634298, 35.616363 ], [ 139.636027, 35.616916 ], [ 139.636018, 35.616938 ], [ 139.634298, 35.616363 ] ], [ [ 139.638311, 35.611872 ], [ 139.638581, 35.611302 ], [ 139.637733, 35.613142 ], [ 139.638311, 35.611872 ] ], [ [ 139.635834, 35.610351 ], [ 139.63579, 35.610308 ], [ 139.638311, 35.611872 ], [ 139.635834, 35.610351 ] ], [ [ 139.634372, 35.613946 ], [ 139.636946, 35.614868 ], [ 139.634603, 35.614124 ], [ 139.634372, 35.613946 ] ], [ [ 139.638479, 35.615988 ], [ 139.640201, 35.617244 ], [ 139.641182, 35.618112 ], [ 139.636946, 35.614868 ], [ 139.638479, 35.615988 ] ], [ [ 139.639792, 35.614819 ], [ 139.641232, 35.613872 ], [ 139.641244, 35.613873 ], [ 139.63934, 35.615233 ], [ 139.638479, 35.615988 ], [ 139.639792, 35.614819 ] ], [ [ 139.604043, 35.672844 ], [ 139.603988, 35.672838 ], [ 139.603873, 35.672819 ], [ 139.604043, 35.672844 ] ], [ [ 139.604715, 35.667717 ], [ 139.604647, 35.667827 ], [ 139.604791, 35.667473 ], [ 139.604715, 35.667717 ] ], [ [ 139.603006, 35.658329 ], [ 139.602597, 35.659261 ], [ 139.602607, 35.659269 ], [ 139.60247, 35.659449 ], [ 139.603006, 35.658329 ] ], [ [ 139.601832, 35.657274 ], [ 139.602179, 35.657557 ], [ 139.603006, 35.658329 ], [ 139.601832, 35.657274 ] ], [ [ 139.609025, 35.654818 ], [ 139.608785, 35.653999 ], [ 139.608425, 35.65189 ], [ 139.609025, 35.654818 ] ], [ [ 139.610707, 35.654105 ], [ 139.610353, 35.654318 ], [ 139.609089, 35.654796 ], [ 139.607374, 35.655861 ], [ 139.609025, 35.654818 ], [ 139.610707, 35.654105 ] ], [ [ 139.608395, 35.649661 ], [ 139.608397, 35.649834 ], [ 139.608276, 35.649046 ], [ 139.608395, 35.649661 ] ], [ [ 139.614594, 35.644433 ], [ 139.614735, 35.644628 ], [ 139.614733, 35.644627 ], [ 139.611, 35.639632 ], [ 139.614594, 35.644433 ] ], [ [ 139.616419, 35.640472 ], [ 139.616264, 35.641554 ], [ 139.61647, 35.639908 ], [ 139.616419, 35.640472 ] ], [ [ 139.624785, 35.638204 ], [ 139.624417, 35.6381 ], [ 139.621032, 35.637031 ], [ 139.621249, 35.637074 ], [ 139.624785, 35.638204 ] ], [ [ 139.621662, 35.636511 ], [ 139.62452, 35.632721 ], [ 139.621249, 35.637074 ], [ 139.621662, 35.636511 ] ], [ [ 139.624923, 35.627273 ], [ 139.626577, 35.627039 ], [ 139.626884, 35.627031 ], [ 139.626634, 35.627058 ], [ 139.62664, 35.62704 ], [ 139.624923, 35.627273 ] ], [ [ 139.622738, 35.624846 ], [ 139.622676, 35.625766 ], [ 139.622709, 35.624892 ], [ 139.622738, 35.624846 ] ], [ [ 139.623099, 35.624455 ], [ 139.62282, 35.624716 ], [ 139.623069, 35.624318 ], [ 139.623099, 35.624455 ] ], [ [ 139.62295, 35.62236 ], [ 139.622903, 35.623563 ], [ 139.622917, 35.621765 ], [ 139.62295, 35.62236 ] ], [ [ 139.622377, 35.621395 ], [ 139.622161, 35.621688 ], [ 139.622542, 35.620817 ], [ 139.62234, 35.621333 ], [ 139.622917, 35.621765 ], [ 139.622377, 35.621395 ] ], [ [ 139.620964, 35.618929 ], [ 139.622041, 35.620515 ], [ 139.621985, 35.620481 ], [ 139.620964, 35.618929 ] ], [ [ 139.619817, 35.617979 ], [ 139.620512, 35.618001 ], [ 139.620399, 35.618051 ], [ 139.619596, 35.617988 ], [ 139.619741, 35.617917 ], [ 139.619817, 35.617979 ] ], [ [ 139.619202, 35.617474 ], [ 139.6197, 35.617883 ], [ 139.619196, 35.617485 ], [ 139.619202, 35.617474 ] ], [ [ 139.620309, 35.616471 ], [ 139.620273, 35.616529 ], [ 139.619324, 35.61726 ], [ 139.619378, 35.617166 ], [ 139.620309, 35.616471 ] ], [ [ 139.623909, 35.612783 ], [ 139.622761, 35.613389 ], [ 139.622805, 35.613327 ], [ 139.623909, 35.612783 ] ], [ [ 139.608524, 35.646479 ], [ 139.606184, 35.646738 ], [ 139.605638, 35.646735 ], [ 139.608524, 35.646479 ] ], [ [ 139.620925, 35.618871 ], [ 139.619399, 35.618973 ], [ 139.61946, 35.61891 ], [ 139.620925, 35.618871 ] ], [ [ 139.595832, 35.667955 ], [ 139.596682, 35.666495 ], [ 139.596697, 35.666477 ], [ 139.595832, 35.667955 ] ], [ [ 139.600281, 35.666069 ], [ 139.601604, 35.664766 ], [ 139.601579, 35.664812 ], [ 139.600281, 35.666069 ] ], [ [ 139.603888, 35.638383 ], [ 139.602165, 35.639731 ], [ 139.602228, 35.63962 ], [ 139.60389, 35.638379 ], [ 139.603888, 35.638383 ] ], [ [ 139.604071, 35.638067 ], [ 139.604288, 35.635587 ], [ 139.604135, 35.637958 ], [ 139.604071, 35.638067 ] ], [ [ 139.60546, 35.634459 ], [ 139.605542, 35.633879 ], [ 139.605581, 35.634096 ], [ 139.60546, 35.634459 ] ], [ [ 139.605619, 35.633339 ], [ 139.605639, 35.6332 ], [ 139.605713, 35.63316 ], [ 139.605619, 35.633339 ] ], [ [ 139.608169, 35.635957 ], [ 139.605818, 35.633104 ], [ 139.605822, 35.633102 ], [ 139.606816, 35.634165 ], [ 139.608169, 35.635957 ] ], [ [ 139.606088, 35.63296 ], [ 139.606434, 35.632774 ], [ 139.607727, 35.632495 ], [ 139.606088, 35.63296 ] ], [ [ 139.605082, 35.63217 ], [ 139.606067, 35.632598 ], [ 139.606434, 35.632774 ], [ 139.605082, 35.63217 ] ], [ [ 139.604307, 35.628889 ], [ 139.600399, 35.63119 ], [ 139.604579, 35.628709 ], [ 139.604307, 35.628889 ] ], [ [ 139.605051, 35.628396 ], [ 139.605584, 35.627871 ], [ 139.605284, 35.628242 ], [ 139.605051, 35.628396 ] ], [ [ 139.605775, 35.626358 ], [ 139.605868, 35.625967 ], [ 139.605584, 35.627871 ], [ 139.605775, 35.626358 ] ], [ [ 139.607287, 35.623773 ], [ 139.606102, 35.625362 ], [ 139.607263, 35.623791 ], [ 139.608493, 35.622348 ], [ 139.607287, 35.623773 ] ], [ [ 139.608893, 35.622124 ], [ 139.609651, 35.621728 ], [ 139.608493, 35.622348 ], [ 139.608893, 35.622124 ] ], [ [ 139.592578, 35.644698 ], [ 139.596367, 35.645187 ], [ 139.601803, 35.64607 ], [ 139.596375, 35.64519 ], [ 139.592578, 35.644698 ] ], [ [ 139.601887, 35.645574 ], [ 139.601802, 35.646093 ], [ 139.601803, 35.64607 ], [ 139.601887, 35.645574 ] ], [ [ 139.598129, 35.639706 ], [ 139.601912, 35.640989 ], [ 139.597418, 35.639522 ], [ 139.598129, 35.639706 ] ], [ [ 139.598858, 35.622242 ], [ 139.597019, 35.619413 ], [ 139.598954, 35.622328 ], [ 139.598858, 35.622242 ] ], [ [ 139.600271, 35.627182 ], [ 139.597669, 35.627848 ], [ 139.599297, 35.627413 ], [ 139.600271, 35.627182 ] ], [ [ 139.604344, 35.631848 ], [ 139.603571, 35.631699 ], [ 139.60424, 35.631803 ], [ 139.604344, 35.631848 ] ], [ [ 139.592782, 35.642827 ], [ 139.594353, 35.63875 ], [ 139.591575, 35.637944 ], [ 139.594381, 35.638741 ], [ 139.592782, 35.642827 ] ], [ [ 139.598436, 35.635993 ], [ 139.598688, 35.635822 ], [ 139.598901, 35.635779 ], [ 139.598436, 35.635993 ] ], [ [ 139.599983, 35.63552 ], [ 139.600193, 35.634208 ], [ 139.599984, 35.63552 ], [ 139.599983, 35.63552 ] ], [ [ 139.600258, 35.632517 ], [ 139.600258, 35.632518 ], [ 139.595393, 35.634794 ], [ 139.600258, 35.632517 ] ], [ [ 139.593658, 35.635225 ], [ 139.592874, 35.635005 ], [ 139.593746, 35.635193 ], [ 139.594484, 35.635146 ], [ 139.593658, 35.635225 ] ], [ [ 139.596577, 35.657103 ], [ 139.595295, 35.655874 ], [ 139.595369, 35.655887 ], [ 139.596577, 35.657103 ] ], [ [ 139.597896, 35.657117 ], [ 139.596426, 35.657151 ], [ 139.596577, 35.657103 ], [ 139.597896, 35.657117 ] ], [ [ 139.596633, 35.650114 ], [ 139.596711, 35.647014 ], [ 139.596651, 35.649831 ], [ 139.596633, 35.650114 ] ], [ [ 139.605121, 35.649755 ], [ 139.606998, 35.650069 ], [ 139.606746, 35.650073 ], [ 139.605121, 35.649755 ] ], [ [ 139.600146, 35.652691 ], [ 139.602008, 35.651086 ], [ 139.600277, 35.65271 ], [ 139.599227, 35.652764 ], [ 139.600146, 35.652691 ] ], [ [ 139.590514, 35.66174 ], [ 139.591711, 35.661132 ], [ 139.591708, 35.661226 ], [ 139.590514, 35.66174 ] ], [ [ 139.594782, 35.660388 ], [ 139.595285, 35.660406 ], [ 139.594186, 35.66058 ], [ 139.594791, 35.66046 ], [ 139.594782, 35.660388 ] ], [ [ 139.595436, 35.660724 ], [ 139.595911, 35.661696 ], [ 139.595907, 35.661698 ], [ 139.595436, 35.660724 ] ], [ [ 139.595999, 35.66265 ], [ 139.595829, 35.662749 ], [ 139.596296, 35.662832 ], [ 139.595832, 35.662755 ], [ 139.595647, 35.662834 ], [ 139.595999, 35.66265 ] ], [ [ 139.595421, 35.663898 ], [ 139.596108, 35.664937 ], [ 139.595684, 35.664327 ], [ 139.595421, 35.663898 ] ], [ [ 139.599571, 35.662935 ], [ 139.59699, 35.664525 ], [ 139.596108, 35.664937 ], [ 139.599571, 35.662935 ] ], [ [ 139.601523, 35.6607 ], [ 139.600832, 35.661611 ], [ 139.599571, 35.662935 ], [ 139.601523, 35.6607 ] ], [ [ 139.597029, 35.662055 ], [ 139.598318, 35.660651 ], [ 139.5982, 35.660888 ], [ 139.59726, 35.661922 ], [ 139.597029, 35.662055 ] ], [ [ 139.598436, 35.660412 ], [ 139.598355, 35.660575 ], [ 139.59844, 35.660238 ], [ 139.598436, 35.660412 ] ], [ [ 139.59846, 35.659425 ], [ 139.598456, 35.65959 ], [ 139.598397, 35.659291 ], [ 139.59846, 35.659425 ] ], [ [ 139.594011, 35.663526 ], [ 139.593767, 35.663629 ], [ 139.592344, 35.66382 ], [ 139.594011, 35.663526 ] ], [ [ 139.590541, 35.663459 ], [ 139.59066, 35.663443 ], [ 139.592344, 35.66382 ], [ 139.590541, 35.663459 ] ], [ [ 139.590182, 35.663507 ], [ 139.590405, 35.663477 ], [ 139.590051, 35.663605 ], [ 139.590182, 35.663507 ] ], [ [ 139.597617, 35.671022 ], [ 139.597518, 35.670965 ], [ 139.593945, 35.668754 ], [ 139.597617, 35.671022 ] ], [ [ 139.59287, 35.674825 ], [ 139.592783, 35.674807 ], [ 139.592801, 35.674809 ], [ 139.59287, 35.674825 ] ], [ [ 139.59649, 35.67573 ], [ 139.595423, 35.675415 ], [ 139.596147, 35.675582 ], [ 139.59649, 35.67573 ] ], [ [ 139.601656, 35.679227 ], [ 139.600965, 35.678644 ], [ 139.601801, 35.679293 ], [ 139.601656, 35.679227 ] ], [ [ 139.598824, 35.671714 ], [ 139.600077, 35.672185 ], [ 139.599118, 35.671883 ], [ 139.598824, 35.671714 ] ], [ [ 139.588802, 35.673394 ], [ 139.589999, 35.672034 ], [ 139.588871, 35.673343 ], [ 139.588802, 35.673394 ] ], [ [ 139.595561, 35.672048 ], [ 139.594342, 35.672967 ], [ 139.594352, 35.672955 ], [ 139.595561, 35.672048 ] ], [ [ 139.594068, 35.677093 ], [ 139.594068, 35.677173 ], [ 139.594023, 35.677263 ], [ 139.594068, 35.677093 ] ], [ [ 139.613046, 35.62421 ], [ 139.613051, 35.624292 ], [ 139.613572, 35.624144 ], [ 139.613006, 35.624347 ], [ 139.613046, 35.62421 ] ], [ [ 139.615144, 35.622989 ], [ 139.614873, 35.62257 ], [ 139.615148, 35.622988 ], [ 139.613572, 35.624144 ], [ 139.615144, 35.622989 ] ], [ [ 139.615837, 35.621165 ], [ 139.618654, 35.619744 ], [ 139.615792, 35.621231 ], [ 139.615837, 35.621165 ] ], [ [ 139.616647, 35.618085 ], [ 139.613489, 35.619532 ], [ 139.613557, 35.619486 ], [ 139.616647, 35.618085 ] ], [ [ 139.60848, 35.620296 ], [ 139.608496, 35.620189 ], [ 139.608539, 35.620392 ], [ 139.60848, 35.620296 ] ], [ [ 139.608955, 35.621078 ], [ 139.608849, 35.620904 ], [ 139.609166, 35.621214 ], [ 139.608955, 35.621078 ] ], [ [ 139.610428, 35.633331 ], [ 139.610584, 35.634464 ], [ 139.610623, 35.634695 ], [ 139.610559, 35.63444 ], [ 139.610428, 35.633331 ] ], [ [ 139.610955, 35.631303 ], [ 139.610936, 35.631509 ], [ 139.610428, 35.633331 ], [ 139.610955, 35.631303 ] ], [ [ 139.613699, 35.631841 ], [ 139.613718, 35.63185 ], [ 139.610936, 35.631509 ], [ 139.613699, 35.631841 ] ], [ [ 139.615671, 35.632762 ], [ 139.615671, 35.632765 ], [ 139.615297, 35.631504 ], [ 139.615671, 35.632762 ] ], [ [ 139.619924, 35.63325 ], [ 139.617473, 35.632894 ], [ 139.620146, 35.633157 ], [ 139.619924, 35.63325 ] ], [ [ 139.620388, 35.633056 ], [ 139.620316, 35.633086 ], [ 139.620414, 35.633001 ], [ 139.620388, 35.633056 ] ], [ [ 139.611679, 35.624129 ], [ 139.61177, 35.6241 ], [ 139.612232, 35.624199 ], [ 139.611679, 35.624129 ] ], [ [ 139.612975, 35.624358 ], [ 139.612971, 35.62436 ], [ 139.611586, 35.627459 ], [ 139.611275, 35.627844 ], [ 139.612965, 35.624356 ], [ 139.612975, 35.624358 ] ], [ [ 139.613743, 35.628423 ], [ 139.613038, 35.628339 ], [ 139.611275, 35.627844 ], [ 139.613743, 35.628423 ] ], [ [ 139.614397, 35.628478 ], [ 139.614404, 35.628502 ], [ 139.613996, 35.628453 ], [ 139.616681, 35.628391 ], [ 139.614397, 35.628478 ] ], [ [ 139.619704, 35.62328 ], [ 139.618442, 35.625124 ], [ 139.618559, 35.624936 ], [ 139.61579, 35.623962 ], [ 139.618546, 35.624891 ], [ 139.619704, 35.62328 ] ], [ [ 139.608481, 35.632201 ], [ 139.608386, 35.632308 ], [ 139.608305, 35.632331 ], [ 139.608481, 35.632201 ] ], [ [ 139.608613, 35.631356 ], [ 139.608645, 35.632016 ], [ 139.608591, 35.632077 ], [ 139.608613, 35.631356 ] ], [ [ 139.608627, 35.63089 ], [ 139.608646, 35.630866 ], [ 139.60862, 35.631134 ], [ 139.608627, 35.63089 ] ], [ [ 139.609905, 35.628336 ], [ 139.609988, 35.628306 ], [ 139.609834, 35.628419 ], [ 139.609905, 35.628336 ] ], [ [ 139.610675, 35.635002 ], [ 139.610685, 35.63506 ], [ 139.61052, 35.637015 ], [ 139.610675, 35.635002 ] ], [ [ 139.613902, 35.638544 ], [ 139.614551, 35.637818 ], [ 139.614077, 35.638407 ], [ 139.613902, 35.638544 ] ], [ [ 139.618534, 35.635039 ], [ 139.616531, 35.635185 ], [ 139.615392, 35.635073 ], [ 139.616061, 35.635113 ], [ 139.618534, 35.635039 ] ], [ [ 139.619729, 35.634496 ], [ 139.619774, 35.634476 ], [ 139.619801, 35.634509 ], [ 139.619729, 35.634496 ] ], [ [ 139.605983, 35.639262 ], [ 139.607631, 35.637398 ], [ 139.606366, 35.639026 ], [ 139.605983, 35.639262 ] ], [ [ 139.608407, 35.641784 ], [ 139.607826, 35.639621 ], [ 139.608032, 35.640312 ], [ 139.608026, 35.640313 ], [ 139.608407, 35.641784 ] ], [ [ 139.607779, 35.664364 ], [ 139.608178, 35.666725 ], [ 139.608009, 35.666233 ], [ 139.607779, 35.664364 ] ], [ [ 139.623193, 35.655547 ], [ 139.623462, 35.655906 ], [ 139.62139, 35.653199 ], [ 139.621439, 35.653122 ], [ 139.623193, 35.655547 ] ], [ [ 139.62794, 35.643343 ], [ 139.624599, 35.644547 ], [ 139.623108, 35.644892 ], [ 139.625613, 35.644176 ], [ 139.62798, 35.643315 ], [ 139.62794, 35.643343 ] ], [ [ 139.624988, 35.641793 ], [ 139.625074, 35.642688 ], [ 139.625048, 35.642616 ], [ 139.625036, 35.642616 ], [ 139.624988, 35.641793 ] ], [ [ 139.618104, 35.645605 ], [ 139.619236, 35.641022 ], [ 139.619186, 35.642497 ], [ 139.619119, 35.641883 ], [ 139.617232, 35.648897 ], [ 139.618104, 35.645605 ] ], [ [ 139.611205, 35.653807 ], [ 139.611039, 35.653906 ], [ 139.611467, 35.653552 ], [ 139.611205, 35.653807 ] ], [ [ 139.612914, 35.654018 ], [ 139.611872, 35.653788 ], [ 139.615772, 35.654486 ], [ 139.612914, 35.654018 ] ], [ [ 139.615833, 35.654249 ], [ 139.615757, 35.654562 ], [ 139.615772, 35.654486 ], [ 139.615833, 35.654249 ] ], [ [ 139.613796, 35.647068 ], [ 139.613761, 35.646702 ], [ 139.613907, 35.647814 ], [ 139.613796, 35.647068 ] ], [ [ 139.615701, 35.650116 ], [ 139.614532, 35.648748 ], [ 139.613907, 35.647814 ], [ 139.615701, 35.650116 ] ], [ [ 139.616512, 35.649471 ], [ 139.614345, 35.651218 ], [ 139.615701, 35.650116 ], [ 139.616512, 35.649471 ] ], [ [ 139.613703, 35.646108 ], [ 139.613778, 35.646047 ], [ 139.613707, 35.64615 ], [ 139.613703, 35.646108 ] ], [ [ 139.609086, 35.658809 ], [ 139.611724, 35.659011 ], [ 139.611738, 35.659014 ], [ 139.609086, 35.658809 ] ], [ [ 139.61485, 35.659299 ], [ 139.615042, 35.658299 ], [ 139.614868, 35.659299 ], [ 139.61485, 35.659299 ] ], [ [ 139.607535, 35.661556 ], [ 139.607035, 35.662441 ], [ 139.607187, 35.662057 ], [ 139.607535, 35.661556 ] ], [ [ 139.60727, 35.67023 ], [ 139.608172, 35.670443 ], [ 139.607566, 35.670328 ], [ 139.60727, 35.67023 ] ], [ [ 139.609053, 35.669279 ], [ 139.608565, 35.667855 ], [ 139.609008, 35.66903 ], [ 139.609053, 35.669279 ] ], [ [ 139.606795, 35.673099 ], [ 139.606555, 35.673138 ], [ 139.606316, 35.67311 ], [ 139.606795, 35.673099 ] ], [ [ 139.63426, 35.611972 ], [ 139.63425, 35.612042 ], [ 139.633856, 35.611668 ], [ 139.633505, 35.61208 ], [ 139.633857, 35.611653 ], [ 139.63426, 35.611972 ] ], [ [ 139.632698, 35.6126 ], [ 139.632647, 35.612612 ], [ 139.633505, 35.61208 ], [ 139.632698, 35.6126 ] ], [ [ 139.634063, 35.613307 ], [ 139.634323, 35.613908 ], [ 139.634251, 35.613853 ], [ 139.634063, 35.613307 ] ], [ [ 139.62869, 35.615496 ], [ 139.628663, 35.616979 ], [ 139.628574, 35.617152 ], [ 139.62869, 35.615496 ] ], [ [ 139.629097, 35.629968 ], [ 139.627976, 35.633379 ], [ 139.630241, 35.626372 ], [ 139.629097, 35.629968 ] ], [ [ 139.628272, 35.626881 ], [ 139.627833, 35.626928 ], [ 139.630419, 35.626303 ], [ 139.630241, 35.626372 ], [ 139.628272, 35.626881 ] ], [ [ 139.62968, 35.639578 ], [ 139.632716, 35.639796 ], [ 139.631203, 35.639773 ], [ 139.629803, 35.639617 ], [ 139.629441, 35.639515 ], [ 139.62968, 35.639578 ] ], [ [ 139.632004, 35.634242 ], [ 139.631303, 35.635879 ], [ 139.62968, 35.639578 ], [ 139.632004, 35.634242 ] ], [ [ 139.630437, 35.641521 ], [ 139.63068, 35.640271 ], [ 139.630787, 35.640169 ], [ 139.630437, 35.641521 ] ], [ [ 139.624898, 35.655087 ], [ 139.624385, 35.65505 ], [ 139.62449, 35.655006 ], [ 139.624898, 35.655087 ] ], [ [ 139.625833, 35.653437 ], [ 139.625588, 35.65387 ], [ 139.625844, 35.653368 ], [ 139.625833, 35.653437 ] ], [ [ 139.630104, 35.655121 ], [ 139.630527, 35.655649 ], [ 139.630519, 35.655652 ], [ 139.629076, 35.654079 ], [ 139.630104, 35.655121 ] ], [ [ 139.630994, 35.655479 ], [ 139.630542, 35.655644 ], [ 139.635209, 35.65316 ], [ 139.630994, 35.655479 ] ], [ [ 139.634536, 35.656822 ], [ 139.634059, 35.657102 ], [ 139.634514, 35.656772 ], [ 139.634536, 35.656822 ] ], [ [ 139.624457, 35.647328 ], [ 139.624457, 35.647331 ], [ 139.622738, 35.646959 ], [ 139.622888, 35.646923 ], [ 139.624457, 35.647328 ] ], [ [ 139.625936, 35.651091 ], [ 139.625286, 35.649363 ], [ 139.624439, 35.647565 ], [ 139.625669, 35.650121 ], [ 139.625936, 35.651091 ] ], [ [ 139.627099, 35.651367 ], [ 139.627246, 35.651336 ], [ 139.627024, 35.651439 ], [ 139.627099, 35.651367 ] ], [ [ 139.62786, 35.651209 ], [ 139.629957, 35.650772 ], [ 139.629924, 35.650803 ], [ 139.62786, 35.651209 ] ], [ [ 139.624987, 35.6462 ], [ 139.625114, 35.646199 ], [ 139.624529, 35.646362 ], [ 139.624987, 35.6462 ] ], [ [ 139.626652, 35.646188 ], [ 139.626235, 35.646259 ], [ 139.62533, 35.646197 ], [ 139.626652, 35.646188 ] ], [ [ 139.62861, 35.645851 ], [ 139.628594, 35.645856 ], [ 139.628402, 35.645889 ], [ 139.62861, 35.645851 ] ], [ [ 139.632448, 35.648376 ], [ 139.632623, 35.648357 ], [ 139.632096, 35.648613 ], [ 139.632448, 35.648376 ] ], [ [ 139.635048, 35.648122 ], [ 139.634334, 35.648172 ], [ 139.634809, 35.64812 ], [ 139.636188, 35.647808 ], [ 139.635048, 35.648122 ] ], [ [ 139.624788, 35.660119 ], [ 139.624974, 35.659855 ], [ 139.62421, 35.66131 ], [ 139.624788, 35.660119 ] ], [ [ 139.623593, 35.662051 ], [ 139.622673, 35.662837 ], [ 139.62421, 35.66131 ], [ 139.623593, 35.662051 ] ], [ [ 139.630098, 35.662264 ], [ 139.630876, 35.660799 ], [ 139.630338, 35.661937 ], [ 139.630098, 35.662264 ] ], [ [ 139.626835, 35.657374 ], [ 139.62841, 35.656433 ], [ 139.626029, 35.658016 ], [ 139.626835, 35.657374 ] ], [ [ 139.629988, 35.660251 ], [ 139.629949, 35.660227 ], [ 139.628828, 35.657969 ], [ 139.629988, 35.660251 ] ], [ [ 139.629943, 35.655862 ], [ 139.628461, 35.656403 ], [ 139.628708, 35.656255 ], [ 139.629943, 35.655862 ] ], [ [ 139.636216, 35.6615 ], [ 139.636333, 35.663402 ], [ 139.636315, 35.663438 ], [ 139.636216, 35.6615 ] ], [ [ 139.636107, 35.664443 ], [ 139.636141, 35.664466 ], [ 139.635099, 35.665819 ], [ 139.636107, 35.664443 ] ], [ [ 139.629243, 35.667874 ], [ 139.626742, 35.668229 ], [ 139.627013, 35.668188 ], [ 139.629245, 35.667858 ], [ 139.629243, 35.667874 ] ], [ [ 139.641477, 35.638405 ], [ 139.63828, 35.632941 ], [ 139.638931, 35.634002 ], [ 139.641477, 35.638405 ] ], [ [ 139.642959, 35.640274 ], [ 139.643898, 35.637657 ], [ 139.642962, 35.640279 ], [ 139.641477, 35.638405 ], [ 139.642959, 35.640274 ] ], [ [ 139.648196, 35.66028 ], [ 139.647681, 35.662422 ], [ 139.647424, 35.663024 ], [ 139.648194, 35.660284 ], [ 139.648196, 35.66028 ] ], [ [ 139.65418, 35.661153 ], [ 139.653229, 35.660948 ], [ 139.654629, 35.66118 ], [ 139.65418, 35.661153 ] ], [ [ 139.654741, 35.661157 ], [ 139.655521, 35.661233 ], [ 139.654725, 35.661186 ], [ 139.655185, 35.660148 ], [ 139.654741, 35.661157 ] ], [ [ 139.656435, 35.661602 ], [ 139.656462, 35.661645 ], [ 139.655521, 35.661233 ], [ 139.656435, 35.661602 ] ], [ [ 139.653243, 35.652349 ], [ 139.652806, 35.652351 ], [ 139.652907, 35.652326 ], [ 139.653243, 35.652349 ] ], [ [ 139.655397, 35.652631 ], [ 139.65452, 35.652438 ], [ 139.654629, 35.652446 ], [ 139.655397, 35.652631 ] ], [ [ 139.657538, 35.651649 ], [ 139.657588, 35.651639 ], [ 139.655397, 35.652631 ], [ 139.657538, 35.651649 ] ], [ [ 139.654437, 35.649926 ], [ 139.654444, 35.649926 ], [ 139.654629, 35.652446 ], [ 139.654437, 35.649926 ] ], [ [ 139.653949, 35.649053 ], [ 139.654125, 35.648689 ], [ 139.654031, 35.649075 ], [ 139.65403, 35.649072 ], [ 139.653949, 35.649053 ] ], [ [ 139.653381, 35.648834 ], [ 139.653705, 35.648997 ], [ 139.652795, 35.648788 ], [ 139.653381, 35.648834 ] ], [ [ 139.651404, 35.64889 ], [ 139.651491, 35.648966 ], [ 139.65145, 35.648963 ], [ 139.651404, 35.64889 ] ], [ [ 139.65043, 35.642712 ], [ 139.650433, 35.642712 ], [ 139.650371, 35.644159 ], [ 139.650318, 35.643993 ], [ 139.65043, 35.642712 ] ], [ [ 139.654771, 35.64196 ], [ 139.654875, 35.642249 ], [ 139.655428, 35.643761 ], [ 139.654879, 35.642277 ], [ 139.654221, 35.642333 ], [ 139.654866, 35.642269 ], [ 139.654771, 35.64196 ] ], [ [ 139.655061, 35.643833 ], [ 139.653073, 35.644048 ], [ 139.655428, 35.643761 ], [ 139.655061, 35.643833 ] ], [ [ 139.654401, 35.640211 ], [ 139.654434, 35.640857 ], [ 139.654335, 35.640532 ], [ 139.654401, 35.640211 ] ], [ [ 139.655923, 35.637349 ], [ 139.654467, 35.639888 ], [ 139.654471, 35.639869 ], [ 139.655923, 35.637349 ] ], [ [ 139.655795, 35.637273 ], [ 139.658288, 35.638404 ], [ 139.661181, 35.639934 ], [ 139.655923, 35.637349 ], [ 139.655795, 35.637273 ] ], [ [ 139.648625, 35.635369 ], [ 139.648842, 35.635114 ], [ 139.648272, 35.636153 ], [ 139.64614, 35.639968 ], [ 139.648625, 35.635369 ] ], [ [ 139.650629, 35.631133 ], [ 139.650606, 35.631734 ], [ 139.650511, 35.631958 ], [ 139.650627, 35.631134 ], [ 139.650629, 35.631133 ] ], [ [ 139.653809, 35.630295 ], [ 139.650914, 35.631037 ], [ 139.651857, 35.630719 ], [ 139.653809, 35.630295 ] ], [ [ 139.652523, 35.629862 ], [ 139.656563, 35.631002 ], [ 139.653809, 35.630295 ], [ 139.652523, 35.629862 ] ], [ [ 139.666502, 35.600237 ], [ 139.663415, 35.600926 ], [ 139.660462, 35.601492 ], [ 139.666502, 35.600237 ] ], [ [ 139.671692, 35.599536 ], [ 139.671576, 35.599547 ], [ 139.669089, 35.599699 ], [ 139.669406, 35.599633 ], [ 139.671692, 35.599536 ] ], [ [ 139.646797, 35.643227 ], [ 139.646229, 35.643638 ], [ 139.646784, 35.64323 ], [ 139.646752, 35.643081 ], [ 139.646797, 35.643227 ] ], [ [ 139.647801, 35.642938 ], [ 139.643812, 35.641387 ], [ 139.647903, 35.642949 ], [ 139.646752, 35.643081 ], [ 139.647801, 35.642938 ] ], [ [ 139.655597, 35.62543 ], [ 139.654821, 35.62314 ], [ 139.655527, 35.625116 ], [ 139.655597, 35.62543 ] ], [ [ 139.65301, 35.617545 ], [ 139.6526, 35.612565 ], [ 139.652959, 35.61583 ], [ 139.65301, 35.617545 ] ], [ [ 139.654867, 35.612535 ], [ 139.654135, 35.612215 ], [ 139.652436, 35.611078 ], [ 139.650705, 35.609885 ], [ 139.653677, 35.611902 ], [ 139.654867, 35.612535 ] ], [ [ 139.653213, 35.607098 ], [ 139.648934, 35.608073 ], [ 139.648081, 35.608242 ], [ 139.648666, 35.608075 ], [ 139.653213, 35.607098 ] ], [ [ 139.638547, 35.62095 ], [ 139.643726, 35.623614 ], [ 139.638269, 35.620824 ], [ 139.638547, 35.62095 ] ], [ [ 139.640725, 35.606822 ], [ 139.640689, 35.606832 ], [ 139.643886, 35.600093 ], [ 139.640725, 35.606822 ] ], [ [ 139.642401, 35.606378 ], [ 139.640847, 35.60679 ], [ 139.645499, 35.605468 ], [ 139.642401, 35.606378 ] ], [ [ 139.645854, 35.604319 ], [ 139.6455, 35.605471 ], [ 139.645499, 35.605468 ], [ 139.645854, 35.604319 ] ], [ [ 139.646436, 35.604057 ], [ 139.646403, 35.604116 ], [ 139.645854, 35.604319 ], [ 139.646436, 35.604057 ] ], [ [ 139.646517, 35.608051 ], [ 139.646558, 35.607931 ], [ 139.646578, 35.607991 ], [ 139.646517, 35.608051 ] ], [ [ 139.645728, 35.608375 ], [ 139.646401, 35.608165 ], [ 139.64628, 35.608284 ], [ 139.645728, 35.608375 ] ], [ [ 139.646964, 35.608606 ], [ 139.646135, 35.608796 ], [ 139.647037, 35.608539 ], [ 139.646964, 35.608606 ] ], [ [ 139.645083, 35.598695 ], [ 139.645195, 35.598819 ], [ 139.645208, 35.599088 ], [ 139.645083, 35.598695 ] ], [ [ 139.64524, 35.599759 ], [ 139.645265, 35.600271 ], [ 139.645218, 35.600221 ], [ 139.64524, 35.599759 ] ], [ [ 139.643988, 35.609408 ], [ 139.640534, 35.611041 ], [ 139.640676, 35.610955 ], [ 139.643988, 35.609408 ] ], [ [ 139.648102, 35.613675 ], [ 139.648473, 35.614197 ], [ 139.648425, 35.614195 ], [ 139.648127, 35.613768 ], [ 139.648102, 35.613675 ] ], [ [ 139.646205, 35.616833 ], [ 139.646058, 35.618041 ], [ 139.646272, 35.616206 ], [ 139.646205, 35.616833 ] ], [ [ 139.648693, 35.614506 ], [ 139.649235, 35.615886 ], [ 139.648521, 35.614265 ], [ 139.648693, 35.614506 ] ], [ [ 139.642919, 35.631321 ], [ 139.642807, 35.631282 ], [ 139.643412, 35.63139 ], [ 139.642919, 35.631321 ] ], [ [ 139.645847, 35.633828 ], [ 139.64587, 35.633829 ], [ 139.6459, 35.633853 ], [ 139.645847, 35.633828 ] ], [ [ 139.645697, 35.631712 ], [ 139.646972, 35.631732 ], [ 139.646034, 35.63176 ], [ 139.645697, 35.631712 ] ], [ [ 139.648921, 35.631641 ], [ 139.648797, 35.631679 ], [ 139.648602, 35.631685 ], [ 139.648921, 35.631641 ] ], [ [ 139.64633, 35.654246 ], [ 139.646326, 35.654067 ], [ 139.646462, 35.653519 ], [ 139.64633, 35.654246 ] ], [ [ 139.646102, 35.654879 ], [ 139.646259, 35.654637 ], [ 139.646247, 35.654706 ], [ 139.646102, 35.654879 ] ], [ [ 139.64385, 35.657044 ], [ 139.645518, 35.655576 ], [ 139.6454, 35.655716 ], [ 139.643271, 35.657623 ], [ 139.643794, 35.657106 ], [ 139.643172, 35.657079 ], [ 139.64385, 35.657044 ] ], [ [ 139.648565, 35.655923 ], [ 139.647021, 35.656219 ], [ 139.648563, 35.655888 ], [ 139.648565, 35.655923 ] ], [ [ 139.638332, 35.646355 ], [ 139.638613, 35.646292 ], [ 139.639092, 35.646398 ], [ 139.638332, 35.646355 ] ], [ [ 139.639535, 35.646206 ], [ 139.639564, 35.646193 ], [ 139.639919, 35.646192 ], [ 139.639535, 35.646206 ] ], [ [ 139.641142, 35.646191 ], [ 139.641511, 35.64619 ], [ 139.642066, 35.646392 ], [ 139.641142, 35.646191 ] ], [ [ 139.64401, 35.646799 ], [ 139.64403, 35.646819 ], [ 139.642762, 35.646543 ], [ 139.642892, 35.646506 ], [ 139.64401, 35.646799 ] ], [ [ 139.644624, 35.647411 ], [ 139.645989, 35.646327 ], [ 139.644784, 35.647326 ], [ 139.644624, 35.647411 ] ], [ [ 139.648208, 35.650554 ], [ 139.649267, 35.650334 ], [ 139.649175, 35.650425 ], [ 139.648208, 35.650554 ] ], [ [ 139.649336, 35.650264 ], [ 139.649328, 35.650181 ], [ 139.649347, 35.650254 ], [ 139.649336, 35.650264 ] ], [ [ 139.647986, 35.645169 ], [ 139.647176, 35.645186 ], [ 139.647243, 35.645173 ], [ 139.647986, 35.645169 ] ], [ [ 139.646769, 35.645267 ], [ 139.646595, 35.645404 ], [ 139.646673, 35.645286 ], [ 139.646769, 35.645267 ] ], [ [ 139.645657, 35.65051 ], [ 139.643493, 35.650987 ], [ 139.643391, 35.650974 ], [ 139.645657, 35.65051 ] ], [ [ 139.649293, 35.651578 ], [ 139.649251, 35.651535 ], [ 139.649241, 35.651385 ], [ 139.649293, 35.651578 ] ], [ [ 139.645401, 35.659822 ], [ 139.641898, 35.659841 ], [ 139.640242, 35.659834 ], [ 139.641853, 35.659804 ], [ 139.645401, 35.659822 ] ], [ [ 139.642075, 35.663447 ], [ 139.642079, 35.663764 ], [ 139.641898, 35.659841 ], [ 139.642075, 35.663447 ] ], [ [ 139.642148, 35.658863 ], [ 139.642208, 35.658673 ], [ 139.642332, 35.65855 ], [ 139.642148, 35.658863 ] ], [ [ 139.642097, 35.66524 ], [ 139.642099, 35.665431 ], [ 139.641847, 35.665695 ], [ 139.642097, 35.66524 ] ], [ [ 139.656532, 35.602308 ], [ 139.656635, 35.602288 ], [ 139.652041, 35.603763 ], [ 139.656532, 35.602308 ] ], [ [ 139.659206, 35.610619 ], [ 139.654007, 35.611663 ], [ 139.654766, 35.611507 ], [ 139.659206, 35.610619 ] ], [ [ 139.658558, 35.613663 ], [ 139.660952, 35.613875 ], [ 139.660278, 35.613881 ], [ 139.658558, 35.613663 ] ], [ [ 139.657036, 35.624682 ], [ 139.657119, 35.624647 ], [ 139.659026, 35.625151 ], [ 139.657036, 35.624682 ] ], [ [ 139.656172, 35.628117 ], [ 139.655901, 35.626798 ], [ 139.656058, 35.627505 ], [ 139.656172, 35.628117 ] ], [ [ 139.656805, 35.624779 ], [ 139.656067, 35.625633 ], [ 139.656633, 35.624851 ], [ 139.656805, 35.624779 ] ], [ [ 139.665467, 35.665005 ], [ 139.665631, 35.665918 ], [ 139.665469, 35.665091 ], [ 139.665475, 35.665087 ], [ 139.665467, 35.665005 ] ], [ [ 139.667709, 35.664141 ], [ 139.667653, 35.664185 ], [ 139.665467, 35.665005 ], [ 139.667709, 35.664141 ] ], [ [ 139.665342, 35.663783 ], [ 139.665848, 35.66193 ], [ 139.66569, 35.662869 ], [ 139.665342, 35.663783 ] ], [ [ 139.665876, 35.661763 ], [ 139.665874, 35.661629 ], [ 139.665893, 35.661661 ], [ 139.665876, 35.661763 ] ], [ [ 139.665507, 35.66102 ], [ 139.664582, 35.659697 ], [ 139.664806, 35.659853 ], [ 139.665507, 35.66102 ] ], [ [ 139.664516, 35.659601 ], [ 139.664486, 35.659559 ], [ 139.664783, 35.659187 ], [ 139.664516, 35.659601 ] ], [ [ 139.665784, 35.645879 ], [ 139.665343, 35.646929 ], [ 139.665777, 35.645889 ], [ 139.665752, 35.645877 ], [ 139.665784, 35.645879 ] ], [ [ 139.665957, 35.644452 ], [ 139.665874, 35.64591 ], [ 139.665784, 35.645879 ], [ 139.665957, 35.644452 ] ], [ [ 139.66292, 35.643209 ], [ 139.662788, 35.643207 ], [ 139.662639, 35.643158 ], [ 139.66292, 35.643209 ] ], [ [ 139.669281, 35.641169 ], [ 139.668218, 35.639757 ], [ 139.667124, 35.63825 ], [ 139.668319, 35.639876 ], [ 139.669281, 35.641169 ] ], [ [ 139.664803, 35.63546 ], [ 139.661199, 35.633053 ], [ 139.664603, 35.635281 ], [ 139.664803, 35.63546 ] ], [ [ 139.659053, 35.63652 ], [ 139.661202, 35.633045 ], [ 139.661199, 35.633053 ], [ 139.659053, 35.63652 ] ], [ [ 139.660691, 35.646586 ], [ 139.660716, 35.646073 ], [ 139.660918, 35.642591 ], [ 139.660691, 35.646586 ] ], [ [ 139.657871, 35.641841 ], [ 139.658871, 35.64195 ], [ 139.660918, 35.642591 ], [ 139.657871, 35.641841 ] ], [ [ 139.659962, 35.655963 ], [ 139.660033, 35.655188 ], [ 139.660024, 35.657951 ], [ 139.659962, 35.655963 ] ], [ [ 139.660036, 35.655155 ], [ 139.660036, 35.655154 ], [ 139.66127, 35.654555 ], [ 139.661699, 35.654473 ], [ 139.660036, 35.655155 ] ], [ [ 139.662162, 35.654384 ], [ 139.662257, 35.654417 ], [ 139.662051, 35.654405 ], [ 139.662162, 35.654384 ] ], [ [ 139.655526, 35.632566 ], [ 139.655008, 35.63381 ], [ 139.654903, 35.63406 ], [ 139.655501, 35.632604 ], [ 139.655526, 35.632566 ] ], [ [ 139.656158, 35.667899 ], [ 139.655897, 35.668662 ], [ 139.656156, 35.667898 ], [ 139.656158, 35.667899 ] ], [ [ 139.657245, 35.665605 ], [ 139.661068, 35.667702 ], [ 139.661095, 35.66772 ], [ 139.660383, 35.667353 ], [ 139.657245, 35.665605 ] ], [ [ 139.660521, 35.664368 ], [ 139.660523, 35.664342 ], [ 139.660775, 35.665873 ], [ 139.661068, 35.667702 ], [ 139.660521, 35.664368 ] ], [ [ 139.662753, 35.667205 ], [ 139.6613, 35.666462 ], [ 139.662851, 35.667157 ], [ 139.662753, 35.667205 ] ], [ [ 139.664542, 35.665751 ], [ 139.663382, 35.666893 ], [ 139.664451, 35.665815 ], [ 139.664542, 35.665751 ] ], [ [ 139.656731, 35.662078 ], [ 139.657008, 35.662523 ], [ 139.657336, 35.663361 ], [ 139.656731, 35.662078 ] ], [ [ 139.660389, 35.662476 ], [ 139.660399, 35.662553 ], [ 139.660245, 35.662551 ], [ 139.660241, 35.662523 ], [ 139.657008, 35.662523 ], [ 139.660389, 35.662476 ] ], [ [ 139.655938, 35.663729 ], [ 139.65537, 35.663397 ], [ 139.655871, 35.663681 ], [ 139.655886, 35.663678 ], [ 139.655938, 35.663729 ] ], [ [ 139.653807, 35.665977 ], [ 139.653987, 35.66521 ], [ 139.653993, 35.665211 ], [ 139.654464, 35.66332 ], [ 139.653807, 35.665977 ] ], [ [ 139.660535, 35.663829 ], [ 139.660442, 35.663852 ], [ 139.660277, 35.66276 ], [ 139.660535, 35.663829 ] ], [ [ 139.66063, 35.664221 ], [ 139.660531, 35.664235 ], [ 139.660555, 35.663912 ], [ 139.66063, 35.664221 ] ], [ [ 139.656809, 35.664729 ], [ 139.656369, 35.664154 ], [ 139.656672, 35.664453 ], [ 139.656809, 35.664729 ] ], [ [ 139.66152, 35.669117 ], [ 139.661285, 35.667845 ], [ 139.661312, 35.667862 ], [ 139.66152, 35.669117 ] ], [ [ 139.667356, 35.645895 ], [ 139.666175, 35.646013 ], [ 139.665965, 35.645941 ], [ 139.667356, 35.645895 ] ], [ [ 139.671046, 35.643586 ], [ 139.67034, 35.64552 ], [ 139.670169, 35.645785 ], [ 139.671046, 35.643586 ] ], [ [ 139.672595, 35.644221 ], [ 139.672665, 35.64426 ], [ 139.671046, 35.643586 ], [ 139.672595, 35.644221 ] ], [ [ 139.668809, 35.634387 ], [ 139.665684, 35.636226 ], [ 139.670191, 35.63342 ], [ 139.668809, 35.634387 ] ], [ [ 139.671634, 35.634935 ], [ 139.671861, 35.635184 ], [ 139.671208, 35.634632 ], [ 139.670191, 35.63342 ], [ 139.671634, 35.634935 ] ], [ [ 139.674061, 35.638037 ], [ 139.672794, 35.636206 ], [ 139.673171, 35.63662 ], [ 139.674061, 35.638037 ] ], [ [ 139.67429, 35.638403 ], [ 139.672874, 35.638815 ], [ 139.672418, 35.638896 ], [ 139.67429, 35.638402 ], [ 139.67429, 35.638403 ] ], [ [ 139.674407, 35.638571 ], [ 139.677169, 35.6377 ], [ 139.677182, 35.637728 ], [ 139.67785, 35.637614 ], [ 139.674407, 35.638572 ], [ 139.674407, 35.638571 ] ], [ [ 139.678923, 35.637899 ], [ 139.679042, 35.637959 ], [ 139.67785, 35.637614 ], [ 139.678923, 35.637899 ] ], [ [ 139.680106, 35.638586 ], [ 139.679862, 35.638375 ], [ 139.680274, 35.638584 ], [ 139.680106, 35.638586 ] ], [ [ 139.680422, 35.638582 ], [ 139.680394, 35.638582 ], [ 139.680715, 35.638318 ], [ 139.680422, 35.638582 ] ], [ [ 139.681374, 35.637896 ], [ 139.68102, 35.638068 ], [ 139.681058, 35.638036 ], [ 139.681374, 35.637896 ] ], [ [ 139.682597, 35.637474 ], [ 139.682154, 35.63755 ], [ 139.682297, 35.637486 ], [ 139.682597, 35.637474 ] ], [ [ 139.677573, 35.632799 ], [ 139.676603, 35.631838 ], [ 139.679117, 35.634301 ], [ 139.682297, 35.637486 ], [ 139.677573, 35.632799 ] ], [ [ 139.683216, 35.637515 ], [ 139.682959, 35.637459 ], [ 139.683091, 35.637454 ], [ 139.683216, 35.637515 ] ], [ [ 139.685188, 35.638506 ], [ 139.684422, 35.638104 ], [ 139.685065, 35.638418 ], [ 139.685188, 35.638506 ] ], [ [ 139.674637, 35.640666 ], [ 139.673603, 35.641262 ], [ 139.673777, 35.641083 ], [ 139.674637, 35.640666 ] ], [ [ 139.670239, 35.642443 ], [ 139.671123, 35.643321 ], [ 139.671121, 35.643328 ], [ 139.670313, 35.642541 ], [ 139.670239, 35.642443 ] ], [ [ 139.672622, 35.653782 ], [ 139.668477, 35.654359 ], [ 139.669023, 35.654225 ], [ 139.672622, 35.653782 ] ], [ [ 139.673656, 35.654864 ], [ 139.673514, 35.654826 ], [ 139.672622, 35.653782 ], [ 139.673656, 35.654864 ] ], [ [ 139.67626, 35.65541 ], [ 139.676054, 35.655397 ], [ 139.674436, 35.655071 ], [ 139.674279, 35.655029 ], [ 139.67626, 35.65541 ] ], [ [ 139.67189, 35.648767 ], [ 139.672291, 35.649078 ], [ 139.672243, 35.649057 ], [ 139.67189, 35.648767 ] ], [ [ 139.679794, 35.652059 ], [ 139.678909, 35.651769 ], [ 139.676872, 35.650869 ], [ 139.67748, 35.651093 ], [ 139.679794, 35.652059 ] ], [ [ 139.670024, 35.651324 ], [ 139.670163, 35.651394 ], [ 139.668254, 35.651005 ], [ 139.670024, 35.651324 ] ], [ [ 139.670696, 35.651661 ], [ 139.671207, 35.65216 ], [ 139.670348, 35.651487 ], [ 139.670696, 35.651661 ] ], [ [ 139.676294, 35.65384 ], [ 139.676172, 35.653853 ], [ 139.677458, 35.653214 ], [ 139.676294, 35.65384 ] ], [ [ 139.665849, 35.659677 ], [ 139.666497, 35.659644 ], [ 139.666394, 35.659684 ], [ 139.665849, 35.659677 ] ], [ [ 139.667852, 35.657805 ], [ 139.668281, 35.658475 ], [ 139.668427, 35.658951 ], [ 139.667852, 35.657805 ] ], [ [ 139.668298, 35.657615 ], [ 139.670798, 35.65703 ], [ 139.667852, 35.657805 ], [ 139.668298, 35.657615 ] ], [ [ 139.675181, 35.659048 ], [ 139.675182, 35.658846 ], [ 139.675339, 35.659457 ], [ 139.675181, 35.659048 ] ], [ [ 139.670146, 35.6624 ], [ 139.670096, 35.662457 ], [ 139.669475, 35.661292 ], [ 139.670146, 35.6624 ] ] ] } },
{ "type": "Feature", "properties": { "ward": "中央区" }, "geometry": { "type": "MultiPolygon", "coordinates": [ [ [ [ 139.771626, 35.652576 ], [ 139.768361, 35.650352 ], [ 139.767638, 35.651062 ], [ 139.76734, 35.651051 ], [ 139.767084, 35.653395 ], [ 139.767394, 35.65342 ], [ 139.76722, 35.655218 ], [ 139.768092, 35.655796 ], [ 139.769635, 35.654272 ], [ 139.770638, 35.654949 ], [ 139.771755, 35.653926 ], [ 139.770928, 35.654738 ], [ 139.768877, 35.656709 ], [ 139.769442, 35.65709 ], [ 139.769288, 35.657223 ], [ 139.769424, 35.657314 ], [ 139.76947, 35.657113 ], [ 139.770449, 35.657772 ], [ 139.770142, 35.657858 ], [ 139.770314, 35.657977 ], [ 139.770477, 35.657791 ], [ 139.771053, 35.658204 ], [ 139.770935, 35.658329 ], [ 139.770801, 35.658231 ], [ 139.770845, 35.658332 ], [ 139.771045, 35.658453 ], [ 139.770947, 35.658335 ], [ 139.771066, 35.658216 ], [ 139.771697, 35.658635 ], [ 139.771484, 35.658739 ], [ 139.771623, 35.658835 ], [ 139.771722, 35.658644 ], [ 139.772129, 35.658942 ], [ 139.774549, 35.660594 ], [ 139.776918, 35.662218 ], [ 139.779339, 35.66395 ], [ 139.78013, 35.664795 ], [ 139.781746, 35.666507 ], [ 139.781839, 35.667125 ], [ 139.782361, 35.668389 ], [ 139.782276, 35.668826 ], [ 139.782699, 35.669788 ], [ 139.784594, 35.670984 ], [ 139.786052, 35.671692 ], [ 139.78685, 35.66999 ], [ 139.786971, 35.670014 ], [ 139.786938, 35.669743 ], [ 139.787221, 35.669697 ], [ 139.787005, 35.669571 ], [ 139.787163, 35.669226 ], [ 139.787495, 35.666407 ], [ 139.787698, 35.666229 ], [ 139.787451, 35.664257 ], [ 139.787524, 35.662867 ], [ 139.787375, 35.662496 ], [ 139.78654, 35.663205 ], [ 139.786309, 35.663042 ], [ 139.78453, 35.66097 ], [ 139.784317, 35.660887 ], [ 139.780722, 35.658544 ], [ 139.778284, 35.656895 ], [ 139.775815, 35.655199 ], [ 139.774135, 35.65692 ], [ 139.775807, 35.655205 ], [ 139.775338, 35.654883 ], [ 139.775499, 35.654723 ], [ 139.775295, 35.654585 ], [ 139.775169, 35.654704 ], [ 139.773159, 35.653317 ], [ 139.772153, 35.654202 ], [ 139.773027, 35.653323 ], [ 139.771754, 35.652455 ], [ 139.771626, 35.652576 ] ] ], [ [ [ 139.767515, 35.658806 ], [ 139.767423, 35.658347 ], [ 139.764745, 35.656378 ], [ 139.764271, 35.656638 ], [ 139.764039, 35.656367 ], [ 139.763822, 35.656473 ], [ 139.76507, 35.657393 ], [ 139.765454, 35.657073 ], [ 139.767121, 35.658303 ], [ 139.767127, 35.658599 ], [ 139.767515, 35.658806 ] ] ], [ [ [ 139.763456, 35.663247 ], [ 139.762943, 35.663603 ], [ 139.763282, 35.664217 ], [ 139.763175, 35.665329 ], [ 139.762249, 35.667154 ], [ 139.758492, 35.668376 ], [ 139.758546, 35.668631 ], [ 139.759471, 35.670425 ], [ 139.760087, 35.671527 ], [ 139.760395, 35.672076 ], [ 139.760907, 35.672533 ], [ 139.762659, 35.672964 ], [ 139.763802, 35.673318 ], [ 139.764161, 35.673643 ], [ 139.764715, 35.674459 ], [ 139.765268, 35.675264 ], [ 139.765745, 35.675962 ], [ 139.768778, 35.680483 ], [ 139.770205, 35.682527 ], [ 139.770643, 35.683416 ], [ 139.770646, 35.683829 ], [ 139.770806, 35.683791 ], [ 139.770993, 35.68433 ], [ 139.770856, 35.684366 ], [ 139.770908, 35.684633 ], [ 139.770808, 35.685299 ], [ 139.770449, 35.6861 ], [ 139.769572, 35.687223 ], [ 139.768385, 35.688541 ], [ 139.768128, 35.688603 ], [ 139.771048, 35.689574 ], [ 139.772379, 35.690019 ], [ 139.77661, 35.691455 ], [ 139.778761, 35.692353 ], [ 139.779949, 35.693191 ], [ 139.781273, 35.691769 ], [ 139.78241, 35.690473 ], [ 139.782951, 35.689851 ], [ 139.784435, 35.690786 ], [ 139.785812, 35.688666 ], [ 139.78465, 35.687898 ], [ 139.789166, 35.690841 ], [ 139.790319, 35.689311 ], [ 139.792073, 35.68746 ], [ 139.793107, 35.68607 ], [ 139.793176, 35.685087 ], [ 139.793028, 35.684408 ], [ 139.792779, 35.683578 ], [ 139.79231, 35.682835 ], [ 139.790668, 35.681047 ], [ 139.789924, 35.681644 ], [ 139.790682, 35.68103 ], [ 139.787779, 35.676923 ], [ 139.786634, 35.677485 ], [ 139.786492, 35.677303 ], [ 139.786842, 35.676843 ], [ 139.786599, 35.676625 ], [ 139.787452, 35.676437 ], [ 139.787335, 35.676219 ], [ 139.786537, 35.676394 ], [ 139.786309, 35.674948 ], [ 139.785534, 35.673951 ], [ 139.784689, 35.672942 ], [ 139.783006, 35.671945 ], [ 139.782748, 35.671976 ], [ 139.782131, 35.672607 ], [ 139.781754, 35.672443 ], [ 139.781583, 35.672879 ], [ 139.781364, 35.672964 ], [ 139.780697, 35.67382 ], [ 139.772702, 35.674043 ], [ 139.776535, 35.673888 ], [ 139.778577, 35.673833 ], [ 139.780295, 35.67382 ], [ 139.7803, 35.673493 ], [ 139.780721, 35.673388 ], [ 139.781074, 35.672907 ], [ 139.781326, 35.673009 ], [ 139.781396, 35.672908 ], [ 139.781144, 35.672802 ], [ 139.781427, 35.671682 ], [ 139.781077, 35.67016 ], [ 139.780406, 35.668815 ], [ 139.779068, 35.666321 ], [ 139.777345, 35.664737 ], [ 139.776878, 35.664582 ], [ 139.777116, 35.664733 ], [ 139.775486, 35.663927 ], [ 139.773834, 35.663032 ], [ 139.772855, 35.662194 ], [ 139.772522, 35.66212 ], [ 139.770206, 35.664292 ], [ 139.767705, 35.666623 ], [ 139.772637, 35.661983 ], [ 139.77071, 35.660422 ], [ 139.770866, 35.660278 ], [ 139.769402, 35.659307 ], [ 139.769125, 35.659575 ], [ 139.768843, 35.65937 ], [ 139.767661, 35.658536 ], [ 139.767677, 35.658803 ], [ 139.768724, 35.659456 ], [ 139.768964, 35.659636 ], [ 139.763693, 35.663396 ], [ 139.763998, 35.663698 ], [ 139.763456, 35.663247 ] ], [ [ 139.765952, 35.665619 ], [ 139.764111, 35.667143 ], [ 139.759471, 35.670425 ], [ 139.765952, 35.665619 ] ], [ [ 139.765909, 35.665573 ], [ 139.766979, 35.666404 ], [ 139.765952, 35.665619 ], [ 139.765909, 35.665573 ] ], [ [ 139.783363, 35.687032 ], [ 139.78195, 35.686168 ], [ 139.782285, 35.686325 ], [ 139.784714, 35.687839 ], [ 139.78465, 35.687898 ], [ 139.783363, 35.687032 ] ], [ [ 139.771784, 35.665401 ], [ 139.771757, 35.665429 ], [ 139.770206, 35.664292 ], [ 139.771784, 35.665401 ] ], [ [ 139.777641, 35.688935 ], [ 139.777757, 35.688657 ], [ 139.777358, 35.689638 ], [ 139.777641, 35.688935 ] ], [ [ 139.779473, 35.68957 ], [ 139.779957, 35.689878 ], [ 139.777757, 35.688657 ], [ 139.779473, 35.68957 ] ], [ [ 139.776895, 35.688036 ], [ 139.778462, 35.688579 ], [ 139.777873, 35.688379 ], [ 139.776895, 35.688036 ] ], [ [ 139.777199, 35.68731 ], [ 139.777308, 35.687058 ], [ 139.776895, 35.688036 ], [ 139.777199, 35.68731 ] ], [ [ 139.774468, 35.684045 ], [ 139.777088, 35.684305 ], [ 139.77691, 35.684306 ], [ 139.774468, 35.684045 ] ], [ [ 139.778248, 35.684297 ], [ 139.778248, 35.684302 ], [ 139.778217, 35.684302 ], [ 139.778248, 35.684297 ] ], [ [ 139.778648, 35.684027 ], [ 139.778648, 35.684028 ], [ 139.778248, 35.684297 ], [ 139.778648, 35.684027 ] ], [ [ 139.772403, 35.683045 ], [ 139.776698, 35.681337 ], [ 139.776699, 35.68134 ], [ 139.772403, 35.683045 ] ], [ [ 139.775585, 35.679484 ], [ 139.775105, 35.678687 ], [ 139.775508, 35.678518 ], [ 139.77512, 35.678682 ], [ 139.775868, 35.67994 ], [ 139.775585, 35.679484 ] ], [ [ 139.770392, 35.679816 ], [ 139.774738, 35.678032 ], [ 139.779017, 35.676406 ], [ 139.774722, 35.678052 ], [ 139.770392, 35.679816 ] ], [ [ 139.77131, 35.681283 ], [ 139.771948, 35.682316 ], [ 139.770392, 35.679816 ], [ 139.77131, 35.681283 ] ], [ [ 139.778843, 35.676198 ], [ 139.780068, 35.677639 ], [ 139.779386, 35.676847 ], [ 139.779017, 35.676406 ], [ 139.778843, 35.676198 ] ], [ [ 139.774806, 35.670085 ], [ 139.773936, 35.669196 ], [ 139.774821, 35.670096 ], [ 139.774821, 35.670097 ], [ 139.774806, 35.670085 ] ], [ [ 139.771765, 35.67142 ], [ 139.773103, 35.670762 ], [ 139.774806, 35.670085 ], [ 139.771765, 35.67142 ] ], [ [ 139.772145, 35.6725 ], [ 139.772193, 35.672709 ], [ 139.771765, 35.67142 ], [ 139.772145, 35.6725 ] ], [ [ 139.771221, 35.671573 ], [ 139.771681, 35.671346 ], [ 139.771765, 35.67142 ], [ 139.771221, 35.671573 ] ], [ [ 139.774911, 35.668306 ], [ 139.775396, 35.669675 ], [ 139.775366, 35.669835 ], [ 139.774911, 35.668306 ] ], [ [ 139.773013, 35.666265 ], [ 139.773086, 35.666316 ], [ 139.774151, 35.667065 ], [ 139.774231, 35.667196 ], [ 139.773013, 35.666265 ] ], [ [ 139.773833, 35.676588 ], [ 139.774035, 35.676525 ], [ 139.773852, 35.676587 ], [ 139.769846, 35.678168 ], [ 139.773833, 35.676588 ] ], [ [ 139.772813, 35.674968 ], [ 139.77338, 35.674728 ], [ 139.772798, 35.674983 ], [ 139.768486, 35.676741 ], [ 139.772813, 35.674968 ] ], [ [ 139.766064, 35.670449 ], [ 139.765602, 35.67079 ], [ 139.768373, 35.668471 ], [ 139.771751, 35.665435 ], [ 139.770642, 35.666556 ], [ 139.769666, 35.667376 ], [ 139.768392, 35.668459 ], [ 139.766064, 35.670449 ] ], [ [ 139.767733, 35.667936 ], [ 139.767629, 35.66775 ], [ 139.768373, 35.668471 ], [ 139.767733, 35.667936 ] ], [ [ 139.76725, 35.666614 ], [ 139.767267, 35.666673 ], [ 139.766987, 35.666409 ], [ 139.76725, 35.666614 ] ], [ [ 139.764303, 35.668574 ], [ 139.766986, 35.666409 ], [ 139.764511, 35.668428 ], [ 139.764303, 35.668574 ] ], [ [ 139.767469, 35.667463 ], [ 139.767448, 35.6673 ], [ 139.76749, 35.667501 ], [ 139.767469, 35.667463 ] ], [ [ 139.761793, 35.671882 ], [ 139.765527, 35.669273 ], [ 139.761802, 35.671881 ], [ 139.761793, 35.671882 ] ], [ [ 139.770955, 35.671705 ], [ 139.765741, 35.67527 ], [ 139.770926, 35.671719 ], [ 139.770955, 35.671705 ] ], [ [ 139.78081, 35.689955 ], [ 139.781991, 35.690677 ], [ 139.780218, 35.689595 ], [ 139.78081, 35.689955 ] ], [ [ 139.780262, 35.685373 ], [ 139.7813, 35.685862 ], [ 139.780032, 35.685323 ], [ 139.780262, 35.685373 ] ], [ [ 139.780407, 35.681545 ], [ 139.7824, 35.679936 ], [ 139.782433, 35.679913 ], [ 139.78034, 35.681646 ], [ 139.780407, 35.681545 ] ], [ [ 139.781598, 35.679177 ], [ 139.781619, 35.679165 ], [ 139.780098, 35.677645 ], [ 139.7824, 35.679936 ], [ 139.781598, 35.679177 ] ], [ [ 139.778611, 35.685015 ], [ 139.778219, 35.68494 ], [ 139.778223, 35.684931 ], [ 139.778611, 35.685015 ] ], [ [ 139.779906, 35.685296 ], [ 139.779447, 35.686353 ], [ 139.779902, 35.685295 ], [ 139.779906, 35.685296 ] ], [ [ 139.776547, 35.678076 ], [ 139.776737, 35.678385 ], [ 139.776542, 35.678081 ], [ 139.776252, 35.678204 ], [ 139.776547, 35.678076 ] ], [ [ 139.778057, 35.680446 ], [ 139.778736, 35.681424 ], [ 139.778583, 35.681268 ], [ 139.778057, 35.680446 ] ], [ [ 139.779393, 35.682096 ], [ 139.779935, 35.682254 ], [ 139.780017, 35.68213 ], [ 139.779567, 35.683411 ], [ 139.779524, 35.68344 ], [ 139.779949, 35.682267 ], [ 139.779393, 35.682096 ] ], [ [ 139.783466, 35.680531 ], [ 139.785719, 35.681434 ], [ 139.786034, 35.68159 ], [ 139.783466, 35.680531 ] ] ], [ [ [ 139.763058, 35.663281 ], [ 139.763456, 35.663247 ], [ 139.763312, 35.66309 ], [ 139.764348, 35.662304 ], [ 139.764262, 35.662188 ], [ 139.764425, 35.662253 ], [ 139.767696, 35.659804 ], [ 139.766829, 35.659183 ], [ 139.763034, 35.657182 ], [ 139.759725, 35.659098 ], [ 139.763058, 35.663281 ] ] ], [ [ [ 139.771905, 35.646497 ], [ 139.771494, 35.646906 ], [ 139.771743, 35.646782 ], [ 139.771885, 35.646875 ], [ 139.771042, 35.64771 ], [ 139.770901, 35.647612 ], [ 139.771007, 35.647394 ], [ 139.770595, 35.647799 ], [ 139.770846, 35.647674 ], [ 139.770984, 35.647767 ], [ 139.770126, 35.648606 ], [ 139.769969, 35.648475 ], [ 139.770113, 35.648339 ], [ 139.769731, 35.648669 ], [ 139.769894, 35.648549 ], [ 139.770082, 35.648646 ], [ 139.769475, 35.649257 ], [ 139.769743, 35.649436 ], [ 139.769554, 35.6496 ], [ 139.769782, 35.649465 ], [ 139.772758, 35.65147 ], [ 139.772409, 35.651824 ], [ 139.775771, 35.654108 ], [ 139.775612, 35.65427 ], [ 139.775826, 35.654411 ], [ 139.775985, 35.654257 ], [ 139.776121, 35.654342 ], [ 139.780032, 35.656969 ], [ 139.780028, 35.656973 ], [ 139.78724, 35.661863 ], [ 139.78757, 35.662144 ], [ 139.787441, 35.662352 ], [ 139.787735, 35.662413 ], [ 139.788085, 35.662197 ], [ 139.788503, 35.658953 ], [ 139.78839, 35.658733 ], [ 139.788587, 35.656566 ], [ 139.788052, 35.656449 ], [ 139.787801, 35.656138 ], [ 139.787717, 35.656227 ], [ 139.783651, 35.653384 ], [ 139.78175, 35.655296 ], [ 139.783642, 35.653388 ], [ 139.779778, 35.650766 ], [ 139.772732, 35.646037 ], [ 139.77194, 35.646824 ], [ 139.771799, 35.646727 ], [ 139.771905, 35.646497 ] ], [ [ 139.786627, 35.658593 ], [ 139.781738, 35.655293 ], [ 139.777849, 35.652652 ], [ 139.78175, 35.655296 ], [ 139.786627, 35.658593 ] ] ], [ [ [ 139.785812, 35.688666 ], [ 139.78513, 35.68972 ], [ 139.788814, 35.69202 ], [ 139.789166, 35.690841 ], [ 139.785812, 35.688666 ] ] ], [ [ [ 139.782951, 35.689851 ], [ 139.781821, 35.691163 ], [ 139.781273, 35.691769 ], [ 139.781204, 35.691846 ], [ 139.780289, 35.692862 ], [ 139.782804, 35.694692 ], [ 139.782866, 35.695082 ], [ 139.781651, 35.695235 ], [ 139.781742, 35.696298 ], [ 139.782679, 35.696176 ], [ 139.78273, 35.696638 ], [ 139.785398, 35.695857 ], [ 139.788942, 35.694779 ], [ 139.788735, 35.693796 ], [ 139.788818, 35.692025 ], [ 139.78513, 35.68972 ], [ 139.784435, 35.690786 ], [ 139.784553, 35.690869 ], [ 139.782951, 35.689851 ] ], [ [ 139.78469, 35.690965 ], [ 139.784691, 35.690965 ], [ 139.785266, 35.694777 ], [ 139.785005, 35.693162 ], [ 139.78469, 35.690965 ] ] ] ] } },
{ "type": "Feature", "properties": { "ward": "中野区" }, "geometry": { "type": "Polygon", "coordinates": [ [ [ 139.656105, 35.709243 ], [ 139.656114, 35.709111 ], [ 139.655928, 35.709083 ], [ 139.655208, 35.709229 ], [ 139.655168, 35.709081 ], [ 139.654251, 35.709087 ], [ 139.654107, 35.709075 ], [ 139.65405, 35.70928 ], [ 139.65129, 35.708967 ], [ 139.651006, 35.709032 ], [ 139.65094, 35.709418 ], [ 139.649727, 35.709741 ], [ 139.642798, 35.711698 ], [ 139.642194, 35.712254 ], [ 139.641422, 35.712767 ], [ 139.641603, 35.714864 ], [ 139.640725, 35.715218 ], [ 139.638158, 35.715976 ], [ 139.6373, 35.716509 ], [ 139.635987, 35.716702 ], [ 139.632097, 35.717116 ], [ 139.632066, 35.717342 ], [ 139.631107, 35.718488 ], [ 139.631536, 35.719401 ], [ 139.631553, 35.719979 ], [ 139.630434, 35.72084 ], [ 139.629501, 35.720392 ], [ 139.628825, 35.720973 ], [ 139.628159, 35.721913 ], [ 139.628059, 35.722472 ], [ 139.627531, 35.723585 ], [ 139.625422, 35.727326 ], [ 139.624247, 35.729529 ], [ 139.626037, 35.732881 ], [ 139.627233, 35.73329 ], [ 139.626573, 35.733072 ], [ 139.626436, 35.733302 ], [ 139.626549, 35.733796 ], [ 139.627344, 35.734078 ], [ 139.627242, 35.735027 ], [ 139.630536, 35.735316 ], [ 139.630546, 35.735254 ], [ 139.630525, 35.735433 ], [ 139.633408, 35.735517 ], [ 139.633309, 35.735362 ], [ 139.633862, 35.734206 ], [ 139.63446, 35.734337 ], [ 139.635153, 35.732207 ], [ 139.631364, 35.731376 ], [ 139.633445, 35.731782 ], [ 139.636244, 35.732434 ], [ 139.636707, 35.731819 ], [ 139.63646, 35.731741 ], [ 139.636634, 35.731195 ], [ 139.637559, 35.729507 ], [ 139.637433, 35.729473 ], [ 139.637893, 35.728899 ], [ 139.637992, 35.728602 ], [ 139.637885, 35.7285 ], [ 139.639239, 35.727961 ], [ 139.63973, 35.727337 ], [ 139.639695, 35.726171 ], [ 139.637635, 35.726485 ], [ 139.632963, 35.727213 ], [ 139.635953, 35.726737 ], [ 139.638636, 35.726278 ], [ 139.641202, 35.72593 ], [ 139.643745, 35.725151 ], [ 139.643785, 35.725364 ], [ 139.647467, 35.725363 ], [ 139.647488, 35.726616 ], [ 139.648766, 35.726671 ], [ 139.649724, 35.72662 ], [ 139.65009, 35.726608 ], [ 139.650268, 35.72683 ], [ 139.651803, 35.726107 ], [ 139.652027, 35.726092 ], [ 139.652107, 35.726248 ], [ 139.653865, 35.726258 ], [ 139.65378, 35.722907 ], [ 139.65392, 35.726306 ], [ 139.655938, 35.726266 ], [ 139.658071, 35.725754 ], [ 139.659685, 35.725721 ], [ 139.659658, 35.72674 ], [ 139.660635, 35.726703 ], [ 139.661855, 35.726956 ], [ 139.663113, 35.727856 ], [ 139.663858, 35.729149 ], [ 139.664397, 35.730721 ], [ 139.664749, 35.731233 ], [ 139.665392, 35.7315 ], [ 139.666928, 35.731204 ], [ 139.666933, 35.731453 ], [ 139.667974, 35.731344 ], [ 139.668208, 35.732196 ], [ 139.669332, 35.732117 ], [ 139.669303, 35.732399 ], [ 139.669679, 35.732854 ], [ 139.67269, 35.731782 ], [ 139.6727, 35.731802 ], [ 139.670425, 35.732609 ], [ 139.671022, 35.73319 ], [ 139.671246, 35.733725 ], [ 139.673697, 35.733575 ], [ 139.674812, 35.733109 ], [ 139.67784, 35.730648 ], [ 139.678052, 35.730661 ], [ 139.677528, 35.729558 ], [ 139.676802, 35.729895 ], [ 139.676721, 35.727663 ], [ 139.676586, 35.727289 ], [ 139.675796, 35.725888 ], [ 139.675368, 35.72423 ], [ 139.675406, 35.723641 ], [ 139.67581, 35.722277 ], [ 139.675688, 35.721392 ], [ 139.674778, 35.721456 ], [ 139.674331, 35.720378 ], [ 139.673497, 35.720567 ], [ 139.673242, 35.719659 ], [ 139.673781, 35.719276 ], [ 139.673399, 35.718687 ], [ 139.67343, 35.718473 ], [ 139.675323, 35.719068 ], [ 139.675199, 35.71947 ], [ 139.675312, 35.720017 ], [ 139.675621, 35.719888 ], [ 139.675652, 35.719643 ], [ 139.676333, 35.719468 ], [ 139.676417, 35.719663 ], [ 139.676952, 35.719472 ], [ 139.678357, 35.718146 ], [ 139.678914, 35.71814 ], [ 139.679066, 35.716917 ], [ 139.679543, 35.716323 ], [ 139.679081, 35.715516 ], [ 139.679153, 35.714816 ], [ 139.679965, 35.714149 ], [ 139.680326, 35.71457 ], [ 139.680835, 35.714508 ], [ 139.680799, 35.714022 ], [ 139.681838, 35.714135 ], [ 139.681865, 35.713912 ], [ 139.681095, 35.713708 ], [ 139.681016, 35.71327 ], [ 139.682008, 35.713301 ], [ 139.682018, 35.713134 ], [ 139.681218, 35.71215 ], [ 139.680844, 35.711938 ], [ 139.680822, 35.711649 ], [ 139.680081, 35.711384 ], [ 139.680043, 35.711115 ], [ 139.681188, 35.710995 ], [ 139.68178, 35.710748 ], [ 139.68274, 35.710012 ], [ 139.682722, 35.710004 ], [ 139.684575, 35.710332 ], [ 139.688121, 35.711143 ], [ 139.689658, 35.71128 ], [ 139.690102, 35.711314 ], [ 139.690057, 35.710785 ], [ 139.691116, 35.710489 ], [ 139.691196, 35.710779 ], [ 139.691444, 35.710727 ], [ 139.691524, 35.711052 ], [ 139.692537, 35.7106 ], [ 139.692729, 35.711195 ], [ 139.694284, 35.711013 ], [ 139.693748, 35.710281 ], [ 139.693009, 35.709649 ], [ 139.691897, 35.70928 ], [ 139.688555, 35.707307 ], [ 139.688044, 35.70608 ], [ 139.686908, 35.706193 ], [ 139.688024, 35.706024 ], [ 139.687423, 35.703823 ], [ 139.687496, 35.701611 ], [ 139.688232, 35.7003 ], [ 139.688351, 35.699221 ], [ 139.688071, 35.698468 ], [ 139.686959, 35.697102 ], [ 139.686639, 35.696421 ], [ 139.685536, 35.694223 ], [ 139.6851, 35.693689 ], [ 139.683554, 35.692542 ], [ 139.68372, 35.692107 ], [ 139.683419, 35.692059 ], [ 139.682619, 35.691301 ], [ 139.681353, 35.690542 ], [ 139.678452, 35.687768 ], [ 139.676305, 35.687058 ], [ 139.674611, 35.686551 ], [ 139.678132, 35.687588 ], [ 139.675933, 35.68589 ], [ 139.675263, 35.684672 ], [ 139.674846, 35.684496 ], [ 139.674912, 35.684412 ], [ 139.674224, 35.683696 ], [ 139.673353, 35.683275 ], [ 139.671891, 35.682137 ], [ 139.671337, 35.681502 ], [ 139.669597, 35.680787 ], [ 139.667405, 35.679912 ], [ 139.667551, 35.679772 ], [ 139.666364, 35.678708 ], [ 139.665293, 35.677076 ], [ 139.664003, 35.676559 ], [ 139.663678, 35.677273 ], [ 139.663521, 35.677221 ], [ 139.6634, 35.678018 ], [ 139.664527, 35.677744 ], [ 139.664723, 35.677936 ], [ 139.664803, 35.67891 ], [ 139.663839, 35.678882 ], [ 139.663968, 35.679556 ], [ 139.663445, 35.680418 ], [ 139.663877, 35.679635 ], [ 139.663776, 35.679584 ], [ 139.662511, 35.679578 ], [ 139.662016, 35.679818 ], [ 139.661659, 35.680377 ], [ 139.659844, 35.679803 ], [ 139.659531, 35.679881 ], [ 139.659357, 35.680081 ], [ 139.659585, 35.680083 ], [ 139.659779, 35.680257 ], [ 139.659728, 35.680392 ], [ 139.66007, 35.680503 ], [ 139.660608, 35.681114 ], [ 139.660111, 35.68132 ], [ 139.660185, 35.681697 ], [ 139.659924, 35.681762 ], [ 139.660006, 35.682044 ], [ 139.659349, 35.682195 ], [ 139.65942, 35.68317 ], [ 139.659253, 35.68319 ], [ 139.659423, 35.683527 ], [ 139.659942, 35.683652 ], [ 139.660161, 35.684139 ], [ 139.660517, 35.684238 ], [ 139.660199, 35.684898 ], [ 139.659878, 35.684778 ], [ 139.659785, 35.68512 ], [ 139.659378, 35.685144 ], [ 139.659533, 35.685716 ], [ 139.659198, 35.68603 ], [ 139.659177, 35.686693 ], [ 139.661267, 35.686854 ], [ 139.663425, 35.688018 ], [ 139.663855, 35.689045 ], [ 139.666356, 35.690413 ], [ 139.667119, 35.690996 ], [ 139.666992, 35.690951 ], [ 139.666953, 35.691192 ], [ 139.667806, 35.691369 ], [ 139.667691, 35.691871 ], [ 139.667517, 35.691861 ], [ 139.667312, 35.692815 ], [ 139.667391, 35.693754 ], [ 139.668301, 35.694326 ], [ 139.666693, 35.693459 ], [ 139.66587, 35.69479 ], [ 139.665412, 35.69465 ], [ 139.664921, 35.695375 ], [ 139.66217, 35.695197 ], [ 139.660959, 35.694827 ], [ 139.660372, 35.696455 ], [ 139.66105, 35.696604 ], [ 139.660966, 35.697185 ], [ 139.661928, 35.696996 ], [ 139.66197, 35.697481 ], [ 139.662396, 35.698686 ], [ 139.662169, 35.699312 ], [ 139.6618, 35.699319 ], [ 139.661971, 35.699987 ], [ 139.661769, 35.700064 ], [ 139.661776, 35.700225 ], [ 139.661546, 35.70022 ], [ 139.66151, 35.70099 ], [ 139.661336, 35.701342 ], [ 139.660706, 35.701367 ], [ 139.661142, 35.702514 ], [ 139.660989, 35.704799 ], [ 139.657992, 35.705184 ], [ 139.658164, 35.705453 ], [ 139.658007, 35.7092 ], [ 139.657494, 35.709187 ], [ 139.656281, 35.709129 ], [ 139.656105, 35.709243 ] ], [ [ 139.631164, 35.730848 ], [ 139.63084, 35.729559 ], [ 139.631364, 35.731376 ], [ 139.631164, 35.730848 ] ], [ [ 139.663833, 35.726065 ], [ 139.663152, 35.727825 ], [ 139.665512, 35.727127 ], [ 139.663113, 35.727856 ], [ 139.663833, 35.726065 ] ], [ [ 139.670637, 35.727529 ], [ 139.670454, 35.727133 ], [ 139.67269, 35.731782 ], [ 139.670637, 35.727529 ] ], [ [ 139.670289, 35.726776 ], [ 139.669927, 35.725991 ], [ 139.669838, 35.7258 ], [ 139.670301, 35.726764 ], [ 139.676586, 35.727289 ], [ 139.670289, 35.726776 ] ], [ [ 139.68202, 35.692115 ], [ 139.682187, 35.692133 ], [ 139.683554, 35.692542 ], [ 139.68202, 35.692115 ] ], [ [ 139.668491, 35.693878 ], [ 139.668415, 35.694212 ], [ 139.66718, 35.695915 ], [ 139.668301, 35.694326 ], [ 139.668491, 35.693878 ] ], [ [ 139.657211, 35.722808 ], [ 139.657603, 35.722797 ], [ 139.657827, 35.722856 ], [ 139.657211, 35.722808 ] ], [ [ 139.657723, 35.720323 ], [ 139.657746, 35.720313 ], [ 139.657819, 35.722408 ], [ 139.657723, 35.720323 ] ], [ [ 139.657734, 35.717082 ], [ 139.65788, 35.716853 ], [ 139.657747, 35.717403 ], [ 139.657734, 35.717082 ] ], [ [ 139.659285, 35.714285 ], [ 139.659838, 35.713483 ], [ 139.658669, 35.715616 ], [ 139.659285, 35.714285 ] ], [ [ 139.658431, 35.713098 ], [ 139.65994, 35.713343 ], [ 139.659928, 35.713345 ], [ 139.658431, 35.713098 ] ], [ [ 139.660202, 35.712116 ], [ 139.659951, 35.71334 ], [ 139.65995, 35.71334 ], [ 139.660202, 35.712116 ] ], [ [ 139.657485, 35.709802 ], [ 139.664947, 35.70991 ], [ 139.66494, 35.709974 ], [ 139.660345, 35.709871 ], [ 139.657485, 35.709802 ] ], [ [ 139.668276, 35.70985 ], [ 139.666699, 35.710012 ], [ 139.664948, 35.709978 ], [ 139.665377, 35.711093 ], [ 139.666198, 35.714294 ], [ 139.66494, 35.709974 ], [ 139.668276, 35.70985 ] ], [ [ 139.666495, 35.71456 ], [ 139.666527, 35.714532 ], [ 139.668363, 35.716224 ], [ 139.666183, 35.714288 ], [ 139.666198, 35.714294 ], [ 139.666495, 35.71456 ] ], [ [ 139.656281, 35.718979 ], [ 139.65848, 35.719304 ], [ 139.656165, 35.71899 ], [ 139.656281, 35.718979 ] ], [ [ 139.634233, 35.72535 ], [ 139.631283, 35.723765 ], [ 139.631502, 35.723851 ], [ 139.634233, 35.72535 ] ], [ [ 139.649412, 35.723826 ], [ 139.649389, 35.72383 ], [ 139.652748, 35.723006 ], [ 139.649412, 35.723826 ] ], [ [ 139.641282, 35.716609 ], [ 139.642101, 35.71639 ], [ 139.639878, 35.717072 ], [ 139.641282, 35.716609 ] ], [ [ 139.639817, 35.718703 ], [ 139.641676, 35.718645 ], [ 139.639819, 35.718708 ], [ 139.639817, 35.718703 ] ], [ [ 139.646367, 35.721933 ], [ 139.645963, 35.722006 ], [ 139.647199, 35.721654 ], [ 139.647162, 35.721257 ], [ 139.647215, 35.721633 ], [ 139.649462, 35.720913 ], [ 139.646367, 35.721933 ] ], [ [ 139.650713, 35.719887 ], [ 139.649541, 35.720854 ], [ 139.652495, 35.719902 ], [ 139.649462, 35.720913 ], [ 139.650713, 35.719887 ] ], [ [ 139.653768, 35.719448 ], [ 139.654864, 35.719117 ], [ 139.655676, 35.719038 ], [ 139.653768, 35.719448 ] ], [ [ 139.643116, 35.716033 ], [ 139.64305, 35.716099 ], [ 139.642989, 35.716118 ], [ 139.643116, 35.716033 ] ], [ [ 139.644008, 35.715089 ], [ 139.644075, 35.715072 ], [ 139.643847, 35.715301 ], [ 139.644008, 35.715089 ] ], [ [ 139.645342, 35.714752 ], [ 139.645454, 35.714785 ], [ 139.644606, 35.714938 ], [ 139.645342, 35.714752 ] ], [ [ 139.645687, 35.714854 ], [ 139.645963, 35.714936 ], [ 139.647463, 35.715814 ], [ 139.64745, 35.715813 ], [ 139.645687, 35.714854 ] ], [ [ 139.649001, 35.713109 ], [ 139.647467, 35.715815 ], [ 139.647463, 35.715814 ], [ 139.649001, 35.713109 ] ], [ [ 139.653752, 35.714227 ], [ 139.652388, 35.714101 ], [ 139.653752, 35.714187 ], [ 139.653883, 35.712846 ], [ 139.653749, 35.71726 ], [ 139.653752, 35.714227 ] ], [ [ 139.656528, 35.71574 ], [ 139.656648, 35.715718 ], [ 139.655203, 35.717062 ], [ 139.656528, 35.71574 ] ], [ [ 139.647601, 35.715827 ], [ 139.650722, 35.71574 ], [ 139.650829, 35.715806 ], [ 139.650684, 35.715751 ], [ 139.648401, 35.715901 ], [ 139.647601, 35.715827 ] ], [ [ 139.647081, 35.716479 ], [ 139.646959, 35.717065 ], [ 139.646975, 35.71667 ], [ 139.647081, 35.716479 ] ], [ [ 139.636091, 35.722021 ], [ 139.638045, 35.722537 ], [ 139.638693, 35.722581 ], [ 139.638078, 35.722631 ], [ 139.636091, 35.722021 ] ], [ [ 139.637888, 35.722015 ], [ 139.638051, 35.722514 ], [ 139.639497, 35.722009 ], [ 139.638045, 35.722537 ], [ 139.637888, 35.722015 ] ], [ [ 139.638284, 35.725569 ], [ 139.638078, 35.722681 ], [ 139.634428, 35.722792 ], [ 139.634611, 35.722771 ], [ 139.638078, 35.722631 ], [ 139.638284, 35.725569 ] ], [ [ 139.644265, 35.722489 ], [ 139.644258, 35.722489 ], [ 139.644317, 35.722482 ], [ 139.644406, 35.722286 ], [ 139.64377, 35.723962 ], [ 139.644265, 35.722489 ] ], [ [ 139.640099, 35.719457 ], [ 139.63985, 35.721617 ], [ 139.640071, 35.719387 ], [ 139.640099, 35.719457 ] ], [ [ 139.672726, 35.705949 ], [ 139.672746, 35.70595 ], [ 139.672702, 35.708474 ], [ 139.672726, 35.705949 ] ], [ [ 139.676438, 35.706047 ], [ 139.678696, 35.706158 ], [ 139.672746, 35.70595 ], [ 139.676438, 35.706047 ] ], [ [ 139.678715, 35.706038 ], [ 139.678575, 35.707177 ], [ 139.678696, 35.706158 ], [ 139.678715, 35.706038 ] ], [ [ 139.682729, 35.706122 ], [ 139.68614, 35.706067 ], [ 139.686644, 35.706219 ], [ 139.686622, 35.706221 ], [ 139.682785, 35.706152 ], [ 139.678715, 35.706038 ], [ 139.682729, 35.706122 ] ], [ [ 139.678758, 35.707388 ], [ 139.678916, 35.707998 ], [ 139.678575, 35.707177 ], [ 139.678758, 35.707388 ] ], [ [ 139.671916, 35.7025 ], [ 139.672044, 35.701105 ], [ 139.671924, 35.702507 ], [ 139.671789, 35.703694 ], [ 139.671916, 35.7025 ] ], [ [ 139.675703, 35.701921 ], [ 139.67946, 35.70124 ], [ 139.674429, 35.702199 ], [ 139.671924, 35.702507 ], [ 139.675703, 35.701921 ] ], [ [ 139.673752, 35.697639 ], [ 139.675961, 35.697701 ], [ 139.675779, 35.697719 ], [ 139.673057, 35.697618 ], [ 139.673752, 35.697639 ] ], [ [ 139.674429, 35.693095 ], [ 139.676912, 35.69314 ], [ 139.674448, 35.693104 ], [ 139.674429, 35.693095 ] ], [ [ 139.680989, 35.692007 ], [ 139.677922, 35.692887 ], [ 139.676912, 35.69314 ], [ 139.680989, 35.692007 ] ], [ [ 139.668785, 35.688815 ], [ 139.669062, 35.690057 ], [ 139.669062, 35.690063 ], [ 139.668785, 35.688815 ] ], [ [ 139.663773, 35.682205 ], [ 139.663829, 35.682129 ], [ 139.663971, 35.682125 ], [ 139.663773, 35.682205 ] ], [ [ 139.665681, 35.682079 ], [ 139.665532, 35.681392 ], [ 139.666098, 35.682945 ], [ 139.665681, 35.682079 ] ], [ [ 139.6664, 35.683167 ], [ 139.666991, 35.682954 ], [ 139.667124, 35.682974 ], [ 139.6664, 35.683167 ] ], [ [ 139.664854, 35.680562 ], [ 139.664975, 35.680917 ], [ 139.664798, 35.680556 ], [ 139.664854, 35.680562 ] ], [ [ 139.667349, 35.691079 ], [ 139.668773, 35.69128 ], [ 139.667499, 35.691133 ], [ 139.667349, 35.691079 ] ], [ [ 139.667409, 35.697437 ], [ 139.667409, 35.697438 ], [ 139.667381, 35.697437 ], [ 139.667409, 35.697437 ] ], [ [ 139.664557, 35.700816 ], [ 139.664223, 35.700435 ], [ 139.664355, 35.700446 ], [ 139.664557, 35.700816 ] ], [ [ 139.666997, 35.700985 ], [ 139.666903, 35.70126 ], [ 139.666778, 35.701393 ], [ 139.666997, 35.700985 ] ], [ [ 139.665462, 35.705362 ], [ 139.665463, 35.705332 ], [ 139.665465, 35.705332 ], [ 139.665462, 35.705362 ] ], [ [ 139.668703, 35.723979 ], [ 139.668845, 35.723104 ], [ 139.668723, 35.723971 ], [ 139.670426, 35.724032 ], [ 139.668998, 35.724001 ], [ 139.668991, 35.723986 ], [ 139.668703, 35.723979 ] ], [ [ 139.673751, 35.723539 ], [ 139.673812, 35.723543 ], [ 139.670426, 35.724032 ], [ 139.673751, 35.723539 ] ], [ [ 139.669239, 35.717488 ], [ 139.671556, 35.716151 ], [ 139.66926, 35.717481 ], [ 139.668485, 35.717931 ], [ 139.669239, 35.717488 ] ], [ [ 139.66904, 35.718616 ], [ 139.668276, 35.717827 ], [ 139.668485, 35.717931 ], [ 139.66904, 35.718616 ] ], [ [ 139.669184, 35.719274 ], [ 139.669164, 35.719396 ], [ 139.66904, 35.718616 ], [ 139.669184, 35.719274 ] ], [ [ 139.659284, 35.71966 ], [ 139.659335, 35.719642 ], [ 139.660242, 35.72014 ], [ 139.659284, 35.71966 ] ], [ [ 139.662681, 35.723843 ], [ 139.662737, 35.721047 ], [ 139.663834, 35.721177 ], [ 139.662743, 35.721097 ], [ 139.662681, 35.723843 ] ], [ [ 139.669125, 35.712015 ], [ 139.66944, 35.711452 ], [ 139.669296, 35.711821 ], [ 139.669125, 35.712015 ] ], [ [ 139.659981, 35.716689 ], [ 139.65929, 35.715937 ], [ 139.659364, 35.715975 ], [ 139.659981, 35.716689 ] ], [ [ 139.662949, 35.718233 ], [ 139.662804, 35.71817 ], [ 139.662879, 35.718157 ], [ 139.662949, 35.718233 ] ], [ [ 139.665301, 35.71793 ], [ 139.665113, 35.71807 ], [ 139.665159, 35.718003 ], [ 139.665301, 35.71793 ] ], [ [ 139.66647, 35.717438 ], [ 139.666164, 35.717484 ], [ 139.666246, 35.717442 ], [ 139.66647, 35.717438 ] ], [ [ 139.667722, 35.717549 ], [ 139.667177, 35.717424 ], [ 139.66746, 35.717418 ], [ 139.667722, 35.717549 ] ], [ [ 139.672322, 35.690092 ], [ 139.669981, 35.689891 ], [ 139.672804, 35.690041 ], [ 139.672322, 35.690092 ] ], [ [ 139.682902, 35.700991 ], [ 139.682892, 35.701042 ], [ 139.685875, 35.70156 ], [ 139.682832, 35.701056 ], [ 139.682902, 35.700991 ] ], [ [ 139.678476, 35.702806 ], [ 139.67905, 35.7022 ], [ 139.678393, 35.703017 ], [ 139.678476, 35.702806 ] ], [ [ 139.679024, 35.708415 ], [ 139.68033, 35.709008 ], [ 139.678829, 35.708383 ], [ 139.67698, 35.708371 ], [ 139.67705, 35.708357 ], [ 139.679014, 35.708375 ], [ 139.679024, 35.708415 ] ], [ [ 139.677917, 35.712025 ], [ 139.677938, 35.712024 ], [ 139.67935, 35.711277 ], [ 139.677651, 35.71221 ], [ 139.677917, 35.712025 ] ], [ [ 139.676459, 35.713104 ], [ 139.676571, 35.712957 ], [ 139.676737, 35.712842 ], [ 139.676459, 35.713104 ] ], [ [ 139.686252, 35.707858 ], [ 139.686151, 35.707352 ], [ 139.686357, 35.707964 ], [ 139.686252, 35.707858 ] ], [ [ 139.679562, 35.711165 ], [ 139.679668, 35.711154 ], [ 139.679506, 35.711194 ], [ 139.679562, 35.711165 ] ], [ [ 139.672253, 35.715819 ], [ 139.673194, 35.715623 ], [ 139.67338, 35.715633 ], [ 139.672253, 35.715819 ] ] ] } },
{ "type": "Feature", "properties": { "ward": "北区" }, "geometry": { "type": "MultiPolygon", "coordinates": [ [ [ [ 139.721199, 35.754586 ], [ 139.720335, 35.754961 ], [ 139.720543, 35.755351 ], [ 139.720964, 35.755177 ], [ 139.721137, 35.755423 ], [ 139.720247, 35.755799 ], [ 139.720445, 35.756126 ], [ 139.71914, 35.756788 ], [ 139.719237, 35.756888 ], [ 139.71875, 35.757673 ], [ 139.717735, 35.758556 ], [ 139.71844, 35.759305 ], [ 139.717782, 35.758651 ], [ 139.717241, 35.759194 ], [ 139.716263, 35.760683 ], [ 139.714943, 35.761662 ], [ 139.713546, 35.762675 ], [ 139.713174, 35.763168 ], [ 139.712688, 35.763159 ], [ 139.712622, 35.763303 ], [ 139.712536, 35.763451 ], [ 139.711342, 35.763697 ], [ 139.710299, 35.76341 ], [ 139.709573, 35.76508 ], [ 139.709396, 35.765026 ], [ 139.709167, 35.765626 ], [ 139.708139, 35.765364 ], [ 139.707827, 35.766072 ], [ 139.706573, 35.767037 ], [ 139.706163, 35.76956 ], [ 139.705449, 35.772319 ], [ 139.704815, 35.773768 ], [ 139.704367, 35.773814 ], [ 139.704709, 35.77417 ], [ 139.704569, 35.774279 ], [ 139.704609, 35.774851 ], [ 139.704336, 35.774892 ], [ 139.704311, 35.775107 ], [ 139.704604, 35.775157 ], [ 139.704579, 35.775311 ], [ 139.703446, 35.778393 ], [ 139.702552, 35.781369 ], [ 139.702792, 35.781961 ], [ 139.703119, 35.782156 ], [ 139.703926, 35.782244 ], [ 139.703215, 35.782168 ], [ 139.70295, 35.783543 ], [ 139.7024, 35.784316 ], [ 139.702176, 35.784157 ], [ 139.699893, 35.78273 ], [ 139.698362, 35.782108 ], [ 139.698203, 35.782077 ], [ 139.696135, 35.782362 ], [ 139.693643, 35.78315 ], [ 139.690925, 35.784896 ], [ 139.69015, 35.785817 ], [ 139.689173, 35.787137 ], [ 139.689922, 35.789216 ], [ 139.690802, 35.790769 ], [ 139.691985, 35.791993 ], [ 139.694579, 35.795658 ], [ 139.695363, 35.795343 ], [ 139.695457, 35.795498 ], [ 139.696235, 35.795745 ], [ 139.696542, 35.795695 ], [ 139.696979, 35.796 ], [ 139.697547, 35.796838 ], [ 139.697791, 35.798567 ], [ 139.705179, 35.793775 ], [ 139.707684, 35.792677 ], [ 139.710669, 35.792197 ], [ 139.717733, 35.792182 ], [ 139.71887, 35.792081 ], [ 139.720163, 35.791712 ], [ 139.721497, 35.791167 ], [ 139.724006, 35.789725 ], [ 139.724796, 35.788928 ], [ 139.725593, 35.787407 ], [ 139.726879, 35.787503 ], [ 139.72883, 35.787969 ], [ 139.732033, 35.789113 ], [ 139.733669, 35.78894 ], [ 139.73528, 35.788441 ], [ 139.73705, 35.787293 ], [ 139.737685, 35.786736 ], [ 139.738237, 35.785782 ], [ 139.738322, 35.785151 ], [ 139.738075, 35.783867 ], [ 139.736891, 35.781787 ], [ 139.737214, 35.781398 ], [ 139.73835, 35.77954 ], [ 139.738453, 35.778855 ], [ 139.738234, 35.777827 ], [ 139.736584, 35.774925 ], [ 139.736032, 35.773713 ], [ 139.735787, 35.772574 ], [ 139.735804, 35.77191 ], [ 139.736192, 35.770764 ], [ 139.736819, 35.770236 ], [ 139.73817, 35.769865 ], [ 139.738917, 35.769707 ], [ 139.740457, 35.769283 ], [ 139.74282, 35.768246 ], [ 139.745838, 35.76712 ], [ 139.74783, 35.767099 ], [ 139.750991, 35.767409 ], [ 139.754756, 35.76828 ], [ 139.757956, 35.77003 ], [ 139.759524, 35.768947 ], [ 139.759968, 35.768354 ], [ 139.760243, 35.767361 ], [ 139.759993, 35.766349 ], [ 139.758797, 35.764987 ], [ 139.758197, 35.764534 ], [ 139.754432, 35.762839 ], [ 139.749329, 35.760039 ], [ 139.748844, 35.759733 ], [ 139.748483, 35.759386 ], [ 139.748248, 35.758825 ], [ 139.748215, 35.758127 ], [ 139.748766, 35.757241 ], [ 139.750239, 35.756376 ], [ 139.751506, 35.755938 ], [ 139.757743, 35.754825 ], [ 139.75724, 35.753187 ], [ 139.751821, 35.753745 ], [ 139.75179, 35.753621 ], [ 139.751022, 35.753603 ], [ 139.750914, 35.752617 ], [ 139.75066, 35.752319 ], [ 139.750291, 35.752279 ], [ 139.749556, 35.751475 ], [ 139.749436, 35.751117 ], [ 139.74958, 35.751048 ], [ 139.748571, 35.751082 ], [ 139.749844, 35.750966 ], [ 139.749531, 35.750155 ], [ 139.749625, 35.750292 ], [ 139.751024, 35.749542 ], [ 139.751195, 35.749748 ], [ 139.752279, 35.749164 ], [ 139.751307, 35.747962 ], [ 139.752384, 35.749283 ], [ 139.754584, 35.749176 ], [ 139.754577, 35.748921 ], [ 139.755229, 35.748888 ], [ 139.755196, 35.7481 ], [ 139.754916, 35.747734 ], [ 139.755199, 35.747574 ], [ 139.757967, 35.747461 ], [ 139.757954, 35.746131 ], [ 139.757202, 35.745181 ], [ 139.757077, 35.74525 ], [ 139.757449, 35.745031 ], [ 139.762342, 35.741988 ], [ 139.760083, 35.743425 ], [ 139.760473, 35.743893 ], [ 139.760937, 35.74365 ], [ 139.761845, 35.743538 ], [ 139.762547, 35.743683 ], [ 139.762676, 35.743495 ], [ 139.763187, 35.743693 ], [ 139.763115, 35.743868 ], [ 139.764085, 35.744108 ], [ 139.76411, 35.742783 ], [ 139.765339, 35.741927 ], [ 139.765567, 35.74189 ], [ 139.765704, 35.741601 ], [ 139.768196, 35.741401 ], [ 139.768415, 35.739959 ], [ 139.76846, 35.739844 ], [ 139.768773, 35.739881 ], [ 139.768659, 35.739245 ], [ 139.769122, 35.738977 ], [ 139.769427, 35.739216 ], [ 139.769877, 35.739035 ], [ 139.770301, 35.738406 ], [ 139.770606, 35.738408 ], [ 139.770869, 35.73795 ], [ 139.765871, 35.736228 ], [ 139.765868, 35.736237 ], [ 139.763509, 35.735315 ], [ 139.762977, 35.735742 ], [ 139.764339, 35.734605 ], [ 139.763308, 35.733536 ], [ 139.762845, 35.733697 ], [ 139.762539, 35.733619 ], [ 139.762116, 35.733972 ], [ 139.761478, 35.733761 ], [ 139.761769, 35.733146 ], [ 139.761649, 35.733075 ], [ 139.761839, 35.732893 ], [ 139.761223, 35.732293 ], [ 139.760103, 35.731715 ], [ 139.758607, 35.732704 ], [ 139.756712, 35.733585 ], [ 139.754754, 35.734348 ], [ 139.753528, 35.735082 ], [ 139.75343, 35.734996 ], [ 139.752202, 35.735477 ], [ 139.751157, 35.735794 ], [ 139.74967, 35.736643 ], [ 139.749109, 35.737524 ], [ 139.748405, 35.7388 ], [ 139.747826, 35.739193 ], [ 139.746741, 35.739877 ], [ 139.746322, 35.738774 ], [ 139.745991, 35.738807 ], [ 139.745974, 35.739146 ], [ 139.745411, 35.739268 ], [ 139.744526, 35.739187 ], [ 139.744389, 35.738871 ], [ 139.74405, 35.738868 ], [ 139.744148, 35.740327 ], [ 139.744234, 35.740657 ], [ 139.744424, 35.740614 ], [ 139.74454, 35.740813 ], [ 139.744197, 35.74096 ], [ 139.744167, 35.741167 ], [ 139.742575, 35.741597 ], [ 139.741082, 35.74237 ], [ 139.740247, 35.741985 ], [ 139.735445, 35.740538 ], [ 139.734767, 35.740839 ], [ 139.734329, 35.741539 ], [ 139.73293, 35.742873 ], [ 139.73195, 35.743194 ], [ 139.732376, 35.743764 ], [ 139.732377, 35.744205 ], [ 139.732697, 35.744222 ], [ 139.732918, 35.744649 ], [ 139.732846, 35.744939 ], [ 139.731346, 35.745081 ], [ 139.729075, 35.744941 ], [ 139.727863, 35.745103 ], [ 139.727971, 35.745517 ], [ 139.727713, 35.744599 ], [ 139.727518, 35.743835 ], [ 139.726195, 35.742054 ], [ 139.724559, 35.740603 ], [ 139.724922, 35.740153 ], [ 139.725417, 35.740241 ], [ 139.725628, 35.74011 ], [ 139.725599, 35.739659 ], [ 139.725008, 35.740037 ], [ 139.72465, 35.739609 ], [ 139.724046, 35.739666 ], [ 139.723584, 35.740357 ], [ 139.72288, 35.740928 ], [ 139.721848, 35.74144 ], [ 139.720265, 35.741823 ], [ 139.720091, 35.741986 ], [ 139.719961, 35.743342 ], [ 139.719579, 35.744451 ], [ 139.719696, 35.745079 ], [ 139.719513, 35.745113 ], [ 139.71949, 35.745381 ], [ 139.719692, 35.745405 ], [ 139.719701, 35.745691 ], [ 139.719883, 35.745703 ], [ 139.720194, 35.746387 ], [ 139.720257, 35.746366 ], [ 139.720107, 35.746537 ], [ 139.720234, 35.746728 ], [ 139.721211, 35.746303 ], [ 139.721299, 35.74747 ], [ 139.722219, 35.747482 ], [ 139.722239, 35.747766 ], [ 139.721722, 35.747995 ], [ 139.721813, 35.748608 ], [ 139.721972, 35.748506 ], [ 139.72218, 35.748828 ], [ 139.721754, 35.749026 ], [ 139.72221, 35.750754 ], [ 139.722641, 35.750803 ], [ 139.722756, 35.752004 ], [ 139.722519, 35.752 ], [ 139.722509, 35.753106 ], [ 139.722281, 35.753381 ], [ 139.721997, 35.753641 ], [ 139.722017, 35.753907 ], [ 139.721021, 35.754273 ], [ 139.721199, 35.754586 ] ], [ [ 139.72223, 35.756844 ], [ 139.718435, 35.759314 ], [ 139.71844, 35.759305 ], [ 139.72223, 35.756844 ] ], [ [ 139.715729, 35.764153 ], [ 139.713468, 35.763573 ], [ 139.712988, 35.763417 ], [ 139.712622, 35.763303 ], [ 139.715729, 35.764153 ] ], [ [ 139.710032, 35.770554 ], [ 139.710014, 35.7706 ], [ 139.708829, 35.770266 ], [ 139.706163, 35.76956 ], [ 139.710032, 35.770554 ] ], [ [ 139.708127, 35.775721 ], [ 139.711536, 35.776522 ], [ 139.711435, 35.776505 ], [ 139.70811, 35.775758 ], [ 139.708829, 35.770266 ], [ 139.708127, 35.775721 ] ], [ [ 139.749486, 35.74864 ], [ 139.754617, 35.746597 ], [ 139.754408, 35.746711 ], [ 139.751307, 35.747962 ], [ 139.749486, 35.74864 ] ], [ [ 139.73455, 35.749004 ], [ 139.731591, 35.746847 ], [ 139.729075, 35.744941 ], [ 139.73455, 35.749004 ] ], [ [ 139.717012, 35.787648 ], [ 139.719882, 35.787354 ], [ 139.722844, 35.787153 ], [ 139.717012, 35.787648 ] ], [ [ 139.72122, 35.785932 ], [ 139.721254, 35.785984 ], [ 139.721255, 35.786163 ], [ 139.72122, 35.785932 ] ], [ [ 139.720646, 35.785172 ], [ 139.720607, 35.785001 ], [ 139.720876, 35.785409 ], [ 139.720646, 35.785172 ] ], [ [ 139.721439, 35.777776 ], [ 139.726253, 35.778313 ], [ 139.72273, 35.777997 ], [ 139.721439, 35.777776 ] ], [ [ 139.726043, 35.77547 ], [ 139.726095, 35.775258 ], [ 139.726229, 35.777487 ], [ 139.726747, 35.782471 ], [ 139.726253, 35.778313 ], [ 139.726043, 35.77547 ] ], [ [ 139.729943, 35.777749 ], [ 139.729342, 35.777793 ], [ 139.726229, 35.777487 ], [ 139.729943, 35.777749 ] ], [ [ 139.728456, 35.781943 ], [ 139.728335, 35.782036 ], [ 139.726754, 35.78247 ], [ 139.726747, 35.782471 ], [ 139.728456, 35.781943 ] ], [ [ 139.731629, 35.779235 ], [ 139.729509, 35.78113 ], [ 139.729207, 35.781363 ], [ 139.731629, 35.779235 ] ], [ [ 139.730005, 35.768327 ], [ 139.728905, 35.768026 ], [ 139.724749, 35.766853 ], [ 139.723493, 35.768863 ], [ 139.723585, 35.768659 ], [ 139.724768, 35.766818 ], [ 139.726445, 35.763822 ], [ 139.726494, 35.763763 ], [ 139.725828, 35.764932 ], [ 139.730916, 35.767154 ], [ 139.730107, 35.766863 ], [ 139.729637, 35.768206 ], [ 139.734274, 35.769535 ], [ 139.730017, 35.76838 ], [ 139.730148, 35.771495 ], [ 139.730005, 35.768327 ] ], [ [ 139.727106, 35.763018 ], [ 139.727485, 35.762608 ], [ 139.72684, 35.763341 ], [ 139.727106, 35.763018 ] ], [ [ 139.727583, 35.762501 ], [ 139.728304, 35.761946 ], [ 139.727485, 35.762608 ], [ 139.727583, 35.762501 ] ], [ [ 139.732075, 35.763374 ], [ 139.732677, 35.762206 ], [ 139.731129, 35.765677 ], [ 139.731391, 35.765037 ], [ 139.732075, 35.763374 ] ], [ [ 139.73285, 35.762266 ], [ 139.734173, 35.762983 ], [ 139.732677, 35.762206 ], [ 139.73285, 35.762266 ] ], [ [ 139.729402, 35.7611 ], [ 139.732101, 35.759222 ], [ 139.729152, 35.761293 ], [ 139.729402, 35.7611 ] ], [ [ 139.730294, 35.756654 ], [ 139.731634, 35.757456 ], [ 139.73157, 35.757515 ], [ 139.730294, 35.756654 ] ], [ [ 139.731181, 35.758126 ], [ 139.729346, 35.759825 ], [ 139.73157, 35.757515 ], [ 139.731181, 35.758126 ] ], [ [ 139.729372, 35.757207 ], [ 139.729671, 35.755109 ], [ 139.729851, 35.753821 ], [ 139.729874, 35.753771 ], [ 139.729572, 35.755938 ], [ 139.729372, 35.757207 ] ], [ [ 139.73037, 35.752549 ], [ 139.730382, 35.752552 ], [ 139.730369, 35.752552 ], [ 139.73037, 35.752549 ] ], [ [ 139.718357, 35.759438 ], [ 139.718386, 35.75948 ], [ 139.718347, 35.759455 ], [ 139.718357, 35.759438 ] ], [ [ 139.701625, 35.790088 ], [ 139.700317, 35.790302 ], [ 139.693294, 35.791078 ], [ 139.698823, 35.790465 ], [ 139.701625, 35.790088 ] ], [ [ 139.705706, 35.787049 ], [ 139.702004, 35.789889 ], [ 139.701625, 35.790088 ], [ 139.705706, 35.787049 ] ], [ [ 139.703864, 35.791204 ], [ 139.701163, 35.792771 ], [ 139.703481, 35.791384 ], [ 139.703864, 35.791204 ] ], [ [ 139.706074, 35.790203 ], [ 139.705116, 35.790613 ], [ 139.705747, 35.790316 ], [ 139.706074, 35.790203 ] ], [ [ 139.711835, 35.788712 ], [ 139.707185, 35.78982 ], [ 139.708029, 35.789528 ], [ 139.711835, 35.788712 ] ], [ [ 139.710257, 35.788398 ], [ 139.710258, 35.788398 ], [ 139.711693, 35.788382 ], [ 139.710242, 35.788457 ], [ 139.710257, 35.788398 ] ], [ [ 139.716724, 35.787673 ], [ 139.716709, 35.787674 ], [ 139.716707, 35.787486 ], [ 139.716724, 35.787673 ] ], [ [ 139.718126, 35.781863 ], [ 139.718138, 35.781871 ], [ 139.717645, 35.782882 ], [ 139.718126, 35.781863 ] ], [ [ 139.722015, 35.77128 ], [ 139.722025, 35.771688 ], [ 139.721826, 35.775317 ], [ 139.721788, 35.775298 ], [ 139.722015, 35.77128 ] ], [ [ 139.72222, 35.77164 ], [ 139.722201, 35.77169 ], [ 139.722592, 35.771804 ], [ 139.722025, 35.771688 ], [ 139.72222, 35.77164 ] ], [ [ 139.721432, 35.767282 ], [ 139.72145, 35.767278 ], [ 139.721247, 35.767757 ], [ 139.721432, 35.767282 ] ], [ [ 139.717961, 35.764764 ], [ 139.718684, 35.765039 ], [ 139.717568, 35.764656 ], [ 139.717961, 35.764764 ] ], [ [ 139.718699, 35.763556 ], [ 139.719546, 35.763896 ], [ 139.718622, 35.763554 ], [ 139.718928, 35.762682 ], [ 139.718699, 35.763556 ] ], [ [ 139.721799, 35.764282 ], [ 139.721624, 35.764303 ], [ 139.719546, 35.763896 ], [ 139.721799, 35.764282 ] ], [ [ 139.719322, 35.762526 ], [ 139.718971, 35.762559 ], [ 139.718994, 35.762494 ], [ 139.719322, 35.762526 ] ], [ [ 139.721299, 35.761574 ], [ 139.719701, 35.761595 ], [ 139.72004, 35.761582 ], [ 139.721299, 35.761574 ] ], [ [ 139.718649, 35.780568 ], [ 139.718441, 35.780602 ], [ 139.718486, 35.780521 ], [ 139.718649, 35.780568 ] ], [ [ 139.712274, 35.776829 ], [ 139.71282, 35.777058 ], [ 139.713195, 35.777369 ], [ 139.712274, 35.776829 ] ], [ [ 139.717096, 35.775803 ], [ 139.717075, 35.775786 ], [ 139.71717, 35.775692 ], [ 139.717088, 35.7759 ], [ 139.717096, 35.775803 ] ], [ [ 139.719163, 35.774231 ], [ 139.719145, 35.774242 ], [ 139.719109, 35.774119 ], [ 139.719494, 35.774566 ], [ 139.719163, 35.774231 ] ], [ [ 139.712584, 35.76401 ], [ 139.711247, 35.767556 ], [ 139.710685, 35.768943 ], [ 139.712584, 35.76401 ] ], [ [ 139.716721, 35.768676 ], [ 139.716304, 35.769502 ], [ 139.716474, 35.768983 ], [ 139.716721, 35.768676 ] ], [ [ 139.721643, 35.770311 ], [ 139.721629, 35.770317 ], [ 139.720043, 35.769599 ], [ 139.721643, 35.770311 ] ], [ [ 139.716787, 35.767553 ], [ 139.716773, 35.767575 ], [ 139.714669, 35.767521 ], [ 139.716787, 35.767553 ] ], [ [ 139.715987, 35.772057 ], [ 139.715385, 35.771965 ], [ 139.713296, 35.77125 ], [ 139.715805, 35.772019 ], [ 139.715987, 35.772057 ] ], [ [ 139.713018, 35.772871 ], [ 139.710784, 35.772555 ], [ 139.713016, 35.772866 ], [ 139.713296, 35.77125 ], [ 139.713018, 35.772871 ] ], [ [ 139.717505, 35.772403 ], [ 139.717397, 35.772355 ], [ 139.717568, 35.772391 ], [ 139.717505, 35.772403 ] ], [ [ 139.718336, 35.77117 ], [ 139.718251, 35.771224 ], [ 139.718283, 35.771171 ], [ 139.718336, 35.77117 ] ], [ [ 139.717675, 35.772826 ], [ 139.717865, 35.772976 ], [ 139.71772, 35.772939 ], [ 139.717675, 35.772826 ] ], [ [ 139.712793, 35.774377 ], [ 139.712934, 35.774575 ], [ 139.712664, 35.774448 ], [ 139.712788, 35.774411 ], [ 139.712793, 35.774377 ] ], [ [ 139.713782, 35.7746 ], [ 139.713194, 35.774697 ], [ 139.71306, 35.774634 ], [ 139.713782, 35.7746 ] ], [ [ 139.708639, 35.784256 ], [ 139.708116, 35.784103 ], [ 139.706901, 35.783401 ], [ 139.708639, 35.784256 ] ], [ [ 139.717024, 35.784242 ], [ 139.717193, 35.784191 ], [ 139.716668, 35.784764 ], [ 139.717024, 35.784242 ] ], [ [ 139.71156, 35.779783 ], [ 139.708349, 35.779314 ], [ 139.70995, 35.779501 ], [ 139.71156, 35.779783 ] ], [ [ 139.713622, 35.778981 ], [ 139.713524, 35.778611 ], [ 139.713878, 35.779297 ], [ 139.713622, 35.778981 ] ], [ [ 139.716741, 35.776925 ], [ 139.716729, 35.776881 ], [ 139.717033, 35.776526 ], [ 139.716741, 35.776925 ] ], [ [ 139.717512, 35.777925 ], [ 139.716813, 35.777176 ], [ 139.716768, 35.777018 ], [ 139.717512, 35.777925 ] ], [ [ 139.718872, 35.779417 ], [ 139.718974, 35.779642 ], [ 139.718762, 35.779328 ], [ 139.718872, 35.779417 ] ], [ [ 139.707983, 35.782346 ], [ 139.707979, 35.7824 ], [ 139.707976, 35.782391 ], [ 139.707983, 35.782346 ] ], [ [ 139.708052, 35.782587 ], [ 139.708221, 35.782915 ], [ 139.708173, 35.7829 ], [ 139.708052, 35.782587 ] ], [ [ 139.709643, 35.783479 ], [ 139.709654, 35.783473 ], [ 139.708914, 35.783934 ], [ 139.709643, 35.783479 ] ], [ [ 139.712943, 35.781805 ], [ 139.712948, 35.78181 ], [ 139.711534, 35.782509 ], [ 139.713002, 35.781755 ], [ 139.712943, 35.781805 ] ], [ [ 139.714403, 35.784011 ], [ 139.715176, 35.784008 ], [ 139.714407, 35.784019 ], [ 139.714403, 35.784011 ] ], [ [ 139.715467, 35.783314 ], [ 139.715535, 35.78328 ], [ 139.715176, 35.784008 ], [ 139.715467, 35.783314 ] ], [ [ 139.712617, 35.78055 ], [ 139.712763, 35.780716 ], [ 139.71255, 35.780502 ], [ 139.712617, 35.78055 ] ], [ [ 139.713389, 35.781427 ], [ 139.713324, 35.781482 ], [ 139.713312, 35.781339 ], [ 139.713389, 35.781427 ] ], [ [ 139.716689, 35.786143 ], [ 139.716749, 35.785934 ], [ 139.716692, 35.786337 ], [ 139.716689, 35.786143 ] ], [ [ 139.705648, 35.786997 ], [ 139.703711, 35.785278 ], [ 139.703821, 35.785358 ], [ 139.705648, 35.786997 ] ], [ [ 139.708185, 35.788122 ], [ 139.706649, 35.78766 ], [ 139.708689, 35.788204 ], [ 139.708185, 35.788122 ] ], [ [ 139.721892, 35.764271 ], [ 139.722211, 35.764179 ], [ 139.72221, 35.764233 ], [ 139.721892, 35.764271 ] ], [ [ 139.722197, 35.761393 ], [ 139.722223, 35.762942 ], [ 139.722218, 35.763403 ], [ 139.722193, 35.761375 ], [ 139.722145, 35.760876 ], [ 139.722197, 35.761393 ] ], [ [ 139.726481, 35.752055 ], [ 139.724615, 35.752033 ], [ 139.723302, 35.752012 ], [ 139.726481, 35.752055 ] ], [ [ 139.72351, 35.743448 ], [ 139.721804, 35.74503 ], [ 139.721809, 35.745015 ], [ 139.72351, 35.743448 ] ], [ [ 139.725941, 35.750128 ], [ 139.727022, 35.750119 ], [ 139.726875, 35.7502 ], [ 139.727715, 35.75073 ], [ 139.726691, 35.750142 ], [ 139.725798, 35.750189 ], [ 139.725941, 35.750128 ] ], [ [ 139.728105, 35.751806 ], [ 139.728194, 35.751896 ], [ 139.728136, 35.751891 ], [ 139.728105, 35.751806 ] ], [ [ 139.728293, 35.751905 ], [ 139.72872, 35.751696 ], [ 139.728461, 35.75192 ], [ 139.728293, 35.751905 ] ], [ [ 139.729552, 35.751847 ], [ 139.729511, 35.751891 ], [ 139.728999, 35.751559 ], [ 139.729056, 35.751531 ], [ 139.729552, 35.751847 ] ], [ [ 139.722904, 35.750545 ], [ 139.722924, 35.750525 ], [ 139.723037, 35.750584 ], [ 139.722904, 35.750545 ] ], [ [ 139.723109, 35.750621 ], [ 139.72332, 35.750731 ], [ 139.723672, 35.751289 ], [ 139.723109, 35.750621 ] ], [ [ 139.72729, 35.762341 ], [ 139.7274, 35.762023 ], [ 139.727507, 35.762184 ], [ 139.72729, 35.762341 ] ], [ [ 139.727708, 35.762038 ], [ 139.727602, 35.762115 ], [ 139.728184, 35.761213 ], [ 139.727708, 35.762038 ] ], [ [ 139.729001, 35.7581 ], [ 139.729331, 35.757467 ], [ 139.729324, 35.757509 ], [ 139.729001, 35.7581 ] ], [ [ 139.723258, 35.769382 ], [ 139.723423, 35.769018 ], [ 139.726817, 35.770345 ], [ 139.723412, 35.769116 ], [ 139.723258, 35.769382 ] ], [ [ 139.72695, 35.77012 ], [ 139.726782, 35.770415 ], [ 139.726817, 35.770345 ], [ 139.72695, 35.77012 ] ], [ [ 139.727352, 35.769437 ], [ 139.727978, 35.769665 ], [ 139.727345, 35.769449 ], [ 139.727352, 35.769437 ] ], [ [ 139.721288, 35.766278 ], [ 139.719082, 35.76519 ], [ 139.719657, 35.765409 ], [ 139.721288, 35.766278 ] ], [ [ 139.722187, 35.766462 ], [ 139.722129, 35.76645 ], [ 139.722204, 35.764825 ], [ 139.722187, 35.766462 ] ], [ [ 139.725712, 35.772529 ], [ 139.725731, 35.772491 ], [ 139.726154, 35.77502 ], [ 139.725712, 35.772529 ] ], [ [ 139.745869, 35.762133 ], [ 139.745826, 35.762135 ], [ 139.742335, 35.762153 ], [ 139.745869, 35.762133 ] ], [ [ 139.742431, 35.764278 ], [ 139.742343, 35.763932 ], [ 139.742215, 35.758952 ], [ 139.74225, 35.759681 ], [ 139.742335, 35.762153 ], [ 139.742431, 35.764278 ] ], [ [ 139.738056, 35.763902 ], [ 139.735992, 35.762937 ], [ 139.738033, 35.763889 ], [ 139.742343, 35.763932 ], [ 139.738056, 35.763902 ] ], [ [ 139.738003, 35.761462 ], [ 139.738036, 35.763204 ], [ 139.738033, 35.763889 ], [ 139.738003, 35.761462 ] ], [ [ 139.738656, 35.75908 ], [ 139.732888, 35.759458 ], [ 139.738645, 35.75908 ], [ 139.743487, 35.758823 ], [ 139.742215, 35.758952 ], [ 139.738656, 35.75908 ] ], [ [ 139.747102, 35.762089 ], [ 139.746981, 35.762093 ], [ 139.747311, 35.762004 ], [ 139.747102, 35.762089 ] ], [ [ 139.748464, 35.761533 ], [ 139.74837, 35.761572 ], [ 139.748477, 35.761514 ], [ 139.748464, 35.761533 ] ], [ [ 139.747918, 35.756485 ], [ 139.747869, 35.756568 ], [ 139.747807, 35.754611 ], [ 139.747918, 35.756485 ] ], [ [ 139.747703, 35.751171 ], [ 139.746986, 35.751175 ], [ 139.747001, 35.75117 ], [ 139.747791, 35.751091 ], [ 139.74812, 35.750862 ], [ 139.747483, 35.751351 ], [ 139.742675, 35.755069 ], [ 139.747703, 35.751171 ] ], [ [ 139.74757, 35.746201 ], [ 139.748898, 35.745442 ], [ 139.748445, 35.745736 ], [ 139.74535, 35.747405 ], [ 139.746715, 35.746635 ], [ 139.74757, 35.746201 ] ], [ [ 139.745443, 35.744004 ], [ 139.745029, 35.744252 ], [ 139.743897, 35.744652 ], [ 139.745443, 35.744004 ] ], [ [ 139.733178, 35.75837 ], [ 139.733433, 35.758109 ], [ 139.733338, 35.758243 ], [ 139.733178, 35.75837 ] ], [ [ 139.741486, 35.756096 ], [ 139.73865, 35.756108 ], [ 139.734971, 35.756071 ], [ 139.734972, 35.75607 ], [ 139.74193, 35.756061 ], [ 139.741486, 35.756096 ] ], [ [ 139.731144, 35.751893 ], [ 139.731289, 35.751827 ], [ 139.731142, 35.751956 ], [ 139.731144, 35.751893 ] ], [ [ 139.731532, 35.751718 ], [ 139.73156, 35.751753 ], [ 139.731487, 35.751738 ], [ 139.731532, 35.751718 ] ], [ [ 139.733387, 35.751818 ], [ 139.734546, 35.752138 ], [ 139.733243, 35.751837 ], [ 139.733387, 35.751818 ] ], [ [ 139.735899, 35.75235 ], [ 139.736478, 35.753058 ], [ 139.73589, 35.752344 ], [ 139.735899, 35.75235 ] ], [ [ 139.737347, 35.750793 ], [ 139.737814, 35.750249 ], [ 139.736304, 35.752076 ], [ 139.737347, 35.750793 ] ], [ [ 139.739271, 35.750376 ], [ 139.73969, 35.750738 ], [ 139.740214, 35.750889 ], [ 139.739816, 35.75087 ], [ 139.739271, 35.750376 ] ], [ [ 139.736173, 35.746225 ], [ 139.737611, 35.747383 ], [ 139.736322, 35.746406 ], [ 139.735446, 35.745384 ], [ 139.736173, 35.746225 ] ], [ [ 139.736698, 35.744855 ], [ 139.736407, 35.745563 ], [ 139.736656, 35.7449 ], [ 139.736698, 35.744855 ] ], [ [ 139.738926, 35.74857 ], [ 139.739061, 35.748763 ], [ 139.739036, 35.74879 ], [ 139.738926, 35.74857 ] ], [ [ 139.743077, 35.745116 ], [ 139.741411, 35.745243 ], [ 139.741595, 35.745163 ], [ 139.743077, 35.745116 ] ], [ [ 139.742394, 35.755015 ], [ 139.742277, 35.754626 ], [ 139.742562, 35.755131 ], [ 139.742394, 35.755015 ] ], [ [ 139.738711, 35.752285 ], [ 139.741457, 35.752721 ], [ 139.741522, 35.75281 ], [ 139.738711, 35.752285 ] ], [ [ 139.732778, 35.760084 ], [ 139.732771, 35.760549 ], [ 139.732755, 35.760214 ], [ 139.732778, 35.760084 ] ], [ [ 139.748458, 35.740719 ], [ 139.749746, 35.739902 ], [ 139.748836, 35.740543 ], [ 139.748458, 35.740719 ] ], [ [ 139.754248, 35.740073 ], [ 139.754227, 35.739833 ], [ 139.754546, 35.740855 ], [ 139.754248, 35.740073 ] ], [ [ 139.764589, 35.739528 ], [ 139.764503, 35.739707 ], [ 139.763987, 35.740368 ], [ 139.762912, 35.739722 ], [ 139.763128, 35.739725 ], [ 139.763979, 35.740332 ], [ 139.764589, 35.739528 ] ], [ [ 139.761494, 35.736617 ], [ 139.762031, 35.736545 ], [ 139.761514, 35.736626 ], [ 139.761494, 35.736617 ] ], [ [ 139.754115, 35.739472 ], [ 139.754133, 35.739529 ], [ 139.753529, 35.738428 ], [ 139.754115, 35.739472 ] ], [ [ 139.755706, 35.738167 ], [ 139.755868, 35.737866 ], [ 139.755411, 35.739008 ], [ 139.755706, 35.738167 ] ], [ [ 139.756416, 35.736849 ], [ 139.756462, 35.736902 ], [ 139.756319, 35.737028 ], [ 139.756416, 35.736849 ] ], [ [ 139.757184, 35.736297 ], [ 139.757341, 35.736717 ], [ 139.757179, 35.736321 ], [ 139.757184, 35.736297 ] ], [ [ 139.758873, 35.736736 ], [ 139.758767, 35.736747 ], [ 139.758619, 35.736526 ], [ 139.758873, 35.736736 ] ], [ [ 139.759105, 35.734201 ], [ 139.759514, 35.736807 ], [ 139.759487, 35.73667 ], [ 139.759105, 35.734201 ] ], [ [ 139.759706, 35.73762 ], [ 139.759666, 35.737575 ], [ 139.759661, 35.73755 ], [ 139.759706, 35.73762 ] ], [ [ 139.757127, 35.734198 ], [ 139.757219, 35.734653 ], [ 139.757293, 35.735806 ], [ 139.757127, 35.734198 ] ], [ [ 139.765008, 35.738659 ], [ 139.764752, 35.73919 ], [ 139.765829, 35.736346 ], [ 139.765008, 35.738659 ] ], [ [ 139.768637, 35.739124 ], [ 139.766169, 35.739112 ], [ 139.768128, 35.739095 ], [ 139.768637, 35.739124 ] ], [ [ 139.749254, 35.748727 ], [ 139.748693, 35.748936 ], [ 139.748178, 35.749014 ], [ 139.749254, 35.748727 ] ], [ [ 139.747821, 35.743683 ], [ 139.747364, 35.743801 ], [ 139.748507, 35.74336 ], [ 139.747821, 35.743683 ] ], [ [ 139.749969, 35.742301 ], [ 139.750029, 35.742756 ], [ 139.749587, 35.741513 ], [ 139.749969, 35.742301 ] ], [ [ 139.751553, 35.743926 ], [ 139.752142, 35.74359 ], [ 139.753677, 35.742882 ], [ 139.751553, 35.743926 ] ], [ [ 139.754851, 35.742159 ], [ 139.754543, 35.74211 ], [ 139.754563, 35.742092 ], [ 139.754851, 35.742159 ] ], [ [ 139.756797, 35.744615 ], [ 139.756098, 35.74224 ], [ 139.756834, 35.744627 ], [ 139.756797, 35.744615 ] ], [ [ 139.750206, 35.753908 ], [ 139.751046, 35.753817 ], [ 139.750204, 35.75394 ], [ 139.750206, 35.753908 ] ], [ [ 139.750196, 35.754076 ], [ 139.750199, 35.754031 ], [ 139.75022, 35.754111 ], [ 139.750196, 35.754076 ] ], [ [ 139.749465, 35.763439 ], [ 139.74942, 35.7628 ], [ 139.749531, 35.764294 ], [ 139.749434, 35.763442 ], [ 139.749159, 35.763448 ], [ 139.749465, 35.763439 ] ], [ [ 139.74712, 35.76371 ], [ 139.748404, 35.763324 ], [ 139.74832, 35.763455 ], [ 139.74712, 35.76371 ] ] ], [ [ [ 139.729637, 35.768206 ], [ 139.730094, 35.766869 ], [ 139.725828, 35.764932 ], [ 139.724768, 35.766818 ], [ 139.724749, 35.766853 ], [ 139.729637, 35.768206 ] ] ] ] } },
{ "type": "Feature", "properties": { "ward": "千代田区" }, "geometry": { "type": "Polygon", "coordinates": [ [ [ 139.74503, 35.670948 ], [ 139.74306, 35.67137 ], [ 139.738831, 35.673858 ], [ 139.738211, 35.675441 ], [ 139.737263, 35.676703 ], [ 139.736994, 35.677679 ], [ 139.737128, 35.678087 ], [ 139.736996, 35.678491 ], [ 139.736898, 35.678869 ], [ 139.734739, 35.678812 ], [ 139.73346, 35.679083 ], [ 139.732684, 35.680542 ], [ 139.731118, 35.68198 ], [ 139.730353, 35.683439 ], [ 139.729882, 35.684541 ], [ 139.729953, 35.684669 ], [ 139.73025, 35.684594 ], [ 139.730371, 35.684851 ], [ 139.730088, 35.684932 ], [ 139.730309, 35.685974 ], [ 139.730467, 35.686351 ], [ 139.730721, 35.687521 ], [ 139.730929, 35.688016 ], [ 139.730724, 35.688138 ], [ 139.731291, 35.689321 ], [ 139.735448, 35.69177 ], [ 139.737594, 35.693252 ], [ 139.739209, 35.695234 ], [ 139.740313, 35.696845 ], [ 139.743134, 35.700252 ], [ 139.743761, 35.699969 ], [ 139.743426, 35.700137 ], [ 139.744277, 35.701343 ], [ 139.743798, 35.701627 ], [ 139.743921, 35.701754 ], [ 139.74377, 35.701889 ], [ 139.744353, 35.702376 ], [ 139.744759, 35.702302 ], [ 139.744968, 35.702441 ], [ 139.746352, 35.7029 ], [ 139.749209, 35.702841 ], [ 139.750843, 35.702638 ], [ 139.750842, 35.702629 ], [ 139.751839, 35.702554 ], [ 139.75523, 35.702116 ], [ 139.7566, 35.701801 ], [ 139.757688, 35.701573 ], [ 139.761579, 35.701499 ], [ 139.762284, 35.701225 ], [ 139.762941, 35.700502 ], [ 139.763337, 35.700301 ], [ 139.765, 35.699885 ], [ 139.766871, 35.699296 ], [ 139.7664, 35.69952 ], [ 139.76652, 35.699795 ], [ 139.767008, 35.699635 ], [ 139.767252, 35.7001 ], [ 139.768305, 35.699498 ], [ 139.768427, 35.699801 ], [ 139.768583, 35.699803 ], [ 139.768617, 35.700084 ], [ 139.768444, 35.700076 ], [ 139.768018, 35.700496 ], [ 139.768145, 35.700796 ], [ 139.767335, 35.701128 ], [ 139.767158, 35.700966 ], [ 139.766941, 35.701101 ], [ 139.76697, 35.701291 ], [ 139.766138, 35.701796 ], [ 139.766532, 35.702657 ], [ 139.766673, 35.702652 ], [ 139.766657, 35.702465 ], [ 139.768119, 35.70262 ], [ 139.768141, 35.702859 ], [ 139.76821, 35.702864 ], [ 139.768058, 35.70286 ], [ 139.767991, 35.703289 ], [ 139.769315, 35.703279 ], [ 139.769419, 35.703686 ], [ 139.769807, 35.703703 ], [ 139.769934, 35.705216 ], [ 139.771875, 35.70509 ], [ 139.773249, 35.704988 ], [ 139.773019, 35.702855 ], [ 139.771655, 35.702947 ], [ 139.773715, 35.7028 ], [ 139.773379, 35.701742 ], [ 139.775062, 35.701636 ], [ 139.77559, 35.701586 ], [ 139.775514, 35.700571 ], [ 139.780535, 35.700192 ], [ 139.780304, 35.698674 ], [ 139.780179, 35.697888 ], [ 139.782824, 35.697637 ], [ 139.78273, 35.696638 ], [ 139.782679, 35.696176 ], [ 139.781742, 35.696298 ], [ 139.781651, 35.695235 ], [ 139.778621, 35.695412 ], [ 139.778442, 35.695414 ], [ 139.782875, 35.695142 ], [ 139.782804, 35.694692 ], [ 139.780289, 35.692862 ], [ 139.779227, 35.693913 ], [ 139.779255, 35.69386 ], [ 139.779949, 35.693191 ], [ 139.778761, 35.692353 ], [ 139.775212, 35.690972 ], [ 139.773827, 35.690493 ], [ 139.769651, 35.689153 ], [ 139.770166, 35.690386 ], [ 139.770641, 35.691897 ], [ 139.769637, 35.689124 ], [ 139.768795, 35.688837 ], [ 139.768135, 35.688595 ], [ 139.766692, 35.688853 ], [ 139.768385, 35.688541 ], [ 139.770268, 35.686394 ], [ 139.770921, 35.685069 ], [ 139.770856, 35.684366 ], [ 139.770993, 35.68433 ], [ 139.770808, 35.683798 ], [ 139.770646, 35.683829 ], [ 139.770541, 35.683683 ], [ 139.770594, 35.683672 ], [ 139.770643, 35.683416 ], [ 139.77017, 35.68246 ], [ 139.769782, 35.681853 ], [ 139.769672, 35.681926 ], [ 139.766641, 35.677225 ], [ 139.765241, 35.675224 ], [ 139.763927, 35.673395 ], [ 139.760907, 35.672533 ], [ 139.760395, 35.672076 ], [ 139.758529, 35.668565 ], [ 139.755454, 35.669563 ], [ 139.752081, 35.670613 ], [ 139.751793, 35.670139 ], [ 139.749624, 35.670876 ], [ 139.749414, 35.670944 ], [ 139.747532, 35.669534 ], [ 139.746426, 35.670281 ], [ 139.744947, 35.670581 ], [ 139.74503, 35.670948 ] ], [ [ 139.764169, 35.698264 ], [ 139.763166, 35.696271 ], [ 139.763191, 35.696262 ], [ 139.764028, 35.697971 ], [ 139.765, 35.699885 ], [ 139.764169, 35.698264 ] ], [ [ 139.772865, 35.698944 ], [ 139.772839, 35.698613 ], [ 139.772928, 35.699205 ], [ 139.773077, 35.699878 ], [ 139.773379, 35.701742 ], [ 139.772865, 35.698944 ] ], [ [ 139.779011, 35.698703 ], [ 139.779604, 35.698689 ], [ 139.780304, 35.698674 ], [ 139.779011, 35.698703 ] ], [ [ 139.773626, 35.690996 ], [ 139.773492, 35.691318 ], [ 139.773827, 35.690493 ], [ 139.773626, 35.690996 ] ], [ [ 139.764199, 35.689267 ], [ 139.76669, 35.688843 ], [ 139.766692, 35.688853 ], [ 139.764199, 35.689267 ] ], [ [ 139.757631, 35.67308 ], [ 139.759597, 35.674987 ], [ 139.757561, 35.673021 ], [ 139.75616, 35.67072 ], [ 139.755454, 35.669563 ], [ 139.757631, 35.67308 ] ], [ [ 139.759619, 35.675051 ], [ 139.759347, 35.675296 ], [ 139.759597, 35.674987 ], [ 139.759619, 35.675051 ] ], [ [ 139.759706, 35.699595 ], [ 139.759729, 35.699611 ], [ 139.759871, 35.699753 ], [ 139.759706, 35.699595 ] ], [ [ 139.760685, 35.696897 ], [ 139.760715, 35.697036 ], [ 139.760735, 35.697254 ], [ 139.760685, 35.696897 ] ], [ [ 139.763497, 35.694376 ], [ 139.763429, 35.695572 ], [ 139.763391, 35.696189 ], [ 139.763497, 35.694376 ] ], [ [ 139.765053, 35.695612 ], [ 139.765259, 35.693867 ], [ 139.765055, 35.695601 ], [ 139.765492, 35.695479 ], [ 139.765484, 35.695492 ], [ 139.765156, 35.695618 ], [ 139.763429, 35.695572 ], [ 139.765053, 35.695612 ] ], [ [ 139.766034, 35.696564 ], [ 139.766008, 35.696576 ], [ 139.765484, 35.695492 ], [ 139.766034, 35.696564 ] ], [ [ 139.760811, 35.691232 ], [ 139.761844, 35.690475 ], [ 139.761957, 35.69044 ], [ 139.760811, 35.691232 ] ], [ [ 139.75897, 35.691661 ], [ 139.758892, 35.691244 ], [ 139.758925, 35.691244 ], [ 139.758823, 35.690155 ], [ 139.758928, 35.691268 ], [ 139.75897, 35.691661 ] ], [ [ 139.758538, 35.693835 ], [ 139.758455, 35.694203 ], [ 139.75897, 35.691661 ], [ 139.758538, 35.693835 ] ], [ [ 139.759784, 35.683181 ], [ 139.760251, 35.684458 ], [ 139.760536, 35.685321 ], [ 139.759784, 35.683181 ] ], [ [ 139.760106, 35.67645 ], [ 139.76086, 35.67852 ], [ 139.76213, 35.682204 ], [ 139.762695, 35.684134 ], [ 139.760106, 35.67645 ] ], [ [ 139.760956, 35.673438 ], [ 139.760822, 35.673257 ], [ 139.763643, 35.675593 ], [ 139.760956, 35.673438 ] ], [ [ 139.761282, 35.695517 ], [ 139.761114, 35.693829 ], [ 139.76273, 35.693825 ], [ 139.761125, 35.693842 ], [ 139.761282, 35.695517 ] ], [ [ 139.752204, 35.698766 ], [ 139.750737, 35.701437 ], [ 139.751412, 35.700203 ], [ 139.752204, 35.698766 ] ], [ [ 139.75236, 35.697901 ], [ 139.752345, 35.697903 ], [ 139.752676, 35.696151 ], [ 139.752558, 35.696799 ], [ 139.752565, 35.696802 ], [ 139.752204, 35.698766 ], [ 139.75236, 35.697901 ] ], [ [ 139.747414, 35.699224 ], [ 139.747515, 35.699392 ], [ 139.747457, 35.699342 ], [ 139.747414, 35.699224 ] ], [ [ 139.746963, 35.699495 ], [ 139.746574, 35.69958 ], [ 139.747457, 35.699342 ], [ 139.746963, 35.699495 ] ], [ [ 139.749254, 35.694737 ], [ 139.749034, 35.694688 ], [ 139.749037, 35.694683 ], [ 139.749254, 35.694737 ] ], [ [ 139.747136, 35.691487 ], [ 139.747666, 35.692234 ], [ 139.747121, 35.691625 ], [ 139.747136, 35.691487 ] ], [ [ 139.74591, 35.69146 ], [ 139.747176, 35.691262 ], [ 139.747952, 35.689881 ], [ 139.747146, 35.691399 ], [ 139.747159, 35.691278 ], [ 139.74591, 35.69146 ] ], [ [ 139.742946, 35.685383 ], [ 139.74483, 35.685197 ], [ 139.744631, 35.683784 ], [ 139.745069, 35.686098 ], [ 139.744841, 35.685203 ], [ 139.742946, 35.685383 ] ], [ [ 139.744584, 35.682313 ], [ 139.744306, 35.683573 ], [ 139.744385, 35.683118 ], [ 139.744584, 35.682313 ] ], [ [ 139.747253, 35.679528 ], [ 139.746099, 35.679951 ], [ 139.746136, 35.679894 ], [ 139.747253, 35.679528 ] ], [ [ 139.751357, 35.677423 ], [ 139.749643, 35.677486 ], [ 139.749675, 35.677474 ], [ 139.751357, 35.677423 ] ], [ [ 139.747806, 35.674301 ], [ 139.748837, 35.676051 ], [ 139.747372, 35.67366 ], [ 139.747806, 35.674301 ] ], [ [ 139.74606, 35.672497 ], [ 139.746261, 35.672596 ], [ 139.747372, 35.67366 ], [ 139.74606, 35.672497 ] ], [ [ 139.753504, 35.677888 ], [ 139.750525, 35.67315 ], [ 139.750522, 35.673143 ], [ 139.753504, 35.677888 ] ], [ [ 139.755883, 35.676868 ], [ 139.755875, 35.676728 ], [ 139.755962, 35.67685 ], [ 139.753231, 35.678041 ], [ 139.753504, 35.677888 ], [ 139.755883, 35.676868 ] ], [ [ 139.732417, 35.685669 ], [ 139.733259, 35.686171 ], [ 139.733233, 35.686161 ], [ 139.732417, 35.685669 ] ], [ [ 139.739191, 35.685735 ], [ 139.737874, 35.687865 ], [ 139.737873, 35.687865 ], [ 139.738906, 35.686047 ], [ 139.73895, 35.686092 ], [ 139.739191, 35.685735 ] ], [ [ 139.741637, 35.685683 ], [ 139.741641, 35.685719 ], [ 139.739191, 35.685735 ], [ 139.741637, 35.685683 ] ], [ [ 139.734635, 35.682242 ], [ 139.734959, 35.682297 ], [ 139.734596, 35.682271 ], [ 139.734635, 35.682242 ] ], [ [ 139.73561, 35.682408 ], [ 139.736618, 35.682952 ], [ 139.735332, 35.682361 ], [ 139.73561, 35.682408 ] ], [ [ 139.741669, 35.683406 ], [ 139.740282, 35.683259 ], [ 139.738192, 35.682961 ], [ 139.741669, 35.683406 ] ], [ [ 139.743034, 35.679331 ], [ 139.73904, 35.678695 ], [ 139.740128, 35.678804 ], [ 139.743034, 35.679331 ] ], [ [ 139.745845, 35.67239 ], [ 139.744728, 35.672086 ], [ 139.743738, 35.671831 ], [ 139.745535, 35.672236 ], [ 139.745845, 35.67239 ] ], [ [ 139.733487, 35.685545 ], [ 139.733907, 35.685133 ], [ 139.734482, 35.68484 ], [ 139.733487, 35.685545 ] ], [ [ 139.737254, 35.684971 ], [ 139.737263, 35.684951 ], [ 139.738054, 35.685164 ], [ 139.73513, 35.684583 ], [ 139.737254, 35.684971 ] ], [ [ 139.736392, 35.69118 ], [ 139.740877, 35.692499 ], [ 139.736362, 35.691178 ], [ 139.736392, 35.69118 ] ], [ [ 139.743897, 35.693435 ], [ 139.745259, 35.693985 ], [ 139.740877, 35.692499 ], [ 139.743897, 35.693435 ] ], [ [ 139.743676, 35.692139 ], [ 139.741315, 35.691447 ], [ 139.740939, 35.691318 ], [ 139.746191, 35.692871 ], [ 139.743676, 35.692139 ] ], [ [ 139.742766, 35.689505 ], [ 139.74037, 35.688787 ], [ 139.738379, 35.688052 ], [ 139.742766, 35.689505 ] ], [ [ 139.745033, 35.696075 ], [ 139.744566, 35.697091 ], [ 139.744962, 35.696119 ], [ 139.744273, 35.695918 ], [ 139.745033, 35.696075 ] ], [ [ 139.748294, 35.700068 ], [ 139.750152, 35.698057 ], [ 139.750018, 35.698239 ], [ 139.748294, 35.700068 ] ], [ [ 139.754445, 35.697575 ], [ 139.75428, 35.697506 ], [ 139.754412, 35.69756 ], [ 139.756707, 35.69851 ], [ 139.754445, 35.697575 ] ], [ [ 139.758024, 35.695956 ], [ 139.758223, 35.695235 ], [ 139.758061, 35.695957 ], [ 139.756707, 35.69851 ], [ 139.758024, 35.695956 ] ], [ [ 139.757733, 35.698919 ], [ 139.756752, 35.698529 ], [ 139.756707, 35.69851 ], [ 139.757733, 35.698919 ] ], [ [ 139.755752, 35.694834 ], [ 139.755699, 35.695208 ], [ 139.755825, 35.694123 ], [ 139.756112, 35.693297 ], [ 139.755752, 35.694834 ] ], [ [ 139.755736, 35.692014 ], [ 139.755331, 35.692691 ], [ 139.75581, 35.691861 ], [ 139.755736, 35.692014 ] ], [ [ 139.755943, 35.692754 ], [ 139.755833, 35.693222 ], [ 139.755773, 35.693335 ], [ 139.755943, 35.692754 ] ], [ [ 139.753033, 35.69501 ], [ 139.752898, 35.695235 ], [ 139.752939, 35.695098 ], [ 139.753033, 35.69501 ] ], [ [ 139.753745, 35.694343 ], [ 139.753971, 35.694268 ], [ 139.75353, 35.694544 ], [ 139.753745, 35.694343 ] ], [ [ 139.755557, 35.693745 ], [ 139.755518, 35.69382 ], [ 139.754551, 35.694077 ], [ 139.755557, 35.693745 ] ], [ [ 139.758171, 35.699004 ], [ 139.759921, 35.696747 ], [ 139.759946, 35.696725 ], [ 139.758719, 35.698437 ], [ 139.758171, 35.699004 ] ], [ [ 139.758535, 35.700521 ], [ 139.758131, 35.700897 ], [ 139.758468, 35.700533 ], [ 139.758535, 35.700521 ] ], [ [ 139.750869, 35.697082 ], [ 139.750897, 35.69701 ], [ 139.75092, 35.697013 ], [ 139.750869, 35.697082 ] ], [ [ 139.765128, 35.693838 ], [ 139.76516, 35.693845 ], [ 139.762785, 35.694076 ], [ 139.763905, 35.693944 ], [ 139.765128, 35.693838 ] ], [ [ 139.771564, 35.694533 ], [ 139.771492, 35.695429 ], [ 139.771356, 35.695638 ], [ 139.771563, 35.69452 ], [ 139.771564, 35.694533 ] ], [ [ 139.772087, 35.694661 ], [ 139.774648, 35.695353 ], [ 139.771564, 35.694533 ], [ 139.772087, 35.694661 ] ], [ [ 139.765889, 35.694008 ], [ 139.766425, 35.694127 ], [ 139.766823, 35.694265 ], [ 139.765889, 35.694008 ] ], [ [ 139.767425, 35.692185 ], [ 139.767432, 35.692187 ], [ 139.766122, 35.69233 ], [ 139.764845, 35.692444 ], [ 139.764845, 35.692443 ], [ 139.767425, 35.692185 ] ], [ [ 139.768994, 35.692535 ], [ 139.771285, 35.693145 ], [ 139.77024, 35.692876 ], [ 139.768994, 35.692535 ] ], [ [ 139.769768, 35.694031 ], [ 139.769305, 35.695127 ], [ 139.77024, 35.692876 ], [ 139.769768, 35.694031 ] ], [ [ 139.771345, 35.693261 ], [ 139.771458, 35.693479 ], [ 139.771562, 35.694511 ], [ 139.771345, 35.693261 ] ], [ [ 139.769096, 35.692142 ], [ 139.768757, 35.689477 ], [ 139.768924, 35.690437 ], [ 139.769096, 35.692142 ] ], [ [ 139.767345, 35.696014 ], [ 139.767423, 35.695981 ], [ 139.76792, 35.696159 ], [ 139.768338, 35.696328 ], [ 139.767345, 35.696014 ] ], [ [ 139.767036, 35.69524 ], [ 139.767448, 35.695397 ], [ 139.768152, 35.69568 ], [ 139.767036, 35.69524 ] ], [ [ 139.769184, 35.700321 ], [ 139.768882, 35.698342 ], [ 139.769143, 35.699862 ], [ 139.769184, 35.700321 ] ], [ [ 139.774636, 35.696921 ], [ 139.774808, 35.696914 ], [ 139.775351, 35.69691 ], [ 139.774636, 35.696921 ] ], [ [ 139.775053, 35.694197 ], [ 139.774658, 35.694091 ], [ 139.775061, 35.694189 ], [ 139.775351, 35.69691 ], [ 139.775053, 35.694197 ] ], [ [ 139.778306, 35.696855 ], [ 139.780044, 35.696845 ], [ 139.775351, 35.69691 ], [ 139.778306, 35.696855 ] ], [ [ 139.780139, 35.697636 ], [ 139.780058, 35.697129 ], [ 139.780044, 35.696845 ], [ 139.780139, 35.697636 ] ], [ [ 139.775365, 35.697261 ], [ 139.775366, 35.697591 ], [ 139.775383, 35.698518 ], [ 139.775392, 35.698786 ], [ 139.775399, 35.699041 ], [ 139.775389, 35.69891 ], [ 139.775351, 35.69691 ], [ 139.775365, 35.697261 ] ], [ [ 139.776831, 35.69722 ], [ 139.776713, 35.697225 ], [ 139.775365, 35.697261 ], [ 139.776831, 35.69722 ] ], [ [ 139.774917, 35.691706 ], [ 139.774741, 35.692336 ], [ 139.774361, 35.693306 ], [ 139.773974, 35.694189 ], [ 139.774298, 35.693392 ], [ 139.774532, 35.692864 ], [ 139.774687, 35.69246 ], [ 139.774905, 35.691733 ], [ 139.774917, 35.691706 ] ], [ [ 139.774937, 35.693473 ], [ 139.774916, 35.693467 ], [ 139.774741, 35.692336 ], [ 139.774937, 35.693473 ] ], [ [ 139.775004, 35.698918 ], [ 139.775007, 35.699145 ], [ 139.774989, 35.698045 ], [ 139.775004, 35.698918 ] ], [ [ 139.774888, 35.699669 ], [ 139.774282, 35.699739 ], [ 139.77428, 35.699718 ], [ 139.774888, 35.699669 ] ], [ [ 139.775072, 35.700107 ], [ 139.774942, 35.700111 ], [ 139.774989, 35.700053 ], [ 139.775072, 35.700107 ] ], [ [ 139.775088, 35.700117 ], [ 139.774936, 35.700218 ], [ 139.77508, 35.700112 ], [ 139.775088, 35.700117 ] ] ] } },
{ "type": "Feature", "properties": { "ward": "台東区" }, "geometry": { "type": "MultiPolygon", "coordinates": [ [ [ [ 139.773019, 35.702855 ], [ 139.773249, 35.704988 ], [ 139.771992, 35.705084 ], [ 139.769934, 35.705216 ], [ 139.770085, 35.707358 ], [ 139.772331, 35.707208 ], [ 139.772437, 35.708047 ], [ 139.77246, 35.708317 ], [ 139.771562, 35.708311 ], [ 139.771451, 35.709134 ], [ 139.769805, 35.708797 ], [ 139.769159, 35.708705 ], [ 139.768807, 35.708956 ], [ 139.768554, 35.708716 ], [ 139.768156, 35.708629 ], [ 139.767973, 35.708761 ], [ 139.766898, 35.708652 ], [ 139.766912, 35.70917 ], [ 139.767171, 35.709174 ], [ 139.767171, 35.709423 ], [ 139.766853, 35.709422 ], [ 139.766861, 35.710295 ], [ 139.766733, 35.710374 ], [ 139.768046, 35.710253 ], [ 139.768076, 35.711053 ], [ 139.766942, 35.711098 ], [ 139.766946, 35.711327 ], [ 139.766744, 35.71137 ], [ 139.767581, 35.711477 ], [ 139.767753, 35.712585 ], [ 139.767352, 35.712999 ], [ 139.765627, 35.713534 ], [ 139.765735, 35.713932 ], [ 139.765569, 35.714254 ], [ 139.766027, 35.714976 ], [ 139.765922, 35.715717 ], [ 139.765313, 35.716761 ], [ 139.764661, 35.716858 ], [ 139.764426, 35.717232 ], [ 139.764899, 35.717504 ], [ 139.765938, 35.716496 ], [ 139.766759, 35.716789 ], [ 139.767731, 35.715614 ], [ 139.768733, 35.71572 ], [ 139.768283, 35.716576 ], [ 139.767887, 35.717307 ], [ 139.766859, 35.7184 ], [ 139.765357, 35.720007 ], [ 139.763566, 35.721507 ], [ 139.763413, 35.721919 ], [ 139.764265, 35.724593 ], [ 139.765722, 35.724062 ], [ 139.764257, 35.724605 ], [ 139.764123, 35.725101 ], [ 139.764821, 35.727623 ], [ 139.764372, 35.728787 ], [ 139.763824, 35.72967 ], [ 139.762206, 35.73162 ], [ 139.762807, 35.731548 ], [ 139.764462, 35.730739 ], [ 139.765085, 35.73026 ], [ 139.765555, 35.729538 ], [ 139.765643, 35.728866 ], [ 139.765537, 35.728544 ], [ 139.76581, 35.727699 ], [ 139.766686, 35.727651 ], [ 139.766741, 35.727462 ], [ 139.767172, 35.72733 ], [ 139.768335, 35.727656 ], [ 139.770081, 35.728061 ], [ 139.770959, 35.727308 ], [ 139.771191, 35.727498 ], [ 139.772246, 35.726858 ], [ 139.772796, 35.726333 ], [ 139.772599, 35.726194 ], [ 139.773887, 35.725158 ], [ 139.772975, 35.725974 ], [ 139.773276, 35.726187 ], [ 139.773481, 35.726033 ], [ 139.774099, 35.72662 ], [ 139.776771, 35.725255 ], [ 139.778168, 35.72493 ], [ 139.778945, 35.724912 ], [ 139.78191, 35.724716 ], [ 139.781271, 35.72479 ], [ 139.781277, 35.725312 ], [ 139.78214, 35.725533 ], [ 139.7823, 35.726473 ], [ 139.782643, 35.72645 ], [ 139.782984, 35.726654 ], [ 139.783607, 35.727472 ], [ 139.784251, 35.727722 ], [ 139.78585, 35.727559 ], [ 139.788374, 35.727989 ], [ 139.789662, 35.728698 ], [ 139.791479, 35.731255 ], [ 139.792123, 35.73106 ], [ 139.792499, 35.730863 ], [ 139.792398, 35.730367 ], [ 139.792689, 35.730082 ], [ 139.793129, 35.730368 ], [ 139.794259, 35.730331 ], [ 139.794298, 35.729783 ], [ 139.795075, 35.729792 ], [ 139.795185, 35.728771 ], [ 139.793671, 35.728703 ], [ 139.799401, 35.728942 ], [ 139.799965, 35.727969 ], [ 139.799487, 35.728924 ], [ 139.801525, 35.729048 ], [ 139.805376, 35.728486 ], [ 139.809756, 35.727948 ], [ 139.809636, 35.725484 ], [ 139.804964, 35.726265 ], [ 139.809629, 35.72539 ], [ 139.809055, 35.722614 ], [ 139.808057, 35.719609 ], [ 139.806965, 35.717816 ], [ 139.805439, 35.716169 ], [ 139.803415, 35.714161 ], [ 139.802006, 35.712837 ], [ 139.798964, 35.710056 ], [ 139.797409, 35.708232 ], [ 139.795131, 35.704363 ], [ 139.793404, 35.700951 ], [ 139.791806, 35.698617 ], [ 139.790337, 35.697002 ], [ 139.789349, 35.695721 ], [ 139.788942, 35.694779 ], [ 139.785416, 35.695851 ], [ 139.787007, 35.698515 ], [ 139.78695, 35.69843 ], [ 139.784629, 35.698819 ], [ 139.782962, 35.698963 ], [ 139.782824, 35.697637 ], [ 139.780169, 35.697889 ], [ 139.780376, 35.69915 ], [ 139.780925, 35.70223 ], [ 139.780535, 35.700192 ], [ 139.775488, 35.700574 ], [ 139.775584, 35.701586 ], [ 139.773379, 35.701742 ], [ 139.773708, 35.702778 ], [ 139.773019, 35.702855 ] ], [ [ 139.767914, 35.7147 ], [ 139.767771, 35.715511 ], [ 139.769122, 35.715309 ], [ 139.767731, 35.715614 ], [ 139.767914, 35.7147 ] ], [ [ 139.769481, 35.714645 ], [ 139.769577, 35.714579 ], [ 139.769122, 35.715309 ], [ 139.769481, 35.714645 ] ], [ [ 139.766657, 35.72379 ], [ 139.766877, 35.723765 ], [ 139.765722, 35.724062 ], [ 139.766657, 35.72379 ] ], [ [ 139.788206, 35.700291 ], [ 139.787863, 35.699806 ], [ 139.787007, 35.698515 ], [ 139.788206, 35.700291 ] ], [ [ 139.786023, 35.722621 ], [ 139.786551, 35.722636 ], [ 139.78602, 35.722623 ], [ 139.786023, 35.722621 ] ], [ [ 139.783863, 35.71986 ], [ 139.784031, 35.719804 ], [ 139.785917, 35.719191 ], [ 139.786572, 35.718984 ], [ 139.783863, 35.71986 ] ], [ [ 139.781645, 35.717047 ], [ 139.780599, 35.717332 ], [ 139.781585, 35.716968 ], [ 139.783863, 35.71986 ], [ 139.781645, 35.717047 ] ], [ [ 139.785414, 35.715171 ], [ 139.785007, 35.710857 ], [ 139.785199, 35.712664 ], [ 139.785436, 35.715184 ], [ 139.785524, 35.717457 ], [ 139.785414, 35.715171 ] ], [ [ 139.782958, 35.715648 ], [ 139.780951, 35.716163 ], [ 139.781563, 35.71694 ], [ 139.78084, 35.716188 ], [ 139.782597, 35.71572 ], [ 139.782974, 35.715635 ], [ 139.785414, 35.715171 ], [ 139.782958, 35.715648 ] ], [ [ 139.788009, 35.704762 ], [ 139.787952, 35.702854 ], [ 139.788005, 35.701765 ], [ 139.788006, 35.701765 ], [ 139.788017, 35.706378 ], [ 139.788009, 35.704762 ] ], [ [ 139.785915, 35.701699 ], [ 139.786012, 35.701689 ], [ 139.788005, 35.701765 ], [ 139.785915, 35.701699 ] ], [ [ 139.789117, 35.701576 ], [ 139.789143, 35.701575 ], [ 139.78893, 35.701608 ], [ 139.789117, 35.701576 ] ], [ [ 139.782695, 35.724626 ], [ 139.784215, 35.723638 ], [ 139.782765, 35.724618 ], [ 139.782695, 35.724626 ] ], [ [ 139.776463, 35.723618 ], [ 139.779343, 35.722606 ], [ 139.778177, 35.723119 ], [ 139.776675, 35.723634 ], [ 139.776463, 35.723618 ] ], [ [ 139.780209, 35.719885 ], [ 139.780515, 35.718138 ], [ 139.78067, 35.718135 ], [ 139.78049, 35.718293 ], [ 139.780489, 35.718888 ], [ 139.780458, 35.718824 ], [ 139.780209, 35.719885 ] ], [ [ 139.779795, 35.720484 ], [ 139.779679, 35.720584 ], [ 139.780209, 35.719885 ], [ 139.779795, 35.720484 ] ], [ [ 139.779323, 35.720144 ], [ 139.778521, 35.719107 ], [ 139.779222, 35.720011 ], [ 139.779679, 35.720584 ], [ 139.779323, 35.720144 ] ], [ [ 139.782127, 35.708556 ], [ 139.778662, 35.708862 ], [ 139.776418, 35.708882 ], [ 139.776418, 35.70888 ], [ 139.782127, 35.708556 ] ], [ [ 139.782427, 35.709439 ], [ 139.783031, 35.711203 ], [ 139.78243, 35.709463 ], [ 139.782127, 35.708556 ], [ 139.782427, 35.709439 ] ], [ [ 139.775854, 35.704219 ], [ 139.77602, 35.705865 ], [ 139.776181, 35.707621 ], [ 139.775683, 35.702624 ], [ 139.775854, 35.704219 ] ], [ [ 139.781603, 35.705131 ], [ 139.781609, 35.705162 ], [ 139.781314, 35.703834 ], [ 139.781603, 35.705131 ] ], [ [ 139.781309, 35.703834 ], [ 139.782656, 35.703648 ], [ 139.781314, 35.703834 ], [ 139.781309, 35.703834 ] ], [ [ 139.769699, 35.714495 ], [ 139.769841, 35.714397 ], [ 139.770229, 35.714394 ], [ 139.769699, 35.714495 ] ], [ [ 139.770389, 35.714627 ], [ 139.770005, 35.71486 ], [ 139.770025, 35.714782 ], [ 139.770389, 35.714627 ] ], [ [ 139.769791, 35.716985 ], [ 139.769802, 35.717171 ], [ 139.769693, 35.717353 ], [ 139.769791, 35.716985 ] ], [ [ 139.770396, 35.71748 ], [ 139.77037, 35.717599 ], [ 139.770352, 35.717618 ], [ 139.770396, 35.71748 ] ], [ [ 139.769083, 35.718915 ], [ 139.769851, 35.719399 ], [ 139.769854, 35.719448 ], [ 139.769083, 35.718915 ] ], [ [ 139.77938, 35.717861 ], [ 139.779027, 35.717401 ], [ 139.779372, 35.717808 ], [ 139.77938, 35.717861 ] ], [ [ 139.776413, 35.711401 ], [ 139.774607, 35.71159 ], [ 139.77452, 35.710646 ], [ 139.774634, 35.711524 ], [ 139.776413, 35.711401 ] ], [ [ 139.772053, 35.705745 ], [ 139.772859, 35.707133 ], [ 139.773068, 35.707994 ], [ 139.772862, 35.707156 ], [ 139.772053, 35.705745 ] ], [ [ 139.774628, 35.707799 ], [ 139.773737, 35.702777 ], [ 139.774633, 35.707821 ], [ 139.77478, 35.708678 ], [ 139.774628, 35.707799 ] ], [ [ 139.768494, 35.71249 ], [ 139.768743, 35.710377 ], [ 139.768566, 35.712283 ], [ 139.768494, 35.71249 ] ], [ [ 139.769757, 35.709258 ], [ 139.769776, 35.709247 ], [ 139.772842, 35.709892 ], [ 139.769757, 35.709258 ] ], [ [ 139.772734, 35.712307 ], [ 139.772972, 35.712054 ], [ 139.772729, 35.712421 ], [ 139.772734, 35.712307 ] ], [ [ 139.767062, 35.721555 ], [ 139.767445, 35.721471 ], [ 139.768929, 35.721798 ], [ 139.767488, 35.721497 ], [ 139.767062, 35.721555 ] ], [ [ 139.769483, 35.720288 ], [ 139.769541, 35.720306 ], [ 139.769384, 35.720662 ], [ 139.769378, 35.72066 ], [ 139.768359, 35.723597 ], [ 139.768929, 35.721798 ], [ 139.769483, 35.720288 ] ], [ [ 139.768829, 35.723577 ], [ 139.767597, 35.723683 ], [ 139.768359, 35.723597 ], [ 139.768829, 35.723577 ] ], [ [ 139.770735, 35.721375 ], [ 139.770347, 35.7224 ], [ 139.770191, 35.722804 ], [ 139.770735, 35.721375 ] ], [ [ 139.778985, 35.720226 ], [ 139.778452, 35.720762 ], [ 139.778448, 35.720697 ], [ 139.778985, 35.720226 ] ], [ [ 139.784014, 35.701892 ], [ 139.784348, 35.703236 ], [ 139.784392, 35.703407 ], [ 139.784384, 35.703408 ], [ 139.784014, 35.701892 ] ], [ [ 139.787536, 35.724644 ], [ 139.790154, 35.728331 ], [ 139.786, 35.722634 ], [ 139.787542, 35.724644 ], [ 139.787536, 35.724644 ] ], [ [ 139.790994, 35.724739 ], [ 139.790994, 35.724741 ], [ 139.787542, 35.724644 ], [ 139.790994, 35.724739 ] ], [ [ 139.791082, 35.723333 ], [ 139.791057, 35.723739 ], [ 139.791092, 35.722948 ], [ 139.791082, 35.723333 ] ], [ [ 139.792811, 35.718674 ], [ 139.792052, 35.719785 ], [ 139.791195, 35.721246 ], [ 139.792683, 35.718701 ], [ 139.792811, 35.718674 ] ], [ [ 139.791398, 35.709626 ], [ 139.792019, 35.71146 ], [ 139.792439, 35.713765 ], [ 139.792041, 35.711646 ], [ 139.791398, 35.709626 ] ], [ [ 139.794645, 35.71111 ], [ 139.797689, 35.710714 ], [ 139.792019, 35.71146 ], [ 139.794645, 35.71111 ] ], [ [ 139.789154, 35.701574 ], [ 139.789596, 35.702118 ], [ 139.789517, 35.702147 ], [ 139.789154, 35.701574 ] ], [ [ 139.789532, 35.71914 ], [ 139.789358, 35.7181 ], [ 139.789165, 35.716717 ], [ 139.788938, 35.714487 ], [ 139.789372, 35.718159 ], [ 139.789532, 35.71914 ] ], [ [ 139.790879, 35.726587 ], [ 139.790871, 35.726721 ], [ 139.790722, 35.728936 ], [ 139.790879, 35.726587 ] ], [ [ 139.798638, 35.715817 ], [ 139.792705, 35.717291 ], [ 139.798668, 35.7158 ], [ 139.801523, 35.715142 ], [ 139.798638, 35.715817 ] ], [ [ 139.799652, 35.71925 ], [ 139.799497, 35.718829 ], [ 139.799079, 35.717344 ], [ 139.798638, 35.715817 ], [ 139.799652, 35.71925 ] ], [ [ 139.797845, 35.712686 ], [ 139.798269, 35.714278 ], [ 139.798668, 35.7158 ], [ 139.797845, 35.712686 ] ], [ [ 139.800209, 35.720759 ], [ 139.800723, 35.72078 ], [ 139.800221, 35.720791 ], [ 139.800209, 35.720759 ] ], [ [ 139.798773, 35.722871 ], [ 139.798488, 35.723203 ], [ 139.800221, 35.720791 ], [ 139.798773, 35.722871 ] ], [ [ 139.801538, 35.722925 ], [ 139.807232, 35.722543 ], [ 139.804497, 35.722836 ], [ 139.801529, 35.722929 ], [ 139.798773, 35.722871 ], [ 139.801538, 35.722925 ] ], [ [ 139.801901, 35.71938 ], [ 139.801822, 35.7208 ], [ 139.801538, 35.722925 ], [ 139.801901, 35.71938 ] ], [ [ 139.801304, 35.719783 ], [ 139.801911, 35.719205 ], [ 139.801911, 35.719206 ], [ 139.801304, 35.719783 ] ], [ [ 139.794508, 35.712893 ], [ 139.794596, 35.712888 ], [ 139.793296, 35.713591 ], [ 139.794508, 35.712893 ] ], [ [ 139.802271, 35.718831 ], [ 139.801921, 35.719032 ], [ 139.801917, 35.719098 ], [ 139.801914, 35.718978 ], [ 139.802271, 35.718831 ] ], [ [ 139.798367, 35.723344 ], [ 139.795401, 35.721575 ], [ 139.793218, 35.720212 ], [ 139.798367, 35.723344 ] ] ], [ [ [ 139.782962, 35.698963 ], [ 139.78695, 35.69843 ], [ 139.785416, 35.695851 ], [ 139.78273, 35.696638 ], [ 139.782962, 35.698963 ] ] ] ] } },
{ "type": "Feature", "properties": { "ward": "品川区" }, "geometry": { "type": "MultiPolygon", "coordinates": [ [ [ [ 139.699407, 35.605191 ], [ 139.698021, 35.604074 ], [ 139.697385, 35.604595 ], [ 139.696277, 35.606036 ], [ 139.695198, 35.608096 ], [ 139.695596, 35.608138 ], [ 139.695553, 35.6085 ], [ 139.695673, 35.60852 ], [ 139.695625, 35.609603 ], [ 139.695874, 35.60963 ], [ 139.695968, 35.610768 ], [ 139.695751, 35.61187 ], [ 139.695566, 35.611985 ], [ 139.695593, 35.61248 ], [ 139.69577, 35.613619 ], [ 139.69639, 35.614374 ], [ 139.697233, 35.614922 ], [ 139.697493, 35.614691 ], [ 139.698301, 35.615231 ], [ 139.699023, 35.616045 ], [ 139.699981, 35.617038 ], [ 139.699595, 35.617203 ], [ 139.700743, 35.618491 ], [ 139.702338, 35.620272 ], [ 139.702844, 35.62123 ], [ 139.702844, 35.621571 ], [ 139.703133, 35.621716 ], [ 139.703854, 35.621672 ], [ 139.704039, 35.621956 ], [ 139.703939, 35.622033 ], [ 139.702434, 35.622752 ], [ 139.700955, 35.623634 ], [ 139.696213, 35.624973 ], [ 139.697365, 35.625272 ], [ 139.697898, 35.625184 ], [ 139.69879, 35.625676 ], [ 139.700746, 35.626135 ], [ 139.701652, 35.625988 ], [ 139.702135, 35.625675 ], [ 139.7023, 35.625549 ], [ 139.702484, 35.624843 ], [ 139.703702, 35.625313 ], [ 139.704072, 35.624811 ], [ 139.706356, 35.625566 ], [ 139.706539, 35.625456 ], [ 139.707344, 35.625592 ], [ 139.707717, 35.626136 ], [ 139.708362, 35.626184 ], [ 139.710003, 35.626861 ], [ 139.711909, 35.627821 ], [ 139.711812, 35.62805 ], [ 139.712337, 35.628269 ], [ 139.714523, 35.629213 ], [ 139.714569, 35.629159 ], [ 139.714382, 35.629433 ], [ 139.715266, 35.629899 ], [ 139.714412, 35.631766 ], [ 139.714616, 35.632052 ], [ 139.71448, 35.632468 ], [ 139.71425, 35.632511 ], [ 139.713999, 35.633096 ], [ 139.714406, 35.632956 ], [ 139.714365, 35.633748 ], [ 139.71444, 35.633893 ], [ 139.714809, 35.633843 ], [ 139.714515, 35.633905 ], [ 139.714706, 35.63438 ], [ 139.714247, 35.634572 ], [ 139.713779, 35.635752 ], [ 139.713611, 35.635849 ], [ 139.713751, 35.635891 ], [ 139.713301, 35.6375 ], [ 139.713615, 35.637653 ], [ 139.71352, 35.637985 ], [ 139.714266, 35.638391 ], [ 139.715529, 35.640628 ], [ 139.716642, 35.641088 ], [ 139.717745, 35.641318 ], [ 139.717739, 35.641593 ], [ 139.71929, 35.641563 ], [ 139.719425, 35.641151 ], [ 139.717779, 35.640729 ], [ 139.717948, 35.640005 ], [ 139.717243, 35.639905 ], [ 139.717001, 35.640079 ], [ 139.71677, 35.639937 ], [ 139.716965, 35.639703 ], [ 139.716908, 35.638841 ], [ 139.716613, 35.638723 ], [ 139.717004, 35.638148 ], [ 139.717269, 35.638194 ], [ 139.717896, 35.635975 ], [ 139.717302, 35.635431 ], [ 139.717453, 35.635356 ], [ 139.717373, 35.635095 ], [ 139.717764, 35.63478 ], [ 139.718014, 35.634898 ], [ 139.717954, 35.635252 ], [ 139.719345, 35.635336 ], [ 139.71927, 35.634982 ], [ 139.719564, 35.634641 ], [ 139.719634, 35.634439 ], [ 139.720488, 35.63462 ], [ 139.720414, 35.6348 ], [ 139.720961, 35.63507 ], [ 139.721308, 35.635172 ], [ 139.721429, 35.635038 ], [ 139.721651, 35.635509 ], [ 139.721775, 35.635322 ], [ 139.722125, 35.635371 ], [ 139.722069, 35.635822 ], [ 139.722231, 35.635899 ], [ 139.726206, 35.634889 ], [ 139.726798, 35.63418 ], [ 139.726191, 35.632632 ], [ 139.726319, 35.632919 ], [ 139.726654, 35.632604 ], [ 139.726728, 35.632276 ], [ 139.727473, 35.631822 ], [ 139.728036, 35.633166 ], [ 139.728721, 35.63291 ], [ 139.728257, 35.632297 ], [ 139.728245, 35.631748 ], [ 139.729027, 35.631309 ], [ 139.729352, 35.631522 ], [ 139.72976, 35.631158 ], [ 139.730625, 35.6305 ], [ 139.731076, 35.62993 ], [ 139.731106, 35.629283 ], [ 139.731451, 35.628591 ], [ 139.731326, 35.627646 ], [ 139.730929, 35.627639 ], [ 139.731177, 35.627082 ], [ 139.730884, 35.626991 ], [ 139.730863, 35.626673 ], [ 139.731149, 35.626772 ], [ 139.731148, 35.626598 ], [ 139.731702, 35.626102 ], [ 139.731435, 35.625899 ], [ 139.731112, 35.625907 ], [ 139.731268, 35.625593 ], [ 139.731636, 35.625626 ], [ 139.731908, 35.625457 ], [ 139.732301, 35.625746 ], [ 139.732207, 35.626022 ], [ 139.733786, 35.625975 ], [ 139.734719, 35.624511 ], [ 139.735271, 35.623137 ], [ 139.737422, 35.623248 ], [ 139.73739, 35.623603 ], [ 139.738059, 35.623743 ], [ 139.738138, 35.624017 ], [ 139.737983, 35.624707 ], [ 139.738189, 35.624861 ], [ 139.738956, 35.624609 ], [ 139.73895, 35.624588 ], [ 139.739251, 35.624638 ], [ 139.739586, 35.624288 ], [ 139.739773, 35.624367 ], [ 139.739573, 35.624665 ], [ 139.740171, 35.624746 ], [ 139.740028, 35.624947 ], [ 139.740129, 35.625001 ], [ 139.740592, 35.624747 ], [ 139.742877, 35.625121 ], [ 139.743463, 35.625163 ], [ 139.74404, 35.623761 ], [ 139.743555, 35.623854 ], [ 139.741083, 35.622494 ], [ 139.741308, 35.621943 ], [ 139.741687, 35.622342 ], [ 139.743374, 35.623202 ], [ 139.746056, 35.622726 ], [ 139.747782, 35.618881 ], [ 139.74809, 35.618965 ], [ 139.748137, 35.618849 ], [ 139.747863, 35.618768 ], [ 139.748286, 35.617846 ], [ 139.748369, 35.617502 ], [ 139.748816, 35.617613 ], [ 139.748868, 35.617498 ], [ 139.751465, 35.618316 ], [ 139.750786, 35.61166 ], [ 139.750366, 35.607378 ], [ 139.750642, 35.607368 ], [ 139.750285, 35.605834 ], [ 139.748667, 35.603415 ], [ 139.747885, 35.60265 ], [ 139.743459, 35.602946 ], [ 139.743228, 35.602602 ], [ 139.741977, 35.600606 ], [ 139.741551, 35.599536 ], [ 139.741282, 35.598365 ], [ 139.74134, 35.597809 ], [ 139.741641, 35.597777 ], [ 139.741459, 35.597046 ], [ 139.740741, 35.596737 ], [ 139.741143, 35.596783 ], [ 139.741049, 35.596538 ], [ 139.74196, 35.596359 ], [ 139.741891, 35.596047 ], [ 139.741917, 35.5961 ], [ 139.741987, 35.59637 ], [ 139.741871, 35.59643 ], [ 139.742998, 35.60073 ], [ 139.743674, 35.601993 ], [ 139.744261, 35.602262 ], [ 139.747357, 35.602006 ], [ 139.747795, 35.601848 ], [ 139.747548, 35.601208 ], [ 139.747595, 35.600197 ], [ 139.747113, 35.595791 ], [ 139.747076, 35.592165 ], [ 139.74674, 35.592202 ], [ 139.746631, 35.591145 ], [ 139.746354, 35.590671 ], [ 139.744284, 35.590044 ], [ 139.744308, 35.589824 ], [ 139.743981, 35.589895 ], [ 139.73923, 35.588579 ], [ 139.736916, 35.588001 ], [ 139.735855, 35.587929 ], [ 139.735797, 35.587228 ], [ 139.732266, 35.587326 ], [ 139.729927, 35.587254 ], [ 139.7294, 35.588386 ], [ 139.729866, 35.589467 ], [ 139.729151, 35.589619 ], [ 139.729639, 35.590873 ], [ 139.730732, 35.592699 ], [ 139.730347, 35.592089 ], [ 139.729365, 35.592649 ], [ 139.729156, 35.592721 ], [ 139.728918, 35.593855 ], [ 139.728719, 35.594104 ], [ 139.728186, 35.59429 ], [ 139.728041, 35.594564 ], [ 139.726536, 35.594136 ], [ 139.726502, 35.594353 ], [ 139.724711, 35.594333 ], [ 139.724307, 35.594642 ], [ 139.724563, 35.594367 ], [ 139.723807, 35.59428 ], [ 139.722023, 35.594502 ], [ 139.720968, 35.594437 ], [ 139.721634, 35.59558 ], [ 139.721094, 35.594788 ], [ 139.72027, 35.593089 ], [ 139.720298, 35.592663 ], [ 139.719175, 35.592044 ], [ 139.718924, 35.592226 ], [ 139.71895, 35.592439 ], [ 139.719257, 35.592607 ], [ 139.718206, 35.594127 ], [ 139.718172, 35.594723 ], [ 139.717732, 35.594717 ], [ 139.717918, 35.595028 ], [ 139.71773, 35.595351 ], [ 139.717269, 35.595869 ], [ 139.717558, 35.5965 ], [ 139.716732, 35.596832 ], [ 139.715236, 35.597076 ], [ 139.7145, 35.597418 ], [ 139.714474, 35.598134 ], [ 139.714014, 35.599134 ], [ 139.714203, 35.599248 ], [ 139.714621, 35.599177 ], [ 139.714856, 35.599415 ], [ 139.714675, 35.599486 ], [ 139.714856, 35.599907 ], [ 139.715621, 35.599686 ], [ 139.712609, 35.600735 ], [ 139.709931, 35.600983 ], [ 139.705784, 35.601309 ], [ 139.702622, 35.601522 ], [ 139.700923, 35.601613 ], [ 139.697979, 35.604039 ], [ 139.699593, 35.605307 ], [ 139.699407, 35.605191 ] ], [ [ 139.714799, 35.626934 ], [ 139.714838, 35.626975 ], [ 139.712337, 35.628269 ], [ 139.714799, 35.626934 ] ], [ [ 139.717098, 35.633826 ], [ 139.717297, 35.633837 ], [ 139.719564, 35.634641 ], [ 139.717098, 35.633826 ] ], [ [ 139.725329, 35.632598 ], [ 139.725759, 35.632575 ], [ 139.726191, 35.632632 ], [ 139.725329, 35.632598 ] ], [ [ 139.745316, 35.617122 ], [ 139.740969, 35.616065 ], [ 139.745424, 35.617143 ], [ 139.748286, 35.617846 ], [ 139.745316, 35.617122 ] ], [ [ 139.74075, 35.61823 ], [ 139.740673, 35.618497 ], [ 139.740969, 35.616065 ], [ 139.74075, 35.61823 ] ], [ [ 139.703314, 35.60478 ], [ 139.702745, 35.604924 ], [ 139.700802, 35.605268 ], [ 139.699593, 35.605307 ], [ 139.703314, 35.60478 ] ], [ [ 139.701534, 35.606456 ], [ 139.701163, 35.60629 ], [ 139.699593, 35.605307 ], [ 139.701534, 35.606456 ] ], [ [ 139.715572, 35.63374 ], [ 139.715752, 35.63375 ], [ 139.71549, 35.633751 ], [ 139.715572, 35.63374 ] ], [ [ 139.715873, 35.632355 ], [ 139.715801, 35.632376 ], [ 139.715911, 35.632296 ], [ 139.716074, 35.631863 ], [ 139.715572, 35.63374 ], [ 139.715873, 35.632355 ] ], [ [ 139.720713, 35.63134 ], [ 139.720436, 35.632217 ], [ 139.720067, 35.633195 ], [ 139.720713, 35.63134 ] ], [ [ 139.719614, 35.628374 ], [ 139.719766, 35.628638 ], [ 139.719719, 35.628661 ], [ 139.719614, 35.628374 ] ], [ [ 139.722085, 35.625479 ], [ 139.723184, 35.626208 ], [ 139.724802, 35.627268 ], [ 139.723298, 35.626286 ], [ 139.722085, 35.625479 ] ], [ [ 139.72488, 35.624316 ], [ 139.725469, 35.624264 ], [ 139.724786, 35.624436 ], [ 139.72488, 35.624316 ] ], [ [ 139.723059, 35.62264 ], [ 139.724338, 35.621888 ], [ 139.723383, 35.622472 ], [ 139.723059, 35.62264 ] ], [ [ 139.719807, 35.617651 ], [ 139.722892, 35.619029 ], [ 139.723466, 35.619418 ], [ 139.719807, 35.617651 ] ], [ [ 139.718402, 35.618396 ], [ 139.719455, 35.618939 ], [ 139.718309, 35.618417 ], [ 139.719415, 35.617788 ], [ 139.720937, 35.617246 ], [ 139.720976, 35.617243 ], [ 139.719807, 35.617651 ], [ 139.718402, 35.618396 ] ], [ [ 139.722416, 35.615909 ], [ 139.722493, 35.61587 ], [ 139.722604, 35.616095 ], [ 139.722416, 35.615909 ] ], [ [ 139.724529, 35.614739 ], [ 139.727649, 35.615011 ], [ 139.724487, 35.614758 ], [ 139.724529, 35.614739 ] ], [ [ 139.720293, 35.612435 ], [ 139.720395, 35.610153 ], [ 139.720423, 35.610204 ], [ 139.720372, 35.611164 ], [ 139.720293, 35.612435 ] ], [ [ 139.719238, 35.608047 ], [ 139.719872, 35.609187 ], [ 139.720044, 35.609505 ], [ 139.719238, 35.608047 ] ], [ [ 139.718439, 35.606982 ], [ 139.718805, 35.607307 ], [ 139.719238, 35.608047 ], [ 139.718439, 35.606982 ] ], [ [ 139.725329, 35.608525 ], [ 139.726697, 35.608615 ], [ 139.725296, 35.608526 ], [ 139.725261, 35.608524 ], [ 139.725329, 35.608525 ] ], [ [ 139.72637, 35.609893 ], [ 139.726851, 35.610682 ], [ 139.725296, 35.608526 ], [ 139.72637, 35.609893 ] ], [ [ 139.723361, 35.605478 ], [ 139.721897, 35.602134 ], [ 139.721027, 35.600249 ], [ 139.721912, 35.602158 ], [ 139.724082, 35.606807 ], [ 139.723361, 35.605478 ] ], [ [ 139.719334, 35.596706 ], [ 139.719964, 35.597918 ], [ 139.721027, 35.600249 ], [ 139.719334, 35.596706 ] ], [ [ 139.724516, 35.60043 ], [ 139.724468, 35.600428 ], [ 139.723593, 35.600283 ], [ 139.724516, 35.60043 ] ], [ [ 139.725129, 35.597917 ], [ 139.725727, 35.599692 ], [ 139.725742, 35.599866 ], [ 139.725129, 35.597917 ] ], [ [ 139.725086, 35.597781 ], [ 139.725023, 35.596553 ], [ 139.725088, 35.597789 ], [ 139.725086, 35.597781 ] ], [ [ 139.71075, 35.623855 ], [ 139.710561, 35.624021 ], [ 139.710059, 35.624513 ], [ 139.710597, 35.623983 ], [ 139.71075, 35.623855 ] ], [ [ 139.705935, 35.621356 ], [ 139.708207, 35.62258 ], [ 139.710597, 35.623983 ], [ 139.705935, 35.621356 ] ], [ [ 139.705811, 35.621398 ], [ 139.707729, 35.620492 ], [ 139.705935, 35.621356 ], [ 139.705811, 35.621398 ] ], [ [ 139.713656, 35.621656 ], [ 139.712777, 35.622155 ], [ 139.712845, 35.622098 ], [ 139.713656, 35.621656 ] ], [ [ 139.711506, 35.62063 ], [ 139.711163, 35.620237 ], [ 139.712845, 35.622098 ], [ 139.711506, 35.62063 ] ], [ [ 139.710464, 35.620319 ], [ 139.710972, 35.620258 ], [ 139.711163, 35.620237 ], [ 139.710464, 35.620319 ] ], [ [ 139.711879, 35.617027 ], [ 139.714107, 35.617916 ], [ 139.709477, 35.616151 ], [ 139.711879, 35.617027 ] ], [ [ 139.714313, 35.617998 ], [ 139.716834, 35.61955 ], [ 139.714107, 35.617916 ], [ 139.714313, 35.617998 ] ], [ [ 139.718037, 35.618572 ], [ 139.71827, 35.61844 ], [ 139.71545, 35.620678 ], [ 139.716834, 35.61955 ], [ 139.718037, 35.618572 ] ], [ [ 139.717789, 35.618085 ], [ 139.71752, 35.617415 ], [ 139.718037, 35.618572 ], [ 139.717789, 35.618085 ] ], [ [ 139.715312, 35.616687 ], [ 139.714045, 35.614058 ], [ 139.713417, 35.612681 ], [ 139.715312, 35.616687 ] ], [ [ 139.711232, 35.613847 ], [ 139.711835, 35.613426 ], [ 139.713374, 35.612698 ], [ 139.715212, 35.611679 ], [ 139.713417, 35.612681 ], [ 139.711232, 35.613847 ] ], [ [ 139.712262, 35.610378 ], [ 139.712501, 35.610878 ], [ 139.712228, 35.61035 ], [ 139.712262, 35.610378 ] ], [ [ 139.712152, 35.608479 ], [ 139.71188, 35.609359 ], [ 139.711696, 35.6099 ], [ 139.711733, 35.609787 ], [ 139.712152, 35.608479 ] ], [ [ 139.698287, 35.612097 ], [ 139.698442, 35.609748 ], [ 139.698279, 35.612396 ], [ 139.698287, 35.612097 ] ], [ [ 139.70361, 35.610753 ], [ 139.701276, 35.610227 ], [ 139.705884, 35.611238 ], [ 139.70361, 35.610753 ] ], [ [ 139.701451, 35.609697 ], [ 139.702187, 35.608013 ], [ 139.701276, 35.610227 ], [ 139.701451, 35.609697 ] ], [ [ 139.698845, 35.609047 ], [ 139.699112, 35.609091 ], [ 139.701451, 35.609697 ], [ 139.698845, 35.609047 ] ], [ [ 139.704211, 35.607599 ], [ 139.70437, 35.607791 ], [ 139.704867, 35.609004 ], [ 139.705884, 35.611238 ], [ 139.704211, 35.607599 ] ], [ [ 139.709151, 35.615849 ], [ 139.707505, 35.61363 ], [ 139.705038, 35.613621 ], [ 139.703766, 35.613513 ], [ 139.707412, 35.613629 ], [ 139.705884, 35.611238 ], [ 139.709151, 35.615849 ] ], [ [ 139.709154, 35.61212 ], [ 139.709175, 35.611068 ], [ 139.709436, 35.608545 ], [ 139.709439, 35.608515 ], [ 139.709154, 35.61212 ] ], [ [ 139.711508, 35.611949 ], [ 139.708642, 35.612163 ], [ 139.709154, 35.61212 ], [ 139.711508, 35.611949 ] ], [ [ 139.702046, 35.606685 ], [ 139.702646, 35.606871 ], [ 139.702242, 35.606773 ], [ 139.702046, 35.606685 ] ], [ [ 139.703941, 35.607273 ], [ 139.704022, 35.607371 ], [ 139.703779, 35.607223 ], [ 139.703941, 35.607273 ] ], [ [ 139.706079, 35.608451 ], [ 139.70858, 35.608365 ], [ 139.70503, 35.6085 ], [ 139.706079, 35.608451 ] ], [ [ 139.705949, 35.607361 ], [ 139.706058, 35.606713 ], [ 139.705909, 35.606515 ], [ 139.706115, 35.606631 ], [ 139.705949, 35.607361 ] ], [ [ 139.708646, 35.604921 ], [ 139.708616, 35.606761 ], [ 139.708603, 35.606227 ], [ 139.708646, 35.604921 ] ], [ [ 139.706695, 35.603928 ], [ 139.704962, 35.604365 ], [ 139.704945, 35.604282 ], [ 139.706695, 35.603928 ] ], [ [ 139.706234, 35.602147 ], [ 139.706696, 35.603928 ], [ 139.706695, 35.603928 ], [ 139.706234, 35.602147 ] ], [ [ 139.70985, 35.604118 ], [ 139.709846, 35.60434 ], [ 139.709755, 35.603143 ], [ 139.70985, 35.604118 ] ], [ [ 139.707279, 35.619591 ], [ 139.705468, 35.617831 ], [ 139.707373, 35.619611 ], [ 139.707279, 35.619591 ] ], [ [ 139.709496, 35.622095 ], [ 139.709375, 35.622256 ], [ 139.709214, 35.622301 ], [ 139.709496, 35.622095 ] ], [ [ 139.72037, 35.612862 ], [ 139.720495, 35.612837 ], [ 139.720488, 35.612854 ], [ 139.72037, 35.612862 ] ], [ [ 139.716801, 35.599581 ], [ 139.71582, 35.599628 ], [ 139.716004, 35.599575 ], [ 139.716801, 35.599581 ] ], [ [ 139.719402, 35.601543 ], [ 139.718763, 35.601522 ], [ 139.718766, 35.601488 ], [ 139.719317, 35.601515 ], [ 139.719402, 35.601543 ] ], [ [ 139.714973, 35.605778 ], [ 139.717998, 35.60659 ], [ 139.718001, 35.606593 ], [ 139.714973, 35.605778 ] ], [ [ 139.716667, 35.615295 ], [ 139.717938, 35.615045 ], [ 139.719174, 35.614812 ], [ 139.716667, 35.615295 ] ], [ [ 139.720515, 35.619665 ], [ 139.72024, 35.619344 ], [ 139.720409, 35.619431 ], [ 139.720515, 35.619665 ] ], [ [ 139.716099, 35.623794 ], [ 139.717126, 35.624234 ], [ 139.717519, 35.624406 ], [ 139.716099, 35.623794 ] ], [ [ 139.717614, 35.623537 ], [ 139.717745, 35.622678 ], [ 139.717642, 35.623497 ], [ 139.717614, 35.623537 ] ], [ [ 139.716096, 35.628705 ], [ 139.716108, 35.628753 ], [ 139.715527, 35.628026 ], [ 139.716096, 35.628705 ] ], [ [ 139.71573, 35.632398 ], [ 139.715679, 35.632413 ], [ 139.716464, 35.630181 ], [ 139.71573, 35.632398 ] ], [ [ 139.716364, 35.631094 ], [ 139.716577, 35.630858 ], [ 139.716198, 35.631536 ], [ 139.716364, 35.631094 ] ], [ [ 139.717551, 35.62978 ], [ 139.717684, 35.629714 ], [ 139.71729, 35.630069 ], [ 139.717551, 35.62978 ] ], [ [ 139.728259, 35.629994 ], [ 139.726815, 35.629148 ], [ 139.728244, 35.629982 ], [ 139.728259, 35.629994 ] ], [ [ 139.73466, 35.623097 ], [ 139.735356, 35.622925 ], [ 139.732864, 35.623566 ], [ 139.73466, 35.623097 ] ], [ [ 139.734939, 35.616917 ], [ 139.735012, 35.616816 ], [ 139.734246, 35.618103 ], [ 139.734164, 35.618184 ], [ 139.734939, 35.616917 ] ], [ [ 139.735654, 35.616168 ], [ 139.735289, 35.616435 ], [ 139.73543, 35.61624 ], [ 139.735654, 35.616168 ] ], [ [ 139.735947, 35.612811 ], [ 139.736155, 35.614302 ], [ 139.736068, 35.613959 ], [ 139.735947, 35.612811 ] ], [ [ 139.735494, 35.608674 ], [ 139.735539, 35.609111 ], [ 139.735423, 35.608258 ], [ 139.735494, 35.608674 ] ], [ [ 139.737118, 35.604146 ], [ 139.737023, 35.604044 ], [ 139.737018, 35.60402 ], [ 139.737118, 35.604146 ] ], [ [ 139.736344, 35.594157 ], [ 139.736648, 35.595164 ], [ 139.736369, 35.59453 ], [ 139.736344, 35.594157 ] ], [ [ 139.730148, 35.610703 ], [ 139.729758, 35.609227 ], [ 139.729624, 35.608579 ], [ 139.729625, 35.608571 ], [ 139.730148, 35.610703 ] ], [ [ 139.729679, 35.60828 ], [ 139.729795, 35.607643 ], [ 139.72972, 35.608178 ], [ 139.729679, 35.60828 ] ], [ [ 139.727474, 35.600554 ], [ 139.726827, 35.600528 ], [ 139.726827, 35.600526 ], [ 139.727474, 35.600554 ] ], [ [ 139.729696, 35.600082 ], [ 139.729941, 35.600091 ], [ 139.729151, 35.600198 ], [ 139.729696, 35.600082 ] ], [ [ 139.730613, 35.600114 ], [ 139.730559, 35.598232 ], [ 139.730593, 35.599072 ], [ 139.730638, 35.600547 ], [ 139.730613, 35.600114 ] ], [ [ 139.734067, 35.598748 ], [ 139.734105, 35.599022 ], [ 139.733945, 35.598394 ], [ 139.734067, 35.598748 ] ], [ [ 139.729781, 35.59674 ], [ 139.729759, 35.596698 ], [ 139.729729, 35.596232 ], [ 139.729781, 35.59674 ] ], [ [ 139.733961, 35.592958 ], [ 139.735768, 35.598543 ], [ 139.735766, 35.598686 ], [ 139.733961, 35.592958 ] ], [ [ 139.733575, 35.597323 ], [ 139.733483, 35.597112 ], [ 139.733525, 35.597179 ], [ 139.733575, 35.597323 ] ], [ [ 139.722819, 35.60284 ], [ 139.722407, 35.602717 ], [ 139.722823, 35.60284 ], [ 139.722819, 35.60284 ] ], [ [ 139.7235, 35.602806 ], [ 139.723147, 35.602823 ], [ 139.723198, 35.602738 ], [ 139.7235, 35.602806 ] ], [ [ 139.724015, 35.60278 ], [ 139.723722, 35.602794 ], [ 139.723911, 35.602727 ], [ 139.724015, 35.60278 ] ], [ [ 139.725302, 35.60352 ], [ 139.724117, 35.602831 ], [ 139.724965, 35.603258 ], [ 139.725302, 35.60352 ] ], [ [ 139.726675, 35.604732 ], [ 139.725795, 35.603904 ], [ 139.726495, 35.604449 ], [ 139.726675, 35.604732 ] ], [ [ 139.728492, 35.603259 ], [ 139.727005, 35.602946 ], [ 139.726678, 35.602813 ], [ 139.728492, 35.603259 ] ], [ [ 139.730934, 35.603859 ], [ 139.729394, 35.603795 ], [ 139.731027, 35.603843 ], [ 139.730934, 35.603859 ] ], [ [ 139.729874, 35.60721 ], [ 139.729894, 35.607099 ], [ 139.728793, 35.606419 ], [ 139.729938, 35.607094 ], [ 139.729874, 35.60721 ] ], [ [ 139.730001, 35.60698 ], [ 139.730019, 35.606341 ], [ 139.730047, 35.606897 ], [ 139.730001, 35.60698 ] ], [ [ 139.72579, 35.621045 ], [ 139.72665, 35.620852 ], [ 139.725616, 35.621146 ], [ 139.72579, 35.621045 ] ], [ [ 139.727904, 35.619444 ], [ 139.726388, 35.622139 ], [ 139.727053, 35.620935 ], [ 139.727904, 35.619444 ] ], [ [ 139.728677, 35.618418 ], [ 139.728756, 35.618341 ], [ 139.728119, 35.619165 ], [ 139.728677, 35.618418 ] ], [ [ 139.730581, 35.616556 ], [ 139.730134, 35.617118 ], [ 139.729531, 35.617583 ], [ 139.730581, 35.616556 ] ], [ [ 139.730973, 35.616053 ], [ 139.730995, 35.616062 ], [ 139.730979, 35.616057 ], [ 139.730973, 35.616053 ] ], [ [ 139.731819, 35.614717 ], [ 139.73179, 35.61488 ], [ 139.730973, 35.616053 ], [ 139.731819, 35.614717 ] ], [ [ 139.734125, 35.616638 ], [ 139.732055, 35.616397 ], [ 139.73155, 35.616238 ], [ 139.734125, 35.616638 ] ], [ [ 139.727805, 35.61615 ], [ 139.730628, 35.616498 ], [ 139.727671, 35.616172 ], [ 139.727805, 35.61615 ] ], [ [ 139.729225, 35.614574 ], [ 139.729215, 35.614563 ], [ 139.729084, 35.614344 ], [ 139.729225, 35.614574 ] ], [ [ 139.731783, 35.613197 ], [ 139.731839, 35.613284 ], [ 139.731939, 35.614057 ], [ 139.731783, 35.613197 ] ], [ [ 139.723729, 35.617085 ], [ 139.723868, 35.617072 ], [ 139.72381, 35.617082 ], [ 139.723729, 35.617085 ] ], [ [ 139.724487, 35.616967 ], [ 139.725897, 35.616459 ], [ 139.724852, 35.616905 ], [ 139.724487, 35.616967 ] ], [ [ 139.725373, 35.619107 ], [ 139.725256, 35.619099 ], [ 139.724764, 35.618743 ], [ 139.725373, 35.619107 ] ], [ [ 139.733737, 35.618607 ], [ 139.733618, 35.618724 ], [ 139.733236, 35.618936 ], [ 139.733737, 35.618607 ] ], [ [ 139.730979, 35.620385 ], [ 139.730845, 35.620483 ], [ 139.729745, 35.620918 ], [ 139.730979, 35.620385 ] ], [ [ 139.730711, 35.627815 ], [ 139.731098, 35.628603 ], [ 139.731099, 35.628666 ], [ 139.730711, 35.627815 ] ], [ [ 139.740078, 35.602686 ], [ 139.738008, 35.598254 ], [ 139.738973, 35.597768 ], [ 139.73802, 35.598261 ], [ 139.740078, 35.602686 ] ], [ [ 139.739491, 35.607293 ], [ 139.739717, 35.607116 ], [ 139.739797, 35.607203 ], [ 139.739491, 35.607293 ] ], [ [ 139.7404, 35.607025 ], [ 139.740555, 35.606953 ], [ 139.740851, 35.606892 ], [ 139.7404, 35.607025 ] ], [ [ 139.741449, 35.60677 ], [ 139.741681, 35.606723 ], [ 139.742988, 35.606735 ], [ 139.741449, 35.60677 ] ], [ [ 139.745263, 35.606675 ], [ 139.743609, 35.606719 ], [ 139.745452, 35.60665 ], [ 139.749747, 35.607401 ], [ 139.745263, 35.606675 ] ], [ [ 139.738768, 35.593514 ], [ 139.738959, 35.593845 ], [ 139.739445, 35.595059 ], [ 139.738768, 35.593514 ] ], [ [ 139.743058, 35.606735 ], [ 139.742364, 35.609553 ], [ 139.741544, 35.612815 ], [ 139.741557, 35.612744 ], [ 139.743058, 35.606735 ] ], [ [ 139.741139, 35.612719 ], [ 139.741171, 35.612686 ], [ 139.741557, 35.612744 ], [ 139.741139, 35.612719 ] ], [ [ 139.744947, 35.614556 ], [ 139.744948, 35.61456 ], [ 139.742885, 35.61468 ], [ 139.744947, 35.614556 ] ], [ [ 139.744918, 35.610803 ], [ 139.74491, 35.6108 ], [ 139.744918, 35.610802 ], [ 139.744918, 35.610803 ] ], [ [ 139.740197, 35.612132 ], [ 139.739142, 35.610158 ], [ 139.739153, 35.61017 ], [ 139.740007, 35.611522 ], [ 139.740197, 35.612132 ] ], [ [ 139.740326, 35.619692 ], [ 139.739959, 35.620235 ], [ 139.740432, 35.619328 ], [ 139.740326, 35.619692 ] ], [ [ 139.743058, 35.620158 ], [ 139.743161, 35.620062 ], [ 139.745098, 35.618844 ], [ 139.743058, 35.620158 ] ], [ [ 139.741415, 35.621682 ], [ 139.742186, 35.620967 ], [ 139.741385, 35.621755 ], [ 139.741415, 35.621682 ] ], [ [ 139.738657, 35.623558 ], [ 139.738474, 35.622913 ], [ 139.738484, 35.622812 ], [ 139.738657, 35.623558 ] ] ], [ [ [ 139.750309, 35.589487 ], [ 139.750603, 35.591866 ], [ 139.748771, 35.592026 ], [ 139.748962, 35.595746 ], [ 139.74866, 35.595752 ], [ 139.749103, 35.600777 ], [ 139.751747, 35.60472 ], [ 139.75182, 35.605506 ], [ 139.751941, 35.605498 ], [ 139.753029, 35.617634 ], [ 139.756207, 35.617693 ], [ 139.756333, 35.616983 ], [ 139.757423, 35.616964 ], [ 139.757423, 35.617661 ], [ 139.758061, 35.617575 ], [ 139.760291, 35.615746 ], [ 139.761325, 35.614565 ], [ 139.761934, 35.614607 ], [ 139.763705, 35.60906 ], [ 139.76351, 35.608996 ], [ 139.763627, 35.608581 ], [ 139.7631, 35.608325 ], [ 139.772794, 35.595364 ], [ 139.767101, 35.592496 ], [ 139.765398, 35.59479 ], [ 139.765397, 35.59479 ], [ 139.762357, 35.594894 ], [ 139.762831, 35.585081 ], [ 139.755346, 35.584823 ], [ 139.755264, 35.589712 ], [ 139.754928, 35.589711 ], [ 139.750541, 35.589704 ], [ 139.750511, 35.589458 ], [ 139.749506, 35.589149 ], [ 139.749793, 35.58927 ], [ 139.749788, 35.589422 ], [ 139.750309, 35.589487 ] ] ], [ [ [ 139.748419, 35.618945 ], [ 139.748371, 35.619056 ], [ 139.748651, 35.619141 ], [ 139.746891, 35.623048 ], [ 139.747797, 35.623317 ], [ 139.750154, 35.624492 ], [ 139.751794, 35.624747 ], [ 139.75164, 35.622184 ], [ 139.752162, 35.622155 ], [ 139.752122, 35.621521 ], [ 139.75185, 35.62153 ], [ 139.751584, 35.621289 ], [ 139.751435, 35.618936 ], [ 139.749261, 35.618405 ], [ 139.749079, 35.618478 ], [ 139.748805, 35.619059 ], [ 139.748419, 35.618945 ] ] ], [ [ [ 139.767583, 35.625815 ], [ 139.768836, 35.62647 ], [ 139.773601, 35.620328 ], [ 139.77065, 35.618712 ], [ 139.768443, 35.621195 ], [ 139.768616, 35.621343 ], [ 139.76831, 35.621587 ], [ 139.768201, 35.621504 ], [ 139.767679, 35.622054 ], [ 139.767583, 35.625815 ] ] ], [ [ [ 139.75325, 35.622124 ], [ 139.753449, 35.624081 ], [ 139.757617, 35.624174 ], [ 139.757461, 35.627793 ], [ 139.759393, 35.627712 ], [ 139.759731, 35.619356 ], [ 139.759241, 35.619236 ], [ 139.759237, 35.618952 ], [ 139.752999, 35.618987 ], [ 139.753186, 35.621416 ], [ 139.752852, 35.621423 ], [ 139.752904, 35.622143 ], [ 139.75325, 35.622124 ] ] ] ] } },
{ "type": "Feature", "properties": { "ward": "墨田区" }, "geometry": { "type": "MultiPolygon", "coordinates": [ [ [ [ 139.797856, 35.692124 ], [ 139.800476, 35.692292 ], [ 139.803099, 35.69244 ], [ 139.805669, 35.692574 ], [ 139.809, 35.692733 ], [ 139.809218, 35.690181 ], [ 139.809377, 35.688607 ], [ 139.809547, 35.686914 ], [ 139.806154, 35.686751 ], [ 139.804823, 35.686685 ], [ 139.804685, 35.688349 ], [ 139.80337, 35.688299 ], [ 139.800594, 35.688194 ], [ 139.799566, 35.689928 ], [ 139.799307, 35.689835 ], [ 139.798139, 35.689278 ], [ 139.797856, 35.692124 ] ], [ [ 139.803223, 35.690375 ], [ 139.803253, 35.689946 ], [ 139.803099, 35.69244 ], [ 139.803223, 35.690375 ] ] ], [ [ [ 139.793486, 35.690175 ], [ 139.793363, 35.691914 ], [ 139.791566, 35.691824 ], [ 139.788888, 35.691685 ], [ 139.788735, 35.693796 ], [ 139.788885, 35.694607 ], [ 139.789349, 35.695721 ], [ 139.789862, 35.696427 ], [ 139.792529, 35.699534 ], [ 139.794031, 35.702149 ], [ 139.795824, 35.705618 ], [ 139.797409, 35.708232 ], [ 139.798981, 35.710074 ], [ 139.800897, 35.7119 ], [ 139.803458, 35.714216 ], [ 139.806628, 35.717438 ], [ 139.807218, 35.718149 ], [ 139.808216, 35.719929 ], [ 139.808948, 35.72233 ], [ 139.811473, 35.721361 ], [ 139.808973, 35.722348 ], [ 139.809606, 35.725103 ], [ 139.809764, 35.728079 ], [ 139.810293, 35.730344 ], [ 139.811194, 35.73287 ], [ 139.813807, 35.735763 ], [ 139.814454, 35.736814 ], [ 139.814637, 35.737698 ], [ 139.814574, 35.739047 ], [ 139.816176, 35.740443 ], [ 139.817957, 35.74261 ], [ 139.820583, 35.743576 ], [ 139.823878, 35.737766 ], [ 139.823882, 35.737768 ], [ 139.825832, 35.735065 ], [ 139.829013, 35.731847 ], [ 139.834159, 35.726946 ], [ 139.836786, 35.724487 ], [ 139.836779, 35.724481 ], [ 139.842325, 35.719147 ], [ 139.839009, 35.71708 ], [ 139.837881, 35.717729 ], [ 139.83658, 35.71804 ], [ 139.835343, 35.717861 ], [ 139.834608, 35.717447 ], [ 139.833373, 35.716045 ], [ 139.833198, 35.715528 ], [ 139.833237, 35.715026 ], [ 139.833671, 35.714065 ], [ 139.834598, 35.713069 ], [ 139.835894, 35.712202 ], [ 139.838394, 35.711492 ], [ 139.839464, 35.71089 ], [ 139.839689, 35.710492 ], [ 139.839596, 35.709888 ], [ 139.837716, 35.708329 ], [ 139.834764, 35.705716 ], [ 139.834551, 35.705193 ], [ 139.83462, 35.704283 ], [ 139.835019, 35.703609 ], [ 139.835627, 35.703069 ], [ 139.83323, 35.702881 ], [ 139.830852, 35.702929 ], [ 139.829378, 35.703836 ], [ 139.825968, 35.705145 ], [ 139.823775, 35.706041 ], [ 139.819041, 35.70788 ], [ 139.818718, 35.707854 ], [ 139.818695, 35.708064 ], [ 139.818801, 35.706236 ], [ 139.81613, 35.706196 ], [ 139.818805, 35.706171 ], [ 139.819029, 35.703018 ], [ 139.819194, 35.700315 ], [ 139.819452, 35.696838 ], [ 139.819736, 35.693317 ], [ 139.815267, 35.693077 ], [ 139.813254, 35.69297 ], [ 139.811288, 35.692864 ], [ 139.809, 35.692733 ], [ 139.805673, 35.692577 ], [ 139.803099, 35.69244 ], [ 139.800481, 35.692293 ], [ 139.797856, 35.692124 ], [ 139.797567, 35.695735 ], [ 139.797548, 35.695734 ], [ 139.797296, 35.695663 ], [ 139.797564, 35.695688 ], [ 139.797849, 35.692148 ], [ 139.798139, 35.689278 ], [ 139.796695, 35.688573 ], [ 139.796356, 35.689913 ], [ 139.796129, 35.689896 ], [ 139.794972, 35.689809 ], [ 139.794924, 35.6903 ], [ 139.793486, 35.690175 ] ], [ [ 139.791457, 35.695853 ], [ 139.791643, 35.695832 ], [ 139.789862, 35.696427 ], [ 139.791457, 35.695853 ] ], [ [ 139.801577, 35.711439 ], [ 139.801621, 35.711428 ], [ 139.800897, 35.7119 ], [ 139.801577, 35.711439 ] ], [ [ 139.812816, 35.723664 ], [ 139.8129, 35.723829 ], [ 139.811473, 35.721361 ], [ 139.812816, 35.723664 ] ], [ [ 139.813225, 35.723247 ], [ 139.813539, 35.723091 ], [ 139.812816, 35.723664 ], [ 139.813225, 35.723247 ] ], [ [ 139.835786, 35.70996 ], [ 139.837267, 35.708656 ], [ 139.837716, 35.708329 ], [ 139.835786, 35.70996 ] ], [ [ 139.836729, 35.708355 ], [ 139.835606, 35.708407 ], [ 139.83666, 35.708311 ], [ 139.837267, 35.708656 ], [ 139.836729, 35.708355 ] ], [ [ 139.818061, 35.708321 ], [ 139.816212, 35.708755 ], [ 139.818695, 35.708064 ], [ 139.818061, 35.708321 ] ], [ [ 139.820822, 35.711007 ], [ 139.818624, 35.709002 ], [ 139.818061, 35.708321 ], [ 139.820822, 35.711007 ] ], [ [ 139.815928, 35.708418 ], [ 139.816159, 35.705693 ], [ 139.816102, 35.70569 ], [ 139.816333, 35.70287 ], [ 139.81613, 35.706196 ], [ 139.815928, 35.708418 ] ], [ [ 139.808764, 35.696326 ], [ 139.809965, 35.696374 ], [ 139.812962, 35.69649 ], [ 139.815012, 35.696613 ], [ 139.808734, 35.696334 ], [ 139.809, 35.692733 ], [ 139.808764, 35.696326 ] ], [ [ 139.810112, 35.715752 ], [ 139.811905, 35.714407 ], [ 139.81012, 35.715747 ], [ 139.810112, 35.715752 ] ], [ [ 139.812825, 35.713717 ], [ 139.816741, 35.717036 ], [ 139.820506, 35.72027 ], [ 139.8147, 35.71531 ], [ 139.812804, 35.713732 ], [ 139.812825, 35.713717 ] ], [ [ 139.810819, 35.712018 ], [ 139.810826, 35.712022 ], [ 139.811223, 35.712359 ], [ 139.810819, 35.712018 ] ], [ [ 139.808432, 35.71153 ], [ 139.808559, 35.709464 ], [ 139.808561, 35.709464 ], [ 139.808555, 35.710327 ], [ 139.80855, 35.71072 ], [ 139.808432, 35.71153 ] ], [ [ 139.809036, 35.709354 ], [ 139.809284, 35.709375 ], [ 139.808745, 35.709421 ], [ 139.809036, 35.709354 ] ], [ [ 139.814969, 35.697246 ], [ 139.814969, 35.697247 ], [ 139.813963, 35.697213 ], [ 139.811881, 35.697012 ], [ 139.814969, 35.697246 ] ], [ [ 139.794807, 35.695437 ], [ 139.794923, 35.694382 ], [ 139.794829, 35.695434 ], [ 139.794807, 35.695437 ] ], [ [ 139.797938, 35.695753 ], [ 139.800201, 35.69586 ], [ 139.80021, 35.695861 ], [ 139.797938, 35.695753 ] ], [ [ 139.794869, 35.701901 ], [ 139.796957, 35.70186 ], [ 139.799849, 35.702007 ], [ 139.799864, 35.702008 ], [ 139.794869, 35.701901 ] ], [ [ 139.799922, 35.704832 ], [ 139.799875, 35.70483 ], [ 139.799864, 35.702008 ], [ 139.799922, 35.704832 ] ], [ [ 139.799925, 35.704992 ], [ 139.799785, 35.706462 ], [ 139.799924, 35.704951 ], [ 139.799925, 35.704992 ] ], [ [ 139.798849, 35.707306 ], [ 139.798263, 35.70783 ], [ 139.799785, 35.706462 ], [ 139.798849, 35.707306 ] ], [ [ 139.807692, 35.709688 ], [ 139.807678, 35.709692 ], [ 139.807757, 35.708753 ], [ 139.808067, 35.705416 ], [ 139.808021, 35.706088 ], [ 139.807682, 35.709688 ], [ 139.807692, 35.709688 ] ], [ [ 139.811288, 35.705806 ], [ 139.81108, 35.708853 ], [ 139.811271, 35.705896 ], [ 139.811288, 35.705806 ] ], [ [ 139.812528, 35.69609 ], [ 139.812929, 35.696119 ], [ 139.812935, 35.696182 ], [ 139.812528, 35.69609 ] ], [ [ 139.813162, 35.724346 ], [ 139.813196, 35.724414 ], [ 139.813171, 35.724539 ], [ 139.813162, 35.724346 ] ], [ [ 139.812784, 35.725093 ], [ 139.81322, 35.727546 ], [ 139.813284, 35.727764 ], [ 139.813228, 35.727599 ], [ 139.812784, 35.725093 ] ], [ [ 139.813135, 35.724719 ], [ 139.813125, 35.724771 ], [ 139.812784, 35.725093 ], [ 139.813135, 35.724719 ] ], [ [ 139.816765, 35.715845 ], [ 139.816702, 35.716117 ], [ 139.816697, 35.715997 ], [ 139.816765, 35.715845 ] ], [ [ 139.817302, 35.714793 ], [ 139.817062, 35.715176 ], [ 139.817176, 35.714919 ], [ 139.817302, 35.714793 ] ], [ [ 139.814937, 35.711916 ], [ 139.815741, 35.712814 ], [ 139.817176, 35.714919 ], [ 139.814937, 35.711916 ] ], [ [ 139.816165, 35.711915 ], [ 139.817075, 35.710572 ], [ 139.815741, 35.712814 ], [ 139.816165, 35.711915 ] ], [ [ 139.820232, 35.71524 ], [ 139.820157, 35.7153 ], [ 139.823244, 35.717428 ], [ 139.818145, 35.713948 ], [ 139.818145, 35.713947 ], [ 139.820232, 35.71524 ] ], [ [ 139.827312, 35.713202 ], [ 139.823242, 35.717433 ], [ 139.821082, 35.719672 ], [ 139.823244, 35.717428 ], [ 139.827312, 35.713202 ] ], [ [ 139.824467, 35.718567 ], [ 139.825473, 35.719564 ], [ 139.823242, 35.717433 ], [ 139.824467, 35.718567 ] ], [ [ 139.825923, 35.721172 ], [ 139.826096, 35.721142 ], [ 139.825905, 35.72118 ], [ 139.826017, 35.721672 ], [ 139.825473, 35.719564 ], [ 139.825923, 35.721172 ] ], [ [ 139.818444, 35.713765 ], [ 139.818193, 35.713899 ], [ 139.818255, 35.713837 ], [ 139.818444, 35.713765 ] ], [ [ 139.823751, 35.71174 ], [ 139.828364, 35.710149 ], [ 139.823313, 35.7119 ], [ 139.823377, 35.711875 ], [ 139.823751, 35.71174 ] ], [ [ 139.828907, 35.711214 ], [ 139.828886, 35.711289 ], [ 139.828364, 35.710149 ], [ 139.828907, 35.711214 ] ], [ [ 139.834187, 35.710311 ], [ 139.833076, 35.710555 ], [ 139.828907, 35.711214 ], [ 139.834187, 35.710311 ] ], [ [ 139.814787, 35.699944 ], [ 139.814543, 35.702771 ], [ 139.814801, 35.699739 ], [ 139.814787, 35.699944 ] ], [ [ 139.818228, 35.709356 ], [ 139.817343, 35.710177 ], [ 139.817442, 35.71003 ], [ 139.818228, 35.709356 ] ], [ [ 139.812878, 35.709673 ], [ 139.81358, 35.709699 ], [ 139.813512, 35.709728 ], [ 139.812878, 35.709673 ] ], [ [ 139.818104, 35.734661 ], [ 139.818234, 35.736663 ], [ 139.818098, 35.734655 ], [ 139.818104, 35.734661 ] ], [ [ 139.819036, 35.731619 ], [ 139.819611, 35.732736 ], [ 139.819403, 35.732467 ], [ 139.819036, 35.731619 ] ], [ [ 139.819384, 35.729231 ], [ 139.81972, 35.728175 ], [ 139.819696, 35.728339 ], [ 139.819015, 35.73063 ], [ 139.819011, 35.730449 ], [ 139.819384, 35.729231 ] ], [ [ 139.819979, 35.727338 ], [ 139.819867, 35.727234 ], [ 139.81988, 35.727235 ], [ 139.819979, 35.727338 ] ], [ [ 139.816286, 35.72056 ], [ 139.814752, 35.722129 ], [ 139.81429, 35.722495 ], [ 139.816286, 35.72056 ] ], [ [ 139.819703, 35.727224 ], [ 139.818258, 35.727199 ], [ 139.818484, 35.72715 ], [ 139.819703, 35.727224 ] ], [ [ 139.81433, 35.730555 ], [ 139.814161, 35.730351 ], [ 139.814096, 35.730159 ], [ 139.81433, 35.730555 ] ], [ [ 139.817195, 35.733837 ], [ 139.816664, 35.733372 ], [ 139.816611, 35.733308 ], [ 139.817195, 35.733837 ] ], [ [ 139.82515, 35.728631 ], [ 139.819884, 35.73309 ], [ 139.824201, 35.729389 ], [ 139.824192, 35.729389 ], [ 139.82515, 35.728631 ] ], [ [ 139.826113, 35.727775 ], [ 139.826765, 35.727226 ], [ 139.82515, 35.728631 ], [ 139.826113, 35.727775 ] ], [ [ 139.830406, 35.720402 ], [ 139.830336, 35.720407 ], [ 139.8304, 35.720396 ], [ 139.82955, 35.717589 ], [ 139.829618, 35.717799 ], [ 139.830417, 35.720435 ], [ 139.830406, 35.720402 ] ], [ [ 139.831064, 35.717935 ], [ 139.831562, 35.717917 ], [ 139.831227, 35.717944 ], [ 139.831064, 35.717935 ] ], [ [ 139.831247, 35.706859 ], [ 139.831862, 35.706958 ], [ 139.831866, 35.70696 ], [ 139.831247, 35.706859 ] ], [ [ 139.831877, 35.706965 ], [ 139.831227, 35.708193 ], [ 139.830985, 35.708457 ], [ 139.831877, 35.706965 ] ], [ [ 139.829988, 35.709397 ], [ 139.830662, 35.70881 ], [ 139.830508, 35.708978 ], [ 139.829988, 35.709397 ] ], [ [ 139.827927, 35.71264 ], [ 139.827919, 35.712617 ], [ 139.828745, 35.711798 ], [ 139.827927, 35.71264 ] ], [ [ 139.829235, 35.716611 ], [ 139.82808, 35.713106 ], [ 139.828955, 35.715742 ], [ 139.829235, 35.716611 ] ], [ [ 139.822825, 35.722521 ], [ 139.824967, 35.726209 ], [ 139.822799, 35.722496 ], [ 139.822825, 35.722521 ] ], [ [ 139.825262, 35.722072 ], [ 139.823964, 35.722477 ], [ 139.823866, 35.722481 ], [ 139.825262, 35.722072 ] ], [ [ 139.830815, 35.723514 ], [ 139.829412, 35.724922 ], [ 139.828623, 35.725609 ], [ 139.830815, 35.723514 ] ], [ [ 139.833489, 35.721594 ], [ 139.834323, 35.72267 ], [ 139.834263, 35.722626 ], [ 139.833489, 35.721594 ] ], [ [ 139.820558, 35.727874 ], [ 139.820491, 35.727812 ], [ 139.823091, 35.729333 ], [ 139.820558, 35.727874 ] ] ], [ [ [ 139.790419, 35.689205 ], [ 139.789166, 35.690841 ], [ 139.788888, 35.691685 ], [ 139.793363, 35.691914 ], [ 139.79343, 35.690709 ], [ 139.792416, 35.690661 ], [ 139.792639, 35.690336 ], [ 139.790419, 35.689205 ] ] ], [ [ [ 139.809, 35.692733 ], [ 139.813254, 35.69297 ], [ 139.813314, 35.692198 ], [ 139.811357, 35.692085 ], [ 139.811721, 35.688768 ], [ 139.809377, 35.688607 ], [ 139.809, 35.692733 ] ] ] ] } },
{ "type": "Feature", "properties": { "ward": "大田区" }, "geometry": { "type": "MultiPolygon", "coordinates": [ [ [ [ 139.688502, 35.559178 ], [ 139.685896, 35.560735 ], [ 139.681946, 35.56359 ], [ 139.680776, 35.56464 ], [ 139.679247, 35.566219 ], [ 139.679219, 35.566204 ], [ 139.677282, 35.569416 ], [ 139.675958, 35.572036 ], [ 139.675445, 35.57341 ], [ 139.674805, 35.574959 ], [ 139.673878, 35.577417 ], [ 139.674369, 35.577542 ], [ 139.673875, 35.577423 ], [ 139.672781, 35.580759 ], [ 139.672568, 35.580816 ], [ 139.672162, 35.581759 ], [ 139.670989, 35.583993 ], [ 139.669648, 35.585766 ], [ 139.670344, 35.586068 ], [ 139.669745, 35.585877 ], [ 139.669371, 35.585561 ], [ 139.669025, 35.586169 ], [ 139.66703, 35.588261 ], [ 139.665075, 35.590013 ], [ 139.66403, 35.590612 ], [ 139.662258, 35.591366 ], [ 139.658855, 35.591862 ], [ 139.659703, 35.593306 ], [ 139.65885, 35.591855 ], [ 139.656566, 35.592381 ], [ 139.657199, 35.593421 ], [ 139.657618, 35.593178 ], [ 139.6581, 35.593152 ], [ 139.658201, 35.593454 ], [ 139.656098, 35.59437 ], [ 139.655969, 35.594164 ], [ 139.655398, 35.594399 ], [ 139.655529, 35.594609 ], [ 139.654952, 35.594848 ], [ 139.654845, 35.594673 ], [ 139.654291, 35.594903 ], [ 139.654394, 35.595077 ], [ 139.652817, 35.595985 ], [ 139.653619, 35.597275 ], [ 139.655594, 35.596459 ], [ 139.656112, 35.597309 ], [ 139.656595, 35.597486 ], [ 139.656233, 35.597894 ], [ 139.657456, 35.598524 ], [ 139.657469, 35.598989 ], [ 139.658069, 35.599057 ], [ 139.65823, 35.599306 ], [ 139.658657, 35.599359 ], [ 139.659298, 35.6 ], [ 139.66046, 35.599762 ], [ 139.660906, 35.599497 ], [ 139.661188, 35.599511 ], [ 139.662665, 35.598596 ], [ 139.661717, 35.598092 ], [ 139.663255, 35.598848 ], [ 139.663231, 35.598785 ], [ 139.663414, 35.599059 ], [ 139.66413, 35.599771 ], [ 139.66448, 35.599179 ], [ 139.665024, 35.598735 ], [ 139.665791, 35.599258 ], [ 139.667197, 35.599521 ], [ 139.667155, 35.598877 ], [ 139.668367, 35.598731 ], [ 139.668319, 35.598513 ], [ 139.668877, 35.598194 ], [ 139.669503, 35.599021 ], [ 139.66986, 35.599221 ], [ 139.673735, 35.595054 ], [ 139.674782, 35.59358 ], [ 139.674713, 35.593548 ], [ 139.675993, 35.591743 ], [ 139.679629, 35.593988 ], [ 139.680787, 35.594825 ], [ 139.680838, 35.595046 ], [ 139.680854, 35.596637 ], [ 139.680495, 35.597499 ], [ 139.680784, 35.597837 ], [ 139.680225, 35.598099 ], [ 139.681118, 35.598213 ], [ 139.681051, 35.598715 ], [ 139.680667, 35.598734 ], [ 139.680621, 35.598993 ], [ 139.680244, 35.598988 ], [ 139.680221, 35.598761 ], [ 139.680219, 35.599016 ], [ 139.680343, 35.600599 ], [ 139.681149, 35.600662 ], [ 139.680768, 35.601105 ], [ 139.680666, 35.60148 ], [ 139.680817, 35.603212 ], [ 139.680635, 35.604126 ], [ 139.682232, 35.604245 ], [ 139.682206, 35.604049 ], [ 139.682886, 35.604019 ], [ 139.682627, 35.603647 ], [ 139.683021, 35.602627 ], [ 139.683874, 35.602306 ], [ 139.684296, 35.60226 ], [ 139.684737, 35.6049 ], [ 139.685088, 35.607278 ], [ 139.684767, 35.607815 ], [ 139.684837, 35.609065 ], [ 139.684228, 35.613086 ], [ 139.685085, 35.612322 ], [ 139.686068, 35.611708 ], [ 139.686961, 35.61165 ], [ 139.6886, 35.611233 ], [ 139.689744, 35.611268 ], [ 139.690276, 35.611089 ], [ 139.690402, 35.61126 ], [ 139.691396, 35.611092 ], [ 139.69343, 35.609627 ], [ 139.693547, 35.609685 ], [ 139.694965, 35.608457 ], [ 139.696456, 35.605784 ], [ 139.697276, 35.604719 ], [ 139.698021, 35.604074 ], [ 139.697976, 35.604044 ], [ 139.700865, 35.601647 ], [ 139.699947, 35.601671 ], [ 139.708026, 35.601108 ], [ 139.712609, 35.600735 ], [ 139.714856, 35.599907 ], [ 139.714675, 35.599486 ], [ 139.714856, 35.599415 ], [ 139.714621, 35.599177 ], [ 139.714203, 35.599248 ], [ 139.714014, 35.599134 ], [ 139.714474, 35.598134 ], [ 139.7145, 35.597418 ], [ 139.715236, 35.597076 ], [ 139.716732, 35.596832 ], [ 139.717558, 35.5965 ], [ 139.717269, 35.595869 ], [ 139.717611, 35.595467 ], [ 139.7179, 35.595171 ], [ 139.717732, 35.594717 ], [ 139.718172, 35.594723 ], [ 139.718206, 35.594127 ], [ 139.719257, 35.592607 ], [ 139.71895, 35.592439 ], [ 139.718924, 35.592226 ], [ 139.719175, 35.592044 ], [ 139.718682, 35.591781 ], [ 139.718663, 35.591714 ], [ 139.71868, 35.591752 ], [ 139.720298, 35.592663 ], [ 139.72027, 35.593089 ], [ 139.720968, 35.594437 ], [ 139.722023, 35.594502 ], [ 139.723807, 35.59428 ], [ 139.726502, 35.594353 ], [ 139.726536, 35.594136 ], [ 139.728041, 35.594564 ], [ 139.728241, 35.594249 ], [ 139.728719, 35.594104 ], [ 139.728918, 35.593855 ], [ 139.729156, 35.592721 ], [ 139.730347, 35.592089 ], [ 139.729361, 35.59011 ], [ 139.729151, 35.589619 ], [ 139.729866, 35.589467 ], [ 139.7294, 35.588386 ], [ 139.729927, 35.587254 ], [ 139.732147, 35.587323 ], [ 139.735547, 35.587242 ], [ 139.735797, 35.587228 ], [ 139.735837, 35.587928 ], [ 139.737034, 35.588012 ], [ 139.737563, 35.585392 ], [ 139.737706, 35.585346 ], [ 139.737566, 35.585288 ], [ 139.737797, 35.583585 ], [ 139.737975, 35.583618 ], [ 139.739555, 35.583777 ], [ 139.73962, 35.583464 ], [ 139.738846, 35.587284 ], [ 139.739269, 35.58766 ], [ 139.740157, 35.587896 ], [ 139.74606, 35.589598 ], [ 139.747615, 35.588801 ], [ 139.749073, 35.585756 ], [ 139.749934, 35.586016 ], [ 139.750077, 35.58575 ], [ 139.749206, 35.585447 ], [ 139.750286, 35.583225 ], [ 139.745009, 35.581336 ], [ 139.75111, 35.583464 ], [ 139.751367, 35.583006 ], [ 139.750508, 35.582729 ], [ 139.752347, 35.578841 ], [ 139.751811, 35.57729 ], [ 139.750161, 35.576526 ], [ 139.750237, 35.576217 ], [ 139.748342, 35.575667 ], [ 139.748504, 35.575292 ], [ 139.748687, 35.574914 ], [ 139.750491, 35.575388 ], [ 139.750688, 35.575094 ], [ 139.752662, 35.575678 ], [ 139.754028, 35.574586 ], [ 139.754714, 35.573286 ], [ 139.755713, 35.572689 ], [ 139.755784, 35.572537 ], [ 139.75488, 35.572932 ], [ 139.756843, 35.568921 ], [ 139.750471, 35.567433 ], [ 139.748416, 35.56892 ], [ 139.747126, 35.569848 ], [ 139.746396, 35.569525 ], [ 139.746981, 35.569959 ], [ 139.745447, 35.571019 ], [ 139.745748, 35.573588 ], [ 139.746424, 35.57425 ], [ 139.748218, 35.574757 ], [ 139.748036, 35.575159 ], [ 139.747786, 35.575536 ], [ 139.746349, 35.575138 ], [ 139.745122, 35.57527 ], [ 139.744568, 35.575882 ], [ 139.742813, 35.575722 ], [ 139.742806, 35.575753 ], [ 139.741975, 35.575122 ], [ 139.740224, 35.574901 ], [ 139.740128, 35.574698 ], [ 139.741982, 35.574909 ], [ 139.743268, 35.574773 ], [ 139.743388, 35.574538 ], [ 139.74328, 35.574275 ], [ 139.742675, 35.573827 ], [ 139.742793, 35.572892 ], [ 139.743969, 35.571491 ], [ 139.743671, 35.571302 ], [ 139.74372, 35.571081 ], [ 139.741959, 35.570146 ], [ 139.744024, 35.571084 ], [ 139.746093, 35.569416 ], [ 139.74631, 35.569556 ], [ 139.746442, 35.569477 ], [ 139.746206, 35.569338 ], [ 139.746245, 35.569125 ], [ 139.746212, 35.56911 ], [ 139.746221, 35.569051 ], [ 139.746352, 35.569103 ], [ 139.746392, 35.568923 ], [ 139.746707, 35.569035 ], [ 139.749206, 35.567111 ], [ 139.749372, 35.566792 ], [ 139.749645, 35.566721 ], [ 139.749601, 35.566504 ], [ 139.753291, 35.56245 ], [ 139.753132, 35.561979 ], [ 139.752355, 35.56086 ], [ 139.746996, 35.560974 ], [ 139.751841, 35.560789 ], [ 139.751757, 35.560093 ], [ 139.752131, 35.560065 ], [ 139.752137, 35.559792 ], [ 139.751802, 35.559808 ], [ 139.751695, 35.558809 ], [ 139.751337, 35.558759 ], [ 139.751338, 35.556777 ], [ 139.751734, 35.556552 ], [ 139.752058, 35.556369 ], [ 139.752906, 35.553534 ], [ 139.752714, 35.55072 ], [ 139.752909, 35.550684 ], [ 139.752923, 35.550432 ], [ 139.752693, 35.550483 ], [ 139.752723, 35.549986 ], [ 139.752826, 35.549917 ], [ 139.753148, 35.54997 ], [ 139.753189, 35.550416 ], [ 139.752985, 35.550495 ], [ 139.752949, 35.550728 ], [ 139.753108, 35.550793 ], [ 139.753055, 35.552771 ], [ 139.753196, 35.554446 ], [ 139.752916, 35.55711 ], [ 139.754171, 35.561603 ], [ 139.754637, 35.561809 ], [ 139.75487, 35.561451 ], [ 139.755061, 35.561578 ], [ 139.75552, 35.562803 ], [ 139.758633, 35.564539 ], [ 139.761261, 35.563172 ], [ 139.763045, 35.560976 ], [ 139.763913, 35.560446 ], [ 139.771151, 35.568804 ], [ 139.785356, 35.570411 ], [ 139.80105, 35.548385 ], [ 139.803762, 35.54603 ], [ 139.808831, 35.538901 ], [ 139.803026, 35.536154 ], [ 139.803049, 35.535926 ], [ 139.806678, 35.530803 ], [ 139.807113, 35.530788 ], [ 139.820388, 35.542654 ], [ 139.823278, 35.543787 ], [ 139.82587, 35.54179 ], [ 139.802439, 35.520862 ], [ 139.799799, 35.522797 ], [ 139.801768, 35.524564 ], [ 139.800103, 35.525812 ], [ 139.804293, 35.529584 ], [ 139.804323, 35.529935 ], [ 139.800837, 35.534878 ], [ 139.794896, 35.532225 ], [ 139.787653, 35.534356 ], [ 139.786394, 35.535805 ], [ 139.784981, 35.535144 ], [ 139.784405, 35.535338 ], [ 139.782051, 35.538621 ], [ 139.781701, 35.538508 ], [ 139.781538, 35.53866 ], [ 139.781288, 35.538509 ], [ 139.778625, 35.536905 ], [ 139.768966, 35.541248 ], [ 139.768205, 35.540191 ], [ 139.760571, 35.543785 ], [ 139.757368, 35.544735 ], [ 139.755328, 35.54512 ], [ 139.752733, 35.545115 ], [ 139.75265, 35.545367 ], [ 139.752274, 35.545937 ], [ 139.752089, 35.545937 ], [ 139.752222, 35.545693 ], [ 139.750134, 35.545217 ], [ 139.749961, 35.54504 ], [ 139.749883, 35.545158 ], [ 139.749632, 35.54508 ], [ 139.749222, 35.544748 ], [ 139.749178, 35.544875 ], [ 139.748801, 35.54475 ], [ 139.748717, 35.544582 ], [ 139.748476, 35.544753 ], [ 139.748525, 35.544644 ], [ 139.748179, 35.54447 ], [ 139.746767, 35.544352 ], [ 139.746523, 35.545285 ], [ 139.746765, 35.544322 ], [ 139.746696, 35.544428 ], [ 139.744263, 35.544458 ], [ 139.743148, 35.544866 ], [ 139.741047, 35.54518 ], [ 139.737225, 35.545475 ], [ 139.733827, 35.545344 ], [ 139.729978, 35.545254 ], [ 139.726474, 35.544881 ], [ 139.723559, 35.544261 ], [ 139.719326, 35.542756 ], [ 139.718225, 35.545343 ], [ 139.71931, 35.542765 ], [ 139.715399, 35.541201 ], [ 139.712458, 35.540381 ], [ 139.708629, 35.539794 ], [ 139.706898, 35.53988 ], [ 139.705729, 35.54013 ], [ 139.703687, 35.541192 ], [ 139.70275, 35.542104 ], [ 139.702381, 35.542707 ], [ 139.702161, 35.543813 ], [ 139.702717, 35.54584 ], [ 139.703746, 35.547782 ], [ 139.704769, 35.549839 ], [ 139.705148, 35.551077 ], [ 139.705131, 35.551774 ], [ 139.704812, 35.552597 ], [ 139.703677, 35.553788 ], [ 139.701174, 35.555604 ], [ 139.699808, 35.556362 ], [ 139.698317, 35.557039 ], [ 139.696359, 35.55718 ], [ 139.696384, 35.557256 ], [ 139.693797, 35.557414 ], [ 139.691341, 35.557899 ], [ 139.688476, 35.559145 ], [ 139.688523, 35.559195 ], [ 139.688502, 35.559178 ] ], [ [ 139.679403, 35.584131 ], [ 139.67754, 35.583596 ], [ 139.672162, 35.581759 ], [ 139.679403, 35.584131 ] ], [ [ 139.701238, 35.600613 ], [ 139.701339, 35.600566 ], [ 139.699947, 35.601671 ], [ 139.701238, 35.600613 ] ], [ [ 139.71495, 35.593833 ], [ 139.717601, 35.592368 ], [ 139.718682, 35.591781 ], [ 139.71495, 35.593833 ] ], [ [ 139.728876, 35.590248 ], [ 139.728882, 35.590236 ], [ 139.729361, 35.59011 ], [ 139.728876, 35.590248 ] ], [ [ 139.726373, 35.586423 ], [ 139.726328, 35.586346 ], [ 139.728882, 35.590236 ], [ 139.726373, 35.586423 ] ], [ [ 139.739908, 35.574336 ], [ 139.739806, 35.57431 ], [ 139.743671, 35.571302 ], [ 139.739908, 35.574336 ] ], [ [ 139.743042, 35.561118 ], [ 139.742791, 35.561112 ], [ 139.746996, 35.560974 ], [ 139.743042, 35.561118 ] ], [ [ 139.740825, 35.549125 ], [ 139.740587, 35.55119 ], [ 139.740822, 35.549145 ], [ 139.741047, 35.54518 ], [ 139.740825, 35.549125 ] ], [ [ 139.744341, 35.548893 ], [ 139.744113, 35.548947 ], [ 139.740825, 35.549125 ], [ 139.744341, 35.548893 ] ], [ [ 139.747312, 35.54819 ], [ 139.748726, 35.547765 ], [ 139.747674, 35.54811 ], [ 139.744341, 35.548893 ], [ 139.747312, 35.54819 ] ], [ [ 139.740226, 35.55251 ], [ 139.739803, 35.553906 ], [ 139.738867, 35.55709 ], [ 139.740295, 35.552197 ], [ 139.740587, 35.55119 ], [ 139.740226, 35.55251 ] ], [ [ 139.74075, 35.553637 ], [ 139.740817, 35.553637 ], [ 139.739803, 35.553906 ], [ 139.74075, 35.553637 ] ], [ [ 139.742324, 35.55363 ], [ 139.742226, 35.554017 ], [ 139.742207, 35.553718 ], [ 139.740817, 35.553637 ], [ 139.742324, 35.55363 ] ], [ [ 139.733617, 35.557114 ], [ 139.733201, 35.556977 ], [ 139.738867, 35.55709 ], [ 139.733617, 35.557114 ] ], [ [ 139.731364, 35.557008 ], [ 139.730264, 35.556819 ], [ 139.733201, 35.556977 ], [ 139.731364, 35.557008 ] ], [ [ 139.733545, 35.549537 ], [ 139.733469, 35.552832 ], [ 139.733505, 35.549531 ], [ 139.740822, 35.549145 ], [ 139.733545, 35.549537 ] ], [ [ 139.704889, 35.555007 ], [ 139.704909, 35.555004 ], [ 139.705043, 35.55524 ], [ 139.703677, 35.553788 ], [ 139.704889, 35.555007 ] ], [ [ 139.710691, 35.5898 ], [ 139.710781, 35.589632 ], [ 139.71057, 35.59025 ], [ 139.710691, 35.5898 ] ], [ [ 139.711724, 35.588211 ], [ 139.712782, 35.587947 ], [ 139.711719, 35.588215 ], [ 139.711724, 35.588211 ] ], [ [ 139.707053, 35.585401 ], [ 139.708724, 35.585395 ], [ 139.70757, 35.585404 ], [ 139.707053, 35.585401 ] ], [ [ 139.703837, 35.584268 ], [ 139.704092, 35.584602 ], [ 139.703833, 35.584265 ], [ 139.707053, 35.585401 ], [ 139.703837, 35.584268 ] ], [ [ 139.713814, 35.582954 ], [ 139.714203, 35.582724 ], [ 139.711666, 35.584288 ], [ 139.713814, 35.582954 ] ], [ [ 139.701901, 35.58171 ], [ 139.703955, 35.581921 ], [ 139.707023, 35.582233 ], [ 139.713814, 35.582954 ], [ 139.701901, 35.58171 ] ], [ [ 139.703619, 35.583987 ], [ 139.70284, 35.582975 ], [ 139.701901, 35.58171 ], [ 139.703619, 35.583987 ] ], [ [ 139.714067, 35.582129 ], [ 139.714259, 35.582709 ], [ 139.714203, 35.582724 ], [ 139.714067, 35.582129 ] ], [ [ 139.715404, 35.581336 ], [ 139.715271, 35.581485 ], [ 139.714067, 35.582129 ], [ 139.715404, 35.581336 ] ], [ [ 139.715055, 35.580578 ], [ 139.715327, 35.58095 ], [ 139.715404, 35.581336 ], [ 139.715055, 35.580578 ] ], [ [ 139.708378, 35.580201 ], [ 139.710495, 35.578219 ], [ 139.709643, 35.579065 ], [ 139.708327, 35.580277 ], [ 139.708378, 35.580201 ] ], [ [ 139.718813, 35.569281 ], [ 139.719729, 35.57154 ], [ 139.721139, 35.575093 ], [ 139.720568, 35.573734 ], [ 139.719115, 35.570124 ], [ 139.718773, 35.569289 ], [ 139.718813, 35.569281 ] ], [ [ 139.717953, 35.570603 ], [ 139.718377, 35.570386 ], [ 139.718515, 35.569936 ], [ 139.718394, 35.570414 ], [ 139.719115, 35.570124 ], [ 139.717953, 35.570603 ] ], [ [ 139.721162, 35.56241 ], [ 139.722244, 35.565536 ], [ 139.723172, 35.568323 ], [ 139.721162, 35.56241 ] ], [ [ 139.724659, 35.561406 ], [ 139.726191, 35.563436 ], [ 139.72644, 35.563774 ], [ 139.724659, 35.561406 ] ], [ [ 139.722576, 35.552083 ], [ 139.720235, 35.549873 ], [ 139.72255, 35.552052 ], [ 139.722813, 35.552248 ], [ 139.722576, 35.552083 ] ], [ [ 139.725379, 35.547364 ], [ 139.726678, 35.546152 ], [ 139.725331, 35.54743 ], [ 139.725379, 35.547364 ] ], [ [ 139.704531, 35.594219 ], [ 139.711194, 35.594114 ], [ 139.706725, 35.594223 ], [ 139.704531, 35.594219 ] ], [ [ 139.707309, 35.567037 ], [ 139.709284, 35.566936 ], [ 139.712229, 35.567867 ], [ 139.70927, 35.567004 ], [ 139.707309, 35.567037 ] ], [ [ 139.707147, 35.567411 ], [ 139.706861, 35.567385 ], [ 139.707143, 35.567409 ], [ 139.707309, 35.567037 ], [ 139.707147, 35.567411 ] ], [ [ 139.706483, 35.568948 ], [ 139.705761, 35.570881 ], [ 139.70601, 35.570002 ], [ 139.707147, 35.567411 ], [ 139.706483, 35.568948 ] ], [ [ 139.69185, 35.605695 ], [ 139.696835, 35.604478 ], [ 139.696873, 35.604499 ], [ 139.692277, 35.605645 ], [ 139.69185, 35.605695 ] ], [ [ 139.692134, 35.600401 ], [ 139.692222, 35.600892 ], [ 139.69217, 35.601064 ], [ 139.692127, 35.600399 ], [ 139.692134, 35.600401 ] ], [ [ 139.689355, 35.600128 ], [ 139.691413, 35.60021 ], [ 139.691573, 35.600252 ], [ 139.689599, 35.600178 ], [ 139.689355, 35.600128 ] ], [ [ 139.693539, 35.595755 ], [ 139.693579, 35.595722 ], [ 139.692949, 35.59652 ], [ 139.693537, 35.595754 ], [ 139.693539, 35.595755 ] ], [ [ 139.692944, 35.595549 ], [ 139.693331, 35.595683 ], [ 139.691764, 35.595471 ], [ 139.692944, 35.595549 ] ], [ [ 139.696898, 35.592065 ], [ 139.696311, 35.589903 ], [ 139.696381, 35.589859 ], [ 139.696898, 35.592065 ] ], [ [ 139.701223, 35.590408 ], [ 139.696429, 35.589046 ], [ 139.69299, 35.588065 ], [ 139.701223, 35.590408 ] ], [ [ 139.701244, 35.590272 ], [ 139.701232, 35.590399 ], [ 139.701979, 35.59062 ], [ 139.701223, 35.590408 ], [ 139.701244, 35.590272 ] ], [ [ 139.692798, 35.584622 ], [ 139.693921, 35.5844 ], [ 139.693355, 35.583861 ], [ 139.694601, 35.585 ], [ 139.693955, 35.584447 ], [ 139.692798, 35.584622 ] ], [ [ 139.694735, 35.579381 ], [ 139.694711, 35.580258 ], [ 139.694679, 35.580137 ], [ 139.694735, 35.579381 ] ], [ [ 139.695959, 35.578481 ], [ 139.694797, 35.578542 ], [ 139.694798, 35.578537 ], [ 139.695959, 35.578481 ] ], [ [ 139.692595, 35.573143 ], [ 139.69268, 35.573135 ], [ 139.692651, 35.573434 ], [ 139.692595, 35.573143 ] ], [ [ 139.690333, 35.574346 ], [ 139.690749, 35.574543 ], [ 139.690694, 35.574538 ], [ 139.690333, 35.574346 ] ], [ [ 139.690092, 35.574609 ], [ 139.691176, 35.573323 ], [ 139.690325, 35.574342 ], [ 139.690333, 35.574346 ], [ 139.690092, 35.574609 ] ], [ [ 139.691163, 35.57143 ], [ 139.690945, 35.573327 ], [ 139.691281, 35.570199 ], [ 139.691163, 35.57143 ] ], [ [ 139.695062, 35.567082 ], [ 139.690452, 35.570136 ], [ 139.694802, 35.567169 ], [ 139.695062, 35.567082 ] ], [ [ 139.696485, 35.564875 ], [ 139.696314, 35.566298 ], [ 139.696298, 35.566415 ], [ 139.696312, 35.566254 ], [ 139.69648, 35.564875 ], [ 139.696485, 35.564875 ] ], [ [ 139.703042, 35.562657 ], [ 139.700432, 35.563717 ], [ 139.700663, 35.563573 ], [ 139.703042, 35.562657 ] ], [ [ 139.702901, 35.563991 ], [ 139.702533, 35.566993 ], [ 139.703042, 35.562657 ], [ 139.702901, 35.563991 ] ], [ [ 139.709159, 35.555083 ], [ 139.708821, 35.560079 ], [ 139.708824, 35.558793 ], [ 139.709159, 35.555083 ] ], [ [ 139.707444, 35.554546 ], [ 139.708023, 35.554639 ], [ 139.709159, 35.555083 ], [ 139.707444, 35.554546 ] ], [ [ 139.713039, 35.555567 ], [ 139.71358, 35.55689 ], [ 139.713573, 35.556888 ], [ 139.711923, 35.552846 ], [ 139.713039, 35.555567 ] ], [ [ 139.719257, 35.555551 ], [ 139.72014, 35.555401 ], [ 139.720642, 35.556078 ], [ 139.720143, 35.555419 ], [ 139.719084, 35.555586 ], [ 139.716665, 35.555566 ], [ 139.713039, 35.555567 ], [ 139.719257, 35.555551 ] ], [ [ 139.717367, 35.551795 ], [ 139.72003, 35.555252 ], [ 139.72014, 35.555401 ], [ 139.717367, 35.551795 ] ], [ [ 139.714936, 35.548579 ], [ 139.714872, 35.548492 ], [ 139.717367, 35.551795 ], [ 139.714936, 35.548579 ] ], [ [ 139.712347, 35.545131 ], [ 139.712348, 35.545132 ], [ 139.711696, 35.54536 ], [ 139.709186, 35.545484 ], [ 139.711614, 35.545359 ], [ 139.712347, 35.545131 ] ], [ [ 139.690921, 35.595047 ], [ 139.690129, 35.59564 ], [ 139.690392, 35.595378 ], [ 139.690921, 35.595047 ] ], [ [ 139.666134, 35.590926 ], [ 139.666159, 35.590874 ], [ 139.667174, 35.590356 ], [ 139.666134, 35.590926 ] ], [ [ 139.677881, 35.589098 ], [ 139.677175, 35.590075 ], [ 139.677864, 35.589104 ], [ 139.672965, 35.586903 ], [ 139.677881, 35.589098 ] ], [ [ 139.680431, 35.591589 ], [ 139.680986, 35.593178 ], [ 139.681096, 35.593609 ], [ 139.680431, 35.591589 ] ], [ [ 139.683365, 35.592694 ], [ 139.683856, 35.592721 ], [ 139.684693, 35.592985 ], [ 139.683365, 35.592694 ] ], [ [ 139.685973, 35.593947 ], [ 139.685974, 35.593946 ], [ 139.687903, 35.595292 ], [ 139.685971, 35.593954 ], [ 139.68596, 35.593963 ], [ 139.684693, 35.592985 ], [ 139.685973, 35.593947 ] ], [ [ 139.684236, 35.591193 ], [ 139.686011, 35.587651 ], [ 139.685137, 35.589407 ], [ 139.684236, 35.591193 ] ], [ [ 139.696911, 35.561323 ], [ 139.697042, 35.559668 ], [ 139.697065, 35.560043 ], [ 139.696911, 35.561323 ] ], [ [ 139.697025, 35.559398 ], [ 139.69669, 35.558208 ], [ 139.697014, 35.559211 ], [ 139.697025, 35.559398 ] ], [ [ 139.680014, 35.578942 ], [ 139.679478, 35.578765 ], [ 139.67897, 35.578529 ], [ 139.680014, 35.578942 ] ], [ [ 139.681412, 35.578447 ], [ 139.680823, 35.578893 ], [ 139.680671, 35.578902 ], [ 139.681412, 35.578447 ] ], [ [ 139.68614, 35.580378 ], [ 139.68619, 35.580225 ], [ 139.686773, 35.582317 ], [ 139.686167, 35.580392 ], [ 139.68614, 35.580378 ] ], [ [ 139.686216, 35.580145 ], [ 139.687743, 35.579071 ], [ 139.686208, 35.580169 ], [ 139.686216, 35.580145 ] ], [ [ 139.690122, 35.57564 ], [ 139.689558, 35.576292 ], [ 139.688804, 35.577135 ], [ 139.690122, 35.57564 ] ], [ [ 139.683231, 35.573435 ], [ 139.679802, 35.576916 ], [ 139.683182, 35.573476 ], [ 139.683231, 35.573435 ] ], [ [ 139.684253, 35.572604 ], [ 139.684781, 35.572448 ], [ 139.684026, 35.572774 ], [ 139.684241, 35.572596 ], [ 139.684253, 35.572604 ] ], [ [ 139.686856, 35.572084 ], [ 139.686599, 35.572069 ], [ 139.686596, 35.572803 ], [ 139.686502, 35.571941 ], [ 139.686856, 35.572084 ] ], [ [ 139.687826, 35.571212 ], [ 139.686254, 35.568774 ], [ 139.686267, 35.568791 ], [ 139.687826, 35.571212 ] ], [ [ 139.684697, 35.566903 ], [ 139.685008, 35.567083 ], [ 139.685137, 35.567257 ], [ 139.684697, 35.566903 ] ], [ [ 139.690041, 35.5644 ], [ 139.690191, 35.564673 ], [ 139.690613, 35.566189 ], [ 139.690041, 35.5644 ] ], [ [ 139.6889, 35.559604 ], [ 139.689146, 35.560728 ], [ 139.688813, 35.55951 ], [ 139.6889, 35.559604 ] ], [ [ 139.689215, 35.56104 ], [ 139.689021, 35.561578 ], [ 139.689212, 35.561026 ], [ 139.689215, 35.56104 ] ], [ [ 139.686342, 35.573222 ], [ 139.686407, 35.57343 ], [ 139.686395, 35.573487 ], [ 139.686342, 35.573222 ] ], [ [ 139.687884, 35.586582 ], [ 139.687737, 35.586331 ], [ 139.68794, 35.586612 ], [ 139.680727, 35.584511 ], [ 139.687884, 35.586582 ] ], [ [ 139.681919, 35.582484 ], [ 139.681855, 35.582674 ], [ 139.680727, 35.584511 ], [ 139.681919, 35.582484 ] ], [ [ 139.677121, 35.581099 ], [ 139.676637, 35.579291 ], [ 139.676844, 35.579935 ], [ 139.677121, 35.581099 ] ], [ [ 139.678098, 35.579731 ], [ 139.678114, 35.57971 ], [ 139.678173, 35.579669 ], [ 139.678098, 35.579731 ] ], [ [ 139.691801, 35.581616 ], [ 139.692822, 35.583354 ], [ 139.692567, 35.583111 ], [ 139.691801, 35.581616 ] ], [ [ 139.686715, 35.587837 ], [ 139.686844, 35.587871 ], [ 139.687546, 35.588143 ], [ 139.686715, 35.587837 ] ], [ [ 139.684927, 35.587448 ], [ 139.683855, 35.587081 ], [ 139.685534, 35.587525 ], [ 139.684927, 35.587448 ] ], [ [ 139.687785, 35.604684 ], [ 139.688118, 35.604794 ], [ 139.68725, 35.604654 ], [ 139.687785, 35.604684 ] ], [ [ 139.687668, 35.599712 ], [ 139.688749, 35.600002 ], [ 139.688243, 35.599898 ], [ 139.687668, 35.599712 ] ], [ [ 139.68918, 35.596608 ], [ 139.689259, 35.596509 ], [ 139.68948, 35.596288 ], [ 139.68918, 35.596608 ] ], [ [ 139.681533, 35.594936 ], [ 139.682593, 35.596577 ], [ 139.682359, 35.596319 ], [ 139.681568, 35.595041 ], [ 139.681533, 35.594936 ] ], [ [ 139.683922, 35.59804 ], [ 139.685697, 35.599076 ], [ 139.685649, 35.59906 ], [ 139.683922, 35.59804 ] ], [ [ 139.685567, 35.59975 ], [ 139.685252, 35.600315 ], [ 139.685251, 35.600194 ], [ 139.685567, 35.59975 ] ], [ [ 139.689491, 35.608466 ], [ 139.692972, 35.6094 ], [ 139.693355, 35.60959 ], [ 139.689491, 35.608466 ] ], [ [ 139.667142, 35.597072 ], [ 139.667127, 35.59846 ], [ 139.667066, 35.597525 ], [ 139.667142, 35.597072 ] ], [ [ 139.667158, 35.59553 ], [ 139.667145, 35.596804 ], [ 139.667049, 35.596794 ], [ 139.667158, 35.59553 ] ], [ [ 139.662755, 35.597532 ], [ 139.662734, 35.597476 ], [ 139.662708, 35.595888 ], [ 139.662755, 35.597532 ] ], [ [ 139.708048, 35.543488 ], [ 139.708411, 35.544409 ], [ 139.707482, 35.542462 ], [ 139.708048, 35.543488 ] ], [ [ 139.703797, 35.545003 ], [ 139.708521, 35.544689 ], [ 139.708843, 35.545505 ], [ 139.708511, 35.544729 ], [ 139.703797, 35.545003 ] ], [ [ 139.703306, 35.561436 ], [ 139.703318, 35.56056 ], [ 139.703582, 35.558439 ], [ 139.703306, 35.561436 ] ], [ [ 139.694112, 35.59706 ], [ 139.697381, 35.597965 ], [ 139.69739, 35.597969 ], [ 139.694112, 35.59706 ] ], [ [ 139.703086, 35.597351 ], [ 139.703103, 35.597264 ], [ 139.703543, 35.59825 ], [ 139.700009, 35.594456 ], [ 139.699859, 35.594266 ], [ 139.703481, 35.598174 ], [ 139.703086, 35.597351 ] ], [ [ 139.70285, 35.594095 ], [ 139.702762, 35.593773 ], [ 139.702828, 35.593974 ], [ 139.70285, 35.594095 ] ], [ [ 139.700494, 35.57898 ], [ 139.700484, 35.57896 ], [ 139.699954, 35.577928 ], [ 139.700505, 35.578958 ], [ 139.701256, 35.5776 ], [ 139.700494, 35.57898 ] ], [ [ 139.696741, 35.571629 ], [ 139.696695, 35.571509 ], [ 139.697168, 35.572454 ], [ 139.699209, 35.576478 ], [ 139.697796, 35.573726 ], [ 139.696741, 35.571629 ] ], [ [ 139.696218, 35.57327 ], [ 139.696607, 35.573328 ], [ 139.697796, 35.573726 ], [ 139.696218, 35.57327 ] ], [ [ 139.696291, 35.566497 ], [ 139.69648, 35.566512 ], [ 139.696291, 35.566498 ], [ 139.696291, 35.566497 ] ], [ [ 139.696036, 35.569521 ], [ 139.696137, 35.570069 ], [ 139.696016, 35.569757 ], [ 139.696036, 35.569521 ] ], [ [ 139.702146, 35.585894 ], [ 139.701608, 35.587905 ], [ 139.701745, 35.587018 ], [ 139.702146, 35.585894 ] ], [ [ 139.703592, 35.599519 ], [ 139.703712, 35.599463 ], [ 139.707525, 35.59778 ], [ 139.703592, 35.599519 ] ], [ [ 139.692752, 35.600564 ], [ 139.692887, 35.60066 ], [ 139.692474, 35.600491 ], [ 139.692752, 35.600564 ] ], [ [ 139.71736, 35.547161 ], [ 139.720227, 35.549866 ], [ 139.716095, 35.545998 ], [ 139.713499, 35.54345 ], [ 139.717352, 35.547163 ], [ 139.717986, 35.54667 ], [ 139.71736, 35.547161 ] ], [ [ 139.713213, 35.546237 ], [ 139.714118, 35.547394 ], [ 139.714083, 35.547419 ], [ 139.713213, 35.546237 ] ], [ [ 139.714478, 35.559589 ], [ 139.712007, 35.559734 ], [ 139.713525, 35.55957 ], [ 139.714478, 35.559589 ] ], [ [ 139.718363, 35.558903 ], [ 139.721177, 35.558247 ], [ 139.718405, 35.558895 ], [ 139.716418, 35.559433 ], [ 139.718363, 35.558903 ] ], [ [ 139.721165, 35.562408 ], [ 139.721169, 35.562405 ], [ 139.721179, 35.562402 ], [ 139.721165, 35.562408 ] ], [ [ 139.723905, 35.562097 ], [ 139.722143, 35.562163 ], [ 139.722178, 35.562154 ], [ 139.723905, 35.562097 ] ], [ [ 139.714081, 35.558117 ], [ 139.71403, 35.558229 ], [ 139.713628, 35.557009 ], [ 139.714081, 35.558117 ] ], [ [ 139.711679, 35.564431 ], [ 139.714555, 35.564163 ], [ 139.713365, 35.564316 ], [ 139.711679, 35.564431 ] ], [ [ 139.726328, 35.556039 ], [ 139.726326, 35.556036 ], [ 139.729855, 35.55351 ], [ 139.726328, 35.556039 ] ], [ [ 139.727168, 35.584905 ], [ 139.727614, 35.584821 ], [ 139.725855, 35.585532 ], [ 139.725854, 35.58553 ], [ 139.727168, 35.584905 ] ], [ [ 139.724248, 35.582338 ], [ 139.724826, 35.583763 ], [ 139.723492, 35.580576 ], [ 139.724248, 35.582338 ] ], [ [ 139.723249, 35.580622 ], [ 139.723412, 35.580533 ], [ 139.721411, 35.575739 ], [ 139.721349, 35.575592 ], [ 139.723492, 35.580576 ], [ 139.723249, 35.580622 ] ], [ [ 139.735142, 35.577769 ], [ 139.727884, 35.57944 ], [ 139.727931, 35.579428 ], [ 139.735142, 35.577769 ] ], [ [ 139.734298, 35.575226 ], [ 139.735147, 35.577765 ], [ 139.736146, 35.577613 ], [ 139.735142, 35.577769 ], [ 139.734298, 35.575226 ] ], [ [ 139.734158, 35.575224 ], [ 139.734267, 35.575128 ], [ 139.733924, 35.573808 ], [ 139.73395, 35.573692 ], [ 139.734298, 35.575226 ], [ 139.734158, 35.575224 ] ], [ [ 139.73699, 35.574371 ], [ 139.734887, 35.575175 ], [ 139.736717, 35.574396 ], [ 139.73699, 35.574371 ] ], [ [ 139.738403, 35.57455 ], [ 139.737085, 35.574363 ], [ 139.737354, 35.574338 ], [ 139.738403, 35.57455 ] ], [ [ 139.73956, 35.574715 ], [ 139.739258, 35.574672 ], [ 139.739675, 35.574637 ], [ 139.73956, 35.574715 ] ], [ [ 139.739757, 35.574581 ], [ 139.739681, 35.574632 ], [ 139.739606, 35.574465 ], [ 139.739757, 35.574581 ] ], [ [ 139.739647, 35.570009 ], [ 139.739785, 35.569397 ], [ 139.739642, 35.570061 ], [ 139.739418, 35.569727 ], [ 139.739647, 35.570009 ] ], [ [ 139.740329, 35.564515 ], [ 139.740384, 35.564933 ], [ 139.740198, 35.566428 ], [ 139.740196, 35.566427 ], [ 139.740329, 35.564515 ] ], [ [ 139.740212, 35.563635 ], [ 139.740318, 35.564436 ], [ 139.739805, 35.561036 ], [ 139.740212, 35.563635 ] ], [ [ 139.737686, 35.560935 ], [ 139.73774, 35.560937 ], [ 139.742542, 35.561106 ], [ 139.739805, 35.561036 ], [ 139.737686, 35.560935 ] ], [ [ 139.733639, 35.560771 ], [ 139.733392, 35.56076 ], [ 139.737686, 35.560935 ], [ 139.733639, 35.560771 ] ], [ [ 139.742484, 35.558935 ], [ 139.7428, 35.560411 ], [ 139.74275, 35.561102 ], [ 139.74279, 35.560423 ], [ 139.742484, 35.558935 ] ], [ [ 139.724657, 35.572739 ], [ 139.725157, 35.572691 ], [ 139.724641, 35.572754 ], [ 139.725765, 35.575159 ], [ 139.724757, 35.573131 ], [ 139.72383, 35.570401 ], [ 139.724657, 35.572739 ] ], [ [ 139.719403, 35.582938 ], [ 139.720504, 35.582782 ], [ 139.72058, 35.582671 ], [ 139.720544, 35.582814 ], [ 139.719403, 35.582938 ] ], [ [ 139.721812, 35.5814 ], [ 139.720839, 35.582291 ], [ 139.721084, 35.581932 ], [ 139.721735, 35.581449 ], [ 139.721731, 35.581444 ], [ 139.721812, 35.5814 ] ], [ [ 139.720543, 35.579952 ], [ 139.719636, 35.579445 ], [ 139.715907, 35.577496 ], [ 139.716101, 35.57759 ], [ 139.717373, 35.575972 ], [ 139.716112, 35.577583 ], [ 139.718867, 35.579009 ], [ 139.720543, 35.579952 ] ], [ [ 139.712092, 35.580277 ], [ 139.714659, 35.578353 ], [ 139.713311, 35.579408 ], [ 139.712092, 35.580277 ] ], [ [ 139.71577, 35.588376 ], [ 139.716917, 35.588345 ], [ 139.716666, 35.588399 ], [ 139.71577, 35.588376 ] ], [ [ 139.718286, 35.588052 ], [ 139.71936, 35.588326 ], [ 139.71936, 35.588327 ], [ 139.718286, 35.588052 ] ], [ [ 139.724471, 35.587782 ], [ 139.724852, 35.587616 ], [ 139.723481, 35.588467 ], [ 139.724471, 35.587782 ] ], [ [ 139.725643, 35.587272 ], [ 139.726104, 35.587072 ], [ 139.726097, 35.58713 ], [ 139.725643, 35.587272 ] ], [ [ 139.715921, 35.585466 ], [ 139.71461, 35.587071 ], [ 139.715947, 35.585356 ], [ 139.715921, 35.585466 ] ], [ [ 139.718874, 35.590442 ], [ 139.718597, 35.591474 ], [ 139.718588, 35.591443 ], [ 139.719297, 35.588635 ], [ 139.718925, 35.590447 ], [ 139.718874, 35.590442 ] ], [ [ 139.729664, 35.552421 ], [ 139.729651, 35.549817 ], [ 139.729659, 35.549699 ], [ 139.729658, 35.549864 ], [ 139.729664, 35.552421 ] ], [ [ 139.730497, 35.562971 ], [ 139.73085, 35.565887 ], [ 139.730536, 35.563323 ], [ 139.730497, 35.562971 ] ], [ [ 139.732536, 35.563016 ], [ 139.731938, 35.562603 ], [ 139.730687, 35.562482 ], [ 139.731878, 35.56259 ], [ 139.729538, 35.561179 ], [ 139.732071, 35.562677 ], [ 139.732536, 35.563016 ] ], [ [ 139.734469, 35.562392 ], [ 139.733701, 35.564299 ], [ 139.733807, 35.563942 ], [ 139.734469, 35.562392 ] ], [ [ 139.727201, 35.557166 ], [ 139.726471, 35.556223 ], [ 139.727127, 35.556965 ], [ 139.727201, 35.557166 ] ], [ [ 139.727253, 35.560215 ], [ 139.727348, 35.560188 ], [ 139.72746, 35.560204 ], [ 139.727253, 35.560215 ] ], [ [ 139.728371, 35.560335 ], [ 139.730083, 35.560609 ], [ 139.729778, 35.560595 ], [ 139.728371, 35.560335 ] ], [ [ 139.733009, 35.560742 ], [ 139.733058, 35.560045 ], [ 139.733055, 35.560744 ], [ 139.733009, 35.560742 ] ], [ [ 139.736171, 35.566205 ], [ 139.736381, 35.565598 ], [ 139.735619, 35.567835 ], [ 139.736171, 35.566205 ] ], [ [ 139.739822, 35.566207 ], [ 139.740082, 35.566385 ], [ 139.739941, 35.566334 ], [ 139.739822, 35.566207 ] ], [ [ 139.734617, 35.570928 ], [ 139.734437, 35.571511 ], [ 139.73442, 35.571577 ], [ 139.734443, 35.571474 ], [ 139.734617, 35.570928 ] ], [ [ 139.738366, 35.573543 ], [ 139.738334, 35.573516 ], [ 139.73885, 35.573068 ], [ 139.738366, 35.573543 ] ], [ [ 139.740947, 35.579878 ], [ 139.741162, 35.579603 ], [ 139.743165, 35.57743 ], [ 139.740947, 35.579878 ] ], [ [ 139.736371, 35.581414 ], [ 139.736565, 35.582055 ], [ 139.736572, 35.582279 ], [ 139.736366, 35.581399 ], [ 139.736371, 35.581414 ] ], [ [ 139.738235, 35.582314 ], [ 139.738436, 35.581438 ], [ 139.738662, 35.58047 ], [ 139.738235, 35.582314 ] ], [ [ 139.736509, 35.583429 ], [ 139.736585, 35.582682 ], [ 139.736595, 35.582985 ], [ 139.736509, 35.583429 ] ], [ [ 139.727865, 35.584774 ], [ 139.727887, 35.58477 ], [ 139.730631, 35.584822 ], [ 139.727865, 35.584774 ] ], [ [ 139.730756, 35.584824 ], [ 139.730874, 35.584812 ], [ 139.730766, 35.584824 ], [ 139.730756, 35.584824 ] ], [ [ 139.736016, 35.584461 ], [ 139.736016, 35.584462 ], [ 139.734589, 35.584443 ], [ 139.735187, 35.584384 ], [ 139.736016, 35.584461 ] ], [ [ 139.751783, 35.546727 ], [ 139.751829, 35.546416 ], [ 139.75184, 35.546396 ], [ 139.751783, 35.546727 ] ], [ [ 139.745584, 35.55191 ], [ 139.745549, 35.551914 ], [ 139.745677, 35.551894 ], [ 139.745584, 35.55191 ] ], [ [ 139.746444, 35.554198 ], [ 139.746473, 35.5543 ], [ 139.745584, 35.55191 ], [ 139.746444, 35.554198 ] ], [ [ 139.751967, 35.548368 ], [ 139.751964, 35.548789 ], [ 139.751885, 35.548658 ], [ 139.751967, 35.548368 ] ], [ [ 139.751677, 35.546879 ], [ 139.751722, 35.546959 ], [ 139.751289, 35.546996 ], [ 139.751677, 35.546879 ] ], [ [ 139.746788, 35.54722 ], [ 139.746637, 35.546317 ], [ 139.74686, 35.547186 ], [ 139.746788, 35.54722 ] ], [ [ 139.747125, 35.558897 ], [ 139.747469, 35.557209 ], [ 139.747958, 35.554872 ], [ 139.747125, 35.558897 ] ], [ [ 139.742625, 35.567457 ], [ 139.743983, 35.568012 ], [ 139.745143, 35.568617 ], [ 139.742625, 35.567457 ] ] ], [ [ [ 139.756047, 35.572479 ], [ 139.755713, 35.572689 ], [ 139.757275, 35.572535 ], [ 139.757583, 35.574459 ], [ 139.757829, 35.574499 ], [ 139.75745, 35.575848 ], [ 139.757726, 35.575864 ], [ 139.758089, 35.574528 ], [ 139.758829, 35.574525 ], [ 139.758457, 35.575858 ], [ 139.758766, 35.575882 ], [ 139.759108, 35.574553 ], [ 139.764319, 35.574581 ], [ 139.764328, 35.57501 ], [ 139.774107, 35.574993 ], [ 139.772316, 35.572801 ], [ 139.766156, 35.565392 ], [ 139.765595, 35.56489 ], [ 139.758458, 35.568435 ], [ 139.757109, 35.571497 ], [ 139.757255, 35.572409 ], [ 139.756047, 35.572479 ] ] ], [ [ [ 139.775428, 35.585812 ], [ 139.775759, 35.58613 ], [ 139.775266, 35.586524 ], [ 139.775422, 35.58674 ], [ 139.777109, 35.585704 ], [ 139.778155, 35.58661 ], [ 139.778445, 35.586403 ], [ 139.778655, 35.586592 ], [ 139.779596, 35.585912 ], [ 139.780455, 35.585292 ], [ 139.780574, 35.585391 ], [ 139.783083, 35.58362 ], [ 139.787272, 35.580663 ], [ 139.786393, 35.579769 ], [ 139.786081, 35.580015 ], [ 139.78302, 35.577073 ], [ 139.781757, 35.57708 ], [ 139.774387, 35.577116 ], [ 139.766674, 35.577153 ], [ 139.766688, 35.578387 ], [ 139.765332, 35.578386 ], [ 139.763751, 35.578395 ], [ 139.762665, 35.577333 ], [ 139.758363, 35.577247 ], [ 139.758731, 35.576002 ], [ 139.758424, 35.575976 ], [ 139.758055, 35.577199 ], [ 139.757338, 35.577245 ], [ 139.755254, 35.584142 ], [ 139.757701, 35.575955 ], [ 139.757424, 35.57595 ], [ 139.756978, 35.577245 ], [ 139.75574, 35.577347 ], [ 139.754258, 35.578188 ], [ 139.752025, 35.583194 ], [ 139.751405, 35.583011 ], [ 139.751159, 35.583464 ], [ 139.751833, 35.583745 ], [ 139.75079, 35.585992 ], [ 139.750131, 35.585769 ], [ 139.749999, 35.586037 ], [ 139.750624, 35.586276 ], [ 139.749457, 35.588874 ], [ 139.749706, 35.588915 ], [ 139.749506, 35.589149 ], [ 139.750511, 35.589458 ], [ 139.750541, 35.589704 ], [ 139.755264, 35.589712 ], [ 139.75535, 35.584968 ], [ 139.755346, 35.584823 ], [ 139.755676, 35.584835 ], [ 139.762831, 35.585081 ], [ 139.762855, 35.584841 ], [ 139.762357, 35.594894 ], [ 139.765441, 35.594733 ], [ 139.767101, 35.592496 ], [ 139.767368, 35.592631 ], [ 139.772794, 35.595364 ], [ 139.773737, 35.595223 ], [ 139.775715, 35.592558 ], [ 139.777185, 35.590586 ], [ 139.769412, 35.583461 ], [ 139.768744, 35.582637 ], [ 139.768604, 35.582744 ], [ 139.768243, 35.582424 ], [ 139.763995, 35.578651 ], [ 139.765325, 35.578656 ], [ 139.767798, 35.578746 ], [ 139.770726, 35.581347 ], [ 139.775611, 35.585687 ], [ 139.775428, 35.585812 ] ], [ [ 139.773505, 35.58031 ], [ 139.77649, 35.583052 ], [ 139.779596, 35.585912 ], [ 139.773505, 35.58031 ] ], [ [ 139.765259, 35.584836 ], [ 139.765608, 35.584852 ], [ 139.762855, 35.584841 ], [ 139.765259, 35.584836 ] ], [ [ 139.770583, 35.588182 ], [ 139.766906, 35.585095 ], [ 139.767234, 35.585252 ], [ 139.775715, 35.592558 ], [ 139.770583, 35.588182 ] ], [ [ 139.777037, 35.57856 ], [ 139.777193, 35.578685 ], [ 139.77681, 35.578553 ], [ 139.777037, 35.57856 ] ], [ [ 139.766141, 35.584877 ], [ 139.766483, 35.584893 ], [ 139.766716, 35.585004 ], [ 139.766141, 35.584877 ] ] ], [ [ [ 139.805737, 35.585487 ], [ 139.794593, 35.592111 ], [ 139.794631, 35.591969 ], [ 139.794151, 35.591628 ], [ 139.793877, 35.591891 ], [ 139.804297, 35.597605 ], [ 139.811567, 35.588658 ], [ 139.805737, 35.585487 ] ] ] ] } },
{ "type": "Feature", "properties": { "ward": "文京区" }, "geometry": { "type": "Polygon", "coordinates": [ [ [ 139.735322, 35.708161 ], [ 139.734246, 35.708302 ], [ 139.73406, 35.70782 ], [ 139.733685, 35.707882 ], [ 139.733651, 35.707733 ], [ 139.732544, 35.707495 ], [ 139.731862, 35.708023 ], [ 139.731396, 35.708089 ], [ 139.731604, 35.709241 ], [ 139.731408, 35.709351 ], [ 139.731096, 35.709321 ], [ 139.73112, 35.709457 ], [ 139.730929, 35.709483 ], [ 139.730911, 35.709341 ], [ 139.730725, 35.70936 ], [ 139.730747, 35.709501 ], [ 139.730604, 35.709514 ], [ 139.730628, 35.709369 ], [ 139.730297, 35.709315 ], [ 139.729977, 35.709277 ], [ 139.729933, 35.709437 ], [ 139.729693, 35.709483 ], [ 139.728459, 35.709252 ], [ 139.727945, 35.709421 ], [ 139.727919, 35.709897 ], [ 139.727525, 35.709805 ], [ 139.727541, 35.709929 ], [ 139.726712, 35.710122 ], [ 139.726476, 35.709988 ], [ 139.726427, 35.709678 ], [ 139.726028, 35.709771 ], [ 139.725948, 35.709529 ], [ 139.726251, 35.70955 ], [ 139.726172, 35.709271 ], [ 139.725834, 35.709284 ], [ 139.725229, 35.709468 ], [ 139.725352, 35.709785 ], [ 139.724095, 35.710123 ], [ 139.723831, 35.710018 ], [ 139.723418, 35.710318 ], [ 139.723414, 35.710676 ], [ 139.723221, 35.710741 ], [ 139.72332, 35.711018 ], [ 139.722041, 35.711568 ], [ 139.72234, 35.712359 ], [ 139.71998, 35.713785 ], [ 139.717421, 35.714468 ], [ 139.717269, 35.714669 ], [ 139.717414, 35.715497 ], [ 139.717918, 35.716891 ], [ 139.720374, 35.715961 ], [ 139.717813, 35.717032 ], [ 139.717718, 35.717375 ], [ 139.718264, 35.71795 ], [ 139.71927, 35.717494 ], [ 139.719558, 35.718306 ], [ 139.721394, 35.718531 ], [ 139.721658, 35.71869 ], [ 139.721557, 35.718846 ], [ 139.721787, 35.718937 ], [ 139.722119, 35.718693 ], [ 139.722785, 35.718934 ], [ 139.723031, 35.719164 ], [ 139.722992, 35.719666 ], [ 139.723118, 35.719754 ], [ 139.724273, 35.720096 ], [ 139.724683, 35.719831 ], [ 139.724794, 35.719977 ], [ 139.724355, 35.720343 ], [ 139.723781, 35.721492 ], [ 139.723696, 35.722044 ], [ 139.723311, 35.722272 ], [ 139.723152, 35.723041 ], [ 139.723007, 35.724351 ], [ 139.722662, 35.725037 ], [ 139.72435, 35.725438 ], [ 139.724369, 35.72605 ], [ 139.72533, 35.726099 ], [ 139.725282, 35.726297 ], [ 139.724675, 35.726414 ], [ 139.724667, 35.726665 ], [ 139.724902, 35.72656 ], [ 139.724932, 35.726774 ], [ 139.725109, 35.726705 ], [ 139.724982, 35.726506 ], [ 139.725372, 35.726528 ], [ 139.725565, 35.726788 ], [ 139.726183, 35.726497 ], [ 139.726354, 35.727078 ], [ 139.727932, 35.726414 ], [ 139.728743, 35.725769 ], [ 139.729341, 35.725564 ], [ 139.729663, 35.725986 ], [ 139.730146, 35.725559 ], [ 139.731742, 35.7215 ], [ 139.730257, 35.725468 ], [ 139.729631, 35.726094 ], [ 139.729847, 35.726208 ], [ 139.729998, 35.725869 ], [ 139.730293, 35.72596 ], [ 139.730338, 35.725475 ], [ 139.7307, 35.725212 ], [ 139.730734, 35.724963 ], [ 139.731092, 35.724924 ], [ 139.730965, 35.72481 ], [ 139.731182, 35.724247 ], [ 139.731828, 35.724433 ], [ 139.73201, 35.724171 ], [ 139.732273, 35.724258 ], [ 139.732015, 35.724642 ], [ 139.732732, 35.724871 ], [ 139.732749, 35.725185 ], [ 139.733022, 35.725321 ], [ 139.733296, 35.72505 ], [ 139.733632, 35.725171 ], [ 139.733581, 35.725331 ], [ 139.733924, 35.725527 ], [ 139.734261, 35.725172 ], [ 139.734677, 35.725378 ], [ 139.734799, 35.725226 ], [ 139.735297, 35.725273 ], [ 139.735548, 35.724945 ], [ 139.735821, 35.725091 ], [ 139.73606, 35.725227 ], [ 139.735944, 35.725489 ], [ 139.735354, 35.726049 ], [ 139.73747, 35.726859 ], [ 139.737256, 35.727247 ], [ 139.736924, 35.727124 ], [ 139.736795, 35.727371 ], [ 139.73713, 35.727539 ], [ 139.736809, 35.728244 ], [ 139.736183, 35.728584 ], [ 139.735514, 35.729245 ], [ 139.736742, 35.730191 ], [ 139.736887, 35.73043 ], [ 139.737654, 35.730837 ], [ 139.737579, 35.730904 ], [ 139.738183, 35.731353 ], [ 139.738088, 35.73144 ], [ 139.738813, 35.731978 ], [ 139.74062, 35.730375 ], [ 139.740829, 35.730495 ], [ 139.740978, 35.730327 ], [ 139.741643, 35.730704 ], [ 139.743785, 35.728858 ], [ 139.741219, 35.731146 ], [ 139.743407, 35.732725 ], [ 139.743068, 35.733005 ], [ 139.743266, 35.733165 ], [ 139.743034, 35.733361 ], [ 139.742768, 35.733212 ], [ 139.741877, 35.733818 ], [ 139.74213, 35.733931 ], [ 139.742352, 35.7338 ], [ 139.743051, 35.734801 ], [ 139.74337, 35.734651 ], [ 139.744108, 35.735088 ], [ 139.744411, 35.73552 ], [ 139.74515, 35.73571 ], [ 139.74528, 35.735923 ], [ 139.74705, 35.735114 ], [ 139.747368, 35.735476 ], [ 139.747815, 35.734711 ], [ 139.747414, 35.734577 ], [ 139.748203, 35.733497 ], [ 139.748476, 35.733772 ], [ 139.748769, 35.733473 ], [ 139.748934, 35.733531 ], [ 139.749032, 35.733409 ], [ 139.748764, 35.733236 ], [ 139.749218, 35.732901 ], [ 139.749005, 35.732734 ], [ 139.750262, 35.733514 ], [ 139.750614, 35.733933 ], [ 139.750174, 35.734241 ], [ 139.750311, 35.734395 ], [ 139.750878, 35.734506 ], [ 139.750874, 35.734678 ], [ 139.751276, 35.734819 ], [ 139.7515, 35.734715 ], [ 139.751691, 35.73494 ], [ 139.75268, 35.735257 ], [ 139.75343, 35.734996 ], [ 139.753528, 35.735082 ], [ 139.754953, 35.734259 ], [ 139.758679, 35.732682 ], [ 139.760103, 35.731715 ], [ 139.761319, 35.732375 ], [ 139.761595, 35.731814 ], [ 139.762066, 35.731724 ], [ 139.762553, 35.731255 ], [ 139.764372, 35.728787 ], [ 139.764821, 35.727623 ], [ 139.764123, 35.725101 ], [ 139.764265, 35.724593 ], [ 139.763122, 35.724751 ], [ 139.764297, 35.724546 ], [ 139.764029, 35.724097 ], [ 139.763693, 35.722627 ], [ 139.763487, 35.722419 ], [ 139.763569, 35.72217 ], [ 139.763413, 35.721919 ], [ 139.763566, 35.721507 ], [ 139.765985, 35.71942 ], [ 139.767887, 35.717307 ], [ 139.768733, 35.71572 ], [ 139.767731, 35.715614 ], [ 139.766759, 35.716789 ], [ 139.766421, 35.71666 ], [ 139.765938, 35.716496 ], [ 139.764787, 35.717649 ], [ 139.764899, 35.717504 ], [ 139.764426, 35.717232 ], [ 139.764661, 35.716858 ], [ 139.765313, 35.716761 ], [ 139.765977, 35.715509 ], [ 139.766027, 35.714976 ], [ 139.765569, 35.714254 ], [ 139.765735, 35.713932 ], [ 139.765627, 35.713534 ], [ 139.76752, 35.712908 ], [ 139.767774, 35.71267 ], [ 139.767581, 35.711477 ], [ 139.766744, 35.71137 ], [ 139.766946, 35.711327 ], [ 139.766942, 35.711098 ], [ 139.767323, 35.711054 ], [ 139.768076, 35.711053 ], [ 139.768046, 35.710253 ], [ 139.766733, 35.710374 ], [ 139.766861, 35.710295 ], [ 139.766853, 35.709422 ], [ 139.767171, 35.709423 ], [ 139.767171, 35.709174 ], [ 139.766912, 35.70917 ], [ 139.766898, 35.708652 ], [ 139.767973, 35.708761 ], [ 139.768156, 35.708629 ], [ 139.768554, 35.708716 ], [ 139.768807, 35.708956 ], [ 139.769145, 35.708764 ], [ 139.769186, 35.708311 ], [ 139.769159, 35.708705 ], [ 139.771451, 35.709134 ], [ 139.771562, 35.708311 ], [ 139.77246, 35.708317 ], [ 139.772331, 35.707208 ], [ 139.770085, 35.707358 ], [ 139.769807, 35.703703 ], [ 139.769419, 35.703686 ], [ 139.769315, 35.703279 ], [ 139.767989, 35.703316 ], [ 139.768053, 35.702887 ], [ 139.766605, 35.702823 ], [ 139.768141, 35.702859 ], [ 139.768119, 35.70262 ], [ 139.766631, 35.702463 ], [ 139.766673, 35.702652 ], [ 139.766532, 35.702657 ], [ 139.766138, 35.701796 ], [ 139.76697, 35.701291 ], [ 139.766941, 35.701101 ], [ 139.767158, 35.700966 ], [ 139.767335, 35.701128 ], [ 139.768145, 35.700796 ], [ 139.768018, 35.700496 ], [ 139.768444, 35.700076 ], [ 139.768617, 35.700084 ], [ 139.768583, 35.699803 ], [ 139.768427, 35.699801 ], [ 139.768305, 35.699498 ], [ 139.767252, 35.7001 ], [ 139.767008, 35.699635 ], [ 139.76652, 35.699795 ], [ 139.7664, 35.69952 ], [ 139.76383, 35.700121 ], [ 139.762941, 35.700502 ], [ 139.762284, 35.701225 ], [ 139.762268, 35.701201 ], [ 139.761844, 35.701436 ], [ 139.760747, 35.701592 ], [ 139.758629, 35.701578 ], [ 139.75763, 35.701575 ], [ 139.755486, 35.702064 ], [ 139.7529, 35.702478 ], [ 139.746029, 35.703003 ], [ 139.746352, 35.7029 ], [ 139.74512, 35.702551 ], [ 139.744835, 35.702941 ], [ 139.74335, 35.707802 ], [ 139.742839, 35.708188 ], [ 139.739703, 35.708651 ], [ 139.735192, 35.709213 ], [ 139.735516, 35.709103 ], [ 139.735322, 35.708161 ] ], [ [ 139.72323, 35.711935 ], [ 139.723796, 35.713053 ], [ 139.723251, 35.712031 ], [ 139.72234, 35.712359 ], [ 139.72323, 35.711935 ] ], [ [ 139.72473, 35.715085 ], [ 139.723013, 35.715432 ], [ 139.720374, 35.715961 ], [ 139.72473, 35.715085 ] ], [ [ 139.725079, 35.714777 ], [ 139.725202, 35.714656 ], [ 139.725168, 35.714617 ], [ 139.727511, 35.712365 ], [ 139.724743, 35.715118 ], [ 139.72473, 35.715085 ], [ 139.725079, 35.714777 ] ], [ [ 139.731344, 35.721486 ], [ 139.728987, 35.720734 ], [ 139.731716, 35.721498 ], [ 139.731742, 35.7215 ], [ 139.731344, 35.721486 ] ], [ [ 139.737282, 35.723396 ], [ 139.740325, 35.720842 ], [ 139.737179, 35.723517 ], [ 139.735821, 35.725091 ], [ 139.737282, 35.723396 ] ], [ [ 139.738386, 35.719719 ], [ 139.740274, 35.720788 ], [ 139.740695, 35.721185 ], [ 139.740325, 35.720842 ], [ 139.738386, 35.719719 ] ], [ [ 139.749368, 35.732294 ], [ 139.750986, 35.730524 ], [ 139.749005, 35.732734 ], [ 139.749368, 35.732294 ] ], [ [ 139.752043, 35.728456 ], [ 139.752669, 35.727242 ], [ 139.750986, 35.730524 ], [ 139.752043, 35.728456 ] ], [ [ 139.762659, 35.721174 ], [ 139.762672, 35.72116 ], [ 139.763566, 35.721507 ], [ 139.762659, 35.721174 ] ], [ [ 139.764752, 35.703239 ], [ 139.766499, 35.70282 ], [ 139.766605, 35.702823 ], [ 139.764752, 35.703239 ] ], [ [ 139.753661, 35.708369 ], [ 139.753898, 35.708412 ], [ 139.753602, 35.708449 ], [ 139.754537, 35.705268 ], [ 139.755486, 35.702064 ], [ 139.753661, 35.708369 ] ], [ [ 139.740294, 35.710896 ], [ 139.74082, 35.711776 ], [ 139.74022, 35.710864 ], [ 139.739703, 35.708651 ], [ 139.740294, 35.710896 ] ], [ [ 139.744477, 35.717397 ], [ 139.744497, 35.717387 ], [ 139.74323, 35.718409 ], [ 139.742007, 35.719104 ], [ 139.744477, 35.717397 ] ], [ [ 139.745706, 35.71681 ], [ 139.744798, 35.717273 ], [ 139.745457, 35.717903 ], [ 139.744676, 35.717302 ], [ 139.745706, 35.71681 ] ], [ [ 139.75204, 35.715007 ], [ 139.753064, 35.715127 ], [ 139.752955, 35.715176 ], [ 139.752074, 35.715014 ], [ 139.751956, 35.715434 ], [ 139.75204, 35.715007 ] ], [ [ 139.753338, 35.714852 ], [ 139.753168, 35.71508 ], [ 139.753127, 35.715099 ], [ 139.753338, 35.714852 ] ], [ [ 139.754688, 35.718964 ], [ 139.755005, 35.718614 ], [ 139.752651, 35.722616 ], [ 139.752139, 35.723621 ], [ 139.752662, 35.722571 ], [ 139.754699, 35.71897 ], [ 139.753578, 35.718479 ], [ 139.754688, 35.718964 ] ], [ [ 139.751846, 35.723853 ], [ 139.750807, 35.724411 ], [ 139.752139, 35.723621 ], [ 139.751846, 35.723853 ] ], [ [ 139.758535, 35.716018 ], [ 139.758535, 35.716019 ], [ 139.757691, 35.716031 ], [ 139.758535, 35.716018 ] ], [ [ 139.758729, 35.715323 ], [ 139.757352, 35.714624 ], [ 139.75885, 35.715383 ], [ 139.758972, 35.715397 ], [ 139.75872, 35.715372 ], [ 139.758729, 35.715323 ] ], [ [ 139.759712, 35.712016 ], [ 139.760328, 35.709623 ], [ 139.75885, 35.715383 ], [ 139.759712, 35.712016 ] ], [ [ 139.75691, 35.713506 ], [ 139.756934, 35.7135 ], [ 139.75699, 35.713564 ], [ 139.75701, 35.713624 ], [ 139.75691, 35.713506 ] ], [ [ 139.755119, 35.71145 ], [ 139.755043, 35.711441 ], [ 139.755389, 35.710748 ], [ 139.755103, 35.71139 ], [ 139.755516, 35.711897 ], [ 139.756071, 35.712525 ], [ 139.755119, 35.71145 ] ], [ [ 139.753482, 35.708659 ], [ 139.753394, 35.709235 ], [ 139.752798, 35.711173 ], [ 139.753482, 35.708659 ] ], [ [ 139.753325, 35.708485 ], [ 139.753326, 35.708485 ], [ 139.753482, 35.708659 ], [ 139.753325, 35.708485 ] ], [ [ 139.740455, 35.712584 ], [ 139.740662, 35.712459 ], [ 139.740132, 35.713209 ], [ 139.740142, 35.713212 ], [ 139.739671, 35.713917 ], [ 139.740455, 35.712584 ] ], [ [ 139.728432, 35.715368 ], [ 139.728401, 35.715366 ], [ 139.730099, 35.712099 ], [ 139.730582, 35.711182 ], [ 139.728432, 35.715368 ] ], [ [ 139.726572, 35.718837 ], [ 139.728189, 35.715841 ], [ 139.72769, 35.716813 ], [ 139.726717, 35.718759 ], [ 139.726572, 35.718837 ] ], [ [ 139.728888, 35.717832 ], [ 139.729113, 35.717234 ], [ 139.729864, 35.715345 ], [ 139.729113, 35.717256 ], [ 139.728888, 35.717832 ] ], [ [ 139.730245, 35.717074 ], [ 139.733074, 35.717543 ], [ 139.733421, 35.717672 ], [ 139.730277, 35.717082 ], [ 139.729113, 35.717256 ], [ 139.730245, 35.717074 ] ], [ [ 139.730965, 35.714865 ], [ 139.731311, 35.714881 ], [ 139.733555, 35.715015 ], [ 139.730965, 35.714865 ] ], [ [ 139.737311, 35.715026 ], [ 139.737404, 35.715417 ], [ 139.737335, 35.71546 ], [ 139.737311, 35.715026 ] ], [ [ 139.728312, 35.710192 ], [ 139.731499, 35.710756 ], [ 139.731128, 35.710722 ], [ 139.728312, 35.710192 ] ], [ [ 139.735388, 35.710056 ], [ 139.735508, 35.710103 ], [ 139.735192, 35.710102 ], [ 139.735388, 35.710056 ] ], [ [ 139.734074, 35.709594 ], [ 139.731498, 35.710591 ], [ 139.733058, 35.70994 ], [ 139.734074, 35.709594 ] ], [ [ 139.73482, 35.719014 ], [ 139.736621, 35.717911 ], [ 139.736411, 35.718061 ], [ 139.733626, 35.719739 ], [ 139.73482, 35.719014 ] ], [ [ 139.736439, 35.71719 ], [ 139.736789, 35.716061 ], [ 139.736978, 35.715683 ], [ 139.736439, 35.71719 ] ], [ [ 139.728608, 35.718691 ], [ 139.728531, 35.718178 ], [ 139.728677, 35.718554 ], [ 139.728608, 35.718691 ] ], [ [ 139.751692, 35.710828 ], [ 139.751119, 35.713054 ], [ 139.751203, 35.712719 ], [ 139.751692, 35.710828 ] ], [ [ 139.751823, 35.70849 ], [ 139.751824, 35.70849 ], [ 139.751692, 35.710828 ], [ 139.751823, 35.70849 ] ], [ [ 139.744334, 35.713818 ], [ 139.744339, 35.713766 ], [ 139.744901, 35.714471 ], [ 139.744334, 35.713818 ] ], [ [ 139.75338, 35.714291 ], [ 139.756741, 35.713543 ], [ 139.756279, 35.713742 ], [ 139.75338, 35.714291 ] ], [ [ 139.741222, 35.726229 ], [ 139.741104, 35.726122 ], [ 139.741114, 35.726129 ], [ 139.743953, 35.728713 ], [ 139.741222, 35.726229 ] ], [ [ 139.743497, 35.724039 ], [ 139.743757, 35.724235 ], [ 139.743423, 35.724104 ], [ 139.743497, 35.724039 ] ], [ [ 139.744142, 35.722748 ], [ 139.744806, 35.723211 ], [ 139.745433, 35.723662 ], [ 139.745365, 35.723734 ], [ 139.744839, 35.723236 ], [ 139.744142, 35.722748 ] ], [ [ 139.743267, 35.722578 ], [ 139.743073, 35.722307 ], [ 139.743536, 35.722948 ], [ 139.743267, 35.722578 ] ], [ [ 139.755967, 35.730589 ], [ 139.753737, 35.730918 ], [ 139.753613, 35.7309 ], [ 139.755967, 35.730589 ] ], [ [ 139.757665, 35.730771 ], [ 139.756918, 35.72869 ], [ 139.757714, 35.730889 ], [ 139.757696, 35.730856 ], [ 139.755967, 35.730589 ], [ 139.757665, 35.730771 ] ], [ [ 139.758303, 35.716832 ], [ 139.758336, 35.71684 ], [ 139.757774, 35.718357 ], [ 139.758355, 35.716651 ], [ 139.758303, 35.716832 ] ], [ [ 139.74694, 35.717777 ], [ 139.748379, 35.718863 ], [ 139.747937, 35.718587 ], [ 139.74694, 35.717777 ] ], [ [ 139.750036, 35.719272 ], [ 139.748621, 35.719014 ], [ 139.748544, 35.718966 ], [ 139.750036, 35.719272 ] ], [ [ 139.745703, 35.726963 ], [ 139.746254, 35.724575 ], [ 139.74569, 35.727153 ], [ 139.745703, 35.726963 ] ], [ [ 139.76058, 35.70749 ], [ 139.765034, 35.707407 ], [ 139.763722, 35.707513 ], [ 139.76111, 35.707547 ], [ 139.755997, 35.707337 ], [ 139.757093, 35.707371 ], [ 139.76058, 35.70749 ] ], [ [ 139.760741, 35.70965 ], [ 139.760917, 35.708613 ], [ 139.76111, 35.707547 ], [ 139.760741, 35.70965 ] ], [ [ 139.755551, 35.726358 ], [ 139.758209, 35.722358 ], [ 139.756851, 35.724437 ], [ 139.755551, 35.726358 ] ], [ [ 139.758414, 35.720202 ], [ 139.758598, 35.719797 ], [ 139.758416, 35.720537 ], [ 139.758209, 35.722358 ], [ 139.758414, 35.720202 ] ], [ [ 139.759908, 35.720643 ], [ 139.759967, 35.720647 ], [ 139.761511, 35.721044 ], [ 139.759908, 35.720643 ] ], [ [ 139.759746, 35.720422 ], [ 139.759824, 35.720185 ], [ 139.760418, 35.719348 ], [ 139.759746, 35.720422 ] ], [ [ 139.760961, 35.719133 ], [ 139.761154, 35.718869 ], [ 139.761313, 35.718807 ], [ 139.760961, 35.719133 ] ], [ [ 139.761845, 35.718775 ], [ 139.76135, 35.718792 ], [ 139.76168, 35.718663 ], [ 139.761657, 35.718702 ], [ 139.761845, 35.718775 ] ], [ [ 139.761773, 35.717518 ], [ 139.761827, 35.718415 ], [ 139.761792, 35.718474 ], [ 139.761773, 35.717518 ] ], [ [ 139.7625, 35.721289 ], [ 139.762498, 35.721291 ], [ 139.762289, 35.721239 ], [ 139.7625, 35.721289 ] ], [ [ 139.759498, 35.729665 ], [ 139.758721, 35.729939 ], [ 139.759523, 35.729615 ], [ 139.759498, 35.729665 ] ] ] } },
{ "type": "Feature", "properties": { "ward": "新宿区" }, "geometry": { "type": "MultiPolygon", "coordinates": [ [ [ [ 139.69576, 35.687138 ], [ 139.693454, 35.68578 ], [ 139.693372, 35.685852 ], [ 139.687385, 35.681795 ], [ 139.686287, 35.682957 ], [ 139.685645, 35.684036 ], [ 139.690667, 35.686761 ], [ 139.695644, 35.687527 ], [ 139.69576, 35.687138 ] ] ], [ [ [ 139.685819, 35.687349 ], [ 139.685717, 35.687775 ], [ 139.683961, 35.687421 ], [ 139.683169, 35.688596 ], [ 139.683473, 35.689364 ], [ 139.683795, 35.68966 ], [ 139.683779, 35.689972 ], [ 139.6844, 35.690505 ], [ 139.684875, 35.691393 ], [ 139.684216, 35.691804 ], [ 139.684481, 35.69211 ], [ 139.68372, 35.692107 ], [ 139.683554, 35.692542 ], [ 139.685288, 35.693888 ], [ 139.686601, 35.696362 ], [ 139.686959, 35.697102 ], [ 139.688071, 35.698468 ], [ 139.688351, 35.699221 ], [ 139.688232, 35.7003 ], [ 139.687496, 35.701611 ], [ 139.687423, 35.703823 ], [ 139.688024, 35.706024 ], [ 139.688385, 35.707056 ], [ 139.688825, 35.707504 ], [ 139.691897, 35.70928 ], [ 139.693009, 35.709649 ], [ 139.693404, 35.709949 ], [ 139.694284, 35.711013 ], [ 139.692729, 35.711195 ], [ 139.692537, 35.7106 ], [ 139.691524, 35.711052 ], [ 139.691444, 35.710727 ], [ 139.691196, 35.710779 ], [ 139.691116, 35.710489 ], [ 139.690057, 35.710785 ], [ 139.690102, 35.711314 ], [ 139.689574, 35.711276 ], [ 139.688121, 35.711143 ], [ 139.684498, 35.710323 ], [ 139.682762, 35.709994 ], [ 139.68178, 35.710748 ], [ 139.681188, 35.710995 ], [ 139.680035, 35.711062 ], [ 139.680081, 35.711384 ], [ 139.680822, 35.711649 ], [ 139.680844, 35.711938 ], [ 139.681218, 35.71215 ], [ 139.682018, 35.713134 ], [ 139.682008, 35.713301 ], [ 139.681019, 35.713259 ], [ 139.681095, 35.713708 ], [ 139.681865, 35.713912 ], [ 139.681839, 35.714129 ], [ 139.680799, 35.714022 ], [ 139.680835, 35.714508 ], [ 139.680326, 35.71457 ], [ 139.679965, 35.714149 ], [ 139.679652, 35.714301 ], [ 139.679153, 35.714816 ], [ 139.679045, 35.715271 ], [ 139.67911, 35.71562 ], [ 139.679543, 35.716323 ], [ 139.679066, 35.716917 ], [ 139.679086, 35.717147 ], [ 139.678894, 35.71797 ], [ 139.678888, 35.71814 ], [ 139.678357, 35.718146 ], [ 139.676952, 35.719472 ], [ 139.676417, 35.719663 ], [ 139.676333, 35.719468 ], [ 139.675725, 35.719604 ], [ 139.675621, 35.719888 ], [ 139.675312, 35.720017 ], [ 139.675199, 35.71947 ], [ 139.675323, 35.719068 ], [ 139.67343, 35.718473 ], [ 139.673391, 35.718742 ], [ 139.673781, 35.719276 ], [ 139.673242, 35.719659 ], [ 139.673497, 35.720567 ], [ 139.674331, 35.720378 ], [ 139.674778, 35.721456 ], [ 139.675688, 35.721392 ], [ 139.67581, 35.722277 ], [ 139.675423, 35.72358 ], [ 139.675342, 35.723994 ], [ 139.675631, 35.725279 ], [ 139.675796, 35.725888 ], [ 139.676721, 35.727663 ], [ 139.676799, 35.729892 ], [ 139.679339, 35.728512 ], [ 139.679261, 35.728416 ], [ 139.679447, 35.728192 ], [ 139.680588, 35.727605 ], [ 139.680631, 35.727825 ], [ 139.681343, 35.72734 ], [ 139.681612, 35.72667 ], [ 139.681475, 35.726652 ], [ 139.681521, 35.72642 ], [ 139.68175, 35.726379 ], [ 139.681628, 35.726351 ], [ 139.681745, 35.725983 ], [ 139.68197, 35.724842 ], [ 139.682268, 35.724554 ], [ 139.681972, 35.724494 ], [ 139.682213, 35.723922 ], [ 139.682571, 35.724025 ], [ 139.682959, 35.723591 ], [ 139.68418, 35.723764 ], [ 139.684365, 35.722596 ], [ 139.684366, 35.722742 ], [ 139.686022, 35.722913 ], [ 139.692568, 35.722536 ], [ 139.694227, 35.722336 ], [ 139.694866, 35.722013 ], [ 139.695012, 35.722288 ], [ 139.695731, 35.722076 ], [ 139.696442, 35.722243 ], [ 139.696449, 35.722099 ], [ 139.697306, 35.722066 ], [ 139.698503, 35.722306 ], [ 139.698905, 35.722687 ], [ 139.699499, 35.722824 ], [ 139.699912, 35.723506 ], [ 139.702816, 35.723288 ], [ 139.704689, 35.722803 ], [ 139.704282, 35.722225 ], [ 139.705799, 35.721491 ], [ 139.705175, 35.720834 ], [ 139.704722, 35.720852 ], [ 139.704865, 35.720574 ], [ 139.704528, 35.720152 ], [ 139.704397, 35.720148 ], [ 139.704902, 35.719804 ], [ 139.70508, 35.719385 ], [ 139.705809, 35.718616 ], [ 139.705495, 35.717743 ], [ 139.705675, 35.717675 ], [ 139.705554, 35.717329 ], [ 139.70563, 35.716655 ], [ 139.705326, 35.716769 ], [ 139.705269, 35.716598 ], [ 139.705498, 35.716542 ], [ 139.705473, 35.716325 ], [ 139.704392, 35.716165 ], [ 139.704627, 35.715017 ], [ 139.705026, 35.714711 ], [ 139.705073, 35.714709 ], [ 139.705568, 35.714471 ], [ 139.705767, 35.714029 ], [ 139.70527, 35.71408 ], [ 139.705241, 35.71391 ], [ 139.705895, 35.713827 ], [ 139.705782, 35.713627 ], [ 139.706029, 35.713541 ], [ 139.708461, 35.713852 ], [ 139.710281, 35.713537 ], [ 139.711539, 35.714909 ], [ 139.712366, 35.714596 ], [ 139.713694, 35.71351 ], [ 139.714859, 35.713059 ], [ 139.71493, 35.7132 ], [ 139.715505, 35.713125 ], [ 139.715765, 35.71363 ], [ 139.716402, 35.71342 ], [ 139.716697, 35.713045 ], [ 139.717028, 35.712935 ], [ 139.717977, 35.71281 ], [ 139.718066, 35.712573 ], [ 139.718759, 35.712641 ], [ 139.719133, 35.71247 ], [ 139.719591, 35.713013 ], [ 139.71991, 35.712887 ], [ 139.719696, 35.712461 ], [ 139.719922, 35.712315 ], [ 139.720249, 35.71231 ], [ 139.720518, 35.712874 ], [ 139.720811, 35.712835 ], [ 139.720534, 35.712585 ], [ 139.720786, 35.712625 ], [ 139.721015, 35.71242 ], [ 139.721979, 35.712473 ], [ 139.72235, 35.712324 ], [ 139.722041, 35.711568 ], [ 139.72332, 35.711018 ], [ 139.723221, 35.710741 ], [ 139.723404, 35.710574 ], [ 139.723382, 35.710231 ], [ 139.723269, 35.710247 ], [ 139.723891, 35.710003 ], [ 139.724095, 35.710123 ], [ 139.725352, 35.709785 ], [ 139.725229, 35.709468 ], [ 139.725834, 35.709284 ], [ 139.726172, 35.709271 ], [ 139.726251, 35.70955 ], [ 139.725948, 35.709529 ], [ 139.726028, 35.709771 ], [ 139.726427, 35.709678 ], [ 139.726476, 35.709988 ], [ 139.726712, 35.710122 ], [ 139.727541, 35.709929 ], [ 139.727525, 35.709805 ], [ 139.727919, 35.709897 ], [ 139.727945, 35.709421 ], [ 139.728554, 35.709092 ], [ 139.72835, 35.70925 ], [ 139.729693, 35.709483 ], [ 139.729933, 35.709437 ], [ 139.729977, 35.709277 ], [ 139.730628, 35.709369 ], [ 139.730604, 35.709514 ], [ 139.730911, 35.709341 ], [ 139.730929, 35.709483 ], [ 139.731604, 35.709241 ], [ 139.731396, 35.708089 ], [ 139.731862, 35.708023 ], [ 139.732544, 35.707495 ], [ 139.732968, 35.707511 ], [ 139.733354, 35.707732 ], [ 139.733368, 35.707468 ], [ 139.733445, 35.707758 ], [ 139.73406, 35.70782 ], [ 139.733966, 35.707487 ], [ 139.734246, 35.708302 ], [ 139.735315, 35.708162 ], [ 139.735545, 35.709254 ], [ 139.73723, 35.709011 ], [ 139.736617, 35.706356 ], [ 139.737232, 35.708999 ], [ 139.738725, 35.7088 ], [ 139.740635, 35.70851 ], [ 139.742191, 35.708333 ], [ 139.743241, 35.707998 ], [ 139.744499, 35.70422 ], [ 139.742985, 35.704029 ], [ 139.742874, 35.703869 ], [ 139.741741, 35.701953 ], [ 139.739839, 35.702853 ], [ 139.740566, 35.702445 ], [ 139.741734, 35.701955 ], [ 139.742919, 35.701423 ], [ 139.743134, 35.701334 ], [ 139.742604, 35.700493 ], [ 139.743134, 35.700252 ], [ 139.74156, 35.698299 ], [ 139.740612, 35.69885 ], [ 139.74151, 35.698325 ], [ 139.74021, 35.696709 ], [ 139.739209, 35.695234 ], [ 139.737574, 35.693236 ], [ 139.735582, 35.691905 ], [ 139.735707, 35.691963 ], [ 139.734282, 35.691096 ], [ 139.731291, 35.689321 ], [ 139.730769, 35.688056 ], [ 139.730929, 35.688016 ], [ 139.730088, 35.684932 ], [ 139.730371, 35.684851 ], [ 139.73025, 35.684594 ], [ 139.729953, 35.684669 ], [ 139.729882, 35.684541 ], [ 139.731118, 35.68198 ], [ 139.731501, 35.681541 ], [ 139.730646, 35.681187 ], [ 139.729991, 35.682419 ], [ 139.727934, 35.682591 ], [ 139.727453, 35.681924 ], [ 139.726819, 35.680535 ], [ 139.726502, 35.67987 ], [ 139.72603, 35.679529 ], [ 139.725141, 35.679299 ], [ 139.724038, 35.678699 ], [ 139.723886, 35.678898 ], [ 139.722699, 35.678992 ], [ 139.721143, 35.678889 ], [ 139.721085, 35.679121 ], [ 139.720846, 35.679048 ], [ 139.720695, 35.679182 ], [ 139.720065, 35.678949 ], [ 139.719761, 35.679132 ], [ 139.719727, 35.678519 ], [ 139.718996, 35.678594 ], [ 139.719601, 35.677022 ], [ 139.719663, 35.676783 ], [ 139.71945, 35.676739 ], [ 139.719868, 35.675266 ], [ 139.718608, 35.673987 ], [ 139.716245, 35.673242 ], [ 139.715924, 35.673874 ], [ 139.715358, 35.673761 ], [ 139.714806, 35.674888 ], [ 139.712685, 35.674378 ], [ 139.712628, 35.67663 ], [ 139.713427, 35.678 ], [ 139.713786, 35.678981 ], [ 139.714069, 35.679089 ], [ 139.714061, 35.679744 ], [ 139.714609, 35.680725 ], [ 139.714462, 35.680872 ], [ 139.714443, 35.680863 ], [ 139.713658, 35.681489 ], [ 139.713596, 35.681691 ], [ 139.711078, 35.683413 ], [ 139.710118, 35.683532 ], [ 139.709344, 35.684088 ], [ 139.707125, 35.684621 ], [ 139.706692, 35.686156 ], [ 139.706094, 35.686765 ], [ 139.705909, 35.687352 ], [ 139.705376, 35.68796 ], [ 139.705195, 35.687947 ], [ 139.704839, 35.689761 ], [ 139.705168, 35.688061 ], [ 139.702697, 35.687829 ], [ 139.702492, 35.688316 ], [ 139.702133, 35.688327 ], [ 139.702248, 35.688977 ], [ 139.70217, 35.689267 ], [ 139.700143, 35.68882 ], [ 139.700154, 35.68876 ], [ 139.699822, 35.688668 ], [ 139.699893, 35.688488 ], [ 139.699529, 35.688352 ], [ 139.699396, 35.688714 ], [ 139.69576, 35.687138 ], [ 139.694306, 35.69234 ], [ 139.694183, 35.692469 ], [ 139.695599, 35.687521 ], [ 139.690667, 35.686761 ], [ 139.689338, 35.686105 ], [ 139.685645, 35.684036 ], [ 139.68489, 35.685564 ], [ 139.684713, 35.68637 ], [ 139.685626, 35.686414 ], [ 139.685523, 35.687183 ], [ 139.685819, 35.687349 ] ], [ [ 139.687225, 35.691004 ], [ 139.688845, 35.691626 ], [ 139.687201, 35.691001 ], [ 139.683473, 35.689364 ], [ 139.687225, 35.691004 ] ], [ [ 139.686959, 35.692208 ], [ 139.686944, 35.692083 ], [ 139.687201, 35.691001 ], [ 139.686959, 35.692208 ] ], [ [ 139.688314, 35.695758 ], [ 139.689936, 35.695326 ], [ 139.68953, 35.695465 ], [ 139.686601, 35.696362 ], [ 139.688314, 35.695758 ] ], [ [ 139.68719, 35.694155 ], [ 139.687171, 35.693993 ], [ 139.688314, 35.695758 ], [ 139.68719, 35.694155 ] ], [ [ 139.690619, 35.696914 ], [ 139.690524, 35.6969 ], [ 139.68953, 35.695465 ], [ 139.690619, 35.696914 ] ], [ [ 139.690572, 35.701697 ], [ 139.693626, 35.701948 ], [ 139.687496, 35.701611 ], [ 139.690572, 35.701697 ] ], [ [ 139.690716, 35.705446 ], [ 139.68989, 35.7057 ], [ 139.688024, 35.706024 ], [ 139.690716, 35.705446 ] ], [ [ 139.686656, 35.7149 ], [ 139.687961, 35.717759 ], [ 139.687114, 35.715948 ], [ 139.686627, 35.714926 ], [ 139.684498, 35.710323 ], [ 139.686656, 35.7149 ] ], [ [ 139.683941, 35.722564 ], [ 139.68606, 35.72107 ], [ 139.685943, 35.720983 ], [ 139.686075, 35.721074 ], [ 139.684008, 35.722544 ], [ 139.684365, 35.722596 ], [ 139.683941, 35.722564 ] ], [ [ 139.694723, 35.71886 ], [ 139.694738, 35.71916 ], [ 139.694227, 35.722336 ], [ 139.694723, 35.71886 ] ], [ [ 139.698756, 35.716511 ], [ 139.694619, 35.71673 ], [ 139.704392, 35.716165 ], [ 139.698756, 35.716511 ] ], [ [ 139.737838, 35.705245 ], [ 139.737919, 35.705365 ], [ 139.738725, 35.7088 ], [ 139.737838, 35.705245 ] ], [ [ 139.736633, 35.694084 ], [ 139.736584, 35.694045 ], [ 139.737574, 35.693236 ], [ 139.736633, 35.694084 ] ], [ [ 139.735961, 35.693554 ], [ 139.735986, 35.693533 ], [ 139.736584, 35.694045 ], [ 139.735961, 35.693554 ] ], [ [ 139.734936, 35.692633 ], [ 139.7345, 35.693022 ], [ 139.735582, 35.691905 ], [ 139.734936, 35.692633 ] ], [ [ 139.688768, 35.688807 ], [ 139.68869, 35.688918 ], [ 139.689338, 35.686105 ], [ 139.688768, 35.688807 ] ], [ [ 139.701769, 35.714992 ], [ 139.699285, 35.715031 ], [ 139.704181, 35.714745 ], [ 139.704934, 35.714715 ], [ 139.701769, 35.714992 ] ], [ [ 139.697293, 35.71542 ], [ 139.69698, 35.715397 ], [ 139.699285, 35.715031 ], [ 139.697293, 35.71542 ] ], [ [ 139.709789, 35.711466 ], [ 139.709994, 35.711695 ], [ 139.710115, 35.712115 ], [ 139.709787, 35.71147 ], [ 139.709789, 35.711466 ] ], [ [ 139.710596, 35.711248 ], [ 139.710208, 35.711363 ], [ 139.709869, 35.711305 ], [ 139.710596, 35.711248 ] ], [ [ 139.709024, 35.70851 ], [ 139.707288, 35.708557 ], [ 139.707423, 35.708529 ], [ 139.70905, 35.708509 ], [ 139.708995, 35.708089 ], [ 139.709869, 35.711305 ], [ 139.709024, 35.70851 ] ], [ [ 139.713514, 35.709831 ], [ 139.711366, 35.711019 ], [ 139.710952, 35.711142 ], [ 139.713514, 35.709831 ] ], [ [ 139.716389, 35.70924 ], [ 139.71632, 35.709318 ], [ 139.713514, 35.709831 ], [ 139.716389, 35.70924 ] ], [ [ 139.721364, 35.70803 ], [ 139.721378, 35.707909 ], [ 139.721538, 35.708181 ], [ 139.721364, 35.70803 ] ], [ [ 139.72028, 35.70641 ], [ 139.720499, 35.706664 ], [ 139.720991, 35.707254 ], [ 139.721007, 35.707281 ], [ 139.72028, 35.70641 ] ], [ [ 139.720527, 35.705488 ], [ 139.721547, 35.705544 ], [ 139.7209, 35.705543 ], [ 139.720527, 35.705488 ] ], [ [ 139.721517, 35.705248 ], [ 139.721605, 35.705687 ], [ 139.721547, 35.705544 ], [ 139.721517, 35.705248 ] ], [ [ 139.72532, 35.702651 ], [ 139.725285, 35.70317 ], [ 139.725263, 35.702998 ], [ 139.72532, 35.702651 ] ], [ [ 139.722076, 35.703141 ], [ 139.72335, 35.702078 ], [ 139.72387, 35.701682 ], [ 139.722076, 35.703141 ] ], [ [ 139.721524, 35.702802 ], [ 139.721549, 35.70278 ], [ 139.722076, 35.703141 ], [ 139.721524, 35.702802 ] ], [ [ 139.724279, 35.698071 ], [ 139.723961, 35.697856 ], [ 139.723945, 35.697818 ], [ 139.7243, 35.698084 ], [ 139.72447, 35.697977 ], [ 139.724484, 35.698015 ], [ 139.724267, 35.698111 ], [ 139.724279, 35.698071 ] ], [ [ 139.722834, 35.697693 ], [ 139.723735, 35.6975 ], [ 139.723502, 35.696971 ], [ 139.723777, 35.697521 ], [ 139.722834, 35.697693 ] ], [ [ 139.722119, 35.696453 ], [ 139.723089, 35.696205 ], [ 139.72292, 35.696284 ], [ 139.722119, 35.696453 ] ], [ [ 139.723371, 35.691991 ], [ 139.723415, 35.691979 ], [ 139.723528, 35.692342 ], [ 139.723371, 35.691991 ] ], [ [ 139.725021, 35.691323 ], [ 139.725303, 35.691788 ], [ 139.725118, 35.691514 ], [ 139.725021, 35.691323 ] ], [ [ 139.722498, 35.686296 ], [ 139.722708, 35.686496 ], [ 139.723311, 35.686446 ], [ 139.722589, 35.68652 ], [ 139.722913, 35.687545 ], [ 139.722498, 35.686296 ] ], [ [ 139.722622, 35.685882 ], [ 139.722672, 35.685902 ], [ 139.722498, 35.686296 ], [ 139.722622, 35.685882 ] ], [ [ 139.719824, 35.684182 ], [ 139.722032, 35.683795 ], [ 139.722034, 35.683742 ], [ 139.722198, 35.683778 ], [ 139.719824, 35.684182 ] ], [ [ 139.722496, 35.683027 ], [ 139.722609, 35.683182 ], [ 139.72327, 35.682723 ], [ 139.723099, 35.682918 ], [ 139.72263, 35.683273 ], [ 139.722496, 35.683027 ] ], [ [ 139.702513, 35.709595 ], [ 139.703871, 35.71371 ], [ 139.703839, 35.713708 ], [ 139.702513, 35.709595 ] ], [ [ 139.701868, 35.708026 ], [ 139.702358, 35.70946 ], [ 139.702352, 35.709456 ], [ 139.701868, 35.708026 ] ], [ [ 139.702597, 35.704792 ], [ 139.702555, 35.70435 ], [ 139.702559, 35.70435 ], [ 139.702597, 35.704792 ] ], [ [ 139.7024, 35.70127 ], [ 139.707913, 35.700874 ], [ 139.708449, 35.700852 ], [ 139.702295, 35.701293 ], [ 139.695183, 35.701856 ], [ 139.7024, 35.70127 ] ], [ [ 139.707343, 35.697909 ], [ 139.707354, 35.697961 ], [ 139.707913, 35.700874 ], [ 139.707343, 35.697909 ] ], [ [ 139.694635, 35.704607 ], [ 139.694271, 35.706106 ], [ 139.694873, 35.703323 ], [ 139.695183, 35.701856 ], [ 139.694635, 35.704607 ] ], [ [ 139.694301, 35.707768 ], [ 139.694279, 35.707865 ], [ 139.694271, 35.706106 ], [ 139.694301, 35.707768 ] ], [ [ 139.706612, 35.692101 ], [ 139.708068, 35.691732 ], [ 139.70449, 35.692675 ], [ 139.700506, 35.693617 ], [ 139.706612, 35.692101 ] ], [ [ 139.710092, 35.691488 ], [ 139.71245, 35.691224 ], [ 139.712451, 35.691231 ], [ 139.708068, 35.691732 ], [ 139.710092, 35.691488 ] ], [ [ 139.704908, 35.689872 ], [ 139.705418, 35.689901 ], [ 139.705307, 35.68996 ], [ 139.704908, 35.689872 ] ], [ [ 139.693937, 35.70935 ], [ 139.693957, 35.709264 ], [ 139.693938, 35.709349 ], [ 139.693937, 35.70935 ] ], [ [ 139.694102, 35.709473 ], [ 139.694201, 35.709712 ], [ 139.693938, 35.709349 ], [ 139.694102, 35.709473 ] ], [ [ 139.694713, 35.693733 ], [ 139.694857, 35.693684 ], [ 139.694801, 35.693585 ], [ 139.694864, 35.693691 ], [ 139.694713, 35.693733 ] ], [ [ 139.698047, 35.693465 ], [ 139.699652, 35.693422 ], [ 139.699651, 35.693425 ], [ 139.699642, 35.693426 ], [ 139.698047, 35.693465 ] ], [ [ 139.698863, 35.697924 ], [ 139.700325, 35.697958 ], [ 139.700996, 35.697998 ], [ 139.697978, 35.697958 ], [ 139.698863, 35.697924 ] ], [ [ 139.694451, 35.697498 ], [ 139.695939, 35.697689 ], [ 139.69704, 35.697893 ], [ 139.694451, 35.697498 ] ], [ [ 139.691243, 35.69982 ], [ 139.69121, 35.700235 ], [ 139.691087, 35.698535 ], [ 139.691243, 35.69982 ] ], [ [ 139.692248, 35.70494 ], [ 139.692069, 35.70503 ], [ 139.691534, 35.705195 ], [ 139.692248, 35.70494 ] ], [ [ 139.689378, 35.718739 ], [ 139.688926, 35.718859 ], [ 139.688927, 35.718854 ], [ 139.689378, 35.718739 ] ], [ [ 139.694905, 35.714268 ], [ 139.694862, 35.714045 ], [ 139.695066, 35.714434 ], [ 139.694905, 35.714268 ] ], [ [ 139.695663, 35.715048 ], [ 139.695579, 35.714961 ], [ 139.695792, 35.715094 ], [ 139.695663, 35.715048 ] ], [ [ 139.696561, 35.715367 ], [ 139.696312, 35.715279 ], [ 139.696731, 35.715379 ], [ 139.696561, 35.715367 ] ], [ [ 139.698437, 35.708649 ], [ 139.698839, 35.708761 ], [ 139.697704, 35.708603 ], [ 139.698437, 35.708649 ] ], [ [ 139.701612, 35.70953 ], [ 139.701473, 35.709544 ], [ 139.699555, 35.708959 ], [ 139.701612, 35.70953 ] ], [ [ 139.690296, 35.716183 ], [ 139.691066, 35.716355 ], [ 139.690865, 35.716362 ], [ 139.690296, 35.716183 ] ], [ [ 139.691334, 35.716346 ], [ 139.691299, 35.715714 ], [ 139.691374, 35.716345 ], [ 139.691334, 35.716346 ] ], [ [ 139.683338, 35.715083 ], [ 139.683374, 35.715098 ], [ 139.68209, 35.715146 ], [ 139.683338, 35.715083 ] ], [ [ 139.684727, 35.720142 ], [ 139.681446, 35.720242 ], [ 139.684701, 35.720124 ], [ 139.684727, 35.720142 ] ], [ [ 139.68841, 35.719402 ], [ 139.688815, 35.719115 ], [ 139.688809, 35.719128 ], [ 139.687189, 35.720281 ], [ 139.68841, 35.719402 ] ], [ [ 139.68307, 35.716933 ], [ 139.683261, 35.716959 ], [ 139.683461, 35.717071 ], [ 139.68307, 35.716933 ] ], [ [ 139.683651, 35.717178 ], [ 139.683766, 35.717243 ], [ 139.684125, 35.717722 ], [ 139.683651, 35.717178 ] ], [ [ 139.699082, 35.718639 ], [ 139.699275, 35.719041 ], [ 139.699334, 35.71978 ], [ 139.69918, 35.718866 ], [ 139.699082, 35.718639 ] ], [ [ 139.678398, 35.723013 ], [ 139.678766, 35.721357 ], [ 139.678797, 35.720682 ], [ 139.678774, 35.721327 ], [ 139.678398, 35.723013 ] ], [ [ 139.681998, 35.722418 ], [ 139.682187, 35.722359 ], [ 139.683528, 35.722533 ], [ 139.681998, 35.722418 ] ], [ [ 139.712787, 35.692797 ], [ 139.712566, 35.691766 ], [ 139.713052, 35.694018 ], [ 139.712787, 35.692797 ] ], [ [ 139.71232, 35.694145 ], [ 139.713009, 35.696473 ], [ 139.71325, 35.697307 ], [ 139.71232, 35.694145 ] ], [ [ 139.717538, 35.694896 ], [ 139.71949, 35.694309 ], [ 139.717264, 35.695041 ], [ 139.717538, 35.694896 ] ], [ [ 139.718848, 35.695858 ], [ 139.719042, 35.695699 ], [ 139.717856, 35.696677 ], [ 139.718848, 35.695858 ] ], [ [ 139.721022, 35.694444 ], [ 139.721224, 35.694348 ], [ 139.721208, 35.694436 ], [ 139.721022, 35.694444 ] ], [ [ 139.721303, 35.693917 ], [ 139.721244, 35.694239 ], [ 139.721238, 35.693917 ], [ 139.721314, 35.693905 ], [ 139.721303, 35.693917 ] ], [ [ 139.712892, 35.687409 ], [ 139.709879, 35.688042 ], [ 139.709667, 35.688085 ], [ 139.712892, 35.687409 ] ], [ [ 139.713682, 35.68737 ], [ 139.713714, 35.68742 ], [ 139.712892, 35.687409 ], [ 139.713682, 35.68737 ] ], [ [ 139.7159, 35.683453 ], [ 139.71594, 35.687082 ], [ 139.715933, 35.687458 ], [ 139.7159, 35.683453 ] ], [ [ 139.719755, 35.688305 ], [ 139.719787, 35.688359 ], [ 139.718594, 35.688152 ], [ 139.719755, 35.688305 ] ], [ [ 139.720284, 35.688445 ], [ 139.720349, 35.688447 ], [ 139.720224, 35.690883 ], [ 139.720348, 35.688456 ], [ 139.720284, 35.688445 ] ], [ [ 139.721771, 35.688551 ], [ 139.721182, 35.688469 ], [ 139.721866, 35.688487 ], [ 139.721787, 35.688494 ], [ 139.721764, 35.691051 ], [ 139.721771, 35.688551 ] ], [ [ 139.721386, 35.68439 ], [ 139.719329, 35.684588 ], [ 139.719977, 35.68449 ], [ 139.721386, 35.68439 ] ], [ [ 139.721905, 35.687554 ], [ 139.720949, 35.687563 ], [ 139.721894, 35.687502 ], [ 139.721386, 35.68439 ], [ 139.721905, 35.687554 ] ], [ [ 139.719078, 35.680434 ], [ 139.716931, 35.6807 ], [ 139.714694, 35.68098 ], [ 139.714478, 35.680879 ], [ 139.719078, 35.680434 ] ], [ [ 139.71897, 35.679859 ], [ 139.720983, 35.679662 ], [ 139.718988, 35.679948 ], [ 139.719078, 35.680434 ], [ 139.71897, 35.679859 ] ], [ [ 139.718906, 35.686891 ], [ 139.718975, 35.687206 ], [ 139.718346, 35.687092 ], [ 139.718926, 35.687099 ], [ 139.718906, 35.686891 ] ], [ [ 139.715344, 35.682496 ], [ 139.715399, 35.68254 ], [ 139.715346, 35.683234 ], [ 139.715344, 35.682496 ] ], [ [ 139.719119, 35.691691 ], [ 139.719126, 35.691683 ], [ 139.720229, 35.691982 ], [ 139.719119, 35.691691 ] ], [ [ 139.720637, 35.691898 ], [ 139.720891, 35.691897 ], [ 139.720229, 35.691982 ], [ 139.720637, 35.691898 ] ], [ [ 139.721755, 35.691917 ], [ 139.721274, 35.691895 ], [ 139.721755, 35.691892 ], [ 139.721755, 35.691917 ] ], [ [ 139.713516, 35.691105 ], [ 139.714281, 35.691154 ], [ 139.714225, 35.69117 ], [ 139.71259, 35.691209 ], [ 139.713516, 35.691105 ] ], [ [ 139.716032, 35.690667 ], [ 139.714381, 35.691127 ], [ 139.714594, 35.69106 ], [ 139.716032, 35.690667 ] ], [ [ 139.719335, 35.692381 ], [ 139.719266, 35.692469 ], [ 139.716919, 35.693604 ], [ 139.719335, 35.692381 ] ], [ [ 139.720905, 35.692931 ], [ 139.720522, 35.693714 ], [ 139.720849, 35.692816 ], [ 139.720905, 35.692931 ] ], [ [ 139.720788, 35.692692 ], [ 139.720831, 35.69278 ], [ 139.720475, 35.69285 ], [ 139.720788, 35.692692 ] ], [ [ 139.710377, 35.704175 ], [ 139.710503, 35.704718 ], [ 139.710326, 35.704177 ], [ 139.710377, 35.704175 ] ], [ [ 139.713173, 35.704736 ], [ 139.712452, 35.704372 ], [ 139.71341, 35.704723 ], [ 139.714178, 35.704431 ], [ 139.713646, 35.70473 ], [ 139.713173, 35.704736 ] ], [ [ 139.714557, 35.701319 ], [ 139.715262, 35.701268 ], [ 139.714955, 35.701317 ], [ 139.714557, 35.701319 ] ], [ [ 139.714867, 35.697832 ], [ 139.713688, 35.697729 ], [ 139.713982, 35.701322 ], [ 139.713688, 35.697736 ], [ 139.709953, 35.697705 ], [ 139.710085, 35.697692 ], [ 139.712776, 35.697719 ], [ 139.712795, 35.697702 ], [ 139.714704, 35.697756 ], [ 139.714867, 35.697832 ] ], [ [ 139.716566, 35.698663 ], [ 139.715841, 35.698285 ], [ 139.716692, 35.698681 ], [ 139.716606, 35.698116 ], [ 139.716697, 35.698704 ], [ 139.718484, 35.699322 ], [ 139.716566, 35.698663 ] ], [ [ 139.722407, 35.69826 ], [ 139.722514, 35.698051 ], [ 139.722519, 35.698058 ], [ 139.722407, 35.69826 ] ], [ [ 139.711865, 35.701314 ], [ 139.71254, 35.701328 ], [ 139.711943, 35.701331 ], [ 139.711865, 35.701314 ] ], [ [ 139.709602, 35.708366 ], [ 139.709062, 35.708106 ], [ 139.709608, 35.708366 ], [ 139.709602, 35.708366 ] ], [ [ 139.710665, 35.708282 ], [ 139.709615, 35.708365 ], [ 139.715003, 35.707411 ], [ 139.710665, 35.708282 ] ], [ [ 139.716261, 35.70667 ], [ 139.716721, 35.706433 ], [ 139.715003, 35.707411 ], [ 139.716261, 35.70667 ] ], [ [ 139.718394, 35.706433 ], [ 139.718247, 35.706408 ], [ 139.718349, 35.706406 ], [ 139.718394, 35.706433 ] ], [ [ 139.718605, 35.706585 ], [ 139.718608, 35.706565 ], [ 139.719243, 35.706955 ], [ 139.718605, 35.706585 ] ], [ [ 139.719772, 35.705525 ], [ 139.720514, 35.705708 ], [ 139.719906, 35.705659 ], [ 139.719772, 35.705525 ] ], [ [ 139.717596, 35.707723 ], [ 139.718577, 35.706752 ], [ 139.716973, 35.708576 ], [ 139.717596, 35.707723 ] ], [ [ 139.726472, 35.70612 ], [ 139.726457, 35.705733 ], [ 139.726479, 35.70612 ], [ 139.726472, 35.70612 ] ], [ [ 139.727826, 35.706949 ], [ 139.727724, 35.706669 ], [ 139.727711, 35.70667 ], [ 139.727618, 35.706352 ], [ 139.727826, 35.706949 ] ], [ [ 139.729669, 35.706585 ], [ 139.729661, 35.706694 ], [ 139.729642, 35.706491 ], [ 139.729669, 35.706585 ] ], [ [ 139.730371, 35.706452 ], [ 139.730376, 35.706503 ], [ 139.729669, 35.706585 ], [ 139.730371, 35.706452 ] ], [ [ 139.731082, 35.706374 ], [ 139.730813, 35.706368 ], [ 139.731075, 35.706318 ], [ 139.731082, 35.706374 ] ], [ [ 139.733056, 35.70661 ], [ 139.732943, 35.706601 ], [ 139.73194, 35.706392 ], [ 139.733058, 35.70657 ], [ 139.733056, 35.70661 ] ], [ [ 139.734958, 35.706349 ], [ 139.734991, 35.706621 ], [ 139.735061, 35.706954 ], [ 139.734932, 35.706357 ], [ 139.734958, 35.706349 ] ], [ [ 139.73569, 35.705337 ], [ 139.734849, 35.705438 ], [ 139.735489, 35.705292 ], [ 139.73569, 35.705337 ] ], [ [ 139.735404, 35.704556 ], [ 139.735413, 35.704512 ], [ 139.735489, 35.705292 ], [ 139.735404, 35.704556 ] ], [ [ 139.736589, 35.703872 ], [ 139.735458, 35.704285 ], [ 139.735464, 35.704256 ], [ 139.736589, 35.703872 ] ], [ [ 139.734836, 35.703312 ], [ 139.734955, 35.703748 ], [ 139.734321, 35.701811 ], [ 139.734836, 35.703312 ] ], [ [ 139.731867, 35.70027 ], [ 139.73484, 35.701454 ], [ 139.730862, 35.699929 ], [ 139.731867, 35.70027 ] ], [ [ 139.732201, 35.699549 ], [ 139.732489, 35.698833 ], [ 139.732781, 35.698119 ], [ 139.732178, 35.699612 ], [ 139.732018, 35.699946 ], [ 139.731867, 35.70027 ], [ 139.732201, 35.699549 ] ], [ [ 139.730075, 35.698816 ], [ 139.732092, 35.698782 ], [ 139.732489, 35.698833 ], [ 139.730075, 35.698816 ] ], [ [ 139.734357, 35.698677 ], [ 139.733745, 35.69847 ], [ 139.733747, 35.698464 ], [ 139.732781, 35.698119 ], [ 139.734357, 35.698677 ] ], [ [ 139.734761, 35.6976 ], [ 139.73476, 35.697806 ], [ 139.734863, 35.697634 ], [ 139.734519, 35.698345 ], [ 139.734357, 35.698677 ], [ 139.734761, 35.6976 ] ], [ [ 139.737785, 35.698634 ], [ 139.737961, 35.698653 ], [ 139.738181, 35.698211 ], [ 139.738286, 35.698003 ], [ 139.737671, 35.699299 ], [ 139.737615, 35.699412 ], [ 139.73794, 35.698694 ], [ 139.734863, 35.697634 ], [ 139.737785, 35.698634 ] ], [ [ 139.739229, 35.697973 ], [ 139.738838, 35.697994 ], [ 139.738286, 35.698003 ], [ 139.739229, 35.697973 ] ], [ [ 139.738348, 35.697104 ], [ 139.738864, 35.697543 ], [ 139.739229, 35.697973 ], [ 139.738348, 35.697104 ] ], [ [ 139.732809, 35.696395 ], [ 139.733282, 35.696681 ], [ 139.733623, 35.696872 ], [ 139.732833, 35.696439 ], [ 139.732809, 35.696395 ] ], [ [ 139.733985, 35.695494 ], [ 139.734497, 35.695875 ], [ 139.734861, 35.69615 ], [ 139.734441, 35.695838 ], [ 139.733658, 35.69526 ], [ 139.733985, 35.695494 ] ], [ [ 139.736156, 35.694512 ], [ 139.735919, 35.694726 ], [ 139.734497, 35.695875 ], [ 139.736156, 35.694512 ] ], [ [ 139.736211, 35.694899 ], [ 139.736179, 35.694929 ], [ 139.735919, 35.694726 ], [ 139.736211, 35.694899 ] ], [ [ 139.73352, 35.695336 ], [ 139.734382, 35.694585 ], [ 139.733658, 35.69526 ], [ 139.73352, 35.695336 ] ], [ [ 139.733304, 35.692714 ], [ 139.734064, 35.693179 ], [ 139.734041, 35.693205 ], [ 139.733304, 35.692714 ] ], [ [ 139.7292, 35.699237 ], [ 139.729011, 35.698093 ], [ 139.729013, 35.698093 ], [ 139.72916, 35.698882 ], [ 139.7292, 35.699237 ] ], [ [ 139.728103, 35.688749 ], [ 139.728244, 35.688712 ], [ 139.727748, 35.688883 ], [ 139.728103, 35.688749 ] ], [ [ 139.727424, 35.687573 ], [ 139.727852, 35.688281 ], [ 139.728103, 35.688749 ], [ 139.727424, 35.687573 ] ], [ [ 139.730526, 35.691071 ], [ 139.727716, 35.691362 ], [ 139.728711, 35.691211 ], [ 139.730526, 35.691071 ] ], [ [ 139.725291, 35.684217 ], [ 139.725296, 35.683377 ], [ 139.725329, 35.683472 ], [ 139.725291, 35.684217 ] ], [ [ 139.727152, 35.68662 ], [ 139.726979, 35.686141 ], [ 139.726961, 35.68595 ], [ 139.727152, 35.68662 ] ], [ [ 139.732014, 35.694889 ], [ 139.729736, 35.695201 ], [ 139.727259, 35.695511 ], [ 139.724897, 35.695769 ], [ 139.732014, 35.694889 ] ], [ [ 139.733119, 35.695557 ], [ 139.732529, 35.695882 ], [ 139.732087, 35.695901 ], [ 139.732086, 35.695884 ], [ 139.733119, 35.695557 ] ], [ [ 139.725919, 35.69215 ], [ 139.726209, 35.692045 ], [ 139.726046, 35.692119 ], [ 139.725919, 35.69215 ] ], [ [ 139.729389, 35.697999 ], [ 139.730036, 35.697836 ], [ 139.730464, 35.697861 ], [ 139.729389, 35.697999 ] ], [ [ 139.732154, 35.697962 ], [ 139.732202, 35.697965 ], [ 139.732342, 35.697987 ], [ 139.732154, 35.697962 ] ], [ [ 139.725967, 35.701516 ], [ 139.726581, 35.701497 ], [ 139.726582, 35.701514 ], [ 139.72599, 35.701533 ], [ 139.725967, 35.701516 ] ], [ [ 139.727894, 35.700806 ], [ 139.72764, 35.700847 ], [ 139.727239, 35.700843 ], [ 139.727894, 35.700806 ] ], [ [ 139.729372, 35.704362 ], [ 139.72929, 35.705119 ], [ 139.729329, 35.70353 ], [ 139.729245, 35.703545 ], [ 139.729095, 35.702904 ], [ 139.729341, 35.703556 ], [ 139.729356, 35.704359 ], [ 139.729372, 35.704362 ] ], [ [ 139.729895, 35.700937 ], [ 139.729649, 35.701065 ], [ 139.729769, 35.701493 ], [ 139.729635, 35.701264 ], [ 139.72961, 35.700472 ], [ 139.729637, 35.700928 ], [ 139.729895, 35.700937 ] ], [ [ 139.73079, 35.700968 ], [ 139.730073, 35.700959 ], [ 139.730071, 35.700943 ], [ 139.73079, 35.700968 ] ], [ [ 139.72617, 35.699395 ], [ 139.725792, 35.699386 ], [ 139.726161, 35.699361 ], [ 139.72617, 35.699395 ] ], [ [ 139.724727, 35.705404 ], [ 139.723961, 35.70543 ], [ 139.724685, 35.705357 ], [ 139.724727, 35.705404 ] ], [ [ 139.726911, 35.704476 ], [ 139.727004, 35.706088 ], [ 139.726997, 35.706088 ], [ 139.726951, 35.705227 ], [ 139.726911, 35.704476 ] ], [ [ 139.729623, 35.705671 ], [ 139.729598, 35.706025 ], [ 139.729565, 35.705677 ], [ 139.729623, 35.705671 ] ], [ [ 139.730822, 35.704574 ], [ 139.730806, 35.704857 ], [ 139.730817, 35.704575 ], [ 139.730822, 35.704574 ] ], [ [ 139.725302, 35.703307 ], [ 139.726167, 35.703489 ], [ 139.725305, 35.703328 ], [ 139.725302, 35.703307 ] ], [ [ 139.730972, 35.705569 ], [ 139.732458, 35.70531 ], [ 139.732646, 35.705286 ], [ 139.730972, 35.705569 ] ], [ [ 139.734036, 35.700265 ], [ 139.733116, 35.699942 ], [ 139.733117, 35.699937 ], [ 139.734036, 35.700265 ] ], [ [ 139.727919, 35.707772 ], [ 139.727714, 35.707905 ], [ 139.727731, 35.707799 ], [ 139.727919, 35.707772 ] ], [ [ 139.727399, 35.708109 ], [ 139.727255, 35.708203 ], [ 139.727106, 35.708198 ], [ 139.727399, 35.708109 ] ], [ [ 139.727883, 35.708383 ], [ 139.727975, 35.708356 ], [ 139.728095, 35.708679 ], [ 139.727883, 35.708383 ] ], [ [ 139.738834, 35.701058 ], [ 139.739146, 35.701145 ], [ 139.739141, 35.701147 ], [ 139.738834, 35.701058 ] ], [ [ 139.73931, 35.701105 ], [ 139.739227, 35.700946 ], [ 139.739332, 35.701114 ], [ 139.73931, 35.701105 ] ], [ [ 139.740442, 35.700487 ], [ 139.74015, 35.700384 ], [ 139.740974, 35.700532 ], [ 139.740442, 35.700487 ] ], [ [ 139.735287, 35.696552 ], [ 139.735941, 35.696949 ], [ 139.734754, 35.696396 ], [ 139.735287, 35.696552 ] ], [ [ 139.737476, 35.696209 ], [ 139.737783, 35.696434 ], [ 139.736376, 35.695455 ], [ 139.737476, 35.696209 ] ], [ [ 139.738069, 35.696031 ], [ 139.737761, 35.696215 ], [ 139.7377, 35.696142 ], [ 139.738069, 35.696031 ] ], [ [ 139.736423, 35.7007 ], [ 139.736247, 35.700592 ], [ 139.735255, 35.700275 ], [ 139.736445, 35.700652 ], [ 139.736423, 35.7007 ] ], [ [ 139.739265, 35.701778 ], [ 139.739504, 35.702754 ], [ 139.739526, 35.703076 ], [ 139.739265, 35.701778 ] ], [ [ 139.739649, 35.701624 ], [ 139.739991, 35.701498 ], [ 139.739265, 35.701778 ], [ 139.739649, 35.701624 ] ], [ [ 139.736694, 35.702397 ], [ 139.736048, 35.701785 ], [ 139.736456, 35.702155 ], [ 139.736694, 35.702397 ] ], [ [ 139.737701, 35.702473 ], [ 139.736972, 35.701767 ], [ 139.737589, 35.702306 ], [ 139.737701, 35.702473 ] ], [ [ 139.736251, 35.705807 ], [ 139.736179, 35.705448 ], [ 139.736189, 35.70545 ], [ 139.736251, 35.705807 ] ], [ [ 139.737377, 35.704756 ], [ 139.738051, 35.704439 ], [ 139.73748, 35.704714 ], [ 139.737661, 35.704982 ], [ 139.737377, 35.704756 ] ], [ [ 139.739148, 35.705174 ], [ 139.740802, 35.705089 ], [ 139.740796, 35.705113 ], [ 139.738572, 35.705258 ], [ 139.739148, 35.705174 ] ], [ [ 139.740009, 35.703391 ], [ 139.74107, 35.703508 ], [ 139.739243, 35.703311 ], [ 139.740009, 35.703391 ] ] ], [ [ [ 139.743412, 35.701643 ], [ 139.743134, 35.701334 ], [ 139.741741, 35.701953 ], [ 139.74235, 35.70295 ], [ 139.742985, 35.704029 ], [ 139.744456, 35.704212 ], [ 139.74512, 35.702551 ], [ 139.744759, 35.702302 ], [ 139.744386, 35.702402 ], [ 139.74377, 35.701889 ], [ 139.743921, 35.701754 ], [ 139.743798, 35.701627 ], [ 139.744277, 35.701343 ], [ 139.743426, 35.700137 ], [ 139.742604, 35.700493 ], [ 139.743412, 35.701643 ] ] ] ] } },
{ "type": "Feature", "properties": { "ward": "杉並区" }, "geometry": { "type": "Polygon", "coordinates": [ [ [ 139.612494, 35.676027 ], [ 139.612203, 35.675487 ], [ 139.611929, 35.675496 ], [ 139.611884, 35.676223 ], [ 139.610222, 35.676523 ], [ 139.610197, 35.676547 ], [ 139.611771, 35.674653 ], [ 139.612818, 35.674262 ], [ 139.613314, 35.673886 ], [ 139.613433, 35.673717 ], [ 139.613361, 35.672817 ], [ 139.616684, 35.672548 ], [ 139.616396, 35.670625 ], [ 139.616472, 35.66991 ], [ 139.615949, 35.669151 ], [ 139.61539, 35.669019 ], [ 139.61529, 35.669121 ], [ 139.615654, 35.66957 ], [ 139.614787, 35.669157 ], [ 139.614207, 35.669624 ], [ 139.613489, 35.67066 ], [ 139.613471, 35.670487 ], [ 139.611291, 35.669976 ], [ 139.611399, 35.670456 ], [ 139.610696, 35.670522 ], [ 139.610622, 35.670874 ], [ 139.60936, 35.670674 ], [ 139.609397, 35.670245 ], [ 139.609225, 35.670231 ], [ 139.60896, 35.6719 ], [ 139.608938, 35.674041 ], [ 139.609359, 35.674047 ], [ 139.609275, 35.674731 ], [ 139.60883, 35.674767 ], [ 139.608821, 35.67489 ], [ 139.609123, 35.674897 ], [ 139.609145, 35.675075 ], [ 139.608655, 35.67611 ], [ 139.608489, 35.676121 ], [ 139.608475, 35.676426 ], [ 139.607678, 35.676369 ], [ 139.607711, 35.676064 ], [ 139.607503, 35.676049 ], [ 139.607213, 35.676984 ], [ 139.6068, 35.677578 ], [ 139.605428, 35.678806 ], [ 139.603514, 35.680132 ], [ 139.602806, 35.680732 ], [ 139.598801, 35.681869 ], [ 139.594026, 35.682296 ], [ 139.592906, 35.68288 ], [ 139.593103, 35.683214 ], [ 139.592032, 35.684323 ], [ 139.592215, 35.684548 ], [ 139.592421, 35.684474 ], [ 139.592555, 35.685113 ], [ 139.591489, 35.685425 ], [ 139.59151, 35.68578 ], [ 139.591681, 35.686056 ], [ 139.590537, 35.686869 ], [ 139.59179, 35.687782 ], [ 139.592822, 35.687955 ], [ 139.593039, 35.688278 ], [ 139.592814, 35.688987 ], [ 139.593092, 35.689029 ], [ 139.593624, 35.688681 ], [ 139.5938, 35.688824 ], [ 139.593412, 35.689263 ], [ 139.593505, 35.689404 ], [ 139.591284, 35.69148 ], [ 139.589636, 35.692501 ], [ 139.588044, 35.6931 ], [ 139.586754, 35.694139 ], [ 139.588173, 35.695589 ], [ 139.590079, 35.694852 ], [ 139.591401, 35.697889 ], [ 139.592712, 35.700935 ], [ 139.592839, 35.700873 ], [ 139.594426, 35.703739 ], [ 139.595474, 35.705639 ], [ 139.593101, 35.707127 ], [ 139.590797, 35.709144 ], [ 139.587489, 35.711428 ], [ 139.586713, 35.711739 ], [ 139.587019, 35.712629 ], [ 139.586518, 35.714312 ], [ 139.585392, 35.715947 ], [ 139.585107, 35.71634 ], [ 139.58515, 35.717899 ], [ 139.586073, 35.719125 ], [ 139.587119, 35.719726 ], [ 139.588519, 35.720142 ], [ 139.59021, 35.720275 ], [ 139.590608, 35.720114 ], [ 139.59273, 35.718492 ], [ 139.594196, 35.717832 ], [ 139.594298, 35.717801 ], [ 139.593918, 35.718031 ], [ 139.595819, 35.721566 ], [ 139.595773, 35.722032 ], [ 139.596752, 35.722185 ], [ 139.598243, 35.723198 ], [ 139.600224, 35.724022 ], [ 139.601468, 35.725365 ], [ 139.603865, 35.725258 ], [ 139.60378, 35.725381 ], [ 139.601924, 35.725417 ], [ 139.601794, 35.725773 ], [ 139.604348, 35.726838 ], [ 139.607663, 35.727718 ], [ 139.608703, 35.728183 ], [ 139.609603, 35.728556 ], [ 139.61366, 35.729573 ], [ 139.613491, 35.729591 ], [ 139.615314, 35.730137 ], [ 139.615737, 35.730147 ], [ 139.61591, 35.729786 ], [ 139.617001, 35.730032 ], [ 139.617134, 35.730045 ], [ 139.616831, 35.730546 ], [ 139.617823, 35.730926 ], [ 139.620229, 35.731453 ], [ 139.619868, 35.730191 ], [ 139.620752, 35.730423 ], [ 139.621864, 35.730425 ], [ 139.624432, 35.730076 ], [ 139.624247, 35.729529 ], [ 139.627518, 35.723614 ], [ 139.628059, 35.722472 ], [ 139.628159, 35.721913 ], [ 139.628825, 35.720973 ], [ 139.629501, 35.720392 ], [ 139.630434, 35.72084 ], [ 139.631553, 35.719979 ], [ 139.631536, 35.719401 ], [ 139.631107, 35.718488 ], [ 139.631361, 35.718109 ], [ 139.632066, 35.717342 ], [ 139.632097, 35.717116 ], [ 139.636016, 35.7167 ], [ 139.6373, 35.716509 ], [ 139.638158, 35.715976 ], [ 139.641603, 35.714864 ], [ 139.641422, 35.712767 ], [ 139.642798, 35.711698 ], [ 139.64269, 35.711729 ], [ 139.643524, 35.711482 ], [ 139.646011, 35.710804 ], [ 139.649949, 35.709684 ], [ 139.65094, 35.709418 ], [ 139.651006, 35.709032 ], [ 139.65405, 35.70928 ], [ 139.654107, 35.709075 ], [ 139.654412, 35.709103 ], [ 139.655168, 35.709081 ], [ 139.655208, 35.709229 ], [ 139.655928, 35.709083 ], [ 139.656273, 35.709248 ], [ 139.656281, 35.709129 ], [ 139.658007, 35.7092 ], [ 139.658196, 35.705604 ], [ 139.65801, 35.705161 ], [ 139.660989, 35.704799 ], [ 139.661142, 35.702514 ], [ 139.660706, 35.701367 ], [ 139.66108, 35.70141 ], [ 139.661447, 35.701176 ], [ 139.661546, 35.70022 ], [ 139.661776, 35.700225 ], [ 139.661769, 35.700064 ], [ 139.661971, 35.699987 ], [ 139.6618, 35.699319 ], [ 139.662169, 35.699312 ], [ 139.662396, 35.698686 ], [ 139.661966, 35.697504 ], [ 139.661928, 35.696996 ], [ 139.660966, 35.697185 ], [ 139.66105, 35.696604 ], [ 139.660372, 35.696455 ], [ 139.660959, 35.694827 ], [ 139.659426, 35.693811 ], [ 139.661446, 35.695058 ], [ 139.664921, 35.695375 ], [ 139.665412, 35.69465 ], [ 139.66587, 35.69479 ], [ 139.666693, 35.693459 ], [ 139.667391, 35.693754 ], [ 139.667312, 35.692815 ], [ 139.667517, 35.691861 ], [ 139.667691, 35.691871 ], [ 139.667806, 35.691369 ], [ 139.666953, 35.691192 ], [ 139.666997, 35.690922 ], [ 139.666356, 35.690413 ], [ 139.663959, 35.689129 ], [ 139.663425, 35.688018 ], [ 139.661877, 35.687183 ], [ 139.660871, 35.686756 ], [ 139.65728, 35.686591 ], [ 139.659154, 35.686636 ], [ 139.659198, 35.68603 ], [ 139.659533, 35.685716 ], [ 139.659378, 35.685144 ], [ 139.659785, 35.68512 ], [ 139.659878, 35.684778 ], [ 139.660199, 35.684898 ], [ 139.660521, 35.684229 ], [ 139.660161, 35.684139 ], [ 139.659942, 35.683652 ], [ 139.659575, 35.683653 ], [ 139.659351, 35.683414 ], [ 139.659349, 35.682195 ], [ 139.660006, 35.682044 ], [ 139.659924, 35.681762 ], [ 139.660185, 35.681697 ], [ 139.660111, 35.68132 ], [ 139.660608, 35.681114 ], [ 139.66007, 35.680503 ], [ 139.659728, 35.680392 ], [ 139.659779, 35.680257 ], [ 139.659585, 35.680083 ], [ 139.658646, 35.680266 ], [ 139.659744, 35.679797 ], [ 139.661659, 35.680377 ], [ 139.662016, 35.679818 ], [ 139.662894, 35.679535 ], [ 139.663877, 35.679635 ], [ 139.663965, 35.679358 ], [ 139.663839, 35.678882 ], [ 139.664803, 35.67891 ], [ 139.664723, 35.677936 ], [ 139.664527, 35.677744 ], [ 139.6634, 35.678018 ], [ 139.663521, 35.677221 ], [ 139.663678, 35.677273 ], [ 139.664003, 35.676559 ], [ 139.661739, 35.675533 ], [ 139.661796, 35.675331 ], [ 139.661339, 35.674618 ], [ 139.661799, 35.673684 ], [ 139.661427, 35.672809 ], [ 139.660701, 35.672613 ], [ 139.657396, 35.679066 ], [ 139.660714, 35.672585 ], [ 139.657084, 35.671592 ], [ 139.656724, 35.671311 ], [ 139.654439, 35.670631 ], [ 139.654337, 35.670925 ], [ 139.650163, 35.67031 ], [ 139.649907, 35.671319 ], [ 139.650176, 35.67009 ], [ 139.64753, 35.668745 ], [ 139.645498, 35.668089 ], [ 139.641611, 35.667556 ], [ 139.641591, 35.668696 ], [ 139.641591, 35.66762 ], [ 139.638877, 35.667548 ], [ 139.63933, 35.667494 ], [ 139.64133, 35.667591 ], [ 139.641463, 35.666678 ], [ 139.639302, 35.665879 ], [ 139.636865, 35.666117 ], [ 139.636944, 35.666663 ], [ 139.632685, 35.668224 ], [ 139.628242, 35.668934 ], [ 139.624866, 35.669248 ], [ 139.624795, 35.670363 ], [ 139.627171, 35.670155 ], [ 139.625601, 35.670346 ], [ 139.623122, 35.67061 ], [ 139.623126, 35.67145 ], [ 139.623179, 35.671495 ], [ 139.621141, 35.6728 ], [ 139.61396, 35.67532 ], [ 139.613285, 35.675449 ], [ 139.612494, 35.676027 ] ], [ [ 139.621807, 35.724311 ], [ 139.623873, 35.724053 ], [ 139.627518, 35.723614 ], [ 139.621807, 35.724311 ] ], [ [ 139.657221, 35.680295 ], [ 139.657179, 35.680752 ], [ 139.657277, 35.679646 ], [ 139.657396, 35.679066 ], [ 139.657221, 35.680295 ] ], [ [ 139.658552, 35.680284 ], [ 139.6584, 35.680314 ], [ 139.657221, 35.680295 ], [ 139.658552, 35.680284 ] ], [ [ 139.649531, 35.6718 ], [ 139.649166, 35.672061 ], [ 139.649907, 35.671319 ], [ 139.649531, 35.6718 ] ], [ [ 139.616612, 35.72466 ], [ 139.617204, 35.724619 ], [ 139.621522, 35.724346 ], [ 139.621506, 35.724348 ], [ 139.617114, 35.724628 ], [ 139.617114, 35.724633 ], [ 139.616612, 35.72466 ] ], [ [ 139.617958, 35.719277 ], [ 139.621109, 35.718358 ], [ 139.621109, 35.718359 ], [ 139.62463, 35.717306 ], [ 139.624632, 35.71731 ], [ 139.62901, 35.715865 ], [ 139.627014, 35.716573 ], [ 139.627011, 35.716591 ], [ 139.622185, 35.718068 ], [ 139.617958, 35.719277 ] ], [ [ 139.616898, 35.719239 ], [ 139.614101, 35.719113 ], [ 139.617958, 35.719277 ], [ 139.616898, 35.719239 ] ], [ [ 139.622745, 35.71104 ], [ 139.623097, 35.711092 ], [ 139.622821, 35.71106 ], [ 139.622745, 35.71104 ] ], [ [ 139.62313, 35.707498 ], [ 139.623144, 35.707572 ], [ 139.62313, 35.707582 ], [ 139.62313, 35.707498 ] ], [ [ 139.620787, 35.705345 ], [ 139.622791, 35.7052 ], [ 139.622689, 35.705235 ], [ 139.620787, 35.705345 ] ], [ [ 139.624431, 35.704638 ], [ 139.625793, 35.704054 ], [ 139.624498, 35.70462 ], [ 139.624361, 35.704666 ], [ 139.624431, 35.704638 ] ], [ [ 139.619446, 35.704613 ], [ 139.622407, 35.704577 ], [ 139.624431, 35.704638 ], [ 139.619446, 35.704613 ] ], [ [ 139.625517, 35.703732 ], [ 139.626909, 35.703509 ], [ 139.628396, 35.702739 ], [ 139.630418, 35.701663 ], [ 139.627467, 35.703323 ], [ 139.627007, 35.703524 ], [ 139.625517, 35.703732 ] ], [ [ 139.616929, 35.69276 ], [ 139.616705, 35.691225 ], [ 139.61693, 35.69274 ], [ 139.617078, 35.693303 ], [ 139.616929, 35.69276 ] ], [ [ 139.615461, 35.693983 ], [ 139.614244, 35.694789 ], [ 139.616929, 35.69276 ], [ 139.615461, 35.693983 ] ], [ [ 139.622192, 35.689524 ], [ 139.621407, 35.6901 ], [ 139.62287, 35.690562 ], [ 139.62132, 35.690169 ], [ 139.61982, 35.691231 ], [ 139.622192, 35.689524 ] ], [ [ 139.624402, 35.685784 ], [ 139.625836, 35.683092 ], [ 139.624416, 35.685764 ], [ 139.623991, 35.686526 ], [ 139.624402, 35.685784 ] ], [ [ 139.62438, 35.67842 ], [ 139.624498, 35.678517 ], [ 139.625505, 35.680035 ], [ 139.62438, 35.67842 ] ], [ [ 139.618693, 35.676556 ], [ 139.621289, 35.677061 ], [ 139.621704, 35.677217 ], [ 139.618693, 35.676556 ] ], [ [ 139.617454, 35.676234 ], [ 139.617202, 35.67635 ], [ 139.618435, 35.675715 ], [ 139.618058, 35.675947 ], [ 139.617454, 35.676234 ] ], [ [ 139.623435, 35.671711 ], [ 139.620161, 35.674654 ], [ 139.619853, 35.674843 ], [ 139.623435, 35.671711 ] ], [ [ 139.621948, 35.699392 ], [ 139.622647, 35.700429 ], [ 139.621805, 35.699318 ], [ 139.621948, 35.699392 ] ], [ [ 139.609974, 35.675683 ], [ 139.609997, 35.676741 ], [ 139.609913, 35.675742 ], [ 139.609974, 35.675683 ] ], [ [ 139.607451, 35.706678 ], [ 139.607856, 35.707924 ], [ 139.607434, 35.706714 ], [ 139.607451, 35.706678 ] ], [ [ 139.607767, 35.706241 ], [ 139.607516, 35.70654 ], [ 139.607623, 35.706314 ], [ 139.607767, 35.706241 ] ], [ [ 139.609907, 35.705176 ], [ 139.608974, 35.705633 ], [ 139.61002, 35.705106 ], [ 139.609907, 35.705176 ] ], [ [ 139.610866, 35.704247 ], [ 139.610328, 35.704916 ], [ 139.61023, 35.704977 ], [ 139.610865, 35.704247 ], [ 139.610866, 35.704247 ] ], [ [ 139.607575, 35.697761 ], [ 139.606028, 35.698426 ], [ 139.606073, 35.698396 ], [ 139.607575, 35.697761 ] ], [ [ 139.60795, 35.684593 ], [ 139.607983, 35.684817 ], [ 139.607946, 35.684587 ], [ 139.60795, 35.684593 ] ], [ [ 139.606523, 35.680422 ], [ 139.606469, 35.680819 ], [ 139.606478, 35.680201 ], [ 139.606523, 35.680422 ] ], [ [ 139.603758, 35.680959 ], [ 139.604122, 35.680823 ], [ 139.606478, 35.680201 ], [ 139.603758, 35.680959 ] ], [ [ 139.612186, 35.678515 ], [ 139.611749, 35.678662 ], [ 139.612307, 35.678457 ], [ 139.612186, 35.678515 ] ], [ [ 139.603466, 35.695168 ], [ 139.609482, 35.69234 ], [ 139.603607, 35.695103 ], [ 139.603075, 35.695381 ], [ 139.603466, 35.695168 ] ], [ [ 139.600593, 35.703954 ], [ 139.599611, 35.70392 ], [ 139.605012, 35.704064 ], [ 139.600593, 35.703954 ] ], [ [ 139.598421, 35.697883 ], [ 139.598429, 35.697903 ], [ 139.597641, 35.698356 ], [ 139.597393, 35.698486 ], [ 139.598421, 35.697883 ] ], [ [ 139.598424, 35.688838 ], [ 139.596589, 35.689659 ], [ 139.599853, 35.687888 ], [ 139.598424, 35.688838 ] ], [ [ 139.598102, 35.68395 ], [ 139.598111, 35.683964 ], [ 139.596892, 35.684299 ], [ 139.598798, 35.683644 ], [ 139.598102, 35.68395 ] ], [ [ 139.602889, 35.681283 ], [ 139.5996, 35.683291 ], [ 139.599445, 35.683359 ], [ 139.602572, 35.681401 ], [ 139.602889, 35.681283 ] ], [ [ 139.606242, 35.688993 ], [ 139.606489, 35.688946 ], [ 139.605811, 35.689177 ], [ 139.606242, 35.688993 ] ], [ [ 139.607245, 35.688801 ], [ 139.607582, 35.688737 ], [ 139.607627, 35.688742 ], [ 139.607245, 35.688801 ] ], [ [ 139.597244, 35.692573 ], [ 139.600784, 35.691741 ], [ 139.600577, 35.691833 ], [ 139.597244, 35.692573 ] ], [ [ 139.604155, 35.689886 ], [ 139.60187, 35.691262 ], [ 139.601432, 35.691455 ], [ 139.603815, 35.690031 ], [ 139.604155, 35.689886 ] ], [ [ 139.60514, 35.699023 ], [ 139.603249, 35.700388 ], [ 139.599798, 35.702877 ], [ 139.60217, 35.701122 ], [ 139.60514, 35.699023 ] ], [ [ 139.593551, 35.716096 ], [ 139.593495, 35.716079 ], [ 139.590385, 35.714564 ], [ 139.593551, 35.716096 ] ], [ [ 139.596006, 35.709539 ], [ 139.596218, 35.709616 ], [ 139.595593, 35.70947 ], [ 139.596006, 35.709539 ] ], [ [ 139.597445, 35.710062 ], [ 139.599314, 35.71083 ], [ 139.597373, 35.710036 ], [ 139.597445, 35.710062 ] ], [ [ 139.601657, 35.711439 ], [ 139.601864, 35.7123 ], [ 139.601643, 35.711484 ], [ 139.601657, 35.711439 ] ], [ [ 139.602004, 35.712266 ], [ 139.600584, 35.712758 ], [ 139.601864, 35.7123 ], [ 139.602004, 35.712266 ] ], [ [ 139.598899, 35.714469 ], [ 139.60467, 35.714646 ], [ 139.602336, 35.714634 ], [ 139.598898, 35.71447 ], [ 139.598899, 35.714469 ] ], [ [ 139.595212, 35.709406 ], [ 139.593809, 35.709214 ], [ 139.594108, 35.709221 ], [ 139.595212, 35.709406 ] ], [ [ 139.60186, 35.708073 ], [ 139.601983, 35.710397 ], [ 139.601858, 35.708056 ], [ 139.60186, 35.708073 ] ], [ [ 139.604322, 35.711704 ], [ 139.604947, 35.711552 ], [ 139.607756, 35.711191 ], [ 139.604322, 35.711704 ] ], [ [ 139.596674, 35.71708 ], [ 139.596436, 35.717146 ], [ 139.596689, 35.717068 ], [ 139.596674, 35.71708 ] ], [ [ 139.606328, 35.717646 ], [ 139.606229, 35.717903 ], [ 139.606267, 35.717732 ], [ 139.606328, 35.717646 ] ], [ [ 139.596754, 35.717016 ], [ 139.59836, 35.715109 ], [ 139.597099, 35.716741 ], [ 139.596754, 35.717016 ] ], [ [ 139.613462, 35.700211 ], [ 139.61354, 35.700045 ], [ 139.612985, 35.701657 ], [ 139.613462, 35.700211 ] ], [ [ 139.617419, 35.698842 ], [ 139.617247, 35.699923 ], [ 139.616114, 35.704395 ], [ 139.61509, 35.708164 ], [ 139.616099, 35.704418 ], [ 139.617421, 35.698813 ], [ 139.617874, 35.696217 ], [ 139.617419, 35.698842 ] ], [ [ 139.6147, 35.712347 ], [ 139.61443, 35.715065 ], [ 139.61509, 35.708164 ], [ 139.6147, 35.712347 ] ], [ [ 139.620378, 35.715448 ], [ 139.614412, 35.71507 ], [ 139.611224, 35.714869 ], [ 139.61443, 35.715065 ], [ 139.620378, 35.715448 ] ], [ [ 139.61595, 35.686425 ], [ 139.615677, 35.684515 ], [ 139.616336, 35.688733 ], [ 139.616339, 35.688755 ], [ 139.61595, 35.686425 ] ], [ [ 139.61571, 35.683275 ], [ 139.614664, 35.680206 ], [ 139.615736, 35.683349 ], [ 139.615677, 35.684515 ], [ 139.61571, 35.683275 ] ], [ [ 139.614414, 35.677467 ], [ 139.614436, 35.677573 ], [ 139.614664, 35.680206 ], [ 139.614414, 35.677467 ] ], [ [ 139.61441, 35.689468 ], [ 139.612853, 35.689688 ], [ 139.613946, 35.689523 ], [ 139.616339, 35.688755 ], [ 139.61441, 35.689468 ] ], [ [ 139.616059, 35.676876 ], [ 139.61442, 35.677387 ], [ 139.616419, 35.67671 ], [ 139.616059, 35.676876 ] ], [ [ 139.613733, 35.695127 ], [ 139.612438, 35.695677 ], [ 139.613964, 35.694974 ], [ 139.613733, 35.695127 ] ], [ [ 139.619333, 35.698899 ], [ 139.621654, 35.699239 ], [ 139.621731, 35.699279 ], [ 139.619333, 35.698899 ] ], [ [ 139.620969, 35.710541 ], [ 139.622197, 35.710893 ], [ 139.621115, 35.710604 ], [ 139.620969, 35.710541 ] ], [ [ 139.619722, 35.705685 ], [ 139.618839, 35.706083 ], [ 139.619334, 35.705809 ], [ 139.619722, 35.705685 ] ], [ [ 139.609603, 35.710808 ], [ 139.611359, 35.710081 ], [ 139.611324, 35.710099 ], [ 139.609603, 35.710808 ] ], [ [ 139.614084, 35.719106 ], [ 139.614083, 35.7191 ], [ 139.614084, 35.7191 ], [ 139.614084, 35.719106 ] ], [ [ 139.621157, 35.715091 ], [ 139.621236, 35.715178 ], [ 139.621254, 35.715246 ], [ 139.621157, 35.715091 ] ], [ [ 139.638393, 35.710082 ], [ 139.6384, 35.710062 ], [ 139.639166, 35.712745 ], [ 139.638404, 35.710079 ], [ 139.638393, 35.710082 ] ], [ [ 139.639885, 35.707344 ], [ 139.639563, 35.7077 ], [ 139.63957, 35.707653 ], [ 139.639885, 35.707344 ] ], [ [ 139.641898, 35.706397 ], [ 139.641886, 35.706358 ], [ 139.641986, 35.705635 ], [ 139.641898, 35.706397 ] ], [ [ 139.644898, 35.705226 ], [ 139.644898, 35.705228 ], [ 139.649033, 35.705444 ], [ 139.644929, 35.705236 ], [ 139.642564, 35.705181 ], [ 139.637297, 35.705068 ], [ 139.644898, 35.705226 ] ], [ [ 139.636692, 35.705084 ], [ 139.636751, 35.70423 ], [ 139.636705, 35.705056 ], [ 139.636723, 35.705056 ], [ 139.636368, 35.70648 ], [ 139.636692, 35.705084 ] ], [ [ 139.635609, 35.699468 ], [ 139.635614, 35.69949 ], [ 139.635188, 35.698533 ], [ 139.635609, 35.699468 ] ], [ [ 139.63919, 35.698222 ], [ 139.639029, 35.697894 ], [ 139.639212, 35.698242 ], [ 139.63985, 35.698082 ], [ 139.635609, 35.699468 ], [ 139.63919, 35.698222 ] ], [ [ 139.64054, 35.696234 ], [ 139.64065, 35.695961 ], [ 139.640544, 35.696239 ], [ 139.639029, 35.697894 ], [ 139.64054, 35.696234 ] ], [ [ 139.638386, 35.692447 ], [ 139.64149, 35.694467 ], [ 139.638292, 35.692424 ], [ 139.638386, 35.692447 ] ], [ [ 139.637253, 35.692173 ], [ 139.637697, 35.69228 ], [ 139.634193, 35.691788 ], [ 139.637253, 35.692173 ] ], [ [ 139.633449, 35.691848 ], [ 139.63299, 35.691828 ], [ 139.633441, 35.691845 ], [ 139.634193, 35.691788 ], [ 139.633449, 35.691848 ] ], [ [ 139.634059, 35.69345 ], [ 139.634017, 35.693563 ], [ 139.633449, 35.691848 ], [ 139.634059, 35.69345 ] ], [ [ 139.63745, 35.686721 ], [ 139.637195, 35.687866 ], [ 139.637461, 35.686641 ], [ 139.63745, 35.686721 ] ], [ [ 139.639295, 35.686362 ], [ 139.638127, 35.686854 ], [ 139.638963, 35.686416 ], [ 139.639295, 35.686362 ] ], [ [ 139.639911, 35.686102 ], [ 139.639827, 35.686138 ], [ 139.640384, 35.685621 ], [ 139.639911, 35.686102 ] ], [ [ 139.642556, 35.684996 ], [ 139.642504, 35.685191 ], [ 139.6425, 35.683107 ], [ 139.642556, 35.684996 ] ], [ [ 139.636038, 35.680104 ], [ 139.636095, 35.680127 ], [ 139.643347, 35.681934 ], [ 139.636157, 35.680164 ], [ 139.636038, 35.680104 ] ], [ [ 139.644089, 35.67721 ], [ 139.64411, 35.677375 ], [ 139.643347, 35.681934 ], [ 139.644089, 35.67721 ] ], [ [ 139.647565, 35.682866 ], [ 139.647319, 35.682839 ], [ 139.643347, 35.681934 ], [ 139.647565, 35.682866 ] ], [ [ 139.635082, 35.680714 ], [ 139.627062, 35.684788 ], [ 139.636157, 35.680164 ], [ 139.635082, 35.680714 ] ], [ [ 139.635615, 35.699494 ], [ 139.630767, 35.701478 ], [ 139.630808, 35.701456 ], [ 139.635615, 35.699494 ] ], [ [ 139.625506, 35.695617 ], [ 139.627555, 35.695641 ], [ 139.627179, 35.69569 ], [ 139.625506, 35.695617 ] ], [ [ 139.628005, 35.695583 ], [ 139.627653, 35.695629 ], [ 139.628592, 35.695308 ], [ 139.6286, 35.69532 ], [ 139.628005, 35.695583 ] ], [ [ 139.625748, 35.692658 ], [ 139.625418, 35.692715 ], [ 139.625661, 35.692652 ], [ 139.625748, 35.692658 ] ], [ [ 139.625336, 35.69192 ], [ 139.624791, 35.692824 ], [ 139.624785, 35.692825 ], [ 139.62516, 35.692114 ], [ 139.625336, 35.69192 ] ], [ [ 139.62568, 35.691539 ], [ 139.625795, 35.691412 ], [ 139.625909, 35.691409 ], [ 139.62568, 35.691539 ] ], [ [ 139.62658, 35.691388 ], [ 139.627618, 35.69229 ], [ 139.627556, 35.692265 ], [ 139.62658, 35.691388 ] ], [ [ 139.632487, 35.695357 ], [ 139.633088, 35.695135 ], [ 139.633029, 35.695212 ], [ 139.632487, 35.695357 ] ], [ [ 139.633324, 35.694823 ], [ 139.633852, 35.694001 ], [ 139.633756, 35.694255 ], [ 139.633324, 35.694823 ] ], [ [ 139.634313, 35.679197 ], [ 139.627015, 35.681843 ], [ 139.629152, 35.681044 ], [ 139.634313, 35.679197 ] ], [ [ 139.630749, 35.675936 ], [ 139.629473, 35.675626 ], [ 139.630748, 35.675887 ], [ 139.630805, 35.674678 ], [ 139.630749, 35.675936 ] ], [ [ 139.633271, 35.676097 ], [ 139.633168, 35.676153 ], [ 139.630749, 35.675936 ], [ 139.633271, 35.676097 ] ], [ [ 139.633518, 35.675964 ], [ 139.635542, 35.674161 ], [ 139.635123, 35.674668 ], [ 139.635188, 35.674573 ], [ 139.633753, 35.675836 ], [ 139.633518, 35.675964 ] ], [ [ 139.638142, 35.667635 ], [ 139.633874, 35.669074 ], [ 139.632691, 35.669452 ], [ 139.637854, 35.667669 ], [ 139.638142, 35.667635 ] ], [ [ 139.626775, 35.675368 ], [ 139.626782, 35.675365 ], [ 139.6268, 35.675365 ], [ 139.626775, 35.675368 ] ], [ [ 139.62643, 35.674963 ], [ 139.626497, 35.674971 ], [ 139.626782, 35.675365 ], [ 139.62643, 35.674963 ] ], [ [ 139.627453, 35.675372 ], [ 139.627569, 35.675373 ], [ 139.628892, 35.675721 ], [ 139.627453, 35.675372 ] ], [ [ 139.625615, 35.671276 ], [ 139.625266, 35.671774 ], [ 139.625614, 35.671194 ], [ 139.625615, 35.671276 ] ], [ [ 139.62474, 35.672739 ], [ 139.624749, 35.672638 ], [ 139.624824, 35.672512 ], [ 139.62474, 35.672739 ] ], [ [ 139.625112, 35.67418 ], [ 139.624684, 35.673391 ], [ 139.624698, 35.673232 ], [ 139.625112, 35.67418 ] ], [ [ 139.625488, 35.674812 ], [ 139.625452, 35.674807 ], [ 139.62543, 35.674767 ], [ 139.625488, 35.674812 ] ], [ [ 139.634691, 35.675361 ], [ 139.634702, 35.675286 ], [ 139.634739, 35.675231 ], [ 139.634691, 35.675361 ] ], [ [ 139.630022, 35.686226 ], [ 139.62635, 35.687654 ], [ 139.633636, 35.684816 ], [ 139.630022, 35.686226 ] ], [ [ 139.637251, 35.683334 ], [ 139.637102, 35.682975 ], [ 139.637132, 35.682958 ], [ 139.637251, 35.683334 ] ], [ [ 139.629725, 35.690716 ], [ 139.630803, 35.690968 ], [ 139.63093, 35.691018 ], [ 139.629725, 35.690716 ] ], [ [ 139.632764, 35.689598 ], [ 139.632404, 35.68843 ], [ 139.632409, 35.688319 ], [ 139.632764, 35.689598 ] ], [ [ 139.632422, 35.688036 ], [ 139.632429, 35.68789 ], [ 139.632492, 35.687829 ], [ 139.632422, 35.688036 ] ], [ [ 139.633616, 35.686754 ], [ 139.633692, 35.686681 ], [ 139.634782, 35.686142 ], [ 139.633616, 35.686754 ] ], [ [ 139.630264, 35.689963 ], [ 139.630225, 35.68989 ], [ 139.630452, 35.689318 ], [ 139.630264, 35.689963 ] ], [ [ 139.630655, 35.70773 ], [ 139.630654, 35.707731 ], [ 139.630669, 35.707182 ], [ 139.630655, 35.70773 ] ], [ [ 139.634713, 35.707877 ], [ 139.634584, 35.709411 ], [ 139.634631, 35.708397 ], [ 139.634713, 35.707877 ] ], [ [ 139.635288, 35.694806 ], [ 139.636175, 35.694953 ], [ 139.635755, 35.694974 ], [ 139.635288, 35.694806 ] ], [ [ 139.632011, 35.697617 ], [ 139.632251, 35.696331 ], [ 139.632068, 35.697501 ], [ 139.632011, 35.697617 ] ], [ [ 139.632797, 35.698424 ], [ 139.63189, 35.697924 ], [ 139.631896, 35.697911 ], [ 139.632797, 35.698424 ] ], [ [ 139.634869, 35.714163 ], [ 139.63097, 35.71518 ], [ 139.63121, 35.715095 ], [ 139.634869, 35.714163 ] ], [ [ 139.634312, 35.713074 ], [ 139.63455, 35.713384 ], [ 139.634864, 35.714151 ], [ 139.634869, 35.714163 ], [ 139.634312, 35.713074 ] ], [ [ 139.629111, 35.711783 ], [ 139.63402, 35.712692 ], [ 139.634022, 35.712695 ], [ 139.629111, 35.711783 ] ], [ [ 139.633873, 35.711504 ], [ 139.633842, 35.711255 ], [ 139.63394, 35.710826 ], [ 139.633873, 35.711504 ] ], [ [ 139.634006, 35.710534 ], [ 139.634039, 35.710389 ], [ 139.634228, 35.710051 ], [ 139.634006, 35.710534 ] ], [ [ 139.626538, 35.718871 ], [ 139.626847, 35.717428 ], [ 139.626565, 35.718811 ], [ 139.626538, 35.718871 ] ], [ [ 139.64208, 35.693721 ], [ 139.642165, 35.693417 ], [ 139.642194, 35.693578 ], [ 139.64208, 35.693721 ] ], [ [ 139.646121, 35.6917 ], [ 139.646219, 35.691948 ], [ 139.646107, 35.691698 ], [ 139.647085, 35.691513 ], [ 139.646121, 35.6917 ] ], [ [ 139.646018, 35.691018 ], [ 139.646037, 35.69094 ], [ 139.646107, 35.691698 ], [ 139.646018, 35.691018 ] ], [ [ 139.648878, 35.690634 ], [ 139.648438, 35.690785 ], [ 139.649564, 35.690178 ], [ 139.649697, 35.690163 ], [ 139.648878, 35.690634 ] ], [ [ 139.656662, 35.692456 ], [ 139.658275, 35.693598 ], [ 139.657744, 35.693341 ], [ 139.656662, 35.692456 ] ], [ [ 139.648135, 35.682899 ], [ 139.648014, 35.682916 ], [ 139.647961, 35.68291 ], [ 139.648135, 35.682899 ] ], [ [ 139.652013, 35.682648 ], [ 139.652234, 35.682634 ], [ 139.652268, 35.68268 ], [ 139.65336, 35.682974 ], [ 139.652013, 35.682648 ] ], [ [ 139.650699, 35.681676 ], [ 139.650425, 35.681044 ], [ 139.650833, 35.681745 ], [ 139.650699, 35.681676 ] ], [ [ 139.649553, 35.680044 ], [ 139.64955, 35.680009 ], [ 139.650425, 35.681044 ], [ 139.649553, 35.680044 ] ], [ [ 139.648594, 35.677803 ], [ 139.648859, 35.678328 ], [ 139.649195, 35.679164 ], [ 139.648594, 35.677803 ] ], [ [ 139.643796, 35.676095 ], [ 139.643991, 35.67643 ], [ 139.644057, 35.676951 ], [ 139.643838, 35.676189 ], [ 139.643796, 35.676095 ] ], [ [ 139.648159, 35.67278 ], [ 139.646292, 35.674114 ], [ 139.646233, 35.674126 ], [ 139.643673, 35.675819 ], [ 139.648159, 35.67278 ] ], [ [ 139.64706, 35.674444 ], [ 139.646761, 35.674018 ], [ 139.64745, 35.674685 ], [ 139.64706, 35.674444 ] ], [ [ 139.648143, 35.675931 ], [ 139.647625, 35.674854 ], [ 139.647731, 35.674957 ], [ 139.648143, 35.675931 ] ], [ [ 139.644264, 35.688533 ], [ 139.644712, 35.686813 ], [ 139.644742, 35.68692 ], [ 139.644264, 35.688533 ] ], [ [ 139.644536, 35.689041 ], [ 139.644504, 35.688982 ], [ 139.644626, 35.689051 ], [ 139.644536, 35.689041 ] ], [ [ 139.646206, 35.689218 ], [ 139.645969, 35.689193 ], [ 139.646298, 35.689207 ], [ 139.646206, 35.689218 ] ], [ [ 139.646853, 35.689141 ], [ 139.646665, 35.689163 ], [ 139.647512, 35.688883 ], [ 139.646853, 35.689141 ] ], [ [ 139.651406, 35.684947 ], [ 139.650872, 35.686174 ], [ 139.651338, 35.684962 ], [ 139.651406, 35.684947 ] ], [ [ 139.651948, 35.684828 ], [ 139.6533, 35.684854 ], [ 139.653618, 35.684936 ], [ 139.651579, 35.684909 ], [ 139.651948, 35.684828 ] ], [ [ 139.6559, 35.686117 ], [ 139.653767, 35.684974 ], [ 139.654017, 35.685039 ], [ 139.6559, 35.686117 ] ], [ [ 139.655243, 35.689027 ], [ 139.656237, 35.68631 ], [ 139.656238, 35.686311 ], [ 139.655243, 35.689027 ] ], [ [ 139.656898, 35.683825 ], [ 139.656801, 35.684882 ], [ 139.656769, 35.684964 ], [ 139.656898, 35.683825 ] ], [ [ 139.639597, 35.689193 ], [ 139.639894, 35.689816 ], [ 139.639591, 35.689203 ], [ 139.639597, 35.689193 ] ], [ [ 139.643705, 35.701265 ], [ 139.643899, 35.703251 ], [ 139.643713, 35.701668 ], [ 139.643705, 35.701265 ] ], [ [ 139.643668, 35.699289 ], [ 139.643678, 35.699222 ], [ 139.643676, 35.699713 ], [ 139.643668, 35.699289 ] ], [ [ 139.647851, 35.702259 ], [ 139.647703, 35.701792 ], [ 139.647388, 35.700185 ], [ 139.647851, 35.702259 ] ], [ [ 139.648384, 35.702983 ], [ 139.648471, 35.703209 ], [ 139.647851, 35.702259 ], [ 139.648384, 35.702983 ] ], [ [ 139.654838, 35.698082 ], [ 139.654354, 35.694156 ], [ 139.654841, 35.698095 ], [ 139.654966, 35.701707 ], [ 139.654838, 35.698082 ] ], [ [ 139.647878, 35.697889 ], [ 139.648129, 35.697893 ], [ 139.654838, 35.698082 ], [ 139.647878, 35.697889 ] ], [ [ 139.64807, 35.696805 ], [ 139.648067, 35.696702 ], [ 139.648129, 35.697893 ], [ 139.64807, 35.696805 ] ], [ [ 139.647979, 35.695022 ], [ 139.647981, 35.69506 ], [ 139.647172, 35.695171 ], [ 139.647979, 35.695022 ] ], [ [ 139.646483, 35.694104 ], [ 139.646442, 35.694004 ], [ 139.647172, 35.695171 ], [ 139.646483, 35.694104 ] ], [ [ 139.648675, 35.694927 ], [ 139.648635, 35.694926 ], [ 139.64842, 35.694306 ], [ 139.648675, 35.694927 ] ], [ [ 139.646368, 35.693827 ], [ 139.646329, 35.693732 ], [ 139.646414, 35.69244 ], [ 139.646465, 35.69257 ], [ 139.646368, 35.693827 ] ], [ [ 139.642685, 35.697816 ], [ 139.643815, 35.697832 ], [ 139.640188, 35.697998 ], [ 139.640359, 35.697955 ], [ 139.642685, 35.697816 ] ], [ [ 139.649392, 35.705462 ], [ 139.649355, 35.70546 ], [ 139.6549, 35.705515 ], [ 139.649392, 35.705462 ] ] ] } },
{ "type": "Feature", "properties": { "ward": "板橋区" }, "geometry": { "type": "Polygon", "coordinates": [ [ [ 139.641113, 35.768785 ], [ 139.635541, 35.768742 ], [ 139.634509, 35.768868 ], [ 139.634458, 35.769897 ], [ 139.633515, 35.769951 ], [ 139.633547, 35.7706 ], [ 139.632354, 35.771189 ], [ 139.630148, 35.772447 ], [ 139.62968, 35.771928 ], [ 139.629202, 35.771892 ], [ 139.629402, 35.774116 ], [ 139.629081, 35.774459 ], [ 139.629451, 35.775323 ], [ 139.629575, 35.776997 ], [ 139.628576, 35.777104 ], [ 139.628634, 35.777388 ], [ 139.628221, 35.777468 ], [ 139.62528, 35.77779 ], [ 139.625676, 35.779313 ], [ 139.624505, 35.779956 ], [ 139.624333, 35.780225 ], [ 139.625036, 35.780612 ], [ 139.624926, 35.78103 ], [ 139.625406, 35.781118 ], [ 139.625827, 35.781456 ], [ 139.625857, 35.781862 ], [ 139.626173, 35.78222 ], [ 139.626386, 35.782384 ], [ 139.626974, 35.782333 ], [ 139.627514, 35.782733 ], [ 139.627571, 35.782906 ], [ 139.627388, 35.783005 ], [ 139.627798, 35.783553 ], [ 139.627956, 35.783485 ], [ 139.627853, 35.783701 ], [ 139.628009, 35.784361 ], [ 139.628896, 35.785259 ], [ 139.628927, 35.785237 ], [ 139.628928, 35.785237 ], [ 139.629679, 35.785368 ], [ 139.630193, 35.785101 ], [ 139.630528, 35.785385 ], [ 139.630291, 35.78562 ], [ 139.63078, 35.78607 ], [ 139.630933, 35.785952 ], [ 139.631703, 35.786182 ], [ 139.63193, 35.786485 ], [ 139.631687, 35.787252 ], [ 139.632051, 35.787411 ], [ 139.632173, 35.787153 ], [ 139.632412, 35.787301 ], [ 139.632212, 35.788008 ], [ 139.631852, 35.788448 ], [ 139.632376, 35.788756 ], [ 139.632291, 35.789073 ], [ 139.632976, 35.789628 ], [ 139.633079, 35.789502 ], [ 139.633434, 35.789693 ], [ 139.6337, 35.789336 ], [ 139.633837, 35.789383 ], [ 139.633692, 35.789723 ], [ 139.63415, 35.790026 ], [ 139.634111, 35.790297 ], [ 139.635089, 35.790777 ], [ 139.635642, 35.790632 ], [ 139.635659, 35.790614 ], [ 139.636217, 35.790493 ], [ 139.636605, 35.790766 ], [ 139.637576, 35.790777 ], [ 139.637677, 35.791484 ], [ 139.638026, 35.791804 ], [ 139.638028, 35.792014 ], [ 139.638596, 35.792241 ], [ 139.638907, 35.792572 ], [ 139.638902, 35.792961 ], [ 139.639209, 35.793724 ], [ 139.639469, 35.793679 ], [ 139.63951, 35.793829 ], [ 139.639848, 35.793874 ], [ 139.640085, 35.794919 ], [ 139.640208, 35.794903 ], [ 139.640253, 35.795233 ], [ 139.639644, 35.795471 ], [ 139.640741, 35.795615 ], [ 139.640554, 35.7964 ], [ 139.640259, 35.796718 ], [ 139.640528, 35.7969 ], [ 139.640658, 35.797239 ], [ 139.640213, 35.798117 ], [ 139.640768, 35.797857 ], [ 139.641202, 35.798355 ], [ 139.641885, 35.798071 ], [ 139.641866, 35.797484 ], [ 139.642128, 35.797498 ], [ 139.642092, 35.797392 ], [ 139.645515, 35.796253 ], [ 139.647242, 35.795677 ], [ 139.645487, 35.79628 ], [ 139.642414, 35.797384 ], [ 139.642546, 35.797866 ], [ 139.642911, 35.7983 ], [ 139.643913, 35.798888 ], [ 139.647986, 35.797269 ], [ 139.6512, 35.798842 ], [ 139.653093, 35.800265 ], [ 139.655258, 35.800532 ], [ 139.661695, 35.800284 ], [ 139.664893, 35.80061 ], [ 139.669033, 35.800473 ], [ 139.671323, 35.800277 ], [ 139.67395, 35.79933 ], [ 139.674784, 35.799173 ], [ 139.676212, 35.798992 ], [ 139.678383, 35.798971 ], [ 139.680959, 35.799334 ], [ 139.684706, 35.800515 ], [ 139.687694, 35.800997 ], [ 139.689468, 35.801035 ], [ 139.692265, 35.800689 ], [ 139.693669, 35.800402 ], [ 139.69459, 35.800035 ], [ 139.694827, 35.799853 ], [ 139.69493, 35.799487 ], [ 139.695217, 35.797803 ], [ 139.695188, 35.796606 ], [ 139.694705, 35.795854 ], [ 139.691985, 35.791993 ], [ 139.690802, 35.790769 ], [ 139.690314, 35.790018 ], [ 139.689173, 35.787137 ], [ 139.687101, 35.789808 ], [ 139.690585, 35.785256 ], [ 139.692206, 35.783976 ], [ 139.69399, 35.783004 ], [ 139.696591, 35.782266 ], [ 139.698203, 35.782077 ], [ 139.698823, 35.782225 ], [ 139.700084, 35.782833 ], [ 139.702398, 35.784319 ], [ 139.70295, 35.783543 ], [ 139.703215, 35.782168 ], [ 139.702949, 35.782071 ], [ 139.702534, 35.781516 ], [ 139.703137, 35.779572 ], [ 139.704264, 35.776301 ], [ 139.704604, 35.775157 ], [ 139.704311, 35.775107 ], [ 139.704336, 35.774892 ], [ 139.704628, 35.774848 ], [ 139.704574, 35.774544 ], [ 139.704709, 35.77417 ], [ 139.704367, 35.773814 ], [ 139.704815, 35.773768 ], [ 139.705449, 35.772319 ], [ 139.706296, 35.769072 ], [ 139.706453, 35.767868 ], [ 139.706573, 35.767037 ], [ 139.707827, 35.766072 ], [ 139.708139, 35.765364 ], [ 139.709167, 35.765626 ], [ 139.709396, 35.765026 ], [ 139.709573, 35.76508 ], [ 139.710299, 35.76341 ], [ 139.711342, 35.763697 ], [ 139.712536, 35.763451 ], [ 139.71266, 35.76322 ], [ 139.71306, 35.763159 ], [ 139.71519, 35.761482 ], [ 139.716263, 35.760683 ], [ 139.717241, 35.759194 ], [ 139.717808, 35.758619 ], [ 139.717766, 35.758529 ], [ 139.71875, 35.757673 ], [ 139.719237, 35.756888 ], [ 139.71914, 35.756788 ], [ 139.720445, 35.756126 ], [ 139.720247, 35.755799 ], [ 139.721137, 35.755423 ], [ 139.720997, 35.755189 ], [ 139.720543, 35.755351 ], [ 139.720335, 35.754961 ], [ 139.721199, 35.754586 ], [ 139.721021, 35.754273 ], [ 139.722017, 35.753907 ], [ 139.721997, 35.753641 ], [ 139.722509, 35.753106 ], [ 139.722519, 35.752012 ], [ 139.722756, 35.752005 ], [ 139.722641, 35.750803 ], [ 139.72221, 35.750754 ], [ 139.721754, 35.749026 ], [ 139.72218, 35.748828 ], [ 139.721969, 35.748501 ], [ 139.721669, 35.748535 ], [ 139.721826, 35.748476 ], [ 139.721722, 35.747995 ], [ 139.722239, 35.747766 ], [ 139.722219, 35.747482 ], [ 139.721299, 35.74747 ], [ 139.721211, 35.746303 ], [ 139.720234, 35.746728 ], [ 139.719883, 35.745703 ], [ 139.719701, 35.745691 ], [ 139.719692, 35.745405 ], [ 139.71949, 35.745381 ], [ 139.71951, 35.74514 ], [ 139.71786, 35.745442 ], [ 139.717903, 35.745822 ], [ 139.717703, 35.745838 ], [ 139.717659, 35.745468 ], [ 139.71478, 35.745984 ], [ 139.715153, 35.746524 ], [ 139.714509, 35.745733 ], [ 139.714473, 35.745435 ], [ 139.710392, 35.745962 ], [ 139.710091, 35.745825 ], [ 139.70917, 35.744502 ], [ 139.708971, 35.744239 ], [ 139.708894, 35.743202 ], [ 139.708363, 35.742032 ], [ 139.707193, 35.740826 ], [ 139.704581, 35.738149 ], [ 139.703958, 35.737466 ], [ 139.703554, 35.735773 ], [ 139.701963, 35.736123 ], [ 139.701711, 35.737128 ], [ 139.702073, 35.737237 ], [ 139.700769, 35.740026 ], [ 139.699048, 35.73987 ], [ 139.698529, 35.743441 ], [ 139.698677, 35.742293 ], [ 139.69465, 35.742132 ], [ 139.694648, 35.743104 ], [ 139.693527, 35.74291 ], [ 139.692739, 35.743459 ], [ 139.69257, 35.743477 ], [ 139.692704, 35.74365 ], [ 139.691933, 35.742902 ], [ 139.689859, 35.741399 ], [ 139.688213, 35.740708 ], [ 139.685339, 35.739904 ], [ 139.682481, 35.739032 ], [ 139.680217, 35.738597 ], [ 139.679034, 35.740155 ], [ 139.678979, 35.740639 ], [ 139.679234, 35.740713 ], [ 139.679683, 35.741622 ], [ 139.680068, 35.741403 ], [ 139.680087, 35.741574 ], [ 139.680244, 35.741582 ], [ 139.680254, 35.741954 ], [ 139.680087, 35.741957 ], [ 139.680077, 35.741624 ], [ 139.679769, 35.74176 ], [ 139.680078, 35.742126 ], [ 139.680402, 35.741948 ], [ 139.680479, 35.742041 ], [ 139.680395, 35.742235 ], [ 139.680375, 35.74209 ], [ 139.680207, 35.742214 ], [ 139.680593, 35.742408 ], [ 139.680724, 35.742993 ], [ 139.680984, 35.743668 ], [ 139.680933, 35.743935 ], [ 139.675761, 35.745556 ], [ 139.67534, 35.745219 ], [ 139.674854, 35.745455 ], [ 139.678066, 35.747773 ], [ 139.678548, 35.748121 ], [ 139.673698, 35.744747 ], [ 139.673563, 35.745048 ], [ 139.67231, 35.744515 ], [ 139.672215, 35.745171 ], [ 139.672325, 35.745629 ], [ 139.674392, 35.749864 ], [ 139.67496, 35.751516 ], [ 139.674919, 35.752283 ], [ 139.674434, 35.752853 ], [ 139.673566, 35.753293 ], [ 139.67371, 35.754182 ], [ 139.673316, 35.754654 ], [ 139.673425, 35.754773 ], [ 139.673281, 35.754697 ], [ 139.673251, 35.755235 ], [ 139.673842, 35.758702 ], [ 139.67351, 35.758835 ], [ 139.673637, 35.758962 ], [ 139.672945, 35.7597 ], [ 139.671817, 35.760534 ], [ 139.671874, 35.760773 ], [ 139.671607, 35.760849 ], [ 139.670834, 35.762068 ], [ 139.670098, 35.764438 ], [ 139.669376, 35.7658 ], [ 139.669162, 35.766724 ], [ 139.668969, 35.767171 ], [ 139.668635, 35.76887 ], [ 139.668883, 35.767342 ], [ 139.667917, 35.767376 ], [ 139.667322, 35.767597 ], [ 139.667316, 35.767898 ], [ 139.667222, 35.76758 ], [ 139.66425, 35.768171 ], [ 139.661459, 35.768588 ], [ 139.66135, 35.768699 ], [ 139.654395, 35.769266 ], [ 139.654471, 35.770126 ], [ 139.654373, 35.769171 ], [ 139.65303, 35.769067 ], [ 139.652572, 35.768717 ], [ 139.652133, 35.768759 ], [ 139.652095, 35.768936 ], [ 139.650119, 35.768988 ], [ 139.647593, 35.76869 ], [ 139.647383, 35.768517 ], [ 139.645549, 35.769077 ], [ 139.642684, 35.770714 ], [ 139.641376, 35.769464 ], [ 139.641113, 35.768785 ] ], [ [ 139.698997, 35.778185 ], [ 139.698961, 35.778168 ], [ 139.703137, 35.779572 ], [ 139.698997, 35.778185 ] ], [ [ 139.688195, 35.741846 ], [ 139.688156, 35.741777 ], [ 139.688213, 35.740708 ], [ 139.688195, 35.741846 ] ], [ [ 139.677983, 35.763021 ], [ 139.677844, 35.762855 ], [ 139.677973, 35.763002 ], [ 139.678434, 35.762786 ], [ 139.676656, 35.763725 ], [ 139.676154, 35.763829 ], [ 139.669162, 35.766724 ], [ 139.677983, 35.763021 ] ], [ [ 139.656565, 35.796654 ], [ 139.657163, 35.796781 ], [ 139.656262, 35.796618 ], [ 139.656565, 35.796654 ] ], [ [ 139.661388, 35.797501 ], [ 139.661104, 35.797496 ], [ 139.660737, 35.797429 ], [ 139.661388, 35.797501 ] ], [ [ 139.659942, 35.793087 ], [ 139.660484, 35.793047 ], [ 139.664001, 35.792948 ], [ 139.663811, 35.79296 ], [ 139.659942, 35.793087 ] ], [ [ 139.677225, 35.795833 ], [ 139.677778, 35.795812 ], [ 139.67653, 35.795944 ], [ 139.677225, 35.795833 ] ], [ [ 139.680808, 35.7957 ], [ 139.68378, 35.795891 ], [ 139.679851, 35.795736 ], [ 139.680808, 35.7957 ] ], [ [ 139.68558, 35.796372 ], [ 139.685576, 35.796372 ], [ 139.68378, 35.795891 ], [ 139.68558, 35.796372 ] ], [ [ 139.685677, 35.795422 ], [ 139.685692, 35.795612 ], [ 139.68558, 35.796372 ], [ 139.685677, 35.795422 ] ], [ [ 139.689375, 35.796737 ], [ 139.68918, 35.796747 ], [ 139.68558, 35.796372 ], [ 139.689375, 35.796737 ] ], [ [ 139.680084, 35.791123 ], [ 139.679358, 35.785222 ], [ 139.678924, 35.782104 ], [ 139.679371, 35.7852 ], [ 139.680115, 35.790773 ], [ 139.680043, 35.791875 ], [ 139.680084, 35.791123 ] ], [ [ 139.675954, 35.791229 ], [ 139.676106, 35.791221 ], [ 139.680043, 35.791875 ], [ 139.675954, 35.791229 ] ], [ [ 139.680738, 35.779297 ], [ 139.681511, 35.778209 ], [ 139.679873, 35.780561 ], [ 139.680738, 35.779297 ] ], [ [ 139.683815, 35.77497 ], [ 139.67841, 35.776305 ], [ 139.678343, 35.776313 ], [ 139.68206, 35.775402 ], [ 139.683847, 35.774949 ], [ 139.682387, 35.776978 ], [ 139.683815, 35.77497 ] ], [ [ 139.684111, 35.773569 ], [ 139.684124, 35.773596 ], [ 139.684119, 35.773623 ], [ 139.684111, 35.773569 ] ], [ [ 139.683167, 35.770103 ], [ 139.683228, 35.770239 ], [ 139.684141, 35.772543 ], [ 139.683167, 35.770103 ] ], [ [ 139.682074, 35.768692 ], [ 139.682912, 35.769534 ], [ 139.682948, 35.769613 ], [ 139.682074, 35.768692 ] ], [ [ 139.681459, 35.768832 ], [ 139.681516, 35.768777 ], [ 139.682074, 35.768692 ], [ 139.681459, 35.768832 ] ], [ [ 139.679709, 35.757292 ], [ 139.679764, 35.758222 ], [ 139.679628, 35.759407 ], [ 139.679709, 35.757292 ] ], [ [ 139.679713, 35.757175 ], [ 139.679623, 35.757196 ], [ 139.680031, 35.756658 ], [ 139.679713, 35.757182 ], [ 139.679713, 35.757175 ] ], [ [ 139.683807, 35.751916 ], [ 139.685515, 35.751803 ], [ 139.687404, 35.751657 ], [ 139.687502, 35.751679 ], [ 139.683444, 35.751943 ], [ 139.683807, 35.751916 ] ], [ [ 139.654014, 35.793909 ], [ 139.65365, 35.794008 ], [ 139.653883, 35.793937 ], [ 139.654014, 35.793909 ] ], [ [ 139.65755, 35.793265 ], [ 139.65515, 35.793668 ], [ 139.656776, 35.793323 ], [ 139.65755, 35.793265 ] ], [ [ 139.664253, 35.781605 ], [ 139.660763, 35.782344 ], [ 139.660867, 35.782319 ], [ 139.664253, 35.781605 ] ], [ [ 139.665488, 35.781543 ], [ 139.66545, 35.781352 ], [ 139.66538, 35.780951 ], [ 139.665488, 35.781543 ] ], [ [ 139.664457, 35.775955 ], [ 139.663917, 35.774125 ], [ 139.664476, 35.775969 ], [ 139.659739, 35.775657 ], [ 139.664457, 35.775955 ] ], [ [ 139.66298, 35.769854 ], [ 139.662799, 35.77181 ], [ 139.662778, 35.771766 ], [ 139.66298, 35.769854 ] ], [ [ 139.634318, 35.781203 ], [ 139.636721, 35.778648 ], [ 139.635414, 35.780053 ], [ 139.63543, 35.780074 ], [ 139.634318, 35.781203 ] ], [ [ 139.635576, 35.780265 ], [ 139.636181, 35.781055 ], [ 139.636037, 35.780928 ], [ 139.635576, 35.780265 ] ], [ [ 139.637299, 35.78204 ], [ 139.636828, 35.781625 ], [ 139.638025, 35.782474 ], [ 139.638025, 35.782475 ], [ 139.637299, 35.78204 ] ], [ [ 139.657339, 35.7796 ], [ 139.659629, 35.779671 ], [ 139.658192, 35.779683 ], [ 139.657339, 35.7796 ] ], [ [ 139.646449, 35.77329 ], [ 139.646455, 35.773307 ], [ 139.64737, 35.779079 ], [ 139.647364, 35.779106 ], [ 139.646449, 35.77329 ] ], [ [ 139.65025, 35.778591 ], [ 139.650679, 35.77377 ], [ 139.650565, 35.773745 ], [ 139.650689, 35.77367 ], [ 139.650728, 35.773552 ], [ 139.650603, 35.775001 ], [ 139.65025, 35.778591 ] ], [ [ 139.64099, 35.77233 ], [ 139.6371, 35.774818 ], [ 139.640397, 35.772621 ], [ 139.64099, 35.77233 ] ], [ [ 139.63704, 35.772554 ], [ 139.636506, 35.772989 ], [ 139.636887, 35.772645 ], [ 139.63704, 35.772554 ] ], [ [ 139.638363, 35.771829 ], [ 139.637536, 35.772259 ], [ 139.63795, 35.772013 ], [ 139.638363, 35.771829 ] ], [ [ 139.641801, 35.770933 ], [ 139.638524, 35.771758 ], [ 139.638629, 35.771711 ], [ 139.641801, 35.770933 ] ], [ [ 139.642677, 35.770718 ], [ 139.642525, 35.770805 ], [ 139.643024, 35.771332 ], [ 139.642479, 35.770766 ], [ 139.642677, 35.770718 ] ], [ [ 139.644566, 35.770603 ], [ 139.645107, 35.77044 ], [ 139.64254, 35.77157 ], [ 139.643024, 35.771332 ], [ 139.644566, 35.770603 ] ], [ [ 139.652023, 35.769273 ], [ 139.651788, 35.770376 ], [ 139.65197, 35.769419 ], [ 139.652023, 35.769273 ] ], [ [ 139.648295, 35.769669 ], [ 139.648803, 35.769594 ], [ 139.65197, 35.769419 ], [ 139.648295, 35.769669 ] ], [ [ 139.64622, 35.770106 ], [ 139.647072, 35.76985 ], [ 139.647782, 35.769745 ], [ 139.64622, 35.770106 ] ], [ [ 139.659906, 35.770219 ], [ 139.659991, 35.77013 ], [ 139.659784, 35.770443 ], [ 139.659906, 35.770219 ] ], [ [ 139.65897, 35.771946 ], [ 139.659114, 35.77168 ], [ 139.658998, 35.772111 ], [ 139.65897, 35.771946 ] ], [ [ 139.659082, 35.772618 ], [ 139.659056, 35.772462 ], [ 139.6596, 35.773594 ], [ 139.659082, 35.772618 ] ], [ [ 139.660076, 35.775111 ], [ 139.660173, 35.774784 ], [ 139.660219, 35.77488 ], [ 139.660076, 35.775111 ] ], [ [ 139.656012, 35.775692 ], [ 139.655488, 35.775456 ], [ 139.65549, 35.775398 ], [ 139.656012, 35.775692 ] ], [ [ 139.630321, 35.783088 ], [ 139.630875, 35.782298 ], [ 139.631708, 35.781764 ], [ 139.630872, 35.782313 ], [ 139.630321, 35.783088 ] ], [ [ 139.637564, 35.788609 ], [ 139.637786, 35.788074 ], [ 139.637627, 35.788552 ], [ 139.635681, 35.790591 ], [ 139.637564, 35.788609 ] ], [ [ 139.643212, 35.786466 ], [ 139.641237, 35.786915 ], [ 139.643752, 35.786218 ], [ 139.644403, 35.786 ], [ 139.644977, 35.785603 ], [ 139.644512, 35.785996 ], [ 139.643212, 35.786466 ] ], [ [ 139.638722, 35.788068 ], [ 139.638214, 35.788198 ], [ 139.641237, 35.786915 ], [ 139.638722, 35.788068 ] ], [ [ 139.647651, 35.785593 ], [ 139.645721, 35.78596 ], [ 139.651261, 35.78475 ], [ 139.651211, 35.784764 ], [ 139.647654, 35.785605 ], [ 139.647651, 35.785593 ] ], [ [ 139.654199, 35.783941 ], [ 139.654691, 35.783821 ], [ 139.651281, 35.784745 ], [ 139.654199, 35.783941 ] ], [ [ 139.649573, 35.780547 ], [ 139.64903, 35.781259 ], [ 139.648908, 35.781389 ], [ 139.649611, 35.780426 ], [ 139.649573, 35.780547 ] ], [ [ 139.648212, 35.787853 ], [ 139.647727, 35.785901 ], [ 139.64929, 35.791135 ], [ 139.648212, 35.787853 ] ], [ [ 139.652877, 35.790431 ], [ 139.644039, 35.79217 ], [ 139.64929, 35.791135 ], [ 139.652877, 35.790431 ] ], [ [ 139.643959, 35.792449 ], [ 139.643933, 35.791875 ], [ 139.643917, 35.791825 ], [ 139.644039, 35.79217 ], [ 139.643959, 35.792449 ] ], [ [ 139.643439, 35.789774 ], [ 139.643628, 35.788929 ], [ 139.644363, 35.787068 ], [ 139.643439, 35.789774 ] ], [ [ 139.643557, 35.790693 ], [ 139.643485, 35.790466 ], [ 139.643439, 35.789774 ], [ 139.643557, 35.790693 ] ], [ [ 139.667358, 35.770623 ], [ 139.667478, 35.770982 ], [ 139.667358, 35.7708 ], [ 139.667358, 35.770623 ] ], [ [ 139.66761, 35.771184 ], [ 139.669014, 35.772515 ], [ 139.667669, 35.771274 ], [ 139.66761, 35.771184 ] ], [ [ 139.67037, 35.771862 ], [ 139.666274, 35.774041 ], [ 139.669014, 35.772515 ], [ 139.67037, 35.771862 ] ], [ [ 139.670362, 35.771838 ], [ 139.67021, 35.771716 ], [ 139.670338, 35.771765 ], [ 139.670362, 35.771838 ] ], [ [ 139.673028, 35.772494 ], [ 139.67288, 35.772445 ], [ 139.673239, 35.772351 ], [ 139.672998, 35.772437 ], [ 139.673028, 35.772494 ] ], [ [ 139.673566, 35.771538 ], [ 139.674767, 35.771769 ], [ 139.675034, 35.771934 ], [ 139.673566, 35.771538 ] ], [ [ 139.67512, 35.771987 ], [ 139.675235, 35.772058 ], [ 139.67527, 35.772267 ], [ 139.67512, 35.771987 ] ], [ [ 139.675425, 35.772557 ], [ 139.675488, 35.772571 ], [ 139.67544, 35.772585 ], [ 139.675425, 35.772557 ] ], [ [ 139.676507, 35.772283 ], [ 139.676483, 35.772215 ], [ 139.677264, 35.773216 ], [ 139.676507, 35.772283 ] ], [ [ 139.676014, 35.770918 ], [ 139.675954, 35.770751 ], [ 139.675978, 35.770654 ], [ 139.676014, 35.770918 ] ], [ [ 139.676113, 35.76988 ], [ 139.675897, 35.769888 ], [ 139.676115, 35.76987 ], [ 139.676113, 35.76988 ] ], [ [ 139.67626, 35.769205 ], [ 139.676389, 35.767797 ], [ 139.676349, 35.768793 ], [ 139.67626, 35.769205 ] ], [ [ 139.67721, 35.768932 ], [ 139.67714, 35.768941 ], [ 139.676349, 35.768793 ], [ 139.67721, 35.768932 ] ], [ [ 139.678859, 35.768835 ], [ 139.679277, 35.768807 ], [ 139.67936, 35.768867 ], [ 139.678859, 35.768835 ] ], [ [ 139.677897, 35.750788 ], [ 139.67812, 35.749894 ], [ 139.678552, 35.748748 ], [ 139.677897, 35.750788 ] ], [ [ 139.677954, 35.753073 ], [ 139.678186, 35.757529 ], [ 139.678046, 35.756063 ], [ 139.677954, 35.753073 ] ], [ [ 139.673994, 35.755076 ], [ 139.675508, 35.75472 ], [ 139.675414, 35.754784 ], [ 139.673994, 35.755076 ] ], [ [ 139.671619, 35.766465 ], [ 139.671662, 35.766446 ], [ 139.674078, 35.766099 ], [ 139.674343, 35.766113 ], [ 139.671619, 35.766465 ] ], [ [ 139.675153, 35.769512 ], [ 139.67376, 35.769481 ], [ 139.673709, 35.769454 ], [ 139.675153, 35.769512 ] ], [ [ 139.669007, 35.770641 ], [ 139.669421, 35.771081 ], [ 139.66914, 35.770855 ], [ 139.669007, 35.770641 ] ], [ [ 139.668512, 35.769631 ], [ 139.668683, 35.770124 ], [ 139.668484, 35.769805 ], [ 139.668512, 35.769631 ] ], [ [ 139.67365, 35.780459 ], [ 139.673664, 35.780458 ], [ 139.672285, 35.781033 ], [ 139.67365, 35.780459 ] ], [ [ 139.673345, 35.779022 ], [ 139.673446, 35.779225 ], [ 139.67365, 35.780459 ], [ 139.673345, 35.779022 ] ], [ [ 139.67421, 35.778159 ], [ 139.675951, 35.77717 ], [ 139.674171, 35.778213 ], [ 139.67421, 35.778159 ] ], [ [ 139.677431, 35.777927 ], [ 139.676055, 35.777815 ], [ 139.676048, 35.777768 ], [ 139.677431, 35.777927 ] ], [ [ 139.67606, 35.776804 ], [ 139.676072, 35.776764 ], [ 139.676135, 35.77672 ], [ 139.67606, 35.776804 ] ], [ [ 139.677452, 35.776416 ], [ 139.676398, 35.776537 ], [ 139.676442, 35.776507 ], [ 139.677452, 35.776416 ] ], [ [ 139.6794, 35.77026 ], [ 139.679487, 35.770804 ], [ 139.679368, 35.77049 ], [ 139.6794, 35.77026 ] ], [ [ 139.680968, 35.772116 ], [ 139.6815, 35.772813 ], [ 139.681627, 35.773101 ], [ 139.680968, 35.772116 ] ], [ [ 139.681789, 35.773469 ], [ 139.681841, 35.773587 ], [ 139.681839, 35.773683 ], [ 139.681789, 35.773469 ] ], [ [ 139.667892, 35.777305 ], [ 139.667909, 35.777285 ], [ 139.668429, 35.777479 ], [ 139.667892, 35.777305 ] ], [ [ 139.669249, 35.776851 ], [ 139.670483, 35.776053 ], [ 139.670486, 35.776062 ], [ 139.669249, 35.776851 ] ], [ [ 139.671074, 35.777301 ], [ 139.671255, 35.777504 ], [ 139.671113, 35.777388 ], [ 139.671074, 35.777301 ] ], [ [ 139.670549, 35.772408 ], [ 139.670535, 35.77266 ], [ 139.670404, 35.771966 ], [ 139.670549, 35.772408 ] ], [ [ 139.667157, 35.787456 ], [ 139.667153, 35.787456 ], [ 139.667072, 35.786812 ], [ 139.667157, 35.787456 ] ], [ [ 139.671873, 35.791634 ], [ 139.672914, 35.791397 ], [ 139.673248, 35.791379 ], [ 139.671873, 35.791634 ] ], [ [ 139.683814, 35.748085 ], [ 139.684954, 35.747933 ], [ 139.683423, 35.748207 ], [ 139.683814, 35.748085 ] ], [ [ 139.68566, 35.795204 ], [ 139.685238, 35.791239 ], [ 139.685539, 35.793668 ], [ 139.68566, 35.795204 ] ], [ [ 139.698507, 35.778898 ], [ 139.696907, 35.78 ], [ 139.69858, 35.778792 ], [ 139.698507, 35.778898 ] ], [ [ 139.697309, 35.774154 ], [ 139.694875, 35.776288 ], [ 139.697517, 35.773947 ], [ 139.697309, 35.774154 ] ], [ [ 139.696024, 35.770084 ], [ 139.697935, 35.770507 ], [ 139.697292, 35.770395 ], [ 139.696024, 35.770084 ] ], [ [ 139.6955, 35.769688 ], [ 139.695388, 35.769436 ], [ 139.696024, 35.770084 ], [ 139.6955, 35.769688 ] ], [ [ 139.693926, 35.773955 ], [ 139.695827, 35.771939 ], [ 139.697292, 35.770395 ], [ 139.693926, 35.773955 ] ], [ [ 139.69768, 35.766311 ], [ 139.697599, 35.766347 ], [ 139.697749, 35.766183 ], [ 139.69768, 35.766311 ] ], [ [ 139.698926, 35.764795 ], [ 139.698337, 35.76526 ], [ 139.698406, 35.765122 ], [ 139.698926, 35.764795 ] ], [ [ 139.697624, 35.762644 ], [ 139.697546, 35.762655 ], [ 139.696859, 35.76259 ], [ 139.697624, 35.762644 ] ], [ [ 139.697603, 35.756876 ], [ 139.694916, 35.757327 ], [ 139.693576, 35.757537 ], [ 139.697603, 35.756876 ] ], [ [ 139.689831, 35.753798 ], [ 139.692735, 35.757081 ], [ 139.692846, 35.757171 ], [ 139.692785, 35.75714 ], [ 139.689831, 35.753798 ] ], [ [ 139.69569, 35.755463 ], [ 139.696097, 35.755509 ], [ 139.698434, 35.754248 ], [ 139.69835, 35.754326 ], [ 139.695475, 35.755934 ], [ 139.695469, 35.755929 ], [ 139.696124, 35.755546 ], [ 139.69569, 35.755463 ] ], [ [ 139.6952, 35.753395 ], [ 139.695073, 35.753825 ], [ 139.695057, 35.753812 ], [ 139.6952, 35.753395 ] ], [ [ 139.692722, 35.745165 ], [ 139.692601, 35.746804 ], [ 139.6926, 35.746804 ], [ 139.692722, 35.745165 ] ], [ [ 139.683931, 35.760308 ], [ 139.682604, 35.760919 ], [ 139.682557, 35.760838 ], [ 139.683359, 35.760505 ], [ 139.683931, 35.760308 ] ], [ [ 139.684525, 35.760102 ], [ 139.68454, 35.760097 ], [ 139.684541, 35.760098 ], [ 139.684525, 35.760102 ] ], [ [ 139.690324, 35.76332 ], [ 139.695115, 35.762966 ], [ 139.694978, 35.762995 ], [ 139.691606, 35.763265 ], [ 139.686807, 35.763568 ], [ 139.686622, 35.764921 ], [ 139.686802, 35.763577 ], [ 139.686065, 35.763595 ], [ 139.686459, 35.763577 ], [ 139.690321, 35.763302 ], [ 139.689812, 35.759265 ], [ 139.690324, 35.76332 ] ], [ [ 139.689679, 35.749518 ], [ 139.689628, 35.74948 ], [ 139.689607, 35.749176 ], [ 139.689679, 35.749518 ] ], [ [ 139.690577, 35.749807 ], [ 139.689804, 35.749612 ], [ 139.689747, 35.74957 ], [ 139.690577, 35.749807 ] ], [ [ 139.687822, 35.746553 ], [ 139.6862, 35.747745 ], [ 139.687742, 35.746565 ], [ 139.687822, 35.746553 ] ], [ [ 139.682453, 35.742572 ], [ 139.682391, 35.74241 ], [ 139.682396, 35.742389 ], [ 139.682453, 35.742572 ] ], [ [ 139.68273, 35.743301 ], [ 139.682726, 35.743291 ], [ 139.68376, 35.743473 ], [ 139.68273, 35.743301 ] ], [ [ 139.68654, 35.742781 ], [ 139.686412, 35.743508 ], [ 139.68651, 35.742837 ], [ 139.68654, 35.742781 ] ], [ [ 139.682077, 35.742659 ], [ 139.681482, 35.74254 ], [ 139.681556, 35.742496 ], [ 139.682077, 35.742659 ] ], [ [ 139.690928, 35.746408 ], [ 139.691086, 35.746411 ], [ 139.691151, 35.746428 ], [ 139.690928, 35.746408 ] ], [ [ 139.690032, 35.745059 ], [ 139.68932, 35.743814 ], [ 139.690196, 35.74527 ], [ 139.690032, 35.745059 ] ], [ [ 139.688472, 35.746455 ], [ 139.689036, 35.74637 ], [ 139.689385, 35.746377 ], [ 139.688472, 35.746455 ] ], [ [ 139.686374, 35.743722 ], [ 139.685871, 35.744893 ], [ 139.686411, 35.74351 ], [ 139.686374, 35.743722 ] ], [ [ 139.686301, 35.756088 ], [ 139.68503, 35.756819 ], [ 139.687807, 35.755111 ], [ 139.686301, 35.756088 ] ], [ [ 139.689109, 35.758765 ], [ 139.689063, 35.758826 ], [ 139.687979, 35.759149 ], [ 139.68881, 35.758894 ], [ 139.689109, 35.758765 ] ], [ [ 139.690568, 35.758263 ], [ 139.689698, 35.75851 ], [ 139.690391, 35.758211 ], [ 139.690568, 35.758263 ] ], [ [ 139.687713, 35.751726 ], [ 139.687875, 35.751763 ], [ 139.68794, 35.751831 ], [ 139.687713, 35.751726 ] ], [ [ 139.685239, 35.774603 ], [ 139.686234, 35.774355 ], [ 139.686237, 35.77435 ], [ 139.686356, 35.774355 ], [ 139.685239, 35.774603 ] ], [ [ 139.689836, 35.775908 ], [ 139.689797, 35.775888 ], [ 139.688392, 35.774595 ], [ 139.689836, 35.775908 ] ], [ [ 139.690424, 35.776143 ], [ 139.69029, 35.776139 ], [ 139.690055, 35.776019 ], [ 139.690424, 35.776143 ] ], [ [ 139.683602, 35.769408 ], [ 139.683674, 35.769877 ], [ 139.68356, 35.76946 ], [ 139.683602, 35.769408 ] ], [ [ 139.683974, 35.76897 ], [ 139.683872, 35.769078 ], [ 139.683957, 35.768973 ], [ 139.683974, 35.76897 ] ], [ [ 139.68932, 35.768637 ], [ 139.68931, 35.768643 ], [ 139.688435, 35.767963 ], [ 139.68932, 35.768637 ] ], [ [ 139.693945, 35.766653 ], [ 139.693164, 35.765655 ], [ 139.693728, 35.766308 ], [ 139.693945, 35.766653 ] ], [ [ 139.682415, 35.764281 ], [ 139.684043, 35.76369 ], [ 139.684111, 35.763687 ], [ 139.682415, 35.764281 ] ], [ [ 139.694366, 35.772291 ], [ 139.693814, 35.772159 ], [ 139.693754, 35.772112 ], [ 139.694366, 35.772291 ] ], [ [ 139.68833, 35.782684 ], [ 139.690786, 35.780093 ], [ 139.688866, 35.782142 ], [ 139.686484, 35.784618 ], [ 139.686504, 35.78458 ], [ 139.68833, 35.782684 ] ], [ [ 139.691533, 35.779311 ], [ 139.691546, 35.778965 ], [ 139.691598, 35.779338 ], [ 139.690786, 35.780093 ], [ 139.691533, 35.779311 ] ], [ [ 139.702996, 35.76771 ], [ 139.701623, 35.769617 ], [ 139.699922, 35.771555 ], [ 139.702073, 35.768981 ], [ 139.703055, 35.767591 ], [ 139.702996, 35.76771 ] ], [ [ 139.701216, 35.768724 ], [ 139.701378, 35.768728 ], [ 139.702073, 35.768981 ], [ 139.701216, 35.768724 ] ], [ [ 139.700616, 35.756353 ], [ 139.700827, 35.756336 ], [ 139.700613, 35.756372 ], [ 139.700616, 35.756353 ] ], [ [ 139.701474, 35.756284 ], [ 139.701717, 35.756265 ], [ 139.70292, 35.756478 ], [ 139.701474, 35.756284 ] ], [ [ 139.703796, 35.755551 ], [ 139.704329, 35.755301 ], [ 139.704331, 35.755302 ], [ 139.703796, 35.755551 ] ], [ [ 139.703137, 35.757651 ], [ 139.704335, 35.755303 ], [ 139.704433, 35.755327 ], [ 139.703062, 35.757906 ], [ 139.703137, 35.757651 ] ], [ [ 139.70699, 35.757032 ], [ 139.706989, 35.757031 ], [ 139.708287, 35.753467 ], [ 139.708284, 35.753629 ], [ 139.70699, 35.757032 ] ], [ [ 139.708305, 35.752403 ], [ 139.708288, 35.751486 ], [ 139.708309, 35.752174 ], [ 139.708305, 35.752403 ] ], [ [ 139.709691, 35.75161 ], [ 139.708991, 35.752189 ], [ 139.711675, 35.749911 ], [ 139.711792, 35.749853 ], [ 139.709691, 35.75161 ] ], [ [ 139.712344, 35.755841 ], [ 139.712342, 35.755839 ], [ 139.715781, 35.753135 ], [ 139.715053, 35.753735 ], [ 139.712344, 35.755841 ] ], [ [ 139.701891, 35.744964 ], [ 139.699673, 35.746701 ], [ 139.6996, 35.746703 ], [ 139.701891, 35.744964 ] ], [ [ 139.703568, 35.747989 ], [ 139.70264, 35.748587 ], [ 139.703282, 35.748107 ], [ 139.703568, 35.747989 ] ], [ [ 139.704286, 35.747692 ], [ 139.707809, 35.747085 ], [ 139.703888, 35.747857 ], [ 139.704286, 35.747692 ] ], [ [ 139.703421, 35.750356 ], [ 139.701704, 35.749637 ], [ 139.701707, 35.749632 ], [ 139.703421, 35.750356 ] ], [ [ 139.708032, 35.75126 ], [ 139.705536, 35.750804 ], [ 139.703421, 35.750356 ], [ 139.708032, 35.75126 ] ], [ [ 139.714057, 35.749413 ], [ 139.711885, 35.749806 ], [ 139.712169, 35.749665 ], [ 139.714057, 35.749413 ] ], [ [ 139.715077, 35.749281 ], [ 139.714865, 35.749305 ], [ 139.714917, 35.749298 ], [ 139.715077, 35.749281 ] ], [ [ 139.702026, 35.749046 ], [ 139.702134, 35.748965 ], [ 139.701935, 35.749213 ], [ 139.702026, 35.749046 ] ], [ [ 139.699021, 35.762384 ], [ 139.698658, 35.762502 ], [ 139.698264, 35.762556 ], [ 139.699021, 35.762384 ] ], [ [ 139.700438, 35.762062 ], [ 139.700439, 35.762065 ], [ 139.700422, 35.762066 ], [ 139.700438, 35.762062 ] ], [ [ 139.702452, 35.762103 ], [ 139.701507, 35.762436 ], [ 139.70142, 35.762442 ], [ 139.702452, 35.762103 ] ], [ [ 139.70981, 35.76171 ], [ 139.709889, 35.761156 ], [ 139.709856, 35.761724 ], [ 139.70981, 35.76171 ] ], [ [ 139.710167, 35.758247 ], [ 139.711921, 35.758983 ], [ 139.711354, 35.758846 ], [ 139.710167, 35.758247 ] ], [ [ 139.7071, 35.757112 ], [ 139.707069, 35.75709 ], [ 139.708599, 35.757194 ], [ 139.7071, 35.757112 ] ], [ [ 139.71185, 35.758536 ], [ 139.711816, 35.7585 ], [ 139.713465, 35.757215 ], [ 139.71185, 35.758536 ] ], [ [ 139.703062, 35.757907 ], [ 139.702877, 35.758786 ], [ 139.7029, 35.758458 ], [ 139.703062, 35.757907 ] ], [ [ 139.703456, 35.766785 ], [ 139.703267, 35.767165 ], [ 139.703701, 35.766142 ], [ 139.703456, 35.766785 ] ] ] } },
{ "type": "Feature", "properties": { "ward": "江戸川区" }, "geometry": { "type": "Polygon", "coordinates": [ [ [ 139.870826, 35.638839 ], [ 139.86994, 35.637331 ], [ 139.86916, 35.637607 ], [ 139.869774, 35.638609 ], [ 139.869088, 35.638812 ], [ 139.867481, 35.638466 ], [ 139.864033, 35.638062 ], [ 139.859696, 35.638286 ], [ 139.855465, 35.639627 ], [ 139.853242, 35.640635 ], [ 139.851238, 35.641773 ], [ 139.849018, 35.642089 ], [ 139.849296, 35.646304 ], [ 139.845199, 35.646526 ], [ 139.845693, 35.65896 ], [ 139.846274, 35.665753 ], [ 139.846833, 35.671398 ], [ 139.847158, 35.674619 ], [ 139.848106, 35.677804 ], [ 139.848981, 35.67998 ], [ 139.846127, 35.681068 ], [ 139.845945, 35.681707 ], [ 139.846705, 35.683087 ], [ 139.846164, 35.683534 ], [ 139.847747, 35.688863 ], [ 139.848002, 35.693431 ], [ 139.847883, 35.694487 ], [ 139.847535, 35.695196 ], [ 139.845475, 35.698211 ], [ 139.844146, 35.699344 ], [ 139.842186, 35.700295 ], [ 139.837891, 35.701929 ], [ 139.83644, 35.702502 ], [ 139.835701, 35.703014 ], [ 139.835019, 35.703609 ], [ 139.834499, 35.704777 ], [ 139.834764, 35.705716 ], [ 139.836747, 35.707595 ], [ 139.839479, 35.70974 ], [ 139.83968, 35.71012 ], [ 139.839558, 35.710767 ], [ 139.838394, 35.711492 ], [ 139.836164, 35.712083 ], [ 139.835308, 35.712543 ], [ 139.834004, 35.713609 ], [ 139.833237, 35.715026 ], [ 139.833258, 35.715833 ], [ 139.833613, 35.716417 ], [ 139.834225, 35.717113 ], [ 139.835183, 35.717802 ], [ 139.836261, 35.718037 ], [ 139.837041, 35.717979 ], [ 139.838184, 35.717604 ], [ 139.839009, 35.71708 ], [ 139.842325, 35.719147 ], [ 139.844695, 35.716846 ], [ 139.848415, 35.713222 ], [ 139.849897, 35.711796 ], [ 139.850989, 35.710706 ], [ 139.854676, 35.71271 ], [ 139.855122, 35.713717 ], [ 139.855376, 35.713748 ], [ 139.855446, 35.71396 ], [ 139.85622, 35.713783 ], [ 139.856269, 35.714077 ], [ 139.85668, 35.714279 ], [ 139.858122, 35.71385 ], [ 139.858445, 35.714152 ], [ 139.858701, 35.714027 ], [ 139.858576, 35.713937 ], [ 139.858701, 35.713824 ], [ 139.859308, 35.714259 ], [ 139.859875, 35.713757 ], [ 139.860796, 35.714449 ], [ 139.861117, 35.714159 ], [ 139.862397, 35.713028 ], [ 139.862643, 35.713197 ], [ 139.862958, 35.712937 ], [ 139.863531, 35.713189 ], [ 139.863603, 35.713333 ], [ 139.86474, 35.713027 ], [ 139.864811, 35.713271 ], [ 139.866537, 35.712932 ], [ 139.866656, 35.7129 ], [ 139.866727, 35.712363 ], [ 139.867157, 35.712343 ], [ 139.86713, 35.712011 ], [ 139.867504, 35.712308 ], [ 139.867738, 35.712067 ], [ 139.868302, 35.712743 ], [ 139.868416, 35.713285 ], [ 139.868524, 35.714117 ], [ 139.868332, 35.714771 ], [ 139.866819, 35.717569 ], [ 139.866269, 35.718234 ], [ 139.866361, 35.719027 ], [ 139.867086, 35.71968 ], [ 139.867385, 35.720398 ], [ 139.867313, 35.72114 ], [ 139.868103, 35.722823 ], [ 139.868419, 35.723217 ], [ 139.869047, 35.723481 ], [ 139.86872, 35.724086 ], [ 139.869565, 35.724459 ], [ 139.869761, 35.724225 ], [ 139.870885, 35.72478 ], [ 139.870615, 35.725907 ], [ 139.869947, 35.728905 ], [ 139.870459, 35.729136 ], [ 139.870512, 35.728987 ], [ 139.871234, 35.72911 ], [ 139.871674, 35.729387 ], [ 139.87207, 35.732593 ], [ 139.872572, 35.733789 ], [ 139.872443, 35.734367 ], [ 139.872437, 35.734536 ], [ 139.872789, 35.734613 ], [ 139.873244, 35.735431 ], [ 139.874227, 35.736064 ], [ 139.873834, 35.736617 ], [ 139.873222, 35.736521 ], [ 139.873148, 35.736772 ], [ 139.872796, 35.736636 ], [ 139.872793, 35.737455 ], [ 139.87313, 35.737612 ], [ 139.873757, 35.736725 ], [ 139.874297, 35.736642 ], [ 139.874771, 35.736613 ], [ 139.87506, 35.737265 ], [ 139.876646, 35.736933 ], [ 139.876937, 35.73821 ], [ 139.876836, 35.738431 ], [ 139.877169, 35.73863 ], [ 139.876973, 35.738876 ], [ 139.877445, 35.7391 ], [ 139.877614, 35.739571 ], [ 139.877274, 35.739469 ], [ 139.877055, 35.739753 ], [ 139.877405, 35.739859 ], [ 139.877509, 35.740238 ], [ 139.876754, 35.740463 ], [ 139.876729, 35.741057 ], [ 139.87768, 35.741087 ], [ 139.878114, 35.741074 ], [ 139.88011, 35.74026 ], [ 139.880269, 35.740399 ], [ 139.880579, 35.739904 ], [ 139.879734, 35.741539 ], [ 139.881041, 35.741997 ], [ 139.880888, 35.742688 ], [ 139.881678, 35.742804 ], [ 139.881605, 35.743163 ], [ 139.881766, 35.743285 ], [ 139.882102, 35.743345 ], [ 139.882289, 35.743394 ], [ 139.882021, 35.74424 ], [ 139.88359, 35.745092 ], [ 139.884632, 35.745397 ], [ 139.884607, 35.745571 ], [ 139.884901, 35.745602 ], [ 139.88485, 35.745945 ], [ 139.885059, 35.746419 ], [ 139.885049, 35.746418 ], [ 139.884337, 35.746474 ], [ 139.884239, 35.746811 ], [ 139.883821, 35.74694 ], [ 139.883888, 35.7474 ], [ 139.882824, 35.747305 ], [ 139.883201, 35.747811 ], [ 139.883114, 35.74822 ], [ 139.882231, 35.748494 ], [ 139.881696, 35.748429 ], [ 139.881697, 35.748628 ], [ 139.881433, 35.748674 ], [ 139.881197, 35.748624 ], [ 139.88114, 35.748412 ], [ 139.880309, 35.748596 ], [ 139.88062, 35.749681 ], [ 139.882758, 35.749382 ], [ 139.883036, 35.749875 ], [ 139.88338, 35.749903 ], [ 139.883357, 35.750079 ], [ 139.884093, 35.750051 ], [ 139.884074, 35.750221 ], [ 139.884641, 35.750326 ], [ 139.884744, 35.750534 ], [ 139.88583, 35.750475 ], [ 139.885954, 35.750669 ], [ 139.889686, 35.750726 ], [ 139.891778, 35.748764 ], [ 139.893303, 35.747893 ], [ 139.894235, 35.747624 ], [ 139.896208, 35.746926 ], [ 139.898496, 35.745588 ], [ 139.899487, 35.744417 ], [ 139.900188, 35.742619 ], [ 139.900713, 35.739864 ], [ 139.90074, 35.738381 ], [ 139.900443, 35.736949 ], [ 139.899414, 35.734332 ], [ 139.898522, 35.733012 ], [ 139.897354, 35.730956 ], [ 139.897182, 35.729129 ], [ 139.897038, 35.727604 ], [ 139.897149, 35.726837 ], [ 139.897556, 35.725224 ], [ 139.897846, 35.72469 ], [ 139.899138, 35.722923 ], [ 139.899274, 35.722982 ], [ 139.900779, 35.722213 ], [ 139.90397, 35.719614 ], [ 139.905906, 35.717573 ], [ 139.907369, 35.714907 ], [ 139.908537, 35.713896 ], [ 139.90979, 35.712967 ], [ 139.912653, 35.711524 ], [ 139.913463, 35.711037 ], [ 139.914669, 35.709792 ], [ 139.915478, 35.708934 ], [ 139.918687, 35.705731 ], [ 139.916216, 35.702309 ], [ 139.916462, 35.701722 ], [ 139.916001, 35.701999 ], [ 139.916496, 35.701698 ], [ 139.917695, 35.698722 ], [ 139.917955, 35.698392 ], [ 139.917805, 35.697504 ], [ 139.917119, 35.696353 ], [ 139.916014, 35.695092 ], [ 139.915523, 35.694746 ], [ 139.915853, 35.694944 ], [ 139.915596, 35.694677 ], [ 139.916318, 35.694208 ], [ 139.915011, 35.692181 ], [ 139.91367, 35.690633 ], [ 139.911322, 35.688479 ], [ 139.909513, 35.686505 ], [ 139.909522, 35.686499 ], [ 139.907552, 35.684589 ], [ 139.905537, 35.68358 ], [ 139.903898, 35.683231 ], [ 139.895879, 35.682459 ], [ 139.894329, 35.682334 ], [ 139.892872, 35.682019 ], [ 139.889657, 35.680854 ], [ 139.886774, 35.679199 ], [ 139.886534, 35.678901 ], [ 139.886379, 35.678228 ], [ 139.886393, 35.678228 ], [ 139.885752, 35.675664 ], [ 139.88568, 35.672077 ], [ 139.885706, 35.672073 ], [ 139.885816, 35.67184 ], [ 139.887069, 35.669026 ], [ 139.88724, 35.66825 ], [ 139.88726, 35.666708 ], [ 139.886987, 35.663742 ], [ 139.887091, 35.658404 ], [ 139.887072, 35.655915 ], [ 139.886913, 35.654601 ], [ 139.886205, 35.651765 ], [ 139.88509, 35.649829 ], [ 139.883954, 35.650148 ], [ 139.88371, 35.650091 ], [ 139.883342, 35.649221 ], [ 139.882646, 35.646579 ], [ 139.881569, 35.645245 ], [ 139.879758, 35.644281 ], [ 139.876706, 35.642605 ], [ 139.87637, 35.642409 ], [ 139.8745, 35.641788 ], [ 139.872727, 35.641479 ], [ 139.872936, 35.641385 ], [ 139.873573, 35.640123 ], [ 139.870826, 35.638839 ] ], [ [ 139.848147, 35.69897 ], [ 139.846963, 35.698648 ], [ 139.845475, 35.698211 ], [ 139.848147, 35.69897 ] ], [ [ 139.849718, 35.700359 ], [ 139.850429, 35.699518 ], [ 139.849727, 35.700404 ], [ 139.850096, 35.700769 ], [ 139.849967, 35.700687 ], [ 139.848147, 35.69897 ], [ 139.849718, 35.700359 ] ], [ [ 139.871478, 35.726442 ], [ 139.871557, 35.726492 ], [ 139.870615, 35.725907 ], [ 139.871478, 35.726442 ] ], [ [ 139.875042, 35.728815 ], [ 139.873552, 35.730812 ], [ 139.87207, 35.732593 ], [ 139.875042, 35.728815 ] ], [ [ 139.874598, 35.728436 ], [ 139.875086, 35.728748 ], [ 139.875042, 35.728815 ], [ 139.874598, 35.728436 ] ], [ [ 139.877091, 35.725662 ], [ 139.876641, 35.726492 ], [ 139.877833, 35.726874 ], [ 139.876582, 35.7265 ], [ 139.875086, 35.728748 ], [ 139.877091, 35.725662 ] ], [ [ 139.879498, 35.721226 ], [ 139.880944, 35.722595 ], [ 139.883498, 35.718325 ], [ 139.883427, 35.718535 ], [ 139.8821, 35.720783 ], [ 139.880965, 35.722571 ], [ 139.882291, 35.722016 ], [ 139.880941, 35.722599 ], [ 139.883757, 35.725278 ], [ 139.879481, 35.721262 ], [ 139.877091, 35.725662 ], [ 139.879498, 35.721226 ] ], [ [ 139.877472, 35.719378 ], [ 139.873819, 35.715879 ], [ 139.871471, 35.714615 ], [ 139.873614, 35.71566 ], [ 139.867416, 35.708363 ], [ 139.869077, 35.710224 ], [ 139.869458, 35.709952 ], [ 139.869067, 35.710234 ], [ 139.873751, 35.715802 ], [ 139.877514, 35.719405 ], [ 139.879498, 35.721226 ], [ 139.877472, 35.719378 ] ], [ [ 139.870855, 35.717434 ], [ 139.871406, 35.717058 ], [ 139.873819, 35.715879 ], [ 139.870855, 35.717434 ] ], [ [ 139.864567, 35.712223 ], [ 139.866646, 35.709395 ], [ 139.867412, 35.708367 ], [ 139.860391, 35.703162 ], [ 139.867416, 35.708363 ], [ 139.864567, 35.712223 ] ], [ [ 139.872368, 35.709817 ], [ 139.876199, 35.709597 ], [ 139.876159, 35.709065 ], [ 139.876224, 35.709502 ], [ 139.878047, 35.704805 ], [ 139.877192, 35.707091 ], [ 139.875728, 35.710796 ], [ 139.876169, 35.709644 ], [ 139.869458, 35.709952 ], [ 139.872368, 35.709817 ] ], [ [ 139.875387, 35.712524 ], [ 139.875378, 35.712523 ], [ 139.875728, 35.710796 ], [ 139.875387, 35.712524 ] ], [ [ 139.881186, 35.717147 ], [ 139.880515, 35.719017 ], [ 139.879498, 35.721226 ], [ 139.881186, 35.717147 ] ], [ [ 139.915681, 35.70125 ], [ 139.915254, 35.700193 ], [ 139.915609, 35.70087 ], [ 139.916001, 35.701999 ], [ 139.915681, 35.70125 ] ], [ [ 139.915363, 35.694849 ], [ 139.915357, 35.694842 ], [ 139.915523, 35.694746 ], [ 139.915363, 35.694849 ] ], [ [ 139.882156, 35.672673 ], [ 139.876891, 35.673426 ], [ 139.88568, 35.672077 ], [ 139.882156, 35.672673 ] ], [ [ 139.874232, 35.722799 ], [ 139.875144, 35.72184 ], [ 139.874167, 35.722873 ], [ 139.874232, 35.722799 ] ], [ [ 139.875084, 35.704539 ], [ 139.875106, 35.703092 ], [ 139.875101, 35.704613 ], [ 139.875084, 35.704539 ] ], [ [ 139.870847, 35.703272 ], [ 139.868033, 35.703359 ], [ 139.870793, 35.703273 ], [ 139.876097, 35.703012 ], [ 139.876798, 35.702961 ], [ 139.875106, 35.703092 ], [ 139.870847, 35.703272 ] ], [ [ 139.877268, 35.697687 ], [ 139.878204, 35.699002 ], [ 139.877225, 35.697769 ], [ 139.874874, 35.698271 ], [ 139.877268, 35.697687 ] ], [ [ 139.876915, 35.697416 ], [ 139.875338, 35.695394 ], [ 139.877268, 35.697687 ], [ 139.876915, 35.697416 ] ], [ [ 139.871448, 35.695809 ], [ 139.873019, 35.694627 ], [ 139.87312, 35.694552 ], [ 139.871448, 35.695809 ] ], [ [ 139.870022, 35.696872 ], [ 139.867875, 35.698468 ], [ 139.871448, 35.695809 ], [ 139.870022, 35.696872 ] ], [ [ 139.867745, 35.693431 ], [ 139.867744, 35.693431 ], [ 139.867665, 35.691432 ], [ 139.86768, 35.691311 ], [ 139.867877, 35.696955 ], [ 139.867875, 35.698468 ], [ 139.867745, 35.693431 ] ], [ [ 139.871298, 35.688814 ], [ 139.871303, 35.688811 ], [ 139.871988, 35.691057 ], [ 139.872224, 35.692411 ], [ 139.871298, 35.688814 ] ], [ [ 139.875835, 35.687638 ], [ 139.876123, 35.687741 ], [ 139.874054, 35.687581 ], [ 139.875835, 35.687638 ] ], [ [ 139.876529, 35.687887 ], [ 139.87652, 35.687967 ], [ 139.876416, 35.687846 ], [ 139.876529, 35.687887 ] ], [ [ 139.877678, 35.691164 ], [ 139.877717, 35.691176 ], [ 139.875753, 35.69261 ], [ 139.877686, 35.691183 ], [ 139.876756, 35.691035 ], [ 139.877678, 35.691164 ] ], [ [ 139.882769, 35.692801 ], [ 139.882269, 35.697173 ], [ 139.882679, 35.693368 ], [ 139.882769, 35.692801 ] ], [ [ 139.882617, 35.692732 ], [ 139.886056, 35.692185 ], [ 139.885628, 35.697162 ], [ 139.886043, 35.69223 ], [ 139.882769, 35.692801 ], [ 139.882617, 35.692732 ] ], [ [ 139.885131, 35.685458 ], [ 139.887983, 35.683268 ], [ 139.885994, 35.684801 ], [ 139.883521, 35.686699 ], [ 139.885131, 35.685458 ] ], [ [ 139.893866, 35.688053 ], [ 139.894709, 35.686195 ], [ 139.893867, 35.688072 ], [ 139.887983, 35.683268 ], [ 139.893866, 35.688053 ] ], [ [ 139.881464, 35.682803 ], [ 139.881565, 35.682864 ], [ 139.881648, 35.682924 ], [ 139.881464, 35.682803 ] ], [ [ 139.882676, 35.678933 ], [ 139.883251, 35.677428 ], [ 139.88328, 35.677535 ], [ 139.883169, 35.677847 ], [ 139.884176, 35.678247 ], [ 139.883158, 35.677856 ], [ 139.882683, 35.678925 ], [ 139.881565, 35.682864 ], [ 139.882676, 35.678933 ] ], [ [ 139.879922, 35.668369 ], [ 139.881319, 35.668994 ], [ 139.882134, 35.669496 ], [ 139.879922, 35.668369 ] ], [ [ 139.882638, 35.666202 ], [ 139.885108, 35.665807 ], [ 139.881681, 35.666365 ], [ 139.882638, 35.666202 ] ], [ [ 139.879827, 35.663294 ], [ 139.8818, 35.663391 ], [ 139.881918, 35.663401 ], [ 139.879827, 35.663294 ] ], [ [ 139.881087, 35.656633 ], [ 139.880104, 35.650857 ], [ 139.881542, 35.659184 ], [ 139.881087, 35.656633 ] ], [ [ 139.879255, 35.650736 ], [ 139.879276, 35.650714 ], [ 139.880112, 35.650856 ], [ 139.880104, 35.650857 ], [ 139.879255, 35.650736 ] ], [ [ 139.882515, 35.649773 ], [ 139.883063, 35.649939 ], [ 139.882466, 35.649799 ], [ 139.882515, 35.649773 ] ], [ [ 139.872386, 35.660564 ], [ 139.873107, 35.660453 ], [ 139.881509, 35.659189 ], [ 139.87308, 35.660461 ], [ 139.872386, 35.660564 ] ], [ [ 139.865016, 35.701816 ], [ 139.865054, 35.701949 ], [ 139.865014, 35.701906 ], [ 139.865016, 35.701816 ] ], [ [ 139.86557, 35.699303 ], [ 139.865546, 35.699379 ], [ 139.865547, 35.699267 ], [ 139.86557, 35.699303 ] ], [ [ 139.863359, 35.696674 ], [ 139.863541, 35.697193 ], [ 139.863425, 35.696984 ], [ 139.863359, 35.696674 ] ], [ [ 139.863425, 35.695088 ], [ 139.863289, 35.69635 ], [ 139.863261, 35.696217 ], [ 139.863425, 35.695088 ] ], [ [ 139.868242, 35.690666 ], [ 139.867721, 35.690986 ], [ 139.867722, 35.690981 ], [ 139.868242, 35.690666 ] ], [ [ 139.86517, 35.686338 ], [ 139.865137, 35.686275 ], [ 139.867722, 35.690981 ], [ 139.86517, 35.686338 ] ], [ [ 139.864147, 35.68437 ], [ 139.865151, 35.686241 ], [ 139.869752, 35.684605 ], [ 139.865127, 35.686257 ], [ 139.863904, 35.68393 ], [ 139.864147, 35.68437 ] ], [ [ 139.867677, 35.68155 ], [ 139.87052, 35.679253 ], [ 139.868175, 35.681163 ], [ 139.864147, 35.68437 ], [ 139.867677, 35.68155 ] ], [ [ 139.869199, 35.679154 ], [ 139.871219, 35.679251 ], [ 139.87052, 35.679253 ], [ 139.869199, 35.679154 ] ], [ [ 139.866014, 35.677542 ], [ 139.864591, 35.678585 ], [ 139.864986, 35.678231 ], [ 139.866014, 35.677542 ] ], [ [ 139.858533, 35.67003 ], [ 139.863376, 35.674177 ], [ 139.86651, 35.676871 ], [ 139.860788, 35.671965 ], [ 139.858533, 35.67003 ] ], [ [ 139.869775, 35.674791 ], [ 139.867379, 35.671762 ], [ 139.867056, 35.671342 ], [ 139.869775, 35.674791 ] ], [ [ 139.870772, 35.674352 ], [ 139.871771, 35.674078 ], [ 139.871754, 35.674186 ], [ 139.870974, 35.674301 ], [ 139.869775, 35.674791 ], [ 139.870772, 35.674352 ] ], [ [ 139.864479, 35.664252 ], [ 139.86451, 35.664249 ], [ 139.86601, 35.668312 ], [ 139.864896, 35.665346 ], [ 139.864479, 35.664252 ] ], [ [ 139.867519, 35.663996 ], [ 139.867539, 35.664086 ], [ 139.86451, 35.664249 ], [ 139.867519, 35.663996 ] ], [ [ 139.872776, 35.655981 ], [ 139.872792, 35.655986 ], [ 139.872681, 35.655976 ], [ 139.872776, 35.655981 ] ], [ [ 139.871795, 35.647221 ], [ 139.871761, 35.647388 ], [ 139.875882, 35.647029 ], [ 139.875888, 35.647083 ], [ 139.871722, 35.647448 ], [ 139.871795, 35.647221 ] ], [ [ 139.86735, 35.649029 ], [ 139.871589, 35.647197 ], [ 139.871795, 35.647221 ], [ 139.86735, 35.649029 ] ], [ [ 139.872548, 35.652459 ], [ 139.872116, 35.652508 ], [ 139.872017, 35.652441 ], [ 139.872548, 35.652459 ] ], [ [ 139.855957, 35.691964 ], [ 139.854946, 35.689194 ], [ 139.855949, 35.691936 ], [ 139.855957, 35.691964 ] ], [ [ 139.86335, 35.650892 ], [ 139.862919, 35.650053 ], [ 139.863336, 35.650755 ], [ 139.86335, 35.650892 ] ], [ [ 139.852405, 35.66543 ], [ 139.852392, 35.665437 ], [ 139.85193, 35.665414 ], [ 139.852405, 35.66543 ] ], [ [ 139.854561, 35.664217 ], [ 139.852925, 35.665144 ], [ 139.852683, 35.665277 ], [ 139.854561, 35.664217 ] ], [ [ 139.858528, 35.670031 ], [ 139.858514, 35.670043 ], [ 139.856954, 35.670283 ], [ 139.858528, 35.670031 ] ], [ [ 139.857502, 35.65936 ], [ 139.857725, 35.65886 ], [ 139.857829, 35.658735 ], [ 139.857502, 35.65936 ] ], [ [ 139.858097, 35.658223 ], [ 139.858042, 35.658328 ], [ 139.858015, 35.657321 ], [ 139.858097, 35.658223 ] ], [ [ 139.856249, 35.646948 ], [ 139.849711, 35.647306 ], [ 139.858545, 35.646753 ], [ 139.858548, 35.646755 ], [ 139.856249, 35.646948 ] ], [ [ 139.858288, 35.654466 ], [ 139.858088, 35.651946 ], [ 139.858293, 35.654468 ], [ 139.858288, 35.654466 ] ], [ [ 139.859074, 35.654812 ], [ 139.86107, 35.654413 ], [ 139.859065, 35.654825 ], [ 139.859074, 35.654812 ] ], [ [ 139.8638, 35.661853 ], [ 139.858484, 35.662605 ], [ 139.858497, 35.6626 ], [ 139.8638, 35.661853 ] ], [ [ 139.856533, 35.662509 ], [ 139.857193, 35.660054 ], [ 139.857204, 35.660028 ], [ 139.856533, 35.662509 ] ], [ [ 139.856968, 35.663032 ], [ 139.856887, 35.663058 ], [ 139.856818, 35.663109 ], [ 139.856882, 35.66297 ], [ 139.856533, 35.662509 ], [ 139.856968, 35.663032 ] ], [ [ 139.85929, 35.666327 ], [ 139.859287, 35.666323 ], [ 139.85913, 35.665552 ], [ 139.85929, 35.666327 ] ], [ [ 139.862012, 35.680504 ], [ 139.863309, 35.682853 ], [ 139.861979, 35.680498 ], [ 139.862007, 35.680494 ], [ 139.862012, 35.680504 ] ], [ [ 139.852135, 35.674433 ], [ 139.852631, 35.674561 ], [ 139.852713, 35.674682 ], [ 139.852135, 35.674433 ] ], [ [ 139.852848, 35.674741 ], [ 139.852994, 35.674563 ], [ 139.852911, 35.674768 ], [ 139.852848, 35.674741 ] ], [ [ 139.853788, 35.67337 ], [ 139.858443, 35.670099 ], [ 139.857163, 35.671111 ], [ 139.853788, 35.67337 ] ], [ [ 139.853676, 35.687043 ], [ 139.863701, 35.683578 ], [ 139.857651, 35.685766 ], [ 139.853676, 35.687043 ] ], [ [ 139.858656, 35.708262 ], [ 139.858688, 35.708344 ], [ 139.858485, 35.708186 ], [ 139.858656, 35.708262 ] ], [ [ 139.858925, 35.708945 ], [ 139.859002, 35.709138 ], [ 139.858993, 35.709141 ], [ 139.860181, 35.71347 ], [ 139.858925, 35.708945 ] ], [ [ 139.856193, 35.702478 ], [ 139.856059, 35.702784 ], [ 139.856654, 35.701019 ], [ 139.856193, 35.702478 ] ], [ [ 139.863291, 35.694689 ], [ 139.863308, 35.694741 ], [ 139.863207, 35.694663 ], [ 139.863291, 35.694689 ] ], [ [ 139.856871, 35.698428 ], [ 139.856873, 35.695924 ], [ 139.856944, 35.69756 ], [ 139.856871, 35.698428 ] ], [ [ 139.862889, 35.694635 ], [ 139.862981, 35.694594 ], [ 139.863092, 35.694628 ], [ 139.862889, 35.694635 ] ], [ [ 139.851182, 35.69772 ], [ 139.851093, 35.697658 ], [ 139.851414, 35.697803 ], [ 139.851182, 35.69772 ] ], [ [ 139.852501, 35.698194 ], [ 139.852323, 35.69813 ], [ 139.852665, 35.698212 ], [ 139.852501, 35.698194 ] ], [ [ 139.839451, 35.704242 ], [ 139.840741, 35.705539 ], [ 139.839518, 35.704342 ], [ 139.839451, 35.704242 ] ], [ [ 139.841683, 35.70625 ], [ 139.842638, 35.706804 ], [ 139.843408, 35.707334 ], [ 139.841683, 35.70625 ] ], [ [ 139.865991, 35.654671 ], [ 139.865948, 35.654679 ], [ 139.863645, 35.653874 ], [ 139.865991, 35.654671 ] ], [ [ 139.86893, 35.644158 ], [ 139.86897, 35.644127 ], [ 139.868994, 35.644188 ], [ 139.86893, 35.644158 ] ], [ [ 139.866103, 35.65465 ], [ 139.866621, 35.654299 ], [ 139.866277, 35.654617 ], [ 139.866103, 35.65465 ] ], [ [ 139.866664, 35.65237 ], [ 139.866716, 35.653022 ], [ 139.866621, 35.654299 ], [ 139.866664, 35.65237 ] ], [ [ 139.871563, 35.652425 ], [ 139.871598, 35.652426 ], [ 139.866716, 35.653022 ], [ 139.871563, 35.652425 ] ], [ [ 139.865513, 35.649361 ], [ 139.867225, 35.64908 ], [ 139.866903, 35.649211 ], [ 139.865513, 35.649361 ] ], [ [ 139.866605, 35.651634 ], [ 139.866515, 35.651504 ], [ 139.8666, 35.651569 ], [ 139.866605, 35.651634 ] ], [ [ 139.869134, 35.659332 ], [ 139.870981, 35.660504 ], [ 139.867905, 35.658669 ], [ 139.869134, 35.659332 ] ], [ [ 139.867251, 35.654547 ], [ 139.868835, 35.654749 ], [ 139.86891, 35.654805 ], [ 139.868439, 35.654704 ], [ 139.867433, 35.654619 ], [ 139.867251, 35.654547 ] ], [ [ 139.869749, 35.655429 ], [ 139.869582, 35.655347 ], [ 139.869452, 35.655208 ], [ 139.869749, 35.655429 ] ], [ [ 139.870593, 35.655793 ], [ 139.870471, 35.655782 ], [ 139.87037, 35.655733 ], [ 139.870593, 35.655793 ] ], [ [ 139.871609, 35.668073 ], [ 139.866349, 35.668862 ], [ 139.868902, 35.668477 ], [ 139.873612, 35.66774 ], [ 139.871609, 35.668073 ] ], [ [ 139.875449, 35.670935 ], [ 139.876864, 35.67343 ], [ 139.873612, 35.66774 ], [ 139.875449, 35.670935 ] ], [ [ 139.875178, 35.676432 ], [ 139.870815, 35.676376 ], [ 139.875235, 35.676419 ], [ 139.879113, 35.677531 ], [ 139.875178, 35.676432 ] ], [ [ 139.867662, 35.664079 ], [ 139.868021, 35.66396 ], [ 139.87334, 35.66375 ], [ 139.867662, 35.664079 ] ], [ [ 139.875032, 35.683507 ], [ 139.872041, 35.684162 ], [ 139.872046, 35.684185 ], [ 139.871774, 35.684197 ], [ 139.87206, 35.684139 ], [ 139.875032, 35.683507 ] ], [ [ 139.87492, 35.683169 ], [ 139.875044, 35.683524 ], [ 139.875032, 35.683507 ], [ 139.87492, 35.683169 ] ], [ [ 139.874653, 35.682405 ], [ 139.873752, 35.680897 ], [ 139.874563, 35.682146 ], [ 139.874653, 35.682405 ] ], [ [ 139.871799, 35.679279 ], [ 139.871918, 35.679285 ], [ 139.8721, 35.679601 ], [ 139.871799, 35.679279 ] ], [ [ 139.872046, 35.680064 ], [ 139.871896, 35.680704 ], [ 139.8721, 35.679601 ], [ 139.872046, 35.680064 ] ], [ [ 139.871758, 35.681455 ], [ 139.871816, 35.682155 ], [ 139.871741, 35.681545 ], [ 139.871758, 35.681455 ] ], [ [ 139.877655, 35.668713 ], [ 139.878956, 35.668227 ], [ 139.879071, 35.668244 ], [ 139.877655, 35.668713 ] ], [ [ 139.881401, 35.683321 ], [ 139.881437, 35.683438 ], [ 139.881132, 35.683143 ], [ 139.881681, 35.683417 ], [ 139.881401, 35.683321 ] ], [ [ 139.875322, 35.683756 ], [ 139.876042, 35.684924 ], [ 139.875121, 35.683632 ], [ 139.875322, 35.683756 ] ], [ [ 139.868888, 35.71357 ], [ 139.86969, 35.713616 ], [ 139.868969, 35.713619 ], [ 139.868888, 35.71357 ] ], [ [ 139.884337, 35.724807 ], [ 139.885683, 35.722716 ], [ 139.888589, 35.719578 ], [ 139.885739, 35.722657 ], [ 139.884337, 35.724807 ] ], [ [ 139.886712, 35.723919 ], [ 139.886604, 35.723845 ], [ 139.885739, 35.722657 ], [ 139.886712, 35.723919 ] ], [ [ 139.887014, 35.724125 ], [ 139.886926, 35.724065 ], [ 139.887454, 35.724211 ], [ 139.887014, 35.724125 ] ], [ [ 139.891964, 35.717378 ], [ 139.891702, 35.717571 ], [ 139.889414, 35.723833 ], [ 139.891696, 35.717574 ], [ 139.891964, 35.717378 ] ], [ [ 139.891559, 35.71739 ], [ 139.891671, 35.717539 ], [ 139.892562, 35.715328 ], [ 139.891696, 35.717574 ], [ 139.891559, 35.71739 ] ], [ [ 139.892244, 35.710654 ], [ 139.89464, 35.710273 ], [ 139.894132, 35.711434 ], [ 139.894586, 35.710308 ], [ 139.892244, 35.710654 ] ], [ [ 139.892223, 35.710719 ], [ 139.892236, 35.710627 ], [ 139.892244, 35.710654 ], [ 139.892223, 35.710719 ] ], [ [ 139.900424, 35.709465 ], [ 139.900989, 35.709445 ], [ 139.898663, 35.70973 ], [ 139.89464, 35.710273 ], [ 139.900424, 35.709465 ] ], [ [ 139.896928, 35.704255 ], [ 139.896303, 35.705886 ], [ 139.897167, 35.703608 ], [ 139.896928, 35.704255 ] ], [ [ 139.892923, 35.701917 ], [ 139.893626, 35.705095 ], [ 139.89327, 35.703557 ], [ 139.892923, 35.701917 ] ], [ [ 139.891199, 35.70203 ], [ 139.890247, 35.702091 ], [ 139.884794, 35.702415 ], [ 139.892923, 35.701917 ], [ 139.891199, 35.70203 ] ], [ [ 139.883802, 35.707525 ], [ 139.884792, 35.702391 ], [ 139.885554, 35.697783 ], [ 139.884794, 35.702415 ], [ 139.883802, 35.707525 ] ], [ [ 139.88291, 35.711534 ], [ 139.882793, 35.711958 ], [ 139.883802, 35.707525 ], [ 139.88291, 35.711534 ] ], [ [ 139.881698, 35.70263 ], [ 139.879679, 35.702742 ], [ 139.881779, 35.702576 ], [ 139.884792, 35.702391 ], [ 139.881698, 35.70263 ] ], [ [ 139.897197, 35.701694 ], [ 139.897576, 35.701752 ], [ 139.892923, 35.701917 ], [ 139.897197, 35.701694 ] ], [ [ 139.8943, 35.69686 ], [ 139.894281, 35.696853 ], [ 139.894859, 35.695743 ], [ 139.8943, 35.69686 ] ], [ [ 139.892283, 35.697551 ], [ 139.890935, 35.693715 ], [ 139.891074, 35.693991 ], [ 139.892283, 35.697551 ] ], [ [ 139.882485, 35.713079 ], [ 139.881898, 35.71521 ], [ 139.881881, 35.715207 ], [ 139.881326, 35.716754 ], [ 139.882485, 35.713079 ] ], [ [ 139.88006, 35.695423 ], [ 139.880551, 35.694751 ], [ 139.880581, 35.694797 ], [ 139.88006, 35.695423 ] ], [ [ 139.879194, 35.695877 ], [ 139.879215, 35.695861 ], [ 139.879217, 35.695891 ], [ 139.879194, 35.695877 ] ], [ [ 139.880212, 35.696522 ], [ 139.879544, 35.696099 ], [ 139.880627, 35.696621 ], [ 139.880212, 35.696522 ] ], [ [ 139.879322, 35.711971 ], [ 139.879338, 35.711973 ], [ 139.879064, 35.713091 ], [ 139.879062, 35.713091 ], [ 139.880392, 35.707303 ], [ 139.879322, 35.711971 ] ], [ [ 139.888937, 35.711124 ], [ 139.886823, 35.71124 ], [ 139.892211, 35.710757 ], [ 139.888937, 35.711124 ] ], [ [ 139.889011, 35.706151 ], [ 139.889023, 35.70615 ], [ 139.890381, 35.706454 ], [ 139.889011, 35.706151 ] ], [ [ 139.891428, 35.707853 ], [ 139.89156, 35.708306 ], [ 139.891395, 35.707811 ], [ 139.891428, 35.707853 ] ], [ [ 139.883867, 35.711694 ], [ 139.885021, 35.711402 ], [ 139.885573, 35.711352 ], [ 139.883867, 35.711694 ] ], [ [ 139.884179, 35.718288 ], [ 139.884227, 35.718272 ], [ 139.885768, 35.718113 ], [ 139.884179, 35.718288 ] ], [ [ 139.887149, 35.71765 ], [ 139.887338, 35.717587 ], [ 139.889071, 35.717226 ], [ 139.887149, 35.71765 ] ], [ [ 139.889566, 35.718973 ], [ 139.889904, 35.717875 ], [ 139.890316, 35.716621 ], [ 139.89042, 35.716302 ], [ 139.889566, 35.718973 ] ], [ [ 139.888412, 35.71848 ], [ 139.888321, 35.718554 ], [ 139.887015, 35.718851 ], [ 139.888412, 35.71848 ] ], [ [ 139.888476, 35.717942 ], [ 139.888617, 35.718313 ], [ 139.888526, 35.718387 ], [ 139.888476, 35.717942 ] ], [ [ 139.885922, 35.719297 ], [ 139.887013, 35.719102 ], [ 139.88581, 35.719341 ], [ 139.885922, 35.719297 ] ], [ [ 139.884531, 35.731214 ], [ 139.886357, 35.727731 ], [ 139.88308, 35.734209 ], [ 139.883079, 35.734208 ], [ 139.884531, 35.731214 ] ], [ [ 139.883777, 35.725275 ], [ 139.887555, 35.728863 ], [ 139.886357, 35.727731 ], [ 139.883777, 35.725275 ] ], [ [ 139.889828, 35.731033 ], [ 139.889432, 35.730663 ], [ 139.887555, 35.728863 ], [ 139.889828, 35.731033 ] ], [ [ 139.894019, 35.734927 ], [ 139.89312, 35.734109 ], [ 139.889828, 35.731033 ], [ 139.894019, 35.734927 ] ], [ [ 139.878858, 35.734561 ], [ 139.884373, 35.73619 ], [ 139.882461, 35.735628 ], [ 139.880434, 35.735039 ], [ 139.878847, 35.734561 ], [ 139.878858, 35.734561 ] ], [ [ 139.882047, 35.727377 ], [ 139.882594, 35.726233 ], [ 139.881825, 35.728114 ], [ 139.882047, 35.727377 ] ], [ [ 139.881454, 35.731113 ], [ 139.881453, 35.731039 ], [ 139.881789, 35.732446 ], [ 139.881454, 35.731113 ] ], [ [ 139.881748, 35.728371 ], [ 139.881445, 35.730585 ], [ 139.881442, 35.730437 ], [ 139.881718, 35.728471 ], [ 139.881748, 35.728371 ] ], [ [ 139.882168, 35.733704 ], [ 139.880416, 35.732502 ], [ 139.88242, 35.733843 ], [ 139.882168, 35.733704 ] ], [ [ 139.881551, 35.738025 ], [ 139.881886, 35.737324 ], [ 139.881835, 35.737476 ], [ 139.881551, 35.738025 ] ], [ [ 139.897493, 35.684309 ], [ 139.896936, 35.684185 ], [ 139.896868, 35.68412 ], [ 139.897493, 35.684309 ] ], [ [ 139.88929, 35.682305 ], [ 139.889639, 35.682094 ], [ 139.889664, 35.68224 ], [ 139.88929, 35.682305 ] ], [ [ 139.884735, 35.736296 ], [ 139.889136, 35.737497 ], [ 139.888901, 35.737505 ], [ 139.884735, 35.736296 ] ], [ [ 139.903417, 35.707662 ], [ 139.895904, 35.706939 ], [ 139.898539, 35.707177 ], [ 139.898536, 35.707186 ], [ 139.903417, 35.707662 ] ], [ [ 139.9053, 35.704132 ], [ 139.903411, 35.707694 ], [ 139.903417, 35.707662 ], [ 139.9053, 35.704132 ] ], [ [ 139.901455, 35.702706 ], [ 139.901455, 35.702705 ], [ 139.905351, 35.704046 ], [ 139.905384, 35.703983 ], [ 139.905308, 35.704135 ], [ 139.9053, 35.704132 ], [ 139.901455, 35.702706 ] ], [ [ 139.903007, 35.710425 ], [ 139.903091, 35.709372 ], [ 139.903411, 35.707694 ], [ 139.903007, 35.710425 ] ], [ [ 139.891373, 35.728248 ], [ 139.891672, 35.727541 ], [ 139.891627, 35.727755 ], [ 139.891373, 35.728248 ] ], [ [ 139.891771, 35.727067 ], [ 139.89185, 35.726511 ], [ 139.891876, 35.726566 ], [ 139.891771, 35.727067 ] ], [ [ 139.891457, 35.723914 ], [ 139.891268, 35.723886 ], [ 139.891538, 35.723894 ], [ 139.891457, 35.723914 ] ], [ [ 139.891295, 35.735907 ], [ 139.890978, 35.735996 ], [ 139.889911, 35.73605 ], [ 139.891295, 35.735907 ] ], [ [ 139.893732, 35.735054 ], [ 139.892585, 35.735543 ], [ 139.891631, 35.735812 ], [ 139.893732, 35.735054 ] ], [ [ 139.887624, 35.736008 ], [ 139.887536, 35.735984 ], [ 139.889522, 35.73607 ], [ 139.888852, 35.736104 ], [ 139.887624, 35.736008 ] ], [ [ 139.893993, 35.744793 ], [ 139.893901, 35.744851 ], [ 139.894847, 35.743215 ], [ 139.893993, 35.744793 ] ], [ [ 139.891854, 35.741898 ], [ 139.891646, 35.742437 ], [ 139.891812, 35.741997 ], [ 139.892014, 35.739862 ], [ 139.891854, 35.741898 ] ], [ [ 139.88903, 35.739425 ], [ 139.89081, 35.739039 ], [ 139.887424, 35.739861 ], [ 139.88783, 35.739688 ], [ 139.88903, 35.739425 ] ], [ [ 139.885049, 35.741343 ], [ 139.8867, 35.74017 ], [ 139.887051, 35.74002 ], [ 139.885049, 35.741343 ] ], [ [ 139.888764, 35.742097 ], [ 139.888765, 35.742103 ], [ 139.884769, 35.741541 ], [ 139.888764, 35.742097 ] ], [ [ 139.905449, 35.699482 ], [ 139.906328, 35.697721 ], [ 139.906369, 35.697703 ], [ 139.905449, 35.699482 ] ], [ [ 139.912029, 35.698379 ], [ 139.910555, 35.695824 ], [ 139.910359, 35.695566 ], [ 139.910859, 35.696204 ], [ 139.912029, 35.698379 ] ], [ [ 139.9026, 35.68951 ], [ 139.900834, 35.691574 ], [ 139.902536, 35.689476 ], [ 139.902473, 35.68943 ], [ 139.903831, 35.690062 ], [ 139.904015, 35.690185 ], [ 139.9026, 35.68951 ] ], [ [ 139.905526, 35.691203 ], [ 139.905002, 35.690841 ], [ 139.905482, 35.69116 ], [ 139.905526, 35.691203 ] ], [ [ 139.908973, 35.687678 ], [ 139.909357, 35.688682 ], [ 139.908984, 35.687816 ], [ 139.908973, 35.687678 ] ], [ [ 139.909039, 35.687418 ], [ 139.908962, 35.687522 ], [ 139.908914, 35.6869 ], [ 139.909039, 35.687418 ] ], [ [ 139.898973, 35.68885 ], [ 139.89972, 35.687419 ], [ 139.899608, 35.687808 ], [ 139.898973, 35.68885 ] ], [ [ 139.901181, 35.688481 ], [ 139.901289, 35.688527 ], [ 139.901526, 35.688734 ], [ 139.901181, 35.688481 ] ], [ [ 139.898572, 35.685522 ], [ 139.897794, 35.684926 ], [ 139.898513, 35.685451 ], [ 139.898572, 35.685522 ] ], [ [ 139.899099, 35.686177 ], [ 139.898877, 35.685892 ], [ 139.899099, 35.686161 ], [ 139.899099, 35.686177 ] ], [ [ 139.906287, 35.691958 ], [ 139.907918, 35.693225 ], [ 139.90782, 35.69317 ], [ 139.906287, 35.691958 ] ], [ [ 139.908295, 35.693435 ], [ 139.908899, 35.693707 ], [ 139.90899, 35.693822 ], [ 139.908295, 35.693435 ] ], [ [ 139.910015, 35.691239 ], [ 139.910043, 35.691344 ], [ 139.90943, 35.690001 ], [ 139.910015, 35.691239 ] ], [ [ 139.910336, 35.692428 ], [ 139.910344, 35.69255 ], [ 139.910165, 35.691794 ], [ 139.910336, 35.692428 ] ], [ [ 139.903723, 35.694113 ], [ 139.903522, 35.694308 ], [ 139.902259, 35.695026 ], [ 139.900808, 35.696084 ], [ 139.902245, 35.695033 ], [ 139.903723, 35.694113 ] ], [ [ 139.899594, 35.697443 ], [ 139.897813, 35.696332 ], [ 139.900051, 35.697613 ], [ 139.899589, 35.697451 ], [ 139.899594, 35.697443 ] ], [ [ 139.900097, 35.702445 ], [ 139.898185, 35.701845 ], [ 139.898474, 35.701889 ], [ 139.900097, 35.702445 ] ], [ [ 139.90829, 35.705205 ], [ 139.909696, 35.702462 ], [ 139.909199, 35.703435 ], [ 139.90829, 35.705205 ] ], [ [ 139.908907, 35.705457 ], [ 139.905315, 35.704138 ], [ 139.90829, 35.705205 ], [ 139.908907, 35.705457 ] ], [ [ 139.913176, 35.701686 ], [ 139.913002, 35.70141 ], [ 139.912996, 35.701375 ], [ 139.913176, 35.701686 ] ], [ [ 139.909367, 35.705646 ], [ 139.912171, 35.707253 ], [ 139.909267, 35.705605 ], [ 139.909367, 35.705646 ] ], [ [ 139.897158, 35.71357 ], [ 139.89417, 35.712884 ], [ 139.894209, 35.712778 ], [ 139.897198, 35.71358 ], [ 139.899473, 35.714193 ], [ 139.897158, 35.71357 ] ], [ [ 139.894313, 35.720992 ], [ 139.894468, 35.721093 ], [ 139.894358, 35.721051 ], [ 139.894313, 35.720992 ] ], [ [ 139.894986, 35.721294 ], [ 139.896519, 35.721791 ], [ 139.898655, 35.722714 ], [ 139.894986, 35.721294 ] ], [ [ 139.8957, 35.723749 ], [ 139.894266, 35.723426 ], [ 139.894454, 35.723421 ], [ 139.8957, 35.723749 ] ] ] } },
{ "type": "Feature", "properties": { "ward": "江東区" }, "geometry": { "type": "MultiPolygon", "coordinates": [ [ [ [ 139.771081, 35.623516 ], [ 139.774281, 35.625782 ], [ 139.781611, 35.629753 ], [ 139.782035, 35.629219 ], [ 139.784283, 35.630388 ], [ 139.783515, 35.631337 ], [ 139.781891, 35.633335 ], [ 139.778686, 35.63728 ], [ 139.781305, 35.638814 ], [ 139.782034, 35.638526 ], [ 139.782709, 35.637637 ], [ 139.783655, 35.638188 ], [ 139.783771, 35.639088 ], [ 139.794644, 35.644964 ], [ 139.795954, 35.643356 ], [ 139.797666, 35.644236 ], [ 139.798087, 35.644717 ], [ 139.797681, 35.647759 ], [ 139.798816, 35.648618 ], [ 139.798425, 35.64899 ], [ 139.798136, 35.648798 ], [ 139.798043, 35.648887 ], [ 139.798428, 35.64915 ], [ 139.798976, 35.64866 ], [ 139.800925, 35.649917 ], [ 139.800209, 35.650658 ], [ 139.800337, 35.650744 ], [ 139.798231, 35.649356 ], [ 139.798311, 35.649217 ], [ 139.79812, 35.649074 ], [ 139.797705, 35.649059 ], [ 139.796732, 35.648424 ], [ 139.793998, 35.651209 ], [ 139.792982, 35.649922 ], [ 139.79466, 35.648265 ], [ 139.794263, 35.647347 ], [ 139.779958, 35.639757 ], [ 139.779046, 35.63968 ], [ 139.776526, 35.642146 ], [ 139.782812, 35.646416 ], [ 139.782639, 35.646654 ], [ 139.790029, 35.651632 ], [ 139.790267, 35.651357 ], [ 139.791107, 35.651912 ], [ 139.791085, 35.651934 ], [ 139.792545, 35.652917 ], [ 139.790926, 35.654475 ], [ 139.790908, 35.654612 ], [ 139.791152, 35.654747 ], [ 139.790855, 35.654947 ], [ 139.790952, 35.655202 ], [ 139.790796, 35.655423 ], [ 139.790319, 35.658904 ], [ 139.790058, 35.660798 ], [ 139.793376, 35.66306 ], [ 139.793472, 35.662982 ], [ 139.794319, 35.663651 ], [ 139.794346, 35.663673 ], [ 139.79154, 35.666038 ], [ 139.791259, 35.666382 ], [ 139.791587, 35.666206 ], [ 139.79168, 35.666248 ], [ 139.791441, 35.666428 ], [ 139.791678, 35.666269 ], [ 139.79181, 35.66639 ], [ 139.79168, 35.666531 ], [ 139.791846, 35.66639 ], [ 139.791974, 35.666488 ], [ 139.791304, 35.667044 ], [ 139.790923, 35.666739 ], [ 139.791162, 35.666467 ], [ 139.789456, 35.667772 ], [ 139.789077, 35.667488 ], [ 139.78896, 35.666948 ], [ 139.788863, 35.667476 ], [ 139.788798, 35.667964 ], [ 139.789041, 35.667753 ], [ 139.789402, 35.668029 ], [ 139.788762, 35.670021 ], [ 139.788165, 35.672806 ], [ 139.788373, 35.673115 ], [ 139.788925, 35.673046 ], [ 139.78894, 35.673035 ], [ 139.78881, 35.673143 ], [ 139.788928, 35.673245 ], [ 139.78833, 35.674603 ], [ 139.788484, 35.675985 ], [ 139.787521, 35.676191 ], [ 139.787559, 35.676299 ], [ 139.787868, 35.677137 ], [ 139.789055, 35.678838 ], [ 139.790682, 35.68103 ], [ 139.7941, 35.679647 ], [ 139.795728, 35.678984 ], [ 139.793921, 35.679721 ], [ 139.790668, 35.681047 ], [ 139.792674, 35.683368 ], [ 139.793176, 35.685087 ], [ 139.793078, 35.686115 ], [ 139.791849, 35.687722 ], [ 139.790419, 35.689205 ], [ 139.792639, 35.690336 ], [ 139.793927, 35.68848 ], [ 139.792416, 35.690661 ], [ 139.79343, 35.690709 ], [ 139.793486, 35.690175 ], [ 139.794924, 35.6903 ], [ 139.794976, 35.689809 ], [ 139.796356, 35.689913 ], [ 139.796694, 35.688695 ], [ 139.796639, 35.688225 ], [ 139.796724, 35.68823 ], [ 139.796695, 35.688573 ], [ 139.798139, 35.689278 ], [ 139.799566, 35.689928 ], [ 139.800594, 35.688194 ], [ 139.800257, 35.688167 ], [ 139.80337, 35.688299 ], [ 139.804685, 35.688349 ], [ 139.804823, 35.686685 ], [ 139.806154, 35.686751 ], [ 139.809547, 35.686914 ], [ 139.809824, 35.684374 ], [ 139.809521, 35.687175 ], [ 139.809377, 35.688607 ], [ 139.811721, 35.688768 ], [ 139.811561, 35.690315 ], [ 139.811357, 35.692085 ], [ 139.813314, 35.692198 ], [ 139.813254, 35.69297 ], [ 139.815319, 35.69308 ], [ 139.819735, 35.693317 ], [ 139.819447, 35.696903 ], [ 139.819127, 35.701426 ], [ 139.818718, 35.707854 ], [ 139.819041, 35.70788 ], [ 139.825888, 35.705174 ], [ 139.829378, 35.703836 ], [ 139.830852, 35.702929 ], [ 139.833042, 35.702885 ], [ 139.835627, 35.703069 ], [ 139.838023, 35.701868 ], [ 139.842032, 35.700372 ], [ 139.844396, 35.699177 ], [ 139.845554, 35.69812 ], [ 139.847098, 35.696006 ], [ 139.847803, 35.694714 ], [ 139.848003, 35.693641 ], [ 139.848012, 35.692453 ], [ 139.847711, 35.68867 ], [ 139.847051, 35.686565 ], [ 139.846164, 35.683534 ], [ 139.846705, 35.683087 ], [ 139.845957, 35.681727 ], [ 139.845953, 35.681728 ], [ 139.846127, 35.681068 ], [ 139.848981, 35.67998 ], [ 139.847793, 35.676972 ], [ 139.847324, 35.675456 ], [ 139.847111, 35.674138 ], [ 139.846618, 35.669159 ], [ 139.846273, 35.66574 ], [ 139.845693, 35.65896 ], [ 139.845351, 35.649326 ], [ 139.840802, 35.649461 ], [ 139.838205, 35.651132 ], [ 139.837934, 35.650882 ], [ 139.837452, 35.650335 ], [ 139.841435, 35.647651 ], [ 139.840215, 35.633758 ], [ 139.836682, 35.63349 ], [ 139.836411, 35.631628 ], [ 139.83973, 35.632103 ], [ 139.84008, 35.631964 ], [ 139.838639, 35.614327 ], [ 139.83556, 35.6126 ], [ 139.83126, 35.617828 ], [ 139.830683, 35.618672 ], [ 139.832296, 35.619545 ], [ 139.831054, 35.620942 ], [ 139.829347, 35.619773 ], [ 139.827518, 35.619635 ], [ 139.827471, 35.619914 ], [ 139.82736, 35.619901 ], [ 139.826991, 35.622227 ], [ 139.825669, 35.630561 ], [ 139.835529, 35.631521 ], [ 139.835677, 35.633403 ], [ 139.821302, 35.631757 ], [ 139.821068, 35.633386 ], [ 139.822891, 35.633537 ], [ 139.822844, 35.633934 ], [ 139.822806, 35.634265 ], [ 139.821146, 35.63413 ], [ 139.820552, 35.638864 ], [ 139.822916, 35.641364 ], [ 139.822823, 35.642113 ], [ 139.824119, 35.642218 ], [ 139.824224, 35.642647 ], [ 139.82433, 35.643077 ], [ 139.822706, 35.642914 ], [ 139.822188, 35.646483 ], [ 139.822123, 35.646979 ], [ 139.821638, 35.646966 ], [ 139.821345, 35.646928 ], [ 139.821678, 35.646552 ], [ 139.821089, 35.646491 ], [ 139.82157, 35.642707 ], [ 139.820116, 35.64119 ], [ 139.807999, 35.640235 ], [ 139.807807, 35.642152 ], [ 139.806956, 35.641972 ], [ 139.806281, 35.641762 ], [ 139.807, 35.636854 ], [ 139.800129, 35.63621 ], [ 139.800161, 35.630866 ], [ 139.801963, 35.626271 ], [ 139.79851, 35.621632 ], [ 139.791905, 35.629843 ], [ 139.78714, 35.627276 ], [ 139.784737, 35.629852 ], [ 139.782506, 35.62864 ], [ 139.782157, 35.629064 ], [ 139.784538, 35.626064 ], [ 139.780706, 35.624025 ], [ 139.781521, 35.623232 ], [ 139.778991, 35.621821 ], [ 139.781302, 35.623108 ], [ 139.79254, 35.609514 ], [ 139.790739, 35.607332 ], [ 139.790081, 35.606938 ], [ 139.789795, 35.606766 ], [ 139.790031, 35.606382 ], [ 139.786856, 35.602246 ], [ 139.785667, 35.603677 ], [ 139.785242, 35.603503 ], [ 139.777031, 35.613561 ], [ 139.772948, 35.618561 ], [ 139.774428, 35.619281 ], [ 139.773435, 35.620538 ], [ 139.771081, 35.623516 ] ], [ [ 139.794423, 35.663557 ], [ 139.793584, 35.662891 ], [ 139.795117, 35.661785 ], [ 139.796539, 35.660711 ], [ 139.800238, 35.657032 ], [ 139.796524, 35.654579 ], [ 139.796509, 35.654568 ], [ 139.800957, 35.657504 ], [ 139.801062, 35.6574 ], [ 139.80055, 35.657913 ], [ 139.801742, 35.658727 ], [ 139.801604, 35.658876 ], [ 139.801589, 35.658866 ], [ 139.801402, 35.659056 ], [ 139.800201, 35.658266 ], [ 139.799943, 35.658318 ], [ 139.797187, 35.661265 ], [ 139.798878, 35.662411 ], [ 139.798664, 35.662622 ], [ 139.798782, 35.662701 ], [ 139.798998, 35.662473 ], [ 139.802184, 35.664591 ], [ 139.802535, 35.664386 ], [ 139.802728, 35.664404 ], [ 139.802757, 35.664858 ], [ 139.802965, 35.664856 ], [ 139.802998, 35.664684 ], [ 139.805011, 35.664641 ], [ 139.805002, 35.664839 ], [ 139.805481, 35.664834 ], [ 139.805489, 35.664645 ], [ 139.808687, 35.664584 ], [ 139.819964, 35.665521 ], [ 139.820215, 35.665357 ], [ 139.82026, 35.662291 ], [ 139.819959, 35.662007 ], [ 139.809384, 35.660987 ], [ 139.809077, 35.660769 ], [ 139.807148, 35.660578 ], [ 139.807271, 35.660323 ], [ 139.807005, 35.660296 ], [ 139.807224, 35.660088 ], [ 139.813901, 35.660749 ], [ 139.813967, 35.659783 ], [ 139.809966, 35.657133 ], [ 139.809903, 35.657092 ], [ 139.810278, 35.656737 ], [ 139.813848, 35.659087 ], [ 139.81673, 35.660982 ], [ 139.8201, 35.661332 ], [ 139.820288, 35.657521 ], [ 139.821074, 35.657557 ], [ 139.820642, 35.665817 ], [ 139.81972, 35.665818 ], [ 139.813715, 35.665502 ], [ 139.808768, 35.665035 ], [ 139.808573, 35.665153 ], [ 139.808132, 35.6684 ], [ 139.808062, 35.668908 ], [ 139.808585, 35.665057 ], [ 139.808355, 35.664907 ], [ 139.805248, 35.66497 ], [ 139.802437, 35.664965 ], [ 139.80243, 35.664998 ], [ 139.801626, 35.664633 ], [ 139.796864, 35.661503 ], [ 139.795993, 35.66237 ], [ 139.794319, 35.663651 ], [ 139.794423, 35.663557 ] ], [ [ 139.800359, 35.656891 ], [ 139.802439, 35.654981 ], [ 139.804042, 35.653217 ], [ 139.803059, 35.652415 ], [ 139.802961, 35.652504 ], [ 139.800432, 35.650807 ], [ 139.801131, 35.650051 ], [ 139.804255, 35.652156 ], [ 139.804848, 35.651966 ], [ 139.805087, 35.650282 ], [ 139.806254, 35.650326 ], [ 139.805948, 35.652442 ], [ 139.807176, 35.653242 ], [ 139.811326, 35.653618 ], [ 139.811179, 35.65456 ], [ 139.808781, 35.654329 ], [ 139.80792, 35.655184 ], [ 139.81014, 35.656645 ], [ 139.809781, 35.657011 ], [ 139.807432, 35.655452 ], [ 139.804772, 35.653687 ], [ 139.801062, 35.6574 ], [ 139.800359, 35.656891 ] ], [ [ 139.813212, 35.669005 ], [ 139.813224, 35.668891 ], [ 139.813715, 35.665502 ], [ 139.813212, 35.669005 ] ], [ [ 139.81647, 35.669129 ], [ 139.816127, 35.674075 ], [ 139.816316, 35.670851 ], [ 139.816422, 35.669135 ], [ 139.813212, 35.669005 ], [ 139.81647, 35.669129 ] ], [ [ 139.791941, 35.66982 ], [ 139.792669, 35.670405 ], [ 139.793273, 35.670884 ], [ 139.788863, 35.667476 ], [ 139.791941, 35.66982 ] ], [ [ 139.794637, 35.683478 ], [ 139.796866, 35.683625 ], [ 139.798535, 35.683733 ], [ 139.795945, 35.68357 ], [ 139.792674, 35.683368 ], [ 139.794637, 35.683478 ] ], [ [ 139.798943, 35.680526 ], [ 139.798934, 35.680642 ], [ 139.798535, 35.683733 ], [ 139.798943, 35.680526 ] ], [ [ 139.800447, 35.68624 ], [ 139.800776, 35.683873 ], [ 139.800257, 35.688167 ], [ 139.800447, 35.68624 ] ], [ [ 139.813457, 35.690419 ], [ 139.816254, 35.690594 ], [ 139.815562, 35.690557 ], [ 139.811561, 35.690315 ], [ 139.813457, 35.690419 ] ], [ [ 139.840124, 35.694313 ], [ 139.839768, 35.694297 ], [ 139.84329, 35.694431 ], [ 139.847803, 35.694714 ], [ 139.840124, 35.694313 ] ], [ [ 139.845243, 35.686465 ], [ 139.845157, 35.687799 ], [ 139.845203, 35.686472 ], [ 139.843087, 35.686341 ], [ 139.847051, 35.686565 ], [ 139.845243, 35.686465 ] ], [ [ 139.844133, 35.691083 ], [ 139.844243, 35.690645 ], [ 139.845157, 35.687799 ], [ 139.844133, 35.691083 ] ], [ [ 139.838021, 35.666659 ], [ 139.837852, 35.669784 ], [ 139.837984, 35.666653 ], [ 139.846273, 35.66574 ], [ 139.838021, 35.666659 ] ], [ [ 139.841144, 35.669362 ], [ 139.841135, 35.669439 ], [ 139.837852, 35.669784 ], [ 139.841144, 35.669362 ] ], [ [ 139.832996, 35.668158 ], [ 139.828141, 35.669615 ], [ 139.82795, 35.669613 ], [ 139.837984, 35.666653 ], [ 139.832996, 35.668158 ] ], [ [ 139.807734, 35.643148 ], [ 139.807722, 35.643358 ], [ 139.808762, 35.643694 ], [ 139.808493, 35.645648 ], [ 139.807736, 35.645672 ], [ 139.807185, 35.645288 ], [ 139.806433, 35.64522 ], [ 139.806326, 35.64591 ], [ 139.80645, 35.645011 ], [ 139.80612, 35.644982 ], [ 139.805843, 35.644713 ], [ 139.806147, 35.642623 ], [ 139.806805, 35.642846 ], [ 139.806809, 35.642825 ], [ 139.817163, 35.646088 ], [ 139.812715, 35.644739 ], [ 139.812714, 35.644746 ], [ 139.807734, 35.643148 ] ], [ [ 139.807009, 35.645976 ], [ 139.807731, 35.645719 ], [ 139.808458, 35.645877 ], [ 139.808297, 35.647101 ], [ 139.806558, 35.648222 ], [ 139.806304, 35.649977 ], [ 139.80514, 35.649898 ], [ 139.805717, 35.645839 ], [ 139.806326, 35.64591 ], [ 139.807009, 35.645976 ] ], [ [ 139.798201, 35.644403 ], [ 139.797613, 35.643758 ], [ 139.797608, 35.643749 ], [ 139.798201, 35.644403 ] ], [ [ 139.792756, 35.652441 ], [ 139.793455, 35.651745 ], [ 139.793043, 35.652162 ], [ 139.793052, 35.652169 ], [ 139.792756, 35.652441 ] ], [ [ 139.809796, 35.672613 ], [ 139.810047, 35.673313 ], [ 139.810036, 35.673312 ], [ 139.810844, 35.676103 ], [ 139.809796, 35.672613 ] ], [ [ 139.815921, 35.676308 ], [ 139.817422, 35.676374 ], [ 139.814652, 35.676262 ], [ 139.814238, 35.679918 ], [ 139.814625, 35.676264 ], [ 139.810844, 35.676103 ], [ 139.815921, 35.676308 ] ], [ [ 139.808493, 35.669057 ], [ 139.809185, 35.670903 ], [ 139.809717, 35.67239 ], [ 139.808493, 35.669057 ] ], [ [ 139.799023, 35.67954 ], [ 139.799022, 35.679553 ], [ 139.797972, 35.678233 ], [ 139.799023, 35.67954 ] ], [ [ 139.795307, 35.671114 ], [ 139.797933, 35.670046 ], [ 139.797936, 35.670052 ], [ 139.798076, 35.670015 ], [ 139.795473, 35.671058 ], [ 139.795307, 35.671114 ] ], [ [ 139.797128, 35.668508 ], [ 139.797154, 35.668553 ], [ 139.79722, 35.66868 ], [ 139.797149, 35.668546 ], [ 139.797128, 35.668508 ] ], [ [ 139.794457, 35.669558 ], [ 139.79518, 35.671158 ], [ 139.794407, 35.669473 ], [ 139.797149, 35.668546 ], [ 139.794457, 35.669558 ] ], [ [ 139.796531, 35.667448 ], [ 139.79657, 35.667517 ], [ 139.794871, 35.666131 ], [ 139.796531, 35.667448 ] ], [ [ 139.790737, 35.674324 ], [ 139.789176, 35.672854 ], [ 139.789177, 35.672853 ], [ 139.790528, 35.674026 ], [ 139.790737, 35.674324 ] ], [ [ 139.789514, 35.672595 ], [ 139.790824, 35.671591 ], [ 139.790982, 35.671536 ], [ 139.789514, 35.672595 ] ], [ [ 139.792268, 35.671775 ], [ 139.792406, 35.671443 ], [ 139.79257, 35.671198 ], [ 139.792412, 35.671439 ], [ 139.792268, 35.671775 ] ], [ [ 139.79315, 35.673336 ], [ 139.793479, 35.674226 ], [ 139.792268, 35.671775 ], [ 139.79315, 35.673336 ] ], [ [ 139.793501, 35.671713 ], [ 139.794615, 35.67135 ], [ 139.794057, 35.67154 ], [ 139.793501, 35.671713 ] ], [ [ 139.794713, 35.676474 ], [ 139.79431, 35.676655 ], [ 139.792681, 35.677342 ], [ 139.794713, 35.676474 ] ], [ [ 139.793472, 35.675004 ], [ 139.791709, 35.675706 ], [ 139.793427, 35.674997 ], [ 139.793559, 35.674443 ], [ 139.793566, 35.674461 ], [ 139.793558, 35.674459 ], [ 139.793472, 35.675004 ] ], [ [ 139.795834, 35.673898 ], [ 139.796936, 35.673651 ], [ 139.796991, 35.673641 ], [ 139.795832, 35.6739 ], [ 139.795834, 35.673898 ] ], [ [ 139.79436, 35.686201 ], [ 139.794399, 35.685986 ], [ 139.79418, 35.687855 ], [ 139.794304, 35.686769 ], [ 139.79436, 35.686201 ] ], [ [ 139.796745, 35.687971 ], [ 139.79674, 35.688032 ], [ 139.796347, 35.68601 ], [ 139.796745, 35.687971 ] ], [ [ 139.80149, 35.669112 ], [ 139.8017, 35.668371 ], [ 139.8016, 35.668832 ], [ 139.80149, 35.669112 ] ], [ [ 139.801044, 35.678248 ], [ 139.801079, 35.678312 ], [ 139.80112, 35.679191 ], [ 139.801115, 35.679193 ], [ 139.801094, 35.678657 ], [ 139.801044, 35.678248 ] ], [ [ 139.806602, 35.679223 ], [ 139.804384, 35.678931 ], [ 139.804392, 35.678928 ], [ 139.806602, 35.679223 ] ], [ [ 139.803091, 35.661893 ], [ 139.802738, 35.664228 ], [ 139.802562, 35.664207 ], [ 139.802393, 35.664187 ], [ 139.802796, 35.661856 ], [ 139.802939, 35.661874 ], [ 139.803091, 35.661893 ] ], [ [ 139.803305, 35.66049 ], [ 139.803121, 35.661696 ], [ 139.802977, 35.66168 ], [ 139.802812, 35.661662 ], [ 139.802991, 35.660381 ], [ 139.803162, 35.660373 ], [ 139.803305, 35.66049 ] ], [ [ 139.80158, 35.659145 ], [ 139.801756, 35.658978 ], [ 139.801718, 35.658953 ], [ 139.801857, 35.658803 ], [ 139.80298, 35.65955 ], [ 139.803301, 35.659337 ], [ 139.803432, 35.65943 ], [ 139.803651, 35.65972 ], [ 139.806994, 35.660065 ], [ 139.806903, 35.660286 ], [ 139.806803, 35.660276 ], [ 139.806704, 35.660534 ], [ 139.803863, 35.660265 ], [ 139.803901, 35.659988 ], [ 139.803765, 35.659974 ], [ 139.803731, 35.660225 ], [ 139.803413, 35.660202 ], [ 139.803314, 35.66042 ], [ 139.803162, 35.660373 ], [ 139.80158, 35.659145 ] ], [ [ 139.825448, 35.700625 ], [ 139.825358, 35.70176 ], [ 139.825353, 35.701726 ], [ 139.825695, 35.697357 ], [ 139.825448, 35.700625 ] ], [ [ 139.831636, 35.700983 ], [ 139.832584, 35.700567 ], [ 139.831784, 35.700987 ], [ 139.831331, 35.701028 ], [ 139.825448, 35.700625 ], [ 139.831636, 35.700983 ] ], [ [ 139.825995, 35.693613 ], [ 139.826334, 35.689362 ], [ 139.826659, 35.685393 ], [ 139.826333, 35.689385 ], [ 139.825995, 35.69362 ], [ 139.825695, 35.697357 ], [ 139.825995, 35.693613 ] ], [ [ 139.83159, 35.693906 ], [ 139.833643, 35.694013 ], [ 139.833125, 35.693989 ], [ 139.825995, 35.69362 ], [ 139.83159, 35.693906 ] ], [ [ 139.832797, 35.697778 ], [ 139.832802, 35.697711 ], [ 139.833125, 35.693989 ], [ 139.832797, 35.697778 ] ], [ [ 139.836402, 35.685923 ], [ 139.837473, 35.685998 ], [ 139.832986, 35.685739 ], [ 139.826864, 35.685404 ], [ 139.830488, 35.6856 ], [ 139.836402, 35.685923 ] ], [ [ 139.832879, 35.686742 ], [ 139.832188, 35.689522 ], [ 139.832986, 35.685739 ], [ 139.832879, 35.686742 ] ], [ [ 139.837889, 35.690061 ], [ 139.832139, 35.689519 ], [ 139.829716, 35.689286 ], [ 139.832188, 35.689522 ], [ 139.837889, 35.690061 ] ], [ [ 139.834951, 35.680117 ], [ 139.831296, 35.679699 ], [ 139.827428, 35.679242 ], [ 139.834951, 35.680117 ] ], [ [ 139.827494, 35.67978 ], [ 139.827112, 35.677078 ], [ 139.827428, 35.679242 ], [ 139.827494, 35.67978 ] ], [ [ 139.825588, 35.677553 ], [ 139.825701, 35.677484 ], [ 139.827112, 35.677078 ], [ 139.825588, 35.677553 ] ], [ [ 139.826826, 35.675334 ], [ 139.831503, 35.674331 ], [ 139.82684, 35.675355 ], [ 139.827112, 35.677078 ], [ 139.826826, 35.675334 ] ], [ [ 139.821657, 35.676391 ], [ 139.821597, 35.676391 ], [ 139.826826, 35.675334 ], [ 139.821657, 35.676391 ] ], [ [ 139.825941, 35.670609 ], [ 139.826554, 35.673616 ], [ 139.826826, 35.675334 ], [ 139.825941, 35.670609 ] ], [ [ 139.833246, 35.671346 ], [ 139.83242, 35.671659 ], [ 139.826554, 35.673616 ], [ 139.833246, 35.671346 ] ], [ [ 139.836818, 35.675873 ], [ 139.83664, 35.675926 ], [ 139.836638, 35.675927 ], [ 139.836606, 35.675931 ], [ 139.83378, 35.676252 ], [ 139.827112, 35.677078 ], [ 139.836818, 35.675873 ] ], [ [ 139.835972, 35.67335 ], [ 139.835667, 35.67283 ], [ 139.836151, 35.673612 ], [ 139.836818, 35.675873 ], [ 139.835972, 35.67335 ] ], [ [ 139.828289, 35.666175 ], [ 139.826762, 35.666223 ], [ 139.826745, 35.665616 ], [ 139.828362, 35.665483 ], [ 139.828217, 35.662395 ], [ 139.824493, 35.662111 ], [ 139.824522, 35.661631 ], [ 139.827859, 35.661837 ], [ 139.828026, 35.661719 ], [ 139.828267, 35.656343 ], [ 139.827492, 35.65597 ], [ 139.824439, 35.655815 ], [ 139.824627, 35.654288 ], [ 139.825573, 35.65434 ], [ 139.82608, 35.651635 ], [ 139.829122, 35.651951 ], [ 139.829104, 35.652386 ], [ 139.830041, 35.652502 ], [ 139.830124, 35.652011 ], [ 139.830644, 35.652065 ], [ 139.833568, 35.652372 ], [ 139.834014, 35.652081 ], [ 139.834745, 35.652157 ], [ 139.837181, 35.650536 ], [ 139.837686, 35.651069 ], [ 139.837923, 35.651352 ], [ 139.837566, 35.651619 ], [ 139.838167, 35.652329 ], [ 139.8385, 35.652186 ], [ 139.83864, 35.652365 ], [ 139.838491, 35.652584 ], [ 139.839574, 35.653648 ], [ 139.839728, 35.655723 ], [ 139.83811, 35.656145 ], [ 139.838061, 35.655381 ], [ 139.834868, 35.655297 ], [ 139.834876, 35.655188 ], [ 139.832687, 35.655254 ], [ 139.8317, 35.655718 ], [ 139.831722, 35.656476 ], [ 139.829295, 35.656144 ], [ 139.828906, 35.656363 ], [ 139.828688, 35.661896 ], [ 139.830373, 35.662042 ], [ 139.829974, 35.6653 ], [ 139.828663, 35.66573 ], [ 139.828785, 35.668087 ], [ 139.828428, 35.668067 ], [ 139.828289, 35.666175 ] ], [ [ 139.820804, 35.682018 ], [ 139.820799, 35.682094 ], [ 139.820693, 35.681508 ], [ 139.820349, 35.679384 ], [ 139.820244, 35.678356 ], [ 139.820805, 35.682018 ], [ 139.820804, 35.682018 ] ], [ [ 139.820227, 35.674735 ], [ 139.820101, 35.676194 ], [ 139.82008, 35.676747 ], [ 139.820054, 35.676489 ], [ 139.820073, 35.67649 ], [ 139.820227, 35.674735 ] ], [ [ 139.820626, 35.676369 ], [ 139.821109, 35.676388 ], [ 139.820678, 35.676386 ], [ 139.820626, 35.676369 ] ], [ [ 139.816909, 35.652486 ], [ 139.817056, 35.651423 ], [ 139.818356, 35.651546 ], [ 139.81706, 35.651394 ], [ 139.817541, 35.647986 ], [ 139.820862, 35.648309 ], [ 139.821078, 35.64712 ], [ 139.821622, 35.647096 ], [ 139.822105, 35.647121 ], [ 139.821298, 35.653326 ], [ 139.822159, 35.65411 ], [ 139.823958, 35.654239 ], [ 139.823772, 35.655758 ], [ 139.821435, 35.655528 ], [ 139.821173, 35.655674 ], [ 139.821094, 35.657183 ], [ 139.820305, 35.657177 ], [ 139.820391, 35.655439 ], [ 139.81615, 35.655054 ], [ 139.815358, 35.655002 ], [ 139.815161, 35.655306 ], [ 139.814395, 35.655188 ], [ 139.814293, 35.654858 ], [ 139.813734, 35.654808 ], [ 139.813588, 35.655127 ], [ 139.813044, 35.655073 ], [ 139.812961, 35.654731 ], [ 139.811529, 35.654593 ], [ 139.811701, 35.653639 ], [ 139.816677, 35.654126 ], [ 139.816744, 35.653601 ], [ 139.81806, 35.653725 ], [ 139.816748, 35.653578 ], [ 139.816906, 35.652509 ], [ 139.818222, 35.652604 ], [ 139.816909, 35.652486 ] ], [ [ 139.819708, 35.674547 ], [ 139.816158, 35.674079 ], [ 139.819615, 35.674514 ], [ 139.819708, 35.674547 ] ], [ [ 139.820504, 35.684962 ], [ 139.81372, 35.684595 ], [ 139.817158, 35.684777 ], [ 139.820504, 35.684962 ] ], [ [ 139.824131, 35.685242 ], [ 139.826639, 35.685392 ], [ 139.821127, 35.685075 ], [ 139.824131, 35.685242 ] ], [ [ 139.826823, 35.683742 ], [ 139.82766, 35.681127 ], [ 139.827666, 35.681178 ], [ 139.826823, 35.683742 ] ], [ [ 139.820171, 35.689114 ], [ 139.820166, 35.689168 ], [ 139.819987, 35.690888 ], [ 139.820165, 35.689171 ], [ 139.820171, 35.689114 ] ], [ [ 139.826197, 35.642386 ], [ 139.824913, 35.639674 ], [ 139.833216, 35.640448 ], [ 139.833169, 35.63954 ], [ 139.834126, 35.639605 ], [ 139.83453, 35.644102 ], [ 139.824964, 35.643141 ], [ 139.824832, 35.642693 ], [ 139.824711, 35.642265 ], [ 139.826197, 35.642386 ] ], [ [ 139.837493, 35.648002 ], [ 139.836746, 35.639518 ], [ 139.836102, 35.631583 ], [ 139.837493, 35.648002 ] ], [ [ 139.833937, 35.64765 ], [ 139.82548, 35.64681 ], [ 139.837493, 35.648002 ], [ 139.833937, 35.64765 ] ], [ [ 139.825235, 35.637195 ], [ 139.825671, 35.634629 ], [ 139.825541, 35.634489 ], [ 139.823369, 35.634311 ], [ 139.82344, 35.633978 ], [ 139.823536, 35.633591 ], [ 139.833772, 35.634556 ], [ 139.834076, 35.638989 ], [ 139.833139, 35.638959 ], [ 139.833087, 35.637948 ], [ 139.825235, 35.637195 ] ], [ [ 139.835966, 35.631564 ], [ 139.835748, 35.629034 ], [ 139.835254, 35.622998 ], [ 139.835966, 35.631564 ] ], [ [ 139.838005, 35.680127 ], [ 139.838949, 35.680324 ], [ 139.840207, 35.680577 ], [ 139.838884, 35.680312 ], [ 139.838005, 35.680127 ] ], [ [ 139.837347, 35.694184 ], [ 139.83733, 35.694184 ], [ 139.837634, 35.690844 ], [ 139.837347, 35.694184 ] ], [ [ 139.836025, 35.699086 ], [ 139.836733, 35.699794 ], [ 139.836863, 35.700004 ], [ 139.836025, 35.699086 ] ] ], [ [ [ 139.79587, 35.615622 ], [ 139.795562, 35.615754 ], [ 139.794267, 35.61368 ], [ 139.785095, 35.625079 ], [ 139.788849, 35.627071 ], [ 139.788527, 35.628012 ], [ 139.78882, 35.628167 ], [ 139.78918, 35.627237 ], [ 139.789652, 35.627491 ], [ 139.796323, 35.619093 ], [ 139.796119, 35.618861 ], [ 139.797535, 35.61768 ], [ 139.797325, 35.61723 ], [ 139.796841, 35.617401 ], [ 139.79587, 35.615622 ] ] ] ] } },
{ "type": "Feature", "properties": { "ward": "渋谷区" }, "geometry": { "type": "Polygon", "coordinates": [ [ [ 139.688361, 35.660177 ], [ 139.687994, 35.661067 ], [ 139.687775, 35.661244 ], [ 139.6868, 35.662012 ], [ 139.685771, 35.662271 ], [ 139.685825, 35.662464 ], [ 139.684044, 35.663076 ], [ 139.682671, 35.66305 ], [ 139.680599, 35.663813 ], [ 139.67769, 35.664134 ], [ 139.675112, 35.664029 ], [ 139.674377, 35.664632 ], [ 139.6737, 35.665848 ], [ 139.673125, 35.667212 ], [ 139.672516, 35.669821 ], [ 139.672561, 35.671339 ], [ 139.672801, 35.67214 ], [ 139.671813, 35.671979 ], [ 139.668863, 35.671533 ], [ 139.668568, 35.671771 ], [ 139.664092, 35.67142 ], [ 139.661676, 35.671555 ], [ 139.661496, 35.671792 ], [ 139.661456, 35.672694 ], [ 139.661378, 35.672937 ], [ 139.661799, 35.673684 ], [ 139.661456, 35.674409 ], [ 139.670453, 35.677651 ], [ 139.661419, 35.674463 ], [ 139.661339, 35.674618 ], [ 139.661552, 35.674811 ], [ 139.661884, 35.675677 ], [ 139.665293, 35.677076 ], [ 139.666364, 35.678708 ], [ 139.667551, 35.679772 ], [ 139.667405, 35.679912 ], [ 139.669666, 35.680797 ], [ 139.671337, 35.681502 ], [ 139.671891, 35.682137 ], [ 139.673353, 35.683275 ], [ 139.674224, 35.683696 ], [ 139.674912, 35.684412 ], [ 139.674846, 35.684496 ], [ 139.675263, 35.684672 ], [ 139.675843, 35.685777 ], [ 139.676277, 35.686222 ], [ 139.678575, 35.68786 ], [ 139.679881, 35.689057 ], [ 139.680197, 35.689536 ], [ 139.681353, 35.690542 ], [ 139.681962, 35.690825 ], [ 139.683497, 35.692093 ], [ 139.684481, 35.69211 ], [ 139.684216, 35.691804 ], [ 139.684875, 35.691393 ], [ 139.6844, 35.690505 ], [ 139.683779, 35.689972 ], [ 139.683795, 35.68966 ], [ 139.683336, 35.689178 ], [ 139.683169, 35.688596 ], [ 139.683961, 35.687421 ], [ 139.685717, 35.687775 ], [ 139.685819, 35.687349 ], [ 139.685523, 35.687183 ], [ 139.685626, 35.686414 ], [ 139.684713, 35.68637 ], [ 139.684717, 35.686139 ], [ 139.685642, 35.684131 ], [ 139.680902, 35.681429 ], [ 139.676851, 35.67998 ], [ 139.670449, 35.677668 ], [ 139.678254, 35.680462 ], [ 139.678521, 35.679829 ], [ 139.678292, 35.680458 ], [ 139.680691, 35.681304 ], [ 139.685613, 35.684111 ], [ 139.686287, 35.682957 ], [ 139.687378, 35.681802 ], [ 139.688365, 35.682451 ], [ 139.690751, 35.684048 ], [ 139.693372, 35.685852 ], [ 139.693454, 35.68578 ], [ 139.695358, 35.686951 ], [ 139.699396, 35.688714 ], [ 139.699529, 35.688352 ], [ 139.699883, 35.688484 ], [ 139.699822, 35.688668 ], [ 139.702154, 35.689327 ], [ 139.702248, 35.688977 ], [ 139.702133, 35.688327 ], [ 139.702492, 35.688316 ], [ 139.702697, 35.687829 ], [ 139.704172, 35.687991 ], [ 139.704178, 35.687968 ], [ 139.705168, 35.688061 ], [ 139.705376, 35.68796 ], [ 139.705909, 35.687352 ], [ 139.706094, 35.686765 ], [ 139.706692, 35.686156 ], [ 139.707125, 35.684621 ], [ 139.709344, 35.684088 ], [ 139.710118, 35.683532 ], [ 139.711078, 35.683413 ], [ 139.713214, 35.681981 ], [ 139.714609, 35.680725 ], [ 139.714061, 35.679744 ], [ 139.714069, 35.679089 ], [ 139.713786, 35.678981 ], [ 139.713427, 35.678 ], [ 139.712823, 35.67698 ], [ 139.712628, 35.67663 ], [ 139.712738, 35.675765 ], [ 139.712685, 35.674378 ], [ 139.714806, 35.674888 ], [ 139.715358, 35.673761 ], [ 139.715924, 35.673874 ], [ 139.716665, 35.672441 ], [ 139.716569, 35.672271 ], [ 139.716447, 35.672113 ], [ 139.715328, 35.672537 ], [ 139.715407, 35.672696 ], [ 139.714844, 35.672946 ], [ 139.714389, 35.671991 ], [ 139.711121, 35.672707 ], [ 139.714571, 35.67191 ], [ 139.714096, 35.671146 ], [ 139.714104, 35.670908 ], [ 139.714394, 35.670871 ], [ 139.713987, 35.670363 ], [ 139.715064, 35.669654 ], [ 139.714407, 35.669239 ], [ 139.713931, 35.66945 ], [ 139.712951, 35.6683 ], [ 139.710909, 35.666095 ], [ 139.710822, 35.665978 ], [ 139.71056, 35.666097 ], [ 139.708736, 35.664181 ], [ 139.710267, 35.663087 ], [ 139.71028, 35.663095 ], [ 139.71045, 35.662983 ], [ 139.712201, 35.660814 ], [ 139.713975, 35.659751 ], [ 139.713375, 35.658668 ], [ 139.712884, 35.65858 ], [ 139.714405, 35.65737 ], [ 139.715044, 35.657047 ], [ 139.716709, 35.656805 ], [ 139.717898, 35.656408 ], [ 139.718245, 35.657073 ], [ 139.722039, 35.655729 ], [ 139.722952, 35.656363 ], [ 139.722895, 35.655907 ], [ 139.72168, 35.65392 ], [ 139.72178, 35.652922 ], [ 139.721949, 35.652613 ], [ 139.721619, 35.652401 ], [ 139.721747, 35.652402 ], [ 139.721798, 35.651487 ], [ 139.721845, 35.651549 ], [ 139.72175, 35.652377 ], [ 139.722077, 35.652392 ], [ 139.722123, 35.651214 ], [ 139.722646, 35.649665 ], [ 139.722801, 35.649686 ], [ 139.723136, 35.649214 ], [ 139.72276, 35.649165 ], [ 139.723083, 35.647414 ], [ 139.723021, 35.647419 ], [ 139.723194, 35.64738 ], [ 139.723906, 35.646754 ], [ 139.723093, 35.645859 ], [ 139.723077, 35.645494 ], [ 139.72277, 35.645505 ], [ 139.722978, 35.645307 ], [ 139.722699, 35.644713 ], [ 139.722347, 35.644765 ], [ 139.722689, 35.644642 ], [ 139.72225, 35.644366 ], [ 139.721538, 35.644479 ], [ 139.720974, 35.644164 ], [ 139.720894, 35.643891 ], [ 139.721173, 35.643731 ], [ 139.719865, 35.64202 ], [ 139.719065, 35.641572 ], [ 139.717309, 35.641583 ], [ 139.716759, 35.641752 ], [ 139.7157, 35.642545 ], [ 139.715118, 35.642462 ], [ 139.71504, 35.642203 ], [ 139.714636, 35.642199 ], [ 139.71444, 35.642432 ], [ 139.713572, 35.642386 ], [ 139.713824, 35.642191 ], [ 139.713618, 35.641856 ], [ 139.713095, 35.642189 ], [ 139.713107, 35.642365 ], [ 139.712312, 35.642334 ], [ 139.711609, 35.642243 ], [ 139.710473, 35.642011 ], [ 139.710315, 35.641639 ], [ 139.708736, 35.642156 ], [ 139.707398, 35.643061 ], [ 139.707257, 35.643015 ], [ 139.706905, 35.643424 ], [ 139.705859, 35.643954 ], [ 139.702907, 35.646031 ], [ 139.702185, 35.646354 ], [ 139.702017, 35.646615 ], [ 139.701503, 35.647017 ], [ 139.700192, 35.647331 ], [ 139.70021, 35.647624 ], [ 139.699592, 35.64786 ], [ 139.699802, 35.648123 ], [ 139.698919, 35.648532 ], [ 139.699089, 35.648804 ], [ 139.698221, 35.649417 ], [ 139.696726, 35.650741 ], [ 139.696076, 35.650863 ], [ 139.696153, 35.650954 ], [ 139.695466, 35.651598 ], [ 139.69804, 35.652893 ], [ 139.695683, 35.651745 ], [ 139.693414, 35.653789 ], [ 139.691816, 35.655516 ], [ 139.690034, 35.65779 ], [ 139.689016, 35.658728 ], [ 139.68852, 35.659715 ], [ 139.688204, 35.659995 ], [ 139.688361, 35.660177 ] ], [ [ 139.708651, 35.672081 ], [ 139.708767, 35.672042 ], [ 139.711121, 35.672707 ], [ 139.708651, 35.672081 ] ], [ [ 139.712115, 35.642812 ], [ 139.710516, 35.645526 ], [ 139.712312, 35.642334 ], [ 139.712115, 35.642812 ] ], [ [ 139.698818, 35.653507 ], [ 139.699117, 35.65373 ], [ 139.698999, 35.653678 ], [ 139.69804, 35.652893 ], [ 139.698818, 35.653507 ] ], [ [ 139.693964, 35.654248 ], [ 139.694517, 35.654954 ], [ 139.693414, 35.653789 ], [ 139.693964, 35.654248 ] ], [ [ 139.693165, 35.676983 ], [ 139.693343, 35.677267 ], [ 139.69337, 35.677333 ], [ 139.693165, 35.676983 ] ], [ [ 139.691549, 35.674359 ], [ 139.691508, 35.67415 ], [ 139.691566, 35.674386 ], [ 139.691549, 35.674359 ] ], [ [ 139.690776, 35.670381 ], [ 139.69076, 35.669829 ], [ 139.691224, 35.672686 ], [ 139.690776, 35.670381 ] ], [ [ 139.690748, 35.669396 ], [ 139.690864, 35.66916 ], [ 139.69075, 35.669465 ], [ 139.690748, 35.669396 ] ], [ [ 139.691204, 35.668464 ], [ 139.692647, 35.666724 ], [ 139.691826, 35.667827 ], [ 139.691149, 35.668577 ], [ 139.691204, 35.668464 ] ], [ [ 139.688163, 35.666375 ], [ 139.687881, 35.665176 ], [ 139.687523, 35.662111 ], [ 139.68759, 35.661773 ], [ 139.687794, 35.664129 ], [ 139.688163, 35.666375 ] ], [ [ 139.68807, 35.669126 ], [ 139.688063, 35.667718 ], [ 139.688163, 35.666375 ], [ 139.68807, 35.669126 ] ], [ [ 139.681497, 35.66805 ], [ 139.681987, 35.668016 ], [ 139.685837, 35.667829 ], [ 139.688063, 35.667718 ], [ 139.681497, 35.66805 ] ], [ [ 139.691086, 35.657915 ], [ 139.693628, 35.659082 ], [ 139.695496, 35.660058 ], [ 139.692612, 35.65862 ], [ 139.691086, 35.657915 ] ], [ [ 139.701087, 35.659489 ], [ 139.701114, 35.659492 ], [ 139.700569, 35.65966 ], [ 139.701087, 35.659489 ] ], [ [ 139.701149, 35.658952 ], [ 139.701267, 35.658702 ], [ 139.701087, 35.659489 ], [ 139.701149, 35.658952 ] ], [ [ 139.703637, 35.657783 ], [ 139.703648, 35.657813 ], [ 139.702935, 35.657655 ], [ 139.703637, 35.657783 ] ], [ [ 139.708034, 35.658126 ], [ 139.704323, 35.657963 ], [ 139.704194, 35.657934 ], [ 139.708034, 35.658126 ] ], [ [ 139.704511, 35.649114 ], [ 139.704571, 35.649165 ], [ 139.705409, 35.650749 ], [ 139.704511, 35.649114 ] ], [ [ 139.703072, 35.647801 ], [ 139.704221, 35.647876 ], [ 139.704284, 35.647911 ], [ 139.703236, 35.647814 ], [ 139.703252, 35.647959 ], [ 139.703072, 35.647801 ] ], [ [ 139.707189, 35.648956 ], [ 139.705856, 35.648759 ], [ 139.705793, 35.648722 ], [ 139.707189, 35.648956 ] ], [ [ 139.709322, 35.647803 ], [ 139.709327, 35.647817 ], [ 139.709182, 35.64809 ], [ 139.709322, 35.647803 ] ], [ [ 139.709265, 35.647749 ], [ 139.710424, 35.64569 ], [ 139.709322, 35.647803 ], [ 139.709265, 35.647749 ] ], [ [ 139.706371, 35.646388 ], [ 139.706687, 35.646353 ], [ 139.70747, 35.64636 ], [ 139.707505, 35.646377 ], [ 139.706371, 35.646388 ] ], [ [ 139.67715, 35.676259 ], [ 139.679248, 35.677791 ], [ 139.679247, 35.67781 ], [ 139.67699, 35.676158 ], [ 139.67715, 35.676259 ] ], [ [ 139.686857, 35.68146 ], [ 139.684549, 35.679996 ], [ 139.684795, 35.680105 ], [ 139.686857, 35.68146 ] ], [ [ 139.67301, 35.672174 ], [ 139.672962, 35.672166 ], [ 139.676683, 35.670647 ], [ 139.675914, 35.671031 ], [ 139.67301, 35.672174 ] ], [ [ 139.6826, 35.672573 ], [ 139.683567, 35.670567 ], [ 139.68289, 35.672189 ], [ 139.6826, 35.672573 ] ], [ [ 139.685413, 35.674548 ], [ 139.687868, 35.673556 ], [ 139.684308, 35.675081 ], [ 139.685413, 35.674548 ] ], [ [ 139.688029, 35.669431 ], [ 139.687876, 35.676197 ], [ 139.687868, 35.673556 ], [ 139.688029, 35.669431 ] ], [ [ 139.688973, 35.669546 ], [ 139.68804, 35.669425 ], [ 139.688072, 35.669421 ], [ 139.688072, 35.669408 ], [ 139.688973, 35.669546 ] ], [ [ 139.68167, 35.669829 ], [ 139.679313, 35.668782 ], [ 139.678673, 35.668448 ], [ 139.68167, 35.669829 ] ], [ [ 139.671084, 35.675455 ], [ 139.671416, 35.675207 ], [ 139.671074, 35.675468 ], [ 139.671084, 35.675455 ] ], [ [ 139.681572, 35.673933 ], [ 139.679046, 35.674906 ], [ 139.681594, 35.673904 ], [ 139.681572, 35.673933 ] ], [ [ 139.688254, 35.677635 ], [ 139.687877, 35.676635 ], [ 139.687877, 35.676517 ], [ 139.688254, 35.677635 ] ], [ [ 139.678231, 35.683701 ], [ 139.679328, 35.68449 ], [ 139.679269, 35.684465 ], [ 139.678231, 35.683701 ] ], [ [ 139.683618, 35.685981 ], [ 139.683527, 35.685968 ], [ 139.682187, 35.685449 ], [ 139.683618, 35.685981 ] ], [ [ 139.700914, 35.651229 ], [ 139.699505, 35.650476 ], [ 139.701661, 35.651625 ], [ 139.70242, 35.652111 ], [ 139.700914, 35.651229 ] ], [ [ 139.702591, 35.649859 ], [ 139.702179, 35.648996 ], [ 139.702173, 35.648963 ], [ 139.702591, 35.649859 ] ], [ [ 139.702459, 35.646826 ], [ 139.702576, 35.646813 ], [ 139.701938, 35.647592 ], [ 139.702459, 35.646826 ] ], [ [ 139.694583, 35.655039 ], [ 139.694878, 35.655415 ], [ 139.69624, 35.657459 ], [ 139.696192, 35.657439 ], [ 139.694583, 35.655039 ] ], [ [ 139.70325, 35.655806 ], [ 139.701851, 35.657462 ], [ 139.701866, 35.65743 ], [ 139.70325, 35.655806 ] ], [ [ 139.697054, 35.657804 ], [ 139.697726, 35.658008 ], [ 139.6977, 35.658078 ], [ 139.697054, 35.657804 ] ], [ [ 139.707726, 35.650841 ], [ 139.706574, 35.652191 ], [ 139.706525, 35.652247 ], [ 139.707732, 35.650829 ], [ 139.707726, 35.650841 ] ], [ [ 139.708421, 35.65817 ], [ 139.708929, 35.659216 ], [ 139.708953, 35.659494 ], [ 139.708273, 35.658024 ], [ 139.7085, 35.658176 ], [ 139.708421, 35.65817 ] ], [ [ 139.706796, 35.683211 ], [ 139.705972, 35.683736 ], [ 139.706356, 35.683439 ], [ 139.706796, 35.683211 ] ], [ [ 139.71248, 35.681218 ], [ 139.709856, 35.681628 ], [ 139.709363, 35.681619 ], [ 139.71248, 35.681218 ] ], [ [ 139.705803, 35.681451 ], [ 139.708724, 35.681606 ], [ 139.705361, 35.681542 ], [ 139.705803, 35.681451 ] ], [ [ 139.704077, 35.681807 ], [ 139.704368, 35.681747 ], [ 139.703957, 35.681889 ], [ 139.704077, 35.681807 ] ], [ [ 139.703221, 35.682392 ], [ 139.703587, 35.682142 ], [ 139.703162, 35.682478 ], [ 139.703221, 35.682392 ] ], [ [ 139.700981, 35.686473 ], [ 139.701233, 35.685926 ], [ 139.703406, 35.679319 ], [ 139.702261, 35.682942 ], [ 139.701424, 35.685576 ], [ 139.700981, 35.686473 ] ], [ [ 139.703723, 35.678033 ], [ 139.703553, 35.678724 ], [ 139.70382, 35.676671 ], [ 139.703723, 35.678033 ] ], [ [ 139.70389, 35.67568 ], [ 139.70387, 35.675968 ], [ 139.703828, 35.675479 ], [ 139.70389, 35.67568 ] ], [ [ 139.703032, 35.672905 ], [ 139.703279, 35.673704 ], [ 139.70298, 35.672904 ], [ 139.703032, 35.672905 ] ], [ [ 139.70457, 35.673242 ], [ 139.703739, 35.672922 ], [ 139.704441, 35.67316 ], [ 139.70457, 35.673242 ] ], [ [ 139.707773, 35.673563 ], [ 139.70704, 35.674825 ], [ 139.708081, 35.672777 ], [ 139.707773, 35.673563 ] ], [ [ 139.706783, 35.670106 ], [ 139.706833, 35.670194 ], [ 139.705629, 35.668669 ], [ 139.706783, 35.670106 ] ], [ [ 139.707398, 35.669857 ], [ 139.708014, 35.669787 ], [ 139.706783, 35.670106 ], [ 139.707398, 35.669857 ] ], [ [ 139.704456, 35.669145 ], [ 139.705658, 35.668565 ], [ 139.705629, 35.668669 ], [ 139.704456, 35.669145 ] ], [ [ 139.705595, 35.666061 ], [ 139.706995, 35.667919 ], [ 139.706994, 35.667919 ], [ 139.705595, 35.666061 ] ], [ [ 139.70295, 35.664151 ], [ 139.703902, 35.665277 ], [ 139.703346, 35.664731 ], [ 139.70295, 35.664151 ] ], [ [ 139.707248, 35.661823 ], [ 139.703821, 35.66391 ], [ 139.707637, 35.661446 ], [ 139.707248, 35.661823 ] ], [ [ 139.705729, 35.660229 ], [ 139.708183, 35.661767 ], [ 139.708633, 35.662052 ], [ 139.707637, 35.661446 ], [ 139.705729, 35.660229 ] ], [ [ 139.708724, 35.660863 ], [ 139.708683, 35.660999 ], [ 139.708183, 35.661767 ], [ 139.708724, 35.660863 ] ], [ [ 139.708993, 35.659967 ], [ 139.708975, 35.660029 ], [ 139.708969, 35.659691 ], [ 139.708993, 35.659967 ] ], [ [ 139.696795, 35.664395 ], [ 139.695521, 35.663568 ], [ 139.694901, 35.663049 ], [ 139.696795, 35.664395 ] ], [ [ 139.701525, 35.665035 ], [ 139.701461, 35.664108 ], [ 139.701594, 35.665472 ], [ 139.701525, 35.665035 ] ], [ [ 139.696102, 35.661348 ], [ 139.695269, 35.66232 ], [ 139.694641, 35.662831 ], [ 139.69464, 35.66283 ], [ 139.696102, 35.661348 ] ], [ [ 139.701146, 35.659544 ], [ 139.701143, 35.659494 ], [ 139.701995, 35.659572 ], [ 139.701146, 35.659544 ] ], [ [ 139.702264, 35.669865 ], [ 139.70233, 35.670675 ], [ 139.702028, 35.669153 ], [ 139.701991, 35.66877 ], [ 139.702264, 35.669865 ] ], [ [ 139.703004, 35.669925 ], [ 139.702864, 35.669914 ], [ 139.703098, 35.669801 ], [ 139.703004, 35.669925 ] ], [ [ 139.702932, 35.672776 ], [ 139.702536, 35.671717 ], [ 139.70245, 35.671284 ], [ 139.702932, 35.672776 ] ], [ [ 139.695974, 35.68497 ], [ 139.695853, 35.685358 ], [ 139.696305, 35.683014 ], [ 139.695974, 35.68497 ] ], [ [ 139.700547, 35.684937 ], [ 139.696921, 35.6821 ], [ 139.697017, 35.682158 ], [ 139.700547, 35.684937 ] ], [ [ 139.710839, 35.648922 ], [ 139.709873, 35.648368 ], [ 139.709588, 35.648074 ], [ 139.710685, 35.648763 ], [ 139.710839, 35.648922 ] ], [ [ 139.712292, 35.648139 ], [ 139.710973, 35.648503 ], [ 139.71205, 35.648159 ], [ 139.712292, 35.648139 ] ], [ [ 139.718543, 35.648392 ], [ 139.717562, 35.648159 ], [ 139.71869, 35.648383 ], [ 139.718543, 35.648392 ] ], [ [ 139.7191, 35.648359 ], [ 139.718764, 35.648379 ], [ 139.720273, 35.648039 ], [ 139.7191, 35.648359 ] ], [ [ 139.716415, 35.645637 ], [ 139.716748, 35.645594 ], [ 139.716462, 35.645636 ], [ 139.717693, 35.647299 ], [ 139.716415, 35.645637 ] ], [ [ 139.710872, 35.657282 ], [ 139.710876, 35.657228 ], [ 139.712696, 35.658062 ], [ 139.710872, 35.657282 ] ], [ [ 139.717147, 35.64987 ], [ 139.719885, 35.65053 ], [ 139.720492, 35.650763 ], [ 139.71952, 35.650453 ], [ 139.714762, 35.649392 ], [ 139.717147, 35.64987 ] ], [ [ 139.721558, 35.651171 ], [ 139.721627, 35.651261 ], [ 139.721237, 35.651048 ], [ 139.721558, 35.651171 ] ], [ [ 139.712127, 35.652576 ], [ 139.711062, 35.65231 ], [ 139.713219, 35.652839 ], [ 139.713288, 35.652738 ], [ 139.713325, 35.652942 ], [ 139.712127, 35.652576 ] ], [ [ 139.717169, 35.653674 ], [ 139.717151, 35.654979 ], [ 139.717173, 35.652825 ], [ 139.717169, 35.653674 ] ], [ [ 139.713088, 35.652034 ], [ 139.713197, 35.652227 ], [ 139.713255, 35.65255 ], [ 139.713088, 35.652034 ] ], [ [ 139.708713, 35.669708 ], [ 139.708884, 35.669841 ], [ 139.708413, 35.669742 ], [ 139.708713, 35.669708 ] ], [ [ 139.708429, 35.677843 ], [ 139.707294, 35.678173 ], [ 139.707513, 35.678068 ], [ 139.708429, 35.677843 ] ], [ [ 139.709038, 35.677533 ], [ 139.710105, 35.677471 ], [ 139.710056, 35.677488 ], [ 139.708774, 35.677548 ], [ 139.709038, 35.677533 ] ], [ [ 139.71196, 35.677074 ], [ 139.711553, 35.67697 ], [ 139.712369, 35.677029 ], [ 139.71196, 35.677074 ] ] ] } },
{ "type": "Feature", "properties": { "ward": "港区" }, "geometry": { "type": "MultiPolygon", "coordinates": [ [ [ [ 139.728257, 35.632297 ], [ 139.728721, 35.63291 ], [ 139.728036, 35.633166 ], [ 139.727473, 35.631822 ], [ 139.726728, 35.632276 ], [ 139.726654, 35.632604 ], [ 139.726319, 35.632919 ], [ 139.726798, 35.63418 ], [ 139.727173, 35.633831 ], [ 139.726206, 35.634889 ], [ 139.722231, 35.635899 ], [ 139.722069, 35.635822 ], [ 139.722125, 35.635371 ], [ 139.721775, 35.635322 ], [ 139.721651, 35.635509 ], [ 139.721429, 35.635038 ], [ 139.721308, 35.635172 ], [ 139.720961, 35.63507 ], [ 139.720414, 35.6348 ], [ 139.720488, 35.63462 ], [ 139.719712, 35.63447 ], [ 139.719518, 35.634695 ], [ 139.71927, 35.634982 ], [ 139.719345, 35.635336 ], [ 139.717954, 35.635252 ], [ 139.718014, 35.634898 ], [ 139.717764, 35.63478 ], [ 139.717373, 35.635095 ], [ 139.717453, 35.635356 ], [ 139.717302, 35.635431 ], [ 139.717896, 35.635975 ], [ 139.717269, 35.638194 ], [ 139.717004, 35.638148 ], [ 139.716613, 35.638723 ], [ 139.716908, 35.638841 ], [ 139.716965, 35.639703 ], [ 139.71677, 35.639937 ], [ 139.717001, 35.640079 ], [ 139.717243, 35.639905 ], [ 139.717948, 35.640005 ], [ 139.717779, 35.640729 ], [ 139.719425, 35.641151 ], [ 139.71929, 35.641563 ], [ 139.719065, 35.641572 ], [ 139.719865, 35.64202 ], [ 139.72091, 35.643388 ], [ 139.721173, 35.643731 ], [ 139.720894, 35.643891 ], [ 139.720974, 35.644164 ], [ 139.721538, 35.644479 ], [ 139.72225, 35.644366 ], [ 139.722699, 35.644713 ], [ 139.722978, 35.645307 ], [ 139.72277, 35.645505 ], [ 139.723077, 35.645494 ], [ 139.723093, 35.645859 ], [ 139.723906, 35.646754 ], [ 139.72461, 35.646334 ], [ 139.723083, 35.647414 ], [ 139.72276, 35.649165 ], [ 139.723136, 35.649214 ], [ 139.722801, 35.649686 ], [ 139.722646, 35.649665 ], [ 139.722294, 35.650748 ], [ 139.722123, 35.651214 ], [ 139.722077, 35.652392 ], [ 139.721619, 35.652401 ], [ 139.721949, 35.652613 ], [ 139.72178, 35.652922 ], [ 139.72168, 35.65392 ], [ 139.722932, 35.656039 ], [ 139.722952, 35.656363 ], [ 139.722039, 35.655729 ], [ 139.718245, 35.657073 ], [ 139.718975, 35.659108 ], [ 139.717902, 35.656407 ], [ 139.716709, 35.656805 ], [ 139.714719, 35.657171 ], [ 139.712884, 35.65858 ], [ 139.719006, 35.659193 ], [ 139.713371, 35.658659 ], [ 139.713928, 35.659783 ], [ 139.712201, 35.660814 ], [ 139.710476, 35.662821 ], [ 139.71045, 35.662983 ], [ 139.708736, 35.664181 ], [ 139.71056, 35.666097 ], [ 139.710822, 35.665978 ], [ 139.713931, 35.66945 ], [ 139.714407, 35.669239 ], [ 139.715064, 35.669654 ], [ 139.715942, 35.669107 ], [ 139.715941, 35.669112 ], [ 139.713987, 35.670363 ], [ 139.714394, 35.670871 ], [ 139.714104, 35.670908 ], [ 139.714096, 35.671146 ], [ 139.714571, 35.67191 ], [ 139.714389, 35.671991 ], [ 139.714844, 35.672946 ], [ 139.715407, 35.672696 ], [ 139.715328, 35.672537 ], [ 139.716447, 35.672113 ], [ 139.716665, 35.672441 ], [ 139.716245, 35.673242 ], [ 139.718608, 35.673987 ], [ 139.71959, 35.675064 ], [ 139.719868, 35.675266 ], [ 139.71945, 35.676739 ], [ 139.719663, 35.676783 ], [ 139.718996, 35.678594 ], [ 139.719727, 35.678519 ], [ 139.719761, 35.679132 ], [ 139.720065, 35.678949 ], [ 139.720695, 35.679182 ], [ 139.720846, 35.679048 ], [ 139.721085, 35.679121 ], [ 139.721143, 35.678889 ], [ 139.722699, 35.678992 ], [ 139.723886, 35.678898 ], [ 139.724038, 35.678699 ], [ 139.725141, 35.679299 ], [ 139.72603, 35.679529 ], [ 139.726502, 35.67987 ], [ 139.727453, 35.681924 ], [ 139.727955, 35.682618 ], [ 139.729991, 35.682419 ], [ 139.730646, 35.681187 ], [ 139.731526, 35.681551 ], [ 139.732684, 35.680542 ], [ 139.733308, 35.679236 ], [ 139.733593, 35.67901 ], [ 139.735348, 35.678788 ], [ 139.736898, 35.678869 ], [ 139.737056, 35.678258 ], [ 139.736994, 35.677679 ], [ 139.737263, 35.676703 ], [ 139.738211, 35.675441 ], [ 139.738892, 35.67383 ], [ 139.743145, 35.67132 ], [ 139.743174, 35.671347 ], [ 139.74503, 35.670948 ], [ 139.744947, 35.670581 ], [ 139.74594, 35.670376 ], [ 139.746624, 35.670147 ], [ 139.747516, 35.669545 ], [ 139.749414, 35.670944 ], [ 139.751793, 35.670139 ], [ 139.751629, 35.669766 ], [ 139.752041, 35.670625 ], [ 139.755427, 35.669573 ], [ 139.755815, 35.669477 ], [ 139.758525, 35.668567 ], [ 139.758492, 35.668376 ], [ 139.762249, 35.667154 ], [ 139.762573, 35.66654 ], [ 139.763175, 35.665329 ], [ 139.763282, 35.664217 ], [ 139.763067, 35.66375 ], [ 139.759486, 35.659177 ], [ 139.759135, 35.659327 ], [ 139.759739, 35.658849 ], [ 139.764664, 35.656057 ], [ 139.762502, 35.651874 ], [ 139.76129, 35.652463 ], [ 139.760929, 35.652158 ], [ 139.761184, 35.652442 ], [ 139.760375, 35.652627 ], [ 139.760261, 35.652391 ], [ 139.760163, 35.652173 ], [ 139.760751, 35.651965 ], [ 139.761002, 35.652133 ], [ 139.760824, 35.651929 ], [ 139.760986, 35.651881 ], [ 139.760932, 35.651716 ], [ 139.761077, 35.651745 ], [ 139.761025, 35.65159 ], [ 139.760915, 35.651671 ], [ 139.760925, 35.651322 ], [ 139.760825, 35.651417 ], [ 139.760645, 35.65095 ], [ 139.760868, 35.651134 ], [ 139.759628, 35.647555 ], [ 139.759276, 35.645998 ], [ 139.758691, 35.646148 ], [ 139.758643, 35.645954 ], [ 139.758618, 35.64618 ], [ 139.758248, 35.646308 ], [ 139.758021, 35.646166 ], [ 139.758027, 35.646367 ], [ 139.757774, 35.646489 ], [ 139.756788, 35.646592 ], [ 139.757209, 35.646448 ], [ 139.757102, 35.646222 ], [ 139.759071, 35.645417 ], [ 139.759077, 35.644981 ], [ 139.760321, 35.644989 ], [ 139.760422, 35.636779 ], [ 139.759644, 35.636775 ], [ 139.758914, 35.635965 ], [ 139.758347, 35.63575 ], [ 139.758861, 35.635994 ], [ 139.759596, 35.636805 ], [ 139.758769, 35.637261 ], [ 139.758048, 35.636379 ], [ 139.75873, 35.637285 ], [ 139.758281, 35.63753 ], [ 139.758081, 35.63728 ], [ 139.758265, 35.63754 ], [ 139.755509, 35.639049 ], [ 139.754795, 35.638879 ], [ 139.754611, 35.638485 ], [ 139.755078, 35.638326 ], [ 139.754594, 35.638452 ], [ 139.754399, 35.63807 ], [ 139.754868, 35.637846 ], [ 139.754376, 35.638024 ], [ 139.754219, 35.637721 ], [ 139.754354, 35.637667 ], [ 139.754163, 35.637592 ], [ 139.754303, 35.637538 ], [ 139.754155, 35.637547 ], [ 139.753765, 35.636847 ], [ 139.754621, 35.636516 ], [ 139.753745, 35.636765 ], [ 139.753062, 35.635416 ], [ 139.753408, 35.635245 ], [ 139.752784, 35.635402 ], [ 139.75265, 35.63516 ], [ 139.75223, 35.635289 ], [ 139.75211, 35.635057 ], [ 139.752012, 35.635093 ], [ 139.752171, 35.635589 ], [ 139.75183, 35.635719 ], [ 139.75157, 35.635236 ], [ 139.751452, 35.634996 ], [ 139.751739, 35.634904 ], [ 139.751966, 35.63511 ], [ 139.752335, 35.634936 ], [ 139.752211, 35.634647 ], [ 139.751812, 35.634364 ], [ 139.752028, 35.634105 ], [ 139.752596, 35.634388 ], [ 139.752527, 35.633595 ], [ 139.752717, 35.633678 ], [ 139.752694, 35.633457 ], [ 139.752523, 35.633551 ], [ 139.752512, 35.633277 ], [ 139.75266, 35.633347 ], [ 139.752511, 35.633231 ], [ 139.752594, 35.632934 ], [ 139.752492, 35.633016 ], [ 139.752442, 35.632492 ], [ 139.752571, 35.632485 ], [ 139.752671, 35.632785 ], [ 139.752632, 35.632484 ], [ 139.752864, 35.632468 ], [ 139.752857, 35.632648 ], [ 139.75302, 35.632452 ], [ 139.753395, 35.633118 ], [ 139.752922, 35.632195 ], [ 139.753005, 35.63242 ], [ 139.752812, 35.632289 ], [ 139.752803, 35.632429 ], [ 139.752618, 35.63245 ], [ 139.752567, 35.632303 ], [ 139.752592, 35.632451 ], [ 139.752447, 35.632455 ], [ 139.752415, 35.632199 ], [ 139.752645, 35.632164 ], [ 139.752423, 35.632168 ], [ 139.752396, 35.631948 ], [ 139.752875, 35.632065 ], [ 139.752781, 35.6319 ], [ 139.752442, 35.631914 ], [ 139.752439, 35.63179 ], [ 139.752842, 35.631765 ], [ 139.752442, 35.631763 ], [ 139.752607, 35.631597 ], [ 139.752407, 35.631522 ], [ 139.752638, 35.631522 ], [ 139.752406, 35.631389 ], [ 139.753139, 35.631307 ], [ 139.75314, 35.631327 ], [ 139.754152, 35.63126 ], [ 139.755109, 35.633539 ], [ 139.755122, 35.633332 ], [ 139.755243, 35.633606 ], [ 139.755694, 35.633596 ], [ 139.755655, 35.633702 ], [ 139.7579, 35.633627 ], [ 139.757875, 35.633793 ], [ 139.758043, 35.633632 ], [ 139.759207, 35.633631 ], [ 139.759403, 35.627882 ], [ 139.757461, 35.627793 ], [ 139.757617, 35.624174 ], [ 139.753449, 35.624081 ], [ 139.753831, 35.628927 ], [ 139.75372, 35.629002 ], [ 139.753862, 35.629187 ], [ 139.753068, 35.629793 ], [ 139.752424, 35.630117 ], [ 139.752394, 35.629852 ], [ 139.75225, 35.629851 ], [ 139.751886, 35.62606 ], [ 139.751532, 35.6259 ], [ 139.751671, 35.626227 ], [ 139.750844, 35.626184 ], [ 139.750855, 35.626034 ], [ 139.751026, 35.626041 ], [ 139.750855, 35.626009 ], [ 139.750863, 35.625761 ], [ 139.751354, 35.625815 ], [ 139.750185, 35.62529 ], [ 139.750154, 35.624492 ], [ 139.749626, 35.624289 ], [ 139.749659, 35.625007 ], [ 139.749102, 35.624756 ], [ 139.749407, 35.624204 ], [ 139.748913, 35.62473 ], [ 139.746835, 35.623791 ], [ 139.746591, 35.623904 ], [ 139.74651, 35.624739 ], [ 139.746148, 35.624694 ], [ 139.745747, 35.624618 ], [ 139.745854, 35.623591 ], [ 139.74535, 35.623492 ], [ 139.745374, 35.623257 ], [ 139.74421, 35.623417 ], [ 139.743463, 35.625163 ], [ 139.740592, 35.624747 ], [ 139.740129, 35.625001 ], [ 139.740028, 35.624947 ], [ 139.740171, 35.624746 ], [ 139.739573, 35.624665 ], [ 139.739773, 35.624367 ], [ 139.739586, 35.624288 ], [ 139.739251, 35.624638 ], [ 139.738839, 35.624596 ], [ 139.738412, 35.625115 ], [ 139.738809, 35.624614 ], [ 139.738189, 35.624861 ], [ 139.737983, 35.624707 ], [ 139.738138, 35.624017 ], [ 139.738059, 35.623743 ], [ 139.73739, 35.623603 ], [ 139.737422, 35.623248 ], [ 139.735267, 35.623137 ], [ 139.734719, 35.624511 ], [ 139.733786, 35.625975 ], [ 139.732207, 35.626022 ], [ 139.732301, 35.625746 ], [ 139.731908, 35.625457 ], [ 139.731636, 35.625626 ], [ 139.731414, 35.625525 ], [ 139.731147, 35.625776 ], [ 139.731112, 35.625907 ], [ 139.731435, 35.625899 ], [ 139.731702, 35.626102 ], [ 139.731148, 35.626598 ], [ 139.731149, 35.626772 ], [ 139.730863, 35.626673 ], [ 139.730884, 35.626991 ], [ 139.731177, 35.627082 ], [ 139.730929, 35.627639 ], [ 139.731326, 35.627646 ], [ 139.731447, 35.628083 ], [ 139.731413, 35.628812 ], [ 139.731064, 35.62937 ], [ 139.731002, 35.63012 ], [ 139.732393, 35.630119 ], [ 139.730813, 35.630126 ], [ 139.730625, 35.6305 ], [ 139.729667, 35.631228 ], [ 139.729352, 35.631522 ], [ 139.729027, 35.631309 ], [ 139.728245, 35.631748 ], [ 139.728257, 35.632297 ] ], [ [ 139.722229, 35.641815 ], [ 139.722048, 35.642128 ], [ 139.72091, 35.643388 ], [ 139.722229, 35.641815 ] ], [ [ 139.726187, 35.64439 ], [ 139.726783, 35.644347 ], [ 139.722699, 35.644713 ], [ 139.726187, 35.64439 ] ], [ [ 139.72747, 35.644017 ], [ 139.728445, 35.643944 ], [ 139.727701, 35.644002 ], [ 139.726783, 35.644347 ], [ 139.72747, 35.644017 ] ], [ [ 139.727997, 35.646411 ], [ 139.728021, 35.646421 ], [ 139.72461, 35.646334 ], [ 139.727997, 35.646411 ] ], [ [ 139.725154, 35.655111 ], [ 139.723488, 35.65581 ], [ 139.722932, 35.656039 ], [ 139.725154, 35.655111 ] ], [ [ 139.72616, 35.654392 ], [ 139.72628, 35.655146 ], [ 139.726158, 35.65442 ], [ 139.725154, 35.655111 ], [ 139.72616, 35.654392 ] ], [ [ 139.73632, 35.67796 ], [ 139.732429, 35.675658 ], [ 139.732425, 35.675605 ], [ 139.735201, 35.677255 ], [ 139.737056, 35.678258 ], [ 139.73632, 35.67796 ] ], [ [ 139.756871, 35.646775 ], [ 139.756671, 35.646845 ], [ 139.756974, 35.647466 ], [ 139.756707, 35.647568 ], [ 139.75642, 35.647641 ], [ 139.756055, 35.646998 ], [ 139.754143, 35.646173 ], [ 139.754058, 35.645992 ], [ 139.751375, 35.644838 ], [ 139.755824, 35.646592 ], [ 139.755257, 35.645299 ], [ 139.755482, 35.64512 ], [ 139.75552, 35.645198 ], [ 139.755782, 35.645088 ], [ 139.756461, 35.646412 ], [ 139.756656, 35.646348 ], [ 139.756788, 35.646592 ], [ 139.756871, 35.646775 ] ], [ [ 139.746507, 35.624818 ], [ 139.746232, 35.626998 ], [ 139.746417, 35.628927 ], [ 139.746032, 35.628958 ], [ 139.745651, 35.628965 ], [ 139.745468, 35.627094 ], [ 139.745728, 35.624689 ], [ 139.746148, 35.624694 ], [ 139.746507, 35.624818 ] ], [ [ 139.737959, 35.626559 ], [ 139.738026, 35.62618 ], [ 139.738412, 35.625115 ], [ 139.737959, 35.626559 ] ], [ [ 139.735744, 35.667213 ], [ 139.737621, 35.66867 ], [ 139.738255, 35.669301 ], [ 139.735744, 35.667213 ] ], [ [ 139.734761, 35.666932 ], [ 139.735081, 35.666985 ], [ 139.735744, 35.667213 ], [ 139.734761, 35.666932 ] ], [ [ 139.739839, 35.66762 ], [ 139.7393, 35.666932 ], [ 139.739289, 35.666885 ], [ 139.73984, 35.66762 ], [ 139.739839, 35.66762 ] ], [ [ 139.739411, 35.667044 ], [ 139.739903, 35.667592 ], [ 139.73984, 35.66762 ], [ 139.739411, 35.667044 ] ], [ [ 139.738901, 35.665269 ], [ 139.7389, 35.66508 ], [ 139.73923, 35.666641 ], [ 139.738901, 35.665269 ] ], [ [ 139.738564, 35.663273 ], [ 139.740804, 35.662357 ], [ 139.740953, 35.662358 ], [ 139.740743, 35.662406 ], [ 139.739908, 35.662871 ], [ 139.738565, 35.663277 ], [ 139.738564, 35.663273 ] ], [ [ 139.737903, 35.661189 ], [ 139.740608, 35.660107 ], [ 139.742273, 35.659491 ], [ 139.73805, 35.661145 ], [ 139.737903, 35.661189 ] ], [ [ 139.740346, 35.659718 ], [ 139.73969, 35.658439 ], [ 139.739621, 35.657936 ], [ 139.739774, 35.658587 ], [ 139.740608, 35.660107 ], [ 139.740346, 35.659718 ] ], [ [ 139.739075, 35.660154 ], [ 139.739726, 35.65989 ], [ 139.739738, 35.659927 ], [ 139.739075, 35.660154 ] ], [ [ 139.738972, 35.659829 ], [ 139.739129, 35.658965 ], [ 139.739008, 35.659943 ], [ 139.738972, 35.659829 ] ], [ [ 139.738882, 35.658874 ], [ 139.739145, 35.658833 ], [ 139.739138, 35.658892 ], [ 139.738882, 35.658874 ] ], [ [ 139.738781, 35.657942 ], [ 139.738807, 35.657957 ], [ 139.738785, 35.657977 ], [ 139.738781, 35.657942 ] ], [ [ 139.738897, 35.655515 ], [ 139.739247, 35.657945 ], [ 139.73922, 35.657946 ], [ 139.738897, 35.655515 ] ], [ [ 139.73801, 35.655708 ], [ 139.737963, 35.655691 ], [ 139.738727, 35.655547 ], [ 139.73801, 35.655708 ] ], [ [ 139.737729, 35.655603 ], [ 139.737603, 35.65534 ], [ 139.73787, 35.655656 ], [ 139.737729, 35.655603 ] ], [ [ 139.737094, 35.655447 ], [ 139.735684, 35.655704 ], [ 139.737077, 35.655448 ], [ 139.737603, 35.65534 ], [ 139.737094, 35.655447 ] ], [ [ 139.737697, 35.649427 ], [ 139.737695, 35.649831 ], [ 139.737665, 35.649938 ], [ 139.737697, 35.649427 ] ], [ [ 139.736654, 35.643133 ], [ 139.736974, 35.642542 ], [ 139.736415, 35.643721 ], [ 139.736654, 35.643133 ] ], [ [ 139.737844, 35.640934 ], [ 139.738624, 35.640016 ], [ 139.737638, 35.641314 ], [ 139.737844, 35.640934 ] ], [ [ 139.740491, 35.635989 ], [ 139.740455, 35.635898 ], [ 139.740501, 35.636004 ], [ 139.740491, 35.635989 ] ], [ [ 139.739562, 35.63365 ], [ 139.739053, 35.631681 ], [ 139.739696, 35.633988 ], [ 139.739562, 35.63365 ] ], [ [ 139.737583, 35.627782 ], [ 139.737744, 35.627783 ], [ 139.738002, 35.627803 ], [ 139.737583, 35.627782 ] ], [ [ 139.733685, 35.652525 ], [ 139.733542, 35.652497 ], [ 139.736907, 35.652591 ], [ 139.736621, 35.652585 ], [ 139.733685, 35.652525 ] ], [ [ 139.721038, 35.677138 ], [ 139.720316, 35.678442 ], [ 139.720978, 35.677108 ], [ 139.721038, 35.677138 ] ], [ [ 139.722517, 35.674795 ], [ 139.722115, 35.675209 ], [ 139.72214, 35.67516 ], [ 139.722517, 35.674795 ] ], [ [ 139.724543, 35.671374 ], [ 139.724048, 35.672717 ], [ 139.725548, 35.673196 ], [ 139.724156, 35.672753 ], [ 139.724045, 35.672718 ], [ 139.724543, 35.671374 ] ], [ [ 139.725698, 35.673244 ], [ 139.725697, 35.673244 ], [ 139.726671, 35.67063 ], [ 139.725698, 35.673244 ] ], [ [ 139.727686, 35.673853 ], [ 139.729512, 35.674459 ], [ 139.725698, 35.673244 ], [ 139.727686, 35.673853 ] ], [ [ 139.731984, 35.668903 ], [ 139.732005, 35.668916 ], [ 139.730339, 35.668804 ], [ 139.731984, 35.668903 ] ], [ [ 139.732195, 35.66903 ], [ 139.73321, 35.667871 ], [ 139.732213, 35.669013 ], [ 139.735029, 35.670961 ], [ 139.733631, 35.67009 ], [ 139.732005, 35.668916 ], [ 139.732195, 35.66903 ] ], [ [ 139.736269, 35.672139 ], [ 139.736138, 35.672045 ], [ 139.735029, 35.670961 ], [ 139.736269, 35.672139 ] ], [ [ 139.732753, 35.662274 ], [ 139.732217, 35.663272 ], [ 139.734207, 35.662286 ], [ 139.732271, 35.663247 ], [ 139.731154, 35.66424 ], [ 139.732279, 35.663145 ], [ 139.732753, 35.662274 ] ], [ [ 139.728154, 35.661201 ], [ 139.728678, 35.661448 ], [ 139.72641, 35.66058 ], [ 139.728154, 35.661201 ] ], [ [ 139.727238, 35.657645 ], [ 139.727561, 35.658564 ], [ 139.728154, 35.661201 ], [ 139.727238, 35.657645 ] ], [ [ 139.732783, 35.656208 ], [ 139.733228, 35.656621 ], [ 139.732371, 35.655833 ], [ 139.732783, 35.656208 ] ], [ [ 139.730498, 35.651906 ], [ 139.732037, 35.649961 ], [ 139.730584, 35.651923 ], [ 139.730561, 35.651918 ], [ 139.729194, 35.652242 ], [ 139.730498, 35.651906 ] ], [ [ 139.728676, 35.652595 ], [ 139.729084, 35.652303 ], [ 139.729113, 35.652193 ], [ 139.729194, 35.652242 ], [ 139.728676, 35.652595 ] ], [ [ 139.732577, 35.647185 ], [ 139.73242, 35.647237 ], [ 139.729343, 35.646973 ], [ 139.731597, 35.647154 ], [ 139.732577, 35.647185 ] ], [ [ 139.732803, 35.643582 ], [ 139.734156, 35.642688 ], [ 139.732838, 35.643609 ], [ 139.731335, 35.64372 ], [ 139.731122, 35.643736 ], [ 139.732803, 35.643582 ] ], [ [ 139.732956, 35.640458 ], [ 139.735516, 35.645078 ], [ 139.734156, 35.642688 ], [ 139.732956, 35.640458 ] ], [ [ 139.730496, 35.640212 ], [ 139.7328, 35.640439 ], [ 139.732956, 35.640458 ], [ 139.730496, 35.640212 ] ], [ [ 139.72841, 35.639046 ], [ 139.724363, 35.637147 ], [ 139.727496, 35.638531 ], [ 139.730496, 35.640212 ], [ 139.72841, 35.639046 ] ], [ [ 139.731351, 35.635829 ], [ 139.733043, 35.635645 ], [ 139.731329, 35.635837 ], [ 139.729173, 35.636072 ], [ 139.731351, 35.635829 ] ], [ [ 139.734657, 35.635268 ], [ 139.733058, 35.635657 ], [ 139.733522, 35.637268 ], [ 139.733443, 35.637132 ], [ 139.733043, 35.635645 ], [ 139.734657, 35.635268 ] ], [ [ 139.728697, 35.661457 ], [ 139.727717, 35.662031 ], [ 139.727779, 35.661972 ], [ 139.728697, 35.661457 ] ], [ [ 139.728296, 35.640109 ], [ 139.724432, 35.64106 ], [ 139.724, 35.641162 ], [ 139.728296, 35.640109 ] ], [ [ 139.726476, 35.656314 ], [ 139.726993, 35.656948 ], [ 139.727105, 35.657266 ], [ 139.726476, 35.656314 ] ], [ [ 139.722398, 35.641523 ], [ 139.722325, 35.64165 ], [ 139.722342, 35.641516 ], [ 139.723476, 35.641595 ], [ 139.722398, 35.641523 ] ], [ [ 139.719016, 35.659222 ], [ 139.719075, 35.659386 ], [ 139.719089, 35.659515 ], [ 139.719016, 35.659222 ] ], [ [ 139.723435, 35.65967 ], [ 139.723764, 35.658122 ], [ 139.723742, 35.658401 ], [ 139.723435, 35.65967 ] ], [ [ 139.724641, 35.65995 ], [ 139.725336, 35.660198 ], [ 139.723435, 35.65967 ], [ 139.724641, 35.65995 ] ], [ [ 139.722976, 35.66119 ], [ 139.722925, 35.661228 ], [ 139.723435, 35.65967 ], [ 139.722976, 35.66119 ] ], [ [ 139.712669, 35.665084 ], [ 139.713573, 35.666144 ], [ 139.711465, 35.663841 ], [ 139.712669, 35.665084 ] ], [ [ 139.71621, 35.662819 ], [ 139.714639, 35.663828 ], [ 139.712669, 35.665084 ], [ 139.71621, 35.662819 ] ], [ [ 139.718291, 35.661956 ], [ 139.718341, 35.662 ], [ 139.717144, 35.662641 ], [ 139.718291, 35.661956 ] ], [ [ 139.723173, 35.662003 ], [ 139.722048, 35.661806 ], [ 139.722517, 35.66153 ], [ 139.722153, 35.661799 ], [ 139.722824, 35.661843 ], [ 139.723173, 35.662003 ] ], [ [ 139.723562, 35.662072 ], [ 139.723905, 35.661925 ], [ 139.723642, 35.662075 ], [ 139.723644, 35.662086 ], [ 139.723562, 35.662072 ] ], [ [ 139.724688, 35.665104 ], [ 139.724672, 35.665288 ], [ 139.724488, 35.664641 ], [ 139.724688, 35.665104 ] ], [ [ 139.724639, 35.665682 ], [ 139.724574, 35.666442 ], [ 139.724521, 35.666233 ], [ 139.723641, 35.669896 ], [ 139.724639, 35.665682 ] ], [ [ 139.726629, 35.666534 ], [ 139.725531, 35.666584 ], [ 139.724574, 35.666442 ], [ 139.726629, 35.666534 ] ], [ [ 139.718786, 35.661458 ], [ 139.718787, 35.661466 ], [ 139.718317, 35.661528 ], [ 139.718786, 35.661458 ] ], [ [ 139.721347, 35.671861 ], [ 139.716844, 35.670078 ], [ 139.722953, 35.672371 ], [ 139.721347, 35.671861 ] ], [ [ 139.719519, 35.667342 ], [ 139.717678, 35.667767 ], [ 139.718081, 35.667626 ], [ 139.719524, 35.667338 ], [ 139.719519, 35.667342 ] ], [ [ 139.719638, 35.667242 ], [ 139.720182, 35.666742 ], [ 139.72016, 35.666804 ], [ 139.719638, 35.667242 ] ], [ [ 139.720534, 35.66575 ], [ 139.720301, 35.664374 ], [ 139.720305, 35.664365 ], [ 139.720534, 35.66575 ] ], [ [ 139.71597, 35.668963 ], [ 139.715938, 35.668918 ], [ 139.715971, 35.668956 ], [ 139.71597, 35.668963 ] ], [ [ 139.717438, 35.667851 ], [ 139.717475, 35.667838 ], [ 139.715971, 35.668956 ], [ 139.717438, 35.667851 ] ], [ [ 139.73101, 35.674764 ], [ 139.730943, 35.674728 ], [ 139.730953, 35.67473 ], [ 139.73101, 35.674764 ] ], [ [ 139.734076, 35.646538 ], [ 139.733486, 35.646882 ], [ 139.733278, 35.646951 ], [ 139.734076, 35.646538 ] ], [ [ 139.735757, 35.64633 ], [ 139.736416, 35.646494 ], [ 139.735659, 35.646342 ], [ 139.735757, 35.64633 ] ], [ [ 139.736615, 35.646718 ], [ 139.736655, 35.646824 ], [ 139.736416, 35.646494 ], [ 139.736615, 35.646718 ] ], [ [ 139.734558, 35.653646 ], [ 139.734223, 35.653714 ], [ 139.734095, 35.653188 ], [ 139.734222, 35.653706 ], [ 139.734558, 35.653646 ] ], [ [ 139.734083, 35.653982 ], [ 139.734087, 35.653742 ], [ 139.734391, 35.654786 ], [ 139.734083, 35.653982 ] ], [ [ 139.736754, 35.665393 ], [ 139.737594, 35.665973 ], [ 139.736617, 35.665322 ], [ 139.736754, 35.665393 ] ], [ [ 139.738823, 35.666822 ], [ 139.739636, 35.667709 ], [ 139.73868, 35.666723 ], [ 139.738823, 35.666822 ] ], [ [ 139.732623, 35.65789 ], [ 139.732193, 35.657733 ], [ 139.732224, 35.657658 ], [ 139.732656, 35.657883 ], [ 139.732719, 35.657835 ], [ 139.732643, 35.657897 ], [ 139.732275, 35.658576 ], [ 139.732623, 35.65789 ] ], [ [ 139.732886, 35.661254 ], [ 139.732273, 35.659013 ], [ 139.732275, 35.658576 ], [ 139.732886, 35.661254 ] ], [ [ 139.736392, 35.657702 ], [ 139.736429, 35.657618 ], [ 139.736434, 35.65762 ], [ 139.736392, 35.657702 ] ], [ [ 139.736229, 35.658073 ], [ 139.736258, 35.658008 ], [ 139.736544, 35.659626 ], [ 139.736229, 35.658073 ] ], [ [ 139.737184, 35.656365 ], [ 139.736522, 35.657553 ], [ 139.736474, 35.657554 ], [ 139.737184, 35.656365 ] ], [ [ 139.736826, 35.657548 ], [ 139.737913, 35.657457 ], [ 139.738036, 35.657526 ], [ 139.736826, 35.657548 ] ], [ [ 139.732814, 35.667556 ], [ 139.733631, 35.666925 ], [ 139.734415, 35.666452 ], [ 139.732814, 35.667556 ] ], [ [ 139.730902, 35.673185 ], [ 139.731371, 35.672677 ], [ 139.731736, 35.672428 ], [ 139.730902, 35.673185 ] ], [ [ 139.742347, 35.665912 ], [ 139.741788, 35.666163 ], [ 139.742341, 35.665903 ], [ 139.742347, 35.665912 ] ], [ [ 139.749942, 35.665921 ], [ 139.749993, 35.666047 ], [ 139.749961, 35.665974 ], [ 139.749942, 35.665921 ] ], [ [ 139.747502, 35.666845 ], [ 139.745918, 35.667406 ], [ 139.748316, 35.66655 ], [ 139.749961, 35.665974 ], [ 139.747502, 35.666845 ] ], [ [ 139.748852, 35.664011 ], [ 139.749498, 35.663746 ], [ 139.749339, 35.661654 ], [ 139.74965, 35.66511 ], [ 139.749499, 35.663757 ], [ 139.748852, 35.664011 ] ], [ [ 139.748584, 35.661767 ], [ 139.748691, 35.661747 ], [ 139.749339, 35.661654 ], [ 139.748584, 35.661767 ] ], [ [ 139.750338, 35.657686 ], [ 139.750575, 35.6591 ], [ 139.750359, 35.657836 ], [ 139.750338, 35.657686 ] ], [ [ 139.749668, 35.653096 ], [ 139.749685, 35.653102 ], [ 139.74915, 35.653012 ], [ 139.749668, 35.653096 ] ], [ [ 139.753066, 35.648469 ], [ 139.753536, 35.648827 ], [ 139.752496, 35.648188 ], [ 139.753066, 35.648469 ] ], [ [ 139.749135, 35.646557 ], [ 139.750011, 35.646961 ], [ 139.750354, 35.647131 ], [ 139.749288, 35.646632 ], [ 139.749135, 35.646557 ] ], [ [ 139.751029, 35.642036 ], [ 139.749237, 35.641258 ], [ 139.746016, 35.64218 ], [ 139.748151, 35.641471 ], [ 139.748109, 35.641371 ], [ 139.749222, 35.640916 ], [ 139.749243, 35.639083 ], [ 139.749727, 35.638942 ], [ 139.749782, 35.638967 ], [ 139.749667, 35.639003 ], [ 139.749652, 35.639508 ], [ 139.750684, 35.640913 ], [ 139.750864, 35.641466 ], [ 139.750758, 35.64091 ], [ 139.749718, 35.639504 ], [ 139.749714, 35.639026 ], [ 139.749944, 35.639667 ], [ 139.751384, 35.641479 ], [ 139.752286, 35.641581 ], [ 139.752358, 35.641806 ], [ 139.752364, 35.641566 ], [ 139.753141, 35.641564 ], [ 139.753287, 35.641361 ], [ 139.751694, 35.638316 ], [ 139.751956, 35.638221 ], [ 139.751951, 35.638211 ], [ 139.752206, 35.638118 ], [ 139.754673, 35.642854 ], [ 139.754316, 35.642854 ], [ 139.754344, 35.642923 ], [ 139.75401, 35.642832 ], [ 139.753577, 35.642025 ], [ 139.752361, 35.642023 ], [ 139.75228, 35.641805 ], [ 139.752281, 35.642029 ], [ 139.751433, 35.642041 ], [ 139.751428, 35.642774 ], [ 139.751226, 35.642771 ], [ 139.751082, 35.642762 ], [ 139.751029, 35.642036 ] ], [ [ 139.7508, 35.636579 ], [ 139.749811, 35.636898 ], [ 139.749727, 35.638779 ], [ 139.749226, 35.6389 ], [ 139.74927, 35.636898 ], [ 139.748405, 35.636471 ], [ 139.746736, 35.637035 ], [ 139.746689, 35.636913 ], [ 139.746697, 35.636909 ], [ 139.746596, 35.636574 ], [ 139.747783, 35.636178 ], [ 139.747874, 35.635997 ], [ 139.747427, 35.635071 ], [ 139.747811, 35.63496 ], [ 139.748165, 35.634852 ], [ 139.747612, 35.635429 ], [ 139.747743, 35.635682 ], [ 139.748313, 35.635111 ], [ 139.748233, 35.635211 ], [ 139.748446, 35.635606 ], [ 139.748774, 35.635849 ], [ 139.751015, 35.635126 ], [ 139.751151, 35.635389 ], [ 139.751163, 35.635385 ], [ 139.751435, 35.635874 ], [ 139.751222, 35.636192 ], [ 139.752148, 35.63795 ], [ 139.751867, 35.638048 ], [ 139.751608, 35.638122 ], [ 139.7508, 35.636579 ] ], [ [ 139.746512, 35.637106 ], [ 139.744746, 35.637688 ], [ 139.743957, 35.637875 ], [ 139.746496, 35.636995 ], [ 139.746689, 35.636913 ], [ 139.746512, 35.637106 ] ], [ [ 139.748084, 35.634686 ], [ 139.747719, 35.634803 ], [ 139.747365, 35.634931 ], [ 139.745943, 35.632036 ], [ 139.745916, 35.631877 ], [ 139.746328, 35.631837 ], [ 139.752373, 35.631085 ], [ 139.752321, 35.630495 ], [ 139.753084, 35.630054 ], [ 139.753085, 35.630071 ], [ 139.753737, 35.629656 ], [ 139.753935, 35.630374 ], [ 139.753879, 35.630963 ], [ 139.754049, 35.631044 ], [ 139.753129, 35.631119 ], [ 139.746694, 35.631822 ], [ 139.748084, 35.634686 ] ], [ [ 139.742937, 35.666827 ], [ 139.742937, 35.666826 ], [ 139.743661, 35.66652 ], [ 139.743755, 35.666501 ], [ 139.742937, 35.666827 ] ], [ [ 139.745218, 35.654632 ], [ 139.745775, 35.654438 ], [ 139.745715, 35.654496 ], [ 139.745215, 35.654659 ], [ 139.741637, 35.655001 ], [ 139.741269, 35.655069 ], [ 139.741951, 35.654941 ], [ 139.74522, 35.654654 ], [ 139.745218, 35.654632 ] ], [ [ 139.746625, 35.653621 ], [ 139.747178, 35.653313 ], [ 139.747256, 35.653301 ], [ 139.746625, 35.653621 ] ], [ [ 139.742736, 35.646192 ], [ 139.742664, 35.646304 ], [ 139.742546, 35.645664 ], [ 139.742736, 35.646192 ] ], [ [ 139.742528, 35.646514 ], [ 139.741976, 35.646765 ], [ 139.742565, 35.646457 ], [ 139.742528, 35.646514 ] ], [ [ 139.741556, 35.647153 ], [ 139.741469, 35.647161 ], [ 139.741119, 35.646574 ], [ 139.741556, 35.647153 ] ], [ [ 139.744028, 35.644023 ], [ 139.744078, 35.643939 ], [ 139.7443, 35.645775 ], [ 139.744028, 35.644023 ] ], [ [ 139.744098, 35.643905 ], [ 139.744142, 35.64383 ], [ 139.746281, 35.645147 ], [ 139.745731, 35.644876 ], [ 139.744098, 35.643905 ] ], [ [ 139.744148, 35.643821 ], [ 139.746142, 35.642448 ], [ 139.744143, 35.643829 ], [ 139.744148, 35.643821 ] ], [ [ 139.741842, 35.63883 ], [ 139.743265, 35.638115 ], [ 139.74328, 35.638175 ], [ 139.743611, 35.638023 ], [ 139.743585, 35.63807 ], [ 139.741842, 35.63883 ] ], [ [ 139.744999, 35.629318 ], [ 139.740719, 35.629646 ], [ 139.744993, 35.629229 ], [ 139.744999, 35.629318 ] ], [ [ 139.745886, 35.631603 ], [ 139.745968, 35.63133 ], [ 139.745686, 35.629162 ], [ 139.746043, 35.629127 ], [ 139.746439, 35.629109 ], [ 139.746671, 35.631457 ], [ 139.74631, 35.631578 ], [ 139.745886, 35.631603 ] ], [ [ 139.74492, 35.651336 ], [ 139.744799, 35.64991 ], [ 139.744852, 35.650346 ], [ 139.74492, 35.651336 ] ], [ [ 139.744189, 35.661031 ], [ 139.744297, 35.661357 ], [ 139.743952, 35.660957 ], [ 139.744189, 35.661031 ] ], [ [ 139.744954, 35.662117 ], [ 139.74543, 35.661963 ], [ 139.745873, 35.661966 ], [ 139.744958, 35.662122 ], [ 139.744954, 35.662117 ] ], [ [ 139.746988, 35.661426 ], [ 139.748172, 35.661165 ], [ 139.746343, 35.661649 ], [ 139.746988, 35.661426 ] ], [ [ 139.741214, 35.658026 ], [ 139.740876, 35.658023 ], [ 139.740993, 35.657963 ], [ 139.741214, 35.658026 ] ], [ [ 139.742961, 35.658554 ], [ 139.742406, 35.658561 ], [ 139.742988, 35.658494 ], [ 139.742961, 35.658554 ] ], [ [ 139.74367, 35.658617 ], [ 139.743156, 35.658475 ], [ 139.743253, 35.658464 ], [ 139.74367, 35.658617 ] ], [ [ 139.743674, 35.658752 ], [ 139.743571, 35.658972 ], [ 139.74367, 35.658617 ], [ 139.743674, 35.658752 ] ], [ [ 139.744703, 35.658349 ], [ 139.744623, 35.658415 ], [ 139.743674, 35.658752 ], [ 139.744703, 35.658349 ] ], [ [ 139.745004, 35.658078 ], [ 139.745023, 35.658086 ], [ 139.744961, 35.658137 ], [ 139.745004, 35.658078 ] ], [ [ 139.743315, 35.659821 ], [ 139.743316, 35.659818 ], [ 139.74336, 35.660299 ], [ 139.743315, 35.659821 ] ], [ [ 139.74414, 35.660882 ], [ 139.744178, 35.660995 ], [ 139.74336, 35.660299 ], [ 139.74414, 35.660882 ] ], [ [ 139.741975, 35.664196 ], [ 139.742008, 35.664174 ], [ 139.743053, 35.665448 ], [ 139.741975, 35.664196 ] ], [ [ 139.745222, 35.666735 ], [ 139.74454, 35.666339 ], [ 139.745162, 35.666677 ], [ 139.745222, 35.666735 ] ], [ [ 139.747993, 35.664067 ], [ 139.74808, 35.664968 ], [ 139.747805, 35.663428 ], [ 139.747993, 35.664067 ] ], [ [ 139.745227, 35.664065 ], [ 139.746247, 35.663615 ], [ 139.745893, 35.66383 ], [ 139.745227, 35.664065 ] ], [ [ 139.755458, 35.645071 ], [ 139.755481, 35.645118 ], [ 139.755208, 35.645149 ], [ 139.754114, 35.643 ], [ 139.754346, 35.642929 ], [ 139.754375, 35.642999 ], [ 139.754712, 35.642996 ], [ 139.755723, 35.644968 ], [ 139.755458, 35.645071 ] ], [ [ 139.751423, 35.660969 ], [ 139.752745, 35.660554 ], [ 139.752753, 35.660553 ], [ 139.751423, 35.660969 ] ], [ [ 139.752364, 35.662948 ], [ 139.753129, 35.664581 ], [ 139.751423, 35.660969 ], [ 139.752364, 35.662948 ] ], [ [ 139.759037, 35.652179 ], [ 139.759156, 35.652426 ], [ 139.758848, 35.652548 ], [ 139.757205, 35.652718 ], [ 139.758883, 35.652513 ], [ 139.758761, 35.652207 ], [ 139.759037, 35.652179 ] ], [ [ 139.758712, 35.652119 ], [ 139.758495, 35.651687 ], [ 139.758756, 35.651596 ], [ 139.758712, 35.651502 ], [ 139.758969, 35.651529 ], [ 139.759241, 35.652042 ], [ 139.759037, 35.652179 ], [ 139.758712, 35.652119 ] ], [ [ 139.758454, 35.651561 ], [ 139.757898, 35.650544 ], [ 139.758145, 35.65046 ], [ 139.75845, 35.65034 ], [ 139.758973, 35.651362 ], [ 139.758712, 35.651502 ], [ 139.758454, 35.651561 ] ], [ [ 139.759467, 35.652238 ], [ 139.759645, 35.652263 ], [ 139.759837, 35.65254 ], [ 139.759467, 35.652238 ] ], [ [ 139.756335, 35.652916 ], [ 139.756658, 35.654189 ], [ 139.756326, 35.652915 ], [ 139.759296, 35.652718 ], [ 139.756335, 35.652916 ] ], [ [ 139.75544, 35.650828 ], [ 139.75553, 35.650941 ], [ 139.756326, 35.652915 ], [ 139.75544, 35.650828 ] ], [ [ 139.754223, 35.653126 ], [ 139.75259, 35.653378 ], [ 139.751013, 35.653579 ], [ 139.754165, 35.653132 ], [ 139.754223, 35.653126 ] ], [ [ 139.755848, 35.64878 ], [ 139.755484, 35.64878 ], [ 139.755421, 35.648651 ], [ 139.755841, 35.648517 ], [ 139.755601, 35.648275 ], [ 139.756447, 35.648108 ], [ 139.756538, 35.647904 ], [ 139.756821, 35.647814 ], [ 139.756817, 35.647806 ], [ 139.757111, 35.647718 ], [ 139.757818, 35.649069 ], [ 139.757546, 35.649219 ], [ 139.757854, 35.649167 ], [ 139.758382, 35.650208 ], [ 139.758082, 35.65033 ], [ 139.757833, 35.6504 ], [ 139.757294, 35.649363 ], [ 139.757526, 35.649161 ], [ 139.757254, 35.649275 ], [ 139.756838, 35.648487 ], [ 139.755848, 35.64878 ] ], [ [ 139.753935, 35.649131 ], [ 139.754313, 35.649418 ], [ 139.754445, 35.649584 ], [ 139.753935, 35.649131 ] ], [ [ 139.75827, 35.664082 ], [ 139.757458, 35.663115 ], [ 139.756235, 35.661639 ], [ 139.754978, 35.660225 ], [ 139.755309, 35.660296 ], [ 139.755159, 35.660327 ], [ 139.75827, 35.664082 ] ], [ [ 139.757857, 35.658904 ], [ 139.75808, 35.65978 ], [ 139.758453, 35.662075 ], [ 139.758061, 35.659728 ], [ 139.757857, 35.658904 ] ] ], [ [ [ 139.768836, 35.62647 ], [ 139.768433, 35.626669 ], [ 139.76889, 35.626544 ], [ 139.770696, 35.627528 ], [ 139.770888, 35.62786 ], [ 139.771254, 35.628054 ], [ 139.771306, 35.628287 ], [ 139.771983, 35.628253 ], [ 139.772728, 35.628619 ], [ 139.772742, 35.628818 ], [ 139.7725, 35.629071 ], [ 139.772851, 35.628753 ], [ 139.773538, 35.629126 ], [ 139.773227, 35.62948 ], [ 139.773345, 35.629539 ], [ 139.773604, 35.629171 ], [ 139.773997, 35.629376 ], [ 139.773899, 35.629905 ], [ 139.774185, 35.630039 ], [ 139.774071, 35.629738 ], [ 139.774465, 35.629716 ], [ 139.776076, 35.630687 ], [ 139.776859, 35.630928 ], [ 139.777837, 35.631499 ], [ 139.775158, 35.634959 ], [ 139.77323, 35.633958 ], [ 139.772674, 35.632562 ], [ 139.770842, 35.633079 ], [ 139.771352, 35.634337 ], [ 139.771696, 35.634476 ], [ 139.772445, 35.634274 ], [ 139.772519, 35.634523 ], [ 139.773023, 35.634419 ], [ 139.777102, 35.636653 ], [ 139.77771, 35.636277 ], [ 139.777107, 35.635965 ], [ 139.780754, 35.631496 ], [ 139.782, 35.629968 ], [ 139.774281, 35.625782 ], [ 139.77114, 35.623559 ], [ 139.769793, 35.625243 ], [ 139.768836, 35.62647 ] ] ], [ [ [ 139.767581, 35.634032 ], [ 139.76731, 35.633155 ], [ 139.766551, 35.63288 ], [ 139.765485, 35.63317 ], [ 139.765809, 35.634471 ], [ 139.767581, 35.634032 ] ] ] ] } },
{ "type": "Feature", "properties": { "ward": "目黒区" }, "geometry": { "type": "Polygon", "coordinates": [ [ [ 139.68027, 35.600607 ], [ 139.680173, 35.603141 ], [ 139.679967, 35.603126 ], [ 139.679909, 35.603576 ], [ 139.679734, 35.603554 ], [ 139.679698, 35.603737 ], [ 139.6794, 35.603711 ], [ 139.679387, 35.603816 ], [ 139.679682, 35.603843 ], [ 139.679465, 35.605495 ], [ 139.678412, 35.606758 ], [ 139.677097, 35.60807 ], [ 139.675773, 35.608434 ], [ 139.675448, 35.608491 ], [ 139.6742, 35.608187 ], [ 139.673432, 35.608234 ], [ 139.671325, 35.607519 ], [ 139.668106, 35.606542 ], [ 139.667292, 35.606642 ], [ 139.665401, 35.607259 ], [ 139.663307, 35.608518 ], [ 139.66345, 35.608974 ], [ 139.663046, 35.609193 ], [ 139.663255, 35.609269 ], [ 139.663504, 35.609765 ], [ 139.664018, 35.609653 ], [ 139.664009, 35.609857 ], [ 139.663166, 35.610866 ], [ 139.663274, 35.611534 ], [ 139.66348, 35.611773 ], [ 139.662839, 35.6118 ], [ 139.662852, 35.612063 ], [ 139.662671, 35.61207 ], [ 139.663329, 35.612527 ], [ 139.662651, 35.612527 ], [ 139.662803, 35.613767 ], [ 139.664151, 35.61381 ], [ 139.662834, 35.613858 ], [ 139.663065, 35.615061 ], [ 139.663204, 35.615048 ], [ 139.663338, 35.615646 ], [ 139.664055, 35.615859 ], [ 139.664002, 35.616178 ], [ 139.664572, 35.616437 ], [ 139.66449, 35.616772 ], [ 139.664742, 35.616831 ], [ 139.664375, 35.617434 ], [ 139.664797, 35.618377 ], [ 139.666384, 35.618584 ], [ 139.666279, 35.619199 ], [ 139.665857, 35.620059 ], [ 139.665714, 35.620397 ], [ 139.665853, 35.620852 ], [ 139.666437, 35.620895 ], [ 139.665769, 35.621543 ], [ 139.666085, 35.621769 ], [ 139.665916, 35.621911 ], [ 139.665647, 35.621843 ], [ 139.665313, 35.622606 ], [ 139.664625, 35.623045 ], [ 139.663897, 35.624271 ], [ 139.663773, 35.62449 ], [ 139.663915, 35.624853 ], [ 139.663849, 35.625272 ], [ 139.663461, 35.626949 ], [ 139.661838, 35.627956 ], [ 139.662007, 35.62804 ], [ 139.662211, 35.628682 ], [ 139.662145, 35.629138 ], [ 139.662485, 35.630285 ], [ 139.661606, 35.631948 ], [ 139.663527, 35.632101 ], [ 139.664617, 35.631989 ], [ 139.667727, 35.63126 ], [ 139.672157, 35.629881 ], [ 139.672386, 35.629723 ], [ 139.676578, 35.627476 ], [ 139.6772, 35.626936 ], [ 139.678301, 35.625295 ], [ 139.678196, 35.625317 ], [ 139.679398, 35.625039 ], [ 139.679439, 35.62526 ], [ 139.679576, 35.625984 ], [ 139.680441, 35.627966 ], [ 139.680895, 35.628991 ], [ 139.681252, 35.62995 ], [ 139.682058, 35.631336 ], [ 139.683812, 35.63375 ], [ 139.685307, 35.636456 ], [ 139.686198, 35.637961 ], [ 139.686595, 35.639376 ], [ 139.686011, 35.63961 ], [ 139.686071, 35.63996 ], [ 139.686144, 35.640012 ], [ 139.685953, 35.639904 ], [ 139.685828, 35.640711 ], [ 139.685385, 35.641357 ], [ 139.685144, 35.641356 ], [ 139.684702, 35.642525 ], [ 139.684343, 35.642407 ], [ 139.684287, 35.642529 ], [ 139.685551, 35.643055 ], [ 139.684913, 35.642855 ], [ 139.684234, 35.64455 ], [ 139.685544, 35.64498 ], [ 139.684933, 35.646206 ], [ 139.684414, 35.646031 ], [ 139.684478, 35.646753 ], [ 139.68406, 35.649282 ], [ 139.684523, 35.650526 ], [ 139.684654, 35.650894 ], [ 139.684386, 35.651603 ], [ 139.682371, 35.652207 ], [ 139.682504, 35.652748 ], [ 139.684067, 35.652846 ], [ 139.684065, 35.65296 ], [ 139.682962, 35.653044 ], [ 139.682936, 35.654124 ], [ 139.683133, 35.654121 ], [ 139.683115, 35.654402 ], [ 139.682878, 35.654403 ], [ 139.682871, 35.654551 ], [ 139.681823, 35.654522 ], [ 139.681755, 35.655594 ], [ 139.684827, 35.655836 ], [ 139.682936, 35.655706 ], [ 139.68058, 35.655681 ], [ 139.680547, 35.656599 ], [ 139.679531, 35.657094 ], [ 139.677774, 35.659676 ], [ 139.678572, 35.659614 ], [ 139.676616, 35.659928 ], [ 139.675892, 35.662851 ], [ 139.674741, 35.663972 ], [ 139.674863, 35.66416 ], [ 139.675112, 35.664029 ], [ 139.67769, 35.664134 ], [ 139.679533, 35.664027 ], [ 139.680599, 35.663813 ], [ 139.681916, 35.663245 ], [ 139.682959, 35.663017 ], [ 139.684044, 35.663076 ], [ 139.685825, 35.662464 ], [ 139.685771, 35.662271 ], [ 139.6868, 35.662012 ], [ 139.687232, 35.661687 ], [ 139.687994, 35.661067 ], [ 139.688361, 35.660177 ], [ 139.688204, 35.659995 ], [ 139.68852, 35.659715 ], [ 139.689016, 35.658728 ], [ 139.689592, 35.658319 ], [ 139.690577, 35.657059 ], [ 139.690751, 35.656816 ], [ 139.693369, 35.65383 ], [ 139.693916, 35.653331 ], [ 139.695683, 35.651745 ], [ 139.695466, 35.651598 ], [ 139.696153, 35.650954 ], [ 139.696076, 35.650863 ], [ 139.696875, 35.650606 ], [ 139.696855, 35.650581 ], [ 139.699089, 35.648804 ], [ 139.698919, 35.648532 ], [ 139.699802, 35.648123 ], [ 139.699592, 35.64786 ], [ 139.70021, 35.647624 ], [ 139.700192, 35.647331 ], [ 139.700199, 35.647332 ], [ 139.701503, 35.647017 ], [ 139.702192, 35.64647 ], [ 139.701848, 35.646275 ], [ 139.702185, 35.646354 ], [ 139.702907, 35.646031 ], [ 139.70525, 35.644434 ], [ 139.708736, 35.642156 ], [ 139.710201, 35.641676 ], [ 139.710363, 35.641682 ], [ 139.710473, 35.642011 ], [ 139.711609, 35.642243 ], [ 139.713107, 35.642365 ], [ 139.713095, 35.642189 ], [ 139.713618, 35.641856 ], [ 139.713824, 35.642191 ], [ 139.713572, 35.642386 ], [ 139.71444, 35.642432 ], [ 139.714636, 35.642199 ], [ 139.71504, 35.642203 ], [ 139.715118, 35.642462 ], [ 139.7157, 35.642545 ], [ 139.716759, 35.641752 ], [ 139.717739, 35.641593 ], [ 139.717745, 35.641318 ], [ 139.716642, 35.641088 ], [ 139.715529, 35.640628 ], [ 139.714266, 35.638391 ], [ 139.71352, 35.637985 ], [ 139.713519, 35.63779 ], [ 139.713615, 35.637653 ], [ 139.713301, 35.6375 ], [ 139.713751, 35.635891 ], [ 139.713611, 35.635849 ], [ 139.713779, 35.635752 ], [ 139.714247, 35.634572 ], [ 139.714706, 35.63438 ], [ 139.714494, 35.633871 ], [ 139.71444, 35.633892 ], [ 139.714406, 35.632956 ], [ 139.713999, 35.633096 ], [ 139.71425, 35.632511 ], [ 139.71448, 35.632468 ], [ 139.714616, 35.632052 ], [ 139.714412, 35.631766 ], [ 139.715266, 35.629899 ], [ 139.714382, 35.629433 ], [ 139.712269, 35.632282 ], [ 139.712039, 35.632525 ], [ 139.714523, 35.629213 ], [ 139.712292, 35.62825 ], [ 139.711812, 35.62805 ], [ 139.711909, 35.627821 ], [ 139.708987, 35.626406 ], [ 139.707717, 35.626136 ], [ 139.707716, 35.626146 ], [ 139.707344, 35.625592 ], [ 139.706539, 35.625456 ], [ 139.706356, 35.625566 ], [ 139.70401, 35.62479 ], [ 139.703702, 35.625313 ], [ 139.702484, 35.624843 ], [ 139.7023, 35.625549 ], [ 139.701699, 35.625943 ], [ 139.700746, 35.626135 ], [ 139.698868, 35.6257 ], [ 139.697898, 35.625184 ], [ 139.697078, 35.625222 ], [ 139.696213, 35.624973 ], [ 139.696183, 35.624843 ], [ 139.696303, 35.624931 ], [ 139.698004, 35.624568 ], [ 139.698345, 35.624306 ], [ 139.700955, 35.623634 ], [ 139.704039, 35.621956 ], [ 139.703854, 35.621672 ], [ 139.703133, 35.621716 ], [ 139.702844, 35.621571 ], [ 139.702844, 35.62123 ], [ 139.702272, 35.620206 ], [ 139.699595, 35.617203 ], [ 139.699981, 35.617038 ], [ 139.699023, 35.616045 ], [ 139.698301, 35.615231 ], [ 139.697493, 35.614691 ], [ 139.697225, 35.614917 ], [ 139.69639, 35.614374 ], [ 139.69577, 35.613619 ], [ 139.695593, 35.61248 ], [ 139.695566, 35.611985 ], [ 139.695751, 35.61187 ], [ 139.695968, 35.610768 ], [ 139.695874, 35.60963 ], [ 139.695625, 35.609603 ], [ 139.695596, 35.608138 ], [ 139.695198, 35.608096 ], [ 139.694222, 35.609202 ], [ 139.691396, 35.611092 ], [ 139.690402, 35.61126 ], [ 139.690236, 35.611117 ], [ 139.690543, 35.613513 ], [ 139.693547, 35.613099 ], [ 139.690542, 35.613519 ], [ 139.690205, 35.611193 ], [ 139.689744, 35.611268 ], [ 139.687807, 35.611353 ], [ 139.686961, 35.61165 ], [ 139.686068, 35.611708 ], [ 139.685547, 35.611977 ], [ 139.684469, 35.613042 ], [ 139.684228, 35.613086 ], [ 139.684106, 35.613397 ], [ 139.684837, 35.609065 ], [ 139.684767, 35.607815 ], [ 139.68504, 35.607469 ], [ 139.685098, 35.60708 ], [ 139.684294, 35.602248 ], [ 139.683021, 35.602627 ], [ 139.682627, 35.603647 ], [ 139.682841, 35.604071 ], [ 139.682206, 35.604049 ], [ 139.682232, 35.604245 ], [ 139.680683, 35.604157 ], [ 139.680824, 35.602998 ], [ 139.680666, 35.60148 ], [ 139.680768, 35.601105 ], [ 139.681149, 35.600662 ], [ 139.680783, 35.600553 ], [ 139.68027, 35.600607 ] ], [ [ 139.680145, 35.606223 ], [ 139.680156, 35.60619 ], [ 139.680163, 35.606223 ], [ 139.678412, 35.606758 ], [ 139.680145, 35.606223 ] ], [ [ 139.685976, 35.651227 ], [ 139.687108, 35.651771 ], [ 139.686953, 35.65172 ], [ 139.684523, 35.650526 ], [ 139.685976, 35.651227 ] ], [ [ 139.686257, 35.655384 ], [ 139.686575, 35.655362 ], [ 139.684827, 35.655836 ], [ 139.686257, 35.655384 ] ], [ [ 139.6829, 35.657172 ], [ 139.682858, 35.656937 ], [ 139.682936, 35.655706 ], [ 139.6829, 35.657172 ] ], [ [ 139.688473, 35.657109 ], [ 139.688647, 35.657039 ], [ 139.690577, 35.657059 ], [ 139.688473, 35.657109 ] ], [ [ 139.695409, 35.625424 ], [ 139.695482, 35.625367 ], [ 139.696309, 35.624747 ], [ 139.696183, 35.624843 ], [ 139.695409, 35.625424 ] ], [ [ 139.69347, 35.612537 ], [ 139.693583, 35.613128 ], [ 139.692696, 35.614921 ], [ 139.693547, 35.613099 ], [ 139.69347, 35.612537 ] ], [ [ 139.688851, 35.635913 ], [ 139.691334, 35.635659 ], [ 139.689718, 35.635845 ], [ 139.688739, 35.635943 ], [ 139.688851, 35.635913 ] ], [ [ 139.693193, 35.635598 ], [ 139.695852, 35.63686 ], [ 139.696069, 35.637035 ], [ 139.693134, 35.635581 ], [ 139.693193, 35.635598 ] ], [ [ 139.698092, 35.633443 ], [ 139.698626, 35.633656 ], [ 139.699021, 35.633883 ], [ 139.698228, 35.633521 ], [ 139.698092, 35.633443 ] ], [ [ 139.695361, 35.631885 ], [ 139.695867, 35.632104 ], [ 139.696644, 35.632617 ], [ 139.695361, 35.631885 ] ], [ [ 139.691966, 35.630105 ], [ 139.693567, 35.630851 ], [ 139.694377, 35.629891 ], [ 139.69357, 35.630862 ], [ 139.691966, 35.630105 ] ], [ [ 139.694486, 35.628347 ], [ 139.695914, 35.628749 ], [ 139.699363, 35.629659 ], [ 139.695865, 35.628748 ], [ 139.694486, 35.628347 ] ], [ [ 139.70115, 35.63043 ], [ 139.702247, 35.630761 ], [ 139.701316, 35.630503 ], [ 139.699363, 35.629659 ], [ 139.70115, 35.63043 ] ], [ [ 139.693817, 35.626666 ], [ 139.693942, 35.626568 ], [ 139.693241, 35.627685 ], [ 139.693817, 35.626666 ] ], [ [ 139.694469, 35.624446 ], [ 139.694051, 35.624312 ], [ 139.69548, 35.624578 ], [ 139.694469, 35.624446 ] ], [ [ 139.692338, 35.620951 ], [ 139.692368, 35.62089 ], [ 139.692447, 35.621267 ], [ 139.692338, 35.620951 ] ], [ [ 139.69261, 35.620396 ], [ 139.692792, 35.620274 ], [ 139.692468, 35.620686 ], [ 139.69261, 35.620396 ] ], [ [ 139.66875, 35.625473 ], [ 139.672195, 35.626351 ], [ 139.668722, 35.625477 ], [ 139.668729, 35.625467 ], [ 139.668727, 35.625467 ], [ 139.669165, 35.624562 ], [ 139.66875, 35.625473 ] ], [ [ 139.684918, 35.624627 ], [ 139.682865, 35.624992 ], [ 139.686835, 35.624181 ], [ 139.684918, 35.624627 ] ], [ [ 139.680848, 35.62081 ], [ 139.684659, 35.622946 ], [ 139.688408, 35.625039 ], [ 139.686835, 35.624181 ], [ 139.680848, 35.62081 ] ], [ [ 139.688631, 35.617226 ], [ 139.688279, 35.617755 ], [ 139.687566, 35.618939 ], [ 139.688316, 35.617688 ], [ 139.688631, 35.617226 ] ], [ [ 139.685182, 35.614382 ], [ 139.683316, 35.615775 ], [ 139.683189, 35.615742 ], [ 139.685182, 35.614382 ] ], [ [ 139.665107, 35.61384 ], [ 139.665399, 35.613849 ], [ 139.665734, 35.61389 ], [ 139.665107, 35.61384 ] ], [ [ 139.667263, 35.614077 ], [ 139.667496, 35.614105 ], [ 139.6691, 35.614744 ], [ 139.667263, 35.614077 ] ], [ [ 139.66866, 35.613807 ], [ 139.669874, 35.613662 ], [ 139.667496, 35.614105 ], [ 139.66866, 35.613807 ] ], [ [ 139.670299, 35.615222 ], [ 139.670722, 35.61539 ], [ 139.6708, 35.615439 ], [ 139.670299, 35.615222 ] ], [ [ 139.675464, 35.618239 ], [ 139.675382, 35.618191 ], [ 139.677753, 35.619171 ], [ 139.680393, 35.620375 ], [ 139.675464, 35.618239 ] ], [ [ 139.672125, 35.613027 ], [ 139.675925, 35.617138 ], [ 139.677693, 35.615928 ], [ 139.677503, 35.616161 ], [ 139.675951, 35.617123 ], [ 139.677753, 35.619171 ], [ 139.672125, 35.613027 ] ], [ [ 139.675969, 35.612294 ], [ 139.676103, 35.612302 ], [ 139.672125, 35.613027 ], [ 139.675969, 35.612294 ] ], [ [ 139.682551, 35.617039 ], [ 139.682219, 35.617587 ], [ 139.680393, 35.620375 ], [ 139.682551, 35.617039 ] ], [ [ 139.679386, 35.622985 ], [ 139.679114, 35.623517 ], [ 139.680393, 35.620375 ], [ 139.679386, 35.622985 ] ], [ [ 139.677817, 35.615778 ], [ 139.678923, 35.613018 ], [ 139.677854, 35.615732 ], [ 139.677817, 35.615778 ] ], [ [ 139.676532, 35.61233 ], [ 139.676635, 35.612336 ], [ 139.678923, 35.613018 ], [ 139.676532, 35.61233 ] ], [ [ 139.67969, 35.608987 ], [ 139.680167, 35.606241 ], [ 139.680218, 35.60649 ], [ 139.679798, 35.608529 ], [ 139.67969, 35.608987 ] ], [ [ 139.680458, 35.605283 ], [ 139.680579, 35.604921 ], [ 139.680572, 35.604976 ], [ 139.680458, 35.605283 ] ], [ [ 139.669447, 35.623945 ], [ 139.670242, 35.621573 ], [ 139.669741, 35.623299 ], [ 139.669447, 35.623945 ] ], [ [ 139.686613, 35.63218 ], [ 139.684691, 35.631108 ], [ 139.688052, 35.632944 ], [ 139.686613, 35.63218 ] ], [ [ 139.685942, 35.630919 ], [ 139.685799, 35.6309 ], [ 139.686422, 35.630875 ], [ 139.687108, 35.630845 ], [ 139.685942, 35.630919 ] ], [ [ 139.687119, 35.630645 ], [ 139.687132, 35.630648 ], [ 139.687108, 35.630845 ], [ 139.687119, 35.630645 ] ], [ [ 139.687521, 35.626969 ], [ 139.687842, 35.626998 ], [ 139.685487, 35.627144 ], [ 139.687521, 35.626969 ] ], [ [ 139.692453, 35.627263 ], [ 139.692583, 35.627334 ], [ 139.692468, 35.627273 ], [ 139.692064, 35.62731 ], [ 139.692453, 35.627263 ] ], [ [ 139.689787, 35.629506 ], [ 139.689736, 35.630239 ], [ 139.689761, 35.629354 ], [ 139.689787, 35.629506 ] ], [ [ 139.68932, 35.626906 ], [ 139.689816, 35.626817 ], [ 139.689348, 35.626904 ], [ 139.68932, 35.626906 ] ], [ [ 139.671685, 35.628212 ], [ 139.67171, 35.628121 ], [ 139.671998, 35.629182 ], [ 139.671685, 35.628212 ] ], [ [ 139.679934, 35.659396 ], [ 139.683365, 35.658731 ], [ 139.683085, 35.658219 ], [ 139.68345, 35.658746 ], [ 139.681246, 35.659185 ], [ 139.679934, 35.659396 ] ], [ [ 139.697294, 35.645675 ], [ 139.697221, 35.645718 ], [ 139.698357, 35.644771 ], [ 139.697294, 35.645675 ] ], [ [ 139.697439, 35.642565 ], [ 139.698137, 35.643429 ], [ 139.697267, 35.642457 ], [ 139.697439, 35.642565 ] ], [ [ 139.696993, 35.642285 ], [ 139.697085, 35.642343 ], [ 139.696325, 35.642097 ], [ 139.696993, 35.642285 ] ], [ [ 139.694385, 35.640876 ], [ 139.694384, 35.640877 ], [ 139.693401, 35.640273 ], [ 139.693288, 35.640152 ], [ 139.694385, 35.640876 ] ], [ [ 139.689449, 35.652561 ], [ 139.689492, 35.654056 ], [ 139.689426, 35.653905 ], [ 139.689447, 35.652544 ], [ 139.689491, 35.650818 ], [ 139.689509, 35.650801 ], [ 139.689449, 35.652561 ] ], [ [ 139.690108, 35.65024 ], [ 139.690422, 35.649947 ], [ 139.690518, 35.649867 ], [ 139.690108, 35.65024 ] ], [ [ 139.688702, 35.650028 ], [ 139.68906, 35.649988 ], [ 139.690422, 35.649947 ], [ 139.688702, 35.650028 ] ], [ [ 139.691158, 35.649334 ], [ 139.691385, 35.649144 ], [ 139.692155, 35.64873 ], [ 139.691158, 35.649334 ] ], [ [ 139.690894, 35.642395 ], [ 139.69099, 35.642388 ], [ 139.690951, 35.642394 ], [ 139.690894, 35.642395 ] ], [ [ 139.687487, 35.641581 ], [ 139.686697, 35.640407 ], [ 139.686735, 35.640434 ], [ 139.687487, 35.641581 ] ], [ [ 139.692778, 35.639606 ], [ 139.692435, 35.639239 ], [ 139.692034, 35.638733 ], [ 139.692778, 35.639606 ] ], [ [ 139.689864, 35.642415 ], [ 139.689575, 35.64242 ], [ 139.687959, 35.641958 ], [ 139.689864, 35.642415 ] ], [ [ 139.689012, 35.648725 ], [ 139.688364, 35.648755 ], [ 139.689012, 35.648715 ], [ 139.689012, 35.648725 ] ], [ [ 139.693314, 35.645747 ], [ 139.694054, 35.646022 ], [ 139.693932, 35.646018 ], [ 139.693314, 35.645747 ] ], [ [ 139.690895, 35.647583 ], [ 139.691912, 35.648304 ], [ 139.691983, 35.648429 ], [ 139.690895, 35.647583 ] ], [ [ 139.687432, 35.650223 ], [ 139.687523, 35.65016 ], [ 139.687625, 35.650149 ], [ 139.687432, 35.650223 ] ], [ [ 139.689087, 35.655439 ], [ 139.688897, 35.655431 ], [ 139.69004, 35.65532 ], [ 139.689087, 35.655439 ] ], [ [ 139.688738, 35.655425 ], [ 139.686794, 35.655348 ], [ 139.687604, 35.655293 ], [ 139.688738, 35.655425 ] ], [ [ 139.703044, 35.635143 ], [ 139.701674, 35.635209 ], [ 139.701065, 35.635056 ], [ 139.701622, 35.635162 ], [ 139.702957, 35.635092 ], [ 139.703044, 35.635143 ] ], [ [ 139.703338, 35.635316 ], [ 139.703687, 35.635521 ], [ 139.703375, 35.635345 ], [ 139.703338, 35.635316 ] ], [ [ 139.706202, 35.638062 ], [ 139.706479, 35.638279 ], [ 139.705061, 35.637293 ], [ 139.703514, 35.639116 ], [ 139.705654, 35.636588 ], [ 139.705095, 35.637304 ], [ 139.706207, 35.638058 ], [ 139.706202, 35.638062 ] ], [ [ 139.710939, 35.633806 ], [ 139.710844, 35.633766 ], [ 139.711004, 35.633614 ], [ 139.710859, 35.633767 ], [ 139.710939, 35.633806 ] ], [ [ 139.712338, 35.634391 ], [ 139.713329, 35.634314 ], [ 139.712459, 35.634442 ], [ 139.712338, 35.634391 ] ], [ [ 139.705693, 35.631631 ], [ 139.704865, 35.631487 ], [ 139.70399, 35.631244 ], [ 139.705693, 35.631631 ] ], [ [ 139.706709, 35.631862 ], [ 139.708259, 35.632594 ], [ 139.706539, 35.631823 ], [ 139.706709, 35.631862 ] ], [ [ 139.70649, 35.635517 ], [ 139.706092, 35.636027 ], [ 139.708259, 35.632594 ], [ 139.70649, 35.635517 ] ], [ [ 139.698548, 35.62595 ], [ 139.698487, 35.625998 ], [ 139.698512, 35.625963 ], [ 139.698548, 35.62595 ] ], [ [ 139.707785, 35.627144 ], [ 139.706586, 35.626911 ], [ 139.707649, 35.627113 ], [ 139.707785, 35.627144 ] ], [ [ 139.697577, 35.638249 ], [ 139.699332, 35.641058 ], [ 139.697512, 35.638197 ], [ 139.697577, 35.638249 ] ], [ [ 139.700621, 35.636343 ], [ 139.699767, 35.636907 ], [ 139.697577, 35.638249 ], [ 139.700621, 35.636343 ] ], [ [ 139.708594, 35.639933 ], [ 139.70973, 35.64101 ], [ 139.708379, 35.639765 ], [ 139.708594, 35.639933 ] ], [ [ 139.69923, 35.644029 ], [ 139.700711, 35.642472 ], [ 139.699803, 35.643541 ], [ 139.69923, 35.644029 ] ], [ [ 139.696979, 35.615125 ], [ 139.695714, 35.616194 ], [ 139.692761, 35.6166 ], [ 139.695666, 35.616176 ], [ 139.696979, 35.615125 ] ], [ [ 139.697526, 35.622395 ], [ 139.697521, 35.622394 ], [ 139.698277, 35.622325 ], [ 139.697526, 35.622395 ] ] ] } },
{ "type": "Feature", "properties": { "ward": "練馬区" }, "geometry": { "type": "MultiPolygon", "coordinates": [ [ [ [ 139.56856, 35.720798 ], [ 139.565378, 35.721481 ], [ 139.5656, 35.721815 ], [ 139.565682, 35.723049 ], [ 139.565384, 35.724307 ], [ 139.566035, 35.725996 ], [ 139.566181, 35.727363 ], [ 139.566854, 35.7285 ], [ 139.568311, 35.731536 ], [ 139.569445, 35.734027 ], [ 139.567337, 35.736162 ], [ 139.567989, 35.737889 ], [ 139.56838, 35.737974 ], [ 139.568431, 35.738606 ], [ 139.568247, 35.739546 ], [ 139.568334, 35.740673 ], [ 139.568288, 35.740678 ], [ 139.568207, 35.742917 ], [ 139.56783, 35.744647 ], [ 139.567234, 35.746047 ], [ 139.566973, 35.746388 ], [ 139.566727, 35.746454 ], [ 139.566843, 35.74695 ], [ 139.566704, 35.746966 ], [ 139.566641, 35.747241 ], [ 139.566434, 35.747225 ], [ 139.566508, 35.747578 ], [ 139.569071, 35.747809 ], [ 139.571646, 35.744891 ], [ 139.568722, 35.748328 ], [ 139.568119, 35.749327 ], [ 139.567925, 35.750169 ], [ 139.569382, 35.749957 ], [ 139.569189, 35.750578 ], [ 139.569235, 35.751396 ], [ 139.56889, 35.752401 ], [ 139.567932, 35.753575 ], [ 139.568014, 35.755053 ], [ 139.567164, 35.755264 ], [ 139.567165, 35.75543 ], [ 139.567316, 35.755406 ], [ 139.566708, 35.7556 ], [ 139.566641, 35.756839 ], [ 139.566157, 35.756939 ], [ 139.565414, 35.758371 ], [ 139.564969, 35.758508 ], [ 139.564653, 35.75909 ], [ 139.564004, 35.759769 ], [ 139.563882, 35.760291 ], [ 139.563704, 35.76155 ], [ 139.562871, 35.761518 ], [ 139.563277, 35.761977 ], [ 139.563597, 35.762823 ], [ 139.564973, 35.762901 ], [ 139.565289, 35.761855 ], [ 139.565774, 35.761919 ], [ 139.565848, 35.761801 ], [ 139.566818, 35.762005 ], [ 139.566566, 35.762488 ], [ 139.568017, 35.763064 ], [ 139.568076, 35.762943 ], [ 139.56853, 35.763054 ], [ 139.568456, 35.763377 ], [ 139.569155, 35.763528 ], [ 139.569202, 35.763262 ], [ 139.569687, 35.763288 ], [ 139.569732, 35.763077 ], [ 139.57013, 35.763092 ], [ 139.571494, 35.763437 ], [ 139.571003, 35.764403 ], [ 139.570502, 35.764301 ], [ 139.570386, 35.76457 ], [ 139.570779, 35.764562 ], [ 139.570358, 35.765553 ], [ 139.570601, 35.765561 ], [ 139.570676, 35.765283 ], [ 139.572404, 35.765642 ], [ 139.572308, 35.766232 ], [ 139.57393, 35.766381 ], [ 139.573955, 35.766203 ], [ 139.57448, 35.766253 ], [ 139.574466, 35.767215 ], [ 139.574696, 35.76709 ], [ 139.574239, 35.767349 ], [ 139.574069, 35.768185 ], [ 139.575127, 35.768207 ], [ 139.576998, 35.767921 ], [ 139.576723, 35.766704 ], [ 139.577367, 35.768996 ], [ 139.577963, 35.769741 ], [ 139.578054, 35.77124 ], [ 139.57906, 35.77128 ], [ 139.579331, 35.771505 ], [ 139.579276, 35.771318 ], [ 139.579958, 35.771441 ], [ 139.579989, 35.771245 ], [ 139.58076, 35.771316 ], [ 139.580692, 35.772004 ], [ 139.581082, 35.77206 ], [ 139.581314, 35.771854 ], [ 139.581141, 35.771825 ], [ 139.581186, 35.771227 ], [ 139.581497, 35.771213 ], [ 139.581715, 35.770958 ], [ 139.58238, 35.771093 ], [ 139.582057, 35.771334 ], [ 139.582178, 35.771463 ], [ 139.581837, 35.77253 ], [ 139.58347, 35.77284 ], [ 139.584411, 35.773204 ], [ 139.584366, 35.773846 ], [ 139.584044, 35.7744 ], [ 139.584214, 35.774477 ], [ 139.584258, 35.77492 ], [ 139.58491, 35.775252 ], [ 139.585856, 35.775239 ], [ 139.586915, 35.775233 ], [ 139.588433, 35.77813 ], [ 139.588745, 35.778809 ], [ 139.59389, 35.77729 ], [ 139.594412, 35.779004 ], [ 139.597045, 35.778606 ], [ 139.596819, 35.776632 ], [ 139.602685, 35.775644 ], [ 139.600232, 35.773387 ], [ 139.600203, 35.773393 ], [ 139.598438, 35.77238 ], [ 139.597379, 35.7713 ], [ 139.59635, 35.771967 ], [ 139.598161, 35.7706 ], [ 139.598853, 35.770274 ], [ 139.597903, 35.769909 ], [ 139.598698, 35.768996 ], [ 139.600119, 35.769494 ], [ 139.600974, 35.770089 ], [ 139.603152, 35.771149 ], [ 139.604038, 35.770174 ], [ 139.60635, 35.771294 ], [ 139.606544, 35.770997 ], [ 139.606685, 35.770135 ], [ 139.60707, 35.769291 ], [ 139.6079, 35.769289 ], [ 139.608052, 35.769098 ], [ 139.608461, 35.769276 ], [ 139.608693, 35.769112 ], [ 139.609254, 35.770013 ], [ 139.610433, 35.770936 ], [ 139.611044, 35.771172 ], [ 139.611249, 35.770772 ], [ 139.611892, 35.770593 ], [ 139.611317, 35.769893 ], [ 139.611174, 35.769551 ], [ 139.611323, 35.769471 ], [ 139.611094, 35.769113 ], [ 139.612455, 35.770642 ], [ 139.613192, 35.770795 ], [ 139.616307, 35.770604 ], [ 139.617407, 35.77018 ], [ 139.616858, 35.770016 ], [ 139.616804, 35.769858 ], [ 139.617045, 35.769269 ], [ 139.616957, 35.768612 ], [ 139.617502, 35.767751 ], [ 139.617679, 35.766606 ], [ 139.617354, 35.766533 ], [ 139.619684, 35.7667 ], [ 139.62319, 35.766679 ], [ 139.623433, 35.768567 ], [ 139.623991, 35.770199 ], [ 139.624325, 35.771823 ], [ 139.624753, 35.772438 ], [ 139.625006, 35.772325 ], [ 139.62532, 35.772688 ], [ 139.625113, 35.773 ], [ 139.624195, 35.77338 ], [ 139.624319, 35.773966 ], [ 139.626679, 35.773354 ], [ 139.624004, 35.774062 ], [ 139.624269, 35.77518 ], [ 139.624168, 35.775365 ], [ 139.62438, 35.776844 ], [ 139.624329, 35.778313 ], [ 139.624592, 35.779167 ], [ 139.624505, 35.779956 ], [ 139.625676, 35.779313 ], [ 139.62528, 35.77779 ], [ 139.628634, 35.777388 ], [ 139.628576, 35.777104 ], [ 139.629575, 35.776997 ], [ 139.629451, 35.775323 ], [ 139.629081, 35.774459 ], [ 139.629395, 35.774185 ], [ 139.629346, 35.773481 ], [ 139.629202, 35.771892 ], [ 139.62968, 35.771928 ], [ 139.630148, 35.772447 ], [ 139.633547, 35.7706 ], [ 139.633518, 35.770106 ], [ 139.633515, 35.769951 ], [ 139.634458, 35.769897 ], [ 139.634509, 35.768868 ], [ 139.635351, 35.768765 ], [ 139.640989, 35.768781 ], [ 139.641113, 35.768785 ], [ 139.641376, 35.769464 ], [ 139.642686, 35.770716 ], [ 139.645549, 35.769077 ], [ 139.647428, 35.768578 ], [ 139.647593, 35.76869 ], [ 139.650624, 35.769027 ], [ 139.652147, 35.768935 ], [ 139.652133, 35.768759 ], [ 139.652572, 35.768717 ], [ 139.65303, 35.769067 ], [ 139.654395, 35.769266 ], [ 139.65638, 35.769133 ], [ 139.656352, 35.768713 ], [ 139.656392, 35.76915 ], [ 139.657416, 35.769081 ], [ 139.65817, 35.768899 ], [ 139.66135, 35.768699 ], [ 139.664356, 35.768144 ], [ 139.667981, 35.767366 ], [ 139.668883, 35.767342 ], [ 139.669376, 35.7658 ], [ 139.670098, 35.764438 ], [ 139.67068, 35.762249 ], [ 139.663503, 35.764269 ], [ 139.668116, 35.762946 ], [ 139.670703, 35.762241 ], [ 139.671607, 35.760849 ], [ 139.671874, 35.760773 ], [ 139.671817, 35.760534 ], [ 139.673637, 35.758962 ], [ 139.673512, 35.758834 ], [ 139.673845, 35.758718 ], [ 139.673251, 35.755235 ], [ 139.673329, 35.754784 ], [ 139.673286, 35.754691 ], [ 139.67371, 35.754182 ], [ 139.673566, 35.753293 ], [ 139.674434, 35.752853 ], [ 139.674919, 35.752283 ], [ 139.674982, 35.751806 ], [ 139.673883, 35.748668 ], [ 139.672258, 35.745371 ], [ 139.672329, 35.744523 ], [ 139.673563, 35.745048 ], [ 139.673698, 35.744747 ], [ 139.674767, 35.745498 ], [ 139.67534, 35.745219 ], [ 139.675761, 35.745556 ], [ 139.680943, 35.743932 ], [ 139.680968, 35.743471 ], [ 139.680635, 35.742851 ], [ 139.680593, 35.742408 ], [ 139.680207, 35.742214 ], [ 139.680375, 35.74209 ], [ 139.680395, 35.742235 ], [ 139.680479, 35.742041 ], [ 139.680402, 35.741948 ], [ 139.680078, 35.742126 ], [ 139.679769, 35.74176 ], [ 139.680077, 35.741624 ], [ 139.680087, 35.741957 ], [ 139.680254, 35.741954 ], [ 139.680244, 35.741582 ], [ 139.680087, 35.741574 ], [ 139.680068, 35.741403 ], [ 139.679631, 35.741538 ], [ 139.679282, 35.740787 ], [ 139.678979, 35.740639 ], [ 139.678919, 35.740432 ], [ 139.680209, 35.738608 ], [ 139.68104, 35.738759 ], [ 139.680709, 35.738283 ], [ 139.681117, 35.737745 ], [ 139.680829, 35.737647 ], [ 139.680667, 35.737765 ], [ 139.68033, 35.736842 ], [ 139.680432, 35.73675 ], [ 139.67953, 35.735777 ], [ 139.679071, 35.735568 ], [ 139.679054, 35.734981 ], [ 139.678503, 35.734444 ], [ 139.679105, 35.733628 ], [ 139.679221, 35.733343 ], [ 139.679115, 35.733274 ], [ 139.679123, 35.732599 ], [ 139.67764, 35.731759 ], [ 139.678366, 35.731024 ], [ 139.678052, 35.730661 ], [ 139.67784, 35.730648 ], [ 139.674812, 35.733109 ], [ 139.673697, 35.733575 ], [ 139.672345, 35.733705 ], [ 139.671246, 35.733725 ], [ 139.67069, 35.732807 ], [ 139.670425, 35.732609 ], [ 139.669679, 35.732854 ], [ 139.669303, 35.732399 ], [ 139.669332, 35.732117 ], [ 139.668208, 35.732196 ], [ 139.667974, 35.731344 ], [ 139.666933, 35.731453 ], [ 139.666928, 35.731204 ], [ 139.665392, 35.7315 ], [ 139.664525, 35.730989 ], [ 139.663858, 35.729149 ], [ 139.663113, 35.727856 ], [ 139.662003, 35.727013 ], [ 139.660913, 35.726737 ], [ 139.659658, 35.72674 ], [ 139.659685, 35.725721 ], [ 139.658071, 35.725754 ], [ 139.655938, 35.726266 ], [ 139.65392, 35.726306 ], [ 139.654279, 35.730241 ], [ 139.653829, 35.726216 ], [ 139.652107, 35.726248 ], [ 139.652027, 35.726092 ], [ 139.651803, 35.726107 ], [ 139.650268, 35.72683 ], [ 139.65009, 35.726608 ], [ 139.647488, 35.726616 ], [ 139.647467, 35.725363 ], [ 139.644926, 35.725368 ], [ 139.643785, 35.725364 ], [ 139.643745, 35.725151 ], [ 139.641202, 35.72593 ], [ 139.639695, 35.726171 ], [ 139.63973, 35.727337 ], [ 139.639239, 35.727961 ], [ 139.637885, 35.7285 ], [ 139.63796, 35.728741 ], [ 139.637433, 35.729473 ], [ 139.637559, 35.729507 ], [ 139.63718, 35.73019 ], [ 139.636634, 35.731195 ], [ 139.63646, 35.731741 ], [ 139.636707, 35.731819 ], [ 139.636535, 35.73209 ], [ 139.636244, 35.732434 ], [ 139.635153, 35.732207 ], [ 139.634758, 35.733399 ], [ 139.63446, 35.734337 ], [ 139.633862, 35.734206 ], [ 139.633309, 35.735362 ], [ 139.633408, 35.735517 ], [ 139.63428, 35.735654 ], [ 139.630684, 35.735431 ], [ 139.630536, 35.735316 ], [ 139.627759, 35.735096 ], [ 139.627242, 35.735027 ], [ 139.627344, 35.734078 ], [ 139.624769, 35.733426 ], [ 139.626549, 35.733796 ], [ 139.626436, 35.733302 ], [ 139.626573, 35.733072 ], [ 139.626037, 35.732881 ], [ 139.624432, 35.730076 ], [ 139.621814, 35.730427 ], [ 139.620752, 35.730423 ], [ 139.619868, 35.730191 ], [ 139.620229, 35.731453 ], [ 139.617823, 35.730926 ], [ 139.616831, 35.730546 ], [ 139.617134, 35.730045 ], [ 139.61591, 35.729786 ], [ 139.615737, 35.730147 ], [ 139.614662, 35.72995 ], [ 139.609806, 35.7286 ], [ 139.6086, 35.72813 ], [ 139.607663, 35.727718 ], [ 139.604348, 35.726838 ], [ 139.601794, 35.725773 ], [ 139.601949, 35.72534 ], [ 139.601468, 35.725365 ], [ 139.600009, 35.723888 ], [ 139.598243, 35.723198 ], [ 139.596601, 35.722148 ], [ 139.595773, 35.722032 ], [ 139.595819, 35.721566 ], [ 139.59386, 35.718031 ], [ 139.59273, 35.718492 ], [ 139.59106, 35.719849 ], [ 139.59021, 35.720275 ], [ 139.588519, 35.720142 ], [ 139.58762, 35.719913 ], [ 139.586073, 35.719125 ], [ 139.58515, 35.717899 ], [ 139.585107, 35.71634 ], [ 139.586381, 35.714564 ], [ 139.586947, 35.713036 ], [ 139.587019, 35.712629 ], [ 139.586713, 35.711739 ], [ 139.581374, 35.714177 ], [ 139.579235, 35.715567 ], [ 139.576104, 35.71814 ], [ 139.57507, 35.71879 ], [ 139.56856, 35.720798 ] ], [ [ 139.574101, 35.722978 ], [ 139.576969, 35.723088 ], [ 139.581609, 35.723265 ], [ 139.577378, 35.723119 ], [ 139.573094, 35.723018 ], [ 139.565682, 35.723049 ], [ 139.574101, 35.722978 ] ], [ [ 139.584189, 35.722894 ], [ 139.58394, 35.722976 ], [ 139.581609, 35.723265 ], [ 139.584189, 35.722894 ] ], [ [ 139.570355, 35.751793 ], [ 139.570145, 35.751733 ], [ 139.569235, 35.751396 ], [ 139.570355, 35.751793 ] ], [ [ 139.646123, 35.76794 ], [ 139.646166, 35.767891 ], [ 139.645549, 35.769077 ], [ 139.646123, 35.76794 ] ], [ [ 139.672337, 35.734503 ], [ 139.672307, 35.734026 ], [ 139.672345, 35.733705 ], [ 139.672337, 35.734503 ] ], [ [ 139.599544, 35.72546 ], [ 139.599581, 35.725233 ], [ 139.600009, 35.723888 ], [ 139.599544, 35.72546 ] ], [ [ 139.59605, 35.725858 ], [ 139.597991, 35.72555 ], [ 139.599544, 35.72546 ], [ 139.59605, 35.725858 ] ], [ [ 139.59624, 35.724781 ], [ 139.596081, 35.72474 ], [ 139.599581, 35.725233 ], [ 139.59624, 35.724781 ] ], [ [ 139.610976, 35.768927 ], [ 139.610937, 35.767504 ], [ 139.611002, 35.768968 ], [ 139.610976, 35.768927 ] ], [ [ 139.609225, 35.763882 ], [ 139.609675, 35.763693 ], [ 139.610658, 35.762931 ], [ 139.609669, 35.763747 ], [ 139.609225, 35.763882 ] ], [ [ 139.604591, 35.75927 ], [ 139.604859, 35.759479 ], [ 139.609675, 35.763693 ], [ 139.604591, 35.75927 ] ], [ [ 139.611072, 35.76261 ], [ 139.611851, 35.762341 ], [ 139.611055, 35.762623 ], [ 139.611072, 35.76261 ] ], [ [ 139.612521, 35.757862 ], [ 139.613487, 35.758545 ], [ 139.612516, 35.757862 ], [ 139.612521, 35.757862 ] ], [ [ 139.607635, 35.754497 ], [ 139.613936, 35.752715 ], [ 139.612042, 35.753307 ], [ 139.607635, 35.754497 ] ], [ [ 139.618708, 35.749178 ], [ 139.618645, 35.749187 ], [ 139.618547, 35.749192 ], [ 139.618708, 35.749178 ] ], [ [ 139.632288, 35.745034 ], [ 139.629883, 35.745107 ], [ 139.62945, 35.745107 ], [ 139.632288, 35.745034 ] ], [ [ 139.631862, 35.751092 ], [ 139.634533, 35.750914 ], [ 139.633137, 35.751053 ], [ 139.630636, 35.751179 ], [ 139.631862, 35.751092 ] ], [ [ 139.634794, 35.750897 ], [ 139.639299, 35.751767 ], [ 139.634775, 35.750898 ], [ 139.634794, 35.750897 ] ], [ [ 139.63775, 35.740359 ], [ 139.637781, 35.740344 ], [ 139.63433, 35.744686 ], [ 139.63775, 35.740359 ] ], [ [ 139.638586, 35.73755 ], [ 139.638706, 35.736958 ], [ 139.638708, 35.736958 ], [ 139.638613, 35.738319 ], [ 139.638586, 35.73755 ] ], [ [ 139.636642, 35.736702 ], [ 139.63615, 35.736466 ], [ 139.636854, 35.736727 ], [ 139.636642, 35.736702 ] ], [ [ 139.634544, 35.735696 ], [ 139.634748, 35.735728 ], [ 139.63534, 35.736077 ], [ 139.634544, 35.735696 ] ], [ [ 139.590385, 35.775618 ], [ 139.590576, 35.776497 ], [ 139.590985, 35.776328 ], [ 139.589004, 35.777488 ], [ 139.590511, 35.776577 ], [ 139.590385, 35.775618 ] ], [ [ 139.589989, 35.757898 ], [ 139.589987, 35.758248 ], [ 139.589894, 35.757204 ], [ 139.589989, 35.757898 ] ], [ [ 139.589848, 35.757219 ], [ 139.59087, 35.75638 ], [ 139.589894, 35.757204 ], [ 139.589848, 35.757219 ] ], [ [ 139.597934, 35.756938 ], [ 139.592313, 35.754797 ], [ 139.592406, 35.754765 ], [ 139.597934, 35.756938 ] ], [ [ 139.592202, 35.751271 ], [ 139.591985, 35.753456 ], [ 139.592034, 35.752793 ], [ 139.592202, 35.751271 ] ], [ [ 139.592608, 35.750734 ], [ 139.592822, 35.75057 ], [ 139.592202, 35.751271 ], [ 139.592608, 35.750734 ] ], [ [ 139.591264, 35.7507 ], [ 139.591375, 35.750687 ], [ 139.592608, 35.750734 ], [ 139.591264, 35.7507 ] ], [ [ 139.585586, 35.750968 ], [ 139.585678, 35.750647 ], [ 139.585687, 35.75133 ], [ 139.586034, 35.752955 ], [ 139.585586, 35.750968 ] ], [ [ 139.595398, 35.74637 ], [ 139.593118, 35.746795 ], [ 139.595033, 35.746361 ], [ 139.595398, 35.74637 ] ], [ [ 139.597301, 35.75059 ], [ 139.596262, 35.748342 ], [ 139.595398, 35.74637 ], [ 139.597301, 35.75059 ] ], [ [ 139.604413, 35.744261 ], [ 139.607785, 35.74341 ], [ 139.612222, 35.742383 ], [ 139.611532, 35.742569 ], [ 139.606454, 35.743811 ], [ 139.603739, 35.744441 ], [ 139.595033, 35.746361 ], [ 139.604413, 35.744261 ] ], [ [ 139.598964, 35.742461 ], [ 139.601469, 35.743272 ], [ 139.604413, 35.744261 ], [ 139.598964, 35.742461 ] ], [ [ 139.602822, 35.747116 ], [ 139.602779, 35.747163 ], [ 139.603739, 35.744441 ], [ 139.602822, 35.747116 ] ], [ [ 139.594461, 35.74493 ], [ 139.594297, 35.746265 ], [ 139.594407, 35.745083 ], [ 139.594461, 35.74493 ] ], [ [ 139.589701, 35.73431 ], [ 139.589387, 35.736278 ], [ 139.589497, 35.734981 ], [ 139.589701, 35.73431 ] ], [ [ 139.589612, 35.731249 ], [ 139.591583, 35.73343 ], [ 139.590692, 35.732533 ], [ 139.589424, 35.731226 ], [ 139.589612, 35.731249 ] ], [ [ 139.596339, 35.733478 ], [ 139.595605, 35.733473 ], [ 139.591583, 35.73343 ], [ 139.596339, 35.733478 ] ], [ [ 139.606193, 35.732578 ], [ 139.605541, 35.732143 ], [ 139.606809, 35.732885 ], [ 139.606193, 35.732578 ] ], [ [ 139.610689, 35.733358 ], [ 139.610705, 35.733336 ], [ 139.609492, 35.733402 ], [ 139.610756, 35.73328 ], [ 139.610689, 35.733358 ] ], [ [ 139.614747, 35.730618 ], [ 139.614592, 35.730721 ], [ 139.614592, 35.730715 ], [ 139.614747, 35.730618 ] ], [ [ 139.588817, 35.758673 ], [ 139.587886, 35.763746 ], [ 139.588206, 35.761943 ], [ 139.588788, 35.758615 ], [ 139.588817, 35.758673 ] ], [ [ 139.585267, 35.749794 ], [ 139.583409, 35.749897 ], [ 139.582647, 35.74981 ], [ 139.585267, 35.749794 ] ], [ [ 139.581528, 35.73973 ], [ 139.587102, 35.742452 ], [ 139.581828, 35.739927 ], [ 139.580206, 35.73919 ], [ 139.581528, 35.73973 ] ], [ [ 139.588244, 35.739123 ], [ 139.581055, 35.737252 ], [ 139.582568, 35.737644 ], [ 139.588244, 35.739123 ] ], [ [ 139.592402, 35.740305 ], [ 139.595494, 35.741329 ], [ 139.588244, 35.739123 ], [ 139.592402, 35.740305 ] ], [ [ 139.578318, 35.752477 ], [ 139.577143, 35.75256 ], [ 139.576666, 35.752537 ], [ 139.578026, 35.752457 ], [ 139.579662, 35.752147 ], [ 139.578318, 35.752477 ] ], [ [ 139.583761, 35.727057 ], [ 139.580763, 35.727297 ], [ 139.586093, 35.726814 ], [ 139.589713, 35.726531 ], [ 139.583769, 35.727035 ], [ 139.583731, 35.728031 ], [ 139.583761, 35.727057 ] ], [ [ 139.587519, 35.721818 ], [ 139.591889, 35.719818 ], [ 139.588475, 35.721487 ], [ 139.587519, 35.721818 ] ], [ [ 139.578986, 35.74876 ], [ 139.579041, 35.748878 ], [ 139.579055, 35.749401 ], [ 139.578986, 35.74876 ] ], [ [ 139.587459, 35.721838 ], [ 139.586474, 35.721774 ], [ 139.587251, 35.721712 ], [ 139.587466, 35.721836 ], [ 139.587459, 35.721838 ] ], [ [ 139.577576, 35.729955 ], [ 139.576937, 35.732771 ], [ 139.577214, 35.731448 ], [ 139.577576, 35.729955 ] ], [ [ 139.580077, 35.733263 ], [ 139.581539, 35.733594 ], [ 139.583065, 35.733911 ], [ 139.582083, 35.733801 ], [ 139.580077, 35.733263 ] ], [ [ 139.579971, 35.727345 ], [ 139.579967, 35.72736 ], [ 139.578169, 35.727504 ], [ 139.578196, 35.727416 ], [ 139.579971, 35.727345 ] ], [ [ 139.577027, 35.719574 ], [ 139.576134, 35.719493 ], [ 139.579836, 35.719604 ], [ 139.577027, 35.719574 ] ], [ [ 139.573349, 35.739771 ], [ 139.573227, 35.739263 ], [ 139.573364, 35.739774 ], [ 139.571989, 35.739932 ], [ 139.573349, 35.739771 ] ], [ [ 139.575732, 35.742772 ], [ 139.575786, 35.742857 ], [ 139.575732, 35.742833 ], [ 139.575732, 35.742772 ] ], [ [ 139.572646, 35.734843 ], [ 139.573134, 35.734967 ], [ 139.576471, 35.736058 ], [ 139.572646, 35.734843 ] ], [ [ 139.576671, 35.736341 ], [ 139.576822, 35.736364 ], [ 139.577214, 35.736801 ], [ 139.576671, 35.736341 ] ], [ [ 139.572855, 35.737723 ], [ 139.572812, 35.737543 ], [ 139.572497, 35.734805 ], [ 139.572855, 35.737723 ] ], [ [ 139.580807, 35.745974 ], [ 139.580755, 35.745886 ], [ 139.580705, 35.745679 ], [ 139.580807, 35.745974 ] ], [ [ 139.58062, 35.745322 ], [ 139.580559, 35.745069 ], [ 139.580635, 35.743037 ], [ 139.58062, 35.745322 ] ], [ [ 139.584915, 35.748443 ], [ 139.584762, 35.748761 ], [ 139.584831, 35.748434 ], [ 139.584915, 35.748443 ] ], [ [ 139.574607, 35.761088 ], [ 139.574167, 35.761454 ], [ 139.572688, 35.762284 ], [ 139.574607, 35.761088 ] ], [ [ 139.575219, 35.760578 ], [ 139.575238, 35.760559 ], [ 139.576509, 35.759646 ], [ 139.575245, 35.760556 ], [ 139.575219, 35.760578 ] ], [ [ 139.57939, 35.762365 ], [ 139.579185, 35.762311 ], [ 139.579186, 35.762321 ], [ 139.575245, 35.760556 ], [ 139.57939, 35.762365 ] ], [ [ 139.580866, 35.764655 ], [ 139.579152, 35.765108 ], [ 139.579351, 35.765034 ], [ 139.580866, 35.764655 ] ], [ [ 139.569239, 35.761415 ], [ 139.574787, 35.760937 ], [ 139.569279, 35.761423 ], [ 139.569239, 35.761415 ] ], [ [ 139.57036, 35.755337 ], [ 139.567903, 35.755312 ], [ 139.568084, 35.755283 ], [ 139.57036, 35.755337 ] ], [ [ 139.579958, 35.755325 ], [ 139.577824, 35.757764 ], [ 139.580003, 35.755151 ], [ 139.579958, 35.755325 ] ], [ [ 139.582045, 35.753885 ], [ 139.580577, 35.753878 ], [ 139.581567, 35.753831 ], [ 139.582045, 35.753885 ] ], [ [ 139.584228, 35.754163 ], [ 139.583455, 35.754045 ], [ 139.583964, 35.754103 ], [ 139.584228, 35.754163 ] ], [ [ 139.584098, 35.75524 ], [ 139.584092, 35.755242 ], [ 139.584228, 35.754163 ], [ 139.584098, 35.75524 ] ], [ [ 139.580765, 35.758147 ], [ 139.580355, 35.75913 ], [ 139.580808, 35.758009 ], [ 139.581684, 35.756611 ], [ 139.580765, 35.758147 ] ], [ [ 139.572578, 35.756246 ], [ 139.575424, 35.755464 ], [ 139.572647, 35.756253 ], [ 139.572578, 35.756246 ] ], [ [ 139.576801, 35.754578 ], [ 139.579828, 35.753914 ], [ 139.580246, 35.753894 ], [ 139.576801, 35.754578 ] ], [ [ 139.582426, 35.753447 ], [ 139.582289, 35.753301 ], [ 139.58328, 35.753833 ], [ 139.582426, 35.753447 ] ], [ [ 139.579976, 35.762522 ], [ 139.580038, 35.761814 ], [ 139.580045, 35.76254 ], [ 139.579976, 35.762522 ] ], [ [ 139.576849, 35.765964 ], [ 139.576503, 35.766108 ], [ 139.576594, 35.766059 ], [ 139.576849, 35.765964 ] ], [ [ 139.590994, 35.722906 ], [ 139.589959, 35.722496 ], [ 139.59003, 35.722504 ], [ 139.590994, 35.722906 ] ], [ [ 139.591558, 35.723424 ], [ 139.595649, 35.72463 ], [ 139.593805, 35.724158 ], [ 139.591461, 35.723395 ], [ 139.590994, 35.722906 ], [ 139.591558, 35.723424 ] ], [ [ 139.592974, 35.729887 ], [ 139.59308, 35.72986 ], [ 139.599473, 35.729449 ], [ 139.592974, 35.729887 ] ], [ [ 139.603936, 35.729143 ], [ 139.603094, 35.729218 ], [ 139.599473, 35.729449 ], [ 139.603936, 35.729143 ] ], [ [ 139.609361, 35.734413 ], [ 139.609074, 35.736173 ], [ 139.608793, 35.738666 ], [ 139.608892, 35.736903 ], [ 139.609361, 35.734413 ] ], [ [ 139.610058, 35.73409 ], [ 139.609961, 35.734202 ], [ 139.609361, 35.734413 ], [ 139.610058, 35.73409 ] ], [ [ 139.597843, 35.739301 ], [ 139.598967, 35.737601 ], [ 139.598573, 35.738303 ], [ 139.597785, 35.739437 ], [ 139.597843, 35.739301 ] ], [ [ 139.60091, 35.739729 ], [ 139.600716, 35.739699 ], [ 139.598573, 35.738303 ], [ 139.60091, 35.739729 ] ], [ [ 139.603443, 35.740326 ], [ 139.602919, 35.740044 ], [ 139.603562, 35.74033 ], [ 139.603443, 35.740326 ] ], [ [ 139.604403, 35.740355 ], [ 139.603825, 35.740338 ], [ 139.605343, 35.740226 ], [ 139.604403, 35.740355 ] ], [ [ 139.606327, 35.740283 ], [ 139.606103, 35.740648 ], [ 139.606321, 35.740233 ], [ 139.606327, 35.740283 ] ], [ [ 139.608664, 35.739814 ], [ 139.608487, 35.739773 ], [ 139.608671, 35.739751 ], [ 139.608664, 35.739814 ] ], [ [ 139.604872, 35.736326 ], [ 139.605619, 35.736877 ], [ 139.605697, 35.736958 ], [ 139.604872, 35.736326 ] ], [ [ 139.607208, 35.738541 ], [ 139.608356, 35.739743 ], [ 139.608302, 35.73973 ], [ 139.607208, 35.738541 ] ], [ [ 139.593552, 35.738369 ], [ 139.593719, 35.738087 ], [ 139.593712, 35.738141 ], [ 139.593552, 35.738369 ] ], [ [ 139.596002, 35.741497 ], [ 139.594759, 35.744077 ], [ 139.595005, 35.743373 ], [ 139.596002, 35.741497 ] ], [ [ 139.599295, 35.758413 ], [ 139.599183, 35.758275 ], [ 139.600208, 35.758795 ], [ 139.599295, 35.758413 ] ], [ [ 139.598574, 35.757524 ], [ 139.598349, 35.757247 ], [ 139.598426, 35.757305 ], [ 139.598574, 35.757524 ] ], [ [ 139.600994, 35.756525 ], [ 139.600972, 35.756507 ], [ 139.601352, 35.75679 ], [ 139.600994, 35.756525 ] ], [ [ 139.614582, 35.747685 ], [ 139.612233, 35.746826 ], [ 139.614761, 35.747734 ], [ 139.614582, 35.747685 ] ], [ [ 139.610379, 35.745222 ], [ 139.609893, 35.745971 ], [ 139.609883, 35.745967 ], [ 139.609169, 35.746697 ], [ 139.610379, 35.745222 ] ], [ [ 139.608056, 35.749613 ], [ 139.608058, 35.749594 ], [ 139.609169, 35.746697 ], [ 139.608056, 35.749613 ] ], [ [ 139.605059, 35.750257 ], [ 139.607992, 35.750152 ], [ 139.61087, 35.750032 ], [ 139.607433, 35.750191 ], [ 139.605059, 35.750257 ] ], [ [ 139.5945, 35.749281 ], [ 139.594824, 35.749032 ], [ 139.594976, 35.748959 ], [ 139.5945, 35.749281 ] ], [ [ 139.605962, 35.757837 ], [ 139.605181, 35.75789 ], [ 139.604023, 35.757808 ], [ 139.605962, 35.757837 ] ], [ [ 139.594874, 35.775404 ], [ 139.591423, 35.776148 ], [ 139.591675, 35.776044 ], [ 139.594874, 35.775404 ] ], [ [ 139.606808, 35.764806 ], [ 139.60739, 35.764137 ], [ 139.60752, 35.764123 ], [ 139.606808, 35.764806 ] ], [ [ 139.608326, 35.764034 ], [ 139.608957, 35.763964 ], [ 139.608908, 35.763979 ], [ 139.608326, 35.764034 ] ], [ [ 139.593551, 35.769237 ], [ 139.594796, 35.769379 ], [ 139.595489, 35.76946 ], [ 139.593551, 35.769237 ] ], [ [ 139.595039, 35.767977 ], [ 139.595046, 35.767997 ], [ 139.594796, 35.769379 ], [ 139.595039, 35.767977 ] ], [ [ 139.601332, 35.763035 ], [ 139.601364, 35.761694 ], [ 139.601312, 35.764822 ], [ 139.601332, 35.763035 ] ], [ [ 139.601682, 35.765471 ], [ 139.601585, 35.765398 ], [ 139.601312, 35.764822 ], [ 139.601682, 35.765471 ] ], [ [ 139.601993, 35.765704 ], [ 139.602295, 35.765882 ], [ 139.602219, 35.765873 ], [ 139.601993, 35.765704 ] ], [ [ 139.603251, 35.765989 ], [ 139.603846, 35.765895 ], [ 139.60335, 35.766 ], [ 139.603251, 35.765989 ] ], [ [ 139.600892, 35.759142 ], [ 139.600966, 35.759223 ], [ 139.600774, 35.759082 ], [ 139.600892, 35.759142 ] ], [ [ 139.618065, 35.73558 ], [ 139.618035, 35.73559 ], [ 139.614761, 35.736062 ], [ 139.618065, 35.73558 ] ], [ [ 139.617007, 35.745819 ], [ 139.616638, 35.745016 ], [ 139.615306, 35.741552 ], [ 139.617007, 35.745819 ] ], [ [ 139.621588, 35.738093 ], [ 139.618243, 35.739904 ], [ 139.62145, 35.738165 ], [ 139.621588, 35.738093 ] ], [ [ 139.618588, 35.741441 ], [ 139.618901, 35.742636 ], [ 139.618811, 35.742498 ], [ 139.618243, 35.739904 ], [ 139.618588, 35.741441 ] ], [ [ 139.624523, 35.73656 ], [ 139.624536, 35.736557 ], [ 139.624482, 35.736581 ], [ 139.624523, 35.73656 ] ], [ [ 139.614776, 35.731824 ], [ 139.617222, 35.732146 ], [ 139.617365, 35.732186 ], [ 139.614776, 35.731824 ] ], [ [ 139.619352, 35.732737 ], [ 139.621147, 35.732965 ], [ 139.621142, 35.732966 ], [ 139.619352, 35.732737 ] ], [ [ 139.619829, 35.733505 ], [ 139.618184, 35.735542 ], [ 139.618183, 35.735542 ], [ 139.619829, 35.733505 ] ], [ [ 139.614772, 35.733186 ], [ 139.614696, 35.733763 ], [ 139.614769, 35.733125 ], [ 139.614772, 35.733186 ] ], [ [ 139.61845, 35.74546 ], [ 139.620171, 35.744658 ], [ 139.618513, 35.745463 ], [ 139.617577, 35.745677 ], [ 139.61845, 35.74546 ] ], [ [ 139.635177, 35.741555 ], [ 139.633274, 35.742468 ], [ 139.633659, 35.74226 ], [ 139.635177, 35.741555 ] ], [ [ 139.625801, 35.741261 ], [ 139.625908, 35.73728 ], [ 139.625962, 35.737151 ], [ 139.625801, 35.741261 ] ], [ [ 139.630678, 35.738643 ], [ 139.63069, 35.738498 ], [ 139.630873, 35.73885 ], [ 139.630678, 35.738643 ] ], [ [ 139.627333, 35.741863 ], [ 139.628314, 35.74183 ], [ 139.628794, 35.74157 ], [ 139.628743, 35.741641 ], [ 139.628375, 35.741827 ], [ 139.627391, 35.741886 ], [ 139.627333, 35.741863 ] ], [ [ 139.631389, 35.739237 ], [ 139.631126, 35.739119 ], [ 139.63097, 35.738953 ], [ 139.631389, 35.739237 ] ], [ [ 139.631619, 35.739392 ], [ 139.631801, 35.740244 ], [ 139.631581, 35.739367 ], [ 139.631619, 35.739392 ] ], [ [ 139.632852, 35.741361 ], [ 139.632339, 35.740984 ], [ 139.632228, 35.740831 ], [ 139.632852, 35.741361 ] ], [ [ 139.621254, 35.746103 ], [ 139.621835, 35.746262 ], [ 139.621642, 35.746275 ], [ 139.621254, 35.746103 ] ], [ [ 139.633637, 35.764661 ], [ 139.633433, 35.76466 ], [ 139.633956, 35.764575 ], [ 139.633637, 35.764661 ] ], [ [ 139.635616, 35.759614 ], [ 139.635487, 35.762418 ], [ 139.635537, 35.760868 ], [ 139.635616, 35.759614 ] ], [ [ 139.633031, 35.764658 ], [ 139.633028, 35.764658 ], [ 139.630473, 35.762628 ], [ 139.630575, 35.762635 ], [ 139.633031, 35.764658 ] ], [ [ 139.619159, 35.761776 ], [ 139.620043, 35.761873 ], [ 139.62069, 35.75743 ], [ 139.620043, 35.761884 ], [ 139.619159, 35.761776 ] ], [ [ 139.620436, 35.755787 ], [ 139.614568, 35.756139 ], [ 139.61676, 35.756 ], [ 139.620487, 35.75578 ], [ 139.62069, 35.75743 ], [ 139.620436, 35.755787 ] ], [ [ 139.619312, 35.751517 ], [ 139.620113, 35.754315 ], [ 139.620487, 35.75578 ], [ 139.619312, 35.751517 ] ], [ [ 139.62257, 35.761946 ], [ 139.621252, 35.762005 ], [ 139.620043, 35.761884 ], [ 139.62257, 35.761946 ] ], [ [ 139.623323, 35.761964 ], [ 139.624426, 35.762555 ], [ 139.623247, 35.761962 ], [ 139.623323, 35.761964 ] ], [ [ 139.625059, 35.763359 ], [ 139.624591, 35.763111 ], [ 139.624581, 35.763076 ], [ 139.625059, 35.763359 ] ], [ [ 139.62531, 35.761 ], [ 139.625348, 35.758722 ], [ 139.625308, 35.762372 ], [ 139.62531, 35.761 ] ], [ [ 139.621971, 35.759589 ], [ 139.621971, 35.759639 ], [ 139.621657, 35.760761 ], [ 139.621971, 35.759589 ] ], [ [ 139.625248, 35.75872 ], [ 139.625321, 35.758721 ], [ 139.622338, 35.758743 ], [ 139.625248, 35.75872 ] ], [ [ 139.631733, 35.758493 ], [ 139.631669, 35.760451 ], [ 139.631681, 35.758825 ], [ 139.631733, 35.758493 ] ], [ [ 139.632172, 35.760787 ], [ 139.63205, 35.760784 ], [ 139.631669, 35.760451 ], [ 139.632172, 35.760787 ] ], [ [ 139.623025, 35.751898 ], [ 139.622983, 35.751364 ], [ 139.622984, 35.751014 ], [ 139.623025, 35.751898 ] ], [ [ 139.625613, 35.753601 ], [ 139.631537, 35.753551 ], [ 139.631537, 35.753553 ], [ 139.630128, 35.753677 ], [ 139.626504, 35.753631 ], [ 139.625613, 35.753601 ] ], [ [ 139.63193, 35.754561 ], [ 139.631926, 35.754555 ], [ 139.631929, 35.754555 ], [ 139.63193, 35.754561 ] ], [ [ 139.627639, 35.751302 ], [ 139.628137, 35.751306 ], [ 139.627752, 35.751325 ], [ 139.627639, 35.751302 ] ], [ [ 139.625768, 35.746872 ], [ 139.62567, 35.748649 ], [ 139.625691, 35.746409 ], [ 139.625768, 35.746872 ] ], [ [ 139.631755, 35.758349 ], [ 139.631774, 35.75823 ], [ 139.63236, 35.756822 ], [ 139.631755, 35.758349 ] ], [ [ 139.614056, 35.765475 ], [ 139.616475, 35.766336 ], [ 139.616188, 35.766272 ], [ 139.611788, 35.764651 ], [ 139.614056, 35.765475 ] ], [ [ 139.625159, 35.76681 ], [ 139.623246, 35.766679 ], [ 139.623562, 35.766677 ], [ 139.625159, 35.76681 ] ], [ [ 139.625189, 35.764622 ], [ 139.625158, 35.768162 ], [ 139.625159, 35.76681 ], [ 139.625189, 35.764622 ] ], [ [ 139.62549, 35.769044 ], [ 139.625371, 35.768848 ], [ 139.625158, 35.768162 ], [ 139.62549, 35.769044 ] ], [ [ 139.625379, 35.764549 ], [ 139.625361, 35.76424 ], [ 139.627782, 35.762652 ], [ 139.62786, 35.762643 ], [ 139.625375, 35.764321 ], [ 139.625379, 35.764549 ] ], [ [ 139.629608, 35.762568 ], [ 139.628624, 35.762559 ], [ 139.62895, 35.762523 ], [ 139.629608, 35.762568 ] ], [ [ 139.615664, 35.763813 ], [ 139.616042, 35.762851 ], [ 139.616024, 35.762944 ], [ 139.615664, 35.763813 ] ], [ [ 139.625965, 35.769742 ], [ 139.625886, 35.769697 ], [ 139.625743, 35.76946 ], [ 139.625965, 35.769742 ] ], [ [ 139.626728, 35.770045 ], [ 139.6265, 35.770043 ], [ 139.62622, 35.769885 ], [ 139.626728, 35.770045 ] ], [ [ 139.644207, 35.753254 ], [ 139.644161, 35.753396 ], [ 139.644178, 35.752222 ], [ 139.644207, 35.753254 ] ], [ [ 139.649214, 35.753459 ], [ 139.653042, 35.753813 ], [ 139.649948, 35.753568 ], [ 139.644207, 35.753254 ], [ 139.649214, 35.753459 ] ], [ [ 139.649248, 35.756226 ], [ 139.649065, 35.756778 ], [ 139.649948, 35.753568 ], [ 139.649248, 35.756226 ] ], [ [ 139.65604, 35.737639 ], [ 139.656126, 35.737607 ], [ 139.658658, 35.738177 ], [ 139.657351, 35.737928 ], [ 139.654678, 35.73743 ], [ 139.65604, 35.737639 ] ], [ [ 139.659435, 35.736956 ], [ 139.656391, 35.737507 ], [ 139.656569, 35.73744 ], [ 139.659435, 35.736956 ] ], [ [ 139.656504, 35.729561 ], [ 139.656958, 35.729978 ], [ 139.657059, 35.729415 ], [ 139.656681, 35.733177 ], [ 139.656933, 35.729958 ], [ 139.656504, 35.729561 ] ], [ [ 139.648635, 35.730838 ], [ 139.649904, 35.730603 ], [ 139.65414, 35.730257 ], [ 139.652623, 35.730389 ], [ 139.648635, 35.730838 ] ], [ [ 139.649797, 35.733454 ], [ 139.650027, 35.734153 ], [ 139.648635, 35.730838 ], [ 139.649797, 35.733454 ] ], [ [ 139.64567, 35.737699 ], [ 139.645219, 35.737654 ], [ 139.646794, 35.737652 ], [ 139.646735, 35.73772 ], [ 139.64567, 35.737699 ] ], [ [ 139.649937, 35.736937 ], [ 139.652743, 35.737133 ], [ 139.653002, 35.737173 ], [ 139.651009, 35.737033 ], [ 139.649937, 35.736937 ] ], [ [ 139.655239, 35.733425 ], [ 139.65397, 35.733566 ], [ 139.655243, 35.733383 ], [ 139.655239, 35.733425 ] ], [ [ 139.636161, 35.733761 ], [ 139.636104, 35.733496 ], [ 139.636139, 35.733499 ], [ 139.636161, 35.733761 ] ], [ [ 139.641366, 35.734203 ], [ 139.638806, 35.734068 ], [ 139.636161, 35.733761 ], [ 139.641366, 35.734203 ] ], [ [ 139.638266, 35.745032 ], [ 139.637036, 35.744772 ], [ 139.637112, 35.744757 ], [ 139.638266, 35.745032 ] ], [ [ 139.647317, 35.740969 ], [ 139.646901, 35.740061 ], [ 139.646941, 35.740094 ], [ 139.647317, 35.740969 ] ], [ [ 139.648316, 35.743875 ], [ 139.648284, 35.744684 ], [ 139.648286, 35.745189 ], [ 139.648208, 35.745032 ], [ 139.648268, 35.744664 ], [ 139.648316, 35.743875 ] ], [ [ 139.652521, 35.74536 ], [ 139.652527, 35.745363 ], [ 139.648284, 35.744684 ], [ 139.652521, 35.74536 ] ], [ [ 139.649117, 35.739802 ], [ 139.65063, 35.740055 ], [ 139.651225, 35.740159 ], [ 139.651074, 35.740137 ], [ 139.649117, 35.739802 ] ], [ [ 139.652492, 35.740346 ], [ 139.652317, 35.74032 ], [ 139.653709, 35.740275 ], [ 139.652492, 35.740346 ] ], [ [ 139.644939, 35.73871 ], [ 139.646007, 35.739311 ], [ 139.6466, 35.739808 ], [ 139.644939, 35.73871 ] ], [ [ 139.640484, 35.741443 ], [ 139.640497, 35.741704 ], [ 139.640138, 35.740641 ], [ 139.640484, 35.741443 ] ], [ [ 139.640521, 35.742183 ], [ 139.640372, 35.742422 ], [ 139.64051, 35.741971 ], [ 139.640521, 35.742183 ] ], [ [ 139.646348, 35.743932 ], [ 139.646561, 35.743888 ], [ 139.646643, 35.743925 ], [ 139.646348, 35.743932 ] ], [ [ 139.64024, 35.748275 ], [ 139.641329, 35.746826 ], [ 139.641319, 35.746907 ], [ 139.64024, 35.748275 ] ], [ [ 139.641349, 35.746658 ], [ 139.641011, 35.745988 ], [ 139.641361, 35.746562 ], [ 139.641349, 35.746658 ] ], [ [ 139.641099, 35.745631 ], [ 139.640985, 35.745607 ], [ 139.641704, 35.745476 ], [ 139.641099, 35.745631 ] ], [ [ 139.648574, 35.751676 ], [ 139.649092, 35.752642 ], [ 139.649108, 35.752748 ], [ 139.648574, 35.751676 ] ], [ [ 139.655579, 35.768122 ], [ 139.655572, 35.768112 ], [ 139.657979, 35.76747 ], [ 139.655579, 35.768122 ] ], [ [ 139.656874, 35.75604 ], [ 139.657512, 35.755582 ], [ 139.657044, 35.755939 ], [ 139.656874, 35.75604 ] ], [ [ 139.653216, 35.764296 ], [ 139.653349, 35.764086 ], [ 139.655923, 35.761857 ], [ 139.653216, 35.764296 ] ], [ [ 139.641411, 35.767473 ], [ 139.641018, 35.767478 ], [ 139.636643, 35.767464 ], [ 139.641411, 35.767473 ] ], [ [ 139.64086, 35.761777 ], [ 139.641885, 35.761913 ], [ 139.642412, 35.761989 ], [ 139.640776, 35.76179 ], [ 139.64086, 35.761777 ] ], [ [ 139.647645, 35.759575 ], [ 139.649365, 35.759392 ], [ 139.650942, 35.759373 ], [ 139.64945, 35.759406 ], [ 139.647645, 35.759575 ] ], [ [ 139.649033, 35.758121 ], [ 139.649035, 35.758023 ], [ 139.649365, 35.759392 ], [ 139.649033, 35.758121 ] ], [ [ 139.644921, 35.756436 ], [ 139.643944, 35.75843 ], [ 139.643894, 35.758286 ], [ 139.64394, 35.758299 ], [ 139.644921, 35.756436 ] ], [ [ 139.643967, 35.758494 ], [ 139.646121, 35.758832 ], [ 139.643998, 35.758583 ], [ 139.643967, 35.758494 ] ], [ [ 139.648742, 35.763258 ], [ 139.648704, 35.764588 ], [ 139.64861, 35.764808 ], [ 139.648742, 35.763258 ] ], [ [ 139.653064, 35.764534 ], [ 139.653122, 35.764444 ], [ 139.652234, 35.766333 ], [ 139.653064, 35.764534 ] ], [ [ 139.661379, 35.738159 ], [ 139.661948, 35.738155 ], [ 139.66526, 35.738571 ], [ 139.661379, 35.738159 ] ], [ [ 139.670903, 35.736637 ], [ 139.671054, 35.736572 ], [ 139.672126, 35.736355 ], [ 139.670903, 35.736637 ] ], [ [ 139.673648, 35.737704 ], [ 139.673309, 35.737641 ], [ 139.672355, 35.737864 ], [ 139.67089, 35.738123 ], [ 139.67317, 35.737657 ], [ 139.673247, 35.73761 ], [ 139.673648, 35.737704 ] ], [ [ 139.675611, 35.738068 ], [ 139.675086, 35.737971 ], [ 139.678583, 35.738314 ], [ 139.680022, 35.738575 ], [ 139.675611, 35.738068 ] ], [ [ 139.659799, 35.733203 ], [ 139.65824, 35.733046 ], [ 139.659702, 35.733119 ], [ 139.659799, 35.733203 ] ], [ [ 139.663358, 35.732238 ], [ 139.662007, 35.732285 ], [ 139.664455, 35.732189 ], [ 139.663358, 35.732238 ] ], [ [ 139.662597, 35.728271 ], [ 139.660956, 35.728852 ], [ 139.660635, 35.729192 ], [ 139.661006, 35.728745 ], [ 139.662597, 35.728271 ] ], [ [ 139.668579, 35.741204 ], [ 139.668299, 35.740987 ], [ 139.666515, 35.738523 ], [ 139.668579, 35.741204 ] ], [ [ 139.671406, 35.750375 ], [ 139.673163, 35.754425 ], [ 139.672174, 35.752286 ], [ 139.671406, 35.750375 ] ], [ [ 139.672612, 35.742911 ], [ 139.67259, 35.743185 ], [ 139.672342, 35.744363 ], [ 139.67239, 35.743786 ], [ 139.672612, 35.742911 ] ], [ [ 139.672772, 35.740936 ], [ 139.672637, 35.742609 ], [ 139.672717, 35.740113 ], [ 139.672785, 35.740236 ], [ 139.672772, 35.740936 ] ], [ [ 139.667913, 35.7416 ], [ 139.665568, 35.741539 ], [ 139.665769, 35.741488 ], [ 139.667913, 35.7416 ] ], [ [ 139.669727, 35.745099 ], [ 139.669786, 35.745246 ], [ 139.66971, 35.745615 ], [ 139.669727, 35.745099 ] ], [ [ 139.669845, 35.748102 ], [ 139.669205, 35.747982 ], [ 139.669602, 35.748031 ], [ 139.670979, 35.747992 ], [ 139.669845, 35.748102 ] ], [ [ 139.668081, 35.741837 ], [ 139.668298, 35.742354 ], [ 139.668247, 35.742295 ], [ 139.668081, 35.741837 ] ], [ [ 139.666451, 35.749026 ], [ 139.666749, 35.749094 ], [ 139.663548, 35.749142 ], [ 139.666451, 35.749026 ] ], [ [ 139.663105, 35.747696 ], [ 139.66305, 35.747503 ], [ 139.663066, 35.747535 ], [ 139.663105, 35.747696 ] ], [ [ 139.668714, 35.757968 ], [ 139.668185, 35.758583 ], [ 139.668194, 35.758494 ], [ 139.668459, 35.758139 ], [ 139.668714, 35.757968 ] ], [ [ 139.669803, 35.75757 ], [ 139.669143, 35.757682 ], [ 139.669324, 35.757561 ], [ 139.669803, 35.75757 ] ], [ [ 139.671704, 35.757766 ], [ 139.670097, 35.757576 ], [ 139.671101, 35.757595 ], [ 139.671704, 35.757766 ] ] ], [ [ [ 139.567099, 35.763593 ], [ 139.567326, 35.763394 ], [ 139.566745, 35.763159 ], [ 139.566643, 35.7635 ], [ 139.567099, 35.763593 ] ] ] ] } },
{ "type": "Feature", "properties": { "ward": "荒川区" }, "geometry": { "type": "Polygon", "coordinates": [ [ [ 139.765537, 35.728544 ], [ 139.765643, 35.728866 ], [ 139.765555, 35.729538 ], [ 139.764917, 35.730422 ], [ 139.764061, 35.730886 ], [ 139.762807, 35.731548 ], [ 139.761634, 35.731789 ], [ 139.761319, 35.732375 ], [ 139.761839, 35.732893 ], [ 139.761649, 35.733075 ], [ 139.761769, 35.733146 ], [ 139.761478, 35.733761 ], [ 139.762116, 35.733972 ], [ 139.762539, 35.733619 ], [ 139.762845, 35.733697 ], [ 139.763308, 35.733536 ], [ 139.764339, 35.734605 ], [ 139.764375, 35.73457 ], [ 139.764268, 35.734692 ], [ 139.763509, 35.735315 ], [ 139.764857, 35.735814 ], [ 139.764884, 35.735786 ], [ 139.765459, 35.736114 ], [ 139.770869, 35.73795 ], [ 139.770683, 35.73818 ], [ 139.770606, 35.738408 ], [ 139.770301, 35.738406 ], [ 139.769877, 35.739035 ], [ 139.769427, 35.739216 ], [ 139.76918, 35.738961 ], [ 139.768665, 35.739241 ], [ 139.768745, 35.739878 ], [ 139.76846, 35.739844 ], [ 139.768415, 35.739959 ], [ 139.768196, 35.741401 ], [ 139.765704, 35.741601 ], [ 139.765567, 35.74189 ], [ 139.76457, 35.742377 ], [ 139.76411, 35.742783 ], [ 139.764246, 35.743609 ], [ 139.764077, 35.744209 ], [ 139.763669, 35.743934 ], [ 139.763115, 35.743868 ], [ 139.763187, 35.743693 ], [ 139.762676, 35.743495 ], [ 139.762547, 35.743683 ], [ 139.761845, 35.743538 ], [ 139.762084, 35.74448 ], [ 139.761855, 35.74359 ], [ 139.760937, 35.74365 ], [ 139.760473, 35.743893 ], [ 139.760083, 35.743425 ], [ 139.757202, 35.745181 ], [ 139.757954, 35.746131 ], [ 139.757967, 35.747414 ], [ 139.757966, 35.747461 ], [ 139.75535, 35.747487 ], [ 139.754916, 35.747734 ], [ 139.755196, 35.7481 ], [ 139.755229, 35.748888 ], [ 139.754577, 35.748921 ], [ 139.754584, 35.749176 ], [ 139.752384, 35.749283 ], [ 139.752279, 35.749164 ], [ 139.751195, 35.749748 ], [ 139.751024, 35.749542 ], [ 139.749625, 35.750292 ], [ 139.749844, 35.750966 ], [ 139.749436, 35.751117 ], [ 139.749556, 35.751475 ], [ 139.750291, 35.752279 ], [ 139.75066, 35.752319 ], [ 139.750914, 35.752617 ], [ 139.751016, 35.753603 ], [ 139.75179, 35.753621 ], [ 139.751821, 35.753745 ], [ 139.756589, 35.75333 ], [ 139.75724, 35.753187 ], [ 139.757743, 35.754825 ], [ 139.76175, 35.754237 ], [ 139.761752, 35.754257 ], [ 139.76604, 35.753929 ], [ 139.771739, 35.753623 ], [ 139.777402, 35.75384 ], [ 139.782067, 35.754005 ], [ 139.785706, 35.753616 ], [ 139.787579, 35.753015 ], [ 139.788962, 35.752618 ], [ 139.789512, 35.752258 ], [ 139.790566, 35.751317 ], [ 139.791344, 35.750073 ], [ 139.791431, 35.749344 ], [ 139.791307, 35.748835 ], [ 139.789207, 35.747657 ], [ 139.788695, 35.747154 ], [ 139.788331, 35.746387 ], [ 139.788414, 35.745565 ], [ 139.789117, 35.744098 ], [ 139.791424, 35.741388 ], [ 139.792445, 35.740743 ], [ 139.793577, 35.740285 ], [ 139.79559, 35.739691 ], [ 139.797461, 35.739366 ], [ 139.801266, 35.738718 ], [ 139.803185, 35.73884 ], [ 139.808717, 35.740733 ], [ 139.810998, 35.741237 ], [ 139.812742, 35.740897 ], [ 139.813653, 35.740476 ], [ 139.814374, 35.739504 ], [ 139.814627, 35.738508 ], [ 139.814564, 35.73715 ], [ 139.814139, 35.736193 ], [ 139.811568, 35.733373 ], [ 139.811037, 35.732527 ], [ 139.80859, 35.733503 ], [ 139.811044, 35.732523 ], [ 139.810201, 35.730029 ], [ 139.809756, 35.727948 ], [ 139.801525, 35.729048 ], [ 139.799624, 35.728936 ], [ 139.795185, 35.728771 ], [ 139.795075, 35.729792 ], [ 139.794298, 35.729783 ], [ 139.794259, 35.730331 ], [ 139.793129, 35.730368 ], [ 139.792689, 35.730082 ], [ 139.792398, 35.730367 ], [ 139.792499, 35.730863 ], [ 139.792168, 35.73104 ], [ 139.791479, 35.731255 ], [ 139.789532, 35.728597 ], [ 139.787957, 35.727826 ], [ 139.78683, 35.727768 ], [ 139.78585, 35.727559 ], [ 139.782965, 35.728015 ], [ 139.784251, 35.727722 ], [ 139.783711, 35.727578 ], [ 139.783046, 35.726898 ], [ 139.782984, 35.726654 ], [ 139.782643, 35.72645 ], [ 139.7823, 35.726473 ], [ 139.78214, 35.725533 ], [ 139.781277, 35.725312 ], [ 139.781271, 35.72479 ], [ 139.779016, 35.724901 ], [ 139.778168, 35.72493 ], [ 139.776771, 35.725255 ], [ 139.775978, 35.725788 ], [ 139.774099, 35.72662 ], [ 139.773481, 35.726033 ], [ 139.773276, 35.726187 ], [ 139.772849, 35.72598 ], [ 139.772599, 35.726194 ], [ 139.772796, 35.726333 ], [ 139.772509, 35.726639 ], [ 139.771296, 35.72741 ], [ 139.771932, 35.727911 ], [ 139.770959, 35.727308 ], [ 139.770014, 35.728065 ], [ 139.767172, 35.72733 ], [ 139.766673, 35.7275 ], [ 139.766686, 35.727651 ], [ 139.76581, 35.727699 ], [ 139.765537, 35.728544 ] ], [ [ 139.774589, 35.73747 ], [ 139.774647, 35.737507 ], [ 139.772953, 35.737789 ], [ 139.770683, 35.73818 ], [ 139.774589, 35.73747 ] ], [ [ 139.772, 35.728466 ], [ 139.771917, 35.728376 ], [ 139.771932, 35.727911 ], [ 139.772, 35.728466 ] ], [ [ 139.779513, 35.736384 ], [ 139.777035, 35.737192 ], [ 139.777082, 35.737101 ], [ 139.779513, 35.736384 ] ], [ [ 139.778733, 35.74003 ], [ 139.777113, 35.737567 ], [ 139.776986, 35.737286 ], [ 139.777019, 35.737222 ], [ 139.778733, 35.74003 ] ], [ [ 139.780565, 35.739987 ], [ 139.778705, 35.740042 ], [ 139.778733, 35.74003 ], [ 139.780565, 35.739987 ] ], [ [ 139.781289, 35.74019 ], [ 139.78132, 35.740219 ], [ 139.780565, 35.739987 ], [ 139.781289, 35.74019 ] ], [ [ 139.781673, 35.740553 ], [ 139.781581, 35.740543 ], [ 139.78145, 35.740342 ], [ 139.781673, 35.740553 ] ], [ [ 139.784754, 35.740614 ], [ 139.782492, 35.740639 ], [ 139.781776, 35.740564 ], [ 139.784754, 35.740614 ] ], [ [ 139.784699, 35.737156 ], [ 139.784735, 35.737156 ], [ 139.78475, 35.739922 ], [ 139.784699, 35.737156 ] ], [ [ 139.773711, 35.733609 ], [ 139.7736, 35.733624 ], [ 139.773588, 35.733623 ], [ 139.773711, 35.733609 ] ], [ [ 139.765441, 35.731665 ], [ 139.766439, 35.732059 ], [ 139.766407, 35.732096 ], [ 139.765441, 35.731665 ] ], [ [ 139.764305, 35.731157 ], [ 139.764361, 35.731096 ], [ 139.764701, 35.731334 ], [ 139.764305, 35.731157 ] ], [ [ 139.768903, 35.729155 ], [ 139.768559, 35.729574 ], [ 139.768899, 35.729152 ], [ 139.768903, 35.729155 ] ], [ [ 139.768932, 35.734445 ], [ 139.767213, 35.734723 ], [ 139.767653, 35.734584 ], [ 139.768932, 35.734445 ] ], [ [ 139.772007, 35.728474 ], [ 139.778093, 35.72874 ], [ 139.777903, 35.728768 ], [ 139.772007, 35.728474 ] ], [ [ 139.77873, 35.732937 ], [ 139.778599, 35.733025 ], [ 139.777773, 35.733167 ], [ 139.77873, 35.732937 ] ], [ [ 139.778592, 35.734048 ], [ 139.778582, 35.734104 ], [ 139.777489, 35.735505 ], [ 139.778592, 35.734048 ] ], [ [ 139.776694, 35.736555 ], [ 139.776673, 35.736678 ], [ 139.776633, 35.736636 ], [ 139.776694, 35.736555 ] ], [ [ 139.769369, 35.745126 ], [ 139.769707, 35.747301 ], [ 139.769705, 35.747459 ], [ 139.769369, 35.745126 ] ], [ [ 139.775384, 35.743848 ], [ 139.775615, 35.743767 ], [ 139.77352, 35.744559 ], [ 139.775384, 35.743848 ] ], [ [ 139.774099, 35.740854 ], [ 139.776298, 35.740226 ], [ 139.77406, 35.740869 ], [ 139.774099, 35.740854 ] ], [ [ 139.763755, 35.75048 ], [ 139.761141, 35.75065 ], [ 139.757869, 35.750788 ], [ 139.762051, 35.750588 ], [ 139.763755, 35.75048 ] ], [ [ 139.757698, 35.753073 ], [ 139.757681, 35.753077 ], [ 139.757869, 35.750788 ], [ 139.757698, 35.753073 ] ], [ [ 139.769478, 35.749289 ], [ 139.76933, 35.749279 ], [ 139.769407, 35.749263 ], [ 139.769478, 35.749289 ] ], [ [ 139.76903, 35.742147 ], [ 139.769061, 35.74239 ], [ 139.769273, 35.744282 ], [ 139.76903, 35.742147 ] ], [ [ 139.765045, 35.745127 ], [ 139.765024, 35.747292 ], [ 139.765041, 35.744213 ], [ 139.765045, 35.745127 ] ], [ [ 139.765754, 35.747361 ], [ 139.764117, 35.747284 ], [ 139.765024, 35.747292 ], [ 139.765754, 35.747361 ] ], [ [ 139.761605, 35.747237 ], [ 139.761543, 35.74936 ], [ 139.761503, 35.747661 ], [ 139.761605, 35.747237 ] ], [ [ 139.781831, 35.75255 ], [ 139.78184, 35.752606 ], [ 139.781271, 35.751041 ], [ 139.781831, 35.75255 ] ], [ [ 139.785199, 35.749677 ], [ 139.785111, 35.749676 ], [ 139.785182, 35.749653 ], [ 139.785199, 35.749677 ] ], [ [ 139.785271, 35.743545 ], [ 139.783442, 35.743368 ], [ 139.783239, 35.743276 ], [ 139.78477, 35.743432 ], [ 139.785271, 35.743545 ] ], [ [ 139.779875, 35.746508 ], [ 139.779876, 35.745556 ], [ 139.778284, 35.745113 ], [ 139.779922, 35.745516 ], [ 139.779885, 35.745519 ], [ 139.779875, 35.746508 ] ], [ [ 139.776918, 35.743694 ], [ 139.777043, 35.743667 ], [ 139.775735, 35.744459 ], [ 139.776918, 35.743694 ] ], [ [ 139.778694, 35.740046 ], [ 139.780624, 35.742867 ], [ 139.780594, 35.742874 ], [ 139.778694, 35.740046 ] ], [ [ 139.776195, 35.745758 ], [ 139.775807, 35.745138 ], [ 139.776213, 35.745714 ], [ 139.776195, 35.745758 ] ], [ [ 139.796391, 35.731302 ], [ 139.795178, 35.731121 ], [ 139.796082, 35.731181 ], [ 139.796391, 35.731302 ] ], [ [ 139.797378, 35.731723 ], [ 139.79705, 35.731559 ], [ 139.797302, 35.731658 ], [ 139.797378, 35.731723 ] ], [ [ 139.798143, 35.732411 ], [ 139.798151, 35.732385 ], [ 139.79817, 35.732341 ], [ 139.798143, 35.732411 ] ], [ [ 139.79895, 35.731365 ], [ 139.798571, 35.731401 ], [ 139.79858, 35.73138 ], [ 139.79895, 35.731365 ] ], [ [ 139.788361, 35.737369 ], [ 139.788379, 35.737342 ], [ 139.788371, 35.737366 ], [ 139.788361, 35.737369 ] ], [ [ 139.788598, 35.736658 ], [ 139.788646, 35.736217 ], [ 139.788877, 35.735785 ], [ 139.788598, 35.736658 ] ], [ [ 139.78847, 35.735761 ], [ 139.789947, 35.735749 ], [ 139.788877, 35.735785 ], [ 139.78847, 35.735761 ] ], [ [ 139.796825, 35.736935 ], [ 139.79425, 35.734362 ], [ 139.794035, 35.734084 ], [ 139.79681, 35.736813 ], [ 139.796825, 35.736935 ] ], [ [ 139.801076, 35.7378 ], [ 139.80101, 35.737738 ], [ 139.801552, 35.737861 ], [ 139.801076, 35.7378 ] ], [ [ 139.803948, 35.738404 ], [ 139.804816, 35.738374 ], [ 139.80481, 35.738446 ], [ 139.803948, 35.738404 ] ], [ [ 139.805858, 35.734199 ], [ 139.806803, 35.732184 ], [ 139.805942, 35.734069 ], [ 139.805858, 35.734199 ] ], [ [ 139.806671, 35.734186 ], [ 139.808032, 35.734119 ], [ 139.80689, 35.734221 ], [ 139.806671, 35.734186 ] ], [ [ 139.799794, 35.734878 ], [ 139.799381, 35.73413 ], [ 139.799523, 35.734334 ], [ 139.799794, 35.734878 ] ], [ [ 139.800343, 35.735979 ], [ 139.800874, 35.737611 ], [ 139.800836, 35.737575 ], [ 139.800012, 35.735315 ], [ 139.800343, 35.735979 ] ] ] } },
{ "type": "Feature", "properties": { "ward": "葛飾区" }, "geometry": { "type": "MultiPolygon", "coordinates": [ [ [ [ 139.831486, 35.729499 ], [ 139.829001, 35.731858 ], [ 139.825939, 35.734944 ], [ 139.823607, 35.738174 ], [ 139.822508, 35.740114 ], [ 139.820409, 35.743877 ], [ 139.81834, 35.747769 ], [ 139.814652, 35.752475 ], [ 139.815398, 35.753529 ], [ 139.81439, 35.753846 ], [ 139.813967, 35.754245 ], [ 139.813414, 35.755363 ], [ 139.813737, 35.757272 ], [ 139.813341, 35.757496 ], [ 139.813515, 35.758298 ], [ 139.813291, 35.759422 ], [ 139.817008, 35.760514 ], [ 139.817084, 35.760042 ], [ 139.819755, 35.760447 ], [ 139.820305, 35.755926 ], [ 139.822197, 35.755556 ], [ 139.822983, 35.755577 ], [ 139.823362, 35.755775 ], [ 139.823339, 35.755509 ], [ 139.824289, 35.761387 ], [ 139.82421, 35.76199 ], [ 139.826963, 35.762288 ], [ 139.826987, 35.761966 ], [ 139.826859, 35.761897 ], [ 139.825912, 35.761734 ], [ 139.825985, 35.761184 ], [ 139.825263, 35.759325 ], [ 139.825574, 35.758269 ], [ 139.825398, 35.758037 ], [ 139.827933, 35.757376 ], [ 139.828481, 35.757416 ], [ 139.830075, 35.757869 ], [ 139.830744, 35.758564 ], [ 139.830938, 35.758778 ], [ 139.830969, 35.7597 ], [ 139.830934, 35.761342 ], [ 139.830671, 35.762065 ], [ 139.830705, 35.762464 ], [ 139.831452, 35.7636 ], [ 139.831866, 35.763893 ], [ 139.832345, 35.763909 ], [ 139.834391, 35.763309 ], [ 139.835385, 35.763266 ], [ 139.835738, 35.763088 ], [ 139.836317, 35.763152 ], [ 139.837588, 35.763293 ], [ 139.837545, 35.763516 ], [ 139.837698, 35.765615 ], [ 139.837899, 35.765936 ], [ 139.838203, 35.766071 ], [ 139.839241, 35.766267 ], [ 139.841667, 35.766323 ], [ 139.842198, 35.766604 ], [ 139.842528, 35.767287 ], [ 139.842979, 35.767767 ], [ 139.845263, 35.769268 ], [ 139.850996, 35.769777 ], [ 139.851354, 35.769571 ], [ 139.851732, 35.767593 ], [ 139.851698, 35.766877 ], [ 139.852075, 35.766259 ], [ 139.852174, 35.765712 ], [ 139.854056, 35.765331 ], [ 139.856353, 35.764205 ], [ 139.857767, 35.765575 ], [ 139.858265, 35.766389 ], [ 139.858668, 35.768264 ], [ 139.858086, 35.770379 ], [ 139.856594, 35.771943 ], [ 139.853696, 35.775135 ], [ 139.85063, 35.778299 ], [ 139.848474, 35.781004 ], [ 139.846951, 35.783492 ], [ 139.846289, 35.784839 ], [ 139.845522, 35.787152 ], [ 139.852883, 35.787881 ], [ 139.845486, 35.787205 ], [ 139.844474, 35.79034 ], [ 139.844233, 35.79193 ], [ 139.844216, 35.793537 ], [ 139.844382, 35.794148 ], [ 139.844829, 35.794804 ], [ 139.846681, 35.796294 ], [ 139.849501, 35.794508 ], [ 139.852537, 35.792199 ], [ 139.854534, 35.791073 ], [ 139.855442, 35.790804 ], [ 139.856325, 35.790862 ], [ 139.856767, 35.791135 ], [ 139.857974, 35.792462 ], [ 139.859204, 35.795013 ], [ 139.859207, 35.795414 ], [ 139.859587, 35.795626 ], [ 139.860161, 35.795526 ], [ 139.861603, 35.795085 ], [ 139.862059, 35.794758 ], [ 139.863377, 35.794599 ], [ 139.86483, 35.794732 ], [ 139.868333, 35.796287 ], [ 139.87148, 35.796864 ], [ 139.872667, 35.796861 ], [ 139.874378, 35.796295 ], [ 139.87626, 35.794792 ], [ 139.877022, 35.794513 ], [ 139.877659, 35.793853 ], [ 139.877168, 35.793461 ], [ 139.876254, 35.792045 ], [ 139.874678, 35.791152 ], [ 139.872225, 35.789179 ], [ 139.871085, 35.787044 ], [ 139.871319, 35.784826 ], [ 139.871551, 35.78465 ], [ 139.872132, 35.783553 ], [ 139.873222, 35.78239 ], [ 139.873942, 35.781825 ], [ 139.875198, 35.781312 ], [ 139.876294, 35.781123 ], [ 139.877399, 35.781167 ], [ 139.880681, 35.782161 ], [ 139.880858, 35.781869 ], [ 139.881082, 35.781911 ], [ 139.88111, 35.782065 ], [ 139.881658, 35.782071 ], [ 139.886767, 35.78408 ], [ 139.887597, 35.784197 ], [ 139.890519, 35.783402 ], [ 139.893777, 35.782773 ], [ 139.894513, 35.781455 ], [ 139.894644, 35.780362 ], [ 139.894391, 35.779399 ], [ 139.8941, 35.778956 ], [ 139.892829, 35.77782 ], [ 139.89012, 35.776391 ], [ 139.885128, 35.774501 ], [ 139.882864, 35.773342 ], [ 139.882008, 35.772624 ], [ 139.881998, 35.772628 ], [ 139.880665, 35.77139 ], [ 139.879974, 35.76986 ], [ 139.879856, 35.769254 ], [ 139.879767, 35.767182 ], [ 139.879944, 35.765993 ], [ 139.880594, 35.764939 ], [ 139.881628, 35.763836 ], [ 139.882615, 35.762215 ], [ 139.882632, 35.762222 ], [ 139.882873, 35.761464 ], [ 139.88337, 35.758173 ], [ 139.885531, 35.755399 ], [ 139.888154, 35.752897 ], [ 139.889993, 35.750731 ], [ 139.884744, 35.750534 ], [ 139.884641, 35.750326 ], [ 139.884074, 35.750221 ], [ 139.884093, 35.750051 ], [ 139.883357, 35.750079 ], [ 139.88338, 35.749903 ], [ 139.883036, 35.749875 ], [ 139.882758, 35.749382 ], [ 139.879233, 35.749981 ], [ 139.88062, 35.749681 ], [ 139.880309, 35.748596 ], [ 139.88114, 35.748412 ], [ 139.881197, 35.748624 ], [ 139.881433, 35.748674 ], [ 139.881697, 35.748628 ], [ 139.881696, 35.748429 ], [ 139.882231, 35.748494 ], [ 139.883114, 35.74822 ], [ 139.883201, 35.747811 ], [ 139.882824, 35.747305 ], [ 139.883888, 35.7474 ], [ 139.883821, 35.74694 ], [ 139.884239, 35.746811 ], [ 139.884337, 35.746474 ], [ 139.885049, 35.746418 ], [ 139.88485, 35.745945 ], [ 139.884901, 35.745602 ], [ 139.884607, 35.745571 ], [ 139.884632, 35.745397 ], [ 139.88359, 35.745092 ], [ 139.882021, 35.74424 ], [ 139.882289, 35.743394 ], [ 139.882102, 35.743345 ], [ 139.881657, 35.743508 ], [ 139.875058, 35.748065 ], [ 139.879273, 35.745135 ], [ 139.881925, 35.743322 ], [ 139.881605, 35.743163 ], [ 139.881678, 35.742804 ], [ 139.880888, 35.742688 ], [ 139.881041, 35.741997 ], [ 139.879734, 35.741539 ], [ 139.880218, 35.74062 ], [ 139.880265, 35.740379 ], [ 139.88011, 35.74026 ], [ 139.877998, 35.741108 ], [ 139.876729, 35.741049 ], [ 139.876754, 35.740463 ], [ 139.877509, 35.740238 ], [ 139.877405, 35.739859 ], [ 139.877055, 35.739753 ], [ 139.877274, 35.739469 ], [ 139.877614, 35.739571 ], [ 139.877445, 35.7391 ], [ 139.876973, 35.738876 ], [ 139.877169, 35.73863 ], [ 139.876836, 35.738431 ], [ 139.876937, 35.73821 ], [ 139.876646, 35.736933 ], [ 139.875221, 35.737241 ], [ 139.87506, 35.737265 ], [ 139.874771, 35.736613 ], [ 139.873757, 35.736725 ], [ 139.87313, 35.737612 ], [ 139.872793, 35.737455 ], [ 139.872838, 35.736824 ], [ 139.872717, 35.736777 ], [ 139.872796, 35.736636 ], [ 139.873148, 35.736772 ], [ 139.87322, 35.73653 ], [ 139.873834, 35.736617 ], [ 139.874227, 35.736064 ], [ 139.87359, 35.735754 ], [ 139.872789, 35.734613 ], [ 139.872383, 35.734492 ], [ 139.872572, 35.733789 ], [ 139.872139, 35.732815 ], [ 139.87192, 35.732164 ], [ 139.871674, 35.729387 ], [ 139.870993, 35.729057 ], [ 139.870115, 35.729081 ], [ 139.870144, 35.728934 ], [ 139.869947, 35.728905 ], [ 139.87003, 35.728592 ], [ 139.866572, 35.734311 ], [ 139.868926, 35.730379 ], [ 139.870104, 35.728262 ], [ 139.87072, 35.725464 ], [ 139.870885, 35.72478 ], [ 139.869761, 35.724225 ], [ 139.869565, 35.724459 ], [ 139.86872, 35.724086 ], [ 139.869047, 35.723481 ], [ 139.868189, 35.723031 ], [ 139.867313, 35.72114 ], [ 139.867385, 35.720398 ], [ 139.86717, 35.719784 ], [ 139.866262, 35.718787 ], [ 139.866232, 35.718337 ], [ 139.86649, 35.717856 ], [ 139.866819, 35.717569 ], [ 139.868332, 35.714771 ], [ 139.868524, 35.714117 ], [ 139.868302, 35.712743 ], [ 139.867738, 35.712067 ], [ 139.867504, 35.712308 ], [ 139.867272, 35.712003 ], [ 139.86713, 35.712011 ], [ 139.867157, 35.712343 ], [ 139.866727, 35.712363 ], [ 139.866656, 35.7129 ], [ 139.864811, 35.713271 ], [ 139.86474, 35.713027 ], [ 139.863603, 35.713333 ], [ 139.864509, 35.717679 ], [ 139.863531, 35.713189 ], [ 139.862958, 35.712937 ], [ 139.862643, 35.713197 ], [ 139.862397, 35.713028 ], [ 139.860796, 35.714449 ], [ 139.859875, 35.713757 ], [ 139.859308, 35.714259 ], [ 139.858701, 35.713824 ], [ 139.858576, 35.713937 ], [ 139.858701, 35.714027 ], [ 139.858445, 35.714152 ], [ 139.858122, 35.71385 ], [ 139.85668, 35.714279 ], [ 139.856269, 35.714077 ], [ 139.85622, 35.713783 ], [ 139.855446, 35.71396 ], [ 139.855376, 35.713748 ], [ 139.855122, 35.713717 ], [ 139.854676, 35.71271 ], [ 139.851021, 35.710674 ], [ 139.849882, 35.71181 ], [ 139.84856, 35.713082 ], [ 139.845864, 35.715711 ], [ 139.840488, 35.720964 ], [ 139.835845, 35.725385 ], [ 139.831486, 35.729499 ] ], [ [ 139.82515, 35.745422 ], [ 139.825247, 35.745493 ], [ 139.820409, 35.743877 ], [ 139.82515, 35.745422 ] ], [ [ 139.828233, 35.756749 ], [ 139.828206, 35.756666 ], [ 139.828481, 35.757416 ], [ 139.828233, 35.756749 ] ], [ [ 139.841221, 35.763928 ], [ 139.841448, 35.763991 ], [ 139.837545, 35.763516 ], [ 139.841221, 35.763928 ] ], [ [ 139.853325, 35.784574 ], [ 139.848684, 35.784139 ], [ 139.853354, 35.784573 ], [ 139.852883, 35.787881 ], [ 139.853325, 35.784574 ] ], [ [ 139.881324, 35.781713 ], [ 139.881307, 35.781706 ], [ 139.881875, 35.781004 ], [ 139.88111, 35.782065 ], [ 139.881324, 35.781713 ] ], [ [ 139.875772, 35.769653 ], [ 139.872825, 35.769877 ], [ 139.87275, 35.769871 ], [ 139.875793, 35.76965 ], [ 139.879856, 35.769254 ], [ 139.875772, 35.769653 ] ], [ [ 139.862577, 35.734835 ], [ 139.864924, 35.734495 ], [ 139.866572, 35.734311 ], [ 139.862577, 35.734835 ] ], [ [ 139.863046, 35.735462 ], [ 139.859181, 35.731449 ], [ 139.862577, 35.734835 ], [ 139.863046, 35.735462 ] ], [ [ 139.858224, 35.733918 ], [ 139.859185, 35.731413 ], [ 139.859469, 35.731244 ], [ 139.859181, 35.731449 ], [ 139.858224, 35.733918 ] ], [ [ 139.866177, 35.725573 ], [ 139.863509, 35.723719 ], [ 139.857073, 35.719238 ], [ 139.863583, 35.723768 ], [ 139.870104, 35.728262 ], [ 139.866177, 35.725573 ] ], [ [ 139.859364, 35.723815 ], [ 139.857058, 35.719253 ], [ 139.857058, 35.719252 ], [ 139.857073, 35.719238 ], [ 139.859364, 35.723815 ] ], [ [ 139.857775, 35.723659 ], [ 139.852993, 35.723289 ], [ 139.855314, 35.723379 ], [ 139.859364, 35.723815 ], [ 139.857775, 35.723659 ] ], [ [ 139.8508, 35.725509 ], [ 139.848546, 35.727778 ], [ 139.852993, 35.723289 ], [ 139.8508, 35.725509 ] ], [ [ 139.849332, 35.728343 ], [ 139.848486, 35.727751 ], [ 139.848546, 35.727778 ], [ 139.849332, 35.728343 ] ], [ [ 139.848796, 35.723356 ], [ 139.849551, 35.723323 ], [ 139.852993, 35.723289 ], [ 139.848796, 35.723356 ] ], [ [ 139.856832, 35.719477 ], [ 139.854201, 35.7221 ], [ 139.852993, 35.723289 ], [ 139.856832, 35.719477 ] ], [ [ 139.858566, 35.717734 ], [ 139.858728, 35.717573 ], [ 139.857073, 35.719238 ], [ 139.858566, 35.717734 ] ], [ [ 139.855189, 35.763015 ], [ 139.85471, 35.762179 ], [ 139.854676, 35.762043 ], [ 139.85529, 35.763116 ], [ 139.855189, 35.763015 ] ], [ [ 139.854487, 35.761301 ], [ 139.854517, 35.761143 ], [ 139.854614, 35.761802 ], [ 139.854487, 35.761301 ] ], [ [ 139.854708, 35.760139 ], [ 139.854733, 35.760123 ], [ 139.854685, 35.760261 ], [ 139.854708, 35.760139 ] ], [ [ 139.852308, 35.759906 ], [ 139.852248, 35.759806 ], [ 139.854708, 35.760139 ], [ 139.852308, 35.759906 ] ], [ [ 139.859078, 35.753848 ], [ 139.85908, 35.753844 ], [ 139.859067, 35.753904 ], [ 139.859078, 35.753848 ] ], [ [ 139.856308, 35.747129 ], [ 139.857083, 35.746736 ], [ 139.856338, 35.747133 ], [ 139.856308, 35.747129 ] ], [ [ 139.856966, 35.746545 ], [ 139.85773, 35.747557 ], [ 139.857083, 35.746736 ], [ 139.856966, 35.746545 ] ], [ [ 139.856463, 35.745729 ], [ 139.856927, 35.744753 ], [ 139.856479, 35.745755 ], [ 139.856463, 35.745729 ] ], [ [ 139.858118, 35.743763 ], [ 139.858535, 35.744311 ], [ 139.858297, 35.744063 ], [ 139.858118, 35.743763 ] ], [ [ 139.857866, 35.743342 ], [ 139.857735, 35.742778 ], [ 139.858037, 35.743627 ], [ 139.857866, 35.743342 ] ], [ [ 139.858117, 35.742213 ], [ 139.858263, 35.742109 ], [ 139.858084, 35.742262 ], [ 139.858117, 35.742213 ] ], [ [ 139.857279, 35.741297 ], [ 139.857357, 35.741243 ], [ 139.858117, 35.742213 ], [ 139.857279, 35.741297 ] ], [ [ 139.859507, 35.740994 ], [ 139.859488, 35.741057 ], [ 139.859404, 35.741129 ], [ 139.859507, 35.740994 ] ], [ [ 139.860002, 35.739373 ], [ 139.86, 35.739394 ], [ 139.859995, 35.73941 ], [ 139.860002, 35.739373 ] ], [ [ 139.860085, 35.737851 ], [ 139.860136, 35.737929 ], [ 139.86012, 35.738103 ], [ 139.860085, 35.737851 ] ], [ [ 139.859614, 35.737423 ], [ 139.859903, 35.737577 ], [ 139.859994, 35.737715 ], [ 139.859614, 35.737423 ] ], [ [ 139.859265, 35.7373 ], [ 139.859346, 35.737281 ], [ 139.859394, 35.737306 ], [ 139.859265, 35.7373 ] ], [ [ 139.857003, 35.738103 ], [ 139.858261, 35.737534 ], [ 139.85892, 35.73738 ], [ 139.857003, 35.738103 ] ], [ [ 139.854801, 35.738311 ], [ 139.854703, 35.738272 ], [ 139.855065, 35.738286 ], [ 139.854801, 35.738311 ] ], [ [ 139.85238, 35.735917 ], [ 139.852387, 35.735858 ], [ 139.852402, 35.736007 ], [ 139.85238, 35.735917 ] ], [ [ 139.853985, 35.73367 ], [ 139.853927, 35.733744 ], [ 139.852906, 35.734408 ], [ 139.853985, 35.73367 ] ], [ [ 139.858508, 35.728133 ], [ 139.85745, 35.726641 ], [ 139.85878, 35.728515 ], [ 139.858508, 35.728133 ] ], [ [ 139.858896, 35.717355 ], [ 139.86085, 35.718497 ], [ 139.860895, 35.718526 ], [ 139.859089, 35.717471 ], [ 139.858896, 35.717355 ] ], [ [ 139.842838, 35.724847 ], [ 139.842914, 35.72534 ], [ 139.842854, 35.725199 ], [ 139.842838, 35.724847 ] ], [ [ 139.843274, 35.722866 ], [ 139.84298, 35.723794 ], [ 139.842817, 35.724382 ], [ 139.842811, 35.724259 ], [ 139.843274, 35.722866 ] ], [ [ 139.843994, 35.72393 ], [ 139.847229, 35.72384 ], [ 139.843908, 35.724013 ], [ 139.84298, 35.723794 ], [ 139.843994, 35.72393 ] ], [ [ 139.843581, 35.764638 ], [ 139.843307, 35.764502 ], [ 139.843357, 35.764516 ], [ 139.843581, 35.764638 ] ], [ [ 139.84738, 35.749739 ], [ 139.846072, 35.75272 ], [ 139.847079, 35.750333 ], [ 139.84738, 35.749739 ] ], [ [ 139.847373, 35.749739 ], [ 139.847904, 35.749518 ], [ 139.84738, 35.749739 ], [ 139.847373, 35.749739 ] ], [ [ 139.845821, 35.74663 ], [ 139.846369, 35.747374 ], [ 139.848076, 35.749724 ], [ 139.847904, 35.749518 ], [ 139.845821, 35.74663 ] ], [ [ 139.846617, 35.746441 ], [ 139.846615, 35.746445 ], [ 139.845821, 35.74663 ], [ 139.846617, 35.746441 ] ], [ [ 139.840947, 35.741378 ], [ 139.84215, 35.741503 ], [ 139.845507, 35.741897 ], [ 139.848376, 35.742237 ], [ 139.848261, 35.742512 ], [ 139.848372, 35.742244 ], [ 139.840947, 35.741378 ] ], [ [ 139.843566, 35.744009 ], [ 139.843625, 35.744096 ], [ 139.837851, 35.73845 ], [ 139.840947, 35.741378 ], [ 139.843566, 35.744009 ] ], [ [ 139.840789, 35.736107 ], [ 139.840917, 35.736006 ], [ 139.837851, 35.73845 ], [ 139.840789, 35.736107 ] ], [ [ 139.849099, 35.738284 ], [ 139.850142, 35.738579 ], [ 139.84927, 35.738367 ], [ 139.846362, 35.737856 ], [ 139.845797, 35.737741 ], [ 139.849099, 35.738284 ] ], [ [ 139.850983, 35.739026 ], [ 139.851074, 35.73911 ], [ 139.850142, 35.738579 ], [ 139.850983, 35.739026 ] ], [ [ 139.842922, 35.737099 ], [ 139.843352, 35.737241 ], [ 139.84308, 35.737185 ], [ 139.842922, 35.737099 ] ], [ [ 139.845526, 35.736481 ], [ 139.842516, 35.736159 ], [ 139.841154, 35.735878 ], [ 139.841155, 35.735877 ], [ 139.845526, 35.736481 ] ], [ [ 139.842704, 35.752201 ], [ 139.842066, 35.750132 ], [ 139.844226, 35.757094 ], [ 139.843323, 35.759148 ], [ 139.844176, 35.756963 ], [ 139.842704, 35.752201 ] ], [ [ 139.840135, 35.750274 ], [ 139.837538, 35.750453 ], [ 139.833217, 35.750795 ], [ 139.831406, 35.751024 ], [ 139.833259, 35.750761 ], [ 139.837472, 35.75044 ], [ 139.836412, 35.747953 ], [ 139.836407, 35.747952 ], [ 139.839427, 35.747797 ], [ 139.841002, 35.747491 ], [ 139.839802, 35.744213 ], [ 139.838913, 35.742383 ], [ 139.839472, 35.743352 ], [ 139.840405, 35.745732 ], [ 139.840989, 35.747451 ], [ 139.842066, 35.750132 ], [ 139.840135, 35.750274 ] ], [ [ 139.820767, 35.749168 ], [ 139.820587, 35.750739 ], [ 139.820583, 35.750073 ], [ 139.820767, 35.749168 ] ], [ [ 139.831806, 35.747703 ], [ 139.827173, 35.747564 ], [ 139.827176, 35.747563 ], [ 139.832916, 35.747704 ], [ 139.831806, 35.747703 ] ], [ [ 139.833207, 35.747779 ], [ 139.831856, 35.747778 ], [ 139.832618, 35.749689 ], [ 139.831806, 35.747703 ], [ 139.833207, 35.747779 ] ], [ [ 139.826369, 35.741092 ], [ 139.826429, 35.741115 ], [ 139.826296, 35.741111 ], [ 139.826369, 35.741092 ] ], [ [ 139.833762, 35.742614 ], [ 139.830415, 35.746166 ], [ 139.832656, 35.743761 ], [ 139.833762, 35.742614 ] ], [ [ 139.834795, 35.743277 ], [ 139.835285, 35.743742 ], [ 139.833762, 35.742614 ], [ 139.834795, 35.743277 ] ], [ [ 139.840476, 35.735829 ], [ 139.836414, 35.73537 ], [ 139.837895, 35.735488 ], [ 139.840476, 35.735829 ] ], [ [ 139.832582, 35.740333 ], [ 139.83246, 35.740255 ], [ 139.832335, 35.740036 ], [ 139.832582, 35.740333 ] ], [ [ 139.836584, 35.744469 ], [ 139.835984, 35.744435 ], [ 139.836945, 35.74444 ], [ 139.836584, 35.744469 ] ], [ [ 139.825919, 35.746109 ], [ 139.825531, 35.745699 ], [ 139.825698, 35.74582 ], [ 139.825919, 35.746109 ] ], [ [ 139.827439, 35.75371 ], [ 139.827963, 35.749743 ], [ 139.827837, 35.75119 ], [ 139.827443, 35.753753 ], [ 139.827411, 35.754219 ], [ 139.827439, 35.75371 ] ], [ [ 139.833809, 35.754049 ], [ 139.836664, 35.75393 ], [ 139.835172, 35.754104 ], [ 139.833839, 35.75405 ], [ 139.833809, 35.754049 ] ], [ [ 139.82059, 35.751332 ], [ 139.820609, 35.751963 ], [ 139.820595, 35.752144 ], [ 139.82059, 35.751332 ] ], [ [ 139.835868, 35.75893 ], [ 139.834908, 35.755707 ], [ 139.835204, 35.756559 ], [ 139.835869, 35.75893 ], [ 139.835868, 35.75893 ] ], [ [ 139.836802, 35.75903 ], [ 139.839067, 35.759203 ], [ 139.837236, 35.759076 ], [ 139.836802, 35.75903 ] ], [ [ 139.851214, 35.739238 ], [ 139.851622, 35.739611 ], [ 139.853135, 35.741586 ], [ 139.851214, 35.739238 ] ], [ [ 139.853729, 35.74236 ], [ 139.855794, 35.744962 ], [ 139.855295, 35.744443 ], [ 139.853135, 35.741586 ], [ 139.853729, 35.74236 ] ], [ [ 139.8478, 35.727443 ], [ 139.848235, 35.727638 ], [ 139.847692, 35.72744 ], [ 139.8478, 35.727443 ] ], [ [ 139.850431, 35.71796 ], [ 139.849219, 35.717971 ], [ 139.849927, 35.717899 ], [ 139.850431, 35.71796 ] ], [ [ 139.848936, 35.734766 ], [ 139.848968, 35.734706 ], [ 139.849705, 35.734263 ], [ 139.848936, 35.734766 ] ], [ [ 139.851159, 35.732332 ], [ 139.851165, 35.732404 ], [ 139.850634, 35.732137 ], [ 139.851159, 35.732332 ] ], [ [ 139.851653, 35.730159 ], [ 139.85098, 35.729997 ], [ 139.850221, 35.729623 ], [ 139.851653, 35.730159 ] ], [ [ 139.852586, 35.730384 ], [ 139.852445, 35.73035 ], [ 139.852728, 35.730378 ], [ 139.852586, 35.730384 ] ], [ [ 139.85458, 35.730294 ], [ 139.853462, 35.730344 ], [ 139.854354, 35.730238 ], [ 139.85458, 35.730294 ] ], [ [ 139.854941, 35.730383 ], [ 139.855354, 35.731024 ], [ 139.85537, 35.731146 ], [ 139.854849, 35.73036 ], [ 139.854941, 35.730383 ] ], [ [ 139.8554, 35.731734 ], [ 139.855406, 35.731424 ], [ 139.855436, 35.731652 ], [ 139.8554, 35.731734 ] ], [ [ 139.855127, 35.73227 ], [ 139.855273, 35.732019 ], [ 139.855197, 35.732191 ], [ 139.855127, 35.73227 ] ], [ [ 139.849918, 35.729473 ], [ 139.84978, 35.729208 ], [ 139.849972, 35.7295 ], [ 139.849918, 35.729473 ] ], [ [ 139.847915, 35.736811 ], [ 139.852, 35.737569 ], [ 139.850521, 35.737352 ], [ 139.850529, 35.737327 ], [ 139.847058, 35.736693 ], [ 139.847915, 35.736811 ] ], [ [ 139.848163, 35.735887 ], [ 139.848203, 35.735739 ], [ 139.848544, 35.735509 ], [ 139.848163, 35.735887 ] ], [ [ 139.85355, 35.747132 ], [ 139.85226, 35.751623 ], [ 139.851973, 35.752548 ], [ 139.85319, 35.748363 ], [ 139.85355, 35.747132 ] ], [ [ 139.854926, 35.752631 ], [ 139.854892, 35.752621 ], [ 139.85226, 35.751623 ], [ 139.854926, 35.752631 ] ], [ [ 139.854058, 35.746444 ], [ 139.854073, 35.746424 ], [ 139.854766, 35.746559 ], [ 139.854058, 35.746444 ] ], [ [ 139.859446, 35.792602 ], [ 139.859594, 35.7929 ], [ 139.859792, 35.794788 ], [ 139.859446, 35.792602 ] ], [ [ 139.859406, 35.79235 ], [ 139.863725, 35.789274 ], [ 139.863639, 35.789366 ], [ 139.86168, 35.790798 ], [ 139.859407, 35.792354 ], [ 139.859406, 35.79235 ] ], [ [ 139.858449, 35.780106 ], [ 139.852429, 35.779521 ], [ 139.852423, 35.779503 ], [ 139.858502, 35.780042 ], [ 139.85972, 35.778825 ], [ 139.858554, 35.780046 ], [ 139.866783, 35.780945 ], [ 139.860754, 35.780326 ], [ 139.858449, 35.780106 ] ], [ [ 139.867281, 35.780523 ], [ 139.866384, 35.781451 ], [ 139.866783, 35.780945 ], [ 139.867281, 35.780523 ] ], [ [ 139.860681, 35.777865 ], [ 139.860537, 35.777391 ], [ 139.86075, 35.777866 ], [ 139.861456, 35.777539 ], [ 139.860604, 35.777942 ], [ 139.860681, 35.777865 ] ], [ [ 139.853656, 35.782473 ], [ 139.854333, 35.783656 ], [ 139.853645, 35.782554 ], [ 139.853656, 35.782473 ] ], [ [ 139.861893, 35.717983 ], [ 139.861709, 35.718219 ], [ 139.861891, 35.717983 ], [ 139.861893, 35.717983 ] ], [ [ 139.864387, 35.720781 ], [ 139.864903, 35.721187 ], [ 139.863914, 35.720476 ], [ 139.864387, 35.720781 ] ], [ [ 139.864611, 35.732794 ], [ 139.86208, 35.728756 ], [ 139.860396, 35.72601 ], [ 139.861632, 35.727996 ], [ 139.863442, 35.730844 ], [ 139.864611, 35.732794 ] ], [ [ 139.862186, 35.727615 ], [ 139.86244, 35.727587 ], [ 139.862101, 35.727759 ], [ 139.862186, 35.727615 ] ], [ [ 139.86367, 35.726739 ], [ 139.863104, 35.72725 ], [ 139.862796, 35.727406 ], [ 139.86367, 35.726739 ] ], [ [ 139.865119, 35.726567 ], [ 139.864915, 35.727293 ], [ 139.864831, 35.727283 ], [ 139.865119, 35.726567 ] ], [ [ 139.863796, 35.762676 ], [ 139.859728, 35.760353 ], [ 139.856766, 35.758602 ], [ 139.861256, 35.761211 ], [ 139.863796, 35.762676 ] ], [ [ 139.865398, 35.760751 ], [ 139.866273, 35.759955 ], [ 139.86599, 35.76023 ], [ 139.863796, 35.762676 ], [ 139.865398, 35.760751 ] ], [ [ 139.867645, 35.764851 ], [ 139.871087, 35.766822 ], [ 139.875132, 35.768828 ], [ 139.871105, 35.766836 ], [ 139.866502, 35.764266 ], [ 139.863796, 35.762676 ], [ 139.867645, 35.764851 ] ], [ [ 139.87341, 35.762972 ], [ 139.875143, 35.76014 ], [ 139.872677, 35.764191 ], [ 139.871087, 35.766822 ], [ 139.87341, 35.762972 ] ], [ [ 139.866071, 35.765852 ], [ 139.866075, 35.765824 ], [ 139.866502, 35.764266 ], [ 139.866071, 35.765852 ] ], [ [ 139.863235, 35.788773 ], [ 139.856988, 35.788212 ], [ 139.859612, 35.788432 ], [ 139.863235, 35.788773 ] ], [ [ 139.86726, 35.759 ], [ 139.867105, 35.75915 ], [ 139.867935, 35.757848 ], [ 139.86726, 35.759 ] ], [ [ 139.868556, 35.75679 ], [ 139.868268, 35.757281 ], [ 139.868523, 35.756754 ], [ 139.868556, 35.75679 ] ], [ [ 139.865139, 35.753065 ], [ 139.865256, 35.753055 ], [ 139.865135, 35.753067 ], [ 139.866867, 35.754952 ], [ 139.864288, 35.752163 ], [ 139.865139, 35.753065 ] ], [ [ 139.861704, 35.749455 ], [ 139.861452, 35.749356 ], [ 139.861769, 35.749448 ], [ 139.861093, 35.750508 ], [ 139.859611, 35.752957 ], [ 139.861704, 35.749455 ] ], [ [ 139.862349, 35.747985 ], [ 139.862557, 35.747565 ], [ 139.861769, 35.749448 ], [ 139.862349, 35.747985 ] ], [ [ 139.865658, 35.750743 ], [ 139.865531, 35.750701 ], [ 139.867, 35.750811 ], [ 139.865658, 35.750743 ] ], [ [ 139.866714, 35.73955 ], [ 139.865082, 35.74246 ], [ 139.865262, 35.742096 ], [ 139.866714, 35.73955 ] ], [ [ 139.870687, 35.734168 ], [ 139.871584, 35.732968 ], [ 139.866714, 35.73955 ], [ 139.870687, 35.734168 ] ], [ [ 139.858373, 35.748062 ], [ 139.859354, 35.748529 ], [ 139.858579, 35.748224 ], [ 139.858373, 35.748062 ] ], [ [ 139.864937, 35.73687 ], [ 139.863105, 35.739988 ], [ 139.864866, 35.736841 ], [ 139.864937, 35.73687 ] ], [ [ 139.864106, 35.740718 ], [ 139.864153, 35.740752 ], [ 139.864177, 35.740978 ], [ 139.864106, 35.740718 ] ], [ [ 139.864205, 35.741232 ], [ 139.864215, 35.741328 ], [ 139.864087, 35.741658 ], [ 139.864205, 35.741232 ] ], [ [ 139.862249, 35.756582 ], [ 139.862591, 35.752705 ], [ 139.862261, 35.756525 ], [ 139.862249, 35.756582 ] ], [ [ 139.866767, 35.776157 ], [ 139.867429, 35.780173 ], [ 139.867649, 35.781441 ], [ 139.867407, 35.780416 ], [ 139.86745, 35.78038 ], [ 139.866767, 35.776157 ] ], [ [ 139.871298, 35.776359 ], [ 139.871963, 35.77572 ], [ 139.872189, 35.775504 ], [ 139.867429, 35.780173 ], [ 139.871298, 35.776359 ] ], [ [ 139.865794, 35.772258 ], [ 139.86583, 35.772346 ], [ 139.863914, 35.768682 ], [ 139.865794, 35.772258 ] ], [ [ 139.865651, 35.768975 ], [ 139.867745, 35.769489 ], [ 139.863914, 35.768682 ], [ 139.865651, 35.768975 ] ], [ [ 139.865837, 35.772365 ], [ 139.86384, 35.773866 ], [ 139.86393, 35.773707 ], [ 139.865837, 35.772365 ] ], [ [ 139.859096, 35.761858 ], [ 139.859103, 35.761764 ], [ 139.859325, 35.761801 ], [ 139.859096, 35.761858 ] ], [ [ 139.862551, 35.776635 ], [ 139.862541, 35.776738 ], [ 139.862487, 35.776725 ], [ 139.862829, 35.775819 ], [ 139.862551, 35.776635 ] ], [ [ 139.862998, 35.775368 ], [ 139.863017, 35.775319 ], [ 139.863163, 35.775061 ], [ 139.862998, 35.775368 ] ], [ [ 139.868443, 35.79083 ], [ 139.868299, 35.79115 ], [ 139.868452, 35.790537 ], [ 139.868443, 35.79083 ] ], [ [ 139.868309, 35.790345 ], [ 139.868008, 35.789705 ], [ 139.868452, 35.790537 ], [ 139.868309, 35.790345 ] ], [ [ 139.868966, 35.7849 ], [ 139.868847, 35.785559 ], [ 139.868523, 35.786381 ], [ 139.868524, 35.786375 ], [ 139.868966, 35.7849 ] ], [ [ 139.864255, 35.788706 ], [ 139.864558, 35.788162 ], [ 139.864466, 35.78848 ], [ 139.864255, 35.788706 ] ], [ [ 139.871106, 35.75833 ], [ 139.871422, 35.75827 ], [ 139.870304, 35.758635 ], [ 139.871106, 35.75833 ] ], [ [ 139.875562, 35.757663 ], [ 139.875164, 35.75649 ], [ 139.875441, 35.757077 ], [ 139.875562, 35.757663 ] ], [ [ 139.872449, 35.753324 ], [ 139.873659, 35.754614 ], [ 139.875164, 35.75649 ], [ 139.872449, 35.753324 ] ], [ [ 139.876853, 35.756631 ], [ 139.877174, 35.757049 ], [ 139.877068, 35.75703 ], [ 139.876853, 35.756631 ] ], [ [ 139.877609, 35.753779 ], [ 139.877617, 35.75376 ], [ 139.876595, 35.756713 ], [ 139.877609, 35.753779 ] ], [ [ 139.870678, 35.745408 ], [ 139.870752, 35.745306 ], [ 139.871079, 35.750733 ], [ 139.871078, 35.750733 ], [ 139.870678, 35.745408 ] ], [ [ 139.874864, 35.743343 ], [ 139.875755, 35.743828 ], [ 139.874874, 35.743355 ], [ 139.87309, 35.74555 ], [ 139.874864, 35.743343 ] ], [ [ 139.868887, 35.740113 ], [ 139.868822, 35.740096 ], [ 139.871914, 35.740552 ], [ 139.868887, 35.740113 ] ], [ [ 139.876585, 35.741042 ], [ 139.876374, 35.741032 ], [ 139.871914, 35.740552 ], [ 139.876585, 35.741042 ] ], [ [ 139.870837, 35.752983 ], [ 139.871088, 35.752564 ], [ 139.871162, 35.752558 ], [ 139.870837, 35.752983 ] ], [ [ 139.871664, 35.752488 ], [ 139.871624, 35.752449 ], [ 139.871626, 35.752448 ], [ 139.871664, 35.752488 ] ], [ [ 139.872849, 35.752246 ], [ 139.872027, 35.752352 ], [ 139.873447, 35.752011 ], [ 139.872849, 35.752246 ] ], [ [ 139.873844, 35.751854 ], [ 139.873801, 35.751871 ], [ 139.873737, 35.750772 ], [ 139.873844, 35.751854 ] ], [ [ 139.874237, 35.748636 ], [ 139.871475, 35.75061 ], [ 139.87125, 35.75068 ], [ 139.874237, 35.748636 ] ], [ [ 139.870297, 35.750976 ], [ 139.87017, 35.75097 ], [ 139.870557, 35.750895 ], [ 139.870297, 35.750976 ] ], [ [ 139.870479, 35.773793 ], [ 139.870889, 35.774297 ], [ 139.870093, 35.773559 ], [ 139.870479, 35.773793 ] ], [ [ 139.879018, 35.776234 ], [ 139.878791, 35.776124 ], [ 139.878687, 35.775988 ], [ 139.879018, 35.776234 ] ], [ [ 139.883257, 35.778331 ], [ 139.882568, 35.780044 ], [ 139.882435, 35.780228 ], [ 139.883256, 35.778331 ], [ 139.883257, 35.778331 ] ], [ [ 139.885686, 35.779444 ], [ 139.885579, 35.779393 ], [ 139.885858, 35.779448 ], [ 139.885686, 35.779444 ] ], [ [ 139.878264, 35.77543 ], [ 139.878154, 35.775174 ], [ 139.878346, 35.775538 ], [ 139.878264, 35.77543 ] ], [ [ 139.873706, 35.779956 ], [ 139.87577, 35.780283 ], [ 139.873275, 35.779963 ], [ 139.873707, 35.779968 ], [ 139.873156, 35.776315 ], [ 139.873706, 35.779956 ] ], [ [ 139.871996, 35.780218 ], [ 139.872678, 35.779955 ], [ 139.872799, 35.779957 ], [ 139.871996, 35.780218 ] ], [ [ 139.86792, 35.782591 ], [ 139.868074, 35.782857 ], [ 139.867937, 35.782664 ], [ 139.86792, 35.782591 ] ], [ [ 139.868328, 35.783213 ], [ 139.868619, 35.783497 ], [ 139.868426, 35.78335 ], [ 139.868328, 35.783213 ] ], [ [ 139.869244, 35.783974 ], [ 139.869386, 35.783739 ], [ 139.869213, 35.784076 ], [ 139.869244, 35.783974 ] ], [ [ 139.869659, 35.783204 ], [ 139.869829, 35.782584 ], [ 139.869774, 35.78298 ], [ 139.869659, 35.783204 ] ], [ [ 139.871033, 35.780673 ], [ 139.871106, 35.780622 ], [ 139.87166, 35.780618 ], [ 139.871033, 35.780673 ] ] ], [ [ [ 139.836412, 35.747953 ], [ 139.837538, 35.750453 ], [ 139.842066, 35.750132 ], [ 139.841002, 35.747491 ], [ 139.839617, 35.747797 ], [ 139.836412, 35.747953 ] ] ] ] } },
{ "type": "Feature", "properties": { "ward": "豊島区" }, "geometry": { "type": "Polygon", "coordinates": [ [ [ 139.698905, 35.722687 ], [ 139.698204, 35.72217 ], [ 139.697306, 35.722066 ], [ 139.697321, 35.722915 ], [ 139.697299, 35.722136 ], [ 139.696449, 35.722099 ], [ 139.696442, 35.722243 ], [ 139.69605, 35.722236 ], [ 139.695731, 35.722076 ], [ 139.695012, 35.722288 ], [ 139.694866, 35.722013 ], [ 139.694201, 35.722363 ], [ 139.692771, 35.722516 ], [ 139.690758, 35.722699 ], [ 139.689843, 35.722777 ], [ 139.688462, 35.723568 ], [ 139.689709, 35.72284 ], [ 139.686022, 35.722913 ], [ 139.684366, 35.722742 ], [ 139.68418, 35.723764 ], [ 139.682959, 35.723591 ], [ 139.682571, 35.724025 ], [ 139.682213, 35.723922 ], [ 139.681972, 35.724494 ], [ 139.682268, 35.724554 ], [ 139.68197, 35.724842 ], [ 139.681867, 35.725223 ], [ 139.681891, 35.725244 ], [ 139.681628, 35.726351 ], [ 139.68175, 35.726379 ], [ 139.681521, 35.72642 ], [ 139.681475, 35.726652 ], [ 139.681612, 35.72667 ], [ 139.681343, 35.72734 ], [ 139.680732, 35.727787 ], [ 139.680631, 35.727825 ], [ 139.680588, 35.727605 ], [ 139.680065, 35.727883 ], [ 139.679447, 35.728192 ], [ 139.679261, 35.728416 ], [ 139.679339, 35.728512 ], [ 139.677528, 35.729558 ], [ 139.678366, 35.731024 ], [ 139.67764, 35.731759 ], [ 139.679123, 35.732599 ], [ 139.67918, 35.733316 ], [ 139.678503, 35.734444 ], [ 139.679054, 35.734981 ], [ 139.679003, 35.735486 ], [ 139.67953, 35.735777 ], [ 139.680254, 35.736531 ], [ 139.680667, 35.737765 ], [ 139.680829, 35.737647 ], [ 139.681117, 35.737745 ], [ 139.680734, 35.738389 ], [ 139.68104, 35.738759 ], [ 139.682481, 35.739032 ], [ 139.685815, 35.740034 ], [ 139.688127, 35.740661 ], [ 139.689859, 35.741399 ], [ 139.69257, 35.743477 ], [ 139.693527, 35.74291 ], [ 139.694648, 35.743104 ], [ 139.694701, 35.742134 ], [ 139.698677, 35.742293 ], [ 139.699044, 35.739896 ], [ 139.700769, 35.740026 ], [ 139.702073, 35.737237 ], [ 139.701713, 35.737108 ], [ 139.701878, 35.736425 ], [ 139.701963, 35.736123 ], [ 139.703554, 35.735773 ], [ 139.703958, 35.737466 ], [ 139.705642, 35.739262 ], [ 139.707368, 35.741007 ], [ 139.708363, 35.742032 ], [ 139.708894, 35.743202 ], [ 139.708971, 35.744239 ], [ 139.7095, 35.744921 ], [ 139.710206, 35.745905 ], [ 139.714455, 35.745437 ], [ 139.714751, 35.745992 ], [ 139.716079, 35.745651 ], [ 139.717659, 35.745468 ], [ 139.717703, 35.745838 ], [ 139.717903, 35.745822 ], [ 139.71786, 35.745442 ], [ 139.719178, 35.745211 ], [ 139.719696, 35.745079 ], [ 139.719579, 35.744451 ], [ 139.719961, 35.743342 ], [ 139.720091, 35.741986 ], [ 139.720265, 35.741823 ], [ 139.721848, 35.74144 ], [ 139.72288, 35.740928 ], [ 139.723914, 35.739904 ], [ 139.724046, 35.739666 ], [ 139.72465, 35.739609 ], [ 139.725008, 35.740037 ], [ 139.725599, 35.739659 ], [ 139.725786, 35.740015 ], [ 139.725656, 35.739823 ], [ 139.725628, 35.74011 ], [ 139.725417, 35.740241 ], [ 139.724922, 35.740153 ], [ 139.724559, 35.740603 ], [ 139.726371, 35.742273 ], [ 139.72638, 35.742266 ], [ 139.727518, 35.743835 ], [ 139.727736, 35.744695 ], [ 139.727863, 35.745103 ], [ 139.728949, 35.744909 ], [ 139.731481, 35.745081 ], [ 139.73282, 35.744949 ], [ 139.732918, 35.744649 ], [ 139.732697, 35.744222 ], [ 139.732377, 35.744205 ], [ 139.732376, 35.743764 ], [ 139.73195, 35.743194 ], [ 139.73217, 35.743174 ], [ 139.730792, 35.741429 ], [ 139.732192, 35.743171 ], [ 139.73293, 35.742873 ], [ 139.735072, 35.740629 ], [ 139.735162, 35.740714 ], [ 139.735445, 35.740538 ], [ 139.736844, 35.740912 ], [ 139.741082, 35.74237 ], [ 139.740703, 35.740224 ], [ 139.741104, 35.742352 ], [ 139.742825, 35.741492 ], [ 139.744148, 35.741174 ], [ 139.744197, 35.74096 ], [ 139.74454, 35.740813 ], [ 139.744424, 35.740614 ], [ 139.744234, 35.740657 ], [ 139.744148, 35.740327 ], [ 139.74405, 35.738868 ], [ 139.744389, 35.738871 ], [ 139.744526, 35.739187 ], [ 139.745411, 35.739268 ], [ 139.745974, 35.739146 ], [ 139.745991, 35.738807 ], [ 139.746307, 35.738775 ], [ 139.746741, 35.739877 ], [ 139.748405, 35.7388 ], [ 139.74924, 35.737233 ], [ 139.74967, 35.736643 ], [ 139.750812, 35.735985 ], [ 139.75268, 35.735257 ], [ 139.751691, 35.73494 ], [ 139.7515, 35.734715 ], [ 139.751276, 35.734819 ], [ 139.750874, 35.734678 ], [ 139.750878, 35.734506 ], [ 139.750311, 35.734395 ], [ 139.750174, 35.734241 ], [ 139.750621, 35.733942 ], [ 139.750262, 35.733514 ], [ 139.749239, 35.732863 ], [ 139.748764, 35.733236 ], [ 139.749032, 35.733409 ], [ 139.748934, 35.733531 ], [ 139.748769, 35.733473 ], [ 139.748476, 35.733772 ], [ 139.748203, 35.733497 ], [ 139.747414, 35.734577 ], [ 139.747815, 35.734711 ], [ 139.747368, 35.735476 ], [ 139.74705, 35.735114 ], [ 139.74533, 35.735903 ], [ 139.745256, 35.735935 ], [ 139.74528, 35.735923 ], [ 139.74515, 35.73571 ], [ 139.744344, 35.735424 ], [ 139.744108, 35.735088 ], [ 139.74337, 35.734651 ], [ 139.743051, 35.734801 ], [ 139.742352, 35.7338 ], [ 139.74213, 35.733931 ], [ 139.741877, 35.733818 ], [ 139.742768, 35.733212 ], [ 139.743034, 35.733361 ], [ 139.743266, 35.733165 ], [ 139.743068, 35.733005 ], [ 139.743407, 35.732725 ], [ 139.741219, 35.731146 ], [ 139.741643, 35.730704 ], [ 139.740978, 35.730327 ], [ 139.740829, 35.730495 ], [ 139.74062, 35.730375 ], [ 139.738813, 35.731978 ], [ 139.738088, 35.73144 ], [ 139.738183, 35.731353 ], [ 139.737579, 35.730904 ], [ 139.737654, 35.730837 ], [ 139.736887, 35.73043 ], [ 139.736742, 35.730191 ], [ 139.735514, 35.729245 ], [ 139.736183, 35.728584 ], [ 139.736809, 35.728244 ], [ 139.73713, 35.727539 ], [ 139.736795, 35.727371 ], [ 139.736924, 35.727124 ], [ 139.737256, 35.727247 ], [ 139.73747, 35.726859 ], [ 139.735354, 35.726049 ], [ 139.7359, 35.725568 ], [ 139.73606, 35.725227 ], [ 139.735758, 35.725062 ], [ 139.735548, 35.724945 ], [ 139.735297, 35.725273 ], [ 139.734799, 35.725226 ], [ 139.734677, 35.725378 ], [ 139.734261, 35.725172 ], [ 139.733924, 35.725527 ], [ 139.733581, 35.725331 ], [ 139.733632, 35.725171 ], [ 139.733296, 35.72505 ], [ 139.733022, 35.725321 ], [ 139.732749, 35.725185 ], [ 139.732732, 35.724871 ], [ 139.732015, 35.724642 ], [ 139.732273, 35.724258 ], [ 139.73201, 35.724171 ], [ 139.731828, 35.724433 ], [ 139.731182, 35.724247 ], [ 139.730965, 35.72481 ], [ 139.731092, 35.724924 ], [ 139.730734, 35.724963 ], [ 139.7307, 35.725212 ], [ 139.730222, 35.725734 ], [ 139.730293, 35.72596 ], [ 139.730108, 35.725905 ], [ 139.729998, 35.725869 ], [ 139.729847, 35.726208 ], [ 139.729644, 35.726106 ], [ 139.729634, 35.726113 ], [ 139.729341, 35.725564 ], [ 139.728704, 35.725784 ], [ 139.72769, 35.72656 ], [ 139.726354, 35.727078 ], [ 139.726183, 35.726497 ], [ 139.725565, 35.726788 ], [ 139.725372, 35.726528 ], [ 139.724982, 35.726506 ], [ 139.725109, 35.726705 ], [ 139.724932, 35.726774 ], [ 139.724902, 35.72656 ], [ 139.724667, 35.726665 ], [ 139.724675, 35.726414 ], [ 139.725282, 35.726297 ], [ 139.72533, 35.726099 ], [ 139.724369, 35.72605 ], [ 139.72435, 35.725438 ], [ 139.722662, 35.725037 ], [ 139.723007, 35.724351 ], [ 139.723037, 35.723439 ], [ 139.723275, 35.722453 ], [ 139.721319, 35.722138 ], [ 139.723268, 35.722451 ], [ 139.723311, 35.722272 ], [ 139.723696, 35.722044 ], [ 139.724355, 35.720343 ], [ 139.724794, 35.719977 ], [ 139.724648, 35.719791 ], [ 139.724273, 35.720096 ], [ 139.723118, 35.719754 ], [ 139.722992, 35.719666 ], [ 139.723031, 35.719164 ], [ 139.722785, 35.718934 ], [ 139.722119, 35.718693 ], [ 139.721787, 35.718937 ], [ 139.721557, 35.718846 ], [ 139.721658, 35.71869 ], [ 139.721394, 35.718531 ], [ 139.720844, 35.718549 ], [ 139.720671, 35.718391 ], [ 139.719836, 35.71824 ], [ 139.719419, 35.718432 ], [ 139.719558, 35.718306 ], [ 139.71927, 35.717494 ], [ 139.718264, 35.71795 ], [ 139.717718, 35.717375 ], [ 139.717813, 35.717032 ], [ 139.713882, 35.718785 ], [ 139.713575, 35.718921 ], [ 139.715213, 35.718176 ], [ 139.717962, 35.71695 ], [ 139.717746, 35.716662 ], [ 139.717414, 35.715497 ], [ 139.717269, 35.714669 ], [ 139.717421, 35.714468 ], [ 139.719024, 35.714102 ], [ 139.720353, 35.713605 ], [ 139.722331, 35.712334 ], [ 139.721639, 35.712496 ], [ 139.721015, 35.71242 ], [ 139.720786, 35.712625 ], [ 139.720534, 35.712585 ], [ 139.720811, 35.712835 ], [ 139.720518, 35.712874 ], [ 139.720249, 35.71231 ], [ 139.719922, 35.712315 ], [ 139.719696, 35.712461 ], [ 139.719864, 35.712562 ], [ 139.71991, 35.712887 ], [ 139.719591, 35.713013 ], [ 139.719175, 35.712473 ], [ 139.718759, 35.712641 ], [ 139.718066, 35.712573 ], [ 139.717977, 35.71281 ], [ 139.716858, 35.712976 ], [ 139.716402, 35.71342 ], [ 139.715765, 35.71363 ], [ 139.715505, 35.713125 ], [ 139.71493, 35.7132 ], [ 139.714859, 35.713059 ], [ 139.714245, 35.713284 ], [ 139.713694, 35.71351 ], [ 139.713206, 35.714026 ], [ 139.711738, 35.714875 ], [ 139.711484, 35.714924 ], [ 139.710281, 35.713537 ], [ 139.708461, 35.713852 ], [ 139.706029, 35.713541 ], [ 139.705782, 35.713627 ], [ 139.705895, 35.713827 ], [ 139.705241, 35.71391 ], [ 139.70527, 35.71408 ], [ 139.705777, 35.714116 ], [ 139.705568, 35.714471 ], [ 139.704679, 35.71494 ], [ 139.704392, 35.716165 ], [ 139.705473, 35.716325 ], [ 139.705498, 35.716542 ], [ 139.705269, 35.716598 ], [ 139.705326, 35.716769 ], [ 139.70563, 35.716655 ], [ 139.705554, 35.717329 ], [ 139.705626, 35.717445 ], [ 139.705675, 35.717675 ], [ 139.705495, 35.717743 ], [ 139.705808, 35.718617 ], [ 139.705208, 35.719126 ], [ 139.704902, 35.719804 ], [ 139.704528, 35.720152 ], [ 139.704865, 35.720574 ], [ 139.704722, 35.720852 ], [ 139.705175, 35.720834 ], [ 139.705799, 35.721491 ], [ 139.704282, 35.722225 ], [ 139.704689, 35.722803 ], [ 139.702866, 35.723278 ], [ 139.699912, 35.723506 ], [ 139.699499, 35.722824 ], [ 139.698905, 35.722687 ] ], [ [ 139.679908, 35.732693 ], [ 139.683718, 35.735956 ], [ 139.679924, 35.732737 ], [ 139.67918, 35.733316 ], [ 139.679908, 35.732693 ] ], [ [ 139.730294, 35.739143 ], [ 139.729854, 35.738075 ], [ 139.730273, 35.739 ], [ 139.730792, 35.741429 ], [ 139.730294, 35.739143 ] ], [ [ 139.730102, 35.736628 ], [ 139.7301, 35.736684 ], [ 139.729854, 35.738075 ], [ 139.730102, 35.736628 ] ], [ [ 139.747405, 35.736403 ], [ 139.74744, 35.736343 ], [ 139.74924, 35.737233 ], [ 139.747405, 35.736403 ] ], [ [ 139.746586, 35.736438 ], [ 139.746585, 35.736439 ], [ 139.74533, 35.735903 ], [ 139.746586, 35.736438 ] ], [ [ 139.736088, 35.731195 ], [ 139.736261, 35.730824 ], [ 139.736742, 35.730191 ], [ 139.736088, 35.731195 ] ], [ [ 139.7001, 35.73463 ], [ 139.700045, 35.734376 ], [ 139.700186, 35.73462 ], [ 139.7001, 35.73463 ] ], [ [ 139.699416, 35.733149 ], [ 139.699476, 35.733186 ], [ 139.699559, 35.733174 ], [ 139.699369, 35.733211 ], [ 139.699416, 35.733149 ] ], [ [ 139.701276, 35.732925 ], [ 139.703212, 35.732932 ], [ 139.702784, 35.732958 ], [ 139.701154, 35.732943 ], [ 139.701276, 35.732925 ] ], [ [ 139.70609, 35.732035 ], [ 139.704065, 35.73288 ], [ 139.70391, 35.732889 ], [ 139.70609, 35.732035 ] ], [ [ 139.699075, 35.7304 ], [ 139.699914, 35.729847 ], [ 139.699213, 35.730411 ], [ 139.705594, 35.731222 ], [ 139.699075, 35.7304 ] ], [ [ 139.70267, 35.726013 ], [ 139.702353, 35.726622 ], [ 139.701215, 35.7288 ], [ 139.70267, 35.726013 ] ], [ [ 139.709658, 35.727363 ], [ 139.709659, 35.727365 ], [ 139.708742, 35.727678 ], [ 139.709658, 35.727363 ] ], [ [ 139.71213, 35.731375 ], [ 139.712764, 35.73257 ], [ 139.712157, 35.731456 ], [ 139.711739, 35.731458 ], [ 139.71213, 35.731375 ] ], [ [ 139.713748, 35.733535 ], [ 139.713486, 35.733347 ], [ 139.712764, 35.73257 ], [ 139.713748, 35.733535 ] ], [ [ 139.712995, 35.730002 ], [ 139.713032, 35.729977 ], [ 139.713006, 35.730038 ], [ 139.712995, 35.730002 ] ], [ [ 139.714224, 35.729176 ], [ 139.720285, 35.725311 ], [ 139.717351, 35.727223 ], [ 139.713793, 35.729466 ], [ 139.714224, 35.729176 ] ], [ [ 139.711867, 35.726673 ], [ 139.714889, 35.72476 ], [ 139.711953, 35.726711 ], [ 139.714224, 35.729176 ], [ 139.711867, 35.726673 ] ], [ [ 139.684486, 35.736283 ], [ 139.684483, 35.736281 ], [ 139.685103, 35.734298 ], [ 139.684486, 35.736283 ] ], [ [ 139.686296, 35.737121 ], [ 139.686157, 35.737056 ], [ 139.6871, 35.737294 ], [ 139.686296, 35.737121 ] ], [ [ 139.687997, 35.736025 ], [ 139.687435, 35.73592 ], [ 139.687948, 35.736014 ], [ 139.687997, 35.736025 ] ], [ [ 139.69207, 35.737078 ], [ 139.690476, 35.736566 ], [ 139.690577, 35.736588 ], [ 139.69207, 35.737078 ] ], [ [ 139.692801, 35.73397 ], [ 139.692797, 35.734005 ], [ 139.690577, 35.736588 ], [ 139.692801, 35.73397 ] ], [ [ 139.694937, 35.73741 ], [ 139.694931, 35.737361 ], [ 139.6948, 35.734001 ], [ 139.694937, 35.73741 ] ], [ [ 139.695068, 35.738326 ], [ 139.694881, 35.73948 ], [ 139.695014, 35.738042 ], [ 139.694937, 35.73741 ], [ 139.695068, 35.738326 ] ], [ [ 139.685006, 35.728741 ], [ 139.686243, 35.728208 ], [ 139.686346, 35.728184 ], [ 139.685006, 35.728741 ] ], [ [ 139.692074, 35.72699 ], [ 139.692952, 35.72681 ], [ 139.689583, 35.727523 ], [ 139.686468, 35.728156 ], [ 139.687217, 35.727984 ], [ 139.689601, 35.727513 ], [ 139.692074, 35.72699 ] ], [ [ 139.690093, 35.731229 ], [ 139.691169, 35.731252 ], [ 139.69027, 35.731239 ], [ 139.690093, 35.731229 ] ], [ [ 139.697766, 35.729802 ], [ 139.698175, 35.730636 ], [ 139.698551, 35.731493 ], [ 139.697766, 35.729802 ] ], [ [ 139.69651, 35.726158 ], [ 139.696975, 35.726196 ], [ 139.695614, 35.726265 ], [ 139.69651, 35.726158 ] ], [ [ 139.697305, 35.728866 ], [ 139.697695, 35.72966 ], [ 139.695614, 35.726265 ], [ 139.697305, 35.728866 ] ], [ [ 139.697795, 35.726264 ], [ 139.697978, 35.726302 ], [ 139.697509, 35.72624 ], [ 139.697795, 35.726264 ] ], [ [ 139.685458, 35.732619 ], [ 139.68595, 35.73266 ], [ 139.684332, 35.732814 ], [ 139.685458, 35.732619 ] ], [ [ 139.686356, 35.732622 ], [ 139.68778, 35.732352 ], [ 139.689043, 35.732098 ], [ 139.686657, 35.732593 ], [ 139.686356, 35.732622 ] ], [ [ 139.689082, 35.73209 ], [ 139.690009, 35.732117 ], [ 139.689077, 35.732091 ], [ 139.689082, 35.73209 ] ], [ [ 139.696997, 35.732688 ], [ 139.69501, 35.733128 ], [ 139.694895, 35.733119 ], [ 139.696997, 35.732688 ] ], [ [ 139.699118, 35.732783 ], [ 139.69912, 35.732787 ], [ 139.696997, 35.732688 ], [ 139.699118, 35.732783 ] ], [ [ 139.699164, 35.732889 ], [ 139.699113, 35.73285 ], [ 139.699139, 35.732832 ], [ 139.699164, 35.732889 ] ], [ [ 139.69092, 35.738127 ], [ 139.690485, 35.739766 ], [ 139.69009, 35.741166 ], [ 139.69092, 35.738127 ] ], [ [ 139.708284, 35.724467 ], [ 139.707107, 35.722163 ], [ 139.706992, 35.721849 ], [ 139.708284, 35.724467 ] ], [ [ 139.71349, 35.723134 ], [ 139.716135, 35.721818 ], [ 139.71706, 35.721082 ], [ 139.716119, 35.721846 ], [ 139.71349, 35.723134 ] ], [ [ 139.722645, 35.738754 ], [ 139.722645, 35.738772 ], [ 139.722179, 35.738844 ], [ 139.722645, 35.738754 ] ], [ [ 139.722074, 35.733153 ], [ 139.720824, 35.733517 ], [ 139.717755, 35.734287 ], [ 139.717714, 35.734293 ], [ 139.722074, 35.733153 ] ], [ [ 139.7163, 35.73441 ], [ 139.717266, 35.734352 ], [ 139.716612, 35.734439 ], [ 139.7163, 35.73441 ] ], [ [ 139.717002, 35.733447 ], [ 139.716164, 35.734397 ], [ 139.716963, 35.733467 ], [ 139.717002, 35.733447 ] ], [ [ 139.717016, 35.730907 ], [ 139.717025, 35.730811 ], [ 139.716963, 35.733467 ], [ 139.717016, 35.730907 ] ], [ [ 139.725044, 35.729153 ], [ 139.725137, 35.729087 ], [ 139.72682, 35.727977 ], [ 139.725044, 35.729153 ] ], [ [ 139.725971, 35.732449 ], [ 139.726936, 35.734891 ], [ 139.725835, 35.732171 ], [ 139.725044, 35.729153 ], [ 139.725971, 35.732449 ] ], [ [ 139.730671, 35.731184 ], [ 139.729537, 35.73147 ], [ 139.730248, 35.731269 ], [ 139.730671, 35.731184 ] ], [ [ 139.732117, 35.730962 ], [ 139.731528, 35.731011 ], [ 139.7318, 35.730956 ], [ 139.732117, 35.730962 ] ], [ [ 139.734259, 35.731253 ], [ 139.732606, 35.730972 ], [ 139.732888, 35.730977 ], [ 139.734259, 35.731253 ] ], [ [ 139.735756, 35.731956 ], [ 139.73554, 35.732708 ], [ 139.73577, 35.731879 ], [ 139.735791, 35.731834 ], [ 139.735756, 35.731956 ] ], [ [ 139.729505, 35.731479 ], [ 139.729262, 35.730351 ], [ 139.729265, 35.730137 ], [ 139.729505, 35.731479 ] ], [ [ 139.711105, 35.738817 ], [ 139.71118, 35.738778 ], [ 139.713945, 35.737389 ], [ 139.711105, 35.738817 ] ], [ [ 139.714657, 35.736639 ], [ 139.71307, 35.733481 ], [ 139.715432, 35.738059 ], [ 139.714657, 35.736639 ] ], [ [ 139.717109, 35.741384 ], [ 139.716147, 35.741569 ], [ 139.717222, 35.741342 ], [ 139.718941, 35.740695 ], [ 139.718903, 35.740766 ], [ 139.717109, 35.741384 ] ], [ [ 139.717725, 35.742764 ], [ 139.717661, 35.742821 ], [ 139.717109, 35.741384 ], [ 139.717725, 35.742764 ] ], [ [ 139.713016, 35.733377 ], [ 139.713021, 35.733386 ], [ 139.712949, 35.733381 ], [ 139.713016, 35.733377 ] ], [ [ 139.708608, 35.731886 ], [ 139.708609, 35.731845 ], [ 139.709192, 35.733021 ], [ 139.708608, 35.731886 ] ], [ [ 139.708618, 35.731602 ], [ 139.708625, 35.731398 ], [ 139.70869, 35.731439 ], [ 139.708618, 35.731602 ] ], [ [ 139.714499, 35.73403 ], [ 139.714393, 35.733996 ], [ 139.714216, 35.733869 ], [ 139.714499, 35.73403 ] ], [ [ 139.715939, 35.734376 ], [ 139.715432, 35.734329 ], [ 139.71492, 35.734165 ], [ 139.715939, 35.734376 ] ], [ [ 139.711265, 35.739786 ], [ 139.71139, 35.739925 ], [ 139.711323, 35.739898 ], [ 139.711265, 35.739786 ] ], [ [ 139.71772, 35.742974 ], [ 139.718454, 35.744318 ], [ 139.717726, 35.742991 ], [ 139.71772, 35.742974 ] ], [ [ 139.722908, 35.726552 ], [ 139.722737, 35.726419 ], [ 139.722828, 35.72646 ], [ 139.722908, 35.726552 ] ], [ [ 139.729277, 35.72942 ], [ 139.729449, 35.727842 ], [ 139.729272, 35.729752 ], [ 139.729277, 35.72942 ] ], [ [ 139.730278, 35.730239 ], [ 139.730069, 35.730617 ], [ 139.730268, 35.730248 ], [ 139.730278, 35.730239 ] ], [ [ 139.735054, 35.726057 ], [ 139.730487, 35.730055 ], [ 139.735113, 35.725974 ], [ 139.735054, 35.726057 ] ], [ [ 139.726267, 35.73579 ], [ 139.724404, 35.736415 ], [ 139.725232, 35.736128 ], [ 139.726381, 35.735711 ], [ 139.726267, 35.73579 ] ], [ [ 139.730127, 35.735761 ], [ 139.730135, 35.735357 ], [ 139.730184, 35.734523 ], [ 139.73014, 35.735303 ], [ 139.730127, 35.735761 ] ], [ [ 139.735209, 35.736801 ], [ 139.7345, 35.735969 ], [ 139.735266, 35.73674 ], [ 139.735283, 35.736724 ], [ 139.735209, 35.736801 ] ], [ [ 139.735988, 35.736915 ], [ 139.735356, 35.736653 ], [ 139.736888, 35.735157 ], [ 139.73543, 35.736676 ], [ 139.735988, 35.736915 ] ], [ [ 139.736863, 35.736201 ], [ 139.735954, 35.73697 ], [ 139.735988, 35.736915 ], [ 139.736863, 35.736201 ] ], [ [ 139.739059, 35.733345 ], [ 139.73889, 35.733501 ], [ 139.736888, 35.735157 ], [ 139.739059, 35.733345 ] ], [ [ 139.740169, 35.738113 ], [ 139.741707, 35.737462 ], [ 139.739889, 35.73824 ], [ 139.740169, 35.738113 ] ], [ [ 139.741818, 35.737414 ], [ 139.741819, 35.737414 ], [ 139.743179, 35.739071 ], [ 139.741818, 35.737414 ] ], [ [ 139.733322, 35.73346 ], [ 139.733397, 35.733434 ], [ 139.733078, 35.733626 ], [ 139.733322, 35.73346 ] ], [ [ 139.739676, 35.733626 ], [ 139.742843, 35.734893 ], [ 139.741816, 35.734529 ], [ 139.7418, 35.734536 ], [ 139.739676, 35.733626 ] ], [ [ 139.735987, 35.737355 ], [ 139.735905, 35.737049 ], [ 139.735916, 35.737032 ], [ 139.735987, 35.737355 ] ], [ [ 139.736484, 35.739606 ], [ 139.736373, 35.739359 ], [ 139.736354, 35.739017 ], [ 139.736484, 35.739606 ] ], [ [ 139.726858, 35.738604 ], [ 139.727471, 35.738089 ], [ 139.726521, 35.739051 ], [ 139.726858, 35.738604 ] ], [ [ 139.736617, 35.739899 ], [ 139.736576, 35.739808 ], [ 139.73708, 35.740168 ], [ 139.737061, 35.740229 ], [ 139.736617, 35.739899 ] ] ] } },
{ "type": "Feature", "properties": { "ward": "足立区" }, "geometry": { "type": "MultiPolygon", "coordinates": [ [ [ [ 139.750706, 35.756195 ], [ 139.748766, 35.757241 ], [ 139.748215, 35.758127 ], [ 139.748343, 35.759158 ], [ 139.748844, 35.759733 ], [ 139.754824, 35.763084 ], [ 139.758197, 35.764534 ], [ 139.759769, 35.76604 ], [ 139.760237, 35.767109 ], [ 139.760087, 35.768038 ], [ 139.759284, 35.769182 ], [ 139.757956, 35.77003 ], [ 139.757211, 35.769659 ], [ 139.754771, 35.768288 ], [ 139.750991, 35.767409 ], [ 139.747036, 35.767037 ], [ 139.745838, 35.76712 ], [ 139.744716, 35.767445 ], [ 139.741481, 35.768885 ], [ 139.740105, 35.769411 ], [ 139.736819, 35.770236 ], [ 139.736192, 35.770764 ], [ 139.736014, 35.771109 ], [ 139.735787, 35.772574 ], [ 139.736032, 35.773713 ], [ 139.736639, 35.775034 ], [ 139.738082, 35.777448 ], [ 139.738387, 35.778375 ], [ 139.738426, 35.779179 ], [ 139.738035, 35.780208 ], [ 139.741492, 35.781416 ], [ 139.743893, 35.782202 ], [ 139.745329, 35.783028 ], [ 139.7464, 35.784537 ], [ 139.746673, 35.78552 ], [ 139.746662, 35.786735 ], [ 139.747625, 35.786581 ], [ 139.748154, 35.786365 ], [ 139.748197, 35.786184 ], [ 139.748548, 35.786138 ], [ 139.748808, 35.786236 ], [ 139.7498, 35.786022 ], [ 139.751103, 35.786514 ], [ 139.751381, 35.786178 ], [ 139.75196, 35.786356 ], [ 139.75247, 35.786185 ], [ 139.753595, 35.786305 ], [ 139.753714, 35.786406 ], [ 139.753578, 35.786642 ], [ 139.753717, 35.787062 ], [ 139.754332, 35.787107 ], [ 139.754609, 35.786941 ], [ 139.755453, 35.787285 ], [ 139.755313, 35.787571 ], [ 139.755723, 35.788037 ], [ 139.7556, 35.788172 ], [ 139.756122, 35.78861 ], [ 139.755771, 35.788746 ], [ 139.755838, 35.788999 ], [ 139.755662, 35.789457 ], [ 139.755475, 35.789405 ], [ 139.755255, 35.790025 ], [ 139.755832, 35.790631 ], [ 139.759261, 35.794037 ], [ 139.759869, 35.794981 ], [ 139.760235, 35.796201 ], [ 139.760288, 35.796195 ], [ 139.760221, 35.796208 ], [ 139.760502, 35.797592 ], [ 139.757181, 35.800937 ], [ 139.75575, 35.801986 ], [ 139.759849, 35.803687 ], [ 139.755772, 35.801997 ], [ 139.755041, 35.803215 ], [ 139.752914, 35.805269 ], [ 139.754098, 35.804094 ], [ 139.753002, 35.804973 ], [ 139.750812, 35.806182 ], [ 139.7505, 35.806994 ], [ 139.750593, 35.807485 ], [ 139.750815, 35.807728 ], [ 139.750349, 35.808679 ], [ 139.750628, 35.808818 ], [ 139.750341, 35.809326 ], [ 139.750868, 35.809732 ], [ 139.750604, 35.810003 ], [ 139.750983, 35.810569 ], [ 139.751613, 35.810699 ], [ 139.752062, 35.811192 ], [ 139.752381, 35.810834 ], [ 139.75236, 35.810612 ], [ 139.753014, 35.810797 ], [ 139.753673, 35.810341 ], [ 139.753926, 35.810355 ], [ 139.754336, 35.810628 ], [ 139.75414, 35.810969 ], [ 139.75496, 35.810418 ], [ 139.755429, 35.812702 ], [ 139.756727, 35.812023 ], [ 139.757258, 35.811931 ], [ 139.759098, 35.812084 ], [ 139.759801, 35.812144 ], [ 139.761234, 35.812772 ], [ 139.761235, 35.812765 ], [ 139.765896, 35.815888 ], [ 139.765269, 35.816474 ], [ 139.766307, 35.817411 ], [ 139.769725, 35.817451 ], [ 139.770961, 35.817174 ], [ 139.772595, 35.815984 ], [ 139.777386, 35.810561 ], [ 139.778386, 35.809329 ], [ 139.779535, 35.808364 ], [ 139.780652, 35.807434 ], [ 139.781561, 35.806978 ], [ 139.78287, 35.807206 ], [ 139.783684, 35.806664 ], [ 139.786992, 35.806677 ], [ 139.790915, 35.80574 ], [ 139.792445, 35.805263 ], [ 139.794894, 35.805328 ], [ 139.800011, 35.80657 ], [ 139.801311, 35.808081 ], [ 139.801804, 35.808339 ], [ 139.802612, 35.808636 ], [ 139.803506, 35.808745 ], [ 139.805462, 35.80884 ], [ 139.806887, 35.808733 ], [ 139.808333, 35.808417 ], [ 139.809306, 35.808501 ], [ 139.811856, 35.80818 ], [ 139.8136, 35.808483 ], [ 139.814862, 35.808471 ], [ 139.819545, 35.808098 ], [ 139.821842, 35.807516 ], [ 139.820767, 35.805849 ], [ 139.82042, 35.803912 ], [ 139.820157, 35.802835 ], [ 139.82028, 35.801318 ], [ 139.819742, 35.799974 ], [ 139.819625, 35.799184 ], [ 139.819667, 35.799188 ], [ 139.820055, 35.79824 ], [ 139.820814, 35.797238 ], [ 139.821915, 35.796157 ], [ 139.823225, 35.795332 ], [ 139.824286, 35.79499 ], [ 139.825247, 35.793847 ], [ 139.826328, 35.793354 ], [ 139.827527, 35.793788 ], [ 139.827629, 35.79356 ], [ 139.827573, 35.79378 ], [ 139.828083, 35.794103 ], [ 139.830431, 35.794453 ], [ 139.831629, 35.794946 ], [ 139.832867, 35.795688 ], [ 139.83447, 35.79774 ], [ 139.835987, 35.799105 ], [ 139.836098, 35.799533 ], [ 139.836724, 35.800325 ], [ 139.83744, 35.800745 ], [ 139.838194, 35.800868 ], [ 139.839383, 35.800871 ], [ 139.839376, 35.800769 ], [ 139.841137, 35.800249 ], [ 139.842632, 35.800045 ], [ 139.843523, 35.799646 ], [ 139.846303, 35.79701 ], [ 139.846711, 35.796317 ], [ 139.844829, 35.794804 ], [ 139.844777, 35.794793 ], [ 139.844382, 35.794148 ], [ 139.844181, 35.793172 ], [ 139.844416, 35.790632 ], [ 139.846377, 35.784624 ], [ 139.848474, 35.781004 ], [ 139.850711, 35.778213 ], [ 139.854782, 35.773946 ], [ 139.857695, 35.770831 ], [ 139.858275, 35.769968 ], [ 139.858624, 35.768745 ], [ 139.858655, 35.767975 ], [ 139.858265, 35.766389 ], [ 139.857834, 35.76565 ], [ 139.85638, 35.764192 ], [ 139.854056, 35.765331 ], [ 139.852174, 35.765712 ], [ 139.852075, 35.766259 ], [ 139.851668, 35.767044 ], [ 139.851753, 35.767478 ], [ 139.851516, 35.768759 ], [ 139.851434, 35.769383 ], [ 139.851138, 35.769931 ], [ 139.851187, 35.769736 ], [ 139.846961, 35.769352 ], [ 139.84584, 35.769402 ], [ 139.84508, 35.769195 ], [ 139.842979, 35.767767 ], [ 139.842025, 35.766461 ], [ 139.841667, 35.766323 ], [ 139.840101, 35.766285 ], [ 139.838895, 35.766239 ], [ 139.837899, 35.765936 ], [ 139.837698, 35.765615 ], [ 139.837588, 35.763293 ], [ 139.835738, 35.763088 ], [ 139.835458, 35.763241 ], [ 139.834233, 35.763323 ], [ 139.832604, 35.763864 ], [ 139.831866, 35.763893 ], [ 139.83157, 35.763737 ], [ 139.830844, 35.76272 ], [ 139.829058, 35.762529 ], [ 139.82421, 35.761989 ], [ 139.824289, 35.761387 ], [ 139.823465, 35.755866 ], [ 139.823218, 35.755648 ], [ 139.82243, 35.755553 ], [ 139.82028, 35.755926 ], [ 139.819755, 35.760447 ], [ 139.819759, 35.760484 ], [ 139.817084, 35.760042 ], [ 139.817008, 35.760514 ], [ 139.813318, 35.759407 ], [ 139.813551, 35.760198 ], [ 139.813256, 35.759352 ], [ 139.813515, 35.758298 ], [ 139.813314, 35.757415 ], [ 139.81357, 35.757222 ], [ 139.813341, 35.757496 ], [ 139.813737, 35.757272 ], [ 139.813414, 35.755363 ], [ 139.813967, 35.754245 ], [ 139.81439, 35.753846 ], [ 139.815398, 35.753529 ], [ 139.814652, 35.752475 ], [ 139.818316, 35.747808 ], [ 139.820573, 35.743573 ], [ 139.818007, 35.742629 ], [ 139.816176, 35.740443 ], [ 139.814574, 35.739047 ], [ 139.814172, 35.739881 ], [ 139.813505, 35.740572 ], [ 139.812742, 35.740897 ], [ 139.810998, 35.741237 ], [ 139.808717, 35.740733 ], [ 139.803185, 35.73884 ], [ 139.801331, 35.738724 ], [ 139.79559, 35.739691 ], [ 139.792911, 35.740545 ], [ 139.791138, 35.741616 ], [ 139.788984, 35.744347 ], [ 139.788414, 35.745565 ], [ 139.788331, 35.746387 ], [ 139.788849, 35.747339 ], [ 139.7908, 35.748612 ], [ 139.791285, 35.748828 ], [ 139.791413, 35.749638 ], [ 139.791139, 35.750518 ], [ 139.790566, 35.751317 ], [ 139.789251, 35.752436 ], [ 139.785706, 35.753616 ], [ 139.782572, 35.753992 ], [ 139.770691, 35.753604 ], [ 139.762535, 35.754185 ], [ 139.756264, 35.755099 ], [ 139.751979, 35.755815 ], [ 139.750706, 35.756195 ] ], [ [ 139.760365, 35.801979 ], [ 139.759843, 35.803718 ], [ 139.758992, 35.806683 ], [ 139.759849, 35.803687 ], [ 139.760365, 35.801979 ] ], [ [ 139.761851, 35.801953 ], [ 139.761847, 35.801967 ], [ 139.766421, 35.801909 ], [ 139.765693, 35.801949 ], [ 139.760365, 35.801979 ], [ 139.761851, 35.801953 ] ], [ [ 139.775097, 35.80916 ], [ 139.774989, 35.809061 ], [ 139.777386, 35.810561 ], [ 139.775097, 35.80916 ] ], [ [ 139.801567, 35.806777 ], [ 139.801582, 35.806534 ], [ 139.801804, 35.808339 ], [ 139.801567, 35.806777 ] ], [ [ 139.799717, 35.805877 ], [ 139.799567, 35.805752 ], [ 139.801567, 35.806777 ], [ 139.799717, 35.805877 ] ], [ [ 139.814723, 35.806375 ], [ 139.814763, 35.806486 ], [ 139.814862, 35.808471 ], [ 139.814723, 35.806375 ] ], [ [ 139.856485, 35.767819 ], [ 139.856483, 35.767811 ], [ 139.858655, 35.767975 ], [ 139.856485, 35.767819 ] ], [ [ 139.84365, 35.77604 ], [ 139.844655, 35.771208 ], [ 139.84508, 35.769195 ], [ 139.84365, 35.77604 ] ], [ [ 139.835667, 35.768993 ], [ 139.835664, 35.768993 ], [ 139.835665, 35.768972 ], [ 139.835569, 35.766424 ], [ 139.835458, 35.763241 ], [ 139.835667, 35.768993 ] ], [ [ 139.802671, 35.743239 ], [ 139.802036, 35.741213 ], [ 139.801331, 35.738724 ], [ 139.802671, 35.743239 ] ], [ [ 139.790778, 35.744785 ], [ 139.790257, 35.744749 ], [ 139.788984, 35.744347 ], [ 139.790778, 35.744785 ] ], [ [ 139.782628, 35.805175 ], [ 139.783354, 35.80535 ], [ 139.783338, 35.805413 ], [ 139.782628, 35.805175 ] ], [ [ 139.785759, 35.804941 ], [ 139.785263, 35.805297 ], [ 139.785047, 35.805303 ], [ 139.785759, 35.804941 ] ], [ [ 139.785851, 35.804894 ], [ 139.78641, 35.80485 ], [ 139.78583, 35.804905 ], [ 139.785851, 35.804894 ] ], [ [ 139.786355, 35.801245 ], [ 139.786154, 35.8028 ], [ 139.785851, 35.804894 ], [ 139.786355, 35.801245 ] ], [ [ 139.791321, 35.803148 ], [ 139.79064, 35.801543 ], [ 139.790281, 35.801421 ], [ 139.790591, 35.801432 ], [ 139.791414, 35.803243 ], [ 139.789979, 35.803276 ], [ 139.791321, 35.803148 ] ], [ [ 139.789606, 35.79962 ], [ 139.788105, 35.799592 ], [ 139.789623, 35.799616 ], [ 139.788373, 35.795891 ], [ 139.789264, 35.798494 ], [ 139.790281, 35.801421 ], [ 139.789606, 35.79962 ] ], [ [ 139.787114, 35.792142 ], [ 139.786211, 35.789166 ], [ 139.788373, 35.795891 ], [ 139.787114, 35.792142 ] ], [ [ 139.797824, 35.804298 ], [ 139.797809, 35.804192 ], [ 139.797875, 35.80434 ], [ 139.797824, 35.804298 ] ], [ [ 139.797618, 35.798832 ], [ 139.797015, 35.798505 ], [ 139.797655, 35.798826 ], [ 139.797461, 35.801485 ], [ 139.797618, 35.798832 ] ], [ [ 139.794218, 35.792906 ], [ 139.797788, 35.792733 ], [ 139.797788, 35.792738 ], [ 139.794218, 35.792906 ] ], [ [ 139.794189, 35.79291 ], [ 139.794218, 35.792905 ], [ 139.794218, 35.792906 ], [ 139.794189, 35.79291 ] ], [ [ 139.797788, 35.792723 ], [ 139.802573, 35.792749 ], [ 139.797788, 35.792733 ], [ 139.797788, 35.792723 ] ], [ [ 139.802941, 35.788875 ], [ 139.802577, 35.79285 ], [ 139.804666, 35.792713 ], [ 139.804596, 35.792775 ], [ 139.802563, 35.792862 ], [ 139.802573, 35.792749 ], [ 139.802941, 35.788875 ] ], [ [ 139.801714, 35.788948 ], [ 139.802898, 35.788875 ], [ 139.805446, 35.788825 ], [ 139.802941, 35.788875 ], [ 139.801714, 35.788948 ] ], [ [ 139.803062, 35.785077 ], [ 139.803221, 35.779967 ], [ 139.803181, 35.781616 ], [ 139.803036, 35.785935 ], [ 139.802898, 35.788875 ], [ 139.803062, 35.785077 ] ], [ [ 139.797605, 35.778463 ], [ 139.797641, 35.780886 ], [ 139.797646, 35.781341 ], [ 139.797605, 35.778463 ] ], [ [ 139.796507, 35.778423 ], [ 139.797646, 35.778463 ], [ 139.797605, 35.778463 ], [ 139.796507, 35.778423 ] ], [ [ 139.797562, 35.772758 ], [ 139.797633, 35.774951 ], [ 139.797703, 35.778463 ], [ 139.797562, 35.772758 ] ], [ [ 139.797567, 35.770534 ], [ 139.797629, 35.769984 ], [ 139.797562, 35.772741 ], [ 139.797567, 35.770534 ] ], [ [ 139.798339, 35.765817 ], [ 139.798375, 35.765813 ], [ 139.799123, 35.765976 ], [ 139.798339, 35.765817 ] ], [ [ 139.798679, 35.765118 ], [ 139.798621, 35.765391 ], [ 139.798375, 35.765813 ], [ 139.798679, 35.765118 ] ], [ [ 139.798815, 35.761912 ], [ 139.798807, 35.764511 ], [ 139.798747, 35.764794 ], [ 139.798815, 35.761912 ] ], [ [ 139.797449, 35.761866 ], [ 139.799126, 35.761898 ], [ 139.798815, 35.761912 ], [ 139.797449, 35.761866 ] ], [ [ 139.801401, 35.761719 ], [ 139.80072, 35.761825 ], [ 139.799884, 35.761863 ], [ 139.801401, 35.761719 ] ], [ [ 139.807975, 35.760059 ], [ 139.807842, 35.760123 ], [ 139.807844, 35.760102 ], [ 139.807975, 35.760059 ] ], [ [ 139.817222, 35.743617 ], [ 139.816551, 35.74415 ], [ 139.81729, 35.743532 ], [ 139.817222, 35.743617 ] ], [ [ 139.813924, 35.744145 ], [ 139.813962, 35.74413 ], [ 139.816551, 35.74415 ], [ 139.813924, 35.744145 ] ], [ [ 139.814533, 35.748177 ], [ 139.813669, 35.749209 ], [ 139.814806, 35.747715 ], [ 139.814533, 35.748177 ] ], [ [ 139.809022, 35.753992 ], [ 139.807357, 35.755051 ], [ 139.807391, 35.755287 ], [ 139.807345, 35.755056 ], [ 139.809563, 35.753526 ], [ 139.809022, 35.753992 ] ], [ [ 139.802643, 35.757014 ], [ 139.802109, 35.757103 ], [ 139.805141, 35.756283 ], [ 139.802643, 35.757014 ] ], [ [ 139.799953, 35.757463 ], [ 139.799081, 35.757472 ], [ 139.801902, 35.757138 ], [ 139.799953, 35.757463 ] ], [ [ 139.797304, 35.757489 ], [ 139.794236, 35.757214 ], [ 139.794336, 35.755833 ], [ 139.794987, 35.752882 ], [ 139.794528, 35.755111 ], [ 139.794246, 35.757182 ], [ 139.797897, 35.757483 ], [ 139.797304, 35.757489 ] ], [ [ 139.790264, 35.756584 ], [ 139.789414, 35.756344 ], [ 139.794236, 35.757214 ], [ 139.790264, 35.756584 ] ], [ [ 139.798492, 35.755318 ], [ 139.801267, 35.754857 ], [ 139.798344, 35.755347 ], [ 139.794528, 35.755111 ], [ 139.798492, 35.755318 ] ], [ [ 139.799946, 35.750932 ], [ 139.80074, 35.753171 ], [ 139.800727, 35.753173 ], [ 139.801273, 35.75481 ], [ 139.803383, 35.754447 ], [ 139.801267, 35.754857 ], [ 139.799946, 35.750932 ] ], [ [ 139.797356, 35.752331 ], [ 139.798085, 35.7517 ], [ 139.797361, 35.752328 ], [ 139.797356, 35.752331 ] ], [ [ 139.797733, 35.744403 ], [ 139.7985, 35.746703 ], [ 139.799161, 35.748664 ], [ 139.79848, 35.746696 ], [ 139.797733, 35.744403 ] ], [ [ 139.795526, 35.745531 ], [ 139.795993, 35.74524 ], [ 139.797733, 35.744403 ], [ 139.795526, 35.745531 ] ], [ [ 139.791742, 35.744852 ], [ 139.791342, 35.744824 ], [ 139.792931, 35.744539 ], [ 139.794982, 35.743327 ], [ 139.792934, 35.744543 ], [ 139.791742, 35.744852 ] ], [ [ 139.770756, 35.814821 ], [ 139.771579, 35.814114 ], [ 139.770742, 35.814841 ], [ 139.770037, 35.815241 ], [ 139.770756, 35.814821 ] ], [ [ 139.772113, 35.803621 ], [ 139.772049, 35.804034 ], [ 139.772044, 35.805103 ], [ 139.772039, 35.80362 ], [ 139.772113, 35.803621 ] ], [ [ 139.772135, 35.803478 ], [ 139.772126, 35.803535 ], [ 139.771462, 35.802507 ], [ 139.772135, 35.803478 ] ], [ [ 139.770116, 35.797853 ], [ 139.770114, 35.801708 ], [ 139.770086, 35.795968 ], [ 139.770116, 35.797853 ] ], [ [ 139.770222, 35.790387 ], [ 139.770316, 35.794394 ], [ 139.770315, 35.794394 ], [ 139.770216, 35.79256 ], [ 139.770222, 35.790387 ] ], [ [ 139.76835, 35.792535 ], [ 139.76847, 35.792524 ], [ 139.770216, 35.79256 ], [ 139.76835, 35.792535 ] ], [ [ 139.770242, 35.790134 ], [ 139.770104, 35.786201 ], [ 139.770335, 35.790181 ], [ 139.765072, 35.790474 ], [ 139.770242, 35.790134 ] ], [ [ 139.765746, 35.786306 ], [ 139.764875, 35.786315 ], [ 139.76572, 35.78629 ], [ 139.770104, 35.786201 ], [ 139.765746, 35.786306 ] ], [ [ 139.770624, 35.79017 ], [ 139.770623, 35.790172 ], [ 139.779319, 35.790132 ], [ 139.770335, 35.790181 ], [ 139.770624, 35.79017 ] ], [ [ 139.779292, 35.786075 ], [ 139.779324, 35.790104 ], [ 139.779434, 35.795652 ], [ 139.779515, 35.795625 ], [ 139.779421, 35.795658 ], [ 139.77942, 35.795596 ], [ 139.775225, 35.795811 ], [ 139.775225, 35.795791 ], [ 139.77422, 35.795801 ], [ 139.774181, 35.794329 ], [ 139.774177, 35.792961 ], [ 139.771113, 35.792945 ], [ 139.779373, 35.792882 ], [ 139.779324, 35.790132 ], [ 139.779319, 35.790132 ], [ 139.779292, 35.786075 ] ], [ [ 139.772424, 35.785371 ], [ 139.771622, 35.785244 ], [ 139.776485, 35.785982 ], [ 139.772424, 35.785371 ] ], [ [ 139.789589, 35.778311 ], [ 139.782113, 35.778013 ], [ 139.784762, 35.778116 ], [ 139.789589, 35.778311 ] ], [ [ 139.784649, 35.77403 ], [ 139.78471, 35.77587 ], [ 139.784762, 35.778116 ], [ 139.784649, 35.77403 ] ], [ [ 139.784161, 35.774345 ], [ 139.784562, 35.774065 ], [ 139.785647, 35.77361 ], [ 139.784649, 35.77403 ], [ 139.784161, 35.774345 ] ], [ [ 139.785491, 35.769329 ], [ 139.785479, 35.769379 ], [ 139.784597, 35.771978 ], [ 139.784599, 35.771888 ], [ 139.785491, 35.769329 ] ], [ [ 139.781095, 35.771649 ], [ 139.784251, 35.771848 ], [ 139.784599, 35.771888 ], [ 139.781095, 35.771649 ] ], [ [ 139.79513, 35.761787 ], [ 139.79505, 35.761784 ], [ 139.795049, 35.761791 ], [ 139.790343, 35.761106 ], [ 139.788505, 35.760822 ], [ 139.782651, 35.759891 ], [ 139.782646, 35.759876 ], [ 139.79513, 35.761787 ] ], [ [ 139.782515, 35.755163 ], [ 139.782511, 35.755246 ], [ 139.781528, 35.755096 ], [ 139.782515, 35.755163 ] ], [ [ 139.761688, 35.796045 ], [ 139.763215, 35.796025 ], [ 139.770083, 35.795765 ], [ 139.76345, 35.796024 ], [ 139.761613, 35.796053 ], [ 139.761688, 35.796045 ] ], [ [ 139.76322, 35.796893 ], [ 139.762658, 35.79897 ], [ 139.76345, 35.796024 ], [ 139.76322, 35.796893 ] ], [ [ 139.758357, 35.762288 ], [ 139.758797, 35.761698 ], [ 139.758832, 35.761662 ], [ 139.758357, 35.762288 ] ], [ [ 139.762953, 35.765352 ], [ 139.761897, 35.76855 ], [ 139.762552, 35.766293 ], [ 139.762953, 35.765352 ] ], [ [ 139.760352, 35.770509 ], [ 139.760266, 35.770577 ], [ 139.761897, 35.76855 ], [ 139.760352, 35.770509 ] ], [ [ 139.758118, 35.772093 ], [ 139.760133, 35.770682 ], [ 139.758468, 35.771995 ], [ 139.758353, 35.771988 ], [ 139.758118, 35.772093 ] ], [ [ 139.757928, 35.772177 ], [ 139.756223, 35.772936 ], [ 139.754309, 35.773582 ], [ 139.757928, 35.772177 ] ], [ [ 139.752637, 35.774231 ], [ 139.753261, 35.773989 ], [ 139.751357, 35.775049 ], [ 139.747885, 35.777124 ], [ 139.752637, 35.774231 ] ], [ [ 139.748328, 35.778609 ], [ 139.756048, 35.778369 ], [ 139.750883, 35.778581 ], [ 139.748328, 35.778609 ] ], [ [ 139.751283, 35.783922 ], [ 139.756052, 35.783368 ], [ 139.751164, 35.783945 ], [ 139.751283, 35.783922 ] ], [ [ 139.755737, 35.779791 ], [ 139.756165, 35.783981 ], [ 139.756666, 35.786698 ], [ 139.756866, 35.7881 ], [ 139.756052, 35.783368 ], [ 139.755737, 35.779791 ] ], [ [ 139.770112, 35.782896 ], [ 139.769985, 35.78286 ], [ 139.770113, 35.782839 ], [ 139.770112, 35.782896 ] ], [ [ 139.770182, 35.778218 ], [ 139.770184, 35.778032 ], [ 139.770217, 35.777545 ], [ 139.770182, 35.778218 ] ], [ [ 139.778427, 35.77808 ], [ 139.774062, 35.77817 ], [ 139.770182, 35.778218 ], [ 139.778427, 35.77808 ] ], [ [ 139.778025, 35.777833 ], [ 139.778417, 35.77807 ], [ 139.779104, 35.778488 ], [ 139.778427, 35.77808 ], [ 139.778025, 35.777833 ] ], [ [ 139.765276, 35.778208 ], [ 139.765043, 35.778209 ], [ 139.770184, 35.778032 ], [ 139.765276, 35.778208 ] ], [ [ 139.770708, 35.76881 ], [ 139.771026, 35.760023 ], [ 139.770903, 35.764601 ], [ 139.770708, 35.76881 ] ], [ [ 139.76897, 35.760556 ], [ 139.770667, 35.760025 ], [ 139.77131, 35.759986 ], [ 139.771026, 35.760023 ], [ 139.76897, 35.760556 ] ], [ [ 139.768464, 35.760714 ], [ 139.767686, 35.761127 ], [ 139.768349, 35.76075 ], [ 139.768464, 35.760714 ] ], [ [ 139.765524, 35.762354 ], [ 139.764727, 35.762971 ], [ 139.765117, 35.762585 ], [ 139.765524, 35.762354 ] ], [ [ 139.763805, 35.763884 ], [ 139.763243, 35.76467 ], [ 139.763412, 35.764273 ], [ 139.763805, 35.763884 ] ], [ [ 139.761901, 35.779868 ], [ 139.762084, 35.780234 ], [ 139.762096, 35.780369 ], [ 139.761901, 35.779868 ] ], [ [ 139.760427, 35.771494 ], [ 139.760419, 35.771499 ], [ 139.761258, 35.7705 ], [ 139.760427, 35.771494 ] ], [ [ 139.763775, 35.770946 ], [ 139.763382, 35.77115 ], [ 139.763269, 35.771237 ], [ 139.763202, 35.771232 ], [ 139.763775, 35.770946 ] ], [ [ 139.763766, 35.772525 ], [ 139.763642, 35.771841 ], [ 139.763775, 35.772497 ], [ 139.763766, 35.772525 ] ], [ [ 139.764349, 35.777077 ], [ 139.763839, 35.77483 ], [ 139.764198, 35.77623 ], [ 139.764349, 35.777077 ] ], [ [ 139.765152, 35.776349 ], [ 139.765124, 35.776346 ], [ 139.765518, 35.776143 ], [ 139.765152, 35.776349 ] ], [ [ 139.766343, 35.771114 ], [ 139.766642, 35.770935 ], [ 139.766642, 35.770938 ], [ 139.766343, 35.771114 ] ], [ [ 139.767438, 35.765873 ], [ 139.767713, 35.766121 ], [ 139.767441, 35.765892 ], [ 139.767438, 35.765873 ] ], [ [ 139.768611, 35.766932 ], [ 139.768649, 35.766966 ], [ 139.76832, 35.768922 ], [ 139.768611, 35.766932 ] ], [ [ 139.757676, 35.778298 ], [ 139.760976, 35.778204 ], [ 139.760998, 35.778231 ], [ 139.761055, 35.778231 ], [ 139.756899, 35.778332 ], [ 139.757676, 35.778298 ] ], [ [ 139.760145, 35.777009 ], [ 139.759894, 35.776128 ], [ 139.760152, 35.777024 ], [ 139.760145, 35.777009 ] ], [ [ 139.760346, 35.777454 ], [ 139.760856, 35.778062 ], [ 139.760379, 35.777528 ], [ 139.760346, 35.777454 ] ], [ [ 139.756836, 35.77493 ], [ 139.756896, 35.774834 ], [ 139.756233, 35.777597 ], [ 139.756836, 35.77493 ] ], [ [ 139.757227, 35.7743 ], [ 139.757632, 35.773991 ], [ 139.757122, 35.774469 ], [ 139.757227, 35.7743 ] ], [ [ 139.759375, 35.772608 ], [ 139.759304, 35.773 ], [ 139.75933, 35.772693 ], [ 139.759375, 35.772608 ] ], [ [ 139.759185, 35.77491 ], [ 139.75915, 35.77485 ], [ 139.759167, 35.774647 ], [ 139.759185, 35.77491 ] ], [ [ 139.760976, 35.789064 ], [ 139.762088, 35.789191 ], [ 139.761779, 35.787594 ], [ 139.762094, 35.789204 ], [ 139.761294, 35.78922 ], [ 139.760976, 35.789064 ] ], [ [ 139.761001, 35.783567 ], [ 139.76096, 35.783082 ], [ 139.76165, 35.786922 ], [ 139.761001, 35.783567 ] ], [ [ 139.764979, 35.783172 ], [ 139.765233, 35.783082 ], [ 139.765375, 35.783181 ], [ 139.764979, 35.783172 ] ], [ [ 139.762155, 35.790616 ], [ 139.764976, 35.790479 ], [ 139.762041, 35.790628 ], [ 139.762192, 35.789706 ], [ 139.762155, 35.790616 ] ], [ [ 139.742893, 35.779029 ], [ 139.74425, 35.777471 ], [ 139.745498, 35.776192 ], [ 139.742893, 35.779029 ] ], [ [ 139.744199, 35.773706 ], [ 139.744203, 35.77371 ], [ 139.744414, 35.773577 ], [ 139.742474, 35.775068 ], [ 139.744199, 35.773706 ] ], [ [ 139.757057, 35.807991 ], [ 139.758758, 35.808298 ], [ 139.763037, 35.808665 ], [ 139.758791, 35.808333 ], [ 139.757057, 35.807991 ] ], [ [ 139.763074, 35.808232 ], [ 139.763053, 35.811221 ], [ 139.763037, 35.808665 ], [ 139.763074, 35.808232 ] ], [ [ 139.764527, 35.811248 ], [ 139.761367, 35.811229 ], [ 139.763053, 35.811221 ], [ 139.764527, 35.811248 ] ], [ [ 139.765841, 35.811825 ], [ 139.765827, 35.811715 ], [ 139.766306, 35.81241 ], [ 139.766056, 35.8121 ], [ 139.765841, 35.811825 ] ], [ [ 139.762551, 35.805257 ], [ 139.763614, 35.805611 ], [ 139.763602, 35.805608 ], [ 139.762551, 35.805257 ] ], [ [ 139.763146, 35.80739 ], [ 139.763181, 35.806977 ], [ 139.763602, 35.805608 ], [ 139.763146, 35.80739 ] ], [ [ 139.76481, 35.805911 ], [ 139.770136, 35.805095 ], [ 139.767504, 35.8055 ], [ 139.76481, 35.805911 ] ], [ [ 139.777758, 35.757107 ], [ 139.771034, 35.757686 ], [ 139.775161, 35.757249 ], [ 139.777758, 35.757107 ] ], [ [ 139.779668, 35.757274 ], [ 139.78153, 35.757561 ], [ 139.777758, 35.757107 ], [ 139.779668, 35.757274 ] ], [ [ 139.76366, 35.757643 ], [ 139.763946, 35.757514 ], [ 139.763471, 35.757771 ], [ 139.76366, 35.757643 ] ], [ [ 139.778718, 35.759481 ], [ 139.77932, 35.759542 ], [ 139.778351, 35.759481 ], [ 139.778344, 35.759512 ], [ 139.775624, 35.759418 ], [ 139.778718, 35.759481 ] ], [ [ 139.774624, 35.76772 ], [ 139.774598, 35.767585 ], [ 139.774775, 35.767682 ], [ 139.774644, 35.767706 ], [ 139.774142, 35.768268 ], [ 139.774624, 35.76772 ] ], [ [ 139.778282, 35.763433 ], [ 139.777814, 35.763423 ], [ 139.778741, 35.763377 ], [ 139.779939, 35.763558 ], [ 139.778282, 35.763433 ] ], [ [ 139.780842, 35.762037 ], [ 139.781105, 35.763989 ], [ 139.780965, 35.7633 ], [ 139.780842, 35.762037 ] ], [ [ 139.774303, 35.774165 ], [ 139.774549, 35.77378 ], [ 139.774315, 35.774379 ], [ 139.774281, 35.775535 ], [ 139.774303, 35.774165 ] ], [ [ 139.777799, 35.773486 ], [ 139.776306, 35.773779 ], [ 139.776505, 35.773719 ], [ 139.777799, 35.773486 ] ], [ [ 139.779416, 35.773359 ], [ 139.777917, 35.773465 ], [ 139.778545, 35.773352 ], [ 139.779416, 35.773359 ] ], [ [ 139.779923, 35.774227 ], [ 139.779848, 35.773577 ], [ 139.7799, 35.773932 ], [ 139.779923, 35.774227 ] ], [ [ 139.77383, 35.770057 ], [ 139.773815, 35.771367 ], [ 139.773798, 35.770147 ], [ 139.77383, 35.770057 ] ], [ [ 139.775096, 35.771491 ], [ 139.775275, 35.771357 ], [ 139.776135, 35.771097 ], [ 139.775096, 35.771491 ] ], [ [ 139.780941, 35.770047 ], [ 139.780506, 35.768771 ], [ 139.780929, 35.769915 ], [ 139.780941, 35.770047 ] ], [ [ 139.780431, 35.767532 ], [ 139.780536, 35.767255 ], [ 139.780526, 35.767295 ], [ 139.780506, 35.768771 ], [ 139.780431, 35.767532 ] ], [ [ 139.782293, 35.767513 ], [ 139.783519, 35.767758 ], [ 139.783727, 35.767876 ], [ 139.782293, 35.767513 ] ], [ [ 139.784267, 35.768189 ], [ 139.784019, 35.768094 ], [ 139.784038, 35.768052 ], [ 139.78427, 35.768184 ], [ 139.784267, 35.768189 ] ], [ [ 139.781086, 35.771627 ], [ 139.781077, 35.771604 ], [ 139.781052, 35.771252 ], [ 139.781086, 35.771627 ] ], [ [ 139.77461, 35.773623 ], [ 139.774582, 35.773694 ], [ 139.774429, 35.773338 ], [ 139.77461, 35.773623 ] ], [ [ 139.782105, 35.777998 ], [ 139.781907, 35.777441 ], [ 139.782111, 35.778009 ], [ 139.782105, 35.777998 ] ], [ [ 139.781886, 35.776152 ], [ 139.783002, 35.775152 ], [ 139.783265, 35.774969 ], [ 139.781886, 35.776152 ] ], [ [ 139.785503, 35.795909 ], [ 139.785436, 35.795913 ], [ 139.782761, 35.794763 ], [ 139.785503, 35.795909 ] ], [ [ 139.783069, 35.793842 ], [ 139.782633, 35.793596 ], [ 139.782631, 35.793546 ], [ 139.783069, 35.793842 ] ], [ [ 139.782996, 35.791859 ], [ 139.782931, 35.791247 ], [ 139.783034, 35.791751 ], [ 139.782996, 35.791859 ] ], [ [ 139.787821, 35.78816 ], [ 139.786023, 35.787934 ], [ 139.784068, 35.787763 ], [ 139.784069, 35.787762 ], [ 139.787148, 35.787981 ], [ 139.787821, 35.78816 ] ], [ [ 139.784024, 35.786962 ], [ 139.783733, 35.786254 ], [ 139.783704, 35.786152 ], [ 139.784024, 35.786962 ] ], [ [ 139.783541, 35.785588 ], [ 139.783517, 35.785503 ], [ 139.783686, 35.784743 ], [ 139.783541, 35.785588 ] ], [ [ 139.782138, 35.800554 ], [ 139.782428, 35.800531 ], [ 139.784153, 35.800796 ], [ 139.782138, 35.800554 ] ], [ [ 139.778598, 35.803505 ], [ 139.779476, 35.803493 ], [ 139.776513, 35.803616 ], [ 139.778598, 35.803505 ] ], [ [ 139.777793, 35.800961 ], [ 139.778599, 35.800865 ], [ 139.778599, 35.800878 ], [ 139.777793, 35.800961 ] ], [ [ 139.779465, 35.800762 ], [ 139.779827, 35.800734 ], [ 139.779217, 35.800791 ], [ 139.779465, 35.800762 ] ], [ [ 139.781767, 35.795251 ], [ 139.780759, 35.795211 ], [ 139.780811, 35.795194 ], [ 139.781767, 35.795251 ] ], [ [ 139.770303, 35.797851 ], [ 139.770782, 35.799603 ], [ 139.771184, 35.800353 ], [ 139.771303, 35.801638 ], [ 139.771137, 35.80028 ], [ 139.770813, 35.799744 ], [ 139.770303, 35.797851 ] ], [ [ 139.780289, 35.804917 ], [ 139.779143, 35.805776 ], [ 139.779531, 35.805428 ], [ 139.780289, 35.804917 ] ], [ [ 139.779074, 35.805828 ], [ 139.778183, 35.806117 ], [ 139.779127, 35.805789 ], [ 139.779074, 35.805828 ] ], [ [ 139.786598, 35.782338 ], [ 139.786649, 35.783122 ], [ 139.78659, 35.782378 ], [ 139.786598, 35.782338 ] ], [ [ 139.792519, 35.771289 ], [ 139.793061, 35.772314 ], [ 139.793131, 35.773073 ], [ 139.792902, 35.772024 ], [ 139.792519, 35.771289 ] ], [ [ 139.79642, 35.771055 ], [ 139.795618, 35.771234 ], [ 139.796368, 35.770989 ], [ 139.794088, 35.766375 ], [ 139.794451, 35.767006 ], [ 139.794448, 35.767008 ], [ 139.79642, 35.771055 ] ], [ [ 139.791182, 35.764354 ], [ 139.788188, 35.765031 ], [ 139.787484, 35.76501 ], [ 139.791182, 35.764353 ], [ 139.791182, 35.764354 ] ], [ [ 139.791194, 35.76443 ], [ 139.791221, 35.764607 ], [ 139.791186, 35.7647 ], [ 139.791194, 35.76443 ] ], [ [ 139.791638, 35.766408 ], [ 139.792112, 35.767484 ], [ 139.791857, 35.767128 ], [ 139.791172, 35.765202 ], [ 139.791175, 35.765099 ], [ 139.791638, 35.766408 ] ], [ [ 139.792514, 35.770416 ], [ 139.792686, 35.769492 ], [ 139.79272, 35.768863 ], [ 139.792716, 35.769676 ], [ 139.792514, 35.770416 ] ], [ [ 139.787487, 35.769567 ], [ 139.786786, 35.769552 ], [ 139.792686, 35.769492 ], [ 139.787487, 35.769567 ] ], [ [ 139.7896, 35.778311 ], [ 139.79072, 35.778221 ], [ 139.791388, 35.778244 ], [ 139.7896, 35.778311 ] ], [ [ 139.791932, 35.776013 ], [ 139.792273, 35.775751 ], [ 139.789595, 35.778311 ], [ 139.791932, 35.776013 ] ], [ [ 139.792786, 35.774749 ], [ 139.792667, 35.774912 ], [ 139.79161, 35.775809 ], [ 139.792786, 35.774749 ] ], [ [ 139.792895, 35.774601 ], [ 139.793001, 35.773876 ], [ 139.792917, 35.77457 ], [ 139.792895, 35.774601 ] ], [ [ 139.787344, 35.780431 ], [ 139.787504, 35.78028 ], [ 139.786769, 35.781421 ], [ 139.787344, 35.780431 ] ], [ [ 139.791476, 35.78216 ], [ 139.791378, 35.781775 ], [ 139.791386, 35.781502 ], [ 139.791476, 35.78216 ] ], [ [ 139.791614, 35.783167 ], [ 139.791677, 35.78362 ], [ 139.791662, 35.783572 ], [ 139.791614, 35.783167 ] ], [ [ 139.791704, 35.783711 ], [ 139.792001, 35.784613 ], [ 139.791975, 35.784594 ], [ 139.791704, 35.783711 ] ], [ [ 139.790814, 35.793978 ], [ 139.790626, 35.793457 ], [ 139.790836, 35.793986 ], [ 139.790814, 35.793978 ] ], [ [ 139.792959, 35.793125 ], [ 139.791171, 35.794111 ], [ 139.792893, 35.793137 ], [ 139.792959, 35.793125 ] ], [ [ 139.788461, 35.788016 ], [ 139.788341, 35.787692 ], [ 139.790142, 35.792236 ], [ 139.788461, 35.788016 ] ], [ [ 139.793589, 35.798321 ], [ 139.793924, 35.798319 ], [ 139.793659, 35.79835 ], [ 139.793589, 35.798321 ] ], [ [ 139.793394, 35.801394 ], [ 139.792994, 35.800344 ], [ 139.792678, 35.799354 ], [ 139.793394, 35.801394 ] ], [ [ 139.794329, 35.800928 ], [ 139.794505, 35.800972 ], [ 139.79431, 35.800938 ], [ 139.794329, 35.800928 ] ], [ [ 139.794651, 35.746329 ], [ 139.794355, 35.750722 ], [ 139.794448, 35.748979 ], [ 139.794643, 35.74634 ], [ 139.794651, 35.746329 ] ], [ [ 139.794366, 35.750717 ], [ 139.792275, 35.75337 ], [ 139.790947, 35.754911 ], [ 139.794355, 35.750722 ], [ 139.794366, 35.750717 ] ], [ [ 139.792737, 35.75318 ], [ 139.793792, 35.75304 ], [ 139.792275, 35.75337 ], [ 139.792737, 35.75318 ] ], [ [ 139.790867, 35.755004 ], [ 139.790752, 35.755082 ], [ 139.790947, 35.754911 ], [ 139.790867, 35.755004 ] ], [ [ 139.795032, 35.745838 ], [ 139.795231, 35.745714 ], [ 139.794839, 35.746087 ], [ 139.795032, 35.745838 ] ], [ [ 139.810169, 35.747542 ], [ 139.810372, 35.746837 ], [ 139.81516, 35.747114 ], [ 139.810377, 35.746842 ], [ 139.810169, 35.747542 ] ], [ [ 139.810579, 35.74619 ], [ 139.810841, 35.745813 ], [ 139.810372, 35.746837 ], [ 139.810579, 35.74619 ] ], [ [ 139.807496, 35.753891 ], [ 139.8074, 35.753206 ], [ 139.807467, 35.752962 ], [ 139.807496, 35.753891 ] ], [ [ 139.811052, 35.745509 ], [ 139.811163, 35.74535 ], [ 139.811701, 35.745092 ], [ 139.811052, 35.745509 ] ], [ [ 139.812384, 35.744749 ], [ 139.809733, 35.744359 ], [ 139.810355, 35.744439 ], [ 139.812384, 35.744749 ] ], [ [ 139.810609, 35.744178 ], [ 139.810587, 35.744173 ], [ 139.810782, 35.744097 ], [ 139.810355, 35.744439 ], [ 139.810609, 35.744178 ] ], [ [ 139.810641, 35.742777 ], [ 139.810647, 35.742752 ], [ 139.810782, 35.744097 ], [ 139.810641, 35.742777 ] ], [ [ 139.80418, 35.748383 ], [ 139.803154, 35.748445 ], [ 139.803276, 35.748416 ], [ 139.80418, 35.748383 ] ], [ [ 139.803787, 35.746857 ], [ 139.804671, 35.750142 ], [ 139.80458, 35.750157 ], [ 139.80418, 35.748383 ], [ 139.803787, 35.746857 ] ], [ [ 139.798839, 35.746599 ], [ 139.803729, 35.746853 ], [ 139.804832, 35.74689 ], [ 139.804829, 35.746903 ], [ 139.803787, 35.746857 ], [ 139.798839, 35.746599 ] ], [ [ 139.805297, 35.746924 ], [ 139.804899, 35.746906 ], [ 139.807116, 35.746615 ], [ 139.805297, 35.746924 ] ], [ [ 139.805146, 35.74599 ], [ 139.805181, 35.745889 ], [ 139.805182, 35.745932 ], [ 139.805146, 35.74599 ] ], [ [ 139.805361, 35.745638 ], [ 139.805417, 35.745503 ], [ 139.80548, 35.745443 ], [ 139.805361, 35.745638 ] ], [ [ 139.807169, 35.744295 ], [ 139.808245, 35.744169 ], [ 139.808445, 35.744195 ], [ 139.807169, 35.744295 ] ], [ [ 139.805638, 35.752695 ], [ 139.805264, 35.751367 ], [ 139.806209, 35.754098 ], [ 139.806207, 35.754098 ], [ 139.805483, 35.752456 ], [ 139.805638, 35.752695 ] ], [ [ 139.804601, 35.750251 ], [ 139.804594, 35.750221 ], [ 139.805264, 35.751367 ], [ 139.804601, 35.750251 ] ], [ [ 139.814576, 35.805971 ], [ 139.814629, 35.806117 ], [ 139.814534, 35.805946 ], [ 139.814576, 35.805971 ] ], [ [ 139.81069, 35.805626 ], [ 139.810721, 35.805775 ], [ 139.810733, 35.806568 ], [ 139.81069, 35.805626 ] ], [ [ 139.804879, 35.800423 ], [ 139.808883, 35.800708 ], [ 139.809937, 35.800777 ], [ 139.807854, 35.800652 ], [ 139.804879, 35.800423 ] ], [ [ 139.810657, 35.798168 ], [ 139.810071, 35.798109 ], [ 139.808652, 35.797924 ], [ 139.810657, 35.798168 ] ], [ [ 139.810727, 35.794937 ], [ 139.810799, 35.797408 ], [ 139.810657, 35.798168 ], [ 139.810727, 35.794937 ] ], [ [ 139.810699, 35.79493 ], [ 139.810847, 35.794936 ], [ 139.810727, 35.794937 ], [ 139.810699, 35.79493 ] ], [ [ 139.810628, 35.788104 ], [ 139.810485, 35.790857 ], [ 139.810113, 35.794794 ], [ 139.810371, 35.792038 ], [ 139.810628, 35.788104 ] ], [ [ 139.808973, 35.78875 ], [ 139.811786, 35.787644 ], [ 139.810628, 35.788104 ], [ 139.808973, 35.78875 ] ], [ [ 139.810502, 35.784893 ], [ 139.81021, 35.784914 ], [ 139.809033, 35.784805 ], [ 139.810502, 35.784893 ] ], [ [ 139.808733, 35.782063 ], [ 139.808693, 35.781284 ], [ 139.809033, 35.784805 ], [ 139.808733, 35.782063 ] ], [ [ 139.811082, 35.77854 ], [ 139.80825, 35.778564 ], [ 139.807525, 35.77855 ], [ 139.811082, 35.77854 ] ], [ [ 139.82195, 35.769156 ], [ 139.823061, 35.773086 ], [ 139.823572, 35.774936 ], [ 139.823113, 35.77329 ], [ 139.82195, 35.769156 ] ], [ [ 139.816714, 35.769938 ], [ 139.814627, 35.770233 ], [ 139.814897, 35.770192 ], [ 139.82195, 35.769156 ], [ 139.816714, 35.769938 ] ], [ [ 139.816162, 35.773429 ], [ 139.819162, 35.773758 ], [ 139.816155, 35.773441 ], [ 139.816714, 35.769938 ], [ 139.816162, 35.773429 ] ], [ [ 139.821715, 35.768364 ], [ 139.819876, 35.76152 ], [ 139.82195, 35.769156 ], [ 139.821715, 35.768364 ] ], [ [ 139.8167, 35.766763 ], [ 139.818331, 35.767214 ], [ 139.821715, 35.768364 ], [ 139.8167, 35.766763 ] ], [ [ 139.814847, 35.766534 ], [ 139.814878, 35.766536 ], [ 139.8167, 35.766763 ], [ 139.814847, 35.766534 ] ], [ [ 139.818538, 35.7651 ], [ 139.818404, 35.76465 ], [ 139.818553, 35.764905 ], [ 139.818555, 35.765612 ], [ 139.818331, 35.767214 ], [ 139.818538, 35.7651 ] ], [ [ 139.818548, 35.763841 ], [ 139.818568, 35.763915 ], [ 139.818404, 35.76465 ], [ 139.818548, 35.763841 ] ], [ [ 139.824518, 35.768724 ], [ 139.824525, 35.768724 ], [ 139.82195, 35.769156 ], [ 139.824518, 35.768724 ] ], [ [ 139.811052, 35.775445 ], [ 139.8112, 35.776778 ], [ 139.811131, 35.77854 ], [ 139.811176, 35.777331 ], [ 139.810873, 35.774249 ], [ 139.811052, 35.775445 ] ], [ [ 139.824045, 35.776645 ], [ 139.821121, 35.776532 ], [ 139.821171, 35.776524 ], [ 139.824045, 35.776645 ] ], [ [ 139.805493, 35.786132 ], [ 139.805622, 35.785216 ], [ 139.805589, 35.78614 ], [ 139.805493, 35.786132 ] ], [ [ 139.805575, 35.786533 ], [ 139.807188, 35.786643 ], [ 139.805701, 35.786618 ], [ 139.805575, 35.786533 ] ], [ [ 139.810371, 35.770882 ], [ 139.809136, 35.766294 ], [ 139.809154, 35.766325 ], [ 139.810371, 35.770882 ] ], [ [ 139.810428, 35.770873 ], [ 139.815468, 35.77502 ], [ 139.810371, 35.770882 ], [ 139.810428, 35.770873 ] ], [ [ 139.812053, 35.764575 ], [ 139.811876, 35.764756 ], [ 139.809397, 35.766211 ], [ 139.809766, 35.766233 ], [ 139.809154, 35.766325 ], [ 139.812053, 35.764575 ] ], [ [ 139.808003, 35.764353 ], [ 139.807969, 35.764355 ], [ 139.807996, 35.764342 ], [ 139.808003, 35.764353 ] ], [ [ 139.807687, 35.761788 ], [ 139.807675, 35.761729 ], [ 139.807784, 35.760676 ], [ 139.807687, 35.761788 ] ], [ [ 139.803259, 35.778422 ], [ 139.803394, 35.77466 ], [ 139.803621, 35.769336 ], [ 139.803318, 35.777088 ], [ 139.803258, 35.778466 ], [ 139.803131, 35.778466 ], [ 139.803259, 35.778422 ] ], [ [ 139.804674, 35.777291 ], [ 139.804288, 35.777233 ], [ 139.805244, 35.777227 ], [ 139.804674, 35.777291 ] ], [ [ 139.805489, 35.7772 ], [ 139.805565, 35.768258 ], [ 139.80559, 35.771585 ], [ 139.805573, 35.773803 ], [ 139.80549, 35.7772 ], [ 139.805489, 35.7772 ] ], [ [ 139.801132, 35.766413 ], [ 139.801179, 35.766423 ], [ 139.801636, 35.766695 ], [ 139.801132, 35.766413 ] ], [ [ 139.803616, 35.768399 ], [ 139.80383, 35.76451 ], [ 139.803612, 35.769339 ], [ 139.803616, 35.768399 ] ], [ [ 139.80561, 35.782163 ], [ 139.805558, 35.783464 ], [ 139.805614, 35.781475 ], [ 139.80561, 35.782163 ] ], [ [ 139.802126, 35.798246 ], [ 139.799799, 35.79816 ], [ 139.800445, 35.798106 ], [ 139.802126, 35.798246 ] ], [ [ 139.802381, 35.794938 ], [ 139.802391, 35.794812 ], [ 139.802432, 35.794348 ], [ 139.802395, 35.794794 ], [ 139.802381, 35.794938 ] ], [ [ 139.805986, 35.797175 ], [ 139.806069, 35.797198 ], [ 139.802317, 35.796676 ], [ 139.805986, 35.797175 ] ], [ [ 139.802963, 35.80719 ], [ 139.806144, 35.802413 ], [ 139.804075, 35.805612 ], [ 139.802963, 35.80719 ] ], [ [ 139.813595, 35.762182 ], [ 139.813586, 35.762319 ], [ 139.813138, 35.763222 ], [ 139.813595, 35.762182 ] ], [ [ 139.812929, 35.763644 ], [ 139.812893, 35.763716 ], [ 139.812472, 35.764146 ], [ 139.812929, 35.763644 ] ], [ [ 139.818531, 35.761382 ], [ 139.818584, 35.761874 ], [ 139.818527, 35.761354 ], [ 139.819865, 35.761519 ], [ 139.818531, 35.761382 ] ], [ [ 139.813679, 35.760634 ], [ 139.813697, 35.760695 ], [ 139.813672, 35.761067 ], [ 139.813679, 35.760634 ] ], [ [ 139.818335, 35.763415 ], [ 139.818094, 35.762189 ], [ 139.818513, 35.763715 ], [ 139.818335, 35.763415 ] ], [ [ 139.81585, 35.775366 ], [ 139.815681, 35.775195 ], [ 139.815853, 35.775337 ], [ 139.815881, 35.775159 ], [ 139.81585, 35.775366 ] ], [ [ 139.827912, 35.772019 ], [ 139.825309, 35.772146 ], [ 139.82753, 35.771997 ], [ 139.827912, 35.772019 ] ], [ [ 139.829499, 35.768883 ], [ 139.829269, 35.766327 ], [ 139.82952, 35.768893 ], [ 139.825636, 35.76876 ], [ 139.829499, 35.768883 ] ], [ [ 139.815646, 35.778498 ], [ 139.816036, 35.781911 ], [ 139.816031, 35.781877 ], [ 139.815646, 35.778498 ] ], [ [ 139.825039, 35.780326 ], [ 139.825055, 35.780324 ], [ 139.824384, 35.777864 ], [ 139.825694, 35.782643 ], [ 139.826542, 35.78575 ], [ 139.826869, 35.787014 ], [ 139.82655, 35.785867 ], [ 139.826006, 35.783812 ], [ 139.825039, 35.780326 ] ], [ [ 139.830201, 35.777544 ], [ 139.82756, 35.77769 ], [ 139.824384, 35.777864 ], [ 139.830201, 35.777544 ] ], [ [ 139.836897, 35.777038 ], [ 139.836199, 35.777108 ], [ 139.833831, 35.77733 ], [ 139.830201, 35.777544 ], [ 139.836897, 35.777038 ] ], [ [ 139.841472, 35.776505 ], [ 139.83901, 35.776812 ], [ 139.839175, 35.778175 ], [ 139.838992, 35.776829 ], [ 139.836897, 35.777038 ], [ 139.841472, 35.776505 ] ], [ [ 139.83109, 35.786249 ], [ 139.83342, 35.786787 ], [ 139.830855, 35.786244 ], [ 139.826542, 35.78575 ], [ 139.83109, 35.786249 ] ], [ [ 139.833397, 35.786128 ], [ 139.833408, 35.786361 ], [ 139.83349, 35.788249 ], [ 139.83342, 35.786787 ], [ 139.833397, 35.786128 ] ], [ [ 139.81748, 35.796399 ], [ 139.817, 35.798455 ], [ 139.817016, 35.798227 ], [ 139.81748, 35.796399 ] ], [ [ 139.817027, 35.794057 ], [ 139.817019, 35.793196 ], [ 139.817046, 35.794087 ], [ 139.81748, 35.796399 ], [ 139.817027, 35.794057 ] ], [ [ 139.813193, 35.794921 ], [ 139.812932, 35.794923 ], [ 139.817027, 35.794057 ], [ 139.813193, 35.794921 ] ], [ [ 139.822331, 35.79416 ], [ 139.822266, 35.794075 ], [ 139.822273, 35.794002 ], [ 139.822331, 35.79416 ] ], [ [ 139.816099, 35.782298 ], [ 139.816456, 35.78448 ], [ 139.816517, 35.785059 ], [ 139.816451, 35.784467 ], [ 139.816099, 35.782298 ] ], [ [ 139.820639, 35.784178 ], [ 139.820583, 35.784182 ], [ 139.82037, 35.781883 ], [ 139.820639, 35.784178 ] ], [ [ 139.820272, 35.781884 ], [ 139.821946, 35.781774 ], [ 139.82037, 35.781883 ], [ 139.820272, 35.781884 ] ], [ [ 139.821925, 35.780055 ], [ 139.824239, 35.780375 ], [ 139.824087, 35.780385 ], [ 139.821925, 35.780055 ] ], [ [ 139.816849, 35.78759 ], [ 139.816212, 35.786228 ], [ 139.816847, 35.787545 ], [ 139.816849, 35.78759 ] ], [ [ 139.817451, 35.80094 ], [ 139.814474, 35.801001 ], [ 139.813838, 35.80097 ], [ 139.817451, 35.80094 ] ], [ [ 139.817581, 35.800813 ], [ 139.81755, 35.800351 ], [ 139.817631, 35.800846 ], [ 139.819038, 35.800194 ], [ 139.818054, 35.80067 ], [ 139.817451, 35.80094 ], [ 139.817581, 35.800813 ] ], [ [ 139.816954, 35.799122 ], [ 139.816966, 35.798954 ], [ 139.817144, 35.800378 ], [ 139.816954, 35.799122 ] ], [ [ 139.853822, 35.769797 ], [ 139.854837, 35.770068 ], [ 139.854397, 35.77004 ], [ 139.853822, 35.769797 ] ], [ [ 139.840911, 35.770287 ], [ 139.842535, 35.770842 ], [ 139.840984, 35.770317 ], [ 139.840911, 35.770287 ] ], [ [ 139.839308, 35.77451 ], [ 139.839281, 35.7745 ], [ 139.840984, 35.770317 ], [ 139.839308, 35.77451 ] ], [ [ 139.833231, 35.781447 ], [ 139.833336, 35.783897 ], [ 139.833318, 35.783895 ], [ 139.833231, 35.781447 ] ], [ [ 139.833988, 35.781429 ], [ 139.836974, 35.78156 ], [ 139.833231, 35.781447 ], [ 139.833988, 35.781429 ] ], [ [ 139.839488, 35.781567 ], [ 139.84258, 35.781584 ], [ 139.836974, 35.78156 ], [ 139.839488, 35.781567 ] ], [ [ 139.844582, 35.775105 ], [ 139.844283, 35.776188 ], [ 139.844776, 35.776343 ], [ 139.844273, 35.776208 ], [ 139.844582, 35.775105 ] ], [ [ 139.845763, 35.773621 ], [ 139.845782, 35.773626 ], [ 139.844582, 35.775105 ], [ 139.845763, 35.773621 ] ], [ [ 139.851337, 35.770474 ], [ 139.851251, 35.770658 ], [ 139.85141, 35.770128 ], [ 139.851337, 35.770474 ] ], [ [ 139.841995, 35.77644 ], [ 139.841937, 35.776447 ], [ 139.842952, 35.776104 ], [ 139.841995, 35.77644 ] ], [ [ 139.835935, 35.773338 ], [ 139.835757, 35.773233 ], [ 139.836985, 35.773685 ], [ 139.83597, 35.773325 ], [ 139.835414, 35.774616 ], [ 139.835935, 35.773338 ] ], [ [ 139.837144, 35.78478 ], [ 139.835413, 35.790032 ], [ 139.835018, 35.79123 ], [ 139.836384, 35.78697 ], [ 139.837144, 35.78478 ] ], [ [ 139.840228, 35.793824 ], [ 139.841177, 35.788993 ], [ 139.840922, 35.790375 ], [ 139.840237, 35.793816 ], [ 139.839345, 35.798418 ], [ 139.839376, 35.798193 ], [ 139.840228, 35.793824 ] ], [ [ 139.837631, 35.793259 ], [ 139.832876, 35.792225 ], [ 139.836405, 35.79297 ], [ 139.840228, 35.793824 ], [ 139.837631, 35.793259 ] ], [ [ 139.835941, 35.784604 ], [ 139.836526, 35.784643 ], [ 139.83713, 35.784777 ], [ 139.835941, 35.784604 ] ], [ [ 139.831138, 35.793149 ], [ 139.833487, 35.794431 ], [ 139.830986, 35.793101 ], [ 139.831138, 35.793149 ] ], [ [ 139.83931, 35.799814 ], [ 139.839257, 35.799058 ], [ 139.839297, 35.798766 ], [ 139.83931, 35.799814 ] ] ], [ [ [ 139.77422, 35.795801 ], [ 139.77942, 35.795596 ], [ 139.779373, 35.792882 ], [ 139.774185, 35.792923 ], [ 139.77422, 35.795801 ] ] ], [ [ [ 139.819487, 35.811763 ], [ 139.820437, 35.811227 ], [ 139.820757, 35.811333 ], [ 139.819801, 35.812673 ], [ 139.820145, 35.812818 ], [ 139.820555, 35.813471 ], [ 139.821229, 35.815035 ], [ 139.822283, 35.814573 ], [ 139.8232, 35.814467 ], [ 139.823222, 35.813953 ], [ 139.823491, 35.813922 ], [ 139.824052, 35.813442 ], [ 139.824998, 35.812007 ], [ 139.825127, 35.811001 ], [ 139.825106, 35.810771 ], [ 139.824952, 35.81083 ], [ 139.824301, 35.810227 ], [ 139.822863, 35.809378 ], [ 139.822316, 35.808208 ], [ 139.821842, 35.807516 ], [ 139.819762, 35.808121 ], [ 139.814192, 35.808538 ], [ 139.815251, 35.809129 ], [ 139.816269, 35.809386 ], [ 139.817564, 35.810129 ], [ 139.819487, 35.811763 ] ] ], [ [ [ 139.826987, 35.761966 ], [ 139.826963, 35.762288 ], [ 139.830844, 35.76272 ], [ 139.830671, 35.762065 ], [ 139.830934, 35.761342 ], [ 139.830938, 35.758778 ], [ 139.830075, 35.757869 ], [ 139.828603, 35.757412 ], [ 139.827688, 35.757392 ], [ 139.825398, 35.758037 ], [ 139.825574, 35.758269 ], [ 139.825263, 35.759325 ], [ 139.825985, 35.761184 ], [ 139.825912, 35.761734 ], [ 139.826859, 35.761897 ], [ 139.826987, 35.761966 ] ] ] ] } }
]
}
