key,ward,town,pop,ts_flood_ratio,ts_mean_depth,ts_max_depth,ts_exposure
千代田区|丸の内1丁目,千代田区,丸の内一丁目,7.0,0.9021612246445688,0.37209587839812924,4.95,0.33569047334085284
千代田区|丸の内2丁目,千代田区,丸の内二丁目,1.0,0.9943353003231704,0.3453413089373681,3.35,0.34338505413623466
千代田区|丸の内3丁目,千代田区,丸の内三丁目,0.0,0.7954911305270435,0.47655967903711133,1.07,0.37909899784083667
千代田区|大手町1丁目,千代田区,大手町一丁目,8.0,0.6261000158855458,0.3819174898314933,4.18,0.23911854645046574
千代田区|大手町2丁目,千代田区,大手町二丁目,0.0,0.8094675430331074,0.5496894848270996,4.46,0.4449557967141269
千代田区|内幸町1丁目,千代田区,内幸町一丁目,1.0,0.8739295630894468,0.7440337711069418,4.22,0.6502331085072831
千代田区|内幸町2丁目,千代田区,内幸町二丁目,0.0,0.15904035271834532,0.7684146341463415,3.13,0.12220893444857243
千代田区|有楽町1丁目,千代田区,有楽町一丁目,8.0,1.0,0.8173976342129208,2.82,0.8173976342129208
千代田区|有楽町2丁目,千代田区,有楽町二丁目,4.0,0.7086753480827384,0.46086614173228346,2.55,0.3266044734116746
千代田区|霞が関1丁目,千代田区,霞が関一丁目,0.0,0.0,0.0,0.0,0.0
千代田区|霞が関2丁目,千代田区,霞が関二丁目,0.0,0.0,0.0,0.0,0.0
千代田区|霞が関3丁目,千代田区,霞が関三丁目,2.0,0.0,0.0,0.0,0.0
千代田区|永田町1丁目,千代田区,永田町一丁目,11.0,0.0,0.0,0.0,0.0
千代田区|永田町2丁目,千代田区,永田町二丁目,589.0,0.0,0.0,0.0,0.0
千代田区|隼町,千代田区,隼町,262.0,0.0,0.0,0.0,0.0
千代田区|平河町1丁目,千代田区,平河町一丁目,1069.0,0.0,0.0,0.0,0.0
千代田区|平河町2丁目,千代田区,平河町二丁目,990.0,0.0,0.0,0.0,0.0
千代田区|麹町1丁目,千代田区,麴町一丁目,653.0,0.0,0.0,0.0,0.0
千代田区|麹町2丁目,千代田区,麴町二丁目,650.0,0.0,0.0,0.0,0.0
千代田区|麹町3丁目,千代田区,麴町三丁目,657.0,0.0,0.0,0.0,0.0
千代田区|麹町4丁目,千代田区,麴町四丁目,605.0,0.0,0.0,0.0,0.0
千代田区|麹町5丁目,千代田区,麴町五丁目,97.0,0.0,0.0,0.0,0.0
千代田区|麹町6丁目,千代田区,麴町六丁目,286.0,0.0,0.0,0.0,0.0
千代田区|紀尾井町,千代田区,紀尾井町,589.0,0.0,0.0,0.0,0.0
千代田区|一番町,千代田区,一番町,4100.0,0.0,0.0,0.0,0.0
千代田区|二番町,千代田区,二番町,1611.0,0.0,0.0,0.0,0.0
千代田区|三番町,千代田区,三番町,3807.0,0.0,0.0,0.0,0.0
千代田区|四番町,千代田区,四番町,2939.0,0.0,0.0,0.0,0.0
千代田区|五番町,千代田区,五番町,1011.0,0.0,0.0,0.0,0.0
千代田区|六番町,千代田区,六番町,1717.0,0.0,0.0,0.0,0.0
千代田区|皇居外苑,千代田区,皇居外苑,0.0,0.19285266159417672,1.14082774049217,2.3,0.22001166617438572
千代田区|日比谷公園,千代田区,日比谷公園,0.0,0.2625136724238584,0.7726078799249531,3.85,0.20282013190271087
千代田区|千代田,千代田区,千代田,77.0,0.007719450998408174,0.8513392857142856,1.9,0.006571871899091244
千代田区|北の丸公園,千代田区,北の丸公園,651.0,0.006038474993367147,0.9980769230769231,2.08,0.006026862541456826
千代田区|九段南1丁目,千代田区,九段南一丁目,26.0,0.32925198335957717,0.6914869888475836,3.11,0.22767346254540874
千代田区|九段南2丁目,千代田区,九段南二丁目,778.0,0.0,0.0,0.0,0.0
千代田区|九段南3丁目,千代田区,九段南三丁目,786.0,0.0,0.0,0.0,0.0
千代田区|九段南4丁目,千代田区,九段南四丁目,1211.0,0.0,0.0,0.0,0.0
千代田区|九段北1丁目,千代田区,九段北一丁目,1152.0,0.326900808142174,0.7250519031141868,1.81,0.23702005307304888
千代田区|九段北2丁目,千代田区,九段北二丁目,266.0,0.0,0.0,0.0,0.0
千代田区|九段北3丁目,千代田区,九段北三丁目,50.0,0.0,0.0,0.0,0.0
千代田区|九段北4丁目,千代田区,九段北四丁目,584.0,0.0,0.0,0.0,0.0
千代田区|富士見1丁目,千代田区,富士見一丁目,1103.0,0.0,0.0,0.0,0.0
千代田区|富士見2丁目,千代田区,富士見二丁目,3242.0,0.027334391718644102,0.7230000000000001,1.98,0.019762765212579688
千代田区|飯田橋1丁目,千代田区,飯田橋一丁目,376.0,0.19164356792915124,0.3147692307692308,0.68,0.060323498458929765
千代田区|飯田橋2丁目,千代田区,飯田橋二丁目,1522.0,0.8977552803610129,0.883517382413088,2.27,0.7931823953520901
千代田区|飯田橋3丁目,千代田区,飯田橋三丁目,463.0,0.6968714433250633,0.7203634232121923,2.4,0.5020006984524639
千代田区|飯田橋4丁目,千代田区,飯田橋四丁目,720.0,0.3354923204179376,0.43265432098765433,2.01,0.14515220208699534
千代田区|一ツ橋1丁目,千代田区,一ツ橋一丁目,0.0,0.28394822896249383,0.4276470588235294,3.63,0.12142962497396059
千代田区|一ツ橋2丁目,千代田区,一ツ橋二丁目,70.0,0.9027863875178983,1.3012133891213389,4.32,1.1747177349547748
千代田区|神田神保町1丁目,千代田区,神田神保町一丁目,1634.0,0.5318793012527518,0.5979447852760736,1.53,0.3180344545803648
千代田区|神田神保町2丁目,千代田区,神田神保町二丁目,1138.0,0.9972626459173255,1.2185223367697595,2.09,1.2151868096763727
千代田区|神田神保町3丁目,千代田区,神田神保町三丁目,603.0,0.8822146050112286,1.4725320056899005,2.84,1.2990892417661077
千代田区|神田三崎町1丁目,千代田区,神田三崎町一丁目,13.0,0.5162037624003928,0.7152112676056338,1.53,0.36919474724918233
千代田区|神田三崎町2丁目,千代田区,神田三崎町二丁目,467.0,0.8384930174510711,1.1119888734353267,2.18,0.9323949058588042
千代田区|神田三崎町3丁目,千代田区,神田三崎町三丁目,452.0,0.796447466197532,1.1487268518518519,2.14,0.9149005905104752
千代田区|西神田1丁目,千代田区,西神田一丁目,90.0,0.9447698003177895,0.6029518072289157,1.4,0.569650658516913
千代田区|西神田2丁目,千代田区,西神田二丁目,735.0,1.0,1.2693872549019607,2.18,1.2693872549019607
千代田区|西神田3丁目,千代田区,西神田三丁目,422.0,0.879865521764837,1.446241379310345,2.2,1.2724979258047944
千代田区|神田猿楽町1丁目,千代田区,神田猿楽町一丁目,526.0,0.0,0.0,0.0,0.0
千代田区|神田猿楽町2丁目,千代田区,神田猿楽町二丁目,633.0,0.15561616282623064,0.3621875,0.9,0.05636222897362541
千代田区|神田駿河台1丁目,千代田区,神田駿河台一丁目,112.0,0.0,0.0,0.0,0.0
千代田区|神田駿河台2丁目,千代田区,神田駿河台二丁目,525.0,0.00236652309504909,0.9566666666666667,1.79,0.002263973760930296
千代田区|神田駿河台3丁目,千代田区,神田駿河台三丁目,200.0,0.0,0.0,0.0,0.0
千代田区|神田駿河台4丁目,千代田区,神田駿河台四丁目,80.0,0.0,0.0,0.0,0.0
千代田区|神田錦町1丁目,千代田区,神田錦町一丁目,474.0,0.05773868986235733,0.9420689655172414,3.78,0.0543938278289518
千代田区|神田錦町2丁目,千代田区,神田錦町二丁目,444.0,0.11299518469790228,0.3390196078431372,2.63,0.03830758320444569
千代田区|神田錦町3丁目,千代田区,神田錦町三丁目,400.0,0.63199897086821,0.5947409733124018,1.55,0.3758756830665955
千代田区|神田小川町1丁目,千代田区,神田小川町一丁目,308.0,0.0,0.0,0.0,0.0
千代田区|神田小川町2丁目,千代田区,神田小川町二丁目,192.0,0.0,0.0,0.0,0.0
千代田区|神田小川町3丁目,千代田区,神田小川町三丁目,728.0,0.014785976691865252,0.10300000000000001,0.18,0.0015229555992621211
千代田区|神田美土代町,千代田区,神田美土代町,135.0,0.0,0.0,0.0,0.0
千代田区|内神田1丁目,千代田区,内神田一丁目,1093.0,0.0069810847632874595,1.0150000000000001,2.72,0.0070858010347367726
千代田区|内神田2丁目,千代田区,内神田二丁目,486.0,0.010557023587863082,0.41000000000000003,1.29,0.0043283796710238635
千代田区|内神田3丁目,千代田区,内神田三丁目,386.0,0.0,0.0,0.0,0.0
千代田区|神田司町2丁目,千代田区,神田司町二丁目,597.0,0.0,0.0,0.0,0.0
千代田区|神田多町2丁目,千代田区,神田多町二丁目,1050.0,0.0,0.0,0.0,0.0
千代田区|神田淡路町1丁目,千代田区,神田淡路町一丁目,173.0,0.0,0.0,0.0,0.0
千代田区|神田淡路町2丁目,千代田区,神田淡路町二丁目,964.0,0.0,0.0,0.0,0.0
千代田区|神田須田町1丁目,千代田区,神田須田町一丁目,1241.0,0.0010462142670136386,1.03,1.03,0.0010776006950240478
千代田区|神田須田町2丁目,千代田区,神田須田町二丁目,601.0,0.18044567265854003,0.39273437499999997,2.75,0.0708672184730063
千代田区|外神田1丁目,千代田区,外神田一丁目,161.0,0.8052036870213004,0.683328125,2.48,0.550218325695352
千代田区|外神田2丁目,千代田区,外神田二丁目,1309.0,0.036771460300211195,0.516,1.97,0.018974073514908978
千代田区|外神田3丁目,千代田区,外神田三丁目,550.0,0.38391544962176005,0.26426966292134835,0.79,0.10145720646184042
千代田区|外神田4丁目,千代田区,外神田四丁目,944.0,0.9874945392018786,0.38929178470254955,0.96,0.3844235115499211
千代田区|外神田5丁目,千代田区,外神田五丁目,338.0,0.6071507440173592,0.09261111111111112,0.27,0.05622890501538544
千代田区|外神田6丁目,千代田区,外神田六丁目,870.0,0.1503513037522833,0.09727272727272727,0.2,0.014625081364994831
千代田区|鍛冶町1丁目,千代田区,鍛冶町一丁目,111.0,0.0,0.0,0.0,0.0
千代田区|鍛冶町2丁目,千代田区,鍛冶町二丁目,217.0,0.0,0.0,0.0,0.0
千代田区|神田鍛冶町3丁目,千代田区,神田鍛冶町三丁目,101.0,0.0,0.0,0.0,0.0
千代田区|神田紺屋町,千代田区,神田紺屋町,212.0,0.0429350223252282,0.08777777777777779,0.17,0.0037687408485478093
千代田区|神田北乗物町,千代田区,神田北乗物町,59.0,0.05878203902658914,0.08,0.12,0.004702563122127131
千代田区|神田富山町,千代田区,神田富山町,152.0,0.0,0.0,0.0,0.0
千代田区|神田美倉町,千代田区,神田美倉町,55.0,0.0,0.0,0.0,0.0
千代田区|岩本町1丁目,千代田区,岩本町一丁目,1100.0,0.049851860458213965,0.14272727272727273,0.32,0.0071152200835814475
千代田区|岩本町2丁目,千代田区,岩本町二丁目,2181.0,0.6968576225306731,0.26525451559934315,0.73,0.1848446311060836
千代田区|岩本町3丁目,千代田区,岩本町三丁目,675.0,0.7047511305672688,0.3188843813387424,1.48,0.2247341282687228
千代田区|神田西福田町,千代田区,神田西福田町,82.0,0.0,0.0,0.0,0.0
千代田区|神田東松下町,千代田区,神田東松下町,1083.0,0.04526624663022223,0.14714285714285716,0.31,0.006660604861304129
千代田区|神田東紺屋町,千代田区,神田東紺屋町,66.0,0.3948228259808494,0.125,0.2,0.049352853247606174
千代田区|神田岩本町,千代田区,神田岩本町,49.0,0.6024162835208826,0.30277777777777776,0.61,0.18239826362160055
千代田区|東神田1丁目,千代田区,東神田一丁目,1787.0,0.5946227517635507,0.6540364583333333,4.33,0.38890495860785357
千代田区|東神田2丁目,千代田区,東神田二丁目,1235.0,0.8092837684968203,0.43737442922374425,2.46,0.35396002632633755
千代田区|東神田3丁目,千代田区,東神田三丁目,919.0,0.8386796739096981,0.8439655172413794,1.74,0.7078167247910297
千代田区|神田和泉町,千代田区,神田和泉町,776.0,0.964874168565668,0.731908302354399,1.33,0.7061994147005103
千代田区|神田佐久間町1丁目,千代田区,神田佐久間町一丁目,15.0,0.8318598652812277,0.6717142857142857,1.34,0.5587721552217618
千代田区|神田佐久間町2丁目,千代田区,神田佐久間町二丁目,135.0,1.0,0.688010752688172,1.19,0.688010752688172
千代田区|神田佐久間町3丁目,千代田区,神田佐久間町三丁目,819.0,0.9856982333881538,1.01265625,1.37,0.9981734766544726
千代田区|神田佐久間町4丁目,千代田区,神田佐久間町四丁目,667.0,1.0,0.8734677419354839,1.38,0.8734677419354839
千代田区|神田平河町,千代田区,神田平河町,10.0,0.9298085734758641,0.6363043478260869,0.78,0.591641237948664
千代田区|神田松永町,千代田区,神田松永町,45.0,1.0,0.6275722543352601,1.04,0.6275722543352601
千代田区|神田花岡町,千代田区,神田花岡町,0.0,0.9781045953019172,0.22692307692307692,0.53,0.22195450431851196
千代田区|神田佐久間河岸,千代田区,神田佐久間河岸,108.0,0.36934011976225994,1.2466071428571428,1.94,0.4604220314393458
千代田区|神田練塀町,千代田区,神田練塀町,351.0,0.9532416803698476,0.3429969418960245,1.52,0.32695898125468537
千代田区|神田相生町,千代田区,神田相生町,0.0,0.9335356996895061,0.9914666666666666,3.88,0.9255695283854889
中央区|八重洲2丁目,中央区,八重洲２丁目,12.0,0.2241179354870396,0.1429665071770335,0.62,0.03204135843230978
中央区|京橋1丁目,中央区,京橋１丁目,62.0,0.01603733745637325,0.8707692307692307,1.89,0.013964820000472706
中央区|京橋2丁目,中央区,京橋２丁目,95.0,0.013811875199167207,0.625,1.99,0.008632421999479504
中央区|京橋3丁目,中央区,京橋３丁目,71.0,0.00905505827964957,0.44399999999999995,0.85,0.0040204458761644085
中央区|銀座1丁目,中央区,銀座１丁目,1448.0,0.027313463519268114,0.9851351351351352,2.66,0.026907452575062777
中央区|銀座2丁目,中央区,銀座２丁目,651.0,0.1959268199116397,0.43346153846153845,5.28,0.08492674078477613
中央区|銀座3丁目,中央区,銀座３丁目,314.0,0.17310011058338576,0.2724203821656051,0.58,0.047155998278034454
中央区|銀座4丁目,中央区,銀座４丁目,182.0,0.11710289843507458,0.1421904761904762,0.36,0.016650916891768227
中央区|銀座5丁目,中央区,銀座５丁目,26.0,0.10815547878203444,0.6014782608695652,6.34,0.06505316928133324
中央区|銀座6丁目,中央区,銀座６丁目,39.0,0.22459018913508175,0.49038461538461536,5.18,0.11013557351816508
中央区|銀座7丁目,中央区,銀座７丁目,229.0,0.2965798322677374,0.5562738853503184,3.32,0.16497961561212002
中央区|銀座8丁目,中央区,銀座８丁目,574.0,0.15188954408383135,0.4720869565217391,8.28,0.07170507259401046
中央区|新富1丁目,中央区,新富１丁目,1323.0,0.19179025186841428,1.1486577181208053,4.26,0.22030135306898727
中央区|新富2丁目,中央区,新富２丁目,960.0,0.5739979751140613,1.4436029411764706,5.96,0.8286251651039974
中央区|入船1丁目,中央区,入船１丁目,1059.0,0.005718998166890663,0.095,0.16,0.000543304825854613
中央区|入船2丁目,中央区,入船２丁目,957.0,0.273109197081317,0.35942028985507246,0.73,0.09816098677705305
中央区|入船3丁目,中央区,入船３丁目,935.0,0.6008859567352884,0.4014009661835749,1.03,0.24119620359968658
中央区|湊1丁目,中央区,湊１丁目,1333.0,0.0,0.0,0.0,0.0
中央区|湊2丁目,中央区,湊２丁目,3027.0,0.061545387525271174,0.13119999999999998,0.26,0.008074754843315577
中央区|湊3丁目,中央区,湊３丁目,3087.0,0.06018820358186674,0.13766666666666666,0.31,0.00828590935977032
中央区|明石町,中央区,明石町,3605.0,0.16758816328972329,0.5958885017421603,6.24,0.09986385953243372
中央区|築地1丁目,中央区,築地１丁目,849.0,0.44498326976438973,1.3482848837209302,7.19,0.5999642161320395
中央区|築地2丁目,中央区,築地２丁目,1171.0,0.6488233844532376,0.47504329004329005,5.06,0.3082191952076884
中央区|築地3丁目,中央区,築地３丁目,923.0,0.4392352645289923,0.5210133333333333,6.34,0.2288474292897987
中央区|築地4丁目,中央区,築地４丁目,646.0,0.5670170660604226,0.6509999999999999,5.78,0.369128110005335
中央区|築地5丁目,中央区,築地５丁目,365.0,0.8584066354052351,0.7557974062390466,11.38,0.6487815085376636
中央区|築地6丁目,中央区,築地６丁目,1852.0,0.15922836303666424,0.18675977653631284,1.43,0.02973745349897031
中央区|築地7丁目,中央区,築地７丁目,3400.0,0.0,0.0,0.0,0.0
中央区|浜離宮庭園,中央区,浜離宮庭園,0.0,0.9580143564812178,1.9019848242811503,4.33,1.8221287674707483
中央区|八丁堀1丁目,中央区,八丁堀１丁目,66.0,0.7312251382720799,0.45071428571428573,4.31,0.3295736158926303
中央区|八丁堀2丁目,中央区,八丁堀２丁目,1150.0,0.4269843711736525,0.6256521739130435,4.29,0.2671437000516896
中央区|八丁堀3丁目,中央区,八丁堀３丁目,1523.0,0.14099953366878223,2.3680555555555554,5.24,0.33389472903510237
中央区|八丁堀4丁目,中央区,八丁堀４丁目,1164.0,0.0554104306784049,1.564848484848485,4.05,0.08670892849190391
中央区|新川1丁目,中央区,新川１丁目,3495.0,0.008275422635932488,2.4782352941176473,3.56,0.020508444450107986
中央区|新川2丁目,中央区,新川２丁目,6360.0,0.00869961900854057,2.1513333333333335,3.2,0.018715780360373614
中央区|日本橋本石町1丁目,中央区,日本橋本石町１丁目,0.0,0.33084889858567273,0.4286842105263158,3.45,0.14182969889370023
中央区|日本橋本石町2丁目,中央区,日本橋本石町２丁目,0.0,0.24315678417337014,0.3582666666666667,2.21,0.0871149705431794
中央区|日本橋本石町3丁目,中央区,日本橋本石町３丁目,4.0,0.09217332569077626,0.29333333333333333,0.82,0.027037508869294367
中央区|日本橋本石町4丁目,中央区,日本橋本石町４丁目,76.0,0.03136890373414009,0.4423076923076923,2.08,0.013874707420869655
中央区|日本橋室町1丁目,中央区,日本橋室町１丁目,155.0,0.157020888186085,0.5345614035087719,2.97,0.08393730636894754
中央区|日本橋室町2丁目,中央区,日本橋室町２丁目,47.0,0.016460379333392547,0.09500000000000001,0.13,0.0015637360366722922
中央区|日本橋室町3丁目,中央区,日本橋室町３丁目,7.0,0.0,0.0,0.0,0.0
中央区|日本橋室町4丁目,中央区,日本橋室町４丁目,44.0,0.0,0.0,0.0,0.0
中央区|日本橋本町1丁目,中央区,日本橋本町１丁目,269.0,0.5576744430185866,0.420551724137931,2.93,0.23453094851912695
中央区|日本橋本町2丁目,中央区,日本橋本町２丁目,213.0,0.5985899397618993,0.3968949771689498,0.93,0.23757734047536205
中央区|日本橋本町3丁目,中央区,日本橋本町３丁目,260.0,0.020473306585191416,0.12444444444444445,0.28,0.002547789263934932
中央区|日本橋本町4丁目,中央区,日本橋本町４丁目,1140.0,0.0,0.0,0.0,0.0
中央区|日本橋小舟町,中央区,日本橋小舟町,1016.0,0.7449449436397615,0.3945687645687646,0.83,0.2939320060836887
中央区|日本橋小伝馬町,中央区,日本橋小伝馬町,1073.0,0.0,0.0,0.0,0.0
中央区|日本橋大伝馬町,中央区,日本橋大伝馬町,1790.0,0.0,0.0,0.0,0.0
中央区|日本橋堀留町1丁目,中央区,日本橋堀留町１丁目,1340.0,0.44589600744467883,0.2707142857142857,0.62,0.12071041915823805
中央区|日本橋堀留町2丁目,中央区,日本橋堀留町２丁目,1778.0,0.0,0.0,0.0,0.0
中央区|日本橋富沢町,中央区,日本橋富沢町,1632.0,0.013569820443813177,0.19125,0.46,0.00259522815987927
中央区|日本橋人形町1丁目,中央区,日本橋人形町１丁目,1630.0,0.6146419977524065,0.26396825396825396,0.73,0.1622459749622622
中央区|日本橋人形町2丁目,中央区,日本橋人形町２丁目,2741.0,0.7787423646156247,0.42670025188916877,1.16,0.332289563138254
中央区|日本橋人形町3丁目,中央区,日本橋人形町３丁目,1164.0,0.20633354527022893,0.2896739130434782,0.69,0.05976944545056087
中央区|日本橋小網町,中央区,日本橋小網町,1373.0,0.32757943445037774,0.48112121212121217,1.75,0.1576054145687469
中央区|日本橋蛎殻町1丁目,中央区,日本橋蛎殻町１丁目,3959.0,0.946422682053597,0.4999393326592518,1.28,0.4731539240794545
中央区|日本橋蛎殻町2丁目,中央区,日本橋蛎殻町２丁目,1434.0,1.0,0.7239620081411127,1.26,0.7239620081411127
中央区|日本橋箱崎町,中央区,日本橋箱崎町,3885.0,0.44836061888204404,0.9094793536804309,3.46,0.4077747258765994
中央区|日本橋馬喰町1丁目,中央区,日本橋馬喰町１丁目,1636.0,0.1099432966464309,0.26061538461538464,0.69,0.028652914541392918
中央区|日本橋馬喰町2丁目,中央区,日本橋馬喰町２丁目,1209.0,0.8026472060884846,0.3159178082191781,2.55,0.253570546120721
中央区|日本橋横山町,中央区,日本橋横山町,1619.0,0.28567073811337756,0.3316,0.68,0.09472841675839601
中央区|東日本橋1丁目,中央区,東日本橋１丁目,1205.0,0.7320374057865282,0.4955509355509356,1.43,0.36276182129579393
中央区|東日本橋2丁目,中央区,東日本橋２丁目,2577.0,0.8327473585462078,0.6084392419175028,3.48,0.5066761715426575
中央区|東日本橋3丁目,中央区,東日本橋３丁目,2389.0,0.22842548977299434,0.290241935483871,0.6,0.06629865626556507
中央区|日本橋久松町,中央区,日本橋久松町,964.0,0.6384090568228743,0.2313671875,0.58,0.1477069079516361
中央区|日本橋浜町1丁目,中央区,日本橋浜町１丁目,2265.0,0.8108653332230039,0.7625415676959619,1.71,0.618318522386178
中央区|日本橋浜町2丁目,中央区,日本橋浜町２丁目,5102.0,0.7344391040391425,0.8231278098908156,3.05,0.6045372512059122
中央区|日本橋浜町3丁目,中央区,日本橋浜町３丁目,5061.0,0.8612442281548598,1.1984657534246574,1.87,1.0321717127782517
中央区|日本橋中洲,中央区,日本橋中洲,2451.0,0.4056625636154426,0.8427676240208878,1.33,0.3418792748924088
中央区|八重洲1丁目,中央区,八重洲１丁目,30.0,0.8576256815332314,0.4511081081081081,2.41,0.38688189866138284
中央区|日本橋1丁目,中央区,日本橋１丁目,69.0,0.6677606198949435,0.4341200545702592,4.65,0.28988827674866297
中央区|日本橋2丁目,中央区,日本橋２丁目,60.0,0.36191328696641556,0.3039887640449438,4.57,0.11001757279636373
中央区|日本橋3丁目,中央区,日本橋３丁目,175.0,0.042960013776272184,0.2414705882352941,1.67,0.010373579797152782
中央区|日本橋茅場町1丁目,中央区,日本橋茅場町１丁目,39.0,0.497116045979041,0.27372222222222226,0.89,0.13607170880770753
中央区|日本橋茅場町2丁目,中央区,日本橋茅場町２丁目,618.0,0.5648850653025752,0.2483384615384615,1.03,0.14028268806329489
中央区|日本橋茅場町3丁目,中央区,日本橋茅場町３丁目,701.0,0.7666417142173795,0.3333467741935484,1.33,0.2555575423965757
中央区|日本橋兜町,中央区,日本橋兜町,723.0,0.8058048525304831,0.6608033573141487,4.05,0.5324785518921757
中央区|佃1丁目,中央区,佃１丁目,2709.0,0.267796875669738,0.818141592920354,3.11,0.21909576243953344
中央区|佃2丁目,中央区,佃２丁目,10360.0,0.5239375165569802,0.5022707889125799,3.23,0.26315850978197236
中央区|佃3丁目,中央区,佃３丁目,1933.0,0.6401562331875255,0.622710027100271,2.74,0.3986317053166114
中央区|月島1丁目,中央区,月島１丁目,5942.0,0.828755398608165,0.3977344701583435,2.3,0.3296245893562853
中央区|月島2丁目,中央区,月島２丁目,3148.0,0.925617364063819,0.48810426540284363,1.65,0.45179778353048683
中央区|月島3丁目,中央区,月島３丁目,4182.0,0.9309024224745509,0.4857657657657658,3.02,0.45220052810655664
中央区|月島4丁目,中央区,月島４丁目,3355.0,0.9033637016014681,0.6022539682539683,1.15,0.5440543740660778
中央区|勝どき1丁目,中央区,勝どき１丁目,4433.0,0.7721525749725205,0.4128412698412698,2.54,0.31877644956286166
中央区|勝どき2丁目,中央区,勝どき２丁目,2554.0,0.881171070906982,0.44052117263843643,1.03,0.3881745134510105
中央区|勝どき3丁目,中央区,勝どき３丁目,3341.0,0.7784513612457522,0.4604783950617284,2.91,0.3584600334600617
中央区|勝どき4丁目,中央区,勝どき４丁目,6574.0,0.8210433265398758,0.43088082901554403,1.13,0.3537718291971817
中央区|勝どき5丁目,中央区,勝どき５丁目,7027.0,0.8218362838514655,0.3195369349503859,3.87,0.26260704717291256
中央区|勝どき6丁目,中央区,勝どき６丁目,7007.0,0.5498937966935262,0.3119461697722567,2.86,0.17153726366006955
中央区|豊海町,中央区,豊海町,452.0,0.8689777463767557,1.1900465735196275,3.77,1.0341239895404661
中央区|晴海1丁目,中央区,晴海１丁目,4051.0,0.004066432478666286,0.2833333333333333,0.73,0.0011521558689554477
中央区|晴海2丁目,中央区,晴海２丁目,7016.0,0.09009591769247488,1.4889873417721518,2.06,0.13415168098944075
中央区|晴海3丁目,中央区,晴海３丁目,5315.0,0.002681452997081402,0.16,0.25,0.00042903247953302427
中央区|晴海4丁目,中央区,晴海４丁目,118.0,0.0,0.0,0.0,0.0
中央区|晴海5丁目,中央区,晴海５丁目,9011.0,0.2677966212605884,0.9766941391941392,10.0,0.2615553904812093
港区|赤坂1丁目,港区,赤坂1丁目,615.0,0.0,0.0,0.0,0.0
港区|赤坂2丁目,港区,赤坂2丁目,2979.0,0.0,0.0,0.0,0.0
港区|赤坂3丁目,港区,赤坂3丁目,247.0,0.0,0.0,0.0,0.0
港区|赤坂4丁目,港区,赤坂4丁目,2395.0,0.0,0.0,0.0,0.0
港区|赤坂5丁目,港区,赤坂5丁目,889.0,0.0,0.0,0.0,0.0
港区|赤坂6丁目,港区,赤坂6丁目,3973.0,0.0,0.0,0.0,0.0
港区|赤坂7丁目,港区,赤坂7丁目,2531.0,0.0,0.0,0.0,0.0
港区|赤坂8丁目,港区,赤坂8丁目,3263.0,0.0,0.0,0.0,0.0
港区|赤坂9丁目,港区,赤坂9丁目,2246.0,0.0,0.0,0.0,0.0
港区|麻布十番1丁目,港区,麻布十番1丁目,982.0,0.14006556565044284,0.49543209876543215,1.22,0.06939297715496631
港区|麻布十番2丁目,港区,麻布十番2丁目,2713.0,0.2858654386151301,0.4201570680628272,1.01,0.12010838454902717
港区|麻布十番3丁目,港区,麻布十番3丁目,1637.0,0.1861831638595249,0.3295161290322581,0.62,0.06135035544596926
港区|麻布十番4丁目,港区,麻布十番4丁目,440.0,0.7759898615746089,0.6647014925373134,3.06,0.5158016191824657
港区|麻布台1丁目,港区,麻布台1丁目,597.0,0.0,0.0,0.0,0.0
港区|麻布台2丁目,港区,麻布台2丁目,530.0,0.0,0.0,0.0,0.0
港区|麻布台3丁目,港区,麻布台3丁目,982.0,0.0,0.0,0.0,0.0
港区|麻布永坂町,港区,麻布永坂町,276.0,0.0,0.0,0.0,0.0
港区|麻布狸穴町,港区,麻布狸穴町,696.0,0.0,0.0,0.0,0.0
港区|愛宕1丁目,港区,愛宕1丁目,594.0,0.0,0.0,0.0,0.0
港区|愛宕2丁目,港区,愛宕2丁目,466.0,0.0,0.0,0.0,0.0
港区|海岸1丁目,港区,海岸1丁目,2476.0,0.8431928716035619,1.3789361060880048,10.33,1.1627090950501786
港区|海岸2丁目,港区,海岸2丁目,1324.0,0.9420227653518674,1.3282217090069284,12.4,1.25121508731909
港区|海岸3丁目,港区,海岸3丁目,4036.0,0.8874045244190408,0.8134654889071486,3.52,0.7218729553149508
港区|北青山1丁目,港区,北青山1丁目,1442.0,0.0,0.0,0.0,0.0
港区|北青山2丁目,港区,北青山2丁目,530.0,0.0,0.0,0.0,0.0
港区|北青山3丁目,港区,北青山3丁目,950.0,0.0,0.0,0.0,0.0
港区|港南1丁目,港区,港南1丁目,378.0,0.5523640102405121,0.69439048081593,3.55,0.38355631065632445
港区|港南2丁目,港区,港南2丁目,2684.0,0.7451134853322277,0.8248417431192661,5.53,0.6146007060631064
港区|港南3丁目,港区,港南3丁目,6379.0,0.6797097943026639,0.5540919037199125,5.6,0.37662169390223316
港区|港南4丁目,港区,港南4丁目,10885.0,0.3000976806980819,0.2792894280762565,2.64,0.08381410960917833
港区|港南5丁目,港区,港南5丁目,581.0,0.31092927815384575,0.37030780243378675,2.83,0.11513953770547423
港区|芝1丁目,港区,芝1丁目,2127.0,0.7964244042819721,0.5565875912408759,2.98,0.44327994078475236
港区|芝2丁目,港区,芝2丁目,3384.0,0.9174339280598395,0.8397891963109354,3.87,0.7704511011137571
港区|芝3丁目,港区,芝3丁目,3628.0,0.2195389707355386,0.35678571428571426,2.45,0.07832836848742966
港区|芝4丁目,港区,芝4丁目,2484.0,0.8216111170516096,0.6791870967741935,2.76,0.5580276692676849
港区|芝5丁目,港区,芝5丁目,2772.0,0.09253524868640897,0.22301507537688445,0.81,0.020636755460818244
港区|芝浦1丁目,港区,芝浦1丁目,3697.0,0.6281166407969746,0.9887716049382715,3.12,0.6210638990092604
港区|芝浦2丁目,港区,芝浦2丁目,4502.0,0.9247555173662678,1.115408071748879,2.44,1.0314797684646457
港区|芝浦3丁目,港区,芝浦3丁目,2043.0,0.7964589089383158,0.56145843703335,3.53,0.44717857417379403
港区|芝浦4丁目,港区,芝浦4丁目,17984.0,0.645223603140563,0.5005102040816326,2.82,0.32294099728616954
港区|芝公園1丁目,港区,芝公園1丁目,247.0,0.933549231960452,0.6479148311306901,2.81,0.6048603929778418
港区|芝公園2丁目,港区,芝公園2丁目,688.0,0.9542467979406438,1.0461682242990655,3.49,0.9983026781446326
港区|芝公園3丁目,港区,芝公園3丁目,308.0,0.026526000848063093,0.18,0.48,0.004774680152651357
港区|芝公園4丁目,港区,芝公園4丁目,72.0,0.1814040151637946,0.40029227557411273,5.23,0.07261462602819618
港区|芝大門1丁目,港区,芝大門1丁目,770.0,0.9964968991784822,0.8249106078665078,2.76,0.8220208628384119
港区|芝大門2丁目,港区,芝大門2丁目,742.0,0.9107603343474872,0.5392948717948718,1.8,0.49116837774778266
港区|白金1丁目,港区,白金1丁目,6302.0,0.022877298668903406,1.6864516129032259,4.58,0.038581457239040974
港区|白金2丁目,港区,白金2丁目,2533.0,0.0,0.0,0.0,0.0
港区|白金3丁目,港区,白金3丁目,3932.0,0.0,0.0,0.0,0.0
港区|白金4丁目,港区,白金4丁目,1626.0,0.0,0.0,0.0,0.0
港区|白金5丁目,港区,白金5丁目,1579.0,0.0,0.0,0.0,0.0
港区|白金6丁目,港区,白金6丁目,3876.0,0.0,0.0,0.0,0.0
港区|白金台1丁目,港区,白金台1丁目,1042.0,0.0,0.0,0.0,0.0
港区|白金台2丁目,港区,白金台2丁目,2929.0,0.0,0.0,0.0,0.0
港区|白金台3丁目,港区,白金台3丁目,3852.0,0.0,0.0,0.0,0.0
港区|白金台4丁目,港区,白金台4丁目,2059.0,0.0,0.0,0.0,0.0
港区|白金台5丁目,港区,白金台5丁目,1973.0,0.0,0.0,0.0,0.0
港区|新橋1丁目,港区,新橋1丁目,9.0,0.21112809769384805,0.24345679012345678,0.84,0.05140056896941585
港区|新橋2丁目,港区,新橋2丁目,97.0,0.49557298505799274,0.5024395161290323,1.21,0.248995450819158
港区|新橋3丁目,港区,新橋3丁目,158.0,0.911603555712446,0.6494608695652174,1.24,0.5920508379917493
港区|新橋4丁目,港区,新橋4丁目,560.0,0.9863588620747767,0.7254883720930233,6.12,0.7155918851461567
港区|新橋5丁目,港区,新橋5丁目,1038.0,0.7895566898381654,0.8783193277310924,3.36,0.6934829010242441
港区|新橋6丁目,港区,新橋6丁目,1052.0,0.8301331618094364,0.8926567164179106,1.71,0.7410239424104296
港区|高輪1丁目,港区,高輪1丁目,8044.0,0.0,0.0,0.0,0.0
港区|高輪2丁目,港区,高輪2丁目,6507.0,0.02205132024525664,0.1935632183908046,0.83,0.004268324516438182
港区|高輪3丁目,港区,高輪3丁目,4712.0,0.07824865064588746,0.25972375690607735,1.24,0.020323033518581047
港区|高輪4丁目,港区,高輪4丁目,4287.0,0.000307253778714736,0.05,0.05,1.53626889357368e-05
港区|虎の門1丁目,港区,虎ノ門1丁目,421.0,0.0,0.0,0.0,0.0
港区|虎の門2丁目,港区,虎ノ門2丁目,19.0,0.0,0.0,0.0,0.0
港区|虎の門3丁目,港区,虎ノ門3丁目,1934.0,0.0,0.0,0.0,0.0
港区|虎の門4丁目,港区,虎ノ門4丁目,848.0,0.0,0.0,0.0,0.0
港区|虎の門5丁目,港区,虎ノ門5丁目,341.0,0.0,0.0,0.0,0.0
港区|西麻布1丁目,港区,西麻布1丁目,1587.0,0.0,0.0,0.0,0.0
港区|西麻布2丁目,港区,西麻布2丁目,2756.0,0.0,0.0,0.0,0.0
港区|西麻布3丁目,港区,西麻布3丁目,3123.0,0.0,0.0,0.0,0.0
港区|西麻布4丁目,港区,西麻布4丁目,3645.0,0.0,0.0,0.0,0.0
港区|西新橋1丁目,港区,西新橋1丁目,256.0,0.0,0.0,0.0,0.0
港区|西新橋2丁目,港区,西新橋2丁目,379.0,0.04353075053756756,0.133,0.34,0.005789589821496486
港区|西新橋3丁目,港区,西新橋3丁目,892.0,0.05370445537863802,0.16870967741935486,0.35,0.009060461342912158
港区|浜松町1丁目,港区,浜松町1丁目,2258.0,0.9967141232199022,1.5562514029180694,3.0,1.5511377525692263
港区|浜松町2丁目,港区,浜松町2丁目,244.0,0.9650827233226779,1.0293588162762022,3.44,0.9934164096880452
港区|東麻布1丁目,港区,東麻布1丁目,2409.0,0.29662233690056106,1.065563909774436,6.23,0.31607005703419183
港区|東麻布2丁目,港区,東麻布2丁目,2285.0,0.3474143782099719,0.7226453488372093,6.29,0.25105738453260734
港区|東麻布3丁目,港区,東麻布3丁目,838.0,0.4896249639765637,0.6911374407582939,4.99,0.338398144534134
港区|東新橋1丁目,港区,東新橋1丁目,1460.0,0.2998965410339047,2.4581703910614525,9.28,0.7371967975512904
港区|東新橋2丁目,港区,東新橋2丁目,557.0,0.9842943906164444,1.36954802259887,4.89,1.3480384363239113
港区|三田1丁目,港区,三田1丁目,3563.0,0.2615774732831674,0.5964013266998341,4.42,0.15600515210087146
港区|三田2丁目,港区,三田2丁目,4486.0,0.0009430408553598412,0.49666666666666665,0.75,0.0004683769581620545
港区|三田3丁目,港区,三田3丁目,1679.0,0.08759569520329234,0.38958083832335333,2.63,0.03412560437081557
港区|三田4丁目,港区,三田4丁目,3779.0,0.0,0.0,0.0,0.0
港区|三田5丁目,港区,三田5丁目,6469.0,0.0,0.0,0.0,0.0
港区|南青山1丁目,港区,南青山1丁目,2533.0,0.0,0.0,0.0,0.0
港区|南青山2丁目,港区,南青山2丁目,2211.0,0.0,0.0,0.0,0.0
港区|南青山3丁目,港区,南青山3丁目,1097.0,0.0,0.0,0.0,0.0
港区|南青山4丁目,港区,南青山4丁目,3333.0,0.0,0.0,0.0,0.0
港区|南青山5丁目,港区,南青山5丁目,1398.0,0.0,0.0,0.0,0.0
港区|南青山6丁目,港区,南青山6丁目,1883.0,0.0,0.0,0.0,0.0
港区|南青山7丁目,港区,南青山7丁目,2977.0,0.0,0.0,0.0,0.0
港区|南麻布1丁目,港区,南麻布1丁目,4700.0,0.18995864698373152,0.7806578947368421,4.77,0.14829271744137884
港区|南麻布2丁目,港区,南麻布2丁目,4193.0,0.27781353360251393,0.7023737373737373,5.21,0.19512892988940206
港区|南麻布3丁目,港区,南麻布3丁目,3057.0,0.009390418820234838,1.6311111111111112,3.77,0.015316816475671936
港区|南麻布4丁目,港区,南麻布4丁目,3724.0,0.0,0.0,0.0,0.0
港区|南麻布5丁目,港区,南麻布5丁目,2306.0,0.0,0.0,0.0,0.0
港区|元赤坂1丁目,港区,元赤坂1丁目,357.0,0.0,0.0,0.0,0.0
港区|元赤坂2丁目,港区,元赤坂2丁目,282.0,0.0,0.0,0.0,0.0
港区|元麻布1丁目,港区,元麻布1丁目,1241.0,0.0,0.0,0.0,0.0
港区|元麻布2丁目,港区,元麻布2丁目,2062.0,0.0,0.0,0.0,0.0
港区|元麻布3丁目,港区,元麻布3丁目,1693.0,0.0,0.0,0.0,0.0
港区|六本木1丁目,港区,六本木1丁目,2539.0,0.0,0.0,0.0,0.0
港区|六本木2丁目,港区,六本木2丁目,727.0,0.0,0.0,0.0,0.0
港区|六本木3丁目,港区,六本木3丁目,2644.0,0.0,0.0,0.0,0.0
港区|六本木4丁目,港区,六本木4丁目,989.0,0.0,0.0,0.0,0.0
港区|六本木5丁目,港区,六本木5丁目,2083.0,0.0,0.0,0.0,0.0
港区|六本木6丁目,港区,六本木6丁目,1611.0,0.0,0.0,0.0,0.0
港区|六本木7丁目,港区,六本木7丁目,2047.0,0.0,0.0,0.0,0.0
港区|台場1丁目,港区,台場1丁目,4562.0,0.1442654474038108,1.0212834224598932,3.83,0.14733590986727163
港区|台場2丁目,港区,台場2丁目,972.0,0.1473124618202828,3.705045871559633,7.18,0.5457994284965249
新宿区|四谷1丁目,新宿区,四谷１丁目,542.0,0.0,0.0,0.0,0.0
新宿区|四谷2丁目,新宿区,四谷２丁目,436.0,0.0,0.0,0.0,0.0
新宿区|四谷3丁目,新宿区,四谷３丁目,452.0,0.0,0.0,0.0,0.0
新宿区|四谷4丁目,新宿区,四谷４丁目,3455.0,0.0,0.0,0.0,0.0
新宿区|四谷本塩町,新宿区,四谷本塩町,511.0,0.0,0.0,0.0,0.0
新宿区|四谷三栄町,新宿区,四谷三栄町,1987.0,0.0,0.0,0.0,0.0
新宿区|四谷坂町,新宿区,四谷坂町,2542.0,0.0,0.0,0.0,0.0
新宿区|若葉1丁目,新宿区,若葉１丁目,2584.0,0.0,0.0,0.0,0.0
新宿区|若葉2丁目,新宿区,若葉２丁目,983.0,0.0,0.0,0.0,0.0
新宿区|若葉3丁目,新宿区,若葉３丁目,990.0,0.0,0.0,0.0,0.0
新宿区|須賀町,新宿区,須賀町,1362.0,0.0,0.0,0.0,0.0
新宿区|左門町,新宿区,左門町,1653.0,0.0,0.0,0.0,0.0
新宿区|信濃町,新宿区,信濃町,865.0,0.0,0.0,0.0,0.0
新宿区|南元町,新宿区,南元町,2598.0,0.0,0.0,0.0,0.0
新宿区|荒木町,新宿区,荒木町,2636.0,0.0,0.0,0.0,0.0
新宿区|舟町,新宿区,舟町,1596.0,0.0,0.0,0.0,0.0
新宿区|愛住町,新宿区,愛住町,1416.0,0.0,0.0,0.0,0.0
新宿区|大京町,新宿区,大京町,3939.0,0.0,0.0,0.0,0.0
新宿区|霞ケ丘町,新宿区,霞ヶ丘町,0.0,0.0,0.0,0.0,0.0
新宿区|内藤町,新宿区,内藤町,1267.0,0.0,0.0,0.0,0.0
新宿区|片町,新宿区,片町,494.0,0.0,0.0,0.0,0.0
新宿区|新宿1丁目,新宿区,新宿１丁目,4125.0,0.0,0.0,0.0,0.0
新宿区|新宿2丁目,新宿区,新宿２丁目,1205.0,0.0,0.0,0.0,0.0
新宿区|新宿3丁目,新宿区,新宿３丁目,99.0,0.0,0.0,0.0,0.0
新宿区|新宿4丁目,新宿区,新宿４丁目,215.0,0.0,0.0,0.0,0.0
新宿区|新宿5丁目,新宿区,新宿５丁目,2753.0,0.0,0.0,0.0,0.0
新宿区|新宿6丁目,新宿区,新宿６丁目,4248.0,0.0,0.0,0.0,0.0
新宿区|新宿7丁目,新宿区,新宿７丁目,6583.0,0.0,0.0,0.0,0.0
新宿区|歌舞伎町1丁目,新宿区,歌舞伎町１丁目,160.0,0.0,0.0,0.0,0.0
新宿区|歌舞伎町2丁目,新宿区,歌舞伎町２丁目,2057.0,0.0,0.0,0.0,0.0
新宿区|市谷田町1丁目,新宿区,市谷田町１丁目,24.0,0.0,0.0,0.0,0.0
新宿区|市谷田町2丁目,新宿区,市谷田町２丁目,623.0,0.0,0.0,0.0,0.0
新宿区|市谷田町3丁目,新宿区,市谷田町３丁目,344.0,0.0,0.0,0.0,0.0
新宿区|市谷本村町,新宿区,市谷本村町,2670.0,0.0,0.0,0.0,0.0
新宿区|市谷砂土原町1丁目,新宿区,市谷砂土原町１丁目,223.0,0.0,0.0,0.0,0.0
新宿区|市谷砂土原町2丁目,新宿区,市谷砂土原町２丁目,449.0,0.0,0.0,0.0,0.0
新宿区|市谷砂土原町3丁目,新宿区,市谷砂土原町３丁目,1033.0,0.0,0.0,0.0,0.0
新宿区|市谷左内町,新宿区,市谷左内町,489.0,0.0,0.0,0.0,0.0
新宿区|市谷加賀町1丁目,新宿区,市谷加賀町１丁目,667.0,0.0,0.0,0.0,0.0
新宿区|市谷加賀町2丁目,新宿区,市谷加賀町２丁目,1784.0,0.0,0.0,0.0,0.0
新宿区|市谷甲良町,新宿区,市谷甲良町,844.0,0.0,0.0,0.0,0.0
新宿区|市谷船河原町,新宿区,市谷船河原町,188.0,0.037358922032356405,1.2835714285714286,1.87,0.04795284492296033
新宿区|市谷長延寺町,新宿区,市谷長延寺町,92.0,0.0,0.0,0.0,0.0
新宿区|市谷鷹匠町,新宿区,市谷鷹匠町,77.0,0.0,0.0,0.0,0.0
新宿区|市谷山伏町,新宿区,市谷山伏町,566.0,0.0,0.0,0.0,0.0
新宿区|市谷八幡町,新宿区,市谷八幡町,127.0,0.0,0.0,0.0,0.0
新宿区|神楽坂1丁目,新宿区,神楽坂１丁目,27.0,0.17162805273353757,1.2433898305084745,2.05,0.2134005753988528
新宿区|神楽坂2丁目,新宿区,神楽坂２丁目,210.0,0.0,0.0,0.0,0.0
新宿区|神楽坂3丁目,新宿区,神楽坂３丁目,428.0,0.0,0.0,0.0,0.0
新宿区|神楽坂4丁目,新宿区,神楽坂４丁目,172.0,0.0,0.0,0.0,0.0
新宿区|神楽坂5丁目,新宿区,神楽坂５丁目,704.0,0.0,0.0,0.0,0.0
新宿区|神楽坂6丁目,新宿区,神楽坂６丁目,796.0,0.0,0.0,0.0,0.0
新宿区|細工町,新宿区,細工町,412.0,0.0,0.0,0.0,0.0
新宿区|二十騎町,新宿区,二十騎町,697.0,0.0,0.0,0.0,0.0
新宿区|揚場町,新宿区,揚場町,106.0,0.2949904522440298,0.6804545454545454,1.34,0.2007275940951421
新宿区|津久戸町,新宿区,津久戸町,87.0,0.04619716354917293,0.7811764705882354,3.5,0.036088137172530385
新宿区|東五軒町,新宿区,東五軒町,2357.0,0.6350852034636737,1.04234404536862,3.59,0.6619772801320787
新宿区|西五軒町,新宿区,西五軒町,1872.0,0.7888018316272957,1.1817241379310344,4.11,0.9321461644781869
新宿区|赤城元町,新宿区,赤城元町,429.0,0.0,0.0,0.0,0.0
新宿区|南榎町,新宿区,南榎町,1418.0,0.0,0.0,0.0,0.0
新宿区|袋町,新宿区,袋町,858.0,0.0,0.0,0.0,0.0
新宿区|払方町,新宿区,払方町,1008.0,0.0,0.0,0.0,0.0
新宿区|南町,新宿区,南町,840.0,0.0,0.0,0.0,0.0
新宿区|北町,新宿区,北町,1051.0,0.0,0.0,0.0,0.0
新宿区|納戸町,新宿区,納戸町,1205.0,0.0,0.0,0.0,0.0
新宿区|南山伏町,新宿区,南山伏町,740.0,0.0,0.0,0.0,0.0
新宿区|北山伏町,新宿区,北山伏町,578.0,0.0,0.0,0.0,0.0
新宿区|白銀町,新宿区,白銀町,1432.0,0.0,0.0,0.0,0.0
新宿区|下宮比町,新宿区,下宮比町,264.0,0.6529736275851781,0.7745771144278607,3.13,0.5057784282524198
新宿区|矢来町,新宿区,矢来町,4247.0,0.0,0.0,0.0,0.0
新宿区|若宮町,新宿区,若宮町,1011.0,0.0,0.0,0.0,0.0
新宿区|岩戸町,新宿区,岩戸町,619.0,0.0,0.0,0.0,0.0
新宿区|中町,新宿区,中町,523.0,0.0,0.0,0.0,0.0
新宿区|箪笥町,新宿区,箪笥町,671.0,0.0,0.0,0.0,0.0
新宿区|横寺町,新宿区,横寺町,957.0,0.0,0.0,0.0,0.0
新宿区|筑土八幡町,新宿区,筑土八幡町,1004.0,0.0,0.0,0.0,0.0
新宿区|新小川町,新宿区,新小川町,3552.0,0.8376396377207186,1.206923076923077,3.91,1.0109666089106213
新宿区|神楽河岸,新宿区,神楽河岸,0.0,0.8522802305726479,0.7305882352941176,4.49,0.6226659096301346
新宿区|市谷薬王寺町,新宿区,市谷薬王寺町,3478.0,0.0,0.0,0.0,0.0
新宿区|市谷柳町,新宿区,市谷柳町,1398.0,0.0,0.0,0.0,0.0
新宿区|市谷仲之町,新宿区,市谷仲之町,2598.0,0.0,0.0,0.0,0.0
新宿区|赤城下町,新宿区,赤城下町,1376.0,0.0,0.0,0.0,0.0
新宿区|天神町,新宿区,天神町,1165.0,0.0053564147039168045,0.055,0.08,0.00029460280871542425
新宿区|榎町,新宿区,榎町,699.0,0.001688031319494965,0.05,0.05,8.440156597474825e-05
新宿区|東榎町,新宿区,東榎町,363.0,0.0,0.0,0.0,0.0
新宿区|早稲田町,新宿区,早稲田町,1290.0,0.0,0.0,0.0,0.0
新宿区|早稲田南町,新宿区,早稲田南町,807.0,0.0,0.0,0.0,0.0
新宿区|馬場下町,新宿区,馬場下町,488.0,0.0,0.0,0.0,0.0
新宿区|原町1丁目,新宿区,原町１丁目,1496.0,0.0,0.0,0.0,0.0
新宿区|原町2丁目,新宿区,原町２丁目,1266.0,0.0,0.0,0.0,0.0
新宿区|原町3丁目,新宿区,原町３丁目,2075.0,0.0,0.0,0.0,0.0
新宿区|喜久井町,新宿区,喜久井町,1928.0,0.0,0.0,0.0,0.0
新宿区|築地町,新宿区,築地町,548.0,0.17302888177614292,0.2635483870967742,0.71,0.045601482713260894
新宿区|弁天町,新宿区,弁天町,3769.0,0.0,0.0,0.0,0.0
新宿区|中里町,新宿区,中里町,691.0,0.027183395054545628,0.092,0.15,0.0025008723450181975
新宿区|山吹町,新宿区,山吹町,4145.0,0.9435688680286749,0.8628083333333334,1.8,0.814119082409041
新宿区|改代町,新宿区,改代町,628.0,0.8750424302279889,0.6697530864197531,1.75,0.586062368393437
新宿区|水道町,新宿区,水道町,1033.0,0.9327043921192436,0.958561320754717,4.32,0.8940543539835476
新宿区|早稲田鶴巻町,新宿区,早稲田鶴巻町,5735.0,0.16837924545561264,0.29145658263305324,0.83,0.04907523946682492
新宿区|住吉町,新宿区,住吉町,2784.0,0.0,0.0,0.0,0.0
新宿区|市谷台町,新宿区,市谷台町,1518.0,0.0,0.0,0.0,0.0
新宿区|河田町,新宿区,河田町,2986.0,0.0,0.0,0.0,0.0
新宿区|若松町,新宿区,若松町,5964.0,0.0,0.0,0.0,0.0
新宿区|余丁町,新宿区,余丁町,4097.0,0.0,0.0,0.0,0.0
新宿区|戸山1丁目,新宿区,戸山１丁目,2560.0,0.0,0.0,0.0,0.0
新宿区|戸山2丁目,新宿区,戸山２丁目,5232.0,0.0,0.0,0.0,0.0
新宿区|戸山3丁目,新宿区,戸山３丁目,1126.0,0.0,0.0,0.0,0.0
新宿区|富久町,新宿区,富久町,7188.0,0.0,0.0,0.0,0.0
新宿区|百人町1丁目,新宿区,百人町１丁目,3661.0,0.0,0.0,0.0,0.0
新宿区|百人町2丁目,新宿区,百人町２丁目,4675.0,0.0,0.0,0.0,0.0
新宿区|百人町3丁目,新宿区,百人町３丁目,5718.0,0.0,0.0,0.0,0.0
新宿区|百人町4丁目,新宿区,百人町４丁目,2768.0,0.0,0.0,0.0,0.0
新宿区|大久保1丁目,新宿区,大久保１丁目,3740.0,0.0,0.0,0.0,0.0
新宿区|大久保2丁目,新宿区,大久保２丁目,7674.0,0.0,0.0,0.0,0.0
新宿区|大久保3丁目,新宿区,大久保３丁目,4863.0,0.0,0.0,0.0,0.0
新宿区|戸塚町1丁目,新宿区,戸塚町１丁目,205.0,0.0,0.0,0.0,0.0
新宿区|西早稲田1丁目,新宿区,西早稲田１丁目,5806.0,0.0,0.0,0.0,0.0
新宿区|西早稲田2丁目,新宿区,西早稲田２丁目,6313.0,0.0,0.0,0.0,0.0
新宿区|西早稲田3丁目,新宿区,西早稲田３丁目,7037.0,0.0,0.0,0.0,0.0
新宿区|高田馬場1丁目,新宿区,高田馬場１丁目,4505.0,0.0,0.0,0.0,0.0
新宿区|高田馬場2丁目,新宿区,高田馬場２丁目,1984.0,0.0,0.0,0.0,0.0
新宿区|高田馬場3丁目,新宿区,高田馬場３丁目,6028.0,0.0,0.0,0.0,0.0
新宿区|高田馬場4丁目,新宿区,高田馬場４丁目,6617.0,0.0,0.0,0.0,0.0
新宿区|下落合1丁目,新宿区,下落合１丁目,2793.0,0.0,0.0,0.0,0.0
新宿区|下落合2丁目,新宿区,下落合２丁目,3869.0,0.0,0.0,0.0,0.0
新宿区|下落合3丁目,新宿区,下落合３丁目,4630.0,0.0,0.0,0.0,0.0
新宿区|下落合4丁目,新宿区,下落合４丁目,4534.0,0.0,0.0,0.0,0.0
新宿区|中落合1丁目,新宿区,中落合１丁目,4002.0,0.0,0.0,0.0,0.0
新宿区|中落合2丁目,新宿区,中落合２丁目,5132.0,0.0,0.0,0.0,0.0
新宿区|中落合3丁目,新宿区,中落合３丁目,4307.0,0.0,0.0,0.0,0.0
新宿区|中落合4丁目,新宿区,中落合４丁目,3103.0,0.0,0.0,0.0,0.0
新宿区|上落合1丁目,新宿区,上落合１丁目,5470.0,0.0,0.0,0.0,0.0
新宿区|上落合2丁目,新宿区,上落合２丁目,4924.0,0.0,0.0,0.0,0.0
新宿区|上落合3丁目,新宿区,上落合３丁目,4757.0,0.0,0.0,0.0,0.0
新宿区|西落合1丁目,新宿区,西落合１丁目,4611.0,0.0,0.0,0.0,0.0
新宿区|西落合2丁目,新宿区,西落合２丁目,4344.0,0.0,0.0,0.0,0.0
新宿区|西落合3丁目,新宿区,西落合３丁目,3257.0,0.0,0.0,0.0,0.0
新宿区|西落合4丁目,新宿区,西落合４丁目,2334.0,0.0,0.0,0.0,0.0
新宿区|中井1丁目,新宿区,中井１丁目,1740.0,0.0,0.0,0.0,0.0
新宿区|中井2丁目,新宿区,中井２丁目,3334.0,0.0,0.0,0.0,0.0
新宿区|北新宿1丁目,新宿区,北新宿１丁目,7409.0,0.0,0.0,0.0,0.0
新宿区|北新宿2丁目,新宿区,北新宿２丁目,5400.0,0.0,0.0,0.0,0.0
新宿区|北新宿3丁目,新宿区,北新宿３丁目,7093.0,0.0,0.0,0.0,0.0
新宿区|北新宿4丁目,新宿区,北新宿４丁目,6346.0,0.0,0.0,0.0,0.0
新宿区|西新宿1丁目,新宿区,西新宿１丁目,43.0,0.0,0.0,0.0,0.0
新宿区|西新宿2丁目,新宿区,西新宿２丁目,6.0,0.0,0.0,0.0,0.0
新宿区|西新宿3丁目,新宿区,西新宿３丁目,2084.0,0.0,0.0,0.0,0.0
新宿区|西新宿4丁目,新宿区,西新宿４丁目,7324.0,0.0,0.0,0.0,0.0
新宿区|西新宿5丁目,新宿区,西新宿５丁目,4407.0,0.0,0.0,0.0,0.0
新宿区|西新宿6丁目,新宿区,西新宿６丁目,3645.0,0.0,0.0,0.0,0.0
新宿区|西新宿7丁目,新宿区,西新宿７丁目,2334.0,0.0,0.0,0.0,0.0
新宿区|西新宿8丁目,新宿区,西新宿８丁目,3232.0,0.0,0.0,0.0,0.0
文京区|後楽1丁目,文京区,後楽１丁目,685.0,0.4011416419427357,0.7897190201729107,3.29,0.31678918442556986
文京区|後楽2丁目,文京区,後楽２丁目,1394.0,0.805938529063776,1.168060538116592,3.3,0.9413849919471289
文京区|春日1丁目,文京区,春日１丁目,1541.0,0.0,0.0,0.0,0.0
文京区|春日2丁目,文京区,春日２丁目,4367.0,0.0,0.0,0.0,0.0
文京区|小石川1丁目,文京区,小石川１丁目,5067.0,0.0,0.0,0.0,0.0
文京区|小石川2丁目,文京区,小石川２丁目,4437.0,0.0,0.0,0.0,0.0
文京区|小石川3丁目,文京区,小石川３丁目,5829.0,0.0,0.0,0.0,0.0
文京区|小石川4丁目,文京区,小石川４丁目,4207.0,0.0,0.0,0.0,0.0
文京区|小石川5丁目,文京区,小石川５丁目,6098.0,0.0,0.0,0.0,0.0
文京区|白山1丁目,文京区,白山１丁目,5285.0,0.0,0.0,0.0,0.0
文京区|白山2丁目,文京区,白山２丁目,4343.0,0.0,0.0,0.0,0.0
文京区|白山3丁目,文京区,白山３丁目,1023.0,0.0,0.0,0.0,0.0
文京区|白山4丁目,文京区,白山４丁目,4562.0,0.0,0.0,0.0,0.0
文京区|白山5丁目,文京区,白山５丁目,3737.0,0.0,0.0,0.0,0.0
文京区|千石1丁目,文京区,千石１丁目,4093.0,0.0,0.0,0.0,0.0
文京区|千石2丁目,文京区,千石２丁目,4893.0,0.0,0.0,0.0,0.0
文京区|千石3丁目,文京区,千石３丁目,4925.0,0.0,0.0,0.0,0.0
文京区|千石4丁目,文京区,千石４丁目,6041.0,0.0,0.0,0.0,0.0
文京区|水道1丁目,文京区,水道１丁目,2725.0,0.7723757958495737,1.4939495798319329,3.91,1.1538904956818254
文京区|水道2丁目,文京区,水道２丁目,4052.0,0.6580684046727006,1.0501355013550135,3.07,0.6910609940668604
文京区|小日向1丁目,文京区,小日向１丁目,2424.0,0.000541067798709872,0.11,0.11,5.9517457858085924e-05
文京区|小日向2丁目,文京区,小日向２丁目,2764.0,0.0,0.0,0.0,0.0
文京区|小日向3丁目,文京区,小日向３丁目,1395.0,0.0,0.0,0.0,0.0
文京区|小日向4丁目,文京区,小日向４丁目,1905.0,0.0,0.0,0.0,0.0
文京区|大塚1丁目,文京区,大塚󠄄１丁目,1224.0,0.0,0.0,0.0,0.0
文京区|大塚2丁目,文京区,大塚󠄄２丁目,2500.0,0.0,0.0,0.0,0.0
文京区|大塚3丁目,文京区,大塚󠄄３丁目,4363.0,0.0,0.0,0.0,0.0
文京区|大塚4丁目,文京区,大塚󠄄４丁目,3519.0,0.0,0.0,0.0,0.0
文京区|大塚5丁目,文京区,大塚󠄄５丁目,4582.0,0.0,0.0,0.0,0.0
文京区|大塚6丁目,文京区,大塚󠄄６丁目,4129.0,0.0,0.0,0.0,0.0
文京区|関口1丁目,文京区,関口１丁目,5671.0,0.6897261099078963,1.1249697493517719,4.49,0.7759210089844587
文京区|関口2丁目,文京区,関口２丁目,1290.0,0.020556696061631536,2.3949999999999996,4.38,0.04923328706760752
文京区|関口3丁目,文京区,関口３丁目,1222.0,0.0,0.0,0.0,0.0
文京区|目白台1丁目,文京区,目白台１丁目,2139.0,0.0,0.0,0.0,0.0
文京区|目白台2丁目,文京区,目白台２丁目,2307.0,0.0,0.0,0.0,0.0
文京区|目白台3丁目,文京区,目白台３丁目,3257.0,0.0,0.0,0.0,0.0
文京区|音羽1丁目,文京区,音羽１丁目,4318.0,0.0,0.0,0.0,0.0
文京区|音羽2丁目,文京区,音羽２丁目,1785.0,0.0,0.0,0.0,0.0
文京区|本郷1丁目,文京区,本郷１丁目,4728.0,0.0,0.0,0.0,0.0
文京区|本郷2丁目,文京区,本郷２丁目,3573.0,0.0004965181833738893,0.72,0.72,0.00035749309202920025
文京区|本郷3丁目,文京区,本郷３丁目,3468.0,0.0006025588597958243,0.31,0.31,0.00018679324653670553
文京区|本郷4丁目,文京区,本郷４丁目,4473.0,0.0,0.0,0.0,0.0
文京区|本郷5丁目,文京区,本郷５丁目,3655.0,0.0,0.0,0.0,0.0
文京区|本郷6丁目,文京区,本郷６丁目,2176.0,0.0,0.0,0.0,0.0
文京区|本郷7丁目,文京区,本郷７丁目,495.0,0.0,0.0,0.0,0.0
文京区|湯島1丁目,文京区,湯島１丁目,876.0,0.004211044180172784,0.6733333333333333,1.18,0.002835436414649675
文京区|湯島2丁目,文京区,湯島２丁目,4006.0,0.0,0.0,0.0,0.0
文京区|湯島3丁目,文京区,湯島３丁目,4294.0,0.0,0.0,0.0,0.0
文京区|湯島4丁目,文京区,湯島４丁目,2226.0,0.0,0.0,0.0,0.0
文京区|西片1丁目,文京区,西片１丁目,2583.0,0.0,0.0,0.0,0.0
文京区|西片2丁目,文京区,西片２丁目,3103.0,0.0,0.0,0.0,0.0
文京区|向丘1丁目,文京区,向丘１丁目,3817.0,0.0,0.0,0.0,0.0
文京区|向丘2丁目,文京区,向丘２丁目,3351.0,0.0,0.0,0.0,0.0
文京区|弥生1丁目,文京区,弥生１丁目,459.0,0.0,0.0,0.0,0.0
文京区|弥生2丁目,文京区,弥生２丁目,1641.0,0.0,0.0,0.0,0.0
文京区|根津1丁目,文京区,根津１丁目,2694.0,0.0,0.0,0.0,0.0
文京区|根津2丁目,文京区,根津２丁目,3814.0,0.0,0.0,0.0,0.0
文京区|千駄木1丁目,文京区,千駄木１丁目,1717.0,0.0,0.0,0.0,0.0
文京区|千駄木2丁目,文京区,千駄木２丁目,4621.0,0.0,0.0,0.0,0.0
文京区|千駄木3丁目,文京区,千駄木３丁目,6794.0,0.0,0.0,0.0,0.0
文京区|千駄木4丁目,文京区,千駄木４丁目,3291.0,0.0,0.0,0.0,0.0
文京区|千駄木5丁目,文京区,千駄木５丁目,4946.0,0.0,0.0,0.0,0.0
文京区|本駒込1丁目,文京区,本駒込１丁目,4826.0,0.0,0.0,0.0,0.0
文京区|本駒込2丁目,文京区,本駒込２丁目,5455.0,0.0,0.0,0.0,0.0
文京区|本駒込3丁目,文京区,本駒込３丁目,3580.0,0.0,0.0,0.0,0.0
文京区|本駒込4丁目,文京区,本駒込４丁目,4078.0,0.0,0.0,0.0,0.0
文京区|本駒込5丁目,文京区,本駒込５丁目,6480.0,0.0,0.0,0.0,0.0
文京区|本駒込6丁目,文京区,本駒込６丁目,4027.0,0.0,0.0,0.0,0.0
台東区|台東1丁目,台東区,台東１丁目,2458.0,1.0,0.8479119850187267,1.38,0.8479119850187267
台東区|台東2丁目,台東区,台東２丁目,2540.0,0.9982091899333134,1.016409666283084,1.55,1.0145894696208266
台東区|台東3丁目,台東区,台東３丁目,3088.0,0.997595374443373,0.9029444444444444,1.5,0.9007732011571189
台東区|台東4丁目,台東区,台東４丁目,1773.0,0.9998985788833424,0.8511313131313132,1.44,0.8510449904431132
台東区|柳橋1丁目,台東区,柳橋１丁目,1650.0,0.6549040775757525,0.5911194029850746,1.94,0.38712650734906984
台東区|柳橋2丁目,台東区,柳橋２丁目,2435.0,0.7858375331226619,0.6735759493670886,1.92,0.529321262421388
台東区|浅草橋1丁目,台東区,浅草橋１丁目,1404.0,0.8872741558187006,0.7966073697585768,2.78,0.7068091315214967
台東区|浅草橋2丁目,台東区,浅草橋２丁目,1899.0,0.9400365118261281,0.6653314121037464,1.57,0.6254358198423579
台東区|浅草橋3丁目,台東区,浅草橋３丁目,2202.0,0.9537217579127926,0.8536604361370715,1.55,0.814154531813249
台東区|浅草橋4丁目,台東区,浅草橋４丁目,839.0,0.9971540324099311,0.7553779069767442,1.41,0.7532281259352342
台東区|浅草橋5丁目,台東区,浅草橋５丁目,2408.0,0.9997347812790349,1.0449612403100776,1.6,1.0446840970264646
台東区|鳥越1丁目,台東区,鳥越１丁目,2007.0,0.9996175599249453,0.8627732793522267,2.49,0.862443320274516
台東区|鳥越2丁目,台東区,鳥越２丁目,1504.0,0.7411565249643989,0.7246814404432134,1.36,0.537102378105087
台東区|蔵前1丁目,台東区,蔵前１丁目,1297.0,0.5191663292240453,0.5239256198347108,2.66,0.27200454083601944
台東区|蔵前2丁目,台東区,蔵前２丁目,2063.0,0.3242458385248764,0.3512224938875306,1.31,0.11388243203936062
台東区|蔵前3丁目,台東区,蔵前３丁目,1433.0,0.7264969955794887,0.7927551020408163,1.34,0.575934199862964
台東区|蔵前4丁目,台東区,蔵前４丁目,3726.0,0.9925458243183486,1.1530452261306532,1.75,1.1444502244461858
台東区|小島1丁目,台東区,小島１丁目,1865.0,0.9977928795044828,0.9716075650118203,1.55,0.9694631100414832
台東区|小島2丁目,台東区,小島２丁目,1605.0,0.9996212635339876,1.0799669966996701,1.62,1.07955797381593
台東区|三筋1丁目,台東区,三筋１丁目,2696.0,1.0,1.0873211314475875,1.56,1.0873211314475875
台東区|三筋2丁目,台東区,三筋２丁目,2115.0,1.0,1.3116230366492148,1.98,1.3116230366492148
台東区|秋葉原,台東区,秋葉原,73.0,0.9364046094719383,0.41541062801932366,0.99,0.3889924269009274
台東区|上野1丁目,台東区,上野１丁目,726.0,0.029281977551156683,0.09875,0.22,0.002891595283176723
台東区|上野2丁目,台東区,上野２丁目,135.0,0.0,0.0,0.0,0.0
台東区|上野3丁目,台東区,上野３丁目,782.0,0.10871773991090258,0.11374999999999999,0.27,0.012366642914865169
台東区|上野4丁目,台東区,上野４丁目,25.0,0.0,0.0,0.0,0.0
台東区|上野5丁目,台東区,上野５丁目,592.0,0.8276016844470933,0.37730352303523035,2.34,0.3122570312117793
台東区|上野6丁目,台東区,上野６丁目,184.0,0.5852768424252119,0.4363197969543147,0.9,0.2553678730490309
台東区|上野7丁目,台東区,上野７丁目,1313.0,0.2290822499984841,0.24403688524590164,0.76,0.05590451875475301
台東区|東上野1丁目,台東区,東上野１丁目,1620.0,0.9943718528878727,0.7237769784172662,2.82,0.7197034551063628
台東区|東上野2丁目,台東区,東上野２丁目,938.0,1.0,0.6932278481012658,1.15,0.6932278481012658
台東区|東上野3丁目,台東区,東上野３丁目,1534.0,0.9857663747810471,0.6511721991701245,1.12,0.6419036581341356
台東区|東上野4丁目,台東区,東上野４丁目,1223.0,0.9978997035472578,0.5614131607335491,1.05,0.5602340266635376
台東区|東上野5丁目,台東区,東上野５丁目,2130.0,0.9979896413157198,0.765,2.33,0.7634620756065257
台東区|東上野6丁目,台東区,東上野６丁目,2234.0,0.9965561488014539,0.7756481481481481,2.42,0.7729769313434981
台東区|元浅草1丁目,台東区,元浅草１丁目,2202.0,0.9993103155033608,0.9034008683068018,1.42,0.9027778067336801
台東区|元浅草2丁目,台東区,元浅草２丁目,1043.0,0.9893872031647636,0.8048000000000001,1.26,0.7962588211070019
台東区|元浅草3丁目,台東区,元浅草３丁目,2349.0,0.984427218270384,0.9419859154929576,1.58,0.9273165744386134
台東区|元浅草4丁目,台東区,元浅草４丁目,1801.0,1.0,0.7634301270417423,1.16,0.7634301270417423
台東区|寿1丁目,台東区,寿１丁目,1980.0,1.0,1.185145482388974,1.64,1.185145482388974
台東区|寿2丁目,台東区,寿２丁目,930.0,1.0,0.9133333333333333,1.62,0.9133333333333333
台東区|寿3丁目,台東区,寿３丁目,2606.0,0.47614219265916047,0.6023208191126279,1.26,0.28679035549654824
台東区|寿4丁目,台東区,寿４丁目,1135.0,0.3133090385796846,0.4425,0.89,0.13863924957151044
台東区|駒形1丁目,台東区,駒形１丁目,1735.0,0.0,0.0,0.0,0.0
台東区|駒形2丁目,台東区,駒形２丁目,841.0,0.0,0.0,0.0,0.0
台東区|北上野1丁目,台東区,北上野１丁目,1144.0,0.9835148189402241,0.5620763723150358,0.99,0.5528104415480004
台東区|北上野2丁目,台東区,北上野２丁目,3410.0,1.0,0.669688796680498,1.23,0.669688796680498
台東区|下谷1丁目,台東区,下谷１丁目,2114.0,0.398777107639173,0.32856643356643356,0.77,0.13102477204494087
台東区|下谷2丁目,台東区,下谷２丁目,3282.0,0.4932698492048447,0.42725768321513,1.49,0.2107533329711385
台東区|下谷3丁目,台東区,下谷３丁目,2294.0,0.8973546494423309,0.6456958393113343,1.51,0.579418163531594
台東区|根岸1丁目,台東区,根岸１丁目,1142.0,0.0,0.0,0.0,0.0
台東区|根岸2丁目,台東区,根岸２丁目,2175.0,0.0,0.0,0.0,0.0
台東区|根岸3丁目,台東区,根岸３丁目,3940.0,0.0,0.0,0.0,0.0
台東区|根岸4丁目,台東区,根岸４丁目,2920.0,0.08515585321427693,0.1517948717948718,0.37,0.01292622182124409
台東区|根岸5丁目,台東区,根岸５丁目,4143.0,0.07966857561731071,0.11858823529411765,0.36,0.009447755790852847
台東区|入谷1丁目,台東区,入谷１丁目,3489.0,1.0,0.7521106094808127,1.58,0.7521106094808127
台東区|入谷2丁目,台東区,入谷２丁目,3225.0,0.9942559932471243,0.877764705882353,1.36,0.8727228194843288
台東区|竜泉1丁目,台東区,竜泉１丁目,2695.0,1.0,0.8760514018691589,1.54,0.8760514018691589
台東区|竜泉2丁目,台東区,竜泉２丁目,3329.0,0.9442979408784741,0.9133009708737864,1.31,0.8624282261984277
台東区|竜泉3丁目,台東区,竜泉３丁目,3487.0,0.9965144163745789,0.9375600739371535,1.44,0.9342921298955895
台東区|松が谷1丁目,台東区,松が谷１丁目,1280.0,0.998129282909252,0.9974534161490684,1.41,0.9955874629962532
台東区|松が谷2丁目,台東区,松が谷２丁目,2549.0,0.9995575163962845,0.9660487804878048,1.36,0.9656213197420497
台東区|松が谷3丁目,台東区,松が谷３丁目,2543.0,0.9926710207919406,0.8031143552311435,1.25,0.7972283468199604
台東区|松が谷4丁目,台東区,松が谷４丁目,2694.0,0.9995944704194349,0.7567937608318891,1.14,0.7564868585754847
台東区|西浅草1丁目,台東区,西浅草１丁目,926.0,0.9201713659719504,0.6433383458646618,1.34,0.5919815244964208
台東区|西浅草2丁目,台東区,西浅草２丁目,2775.0,0.9987674485477501,0.7724615384615384,1.13,0.7715094398705005
台東区|西浅草3丁目,台東区,西浅草３丁目,4515.0,0.9921346975831099,0.769802683504341,1.42,0.7637479525972458
台東区|雷門1丁目,台東区,雷門１丁目,1320.0,0.3843497559707996,0.3714351851851852,0.88,0.1427610227848947
台東区|雷門2丁目,台東区,雷門２丁目,1400.0,0.0,0.0,0.0,0.0
台東区|浅草1丁目,台東区,浅草１丁目,1451.0,0.3751388446447002,0.5935714285714285,0.98,0.2226716999283899
台東区|浅草2丁目,台東区,浅草２丁目,2369.0,0.5352862135140015,0.6752989130434782,1.83,0.36147819815316445
台東区|浅草3丁目,台東区,浅草３丁目,3250.0,0.7914256985763505,0.8068119891008175,1.33,0.6385317420938894
台東区|浅草4丁目,台東区,浅草４丁目,2701.0,0.8456092958802768,0.8440658174097665,1.43,0.7137499015364829
台東区|浅草5丁目,台東区,浅草５丁目,4966.0,0.9936600796625726,0.6852022401991288,1.45,0.6808581125812395
台東区|浅草6丁目,台東区,浅草６丁目,4148.0,0.2793221238802447,0.40946022727272724,1.07,0.11437130032630587
台東区|浅草7丁目,台東区,浅草７丁目,744.0,0.0,0.0,0.0,0.0
台東区|花川戸1丁目,台東区,花川戸１丁目,1107.0,0.0,0.0,0.0,0.0
台東区|花川戸2丁目,台東区,花川戸２丁目,1131.0,0.0,0.0,0.0,0.0
台東区|千束1丁目,台東区,千束１丁目,2025.0,0.9873665896885986,0.9256876061120544,1.4,0.9139930147638619
台東区|千束2丁目,台東区,千束２丁目,2446.0,1.0,1.0755555555555556,1.5,1.0755555555555556
台東区|千束3丁目,台東区,千束３丁目,3907.0,0.9388523576598136,0.8211121076233183,1.8,0.770903038145171
台東区|千束4丁目,台東区,千束４丁目,3133.0,0.38649436945459437,0.3989516129032258,1.11,0.15419255207192567
台東区|今戸1丁目,台東区,今戸１丁目,1491.0,0.2566143017627557,0.5531590413943355,1.3,0.14194852117116266
台東区|今戸2丁目,台東区,今戸２丁目,3273.0,0.814127846909015,0.9813519470977222,1.68,0.7989459477506381
台東区|東浅草1丁目,台東区,東浅草１丁目,2212.0,0.9699955572945735,0.5535924006908463,1.22,0.5369821692221582
台東区|東浅草2丁目,台東区,東浅草２丁目,1800.0,0.9358822105541151,0.8087207872078721,1.53,0.7568673980531675
台東区|橋場1丁目,台東区,橋場１丁目,3605.0,0.7388953883745084,0.9708445642407906,1.69,0.7173525713459793
台東区|橋場2丁目,台東区,橋場２丁目,1926.0,0.7725486796116369,1.080747663551402,1.75,0.8349301804699971
台東区|清川1丁目,台東区,清川１丁目,2286.0,1.0,1.1110508182601206,1.65,1.1110508182601206
台東区|清川2丁目,台東区,清川２丁目,3533.0,1.0,1.1780291411042945,1.74,1.1780291411042945
台東区|日本堤1丁目,台東区,日本堤１丁目,2829.0,0.9697216581587113,0.9716222760290557,1.58,0.942203164614837
台東区|日本堤2丁目,台東区,日本堤２丁目,3607.0,0.9796473592559958,0.91542,2.96,0.8967887856101237
台東区|三の輪1丁目,台東区,三ノ輪１丁目,2359.0,0.8903270913414248,0.8208465608465608,1.42,0.7308219309561305
台東区|三の輪2丁目,台東区,三ノ輪２丁目,949.0,0.803351978529776,0.6829430379746836,1.21,0.548643640780098
台東区|池之端1丁目,台東区,池之端１丁目,1297.0,0.0,0.0,0.0,0.0
台東区|池之端2丁目,台東区,池之端２丁目,2674.0,0.0,0.0,0.0,0.0
台東区|池之端3丁目,台東区,池之端３丁目,525.0,0.0,0.0,0.0,0.0
台東区|池之端4丁目,台東区,池之端４丁目,1497.0,0.0,0.0,0.0,0.0
台東区|上野公園,台東区,上野公園,195.0,0.0,0.0,0.0,0.0
台東区|上野桜木1丁目,台東区,上野桜木１丁目,1349.0,0.0,0.0,0.0,0.0
台東区|上野桜木2丁目,台東区,上野桜木２丁目,1076.0,0.0,0.0,0.0,0.0
台東区|谷中1丁目,台東区,谷中１丁目,803.0,0.0,0.0,0.0,0.0
台東区|谷中2丁目,台東区,谷中２丁目,1707.0,0.0,0.0,0.0,0.0
台東区|谷中3丁目,台東区,谷中３丁目,3153.0,0.0,0.0,0.0,0.0
台東区|谷中4丁目,台東区,谷中４丁目,477.0,0.0,0.0,0.0,0.0
台東区|谷中5丁目,台東区,谷中５丁目,798.0,0.0,0.0,0.0,0.0
台東区|谷中6丁目,台東区,谷中６丁目,327.0,0.0,0.0,0.0,0.0
台東区|谷中7丁目,台東区,谷中７丁目,1029.0,0.0,0.0,0.0,0.0
墨田区|両国1丁目,墨田区,両国一丁目,1961.0,0.579061623326747,1.2866723259762307,2.34,0.7450625657693976
墨田区|両国2丁目,墨田区,両国二丁目,2282.0,0.9618229967986467,1.8209921671018279,4.52,1.7514721433087421
墨田区|両国3丁目,墨田区,両国三丁目,2163.0,0.9298820126392728,2.2070639032815196,2.92,2.0523090244069087
墨田区|両国4丁目,墨田区,両国四丁目,2273.0,0.95725492519078,2.006789587852494,2.67,1.9210092167933757
墨田区|千歳1丁目,墨田区,千歳一丁目,2049.0,0.6059716312357039,1.8135593220338984,3.34,1.0989655007155985
墨田区|千歳2丁目,墨田区,千歳二丁目,1092.0,0.9363058169153674,2.0055955056179777,2.69,1.87785073828943
墨田区|千歳3丁目,墨田区,千歳三丁目,2487.0,0.9498686207266333,2.0264199655765918,2.69,1.9248327377151488
墨田区|緑1丁目,墨田区,緑一丁目,3715.0,0.9438907976931761,2.0334806629834254,2.59,1.919383685077074
墨田区|緑2丁目,墨田区,緑二丁目,3567.0,0.9533670504558407,2.4348997772828507,3.02,2.321353218823735
墨田区|緑3丁目,墨田区,緑三丁目,3536.0,0.9532134050266713,2.707794285714286,5.79,2.5811058111974776
墨田区|緑4丁目,墨田区,緑四丁目,5305.0,0.952486296055794,2.8761101398601396,4.26,2.739455494163896
墨田区|立川1丁目,墨田区,立川一丁目,1411.0,0.943398967492371,2.1722338568935426,2.99,2.049283177745339
墨田区|立川2丁目,墨田区,立川二丁目,1586.0,0.9356786507652222,2.4470808678500986,3.08,2.2896813247433694
墨田区|立川3丁目,墨田区,立川三丁目,1923.0,0.9385525042202475,2.8487034035656404,3.46,2.673657713197274
墨田区|立川4丁目,墨田区,立川四丁目,2018.0,0.8993013417158688,2.8350858652575956,4.19,2.549596522505851
墨田区|菊川1丁目,墨田区,菊川一丁目,1893.0,1.0,2.558464912280702,3.36,2.558464912280702
墨田区|菊川2丁目,墨田区,菊川二丁目,2464.0,0.9995656150515334,2.865873493975904,3.28,2.8646286016659115
墨田区|菊川3丁目,墨田区,菊川三丁目,4085.0,0.9696987819752976,2.96751376146789,3.69,2.877594479990347
墨田区|江東橋1丁目,墨田区,江東橋一丁目,1726.0,0.99517935384228,2.889502551020408,5.62,2.8755732816501096
墨田区|江東橋2丁目,墨田区,江東橋二丁目,2445.0,0.998108466215582,3.273457675753228,4.12,3.2672658199676787
墨田区|江東橋3丁目,墨田区,江東橋三丁目,729.0,0.9960881463598068,3.3410491367861885,4.58,3.327979441558387
墨田区|江東橋4丁目,墨田区,江東橋四丁目,2710.0,0.9437819957129414,3.111955941255007,4.75,2.9370079888083955
墨田区|江東橋5丁目,墨田区,江東橋五丁目,3260.0,0.923691234568221,2.8026770126091174,3.88,2.588808189872889
墨田区|横網1丁目,墨田区,横網一丁目,306.0,0.770220112811361,1.5890096038415367,4.55,1.2238871563291644
墨田区|横網2丁目,墨田区,横網二丁目,1271.0,0.8051978657944974,1.7617422680412371,3.04,1.4185511143067615
墨田区|亀沢1丁目,墨田区,亀沢一丁目,2208.0,0.9997280610621382,2.3605648267008985,2.74,2.3599228972091715
墨田区|亀沢2丁目,墨田区,亀沢二丁目,2118.0,0.9996576555522094,2.4357385620915033,3.06,2.434904700518502
墨田区|亀沢3丁目,墨田区,亀沢三丁目,2192.0,0.9995135036414332,2.8770604026845636,3.47,2.875660723275281
墨田区|亀沢4丁目,墨田区,亀沢四丁目,3234.0,0.9970140823693354,3.033793793793794,3.74,3.0247351354171044
墨田区|石原1丁目,墨田区,石原一丁目,2823.0,1.0,2.656108647450111,3.23,2.656108647450111
墨田区|石原2丁目,墨田区,石原二丁目,2546.0,0.9957467577994186,2.5320449172576835,3.24,2.5212755169618353
墨田区|石原3丁目,墨田区,石原三丁目,3123.0,1.0,2.781476846057572,3.26,2.781476846057572
墨田区|石原4丁目,墨田区,石原四丁目,2977.0,1.0,2.8303494623655916,3.57,2.8303494623655916
墨田区|本所1丁目,墨田区,本所一丁目,3307.0,0.8186695735417622,1.6169948186528498,2.78,1.3237844586057677
墨田区|本所2丁目,墨田区,本所二丁目,1708.0,1.0,2.6925106382978723,3.36,2.6925106382978723
墨田区|本所3丁目,墨田区,本所三丁目,2029.0,0.9983309017528846,2.952770919067216,3.31,2.9478424543020676
墨田区|本所4丁目,墨田区,本所四丁目,2811.0,1.0,2.762866927592955,3.63,2.762866927592955
墨田区|東駒形1丁目,墨田区,東駒形一丁目,1437.0,0.7391528884457454,1.4264329268292684,2.07,1.0543520180399724
墨田区|東駒形2丁目,墨田区,東駒形二丁目,1512.0,0.9987292176170388,1.7325253991291727,2.62,1.7303237363739266
墨田区|東駒形3丁目,墨田区,東駒形三丁目,1683.0,0.9979883177510894,2.383205317577548,3.25,2.378411065744668
墨田区|東駒形4丁目,墨田区,東駒形四丁目,2760.0,0.9981756189333952,2.519721689059501,3.11,2.5151247565168675
墨田区|吾妻橋1丁目,墨田区,吾妻橋一丁目,2261.0,0.625567121575244,1.4489700598802397,2.31,0.9064280296079905
墨田区|吾妻橋2丁目,墨田区,吾妻橋二丁目,1494.0,0.9517462220422244,1.5004355108877723,2.43,1.428033828905432
墨田区|吾妻橋3丁目,墨田区,吾妻橋三丁目,1728.0,0.9367194667728095,2.066233766233766,2.97,1.9354813917344673
墨田区|錦糸1丁目,墨田区,錦糸一丁目,2143.0,0.7878577496784263,3.1195394736842106,4.3,2.4577533497698645
墨田区|錦糸2丁目,墨田区,錦糸二丁目,663.0,0.9906475743596203,3.621375,4.12,3.5875063595965697
墨田区|錦糸3丁目,墨田区,錦糸三丁目,720.0,1.0,3.749850299401198,5.97,3.749850299401198
墨田区|錦糸4丁目,墨田区,錦糸四丁目,1871.0,0.8195916899498444,3.324290348742904,4.09,2.7245607448101543
墨田区|太平1丁目,墨田区,太平一丁目,3665.0,0.9964647738507885,3.215788964181994,3.8,3.2044204229454722
墨田区|太平2丁目,墨田区,太平二丁目,1368.0,1.0,3.5144016227180526,3.9,3.5144016227180526
墨田区|太平3丁目,墨田区,太平三丁目,1536.0,0.997563509074725,3.630852390852391,4.7,3.622005851951066
墨田区|太平4丁目,墨田区,太平四丁目,4612.0,0.9506367633588174,3.3053367003367002,4.07,3.142174582619194
墨田区|横川1丁目,墨田区,横川一丁目,1625.0,1.0,2.7699686520376177,3.76,2.7699686520376177
墨田区|横川2丁目,墨田区,横川二丁目,1624.0,1.0,3.3367749419953596,3.89,3.3367749419953596
墨田区|横川3丁目,墨田区,横川三丁目,1264.0,1.0,3.4735334872979213,3.92,3.4735334872979213
墨田区|横川4丁目,墨田区,横川四丁目,1281.0,0.9957970701443866,3.55181640625,4.06,3.536888371034514
墨田区|横川5丁目,墨田区,横川五丁目,2922.0,0.9210564776522794,3.0801694915254236,4.0,2.837010062436419
墨田区|業平1丁目,墨田区,業平一丁目,3027.0,0.963228110284161,2.591889352818372,3.77,2.4965806833808775
墨田区|業平2丁目,墨田区,業平二丁目,1245.0,0.9734000144787985,3.1583892617449667,3.68,3.0743761531122322
墨田区|業平3丁目,墨田区,業平三丁目,1407.0,0.9778507798613372,3.291967213114754,3.82,3.219052706622215
墨田区|業平4丁目,墨田区,業平四丁目,2188.0,0.9847109077029114,3.2937921348314605,3.76,3.2434330428745977
墨田区|業平5丁目,墨田区,業平五丁目,2290.0,0.8857003951142505,3.028921389396709,4.0,2.6827168713586698
墨田区|向島1丁目,墨田区,向島一丁目,2340.0,0.7699546961275501,2.024719592134013,3.05,1.5589423583050412
墨田区|向島2丁目,墨田区,向島二丁目,2843.0,0.7265729358358285,2.324798877455566,3.23,1.6891359456207289
墨田区|向島3丁目,墨田区,向島三丁目,4774.0,0.9994576446487763,2.9020503597122302,3.58,2.9004764171701196
墨田区|向島4丁目,墨田区,向島四丁目,2644.0,1.0,3.5804146100691017,5.18,3.5804146100691017
墨田区|向島5丁目,墨田区,向島五丁目,4529.0,0.8073657888081481,2.701390134529148,4.64,2.1810099768426747
墨田区|東向島1丁目,墨田区,東向島一丁目,3238.0,1.0,3.691419068736142,4.2,3.691419068736142
墨田区|東向島2丁目,墨田区,東向島二丁目,5290.0,1.0,3.734868985231062,5.82,3.734868985231062
墨田区|東向島3丁目,墨田区,東向島三丁目,3562.0,0.9977708465104728,3.6898555555555554,4.42,3.6816303011680374
墨田区|東向島4丁目,墨田区,東向島四丁目,3806.0,0.9979467785420437,3.693918770581778,4.34,3.686334337298072
墨田区|東向島5丁目,墨田区,東向島五丁目,4065.0,0.9994130581975056,3.9188486140724943,4.48,3.916548478003248
墨田区|東向島6丁目,墨田区,東向島六丁目,5746.0,0.9987199421828367,3.88353825136612,4.51,3.878567097869206
墨田区|堤通1丁目,墨田区,堤通一丁目,2434.0,0.7262477320473772,2.0965667574931883,3.02,1.5226268527153517
墨田区|堤通2丁目,墨田区,堤通二丁目,3955.0,0.5985282850298201,1.2170316301703161,7.85,0.7284278544328856
墨田区|墨田1丁目,墨田区,墨田一丁目,3259.0,1.0,3.825004608294931,4.62,3.825004608294931
墨田区|墨田2丁目,墨田区,墨田二丁目,4047.0,1.0,3.939884877027734,4.63,3.939884877027734
墨田区|墨田3丁目,墨田区,墨田三丁目,3796.0,1.0,4.142879944482998,4.78,4.142879944482998
墨田区|墨田4丁目,墨田区,墨田四丁目,4864.0,0.5443968528375674,3.914735188509874,4.79,2.131169516317257
墨田区|墨田5丁目,墨田区,墨田五丁目,2826.0,0.5855351363329317,3.4726804946150778,4.51,2.0333764468551525
墨田区|押上1丁目,墨田区,押上一丁目,2332.0,0.9523550541756721,2.9111318681318683,4.98,2.772431147987251
墨田区|押上2丁目,墨田区,押上二丁目,3723.0,0.9947900992052969,3.5142445620223395,7.75,3.4959356964858785
墨田区|押上3丁目,墨田区,押上三丁目,4434.0,1.0,4.049815668202765,5.0,4.049815668202765
墨田区|京島1丁目,墨田区,京島一丁目,7312.0,0.9933142207240632,3.9441592505854803,6.59,3.9177894724069215
墨田区|京島2丁目,墨田区,京島二丁目,1853.0,0.9956558182902109,4.009907894736842,4.78,3.9924881262025873
墨田区|京島3丁目,墨田区,京島三丁目,4158.0,1.0,4.446732782369146,5.05,4.446732782369146
墨田区|文花1丁目,墨田区,文花一丁目,5189.0,0.968734547431528,3.4298599915146375,4.96,3.3226238666334367
墨田区|文花2丁目,墨田区,文花二丁目,2457.0,0.9816601037567028,4.114620462046204,5.37,4.03915874969173
墨田区|文花3丁目,墨田区,文花三丁目,2680.0,0.9989351575851294,4.467458432304038,5.14,4.462701293078649
墨田区|八広1丁目,墨田区,八広一丁目,3380.0,1.0,4.130463182897862,4.92,4.130463182897862
墨田区|八広2丁目,墨田区,八広二丁目,4561.0,0.9981738122439316,4.527598901098901,5.04,4.519330655421325
墨田区|八広3丁目,墨田区,八広三丁目,3578.0,0.9991540936971965,4.450772501771793,4.91,4.4470075652602
墨田区|八広4丁目,墨田区,八広四丁目,4681.0,1.0,4.310290016731734,4.87,4.310290016731734
墨田区|八広5丁目,墨田区,八広五丁目,2972.0,1.0,3.8176518472135252,4.57,3.8176518472135252
墨田区|八広6丁目,墨田区,八広六丁目,4196.0,0.5418599083830445,3.8235067637877216,5.54,2.071805024727966
墨田区|立花1丁目,墨田区,立花一丁目,6087.0,0.951369065204966,4.003808808808809,5.87,3.8090998436958445
墨田区|立花2丁目,墨田区,立花二丁目,1686.0,1.0,4.58799771167048,5.73,4.58799771167048
墨田区|立花3丁目,墨田区,立花三丁目,3045.0,0.8743508385071482,5.059613003095976,6.09,4.423876871778637
墨田区|立花4丁目,墨田区,立花四丁目,3792.0,1.0,5.18633695652174,6.01,5.18633695652174
墨田区|立花5丁目,墨田区,立花五丁目,4494.0,0.9705632150692585,4.273339301700984,5.12,4.147545931740727
墨田区|立花6丁目,墨田区,立花六丁目,2360.0,0.893292282211626,4.579936350777935,5.97,4.091221795170408
墨田区|東墨田1丁目,墨田区,東墨田一丁目,160.0,0.9338987896848595,3.265728971962617,5.05,3.049860334354668
墨田区|東墨田2丁目,墨田区,東墨田二丁目,1663.0,0.7022665147687852,3.8197685869030034,4.69,2.68249557274766
墨田区|東墨田3丁目,墨田区,東墨田三丁目,832.0,0.5153391606622021,3.3662827225130894,5.08,1.734777312771568
江東区|清澄1丁目,江東区,清澄１丁目,1671.0,0.6787940445878394,1.5247533632286994,2.44,1.03499350242492
江東区|清澄2丁目,江東区,清澄２丁目,1216.0,0.9229661111751413,1.7217557251908395,2.54,1.5891221860729243
江東区|清澄3丁目,江東区,清澄３丁目,1108.0,0.9310690091204502,2.548006012024048,4.48,2.3723694328481804
江東区|常盤1丁目,江東区,常盤１丁目,1086.0,0.6449672184429115,1.865653846153846,2.54,1.2032855717311657
江東区|常盤2丁目,江東区,常盤２丁目,1225.0,0.8985176501514317,2.0349699398797596,2.59,1.8284564085095618
江東区|新大橋1丁目,江東区,新大橋１丁目,2174.0,0.5899570036568463,1.9309126213592231,2.57,1.139155424420274
江東区|新大橋2丁目,江東区,新大橋２丁目,2629.0,1.0,2.240953206239168,2.67,2.240953206239168
江東区|新大橋3丁目,江東区,新大橋３丁目,1567.0,0.9963413631463178,2.07177304964539,2.62,2.064193184413492
江東区|森下1丁目,江東区,森下１丁目,1517.0,1.0,2.195651260504202,2.87,2.195651260504202
江東区|森下2丁目,江東区,森下２丁目,1904.0,0.9993142176621413,2.3947390691114245,2.92,2.3930967993540477
江東区|森下3丁目,江東区,森下３丁目,3581.0,0.9560564721150638,2.4158615136876005,3.15,2.3097000358947253
江東区|森下4丁目,江東区,森下４丁目,2544.0,0.9326990548341378,2.5568778801843317,3.25,2.38479758217424
江東区|森下5丁目,江東区,森下５丁目,1519.0,0.86520148687737,2.679555555555556,3.47,2.318355450837184
江東区|平野1丁目,江東区,平野１丁目,1304.0,0.9381695561609794,2.4822774327122152,3.12,2.3287971173160344
江東区|平野2丁目,江東区,平野２丁目,3000.0,0.9562176363911263,2.4574524714828896,3.49,2.3498593938249006
江東区|平野3丁目,江東区,平野３丁目,2435.0,0.9667100610555077,2.7371866666666667,3.91,2.646065889653655
江東区|平野4丁目,江東区,平野４丁目,779.0,0.8454016358536564,1.8820849056603774,3.83,1.5911176580607576
江東区|三好1丁目,江東区,三好１丁目,580.0,1.0,2.545835866261398,3.09,2.545835866261398
江東区|三好2丁目,江東区,三好２丁目,1049.0,0.9883102945219341,2.804400785854617,3.24,2.77161816662552
江東区|三好3丁目,江東区,三好３丁目,1797.0,1.0,2.9705100463678518,3.62,2.9705100463678518
江東区|三好4丁目,江東区,三好４丁目,1987.0,0.9642873947476637,2.8301375515818434,3.66,2.7290659663923873
江東区|白河1丁目,江東区,白河１丁目,1528.0,0.9249225255187699,2.091679748822606,3.12,1.9346417158574711
江東区|白河2丁目,江東区,白河２丁目,2632.0,0.9285707581359927,2.685254010695187,3.39,2.4934483524989446
江東区|白河3丁目,江東区,白河３丁目,3032.0,0.9394391396919564,2.7965485564304458,3.58,2.6271871699598006
江東区|白河4丁目,江東区,白河４丁目,4172.0,0.8912768613124588,2.3294413407821226,3.54,2.076177166823776
江東区|高橋,江東区,高橋,1619.0,0.8959100474358966,2.119762931034483,2.79,1.899116908095959
江東区|佐賀1丁目,江東区,佐賀１丁目,1729.0,0.7342585379784001,2.055492371705964,2.82,1.5092628236745753
江東区|佐賀2丁目,江東区,佐賀２丁目,1566.0,0.7563049940476031,1.4640284974093265,3.53,1.107252064018682
江東区|永代1丁目,江東区,永代１丁目,1295.0,0.9377085121018681,1.8570514820592823,3.75,1.7413729821383785
江東区|永代2丁目,江東区,永代２丁目,2760.0,0.9152944780755924,1.9745943204868153,3.75,1.8073352779810086
江東区|福住1丁目,江東区,福住１丁目,1411.0,0.9498955427211153,2.209243542435424,2.89,2.0985505937448163
江東区|福住2丁目,江東区,福住２丁目,1304.0,0.8907657428021667,1.703679245283019,2.42,1.5175791084211632
江東区|深川1丁目,江東区,深川１丁目,1724.0,0.9631130118698189,1.7826568758344459,2.87,1.716900032815355
江東区|深川2丁目,江東区,深川２丁目,2579.0,0.976859932569049,2.253251121076233,2.99,2.201110738195663
江東区|冬木,江東区,冬木,2899.0,0.9336693200561236,2.4008455284552843,3.61,2.24159581211263
江東区|門前仲町1丁目,江東区,門前仲町１丁目,1864.0,0.9623066941540291,2.0832061068702292,2.74,2.0046831819437756
江東区|門前仲町2丁目,江東区,門前仲町２丁目,623.0,0.9404565058311083,2.1951358695652177,2.94,2.0644298097158362
江東区|富岡1丁目,江東区,富岡１丁目,2079.0,0.943963623702271,2.497666184971098,3.37,2.357706022763945
江東区|富岡2丁目,江東区,富岡２丁目,1992.0,0.9143597259787354,2.5772893772893775,3.56,2.356569608786221
江東区|牡丹1丁目,江東区,牡丹１丁目,789.0,0.9026241984606831,2.2629754601226995,3.24,2.042616410829447
江東区|牡丹2丁目,江東区,牡丹２丁目,1140.0,0.9089085616596277,2.2142139737991267,3.67,2.012518038132413
江東区|牡丹3丁目,江東区,牡丹３丁目,1883.0,0.9021069032339554,2.4635970149253734,4.17,2.2224278739507453
江東区|古石場1丁目,江東区,古石場１丁目,1505.0,0.9977457615757275,2.4639805825242718,3.6,2.458426182818484
江東区|古石場2丁目,江東区,古石場２丁目,2604.0,0.9382095738114994,2.6673486088379708,3.62,2.5025320015045684
江東区|古石場3丁目,江東区,古石場３丁目,1420.0,0.8747235251818399,2.7364122137404583,4.11,2.3936041379536963
江東区|越中島1丁目,江東区,越中島１丁目,1676.0,0.8339955537827843,1.638001958863859,3.45,1.3660863507799497
江東区|越中島2丁目,江東区,越中島２丁目,1866.0,0.9892531580029627,1.867867881548975,3.28,1.8477942005546273
江東区|越中島3丁目,江東区,越中島３丁目,3081.0,0.9716020765536844,1.9876652601969056,6.02,1.9312196943009328
江東区|塩浜1丁目,江東区,塩浜１丁目,6277.0,0.9763465054546178,1.6282305764411027,2.61,1.5897172333826286
江東区|塩浜2丁目,江東区,塩浜２丁目,12920.0,0.8346925715416667,1.3360785019805546,4.12,1.115214800599687
江東区|枝川1丁目,江東区,枝川１丁目,4655.0,0.9606283084954041,2.623608647450111,3.47,2.520312737153915
江東区|枝川2丁目,江東区,枝川２丁目,2318.0,0.9275226236330296,3.0313542409123304,3.94,2.8116496386921157
江東区|枝川3丁目,江東区,枝川３丁目,2494.0,0.991424155435967,2.825125475285171,3.8,2.8008976383352353
江東区|豊洲1丁目,江東区,豊洲１丁目,4198.0,0.9135151711254812,1.2405058365758754,2.86,1.1332209015817691
江東区|豊洲2丁目,江東区,豊洲２丁目,3605.0,0.3689310446642254,0.6435393258426966,11.89,0.2374216357656574
江東区|豊洲3丁目,江東区,豊洲３丁目,7850.0,0.9883308931506638,1.1708415147265077,5.42,1.1571788399875254
江東区|豊洲4丁目,江東区,豊洲４丁目,11050.0,0.9888276603822301,1.7740110122829311,2.82,1.7541911587680425
江東区|豊洲5丁目,江東区,豊洲５丁目,8654.0,0.7201334759436543,0.9845816266822703,3.91,0.7090301891729608
江東区|豊洲6丁目,江東区,豊洲６丁目,5073.0,0.002390585339700967,1.4095238095238096,3.04,0.0033695869550070777
江東区|東雲1丁目,江東区,東雲１丁目,19791.0,0.9623324719844624,1.7178438228438229,3.7,1.653136892520535
江東区|東雲2丁目,江東区,東雲２丁目,5727.0,0.7199813492711641,0.5793014925373133,3.89,0.41708627023181405
江東区|有明1丁目,江東区,有明１丁目,10975.0,0.03803175526768739,1.4130714285714285,4.41,0.05374158674718997
江東区|有明2丁目,江東区,有明２丁目,2802.0,0.010763791825027161,1.2233333333333334,3.6,0.013167705332616561
江東区|有明3丁目,江東区,有明３丁目,1.0,0.06719206343301205,0.6740634291377602,11.61,0.045291712688498006
江東区|有明4丁目,江東区,有明４丁目,3.0,0.3783545431131225,0.7898215671062839,15.4,0.2988325781633885
江東区|辰巳1丁目,江東区,辰巳１丁目,7952.0,0.6804891484886957,0.4898201550387597,2.99,0.3333173002149265
江東区|辰巳2丁目,江東区,辰巳２丁目,1785.0,0.5685666162473866,0.6225443989071038,2.54,0.35395796235037524
江東区|辰巳3丁目,江東区,辰巳３丁目,33.0,0.3639048641324339,0.493633010603965,3.25,0.17963545365512018
江東区|潮見1丁目,江東区,潮見１丁目,2613.0,0.2854004070407091,0.5614215686274511,2.89,0.16022994420770795
江東区|潮見2丁目,江東区,潮見２丁目,3465.0,0.4834142276310525,0.3716868327402135,2.05,0.17967870316974252
江東区|青海1丁目,江東区,青海１丁目,0.0,0.06397396496258237,3.923724340175953,5.82,0.25101620346124803
江東区|青海2丁目,江東区,青海２丁目,946.0,0.013888475988121377,0.6508219178082192,2.11,0.009038924578022557
江東区|青海3丁目,江東区,青海３丁目,0.0,0.13814773719984194,0.5717966695880806,19.36,0.07899241604199901
江東区|青海4丁目,江東区,青海４丁目,0.0,0.33269577171244735,0.39517447657028915,1.23,0.1314728774436148
江東区|千石1丁目,江東区,千石１丁目,3009.0,0.9379726224440474,2.7771836137527433,4.31,2.604922197200297
江東区|千石2丁目,江東区,千石２丁目,1831.0,1.0,3.5943992431409653,5.35,3.5943992431409653
江東区|千石3丁目,江東区,千石３丁目,2491.0,0.9969265048277187,3.689377085650723,4.97,3.67803780298925
江東区|石島,江東区,石島,1509.0,0.9759149212186958,3.9269132653061223,4.93,3.832333249943876
江東区|千田,江東区,千田,1936.0,0.9949585394609989,4.411733668341708,5.46,4.3894920871441805
江東区|海辺,江東区,海辺,2010.0,1.0,4.053573883161512,5.58,4.053573883161512
江東区|扇橋1丁目,江東区,扇橋１丁目,4296.0,0.8733681665656947,3.0591885441527444,4.68,2.6717978899854593
江東区|扇橋2丁目,江東区,扇橋２丁目,2713.0,0.8895783416330784,3.537930029154519,4.87,3.1472659281491455
江東区|扇橋3丁目,江東区,扇橋３丁目,2938.0,0.925204884394848,3.3706264501160095,4.51,3.1185200551177994
江東区|猿江1丁目,江東区,猿江１丁目,3434.0,0.9289023745164315,2.7101500938086303,3.53,2.5174648574347662
江東区|猿江2丁目,江東区,猿江２丁目,3005.0,0.8776210919934637,2.676266666666667,3.74,2.3487480744657074
江東区|住吉1丁目,江東区,住吉１丁目,2598.0,0.9723101504641152,3.1801124859392575,3.96,3.0920556496964107
江東区|住吉2丁目,江東区,住吉２丁目,2452.0,0.9766331015136938,3.049871447902571,4.15,2.978605411383148
江東区|毛利1丁目,江東区,毛利１丁目,2570.0,1.0,3.2478863636363635,4.55,3.2478863636363635
江東区|毛利2丁目,江東区,毛利２丁目,979.0,0.9537486858568618,2.4927350427350428,4.71,2.377442771197895
江東区|木場1丁目,江東区,木場１丁目,161.0,0.9347161184413302,2.257952622673435,3.56,2.1105447110897346
江東区|木場2丁目,江東区,木場２丁目,2076.0,0.9378517336734865,2.3405578011317703,4.95,2.195096191554434
江東区|木場3丁目,江東区,木場３丁目,4151.0,0.9246239947063802,2.4601940928270043,4.65,2.274754489862744
江東区|木場4丁目,江東区,木場４丁目,0.0,0.8664756055141775,1.4559360730593607,3.12,1.2615330904940432
江東区|木場5丁目,江東区,木場５丁目,1897.0,0.963483332168425,2.3737703435804702,3.87,2.2870881604354985
江東区|木場6丁目,江東区,木場６丁目,3108.0,0.9585629255012987,2.881099290780142,4.08,2.7617149648299297
江東区|東陽1丁目,江東区,東陽１丁目,4930.0,0.97459986624856,3.6612587412587416,4.69,3.568262279532141
江東区|東陽2丁目,江東区,東陽２丁目,6260.0,0.8613601384571331,1.9011667554608416,3.92,1.637589259713849
江東区|東陽3丁目,江東区,東陽３丁目,3445.0,0.9702459408620804,3.6987130075705434,5.02,3.588661282009097
江東区|東陽4丁目,江東区,東陽４丁目,3807.0,1.0,4.109307958477508,5.39,4.109307958477508
江東区|東陽5丁目,江東区,東陽５丁目,4539.0,0.9807062018854974,3.624104320337197,5.29,3.5541815832347146
江東区|東陽6丁目,江東区,東陽６丁目,1990.0,0.8783338397153893,2.2397964169381104,4.47,1.9672889870700214
江東区|東陽7丁目,江東区,東陽７丁目,1566.0,0.9988062738676076,3.200570430733411,4.51,3.1967498261716822
江東区|亀戸1丁目,江東区,亀戸１丁目,5709.0,0.91096336180337,3.5832701421800945,5.04,3.2642278149700186
江東区|亀戸2丁目,江東区,亀戸２丁目,7525.0,0.9487105398973753,3.724380630630631,5.77,3.533359158868913
江東区|亀戸3丁目,江東区,亀戸３丁目,8247.0,0.9549093405230291,3.75277074976859,4.76,3.5835558417956377
江東区|亀戸4丁目,江東区,亀戸４丁目,4801.0,0.9893351300570608,4.133981818181819,5.61,4.089893439744434
江東区|亀戸5丁目,江東区,亀戸５丁目,5914.0,0.9737287888602426,4.5278970142795325,5.81,4.408943675798318
江東区|亀戸6丁目,江東区,亀戸６丁目,8814.0,0.9617775006867835,4.537273434461299,6.31,4.363847503728726
江東区|亀戸7丁目,江東区,亀戸７丁目,10286.0,0.9932681131878368,5.40023876845743,9.58,5.363884972309519
江東区|亀戸8丁目,江東区,亀戸８丁目,2401.0,0.9639405377334898,4.475214790647091,6.73,4.313840951769224
江東区|亀戸9丁目,江東区,亀戸９丁目,10800.0,0.9488843739710855,4.685289765721332,6.45,4.44579824621962
江東区|大島1丁目,江東区,大島１丁目,7685.0,0.9221151730522987,3.6093539938891315,5.05,3.328240082682082
江東区|大島2丁目,江東区,大島２丁目,6556.0,0.9536446534420541,3.594231227651967,5.03,3.4276193934847683
江東区|大島3丁目,江東区,大島３丁目,5873.0,0.9991919069920601,4.598529176658673,6.0,4.594813137384207
江東区|大島4丁目,江東区,大島４丁目,8097.0,0.9642963359559793,4.613040987219039,6.12,4.448338521590073
江東区|大島5丁目,江東区,大島５丁目,6872.0,0.9658249446051156,5.585936639118457,6.53,5.39503694504427
江東区|大島6丁目,江東区,大島６丁目,9806.0,1.0,5.1879509843310565,8.16,5.1879509843310565
江東区|大島7丁目,江東区,大島７丁目,8219.0,0.99894163172461,5.427217774219375,6.51,5.421473779103509
江東区|大島8丁目,江東区,大島８丁目,8294.0,0.9743553804964173,5.399875753012048,6.4,5.261397993959432
江東区|大島9丁目,江東区,大島９丁目,3172.0,0.7172556677467016,3.9966299449173763,6.13,2.8666054798781757
江東区|北砂1丁目,江東区,北砂１丁目,5064.0,0.9552977123162457,4.056968398500268,8.54,3.875612630026609
江東区|北砂2丁目,江東区,北砂２丁目,2896.0,0.9790655329709773,4.042105814562598,8.95,3.9574864836598165
江東区|北砂3丁目,江東区,北砂３丁目,8213.0,0.9847809860278663,4.985800826067003,6.11,4.909921853632813
江東区|北砂4丁目,江東区,北砂４丁目,5581.0,1.0,5.919275092936802,6.77,5.919275092936802
江東区|北砂5丁目,江東区,北砂５丁目,9961.0,0.9816870472935975,5.253368532206969,6.83,5.15716384272736
江東区|北砂6丁目,江東区,北砂６丁目,3845.0,0.9876289554556279,5.2925763062597,6.97,5.2271016090204725
江東区|北砂7丁目,江東区,北砂７丁目,3181.0,0.9987693834403054,5.4160994953136266,6.68,5.40943435358574
江東区|東砂1丁目,江東区,東砂１丁目,4777.0,0.9862467126334922,4.942978003384095,6.41,4.8749958064572265
江東区|東砂2丁目,江東区,東砂２丁目,4815.0,0.8810543110234765,4.872394871794872,7.18,4.292844506803551
江東区|東砂3丁目,江東区,東砂３丁目,6138.0,0.6378594887701783,5.5174374420759955,6.82,3.5193498261240346
江東区|東砂4丁目,江東区,東砂４丁目,3764.0,0.9991433477976566,5.26636292223095,6.43,5.261851480835281
江東区|東砂5丁目,江東区,東砂５丁目,2325.0,0.514780009090659,5.2982459485224025,6.49,2.7274310975449096
江東区|東砂6丁目,江東区,東砂６丁目,2931.0,0.4686319263061621,5.086609042553191,7.33,2.383747393978045
江東区|東砂7丁目,江東区,東砂７丁目,6824.0,0.9997324819778384,4.468558322411534,6.02,4.467362902527208
江東区|東砂8丁目,江東区,東砂８丁目,5589.0,0.6020143830149634,5.564712990936556,6.64,3.350037257894022
江東区|南砂1丁目,江東区,南砂１丁目,6964.0,0.9983670678261761,4.266591871295512,8.78,4.259624816156299
江東区|南砂2丁目,江東区,南砂２丁目,14836.0,0.9963369669299285,3.968169561243144,6.3,3.953634024912659
江東区|南砂3丁目,江東区,南砂３丁目,3716.0,0.9995799266360917,4.296489889355208,6.92,4.294685048394389
江東区|南砂4丁目,江東区,南砂４丁目,4027.0,0.9994775658699614,5.488501529051987,6.62,5.485634148530441
江東区|南砂5丁目,江東区,南砂５丁目,4646.0,1.0,5.015377313716184,6.8,5.015377313716184
江東区|南砂6丁目,江東区,南砂６丁目,2985.0,1.0,5.002479644707624,6.28,5.002479644707624
江東区|南砂7丁目,江東区,南砂７丁目,3545.0,0.9958166271094002,5.097958883994126,6.09,5.076632221001433
江東区|新砂1丁目,江東区,新砂１丁目,812.0,0.941946066557636,1.289503900780156,3.82,1.2146431271505962
江東区|新砂2丁目,江東区,新砂２丁目,447.0,0.8506362910725401,1.0006907192024685,3.25,0.8512238418931005
江東区|新砂3丁目,江東区,新砂３丁目,4352.0,0.48232453646011203,1.2889728768341484,5.07,0.6217032453286877
江東区|新木場1丁目,江東区,新木場１丁目,12.0,0.0655818631488362,0.4229864253393665,2.86,0.027740237860421752
江東区|新木場2丁目,江東区,新木場２丁目,5.0,0.37284265537092626,0.3800050864699898,2.93,0.14168210549392946
江東区|新木場3丁目,江東区,新木場３丁目,23.0,0.39888065574808257,0.5120534458509142,3.11,0.20424821425907794
江東区|新木場4丁目,江東区,新木場４丁目,6.0,0.00662870736745955,0.9531578947368421,2.77,0.006318204759194339
江東区|夢の島1丁目,江東区,夢の島１丁目,0.0,0.05704629590332375,0.7870138888888889,2.52,0.04489622718558112
江東区|夢の島2丁目,江東区,夢の島２丁目,0.0,0.06942639249078034,1.1703813559322034,2.05,0.08125535538084083
江東区|夢の島3丁目,江東区,夢の島３丁目,0.0,0.10874250041477175,1.0484307692307693,2.54,0.1140089833579364
江東区|若洲1丁目,江東区,若洲１丁目,0.0,0.42101968145200785,1.1633947013920072,17.61,0.4898120665830167
江東区|若洲2丁目,江東区,若洲２丁目,2.0,0.19730403903185473,0.6039467592592593,15.26,0.11916113496205108
江東区|若洲3丁目,江東区,若洲３丁目,0.0,0.101658095566502,1.4717418677859393,3.06,0.14961447544460518
品川区|北品川1丁目,品川区,北品川１丁目,3353.0,0.5851672758712188,0.8816683417085427,2.4,0.5159234617394828
品川区|北品川2丁目,品川区,北品川２丁目,3428.0,0.487913601584829,1.125307582260372,2.59,0.5490528753513743
品川区|北品川3丁目,品川区,北品川３丁目,3688.0,0.26779344342011824,0.7409808102345415,3.69,0.19842980268093707
品川区|北品川4丁目,品川区,北品川４丁目,1586.0,0.09399525983206643,1.4296354166666667,3.97,0.13437895245470788
品川区|北品川5丁目,品川区,北品川５丁目,7060.0,0.38689436015020084,1.0421109770808203,3.5,0.40318685968318463
品川区|北品川6丁目,品川区,北品川６丁目,862.0,0.0,0.0,0.0,0.0
品川区|東品川1丁目,品川区,東品川１丁目,4730.0,0.9578003912261261,1.308149779735683,2.42,1.2529463708132078
品川区|東品川2丁目,品川区,東品川２丁目,1746.0,0.7275171137087781,0.6213135866065679,3.78,0.4520162672360592
品川区|東品川3丁目,品川区,東品川３丁目,10165.0,0.9607565133657213,1.5430469393357122,4.05,1.4824923973958266
品川区|東品川4丁目,品川区,東品川４丁目,8504.0,0.9998246506192602,1.5060234407701967,6.06,1.505759360492478
品川区|東品川5丁目,品川区,東品川５丁目,1380.0,0.34126796505804724,0.49380575539568344,17.01,0.1685200852778367
品川区|南品川1丁目,品川区,南品川１丁目,1520.0,0.49401926621739956,0.7524305555555556,2.29,0.37171519093510585
品川区|南品川2丁目,品川区,南品川２丁目,2126.0,0.3455847045666599,0.5871725571725572,1.88,0.2029178547001284
品川区|南品川3丁目,品川区,南品川３丁目,2115.0,0.5141492395986688,0.6859912854030501,1.56,0.35270189776129157
品川区|南品川4丁目,品川区,南品川４丁目,4513.0,0.5557481175293051,0.7287450980392157,2.53,0.40499871639400303
品川区|南品川5丁目,品川区,南品川５丁目,6191.0,0.043056491198752773,0.25433734939759034,0.71,0.010950873845851458
品川区|南品川6丁目,品川区,南品川６丁目,3346.0,0.0,0.0,0.0,0.0
品川区|西品川1丁目,品川区,西品川１丁目,4348.0,0.0,0.0,0.0,0.0
品川区|西品川2丁目,品川区,西品川２丁目,4164.0,0.0,0.0,0.0,0.0
品川区|西品川3丁目,品川区,西品川３丁目,2955.0,0.0,0.0,0.0,0.0
品川区|広町1丁目,品川区,広町１丁目,55.0,0.4126222727417416,0.5304854368932039,2.47,0.21889010662726957
品川区|広町2丁目,品川区,広町２丁目,0.0,0.0,0.0,0.0,0.0
品川区|上大崎1丁目,品川区,上大崎１丁目,3579.0,0.0,0.0,0.0,0.0
品川区|上大崎2丁目,品川区,上大崎２丁目,4011.0,0.0,0.0,0.0,0.0
品川区|上大崎3丁目,品川区,上大崎３丁目,4415.0,0.0,0.0,0.0,0.0
品川区|上大崎4丁目,品川区,上大崎４丁目,1423.0,0.0,0.0,0.0,0.0
品川区|東五反田1丁目,品川区,東五反田１丁目,2671.0,0.5912446112649203,0.9598235294117646,1.83,0.5674904895299826
品川区|東五反田2丁目,品川区,東五反田２丁目,4588.0,0.8750953598225459,1.15093707250342,3.78,1.007179691595488
品川区|東五反田3丁目,品川区,東五反田３丁目,2386.0,0.016186619921438865,0.3224,0.68,0.00521856626267189
品川区|東五反田4丁目,品川区,東五反田４丁目,2412.0,0.0,0.0,0.0,0.0
品川区|東五反田5丁目,品川区,東五反田５丁目,3616.0,0.03290929491078766,0.9104301075268817,1.74,0.029961612904262268
品川区|西五反田1丁目,品川区,西五反田１丁目,715.0,0.824641198659638,1.1182829888712242,3.79,0.922182224383449
品川区|西五反田2丁目,品川区,西五反田２丁目,2517.0,0.8918472607941905,1.1490108063175395,4.15,1.0247421402372219
品川区|西五反田3丁目,品川区,西五反田３丁目,7094.0,0.5130038444859051,0.8225110619469026,2.78,0.42195133691094544
品川区|西五反田4丁目,品川区,西五反田４丁目,4597.0,0.0329540550454573,0.275,0.61,0.009062365137500758
品川区|西五反田5丁目,品川区,西五反田５丁目,4962.0,0.07132315557810938,0.5061267605633804,4.61,0.036098557685906495
品川区|西五反田6丁目,品川区,西五反田６丁目,3218.0,0.0,0.0,0.0,0.0
品川区|西五反田7丁目,品川区,西五反田７丁目,1144.0,0.0922872214769577,0.42522522522522527,0.89,0.03924285453794958
品川区|西五反田8丁目,品川区,西五反田８丁目,2650.0,0.002694572025939526,0.075,0.11,0.00020209290194546443
品川区|大崎1丁目,品川区,大崎１丁目,2592.0,0.7552676830594874,0.8843630892678035,4.68,0.6679308614146247
品川区|大崎2丁目,品川区,大崎２丁目,4079.0,0.0,0.0,0.0,0.0
品川区|大崎3丁目,品川区,大崎３丁目,2891.0,0.0,0.0,0.0,0.0
品川区|大崎4丁目,品川区,大崎４丁目,2679.0,0.0,0.0,0.0,0.0
品川区|大崎5丁目,品川区,大崎５丁目,2356.0,0.6655529692393017,0.7066326530612245,3.01,0.4703014604063433
品川区|東大井1丁目,品川区,東大井１丁目,6336.0,0.9805296735009247,1.054359795134443,2.47,1.0338310656756773
品川区|東大井2丁目,品川区,東大井２丁目,4370.0,0.9787926144632216,1.0710667427267542,3.61,1.0483522173781266
品川区|東大井3丁目,品川区,東大井３丁目,4913.0,0.39077633376594195,0.9226790830945558,2.18,0.3605611493342114
品川区|東大井4丁目,品川区,東大井４丁目,2528.0,0.09732733834430857,0.4824242424242424,0.87,0.04695306746792098
品川区|東大井5丁目,品川区,東大井５丁目,4132.0,0.0,0.0,0.0,0.0
品川区|東大井6丁目,品川区,東大井６丁目,1578.0,0.0,0.0,0.0,0.0
品川区|南大井1丁目,品川区,南大井１丁目,3705.0,0.9598383643111645,1.0543117744610282,3.06,1.0119688890726748
品川区|南大井2丁目,品川区,南大井２丁目,4012.0,0.9796063041712482,1.1489987937273825,1.79,1.1255664618205035
品川区|南大井3丁目,品川区,南大井３丁目,6363.0,1.0,1.2857142857142858,1.79,1.2857142857142858
品川区|南大井4丁目,品川区,南大井４丁目,3622.0,0.8748865864215204,0.8699553172475425,2.56,0.7611122378459533
品川区|南大井5丁目,品川区,南大井５丁目,5347.0,0.4161701210213627,0.6874271844660195,1.46,0.28608665455259796
品川区|南大井6丁目,品川区,南大井６丁目,4921.0,0.8736846222907205,0.8048373983739838,1.51,0.7031740584038202
品川区|勝島1丁目,品川区,勝島１丁目,5644.0,0.9759621732335273,0.7431723192874272,2.6,0.7253080718187583
品川区|勝島2丁目,品川区,勝島２丁目,155.0,0.9477037389030689,0.7605499412455934,3.98,0.7207760229409582
品川区|勝島3丁目,品川区,勝島３丁目,0.0,0.29382775232668307,1.4104761904761904,3.07,0.41443704875792153
品川区|大井1丁目,品川区,大井１丁目,5559.0,0.0,0.0,0.0,0.0
品川区|大井2丁目,品川区,大井２丁目,2764.0,0.0,0.0,0.0,0.0
品川区|大井3丁目,品川区,大井３丁目,4860.0,0.0,0.0,0.0,0.0
品川区|大井4丁目,品川区,大井４丁目,4545.0,0.0,0.0,0.0,0.0
品川区|大井5丁目,品川区,大井５丁目,4144.0,0.0,0.0,0.0,0.0
品川区|大井6丁目,品川区,大井６丁目,2924.0,0.0,0.0,0.0,0.0
品川区|大井7丁目,品川区,大井７丁目,3746.0,0.0,0.0,0.0,0.0
品川区|西大井1丁目,品川区,西大井１丁目,3131.0,0.0,0.0,0.0,0.0
品川区|西大井2丁目,品川区,西大井２丁目,3646.0,0.0,0.0,0.0,0.0
品川区|西大井3丁目,品川区,西大井３丁目,2203.0,0.0,0.0,0.0,0.0
品川区|西大井4丁目,品川区,西大井４丁目,3632.0,0.0,0.0,0.0,0.0
品川区|西大井5丁目,品川区,西大井５丁目,4325.0,0.0,0.0,0.0,0.0
品川区|西大井6丁目,品川区,西大井６丁目,3309.0,0.0,0.0,0.0,0.0
品川区|小山台1丁目,品川区,小山台１丁目,4793.0,0.0,0.0,0.0,0.0
品川区|小山台2丁目,品川区,小山台２丁目,825.0,0.0,0.0,0.0,0.0
品川区|小山1丁目,品川区,小山１丁目,2169.0,0.0,0.0,0.0,0.0
品川区|小山2丁目,品川区,小山２丁目,3099.0,0.0,0.0,0.0,0.0
品川区|小山3丁目,品川区,小山３丁目,4830.0,0.0,0.0,0.0,0.0
品川区|小山4丁目,品川区,小山４丁目,2899.0,0.0,0.0,0.0,0.0
品川区|小山5丁目,品川区,小山５丁目,2940.0,0.0,0.0,0.0,0.0
品川区|小山6丁目,品川区,小山６丁目,3974.0,0.0,0.0,0.0,0.0
品川区|小山7丁目,品川区,小山７丁目,1333.0,0.0,0.0,0.0,0.0
品川区|荏原1丁目,品川区,荏原１丁目,3123.0,0.0,0.0,0.0,0.0
品川区|荏原2丁目,品川区,荏原２丁目,2975.0,0.0,0.0,0.0,0.0
品川区|荏原3丁目,品川区,荏原３丁目,2623.0,0.0,0.0,0.0,0.0
品川区|荏原4丁目,品川区,荏原４丁目,3834.0,0.0,0.0,0.0,0.0
品川区|荏原5丁目,品川区,荏原５丁目,2720.0,0.0,0.0,0.0,0.0
品川区|荏原6丁目,品川区,荏原６丁目,3818.0,0.0,0.0,0.0,0.0
品川区|荏原7丁目,品川区,荏原７丁目,2685.0,0.0,0.0,0.0,0.0
品川区|平塚1丁目,品川区,平塚１丁目,3396.0,0.0,0.0,0.0,0.0
品川区|平塚2丁目,品川区,平塚２丁目,3653.0,0.0,0.0,0.0,0.0
品川区|平塚3丁目,品川区,平塚３丁目,2734.0,0.0,0.0,0.0,0.0
品川区|旗の台1丁目,品川区,旗の台１丁目,890.0,0.0,0.0,0.0,0.0
品川区|旗の台2丁目,品川区,旗の台２丁目,2915.0,0.0,0.0,0.0,0.0
品川区|旗の台3丁目,品川区,旗の台３丁目,1597.0,0.0,0.0,0.0,0.0
品川区|旗の台4丁目,品川区,旗の台４丁目,2634.0,0.0,0.0,0.0,0.0
品川区|旗の台5丁目,品川区,旗の台５丁目,3838.0,0.0,0.0,0.0,0.0
品川区|旗の台6丁目,品川区,旗の台６丁目,3985.0,0.0,0.0,0.0,0.0
品川区|中延1丁目,品川区,中延１丁目,2107.0,0.0,0.0,0.0,0.0
品川区|中延2丁目,品川区,中延２丁目,2915.0,0.0,0.0,0.0,0.0
品川区|中延3丁目,品川区,中延３丁目,1864.0,0.0,0.0,0.0,0.0
品川区|中延4丁目,品川区,中延４丁目,3389.0,0.0,0.0,0.0,0.0
品川区|中延5丁目,品川区,中延５丁目,2876.0,0.0,0.0,0.0,0.0
品川区|中延6丁目,品川区,中延６丁目,3132.0,0.0,0.0,0.0,0.0
品川区|西中延1丁目,品川区,西中延１丁目,2272.0,0.0,0.0,0.0,0.0
品川区|西中延2丁目,品川区,西中延２丁目,2909.0,0.0,0.0,0.0,0.0
品川区|西中延3丁目,品川区,西中延３丁目,2211.0,0.0,0.0,0.0,0.0
品川区|東中延1丁目,品川区,東中延１丁目,2394.0,0.0,0.0,0.0,0.0
品川区|東中延2丁目,品川区,東中延２丁目,1862.0,0.0,0.0,0.0,0.0
品川区|戸越1丁目,品川区,戸越１丁目,3891.0,0.0,0.0,0.0,0.0
品川区|戸越2丁目,品川区,戸越２丁目,1973.0,0.0,0.0,0.0,0.0
品川区|戸越3丁目,品川区,戸越３丁目,2466.0,0.0,0.0,0.0,0.0
品川区|戸越4丁目,品川区,戸越４丁目,2045.0,0.0,0.0,0.0,0.0
品川区|戸越5丁目,品川区,戸越５丁目,3487.0,0.0,0.0,0.0,0.0
品川区|戸越6丁目,品川区,戸越６丁目,3549.0,0.0,0.0,0.0,0.0
品川区|豊町1丁目,品川区,豊町１丁目,2969.0,0.0,0.0,0.0,0.0
品川区|豊町2丁目,品川区,豊町２丁目,2730.0,0.0,0.0,0.0,0.0
品川区|豊町3丁目,品川区,豊町３丁目,1457.0,0.0,0.0,0.0,0.0
品川区|豊町4丁目,品川区,豊町４丁目,2424.0,0.0,0.0,0.0,0.0
品川区|豊町5丁目,品川区,豊町５丁目,1621.0,0.0,0.0,0.0,0.0
品川区|豊町6丁目,品川区,豊町６丁目,3195.0,0.0,0.0,0.0,0.0
品川区|二葉1丁目,品川区,二葉１丁目,4100.0,0.0,0.0,0.0,0.0
品川区|二葉2丁目,品川区,二葉２丁目,2407.0,0.0,0.0,0.0,0.0
品川区|二葉3丁目,品川区,二葉３丁目,2664.0,0.0,0.0,0.0,0.0
品川区|二葉4丁目,品川区,二葉４丁目,3157.0,0.0,0.0,0.0,0.0
品川区|八潮1丁目,品川区,八潮１丁目,0.0,0.036208296833365676,0.6192,2.71,0.022420177399220025
品川区|八潮2丁目,品川区,八潮２丁目,0.0,0.2699807092746744,0.6544498251277913,16.08,0.1766888279726877
品川区|八潮3丁目,品川区,八潮３丁目,16.0,0.0,0.0,0.0,0.0
品川区|八潮4丁目,品川区,八潮４丁目,0.0,0.037577282916765944,1.1813821138211382,2.52,0.0443931299238639
品川区|八潮5丁目,品川区,八潮５丁目,11578.0,0.021515038611798706,0.4271698113207547,1.39,0.009190574984360805
品川区|東八潮,品川区,東八潮,0.0,0.5731375106002351,1.6319354838709679,12.23,0.9353234406859966
目黒区|駒場1丁目,目黒区,駒場１丁目,4155.0,0.0,0.0,0.0,0.0
目黒区|駒場2丁目,目黒区,駒場２丁目,538.0,0.0,0.0,0.0,0.0
目黒区|駒場3丁目,目黒区,駒場３丁目,875.0,0.0,0.0,0.0,0.0
目黒区|駒場4丁目,目黒区,駒場４丁目,1551.0,0.0,0.0,0.0,0.0
目黒区|青葉台1丁目,目黒区,青葉台１丁目,2496.0,0.0,0.0,0.0,0.0
目黒区|青葉台2丁目,目黒区,青葉台２丁目,927.0,0.0,0.0,0.0,0.0
目黒区|青葉台3丁目,目黒区,青葉台３丁目,3258.0,0.0,0.0,0.0,0.0
目黒区|青葉台4丁目,目黒区,青葉台４丁目,1966.0,0.0,0.0,0.0,0.0
目黒区|東山1丁目,目黒区,東山１丁目,3759.0,0.0,0.0,0.0,0.0
目黒区|東山2丁目,目黒区,東山２丁目,6637.0,0.0,0.0,0.0,0.0
目黒区|東山3丁目,目黒区,東山３丁目,3383.0,0.0,0.0,0.0,0.0
目黒区|大橋1丁目,目黒区,大橋１丁目,2661.0,0.0,0.0,0.0,0.0
目黒区|大橋2丁目,目黒区,大橋２丁目,4352.0,0.0,0.0,0.0,0.0
目黒区|上目黒1丁目,目黒区,上目黒１丁目,1635.0,0.0,0.0,0.0,0.0
目黒区|上目黒2丁目,目黒区,上目黒２丁目,4187.0,0.0,0.0,0.0,0.0
目黒区|上目黒3丁目,目黒区,上目黒３丁目,5368.0,0.0,0.0,0.0,0.0
目黒区|上目黒4丁目,目黒区,上目黒４丁目,3898.0,0.0,0.0,0.0,0.0
目黒区|上目黒5丁目,目黒区,上目黒５丁目,3885.0,0.0,0.0,0.0,0.0
目黒区|中目黒1丁目,目黒区,中目黒１丁目,3006.0,0.0,0.0,0.0,0.0
目黒区|中目黒2丁目,目黒区,中目黒２丁目,2342.0,0.0,0.0,0.0,0.0
目黒区|中目黒3丁目,目黒区,中目黒３丁目,2689.0,0.0,0.0,0.0,0.0
目黒区|中目黒4丁目,目黒区,中目黒４丁目,3577.0,0.0,0.0,0.0,0.0
目黒区|中目黒5丁目,目黒区,中目黒５丁目,3180.0,0.0,0.0,0.0,0.0
目黒区|三田1丁目,目黒区,三田１丁目,2290.0,0.0,0.0,0.0,0.0
目黒区|三田2丁目,目黒区,三田２丁目,3601.0,0.0,0.0,0.0,0.0
目黒区|目黒1丁目,目黒区,目黒１丁目,3866.0,0.0,0.0,0.0,0.0
目黒区|目黒2丁目,目黒区,目黒２丁目,2742.0,0.0,0.0,0.0,0.0
目黒区|目黒3丁目,目黒区,目黒３丁目,3246.0,0.0,0.0,0.0,0.0
目黒区|目黒4丁目,目黒区,目黒４丁目,3568.0,0.0,0.0,0.0,0.0
目黒区|下目黒1丁目,目黒区,下目黒１丁目,1388.0,0.0,0.0,0.0,0.0
目黒区|下目黒2丁目,目黒区,下目黒２丁目,6529.0,0.21070265648079373,0.5335911602209945,2.43,0.11242907493323237
目黒区|下目黒3丁目,目黒区,下目黒３丁目,3809.0,0.0,0.0,0.0,0.0
目黒区|下目黒4丁目,目黒区,下目黒４丁目,2892.0,0.0,0.0,0.0,0.0
目黒区|下目黒5丁目,目黒区,下目黒５丁目,3949.0,0.0,0.0,0.0,0.0
目黒区|下目黒6丁目,目黒区,下目黒６丁目,3602.0,0.0,0.0,0.0,0.0
目黒区|中町1丁目,目黒区,中町１丁目,5031.0,0.0,0.0,0.0,0.0
目黒区|中町2丁目,目黒区,中町２丁目,4792.0,0.0,0.0,0.0,0.0
目黒区|五本木1丁目,目黒区,五本木１丁目,3820.0,0.0,0.0,0.0,0.0
目黒区|五本木2丁目,目黒区,五本木２丁目,3982.0,0.0,0.0,0.0,0.0
目黒区|五本木3丁目,目黒区,五本木３丁目,2106.0,0.0,0.0,0.0,0.0
目黒区|祐天寺1丁目,目黒区,祐天寺１丁目,2276.0,0.0,0.0,0.0,0.0
目黒区|祐天寺2丁目,目黒区,祐天寺２丁目,2125.0,0.0,0.0,0.0,0.0
目黒区|中央町1丁目,目黒区,中央町１丁目,3255.0,0.0,0.0,0.0,0.0
目黒区|中央町2丁目,目黒区,中央町２丁目,4469.0,0.0,0.0,0.0,0.0
目黒区|目黒本町1丁目,目黒区,目黒本町１丁目,2979.0,0.0,0.0,0.0,0.0
目黒区|目黒本町2丁目,目黒区,目黒本町２丁目,4598.0,0.0,0.0,0.0,0.0
目黒区|目黒本町3丁目,目黒区,目黒本町３丁目,2983.0,0.0,0.0,0.0,0.0
目黒区|目黒本町4丁目,目黒区,目黒本町４丁目,4252.0,0.0,0.0,0.0,0.0
目黒区|目黒本町5丁目,目黒区,目黒本町５丁目,5231.0,0.0,0.0,0.0,0.0
目黒区|目黒本町6丁目,目黒区,目黒本町６丁目,4309.0,0.0,0.0,0.0,0.0
目黒区|原町1丁目,目黒区,原町１丁目,3294.0,0.0,0.0,0.0,0.0
目黒区|原町2丁目,目黒区,原町２丁目,2481.0,0.0,0.0,0.0,0.0
目黒区|洗足1丁目,目黒区,洗足１丁目,2846.0,0.0,0.0,0.0,0.0
目黒区|洗足2丁目,目黒区,洗足２丁目,3033.0,0.0,0.0,0.0,0.0
目黒区|南1丁目,目黒区,南１丁目,2886.0,0.0,0.0,0.0,0.0
目黒区|南2丁目,目黒区,南２丁目,2521.0,0.0,0.0,0.0,0.0
目黒区|南3丁目,目黒区,南３丁目,2083.0,0.0,0.0,0.0,0.0
目黒区|碑文谷1丁目,目黒区,碑文谷１丁目,4197.0,0.0,0.0,0.0,0.0
目黒区|碑文谷2丁目,目黒区,碑文谷２丁目,3207.0,0.0,0.0,0.0,0.0
目黒区|碑文谷3丁目,目黒区,碑文谷３丁目,2258.0,0.0,0.0,0.0,0.0
目黒区|碑文谷4丁目,目黒区,碑文谷４丁目,2593.0,0.0,0.0,0.0,0.0
目黒区|碑文谷5丁目,目黒区,碑文谷５丁目,3453.0,0.0,0.0,0.0,0.0
目黒区|碑文谷6丁目,目黒区,碑文谷６丁目,1832.0,0.0,0.0,0.0,0.0
目黒区|鷹番1丁目,目黒区,鷹番１丁目,2454.0,0.0,0.0,0.0,0.0
目黒区|鷹番2丁目,目黒区,鷹番２丁目,3007.0,0.0,0.0,0.0,0.0
目黒区|鷹番3丁目,目黒区,鷹番３丁目,3073.0,0.0,0.0,0.0,0.0
目黒区|平町1丁目,目黒区,平町１丁目,3691.0,0.0,0.0,0.0,0.0
目黒区|平町2丁目,目黒区,平町２丁目,3368.0,0.0,0.0,0.0,0.0
目黒区|大岡山1丁目,目黒区,大岡山１丁目,5525.0,0.0,0.0,0.0,0.0
目黒区|大岡山2丁目,目黒区,大岡山２丁目,1310.0,0.0,0.0,0.0,0.0
目黒区|緑が丘1丁目,目黒区,緑が丘１丁目,3275.0,0.0,0.0,0.0,0.0
目黒区|緑が丘2丁目,目黒区,緑が丘２丁目,3194.0,0.0,0.0,0.0,0.0
目黒区|緑が丘3丁目,目黒区,緑が丘３丁目,841.0,0.0,0.0,0.0,0.0
目黒区|自由が丘1丁目,目黒区,自由が丘１丁目,2510.0,0.0,0.0,0.0,0.0
目黒区|自由が丘2丁目,目黒区,自由が丘２丁目,2590.0,0.0,0.0,0.0,0.0
目黒区|自由が丘3丁目,目黒区,自由が丘３丁目,2347.0,0.0,0.0,0.0,0.0
目黒区|中根1丁目,目黒区,中根１丁目,3382.0,0.0,0.0,0.0,0.0
目黒区|中根2丁目,目黒区,中根２丁目,3881.0,0.0,0.0,0.0,0.0
目黒区|柿の木坂1丁目,目黒区,柿の木坂１丁目,4173.0,0.0,0.0,0.0,0.0
目黒区|柿の木坂2丁目,目黒区,柿の木坂２丁目,3898.0,0.0,0.0,0.0,0.0
目黒区|柿の木坂3丁目,目黒区,柿の木坂３丁目,1605.0,0.0,0.0,0.0,0.0
目黒区|八雲1丁目,目黒区,八雲１丁目,2681.0,0.0,0.0,0.0,0.0
目黒区|八雲2丁目,目黒区,八雲２丁目,3391.0,0.0,0.0,0.0,0.0
目黒区|八雲3丁目,目黒区,八雲３丁目,4096.0,0.0,0.0,0.0,0.0
目黒区|八雲4丁目,目黒区,八雲４丁目,2034.0,0.0,0.0,0.0,0.0
目黒区|八雲5丁目,目黒区,八雲５丁目,2843.0,0.0,0.0,0.0,0.0
目黒区|東が丘1丁目,目黒区,東が丘１丁目,4474.0,0.0,0.0,0.0,0.0
目黒区|東が丘2丁目,目黒区,東が丘２丁目,3058.0,0.0,0.0,0.0,0.0
大田区|大森東1丁目,大田区,大森東一丁目,5268.0,0.8527857508023997,1.03687971593431,2.88,0.8842362470448194
大田区|大森東2丁目,大田区,大森東二丁目,3757.0,0.9701194448876371,1.4887245283018868,2.71,1.444240612986836
大田区|大森東3丁目,大田区,大森東三丁目,2434.0,0.9722303593487688,1.1309430682312038,6.57,1.0995371856294225
大田区|大森東4丁目,大田区,大森東四丁目,4043.0,0.9909156129187169,1.6093340436867343,2.84,1.5947142302907973
大田区|大森東5丁目,大田区,大森東五丁目,3224.0,0.9835390192572097,2.149867507886435,6.57,2.114478580239566
大田区|大森南1丁目,大田区,大森南一丁目,2959.0,0.9589389872580866,1.9713545521835678,2.69,1.8904087377975294
大田区|大森南2丁目,大田区,大森南二丁目,4541.0,0.9340779195978913,2.4293946316390636,2.98,2.269243883403702
大田区|大森南3丁目,大田区,大森南三丁目,3146.0,0.9966476053772765,2.5242081701175154,3.35,2.5157460282213786
大田区|大森南4丁目,大田区,大森南四丁目,832.0,0.9886731942783569,2.4031586402266285,3.2,2.3759385291904933
大田区|大森南5丁目,大田区,大森南五丁目,1534.0,0.9550478966091462,1.713488188976378,3.13,1.636463290746505
大田区|大森中1丁目,大田区,大森中一丁目,3638.0,0.9998936182011455,0.9577044261065267,1.46,0.9576025437869067
大田区|大森中2丁目,大田区,大森中二丁目,3960.0,0.9997729063526337,1.0520480120030007,2.24,1.0518090985827504
大田区|大森中3丁目,大田区,大森中三丁目,3349.0,0.998759779676221,1.3311820652173914,2.19,1.3295311061654587
大田区|大森西1丁目,大田区,大森西一丁目,6542.0,0.8872462993177617,0.5863684210526315,1.34,0.5202532116157464
大田区|大森西2丁目,大田区,大森西二丁目,7119.0,0.982205407105555,0.9625126719768284,2.26,0.9453851508232564
大田区|大森西3丁目,大田区,大森西三丁目,7004.0,0.9873010715023711,0.9141000807102503,2.82,0.902491989145634
大田区|大森西4丁目,大田区,大森西四丁目,5478.0,0.9060805656014992,0.613450911228689,1.43,0.5558359486148456
大田区|大森西5丁目,大田区,大森西五丁目,5188.0,0.9966543304459716,0.7200655124005615,1.22,0.7176564111388171
大田区|大森西6丁目,大田区,大森西六丁目,2478.0,0.9864877801246486,0.8844596774193548,1.36,0.8725086637871821
大田区|大森西7丁目,大田区,大森西七丁目,1869.0,0.9117971074134511,0.4937391304347826,1.07,0.45018991094726746
大田区|大森北1丁目,大田区,大森北一丁目,4908.0,0.8024886876263476,0.7475271149674619,1.77,0.5998820534553484
大田区|大森北2丁目,大田区,大森北二丁目,3505.0,0.9955023690898742,1.3247368421052632,1.92,1.3187786647364281
大田区|大森北3丁目,大田区,大森北三丁目,6386.0,1.0,1.2476784932106877,2.08,1.2476784932106877
大田区|大森北4丁目,大田区,大森北四丁目,3641.0,0.9472044004718972,0.8836500655307995,1.49,0.8369972305480536
大田区|大森北5丁目,大田区,大森北五丁目,2930.0,0.9173441691017471,0.6401710376282782,1.2,0.5872571685961161
大田区|大森北6丁目,大田区,大森北六丁目,4942.0,0.9982815917728003,1.2035434243176177,1.78,1.2014752453954782
大田区|大森本町1丁目,大田区,大森本町一丁目,4689.0,1.0,1.0927102803738318,2.34,1.0927102803738318
大田区|大森本町2丁目,大田区,大森本町二丁目,3893.0,0.9983050721661936,1.3082876712328766,1.93,1.3060702180442783
大田区|平和島1丁目,大田区,平和島一丁目,0.0,0.4575275757441724,1.020551839464883,2.88,0.4669306090316237
大田区|平和島2丁目,大田区,平和島二丁目,131.0,0.02443307832260233,0.44971014492753625,2.0,0.010987803193483338
大田区|平和島3丁目,大田区,平和島三丁目,0.0,0.007146935721514299,0.4033333333333333,1.33,0.0028825974076774337
大田区|平和島4丁目,大田区,平和島四丁目,0.0,0.0034542004483157267,0.16399999999999998,0.33,0.0005664888735237791
大田区|平和島5丁目,大田区,平和島五丁目,113.0,0.028216932315461827,0.5542622950819672,2.22,0.0156395816653404
大田区|平和島6丁目,大田区,平和島六丁目,0.0,0.08679750089111286,0.5061666666666667,3.07,0.04393400170105163
大田区|昭和島1丁目,大田区,昭和島一丁目,1.0,0.07934471539980742,0.26639344262295084,1.57,0.02113691188929296
大田区|昭和島2丁目,大田区,昭和島二丁目,0.0,0.07832745253839979,0.39565683646112604,4.3,0.030990792079402255
大田区|山王1丁目,大田区,山王一丁目,5743.0,0.0,0.0,0.0,0.0
大田区|山王2丁目,大田区,山王二丁目,5729.0,0.0,0.0,0.0,0.0
大田区|山王3丁目,大田区,山王三丁目,5729.0,0.0,0.0,0.0,0.0
大田区|山王4丁目,大田区,山王四丁目,3510.0,0.0,0.0,0.0,0.0
大田区|平和の森公園,大田区,平和の森公園,0.0,0.2031523301091284,0.9491417910447761,3.28,0.19282036645469772
大田区|ふるさとの浜辺公園,大田区,ふるさとの浜辺公園,0.0,0.3615366704853058,1.709764705882353,3.04,0.618142639077994
大田区|東馬込1丁目,大田区,東馬込一丁目,4959.0,0.0,0.0,0.0,0.0
大田区|東馬込2丁目,大田区,東馬込二丁目,1670.0,0.0,0.0,0.0,0.0
大田区|南馬込1丁目,大田区,南馬込一丁目,5105.0,0.0,0.0,0.0,0.0
大田区|南馬込2丁目,大田区,南馬込二丁目,3392.0,0.0,0.0,0.0,0.0
大田区|南馬込3丁目,大田区,南馬込三丁目,3984.0,0.0,0.0,0.0,0.0
大田区|南馬込4丁目,大田区,南馬込四丁目,4839.0,0.0,0.0,0.0,0.0
大田区|南馬込5丁目,大田区,南馬込五丁目,3986.0,0.0,0.0,0.0,0.0
大田区|南馬込6丁目,大田区,南馬込六丁目,4682.0,0.0,0.0,0.0,0.0
大田区|中馬込1丁目,大田区,中馬込一丁目,4842.0,0.0,0.0,0.0,0.0
大田区|中馬込2丁目,大田区,中馬込二丁目,3251.0,0.0,0.0,0.0,0.0
大田区|中馬込3丁目,大田区,中馬込三丁目,4768.0,0.0,0.0,0.0,0.0
大田区|西馬込1丁目,大田区,西馬込一丁目,3552.0,0.0,0.0,0.0,0.0
大田区|西馬込2丁目,大田区,西馬込二丁目,3219.0,0.0,0.0,0.0,0.0
大田区|北馬込1丁目,大田区,北馬込一丁目,3267.0,0.0,0.0,0.0,0.0
大田区|北馬込2丁目,大田区,北馬込二丁目,4368.0,0.0,0.0,0.0,0.0
大田区|中央1丁目,大田区,中央一丁目,2333.0,0.029556355137750408,0.20666666666666667,0.44,0.006108313395135084
大田区|中央2丁目,大田区,中央二丁目,2710.0,0.917975408459743,0.5677667269439421,1.41,0.5211958930762167
大田区|中央3丁目,大田区,中央三丁目,4583.0,0.9931293600429012,0.7033254577672771,1.44,0.6984931617742964
大田区|中央4丁目,大田区,中央四丁目,3153.0,0.03488335269299756,0.22147540983606556,0.65,0.007725804834137656
大田区|中央5丁目,大田区,中央五丁目,3407.0,0.0,0.0,0.0,0.0
大田区|中央6丁目,大田区,中央六丁目,2477.0,0.016742248113512263,0.225,0.5,0.0037670058255402593
大田区|中央7丁目,大田区,中央七丁目,2514.0,0.8980183504806952,0.4427608695652174,0.87,0.3976073857443548
大田区|中央8丁目,大田区,中央八丁目,5649.0,0.8650419247205814,0.4998222008649688,1.23,0.43236715865430964
大田区|池上1丁目,大田区,池上一丁目,2605.0,0.0,0.0,0.0,0.0
大田区|池上2丁目,大田区,池上二丁目,2310.0,0.0,0.0,0.0,0.0
大田区|池上3丁目,大田区,池上三丁目,4890.0,0.0,0.0,0.0,0.0
大田区|池上4丁目,大田区,池上四丁目,3407.0,0.0,0.0,0.0,0.0
大田区|池上5丁目,大田区,池上五丁目,3796.0,0.6117347427820992,0.2731396648044693,0.74,0.1670890225927508
大田区|池上6丁目,大田区,池上六丁目,6223.0,0.01755035266857036,0.076,0.2,0.0013338268028113473
大田区|池上7丁目,大田区,池上七丁目,4430.0,0.0,0.0,0.0,0.0
大田区|池上8丁目,大田区,池上八丁目,3402.0,0.0,0.0,0.0,0.0
大田区|京浜島1丁目,大田区,京浜島一丁目,0.0,0.04262251868951253,0.30092307692307696,1.11,0.012826099470259464
大田区|京浜島2丁目,大田区,京浜島二丁目,5.0,0.007357549176008116,0.40244444444444444,1.27,0.0029610047906112663
大田区|京浜島3丁目,大田区,京浜島三丁目,2.0,0.07845767774567128,0.4292682926829268,2.82,0.03367939337375157
大田区|東海1丁目,大田区,東海一丁目,0.0,0.044521476401310524,0.824017094017094,2.72,0.036686457605558526
大田区|東海2丁目,大田区,東海二丁目,0.0,0.05463186946143501,0.60648,2.07,0.03313313619097111
大田区|東海3丁目,大田区,東海三丁目,71.0,0.08580369438123513,2.4110625000000003,3.65,0.20687806988405674
大田区|東海4丁目,大田区,東海四丁目,1.0,0.0,0.0,0.0,0.0
大田区|東海5丁目,大田区,東海五丁目,0.0,0.20678002580842933,0.5716820987654321,13.27,0.11821243913693309
大田区|東海6丁目,大田区,東海六丁目,0.0,0.18679500667269444,0.5229022082018927,14.84,0.09767552147023921
大田区|城南島1丁目,大田区,城南島一丁目,0.0,0.35322296117054613,0.4715094339622642,2.51,0.16654795848399903
大田区|城南島2丁目,大田区,城南島二丁目,2.0,0.025284297600950634,1.2861224489795917,5.73,0.032518702751263444
大田区|城南島3丁目,大田区,城南島三丁目,0.0,0.3395864866719222,0.5005518394648829,5.5,0.1699806405610476
大田区|城南島4丁目,大田区,城南島四丁目,23.0,0.3216457738239757,1.0010526315789474,2.72,0.32198434832273776
大田区|城南島5丁目,大田区,城南島五丁目,0.0,0.17938763108916372,1.263621794871795,3.28,0.22667812037468846
大田区|城南島6丁目,大田区,城南島六丁目,0.0,0.09029631689861962,0.9614572864321609,8.79,0.0868160518201653
大田区|城南島7丁目,大田区,城南島七丁目,0.0,0.1349857209110307,0.39941176470588236,2.39,0.0539148849991705
大田区|令和島1丁目,大田区,令和島一丁目,0.0,0.07407471512207402,0.3704497354497355,2.13,0.02744095862048684
大田区|令和島2丁目,大田区,令和島二丁目,0.0,0.07407471512207402,0.3704497354497355,2.13,0.02744095862048684
大田区|東嶺町,大田区,東嶺町,5162.0,0.0,0.0,0.0,0.0
大田区|西嶺町,大田区,西嶺町,3202.0,0.0,0.0,0.0,0.0
大田区|北嶺町,大田区,北嶺町,5737.0,0.0,0.0,0.0,0.0
大田区|田園調布南,大田区,田園調布南,3833.0,0.003551185973464626,0.36375,0.5,0.0012917438978477577
大田区|田園調布本町,大田区,田園調布本町,8103.0,0.039390264205287066,0.2911764705882353,0.86,0.011469518106833589
大田区|田園調布1丁目,大田区,田園調布一丁目,7330.0,0.011929479162309894,0.4911111111111111,2.46,0.005858699766378859
大田区|田園調布2丁目,大田区,田園調布二丁目,4414.0,0.0,0.0,0.0,0.0
大田区|田園調布3丁目,大田区,田園調布三丁目,1827.0,0.0,0.0,0.0,0.0
大田区|田園調布4丁目,大田区,田園調布四丁目,2005.0,0.0,0.0,0.0,0.0
大田区|田園調布5丁目,大田区,田園調布五丁目,3524.0,0.0,0.0,0.0,0.0
大田区|雪谷大塚町,大田区,雪谷大塚町,2649.0,0.0,0.0,0.0,0.0
大田区|鵜の木1丁目,大田区,鵜の木一丁目,4189.0,0.0,0.0,0.0,0.0
大田区|鵜の木2丁目,大田区,鵜の木二丁目,5620.0,0.0,0.0,0.0,0.0
大田区|鵜の木3丁目,大田区,鵜の木三丁目,4684.0,0.0,0.0,0.0,0.0
大田区|千鳥1丁目,大田区,千鳥一丁目,3144.0,0.0,0.0,0.0,0.0
大田区|千鳥2丁目,大田区,千鳥二丁目,3753.0,0.0,0.0,0.0,0.0
大田区|千鳥3丁目,大田区,千鳥三丁目,3379.0,0.0,0.0,0.0,0.0
大田区|南久が原1丁目,大田区,南久が原一丁目,2153.0,0.0,0.0,0.0,0.0
大田区|南久が原2丁目,大田区,南久が原二丁目,4196.0,0.0,0.0,0.0,0.0
大田区|久が原1丁目,大田区,久が原一丁目,3983.0,0.0,0.0,0.0,0.0
大田区|久が原2丁目,大田区,久が原二丁目,5058.0,0.0,0.0,0.0,0.0
大田区|久が原3丁目,大田区,久が原三丁目,3709.0,0.0,0.0,0.0,0.0
大田区|久が原4丁目,大田区,久が原四丁目,4143.0,0.0,0.0,0.0,0.0
大田区|久が原5丁目,大田区,久が原五丁目,5694.0,0.0,0.0,0.0,0.0
大田区|久が原6丁目,大田区,久が原六丁目,2112.0,0.0,0.0,0.0,0.0
大田区|南千束1丁目,大田区,南千束一丁目,2801.0,0.0,0.0,0.0,0.0
大田区|南千束2丁目,大田区,南千束二丁目,1899.0,0.0,0.0,0.0,0.0
大田区|南千束3丁目,大田区,南千束三丁目,2990.0,0.0,0.0,0.0,0.0
大田区|北千束1丁目,大田区,北千束一丁目,4856.0,0.0,0.0,0.0,0.0
大田区|北千束2丁目,大田区,北千束二丁目,4739.0,0.0,0.0,0.0,0.0
大田区|北千束3丁目,大田区,北千束三丁目,3381.0,0.0,0.0,0.0,0.0
大田区|石川町1丁目,大田区,石川町一丁目,1688.0,0.0,0.0,0.0,0.0
大田区|石川町2丁目,大田区,石川町二丁目,3997.0,0.0,0.0,0.0,0.0
大田区|仲池上1丁目,大田区,仲池上一丁目,4280.0,0.0,0.0,0.0,0.0
大田区|仲池上2丁目,大田区,仲池上二丁目,5321.0,0.0,0.0,0.0,0.0
大田区|東雪谷1丁目,大田区,東雪谷一丁目,2826.0,0.0,0.0,0.0,0.0
大田区|東雪谷2丁目,大田区,東雪谷二丁目,4738.0,0.0,0.0,0.0,0.0
大田区|東雪谷3丁目,大田区,東雪谷三丁目,3621.0,0.0,0.0,0.0,0.0
大田区|東雪谷4丁目,大田区,東雪谷四丁目,3164.0,0.0,0.0,0.0,0.0
大田区|東雪谷5丁目,大田区,東雪谷五丁目,3831.0,0.0,0.0,0.0,0.0
大田区|南雪谷1丁目,大田区,南雪谷一丁目,3358.0,0.0,0.0,0.0,0.0
大田区|南雪谷2丁目,大田区,南雪谷二丁目,2566.0,0.0,0.0,0.0,0.0
大田区|南雪谷3丁目,大田区,南雪谷三丁目,2179.0,0.0,0.0,0.0,0.0
大田区|南雪谷4丁目,大田区,南雪谷四丁目,1935.0,0.0,0.0,0.0,0.0
大田区|南雪谷5丁目,大田区,南雪谷五丁目,2352.0,0.0,0.0,0.0,0.0
大田区|上池台1丁目,大田区,上池台一丁目,4493.0,0.0,0.0,0.0,0.0
大田区|上池台2丁目,大田区,上池台二丁目,3594.0,0.0,0.0,0.0,0.0
大田区|上池台3丁目,大田区,上池台三丁目,4773.0,0.0,0.0,0.0,0.0
大田区|上池台4丁目,大田区,上池台四丁目,4507.0,0.0,0.0,0.0,0.0
大田区|上池台5丁目,大田区,上池台五丁目,5830.0,0.0,0.0,0.0,0.0
大田区|東糀谷1丁目,大田区,東糀谷一丁目,3621.0,0.9601648911145009,2.1991020158827124,3.15,2.1115005476297037
大田区|東糀谷2丁目,大田区,東糀谷二丁目,1799.0,1.0,2.3449548645937814,3.06,2.3449548645937814
大田区|東糀谷3丁目,大田区,東糀谷三丁目,2340.0,1.0,2.377262156448203,2.91,2.377262156448203
大田区|東糀谷4丁目,大田区,東糀谷四丁目,2363.0,1.0,2.3662594093804286,3.05,2.3662594093804286
大田区|東糀谷5丁目,大田区,東糀谷五丁目,1016.0,0.9750806137107787,2.2432987910189985,4.11,2.187397161883453
大田区|東糀谷6丁目,大田区,東糀谷六丁目,1028.0,0.9376899383017563,1.5280266286257727,4.52,1.4328151951195414
大田区|西糀谷1丁目,大田区,西糀谷一丁目,4994.0,0.9759013023914057,1.3158745059288537,2.95,1.2841636441196158
大田区|西糀谷2丁目,大田区,西糀谷二丁目,5080.0,0.976821841580681,1.713634903640257,2.87,1.6739160023708086
大田区|西糀谷3丁目,大田区,西糀谷三丁目,6042.0,0.999159167362349,1.9164349376114083,7.37,1.91482353656793
大田区|西糀谷4丁目,大田区,西糀谷四丁目,5017.0,1.0,1.4087899322362052,2.22,1.4087899322362052
大田区|北糀谷1丁目,大田区,北糀谷一丁目,3155.0,0.9367646928456358,1.7230327214684757,2.51,1.6140762180893966
大田区|北糀谷2丁目,大田区,北糀谷二丁目,2049.0,0.913097012143081,1.670886998784933,2.74,1.5256819262192423
大田区|羽田旭町,大田区,羽田旭町,470.0,0.9511942636638431,1.3970438095238094,4.52,1.32886005770613
大田区|羽田1丁目,大田区,羽田一丁目,2264.0,0.9991516524250992,2.293721940622737,8.1,2.291776067176913
大田区|羽田2丁目,大田区,羽田二丁目,1886.0,0.9907768046115208,2.345662431941924,5.93,2.3240279290167085
大田区|羽田3丁目,大田区,羽田三丁目,2480.0,0.9319877963355075,2.210870265914585,3.41,2.0605041071134313
大田区|羽田4丁目,大田区,羽田四丁目,2609.0,1.0,2.4712680577849118,5.72,2.4712680577849118
大田区|羽田5丁目,大田区,羽田五丁目,3100.0,0.9818078079733163,2.1987618403247633,2.79,2.1587615427046307
大田区|羽田6丁目,大田区,羽田六丁目,2467.0,0.8792705893716711,2.232423728813559,5.56,1.9629045277612018
大田区|本羽田1丁目,大田区,本羽田一丁目,4236.0,0.9911883722962066,1.732326203208556,2.44,1.7170615896443562
大田区|本羽田2丁目,大田区,本羽田二丁目,4256.0,0.9850336700969333,1.931328502415459,2.74,1.9024236028971135
大田区|本羽田3丁目,大田区,本羽田三丁目,3285.0,0.9868079476720178,1.7299930915371329,2.83,1.7071709321465274
大田区|羽田空港1丁目,大田区,羽田空港一丁目,0.0,0.7898450657447503,1.3280653104925055,10.02,1.0489658324792752
大田区|羽田空港2丁目,大田区,羽田空港二丁目,0.0,0.3327785463495939,1.1483239315422127,10.85,0.38213756867706816
大田区|羽田空港3丁目,大田区,羽田空港三丁目,0.0,0.048646482885548084,0.4478468413568962,6.68,0.021786173703415016
大田区|萩中1丁目,大田区,萩中一丁目,4178.0,1.0,1.4406507059545735,3.89,1.4406507059545735
大田区|萩中2丁目,大田区,萩中二丁目,3347.0,1.0,1.546442748091603,2.0,1.546442748091603
大田区|萩中3丁目,大田区,萩中三丁目,4064.0,0.9989336035412195,1.9788141592920354,4.95,1.9767039588799817
大田区|東六郷1丁目,大田区,東六郷一丁目,4183.0,0.9993455628771608,1.4239795918367348,1.98,1.4230476867296715
大田区|東六郷2丁目,大田区,東六郷二丁目,3178.0,1.0,1.3457689969604862,2.18,1.3457689969604862
大田区|東六郷3丁目,大田区,東六郷三丁目,3604.0,0.9536875416306942,1.4615716753022452,2.39,1.3938826979360535
大田区|西六郷1丁目,大田区,西六郷一丁目,6445.0,0.9446477855901421,0.7213639733135656,1.28,0.681434879995166
大田区|西六郷2丁目,大田区,西六郷二丁目,5118.0,0.9890525018274172,0.9475831578947368,1.33,0.937209493005314
大田区|西六郷3丁目,大田区,西六郷三丁目,4990.0,0.9890003084758924,1.0394938917975567,1.69,1.0280597796465896
大田区|西六郷4丁目,大田区,西六郷四丁目,5793.0,0.921042290838077,1.259741422178021,1.98,1.1602751253464616
大田区|南六郷1丁目,大田区,南六郷一丁目,5382.0,0.9919914606038904,1.919941205291524,3.35,1.9045652805107327
大田区|南六郷2丁目,大田区,南六郷二丁目,7556.0,0.9880943000655915,2.0246056282203724,4.32,2.000501281125266
大田区|南六郷3丁目,大田区,南六郷三丁目,4580.0,0.9743859292841006,1.7932945575405068,3.38,1.7473609839292268
大田区|仲六郷1丁目,大田区,仲六郷一丁目,5396.0,1.0,1.0209627182633318,1.59,1.0209627182633318
大田区|仲六郷2丁目,大田区,仲六郷二丁目,4094.0,0.9983266484267789,1.1639244663382593,1.74,1.1619768115014015
大田区|仲六郷3丁目,大田区,仲六郷三丁目,3546.0,0.9977713633205861,1.127740945365255,1.77,1.125227620529537
大田区|仲六郷4丁目,大田区,仲六郷四丁目,3731.0,0.9230160293812194,1.0913010204081632,1.85,1.007288334716816
大田区|下丸子1丁目,大田区,下丸子一丁目,3953.0,0.0,0.0,0.0,0.0
大田区|下丸子2丁目,大田区,下丸子二丁目,10333.0,0.05756972194088308,0.08570281124497992,0.34,0.0049338870129254815
大田区|下丸子3丁目,大田区,下丸子三丁目,2798.0,0.0,0.0,0.0,0.0
大田区|下丸子4丁目,大田区,下丸子四丁目,6232.0,0.0,0.0,0.0,0.0
大田区|矢口1丁目,大田区,矢口一丁目,4344.0,0.0,0.0,0.0,0.0
大田区|矢口2丁目,大田区,矢口二丁目,6050.0,0.011520399902384177,0.09964285714285714,0.2,0.0011479255617018519
大田区|矢口3丁目,大田区,矢口三丁目,6365.0,0.26136581259698854,0.1698945981554677,0.7,0.044404639702742645
大田区|東矢口1丁目,大田区,東矢口一丁目,3442.0,0.5720644706196859,0.1846979865771812,0.56,0.10565915591579701
大田区|東矢口2丁目,大田区,東矢口二丁目,3721.0,0.047112023591356134,0.14135135135135135,0.43,0.006659348199534934
大田区|東矢口3丁目,大田区,東矢口三丁目,5023.0,0.9417382988149429,0.32636582430806255,0.73,0.30735119617521134
大田区|多摩川1丁目,大田区,多摩川一丁目,5002.0,0.477778132988472,0.26800332778702163,0.82,0.12804612958478068
大田区|多摩川2丁目,大田区,多摩川二丁目,8266.0,0.9121140218617717,0.44341889117043126,2.64,0.40444858819494933
大田区|東蒲田1丁目,大田区,東蒲田一丁目,2574.0,0.9978758282095914,1.2897227356746765,1.98,1.286983143022108
大田区|東蒲田2丁目,大田区,東蒲田二丁目,3199.0,0.9245891033529747,1.5607004470938897,2.76,1.4430066269811261
大田区|南蒲田1丁目,大田区,南蒲田一丁目,3570.0,0.9621322782914928,1.0557868338557994,5.29,1.015806591847842
大田区|南蒲田2丁目,大田区,南蒲田二丁目,4504.0,1.0,1.0494626865671641,6.54,1.0494626865671641
大田区|南蒲田3丁目,大田区,南蒲田三丁目,3641.0,0.9961125317772463,1.286123101518785,2.45,1.2811233388310814
大田区|西蒲田1丁目,大田区,西蒲田一丁目,4080.0,0.9461875687242955,0.7079942693409742,1.48,0.6698953763784704
大田区|西蒲田2丁目,大田区,西蒲田二丁目,1697.0,0.36254076833973264,0.20448000000000002,0.62,0.07413233631010854
大田区|西蒲田3丁目,大田区,西蒲田三丁目,2910.0,0.9136590291465115,0.3389025460930641,0.89,0.3096413712386698
大田区|西蒲田4丁目,大田区,西蒲田四丁目,4418.0,0.9628393858048413,0.7843939393939394,3.21,0.7552453788351006
大田区|西蒲田5丁目,大田区,西蒲田五丁目,3022.0,0.9546291175012976,0.8488747488278634,2.97,0.8103605523426789
大田区|西蒲田6丁目,大田区,西蒲田六丁目,4173.0,0.9640756497499402,0.43390313390313384,2.09,0.41831544574619905
大田区|西蒲田7丁目,大田区,西蒲田七丁目,5663.0,0.9592197518943263,0.5608684863523574,3.83,0.5379961303242546
大田区|西蒲田8丁目,大田区,西蒲田八丁目,2255.0,0.9775325355414283,0.6345471877979028,1.26,0.6202905214087667
大田区|蒲田1丁目,大田区,蒲田一丁目,6833.0,0.9228106603501848,0.7384865327062847,2.52,0.6814832449064049
大田区|蒲田2丁目,大田区,蒲田二丁目,3754.0,1.0,0.7988461538461538,1.22,0.7988461538461538
大田区|蒲田3丁目,大田区,蒲田三丁目,3456.0,0.9799580566463801,1.132387190684134,2.89,1.109691950754078
大田区|蒲田4丁目,大田区,蒲田四丁目,5050.0,0.9641748569645658,0.8652048655569783,4.87,0.8342087774934459
大田区|蒲田5丁目,大田区,蒲田五丁目,4022.0,0.8290671121895786,0.6195787746170678,4.55,0.5136723854457302
大田区|蒲田本町1丁目,大田区,蒲田本町一丁目,3455.0,0.8335655065505867,0.6974113767518549,1.47,0.581338067536302
大田区|蒲田本町2丁目,大田区,蒲田本町二丁目,2646.0,1.0,0.9653316106804479,5.89,0.9653316106804479
大田区|新蒲田1丁目,大田区,新蒲田一丁目,3050.0,0.9173022667032122,0.4427992852888624,1.14,0.4061807880900358
大田区|新蒲田2丁目,大田区,新蒲田二丁目,2674.0,0.9560895227360049,0.4496210363495746,5.91,0.4298779620555327
大田区|新蒲田3丁目,大田区,新蒲田三丁目,4190.0,0.9985836665832118,0.614925925925926,1.09,0.6140549857881877
世田谷区|赤堤1丁目,世田谷区,赤堤１丁目,4551.0,0.0,0.0,0.0,0.0
世田谷区|赤堤2丁目,世田谷区,赤堤２丁目,4040.0,0.0,0.0,0.0,0.0
世田谷区|赤堤3丁目,世田谷区,赤堤３丁目,3763.0,0.0,0.0,0.0,0.0
世田谷区|赤堤4丁目,世田谷区,赤堤４丁目,3850.0,0.0,0.0,0.0,0.0
世田谷区|赤堤5丁目,世田谷区,赤堤５丁目,3940.0,0.0,0.0,0.0,0.0
世田谷区|池尻1丁目,世田谷区,池尻１丁目,1460.0,0.0,0.0,0.0,0.0
世田谷区|池尻2丁目,世田谷区,池尻２丁目,4572.0,0.0,0.0,0.0,0.0
世田谷区|池尻3丁目,世田谷区,池尻３丁目,4780.0,0.0,0.0,0.0,0.0
世田谷区|池尻4丁目,世田谷区,池尻４丁目,5672.0,0.0,0.0,0.0,0.0
世田谷区|宇奈根1丁目,世田谷区,宇奈根１丁目,2130.0,0.0,0.0,0.0,0.0
世田谷区|宇奈根2丁目,世田谷区,宇奈根２丁目,2450.0,0.0,0.0,0.0,0.0
世田谷区|宇奈根3丁目,世田谷区,宇奈根３丁目,1161.0,0.0,0.0,0.0,0.0
世田谷区|梅丘1丁目,世田谷区,梅丘１丁目,4068.0,0.0,0.0,0.0,0.0
世田谷区|梅丘2丁目,世田谷区,梅丘２丁目,3374.0,0.0,0.0,0.0,0.0
世田谷区|梅丘3丁目,世田谷区,梅丘３丁目,1567.0,0.0,0.0,0.0,0.0
世田谷区|大蔵1丁目,世田谷区,大蔵１丁目,2031.0,0.0,0.0,0.0,0.0
世田谷区|大蔵2丁目,世田谷区,大蔵２丁目,1531.0,0.0,0.0,0.0,0.0
世田谷区|大蔵3丁目,世田谷区,大蔵３丁目,1001.0,0.0,0.0,0.0,0.0
世田谷区|大蔵4丁目,世田谷区,大蔵４丁目,144.0,0.0,0.0,0.0,0.0
世田谷区|大蔵5丁目,世田谷区,大蔵５丁目,1744.0,0.0,0.0,0.0,0.0
世田谷区|大蔵6丁目,世田谷区,大蔵６丁目,974.0,0.0,0.0,0.0,0.0
世田谷区|大原1丁目,世田谷区,大原１丁目,5384.0,0.0,0.0,0.0,0.0
世田谷区|大原2丁目,世田谷区,大原２丁目,2923.0,0.0,0.0,0.0,0.0
世田谷区|岡本1丁目,世田谷区,岡本１丁目,3069.0,0.0,0.0,0.0,0.0
世田谷区|岡本2丁目,世田谷区,岡本２丁目,2227.0,0.0,0.0,0.0,0.0
世田谷区|岡本3丁目,世田谷区,岡本３丁目,3150.0,0.0,0.0,0.0,0.0
世田谷区|奥沢1丁目,世田谷区,奥沢１丁目,5231.0,0.0,0.0,0.0,0.0
世田谷区|奥沢2丁目,世田谷区,奥沢２丁目,4338.0,0.0,0.0,0.0,0.0
世田谷区|奥沢3丁目,世田谷区,奥沢３丁目,3950.0,0.0,0.0,0.0,0.0
世田谷区|奥沢4丁目,世田谷区,奥沢４丁目,2227.0,0.0,0.0,0.0,0.0
世田谷区|奥沢5丁目,世田谷区,奥沢５丁目,3562.0,0.0,0.0,0.0,0.0
世田谷区|奥沢6丁目,世田谷区,奥沢６丁目,3298.0,0.0,0.0,0.0,0.0
世田谷区|奥沢7丁目,世田谷区,奥沢７丁目,3575.0,0.0,0.0,0.0,0.0
世田谷区|奥沢8丁目,世田谷区,奥沢８丁目,2138.0,0.0,0.0,0.0,0.0
世田谷区|尾山台1丁目,世田谷区,尾山台１丁目,1757.0,0.0,0.0,0.0,0.0
世田谷区|尾山台2丁目,世田谷区,尾山台２丁目,1958.0,0.0,0.0,0.0,0.0
世田谷区|尾山台3丁目,世田谷区,尾山台３丁目,2977.0,0.0,0.0,0.0,0.0
世田谷区|粕谷1丁目,世田谷区,粕谷１丁目,2867.0,0.0,0.0,0.0,0.0
世田谷区|粕谷2丁目,世田谷区,粕谷２丁目,5025.0,0.0,0.0,0.0,0.0
世田谷区|粕谷3丁目,世田谷区,粕谷３丁目,2837.0,0.0,0.0,0.0,0.0
世田谷区|粕谷4丁目,世田谷区,粕谷４丁目,2459.0,0.0,0.0,0.0,0.0
世田谷区|鎌田1丁目,世田谷区,鎌田１丁目,1020.0,0.0,0.0,0.0,0.0
世田谷区|鎌田2丁目,世田谷区,鎌田２丁目,2681.0,0.0,0.0,0.0,0.0
世田谷区|鎌田3丁目,世田谷区,鎌田３丁目,2811.0,0.0,0.0,0.0,0.0
世田谷区|鎌田4丁目,世田谷区,鎌田４丁目,1357.0,0.0,0.0,0.0,0.0
世田谷区|上馬1丁目,世田谷区,上馬１丁目,4947.0,0.0,0.0,0.0,0.0
世田谷区|上馬2丁目,世田谷区,上馬２丁目,4791.0,0.0,0.0,0.0,0.0
世田谷区|上馬3丁目,世田谷区,上馬３丁目,1914.0,0.0,0.0,0.0,0.0
世田谷区|上馬4丁目,世田谷区,上馬４丁目,4889.0,0.0,0.0,0.0,0.0
世田谷区|上馬5丁目,世田谷区,上馬５丁目,4814.0,0.0,0.0,0.0,0.0
世田谷区|上北沢1丁目,世田谷区,上北沢１丁目,4193.0,0.0,0.0,0.0,0.0
世田谷区|上北沢2丁目,世田谷区,上北沢２丁目,133.0,0.0,0.0,0.0,0.0
世田谷区|上北沢3丁目,世田谷区,上北沢３丁目,2722.0,0.0,0.0,0.0,0.0
世田谷区|上北沢4丁目,世田谷区,上北沢４丁目,4630.0,0.0,0.0,0.0,0.0
世田谷区|上北沢5丁目,世田谷区,上北沢５丁目,5211.0,0.0,0.0,0.0,0.0
世田谷区|上祖師谷1丁目,世田谷区,上祖師谷１丁目,3364.0,0.0,0.0,0.0,0.0
世田谷区|上祖師谷2丁目,世田谷区,上祖師谷２丁目,4043.0,0.0,0.0,0.0,0.0
世田谷区|上祖師谷3丁目,世田谷区,上祖師谷３丁目,1559.0,0.0,0.0,0.0,0.0
世田谷区|上祖師谷4丁目,世田谷区,上祖師谷４丁目,3298.0,0.0,0.0,0.0,0.0
世田谷区|上祖師谷5丁目,世田谷区,上祖師谷５丁目,3454.0,0.0,0.0,0.0,0.0
世田谷区|上祖師谷6丁目,世田谷区,上祖師谷６丁目,2006.0,0.0,0.0,0.0,0.0
世田谷区|上祖師谷7丁目,世田谷区,上祖師谷７丁目,1665.0,0.0,0.0,0.0,0.0
世田谷区|上野毛1丁目,世田谷区,上野毛１丁目,4214.0,0.0,0.0,0.0,0.0
世田谷区|上野毛2丁目,世田谷区,上野毛２丁目,2484.0,0.0,0.0,0.0,0.0
世田谷区|上野毛3丁目,世田谷区,上野毛３丁目,1985.0,0.0,0.0,0.0,0.0
世田谷区|上野毛4丁目,世田谷区,上野毛４丁目,4212.0,0.0,0.0,0.0,0.0
世田谷区|上用賀1丁目,世田谷区,上用賀１丁目,3032.0,0.0,0.0,0.0,0.0
世田谷区|上用賀2丁目,世田谷区,上用賀２丁目,960.0,0.0,0.0,0.0,0.0
世田谷区|上用賀3丁目,世田谷区,上用賀３丁目,2272.0,0.0,0.0,0.0,0.0
世田谷区|上用賀4丁目,世田谷区,上用賀４丁目,3086.0,0.0,0.0,0.0,0.0
世田谷区|上用賀5丁目,世田谷区,上用賀５丁目,2683.0,0.0,0.0,0.0,0.0
世田谷区|上用賀6丁目,世田谷区,上用賀６丁目,2705.0,0.0,0.0,0.0,0.0
世田谷区|北烏山1丁目,世田谷区,北烏山１丁目,5255.0,0.0,0.0,0.0,0.0
世田谷区|北烏山2丁目,世田谷区,北烏山２丁目,2125.0,0.0,0.0,0.0,0.0
世田谷区|北烏山3丁目,世田谷区,北烏山３丁目,3288.0,0.0,0.0,0.0,0.0
世田谷区|北烏山4丁目,世田谷区,北烏山４丁目,1982.0,0.0,0.0,0.0,0.0
世田谷区|北烏山5丁目,世田谷区,北烏山５丁目,1351.0,0.0,0.0,0.0,0.0
世田谷区|北烏山6丁目,世田谷区,北烏山６丁目,3798.0,0.0,0.0,0.0,0.0
世田谷区|北烏山7丁目,世田谷区,北烏山７丁目,3226.0,0.0,0.0,0.0,0.0
世田谷区|北烏山8丁目,世田谷区,北烏山８丁目,3076.0,0.0,0.0,0.0,0.0
世田谷区|北烏山9丁目,世田谷区,北烏山９丁目,2755.0,0.0,0.0,0.0,0.0
世田谷区|北沢1丁目,世田谷区,北沢１丁目,5272.0,0.0,0.0,0.0,0.0
世田谷区|北沢2丁目,世田谷区,北沢２丁目,2372.0,0.0,0.0,0.0,0.0
世田谷区|北沢3丁目,世田谷区,北沢３丁目,3201.0,0.0,0.0,0.0,0.0
世田谷区|北沢4丁目,世田谷区,北沢４丁目,3438.0,0.0,0.0,0.0,0.0
世田谷区|北沢5丁目,世田谷区,北沢５丁目,4164.0,0.0,0.0,0.0,0.0
世田谷区|喜多見1丁目,世田谷区,喜多見１丁目,2010.0,0.0,0.0,0.0,0.0
世田谷区|喜多見2丁目,世田谷区,喜多見２丁目,1463.0,0.0,0.0,0.0,0.0
世田谷区|喜多見3丁目,世田谷区,喜多見３丁目,1436.0,0.0,0.0,0.0,0.0
世田谷区|喜多見4丁目,世田谷区,喜多見４丁目,2633.0,0.0,0.0,0.0,0.0
世田谷区|喜多見5丁目,世田谷区,喜多見５丁目,1729.0,0.0,0.0,0.0,0.0
世田谷区|喜多見6丁目,世田谷区,喜多見６丁目,1528.0,0.0,0.0,0.0,0.0
世田谷区|喜多見7丁目,世田谷区,喜多見７丁目,3382.0,0.0,0.0,0.0,0.0
世田谷区|喜多見8丁目,世田谷区,喜多見８丁目,2379.0,0.0,0.0,0.0,0.0
世田谷区|喜多見9丁目,世田谷区,喜多見９丁目,3180.0,0.0,0.0,0.0,0.0
世田谷区|砧1丁目,世田谷区,砧１丁目,4334.0,0.0,0.0,0.0,0.0
世田谷区|砧2丁目,世田谷区,砧２丁目,3605.0,0.0,0.0,0.0,0.0
世田谷区|砧3丁目,世田谷区,砧３丁目,3880.0,0.0,0.0,0.0,0.0
世田谷区|砧4丁目,世田谷区,砧４丁目,4326.0,0.0,0.0,0.0,0.0
世田谷区|砧5丁目,世田谷区,砧５丁目,2695.0,0.0,0.0,0.0,0.0
世田谷区|砧6丁目,世田谷区,砧６丁目,2714.0,0.0,0.0,0.0,0.0
世田谷区|砧7丁目,世田谷区,砧７丁目,2146.0,0.0,0.0,0.0,0.0
世田谷区|砧8丁目,世田谷区,砧８丁目,3163.0,0.0,0.0,0.0,0.0
世田谷区|砧公園,世田谷区,砧公園,0.0,0.0,0.0,0.0,0.0
世田谷区|給田1丁目,世田谷区,給田１丁目,1450.0,0.0,0.0,0.0,0.0
世田谷区|給田2丁目,世田谷区,給田２丁目,1282.0,0.0,0.0,0.0,0.0
世田谷区|給田3丁目,世田谷区,給田３丁目,3929.0,0.0,0.0,0.0,0.0
世田谷区|給田4丁目,世田谷区,給田４丁目,3590.0,0.0,0.0,0.0,0.0
世田谷区|給田5丁目,世田谷区,給田５丁目,2715.0,0.0,0.0,0.0,0.0
世田谷区|経堂1丁目,世田谷区,経堂１丁目,4413.0,0.0,0.0,0.0,0.0
世田谷区|経堂2丁目,世田谷区,経堂２丁目,3298.0,0.0,0.0,0.0,0.0
世田谷区|経堂3丁目,世田谷区,経堂３丁目,3460.0,0.0,0.0,0.0,0.0
世田谷区|経堂4丁目,世田谷区,経堂４丁目,4692.0,0.0,0.0,0.0,0.0
世田谷区|経堂5丁目,世田谷区,経堂５丁目,4624.0,0.0,0.0,0.0,0.0
世田谷区|駒沢1丁目,世田谷区,駒沢１丁目,2928.0,0.0,0.0,0.0,0.0
世田谷区|駒沢2丁目,世田谷区,駒沢２丁目,4894.0,0.0,0.0,0.0,0.0
世田谷区|駒沢3丁目,世田谷区,駒沢３丁目,3099.0,0.0,0.0,0.0,0.0
世田谷区|駒沢4丁目,世田谷区,駒沢４丁目,3566.0,0.0,0.0,0.0,0.0
世田谷区|駒沢5丁目,世田谷区,駒沢５丁目,2333.0,0.0,0.0,0.0,0.0
世田谷区|駒沢公園,世田谷区,駒沢公園,6.0,0.0,0.0,0.0,0.0
世田谷区|豪徳寺1丁目,世田谷区,豪徳寺１丁目,4255.0,0.0,0.0,0.0,0.0
世田谷区|豪徳寺2丁目,世田谷区,豪徳寺２丁目,2483.0,0.0,0.0,0.0,0.0
世田谷区|桜1丁目,世田谷区,桜１丁目,4708.0,0.0,0.0,0.0,0.0
世田谷区|桜2丁目,世田谷区,桜２丁目,3418.0,0.0,0.0,0.0,0.0
世田谷区|桜3丁目,世田谷区,桜３丁目,4136.0,0.0,0.0,0.0,0.0
世田谷区|桜丘1丁目,世田谷区,桜丘１丁目,2522.0,0.0,0.0,0.0,0.0
世田谷区|桜丘2丁目,世田谷区,桜丘２丁目,3712.0,0.0,0.0,0.0,0.0
世田谷区|桜丘3丁目,世田谷区,桜丘３丁目,4275.0,0.0,0.0,0.0,0.0
世田谷区|桜丘4丁目,世田谷区,桜丘４丁目,4410.0,0.0,0.0,0.0,0.0
世田谷区|桜丘5丁目,世田谷区,桜丘５丁目,5001.0,0.0,0.0,0.0,0.0
世田谷区|桜新町1丁目,世田谷区,桜新町１丁目,3732.0,0.0,0.0,0.0,0.0
世田谷区|桜新町2丁目,世田谷区,桜新町２丁目,4006.0,0.0,0.0,0.0,0.0
世田谷区|桜上水1丁目,世田谷区,桜上水１丁目,3279.0,0.0,0.0,0.0,0.0
世田谷区|桜上水2丁目,世田谷区,桜上水２丁目,2002.0,0.0,0.0,0.0,0.0
世田谷区|桜上水3丁目,世田谷区,桜上水３丁目,1723.0,0.0,0.0,0.0,0.0
世田谷区|桜上水4丁目,世田谷区,桜上水４丁目,4058.0,0.0,0.0,0.0,0.0
世田谷区|桜上水5丁目,世田谷区,桜上水５丁目,3112.0,0.0,0.0,0.0,0.0
世田谷区|三軒茶屋1丁目,世田谷区,三軒茶屋１丁目,5225.0,0.0,0.0,0.0,0.0
世田谷区|三軒茶屋2丁目,世田谷区,三軒茶屋２丁目,7811.0,0.0,0.0,0.0,0.0
世田谷区|下馬1丁目,世田谷区,下馬１丁目,6267.0,0.0,0.0,0.0,0.0
世田谷区|下馬2丁目,世田谷区,下馬２丁目,5548.0,0.0,0.0,0.0,0.0
世田谷区|下馬3丁目,世田谷区,下馬３丁目,3742.0,0.0,0.0,0.0,0.0
世田谷区|下馬4丁目,世田谷区,下馬４丁目,2217.0,0.0,0.0,0.0,0.0
世田谷区|下馬5丁目,世田谷区,下馬５丁目,3950.0,0.0,0.0,0.0,0.0
世田谷区|下馬6丁目,世田谷区,下馬６丁目,6017.0,0.0,0.0,0.0,0.0
世田谷区|新町1丁目,世田谷区,新町１丁目,2721.0,0.0,0.0,0.0,0.0
世田谷区|新町2丁目,世田谷区,新町２丁目,3555.0,0.0,0.0,0.0,0.0
世田谷区|新町3丁目,世田谷区,新町３丁目,2040.0,0.0,0.0,0.0,0.0
世田谷区|成城1丁目,世田谷区,成城１丁目,2358.0,0.0,0.0,0.0,0.0
世田谷区|成城2丁目,世田谷区,成城２丁目,3021.0,0.0,0.0,0.0,0.0
世田谷区|成城3丁目,世田谷区,成城３丁目,2223.0,0.0,0.0,0.0,0.0
世田谷区|成城4丁目,世田谷区,成城４丁目,3306.0,0.0,0.0,0.0,0.0
世田谷区|成城5丁目,世田谷区,成城５丁目,2003.0,0.0,0.0,0.0,0.0
世田谷区|成城6丁目,世田谷区,成城６丁目,1491.0,0.0,0.0,0.0,0.0
世田谷区|成城7丁目,世田谷区,成城７丁目,2509.0,0.0,0.0,0.0,0.0
世田谷区|成城8丁目,世田谷区,成城８丁目,3774.0,0.0,0.0,0.0,0.0
世田谷区|成城9丁目,世田谷区,成城９丁目,2393.0,0.0,0.0,0.0,0.0
世田谷区|瀬田1丁目,世田谷区,瀬田１丁目,2766.0,0.0,0.0,0.0,0.0
世田谷区|瀬田2丁目,世田谷区,瀬田２丁目,3471.0,0.0,0.0,0.0,0.0
世田谷区|瀬田3丁目,世田谷区,瀬田３丁目,2318.0,0.0,0.0,0.0,0.0
世田谷区|瀬田4丁目,世田谷区,瀬田４丁目,3703.0,0.0,0.0,0.0,0.0
世田谷区|瀬田5丁目,世田谷区,瀬田５丁目,3393.0,0.0,0.0,0.0,0.0
世田谷区|世田谷1丁目,世田谷区,世田谷１丁目,6319.0,0.0,0.0,0.0,0.0
世田谷区|世田谷2丁目,世田谷区,世田谷２丁目,3559.0,0.0,0.0,0.0,0.0
世田谷区|世田谷3丁目,世田谷区,世田谷３丁目,3247.0,0.0,0.0,0.0,0.0
世田谷区|世田谷4丁目,世田谷区,世田谷４丁目,3317.0,0.0,0.0,0.0,0.0
世田谷区|祖師谷1丁目,世田谷区,祖師谷１丁目,3202.0,0.0,0.0,0.0,0.0
世田谷区|祖師谷2丁目,世田谷区,祖師谷２丁目,1353.0,0.0,0.0,0.0,0.0
世田谷区|祖師谷3丁目,世田谷区,祖師谷３丁目,4666.0,0.0,0.0,0.0,0.0
世田谷区|祖師谷4丁目,世田谷区,祖師谷４丁目,3508.0,0.0,0.0,0.0,0.0
世田谷区|祖師谷5丁目,世田谷区,祖師谷５丁目,3060.0,0.0,0.0,0.0,0.0
世田谷区|祖師谷6丁目,世田谷区,祖師谷６丁目,3605.0,0.0,0.0,0.0,0.0
世田谷区|太子堂1丁目,世田谷区,太子堂１丁目,3047.0,0.0,0.0,0.0,0.0
世田谷区|太子堂2丁目,世田谷区,太子堂２丁目,4257.0,0.0,0.0,0.0,0.0
世田谷区|太子堂3丁目,世田谷区,太子堂３丁目,4762.0,0.0,0.0,0.0,0.0
世田谷区|太子堂4丁目,世田谷区,太子堂４丁目,2808.0,0.0,0.0,0.0,0.0
世田谷区|太子堂5丁目,世田谷区,太子堂５丁目,4022.0,0.0,0.0,0.0,0.0
世田谷区|玉川1丁目,世田谷区,玉川１丁目,3290.0,0.0,0.0,0.0,0.0
世田谷区|玉川2丁目,世田谷区,玉川２丁目,2215.0,0.0,0.0,0.0,0.0
世田谷区|玉川3丁目,世田谷区,玉川３丁目,3401.0,0.0,0.0,0.0,0.0
世田谷区|玉川4丁目,世田谷区,玉川４丁目,3542.0,0.0,0.0,0.0,0.0
世田谷区|玉川台1丁目,世田谷区,玉川台１丁目,2109.0,0.0,0.0,0.0,0.0
世田谷区|玉川台2丁目,世田谷区,玉川台２丁目,4423.0,0.0,0.0,0.0,0.0
世田谷区|玉川田園調布1丁目,世田谷区,玉川田園調布１丁目,1129.0,0.0,0.0,0.0,0.0
世田谷区|玉川田園調布2丁目,世田谷区,玉川田園調布２丁目,1275.0,0.0,0.0,0.0,0.0
世田谷区|玉堤1丁目,世田谷区,玉堤１丁目,4896.0,0.0,0.0,0.0,0.0
世田谷区|玉堤2丁目,世田谷区,玉堤２丁目,1185.0,0.0,0.0,0.0,0.0
世田谷区|代沢1丁目,世田谷区,代沢１丁目,2851.0,0.0,0.0,0.0,0.0
世田谷区|代沢2丁目,世田谷区,代沢２丁目,4622.0,0.0,0.0,0.0,0.0
世田谷区|代沢3丁目,世田谷区,代沢３丁目,2092.0,0.0,0.0,0.0,0.0
世田谷区|代沢4丁目,世田谷区,代沢４丁目,4342.0,0.0,0.0,0.0,0.0
世田谷区|代沢5丁目,世田谷区,代沢５丁目,2714.0,0.0,0.0,0.0,0.0
世田谷区|代田1丁目,世田谷区,代田１丁目,3902.0,0.0,0.0,0.0,0.0
世田谷区|代田2丁目,世田谷区,代田２丁目,3450.0,0.0,0.0,0.0,0.0
世田谷区|代田3丁目,世田谷区,代田３丁目,5580.0,0.0,0.0,0.0,0.0
世田谷区|代田4丁目,世田谷区,代田４丁目,3928.0,0.0,0.0,0.0,0.0
世田谷区|代田5丁目,世田谷区,代田５丁目,3340.0,0.0,0.0,0.0,0.0
世田谷区|代田6丁目,世田谷区,代田６丁目,3565.0,0.0,0.0,0.0,0.0
世田谷区|千歳台1丁目,世田谷区,千歳台１丁目,3553.0,0.0,0.0,0.0,0.0
世田谷区|千歳台2丁目,世田谷区,千歳台２丁目,3595.0,0.0,0.0,0.0,0.0
世田谷区|千歳台3丁目,世田谷区,千歳台３丁目,2705.0,0.0,0.0,0.0,0.0
世田谷区|千歳台4丁目,世田谷区,千歳台４丁目,2887.0,0.0,0.0,0.0,0.0
世田谷区|千歳台5丁目,世田谷区,千歳台５丁目,2055.0,0.0,0.0,0.0,0.0
世田谷区|千歳台6丁目,世田谷区,千歳台６丁目,4478.0,0.0,0.0,0.0,0.0
世田谷区|弦巻1丁目,世田谷区,弦巻１丁目,5072.0,0.0,0.0,0.0,0.0
世田谷区|弦巻2丁目,世田谷区,弦巻２丁目,4546.0,0.0,0.0,0.0,0.0
世田谷区|弦巻3丁目,世田谷区,弦巻３丁目,4383.0,0.0,0.0,0.0,0.0
世田谷区|弦巻4丁目,世田谷区,弦巻４丁目,5197.0,0.0,0.0,0.0,0.0
世田谷区|弦巻5丁目,世田谷区,弦巻５丁目,6045.0,0.0,0.0,0.0,0.0
世田谷区|等々力1丁目,世田谷区,等々力１丁目,2533.0,0.0,0.0,0.0,0.0
世田谷区|等々力2丁目,世田谷区,等々力２丁目,3569.0,0.0,0.0,0.0,0.0
世田谷区|等々力3丁目,世田谷区,等々力３丁目,2550.0,0.0,0.0,0.0,0.0
世田谷区|等々力4丁目,世田谷区,等々力４丁目,2331.0,0.0,0.0,0.0,0.0
世田谷区|等々力5丁目,世田谷区,等々力５丁目,3508.0,0.0,0.0,0.0,0.0
世田谷区|等々力6丁目,世田谷区,等々力６丁目,4554.0,0.0,0.0,0.0,0.0
世田谷区|等々力7丁目,世田谷区,等々力７丁目,4624.0,0.0,0.0,0.0,0.0
世田谷区|等々力8丁目,世田谷区,等々力８丁目,3672.0,0.0,0.0,0.0,0.0
世田谷区|中町1丁目,世田谷区,中町１丁目,1891.0,0.0,0.0,0.0,0.0
世田谷区|中町2丁目,世田谷区,中町２丁目,3564.0,0.0,0.0,0.0,0.0
世田谷区|中町3丁目,世田谷区,中町３丁目,3077.0,0.0,0.0,0.0,0.0
世田谷区|中町4丁目,世田谷区,中町４丁目,3052.0,0.0,0.0,0.0,0.0
世田谷区|中町5丁目,世田谷区,中町５丁目,3470.0,0.0,0.0,0.0,0.0
世田谷区|野毛1丁目,世田谷区,野毛１丁目,1775.0,0.0,0.0,0.0,0.0
世田谷区|野毛2丁目,世田谷区,野毛２丁目,2630.0,0.0,0.0,0.0,0.0
世田谷区|野毛3丁目,世田谷区,野毛３丁目,1721.0,0.0,0.0,0.0,0.0
世田谷区|野沢1丁目,世田谷区,野沢１丁目,3668.0,0.0,0.0,0.0,0.0
世田谷区|野沢2丁目,世田谷区,野沢２丁目,3293.0,0.0,0.0,0.0,0.0
世田谷区|野沢3丁目,世田谷区,野沢３丁目,5669.0,0.0,0.0,0.0,0.0
世田谷区|野沢4丁目,世田谷区,野沢４丁目,2813.0,0.0,0.0,0.0,0.0
世田谷区|八幡山1丁目,世田谷区,八幡山１丁目,2841.0,0.0,0.0,0.0,0.0
世田谷区|八幡山2丁目,世田谷区,八幡山２丁目,1454.0,0.0,0.0,0.0,0.0
世田谷区|八幡山3丁目,世田谷区,八幡山３丁目,3371.0,0.0,0.0,0.0,0.0
世田谷区|羽根木1丁目,世田谷区,羽根木１丁目,2995.0,0.0,0.0,0.0,0.0
世田谷区|羽根木2丁目,世田谷区,羽根木２丁目,4277.0,0.0,0.0,0.0,0.0
世田谷区|東玉川1丁目,世田谷区,東玉川１丁目,4132.0,0.0,0.0,0.0,0.0
世田谷区|東玉川2丁目,世田谷区,東玉川２丁目,4348.0,0.0,0.0,0.0,0.0
世田谷区|深沢1丁目,世田谷区,深沢１丁目,3510.0,0.0,0.0,0.0,0.0
世田谷区|深沢2丁目,世田谷区,深沢２丁目,4394.0,0.0,0.0,0.0,0.0
世田谷区|深沢3丁目,世田谷区,深沢３丁目,2487.0,0.0,0.0,0.0,0.0
世田谷区|深沢4丁目,世田谷区,深沢４丁目,3575.0,0.0,0.0,0.0,0.0
世田谷区|深沢5丁目,世田谷区,深沢５丁目,3971.0,0.0,0.0,0.0,0.0
世田谷区|深沢6丁目,世田谷区,深沢６丁目,2635.0,0.0,0.0,0.0,0.0
世田谷区|深沢7丁目,世田谷区,深沢７丁目,2356.0,0.0,0.0,0.0,0.0
世田谷区|深沢8丁目,世田谷区,深沢８丁目,1715.0,0.0,0.0,0.0,0.0
世田谷区|船橋1丁目,世田谷区,船橋１丁目,5230.0,0.0,0.0,0.0,0.0
世田谷区|船橋2丁目,世田谷区,船橋２丁目,2365.0,0.0,0.0,0.0,0.0
世田谷区|船橋3丁目,世田谷区,船橋３丁目,4077.0,0.0,0.0,0.0,0.0
世田谷区|船橋4丁目,世田谷区,船橋４丁目,3300.0,0.0,0.0,0.0,0.0
世田谷区|船橋5丁目,世田谷区,船橋５丁目,5034.0,0.0,0.0,0.0,0.0
世田谷区|船橋6丁目,世田谷区,船橋６丁目,3066.0,0.0,0.0,0.0,0.0
世田谷区|船橋7丁目,世田谷区,船橋７丁目,4231.0,0.0,0.0,0.0,0.0
世田谷区|松原1丁目,世田谷区,松原１丁目,6262.0,0.0,0.0,0.0,0.0
世田谷区|松原2丁目,世田谷区,松原２丁目,4993.0,0.0,0.0,0.0,0.0
世田谷区|松原3丁目,世田谷区,松原３丁目,5088.0,0.0,0.0,0.0,0.0
世田谷区|松原4丁目,世田谷区,松原４丁目,3673.0,0.0,0.0,0.0,0.0
世田谷区|松原5丁目,世田谷区,松原５丁目,5610.0,0.0,0.0,0.0,0.0
世田谷区|松原6丁目,世田谷区,松原６丁目,4144.0,0.0,0.0,0.0,0.0
世田谷区|三宿1丁目,世田谷区,三宿１丁目,4025.0,0.0,0.0,0.0,0.0
世田谷区|三宿2丁目,世田谷区,三宿２丁目,4532.0,0.0,0.0,0.0,0.0
世田谷区|南烏山1丁目,世田谷区,南烏山１丁目,3508.0,0.0,0.0,0.0,0.0
世田谷区|南烏山2丁目,世田谷区,南烏山２丁目,4518.0,0.0,0.0,0.0,0.0
世田谷区|南烏山3丁目,世田谷区,南烏山３丁目,4255.0,0.0,0.0,0.0,0.0
世田谷区|南烏山4丁目,世田谷区,南烏山４丁目,3188.0,0.0,0.0,0.0,0.0
世田谷区|南烏山5丁目,世田谷区,南烏山５丁目,2712.0,0.0,0.0,0.0,0.0
世田谷区|南烏山6丁目,世田谷区,南烏山６丁目,5333.0,0.0,0.0,0.0,0.0
世田谷区|宮坂1丁目,世田谷区,宮坂１丁目,3914.0,0.0,0.0,0.0,0.0
世田谷区|宮坂2丁目,世田谷区,宮坂２丁目,3246.0,0.0,0.0,0.0,0.0
世田谷区|宮坂3丁目,世田谷区,宮坂３丁目,4541.0,0.0,0.0,0.0,0.0
世田谷区|用賀1丁目,世田谷区,用賀１丁目,3958.0,0.0,0.0,0.0,0.0
世田谷区|用賀2丁目,世田谷区,用賀２丁目,4305.0,0.0,0.0,0.0,0.0
世田谷区|用賀3丁目,世田谷区,用賀３丁目,4404.0,0.0,0.0,0.0,0.0
世田谷区|用賀4丁目,世田谷区,用賀４丁目,3150.0,0.0,0.0,0.0,0.0
世田谷区|若林1丁目,世田谷区,若林１丁目,4633.0,0.0,0.0,0.0,0.0
世田谷区|若林2丁目,世田谷区,若林２丁目,3786.0,0.0,0.0,0.0,0.0
世田谷区|若林3丁目,世田谷区,若林３丁目,3551.0,0.0,0.0,0.0,0.0
世田谷区|若林4丁目,世田谷区,若林４丁目,4281.0,0.0,0.0,0.0,0.0
世田谷区|若林5丁目,世田谷区,若林５丁目,3444.0,0.0,0.0,0.0,0.0
渋谷区|恵比寿1丁目,渋谷区,恵比寿１丁目,3786.0,0.0,0.0,0.0,0.0
渋谷区|恵比寿2丁目,渋谷区,恵比寿２丁目,4347.0,0.0,0.0,0.0,0.0
渋谷区|恵比寿3丁目,渋谷区,恵比寿３丁目,4797.0,0.0,0.0,0.0,0.0
渋谷区|恵比寿4丁目,渋谷区,恵比寿４丁目,2446.0,0.0,0.0,0.0,0.0
渋谷区|広尾1丁目,渋谷区,広尾１丁目,2840.0,0.0,0.0,0.0,0.0
渋谷区|広尾2丁目,渋谷区,広尾２丁目,1957.0,0.0,0.0,0.0,0.0
渋谷区|広尾5丁目,渋谷区,広尾５丁目,3010.0,0.0,0.0,0.0,0.0
渋谷区|猿楽町,渋谷区,猿楽町,1977.0,0.0,0.0,0.0,0.0
渋谷区|鴬谷町,渋谷区,鴬谷町,1781.0,0.0,0.0,0.0,0.0
渋谷区|鉢山町,渋谷区,鉢山町,1216.0,0.0,0.0,0.0,0.0
渋谷区|代官山町,渋谷区,代官山町,2121.0,0.0,0.0,0.0,0.0
渋谷区|恵比寿西1丁目,渋谷区,恵比寿西１丁目,2069.0,0.0,0.0,0.0,0.0
渋谷区|恵比寿西2丁目,渋谷区,恵比寿西２丁目,2257.0,0.0,0.0,0.0,0.0
渋谷区|恵比寿南1丁目,渋谷区,恵比寿南１丁目,892.0,0.0,0.0,0.0,0.0
渋谷区|恵比寿南2丁目,渋谷区,恵比寿南２丁目,1895.0,0.0,0.0,0.0,0.0
渋谷区|恵比寿南3丁目,渋谷区,恵比寿南３丁目,2129.0,0.0,0.0,0.0,0.0
渋谷区|渋谷1丁目,渋谷区,渋谷１丁目,2000.0,0.0,0.0,0.0,0.0
渋谷区|渋谷2丁目,渋谷区,渋谷２丁目,710.0,0.0,0.0,0.0,0.0
渋谷区|渋谷3丁目,渋谷区,渋谷３丁目,814.0,0.0,0.0,0.0,0.0
渋谷区|渋谷4丁目,渋谷区,渋谷４丁目,518.0,0.0,0.0,0.0,0.0
渋谷区|東1丁目,渋谷区,東１丁目,2027.0,0.0,0.0,0.0,0.0
渋谷区|東2丁目,渋谷区,東２丁目,2657.0,0.0,0.0,0.0,0.0
渋谷区|東3丁目,渋谷区,東３丁目,2216.0,0.0,0.0,0.0,0.0
渋谷区|東4丁目,渋谷区,東４丁目,1161.0,0.0,0.0,0.0,0.0
渋谷区|広尾3丁目,渋谷区,広尾３丁目,2961.0,0.0,0.0,0.0,0.0
渋谷区|広尾4丁目,渋谷区,広尾４丁目,4074.0,0.0,0.0,0.0,0.0
渋谷区|桜丘町,渋谷区,桜丘町,1871.0,0.0,0.0,0.0,0.0
渋谷区|南平台町,渋谷区,南平台町,2049.0,0.0,0.0,0.0,0.0
渋谷区|道玄坂1丁目,渋谷区,道玄坂１丁目,179.0,0.0,0.0,0.0,0.0
渋谷区|道玄坂2丁目,渋谷区,道玄坂２丁目,325.0,0.0,0.0,0.0,0.0
渋谷区|円山町,渋谷区,円山町,2026.0,0.0,0.0,0.0,0.0
渋谷区|神泉町,渋谷区,神泉町,2216.0,0.0,0.0,0.0,0.0
渋谷区|宇田川町,渋谷区,宇田川町,1406.0,0.0,0.0,0.0,0.0
渋谷区|神南1丁目,渋谷区,神南１丁目,695.0,0.0,0.0,0.0,0.0
渋谷区|神南2丁目,渋谷区,神南２丁目,0.0,0.0,0.0,0.0,0.0
渋谷区|神山町,渋谷区,神山町,2922.0,0.0,0.0,0.0,0.0
渋谷区|松濤1丁目,渋谷区,松濤１丁目,1273.0,0.0,0.0,0.0,0.0
渋谷区|松濤2丁目,渋谷区,松濤２丁目,1768.0,0.0,0.0,0.0,0.0
渋谷区|代々木神園町,渋谷区,代々木神園町,107.0,0.0,0.0,0.0,0.0
渋谷区|富ケ谷1丁目,渋谷区,富ヶ谷１丁目,4383.0,0.0,0.0,0.0,0.0
渋谷区|富ケ谷2丁目,渋谷区,富ヶ谷２丁目,5147.0,0.0,0.0,0.0,0.0
渋谷区|上原1丁目,渋谷区,上原１丁目,3097.0,0.0,0.0,0.0,0.0
渋谷区|上原2丁目,渋谷区,上原２丁目,4280.0,0.0,0.0,0.0,0.0
渋谷区|上原3丁目,渋谷区,上原３丁目,3362.0,0.0,0.0,0.0,0.0
渋谷区|西原1丁目,渋谷区,西原１丁目,4049.0,0.0,0.0,0.0,0.0
渋谷区|西原2丁目,渋谷区,西原２丁目,3767.0,0.0,0.0,0.0,0.0
渋谷区|西原3丁目,渋谷区,西原３丁目,2806.0,0.0,0.0,0.0,0.0
渋谷区|元代々木町,渋谷区,元代々木町,3877.0,0.0,0.0,0.0,0.0
渋谷区|大山町,渋谷区,大山町,3526.0,0.0,0.0,0.0,0.0
渋谷区|代々木3丁目,渋谷区,代々木３丁目,4902.0,0.0,0.0,0.0,0.0
渋谷区|代々木4丁目,渋谷区,代々木４丁目,7158.0,0.0,0.0,0.0,0.0
渋谷区|代々木5丁目,渋谷区,代々木５丁目,6659.0,0.0,0.0,0.0,0.0
渋谷区|本町1丁目,渋谷区,本町１丁目,5349.0,0.0,0.0,0.0,0.0
渋谷区|初台1丁目,渋谷区,初台１丁目,4761.0,0.0,0.0,0.0,0.0
渋谷区|初台2丁目,渋谷区,初台２丁目,3989.0,0.0,0.0,0.0,0.0
渋谷区|本町2丁目,渋谷区,本町２丁目,4571.0,0.0,0.0,0.0,0.0
渋谷区|本町3丁目,渋谷区,本町３丁目,4747.0,0.0,0.0,0.0,0.0
渋谷区|本町4丁目,渋谷区,本町４丁目,4493.0,0.0,0.0,0.0,0.0
渋谷区|本町5丁目,渋谷区,本町５丁目,4167.0,0.0,0.0,0.0,0.0
渋谷区|本町6丁目,渋谷区,本町６丁目,3901.0,0.0,0.0,0.0,0.0
渋谷区|幡ケ谷1丁目,渋谷区,幡ヶ谷１丁目,3411.0,0.0,0.0,0.0,0.0
渋谷区|幡ケ谷2丁目,渋谷区,幡ヶ谷２丁目,6152.0,0.0,0.0,0.0,0.0
渋谷区|幡ケ谷3丁目,渋谷区,幡ヶ谷３丁目,6894.0,0.0,0.0,0.0,0.0
渋谷区|笹塚1丁目,渋谷区,笹塚１丁目,6853.0,0.0,0.0,0.0,0.0
渋谷区|笹塚2丁目,渋谷区,笹塚２丁目,5664.0,0.0,0.0,0.0,0.0
渋谷区|笹塚3丁目,渋谷区,笹塚３丁目,4473.0,0.0,0.0,0.0,0.0
渋谷区|千駄ケ谷1丁目,渋谷区,千駄ヶ谷１丁目,1736.0,0.0,0.0,0.0,0.0
渋谷区|千駄ケ谷2丁目,渋谷区,千駄ヶ谷２丁目,1252.0,0.0,0.0,0.0,0.0
渋谷区|千駄ケ谷3丁目,渋谷区,千駄ヶ谷３丁目,3247.0,0.0,0.0,0.0,0.0
渋谷区|千駄ケ谷4丁目,渋谷区,千駄ヶ谷４丁目,2474.0,0.0,0.0,0.0,0.0
渋谷区|千駄ケ谷5丁目,渋谷区,千駄ヶ谷５丁目,2434.0,0.0,0.0,0.0,0.0
渋谷区|千駄ケ谷6丁目,渋谷区,千駄ヶ谷６丁目,15.0,0.0,0.0,0.0,0.0
渋谷区|代々木1丁目,渋谷区,代々木１丁目,3028.0,0.0,0.0,0.0,0.0
渋谷区|代々木2丁目,渋谷区,代々木２丁目,3108.0,0.0,0.0,0.0,0.0
渋谷区|神宮前1丁目,渋谷区,神宮前１丁目,1878.0,0.0,0.0,0.0,0.0
渋谷区|神宮前2丁目,渋谷区,神宮前２丁目,3426.0,0.0,0.0,0.0,0.0
渋谷区|神宮前3丁目,渋谷区,神宮前３丁目,2949.0,0.0,0.0,0.0,0.0
渋谷区|神宮前4丁目,渋谷区,神宮前４丁目,1067.0,0.0,0.0,0.0,0.0
渋谷区|神宮前5丁目,渋谷区,神宮前５丁目,1961.0,0.0,0.0,0.0,0.0
渋谷区|神宮前6丁目,渋谷区,神宮前６丁目,894.0,0.0,0.0,0.0,0.0
中野区|南台1丁目,中野区,南台一丁目,1277.0,0.0,0.0,0.0,0.0
中野区|南台2丁目,中野区,南台二丁目,5273.0,0.0,0.0,0.0,0.0
中野区|南台3丁目,中野区,南台三丁目,5565.0,0.0,0.0,0.0,0.0
中野区|南台4丁目,中野区,南台四丁目,4456.0,0.0,0.0,0.0,0.0
中野区|南台5丁目,中野区,南台五丁目,4097.0,0.0,0.0,0.0,0.0
中野区|弥生町1丁目,中野区,弥生町一丁目,6392.0,0.0,0.0,0.0,0.0
中野区|弥生町2丁目,中野区,弥生町二丁目,5491.0,0.0,0.0,0.0,0.0
中野区|弥生町3丁目,中野区,弥生町三丁目,2998.0,0.0,0.0,0.0,0.0
中野区|弥生町4丁目,中野区,弥生町四丁目,3307.0,0.0,0.0,0.0,0.0
中野区|弥生町5丁目,中野区,弥生町五丁目,3823.0,0.0,0.0,0.0,0.0
中野区|弥生町6丁目,中野区,弥生町六丁目,1788.0,0.0,0.0,0.0,0.0
中野区|本町1丁目,中野区,本町一丁目,3787.0,0.0,0.0,0.0,0.0
中野区|本町2丁目,中野区,本町二丁目,4538.0,0.0,0.0,0.0,0.0
中野区|本町3丁目,中野区,本町三丁目,5527.0,0.0,0.0,0.0,0.0
中野区|本町4丁目,中野区,本町四丁目,7244.0,0.0,0.0,0.0,0.0
中野区|本町5丁目,中野区,本町五丁目,4012.0,0.0,0.0,0.0,0.0
中野区|本町6丁目,中野区,本町六丁目,4886.0,0.0,0.0,0.0,0.0
中野区|中央1丁目,中野区,中央一丁目,5874.0,0.0,0.0,0.0,0.0
中野区|中央2丁目,中野区,中央二丁目,6381.0,0.0,0.0,0.0,0.0
中野区|中央3丁目,中野区,中央三丁目,5444.0,0.0,0.0,0.0,0.0
中野区|中央4丁目,中野区,中央四丁目,6584.0,0.0,0.0,0.0,0.0
中野区|中央5丁目,中野区,中央五丁目,5511.0,0.0,0.0,0.0,0.0
中野区|東中野1丁目,中野区,東中野一丁目,7446.0,0.0,0.0,0.0,0.0
中野区|東中野2丁目,中野区,東中野二丁目,4557.0,0.0,0.0,0.0,0.0
中野区|東中野3丁目,中野区,東中野三丁目,3402.0,0.0,0.0,0.0,0.0
中野区|東中野4丁目,中野区,東中野四丁目,4359.0,0.0,0.0,0.0,0.0
中野区|東中野5丁目,中野区,東中野五丁目,5594.0,0.0,0.0,0.0,0.0
中野区|中野1丁目,中野区,中野一丁目,6137.0,0.0,0.0,0.0,0.0
中野区|中野2丁目,中野区,中野二丁目,2788.0,0.0,0.0,0.0,0.0
中野区|中野3丁目,中野区,中野三丁目,5964.0,0.0,0.0,0.0,0.0
中野区|中野4丁目,中野区,中野四丁目,1396.0,0.0,0.0,0.0,0.0
中野区|中野5丁目,中野区,中野五丁目,7195.0,0.0,0.0,0.0,0.0
中野区|中野6丁目,中野区,中野六丁目,3937.0,0.0,0.0,0.0,0.0
中野区|上高田1丁目,中野区,上高田一丁目,5513.0,0.0,0.0,0.0,0.0
中野区|上高田2丁目,中野区,上高田二丁目,5036.0,0.0,0.0,0.0,0.0
中野区|上高田3丁目,中野区,上高田三丁目,3377.0,0.0,0.0,0.0,0.0
中野区|上高田4丁目,中野区,上高田四丁目,3724.0,0.0,0.0,0.0,0.0
中野区|上高田5丁目,中野区,上高田五丁目,3122.0,0.0,0.0,0.0,0.0
中野区|新井1丁目,中野区,新井一丁目,4768.0,0.0,0.0,0.0,0.0
中野区|新井2丁目,中野区,新井二丁目,5287.0,0.0,0.0,0.0,0.0
中野区|新井3丁目,中野区,新井三丁目,2937.0,0.0,0.0,0.0,0.0
中野区|新井4丁目,中野区,新井四丁目,3226.0,0.0,0.0,0.0,0.0
中野区|新井5丁目,中野区,新井五丁目,2577.0,0.0,0.0,0.0,0.0
中野区|沼袋1丁目,中野区,沼袋一丁目,3451.0,0.0,0.0,0.0,0.0
中野区|沼袋2丁目,中野区,沼袋二丁目,3592.0,0.0,0.0,0.0,0.0
中野区|沼袋3丁目,中野区,沼袋三丁目,3242.0,0.0,0.0,0.0,0.0
中野区|沼袋4丁目,中野区,沼袋四丁目,3485.0,0.0,0.0,0.0,0.0
中野区|松が丘1丁目,中野区,松が丘一丁目,3320.0,0.0,0.0,0.0,0.0
中野区|松が丘2丁目,中野区,松が丘二丁目,3343.0,0.0,0.0,0.0,0.0
中野区|江原町1丁目,中野区,江原町一丁目,3478.0,0.0,0.0,0.0,0.0
中野区|江原町2丁目,中野区,江原町二丁目,3608.0,0.0,0.0,0.0,0.0
中野区|江原町3丁目,中野区,江原町三丁目,2387.0,0.0,0.0,0.0,0.0
中野区|江古田1丁目,中野区,江古田一丁目,3235.0,0.0,0.0,0.0,0.0
中野区|江古田2丁目,中野区,江古田二丁目,2572.0,0.0,0.0,0.0,0.0
中野区|江古田3丁目,中野区,江古田三丁目,3729.0,0.0,0.0,0.0,0.0
中野区|江古田4丁目,中野区,江古田四丁目,4445.0,0.0,0.0,0.0,0.0
中野区|丸山1丁目,中野区,丸山一丁目,2086.0,0.0,0.0,0.0,0.0
中野区|丸山2丁目,中野区,丸山二丁目,2872.0,0.0,0.0,0.0,0.0
中野区|野方1丁目,中野区,野方一丁目,5231.0,0.0,0.0,0.0,0.0
中野区|野方2丁目,中野区,野方二丁目,5107.0,0.0,0.0,0.0,0.0
中野区|野方3丁目,中野区,野方三丁目,2537.0,0.0,0.0,0.0,0.0
中野区|野方4丁目,中野区,野方四丁目,3432.0,0.0,0.0,0.0,0.0
中野区|野方5丁目,中野区,野方五丁目,2215.0,0.0,0.0,0.0,0.0
中野区|野方6丁目,中野区,野方六丁目,3282.0,0.0,0.0,0.0,0.0
中野区|大和町1丁目,中野区,大和町一丁目,5418.0,0.0,0.0,0.0,0.0
中野区|大和町2丁目,中野区,大和町二丁目,3171.0,0.0,0.0,0.0,0.0
中野区|大和町3丁目,中野区,大和町三丁目,3630.0,0.0,0.0,0.0,0.0
中野区|大和町4丁目,中野区,大和町四丁目,4027.0,0.0,0.0,0.0,0.0
中野区|若宮1丁目,中野区,若宮一丁目,4094.0,0.0,0.0,0.0,0.0
中野区|若宮2丁目,中野区,若宮二丁目,4310.0,0.0,0.0,0.0,0.0
中野区|若宮3丁目,中野区,若宮三丁目,4655.0,0.0,0.0,0.0,0.0
中野区|白鷺1丁目,中野区,白鷺一丁目,4643.0,0.0,0.0,0.0,0.0
中野区|白鷺2丁目,中野区,白鷺二丁目,4392.0,0.0,0.0,0.0,0.0
中野区|白鷺3丁目,中野区,白鷺三丁目,3354.0,0.0,0.0,0.0,0.0
中野区|鷺宮1丁目,中野区,鷺宮一丁目,2861.0,0.0,0.0,0.0,0.0
中野区|鷺宮2丁目,中野区,鷺宮二丁目,1515.0,0.0,0.0,0.0,0.0
中野区|鷺宮3丁目,中野区,鷺宮三丁目,4054.0,0.0,0.0,0.0,0.0
中野区|鷺宮4丁目,中野区,鷺宮四丁目,3378.0,0.0,0.0,0.0,0.0
中野区|鷺宮5丁目,中野区,鷺宮五丁目,2457.0,0.0,0.0,0.0,0.0
中野区|鷺宮6丁目,中野区,鷺宮六丁目,3489.0,0.0,0.0,0.0,0.0
中野区|上鷺宮1丁目,中野区,上鷺宮一丁目,2672.0,0.0,0.0,0.0,0.0
中野区|上鷺宮2丁目,中野区,上鷺宮二丁目,2840.0,0.0,0.0,0.0,0.0
中野区|上鷺宮3丁目,中野区,上鷺宮三丁目,2554.0,0.0,0.0,0.0,0.0
中野区|上鷺宮4丁目,中野区,上鷺宮四丁目,2689.0,0.0,0.0,0.0,0.0
中野区|上鷺宮5丁目,中野区,上鷺宮五丁目,3873.0,0.0,0.0,0.0,0.0
杉並区|井草1丁目,杉並区,井草１丁目,4770.0,0.0,0.0,0.0,0.0
杉並区|井草2丁目,杉並区,井草２丁目,6066.0,0.0,0.0,0.0,0.0
杉並区|井草3丁目,杉並区,井草３丁目,2804.0,0.0,0.0,0.0,0.0
杉並区|井草4丁目,杉並区,井草４丁目,2016.0,0.0,0.0,0.0,0.0
杉並区|井草5丁目,杉並区,井草５丁目,1993.0,0.0,0.0,0.0,0.0
杉並区|上井草1丁目,杉並区,上井草１丁目,3599.0,0.0,0.0,0.0,0.0
杉並区|上井草2丁目,杉並区,上井草２丁目,5155.0,0.0,0.0,0.0,0.0
杉並区|上井草3丁目,杉並区,上井草３丁目,4179.0,0.0,0.0,0.0,0.0
杉並区|上井草4丁目,杉並区,上井草４丁目,2947.0,0.0,0.0,0.0,0.0
杉並区|下井草1丁目,杉並区,下井草１丁目,3225.0,0.0,0.0,0.0,0.0
杉並区|下井草2丁目,杉並区,下井草２丁目,4129.0,0.0,0.0,0.0,0.0
杉並区|下井草3丁目,杉並区,下井草３丁目,4767.0,0.0,0.0,0.0,0.0
杉並区|下井草4丁目,杉並区,下井草４丁目,3752.0,0.0,0.0,0.0,0.0
杉並区|下井草5丁目,杉並区,下井草５丁目,2459.0,0.0,0.0,0.0,0.0
杉並区|善福寺1丁目,杉並区,善福寺１丁目,4063.0,0.0,0.0,0.0,0.0
杉並区|善福寺2丁目,杉並区,善福寺２丁目,3796.0,0.0,0.0,0.0,0.0
杉並区|善福寺3丁目,杉並区,善福寺３丁目,2116.0,0.0,0.0,0.0,0.0
杉並区|善福寺4丁目,杉並区,善福寺４丁目,2267.0,0.0,0.0,0.0,0.0
杉並区|今川1丁目,杉並区,今川１丁目,2436.0,0.0,0.0,0.0,0.0
杉並区|今川2丁目,杉並区,今川２丁目,1913.0,0.0,0.0,0.0,0.0
杉並区|今川3丁目,杉並区,今川３丁目,2908.0,0.0,0.0,0.0,0.0
杉並区|今川4丁目,杉並区,今川４丁目,2378.0,0.0,0.0,0.0,0.0
杉並区|桃井1丁目,杉並区,桃井１丁目,3884.0,0.0,0.0,0.0,0.0
杉並区|桃井2丁目,杉並区,桃井２丁目,2665.0,0.0,0.0,0.0,0.0
杉並区|桃井3丁目,杉並区,桃井３丁目,2638.0,0.0,0.0,0.0,0.0
杉並区|桃井4丁目,杉並区,桃井４丁目,2500.0,0.0,0.0,0.0,0.0
杉並区|西荻北1丁目,杉並区,西荻北１丁目,2333.0,0.0,0.0,0.0,0.0
杉並区|西荻北2丁目,杉並区,西荻北２丁目,4324.0,0.0,0.0,0.0,0.0
杉並区|西荻北3丁目,杉並区,西荻北３丁目,4790.0,0.0,0.0,0.0,0.0
杉並区|西荻北4丁目,杉並区,西荻北４丁目,3726.0,0.0,0.0,0.0,0.0
杉並区|西荻北5丁目,杉並区,西荻北５丁目,2002.0,0.0,0.0,0.0,0.0
杉並区|上荻1丁目,杉並区,上荻１丁目,1758.0,0.0,0.0,0.0,0.0
杉並区|上荻2丁目,杉並区,上荻２丁目,5070.0,0.0,0.0,0.0,0.0
杉並区|上荻3丁目,杉並区,上荻３丁目,3484.0,0.0,0.0,0.0,0.0
杉並区|上荻4丁目,杉並区,上荻４丁目,3591.0,0.0,0.0,0.0,0.0
杉並区|清水1丁目,杉並区,清水１丁目,3262.0,0.0,0.0,0.0,0.0
杉並区|清水2丁目,杉並区,清水２丁目,1985.0,0.0,0.0,0.0,0.0
杉並区|清水3丁目,杉並区,清水３丁目,3442.0,0.0,0.0,0.0,0.0
杉並区|本天沼1丁目,杉並区,本天沼１丁目,3253.0,0.0,0.0,0.0,0.0
杉並区|本天沼2丁目,杉並区,本天沼２丁目,4623.0,0.0,0.0,0.0,0.0
杉並区|本天沼3丁目,杉並区,本天沼３丁目,3820.0,0.0,0.0,0.0,0.0
杉並区|天沼1丁目,杉並区,天沼１丁目,4095.0,0.0,0.0,0.0,0.0
杉並区|天沼2丁目,杉並区,天沼２丁目,5396.0,0.0,0.0,0.0,0.0
杉並区|天沼3丁目,杉並区,天沼３丁目,6119.0,0.0,0.0,0.0,0.0
杉並区|阿佐谷北1丁目,杉並区,阿佐谷北１丁目,4722.0,0.0,0.0,0.0,0.0
杉並区|阿佐谷北2丁目,杉並区,阿佐谷北２丁目,4444.0,0.0,0.0,0.0,0.0
杉並区|阿佐谷北3丁目,杉並区,阿佐谷北３丁目,4034.0,0.0,0.0,0.0,0.0
杉並区|阿佐谷北4丁目,杉並区,阿佐谷北４丁目,4150.0,0.0,0.0,0.0,0.0
杉並区|阿佐谷北5丁目,杉並区,阿佐谷北５丁目,3844.0,0.0,0.0,0.0,0.0
杉並区|阿佐谷北6丁目,杉並区,阿佐谷北６丁目,3452.0,0.0,0.0,0.0,0.0
杉並区|阿佐谷南1丁目,杉並区,阿佐谷南１丁目,7860.0,0.0,0.0,0.0,0.0
杉並区|阿佐谷南2丁目,杉並区,阿佐谷南２丁目,3661.0,0.0,0.0,0.0,0.0
杉並区|阿佐谷南3丁目,杉並区,阿佐谷南３丁目,7816.0,0.0,0.0,0.0,0.0
杉並区|高円寺北1丁目,杉並区,高円寺北１丁目,2544.0,0.0,0.0,0.0,0.0
杉並区|高円寺北2丁目,杉並区,高円寺北２丁目,4450.0,0.0,0.0,0.0,0.0
杉並区|高円寺北3丁目,杉並区,高円寺北３丁目,5870.0,0.0,0.0,0.0,0.0
杉並区|高円寺北4丁目,杉並区,高円寺北４丁目,3568.0,0.0,0.0,0.0,0.0
杉並区|高円寺南1丁目,杉並区,高円寺南１丁目,6379.0,0.0,0.0,0.0,0.0
杉並区|高円寺南2丁目,杉並区,高円寺南２丁目,7215.0,0.0,0.0,0.0,0.0
杉並区|高円寺南3丁目,杉並区,高円寺南３丁目,7524.0,0.0,0.0,0.0,0.0
杉並区|高円寺南4丁目,杉並区,高円寺南４丁目,4238.0,0.0,0.0,0.0,0.0
杉並区|高円寺南5丁目,杉並区,高円寺南５丁目,6552.0,0.0,0.0,0.0,0.0
杉並区|和田1丁目,杉並区,和田１丁目,9119.0,0.0,0.0,0.0,0.0
杉並区|和田2丁目,杉並区,和田２丁目,4279.0,0.0,0.0,0.0,0.0
杉並区|和田3丁目,杉並区,和田３丁目,6581.0,0.0,0.0,0.0,0.0
杉並区|方南1丁目,杉並区,方南１丁目,8212.0,0.0,0.0,0.0,0.0
杉並区|方南2丁目,杉並区,方南２丁目,5288.0,0.0,0.0,0.0,0.0
杉並区|和泉1丁目,杉並区,和泉１丁目,5851.0,0.0,0.0,0.0,0.0
杉並区|和泉2丁目,杉並区,和泉２丁目,7463.0,0.0,0.0,0.0,0.0
杉並区|和泉3丁目,杉並区,和泉３丁目,6526.0,0.0,0.0,0.0,0.0
杉並区|和泉4丁目,杉並区,和泉４丁目,8481.0,0.0,0.0,0.0,0.0
杉並区|堀の内1丁目,杉並区,堀ノ内１丁目,4583.0,0.0,0.0,0.0,0.0
杉並区|堀の内2丁目,杉並区,堀ノ内２丁目,7779.0,0.0,0.0,0.0,0.0
杉並区|堀の内3丁目,杉並区,堀ノ内３丁目,7104.0,0.0,0.0,0.0,0.0
杉並区|松の木1丁目,杉並区,松ノ木１丁目,1913.0,0.0,0.0,0.0,0.0
杉並区|松の木2丁目,杉並区,松ノ木２丁目,2776.0,0.0,0.0,0.0,0.0
杉並区|松の木3丁目,杉並区,松ノ木３丁目,3091.0,0.0,0.0,0.0,0.0
杉並区|大宮1丁目,杉並区,大宮１丁目,1948.0,0.0,0.0,0.0,0.0
杉並区|大宮2丁目,杉並区,大宮２丁目,1552.0,0.0,0.0,0.0,0.0
杉並区|梅里1丁目,杉並区,梅里１丁目,3216.0,0.0,0.0,0.0,0.0
杉並区|梅里2丁目,杉並区,梅里２丁目,5141.0,0.0,0.0,0.0,0.0
杉並区|久我山1丁目,杉並区,久我山１丁目,1625.0,0.0,0.0,0.0,0.0
杉並区|久我山2丁目,杉並区,久我山２丁目,2595.0,0.0,0.0,0.0,0.0
杉並区|久我山3丁目,杉並区,久我山３丁目,5277.0,0.0,0.0,0.0,0.0
杉並区|久我山4丁目,杉並区,久我山４丁目,5254.0,0.0,0.0,0.0,0.0
杉並区|久我山5丁目,杉並区,久我山５丁目,5667.0,0.0,0.0,0.0,0.0
杉並区|高井戸西1丁目,杉並区,高井戸西１丁目,5503.0,0.0,0.0,0.0,0.0
杉並区|高井戸西2丁目,杉並区,高井戸西２丁目,3124.0,0.0,0.0,0.0,0.0
杉並区|高井戸西3丁目,杉並区,高井戸西３丁目,2655.0,0.0,0.0,0.0,0.0
杉並区|上高井戸1丁目,杉並区,上高井戸１丁目,6389.0,0.0,0.0,0.0,0.0
杉並区|上高井戸2丁目,杉並区,上高井戸２丁目,3662.0,0.0,0.0,0.0,0.0
杉並区|上高井戸3丁目,杉並区,上高井戸３丁目,2179.0,0.0,0.0,0.0,0.0
杉並区|永福1丁目,杉並区,永福１丁目,3331.0,0.0,0.0,0.0,0.0
杉並区|永福2丁目,杉並区,永福２丁目,4844.0,0.0,0.0,0.0,0.0
杉並区|永福3丁目,杉並区,永福３丁目,4049.0,0.0,0.0,0.0,0.0
杉並区|永福4丁目,杉並区,永福４丁目,3696.0,0.0,0.0,0.0,0.0
杉並区|浜田山1丁目,杉並区,浜田山１丁目,3862.0,0.0,0.0,0.0,0.0
杉並区|浜田山2丁目,杉並区,浜田山２丁目,2522.0,0.0,0.0,0.0,0.0
杉並区|浜田山3丁目,杉並区,浜田山３丁目,4519.0,0.0,0.0,0.0,0.0
杉並区|浜田山4丁目,杉並区,浜田山４丁目,6032.0,0.0,0.0,0.0,0.0
杉並区|下高井戸1丁目,杉並区,下高井戸１丁目,4837.0,0.0,0.0,0.0,0.0
杉並区|下高井戸2丁目,杉並区,下高井戸２丁目,2988.0,0.0,0.0,0.0,0.0
杉並区|下高井戸3丁目,杉並区,下高井戸３丁目,3877.0,0.0,0.0,0.0,0.0
杉並区|下高井戸4丁目,杉並区,下高井戸４丁目,5464.0,0.0,0.0,0.0,0.0
杉並区|下高井戸5丁目,杉並区,下高井戸５丁目,3108.0,0.0,0.0,0.0,0.0
杉並区|高井戸東1丁目,杉並区,高井戸東１丁目,3738.0,0.0,0.0,0.0,0.0
杉並区|高井戸東2丁目,杉並区,高井戸東２丁目,3872.0,0.0,0.0,0.0,0.0
杉並区|高井戸東3丁目,杉並区,高井戸東３丁目,7362.0,0.0,0.0,0.0,0.0
杉並区|高井戸東4丁目,杉並区,高井戸東４丁目,4889.0,0.0,0.0,0.0,0.0
杉並区|成田東1丁目,杉並区,成田東１丁目,4577.0,0.0,0.0,0.0,0.0
杉並区|成田東2丁目,杉並区,成田東２丁目,3838.0,0.0,0.0,0.0,0.0
杉並区|成田東3丁目,杉並区,成田東３丁目,3358.0,0.0,0.0,0.0,0.0
杉並区|成田東4丁目,杉並区,成田東４丁目,5743.0,0.0,0.0,0.0,0.0
杉並区|成田東5丁目,杉並区,成田東５丁目,5883.0,0.0,0.0,0.0,0.0
杉並区|成田西1丁目,杉並区,成田西１丁目,2871.0,0.0,0.0,0.0,0.0
杉並区|成田西2丁目,杉並区,成田西２丁目,3156.0,0.0,0.0,0.0,0.0
杉並区|成田西3丁目,杉並区,成田西３丁目,2167.0,0.0,0.0,0.0,0.0
杉並区|成田西4丁目,杉並区,成田西４丁目,916.0,0.0,0.0,0.0,0.0
杉並区|荻窪1丁目,杉並区,荻窪１丁目,5368.0,0.0,0.0,0.0,0.0
杉並区|荻窪2丁目,杉並区,荻窪２丁目,3999.0,0.0,0.0,0.0,0.0
杉並区|荻窪3丁目,杉並区,荻窪３丁目,6940.0,0.0,0.0,0.0,0.0
杉並区|荻窪4丁目,杉並区,荻窪４丁目,4382.0,0.0,0.0,0.0,0.0
杉並区|荻窪5丁目,杉並区,荻窪５丁目,4876.0,0.0,0.0,0.0,0.0
杉並区|南荻窪1丁目,杉並区,南荻窪１丁目,3915.0,0.0,0.0,0.0,0.0
杉並区|南荻窪2丁目,杉並区,南荻窪２丁目,4044.0,0.0,0.0,0.0,0.0
杉並区|南荻窪3丁目,杉並区,南荻窪３丁目,3016.0,0.0,0.0,0.0,0.0
杉並区|南荻窪4丁目,杉並区,南荻窪４丁目,3458.0,0.0,0.0,0.0,0.0
杉並区|西荻南1丁目,杉並区,西荻南１丁目,2517.0,0.0,0.0,0.0,0.0
杉並区|西荻南2丁目,杉並区,西荻南２丁目,3978.0,0.0,0.0,0.0,0.0
杉並区|西荻南3丁目,杉並区,西荻南３丁目,2514.0,0.0,0.0,0.0,0.0
杉並区|西荻南4丁目,杉並区,西荻南４丁目,2937.0,0.0,0.0,0.0,0.0
杉並区|松庵1丁目,杉並区,松庵１丁目,3766.0,0.0,0.0,0.0,0.0
杉並区|松庵2丁目,杉並区,松庵２丁目,2642.0,0.0,0.0,0.0,0.0
杉並区|松庵3丁目,杉並区,松庵３丁目,4476.0,0.0,0.0,0.0,0.0
杉並区|宮前1丁目,杉並区,宮前１丁目,1720.0,0.0,0.0,0.0,0.0
杉並区|宮前2丁目,杉並区,宮前２丁目,3567.0,0.0,0.0,0.0,0.0
杉並区|宮前3丁目,杉並区,宮前３丁目,5259.0,0.0,0.0,0.0,0.0
杉並区|宮前4丁目,杉並区,宮前４丁目,4585.0,0.0,0.0,0.0,0.0
杉並区|宮前5丁目,杉並区,宮前５丁目,4035.0,0.0,0.0,0.0,0.0
豊島区|駒込1丁目,豊島区,駒込１丁目,4418.0,0.0,0.0,0.0,0.0
豊島区|駒込2丁目,豊島区,駒込２丁目,1740.0,0.0,0.0,0.0,0.0
豊島区|駒込3丁目,豊島区,駒込３丁目,2643.0,0.0,0.0,0.0,0.0
豊島区|駒込4丁目,豊島区,駒込４丁目,3534.0,0.0,0.0,0.0,0.0
豊島区|駒込5丁目,豊島区,駒込５丁目,608.0,0.0,0.0,0.0,0.0
豊島区|駒込6丁目,豊島区,駒込６丁目,3386.0,0.0,0.0,0.0,0.0
豊島区|駒込7丁目,豊島区,駒込７丁目,1329.0,0.0,0.0,0.0,0.0
豊島区|巣鴨1丁目,豊島区,巣鴨１丁目,4055.0,0.0,0.0,0.0,0.0
豊島区|巣鴨2丁目,豊島区,巣鴨２丁目,854.0,0.0,0.0,0.0,0.0
豊島区|巣鴨3丁目,豊島区,巣鴨３丁目,5159.0,0.0,0.0,0.0,0.0
豊島区|巣鴨4丁目,豊島区,巣鴨４丁目,6219.0,0.0,0.0,0.0,0.0
豊島区|巣鴨5丁目,豊島区,巣鴨５丁目,3181.0,0.0,0.0,0.0,0.0
豊島区|西巣鴨1丁目,豊島区,西巣鴨１丁目,4816.0,0.0,0.0,0.0,0.0
豊島区|西巣鴨2丁目,豊島区,西巣鴨２丁目,4170.0,0.0,0.0,0.0,0.0
豊島区|西巣鴨3丁目,豊島区,西巣鴨３丁目,2380.0,0.0,0.0,0.0,0.0
豊島区|西巣鴨4丁目,豊島区,西巣鴨４丁目,1765.0,0.0,0.0,0.0,0.0
豊島区|北大塚1丁目,豊島区,北大塚１丁目,4461.0,0.0,0.0,0.0,0.0
豊島区|北大塚2丁目,豊島区,北大塚２丁目,4343.0,0.0,0.0,0.0,0.0
豊島区|北大塚3丁目,豊島区,北大塚３丁目,4388.0,0.0,0.0,0.0,0.0
豊島区|南大塚1丁目,豊島区,南大塚１丁目,6817.0,0.0,0.0,0.0,0.0
豊島区|南大塚2丁目,豊島区,南大塚２丁目,5603.0,0.0,0.0,0.0,0.0
豊島区|南大塚3丁目,豊島区,南大塚３丁目,5096.0,0.0,0.0,0.0,0.0
豊島区|上池袋1丁目,豊島区,上池袋１丁目,5081.0,0.0,0.0,0.0,0.0
豊島区|上池袋2丁目,豊島区,上池袋２丁目,3570.0,0.0,0.0,0.0,0.0
豊島区|上池袋3丁目,豊島区,上池袋３丁目,4236.0,0.0,0.0,0.0,0.0
豊島区|上池袋4丁目,豊島区,上池袋４丁目,4617.0,0.0,0.0,0.0,0.0
豊島区|東池袋1丁目,豊島区,東池袋１丁目,921.0,0.0,0.0,0.0,0.0
豊島区|東池袋2丁目,豊島区,東池袋２丁目,6204.0,0.0,0.0,0.0,0.0
豊島区|東池袋3丁目,豊島区,東池袋３丁目,3246.0,0.0,0.0,0.0,0.0
豊島区|東池袋4丁目,豊島区,東池袋４丁目,4668.0,0.0,0.0,0.0,0.0
豊島区|東池袋5丁目,豊島区,東池袋５丁目,5022.0,0.0,0.0,0.0,0.0
豊島区|南池袋1丁目,豊島区,南池袋１丁目,2312.0,0.0,0.0,0.0,0.0
豊島区|南池袋2丁目,豊島区,南池袋２丁目,2732.0,0.0,0.0,0.0,0.0
豊島区|南池袋3丁目,豊島区,南池袋３丁目,2203.0,0.0,0.0,0.0,0.0
豊島区|南池袋4丁目,豊島区,南池袋４丁目,1205.0,0.0,0.0,0.0,0.0
豊島区|西池袋1丁目,豊島区,西池袋１丁目,320.0,0.0,0.0,0.0,0.0
豊島区|西池袋2丁目,豊島区,西池袋２丁目,4210.0,0.0,0.0,0.0,0.0
豊島区|西池袋3丁目,豊島区,西池袋３丁目,4106.0,0.0,0.0,0.0,0.0
豊島区|西池袋4丁目,豊島区,西池袋４丁目,5101.0,0.0,0.0,0.0,0.0
豊島区|西池袋5丁目,豊島区,西池袋５丁目,4023.0,0.0,0.0,0.0,0.0
豊島区|池袋本町1丁目,豊島区,池袋本町１丁目,3691.0,0.0,0.0,0.0,0.0
豊島区|池袋本町2丁目,豊島区,池袋本町２丁目,3680.0,0.0,0.0,0.0,0.0
豊島区|池袋本町3丁目,豊島区,池袋本町３丁目,3063.0,0.0,0.0,0.0,0.0
豊島区|池袋本町4丁目,豊島区,池袋本町４丁目,7380.0,0.0,0.0,0.0,0.0
豊島区|雑司が谷1丁目,豊島区,雑司が谷１丁目,3821.0,0.0,0.0,0.0,0.0
豊島区|雑司が谷2丁目,豊島区,雑司が谷２丁目,3258.0,0.0,0.0,0.0,0.0
豊島区|雑司が谷3丁目,豊島区,雑司が谷３丁目,2241.0,0.0,0.0,0.0,0.0
豊島区|高田1丁目,豊島区,高田１丁目,5427.0,0.0,0.0,0.0,0.0
豊島区|高田2丁目,豊島区,高田２丁目,3907.0,0.0,0.0,0.0,0.0
豊島区|高田3丁目,豊島区,高田３丁目,3920.0,0.0,0.0,0.0,0.0
豊島区|目白1丁目,豊島区,目白１丁目,1322.0,0.0,0.0,0.0,0.0
豊島区|目白2丁目,豊島区,目白２丁目,3773.0,0.0,0.0,0.0,0.0
豊島区|目白3丁目,豊島区,目白３丁目,2447.0,0.0,0.0,0.0,0.0
豊島区|目白4丁目,豊島区,目白４丁目,3719.0,0.0,0.0,0.0,0.0
豊島区|目白5丁目,豊島区,目白５丁目,3569.0,0.0,0.0,0.0,0.0
豊島区|南長崎1丁目,豊島区,南長崎１丁目,3205.0,0.0,0.0,0.0,0.0
豊島区|南長崎2丁目,豊島区,南長崎２丁目,3098.0,0.0,0.0,0.0,0.0
豊島区|南長崎3丁目,豊島区,南長崎３丁目,3983.0,0.0,0.0,0.0,0.0
豊島区|南長崎4丁目,豊島区,南長崎４丁目,3637.0,0.0,0.0,0.0,0.0
豊島区|南長崎5丁目,豊島区,南長崎５丁目,3555.0,0.0,0.0,0.0,0.0
豊島区|南長崎6丁目,豊島区,南長崎６丁目,3320.0,0.0,0.0,0.0,0.0
豊島区|長崎1丁目,豊島区,長崎１丁目,2766.0,0.0,0.0,0.0,0.0
豊島区|長崎2丁目,豊島区,長崎２丁目,3366.0,0.0,0.0,0.0,0.0
豊島区|長崎3丁目,豊島区,長崎３丁目,2677.0,0.0,0.0,0.0,0.0
豊島区|長崎4丁目,豊島区,長崎４丁目,3776.0,0.0,0.0,0.0,0.0
豊島区|長崎5丁目,豊島区,長崎５丁目,2921.0,0.0,0.0,0.0,0.0
豊島区|長崎6丁目,豊島区,長崎６丁目,2865.0,0.0,0.0,0.0,0.0
豊島区|池袋1丁目,豊島区,池袋１丁目,2052.0,0.0,0.0,0.0,0.0
豊島区|池袋2丁目,豊島区,池袋２丁目,6229.0,0.0,0.0,0.0,0.0
豊島区|池袋3丁目,豊島区,池袋３丁目,7877.0,0.0,0.0,0.0,0.0
豊島区|池袋4丁目,豊島区,池袋４丁目,3547.0,0.0,0.0,0.0,0.0
豊島区|千早1丁目,豊島区,千早１丁目,3593.0,0.0,0.0,0.0,0.0
豊島区|千早2丁目,豊島区,千早２丁目,4311.0,0.0,0.0,0.0,0.0
豊島区|千早3丁目,豊島区,千早３丁目,2612.0,0.0,0.0,0.0,0.0
豊島区|千早4丁目,豊島区,千早４丁目,2305.0,0.0,0.0,0.0,0.0
豊島区|要町1丁目,豊島区,要町１丁目,4158.0,0.0,0.0,0.0,0.0
豊島区|要町2丁目,豊島区,要町２丁目,2129.0,0.0,0.0,0.0,0.0
豊島区|要町3丁目,豊島区,要町３丁目,3475.0,0.0,0.0,0.0,0.0
豊島区|高松1丁目,豊島区,高松１丁目,1654.0,0.0,0.0,0.0,0.0
豊島区|高松2丁目,豊島区,高松２丁目,4195.0,0.0,0.0,0.0,0.0
豊島区|高松3丁目,豊島区,高松３丁目,2467.0,0.0,0.0,0.0,0.0
豊島区|千川1丁目,豊島区,千川１丁目,2298.0,0.0,0.0,0.0,0.0
豊島区|千川2丁目,豊島区,千川２丁目,2613.0,0.0,0.0,0.0,0.0
北区|王子1丁目,北区,王子１丁目,3009.0,0.21487547349804545,0.6063494539781592,4.21,0.13028962602883828
北区|王子2丁目,北区,王子２丁目,3303.0,0.3338475943532973,0.4493536121673004,1.17,0.1500156224360178
北区|王子3丁目,北区,王子３丁目,2721.0,0.6470479441812326,0.6180727762803234,5.04,0.39992271924657014
北区|王子4丁目,北区,王子４丁目,3065.0,0.8661701114523739,0.9349947312961012,2.17,0.8098644906141264
北区|王子5丁目,北区,王子５丁目,10797.0,0.7148529456780262,1.3506284289276809,3.59,0.9655007109354372
北区|王子6丁目,北区,王子６丁目,1849.0,0.4202298514116119,0.5110849673202614,2.05,0.21477315987570197
北区|豊島1丁目,北区,豊島１丁目,3500.0,0.9744583611553806,1.138254122211445,5.64,1.1091812465085211
北区|豊島2丁目,北区,豊島２丁目,1921.0,0.9302334532651702,1.9309915966386555,4.17,1.7962729811672011
北区|豊島3丁目,北区,豊島３丁目,2826.0,0.9757048449740751,1.7515151515151515,3.25,1.7089618193788345
北区|豊島4丁目,北区,豊島４丁目,3045.0,0.8257275751304957,2.2007013574660634,3.28,1.8171797954868427
北区|豊島5丁目,北区,豊島５丁目,9646.0,0.3420815029037164,0.8395602605863192,3.15,0.28719803571960384
北区|豊島6丁目,北区,豊島６丁目,1159.0,0.8923434322031888,1.8696326061997703,2.93,1.668354376775296
北区|豊島7丁目,北区,豊島７丁目,4038.0,0.9092984872738556,1.8565003006614553,2.85,1.6881129150149194
北区|豊島8丁目,北区,豊島８丁目,5117.0,0.8632055006246425,1.3562868260144525,2.49,1.170754248640413
北区|堀船1丁目,北区,堀船１丁目,2967.0,0.7031930082443266,0.5864944275582573,4.73,0.41241878083322525
北区|堀船2丁目,北区,堀船２丁目,3874.0,0.8780373884707822,0.6485667215815486,4.97,0.5694658304665198
北区|堀船3丁目,北区,堀船３丁目,3554.0,0.8721031051780502,1.1277517162471395,3.6,0.9835157736090058
北区|堀船4丁目,北区,堀船４丁目,816.0,0.5844761394030418,0.46280519480519483,2.03,0.27049859355541295
北区|東十条1丁目,北区,東十条１丁目,2557.0,0.0,0.0,0.0,0.0
北区|東十条2丁目,北区,東十条２丁目,2493.0,0.0,0.0,0.0,0.0
北区|東十条3丁目,北区,東十条３丁目,2896.0,0.2955504297931607,0.3988235294117647,1.52,0.11787246552927233
北区|東十条4丁目,北区,東十条４丁目,2500.0,0.048353787143256215,0.1630232558139535,0.53,0.007882791811028514
北区|東十条5丁目,北区,東十条５丁目,2246.0,0.01713941447461691,0.11473684210526316,0.33,0.0019665222923507825
北区|東十条6丁目,北区,東十条６丁目,1477.0,0.0020946482999314436,0.09,0.13,0.00018851834699382992
北区|王子本町1丁目,北区,王子本町１丁目,2555.0,0.0,0.0,0.0,0.0
北区|王子本町2丁目,北区,王子本町２丁目,1977.0,0.0,0.0,0.0,0.0
北区|王子本町3丁目,北区,王子本町３丁目,1249.0,0.0,0.0,0.0,0.0
北区|岸町1丁目,北区,岸町１丁目,1129.0,0.0,0.0,0.0,0.0
北区|岸町2丁目,北区,岸町２丁目,1455.0,0.0,0.0,0.0,0.0
北区|中十条1丁目,北区,中十条１丁目,2640.0,0.0,0.0,0.0,0.0
北区|中十条2丁目,北区,中十条２丁目,2116.0,0.0,0.0,0.0,0.0
北区|中十条3丁目,北区,中十条３丁目,3021.0,0.0,0.0,0.0,0.0
北区|中十条4丁目,北区,中十条４丁目,914.0,0.0,0.0,0.0,0.0
北区|十条台1丁目,北区,十条台１丁目,815.0,0.0,0.0,0.0,0.0
北区|十条台2丁目,北区,十条台２丁目,403.0,0.0,0.0,0.0,0.0
北区|十条仲原1丁目,北区,十条仲原１丁目,1824.0,0.0,0.0,0.0,0.0
北区|十条仲原2丁目,北区,十条仲原２丁目,1558.0,0.0,0.0,0.0,0.0
北区|十条仲原3丁目,北区,十条仲原３丁目,1394.0,0.0,0.0,0.0,0.0
北区|十条仲原4丁目,北区,十条仲原４丁目,1339.0,0.0,0.0,0.0,0.0
北区|上十条1丁目,北区,上十条１丁目,2739.0,0.0,0.0,0.0,0.0
北区|上十条2丁目,北区,上十条２丁目,1994.0,0.0,0.0,0.0,0.0
北区|上十条3丁目,北区,上十条３丁目,2611.0,0.0,0.0,0.0,0.0
北区|上十条4丁目,北区,上十条４丁目,2371.0,0.0,0.0,0.0,0.0
北区|上十条5丁目,北区,上十条５丁目,3168.0,0.0,0.0,0.0,0.0
北区|神谷1丁目,北区,神谷１丁目,5975.0,0.9032330899092987,1.4567954401519947,2.74,1.315825846774263
北区|神谷2丁目,北区,神谷２丁目,4903.0,0.8631473092212381,0.9676612903225806,2.38,0.8352342389794867
北区|神谷3丁目,北区,神谷３丁目,5767.0,0.882612124446467,1.7093909260410192,5.39,1.5087291567425773
北区|赤羽1丁目,北区,赤羽１丁目,3487.0,0.3582237792368912,0.6679435483870968,1.77,0.23927326222012513
北区|赤羽2丁目,北区,赤羽２丁目,5296.0,0.8669733004345787,0.8375150421179303,1.75,0.7261031802285871
北区|赤羽3丁目,北区,赤羽３丁目,2325.0,0.7852088784393577,1.0922932917316692,2.97,0.8576783905274582
北区|西が丘1丁目,北区,西が丘１丁目,3402.0,0.0,0.0,0.0,0.0
北区|西が丘2丁目,北区,西が丘２丁目,1956.0,0.0,0.0,0.0,0.0
北区|西が丘3丁目,北区,西が丘３丁目,3291.0,0.0,0.0,0.0,0.0
北区|赤羽西1丁目,北区,赤羽西１丁目,3689.0,0.0,0.0,0.0,0.0
北区|赤羽西2丁目,北区,赤羽西２丁目,2429.0,0.0,0.0,0.0,0.0
北区|赤羽西3丁目,北区,赤羽西３丁目,2360.0,0.0,0.0,0.0,0.0
北区|赤羽西4丁目,北区,赤羽西４丁目,3694.0,0.0,0.0,0.0,0.0
北区|赤羽西5丁目,北区,赤羽西５丁目,1346.0,0.0,0.0,0.0,0.0
北区|赤羽西6丁目,北区,赤羽西６丁目,4007.0,0.0,0.0,0.0,0.0
北区|志茂1丁目,北区,志茂１丁目,3219.0,0.9836045163802692,1.0667459878251244,2.22,1.0492561714553241
北区|志茂2丁目,北区,志茂２丁目,5495.0,0.9983413942923932,1.164495130702204,2.46,1.1625636924319411
北区|志茂3丁目,北区,志茂３丁目,5048.0,0.8675287953905461,2.2254018445322794,4.75,1.9306001814469875
北区|志茂4丁目,北区,志茂４丁目,4356.0,0.9935042749859744,1.9801507537688443,3.98,1.9672882389860464
北区|志茂5丁目,北区,志茂５丁目,3901.0,0.24549440071443598,1.011156462585034,2.56,0.24823324981084194
北区|岩淵町,北区,岩淵町,4954.0,0.8937293712800652,1.0817909002904162,2.49,0.9668283011730494
北区|赤羽台1丁目,北区,赤羽台１丁目,2526.0,0.0,0.0,0.0,0.0
北区|赤羽台2丁目,北区,赤羽台２丁目,3847.0,0.0,0.0,0.0,0.0
北区|赤羽台3丁目,北区,赤羽台３丁目,2779.0,0.0,0.0,0.0,0.0
北区|赤羽台4丁目,北区,赤羽台４丁目,1538.0,0.0,0.0,0.0,0.0
北区|赤羽南1丁目,北区,赤羽南１丁目,3538.0,0.2626284630730505,0.3268627450980392,0.9,0.0858434603809363
北区|赤羽南2丁目,北区,赤羽南２丁目,1823.0,0.0015552710348636328,0.06,0.08,9.331626209181796e-05
北区|赤羽北1丁目,北区,赤羽北１丁目,3594.0,0.7462971170936034,1.995344687753447,3.28,1.4891199880784338
北区|赤羽北2丁目,北区,赤羽北２丁目,6638.0,0.7586587432385614,1.5897064056939503,3.61,1.206044663862063
北区|赤羽北3丁目,北区,赤羽北３丁目,5395.0,0.0,0.0,0.0,0.0
北区|浮間1丁目,北区,浮間１丁目,4173.0,0.8338993556416749,2.3253322072072073,6.12,1.939093029242924
北区|浮間2丁目,北区,浮間２丁目,5459.0,0.2728564070563572,2.2993913277673044,4.64,0.6274036561111334
北区|浮間3丁目,北区,浮間３丁目,8807.0,0.9200639563421051,2.3129085631349784,4.11,2.128023803255502
北区|浮間4丁目,北区,浮間４丁目,3535.0,0.8478903674304133,2.0082423477437676,3.78,1.7027693421177792
北区|浮間5丁目,北区,浮間５丁目,2574.0,0.8682777615003194,2.3306506986027946,4.3,2.02365217142199
北区|桐ケ丘1丁目,北区,桐ケ丘１丁目,3953.0,0.0,0.0,0.0,0.0
北区|桐ケ丘2丁目,北区,桐ケ丘２丁目,847.0,0.0,0.0,0.0,0.0
北区|滝野川1丁目,北区,滝野川１丁目,5813.0,0.0,0.0,0.0,0.0
北区|滝野川2丁目,北区,滝野川２丁目,4640.0,0.0,0.0,0.0,0.0
北区|滝野川3丁目,北区,滝野川３丁目,6009.0,0.0,0.0,0.0,0.0
北区|滝野川4丁目,北区,滝野川４丁目,1959.0,0.0,0.0,0.0,0.0
北区|滝野川5丁目,北区,滝野川５丁目,3181.0,0.0,0.0,0.0,0.0
北区|滝野川6丁目,北区,滝野川６丁目,7172.0,0.0,0.0,0.0,0.0
北区|滝野川7丁目,北区,滝野川７丁目,6131.0,0.0,0.0,0.0,0.0
北区|西ケ原1丁目,北区,西ケ原１丁目,6012.0,0.0,0.0,0.0,0.0
北区|西ケ原2丁目,北区,西ケ原２丁目,2798.0,0.0,0.0,0.0,0.0
北区|西ケ原3丁目,北区,西ケ原３丁目,4751.0,0.0,0.0,0.0,0.0
北区|西ケ原4丁目,北区,西ケ原４丁目,4983.0,0.0,0.0,0.0,0.0
北区|栄町,北区,栄町,2701.0,0.1499953481519012,0.2353731343283582,0.97,0.035304875229186294
北区|上中里1丁目,北区,上中里１丁目,2813.0,0.0,0.0,0.0,0.0
北区|上中里2丁目,北区,上中里２丁目,2625.0,0.0,0.0,0.0,0.0
北区|上中里3丁目,北区,上中里３丁目,1296.0,0.7413771897024288,0.3099238578680203,0.95,0.22977047876792786
北区|中里1丁目,北区,中里１丁目,2067.0,0.0,0.0,0.0,0.0
北区|中里2丁目,北区,中里２丁目,1784.0,0.0,0.0,0.0,0.0
北区|中里3丁目,北区,中里３丁目,3462.0,0.0,0.0,0.0,0.0
北区|昭和町1丁目,北区,昭和町１丁目,1338.0,0.34313686321361375,0.21422222222222223,0.64,0.07350754136398303
北区|昭和町2丁目,北区,昭和町２丁目,1960.0,0.5261519769749596,0.47631428571428563,0.81,0.25061370308998715
北区|昭和町3丁目,北区,昭和町３丁目,471.0,0.4136237165284168,0.2648022598870056,0.86,0.10952849487958696
北区|田端新町1丁目,北区,田端新町１丁目,3190.0,0.0,0.0,0.0,0.0
北区|田端新町2丁目,北区,田端新町２丁目,2817.0,0.0,0.0,0.0,0.0
北区|田端新町3丁目,北区,田端新町３丁目,3170.0,0.0,0.0,0.0,0.0
北区|東田端1丁目,北区,東田端１丁目,1524.0,0.0,0.0,0.0,0.0
北区|東田端2丁目,北区,東田端２丁目,2005.0,0.0,0.0,0.0,0.0
北区|田端1丁目,北区,田端１丁目,5402.0,0.0,0.0,0.0,0.0
北区|田端2丁目,北区,田端２丁目,1736.0,0.0,0.0,0.0,0.0
北区|田端3丁目,北区,田端３丁目,3139.0,0.0,0.0,0.0,0.0
北区|田端4丁目,北区,田端４丁目,1557.0,0.0,0.0,0.0,0.0
北区|田端5丁目,北区,田端５丁目,1878.0,0.0,0.0,0.0,0.0
北区|田端6丁目,北区,田端６丁目,1131.0,0.0,0.0,0.0,0.0
荒川区|南千住1丁目,荒川区,南千住１丁目,4368.0,0.6106478323753289,0.2360928961748634,0.62,0.14416961528839392
荒川区|南千住2丁目,荒川区,南千住２丁目,2752.0,0.8586992150181663,1.1437585034013604,5.86,0.9821445290411008
荒川区|南千住3丁目,荒川区,南千住３丁目,5415.0,0.6966898800242345,0.957635412775495,1.87,0.6671749008335179
荒川区|南千住4丁目,荒川区,南千住４丁目,3653.0,0.881853263141558,0.9280656079146056,3.46,0.8184176847489486
荒川区|南千住5丁目,荒川区,南千住５丁目,5062.0,0.9250146746015914,0.8921534800713861,2.3,0.8252550610629105
荒川区|南千住6丁目,荒川区,南千住６丁目,8202.0,0.4879320806982629,0.5609292720702117,1.58,0.2736953868457804
荒川区|南千住7丁目,荒川区,南千住７丁目,6517.0,0.7834571858739695,0.991612215909091,2.19,0.7768857161543875
荒川区|南千住8丁目,荒川区,南千住８丁目,11374.0,0.3107505995730799,0.6495669487307119,1.41,0.20185331878092475
荒川区|荒川1丁目,荒川区,荒川１丁目,5349.0,0.7925343344519693,0.42418777022853615,1.88,0.3361833721607378
荒川区|荒川2丁目,荒川区,荒川２丁目,2740.0,0.7280835399543817,0.2781311475409836,1.3,0.20250271047321378
荒川区|荒川3丁目,荒川区,荒川３丁目,6383.0,0.5476346804776172,0.2920468890892696,0.77,0.1599350047908843
荒川区|荒川4丁目,荒川区,荒川４丁目,4797.0,0.5851178664162944,0.2113310580204778,0.92,0.1236535777764401
荒川区|荒川5丁目,荒川区,荒川５丁目,3895.0,0.3754396504230501,0.37725714285714285,0.93,0.14163728983388438
荒川区|荒川6丁目,荒川区,荒川６丁目,4399.0,0.8703490137361369,0.27709517045454546,0.78,0.24116950831616038
荒川区|荒川7丁目,荒川区,荒川７丁目,3791.0,0.7523479038346069,0.27493583415597234,2.29,0.2068473985162649
荒川区|荒川8丁目,荒川区,荒川８丁目,2464.0,0.39488022126975164,0.5467635807192043,1.4,0.2159061237366411
荒川区|町屋1丁目,荒川区,町屋１丁目,3742.0,0.9059324799227803,0.7237478411053541,1.59,0.6556666765313317
荒川区|町屋2丁目,荒川区,町屋２丁目,2433.0,0.7520560742307691,0.32051396648044694,0.9,0.24104447536741727
荒川区|町屋3丁目,荒川区,町屋３丁目,4076.0,1.0,0.8686402640264026,1.63,0.8686402640264026
荒川区|町屋4丁目,荒川区,町屋４丁目,3913.0,0.8467673102505625,0.634124649859944,1.41,0.5369560241254845
荒川区|町屋5丁目,荒川区,町屋５丁目,4165.0,0.7764262286291613,0.9719641523525019,1.67,0.7546584611737926
荒川区|町屋6丁目,荒川区,町屋６丁目,4631.0,0.7537147478096722,1.1454709677419355,1.91,0.8633583615749141
荒川区|町屋7丁目,荒川区,町屋７丁目,3653.0,0.6948432546424645,1.06981301421092,1.99,0.7433523566531808
荒川区|町屋8丁目,荒川区,町屋８丁目,3082.0,0.8899979013469989,1.1483879093198992,1.79,1.022062829226978
荒川区|東尾久1丁目,荒川区,東尾久１丁目,4394.0,0.0036716984598396283,0.05333333333333334,0.09,0.00019582391785811351
荒川区|東尾久2丁目,荒川区,東尾久２丁目,4395.0,0.6607211004851947,0.5067899159663866,1.06,0.3348467909921103
荒川区|東尾久3丁目,荒川区,東尾久３丁目,3729.0,0.99203636000917,0.6045022970903522,1.11,0.5996882584226948
荒川区|東尾久4丁目,荒川区,東尾久４丁目,4508.0,0.0034246653848926077,0.07333333333333333,0.16,0.0002511421282254579
荒川区|東尾久5丁目,荒川区,東尾久５丁目,3223.0,0.7824112593080305,0.6755304585900068,1.8,0.5285426368063385
荒川区|東尾久6丁目,荒川区,東尾久６丁目,4653.0,0.9381658742326865,0.49489470688673876,1.26,0.4642933253395264
荒川区|東尾久7丁目,荒川区,東尾久７丁目,77.0,0.21547930995884065,0.5957602862254024,3.03,0.12837401537673113
荒川区|東尾久8丁目,荒川区,東尾久８丁目,3512.0,0.7696577020542663,0.8806047032474804,2.84,0.6777641923196349
荒川区|西尾久1丁目,荒川区,西尾久１丁目,2921.0,0.20457371635656288,0.3181659388646288,1.23,0.0650883885316121
荒川区|西尾久2丁目,荒川区,西尾久２丁目,2740.0,1.0,0.8517103235747303,1.65,0.8517103235747303
荒川区|西尾久3丁目,荒川区,西尾久３丁目,2269.0,0.7527816559996238,0.737953125,1.64,0.5555175754875974
荒川区|西尾久4丁目,荒川区,西尾久４丁目,4701.0,0.1714597483664953,0.23004081632653062,1.05,0.0394427404813701
荒川区|西尾久5丁目,荒川区,西尾久５丁目,2510.0,0.9685432706527877,0.44232517482517486,1.19,0.42841107151724095
荒川区|西尾久6丁目,荒川区,西尾久６丁目,2371.0,0.7454619086210638,1.0636304549675022,1.76,0.7928959890275646
荒川区|西尾久7丁目,荒川区,西尾久７丁目,3852.0,0.9893711532211789,0.6960033632286995,1.34,0.6886056501233975
荒川区|西尾久8丁目,荒川区,西尾久８丁目,5151.0,0.9960729420025974,0.7948397435897436,1.6,0.7917183618180261
荒川区|東日暮里1丁目,荒川区,東日暮里１丁目,3705.0,0.6127886854974605,0.20590163934426226,0.65,0.12617419491554266
荒川区|東日暮里2丁目,荒川区,東日暮里２丁目,4243.0,0.5529258749897551,0.21929223744292237,0.78,0.12125235226658898
荒川区|東日暮里3丁目,荒川区,東日暮里３丁目,5805.0,0.32647903736135897,0.202921511627907,1.47,0.06624961977619089
荒川区|東日暮里4丁目,荒川区,東日暮里４丁目,4104.0,0.0037518466964875253,0.092,0.18,0.0003451698960768523
荒川区|東日暮里5丁目,荒川区,東日暮里５丁目,5884.0,0.0,0.0,0.0,0.0
荒川区|東日暮里6丁目,荒川区,東日暮里６丁目,8064.0,0.0,0.0,0.0,0.0
荒川区|西日暮里1丁目,荒川区,西日暮里１丁目,6583.0,0.0,0.0,0.0,0.0
荒川区|西日暮里2丁目,荒川区,西日暮里２丁目,7341.0,0.0,0.0,0.0,0.0
荒川区|西日暮里3丁目,荒川区,西日暮里３丁目,1710.0,0.0,0.0,0.0,0.0
荒川区|西日暮里4丁目,荒川区,西日暮里４丁目,1994.0,0.0,0.0,0.0,0.0
荒川区|西日暮里5丁目,荒川区,西日暮里５丁目,2234.0,0.0,0.0,0.0,0.0
荒川区|西日暮里6丁目,荒川区,西日暮里６丁目,4749.0,0.0,0.0,0.0,0.0
板橋区|板橋1丁目,板橋区,板橋一丁目,7692.0,0.0,0.0,0.0,0.0
板橋区|板橋2丁目,板橋区,板橋二丁目,5926.0,0.0,0.0,0.0,0.0
板橋区|板橋3丁目,板橋区,板橋三丁目,5808.0,0.0,0.0,0.0,0.0
板橋区|板橋4丁目,板橋区,板橋四丁目,5343.0,0.0,0.0,0.0,0.0
板橋区|加賀1丁目,板橋区,加賀一丁目,5673.0,0.0,0.0,0.0,0.0
板橋区|加賀2丁目,板橋区,加賀二丁目,4335.0,0.0,0.0,0.0,0.0
板橋区|大山東町,板橋区,大山東町,5978.0,0.0,0.0,0.0,0.0
板橋区|大山金井町,板橋区,大山金井町,5716.0,0.0,0.0,0.0,0.0
板橋区|熊野町,板橋区,熊野町,4659.0,0.0,0.0,0.0,0.0
板橋区|中丸町,板橋区,中丸町,6789.0,0.0,0.0,0.0,0.0
板橋区|南町,板橋区,南町,4668.0,0.0,0.0,0.0,0.0
板橋区|稲荷台,板橋区,稲荷台,2678.0,0.0,0.0,0.0,0.0
板橋区|仲宿,板橋区,仲宿,7756.0,0.0,0.0,0.0,0.0
板橋区|氷川町,板橋区,氷川町,4593.0,0.0,0.0,0.0,0.0
板橋区|栄町,板橋区,栄町,4050.0,0.0,0.0,0.0,0.0
板橋区|大山町,板橋区,大山町,5007.0,0.0,0.0,0.0,0.0
板橋区|大山西町,板橋区,大山西町,5016.0,0.0,0.0,0.0,0.0
板橋区|幸町,板橋区,幸町,5474.0,0.0,0.0,0.0,0.0
板橋区|中板橋,板橋区,中板橋,4170.0,0.0,0.0,0.0,0.0
板橋区|仲町,板橋区,仲町,3975.0,0.0,0.0,0.0,0.0
板橋区|弥生町,板橋区,弥生町,5709.0,0.0,0.0,0.0,0.0
板橋区|本町,板橋区,本町,7326.0,0.0,0.0,0.0,0.0
板橋区|大和町,板橋区,大和町,5436.0,0.0,0.0,0.0,0.0
板橋区|双葉町,板橋区,双葉町,5423.0,0.0,0.0,0.0,0.0
板橋区|富士見町,板橋区,富士見町,4697.0,0.0,0.0,0.0,0.0
板橋区|大谷口上町,板橋区,大谷口上町,4176.0,0.0,0.0,0.0,0.0
板橋区|大谷口北町,板橋区,大谷口北町,6297.0,0.0,0.0,0.0,0.0
板橋区|大谷口1丁目,板橋区,大谷口一丁目,2115.0,0.0,0.0,0.0,0.0
板橋区|大谷口2丁目,板橋区,大谷口二丁目,3750.0,0.0,0.0,0.0,0.0
板橋区|向原1丁目,板橋区,向原一丁目,2394.0,0.0,0.0,0.0,0.0
板橋区|向原2丁目,板橋区,向原二丁目,2594.0,0.0,0.0,0.0,0.0
板橋区|向原3丁目,板橋区,向原三丁目,3509.0,0.0,0.0,0.0,0.0
板橋区|小茂根1丁目,板橋区,小茂根一丁目,5141.0,0.0,0.0,0.0,0.0
板橋区|小茂根2丁目,板橋区,小茂根二丁目,4304.0,0.0,0.0,0.0,0.0
板橋区|小茂根3丁目,板橋区,小茂根三丁目,2823.0,0.0,0.0,0.0,0.0
板橋区|小茂根4丁目,板橋区,小茂根四丁目,3298.0,0.0,0.0,0.0,0.0
板橋区|小茂根5丁目,板橋区,小茂根五丁目,980.0,0.0,0.0,0.0,0.0
板橋区|常盤台1丁目,板橋区,常盤台一丁目,4640.0,0.0,0.0,0.0,0.0
板橋区|常盤台2丁目,板橋区,常盤台二丁目,1962.0,0.0,0.0,0.0,0.0
板橋区|常盤台3丁目,板橋区,常盤台三丁目,3289.0,0.0,0.0,0.0,0.0
板橋区|常盤台4丁目,板橋区,常盤台四丁目,2499.0,0.0,0.0,0.0,0.0
板橋区|南常盤台1丁目,板橋区,南常盤台一丁目,4145.0,0.0,0.0,0.0,0.0
板橋区|南常盤台2丁目,板橋区,南常盤台二丁目,3392.0,0.0,0.0,0.0,0.0
板橋区|東新町1丁目,板橋区,東新町一丁目,5234.0,0.0,0.0,0.0,0.0
板橋区|東新町2丁目,板橋区,東新町二丁目,4388.0,0.0,0.0,0.0,0.0
板橋区|上板橋1丁目,板橋区,上板橋一丁目,1918.0,0.0,0.0,0.0,0.0
板橋区|上板橋2丁目,板橋区,上板橋二丁目,4623.0,0.0,0.0,0.0,0.0
板橋区|上板橋3丁目,板橋区,上板橋三丁目,2232.0,0.0,0.0,0.0,0.0
板橋区|清水町,板橋区,清水町,6538.0,0.0,0.0,0.0,0.0
板橋区|蓮沼町,板橋区,蓮沼町,5303.0,0.0,0.0,0.0,0.0
板橋区|大原町,板橋区,大原町,4495.0,0.0,0.0,0.0,0.0
板橋区|泉町,板橋区,泉町,3459.0,0.0,0.0,0.0,0.0
板橋区|宮本町,板橋区,宮本町,5396.0,0.0,0.0,0.0,0.0
板橋区|志村1丁目,板橋区,志村一丁目,5305.0,0.0,0.0,0.0,0.0
板橋区|志村2丁目,板橋区,志村二丁目,4242.0,0.0,0.0,0.0,0.0
板橋区|志村3丁目,板橋区,志村三丁目,3269.0,0.2969864227958651,0.5286645468998411,1.56,0.15700619264278068
板橋区|坂下1丁目,板橋区,坂下一丁目,5802.0,0.9839248780616675,1.0756613190730837,2.33,1.0583699322046363
板橋区|坂下2丁目,板橋区,坂下二丁目,6556.0,0.9988346155046735,1.8053876244665719,3.57,1.803283653720964
板橋区|坂下3丁目,板橋区,坂下三丁目,7642.0,0.9609783707047937,2.0524497009244156,3.27,1.972359769547886
板橋区|東坂下1丁目,板橋区,東坂下一丁目,2314.0,0.884131926127132,2.0633584431889513,3.52,1.824281074667328
板橋区|東坂下2丁目,板橋区,東坂下二丁目,2002.0,0.841005078316649,1.9293846780766097,3.37,1.6226223122887617
板橋区|小豆沢1丁目,板橋区,小豆沢一丁目,5029.0,0.0,0.0,0.0,0.0
板橋区|小豆沢2丁目,板橋区,小豆沢二丁目,5415.0,0.0,0.0,0.0,0.0
板橋区|小豆沢3丁目,板橋区,小豆沢三丁目,1685.0,0.10330508377496038,0.6120772946859904,1.85,0.06323069620428734
板橋区|小豆沢4丁目,板橋区,小豆沢四丁目,3942.0,0.3441872741788795,1.1844023668639052,3.51,0.4076562221819008
板橋区|西台1丁目,板橋区,西台一丁目,2932.0,0.0,0.0,0.0,0.0
板橋区|西台2丁目,板橋区,西台二丁目,4120.0,0.0,0.0,0.0,0.0
板橋区|西台3丁目,板橋区,西台三丁目,3737.0,0.0,0.0,0.0,0.0
板橋区|西台4丁目,板橋区,西台四丁目,2240.0,0.0,0.0,0.0,0.0
板橋区|中台1丁目,板橋区,中台一丁目,5485.0,0.0,0.0,0.0,0.0
板橋区|中台2丁目,板橋区,中台二丁目,3267.0,0.0,0.0,0.0,0.0
板橋区|中台3丁目,板橋区,中台三丁目,6683.0,0.0,0.0,0.0,0.0
板橋区|若木1丁目,板橋区,若木一丁目,4367.0,0.0,0.0,0.0,0.0
板橋区|若木2丁目,板橋区,若木二丁目,3849.0,0.0,0.0,0.0,0.0
板橋区|若木3丁目,板橋区,若木三丁目,2660.0,0.0,0.0,0.0,0.0
板橋区|蓮根1丁目,板橋区,蓮根一丁目,2991.0,0.21678734714063,0.24213592233009712,0.83,0.052492004249391384
板橋区|蓮根2丁目,板橋区,蓮根二丁目,7627.0,0.867431460863034,1.0429659234328987,2.26,0.9047014545937626
板橋区|蓮根3丁目,板橋区,蓮根三丁目,7801.0,0.9478194158832184,1.6054881101376721,3.74,1.5217128027581406
板橋区|相生町,板橋区,相生町,4555.0,0.0948725258356852,0.17853503184713376,0.6,0.016938069421492077
板橋区|前野町1丁目,板橋区,前野町一丁目,4681.0,0.0,0.0,0.0,0.0
板橋区|前野町2丁目,板橋区,前野町二丁目,7163.0,0.0,0.0,0.0,0.0
板橋区|前野町3丁目,板橋区,前野町三丁目,5798.0,0.0,0.0,0.0,0.0
板橋区|前野町4丁目,板橋区,前野町四丁目,4202.0,0.0,0.0,0.0,0.0
板橋区|前野町5丁目,板橋区,前野町五丁目,3628.0,0.0,0.0,0.0,0.0
板橋区|前野町6丁目,板橋区,前野町六丁目,4442.0,0.0,0.0,0.0,0.0
板橋区|赤塚1丁目,板橋区,赤塚一丁目,3876.0,0.0,0.0,0.0,0.0
板橋区|赤塚2丁目,板橋区,赤塚二丁目,5979.0,0.0,0.0,0.0,0.0
板橋区|赤塚3丁目,板橋区,赤塚三丁目,5121.0,0.0,0.0,0.0,0.0
板橋区|赤塚4丁目,板橋区,赤塚四丁目,4369.0,0.0,0.0,0.0,0.0
板橋区|赤塚5丁目,板橋区,赤塚五丁目,3754.0,0.0,0.0,0.0,0.0
板橋区|赤塚6丁目,板橋区,赤塚六丁目,4308.0,0.0,0.0,0.0,0.0
板橋区|赤塚7丁目,板橋区,赤塚七丁目,3597.0,0.0,0.0,0.0,0.0
板橋区|赤塚8丁目,板橋区,赤塚八丁目,1432.0,0.0,0.0,0.0,0.0
板橋区|赤塚新町1丁目,板橋区,赤塚新町一丁目,1398.0,0.0,0.0,0.0,0.0
板橋区|赤塚新町2丁目,板橋区,赤塚新町二丁目,2114.0,0.0,0.0,0.0,0.0
板橋区|赤塚新町3丁目,板橋区,赤塚新町三丁目,6305.0,0.0,0.0,0.0,0.0
板橋区|四葉1丁目,板橋区,四葉一丁目,2557.0,0.0,0.0,0.0,0.0
板橋区|四葉2丁目,板橋区,四葉二丁目,2314.0,0.0,0.0,0.0,0.0
板橋区|大門,板橋区,大門,1189.0,0.0,0.0,0.0,0.0
板橋区|三園1丁目,板橋区,三園一丁目,5783.0,0.0,0.0,0.0,0.0
板橋区|三園2丁目,板橋区,三園二丁目,1087.0,0.00040162414284077377,0.26,0.26,0.00010442227713860118
板橋区|成増1丁目,板橋区,成増一丁目,6994.0,0.0,0.0,0.0,0.0
板橋区|成増2丁目,板橋区,成増二丁目,5610.0,0.0,0.0,0.0,0.0
板橋区|成増3丁目,板橋区,成増三丁目,7864.0,0.0,0.0,0.0,0.0
板橋区|成増4丁目,板橋区,成増四丁目,5140.0,0.0,0.0,0.0,0.0
板橋区|成増5丁目,板橋区,成増五丁目,4933.0,0.0,0.0,0.0,0.0
板橋区|徳丸1丁目,板橋区,徳丸一丁目,6800.0,0.0,0.0,0.0,0.0
板橋区|徳丸2丁目,板橋区,徳丸二丁目,4242.0,0.0,0.0,0.0,0.0
板橋区|徳丸3丁目,板橋区,徳丸三丁目,7262.0,0.0,0.0,0.0,0.0
板橋区|徳丸4丁目,板橋区,徳丸四丁目,5668.0,0.0,0.0,0.0,0.0
板橋区|徳丸5丁目,板橋区,徳丸五丁目,2480.0,0.0,0.0,0.0,0.0
板橋区|徳丸6丁目,板橋区,徳丸六丁目,5347.0,0.0,0.0,0.0,0.0
板橋区|徳丸7丁目,板橋区,徳丸七丁目,1836.0,0.0,0.0,0.0,0.0
板橋区|徳丸8丁目,板橋区,徳丸八丁目,2108.0,0.0,0.0,0.0,0.0
板橋区|東山町,板橋区,東山町,3962.0,0.0,0.0,0.0,0.0
板橋区|桜川1丁目,板橋区,桜川一丁目,5.0,0.0,0.0,0.0,0.0
板橋区|桜川2丁目,板橋区,桜川二丁目,2621.0,0.0,0.0,0.0,0.0
板橋区|桜川3丁目,板橋区,桜川三丁目,2169.0,0.0,0.0,0.0,0.0
板橋区|高島平1丁目,板橋区,高島平一丁目,8639.0,0.6795803683727389,0.8014898348157561,1.58,0.5446767571910972
板橋区|高島平2丁目,板橋区,高島平二丁目,12895.0,0.2680808791973119,0.558715953307393,1.85,0.14978106398421018
板橋区|高島平3丁目,板橋区,高島平三丁目,5220.0,0.289107238742996,0.39759904912836763,1.38,0.11494876322034317
板橋区|高島平4丁目,板橋区,高島平四丁目,2015.0,0.134211561659678,0.17586805555555554,0.55,0.02360352638216212
板橋区|高島平5丁目,板橋区,高島平五丁目,3547.0,0.006387421234726275,0.0923529411764706,0.2,0.0005898971375600148
板橋区|高島平6丁目,板橋区,高島平六丁目,46.0,0.3728703400186015,0.293904263275991,0.88,0.10958818258063534
板橋区|高島平7丁目,板橋区,高島平七丁目,5080.0,0.93652959895377,1.0450754793961647,1.73,0.978744119595309
板橋区|高島平8丁目,板橋区,高島平八丁目,3763.0,0.8868431084852887,0.6677210103329507,1.47,0.5921637764046116
板橋区|高島平9丁目,板橋区,高島平九丁目,8541.0,0.6479072920121294,0.8053712953712955,2.85,0.5218059350483168
板橋区|新河岸1丁目,板橋区,新河岸一丁目,2262.0,0.2028086524226353,1.3913922837287325,2.89,0.28218639405427726
板橋区|新河岸2丁目,板橋区,新河岸二丁目,1930.0,0.9375987385834095,1.5536432843936923,3.29,1.4566939836561112
板橋区|新河岸3丁目,板橋区,新河岸三丁目,765.0,0.13017603810697762,0.5584910485933504,2.09,0.07270215202409387
板橋区|舟渡1丁目,板橋区,舟渡一丁目,3398.0,0.9174518747174366,2.5542989786443826,4.56,2.3434463865461224
板橋区|舟渡2丁目,板橋区,舟渡二丁目,4375.0,0.9806110270437215,2.5396376281112736,4.74,2.4903966628210767
板橋区|舟渡3丁目,板橋区,舟渡三丁目,1764.0,0.9304325931337503,2.068197054342306,3.21,1.9243179483832955
板橋区|舟渡4丁目,板橋区,舟渡四丁目,228.0,0.8819736982216717,2.1687238605898123,3.63,1.9127574037459778
練馬区|旭丘1丁目,練馬区,旭丘１丁目,5007.0,0.0,0.0,0.0,0.0
練馬区|旭丘2丁目,練馬区,旭丘２丁目,2406.0,0.0,0.0,0.0,0.0
練馬区|小竹町1丁目,練馬区,小竹町１丁目,5180.0,0.0,0.0,0.0,0.0
練馬区|小竹町2丁目,練馬区,小竹町２丁目,4386.0,0.0,0.0,0.0,0.0
練馬区|栄町,練馬区,栄町,4150.0,0.0,0.0,0.0,0.0
練馬区|羽沢1丁目,練馬区,羽沢１丁目,1412.0,0.0,0.0,0.0,0.0
練馬区|羽沢2丁目,練馬区,羽沢２丁目,3428.0,0.0,0.0,0.0,0.0
練馬区|羽沢3丁目,練馬区,羽沢３丁目,2047.0,0.0,0.0,0.0,0.0
練馬区|豊玉上1丁目,練馬区,豊玉上１丁目,2276.0,0.0,0.0,0.0,0.0
練馬区|豊玉上2丁目,練馬区,豊玉上２丁目,4312.0,0.0,0.0,0.0,0.0
練馬区|豊玉中1丁目,練馬区,豊玉中１丁目,2490.0,0.0,0.0,0.0,0.0
練馬区|豊玉中2丁目,練馬区,豊玉中２丁目,3397.0,0.0,0.0,0.0,0.0
練馬区|豊玉中3丁目,練馬区,豊玉中３丁目,3137.0,0.0,0.0,0.0,0.0
練馬区|豊玉中4丁目,練馬区,豊玉中４丁目,1958.0,0.0,0.0,0.0,0.0
練馬区|豊玉南1丁目,練馬区,豊玉南１丁目,2236.0,0.0,0.0,0.0,0.0
練馬区|豊玉南2丁目,練馬区,豊玉南２丁目,2063.0,0.0,0.0,0.0,0.0
練馬区|豊玉南3丁目,練馬区,豊玉南３丁目,4529.0,0.0,0.0,0.0,0.0
練馬区|豊玉北1丁目,練馬区,豊玉北１丁目,2631.0,0.0,0.0,0.0,0.0
練馬区|豊玉北2丁目,練馬区,豊玉北２丁目,2640.0,0.0,0.0,0.0,0.0
練馬区|豊玉北3丁目,練馬区,豊玉北３丁目,3270.0,0.0,0.0,0.0,0.0
練馬区|豊玉北4丁目,練馬区,豊玉北４丁目,4199.0,0.0,0.0,0.0,0.0
練馬区|豊玉北5丁目,練馬区,豊玉北５丁目,3848.0,0.0,0.0,0.0,0.0
練馬区|豊玉北6丁目,練馬区,豊玉北６丁目,3183.0,0.0,0.0,0.0,0.0
練馬区|中村1丁目,練馬区,中村１丁目,2414.0,0.0,0.0,0.0,0.0
練馬区|中村2丁目,練馬区,中村２丁目,3402.0,0.0,0.0,0.0,0.0
練馬区|中村3丁目,練馬区,中村３丁目,4084.0,0.0,0.0,0.0,0.0
練馬区|中村南1丁目,練馬区,中村南１丁目,4266.0,0.0,0.0,0.0,0.0
練馬区|中村南2丁目,練馬区,中村南２丁目,3834.0,0.0,0.0,0.0,0.0
練馬区|中村南3丁目,練馬区,中村南３丁目,3084.0,0.0,0.0,0.0,0.0
練馬区|中村北1丁目,練馬区,中村北１丁目,3665.0,0.0,0.0,0.0,0.0
練馬区|中村北2丁目,練馬区,中村北２丁目,3111.0,0.0,0.0,0.0,0.0
練馬区|中村北3丁目,練馬区,中村北３丁目,2118.0,0.0,0.0,0.0,0.0
練馬区|中村北4丁目,練馬区,中村北４丁目,2893.0,0.0,0.0,0.0,0.0
練馬区|桜台1丁目,練馬区,桜台１丁目,5226.0,0.0,0.0,0.0,0.0
練馬区|桜台2丁目,練馬区,桜台２丁目,4613.0,0.0,0.0,0.0,0.0
練馬区|桜台3丁目,練馬区,桜台３丁目,4714.0,0.0,0.0,0.0,0.0
練馬区|桜台4丁目,練馬区,桜台４丁目,3551.0,0.0,0.0,0.0,0.0
練馬区|桜台5丁目,練馬区,桜台５丁目,3930.0,0.0,0.0,0.0,0.0
練馬区|桜台6丁目,練馬区,桜台６丁目,3604.0,0.0,0.0,0.0,0.0
練馬区|練馬1丁目,練馬区,練馬１丁目,4223.0,0.0,0.0,0.0,0.0
練馬区|練馬2丁目,練馬区,練馬２丁目,3022.0,0.0,0.0,0.0,0.0
練馬区|練馬3丁目,練馬区,練馬３丁目,3716.0,0.0,0.0,0.0,0.0
練馬区|練馬4丁目,練馬区,練馬４丁目,3852.0,0.0,0.0,0.0,0.0
練馬区|向山1丁目,練馬区,向山１丁目,1938.0,0.0,0.0,0.0,0.0
練馬区|向山2丁目,練馬区,向山２丁目,2546.0,0.0,0.0,0.0,0.0
練馬区|向山3丁目,練馬区,向山３丁目,2377.0,0.0,0.0,0.0,0.0
練馬区|向山4丁目,練馬区,向山４丁目,4188.0,0.0,0.0,0.0,0.0
練馬区|貫井1丁目,練馬区,貫井１丁目,5070.0,0.0,0.0,0.0,0.0
練馬区|貫井2丁目,練馬区,貫井２丁目,4239.0,0.0,0.0,0.0,0.0
練馬区|貫井3丁目,練馬区,貫井３丁目,5028.0,0.0,0.0,0.0,0.0
練馬区|貫井4丁目,練馬区,貫井４丁目,4407.0,0.0,0.0,0.0,0.0
練馬区|貫井5丁目,練馬区,貫井５丁目,2605.0,0.0,0.0,0.0,0.0
練馬区|錦1丁目,練馬区,錦１丁目,3710.0,0.0,0.0,0.0,0.0
練馬区|錦2丁目,練馬区,錦２丁目,2684.0,0.0,0.0,0.0,0.0
練馬区|氷川台1丁目,練馬区,氷川台１丁目,215.0,0.0,0.0,0.0,0.0
練馬区|氷川台2丁目,練馬区,氷川台２丁目,3065.0,0.0,0.0,0.0,0.0
練馬区|氷川台3丁目,練馬区,氷川台３丁目,5148.0,0.0,0.0,0.0,0.0
練馬区|氷川台4丁目,練馬区,氷川台４丁目,5296.0,0.0,0.0,0.0,0.0
練馬区|平和台1丁目,練馬区,平和台１丁目,3524.0,0.0,0.0,0.0,0.0
練馬区|平和台2丁目,練馬区,平和台２丁目,3103.0,0.0,0.0,0.0,0.0
練馬区|平和台3丁目,練馬区,平和台３丁目,4435.0,0.0,0.0,0.0,0.0
練馬区|平和台4丁目,練馬区,平和台４丁目,3032.0,0.0,0.0,0.0,0.0
練馬区|早宮1丁目,練馬区,早宮１丁目,5828.0,0.0,0.0,0.0,0.0
練馬区|早宮2丁目,練馬区,早宮２丁目,4178.0,0.0,0.0,0.0,0.0
練馬区|早宮3丁目,練馬区,早宮３丁目,4975.0,0.0,0.0,0.0,0.0
練馬区|早宮4丁目,練馬区,早宮４丁目,4423.0,0.0,0.0,0.0,0.0
練馬区|春日町1丁目,練馬区,春日町１丁目,4703.0,0.0,0.0,0.0,0.0
練馬区|春日町2丁目,練馬区,春日町２丁目,4605.0,0.0,0.0,0.0,0.0
練馬区|春日町3丁目,練馬区,春日町３丁目,4266.0,0.0,0.0,0.0,0.0
練馬区|春日町4丁目,練馬区,春日町４丁目,4478.0,0.0,0.0,0.0,0.0
練馬区|春日町5丁目,練馬区,春日町５丁目,4448.0,0.0,0.0,0.0,0.0
練馬区|春日町6丁目,練馬区,春日町６丁目,4163.0,0.0,0.0,0.0,0.0
練馬区|高松1丁目,練馬区,高松１丁目,3024.0,0.0,0.0,0.0,0.0
練馬区|高松2丁目,練馬区,高松２丁目,2543.0,0.0,0.0,0.0,0.0
練馬区|高松3丁目,練馬区,高松３丁目,3162.0,0.0,0.0,0.0,0.0
練馬区|高松4丁目,練馬区,高松４丁目,3525.0,0.0,0.0,0.0,0.0
練馬区|高松5丁目,練馬区,高松５丁目,2875.0,0.0,0.0,0.0,0.0
練馬区|高松6丁目,練馬区,高松６丁目,3111.0,0.0,0.0,0.0,0.0
練馬区|北町1丁目,練馬区,北町１丁目,5140.0,0.0,0.0,0.0,0.0
練馬区|北町2丁目,練馬区,北町２丁目,6415.0,0.0,0.0,0.0,0.0
練馬区|北町3丁目,練馬区,北町３丁目,3322.0,0.0,0.0,0.0,0.0
練馬区|北町4丁目,練馬区,北町４丁目,664.0,0.0,0.0,0.0,0.0
練馬区|北町5丁目,練馬区,北町５丁目,2506.0,0.0,0.0,0.0,0.0
練馬区|北町6丁目,練馬区,北町６丁目,2807.0,0.0,0.0,0.0,0.0
練馬区|北町7丁目,練馬区,北町７丁目,2973.0,0.0,0.0,0.0,0.0
練馬区|北町8丁目,練馬区,北町８丁目,3809.0,0.0,0.0,0.0,0.0
練馬区|田柄1丁目,練馬区,田柄１丁目,4932.0,0.0,0.0,0.0,0.0
練馬区|田柄2丁目,練馬区,田柄２丁目,7042.0,0.0,0.0,0.0,0.0
練馬区|田柄3丁目,練馬区,田柄３丁目,5302.0,0.0,0.0,0.0,0.0
練馬区|田柄4丁目,練馬区,田柄４丁目,7356.0,0.0,0.0,0.0,0.0
練馬区|田柄5丁目,練馬区,田柄５丁目,4081.0,0.0,0.0,0.0,0.0
練馬区|光が丘1丁目,練馬区,光が丘１丁目,2472.0,0.0,0.0,0.0,0.0
練馬区|光が丘2丁目,練馬区,光が丘２丁目,5184.0,0.0,0.0,0.0,0.0
練馬区|光が丘3丁目,練馬区,光が丘３丁目,8761.0,0.0,0.0,0.0,0.0
練馬区|光が丘4丁目,練馬区,光が丘４丁目,0.0,0.0,0.0,0.0,0.0
練馬区|光が丘5丁目,練馬区,光が丘５丁目,3147.0,0.0,0.0,0.0,0.0
練馬区|光が丘6丁目,練馬区,光が丘６丁目,1007.0,0.0,0.0,0.0,0.0
練馬区|光が丘7丁目,練馬区,光が丘７丁目,5608.0,0.0,0.0,0.0,0.0
練馬区|旭町1丁目,練馬区,旭町１丁目,4247.0,0.0,0.0,0.0,0.0
練馬区|旭町2丁目,練馬区,旭町２丁目,4586.0,0.0,0.0,0.0,0.0
練馬区|旭町3丁目,練馬区,旭町３丁目,4197.0,0.0,0.0,0.0,0.0
練馬区|土支田1丁目,練馬区,土支田１丁目,3593.0,0.0,0.0,0.0,0.0
練馬区|土支田2丁目,練馬区,土支田２丁目,3266.0,0.0,0.0,0.0,0.0
練馬区|土支田3丁目,練馬区,土支田３丁目,4260.0,0.0,0.0,0.0,0.0
練馬区|土支田4丁目,練馬区,土支田４丁目,3356.0,0.0,0.0,0.0,0.0
練馬区|富士見台1丁目,練馬区,富士見台１丁目,3082.0,0.0,0.0,0.0,0.0
練馬区|富士見台2丁目,練馬区,富士見台２丁目,4159.0,0.0,0.0,0.0,0.0
練馬区|富士見台3丁目,練馬区,富士見台３丁目,4243.0,0.0,0.0,0.0,0.0
練馬区|富士見台4丁目,練馬区,富士見台４丁目,4052.0,0.0,0.0,0.0,0.0
練馬区|南田中1丁目,練馬区,南田中１丁目,2475.0,0.0,0.0,0.0,0.0
練馬区|南田中2丁目,練馬区,南田中２丁目,1895.0,0.0,0.0,0.0,0.0
練馬区|南田中3丁目,練馬区,南田中３丁目,2586.0,0.0,0.0,0.0,0.0
練馬区|南田中4丁目,練馬区,南田中４丁目,3114.0,0.0,0.0,0.0,0.0
練馬区|南田中5丁目,練馬区,南田中５丁目,2248.0,0.0,0.0,0.0,0.0
練馬区|高野台1丁目,練馬区,高野台１丁目,3452.0,0.0,0.0,0.0,0.0
練馬区|高野台2丁目,練馬区,高野台２丁目,3343.0,0.0,0.0,0.0,0.0
練馬区|高野台3丁目,練馬区,高野台３丁目,2956.0,0.0,0.0,0.0,0.0
練馬区|高野台4丁目,練馬区,高野台４丁目,2625.0,0.0,0.0,0.0,0.0
練馬区|高野台5丁目,練馬区,高野台５丁目,3224.0,0.0,0.0,0.0,0.0
練馬区|谷原1丁目,練馬区,谷原１丁目,2252.0,0.0,0.0,0.0,0.0
練馬区|谷原2丁目,練馬区,谷原２丁目,1737.0,0.0,0.0,0.0,0.0
練馬区|谷原3丁目,練馬区,谷原３丁目,2056.0,0.0,0.0,0.0,0.0
練馬区|谷原4丁目,練馬区,谷原４丁目,2016.0,0.0,0.0,0.0,0.0
練馬区|谷原5丁目,練馬区,谷原５丁目,3297.0,0.0,0.0,0.0,0.0
練馬区|谷原6丁目,練馬区,谷原６丁目,2256.0,0.0,0.0,0.0,0.0
練馬区|三原台1丁目,練馬区,三原台１丁目,4155.0,0.0,0.0,0.0,0.0
練馬区|三原台2丁目,練馬区,三原台２丁目,2069.0,0.0,0.0,0.0,0.0
練馬区|三原台3丁目,練馬区,三原台３丁目,3128.0,0.0,0.0,0.0,0.0
練馬区|石神井町1丁目,練馬区,石神井町１丁目,3041.0,0.0,0.0,0.0,0.0
練馬区|石神井町2丁目,練馬区,石神井町２丁目,4760.0,0.0,0.0,0.0,0.0
練馬区|石神井町3丁目,練馬区,石神井町３丁目,3293.0,0.0,0.0,0.0,0.0
練馬区|石神井町4丁目,練馬区,石神井町４丁目,3443.0,0.0,0.0,0.0,0.0
練馬区|石神井町5丁目,練馬区,石神井町５丁目,1720.0,0.0,0.0,0.0,0.0
練馬区|石神井町6丁目,練馬区,石神井町６丁目,3150.0,0.0,0.0,0.0,0.0
練馬区|石神井町7丁目,練馬区,石神井町７丁目,4223.0,0.0,0.0,0.0,0.0
練馬区|石神井町8丁目,練馬区,石神井町８丁目,4364.0,0.0,0.0,0.0,0.0
練馬区|石神井台1丁目,練馬区,石神井台１丁目,1671.0,0.0,0.0,0.0,0.0
練馬区|石神井台2丁目,練馬区,石神井台２丁目,4640.0,0.0,0.0,0.0,0.0
練馬区|石神井台3丁目,練馬区,石神井台３丁目,5325.0,0.0,0.0,0.0,0.0
練馬区|石神井台4丁目,練馬区,石神井台４丁目,4591.0,0.0,0.0,0.0,0.0
練馬区|石神井台5丁目,練馬区,石神井台５丁目,3904.0,0.0,0.0,0.0,0.0
練馬区|石神井台6丁目,練馬区,石神井台６丁目,2956.0,0.0,0.0,0.0,0.0
練馬区|石神井台7丁目,練馬区,石神井台７丁目,3678.0,0.0,0.0,0.0,0.0
練馬区|石神井台8丁目,練馬区,石神井台８丁目,3904.0,0.0,0.0,0.0,0.0
練馬区|下石神井1丁目,練馬区,下石神井１丁目,2728.0,0.0,0.0,0.0,0.0
練馬区|下石神井2丁目,練馬区,下石神井２丁目,3303.0,0.0,0.0,0.0,0.0
練馬区|下石神井3丁目,練馬区,下石神井３丁目,2351.0,0.0,0.0,0.0,0.0
練馬区|下石神井4丁目,練馬区,下石神井４丁目,3553.0,0.0,0.0,0.0,0.0
練馬区|下石神井5丁目,練馬区,下石神井５丁目,2637.0,0.0,0.0,0.0,0.0
練馬区|下石神井6丁目,練馬区,下石神井６丁目,3570.0,0.0,0.0,0.0,0.0
練馬区|東大泉1丁目,練馬区,東大泉１丁目,4884.0,0.0,0.0,0.0,0.0
練馬区|東大泉2丁目,練馬区,東大泉２丁目,6328.0,0.0,0.0,0.0,0.0
練馬区|東大泉3丁目,練馬区,東大泉３丁目,4939.0,0.0,0.0,0.0,0.0
練馬区|東大泉4丁目,練馬区,東大泉４丁目,2913.0,0.0,0.0,0.0,0.0
練馬区|東大泉5丁目,練馬区,東大泉５丁目,4162.0,0.0,0.0,0.0,0.0
練馬区|東大泉6丁目,練馬区,東大泉６丁目,6432.0,0.0,0.0,0.0,0.0
練馬区|東大泉7丁目,練馬区,東大泉７丁目,5958.0,0.0,0.0,0.0,0.0
練馬区|西大泉1丁目,練馬区,西大泉１丁目,4017.0,0.0,0.0,0.0,0.0
練馬区|西大泉2丁目,練馬区,西大泉２丁目,2903.0,0.0,0.0,0.0,0.0
練馬区|西大泉3丁目,練馬区,西大泉３丁目,3715.0,0.0,0.0,0.0,0.0
練馬区|西大泉4丁目,練馬区,西大泉４丁目,3815.0,0.0,0.0,0.0,0.0
練馬区|西大泉5丁目,練馬区,西大泉５丁目,4584.0,0.0,0.0,0.0,0.0
練馬区|西大泉6丁目,練馬区,西大泉６丁目,2829.0,0.0,0.0,0.0,0.0
練馬区|南大泉1丁目,練馬区,南大泉１丁目,4867.0,0.0,0.0,0.0,0.0
練馬区|南大泉2丁目,練馬区,南大泉２丁目,4342.0,0.0,0.0,0.0,0.0
練馬区|南大泉3丁目,練馬区,南大泉３丁目,4747.0,0.0,0.0,0.0,0.0
練馬区|南大泉4丁目,練馬区,南大泉４丁目,6294.0,0.0,0.0,0.0,0.0
練馬区|南大泉5丁目,練馬区,南大泉５丁目,4590.0,0.0,0.0,0.0,0.0
練馬区|南大泉6丁目,練馬区,南大泉６丁目,1898.0,0.0,0.0,0.0,0.0
練馬区|大泉町1丁目,練馬区,大泉町１丁目,5227.0,0.0,0.0,0.0,0.0
練馬区|大泉町2丁目,練馬区,大泉町２丁目,4711.0,0.0,0.0,0.0,0.0
練馬区|大泉町3丁目,練馬区,大泉町３丁目,3682.0,0.0,0.0,0.0,0.0
練馬区|大泉町4丁目,練馬区,大泉町４丁目,3752.0,0.0,0.0,0.0,0.0
練馬区|大泉町5丁目,練馬区,大泉町５丁目,2119.0,0.0,0.0,0.0,0.0
練馬区|大泉町6丁目,練馬区,大泉町６丁目,2306.0,0.0,0.0,0.0,0.0
練馬区|大泉学園町1丁目,練馬区,大泉学園町１丁目,3106.0,0.0,0.0,0.0,0.0
練馬区|大泉学園町2丁目,練馬区,大泉学園町２丁目,3949.0,0.0,0.0,0.0,0.0
練馬区|大泉学園町3丁目,練馬区,大泉学園町３丁目,3296.0,0.0,0.0,0.0,0.0
練馬区|大泉学園町4丁目,練馬区,大泉学園町４丁目,4175.0,0.0,0.0,0.0,0.0
練馬区|大泉学園町5丁目,練馬区,大泉学園町５丁目,4735.0,0.0,0.0,0.0,0.0
練馬区|大泉学園町6丁目,練馬区,大泉学園町６丁目,5092.0,0.0,0.0,0.0,0.0
練馬区|大泉学園町7丁目,練馬区,大泉学園町７丁目,4833.0,0.0,0.0,0.0,0.0
練馬区|大泉学園町8丁目,練馬区,大泉学園町８丁目,4551.0,0.0,0.0,0.0,0.0
練馬区|大泉学園町9丁目,練馬区,大泉学園町９丁目,65.0,0.0,0.0,0.0,0.0
練馬区|関町北1丁目,練馬区,関町北１丁目,3496.0,0.0,0.0,0.0,0.0
練馬区|関町北2丁目,練馬区,関町北２丁目,4725.0,0.0,0.0,0.0,0.0
練馬区|関町北3丁目,練馬区,関町北３丁目,4209.0,0.0,0.0,0.0,0.0
練馬区|関町北4丁目,練馬区,関町北４丁目,4161.0,0.0,0.0,0.0,0.0
練馬区|関町北5丁目,練馬区,関町北５丁目,5365.0,0.0,0.0,0.0,0.0
練馬区|関町南1丁目,練馬区,関町南１丁目,2485.0,0.0,0.0,0.0,0.0
練馬区|関町南2丁目,練馬区,関町南２丁目,4443.0,0.0,0.0,0.0,0.0
練馬区|関町南3丁目,練馬区,関町南３丁目,4404.0,0.0,0.0,0.0,0.0
練馬区|関町南4丁目,練馬区,関町南４丁目,7539.0,0.0,0.0,0.0,0.0
練馬区|上石神井南町,練馬区,上石神井南町,2348.0,0.0,0.0,0.0,0.0
練馬区|立野町,練馬区,立野町,5517.0,0.0,0.0,0.0,0.0
練馬区|上石神井1丁目,練馬区,上石神井１丁目,5328.0,0.0,0.0,0.0,0.0
練馬区|上石神井2丁目,練馬区,上石神井２丁目,4433.0,0.0,0.0,0.0,0.0
練馬区|上石神井3丁目,練馬区,上石神井３丁目,5726.0,0.0,0.0,0.0,0.0
練馬区|上石神井4丁目,練馬区,上石神井４丁目,4842.0,0.0,0.0,0.0,0.0
練馬区|関町東1丁目,練馬区,関町東１丁目,3824.0,0.0,0.0,0.0,0.0
練馬区|関町東2丁目,練馬区,関町東２丁目,1553.0,0.0,0.0,0.0,0.0
練馬区|西大泉町,練馬区,西大泉町,31.0,0.0,0.0,0.0,0.0
足立区|青井1丁目,足立区,青井一丁目,1475.0,0.9974908869695696,1.0133992805755396,1.84,1.0108565472356188
足立区|青井2丁目,足立区,青井二丁目,3142.0,1.0,1.454578884934757,2.24,1.454578884934757
足立区|青井3丁目,足立区,青井三丁目,4387.0,0.9683860748574894,1.656099959033183,2.34,1.603744138899793
足立区|青井4丁目,足立区,青井四丁目,3921.0,0.9688985633395042,1.666467615985301,2.43,1.6146380789799666
足立区|青井5丁目,足立区,青井五丁目,2160.0,0.9728482645231641,1.1263341067285382,2.13,1.0957521810041067
足立区|青井6丁目,足立区,青井六丁目,2414.0,0.9505120976105644,0.8337233259749816,1.68,0.7924641073993361
足立区|足立1丁目,足立区,足立一丁目,2652.0,0.9993094120688671,1.2364973614775725,1.94,1.2356434513228585
足立区|足立2丁目,足立区,足立二丁目,3253.0,0.9169500368537102,1.1529498525073747,2.32,1.057197409747117
足立区|足立3丁目,足立区,足立三丁目,3731.0,0.9902562755539465,1.3297397989355413,1.95,1.3167831807497627
足立区|足立4丁目,足立区,足立四丁目,4233.0,0.9999637787470659,1.5525524475524477,2.04,1.5524962121575514
足立区|綾瀬1丁目,足立区,綾瀬一丁目,4814.0,0.9500239981868923,3.4582743362831856,4.67,3.285443611782873
足立区|綾瀬2丁目,足立区,綾瀬二丁目,5206.0,0.9970956430391228,3.491219712525668,4.41,3.4810799642516423
足立区|綾瀬3丁目,足立区,綾瀬三丁目,4186.0,1.0,3.633355672570608,5.53,3.633355672570608
足立区|綾瀬4丁目,足立区,綾瀬四丁目,3302.0,0.9241827167592942,3.620716999050332,4.25,3.3462040727988946
足立区|綾瀬5丁目,足立区,綾瀬五丁目,3420.0,0.999260251795739,3.753854961832061,4.2,3.7510780543649895
足立区|綾瀬6丁目,足立区,綾瀬六丁目,3283.0,0.9710299500812889,3.7205827974276526,4.65,3.6127973280594756
足立区|綾瀬7丁目,足立区,綾瀬七丁目,2709.0,0.9714997076252119,3.5221172248803825,4.16,3.421735854193014
足立区|伊興1丁目,足立区,伊興一丁目,2418.0,0.0,0.0,0.0,0.0
足立区|伊興2丁目,足立区,伊興二丁目,2371.0,0.0,0.0,0.0,0.0
足立区|伊興3丁目,足立区,伊興三丁目,3101.0,0.0,0.0,0.0,0.0
足立区|伊興4丁目,足立区,伊興四丁目,2953.0,0.0,0.0,0.0,0.0
足立区|伊興5丁目,足立区,伊興五丁目,2191.0,0.0,0.0,0.0,0.0
足立区|伊興本町1丁目,足立区,伊興本町一丁目,1412.0,0.0,0.0,0.0,0.0
足立区|伊興本町2丁目,足立区,伊興本町二丁目,1527.0,0.0,0.0,0.0,0.0
足立区|入谷1丁目,足立区,入谷一丁目,2272.0,0.0,0.0,0.0,0.0
足立区|入谷2丁目,足立区,入谷二丁目,1766.0,0.0,0.0,0.0,0.0
足立区|入谷3丁目,足立区,入谷三丁目,1125.0,0.01136846692660845,2.119375,2.44,0.02409404459258078
足立区|入谷4丁目,足立区,入谷四丁目,918.0,0.0,0.0,0.0,0.0
足立区|入谷5丁目,足立区,入谷五丁目,514.0,0.0,0.0,0.0,0.0
足立区|入谷6丁目,足立区,入谷六丁目,45.0,0.0,0.0,0.0,0.0
足立区|入谷7丁目,足立区,入谷七丁目,566.0,0.0,0.0,0.0,0.0
足立区|入谷8丁目,足立区,入谷八丁目,911.0,0.0,0.0,0.0,0.0
足立区|入谷9丁目,足立区,入谷九丁目,853.0,0.009320080683880641,2.3025,2.49,0.02145948577463518
足立区|入谷町,足立区,入谷町,0.0,0.0,0.0,0.0,0.0
足立区|梅島1丁目,足立区,梅島一丁目,3799.0,0.986186237998269,1.0277404718693284,1.93,1.0135435095913787
足立区|梅島2丁目,足立区,梅島二丁目,3469.0,0.5280555617618489,0.4611121239744758,1.17,0.24349282166054112
足立区|梅島3丁目,足立区,梅島三丁目,5114.0,0.9741963040251617,0.6978167641325537,1.46,0.6798105125047318
足立区|梅田1丁目,足立区,梅田一丁目,1981.0,0.9823087736017181,1.2078962746530313,1.82,1.1865271081925033
足立区|梅田2丁目,足立区,梅田二丁目,2546.0,1.0,1.3681332236842103,2.0,1.3681332236842103
足立区|梅田3丁目,足立区,梅田三丁目,2262.0,1.0,1.414733688415446,1.86,1.414733688415446
足立区|梅田4丁目,足立区,梅田四丁目,2447.0,0.9993067338005234,1.1124620829120322,1.81,1.11169085055175
足立区|梅田5丁目,足立区,梅田五丁目,4097.0,0.9842647982184064,0.960502512562814,1.91,0.9453888117159105
足立区|梅田6丁目,足立区,梅田六丁目,3461.0,0.9995328000303738,1.5384748603351954,2.11,1.537756084927176
足立区|梅田7丁目,足立区,梅田七丁目,4951.0,0.9983517930399144,1.5468999999999997,2.47,1.5443503886534433
足立区|梅田8丁目,足立区,梅田八丁目,3752.0,1.0,0.7628904227782571,1.64,0.7628904227782571
足立区|扇1丁目,足立区,扇一丁目,7104.0,0.2700563048869862,0.3027199413489736,0.89,0.08175142877630899
足立区|扇2丁目,足立区,扇二丁目,5289.0,0.008222147423683206,0.07516129032258065,0.17,0.000617987209586512
足立区|扇3丁目,足立区,扇三丁目,3592.0,0.0,0.0,0.0,0.0
足立区|大谷田1丁目,足立区,大谷田一丁目,4641.0,0.934027522760029,3.058294042006001,3.88,2.856530807926621
足立区|大谷田2丁目,足立区,大谷田二丁目,2202.0,0.8891890514426019,2.576086404066074,3.68,2.2906278260656956
足立区|大谷田3丁目,足立区,大谷田三丁目,3928.0,1.0,3.1356272774596565,3.81,3.1356272774596565
足立区|大谷田4丁目,足立区,大谷田四丁目,1804.0,0.9947334015336977,2.9491426344505065,3.69,2.9336106843750027
足立区|大谷田5丁目,足立区,大谷田五丁目,3859.0,0.9982421607732064,2.7023209876543213,3.44,2.6975707418188346
足立区|興野1丁目,足立区,興野一丁目,2005.0,0.11512450508285324,0.17525974025974028,0.54,0.020176690858352008
足立区|興野2丁目,足立区,興野二丁目,4364.0,0.0,0.0,0.0,0.0
足立区|小台1丁目,足立区,小台一丁目,2957.0,0.00028265827301758925,0.16,0.16,4.5225323682814284e-05
足立区|小台2丁目,足立区,小台二丁目,3868.0,0.0,0.0,0.0,0.0
足立区|加賀1丁目,足立区,加賀一丁目,1436.0,0.0,0.0,0.0,0.0
足立区|加賀2丁目,足立区,加賀二丁目,2675.0,0.0,0.0,0.0,0.0
足立区|加平1丁目,足立区,加平一丁目,2943.0,0.9737502262365163,3.365,4.4,3.2766695112858777
足立区|加平2丁目,足立区,加平二丁目,1720.0,0.924170157493567,2.1360311284046696,3.54,1.974056224348905
足立区|加平3丁目,足立区,加平三丁目,2153.0,1.0,2.2349728471683474,7.64,2.2349728471683474
足立区|北加平町,足立区,北加平町,2324.0,0.9595070445374871,1.6312593516209477,3.4,1.565204839347953
足立区|栗原1丁目,足立区,栗原一丁目,2429.0,0.36340363261035014,0.307469387755102,1.27,0.11173549242668439
足立区|栗原2丁目,足立区,栗原二丁目,3036.0,0.0,0.0,0.0,0.0
足立区|栗原3丁目,足立区,栗原三丁目,3733.0,0.10353661690244709,0.2808333333333333,3.43,0.029076533246770557
足立区|栗原4丁目,足立区,栗原四丁目,3173.0,0.0,0.0,0.0,0.0
足立区|弘道1丁目,足立区,弘道一丁目,3636.0,1.0,1.5128300094966762,2.31,1.5128300094966762
足立区|弘道2丁目,足立区,弘道二丁目,3488.0,0.990550097737966,1.5607457428068114,2.25,1.5459968480814015
足立区|江北1丁目,足立区,江北一丁目,2792.0,0.0,0.0,0.0,0.0
足立区|江北2丁目,足立区,江北二丁目,2719.0,0.0,0.0,0.0,0.0
足立区|江北3丁目,足立区,江北三丁目,4122.0,0.0,0.0,0.0,0.0
足立区|江北4丁目,足立区,江北四丁目,4538.0,0.0,0.0,0.0,0.0
足立区|江北5丁目,足立区,江北五丁目,631.0,0.0,0.0,0.0,0.0
足立区|江北6丁目,足立区,江北六丁目,2758.0,0.0,0.0,0.0,0.0
足立区|江北7丁目,足立区,江北七丁目,1899.0,0.0,0.0,0.0,0.0
足立区|古千谷1丁目,足立区,古千谷一丁目,0.0,0.0,0.0,0.0,0.0
足立区|古千谷2丁目,足立区,古千谷二丁目,0.0,0.0,0.0,0.0,0.0
足立区|古千谷本町1丁目,足立区,古千谷本町一丁目,1874.0,0.0,0.0,0.0,0.0
足立区|古千谷本町2丁目,足立区,古千谷本町二丁目,2861.0,0.0,0.0,0.0,0.0
足立区|古千谷本町3丁目,足立区,古千谷本町三丁目,1802.0,0.4434851573150898,0.667291280148423,4.46,0.29593377835161105
足立区|古千谷本町4丁目,足立区,古千谷本町四丁目,1428.0,0.7279794158484306,0.8642087912087912,4.5,0.6291262109952542
足立区|佐野1丁目,足立区,佐野一丁目,2533.0,0.8084760385568399,2.713975609756097,3.55,2.1941842497154935
足立区|佐野2丁目,足立区,佐野二丁目,3383.0,1.0,2.716655437921078,3.24,2.716655437921078
足立区|皿沼1丁目,足立区,皿沼一丁目,1479.0,0.0,0.0,0.0,0.0
足立区|皿沼2丁目,足立区,皿沼二丁目,1476.0,0.0,0.0,0.0,0.0
足立区|皿沼3丁目,足立区,皿沼三丁目,1157.0,0.0,0.0,0.0,0.0
足立区|鹿浜1丁目,足立区,鹿浜一丁目,940.0,0.0,0.0,0.0,0.0
足立区|鹿浜2丁目,足立区,鹿浜二丁目,3223.0,0.041963681638709824,0.9038936170212767,1.9,0.037930703979942755
足立区|鹿浜3丁目,足立区,鹿浜三丁目,2161.0,0.0,0.0,0.0,0.0
足立区|鹿浜4丁目,足立区,鹿浜四丁目,2151.0,0.0,0.0,0.0,0.0
足立区|鹿浜5丁目,足立区,鹿浜五丁目,2123.0,0.0,0.0,0.0,0.0
足立区|鹿浜6丁目,足立区,鹿浜六丁目,2536.0,0.0,0.0,0.0,0.0
足立区|鹿浜7丁目,足立区,鹿浜七丁目,2279.0,0.0,0.0,0.0,0.0
足立区|鹿浜8丁目,足立区,鹿浜八丁目,1983.0,0.0,0.0,0.0,0.0
足立区|島根1丁目,足立区,島根一丁目,1973.0,0.15992118072463615,0.2910344827586207,0.84,0.046542578114342384
足立区|島根2丁目,足立区,島根二丁目,4586.0,0.03717498793148937,0.16956521739130434,0.39,0.006303584910122111
足立区|島根3丁目,足立区,島根三丁目,2546.0,0.2891188895157307,0.2662252964426878,0.83,0.0769707620685061
足立区|島根4丁目,足立区,島根四丁目,3630.0,0.0,0.0,0.0,0.0
足立区|新田1丁目,足立区,新田一丁目,4374.0,0.0,0.0,0.0,0.0
足立区|新田2丁目,足立区,新田二丁目,2536.0,0.0,0.0,0.0,0.0
足立区|新田3丁目,足立区,新田三丁目,9874.0,0.0,0.0,0.0,0.0
足立区|神明1丁目,足立区,神明一丁目,774.0,0.8622315133998751,1.2121750663129973,2.68,1.0451755419326496
足立区|神明2丁目,足立区,神明二丁目,1792.0,0.9242935560901098,2.4901655867530597,3.15,2.3016440054332
足立区|神明3丁目,足立区,神明三丁目,2435.0,0.9321502945533948,2.144442138038402,3.3,1.998942370625208
足立区|神明南1丁目,足立区,神明南一丁目,1992.0,0.9222375789923266,1.3056947483588621,2.36,1.2041607636294722
足立区|神明南2丁目,足立区,神明南二丁目,1573.0,0.9781068533795702,1.8572240000000002,2.73,1.816563522661019
足立区|関原1丁目,足立区,関原一丁目,2082.0,0.9972364329302613,0.6215759312320918,1.32,0.6198581644571965
足立区|関原2丁目,足立区,関原二丁目,4919.0,0.9874889014091901,0.5554347035285558,1.46,0.5484856051919528
足立区|関原3丁目,足立区,関原三丁目,4996.0,0.984935710760374,0.6453501506024096,1.43,0.6356284092728988
足立区|千住1丁目,足立区,千住一丁目,1894.0,0.0,0.0,0.0,0.0
足立区|千住2丁目,足立区,千住二丁目,1177.0,0.03321247370426857,0.15483870967741936,0.32,0.005142576573564166
足立区|千住3丁目,足立区,千住三丁目,1963.0,0.2469965664515637,0.32587548638132297,0.63,0.08049012622692008
足立区|千住4丁目,足立区,千住四丁目,2143.0,0.3097130224294533,0.2400346020761246,0.57,0.07434184209664768
足立区|千住5丁目,足立区,千住五丁目,2545.0,0.312351648214596,0.25737244897959183,0.69,0.08039070864380252
足立区|千住曙町,足立区,千住曙町,4320.0,0.30765249528851124,0.42688715953307393,1.66,0.13133289983697496
足立区|千住旭町,足立区,千住旭町,3421.0,0.2385993181822881,0.17269794721407625,0.52,0.041205612456759376
足立区|千住東1丁目,足立区,千住東一丁目,1912.0,0.0,0.0,0.0,0.0
足立区|千住東2丁目,足立区,千住東二丁目,3809.0,0.09698643962719142,0.13261538461538463,0.46,0.012861893993636771
足立区|千住大川町,足立区,千住大川町,3563.0,0.8785620547993537,0.3170873786407767,1.16,0.27858093892958147
足立区|千住河原町,足立区,千住河原町,4016.0,0.0,0.0,0.0,0.0
足立区|千住寿町,足立区,千住寿町,3337.0,0.6896809090275766,0.2112397820163488,0.62,0.14568804488382256
足立区|千住桜木1丁目,足立区,千住桜木一丁目,2185.0,0.0,0.0,0.0,0.0
足立区|千住桜木2丁目,足立区,千住桜木二丁目,2124.0,0.3993698032769064,0.40998654104979815,1.18,0.1637362442452372
足立区|千住関屋町,足立区,千住関屋町,3790.0,0.0,0.0,0.0,0.0
足立区|千住龍田町,足立区,千住龍田町,1970.0,0.4125357310582061,0.16488833746898263,1.44,0.06802233084073894
足立区|千住中居町,足立区,千住中居町,2659.0,0.40520312297571714,0.24017578125,0.65,0.09731997662563269
足立区|千住仲町,足立区,千住仲町,4164.0,0.0,0.0,0.0,0.0
足立区|千住橋戸町,足立区,千住橋戸町,3959.0,0.0,0.0,0.0,0.0
足立区|千住緑町1丁目,足立区,千住緑町一丁目,1506.0,0.0,0.0,0.0,0.0
足立区|千住緑町2丁目,足立区,千住緑町二丁目,2231.0,0.0,0.0,0.0,0.0
足立区|千住緑町3丁目,足立区,千住緑町三丁目,2091.0,0.0,0.0,0.0,0.0
足立区|千住宮元町,足立区,千住宮元町,2228.0,0.0,0.0,0.0,0.0
足立区|千住元町,足立区,千住元町,3582.0,0.8198882981249996,0.32753846153846156,0.99,0.2685449518012499
足立区|千住柳町,足立区,千住柳町,1821.0,0.7644186388377945,0.22933665008291873,0.59,0.1753092098920043
足立区|竹の塚1丁目,足立区,竹の塚一丁目,4252.0,0.0,0.0,0.0,0.0
足立区|竹の塚2丁目,足立区,竹の塚二丁目,2687.0,0.0,0.0,0.0,0.0
足立区|竹の塚3丁目,足立区,竹の塚三丁目,3410.0,0.0,0.0,0.0,0.0
足立区|竹の塚4丁目,足立区,竹の塚四丁目,1600.0,0.0,0.0,0.0,0.0
足立区|竹の塚5丁目,足立区,竹の塚五丁目,2713.0,0.0,0.0,0.0,0.0
足立区|竹の塚6丁目,足立区,竹の塚六丁目,2629.0,0.0,0.0,0.0,0.0
足立区|竹の塚7丁目,足立区,竹の塚七丁目,1652.0,0.0,0.0,0.0,0.0
足立区|辰沼1丁目,足立区,辰沼一丁目,1639.0,0.9976443351324618,2.506605504587156,3.32,2.500700782063222
足立区|辰沼2丁目,足立区,辰沼二丁目,2163.0,0.9718378193419442,2.378389993585632,3.18,2.3114093449109614
足立区|中央本町1丁目,足立区,中央本町一丁目,2134.0,0.8940319605622983,1.003720050441362,1.93,0.8973578045517797
足立区|中央本町2丁目,足立区,中央本町二丁目,3253.0,1.0,1.4195210280373831,1.98,1.4195210280373831
足立区|中央本町3丁目,足立区,中央本町三丁目,2755.0,0.9461234430242926,0.9798825503355705,1.83,0.9270898522829146
足立区|中央本町4丁目,足立区,中央本町四丁目,4098.0,0.9570593316678793,0.8373110151187905,1.74,0.8013563205277432
足立区|中央本町5丁目,足立区,中央本町五丁目,1950.0,0.24837796560760556,0.3176190476190476,1.2,0.07888957288584424
足立区|椿1丁目,足立区,椿一丁目,266.0,0.0,0.0,0.0,0.0
足立区|椿2丁目,足立区,椿二丁目,1580.0,0.0,0.0,0.0,0.0
足立区|東和1丁目,足立区,東和一丁目,3126.0,0.9984586437164037,3.572700915564598,4.23,3.567194110558982
足立区|東和2丁目,足立区,東和二丁目,3147.0,1.0,3.6163701067615657,4.18,3.6163701067615657
足立区|東和3丁目,足立区,東和三丁目,5258.0,0.9997318737088938,3.7334220354808587,4.25,3.732421006877351
足立区|東和4丁目,足立区,東和四丁目,4410.0,0.9980038282833291,3.6102366565961734,4.32,3.6030300042917878
足立区|東和5丁目,足立区,東和五丁目,4408.0,1.0,3.690945857795173,4.2,3.690945857795173
足立区|舎人1丁目,足立区,舎人一丁目,2070.0,0.0,0.0,0.0,0.0
足立区|舎人2丁目,足立区,舎人二丁目,2859.0,0.0,0.0,0.0,0.0
足立区|舎人3丁目,足立区,舎人三丁目,2889.0,0.5906456240535766,0.812235294117647,4.43,0.47974322217245796
足立区|舎人4丁目,足立区,舎人四丁目,1499.0,0.07983743890326463,4.330555555555556,4.35,0.3457404645838599
足立区|舎人5丁目,足立区,舎人五丁目,4276.0,0.0,0.0,0.0,0.0
足立区|舎人6丁目,足立区,舎人六丁目,1982.0,0.04802627766807811,3.396857142857143,4.31,0.1631384043416516
足立区|舎人公園,足立区,舎人公園,0.0,0.0,0.0,0.0,0.0
足立区|舎人町,足立区,舎人町,0.0,0.0,0.0,0.0,0.0
足立区|中川1丁目,足立区,中川一丁目,3107.0,0.8468539033937995,2.932480942480942,4.04,2.4833829327679138
足立区|中川2丁目,足立区,中川二丁目,2482.0,0.8096765374029105,2.607168913560666,3.57,2.110963498356308
足立区|中川3丁目,足立区,中川三丁目,2141.0,0.8044007502549623,2.5898900235663787,3.28,2.083309478034637
足立区|中川4丁目,足立区,中川四丁目,4457.0,0.9995664227240694,3.3892878853669126,4.74,3.3878183671582307
足立区|中川5丁目,足立区,中川五丁目,1080.0,0.7791837748331263,3.4562324469674337,8.52,2.693040244728818
足立区|西綾瀬1丁目,足立区,西綾瀬一丁目,1225.0,0.9268843779947392,0.9645611015490533,2.18,0.8940366166472148
足立区|西綾瀬2丁目,足立区,西綾瀬二丁目,3000.0,0.9569798670514925,1.2534014996591685,1.92,1.1994800005059725
足立区|西綾瀬3丁目,足立区,西綾瀬三丁目,3547.0,0.9977993011766939,1.2450941366325983,1.95,1.2423540594312057
足立区|西綾瀬4丁目,足立区,西綾瀬四丁目,1324.0,0.9128694151220493,1.2677010622154778,2.2,1.157245527214244
足立区|西新井1丁目,足立区,西新井一丁目,2844.0,0.0,0.0,0.0,0.0
足立区|西新井2丁目,足立区,西新井二丁目,2862.0,0.0,0.0,0.0,0.0
足立区|西新井3丁目,足立区,西新井三丁目,3957.0,0.0,0.0,0.0,0.0
足立区|西新井4丁目,足立区,西新井四丁目,4160.0,0.0,0.0,0.0,0.0
足立区|西新井5丁目,足立区,西新井五丁目,2668.0,0.0,0.0,0.0,0.0
足立区|西新井6丁目,足立区,西新井六丁目,3618.0,0.0,0.0,0.0,0.0
足立区|西新井7丁目,足立区,西新井七丁目,1829.0,0.0,0.0,0.0,0.0
足立区|西新井栄町1丁目,足立区,西新井栄町一丁目,6718.0,0.9659226610064807,0.5544954128440367,1.18,0.535599684690199
足立区|西新井栄町2丁目,足立区,西新井栄町二丁目,1643.0,0.6856669381003918,0.3195383001049318,0.81,0.2190968478387527
足立区|西新井栄町3丁目,足立区,西新井栄町三丁目,1742.0,0.5026331979920142,0.3162100456621005,0.92,0.1589376664883424
足立区|西新井本町1丁目,足立区,西新井本町一丁目,3409.0,0.004098207820734006,0.0642857142857143,0.11,0.0002634562170471862
足立区|西新井本町2丁目,足立区,西新井本町二丁目,3712.0,0.0,0.0,0.0,0.0
足立区|西新井本町3丁目,足立区,西新井本町三丁目,1365.0,0.0,0.0,0.0,0.0
足立区|西新井本町4丁目,足立区,西新井本町四丁目,4267.0,0.0,0.0,0.0,0.0
足立区|西新井本町5丁目,足立区,西新井本町五丁目,2604.0,0.4585060247018968,0.2402608695652174,0.71,0.11016105619576877
足立区|西伊興1丁目,足立区,西伊興一丁目,3443.0,0.0,0.0,0.0,0.0
足立区|西伊興2丁目,足立区,西伊興二丁目,1869.0,0.0,0.0,0.0,0.0
足立区|西伊興3丁目,足立区,西伊興三丁目,2172.0,0.0,0.0,0.0,0.0
足立区|西伊興4丁目,足立区,西伊興四丁目,1574.0,0.0,0.0,0.0,0.0
足立区|西伊興町,足立区,西伊興町,0.0,0.0,0.0,0.0,0.0
足立区|西加平1丁目,足立区,西加平一丁目,661.0,0.8860888957030683,0.9946191051995162,1.95,0.8813209445714132
足立区|西加平2丁目,足立区,西加平二丁目,697.0,0.9845994644956574,0.7807094017094016,1.57,0.7686860588498019
足立区|西竹の塚1丁目,足立区,西竹の塚一丁目,1988.0,0.0,0.0,0.0,0.0
足立区|西竹の塚2丁目,足立区,西竹の塚二丁目,1152.0,0.0,0.0,0.0,0.0
足立区|西保木間1丁目,足立区,西保木間一丁目,2136.0,0.0,0.0,0.0,0.0
足立区|西保木間2丁目,足立区,西保木間二丁目,3765.0,0.0,0.0,0.0,0.0
足立区|西保木間3丁目,足立区,西保木間三丁目,2085.0,0.0,0.0,0.0,0.0
足立区|西保木間4丁目,足立区,西保木間四丁目,2302.0,0.08859297428125011,3.0912865497076023,5.18,0.27386626979422
足立区|花畑1丁目,足立区,花畑一丁目,2047.0,0.7306833358537347,0.45624413145539905,1.44,0.3333699839355208
足立区|花畑2丁目,足立区,花畑二丁目,1779.0,0.9497274289598827,0.6901720958819915,1.82,0.6554753701618574
足立区|花畑3丁目,足立区,花畑三丁目,2614.0,0.8889108625201609,0.44433130699088147,1.38,0.39497092534197487
足立区|花畑4丁目,足立区,花畑四丁目,2525.0,0.7573793142544989,0.28226265822784813,1.49,0.2137798985282596
足立区|花畑5丁目,足立区,花畑五丁目,3240.0,0.7220777938911093,0.40137300843486406,1.17,0.28982253645808426
足立区|花畑6丁目,足立区,花畑六丁目,2888.0,0.91141756108722,0.5088925081433224,1.41,0.4638135686275452
足立区|花畑7丁目,足立区,花畑七丁目,1172.0,0.8177174339718613,0.5006622998544396,1.99,0.40940029112342285
足立区|花畑8丁目,足立区,花畑八丁目,1912.0,0.6443680665651352,0.9499917830731307,2.18,0.6121443685115986
足立区|東綾瀬1丁目,足立区,東綾瀬一丁目,4602.0,1.0,3.517327935222672,4.16,3.517327935222672
足立区|東綾瀬2丁目,足立区,東綾瀬二丁目,3641.0,0.9994364957574543,3.5209318323952465,4.14,3.5189477723699776
足立区|東綾瀬3丁目,足立区,東綾瀬三丁目,2534.0,0.9980864177111638,3.535084525357607,4.18,3.5283198502203437
足立区|東伊興1丁目,足立区,東伊興一丁目,2012.0,0.0036654054105488393,0.09666666666666666,0.15,0.00035432252301972113
足立区|東伊興2丁目,足立区,東伊興二丁目,1854.0,0.7047938113982323,1.1319531953195319,5.26,0.7977936068536605
足立区|東伊興3丁目,足立区,東伊興三丁目,2919.0,0.29510498506834393,0.7005223880597015,5.36,0.20672764886839884
足立区|東伊興4丁目,足立区,東伊興四丁目,416.0,0.0,0.0,0.0,0.0
足立区|東保木間1丁目,足立区,東保木間一丁目,3315.0,0.8389285815158791,0.431662908680947,1.08,0.3621343516727253
足立区|東保木間2丁目,足立区,東保木間二丁目,2306.0,0.85002104725128,0.4362213740458015,1.39,0.37079734919980456
足立区|東六月町,足立区,東六月町,2010.0,0.039401942379741026,0.19609375,0.5,0.007726474638527342
足立区|一ツ家1丁目,足立区,一ツ家一丁目,1787.0,0.5054227297972178,0.17624103299856528,0.71,0.08907622400041641
足立区|一ツ家2丁目,足立区,一ツ家二丁目,2898.0,0.7668246388297038,0.279201646090535,0.75,0.21409870142403326
足立区|一ツ家3丁目,足立区,一ツ家三丁目,2145.0,0.6641947797429092,0.2422019230769231,0.64,0.16086925295138596
足立区|一ツ家4丁目,足立区,一ツ家四丁目,676.0,0.9216676784066724,0.44994805194805193,1.23,0.41470257644256586
足立区|日の出町,足立区,日ノ出町,4187.0,0.0,0.0,0.0,0.0
足立区|平野1丁目,足立区,平野一丁目,1941.0,0.03899180914480868,0.08927536231884058,0.2,0.0034810078888698765
足立区|平野2丁目,足立区,平野二丁目,1025.0,0.0,0.0,0.0,0.0
足立区|平野3丁目,足立区,平野三丁目,2035.0,0.05467277552601922,0.13204545454545455,0.44,0.007219291495594811
足立区|保木間1丁目,足立区,保木間一丁目,4282.0,0.20675295207195685,0.1876611418047882,0.58,0.03879949505733407
足立区|保木間2丁目,足立区,保木間二丁目,2263.0,0.2182305474259137,0.16082788671023968,0.56,0.035097557758128436
足立区|保木間3丁目,足立区,保木間三丁目,2524.0,0.19705616199135825,0.17928057553956836,0.57,0.035328342135429125
足立区|保木間4丁目,足立区,保木間四丁目,2750.0,0.12424747151021594,0.10865319865319867,0.28,0.013499885204157134
足立区|保木間5丁目,足立区,保木間五丁目,3064.0,0.1999403909556027,0.14842990654205607,0.43,0.02967713354352226
足立区|保塚町,足立区,保塚町,3633.0,0.6904786300739157,0.27490489130434786,0.8,0.18981595274844482
足立区|堀之内1丁目,足立区,堀之内一丁目,562.0,0.0,0.0,0.0,0.0
足立区|堀之内2丁目,足立区,堀之内二丁目,770.0,0.0,0.0,0.0,0.0
足立区|南花畑1丁目,足立区,南花畑一丁目,2287.0,0.8583503399288037,0.5409492419248517,1.12,0.46432396569042517
足立区|南花畑2丁目,足立区,南花畑二丁目,4447.0,0.9958055437733466,0.6000253324889171,1.05,0.5975085524969092
足立区|南花畑3丁目,足立区,南花畑三丁目,3483.0,0.8966669339776341,0.48419396551724136,2.63,0.4341607185108171
足立区|南花畑4丁目,足立区,南花畑四丁目,3042.0,0.9675391527804722,0.773789077212806,1.6,0.7486712281972617
足立区|南花畑5丁目,足立区,南花畑五丁目,2590.0,0.9149760049891047,0.49286238532110094,1.22,0.4509572563305017
足立区|宮城1丁目,足立区,宮城一丁目,3537.0,0.0,0.0,0.0,0.0
足立区|宮城2丁目,足立区,宮城二丁目,454.0,0.009868766208308658,0.21861386138613864,1.16,0.002157449087915398
足立区|六木1丁目,足立区,六木一丁目,3014.0,0.9759933252779317,2.5467164948453607,3.47,2.485578300344282
足立区|六木2丁目,足立区,六木二丁目,1132.0,0.7714185873541174,2.1760663082437275,3.52,1.6786579974942657
足立区|六木3丁目,足立区,六木三丁目,3086.0,0.90456696358761,1.9671328671328672,3.55,1.7794034045957672
足立区|六木4丁目,足立区,六木四丁目,1628.0,0.9645548948449826,2.103576763485477,2.95,2.029015263902083
足立区|本木1丁目,足立区,本木一丁目,1655.0,0.8999067006405481,0.3345784023668639,1.25,0.30108934617955024
足立区|本木2丁目,足立区,本木二丁目,2197.0,0.7310919044975217,0.2541651031894934,0.73,0.18581804934761587
足立区|本木北町,足立区,本木北町,1472.0,0.07189034742077265,0.17892307692307693,0.45,0.01286284216159363
足立区|本木西町,足立区,本木西町,1069.0,0.9633599172765909,0.4063813953488372,0.95,0.3914915474060014
足立区|本木東町,足立区,本木東町,1624.0,0.08517536093749198,0.13772727272727273,0.47,0.011730970165481849
足立区|本木南町,足立区,本木南町,1715.0,0.7489815087464741,0.31615806805708013,0.92,0.23679654681576232
足立区|谷在家1丁目,足立区,谷在家一丁目,1940.0,0.0,0.0,0.0,0.0
足立区|谷在家2丁目,足立区,谷在家二丁目,1694.0,0.0,0.0,0.0,0.0
足立区|谷在家3丁目,足立区,谷在家三丁目,2338.0,0.0,0.0,0.0,0.0
足立区|谷中1丁目,足立区,谷中一丁目,3798.0,1.0,3.5695485714285713,4.15,3.5695485714285713
足立区|谷中2丁目,足立区,谷中二丁目,1781.0,0.9993452226527383,3.190890451083773,4.41,3.1888011282988096
足立区|谷中3丁目,足立区,谷中三丁目,2184.0,0.9905202429908375,2.812561188811189,3.44,2.785898792167858
足立区|谷中4丁目,足立区,谷中四丁目,1977.0,1.0,1.8077277926038886,3.6,1.8077277926038886
足立区|谷中5丁目,足立区,谷中五丁目,1747.0,1.0,2.490852878464819,5.33,2.490852878464819
足立区|柳原1丁目,足立区,柳原一丁目,2636.0,0.6793434571290379,0.29350635593220337,1.12,0.19939162252832893
足立区|柳原2丁目,足立区,柳原二丁目,2639.0,0.43396256909131564,0.2308679245283019,0.61,0.10018803764908187
足立区|六月1丁目,足立区,六月一丁目,2967.0,0.0,0.0,0.0,0.0
足立区|六月2丁目,足立区,六月二丁目,3371.0,0.0,0.0,0.0,0.0
足立区|六月3丁目,足立区,六月三丁目,1895.0,0.0,0.0,0.0,0.0
足立区|六町1丁目,足立区,六町一丁目,2792.0,0.890600183301839,0.5534697986577182,1.48,0.4929203041365957
足立区|六町2丁目,足立区,六町二丁目,1275.0,0.9400898766332313,0.5715353121801433,1.26,0.5372945611189662
足立区|六町3丁目,足立区,六町三丁目,2131.0,0.9869242571146088,0.6131292008961912,2.1,0.6051120811097472
足立区|六町4丁目,足立区,六町四丁目,1232.0,0.937216035749838,0.6209703287890939,1.31,0.5819833498659881
葛飾区|青戸1丁目,葛飾区,青戸１丁目,1674.0,0.8374768640148142,3.254618434093161,3.79,2.725667639749146
葛飾区|青戸2丁目,葛飾区,青戸２丁目,1525.0,0.5414083627748374,2.052885682574917,3.19,1.1114494763667904
葛飾区|青戸3丁目,葛飾区,青戸３丁目,5663.0,0.9996949339214696,2.9753673986486486,3.49,2.9744597149841554
葛飾区|青戸4丁目,葛飾区,青戸４丁目,3876.0,1.0,3.0385032322227743,3.63,3.0385032322227743
葛飾区|青戸5丁目,葛飾区,青戸５丁目,3217.0,1.0,3.00560248447205,3.54,3.00560248447205
葛飾区|青戸6丁目,葛飾区,青戸６丁目,3705.0,0.8598768551847984,2.1659211096662334,3.2,1.8624254323581697
葛飾区|青戸7丁目,葛飾区,青戸７丁目,6345.0,0.8620406235922066,2.3887246489859595,3.46,2.0591776860019313
葛飾区|青戸8丁目,葛飾区,青戸８丁目,2782.0,0.9218658371599816,3.0205368472425573,3.71,2.7845297293558318
葛飾区|奥戸1丁目,葛飾区,奥戸１丁目,2004.0,0.7238757720645368,3.5686513486513487,4.48,2.5832602502341455
葛飾区|奥戸2丁目,葛飾区,奥戸２丁目,4760.0,0.7124486309983427,3.3396841066140177,4.68,2.37935336972408
葛飾区|奥戸3丁目,葛飾区,奥戸３丁目,3035.0,0.9992763633754949,4.0097444237918225,4.65,4.006842825871861
葛飾区|奥戸4丁目,葛飾区,奥戸４丁目,2434.0,0.9872932555447402,3.5794275274056035,4.37,3.533944656518738
葛飾区|奥戸5丁目,葛飾区,奥戸５丁目,1964.0,1.0,3.030287049399199,4.19,3.030287049399199
葛飾区|奥戸6丁目,葛飾区,奥戸６丁目,1911.0,0.9273757009763816,2.799454214675561,8.94,2.596145814686034
葛飾区|奥戸7丁目,葛飾区,奥戸７丁目,1702.0,0.768079768844835,2.6129514824797844,3.99,2.0069551706658415
葛飾区|奥戸8丁目,葛飾区,奥戸８丁目,1516.0,0.8306348470215045,2.428468899521531,3.26,2.0171708928505483
葛飾区|奥戸9丁目,葛飾区,奥戸９丁目,1417.0,0.6392579036380637,2.3319363395225463,4.8,1.4907087358206028
葛飾区|お花茶屋1丁目,葛飾区,お花茶屋１丁目,2085.0,0.9958774605246744,4.258285714285714,4.79,4.2407307633313565
葛飾区|お花茶屋2丁目,葛飾区,お花茶屋２丁目,1655.0,1.0,4.042156862745098,4.5,4.042156862745098
葛飾区|お花茶屋3丁目,葛飾区,お花茶屋３丁目,2966.0,0.9987745982056259,3.951544540229885,4.4,3.946702310459738
葛飾区|金町1丁目,葛飾区,金町１丁目,2861.0,0.9988530328185651,2.1996041055718476,2.91,2.197081231850607
葛飾区|金町2丁目,葛飾区,金町２丁目,3083.0,0.9976195469709724,1.5341146993318486,2.29,1.5304628113489485
葛飾区|金町3丁目,葛飾区,金町３丁目,4095.0,0.7881818802887784,1.0505764513491416,1.59,0.8280453228114788
葛飾区|金町4丁目,葛飾区,金町４丁目,2736.0,0.9791279706520472,2.8560138976626654,4.97,2.796403091772489
葛飾区|金町5丁目,葛飾区,金町５丁目,2913.0,1.0,1.764659717964439,2.75,1.764659717964439
葛飾区|金町6丁目,葛飾区,金町６丁目,3087.0,0.6015676376913442,1.031180904522613,2.38,0.620325060766092
葛飾区|金町浄水場,葛飾区,金町浄水場,0.0,0.34577621708951606,0.8814029850746268,6.65,0.30476818991051163
葛飾区|鎌倉1丁目,葛飾区,鎌倉１丁目,3012.0,0.9996536326049932,1.9488133640552994,2.99,1.948138358647037
葛飾区|鎌倉2丁目,葛飾区,鎌倉２丁目,2804.0,1.0,2.2173028785982476,2.88,2.2173028785982476
葛飾区|鎌倉3丁目,葛飾区,鎌倉３丁目,4710.0,1.0,1.5447570532915362,2.48,1.5447570532915362
葛飾区|鎌倉4丁目,葛飾区,鎌倉４丁目,3005.0,0.9990888977861301,1.9514888178913739,2.73,1.9497108121090507
葛飾区|亀有1丁目,葛飾区,亀有１丁目,4283.0,1.0,3.507515455950541,4.46,3.507515455950541
葛飾区|亀有2丁目,葛飾区,亀有２丁目,6017.0,0.9177304938780493,3.2982379156667805,3.91,3.026893511272182
葛飾区|亀有3丁目,葛飾区,亀有３丁目,7615.0,0.9648574747895566,2.696128205128205,3.75,2.6013794517088997
葛飾区|亀有4丁目,葛飾区,亀有４丁目,4004.0,0.9995236871224585,3.592591587516961,4.24,3.5908803898800796
葛飾区|亀有5丁目,葛飾区,亀有５丁目,5355.0,1.0,3.0521701112877584,6.34,3.0521701112877584
葛飾区|小菅1丁目,葛飾区,小菅１丁目,4916.0,0.45635148883935434,1.1934485006518905,2.73,0.5446320001255853
葛飾区|小菅2丁目,葛飾区,小菅２丁目,2861.0,0.9845054173007639,4.063113159242191,4.81,4.000156916379959
葛飾区|小菅3丁目,葛飾区,小菅３丁目,1977.0,0.7203724056594442,3.400979883192732,4.62,2.4499720600549235
葛飾区|小菅4丁目,葛飾区,小菅４丁目,2957.0,0.9982447749193759,3.4072025052192063,4.8,3.4012220979272803
葛飾区|柴又1丁目,葛飾区,柴又１丁目,4129.0,1.0,1.4771718146718147,2.48,1.4771718146718147
葛飾区|柴又2丁目,葛飾区,柴又２丁目,2622.0,0.9994862184451504,1.4838950480413895,2.17,1.483132650136373
葛飾区|柴又3丁目,葛飾区,柴又３丁目,3971.0,0.9964256460575163,1.1698733604703755,1.77,1.1656918190121714
葛飾区|柴又4丁目,葛飾区,柴又４丁目,3946.0,0.9993092578171392,1.4055322646937936,2.16,1.4045614042691976
葛飾区|柴又5丁目,葛飾区,柴又５丁目,3605.0,0.6030192920845738,1.5753852359822509,3.38,0.9499876897625062
葛飾区|柴又6丁目,葛飾区,柴又６丁目,3079.0,0.6484671487185618,1.1986095965103598,1.77,0.7772589474757788
葛飾区|柴又7丁目,葛飾区,柴又７丁目,1559.0,0.5816019898277871,0.8364005702067,1.44,0.48645223592531245
葛飾区|白鳥1丁目,葛飾区,白鳥１丁目,1491.0,0.9992308534497605,3.4865925925925927,4.31,3.4839108919279096
葛飾区|白鳥2丁目,葛飾区,白鳥２丁目,3785.0,0.999918498247981,3.3735882352941173,4.23,3.37331328194235
葛飾区|白鳥3丁目,葛飾区,白鳥３丁目,3281.0,0.9989082500755566,3.625452113429642,4.1,3.621494026358732
葛飾区|白鳥4丁目,葛飾区,白鳥４丁目,3932.0,0.9988016416049469,3.3418733509234833,3.99,3.3378685889382
葛飾区|新小岩1丁目,葛飾区,新小岩１丁目,4070.0,0.7090989575535463,4.1765125834617365,6.51,2.961560719141986
葛飾区|新小岩2丁目,葛飾区,新小岩２丁目,4990.0,1.0,4.457558372248165,6.64,4.457558372248165
葛飾区|新小岩3丁目,葛飾区,新小岩３丁目,4040.0,0.9974281759310981,4.422915343915345,5.27,4.411540383779148
葛飾区|新小岩4丁目,葛飾区,新小岩４丁目,3977.0,0.9994295521374524,4.295278947368421,4.84,4.292828714673849
葛飾区|高砂1丁目,葛飾区,高砂１丁目,2862.0,0.46347994243354856,2.2062969808995687,3.47,1.022574397698644
葛飾区|高砂2丁目,葛飾区,高砂２丁目,2887.0,0.7736271217705493,2.1182315583781146,3.04,1.638721383751606
葛飾区|高砂3丁目,葛飾区,高砂３丁目,4032.0,0.9997486433561689,2.3758045112781954,2.98,2.3752073370298414
葛飾区|高砂4丁目,葛飾区,高砂４丁目,1736.0,1.0,2.2637022132796782,2.94,2.2637022132796782
葛飾区|高砂5丁目,葛飾区,高砂５丁目,2509.0,0.9301930821396251,2.291371453138435,2.98,2.1314178743215924
葛飾区|高砂6丁目,葛飾区,高砂６丁目,1673.0,0.7308936248933953,1.57104932735426,3.59,1.1482699377562855
葛飾区|高砂7丁目,葛飾区,高砂７丁目,3068.0,0.9976856483780081,2.0870898437500003,2.82,2.0822595839848748
葛飾区|高砂8丁目,葛飾区,高砂８丁目,2205.0,1.0,2.4702170283806346,3.19,2.4702170283806346
葛飾区|宝町1丁目,葛飾区,宝町１丁目,3221.0,1.0,3.614644522144522,4.66,3.614644522144522
葛飾区|宝町2丁目,葛飾区,宝町２丁目,4413.0,1.0,3.9293533956893048,4.65,3.9293533956893048
葛飾区|立石1丁目,葛飾区,立石１丁目,1891.0,0.9967109842716894,4.074577603143418,4.81,4.061176253320458
葛飾区|立石2丁目,葛飾区,立石２丁目,3257.0,0.9985778364758918,4.236624242424242,4.69,4.230599069961314
葛飾区|立石3丁目,葛飾区,立石３丁目,2366.0,1.0,4.216112656467316,4.76,4.216112656467316
葛飾区|立石4丁目,葛飾区,立石４丁目,2402.0,1.0,3.7772660699755902,4.68,3.7772660699755902
葛飾区|立石5丁目,葛飾区,立石５丁目,3036.0,0.9995447977593843,3.4080032467532466,4.58,3.406451916039299
葛飾区|立石6丁目,葛飾区,立石６丁目,3484.0,1.0,3.2391750599520384,3.73,3.2391750599520384
葛飾区|立石7丁目,葛飾区,立石７丁目,1696.0,0.9998950022504003,3.3009714285714287,3.78,3.300624833999936
葛飾区|立石8丁目,葛飾区,立石８丁目,5019.0,0.8273454681362641,3.149612781954887,4.05,2.605817861534427
葛飾区|新宿1丁目,葛飾区,新宿１丁目,2633.0,0.8391967961959133,2.2433399209486167,2.92,1.8826036744384724
葛飾区|新宿2丁目,葛飾区,新宿２丁目,1845.0,0.7669363162202978,2.5257714958775033,3.97,1.9371058866625235
葛飾区|新宿3丁目,葛飾区,新宿３丁目,2461.0,1.0,2.096622383252818,3.07,2.096622383252818
葛飾区|新宿4丁目,葛飾区,新宿４丁目,2044.0,0.9982111122395719,2.8087072503419974,3.61,2.803682788319235
葛飾区|新宿5丁目,葛飾区,新宿５丁目,2112.0,0.8364991167174585,2.8978737541528234,6.62,2.4240688357075424
葛飾区|新宿6丁目,葛飾区,新宿６丁目,6377.0,0.8870647665922431,1.8669595499598177,5.78,1.656114037422265
葛飾区|西亀有1丁目,葛飾区,西亀有１丁目,3254.0,1.0,3.6189674143038513,4.31,3.6189674143038513
葛飾区|西亀有2丁目,葛飾区,西亀有２丁目,5189.0,1.0,3.476225117625769,4.11,3.476225117625769
葛飾区|西亀有3丁目,葛飾区,西亀有３丁目,4387.0,1.0,3.4623311092577147,4.16,3.4623311092577147
葛飾区|西亀有4丁目,葛飾区,西亀有４丁目,2563.0,1.0,3.3527424023154846,3.97,3.3527424023154846
葛飾区|西新小岩1丁目,葛飾区,西新小岩１丁目,2487.0,0.6386615265117239,3.2255813953488373,7.28,2.060054737841305
葛飾区|西新小岩2丁目,葛飾区,西新小岩２丁目,1094.0,0.4033134458093146,3.296086956521739,4.85,1.3293561881219191
葛飾区|西新小岩3丁目,葛飾区,西新小岩３丁目,3651.0,0.4423199393661874,4.095745328118209,5.14,1.8116298251925915
葛飾区|西新小岩4丁目,葛飾区,西新小岩４丁目,5812.0,0.999716589749686,4.317858744394619,6.28,4.31663501896705
葛飾区|西新小岩5丁目,葛飾区,西新小岩５丁目,3503.0,0.8197426884450328,4.050674872665534,4.88,3.320511110135586
葛飾区|西水元1丁目,葛飾区,西水元１丁目,2068.0,0.76639546504751,2.212021116138763,3.21,1.6952829519980794
葛飾区|西水元2丁目,葛飾区,西水元２丁目,2508.0,0.8141902715634922,2.2343545081967213,3.05,1.8191897037978015
葛飾区|西水元3丁目,葛飾区,西水元３丁目,2960.0,0.8899924708975014,2.242337581597762,3.21,1.9956635648325198
葛飾区|西水元4丁目,葛飾区,西水元４丁目,1584.0,0.7344868765830423,1.60068397720076,2.86,1.175681374810708
葛飾区|西水元5丁目,葛飾区,西水元５丁目,1544.0,1.0,2.1552489082969433,2.64,2.1552489082969433
葛飾区|西水元6丁目,葛飾区,西水元６丁目,1576.0,0.6783575303982152,1.9090149456521741,3.29,1.2949946640258918
葛飾区|東金町1丁目,葛飾区,東金町１丁目,5738.0,0.9733069187859588,1.5059437559580555,3.21,1.4657454769764888
葛飾区|東金町2丁目,葛飾区,東金町２丁目,3517.0,1.0,1.7351112288135593,2.56,1.7351112288135593
葛飾区|東金町3丁目,葛飾区,東金町３丁目,3062.0,0.9908915464687162,1.1845015479876162,2.09,1.1737125706800373
葛飾区|東金町4丁目,葛飾区,東金町４丁目,2944.0,0.9999005437606767,1.2005088932806325,2.59,1.2003894951808327
葛飾区|東金町5丁目,葛飾区,東金町５丁目,3851.0,0.8693507036653995,1.2186434782608695,2.24,1.0594285653433368
葛飾区|東金町6丁目,葛飾区,東金町６丁目,2507.0,0.4740831794224021,0.5741692150866463,1.4,0.2722039670147423
葛飾区|東金町7丁目,葛飾区,東金町７丁目,1903.0,0.24518304845895636,0.960146914789422,1.52,0.2354117475365323
葛飾区|東金町8丁目,葛飾区,東金町８丁目,940.0,0.18777323661341064,0.32728448275862065,1.21,0.06145526662093219
葛飾区|東新小岩1丁目,葛飾区,東新小岩１丁目,3920.0,0.9986052776062714,3.2085279642058167,6.94,3.2040529584032345
葛飾区|東新小岩2丁目,葛飾区,東新小岩２丁目,4042.0,1.0,3.6449042938437666,6.1,3.6449042938437666
葛飾区|東新小岩3丁目,葛飾区,東新小岩３丁目,3178.0,1.0,3.7452231718898386,4.56,3.7452231718898386
葛飾区|東新小岩4丁目,葛飾区,東新小岩４丁目,2339.0,0.9987192293222239,3.8635990481856037,4.39,3.858650663814004
葛飾区|東新小岩5丁目,葛飾区,東新小岩５丁目,3359.0,1.0,4.084603746397694,4.58,4.084603746397694
葛飾区|東新小岩6丁目,葛飾区,東新小岩６丁目,3117.0,1.0,3.8375455158462577,4.3,3.8375455158462577
葛飾区|東新小岩7丁目,葛飾区,東新小岩７丁目,3430.0,0.9987267951427413,3.8874518950437316,4.54,3.8825023724086023
葛飾区|東新小岩8丁目,葛飾区,東新小岩８丁目,3664.0,0.9432308357244913,3.9072236773179676,4.54,3.6854138545191466
葛飾区|東立石1丁目,葛飾区,東立石１丁目,2265.0,0.8640944751306298,4.077398879900436,4.92,3.5232578450257845
葛飾区|東立石2丁目,葛飾区,東立石２丁目,2113.0,0.9968199206257297,4.318976207642394,5.18,4.305241520486506
葛飾区|東立石3丁目,葛飾区,東立石３丁目,2562.0,1.0,4.45023890784983,5.02,4.45023890784983
葛飾区|東立石4丁目,葛飾区,東立石４丁目,4574.0,0.7711118328100316,3.319792147806005,4.22,2.5599310076430397
葛飾区|東堀切1丁目,葛飾区,東堀切１丁目,2514.0,1.0,3.967776892430279,4.59,3.967776892430279
葛飾区|東堀切2丁目,葛飾区,東堀切２丁目,3727.0,1.0,3.6449145550972304,4.45,3.6449145550972304
葛飾区|東堀切3丁目,葛飾区,東堀切３丁目,2234.0,0.9993842417271416,3.7192949907235624,4.34,3.7170048040638233
葛飾区|東水元1丁目,葛飾区,東水元１丁目,1877.0,1.0,1.4161384335154827,2.11,1.4161384335154827
葛飾区|東水元2丁目,葛飾区,東水元２丁目,2554.0,0.9787651153787462,1.409192546583851,2.3,1.3792685054480123
葛飾区|東水元3丁目,葛飾区,東水元３丁目,1258.0,0.9927540393367555,1.7198849748382459,2.32,1.7074227559652628
葛飾区|東水元4丁目,葛飾区,東水元４丁目,1363.0,0.9846344594382098,1.4604063360881545,2.21,1.4379664032942965
葛飾区|東水元5丁目,葛飾区,東水元５丁目,2193.0,0.9900979666360517,1.4385302430751836,2.39,1.4242858686132045
葛飾区|東水元6丁目,葛飾区,東水元６丁目,501.0,0.8349860396425309,1.3772648335745297,2.3,1.149996908925326
葛飾区|東四つ木1丁目,葛飾区,東四つ木１丁目,1992.0,0.46008876463085513,3.7460104986876637,4.75,1.7234973426354208
葛飾区|東四つ木2丁目,葛飾区,東四つ木２丁目,4193.0,0.8900702807785278,4.130858524788392,4.74,3.6767544070147795
葛飾区|東四つ木3丁目,葛飾区,東四つ木３丁目,3146.0,0.5024046153759577,3.449607948442535,4.41,1.7330989545351183
葛飾区|東四つ木4丁目,葛飾区,東四つ木４丁目,4464.0,0.9975427380428142,3.8855004468275247,4.76,3.8759527543949073
葛飾区|細田1丁目,葛飾区,細田１丁目,1962.0,0.9952175060414105,2.228529411764706,2.75,2.217871483316402
葛飾区|細田2丁目,葛飾区,細田２丁目,356.0,0.6661250952958853,2.044531722054381,2.68,1.3619138881889348
葛飾区|細田3丁目,葛飾区,細田３丁目,3175.0,0.8636696765626095,2.2777128393925445,2.95,1.967191511300662
葛飾区|細田4丁目,葛飾区,細田４丁目,3716.0,1.0,2.1741324786324787,2.73,2.1741324786324787
葛飾区|細田5丁目,葛飾区,細田５丁目,2297.0,1.0,2.1389395017793595,2.7,2.1389395017793595
葛飾区|堀切1丁目,葛飾区,堀切１丁目,5143.0,0.6099293079844426,3.8514226945491945,4.42,2.3490955788419674
葛飾区|堀切2丁目,葛飾区,堀切２丁目,5784.0,0.6981317777720895,4.19346242205448,4.9,2.927589375729346
葛飾区|堀切3丁目,葛飾区,堀切３丁目,3022.0,1.0,3.9767257112184646,4.75,3.9767257112184646
葛飾区|堀切4丁目,葛飾区,堀切４丁目,3769.0,0.6268392844894927,4.011538155802862,4.81,2.514589707285765
葛飾区|堀切5丁目,葛飾区,堀切５丁目,3051.0,0.9837540644567104,3.9880473013947846,4.66,3.923257741992735
葛飾区|堀切6丁目,葛飾区,堀切６丁目,2626.0,1.0,3.9656114214773437,4.48,3.9656114214773437
葛飾区|堀切7丁目,葛飾区,堀切７丁目,2890.0,1.0,3.8726097271648867,4.34,3.8726097271648867
葛飾区|堀切8丁目,葛飾区,堀切８丁目,2503.0,0.9972659929529776,3.7086135895676047,4.33,3.698474213879044
葛飾区|水元1丁目,葛飾区,水元１丁目,2335.0,0.9996486845495028,2.0408627314006287,3.48,2.0401457447907436
葛飾区|水元2丁目,葛飾区,水元２丁目,2987.0,1.0,2.0771467391304346,2.64,2.0771467391304346
葛飾区|水元3丁目,葛飾区,水元３丁目,3149.0,0.9991526918491501,1.912364217252396,2.54,1.9107438554637244
葛飾区|水元4丁目,葛飾区,水元４丁目,3309.0,0.9994075376942193,1.9658387395736792,2.59,1.9646740542212384
葛飾区|水元5丁目,葛飾区,水元５丁目,1557.0,0.9932432107096469,1.736856946354883,2.4,1.7251213699408772
葛飾区|水元公園,葛飾区,水元公園,0.0,0.8849797323007631,1.1895006541648494,3.34,1.052683970494391
葛飾区|南水元1丁目,葛飾区,南水元１丁目,3505.0,0.8387992244625087,2.340144742443593,2.91,1.9629115950917027
葛飾区|南水元2丁目,葛飾区,南水元２丁目,2701.0,0.8198357969828584,2.2363489871086557,4.46,1.8334389541780327
葛飾区|南水元3丁目,葛飾区,南水元３丁目,3854.0,1.0,1.630360576923077,2.37,1.630360576923077
葛飾区|南水元4丁目,葛飾区,南水元４丁目,3449.0,0.9991781926049446,1.887856336968785,2.63,1.8863048826702618
葛飾区|四つ木1丁目,葛飾区,四つ木１丁目,2650.0,0.6131847692069055,3.5069709070165427,5.35,2.1504211462342706
葛飾区|四つ木2丁目,葛飾区,四つ木２丁目,2211.0,1.0,3.6322883720930235,4.6,3.6322883720930235
葛飾区|四つ木3丁目,葛飾区,四つ木３丁目,2207.0,0.4848104351654279,3.746538158929976,4.37,1.8163607951947227
葛飾区|四つ木4丁目,葛飾区,四つ木４丁目,3781.0,0.9991114465323375,3.6332616651418115,4.35,3.6300333178903244
葛飾区|四つ木5丁目,葛飾区,四つ木５丁目,2473.0,1.0,3.798032786885246,4.65,3.798032786885246
江戸川区|小松川1丁目,江戸川区,小松川１丁目,5144.0,0.24870514257009235,1.8125179856115108,5.17,0.4507825440223674
江戸川区|小松川2丁目,江戸川区,小松川２丁目,4501.0,0.5031928850471477,3.584470198675497,7.31,1.8036799006370459
江戸川区|小松川3丁目,江戸川区,小松川３丁目,4913.0,0.6873400729180776,4.349078590785908,6.54,2.989295995717236
江戸川区|小松川4丁目,江戸川区,小松川４丁目,1312.0,0.49844170570716423,4.655028571428572,5.73,2.3202603812584415
江戸川区|平井1丁目,江戸川区,平井１丁目,3578.0,0.6023276637631906,5.099297321036452,6.19,3.0714478422137823
江戸川区|平井2丁目,江戸川区,平井２丁目,3897.0,0.9631758953387624,5.382765957446808,6.21,5.184550420462839
江戸川区|平井3丁目,江戸川区,平井３丁目,5286.0,0.9047659661802657,4.662130358705162,5.99,4.218136878452224
江戸川区|平井4丁目,江戸川区,平井４丁目,7244.0,0.7153210757010974,5.211257924591258,8.22,3.7277226243744868
江戸川区|平井5丁目,江戸川区,平井５丁目,4217.0,0.8098061202101913,5.0742810323637855,5.94,4.109183835674681
江戸川区|平井6丁目,江戸川区,平井６丁目,7246.0,0.7262218139269075,4.973867038822634,6.39,3.6121307431650296
江戸川区|平井7丁目,江戸川区,平井７丁目,9050.0,0.7699903200243831,4.101634413616227,6.21,3.1582187947633815
江戸川区|中央1丁目,江戸川区,中央１丁目,3942.0,1.0,4.960808979246082,5.52,4.960808979246082
江戸川区|中央2丁目,江戸川区,中央２丁目,4366.0,1.0,4.4318426966292135,5.48,4.4318426966292135
江戸川区|中央3丁目,江戸川区,中央３丁目,2620.0,1.0,4.661880521665966,5.37,4.661880521665966
江戸川区|中央4丁目,江戸川区,中央４丁目,3452.0,1.0,4.554211502782931,5.35,4.554211502782931
江戸川区|松島1丁目,江戸川区,松島１丁目,3467.0,0.7966448186847822,4.656497220015885,5.68,3.7095743835457475
江戸川区|松島2丁目,江戸川区,松島２丁目,3949.0,0.5827279201511507,4.607596491228071,5.23,2.6849751202290735
江戸川区|松島3丁目,江戸川区,松島３丁目,6224.0,1.0,4.589726818006926,5.14,4.589726818006926
江戸川区|松島4丁目,江戸川区,松島４丁目,4552.0,0.46946621286630424,4.60809293320426,5.06,2.163343937887383
江戸川区|松江1丁目,江戸川区,松江１丁目,2385.0,0.9984151704749872,4.949875742841707,5.43,4.9420310336193065
江戸川区|松江2丁目,江戸川区,松江２丁目,4874.0,1.0,4.804410909090909,5.53,4.804410909090909
江戸川区|松江3丁目,江戸川区,松江３丁目,2303.0,0.9928009787614348,5.006177285318559,5.53,4.9701377087175285
江戸川区|松江4丁目,江戸川区,松江４丁目,3443.0,1.0,4.9120278044103545,5.63,4.9120278044103545
江戸川区|松江5丁目,江戸川区,松江５丁目,3699.0,0.9998023045577359,4.521166448230668,5.35,4.520272634230135
江戸川区|松江6丁目,江戸川区,松江６丁目,1190.0,1.0,4.371672095548317,5.12,4.371672095548317
江戸川区|松江7丁目,江戸川区,松江７丁目,4143.0,1.0,4.394272997032641,5.21,4.394272997032641
江戸川区|東小松川1丁目,江戸川区,東小松川１丁目,1595.0,1.0,4.665318761384335,5.68,4.665318761384335
江戸川区|東小松川2丁目,江戸川区,東小松川２丁目,3188.0,1.0,4.7530323242688555,5.43,4.7530323242688555
江戸川区|東小松川3丁目,江戸川区,東小松川３丁目,2946.0,0.5310632947416966,4.88375,5.62,2.5935803656947605
江戸川区|東小松川4丁目,江戸川区,東小松川４丁目,4033.0,0.6620233870922855,4.616008984105045,5.92,3.055905902505642
江戸川区|西小松川町,江戸川区,西小松川町,3115.0,0.44370406159775255,4.617149779735683,5.79,2.048648110273891
江戸川区|西一之江1丁目,江戸川区,西一之江１丁目,1731.0,1.0,3.3375529411764706,4.5,3.3375529411764706
江戸川区|西一之江2丁目,江戸川区,西一之江２丁目,1947.0,1.0,2.6905652620760536,3.62,2.6905652620760536
江戸川区|西一之江3丁目,江戸川区,西一之江３丁目,3961.0,0.9961860098984755,3.8714053030303033,4.87,3.856639801525556
江戸川区|西一之江4丁目,江戸川区,西一之江４丁目,1805.0,0.9983062589577163,4.3722423288749015,5.16,4.364836882595676
江戸川区|一之江町,江戸川区,一之江町,787.0,0.9981663389752403,3.9831948881789137,4.63,3.975891058958438
江戸川区|一之江1丁目,江戸川区,一之江１丁目,1526.0,0.7809317078385802,2.3983934169278998,3.39,1.8729814671503127
江戸川区|一之江2丁目,江戸川区,一之江２丁目,1809.0,0.7765931449168283,2.6302602523659306,3.5,2.0426420813345887
江戸川区|一之江3丁目,江戸川区,一之江３丁目,2963.0,0.7640160277378909,2.5428416616496086,3.19,1.942771785499952
江戸川区|一之江4丁目,江戸川区,一之江４丁目,2065.0,0.9994865066752068,2.9540469738030715,4.49,2.9525300904008978
江戸川区|一之江5丁目,江戸川区,一之江５丁目,2318.0,1.0,2.9677592165898616,4.47,2.9677592165898616
江戸川区|一之江6丁目,江戸川区,一之江６丁目,3553.0,0.9985400330401876,3.937980343980344,4.85,3.932231022789742
江戸川区|一之江7丁目,江戸川区,一之江７丁目,5116.0,0.9983629176794697,3.6236049382716047,4.85,3.617672798690574
江戸川区|一之江8丁目,江戸川区,一之江８丁目,1544.0,1.0,2.6045652173913045,3.29,2.6045652173913045
江戸川区|二之江町,江戸川区,二之江町,713.0,0.994014076727757,3.7134589041095887,4.73,3.691230424034961
江戸川区|春江町1丁目,江戸川区,春江町１丁目,732.0,1.0,2.1449517684887462,2.84,2.1449517684887462
江戸川区|春江町2丁目,江戸川区,春江町２丁目,4500.0,0.9142704522004605,2.2786235331430382,3.35,2.083278168041297
江戸川区|春江町3丁目,江戸川区,春江町３丁目,4727.0,0.8342752941221904,2.810407475490196,3.63,2.344653523217786
江戸川区|春江町4丁目,江戸川区,春江町４丁目,1521.0,0.997877514730107,3.7623562152133583,4.94,3.7543706695664776
江戸川区|春江町5丁目,江戸川区,春江町５丁目,4603.0,0.9985321587028605,4.061404021937843,5.06,4.055442525390074
江戸川区|東瑞江1丁目,江戸川区,東瑞江１丁目,2316.0,1.0,2.832808564231738,3.82,2.832808564231738
江戸川区|東瑞江2丁目,江戸川区,東瑞江２丁目,3155.0,0.9993496008070679,2.754315105576611,3.73,2.7525237012548636
江戸川区|東瑞江3丁目,江戸川区,東瑞江３丁目,2492.0,1.0,2.7326277372262773,3.17,2.7326277372262773
江戸川区|西瑞江3丁目,江戸川区,西瑞江３丁目,7722.0,0.9496741968800725,2.541376549586777,3.3,2.413479733698672
江戸川区|西瑞江4丁目,江戸川区,西瑞江４丁目,3435.0,0.7983133083855416,2.7034007352941174,3.33,2.1581607848845525
江戸川区|西瑞江5丁目,江戸川区,西瑞江５丁目,3792.0,0.9998087049774153,3.2644923504867873,4.36,3.263867869348873
江戸川区|江戸川1丁目,江戸川区,江戸川１丁目,5039.0,0.9257030354467263,3.2756364288275366,4.39,3.032266585185525
江戸川区|江戸川2丁目,江戸川区,江戸川２丁目,5822.0,0.803573526368062,2.6890920881971465,3.95,2.160883212041037
江戸川区|江戸川3丁目,江戸川区,江戸川３丁目,3561.0,0.7883393291472471,2.4855546425636814,3.66,1.9594604794774781
江戸川区|江戸川4丁目,江戸川区,江戸川４丁目,1302.0,0.58916883082812,1.828211462450593,3.25,1.0771252098385833
江戸川区|江戸川5丁目,江戸川区,江戸川５丁目,3915.0,0.8269296317467424,2.7832054176072236,4.48,2.30151503105748
江戸川区|江戸川6丁目,江戸川区,江戸川６丁目,4033.0,0.975534129408104,3.3904154495293737,5.29,3.3074659838884233
江戸川区|東小岩1丁目,江戸川区,東小岩１丁目,4053.0,0.8033924229090431,2.1043141592920356,2.56,1.6905900509954346
江戸川区|東小岩2丁目,江戸川区,東小岩２丁目,1708.0,0.6011195549036672,2.2537317620650956,3.05,1.354762233684828
江戸川区|東小岩3丁目,江戸川区,東小岩３丁目,2677.0,0.5604894609445271,2.2064832904884324,3.36,1.2367106300689679
江戸川区|東小岩4丁目,江戸川区,東小岩４丁目,3462.0,0.9960879222112932,2.001212278876171,2.67,1.993383380769492
江戸川区|東小岩5丁目,江戸川区,東小岩５丁目,3758.0,1.0,1.9642707117852973,2.42,1.9642707117852973
江戸川区|東小岩6丁目,江戸川区,東小岩６丁目,3328.0,0.9566512984749421,1.985938271604938,2.44,1.8998504262219462
江戸川区|西小岩1丁目,江戸川区,西小岩１丁目,5596.0,0.9304324421906425,2.097847843775427,2.99,1.951905692628344
江戸川区|西小岩2丁目,江戸川区,西小岩２丁目,2212.0,0.8654419574680781,2.4887957181088316,3.07,2.1539082380182784
江戸川区|西小岩3丁目,江戸川区,西小岩３丁目,5285.0,0.9965086250592612,2.291946366782007,3.48,2.283944322671507
江戸川区|西小岩4丁目,江戸川区,西小岩４丁目,3213.0,0.9990443213772248,1.8282411674347157,2.47,1.8264939564337206
江戸川区|西小岩5丁目,江戸川区,西小岩５丁目,3783.0,0.9983745844009096,1.8458575851393189,2.32,1.8428572994267343
江戸川区|南小岩1丁目,江戸川区,南小岩１丁目,1999.0,0.9939907658934866,1.977571277719113,2.35,1.965687588948982
江戸川区|南小岩2丁目,江戸川区,南小岩２丁目,3350.0,1.0,2.015507912200102,2.56,2.015507912200102
江戸川区|南小岩3丁目,江戸川区,南小岩３丁目,3338.0,1.0,1.9088781664656214,2.39,1.9088781664656214
江戸川区|南小岩4丁目,江戸川区,南小岩４丁目,3147.0,1.0,1.9205200789993417,2.39,1.9205200789993417
江戸川区|南小岩5丁目,江戸川区,南小岩５丁目,3654.0,0.8354898028340496,2.1101396070320577,2.98,1.7630001242315327
江戸川区|南小岩6丁目,江戸川区,南小岩６丁目,4410.0,0.9266837275888926,2.036154175588865,2.95,1.886870941380378
江戸川区|南小岩7丁目,江戸川区,南小岩７丁目,5404.0,1.0,1.7337010270064661,2.47,1.7337010270064661
江戸川区|南小岩8丁目,江戸川区,南小岩８丁目,3480.0,0.9992265623643061,1.7364209019327128,2.17,1.7350778886557525
江戸川区|北小岩1丁目,江戸川区,北小岩１丁目,2473.0,0.7204550972537851,1.9783451536643026,3.05,1.4253088500847695
江戸川区|北小岩2丁目,江戸川区,北小岩２丁目,5511.0,0.9983402898766054,2.04064085447263,2.51,2.037253982188249
江戸川区|北小岩3丁目,江戸川区,北小岩３丁目,2519.0,0.6335272111966859,2.3377567737870195,3.78,1.481032529353452
江戸川区|北小岩4丁目,江戸川区,北小岩４丁目,4467.0,0.4596876959752427,2.8567719298245615,4.04,1.3132229063478005
江戸川区|北小岩5丁目,江戸川区,北小岩５丁目,3179.0,1.0,2.3171223880597016,2.82,2.3171223880597016
江戸川区|北小岩6丁目,江戸川区,北小岩６丁目,4634.0,1.0,2.4125753424657534,3.44,2.4125753424657534
江戸川区|北小岩7丁目,江戸川区,北小岩７丁目,3201.0,0.6468558339132031,2.683876377575467,3.84,1.7360810923365255
江戸川区|北小岩8丁目,江戸川区,北小岩８丁目,3655.0,0.6074075211578234,2.5088199626865673,3.78,1.5238761145667108
江戸川区|鹿骨町,江戸川区,鹿骨町,122.0,0.9813493219549819,2.0853846153846156,2.29,2.0464907783230433
江戸川区|鹿骨1丁目,江戸川区,鹿骨１丁目,3663.0,0.9313599360218132,2.2186593591905566,2.76,2.066370438829914
江戸川区|鹿骨2丁目,江戸川区,鹿骨２丁目,3366.0,0.998946073947043,2.328235800344234,2.93,2.3257820119768238
江戸川区|鹿骨3丁目,江戸川区,鹿骨３丁目,1546.0,0.9987610393242059,2.1578488372093023,2.72,2.155175347355692
江戸川区|鹿骨4丁目,江戸川区,鹿骨４丁目,2654.0,1.0,2.107561761546724,2.64,2.107561761546724
江戸川区|鹿骨5丁目,江戸川区,鹿骨５丁目,2989.0,0.9989386052455527,2.0629482604817126,2.57,2.060758658019341
江戸川区|鹿骨6丁目,江戸川区,鹿骨６丁目,661.0,0.8126526287369688,2.1563607924921793,2.78,1.7523722665241026
江戸川区|興宮町,江戸川区,興宮町,3044.0,0.8541071179182739,3.3946718146718147,4.51,2.8994133599077405
江戸川区|篠崎町1丁目,江戸川区,篠崎町１丁目,3610.0,0.6573567762779811,2.3919960474308297,3.34,1.5723948106088028
江戸川区|篠崎町2丁目,江戸川区,篠崎町２丁目,4531.0,0.8220629444080976,2.527097516099356,3.11,2.0774332248910263
江戸川区|篠崎町3丁目,江戸川区,篠崎町３丁目,3801.0,0.5763557216340888,2.680902513328256,3.89,1.5451535026999492
江戸川区|篠崎町4丁目,江戸川区,篠崎町４丁目,4871.0,1.0,2.842331908278274,3.41,2.842331908278274
江戸川区|篠崎町5丁目,江戸川区,篠崎町５丁目,1977.0,1.0,2.6379374110953058,4.29,2.6379374110953058
江戸川区|篠崎町6丁目,江戸川区,篠崎町６丁目,2592.0,0.9994154308833205,2.7568528959507943,3.46,2.755241324888593
江戸川区|篠崎町7丁目,江戸川区,篠崎町７丁目,4574.0,1.0,2.453250554323725,3.12,2.453250554323725
江戸川区|篠崎町8丁目,江戸川区,篠崎町８丁目,599.0,0.9997807219471416,2.3898984771573604,3.0,2.38937442487276
江戸川区|東篠崎1丁目,江戸川区,東篠崎１丁目,1964.0,0.9256237592881256,2.5779448771719595,3.81,2.386207028445474
江戸川区|東篠崎2丁目,江戸川区,東篠崎２丁目,481.0,0.682254042562203,2.7025972927241964,4.27,1.8438579283787484
江戸川区|西篠崎1丁目,江戸川区,西篠崎１丁目,1145.0,1.0,2.1355724417426543,2.89,2.1355724417426543
江戸川区|西篠崎2丁目,江戸川区,西篠崎２丁目,2083.0,0.999523526706226,2.2156511056511055,2.72,2.214595407070942
江戸川区|南篠崎町1丁目,江戸川区,南篠崎町１丁目,4614.0,1.0,2.8850805801772763,3.78,2.8850805801772763
江戸川区|南篠崎町2丁目,江戸川区,南篠崎町２丁目,4450.0,0.9999805000683082,3.328322082931533,4.51,3.3282571808782677
江戸川区|南篠崎町3丁目,江戸川区,南篠崎町３丁目,2343.0,1.0,2.876943105110897,4.21,2.876943105110897
江戸川区|南篠崎町4丁目,江戸川区,南篠崎町４丁目,4734.0,0.998691011370998,2.7689743589743587,4.03,2.7653498030244634
江戸川区|南篠崎町5丁目,江戸川区,南篠崎町５丁目,3969.0,0.9978955622328973,3.0821196454948305,4.38,3.075633516510122
江戸川区|下篠崎町,江戸川区,下篠崎町,2525.0,0.99779626915661,2.6263119415109664,3.35,2.620524256881095
江戸川区|船堀1丁目,江戸川区,船堀１丁目,4534.0,0.5980029050613971,4.1999943598420755,6.63,2.5116088284270437
江戸川区|船堀2丁目,江戸川区,船堀２丁目,4036.0,0.5286094291731085,4.3714733395696905,5.35,2.3108020266753964
江戸川区|船堀3丁目,江戸川区,船堀３丁目,5903.0,0.9810887646158539,4.706534974093264,5.43,4.617528583354471
江戸川区|船堀4丁目,江戸川区,船堀４丁目,3465.0,0.9985730292201906,4.7542418032786875,5.37,4.747457639145261
江戸川区|船堀5丁目,江戸川区,船堀５丁目,3136.0,0.9947124141462547,4.486037473976405,5.19,4.462317165689636
江戸川区|船堀6丁目,江戸川区,船堀６丁目,2604.0,0.9838275752231438,4.515819672131148,5.35,4.44278791817776
江戸川区|船堀7丁目,江戸川区,船堀７丁目,3106.0,0.9759839037108807,4.158401294498383,5.14,4.058532728600912
江戸川区|宇喜田町,江戸川区,宇喜田町,4346.0,0.9730454137558603,4.417332007952286,5.36,4.298264651374938
江戸川区|新堀1丁目,江戸川区,新堀１丁目,2806.0,0.8516812792516633,2.0346649214659687,2.59,1.732886023162621
江戸川区|新堀2丁目,江戸川区,新堀２丁目,1968.0,1.0,2.278013029315961,2.91,2.278013029315961
江戸川区|東葛西1丁目,江戸川区,東葛西１丁目,5185.0,0.9300139089382617,3.3591688120632583,4.27,3.124073717690448
江戸川区|東葛西2丁目,江戸川区,東葛西２丁目,3718.0,0.9999402188902369,3.576371727748691,4.28,3.5761579282778806
江戸川区|東葛西3丁目,江戸川区,東葛西３丁目,1105.0,0.3282756918168258,2.949498886414254,4.0,0.9682487874505966
江戸川区|東葛西4丁目,江戸川区,東葛西４丁目,6322.0,0.8777521219796296,3.4674119947848765,4.96,3.0435282362000455
江戸川区|東葛西5丁目,江戸川区,東葛西５丁目,8216.0,0.9978860788928418,3.9058945027009853,4.79,3.8976377498693924
江戸川区|東葛西6丁目,江戸川区,東葛西６丁目,7862.0,1.0,3.9888073100352677,5.06,3.9888073100352677
江戸川区|東葛西7丁目,江戸川区,東葛西７丁目,3448.0,0.9986081723858076,3.7876293823038396,4.85,3.7823576551372224
江戸川区|東葛西8丁目,江戸川区,東葛西８丁目,5436.0,1.0,3.070136452241715,4.47,3.070136452241715
江戸川区|東葛西9丁目,江戸川区,東葛西９丁目,5260.0,0.7810519067967545,2.913156565656566,4.84,2.2753264904035455
江戸川区|西葛西1丁目,江戸川区,西葛西１丁目,2672.0,0.46434833649944635,4.658629329403095,5.92,2.1632267794758584
江戸川区|西葛西2丁目,江戸川区,西葛西２丁目,10161.0,0.46006551552717284,4.789302424500213,9.83,2.2033928889432293
江戸川区|西葛西3丁目,江戸川区,西葛西３丁目,8857.0,1.0,4.345497609734898,5.27,4.345497609734898
江戸川区|西葛西4丁目,江戸川区,西葛西４丁目,3809.0,0.9997028801992957,4.283710601719198,4.89,4.28243782647894
江戸川区|西葛西5丁目,江戸川区,西葛西５丁目,5246.0,0.998692585624663,3.901591865357644,4.62,3.8964908680661776
江戸川区|西葛西6丁目,江戸川区,西葛西６丁目,5891.0,1.0,3.798255066732575,4.99,3.798255066732575
江戸川区|西葛西7丁目,江戸川区,西葛西７丁目,4683.0,0.9942956307499283,3.4206628787878786,4.53,3.4011501546472593
江戸川区|西葛西8丁目,江戸川区,西葛西８丁目,4942.0,0.989279041163412,2.78762228838792,4.76,2.757736304582158
江戸川区|南葛西1丁目,江戸川区,南葛西１丁目,3045.0,0.9995457261043809,2.797546563904945,3.98,2.796275711529184
江戸川区|南葛西2丁目,江戸川区,南葛西２丁目,5454.0,0.9984355774055459,3.290028312570781,3.96,3.284881317942202
江戸川区|南葛西3丁目,江戸川区,南葛西３丁目,6151.0,1.0,2.074820548909219,3.52,2.074820548909219
江戸川区|南葛西4丁目,江戸川区,南葛西４丁目,4068.0,0.9932065365418797,2.94453781512605,3.78,2.924534205077938
江戸川区|南葛西5丁目,江戸川区,南葛西５丁目,6072.0,0.9175201674288818,1.869892016968762,3.62,1.715663636483108
江戸川区|南葛西6丁目,江戸川区,南葛西６丁目,6036.0,0.9138582442368619,2.7223382724972893,3.79,2.4878312739231845
江戸川区|南葛西7丁目,江戸川区,南葛西７丁目,3412.0,0.7999813797837817,1.6769089574155651,3.47,1.3414959415250867
江戸川区|北葛西1丁目,江戸川区,北葛西１丁目,3372.0,0.4953183970872684,3.411964744766802,5.29,1.6900089082961631
江戸川区|北葛西2丁目,江戸川区,北葛西２丁目,5554.0,0.7260020829329336,4.385662486368593,5.57,3.184000100144427
江戸川区|北葛西3丁目,江戸川区,北葛西３丁目,984.0,0.9992995986898459,4.515410062026189,5.59,4.512247462902862
江戸川区|北葛西4丁目,江戸川区,北葛西４丁目,5938.0,1.0,4.5682502011263075,5.31,4.5682502011263075
江戸川区|北葛西5丁目,江戸川区,北葛西５丁目,3421.0,0.9788838629568841,4.362197282929711,5.13,4.27008452729426
江戸川区|中葛西1丁目,江戸川区,中葛西１丁目,6211.0,0.993167240062519,4.232942045035068,5.1,4.204019368212073
江戸川区|中葛西2丁目,江戸川区,中葛西２丁目,3525.0,0.965947425422552,3.739385162601626,4.67,3.6120494704783312
江戸川区|中葛西3丁目,江戸川区,中葛西３丁目,5819.0,0.9989872351150472,3.7938553682342504,4.52,3.790013084738713
江戸川区|中葛西4丁目,江戸川区,中葛西４丁目,3407.0,1.0,3.960294117647059,4.72,3.960294117647059
江戸川区|中葛西5丁目,江戸川区,中葛西５丁目,7349.0,1.0,3.6896898311739297,4.52,3.6896898311739297
江戸川区|中葛西6丁目,江戸川区,中葛西６丁目,3579.0,1.0,3.7619908015768724,4.49,3.7619908015768724
江戸川区|中葛西7丁目,江戸川区,中葛西７丁目,5229.0,0.9965976091585493,3.5991090995712245,4.5,3.5868635237334616
江戸川区|中葛西8丁目,江戸川区,中葛西８丁目,3339.0,1.0,3.5468901795142553,4.55,3.5468901795142553
江戸川区|清新町1丁目,江戸川区,清新町１丁目,10566.0,0.07445857705345175,1.2290251572327044,5.44,0.09151146437044198
江戸川区|清新町2丁目,江戸川区,清新町２丁目,4227.0,0.03021949216130877,0.895921052631579,1.96,0.027074279227151502
江戸川区|臨海町1丁目,江戸川区,臨海町１丁目,2077.0,0.09336036091939102,2.332224409448819,3.97,0.21773731261115534
江戸川区|臨海町2丁目,江戸川区,臨海町２丁目,2302.0,0.08816813084661952,2.396927536231884,3.91,0.2113326206443581
江戸川区|臨海町3丁目,江戸川区,臨海町３丁目,0.0,0.14360312202343659,1.8073922413793106,3.97,0.2595471685830057
江戸川区|臨海町4丁目,江戸川区,臨海町４丁目,98.0,0.0,0.0,0.0,0.0
江戸川区|臨海町5丁目,江戸川区,臨海町５丁目,2543.0,0.12487466157400048,0.8483333333333334,2.11,0.10593533790194375
江戸川区|臨海町6丁目,江戸川区,臨海町６丁目,0.0,0.04864571668180184,1.3872774869109947,4.33,0.06748510758731431
江戸川区|大杉1丁目,江戸川区,大杉１丁目,2275.0,0.9961480601806193,3.210538793103448,3.89,3.1981719908846262
江戸川区|大杉2丁目,江戸川区,大杉２丁目,1892.0,1.0,2.8491984732824425,3.83,2.8491984732824425
江戸川区|大杉3丁目,江戸川区,大杉３丁目,1435.0,0.7798932172386238,2.351716535433071,3.37,1.8340877748521678
江戸川区|大杉4丁目,江戸川区,大杉４丁目,1944.0,0.8100610670428012,2.4345693430656934,3.19,1.9721498398334871
江戸川区|大杉5丁目,江戸川区,大杉５丁目,3243.0,0.9994165527087857,3.035512506130456,4.57,3.033741444581307
江戸川区|松本1丁目,江戸川区,松本１丁目,2230.0,0.9999305843579965,4.013288331726133,5.28,4.013009746740041
江戸川区|松本2丁目,江戸川区,松本２丁目,1899.0,0.7749701603232968,2.5588108379327648,4.44,1.983002045309744
江戸川区|上一色1丁目,江戸川区,上一色１丁目,1430.0,0.9972218778225264,4.272269303201506,4.93,4.260400417102142
江戸川区|上一色2丁目,江戸川区,上一色２丁目,1609.0,0.7989693748914088,3.235101645692159,4.79,2.584747139568832
江戸川区|上一色3丁目,江戸川区,上一色３丁目,1325.0,0.7975197150855542,2.995129490392648,7.5,2.388674817822286
江戸川区|本一色1丁目,江戸川区,本一色１丁目,4965.0,1.0,4.37571495109455,4.95,4.37571495109455
江戸川区|本一色2丁目,江戸川区,本一色２丁目,2139.0,0.997111722747569,4.291434806328423,4.95,4.279039952797015
江戸川区|本一色3丁目,江戸川区,本一色３丁目,3572.0,1.0,4.3393863471314456,4.95,4.3393863471314456
江戸川区|瑞江1丁目,江戸川区,瑞江１丁目,3699.0,1.0,2.3244206926036766,2.95,2.3244206926036766
江戸川区|瑞江2丁目,江戸川区,瑞江２丁目,3672.0,1.0,2.8461437535653165,5.04,2.8461437535653165
江戸川区|瑞江3丁目,江戸川区,瑞江３丁目,1797.0,0.9999770938882255,2.9006511627906977,3.57,2.900584720150944
江戸川区|瑞江4丁目,江戸川区,瑞江４丁目,1894.0,1.0,2.9774206092028517,3.92,2.9774206092028517
江戸川区|北篠崎1丁目,江戸川区,北篠崎１丁目,975.0,0.5915870282106235,2.13629179331307,2.61,1.2638025133968225
江戸川区|北篠崎2丁目,江戸川区,北篠崎２丁目,3415.0,0.5914356839715514,2.2359667743424088,3.02,1.3224305385208661
江戸川区|上篠崎1丁目,江戸川区,上篠崎１丁目,1312.0,0.5948700174815907,2.291665130568356,3.03,1.3632428762831499
江戸川区|上篠崎2丁目,江戸川区,上篠崎２丁目,2655.0,0.6655661948434147,2.2165182436611004,2.79,1.4752396132345273
江戸川区|上篠崎3丁目,江戸川区,上篠崎３丁目,2105.0,0.9956590550744717,2.1713730355665835,2.57,2.1619472248064118
江戸川区|上篠崎4丁目,江戸川区,上篠崎４丁目,2903.0,0.9998739755161972,2.231808401639344,2.81,2.2315271391375804
江戸川区|谷河内1丁目,江戸川区,谷河内１丁目,985.0,1.0,2.376686332350049,2.97,2.376686332350049
江戸川区|谷河内2丁目,江戸川区,谷河内２丁目,2036.0,1.0,2.1913714285714287,2.85,2.1913714285714287
江戸川区|東松本1丁目,江戸川区,東松本１丁目,1723.0,0.9986854660382827,2.025783505154639,2.51,2.0231205439380266
江戸川区|東松本2丁目,江戸川区,東松本２丁目,1163.0,0.7237680881604259,2.030008904719501,2.45,1.4692556639174736
